WS_ID,Yahoo_Symbol,Yahoo_Mapping_Status,Primary_Ticker,Primary_MIC,Primary_Currency
WS:XASX:360,360.AX,EXPLICIT,360,XASX,AUD
WS:XASX:4DX,4DX.AX,EXPLICIT,4DX,XASX,AUD
WS:XASX:A2M,A2M.AX,EXPLICIT,A2M,XASX,AUD
WS:XASX:AAI,AAI.AX,EXPLICIT,AAI,XASX,AUD
WS:XASX:AFI,AFI.AX,EXPLICIT,AFI,XASX,AUD
WS:XASX:AGL,AGL.AX,EXPLICIT,AGL,XASX,AUD
WS:XASX:AIA,AIA.AX,EXPLICIT,AIA,XASX,AUD
WS:XASX:ALD,ALD.AX,EXPLICIT,ALD,XASX,AUD
WS:XASX:ALK,ALK.AX,EXPLICIT,ALK,XASX,AUD
WS:XASX:ALL,ALL.AX,EXPLICIT,ALL,XASX,AUD
WS:XASX:ALQ,ALQ.AX,EXPLICIT,ALQ,XASX,AUD
WS:XASX:ALX,ALX.AX,EXPLICIT,ALX,XASX,AUD
WS:XASX:AMC,AMC.AX,EXPLICIT,AMC,XASX,AUD
WS:XASX:AMP,AMP.AX,EXPLICIT,AMP,XASX,AUD
WS:XASX:ANN,ANN.AX,EXPLICIT,ANN,XASX,AUD
WS:XASX:ANZ,ANZ.AX,EXPLICIT,ANZ,XASX,AUD
WS:XASX:APA,APA.AX,EXPLICIT,APA,XASX,AUD
WS:XASX:APE,APE.AX,EXPLICIT,APE,XASX,AUD
WS:XASX:ARB,ARB.AX,EXPLICIT,ARB,XASX,AUD
WS:XASX:ARG,ARG.AX,EXPLICIT,ARG,XASX,AUD
WS:XASX:ASB,ASB.AX,EXPLICIT,ASB,XASX,AUD
WS:XASX:ASK,ASK.AX,EXPLICIT,ASK,XASX,AUD
WS:XASX:ASX,ASX.AX,EXPLICIT,ASX,XASX,AUD
WS:XASX:AUB,AUB.AX,EXPLICIT,AUB,XASX,AUD
WS:XASX:AZJ,AZJ.AX,EXPLICIT,AZJ,XASX,AUD
WS:XASX:BEN,BEN.AX,EXPLICIT,BEN,XASX,AUD
WS:XASX:BFL,BFL.AX,EXPLICIT,BFL,XASX,AUD
WS:XASX:BGA,BGA.AX,EXPLICIT,BGA,XASX,AUD
WS:XASX:BGL,BGL.AX,EXPLICIT,BGL,XASX,AUD
WS:XASX:BHP,BHP.AX,EXPLICIT,BHP,XASX,AUD
WS:XASX:BOQ,BOQ.AX,EXPLICIT,BOQ,XASX,AUD
WS:XASX:BPT,BPT.AX,EXPLICIT,BPT,XASX,AUD
WS:XASX:BRG,BRG.AX,EXPLICIT,BRG,XASX,AUD
WS:XASX:BSL,BSL.AX,EXPLICIT,BSL,XASX,AUD
WS:XASX:BWP,BWP.AX,EXPLICIT,BWP,XASX,AUD
WS:XASX:BXB,BXB.AX,EXPLICIT,BXB,XASX,AUD
WS:XASX:CAR,CAR.AX,EXPLICIT,CAR,XASX,AUD
WS:XASX:CBA,CBA.AX,EXPLICIT,CBA,XASX,AUD
WS:XASX:CDA,CDA.AX,EXPLICIT,CDA,XASX,AUD
WS:XASX:CEN,CEN.AX,EXPLICIT,CEN,XASX,AUD
WS:XASX:CGF,CGF.AX,EXPLICIT,CGF,XASX,AUD
WS:XASX:CHC,CHC.AX,EXPLICIT,CHC,XASX,AUD
WS:XASX:CIA,CIA.AX,EXPLICIT,CIA,XASX,AUD
WS:XASX:CIP,CIP.AX,EXPLICIT,CIP,XASX,AUD
WS:XASX:CLW,CLW.AX,EXPLICIT,CLW,XASX,AUD
WS:XASX:CMM,CMM.AX,EXPLICIT,CMM,XASX,AUD
WS:XASX:CNU,CNU.AX,EXPLICIT,CNU,XASX,AUD
WS:XASX:COH,COH.AX,EXPLICIT,COH,XASX,AUD
WS:XASX:COL,COL.AX,EXPLICIT,COL,XASX,AUD
WS:XASX:CPU,CPU.AX,EXPLICIT,CPU,XASX,AUD
WS:XASX:CQR,CQR.AX,EXPLICIT,CQR,XASX,AUD
WS:XASX:CSC,CSC.AX,EXPLICIT,CSC,XASX,AUD
WS:XASX:CSL,CSL.AX,EXPLICIT,CSL,XASX,AUD
WS:XASX:CTD,CTD.AX,EXPLICIT,CTD,XASX,AUD
WS:XASX:CWY,CWY.AX,EXPLICIT,CWY,XASX,AUD
WS:XASX:CYL,CYL.AX,EXPLICIT,CYL,XASX,AUD
WS:XASX:DBI,DBI.AX,EXPLICIT,DBI,XASX,AUD
WS:XASX:DNL,DNL.AX,EXPLICIT,DNL,XASX,AUD
WS:XASX:DOW,DOW.AX,EXPLICIT,DOW,XASX,AUD
WS:XASX:DRO,DRO.AX,EXPLICIT,DRO,XASX,AUD
WS:XASX:DRR,DRR.AX,EXPLICIT,DRR,XASX,AUD
WS:XASX:DXS,DXS.AX,EXPLICIT,DXS,XASX,AUD
WS:XASX:DYL,DYL.AX,EXPLICIT,DYL,XASX,AUD
WS:XASX:EBO,EBO.AX,EXPLICIT,EBO,XASX,AUD
WS:XASX:EDV,EDV.AX,EXPLICIT,EDV,XASX,AUD
WS:XASX:EMR,EMR.AX,EXPLICIT,EMR,XASX,AUD
WS:XASX:EOS,EOS.AX,EXPLICIT,EOS,XASX,AUD
WS:XASX:EVN,EVN.AX,EXPLICIT,EVN,XASX,AUD
WS:XASX:EVT,EVT.AX,EXPLICIT,EVT,XASX,AUD
WS:XASX:FBU,FBU.AX,EXPLICIT,FBU,XASX,AUD
WS:XASX:FLT,FLT.AX,EXPLICIT,FLT,XASX,AUD
WS:XASX:FMG,FMG.AX,EXPLICIT,FMG,XASX,AUD
WS:XASX:FPH,FPH.AX,EXPLICIT,FPH,XASX,AUD
WS:XASX:FRW,FRW.AX,EXPLICIT,FRW,XASX,AUD
WS:XASX:GDG,GDG.AX,EXPLICIT,GDG,XASX,AUD
WS:XASX:GGP,GGP.AX,EXPLICIT,GGP,XASX,AUD
WS:XASX:GMD,GMD.AX,EXPLICIT,GMD,XASX,AUD
WS:XASX:GMG,GMG.AX,EXPLICIT,GMG,XASX,AUD
WS:XASX:GNE,GNE.AX,EXPLICIT,GNE,XASX,AUD
WS:XASX:GPT,GPT.AX,EXPLICIT,GPT,XASX,AUD
WS:XASX:GQG,GQG.AX,EXPLICIT,GQG,XASX,AUD
WS:XASX:HDN,HDN.AX,EXPLICIT,HDN,XASX,AUD
WS:XASX:HUB,HUB.AX,EXPLICIT,HUB,XASX,AUD
WS:XASX:HVN,HVN.AX,EXPLICIT,HVN,XASX,AUD
WS:XASX:IAG,IAG.AX,EXPLICIT,IAG,XASX,AUD
WS:XASX:IFL,IFL.AX,EXPLICIT,IFL,XASX,AUD
WS:XASX:IFT,IFT.AX,EXPLICIT,IFT,XASX,AUD
WS:XASX:IGO,IGO.AX,EXPLICIT,IGO,XASX,AUD
WS:XASX:ILU,ILU.AX,EXPLICIT,ILU,XASX,AUD
WS:XASX:IMD,IMD.AX,EXPLICIT,IMD,XASX,AUD
WS:XASX:JBH,JBH.AX,EXPLICIT,JBH,XASX,AUD
WS:XASX:JHX,JHX.AX,EXPLICIT,JHX,XASX,AUD
WS:XASX:L1G,L1G.AX,EXPLICIT,L1G,XASX,AUD
WS:XASX:LLC,LLC.AX,EXPLICIT,LLC,XASX,AUD
WS:XASX:LNW,LNW.AX,EXPLICIT,LNW,XASX,AUD
WS:XASX:LOV,LOV.AX,EXPLICIT,LOV,XASX,AUD
WS:XASX:LSF,LSF.AX,EXPLICIT,LSF,XASX,AUD
WS:XASX:LTR,LTR.AX,EXPLICIT,LTR,XASX,AUD
WS:XASX:LYC,LYC.AX,EXPLICIT,LYC,XASX,AUD
WS:XASX:MCY,MCY.AX,EXPLICIT,MCY,XASX,AUD
WS:XASX:MEZ,MEZ.AX,EXPLICIT,MEZ,XASX,AUD
WS:XASX:MFF,MFF.AX,EXPLICIT,MFF,XASX,AUD
WS:XASX:MFG,MFG.AX,EXPLICIT,MFG,XASX,AUD
WS:XASX:MGR,MGR.AX,EXPLICIT,MGR,XASX,AUD
WS:XASX:MIN,MIN.AX,EXPLICIT,MIN,XASX,AUD
WS:XASX:MND,MND.AX,EXPLICIT,MND,XASX,AUD
WS:XASX:MPL,MPL.AX,EXPLICIT,MPL,XASX,AUD
WS:XASX:MQG,MQG.AX,EXPLICIT,MQG,XASX,AUD
WS:XASX:MSB,MSB.AX,EXPLICIT,MSB,XASX,AUD
WS:XASX:MTS,MTS.AX,EXPLICIT,MTS,XASX,AUD
WS:XASX:MXT,MXT.AX,EXPLICIT,MXT,XASX,AUD
WS:XASX:NAB,NAB.AX,EXPLICIT,NAB,XASX,AUD
WS:XASX:NEM,NEM.AX,EXPLICIT,NEM,XASX,AUD
WS:XASX:NHC,NHC.AX,EXPLICIT,NHC,XASX,AUD
WS:XASX:NHF,NHF.AX,EXPLICIT,NHF,XASX,AUD
WS:XASX:NIC,NIC.AX,EXPLICIT,NIC,XASX,AUD
WS:XASX:NSR,NSR.AX,EXPLICIT,NSR,XASX,AUD
WS:XASX:NST,NST.AX,EXPLICIT,NST,XASX,AUD
WS:XASX:NWH,NWH.AX,EXPLICIT,NWH,XASX,AUD
WS:XASX:NWL,NWL.AX,EXPLICIT,NWL,XASX,AUD
WS:XASX:NWS,NWS.AX,EXPLICIT,NWS,XASX,AUD
WS:XASX:NXG,NXG.AX,EXPLICIT,NXG,XASX,AUD
WS:XASX:NXT,NXT.AX,EXPLICIT,NXT,XASX,AUD
WS:XASX:OBM,OBM.AX,EXPLICIT,OBM,XASX,AUD
WS:XASX:ORA,ORA.AX,EXPLICIT,ORA,XASX,AUD
WS:XASX:ORG,ORG.AX,EXPLICIT,ORG,XASX,AUD
WS:XASX:ORI,ORI.AX,EXPLICIT,ORI,XASX,AUD
WS:XASX:PDI,PDI.AX,EXPLICIT,PDI,XASX,AUD
WS:XASX:PDN,PDN.AX,EXPLICIT,PDN,XASX,AUD
WS:XASX:PLS,PLS.AX,EXPLICIT,PLS,XASX,AUD
WS:XASX:PME,PME.AX,EXPLICIT,PME,XASX,AUD
WS:XASX:PMV,PMV.AX,EXPLICIT,PMV,XASX,AUD
WS:XASX:PNI,PNI.AX,EXPLICIT,PNI,XASX,AUD
WS:XASX:PPT,PPT.AX,EXPLICIT,PPT,XASX,AUD
WS:XASX:PRN,PRN.AX,EXPLICIT,PRN,XASX,AUD
WS:XASX:PRU,PRU.AX,EXPLICIT,PRU,XASX,AUD
WS:XASX:PXA,PXA.AX,EXPLICIT,PXA,XASX,AUD
WS:XASX:QAN,QAN.AX,EXPLICIT,QAN,XASX,AUD
WS:XASX:QBE,QBE.AX,EXPLICIT,QBE,XASX,AUD
WS:XASX:QUB,QUB.AX,EXPLICIT,QUB,XASX,AUD
WS:XASX:RDX,RDX.AX,EXPLICIT,RDX,XASX,AUD
WS:XASX:REA,REA.AX,EXPLICIT,REA,XASX,AUD
WS:XASX:REG,REG.AX,EXPLICIT,REG,XASX,AUD
WS:XASX:REH,REH.AX,EXPLICIT,REH,XASX,AUD
WS:XASX:RGN,RGN.AX,EXPLICIT,RGN,XASX,AUD
WS:XASX:RHC,RHC.AX,EXPLICIT,RHC,XASX,AUD
WS:XASX:RIO,RIO.AX,EXPLICIT,RIO,XASX,AUD
WS:XASX:RMD,RMD.AX,EXPLICIT,RMD,XASX,AUD
WS:XASX:RMS,RMS.AX,EXPLICIT,RMS,XASX,AUD
WS:XASX:RRL,RRL.AX,EXPLICIT,RRL,XASX,AUD
WS:XASX:RSG,RSG.AX,EXPLICIT,RSG,XASX,AUD
WS:XASX:RWC,RWC.AX,EXPLICIT,RWC,XASX,AUD
WS:XASX:RYM,RYM.AX,EXPLICIT,RYM,XASX,AUD
WS:XASX:S32,S32.AX,EXPLICIT,S32,XASX,AUD
WS:XASX:SCG,SCG.AX,EXPLICIT,SCG,XASX,AUD
WS:XASX:SDF,SDF.AX,EXPLICIT,SDF,XASX,AUD
WS:XASX:SEK,SEK.AX,EXPLICIT,SEK,XASX,AUD
WS:XASX:SFR,SFR.AX,EXPLICIT,SFR,XASX,AUD
WS:XASX:SGH,SGH.AX,EXPLICIT,SGH,XASX,AUD
WS:XASX:SGM,SGM.AX,EXPLICIT,SGM,XASX,AUD
WS:XASX:SGP,SGP.AX,EXPLICIT,SGP,XASX,AUD
WS:XASX:SHL,SHL.AX,EXPLICIT,SHL,XASX,AUD
WS:XASX:SIG,SIG.AX,EXPLICIT,SIG,XASX,AUD
WS:XASX:SMR,SMR.AX,EXPLICIT,SMR,XASX,AUD
WS:XASX:SNZ,SNZ.AX,EXPLICIT,SNZ,XASX,AUD
WS:XASX:SOL,SOL.AX,EXPLICIT,SOL,XASX,AUD
WS:XASX:SPK,SPK.AX,EXPLICIT,SPK,XASX,AUD
WS:XASX:STO,STO.AX,EXPLICIT,STO,XASX,AUD
WS:XASX:SUL,SUL.AX,EXPLICIT,SUL,XASX,AUD
WS:XASX:SUN,SUN.AX,EXPLICIT,SUN,XASX,AUD
WS:XASX:TAH,TAH.AX,EXPLICIT,TAH,XASX,AUD
WS:XASX:TCL,TCL.AX,EXPLICIT,TCL,XASX,AUD
WS:XASX:TLC,TLC.AX,EXPLICIT,TLC,XASX,AUD
WS:XASX:TLS,TLS.AX,EXPLICIT,TLS,XASX,AUD
WS:XASX:TLX,TLX.AX,EXPLICIT,TLX,XASX,AUD
WS:XASX:TNE,TNE.AX,EXPLICIT,TNE,XASX,AUD
WS:XASX:TPG,TPG.AX,EXPLICIT,TPG,XASX,AUD
WS:XASX:TUA,TUA.AX,EXPLICIT,TUA,XASX,AUD
WS:XASX:TWE,TWE.AX,EXPLICIT,TWE,XASX,AUD
WS:XASX:VAU,VAU.AX,EXPLICIT,VAU,XASX,AUD
WS:XASX:VCX,VCX.AX,EXPLICIT,VCX,XASX,AUD
WS:XASX:VEA,VEA.AX,EXPLICIT,VEA,XASX,AUD
WS:XASX:VGN,VGN.AX,EXPLICIT,VGN,XASX,AUD
WS:XASX:VNT,VNT.AX,EXPLICIT,VNT,XASX,AUD
WS:XASX:WAF,WAF.AX,EXPLICIT,WAF,XASX,AUD
WS:XASX:WAM,WAM.AX,EXPLICIT,WAM,XASX,AUD
WS:XASX:WBC,WBC.AX,EXPLICIT,WBC,XASX,AUD
WS:XASX:WDS,WDS.AX,EXPLICIT,WDS,XASX,AUD
WS:XASX:WES,WES.AX,EXPLICIT,WES,XASX,AUD
WS:XASX:WGX,WGX.AX,EXPLICIT,WGX,XASX,AUD
WS:XASX:WHC,WHC.AX,EXPLICIT,WHC,XASX,AUD
WS:XASX:WLE,WLE.AX,EXPLICIT,WLE,XASX,AUD
WS:XASX:WOR,WOR.AX,EXPLICIT,WOR,XASX,AUD
WS:XASX:WOW,WOW.AX,EXPLICIT,WOW,XASX,AUD
WS:XASX:WTC,WTC.AX,EXPLICIT,WTC,XASX,AUD
WS:XASX:XRO,XRO.AX,EXPLICIT,XRO,XASX,AUD
WS:XASX:XYX,XYX.AX,EXPLICIT,XYX,XASX,AUD
WS:XASX:YAL,YAL.AX,EXPLICIT,YAL,XASX,AUD
WS:XASX:ZIM,ZIM.AX,EXPLICIT,ZIM,XASX,AUD
WS:XASX:ZIP,ZIP.AX,EXPLICIT,ZIP,XASX,AUD
WS:BVMF:ABEV3,ABEV3.SA,EXPLICIT,ABEV3,BVMF,BRL
WS:BVMF:ALOS3,ALOS3.SA,EXPLICIT,ALOS3,BVMF,BRL
WS:BVMF:ANIM3,ANIM3.SA,EXPLICIT,ANIM3,BVMF,BRL
WS:BVMF:ASAI3,ASAI3.SA,EXPLICIT,ASAI3,BVMF,BRL
WS:BVMF:AUAU3,AUAU3.SA,EXPLICIT,AUAU3,BVMF,BRL
WS:BVMF:AURE3,AURE3.SA,EXPLICIT,AURE3,BVMF,BRL
WS:BVMF:AXIA3,AXIA3.SA,EXPLICIT,AXIA3,BVMF,BRL
WS:BVMF:AZZA3,AZZA3.SA,EXPLICIT,AZZA3,BVMF,BRL
WS:BVMF:B3SA3,B3SA3.SA,EXPLICIT,B3SA3,BVMF,BRL
WS:BVMF:BBAS3,BBAS3.SA,EXPLICIT,BBAS3,BVMF,BRL
WS:BVMF:BBDC3,BBDC3.SA,EXPLICIT,BBDC3,BVMF,BRL
WS:BVMF:BBDC4,BBDC4.SA,EXPLICIT,BBDC4,BVMF,BRL
WS:BVMF:BBSE3,BBSE3.SA,EXPLICIT,BBSE3,BVMF,BRL
WS:BVMF:BEEF3,BEEF3.SA,EXPLICIT,BEEF3,BVMF,BRL
WS:BVMF:BPAC11,BPAC11.SA,EXPLICIT,BPAC11,BVMF,BRL
WS:BVMF:BRAP4,BRAP4.SA,EXPLICIT,BRAP4,BVMF,BRL
WS:BVMF:BRAV3,BRAV3.SA,EXPLICIT,BRAV3,BVMF,BRL
WS:BVMF:BRKM5,BRKM5.SA,EXPLICIT,BRKM5,BVMF,BRL
WS:BVMF:CBAV3,CBAV3.SA,EXPLICIT,CBAV3,BVMF,BRL
WS:BVMF:CEAB3,CEAB3.SA,EXPLICIT,CEAB3,BVMF,BRL
WS:BVMF:CMIG4,CMIG4.SA,EXPLICIT,CMIG4,BVMF,BRL
WS:BVMF:CMIN3,CMIN3.SA,EXPLICIT,CMIN3,BVMF,BRL
WS:BVMF:COGN3,COGN3.SA,EXPLICIT,COGN3,BVMF,BRL
WS:BVMF:CPFE3,CPFE3.SA,EXPLICIT,CPFE3,BVMF,BRL
WS:BVMF:CPLE3,CPLE3.SA,EXPLICIT,CPLE3,BVMF,BRL
WS:BVMF:CSAN3,CSAN3.SA,EXPLICIT,CSAN3,BVMF,BRL
WS:BVMF:CSMG3,CSMG3.SA,EXPLICIT,CSMG3,BVMF,BRL
WS:BVMF:CSNA3,CSNA3.SA,EXPLICIT,CSNA3,BVMF,BRL
WS:BVMF:CURY3,CURY3.SA,EXPLICIT,CURY3,BVMF,BRL
WS:BVMF:CVCB3,CVCB3.SA,EXPLICIT,CVCB3,BVMF,BRL
WS:BVMF:CXSE3,CXSE3.SA,EXPLICIT,CXSE3,BVMF,BRL
WS:BVMF:CYRE3,CYRE3.SA,EXPLICIT,CYRE3,BVMF,BRL
WS:BVMF:DIRR3,DIRR3.SA,EXPLICIT,DIRR3,BVMF,BRL
WS:BVMF:ECOR3,ECOR3.SA,EXPLICIT,ECOR3,BVMF,BRL
WS:BVMF:EGIE3,EGIE3.SA,EXPLICIT,EGIE3,BVMF,BRL
WS:BVMF:EMBJ3,EMBJ3.SA,EXPLICIT,EMBJ3,BVMF,BRL
WS:BVMF:ENEV3,ENEV3.SA,EXPLICIT,ENEV3,BVMF,BRL
WS:BVMF:ENGI11,ENGI11.SA,EXPLICIT,ENGI11,BVMF,BRL
WS:BVMF:EQTL3,EQTL3.SA,EXPLICIT,EQTL3,BVMF,BRL
WS:BVMF:EZTC3,EZTC3.SA,EXPLICIT,EZTC3,BVMF,BRL
WS:BVMF:FLRY3,FLRY3.SA,EXPLICIT,FLRY3,BVMF,BRL
WS:BVMF:GGBR4,GGBR4.SA,EXPLICIT,GGBR4,BVMF,BRL
WS:BVMF:GGPS3,GGPS3.SA,EXPLICIT,GGPS3,BVMF,BRL
WS:BVMF:GMAT3,GMAT3.SA,EXPLICIT,GMAT3,BVMF,BRL
WS:BVMF:GOAU4,GOAU4.SA,EXPLICIT,GOAU4,BVMF,BRL
WS:BVMF:HAPV3,HAPV3.SA,EXPLICIT,HAPV3,BVMF,BRL
WS:BVMF:HYPE3,HYPE3.SA,EXPLICIT,HYPE3,BVMF,BRL
WS:BVMF:IGTI11,IGTI11.SA,EXPLICIT,IGTI11,BVMF,BRL
WS:BVMF:INTB3,INTB3.SA,EXPLICIT,INTB3,BVMF,BRL
WS:BVMF:IRBR3,IRBR3.SA,EXPLICIT,IRBR3,BVMF,BRL
WS:BVMF:ISAE4,ISAE4.SA,EXPLICIT,ISAE4,BVMF,BRL
WS:BVMF:ITSA4,ITSA4.SA,EXPLICIT,ITSA4,BVMF,BRL
WS:BVMF:ITUB3,ITUB3.SA,EXPLICIT,ITUB3,BVMF,BRL
WS:BVMF:ITUB4,ITUB4.SA,EXPLICIT,ITUB4,BVMF,BRL
WS:BVMF:JHSF3,JHSF3.SA,EXPLICIT,JHSF3,BVMF,BRL
WS:BVMF:KLBN11,KLBN11.SA,EXPLICIT,KLBN11,BVMF,BRL
WS:BVMF:LREN3,LREN3.SA,EXPLICIT,LREN3,BVMF,BRL
WS:BVMF:MBRF3,MBRF3.SA,EXPLICIT,MBRF3,BVMF,BRL
WS:BVMF:MDNE3,MDNE3.SA,EXPLICIT,MDNE3,BVMF,BRL
WS:BVMF:MGLU3,MGLU3.SA,EXPLICIT,MGLU3,BVMF,BRL
WS:BVMF:MOTV3,MOTV3.SA,EXPLICIT,MOTV3,BVMF,BRL
WS:BVMF:MOVI3,MOVI3.SA,EXPLICIT,MOVI3,BVMF,BRL
WS:BVMF:MRVE3,MRVE3.SA,EXPLICIT,MRVE3,BVMF,BRL
WS:BVMF:MULT3,MULT3.SA,EXPLICIT,MULT3,BVMF,BRL
WS:BVMF:NATU3,NATU3.SA,EXPLICIT,NATU3,BVMF,BRL
WS:BVMF:ORVR3,ORVR3.SA,EXPLICIT,ORVR3,BVMF,BRL
WS:BVMF:PETR3,PETR3.SA,EXPLICIT,PETR3,BVMF,BRL
WS:BVMF:PETR4,PETR4.SA,EXPLICIT,PETR4,BVMF,BRL
WS:BVMF:POMO4,POMO4.SA,EXPLICIT,POMO4,BVMF,BRL
WS:BVMF:PRIO3,PRIO3.SA,EXPLICIT,PRIO3,BVMF,BRL
WS:BVMF:PSSA3,PSSA3.SA,EXPLICIT,PSSA3,BVMF,BRL
WS:BVMF:RADL3,RADL3.SA,EXPLICIT,RADL3,BVMF,BRL
WS:BVMF:RAIL3,RAIL3.SA,EXPLICIT,RAIL3,BVMF,BRL
WS:BVMF:RAPT4,RAPT4.SA,EXPLICIT,RAPT4,BVMF,BRL
WS:BVMF:RDOR3,RDOR3.SA,EXPLICIT,RDOR3,BVMF,BRL
WS:BVMF:RECV3,RECV3.SA,EXPLICIT,RECV3,BVMF,BRL
WS:BVMF:RENT3,RENT3.SA,EXPLICIT,RENT3,BVMF,BRL
WS:BVMF:SANB11,SANB11.SA,EXPLICIT,SANB11,BVMF,BRL
WS:BVMF:SAPR11,SAPR11.SA,EXPLICIT,SAPR11,BVMF,BRL
WS:BVMF:SAUD3,SAUD3.SA,EXPLICIT,SAUD3,BVMF,BRL
WS:BVMF:SBSP3,SBSP3.SA,EXPLICIT,SBSP3,BVMF,BRL
WS:BVMF:SIMH3,SIMH3.SA,EXPLICIT,SIMH3,BVMF,BRL
WS:BVMF:SLCE3,SLCE3.SA,EXPLICIT,SLCE3,BVMF,BRL
WS:BVMF:SMFT3,SMFT3.SA,EXPLICIT,SMFT3,BVMF,BRL
WS:BVMF:SMTO3,SMTO3.SA,EXPLICIT,SMTO3,BVMF,BRL
WS:BVMF:SUZB3,SUZB3.SA,EXPLICIT,SUZB3,BVMF,BRL
WS:BVMF:TAEE11,TAEE11.SA,EXPLICIT,TAEE11,BVMF,BRL
WS:BVMF:TEND3,TEND3.SA,EXPLICIT,TEND3,BVMF,BRL
WS:BVMF:TIMS3,TIMS3.SA,EXPLICIT,TIMS3,BVMF,BRL
WS:BVMF:TOTS3,TOTS3.SA,EXPLICIT,TOTS3,BVMF,BRL
WS:BVMF:UGPA3,UGPA3.SA,EXPLICIT,UGPA3,BVMF,BRL
WS:BVMF:USIM5,USIM5.SA,EXPLICIT,USIM5,BVMF,BRL
WS:BVMF:VALE3,VALE3.SA,EXPLICIT,VALE3,BVMF,BRL
WS:BVMF:VAMO3,VAMO3.SA,EXPLICIT,VAMO3,BVMF,BRL
WS:BVMF:VBBR3,VBBR3.SA,EXPLICIT,VBBR3,BVMF,BRL
WS:BVMF:VIVA3,VIVA3.SA,EXPLICIT,VIVA3,BVMF,BRL
WS:BVMF:VIVT3,VIVT3.SA,EXPLICIT,VIVT3,BVMF,BRL
WS:BVMF:WEGE3,WEGE3.SA,EXPLICIT,WEGE3,BVMF,BRL
WS:BVMF:YDUQ3,YDUQ3.SA,EXPLICIT,YDUQ3,BVMF,BRL
WS:XTSE:AAUC,AAUC.TO,EXPLICIT,AAUC,XTSE,CAD
WS:XTSE:AAV,AAV.TO,EXPLICIT,AAV,XTSE,CAD
WS:XTSE:ABRA,ABRA.TO,EXPLICIT,ABRA,XTSE,CAD
WS:XTSE:ABX,ABX.TO,EXPLICIT,ABX,XTSE,CAD
WS:XTSE:AC,AC.TO,EXPLICIT,AC,XTSE,CAD
WS:XTSE:ACO.X,ACO-X.TO,EXPLICIT,ACO.X,XTSE,CAD
WS:XTSE:AEM,AEM.TO,EXPLICIT,AEM,XTSE,CAD
WS:XTSE:AG,AG.TO,EXPLICIT,AG,XTSE,CAD
WS:XTSE:AGI,AGI.TO,EXPLICIT,AGI,XTSE,CAD
WS:XTSE:AIF,AIF.TO,EXPLICIT,AIF,XTSE,CAD
WS:XTSE:ALA,ALA.TO,EXPLICIT,ALA,XTSE,CAD
WS:XTSE:ALS,ALS.TO,EXPLICIT,ALS,XTSE,CAD
WS:XTSE:AP.UN,AP-UN.TO,EXPLICIT,AP.UN,XTSE,CAD
WS:XTSE:AQN,AQN.TO,EXPLICIT,AQN,XTSE,CAD
WS:XTSE:ARE,ARE.TO,EXPLICIT,ARE,XTSE,CAD
WS:XTSE:ARIS,ARIS.TO,EXPLICIT,ARIS,XTSE,CAD
WS:XTSE:ARX,ARX.TO,EXPLICIT,ARX,XTSE,CAD
WS:XTSE:ASM,ASM.TO,EXPLICIT,ASM,XTSE,CAD
WS:XTSE:ATD,ATD.TO,EXPLICIT,ATD,XTSE,CAD
WS:XTSE:ATH,ATH.TO,EXPLICIT,ATH,XTSE,CAD
WS:XTSE:ATRL,ATRL.TO,EXPLICIT,ATRL,XTSE,CAD
WS:XTSE:ATS,ATS.TO,EXPLICIT,ATS,XTSE,CAD
WS:XTSE:ATZ,ATZ.TO,EXPLICIT,ATZ,XTSE,CAD
WS:XTSE:AYA,AYA.TO,EXPLICIT,AYA,XTSE,CAD
WS:XTSE:BAM,BAM.TO,EXPLICIT,BAM,XTSE,CAD
WS:XTSE:BB,BB.TO,EXPLICIT,BB,XTSE,CAD
WS:XTSE:BBD.B,BBD-B.TO,EXPLICIT,BBD.B,XTSE,CAD
WS:XTSE:BBUC,BBUC.TO,EXPLICIT,BBUC,XTSE,CAD
WS:XTSE:BCE,BCE.TO,EXPLICIT,BCE,XTSE,CAD
WS:XTSE:BDGI,BDGI.TO,EXPLICIT,BDGI,XTSE,CAD
WS:XTSE:BDT,BDT.TO,EXPLICIT,BDT,XTSE,CAD
WS:XTSE:BEI.UN,BEI-UN.TO,EXPLICIT,BEI.UN,XTSE,CAD
WS:XTSE:BEP.UN,BEP-UN.TO,EXPLICIT,BEP.UN,XTSE,CAD
WS:XTSE:BHC,BHC.TO,EXPLICIT,BHC,XTSE,CAD
WS:XTSE:BIP.UN,BIP-UN.TO,EXPLICIT,BIP.UN,XTSE,CAD
WS:XTSE:BIR,BIR.TO,EXPLICIT,BIR,XTSE,CAD
WS:XTSE:BMO,BMO.TO,EXPLICIT,BMO,XTSE,CAD
WS:XTSE:BN,BN.TO,EXPLICIT,BN,XTSE,CAD
WS:XTSE:BNS,BNS.TO,EXPLICIT,BNS,XTSE,CAD
WS:XTSE:BTE,BTE.TO,EXPLICIT,BTE,XTSE,CAD
WS:XTSE:BTO,BTO.TO,EXPLICIT,BTO,XTSE,CAD
WS:XTSE:BYD,BYD.TO,EXPLICIT,BYD,XTSE,CAD
WS:XTSE:CAE,CAE.TO,EXPLICIT,CAE,XTSE,CAD
WS:XTSE:CAR.UN,CAR-UN.TO,EXPLICIT,CAR.UN,XTSE,CAD
WS:XTSE:CCA,CCA.TO,EXPLICIT,CCA,XTSE,CAD
WS:XTSE:CCL.B,CCL-B.TO,EXPLICIT,CCL.B,XTSE,CAD
WS:XTSE:CCO,CCO.TO,EXPLICIT,CCO,XTSE,CAD
WS:XTSE:CEU,CEU.TO,EXPLICIT,CEU,XTSE,CAD
WS:XTSE:CG,CG.TO,EXPLICIT,CG,XTSE,CAD
WS:XTSE:CHP.UN,CHP-UN.TO,EXPLICIT,CHP.UN,XTSE,CAD
WS:XTSE:CIGI,CIGI.TO,EXPLICIT,CIGI,XTSE,CAD
WS:XTSE:CJT,CJT.TO,EXPLICIT,CJT,XTSE,CAD
WS:XTSE:CLS,CLS.TO,EXPLICIT,CLS,XTSE,CAD
WS:XTSE:CM,CM.TO,EXPLICIT,CM,XTSE,CAD
WS:XTSE:CNQ,CNQ.TO,EXPLICIT,CNQ,XTSE,CAD
WS:XTSE:CNR,CNR.TO,EXPLICIT,CNR,XTSE,CAD
WS:XTSE:CP,CP.TO,EXPLICIT,CP,XTSE,CAD
WS:XTSE:CPX,CPX.TO,EXPLICIT,CPX,XTSE,CAD
WS:XTSE:CRR.UN,CRR-UN.TO,EXPLICIT,CRR.UN,XTSE,CAD
WS:XTSE:CRT.UN,CRT-UN.TO,EXPLICIT,CRT.UN,XTSE,CAD
WS:XTSE:CS,CS.TO,EXPLICIT,CS,XTSE,CAD
WS:XTSE:CSH.UN,CSH-UN.TO,EXPLICIT,CSH.UN,XTSE,CAD
WS:XTSE:CSU,CSU.TO,EXPLICIT,CSU,XTSE,CAD
WS:XTSE:CTC.A,CTC-A.TO,EXPLICIT,CTC.A,XTSE,CAD
WS:XTSE:CU,CU.TO,EXPLICIT,CU,XTSE,CAD
WS:XTSE:CURA,CURA.TO,EXPLICIT,CURA,XTSE,CAD
WS:XTSE:CVE,CVE.TO,EXPLICIT,CVE,XTSE,CAD
WS:XTSE:DFY,DFY.TO,EXPLICIT,DFY,XTSE,CAD
WS:XTSE:DIR.UN,DIR-UN.TO,EXPLICIT,DIR.UN,XTSE,CAD
WS:XTSE:DML,DML.TO,EXPLICIT,DML,XTSE,CAD
WS:XTSE:DOL,DOL.TO,EXPLICIT,DOL,XTSE,CAD
WS:XTSE:DOO,DOO.TO,EXPLICIT,DOO,XTSE,CAD
WS:XTSE:DPM,DPM.TO,EXPLICIT,DPM,XTSE,CAD
WS:XTSE:DSG,DSG.TO,EXPLICIT,DSG,XTSE,CAD
WS:XTSE:DSV,DSV.TO,EXPLICIT,DSV,XTSE,CAD
WS:XTSE:EDR,EDR.TO,EXPLICIT,EDR,XTSE,CAD
WS:XTSE:EFN,EFN.TO,EXPLICIT,EFN,XTSE,CAD
WS:XTSE:EFR,EFR.TO,EXPLICIT,EFR,XTSE,CAD
WS:XTSE:EFX,EFX.TO,EXPLICIT,EFX,XTSE,CAD
WS:XTSE:EIF,EIF.TO,EXPLICIT,EIF,XTSE,CAD
WS:XTSE:ELD,ELD.TO,EXPLICIT,ELD,XTSE,CAD
WS:XTSE:EMA,EMA.TO,EXPLICIT,EMA,XTSE,CAD
WS:XTSE:EMP.A,EMP-A.TO,EXPLICIT,EMP.A,XTSE,CAD
WS:XTSE:ENB,ENB.TO,EXPLICIT,ENB,XTSE,CAD
WS:XTSE:EQB,EQB.TO,EXPLICIT,EQB,XTSE,CAD
WS:XTSE:EQX,EQX.TO,EXPLICIT,EQX,XTSE,CAD
WS:XTSE:ERO,ERO.TO,EXPLICIT,ERO,XTSE,CAD
WS:XTSE:EXE,EXE.TO,EXPLICIT,EXE,XTSE,CAD
WS:XTSE:FCR.UN,FCR-UN.TO,EXPLICIT,FCR.UN,XTSE,CAD
WS:XTSE:FFH,FFH.TO,EXPLICIT,FFH,XTSE,CAD
WS:XTSE:FM,FM.TO,EXPLICIT,FM,XTSE,CAD
WS:XTSE:FNV,FNV.TO,EXPLICIT,FNV,XTSE,CAD
WS:XTSE:FRU,FRU.TO,EXPLICIT,FRU,XTSE,CAD
WS:XTSE:FSV,FSV.TO,EXPLICIT,FSV,XTSE,CAD
WS:XTSE:FTS,FTS.TO,EXPLICIT,FTS,XTSE,CAD
WS:XTSE:FTT,FTT.TO,EXPLICIT,FTT,XTSE,CAD
WS:XTSE:FVI,FVI.TO,EXPLICIT,FVI,XTSE,CAD
WS:XTSE:GEI,GEI.TO,EXPLICIT,GEI,XTSE,CAD
WS:XTSE:GFL,GFL.TO,EXPLICIT,GFL,XTSE,CAD
WS:XTSE:GIB.A,GIB-A.TO,EXPLICIT,GIB.A,XTSE,CAD
WS:XTSE:GIL,GIL.TO,EXPLICIT,GIL,XTSE,CAD
WS:XTSE:GMIN,GMIN.TO,EXPLICIT,GMIN,XTSE,CAD
WS:XTSE:GRT.UN,GRT-UN.TO,EXPLICIT,GRT.UN,XTSE,CAD
WS:XTSE:GWO,GWO.TO,EXPLICIT,GWO,XTSE,CAD
WS:XTSE:H,H.TO,EXPLICIT,H,XTSE,CAD
WS:XTSE:HBM,HBM.TO,EXPLICIT,HBM,XTSE,CAD
WS:XTSE:HPS.A,HPS-A.TO,EXPLICIT,HPS.A,XTSE,CAD
WS:XTSE:HR.UN,HR-UN.TO,EXPLICIT,HR.UN,XTSE,CAD
WS:XTSE:HWX,HWX.TO,EXPLICIT,HWX,XTSE,CAD
WS:XTSE:IAG,IAG.TO,EXPLICIT,IAG,XTSE,CAD
WS:XTSE:IAU,IAU.TO,EXPLICIT,IAU,XTSE,CAD
WS:XTSE:IFC,IFC.TO,EXPLICIT,IFC,XTSE,CAD
WS:XTSE:IGM,IGM.TO,EXPLICIT,IGM,XTSE,CAD
WS:XTSE:IMG,IMG.TO,EXPLICIT,IMG,XTSE,CAD
WS:XTSE:IMO,IMO.TO,EXPLICIT,IMO,XTSE,CAD
WS:XTSE:IPCO,IPCO.TO,EXPLICIT,IPCO,XTSE,CAD
WS:XTSE:IVN,IVN.TO,EXPLICIT,IVN,XTSE,CAD
WS:XTSE:JWEL,JWEL.TO,EXPLICIT,JWEL,XTSE,CAD
WS:XTSE:K,K.TO,EXPLICIT,K,XTSE,CAD
WS:XTSE:KEL,KEL.TO,EXPLICIT,KEL,XTSE,CAD
WS:XTSE:KEY,KEY.TO,EXPLICIT,KEY,XTSE,CAD
WS:XTSE:KMP.UN,KMP-UN.TO,EXPLICIT,KMP.UN,XTSE,CAD
WS:XTSE:KNT,KNT.TO,EXPLICIT,KNT,XTSE,CAD
WS:XTSE:KXS,KXS.TO,EXPLICIT,KXS,XTSE,CAD
WS:XTSE:L,L.TO,EXPLICIT,L,XTSE,CAD
WS:XTSE:LAC,LAC.TO,EXPLICIT,LAC,XTSE,CAD
WS:XTSE:LB,LB.TO,EXPLICIT,LB,XTSE,CAD
WS:XTSE:LIF,LIF.TO,EXPLICIT,LIF,XTSE,CAD
WS:XTSE:LNR,LNR.TO,EXPLICIT,LNR,XTSE,CAD
WS:XTSE:LSPD,LSPD.TO,EXPLICIT,LSPD,XTSE,CAD
WS:XTSE:LUG,LUG.TO,EXPLICIT,LUG,XTSE,CAD
WS:XTSE:LUN,LUN.TO,EXPLICIT,LUN,XTSE,CAD
WS:XTSE:MAU,MAU.TO,EXPLICIT,MAU,XTSE,CAD
WS:XTSE:MDA,MDA.TO,EXPLICIT,MDA,XTSE,CAD
WS:XTSE:MFC,MFC.TO,EXPLICIT,MFC,XTSE,CAD
WS:XTSE:MFI,MFI.TO,EXPLICIT,MFI,XTSE,CAD
WS:XTSE:MG,MG.TO,EXPLICIT,MG,XTSE,CAD
WS:XTSE:MRU,MRU.TO,EXPLICIT,MRU,XTSE,CAD
WS:XTSE:MTL,MTL.TO,EXPLICIT,MTL,XTSE,CAD
WS:XTSE:MX,MX.TO,EXPLICIT,MX,XTSE,CAD
WS:XTSE:NA,NA.TO,EXPLICIT,,XTSE,CAD
WS:XTSE:NFI,NFI.TO,EXPLICIT,NFI,XTSE,CAD
WS:XTSE:NG,NG.TO,EXPLICIT,NG,XTSE,CAD
WS:XTSE:NGEX,NGEX.TO,EXPLICIT,NGEX,XTSE,CAD
WS:XTSE:NPI,NPI.TO,EXPLICIT,NPI,XTSE,CAD
WS:XTSE:NTR,NTR.TO,EXPLICIT,NTR,XTSE,CAD
WS:XTSE:NWC,NWC.TO,EXPLICIT,NWC,XTSE,CAD
WS:XTSE:NXE,NXE.TO,EXPLICIT,NXE,XTSE,CAD
WS:XTSE:OGC,OGC.TO,EXPLICIT,OGC,XTSE,CAD
WS:XTSE:ONEX,ONEX.TO,EXPLICIT,ONEX,XTSE,CAD
WS:XTSE:OR,OR.TO,EXPLICIT,OR,XTSE,CAD
WS:XTSE:OTEX,OTEX.TO,EXPLICIT,OTEX,XTSE,CAD
WS:XTSE:PAAS,PAAS.TO,EXPLICIT,PAAS,XTSE,CAD
WS:XTSE:PBH,PBH.TO,EXPLICIT,PBH,XTSE,CAD
WS:XTSE:PEY,PEY.TO,EXPLICIT,PEY,XTSE,CAD
WS:XTSE:PMZ.UN,PMZ-UN.TO,EXPLICIT,PMZ.UN,XTSE,CAD
WS:XTSE:POU,POU.TO,EXPLICIT,POU,XTSE,CAD
WS:XTSE:POW,POW.TO,EXPLICIT,POW,XTSE,CAD
WS:XTSE:PPL,PPL.TO,EXPLICIT,PPL,XTSE,CAD
WS:XTSE:PPTA,PPTA.TO,EXPLICIT,PPTA,XTSE,CAD
WS:XTSE:PSK,PSK.TO,EXPLICIT,PSK,XTSE,CAD
WS:XTSE:PXT,PXT.TO,EXPLICIT,PXT,XTSE,CAD
WS:XTSE:QBR.B,QBR-B.TO,EXPLICIT,QBR.B,XTSE,CAD
WS:XTSE:QSR,QSR.TO,EXPLICIT,QSR,XTSE,CAD
WS:XTSE:RBA,RBA.TO,EXPLICIT,RBA,XTSE,CAD
WS:XTSE:RCH,RCH.TO,EXPLICIT,RCH,XTSE,CAD
WS:XTSE:RCI.B,RCI-B.TO,EXPLICIT,RCI.B,XTSE,CAD
WS:XTSE:REI.UN,REI-UN.TO,EXPLICIT,REI.UN,XTSE,CAD
WS:XTSE:RUS,RUS.TO,EXPLICIT,RUS,XTSE,CAD
WS:XTSE:RY,RY.TO,EXPLICIT,RY,XTSE,CAD
WS:XTSE:SAP,SAP.TO,EXPLICIT,SAP,XTSE,CAD
WS:XTSE:SCR,SCR.TO,EXPLICIT,SCR,XTSE,CAD
WS:XTSE:SDE,SDE.TO,EXPLICIT,SDE,XTSE,CAD
WS:XTSE:SEA,SEA.TO,EXPLICIT,SEA,XTSE,CAD
WS:XTSE:SES,SES.TO,EXPLICIT,SES,XTSE,CAD
WS:XTSE:SHOP,SHOP.TO,EXPLICIT,SHOP,XTSE,CAD
WS:XTSE:SIA,SIA.TO,EXPLICIT,SIA,XTSE,CAD
WS:XTSE:SII,SII.TO,EXPLICIT,SII,XTSE,CAD
WS:XTSE:SJ,SJ.TO,EXPLICIT,SJ,XTSE,CAD
WS:XTSE:SKE,SKE.TO,EXPLICIT,SKE,XTSE,CAD
WS:XTSE:SLF,SLF.TO,EXPLICIT,SLF,XTSE,CAD
WS:XTSE:SOBO,SOBO.TO,EXPLICIT,SOBO,XTSE,CAD
WS:XTSE:SPB,SPB.TO,EXPLICIT,SPB,XTSE,CAD
WS:XTSE:SRU.UN,SRU-UN.TO,EXPLICIT,SRU.UN,XTSE,CAD
WS:XTSE:SSRM,SSRM.TO,EXPLICIT,SSRM,XTSE,CAD
WS:XTSE:STN,STN.TO,EXPLICIT,STN,XTSE,CAD
WS:XTSE:SU,SU.TO,EXPLICIT,SU,XTSE,CAD
WS:XTSE:SVM,SVM.TO,EXPLICIT,SVM,XTSE,CAD
WS:XTSE:SXGC,SXGC.TO,EXPLICIT,SXGC,XTSE,CAD
WS:XTSE:T,T.TO,EXPLICIT,T,XTSE,CAD
WS:XTSE:TA,TA.TO,EXPLICIT,TA,XTSE,CAD
WS:XTSE:TD,TD.TO,EXPLICIT,TD,XTSE,CAD
WS:XTSE:TECK.B,TECK-B.TO,EXPLICIT,TECK.B,XTSE,CAD
WS:XTSE:TFII,TFII.TO,EXPLICIT,TFII,XTSE,CAD
WS:XTSE:TFPM,TFPM.TO,EXPLICIT,TFPM,XTSE,CAD
WS:XTSE:TIH,TIH.TO,EXPLICIT,TIH,XTSE,CAD
WS:XTSE:TKO,TKO.TO,EXPLICIT,TKO,XTSE,CAD
WS:XTSE:TOU,TOU.TO,EXPLICIT,TOU,XTSE,CAD
WS:XTSE:TPZ,TPZ.TO,EXPLICIT,TPZ,XTSE,CAD
WS:XTSE:TRI,TRI.TO,EXPLICIT,TRI,XTSE,CAD
WS:XTSE:TRP,TRP.TO,EXPLICIT,TRP,XTSE,CAD
WS:XTSE:TSU,TSU.TO,EXPLICIT,TSU,XTSE,CAD
WS:XTSE:TVE,TVE.TO,EXPLICIT,TVE,XTSE,CAD
WS:XTSE:TVK,TVK.TO,EXPLICIT,TVK,XTSE,CAD
WS:XTSE:TXG,TXG.TO,EXPLICIT,TXG,XTSE,CAD
WS:XTSE:USA,USA.TO,EXPLICIT,USA,XTSE,CAD
WS:XTSE:VET,VET.TO,EXPLICIT,VET,XTSE,CAD
WS:XTSE:VNP,VNP.TO,EXPLICIT,VNP,XTSE,CAD
WS:XTSE:VZLA,VZLA.TO,EXPLICIT,VZLA,XTSE,CAD
WS:XTSE:WCN,WCN.TO,EXPLICIT,WCN,XTSE,CAD
WS:XTSE:WCP,WCP.TO,EXPLICIT,WCP,XTSE,CAD
WS:XTSE:WDO,WDO.TO,EXPLICIT,WDO,XTSE,CAD
WS:XTSE:WFG,WFG.TO,EXPLICIT,WFG,XTSE,CAD
WS:XTSE:WN,WN.TO,EXPLICIT,WN,XTSE,CAD
WS:XTSE:WPM,WPM.TO,EXPLICIT,WPM,XTSE,CAD
WS:XTSE:WSP,WSP.TO,EXPLICIT,WSP,XTSE,CAD
WS:XTSE:X,X.TO,EXPLICIT,X,XTSE,CAD
WS:XSHE:000001,000001.SZ,EXPLICIT,000001,XSHE,CNY
WS:XSHE:000002,000002.SZ,EXPLICIT,000002,XSHE,CNY
WS:XSHE:000063,000063.SZ,EXPLICIT,000063,XSHE,CNY
WS:XSHE:000100,000100.SZ,EXPLICIT,000100,XSHE,CNY
WS:XSHE:000157,000157.SZ,EXPLICIT,000157,XSHE,CNY
WS:XSHE:000166,000166.SZ,EXPLICIT,000166,XSHE,CNY
WS:XSHE:000301,000301.SZ,EXPLICIT,000301,XSHE,CNY
WS:XSHE:000333,000333.SZ,EXPLICIT,000333,XSHE,CNY
WS:XSHE:000338,000338.SZ,EXPLICIT,000338,XSHE,CNY
WS:XSHE:000408,000408.SZ,EXPLICIT,000408,XSHE,CNY
WS:XSHE:000425,000425.SZ,EXPLICIT,000425,XSHE,CNY
WS:XSHE:000538,000538.SZ,EXPLICIT,000538,XSHE,CNY
WS:XSHE:000568,000568.SZ,EXPLICIT,000568,XSHE,CNY
WS:XSHE:000596,000596.SZ,EXPLICIT,000596,XSHE,CNY
WS:XSHE:000617,000617.SZ,EXPLICIT,000617,XSHE,CNY
WS:XSHE:000625,000625.SZ,EXPLICIT,000625,XSHE,CNY
WS:XSHE:000630,000630.SZ,EXPLICIT,000630,XSHE,CNY
WS:XSHE:000651,000651.SZ,EXPLICIT,000651,XSHE,CNY
WS:XSHE:000657,000657.SZ,EXPLICIT,000657,XSHE,CNY
WS:XSHE:000708,000708.SZ,EXPLICIT,000708,XSHE,CNY
WS:XSHE:000725,000725.SZ,EXPLICIT,000725,XSHE,CNY
WS:XSHE:000768,000768.SZ,EXPLICIT,000768,XSHE,CNY
WS:XSHE:000776,000776.SZ,EXPLICIT,000776,XSHE,CNY
WS:XSHE:000792,000792.SZ,EXPLICIT,000792,XSHE,CNY
WS:XSHE:000807,000807.SZ,EXPLICIT,000807,XSHE,CNY
WS:XSHE:000858,000858.SZ,EXPLICIT,000858,XSHE,CNY
WS:XSHE:000895,000895.SZ,EXPLICIT,000895,XSHE,CNY
WS:XSHE:000938,000938.SZ,EXPLICIT,000938,XSHE,CNY
WS:XSHE:000963,000963.SZ,EXPLICIT,000963,XSHE,CNY
WS:XSHE:000975,000975.SZ,EXPLICIT,000975,XSHE,CNY
WS:XSHE:000977,000977.SZ,EXPLICIT,000977,XSHE,CNY
WS:XSHE:000988,000988.SZ,EXPLICIT,000988,XSHE,CNY
WS:XSHE:000999,000999.SZ,EXPLICIT,000999,XSHE,CNY
WS:XSHE:001280,001280.SZ,EXPLICIT,001280,XSHE,CNY
WS:XSHE:001391,001391.SZ,EXPLICIT,001391,XSHE,CNY
WS:XSHE:001965,001965.SZ,EXPLICIT,001965,XSHE,CNY
WS:XSHE:001979,001979.SZ,EXPLICIT,001979,XSHE,CNY
WS:XSHE:002001,002001.SZ,EXPLICIT,002001,XSHE,CNY
WS:XSHE:002027,002027.SZ,EXPLICIT,002027,XSHE,CNY
WS:XSHE:002028,002028.SZ,EXPLICIT,002028,XSHE,CNY
WS:XSHE:002049,002049.SZ,EXPLICIT,002049,XSHE,CNY
WS:XSHE:002050,002050.SZ,EXPLICIT,002050,XSHE,CNY
WS:XSHE:002074,002074.SZ,EXPLICIT,002074,XSHE,CNY
WS:XSHE:002142,002142.SZ,EXPLICIT,002142,XSHE,CNY
WS:XSHE:002179,002179.SZ,EXPLICIT,002179,XSHE,CNY
WS:XSHE:002202,002202.SZ,EXPLICIT,002202,XSHE,CNY
WS:XSHE:002230,002230.SZ,EXPLICIT,002230,XSHE,CNY
WS:XSHE:002236,002236.SZ,EXPLICIT,002236,XSHE,CNY
WS:XSHE:002241,002241.SZ,EXPLICIT,002241,XSHE,CNY
WS:XSHE:002304,002304.SZ,EXPLICIT,002304,XSHE,CNY
WS:XSHE:002311,002311.SZ,EXPLICIT,002311,XSHE,CNY
WS:XSHE:002352,002352.SZ,EXPLICIT,002352,XSHE,CNY
WS:XSHE:002353,002353.SZ,EXPLICIT,002353,XSHE,CNY
WS:XSHE:002371,002371.SZ,EXPLICIT,002371,XSHE,CNY
WS:XSHE:002384,002384.SZ,EXPLICIT,002384,XSHE,CNY
WS:XSHE:002415,002415.SZ,EXPLICIT,002415,XSHE,CNY
WS:XSHE:002422,002422.SZ,EXPLICIT,002422,XSHE,CNY
WS:XSHE:002460,002460.SZ,EXPLICIT,002460,XSHE,CNY
WS:XSHE:002463,002463.SZ,EXPLICIT,002463,XSHE,CNY
WS:XSHE:002466,002466.SZ,EXPLICIT,002466,XSHE,CNY
WS:XSHE:002475,002475.SZ,EXPLICIT,002475,XSHE,CNY
WS:XSHE:002493,002493.SZ,EXPLICIT,002493,XSHE,CNY
WS:XSHE:002532,002532.SZ,EXPLICIT,002532,XSHE,CNY
WS:XSHE:002558,002558.SZ,EXPLICIT,002558,XSHE,CNY
WS:XSHE:002594,002594.SZ,EXPLICIT,002594,XSHE,CNY
WS:XSHE:002600,002600.SZ,EXPLICIT,002600,XSHE,CNY
WS:XSHE:002602,002602.SZ,EXPLICIT,002602,XSHE,CNY
WS:XSHE:002625,002625.SZ,EXPLICIT,002625,XSHE,CNY
WS:XSHE:002648,002648.SZ,EXPLICIT,002648,XSHE,CNY
WS:XSHE:002709,002709.SZ,EXPLICIT,002709,XSHE,CNY
WS:XSHE:002714,002714.SZ,EXPLICIT,002714,XSHE,CNY
WS:XSHE:002736,002736.SZ,EXPLICIT,002736,XSHE,CNY
WS:XSHE:002837,002837.SZ,EXPLICIT,002837,XSHE,CNY
WS:XSHE:002916,002916.SZ,EXPLICIT,002916,XSHE,CNY
WS:XSHE:002920,002920.SZ,EXPLICIT,002920,XSHE,CNY
WS:XSHE:002938,002938.SZ,EXPLICIT,002938,XSHE,CNY
WS:XSHE:003816,003816.SZ,EXPLICIT,003816,XSHE,CNY
WS:XSHE:300014,300014.SZ,EXPLICIT,300014,XSHE,CNY
WS:XSHE:300015,300015.SZ,EXPLICIT,300015,XSHE,CNY
WS:XSHE:300033,300033.SZ,EXPLICIT,300033,XSHE,CNY
WS:XSHE:300059,300059.SZ,EXPLICIT,300059,XSHE,CNY
WS:XSHE:300122,300122.SZ,EXPLICIT,300122,XSHE,CNY
WS:XSHE:300124,300124.SZ,EXPLICIT,300124,XSHE,CNY
WS:XSHE:300251,300251.SZ,EXPLICIT,300251,XSHE,CNY
WS:XSHE:300274,300274.SZ,EXPLICIT,300274,XSHE,CNY
WS:XSHE:300308,300308.SZ,EXPLICIT,300308,XSHE,CNY
WS:XSHE:300316,300316.SZ,EXPLICIT,300316,XSHE,CNY
WS:XSHE:300394,300394.SZ,EXPLICIT,300394,XSHE,CNY
WS:XSHE:300408,300408.SZ,EXPLICIT,300408,XSHE,CNY
WS:XSHE:300413,300413.SZ,EXPLICIT,300413,XSHE,CNY
WS:XSHE:300418,300418.SZ,EXPLICIT,300418,XSHE,CNY
WS:XSHE:300433,300433.SZ,EXPLICIT,300433,XSHE,CNY
WS:XSHE:300442,300442.SZ,EXPLICIT,300442,XSHE,CNY
WS:XSHE:300450,300450.SZ,EXPLICIT,300450,XSHE,CNY
WS:XSHE:300476,300476.SZ,EXPLICIT,300476,XSHE,CNY
WS:XSHE:300498,300498.SZ,EXPLICIT,300498,XSHE,CNY
WS:XSHE:300502,300502.SZ,EXPLICIT,300502,XSHE,CNY
WS:XSHE:300628,300628.SZ,EXPLICIT,300628,XSHE,CNY
WS:XSHE:300661,300661.SZ,EXPLICIT,300661,XSHE,CNY
WS:XSHE:300750,300750.SZ,EXPLICIT,300750,XSHE,CNY
WS:XSHE:300760,300760.SZ,EXPLICIT,300760,XSHE,CNY
WS:XSHE:300803,300803.SZ,EXPLICIT,300803,XSHE,CNY
WS:XSHE:300832,300832.SZ,EXPLICIT,300832,XSHE,CNY
WS:XSHE:300866,300866.SZ,EXPLICIT,300866,XSHE,CNY
WS:XSHE:300896,300896.SZ,EXPLICIT,300896,XSHE,CNY
WS:XSHE:300999,300999.SZ,EXPLICIT,300999,XSHE,CNY
WS:XSHE:301165,301165.SZ,EXPLICIT,301165,XSHE,CNY
WS:XSHE:301236,301236.SZ,EXPLICIT,301236,XSHE,CNY
WS:XSHE:301269,301269.SZ,EXPLICIT,301269,XSHE,CNY
WS:XSHE:301308,301308.SZ,EXPLICIT,301308,XSHE,CNY
WS:XSHE:302132,302132.SZ,EXPLICIT,302132,XSHE,CNY
WS:XSHG:600000,600000.SS,EXPLICIT,600000,XSHG,CNY
WS:XSHG:600009,600009.SS,EXPLICIT,600009,XSHG,CNY
WS:XSHG:600010,600010.SS,EXPLICIT,600010,XSHG,CNY
WS:XSHG:600011,600011.SS,EXPLICIT,600011,XSHG,CNY
WS:XSHG:600015,600015.SS,EXPLICIT,600015,XSHG,CNY
WS:XSHG:600016,600016.SS,EXPLICIT,600016,XSHG,CNY
WS:XSHG:600018,600018.SS,EXPLICIT,600018,XSHG,CNY
WS:XSHG:600019,600019.SS,EXPLICIT,600019,XSHG,CNY
WS:XSHG:600023,600023.SS,EXPLICIT,600023,XSHG,CNY
WS:XSHG:600025,600025.SS,EXPLICIT,600025,XSHG,CNY
WS:XSHG:600026,600026.SS,EXPLICIT,600026,XSHG,CNY
WS:XSHG:600027,600027.SS,EXPLICIT,600027,XSHG,CNY
WS:XSHG:600028,600028.SS,EXPLICIT,600028,XSHG,CNY
WS:XSHG:600029,600029.SS,EXPLICIT,600029,XSHG,CNY
WS:XSHG:600030,600030.SS,EXPLICIT,600030,XSHG,CNY
WS:XSHG:600031,600031.SS,EXPLICIT,600031,XSHG,CNY
WS:XSHG:600036,600036.SS,EXPLICIT,600036,XSHG,CNY
WS:XSHG:600039,600039.SS,EXPLICIT,600039,XSHG,CNY
WS:XSHG:600048,600048.SS,EXPLICIT,600048,XSHG,CNY
WS:XSHG:600050,600050.SS,EXPLICIT,600050,XSHG,CNY
WS:XSHG:600061,600061.SS,EXPLICIT,600061,XSHG,CNY
WS:XSHG:600066,600066.SS,EXPLICIT,600066,XSHG,CNY
WS:XSHG:600085,600085.SS,EXPLICIT,600085,XSHG,CNY
WS:XSHG:600089,600089.SS,EXPLICIT,600089,XSHG,CNY
WS:XSHG:600104,600104.SS,EXPLICIT,600104,XSHG,CNY
WS:XSHG:600111,600111.SS,EXPLICIT,600111,XSHG,CNY
WS:XSHG:600115,600115.SS,EXPLICIT,600115,XSHG,CNY
WS:XSHG:600118,600118.SS,EXPLICIT,600118,XSHG,CNY
WS:XSHG:600150,600150.SS,EXPLICIT,600150,XSHG,CNY
WS:XSHG:600160,600160.SS,EXPLICIT,600160,XSHG,CNY
WS:XSHG:600176,600176.SS,EXPLICIT,600176,XSHG,CNY
WS:XSHG:600183,600183.SS,EXPLICIT,600183,XSHG,CNY
WS:XSHG:600188,600188.SS,EXPLICIT,600188,XSHG,CNY
WS:XSHG:600196,600196.SS,EXPLICIT,600196,XSHG,CNY
WS:XSHG:600219,600219.SS,EXPLICIT,600219,XSHG,CNY
WS:XSHG:600221,600221.SS,EXPLICIT,600221,XSHG,CNY
WS:XSHG:600233,600233.SS,EXPLICIT,600233,XSHG,CNY
WS:XSHG:600276,600276.SS,EXPLICIT,600276,XSHG,CNY
WS:XSHG:600309,600309.SS,EXPLICIT,600309,XSHG,CNY
WS:XSHG:600346,600346.SS,EXPLICIT,600346,XSHG,CNY
WS:XSHG:600362,600362.SS,EXPLICIT,600362,XSHG,CNY
WS:XSHG:600372,600372.SS,EXPLICIT,600372,XSHG,CNY
WS:XSHG:600406,600406.SS,EXPLICIT,600406,XSHG,CNY
WS:XSHG:600415,600415.SS,EXPLICIT,600415,XSHG,CNY
WS:XSHG:600426,600426.SS,EXPLICIT,600426,XSHG,CNY
WS:XSHG:600436,600436.SS,EXPLICIT,600436,XSHG,CNY
WS:XSHG:600438,600438.SS,EXPLICIT,600438,XSHG,CNY
WS:XSHG:600460,600460.SS,EXPLICIT,600460,XSHG,CNY
WS:XSHG:600482,600482.SS,EXPLICIT,600482,XSHG,CNY
WS:XSHG:600489,600489.SS,EXPLICIT,600489,XSHG,CNY
WS:XSHG:600515,600515.SS,EXPLICIT,600515,XSHG,CNY
WS:XSHG:600519,600519.SS,EXPLICIT,600519,XSHG,CNY
WS:XSHG:600522,600522.SS,EXPLICIT,600522,XSHG,CNY
WS:XSHG:600547,600547.SS,EXPLICIT,600547,XSHG,CNY
WS:XSHG:600549,600549.SS,EXPLICIT,600549,XSHG,CNY
WS:XSHG:600570,600570.SS,EXPLICIT,600570,XSHG,CNY
WS:XSHG:600584,600584.SS,EXPLICIT,600584,XSHG,CNY
WS:XSHG:600585,600585.SS,EXPLICIT,600585,XSHG,CNY
WS:XSHG:600588,600588.SS,EXPLICIT,600588,XSHG,CNY
WS:XSHG:600600,600600.SS,EXPLICIT,600600,XSHG,CNY
WS:XSHG:600660,600660.SS,EXPLICIT,600660,XSHG,CNY
WS:XSHG:600674,600674.SS,EXPLICIT,600674,XSHG,CNY
WS:XSHG:600690,600690.SS,EXPLICIT,600690,XSHG,CNY
WS:XSHG:600741,600741.SS,EXPLICIT,600741,XSHG,CNY
WS:XSHG:600760,600760.SS,EXPLICIT,600760,XSHG,CNY
WS:XSHG:600795,600795.SS,EXPLICIT,600795,XSHG,CNY
WS:XSHG:600803,600803.SS,EXPLICIT,600803,XSHG,CNY
WS:XSHG:600809,600809.SS,EXPLICIT,600809,XSHG,CNY
WS:XSHG:600845,600845.SS,EXPLICIT,600845,XSHG,CNY
WS:XSHG:600875,600875.SS,EXPLICIT,600875,XSHG,CNY
WS:XSHG:600886,600886.SS,EXPLICIT,600886,XSHG,CNY
WS:XSHG:600887,600887.SS,EXPLICIT,600887,XSHG,CNY
WS:XSHG:600893,600893.SS,EXPLICIT,600893,XSHG,CNY
WS:XSHG:600900,600900.SS,EXPLICIT,600900,XSHG,CNY
WS:XSHG:600905,600905.SS,EXPLICIT,600905,XSHG,CNY
WS:XSHG:600918,600918.SS,EXPLICIT,600918,XSHG,CNY
WS:XSHG:600919,600919.SS,EXPLICIT,600919,XSHG,CNY
WS:XSHG:600926,600926.SS,EXPLICIT,600926,XSHG,CNY
WS:XSHG:600930,600930.SS,EXPLICIT,600930,XSHG,CNY
WS:XSHG:600938,600938.SS,EXPLICIT,600938,XSHG,CNY
WS:XSHG:600941,600941.SS,EXPLICIT,600941,XSHG,CNY
WS:XSHG:600958,600958.SS,EXPLICIT,600958,XSHG,CNY
WS:XSHG:600989,600989.SS,EXPLICIT,600989,XSHG,CNY
WS:XSHG:600999,600999.SS,EXPLICIT,600999,XSHG,CNY
WS:XSHG:601006,601006.SS,EXPLICIT,601006,XSHG,CNY
WS:XSHG:601009,601009.SS,EXPLICIT,601009,XSHG,CNY
WS:XSHG:601012,601012.SS,EXPLICIT,601012,XSHG,CNY
WS:XSHG:601018,601018.SS,EXPLICIT,601018,XSHG,CNY
WS:XSHG:601021,601021.SS,EXPLICIT,601021,XSHG,CNY
WS:XSHG:601058,601058.SS,EXPLICIT,601058,XSHG,CNY
WS:XSHG:601059,601059.SS,EXPLICIT,601059,XSHG,CNY
WS:XSHG:601066,601066.SS,EXPLICIT,601066,XSHG,CNY
WS:XSHG:601077,601077.SS,EXPLICIT,601077,XSHG,CNY
WS:XSHG:601088,601088.SS,EXPLICIT,601088,XSHG,CNY
WS:XSHG:601100,601100.SS,EXPLICIT,601100,XSHG,CNY
WS:XSHG:601111,601111.SS,EXPLICIT,601111,XSHG,CNY
WS:XSHG:601117,601117.SS,EXPLICIT,601117,XSHG,CNY
WS:XSHG:601127,601127.SS,EXPLICIT,601127,XSHG,CNY
WS:XSHG:601136,601136.SS,EXPLICIT,601136,XSHG,CNY
WS:XSHG:601138,601138.SS,EXPLICIT,601138,XSHG,CNY
WS:XSHG:601166,601166.SS,EXPLICIT,601166,XSHG,CNY
WS:XSHG:601169,601169.SS,EXPLICIT,601169,XSHG,CNY
WS:XSHG:601186,601186.SS,EXPLICIT,601186,XSHG,CNY
WS:XSHG:601211,601211.SS,EXPLICIT,601211,XSHG,CNY
WS:XSHG:601225,601225.SS,EXPLICIT,601225,XSHG,CNY
WS:XSHG:601229,601229.SS,EXPLICIT,601229,XSHG,CNY
WS:XSHG:601238,601238.SS,EXPLICIT,601238,XSHG,CNY
WS:XSHG:601288,601288.SS,EXPLICIT,601288,XSHG,CNY
WS:XSHG:601318,601318.SS,EXPLICIT,601318,XSHG,CNY
WS:XSHG:601319,601319.SS,EXPLICIT,601319,XSHG,CNY
WS:XSHG:601328,601328.SS,EXPLICIT,601328,XSHG,CNY
WS:XSHG:601336,601336.SS,EXPLICIT,601336,XSHG,CNY
WS:XSHG:601360,601360.SS,EXPLICIT,601360,XSHG,CNY
WS:XSHG:601377,601377.SS,EXPLICIT,601377,XSHG,CNY
WS:XSHG:601390,601390.SS,EXPLICIT,601390,XSHG,CNY
WS:XSHG:601398,601398.SS,EXPLICIT,601398,XSHG,CNY
WS:XSHG:601456,601456.SS,EXPLICIT,601456,XSHG,CNY
WS:XSHG:601600,601600.SS,EXPLICIT,601600,XSHG,CNY
WS:XSHG:601601,601601.SS,EXPLICIT,601601,XSHG,CNY
WS:XSHG:601607,601607.SS,EXPLICIT,601607,XSHG,CNY
WS:XSHG:601618,601618.SS,EXPLICIT,601618,XSHG,CNY
WS:XSHG:601628,601628.SS,EXPLICIT,601628,XSHG,CNY
WS:XSHG:601633,601633.SS,EXPLICIT,601633,XSHG,CNY
WS:XSHG:601658,601658.SS,EXPLICIT,601658,XSHG,CNY
WS:XSHG:601668,601668.SS,EXPLICIT,601668,XSHG,CNY
WS:XSHG:601669,601669.SS,EXPLICIT,601669,XSHG,CNY
WS:XSHG:601688,601688.SS,EXPLICIT,601688,XSHG,CNY
WS:XSHG:601689,601689.SS,EXPLICIT,601689,XSHG,CNY
WS:XSHG:601698,601698.SS,EXPLICIT,601698,XSHG,CNY
WS:XSHG:601727,601727.SS,EXPLICIT,601727,XSHG,CNY
WS:XSHG:601728,601728.SS,EXPLICIT,601728,XSHG,CNY
WS:XSHG:601766,601766.SS,EXPLICIT,601766,XSHG,CNY
WS:XSHG:601788,601788.SS,EXPLICIT,601788,XSHG,CNY
WS:XSHG:601800,601800.SS,EXPLICIT,601800,XSHG,CNY
WS:XSHG:601816,601816.SS,EXPLICIT,601816,XSHG,CNY
WS:XSHG:601818,601818.SS,EXPLICIT,601818,XSHG,CNY
WS:XSHG:601825,601825.SS,EXPLICIT,601825,XSHG,CNY
WS:XSHG:601838,601838.SS,EXPLICIT,601838,XSHG,CNY
WS:XSHG:601857,601857.SS,EXPLICIT,601857,XSHG,CNY
WS:XSHG:601868,601868.SS,EXPLICIT,601868,XSHG,CNY
WS:XSHG:601872,601872.SS,EXPLICIT,601872,XSHG,CNY
WS:XSHG:601877,601877.SS,EXPLICIT,601877,XSHG,CNY
WS:XSHG:601878,601878.SS,EXPLICIT,601878,XSHG,CNY
WS:XSHG:601881,601881.SS,EXPLICIT,601881,XSHG,CNY
WS:XSHG:601888,601888.SS,EXPLICIT,601888,XSHG,CNY
WS:XSHG:601898,601898.SS,EXPLICIT,601898,XSHG,CNY
WS:XSHG:601899,601899.SS,EXPLICIT,601899,XSHG,CNY
WS:XSHG:601901,601901.SS,EXPLICIT,601901,XSHG,CNY
WS:XSHG:601916,601916.SS,EXPLICIT,601916,XSHG,CNY
WS:XSHG:601919,601919.SS,EXPLICIT,601919,XSHG,CNY
WS:XSHG:601939,601939.SS,EXPLICIT,601939,XSHG,CNY
WS:XSHG:601985,601985.SS,EXPLICIT,601985,XSHG,CNY
WS:XSHG:601988,601988.SS,EXPLICIT,601988,XSHG,CNY
WS:XSHG:601995,601995.SS,EXPLICIT,601995,XSHG,CNY
WS:XSHG:601998,601998.SS,EXPLICIT,601998,XSHG,CNY
WS:XSHG:603019,603019.SS,EXPLICIT,603019,XSHG,CNY
WS:XSHG:603259,603259.SS,EXPLICIT,603259,XSHG,CNY
WS:XSHG:603260,603260.SS,EXPLICIT,603260,XSHG,CNY
WS:XSHG:603288,603288.SS,EXPLICIT,603288,XSHG,CNY
WS:XSHG:603296,603296.SS,EXPLICIT,603296,XSHG,CNY
WS:XSHG:603369,603369.SS,EXPLICIT,603369,XSHG,CNY
WS:XSHG:603392,603392.SS,EXPLICIT,603392,XSHG,CNY
WS:XSHG:603501,603501.SS,EXPLICIT,603501,XSHG,CNY
WS:XSHG:603799,603799.SS,EXPLICIT,603799,XSHG,CNY
WS:XSHG:603893,603893.SS,EXPLICIT,603893,XSHG,CNY
WS:XSHG:603986,603986.SS,EXPLICIT,603986,XSHG,CNY
WS:XSHG:603993,603993.SS,EXPLICIT,603993,XSHG,CNY
WS:XSHG:605117,605117.SS,EXPLICIT,605117,XSHG,CNY
WS:XSHG:605499,605499.SS,EXPLICIT,605499,XSHG,CNY
WS:XSHG:688008,688008.SS,EXPLICIT,688008,XSHG,CNY
WS:XSHG:688009,688009.SS,EXPLICIT,688009,XSHG,CNY
WS:XSHG:688012,688012.SS,EXPLICIT,688012,XSHG,CNY
WS:XSHG:688036,688036.SS,EXPLICIT,688036,XSHG,CNY
WS:XSHG:688041,688041.SS,EXPLICIT,688041,XSHG,CNY
WS:XSHG:688047,688047.SS,EXPLICIT,688047,XSHG,CNY
WS:XSHG:688072,688072.SS,EXPLICIT,688072,XSHG,CNY
WS:XSHG:688082,688082.SS,EXPLICIT,688082,XSHG,CNY
WS:XSHG:688111,688111.SS,EXPLICIT,688111,XSHG,CNY
WS:XSHG:688126,688126.SS,EXPLICIT,688126,XSHG,CNY
WS:XSHG:688183,688183.SS,EXPLICIT,688183,XSHG,CNY
WS:XSHG:688223,688223.SS,EXPLICIT,688223,XSHG,CNY
WS:XSHG:688256,688256.SS,EXPLICIT,688256,XSHG,CNY
WS:XSHG:688271,688271.SS,EXPLICIT,688271,XSHG,CNY
WS:XSHG:688303,688303.SS,EXPLICIT,688303,XSHG,CNY
WS:XSHG:688396,688396.SS,EXPLICIT,688396,XSHG,CNY
WS:XSHG:688472,688472.SS,EXPLICIT,688472,XSHG,CNY
WS:XSHG:688506,688506.SS,EXPLICIT,688506,XSHG,CNY
WS:XSHG:688521,688521.SS,EXPLICIT,688521,XSHG,CNY
WS:XSHG:688981,688981.SS,EXPLICIT,688981,XSHG,CNY
WS:XAMS:AALB.AS,AALB.AS,EXPLICIT,AALB.AS,XAMS,EUR
WS:XAMS:ABND.AS,ABN.AS,EXPLICIT,ABNd.AS,XAMS,EUR
WS:XAMS:AD.AS,AD.AS,EXPLICIT,AD.AS,XAMS,EUR
WS:XAMS:ADYEN.AS,ADYEN.AS,EXPLICIT,ADYEN.AS,XAMS,EUR
WS:XAMS:AEGN.AS,AGN.AS,EXPLICIT,AEGN.AS,XAMS,EUR
WS:XAMS:AKZO.AS,AKZA.AS,EXPLICIT,AKZO.AS,XAMS,EUR
WS:XAMS:ALLFG.AS,ALLFG.AS,EXPLICIT,ALLFG.AS,XAMS,EUR
WS:XAMS:ARDS.AS,ARCAD.AS,EXPLICIT,ARDS.AS,XAMS,EUR
WS:XAMS:ASMI.AS,ASM.AS,EXPLICIT,ASMI.AS,XAMS,EUR
WS:XAMS:ASML.AS,ASML.AS,EXPLICIT,ASML.AS,XAMS,EUR
WS:XAMS:ASRNL.AS,ASRNL.AS,EXPLICIT,ASRNL.AS,XAMS,EUR
WS:XAMS:BAMN.AS,BAMNB.AS,EXPLICIT,BAMN.AS,XAMS,EUR
WS:XAMS:BESI.AS,BESI.AS,EXPLICIT,BESI.AS,XAMS,EUR
WS:XAMS:CSG.AS,CSG.AS,EXPLICIT,CSG.AS,XAMS,EUR
WS:XAMS:CVC.AS,CVC.AS,EXPLICIT,CVC.AS,XAMS,EUR
WS:XAMS:DSFIR.AS,DSFIR.AS,EXPLICIT,DSFIR.AS,XAMS,EUR
WS:XAMS:EXOR.AS,EXO.AS,EXPLICIT,EXOR.AS,XAMS,EUR
WS:XAMS:HEIN.AS,HEIA.AS,PROJECT_OVERRIDE,HEIN.AS,XAMS,EUR
WS:XAMS:HEIO.AS,HEIO.AS,EXPLICIT,HEIO.AS,XAMS,EUR
WS:XAMS:IMCD.AS,IMCD.AS,EXPLICIT,IMCD.AS,XAMS,EUR
WS:XAMS:INGA.AS,INGA.AS,EXPLICIT,INGA.AS,XAMS,EUR
WS:XAMS:INPST.AS,INPST.AS,EXPLICIT,INPST.AS,XAMS,EUR
WS:XAMS:KPN.AS,KPN.AS,EXPLICIT,KPN.AS,XAMS,EUR
WS:XAMS:LIGHT.AS,LIGHT.AS,EXPLICIT,LIGHT.AS,XAMS,EUR
WS:XAMS:MICCT.AS,MICC.AS,EXPLICIT,MICCT.AS,XAMS,EUR
WS:XAMS:MT.AS,MT.AS,EXPLICIT,MT.AS,XAMS,EUR
WS:XAMS:NN.AS,NN.AS,EXPLICIT,NN.AS,XAMS,EUR
WS:XAMS:PHG.AS,PHIA.AS,EXPLICIT,PHG.AS,XAMS,EUR
WS:XAMS:PRX.AS,PRX.AS,EXPLICIT,PRX.AS,XAMS,EUR
WS:XAMS:RAND.AS,RAND.AS,EXPLICIT,RAND.AS,XAMS,EUR
WS:XAMS:SBMO.AS,SBMO.AS,EXPLICIT,SBMO.AS,XAMS,EUR
WS:XAMS:SHEL.AS,SHELL.AS,EXPLICIT,SHEL.AS,XAMS,EUR
WS:XAMS:UMG.AS,UMG.AS,EXPLICIT,UMG.AS,XAMS,EUR
WS:XAMS:VOPA.AS,VPK.AS,EXPLICIT,VOPA.AS,XAMS,EUR
WS:XAMS:WLSNC.AS,WKL.AS,PROJECT_OVERRIDE,WLSNc.AS,XAMS,EUR
WS:XBRU:ABI.BR,ABI.BR,EXPLICIT,ABI.BR,XBRU,EUR
WS:XBRU:ACKB.BR,ACKB.BR,EXPLICIT,ACKB.BR,XBRU,EUR
WS:XBRU:AGES.BR,AGS.BR,EXPLICIT,AGES.BR,XBRU,EUR
WS:XBRU:AOO.BR,AED.BR,EXPLICIT,AOO.BR,XBRU,EUR
WS:XBRU:ARGX.BR,ARGX.BR,EXPLICIT,ARGX.BR,XBRU,EUR
WS:XBRU:ELI.BR,ELI.BR,EXPLICIT,ELI.BR,XBRU,EUR
WS:XBRU:GBLB.BR,GBLB.BR,EXPLICIT,GBLB.BR,XBRU,EUR
WS:XBRU:IETB.BR,DIE.BR,EXPLICIT,IETB.BR,XBRU,EUR
WS:XBRU:KBC.BR,KBC.BR,EXPLICIT,KBC.BR,XBRU,EUR
WS:XBRU:KBCA.BR,KBCA.BR,EXPLICIT,KBCA.BR,XBRU,EUR
WS:XBRU:LOTB.BR,LOTB.BR,EXPLICIT,LOTB.BR,XBRU,EUR
WS:XBRU:SOF.BR,SOF.BR,EXPLICIT,SOF.BR,XBRU,EUR
WS:XBRU:SYENS.BR,SYENS.BR,EXPLICIT,SYENS.BR,XBRU,EUR
WS:XBRU:TUB.BR,TUB.BR,EXPLICIT,TUB.BR,XBRU,EUR
WS:XBRU:UCB.BR,UCB.BR,EXPLICIT,UCB.BR,XBRU,EUR
WS:XBRU:UMI.BR,UMI.BR,EXPLICIT,UMI.BR,XBRU,EUR
WS:XBRU:WDPP.BR,WDP.BR,EXPLICIT,WDPP.BR,XBRU,EUR
WS:XCSE:ALKB.CO,ALK-B.CO,EXPLICIT,ALKb.CO,XCSE,DKK
WS:XCSE:ALSYDB.CO,ALSYDB.CO,EXPLICIT,ALSYDB.CO,XCSE,DKK
WS:XCSE:CARLB.CO,CARL-B.CO,EXPLICIT,CARLb.CO,XCSE,DKK
WS:XCSE:COLOB.CO,COLO-B.CO,EXPLICIT,COLOb.CO,XCSE,DKK
WS:XCSE:DANSKE.CO,DANSKE.CO,EXPLICIT,DANSKE.CO,XCSE,DKK
WS:XCSE:DEMANT.CO,DEMANT.CO,EXPLICIT,DEMANT.CO,XCSE,DKK
WS:XCSE:DSV.CO,DSV.CO,EXPLICIT,DSV.CO,XCSE,DKK
WS:XCSE:FLS.CO,FLS.CO,EXPLICIT,FLS.CO,XCSE,DKK
WS:XCSE:GMAB.CO,GMAB.CO,EXPLICIT,GMAB.CO,XCSE,DKK
WS:XCSE:ISS.CO,ISS.CO,EXPLICIT,ISS.CO,XCSE,DKK
WS:XCSE:JYSK.CO,JYSK.CO,EXPLICIT,JYSK.CO,XCSE,DKK
WS:XCSE:MAERSKB.CO,MAERSK-B.CO,EXPLICIT,MAERSKb.CO,XCSE,DKK
WS:XCSE:NKT.CO,NKT.CO,EXPLICIT,NKT.CO,XCSE,DKK
WS:XCSE:NOVOB.CO,NOVO-B.CO,EXPLICIT,NOVOb.CO,XCSE,DKK
WS:XCSE:NSISB.CO,NSIS-B.CO,EXPLICIT,NSISb.CO,XCSE,DKK
WS:XCSE:ORSTED.CO,ORSTED.CO,EXPLICIT,ORSTED.CO,XCSE,DKK
WS:XCSE:PNDORA.CO,PNDORA.CO,EXPLICIT,PNDORA.CO,XCSE,DKK
WS:XCSE:RBREW.CO,RBREW.CO,EXPLICIT,RBREW.CO,XCSE,DKK
WS:XCSE:RILBA.CO,RILBA.CO,EXPLICIT,RILBA.CO,XCSE,DKK
WS:XCSE:ROCKB.CO,ROCK-B.CO,EXPLICIT,ROCKb.CO,XCSE,DKK
WS:XCSE:TRYG.CO,TRYG.CO,EXPLICIT,TRYG.CO,XCSE,DKK
WS:XCSE:VWS.CO,VWS.CO,EXPLICIT,VWS.CO,XCSE,DKK
WS:XCSE:ZELA.CO,ZEAL.CO,EXPLICIT,ZELA.CO,XCSE,DKK
WS:XDUB:AIBG.I,A5G.IR,EXPLICIT,AIBG.I,XDUB,EUR
WS:XDUB:BIRG.I,BIRG.IR,EXPLICIT,BIRG.I,XDUB,EUR
WS:XDUB:GL9.I,GL9.IR,EXPLICIT,GL9.I,XDUB,EUR
WS:XDUB:KSP.I,KRX.IR,EXPLICIT,KSP.I,XDUB,EUR
WS:XDUB:KYGA.I,KRZ.IR,EXPLICIT,KYGa.I,XDUB,EUR
WS:XDUB:RYA.I,RYA.IR,EXPLICIT,RYA.I,XDUB,EUR
WS:XETR:ADSGN.DE,ADS.DE,EXPLICIT,ADSGn.DE,XETR,EUR
WS:XETR:AG1G.DE,AG1.DE,EXPLICIT,AG1G.DE,XETR,EUR
WS:XETR:AIXGN.DE,AIXA.DE,EXPLICIT,AIXGn.DE,XETR,EUR
WS:XETR:ALVG.DE,ALV.DE,EXPLICIT,ALVG.DE,XETR,EUR
WS:XETR:AMV0N.DE,AMV0.DE,EXPLICIT,AMV0n.DE,XETR,EUR
WS:XETR:BASFN.DE,BAS.DE,EXPLICIT,BASFn.DE,XETR,EUR
WS:XETR:BAYGN.DE,BAYN.DE,EXPLICIT,BAYGn.DE,XETR,EUR
WS:XETR:BC8G.DE,BC8.DE,EXPLICIT,BC8G.DE,XETR,EUR
WS:XETR:BEIG.DE,BEI.DE,EXPLICIT,BEIG.DE,XETR,EUR
WS:XETR:BMWG.DE,BMW.DE,EXPLICIT,BMWG.DE,XETR,EUR
WS:XETR:BNRGN.DE,BNR.DE,EXPLICIT,BNRGn.DE,XETR,EUR
WS:XETR:CBKG.DE,CBK.DE,EXPLICIT,CBKG.DE,XETR,EUR
WS:XETR:CONG.DE,CON.DE,EXPLICIT,CONG.DE,XETR,EUR
WS:XETR:DB1GN.DE,DB1.DE,EXPLICIT,DB1Gn.DE,XETR,EUR
WS:XETR:DBKGN.DE,DBK.DE,EXPLICIT,DBKGn.DE,XETR,EUR
WS:XETR:DHER.DE,DHER.DE,EXPLICIT,DHER.DE,XETR,EUR
WS:XETR:DHLN.DE,DHL.DE,EXPLICIT,DHLn.DE,XETR,EUR
WS:XETR:DTEGN.DE,DTE.DE,EXPLICIT,DTEGn.DE,XETR,EUR
WS:XETR:DTGGE.DE,DTG.DE,EXPLICIT,DTGGe.DE,XETR,EUR
WS:XETR:ENR1N.DE,ENR.DE,EXPLICIT,ENR1n.DE,XETR,EUR
WS:XETR:EONGN.DE,EOAN.DE,EXPLICIT,EONGn.DE,XETR,EUR
WS:XETR:EVDG.DE,EVD.DE,EXPLICIT,EVDG.DE,XETR,EUR
WS:XETR:EVKN.DE,EVK.DE,EXPLICIT,EVKn.DE,XETR,EUR
WS:XETR:FMEG.DE,FME.DE,EXPLICIT,FMEG.DE,XETR,EUR
WS:XETR:FNTGN.DE,FNTN.DE,EXPLICIT,FNTGn.DE,XETR,EUR
WS:XETR:FPE3_P.DE,FPE3.DE,EXPLICIT,FPE3_p.DE,XETR,EUR
WS:XETR:FRAG.DE,FRA.DE,EXPLICIT,FRAG.DE,XETR,EUR
WS:XETR:FREG.DE,FRE.DE,EXPLICIT,FREG.DE,XETR,EUR
WS:XETR:FTKN.DE,FTK.DE,EXPLICIT,FTKn.DE,XETR,EUR
WS:XETR:G1AG.DE,G1A.DE,EXPLICIT,G1AG.DE,XETR,EUR
WS:XETR:G24N.DE,G24.DE,EXPLICIT,G24n.DE,XETR,EUR
WS:XETR:GBFG.DE,GBF.DE,EXPLICIT,GBFG.DE,XETR,EUR
WS:XETR:HAGG.DE,HAG.DE,EXPLICIT,HAGG.DE,XETR,EUR
WS:XETR:HEIG.DE,HEI.DE,EXPLICIT,HEIG.DE,XETR,EUR
WS:XETR:HNKG_P.DE,HEN3.DE,EXPLICIT,HNKG_p.DE,XETR,EUR
WS:XETR:HNRGN.DE,HNR1.DE,EXPLICIT,HNRGn.DE,XETR,EUR
WS:XETR:HOTG.DE,HOT.DE,EXPLICIT,HOTG.DE,XETR,EUR
WS:XETR:IFXGN.DE,IFX.DE,EXPLICIT,IFXGn.DE,XETR,EUR
WS:XETR:KBX.DE,KBX.DE,EXPLICIT,KBX.DE,XETR,EUR
WS:XETR:KGX.DE,KGX.DE,EXPLICIT,KGX.DE,XETR,EUR
WS:XETR:LEGN.DE,LEG.DE,EXPLICIT,LEGn.DE,XETR,EUR
WS:XETR:LHAG.DE,LHA.DE,EXPLICIT,LHAG.DE,XETR,EUR
WS:XETR:MBGN.DE,MBG.DE,EXPLICIT,MBGn.DE,XETR,EUR
WS:XETR:MRCG.DE,MRK.DE,PROJECT_OVERRIDE,MRCG.DE,XETR,EUR
WS:XETR:MTXGN.DE,MTX.DE,EXPLICIT,MTXGn.DE,XETR,EUR
WS:XETR:MUVGN.DE,MUV2.DE,EXPLICIT,MUVGn.DE,XETR,EUR
WS:XETR:NAFG.DE,NDA.DE,EXPLICIT,NAFG.DE,XETR,EUR
WS:XETR:NDXG.DE,NDX1.DE,EXPLICIT,NDXG.DE,XETR,EUR
WS:XETR:NEKG.DE,NEM.DE,EXPLICIT,NEKG.DE,XETR,EUR
WS:XETR:P911_P.DE,P911.DE,PROJECT_OVERRIDE,P911_p.DE,XETR,EUR
WS:XETR:PSHG_P.DE,PAH3.DE,EXPLICIT,PSHG_p.DE,XETR,EUR
WS:XETR:PUMG.DE,PUM.DE,EXPLICIT,PUMG.DE,XETR,EUR
WS:XETR:QIA.DE,QIA.DE,EXPLICIT,QIA.DE,XETR,EUR
WS:XETR:R3NK.DE,R3NK.DE,EXPLICIT,R3NK.DE,XETR,EUR
WS:XETR:RAAG.DE,RAA.DE,EXPLICIT,RAAG.DE,XETR,EUR
WS:XETR:RHMG.DE,RHM.DE,EXPLICIT,RHMG.DE,XETR,EUR
WS:XETR:RWEG.DE,RWE.DE,EXPLICIT,RWEG.DE,XETR,EUR
WS:XETR:SAPG.DE,SAP.DE,EXPLICIT,SAPG.DE,XETR,EUR
WS:XETR:SATG_P.DE,SRT3.DE,EXPLICIT,SATG_p.DE,XETR,EUR
WS:XETR:SDFGN.DE,SDF.DE,EXPLICIT,SDFGn.DE,XETR,EUR
WS:XETR:SHLG.DE,SHL.DE,EXPLICIT,SHLG.DE,XETR,EUR
WS:XETR:SIEGN.DE,SIE.DE,EXPLICIT,SIEGn.DE,XETR,EUR
WS:XETR:SY1G.DE,SY1.DE,EXPLICIT,SY1G.DE,XETR,EUR
WS:XETR:TEGG.DE,TEG.DE,EXPLICIT,TEGG.DE,XETR,EUR
WS:XETR:TKAG.DE,TKA.DE,EXPLICIT,TKAG.DE,XETR,EUR
WS:XETR:TLXGN.DE,TLX.DE,EXPLICIT,TLXGn.DE,XETR,EUR
WS:XETR:TUI1N.DE,TUI1.DE,EXPLICIT,TUI1n.DE,XETR,EUR
WS:XETR:VNAN.DE,VNA.DE,EXPLICIT,VNAn.DE,XETR,EUR
WS:XETR:VOWG_P.DE,VOW3.DE,EXPLICIT,VOWG_p.DE,XETR,EUR
WS:XETR:ZALG.DE,ZAL.DE,EXPLICIT,ZALG.DE,XETR,EUR
WS:XHEL:ELISA.HE,ELISA.HE,EXPLICIT,ELISA.HE,XHEL,EUR
WS:XHEL:FORTUM.HE,FORTUM.HE,EXPLICIT,FORTUM.HE,XHEL,EUR
WS:XHEL:HIAB.HE,HIAB.HE,EXPLICIT,HIAB.HE,XHEL,EUR
WS:XHEL:HUH1V.HE,HUH1V.HE,EXPLICIT,HUH1V.HE,XHEL,EUR
WS:XHEL:KCRA.HE,KCR.HE,EXPLICIT,KCRA.HE,XHEL,EUR
WS:XHEL:KEMIRA.HE,KEMIRA.HE,EXPLICIT,KEMIRA.HE,XHEL,EUR
WS:XHEL:KESKOB.HE,KESKOB.HE,EXPLICIT,KESKOB.HE,XHEL,EUR
WS:XHEL:KNEBV.HE,KNEBV.HE,EXPLICIT,KNEBV.HE,XHEL,EUR
WS:XHEL:MANTA.HE,MANTA.HE,EXPLICIT,MANTA.HE,XHEL,EUR
WS:XHEL:METSO.HE,METSO.HE,EXPLICIT,METSO.HE,XHEL,EUR
WS:XHEL:NDAFI.HE,NDA-FI.HE,EXPLICIT,NDAFI.HE,XHEL,EUR
WS:XHEL:NESTE.HE,NESTE.HE,EXPLICIT,NESTE.HE,XHEL,EUR
WS:XHEL:NOKIA.HE,NOKIA.HE,EXPLICIT,NOKIA.HE,XHEL,EUR
WS:XHEL:ORNBV.HE,ORNBV.HE,EXPLICIT,ORNBV.HE,XHEL,EUR
WS:XHEL:SAMPO.HE,SAMPO.HE,EXPLICIT,SAMPO.HE,XHEL,EUR
WS:XHEL:STERV.HE,STERV.HE,EXPLICIT,STERV.HE,XHEL,EUR
WS:XHEL:UPM.HE,UPM.HE,EXPLICIT,UPM.HE,XHEL,EUR
WS:XHEL:VALMT.HE,VALMT.HE,EXPLICIT,VALMT.HE,XHEL,EUR
WS:XHEL:WRT1V.HE,WRT1V.HE,EXPLICIT,WRT1V.HE,XHEL,EUR
WS:XLIS:BCP.LS,BCP.LS,EXPLICIT,BCP.LS,XLIS,EUR
WS:XLIS:EDP.LS,EDP.LS,EXPLICIT,EDP.LS,XLIS,EUR
WS:XLIS:EDPR.LS,EDPR.LS,EXPLICIT,EDPR.LS,XLIS,EUR
WS:XLIS:GALP.LS,GALP.LS,EXPLICIT,GALP.LS,XLIS,EUR
WS:XLIS:JMT.LS,JMT.LS,EXPLICIT,JMT.LS,XLIS,EUR
WS:XLON:AAF.L,AAF.L,EXPLICIT,AAF.L,XLON,GBP
WS:XLON:AAL.L,AAL.L,EXPLICIT,AAL.L,XLON,GBP
WS:XLON:ABDN.L,ABDN.L,EXPLICIT,ABDN.L,XLON,GBP
WS:XLON:ABF.L,ABF.L,EXPLICIT,ABF.L,XLON,GBP
WS:XLON:ADML.L,ADM.L,EXPLICIT,ADML.L,XLON,GBP
WS:XLON:ANTO.L,ANTO.L,EXPLICIT,ANTO.L,XLON,GBP
WS:XLON:AUTOA.L,AUTO.L,EXPLICIT,AUTOA.L,XLON,GBP
WS:XLON:AV.L,AV.L,EXPLICIT,AV.L,XLON,GBP
WS:XLON:AZN.L,AZN.L,EXPLICIT,AZN.L,XLON,GBP
WS:XLON:BAB.L,BAB.L,EXPLICIT,BAB.L,XLON,GBP
WS:XLON:BAES.L,BA.L,PROJECT_OVERRIDE,BAES.L,XLON,GBP
WS:XLON:BALF.L,BBY.L,EXPLICIT,BALF.L,XLON,GBP
WS:XLON:BARC.L,BARC.L,EXPLICIT,BARC.L,XLON,GBP
WS:XLON:BATS.L,BATS.L,EXPLICIT,BATS.L,XLON,GBP
WS:XLON:BBOXT.L,BBOX.L,EXPLICIT,BBOXT.L,XLON,GBP
WS:XLON:BEZG.L,BEZ.L,EXPLICIT,BEZG.L,XLON,GBP
WS:XLON:BGEO.L,BGEO.L,EXPLICIT,BGEO.L,XLON,GBP
WS:XLON:BKGH.L,BKG.L,EXPLICIT,BKGH.L,XLON,GBP
WS:XLON:BLND.L,BLND.L,EXPLICIT,BLND.L,XLON,GBP
WS:XLON:BNZL.L,BNZL.L,EXPLICIT,BNZL.L,XLON,GBP
WS:XLON:BP.L,BP.L,EXPLICIT,BP.L,XLON,GBP
WS:XLON:BPTB.L,BPT.L,EXPLICIT,BPTB.L,XLON,GBP
WS:XLON:BRBY.L,BRBY.L,EXPLICIT,BRBY.L,XLON,GBP
WS:XLON:BT.L,BT-A.L,EXPLICIT,BT.L,XLON,GBP
WS:XLON:BTRW.L,BTRW.L,EXPLICIT,BTRW.L,XLON,GBP
WS:XLON:BWY.L,BWY.L,EXPLICIT,BWY.L,XLON,GBP
WS:XLON:CCC.L,CCC.L,EXPLICIT,CCC.L,XLON,GBP
WS:XLON:CCH.L,CCH.L,EXPLICIT,CCH.L,XLON,GBP
WS:XLON:CNA.L,CNA.L,EXPLICIT,CNA.L,XLON,GBP
WS:XLON:CPG.L,CPG.L,EXPLICIT,CPG.L,XLON,USD
WS:XLON:CRDA.L,CRDA.L,EXPLICIT,CRDA.L,XLON,GBP
WS:XLON:CTEC.L,CTEC.L,EXPLICIT,CTEC.L,XLON,GBP
WS:XLON:CWK.L,CWK.L,EXPLICIT,CWK.L,XLON,GBP
WS:XLON:DCC.L,DCC.L,EXPLICIT,DCC.L,XLON,GBP
WS:XLON:DGE.L,DGE.L,EXPLICIT,DGE.L,XLON,GBP
WS:XLON:DLN.L,DLN.L,EXPLICIT,DLN.L,XLON,GBP
WS:XLON:DPLM.L,DPLM.L,EXPLICIT,DPLM.L,XLON,GBP
WS:XLON:DRX.L,DRX.L,EXPLICIT,DRX.L,XLON,GBP
WS:XLON:EMG.L,EMG.L,EXPLICIT,EMG.L,XLON,GBP
WS:XLON:ENT.L,ENT.L,EXPLICIT,ENT.L,XLON,GBP
WS:XLON:EXPN.L,EXPN.L,EXPLICIT,EXPN.L,XLON,GBP
WS:XLON:FRES.L,FRES.L,EXPLICIT,FRES.L,XLON,GBP
WS:XLON:GAW.L,GAW.L,EXPLICIT,GAW.L,XLON,GBP
WS:XLON:GLEN.L,GLEN.L,EXPLICIT,GLEN.L,XLON,GBP
WS:XLON:GSK.L,GSK.L,EXPLICIT,GSK.L,XLON,GBP
WS:XLON:HIK.L,HIK.L,EXPLICIT,HIK.L,XLON,GBP
WS:XLON:HLMA.L,HLMA.L,EXPLICIT,HLMA.L,XLON,GBP
WS:XLON:HLN.L,HLN.L,EXPLICIT,HLN.L,XLON,GBP
WS:XLON:HOCM.L,HOC.L,EXPLICIT,HOCM.L,XLON,GBP
WS:XLON:HSBA.L,HSBA.L,EXPLICIT,HSBA.L,XLON,GBP
WS:XLON:HSX.L,HSX.L,EXPLICIT,HSX.L,XLON,GBP
WS:XLON:HWDN.L,HWDN.L,EXPLICIT,HWDN.L,XLON,GBP
WS:XLON:ICAG.L,IAG.L,EXPLICIT,ICAG.L,XLON,GBP
WS:XLON:ICGIN.L,ICG.L,EXPLICIT,ICGIN.L,XLON,GBP
WS:XLON:IGG.L,IGG.L,EXPLICIT,IGG.L,XLON,GBP
WS:XLON:IHG.L,IHG.L,EXPLICIT,IHG.L,XLON,USD
WS:XLON:III.L,III.L,EXPLICIT,III.L,XLON,GBP
WS:XLON:IMB.L,IMB.L,EXPLICIT,IMB.L,XLON,GBP
WS:XLON:IMI.L,IMI.L,EXPLICIT,IMI.L,XLON,GBP
WS:XLON:INCH.L,INCH.L,EXPLICIT,INCH.L,XLON,GBP
WS:XLON:INF.L,INF.L,EXPLICIT,INF.L,XLON,GBP
WS:XLON:INVP.L,INVP.L,EXPLICIT,INVP.L,XLON,GBP
WS:XLON:ITRK.L,ITRK.L,EXPLICIT,ITRK.L,XLON,GBP
WS:XLON:ITV.L,ITV.L,EXPLICIT,ITV.L,XLON,GBP
WS:XLON:JD.L,JD.L,EXPLICIT,JD.L,XLON,GBP
WS:XLON:JMAT.L,JMAT.L,EXPLICIT,JMAT.L,XLON,GBP
WS:XLON:KGF.L,KGF.L,EXPLICIT,KGF.L,XLON,GBP
WS:XLON:LAND.L,LAND.L,EXPLICIT,LAND.L,XLON,GBP
WS:XLON:LGEN.L,LGEN.L,EXPLICIT,LGEN.L,XLON,GBP
WS:XLON:LLOY.L,LLOY.L,EXPLICIT,LLOY.L,XLON,GBP
WS:XLON:LMPL.L,LMP.L,PROJECT_OVERRIDE,LMPL.L,XLON,GBP
WS:XLON:LSEG.L,LSEG.L,EXPLICIT,LSEG.L,XLON,GBP
WS:XLON:MKS.L,MKS.L,EXPLICIT,MKS.L,XLON,GBP
WS:XLON:MNDI.L,MNDI.L,EXPLICIT,MNDI.L,XLON,GBP
WS:XLON:MNG.L,MNG.L,EXPLICIT,MNG.L,XLON,GBP
WS:XLON:MRON.L,MRO.L,EXPLICIT,MRON.L,XLON,GBP
WS:XLON:MTO.L,MTO.L,EXPLICIT,MTO.L,XLON,GBP
WS:XLON:NG.L,NG.L,EXPLICIT,NG.L,XLON,GBP
WS:XLON:NWG.L,NWG.L,EXPLICIT,NWG.L,XLON,GBP
WS:XLON:NXT.L,NXT.L,EXPLICIT,NXT.L,XLON,GBP
WS:XLON:PAFR.L,PAF.L,EXPLICIT,PAFR.L,XLON,GBP
WS:XLON:PHP.L,PHP.L,EXPLICIT,PHP.L,XLON,GBP
WS:XLON:PLUSP.L,PLUS.L,EXPLICIT,PLUSP.L,XLON,GBP
WS:XLON:PNN.L,PNN.L,EXPLICIT,PNN.L,XLON,GBP
WS:XLON:PRU.L,PRU.L,EXPLICIT,PRU.L,XLON,GBP
WS:XLON:PSN.L,PSN.L,EXPLICIT,PSN.L,XLON,GBP
WS:XLON:PSON.L,PSON.L,EXPLICIT,PSON.L,XLON,GBP
WS:XLON:QLT.L,QLT.L,EXPLICIT,QLT.L,XLON,GBP
WS:XLON:QQ.L,QQ.L,EXPLICIT,QQ.L,XLON,GBP
WS:XLON:REL.L,REL.L,EXPLICIT,REL.L,XLON,GBP
WS:XLON:RIO.L,RIO.L,EXPLICIT,RIO.L,XLON,GBP
WS:XLON:RKT.L,RKT.L,EXPLICIT,RKT.L,XLON,GBP
WS:XLON:RMV.L,RMV.L,EXPLICIT,RMV.L,XLON,GBP
WS:XLON:ROR.L,ROR.L,EXPLICIT,ROR.L,XLON,GBP
WS:XLON:RR.L,RR.L,EXPLICIT,RR.L,XLON,GBP
WS:XLON:RS1R.L,RS1.L,EXPLICIT,RS1R.L,XLON,GBP
WS:XLON:RTO.L,RTO.L,EXPLICIT,RTO.L,XLON,GBP
WS:XLON:SBRY.L,SBRY.L,EXPLICIT,SBRY.L,XLON,GBP
WS:XLON:SDLF.L,SDLF.L,EXPLICIT,SDLF.L,XLON,GBP
WS:XLON:SDR.L,SDR.L,EXPLICIT,SDR.L,XLON,GBP
WS:XLON:SGE.L,SGE.L,EXPLICIT,SGE.L,XLON,GBP
WS:XLON:SGRO.L,SGRO.L,EXPLICIT,SGRO.L,XLON,GBP
WS:XLON:SHCS.L,SHC.L,EXPLICIT,SHCS.L,XLON,GBP
WS:XLON:SJP.L,STJ.L,EXPLICIT,SJP.L,XLON,GBP
WS:XLON:SMIN.L,SMIN.L,EXPLICIT,SMIN.L,XLON,GBP
WS:XLON:SN.L,SN.L,EXPLICIT,SN.L,XLON,GBP
WS:XLON:SPX.L,SPX.L,EXPLICIT,SPX.L,XLON,GBP
WS:XLON:SRP.L,SRP.L,EXPLICIT,SRP.L,XLON,GBP
WS:XLON:SSE.L,SSE.L,EXPLICIT,SSE.L,XLON,GBP
WS:XLON:STAN.L,STAN.L,EXPLICIT,STAN.L,XLON,GBP
WS:XLON:SVT.L,SVT.L,EXPLICIT,SVT.L,XLON,GBP
WS:XLON:TBCG.L,TBCG.L,EXPLICIT,TBCG.L,XLON,GBP
WS:XLON:TCAPI.L,TCAP.L,EXPLICIT,TCAPI.L,XLON,GBP
WS:XLON:TSCO.L,TSCO.L,EXPLICIT,TSCO.L,XLON,GBP
WS:XLON:TW.L,TW.L,EXPLICIT,TW.L,XLON,GBP
WS:XLON:ULVR.L,ULVR.L,EXPLICIT,ULVR.L,XLON,GBP
WS:XLON:UTG.L,UTG.L,EXPLICIT,UTG.L,XLON,GBP
WS:XLON:UU.L,UU.L,EXPLICIT,UU.L,XLON,GBP
WS:XLON:VOD.L,VOD.L,EXPLICIT,VOD.L,XLON,GBP
WS:XLON:WEIR.L,WEIR.L,EXPLICIT,WEIR.L,XLON,GBP
WS:XLON:WISEA.L,WISE.L,PROJECT_OVERRIDE,WISEa.L,XLON,GBP
WS:XLON:WPP.L,WPP.L,EXPLICIT,WPP.L,XLON,GBP
WS:XLON:WTB.L,WTB.L,EXPLICIT,WTB.L,XLON,GBP
WS:XLON:ZEG.L,ZEG.L,EXPLICIT,ZEG.L,XLON,GBP
WS:XMAD:ACS.MC,ACS.MC,EXPLICIT,ACS.MC,XMAD,EUR
WS:XMAD:ACX.MC,ACX.MC,EXPLICIT,ACX.MC,XMAD,EUR
WS:XMAD:AENA.MC,AENA.MC,EXPLICIT,AENA.MC,XMAD,EUR
WS:XMAD:AMA.MC,AMS.MC,EXPLICIT,AMA.MC,XMAD,EUR
WS:XMAD:ANA.MC,ANA.MC,EXPLICIT,ANA.MC,XMAD,EUR
WS:XMAD:BBVA.MC,BBVA.MC,EXPLICIT,BBVA.MC,XMAD,EUR
WS:XMAD:BKT.MC,BKT.MC,EXPLICIT,BKT.MC,XMAD,EUR
WS:XMAD:CABK.MC,CABK.MC,EXPLICIT,CABK.MC,XMAD,EUR
WS:XMAD:CLNX.MC,CLNX.MC,EXPLICIT,CLNX.MC,XMAD,EUR
WS:XMAD:ELE.MC,ELE.MC,EXPLICIT,ELE.MC,XMAD,EUR
WS:XMAD:ENAG.MC,ENG.MC,EXPLICIT,ENAG.MC,XMAD,EUR
WS:XMAD:FER.MC,FER.MC,EXPLICIT,FER.MC,XMAD,EUR
WS:XMAD:GRLS.MC,GRF.MC,EXPLICIT,GRLS.MC,XMAD,EUR
WS:XMAD:IBE.MC,IBE.MC,EXPLICIT,IBE.MC,XMAD,EUR
WS:XMAD:IDR.MC,IDR.MC,EXPLICIT,IDR.MC,XMAD,EUR
WS:XMAD:ITX.MC,ITX.MC,EXPLICIT,ITX.MC,XMAD,EUR
WS:XMAD:MAP.MC,MAP.MC,EXPLICIT,MAP.MC,XMAD,EUR
WS:XMAD:MRL.MC,MRL.MC,EXPLICIT,MRL.MC,XMAD,EUR
WS:XMAD:NTGY.MC,NTGY.MC,EXPLICIT,NTGY.MC,XMAD,EUR
WS:XMAD:PUIGB.MC,PUIG.MC,EXPLICIT,PUIGb.MC,XMAD,EUR
WS:XMAD:REDE.MC,RED.MC,EXPLICIT,REDE.MC,XMAD,EUR
WS:XMAD:REP.MC,REP.MC,EXPLICIT,REP.MC,XMAD,EUR
WS:XMAD:SABE.MC,SAB.MC,EXPLICIT,SABE.MC,XMAD,EUR
WS:XMAD:SAN.MC,SAN.MC,EXPLICIT,SAN.MC,XMAD,EUR
WS:XMAD:SCYR.MC,SCYR.MC,EXPLICIT,SCYR.MC,XMAD,EUR
WS:XMAD:TEF.MC,TEF.MC,EXPLICIT,TEF.MC,XMAD,EUR
WS:XMAD:UNI.MC,UNI.MC,EXPLICIT,UNI.MC,XMAD,EUR
WS:XMAD:VIS.MC,VIS.MC,EXPLICIT,VIS.MC,XMAD,EUR
WS:XMIL:A2.MI,A2A.MI,EXPLICIT,A2.MI,XMIL,EUR
WS:XMIL:AZMT.MI,AZM.MI,EXPLICIT,AZMT.MI,XMIL,EUR
WS:XMIL:BAMI.MI,BAMI.MI,EXPLICIT,BAMI.MI,XMIL,EUR
WS:XMIL:BCU.MI,BC.MI,EXPLICIT,BCU.MI,XMIL,EUR
WS:XMIL:BGN.MI,BGN.MI,EXPLICIT,BGN.MI,XMIL,EUR
WS:XMIL:BMED.MI,BMED.MI,EXPLICIT,BMED.MI,XMIL,EUR
WS:XMIL:BMPS.MI,BMPS.MI,EXPLICIT,BMPS.MI,XMIL,EUR
WS:XMIL:BZU.MI,BZU.MI,EXPLICIT,BZU.MI,XMIL,EUR
WS:XMIL:CPRI.MI,CPR.MI,EXPLICIT,CPRI.MI,XMIL,EUR
WS:XMIL:CRDI.MI,UCG.MI,EXPLICIT,CRDI.MI,XMIL,EUR
WS:XMIL:DLG.MI,DLG.MI,EXPLICIT,DLG.MI,XMIL,EUR
WS:XMIL:EMII.MI,BPE.MI,EXPLICIT,EMII.MI,XMIL,EUR
WS:XMIL:ENEI.MI,ENEL.MI,EXPLICIT,ENEI.MI,XMIL,EUR
WS:XMIL:ENI.MI,ENI.MI,EXPLICIT,ENI.MI,XMIL,EUR
WS:XMIL:FBK.MI,FBK.MI,EXPLICIT,FBK.MI,XMIL,EUR
WS:XMIL:GASI.MI,G.MI,EXPLICIT,GASI.MI,XMIL,EUR
WS:XMIL:HRA.MI,HER.MI,EXPLICIT,HRA.MI,XMIL,EUR
WS:XMIL:IG.MI,IG.MI,EXPLICIT,IG.MI,XMIL,EUR
WS:XMIL:ISP.MI,ISP.MI,EXPLICIT,ISP.MI,XMIL,EUR
WS:XMIL:ITPG.MI,IP.MI,EXPLICIT,ITPG.MI,XMIL,EUR
WS:XMIL:IVG.MI,IVG.MI,EXPLICIT,IVG.MI,XMIL,EUR
WS:XMIL:LDOF.MI,LDO.MI,EXPLICIT,LDOF.MI,XMIL,EUR
WS:XMIL:LTMC.MI,LTMC.MI,EXPLICIT,LTMC.MI,XMIL,EUR
WS:XMIL:MONC.MI,MONC.MI,EXPLICIT,MONC.MI,XMIL,EUR
WS:XMIL:NEXII.MI,NEXI.MI,EXPLICIT,NEXII.MI,XMIL,EUR
WS:XMIL:PIRC.MI,PIRC.MI,EXPLICIT,PIRC.MI,XMIL,EUR
WS:XMIL:PRY.MI,PRY.MI,EXPLICIT,PRY.MI,XMIL,EUR
WS:XMIL:PST.MI,PST.MI,EXPLICIT,PST.MI,XMIL,EUR
WS:XMIL:RACE.MI,RACE.MI,EXPLICIT,RACE.MI,XMIL,EUR
WS:XMIL:RECI.MI,REC.MI,EXPLICIT,RECI.MI,XMIL,EUR
WS:XMIL:REY.MI,REY.MI,EXPLICIT,REY.MI,XMIL,EUR
WS:XMIL:SPMI.MI,SPM.MI,EXPLICIT,SPMI.MI,XMIL,EUR
WS:XMIL:SRG.MI,SRG.MI,EXPLICIT,SRG.MI,XMIL,EUR
WS:XMIL:STLAM.MI,STLAM.MI,EXPLICIT,STLAM.MI,XMIL,EUR
WS:XMIL:STMMI.MI,STMMI.MI,EXPLICIT,STMMI.MI,XMIL,EUR
WS:XMIL:TENR.MI,TEN.MI,EXPLICIT,TENR.MI,XMIL,EUR
WS:XMIL:TLIT.MI,TIT.MI,EXPLICIT,TLIT.MI,XMIL,EUR
WS:XMIL:TPRO.MI,TPRO.MI,EXPLICIT,TPRO.MI,XMIL,EUR
WS:XMIL:TRN.MI,TRN.MI,EXPLICIT,TRN.MI,XMIL,EUR
WS:XMIL:UNPI.MI,UNI.MI,EXPLICIT,UNPI.MI,XMIL,EUR
WS:XOSL:AKER.OL,AKER.OL,EXPLICIT,AKER.OL,XOSL,NOK
WS:XOSL:AKRBP.OL,AKRBP.OL,EXPLICIT,AKRBP.OL,XOSL,NOK
WS:XOSL:BAKKA.OL,BAKKA.OL,EXPLICIT,BAKKA.OL,XOSL,NOK
WS:XOSL:DNB.OL,DNB.OL,EXPLICIT,DNB.OL,XOSL,NOK
WS:XOSL:EQNR.OL,EQNR.OL,EXPLICIT,EQNR.OL,XOSL,NOK
WS:XOSL:FRO.OL,FRO.OL,EXPLICIT,FRO.OL,XOSL,NOK
WS:XOSL:GJFG.OL,GJF.OL,EXPLICIT,GJFG.OL,XOSL,NOK
WS:XOSL:KMAR.OL,KMAR.OL,EXPLICIT,KMAR.OL,XOSL,NOK
WS:XOSL:KOG.OL,KOG.OL,EXPLICIT,KOG.OL,XOSL,NOK
WS:XOSL:MOWI.OL,MOWI.OL,EXPLICIT,MOWI.OL,XOSL,NOK
WS:XOSL:NHY.OL,NHY.OL,EXPLICIT,NHY.OL,XOSL,NOK
WS:XOSL:NOD.OL,NOD.OL,EXPLICIT,NOD.OL,XOSL,NOK
WS:XOSL:ORK.OL,ORK.OL,EXPLICIT,ORK.OL,XOSL,NOK
WS:XOSL:SALM.OL,SALM.OL,EXPLICIT,SALM.OL,XOSL,NOK
WS:XOSL:SB1NO.OL,SB1NO.OL,EXPLICIT,SB1NO.OL,XOSL,NOK
WS:XOSL:SBNOR.OL,SBNOR.OL,EXPLICIT,SBNOR.OL,XOSL,NOK
WS:XOSL:STB.OL,STB.OL,EXPLICIT,STB.OL,XOSL,NOK
WS:XOSL:SUBC.OL,SUBC.OL,EXPLICIT,SUBC.OL,XOSL,NOK
WS:XOSL:TEL.OL,TEL.OL,EXPLICIT,TEL.OL,XOSL,NOK
WS:XOSL:TGS.OL,TGS.OL,EXPLICIT,TGS.OL,XOSL,NOK
WS:XOSL:TOM.OL,TOM.OL,EXPLICIT,TOM.OL,XOSL,NOK
WS:XOSL:VAR.OL,VAR.OL,EXPLICIT,VAR.OL,XOSL,NOK
WS:XOSL:VEND.OL,VEND.OL,EXPLICIT,VEND.OL,XOSL,NOK
WS:XOSL:YAR.OL,YAR.OL,EXPLICIT,YAR.OL,XOSL,NOK
WS:XPAR:ABVX.PA,ABVX.PA,EXPLICIT,ABVX.PA,XPAR,EUR
WS:XPAR:ACCP.PA,AC.PA,EXPLICIT,ACCP.PA,XPAR,EUR
WS:XPAR:ADP.PA,ADP.PA,EXPLICIT,ADP.PA,XPAR,EUR
WS:XPAR:AIR.PA,AIR.PA,EXPLICIT,AIR.PA,XPAR,EUR
WS:XPAR:AIRP.PA,AI.PA,EXPLICIT,AIRP.PA,XPAR,EUR
WS:XPAR:AKE.PA,AKE.PA,EXPLICIT,AKE.PA,XPAR,EUR
WS:XPAR:ALSO.PA,ALO.PA,EXPLICIT,ALSO.PA,XPAR,EUR
WS:XPAR:AM.PA,AM.PA,EXPLICIT,AM.PA,XPAR,EUR
WS:XPAR:AMUN.PA,AMUN.PA,EXPLICIT,AMUN.PA,XPAR,EUR
WS:XPAR:AXAF.PA,CS.PA,EXPLICIT,AXAF.PA,XPAR,EUR
WS:XPAR:AYV.PA,AYV.PA,EXPLICIT,AYV.PA,XPAR,EUR
WS:XPAR:BIOX.PA,BIM.PA,EXPLICIT,BIOX.PA,XPAR,EUR
WS:XPAR:BNPP.PA,BNP.PA,EXPLICIT,BNPP.PA,XPAR,EUR
WS:XPAR:BOLL.PA,BOL.PA,EXPLICIT,BOLL.PA,XPAR,EUR
WS:XPAR:BOUY.PA,EN.PA,EXPLICIT,BOUY.PA,XPAR,EUR
WS:XPAR:BVI.PA,BVI.PA,EXPLICIT,BVI.PA,XPAR,EUR
WS:XPAR:CAGR.PA,ACA.PA,EXPLICIT,CAGR.PA,XPAR,EUR
WS:XPAR:CAPP.PA,CAP.PA,EXPLICIT,CAPP.PA,XPAR,EUR
WS:XPAR:CARR.PA,CA.PA,EXPLICIT,CARR.PA,XPAR,EUR
WS:XPAR:CVO.PA,COV.PA,EXPLICIT,CVO.PA,XPAR,EUR
WS:XPAR:DANO.PA,BN.PA,EXPLICIT,DANO.PA,XPAR,EUR
WS:XPAR:DAST.PA,DSY.PA,EXPLICIT,DAST.PA,XPAR,EUR
WS:XPAR:EDEN.PA,EDEN.PA,EXPLICIT,EDEN.PA,XPAR,EUR
WS:XPAR:ELIS.PA,ELIS.PA,EXPLICIT,ELIS.PA,XPAR,EUR
WS:XPAR:ENGIE.PA,ENGI.PA,EXPLICIT,ENGIE.PA,XPAR,EUR
WS:XPAR:ENX.PA,ENX.PA,EXPLICIT,ENX.PA,XPAR,EUR
WS:XPAR:ESLX.PA,EL.PA,EXPLICIT,ESLX.PA,XPAR,EUR
WS:XPAR:EUFI.PA,ERF.PA,EXPLICIT,EUFI.PA,XPAR,EUR
WS:XPAR:EXHO.PA,SW.PA,EXPLICIT,EXHO.PA,XPAR,EUR
WS:XPAR:FDJU.PA,FDJU.PA,EXPLICIT,FDJU.PA,XPAR,EUR
WS:XPAR:FOUG.PA,FGR.PA,EXPLICIT,FOUG.PA,XPAR,EUR
WS:XPAR:GETP.PA,GET.PA,EXPLICIT,GETP.PA,XPAR,EUR
WS:XPAR:GFCP.PA,GFC.PA,EXPLICIT,GFCP.PA,XPAR,EUR
WS:XPAR:GTT.PA,GTT.PA,EXPLICIT,GTT.PA,XPAR,EUR
WS:XPAR:HRMS.PA,RMS.PA,EXPLICIT,HRMS.PA,XPAR,EUR
WS:XPAR:IPN.PA,IPN.PA,EXPLICIT,IPN.PA,XPAR,EUR
WS:XPAR:LEGD.PA,LR.PA,EXPLICIT,LEGD.PA,XPAR,EUR
WS:XPAR:LOIM.PA,LI.PA,EXPLICIT,LOIM.PA,XPAR,EUR
WS:XPAR:LVMH.PA,MC.PA,EXPLICIT,LVMH.PA,XPAR,EUR
WS:XPAR:MICP.PA,ML.PA,EXPLICIT,MICP.PA,XPAR,EUR
WS:XPAR:NEXS.PA,NEX.PA,EXPLICIT,NEXS.PA,XPAR,EUR
WS:XPAR:ORAN.PA,ORA.PA,EXPLICIT,ORAN.PA,XPAR,EUR
WS:XPAR:OREP.PA,OR.PA,EXPLICIT,OREP.PA,XPAR,EUR
WS:XPAR:PERP.PA,RI.PA,EXPLICIT,PERP.PA,XPAR,EUR
WS:XPAR:PRTP.PA,KER.PA,EXPLICIT,PRTP.PA,XPAR,EUR
WS:XPAR:PUBP.PA,PUB.PA,EXPLICIT,PUBP.PA,XPAR,EUR
WS:XPAR:RENA.PA,RNO.PA,EXPLICIT,RENA.PA,XPAR,EUR
WS:XPAR:RUBF.PA,RUI.PA,EXPLICIT,RUBF.PA,XPAR,EUR
WS:XPAR:RXL.PA,RXL.PA,EXPLICIT,RXL.PA,XPAR,EUR
WS:XPAR:SAF.PA,SAF.PA,EXPLICIT,SAF.PA,XPAR,EUR
WS:XPAR:SASY.PA,SAN.PA,EXPLICIT,SASY.PA,XPAR,EUR
WS:XPAR:SCHN.PA,SU.PA,EXPLICIT,SCHN.PA,XPAR,EUR
WS:XPAR:SCOR.PA,SCR.PA,EXPLICIT,SCOR.PA,XPAR,EUR
WS:XPAR:SESFD.PA,SESG.PA,EXPLICIT,SESFd.PA,XPAR,EUR
WS:XPAR:SGEF.PA,DG.PA,EXPLICIT,SGEF.PA,XPAR,EUR
WS:XPAR:SGOB.PA,SGO.PA,EXPLICIT,SGOB.PA,XPAR,EUR
WS:XPAR:SOGN.PA,GLE.PA,EXPLICIT,SOGN.PA,XPAR,EUR
WS:XPAR:SOIT.PA,SOI.PA,EXPLICIT,SOIT.PA,XPAR,EUR
WS:XPAR:SOPR.PA,SOP.PA,EXPLICIT,SOPR.PA,XPAR,EUR
WS:XPAR:SPIE.PA,SPIE.PA,EXPLICIT,SPIE.PA,XPAR,EUR
WS:XPAR:STDM.PA,DIM.PA,EXPLICIT,STDM.PA,XPAR,EUR
WS:XPAR:TCFP.PA,HO.PA,EXPLICIT,TCFP.PA,XPAR,EUR
WS:XPAR:TE.PA,TE.PA,EXPLICIT,TE.PA,XPAR,EUR
WS:XPAR:TEPRF.PA,TEP.PA,EXPLICIT,TEPRF.PA,XPAR,EUR
WS:XPAR:TTEF.PA,TTE.PA,EXPLICIT,TTEF.PA,XPAR,EUR
WS:XPAR:URW.PA,URW.PA,EXPLICIT,URW.PA,XPAR,EUR
WS:XPAR:VIE.PA,VIE.PA,EXPLICIT,VIE.PA,XPAR,EUR
WS:XPAR:VLLP.PA,VK.PA,EXPLICIT,VLLP.PA,XPAR,EUR
WS:XPAR:VLOF.PA,FR.PA,EXPLICIT,VLOF.PA,XPAR,EUR
WS:XSTO:AAK.ST,AAK.ST,EXPLICIT,AAK.ST,XSTO,SEK
WS:XSTO:ADDTB.ST,ADDT-B.ST,EXPLICIT,ADDTb.ST,XSTO,SEK
WS:XSTO:ALFA.ST,ALFA.ST,EXPLICIT,ALFA.ST,XSTO,SEK
WS:XSTO:ASSAB.ST,ASSA-B.ST,EXPLICIT,ASSAb.ST,XSTO,SEK
WS:XSTO:ATCOA.ST,ATCO-A.ST,EXPLICIT,ATCOa.ST,XSTO,SEK
WS:XSTO:AVANZ.ST,AZA.ST,EXPLICIT,AVANZ.ST,XSTO,SEK
WS:XSTO:AXFO.ST,AXFO.ST,EXPLICIT,AXFO.ST,XSTO,SEK
WS:XSTO:BALDB.ST,BALD-B.ST,EXPLICIT,BALDb.ST,XSTO,SEK
WS:XSTO:BEIJB.ST,BEIJ-B.ST,EXPLICIT,BEIJb.ST,XSTO,SEK
WS:XSTO:BOL.ST,BOL.ST,EXPLICIT,BOL.ST,XSTO,SEK
WS:XSTO:CAST.ST,CAST.ST,EXPLICIT,CAST.ST,XSTO,SEK
WS:XSTO:EPIRA.ST,EPI-A.ST,EXPLICIT,EPIRa.ST,XSTO,SEK
WS:XSTO:EQTAB.ST,EQT.ST,PROJECT_OVERRIDE,EQTAB.ST,XSTO,SEK
WS:XSTO:ERICB.ST,ERIC-B.ST,EXPLICIT,ERICb.ST,XSTO,SEK
WS:XSTO:ESSITYB.ST,ESSITY-B.ST,EXPLICIT,ESSITYb.ST,XSTO,SEK
WS:XSTO:EVOG.ST,EVO.ST,EXPLICIT,EVOG.ST,XSTO,SEK
WS:XSTO:GETIB.ST,GETI-B.ST,EXPLICIT,GETIb.ST,XSTO,SEK
WS:XSTO:HEXAB.ST,HEXA-B.ST,EXPLICIT,HEXAb.ST,XSTO,SEK
WS:XSTO:HMB.ST,HM-B.ST,EXPLICIT,HMb.ST,XSTO,SEK
WS:XSTO:HOLMB.ST,HOLM-B.ST,EXPLICIT,HOLMb.ST,XSTO,SEK
WS:XSTO:INDT.ST,INDT.ST,EXPLICIT,INDT.ST,XSTO,SEK
WS:XSTO:INDUC.ST,INDU-C.ST,EXPLICIT,INDUc.ST,XSTO,SEK
WS:XSTO:INVEB.ST,INVE-B.ST,EXPLICIT,INVEb.ST,XSTO,SEK
WS:XSTO:LAGRB.ST,LAGR-B.ST,EXPLICIT,LAGRb.ST,XSTO,SEK
WS:XSTO:LATOB.ST,LATO-B.ST,EXPLICIT,LATOb.ST,XSTO,SEK
WS:XSTO:LIFCOB.ST,LIFCO-B.ST,EXPLICIT,LIFCOb.ST,XSTO,SEK
WS:XSTO:LOOMIS.ST,LOOMIS.ST,EXPLICIT,LOOMIS.ST,XSTO,SEK
WS:XSTO:LUNDB.ST,LUND-B.ST,EXPLICIT,LUNDb.ST,XSTO,SEK
WS:XSTO:MYCR.ST,MYCR.ST,EXPLICIT,MYCR.ST,XSTO,SEK
WS:XSTO:NIBEB.ST,NIBE-B.ST,EXPLICIT,NIBEb.ST,XSTO,SEK
WS:XSTO:OCTVSDB.ST,OCTV,EXPLICIT,OCTVsdb.ST,XSTO,SEK
WS:XSTO:SAABB.ST,SAAB-B.ST,EXPLICIT,SAABb.ST,XSTO,SEK
WS:XSTO:SAGAB.ST,SAGA-B.ST,EXPLICIT,SAGAb.ST,XSTO,SEK
WS:XSTO:SAND.ST,SAND.ST,EXPLICIT,SAND.ST,XSTO,SEK
WS:XSTO:SAVE.ST,SAVE.ST,EXPLICIT,SAVE.ST,XSTO,SEK
WS:XSTO:SCAB.ST,SCA-B.ST,EXPLICIT,SCAb.ST,XSTO,SEK
WS:XSTO:SEBA.ST,SEB-A.ST,EXPLICIT,SEBa.ST,XSTO,SEK
WS:XSTO:SECTB.ST,SECT-B.ST,EXPLICIT,SECTb.ST,XSTO,SEK
WS:XSTO:SECUB.ST,SECU-B.ST,EXPLICIT,SECUb.ST,XSTO,SEK
WS:XSTO:SHBA.ST,SHB-A.ST,EXPLICIT,SHBa.ST,XSTO,SEK
WS:XSTO:SKAB.ST,SKA-B.ST,EXPLICIT,SKAb.ST,XSTO,SEK
WS:XSTO:SKFB.ST,SKF-B.ST,EXPLICIT,SKFb.ST,XSTO,SEK
WS:XSTO:SOBIV.ST,SOBI.ST,EXPLICIT,SOBIV.ST,XSTO,SEK
WS:XSTO:SSABB.ST,SSAB-B.ST,EXPLICIT,SSABb.ST,XSTO,SEK
WS:XSTO:SWECB.ST,SWEC-B.ST,EXPLICIT,SWECb.ST,XSTO,SEK
WS:XSTO:SWEDA.ST,SWED-A.ST,EXPLICIT,SWEDa.ST,XSTO,SEK
WS:XSTO:TEL2B.ST,TEL2-B.ST,EXPLICIT,TEL2b.ST,XSTO,SEK
WS:XSTO:TELIA.ST,TELIA.ST,EXPLICIT,TELIA.ST,XSTO,SEK
WS:XSTO:THULE.ST,THULE.ST,EXPLICIT,THULE.ST,XSTO,SEK
WS:XSTO:TRELB.ST,TREL-B.ST,EXPLICIT,TRELb.ST,XSTO,SEK
WS:XSTO:VOLVB.ST,VOLV-B.ST,EXPLICIT,VOLVb.ST,XSTO,SEK
WS:XSTO:VSURE.ST,VSURE.ST,EXPLICIT,VSURE.ST,XSTO,EUR
WS:XSTO:WIHL.ST,WIHL.ST,EXPLICIT,WIHL.ST,XSTO,SEK
WS:XSWX:ABBN.S,ABBN.SW,EXPLICIT,ABBN.S,XSWX,CHF
WS:XSWX:ACLN.S,ACLN.SW,EXPLICIT,ACLN.S,XSWX,CHF
WS:XSWX:ADEN.S,ADEN.SW,EXPLICIT,ADEN.S,XSWX,CHF
WS:XSWX:ALCC.S,ALC.SW,EXPLICIT,ALCC.S,XSWX,CHF
WS:XSWX:ALLN.S,ALLN.SW,EXPLICIT,ALLN.S,XSWX,CHF
WS:XSWX:AVOL.S,AVOL.SW,EXPLICIT,AVOL.S,XSWX,CHF
WS:XSWX:BAER.S,BAER.SW,EXPLICIT,BAER.S,XSWX,CHF
WS:XSWX:BARN.S,BARN.SW,EXPLICIT,BARN.S,XSWX,CHF
WS:XSWX:BCVN.S,BCVN.SW,EXPLICIT,BCVN.S,XSWX,CHF
WS:XSWX:BEAN.S,BEAN.SW,EXPLICIT,BEAN.S,XSWX,CHF
WS:XSWX:BKWB.S,BKW.SW,EXPLICIT,BKWB.S,XSWX,CHF
WS:XSWX:BUCN.S,BUCN.SW,EXPLICIT,BUCN.S,XSWX,CHF
WS:XSWX:CFR.S,CFR.SW,EXPLICIT,CFR.S,XSWX,CHF
WS:XSWX:CMBN.S,CMBN.SW,EXPLICIT,CMBN.S,XSWX,CHF
WS:XSWX:COTNE.S,COTN.SW,EXPLICIT,COTNE.S,XSWX,CHF
WS:XSWX:DKSH.S,DKSH.SW,EXPLICIT,DKSH.S,XSWX,CHF
WS:XSWX:EMSN.S,EMSN.SW,EXPLICIT,EMSN.S,XSWX,CHF
WS:XSWX:FHZN.S,FHZN.SW,EXPLICIT,FHZN.S,XSWX,CHF
WS:XSWX:GALD.S,GALD.SW,EXPLICIT,GALD.S,XSWX,CHF
WS:XSWX:GALE.S,GALE.SW,EXPLICIT,GALE.S,XSWX,CHF
WS:XSWX:GEBN.S,GEBN.SW,EXPLICIT,GEBN.S,XSWX,CHF
WS:XSWX:GF.S,GF.SW,EXPLICIT,GF.S,XSWX,CHF
WS:XSWX:GIVN.S,GIVN.SW,EXPLICIT,GIVN.S,XSWX,CHF
WS:XSWX:HBANC.S,HBAN.SW,EXPLICIT,HBANC.S,XSWX,CHF
WS:XSWX:HOLN.S,HOLN.SW,EXPLICIT,HOLN.S,XSWX,CHF
WS:XSWX:HUBN.S,HUBN.SW,EXPLICIT,HUBN.S,XSWX,CHF
WS:XSWX:IFCN.S,IFCN.SW,EXPLICIT,IFCN.S,XSWX,CHF
WS:XSWX:KNIN.S,KNIN.SW,EXPLICIT,KNIN.S,XSWX,CHF
WS:XSWX:LISP.S,LISP.SW,EXPLICIT,LISP.S,XSWX,CHF
WS:XSWX:LOGN.S,LOGN.SW,EXPLICIT,LOGN.S,XSWX,CHF
WS:XSWX:LONN.S,LONN.SW,EXPLICIT,LONN.S,XSWX,CHF
WS:XSWX:MOBN.S,MOBN.SW,EXPLICIT,MOBN.S,XSWX,CHF
WS:XSWX:NESN.S,NESN.SW,EXPLICIT,NESN.S,XSWX,CHF
WS:XSWX:NOVN.S,NOVN.SW,EXPLICIT,NOVN.S,XSWX,CHF
WS:XSWX:PGHN.S,PGHN.SW,EXPLICIT,PGHN.S,XSWX,CHF
WS:XSWX:PSPN.S,PSPN.SW,EXPLICIT,PSPN.S,XSWX,CHF
WS:XSWX:ROPC.S,ROP.SW,EXPLICIT,ROPC.S,XSWX,CHF
WS:XSWX:SCHP.S,SCHP.SW,EXPLICIT,SCHP.S,XSWX,CHF
WS:XSWX:SCMN.S,SCMN.SW,EXPLICIT,SCMN.S,XSWX,CHF
WS:XSWX:SDZ.S,SDZ.SW,EXPLICIT,SDZ.S,XSWX,CHF
WS:XSWX:SFSN.S,SFSN.SW,EXPLICIT,SFSN.S,XSWX,CHF
WS:XSWX:SFZN.S,SFZN.SW,EXPLICIT,SFZN.S,XSWX,CHF
WS:XSWX:SGSN.S,SGSN.SW,EXPLICIT,SGSN.S,XSWX,CHF
WS:XSWX:SIGNC.S,SIGN.SW,EXPLICIT,SIGNC.S,XSWX,CHF
WS:XSWX:SIKA.S,SIKA.SW,EXPLICIT,SIKA.S,XSWX,CHF
WS:XSWX:SLHN.S,SLHN.SW,EXPLICIT,SLHN.S,XSWX,CHF
WS:XSWX:SOON.S,SOON.SW,EXPLICIT,SOON.S,XSWX,CHF
WS:XSWX:SPSN.S,SPSN.SW,EXPLICIT,SPSN.S,XSWX,CHF
WS:XSWX:SQN.S,SQN.SW,EXPLICIT,SQN.S,XSWX,CHF
WS:XSWX:SRENH.S,SREN.SW,EXPLICIT,SRENH.S,XSWX,CHF
WS:XSWX:STMN.S,STMN.SW,EXPLICIT,STMN.S,XSWX,CHF
WS:XSWX:SUN.S,SUN.SW,EXPLICIT,SUN.S,XSWX,CHF
WS:XSWX:SUNN.S,SUNN.SW,EXPLICIT,SUNN.S,XSWX,CHF
WS:XSWX:TEMN.S,TEMN.SW,EXPLICIT,TEMN.S,XSWX,CHF
WS:XSWX:UBSG.S,UBSG.SW,EXPLICIT,UBSG.S,XSWX,CHF
WS:XSWX:UHR.S,UHR.SW,EXPLICIT,UHR.S,XSWX,CHF
WS:XSWX:VACN.S,VACN.SW,EXPLICIT,VACN.S,XSWX,CHF
WS:XSWX:VATN.S,VATN.SW,EXPLICIT,VATN.S,XSWX,CHF
WS:XSWX:VZN.S,VZN.SW,EXPLICIT,VZN.S,XSWX,CHF
WS:XSWX:ZURN.S,ZURN.SW,EXPLICIT,ZURN.S,XSWX,CHF
WS:XWAR:ACPP.WA,ACP.WA,EXPLICIT,ACPP.WA,XWAR,PLN
WS:XWAR:ALEP.WA,ALE.WA,EXPLICIT,ALEP.WA,XWAR,PLN
WS:XWAR:BFT.WA,BFT.WA,EXPLICIT,BFT.WA,XWAR,PLN
WS:XWAR:CDR.WA,CDR.WA,EXPLICIT,CDR.WA,XWAR,PLN
WS:XWAR:DNP.WA,DNP.WA,EXPLICIT,DNP.WA,XWAR,PLN
WS:XWAR:EBP.WA,EBP.WA,EXPLICIT,EBP.WA,XWAR,PLN
WS:XWAR:INGP.WA,ING.WA,PROJECT_OVERRIDE,INGP.WA,XWAR,PLN
WS:XWAR:KGH.WA,KGH.WA,EXPLICIT,KGH.WA,XWAR,PLN
WS:XWAR:KTY.WA,KTY.WA,EXPLICIT,KTY.WA,XWAR,PLN
WS:XWAR:LPPP.WA,LPP.WA,EXPLICIT,LPPP.WA,XWAR,PLN
WS:XWAR:MBK.WA,MBK.WA,EXPLICIT,MBK.WA,XWAR,PLN
WS:XWAR:MILP.WA,MIL.WA,EXPLICIT,MILP.WA,XWAR,PLN
WS:XWAR:PEO.WA,PEO.WA,EXPLICIT,PEO.WA,XWAR,PLN
WS:XWAR:PKN.WA,PKN.WA,EXPLICIT,PKN.WA,XWAR,PLN
WS:XWAR:PKO.WA,PKO.WA,EXPLICIT,PKO.WA,XWAR,PLN
WS:XWAR:PZU.WA,PZU.WA,EXPLICIT,PZU.WA,XWAR,PLN
WS:XWAR:TPE.WA,TPE.WA,EXPLICIT,TPE.WA,XWAR,PLN
WS:XWAR:ZAB.WA,ZAB.WA,EXPLICIT,ZAB.WA,XWAR,PLN
WS:XWBO:ANDR.VI,ANDR.VI,EXPLICIT,ANDR.VI,XWBO,EUR
WS:XWBO:ATSV.VI,ATS.VI,EXPLICIT,ATSV.VI,XWBO,EUR
WS:XWBO:BAWG.VI,BG.VI,EXPLICIT,BAWG.VI,XWBO,EUR
WS:XWBO:ERST.VI,EBS.VI,EXPLICIT,ERST.VI,XWBO,EUR
WS:XWBO:OMVV.VI,OMV.VI,EXPLICIT,OMVV.VI,XWBO,EUR
WS:XWBO:RBIV.VI,RBI.VI,EXPLICIT,RBIV.VI,XWBO,EUR
WS:XWBO:VERB.VI,VER.VI,EXPLICIT,VERB.VI,XWBO,EUR
WS:XWBO:VOES.VI,VOE.VI,EXPLICIT,VOES.VI,XWBO,EUR
WS:XWBO:WBSV.VI,WIE.VI,EXPLICIT,WBSV.VI,XWBO,EUR
WS:XHKG:1,0001.HK,EXPLICIT,1,XHKG,HKD
WS:XHKG:101,0101.HK,EXPLICIT,101,XHKG,HKD
WS:XHKG:1024,1024.HK,EXPLICIT,1024,XHKG,HKD
WS:XHKG:1038,1038.HK,EXPLICIT,1038,XHKG,HKD
WS:XHKG:1044,1044.HK,EXPLICIT,1044,XHKG,HKD
WS:XHKG:1088,1088.HK,EXPLICIT,1088,XHKG,HKD
WS:XHKG:1093,1093.HK,EXPLICIT,1093,XHKG,HKD
WS:XHKG:1099,1099.HK,EXPLICIT,1099,XHKG,HKD
WS:XHKG:1109,1109.HK,EXPLICIT,1109,XHKG,HKD
WS:XHKG:1113,1113.HK,EXPLICIT,1113,XHKG,HKD
WS:XHKG:1177,1177.HK,EXPLICIT,1177,XHKG,HKD
WS:XHKG:12,0012.HK,EXPLICIT,12,XHKG,HKD
WS:XHKG:1209,1209.HK,EXPLICIT,1209,XHKG,HKD
WS:XHKG:1211,1211.HK,EXPLICIT,1211,XHKG,HKD
WS:XHKG:1299,1299.HK,EXPLICIT,1299,XHKG,HKD
WS:XHKG:1378,1378.HK,EXPLICIT,1378,XHKG,HKD
WS:XHKG:1398,1398.HK,EXPLICIT,1398,XHKG,HKD
WS:XHKG:1519,1519.HK,EXPLICIT,1519,XHKG,HKD
WS:XHKG:16,0016.HK,EXPLICIT,16,XHKG,HKD
WS:XHKG:175,0175.HK,EXPLICIT,175,XHKG,HKD
WS:XHKG:1801,1801.HK,EXPLICIT,1801,XHKG,HKD
WS:XHKG:1810,1810.HK,EXPLICIT,1810,XHKG,HKD
WS:XHKG:1876,1876.HK,EXPLICIT,1876,XHKG,HKD
WS:XHKG:1928,1928.HK,EXPLICIT,1928,XHKG,HKD
WS:XHKG:1929,1929.HK,EXPLICIT,1929,XHKG,HKD
WS:XHKG:1997,1997.HK,EXPLICIT,1997,XHKG,HKD
WS:XHKG:2,0002.HK,EXPLICIT,2,XHKG,HKD
WS:XHKG:2015,2015.HK,EXPLICIT,2015,XHKG,HKD
WS:XHKG:2020,2020.HK,EXPLICIT,2020,XHKG,HKD
WS:XHKG:2057,2057.HK,EXPLICIT,2057,XHKG,HKD
WS:XHKG:2269,2269.HK,EXPLICIT,2269,XHKG,HKD
WS:XHKG:2313,2313.HK,EXPLICIT,2313,XHKG,HKD
WS:XHKG:2318,2318.HK,EXPLICIT,2318,XHKG,HKD
WS:XHKG:2319,2319.HK,EXPLICIT,2319,XHKG,HKD
WS:XHKG:2331,2331.HK,EXPLICIT,2331,XHKG,HKD
WS:XHKG:2359,2359.HK,EXPLICIT,2359,XHKG,HKD
WS:XHKG:2382,2382.HK,EXPLICIT,2382,XHKG,HKD
WS:XHKG:2388,2388.HK,EXPLICIT,2388,XHKG,HKD
WS:XHKG:241,0241.HK,EXPLICIT,241,XHKG,HKD
WS:XHKG:2600,2600.HK,EXPLICIT,2600,XHKG,HKD
WS:XHKG:2618,2618.HK,EXPLICIT,2618,XHKG,HKD
WS:XHKG:2628,2628.HK,EXPLICIT,2628,XHKG,HKD
WS:XHKG:267,0267.HK,EXPLICIT,267,XHKG,HKD
WS:XHKG:2688,2688.HK,EXPLICIT,2688,XHKG,HKD
WS:XHKG:27,0027.HK,EXPLICIT,27,XHKG,HKD
WS:XHKG:285,0285.HK,EXPLICIT,285,XHKG,HKD
WS:XHKG:288,0288.HK,EXPLICIT,288,XHKG,HKD
WS:XHKG:2899,2899.HK,EXPLICIT,2899,XHKG,HKD
WS:XHKG:291,0291.HK,EXPLICIT,291,XHKG,HKD
WS:XHKG:3,0003.HK,EXPLICIT,3,XHKG,HKD
WS:XHKG:300,0300.HK,EXPLICIT,300,XHKG,HKD
WS:XHKG:316,0316.HK,EXPLICIT,316,XHKG,HKD
WS:XHKG:322,0322.HK,EXPLICIT,322,XHKG,HKD
WS:XHKG:3690,3690.HK,EXPLICIT,3690,XHKG,HKD
WS:XHKG:3692,3692.HK,EXPLICIT,3692,XHKG,HKD
WS:XHKG:3750,3750.HK,EXPLICIT,3750,XHKG,HKD
WS:XHKG:386,0386.HK,EXPLICIT,386,XHKG,HKD
WS:XHKG:388,0388.HK,EXPLICIT,388,XHKG,HKD
WS:XHKG:3968,3968.HK,EXPLICIT,3968,XHKG,HKD
WS:XHKG:3988,3988.HK,EXPLICIT,3988,XHKG,HKD
WS:XHKG:3993,3993.HK,EXPLICIT,3993,XHKG,HKD
WS:XHKG:5,0005.HK,EXPLICIT,5,XHKG,HKD
WS:XHKG:6,0006.HK,EXPLICIT,6,XHKG,HKD
WS:XHKG:6160,6160.HK,EXPLICIT,6160,XHKG,HKD
WS:XHKG:6181,6181.HK,EXPLICIT,6181,XHKG,HKD
WS:XHKG:66,0066.HK,EXPLICIT,66,XHKG,HKD
WS:XHKG:6618,6618.HK,EXPLICIT,6618,XHKG,HKD
WS:XHKG:669,0669.HK,EXPLICIT,669,XHKG,HKD
WS:XHKG:6690,6690.HK,EXPLICIT,6690,XHKG,HKD
WS:XHKG:6862,6862.HK,EXPLICIT,6862,XHKG,HKD
WS:XHKG:688,0688.HK,EXPLICIT,688,XHKG,HKD
WS:XHKG:700,0700.HK,EXPLICIT,700,XHKG,HKD
WS:XHKG:728,0728.HK,EXPLICIT,728,XHKG,HKD
WS:XHKG:762,0762.HK,EXPLICIT,762,XHKG,HKD
WS:XHKG:823,0823.HK,EXPLICIT,823,XHKG,HKD
WS:XHKG:836,0836.HK,EXPLICIT,836,XHKG,HKD
WS:XHKG:857,0857.HK,EXPLICIT,857,XHKG,HKD
WS:XHKG:868,0868.HK,EXPLICIT,868,XHKG,HKD
WS:XHKG:883,0883.HK,EXPLICIT,883,XHKG,HKD
WS:XHKG:939,0939.HK,EXPLICIT,939,XHKG,HKD
WS:XHKG:941,0941.HK,EXPLICIT,941,XHKG,HKD
WS:XHKG:960,0960.HK,EXPLICIT,960,XHKG,HKD
WS:XHKG:9618,9618.HK,EXPLICIT,9618,XHKG,HKD
WS:XHKG:9633,9633.HK,EXPLICIT,9633,XHKG,HKD
WS:XHKG:968,0968.HK,EXPLICIT,968,XHKG,HKD
WS:XHKG:981,0981.HK,EXPLICIT,981,XHKG,HKD
WS:XHKG:9888,9888.HK,EXPLICIT,9888,XHKG,HKD
WS:XHKG:9901,9901.HK,EXPLICIT,9901,XHKG,HKD
WS:XHKG:992,0992.HK,EXPLICIT,992,XHKG,HKD
WS:XHKG:9961,9961.HK,EXPLICIT,9961,XHKG,HKD
WS:XHKG:9988,9988.HK,EXPLICIT,9988,XHKG,HKD
WS:XHKG:9992,9992.HK,EXPLICIT,9992,XHKG,HKD
WS:XHKG:9999,9999.HK,EXPLICIT,9999,XHKG,HKD
WS:ISIN:INE423A01024,ADANIENT.NS,EXPLICIT,ADANIENT,XNSE,INR
WS:ISIN:INE742F01042,ADANIPORTS.NS,EXPLICIT,ADANIPORTS,XNSE,INR
WS:ISIN:INE437A01024,APOLLOHOSP.NS,EXPLICIT,APOLLOHOSP,XNSE,INR
WS:ISIN:INE021A01026,ASIANPAINT.NS,EXPLICIT,ASIANPAINT,XNSE,INR
WS:ISIN:INE238A01034,AXISBANK.NS,EXPLICIT,AXISBANK,XNSE,INR
WS:ISIN:INE917I01010,BAJAJ-AUTO.NS,EXPLICIT,BAJAJ-AUTO,XNSE,INR
WS:ISIN:INE918I01026,BAJAJFINSV.NS,EXPLICIT,BAJAJFINSV,XNSE,INR
WS:ISIN:INE296A01032,BAJFINANCE.NS,EXPLICIT,BAJFINANCE,XNSE,INR
WS:ISIN:INE263A01024,BEL.NS,EXPLICIT,BEL,XNSE,INR
WS:ISIN:INE397D01024,BHARTIARTL.NS,EXPLICIT,BHARTIARTL,XNSE,INR
WS:ISIN:INE059A01026,CIPLA.NS,EXPLICIT,CIPLA,XNSE,INR
WS:ISIN:INE522F01014,COALINDIA.NS,EXPLICIT,COALINDIA,XNSE,INR
WS:ISIN:INE089A01031,DRREDDY.NS,EXPLICIT,DRREDDY,XNSE,INR
WS:ISIN:INE066A01021,EICHERMOT.NS,EXPLICIT,EICHERMOT,XNSE,INR
WS:ISIN:INE758T01015,ETERNAL.NS,EXPLICIT,ETERNAL,XNSE,INR
WS:ISIN:INE047A01021,GRASIM.NS,EXPLICIT,GRASIM,XNSE,INR
WS:ISIN:INE860A01027,HCLTECH.NS,EXPLICIT,HCLTECH,XNSE,INR
WS:ISIN:INE040A01034,HDFCBANK.NS,EXPLICIT,HDFCBANK,XNSE,INR
WS:ISIN:INE795G01014,HDFCLIFE.NS,EXPLICIT,HDFCLIFE,XNSE,INR
WS:ISIN:INE038A01020,HINDALCO.NS,EXPLICIT,HINDALCO,XNSE,INR
WS:ISIN:INE030A01027,HINDUNILVR.NS,EXPLICIT,HINDUNILVR,XNSE,INR
WS:ISIN:INE090A01021,ICICIBANK.NS,EXPLICIT,ICICIBANK,XNSE,INR
WS:ISIN:INE646L01027,INDIGO.NS,EXPLICIT,INDIGO,XNSE,INR
WS:ISIN:INE009A01021,INFY.NS,EXPLICIT,INFY,XNSE,INR
WS:ISIN:INE154A01025,ITC.NS,EXPLICIT,ITC,XNSE,INR
WS:ISIN:INE758E01017,JIOFIN.NS,EXPLICIT,JIOFIN,XNSE,INR
WS:ISIN:INE019A01038,JSWSTEEL.NS,EXPLICIT,JSWSTEEL,XNSE,INR
WS:ISIN:INE237A01036,KOTAKBANK.NS,EXPLICIT,KOTAKBANK,XNSE,INR
WS:ISIN:INE018A01030,LT.NS,EXPLICIT,LT,XNSE,INR
WS:ISIN:INE101A01026,M&M.NS,EXPLICIT,M&M,XNSE,INR
WS:ISIN:INE585B01010,MARUTI.NS,EXPLICIT,MARUTI,XNSE,INR
WS:ISIN:INE027H01010,MAXHEALTH.NS,EXPLICIT,MAXHEALTH,XNSE,INR
WS:ISIN:INE239A01024,NESTLEIND.NS,EXPLICIT,NESTLEIND,XNSE,INR
WS:ISIN:INE733E01010,NTPC.NS,EXPLICIT,NTPC,XNSE,INR
WS:ISIN:INE213A01029,ONGC.NS,EXPLICIT,ONGC,XNSE,INR
WS:ISIN:INE752E01010,POWERGRID.NS,EXPLICIT,POWERGRID,XNSE,INR
WS:ISIN:INE002A01018,RELIANCE.NS,EXPLICIT,RELIANCE,XNSE,INR
WS:ISIN:INE123W01016,SBILIFE.NS,EXPLICIT,SBILIFE,XNSE,INR
WS:ISIN:INE062A01020,SBIN.NS,EXPLICIT,SBIN,XNSE,INR
WS:ISIN:INE721A01047,SHRIRAMFIN.NS,EXPLICIT,SHRIRAMFIN,XNSE,INR
WS:ISIN:INE044A01036,SUNPHARMA.NS,EXPLICIT,SUNPHARMA,XNSE,INR
WS:ISIN:INE192A01025,TATACONSUM.NS,EXPLICIT,TATACONSUM,XNSE,INR
WS:ISIN:INE081A01020,TATASTEEL.NS,EXPLICIT,TATASTEEL,XNSE,INR
WS:ISIN:INE467B01029,TCS.NS,EXPLICIT,TCS,XNSE,INR
WS:ISIN:INE669C01036,TECHM.NS,EXPLICIT,TECHM,XNSE,INR
WS:ISIN:INE280A01028,TITAN.NS,EXPLICIT,TITAN,XNSE,INR
WS:ISIN:INE155A01022,TMPV.NS,EXPLICIT,TMPV,XNSE,INR
WS:ISIN:INE849A01020,TRENT.NS,EXPLICIT,TRENT,XNSE,INR
WS:ISIN:INE481G01011,ULTRACEMCO.NS,EXPLICIT,ULTRACEMCO,XNSE,INR
WS:ISIN:INE075A01022,WIPRO.NS,EXPLICIT,WIPRO,XNSE,INR
WS:XTKS:1332,1332.T,EXPLICIT,1332,XTKS,JPY
WS:XTKS:1605,1605.T,EXPLICIT,1605,XTKS,JPY
WS:XTKS:1721,1721.T,EXPLICIT,1721,XTKS,JPY
WS:XTKS:1801,1801.T,EXPLICIT,1801,XTKS,JPY
WS:XTKS:1802,1802.T,EXPLICIT,1802,XTKS,JPY
WS:XTKS:1803,1803.T,EXPLICIT,1803,XTKS,JPY
WS:XTKS:1808,1808.T,EXPLICIT,1808,XTKS,JPY
WS:XTKS:1812,1812.T,EXPLICIT,1812,XTKS,JPY
WS:XTKS:1925,1925.T,EXPLICIT,1925,XTKS,JPY
WS:XTKS:1928,1928.T,EXPLICIT,1928,XTKS,JPY
WS:XTKS:1963,1963.T,EXPLICIT,1963,XTKS,JPY
WS:XTKS:2002,2002.T,EXPLICIT,2002,XTKS,JPY
WS:XTKS:2269,2269.T,EXPLICIT,2269,XTKS,JPY
WS:XTKS:2282,2282.T,EXPLICIT,2282,XTKS,JPY
WS:XTKS:2413,2413.T,EXPLICIT,2413,XTKS,JPY
WS:XTKS:2432,2432.T,EXPLICIT,2432,XTKS,JPY
WS:XTKS:2501,2501.T,EXPLICIT,2501,XTKS,JPY
WS:XTKS:2502,2502.T,EXPLICIT,2502,XTKS,JPY
WS:XTKS:2503,2503.T,EXPLICIT,2503,XTKS,JPY
WS:XTKS:2768,2768.T,EXPLICIT,2768,XTKS,JPY
WS:XTKS:2801,2801.T,EXPLICIT,2801,XTKS,JPY
WS:XTKS:2802,2802.T,EXPLICIT,2802,XTKS,JPY
WS:XTKS:285A,285A.T,EXPLICIT,285A,XTKS,JPY
WS:XTKS:2871,2871.T,EXPLICIT,2871,XTKS,JPY
WS:XTKS:2914,2914.T,EXPLICIT,2914,XTKS,JPY
WS:XTKS:3086,3086.T,EXPLICIT,3086,XTKS,JPY
WS:XTKS:3092,3092.T,EXPLICIT,3092,XTKS,JPY
WS:XTKS:3099,3099.T,EXPLICIT,3099,XTKS,JPY
WS:XTKS:3289,3289.T,EXPLICIT,3289,XTKS,JPY
WS:XTKS:3382,3382.T,EXPLICIT,3382,XTKS,JPY
WS:XTKS:3401,3401.T,EXPLICIT,3401,XTKS,JPY
WS:XTKS:3402,3402.T,EXPLICIT,3402,XTKS,JPY
WS:XTKS:3405,3405.T,EXPLICIT,3405,XTKS,JPY
WS:XTKS:3407,3407.T,EXPLICIT,3407,XTKS,JPY
WS:XTKS:3436,3436.T,EXPLICIT,3436,XTKS,JPY
WS:XTKS:3659,3659.T,EXPLICIT,3659,XTKS,JPY
WS:XTKS:3697,3697.T,EXPLICIT,3697,XTKS,JPY
WS:XTKS:3861,3861.T,EXPLICIT,3861,XTKS,JPY
WS:XTKS:4004,4004.T,EXPLICIT,4004,XTKS,JPY
WS:XTKS:4005,4005.T,EXPLICIT,4005,XTKS,JPY
WS:XTKS:4021,4021.T,EXPLICIT,4021,XTKS,JPY
WS:XTKS:4042,4042.T,EXPLICIT,4042,XTKS,JPY
WS:XTKS:4043,4043.T,EXPLICIT,4043,XTKS,JPY
WS:XTKS:4061,4061.T,EXPLICIT,4061,XTKS,JPY
WS:XTKS:4062,4062.T,EXPLICIT,4062,XTKS,JPY
WS:XTKS:4063,4063.T,EXPLICIT,4063,XTKS,JPY
WS:XTKS:4151,4151.T,EXPLICIT,4151,XTKS,JPY
WS:XTKS:4183,4183.T,EXPLICIT,4183,XTKS,JPY
WS:XTKS:4188,4188.T,EXPLICIT,4188,XTKS,JPY
WS:XTKS:4208,4208.T,EXPLICIT,4208,XTKS,JPY
WS:XTKS:4307,4307.T,EXPLICIT,4307,XTKS,JPY
WS:XTKS:4324,4324.T,EXPLICIT,4324,XTKS,JPY
WS:XTKS:4385,4385.T,EXPLICIT,4385,XTKS,JPY
WS:XTKS:4452,4452.T,EXPLICIT,4452,XTKS,JPY
WS:XTKS:4502,4502.T,EXPLICIT,4502,XTKS,JPY
WS:XTKS:4503,4503.T,EXPLICIT,4503,XTKS,JPY
WS:XTKS:4506,4506.T,EXPLICIT,4506,XTKS,JPY
WS:XTKS:4507,4507.T,EXPLICIT,4507,XTKS,JPY
WS:XTKS:4519,4519.T,EXPLICIT,4519,XTKS,JPY
WS:XTKS:4523,4523.T,EXPLICIT,4523,XTKS,JPY
WS:XTKS:4543,4543.T,EXPLICIT,4543,XTKS,JPY
WS:XTKS:4568,4568.T,EXPLICIT,4568,XTKS,JPY
WS:XTKS:4578,4578.T,EXPLICIT,4578,XTKS,JPY
WS:XTKS:4661,4661.T,EXPLICIT,4661,XTKS,JPY
WS:XTKS:4689,4689.T,EXPLICIT,4689,XTKS,JPY
WS:XTKS:4704,4704.T,EXPLICIT,4704,XTKS,JPY
WS:XTKS:4751,4751.T,EXPLICIT,4751,XTKS,JPY
WS:XTKS:4755,4755.T,EXPLICIT,4755,XTKS,JPY
WS:XTKS:4901,4901.T,EXPLICIT,4901,XTKS,JPY
WS:XTKS:4902,4902.T,EXPLICIT,4902,XTKS,JPY
WS:XTKS:4911,4911.T,EXPLICIT,4911,XTKS,JPY
WS:XTKS:5019,5019.T,EXPLICIT,5019,XTKS,JPY
WS:XTKS:5020,5020.T,EXPLICIT,5020,XTKS,JPY
WS:XTKS:5101,5101.T,EXPLICIT,5101,XTKS,JPY
WS:XTKS:5108,5108.T,EXPLICIT,5108,XTKS,JPY
WS:XTKS:5201,5201.T,EXPLICIT,5201,XTKS,JPY
WS:XTKS:5214,5214.T,EXPLICIT,5214,XTKS,JPY
WS:XTKS:5233,5233.T,EXPLICIT,5233,XTKS,JPY
WS:XTKS:5301,5301.T,EXPLICIT,5301,XTKS,JPY
WS:XTKS:5332,5332.T,EXPLICIT,5332,XTKS,JPY
WS:XTKS:5333,5333.T,EXPLICIT,5333,XTKS,JPY
WS:XTKS:5401,5401.T,EXPLICIT,5401,XTKS,JPY
WS:XTKS:5406,5406.T,EXPLICIT,5406,XTKS,JPY
WS:XTKS:5411,5411.T,EXPLICIT,5411,XTKS,JPY
WS:XTKS:543A,543A.T,EXPLICIT,543A,XTKS,JPY
WS:XTKS:5631,5631.T,EXPLICIT,5631,XTKS,JPY
WS:XTKS:5706,5706.T,EXPLICIT,5706,XTKS,JPY
WS:XTKS:5711,5711.T,EXPLICIT,5711,XTKS,JPY
WS:XTKS:5713,5713.T,EXPLICIT,5713,XTKS,JPY
WS:XTKS:5714,5714.T,EXPLICIT,5714,XTKS,JPY
WS:XTKS:5801,5801.T,EXPLICIT,5801,XTKS,JPY
WS:XTKS:5802,5802.T,EXPLICIT,5802,XTKS,JPY
WS:XTKS:5803,5803.T,EXPLICIT,5803,XTKS,JPY
WS:XTKS:5831,5831.T,EXPLICIT,5831,XTKS,JPY
WS:XTKS:6098,6098.T,EXPLICIT,6098,XTKS,JPY
WS:XTKS:6103,6103.T,EXPLICIT,6103,XTKS,JPY
WS:XTKS:6113,6113.T,EXPLICIT,6113,XTKS,JPY
WS:XTKS:6146,6146.T,EXPLICIT,6146,XTKS,JPY
WS:XTKS:6178,6178.T,EXPLICIT,6178,XTKS,JPY
WS:XTKS:6273,6273.T,EXPLICIT,6273,XTKS,JPY
WS:XTKS:6301,6301.T,EXPLICIT,6301,XTKS,JPY
WS:XTKS:6302,6302.T,EXPLICIT,6302,XTKS,JPY
WS:XTKS:6305,6305.T,EXPLICIT,6305,XTKS,JPY
WS:XTKS:6326,6326.T,EXPLICIT,6326,XTKS,JPY
WS:XTKS:6361,6361.T,EXPLICIT,6361,XTKS,JPY
WS:XTKS:6367,6367.T,EXPLICIT,6367,XTKS,JPY
WS:XTKS:6471,6471.T,EXPLICIT,6471,XTKS,JPY
WS:XTKS:6472,6472.T,EXPLICIT,6472,XTKS,JPY
WS:XTKS:6473,6473.T,EXPLICIT,6473,XTKS,JPY
WS:XTKS:6479,6479.T,EXPLICIT,6479,XTKS,JPY
WS:XTKS:6501,6501.T,EXPLICIT,6501,XTKS,JPY
WS:XTKS:6503,6503.T,EXPLICIT,6503,XTKS,JPY
WS:XTKS:6504,6504.T,EXPLICIT,6504,XTKS,JPY
WS:XTKS:6506,6506.T,EXPLICIT,6506,XTKS,JPY
WS:XTKS:6526,6526.T,EXPLICIT,6526,XTKS,JPY
WS:XTKS:6532,6532.T,EXPLICIT,6532,XTKS,JPY
WS:XTKS:6645,6645.T,EXPLICIT,6645,XTKS,JPY
WS:XTKS:6701,6701.T,EXPLICIT,6701,XTKS,JPY
WS:XTKS:6702,6702.T,EXPLICIT,6702,XTKS,JPY
WS:XTKS:6723,6723.T,EXPLICIT,6723,XTKS,JPY
WS:XTKS:6724,6724.T,EXPLICIT,6724,XTKS,JPY
WS:XTKS:6752,6752.T,EXPLICIT,6752,XTKS,JPY
WS:XTKS:6753,6753.T,EXPLICIT,6753,XTKS,JPY
WS:XTKS:6758,6758.T,EXPLICIT,6758,XTKS,JPY
WS:XTKS:6762,6762.T,EXPLICIT,6762,XTKS,JPY
WS:XTKS:6770,6770.T,EXPLICIT,6770,XTKS,JPY
WS:XTKS:6841,6841.T,EXPLICIT,6841,XTKS,JPY
WS:XTKS:6857,6857.T,EXPLICIT,6857,XTKS,JPY
WS:XTKS:6861,6861.T,EXPLICIT,6861,XTKS,JPY
WS:XTKS:6902,6902.T,EXPLICIT,6902,XTKS,JPY
WS:XTKS:6920,6920.T,EXPLICIT,6920,XTKS,JPY
WS:XTKS:6954,6954.T,EXPLICIT,6954,XTKS,JPY
WS:XTKS:6963,6963.T,EXPLICIT,6963,XTKS,JPY
WS:XTKS:6971,6971.T,EXPLICIT,6971,XTKS,JPY
WS:XTKS:6976,6976.T,EXPLICIT,6976,XTKS,JPY
WS:XTKS:6981,6981.T,EXPLICIT,6981,XTKS,JPY
WS:XTKS:6988,6988.T,EXPLICIT,6988,XTKS,JPY
WS:XTKS:7004,7004.T,EXPLICIT,7004,XTKS,JPY
WS:XTKS:7011,7011.T,EXPLICIT,7011,XTKS,JPY
WS:XTKS:7012,7012.T,EXPLICIT,7012,XTKS,JPY
WS:XTKS:7013,7013.T,EXPLICIT,7013,XTKS,JPY
WS:XTKS:7186,7186.T,EXPLICIT,7186,XTKS,JPY
WS:XTKS:7201,7201.T,EXPLICIT,7201,XTKS,JPY
WS:XTKS:7202,7202.T,EXPLICIT,7202,XTKS,JPY
WS:XTKS:7203,7203.T,EXPLICIT,7203,XTKS,JPY
WS:XTKS:7211,7211.T,EXPLICIT,7211,XTKS,JPY
WS:XTKS:7261,7261.T,EXPLICIT,7261,XTKS,JPY
WS:XTKS:7267,7267.T,EXPLICIT,7267,XTKS,JPY
WS:XTKS:7269,7269.T,EXPLICIT,7269,XTKS,JPY
WS:XTKS:7270,7270.T,EXPLICIT,7270,XTKS,JPY
WS:XTKS:7272,7272.T,EXPLICIT,7272,XTKS,JPY
WS:XTKS:7453,7453.T,EXPLICIT,7453,XTKS,JPY
WS:XTKS:7532,7532.T,EXPLICIT,7532,XTKS,JPY
WS:XTKS:7731,7731.T,EXPLICIT,7731,XTKS,JPY
WS:XTKS:7733,7733.T,EXPLICIT,7733,XTKS,JPY
WS:XTKS:7735,7735.T,EXPLICIT,7735,XTKS,JPY
WS:XTKS:7741,7741.T,EXPLICIT,7741,XTKS,JPY
WS:XTKS:7751,7751.T,EXPLICIT,7751,XTKS,JPY
WS:XTKS:7752,7752.T,EXPLICIT,7752,XTKS,JPY
WS:XTKS:7832,7832.T,EXPLICIT,7832,XTKS,JPY
WS:XTKS:7911,7911.T,EXPLICIT,7911,XTKS,JPY
WS:XTKS:7912,7912.T,EXPLICIT,7912,XTKS,JPY
WS:XTKS:7951,7951.T,EXPLICIT,7951,XTKS,JPY
WS:XTKS:7974,7974.T,EXPLICIT,7974,XTKS,JPY
WS:XTKS:8001,8001.T,EXPLICIT,8001,XTKS,JPY
WS:XTKS:8002,8002.T,EXPLICIT,8002,XTKS,JPY
WS:XTKS:8015,8015.T,EXPLICIT,8015,XTKS,JPY
WS:XTKS:8031,8031.T,EXPLICIT,8031,XTKS,JPY
WS:XTKS:8035,8035.T,EXPLICIT,8035,XTKS,JPY
WS:XTKS:8053,8053.T,EXPLICIT,8053,XTKS,JPY
WS:XTKS:8058,8058.T,EXPLICIT,8058,XTKS,JPY
WS:XTKS:8233,8233.T,EXPLICIT,8233,XTKS,JPY
WS:XTKS:8252,8252.T,EXPLICIT,8252,XTKS,JPY
WS:XTKS:8253,8253.T,EXPLICIT,8253,XTKS,JPY
WS:XTKS:8267,8267.T,EXPLICIT,8267,XTKS,JPY
WS:XTKS:8304,8304.T,EXPLICIT,8304,XTKS,JPY
WS:XTKS:8306,8306.T,EXPLICIT,8306,XTKS,JPY
WS:XTKS:8308,8308.T,EXPLICIT,8308,XTKS,JPY
WS:XTKS:8309,8309.T,EXPLICIT,8309,XTKS,JPY
WS:XTKS:8316,8316.T,EXPLICIT,8316,XTKS,JPY
WS:XTKS:8331,8331.T,EXPLICIT,8331,XTKS,JPY
WS:XTKS:8354,8354.T,EXPLICIT,8354,XTKS,JPY
WS:XTKS:8411,8411.T,EXPLICIT,8411,XTKS,JPY
WS:XTKS:8591,8591.T,EXPLICIT,8591,XTKS,JPY
WS:XTKS:8601,8601.T,EXPLICIT,8601,XTKS,JPY
WS:XTKS:8604,8604.T,EXPLICIT,8604,XTKS,JPY
WS:XTKS:8630,8630.T,EXPLICIT,8630,XTKS,JPY
WS:XTKS:8697,8697.T,EXPLICIT,8697,XTKS,JPY
WS:XTKS:8725,8725.T,EXPLICIT,8725,XTKS,JPY
WS:XTKS:8750,8750.T,EXPLICIT,8750,XTKS,JPY
WS:XTKS:8766,8766.T,EXPLICIT,8766,XTKS,JPY
WS:XTKS:8795,8795.T,EXPLICIT,8795,XTKS,JPY
WS:XTKS:8801,8801.T,EXPLICIT,8801,XTKS,JPY
WS:XTKS:8802,8802.T,EXPLICIT,8802,XTKS,JPY
WS:XTKS:8804,8804.T,EXPLICIT,8804,XTKS,JPY
WS:XTKS:8830,8830.T,EXPLICIT,8830,XTKS,JPY
WS:XTKS:9001,9001.T,EXPLICIT,9001,XTKS,JPY
WS:XTKS:9005,9005.T,EXPLICIT,9005,XTKS,JPY
WS:XTKS:9007,9007.T,EXPLICIT,9007,XTKS,JPY
WS:XTKS:9008,9008.T,EXPLICIT,9008,XTKS,JPY
WS:XTKS:9009,9009.T,EXPLICIT,9009,XTKS,JPY
WS:XTKS:9020,9020.T,EXPLICIT,9020,XTKS,JPY
WS:XTKS:9021,9021.T,EXPLICIT,9021,XTKS,JPY
WS:XTKS:9022,9022.T,EXPLICIT,9022,XTKS,JPY
WS:XTKS:9064,9064.T,EXPLICIT,9064,XTKS,JPY
WS:XTKS:9101,9101.T,EXPLICIT,9101,XTKS,JPY
WS:XTKS:9104,9104.T,EXPLICIT,9104,XTKS,JPY
WS:XTKS:9107,9107.T,EXPLICIT,9107,XTKS,JPY
WS:XTKS:9147,9147.T,EXPLICIT,9147,XTKS,JPY
WS:XTKS:9201,9201.T,EXPLICIT,9201,XTKS,JPY
WS:XTKS:9202,9202.T,EXPLICIT,9202,XTKS,JPY
WS:XTKS:9432,9432.T,EXPLICIT,9432,XTKS,JPY
WS:XTKS:9433,9433.T,EXPLICIT,9433,XTKS,JPY
WS:XTKS:9434,9434.T,EXPLICIT,9434,XTKS,JPY
WS:XTKS:9501,9501.T,EXPLICIT,9501,XTKS,JPY
WS:XTKS:9502,9502.T,EXPLICIT,9502,XTKS,JPY
WS:XTKS:9503,9503.T,EXPLICIT,9503,XTKS,JPY
WS:XTKS:9531,9531.T,EXPLICIT,9531,XTKS,JPY
WS:XTKS:9532,9532.T,EXPLICIT,9532,XTKS,JPY
WS:XTKS:9602,9602.T,EXPLICIT,9602,XTKS,JPY
WS:XTKS:9735,9735.T,EXPLICIT,9735,XTKS,JPY
WS:XTKS:9766,9766.T,EXPLICIT,9766,XTKS,JPY
WS:XTKS:9843,9843.T,EXPLICIT,9843,XTKS,JPY
WS:XTKS:9983,9983.T,EXPLICIT,9983,XTKS,JPY
WS:XTKS:9984,9984.T,EXPLICIT,9984,XTKS,JPY
WS:XKRX:000080,000080.KS,EXPLICIT,000080,XKRX,KRW
WS:XKRX:000100,000100.KS,EXPLICIT,000100,XKRX,KRW
WS:XKRX:000120,000120.KS,EXPLICIT,000120,XKRX,KRW
WS:XKRX:000150,000150.KS,EXPLICIT,000150,XKRX,KRW
WS:XKRX:000210,000210.KS,EXPLICIT,000210,XKRX,KRW
WS:XKRX:000240,000240.KS,EXPLICIT,000240,XKRX,KRW
WS:XKRX:000270,000270.KS,EXPLICIT,000270,XKRX,KRW
WS:XKRX:000660,000660.KS,EXPLICIT,000660,XKRX,KRW
WS:XKRX:000670,000670.KS,EXPLICIT,000670,XKRX,KRW
WS:XKRX:000720,000720.KS,EXPLICIT,000720,XKRX,KRW
WS:XKRX:000810,000810.KS,EXPLICIT,000810,XKRX,KRW
WS:XKRX:000880,000880.KS,EXPLICIT,000880,XKRX,KRW
WS:XKRX:000990,000990.KS,EXPLICIT,000990,XKRX,KRW
WS:XKRX:001040,001040.KS,EXPLICIT,001040,XKRX,KRW
WS:XKRX:001430,001430.KS,EXPLICIT,001430,XKRX,KRW
WS:XKRX:001440,001440.KS,EXPLICIT,001440,XKRX,KRW
WS:XKRX:001450,001450.KS,EXPLICIT,001450,XKRX,KRW
WS:XKRX:001680,001680.KS,EXPLICIT,001680,XKRX,KRW
WS:XKRX:001800,001800.KS,EXPLICIT,001800,XKRX,KRW
WS:XKRX:002030,002030.KS,EXPLICIT,002030,XKRX,KRW
WS:XKRX:002380,002380.KS,EXPLICIT,002380,XKRX,KRW
WS:XKRX:002790,002790.KS,EXPLICIT,002790,XKRX,KRW
WS:XKRX:002840,002840.KS,EXPLICIT,002840,XKRX,KRW
WS:XKRX:003030,003030.KS,EXPLICIT,003030,XKRX,KRW
WS:XKRX:003090,003090.KS,EXPLICIT,003090,XKRX,KRW
WS:XKRX:003230,003230.KS,EXPLICIT,003230,XKRX,KRW
WS:XKRX:003240,003240.KS,EXPLICIT,003240,XKRX,KRW
WS:XKRX:003490,003490.KS,EXPLICIT,003490,XKRX,KRW
WS:XKRX:003550,003550.KS,EXPLICIT,003550,XKRX,KRW
WS:XKRX:003670,003670.KS,EXPLICIT,003670,XKRX,KRW
WS:XKRX:004000,004000.KS,EXPLICIT,004000,XKRX,KRW
WS:XKRX:004020,004020.KS,EXPLICIT,004020,XKRX,KRW
WS:XKRX:004170,004170.KS,EXPLICIT,004170,XKRX,KRW
WS:XKRX:004370,004370.KS,EXPLICIT,004370,XKRX,KRW
WS:XKRX:004990,004990.KS,EXPLICIT,004990,XKRX,KRW
WS:XKRX:005300,005300.KS,EXPLICIT,005300,XKRX,KRW
WS:XKRX:005380,005380.KS,EXPLICIT,005380,XKRX,KRW
WS:XKRX:005420,005420.KS,EXPLICIT,005420,XKRX,KRW
WS:XKRX:005490,005490.KS,EXPLICIT,005490,XKRX,KRW
WS:XKRX:005830,005830.KS,EXPLICIT,005830,XKRX,KRW
WS:XKRX:005850,005850.KS,EXPLICIT,005850,XKRX,KRW
WS:XKRX:005930,005930.KS,EXPLICIT,005930,XKRX,KRW
WS:XKRX:005940,005940.KS,EXPLICIT,005940,XKRX,KRW
WS:XKRX:006040,006040.KS,EXPLICIT,006040,XKRX,KRW
WS:XKRX:006260,006260.KS,EXPLICIT,006260,XKRX,KRW
WS:XKRX:006280,006280.KS,EXPLICIT,006280,XKRX,KRW
WS:XKRX:006400,006400.KS,EXPLICIT,006400,XKRX,KRW
WS:XKRX:006650,006650.KS,EXPLICIT,006650,XKRX,KRW
WS:XKRX:006800,006800.KS,EXPLICIT,006800,XKRX,KRW
WS:XKRX:007070,007070.KS,EXPLICIT,007070,XKRX,KRW
WS:XKRX:007310,007310.KS,EXPLICIT,007310,XKRX,KRW
WS:XKRX:007340,007340.KS,EXPLICIT,007340,XKRX,KRW
WS:XKRX:007660,007660.KS,EXPLICIT,007660,XKRX,KRW
WS:XKRX:008730,008730.KS,EXPLICIT,008730,XKRX,KRW
WS:XKRX:008770,008770.KS,EXPLICIT,008770,XKRX,KRW
WS:XKRX:008930,008930.KS,EXPLICIT,008930,XKRX,KRW
WS:XKRX:009150,009150.KS,EXPLICIT,009150,XKRX,KRW
WS:XKRX:009240,009240.KS,EXPLICIT,009240,XKRX,KRW
WS:XKRX:009420,009420.KS,EXPLICIT,009420,XKRX,KRW
WS:XKRX:009540,009540.KS,EXPLICIT,009540,XKRX,KRW
WS:XKRX:009830,009830.KS,EXPLICIT,009830,XKRX,KRW
WS:XKRX:009970,009970.KS,EXPLICIT,009970,XKRX,KRW
WS:XKRX:010060,010060.KS,EXPLICIT,010060,XKRX,KRW
WS:XKRX:010120,010120.KS,EXPLICIT,010120,XKRX,KRW
WS:XKRX:010130,010130.KS,EXPLICIT,010130,XKRX,KRW
WS:XKRX:010140,010140.KS,EXPLICIT,010140,XKRX,KRW
WS:XKRX:010950,010950.KS,EXPLICIT,010950,XKRX,KRW
WS:XKRX:011070,011070.KS,EXPLICIT,011070,XKRX,KRW
WS:XKRX:011170,011170.KS,EXPLICIT,011170,XKRX,KRW
WS:XKRX:011200,011200.KS,EXPLICIT,011200,XKRX,KRW
WS:XKRX:011210,011210.KS,EXPLICIT,011210,XKRX,KRW
WS:XKRX:011780,011780.KS,EXPLICIT,011780,XKRX,KRW
WS:XKRX:011790,011790.KS,EXPLICIT,011790,XKRX,KRW
WS:XKRX:012330,012330.KS,EXPLICIT,012330,XKRX,KRW
WS:XKRX:012450,012450.KS,EXPLICIT,012450,XKRX,KRW
WS:XKRX:0126Z0,0126Z0.KS,EXPLICIT,0126Z0,XKRX,KRW
WS:XKRX:012750,012750.KS,EXPLICIT,012750,XKRX,KRW
WS:XKRX:014680,014680.KS,EXPLICIT,014680,XKRX,KRW
WS:XKRX:014820,014820.KS,EXPLICIT,014820,XKRX,KRW
WS:XKRX:015760,015760.KS,EXPLICIT,015760,XKRX,KRW
WS:XKRX:016360,016360.KS,EXPLICIT,016360,XKRX,KRW
WS:XKRX:017670,017670.KS,EXPLICIT,017670,XKRX,KRW
WS:XKRX:017800,017800.KS,EXPLICIT,017800,XKRX,KRW
WS:XKRX:017960,017960.KS,EXPLICIT,017960,XKRX,KRW
WS:XKRX:018260,018260.KS,EXPLICIT,018260,XKRX,KRW
WS:XKRX:018880,018880.KS,EXPLICIT,018880,XKRX,KRW
WS:XKRX:021240,021240.KS,EXPLICIT,021240,XKRX,KRW
WS:XKRX:022100,022100.KS,EXPLICIT,022100,XKRX,KRW
WS:XKRX:023530,023530.KS,EXPLICIT,023530,XKRX,KRW
WS:XKRX:024110,024110.KS,EXPLICIT,024110,XKRX,KRW
WS:XKRX:026960,026960.KS,EXPLICIT,026960,XKRX,KRW
WS:XKRX:028050,028050.KS,EXPLICIT,028050,XKRX,KRW
WS:XKRX:028260,028260.KS,EXPLICIT,028260,XKRX,KRW
WS:XKRX:028670,028670.KS,EXPLICIT,028670,XKRX,KRW
WS:XKRX:029780,029780.KS,EXPLICIT,029780,XKRX,KRW
WS:XKRX:030000,030000.KS,EXPLICIT,030000,XKRX,KRW
WS:XKRX:030200,030200.KS,EXPLICIT,030200,XKRX,KRW
WS:XKRX:032640,032640.KS,EXPLICIT,032640,XKRX,KRW
WS:XKRX:032830,032830.KS,EXPLICIT,032830,XKRX,KRW
WS:XKRX:033780,033780.KS,EXPLICIT,033780,XKRX,KRW
WS:XKRX:034020,034020.KS,EXPLICIT,034020,XKRX,KRW
WS:XKRX:034220,034220.KS,EXPLICIT,034220,XKRX,KRW
WS:XKRX:034230,034230.KS,EXPLICIT,034230,XKRX,KRW
WS:XKRX:034730,034730.KS,EXPLICIT,034730,XKRX,KRW
WS:XKRX:035250,035250.KS,EXPLICIT,035250,XKRX,KRW
WS:XKRX:035420,035420.KS,EXPLICIT,035420,XKRX,KRW
WS:XKRX:035720,035720.KS,EXPLICIT,035720,XKRX,KRW
WS:XKRX:036460,036460.KS,EXPLICIT,036460,XKRX,KRW
WS:XKRX:036570,036570.KS,EXPLICIT,036570,XKRX,KRW
WS:XKRX:039490,039490.KS,EXPLICIT,039490,XKRX,KRW
WS:XKRX:042660,042660.KS,EXPLICIT,042660,XKRX,KRW
WS:XKRX:042700,042700.KS,EXPLICIT,042700,XKRX,KRW
WS:XKRX:047040,047040.KS,EXPLICIT,047040,XKRX,KRW
WS:XKRX:047050,047050.KS,EXPLICIT,047050,XKRX,KRW
WS:XKRX:047810,047810.KS,EXPLICIT,047810,XKRX,KRW
WS:XKRX:051600,051600.KS,EXPLICIT,051600,XKRX,KRW
WS:XKRX:051900,051900.KS,EXPLICIT,051900,XKRX,KRW
WS:XKRX:051910,051910.KS,EXPLICIT,051910,XKRX,KRW
WS:XKRX:052690,052690.KS,EXPLICIT,052690,XKRX,KRW
WS:XKRX:055550,055550.KS,EXPLICIT,055550,XKRX,KRW
WS:XKRX:062040,062040.KS,EXPLICIT,062040,XKRX,KRW
WS:XKRX:064350,064350.KS,EXPLICIT,064350,XKRX,KRW
WS:XKRX:064400,064400.KS,EXPLICIT,064400,XKRX,KRW
WS:XKRX:066570,066570.KS,EXPLICIT,066570,XKRX,KRW
WS:XKRX:066970,066970.KS,EXPLICIT,066970,XKRX,KRW
WS:XKRX:068270,068270.KS,EXPLICIT,068270,XKRX,KRW
WS:XKRX:069260,069260.KS,EXPLICIT,069260,XKRX,KRW
WS:XKRX:069620,069620.KS,EXPLICIT,069620,XKRX,KRW
WS:XKRX:069960,069960.KS,EXPLICIT,069960,XKRX,KRW
WS:XKRX:071050,071050.KS,EXPLICIT,071050,XKRX,KRW
WS:XKRX:071320,071320.KS,EXPLICIT,071320,XKRX,KRW
WS:XKRX:071970,071970.KS,EXPLICIT,071970,XKRX,KRW
WS:XKRX:073240,073240.KS,EXPLICIT,073240,XKRX,KRW
WS:XKRX:078930,078930.KS,EXPLICIT,078930,XKRX,KRW
WS:XKRX:079550,079550.KS,EXPLICIT,079550,XKRX,KRW
WS:XKRX:081660,081660.KS,EXPLICIT,081660,XKRX,KRW
WS:XKRX:082740,082740.KS,EXPLICIT,082740,XKRX,KRW
WS:XKRX:086280,086280.KS,EXPLICIT,086280,XKRX,KRW
WS:XKRX:086790,086790.KS,EXPLICIT,086790,XKRX,KRW
WS:XKRX:088350,088350.KS,EXPLICIT,088350,XKRX,KRW
WS:XKRX:090430,090430.KS,EXPLICIT,090430,XKRX,KRW
WS:XKRX:093370,093370.KS,EXPLICIT,093370,XKRX,KRW
WS:XKRX:096770,096770.KS,EXPLICIT,096770,XKRX,KRW
WS:XKRX:097950,097950.KS,EXPLICIT,097950,XKRX,KRW
WS:XKRX:103140,103140.KS,EXPLICIT,103140,XKRX,KRW
WS:XKRX:105560,105560.KS,EXPLICIT,105560,XKRX,KRW
WS:XKRX:111770,111770.KS,EXPLICIT,111770,XKRX,KRW
WS:XKRX:112610,112610.KS,EXPLICIT,112610,XKRX,KRW
WS:XKRX:120110,120110.KS,EXPLICIT,120110,XKRX,KRW
WS:XKRX:128940,128940.KS,EXPLICIT,128940,XKRX,KRW
WS:XKRX:137310,137310.KS,EXPLICIT,137310,XKRX,KRW
WS:XKRX:138040,138040.KS,EXPLICIT,138040,XKRX,KRW
WS:XKRX:138930,138930.KS,EXPLICIT,138930,XKRX,KRW
WS:XKRX:139130,139130.KS,EXPLICIT,139130,XKRX,KRW
WS:XKRX:139480,139480.KS,EXPLICIT,139480,XKRX,KRW
WS:XKRX:161390,161390.KS,EXPLICIT,161390,XKRX,KRW
WS:XKRX:161890,161890.KS,EXPLICIT,161890,XKRX,KRW
WS:XKRX:175330,175330.KS,EXPLICIT,175330,XKRX,KRW
WS:XKRX:180640,180640.KS,EXPLICIT,180640,XKRX,KRW
WS:XKRX:185750,185750.KS,EXPLICIT,185750,XKRX,KRW
WS:XKRX:192080,192080.KS,EXPLICIT,192080,XKRX,KRW
WS:XKRX:192820,192820.KS,EXPLICIT,192820,XKRX,KRW
WS:XKRX:204320,204320.KS,EXPLICIT,204320,XKRX,KRW
WS:XKRX:207940,207940.KS,EXPLICIT,207940,XKRX,KRW
WS:XKRX:241560,241560.KS,EXPLICIT,241560,XKRX,KRW
WS:XKRX:251270,251270.KS,EXPLICIT,251270,XKRX,KRW
WS:XKRX:259960,259960.KS,EXPLICIT,259960,XKRX,KRW
WS:XKRX:267250,267250.KS,EXPLICIT,267250,XKRX,KRW
WS:XKRX:267260,267260.KS,EXPLICIT,267260,XKRX,KRW
WS:XKRX:267270,267270.KS,EXPLICIT,267270,XKRX,KRW
WS:XKRX:268280,268280.KS,EXPLICIT,268280,XKRX,KRW
WS:XKRX:271560,271560.KS,EXPLICIT,271560,XKRX,KRW
WS:XKRX:272210,272210.KS,EXPLICIT,272210,XKRX,KRW
WS:XKRX:278470,278470.KS,EXPLICIT,278470,XKRX,KRW
WS:XKRX:280360,280360.KS,EXPLICIT,280360,XKRX,KRW
WS:XKRX:282330,282330.KS,EXPLICIT,282330,XKRX,KRW
WS:XKRX:285130,285130.KS,EXPLICIT,285130,XKRX,KRW
WS:XKRX:298020,298020.KS,EXPLICIT,298020,XKRX,KRW
WS:XKRX:298040,298040.KS,EXPLICIT,298040,XKRX,KRW
WS:XKRX:298050,298050.KS,EXPLICIT,298050,XKRX,KRW
WS:XKRX:300720,300720.KS,EXPLICIT,300720,XKRX,KRW
WS:XKRX:302440,302440.KS,EXPLICIT,302440,XKRX,KRW
WS:XKRX:307950,307950.KS,EXPLICIT,307950,XKRX,KRW
WS:XKRX:316140,316140.KS,EXPLICIT,316140,XKRX,KRW
WS:XKRX:323410,323410.KS,EXPLICIT,323410,XKRX,KRW
WS:XKRX:326030,326030.KS,EXPLICIT,326030,XKRX,KRW
WS:XKRX:329180,329180.KS,EXPLICIT,329180,XKRX,KRW
WS:XKRX:352820,352820.KS,EXPLICIT,352820,XKRX,KRW
WS:XKRX:361610,361610.KS,EXPLICIT,361610,XKRX,KRW
WS:XKRX:373220,373220.KS,EXPLICIT,373220,XKRX,KRW
WS:XKRX:375500,375500.KS,EXPLICIT,375500,XKRX,KRW
WS:XKRX:377300,377300.KS,EXPLICIT,377300,XKRX,KRW
WS:XKRX:383220,383220.KS,EXPLICIT,383220,XKRX,KRW
WS:XKRX:402340,402340.KS,EXPLICIT,402340,XKRX,KRW
WS:XKRX:443060,443060.KS,EXPLICIT,443060,XKRX,KRW
WS:XKRX:450080,450080.KS,EXPLICIT,450080,XKRX,KRW
WS:XKRX:454910,454910.KS,EXPLICIT,454910,XKRX,KRW
WS:XKRX:456040,456040.KS,EXPLICIT,456040,XKRX,KRW
WS:XKRX:457190,457190.KS,EXPLICIT,457190,XKRX,KRW
WS:XKRX:483650,483650.KS,EXPLICIT,483650,XKRX,KRW
WS:XMEX:AC,AC.MX,EXPLICIT,AC,XMEX,MXN
WS:XMEX:ALFAA,ALFAA.MX,EXPLICIT,ALFA A,XMEX,MXN
WS:XMEX:ALSEA,ALSEA.MX,EXPLICIT,ALSEA,XMEX,MXN
WS:XMEX:AMXB,AMXB.MX,EXPLICIT,AMXB,XMEX,MXN
WS:XMEX:ASURB,ASURB.MX,EXPLICIT,ASUR B,XMEX,MXN
WS:XMEX:BBAJIOO,BBAJIOO.MX,EXPLICIT,BBAJIO O,XMEX,MXN
WS:XMEX:BIMBOA,BIMBOA.MX,EXPLICIT,BIMBO A,XMEX,MXN
WS:XMEX:BOLSAA,BOLSAA.MX,EXPLICIT,BOLSA A,XMEX,MXN
WS:XMEX:CEMEXCPO,CEMEXCPO.MX,EXPLICIT,CEMEX CPO,XMEX,MXN
WS:XMEX:CUERVO,CUERVO.MX,EXPLICIT,CUERVO,XMEX,MXN
WS:XMEX:ELEKTRA,ELEKTRA.MX,EXPLICIT,ELEKTRA,XMEX,MXN
WS:XMEX:FEMSAUBD,FEMSAUBD.MX,EXPLICIT,FEMSA UBD,XMEX,MXN
WS:XMEX:GAPB,GAPB.MX,EXPLICIT,GAP B,XMEX,MXN
WS:XMEX:GCARSOA1,GCARSOA1.MX,EXPLICIT,GCARSO A1,XMEX,MXN
WS:XMEX:GCC,GCC.MX,EXPLICIT,GCC,XMEX,MXN
WS:XMEX:GFINBURO,GFINBURO.MX,EXPLICIT,GFINBUR O,XMEX,MXN
WS:XMEX:GFNORTEO,GFNORTEO.MX,EXPLICIT,GFNORTE O,XMEX,MXN
WS:XMEX:GMEXICOB,GMEXICOB.MX,EXPLICIT,GMEXICO B,XMEX,MXN
WS:XMEX:GRUMAB,GRUMAB.MX,EXPLICIT,GRUMA B,XMEX,MXN
WS:XMEX:KIMBERA,KIMBERA.MX,EXPLICIT,KIMBER A,XMEX,MXN
WS:XMEX:KOFUBL,KOFUBL.MX,EXPLICIT,KOFUBL,XMEX,MXN
WS:XMEX:LABB,LABB.MX,EXPLICIT,LAB B,XMEX,MXN
WS:XMEX:LIVEPOLC-1,LIVEPOLC-1.MX,EXPLICIT,LIVEPOL C-1,XMEX,MXN
WS:XMEX:MEGACPO,MEGACPO.MX,EXPLICIT,MEGA CPO,XMEX,MXN
WS:XMEX:OMAB,OMAB.MX,EXPLICIT,OMA B,XMEX,MXN
WS:XMEX:ORBIA,ORBIA.MX,EXPLICIT,ORBIA,XMEX,MXN
WS:XMEX:PE&OLES,PE&OLES.MX,EXPLICIT,PE&OLES,XMEX,MXN
WS:XMEX:PINFRA,PINFRA.MX,EXPLICIT,PINFRA,XMEX,MXN
WS:XMEX:Q,Q.MX,EXPLICIT,Q,XMEX,MXN
WS:XMEX:RA,RA.MX,EXPLICIT,R A,XMEX,MXN
WS:XMEX:TLEVISACPO,TLEVISACPO.MX,EXPLICIT,TLEVISA CPO,XMEX,MXN
WS:XMEX:VESTA,VESTA.MX,EXPLICIT,VESTA,XMEX,MXN
WS:XMEX:VOLARA,VOLARA.MX,EXPLICIT,VOLAR A,XMEX,MXN
WS:XMEX:WALMEX,WALMEX.MX,EXPLICIT,WALMEX,XMEX,MXN
WS:XNZE:AIA,AIA.NZ,EXPLICIT,AIA,XNZE,NZD
WS:XNZE:AIR,AIR.NZ,EXPLICIT,AIR,XNZE,NZD
WS:XNZE:ANZ,ANZ.NZ,EXPLICIT,ANZ,XNZE,NZD
WS:XNZE:ARG,ARG.NZ,EXPLICIT,ARG,XNZE,NZD
WS:XNZE:ARV,ARV.NZ,EXPLICIT,ARV,XNZE,NZD
WS:XNZE:ATM,ATM.NZ,EXPLICIT,ATM,XNZE,NZD
WS:XNZE:CEN,CEN.NZ,EXPLICIT,CEN,XNZE,NZD
WS:XNZE:CHI,CHI.NZ,EXPLICIT,CHI,XNZE,NZD
WS:XNZE:CNU,CNU.NZ,EXPLICIT,CNU,XNZE,NZD
WS:XNZE:EBO,EBO.NZ,EXPLICIT,EBO,XNZE,NZD
WS:XNZE:FBU,FBU.NZ,EXPLICIT,FBU,XNZE,NZD
WS:XNZE:FPH,FPH.NZ,EXPLICIT,FPH,XNZE,NZD
WS:XNZE:FRW,FRW.NZ,EXPLICIT,FRW,XNZE,NZD
WS:XNZE:FSF,FSF.NZ,EXPLICIT,FSF,XNZE,NZD
WS:XNZE:GMT,GMT.NZ,EXPLICIT,GMT,XNZE,NZD
WS:XNZE:GNE,GNE.NZ,EXPLICIT,GNE,XNZE,NZD
WS:XNZE:GTK,GTK.NZ,EXPLICIT,GTK,XNZE,NZD
WS:XNZE:HGH,HGH.NZ,EXPLICIT,HGH,XNZE,NZD
WS:XNZE:HLG,HLG.NZ,EXPLICIT,HLG,XNZE,NZD
WS:XNZE:IFT,IFT.NZ,EXPLICIT,IFT,XNZE,NZD
WS:XNZE:IPL,IPL.NZ,EXPLICIT,IPL,XNZE,NZD
WS:XNZE:KMD,KMD.NZ,EXPLICIT,KMD,XNZE,NZD
WS:XNZE:KPG,KPG.NZ,EXPLICIT,KPG,XNZE,NZD
WS:XNZE:MCY,MCY.NZ,EXPLICIT,MCY,XNZE,NZD
WS:XNZE:MEL,MEL.NZ,EXPLICIT,MEL,XNZE,NZD
WS:XNZE:MFT,MFT.NZ,EXPLICIT,MFT,XNZE,NZD
WS:XNZE:MNW,MNW.NZ,EXPLICIT,MNW,XNZE,NZD
WS:XNZE:NZX,NZX.NZ,EXPLICIT,NZX,XNZE,NZD
WS:XNZE:OCA,OCA.NZ,EXPLICIT,OCA,XNZE,NZD
WS:XNZE:PCT,PCT.NZ,EXPLICIT,PCT,XNZE,NZD
WS:XNZE:PFI,PFI.NZ,EXPLICIT,PFI,XNZE,NZD
WS:XNZE:POT,POT.NZ,EXPLICIT,POT,XNZE,NZD
WS:XNZE:RYM,RYM.NZ,EXPLICIT,RYM,XNZE,NZD
WS:XNZE:SAN,SAN.NZ,EXPLICIT,SAN,XNZE,NZD
WS:XNZE:SCL,SCL.NZ,EXPLICIT,SCL,XNZE,NZD
WS:XNZE:SKC,SKC.NZ,EXPLICIT,SKC,XNZE,NZD
WS:XNZE:SKL,SKL.NZ,EXPLICIT,SKL,XNZE,NZD
WS:XNZE:SKO,SKO.NZ,EXPLICIT,SKO,XNZE,NZD
WS:XNZE:SKT,SKT.NZ,EXPLICIT,SKT,XNZE,NZD
WS:XNZE:SPG,SPG.NZ,EXPLICIT,SPG,XNZE,NZD
WS:XNZE:SPK,SPK.NZ,EXPLICIT,SPK,XNZE,NZD
WS:XNZE:SUM,SUM.NZ,EXPLICIT,SUM,XNZE,NZD
WS:XNZE:THL,THL.NZ,EXPLICIT,THL,XNZE,NZD
WS:XNZE:TRA,TRA.NZ,EXPLICIT,TRA,XNZE,NZD
WS:XNZE:VCT,VCT.NZ,EXPLICIT,VCT,XNZE,NZD
WS:XNZE:VGL,VGL.NZ,EXPLICIT,VGL,XNZE,NZD
WS:XNZE:VHP,VHP.NZ,EXPLICIT,VHP,XNZE,NZD
WS:XNZE:VSL,VSL.NZ,EXPLICIT,VSL,XNZE,NZD
WS:XNZE:WBC,WBC.NZ,EXPLICIT,WBC,XNZE,NZD
WS:XNZE:WHS,WHS.NZ,EXPLICIT,WHS,XNZE,NZD
WS:ISIN:TW0001216000,1216.TW,EXPLICIT,1216,XTAI,TWD
WS:ISIN:TW0001303006,1303.TW,EXPLICIT,1303,XTAI,TWD
WS:ISIN:TW0002059003,2059.TW,EXPLICIT,2059,XTAI,TWD
WS:ISIN:TW0002301009,2301.TW,EXPLICIT,2301,XTAI,TWD
WS:ISIN:TW0002303005,2303.TW,EXPLICIT,2303,XTAI,TWD
WS:ISIN:TW0002308004,2308.TW,EXPLICIT,2308,XTAI,TWD
WS:ISIN:TW0002317005,2317.TW,EXPLICIT,2317,XTAI,TWD
WS:ISIN:TW0002327004,2327.TW,EXPLICIT,2327,XTAI,TWD
WS:ISIN:TW0002330008,2330.TW,EXPLICIT,2330,XTAI,TWD
WS:ISIN:TW0002344009,2344.TW,EXPLICIT,2344,XTAI,TWD
WS:ISIN:TW0002345006,2345.TW,EXPLICIT,2345,XTAI,TWD
WS:ISIN:TW0002357001,2357.TW,EXPLICIT,2357,XTAI,TWD
WS:ISIN:TW0002360005,2360.TW,EXPLICIT,2360,XTAI,TWD
WS:ISIN:TW0002368008,2368.TW,EXPLICIT,2368,XTAI,TWD
WS:ISIN:TW0002382009,2382.TW,EXPLICIT,2382,XTAI,TWD
WS:ISIN:TW0002383007,2383.TW,EXPLICIT,2383,XTAI,TWD
WS:ISIN:TW0002395001,2395.TW,EXPLICIT,2395,XTAI,TWD
WS:ISIN:TW0002408002,2408.TW,EXPLICIT,2408,XTAI,TWD
WS:ISIN:TW0002412004,2412.TW,EXPLICIT,2412,XTAI,TWD
WS:ISIN:TW0002449006,2449.TW,EXPLICIT,2449,XTAI,TWD
WS:ISIN:TW0002454006,2454.TW,EXPLICIT,2454,XTAI,TWD
WS:ISIN:TW0002603008,2603.TW,EXPLICIT,2603,XTAI,TWD
WS:ISIN:TW0002880002,2880.TW,EXPLICIT,2880,XTAI,TWD
WS:ISIN:TW0002881000,2881.TW,EXPLICIT,2881,XTAI,TWD
WS:ISIN:TW0002882008,2882.TW,EXPLICIT,2882,XTAI,TWD
WS:ISIN:TW0002883006,2883.TW,EXPLICIT,2883,XTAI,TWD
WS:ISIN:TW0002884004,2884.TW,EXPLICIT,2884,XTAI,TWD
WS:ISIN:TW0002885001,2885.TW,EXPLICIT,2885,XTAI,TWD
WS:ISIN:TW0002886009,2886.TW,EXPLICIT,2886,XTAI,TWD
WS:ISIN:TW0002887007,2887.TW,EXPLICIT,2887,XTAI,TWD
WS:ISIN:TW0002890001,2890.TW,EXPLICIT,2890,XTAI,TWD
WS:ISIN:TW0002891009,2891.TW,EXPLICIT,2891,XTAI,TWD
WS:ISIN:TW0002892007,2892.TW,EXPLICIT,2892,XTAI,TWD
WS:ISIN:TW0003008009,3008.TW,EXPLICIT,3008,XTAI,TWD
WS:ISIN:TW0003017000,3017.TW,EXPLICIT,3017,XTAI,TWD
WS:ISIN:TW0003037008,3037.TW,EXPLICIT,3037,XTAI,TWD
WS:ISIN:TW0003045001,3045.TW,EXPLICIT,3045,XTAI,TWD
WS:ISIN:TW0003231007,3231.TW,EXPLICIT,3231,XTAI,TWD
WS:ISIN:TW0003443008,3443.TW,EXPLICIT,3443,XTAI,TWD
WS:ISIN:TW0003653002,3653.TW,EXPLICIT,3653,XTAI,TWD
WS:ISIN:KYG022421088,3661.TW,EXPLICIT,3661,XTAI,TWD
WS:ISIN:KYG114741062,3665.TW,EXPLICIT,3665,XTAI,TWD
WS:XTAI:3711,3711.TW,EXPLICIT,3711,XTAI,TWD
WS:ISIN:TW0004904008,4904.TW,EXPLICIT,4904,XTAI,TWD
WS:ISIN:KYG989221000,4958.TW,EXPLICIT,4958,XTAI,TWD
WS:ISIN:TW0005880009,5880.TW,EXPLICIT,5880,XTAI,TWD
WS:ISIN:TW0006505001,6505.TW,EXPLICIT,6505,XTAI,TWD
WS:XTAI:6669,6669.TW,EXPLICIT,6669,XTAI,TWD
WS:XTAI:7769,7769.TW,EXPLICIT,7769,XTAI,TWD
WS:ISIN:TW0008046004,8046.TW,EXPLICIT,8046,XTAI,TWD
WS:US:A,A,EXPLICIT,A,,USD
WS:US:AA,AA,EXPLICIT,AA,,USD
WS:US:AAL,AAL,EXPLICIT,AAL,,USD
WS:US:AAMI,AAMI,EXPLICIT,AAMI,,USD
WS:US:AAON,AAON,EXPLICIT,AAON,,USD
WS:US:AAP,AAP,EXPLICIT,AAP,,USD
WS:US:AAPL,AAPL,EXPLICIT,AAPL,,USD
WS:US:AAT,AAT,EXPLICIT,AAT,,USD
WS:US:ABBV,ABBV,EXPLICIT,ABBV,,USD
WS:US:ABCB,ABCB,EXPLICIT,ABCB,,USD
WS:US:ABG,ABG,EXPLICIT,ABG,,USD
WS:US:ABM,ABM,EXPLICIT,ABM,,USD
WS:US:ABNB,ABNB,EXPLICIT,ABNB,,USD
WS:US:ABR,ABR,EXPLICIT,ABR,,USD
WS:US:ABT,ABT,EXPLICIT,ABT,,USD
WS:US:ACA,ACA,EXPLICIT,ACA,,USD
WS:US:ACAD,ACAD,EXPLICIT,ACAD,,USD
WS:US:ACGL,ACGL,EXPLICIT,ACGL,,USD
WS:US:ACHC,ACHC,EXPLICIT,ACHC,,USD
WS:US:ACI,ACI,EXPLICIT,ACI,,USD
WS:US:ACIW,ACIW,EXPLICIT,ACIW,,USD
WS:US:ACLS,ACLS,EXPLICIT,ACLS,,USD
WS:US:ACM,ACM,EXPLICIT,ACM,,USD
WS:US:ACMR,ACMR,EXPLICIT,ACMR,,USD
WS:US:ACN,ACN,EXPLICIT,ACN,,USD
WS:US:ACT,ACT,EXPLICIT,ACT,,USD
WS:US:ADAM,ADAM,EXPLICIT,ADAM,,USD
WS:US:ADBE,ADBE,EXPLICIT,ADBE,,USD
WS:US:ADC,ADC,EXPLICIT,ADC,,USD
WS:US:ADEA,ADEA,EXPLICIT,ADEA,,USD
WS:US:ADI,ADI,EXPLICIT,ADI,,USD
WS:US:ADIG,ADIG,EXPLICIT,ADIG,,USD
WS:US:ADM,ADM,EXPLICIT,ADM,,USD
WS:US:ADMA,ADMA,EXPLICIT,ADMA,,USD
WS:US:ADNT,ADNT,EXPLICIT,ADNT,,USD
WS:US:ADP,ADP,EXPLICIT,ADP,,USD
WS:US:ADSK,ADSK,EXPLICIT,ADSK,,USD
WS:US:ADT,ADT,EXPLICIT,ADT,,USD
WS:US:ADUS,ADUS,EXPLICIT,ADUS,,USD
WS:US:AEE,AEE,EXPLICIT,AEE,,USD
WS:US:AEIS,AEIS,EXPLICIT,AEIS,,USD
WS:US:AEO,AEO,EXPLICIT,AEO,,USD
WS:US:AEP,AEP,EXPLICIT,AEP,,USD
WS:US:AES,AES,EXPLICIT,AES,,USD
WS:US:AESI,AESI,EXPLICIT,AESI,,USD
WS:US:AFG,AFG,EXPLICIT,AFG,,USD
WS:US:AFL,AFL,EXPLICIT,AFL,,USD
WS:US:AGCO,AGCO,EXPLICIT,AGCO,,USD
WS:US:AGNT,AGNT,EXPLICIT,AGNT,,USD
WS:US:AGO,AGO,EXPLICIT,AGO,,USD
WS:US:AGX,AGX,EXPLICIT,AGX,,USD
WS:US:AGYS,AGYS,EXPLICIT,AGYS,,USD
WS:US:AHCO,AHCO,EXPLICIT,AHCO,,USD
WS:US:AHR,AHR,EXPLICIT,AHR,,USD
WS:US:AIG,AIG,EXPLICIT,AIG,,USD
WS:US:AIN,AIN,EXPLICIT,AIN,,USD
WS:US:AIR,AIR,EXPLICIT,AIR,,USD
WS:US:AIT,AIT,EXPLICIT,AIT,,USD
WS:US:AIZ,AIZ,EXPLICIT,AIZ,,USD
WS:US:AJG,AJG,EXPLICIT,AJG,,USD
WS:US:AKAM,AKAM,EXPLICIT,AKAM,,USD
WS:US:AKR,AKR,EXPLICIT,AKR,,USD
WS:US:ALB,ALB,EXPLICIT,ALB,,USD
WS:US:ALG,ALG,EXPLICIT,ALG,,USD
WS:US:ALGM,ALGM,EXPLICIT,ALGM,,USD
WS:US:ALGN,ALGN,EXPLICIT,ALGN,,USD
WS:US:ALGT,ALGT,EXPLICIT,ALGT,,USD
WS:US:ALHC,ALHC,EXPLICIT,ALHC,,USD
WS:US:ALK,ALK,EXPLICIT,ALK,,USD
WS:US:ALKS,ALKS,EXPLICIT,ALKS,,USD
WS:US:ALL,ALL,EXPLICIT,ALL,,USD
WS:US:ALLE,ALLE,EXPLICIT,ALLE,,USD
WS:US:ALLY,ALLY,EXPLICIT,ALLY,,USD
WS:US:ALRM,ALRM,EXPLICIT,ALRM,,USD
WS:US:ALSN,ALSN,EXPLICIT,ALSN,,USD
WS:US:ALV,ALV,EXPLICIT,ALV,,USD
WS:US:AM,AM,EXPLICIT,AM,,USD
WS:US:AMAT,AMAT,EXPLICIT,AMAT,,USD
WS:US:AMCR,AMCR,EXPLICIT,AMCR,,USD
WS:US:AMD,AMD,EXPLICIT,AMD,,USD
WS:US:AME,AME,EXPLICIT,AME,,USD
WS:US:AMG,AMG,EXPLICIT,AMG,,USD
WS:US:AMGN,AMGN,EXPLICIT,AMGN,,USD
WS:US:AMH,AMH,EXPLICIT,AMH,,USD
WS:US:AMKR,AMKR,EXPLICIT,AMKR,,USD
WS:US:AMN,AMN,EXPLICIT,AMN,,USD
WS:US:AMP,AMP,EXPLICIT,AMP,,USD
WS:US:AMPH,AMPH,EXPLICIT,AMPH,,USD
WS:US:AMR,AMR,EXPLICIT,AMR,,USD
WS:US:AMRX,AMRX,EXPLICIT,AMRX,,USD
WS:US:AMSF,AMSF,EXPLICIT,AMSF,,USD
WS:US:AMT,AMT,EXPLICIT,AMT,,USD
WS:US:AMTM,AMTM,EXPLICIT,AMTM,,USD
WS:US:AMZN,AMZN,EXPLICIT,AMZN,,USD
WS:US:AN,AN,EXPLICIT,AN,,USD
WS:US:ANDE,ANDE,EXPLICIT,ANDE,,USD
WS:US:ANET,ANET,EXPLICIT,ANET,,USD
WS:US:ANF,ANF,EXPLICIT,ANF,,USD
WS:US:ANIP,ANIP,EXPLICIT,ANIP,,USD
WS:US:AON,AON,EXPLICIT,AON,,USD
WS:US:AORT,AORT,EXPLICIT,AORT,,USD
WS:US:AOS,AOS,EXPLICIT,AOS,,USD
WS:US:AOSL,AOSL,EXPLICIT,AOSL,,USD
WS:US:APA,APA,EXPLICIT,APA,,USD
WS:US:APAM,APAM,EXPLICIT,APAM,,USD
WS:US:APD,APD,EXPLICIT,APD,,USD
WS:US:APG,APG,EXPLICIT,APG,,USD
WS:US:APH,APH,EXPLICIT,APH,,USD
WS:US:APLE,APLE,EXPLICIT,APLE,,USD
WS:US:APO,APO,EXPLICIT,APO,,USD
WS:US:APOG,APOG,EXPLICIT,APOG,,USD
WS:US:APP,APP,EXPLICIT,APP,,USD
WS:US:APPF,APPF,EXPLICIT,APPF,,USD
WS:US:APTV,APTV,EXPLICIT,APTV,,USD
WS:US:AR,AR,EXPLICIT,AR,,USD
WS:US:ARCB,ARCB,EXPLICIT,ARCB,,USD
WS:US:ARE,ARE,EXPLICIT,ARE,,USD
WS:US:ARES,ARES,EXPLICIT,ARES,,USD
WS:US:ARLO,ARLO,EXPLICIT,ARLO,,USD
WS:US:ARMK,ARMK,EXPLICIT,ARMK,,USD
WS:US:AROC,AROC,EXPLICIT,AROC,,USD
WS:US:ARR,ARR,EXPLICIT,ARR,,USD
WS:US:ARW,ARW,EXPLICIT,ARW,,USD
WS:US:ARWR,ARWR,EXPLICIT,ARWR,,USD
WS:US:ASB,ASB,EXPLICIT,ASB,,USD
WS:US:ASH,ASH,EXPLICIT,ASH,,USD
WS:US:ASO,ASO,EXPLICIT,ASO,,USD
WS:US:ASTE,ASTE,EXPLICIT,ASTE,,USD
WS:US:ASTH,ASTH,EXPLICIT,ASTH,,USD
WS:US:ATEN,ATEN,EXPLICIT,ATEN,,USD
WS:US:ATI,ATI,EXPLICIT,ATI,,USD
WS:US:ATMU,ATMU,EXPLICIT,ATMU,,USD
WS:US:ATO,ATO,EXPLICIT,ATO,,USD
WS:US:ATR,ATR,EXPLICIT,ATR,,USD
WS:US:AUB,AUB,EXPLICIT,AUB,,USD
WS:US:AVA,AVA,EXPLICIT,AVA,,USD
WS:US:AVAV,AVAV,EXPLICIT,AVAV,,USD
WS:US:AVGO,AVGO,EXPLICIT,AVGO,,USD
WS:US:AVNT,AVNT,EXPLICIT,AVNT,,USD
WS:US:AVT,AVT,EXPLICIT,AVT,,USD
WS:US:AVTR,AVTR,EXPLICIT,AVTR,,USD
WS:US:AVY,AVY,EXPLICIT,AVY,,USD
WS:US:AWI,AWI,EXPLICIT,AWI,,USD
WS:US:AWK,AWK,EXPLICIT,AWK,,USD
WS:US:AWR,AWR,EXPLICIT,AWR,,USD
WS:US:AX,AX,EXPLICIT,AX,,USD
WS:US:AXON,AXON,EXPLICIT,AXON,,USD
WS:US:AXP,AXP,EXPLICIT,AXP,,USD
WS:US:AXTA,AXTA,EXPLICIT,AXTA,,USD
WS:US:AYI,AYI,EXPLICIT,AYI,,USD
WS:US:AZO,AZO,EXPLICIT,AZO,,USD
WS:US:AZTA,AZTA,EXPLICIT,AZTA,,USD
WS:US:AZZ,AZZ,EXPLICIT,AZZ,,USD
WS:US:BA,BA,EXPLICIT,BA,,USD
WS:US:BAC,BAC,EXPLICIT,BAC,,USD
WS:US:BAH,BAH,EXPLICIT,BAH,,USD
WS:US:BALL,BALL,EXPLICIT,BALL,,USD
WS:US:BANC,BANC,EXPLICIT,BANC,,USD
WS:US:BANF,BANF,EXPLICIT,BANF,,USD
WS:US:BANR,BANR,EXPLICIT,BANR,,USD
WS:US:BAX,BAX,EXPLICIT,BAX,,USD
WS:US:BBT,BBT,EXPLICIT,BBT,,USD
WS:US:BBWI,BBWI,EXPLICIT,BBWI,,USD
WS:US:BBY,BBY,EXPLICIT,BBY,,USD
WS:US:BC,BC,EXPLICIT,BC,,USD
WS:US:BCC,BCC,EXPLICIT,BCC,,USD
WS:US:BCO,BCO,EXPLICIT,BCO,,USD
WS:US:BCPC,BCPC,EXPLICIT,BCPC,,USD
WS:US:BDC,BDC,EXPLICIT,BDC,,USD
WS:US:BDX,BDX,EXPLICIT,BDX,,USD
WS:US:BEN,BEN,EXPLICIT,BEN,,USD
WS:US:BF.B,BF-B,EXPLICIT,BF.B,,USD
WS:US:BFAM,BFAM,EXPLICIT,BFAM,,USD
WS:US:BFH,BFH,EXPLICIT,BFH,,USD
WS:US:BFS,BFS,EXPLICIT,BFS,,USD
WS:US:BG,BG,EXPLICIT,BG,,USD
WS:US:BGC,BGC,EXPLICIT,BGC,,USD
WS:US:BHE,BHE,EXPLICIT,BHE,,USD
WS:US:BHF,BHF,EXPLICIT,BHF,,USD
WS:US:BIIB,BIIB,EXPLICIT,BIIB,,USD
WS:US:BILL,BILL,EXPLICIT,BILL,,USD
WS:US:BIO,BIO,EXPLICIT,BIO,,USD
WS:US:BJ,BJ,EXPLICIT,BJ,,USD
WS:US:BJRI,BJRI,EXPLICIT,BJRI,,USD
WS:US:BKE,BKE,EXPLICIT,BKE,,USD
WS:US:BKH,BKH,EXPLICIT,BKH,,USD
WS:US:BKNG,BKNG,EXPLICIT,BKNG,,USD
WS:US:BKR,BKR,EXPLICIT,BKR,,USD
WS:US:BKU,BKU,EXPLICIT,BKU,,USD
WS:US:BL,BL,EXPLICIT,BL,,USD
WS:US:BLDR,BLDR,EXPLICIT,BLDR,,USD
WS:US:BLFS,BLFS,EXPLICIT,BLFS,,USD
WS:US:BLK,BLK,EXPLICIT,BLK,,USD
WS:US:BLKB,BLKB,EXPLICIT,BLKB,,USD
WS:US:BMI,BMI,EXPLICIT,BMI,,USD
WS:US:BMRN,BMRN,EXPLICIT,BMRN,,USD
WS:US:BMY,BMY,EXPLICIT,BMY,,USD
WS:US:BNL,BNL,EXPLICIT,BNL,,USD
WS:US:BNY,BNY,EXPLICIT,BNY,,USD
WS:US:BOH,BOH,EXPLICIT,BOH,,USD
WS:US:BOOT,BOOT,EXPLICIT,BOOT,,USD
WS:US:BOX,BOX,EXPLICIT,BOX,,USD
WS:US:BR,BR,EXPLICIT,BR,,USD
WS:US:BRC,BRC,EXPLICIT,BRC,,USD
WS:US:BRK.B,BRK-B,EXPLICIT,BRK.B,,USD
WS:US:BRKR,BRKR,EXPLICIT,BRKR,,USD
WS:US:BRO,BRO,EXPLICIT,BRO,,USD
WS:US:BROS,BROS,EXPLICIT,BROS,,USD
WS:US:BRX,BRX,EXPLICIT,BRX,,USD
WS:US:BSX,BSX,EXPLICIT,BSX,,USD
WS:US:BSY,BSY,EXPLICIT,BSY,,USD
WS:US:BTSG,BTSG,EXPLICIT,BTSG,,USD
WS:US:BTU,BTU,EXPLICIT,BTU,,USD
WS:US:BURL,BURL,EXPLICIT,BURL,,USD
WS:US:BWA,BWA,EXPLICIT,BWA,,USD
WS:US:BWXT,BWXT,EXPLICIT,BWXT,,USD
WS:US:BX,BX,EXPLICIT,BX,,USD
WS:US:BXMT,BXMT,EXPLICIT,BXMT,,USD
WS:US:BXP,BXP,EXPLICIT,BXP,,USD
WS:US:BYD,BYD,EXPLICIT,BYD,,USD
WS:US:C,C,EXPLICIT,C,,USD
WS:US:CACC,CACC,EXPLICIT,CACC,,USD
WS:US:CACI,CACI,EXPLICIT,CACI,,USD
WS:US:CAG,CAG,EXPLICIT,CAG,,USD
WS:US:CAH,CAH,EXPLICIT,CAH,,USD
WS:US:CAKE,CAKE,EXPLICIT,CAKE,,USD
WS:US:CALM,CALM,EXPLICIT,CALM,,USD
WS:US:CALX,CALX,EXPLICIT,CALX,,USD
WS:US:CALY,CALY,EXPLICIT,CALY,,USD
WS:US:CAR,CAR,EXPLICIT,CAR,,USD
WS:US:CARG,CARG,EXPLICIT,CARG,,USD
WS:US:CARR,CARR,EXPLICIT,CARR,,USD
WS:US:CART,CART,EXPLICIT,CART,,USD
WS:US:CASH,CASH,EXPLICIT,CASH,,USD
WS:US:CASY,CASY,EXPLICIT,CASY,,USD
WS:US:CAT,CAT,EXPLICIT,CAT,,USD
WS:US:CATY,CATY,EXPLICIT,CATY,,USD
WS:US:CAVA,CAVA,EXPLICIT,CAVA,,USD
WS:US:CB,CB,EXPLICIT,CB,,USD
WS:US:CBOE,CBOE,EXPLICIT,CBOE,,USD
WS:US:CBRE,CBRE,EXPLICIT,CBRE,,USD
WS:US:CBRL,CBRL,EXPLICIT,CBRL,,USD
WS:US:CBSH,CBSH,EXPLICIT,CBSH,,USD
WS:US:CBT,CBT,EXPLICIT,CBT,,USD
WS:US:CBU,CBU,EXPLICIT,CBU,,USD
WS:US:CC,CC,EXPLICIT,CC,,USD
WS:US:CCI,CCI,EXPLICIT,CCI,,USD
WS:US:CCK,CCK,EXPLICIT,CCK,,USD
WS:US:CCL,CCL,EXPLICIT,CCL,,USD
WS:US:CCOI,CCOI,EXPLICIT,CCOI,,USD
WS:US:CCS,CCS,EXPLICIT,CCS,,USD
WS:US:CDE,CDE,EXPLICIT,CDE,,USD
WS:US:CDNS,CDNS,EXPLICIT,CDNS,,USD
WS:US:CDP,CDP,EXPLICIT,CDP,,USD
WS:US:CDW,CDW,EXPLICIT,CDW,,USD
WS:US:CE,CE,EXPLICIT,CE,,USD
WS:US:CEG,CEG,EXPLICIT,CEG,,USD
WS:US:CELH,CELH,EXPLICIT,CELH,,USD
WS:US:CENT,CENT,EXPLICIT,CENT,,USD
WS:US:CENTA,CENTA,EXPLICIT,CENTA,,USD
WS:US:CENX,CENX,EXPLICIT,CENX,,USD
WS:US:CERT,CERT,EXPLICIT,CERT,,USD
WS:US:CF,CF,EXPLICIT,CF,,USD
WS:US:CFFN,CFFN,EXPLICIT,CFFN,,USD
WS:US:CFG,CFG,EXPLICIT,CFG,,USD
WS:US:CFR,CFR,EXPLICIT,CFR,,USD
WS:US:CG,CG,EXPLICIT,CG,,USD
WS:US:CGNX,CGNX,EXPLICIT,CGNX,,USD
WS:US:CHCO,CHCO,EXPLICIT,CHCO,,USD
WS:US:CHD,CHD,EXPLICIT,CHD,,USD
WS:US:CHDN,CHDN,EXPLICIT,CHDN,,USD
WS:US:CHE,CHE,EXPLICIT,CHE,,USD
WS:US:CHEF,CHEF,EXPLICIT,CHEF,,USD
WS:US:CHH,CHH,EXPLICIT,CHH,,USD
WS:US:CHRD,CHRD,EXPLICIT,CHRD,,USD
WS:US:CHRW,CHRW,EXPLICIT,CHRW,,USD
WS:US:CHTR,CHTR,EXPLICIT,CHTR,,USD
WS:US:CHWY,CHWY,EXPLICIT,CHWY,,USD
WS:US:CI,CI,EXPLICIT,CI,,USD
WS:US:CIEN,CIEN,EXPLICIT,CIEN,,USD
WS:US:CINF,CINF,EXPLICIT,CINF,,USD
WS:US:CL,CL,EXPLICIT,CL,,USD
WS:US:CLF,CLF,EXPLICIT,CLF,,USD
WS:US:CLH,CLH,EXPLICIT,CLH,,USD
WS:US:CLSK,CLSK,EXPLICIT,CLSK,,USD
WS:US:CLX,CLX,EXPLICIT,CLX,,USD
WS:US:CMC,CMC,EXPLICIT,CMC,,USD
WS:US:CMCSA,CMCSA,EXPLICIT,CMCSA,,USD
WS:US:CME,CME,EXPLICIT,CME,,USD
WS:US:CMG,CMG,EXPLICIT,CMG,,USD
WS:US:CMI,CMI,EXPLICIT,CMI,,USD
WS:US:CMS,CMS,EXPLICIT,CMS,,USD
WS:US:CNC,CNC,EXPLICIT,CNC,,USD
WS:US:CNH,CNH,EXPLICIT,CNH,,USD
WS:US:CNK,CNK,EXPLICIT,CNK,,USD
WS:US:CNM,CNM,EXPLICIT,CNM,,USD
WS:US:CNMD,CNMD,EXPLICIT,CNMD,,USD
WS:US:CNO,CNO,EXPLICIT,CNO,,USD
WS:US:CNP,CNP,EXPLICIT,CNP,,USD
WS:US:CNR,CNR,EXPLICIT,CNR,,USD
WS:US:CNS,CNS,EXPLICIT,CNS,,USD
WS:US:CNX,CNX,EXPLICIT,CNX,,USD
WS:US:CNXC,CNXC,EXPLICIT,CNXC,,USD
WS:US:CNXN,CNXN,EXPLICIT,CNXN,,USD
WS:US:COCO,COCO,EXPLICIT,COCO,,USD
WS:US:COF,COF,EXPLICIT,COF,,USD
WS:US:COHR,COHR,EXPLICIT,COHR,,USD
WS:US:COHU,COHU,EXPLICIT,COHU,,USD
WS:US:COIN,COIN,EXPLICIT,COIN,,USD
WS:US:COKE,COKE,EXPLICIT,COKE,,USD
WS:US:COLB,COLB,EXPLICIT,COLB,,USD
WS:US:COLL,COLL,EXPLICIT,COLL,,USD
WS:US:COLM,COLM,EXPLICIT,COLM,,USD
WS:US:CON,CON,EXPLICIT,CON,,USD
WS:US:COO,COO,EXPLICIT,COO,,USD
WS:US:COP,COP,EXPLICIT,COP,,USD
WS:US:COR,COR,EXPLICIT,COR,,USD
WS:US:CORT,CORT,EXPLICIT,CORT,,USD
WS:US:COST,COST,EXPLICIT,COST,,USD
WS:US:COTY,COTY,EXPLICIT,COTY,,USD
WS:US:CPAY,CPAY,EXPLICIT,CPAY,,USD
WS:US:CPB,CPB,EXPLICIT,CPB,,USD
WS:US:CPF,CPF,EXPLICIT,CPF,,USD
WS:US:CPK,CPK,EXPLICIT,CPK,,USD
WS:US:CPRI,CPRI,EXPLICIT,CPRI,,USD
WS:US:CPRT,CPRT,EXPLICIT,CPRT,,USD
WS:US:CPT,CPT,EXPLICIT,CPT,,USD
WS:US:CR,CR,EXPLICIT,CR,,USD
WS:US:CRBG,CRBG,EXPLICIT,CRBG,,USD
WS:US:CRC,CRC,EXPLICIT,CRC,,USD
WS:US:CRGY,CRGY,EXPLICIT,CRGY,,USD
WS:US:CRH,CRH,EXPLICIT,CRH,,USD
WS:US:CRI,CRI,EXPLICIT,CRI,,USD
WS:US:CRK,CRK,EXPLICIT,CRK,,USD
WS:US:CRL,CRL,EXPLICIT,CRL,,USD
WS:US:CRM,CRM,EXPLICIT,CRM,,USD
WS:US:CROX,CROX,EXPLICIT,CROX,,USD
WS:US:CRS,CRS,EXPLICIT,CRS,,USD
WS:US:CRSR,CRSR,EXPLICIT,CRSR,,USD
WS:US:CRUS,CRUS,EXPLICIT,CRUS,,USD
WS:US:CRVL,CRVL,EXPLICIT,CRVL,,USD
WS:US:CRWD,CRWD,EXPLICIT,CRWD,,USD
WS:US:CSCO,CSCO,EXPLICIT,CSCO,,USD
WS:US:CSGP,CSGP,EXPLICIT,CSGP,,USD
WS:US:CSL,CSL,EXPLICIT,CSL,,USD
WS:US:CSR,CSR,EXPLICIT,CSR,,USD
WS:US:CSW,CSW,EXPLICIT,CSW,,USD
WS:US:CSX,CSX,EXPLICIT,CSX,,USD
WS:US:CTAS,CTAS,EXPLICIT,CTAS,,USD
WS:US:CTRE,CTRE,EXPLICIT,CTRE,,USD
WS:US:CTS,CTS,EXPLICIT,CTS,,USD
WS:US:CTSH,CTSH,EXPLICIT,CTSH,,USD
WS:US:CTVA,CTVA,EXPLICIT,CTVA,,USD
WS:US:CUBE,CUBE,EXPLICIT,CUBE,,USD
WS:US:CUBI,CUBI,EXPLICIT,CUBI,,USD
WS:US:CURB,CURB,EXPLICIT,CURB,,USD
WS:US:CUZ,CUZ,EXPLICIT,CUZ,,USD
WS:US:CVBF,CVBF,EXPLICIT,CVBF,,USD
WS:US:CVCO,CVCO,EXPLICIT,CVCO,,USD
WS:US:CVI,CVI,EXPLICIT,CVI,,USD
WS:US:CVLT,CVLT,EXPLICIT,CVLT,,USD
WS:US:CVNA,CVNA,EXPLICIT,CVNA,,USD
WS:US:CVS,CVS,EXPLICIT,CVS,,USD
WS:US:CVSA,CVSA,EXPLICIT,CVSA,,USD
WS:US:CVX,CVX,EXPLICIT,CVX,,USD
WS:US:CW,CW,EXPLICIT,CW,,USD
WS:US:CWEN,CWEN,EXPLICIT,CWEN,,USD
WS:US:CWEN.A,CWEN-A,EXPLICIT,CWEN.A,,USD
WS:US:CWK,CWK,EXPLICIT,CWK,,USD
WS:US:CWST,CWST,EXPLICIT,CWST,,USD
WS:US:CWT,CWT,EXPLICIT,CWT,,USD
WS:US:CXM,CXM,EXPLICIT,CXM,,USD
WS:US:CXT,CXT,EXPLICIT,CXT,,USD
WS:US:CXW,CXW,EXPLICIT,CXW,,USD
WS:US:CYTK,CYTK,EXPLICIT,CYTK,,USD
WS:US:CZR,CZR,EXPLICIT,CZR,,USD
WS:US:D,D,EXPLICIT,D,,USD
WS:US:DAL,DAL,EXPLICIT,DAL,,USD
WS:US:DAN,DAN,EXPLICIT,DAN,,USD
WS:US:DAR,DAR,EXPLICIT,DAR,,USD
WS:US:DASH,DASH,EXPLICIT,DASH,,USD
WS:US:DAVE,DAVE,EXPLICIT,DAVE,,USD
WS:US:DBD,DBD,EXPLICIT,DBD,,USD
WS:US:DBX,DBX,EXPLICIT,DBX,,USD
WS:US:DCH,DCH,EXPLICIT,DCH,,USD
WS:US:DCI,DCI,EXPLICIT,DCI,,USD
WS:US:DCOM,DCOM,EXPLICIT,DCOM,,USD
WS:US:DD,DD,EXPLICIT,DD,,USD
WS:US:DDOG,DDOG,EXPLICIT,DDOG,,USD
WS:US:DE,DE,EXPLICIT,DE,,USD
WS:US:DEA,DEA,EXPLICIT,DEA,,USD
WS:US:DECK,DECK,EXPLICIT,DECK,,USD
WS:US:DEI,DEI,EXPLICIT,DEI,,USD
WS:US:DELL,DELL,EXPLICIT,DELL,,USD
WS:US:DFH,DFH,EXPLICIT,DFH,,USD
WS:US:DFIN,DFIN,EXPLICIT,DFIN,,USD
WS:US:DG,DG,EXPLICIT,DG,,USD
WS:US:DGII,DGII,EXPLICIT,DGII,,USD
WS:US:DGX,DGX,EXPLICIT,DGX,,USD
WS:US:DHI,DHI,EXPLICIT,DHI,,USD
WS:US:DHR,DHR,EXPLICIT,DHR,,USD
WS:US:DINO,DINO,EXPLICIT,DINO,,USD
WS:US:DIOD,DIOD,EXPLICIT,DIOD,,USD
WS:US:DIS,DIS,EXPLICIT,DIS,,USD
WS:US:DKS,DKS,EXPLICIT,DKS,,USD
WS:US:DLB,DLB,EXPLICIT,DLB,,USD
WS:US:DLR,DLR,EXPLICIT,DLR,,USD
WS:US:DLTR,DLTR,EXPLICIT,DLTR,,USD
WS:US:DLX,DLX,EXPLICIT,DLX,,USD
WS:US:DMC,DMC,EXPLICIT,DMC,,USD
WS:US:DNOW,DNOW,EXPLICIT,DNOW,,USD
WS:US:DOC,DOC,EXPLICIT,DOC,,USD
WS:US:DOCN,DOCN,EXPLICIT,DOCN,,USD
WS:US:DOCS,DOCS,EXPLICIT,DOCS,,USD
WS:US:DOCU,DOCU,EXPLICIT,DOCU,,USD
WS:US:DORM,DORM,EXPLICIT,DORM,,USD
WS:US:DOV,DOV,EXPLICIT,DOV,,USD
WS:US:DOW,DOW,EXPLICIT,DOW,,USD
WS:US:DPZ,DPZ,EXPLICIT,DPZ,,USD
WS:US:DRH,DRH,EXPLICIT,DRH,,USD
WS:US:DRI,DRI,EXPLICIT,DRI,,USD
WS:US:DT,DT,EXPLICIT,DT,,USD
WS:US:DTE,DTE,EXPLICIT,DTE,,USD
WS:US:DTM,DTM,EXPLICIT,DTM,,USD
WS:US:DUK,DUK,EXPLICIT,DUK,,USD
WS:US:DUOL,DUOL,EXPLICIT,DUOL,,USD
WS:US:DV,DV,EXPLICIT,DV,,USD
WS:US:DVA,DVA,EXPLICIT,DVA,,USD
WS:US:DVN,DVN,EXPLICIT,DVN,,USD
WS:US:DXC,DXC,EXPLICIT,DXC,,USD
WS:US:DXCM,DXCM,EXPLICIT,DXCM,,USD
WS:US:DXPE,DXPE,EXPLICIT,DXPE,,USD
WS:US:DY,DY,EXPLICIT,DY,,USD
WS:US:EAT,EAT,EXPLICIT,EAT,,USD
WS:US:EBAY,EBAY,EXPLICIT,EBAY,,USD
WS:US:EBC,EBC,EXPLICIT,EBC,,USD
WS:US:ECG,ECG,EXPLICIT,ECG,,USD
WS:US:ECHO,ECHO,EXPLICIT,ECHO,,USD
WS:US:ECL,ECL,EXPLICIT,ECL,,USD
WS:US:ECPG,ECPG,EXPLICIT,ECPG,,USD
WS:US:ED,ED,EXPLICIT,ED,,USD
WS:US:EEFT,EEFT,EXPLICIT,EEFT,,USD
WS:US:EFC,EFC,EXPLICIT,EFC,,USD
WS:US:EFOR,EFOR,EXPLICIT,EFOR,,USD
WS:US:EFX,EFX,EXPLICIT,EFX,,USD
WS:US:EG,EG,EXPLICIT,EG,,USD
WS:US:EGBN,EGBN,EXPLICIT,EGBN,,USD
WS:US:EGP,EGP,EXPLICIT,EGP,,USD
WS:US:EHC,EHC,EXPLICIT,EHC,,USD
WS:US:EIG,EIG,EXPLICIT,EIG,,USD
WS:US:EIX,EIX,EXPLICIT,EIX,,USD
WS:US:EL,EL,EXPLICIT,EL,,USD
WS:US:ELAN,ELAN,EXPLICIT,ELAN,,USD
WS:US:ELF,ELF,EXPLICIT,ELF,,USD
WS:US:ELS,ELS,EXPLICIT,ELS,,USD
WS:US:ELV,ELV,EXPLICIT,ELV,,USD
WS:US:EME,EME,EXPLICIT,EME,,USD
WS:US:EMN,EMN,EXPLICIT,EMN,,USD
WS:US:EMR,EMR,EXPLICIT,EMR,,USD
WS:US:ENOV,ENOV,EXPLICIT,ENOV,,USD
WS:US:ENPH,ENPH,EXPLICIT,ENPH,,USD
WS:US:ENR,ENR,EXPLICIT,ENR,,USD
WS:US:ENS,ENS,EXPLICIT,ENS,,USD
WS:US:ENSG,ENSG,EXPLICIT,ENSG,,USD
WS:US:ENTG,ENTG,EXPLICIT,ENTG,,USD
WS:US:ENVA,ENVA,EXPLICIT,ENVA,,USD
WS:US:EOG,EOG,EXPLICIT,EOG,,USD
WS:US:EPAC,EPAC,EXPLICIT,EPAC,,USD
WS:US:EPAM,EPAM,EXPLICIT,EPAM,,USD
WS:US:EPC,EPC,EXPLICIT,EPC,,USD
WS:US:EPR,EPR,EXPLICIT,EPR,,USD
WS:US:EPRT,EPRT,EXPLICIT,EPRT,,USD
WS:US:EQH,EQH,EXPLICIT,EQH,,USD
WS:US:EQIX,EQIX,EXPLICIT,EQIX,,USD
WS:US:EQT,EQT,EXPLICIT,EQT,,USD
WS:US:ERIE,ERIE,EXPLICIT,ERIE,,USD
WS:US:ES,ES,EXPLICIT,ES,,USD
WS:US:ESAB,ESAB,EXPLICIT,ESAB,,USD
WS:US:ESE,ESE,EXPLICIT,ESE,,USD
WS:US:ESI,ESI,EXPLICIT,ESI,,USD
WS:US:ESNT,ESNT,EXPLICIT,ESNT,,USD
WS:US:ESS,ESS,EXPLICIT,ESS,,USD
WS:US:ETN,ETN,EXPLICIT,ETN,,USD
WS:US:ETR,ETR,EXPLICIT,ETR,,USD
WS:US:ETSY,ETSY,EXPLICIT,ETSY,,USD
WS:US:EVR,EVR,EXPLICIT,EVR,,USD
WS:US:EVRG,EVRG,EXPLICIT,EVRG,,USD
WS:US:EVTC,EVTC,EXPLICIT,EVTC,,USD
WS:US:EW,EW,EXPLICIT,EW,,USD
WS:US:EWBC,EWBC,EXPLICIT,EWBC,,USD
WS:US:EXC,EXC,EXPLICIT,EXC,,USD
WS:US:EXE,EXE,EXPLICIT,EXE,,USD
WS:US:EXEL,EXEL,EXPLICIT,EXEL,,USD
WS:US:EXLS,EXLS,EXPLICIT,EXLS,,USD
WS:US:EXP,EXP,EXPLICIT,EXP,,USD
WS:US:EXPD,EXPD,EXPLICIT,EXPD,,USD
WS:US:EXPE,EXPE,EXPLICIT,EXPE,,USD
WS:US:EXPO,EXPO,EXPLICIT,EXPO,,USD
WS:US:EXR,EXR,EXPLICIT,EXR,,USD
WS:US:EXTR,EXTR,EXPLICIT,EXTR,,USD
WS:US:EYE,EYE,EXPLICIT,EYE,,USD
WS:US:EZPW,EZPW,EXPLICIT,EZPW,,USD
WS:US:F,F,EXPLICIT,F,,USD
WS:US:FA,FA,EXPLICIT,FA,,USD
WS:US:FAF,FAF,EXPLICIT,FAF,,USD
WS:US:FANG,FANG,EXPLICIT,FANG,,USD
WS:US:FAST,FAST,EXPLICIT,FAST,,USD
WS:US:FBIN,FBIN,EXPLICIT,FBIN,,USD
WS:US:FBK,FBK,EXPLICIT,FBK,,USD
WS:US:FBNC,FBNC,EXPLICIT,FBNC,,USD
WS:US:FBP,FBP,EXPLICIT,FBP,,USD
WS:US:FBRT,FBRT,EXPLICIT,FBRT,,USD
WS:US:FCF,FCF,EXPLICIT,FCF,,USD
WS:US:FCFS,FCFS,EXPLICIT,FCFS,,USD
WS:US:FCN,FCN,EXPLICIT,FCN,,USD
WS:US:FCPT,FCPT,EXPLICIT,FCPT,,USD
WS:US:FCX,FCX,EXPLICIT,FCX,,USD
WS:US:FDS,FDS,EXPLICIT,FDS,,USD
WS:US:FDX,FDX,EXPLICIT,FDX,,USD
WS:US:FDXF,FDXF,EXPLICIT,FDXF,,USD
WS:US:FE,FE,EXPLICIT,FE,,USD
WS:US:FELE,FELE,EXPLICIT,FELE,,USD
WS:US:FERG,FERG,EXPLICIT,FERG,,USD
WS:US:FFBC,FFBC,EXPLICIT,FFBC,,USD
WS:US:FFIN,FFIN,EXPLICIT,FFIN,,USD
WS:US:FFIV,FFIV,EXPLICIT,FFIV,,USD
WS:US:FG,FG,EXPLICIT,FG,,USD
WS:US:FHB,FHB,EXPLICIT,FHB,,USD
WS:US:FHI,FHI,EXPLICIT,FHI,,USD
WS:US:FHN,FHN,EXPLICIT,FHN,,USD
WS:US:FIBK,FIBK,EXPLICIT,FIBK,,USD
WS:US:FICO,FICO,EXPLICIT,FICO,,USD
WS:US:FIS,FIS,EXPLICIT,FIS,,USD
WS:US:FISV,FISV,EXPLICIT,FISV,,USD
WS:US:FITB,FITB,EXPLICIT,FITB,,USD
WS:US:FIVE,FIVE,EXPLICIT,FIVE,,USD
WS:US:FIVN,FIVN,EXPLICIT,FIVN,,USD
WS:US:FIX,FIX,EXPLICIT,FIX,,USD
WS:US:FIZZ,FIZZ,EXPLICIT,FIZZ,,USD
WS:US:FLEX,FLEX,EXPLICIT,FLEX,,USD
WS:US:FLG,FLG,EXPLICIT,FLG,,USD
WS:US:FLO,FLO,EXPLICIT,FLO,,USD
WS:US:FLR,FLR,EXPLICIT,FLR,,USD
WS:US:FLS,FLS,EXPLICIT,FLS,,USD
WS:US:FMC,FMC,EXPLICIT,FMC,,USD
WS:US:FN,FN,EXPLICIT,FN,,USD
WS:US:FNB,FNB,EXPLICIT,FNB,,USD
WS:US:FND,FND,EXPLICIT,FND,,USD
WS:US:FNF,FNF,EXPLICIT,FNF,,USD
WS:US:FORM,FORM,EXPLICIT,FORM,,USD
WS:US:FOUR,FOUR,EXPLICIT,FOUR,,USD
WS:US:FOX,FOX,EXPLICIT,FOX,,USD
WS:US:FOXA,FOXA,EXPLICIT,FOXA,,USD
WS:US:FOXF,FOXF,EXPLICIT,FOXF,,USD
WS:US:FR,FR,EXPLICIT,FR,,USD
WS:US:FRPT,FRPT,EXPLICIT,FRPT,,USD
WS:US:FRT,FRT,EXPLICIT,FRT,,USD
WS:US:FSLR,FSLR,EXPLICIT,FSLR,,USD
WS:US:FSS,FSS,EXPLICIT,FSS,,USD
WS:US:FTDR,FTDR,EXPLICIT,FTDR,,USD
WS:US:FTI,FTI,EXPLICIT,FTI,,USD
WS:US:FTNT,FTNT,EXPLICIT,FTNT,,USD
WS:US:FTRE,FTRE,EXPLICIT,FTRE,,USD
WS:US:FTV,FTV,EXPLICIT,FTV,,USD
WS:US:FUL,FUL,EXPLICIT,FUL,,USD
WS:US:FULT,FULT,EXPLICIT,FULT,,USD
WS:US:FUN,FUN,EXPLICIT,FUN,,USD
WS:US:G,G,EXPLICIT,G,,USD
WS:US:GAP,GAP,EXPLICIT,GAP,,USD
WS:US:GATX,GATX,EXPLICIT,GATX,,USD
WS:US:GBCI,GBCI,EXPLICIT,GBCI,,USD
WS:US:GBX,GBX,EXPLICIT,GBX,,USD
WS:US:GD,GD,EXPLICIT,GD,,USD
WS:US:GDDY,GDDY,EXPLICIT,GDDY,,USD
WS:US:GE,GE,EXPLICIT,GE,,USD
WS:US:GEF,GEF,EXPLICIT,GEF,,USD
WS:US:GEHC,GEHC,EXPLICIT,GEHC,,USD
WS:US:GEN,GEN,EXPLICIT,GEN,,USD
WS:US:GEO,GEO,EXPLICIT,GEO,,USD
WS:US:GEV,GEV,EXPLICIT,GEV,,USD
WS:US:GFF,GFF,EXPLICIT,GFF,,USD
WS:US:GGG,GGG,EXPLICIT,GGG,,USD
WS:US:GHC,GHC,EXPLICIT,GHC,,USD
WS:US:GIII,GIII,EXPLICIT,GIII,,USD
WS:US:GILD,GILD,EXPLICIT,GILD,,USD
WS:US:GIS,GIS,EXPLICIT,GIS,,USD
WS:US:GKOS,GKOS,EXPLICIT,GKOS,,USD
WS:US:GL,GL,EXPLICIT,GL,,USD
WS:US:GLPI,GLPI,EXPLICIT,GLPI,,USD
WS:US:GLW,GLW,EXPLICIT,GLW,,USD
WS:US:GM,GM,EXPLICIT,GM,,USD
WS:US:GME,GME,EXPLICIT,GME,,USD
WS:US:GMED,GMED,EXPLICIT,GMED,,USD
WS:US:GNL,GNL,EXPLICIT,GNL,,USD
WS:US:GNRC,GNRC,EXPLICIT,GNRC,,USD
WS:US:GNTX,GNTX,EXPLICIT,GNTX,,USD
WS:US:GNW,GNW,EXPLICIT,GNW,,USD
WS:US:GO,GO,EXPLICIT,GO,,USD
WS:US:GOLF,GOLF,EXPLICIT,GOLF,,USD
WS:US:GOOG,GOOG,EXPLICIT,GOOG,,USD
WS:US:GOOGL,GOOGL,EXPLICIT,GOOGL,,USD
WS:US:GPC,GPC,EXPLICIT,GPC,,USD
WS:US:GPI,GPI,EXPLICIT,GPI,,USD
WS:US:GPK,GPK,EXPLICIT,GPK,,USD
WS:US:GPN,GPN,EXPLICIT,GPN,,USD
WS:US:GPOR,GPOR,EXPLICIT,GPOR,,USD
WS:US:GRBK,GRBK,EXPLICIT,GRBK,,USD
WS:US:GRMN,GRMN,EXPLICIT,GRMN,,USD
WS:US:GS,GS,EXPLICIT,GS,,USD
WS:US:GSHD,GSHD,EXPLICIT,GSHD,,USD
WS:US:GT,GT,EXPLICIT,GT,,USD
WS:US:GTES,GTES,EXPLICIT,GTES,,USD
WS:US:GTM,GTM,EXPLICIT,GTM,,USD
WS:US:GTY,GTY,EXPLICIT,GTY,,USD
WS:US:GVA,GVA,EXPLICIT,GVA,,USD
WS:US:GWRE,GWRE,EXPLICIT,GWRE,,USD
WS:US:GWW,GWW,EXPLICIT,GWW,,USD
WS:US:GXO,GXO,EXPLICIT,GXO,,USD
WS:US:H,H,EXPLICIT,H,,USD
WS:US:HAE,HAE,EXPLICIT,HAE,,USD
WS:US:HAFC,HAFC,EXPLICIT,HAFC,,USD
WS:US:HAL,HAL,EXPLICIT,HAL,,USD
WS:US:HALO,HALO,EXPLICIT,HALO,,USD
WS:US:HAS,HAS,EXPLICIT,HAS,,USD
WS:US:HASI,HASI,EXPLICIT,HASI,,USD
WS:US:HAYW,HAYW,EXPLICIT,HAYW,,USD
WS:US:HBAN,HBAN,EXPLICIT,HBAN,,USD
WS:US:HCA,HCA,EXPLICIT,HCA,,USD
WS:US:HCC,HCC,EXPLICIT,HCC,,USD
WS:US:HCI,HCI,EXPLICIT,HCI,,USD
WS:US:HCSG,HCSG,EXPLICIT,HCSG,,USD
WS:US:HD,HD,EXPLICIT,HD,,USD
WS:US:HE,HE,EXPLICIT,HE,,USD
WS:US:HFWA,HFWA,EXPLICIT,HFWA,,USD
WS:US:HGV,HGV,EXPLICIT,HGV,,USD
WS:US:HIG,HIG,EXPLICIT,HIG,,USD
WS:US:HII,HII,EXPLICIT,HII,,USD
WS:US:HIMS,HIMS,EXPLICIT,HIMS,,USD
WS:US:HIW,HIW,EXPLICIT,HIW,,USD
WS:US:HL,HL,EXPLICIT,HL,,USD
WS:US:HLI,HLI,EXPLICIT,HLI,,USD
WS:US:HLIT,HLIT,EXPLICIT,HLIT,,USD
WS:US:HLNE,HLNE,EXPLICIT,HLNE,,USD
WS:US:HLT,HLT,EXPLICIT,HLT,,USD
WS:US:HLX,HLX,EXPLICIT,HLX,,USD
WS:US:HMN,HMN,EXPLICIT,HMN,,USD
WS:US:HNI,HNI,EXPLICIT,HNI,,USD
WS:US:HOG,HOG,EXPLICIT,HOG,,USD
WS:US:HOMB,HOMB,EXPLICIT,HOMB,,USD
WS:US:HON,HON,EXPLICIT,HON,,USD
WS:US:HONA,HONA,EXPLICIT,HONA,,USD
WS:US:HOOD,HOOD,EXPLICIT,HOOD,,USD
WS:US:HOPE,HOPE,EXPLICIT,HOPE,,USD
WS:US:HP,HP,EXPLICIT,HP,,USD
WS:US:HPE,HPE,EXPLICIT,HPE,,USD
WS:US:HPQ,HPQ,EXPLICIT,HPQ,,USD
WS:US:HQY,HQY,EXPLICIT,HQY,,USD
WS:US:HR,HR,EXPLICIT,HR,,USD
WS:US:HRB,HRB,EXPLICIT,HRB,,USD
WS:US:HRL,HRL,EXPLICIT,HRL,,USD
WS:US:HRMY,HRMY,EXPLICIT,HRMY,,USD
WS:US:HSIC,HSIC,EXPLICIT,HSIC,,USD
WS:US:HST,HST,EXPLICIT,HST,,USD
WS:US:HSTM,HSTM,EXPLICIT,HSTM,,USD
WS:US:HSY,HSY,EXPLICIT,HSY,,USD
WS:US:HTH,HTH,EXPLICIT,HTH,,USD
WS:US:HTLD,HTLD,EXPLICIT,HTLD,,USD
WS:US:HTO,HTO,EXPLICIT,HTO,,USD
WS:US:HUBB,HUBB,EXPLICIT,HUBB,,USD
WS:US:HUBG,HUBG,EXPLICIT,HUBG,,USD
WS:US:HUM,HUM,EXPLICIT,HUM,,USD
WS:US:HWC,HWC,EXPLICIT,HWC,,USD
WS:US:HWKN,HWKN,EXPLICIT,HWKN,,USD
WS:US:HWM,HWM,EXPLICIT,HWM,,USD
WS:US:HXL,HXL,EXPLICIT,HXL,,USD
WS:US:HZO,HZO,EXPLICIT,HZO,,USD
WS:US:IART,IART,EXPLICIT,IART,,USD
WS:US:IBKR,IBKR,EXPLICIT,IBKR,,USD
WS:US:IBM,IBM,EXPLICIT,IBM,,USD
WS:US:IBOC,IBOC,EXPLICIT,IBOC,,USD
WS:US:IBP,IBP,EXPLICIT,IBP,,USD
WS:US:ICE,ICE,EXPLICIT,ICE,,USD
WS:US:ICHR,ICHR,EXPLICIT,ICHR,,USD
WS:US:ICUI,ICUI,EXPLICIT,ICUI,,USD
WS:US:IDA,IDA,EXPLICIT,IDA,,USD
WS:US:IDCC,IDCC,EXPLICIT,IDCC,,USD
WS:US:IDXX,IDXX,EXPLICIT,IDXX,,USD
WS:US:IESC,IESC,EXPLICIT,IESC,,USD
WS:US:IEX,IEX,EXPLICIT,IEX,,USD
WS:US:IFF,IFF,EXPLICIT,IFF,,USD
WS:US:IIPR,IIPR,EXPLICIT,IIPR,,USD
WS:US:ILMN,ILMN,EXPLICIT,ILMN,,USD
WS:US:INCY,INCY,EXPLICIT,INCY,,USD
WS:US:INDB,INDB,EXPLICIT,INDB,,USD
WS:US:INDV,INDV,EXPLICIT,INDV,,USD
WS:US:INGR,INGR,EXPLICIT,INGR,,USD
WS:US:INSP,INSP,EXPLICIT,INSP,,USD
WS:US:INSW,INSW,EXPLICIT,INSW,,USD
WS:US:INTC,INTC,EXPLICIT,INTC,,USD
WS:US:INTU,INTU,EXPLICIT,INTU,,USD
WS:US:INVA,INVA,EXPLICIT,INVA,,USD
WS:US:INVH,INVH,EXPLICIT,INVH,,USD
WS:US:INVX,INVX,EXPLICIT,INVX,,USD
WS:US:IOSP,IOSP,EXPLICIT,IOSP,,USD
WS:US:IP,IP,EXPLICIT,IP,,USD
WS:US:IPAR,IPAR,EXPLICIT,IPAR,,USD
WS:US:IPGP,IPGP,EXPLICIT,IPGP,,USD
WS:US:IQV,IQV,EXPLICIT,IQV,,USD
WS:US:IR,IR,EXPLICIT,IR,,USD
WS:US:IRDM,IRDM,EXPLICIT,IRDM,,USD
WS:US:IRM,IRM,EXPLICIT,IRM,,USD
WS:US:IRT,IRT,EXPLICIT,IRT,,USD
WS:US:ISRG,ISRG,EXPLICIT,ISRG,,USD
WS:US:IT,IT,EXPLICIT,IT,,USD
WS:US:ITGR,ITGR,EXPLICIT,ITGR,,USD
WS:US:ITRI,ITRI,EXPLICIT,ITRI,,USD
WS:US:ITT,ITT,EXPLICIT,ITT,,USD
WS:US:ITW,ITW,EXPLICIT,ITW,,USD
WS:US:IVT,IVT,EXPLICIT,IVT,,USD
WS:US:IVZ,IVZ,EXPLICIT,IVZ,,USD
WS:US:J,J,EXPLICIT,J,,USD
WS:US:JAZZ,JAZZ,EXPLICIT,JAZZ,,USD
WS:US:JBGS,JBGS,EXPLICIT,JBGS,,USD
WS:US:JBHT,JBHT,EXPLICIT,JBHT,,USD
WS:US:JBL,JBL,EXPLICIT,JBL,,USD
WS:US:JBLU,JBLU,EXPLICIT,JBLU,,USD
WS:US:JBSS,JBSS,EXPLICIT,JBSS,,USD
WS:US:JBTM,JBTM,EXPLICIT,JBTM,,USD
WS:US:JCI,JCI,EXPLICIT,JCI,,USD
WS:US:JEF,JEF,EXPLICIT,JEF,,USD
WS:US:JJSF,JJSF,EXPLICIT,JJSF,,USD
WS:US:JKHY,JKHY,EXPLICIT,JKHY,,USD
WS:US:JLL,JLL,EXPLICIT,JLL,,USD
WS:US:JNJ,JNJ,EXPLICIT,JNJ,,USD
WS:US:JOE,JOE,EXPLICIT,JOE,,USD
WS:US:JPM,JPM,EXPLICIT,JPM,,USD
WS:US:JXN,JXN,EXPLICIT,JXN,,USD
WS:US:KAI,KAI,EXPLICIT,KAI,,USD
WS:US:KALU,KALU,EXPLICIT,KALU,,USD
WS:US:KBH,KBH,EXPLICIT,KBH,,USD
WS:US:KBR,KBR,EXPLICIT,KBR,,USD
WS:US:KD,KD,EXPLICIT,KD,,USD
WS:US:KDP,KDP,EXPLICIT,KDP,,USD
WS:US:KEX,KEX,EXPLICIT,KEX,,USD
WS:US:KEY,KEY,EXPLICIT,KEY,,USD
WS:US:KEYS,KEYS,EXPLICIT,KEYS,,USD
WS:US:KFY,KFY,EXPLICIT,KFY,,USD
WS:US:KGS,KGS,EXPLICIT,KGS,,USD
WS:US:KHC,KHC,EXPLICIT,KHC,,USD
WS:US:KIM,KIM,EXPLICIT,KIM,,USD
WS:US:KKR,KKR,EXPLICIT,KKR,,USD
WS:US:KLAC,KLAC,EXPLICIT,KLAC,,USD
WS:US:KLIC,KLIC,EXPLICIT,KLIC,,USD
WS:US:KMB,KMB,EXPLICIT,KMB,,USD
WS:US:KMI,KMI,EXPLICIT,KMI,,USD
WS:US:KMPR,KMPR,EXPLICIT,KMPR,,USD
WS:US:KMT,KMT,EXPLICIT,KMT,,USD
WS:US:KMX,KMX,EXPLICIT,KMX,,USD
WS:US:KN,KN,EXPLICIT,KN,,USD
WS:US:KNF,KNF,EXPLICIT,KNF,,USD
WS:US:KNSL,KNSL,EXPLICIT,KNSL,,USD
WS:US:KNTK,KNTK,EXPLICIT,KNTK,,USD
WS:US:KNX,KNX,EXPLICIT,KNX,,USD
WS:US:KO,KO,EXPLICIT,KO,,USD
WS:US:KOP,KOP,EXPLICIT,KOP,,USD
WS:US:KR,KR,EXPLICIT,KR,,USD
WS:US:KRC,KRC,EXPLICIT,KRC,,USD
WS:US:KRG,KRG,EXPLICIT,KRG,,USD
WS:US:KRMN,KRMN,EXPLICIT,KRMN,,USD
WS:US:KRYS,KRYS,EXPLICIT,KRYS,,USD
WS:US:KSS,KSS,EXPLICIT,KSS,,USD
WS:US:KTB,KTB,EXPLICIT,KTB,,USD
WS:US:KTOS,KTOS,EXPLICIT,KTOS,,USD
WS:US:KVUE,KVUE,EXPLICIT,KVUE,,USD
WS:US:KWR,KWR,EXPLICIT,KWR,,USD
WS:US:L,L,EXPLICIT,L,,USD
WS:US:LAD,LAD,EXPLICIT,LAD,,USD
WS:US:LAMR,LAMR,EXPLICIT,LAMR,,USD
WS:US:LAUR,LAUR,EXPLICIT,LAUR,,USD
WS:US:LAZ,LAZ,EXPLICIT,LAZ,,USD
WS:US:LBRT,LBRT,EXPLICIT,LBRT,,USD
WS:US:LCII,LCII,EXPLICIT,LCII,,USD
WS:US:LDOS,LDOS,EXPLICIT,LDOS,,USD
WS:US:LEA,LEA,EXPLICIT,LEA,,USD
WS:US:LECO,LECO,EXPLICIT,LECO,,USD
WS:US:LEG,LEG,EXPLICIT,LEG,,USD
WS:US:LEN,LEN,EXPLICIT,LEN,,USD
WS:US:LEU,LEU,EXPLICIT,LEU,,USD
WS:US:LFST,LFST,EXPLICIT,LFST,,USD
WS:US:LFUS,LFUS,EXPLICIT,LFUS,,USD
WS:US:LGIH,LGIH,EXPLICIT,LGIH,,USD
WS:US:LGND,LGND,EXPLICIT,LGND,,USD
WS:US:LH,LH,EXPLICIT,LH,,USD
WS:US:LHX,LHX,EXPLICIT,LHX,,USD
WS:US:LIF,LIF,EXPLICIT,LIF,,USD
WS:US:LII,LII,EXPLICIT,LII,,USD
WS:US:LIN,LIN,EXPLICIT,LIN,,USD
WS:US:LITE,LITE,EXPLICIT,LITE,,USD
WS:US:LIVN,LIVN,EXPLICIT,LIVN,,USD
WS:US:LKFN,LKFN,EXPLICIT,LKFN,,USD
WS:US:LKQ,LKQ,EXPLICIT,LKQ,,USD
WS:US:LLY,LLY,EXPLICIT,LLY,,USD
WS:US:LMAT,LMAT,EXPLICIT,LMAT,,USD
WS:US:LMT,LMT,EXPLICIT,LMT,,USD
WS:US:LNC,LNC,EXPLICIT,LNC,,USD
WS:US:LNN,LNN,EXPLICIT,LNN,,USD
WS:US:LNT,LNT,EXPLICIT,LNT,,USD
WS:US:LNTH,LNTH,EXPLICIT,LNTH,,USD
WS:US:LOPE,LOPE,EXPLICIT,LOPE,,USD
WS:US:LOW,LOW,EXPLICIT,LOW,,USD
WS:US:LPG,LPG,EXPLICIT,LPG,,USD
WS:US:LPX,LPX,EXPLICIT,LPX,,USD
WS:US:LQDA,LQDA,EXPLICIT,LQDA,,USD
WS:US:LQDT,LQDT,EXPLICIT,LQDT,,USD
WS:US:LRCX,LRCX,EXPLICIT,LRCX,,USD
WS:US:LRN,LRN,EXPLICIT,LRN,,USD
WS:US:LSCC,LSCC,EXPLICIT,LSCC,,USD
WS:US:LSTR,LSTR,EXPLICIT,LSTR,,USD
WS:US:LTC,LTC,EXPLICIT,LTC,,USD
WS:US:LTH,LTH,EXPLICIT,LTH,,USD
WS:US:LULU,LULU,EXPLICIT,LULU,,USD
WS:US:LUMN,LUMN,EXPLICIT,LUMN,,USD
WS:US:LUV,LUV,EXPLICIT,LUV,,USD
WS:US:LVS,LVS,EXPLICIT,LVS,,USD
WS:US:LW,LW,EXPLICIT,LW,,USD
WS:US:LXP,LXP,EXPLICIT,LXP,,USD
WS:US:LYB,LYB,EXPLICIT,LYB,,USD
WS:US:LYFT,LYFT,EXPLICIT,LYFT,,USD
WS:US:LYV,LYV,EXPLICIT,LYV,,USD
WS:US:LZ,LZ,EXPLICIT,LZ,,USD
WS:US:LZB,LZB,EXPLICIT,LZB,,USD
WS:US:M,M,EXPLICIT,M,,USD
WS:US:MA,MA,EXPLICIT,MA,,USD
WS:US:MAA,MAA,EXPLICIT,MAA,,USD
WS:US:MAC,MAC,EXPLICIT,MAC,,USD
WS:US:MAN,MAN,EXPLICIT,MAN,,USD
WS:US:MANH,MANH,EXPLICIT,MANH,,USD
WS:US:MAR,MAR,EXPLICIT,MAR,,USD
WS:US:MARA,MARA,EXPLICIT,MARA,,USD
WS:US:MAS,MAS,EXPLICIT,MAS,,USD
WS:US:MAT,MAT,EXPLICIT,MAT,,USD
WS:US:MATW,MATW,EXPLICIT,MATW,,USD
WS:US:MATX,MATX,EXPLICIT,MATX,,USD
WS:US:MBC,MBC,EXPLICIT,MBC,,USD
WS:US:MBGL,MBGL,EXPLICIT,MBGL,,USD
WS:US:MBIN,MBIN,EXPLICIT,MBIN,,USD
WS:US:MC,MC,EXPLICIT,MC,,USD
WS:US:MCD,MCD,EXPLICIT,MCD,,USD
WS:US:MCHP,MCHP,EXPLICIT,MCHP,,USD
WS:US:MCK,MCK,EXPLICIT,MCK,,USD
WS:US:MCO,MCO,EXPLICIT,MCO,,USD
WS:US:MCRI,MCRI,EXPLICIT,MCRI,,USD
WS:US:MCY,MCY,EXPLICIT,MCY,,USD
WS:US:MD,MD,EXPLICIT,MD,,USD
WS:US:MDLZ,MDLZ,EXPLICIT,MDLZ,,USD
WS:US:MDT,MDT,EXPLICIT,MDT,,USD
WS:US:MDU,MDU,EXPLICIT,MDU,,USD
WS:US:MEDP,MEDP,EXPLICIT,MEDP,,USD
WS:US:MET,MET,EXPLICIT,MET,,USD
WS:US:META,META,EXPLICIT,META,,USD
WS:US:MFP,MFP,EXPLICIT,MFP,,USD
WS:US:MGEE,MGEE,EXPLICIT,MGEE,,USD
WS:US:MGM,MGM,EXPLICIT,MGM,,USD
WS:US:MGY,MGY,EXPLICIT,MGY,,USD
WS:US:MHK,MHK,EXPLICIT,MHK,,USD
WS:US:MHO,MHO,EXPLICIT,MHO,,USD
WS:US:MIDD,MIDD,EXPLICIT,MIDD,,USD
WS:US:MIR,MIR,EXPLICIT,MIR,,USD
WS:US:MKC,MKC,EXPLICIT,MKC,,USD
WS:US:MKSI,MKSI,EXPLICIT,MKSI,,USD
WS:US:MKTX,MKTX,EXPLICIT,MKTX,,USD
WS:US:MLI,MLI,EXPLICIT,MLI,,USD
WS:US:MLKN,MLKN,EXPLICIT,MLKN,,USD
WS:US:MLM,MLM,EXPLICIT,MLM,,USD
WS:US:MMI,MMI,EXPLICIT,MMI,,USD
WS:US:MMM,MMM,EXPLICIT,MMM,,USD
WS:US:MMS,MMS,EXPLICIT,MMS,,USD
WS:US:MMSI,MMSI,EXPLICIT,MMSI,,USD
WS:US:MNST,MNST,EXPLICIT,MNST,,USD
WS:US:MO,MO,EXPLICIT,MO,,USD
WS:US:MOG.A,MOG-A,EXPLICIT,MOG.A,,USD
WS:US:MOH,MOH,EXPLICIT,MOH,,USD
WS:US:MORN,MORN,EXPLICIT,MORN,,USD
WS:US:MOS,MOS,EXPLICIT,MOS,,USD
WS:US:MP,MP,EXPLICIT,MP,,USD
WS:US:MPC,MPC,EXPLICIT,MPC,,USD
WS:US:MPT,MPT,EXPLICIT,MPT,,USD
WS:US:MPWR,MPWR,EXPLICIT,MPWR,,USD
WS:US:MRCY,MRCY,EXPLICIT,MRCY,,USD
WS:US:MRK,MRK,EXPLICIT,MRK,,USD
WS:US:MRNA,MRNA,EXPLICIT,MRNA,,USD
WS:US:MRP,MRP,EXPLICIT,MRP,,USD
WS:US:MRSH,MRSH,EXPLICIT,MRSH,,USD
WS:US:MRTN,MRTN,EXPLICIT,MRTN,,USD
WS:US:MRVL,MRVL,EXPLICIT,MRVL,,USD
WS:US:MS,MS,EXPLICIT,MS,,USD
WS:US:MSA,MSA,EXPLICIT,MSA,,USD
WS:US:MSCI,MSCI,EXPLICIT,MSCI,,USD
WS:US:MSEX,MSEX,EXPLICIT,MSEX,,USD
WS:US:MSFT,MSFT,EXPLICIT,MSFT,,USD
WS:US:MSGS,MSGS,EXPLICIT,MSGS,,USD
WS:US:MSI,MSI,EXPLICIT,MSI,,USD
WS:US:MSM,MSM,EXPLICIT,MSM,,USD
WS:US:MTB,MTB,EXPLICIT,MTB,,USD
WS:US:MTCH,MTCH,EXPLICIT,MTCH,,USD
WS:US:MTD,MTD,EXPLICIT,MTD,,USD
WS:US:MTDR,MTDR,EXPLICIT,MTDR,,USD
WS:US:MTG,MTG,EXPLICIT,MTG,,USD
WS:US:MTH,MTH,EXPLICIT,MTH,,USD
WS:US:MTN,MTN,EXPLICIT,MTN,,USD
WS:US:MTRN,MTRN,EXPLICIT,MTRN,,USD
WS:US:MTSI,MTSI,EXPLICIT,MTSI,,USD
WS:US:MTUS,MTUS,EXPLICIT,MTUS,,USD
WS:US:MTX,MTX,EXPLICIT,MTX,,USD
WS:US:MTZ,MTZ,EXPLICIT,MTZ,,USD
WS:US:MU,MU,EXPLICIT,MU,,USD
WS:US:MUR,MUR,EXPLICIT,MUR,,USD
WS:US:MUSA,MUSA,EXPLICIT,MUSA,,USD
WS:US:MWA,MWA,EXPLICIT,MWA,,USD
WS:US:MXL,MXL,EXPLICIT,MXL,,USD
WS:US:MYRG,MYRG,EXPLICIT,MYRG,,USD
WS:US:MZTI,MZTI,EXPLICIT,MZTI,,USD
WS:US:NABL,NABL,EXPLICIT,NABL,,USD
WS:US:NATL,NATL,EXPLICIT,NATL,,USD
WS:US:NAVI,NAVI,EXPLICIT,NAVI,,USD
WS:US:NBHC,NBHC,EXPLICIT,NBHC,,USD
WS:US:NBIX,NBIX,EXPLICIT,NBIX,,USD
WS:US:NBTB,NBTB,EXPLICIT,NBTB,,USD
WS:US:NCLH,NCLH,EXPLICIT,NCLH,,USD
WS:US:NDAQ,NDAQ,EXPLICIT,NDAQ,,USD
WS:US:NDSN,NDSN,EXPLICIT,NDSN,,USD
WS:US:NE,NE,EXPLICIT,NE,,USD
WS:US:NEE,NEE,EXPLICIT,NEE,,USD
WS:US:NEM,NEM,EXPLICIT,NEM,,USD
WS:US:NEO,NEO,EXPLICIT,NEO,,USD
WS:US:NEOG,NEOG,EXPLICIT,NEOG,,USD
WS:US:NEU,NEU,EXPLICIT,NEU,,USD
WS:US:NFG,NFG,EXPLICIT,NFG,,USD
WS:US:NFLX,NFLX,EXPLICIT,NFLX,,USD
WS:US:NGVT,NGVT,EXPLICIT,NGVT,,USD
WS:US:NHC,NHC,EXPLICIT,NHC,,USD
WS:US:NHI,NHI,EXPLICIT,NHI,,USD
WS:US:NI,NI,EXPLICIT,NI,,USD
WS:US:NIC,NIC,EXPLICIT,NIC,,USD
WS:US:NJR,NJR,EXPLICIT,NJR,,USD
WS:US:NKE,NKE,EXPLICIT,NKE,,USD
WS:US:NLY,NLY,EXPLICIT,NLY,,USD
WS:US:NMIH,NMIH,EXPLICIT,NMIH,,USD
WS:US:NNN,NNN,EXPLICIT,NNN,,USD
WS:US:NOC,NOC,EXPLICIT,NOC,,USD
WS:US:NOG,NOG,EXPLICIT,NOG,,USD
WS:US:NOV,NOV,EXPLICIT,NOV,,USD
WS:US:NOVT,NOVT,EXPLICIT,NOVT,,USD
WS:US:NOW,NOW,EXPLICIT,NOW,,USD
WS:US:NPK,NPK,EXPLICIT,NPK,,USD
WS:US:NPO,NPO,EXPLICIT,NPO,,USD
WS:US:NRG,NRG,EXPLICIT,NRG,,USD
WS:US:NSC,NSC,EXPLICIT,NSC,,USD
WS:US:NSIT,NSIT,EXPLICIT,NSIT,,USD
WS:US:NSP,NSP,EXPLICIT,NSP,,USD
WS:US:NSSC,NSSC,EXPLICIT,NSSC,,USD
WS:US:NTAP,NTAP,EXPLICIT,NTAP,,USD
WS:US:NTCT,NTCT,EXPLICIT,NTCT,,USD
WS:US:NTNX,NTNX,EXPLICIT,NTNX,,USD
WS:US:NTRS,NTRS,EXPLICIT,NTRS,,USD
WS:US:NTST,NTST,EXPLICIT,NTST,,USD
WS:US:NUE,NUE,EXPLICIT,NUE,,USD
WS:US:NVDA,NVDA,EXPLICIT,NVDA,,USD
WS:US:NVR,NVR,EXPLICIT,NVR,,USD
WS:US:NVST,NVST,EXPLICIT,NVST,,USD
WS:US:NVT,NVT,EXPLICIT,NVT,,USD
WS:US:NWBI,NWBI,EXPLICIT,NWBI,,USD
WS:US:NWE,NWE,EXPLICIT,NWE,,USD
WS:US:NWL,NWL,EXPLICIT,NWL,,USD
WS:US:NWN,NWN,EXPLICIT,NWN,,USD
WS:US:NWS,NWS,EXPLICIT,NWS,,USD
WS:US:NWSA,NWSA,EXPLICIT,NWSA,,USD
WS:US:NX,NX,EXPLICIT,NX,,USD
WS:US:NXPI,NXPI,EXPLICIT,NXPI,,USD
WS:US:NXRT,NXRT,EXPLICIT,NXRT,,USD
WS:US:NXST,NXST,EXPLICIT,NXST,,USD
WS:US:NXT,NXT,EXPLICIT,NXT,,USD
WS:US:NYT,NYT,EXPLICIT,NYT,,USD
WS:US:O,O,EXPLICIT,O,,USD
WS:US:OC,OC,EXPLICIT,OC,,USD
WS:US:ODFL,ODFL,EXPLICIT,ODFL,,USD
WS:US:OFG,OFG,EXPLICIT,OFG,,USD
WS:US:OGE,OGE,EXPLICIT,OGE,,USD
WS:US:OGN,OGN,EXPLICIT,OGN,,USD
WS:US:OGS,OGS,EXPLICIT,OGS,,USD
WS:US:OHI,OHI,EXPLICIT,OHI,,USD
WS:US:OI,OI,EXPLICIT,OI,,USD
WS:US:OII,OII,EXPLICIT,OII,,USD
WS:US:OKE,OKE,EXPLICIT,OKE,,USD
WS:US:OKTA,OKTA,EXPLICIT,OKTA,,USD
WS:US:OLED,OLED,EXPLICIT,OLED,,USD
WS:US:OLLI,OLLI,EXPLICIT,OLLI,,USD
WS:US:OLN,OLN,EXPLICIT,OLN,,USD
WS:US:OMC,OMC,EXPLICIT,OMC,,USD
WS:US:OMCL,OMCL,EXPLICIT,OMCL,,USD
WS:US:ON,ON,EXPLICIT,ON,,USD
WS:US:ONB,ONB,EXPLICIT,ONB,,USD
WS:US:ONTO,ONTO,EXPLICIT,ONTO,,USD
WS:US:OPCH,OPCH,EXPLICIT,OPCH,,USD
WS:US:OPLN,OPLN,EXPLICIT,OPLN,,USD
WS:US:ORA,ORA,EXPLICIT,ORA,,USD
WS:US:ORCL,ORCL,EXPLICIT,ORCL,,USD
WS:US:ORI,ORI,EXPLICIT,ORI,,USD
WS:US:ORLY,ORLY,EXPLICIT,ORLY,,USD
WS:US:OSIS,OSIS,EXPLICIT,OSIS,,USD
WS:US:OSK,OSK,EXPLICIT,OSK,,USD
WS:US:OSW,OSW,EXPLICIT,OSW,,USD
WS:US:OTIS,OTIS,EXPLICIT,OTIS,,USD
WS:US:OTTR,OTTR,EXPLICIT,OTTR,,USD
WS:US:OUT,OUT,EXPLICIT,OUT,,USD
WS:US:OVV,OVV,EXPLICIT,OVV,,USD
WS:US:OXY,OXY,EXPLICIT,OXY,,USD
WS:US:OZK,OZK,EXPLICIT,OZK,,USD
WS:US:P,P,EXPLICIT,P,,USD
WS:US:PAG,PAG,EXPLICIT,PAG,,USD
WS:US:PAHC,PAHC,EXPLICIT,PAHC,,USD
WS:US:PANW,PANW,EXPLICIT,PANW,,USD
WS:US:PARR,PARR,EXPLICIT,PARR,,USD
WS:US:PATH,PATH,EXPLICIT,PATH,,USD
WS:US:PATK,PATK,EXPLICIT,PATK,,USD
WS:US:PAYC,PAYC,EXPLICIT,PAYC,,USD
WS:US:PAYO,PAYO,EXPLICIT,PAYO,,USD
WS:US:PAYX,PAYX,EXPLICIT,PAYX,,USD
WS:US:PB,PB,EXPLICIT,PB,,USD
WS:US:PBF,PBF,EXPLICIT,PBF,,USD
WS:US:PBH,PBH,EXPLICIT,PBH,,USD
WS:US:PBI,PBI,EXPLICIT,PBI,,USD
WS:US:PCAR,PCAR,EXPLICIT,PCAR,,USD
WS:US:PCG,PCG,EXPLICIT,PCG,,USD
WS:US:PCRX,PCRX,EXPLICIT,PCRX,,USD
WS:US:PCTY,PCTY,EXPLICIT,PCTY,,USD
WS:US:PDFS,PDFS,EXPLICIT,PDFS,,USD
WS:US:PEB,PEB,EXPLICIT,PEB,,USD
WS:US:PECO,PECO,EXPLICIT,PECO,,USD
WS:US:PEG,PEG,EXPLICIT,PEG,,USD
WS:US:PEGA,PEGA,EXPLICIT,PEGA,,USD
WS:US:PEN,PEN,EXPLICIT,PEN,,USD
WS:US:PENG,PENG,EXPLICIT,PENG,,USD
WS:US:PENN,PENN,EXPLICIT,PENN,,USD
WS:US:PEP,PEP,EXPLICIT,PEP,,USD
WS:US:PFBC,PFBC,EXPLICIT,PFBC,,USD
WS:US:PFE,PFE,EXPLICIT,PFE,,USD
WS:US:PFG,PFG,EXPLICIT,PFG,,USD
WS:US:PFGC,PFGC,EXPLICIT,PFGC,,USD
WS:US:PFS,PFS,EXPLICIT,PFS,,USD
WS:US:PG,PG,EXPLICIT,PG,,USD
WS:US:PGNY,PGNY,EXPLICIT,PGNY,,USD
WS:US:PGR,PGR,EXPLICIT,PGR,,USD
WS:US:PH,PH,EXPLICIT,PH,,USD
WS:US:PHIN,PHIN,EXPLICIT,PHIN,,USD
WS:US:PHM,PHM,EXPLICIT,PHM,,USD
WS:US:PI,PI,EXPLICIT,PI,,USD
WS:US:PII,PII,EXPLICIT,PII,,USD
WS:US:PINS,PINS,EXPLICIT,PINS,,USD
WS:US:PIPR,PIPR,EXPLICIT,PIPR,,USD
WS:US:PJT,PJT,EXPLICIT,PJT,,USD
WS:US:PK,PK,EXPLICIT,PK,,USD
WS:US:PKG,PKG,EXPLICIT,PKG,,USD
WS:US:PLAB,PLAB,EXPLICIT,PLAB,,USD
WS:US:PLD,PLD,EXPLICIT,PLD,,USD
WS:US:PLMR,PLMR,EXPLICIT,PLMR,,USD
WS:US:PLNT,PLNT,EXPLICIT,PLNT,,USD
WS:US:PLTR,PLTR,EXPLICIT,PLTR,,USD
WS:US:PLUS,PLUS,EXPLICIT,PLUS,,USD
WS:US:PLXS,PLXS,EXPLICIT,PLXS,,USD
WS:US:PM,PM,EXPLICIT,PM,,USD
WS:US:PMT,PMT,EXPLICIT,PMT,,USD
WS:US:PNC,PNC,EXPLICIT,PNC,,USD
WS:US:PNFP,PNFP,EXPLICIT,PNFP,,USD
WS:US:PNR,PNR,EXPLICIT,PNR,,USD
WS:US:PNW,PNW,EXPLICIT,PNW,,USD
WS:US:PODD,PODD,EXPLICIT,PODD,,USD
WS:US:POOL,POOL,EXPLICIT,POOL,,USD
WS:US:POR,POR,EXPLICIT,POR,,USD
WS:US:POST,POST,EXPLICIT,POST,,USD
WS:US:POWI,POWI,EXPLICIT,POWI,,USD
WS:US:POWL,POWL,EXPLICIT,POWL,,USD
WS:US:PPC,PPC,EXPLICIT,PPC,,USD
WS:US:PPG,PPG,EXPLICIT,PPG,,USD
WS:US:PPL,PPL,EXPLICIT,PPL,,USD
WS:US:PPLI,PPLI,EXPLICIT,PPLI,,USD
WS:US:PR,PR,EXPLICIT,PR,,USD
WS:US:PRDO,PRDO,EXPLICIT,PRDO,,USD
WS:US:PRG,PRG,EXPLICIT,PRG,,USD
WS:US:PRGO,PRGO,EXPLICIT,PRGO,,USD
WS:US:PRGS,PRGS,EXPLICIT,PRGS,,USD
WS:US:PRI,PRI,EXPLICIT,PRI,,USD
WS:US:PRIM,PRIM,EXPLICIT,PRIM,,USD
WS:US:PRK,PRK,EXPLICIT,PRK,,USD
WS:US:PRKS,PRKS,EXPLICIT,PRKS,,USD
WS:US:PRLB,PRLB,EXPLICIT,PRLB,,USD
WS:US:PRSU,PRSU,EXPLICIT,PRSU,,USD
WS:US:PRU,PRU,EXPLICIT,PRU,,USD
WS:US:PRVA,PRVA,EXPLICIT,PRVA,,USD
WS:US:PSA,PSA,EXPLICIT,PSA,,USD
WS:US:PSKY,PSKY,EXPLICIT,PSKY,,USD
WS:US:PSMT,PSMT,EXPLICIT,PSMT,,USD
WS:US:PSN,PSN,EXPLICIT,PSN,,USD
WS:US:PSX,PSX,EXPLICIT,PSX,,USD
WS:US:PTC,PTC,EXPLICIT,PTC,,USD
WS:US:PTCT,PTCT,EXPLICIT,PTCT,,USD
WS:US:PTEN,PTEN,EXPLICIT,PTEN,,USD
WS:US:PTGX,PTGX,EXPLICIT,PTGX,,USD
WS:US:PTON,PTON,EXPLICIT,PTON,,USD
WS:US:PVH,PVH,EXPLICIT,PVH,,USD
WS:US:PWR,PWR,EXPLICIT,PWR,,USD
WS:US:PYPL,PYPL,EXPLICIT,PYPL,,USD
WS:US:PZZA,PZZA,EXPLICIT,PZZA,,USD
WS:US:Q,Q,EXPLICIT,Q,,USD
WS:US:QCOM,QCOM,EXPLICIT,QCOM,,USD
WS:US:QDEL,QDEL,EXPLICIT,QDEL,,USD
WS:US:QLYS,QLYS,EXPLICIT,QLYS,,USD
WS:US:QNST,QNST,EXPLICIT,QNST,,USD
WS:US:QRVO,QRVO,EXPLICIT,QRVO,,USD
WS:US:QTWO,QTWO,EXPLICIT,QTWO,,USD
WS:US:R,R,EXPLICIT,R,,USD
WS:US:RAL,RAL,EXPLICIT,RAL,,USD
WS:US:RAMP,RAMP,EXPLICIT,RAMP,,USD
WS:US:RBA,RBA,EXPLICIT,RBA,,USD
WS:US:RBC,RBC,EXPLICIT,RBC,,USD
WS:US:RCL,RCL,EXPLICIT,RCL,,USD
WS:US:RCUS,RCUS,EXPLICIT,RCUS,,USD
WS:US:RDDT,RDDT,EXPLICIT,RDDT,,USD
WS:US:RDN,RDN,EXPLICIT,RDN,,USD
WS:US:RDNT,RDNT,EXPLICIT,RDNT,,USD
WS:US:REG,REG,EXPLICIT,REG,,USD
WS:US:REGN,REGN,EXPLICIT,REGN,,USD
WS:US:RELY,RELY,EXPLICIT,RELY,,USD
WS:US:RES,RES,EXPLICIT,RES,,USD
WS:US:REX,REX,EXPLICIT,REX,,USD
WS:US:REXR,REXR,EXPLICIT,REXR,,USD
WS:US:REYN,REYN,EXPLICIT,REYN,,USD
WS:US:REZI,REZI,EXPLICIT,REZI,,USD
WS:US:RF,RF,EXPLICIT,RF,,USD
WS:US:RGA,RGA,EXPLICIT,RGA,,USD
WS:US:RGEN,RGEN,EXPLICIT,RGEN,,USD
WS:US:RGLD,RGLD,EXPLICIT,RGLD,,USD
WS:US:RH,RH,EXPLICIT,RH,,USD
WS:US:RHI,RHI,EXPLICIT,RHI,,USD
WS:US:RHP,RHP,EXPLICIT,RHP,,USD
WS:US:RITM,RITM,EXPLICIT,RITM,,USD
WS:US:RJF,RJF,EXPLICIT,RJF,,USD
WS:US:RL,RL,EXPLICIT,RL,,USD
WS:US:RLI,RLI,EXPLICIT,RLI,,USD
WS:US:RMBS,RMBS,EXPLICIT,RMBS,,USD
WS:US:RMD,RMD,EXPLICIT,RMD,,USD
WS:US:RNG,RNG,EXPLICIT,RNG,,USD
WS:US:RNR,RNR,EXPLICIT,RNR,,USD
WS:US:RNST,RNST,EXPLICIT,RNST,,USD
WS:US:ROAD,ROAD,EXPLICIT,ROAD,,USD
WS:US:ROCK,ROCK,EXPLICIT,ROCK,,USD
WS:US:ROG,ROG,EXPLICIT,ROG,,USD
WS:US:ROIV,ROIV,EXPLICIT,ROIV,,USD
WS:US:ROK,ROK,EXPLICIT,ROK,,USD
WS:US:ROKU,ROKU,EXPLICIT,ROKU,,USD
WS:US:ROL,ROL,EXPLICIT,ROL,,USD
WS:US:ROP,ROP,EXPLICIT,ROP,,USD
WS:US:ROST,ROST,EXPLICIT,ROST,,USD
WS:US:RPM,RPM,EXPLICIT,RPM,,USD
WS:US:RRC,RRC,EXPLICIT,RRC,,USD
WS:US:RRR,RRR,EXPLICIT,RRR,,USD
WS:US:RRX,RRX,EXPLICIT,RRX,,USD
WS:US:RS,RS,EXPLICIT,RS,,USD
WS:US:RSG,RSG,EXPLICIT,RSG,,USD
WS:US:RSI,RSI,EXPLICIT,RSI,,USD
WS:US:RTX,RTX,EXPLICIT,RTX,,USD
WS:US:RUN,RUN,EXPLICIT,RUN,,USD
WS:US:RUSHA,RUSHA,EXPLICIT,RUSHA,,USD
WS:US:RVTY,RVTY,EXPLICIT,RVTY,,USD
WS:US:RXO,RXO,EXPLICIT,RXO,,USD
WS:US:RYAN,RYAN,EXPLICIT,RYAN,,USD
WS:US:RYN,RYN,EXPLICIT,RYN,,USD
WS:US:SABR,SABR,EXPLICIT,SABR,,USD
WS:US:SAFE,SAFE,EXPLICIT,SAFE,,USD
WS:US:SAFT,SAFT,EXPLICIT,SAFT,,USD
WS:US:SAH,SAH,EXPLICIT,SAH,,USD
WS:US:SAIA,SAIA,EXPLICIT,SAIA,,USD
WS:US:SAIC,SAIC,EXPLICIT,SAIC,,USD
WS:US:SAM,SAM,EXPLICIT,SAM,,USD
WS:US:SANM,SANM,EXPLICIT,SANM,,USD
WS:US:SARO,SARO,EXPLICIT,SARO,,USD
WS:US:SBAC,SBAC,EXPLICIT,SBAC,,USD
WS:US:SBCF,SBCF,EXPLICIT,SBCF,,USD
WS:US:SBH,SBH,EXPLICIT,SBH,,USD
WS:US:SBRA,SBRA,EXPLICIT,SBRA,,USD
WS:US:SBSI,SBSI,EXPLICIT,SBSI,,USD
WS:US:SBUX,SBUX,EXPLICIT,SBUX,,USD
WS:US:SCHL,SCHL,EXPLICIT,SCHL,,USD
WS:US:SCHW,SCHW,EXPLICIT,SCHW,,USD
WS:US:SCI,SCI,EXPLICIT,SCI,,USD
WS:US:SCL,SCL,EXPLICIT,SCL,,USD
WS:US:SCSC,SCSC,EXPLICIT,SCSC,,USD
WS:US:SDGR,SDGR,EXPLICIT,SDGR,,USD
WS:US:SEDG,SEDG,EXPLICIT,SEDG,,USD
WS:US:SEI,SEI,EXPLICIT,SEI,,USD
WS:US:SEIC,SEIC,EXPLICIT,SEIC,,USD
WS:US:SEZL,SEZL,EXPLICIT,SEZL,,USD
WS:US:SF,SF,EXPLICIT,SF,,USD
WS:US:SFBS,SFBS,EXPLICIT,SFBS,,USD
WS:US:SFM,SFM,EXPLICIT,SFM,,USD
WS:US:SFNC,SFNC,EXPLICIT,SFNC,,USD
WS:US:SGI,SGI,EXPLICIT,SGI,,USD
WS:US:SHAK,SHAK,EXPLICIT,SHAK,,USD
WS:US:SHC,SHC,EXPLICIT,SHC,,USD
WS:US:SHEN,SHEN,EXPLICIT,SHEN,,USD
WS:US:SHO,SHO,EXPLICIT,SHO,,USD
WS:US:SHOO,SHOO,EXPLICIT,SHOO,,USD
WS:US:SHW,SHW,EXPLICIT,SHW,,USD
WS:US:SIG,SIG,EXPLICIT,SIG,,USD
WS:US:SIGI,SIGI,EXPLICIT,SIGI,,USD
WS:US:SIRI,SIRI,EXPLICIT,SIRI,,USD
WS:US:SITM,SITM,EXPLICIT,SITM,,USD
WS:US:SJM,SJM,EXPLICIT,SJM,,USD
WS:US:SKT,SKT,EXPLICIT,SKT,,USD
WS:US:SKY,SKY,EXPLICIT,SKY,,USD
WS:US:SKYW,SKYW,EXPLICIT,SKYW,,USD
WS:US:SLAB,SLAB,EXPLICIT,SLAB,,USD
WS:US:SLB,SLB,EXPLICIT,SLB,,USD
WS:US:SLG,SLG,EXPLICIT,SLG,,USD
WS:US:SLGN,SLGN,EXPLICIT,SLGN,,USD
WS:US:SLM,SLM,EXPLICIT,SLM,,USD
WS:US:SLVM,SLVM,EXPLICIT,SLVM,,USD
WS:US:SM,SM,EXPLICIT,SM,,USD
WS:US:SMCI,SMCI,EXPLICIT,SMCI,,USD
WS:US:SMG,SMG,EXPLICIT,SMG,,USD
WS:US:SMP,SMP,EXPLICIT,SMP,,USD
WS:US:SMPL,SMPL,EXPLICIT,SMPL,,USD
WS:US:SMTC,SMTC,EXPLICIT,SMTC,,USD
WS:US:SN,SN,EXPLICIT,SN,,USD
WS:US:SNA,SNA,EXPLICIT,SNA,,USD
WS:US:SNDK,SNDK,EXPLICIT,SNDK,,USD
WS:US:SNDR,SNDR,EXPLICIT,SNDR,,USD
WS:US:SNEX,SNEX,EXPLICIT,SNEX,,USD
WS:US:SNPS,SNPS,EXPLICIT,SNPS,,USD
WS:US:SNX,SNX,EXPLICIT,SNX,,USD
WS:US:SO,SO,EXPLICIT,SO,,USD
WS:US:SOLS,SOLS,EXPLICIT,SOLS,,USD
WS:US:SOLV,SOLV,EXPLICIT,SOLV,,USD
WS:US:SON,SON,EXPLICIT,SON,,USD
WS:US:SONO,SONO,EXPLICIT,SONO,,USD
WS:US:SPG,SPG,EXPLICIT,SPG,,USD
WS:US:SPGI,SPGI,EXPLICIT,SPGI,,USD
WS:US:SPHR,SPHR,EXPLICIT,SPHR,,USD
WS:US:SPNT,SPNT,EXPLICIT,SPNT,,USD
WS:US:SPSC,SPSC,EXPLICIT,SPSC,,USD
WS:US:SPXC,SPXC,EXPLICIT,SPXC,,USD
WS:US:SR,SR,EXPLICIT,SR,,USD
WS:US:SRE,SRE,EXPLICIT,SRE,,USD
WS:US:SRPT,SRPT,EXPLICIT,SRPT,,USD
WS:US:SSB,SSB,EXPLICIT,SSB,,USD
WS:US:SSD,SSD,EXPLICIT,SSD,,USD
WS:US:ST,ST,EXPLICIT,ST,,USD
WS:US:STAA,STAA,EXPLICIT,STAA,,USD
WS:US:STAG,STAG,EXPLICIT,STAG,,USD
WS:US:STBA,STBA,EXPLICIT,STBA,,USD
WS:US:STC,STC,EXPLICIT,STC,,USD
WS:US:STE,STE,EXPLICIT,STE,,USD
WS:US:STEP,STEP,EXPLICIT,STEP,,USD
WS:US:STLD,STLD,EXPLICIT,STLD,,USD
WS:US:STRA,STRA,EXPLICIT,STRA,,USD
WS:US:STRL,STRL,EXPLICIT,STRL,,USD
WS:US:STT,STT,EXPLICIT,STT,,USD
WS:US:STWD,STWD,EXPLICIT,STWD,,USD
WS:US:STX,STX,EXPLICIT,STX,,USD
WS:US:STZ,STZ,EXPLICIT,STZ,,USD
WS:US:SUPN,SUPN,EXPLICIT,SUPN,,USD
WS:US:SW,SW,EXPLICIT,SW,,USD
WS:US:SWK,SWK,EXPLICIT,SWK,,USD
WS:US:SWKS,SWKS,EXPLICIT,SWKS,,USD
WS:US:SWX,SWX,EXPLICIT,SWX,,USD
WS:US:SXI,SXI,EXPLICIT,SXI,,USD
WS:US:SXT,SXT,EXPLICIT,SXT,,USD
WS:US:SYF,SYF,EXPLICIT,SYF,,USD
WS:US:SYK,SYK,EXPLICIT,SYK,,USD
WS:US:SYNA,SYNA,EXPLICIT,SYNA,,USD
WS:US:SYY,SYY,EXPLICIT,SYY,,USD
WS:US:T,T,EXPLICIT,T,,USD
WS:US:TALO,TALO,EXPLICIT,TALO,,USD
WS:US:TAP,TAP,EXPLICIT,TAP,,USD
WS:US:TBBK,TBBK,EXPLICIT,TBBK,,USD
WS:US:TCBI,TCBI,EXPLICIT,TCBI,,USD
WS:US:TDC,TDC,EXPLICIT,TDC,,USD
WS:US:TDG,TDG,EXPLICIT,TDG,,USD
WS:US:TDS,TDS,EXPLICIT,TDS,,USD
WS:US:TDW,TDW,EXPLICIT,TDW,,USD
WS:US:TDY,TDY,EXPLICIT,TDY,,USD
WS:US:TECH,TECH,EXPLICIT,TECH,,USD
WS:US:TEL,TEL,EXPLICIT,TEL,,USD
WS:US:TER,TER,EXPLICIT,TER,,USD
WS:US:TEX,TEX,EXPLICIT,TEX,,USD
WS:US:TFC,TFC,EXPLICIT,TFC,,USD
WS:US:TFIN,TFIN,EXPLICIT,TFIN,,USD
WS:US:TFX,TFX,EXPLICIT,TFX,,USD
WS:US:TGT,TGT,EXPLICIT,TGT,,USD
WS:US:TGTX,TGTX,EXPLICIT,TGTX,,USD
WS:US:THC,THC,EXPLICIT,THC,,USD
WS:US:THG,THG,EXPLICIT,THG,,USD
WS:US:THO,THO,EXPLICIT,THO,,USD
WS:US:THRM,THRM,EXPLICIT,THRM,,USD
WS:US:TILE,TILE,EXPLICIT,TILE,,USD
WS:US:TJX,TJX,EXPLICIT,TJX,,USD
WS:US:TKO,TKO,EXPLICIT,TKO,,USD
WS:US:TKR,TKR,EXPLICIT,TKR,,USD
WS:US:TLN,TLN,EXPLICIT,TLN,,USD
WS:US:TMDX,TMDX,EXPLICIT,TMDX,,USD
WS:US:TMO,TMO,EXPLICIT,TMO,,USD
WS:US:TMP,TMP,EXPLICIT,TMP,,USD
WS:US:TMUS,TMUS,EXPLICIT,TMUS,,USD
WS:US:TNC,TNC,EXPLICIT,TNC,,USD
WS:US:TNDM,TNDM,EXPLICIT,TNDM,,USD
WS:US:TNL,TNL,EXPLICIT,TNL,,USD
WS:US:TOL,TOL,EXPLICIT,TOL,,USD
WS:US:TOST,TOST,EXPLICIT,TOST,,USD
WS:US:TPC,TPC,EXPLICIT,TPC,,USD
WS:US:TPL,TPL,EXPLICIT,TPL,,USD
WS:US:TPR,TPR,EXPLICIT,TPR,,USD
WS:US:TR,TR,EXPLICIT,TR,,USD
WS:US:TREX,TREX,EXPLICIT,TREX,,USD
WS:US:TRGP,TRGP,EXPLICIT,TRGP,,USD
WS:US:TRIP,TRIP,EXPLICIT,TRIP,,USD
WS:US:TRMB,TRMB,EXPLICIT,TRMB,,USD
WS:US:TRMK,TRMK,EXPLICIT,TRMK,,USD
WS:US:TRN,TRN,EXPLICIT,TRN,,USD
WS:US:TRNO,TRNO,EXPLICIT,TRNO,,USD
WS:US:TROW,TROW,EXPLICIT,TROW,,USD
WS:US:TRST,TRST,EXPLICIT,TRST,,USD
WS:US:TRU,TRU,EXPLICIT,TRU,,USD
WS:US:TRUP,TRUP,EXPLICIT,TRUP,,USD
WS:US:TRV,TRV,EXPLICIT,TRV,,USD
WS:US:TSCO,TSCO,EXPLICIT,TSCO,,USD
WS:US:TSLA,TSLA,EXPLICIT,TSLA,,USD
WS:US:TSN,TSN,EXPLICIT,TSN,,USD
WS:US:TT,TT,EXPLICIT,TT,,USD
WS:US:TTC,TTC,EXPLICIT,TTC,,USD
WS:US:TTD,TTD,EXPLICIT,TTD,,USD
WS:US:TTEK,TTEK,EXPLICIT,TTEK,,USD
WS:US:TTMI,TTMI,EXPLICIT,TTMI,,USD
WS:US:TTWO,TTWO,EXPLICIT,TTWO,,USD
WS:US:TWLO,TWLO,EXPLICIT,TWLO,,USD
WS:US:TXN,TXN,EXPLICIT,TXN,,USD
WS:US:TXNM,TXNM,EXPLICIT,TXNM,,USD
WS:US:TXRH,TXRH,EXPLICIT,TXRH,,USD
WS:US:TXT,TXT,EXPLICIT,TXT,,USD
WS:US:TYL,TYL,EXPLICIT,TYL,,USD
WS:US:UA,UA,EXPLICIT,UA,,USD
WS:US:UAA,UAA,EXPLICIT,UAA,,USD
WS:US:UAL,UAL,EXPLICIT,UAL,,USD
WS:US:UBER,UBER,EXPLICIT,UBER,,USD
WS:US:UBSI,UBSI,EXPLICIT,UBSI,,USD
WS:US:UCB,UCB,EXPLICIT,UCB,,USD
WS:US:UCTT,UCTT,EXPLICIT,UCTT,,USD
WS:US:UDR,UDR,EXPLICIT,UDR,,USD
WS:US:UE,UE,EXPLICIT,UE,,USD
WS:US:UFCS,UFCS,EXPLICIT,UFCS,,USD
WS:US:UFPI,UFPI,EXPLICIT,UFPI,,USD
WS:US:UFPT,UFPT,EXPLICIT,UFPT,,USD
WS:US:UGI,UGI,EXPLICIT,UGI,,USD
WS:US:UHS,UHS,EXPLICIT,UHS,,USD
WS:US:ULS,ULS,EXPLICIT,ULS,,USD
WS:US:ULTA,ULTA,EXPLICIT,ULTA,,USD
WS:US:UMBF,UMBF,EXPLICIT,UMBF,,USD
WS:US:UNF,UNF,EXPLICIT,UNF,,USD
WS:US:UNFI,UNFI,EXPLICIT,UNFI,,USD
WS:US:UNH,UNH,EXPLICIT,UNH,,USD
WS:US:UNIT,UNIT,EXPLICIT,UNIT,,USD
WS:US:UNM,UNM,EXPLICIT,UNM,,USD
WS:US:UNP,UNP,EXPLICIT,UNP,,USD
WS:US:UPBD,UPBD,EXPLICIT,UPBD,,USD
WS:US:UPS,UPS,EXPLICIT,UPS,,USD
WS:US:UPWK,UPWK,EXPLICIT,UPWK,,USD
WS:US:URBN,URBN,EXPLICIT,URBN,,USD
WS:US:URI,URI,EXPLICIT,URI,,USD
WS:US:USB,USB,EXPLICIT,USB,,USD
WS:US:USFD,USFD,EXPLICIT,USFD,,USD
WS:US:USLM,USLM,EXPLICIT,USLM,,USD
WS:US:USPH,USPH,EXPLICIT,USPH,,USD
WS:US:UTHR,UTHR,EXPLICIT,UTHR,,USD
WS:US:UTI,UTI,EXPLICIT,UTI,,USD
WS:US:UTL,UTL,EXPLICIT,UTL,,USD
WS:US:UVV,UVV,EXPLICIT,UVV,,USD
WS:US:V,V,EXPLICIT,V,,USD
WS:US:VAC,VAC,EXPLICIT,VAC,,USD
WS:US:VAL,VAL,EXPLICIT,VAL,,USD
WS:US:VC,VC,EXPLICIT,VC,,USD
WS:US:VCEL,VCEL,EXPLICIT,VCEL,,USD
WS:US:VCTR,VCTR,EXPLICIT,VCTR,,USD
WS:US:VCYT,VCYT,EXPLICIT,VCYT,,USD
WS:US:VECO,VECO,EXPLICIT,VECO,,USD
WS:US:VEEV,VEEV,EXPLICIT,VEEV,,USD
WS:US:VFC,VFC,EXPLICIT,VFC,,USD
WS:US:VGNT,VGNT,EXPLICIT,VGNT,,USD
WS:US:VIAV,VIAV,EXPLICIT,VIAV,,USD
WS:US:VICI,VICI,EXPLICIT,VICI,,USD
WS:US:VICR,VICR,EXPLICIT,VICR,,USD
WS:US:VIR,VIR,EXPLICIT,VIR,,USD
WS:US:VIRT,VIRT,EXPLICIT,VIRT,,USD
WS:US:VLO,VLO,EXPLICIT,VLO,,USD
WS:US:VLTO,VLTO,EXPLICIT,VLTO,,USD
WS:US:VLY,VLY,EXPLICIT,VLY,,USD
WS:US:VMC,VMC,EXPLICIT,VMC,,USD
WS:US:VMI,VMI,EXPLICIT,VMI,,USD
WS:US:VMRK,VMRK,EXPLICIT,VMRK,,USD
WS:US:VNO,VNO,EXPLICIT,VNO,,USD
WS:US:VNOM,VNOM,EXPLICIT,VNOM,,USD
WS:US:VNT,VNT,EXPLICIT,VNT,,USD
WS:US:VOYA,VOYA,EXPLICIT,VOYA,,USD
WS:US:VRRM,VRRM,EXPLICIT,VRRM,,USD
WS:US:VRSK,VRSK,EXPLICIT,VRSK,,USD
WS:US:VRSN,VRSN,EXPLICIT,VRSN,,USD
WS:US:VRT,VRT,EXPLICIT,VRT,,USD
WS:US:VRTS,VRTS,EXPLICIT,VRTS,,USD
WS:US:VRTX,VRTX,EXPLICIT,VRTX,,USD
WS:US:VSAT,VSAT,EXPLICIT,VSAT,,USD
WS:US:VSEC,VSEC,EXPLICIT,VSEC,,USD
WS:US:VSH,VSH,EXPLICIT,VSH,,USD
WS:US:VSNT,VSNT,EXPLICIT,VSNT,,USD
WS:US:VST,VST,EXPLICIT,VST,,USD
WS:US:VSTS,VSTS,EXPLICIT,VSTS,,USD
WS:US:VSXY,VSXY,EXPLICIT,VSXY,,USD
WS:US:VTOL,VTOL,EXPLICIT,VTOL,,USD
WS:US:VTR,VTR,EXPLICIT,VTR,,USD
WS:US:VTRS,VTRS,EXPLICIT,VTRS,,USD
WS:US:VVV,VVV,EXPLICIT,VVV,,USD
WS:US:VVX,VVX,EXPLICIT,VVX,,USD
WS:US:VYX,VYX,EXPLICIT,VYX,,USD
WS:US:VZ,VZ,EXPLICIT,VZ,,USD
WS:US:WAB,WAB,EXPLICIT,WAB,,USD
WS:US:WABC,WABC,EXPLICIT,WABC,,USD
WS:US:WAFD,WAFD,EXPLICIT,WAFD,,USD
WS:US:WAL,WAL,EXPLICIT,WAL,,USD
WS:US:WAT,WAT,EXPLICIT,WAT,,USD
WS:US:WAY,WAY,EXPLICIT,WAY,,USD
WS:US:WBD,WBD,EXPLICIT,WBD,,USD
WS:US:WBS,WBS,EXPLICIT,WBS,,USD
WS:US:WCC,WCC,EXPLICIT,WCC,,USD
WS:US:WD,WD,EXPLICIT,WD,,USD
WS:US:WDAY,WDAY,EXPLICIT,WDAY,,USD
WS:US:WDC,WDC,EXPLICIT,WDC,,USD
WS:US:WDFC,WDFC,EXPLICIT,WDFC,,USD
WS:US:WEC,WEC,EXPLICIT,WEC,,USD
WS:US:WELL,WELL,EXPLICIT,WELL,,USD
WS:US:WEN,WEN,EXPLICIT,WEN,,USD
WS:US:WERN,WERN,EXPLICIT,WERN,,USD
WS:US:WEX,WEX,EXPLICIT,WEX,,USD
WS:US:WFC,WFC,EXPLICIT,WFC,,USD
WS:US:WFRD,WFRD,EXPLICIT,WFRD,,USD
WS:US:WGO,WGO,EXPLICIT,WGO,,USD
WS:US:WH,WH,EXPLICIT,WH,,USD
WS:US:WHD,WHD,EXPLICIT,WHD,,USD
WS:US:WHR,WHR,EXPLICIT,WHR,,USD
WS:US:WINA,WINA,EXPLICIT,WINA,,USD
WS:US:WING,WING,EXPLICIT,WING,,USD
WS:US:WKC,WKC,EXPLICIT,WKC,,USD
WS:US:WLK,WLK,EXPLICIT,WLK,,USD
WS:US:WLY,WLY,EXPLICIT,WLY,,USD
WS:US:WM,WM,EXPLICIT,WM,,USD
WS:US:WMB,WMB,EXPLICIT,WMB,,USD
WS:US:WMG,WMG,EXPLICIT,WMG,,USD
WS:US:WMS,WMS,EXPLICIT,WMS,,USD
WS:US:WMT,WMT,EXPLICIT,WMT,,USD
WS:US:WOR,WOR,EXPLICIT,WOR,,USD
WS:US:WPC,WPC,EXPLICIT,WPC,,USD
WS:US:WRB,WRB,EXPLICIT,WRB,,USD
WS:US:WRBY,WRBY,EXPLICIT,WRBY,,USD
WS:US:WRLD,WRLD,EXPLICIT,WRLD,,USD
WS:US:WS,WS,EXPLICIT,WS,,USD
WS:US:WSBC,WSBC,EXPLICIT,WSBC,,USD
WS:US:WSC,WSC,EXPLICIT,WSC,,USD
WS:US:WSFS,WSFS,EXPLICIT,WSFS,,USD
WS:US:WSM,WSM,EXPLICIT,WSM,,USD
WS:US:WSO,WSO,EXPLICIT,WSO,,USD
WS:US:WST,WST,EXPLICIT,WST,,USD
WS:US:WT,WT,EXPLICIT,WT,,USD
WS:US:WTFC,WTFC,EXPLICIT,WTFC,,USD
WS:US:WTRG,WTRG,EXPLICIT,WTRG,,USD
WS:US:WTS,WTS,EXPLICIT,WTS,,USD
WS:US:WTW,WTW,EXPLICIT,WTW,,USD
WS:US:WU,WU,EXPLICIT,WU,,USD
WS:US:WWD,WWD,EXPLICIT,WWD,,USD
WS:US:WWW,WWW,EXPLICIT,WWW,,USD
WS:US:WY,WY,EXPLICIT,WY,,USD
WS:US:WYNN,WYNN,EXPLICIT,WYNN,,USD
WS:US:XEL,XEL,EXPLICIT,XEL,,USD
WS:US:XHR,XHR,EXPLICIT,XHR,,USD
WS:US:XNCR,XNCR,EXPLICIT,XNCR,,USD
WS:US:XOM,XOM,EXPLICIT,XOM,,USD
WS:US:XPEL,XPEL,EXPLICIT,XPEL,,USD
WS:US:XPO,XPO,EXPLICIT,XPO,,USD
WS:US:XRAY,XRAY,EXPLICIT,XRAY,,USD
WS:US:XYL,XYL,EXPLICIT,XYL,,USD
WS:US:XYZ,XYZ,EXPLICIT,XYZ,,USD
WS:US:YELP,YELP,EXPLICIT,YELP,,USD
WS:US:YETI,YETI,EXPLICIT,YETI,,USD
WS:US:YOU,YOU,EXPLICIT,YOU,,USD
WS:US:YUM,YUM,EXPLICIT,YUM,,USD
WS:US:ZBH,ZBH,EXPLICIT,ZBH,,USD
WS:US:ZBRA,ZBRA,EXPLICIT,ZBRA,,USD
WS:US:ZD,ZD,EXPLICIT,ZD,,USD
WS:US:ZION,ZION,EXPLICIT,ZION,,USD
WS:US:ZTS,ZTS,EXPLICIT,ZTS,,USD
WS:US:ZWS,ZWS,EXPLICIT,ZWS,,USD
WS:SRC:ZA_TOP40:119B9827CB58256B,VAL.JO,EXPLICIT,,XJSE,ZAR
WS:SRC:ZA_TOP40:13F6B84E5B9DFB4E,INP.JO,EXPLICIT,,XJSE,ZAR
WS:SRC:ZA_TOP40:1A236465C92C27FB,BVT.JO,EXPLICIT,,XJSE,ZAR
WS:SRC:ZA_TOP40:1A460F7B08BC8A81,ANG.JO,EXPLICIT,,XJSE,ZAR
WS:SRC:ZA_TOP40:1EFE66E75F1BEAE6,NRP.JO,EXPLICIT,,XJSE,ZAR
WS:SRC:ZA_TOP40:226ACE3524DC99B3,INL.JO,EXPLICIT,,XJSE,ZAR
WS:SRC:ZA_TOP40:269DEF2006BCDC3A,IMP.JO,EXPLICIT,,XJSE,ZAR
WS:SRC:ZA_TOP40:2DF0FDC7A9EB6AF3,ANH.JO,EXPLICIT,,XJSE,ZAR
WS:SRC:ZA_TOP40:302AA746912AD383,PRX.JO,EXPLICIT,,XJSE,ZAR
WS:SRC:ZA_TOP40:3372028E3DD353C9,ABG.JO,EXPLICIT,,XJSE,ZAR
WS:SRC:ZA_TOP40:3598A879F2EA6E99,SLM.JO,EXPLICIT,,XJSE,ZAR
WS:SRC:ZA_TOP40:3A0242B9DA294CBC,NED.JO,EXPLICIT,,XJSE,ZAR
WS:SRC:ZA_TOP40:3CA42D3A25639D8E,SOLBE1.JO,EXPLICIT,,XJSE,ZAR
WS:SRC:ZA_TOP40:5F247CB49B9B155E,VOD.JO,EXPLICIT,,XJSE,ZAR
WS:SRC:ZA_TOP40:670585B513E60D68,WHL.JO,EXPLICIT,,XJSE,ZAR
WS:SRC:ZA_TOP40:72B40FB15EDACCA3,CLS.JO,EXPLICIT,,XJSE,ZAR
WS:SRC:ZA_TOP40:826AEDDC44AC58D6,RMH.JO,EXPLICIT,,XJSE,ZAR
WS:SRC:ZA_TOP40:856ED7B9E6CBDE42,GLN.JO,EXPLICIT,,XJSE,ZAR
WS:SRC:ZA_TOP40:8D915874D6D1F74D,GRT.JO,EXPLICIT,,XJSE,ZAR
WS:SRC:ZA_TOP40:92DB8C1EE0FA61A7,EXX.JO,EXPLICIT,,XJSE,ZAR
WS:SRC:ZA_TOP40:9CADEA732F4AE055,REM.JO,EXPLICIT,,XJSE,ZAR
WS:SRC:ZA_TOP40:A5EBFF44983C436F,BID.JO,EXPLICIT,,XJSE,ZAR
WS:SRC:ZA_TOP40:A707BAE04D25DE84,GFI.JO,EXPLICIT,,XJSE,ZAR
WS:SRC:ZA_TOP40:B9672938BA6AA893,FSR.JO,EXPLICIT,,XJSE,ZAR
WS:SRC:ZA_TOP40:C3D446CB310D4D8C,CPI.JO,EXPLICIT,,XJSE,ZAR
WS:SRC:ZA_TOP40:C46C9A1E2438665A,AGL.JO,EXPLICIT,,XJSE,ZAR
WS:SRC:ZA_TOP40:C4F89DB729DA585F,BHG.JO,EXPLICIT,,XJSE,ZAR
WS:SRC:ZA_TOP40:CA5BCEC12F716F44,BTI.JO,EXPLICIT,,XJSE,ZAR
WS:SRC:ZA_TOP40:CBBAA587AD49B821,SHP.JO,EXPLICIT,,XJSE,ZAR
WS:SRC:ZA_TOP40:CCFFACA1ACD941D3,SBK.JO,EXPLICIT,,XJSE,ZAR
WS:SRC:ZA_TOP40:D7462C43096E07C0,RNI.JO,EXPLICIT,,XJSE,ZAR
WS:SRC:ZA_TOP40:DE0F69D92EFF3FE9,OMU.JO,EXPLICIT,,XJSE,ZAR
WS:SRC:ZA_TOP40:DFFDE2958F9E4E6C,MNP.JO,EXPLICIT,,XJSE,ZAR
WS:SRC:ZA_TOP40:E375AA9FC9B15D90,MRP.JO,EXPLICIT,,XJSE,ZAR
WS:SRC:ZA_TOP40:E73C0A06AFFB5795,NPH.JO,EXPLICIT,,XJSE,ZAR
WS:SRC:ZA_TOP40:EAB90E933A288100,NPN.JO,EXPLICIT,,XJSE,ZAR
WS:SRC:ZA_TOP40:EEEF37437472AD5D,APN.JO,EXPLICIT,,XJSE,ZAR
WS:SRC:ZA_TOP40:FA44132B238E6795,DSY.JO,EXPLICIT,,XJSE,ZAR
WS:SRC:ZA_TOP40:FBAF8D9D0C6FF09E,MTN.JO,EXPLICIT,,XJSE,ZAR
