WS_ID,Before_Row_SHA256,After_Row_SHA256,Changed
WS:ISIN:INE002A01018,a5d9cf5e24db3247757ca5341c58acf6efa79875276a4b6cd740e55c3b22aee6,a5d9cf5e24db3247757ca5341c58acf6efa79875276a4b6cd740e55c3b22aee6,False
WS:ISIN:INE009A01021,bc8901d47ea527df4800bb01b0b0e23fdb5b550fa075ae51d061bf431ea30eb1,bc8901d47ea527df4800bb01b0b0e23fdb5b550fa075ae51d061bf431ea30eb1,False
WS:ISIN:INE018A01030,0c2ebba0b0f3dc8977ce477a55b30d48b1c89ab0ae4a5327ef4ddc928995775b,0c2ebba0b0f3dc8977ce477a55b30d48b1c89ab0ae4a5327ef4ddc928995775b,False
WS:ISIN:INE019A01038,993eb65f5c0d26e8b79b75126bf461d051ff4bdeb23189a7dea55ecdbef5ecf9,993eb65f5c0d26e8b79b75126bf461d051ff4bdeb23189a7dea55ecdbef5ecf9,False
WS:ISIN:INE021A01026,9254e01523d9e886722c11de259fbb7f578918f95b9b6df2fcd86c321e061db9,9254e01523d9e886722c11de259fbb7f578918f95b9b6df2fcd86c321e061db9,False
WS:ISIN:INE027H01010,761b4dfa576b32b0fa3f12f71142af5ede01e97dce65c070168e08d6a6f5c3a9,761b4dfa576b32b0fa3f12f71142af5ede01e97dce65c070168e08d6a6f5c3a9,False
WS:ISIN:INE030A01027,4a3251715499084e2c02b748306309cd6a668e02a4e4d13292507017ea2005ba,4a3251715499084e2c02b748306309cd6a668e02a4e4d13292507017ea2005ba,False
WS:ISIN:INE038A01020,9341285ae72f982e2514f9b89a1fae009ea17d8b7d58edff44a9e37d628e8f8d,9341285ae72f982e2514f9b89a1fae009ea17d8b7d58edff44a9e37d628e8f8d,False
WS:ISIN:INE040A01034,8ec3dd937ab4911b4596e1b66d73372dd09b82f34a82bc3589bdaa32ac30e3fe,8ec3dd937ab4911b4596e1b66d73372dd09b82f34a82bc3589bdaa32ac30e3fe,False
WS:ISIN:INE044A01036,577d8c41d7b511588e5e257b3414f735fc5c1028c2fdf03e333a2b80675936f3,577d8c41d7b511588e5e257b3414f735fc5c1028c2fdf03e333a2b80675936f3,False
WS:ISIN:INE047A01021,d0fc345b3951c5d69c693374865c385e12d51df6eb49b91fc8ff3fdba715a420,d0fc345b3951c5d69c693374865c385e12d51df6eb49b91fc8ff3fdba715a420,False
WS:ISIN:INE059A01026,e84544a81487efceda393ac054d7ab12c1e0810ce9b995b4ec6c6dc1739372ac,e84544a81487efceda393ac054d7ab12c1e0810ce9b995b4ec6c6dc1739372ac,False
WS:ISIN:INE062A01020,2a7dbc7b9898768eb58b0fb575ab9ea335d1514cfced0e0f92a9ea26a3cc34f0,2a7dbc7b9898768eb58b0fb575ab9ea335d1514cfced0e0f92a9ea26a3cc34f0,False
WS:ISIN:INE066A01021,120ca0977100a70a861bd3de444c673c58749a91184f50c08576670a80eb0ec6,120ca0977100a70a861bd3de444c673c58749a91184f50c08576670a80eb0ec6,False
WS:ISIN:INE075A01022,62bf775073ca91ed02a1dfa3c2f4919952f48f21f5b12b2466ef1fd30897ace6,62bf775073ca91ed02a1dfa3c2f4919952f48f21f5b12b2466ef1fd30897ace6,False
WS:ISIN:INE081A01020,c3e4890a6c1ed9c6d120a6425a9c21e17b3f52a8f17bfca5063b273a78cc049c,c3e4890a6c1ed9c6d120a6425a9c21e17b3f52a8f17bfca5063b273a78cc049c,False
WS:ISIN:INE089A01031,81abbc4f07255b66c5fc2637785c3bebddd562209ab47d49998308a025ecd33f,81abbc4f07255b66c5fc2637785c3bebddd562209ab47d49998308a025ecd33f,False
WS:ISIN:INE090A01021,122ba01d59447787cb630b76c9195decd4ea2b53ead49c1acfade2822fdb3677,122ba01d59447787cb630b76c9195decd4ea2b53ead49c1acfade2822fdb3677,False
WS:ISIN:INE101A01026,d16aab25f6e3bb23b8f9603c6dfd6ed406b53c692250ef1dfb40dc2ccfab787c,d16aab25f6e3bb23b8f9603c6dfd6ed406b53c692250ef1dfb40dc2ccfab787c,False
WS:ISIN:INE123W01016,4dd0dc322cc4ae45673d6ff1e6fa368d9640eea973ad1f6cd63cfb285a86f1ba,4dd0dc322cc4ae45673d6ff1e6fa368d9640eea973ad1f6cd63cfb285a86f1ba,False
WS:ISIN:INE154A01025,6a2d818c96aa6c2a45243d478174176075f7345d16ede3a74d51acee38144ff6,6a2d818c96aa6c2a45243d478174176075f7345d16ede3a74d51acee38144ff6,False
WS:ISIN:INE155A01022,c2bdce0e17cad63bece622eac1cf975061322029287312bc990350915df1e933,c2bdce0e17cad63bece622eac1cf975061322029287312bc990350915df1e933,False
WS:ISIN:INE192A01025,6cb52891386c9980b5d8a1f614b16b9b5eaf2fb95bb4761d0f926b96acbf972e,6cb52891386c9980b5d8a1f614b16b9b5eaf2fb95bb4761d0f926b96acbf972e,False
WS:ISIN:INE213A01029,21fb49ff1cde3bae412132148434f3c7ab79f64e7779cb1f87eb237ec5f44e67,21fb49ff1cde3bae412132148434f3c7ab79f64e7779cb1f87eb237ec5f44e67,False
WS:ISIN:INE237A01036,6eaed153c3f85d7569a020cfc4860707f3ef0cd36d0be438dc0a8655708ea08a,6eaed153c3f85d7569a020cfc4860707f3ef0cd36d0be438dc0a8655708ea08a,False
WS:ISIN:INE238A01034,28c6a286fa158245ecc0e5aa1176530fa038080f23fed6cac8104419a522a6c6,28c6a286fa158245ecc0e5aa1176530fa038080f23fed6cac8104419a522a6c6,False
WS:ISIN:INE239A01024,723f946b46b6fe8e34e70f4f350602ffaea79f4ff0fa9e0f898175ccaa546c1f,723f946b46b6fe8e34e70f4f350602ffaea79f4ff0fa9e0f898175ccaa546c1f,False
WS:ISIN:INE263A01024,8ac2622d249a97bafbb7f1009036c38d76f6cb5eceaf88a57ef947c4a8691aac,8ac2622d249a97bafbb7f1009036c38d76f6cb5eceaf88a57ef947c4a8691aac,False
WS:ISIN:INE280A01028,e1ef5d031b6e0334ac6889dc3ccc353b0fd670a963c7ca6ac2f4568853960a08,e1ef5d031b6e0334ac6889dc3ccc353b0fd670a963c7ca6ac2f4568853960a08,False
WS:ISIN:INE296A01032,ada1dae28ba6ebb6be5fe971165554d4c008e931f5bdcd27f87bce141816523f,ada1dae28ba6ebb6be5fe971165554d4c008e931f5bdcd27f87bce141816523f,False
WS:ISIN:INE397D01024,88cdfafbd9db13b5bb1029f308d717e2ce82e0a527b0f52aaf1f080dad47c0f0,88cdfafbd9db13b5bb1029f308d717e2ce82e0a527b0f52aaf1f080dad47c0f0,False
WS:ISIN:INE423A01024,31ce3ab28793eb1f3d3489efc35f319bb8b415f2cd6a7310d544785909374aad,31ce3ab28793eb1f3d3489efc35f319bb8b415f2cd6a7310d544785909374aad,False
WS:ISIN:INE437A01024,acda40349c5522456d8175a09e37fdd4a884792010a52d79ec70967d6fb1120b,acda40349c5522456d8175a09e37fdd4a884792010a52d79ec70967d6fb1120b,False
WS:ISIN:INE467B01029,af9c21e8a4403e522bcc590b787a25de2dbbe6dcd1dd7d4373b4a2bdb9137cfd,af9c21e8a4403e522bcc590b787a25de2dbbe6dcd1dd7d4373b4a2bdb9137cfd,False
WS:ISIN:INE481G01011,45b3b80dddbbb6a27be7bce3b20ee43975e1f7e22b7ca84f26a06033625afa28,45b3b80dddbbb6a27be7bce3b20ee43975e1f7e22b7ca84f26a06033625afa28,False
WS:ISIN:INE522F01014,30290149ea0722d7af0785e5369cb2b55dd2d53f28ab2e7d441060543c3d3303,30290149ea0722d7af0785e5369cb2b55dd2d53f28ab2e7d441060543c3d3303,False
WS:ISIN:INE585B01010,2d209aa13cb9b05a706485572b6821a2586d7954e28c47edca2978121fb9b5f0,2d209aa13cb9b05a706485572b6821a2586d7954e28c47edca2978121fb9b5f0,False
WS:ISIN:INE646L01027,e6c9d5482925162ae621892a991fe49fa30220f3c176be3021985c568156ceea,e6c9d5482925162ae621892a991fe49fa30220f3c176be3021985c568156ceea,False
WS:ISIN:INE669C01036,cab8c82ea2e7020feb451a4847970a8c5a7bdd338c87166fae92058cf3483c10,cab8c82ea2e7020feb451a4847970a8c5a7bdd338c87166fae92058cf3483c10,False
WS:ISIN:INE721A01047,b804a53d4e3a48e84c520f2b667a6e0c25a64d62036a7e2fd4ab3ba4ebb0a153,b804a53d4e3a48e84c520f2b667a6e0c25a64d62036a7e2fd4ab3ba4ebb0a153,False
WS:ISIN:INE733E01010,8995ba90aa3ddac7728b4560194f9dcb61040a78d83d1169df877c1b706a4fb6,8995ba90aa3ddac7728b4560194f9dcb61040a78d83d1169df877c1b706a4fb6,False
WS:ISIN:INE742F01042,978cddf5a7ae44cd5195fff2410eb1b097b55fd36429f6f6a5d6b3b90632bef5,978cddf5a7ae44cd5195fff2410eb1b097b55fd36429f6f6a5d6b3b90632bef5,False
WS:ISIN:INE752E01010,cc2458c6b867d95c8df9541e8e3491da183913feb2115c81357c4da15ed33207,cc2458c6b867d95c8df9541e8e3491da183913feb2115c81357c4da15ed33207,False
WS:ISIN:INE758E01017,3a68e0bbdb29aeba6c376ecf88677b71b7a85f281a9a1aa0919c459719bcde7e,3a68e0bbdb29aeba6c376ecf88677b71b7a85f281a9a1aa0919c459719bcde7e,False
WS:ISIN:INE758T01015,db1c312a59c0866d4500ea77e186f4a4803349c611f0be77942edb941eaff99e,db1c312a59c0866d4500ea77e186f4a4803349c611f0be77942edb941eaff99e,False
WS:ISIN:INE795G01014,da8161edc38c0128a6404ba573566aeef9211ce69d2ec8ef8b157f034930c5ec,da8161edc38c0128a6404ba573566aeef9211ce69d2ec8ef8b157f034930c5ec,False
WS:ISIN:INE849A01020,176a41e7afe8f158cbda4c680bd140dea811c4ba2781eed0e7b87b3fba50d21b,176a41e7afe8f158cbda4c680bd140dea811c4ba2781eed0e7b87b3fba50d21b,False
WS:ISIN:INE860A01027,306fc48da212137b36ed630239f0ee183af7846ca0f105b365b45a850ecb0033,306fc48da212137b36ed630239f0ee183af7846ca0f105b365b45a850ecb0033,False
WS:ISIN:INE917I01010,5f012794423e96737c9fa502e0d2e5c2f13045272385bc1eb84498d4eb5eab5e,5f012794423e96737c9fa502e0d2e5c2f13045272385bc1eb84498d4eb5eab5e,False
WS:ISIN:INE918I01026,5e71c5183eb9d949e82ae0b3a9b8c1e7f4e89717c6c85b0e301cb69735dc7dd9,5e71c5183eb9d949e82ae0b3a9b8c1e7f4e89717c6c85b0e301cb69735dc7dd9,False
WS:ISIN:KYG022421088,518539abf92c49e433ac865fd88fa8f578e1e053273b9b0a28e694177bf3e549,518539abf92c49e433ac865fd88fa8f578e1e053273b9b0a28e694177bf3e549,False
WS:ISIN:KYG114741062,6e69d469355428b4e3efe7b446f758ee5f5f3cf194cedc80529837b59b91ec1c,6e69d469355428b4e3efe7b446f758ee5f5f3cf194cedc80529837b59b91ec1c,False
WS:ISIN:KYG989221000,8d344ba427882864bcde3bd5b51c9c275ffd93c1590320aedd0ad17936044acd,8d344ba427882864bcde3bd5b51c9c275ffd93c1590320aedd0ad17936044acd,False
WS:ISIN:TW0001216000,3c00256cc1b2072027c4fdd7f31136ac52684094731efd56fe6fd739514ff970,3c00256cc1b2072027c4fdd7f31136ac52684094731efd56fe6fd739514ff970,False
WS:ISIN:TW0001303006,c64f80437da49cde68949c8f7623b70f5e9108356ffcdbabcc1713d78423664b,c64f80437da49cde68949c8f7623b70f5e9108356ffcdbabcc1713d78423664b,False
WS:ISIN:TW0002059003,9726e0e8203177754ea4ac2c19c289e919069ce7ba5943960023331372c0bc57,9726e0e8203177754ea4ac2c19c289e919069ce7ba5943960023331372c0bc57,False
WS:ISIN:TW0002301009,ce056948fc1f710d3c6daa6b6dc9ecf800922606f02d895ee9badae0b91d0b26,ce056948fc1f710d3c6daa6b6dc9ecf800922606f02d895ee9badae0b91d0b26,False
WS:ISIN:TW0002303005,026b24c81ce65f4b9b7d08b470d391c8cd37ca4ce549f95e7bb003a9ba023970,026b24c81ce65f4b9b7d08b470d391c8cd37ca4ce549f95e7bb003a9ba023970,False
WS:ISIN:TW0002308004,a9cc3f37740d8e680bd0a3c88f2d790bfafc1f6f46eb8f66963aa0ff707cfefa,a9cc3f37740d8e680bd0a3c88f2d790bfafc1f6f46eb8f66963aa0ff707cfefa,False
WS:ISIN:TW0002317005,8fd88db546e2f13e0d505c992464115c99df8595019bf5fa250c649d1a0797ec,8fd88db546e2f13e0d505c992464115c99df8595019bf5fa250c649d1a0797ec,False
WS:ISIN:TW0002327004,66e0534e48b1cd5c1f8b027d2a5ec6a3abcb957d865edb55deaca6ab592225f2,66e0534e48b1cd5c1f8b027d2a5ec6a3abcb957d865edb55deaca6ab592225f2,False
WS:ISIN:TW0002330008,44e9a44488f6beb942f2db4a84227e3228b93d1d3ab64beaf6199db25c1db5da,44e9a44488f6beb942f2db4a84227e3228b93d1d3ab64beaf6199db25c1db5da,False
WS:ISIN:TW0002344009,0c17c770466ddec47ccb14512e132b5e54178ed9fbd546deb0dd151d2c1b9476,0c17c770466ddec47ccb14512e132b5e54178ed9fbd546deb0dd151d2c1b9476,False
WS:ISIN:TW0002345006,f8a6cc9ab05319abae4e84b7c8b54700b9ee8e71a6718d8caf9844518e512fc5,f8a6cc9ab05319abae4e84b7c8b54700b9ee8e71a6718d8caf9844518e512fc5,False
WS:ISIN:TW0002357001,0279b4ea79f415cc97d3c9a5d6189516f707223694c90f2e83afb42728a3df73,0279b4ea79f415cc97d3c9a5d6189516f707223694c90f2e83afb42728a3df73,False
WS:ISIN:TW0002360005,498cb1aa88b237a1712e54332d5b675870bb4182526d6fc885b39122309f9a5c,498cb1aa88b237a1712e54332d5b675870bb4182526d6fc885b39122309f9a5c,False
WS:ISIN:TW0002368008,1d4fe17153b33e3f38af69f0ceecec8bc4d2689394aa4cde9a7c317564f5dd35,1d4fe17153b33e3f38af69f0ceecec8bc4d2689394aa4cde9a7c317564f5dd35,False
WS:ISIN:TW0002382009,f14b70eb0edb5aeabb3a4a4c67ae0f1a53767538be91bdc691d5ff7f03ac1fcc,f14b70eb0edb5aeabb3a4a4c67ae0f1a53767538be91bdc691d5ff7f03ac1fcc,False
WS:ISIN:TW0002383007,73af8f862a14ae3b34d93497a544d6b4ec5ff581c2da6d66e75d73be4ee7b020,73af8f862a14ae3b34d93497a544d6b4ec5ff581c2da6d66e75d73be4ee7b020,False
WS:ISIN:TW0002395001,f37db3d23bc465057037ce0eee5e542638c011143c7943065067a03c5ca908a4,f37db3d23bc465057037ce0eee5e542638c011143c7943065067a03c5ca908a4,False
WS:ISIN:TW0002408002,f341b4b697c257c414b6cd40df2f2c3c94d1dac499e7a0be6940b9a503594512,f341b4b697c257c414b6cd40df2f2c3c94d1dac499e7a0be6940b9a503594512,False
WS:ISIN:TW0002412004,822f29a54c56d0040d352c1b413437850e0ac9f17ed101dbd33facde97852aee,822f29a54c56d0040d352c1b413437850e0ac9f17ed101dbd33facde97852aee,False
WS:ISIN:TW0002449006,bd6a6b2685f4f1688c9e8734a5cbc4f3a1965e8cca0e0be1049d044cd8049100,bd6a6b2685f4f1688c9e8734a5cbc4f3a1965e8cca0e0be1049d044cd8049100,False
WS:ISIN:TW0002454006,e98c07facdfbe956df12ad707372a560608a4ff3b01ca6a505b4edddd776cf1c,e98c07facdfbe956df12ad707372a560608a4ff3b01ca6a505b4edddd776cf1c,False
WS:ISIN:TW0002603008,fa3cdc7747aad886b24ddf1170317bce670589ca0c6677b3df328c72f1c2a33b,fa3cdc7747aad886b24ddf1170317bce670589ca0c6677b3df328c72f1c2a33b,False
WS:ISIN:TW0002880002,055a6ca14219587d630baa8635e13b8d229178abfc19764ea446c35ac6561369,055a6ca14219587d630baa8635e13b8d229178abfc19764ea446c35ac6561369,False
WS:ISIN:TW0002881000,1cc5c61de31a79b2e4eb4685d8c403c8dd1e3170591dd51388fbcc9df35f6ca8,1cc5c61de31a79b2e4eb4685d8c403c8dd1e3170591dd51388fbcc9df35f6ca8,False
WS:ISIN:TW0002882008,e0f2f9d5eb1475881be8bfeb24e19b77f9b5fc9fe3c6be4031a587a066f562a2,e0f2f9d5eb1475881be8bfeb24e19b77f9b5fc9fe3c6be4031a587a066f562a2,False
WS:ISIN:TW0002883006,ce615a878bf8f99ad990a385730f65ec2754c67d7c2896d42d5bd6a794091257,ce615a878bf8f99ad990a385730f65ec2754c67d7c2896d42d5bd6a794091257,False
WS:ISIN:TW0002884004,550e48668ab88faa384d6c0a796c50f64511048b38312a8f43e8e9df82a49d93,550e48668ab88faa384d6c0a796c50f64511048b38312a8f43e8e9df82a49d93,False
WS:ISIN:TW0002885001,ec5e069962e84c016f292a8d1b6deaf5bc21dd3445e1b2043cd1b94bda222056,ec5e069962e84c016f292a8d1b6deaf5bc21dd3445e1b2043cd1b94bda222056,False
WS:ISIN:TW0002886009,454ee13daf194fae8564f72c09ee6e4161e9f37271f88e5fdaf3605bb73cafa2,454ee13daf194fae8564f72c09ee6e4161e9f37271f88e5fdaf3605bb73cafa2,False
WS:ISIN:TW0002887007,c4465147bc5fc1c8bd06495ba0f85b81820f43c84b26d447f4b7ba764b6a9bbe,c4465147bc5fc1c8bd06495ba0f85b81820f43c84b26d447f4b7ba764b6a9bbe,False
WS:ISIN:TW0002890001,0f1799c491ebb3bea44b63c2a45a2bb9e68656912a23220c01fc66145cf04a01,0f1799c491ebb3bea44b63c2a45a2bb9e68656912a23220c01fc66145cf04a01,False
WS:ISIN:TW0002891009,1693dfdb29d7b338c4f9a4809b19123f59bfb030821574f2fdb8a3eb510e9ba7,1693dfdb29d7b338c4f9a4809b19123f59bfb030821574f2fdb8a3eb510e9ba7,False
WS:ISIN:TW0002892007,c6ebe40a70efd7c20cc14bacba29329b3e2d4dd7e974a4ea8551d59646c8a34a,c6ebe40a70efd7c20cc14bacba29329b3e2d4dd7e974a4ea8551d59646c8a34a,False
WS:ISIN:TW0003008009,c36a16b8d0e8d1a24e4dfcb8731bf13a07fb306171b424c6ce76200cf5fc9259,c36a16b8d0e8d1a24e4dfcb8731bf13a07fb306171b424c6ce76200cf5fc9259,False
WS:ISIN:TW0003017000,8893700390c8a891606153fb80602f74fc9cbeeadcd801e00679e8b4b9eca9d6,8893700390c8a891606153fb80602f74fc9cbeeadcd801e00679e8b4b9eca9d6,False
WS:ISIN:TW0003037008,4383af437117d142523752fc8f98fed871dab09348651305c0571380147d5934,4383af437117d142523752fc8f98fed871dab09348651305c0571380147d5934,False
WS:ISIN:TW0003045001,9623a505dcff1ac036fc3e87fc9b63f03b9df6a92a30ac02e82cecd8694e9d02,9623a505dcff1ac036fc3e87fc9b63f03b9df6a92a30ac02e82cecd8694e9d02,False
WS:ISIN:TW0003231007,b86480f5df0ec1cf0e2a03d138cf45345c4eb14d60420811fb170c32e941f602,b86480f5df0ec1cf0e2a03d138cf45345c4eb14d60420811fb170c32e941f602,False
WS:ISIN:TW0003443008,763c5e5c4ce9615c6243e96b29f098031351c2433001e0edc1a0692f1e8385c3,763c5e5c4ce9615c6243e96b29f098031351c2433001e0edc1a0692f1e8385c3,False
WS:ISIN:TW0003653002,8b233451cbc8ce3297f86aa9cb0e339583553812e3ba96548e68a56f9435a3e9,8b233451cbc8ce3297f86aa9cb0e339583553812e3ba96548e68a56f9435a3e9,False
WS:ISIN:TW0004904008,bc4272fdff36dc27bbab8561329da730ac6a5af056eab1073673de67dc63ef03,bc4272fdff36dc27bbab8561329da730ac6a5af056eab1073673de67dc63ef03,False
WS:ISIN:TW0005880009,44755a8fdc49386022e824bbe37416d28ccb8d0dfe1a44a2ed76f58b899a88c4,44755a8fdc49386022e824bbe37416d28ccb8d0dfe1a44a2ed76f58b899a88c4,False
WS:ISIN:TW0006505001,2cb7ae4180e74b1e64ab08f5c41cda731ebce88887728790448ef2668fac8d72,2cb7ae4180e74b1e64ab08f5c41cda731ebce88887728790448ef2668fac8d72,False
WS:ISIN:TW0008046004,953a090512e014dcffd9a76dba5d6986363550c5d5f93bca5271af2d11c361d9,953a090512e014dcffd9a76dba5d6986363550c5d5f93bca5271af2d11c361d9,False
WS:XAMS:AALB.AS,040d2ffc3be5db8aa0bc0fe09869ba5a99d9772872357010968d917a16a0d36f,040d2ffc3be5db8aa0bc0fe09869ba5a99d9772872357010968d917a16a0d36f,False
WS:XAMS:ABND.AS,e7c8484764acf227cee106519fab7cbc5024cdef60046254d2e127f26db7cb7b,e7c8484764acf227cee106519fab7cbc5024cdef60046254d2e127f26db7cb7b,False
WS:XAMS:AD.AS,a9bb31780e747e684f40528a740727bbe3ef8f48a3fd4674d2a5fdfa82d18459,a9bb31780e747e684f40528a740727bbe3ef8f48a3fd4674d2a5fdfa82d18459,False
WS:XAMS:ADYEN.AS,69e1f6690a6aa3bc16e844b904b4f93d9aa1a46025109c07473ec6b684de2f46,69e1f6690a6aa3bc16e844b904b4f93d9aa1a46025109c07473ec6b684de2f46,False
WS:XAMS:AEGN.AS,3c008d2c81825d0325c0edbd53f9864b1bb0fdf150bc92a2719f72a7c10b19fc,3c008d2c81825d0325c0edbd53f9864b1bb0fdf150bc92a2719f72a7c10b19fc,False
WS:XAMS:AKZO.AS,239f3eac5640dc53ccd947150cb7365412c22c12af1f7d2c34e849e3b2dee910,239f3eac5640dc53ccd947150cb7365412c22c12af1f7d2c34e849e3b2dee910,False
WS:XAMS:ALLFG.AS,5adfa2f39d47e0c3a1be11f1f993eaf6f26a8effe1a8f026a43f2d8558da6cf0,5adfa2f39d47e0c3a1be11f1f993eaf6f26a8effe1a8f026a43f2d8558da6cf0,False
WS:XAMS:ARDS.AS,9ef490cf42dcf608801f5ff63c72c8b77233d73712da7893066cd17782ff6a9a,9ef490cf42dcf608801f5ff63c72c8b77233d73712da7893066cd17782ff6a9a,False
WS:XAMS:ASMI.AS,256c3b3d7d8fb6a1d6087889acd4068eaa2b778a26f304f17a5fbd8ff179b68f,256c3b3d7d8fb6a1d6087889acd4068eaa2b778a26f304f17a5fbd8ff179b68f,False
WS:XAMS:ASML.AS,cb1c107c2423526bc0861c350108ab05ec330968586fa54bf4d18c45768b14c4,cb1c107c2423526bc0861c350108ab05ec330968586fa54bf4d18c45768b14c4,False
WS:XAMS:ASRNL.AS,662b3c12192351db960c1a905a4bea4052c362cdd26a3269cf28644627e3589a,662b3c12192351db960c1a905a4bea4052c362cdd26a3269cf28644627e3589a,False
WS:XAMS:BAMN.AS,1824c3f14349367f24fe706856b56a653d0db479b0dfea7394d4a6de7a7dfa0d,1824c3f14349367f24fe706856b56a653d0db479b0dfea7394d4a6de7a7dfa0d,False
WS:XAMS:BESI.AS,feb321e41bd132ff86f1d052dc25f6930f087faa345634272f619d8576e545e4,feb321e41bd132ff86f1d052dc25f6930f087faa345634272f619d8576e545e4,False
WS:XAMS:CSG.AS,d77527bb5fe237b75491dd04ae45819d21417369aa8a0a9f088ed266a37148c8,d77527bb5fe237b75491dd04ae45819d21417369aa8a0a9f088ed266a37148c8,False
WS:XAMS:CVC.AS,6c46e1549c1a358b929d866e03eb4c5195729ae6e6c98fc0814910e7fffc808e,6c46e1549c1a358b929d866e03eb4c5195729ae6e6c98fc0814910e7fffc808e,False
WS:XAMS:DSFIR.AS,1d4f8a87bb916ded6846408054fb0f9ef8b1b1d43717481a90c269307b0abaf7,1d4f8a87bb916ded6846408054fb0f9ef8b1b1d43717481a90c269307b0abaf7,False
WS:XAMS:EXOR.AS,f5b113605c6b5f2e906b62ada9aaa1ae541328e15bcc9d9be0842b25907dfa61,f5b113605c6b5f2e906b62ada9aaa1ae541328e15bcc9d9be0842b25907dfa61,False
WS:XAMS:HEIN.AS,e3cf63cfa4b8176e5e465f43e1461212cb27aa2536ea46778b0c6d68bc73af59,e3cf63cfa4b8176e5e465f43e1461212cb27aa2536ea46778b0c6d68bc73af59,False
WS:XAMS:HEIO.AS,a9b27c2d9ed1df7debdea2656c3c5b0047411652bb85ba0b99f1c596c6dcaf73,a9b27c2d9ed1df7debdea2656c3c5b0047411652bb85ba0b99f1c596c6dcaf73,False
WS:XAMS:IMCD.AS,073f7a9773777a7248964506df48e7405155f7c85fe60ad6163895b3cee2886a,073f7a9773777a7248964506df48e7405155f7c85fe60ad6163895b3cee2886a,False
WS:XAMS:INGA.AS,13b400757a959623fd6199c64907af058b06719d9255073d2823c51fddceafcf,13b400757a959623fd6199c64907af058b06719d9255073d2823c51fddceafcf,False
WS:XAMS:INPST.AS,7eced82d939c62d5e05665a3fcd1d264eb8dccf7b829653596ce514a169dbdf5,7eced82d939c62d5e05665a3fcd1d264eb8dccf7b829653596ce514a169dbdf5,False
WS:XAMS:KPN.AS,71e3d7c378a4cf7c46f46ea09e7e887b1cec1acd7f930485e6d5563bae36ea22,71e3d7c378a4cf7c46f46ea09e7e887b1cec1acd7f930485e6d5563bae36ea22,False
WS:XAMS:LIGHT.AS,271dce71b1f169e71e88816b80a7b51a9c4b2fe3b57c26970839d4e942f76e5e,271dce71b1f169e71e88816b80a7b51a9c4b2fe3b57c26970839d4e942f76e5e,False
WS:XAMS:MICCT.AS,ad1cb2e04402beabca1759129325cb127c3c51fa00dc6ea66ed48c9c68542e45,ad1cb2e04402beabca1759129325cb127c3c51fa00dc6ea66ed48c9c68542e45,False
WS:XAMS:MT.AS,f4ee9b8420fe67f2acb6c8dc3dc08cc1653bbbf7add6e85c267f88a88b9b06b9,f4ee9b8420fe67f2acb6c8dc3dc08cc1653bbbf7add6e85c267f88a88b9b06b9,False
WS:XAMS:NN.AS,b475c717507c44167360dafce705d34087edc8f6bd396fe9dcea6c1402f00213,b475c717507c44167360dafce705d34087edc8f6bd396fe9dcea6c1402f00213,False
WS:XAMS:PHG.AS,d7bf9a67fb37530c62994ddf40fb761e3884603dbdec8e99fb6898e1e485bc61,d7bf9a67fb37530c62994ddf40fb761e3884603dbdec8e99fb6898e1e485bc61,False
WS:XAMS:PRX.AS,157086dd636c17dced6775fb6574a35c82da299f4638ba291d03e9e09f56612e,157086dd636c17dced6775fb6574a35c82da299f4638ba291d03e9e09f56612e,False
WS:XAMS:RAND.AS,36f9feeb7dcdef2d856adea681211d057c23df459c475bdae8bed16b3f84afc6,36f9feeb7dcdef2d856adea681211d057c23df459c475bdae8bed16b3f84afc6,False
WS:XAMS:SBMO.AS,ecf8b81149b0f30ffe478c8bd35b166e725cf12b495648ffa70f25e04e6f99cb,ecf8b81149b0f30ffe478c8bd35b166e725cf12b495648ffa70f25e04e6f99cb,False
WS:XAMS:SHEL.AS,a060034305920aea8edce179d0af3c758991a38cbba49100dca494400839f2e3,a060034305920aea8edce179d0af3c758991a38cbba49100dca494400839f2e3,False
WS:XAMS:UMG.AS,b48972ca698f93c2d5b590372aa24ec0e5d300710f36c6b9c17bc32859b6d2dc,b48972ca698f93c2d5b590372aa24ec0e5d300710f36c6b9c17bc32859b6d2dc,False
WS:XAMS:VOPA.AS,17e1beacd0d59b894af74a1b699f1933edb8331fe42974ce6337f813f15baf59,17e1beacd0d59b894af74a1b699f1933edb8331fe42974ce6337f813f15baf59,False
WS:XAMS:WLSNC.AS,3352bba800fec5b4fb43d356a56e7f2a7a6148af6648bd3753c4b9922904b94e,3352bba800fec5b4fb43d356a56e7f2a7a6148af6648bd3753c4b9922904b94e,False
WS:XBRU:ABI.BR,dbb508e147208ffb6ae7f41a49252e6cb8d46d43a1abd3d9bb1e71ded4c35ac0,dbb508e147208ffb6ae7f41a49252e6cb8d46d43a1abd3d9bb1e71ded4c35ac0,False
WS:XBRU:ACKB.BR,f830263f6b7c688650989f9566a648deed88961ec7e2e4f73a90d009669df000,f830263f6b7c688650989f9566a648deed88961ec7e2e4f73a90d009669df000,False
WS:XBRU:AGES.BR,a2e605acb2e7fc0c414ff5e78955caec64f5a01187d22f563183f785c55fce70,a2e605acb2e7fc0c414ff5e78955caec64f5a01187d22f563183f785c55fce70,False
WS:XBRU:AOO.BR,ca6cffa33cca1fec8d35a2d913fd5f0bdd1b1dfdcb6c06567b43c3ad58d46f7f,ca6cffa33cca1fec8d35a2d913fd5f0bdd1b1dfdcb6c06567b43c3ad58d46f7f,False
WS:XBRU:ARGX.BR,fcf584ec8e55c85d2927f1eb20eb26bc92cb167d08b471d8731cb43d29b7bf79,fcf584ec8e55c85d2927f1eb20eb26bc92cb167d08b471d8731cb43d29b7bf79,False
WS:XBRU:ELI.BR,119015fae95a504ed4cdfae8eb3d1498786d37eec83e4c124f5edfa378d848f2,119015fae95a504ed4cdfae8eb3d1498786d37eec83e4c124f5edfa378d848f2,False
WS:XBRU:GBLB.BR,c9bd163699b065f9bdca24098ab7b09a1cb9bf0c6a8c53431f76512e8f86d871,c9bd163699b065f9bdca24098ab7b09a1cb9bf0c6a8c53431f76512e8f86d871,False
WS:XBRU:IETB.BR,d1b16472ba713f3cc019aed660a692e6e4894603510c8a98b287a0ddae35af43,d1b16472ba713f3cc019aed660a692e6e4894603510c8a98b287a0ddae35af43,False
WS:XBRU:KBC.BR,156465e7786cdbe17bc8433caa72d0ce172c4625512ad51ff9aab8917e96473f,156465e7786cdbe17bc8433caa72d0ce172c4625512ad51ff9aab8917e96473f,False
WS:XBRU:KBCA.BR,9f56311e64a5ba20915f4005d26bf87569b88f23a830baf204b8f2fbaf044536,9f56311e64a5ba20915f4005d26bf87569b88f23a830baf204b8f2fbaf044536,False
WS:XBRU:LOTB.BR,1477d45acfaee7bea7a9ff88721de867c411b5f8a2ef8a3f73eaee18eae58b79,1477d45acfaee7bea7a9ff88721de867c411b5f8a2ef8a3f73eaee18eae58b79,False
WS:XBRU:SOF.BR,2e29f29e23e964729b2f974c02d468df2a9a8eaeae73f0f428e96d95c7b61d60,2e29f29e23e964729b2f974c02d468df2a9a8eaeae73f0f428e96d95c7b61d60,False
WS:XBRU:SYENS.BR,bd530d2084e69e78ea3383a3e1acf057b6d415b1aea0630bd7271152d8fb3d5d,bd530d2084e69e78ea3383a3e1acf057b6d415b1aea0630bd7271152d8fb3d5d,False
WS:XBRU:TUB.BR,8e037a4ddd309af453d0e3f3dfad31d3331ff45104a384b0778522093708e5ba,8e037a4ddd309af453d0e3f3dfad31d3331ff45104a384b0778522093708e5ba,False
WS:XBRU:UCB.BR,c109153c1ecce4d6ff981efe8bdcdfc5d0d0bf29ceecd7f6b8fefe5d2ea73d5d,c109153c1ecce4d6ff981efe8bdcdfc5d0d0bf29ceecd7f6b8fefe5d2ea73d5d,False
WS:XBRU:UMI.BR,11e2485db9f81e15380bec02bd03e527e6d3db41d2c9f8dc33a18b2add5a4dd3,11e2485db9f81e15380bec02bd03e527e6d3db41d2c9f8dc33a18b2add5a4dd3,False
WS:XBRU:WDPP.BR,1f641ba4236ff3a507cc3d62003299fea3b340090400421a85e512d65cccb46b,1f641ba4236ff3a507cc3d62003299fea3b340090400421a85e512d65cccb46b,False
WS:XCSE:ALKB.CO,d7d5391e2d0d26199fd3b14309a6f084ea82d8a9409bf9a6e1d37919eea143cc,d7d5391e2d0d26199fd3b14309a6f084ea82d8a9409bf9a6e1d37919eea143cc,False
WS:XCSE:ALSYDB.CO,e9108aab98c52077e36c9b035faa9aab790b841a2b1daf0f740f8320f41537af,e9108aab98c52077e36c9b035faa9aab790b841a2b1daf0f740f8320f41537af,False
WS:XCSE:CARLB.CO,33e841e3a0b9aba2ea6d6da11f8c0058839b19de2cc77fb0309882dcabcb1534,33e841e3a0b9aba2ea6d6da11f8c0058839b19de2cc77fb0309882dcabcb1534,False
WS:XCSE:COLOB.CO,a00722fb7ab5b9adcb4c6dc5e7f61fc6c4601fa2f3bb70bce55ce6f850334a87,a00722fb7ab5b9adcb4c6dc5e7f61fc6c4601fa2f3bb70bce55ce6f850334a87,False
WS:XCSE:DANSKE.CO,723152a6a7b93e6b74ca2713401a6a77e32dbbe0da307f41089103ca4c60f091,723152a6a7b93e6b74ca2713401a6a77e32dbbe0da307f41089103ca4c60f091,False
WS:XCSE:DEMANT.CO,5d33d8edd87c487c3279c903c608c802ff5a5f98c6e90b8f19bad46692c512a3,5d33d8edd87c487c3279c903c608c802ff5a5f98c6e90b8f19bad46692c512a3,False
WS:XCSE:DSV.CO,315394d1e6294e7d91a8bab0b8298888517d7ed8e12906a10b42bdda32e29315,315394d1e6294e7d91a8bab0b8298888517d7ed8e12906a10b42bdda32e29315,False
WS:XCSE:FLS.CO,1a109b071b36140575f4b93556a42bbf7f778be57adce967471c38ffcd4e5d7f,1a109b071b36140575f4b93556a42bbf7f778be57adce967471c38ffcd4e5d7f,False
WS:XCSE:GMAB.CO,a77844f5bdcbf73b69f549f09625ad58b858193bcd794656cc072ae3afdd7877,a77844f5bdcbf73b69f549f09625ad58b858193bcd794656cc072ae3afdd7877,False
WS:XCSE:ISS.CO,8143cb0220f5f939d51557f47734f99521f89e3589d86d5231f6449673fa56de,8143cb0220f5f939d51557f47734f99521f89e3589d86d5231f6449673fa56de,False
WS:XCSE:JYSK.CO,455dfd2745ea3c81b1a341751ac127c23a201ef1b83e56a9eef1ee5e51ede4b0,455dfd2745ea3c81b1a341751ac127c23a201ef1b83e56a9eef1ee5e51ede4b0,False
WS:XCSE:MAERSKB.CO,de17f09d81639272117953724b881a9a8fc9be33ffbabaa088f2920b716ed108,de17f09d81639272117953724b881a9a8fc9be33ffbabaa088f2920b716ed108,False
WS:XCSE:NKT.CO,b238b7905947194d9918d62f8043240d70f9e9deebaf62cd0498c0504093cb5e,b238b7905947194d9918d62f8043240d70f9e9deebaf62cd0498c0504093cb5e,False
WS:XCSE:NOVOB.CO,1f3531c6ef5f5533e862cffde0fe1c0550bf1fdd5de4324d5e35ecd4ecc7ccf1,1f3531c6ef5f5533e862cffde0fe1c0550bf1fdd5de4324d5e35ecd4ecc7ccf1,False
WS:XCSE:NSISB.CO,9ecdfae7ee608a684bb4645ec3eb12536147617a8972da02b6645a090057581e,9ecdfae7ee608a684bb4645ec3eb12536147617a8972da02b6645a090057581e,False
WS:XCSE:ORSTED.CO,523046e49b43cb5357e7c4880257ddc0f47211e0b426059083fc9f6920b8d96b,523046e49b43cb5357e7c4880257ddc0f47211e0b426059083fc9f6920b8d96b,False
WS:XCSE:PNDORA.CO,f4fa56eea1c09fc9430527d9bdf61c2953ec8cf446c81112c388ba97fc722709,f4fa56eea1c09fc9430527d9bdf61c2953ec8cf446c81112c388ba97fc722709,False
WS:XCSE:RBREW.CO,57226af1e786ce75b57496b8d51672fe674c2a834f682f157eeaf642ac85145e,57226af1e786ce75b57496b8d51672fe674c2a834f682f157eeaf642ac85145e,False
WS:XCSE:RILBA.CO,f5448ebcb78a4fcab90a27f0dfb300e9aa36d6c6bd45952931deaf51cbc8f905,f5448ebcb78a4fcab90a27f0dfb300e9aa36d6c6bd45952931deaf51cbc8f905,False
WS:XCSE:ROCKB.CO,d5676945291d5d002e23372c664195979d233b77d6de9fceb299a8b3f725ff9f,d5676945291d5d002e23372c664195979d233b77d6de9fceb299a8b3f725ff9f,False
WS:XCSE:TRYG.CO,c6f33cab30068a22aaeae7564aaa02b5da46626144860cc328d4c5ecd3ea373b,c6f33cab30068a22aaeae7564aaa02b5da46626144860cc328d4c5ecd3ea373b,False
WS:XCSE:VWS.CO,28607b76dda34ee780d67356dd7f15e132dc48d10870e19b44cf753550bc8284,28607b76dda34ee780d67356dd7f15e132dc48d10870e19b44cf753550bc8284,False
WS:XCSE:ZELA.CO,9e4c3386c59a8cd1ec4845b47ef81b4bc69e867ab528e86a5a290beefc5db62e,9e4c3386c59a8cd1ec4845b47ef81b4bc69e867ab528e86a5a290beefc5db62e,False
WS:XDUB:AIBG.I,7889ceffaa37d70d85bf76051e53a55e7d97af5da9d38de1e727e61914fde29e,7889ceffaa37d70d85bf76051e53a55e7d97af5da9d38de1e727e61914fde29e,False
WS:XDUB:BIRG.I,767bbbc226a4b27ab5154e421ade95e640ce1c45c488f5cbd865f3ebb124ab7d,767bbbc226a4b27ab5154e421ade95e640ce1c45c488f5cbd865f3ebb124ab7d,False
WS:XDUB:GL9.I,2809967cc2564e62909b7adca65ff20579237433540471ff1401ca8cb3c6b957,2809967cc2564e62909b7adca65ff20579237433540471ff1401ca8cb3c6b957,False
WS:XDUB:KSP.I,59d4c91acc059f68956739655b1cedbf8955bad965a39686c0ae47418b520c17,59d4c91acc059f68956739655b1cedbf8955bad965a39686c0ae47418b520c17,False
WS:XDUB:KYGA.I,4164ac81a7758d8317e3e660fd1bda7edcc90abd275fe7b6303e64e4f431030a,4164ac81a7758d8317e3e660fd1bda7edcc90abd275fe7b6303e64e4f431030a,False
WS:XDUB:RYA.I,d0fd3dbf76d2c681fca69a241ed5271f46ee73d52abaf2fbd2199b7228c4fa39,d0fd3dbf76d2c681fca69a241ed5271f46ee73d52abaf2fbd2199b7228c4fa39,False
WS:XETR:ADSGN.DE,c2a8e514eebf1c707e5678d46bc93047751ece644fd69f3c43be19123bc8163a,c2a8e514eebf1c707e5678d46bc93047751ece644fd69f3c43be19123bc8163a,False
WS:XETR:AG1G.DE,e535d246bf0ed0a7a0d0a3aff412faab8bf93b61ba6fb4f5263e170066bf5289,e535d246bf0ed0a7a0d0a3aff412faab8bf93b61ba6fb4f5263e170066bf5289,False
WS:XETR:AIXGN.DE,1326c3a7a3ca57e5df01d18c8be13ce14f0a5fee4524d4eb344822b971e83abf,1326c3a7a3ca57e5df01d18c8be13ce14f0a5fee4524d4eb344822b971e83abf,False
WS:XETR:ALVG.DE,63ef8f270818fb01799f1958d55da9d932d80263468bceaf2193bfa9435abc67,63ef8f270818fb01799f1958d55da9d932d80263468bceaf2193bfa9435abc67,False
WS:XETR:AMV0N.DE,6b071985c34b5154c3c0e31f240beaf0de0480cc7797dca33d60eb9c94684fb6,6b071985c34b5154c3c0e31f240beaf0de0480cc7797dca33d60eb9c94684fb6,False
WS:XETR:BASFN.DE,43ebe1b417a34f868f89a9d7179fe49b834eed24a8c98ae69f748a85572fd323,43ebe1b417a34f868f89a9d7179fe49b834eed24a8c98ae69f748a85572fd323,False
WS:XETR:BAYGN.DE,3415dd8e7e00fb741eb2f6896a239585acbe0652beef083fad0a0edaf3d66e50,3415dd8e7e00fb741eb2f6896a239585acbe0652beef083fad0a0edaf3d66e50,False
WS:XETR:BC8G.DE,d23079431a7adb0649212ef67072e15b03286a54d564d0cbc82d209ce0e1c1a9,d23079431a7adb0649212ef67072e15b03286a54d564d0cbc82d209ce0e1c1a9,False
WS:XETR:BEIG.DE,20fafac23791a9bc0c2a7749c132f1a62f65dc74cef407e1e36555d4f573aab3,20fafac23791a9bc0c2a7749c132f1a62f65dc74cef407e1e36555d4f573aab3,False
WS:XETR:BMWG.DE,3af44910379628a3790b142c561dced8bac99942907a5794bf57e598cc7ce453,3af44910379628a3790b142c561dced8bac99942907a5794bf57e598cc7ce453,False
WS:XETR:BNRGN.DE,117d9fd256f52d132c9fc7ce281ee44ef7dd97200f416fa4f0fc6f2449d47fca,117d9fd256f52d132c9fc7ce281ee44ef7dd97200f416fa4f0fc6f2449d47fca,False
WS:XETR:CBKG.DE,9e56bce6380fb3e1216044949e8474856ce76c090f2da462348e38ebf6421e00,9e56bce6380fb3e1216044949e8474856ce76c090f2da462348e38ebf6421e00,False
WS:XETR:CONG.DE,a6cf504ca36c0d8a9b9983b06b9c25740b873219a925c6b10f205f4cf8efcf3e,a6cf504ca36c0d8a9b9983b06b9c25740b873219a925c6b10f205f4cf8efcf3e,False
WS:XETR:DB1GN.DE,0e49edf7cc10b8a283a235b59cd77de9a9de89a91c22d1f365c6791d1653cc35,0e49edf7cc10b8a283a235b59cd77de9a9de89a91c22d1f365c6791d1653cc35,False
WS:XETR:DBKGN.DE,c1767eddc54de51d4f8c940e678d8b21d9bdbcedbfb161238d6a1f81c6d2fcab,c1767eddc54de51d4f8c940e678d8b21d9bdbcedbfb161238d6a1f81c6d2fcab,False
WS:XETR:DHER.DE,6e8c49852df624a7b3741bef3c86ca9b0c81202888b916ff9a97f2afec462474,6e8c49852df624a7b3741bef3c86ca9b0c81202888b916ff9a97f2afec462474,False
WS:XETR:DHLN.DE,a4372457b2fcb7451af878ce55972ec842b5f77bd7196b8dfc99586e36a48886,a4372457b2fcb7451af878ce55972ec842b5f77bd7196b8dfc99586e36a48886,False
WS:XETR:DTEGN.DE,b2692680616212599bdfa892985ecc2b498c09b907919634486d8463ca844771,b2692680616212599bdfa892985ecc2b498c09b907919634486d8463ca844771,False
WS:XETR:DTGGE.DE,eb82b6fac39fc97a33855687c1dc2ef4ce07810e2672aa1dd747db337fe63a8a,eb82b6fac39fc97a33855687c1dc2ef4ce07810e2672aa1dd747db337fe63a8a,False
WS:XETR:ENR1N.DE,a9b1d88175edafd0901a680466455342cc2e7a8a603c63851fbdc9435512706b,a9b1d88175edafd0901a680466455342cc2e7a8a603c63851fbdc9435512706b,False
WS:XETR:EONGN.DE,7e36401cd986227dbe378195150d2170e5334d56d879a70df32fcd75b69cff10,7e36401cd986227dbe378195150d2170e5334d56d879a70df32fcd75b69cff10,False
WS:XETR:EVDG.DE,1215e4d14865f287cf0669b68b28cd4474b7e32a8250f58a598df4d26193f35c,1215e4d14865f287cf0669b68b28cd4474b7e32a8250f58a598df4d26193f35c,False
WS:XETR:EVKN.DE,ad921769a288a638abfe537b1ff0a6df2cac44c10a1d0f179c8e632772829e53,ad921769a288a638abfe537b1ff0a6df2cac44c10a1d0f179c8e632772829e53,False
WS:XETR:FMEG.DE,aae191d705a20c851b843dbd24dea35162344591c82a7160e04dc674d77731ff,aae191d705a20c851b843dbd24dea35162344591c82a7160e04dc674d77731ff,False
WS:XETR:FNTGN.DE,430fd32b0fa63aa9a740b36370cb8c314c6110b7765253b957d8d69e252b3216,430fd32b0fa63aa9a740b36370cb8c314c6110b7765253b957d8d69e252b3216,False
WS:XETR:FPE3_P.DE,4884a88247e128e36e18c1e329e4f15a4ac2794061a3d8a2a89016dfb9edaecf,4884a88247e128e36e18c1e329e4f15a4ac2794061a3d8a2a89016dfb9edaecf,False
WS:XETR:FRAG.DE,7a467047acc1565cc204b8cff98500762787607b2134237a5d96566c8a17486b,7a467047acc1565cc204b8cff98500762787607b2134237a5d96566c8a17486b,False
WS:XETR:FREG.DE,b21e9cd3e57bf146accca65bc99ccae48dafb294328f5084b37ef42ab5ce3b09,b21e9cd3e57bf146accca65bc99ccae48dafb294328f5084b37ef42ab5ce3b09,False
WS:XETR:FTKN.DE,b8abdbcda2750dfc2557fc3a88633505da0f459d3839db4d173c110ba49544c9,b8abdbcda2750dfc2557fc3a88633505da0f459d3839db4d173c110ba49544c9,False
WS:XETR:G1AG.DE,bd67369a8a68229ef51d29458bc7a21fc04c0ca03b006d0c40d666cad7ef4aa0,bd67369a8a68229ef51d29458bc7a21fc04c0ca03b006d0c40d666cad7ef4aa0,False
WS:XETR:G24N.DE,2d6cf1eafcf9b87eb6623d8fd4e8c0c9c746340a95d0e502d5bc418e8eb5ad64,2d6cf1eafcf9b87eb6623d8fd4e8c0c9c746340a95d0e502d5bc418e8eb5ad64,False
WS:XETR:GBFG.DE,c7a238b59270a445ee3dbc12b2855aa7e26f99e050efce987ffbefd5bf7ee0be,c7a238b59270a445ee3dbc12b2855aa7e26f99e050efce987ffbefd5bf7ee0be,False
WS:XETR:HAGG.DE,2ac4bc7d16c38295d93fb0e0f0d0bffa047dedf00a41963f6422b47f48716018,2ac4bc7d16c38295d93fb0e0f0d0bffa047dedf00a41963f6422b47f48716018,False
WS:XETR:HEIG.DE,ac3ab459cb6edb91b68e503b0a166b49ab01ebeaf2bc9d916b763614483efaa6,ac3ab459cb6edb91b68e503b0a166b49ab01ebeaf2bc9d916b763614483efaa6,False
WS:XETR:HNKG_P.DE,198cf0a578aa904d337d17118f3819a07f06f282314229fa2e6bffe4dc54ef63,198cf0a578aa904d337d17118f3819a07f06f282314229fa2e6bffe4dc54ef63,False
WS:XETR:HNRGN.DE,400a3c0912c056bd7f455bea7ab0277546ab1b8d23eeb16ab39db85026ab4f93,400a3c0912c056bd7f455bea7ab0277546ab1b8d23eeb16ab39db85026ab4f93,False
WS:XETR:HOTG.DE,3f02cb761eea0c06e306b08d9c28fe0889f8a6a1448a5bfb71603ccfb5d2d3a6,3f02cb761eea0c06e306b08d9c28fe0889f8a6a1448a5bfb71603ccfb5d2d3a6,False
WS:XETR:IFXGN.DE,945ebe7659c5e15a318c1563acf2adb27a1e7d2ee18b368e2167df2d165c3d84,945ebe7659c5e15a318c1563acf2adb27a1e7d2ee18b368e2167df2d165c3d84,False
WS:XETR:KBX.DE,8fc13ed5e036e05bc96eac2cfaebbd5db9419a2416abb39824dbb98be6e3f3d8,8fc13ed5e036e05bc96eac2cfaebbd5db9419a2416abb39824dbb98be6e3f3d8,False
WS:XETR:KGX.DE,b27540909f8e37cb4ac1392bbb756852d7fde9467b3a9582cfbe0a5f607e1e63,b27540909f8e37cb4ac1392bbb756852d7fde9467b3a9582cfbe0a5f607e1e63,False
WS:XETR:LEGN.DE,62ffd1ae5a76834d0e7a3b97732190df064c33aefe3ea29f1ce60f3e8dd3289d,62ffd1ae5a76834d0e7a3b97732190df064c33aefe3ea29f1ce60f3e8dd3289d,False
WS:XETR:LHAG.DE,a27b80b579c1c776335fbf85fa33fb7be9d9f17e28ed2d749e2c36896c13847f,a27b80b579c1c776335fbf85fa33fb7be9d9f17e28ed2d749e2c36896c13847f,False
WS:XETR:MBGN.DE,0bbbc72a6086e30a999a194eb89c5a0cf9afb08485fbcbd768b28047e8751835,0bbbc72a6086e30a999a194eb89c5a0cf9afb08485fbcbd768b28047e8751835,False
WS:XETR:MRCG.DE,f6442bc1bc942cd406b96f9bc5f50c85740c0f6f489735c114ca1b17ccb0d903,f6442bc1bc942cd406b96f9bc5f50c85740c0f6f489735c114ca1b17ccb0d903,False
WS:XETR:MTXGN.DE,47194782bb13ab82f43a1162ede75d4575845e2907bfb5108ecd27df4334cdc3,47194782bb13ab82f43a1162ede75d4575845e2907bfb5108ecd27df4334cdc3,False
WS:XETR:MUVGN.DE,26550f827a9c516bdefd0db10841145b9745d0e5ac7738a939edb58280abf0dd,26550f827a9c516bdefd0db10841145b9745d0e5ac7738a939edb58280abf0dd,False
WS:XETR:NAFG.DE,7d98f5778ce002aebe1352d09329c1b1f7d2492fa217f07f44ce99cc6567d3a2,7d98f5778ce002aebe1352d09329c1b1f7d2492fa217f07f44ce99cc6567d3a2,False
WS:XETR:NDXG.DE,eddc18b725746b8b1b02c8eb9ce896266ad24290bad0229f740f2fafac9f2d91,eddc18b725746b8b1b02c8eb9ce896266ad24290bad0229f740f2fafac9f2d91,False
WS:XETR:NEKG.DE,f6c145a5f577042cfb6a560b76da04e7c568656e22f629df521b21944cac615d,f6c145a5f577042cfb6a560b76da04e7c568656e22f629df521b21944cac615d,False
WS:XETR:P911_P.DE,583df108a6b40df286753ee3867d876ad060215617c3f0b28d9798b5bcb018d9,583df108a6b40df286753ee3867d876ad060215617c3f0b28d9798b5bcb018d9,False
WS:XETR:PSHG_P.DE,3f1390b6dcc647dbef99c78446aecce35b6c8c2eb0811c817187b66c20f8f532,3f1390b6dcc647dbef99c78446aecce35b6c8c2eb0811c817187b66c20f8f532,False
WS:XETR:PUMG.DE,6ca37e62bf733f6213e97b0bbfe79ceb605a8944e05593f621dc2b6b4f3b95c4,6ca37e62bf733f6213e97b0bbfe79ceb605a8944e05593f621dc2b6b4f3b95c4,False
WS:XETR:QIA.DE,7f5685f5863a254fbef488f2f7e203da3d439a7585ef72a2b4814545ea8cdf48,7f5685f5863a254fbef488f2f7e203da3d439a7585ef72a2b4814545ea8cdf48,False
WS:XETR:R3NK.DE,5b78965a0e5f33e4743fb425c5a4c1d94db1af2d9acd681f6b3823daeb138990,5b78965a0e5f33e4743fb425c5a4c1d94db1af2d9acd681f6b3823daeb138990,False
WS:XETR:RAAG.DE,8e706a9823cbc2292833ed31c456ea729d3be90d129d3deababf08ff1034c61e,8e706a9823cbc2292833ed31c456ea729d3be90d129d3deababf08ff1034c61e,False
WS:XETR:RHMG.DE,f2f727af96184bdff3a5241aa5b7bb05a4e8fcac6eb7f2b346da2a0bd888588d,f2f727af96184bdff3a5241aa5b7bb05a4e8fcac6eb7f2b346da2a0bd888588d,False
WS:XETR:RWEG.DE,8786563e55d75ab833f72aa589beaf45eeb2b36eb16ff4ebaece9fcd05fc6f37,8786563e55d75ab833f72aa589beaf45eeb2b36eb16ff4ebaece9fcd05fc6f37,False
WS:XETR:SAPG.DE,ef62f8cce38a241720bfa66f3739914ba5ce1467b1c8e239542ebe6df8641101,ef62f8cce38a241720bfa66f3739914ba5ce1467b1c8e239542ebe6df8641101,False
WS:XETR:SATG_P.DE,cc3ec2ed9a09494beb0a5af0df2370f11e702d32e78bbb723dc97e34eba2d935,cc3ec2ed9a09494beb0a5af0df2370f11e702d32e78bbb723dc97e34eba2d935,False
WS:XETR:SDFGN.DE,5855f8e98ffd406abeaa2b3a8c1a6318db426ad1e1fc665113277d5532a79e15,5855f8e98ffd406abeaa2b3a8c1a6318db426ad1e1fc665113277d5532a79e15,False
WS:XETR:SHLG.DE,bf0e645440c08e5058053fd40c288bda8de76cd18f3e595b09e4bdfc6d9e5f2c,bf0e645440c08e5058053fd40c288bda8de76cd18f3e595b09e4bdfc6d9e5f2c,False
WS:XETR:SIEGN.DE,8cec46b594d8ea6b20be6bce5e86241fda4a1777b91c0e7d0e8fffea87687aba,8cec46b594d8ea6b20be6bce5e86241fda4a1777b91c0e7d0e8fffea87687aba,False
WS:XETR:SY1G.DE,1300f89f93108d99171ddbcd2170084b2eb18a10310d53c2e12b13e71bd87eaa,1300f89f93108d99171ddbcd2170084b2eb18a10310d53c2e12b13e71bd87eaa,False
WS:XETR:TEGG.DE,e744139e5a8cb816f79d5c58e908eca45bd82423e56a0e0992fbfe685ca89878,e744139e5a8cb816f79d5c58e908eca45bd82423e56a0e0992fbfe685ca89878,False
WS:XETR:TKAG.DE,7ae28c230c47b7d7e5046a544e23657e7b9fb489a2941f599b50da51618940a9,7ae28c230c47b7d7e5046a544e23657e7b9fb489a2941f599b50da51618940a9,False
WS:XETR:TLXGN.DE,5f87dad328e576afb0b452ccf48c69650e76bcd4d9a6167b806cc13e54160dbe,5f87dad328e576afb0b452ccf48c69650e76bcd4d9a6167b806cc13e54160dbe,False
WS:XETR:TUI1N.DE,a4f791ad601d56852821b1a214df79f6de7607ced409dc1e4a682c15cd1c1bc0,a4f791ad601d56852821b1a214df79f6de7607ced409dc1e4a682c15cd1c1bc0,False
WS:XETR:VNAN.DE,de9b2b729beab2f03b5d71ecd42c547bdd85afbe287e3283ca8d7f3a043e9de5,de9b2b729beab2f03b5d71ecd42c547bdd85afbe287e3283ca8d7f3a043e9de5,False
WS:XETR:VOWG_P.DE,00adc6368afaefad376bfd8b2d57afe343a00740260aa4e693ae519dbdbc0d35,00adc6368afaefad376bfd8b2d57afe343a00740260aa4e693ae519dbdbc0d35,False
WS:XETR:ZALG.DE,b92a4066896b070c945511f6be24c2c09181b815893161381affeb4385dda219,b92a4066896b070c945511f6be24c2c09181b815893161381affeb4385dda219,False
WS:XHEL:ELISA.HE,cefdd76931f65f6e42cbd1533905aeae2b53d5085b8a06b92751ce2beef5c675,cefdd76931f65f6e42cbd1533905aeae2b53d5085b8a06b92751ce2beef5c675,False
WS:XHEL:FORTUM.HE,07f5c30b50b38ed19967abefe3087dcb0a7440f7dd72d265aa5ae57ac7f3db68,07f5c30b50b38ed19967abefe3087dcb0a7440f7dd72d265aa5ae57ac7f3db68,False
WS:XHEL:HIAB.HE,74434cda9e7ef694f9786f413bbdde09fbad7c0c90fb1c74ddbf6a7928aadab1,74434cda9e7ef694f9786f413bbdde09fbad7c0c90fb1c74ddbf6a7928aadab1,False
WS:XHEL:HUH1V.HE,b3e7504c5177aa5da00d9df9235534c090905075ac0f29129d468c335c43462b,b3e7504c5177aa5da00d9df9235534c090905075ac0f29129d468c335c43462b,False
WS:XHEL:KCRA.HE,61c1d6648baff663d4ccd456d255d7d3718d5d6d8af2978c25b4900b8d861149,61c1d6648baff663d4ccd456d255d7d3718d5d6d8af2978c25b4900b8d861149,False
WS:XHEL:KEMIRA.HE,9461f926358a045157d400dc547ae32cec43117fc1326fc5032caa269bd8c577,9461f926358a045157d400dc547ae32cec43117fc1326fc5032caa269bd8c577,False
WS:XHEL:KESKOB.HE,d33122fa7824e2c31360b40cbf16d46e40dbcea037c160a88931b2d1ab57b6d0,d33122fa7824e2c31360b40cbf16d46e40dbcea037c160a88931b2d1ab57b6d0,False
WS:XHEL:KNEBV.HE,80fa0986b497e6ff37fdeff29eeffbe223e613a8f5e77bba20e55f88c253a8c9,80fa0986b497e6ff37fdeff29eeffbe223e613a8f5e77bba20e55f88c253a8c9,False
WS:XHEL:MANTA.HE,c1ea8f631f590d686bd1fb8ddc39e906c6d9cb8b214536b83a0de02e6d983a1a,c1ea8f631f590d686bd1fb8ddc39e906c6d9cb8b214536b83a0de02e6d983a1a,False
WS:XHEL:METSO.HE,0c56a36a26524c23f39645f8d4950c4179919938add099a2b730654ef73d2685,0c56a36a26524c23f39645f8d4950c4179919938add099a2b730654ef73d2685,False
WS:XHEL:NDAFI.HE,6e2ffd1d98be16002c01e806b2f137c3f1c4afe6e5fc3620d6ec18f35f2809f5,6e2ffd1d98be16002c01e806b2f137c3f1c4afe6e5fc3620d6ec18f35f2809f5,False
WS:XHEL:NESTE.HE,de0c5ed80ad3085a05fe7b3e61cdd527bc80f310858a64885f2dd72ad993142d,de0c5ed80ad3085a05fe7b3e61cdd527bc80f310858a64885f2dd72ad993142d,False
WS:XHEL:NOKIA.HE,a01ad566517c0cd919aaad3bb0c9ab96b57a27c92702c43948366e6f40f6db6f,a01ad566517c0cd919aaad3bb0c9ab96b57a27c92702c43948366e6f40f6db6f,False
WS:XHEL:ORNBV.HE,56627e5bbfbd226f2f94cb3371288617b54840c89481052a172d8c32c345ce12,56627e5bbfbd226f2f94cb3371288617b54840c89481052a172d8c32c345ce12,False
WS:XHEL:SAMPO.HE,0edd09723279e50a38705ad60a5787390efd7f5cffe94d871047db86d1d58678,0edd09723279e50a38705ad60a5787390efd7f5cffe94d871047db86d1d58678,False
WS:XHEL:STERV.HE,49598c8aa34d90e1324bdde85c0a64793a66b2eab17c450d76419e33f8cd7e8d,49598c8aa34d90e1324bdde85c0a64793a66b2eab17c450d76419e33f8cd7e8d,False
WS:XHEL:UPM.HE,308a7974843e09215e9620eebcca1e0fa0251064ec5d947c0f7922dc0b39788f,308a7974843e09215e9620eebcca1e0fa0251064ec5d947c0f7922dc0b39788f,False
WS:XHEL:VALMT.HE,a6079e57f20599ece7e037c0e7b9f83877bcc128b952cfcd13ee4f90c9f6f254,a6079e57f20599ece7e037c0e7b9f83877bcc128b952cfcd13ee4f90c9f6f254,False
WS:XHEL:WRT1V.HE,c701e526adb3b4a20212ed16f28300a1a94252052d8cb83782a5f6f2fd08c2cb,c701e526adb3b4a20212ed16f28300a1a94252052d8cb83782a5f6f2fd08c2cb,False
WS:XHKG:1,f3fcb3453c5870309a4af6c12f374775491de949799fe673c4e2c9852d217062,f3fcb3453c5870309a4af6c12f374775491de949799fe673c4e2c9852d217062,False
WS:XHKG:101,6c60337840b8c95f570dbae687205628d44c3a880b8772f191d8e29077cbfb98,6c60337840b8c95f570dbae687205628d44c3a880b8772f191d8e29077cbfb98,False
WS:XHKG:1024,f221dc3f4ea9874d66c20f4d7f386ef651ea38a8142a11010a3c5367c77c778c,f221dc3f4ea9874d66c20f4d7f386ef651ea38a8142a11010a3c5367c77c778c,False
WS:XHKG:1038,a30ae78798a5e03a55d265667ab31a2476142ced67a4a1bc0ad73e691f7401e1,a30ae78798a5e03a55d265667ab31a2476142ced67a4a1bc0ad73e691f7401e1,False
WS:XHKG:1044,28eef5cb560d3b9e38c5a50df36be91a12df2f26d2653c2e9cb186561528c917,28eef5cb560d3b9e38c5a50df36be91a12df2f26d2653c2e9cb186561528c917,False
WS:XHKG:1088,67c3c60b63c3f6ec4c0e7c5d16f24766e16f1755a1d24e77034550800e31120b,67c3c60b63c3f6ec4c0e7c5d16f24766e16f1755a1d24e77034550800e31120b,False
WS:XHKG:1093,0ae035cb0eba019fafbd14416cc2874024e4e5cfde5bc24b5feb4767cbd67fd8,0ae035cb0eba019fafbd14416cc2874024e4e5cfde5bc24b5feb4767cbd67fd8,False
WS:XHKG:1099,bf269807fe012494e212abdf202055779c1cf24398f2bc58ce78bf2c73cac217,bf269807fe012494e212abdf202055779c1cf24398f2bc58ce78bf2c73cac217,False
WS:XHKG:1109,22563f308d7c25127e662b3555ac9cb357e8afd9ffd28562dcc5650d35fd8efc,22563f308d7c25127e662b3555ac9cb357e8afd9ffd28562dcc5650d35fd8efc,False
WS:XHKG:1113,17b1a8896994f487a16c25c6d19ff5c6de568b6e959c37c4926d75f21e50924e,17b1a8896994f487a16c25c6d19ff5c6de568b6e959c37c4926d75f21e50924e,False
WS:XHKG:1177,cda2c42367b824ef6d95f87bb761c995ac696caf7ba49d6878b16b5b5de0a508,cda2c42367b824ef6d95f87bb761c995ac696caf7ba49d6878b16b5b5de0a508,False
WS:XHKG:12,1467e285aa66f63951eb9d2254b5488ea970d3df38df79ab0b109008e54e57ac,1467e285aa66f63951eb9d2254b5488ea970d3df38df79ab0b109008e54e57ac,False
WS:XHKG:1209,2d7e24c63ad567eae4e097ac81996d832b4ddfced66d0a9f21d20f2ff39b103d,2d7e24c63ad567eae4e097ac81996d832b4ddfced66d0a9f21d20f2ff39b103d,False
WS:XHKG:1211,c42114259591cc95e42405f546a7284d129a6b6477d0dc600320d6d3c6775275,c42114259591cc95e42405f546a7284d129a6b6477d0dc600320d6d3c6775275,False
WS:XHKG:1299,b600968063ed09d5b588ed450d57b30d70de33e43f73109dcae54c7e53d99879,b600968063ed09d5b588ed450d57b30d70de33e43f73109dcae54c7e53d99879,False
WS:XHKG:1378,8c143fc99c1a2572c451e63b7db7f4553919363696c3fb0e9706e1acd437b0c4,8c143fc99c1a2572c451e63b7db7f4553919363696c3fb0e9706e1acd437b0c4,False
WS:XHKG:1398,d989f10725df559ade44f3abd7f19b7a33aff0ee6d4ebcb82f52cefccc7dc28c,d989f10725df559ade44f3abd7f19b7a33aff0ee6d4ebcb82f52cefccc7dc28c,False
WS:XHKG:1519,8b093437db4459f4b3ea1c38da108fcf2b0276e2a2c70ce67777558847760feb,8b093437db4459f4b3ea1c38da108fcf2b0276e2a2c70ce67777558847760feb,False
WS:XHKG:16,d4faaeb6a692685819723effd71621ea27450b16e362ea4c260be89e91e5be82,d4faaeb6a692685819723effd71621ea27450b16e362ea4c260be89e91e5be82,False
WS:XHKG:175,f28a151d66976bc918a47b689de4399abe6bf8a0dfa4b6650bd6da9ad93f8d2a,f28a151d66976bc918a47b689de4399abe6bf8a0dfa4b6650bd6da9ad93f8d2a,False
WS:XHKG:1801,736bed35aa2a5154223d484f7353e129a73c35cee5cc258d708b5e7bb65c7b4f,736bed35aa2a5154223d484f7353e129a73c35cee5cc258d708b5e7bb65c7b4f,False
WS:XHKG:1810,46014ebd458b3d2072d6d387531f282650cb05c3b62ef6eb5de6fa5aecc3172b,46014ebd458b3d2072d6d387531f282650cb05c3b62ef6eb5de6fa5aecc3172b,False
WS:XHKG:1876,af2bfe162ce4e7501dd3f3383d07172183f7e3e4ae28d2a50c46f906a9e69ccc,af2bfe162ce4e7501dd3f3383d07172183f7e3e4ae28d2a50c46f906a9e69ccc,False
WS:XHKG:1928,e4dfe59e1d54bb26af36744cda2ef93fa963124a325afee531768b0d0b32aa82,e4dfe59e1d54bb26af36744cda2ef93fa963124a325afee531768b0d0b32aa82,False
WS:XHKG:1929,a2ce8b28db3bda6fb91a155a4a25e8c36dbfd1f9c003285b3b24bfa60c2c7863,a2ce8b28db3bda6fb91a155a4a25e8c36dbfd1f9c003285b3b24bfa60c2c7863,False
WS:XHKG:1997,e129e97e1179cf995431c3fbc95644d434ba4bf563d7ddaeb70f0b8b6ce08fe6,e129e97e1179cf995431c3fbc95644d434ba4bf563d7ddaeb70f0b8b6ce08fe6,False
WS:XHKG:2,cdceee89c4d2fb1358cc7e9eb34ed4d82478b7168c1883767c29b56cf28bc6e3,cdceee89c4d2fb1358cc7e9eb34ed4d82478b7168c1883767c29b56cf28bc6e3,False
WS:XHKG:2015,0caa0e74f5547c4804bc23e12b00455a56b21886d0601c5ae7cdbc3988189609,0caa0e74f5547c4804bc23e12b00455a56b21886d0601c5ae7cdbc3988189609,False
WS:XHKG:2020,3e88748ef6d2ef3b3ea636b4012124aa3efddac34e44c894af63c401766fa628,3e88748ef6d2ef3b3ea636b4012124aa3efddac34e44c894af63c401766fa628,False
WS:XHKG:2057,06b9a7867ad87be7504ee0f0c3917c317cec4520ebe92fac60ca3d5cf3ec2ad1,06b9a7867ad87be7504ee0f0c3917c317cec4520ebe92fac60ca3d5cf3ec2ad1,False
WS:XHKG:2269,16fec3e292c1393bfb6ef36fc0cf99f5493da0d278ad47ed65d7b8d040f7e4c8,16fec3e292c1393bfb6ef36fc0cf99f5493da0d278ad47ed65d7b8d040f7e4c8,False
WS:XHKG:2313,b0c50faa0749498ebc28eff1afedbdf2cbf3e1e702f6e8f40bd894f949cfbad7,b0c50faa0749498ebc28eff1afedbdf2cbf3e1e702f6e8f40bd894f949cfbad7,False
WS:XHKG:2318,1c53179b6f6875770a0100d739586d9799c39025bd95d5a8d0bd51d3683fe8f8,1c53179b6f6875770a0100d739586d9799c39025bd95d5a8d0bd51d3683fe8f8,False
WS:XHKG:2319,a91db7a29cf673c1ddf98d4ebc0acafba66a12e6724fb4f26e10590d6053f1d1,a91db7a29cf673c1ddf98d4ebc0acafba66a12e6724fb4f26e10590d6053f1d1,False
WS:XHKG:2331,e5884869f2c9f5d3443328a53d44a053100b1a6f26057de9b1bd107fad07ffa7,e5884869f2c9f5d3443328a53d44a053100b1a6f26057de9b1bd107fad07ffa7,False
WS:XHKG:2359,c3ce34a9aa9b160e0837135bbde1186dc1de5f22ad95d979f83d451e3c3150ca,c3ce34a9aa9b160e0837135bbde1186dc1de5f22ad95d979f83d451e3c3150ca,False
WS:XHKG:2382,9a849d02d1829fc98ee076c45ba291cccb4c1aeeb4ce8ea0a7085f48eb866d69,9a849d02d1829fc98ee076c45ba291cccb4c1aeeb4ce8ea0a7085f48eb866d69,False
WS:XHKG:2388,00fadcb6d36475aabf4854e0a5e75df502ae48a081e7181689a828a8b5417904,00fadcb6d36475aabf4854e0a5e75df502ae48a081e7181689a828a8b5417904,False
WS:XHKG:241,4b3c41ba808ab9eb68dd336a19273a5da71a50147da06c904e683d32686f1398,4b3c41ba808ab9eb68dd336a19273a5da71a50147da06c904e683d32686f1398,False
WS:XHKG:2600,94f39247f4c659a23b31d20b9590c35e02b8587f025c9acd2ec82708c6104c53,94f39247f4c659a23b31d20b9590c35e02b8587f025c9acd2ec82708c6104c53,False
WS:XHKG:2618,063da1da17b36d4072a2835755a0b5a6d6caafeea7f79d62a438d1e9bf3cf829,063da1da17b36d4072a2835755a0b5a6d6caafeea7f79d62a438d1e9bf3cf829,False
WS:XHKG:2628,466ac1c6d66dfb9775d85391cf3d3f434a6225621dbd4152d74232dd9928dab1,466ac1c6d66dfb9775d85391cf3d3f434a6225621dbd4152d74232dd9928dab1,False
WS:XHKG:267,bf3fa927133bd1d64af78cb32b2ba45e247dd1384f361d5ec2926cef41d145c9,bf3fa927133bd1d64af78cb32b2ba45e247dd1384f361d5ec2926cef41d145c9,False
WS:XHKG:2688,c1eece31e42bb12c5b080892aeaca2eff98b7efaa570dee2f53a205adf9bab76,c1eece31e42bb12c5b080892aeaca2eff98b7efaa570dee2f53a205adf9bab76,False
WS:XHKG:27,b5788bf6fc5d15d428b34f098d27084fdac4d1c874b25a8a9c24714f59383bbf,b5788bf6fc5d15d428b34f098d27084fdac4d1c874b25a8a9c24714f59383bbf,False
WS:XHKG:285,490d4388d22bf6da3fe174f0a65437cb197db106f7f182f12c73c7cbe40fbae2,490d4388d22bf6da3fe174f0a65437cb197db106f7f182f12c73c7cbe40fbae2,False
WS:XHKG:288,5d1fe5628564230e5a14a88ab4504ae116a0c76f4e47d19a54776cf386548506,5d1fe5628564230e5a14a88ab4504ae116a0c76f4e47d19a54776cf386548506,False
WS:XHKG:2899,1a7ee26916ba7ef6a0e8e7fbd157fef7415bea0e6fb84f42ad547bb8d30ae714,1a7ee26916ba7ef6a0e8e7fbd157fef7415bea0e6fb84f42ad547bb8d30ae714,False
WS:XHKG:291,65b9c058684953b89001ea8dff139d4a429cdaaf727329dc534b8eed9ef59c30,65b9c058684953b89001ea8dff139d4a429cdaaf727329dc534b8eed9ef59c30,False
WS:XHKG:3,81fba9300cfdef7cee89e788ddf098e156f2938d83bbdd4a5275e6294e24f749,81fba9300cfdef7cee89e788ddf098e156f2938d83bbdd4a5275e6294e24f749,False
WS:XHKG:300,f43fa6676b5b06c5d5c463aa5b2dbae034ae85a37e5ab1fa93e887a4a5f63fd9,f43fa6676b5b06c5d5c463aa5b2dbae034ae85a37e5ab1fa93e887a4a5f63fd9,False
WS:XHKG:316,07a374561724614cc1082f539ed86ed95400346e47d96bca3dbd95e2eaf364a6,07a374561724614cc1082f539ed86ed95400346e47d96bca3dbd95e2eaf364a6,False
WS:XHKG:322,2d60d42e97a34c847ebc78127e0920cfb28fc9df9aa6cc6baf6a4cb712476622,2d60d42e97a34c847ebc78127e0920cfb28fc9df9aa6cc6baf6a4cb712476622,False
WS:XHKG:3690,91740a172e18c9bb5a1d70526f271c2f79c0905c6bc4ecbc1f70471994f98417,91740a172e18c9bb5a1d70526f271c2f79c0905c6bc4ecbc1f70471994f98417,False
WS:XHKG:3692,ea718a59adf3e991959e36fb26bff72cc48d90b5f6806ddd29201d5c8d82d442,ea718a59adf3e991959e36fb26bff72cc48d90b5f6806ddd29201d5c8d82d442,False
WS:XHKG:3750,3ff0f9a0d8cbe3a3c731430ef37d3a48dc9a7b7be9dcc28142aa545bf7de66b8,3ff0f9a0d8cbe3a3c731430ef37d3a48dc9a7b7be9dcc28142aa545bf7de66b8,False
WS:XHKG:386,bb4add58d5e507f5f79cde15f3142b13bd3e5b554a7dd0f2026f9b219ace7233,bb4add58d5e507f5f79cde15f3142b13bd3e5b554a7dd0f2026f9b219ace7233,False
WS:XHKG:388,ed61b2b021f8beab04a93313f1056a5734767347824af2ac34968734560829fd,ed61b2b021f8beab04a93313f1056a5734767347824af2ac34968734560829fd,False
WS:XHKG:3968,a658fa4c00618d5f45dae05920fa2acade6bdc4862635ca337ca9e00c12939af,a658fa4c00618d5f45dae05920fa2acade6bdc4862635ca337ca9e00c12939af,False
WS:XHKG:3988,d1cbd7561fcb8b0014fc343582072dd9ab9e9bf26abee40cf574b29130b5ba6b,d1cbd7561fcb8b0014fc343582072dd9ab9e9bf26abee40cf574b29130b5ba6b,False
WS:XHKG:3993,dc91cc75adc5a10a153c7d876eceec2f7cd185af5e06eec07b52cbbe2122e400,dc91cc75adc5a10a153c7d876eceec2f7cd185af5e06eec07b52cbbe2122e400,False
WS:XHKG:5,87dd0f3511254225deea1fc5dd146140e5c9b2fb90eab55d77b0b445923428eb,87dd0f3511254225deea1fc5dd146140e5c9b2fb90eab55d77b0b445923428eb,False
WS:XHKG:6,d2ee8fc3d4e36adc4936eb69dc28e7100da6f69a2823b4a10a919c5df6adb70c,d2ee8fc3d4e36adc4936eb69dc28e7100da6f69a2823b4a10a919c5df6adb70c,False
WS:XHKG:6160,33293c43fc5ed391bddeff9b2e2e847367b02d5c56916595344b1d64867fb2ef,33293c43fc5ed391bddeff9b2e2e847367b02d5c56916595344b1d64867fb2ef,False
WS:XHKG:6181,9abaeb3a3668d518ae1426017e916561a185127914d06dce3c3f66aaae915a9f,9abaeb3a3668d518ae1426017e916561a185127914d06dce3c3f66aaae915a9f,False
WS:XHKG:66,cf2ab84ee63d0f1d3af5ce30f2d9d00cf7216420a977687446a063eb6247f14e,cf2ab84ee63d0f1d3af5ce30f2d9d00cf7216420a977687446a063eb6247f14e,False
WS:XHKG:6618,0393b385c9074344762db0c3ae7a4e49a64bb2640eab527a102d1205d117bb3d,0393b385c9074344762db0c3ae7a4e49a64bb2640eab527a102d1205d117bb3d,False
WS:XHKG:669,049f2b1ef74a1420e43e473c73f0ffe0e32e41ffc8b54442c08422e6a3bcba29,049f2b1ef74a1420e43e473c73f0ffe0e32e41ffc8b54442c08422e6a3bcba29,False
WS:XHKG:6690,8f743b622ae87cc0ca54e6aadc56f7afe3ece0437edac31ee96291c517a5fcc9,8f743b622ae87cc0ca54e6aadc56f7afe3ece0437edac31ee96291c517a5fcc9,False
WS:XHKG:6862,a062da8ccaac8ecd303ef12355d240315e6908b3b81d41ba28fe2f6a9cc24ee3,a062da8ccaac8ecd303ef12355d240315e6908b3b81d41ba28fe2f6a9cc24ee3,False
WS:XHKG:688,530ed254b5cb9777fa59556840b68226c66a45f86d38409cb38d06e93687f23c,530ed254b5cb9777fa59556840b68226c66a45f86d38409cb38d06e93687f23c,False
WS:XHKG:700,2579ac3bee7c3c50b51a0667acbee7d88dd715611bb52a9b3406b1ef5cb5c073,2579ac3bee7c3c50b51a0667acbee7d88dd715611bb52a9b3406b1ef5cb5c073,False
WS:XHKG:728,7fd3df62c8228ee0b82c59a9ca183394d05cdee7d307a2964ccbb440bee69fe3,7fd3df62c8228ee0b82c59a9ca183394d05cdee7d307a2964ccbb440bee69fe3,False
WS:XHKG:762,ffa0567d244144b1ae1d3be2a3c43336bfe43bed18fe07923749796b4fd55059,ffa0567d244144b1ae1d3be2a3c43336bfe43bed18fe07923749796b4fd55059,False
WS:XHKG:823,86e8abd737649db56e2de497855bc6ecc7e35da6d61478cd1a2f29245d2cf4ed,86e8abd737649db56e2de497855bc6ecc7e35da6d61478cd1a2f29245d2cf4ed,False
WS:XHKG:836,bd62bf3e444dd4103d97790b78da542b40b502a7edd1036d3699fb15455d03b4,bd62bf3e444dd4103d97790b78da542b40b502a7edd1036d3699fb15455d03b4,False
WS:XHKG:857,00aff8999d53462fd9c7a6c0dce020affaf0d570566fb354866f517e10e8185e,00aff8999d53462fd9c7a6c0dce020affaf0d570566fb354866f517e10e8185e,False
WS:XHKG:868,5df1a3621419fbfd12728371f44c41cc957d39805bf21178115f86e20c5d9ad9,5df1a3621419fbfd12728371f44c41cc957d39805bf21178115f86e20c5d9ad9,False
WS:XHKG:883,098e06c22103031128f864b98bef2eb7b2466e4640e7ee8d38befcd615cc950c,098e06c22103031128f864b98bef2eb7b2466e4640e7ee8d38befcd615cc950c,False
WS:XHKG:939,3c906d0e4960bbfda95109b4be546665f536e7ffef77ddebe9d6114c1748b6bd,3c906d0e4960bbfda95109b4be546665f536e7ffef77ddebe9d6114c1748b6bd,False
WS:XHKG:941,56e62f9489b19e8676cd2f76ee08d8159264a6d7e1e0589f6fb469a7aaa8bc82,56e62f9489b19e8676cd2f76ee08d8159264a6d7e1e0589f6fb469a7aaa8bc82,False
WS:XHKG:960,3b48e405e1acaa6c2f913f5a4ed30be277cadf45da90cb29e8c6026c80b01d72,3b48e405e1acaa6c2f913f5a4ed30be277cadf45da90cb29e8c6026c80b01d72,False
WS:XHKG:9618,a7e4e0c23a35202d97bf9744d10be606ee08a7199d116fd0ea8c28ae95a0dbe9,a7e4e0c23a35202d97bf9744d10be606ee08a7199d116fd0ea8c28ae95a0dbe9,False
WS:XHKG:9633,03fde90d5a89b1cb9387fd1d9cb9a7231b862f3636511c0949ea0e72bf266eb5,03fde90d5a89b1cb9387fd1d9cb9a7231b862f3636511c0949ea0e72bf266eb5,False
WS:XHKG:968,86c87418e59e12300d95083fb4a28f4849bf1873820904ebd5bcf551c5b8fbba,86c87418e59e12300d95083fb4a28f4849bf1873820904ebd5bcf551c5b8fbba,False
WS:XHKG:981,d5660e5362ca24c870703623a97e9e79d24d7e445a3ad2879908b032a62f0da9,d5660e5362ca24c870703623a97e9e79d24d7e445a3ad2879908b032a62f0da9,False
WS:XHKG:9888,904a13b900a4f58486373e672340ea7c830cf17b58a1024be557054727a1285a,904a13b900a4f58486373e672340ea7c830cf17b58a1024be557054727a1285a,False
WS:XHKG:9901,d404a8b4c48e3ae351e8234563239173cec05e38648253e99ccb026d87527dc2,d404a8b4c48e3ae351e8234563239173cec05e38648253e99ccb026d87527dc2,False
WS:XHKG:992,51946bea49ec8b5b8dd890af99450b8a121e0c84b55d569fe561e1c1d356f143,51946bea49ec8b5b8dd890af99450b8a121e0c84b55d569fe561e1c1d356f143,False
WS:XHKG:9961,22144e7935f44a0cfa50914dd8f9d1e5e7e2d30a79da8210f79b3f35a1079ecb,22144e7935f44a0cfa50914dd8f9d1e5e7e2d30a79da8210f79b3f35a1079ecb,False
WS:XHKG:9988,bc20f2b8d7990fab8d08abe1fda84136352634811f529b9db737dca30dae9c46,bc20f2b8d7990fab8d08abe1fda84136352634811f529b9db737dca30dae9c46,False
WS:XHKG:9992,d0dd4697832cf1d3727137aebee5cf55b398bacf778c170bbd69681295f2e659,d0dd4697832cf1d3727137aebee5cf55b398bacf778c170bbd69681295f2e659,False
WS:XHKG:9999,96b5819414e9d40d8e71f67f8ea0804dff9f33d8cd290c79025a539ad2d8247c,96b5819414e9d40d8e71f67f8ea0804dff9f33d8cd290c79025a539ad2d8247c,False
WS:XLIS:BCP.LS,60d6cdd6ee1dfabcfa13abfdec6057ad7fdebbc1de7f6bd3585184d96e85825a,60d6cdd6ee1dfabcfa13abfdec6057ad7fdebbc1de7f6bd3585184d96e85825a,False
WS:XLIS:EDP.LS,8319b5e7540e72de98bc7ada9de62c6c858eed041e763e8359f3201118d12d0f,8319b5e7540e72de98bc7ada9de62c6c858eed041e763e8359f3201118d12d0f,False
WS:XLIS:EDPR.LS,98b4685f1658a4e1b0ea25d9a25a9c493f39a35f7095c3f588b80074d3f6cf57,98b4685f1658a4e1b0ea25d9a25a9c493f39a35f7095c3f588b80074d3f6cf57,False
WS:XLIS:GALP.LS,d4e385d82297d9adf122c862f188caf557bdc887358b5f7627bf0a4f31d819ca,d4e385d82297d9adf122c862f188caf557bdc887358b5f7627bf0a4f31d819ca,False
WS:XLIS:JMT.LS,24ecf70f2d94f73f7606d7e405ffd56c0f1981b3d4a79ec19c96170bcf7901f6,24ecf70f2d94f73f7606d7e405ffd56c0f1981b3d4a79ec19c96170bcf7901f6,False
WS:XLON:AAF.L,d71310b8e603a460726666300c07188f7a2c920f13801293a1e1739ac992ae38,d71310b8e603a460726666300c07188f7a2c920f13801293a1e1739ac992ae38,False
WS:XLON:AAL.L,e7f2f2bd6e2340303249c077531efbadb773152d3954ed6e5fbb46909d642caf,e7f2f2bd6e2340303249c077531efbadb773152d3954ed6e5fbb46909d642caf,False
WS:XLON:ABDN.L,636304e736c9fe1e1c254b3fbe02ce199b19099d3c22e6d5dbd2d326d9051612,636304e736c9fe1e1c254b3fbe02ce199b19099d3c22e6d5dbd2d326d9051612,False
WS:XLON:ABF.L,d0ad3b8bcd3e803ad56af3f81fb629901b9867bf4973dd02bddb8b4046bd4923,d0ad3b8bcd3e803ad56af3f81fb629901b9867bf4973dd02bddb8b4046bd4923,False
WS:XLON:ADML.L,12e72e0d318ce0d25dcaf037c75aa6d876134f5d1f1ba6c7e77e531f8d66726f,12e72e0d318ce0d25dcaf037c75aa6d876134f5d1f1ba6c7e77e531f8d66726f,False
WS:XLON:ANTO.L,e5e69f3543e16b18ba1fbcb19386c9a4212f5c952c7697079f2ea09f1aa93bee,e5e69f3543e16b18ba1fbcb19386c9a4212f5c952c7697079f2ea09f1aa93bee,False
WS:XLON:AUTOA.L,0bffa3c4aaee220573e22d92431ffa245b0bb1cc1c0c6cbbda8ac4a94da10a39,0bffa3c4aaee220573e22d92431ffa245b0bb1cc1c0c6cbbda8ac4a94da10a39,False
WS:XLON:AV.L,19675fcb7c981fb3c63ed3257fadffff0c3c58131fbeef57519f7634f1d50d04,19675fcb7c981fb3c63ed3257fadffff0c3c58131fbeef57519f7634f1d50d04,False
WS:XLON:AZN.L,9e465176c2453a7a2283aabcbb34e5b0f64c0575833f3975d808e8ec79da099f,9e465176c2453a7a2283aabcbb34e5b0f64c0575833f3975d808e8ec79da099f,False
WS:XLON:BAB.L,94f9d2e40f52ccaf8e7db6c584b1a6f6cf82fd9f60bb3aa10169811e30c2712d,94f9d2e40f52ccaf8e7db6c584b1a6f6cf82fd9f60bb3aa10169811e30c2712d,False
WS:XLON:BAES.L,0ab8d3609a628959bf49eb1749e9a9f79f25db391d85412a7721e333e0e8bd5d,0ab8d3609a628959bf49eb1749e9a9f79f25db391d85412a7721e333e0e8bd5d,False
WS:XLON:BALF.L,491bee4bbe953c6d0361ef789de16ec413b91730a3fcb903cf824d4dee58c6a2,491bee4bbe953c6d0361ef789de16ec413b91730a3fcb903cf824d4dee58c6a2,False
WS:XLON:BARC.L,e035982a062ec96a186e411f8d526304c425e51187e1c362428a62d978ec3f1a,e035982a062ec96a186e411f8d526304c425e51187e1c362428a62d978ec3f1a,False
WS:XLON:BATS.L,75993c44a47f6b86c6785c927b911c215c58666e34bbf16325fa302514b2df2f,75993c44a47f6b86c6785c927b911c215c58666e34bbf16325fa302514b2df2f,False
WS:XLON:BBOXT.L,64b4a95088de89befc0ba995c7e5daafdd6b57fea6253a96c959c70f25069dbe,64b4a95088de89befc0ba995c7e5daafdd6b57fea6253a96c959c70f25069dbe,False
WS:XLON:BEZG.L,60554c4db00511b776db2e4c052a3387cca84bbfcc4819d48021f4f1a51d355b,60554c4db00511b776db2e4c052a3387cca84bbfcc4819d48021f4f1a51d355b,False
WS:XLON:BGEO.L,af5b6f1e1e9efecec753d409ed2fbf46aa0ea9c200f379c9eb105e3eada6df1b,af5b6f1e1e9efecec753d409ed2fbf46aa0ea9c200f379c9eb105e3eada6df1b,False
WS:XLON:BKGH.L,4f2c72779aae815396e5a7d7052ad4037176ab897d0ed40fb46d9e4c2b92a5c2,4f2c72779aae815396e5a7d7052ad4037176ab897d0ed40fb46d9e4c2b92a5c2,False
WS:XLON:BLND.L,646074fdc9f53c7c28992cc7528e18c9e50d57dea9eb08de961bb54d0c7e47f8,646074fdc9f53c7c28992cc7528e18c9e50d57dea9eb08de961bb54d0c7e47f8,False
WS:XLON:BNZL.L,64e1f91139fb65062ce2ed84d25596ef4d8d7551418b1444659954399e5199b0,64e1f91139fb65062ce2ed84d25596ef4d8d7551418b1444659954399e5199b0,False
WS:XLON:BP.L,7464dea929b757d5a8ea7796ab33e8c1eefaf9f70612fac8c7ad71d6eb24f4e5,7464dea929b757d5a8ea7796ab33e8c1eefaf9f70612fac8c7ad71d6eb24f4e5,False
WS:XLON:BPTB.L,c403c96dacdae7d0354a5a5554c1905495da9e4f688e74ee48217527566435d1,c403c96dacdae7d0354a5a5554c1905495da9e4f688e74ee48217527566435d1,False
WS:XLON:BRBY.L,f707ba5a075ef2369f0607bbcd25d474a74d31701b87e0ae645d7d2645d38480,f707ba5a075ef2369f0607bbcd25d474a74d31701b87e0ae645d7d2645d38480,False
WS:XLON:BT.L,ef31a66fe1a43a313db3e7d25ed5aa483e573e090b632fa36410e74f1869992b,ef31a66fe1a43a313db3e7d25ed5aa483e573e090b632fa36410e74f1869992b,False
WS:XLON:BTRW.L,5af491742ec9827ca8211a53a10086a9b88230de8b9c3b839aa1eefdb90a78ef,5af491742ec9827ca8211a53a10086a9b88230de8b9c3b839aa1eefdb90a78ef,False
WS:XLON:BWY.L,ffc9d5497f5538f34f6659c13c4f3759d0e5b4698a48c87f2f1faa92e13c7afa,ffc9d5497f5538f34f6659c13c4f3759d0e5b4698a48c87f2f1faa92e13c7afa,False
WS:XLON:CCC.L,513c39526baa797606fa2e6fdc2f267658314bda14e5b5fb0bf44c0cde8d0db0,513c39526baa797606fa2e6fdc2f267658314bda14e5b5fb0bf44c0cde8d0db0,False
WS:XLON:CCH.L,3c3b703946ccd0bef9e99b850997fa89f10b402003c2f47363e94cccaec910b8,3c3b703946ccd0bef9e99b850997fa89f10b402003c2f47363e94cccaec910b8,False
WS:XLON:CNA.L,78439a5f48bc14b279e78c324bfd220e314694968d7c35e34301c4b3c46a368d,78439a5f48bc14b279e78c324bfd220e314694968d7c35e34301c4b3c46a368d,False
WS:XLON:CPG.L,75c42ce1e6dea2cc38cf45c40f01afe7a3540a1b84e4a400afca7396b99a6130,75c42ce1e6dea2cc38cf45c40f01afe7a3540a1b84e4a400afca7396b99a6130,False
WS:XLON:CRDA.L,49b0e62512c600989747255021e8ecaac5c5ff2a2bd2f8a74e68991a20a5d205,49b0e62512c600989747255021e8ecaac5c5ff2a2bd2f8a74e68991a20a5d205,False
WS:XLON:CTEC.L,d7074a98f921a34fc31533f8e47966fb40b3ea1d138cced940e4d09ff6e3cb42,d7074a98f921a34fc31533f8e47966fb40b3ea1d138cced940e4d09ff6e3cb42,False
WS:XLON:CWK.L,f331c22784257c8427f16603e1c13ab2d435931751f91fa38594d46b007d7c35,f331c22784257c8427f16603e1c13ab2d435931751f91fa38594d46b007d7c35,False
WS:XLON:DCC.L,f646e718d18357c6c443800a7e59bf8308765406480b38d7547d4a93768d7d6c,f646e718d18357c6c443800a7e59bf8308765406480b38d7547d4a93768d7d6c,False
WS:XLON:DGE.L,645576ad5f2b44bf24dd58eaa4de6a3680dcb29f9627a4eede5c1537b230257e,645576ad5f2b44bf24dd58eaa4de6a3680dcb29f9627a4eede5c1537b230257e,False
WS:XLON:DLN.L,98ae628c0d8f7aaf600da1cae735192e8a8624e10b19a938c309ae28322b4a40,98ae628c0d8f7aaf600da1cae735192e8a8624e10b19a938c309ae28322b4a40,False
WS:XLON:DPLM.L,920104b3303bb40a9b4a37d155b70f0c75f8f692f8778f1c2eedfb3862f2dcc8,920104b3303bb40a9b4a37d155b70f0c75f8f692f8778f1c2eedfb3862f2dcc8,False
WS:XLON:DRX.L,4d70e17dbe4b74a80d6bdebbba4e11a46bfe74d0a299e866f15bebb22bc2cac8,4d70e17dbe4b74a80d6bdebbba4e11a46bfe74d0a299e866f15bebb22bc2cac8,False
WS:XLON:EMG.L,fae046f194ae959184fd813f4b9939c309fd1b3f0da6f89dcff6026bd08ee20a,fae046f194ae959184fd813f4b9939c309fd1b3f0da6f89dcff6026bd08ee20a,False
WS:XLON:ENT.L,acfb662e95531b0f115d7142c9ebef8f8087b8ab42ac5eef12833077de386aef,acfb662e95531b0f115d7142c9ebef8f8087b8ab42ac5eef12833077de386aef,False
WS:XLON:EXPN.L,579ba8bf5c67d61d6512cf1645584356d8f7f7f18e356e9fcb19db270e5e9acb,579ba8bf5c67d61d6512cf1645584356d8f7f7f18e356e9fcb19db270e5e9acb,False
WS:XLON:FRES.L,6151a86a41520826f3f4aaca75956b3283f757a37d6761cc3c3264895561394d,6151a86a41520826f3f4aaca75956b3283f757a37d6761cc3c3264895561394d,False
WS:XLON:GAW.L,1a89744e0cd55f389d9b4a6e38784275819f4920343474e4f15148cbf40d0ec1,1a89744e0cd55f389d9b4a6e38784275819f4920343474e4f15148cbf40d0ec1,False
WS:XLON:GLEN.L,da5fcd7200cc18bef360b52c2dd7125d89db7f9e58ad109c76d23a2b78ff44b9,da5fcd7200cc18bef360b52c2dd7125d89db7f9e58ad109c76d23a2b78ff44b9,False
WS:XLON:GSK.L,9da6b15b8e7512f0284fb049a4418f2a2cbdc1c9806937d51f3482c3bc49e67d,9da6b15b8e7512f0284fb049a4418f2a2cbdc1c9806937d51f3482c3bc49e67d,False
WS:XLON:HIK.L,9c925bbbad3192836d2a8fb51e813c705b44446af0c1dbba1480628d6d44589e,9c925bbbad3192836d2a8fb51e813c705b44446af0c1dbba1480628d6d44589e,False
WS:XLON:HLMA.L,a2eaf7f1773877d40c281971242fa58826f1cf081a41746a65de6ec2bce0d747,a2eaf7f1773877d40c281971242fa58826f1cf081a41746a65de6ec2bce0d747,False
WS:XLON:HLN.L,88d69ae6dee7f3218b670bd2f2f0b81272e8e5a322192e05c735d11c4b1dc3a3,88d69ae6dee7f3218b670bd2f2f0b81272e8e5a322192e05c735d11c4b1dc3a3,False
WS:XLON:HOCM.L,b40abb34869f1375958d63b452b0919ecd49f49a87b6c385f30245e77f9b5df3,b40abb34869f1375958d63b452b0919ecd49f49a87b6c385f30245e77f9b5df3,False
WS:XLON:HSBA.L,03d8efa3c6824bd2086bfa6b605ac9e840d4f8a5b9d6232f643b9d7e665f40b1,03d8efa3c6824bd2086bfa6b605ac9e840d4f8a5b9d6232f643b9d7e665f40b1,False
WS:XLON:HSX.L,a381064f4a85d677543164fcf85b2d824a38ac9ed642b2047718e6b84303095f,a381064f4a85d677543164fcf85b2d824a38ac9ed642b2047718e6b84303095f,False
WS:XLON:HWDN.L,db9a2aa0701ff910a758438f8d6b90bcd31ab6db1d63a83232e26c860bfb64dd,db9a2aa0701ff910a758438f8d6b90bcd31ab6db1d63a83232e26c860bfb64dd,False
WS:XLON:ICAG.L,aa6daf4e95035c88425d6fe017f8757925a3ca8124081e19e6b456548783c8de,aa6daf4e95035c88425d6fe017f8757925a3ca8124081e19e6b456548783c8de,False
WS:XLON:ICGIN.L,cfd3da5376c768b05dc8ee77e48b0f515a5b67cdd3ca603c31f504c827d5a091,cfd3da5376c768b05dc8ee77e48b0f515a5b67cdd3ca603c31f504c827d5a091,False
WS:XLON:IGG.L,5d713c677c2eba65d0e22f6fa773c07a775a33399b22956e858f7105e1e1695c,5d713c677c2eba65d0e22f6fa773c07a775a33399b22956e858f7105e1e1695c,False
WS:XLON:IHG.L,a8dbf105058d72918920bb6ec51ea45cd48a68d5734b1146cb8f314b2bb9229f,a8dbf105058d72918920bb6ec51ea45cd48a68d5734b1146cb8f314b2bb9229f,False
WS:XLON:III.L,6c34a24f994ec5024d7ffcbe63749644fca1c95bde41d3918a3de3c640bd2c7d,6c34a24f994ec5024d7ffcbe63749644fca1c95bde41d3918a3de3c640bd2c7d,False
WS:XLON:IMB.L,1791eb5893de6a92f4b6507c2da5a963527f050a5305a506c647e9d40095042c,1791eb5893de6a92f4b6507c2da5a963527f050a5305a506c647e9d40095042c,False
WS:XLON:IMI.L,2ec277d7317fdacf64c0570f9387c30878cd188e353ccf155ba442ad1e088407,2ec277d7317fdacf64c0570f9387c30878cd188e353ccf155ba442ad1e088407,False
WS:XLON:INCH.L,359829cabea0cc2d12a138db4dc452f3d27a6a27b15cf5db9faf52b5f630084a,359829cabea0cc2d12a138db4dc452f3d27a6a27b15cf5db9faf52b5f630084a,False
WS:XLON:INF.L,10befb32a9983e0f278d23b3bb5562c48bcede7dc8c1a86805b2a4cd3d3bbcf1,10befb32a9983e0f278d23b3bb5562c48bcede7dc8c1a86805b2a4cd3d3bbcf1,False
WS:XLON:INVP.L,c0c8248eb6fc10a3ff7f87a4635526bb2611e06593dafa5c384dbbde5f621278,c0c8248eb6fc10a3ff7f87a4635526bb2611e06593dafa5c384dbbde5f621278,False
WS:XLON:ITRK.L,51d43bb97f913b307fa357b5ae0684548d0282df5d3ecc2a62463a2aebeba94e,51d43bb97f913b307fa357b5ae0684548d0282df5d3ecc2a62463a2aebeba94e,False
WS:XLON:ITV.L,249a7bd4099abf3828843ca5dd8238e47ff37530a0d509490ee9b39f0317b924,249a7bd4099abf3828843ca5dd8238e47ff37530a0d509490ee9b39f0317b924,False
WS:XLON:JD.L,1dd6875a15763c93c547511dd5af498f1803611cfdcfe50da584cc75a1f198eb,1dd6875a15763c93c547511dd5af498f1803611cfdcfe50da584cc75a1f198eb,False
WS:XLON:JMAT.L,dc34f010bc28c8c3c24fdb7d4309071de5517dadbd4746995753f98942a70e9e,dc34f010bc28c8c3c24fdb7d4309071de5517dadbd4746995753f98942a70e9e,False
WS:XLON:KGF.L,21919a1c9ca28d1cbd63b2189984807a02c1dfb66901f71a69cf2f3f3662b970,21919a1c9ca28d1cbd63b2189984807a02c1dfb66901f71a69cf2f3f3662b970,False
WS:XLON:LAND.L,4f1cb8c7cf5fa593b4db84f20637aa5a3e2aa95bb420992d043bee30273b78df,4f1cb8c7cf5fa593b4db84f20637aa5a3e2aa95bb420992d043bee30273b78df,False
WS:XLON:LGEN.L,f081b607d1dc31ea6c13976a517acf29d6642a5217d2bf2eb5f66339184adb9d,f081b607d1dc31ea6c13976a517acf29d6642a5217d2bf2eb5f66339184adb9d,False
WS:XLON:LLOY.L,2bfee0a975ddb14de03bd777858fa76bdd162536c16dd1d74bad3e8395c562f8,2bfee0a975ddb14de03bd777858fa76bdd162536c16dd1d74bad3e8395c562f8,False
WS:XLON:LMPL.L,89fe830702a040493694a3393d65f16d15b5536e694b87363cd327644fbefba0,89fe830702a040493694a3393d65f16d15b5536e694b87363cd327644fbefba0,False
WS:XLON:LSEG.L,365c5ad951009ddaf3e1e9dcc2aa83e72bce3ef4cf558cb752ac7c00fe7d5107,365c5ad951009ddaf3e1e9dcc2aa83e72bce3ef4cf558cb752ac7c00fe7d5107,False
WS:XLON:MKS.L,3fe304731b07f83789ac9157f8878abcdf70ab04b61c19350f4ea6a52441017f,3fe304731b07f83789ac9157f8878abcdf70ab04b61c19350f4ea6a52441017f,False
WS:XLON:MNDI.L,854ad367f8e1e27152859f28da86ba5f0e8a2b0722cb41fa68790d120ab19a38,854ad367f8e1e27152859f28da86ba5f0e8a2b0722cb41fa68790d120ab19a38,False
WS:XLON:MNG.L,36b938d39884fcd069bbe75fef281e36ba73e7b6a7283c891135d1aed0fcf1a8,36b938d39884fcd069bbe75fef281e36ba73e7b6a7283c891135d1aed0fcf1a8,False
WS:XLON:MRON.L,4dad4c9e29e0fcb268f4c823fd88ba7641eeea59dddfe2eda1cdf51d93d5a353,4dad4c9e29e0fcb268f4c823fd88ba7641eeea59dddfe2eda1cdf51d93d5a353,False
WS:XLON:MTO.L,ea4ef5e4073b5c31b2d286170cce0e1550fcef9988fdc600e2015243e37d50e6,ea4ef5e4073b5c31b2d286170cce0e1550fcef9988fdc600e2015243e37d50e6,False
WS:XLON:NG.L,c2438ca033ce81999969860c1ac00b73ec3565df5b930b2e62ff40b861201b84,c2438ca033ce81999969860c1ac00b73ec3565df5b930b2e62ff40b861201b84,False
WS:XLON:NWG.L,155d5e5fc9af88bf707ccaf7377713dd71e43f8569dac0eade2d4ba8125c0db3,155d5e5fc9af88bf707ccaf7377713dd71e43f8569dac0eade2d4ba8125c0db3,False
WS:XLON:NXT.L,743fd4c2185811b19257c9469a693a063e46d62d76e80d86212995ac1709367a,743fd4c2185811b19257c9469a693a063e46d62d76e80d86212995ac1709367a,False
WS:XLON:PAFR.L,36492ec24993ff231c92a440bdddfd45ab064ae32cf9af40fb1a7ab4e53d2a82,36492ec24993ff231c92a440bdddfd45ab064ae32cf9af40fb1a7ab4e53d2a82,False
WS:XLON:PHP.L,b91eeb9c34dcab8e6df131e6c1226d7ae4895f8fac4725d0620e6f4b9dc7e2eb,b91eeb9c34dcab8e6df131e6c1226d7ae4895f8fac4725d0620e6f4b9dc7e2eb,False
WS:XLON:PLUSP.L,06ab3137d6f08c145e7c6d35aa65dbd72ce91e98c5b4a59067bf22cd1adb719c,06ab3137d6f08c145e7c6d35aa65dbd72ce91e98c5b4a59067bf22cd1adb719c,False
WS:XLON:PNN.L,c57dab8c673591e492774dfb4d79be649e95264100a6fa3c6068f53443bee44b,c57dab8c673591e492774dfb4d79be649e95264100a6fa3c6068f53443bee44b,False
WS:XLON:PRU.L,4c69e09839ed50251c1b1e4a08681861f68c7ca3e09f54b066182aa0e9a3e2fc,4c69e09839ed50251c1b1e4a08681861f68c7ca3e09f54b066182aa0e9a3e2fc,False
WS:XLON:PSN.L,d801067a5d033cbf2622594c2eb8fe2d32d8c7cb78a3159442efe03160ef3f91,d801067a5d033cbf2622594c2eb8fe2d32d8c7cb78a3159442efe03160ef3f91,False
WS:XLON:PSON.L,783dc7a7f1f8f43ab8f725318baff3f42a52b954200e3f1096ac7f0ac347eb56,783dc7a7f1f8f43ab8f725318baff3f42a52b954200e3f1096ac7f0ac347eb56,False
WS:XLON:QLT.L,01b837eaa3f8feb48d5e1511317c82d2d841d429ee2b2678aac70d571e60346e,01b837eaa3f8feb48d5e1511317c82d2d841d429ee2b2678aac70d571e60346e,False
WS:XLON:QQ.L,607b138ff683579e4d5c767fd6341ca7fdfafaca8a1b2e45ff0c26f84fdce83b,607b138ff683579e4d5c767fd6341ca7fdfafaca8a1b2e45ff0c26f84fdce83b,False
WS:XLON:REL.L,0d020325855389e4534e6c924c8286c788b1a72045ed21034b87bd69c774bc3f,0d020325855389e4534e6c924c8286c788b1a72045ed21034b87bd69c774bc3f,False
WS:XLON:RIO.L,c5e9597ad27a50a7112e1f27f65df5f322a4c9ef7661cc328dfd107fc1c933c1,c5e9597ad27a50a7112e1f27f65df5f322a4c9ef7661cc328dfd107fc1c933c1,False
WS:XLON:RKT.L,e5ec24b926d18c5cffef1e7e7b65f72b90e5d4c546d20c6e2a2a9261b066ecb6,e5ec24b926d18c5cffef1e7e7b65f72b90e5d4c546d20c6e2a2a9261b066ecb6,False
WS:XLON:RMV.L,e19c7e486abe04e42ecef7bc10150f898e9036435cdc7dad48d766e244250857,e19c7e486abe04e42ecef7bc10150f898e9036435cdc7dad48d766e244250857,False
WS:XLON:ROR.L,fccb701339e9b351950ba8b1cdabc4e6890c2ca4484a74271df4058a6b65e70a,fccb701339e9b351950ba8b1cdabc4e6890c2ca4484a74271df4058a6b65e70a,False
WS:XLON:RR.L,58133d79634341b643529b0fdcc15b09a1d9f1f7c94e6a8f926be438b8ad0b4e,58133d79634341b643529b0fdcc15b09a1d9f1f7c94e6a8f926be438b8ad0b4e,False
WS:XLON:RS1R.L,20ef1ef3ad4ae911cf68c1e3028bd6864edc8b2f4ba6f490f19eca229c78de2d,20ef1ef3ad4ae911cf68c1e3028bd6864edc8b2f4ba6f490f19eca229c78de2d,False
WS:XLON:RTO.L,16bba69fbb8b2c5b32830aa44b351747ac01bd6ec11157c4657ec3b06ee2d9cc,16bba69fbb8b2c5b32830aa44b351747ac01bd6ec11157c4657ec3b06ee2d9cc,False
WS:XLON:SBRY.L,da23536e3ce9c52cb2afe4e39c221779e3ac4f191479561fb793737a24cfb755,da23536e3ce9c52cb2afe4e39c221779e3ac4f191479561fb793737a24cfb755,False
WS:XLON:SDLF.L,0a5388cfc49e7d127912a339ff90a166c973226558df0c2b28238f092835b49c,0a5388cfc49e7d127912a339ff90a166c973226558df0c2b28238f092835b49c,False
WS:XLON:SDR.L,0b50d4bacd99fcf045057dedbe19d2a82f1c1bf51d0a7763d111ada26967c2d6,0b50d4bacd99fcf045057dedbe19d2a82f1c1bf51d0a7763d111ada26967c2d6,False
WS:XLON:SGE.L,ee9dbcdb1279549f148d50b66ac670dc3f7033f7e8597f2fd68dd18c159035a6,ee9dbcdb1279549f148d50b66ac670dc3f7033f7e8597f2fd68dd18c159035a6,False
WS:XLON:SGRO.L,f8630f8ae6cbb581391afb21272f9321c385680fbe0c05bfa8b416b4eadec53d,f8630f8ae6cbb581391afb21272f9321c385680fbe0c05bfa8b416b4eadec53d,False
WS:XLON:SHCS.L,964c590cce2195b27b5ede069aac3d1c3c534292e7614e781f3a1cd8ba59a189,964c590cce2195b27b5ede069aac3d1c3c534292e7614e781f3a1cd8ba59a189,False
WS:XLON:SJP.L,0a4d5818934c664f53735cdd27da81c825dfde3e5ca9d30b20419430d360ad26,0a4d5818934c664f53735cdd27da81c825dfde3e5ca9d30b20419430d360ad26,False
WS:XLON:SMIN.L,d800a62fa7e0a06579aacbdee17784a3f730b71296a6cb86094470e31cb0a290,d800a62fa7e0a06579aacbdee17784a3f730b71296a6cb86094470e31cb0a290,False
WS:XLON:SN.L,290208e9efe0d4c2284887649d8a1c6b3f544573c0c00f9960ca40a3561e79ac,290208e9efe0d4c2284887649d8a1c6b3f544573c0c00f9960ca40a3561e79ac,False
WS:XLON:SPX.L,18815d318b4f4d28a9449f1590ecc354d787ae57a32fcfef6b9bf5a3efc1fb8a,18815d318b4f4d28a9449f1590ecc354d787ae57a32fcfef6b9bf5a3efc1fb8a,False
WS:XLON:SRP.L,a2143422006ac8769e5f00671e256b144a1620c34243131a907e56348c59457c,a2143422006ac8769e5f00671e256b144a1620c34243131a907e56348c59457c,False
WS:XLON:SSE.L,3799896d1dde1c1098beeae41065dbbc2a38db0bd6d5291b05d4fcb6105bd92c,3799896d1dde1c1098beeae41065dbbc2a38db0bd6d5291b05d4fcb6105bd92c,False
WS:XLON:STAN.L,df0e962594dbee31ba299f5a4882d429647cde7320452c74e27bc2b1e505c85c,df0e962594dbee31ba299f5a4882d429647cde7320452c74e27bc2b1e505c85c,False
WS:XLON:SVT.L,ed5f961b1dd91e84f1a735c6c2d583a94544f2dd598bd66b3a4b17fd2d73a56d,ed5f961b1dd91e84f1a735c6c2d583a94544f2dd598bd66b3a4b17fd2d73a56d,False
WS:XLON:TBCG.L,9a9e62970bb8d3489bce384579871fdca965da4706b9bbd1364829deeae842b3,9a9e62970bb8d3489bce384579871fdca965da4706b9bbd1364829deeae842b3,False
WS:XLON:TCAPI.L,d253de1c1876249ce94e1bac2eccd140a762d8b6a004532d3b7e0d1511df3864,d253de1c1876249ce94e1bac2eccd140a762d8b6a004532d3b7e0d1511df3864,False
WS:XLON:TSCO.L,61731c2013270f011e7e5dce0078641971ee237ff969a9fd131909e2c9da4a77,61731c2013270f011e7e5dce0078641971ee237ff969a9fd131909e2c9da4a77,False
WS:XLON:TW.L,cdabb1723a97d7ac5b7c2bbbb134171c251858fddca040f8a55cb1b99c7b6368,cdabb1723a97d7ac5b7c2bbbb134171c251858fddca040f8a55cb1b99c7b6368,False
WS:XLON:ULVR.L,f708ca787c97b2a1044599f6e5ffe7a192c0e40d0aecf84548466b8c0ff9c85d,f708ca787c97b2a1044599f6e5ffe7a192c0e40d0aecf84548466b8c0ff9c85d,False
WS:XLON:UTG.L,229d4273e0e31bb480f90c83750b818dbb5411e81ff61a9248acf94eb812d1ec,229d4273e0e31bb480f90c83750b818dbb5411e81ff61a9248acf94eb812d1ec,False
WS:XLON:UU.L,eda118fddcc9d5513843b60e41965d884f584dc41870587b3fec313a7e0656a7,eda118fddcc9d5513843b60e41965d884f584dc41870587b3fec313a7e0656a7,False
WS:XLON:VOD.L,3fa3a54798e79150cff7d6f8261564c245e908c5b6915ff9340b7783e8a20a4e,3fa3a54798e79150cff7d6f8261564c245e908c5b6915ff9340b7783e8a20a4e,False
WS:XLON:WEIR.L,6c6941e2b22349a19316dcd0beea7783e13361012d799be3d5beb76fc965c285,6c6941e2b22349a19316dcd0beea7783e13361012d799be3d5beb76fc965c285,False
WS:XLON:WISEA.L,a9bd390073abf23f6c1a40f01e118fd6bcbd58a5829bc9dd761d7021abbd2aff,a9bd390073abf23f6c1a40f01e118fd6bcbd58a5829bc9dd761d7021abbd2aff,False
WS:XLON:WPP.L,a33fad4eeb959c9fc92a89dc6039978dd91350787d9b429d5bf9badb8481303a,a33fad4eeb959c9fc92a89dc6039978dd91350787d9b429d5bf9badb8481303a,False
WS:XLON:WTB.L,e291e1c9f8cc7a5556612f5cac84cfd64027bfef6635dd95a9c97c3135de4065,e291e1c9f8cc7a5556612f5cac84cfd64027bfef6635dd95a9c97c3135de4065,False
WS:XLON:ZEG.L,62306ebc465b27785a38c0e493bf022250223ff7c5c96f0a5fe091c045a0640f,62306ebc465b27785a38c0e493bf022250223ff7c5c96f0a5fe091c045a0640f,False
WS:XMAD:ACS.MC,30113c4eb759feebdfb144aa17bc8859a76ae92c62ccf552e5ee3f59a0b82798,30113c4eb759feebdfb144aa17bc8859a76ae92c62ccf552e5ee3f59a0b82798,False
WS:XMAD:ACX.MC,cecafa9cf84b0d3beba856d130a09766ba1510e1e2d41f81435290172140cd32,cecafa9cf84b0d3beba856d130a09766ba1510e1e2d41f81435290172140cd32,False
WS:XMAD:AENA.MC,ffea70b1e829e9291e19509ae6585a48e44e328ae014d4fde926316fdd4ffd3a,ffea70b1e829e9291e19509ae6585a48e44e328ae014d4fde926316fdd4ffd3a,False
WS:XMAD:AMA.MC,5c074df0dfd42955d5d08fb71beca8250bd0c4951f86086dd863a11af9f70088,5c074df0dfd42955d5d08fb71beca8250bd0c4951f86086dd863a11af9f70088,False
WS:XMAD:ANA.MC,c8cdf3162b7b2ca7f392a263e2d19fc29a7d701df909d3ce730b67bc5443598e,c8cdf3162b7b2ca7f392a263e2d19fc29a7d701df909d3ce730b67bc5443598e,False
WS:XMAD:BBVA.MC,f9e452daf1527c87466d4d87739cd44e3226cf1097f67a63f96572d8828f9e20,f9e452daf1527c87466d4d87739cd44e3226cf1097f67a63f96572d8828f9e20,False
WS:XMAD:BKT.MC,b588facc063a830001f42774bec0787c915d4df16a2546ff27f96ceaa54ec24f,b588facc063a830001f42774bec0787c915d4df16a2546ff27f96ceaa54ec24f,False
WS:XMAD:CABK.MC,ff7f2b34cd37d4b625ed31da93c94a501431305f1f0068abbe047cab0b6f7178,ff7f2b34cd37d4b625ed31da93c94a501431305f1f0068abbe047cab0b6f7178,False
WS:XMAD:CLNX.MC,d847d2d77cdb2e9aba357cf2adec68d928edbeca8dc4d7f7d09ae33ca51a886d,d847d2d77cdb2e9aba357cf2adec68d928edbeca8dc4d7f7d09ae33ca51a886d,False
WS:XMAD:ELE.MC,954351e1f724a90aa2af5293d673fdb1a11bc1899c544c4c22ff4dd89390a51a,954351e1f724a90aa2af5293d673fdb1a11bc1899c544c4c22ff4dd89390a51a,False
WS:XMAD:ENAG.MC,693c79e95a65cd12e894ed1b3afbdcdd6b367972fa0e65c2ea7a578c510d3c2e,693c79e95a65cd12e894ed1b3afbdcdd6b367972fa0e65c2ea7a578c510d3c2e,False
WS:XMAD:FER.MC,ef384f1cfda786a445b6dc44960840a562bf3ba10fbcd41df02fc9e8cc26e093,ef384f1cfda786a445b6dc44960840a562bf3ba10fbcd41df02fc9e8cc26e093,False
WS:XMAD:GRLS.MC,035a4cf6a302757e8befbf399e3565a92c8f7028cffdfaaf3aa7c7332b4843de,035a4cf6a302757e8befbf399e3565a92c8f7028cffdfaaf3aa7c7332b4843de,False
WS:XMAD:IBE.MC,ef194893b932dfec9f30ade5773b8f4c0c1c83b65ef8e0a1eadabe8273f24f46,ef194893b932dfec9f30ade5773b8f4c0c1c83b65ef8e0a1eadabe8273f24f46,False
WS:XMAD:IDR.MC,07fad246fff1b86aadd884839e2dc4447e8693cd7a867fb18a9899ebe73e08b9,07fad246fff1b86aadd884839e2dc4447e8693cd7a867fb18a9899ebe73e08b9,False
WS:XMAD:ITX.MC,780dfe8513d337ce0b7ae7109e27da9cba8551531270de37ff680f2591607113,780dfe8513d337ce0b7ae7109e27da9cba8551531270de37ff680f2591607113,False
WS:XMAD:MAP.MC,53c813bd68b5ac71a02099febde790c9751b5338442a488c2faa245d455015a9,53c813bd68b5ac71a02099febde790c9751b5338442a488c2faa245d455015a9,False
WS:XMAD:MRL.MC,f2cf6a57022259d81dad7954abd71eb1ed2e014ddaa339dc3f8da01aa1280211,f2cf6a57022259d81dad7954abd71eb1ed2e014ddaa339dc3f8da01aa1280211,False
WS:XMAD:NTGY.MC,2833ba26b6159fbaba27461a997cda248722d12f1305f13c426b241b4c4e17db,2833ba26b6159fbaba27461a997cda248722d12f1305f13c426b241b4c4e17db,False
WS:XMAD:PUIGB.MC,848c13ce23111ea8ea1826c4a612f457ac5b710239ad340b4b94c4d437b8755a,848c13ce23111ea8ea1826c4a612f457ac5b710239ad340b4b94c4d437b8755a,False
WS:XMAD:REDE.MC,ea7f5726880dd4dbb807428acb63a451a8711d02a509ae2adc82bd0e8c529fd2,ea7f5726880dd4dbb807428acb63a451a8711d02a509ae2adc82bd0e8c529fd2,False
WS:XMAD:REP.MC,6e41686822c8e07f2cd60417bce3697cf655c8b4828d01ca287855d9da322ff9,6e41686822c8e07f2cd60417bce3697cf655c8b4828d01ca287855d9da322ff9,False
WS:XMAD:SABE.MC,4fb217a7a3c59f865b2b4ff8b6bdd8b63245653c1ba38666c6d78704b078b841,4fb217a7a3c59f865b2b4ff8b6bdd8b63245653c1ba38666c6d78704b078b841,False
WS:XMAD:SAN.MC,a5561ca487272cc0eaa5e939a855f4edb0ab1513a96532101fc982d593070d02,a5561ca487272cc0eaa5e939a855f4edb0ab1513a96532101fc982d593070d02,False
WS:XMAD:SCYR.MC,3cebce696a06e00f805a87cb7d8a5ec4c1427a3725d1bf1f6bd8381f16b1f843,3cebce696a06e00f805a87cb7d8a5ec4c1427a3725d1bf1f6bd8381f16b1f843,False
WS:XMAD:TEF.MC,a5f448489016881b90cb5c250f8af547a989593f6bae3d5226ea198d63408176,a5f448489016881b90cb5c250f8af547a989593f6bae3d5226ea198d63408176,False
WS:XMAD:UNI.MC,0b5f369ee88c4f6176ff9594608d60d73321794a1f2d99b020080139989e94c8,0b5f369ee88c4f6176ff9594608d60d73321794a1f2d99b020080139989e94c8,False
WS:XMAD:VIS.MC,74f54275da0d00d625d704fcd156559fa286d900deafbae00c81f7b3bdb2f875,74f54275da0d00d625d704fcd156559fa286d900deafbae00c81f7b3bdb2f875,False
WS:XMIL:A2.MI,395d1ab9e226ba46c5ef488959bfde59942cd1defe759a679ac195ffd5952f3f,395d1ab9e226ba46c5ef488959bfde59942cd1defe759a679ac195ffd5952f3f,False
WS:XMIL:AZMT.MI,509d23c7f082b6f1c015f7c75d2d43af8d6f829f139967ee6ce0e42921adf3df,509d23c7f082b6f1c015f7c75d2d43af8d6f829f139967ee6ce0e42921adf3df,False
WS:XMIL:BAMI.MI,d8cedc79aa51f52117231ab7d3ae08e62238f43fbfd80579fdf1dd97369eb4e7,d8cedc79aa51f52117231ab7d3ae08e62238f43fbfd80579fdf1dd97369eb4e7,False
WS:XMIL:BCU.MI,2aa110009c1418837fd6b8e0e2649eb71c8282bce6c6251d943c028a610aa047,2aa110009c1418837fd6b8e0e2649eb71c8282bce6c6251d943c028a610aa047,False
WS:XMIL:BGN.MI,bcaa77872df1a5e51a7ccffeca39e4061851581dcd1aaeda40112f16d8eaef3b,bcaa77872df1a5e51a7ccffeca39e4061851581dcd1aaeda40112f16d8eaef3b,False
WS:XMIL:BMED.MI,122fd534a7603602531094b2636bfb0c77bd8a2c9c9f544e3bd56120ba3cb95f,122fd534a7603602531094b2636bfb0c77bd8a2c9c9f544e3bd56120ba3cb95f,False
WS:XMIL:BMPS.MI,2b0913fe9ee23f4724b55314e3a72eab6e80e64a5ee5bca9c6914e6fe68e0d84,2b0913fe9ee23f4724b55314e3a72eab6e80e64a5ee5bca9c6914e6fe68e0d84,False
WS:XMIL:BZU.MI,f6fb47b37300bfb989847737f85357b63aa568bf1931ab54a5ef2b0d464fa19e,f6fb47b37300bfb989847737f85357b63aa568bf1931ab54a5ef2b0d464fa19e,False
WS:XMIL:CPRI.MI,b3f2dc80bf0da967c3674caaedfb3e404857f0537bdc9b8d909901cd4d529fa4,b3f2dc80bf0da967c3674caaedfb3e404857f0537bdc9b8d909901cd4d529fa4,False
WS:XMIL:CRDI.MI,5d7a407d4f1765db212db0e84d38ba83635b7ea26b02f17f91276ac1f3f7bae8,5d7a407d4f1765db212db0e84d38ba83635b7ea26b02f17f91276ac1f3f7bae8,False
WS:XMIL:DLG.MI,b962822606dac0ab20f74b474e615467ff5c736d8c2d2a190356dcf36938cfc7,b962822606dac0ab20f74b474e615467ff5c736d8c2d2a190356dcf36938cfc7,False
WS:XMIL:EMII.MI,f26f9949894c52c2e3cbbf19ee975a1167654655513b91513164c83956d672bd,f26f9949894c52c2e3cbbf19ee975a1167654655513b91513164c83956d672bd,False
WS:XMIL:ENEI.MI,c924c634f6f26b067aca8ac447d23d215022384251397664d176ce16aee96929,c924c634f6f26b067aca8ac447d23d215022384251397664d176ce16aee96929,False
WS:XMIL:ENI.MI,e6e401ca547b2ebe3272403217645ab6798e484cd8e7843dc60c73f667221c85,e6e401ca547b2ebe3272403217645ab6798e484cd8e7843dc60c73f667221c85,False
WS:XMIL:FBK.MI,f629c885ad91ad653c23207cddb94b7ae4093091b81a4cb9dd1657dff873844e,f629c885ad91ad653c23207cddb94b7ae4093091b81a4cb9dd1657dff873844e,False
WS:XMIL:GASI.MI,9fad6504468329eb7b293b4f7df9a9da56df113469e68aec14fe6ce74fbf8ca3,9fad6504468329eb7b293b4f7df9a9da56df113469e68aec14fe6ce74fbf8ca3,False
WS:XMIL:HRA.MI,8ef932dd0a7b522f13e7b0930a248cdfe6ec2df7324f59b106382edda4fb8e0c,8ef932dd0a7b522f13e7b0930a248cdfe6ec2df7324f59b106382edda4fb8e0c,False
WS:XMIL:IG.MI,e03d75543c8d160ab3f0a592396c3f3022b21f3fc9f08e3731d06757640803e5,e03d75543c8d160ab3f0a592396c3f3022b21f3fc9f08e3731d06757640803e5,False
WS:XMIL:ISP.MI,b397d3fcf3e648cbc63dcfcfc46b5667d04595c80f4cec24abdf4e998669da73,b397d3fcf3e648cbc63dcfcfc46b5667d04595c80f4cec24abdf4e998669da73,False
WS:XMIL:ITPG.MI,b9dd5adca3dc7728246454eecbae2f7a56903fb9e446954faeb74f173c4f84bc,b9dd5adca3dc7728246454eecbae2f7a56903fb9e446954faeb74f173c4f84bc,False
WS:XMIL:IVG.MI,8794dd2109e2a16d6d3bc7fc3724c74efd4d77540187e57b58fe341cce1f4294,8794dd2109e2a16d6d3bc7fc3724c74efd4d77540187e57b58fe341cce1f4294,False
WS:XMIL:LDOF.MI,e6ec2b7f23922acd98963849cc20fb833cc3990da2f2358fdfecee2c5827ec79,e6ec2b7f23922acd98963849cc20fb833cc3990da2f2358fdfecee2c5827ec79,False
WS:XMIL:LTMC.MI,4edb53c8dd51055ac339285d8adb1335321ab7573dad93aa5c5c784338069013,4edb53c8dd51055ac339285d8adb1335321ab7573dad93aa5c5c784338069013,False
WS:XMIL:MONC.MI,1f7949a4639c9931d181434783678f9000ef13ba858eef24508d953bfc0fee7a,1f7949a4639c9931d181434783678f9000ef13ba858eef24508d953bfc0fee7a,False
WS:XMIL:NEXII.MI,4495c4fa0297042ae74a3a81c7cd08b763abd0c2e9abed46a6cb1dcfb511abc2,4495c4fa0297042ae74a3a81c7cd08b763abd0c2e9abed46a6cb1dcfb511abc2,False
WS:XMIL:PIRC.MI,b7c2141485e9c04d61acffe741bbf589d67d66dbaa7520936ee8c4e2562af107,b7c2141485e9c04d61acffe741bbf589d67d66dbaa7520936ee8c4e2562af107,False
WS:XMIL:PRY.MI,f2eff8a2bc975c3c8dc16758391339134c5cf55ab6df5050f3c005fdad90ca2f,f2eff8a2bc975c3c8dc16758391339134c5cf55ab6df5050f3c005fdad90ca2f,False
WS:XMIL:PST.MI,a540c26afa20c64ab5b37909a1a97493d4729eaab3c3d0d5d1fc43a5fe4e8de7,a540c26afa20c64ab5b37909a1a97493d4729eaab3c3d0d5d1fc43a5fe4e8de7,False
WS:XMIL:RACE.MI,bafe8877fa9fbf1f197853ad607454ba765b6d094b38a6f3afd0580aa61db995,bafe8877fa9fbf1f197853ad607454ba765b6d094b38a6f3afd0580aa61db995,False
WS:XMIL:RECI.MI,cf97b2cac43742083ef31d39608e2a4bb5f0b454908b3b364683b7052d333625,cf97b2cac43742083ef31d39608e2a4bb5f0b454908b3b364683b7052d333625,False
WS:XMIL:REY.MI,a80617f2dfea674d83501701d7dab5d6b8f546bd6f48a6a22cbb0a3f3f8f25e8,a80617f2dfea674d83501701d7dab5d6b8f546bd6f48a6a22cbb0a3f3f8f25e8,False
WS:XMIL:SPMI.MI,6eb8828157afecadfd91c4b2598f29cbc67e9268cc499b5f79c46207cf2ccf21,6eb8828157afecadfd91c4b2598f29cbc67e9268cc499b5f79c46207cf2ccf21,False
WS:XMIL:SRG.MI,0ad929ffa2c339217b50b3e3f1ba50c4fe16c874d2b4fe9826396fcb0faa55a5,0ad929ffa2c339217b50b3e3f1ba50c4fe16c874d2b4fe9826396fcb0faa55a5,False
WS:XMIL:STLAM.MI,12d353c9793910f9285cdd13ac7c2c4657db9be1e2d45c4dcac27d6fedb18db1,12d353c9793910f9285cdd13ac7c2c4657db9be1e2d45c4dcac27d6fedb18db1,False
WS:XMIL:STMMI.MI,3fe64d3b7c5c1f08b5c00675e19457875fb07d34a3dbd95ed04fd85ff5dbdafc,3fe64d3b7c5c1f08b5c00675e19457875fb07d34a3dbd95ed04fd85ff5dbdafc,False
WS:XMIL:TENR.MI,50906fefeefd0418247fa5e4382908e5e2a3db984dc64c0a991d9724a1b694a6,50906fefeefd0418247fa5e4382908e5e2a3db984dc64c0a991d9724a1b694a6,False
WS:XMIL:TLIT.MI,e5c923aeda48261bf720a8de20c6bc0e36f0760174f7c2a679698db15ca07cf8,e5c923aeda48261bf720a8de20c6bc0e36f0760174f7c2a679698db15ca07cf8,False
WS:XMIL:TPRO.MI,7b0998084bd662606e2da2fa299e65bf4b3356d3c8e371e7415fb5519a802134,7b0998084bd662606e2da2fa299e65bf4b3356d3c8e371e7415fb5519a802134,False
WS:XMIL:TRN.MI,d192e084cdf292213b0a414c6279bfa1727885f41345dd866047360dc6ef1380,d192e084cdf292213b0a414c6279bfa1727885f41345dd866047360dc6ef1380,False
WS:XMIL:UNPI.MI,225c518d3ff57cc88de1dde69e9b9faf22bd049aa0676d925ccb0c865c159f5f,225c518d3ff57cc88de1dde69e9b9faf22bd049aa0676d925ccb0c865c159f5f,False
WS:XOSL:AKER.OL,f436025c940dcdb6574830327f3a7386c2bb68d381adfd321dd6295933bd6c94,f436025c940dcdb6574830327f3a7386c2bb68d381adfd321dd6295933bd6c94,False
WS:XOSL:AKRBP.OL,b54ef0e0145d173a3e7ac1ebd267ba7c8f01e309b70d474cc00d7c03880e6fd9,b54ef0e0145d173a3e7ac1ebd267ba7c8f01e309b70d474cc00d7c03880e6fd9,False
WS:XOSL:BAKKA.OL,8abe6755e28c72610b51e7658b17f463737f6b16904b56af074d75fdd6ceb453,8abe6755e28c72610b51e7658b17f463737f6b16904b56af074d75fdd6ceb453,False
WS:XOSL:DNB.OL,860dd40374e2dc1d40e2e154efbe471ac4a497a611dfb8d27b9795f9544fc1b6,860dd40374e2dc1d40e2e154efbe471ac4a497a611dfb8d27b9795f9544fc1b6,False
WS:XOSL:EQNR.OL,fa210610645987364a633d1d0e99b33907cee5f58e3078090b5428bbfd9bb36b,fa210610645987364a633d1d0e99b33907cee5f58e3078090b5428bbfd9bb36b,False
WS:XOSL:FRO.OL,a9fe81e61ff4573183d9d8474fafb2391609dccf48a96a7de6a1d9e5b4691968,a9fe81e61ff4573183d9d8474fafb2391609dccf48a96a7de6a1d9e5b4691968,False
WS:XOSL:GJFG.OL,729d50bc2bb6510b00661860bf79a51f8ff6e92a94345c91cd6144fcf9fdbc2b,729d50bc2bb6510b00661860bf79a51f8ff6e92a94345c91cd6144fcf9fdbc2b,False
WS:XOSL:KMAR.OL,18f39a11c3872436b0d4dc375d65ef6ebb07d931d70eb4da40b851ba0200c509,18f39a11c3872436b0d4dc375d65ef6ebb07d931d70eb4da40b851ba0200c509,False
WS:XOSL:KOG.OL,a8549bfc265307a8eeff5c41ec20e023500eece262c6fd6a688d557f3aee7c1c,a8549bfc265307a8eeff5c41ec20e023500eece262c6fd6a688d557f3aee7c1c,False
WS:XOSL:MOWI.OL,cde79e383d990ae874d86f64def79be8135901899b51a8672126f964dbf2b599,cde79e383d990ae874d86f64def79be8135901899b51a8672126f964dbf2b599,False
WS:XOSL:NHY.OL,77a87dc64174e86779c36573ebbaae2d223bc393e27099ea087c1c22d294e38f,77a87dc64174e86779c36573ebbaae2d223bc393e27099ea087c1c22d294e38f,False
WS:XOSL:NOD.OL,d85a0af71a7b0bbeea4bb835d232553a9b16723e4e2cef19dc9b030c8b85ab58,d85a0af71a7b0bbeea4bb835d232553a9b16723e4e2cef19dc9b030c8b85ab58,False
WS:XOSL:ORK.OL,8d16f15f627885c675279ed1188d926916935f16e6e0a89a6f8ad8a1b69324c7,8d16f15f627885c675279ed1188d926916935f16e6e0a89a6f8ad8a1b69324c7,False
WS:XOSL:SALM.OL,fbc315e12e062cb573b477a82494f1314a2e8294befac65cf478b619e95e58c8,fbc315e12e062cb573b477a82494f1314a2e8294befac65cf478b619e95e58c8,False
WS:XOSL:SB1NO.OL,f5d953b86b5517a187ae45d343c5783e3c3c81460ee0df665ac4c55115731a5d,f5d953b86b5517a187ae45d343c5783e3c3c81460ee0df665ac4c55115731a5d,False
WS:XOSL:SBNOR.OL,37e30b0df94cbbdbab89a62da95b74ab6734b9e11fe4b920d416ec3f2311fa44,37e30b0df94cbbdbab89a62da95b74ab6734b9e11fe4b920d416ec3f2311fa44,False
WS:XOSL:STB.OL,2ccad9d9675bb4bf24cbcc8b96d8380074d963f7b94a774c2047871bcca0b759,2ccad9d9675bb4bf24cbcc8b96d8380074d963f7b94a774c2047871bcca0b759,False
WS:XOSL:SUBC.OL,44327c015013b24fd45e25186b51375cd69ff1a664604f6d4d1f9404e8536297,44327c015013b24fd45e25186b51375cd69ff1a664604f6d4d1f9404e8536297,False
WS:XOSL:TEL.OL,f0e2d38902ab7564cb211984577aa09e647184b78774787f9c2e17c629807d58,f0e2d38902ab7564cb211984577aa09e647184b78774787f9c2e17c629807d58,False
WS:XOSL:TGS.OL,c141d342a16ae43c57e30d770216295a818df27d8f10095b120effc50e8958c0,c141d342a16ae43c57e30d770216295a818df27d8f10095b120effc50e8958c0,False
WS:XOSL:TOM.OL,5364c8ec9fe11ca541234898b55300ddbcce6a5d46ed42f8f394db896c99885e,5364c8ec9fe11ca541234898b55300ddbcce6a5d46ed42f8f394db896c99885e,False
WS:XOSL:VAR.OL,881dbb66a1544fb143fe90c073b1f0fbcce244cd70fcdba3782ddf2fd6af5be9,881dbb66a1544fb143fe90c073b1f0fbcce244cd70fcdba3782ddf2fd6af5be9,False
WS:XOSL:VEND.OL,82c23ae23f2c5f341f52f62e68bf2b7458a32788126606ca96d8fb93cbe594a2,82c23ae23f2c5f341f52f62e68bf2b7458a32788126606ca96d8fb93cbe594a2,False
WS:XOSL:YAR.OL,1aeb16c20443938199ff0f2d2e01d97ec1aefa033f09670ccf51cabaf6b403ad,1aeb16c20443938199ff0f2d2e01d97ec1aefa033f09670ccf51cabaf6b403ad,False
WS:XPAR:ABVX.PA,907d8bc882951048274c64fb1dc9b362fc7e86da68e9a8abc3dafeafd282b6a6,907d8bc882951048274c64fb1dc9b362fc7e86da68e9a8abc3dafeafd282b6a6,False
WS:XPAR:ACCP.PA,44e1631e5f8a7e382ef3817a97af7ff029d06e477c0dc621708bff0cf8db66d5,44e1631e5f8a7e382ef3817a97af7ff029d06e477c0dc621708bff0cf8db66d5,False
WS:XPAR:ADP.PA,94b47525073bb9d5f4c4bfb17db732ddedce4d6993350ec15d8ee81206aaf3a4,94b47525073bb9d5f4c4bfb17db732ddedce4d6993350ec15d8ee81206aaf3a4,False
WS:XPAR:AIR.PA,4fdeed6bb68a9ff4a8e3b4c0592ccef47178fd421851188cde4cee9d0fb60213,4fdeed6bb68a9ff4a8e3b4c0592ccef47178fd421851188cde4cee9d0fb60213,False
WS:XPAR:AIRP.PA,a66c7382378d04816d9fce5ebc34e0514d1307f2837e296af583a0f7a7452dd1,a66c7382378d04816d9fce5ebc34e0514d1307f2837e296af583a0f7a7452dd1,False
WS:XPAR:AKE.PA,f548bebf24c809aaf3dde3704696699d9de77ad35f4637dc89f0ad4a3bb59d65,f548bebf24c809aaf3dde3704696699d9de77ad35f4637dc89f0ad4a3bb59d65,False
WS:XPAR:ALSO.PA,fdd64800378169782ef4b033247d47310cc2fe88d4b5651f7a157d1191241ee6,fdd64800378169782ef4b033247d47310cc2fe88d4b5651f7a157d1191241ee6,False
WS:XPAR:AM.PA,69c4206f81c619b2138a5f7544ef533d5bbc3edd4dca33a614d4acf9aace7b6e,69c4206f81c619b2138a5f7544ef533d5bbc3edd4dca33a614d4acf9aace7b6e,False
WS:XPAR:AMUN.PA,120c16ad3c68ee730c5a1549866c8417cf94422ba605ef809ea5c0563b64ab00,120c16ad3c68ee730c5a1549866c8417cf94422ba605ef809ea5c0563b64ab00,False
WS:XPAR:AXAF.PA,e2745b84696bd5a07eb25bc7154869d73484cb2d8b8c1f23441a2a4b8257b8c4,e2745b84696bd5a07eb25bc7154869d73484cb2d8b8c1f23441a2a4b8257b8c4,False
WS:XPAR:AYV.PA,fe672d13de3a5018b19f1428469e138905c4b193f3b810ddb84794f6ddaeb321,fe672d13de3a5018b19f1428469e138905c4b193f3b810ddb84794f6ddaeb321,False
WS:XPAR:BIOX.PA,532450d632f37e2b296911a5f55f265e4be4430e4c2b02cd09b5b4efa14b691e,532450d632f37e2b296911a5f55f265e4be4430e4c2b02cd09b5b4efa14b691e,False
WS:XPAR:BNPP.PA,65fc0d97488f67d10b1bdcdcf8c038605fc81ffdcd31c5e3201661f1b5eda44e,65fc0d97488f67d10b1bdcdcf8c038605fc81ffdcd31c5e3201661f1b5eda44e,False
WS:XPAR:BOLL.PA,446642410437487159b7053715a59eeeb3419d2339611b9ad1aac94d71e3015d,446642410437487159b7053715a59eeeb3419d2339611b9ad1aac94d71e3015d,False
WS:XPAR:BOUY.PA,8bec34f44dfec043a114c0f124038aedb15ee945093e5a432d1455d7c46647d8,8bec34f44dfec043a114c0f124038aedb15ee945093e5a432d1455d7c46647d8,False
WS:XPAR:BVI.PA,00116e06e354b2a7e1bc03bdcf1ebf4985966da890d8f0e6a98af18e86f21f95,00116e06e354b2a7e1bc03bdcf1ebf4985966da890d8f0e6a98af18e86f21f95,False
WS:XPAR:CAGR.PA,9a850d26bbbdbf42a0e3e0380d92d62d8fe9bb98dc3fa5a4371141300513aa4d,9a850d26bbbdbf42a0e3e0380d92d62d8fe9bb98dc3fa5a4371141300513aa4d,False
WS:XPAR:CAPP.PA,0bebb48004f0745a5c360f76aabbd973999c89b32312c2b151dbe1ada33e8704,0bebb48004f0745a5c360f76aabbd973999c89b32312c2b151dbe1ada33e8704,False
WS:XPAR:CARR.PA,d871c48995dd167db862923098da3f46f3214481f7d7d68328f53bde654f5c4c,d871c48995dd167db862923098da3f46f3214481f7d7d68328f53bde654f5c4c,False
WS:XPAR:CVO.PA,79301a061715e85486ce519dee3eb39314aa5846bcd15babc3bfecf761c5eb2f,79301a061715e85486ce519dee3eb39314aa5846bcd15babc3bfecf761c5eb2f,False
WS:XPAR:DANO.PA,12fb6dc84954ff25fc74ba0a4616f111ce5742522e82455c8d6a1df8fb9cc743,12fb6dc84954ff25fc74ba0a4616f111ce5742522e82455c8d6a1df8fb9cc743,False
WS:XPAR:DAST.PA,03f2740461cf000dcfde4f0e78c70afb74700881da054677acc1b623486208d2,03f2740461cf000dcfde4f0e78c70afb74700881da054677acc1b623486208d2,False
WS:XPAR:EDEN.PA,8a8a3a55e33ce47951412f25557082e978a5c4118809fdd5561a79a38bc3046c,8a8a3a55e33ce47951412f25557082e978a5c4118809fdd5561a79a38bc3046c,False
WS:XPAR:ELIS.PA,d41b45736c0310ca38e9e7382800e4ce09d367821e5cd120a2ad2d2c95b56620,d41b45736c0310ca38e9e7382800e4ce09d367821e5cd120a2ad2d2c95b56620,False
WS:XPAR:ENGIE.PA,324a2791083a4606a13b41bf1425bb0822f8a290ee708c4d3912372af1c2d7cd,324a2791083a4606a13b41bf1425bb0822f8a290ee708c4d3912372af1c2d7cd,False
WS:XPAR:ENX.PA,1b64aa9aae47ad90d502db88e9abe68f90e4f8c13a1ce9f9a16cdc30f29732f6,1b64aa9aae47ad90d502db88e9abe68f90e4f8c13a1ce9f9a16cdc30f29732f6,False
WS:XPAR:ESLX.PA,19892a7d394ee87cdfa2a3afdc43e3f6d0cd7d0463d2777f97371441e37a269e,19892a7d394ee87cdfa2a3afdc43e3f6d0cd7d0463d2777f97371441e37a269e,False
WS:XPAR:EUFI.PA,c7830afb275f726c6e7eabc55cb2470345d7bbec21d6c4ba15654a5274a941fd,c7830afb275f726c6e7eabc55cb2470345d7bbec21d6c4ba15654a5274a941fd,False
WS:XPAR:EXHO.PA,ea604a3a230f8b0fd0655d8607ee68b85ae632fbdbc344cf87d19926281a4fdd,ea604a3a230f8b0fd0655d8607ee68b85ae632fbdbc344cf87d19926281a4fdd,False
WS:XPAR:FDJU.PA,85a156d7586c747ca07c6cecad10eab40fd590c6a4f80cf715c7159b2e1adb7e,85a156d7586c747ca07c6cecad10eab40fd590c6a4f80cf715c7159b2e1adb7e,False
WS:XPAR:FOUG.PA,4bc0c0ed5ea81f779469d4df6c86e24a284d564caa681aff719ddb8579053997,4bc0c0ed5ea81f779469d4df6c86e24a284d564caa681aff719ddb8579053997,False
WS:XPAR:GETP.PA,9fc2019ee795d0696d53bede9e1dafe0d6227c318d01f01d8b0be8fc539c8cf8,9fc2019ee795d0696d53bede9e1dafe0d6227c318d01f01d8b0be8fc539c8cf8,False
WS:XPAR:GFCP.PA,5e607c0693f07e3df1bac37914616141f394d567fb9790d7d819ea0017a232c5,5e607c0693f07e3df1bac37914616141f394d567fb9790d7d819ea0017a232c5,False
WS:XPAR:GTT.PA,55fdd622896fbbcef814881c33236e2234f0c28f87ca0cb81d47e57f01a57c9e,55fdd622896fbbcef814881c33236e2234f0c28f87ca0cb81d47e57f01a57c9e,False
WS:XPAR:HRMS.PA,6eac33466a7bb8504502ca512b2b06e096bd64202fd77e98c369223a497fcf03,6eac33466a7bb8504502ca512b2b06e096bd64202fd77e98c369223a497fcf03,False
WS:XPAR:IPN.PA,396ef43aa8b75b24e69247409e38b8b4948a04b750e4947b9a56a69eb87257bf,396ef43aa8b75b24e69247409e38b8b4948a04b750e4947b9a56a69eb87257bf,False
WS:XPAR:LEGD.PA,fb5fed1b3a6932003b668cc5b4b17690ab3779459c41fca543dce4b9b431e067,fb5fed1b3a6932003b668cc5b4b17690ab3779459c41fca543dce4b9b431e067,False
WS:XPAR:LOIM.PA,903c49c0bd16661852c0fa978f9bf141e75accf08d9ee232cfa623b6b9981e95,903c49c0bd16661852c0fa978f9bf141e75accf08d9ee232cfa623b6b9981e95,False
WS:XPAR:LVMH.PA,703d151a023ede9160506871fc8b0fd49ae219e96176bd686c29798090aff646,703d151a023ede9160506871fc8b0fd49ae219e96176bd686c29798090aff646,False
WS:XPAR:MICP.PA,8e50508026397e998a6f9e22a5d2f79b06c47e44ae899f717ba50871e7c93bb6,8e50508026397e998a6f9e22a5d2f79b06c47e44ae899f717ba50871e7c93bb6,False
WS:XPAR:NEXS.PA,4914eea59f65a9fd19d8d4b74a6d9d343c05f9191235b64eaa900064062d008e,4914eea59f65a9fd19d8d4b74a6d9d343c05f9191235b64eaa900064062d008e,False
WS:XPAR:ORAN.PA,811c450090c6896cce6d4181c5d3ff7e1bfcb8920782e5d7c8655e556697b55f,811c450090c6896cce6d4181c5d3ff7e1bfcb8920782e5d7c8655e556697b55f,False
WS:XPAR:OREP.PA,63fc63ff51c7ec805b7cbffa48c44b03936af2cdd6ea84f23e5956f03d0ddaaa,63fc63ff51c7ec805b7cbffa48c44b03936af2cdd6ea84f23e5956f03d0ddaaa,False
WS:XPAR:PERP.PA,fc88ca12b4e737a167067d9bd5aa9f98bc2d991b4cfd420ca3b16ddffbedfb5a,fc88ca12b4e737a167067d9bd5aa9f98bc2d991b4cfd420ca3b16ddffbedfb5a,False
WS:XPAR:PRTP.PA,91e6409c011e9911085f80ca4ed9b41b30e1f309cc008448a6bee45bd4b64cbb,91e6409c011e9911085f80ca4ed9b41b30e1f309cc008448a6bee45bd4b64cbb,False
WS:XPAR:PUBP.PA,b69cce949be400975ab164bc5ff11b4d347f55077d535a99654c7322ac61ec49,b69cce949be400975ab164bc5ff11b4d347f55077d535a99654c7322ac61ec49,False
WS:XPAR:RENA.PA,415a3d2b07a45919d000cdf8d6a5886d4d396a2ffc2bccbf2fc4deaad62be0b2,415a3d2b07a45919d000cdf8d6a5886d4d396a2ffc2bccbf2fc4deaad62be0b2,False
WS:XPAR:RUBF.PA,23abf91b0bcb7984493587f0df5e3a9be875830a1bb9d76862fcfe8d65be2869,23abf91b0bcb7984493587f0df5e3a9be875830a1bb9d76862fcfe8d65be2869,False
WS:XPAR:RXL.PA,afe6db7b1c8b757f775b0b07ca30388682ca7a50cf0067baab087f17027072fa,afe6db7b1c8b757f775b0b07ca30388682ca7a50cf0067baab087f17027072fa,False
WS:XPAR:SAF.PA,420c2922634b0010c49ab24a0a7cbe75de6c716f40fddcd4996e86c37fb64aba,420c2922634b0010c49ab24a0a7cbe75de6c716f40fddcd4996e86c37fb64aba,False
WS:XPAR:SASY.PA,9b72c5b55bca39f48707a33aa5d74782fd6720fa86ba4f3a088b55cb31cefd03,9b72c5b55bca39f48707a33aa5d74782fd6720fa86ba4f3a088b55cb31cefd03,False
WS:XPAR:SCHN.PA,8361afd35edbd999f83facc6303e9dcb7ffb3b39ecc89e29fff4f1a65c8b87aa,8361afd35edbd999f83facc6303e9dcb7ffb3b39ecc89e29fff4f1a65c8b87aa,False
WS:XPAR:SCOR.PA,d4f44898295ea8934be96ffa449c72146c2e3e4fad47ec31c7cfbb44271d5e26,d4f44898295ea8934be96ffa449c72146c2e3e4fad47ec31c7cfbb44271d5e26,False
WS:XPAR:SESFD.PA,ed64ef2178f56c52280aa0baf6ab2dd7cab191d07f7536aeac9b2036bc53290a,ed64ef2178f56c52280aa0baf6ab2dd7cab191d07f7536aeac9b2036bc53290a,False
WS:XPAR:SGEF.PA,e209c721eba1a3f290087cf2f9ab38e1ebbeffb9f175d9909a1e4ea6c72e4f0f,e209c721eba1a3f290087cf2f9ab38e1ebbeffb9f175d9909a1e4ea6c72e4f0f,False
WS:XPAR:SGOB.PA,de6502470ec4f7bafbbaf13099ab53dea08a95f098ecc534ff2eb8403e6c088a,de6502470ec4f7bafbbaf13099ab53dea08a95f098ecc534ff2eb8403e6c088a,False
WS:XPAR:SOGN.PA,af07124186949d004857f79a1b9c8618d346c8f426a4602de0d9e45e3e98ad52,af07124186949d004857f79a1b9c8618d346c8f426a4602de0d9e45e3e98ad52,False
WS:XPAR:SOIT.PA,103bb57269e4b12528b303023be95fb7e9f4a0f60a9d21cc6886a51691d22c16,103bb57269e4b12528b303023be95fb7e9f4a0f60a9d21cc6886a51691d22c16,False
WS:XPAR:SOPR.PA,b6dc4dd6e67063fbb3600e5f190716da0069e543111f2cc7e2dede342e51a8ad,b6dc4dd6e67063fbb3600e5f190716da0069e543111f2cc7e2dede342e51a8ad,False
WS:XPAR:SPIE.PA,bedb87216baf18fd62f4f12490695273b8de1f738836ace6c8be260b379bc833,bedb87216baf18fd62f4f12490695273b8de1f738836ace6c8be260b379bc833,False
WS:XPAR:STDM.PA,aec6966f8be73f671ff24d4e79e18ff49e078014008e5c326c4c4cf1b66e01cb,aec6966f8be73f671ff24d4e79e18ff49e078014008e5c326c4c4cf1b66e01cb,False
WS:XPAR:TCFP.PA,b99c578c039bd37c5832cd9802bbae2b4a448ffa32c0b46221207fa4dbb9cd5a,b99c578c039bd37c5832cd9802bbae2b4a448ffa32c0b46221207fa4dbb9cd5a,False
WS:XPAR:TE.PA,08b0c1e7561c87bfea85204f8bdc65bcf8f6f3d6508f1b1b6d5ae2d0495338e7,08b0c1e7561c87bfea85204f8bdc65bcf8f6f3d6508f1b1b6d5ae2d0495338e7,False
WS:XPAR:TEPRF.PA,031c6d0981a8b2eb8a10c2bb6699a3a669538a0d2d7b0cfffdce2e08169de74c,031c6d0981a8b2eb8a10c2bb6699a3a669538a0d2d7b0cfffdce2e08169de74c,False
WS:XPAR:TTEF.PA,d39a970ef6cb4599a2fbb2e959b013d7806fd27fdbd8150ac111121180e8b046,d39a970ef6cb4599a2fbb2e959b013d7806fd27fdbd8150ac111121180e8b046,False
WS:XPAR:URW.PA,4bac24186fc6042d267fd213843362d3ce05952236db2f5fcbff1656b23b0ef4,4bac24186fc6042d267fd213843362d3ce05952236db2f5fcbff1656b23b0ef4,False
WS:XPAR:VIE.PA,46797d941e637a580ba2108cc9d105e24c7068efea510fc5dc03a4b15afce760,46797d941e637a580ba2108cc9d105e24c7068efea510fc5dc03a4b15afce760,False
WS:XPAR:VLLP.PA,80d0768b05fdd2e529f32a27cc2ab23e9bac3dea2002c2b8da7ce88ee2d90919,80d0768b05fdd2e529f32a27cc2ab23e9bac3dea2002c2b8da7ce88ee2d90919,False
WS:XPAR:VLOF.PA,8e769025a5fd4b07f54617aca736825db15079e3004b5f38a5b957eb4f5b45bd,8e769025a5fd4b07f54617aca736825db15079e3004b5f38a5b957eb4f5b45bd,False
WS:XSHE:000001,ff80033599e6f6cb81fc13b0e42fc928691d10e10fd3b9e79d7a6b21a3668495,ff80033599e6f6cb81fc13b0e42fc928691d10e10fd3b9e79d7a6b21a3668495,False
WS:XSHE:000002,9530417bdd3ee50cb83390b83e3c02f57cc8e4b8544f61f9aed6b33a17eb4036,9530417bdd3ee50cb83390b83e3c02f57cc8e4b8544f61f9aed6b33a17eb4036,False
WS:XSHE:000063,68ef97196ce5b4a76820def5cb3130d9d91b72256816a2530c7a817a923e54fc,68ef97196ce5b4a76820def5cb3130d9d91b72256816a2530c7a817a923e54fc,False
WS:XSHE:000100,fa0b51c120ac45d84f232e72ed8df11dfd082e3ca2dbe154e3f1598507847d66,fa0b51c120ac45d84f232e72ed8df11dfd082e3ca2dbe154e3f1598507847d66,False
WS:XSHE:000157,0cbffb85699fd70f43885e851e7bd8191fc50a2759946771a979326e7043d685,0cbffb85699fd70f43885e851e7bd8191fc50a2759946771a979326e7043d685,False
WS:XSHE:000166,12ad5e65d49bb8294fb88c15e7ce1d4cc6b49b82334a98376661e67be8f66241,12ad5e65d49bb8294fb88c15e7ce1d4cc6b49b82334a98376661e67be8f66241,False
WS:XSHE:000301,e6bd3b0ef3baa1c1c0367122fabbfa07cfb679ae1d4cf8233fd051ef5b6eb9ad,e6bd3b0ef3baa1c1c0367122fabbfa07cfb679ae1d4cf8233fd051ef5b6eb9ad,False
WS:XSHE:000333,c3ff610d38f6eca2444036c35f084eef0f092c16a98686ae3179e07eb4c9ae23,c3ff610d38f6eca2444036c35f084eef0f092c16a98686ae3179e07eb4c9ae23,False
WS:XSHE:000338,e188e3bc84f11346f53e40aeef3ca1eec19002f5837fb85f48a19bafc96946a1,e188e3bc84f11346f53e40aeef3ca1eec19002f5837fb85f48a19bafc96946a1,False
WS:XSHE:000408,88b5cfb98efff9a7ca2c63607e71cbbd27c4ef3b008dc39cd25304b282980ff8,88b5cfb98efff9a7ca2c63607e71cbbd27c4ef3b008dc39cd25304b282980ff8,False
WS:XSHE:000425,58f33c14b9c83f47ce072402740cce9609814a432d306b5ca575dd67a5fc253b,58f33c14b9c83f47ce072402740cce9609814a432d306b5ca575dd67a5fc253b,False
WS:XSHE:000538,a72eb77e439df4478f62ded870a99e3a8354dc040fc4e83e9e4915dab4a9d992,a72eb77e439df4478f62ded870a99e3a8354dc040fc4e83e9e4915dab4a9d992,False
WS:XSHE:000568,33dff6afecb7930c9dedef3b3bab171b5662ac6066be0745587908aa0355407b,33dff6afecb7930c9dedef3b3bab171b5662ac6066be0745587908aa0355407b,False
WS:XSHE:000596,0c00f59575e0c3b85a88b36717c100407e20bddea28d8db5151f511def3f4f09,0c00f59575e0c3b85a88b36717c100407e20bddea28d8db5151f511def3f4f09,False
WS:XSHE:000617,8dec0d9cf305ede026095ca08d01cb937fe9308af2fc05005b9afe5930520fd1,8dec0d9cf305ede026095ca08d01cb937fe9308af2fc05005b9afe5930520fd1,False
WS:XSHE:000625,07d69eb4a7aac438119caab8defbe493ba7e46818b856f48dbbf63e67e2daa09,07d69eb4a7aac438119caab8defbe493ba7e46818b856f48dbbf63e67e2daa09,False
WS:XSHE:000630,64b7f311d5ad0300430b9899362392dd771b76e17a6505b7dc4bd09b032fe212,64b7f311d5ad0300430b9899362392dd771b76e17a6505b7dc4bd09b032fe212,False
WS:XSHE:000651,48f1a00a52c2b7416783059b32a67f36ba0dd99ea40a5bec203b2ae1be609d70,48f1a00a52c2b7416783059b32a67f36ba0dd99ea40a5bec203b2ae1be609d70,False
WS:XSHE:000657,9608292218c82646634d359d9d7804805eea8f92c43e86c391ac1e9cade56cda,9608292218c82646634d359d9d7804805eea8f92c43e86c391ac1e9cade56cda,False
WS:XSHE:000708,1d6b21c8e3fa9731a472895a7e072444529450b27eec4df2e0a4695903a4a020,1d6b21c8e3fa9731a472895a7e072444529450b27eec4df2e0a4695903a4a020,False
WS:XSHE:000725,8fc02fae40a96087621af9e8434bd75e79d8db9a1ccdb41660ca7d6977b24165,8fc02fae40a96087621af9e8434bd75e79d8db9a1ccdb41660ca7d6977b24165,False
WS:XSHE:000768,432100ad1dcde5bf0c6352f924fd5002b26f49d19e749e6fd7df575bf485c577,432100ad1dcde5bf0c6352f924fd5002b26f49d19e749e6fd7df575bf485c577,False
WS:XSHE:000776,f8a274f95570068d46dd59c930f8bd7a1d8d0a3b9716cc97fcb614431b46448d,f8a274f95570068d46dd59c930f8bd7a1d8d0a3b9716cc97fcb614431b46448d,False
WS:XSHE:000792,1f086ad428ba1ee465130b0ae3e2374261a4fd38489cfd9f64bb980fede4f008,1f086ad428ba1ee465130b0ae3e2374261a4fd38489cfd9f64bb980fede4f008,False
WS:XSHE:000807,f01ef7df50567676665fd7dbe80c120ceaab71899b1b5dc6fc7f8722c67e1047,f01ef7df50567676665fd7dbe80c120ceaab71899b1b5dc6fc7f8722c67e1047,False
WS:XSHE:000858,bffc4bc3d3ebfb73880b54a26d5c7568227912c852b5217518cf2a5ee5a30712,bffc4bc3d3ebfb73880b54a26d5c7568227912c852b5217518cf2a5ee5a30712,False
WS:XSHE:000895,845522e0f60b1b8fe91905f0db10e7c45cb860eec667577ccc5b0eeb1dc34b5d,845522e0f60b1b8fe91905f0db10e7c45cb860eec667577ccc5b0eeb1dc34b5d,False
WS:XSHE:000938,2da07e0806de7b7a1c01ed1e9b462e8d78f75084d1334aa1ef8d384e9c262a47,2da07e0806de7b7a1c01ed1e9b462e8d78f75084d1334aa1ef8d384e9c262a47,False
WS:XSHE:000963,28f51f04e6016d4870df3c36df9ba489a7e3a15975c39c16c1c0395f8fbfb25c,28f51f04e6016d4870df3c36df9ba489a7e3a15975c39c16c1c0395f8fbfb25c,False
WS:XSHE:000975,6c95b54d6c48fe4f9a7f954411469c59a3f24370a9e83f0d08be71402308ba34,6c95b54d6c48fe4f9a7f954411469c59a3f24370a9e83f0d08be71402308ba34,False
WS:XSHE:000977,6028f1e3511843137d45af2c60bfd60dcc5f7c9a4557f3cc31a68d39e0b037b2,6028f1e3511843137d45af2c60bfd60dcc5f7c9a4557f3cc31a68d39e0b037b2,False
WS:XSHE:000988,af783a04756eed9415465b61bfbc7691a31ea65b60b11557a2fb9b1ec3de53b0,af783a04756eed9415465b61bfbc7691a31ea65b60b11557a2fb9b1ec3de53b0,False
WS:XSHE:000999,97c3506fc94b25ff9c8015202d87486ad15db142f30814342046fda267e39d10,97c3506fc94b25ff9c8015202d87486ad15db142f30814342046fda267e39d10,False
WS:XSHE:001280,d80a0c8c96affa6664f548a1e7388c3bbf0e0742464e509d423b505ea0f18a50,d80a0c8c96affa6664f548a1e7388c3bbf0e0742464e509d423b505ea0f18a50,False
WS:XSHE:001391,9f9d2330031bfcbed9ed54538d58ec6bb8cd669e3ecaaf305eb1db7399a44248,9f9d2330031bfcbed9ed54538d58ec6bb8cd669e3ecaaf305eb1db7399a44248,False
WS:XSHE:001965,08b4d96351952d959fdc1c169bd5878cfd23c0ad04c7cf8ebad559c9525e532c,08b4d96351952d959fdc1c169bd5878cfd23c0ad04c7cf8ebad559c9525e532c,False
WS:XSHE:001979,a5e7a0118cc6228318fb6695e60915c47a45d300fe891aa8d5c6a0a83a2b787f,a5e7a0118cc6228318fb6695e60915c47a45d300fe891aa8d5c6a0a83a2b787f,False
WS:XSHE:002001,c3672bab72a7b07a213274c8fae7cc076a41befed8309a338901c0b303efbc4a,c3672bab72a7b07a213274c8fae7cc076a41befed8309a338901c0b303efbc4a,False
WS:XSHE:002027,156c2d16b7180bb5e13b2f9d8f96226ac126a4df5eaad6d6f9edd5986c63c9da,156c2d16b7180bb5e13b2f9d8f96226ac126a4df5eaad6d6f9edd5986c63c9da,False
WS:XSHE:002028,fc6659b035b2fd9d4b4760cf2e94bd18eb64cd04482e718b4d9432c066b6e116,fc6659b035b2fd9d4b4760cf2e94bd18eb64cd04482e718b4d9432c066b6e116,False
WS:XSHE:002049,bfe27727687a5aae3be8fedc3c6b1a518603c026956041c240f3722d74f06630,bfe27727687a5aae3be8fedc3c6b1a518603c026956041c240f3722d74f06630,False
WS:XSHE:002050,5620b55b4686a413e93dc8bde06576043650e7a163112e52d45514c4b0244881,5620b55b4686a413e93dc8bde06576043650e7a163112e52d45514c4b0244881,False
WS:XSHE:002074,19b790ba7a8ac3f3c6395a3d065e83830f5e79dccc3267987f8789eb2c950d25,19b790ba7a8ac3f3c6395a3d065e83830f5e79dccc3267987f8789eb2c950d25,False
WS:XSHE:002142,c69a7f1f46e50b74a2bbf806f1370fa7b6d991097da8eb8198909b0eda034559,c69a7f1f46e50b74a2bbf806f1370fa7b6d991097da8eb8198909b0eda034559,False
WS:XSHE:002179,eedc0b408ddbf90dcecdd54e51826aff645197e00166ae7c167cfea71258e183,eedc0b408ddbf90dcecdd54e51826aff645197e00166ae7c167cfea71258e183,False
WS:XSHE:002202,fca169f3b346f5b87d387ff9a0ad40f553efbb8256d24428635ad760e68b979e,fca169f3b346f5b87d387ff9a0ad40f553efbb8256d24428635ad760e68b979e,False
WS:XSHE:002230,16156e1a93276d66331d09762c93f5a1749419cc04a6a5fae2b01641406c4911,16156e1a93276d66331d09762c93f5a1749419cc04a6a5fae2b01641406c4911,False
WS:XSHE:002236,c76c16bf190a4e43da6a6359b353de557205b06138281353596546089c9175f3,c76c16bf190a4e43da6a6359b353de557205b06138281353596546089c9175f3,False
WS:XSHE:002241,d557f825cf2708c4db3ac846751f9d8c4bffa0b84056a23d5c7e5368e21c3f51,d557f825cf2708c4db3ac846751f9d8c4bffa0b84056a23d5c7e5368e21c3f51,False
WS:XSHE:002304,61e3a5031359050e4af6d06bfd1457857b9fe99575eb9bd2baca2fec74f59195,61e3a5031359050e4af6d06bfd1457857b9fe99575eb9bd2baca2fec74f59195,False
WS:XSHE:002311,95cdad481d1cab8693500e42862dac1945e4dbc5798779b576c5c2e1a72807ba,95cdad481d1cab8693500e42862dac1945e4dbc5798779b576c5c2e1a72807ba,False
WS:XSHE:002352,7e96e0562c08521ace7558fac0c2f7efe8aa326de46fe60b1b74b9854f3f1289,7e96e0562c08521ace7558fac0c2f7efe8aa326de46fe60b1b74b9854f3f1289,False
WS:XSHE:002353,55144e63ae48e7fc9c2191a99ac71e4ca0a75d943082ae4125280ba8f7f88be6,55144e63ae48e7fc9c2191a99ac71e4ca0a75d943082ae4125280ba8f7f88be6,False
WS:XSHE:002371,5031c85b52495bc95d146584b10c298c28b5eefdf230e99413b973240a466aeb,5031c85b52495bc95d146584b10c298c28b5eefdf230e99413b973240a466aeb,False
WS:XSHE:002384,ad2c8ae1621f1681d8d6679837f6c5d4812b8912120391d9077008881269ab24,ad2c8ae1621f1681d8d6679837f6c5d4812b8912120391d9077008881269ab24,False
WS:XSHE:002415,d17bac90068a9d8a141701de8054813dab9e18e651a0e0c77c8c732a9f1805f0,d17bac90068a9d8a141701de8054813dab9e18e651a0e0c77c8c732a9f1805f0,False
WS:XSHE:002422,539f3dc84566108ec49d1f92e47fd972c9f1ee3942a794d0ab4986b1d23d6995,539f3dc84566108ec49d1f92e47fd972c9f1ee3942a794d0ab4986b1d23d6995,False
WS:XSHE:002460,87fd55b6cdcb572de052b266c6cdc29353fa3b54479803270c2de670d7a4db04,87fd55b6cdcb572de052b266c6cdc29353fa3b54479803270c2de670d7a4db04,False
WS:XSHE:002463,ef2749766953434efdc0bcc733a1d0bfb814600c418bc8020e4a24e07ccbeb18,ef2749766953434efdc0bcc733a1d0bfb814600c418bc8020e4a24e07ccbeb18,False
WS:XSHE:002466,6db50112dd251054d7c7994765da531216e426772c448560d2187fe8da9a48b8,6db50112dd251054d7c7994765da531216e426772c448560d2187fe8da9a48b8,False
WS:XSHE:002475,85029f056d1cc3dcf4e08c6dedc66093b3058f5b8162e80e894cf004687f8a11,85029f056d1cc3dcf4e08c6dedc66093b3058f5b8162e80e894cf004687f8a11,False
WS:XSHE:002493,2c595c28df3945809a5e7c6030c009471d64bcc18b4812767db796dfa6a9eebb,2c595c28df3945809a5e7c6030c009471d64bcc18b4812767db796dfa6a9eebb,False
WS:XSHE:002532,b92bafbe7b85363c17589e8f6b195e8b70947f50b362bc2ec60df13d5170ccae,b92bafbe7b85363c17589e8f6b195e8b70947f50b362bc2ec60df13d5170ccae,False
WS:XSHE:002558,462f6c003007a39544c9ed6e7540f1a0125491eba2316de72c27065b0d0850bb,462f6c003007a39544c9ed6e7540f1a0125491eba2316de72c27065b0d0850bb,False
WS:XSHE:002594,7693fcc208d3a49f0559c1b7043a0d0c4e9104d01f6b4d252e33d7d4f2abeee0,7693fcc208d3a49f0559c1b7043a0d0c4e9104d01f6b4d252e33d7d4f2abeee0,False
WS:XSHE:002600,fbc24539d44d454e103310cc4a9609fe453ef1f3c14a0446ecdf80bcf846bdf4,fbc24539d44d454e103310cc4a9609fe453ef1f3c14a0446ecdf80bcf846bdf4,False
WS:XSHE:002602,3196e4ec8404112e106429606aa1089626a98701c63e520e9e8f702c04545dcc,3196e4ec8404112e106429606aa1089626a98701c63e520e9e8f702c04545dcc,False
WS:XSHE:002625,5b1cb180bacda8f597a90110ab6431f7d251e0dbcfd0ad78c14526bc19919cb7,5b1cb180bacda8f597a90110ab6431f7d251e0dbcfd0ad78c14526bc19919cb7,False
WS:XSHE:002648,e7ca1f3525161d272cd4fc65281cfc397d162d03872bb47abc7732c9672656e2,e7ca1f3525161d272cd4fc65281cfc397d162d03872bb47abc7732c9672656e2,False
WS:XSHE:002709,1a1f863ed8c41dbb9fab6c9f69aab666d51133ad67f8937e01623cbaba568731,1a1f863ed8c41dbb9fab6c9f69aab666d51133ad67f8937e01623cbaba568731,False
WS:XSHE:002714,49bef2adc0a55f6b4a6cb93c768b24159bbc70d56886b0856669e7d3c52b3f5f,49bef2adc0a55f6b4a6cb93c768b24159bbc70d56886b0856669e7d3c52b3f5f,False
WS:XSHE:002736,500e5e2d481e3dcc1e13416d5c3465e8fbf59e06bf97ebdab16e328e05338dfc,500e5e2d481e3dcc1e13416d5c3465e8fbf59e06bf97ebdab16e328e05338dfc,False
WS:XSHE:002837,fe14fad921142a2656828a3c16384084943b5de0bb25d8e73438cc312b4113de,fe14fad921142a2656828a3c16384084943b5de0bb25d8e73438cc312b4113de,False
WS:XSHE:002916,02d2e6d49efc7d4d528e3d2dd078e4721c4df0fb41bf89614a4b9535c5b52db2,02d2e6d49efc7d4d528e3d2dd078e4721c4df0fb41bf89614a4b9535c5b52db2,False
WS:XSHE:002920,b13f1cd2561f606bf348e7b3755d97016648a2d3b8a0acd3542495244e2a8eb5,b13f1cd2561f606bf348e7b3755d97016648a2d3b8a0acd3542495244e2a8eb5,False
WS:XSHE:002938,7c3efba7797cada8afdb8a05aca19a6dbfa6c09dac39f3ccd4b2675e81b37b8e,7c3efba7797cada8afdb8a05aca19a6dbfa6c09dac39f3ccd4b2675e81b37b8e,False
WS:XSHE:003816,2e6e4744843e56850d8d7d4c6c86a759999a5a5c755c71c08b870bdf35f9883a,2e6e4744843e56850d8d7d4c6c86a759999a5a5c755c71c08b870bdf35f9883a,False
WS:XSHE:300014,e880665ed4738d8173b73780d1a299b089f89c49a742ee5e680557906fb3f99d,e880665ed4738d8173b73780d1a299b089f89c49a742ee5e680557906fb3f99d,False
WS:XSHE:300015,13a94f91d87fc6cb37d22f87288e7839095b5c0850274ba362d6eea99bb2f8eb,13a94f91d87fc6cb37d22f87288e7839095b5c0850274ba362d6eea99bb2f8eb,False
WS:XSHE:300033,977acb5cf3cbb3f322f1fbf2b1f18c415be2210a55fee6b5d43bf08c1bc49859,977acb5cf3cbb3f322f1fbf2b1f18c415be2210a55fee6b5d43bf08c1bc49859,False
WS:XSHE:300059,6b6b325448d1f491bdbccd6d67efd360ceb5ec13164825cf4abbe02a865437c6,6b6b325448d1f491bdbccd6d67efd360ceb5ec13164825cf4abbe02a865437c6,False
WS:XSHE:300122,88703716ec9f3f172a1a5140054f1ee88e5d8a744a910efa22e18400b4cb13be,88703716ec9f3f172a1a5140054f1ee88e5d8a744a910efa22e18400b4cb13be,False
WS:XSHE:300124,3cc6c96b6228a8c19d69fbbd3d9117b5829fb00b96c7bbdbc808577f0fd2bdf8,3cc6c96b6228a8c19d69fbbd3d9117b5829fb00b96c7bbdbc808577f0fd2bdf8,False
WS:XSHE:300251,58d446e8a809910383b4892ebaa3cace7718798972bd5c4964a290e85bcfb1d7,58d446e8a809910383b4892ebaa3cace7718798972bd5c4964a290e85bcfb1d7,False
WS:XSHE:300274,d6f4c90db62e1a4622e715738602f6aa0c1ca76eac0219142e56e16288282b9b,d6f4c90db62e1a4622e715738602f6aa0c1ca76eac0219142e56e16288282b9b,False
WS:XSHE:300308,2e917da69e6db9e760f3e92c8fa161cc41202a65219f825dc69c970b0fd04646,2e917da69e6db9e760f3e92c8fa161cc41202a65219f825dc69c970b0fd04646,False
WS:XSHE:300316,e6aaf230ac6f8999b0f36ad362d1ca8f87dd924d137701a26a97dd2186b4e5cf,e6aaf230ac6f8999b0f36ad362d1ca8f87dd924d137701a26a97dd2186b4e5cf,False
WS:XSHE:300394,09ff3d79fb4a58598f47a25114edb3984a02db1ba75744e3dc895f700f533fde,09ff3d79fb4a58598f47a25114edb3984a02db1ba75744e3dc895f700f533fde,False
WS:XSHE:300408,6cb1fffce839dd80b56bbf70ae7bbed634967f4cf416be476d146b62ec02a53f,6cb1fffce839dd80b56bbf70ae7bbed634967f4cf416be476d146b62ec02a53f,False
WS:XSHE:300413,588969fe52856db8b1033baa4f2ecfaa051c465dd5d0b4db5823ea6b1c50de06,588969fe52856db8b1033baa4f2ecfaa051c465dd5d0b4db5823ea6b1c50de06,False
WS:XSHE:300418,73291d5457dadf8c231a7a0fddc9caece1f82ab46b20d1181768d7074984c332,73291d5457dadf8c231a7a0fddc9caece1f82ab46b20d1181768d7074984c332,False
WS:XSHE:300433,4c5bd9f412fcbb4794193026fdb03c20661995e99ba0f4f7c06ad0a4284dab76,4c5bd9f412fcbb4794193026fdb03c20661995e99ba0f4f7c06ad0a4284dab76,False
WS:XSHE:300442,6a3c2bcf2fa73d41cb668c5fb07a40a4b7d38ee9da17bcca26c3728d9550f318,6a3c2bcf2fa73d41cb668c5fb07a40a4b7d38ee9da17bcca26c3728d9550f318,False
WS:XSHE:300450,59ea5fdf749220c61a275ea55cf2893305272773d242c4f07661cb04d3fab50e,59ea5fdf749220c61a275ea55cf2893305272773d242c4f07661cb04d3fab50e,False
WS:XSHE:300476,7dc1c2e4f52f68013f59ce6167614e1dfb1424ba76cde3602bc1d5c162dd8a7e,7dc1c2e4f52f68013f59ce6167614e1dfb1424ba76cde3602bc1d5c162dd8a7e,False
WS:XSHE:300498,be70d35423011406fe2b36ad925db7bbc9467c2e59f7c203c6d2af4978b98621,be70d35423011406fe2b36ad925db7bbc9467c2e59f7c203c6d2af4978b98621,False
WS:XSHE:300502,487f6285f79194b262f3a7340c8d7163be8f686590c589fcdb7c9841efa42f7b,487f6285f79194b262f3a7340c8d7163be8f686590c589fcdb7c9841efa42f7b,False
WS:XSHE:300628,8671e9486e7294636a2e5ba08fc89e10d3752db892a3d3a350a1a3c0b09f47c3,8671e9486e7294636a2e5ba08fc89e10d3752db892a3d3a350a1a3c0b09f47c3,False
WS:XSHE:300661,0696b94f715da4a6114817acd1ac11209982d1c3d4fc6f5b293108db64d535b8,0696b94f715da4a6114817acd1ac11209982d1c3d4fc6f5b293108db64d535b8,False
WS:XSHE:300750,6af74ddc01e823a8222d518fec918f3b19d0dfa8a7a2308c758e669e827701cb,6af74ddc01e823a8222d518fec918f3b19d0dfa8a7a2308c758e669e827701cb,False
WS:XSHE:300760,ac743bff4dea9603ff0526ccda4957d996fb81ee896534808ed76f56de867095,ac743bff4dea9603ff0526ccda4957d996fb81ee896534808ed76f56de867095,False
WS:XSHE:300803,55435cc51c9a9b14ad6146f6ba9f7da53229b249fffb4b969c10c74685a27bc3,55435cc51c9a9b14ad6146f6ba9f7da53229b249fffb4b969c10c74685a27bc3,False
WS:XSHE:300832,8ec0392a40393bfbc27a9fee94823b0b0ccd0e8231fb0a91294e5c412a2f12b7,8ec0392a40393bfbc27a9fee94823b0b0ccd0e8231fb0a91294e5c412a2f12b7,False
WS:XSHE:300866,04c4fb91af39eb93b22d5dc58b30640ab1d529858ec29ad31bb8bada8376615b,04c4fb91af39eb93b22d5dc58b30640ab1d529858ec29ad31bb8bada8376615b,False
WS:XSHE:300896,8d843a8742bcb30f773a38bff6202268ac41fcdd0184afd595578cf87175e2cf,8d843a8742bcb30f773a38bff6202268ac41fcdd0184afd595578cf87175e2cf,False
WS:XSHE:300999,a868d125df0492f4f8cfe5e75906637a9b59b07058a8e7588a85d83d5a47025c,a868d125df0492f4f8cfe5e75906637a9b59b07058a8e7588a85d83d5a47025c,False
WS:XSHE:301165,7c107e461bf1e60b6084d7c81455ae59904983359b433941e7b018ab20fdecf5,7c107e461bf1e60b6084d7c81455ae59904983359b433941e7b018ab20fdecf5,False
WS:XSHE:301236,7e9b51bd05699cf122bc97f179da03a54b5975696ad692d5a39c45e8884ecb23,7e9b51bd05699cf122bc97f179da03a54b5975696ad692d5a39c45e8884ecb23,False
WS:XSHE:301269,83f6322024faa18227d14fa98800c1b3116a28e88909c3071c5b2a42c2f389a6,83f6322024faa18227d14fa98800c1b3116a28e88909c3071c5b2a42c2f389a6,False
WS:XSHE:301308,9a1782ea35dc4d752cfc41ef69f2d7f712ec98dcb9389408fc4e38ea1605e37d,9a1782ea35dc4d752cfc41ef69f2d7f712ec98dcb9389408fc4e38ea1605e37d,False
WS:XSHE:302132,be381e0cb9ae575c64d124001bc5346d78e0561e64eacddf37a663638fa7742a,be381e0cb9ae575c64d124001bc5346d78e0561e64eacddf37a663638fa7742a,False
WS:XSHG:600000,8ec21b9c7cfa1d1c2e029ec2efc84ea4f228f50441c7886d622f3fe3fd22fdc8,8ec21b9c7cfa1d1c2e029ec2efc84ea4f228f50441c7886d622f3fe3fd22fdc8,False
WS:XSHG:600009,ffd0df6ea5bef89f2821478a6e1cbd929cbe16d2f71ee3c1e3893d909154ac19,ffd0df6ea5bef89f2821478a6e1cbd929cbe16d2f71ee3c1e3893d909154ac19,False
WS:XSHG:600010,5610ae01c2f49ba18f7a5ac76d75376c5b31d8e6ae97916533aeadf6be7b9606,5610ae01c2f49ba18f7a5ac76d75376c5b31d8e6ae97916533aeadf6be7b9606,False
WS:XSHG:600011,ef66e3830f124fb807b5cc7982c11e352d4dd5b4b44da82971d81332a47af14d,ef66e3830f124fb807b5cc7982c11e352d4dd5b4b44da82971d81332a47af14d,False
WS:XSHG:600015,fb82fb4e549ea93fc7db24045bf342cd4c2ea2ccd172f06db4e8e32dd30ce390,fb82fb4e549ea93fc7db24045bf342cd4c2ea2ccd172f06db4e8e32dd30ce390,False
WS:XSHG:600016,ee6d2a08d3744bbbc08af4e6c80dac52c6182941c6555b1657e415fe66a44052,ee6d2a08d3744bbbc08af4e6c80dac52c6182941c6555b1657e415fe66a44052,False
WS:XSHG:600018,b15e0297b591486f8d4cbcaf2945e4d210cc310b82faa2051900fe357e883647,b15e0297b591486f8d4cbcaf2945e4d210cc310b82faa2051900fe357e883647,False
WS:XSHG:600019,32cc6669ccb68af3c0cab180f4ef55f5ce38292bbdeb4146e7133940b3e697d8,32cc6669ccb68af3c0cab180f4ef55f5ce38292bbdeb4146e7133940b3e697d8,False
WS:XSHG:600023,3b0056bd886bee17aadb50941671de37e106ed3ae7247fba4ee9fcbeea3844cb,3b0056bd886bee17aadb50941671de37e106ed3ae7247fba4ee9fcbeea3844cb,False
WS:XSHG:600025,9ee2a52371e774087b2dc05f9926edc980dde494d8069d3e294996322f2b69eb,9ee2a52371e774087b2dc05f9926edc980dde494d8069d3e294996322f2b69eb,False
WS:XSHG:600026,1fed09e9b7156877c774f0578168be8d9b33a9e20f2cd2dbf7d13e95c2900b55,1fed09e9b7156877c774f0578168be8d9b33a9e20f2cd2dbf7d13e95c2900b55,False
WS:XSHG:600027,881b7ccc374c98ca6543f234346a783eb65128faab4a71eaa616a38566afb6c4,881b7ccc374c98ca6543f234346a783eb65128faab4a71eaa616a38566afb6c4,False
WS:XSHG:600028,38e54652ee9e5e7c73c753b6d09cc59dbdcea1210237fbcad80258bc2e505219,38e54652ee9e5e7c73c753b6d09cc59dbdcea1210237fbcad80258bc2e505219,False
WS:XSHG:600029,f77868ae348779e983e18358a2b2790e92a38d5a6d5d472e38812fcc04de4e76,f77868ae348779e983e18358a2b2790e92a38d5a6d5d472e38812fcc04de4e76,False
WS:XSHG:600030,2b7af94a2a2d84afb84050981fac343a6fa7570c8fed7b66d91b82321b2963bc,2b7af94a2a2d84afb84050981fac343a6fa7570c8fed7b66d91b82321b2963bc,False
WS:XSHG:600031,8b96eec33d0d4d258e0be9a546a233a037fb2293d5e8613253ebd0867f04ef09,8b96eec33d0d4d258e0be9a546a233a037fb2293d5e8613253ebd0867f04ef09,False
WS:XSHG:600036,c717ef82cdb0bfe496fda2d82f4c4e2c932522feec32a4eb46b5b2b9f639a07f,c717ef82cdb0bfe496fda2d82f4c4e2c932522feec32a4eb46b5b2b9f639a07f,False
WS:XSHG:600039,860a6247090b944741d287e8d2ef53c3e97833e9a14acec015925cdac2bcc49a,860a6247090b944741d287e8d2ef53c3e97833e9a14acec015925cdac2bcc49a,False
WS:XSHG:600048,5b60c52650e136fadd9d2e0c20512e8e9c8e87ee0d8e774841fc046cac1d69c6,5b60c52650e136fadd9d2e0c20512e8e9c8e87ee0d8e774841fc046cac1d69c6,False
WS:XSHG:600050,51ab907840ee7d488f556ccf892a61a69004d16ae3f9f6c9c488b278fba547c5,51ab907840ee7d488f556ccf892a61a69004d16ae3f9f6c9c488b278fba547c5,False
WS:XSHG:600061,e8d1c2f964de73f1b1a299f8a9da17bde9836b2cc76b4755f8e23138b215bfd9,e8d1c2f964de73f1b1a299f8a9da17bde9836b2cc76b4755f8e23138b215bfd9,False
WS:XSHG:600066,aa5b32b1cf34a8601a5e7918cd700fd740e3a8b8dc14e88e66bf2042394c244a,aa5b32b1cf34a8601a5e7918cd700fd740e3a8b8dc14e88e66bf2042394c244a,False
WS:XSHG:600085,d35c3eb880000b9760a83174016959e1cb9ae47adb7f2622f9326c1d100878da,d35c3eb880000b9760a83174016959e1cb9ae47adb7f2622f9326c1d100878da,False
WS:XSHG:600089,2c3112fb592dacecd136bd96cf8c7eab1d1e9150278abcd3f7798f496e8b78f1,2c3112fb592dacecd136bd96cf8c7eab1d1e9150278abcd3f7798f496e8b78f1,False
WS:XSHG:600104,96a270f9f3540ce42fd41d31c537e482e0c37fda8db6fbe5b66476444b39ccc0,96a270f9f3540ce42fd41d31c537e482e0c37fda8db6fbe5b66476444b39ccc0,False
WS:XSHG:600111,7c8569a8c94fc5032ecf18dee4af74879261210b748b9243646891b691c07478,7c8569a8c94fc5032ecf18dee4af74879261210b748b9243646891b691c07478,False
WS:XSHG:600115,272b890756467eb1abc17a8d3a41b75ecd98b19f850feb86fc51a0d2c64faa18,272b890756467eb1abc17a8d3a41b75ecd98b19f850feb86fc51a0d2c64faa18,False
WS:XSHG:600118,409b6078ccb792d31e6273fb8ba40644ee0e13938b30523baee25f997f7a26a2,409b6078ccb792d31e6273fb8ba40644ee0e13938b30523baee25f997f7a26a2,False
WS:XSHG:600150,2efe2cac04f49992c60c832b46b174b2dc9974aab3ef6aa3815ba7f53ba4d2d1,2efe2cac04f49992c60c832b46b174b2dc9974aab3ef6aa3815ba7f53ba4d2d1,False
WS:XSHG:600160,a2d53f0531f881f737195d2d077f72a3ee8531235ed4a6e2c06bbbb587822fe4,a2d53f0531f881f737195d2d077f72a3ee8531235ed4a6e2c06bbbb587822fe4,False
WS:XSHG:600176,b68cd454a84c0d8a7d477bba7acbf153a3b7ddfb94e1ff3a2f025faf276581bf,b68cd454a84c0d8a7d477bba7acbf153a3b7ddfb94e1ff3a2f025faf276581bf,False
WS:XSHG:600183,dffdd687ed74e932c278797fe5efee994900ecc5a7ebfb5f58839e2343cdc9f7,dffdd687ed74e932c278797fe5efee994900ecc5a7ebfb5f58839e2343cdc9f7,False
WS:XSHG:600188,f3fef3709b84d39e3935d9f920f37ed024641b153f9e6d6ddc5cc162924be91b,f3fef3709b84d39e3935d9f920f37ed024641b153f9e6d6ddc5cc162924be91b,False
WS:XSHG:600196,164e31143124284ee108515574bc01f1e6b772bb3ca218f41e72b7727f1418bf,164e31143124284ee108515574bc01f1e6b772bb3ca218f41e72b7727f1418bf,False
WS:XSHG:600219,ba7b6d53533dfa1c48802a3abd581f27aafac45e89bc835ed354f73e74e5cd42,ba7b6d53533dfa1c48802a3abd581f27aafac45e89bc835ed354f73e74e5cd42,False
WS:XSHG:600221,732183f592202f43378ad3003b42f21afd0546f0beb16b6bd9c66546fc5baecf,732183f592202f43378ad3003b42f21afd0546f0beb16b6bd9c66546fc5baecf,False
WS:XSHG:600233,06eaf35f93f7e7f07081ef1c1bbd57ec02a91cc7ee5a5533b144fcd709debcf9,06eaf35f93f7e7f07081ef1c1bbd57ec02a91cc7ee5a5533b144fcd709debcf9,False
WS:XSHG:600276,8343a8031da9425db5e1806b171943ebf57976354fe62e5d6088d45acbc22fef,8343a8031da9425db5e1806b171943ebf57976354fe62e5d6088d45acbc22fef,False
WS:XSHG:600309,5d7f94e7f795207d9fbd4005b06796478e29bf2bc93085c583e7a36dc6b605cd,5d7f94e7f795207d9fbd4005b06796478e29bf2bc93085c583e7a36dc6b605cd,False
WS:XSHG:600346,44eb6dbed42c8e5ce200ad90f1f9836540c03f200984a6d7dccae875d26da613,44eb6dbed42c8e5ce200ad90f1f9836540c03f200984a6d7dccae875d26da613,False
WS:XSHG:600362,edfe31eff07edae0bff242e026a5e7ef9603ff020c4685dc0a304a68643ceb67,edfe31eff07edae0bff242e026a5e7ef9603ff020c4685dc0a304a68643ceb67,False
WS:XSHG:600372,96d8312d9f9173185f203c6355a54394f0c40a1afaa1a6da091e2b0aa899a13b,96d8312d9f9173185f203c6355a54394f0c40a1afaa1a6da091e2b0aa899a13b,False
WS:XSHG:600406,a6fb4a2ea67cbb587fbd32a8ac0bf5114151148e482c7137670d4218a0409dce,a6fb4a2ea67cbb587fbd32a8ac0bf5114151148e482c7137670d4218a0409dce,False
WS:XSHG:600415,d55c47f452c7b62c0221e9d5adf586b2fe7f943612a0ff413ea1b861403836c5,d55c47f452c7b62c0221e9d5adf586b2fe7f943612a0ff413ea1b861403836c5,False
WS:XSHG:600426,3541dc38f98dd372f5f6a3841ecf477ce2dc8bfa81fd17459b772eaedee316c1,3541dc38f98dd372f5f6a3841ecf477ce2dc8bfa81fd17459b772eaedee316c1,False
WS:XSHG:600436,fdb4563181b78e7cb3f7d3d8e771fd82312154a01407ff80b9a098d40b60b6e2,fdb4563181b78e7cb3f7d3d8e771fd82312154a01407ff80b9a098d40b60b6e2,False
WS:XSHG:600438,0b47bb849cc54382cc06db45378a4dc8c8e77c61e1ca7a5ea8abb343350141d7,0b47bb849cc54382cc06db45378a4dc8c8e77c61e1ca7a5ea8abb343350141d7,False
WS:XSHG:600460,b9550a43191456de30cd6855140f0bb77f59b7627cca1d3d79f93799d6b052a3,b9550a43191456de30cd6855140f0bb77f59b7627cca1d3d79f93799d6b052a3,False
WS:XSHG:600482,36d489d4d823dbfb8241148560034690f1e7db919da8c8bd1952bf20cfc952a6,36d489d4d823dbfb8241148560034690f1e7db919da8c8bd1952bf20cfc952a6,False
WS:XSHG:600489,145683c73b4a339343330c7efa717b5024019c930ba50a8168d73090f8a6a667,145683c73b4a339343330c7efa717b5024019c930ba50a8168d73090f8a6a667,False
WS:XSHG:600515,9d02ff59e53f8e45859cdbb9da8fd37f2cfb7a95ddd0cd251180c093bdc0317f,9d02ff59e53f8e45859cdbb9da8fd37f2cfb7a95ddd0cd251180c093bdc0317f,False
WS:XSHG:600519,28ea9bcf9257242cee567c5d3572cc70f6d3059324a932ae1e7bbefbd5162bb6,28ea9bcf9257242cee567c5d3572cc70f6d3059324a932ae1e7bbefbd5162bb6,False
WS:XSHG:600522,805121698f4034483b0c6295030a9d9e6a466880e9b9d4e6e5db5c09a707b7d3,805121698f4034483b0c6295030a9d9e6a466880e9b9d4e6e5db5c09a707b7d3,False
WS:XSHG:600547,5d22c9eb27f674a5aa1752d9af1a79f95ef0ad3e78437c0cd98a2b545dc13ccd,5d22c9eb27f674a5aa1752d9af1a79f95ef0ad3e78437c0cd98a2b545dc13ccd,False
WS:XSHG:600549,8040c7028102135e162674328bc1cbb357d950ceee3cb0984ff8f33bd424c8e6,8040c7028102135e162674328bc1cbb357d950ceee3cb0984ff8f33bd424c8e6,False
WS:XSHG:600570,a22081fc3cfc4fbc0ed681b4e096ae7867903ed7e7b35612cf8a333a07cdfb85,a22081fc3cfc4fbc0ed681b4e096ae7867903ed7e7b35612cf8a333a07cdfb85,False
WS:XSHG:600584,564c949ee300de6c1dbaaef19fe9c24c26a43067f6ac042e21b0263ef6ba5537,564c949ee300de6c1dbaaef19fe9c24c26a43067f6ac042e21b0263ef6ba5537,False
WS:XSHG:600585,47eef4b0c541db228db235d24adb6ee0e9d8b024f593e87eb851d55b12a1b88b,47eef4b0c541db228db235d24adb6ee0e9d8b024f593e87eb851d55b12a1b88b,False
WS:XSHG:600588,6e48d78273b9dd630f7a1bb69a8b6d20d6bd165cec0ca440d88e9f5de8f61357,6e48d78273b9dd630f7a1bb69a8b6d20d6bd165cec0ca440d88e9f5de8f61357,False
WS:XSHG:600600,dd211f3833ce6a5fc5092305dc2cdc11ac19b9e3db7715d3edbe2ff9fc2eb46a,dd211f3833ce6a5fc5092305dc2cdc11ac19b9e3db7715d3edbe2ff9fc2eb46a,False
WS:XSHG:600660,0ed87d3c59ef2b1d37192639d6914cec3c016d702ab3bdf43b2300acad548122,0ed87d3c59ef2b1d37192639d6914cec3c016d702ab3bdf43b2300acad548122,False
WS:XSHG:600674,b0860239e190e4c684ef305f3509378690ad08d5b0bc28d507a773e8a3882f3b,b0860239e190e4c684ef305f3509378690ad08d5b0bc28d507a773e8a3882f3b,False
WS:XSHG:600690,2d3fccec039537f373c6d97c32a5939fc410517248aa176bd6e698351051a9b2,2d3fccec039537f373c6d97c32a5939fc410517248aa176bd6e698351051a9b2,False
WS:XSHG:600741,54de00264cf0c5cec47734c25b3ec080162b4387fd345cc33c2c667f1ab0fef4,54de00264cf0c5cec47734c25b3ec080162b4387fd345cc33c2c667f1ab0fef4,False
WS:XSHG:600760,dab16835a626183cd474dc660ba4111b42cdec31785e8f25e47f52eabe90e88d,dab16835a626183cd474dc660ba4111b42cdec31785e8f25e47f52eabe90e88d,False
WS:XSHG:600795,5b13b40119c9b2959a18f590ab31c2cefc1437d25034aa3444fc8660253a1ad4,5b13b40119c9b2959a18f590ab31c2cefc1437d25034aa3444fc8660253a1ad4,False
WS:XSHG:600803,716c07a3b50164b8179e63b1e8f10ed4d43d3b8bd3478f93c520f7d0923b1a6d,716c07a3b50164b8179e63b1e8f10ed4d43d3b8bd3478f93c520f7d0923b1a6d,False
WS:XSHG:600809,6d79e7d344c2c51405f4356ee2d298af257438f52adaaeebd90f17eb28eb8573,6d79e7d344c2c51405f4356ee2d298af257438f52adaaeebd90f17eb28eb8573,False
WS:XSHG:600845,881d7eaa11540bf06b70e398dccd7a47fc383321f0cbc2096b8f4411244ae814,881d7eaa11540bf06b70e398dccd7a47fc383321f0cbc2096b8f4411244ae814,False
WS:XSHG:600875,aff6bd71acdd38deb3c3e467e9c4764d6754bc34301c934a8fbe9ecf01d28f0b,aff6bd71acdd38deb3c3e467e9c4764d6754bc34301c934a8fbe9ecf01d28f0b,False
WS:XSHG:600886,bbe92f81bdf6efc41fa66e18c97522c357b843e8dbf312229913a64ede6f07ee,bbe92f81bdf6efc41fa66e18c97522c357b843e8dbf312229913a64ede6f07ee,False
WS:XSHG:600887,4f05eb1fce9099e4b5cf22cbd07bbb82628281a2373bf05008cc71fc5e8b2353,4f05eb1fce9099e4b5cf22cbd07bbb82628281a2373bf05008cc71fc5e8b2353,False
WS:XSHG:600893,8c3d052110536eb6adf012dbf8e8c0aeab44a388e05fb1d6977349a81b2a4c0f,8c3d052110536eb6adf012dbf8e8c0aeab44a388e05fb1d6977349a81b2a4c0f,False
WS:XSHG:600900,06a068dd2597748853af872f5be8232a5d15eeb369da8d387fde38c8230304b0,06a068dd2597748853af872f5be8232a5d15eeb369da8d387fde38c8230304b0,False
WS:XSHG:600905,912a9930cc24b21185d4d27a88f479ba5cc5f0c435ebcde97728d8f466db85c6,912a9930cc24b21185d4d27a88f479ba5cc5f0c435ebcde97728d8f466db85c6,False
WS:XSHG:600918,15375c6bea9a1af480e1ea1395e81f5c76312f7aafa7c6965840fbce4f2b856c,15375c6bea9a1af480e1ea1395e81f5c76312f7aafa7c6965840fbce4f2b856c,False
WS:XSHG:600919,d092d995484bcf42d507eeabb8f9ebc03deb07825cd98939b6d7371d4367286c,d092d995484bcf42d507eeabb8f9ebc03deb07825cd98939b6d7371d4367286c,False
WS:XSHG:600926,77b61cb18a70069f5f35fd7516a19c9315a0670ba9f71fe7e46f9a23c8343848,77b61cb18a70069f5f35fd7516a19c9315a0670ba9f71fe7e46f9a23c8343848,False
WS:XSHG:600930,444134168753889ab8d6ba2780f2436f3cf343147416470e7c31397cbe0a7033,444134168753889ab8d6ba2780f2436f3cf343147416470e7c31397cbe0a7033,False
WS:XSHG:600938,25c9eb815e87bcd8eaa3b721fa3b1960d8c604875a75c8e663e88658abafde76,25c9eb815e87bcd8eaa3b721fa3b1960d8c604875a75c8e663e88658abafde76,False
WS:XSHG:600941,4b159cd3c7d04ea9913b9bff61414e7bde45bab8854ef4afacee60a549972c99,4b159cd3c7d04ea9913b9bff61414e7bde45bab8854ef4afacee60a549972c99,False
WS:XSHG:600958,6f813bda9554b5a70241ba80dbb5b4c922591ccedb1f994cf6b7e3a8d6dc684b,6f813bda9554b5a70241ba80dbb5b4c922591ccedb1f994cf6b7e3a8d6dc684b,False
WS:XSHG:600989,e18f28970476d37baf6ffe10dfe68671ef14bdd0cb7ac5001a827a1a2a002362,e18f28970476d37baf6ffe10dfe68671ef14bdd0cb7ac5001a827a1a2a002362,False
WS:XSHG:600999,037e296f9533b25668a24866bef390a8f3fe03ee47183ad7427f8e3d1f00f6c4,037e296f9533b25668a24866bef390a8f3fe03ee47183ad7427f8e3d1f00f6c4,False
WS:XSHG:601006,776d48d621a826835aed450af16606f86f0a69a5dec04c418c920ac99bbd0550,776d48d621a826835aed450af16606f86f0a69a5dec04c418c920ac99bbd0550,False
WS:XSHG:601009,4aea4f5223df768ad9b08ddc318bd342960c1ff9de30456144c937c07004537f,4aea4f5223df768ad9b08ddc318bd342960c1ff9de30456144c937c07004537f,False
WS:XSHG:601012,d29593946df5ca29f9b694eb90dbe7d956d82726e2a2f96d27c12baf7bba3342,d29593946df5ca29f9b694eb90dbe7d956d82726e2a2f96d27c12baf7bba3342,False
WS:XSHG:601018,dece029cbd8be8355ea0a10bcde92d8926ed1302b2be6901b598509ba9dc0186,dece029cbd8be8355ea0a10bcde92d8926ed1302b2be6901b598509ba9dc0186,False
WS:XSHG:601021,8010769b55fb09e8b8d03c3d51337e9f841c0d1d109c8540659995adccfe0fda,8010769b55fb09e8b8d03c3d51337e9f841c0d1d109c8540659995adccfe0fda,False
WS:XSHG:601058,62ef5e4956e7732d1f308fd73b9be3b7dfd57ac729597166eaadb6d6b1945c34,62ef5e4956e7732d1f308fd73b9be3b7dfd57ac729597166eaadb6d6b1945c34,False
WS:XSHG:601059,b25f62079f0e84c662755fcf5ba7cf6cb617f5250bede65e75b678de1a0193bb,b25f62079f0e84c662755fcf5ba7cf6cb617f5250bede65e75b678de1a0193bb,False
WS:XSHG:601066,321fc9b2599eb7c83d430e9cab80f188a51ba56e6ccb575010d5fcef9879b7ff,321fc9b2599eb7c83d430e9cab80f188a51ba56e6ccb575010d5fcef9879b7ff,False
WS:XSHG:601077,e5d2117dadab40dce499a80060590e191004a7c92cc158d9cf264efa36d02331,e5d2117dadab40dce499a80060590e191004a7c92cc158d9cf264efa36d02331,False
WS:XSHG:601088,f92055f735faa1c4dd9b1ec6251fb61e6e1ed22852d515a87bc1083d3a675bde,f92055f735faa1c4dd9b1ec6251fb61e6e1ed22852d515a87bc1083d3a675bde,False
WS:XSHG:601100,20c4bde390e41cf2822037ff74bdfe79c8b84352b1c8aff75b6e74dc2f4a8ef1,20c4bde390e41cf2822037ff74bdfe79c8b84352b1c8aff75b6e74dc2f4a8ef1,False
WS:XSHG:601111,addcb3cb19cc323c636c71872e524db703458fd3c597ef04dff5ce128ba606e6,addcb3cb19cc323c636c71872e524db703458fd3c597ef04dff5ce128ba606e6,False
WS:XSHG:601117,b6744f1f4c2c7e09f4347972652f73d56ae57b532ad19a3bdf98b1a10aaac2e4,b6744f1f4c2c7e09f4347972652f73d56ae57b532ad19a3bdf98b1a10aaac2e4,False
WS:XSHG:601127,6d9167c54f2ca1d639fb73ededa03884e264295ffb9ac1448fab03ac98e7bc55,6d9167c54f2ca1d639fb73ededa03884e264295ffb9ac1448fab03ac98e7bc55,False
WS:XSHG:601136,9bc323239587bac81bb7416570e8892c66fba83798c7e321c429103024201587,9bc323239587bac81bb7416570e8892c66fba83798c7e321c429103024201587,False
WS:XSHG:601138,0b7b22cf171b2fc218220f68ff28ebf7f67bc77570def992aa3dd4f5b80e175f,0b7b22cf171b2fc218220f68ff28ebf7f67bc77570def992aa3dd4f5b80e175f,False
WS:XSHG:601166,34d5a775e2107ca17bfc42537739517e9c3ba4dc379a529387d46237e27e728c,34d5a775e2107ca17bfc42537739517e9c3ba4dc379a529387d46237e27e728c,False
WS:XSHG:601169,e8d954628e9d55ae94d061e7d7d53886da2e160ccf5f1fff04219c976975874f,e8d954628e9d55ae94d061e7d7d53886da2e160ccf5f1fff04219c976975874f,False
WS:XSHG:601186,3ae57a30c498627b0daa1c1194032519a965e3cd9bc8685250fe95c136055c83,3ae57a30c498627b0daa1c1194032519a965e3cd9bc8685250fe95c136055c83,False
WS:XSHG:601211,09a1fd0b9557c35c211bf51fbc8136c3fd10f3e72f04677e53ad189ded9b7238,09a1fd0b9557c35c211bf51fbc8136c3fd10f3e72f04677e53ad189ded9b7238,False
WS:XSHG:601225,ca9a5b76c1fe78921b5923a74cbf130109ef039578310a344d10b4a3a865f354,ca9a5b76c1fe78921b5923a74cbf130109ef039578310a344d10b4a3a865f354,False
WS:XSHG:601229,71ac2dede7d19da669fe36dccb7e84c90a7ceca62430cbafa17d545ff3619ae1,71ac2dede7d19da669fe36dccb7e84c90a7ceca62430cbafa17d545ff3619ae1,False
WS:XSHG:601238,c2ef71aa989e8f93304287fe5bb3c3f480060bc2bc15bbf131fac45f50ff36e1,c2ef71aa989e8f93304287fe5bb3c3f480060bc2bc15bbf131fac45f50ff36e1,False
WS:XSHG:601288,81ff730b79cba63e56d120ddbcb6f38e16a1f7c5bc6d3e7bc0fa867412d24daa,81ff730b79cba63e56d120ddbcb6f38e16a1f7c5bc6d3e7bc0fa867412d24daa,False
WS:XSHG:601318,2f3b0e5c395990260f4730e53295c67c30e4d52a3f36d03f1d502ce0c7b5f5c4,2f3b0e5c395990260f4730e53295c67c30e4d52a3f36d03f1d502ce0c7b5f5c4,False
WS:XSHG:601319,be2870cf1159513c4095c090c3895869b3998cef7bf94776214058ee62d286e5,be2870cf1159513c4095c090c3895869b3998cef7bf94776214058ee62d286e5,False
WS:XSHG:601328,f9576b4a544889a8ae28c02f88259731492aee0bca325f15438d72b826aa178d,f9576b4a544889a8ae28c02f88259731492aee0bca325f15438d72b826aa178d,False
WS:XSHG:601336,092b700bbdf60c91bf47a5f5eca9a41a6899c44a65ae635adba34499d2a4301d,092b700bbdf60c91bf47a5f5eca9a41a6899c44a65ae635adba34499d2a4301d,False
WS:XSHG:601360,b0bb096d1dad4ed3c0618634fcc32efbbca0bead60bf3420de566ad1575e63a9,b0bb096d1dad4ed3c0618634fcc32efbbca0bead60bf3420de566ad1575e63a9,False
WS:XSHG:601377,28083482c161e9b0fdf1b5f60498f70365ed824c1b87dce26af6869d3ba7f61f,28083482c161e9b0fdf1b5f60498f70365ed824c1b87dce26af6869d3ba7f61f,False
WS:XSHG:601390,030921d0264bb594ce38d96e604e66ad9407f78497bef00e42cee73f9bd9d5ea,030921d0264bb594ce38d96e604e66ad9407f78497bef00e42cee73f9bd9d5ea,False
WS:XSHG:601398,fc5d2f2dbe88f8407561b78458b3b745ac15dc4ff4adca77fa25a9e867e00f8c,fc5d2f2dbe88f8407561b78458b3b745ac15dc4ff4adca77fa25a9e867e00f8c,False
WS:XSHG:601456,076f8979d16d84b828db28d3eed822af70ca60c1b3493c4aaf5b49089d4ad2bb,076f8979d16d84b828db28d3eed822af70ca60c1b3493c4aaf5b49089d4ad2bb,False
WS:XSHG:601600,648751fb8a1736012f23293526c5ed79b9295859c83ffcc9516a0522e454a791,648751fb8a1736012f23293526c5ed79b9295859c83ffcc9516a0522e454a791,False
WS:XSHG:601601,c56e05f445444eff28533416c5c098055705e75bdd01a2c6f96e73dcb8b57540,c56e05f445444eff28533416c5c098055705e75bdd01a2c6f96e73dcb8b57540,False
WS:XSHG:601607,0bb34559d8ad2789cb632d0386930150aa8dd1e7c6c08ea30b604be4cbef9de3,0bb34559d8ad2789cb632d0386930150aa8dd1e7c6c08ea30b604be4cbef9de3,False
WS:XSHG:601618,249d4245c6ee3392142b36fd88305db351c0f9b56f876830a09edb8c43c322fc,249d4245c6ee3392142b36fd88305db351c0f9b56f876830a09edb8c43c322fc,False
WS:XSHG:601628,8dde40ad4ab94d1160a2fdc426a031ce445e0a370c0f0792faa2f35591d69236,8dde40ad4ab94d1160a2fdc426a031ce445e0a370c0f0792faa2f35591d69236,False
WS:XSHG:601633,917bf51d4e84c5df9c4f0ac9279f34beba273c895de02c3c9b5b5c3a026f3231,917bf51d4e84c5df9c4f0ac9279f34beba273c895de02c3c9b5b5c3a026f3231,False
WS:XSHG:601658,bd5dd91cb3e9b6d1ab019c86747e1ba4b2fc68ab4bb6b09a0f7f17c0c8890e06,bd5dd91cb3e9b6d1ab019c86747e1ba4b2fc68ab4bb6b09a0f7f17c0c8890e06,False
WS:XSHG:601668,ee74ca8c76d8c61ddbdcc834e4e948a43531c467c945852b1936f8e65b8d621e,ee74ca8c76d8c61ddbdcc834e4e948a43531c467c945852b1936f8e65b8d621e,False
WS:XSHG:601669,84b6caf6dd949804f404197d07836fb877e46526f7f6c861afbb8ec1d60d98a3,84b6caf6dd949804f404197d07836fb877e46526f7f6c861afbb8ec1d60d98a3,False
WS:XSHG:601688,d1d8a0fbd169e26037654975bf9d678e4f9a05fd3b514c28ecf68bbd851d3dea,d1d8a0fbd169e26037654975bf9d678e4f9a05fd3b514c28ecf68bbd851d3dea,False
WS:XSHG:601689,746e63866d5eddad5a413a5a69a5c2c0bf8e7dfef6332d50729ffe6c59ff62fc,746e63866d5eddad5a413a5a69a5c2c0bf8e7dfef6332d50729ffe6c59ff62fc,False
WS:XSHG:601698,d5401c04e1e6e4d37ad110ad55547103efec941073949f5439a59ea0438bf057,d5401c04e1e6e4d37ad110ad55547103efec941073949f5439a59ea0438bf057,False
WS:XSHG:601727,3361de4eba75685c365d666dfda5e0785de501105f025ce4659c0afe234e61ba,3361de4eba75685c365d666dfda5e0785de501105f025ce4659c0afe234e61ba,False
WS:XSHG:601728,de2c1f8156fa796cca59ce2d7106035fcb03056868417fd3467f70070a53a10e,de2c1f8156fa796cca59ce2d7106035fcb03056868417fd3467f70070a53a10e,False
WS:XSHG:601766,841279deb9249c79f4911ad34e19f98f4e2e1090e613de2a852e735637befdd8,841279deb9249c79f4911ad34e19f98f4e2e1090e613de2a852e735637befdd8,False
WS:XSHG:601788,7638047472f2bbf34fb9652c924216da09a8c6cc7416038dfde0354968305a31,7638047472f2bbf34fb9652c924216da09a8c6cc7416038dfde0354968305a31,False
WS:XSHG:601800,8a67355255c345ea31030485a347bd42f6d117bbda5e6558f6264bb86d6ef01f,8a67355255c345ea31030485a347bd42f6d117bbda5e6558f6264bb86d6ef01f,False
WS:XSHG:601816,34555e24200603103320fb671b94dfefb9d9242ee72f6b4f39820195faa43018,34555e24200603103320fb671b94dfefb9d9242ee72f6b4f39820195faa43018,False
WS:XSHG:601818,220726586cc298a76aff7f4a91b556ba2d2fd899b2ca360d20e2fb2bcb3be566,220726586cc298a76aff7f4a91b556ba2d2fd899b2ca360d20e2fb2bcb3be566,False
WS:XSHG:601825,90a4abf35a659a31d46ef63af05daf0fc5db7fb44498f5c79a663c1b2d8d4ae8,90a4abf35a659a31d46ef63af05daf0fc5db7fb44498f5c79a663c1b2d8d4ae8,False
WS:XSHG:601838,ff5910b01dc941e693e79984f99428649a46afdda6ca6f52302c1851ded366a3,ff5910b01dc941e693e79984f99428649a46afdda6ca6f52302c1851ded366a3,False
WS:XSHG:601857,9ecad76b96b788504fdacbc96cbe9386db02a796e230032e6354b1266b218e66,9ecad76b96b788504fdacbc96cbe9386db02a796e230032e6354b1266b218e66,False
WS:XSHG:601868,e02d8da691f5820fb47d1d68cdb4863694f3cc12a7074aa805d392657e2bc838,e02d8da691f5820fb47d1d68cdb4863694f3cc12a7074aa805d392657e2bc838,False
WS:XSHG:601872,b78e84a24cc72eec760dfdde03c34de4c898956e9cbd584fb9fa186fd81e4515,b78e84a24cc72eec760dfdde03c34de4c898956e9cbd584fb9fa186fd81e4515,False
WS:XSHG:601877,0bd1a290a81eb122648aeecb1a6654bbe2457ccad13d0e96751429a5dca38143,0bd1a290a81eb122648aeecb1a6654bbe2457ccad13d0e96751429a5dca38143,False
WS:XSHG:601878,5b134ea7b7982df6152b1ed6ae77abed8f0be58e87226defeb837504abb742c9,5b134ea7b7982df6152b1ed6ae77abed8f0be58e87226defeb837504abb742c9,False
WS:XSHG:601881,65360ad5989f52271849c849ebd5fefd06266a4b0d87abf0f45dd37cd666ef41,65360ad5989f52271849c849ebd5fefd06266a4b0d87abf0f45dd37cd666ef41,False
WS:XSHG:601888,f2d06cbf77c05183d72660eab3e3d1d8c383dca2d221b60539849ecf39a7fcac,f2d06cbf77c05183d72660eab3e3d1d8c383dca2d221b60539849ecf39a7fcac,False
WS:XSHG:601898,9b4efb67c44e3bb2fdd4dd5de7ce6a0bb52cefed4b16deae80ff90983d0b308e,9b4efb67c44e3bb2fdd4dd5de7ce6a0bb52cefed4b16deae80ff90983d0b308e,False
WS:XSHG:601899,b001a92b8970535cc5ef2520e8873c25538efc29dc201705ccc07681ef73d4e9,b001a92b8970535cc5ef2520e8873c25538efc29dc201705ccc07681ef73d4e9,False
WS:XSHG:601901,ff525cf4f98f10cab265a4d07661eebc4644be4df4ceb00d73cb8930318e64c2,ff525cf4f98f10cab265a4d07661eebc4644be4df4ceb00d73cb8930318e64c2,False
WS:XSHG:601916,c132aee19b783f4158a524770094849c07f94364acf77826ea42f409dbf92b20,c132aee19b783f4158a524770094849c07f94364acf77826ea42f409dbf92b20,False
WS:XSHG:601919,9a52e5a04ff551f707b1bfd3a691cc461f106953330d1c6353fe91d8a8eecb9d,9a52e5a04ff551f707b1bfd3a691cc461f106953330d1c6353fe91d8a8eecb9d,False
WS:XSHG:601939,fdff7c0d3b39355aad3bf8e6599b13692a5c5dfd2eb74fe191436365b4150b21,fdff7c0d3b39355aad3bf8e6599b13692a5c5dfd2eb74fe191436365b4150b21,False
WS:XSHG:601985,ace44d93f4278a8d9332129cac7467c7354238752e88c0fb104e749d595f25a8,ace44d93f4278a8d9332129cac7467c7354238752e88c0fb104e749d595f25a8,False
WS:XSHG:601988,bc63ab785035fad8e4311481b985a4a9915061d02be427f12731cf55ab594bc1,bc63ab785035fad8e4311481b985a4a9915061d02be427f12731cf55ab594bc1,False
WS:XSHG:601995,5c9e6222afd0ce0c8a3a4c40d3b8d55a33463d72e91d1fc27bd4af08baad93f5,5c9e6222afd0ce0c8a3a4c40d3b8d55a33463d72e91d1fc27bd4af08baad93f5,False
WS:XSHG:601998,c27057dd828ec2d82cfadecac856d8534213da1bce776ea606b1cbd58d5e6dd6,c27057dd828ec2d82cfadecac856d8534213da1bce776ea606b1cbd58d5e6dd6,False
WS:XSHG:603019,16a2bf51d27b92a201ae80fccdc6b6c9d7ef9776a189c453ce1753043883f118,16a2bf51d27b92a201ae80fccdc6b6c9d7ef9776a189c453ce1753043883f118,False
WS:XSHG:603259,6883c7b7d25dadce562a00917885899959958b7dd7606b91d99ea2dfb7c5acc1,6883c7b7d25dadce562a00917885899959958b7dd7606b91d99ea2dfb7c5acc1,False
WS:XSHG:603260,e212df507bed43a3e6dd303493749f31dcc4c10e4d72ee86f3e7c688fab0d0a8,e212df507bed43a3e6dd303493749f31dcc4c10e4d72ee86f3e7c688fab0d0a8,False
WS:XSHG:603288,0ada0955b814eac0a2d5f883536e4736a5fd28481cb8fa753107b3e1b9bcd79b,0ada0955b814eac0a2d5f883536e4736a5fd28481cb8fa753107b3e1b9bcd79b,False
WS:XSHG:603296,cb96ba439955d61c09ab00e5382ad3bf6598e63f99c8e32d643dcccaaf7d1f91,cb96ba439955d61c09ab00e5382ad3bf6598e63f99c8e32d643dcccaaf7d1f91,False
WS:XSHG:603369,e89e2037c310ca901007acb2490b86675b867c37590a5cfc764c2dc2a367bebf,e89e2037c310ca901007acb2490b86675b867c37590a5cfc764c2dc2a367bebf,False
WS:XSHG:603392,ea64b8a9d506381175d5f0a07e8f88b55d97fc442c04da2bafba178450eb904f,ea64b8a9d506381175d5f0a07e8f88b55d97fc442c04da2bafba178450eb904f,False
WS:XSHG:603501,c6de998738796f651bb893dfdc3b6cbd2561e333995d7728d014c78d645ac396,c6de998738796f651bb893dfdc3b6cbd2561e333995d7728d014c78d645ac396,False
WS:XSHG:603799,fdb1a4337d0b1f8475a52e87af4c0f6a4a4da2a90cec103042850435cb650a73,fdb1a4337d0b1f8475a52e87af4c0f6a4a4da2a90cec103042850435cb650a73,False
WS:XSHG:603893,4ee8944f14d286b836698c644822d679ee2c693546f9ce53a39fabe1b9a0835d,4ee8944f14d286b836698c644822d679ee2c693546f9ce53a39fabe1b9a0835d,False
WS:XSHG:603986,9cd7f63dec2ea2c8b3694343e04873560e1afef9d81a6713c9acdb58aaeffb0d,9cd7f63dec2ea2c8b3694343e04873560e1afef9d81a6713c9acdb58aaeffb0d,False
WS:XSHG:603993,2e31d0c35ef73d91e7b55b4100904ffe9a77676bc1b810b444aaf0ff4f5bbb13,2e31d0c35ef73d91e7b55b4100904ffe9a77676bc1b810b444aaf0ff4f5bbb13,False
WS:XSHG:605117,86386952a18e2025688c4f99c6baed4782eec64156fc60e6b3198614c5b5bc6f,86386952a18e2025688c4f99c6baed4782eec64156fc60e6b3198614c5b5bc6f,False
WS:XSHG:605499,0efc60639d46c80e8daa48ae8a3986921a7cc492b42aa28b7457112e0efb8f45,0efc60639d46c80e8daa48ae8a3986921a7cc492b42aa28b7457112e0efb8f45,False
WS:XSHG:688008,276c3be4e326d155663cea706184aecf200163b932d79255b5072b3292872425,276c3be4e326d155663cea706184aecf200163b932d79255b5072b3292872425,False
WS:XSHG:688009,f4c5307b33778cd781ea259ddd794c66bb6740c6874ec40355f1e5280ff18d3c,f4c5307b33778cd781ea259ddd794c66bb6740c6874ec40355f1e5280ff18d3c,False
WS:XSHG:688012,9b0264fcd70901f4653cb262f92941d3d731bc4857abbc975adfa1819ae49b7f,9b0264fcd70901f4653cb262f92941d3d731bc4857abbc975adfa1819ae49b7f,False
WS:XSHG:688036,da5bb1b85145b36fc508cd7ac6a4d766adfeca31bc6f4a239095e73c4400c644,da5bb1b85145b36fc508cd7ac6a4d766adfeca31bc6f4a239095e73c4400c644,False
WS:XSHG:688041,0e7666ebbf3cd7d5cf243d4ec0a3bc5512f488e830a91ffbb56061d73a92dd11,0e7666ebbf3cd7d5cf243d4ec0a3bc5512f488e830a91ffbb56061d73a92dd11,False
WS:XSHG:688047,c53ab131bfff88e9f6e598eab062780f75fc3d0384ba44ca54ea8c62a52f455d,c53ab131bfff88e9f6e598eab062780f75fc3d0384ba44ca54ea8c62a52f455d,False
WS:XSHG:688072,0cf9c0603c13aa2be27dcc148fd3d60d93b19b79f071aa0a6a1a770f4fa13a19,0cf9c0603c13aa2be27dcc148fd3d60d93b19b79f071aa0a6a1a770f4fa13a19,False
WS:XSHG:688082,aa5acb29e9082ea40c94ddafa6403d8ef991fc0fe64012f8031a52d9e4ab26f5,aa5acb29e9082ea40c94ddafa6403d8ef991fc0fe64012f8031a52d9e4ab26f5,False
WS:XSHG:688111,3f79928b7633dcefa8f685fc2e0ea97de774cd83d22b0db496b14039655f0531,3f79928b7633dcefa8f685fc2e0ea97de774cd83d22b0db496b14039655f0531,False
WS:XSHG:688126,a3bd57ad014ae8de64280eeaf01c0c24168661dae0a86e3a4be69cb5b8086972,a3bd57ad014ae8de64280eeaf01c0c24168661dae0a86e3a4be69cb5b8086972,False
WS:XSHG:688183,83becee7ed9ba8850fe31223d62884aa67158b045a362f49ef61b17d40d65ae6,83becee7ed9ba8850fe31223d62884aa67158b045a362f49ef61b17d40d65ae6,False
WS:XSHG:688223,a7efe9a5dd77e88c8438ad83e7af5d0e621a620fe7498e2f97b2cf7c9f7ba8a0,a7efe9a5dd77e88c8438ad83e7af5d0e621a620fe7498e2f97b2cf7c9f7ba8a0,False
WS:XSHG:688256,d53da2fb9ad39e73ec0eddc1e1b5a6dbc8e6f3deffe08a829f7dbacc9242e169,d53da2fb9ad39e73ec0eddc1e1b5a6dbc8e6f3deffe08a829f7dbacc9242e169,False
WS:XSHG:688271,dbbab4167e9a660912209582dfa679d7950b5681be1f3f5bb8f3e9fc969b7959,dbbab4167e9a660912209582dfa679d7950b5681be1f3f5bb8f3e9fc969b7959,False
WS:XSHG:688303,1b49cddf4bbe54b59664eb60388949f7315055706b8a37afc3be8146f96392e9,1b49cddf4bbe54b59664eb60388949f7315055706b8a37afc3be8146f96392e9,False
WS:XSHG:688396,f4b6bddf07789ca053783598ff851052c95d98dc32f7e6cbb8d2ec8b8c18f5cb,f4b6bddf07789ca053783598ff851052c95d98dc32f7e6cbb8d2ec8b8c18f5cb,False
WS:XSHG:688472,db4d57cef820609e3fcbe4a8e46ac48cd8f0772c14ae3bb94670c4d04729d764,db4d57cef820609e3fcbe4a8e46ac48cd8f0772c14ae3bb94670c4d04729d764,False
WS:XSHG:688506,4f667e6b4e3c744210949bc19128232b2451ce0728f14f368f52e2e6bdce9b60,4f667e6b4e3c744210949bc19128232b2451ce0728f14f368f52e2e6bdce9b60,False
WS:XSHG:688521,fe2e9b535ad3154e3521f7dfa26c1a67389b35ba5d1250d0fbfe28959320e4f7,fe2e9b535ad3154e3521f7dfa26c1a67389b35ba5d1250d0fbfe28959320e4f7,False
WS:XSHG:688981,3e9b690b0b3383e5ce4a53ffe846baa5183046c294ed622169ffd11c8aa001bd,3e9b690b0b3383e5ce4a53ffe846baa5183046c294ed622169ffd11c8aa001bd,False
WS:XSTO:AAK.ST,4b033b3259ddd3a8ce23476221a0c1d305cc924b61e3fab067d214768a2e86b5,4b033b3259ddd3a8ce23476221a0c1d305cc924b61e3fab067d214768a2e86b5,False
WS:XSTO:ADDTB.ST,8ce3b44ace95cbc46de451e099975f7346ac15337d801952566e27d1583a5c11,8ce3b44ace95cbc46de451e099975f7346ac15337d801952566e27d1583a5c11,False
WS:XSTO:ALFA.ST,629e9217e8dd45610e970b6d9e32c523663c7629eee4498904322ac9903fbb4b,629e9217e8dd45610e970b6d9e32c523663c7629eee4498904322ac9903fbb4b,False
WS:XSTO:ASSAB.ST,39789b57ab4db91f12292f0891d5b525bfe48203ccce3cc271485010a28cf4ae,39789b57ab4db91f12292f0891d5b525bfe48203ccce3cc271485010a28cf4ae,False
WS:XSTO:ATCOA.ST,bb66c967bc009fea2571bed0ce5b36be5fee92e0aa47ee083eb52aa37e2286a3,bb66c967bc009fea2571bed0ce5b36be5fee92e0aa47ee083eb52aa37e2286a3,False
WS:XSTO:AVANZ.ST,5886c79d8b370b1ebe6b468bdfe0959d396be4f73faaef3feadc45cd56e93366,5886c79d8b370b1ebe6b468bdfe0959d396be4f73faaef3feadc45cd56e93366,False
WS:XSTO:AXFO.ST,c8860efedab2d1b8c7724a14944cc35edc1bc0a122cd84916f77bf709844f641,c8860efedab2d1b8c7724a14944cc35edc1bc0a122cd84916f77bf709844f641,False
WS:XSTO:BALDB.ST,8a3a7def04cb77f8db8b8ab2f3a1783ea5da69723b896f2db971c4d39c8de8b2,8a3a7def04cb77f8db8b8ab2f3a1783ea5da69723b896f2db971c4d39c8de8b2,False
WS:XSTO:BEIJB.ST,b7cb828c43b60bbdd711ee66bba56d5e32db7459c37ac2e746dde1105f7cecf6,b7cb828c43b60bbdd711ee66bba56d5e32db7459c37ac2e746dde1105f7cecf6,False
WS:XSTO:BOL.ST,f8811b8c8ba8030647587115bf01aa33aa1b54991ded0965df501446505c47c2,f8811b8c8ba8030647587115bf01aa33aa1b54991ded0965df501446505c47c2,False
WS:XSTO:CAST.ST,340e06bd95a2d2031bad4e423d69c13678f207ffadfe10a324f4e9a7294691e2,340e06bd95a2d2031bad4e423d69c13678f207ffadfe10a324f4e9a7294691e2,False
WS:XSTO:EPIRA.ST,feaf5651317e1cfdf385933834190f33f37a884cbd3e31caca5ad5bc8694e080,feaf5651317e1cfdf385933834190f33f37a884cbd3e31caca5ad5bc8694e080,False
WS:XSTO:EQTAB.ST,807619bda5ba71fe0dc91a1e41b17f3b40a7274487eb2260b3af3dbc51da496a,807619bda5ba71fe0dc91a1e41b17f3b40a7274487eb2260b3af3dbc51da496a,False
WS:XSTO:ERICB.ST,00eebecf2d73310ebc8dd325bb60bcea1292707df845a34ddbfcfbd556c3d4d3,00eebecf2d73310ebc8dd325bb60bcea1292707df845a34ddbfcfbd556c3d4d3,False
WS:XSTO:ESSITYB.ST,0ded57d40c163ee5721d2f9b4486225cc36d8df77b159d83f84662fd473a9e3c,0ded57d40c163ee5721d2f9b4486225cc36d8df77b159d83f84662fd473a9e3c,False
WS:XSTO:EVOG.ST,778f0c6c79981fcfee834838249bdef697544262ea704063d3d687a0d8b433ef,778f0c6c79981fcfee834838249bdef697544262ea704063d3d687a0d8b433ef,False
WS:XSTO:GETIB.ST,68b55f3edf99ce5e43a5969c777c5655471cab34d44e7c6da1ed439a07016f3e,68b55f3edf99ce5e43a5969c777c5655471cab34d44e7c6da1ed439a07016f3e,False
WS:XSTO:HEXAB.ST,c73165d0a5e617496c94f9c63715fb7b7d6e49de994ecb039bdb33f8efeb6e05,c73165d0a5e617496c94f9c63715fb7b7d6e49de994ecb039bdb33f8efeb6e05,False
WS:XSTO:HMB.ST,ef79f6a9c06a680d1978675cf1528fa9729a1345fa2a7f252bf5b233708ed52e,ef79f6a9c06a680d1978675cf1528fa9729a1345fa2a7f252bf5b233708ed52e,False
WS:XSTO:HOLMB.ST,9ec48c5dd988d630db44e8c227f7a9fd6db19567b88ca926513014e9dfa613ef,9ec48c5dd988d630db44e8c227f7a9fd6db19567b88ca926513014e9dfa613ef,False
WS:XSTO:INDT.ST,e22e28085c329a4bb5d20d70c0e9eceb24207a64743f5a0b03e3defde021ac51,e22e28085c329a4bb5d20d70c0e9eceb24207a64743f5a0b03e3defde021ac51,False
WS:XSTO:INDUC.ST,66332f00ea1dbf53d72fb2c6da3da3f7eee552e7b744c6d43b1bad923196e7f2,66332f00ea1dbf53d72fb2c6da3da3f7eee552e7b744c6d43b1bad923196e7f2,False
WS:XSTO:INVEB.ST,30795bed6f1e7c36ed9f3f1debf9409872bfd9d25856449382b94a426ebe8683,30795bed6f1e7c36ed9f3f1debf9409872bfd9d25856449382b94a426ebe8683,False
WS:XSTO:LAGRB.ST,d3c7592dd0508e13166f525727f2d769080443d5298b69e39917b0b4071d21f7,d3c7592dd0508e13166f525727f2d769080443d5298b69e39917b0b4071d21f7,False
WS:XSTO:LATOB.ST,2a37532f59b3801344dd1e8ae4dace8ee0c44733d414d3302e4412980f911840,2a37532f59b3801344dd1e8ae4dace8ee0c44733d414d3302e4412980f911840,False
WS:XSTO:LIFCOB.ST,0413b1fc9a22c8ec8924da48e272f1614c693ed055a1d8c2f3653db2cdf710b9,0413b1fc9a22c8ec8924da48e272f1614c693ed055a1d8c2f3653db2cdf710b9,False
WS:XSTO:LOOMIS.ST,6f786c181fbefbf629344cdad4a2dea8352fbb4ebf8840270ae3dc2c7ad91f46,6f786c181fbefbf629344cdad4a2dea8352fbb4ebf8840270ae3dc2c7ad91f46,False
WS:XSTO:LUNDB.ST,5e1d4ba8919b496cda2feef264eb40f40b290b858c929690eddf2e4712c82158,5e1d4ba8919b496cda2feef264eb40f40b290b858c929690eddf2e4712c82158,False
WS:XSTO:MYCR.ST,c56bc44bf254fa49c8e88d5deaaac12333fc8d0b087cd5378e136d7a93951937,c56bc44bf254fa49c8e88d5deaaac12333fc8d0b087cd5378e136d7a93951937,False
WS:XSTO:NIBEB.ST,2b535ccc389e68cce0de96cce0112ffaf5892bd0842e21345db567dc5d6d8dab,2b535ccc389e68cce0de96cce0112ffaf5892bd0842e21345db567dc5d6d8dab,False
WS:XSTO:OCTVSDB.ST,de92a5b6b3e68eea7f57dbf46fb2aafe6a0a6b19b6e1abab73754c705fefdb5e,de92a5b6b3e68eea7f57dbf46fb2aafe6a0a6b19b6e1abab73754c705fefdb5e,False
WS:XSTO:SAABB.ST,12eef6a4cd11ff31e5b6fb3e6eb820ceb5d00c12efd9d128d00bb761fb582d41,12eef6a4cd11ff31e5b6fb3e6eb820ceb5d00c12efd9d128d00bb761fb582d41,False
WS:XSTO:SAGAB.ST,efd38a0cd1de006e8b933d22fa5b6dfa01a9eaa39189650d9444b251117f23ec,efd38a0cd1de006e8b933d22fa5b6dfa01a9eaa39189650d9444b251117f23ec,False
WS:XSTO:SAND.ST,14c54a14d8cce501ca7bba6a3f1641a2450d9da898c43402f131ae2a6a6ea7ad,14c54a14d8cce501ca7bba6a3f1641a2450d9da898c43402f131ae2a6a6ea7ad,False
WS:XSTO:SAVE.ST,8476625c123d9610f353a2b4a7b66c439985d0a62d941f8d32ca6127d69fd0de,8476625c123d9610f353a2b4a7b66c439985d0a62d941f8d32ca6127d69fd0de,False
WS:XSTO:SCAB.ST,699d3814794410941b2c134a0746497e16f5bbd5ba9506fbca4792f9ecd41d70,699d3814794410941b2c134a0746497e16f5bbd5ba9506fbca4792f9ecd41d70,False
WS:XSTO:SEBA.ST,c47e93b9c09ebea150bef72787563c1eff816aa23ec8f338d931b653ac74c709,c47e93b9c09ebea150bef72787563c1eff816aa23ec8f338d931b653ac74c709,False
WS:XSTO:SECTB.ST,868bb8c9989c0740b531ecb6fea3d7d1fec5f6a6bd277217a40864cbc6963422,868bb8c9989c0740b531ecb6fea3d7d1fec5f6a6bd277217a40864cbc6963422,False
WS:XSTO:SECUB.ST,6237ff9d9fec3e57bce9dfad862bc7fb9ce47ce9414fb0a03110560bd99eeb67,6237ff9d9fec3e57bce9dfad862bc7fb9ce47ce9414fb0a03110560bd99eeb67,False
WS:XSTO:SHBA.ST,866b52f47bfd6f8443c74c05512a83a47f1813ae69c63122f080e7a4737a331d,866b52f47bfd6f8443c74c05512a83a47f1813ae69c63122f080e7a4737a331d,False
WS:XSTO:SKAB.ST,7766a46547d4bb96ea2f2e3a006305e84056a1a376495910bd70d2d7dcc84b45,7766a46547d4bb96ea2f2e3a006305e84056a1a376495910bd70d2d7dcc84b45,False
WS:XSTO:SKFB.ST,ff580f5d37a45cb7f23edb4aa546f117f3c75b554b7254cd29cb934ae83c7752,ff580f5d37a45cb7f23edb4aa546f117f3c75b554b7254cd29cb934ae83c7752,False
WS:XSTO:SOBIV.ST,a5387e720dd7e93235841482605431857fc1b63e4cff8e214859daf6ba2dac93,a5387e720dd7e93235841482605431857fc1b63e4cff8e214859daf6ba2dac93,False
WS:XSTO:SSABB.ST,18887b1b7e98a54c2bb94d3f71402cb6169407a267abce13378a6794ad1e4d78,18887b1b7e98a54c2bb94d3f71402cb6169407a267abce13378a6794ad1e4d78,False
WS:XSTO:SWECB.ST,2a23aa4e0f72bf2db1f36c3451c47131b9aa0574cd1b150bfe92c9fc4fe34300,2a23aa4e0f72bf2db1f36c3451c47131b9aa0574cd1b150bfe92c9fc4fe34300,False
WS:XSTO:SWEDA.ST,1a7b02286cc22bcc81c9b88dd634f8185d0a04d110512037f61c4ad83f9a32f5,1a7b02286cc22bcc81c9b88dd634f8185d0a04d110512037f61c4ad83f9a32f5,False
WS:XSTO:TEL2B.ST,e94c5917beb1016e22793e05cd6119e498437f9ee4431d23964291d742afe97a,e94c5917beb1016e22793e05cd6119e498437f9ee4431d23964291d742afe97a,False
WS:XSTO:TELIA.ST,b20fa36ab76842d1dce5d737714e4c94c9dedabecf0b27bc5c653c575db76f68,b20fa36ab76842d1dce5d737714e4c94c9dedabecf0b27bc5c653c575db76f68,False
WS:XSTO:THULE.ST,5ba4a978838ad6050fc68a713e5171d9e51cbca4b0fd4ee5a9b40270bbb5c486,5ba4a978838ad6050fc68a713e5171d9e51cbca4b0fd4ee5a9b40270bbb5c486,False
WS:XSTO:TRELB.ST,d975fc52da02a823dcfe7c31e13a897c8af7840b5bf916eb56028643a15b03d0,d975fc52da02a823dcfe7c31e13a897c8af7840b5bf916eb56028643a15b03d0,False
WS:XSTO:VOLVB.ST,bdd103428e922da43921eda9bfcd4e02d762e4956bef0e5a60bc62b438e96f74,bdd103428e922da43921eda9bfcd4e02d762e4956bef0e5a60bc62b438e96f74,False
WS:XSTO:VSURE.ST,3fce0a897e6f62e69865eb26c2ea1c3ded5445a2d61a87c90ec171cd88284d7c,3fce0a897e6f62e69865eb26c2ea1c3ded5445a2d61a87c90ec171cd88284d7c,False
WS:XSTO:WIHL.ST,ff20c706e0c4bdb79725faf2e6e97719c6d2e089bdecd60bff06a4dc69d69ff9,ff20c706e0c4bdb79725faf2e6e97719c6d2e089bdecd60bff06a4dc69d69ff9,False
WS:XSWX:ABBN.S,8ed2507d244813e3370079c3facd83dc826307dc59e197e89869152e05bb77e7,8ed2507d244813e3370079c3facd83dc826307dc59e197e89869152e05bb77e7,False
WS:XSWX:ACLN.S,f0d76d8a984da2d0ec8c723c772dc335910f6c140c20ea5d10710c940453a9b7,f0d76d8a984da2d0ec8c723c772dc335910f6c140c20ea5d10710c940453a9b7,False
WS:XSWX:ADEN.S,715b6855b8a33dbd2fdf85cae9b63572689910b57d894e0f4168ea205c3eb2fb,715b6855b8a33dbd2fdf85cae9b63572689910b57d894e0f4168ea205c3eb2fb,False
WS:XSWX:ALCC.S,95bb0ff89a22b854f3d9f93b0ad26521b9228f2d113caff416062c4c38939edf,95bb0ff89a22b854f3d9f93b0ad26521b9228f2d113caff416062c4c38939edf,False
WS:XSWX:ALLN.S,db45f5a6402b5af9e77dcbdb6e35bb3613234551c967d24b4375a5746345dfe7,db45f5a6402b5af9e77dcbdb6e35bb3613234551c967d24b4375a5746345dfe7,False
WS:XSWX:AVOL.S,96077c6dfa6e567d1587ba8c5fb6610645084599b25ecdd31eda19630371a438,96077c6dfa6e567d1587ba8c5fb6610645084599b25ecdd31eda19630371a438,False
WS:XSWX:BAER.S,df4baaaadce29fa7becc18556a84be2ff27f1fa2b09879d419be45a1dd3ab4d4,df4baaaadce29fa7becc18556a84be2ff27f1fa2b09879d419be45a1dd3ab4d4,False
WS:XSWX:BARN.S,d791e8d7072c8af8942c5cbaee86db300db2c36b1010d5701ee3458d2be4c8d8,d791e8d7072c8af8942c5cbaee86db300db2c36b1010d5701ee3458d2be4c8d8,False
WS:XSWX:BCVN.S,73e2ec9491b3457a67297bd282a92dc327eb873e892ca81362f2aeae71be31d6,73e2ec9491b3457a67297bd282a92dc327eb873e892ca81362f2aeae71be31d6,False
WS:XSWX:BEAN.S,8292afdf0041e9840cb40ab5fc11fca3de5f2bdaecbedd3dd9dfb5e3957eb24f,8292afdf0041e9840cb40ab5fc11fca3de5f2bdaecbedd3dd9dfb5e3957eb24f,False
WS:XSWX:BKWB.S,d62ab0df4664a61f27171ba16ab49ff0fc02f0fabb89fb86d55dca09bbf7cd52,d62ab0df4664a61f27171ba16ab49ff0fc02f0fabb89fb86d55dca09bbf7cd52,False
WS:XSWX:BUCN.S,9c4eae5eab112efe21fed0fb8742645ac4d67af7b2bec319aa58a726d748d344,9c4eae5eab112efe21fed0fb8742645ac4d67af7b2bec319aa58a726d748d344,False
WS:XSWX:CFR.S,45e40fe67926e8384c029912338717c325389cce05643b5b47d87e9b8382d2cf,45e40fe67926e8384c029912338717c325389cce05643b5b47d87e9b8382d2cf,False
WS:XSWX:CMBN.S,6ea720eea8e16e932a93fb729acf891cf8fe028bb44cd47c9f1b9822ca40b87f,6ea720eea8e16e932a93fb729acf891cf8fe028bb44cd47c9f1b9822ca40b87f,False
WS:XSWX:COTNE.S,00302cb31ac6445d5a6bf4886799ceff53bb2710db2d3afe74ab6b726d3a8caa,00302cb31ac6445d5a6bf4886799ceff53bb2710db2d3afe74ab6b726d3a8caa,False
WS:XSWX:DKSH.S,46c699a7983db624067da716a1b5ef61f43a4580ea3f7b093d1371e6e527c3d9,46c699a7983db624067da716a1b5ef61f43a4580ea3f7b093d1371e6e527c3d9,False
WS:XSWX:EMSN.S,ee3693ed10f4a210fff5e4937b0e71c420735c2e752080007f57eac8d365957e,ee3693ed10f4a210fff5e4937b0e71c420735c2e752080007f57eac8d365957e,False
WS:XSWX:FHZN.S,c82ff0f9db3456f146fd9e331e9d89405de07db7e28a855f9415427289095346,c82ff0f9db3456f146fd9e331e9d89405de07db7e28a855f9415427289095346,False
WS:XSWX:GALD.S,2c80d0d43e4939c9ec355a91a824b7d8c222ed655b9a61d1b5ed2d0f834c7965,2c80d0d43e4939c9ec355a91a824b7d8c222ed655b9a61d1b5ed2d0f834c7965,False
WS:XSWX:GALE.S,092ae23b1a45824f9aea9eb6d18f5e677eb39b7f280bbd10a3ad2981ad663034,092ae23b1a45824f9aea9eb6d18f5e677eb39b7f280bbd10a3ad2981ad663034,False
WS:XSWX:GEBN.S,0bf7738704085d8d77c8fc1c6446f6ecb7edda0e3f870a467be2b885a984995c,0bf7738704085d8d77c8fc1c6446f6ecb7edda0e3f870a467be2b885a984995c,False
WS:XSWX:GF.S,c126239a8dd7d6395d5aa35fc2b8810bc54fcb933aea5bcf6e46123e606bee12,c126239a8dd7d6395d5aa35fc2b8810bc54fcb933aea5bcf6e46123e606bee12,False
WS:XSWX:GIVN.S,c082c1b3e3d44fd13a4c439932e8d444526e65291290f1830dcc6c0a02b9a2c2,c082c1b3e3d44fd13a4c439932e8d444526e65291290f1830dcc6c0a02b9a2c2,False
WS:XSWX:HBANC.S,4ce3568ed952db74cb3e2f42892cd206fd9c333ae2aac3c9ffcba336e6dafaa9,4ce3568ed952db74cb3e2f42892cd206fd9c333ae2aac3c9ffcba336e6dafaa9,False
WS:XSWX:HOLN.S,b31c7ec881b0a676bf50fd8dbd01c9cdb1885d596df4f88126583c2233783273,b31c7ec881b0a676bf50fd8dbd01c9cdb1885d596df4f88126583c2233783273,False
WS:XSWX:HUBN.S,57bdcaa1426d11e341ebcbff07dc8d89bc884c626d695b9281e3b35fcbbd2264,57bdcaa1426d11e341ebcbff07dc8d89bc884c626d695b9281e3b35fcbbd2264,False
WS:XSWX:IFCN.S,093e81a487fb9030f6763eb74982eed3036820c4115714b088d67afbdd44c224,093e81a487fb9030f6763eb74982eed3036820c4115714b088d67afbdd44c224,False
WS:XSWX:KNIN.S,025933e5349c22c605cfa846713fd39cb47729a7ce8a80bdbcd0288363c78d8f,025933e5349c22c605cfa846713fd39cb47729a7ce8a80bdbcd0288363c78d8f,False
WS:XSWX:LISP.S,ee3f46982320f73be5e1587be1e773140b276df677e7f1469ab6b5122379f7f0,ee3f46982320f73be5e1587be1e773140b276df677e7f1469ab6b5122379f7f0,False
WS:XSWX:LOGN.S,eb610f1fd0e6d52f7376c8fb96f246439c564a4100061e8528eb358869fab2bf,eb610f1fd0e6d52f7376c8fb96f246439c564a4100061e8528eb358869fab2bf,False
WS:XSWX:LONN.S,c319d7127245c024eaa1b9c32234ed751c40e4ad5c19a47a5b377adf3c29f6db,c319d7127245c024eaa1b9c32234ed751c40e4ad5c19a47a5b377adf3c29f6db,False
WS:XSWX:MOBN.S,4e1c49aac5d527951748f217fe2b364bea22faf78b9b799a2c137642b57f8f05,4e1c49aac5d527951748f217fe2b364bea22faf78b9b799a2c137642b57f8f05,False
WS:XSWX:NESN.S,59bf9cad540e478101792342f73f08f0f1b3cedcb36b9274333d50fb53825fdc,59bf9cad540e478101792342f73f08f0f1b3cedcb36b9274333d50fb53825fdc,False
WS:XSWX:NOVN.S,655bec38c94b47d9b791f794df1c52fcedc93f745540a0ac0e58af6af1042019,655bec38c94b47d9b791f794df1c52fcedc93f745540a0ac0e58af6af1042019,False
WS:XSWX:PGHN.S,d0bc0a5f8d47d0eb917085f00a9966889c845e44ce0a6215db407f9bf9c5c9b2,d0bc0a5f8d47d0eb917085f00a9966889c845e44ce0a6215db407f9bf9c5c9b2,False
WS:XSWX:PSPN.S,55100b4e67c1bf3df6588be75bf613658ce0681a961adc55a29d7aca5f3b880b,55100b4e67c1bf3df6588be75bf613658ce0681a961adc55a29d7aca5f3b880b,False
WS:XSWX:ROPC.S,17c27ffd3210b1002cf487af4744915e9c525a5531784f1696c89cb1309d92de,17c27ffd3210b1002cf487af4744915e9c525a5531784f1696c89cb1309d92de,False
WS:XSWX:SCHP.S,5404e6e705f0c07be51a0a22dd9c2f0659634b7c6aaaf3bde41400d5881c0eb2,5404e6e705f0c07be51a0a22dd9c2f0659634b7c6aaaf3bde41400d5881c0eb2,False
WS:XSWX:SCMN.S,a917a9cb2956139c2a899e151cabe954a162ab738ab635df01651473cd348f81,a917a9cb2956139c2a899e151cabe954a162ab738ab635df01651473cd348f81,False
WS:XSWX:SDZ.S,8e49a358d6d748148f87940122061e07c82dd1125efb9b556484effe871391a5,8e49a358d6d748148f87940122061e07c82dd1125efb9b556484effe871391a5,False
WS:XSWX:SFSN.S,e135e14f2d59ddf67553bc4bee02825165be1c2d677352aadd49519b8ee86d3c,e135e14f2d59ddf67553bc4bee02825165be1c2d677352aadd49519b8ee86d3c,False
WS:XSWX:SFZN.S,76b443a45f3483bea279a9905213a94609b396db598bcd83a8b857ca24728aa6,76b443a45f3483bea279a9905213a94609b396db598bcd83a8b857ca24728aa6,False
WS:XSWX:SGSN.S,b9825b52f497817312100ae8a6c680f6bccee89b149ef1c773e52fa4d6dfdb2f,b9825b52f497817312100ae8a6c680f6bccee89b149ef1c773e52fa4d6dfdb2f,False
WS:XSWX:SIGNC.S,6239f16f71f8c8ada6a905279083cafd0c8117d937964500282b9ea0dad20931,6239f16f71f8c8ada6a905279083cafd0c8117d937964500282b9ea0dad20931,False
WS:XSWX:SIKA.S,dfa12970fd7590249b2f48f1af940d9b288175ff34d4d520deb67b631b5ed0c2,dfa12970fd7590249b2f48f1af940d9b288175ff34d4d520deb67b631b5ed0c2,False
WS:XSWX:SLHN.S,bad23d08bb22bd7f9229ebb045c3dbfa17746cff51ff525dc7cb6ed19211688c,bad23d08bb22bd7f9229ebb045c3dbfa17746cff51ff525dc7cb6ed19211688c,False
WS:XSWX:SOON.S,77e1e1e70128ca3c374b4228cd9a2447f46118efb878dbcec869a5f19d830c1f,77e1e1e70128ca3c374b4228cd9a2447f46118efb878dbcec869a5f19d830c1f,False
WS:XSWX:SPSN.S,be498b321f3b86bb9ebac5987f300cd74d720a7f941e4a5160c7d1109b9778be,be498b321f3b86bb9ebac5987f300cd74d720a7f941e4a5160c7d1109b9778be,False
WS:XSWX:SQN.S,b7ff38d347ef945bc8a3b92a1899aee81b0b8c9ac9a83586f65de5dfce6f98c2,b7ff38d347ef945bc8a3b92a1899aee81b0b8c9ac9a83586f65de5dfce6f98c2,False
WS:XSWX:SRENH.S,19e2fab6dc02b7b6a704343f3ecfa418ddeabb8a693336734cb1420a35127c6f,19e2fab6dc02b7b6a704343f3ecfa418ddeabb8a693336734cb1420a35127c6f,False
WS:XSWX:STMN.S,2104ef7a04fdaacb1ef5f9da2e2ca994b3e70884ad4f44992017411a6a0c6900,2104ef7a04fdaacb1ef5f9da2e2ca994b3e70884ad4f44992017411a6a0c6900,False
WS:XSWX:SUN.S,8c0db7641114a83b7c03e6c985a5252b5dfc020cd974b5c5f109bd0e08159747,8c0db7641114a83b7c03e6c985a5252b5dfc020cd974b5c5f109bd0e08159747,False
WS:XSWX:SUNN.S,128e20f54ec45d44f02c1ea3804ed9b984031fa30bd59989db497d70c4da7867,128e20f54ec45d44f02c1ea3804ed9b984031fa30bd59989db497d70c4da7867,False
WS:XSWX:TEMN.S,b759b263836fd7a1a58dff47e707a7f5654e6e59512e8cc8efde2f883ca23cde,b759b263836fd7a1a58dff47e707a7f5654e6e59512e8cc8efde2f883ca23cde,False
WS:XSWX:UBSG.S,94e142cea5465639cc44b7e3f4c07bca345271f6bcea6e03fe432066085756e8,94e142cea5465639cc44b7e3f4c07bca345271f6bcea6e03fe432066085756e8,False
WS:XSWX:UHR.S,0490dd4737f79a78b6686c9bab3655b6e80f27775b268791e13d8a9ea35bb254,0490dd4737f79a78b6686c9bab3655b6e80f27775b268791e13d8a9ea35bb254,False
WS:XSWX:VACN.S,d2297f976f8a2cea9cac005ef118d47404f6a34ca5190a22bf86b7b7295dc7cd,d2297f976f8a2cea9cac005ef118d47404f6a34ca5190a22bf86b7b7295dc7cd,False
WS:XSWX:VATN.S,f80163dae9ed825c524881789cb15413191e0e917a06c0e912c5f33fb3bae1a7,f80163dae9ed825c524881789cb15413191e0e917a06c0e912c5f33fb3bae1a7,False
WS:XSWX:VZN.S,ed86b4e6ec47077f29bcee02a8f25b770df5b9546e96272f0c988d58619183c1,ed86b4e6ec47077f29bcee02a8f25b770df5b9546e96272f0c988d58619183c1,False
WS:XSWX:ZURN.S,4b42adeada3e166221dcce3f4469e03fe62b0e002d7358b27d1482997af262f1,4b42adeada3e166221dcce3f4469e03fe62b0e002d7358b27d1482997af262f1,False
WS:XTAI:3711,b48c37ab2a9bb7d42429b7907c5c0fea99aedc422e4b8e7a0a9b1ce746c54c74,b48c37ab2a9bb7d42429b7907c5c0fea99aedc422e4b8e7a0a9b1ce746c54c74,False
WS:XTAI:6669,e15d75eb93f7085c0b724b7bf8078501f28628f09b1997b8283ff44b7a27ccfb,e15d75eb93f7085c0b724b7bf8078501f28628f09b1997b8283ff44b7a27ccfb,False
WS:XTAI:7769,b5e7f34112b9d5d0739ed671df276f3b69afb22501c27e26ff79ce886a6fe94a,b5e7f34112b9d5d0739ed671df276f3b69afb22501c27e26ff79ce886a6fe94a,False
WS:XTKS:1332,5f627ded40ddfe27fc24d307aa0a3d8753df23c129d5b1038c53807ad813d18c,5f627ded40ddfe27fc24d307aa0a3d8753df23c129d5b1038c53807ad813d18c,False
WS:XTKS:1605,064886ff361327bc659ddd0c3bd5b2cc655d9a1f6396b85a3e0683237c48af2c,064886ff361327bc659ddd0c3bd5b2cc655d9a1f6396b85a3e0683237c48af2c,False
WS:XTKS:1721,01ed25c79f16c05ccefa01a9155df0df0c3023fdf5ca62f200b7155abc00a520,01ed25c79f16c05ccefa01a9155df0df0c3023fdf5ca62f200b7155abc00a520,False
WS:XTKS:1801,b9a7ab29f50a2b3ac94cdde922212635c2e2afeacaadbb7bb70a16fae818f28c,b9a7ab29f50a2b3ac94cdde922212635c2e2afeacaadbb7bb70a16fae818f28c,False
WS:XTKS:1802,7ed8bd70033a4156b901dcea5274bac21ffadb05b7b8a75e0ee71f9442aae550,7ed8bd70033a4156b901dcea5274bac21ffadb05b7b8a75e0ee71f9442aae550,False
WS:XTKS:1803,195036515d7138f7cb2fec7171433ab35b9d37bcebf7a49272cd49fd98c934d0,195036515d7138f7cb2fec7171433ab35b9d37bcebf7a49272cd49fd98c934d0,False
WS:XTKS:1808,bf58bd3743b1043c814ba34769b612da6233af176edec0f01a5b8a3ab91f7430,bf58bd3743b1043c814ba34769b612da6233af176edec0f01a5b8a3ab91f7430,False
WS:XTKS:1812,06763111f9af6ed50634e3fda60ca1bb44abba8a66d43aa51a01449581f301d1,06763111f9af6ed50634e3fda60ca1bb44abba8a66d43aa51a01449581f301d1,False
WS:XTKS:1925,1d58ed30d7176fa86f0eb0616958df5bdf413eb4a13597ab9c8035fb9b204ae0,1d58ed30d7176fa86f0eb0616958df5bdf413eb4a13597ab9c8035fb9b204ae0,False
WS:XTKS:1928,9b29df9967b197f012b574f9920cf83c71d16de4b154c3405740d846a81188cf,9b29df9967b197f012b574f9920cf83c71d16de4b154c3405740d846a81188cf,False
WS:XTKS:1963,4d05f6b63a04f5ae1d336392933f172fa97981dcc9172b48f2d1959bd2a03242,4d05f6b63a04f5ae1d336392933f172fa97981dcc9172b48f2d1959bd2a03242,False
WS:XTKS:2002,b6fee76dfd5b173ca3bcecc8d82a4b67e2ca4f5a89cf8e3ca2135f7cbb535a5a,b6fee76dfd5b173ca3bcecc8d82a4b67e2ca4f5a89cf8e3ca2135f7cbb535a5a,False
WS:XTKS:2269,a6d13d250c3e99602f62042e970abce77726a9d44150e743d3f8b5cf25fe77f8,a6d13d250c3e99602f62042e970abce77726a9d44150e743d3f8b5cf25fe77f8,False
WS:XTKS:2282,6c96984c426a986b0f7b1c22a1a58e3ceac8c9039367b74504b2cbad44b5c3c6,6c96984c426a986b0f7b1c22a1a58e3ceac8c9039367b74504b2cbad44b5c3c6,False
WS:XTKS:2413,49bb52dfe6f9c7e98fe4597b144279d8ebe6d2c616a648d05a7c6a62719b2fd3,49bb52dfe6f9c7e98fe4597b144279d8ebe6d2c616a648d05a7c6a62719b2fd3,False
WS:XTKS:2432,6ac419d440fc85e5b288b0025f0c26b4a0da58d4ba27e13974c30e8a25e75415,6ac419d440fc85e5b288b0025f0c26b4a0da58d4ba27e13974c30e8a25e75415,False
WS:XTKS:2501,dd368fd9f136af8e911cfdfd507bf73d1108e76e5f46518dd569b57713b42027,dd368fd9f136af8e911cfdfd507bf73d1108e76e5f46518dd569b57713b42027,False
WS:XTKS:2502,c6dcc3948b8ae14d2bb04fcea9c9f9a1fea51b2c6da62882c1efc99692624182,c6dcc3948b8ae14d2bb04fcea9c9f9a1fea51b2c6da62882c1efc99692624182,False
WS:XTKS:2503,132fb55274344c736f979f60a578981b4f669b4c2133cfae9cdef15d26535e4d,132fb55274344c736f979f60a578981b4f669b4c2133cfae9cdef15d26535e4d,False
WS:XTKS:2768,da1f244607592d8e0f0deeaa7ced55b54aacf097a840185767947e290c37820d,da1f244607592d8e0f0deeaa7ced55b54aacf097a840185767947e290c37820d,False
WS:XTKS:2801,710a9749bc23a8f8c6ee643e977cde12fcda33598449486b2f1391a89546aaa1,710a9749bc23a8f8c6ee643e977cde12fcda33598449486b2f1391a89546aaa1,False
WS:XTKS:2802,900d4e2aaacc4ea08a4eb1d0c0ed699b16d31598a8ad94aaa86eb6cc401c9be3,900d4e2aaacc4ea08a4eb1d0c0ed699b16d31598a8ad94aaa86eb6cc401c9be3,False
WS:XTKS:285A,9d1465f347bc83d8300fa77ceb7603bd1b05f3bcf0252a6d09a6af32dbe8b688,9d1465f347bc83d8300fa77ceb7603bd1b05f3bcf0252a6d09a6af32dbe8b688,False
WS:XTKS:2871,7a663cd5ee0f07c2f49af2e4db45ec5a4911652de5e24e8ea10b1459934e4544,7a663cd5ee0f07c2f49af2e4db45ec5a4911652de5e24e8ea10b1459934e4544,False
WS:XTKS:2914,a0dc13c7c1a613daa961de2417c0682ce09baf832effc02736155d0bcad49df1,a0dc13c7c1a613daa961de2417c0682ce09baf832effc02736155d0bcad49df1,False
WS:XTKS:3086,dd31efec9f62156466f5b69cf55b8388896ad149b68c5dcdbcbdb959331f5f6f,dd31efec9f62156466f5b69cf55b8388896ad149b68c5dcdbcbdb959331f5f6f,False
WS:XTKS:3092,a094c54d3b7bd71baf3e1e79ee399114cd19d38c37d9aa605198e09694e986dc,a094c54d3b7bd71baf3e1e79ee399114cd19d38c37d9aa605198e09694e986dc,False
WS:XTKS:3099,b8b73428839e639ccb96a699a484c81920a99dd472581f9a0ae0e5c454a07d39,b8b73428839e639ccb96a699a484c81920a99dd472581f9a0ae0e5c454a07d39,False
WS:XTKS:3289,d19c12ab7a04ae8b68a625565f59361335d990c6810df2804ceaeb3c4cb0ba47,d19c12ab7a04ae8b68a625565f59361335d990c6810df2804ceaeb3c4cb0ba47,False
WS:XTKS:3382,ed0c52ac64ea2341e9aa7b21abc3cc90028e7d105340cb59225dfa07422951f3,ed0c52ac64ea2341e9aa7b21abc3cc90028e7d105340cb59225dfa07422951f3,False
WS:XTKS:3401,a35f7524b9c5866ca62031858b47e496dc158299b739cc476ef5ae30d7e027b3,a35f7524b9c5866ca62031858b47e496dc158299b739cc476ef5ae30d7e027b3,False
WS:XTKS:3402,10622438cf49d90af43182e86143dc0190a7ce6d6046c47ddcbd44c3a35127db,10622438cf49d90af43182e86143dc0190a7ce6d6046c47ddcbd44c3a35127db,False
WS:XTKS:3405,7dd0ba947964cfb1f37e64413d86a022fd1ef584104383c5d409fb1cb99785e1,7dd0ba947964cfb1f37e64413d86a022fd1ef584104383c5d409fb1cb99785e1,False
WS:XTKS:3407,a2f22b9e5900bc97a4b03ee2cd046cbbef6bc75276a2e2184ce4dc71090be62f,a2f22b9e5900bc97a4b03ee2cd046cbbef6bc75276a2e2184ce4dc71090be62f,False
WS:XTKS:3436,cba2f29d06823ff35cb88f14ffdfd2b91331086d76edd3cc2f17903de40f1c64,cba2f29d06823ff35cb88f14ffdfd2b91331086d76edd3cc2f17903de40f1c64,False
WS:XTKS:3659,88db733eb89955110bc8e03b47aab9d8e271833fc1872536a07544455b2436e9,88db733eb89955110bc8e03b47aab9d8e271833fc1872536a07544455b2436e9,False
WS:XTKS:3697,2a58e44c2d99fa7b677d14edf22f734da2ccbab78a0ed5be06110af8dc5a5250,2a58e44c2d99fa7b677d14edf22f734da2ccbab78a0ed5be06110af8dc5a5250,False
WS:XTKS:3861,18e68a2c782a6489aaddc37847244db4e89c12ff9d181a1d2a10f5b04644485b,18e68a2c782a6489aaddc37847244db4e89c12ff9d181a1d2a10f5b04644485b,False
WS:XTKS:4004,56c47e285b5e89f9343035c3425a5fceecb7040052c891826a9153915bd56520,56c47e285b5e89f9343035c3425a5fceecb7040052c891826a9153915bd56520,False
WS:XTKS:4005,4fb64c2bffe862242a7035521fd58ea3b41804c8aa84db28c49c563cdac3286d,4fb64c2bffe862242a7035521fd58ea3b41804c8aa84db28c49c563cdac3286d,False
WS:XTKS:4021,6eb93d0204858aa8fdf82ce81b53187e0b535c7f8394f4794dd48f318bf11ff1,6eb93d0204858aa8fdf82ce81b53187e0b535c7f8394f4794dd48f318bf11ff1,False
WS:XTKS:4042,6b7b161d3388d841f955af5a618cf12f08fdd7c0b7c818707850d1ff65a86bc8,6b7b161d3388d841f955af5a618cf12f08fdd7c0b7c818707850d1ff65a86bc8,False
WS:XTKS:4043,0b13b731ae98af50a75aedf9c6a05f59d191d687c9cbee2e563df31ed25cd5dc,0b13b731ae98af50a75aedf9c6a05f59d191d687c9cbee2e563df31ed25cd5dc,False
WS:XTKS:4061,c4e4e33af1b320d4e817f7e1ab40d3dfe94fee2a9194d7eaeb669cda2fe6f6f8,c4e4e33af1b320d4e817f7e1ab40d3dfe94fee2a9194d7eaeb669cda2fe6f6f8,False
WS:XTKS:4062,8a18ad84c843343cca7911bcb433e584424dc44d58ceea4cdce8191ca2d7a1d8,8a18ad84c843343cca7911bcb433e584424dc44d58ceea4cdce8191ca2d7a1d8,False
WS:XTKS:4063,764d944666089fa98cbf8b0ccbdf343723eadc0c3616e69f839975caff8a8569,764d944666089fa98cbf8b0ccbdf343723eadc0c3616e69f839975caff8a8569,False
WS:XTKS:4151,b196aea8e688bd828fdac58d56069f362d8519101c4ae7d31c354add80b53270,b196aea8e688bd828fdac58d56069f362d8519101c4ae7d31c354add80b53270,False
WS:XTKS:4183,f995142ad42ca2be9d9848381d45083c77a1f4f673a3327986bf6530d1a5dc22,f995142ad42ca2be9d9848381d45083c77a1f4f673a3327986bf6530d1a5dc22,False
WS:XTKS:4188,4baf55e90853641c2973122a72cd08b0e92e34139a5d8ad9f7131deb6a29b843,4baf55e90853641c2973122a72cd08b0e92e34139a5d8ad9f7131deb6a29b843,False
WS:XTKS:4208,6b58a41d325ac72fda7f0853dc412b1799976f673356c50c7d4df088da22e435,6b58a41d325ac72fda7f0853dc412b1799976f673356c50c7d4df088da22e435,False
WS:XTKS:4307,e29f5af4de0948816fd933cc3869dda774a6ef1e8742d5f2202a04c7a41fb169,e29f5af4de0948816fd933cc3869dda774a6ef1e8742d5f2202a04c7a41fb169,False
WS:XTKS:4324,26cd4c4825fa8d900e95790abd63ec799e9a71a6c61c5646e6cf1ca4cfcb5274,26cd4c4825fa8d900e95790abd63ec799e9a71a6c61c5646e6cf1ca4cfcb5274,False
WS:XTKS:4385,f442581357874b3e3c2d65144b48f71b3c4eaf1000b3ec54abcabd25760520ee,f442581357874b3e3c2d65144b48f71b3c4eaf1000b3ec54abcabd25760520ee,False
WS:XTKS:4452,c6ae06d8bf7a8f3255e31b038d601ea30028d1d7a29d660ba3154f09e2f176d9,c6ae06d8bf7a8f3255e31b038d601ea30028d1d7a29d660ba3154f09e2f176d9,False
WS:XTKS:4502,3742ec9517c7e808d9b63228e6f84b625d2c2edc9b496d6dc9e0f1f5dfbc28d4,3742ec9517c7e808d9b63228e6f84b625d2c2edc9b496d6dc9e0f1f5dfbc28d4,False
WS:XTKS:4503,0c16c7b9c44f660aea545a544cc81bdd416bf7a9af04b943a1937906f01d64eb,0c16c7b9c44f660aea545a544cc81bdd416bf7a9af04b943a1937906f01d64eb,False
WS:XTKS:4506,bfe55cd7d4cc4f0cb2aca01aa82f7a97d3e4dcb7d7349f5653dbd797d0376143,bfe55cd7d4cc4f0cb2aca01aa82f7a97d3e4dcb7d7349f5653dbd797d0376143,False
WS:XTKS:4507,260f5450f907f4ecfc8d5f6386f9b7d982b3113c2ab1db91dd25ce766761b1c4,260f5450f907f4ecfc8d5f6386f9b7d982b3113c2ab1db91dd25ce766761b1c4,False
WS:XTKS:4519,a74de56a1c801a9753e0b9be4d12a40a28f68cab21e6b85af2d6cebc8209c489,a74de56a1c801a9753e0b9be4d12a40a28f68cab21e6b85af2d6cebc8209c489,False
WS:XTKS:4523,81da60e81b86f9591dbdd74990e7eab611694260fb0bdc64d84bf8f508dff0ef,81da60e81b86f9591dbdd74990e7eab611694260fb0bdc64d84bf8f508dff0ef,False
WS:XTKS:4543,d5ba7eda4cf5bb8759c3f8b88851c127d63a2da4d10f0f7d889fc1381428c251,d5ba7eda4cf5bb8759c3f8b88851c127d63a2da4d10f0f7d889fc1381428c251,False
WS:XTKS:4568,a2a0c0d371b4ddb2219e663d65c886845e9a242ba64cc4b94beb05c860900047,a2a0c0d371b4ddb2219e663d65c886845e9a242ba64cc4b94beb05c860900047,False
WS:XTKS:4578,0de6cc9f38a0754308eddc03991fa68668c91f1b2b5ba5902091ed560ad00b4f,0de6cc9f38a0754308eddc03991fa68668c91f1b2b5ba5902091ed560ad00b4f,False
WS:XTKS:4661,581fd9dffbb519061fcd95a89cc6e80556dd623cca134535a4939a1298246007,581fd9dffbb519061fcd95a89cc6e80556dd623cca134535a4939a1298246007,False
WS:XTKS:4689,c05e64379498e7ab7a9bf92065cb7f15cf63a0a7b1fed208a112784b3aad5290,c05e64379498e7ab7a9bf92065cb7f15cf63a0a7b1fed208a112784b3aad5290,False
WS:XTKS:4704,9c9aeec139ea1b6592ddfb9fed506e85ce2d06885b87c0965c0da74c171f284e,9c9aeec139ea1b6592ddfb9fed506e85ce2d06885b87c0965c0da74c171f284e,False
WS:XTKS:4751,2564804f1e9280147d11e0bbfc1c269db0c9a04928804a018c6b46371a777729,2564804f1e9280147d11e0bbfc1c269db0c9a04928804a018c6b46371a777729,False
WS:XTKS:4755,9b57ee7c59d4eec261a357a3d81156b8498245aed3583bff439fbf36b63b7939,9b57ee7c59d4eec261a357a3d81156b8498245aed3583bff439fbf36b63b7939,False
WS:XTKS:4901,3f1461593914f05a6587ee32374c93ef5c08538bb576232e76dd787c5837f9c4,3f1461593914f05a6587ee32374c93ef5c08538bb576232e76dd787c5837f9c4,False
WS:XTKS:4902,63ba287394a29e266545ace9ca1d6efc6fb2a6e4626f69f28a92fcb3a27132f8,63ba287394a29e266545ace9ca1d6efc6fb2a6e4626f69f28a92fcb3a27132f8,False
WS:XTKS:4911,be5296e90ae3a2077a8db3d48b343825dadf8a74905766f0141b35dac5621913,be5296e90ae3a2077a8db3d48b343825dadf8a74905766f0141b35dac5621913,False
WS:XTKS:5019,f4f0e11578f660a1597f01c3ede38ce7cb9e21d7a316342e6dd6d5ed9c71a769,f4f0e11578f660a1597f01c3ede38ce7cb9e21d7a316342e6dd6d5ed9c71a769,False
WS:XTKS:5020,b229df446692530d7fb8e33ca398a8f73ad1e1fe069fe75b355865481709c997,b229df446692530d7fb8e33ca398a8f73ad1e1fe069fe75b355865481709c997,False
WS:XTKS:5101,1375dcdbb4f6cf7a7b4e68a069781b7160f7114edd85ab2616c2149dbe2c521c,1375dcdbb4f6cf7a7b4e68a069781b7160f7114edd85ab2616c2149dbe2c521c,False
WS:XTKS:5108,1eb15d6f22da8dcb602fb287a09303fc739ca8366a8f195ada9c5df5f26d8a0c,1eb15d6f22da8dcb602fb287a09303fc739ca8366a8f195ada9c5df5f26d8a0c,False
WS:XTKS:5201,02cf46c86b6240a4550f4e5e74c08b8a8b8eb4bc46f0aa2b0fd53c489d690ab2,02cf46c86b6240a4550f4e5e74c08b8a8b8eb4bc46f0aa2b0fd53c489d690ab2,False
WS:XTKS:5214,04ebd8a8febe4851fc44e7e81acd4342c1ac84f16acbf6933e4613b7901d2a6a,04ebd8a8febe4851fc44e7e81acd4342c1ac84f16acbf6933e4613b7901d2a6a,False
WS:XTKS:5233,103d0f8881da8082758ab3a03ec6706db035c8ea7b409c351939ba351aa3e16f,103d0f8881da8082758ab3a03ec6706db035c8ea7b409c351939ba351aa3e16f,False
WS:XTKS:5301,988166afd90b98cddbff3b2d79faf9beb9ce4949be37e6c2ba1d3dc5bf5eafe9,988166afd90b98cddbff3b2d79faf9beb9ce4949be37e6c2ba1d3dc5bf5eafe9,False
WS:XTKS:5332,6fe5292eb04f3dac0690a773c9be412dc612a24288f628c41cfdbce0a7ec0c13,6fe5292eb04f3dac0690a773c9be412dc612a24288f628c41cfdbce0a7ec0c13,False
WS:XTKS:5333,ec0f0f48d6935c9a228ecd232b1c0a147688ce5b4699ec7129a8c61bf8d4aa54,ec0f0f48d6935c9a228ecd232b1c0a147688ce5b4699ec7129a8c61bf8d4aa54,False
WS:XTKS:5401,66adbc1fcfb3c5de7857439a5474734158cc5f27f98a777f621a054f078b919f,66adbc1fcfb3c5de7857439a5474734158cc5f27f98a777f621a054f078b919f,False
WS:XTKS:5406,2f1159e0c22053a44d8cd8d8e751e663ff38fc934194ffd3e260e7cee7fd5fc2,2f1159e0c22053a44d8cd8d8e751e663ff38fc934194ffd3e260e7cee7fd5fc2,False
WS:XTKS:5411,28609a290cd2c2f9a83e6aaecd677198365a9aae8df6b34b66e65d9648681c6c,28609a290cd2c2f9a83e6aaecd677198365a9aae8df6b34b66e65d9648681c6c,False
WS:XTKS:543A,1cb93dbf5c5858b836b65a174fda37e145ee55125ca3147e3a596b341c8ad285,1cb93dbf5c5858b836b65a174fda37e145ee55125ca3147e3a596b341c8ad285,False
WS:XTKS:5631,e0e6c1ea78a247fd05b584c8890311b475d6934ad50b56a539800c7c55882376,e0e6c1ea78a247fd05b584c8890311b475d6934ad50b56a539800c7c55882376,False
WS:XTKS:5706,0a90fc73a0466d0eb83b52c673f271fc9c125e1143416d109950871098b47168,0a90fc73a0466d0eb83b52c673f271fc9c125e1143416d109950871098b47168,False
WS:XTKS:5711,1ffa5d6c5ac39ffcb414cc4f58053e20c2de14351bac6c6074ceabcc19cd7619,1ffa5d6c5ac39ffcb414cc4f58053e20c2de14351bac6c6074ceabcc19cd7619,False
WS:XTKS:5713,e30aab0be48a78762409dbbc50319e667c2e3b83be9b76aca6fa3cc5ced3cf28,e30aab0be48a78762409dbbc50319e667c2e3b83be9b76aca6fa3cc5ced3cf28,False
WS:XTKS:5714,c529d1106b0d44a2f71efcbb9cc73411327d909fac7892ed995f5c3220c9c517,c529d1106b0d44a2f71efcbb9cc73411327d909fac7892ed995f5c3220c9c517,False
WS:XTKS:5801,fce4ecca831cedf652d50ea9336ee6fbb7283f6b13e06910b1f80219e075a4bb,fce4ecca831cedf652d50ea9336ee6fbb7283f6b13e06910b1f80219e075a4bb,False
WS:XTKS:5802,4241931f151a7c79df03d11198c0ad67b8e7fccbf261c0e3f9e2afe8720334e9,4241931f151a7c79df03d11198c0ad67b8e7fccbf261c0e3f9e2afe8720334e9,False
WS:XTKS:5803,81c89a52d93220c1fe846ddb22a6576b206c9de6a0c7ad05d07f7496608a9ba1,81c89a52d93220c1fe846ddb22a6576b206c9de6a0c7ad05d07f7496608a9ba1,False
WS:XTKS:5831,379ce4cce51ae63692a446bc06f8e0d603f33a5aab46c8ee197983e2ac467664,379ce4cce51ae63692a446bc06f8e0d603f33a5aab46c8ee197983e2ac467664,False
WS:XTKS:6098,e545617debf530a386274272874023f2ca5d0d32db6c9f467a9b9207e8adb860,e545617debf530a386274272874023f2ca5d0d32db6c9f467a9b9207e8adb860,False
WS:XTKS:6103,9f3256a3a707fc610c91a6f200ba544a7bd9d8288b36de857f82adbf128904c9,9f3256a3a707fc610c91a6f200ba544a7bd9d8288b36de857f82adbf128904c9,False
WS:XTKS:6113,18d96af7263877367fa7a1a0d486de54b24e176abade1b5e7823b560a8d9d064,18d96af7263877367fa7a1a0d486de54b24e176abade1b5e7823b560a8d9d064,False
WS:XTKS:6146,27b02a4961e8520c5d1fa745ef56dea72e4fd979c0ebe82d1d2c585bf797218b,27b02a4961e8520c5d1fa745ef56dea72e4fd979c0ebe82d1d2c585bf797218b,False
WS:XTKS:6178,be970e9504e9b1ca330239572ee59b25b71449066b7986308b586c5255da1044,be970e9504e9b1ca330239572ee59b25b71449066b7986308b586c5255da1044,False
WS:XTKS:6273,7f80800127f09f045a89c8571271cbae1eaabcf5710372313112ebd9af082db5,7f80800127f09f045a89c8571271cbae1eaabcf5710372313112ebd9af082db5,False
WS:XTKS:6301,a7d915196ebacb91e34d1066af4b06f4debbabfc867b90785259f98791701064,a7d915196ebacb91e34d1066af4b06f4debbabfc867b90785259f98791701064,False
WS:XTKS:6302,a58ed269c0ca24e6039c4aa80607323fc5788d71f821d58f8a57cd2f66ae9f53,a58ed269c0ca24e6039c4aa80607323fc5788d71f821d58f8a57cd2f66ae9f53,False
WS:XTKS:6305,bf401d4d8434b8d38eaff0f0d2c5db63dc0e3bab5b3d3f96c8791be7b6fb483a,bf401d4d8434b8d38eaff0f0d2c5db63dc0e3bab5b3d3f96c8791be7b6fb483a,False
WS:XTKS:6326,dd41465fbaf068cac529d08271d5e4470cc0ed7b863336dec5e1511ec66c8e19,dd41465fbaf068cac529d08271d5e4470cc0ed7b863336dec5e1511ec66c8e19,False
WS:XTKS:6361,300ba127f8aa88efe0c8fbd46eff19b01b0b78e501c90b8573c650b1938544cc,300ba127f8aa88efe0c8fbd46eff19b01b0b78e501c90b8573c650b1938544cc,False
WS:XTKS:6367,090bc34b2c4280cb01899f64cc0b1ecb8a14d58d0a690fe9a2026c2466c17d59,090bc34b2c4280cb01899f64cc0b1ecb8a14d58d0a690fe9a2026c2466c17d59,False
WS:XTKS:6471,7b951e3b57ebed0d2cd97528eac6f3a7c0189d6848aad6472cd6aaab671c182d,7b951e3b57ebed0d2cd97528eac6f3a7c0189d6848aad6472cd6aaab671c182d,False
WS:XTKS:6472,a92cc7c35b339dc3726f0dfd35c38c05701f1442ea327f8c6c08ad882e3fbfce,a92cc7c35b339dc3726f0dfd35c38c05701f1442ea327f8c6c08ad882e3fbfce,False
WS:XTKS:6473,a4a6737e996ed4ad09efca20be7049bbd38c90be0aaea6255c0859e3b0284cbb,a4a6737e996ed4ad09efca20be7049bbd38c90be0aaea6255c0859e3b0284cbb,False
WS:XTKS:6479,1cc2cabef47f39b204fc00b629684313da2c8d3d8ff3f2529e028ca340a4ead4,1cc2cabef47f39b204fc00b629684313da2c8d3d8ff3f2529e028ca340a4ead4,False
WS:XTKS:6501,dbe3fcaaf0b5b8858061dadd3c62adea71ae6546ddae75f4e53cb071a04ecc96,dbe3fcaaf0b5b8858061dadd3c62adea71ae6546ddae75f4e53cb071a04ecc96,False
WS:XTKS:6503,7e10b54379b7015e76e481af0e57ac9971804a24e5c776048b8c06503d5cff52,7e10b54379b7015e76e481af0e57ac9971804a24e5c776048b8c06503d5cff52,False
WS:XTKS:6504,c6d367a0e5cf5a994ff1785c3dee2ff986029b9a1737052e059995e25d618991,c6d367a0e5cf5a994ff1785c3dee2ff986029b9a1737052e059995e25d618991,False
WS:XTKS:6506,04ad9435b179dd29eb90d2f15716d484ad1cfefd06e9c22bf3df8a4a0388dc00,04ad9435b179dd29eb90d2f15716d484ad1cfefd06e9c22bf3df8a4a0388dc00,False
WS:XTKS:6526,e8d33cd82dd670262ae84451ed11f31c0e7644b13586b3b9add0f96d0b987b80,e8d33cd82dd670262ae84451ed11f31c0e7644b13586b3b9add0f96d0b987b80,False
WS:XTKS:6532,cecce0f9d8ad75170ef45ce975f8adebf8fb12097f2595f76f96a1aaedef1909,cecce0f9d8ad75170ef45ce975f8adebf8fb12097f2595f76f96a1aaedef1909,False
WS:XTKS:6645,5749a9f0410c2631e1341a0eae8ffddef75f59697f1df230bc3a681e75c967a4,5749a9f0410c2631e1341a0eae8ffddef75f59697f1df230bc3a681e75c967a4,False
WS:XTKS:6701,bb086ae7d3dcbff38a8ec619d002f84ade5ac8c8a97cb110d720f92f831e5e29,bb086ae7d3dcbff38a8ec619d002f84ade5ac8c8a97cb110d720f92f831e5e29,False
WS:XTKS:6702,921b5729708575dc9c3e4e9811ecb1e7f7d66b07fc6242f9c4d1301b8c410f1b,921b5729708575dc9c3e4e9811ecb1e7f7d66b07fc6242f9c4d1301b8c410f1b,False
WS:XTKS:6723,81834b845eaafd4649dde7b6a2eb8a41a39ece32477c030990cd6357743a4eba,81834b845eaafd4649dde7b6a2eb8a41a39ece32477c030990cd6357743a4eba,False
WS:XTKS:6724,eab624a1073aa9b096980368eedcc717e8469c8d29929e760326e9d695d08477,eab624a1073aa9b096980368eedcc717e8469c8d29929e760326e9d695d08477,False
WS:XTKS:6752,2764289edc74e398a97713487714d6392d6f65259c101523a12a580a937f9e15,2764289edc74e398a97713487714d6392d6f65259c101523a12a580a937f9e15,False
WS:XTKS:6753,7ec6f18f72a82ba4413330045940518a15543728f62d464c6c75f670a7a41eb0,7ec6f18f72a82ba4413330045940518a15543728f62d464c6c75f670a7a41eb0,False
WS:XTKS:6758,71ca057d3e92ea4928a3214eeda75aa2a38c255a85b76378d7bf7dce18e33a64,71ca057d3e92ea4928a3214eeda75aa2a38c255a85b76378d7bf7dce18e33a64,False
WS:XTKS:6762,65f8a6acc73aa84a426465d0d1104040d521a07bcd6a7754382bf6d57caaf305,65f8a6acc73aa84a426465d0d1104040d521a07bcd6a7754382bf6d57caaf305,False
WS:XTKS:6770,9b7f22036ba65a1a80c8d7cc4d55786696695b9550bfc1ebace6f4672e784c2f,9b7f22036ba65a1a80c8d7cc4d55786696695b9550bfc1ebace6f4672e784c2f,False
WS:XTKS:6841,b6af5ea0fca3d4ced5218e712f6317751e5142de667d67b2e115a15cb3961e9e,b6af5ea0fca3d4ced5218e712f6317751e5142de667d67b2e115a15cb3961e9e,False
WS:XTKS:6857,f77fdb1134a70f05a422613d787e2b0b6ab7a4f7e33d62f09eb6b63f1ff509d6,f77fdb1134a70f05a422613d787e2b0b6ab7a4f7e33d62f09eb6b63f1ff509d6,False
WS:XTKS:6861,83c6ce9d0bbbaab791479cbf3fb66ca4819fd4641e76b0240d7cbbf36b236bd0,83c6ce9d0bbbaab791479cbf3fb66ca4819fd4641e76b0240d7cbbf36b236bd0,False
WS:XTKS:6902,7549601e371cd9afb77b8cb68a13438f7a2988805e7d7852aaa2fb787ce2644b,7549601e371cd9afb77b8cb68a13438f7a2988805e7d7852aaa2fb787ce2644b,False
WS:XTKS:6920,8bc11acca7d48b75dad1eee0df9eaaeb1bbcc7f78b811546b2d8bd58b462f3ee,8bc11acca7d48b75dad1eee0df9eaaeb1bbcc7f78b811546b2d8bd58b462f3ee,False
WS:XTKS:6954,5813fafeadfad0c4399c40ffb551db99bc17ca6c3d78843900a23e1d129075b7,5813fafeadfad0c4399c40ffb551db99bc17ca6c3d78843900a23e1d129075b7,False
WS:XTKS:6963,25ff92472c7d3be8b1905899cce3a347b32f7438b3ef4675e5d20850dd236245,25ff92472c7d3be8b1905899cce3a347b32f7438b3ef4675e5d20850dd236245,False
WS:XTKS:6971,2b8319aeb59416512d439ecb621291fbc281d43d873f0cb6410f6ef137605057,2b8319aeb59416512d439ecb621291fbc281d43d873f0cb6410f6ef137605057,False
WS:XTKS:6976,1a4ca4016b2db6ecce262405c3e3020fe613b5e5a1baa0f2b6437f2012d31cfb,1a4ca4016b2db6ecce262405c3e3020fe613b5e5a1baa0f2b6437f2012d31cfb,False
WS:XTKS:6981,77413d412bef18fb20a006bfd4b530f368fb1eedc196ec7da2604cbc2855aa52,77413d412bef18fb20a006bfd4b530f368fb1eedc196ec7da2604cbc2855aa52,False
WS:XTKS:6988,6ad4789030e66dfa7c2c6777e5d93fe71b943411f8fac5c9ce47bf47e610ea66,6ad4789030e66dfa7c2c6777e5d93fe71b943411f8fac5c9ce47bf47e610ea66,False
WS:XTKS:7004,8f0cceadce4c02bba018ee2f6a7d7cb38f8db51be1d1eb6b5bf0bb1934409d2b,8f0cceadce4c02bba018ee2f6a7d7cb38f8db51be1d1eb6b5bf0bb1934409d2b,False
WS:XTKS:7011,258d930e7833669e82250d5591fe022e54b6a7475c384d0370ad7057ab4716f4,258d930e7833669e82250d5591fe022e54b6a7475c384d0370ad7057ab4716f4,False
WS:XTKS:7012,54256e82418e68f5845f2a53e2406c1587a2f1200f1a0e2ddadf067ec26fde6f,54256e82418e68f5845f2a53e2406c1587a2f1200f1a0e2ddadf067ec26fde6f,False
WS:XTKS:7013,967aa5e59a7f68fed952b4f67f54ae38078f1e6386c3782440587b6a9ff965c5,967aa5e59a7f68fed952b4f67f54ae38078f1e6386c3782440587b6a9ff965c5,False
WS:XTKS:7186,afa7036f5f93071507e4bfb4683fe5b9b6b50b6e3ae4012e6cdbb0fcbc9137b2,afa7036f5f93071507e4bfb4683fe5b9b6b50b6e3ae4012e6cdbb0fcbc9137b2,False
WS:XTKS:7201,3b20f6380446050e7b85d2597c305b14d8d0e140a9296e99971edddc538309d3,3b20f6380446050e7b85d2597c305b14d8d0e140a9296e99971edddc538309d3,False
WS:XTKS:7202,31ebcf50c74a2eb56f2a99518b6bd34039826730ab724a55a69676102a234ce1,31ebcf50c74a2eb56f2a99518b6bd34039826730ab724a55a69676102a234ce1,False
WS:XTKS:7203,f410b3c6cc3958b9e535488ba83e8f6e59138ee98ea00e83ea1368b9e3f72902,f410b3c6cc3958b9e535488ba83e8f6e59138ee98ea00e83ea1368b9e3f72902,False
WS:XTKS:7211,6f41fb8e8448d2e629e5da5e1e6d62cf08df22e162327800e00172e9777200b2,6f41fb8e8448d2e629e5da5e1e6d62cf08df22e162327800e00172e9777200b2,False
WS:XTKS:7261,abfb8d8319386c57ab30832fca1af1c2d98e4732183ff58edaafee714a871c21,abfb8d8319386c57ab30832fca1af1c2d98e4732183ff58edaafee714a871c21,False
WS:XTKS:7267,93b53e682a263db8827874f398827f73bd956932e79f9ffd745231ffc4147082,93b53e682a263db8827874f398827f73bd956932e79f9ffd745231ffc4147082,False
WS:XTKS:7269,a89ccd889c634dad3f23e00fbaea5447dc72b2fe2a6810206fc87feae80f62d4,a89ccd889c634dad3f23e00fbaea5447dc72b2fe2a6810206fc87feae80f62d4,False
WS:XTKS:7270,9b20f01817f61cab92ac39941dff7061ce4c26c493fb7fcbe16e0043d896301b,9b20f01817f61cab92ac39941dff7061ce4c26c493fb7fcbe16e0043d896301b,False
WS:XTKS:7272,a75f2313054d2cdf2dbc4ed7f604351b317efd7bccb1701d9372c14874a81227,a75f2313054d2cdf2dbc4ed7f604351b317efd7bccb1701d9372c14874a81227,False
WS:XTKS:7453,a235efc333cb94b52bc832c28b9fdffe9de8c8c081ac0b2cb7d539a5abc81b51,a235efc333cb94b52bc832c28b9fdffe9de8c8c081ac0b2cb7d539a5abc81b51,False
WS:XTKS:7532,3f3f736536e7f4ba1633d2e66004cc55dedb406d1e03895f7b97b1b442d8e35c,3f3f736536e7f4ba1633d2e66004cc55dedb406d1e03895f7b97b1b442d8e35c,False
WS:XTKS:7731,6e1743b900b338eeb1490bbddf65f167f0040f52cf4dacf902658eed635b19d5,6e1743b900b338eeb1490bbddf65f167f0040f52cf4dacf902658eed635b19d5,False
WS:XTKS:7733,0e28c4359576c556070785019cb50783eebaa4a7189a2af620044f80e8e91764,0e28c4359576c556070785019cb50783eebaa4a7189a2af620044f80e8e91764,False
WS:XTKS:7735,041d6da76a3f836c30b77ad703d077b05f7ad854520ae1bb81f8d8a1913fa153,041d6da76a3f836c30b77ad703d077b05f7ad854520ae1bb81f8d8a1913fa153,False
WS:XTKS:7741,e8b4d637cd95d32528fbe0edf5914a62be55f72c1a82eb8524772eae02931fc2,e8b4d637cd95d32528fbe0edf5914a62be55f72c1a82eb8524772eae02931fc2,False
WS:XTKS:7751,1e2c1c3d08aea1688e5ee3c9703c75bb5d7f561712663ded505bc6a69dd923da,1e2c1c3d08aea1688e5ee3c9703c75bb5d7f561712663ded505bc6a69dd923da,False
WS:XTKS:7752,a557369c92452bb6eb310e533c4541728b9db339f386e90eceb20b0e2051ebac,a557369c92452bb6eb310e533c4541728b9db339f386e90eceb20b0e2051ebac,False
WS:XTKS:7832,7cc029fb05d956c73d6d7f1fc97a3fca1a3b57e6e2d427db5e44a9ae4ea3595e,7cc029fb05d956c73d6d7f1fc97a3fca1a3b57e6e2d427db5e44a9ae4ea3595e,False
WS:XTKS:7911,274789385c03f1f5dcb4e6d2020a632904c1e96c5d6cc3b9ae5bdbfa802471d7,274789385c03f1f5dcb4e6d2020a632904c1e96c5d6cc3b9ae5bdbfa802471d7,False
WS:XTKS:7912,ad0e0fb1f8aaab10a10afc695b560a074005dc0f4d16cc85e3af7a18130feed5,ad0e0fb1f8aaab10a10afc695b560a074005dc0f4d16cc85e3af7a18130feed5,False
WS:XTKS:7951,5229f9771df93a6a1e5cc818b1b9c8765ceda86196812bb02957bbb6219c90f8,5229f9771df93a6a1e5cc818b1b9c8765ceda86196812bb02957bbb6219c90f8,False
WS:XTKS:7974,0d7382cf07042204b65d8d78b52ba5211293d86c2a579272161fe436821964fa,0d7382cf07042204b65d8d78b52ba5211293d86c2a579272161fe436821964fa,False
WS:XTKS:8001,7a09fd242819a251ecf4d88e665a3a83e2bdb2162687a10c2d15a05ec45467fe,7a09fd242819a251ecf4d88e665a3a83e2bdb2162687a10c2d15a05ec45467fe,False
WS:XTKS:8002,625a8d97c2a6f038dc580e0f3f525e043d4caa68b205c42bf02d092256f822e3,625a8d97c2a6f038dc580e0f3f525e043d4caa68b205c42bf02d092256f822e3,False
WS:XTKS:8015,cbdc553b4e4e02ea16fa0558fa0f0b013c9b635711de3b6dc123b60e1e0ea1d5,cbdc553b4e4e02ea16fa0558fa0f0b013c9b635711de3b6dc123b60e1e0ea1d5,False
WS:XTKS:8031,690f4320e60c280813e5fb267694ef3b9de72e434c0fdf14f1bbed42954f6691,690f4320e60c280813e5fb267694ef3b9de72e434c0fdf14f1bbed42954f6691,False
WS:XTKS:8035,d0f68e9dab17827fad193ae964b9a8606b295de2aa17217196bba71d06e663b0,d0f68e9dab17827fad193ae964b9a8606b295de2aa17217196bba71d06e663b0,False
WS:XTKS:8053,937f5956d4a780d13237787d3adb0af4235a8430844157cb1edf068371155425,937f5956d4a780d13237787d3adb0af4235a8430844157cb1edf068371155425,False
WS:XTKS:8058,fcee63ad8927aecf0ef1d6388f2ed605a7ae02318f575f9e5e7b9baa20842045,fcee63ad8927aecf0ef1d6388f2ed605a7ae02318f575f9e5e7b9baa20842045,False
WS:XTKS:8233,7e49491e9676fee0f9a8d2e0a559725d1958067e46c6b2b961d5c5059dbaa212,7e49491e9676fee0f9a8d2e0a559725d1958067e46c6b2b961d5c5059dbaa212,False
WS:XTKS:8252,bdb567dfebfa8596ebd58472c4d9ff98b5cd511c5b691834659d7b5b7f401c9e,bdb567dfebfa8596ebd58472c4d9ff98b5cd511c5b691834659d7b5b7f401c9e,False
WS:XTKS:8253,a855f6516fa815c15620c4067a27f33e716e66236566c3f15c21a396ad25df7f,a855f6516fa815c15620c4067a27f33e716e66236566c3f15c21a396ad25df7f,False
WS:XTKS:8267,449417694a0822abf057e56fb2dd90ed866b30625ab971b51fa6dda4a53533da,449417694a0822abf057e56fb2dd90ed866b30625ab971b51fa6dda4a53533da,False
WS:XTKS:8304,18f6c5218d43d9f8da20e6d493583512a153f7422a7af24ca6ff7769f1905612,18f6c5218d43d9f8da20e6d493583512a153f7422a7af24ca6ff7769f1905612,False
WS:XTKS:8306,b5914146dc1c4192ee03b0e292dbc9c24f40ad46481ed84aa742b78edc7bbf4e,b5914146dc1c4192ee03b0e292dbc9c24f40ad46481ed84aa742b78edc7bbf4e,False
WS:XTKS:8308,67048af628b40ddb1c17aadb0555a972c6ca76736c081089922ea52044a29b63,67048af628b40ddb1c17aadb0555a972c6ca76736c081089922ea52044a29b63,False
WS:XTKS:8309,4fcfbb1489cc23d032b9fa29682882fa8d052d5e80ae41b40e0bec5a5ad1a394,4fcfbb1489cc23d032b9fa29682882fa8d052d5e80ae41b40e0bec5a5ad1a394,False
WS:XTKS:8316,87c18ce910dbc66ea45702760dd63d9d018005bdf67854112eefb3469da4a998,87c18ce910dbc66ea45702760dd63d9d018005bdf67854112eefb3469da4a998,False
WS:XTKS:8331,074c18fe39a9a398a92844fc5a94444fef4299772c9e2bf7ae575fea03a646ad,074c18fe39a9a398a92844fc5a94444fef4299772c9e2bf7ae575fea03a646ad,False
WS:XTKS:8354,4933aee612a22cfd34034f3395ca4d1b3616fcd5a6838dea362f539d8194d161,4933aee612a22cfd34034f3395ca4d1b3616fcd5a6838dea362f539d8194d161,False
WS:XTKS:8411,b49e68b966d2f8a7cf49f782786f548af29d38c9a718f74bbe74d46f8acdac0f,b49e68b966d2f8a7cf49f782786f548af29d38c9a718f74bbe74d46f8acdac0f,False
WS:XTKS:8591,00e348de683d20fc49c38c213ab02fa3d9d1966710c68b471c4a621b3391e9f8,00e348de683d20fc49c38c213ab02fa3d9d1966710c68b471c4a621b3391e9f8,False
WS:XTKS:8601,fa888c881789e1f78aad41b3c415ab7b0b6cd35756e0cb3b81be7d5e63ac331d,fa888c881789e1f78aad41b3c415ab7b0b6cd35756e0cb3b81be7d5e63ac331d,False
WS:XTKS:8604,2388fcb4a218e8fe5ea31f0756ae2c08fd7baf412ddfa4a9818581f4254ee5e8,2388fcb4a218e8fe5ea31f0756ae2c08fd7baf412ddfa4a9818581f4254ee5e8,False
WS:XTKS:8630,542516327c9dfcc2c567e27e2327f5b47f8323eb2ea5a1e4838a79d74a719388,542516327c9dfcc2c567e27e2327f5b47f8323eb2ea5a1e4838a79d74a719388,False
WS:XTKS:8697,0cf5d70c72d04e1fdad50a112c8433c5904941035428c3272ca4c4fbd2a7b7af,0cf5d70c72d04e1fdad50a112c8433c5904941035428c3272ca4c4fbd2a7b7af,False
WS:XTKS:8725,ca42017749508d30eb3f57bf3e250f56d7fe0f7990348afd9da2f30db570f974,ca42017749508d30eb3f57bf3e250f56d7fe0f7990348afd9da2f30db570f974,False
WS:XTKS:8750,dd7981a26920d45a1c351d9b51f8119e7e720f3866aaf8df6a450d4ba0cf7b5a,dd7981a26920d45a1c351d9b51f8119e7e720f3866aaf8df6a450d4ba0cf7b5a,False
WS:XTKS:8766,33b2e7d195cf0fb903332a120d23af47e37d68a8405f6e613ed1c12ad3652d12,33b2e7d195cf0fb903332a120d23af47e37d68a8405f6e613ed1c12ad3652d12,False
WS:XTKS:8795,27298e9cff5bf0cf087c90ebadb731a07338dfd7562afe4b231dff1b3e986a4f,27298e9cff5bf0cf087c90ebadb731a07338dfd7562afe4b231dff1b3e986a4f,False
WS:XTKS:8801,5af43fe5e6ee3cbc4af3904de3418b3c2cf9bfaed5f5a092b7c608a210896dce,5af43fe5e6ee3cbc4af3904de3418b3c2cf9bfaed5f5a092b7c608a210896dce,False
WS:XTKS:8802,fa69703a05423cab3ba60a8971ecfc5ed79184d34fc5a2b4d2d992aee4d23d2e,fa69703a05423cab3ba60a8971ecfc5ed79184d34fc5a2b4d2d992aee4d23d2e,False
WS:XTKS:8804,b3aa699385d59747c6092fdb3a7ea4c5d158e54dac45c7c632866f2ad50c161f,b3aa699385d59747c6092fdb3a7ea4c5d158e54dac45c7c632866f2ad50c161f,False
WS:XTKS:8830,8abb8be46d5338332f740ee1a0a48f8875f97f05d552b412697294cf623fc7af,8abb8be46d5338332f740ee1a0a48f8875f97f05d552b412697294cf623fc7af,False
WS:XTKS:9001,e635bd36130a0b4b475b41aa5d553d0dbf242e1661d419bc64ca2cfc02fbf608,e635bd36130a0b4b475b41aa5d553d0dbf242e1661d419bc64ca2cfc02fbf608,False
WS:XTKS:9005,c208b68664974fc1da1b658cc4872232c7abd16edd65ba7903b070f1d522e550,c208b68664974fc1da1b658cc4872232c7abd16edd65ba7903b070f1d522e550,False
WS:XTKS:9007,63121a63838b1dea6453d8085d8972ea50c42a2577b815b47745873897951431,63121a63838b1dea6453d8085d8972ea50c42a2577b815b47745873897951431,False
WS:XTKS:9008,e8cac5235c7b95ae2b49c0914f01c5b2ab10477a1150fc67ea322c54302cadd3,e8cac5235c7b95ae2b49c0914f01c5b2ab10477a1150fc67ea322c54302cadd3,False
WS:XTKS:9009,5b5284bd3bf73888b6a577d5ec05474fee184ce4ee193c1a4bf716c3b82e13ad,5b5284bd3bf73888b6a577d5ec05474fee184ce4ee193c1a4bf716c3b82e13ad,False
WS:XTKS:9020,31c550ffad3e31257ae8a79885050d1ebd457102c32c01da5c65ad2041e72781,31c550ffad3e31257ae8a79885050d1ebd457102c32c01da5c65ad2041e72781,False
WS:XTKS:9021,83173bafb6e1fa380827d2fef408cceb4f15bc0788bfb3445c1ad6358e374529,83173bafb6e1fa380827d2fef408cceb4f15bc0788bfb3445c1ad6358e374529,False
WS:XTKS:9022,6615a83687dc6f0d4e39c7e3e39ac77f2abf446452af95142215eaa9b586e56f,6615a83687dc6f0d4e39c7e3e39ac77f2abf446452af95142215eaa9b586e56f,False
WS:XTKS:9064,444402bed9d683a14d596fe06650ff81849187c7079097c9f9e9ad6cbb176e55,444402bed9d683a14d596fe06650ff81849187c7079097c9f9e9ad6cbb176e55,False
WS:XTKS:9101,5e1c7744c711502942df85d1517c07d440c300e85980cf501e45b4b44ecf4be5,5e1c7744c711502942df85d1517c07d440c300e85980cf501e45b4b44ecf4be5,False
WS:XTKS:9104,c6cc7fa749b6c81131dbcd0ac514a65b275a1fadbd8905d0a46aef62c44b19b8,c6cc7fa749b6c81131dbcd0ac514a65b275a1fadbd8905d0a46aef62c44b19b8,False
WS:XTKS:9107,30ed38376f6418eb30612b78c994fd6ba1e5bb6d3e707e01503984d178e6f258,30ed38376f6418eb30612b78c994fd6ba1e5bb6d3e707e01503984d178e6f258,False
WS:XTKS:9147,c801a86ad8a022c8c634d11ead80a53213ba7f200fa88ccc1f2e70cf68d82793,c801a86ad8a022c8c634d11ead80a53213ba7f200fa88ccc1f2e70cf68d82793,False
WS:XTKS:9201,9e8facb0c7d915fad509c116e4b24c3221a905298e63ef70c254ad1610c48eb0,9e8facb0c7d915fad509c116e4b24c3221a905298e63ef70c254ad1610c48eb0,False
WS:XTKS:9202,a722094d610da99c6d8b74e6ee85c2af16f1106d4eb73933e77f2a84667644ca,a722094d610da99c6d8b74e6ee85c2af16f1106d4eb73933e77f2a84667644ca,False
WS:XTKS:9432,e7712d717f75d90d2235b81b30d631200a6faf5c15fee2ae17c852b1b9d27f29,e7712d717f75d90d2235b81b30d631200a6faf5c15fee2ae17c852b1b9d27f29,False
WS:XTKS:9433,d3d804dc557279e611fe27a9fac7e02714f6653a4ee08ad383c1568e80df3f54,d3d804dc557279e611fe27a9fac7e02714f6653a4ee08ad383c1568e80df3f54,False
WS:XTKS:9434,78b6ae93e8fe82da22012361458b08db2f136192ca05349a86c052c602a148cb,78b6ae93e8fe82da22012361458b08db2f136192ca05349a86c052c602a148cb,False
WS:XTKS:9501,d9268c23ee6e90899ecccf10fce7926b941d6389c387988d837691707214d845,d9268c23ee6e90899ecccf10fce7926b941d6389c387988d837691707214d845,False
WS:XTKS:9502,4ed7d13286b445d988428974f53a32aaa06d2798503176469ef4d90393e92f64,4ed7d13286b445d988428974f53a32aaa06d2798503176469ef4d90393e92f64,False
WS:XTKS:9503,77de7d86e686e61c3f294f2358f66005a0338aeafd155ddcd2509af0859df25b,77de7d86e686e61c3f294f2358f66005a0338aeafd155ddcd2509af0859df25b,False
WS:XTKS:9531,0c59cf06fd2f2322dd6e5a95d96a8b333cfb20ff5f78dc8d58c2ca616c2053fd,0c59cf06fd2f2322dd6e5a95d96a8b333cfb20ff5f78dc8d58c2ca616c2053fd,False
WS:XTKS:9532,914a3da9103c7974df44490698529dfff28fd4d6187e26cff7421a74f088be35,914a3da9103c7974df44490698529dfff28fd4d6187e26cff7421a74f088be35,False
WS:XTKS:9602,bcafbd62cf30e1fbe81c644dcc3103d8f54cf550a9e1c815ac76cae4db9abedf,bcafbd62cf30e1fbe81c644dcc3103d8f54cf550a9e1c815ac76cae4db9abedf,False
WS:XTKS:9735,178ed4bc4e4c29fe05e25a222ac5204b5091a3a538924bee971b8d527ccb74a4,178ed4bc4e4c29fe05e25a222ac5204b5091a3a538924bee971b8d527ccb74a4,False
WS:XTKS:9766,9607f69cdf8a4c9c014ffc39ff01260c5c79ba62f179393f2c86e6c07e7a7efd,9607f69cdf8a4c9c014ffc39ff01260c5c79ba62f179393f2c86e6c07e7a7efd,False
WS:XTKS:9843,44abfb0045b9681245998f2805f47c45f515ca959fa76a588ca71aa34e83a880,44abfb0045b9681245998f2805f47c45f515ca959fa76a588ca71aa34e83a880,False
WS:XTKS:9983,4cb857b5bf923b209be0e13522c18f5bce361ae5e6680dacb38e4f03c64461cc,4cb857b5bf923b209be0e13522c18f5bce361ae5e6680dacb38e4f03c64461cc,False
WS:XTKS:9984,b583a04c6322da36ae50c134cab57b17462932368a077e4438d66e74549f0c27,b583a04c6322da36ae50c134cab57b17462932368a077e4438d66e74549f0c27,False
WS:XTSE:AAUC,c190907c6855ef6cea45355b04beea2e946ea90b0b4f2f3e9429b724b0183e94,c190907c6855ef6cea45355b04beea2e946ea90b0b4f2f3e9429b724b0183e94,False
WS:XTSE:AAV,c52137ecb25b58bb5f0d61fbab8b1948e62b91e2a39ffe7b2f40402e1a56856c,c52137ecb25b58bb5f0d61fbab8b1948e62b91e2a39ffe7b2f40402e1a56856c,False
WS:XTSE:ABRA,6364f230d38ef5c31d8ce4a77e019c1b2124ef70960c27eab0f18c4c6f65f6aa,6364f230d38ef5c31d8ce4a77e019c1b2124ef70960c27eab0f18c4c6f65f6aa,False
WS:XTSE:ABX,c54e93ee40af0637fc537af320145b95b693879300d422adcd558e07b91ac5d0,c54e93ee40af0637fc537af320145b95b693879300d422adcd558e07b91ac5d0,False
WS:XTSE:AC,8f97162a3ee1ca16c18bc349c5a305212385f51c803be4cbe211daf97a67fdbe,8f97162a3ee1ca16c18bc349c5a305212385f51c803be4cbe211daf97a67fdbe,False
WS:XTSE:ACO.X,e5e47f97d93354225cf73290699fa53f198670aa81dbf17b3d0fb4dfe6a2b1a4,e5e47f97d93354225cf73290699fa53f198670aa81dbf17b3d0fb4dfe6a2b1a4,False
WS:XTSE:AEM,378226bbfd39e72157f746a1f1301e81830ed207a5864b0e28d799dd3d6f6451,378226bbfd39e72157f746a1f1301e81830ed207a5864b0e28d799dd3d6f6451,False
WS:XTSE:AG,9cb5d0be1c79b1d3857bd587e4020d24f000666c77d3a307f054b6dd4b4ff2b3,9cb5d0be1c79b1d3857bd587e4020d24f000666c77d3a307f054b6dd4b4ff2b3,False
WS:XTSE:AGI,1b12304c3385a58b068ecd817ca496527399173e16e8f5f59f7e80cb0e19f953,1b12304c3385a58b068ecd817ca496527399173e16e8f5f59f7e80cb0e19f953,False
WS:XTSE:AIF,16f0584c97d0dee8cda4acaa59bd418370f47eca15f5ac5d5797abf42b3936f0,16f0584c97d0dee8cda4acaa59bd418370f47eca15f5ac5d5797abf42b3936f0,False
WS:XTSE:ALA,7f6689f074ad3d5f1b661f482ac4286672c02ca16376f63a7a6cc26900e4bc77,7f6689f074ad3d5f1b661f482ac4286672c02ca16376f63a7a6cc26900e4bc77,False
WS:XTSE:ALS,9db168cda6deae30e009992fe37856cd4dcba7c3b4ea8aaffa4ccd2be3ddaf2f,9db168cda6deae30e009992fe37856cd4dcba7c3b4ea8aaffa4ccd2be3ddaf2f,False
WS:XTSE:AP.UN,e1967bde91a2bb4e73f9fb9d3fe571fdb2f7fec4dbfa944492baea152ee6487c,e1967bde91a2bb4e73f9fb9d3fe571fdb2f7fec4dbfa944492baea152ee6487c,False
WS:XTSE:AQN,d834982915cc5b44bb86c287b51d6c02c29490b58372a907a4f2fe1c1992681a,d834982915cc5b44bb86c287b51d6c02c29490b58372a907a4f2fe1c1992681a,False
WS:XTSE:ARE,59429b1c4909c49608ead9d64b708488bef0e653f5c86cd801203a2c259d2e1d,59429b1c4909c49608ead9d64b708488bef0e653f5c86cd801203a2c259d2e1d,False
WS:XTSE:ARIS,b6f1ea8932075cf49809ba590baaddb95b7c0fc1b881f53e1e12a575338d033a,b6f1ea8932075cf49809ba590baaddb95b7c0fc1b881f53e1e12a575338d033a,False
WS:XTSE:ARX,ede6deba7e09de4e6648e4321a518d6ccaede48a85975ba989e32960ca7ebd58,ede6deba7e09de4e6648e4321a518d6ccaede48a85975ba989e32960ca7ebd58,False
WS:XTSE:ASM,d3862f1cc9c83342ab46514a38f5a9a1ac19f75ad806cc17c134b180c6718e58,d3862f1cc9c83342ab46514a38f5a9a1ac19f75ad806cc17c134b180c6718e58,False
WS:XTSE:ATD,9b5cff92378d4c60da8724579adf481c0df62f57fbcb25c2669574ec4a3653d5,9b5cff92378d4c60da8724579adf481c0df62f57fbcb25c2669574ec4a3653d5,False
WS:XTSE:ATH,879dee7570c34c3367596005f7fe4d0aee1bf778e7e69cd6cff8355921d8987f,879dee7570c34c3367596005f7fe4d0aee1bf778e7e69cd6cff8355921d8987f,False
WS:XTSE:ATRL,6a63e902ce68aa4fb6bc0c4c8bc047ce8c6a6ac6ea1265cf983cf4a62bec2ead,6a63e902ce68aa4fb6bc0c4c8bc047ce8c6a6ac6ea1265cf983cf4a62bec2ead,False
WS:XTSE:ATS,d7fcd7b1207f2beee437e6a2d64b480804f4b4fd3d559432df7f55578ef8b5e6,d7fcd7b1207f2beee437e6a2d64b480804f4b4fd3d559432df7f55578ef8b5e6,False
WS:XTSE:ATZ,33fc85cd6e56470291b849633c02ce3cebf6e38252723e1d2134183369c5afaa,33fc85cd6e56470291b849633c02ce3cebf6e38252723e1d2134183369c5afaa,False
WS:XTSE:AYA,0a4b9a02965548cecd480b8810b12f8c70fdbd4d79808cd2d33be6de9ab2764b,0a4b9a02965548cecd480b8810b12f8c70fdbd4d79808cd2d33be6de9ab2764b,False
WS:XTSE:BAM,de8558a13f6b23779a3d013b32c50c4f6c4796b2ef991de8754372b8ee374b75,de8558a13f6b23779a3d013b32c50c4f6c4796b2ef991de8754372b8ee374b75,False
WS:XTSE:BB,2188cd9a54459c54b20a9b82233b3178ef270d2c212b1b00f4bca441d2580a3d,2188cd9a54459c54b20a9b82233b3178ef270d2c212b1b00f4bca441d2580a3d,False
WS:XTSE:BBD.B,d345ff58cfe278f65c65633f036a6da3a89eda3d9867e7e5294e5ab4c37c21e5,d345ff58cfe278f65c65633f036a6da3a89eda3d9867e7e5294e5ab4c37c21e5,False
WS:XTSE:BBUC,42bf385c0707811d9f6455d0d871574eab597b228f265c4deb952b6049c759ab,42bf385c0707811d9f6455d0d871574eab597b228f265c4deb952b6049c759ab,False
WS:XTSE:BCE,08b4def4a13002b8d9e6e8e1778120282169a6d39bcf7fce40dc86f6aa4ccc12,08b4def4a13002b8d9e6e8e1778120282169a6d39bcf7fce40dc86f6aa4ccc12,False
WS:XTSE:BDGI,3b0dec15f7a5c4c4c936394e47b52e4be33357c93ff4f37b9dd47e96b369a432,3b0dec15f7a5c4c4c936394e47b52e4be33357c93ff4f37b9dd47e96b369a432,False
WS:XTSE:BDT,dcb6b952392f77ea6a798e53526318429ca1fdc3e2df49419be4078e4634b0c6,dcb6b952392f77ea6a798e53526318429ca1fdc3e2df49419be4078e4634b0c6,False
WS:XTSE:BEI.UN,1ebf20f897643da123080d7e3007293fb4d982f4849d1a40096651e1bb02e0d9,1ebf20f897643da123080d7e3007293fb4d982f4849d1a40096651e1bb02e0d9,False
WS:XTSE:BEP.UN,38eabd8a86f7976a9ca0a18ee33b91412126ab3465c3ff1caad9f28581605c7c,38eabd8a86f7976a9ca0a18ee33b91412126ab3465c3ff1caad9f28581605c7c,False
WS:XTSE:BHC,fdacbc1037c0d4d3fc2210154399ab2c8f76dc9bee91bcac7765902cf2ffcb34,fdacbc1037c0d4d3fc2210154399ab2c8f76dc9bee91bcac7765902cf2ffcb34,False
WS:XTSE:BIP.UN,8eb989b3a365e4ef826f21e6845305b7c8e1f20716fb174551adc66baab8485e,8eb989b3a365e4ef826f21e6845305b7c8e1f20716fb174551adc66baab8485e,False
WS:XTSE:BIR,1946c85cbda1acabebe21aa91f7ef0bd83d0eeffa09f2dcb11490f63743bbe35,1946c85cbda1acabebe21aa91f7ef0bd83d0eeffa09f2dcb11490f63743bbe35,False
WS:XTSE:BMO,ce1c3ac19668022c7078a127148d426fbdc714861382595a633c448e737c8b8d,ce1c3ac19668022c7078a127148d426fbdc714861382595a633c448e737c8b8d,False
WS:XTSE:BN,52932c65200517ff72da91b49709528e73ccf9e59687d84cfb8891927964f203,52932c65200517ff72da91b49709528e73ccf9e59687d84cfb8891927964f203,False
WS:XTSE:BNS,2d2a19de01cc5c1c82eef3143788f5648d27700d42326e4462f074a1981b142e,2d2a19de01cc5c1c82eef3143788f5648d27700d42326e4462f074a1981b142e,False
WS:XTSE:BTE,e1f02abe1a9184d16a8fad5cade5e68f25ff02f01a1423fc8532cee7d64e3501,e1f02abe1a9184d16a8fad5cade5e68f25ff02f01a1423fc8532cee7d64e3501,False
WS:XTSE:BTO,bef165c7255fecfdfdbfe8a98907924ea43a66a51796ea2d45c560209d7ef908,bef165c7255fecfdfdbfe8a98907924ea43a66a51796ea2d45c560209d7ef908,False
WS:XTSE:BYD,7772d8fb6362fae9f2fabeb3978e0bb99fcbeb289654892a399d1df50a7e1e77,7772d8fb6362fae9f2fabeb3978e0bb99fcbeb289654892a399d1df50a7e1e77,False
WS:XTSE:CAE,37e1d3b8468e5d152cd236d3ad4ea22aad9fedfd77ccee92797a4127b8878541,37e1d3b8468e5d152cd236d3ad4ea22aad9fedfd77ccee92797a4127b8878541,False
WS:XTSE:CAR.UN,9dbb1f53e335d19cc5d27e3b70cda8c45a1e3f50e99525b4aec0dc93382f707a,9dbb1f53e335d19cc5d27e3b70cda8c45a1e3f50e99525b4aec0dc93382f707a,False
WS:XTSE:CCA,a8ff8ac4f88df5bcc6ad8d22fee8be000e6eba3a467b457761d8a0c48c918c8f,a8ff8ac4f88df5bcc6ad8d22fee8be000e6eba3a467b457761d8a0c48c918c8f,False
WS:XTSE:CCL.B,de997de31067477091c3af6ea15c44c02c1f878b570c7986b2fa961cf00a1818,de997de31067477091c3af6ea15c44c02c1f878b570c7986b2fa961cf00a1818,False
WS:XTSE:CCO,f1f97778d2df7899c906bdf570e07edeca515fc6daed76b4947c07dae8a0f9ea,f1f97778d2df7899c906bdf570e07edeca515fc6daed76b4947c07dae8a0f9ea,False
WS:XTSE:CEU,2f7d10ba7a3d32ca55f1ea43e58e7bd55d3ee64da969b66bfab6e54852e61888,2f7d10ba7a3d32ca55f1ea43e58e7bd55d3ee64da969b66bfab6e54852e61888,False
WS:XTSE:CG,32d86098be560eb8c85f6e55c378a2b8534a28ee9d85692c6daccedecf813422,32d86098be560eb8c85f6e55c378a2b8534a28ee9d85692c6daccedecf813422,False
WS:XTSE:CHP.UN,22a798a04b7a53af4a3a81d5e569df08e9b3fca7fbf09047005d061d62221d91,22a798a04b7a53af4a3a81d5e569df08e9b3fca7fbf09047005d061d62221d91,False
WS:XTSE:CIGI,786c8da1f10f398a81f231c56882f381441ec5e4bb023903484c31f78a9df9db,786c8da1f10f398a81f231c56882f381441ec5e4bb023903484c31f78a9df9db,False
WS:XTSE:CJT,b2bcc83ff987deee476f036508134560f6d4dd3d369693a6abaeca0baf7c23aa,b2bcc83ff987deee476f036508134560f6d4dd3d369693a6abaeca0baf7c23aa,False
WS:XTSE:CLS,518891eac4e206498a637b77c7bc9a4d73c14da5125206f22d33cb27da1ffa14,518891eac4e206498a637b77c7bc9a4d73c14da5125206f22d33cb27da1ffa14,False
WS:XTSE:CM,02e1f7bbcdbd8bedc6ed616330fb9d2ef6a958ce238f771020ce777bd9e354df,02e1f7bbcdbd8bedc6ed616330fb9d2ef6a958ce238f771020ce777bd9e354df,False
WS:XTSE:CNQ,94bb58ce47eb46c3f13862732aad29d87392429bdbb85ddd4c4d458c3582aa6d,94bb58ce47eb46c3f13862732aad29d87392429bdbb85ddd4c4d458c3582aa6d,False
WS:XTSE:CNR,9189623b32a8c5068b56d747cab3e4f956912f9f296c3adc960721c5e9045377,9189623b32a8c5068b56d747cab3e4f956912f9f296c3adc960721c5e9045377,False
WS:XTSE:CP,0b01c70f695d55064fde6f8a7cce43f87f4bc08eb032aab3914a5445064fb81e,0b01c70f695d55064fde6f8a7cce43f87f4bc08eb032aab3914a5445064fb81e,False
WS:XTSE:CPX,e9cb59c6cd55a3201bed2fb8e3adb101e63a1f38938769823354e403edc19555,e9cb59c6cd55a3201bed2fb8e3adb101e63a1f38938769823354e403edc19555,False
WS:XTSE:CRR.UN,14062a332a5bd661ea7e45b18ae93231d5c96b4df65b4ab08f1c373f9de7608e,14062a332a5bd661ea7e45b18ae93231d5c96b4df65b4ab08f1c373f9de7608e,False
WS:XTSE:CRT.UN,1aa89d92011892272fbd551eedeb6b6685fa4070288d50b898f359551164d6e0,1aa89d92011892272fbd551eedeb6b6685fa4070288d50b898f359551164d6e0,False
WS:XTSE:CS,4b92f94c578b5717a9ef2a7b72cc92c777e729e7d05d70856a7bab1c12a44ba7,4b92f94c578b5717a9ef2a7b72cc92c777e729e7d05d70856a7bab1c12a44ba7,False
WS:XTSE:CSH.UN,9fe3d5a3aa40fccb65e3e764340d4b13effff968d1d67492a14b28659ebc5e17,9fe3d5a3aa40fccb65e3e764340d4b13effff968d1d67492a14b28659ebc5e17,False
WS:XTSE:CSU,80d833df2aba6eb188a5c425456354c888c274e8a56b2ab4a27768df9c426252,80d833df2aba6eb188a5c425456354c888c274e8a56b2ab4a27768df9c426252,False
WS:XTSE:CTC.A,a3d27f71e22bf410f13ce11179e652a51d5f991b7a7d689128347dfce0811663,a3d27f71e22bf410f13ce11179e652a51d5f991b7a7d689128347dfce0811663,False
WS:XTSE:CU,adab9c80a20ed873d839db7829ba1c3c18641cd2b40b2021b3aafb4d827974a7,adab9c80a20ed873d839db7829ba1c3c18641cd2b40b2021b3aafb4d827974a7,False
WS:XTSE:CURA,df3b4a04b11f942d2ced2ef1c20af0357c490a921dc03415e8c57a6fe873f54a,df3b4a04b11f942d2ced2ef1c20af0357c490a921dc03415e8c57a6fe873f54a,False
WS:XTSE:CVE,2e2eb0809714875bac91ed5a15d2c3e4cc7cc12e37cbe0bf27be30f763cec284,2e2eb0809714875bac91ed5a15d2c3e4cc7cc12e37cbe0bf27be30f763cec284,False
WS:XTSE:DFY,8d1d167eb7763770dad992c7240b0d93faf209d0a7fbb7126ba8d3f1bfa79614,8d1d167eb7763770dad992c7240b0d93faf209d0a7fbb7126ba8d3f1bfa79614,False
WS:XTSE:DIR.UN,9113b02e036e60405a04fc7977b1d3e9911dbdb785f97d119a303bba0f75a29b,9113b02e036e60405a04fc7977b1d3e9911dbdb785f97d119a303bba0f75a29b,False
WS:XTSE:DML,b00f0366fe46f2060fd6f156106a25bf9bea8bc18ed74a2916be98e93bcf709d,b00f0366fe46f2060fd6f156106a25bf9bea8bc18ed74a2916be98e93bcf709d,False
WS:XTSE:DOL,15ac9d17a1ddb3b1380dee72c1c206c533a60484d8204893f8e0824548eaa118,15ac9d17a1ddb3b1380dee72c1c206c533a60484d8204893f8e0824548eaa118,False
WS:XTSE:DOO,2d8de652c242238da93ea03e15705af06edc10e2b59a6ca24dd7d5d9b192e94d,2d8de652c242238da93ea03e15705af06edc10e2b59a6ca24dd7d5d9b192e94d,False
WS:XTSE:DPM,2e2c409dfbc94964959cbbce393bff51c7c5131dd3a913ad95b4e09b19b6a1c3,2e2c409dfbc94964959cbbce393bff51c7c5131dd3a913ad95b4e09b19b6a1c3,False
WS:XTSE:DSG,0e68f267baedd08cae50ae391ee98e5264464e6cda0dacda9a94ac68b822d414,0e68f267baedd08cae50ae391ee98e5264464e6cda0dacda9a94ac68b822d414,False
WS:XTSE:DSV,ec8a882d3be148d9d84465c49ba1dab8fbae8187b57e9ff7d22f223d77a356e8,ec8a882d3be148d9d84465c49ba1dab8fbae8187b57e9ff7d22f223d77a356e8,False
WS:XTSE:EDR,a9bb5950754df5756bc94134f0f6a5f3beff33530b0f6ee029d6d02b53ac2778,a9bb5950754df5756bc94134f0f6a5f3beff33530b0f6ee029d6d02b53ac2778,False
WS:XTSE:EFN,d0edd786b0dd916fbde656a2ecd95670870dd5c5975c1701a3eb385e9bbcb34f,d0edd786b0dd916fbde656a2ecd95670870dd5c5975c1701a3eb385e9bbcb34f,False
WS:XTSE:EFR,e7401169c745d5c4abc0a7995a8f2c3fcee577b1fd3bf1bc7ad369147c188ae0,e7401169c745d5c4abc0a7995a8f2c3fcee577b1fd3bf1bc7ad369147c188ae0,False
WS:XTSE:EFX,cb5760758fbf27e4355232a4cbd6274a2dfcf74d60b4f1977ddbd77dd2b394dc,cb5760758fbf27e4355232a4cbd6274a2dfcf74d60b4f1977ddbd77dd2b394dc,False
WS:XTSE:EIF,aaccbba884013b9bb08b4d46bc4a93103f129c5760c1332d8ea18e6c72dcd8c9,aaccbba884013b9bb08b4d46bc4a93103f129c5760c1332d8ea18e6c72dcd8c9,False
WS:XTSE:ELD,df9c6a8efbb62b0a90abb9a97fbc254e00b7e9c656eb0e6c025af56652c89095,df9c6a8efbb62b0a90abb9a97fbc254e00b7e9c656eb0e6c025af56652c89095,False
WS:XTSE:EMA,2223009ebb70d24a91e8bb52e779d11ae86f57cfe0ff71cc7d235bcae9528c3a,2223009ebb70d24a91e8bb52e779d11ae86f57cfe0ff71cc7d235bcae9528c3a,False
WS:XTSE:EMP.A,4abd5d99daa441889d127e71b40bb046e39265d1ec54ff1eada5af02b8c7163a,4abd5d99daa441889d127e71b40bb046e39265d1ec54ff1eada5af02b8c7163a,False
WS:XTSE:ENB,698b806cefa8306967ba2babfa5f0c589e294049d414b7b9203b85fc97577c55,698b806cefa8306967ba2babfa5f0c589e294049d414b7b9203b85fc97577c55,False
WS:XTSE:EQB,86dbed45ab9f3a3fc4db3919575e23737d8dcb089b38f4a8fc8b8a5c17dbbdb4,86dbed45ab9f3a3fc4db3919575e23737d8dcb089b38f4a8fc8b8a5c17dbbdb4,False
WS:XTSE:EQX,79bf2bf8e76e57597c3e89ffdf25202e14ea46edf46fe5c92847631352921813,79bf2bf8e76e57597c3e89ffdf25202e14ea46edf46fe5c92847631352921813,False
WS:XTSE:ERO,67e6b33bec807404dff5074be4a58cf8ea69a4236bdbd3fe58b7b7b7065fb685,67e6b33bec807404dff5074be4a58cf8ea69a4236bdbd3fe58b7b7b7065fb685,False
WS:XTSE:EXE,bc6d8e5fe5e2c267fa3cddd9f699fc0b0b6c1c36561eb69cbc00b9c0e45b2e76,bc6d8e5fe5e2c267fa3cddd9f699fc0b0b6c1c36561eb69cbc00b9c0e45b2e76,False
WS:XTSE:FCR.UN,39acf8c7672a7bc3a43ba995c4560bab81d78afd0edb9c71dfff3eeb746b7286,39acf8c7672a7bc3a43ba995c4560bab81d78afd0edb9c71dfff3eeb746b7286,False
WS:XTSE:FFH,b820609f95c75d458d1fd14d4d90157b76e16d908093dbf3462375d0d2a828d0,b820609f95c75d458d1fd14d4d90157b76e16d908093dbf3462375d0d2a828d0,False
WS:XTSE:FM,3aa968cf812c515695c1c48bfa687102344f35f6fea3cd96a17831a0e5cf2a69,3aa968cf812c515695c1c48bfa687102344f35f6fea3cd96a17831a0e5cf2a69,False
WS:XTSE:FNV,94c53a6b63bfe6eefd787ec64c895a70138725f40db21dabb8e1b95d564a533d,94c53a6b63bfe6eefd787ec64c895a70138725f40db21dabb8e1b95d564a533d,False
WS:XTSE:FRU,1cd6e7f7f8f55823e9db418ba5ee1ce90fa862d0c47dca10a3244ce57cecf9c8,1cd6e7f7f8f55823e9db418ba5ee1ce90fa862d0c47dca10a3244ce57cecf9c8,False
WS:XTSE:FSV,5c66130e131df47dfbf50ad3f0f1bc7fc24f4d05e86fcf0048b13810089c68e8,5c66130e131df47dfbf50ad3f0f1bc7fc24f4d05e86fcf0048b13810089c68e8,False
WS:XTSE:FTS,358a030b4d479e95f145f5181a383f2e404291eed40f13f75389c11b3d123010,358a030b4d479e95f145f5181a383f2e404291eed40f13f75389c11b3d123010,False
WS:XTSE:FTT,2653fc73fa6fca639bceb797f200e2dabfc6084f3b84186b0fcb40f5054648fb,2653fc73fa6fca639bceb797f200e2dabfc6084f3b84186b0fcb40f5054648fb,False
WS:XTSE:FVI,0c830c654ce97481be8214e0aa4e5c70f7e402d3dcd89016f47854076534226e,0c830c654ce97481be8214e0aa4e5c70f7e402d3dcd89016f47854076534226e,False
WS:XTSE:GEI,3869a43f1238eb1e6cc4c84dd6a22987a26418b4926d9da19a14f55b363121d0,3869a43f1238eb1e6cc4c84dd6a22987a26418b4926d9da19a14f55b363121d0,False
WS:XTSE:GFL,e24942468a28a4605ccedbad15d9924ffaa6c61c72ae5e564183cc76bc4f3c3f,e24942468a28a4605ccedbad15d9924ffaa6c61c72ae5e564183cc76bc4f3c3f,False
WS:XTSE:GIB.A,cb3a69e39b3d8b507f9dc06b8befc09bcda3cb5f3cf9ca22d7a3bc4c134ff378,cb3a69e39b3d8b507f9dc06b8befc09bcda3cb5f3cf9ca22d7a3bc4c134ff378,False
WS:XTSE:GIL,a9e95ee86019cbae9a464859210e43302e9cde1aeaed77675b8996d09fed114f,a9e95ee86019cbae9a464859210e43302e9cde1aeaed77675b8996d09fed114f,False
WS:XTSE:GMIN,ef5d351eedef2505cec07a5a6692fef01e916c2bb4db5b10c6774acbad54cfb7,ef5d351eedef2505cec07a5a6692fef01e916c2bb4db5b10c6774acbad54cfb7,False
WS:XTSE:GRT.UN,511b99bbd0f8458c519e5b5159531cc84095a7ae613387324c10f543472b68be,511b99bbd0f8458c519e5b5159531cc84095a7ae613387324c10f543472b68be,False
WS:XTSE:GWO,fe8f254b50ed6df8a7855217ed2f5b7bd4b2dc2f6af4ec0bb5366289b8f59c0a,fe8f254b50ed6df8a7855217ed2f5b7bd4b2dc2f6af4ec0bb5366289b8f59c0a,False
WS:XTSE:H,f94feb2ac2dca3356d45ae51bf350fa1557cc8da7f492e9c4930e46bc326348c,f94feb2ac2dca3356d45ae51bf350fa1557cc8da7f492e9c4930e46bc326348c,False
WS:XTSE:HBM,4080603b0481b5679d79458df7819e71bd6007758d2cedd76a8e4a6e122b8caf,4080603b0481b5679d79458df7819e71bd6007758d2cedd76a8e4a6e122b8caf,False
WS:XTSE:HPS.A,2f3227c07cf88c6e997670d4466c93e725c1897bb9de52f246bb9f7fa3a443ea,2f3227c07cf88c6e997670d4466c93e725c1897bb9de52f246bb9f7fa3a443ea,False
WS:XTSE:HR.UN,8ea3791e7732cde5a74a42549689b37da8b8d6e6b23c6201f1a1c175b0d13e01,8ea3791e7732cde5a74a42549689b37da8b8d6e6b23c6201f1a1c175b0d13e01,False
WS:XTSE:HWX,2d988a8ad97864e5df05ad441a8ae11fee6f88ae7c7a7336f3937f25fd893c45,2d988a8ad97864e5df05ad441a8ae11fee6f88ae7c7a7336f3937f25fd893c45,False
WS:XTSE:IAG,86c1084fbfea707f20d2e98293449f8f6388cc62c1f4ac6003d413f75b14ea7f,86c1084fbfea707f20d2e98293449f8f6388cc62c1f4ac6003d413f75b14ea7f,False
WS:XTSE:IAU,53e0c25f4b23d93033da7625c72d183b9da69bafdd17012be36ac68a6b01347a,53e0c25f4b23d93033da7625c72d183b9da69bafdd17012be36ac68a6b01347a,False
WS:XTSE:IFC,105be59ff8aa7277146e7cc5b9d0e348fed9d3c75ea18f427f275099ad3a2f34,105be59ff8aa7277146e7cc5b9d0e348fed9d3c75ea18f427f275099ad3a2f34,False
WS:XTSE:IGM,ff18fdbb3dd4195cb32e8f2639017174295b3d0609b946be72ffed7fdbafd97d,ff18fdbb3dd4195cb32e8f2639017174295b3d0609b946be72ffed7fdbafd97d,False
WS:XTSE:IMG,97b1245c28bea692276ba1f2d6112a09218168ebb1bb82b151c3761c99fb64ca,97b1245c28bea692276ba1f2d6112a09218168ebb1bb82b151c3761c99fb64ca,False
WS:XTSE:IMO,16a6c7916d414487f3aaab469e2c149d4674d4e0232f0b8f74839cbafc16a920,16a6c7916d414487f3aaab469e2c149d4674d4e0232f0b8f74839cbafc16a920,False
WS:XTSE:IPCO,26c301ea1bd3ecdcb6916be994d0bfdf8e2685a65b61521a53ca8bbec111a210,26c301ea1bd3ecdcb6916be994d0bfdf8e2685a65b61521a53ca8bbec111a210,False
WS:XTSE:IVN,ff829015eed8b8c500524a6bebc32f7f4689253f293702a7eb9fa2e351b423df,ff829015eed8b8c500524a6bebc32f7f4689253f293702a7eb9fa2e351b423df,False
WS:XTSE:JWEL,bc5feb528802c7b9195cf55f0259b92b3750df02e20a2e1d0a7c04ff619be0ac,bc5feb528802c7b9195cf55f0259b92b3750df02e20a2e1d0a7c04ff619be0ac,False
WS:XTSE:K,d0ceccda2b3dbea32b5373f4de7443e83ae8bfc7fec0190212c1a43859c95736,d0ceccda2b3dbea32b5373f4de7443e83ae8bfc7fec0190212c1a43859c95736,False
WS:XTSE:KEL,372f65c927deb21bfb50fb4f0adc2668b3b77b9cc6e62db3d2229aa7a0112f1a,372f65c927deb21bfb50fb4f0adc2668b3b77b9cc6e62db3d2229aa7a0112f1a,False
WS:XTSE:KEY,c5e8fdb69b4af154ea5eaa20948c4133c9d382babff9bb917ed39284ee93dc02,c5e8fdb69b4af154ea5eaa20948c4133c9d382babff9bb917ed39284ee93dc02,False
WS:XTSE:KMP.UN,9485cc09fd1b44f3221ea97c06e18ee8d6af0b8ffe5efbab73fc92ded992f2e8,9485cc09fd1b44f3221ea97c06e18ee8d6af0b8ffe5efbab73fc92ded992f2e8,False
WS:XTSE:KNT,ab0b8a898ef07325e69d925bb34784232162c42bfaa7fa100aa7e8ac952f3577,ab0b8a898ef07325e69d925bb34784232162c42bfaa7fa100aa7e8ac952f3577,False
WS:XTSE:KXS,0c673081abcdfbc4e23968c79373bb2fe5e3688fd767dc167d9be49c99e5c80f,0c673081abcdfbc4e23968c79373bb2fe5e3688fd767dc167d9be49c99e5c80f,False
WS:XTSE:L,ac0b81d9c774fdbb90b087fa4d93637e2f69787371a8e861092aabc59160dd4b,ac0b81d9c774fdbb90b087fa4d93637e2f69787371a8e861092aabc59160dd4b,False
WS:XTSE:LAC,f987e81973bed7190070683c613e7241747a285a733a1fcd5fba694e4d3f605f,f987e81973bed7190070683c613e7241747a285a733a1fcd5fba694e4d3f605f,False
WS:XTSE:LB,a1c51dc9da3c396e055c47be1429032f9bc538f7233efa6da9ac0e2c20fa44ec,a1c51dc9da3c396e055c47be1429032f9bc538f7233efa6da9ac0e2c20fa44ec,False
WS:XTSE:LIF,23c24e3f39d4303ffcceb29b69b4b2903c2d9e71225ddaa9334aea01881659f1,23c24e3f39d4303ffcceb29b69b4b2903c2d9e71225ddaa9334aea01881659f1,False
WS:XTSE:LNR,9e2ed5557d06731083783dffff11ffcebe67c46ddebcf746cbf14d1b92599f5e,9e2ed5557d06731083783dffff11ffcebe67c46ddebcf746cbf14d1b92599f5e,False
WS:XTSE:LSPD,d8e5da9c831aff730d627bd8c89b134648d113baac8d0f03ca8c16cd70e6c33b,d8e5da9c831aff730d627bd8c89b134648d113baac8d0f03ca8c16cd70e6c33b,False
WS:XTSE:LUG,58eeb1f857b73b0d2d2b078f6ca50eb29c0852b916ae93e870e386d29e416343,58eeb1f857b73b0d2d2b078f6ca50eb29c0852b916ae93e870e386d29e416343,False
WS:XTSE:LUN,19739f6627b87921ad493c4823ba011339296e052406a71e0967164e549c1749,19739f6627b87921ad493c4823ba011339296e052406a71e0967164e549c1749,False
WS:XTSE:MAU,9716db9c7d34bacbac005fc18d4872e065e318a537694b809d15109d6d3dd20e,9716db9c7d34bacbac005fc18d4872e065e318a537694b809d15109d6d3dd20e,False
WS:XTSE:MDA,5a52667562457e8bcce1c0502f4842397f08d55f9126ba3281ce6acc9a22d0b7,5a52667562457e8bcce1c0502f4842397f08d55f9126ba3281ce6acc9a22d0b7,False
WS:XTSE:MFC,4a6175eace18a5417daf1ac201b65049d3dfa99bddaa472d085199ec0f7572ca,4a6175eace18a5417daf1ac201b65049d3dfa99bddaa472d085199ec0f7572ca,False
WS:XTSE:MFI,1173a718b7e1be933e7a6b59ffb3cab9b5a803757cc39e229437a7103fc479a3,1173a718b7e1be933e7a6b59ffb3cab9b5a803757cc39e229437a7103fc479a3,False
WS:XTSE:MG,24bfe2a4ccfe4ef348a3d17223b9b5a8d5930c398bc69bbcfe2a0ebf46bd2157,24bfe2a4ccfe4ef348a3d17223b9b5a8d5930c398bc69bbcfe2a0ebf46bd2157,False
WS:XTSE:MRU,0ed67e5c5139b1f01c1d6b9d83769989f0c5a08f01a96eac3a4dcac1f78f2f41,0ed67e5c5139b1f01c1d6b9d83769989f0c5a08f01a96eac3a4dcac1f78f2f41,False
WS:XTSE:MTL,a235357829d4261a86428bd6dd06158c221773806b02dd013afe224661bb733c,a235357829d4261a86428bd6dd06158c221773806b02dd013afe224661bb733c,False
WS:XTSE:MX,30f5cd0243b38b4d21d6bdb23d4756e9c0b922eb70bcfeed3ce5294d09f61777,30f5cd0243b38b4d21d6bdb23d4756e9c0b922eb70bcfeed3ce5294d09f61777,False
WS:XTSE:NA,fd00131118910a0a1b6c31b69b14082ea270482bf5bfb43eef030f7ca7c1dc5f,fd00131118910a0a1b6c31b69b14082ea270482bf5bfb43eef030f7ca7c1dc5f,False
WS:XTSE:NFI,4f7bfdb87f4538485da60d5717423f1c13d0b7dfb04521001581a52eaeded425,4f7bfdb87f4538485da60d5717423f1c13d0b7dfb04521001581a52eaeded425,False
WS:XTSE:NG,85041344afcf600bd1950fde2cdd6a5262172a8302157a82631d431d7184f70b,85041344afcf600bd1950fde2cdd6a5262172a8302157a82631d431d7184f70b,False
WS:XTSE:NGEX,9720220a4e6d424125de6bbfe8c282cefa9e217226dc7adacbc4eb459fc91d5a,9720220a4e6d424125de6bbfe8c282cefa9e217226dc7adacbc4eb459fc91d5a,False
WS:XTSE:NPI,5eeddaa45ffc8c9dd1d2ce00346ddad11f60a61cee4d2141a3ab6f2306bb022e,5eeddaa45ffc8c9dd1d2ce00346ddad11f60a61cee4d2141a3ab6f2306bb022e,False
WS:XTSE:NTR,ce6f60d6278bc4de3d28925967c5eb92da3b466253954adabdfdd9cf74c6a01d,ce6f60d6278bc4de3d28925967c5eb92da3b466253954adabdfdd9cf74c6a01d,False
WS:XTSE:NWC,1db0ecfdc55c29c21b5f2d4818b97459777155010cfb0b51be28b26fa383933e,1db0ecfdc55c29c21b5f2d4818b97459777155010cfb0b51be28b26fa383933e,False
WS:XTSE:NXE,a5975beb40754602f131aa2e97541db7db7b0703a01b8ff84436a1beec6379b7,a5975beb40754602f131aa2e97541db7db7b0703a01b8ff84436a1beec6379b7,False
WS:XTSE:OGC,6b73370ae1887c933d57545c7d741ce94b54309b898832558849521d0900aff2,6b73370ae1887c933d57545c7d741ce94b54309b898832558849521d0900aff2,False
WS:XTSE:ONEX,338d60cb611a7a4b3c4341df036137a8981f2b6cf8ed30ede922047c51bb4aa4,338d60cb611a7a4b3c4341df036137a8981f2b6cf8ed30ede922047c51bb4aa4,False
WS:XTSE:OR,897e1055ecd470a0dd16369a3d103657d25cf5ef66e5fa796cf77e9474ee978e,897e1055ecd470a0dd16369a3d103657d25cf5ef66e5fa796cf77e9474ee978e,False
WS:XTSE:OTEX,3999f221dbc18760a6cf8bed29a90322eb15ba2b55c6d93929cb08581cac6c5f,3999f221dbc18760a6cf8bed29a90322eb15ba2b55c6d93929cb08581cac6c5f,False
WS:XTSE:PAAS,473a6e1b7d918c0be1d14ae3af8d9222b31d192c5d6e244c53a531d7c99c4419,473a6e1b7d918c0be1d14ae3af8d9222b31d192c5d6e244c53a531d7c99c4419,False
WS:XTSE:PBH,7e9c6a4ba77cd44dc5a9c7326a6a5bb088f519bb7eea668398981e6874077451,7e9c6a4ba77cd44dc5a9c7326a6a5bb088f519bb7eea668398981e6874077451,False
WS:XTSE:PEY,17df22e811b638d18ed894584e844c0decf65a44ad247360b749840873aab60d,17df22e811b638d18ed894584e844c0decf65a44ad247360b749840873aab60d,False
WS:XTSE:PMZ.UN,69690c3f7bb5e60a99372915b6745f143b31b544c891ec64013c0924b99747d3,69690c3f7bb5e60a99372915b6745f143b31b544c891ec64013c0924b99747d3,False
WS:XTSE:POU,123eede4c7180b47e57c57b99d3301973845e3adf29a885f5c3fc2c10204249e,123eede4c7180b47e57c57b99d3301973845e3adf29a885f5c3fc2c10204249e,False
WS:XTSE:POW,caf521dc126170a486fce9563ee1d917d9fc90a732c4290fe44e1832033edf96,caf521dc126170a486fce9563ee1d917d9fc90a732c4290fe44e1832033edf96,False
WS:XTSE:PPL,1ae2aae42da8452cbb352824877705ae95843a8126d831ff57a072155c10b3c7,1ae2aae42da8452cbb352824877705ae95843a8126d831ff57a072155c10b3c7,False
WS:XTSE:PPTA,2e42de70768d6c4963e7eb4e8783ab8f06575bbcfafe6f30433f0532dc674ed6,2e42de70768d6c4963e7eb4e8783ab8f06575bbcfafe6f30433f0532dc674ed6,False
WS:XTSE:PSK,7da6fdaf33be56443b4927221b558d437acd49427e28cbccb63766622e0fbf40,7da6fdaf33be56443b4927221b558d437acd49427e28cbccb63766622e0fbf40,False
WS:XTSE:PXT,90212a594a283dbf293ea7194c850d62bab50e63a97a34c145ff409b894823e6,90212a594a283dbf293ea7194c850d62bab50e63a97a34c145ff409b894823e6,False
WS:XTSE:QBR.B,0da4f43e093da6b19723e4f06b7ba316222417107e251b6082e20e97f9794f68,0da4f43e093da6b19723e4f06b7ba316222417107e251b6082e20e97f9794f68,False
WS:XTSE:QSR,cfafd6d3cd4a8d477e1fdf556cf9d9b7545e4917bfa5072191564c38a9f3bcf6,cfafd6d3cd4a8d477e1fdf556cf9d9b7545e4917bfa5072191564c38a9f3bcf6,False
WS:XTSE:RBA,02dea0ae2bb421fc781dd5f5d3389d86f002d1b60a1e01d67d0fee31b1f6d1a3,02dea0ae2bb421fc781dd5f5d3389d86f002d1b60a1e01d67d0fee31b1f6d1a3,False
WS:XTSE:RCH,9c0ba65e0c5e80c39050c54d2eb3bde62e9e8e945ad2f54413782551cb264346,9c0ba65e0c5e80c39050c54d2eb3bde62e9e8e945ad2f54413782551cb264346,False
WS:XTSE:RCI.B,b4cbbde3ae7e64768ef9f38d438674f9b77ff5e5bc378d8e84d27611c7a58b66,b4cbbde3ae7e64768ef9f38d438674f9b77ff5e5bc378d8e84d27611c7a58b66,False
WS:XTSE:REI.UN,dc668846bc61f04e1a7457e9a6dfe968abfa3ba62703cc990352807ff9183f6e,dc668846bc61f04e1a7457e9a6dfe968abfa3ba62703cc990352807ff9183f6e,False
WS:XTSE:RUS,8f02886f881ec1fcd7631af641f330d06ace647dea3f97c3a89bc053a3402ff7,8f02886f881ec1fcd7631af641f330d06ace647dea3f97c3a89bc053a3402ff7,False
WS:XTSE:RY,fc5ff682ff74f83ab1bbba27523d1dd20564eb2d76f14a55def51957bfa44263,fc5ff682ff74f83ab1bbba27523d1dd20564eb2d76f14a55def51957bfa44263,False
WS:XTSE:SAP,a4d50e4559b7786f7d34a4bc0c09574018abae1e0f3aae0d27a74adfb1d4823f,a4d50e4559b7786f7d34a4bc0c09574018abae1e0f3aae0d27a74adfb1d4823f,False
WS:XTSE:SCR,2daa609926e6d6e55272c9b73281a36cc656c64ab7903fc1535f2250d773977b,2daa609926e6d6e55272c9b73281a36cc656c64ab7903fc1535f2250d773977b,False
WS:XTSE:SDE,9b5caac7cec5595f861834745dbc0e23f3f30289a7a16b1ec4f026ec7ae6f225,9b5caac7cec5595f861834745dbc0e23f3f30289a7a16b1ec4f026ec7ae6f225,False
WS:XTSE:SEA,c47136231ac213913e7167b2392e42d20d70759993d4000f5b048e81f13382ee,c47136231ac213913e7167b2392e42d20d70759993d4000f5b048e81f13382ee,False
WS:XTSE:SES,60c58bf57bba50cd4a941a12189ecae0c3d5003582d1f6c48c8e56214b2e2e3a,60c58bf57bba50cd4a941a12189ecae0c3d5003582d1f6c48c8e56214b2e2e3a,False
WS:XTSE:SHOP,dd62566172c5c777ffb7fe84a47d9b5c02c51d44426c7810ef2f9bd59af3d5f2,dd62566172c5c777ffb7fe84a47d9b5c02c51d44426c7810ef2f9bd59af3d5f2,False
WS:XTSE:SIA,3a580e064b5183dea04a61778e89d3ca0080642a44c2ba66062ebc0c68da0fdc,3a580e064b5183dea04a61778e89d3ca0080642a44c2ba66062ebc0c68da0fdc,False
WS:XTSE:SII,704aa7915445f1529a5779b6a7e0f8c6da0b884728df77030aa6c1972ffd74e1,704aa7915445f1529a5779b6a7e0f8c6da0b884728df77030aa6c1972ffd74e1,False
WS:XTSE:SJ,797c0e9184569484e0a4966ea32e98957344dcce45e7b816c0444c8e5e810640,797c0e9184569484e0a4966ea32e98957344dcce45e7b816c0444c8e5e810640,False
WS:XTSE:SKE,b01638cffbb7e7ff637d4086b4660522957f5a7b1502b0b0700cf3b5f110b505,b01638cffbb7e7ff637d4086b4660522957f5a7b1502b0b0700cf3b5f110b505,False
WS:XTSE:SLF,b2ad3bc75a31022f85660e3fa0f85667f2907a9ee9fd3c707e7ff9ab567fc0b3,b2ad3bc75a31022f85660e3fa0f85667f2907a9ee9fd3c707e7ff9ab567fc0b3,False
WS:XTSE:SOBO,2e0ea4fe5d36e9586a60ddc9cd9c26dc72c4b085309ada3187d8f2460233fc96,2e0ea4fe5d36e9586a60ddc9cd9c26dc72c4b085309ada3187d8f2460233fc96,False
WS:XTSE:SPB,86d21d2a4eb078b7add79426fb827dbe708a660e113de05abc6e52711cc1f771,86d21d2a4eb078b7add79426fb827dbe708a660e113de05abc6e52711cc1f771,False
WS:XTSE:SRU.UN,ead6cb1ed6f1b067645117c1237c0c6f84f1076eb4740fad55cb0546efdf9979,ead6cb1ed6f1b067645117c1237c0c6f84f1076eb4740fad55cb0546efdf9979,False
WS:XTSE:SSRM,44213849444ead90c04fc2968f8d8f533058fc8592a02459407329f2172acef9,44213849444ead90c04fc2968f8d8f533058fc8592a02459407329f2172acef9,False
WS:XTSE:STN,7f4ae85a8c97fa2da1b51b9544744fd3ef7d44cd70a645955cb49cba0ca040ae,7f4ae85a8c97fa2da1b51b9544744fd3ef7d44cd70a645955cb49cba0ca040ae,False
WS:XTSE:SU,3c1f88395770ef82591b439eb9e7187137f0e5481267a59c1226dca3bb780fc4,3c1f88395770ef82591b439eb9e7187137f0e5481267a59c1226dca3bb780fc4,False
WS:XTSE:SVM,a571728af2e8e2baf44bfe24ef65743c8cc63ebc14d8b004fbbb54932d35c789,a571728af2e8e2baf44bfe24ef65743c8cc63ebc14d8b004fbbb54932d35c789,False
WS:XTSE:SXGC,2e710406a3e965828f4d083aa503eb8b9c07c4d69480b578c2675a607e02194f,2e710406a3e965828f4d083aa503eb8b9c07c4d69480b578c2675a607e02194f,False
WS:XTSE:T,236907d3da32b0dea4e0e82766e91aec469cbb3f04ac270522fb64aa0453d8f6,236907d3da32b0dea4e0e82766e91aec469cbb3f04ac270522fb64aa0453d8f6,False
WS:XTSE:TA,025165cf1d1ee38e97ee5ee3f0574beb47e0b4502fd0bc3f19e13cb2613ef9ae,025165cf1d1ee38e97ee5ee3f0574beb47e0b4502fd0bc3f19e13cb2613ef9ae,False
WS:XTSE:TD,a6378ba10cc0a3629a5f17e3831d60d6822f69656457ebf868fe29fa5ab5c3f0,a6378ba10cc0a3629a5f17e3831d60d6822f69656457ebf868fe29fa5ab5c3f0,False
WS:XTSE:TECK.B,104057e8a0412cf2a8a1214cb8bee6ed8a04561f3f8785f9d287bba46ac533a9,104057e8a0412cf2a8a1214cb8bee6ed8a04561f3f8785f9d287bba46ac533a9,False
WS:XTSE:TFII,9189ec48ff6a082ca310132cff0c349544e20d1e83c80e98fb6497e45fcb5440,9189ec48ff6a082ca310132cff0c349544e20d1e83c80e98fb6497e45fcb5440,False
WS:XTSE:TFPM,abcc89560ffd609749207b45677e40dab968ddb06143566e4d00ce7b21b3af7a,abcc89560ffd609749207b45677e40dab968ddb06143566e4d00ce7b21b3af7a,False
WS:XTSE:TIH,a39335f57849193e40be03d8e28a5f5e5ce8774f5b1b316a3bc533c9e8694810,a39335f57849193e40be03d8e28a5f5e5ce8774f5b1b316a3bc533c9e8694810,False
WS:XTSE:TKO,4c7db9e354280c39e97b58c111681e5c2a7301fd83e6f15ef9b83da2e84af1e9,4c7db9e354280c39e97b58c111681e5c2a7301fd83e6f15ef9b83da2e84af1e9,False
WS:XTSE:TOU,3b6bf597e42d9ef5bee8bc0aff94b4de75cb6881598a7f4fe393f66c3c5df44e,3b6bf597e42d9ef5bee8bc0aff94b4de75cb6881598a7f4fe393f66c3c5df44e,False
WS:XTSE:TPZ,b7c15eb3901a0aba91b4915c0cf7280db6c8cfcadbb0014f90429bf5d394982e,b7c15eb3901a0aba91b4915c0cf7280db6c8cfcadbb0014f90429bf5d394982e,False
WS:XTSE:TRI,44417117a32c29878771219c6a4a6817154756ed474521354e416fa5ef4482a6,44417117a32c29878771219c6a4a6817154756ed474521354e416fa5ef4482a6,False
WS:XTSE:TRP,afa58348341103b2995bfe2e9feca0937a19ea78b6abc4d6dcde945761910a10,afa58348341103b2995bfe2e9feca0937a19ea78b6abc4d6dcde945761910a10,False
WS:XTSE:TSU,d41ef4d6e9c1ad75853acd672018f57ee0875e798328d1ded3a14a5da24aadfe,d41ef4d6e9c1ad75853acd672018f57ee0875e798328d1ded3a14a5da24aadfe,False
WS:XTSE:TVE,5d2b35bb9f5d8cbe15c140a071f083d52be70fb5d8c8a7e15e1695d60bb9f6a7,5d2b35bb9f5d8cbe15c140a071f083d52be70fb5d8c8a7e15e1695d60bb9f6a7,False
WS:XTSE:TVK,42821326c48ae0ba5481a0dfebe86f4898235c143df397a546fbee8e00ca24f9,42821326c48ae0ba5481a0dfebe86f4898235c143df397a546fbee8e00ca24f9,False
WS:XTSE:TXG,65d5ee742741fa79648adfc1a3baa5440b92a52943cd3af17c98c494680a13a4,65d5ee742741fa79648adfc1a3baa5440b92a52943cd3af17c98c494680a13a4,False
WS:XTSE:USA,3bfe7bb0a758b5d44048c806fc99c19cd041306cfbb35c868c03e0acc0015705,3bfe7bb0a758b5d44048c806fc99c19cd041306cfbb35c868c03e0acc0015705,False
WS:XTSE:VET,2c47d77387c31825ed046af4789df6dbcc2a0c4f996166e0a4ea5453b5efd5c2,2c47d77387c31825ed046af4789df6dbcc2a0c4f996166e0a4ea5453b5efd5c2,False
WS:XTSE:VNP,26dbde053ce0cc1b1dae3628de2c54f3422fbfa158e4b3d2049767e715285221,26dbde053ce0cc1b1dae3628de2c54f3422fbfa158e4b3d2049767e715285221,False
WS:XTSE:VZLA,a3e932b94ce851442f66899357abefb0d866448f5b153d2a455b707908cb08bb,a3e932b94ce851442f66899357abefb0d866448f5b153d2a455b707908cb08bb,False
WS:XTSE:WCN,82e7597fe2cac47ede27e0f397dfb3557529e8e27e7c07cc3ed834ff23529384,82e7597fe2cac47ede27e0f397dfb3557529e8e27e7c07cc3ed834ff23529384,False
WS:XTSE:WCP,7f9b9f9db0404720d80465132592cfa0c6d4cf26dd9dc82c433cda2847734134,7f9b9f9db0404720d80465132592cfa0c6d4cf26dd9dc82c433cda2847734134,False
WS:XTSE:WDO,764b8b39659ff87012cdf5f17a1ee2581b57e4f778ab4d65cb28b9bcc738d847,764b8b39659ff87012cdf5f17a1ee2581b57e4f778ab4d65cb28b9bcc738d847,False
WS:XTSE:WFG,c217624985d0487ade9c3185c17d36a2b10c0269fefe8c14d38d5c0ffb46847e,c217624985d0487ade9c3185c17d36a2b10c0269fefe8c14d38d5c0ffb46847e,False
WS:XTSE:WN,b60ee9b522bea07399f45d934108bf461808a4d5222d5e3fbb5559701c09d84c,b60ee9b522bea07399f45d934108bf461808a4d5222d5e3fbb5559701c09d84c,False
WS:XTSE:WPM,3d70bf2f91f5f02a245ffda178b0a445e9c125dc10a3fb8b8ffa9d9d3aa96915,3d70bf2f91f5f02a245ffda178b0a445e9c125dc10a3fb8b8ffa9d9d3aa96915,False
WS:XTSE:WSP,a2a55e13753ef24c6509d99dbf55636b1abdb10e321b6701bf09a606a25f0ee2,a2a55e13753ef24c6509d99dbf55636b1abdb10e321b6701bf09a606a25f0ee2,False
WS:XTSE:X,d1d27632bc9b18b63743eae9b50032a3802c489c87a89baa93aeba598b7bcc07,d1d27632bc9b18b63743eae9b50032a3802c489c87a89baa93aeba598b7bcc07,False
WS:XWAR:ACPP.WA,95b6e81c250b03d70816e91b1f5a427d7c2d326e0cefcf3ca22193100d2a3fa9,95b6e81c250b03d70816e91b1f5a427d7c2d326e0cefcf3ca22193100d2a3fa9,False
WS:XWAR:ALEP.WA,f4c2095b0c965c8fedddeaead272f0409fc4242bdcf483d41cda5181ab33ed60,f4c2095b0c965c8fedddeaead272f0409fc4242bdcf483d41cda5181ab33ed60,False
WS:XWAR:BFT.WA,823b7fcac194b64c471dabf2ae97e385fbe04a3fe9cdcad2b608766f78013a75,823b7fcac194b64c471dabf2ae97e385fbe04a3fe9cdcad2b608766f78013a75,False
WS:XWAR:CDR.WA,9c5abd42f3374dee192ed81858afdba7061d49e6f06728452ca08cabcda8ded0,9c5abd42f3374dee192ed81858afdba7061d49e6f06728452ca08cabcda8ded0,False
WS:XWAR:DNP.WA,7cfcceab9f321318387563b79cf1d11cb162b06630c0be58dcd0680c0a0ef429,7cfcceab9f321318387563b79cf1d11cb162b06630c0be58dcd0680c0a0ef429,False
WS:XWAR:EBP.WA,f5b5c37cdd41a351fff9d8f2c7b77433a8b704d1cd4b2bbad525414b9566ffb0,f5b5c37cdd41a351fff9d8f2c7b77433a8b704d1cd4b2bbad525414b9566ffb0,False
WS:XWAR:INGP.WA,9826b4aea4bc686f2f7c8fddaf05a97f52c1e46c7623500457a0ca9ebb75a2f6,9826b4aea4bc686f2f7c8fddaf05a97f52c1e46c7623500457a0ca9ebb75a2f6,False
WS:XWAR:KGH.WA,91a21e297e0203170df57f93300666c742a37dd5bb77de18eab7e318519d4dab,91a21e297e0203170df57f93300666c742a37dd5bb77de18eab7e318519d4dab,False
WS:XWAR:KTY.WA,384e0564c570d43719ddffd07ca201f5032b1dda49c38a9e7568ea6f627e0434,384e0564c570d43719ddffd07ca201f5032b1dda49c38a9e7568ea6f627e0434,False
WS:XWAR:LPPP.WA,f9554e6de4c0a1c78333a7eddf6551f5650dde48f0588b6f59a50748b904004a,f9554e6de4c0a1c78333a7eddf6551f5650dde48f0588b6f59a50748b904004a,False
WS:XWAR:MBK.WA,e2185ebe01e48fc2ab89640ed0308de47c0ac4a89c6190c41289d5b54be9bb0c,e2185ebe01e48fc2ab89640ed0308de47c0ac4a89c6190c41289d5b54be9bb0c,False
WS:XWAR:MILP.WA,b01b86d7eda3c909ad316f9875793cb71a0b63eda3d2d561ea702053ea99315a,b01b86d7eda3c909ad316f9875793cb71a0b63eda3d2d561ea702053ea99315a,False
WS:XWAR:PEO.WA,371238da4cca205de03e2ccaf534750ae1439fb4a86664e8d67f8b6f0a34aebf,371238da4cca205de03e2ccaf534750ae1439fb4a86664e8d67f8b6f0a34aebf,False
WS:XWAR:PKN.WA,4b8cbaf317f393501d0a7259aa571b48b45be17e0cd2b15203103256f3c10f18,4b8cbaf317f393501d0a7259aa571b48b45be17e0cd2b15203103256f3c10f18,False
WS:XWAR:PKO.WA,3fe468ee608177a4c95ddf95f4943b7ecc1f58f796b95b0a0767d66eed6385f4,3fe468ee608177a4c95ddf95f4943b7ecc1f58f796b95b0a0767d66eed6385f4,False
WS:XWAR:PZU.WA,b867e848cfd06db1e48b3f01f7f0e37ca41e22ee574f0326d1cf89aafacb7333,b867e848cfd06db1e48b3f01f7f0e37ca41e22ee574f0326d1cf89aafacb7333,False
WS:XWAR:TPE.WA,541d244f8f07b61ecb38ef150a93c0a2a6302a66b588a3a66d54476454acb25c,541d244f8f07b61ecb38ef150a93c0a2a6302a66b588a3a66d54476454acb25c,False
WS:XWAR:ZAB.WA,cc57a71817e2bd4e689957901c2c2ec3ea1f3dbb47cce81bfcf9ed8fe142077e,cc57a71817e2bd4e689957901c2c2ec3ea1f3dbb47cce81bfcf9ed8fe142077e,False
WS:XWBO:ANDR.VI,bf272bfab3c679d1e77627a80d4ca325010fdba01ed3c8b233baac107a90a85c,bf272bfab3c679d1e77627a80d4ca325010fdba01ed3c8b233baac107a90a85c,False
WS:XWBO:ATSV.VI,08f41c63872f5f58b311402198186c2314615a874ab9360a2c64dc9603fb8576,08f41c63872f5f58b311402198186c2314615a874ab9360a2c64dc9603fb8576,False
WS:XWBO:BAWG.VI,1f30d3a849ccdcb212817f4daee6a09cfe7b4d06e2e73746b182fa3a6053720f,1f30d3a849ccdcb212817f4daee6a09cfe7b4d06e2e73746b182fa3a6053720f,False
WS:XWBO:ERST.VI,d47ff9087d775b669a53a8d838b554828c4aa9e5703462d0805651324d7da99b,d47ff9087d775b669a53a8d838b554828c4aa9e5703462d0805651324d7da99b,False
WS:XWBO:OMVV.VI,d6198ccb39f0a33f326cbfc74501583671caa58b88a857ff8068a5c187877509,d6198ccb39f0a33f326cbfc74501583671caa58b88a857ff8068a5c187877509,False
WS:XWBO:RBIV.VI,7f53107f7c1873a513878705ca2f19941727051c9d27394c1ab43efda46e9170,7f53107f7c1873a513878705ca2f19941727051c9d27394c1ab43efda46e9170,False
WS:XWBO:VERB.VI,f179546ad7d4c923be6b74bc07e1bee8dfda1eab9247419100f33fff81fbd128,f179546ad7d4c923be6b74bc07e1bee8dfda1eab9247419100f33fff81fbd128,False
WS:XWBO:VOES.VI,6e4fb6305947161b709ce58ba734cc436346a36fdde9d640a243a60e5221cf75,6e4fb6305947161b709ce58ba734cc436346a36fdde9d640a243a60e5221cf75,False
WS:XWBO:WBSV.VI,d30c92339b15cd170d672caacc6e64dc555e33ed010ff958925e0d4f2017c0d2,d30c92339b15cd170d672caacc6e64dc555e33ed010ff958925e0d4f2017c0d2,False
