Security_Key,Source_WS_ID,Evidence_Cohort,Primary_Universe_Index,Home_Market_Benchmark_Status,Home_Market_RS_Capability,Sector_RS_Capability,Historical_RS_Architecture
WSSEC:WS:BVMF:ABEV3,WS:BVMF:ABEV3,BASE_1633,BR_IBRX100,PRIMARY_UNIVERSE_INDEX_AVAILABLE_NO_FROZEN_RS_BINDING,RS_NOT_VERIFIED_CURRENT_FROZEN_1425,SECTOR_RS_NOT_VERIFIED,LEAVE_ONE_OUT_PRIMARY_UNIVERSE_COHORT_MEDIAN_v0.20_NOT_CURRENT_RESULT
WSSEC:WS:BVMF:ALOS3,WS:BVMF:ALOS3,BASE_1633,BR_IBRX100,PRIMARY_UNIVERSE_INDEX_AVAILABLE_NO_FROZEN_RS_BINDING,RS_NOT_VERIFIED_CURRENT_FROZEN_1425,SECTOR_RS_NOT_VERIFIED,LEAVE_ONE_OUT_PRIMARY_UNIVERSE_COHORT_MEDIAN_v0.20_NOT_CURRENT_RESULT
WSSEC:WS:BVMF:AXIA3,WS:BVMF:AXIA3,BASE_1633,BR_IBRX100,PRIMARY_UNIVERSE_INDEX_AVAILABLE_NO_FROZEN_RS_BINDING,RS_NOT_VERIFIED_CURRENT_FROZEN_1425,SECTOR_RS_NOT_VERIFIED,LEAVE_ONE_OUT_PRIMARY_UNIVERSE_COHORT_MEDIAN_v0.20_NOT_CURRENT_RESULT
WSSEC:WS:BVMF:B3SA3,WS:BVMF:B3SA3,BASE_1633,BR_IBRX100,PRIMARY_UNIVERSE_INDEX_AVAILABLE_NO_FROZEN_RS_BINDING,RS_NOT_VERIFIED_CURRENT_FROZEN_1425,SECTOR_RS_NOT_VERIFIED,LEAVE_ONE_OUT_PRIMARY_UNIVERSE_COHORT_MEDIAN_v0.20_NOT_CURRENT_RESULT
WSSEC:WS:BVMF:BBAS3,WS:BVMF:BBAS3,BASE_1633,BR_IBRX100,PRIMARY_UNIVERSE_INDEX_AVAILABLE_NO_FROZEN_RS_BINDING,RS_NOT_VERIFIED_CURRENT_FROZEN_1425,SECTOR_RS_NOT_VERIFIED,LEAVE_ONE_OUT_PRIMARY_UNIVERSE_COHORT_MEDIAN_v0.20_NOT_CURRENT_RESULT
WSSEC:WS:BVMF:BBSE3,WS:BVMF:BBSE3,BASE_1633,BR_IBRX100,PRIMARY_UNIVERSE_INDEX_AVAILABLE_NO_FROZEN_RS_BINDING,RS_NOT_VERIFIED_CURRENT_FROZEN_1425,SECTOR_RS_NOT_VERIFIED,LEAVE_ONE_OUT_PRIMARY_UNIVERSE_COHORT_MEDIAN_v0.20_NOT_CURRENT_RESULT
WSSEC:WS:BVMF:CPLE3,WS:BVMF:CPLE3,BASE_1633,BR_IBRX100,PRIMARY_UNIVERSE_INDEX_AVAILABLE_NO_FROZEN_RS_BINDING,RS_NOT_VERIFIED_CURRENT_FROZEN_1425,SECTOR_RS_NOT_VERIFIED,LEAVE_ONE_OUT_PRIMARY_UNIVERSE_COHORT_MEDIAN_v0.20_NOT_CURRENT_RESULT
WSSEC:WS:BVMF:CSAN3,WS:BVMF:CSAN3,BASE_1633,BR_IBRX100,PRIMARY_UNIVERSE_INDEX_AVAILABLE_NO_FROZEN_RS_BINDING,RS_NOT_VERIFIED_CURRENT_FROZEN_1425,SECTOR_RS_NOT_VERIFIED,LEAVE_ONE_OUT_PRIMARY_UNIVERSE_COHORT_MEDIAN_v0.20_NOT_CURRENT_RESULT
WSSEC:WS:BVMF:CSMG3,WS:BVMF:CSMG3,BASE_1633,BR_IBRX100,PRIMARY_UNIVERSE_INDEX_AVAILABLE_NO_FROZEN_RS_BINDING,RS_NOT_VERIFIED_CURRENT_FROZEN_1425,SECTOR_RS_NOT_VERIFIED,LEAVE_ONE_OUT_PRIMARY_UNIVERSE_COHORT_MEDIAN_v0.20_NOT_CURRENT_RESULT
WSSEC:WS:BVMF:CURY3,WS:BVMF:CURY3,BASE_1633,BR_IBRX100,PRIMARY_UNIVERSE_INDEX_AVAILABLE_NO_FROZEN_RS_BINDING,RS_NOT_VERIFIED_CURRENT_FROZEN_1425,SECTOR_RS_NOT_VERIFIED,LEAVE_ONE_OUT_PRIMARY_UNIVERSE_COHORT_MEDIAN_v0.20_NOT_CURRENT_RESULT
WSSEC:WS:BVMF:CXSE3,WS:BVMF:CXSE3,BASE_1633,BR_IBRX100,PRIMARY_UNIVERSE_INDEX_AVAILABLE_NO_FROZEN_RS_BINDING,RS_NOT_VERIFIED_CURRENT_FROZEN_1425,SECTOR_RS_NOT_VERIFIED,LEAVE_ONE_OUT_PRIMARY_UNIVERSE_COHORT_MEDIAN_v0.20_NOT_CURRENT_RESULT
WSSEC:WS:BVMF:CYRE3,WS:BVMF:CYRE3,BASE_1633,BR_IBRX100,PRIMARY_UNIVERSE_INDEX_AVAILABLE_NO_FROZEN_RS_BINDING,RS_NOT_VERIFIED_CURRENT_FROZEN_1425,SECTOR_RS_NOT_VERIFIED,LEAVE_ONE_OUT_PRIMARY_UNIVERSE_COHORT_MEDIAN_v0.20_NOT_CURRENT_RESULT
WSSEC:WS:BVMF:EGIE3,WS:BVMF:EGIE3,BASE_1633,BR_IBRX100,PRIMARY_UNIVERSE_INDEX_AVAILABLE_NO_FROZEN_RS_BINDING,RS_NOT_VERIFIED_CURRENT_FROZEN_1425,SECTOR_RS_NOT_VERIFIED,LEAVE_ONE_OUT_PRIMARY_UNIVERSE_COHORT_MEDIAN_v0.20_NOT_CURRENT_RESULT
WSSEC:WS:BVMF:EMBJ3,WS:BVMF:EMBJ3,BASE_1633,BR_IBRX100,PRIMARY_UNIVERSE_INDEX_AVAILABLE_NO_FROZEN_RS_BINDING,RS_NOT_VERIFIED_CURRENT_FROZEN_1425,SECTOR_RS_NOT_VERIFIED,LEAVE_ONE_OUT_PRIMARY_UNIVERSE_COHORT_MEDIAN_v0.20_NOT_CURRENT_RESULT
WSSEC:WS:BVMF:ENEV3,WS:BVMF:ENEV3,BASE_1633,BR_IBRX100,PRIMARY_UNIVERSE_INDEX_AVAILABLE_NO_FROZEN_RS_BINDING,RS_NOT_VERIFIED_CURRENT_FROZEN_1425,SECTOR_RS_NOT_VERIFIED,LEAVE_ONE_OUT_PRIMARY_UNIVERSE_COHORT_MEDIAN_v0.20_NOT_CURRENT_RESULT
WSSEC:WS:BVMF:EQTL3,WS:BVMF:EQTL3,BASE_1633,BR_IBRX100,PRIMARY_UNIVERSE_INDEX_AVAILABLE_NO_FROZEN_RS_BINDING,RS_NOT_VERIFIED_CURRENT_FROZEN_1425,SECTOR_RS_NOT_VERIFIED,LEAVE_ONE_OUT_PRIMARY_UNIVERSE_COHORT_MEDIAN_v0.20_NOT_CURRENT_RESULT
WSSEC:WS:BVMF:LREN3,WS:BVMF:LREN3,BASE_1633,BR_IBRX100,PRIMARY_UNIVERSE_INDEX_AVAILABLE_NO_FROZEN_RS_BINDING,RS_NOT_VERIFIED_CURRENT_FROZEN_1425,SECTOR_RS_NOT_VERIFIED,LEAVE_ONE_OUT_PRIMARY_UNIVERSE_COHORT_MEDIAN_v0.20_NOT_CURRENT_RESULT
WSSEC:WS:BVMF:MBRF3,WS:BVMF:MBRF3,BASE_1633,BR_IBRX100,PRIMARY_UNIVERSE_INDEX_AVAILABLE_NO_FROZEN_RS_BINDING,RS_NOT_VERIFIED_CURRENT_FROZEN_1425,SECTOR_RS_NOT_VERIFIED,LEAVE_ONE_OUT_PRIMARY_UNIVERSE_COHORT_MEDIAN_v0.20_NOT_CURRENT_RESULT
WSSEC:WS:BVMF:MGLU3,WS:BVMF:MGLU3,BASE_1633,BR_IBRX100,PRIMARY_UNIVERSE_INDEX_AVAILABLE_NO_FROZEN_RS_BINDING,RS_NOT_VERIFIED_CURRENT_FROZEN_1425,SECTOR_RS_NOT_VERIFIED,LEAVE_ONE_OUT_PRIMARY_UNIVERSE_COHORT_MEDIAN_v0.20_NOT_CURRENT_RESULT
WSSEC:WS:BVMF:MOTV3,WS:BVMF:MOTV3,BASE_1633,BR_IBRX100,PRIMARY_UNIVERSE_INDEX_AVAILABLE_NO_FROZEN_RS_BINDING,RS_NOT_VERIFIED_CURRENT_FROZEN_1425,SECTOR_RS_NOT_VERIFIED,LEAVE_ONE_OUT_PRIMARY_UNIVERSE_COHORT_MEDIAN_v0.20_NOT_CURRENT_RESULT
WSSEC:WS:BVMF:MULT3,WS:BVMF:MULT3,BASE_1633,BR_IBRX100,PRIMARY_UNIVERSE_INDEX_AVAILABLE_NO_FROZEN_RS_BINDING,RS_NOT_VERIFIED_CURRENT_FROZEN_1425,SECTOR_RS_NOT_VERIFIED,LEAVE_ONE_OUT_PRIMARY_UNIVERSE_COHORT_MEDIAN_v0.20_NOT_CURRENT_RESULT
WSSEC:WS:BVMF:PETR3,WS:BVMF:PETR3,BASE_1633,BR_IBRX100,PRIMARY_UNIVERSE_INDEX_AVAILABLE_NO_FROZEN_RS_BINDING,RS_NOT_VERIFIED_CURRENT_FROZEN_1425,SECTOR_RS_NOT_VERIFIED,LEAVE_ONE_OUT_PRIMARY_UNIVERSE_COHORT_MEDIAN_v0.20_NOT_CURRENT_RESULT
WSSEC:WS:BVMF:PRIO3,WS:BVMF:PRIO3,BASE_1633,BR_IBRX100,PRIMARY_UNIVERSE_INDEX_AVAILABLE_NO_FROZEN_RS_BINDING,RS_NOT_VERIFIED_CURRENT_FROZEN_1425,SECTOR_RS_NOT_VERIFIED,LEAVE_ONE_OUT_PRIMARY_UNIVERSE_COHORT_MEDIAN_v0.20_NOT_CURRENT_RESULT
WSSEC:WS:BVMF:RADL3,WS:BVMF:RADL3,BASE_1633,BR_IBRX100,PRIMARY_UNIVERSE_INDEX_AVAILABLE_NO_FROZEN_RS_BINDING,RS_NOT_VERIFIED_CURRENT_FROZEN_1425,SECTOR_RS_NOT_VERIFIED,LEAVE_ONE_OUT_PRIMARY_UNIVERSE_COHORT_MEDIAN_v0.20_NOT_CURRENT_RESULT
WSSEC:WS:BVMF:RAIL3,WS:BVMF:RAIL3,BASE_1633,BR_IBRX100,PRIMARY_UNIVERSE_INDEX_AVAILABLE_NO_FROZEN_RS_BINDING,RS_NOT_VERIFIED_CURRENT_FROZEN_1425,SECTOR_RS_NOT_VERIFIED,LEAVE_ONE_OUT_PRIMARY_UNIVERSE_COHORT_MEDIAN_v0.20_NOT_CURRENT_RESULT
WSSEC:WS:BVMF:RDOR3,WS:BVMF:RDOR3,BASE_1633,BR_IBRX100,PRIMARY_UNIVERSE_INDEX_AVAILABLE_NO_FROZEN_RS_BINDING,RS_NOT_VERIFIED_CURRENT_FROZEN_1425,SECTOR_RS_NOT_VERIFIED,LEAVE_ONE_OUT_PRIMARY_UNIVERSE_COHORT_MEDIAN_v0.20_NOT_CURRENT_RESULT
WSSEC:WS:BVMF:RENT3,WS:BVMF:RENT3,BASE_1633,BR_IBRX100,PRIMARY_UNIVERSE_INDEX_AVAILABLE_NO_FROZEN_RS_BINDING,RS_NOT_VERIFIED_CURRENT_FROZEN_1425,SECTOR_RS_NOT_VERIFIED,LEAVE_ONE_OUT_PRIMARY_UNIVERSE_COHORT_MEDIAN_v0.20_NOT_CURRENT_RESULT
WSSEC:WS:BVMF:SBSP3,WS:BVMF:SBSP3,BASE_1633,BR_IBRX100,PRIMARY_UNIVERSE_INDEX_AVAILABLE_NO_FROZEN_RS_BINDING,RS_NOT_VERIFIED_CURRENT_FROZEN_1425,SECTOR_RS_NOT_VERIFIED,LEAVE_ONE_OUT_PRIMARY_UNIVERSE_COHORT_MEDIAN_v0.20_NOT_CURRENT_RESULT
WSSEC:WS:BVMF:SMFT3,WS:BVMF:SMFT3,BASE_1633,BR_IBRX100,PRIMARY_UNIVERSE_INDEX_AVAILABLE_NO_FROZEN_RS_BINDING,RS_NOT_VERIFIED_CURRENT_FROZEN_1425,SECTOR_RS_NOT_VERIFIED,LEAVE_ONE_OUT_PRIMARY_UNIVERSE_COHORT_MEDIAN_v0.20_NOT_CURRENT_RESULT
WSSEC:WS:BVMF:SUZB3,WS:BVMF:SUZB3,BASE_1633,BR_IBRX100,PRIMARY_UNIVERSE_INDEX_AVAILABLE_NO_FROZEN_RS_BINDING,RS_NOT_VERIFIED_CURRENT_FROZEN_1425,SECTOR_RS_NOT_VERIFIED,LEAVE_ONE_OUT_PRIMARY_UNIVERSE_COHORT_MEDIAN_v0.20_NOT_CURRENT_RESULT
WSSEC:WS:BVMF:TIMS3,WS:BVMF:TIMS3,BASE_1633,BR_IBRX100,PRIMARY_UNIVERSE_INDEX_AVAILABLE_NO_FROZEN_RS_BINDING,RS_NOT_VERIFIED_CURRENT_FROZEN_1425,SECTOR_RS_NOT_VERIFIED,LEAVE_ONE_OUT_PRIMARY_UNIVERSE_COHORT_MEDIAN_v0.20_NOT_CURRENT_RESULT
WSSEC:WS:BVMF:TOTS3,WS:BVMF:TOTS3,BASE_1633,BR_IBRX100,PRIMARY_UNIVERSE_INDEX_AVAILABLE_NO_FROZEN_RS_BINDING,RS_NOT_VERIFIED_CURRENT_FROZEN_1425,SECTOR_RS_NOT_VERIFIED,LEAVE_ONE_OUT_PRIMARY_UNIVERSE_COHORT_MEDIAN_v0.20_NOT_CURRENT_RESULT
WSSEC:WS:BVMF:UGPA3,WS:BVMF:UGPA3,BASE_1633,BR_IBRX100,PRIMARY_UNIVERSE_INDEX_AVAILABLE_NO_FROZEN_RS_BINDING,RS_NOT_VERIFIED_CURRENT_FROZEN_1425,SECTOR_RS_NOT_VERIFIED,LEAVE_ONE_OUT_PRIMARY_UNIVERSE_COHORT_MEDIAN_v0.20_NOT_CURRENT_RESULT
WSSEC:WS:BVMF:VALE3,WS:BVMF:VALE3,BASE_1633,BR_IBRX100,PRIMARY_UNIVERSE_INDEX_AVAILABLE_NO_FROZEN_RS_BINDING,RS_NOT_VERIFIED_CURRENT_FROZEN_1425,SECTOR_RS_NOT_VERIFIED,LEAVE_ONE_OUT_PRIMARY_UNIVERSE_COHORT_MEDIAN_v0.20_NOT_CURRENT_RESULT
WSSEC:WS:BVMF:VBBR3,WS:BVMF:VBBR3,BASE_1633,BR_IBRX100,PRIMARY_UNIVERSE_INDEX_AVAILABLE_NO_FROZEN_RS_BINDING,RS_NOT_VERIFIED_CURRENT_FROZEN_1425,SECTOR_RS_NOT_VERIFIED,LEAVE_ONE_OUT_PRIMARY_UNIVERSE_COHORT_MEDIAN_v0.20_NOT_CURRENT_RESULT
WSSEC:WS:BVMF:VIVT3,WS:BVMF:VIVT3,BASE_1633,BR_IBRX100,PRIMARY_UNIVERSE_INDEX_AVAILABLE_NO_FROZEN_RS_BINDING,RS_NOT_VERIFIED_CURRENT_FROZEN_1425,SECTOR_RS_NOT_VERIFIED,LEAVE_ONE_OUT_PRIMARY_UNIVERSE_COHORT_MEDIAN_v0.20_NOT_CURRENT_RESULT
WSSEC:WS:BVMF:WEGE3,WS:BVMF:WEGE3,BASE_1633,BR_IBRX100,PRIMARY_UNIVERSE_INDEX_AVAILABLE_NO_FROZEN_RS_BINDING,RS_NOT_VERIFIED_CURRENT_FROZEN_1425,SECTOR_RS_NOT_VERIFIED,LEAVE_ONE_OUT_PRIMARY_UNIVERSE_COHORT_MEDIAN_v0.20_NOT_CURRENT_RESULT
WSSEC:WS:ISIN:INE002A01018,WS:ISIN:INE002A01018,BASE_1633,IN_NIFTY50,PRIMARY_UNIVERSE_INDEX_AVAILABLE_NO_FROZEN_RS_BINDING,RS_NOT_VERIFIED_CURRENT_FROZEN_1425,SECTOR_RS_NOT_VERIFIED,LEAVE_ONE_OUT_PRIMARY_UNIVERSE_COHORT_MEDIAN_v0.20_NOT_CURRENT_RESULT
WSSEC:WS:ISIN:INE009A01021,WS:ISIN:INE009A01021,BASE_1633,IN_NIFTY50,PRIMARY_UNIVERSE_INDEX_AVAILABLE_NO_FROZEN_RS_BINDING,RS_NOT_VERIFIED_CURRENT_FROZEN_1425,SECTOR_RS_NOT_VERIFIED,LEAVE_ONE_OUT_PRIMARY_UNIVERSE_COHORT_MEDIAN_v0.20_NOT_CURRENT_RESULT
WSSEC:WS:ISIN:INE018A01030,WS:ISIN:INE018A01030,BASE_1633,IN_NIFTY50,PRIMARY_UNIVERSE_INDEX_AVAILABLE_NO_FROZEN_RS_BINDING,RS_NOT_VERIFIED_CURRENT_FROZEN_1425,SECTOR_RS_NOT_VERIFIED,LEAVE_ONE_OUT_PRIMARY_UNIVERSE_COHORT_MEDIAN_v0.20_NOT_CURRENT_RESULT
WSSEC:WS:ISIN:INE019A01038,WS:ISIN:INE019A01038,BASE_1633,IN_NIFTY50,PRIMARY_UNIVERSE_INDEX_AVAILABLE_NO_FROZEN_RS_BINDING,RS_NOT_VERIFIED_CURRENT_FROZEN_1425,SECTOR_RS_NOT_VERIFIED,LEAVE_ONE_OUT_PRIMARY_UNIVERSE_COHORT_MEDIAN_v0.20_NOT_CURRENT_RESULT
WSSEC:WS:ISIN:INE021A01026,WS:ISIN:INE021A01026,BASE_1633,IN_NIFTY50,PRIMARY_UNIVERSE_INDEX_AVAILABLE_NO_FROZEN_RS_BINDING,RS_NOT_VERIFIED_CURRENT_FROZEN_1425,SECTOR_RS_NOT_VERIFIED,LEAVE_ONE_OUT_PRIMARY_UNIVERSE_COHORT_MEDIAN_v0.20_NOT_CURRENT_RESULT
WSSEC:WS:ISIN:INE027H01010,WS:ISIN:INE027H01010,BASE_1633,IN_NIFTY50,PRIMARY_UNIVERSE_INDEX_AVAILABLE_NO_FROZEN_RS_BINDING,RS_NOT_VERIFIED_CURRENT_FROZEN_1425,SECTOR_RS_NOT_VERIFIED,LEAVE_ONE_OUT_PRIMARY_UNIVERSE_COHORT_MEDIAN_v0.20_NOT_CURRENT_RESULT
WSSEC:WS:ISIN:INE030A01027,WS:ISIN:INE030A01027,BASE_1633,IN_NIFTY50,PRIMARY_UNIVERSE_INDEX_AVAILABLE_NO_FROZEN_RS_BINDING,RS_NOT_VERIFIED_CURRENT_FROZEN_1425,SECTOR_RS_NOT_VERIFIED,LEAVE_ONE_OUT_PRIMARY_UNIVERSE_COHORT_MEDIAN_v0.20_NOT_CURRENT_RESULT
WSSEC:WS:ISIN:INE038A01020,WS:ISIN:INE038A01020,BASE_1633,IN_NIFTY50,PRIMARY_UNIVERSE_INDEX_AVAILABLE_NO_FROZEN_RS_BINDING,RS_NOT_VERIFIED_CURRENT_FROZEN_1425,SECTOR_RS_NOT_VERIFIED,LEAVE_ONE_OUT_PRIMARY_UNIVERSE_COHORT_MEDIAN_v0.20_NOT_CURRENT_RESULT
WSSEC:WS:ISIN:INE040A01034,WS:ISIN:INE040A01034,BASE_1633,IN_NIFTY50,PRIMARY_UNIVERSE_INDEX_AVAILABLE_NO_FROZEN_RS_BINDING,RS_NOT_VERIFIED_CURRENT_FROZEN_1425,SECTOR_RS_NOT_VERIFIED,LEAVE_ONE_OUT_PRIMARY_UNIVERSE_COHORT_MEDIAN_v0.20_NOT_CURRENT_RESULT
WSSEC:WS:ISIN:INE044A01036,WS:ISIN:INE044A01036,BASE_1633,IN_NIFTY50,PRIMARY_UNIVERSE_INDEX_AVAILABLE_NO_FROZEN_RS_BINDING,RS_NOT_VERIFIED_CURRENT_FROZEN_1425,SECTOR_RS_NOT_VERIFIED,LEAVE_ONE_OUT_PRIMARY_UNIVERSE_COHORT_MEDIAN_v0.20_NOT_CURRENT_RESULT
WSSEC:WS:ISIN:INE047A01021,WS:ISIN:INE047A01021,BASE_1633,IN_NIFTY50,PRIMARY_UNIVERSE_INDEX_AVAILABLE_NO_FROZEN_RS_BINDING,RS_NOT_VERIFIED_CURRENT_FROZEN_1425,SECTOR_RS_NOT_VERIFIED,LEAVE_ONE_OUT_PRIMARY_UNIVERSE_COHORT_MEDIAN_v0.20_NOT_CURRENT_RESULT
WSSEC:WS:ISIN:INE062A01020,WS:ISIN:INE062A01020,BASE_1633,IN_NIFTY50,PRIMARY_UNIVERSE_INDEX_AVAILABLE_NO_FROZEN_RS_BINDING,RS_NOT_VERIFIED_CURRENT_FROZEN_1425,SECTOR_RS_NOT_VERIFIED,LEAVE_ONE_OUT_PRIMARY_UNIVERSE_COHORT_MEDIAN_v0.20_NOT_CURRENT_RESULT
WSSEC:WS:ISIN:INE066A01021,WS:ISIN:INE066A01021,BASE_1633,IN_NIFTY50,PRIMARY_UNIVERSE_INDEX_AVAILABLE_NO_FROZEN_RS_BINDING,RS_NOT_VERIFIED_CURRENT_FROZEN_1425,SECTOR_RS_NOT_VERIFIED,LEAVE_ONE_OUT_PRIMARY_UNIVERSE_COHORT_MEDIAN_v0.20_NOT_CURRENT_RESULT
WSSEC:WS:ISIN:INE081A01020,WS:ISIN:INE081A01020,BASE_1633,IN_NIFTY50,PRIMARY_UNIVERSE_INDEX_AVAILABLE_NO_FROZEN_RS_BINDING,RS_NOT_VERIFIED_CURRENT_FROZEN_1425,SECTOR_RS_NOT_VERIFIED,LEAVE_ONE_OUT_PRIMARY_UNIVERSE_COHORT_MEDIAN_v0.20_NOT_CURRENT_RESULT
WSSEC:WS:ISIN:INE089A01031,WS:ISIN:INE089A01031,BASE_1633,IN_NIFTY50,PRIMARY_UNIVERSE_INDEX_AVAILABLE_NO_FROZEN_RS_BINDING,RS_NOT_VERIFIED_CURRENT_FROZEN_1425,SECTOR_RS_NOT_VERIFIED,LEAVE_ONE_OUT_PRIMARY_UNIVERSE_COHORT_MEDIAN_v0.20_NOT_CURRENT_RESULT
WSSEC:WS:ISIN:INE090A01021,WS:ISIN:INE090A01021,BASE_1633,IN_NIFTY50,PRIMARY_UNIVERSE_INDEX_AVAILABLE_NO_FROZEN_RS_BINDING,RS_NOT_VERIFIED_CURRENT_FROZEN_1425,SECTOR_RS_NOT_VERIFIED,LEAVE_ONE_OUT_PRIMARY_UNIVERSE_COHORT_MEDIAN_v0.20_NOT_CURRENT_RESULT
WSSEC:WS:ISIN:INE101A01026,WS:ISIN:INE101A01026,BASE_1633,IN_NIFTY50,PRIMARY_UNIVERSE_INDEX_AVAILABLE_NO_FROZEN_RS_BINDING,RS_NOT_VERIFIED_CURRENT_FROZEN_1425,SECTOR_RS_NOT_VERIFIED,LEAVE_ONE_OUT_PRIMARY_UNIVERSE_COHORT_MEDIAN_v0.20_NOT_CURRENT_RESULT
WSSEC:WS:ISIN:INE154A01025,WS:ISIN:INE154A01025,BASE_1633,IN_NIFTY50,PRIMARY_UNIVERSE_INDEX_AVAILABLE_NO_FROZEN_RS_BINDING,RS_NOT_VERIFIED_CURRENT_FROZEN_1425,SECTOR_RS_NOT_VERIFIED,LEAVE_ONE_OUT_PRIMARY_UNIVERSE_COHORT_MEDIAN_v0.20_NOT_CURRENT_RESULT
WSSEC:WS:ISIN:INE155A01022,WS:ISIN:INE155A01022,BASE_1633,IN_NIFTY50,PRIMARY_UNIVERSE_INDEX_AVAILABLE_NO_FROZEN_RS_BINDING,RS_NOT_VERIFIED_CURRENT_FROZEN_1425,SECTOR_RS_NOT_VERIFIED,LEAVE_ONE_OUT_PRIMARY_UNIVERSE_COHORT_MEDIAN_v0.20_NOT_CURRENT_RESULT
WSSEC:WS:ISIN:INE213A01029,WS:ISIN:INE213A01029,BASE_1633,IN_NIFTY50,PRIMARY_UNIVERSE_INDEX_AVAILABLE_NO_FROZEN_RS_BINDING,RS_NOT_VERIFIED_CURRENT_FROZEN_1425,SECTOR_RS_NOT_VERIFIED,LEAVE_ONE_OUT_PRIMARY_UNIVERSE_COHORT_MEDIAN_v0.20_NOT_CURRENT_RESULT
WSSEC:WS:ISIN:INE237A01036,WS:ISIN:INE237A01036,BASE_1633,IN_NIFTY50,PRIMARY_UNIVERSE_INDEX_AVAILABLE_NO_FROZEN_RS_BINDING,RS_NOT_VERIFIED_CURRENT_FROZEN_1425,SECTOR_RS_NOT_VERIFIED,LEAVE_ONE_OUT_PRIMARY_UNIVERSE_COHORT_MEDIAN_v0.20_NOT_CURRENT_RESULT
WSSEC:WS:ISIN:INE238A01034,WS:ISIN:INE238A01034,BASE_1633,IN_NIFTY50,PRIMARY_UNIVERSE_INDEX_AVAILABLE_NO_FROZEN_RS_BINDING,RS_NOT_VERIFIED_CURRENT_FROZEN_1425,SECTOR_RS_NOT_VERIFIED,LEAVE_ONE_OUT_PRIMARY_UNIVERSE_COHORT_MEDIAN_v0.20_NOT_CURRENT_RESULT
WSSEC:WS:ISIN:INE239A01024,WS:ISIN:INE239A01024,BASE_1633,IN_NIFTY50,PRIMARY_UNIVERSE_INDEX_AVAILABLE_NO_FROZEN_RS_BINDING,RS_NOT_VERIFIED_CURRENT_FROZEN_1425,SECTOR_RS_NOT_VERIFIED,LEAVE_ONE_OUT_PRIMARY_UNIVERSE_COHORT_MEDIAN_v0.20_NOT_CURRENT_RESULT
WSSEC:WS:ISIN:INE263A01024,WS:ISIN:INE263A01024,BASE_1633,IN_NIFTY50,PRIMARY_UNIVERSE_INDEX_AVAILABLE_NO_FROZEN_RS_BINDING,RS_NOT_VERIFIED_CURRENT_FROZEN_1425,SECTOR_RS_NOT_VERIFIED,LEAVE_ONE_OUT_PRIMARY_UNIVERSE_COHORT_MEDIAN_v0.20_NOT_CURRENT_RESULT
WSSEC:WS:ISIN:INE280A01028,WS:ISIN:INE280A01028,BASE_1633,IN_NIFTY50,PRIMARY_UNIVERSE_INDEX_AVAILABLE_NO_FROZEN_RS_BINDING,RS_NOT_VERIFIED_CURRENT_FROZEN_1425,SECTOR_RS_NOT_VERIFIED,LEAVE_ONE_OUT_PRIMARY_UNIVERSE_COHORT_MEDIAN_v0.20_NOT_CURRENT_RESULT
WSSEC:WS:ISIN:INE296A01032,WS:ISIN:INE296A01032,BASE_1633,IN_NIFTY50,PRIMARY_UNIVERSE_INDEX_AVAILABLE_NO_FROZEN_RS_BINDING,RS_NOT_VERIFIED_CURRENT_FROZEN_1425,SECTOR_RS_NOT_VERIFIED,LEAVE_ONE_OUT_PRIMARY_UNIVERSE_COHORT_MEDIAN_v0.20_NOT_CURRENT_RESULT
WSSEC:WS:ISIN:INE397D01024,WS:ISIN:INE397D01024,BASE_1633,IN_NIFTY50,PRIMARY_UNIVERSE_INDEX_AVAILABLE_NO_FROZEN_RS_BINDING,RS_NOT_VERIFIED_CURRENT_FROZEN_1425,SECTOR_RS_NOT_VERIFIED,LEAVE_ONE_OUT_PRIMARY_UNIVERSE_COHORT_MEDIAN_v0.20_NOT_CURRENT_RESULT
WSSEC:WS:ISIN:INE423A01024,WS:ISIN:INE423A01024,BASE_1633,IN_NIFTY50,PRIMARY_UNIVERSE_INDEX_AVAILABLE_NO_FROZEN_RS_BINDING,RS_NOT_VERIFIED_CURRENT_FROZEN_1425,SECTOR_RS_NOT_VERIFIED,LEAVE_ONE_OUT_PRIMARY_UNIVERSE_COHORT_MEDIAN_v0.20_NOT_CURRENT_RESULT
WSSEC:WS:ISIN:INE437A01024,WS:ISIN:INE437A01024,BASE_1633,IN_NIFTY50,PRIMARY_UNIVERSE_INDEX_AVAILABLE_NO_FROZEN_RS_BINDING,RS_NOT_VERIFIED_CURRENT_FROZEN_1425,SECTOR_RS_NOT_VERIFIED,LEAVE_ONE_OUT_PRIMARY_UNIVERSE_COHORT_MEDIAN_v0.20_NOT_CURRENT_RESULT
WSSEC:WS:ISIN:INE467B01029,WS:ISIN:INE467B01029,BASE_1633,IN_NIFTY50,PRIMARY_UNIVERSE_INDEX_AVAILABLE_NO_FROZEN_RS_BINDING,RS_NOT_VERIFIED_CURRENT_FROZEN_1425,SECTOR_RS_NOT_VERIFIED,LEAVE_ONE_OUT_PRIMARY_UNIVERSE_COHORT_MEDIAN_v0.20_NOT_CURRENT_RESULT
WSSEC:WS:ISIN:INE481G01011,WS:ISIN:INE481G01011,BASE_1633,IN_NIFTY50,PRIMARY_UNIVERSE_INDEX_AVAILABLE_NO_FROZEN_RS_BINDING,RS_NOT_VERIFIED_CURRENT_FROZEN_1425,SECTOR_RS_NOT_VERIFIED,LEAVE_ONE_OUT_PRIMARY_UNIVERSE_COHORT_MEDIAN_v0.20_NOT_CURRENT_RESULT
WSSEC:WS:ISIN:INE522F01014,WS:ISIN:INE522F01014,BASE_1633,IN_NIFTY50,PRIMARY_UNIVERSE_INDEX_AVAILABLE_NO_FROZEN_RS_BINDING,RS_NOT_VERIFIED_CURRENT_FROZEN_1425,SECTOR_RS_NOT_VERIFIED,LEAVE_ONE_OUT_PRIMARY_UNIVERSE_COHORT_MEDIAN_v0.20_NOT_CURRENT_RESULT
WSSEC:WS:ISIN:INE585B01010,WS:ISIN:INE585B01010,BASE_1633,IN_NIFTY50,PRIMARY_UNIVERSE_INDEX_AVAILABLE_NO_FROZEN_RS_BINDING,RS_NOT_VERIFIED_CURRENT_FROZEN_1425,SECTOR_RS_NOT_VERIFIED,LEAVE_ONE_OUT_PRIMARY_UNIVERSE_COHORT_MEDIAN_v0.20_NOT_CURRENT_RESULT
WSSEC:WS:ISIN:INE646L01027,WS:ISIN:INE646L01027,BASE_1633,IN_NIFTY50,PRIMARY_UNIVERSE_INDEX_AVAILABLE_NO_FROZEN_RS_BINDING,RS_NOT_VERIFIED_CURRENT_FROZEN_1425,SECTOR_RS_NOT_VERIFIED,LEAVE_ONE_OUT_PRIMARY_UNIVERSE_COHORT_MEDIAN_v0.20_NOT_CURRENT_RESULT
WSSEC:WS:ISIN:INE669C01036,WS:ISIN:INE669C01036,BASE_1633,IN_NIFTY50,PRIMARY_UNIVERSE_INDEX_AVAILABLE_NO_FROZEN_RS_BINDING,RS_NOT_VERIFIED_CURRENT_FROZEN_1425,SECTOR_RS_NOT_VERIFIED,LEAVE_ONE_OUT_PRIMARY_UNIVERSE_COHORT_MEDIAN_v0.20_NOT_CURRENT_RESULT
WSSEC:WS:ISIN:INE721A01047,WS:ISIN:INE721A01047,BASE_1633,IN_NIFTY50,PRIMARY_UNIVERSE_INDEX_AVAILABLE_NO_FROZEN_RS_BINDING,RS_NOT_VERIFIED_CURRENT_FROZEN_1425,SECTOR_RS_NOT_VERIFIED,LEAVE_ONE_OUT_PRIMARY_UNIVERSE_COHORT_MEDIAN_v0.20_NOT_CURRENT_RESULT
WSSEC:WS:ISIN:INE733E01010,WS:ISIN:INE733E01010,BASE_1633,IN_NIFTY50,PRIMARY_UNIVERSE_INDEX_AVAILABLE_NO_FROZEN_RS_BINDING,RS_NOT_VERIFIED_CURRENT_FROZEN_1425,SECTOR_RS_NOT_VERIFIED,LEAVE_ONE_OUT_PRIMARY_UNIVERSE_COHORT_MEDIAN_v0.20_NOT_CURRENT_RESULT
WSSEC:WS:ISIN:INE742F01042,WS:ISIN:INE742F01042,BASE_1633,IN_NIFTY50,PRIMARY_UNIVERSE_INDEX_AVAILABLE_NO_FROZEN_RS_BINDING,RS_NOT_VERIFIED_CURRENT_FROZEN_1425,SECTOR_RS_NOT_VERIFIED,LEAVE_ONE_OUT_PRIMARY_UNIVERSE_COHORT_MEDIAN_v0.20_NOT_CURRENT_RESULT
WSSEC:WS:ISIN:INE752E01010,WS:ISIN:INE752E01010,BASE_1633,IN_NIFTY50,PRIMARY_UNIVERSE_INDEX_AVAILABLE_NO_FROZEN_RS_BINDING,RS_NOT_VERIFIED_CURRENT_FROZEN_1425,SECTOR_RS_NOT_VERIFIED,LEAVE_ONE_OUT_PRIMARY_UNIVERSE_COHORT_MEDIAN_v0.20_NOT_CURRENT_RESULT
WSSEC:WS:ISIN:INE758E01017,WS:ISIN:INE758E01017,BASE_1633,IN_NIFTY50,PRIMARY_UNIVERSE_INDEX_AVAILABLE_NO_FROZEN_RS_BINDING,RS_NOT_VERIFIED_CURRENT_FROZEN_1425,SECTOR_RS_NOT_VERIFIED,LEAVE_ONE_OUT_PRIMARY_UNIVERSE_COHORT_MEDIAN_v0.20_NOT_CURRENT_RESULT
WSSEC:WS:ISIN:INE758T01015,WS:ISIN:INE758T01015,BASE_1633,IN_NIFTY50,PRIMARY_UNIVERSE_INDEX_AVAILABLE_NO_FROZEN_RS_BINDING,RS_NOT_VERIFIED_CURRENT_FROZEN_1425,SECTOR_RS_NOT_VERIFIED,LEAVE_ONE_OUT_PRIMARY_UNIVERSE_COHORT_MEDIAN_v0.20_NOT_CURRENT_RESULT
WSSEC:WS:ISIN:INE849A01020,WS:ISIN:INE849A01020,BASE_1633,IN_NIFTY50,PRIMARY_UNIVERSE_INDEX_AVAILABLE_NO_FROZEN_RS_BINDING,RS_NOT_VERIFIED_CURRENT_FROZEN_1425,SECTOR_RS_NOT_VERIFIED,LEAVE_ONE_OUT_PRIMARY_UNIVERSE_COHORT_MEDIAN_v0.20_NOT_CURRENT_RESULT
WSSEC:WS:ISIN:INE860A01027,WS:ISIN:INE860A01027,BASE_1633,IN_NIFTY50,PRIMARY_UNIVERSE_INDEX_AVAILABLE_NO_FROZEN_RS_BINDING,RS_NOT_VERIFIED_CURRENT_FROZEN_1425,SECTOR_RS_NOT_VERIFIED,LEAVE_ONE_OUT_PRIMARY_UNIVERSE_COHORT_MEDIAN_v0.20_NOT_CURRENT_RESULT
WSSEC:WS:ISIN:INE917I01010,WS:ISIN:INE917I01010,BASE_1633,IN_NIFTY50,PRIMARY_UNIVERSE_INDEX_AVAILABLE_NO_FROZEN_RS_BINDING,RS_NOT_VERIFIED_CURRENT_FROZEN_1425,SECTOR_RS_NOT_VERIFIED,LEAVE_ONE_OUT_PRIMARY_UNIVERSE_COHORT_MEDIAN_v0.20_NOT_CURRENT_RESULT
WSSEC:WS:ISIN:INE918I01026,WS:ISIN:INE918I01026,BASE_1633,IN_NIFTY50,PRIMARY_UNIVERSE_INDEX_AVAILABLE_NO_FROZEN_RS_BINDING,RS_NOT_VERIFIED_CURRENT_FROZEN_1425,SECTOR_RS_NOT_VERIFIED,LEAVE_ONE_OUT_PRIMARY_UNIVERSE_COHORT_MEDIAN_v0.20_NOT_CURRENT_RESULT
WSSEC:WS:ISIN:KYG022421088,WS:ISIN:KYG022421088,BASE_1633,TW_TW50,PRIMARY_UNIVERSE_INDEX_AVAILABLE_NO_FROZEN_RS_BINDING,RS_NOT_VERIFIED_CURRENT_FROZEN_1425,SECTOR_RS_NOT_VERIFIED,LEAVE_ONE_OUT_PRIMARY_UNIVERSE_COHORT_MEDIAN_v0.20_NOT_CURRENT_RESULT
WSSEC:WS:ISIN:KYG114741062,WS:ISIN:KYG114741062,BASE_1633,TW_TW50,PRIMARY_UNIVERSE_INDEX_AVAILABLE_NO_FROZEN_RS_BINDING,RS_NOT_VERIFIED_CURRENT_FROZEN_1425,SECTOR_RS_NOT_VERIFIED,LEAVE_ONE_OUT_PRIMARY_UNIVERSE_COHORT_MEDIAN_v0.20_NOT_CURRENT_RESULT
WSSEC:WS:ISIN:KYG989221000,WS:ISIN:KYG989221000,BASE_1633,TW_TW50,PRIMARY_UNIVERSE_INDEX_AVAILABLE_NO_FROZEN_RS_BINDING,RS_NOT_VERIFIED_CURRENT_FROZEN_1425,SECTOR_RS_NOT_VERIFIED,LEAVE_ONE_OUT_PRIMARY_UNIVERSE_COHORT_MEDIAN_v0.20_NOT_CURRENT_RESULT
WSSEC:WS:ISIN:TW0001216000,WS:ISIN:TW0001216000,BASE_1633,TW_TW50,PRIMARY_UNIVERSE_INDEX_AVAILABLE_NO_FROZEN_RS_BINDING,RS_NOT_VERIFIED_CURRENT_FROZEN_1425,SECTOR_RS_NOT_VERIFIED,LEAVE_ONE_OUT_PRIMARY_UNIVERSE_COHORT_MEDIAN_v0.20_NOT_CURRENT_RESULT
WSSEC:WS:ISIN:TW0001303006,WS:ISIN:TW0001303006,BASE_1633,TW_TW50,PRIMARY_UNIVERSE_INDEX_AVAILABLE_NO_FROZEN_RS_BINDING,RS_NOT_VERIFIED_CURRENT_FROZEN_1425,SECTOR_RS_NOT_VERIFIED,LEAVE_ONE_OUT_PRIMARY_UNIVERSE_COHORT_MEDIAN_v0.20_NOT_CURRENT_RESULT
WSSEC:WS:ISIN:TW0002059003,WS:ISIN:TW0002059003,BASE_1633,TW_TW50,PRIMARY_UNIVERSE_INDEX_AVAILABLE_NO_FROZEN_RS_BINDING,RS_NOT_VERIFIED_CURRENT_FROZEN_1425,SECTOR_RS_NOT_VERIFIED,LEAVE_ONE_OUT_PRIMARY_UNIVERSE_COHORT_MEDIAN_v0.20_NOT_CURRENT_RESULT
WSSEC:WS:ISIN:TW0002301009,WS:ISIN:TW0002301009,BASE_1633,TW_TW50,PRIMARY_UNIVERSE_INDEX_AVAILABLE_NO_FROZEN_RS_BINDING,RS_NOT_VERIFIED_CURRENT_FROZEN_1425,SECTOR_RS_NOT_VERIFIED,LEAVE_ONE_OUT_PRIMARY_UNIVERSE_COHORT_MEDIAN_v0.20_NOT_CURRENT_RESULT
WSSEC:WS:ISIN:TW0002303005,WS:ISIN:TW0002303005,BASE_1633,TW_TW50,PRIMARY_UNIVERSE_INDEX_AVAILABLE_NO_FROZEN_RS_BINDING,RS_NOT_VERIFIED_CURRENT_FROZEN_1425,SECTOR_RS_NOT_VERIFIED,LEAVE_ONE_OUT_PRIMARY_UNIVERSE_COHORT_MEDIAN_v0.20_NOT_CURRENT_RESULT
WSSEC:WS:ISIN:TW0002308004,WS:ISIN:TW0002308004,BASE_1633,TW_TW50,PRIMARY_UNIVERSE_INDEX_AVAILABLE_NO_FROZEN_RS_BINDING,RS_NOT_VERIFIED_CURRENT_FROZEN_1425,SECTOR_RS_NOT_VERIFIED,LEAVE_ONE_OUT_PRIMARY_UNIVERSE_COHORT_MEDIAN_v0.20_NOT_CURRENT_RESULT
WSSEC:WS:ISIN:TW0002317005,WS:ISIN:TW0002317005,BASE_1633,TW_TW50,PRIMARY_UNIVERSE_INDEX_AVAILABLE_NO_FROZEN_RS_BINDING,RS_NOT_VERIFIED_CURRENT_FROZEN_1425,SECTOR_RS_NOT_VERIFIED,LEAVE_ONE_OUT_PRIMARY_UNIVERSE_COHORT_MEDIAN_v0.20_NOT_CURRENT_RESULT
WSSEC:WS:ISIN:TW0002327004,WS:ISIN:TW0002327004,BASE_1633,TW_TW50,PRIMARY_UNIVERSE_INDEX_AVAILABLE_NO_FROZEN_RS_BINDING,RS_NOT_VERIFIED_CURRENT_FROZEN_1425,SECTOR_RS_NOT_VERIFIED,LEAVE_ONE_OUT_PRIMARY_UNIVERSE_COHORT_MEDIAN_v0.20_NOT_CURRENT_RESULT
WSSEC:WS:ISIN:TW0002330008,WS:ISIN:TW0002330008,BASE_1633,TW_TW50,PRIMARY_UNIVERSE_INDEX_AVAILABLE_NO_FROZEN_RS_BINDING,RS_NOT_VERIFIED_CURRENT_FROZEN_1425,SECTOR_RS_NOT_VERIFIED,LEAVE_ONE_OUT_PRIMARY_UNIVERSE_COHORT_MEDIAN_v0.20_NOT_CURRENT_RESULT
WSSEC:WS:ISIN:TW0002344009,WS:ISIN:TW0002344009,BASE_1633,TW_TW50,PRIMARY_UNIVERSE_INDEX_AVAILABLE_NO_FROZEN_RS_BINDING,RS_NOT_VERIFIED_CURRENT_FROZEN_1425,SECTOR_RS_NOT_VERIFIED,LEAVE_ONE_OUT_PRIMARY_UNIVERSE_COHORT_MEDIAN_v0.20_NOT_CURRENT_RESULT
WSSEC:WS:ISIN:TW0002345006,WS:ISIN:TW0002345006,BASE_1633,TW_TW50,PRIMARY_UNIVERSE_INDEX_AVAILABLE_NO_FROZEN_RS_BINDING,RS_NOT_VERIFIED_CURRENT_FROZEN_1425,SECTOR_RS_NOT_VERIFIED,LEAVE_ONE_OUT_PRIMARY_UNIVERSE_COHORT_MEDIAN_v0.20_NOT_CURRENT_RESULT
WSSEC:WS:ISIN:TW0002357001,WS:ISIN:TW0002357001,BASE_1633,TW_TW50,PRIMARY_UNIVERSE_INDEX_AVAILABLE_NO_FROZEN_RS_BINDING,RS_NOT_VERIFIED_CURRENT_FROZEN_1425,SECTOR_RS_NOT_VERIFIED,LEAVE_ONE_OUT_PRIMARY_UNIVERSE_COHORT_MEDIAN_v0.20_NOT_CURRENT_RESULT
WSSEC:WS:ISIN:TW0002360005,WS:ISIN:TW0002360005,BASE_1633,TW_TW50,PRIMARY_UNIVERSE_INDEX_AVAILABLE_NO_FROZEN_RS_BINDING,RS_NOT_VERIFIED_CURRENT_FROZEN_1425,SECTOR_RS_NOT_VERIFIED,LEAVE_ONE_OUT_PRIMARY_UNIVERSE_COHORT_MEDIAN_v0.20_NOT_CURRENT_RESULT
WSSEC:WS:ISIN:TW0002368008,WS:ISIN:TW0002368008,BASE_1633,TW_TW50,PRIMARY_UNIVERSE_INDEX_AVAILABLE_NO_FROZEN_RS_BINDING,RS_NOT_VERIFIED_CURRENT_FROZEN_1425,SECTOR_RS_NOT_VERIFIED,LEAVE_ONE_OUT_PRIMARY_UNIVERSE_COHORT_MEDIAN_v0.20_NOT_CURRENT_RESULT
WSSEC:WS:ISIN:TW0002382009,WS:ISIN:TW0002382009,BASE_1633,TW_TW50,PRIMARY_UNIVERSE_INDEX_AVAILABLE_NO_FROZEN_RS_BINDING,RS_NOT_VERIFIED_CURRENT_FROZEN_1425,SECTOR_RS_NOT_VERIFIED,LEAVE_ONE_OUT_PRIMARY_UNIVERSE_COHORT_MEDIAN_v0.20_NOT_CURRENT_RESULT
WSSEC:WS:ISIN:TW0002383007,WS:ISIN:TW0002383007,BASE_1633,TW_TW50,PRIMARY_UNIVERSE_INDEX_AVAILABLE_NO_FROZEN_RS_BINDING,RS_NOT_VERIFIED_CURRENT_FROZEN_1425,SECTOR_RS_NOT_VERIFIED,LEAVE_ONE_OUT_PRIMARY_UNIVERSE_COHORT_MEDIAN_v0.20_NOT_CURRENT_RESULT
WSSEC:WS:ISIN:TW0002395001,WS:ISIN:TW0002395001,BASE_1633,TW_TW50,PRIMARY_UNIVERSE_INDEX_AVAILABLE_NO_FROZEN_RS_BINDING,RS_NOT_VERIFIED_CURRENT_FROZEN_1425,SECTOR_RS_NOT_VERIFIED,LEAVE_ONE_OUT_PRIMARY_UNIVERSE_COHORT_MEDIAN_v0.20_NOT_CURRENT_RESULT
WSSEC:WS:ISIN:TW0002408002,WS:ISIN:TW0002408002,BASE_1633,TW_TW50,PRIMARY_UNIVERSE_INDEX_AVAILABLE_NO_FROZEN_RS_BINDING,RS_NOT_VERIFIED_CURRENT_FROZEN_1425,SECTOR_RS_NOT_VERIFIED,LEAVE_ONE_OUT_PRIMARY_UNIVERSE_COHORT_MEDIAN_v0.20_NOT_CURRENT_RESULT
WSSEC:WS:ISIN:TW0002412004,WS:ISIN:TW0002412004,BASE_1633,TW_TW50,PRIMARY_UNIVERSE_INDEX_AVAILABLE_NO_FROZEN_RS_BINDING,RS_NOT_VERIFIED_CURRENT_FROZEN_1425,SECTOR_RS_NOT_VERIFIED,LEAVE_ONE_OUT_PRIMARY_UNIVERSE_COHORT_MEDIAN_v0.20_NOT_CURRENT_RESULT
WSSEC:WS:ISIN:TW0002449006,WS:ISIN:TW0002449006,BASE_1633,TW_TW50,PRIMARY_UNIVERSE_INDEX_AVAILABLE_NO_FROZEN_RS_BINDING,RS_NOT_VERIFIED_CURRENT_FROZEN_1425,SECTOR_RS_NOT_VERIFIED,LEAVE_ONE_OUT_PRIMARY_UNIVERSE_COHORT_MEDIAN_v0.20_NOT_CURRENT_RESULT
WSSEC:WS:ISIN:TW0002454006,WS:ISIN:TW0002454006,BASE_1633,TW_TW50,PRIMARY_UNIVERSE_INDEX_AVAILABLE_NO_FROZEN_RS_BINDING,RS_NOT_VERIFIED_CURRENT_FROZEN_1425,SECTOR_RS_NOT_VERIFIED,LEAVE_ONE_OUT_PRIMARY_UNIVERSE_COHORT_MEDIAN_v0.20_NOT_CURRENT_RESULT
WSSEC:WS:ISIN:TW0002603008,WS:ISIN:TW0002603008,BASE_1633,TW_TW50,PRIMARY_UNIVERSE_INDEX_AVAILABLE_NO_FROZEN_RS_BINDING,RS_NOT_VERIFIED_CURRENT_FROZEN_1425,SECTOR_RS_NOT_VERIFIED,LEAVE_ONE_OUT_PRIMARY_UNIVERSE_COHORT_MEDIAN_v0.20_NOT_CURRENT_RESULT
WSSEC:WS:ISIN:TW0002880002,WS:ISIN:TW0002880002,BASE_1633,TW_TW50,PRIMARY_UNIVERSE_INDEX_AVAILABLE_NO_FROZEN_RS_BINDING,RS_NOT_VERIFIED_CURRENT_FROZEN_1425,SECTOR_RS_NOT_VERIFIED,LEAVE_ONE_OUT_PRIMARY_UNIVERSE_COHORT_MEDIAN_v0.20_NOT_CURRENT_RESULT
WSSEC:WS:ISIN:TW0002881000,WS:ISIN:TW0002881000,BASE_1633,TW_TW50,PRIMARY_UNIVERSE_INDEX_AVAILABLE_NO_FROZEN_RS_BINDING,RS_NOT_VERIFIED_CURRENT_FROZEN_1425,SECTOR_RS_NOT_VERIFIED,LEAVE_ONE_OUT_PRIMARY_UNIVERSE_COHORT_MEDIAN_v0.20_NOT_CURRENT_RESULT
WSSEC:WS:ISIN:TW0002882008,WS:ISIN:TW0002882008,BASE_1633,TW_TW50,PRIMARY_UNIVERSE_INDEX_AVAILABLE_NO_FROZEN_RS_BINDING,RS_NOT_VERIFIED_CURRENT_FROZEN_1425,SECTOR_RS_NOT_VERIFIED,LEAVE_ONE_OUT_PRIMARY_UNIVERSE_COHORT_MEDIAN_v0.20_NOT_CURRENT_RESULT
WSSEC:WS:ISIN:TW0002883006,WS:ISIN:TW0002883006,BASE_1633,TW_TW50,PRIMARY_UNIVERSE_INDEX_AVAILABLE_NO_FROZEN_RS_BINDING,RS_NOT_VERIFIED_CURRENT_FROZEN_1425,SECTOR_RS_NOT_VERIFIED,LEAVE_ONE_OUT_PRIMARY_UNIVERSE_COHORT_MEDIAN_v0.20_NOT_CURRENT_RESULT
WSSEC:WS:ISIN:TW0002884004,WS:ISIN:TW0002884004,BASE_1633,TW_TW50,PRIMARY_UNIVERSE_INDEX_AVAILABLE_NO_FROZEN_RS_BINDING,RS_NOT_VERIFIED_CURRENT_FROZEN_1425,SECTOR_RS_NOT_VERIFIED,LEAVE_ONE_OUT_PRIMARY_UNIVERSE_COHORT_MEDIAN_v0.20_NOT_CURRENT_RESULT
WSSEC:WS:ISIN:TW0002885001,WS:ISIN:TW0002885001,BASE_1633,TW_TW50,PRIMARY_UNIVERSE_INDEX_AVAILABLE_NO_FROZEN_RS_BINDING,RS_NOT_VERIFIED_CURRENT_FROZEN_1425,SECTOR_RS_NOT_VERIFIED,LEAVE_ONE_OUT_PRIMARY_UNIVERSE_COHORT_MEDIAN_v0.20_NOT_CURRENT_RESULT
WSSEC:WS:ISIN:TW0002886009,WS:ISIN:TW0002886009,BASE_1633,TW_TW50,PRIMARY_UNIVERSE_INDEX_AVAILABLE_NO_FROZEN_RS_BINDING,RS_NOT_VERIFIED_CURRENT_FROZEN_1425,SECTOR_RS_NOT_VERIFIED,LEAVE_ONE_OUT_PRIMARY_UNIVERSE_COHORT_MEDIAN_v0.20_NOT_CURRENT_RESULT
WSSEC:WS:ISIN:TW0002887007,WS:ISIN:TW0002887007,BASE_1633,TW_TW50,PRIMARY_UNIVERSE_INDEX_AVAILABLE_NO_FROZEN_RS_BINDING,RS_NOT_VERIFIED_CURRENT_FROZEN_1425,SECTOR_RS_NOT_VERIFIED,LEAVE_ONE_OUT_PRIMARY_UNIVERSE_COHORT_MEDIAN_v0.20_NOT_CURRENT_RESULT
WSSEC:WS:ISIN:TW0002890001,WS:ISIN:TW0002890001,BASE_1633,TW_TW50,PRIMARY_UNIVERSE_INDEX_AVAILABLE_NO_FROZEN_RS_BINDING,RS_NOT_VERIFIED_CURRENT_FROZEN_1425,SECTOR_RS_NOT_VERIFIED,LEAVE_ONE_OUT_PRIMARY_UNIVERSE_COHORT_MEDIAN_v0.20_NOT_CURRENT_RESULT
WSSEC:WS:ISIN:TW0002891009,WS:ISIN:TW0002891009,BASE_1633,TW_TW50,PRIMARY_UNIVERSE_INDEX_AVAILABLE_NO_FROZEN_RS_BINDING,RS_NOT_VERIFIED_CURRENT_FROZEN_1425,SECTOR_RS_NOT_VERIFIED,LEAVE_ONE_OUT_PRIMARY_UNIVERSE_COHORT_MEDIAN_v0.20_NOT_CURRENT_RESULT
WSSEC:WS:ISIN:TW0002892007,WS:ISIN:TW0002892007,BASE_1633,TW_TW50,PRIMARY_UNIVERSE_INDEX_AVAILABLE_NO_FROZEN_RS_BINDING,RS_NOT_VERIFIED_CURRENT_FROZEN_1425,SECTOR_RS_NOT_VERIFIED,LEAVE_ONE_OUT_PRIMARY_UNIVERSE_COHORT_MEDIAN_v0.20_NOT_CURRENT_RESULT
WSSEC:WS:ISIN:TW0003008009,WS:ISIN:TW0003008009,BASE_1633,TW_TW50,PRIMARY_UNIVERSE_INDEX_AVAILABLE_NO_FROZEN_RS_BINDING,RS_NOT_VERIFIED_CURRENT_FROZEN_1425,SECTOR_RS_NOT_VERIFIED,LEAVE_ONE_OUT_PRIMARY_UNIVERSE_COHORT_MEDIAN_v0.20_NOT_CURRENT_RESULT
WSSEC:WS:ISIN:TW0003017000,WS:ISIN:TW0003017000,BASE_1633,TW_TW50,PRIMARY_UNIVERSE_INDEX_AVAILABLE_NO_FROZEN_RS_BINDING,RS_NOT_VERIFIED_CURRENT_FROZEN_1425,SECTOR_RS_NOT_VERIFIED,LEAVE_ONE_OUT_PRIMARY_UNIVERSE_COHORT_MEDIAN_v0.20_NOT_CURRENT_RESULT
WSSEC:WS:ISIN:TW0003037008,WS:ISIN:TW0003037008,BASE_1633,TW_TW50,PRIMARY_UNIVERSE_INDEX_AVAILABLE_NO_FROZEN_RS_BINDING,RS_NOT_VERIFIED_CURRENT_FROZEN_1425,SECTOR_RS_NOT_VERIFIED,LEAVE_ONE_OUT_PRIMARY_UNIVERSE_COHORT_MEDIAN_v0.20_NOT_CURRENT_RESULT
WSSEC:WS:ISIN:TW0003045001,WS:ISIN:TW0003045001,BASE_1633,TW_TW50,PRIMARY_UNIVERSE_INDEX_AVAILABLE_NO_FROZEN_RS_BINDING,RS_NOT_VERIFIED_CURRENT_FROZEN_1425,SECTOR_RS_NOT_VERIFIED,LEAVE_ONE_OUT_PRIMARY_UNIVERSE_COHORT_MEDIAN_v0.20_NOT_CURRENT_RESULT
WSSEC:WS:ISIN:TW0003231007,WS:ISIN:TW0003231007,BASE_1633,TW_TW50,PRIMARY_UNIVERSE_INDEX_AVAILABLE_NO_FROZEN_RS_BINDING,RS_NOT_VERIFIED_CURRENT_FROZEN_1425,SECTOR_RS_NOT_VERIFIED,LEAVE_ONE_OUT_PRIMARY_UNIVERSE_COHORT_MEDIAN_v0.20_NOT_CURRENT_RESULT
WSSEC:WS:ISIN:TW0003443008,WS:ISIN:TW0003443008,BASE_1633,TW_TW50,PRIMARY_UNIVERSE_INDEX_AVAILABLE_NO_FROZEN_RS_BINDING,RS_NOT_VERIFIED_CURRENT_FROZEN_1425,SECTOR_RS_NOT_VERIFIED,LEAVE_ONE_OUT_PRIMARY_UNIVERSE_COHORT_MEDIAN_v0.20_NOT_CURRENT_RESULT
WSSEC:WS:ISIN:TW0003653002,WS:ISIN:TW0003653002,BASE_1633,TW_TW50,PRIMARY_UNIVERSE_INDEX_AVAILABLE_NO_FROZEN_RS_BINDING,RS_NOT_VERIFIED_CURRENT_FROZEN_1425,SECTOR_RS_NOT_VERIFIED,LEAVE_ONE_OUT_PRIMARY_UNIVERSE_COHORT_MEDIAN_v0.20_NOT_CURRENT_RESULT
WSSEC:WS:ISIN:TW0004904008,WS:ISIN:TW0004904008,BASE_1633,TW_TW50,PRIMARY_UNIVERSE_INDEX_AVAILABLE_NO_FROZEN_RS_BINDING,RS_NOT_VERIFIED_CURRENT_FROZEN_1425,SECTOR_RS_NOT_VERIFIED,LEAVE_ONE_OUT_PRIMARY_UNIVERSE_COHORT_MEDIAN_v0.20_NOT_CURRENT_RESULT
WSSEC:WS:ISIN:TW0006505001,WS:ISIN:TW0006505001,BASE_1633,TW_TW50,PRIMARY_UNIVERSE_INDEX_AVAILABLE_NO_FROZEN_RS_BINDING,RS_NOT_VERIFIED_CURRENT_FROZEN_1425,SECTOR_RS_NOT_VERIFIED,LEAVE_ONE_OUT_PRIMARY_UNIVERSE_COHORT_MEDIAN_v0.20_NOT_CURRENT_RESULT
WSSEC:WS:ISIN:TW0008046004,WS:ISIN:TW0008046004,BASE_1633,TW_TW50,PRIMARY_UNIVERSE_INDEX_AVAILABLE_NO_FROZEN_RS_BINDING,RS_NOT_VERIFIED_CURRENT_FROZEN_1425,SECTOR_RS_NOT_VERIFIED,LEAVE_ONE_OUT_PRIMARY_UNIVERSE_COHORT_MEDIAN_v0.20_NOT_CURRENT_RESULT
WSSEC:WS:XASX:ALD,WS:XASX:ALD,AU1,AU_SP_ASX200,PRIMARY_UNIVERSE_INDEX_AVAILABLE_NO_FROZEN_RS_BINDING,RS_NOT_VERIFIED_CURRENT_FROZEN_1425,SECTOR_RS_NOT_VERIFIED,LEAVE_ONE_OUT_PRIMARY_UNIVERSE_COHORT_MEDIAN_v0.20_NOT_CURRENT_RESULT
WSSEC:WS:XASX:ALL,WS:XASX:ALL,AU1,AU_SP_ASX200,PRIMARY_UNIVERSE_INDEX_AVAILABLE_NO_FROZEN_RS_BINDING,RS_NOT_VERIFIED_CURRENT_FROZEN_1425,SECTOR_RS_NOT_VERIFIED,LEAVE_ONE_OUT_PRIMARY_UNIVERSE_COHORT_MEDIAN_v0.20_NOT_CURRENT_RESULT
WSSEC:WS:XASX:ALQ,WS:XASX:ALQ,AU1,AU_SP_ASX200,PRIMARY_UNIVERSE_INDEX_AVAILABLE_NO_FROZEN_RS_BINDING,RS_NOT_VERIFIED_CURRENT_FROZEN_1425,SECTOR_RS_NOT_VERIFIED,LEAVE_ONE_OUT_PRIMARY_UNIVERSE_COHORT_MEDIAN_v0.20_NOT_CURRENT_RESULT
WSSEC:WS:XASX:ANZ,WS:XASX:ANZ,AU1,AU_SP_ASX200,PRIMARY_UNIVERSE_INDEX_AVAILABLE_NO_FROZEN_RS_BINDING,RS_NOT_VERIFIED_CURRENT_FROZEN_1425,SECTOR_RS_NOT_VERIFIED,LEAVE_ONE_OUT_PRIMARY_UNIVERSE_COHORT_MEDIAN_v0.20_NOT_CURRENT_RESULT
WSSEC:WS:XASX:ASX,WS:XASX:ASX,AU1,AU_SP_ASX200,PRIMARY_UNIVERSE_INDEX_AVAILABLE_NO_FROZEN_RS_BINDING,RS_NOT_VERIFIED_CURRENT_FROZEN_1425,SECTOR_RS_NOT_VERIFIED,LEAVE_ONE_OUT_PRIMARY_UNIVERSE_COHORT_MEDIAN_v0.20_NOT_CURRENT_RESULT
WSSEC:WS:XASX:AZJ,WS:XASX:AZJ,AU1,AU_SP_ASX200,PRIMARY_UNIVERSE_INDEX_AVAILABLE_NO_FROZEN_RS_BINDING,RS_NOT_VERIFIED_CURRENT_FROZEN_1425,SECTOR_RS_NOT_VERIFIED,LEAVE_ONE_OUT_PRIMARY_UNIVERSE_COHORT_MEDIAN_v0.20_NOT_CURRENT_RESULT
WSSEC:WS:XASX:BHP,WS:XASX:BHP,AU1,AU_SP_ASX200,PRIMARY_UNIVERSE_INDEX_AVAILABLE_NO_FROZEN_RS_BINDING,RS_NOT_VERIFIED_CURRENT_FROZEN_1425,SECTOR_RS_NOT_VERIFIED,LEAVE_ONE_OUT_PRIMARY_UNIVERSE_COHORT_MEDIAN_v0.20_NOT_CURRENT_RESULT
WSSEC:WS:XASX:BSL,WS:XASX:BSL,AU1,AU_SP_ASX200,PRIMARY_UNIVERSE_INDEX_AVAILABLE_NO_FROZEN_RS_BINDING,RS_NOT_VERIFIED_CURRENT_FROZEN_1425,SECTOR_RS_NOT_VERIFIED,LEAVE_ONE_OUT_PRIMARY_UNIVERSE_COHORT_MEDIAN_v0.20_NOT_CURRENT_RESULT
WSSEC:WS:XASX:BXB,WS:XASX:BXB,AU1,AU_SP_ASX200,PRIMARY_UNIVERSE_INDEX_AVAILABLE_NO_FROZEN_RS_BINDING,RS_NOT_VERIFIED_CURRENT_FROZEN_1425,SECTOR_RS_NOT_VERIFIED,LEAVE_ONE_OUT_PRIMARY_UNIVERSE_COHORT_MEDIAN_v0.20_NOT_CURRENT_RESULT
WSSEC:WS:XASX:CAR,WS:XASX:CAR,AU1,AU_SP_ASX200,PRIMARY_UNIVERSE_INDEX_AVAILABLE_NO_FROZEN_RS_BINDING,RS_NOT_VERIFIED_CURRENT_FROZEN_1425,SECTOR_RS_NOT_VERIFIED,LEAVE_ONE_OUT_PRIMARY_UNIVERSE_COHORT_MEDIAN_v0.20_NOT_CURRENT_RESULT
WSSEC:WS:XASX:CBA,WS:XASX:CBA,AU1,AU_SP_ASX200,PRIMARY_UNIVERSE_INDEX_AVAILABLE_NO_FROZEN_RS_BINDING,RS_NOT_VERIFIED_CURRENT_FROZEN_1425,SECTOR_RS_NOT_VERIFIED,LEAVE_ONE_OUT_PRIMARY_UNIVERSE_COHORT_MEDIAN_v0.20_NOT_CURRENT_RESULT
WSSEC:WS:XASX:CMM,WS:XASX:CMM,AU1,AU_SP_ASX200,PRIMARY_UNIVERSE_INDEX_AVAILABLE_NO_FROZEN_RS_BINDING,RS_NOT_VERIFIED_CURRENT_FROZEN_1425,SECTOR_RS_NOT_VERIFIED,LEAVE_ONE_OUT_PRIMARY_UNIVERSE_COHORT_MEDIAN_v0.20_NOT_CURRENT_RESULT
WSSEC:WS:XASX:COH,WS:XASX:COH,AU1,AU_SP_ASX200,PRIMARY_UNIVERSE_INDEX_AVAILABLE_NO_FROZEN_RS_BINDING,RS_NOT_VERIFIED_CURRENT_FROZEN_1425,SECTOR_RS_NOT_VERIFIED,LEAVE_ONE_OUT_PRIMARY_UNIVERSE_COHORT_MEDIAN_v0.20_NOT_CURRENT_RESULT
WSSEC:WS:XASX:COL,WS:XASX:COL,AU1,AU_SP_ASX200,PRIMARY_UNIVERSE_INDEX_AVAILABLE_NO_FROZEN_RS_BINDING,RS_NOT_VERIFIED_CURRENT_FROZEN_1425,SECTOR_RS_NOT_VERIFIED,LEAVE_ONE_OUT_PRIMARY_UNIVERSE_COHORT_MEDIAN_v0.20_NOT_CURRENT_RESULT
WSSEC:WS:XASX:CPU,WS:XASX:CPU,AU1,AU_SP_ASX200,PRIMARY_UNIVERSE_INDEX_AVAILABLE_NO_FROZEN_RS_BINDING,RS_NOT_VERIFIED_CURRENT_FROZEN_1425,SECTOR_RS_NOT_VERIFIED,LEAVE_ONE_OUT_PRIMARY_UNIVERSE_COHORT_MEDIAN_v0.20_NOT_CURRENT_RESULT
WSSEC:WS:XASX:CSL,WS:XASX:CSL,AU1,AU_SP_ASX200,PRIMARY_UNIVERSE_INDEX_AVAILABLE_NO_FROZEN_RS_BINDING,RS_NOT_VERIFIED_CURRENT_FROZEN_1425,SECTOR_RS_NOT_VERIFIED,LEAVE_ONE_OUT_PRIMARY_UNIVERSE_COHORT_MEDIAN_v0.20_NOT_CURRENT_RESULT
WSSEC:WS:XASX:CWY,WS:XASX:CWY,AU1,AU_SP_ASX200,PRIMARY_UNIVERSE_INDEX_AVAILABLE_NO_FROZEN_RS_BINDING,RS_NOT_VERIFIED_CURRENT_FROZEN_1425,SECTOR_RS_NOT_VERIFIED,LEAVE_ONE_OUT_PRIMARY_UNIVERSE_COHORT_MEDIAN_v0.20_NOT_CURRENT_RESULT
WSSEC:WS:XASX:EVN,WS:XASX:EVN,AU1,AU_SP_ASX200,PRIMARY_UNIVERSE_INDEX_AVAILABLE_NO_FROZEN_RS_BINDING,RS_NOT_VERIFIED_CURRENT_FROZEN_1425,SECTOR_RS_NOT_VERIFIED,LEAVE_ONE_OUT_PRIMARY_UNIVERSE_COHORT_MEDIAN_v0.20_NOT_CURRENT_RESULT
WSSEC:WS:XASX:FMG,WS:XASX:FMG,AU1,AU_SP_ASX200,PRIMARY_UNIVERSE_INDEX_AVAILABLE_NO_FROZEN_RS_BINDING,RS_NOT_VERIFIED_CURRENT_FROZEN_1425,SECTOR_RS_NOT_VERIFIED,LEAVE_ONE_OUT_PRIMARY_UNIVERSE_COHORT_MEDIAN_v0.20_NOT_CURRENT_RESULT
WSSEC:WS:XASX:GMD,WS:XASX:GMD,AU1,AU_SP_ASX200,PRIMARY_UNIVERSE_INDEX_AVAILABLE_NO_FROZEN_RS_BINDING,RS_NOT_VERIFIED_CURRENT_FROZEN_1425,SECTOR_RS_NOT_VERIFIED,LEAVE_ONE_OUT_PRIMARY_UNIVERSE_COHORT_MEDIAN_v0.20_NOT_CURRENT_RESULT
WSSEC:WS:XASX:IAG,WS:XASX:IAG,AU1,AU_SP_ASX200,PRIMARY_UNIVERSE_INDEX_AVAILABLE_NO_FROZEN_RS_BINDING,RS_NOT_VERIFIED_CURRENT_FROZEN_1425,SECTOR_RS_NOT_VERIFIED,LEAVE_ONE_OUT_PRIMARY_UNIVERSE_COHORT_MEDIAN_v0.20_NOT_CURRENT_RESULT
WSSEC:WS:XASX:IGO,WS:XASX:IGO,AU1,AU_SP_ASX200,PRIMARY_UNIVERSE_INDEX_AVAILABLE_NO_FROZEN_RS_BINDING,RS_NOT_VERIFIED_CURRENT_FROZEN_1425,SECTOR_RS_NOT_VERIFIED,LEAVE_ONE_OUT_PRIMARY_UNIVERSE_COHORT_MEDIAN_v0.20_NOT_CURRENT_RESULT
WSSEC:WS:XASX:JBH,WS:XASX:JBH,AU1,AU_SP_ASX200,PRIMARY_UNIVERSE_INDEX_AVAILABLE_NO_FROZEN_RS_BINDING,RS_NOT_VERIFIED_CURRENT_FROZEN_1425,SECTOR_RS_NOT_VERIFIED,LEAVE_ONE_OUT_PRIMARY_UNIVERSE_COHORT_MEDIAN_v0.20_NOT_CURRENT_RESULT
WSSEC:WS:XASX:LTR,WS:XASX:LTR,AU1,AU_SP_ASX200,PRIMARY_UNIVERSE_INDEX_AVAILABLE_NO_FROZEN_RS_BINDING,RS_NOT_VERIFIED_CURRENT_FROZEN_1425,SECTOR_RS_NOT_VERIFIED,LEAVE_ONE_OUT_PRIMARY_UNIVERSE_COHORT_MEDIAN_v0.20_NOT_CURRENT_RESULT
WSSEC:WS:XASX:LYC,WS:XASX:LYC,AU1,AU_SP_ASX200,PRIMARY_UNIVERSE_INDEX_AVAILABLE_NO_FROZEN_RS_BINDING,RS_NOT_VERIFIED_CURRENT_FROZEN_1425,SECTOR_RS_NOT_VERIFIED,LEAVE_ONE_OUT_PRIMARY_UNIVERSE_COHORT_MEDIAN_v0.20_NOT_CURRENT_RESULT
WSSEC:WS:XASX:MIN,WS:XASX:MIN,AU1,AU_SP_ASX200,PRIMARY_UNIVERSE_INDEX_AVAILABLE_NO_FROZEN_RS_BINDING,RS_NOT_VERIFIED_CURRENT_FROZEN_1425,SECTOR_RS_NOT_VERIFIED,LEAVE_ONE_OUT_PRIMARY_UNIVERSE_COHORT_MEDIAN_v0.20_NOT_CURRENT_RESULT
WSSEC:WS:XASX:MP1,WS:XASX:MP1,AU1,AU_SP_ASX200,PRIMARY_UNIVERSE_INDEX_AVAILABLE_NO_FROZEN_RS_BINDING,RS_NOT_VERIFIED_CURRENT_FROZEN_1425,SECTOR_RS_NOT_VERIFIED,LEAVE_ONE_OUT_PRIMARY_UNIVERSE_COHORT_MEDIAN_v0.20_NOT_CURRENT_RESULT
WSSEC:WS:XASX:MPL,WS:XASX:MPL,AU1,AU_SP_ASX200,PRIMARY_UNIVERSE_INDEX_AVAILABLE_NO_FROZEN_RS_BINDING,RS_NOT_VERIFIED_CURRENT_FROZEN_1425,SECTOR_RS_NOT_VERIFIED,LEAVE_ONE_OUT_PRIMARY_UNIVERSE_COHORT_MEDIAN_v0.20_NOT_CURRENT_RESULT
WSSEC:WS:XASX:MQG,WS:XASX:MQG,AU1,AU_SP_ASX200,PRIMARY_UNIVERSE_INDEX_AVAILABLE_NO_FROZEN_RS_BINDING,RS_NOT_VERIFIED_CURRENT_FROZEN_1425,SECTOR_RS_NOT_VERIFIED,LEAVE_ONE_OUT_PRIMARY_UNIVERSE_COHORT_MEDIAN_v0.20_NOT_CURRENT_RESULT
WSSEC:WS:XASX:NAB,WS:XASX:NAB,AU1,AU_SP_ASX200,PRIMARY_UNIVERSE_INDEX_AVAILABLE_NO_FROZEN_RS_BINDING,RS_NOT_VERIFIED_CURRENT_FROZEN_1425,SECTOR_RS_NOT_VERIFIED,LEAVE_ONE_OUT_PRIMARY_UNIVERSE_COHORT_MEDIAN_v0.20_NOT_CURRENT_RESULT
WSSEC:WS:XASX:NST,WS:XASX:NST,AU1,AU_SP_ASX200,PRIMARY_UNIVERSE_INDEX_AVAILABLE_NO_FROZEN_RS_BINDING,RS_NOT_VERIFIED_CURRENT_FROZEN_1425,SECTOR_RS_NOT_VERIFIED,LEAVE_ONE_OUT_PRIMARY_UNIVERSE_COHORT_MEDIAN_v0.20_NOT_CURRENT_RESULT
WSSEC:WS:XASX:NXT,WS:XASX:NXT,AU1,AU_SP_ASX200,PRIMARY_UNIVERSE_INDEX_AVAILABLE_NO_FROZEN_RS_BINDING,RS_NOT_VERIFIED_CURRENT_FROZEN_1425,SECTOR_RS_NOT_VERIFIED,LEAVE_ONE_OUT_PRIMARY_UNIVERSE_COHORT_MEDIAN_v0.20_NOT_CURRENT_RESULT
WSSEC:WS:XASX:ORG,WS:XASX:ORG,AU1,AU_SP_ASX200,PRIMARY_UNIVERSE_INDEX_AVAILABLE_NO_FROZEN_RS_BINDING,RS_NOT_VERIFIED_CURRENT_FROZEN_1425,SECTOR_RS_NOT_VERIFIED,LEAVE_ONE_OUT_PRIMARY_UNIVERSE_COHORT_MEDIAN_v0.20_NOT_CURRENT_RESULT
WSSEC:WS:XASX:ORI,WS:XASX:ORI,AU1,AU_SP_ASX200,PRIMARY_UNIVERSE_INDEX_AVAILABLE_NO_FROZEN_RS_BINDING,RS_NOT_VERIFIED_CURRENT_FROZEN_1425,SECTOR_RS_NOT_VERIFIED,LEAVE_ONE_OUT_PRIMARY_UNIVERSE_COHORT_MEDIAN_v0.20_NOT_CURRENT_RESULT
WSSEC:WS:XASX:PDN,WS:XASX:PDN,AU1,AU_SP_ASX200,PRIMARY_UNIVERSE_INDEX_AVAILABLE_NO_FROZEN_RS_BINDING,RS_NOT_VERIFIED_CURRENT_FROZEN_1425,SECTOR_RS_NOT_VERIFIED,LEAVE_ONE_OUT_PRIMARY_UNIVERSE_COHORT_MEDIAN_v0.20_NOT_CURRENT_RESULT
WSSEC:WS:XASX:PLS,WS:XASX:PLS,AU1,AU_SP_ASX200,PRIMARY_UNIVERSE_INDEX_AVAILABLE_NO_FROZEN_RS_BINDING,RS_NOT_VERIFIED_CURRENT_FROZEN_1425,SECTOR_RS_NOT_VERIFIED,LEAVE_ONE_OUT_PRIMARY_UNIVERSE_COHORT_MEDIAN_v0.20_NOT_CURRENT_RESULT
WSSEC:WS:XASX:PME,WS:XASX:PME,AU1,AU_SP_ASX200,PRIMARY_UNIVERSE_INDEX_AVAILABLE_NO_FROZEN_RS_BINDING,RS_NOT_VERIFIED_CURRENT_FROZEN_1425,SECTOR_RS_NOT_VERIFIED,LEAVE_ONE_OUT_PRIMARY_UNIVERSE_COHORT_MEDIAN_v0.20_NOT_CURRENT_RESULT
WSSEC:WS:XASX:PRU,WS:XASX:PRU,AU1,AU_SP_ASX200,PRIMARY_UNIVERSE_INDEX_AVAILABLE_NO_FROZEN_RS_BINDING,RS_NOT_VERIFIED_CURRENT_FROZEN_1425,SECTOR_RS_NOT_VERIFIED,LEAVE_ONE_OUT_PRIMARY_UNIVERSE_COHORT_MEDIAN_v0.20_NOT_CURRENT_RESULT
WSSEC:WS:XASX:QAN,WS:XASX:QAN,AU1,AU_SP_ASX200,PRIMARY_UNIVERSE_INDEX_AVAILABLE_NO_FROZEN_RS_BINDING,RS_NOT_VERIFIED_CURRENT_FROZEN_1425,SECTOR_RS_NOT_VERIFIED,LEAVE_ONE_OUT_PRIMARY_UNIVERSE_COHORT_MEDIAN_v0.20_NOT_CURRENT_RESULT
WSSEC:WS:XASX:QBE,WS:XASX:QBE,AU1,AU_SP_ASX200,PRIMARY_UNIVERSE_INDEX_AVAILABLE_NO_FROZEN_RS_BINDING,RS_NOT_VERIFIED_CURRENT_FROZEN_1425,SECTOR_RS_NOT_VERIFIED,LEAVE_ONE_OUT_PRIMARY_UNIVERSE_COHORT_MEDIAN_v0.20_NOT_CURRENT_RESULT
WSSEC:WS:XASX:REA,WS:XASX:REA,AU1,AU_SP_ASX200,PRIMARY_UNIVERSE_INDEX_AVAILABLE_NO_FROZEN_RS_BINDING,RS_NOT_VERIFIED_CURRENT_FROZEN_1425,SECTOR_RS_NOT_VERIFIED,LEAVE_ONE_OUT_PRIMARY_UNIVERSE_COHORT_MEDIAN_v0.20_NOT_CURRENT_RESULT
WSSEC:WS:XASX:RHC,WS:XASX:RHC,AU1,AU_SP_ASX200,PRIMARY_UNIVERSE_INDEX_AVAILABLE_NO_FROZEN_RS_BINDING,RS_NOT_VERIFIED_CURRENT_FROZEN_1425,SECTOR_RS_NOT_VERIFIED,LEAVE_ONE_OUT_PRIMARY_UNIVERSE_COHORT_MEDIAN_v0.20_NOT_CURRENT_RESULT
WSSEC:WS:XASX:RIO,WS:XASX:RIO,AU1,AU_SP_ASX200,PRIMARY_UNIVERSE_INDEX_AVAILABLE_NO_FROZEN_RS_BINDING,RS_NOT_VERIFIED_CURRENT_FROZEN_1425,SECTOR_RS_NOT_VERIFIED,LEAVE_ONE_OUT_PRIMARY_UNIVERSE_COHORT_MEDIAN_v0.20_NOT_CURRENT_RESULT
WSSEC:WS:XASX:RMS,WS:XASX:RMS,AU1,AU_SP_ASX200,PRIMARY_UNIVERSE_INDEX_AVAILABLE_NO_FROZEN_RS_BINDING,RS_NOT_VERIFIED_CURRENT_FROZEN_1425,SECTOR_RS_NOT_VERIFIED,LEAVE_ONE_OUT_PRIMARY_UNIVERSE_COHORT_MEDIAN_v0.20_NOT_CURRENT_RESULT
WSSEC:WS:XASX:RRL,WS:XASX:RRL,AU1,AU_SP_ASX200,PRIMARY_UNIVERSE_INDEX_AVAILABLE_NO_FROZEN_RS_BINDING,RS_NOT_VERIFIED_CURRENT_FROZEN_1425,SECTOR_RS_NOT_VERIFIED,LEAVE_ONE_OUT_PRIMARY_UNIVERSE_COHORT_MEDIAN_v0.20_NOT_CURRENT_RESULT
WSSEC:WS:XASX:S32,WS:XASX:S32,AU1,AU_SP_ASX200,PRIMARY_UNIVERSE_INDEX_AVAILABLE_NO_FROZEN_RS_BINDING,RS_NOT_VERIFIED_CURRENT_FROZEN_1425,SECTOR_RS_NOT_VERIFIED,LEAVE_ONE_OUT_PRIMARY_UNIVERSE_COHORT_MEDIAN_v0.20_NOT_CURRENT_RESULT
WSSEC:WS:XASX:SDF,WS:XASX:SDF,AU1,AU_SP_ASX200,PRIMARY_UNIVERSE_INDEX_AVAILABLE_NO_FROZEN_RS_BINDING,RS_NOT_VERIFIED_CURRENT_FROZEN_1425,SECTOR_RS_NOT_VERIFIED,LEAVE_ONE_OUT_PRIMARY_UNIVERSE_COHORT_MEDIAN_v0.20_NOT_CURRENT_RESULT
WSSEC:WS:XASX:SFR,WS:XASX:SFR,AU1,AU_SP_ASX200,PRIMARY_UNIVERSE_INDEX_AVAILABLE_NO_FROZEN_RS_BINDING,RS_NOT_VERIFIED_CURRENT_FROZEN_1425,SECTOR_RS_NOT_VERIFIED,LEAVE_ONE_OUT_PRIMARY_UNIVERSE_COHORT_MEDIAN_v0.20_NOT_CURRENT_RESULT
WSSEC:WS:XASX:SHL,WS:XASX:SHL,AU1,AU_SP_ASX200,PRIMARY_UNIVERSE_INDEX_AVAILABLE_NO_FROZEN_RS_BINDING,RS_NOT_VERIFIED_CURRENT_FROZEN_1425,SECTOR_RS_NOT_VERIFIED,LEAVE_ONE_OUT_PRIMARY_UNIVERSE_COHORT_MEDIAN_v0.20_NOT_CURRENT_RESULT
WSSEC:WS:XASX:SIG,WS:XASX:SIG,AU1,AU_SP_ASX200,PRIMARY_UNIVERSE_INDEX_AVAILABLE_NO_FROZEN_RS_BINDING,RS_NOT_VERIFIED_CURRENT_FROZEN_1425,SECTOR_RS_NOT_VERIFIED,LEAVE_ONE_OUT_PRIMARY_UNIVERSE_COHORT_MEDIAN_v0.20_NOT_CURRENT_RESULT
WSSEC:WS:XASX:STO,WS:XASX:STO,AU1,AU_SP_ASX200,PRIMARY_UNIVERSE_INDEX_AVAILABLE_NO_FROZEN_RS_BINDING,RS_NOT_VERIFIED_CURRENT_FROZEN_1425,SECTOR_RS_NOT_VERIFIED,LEAVE_ONE_OUT_PRIMARY_UNIVERSE_COHORT_MEDIAN_v0.20_NOT_CURRENT_RESULT
WSSEC:WS:XASX:SUN,WS:XASX:SUN,AU1,AU_SP_ASX200,PRIMARY_UNIVERSE_INDEX_AVAILABLE_NO_FROZEN_RS_BINDING,RS_NOT_VERIFIED_CURRENT_FROZEN_1425,SECTOR_RS_NOT_VERIFIED,LEAVE_ONE_OUT_PRIMARY_UNIVERSE_COHORT_MEDIAN_v0.20_NOT_CURRENT_RESULT
WSSEC:WS:XASX:TLC,WS:XASX:TLC,AU1,AU_SP_ASX200,PRIMARY_UNIVERSE_INDEX_AVAILABLE_NO_FROZEN_RS_BINDING,RS_NOT_VERIFIED_CURRENT_FROZEN_1425,SECTOR_RS_NOT_VERIFIED,LEAVE_ONE_OUT_PRIMARY_UNIVERSE_COHORT_MEDIAN_v0.20_NOT_CURRENT_RESULT
WSSEC:WS:XASX:TLS,WS:XASX:TLS,AU1,AU_SP_ASX200,PRIMARY_UNIVERSE_INDEX_AVAILABLE_NO_FROZEN_RS_BINDING,RS_NOT_VERIFIED_CURRENT_FROZEN_1425,SECTOR_RS_NOT_VERIFIED,LEAVE_ONE_OUT_PRIMARY_UNIVERSE_COHORT_MEDIAN_v0.20_NOT_CURRENT_RESULT
WSSEC:WS:XASX:TLX,WS:XASX:TLX,AU1,AU_SP_ASX200,PRIMARY_UNIVERSE_INDEX_AVAILABLE_NO_FROZEN_RS_BINDING,RS_NOT_VERIFIED_CURRENT_FROZEN_1425,SECTOR_RS_NOT_VERIFIED,LEAVE_ONE_OUT_PRIMARY_UNIVERSE_COHORT_MEDIAN_v0.20_NOT_CURRENT_RESULT
WSSEC:WS:XASX:WBC,WS:XASX:WBC,AU1,AU_SP_ASX200,PRIMARY_UNIVERSE_INDEX_AVAILABLE_NO_FROZEN_RS_BINDING,RS_NOT_VERIFIED_CURRENT_FROZEN_1425,SECTOR_RS_NOT_VERIFIED,LEAVE_ONE_OUT_PRIMARY_UNIVERSE_COHORT_MEDIAN_v0.20_NOT_CURRENT_RESULT
WSSEC:WS:XASX:WDS,WS:XASX:WDS,AU1,AU_SP_ASX200,PRIMARY_UNIVERSE_INDEX_AVAILABLE_NO_FROZEN_RS_BINDING,RS_NOT_VERIFIED_CURRENT_FROZEN_1425,SECTOR_RS_NOT_VERIFIED,LEAVE_ONE_OUT_PRIMARY_UNIVERSE_COHORT_MEDIAN_v0.20_NOT_CURRENT_RESULT
WSSEC:WS:XASX:WES,WS:XASX:WES,AU1,AU_SP_ASX200,PRIMARY_UNIVERSE_INDEX_AVAILABLE_NO_FROZEN_RS_BINDING,RS_NOT_VERIFIED_CURRENT_FROZEN_1425,SECTOR_RS_NOT_VERIFIED,LEAVE_ONE_OUT_PRIMARY_UNIVERSE_COHORT_MEDIAN_v0.20_NOT_CURRENT_RESULT
WSSEC:WS:XASX:WGX,WS:XASX:WGX,AU1,AU_SP_ASX200,PRIMARY_UNIVERSE_INDEX_AVAILABLE_NO_FROZEN_RS_BINDING,RS_NOT_VERIFIED_CURRENT_FROZEN_1425,SECTOR_RS_NOT_VERIFIED,LEAVE_ONE_OUT_PRIMARY_UNIVERSE_COHORT_MEDIAN_v0.20_NOT_CURRENT_RESULT
WSSEC:WS:XASX:WHC,WS:XASX:WHC,AU1,AU_SP_ASX200,PRIMARY_UNIVERSE_INDEX_AVAILABLE_NO_FROZEN_RS_BINDING,RS_NOT_VERIFIED_CURRENT_FROZEN_1425,SECTOR_RS_NOT_VERIFIED,LEAVE_ONE_OUT_PRIMARY_UNIVERSE_COHORT_MEDIAN_v0.20_NOT_CURRENT_RESULT
WSSEC:WS:XASX:WOW,WS:XASX:WOW,AU1,AU_SP_ASX200,PRIMARY_UNIVERSE_INDEX_AVAILABLE_NO_FROZEN_RS_BINDING,RS_NOT_VERIFIED_CURRENT_FROZEN_1425,SECTOR_RS_NOT_VERIFIED,LEAVE_ONE_OUT_PRIMARY_UNIVERSE_COHORT_MEDIAN_v0.20_NOT_CURRENT_RESULT
WSSEC:WS:XASX:WTC,WS:XASX:WTC,AU1,AU_SP_ASX200,PRIMARY_UNIVERSE_INDEX_AVAILABLE_NO_FROZEN_RS_BINDING,RS_NOT_VERIFIED_CURRENT_FROZEN_1425,SECTOR_RS_NOT_VERIFIED,LEAVE_ONE_OUT_PRIMARY_UNIVERSE_COHORT_MEDIAN_v0.20_NOT_CURRENT_RESULT
WSSEC:WS:XASX:ZIP,WS:XASX:ZIP,AU1,AU_SP_ASX200,PRIMARY_UNIVERSE_INDEX_AVAILABLE_NO_FROZEN_RS_BINDING,RS_NOT_VERIFIED_CURRENT_FROZEN_1425,SECTOR_RS_NOT_VERIFIED,LEAVE_ONE_OUT_PRIMARY_UNIVERSE_COHORT_MEDIAN_v0.20_NOT_CURRENT_RESULT
WSSEC:WS:XNAS:AAL,WS:XNAS:AAL,US2,US_SP400,PRIMARY_UNIVERSE_INDEX_AVAILABLE_NO_FROZEN_RS_BINDING,RS_NOT_VERIFIED_CURRENT_FROZEN_1425,SECTOR_RS_NOT_VERIFIED,LEAVE_ONE_OUT_PRIMARY_UNIVERSE_COHORT_MEDIAN_v0.20_NOT_CURRENT_RESULT
WSSEC:WS:XNAS:AAON,WS:XNAS:AAON,US2,US_SP400,PRIMARY_UNIVERSE_INDEX_AVAILABLE_NO_FROZEN_RS_BINDING,RS_NOT_VERIFIED_CURRENT_FROZEN_1425,SECTOR_RS_NOT_VERIFIED,LEAVE_ONE_OUT_PRIMARY_UNIVERSE_COHORT_MEDIAN_v0.20_NOT_CURRENT_RESULT
WSSEC:WS:XNAS:AAPL,WS:XNAS:AAPL,US1,US_SP500,PRIMARY_UNIVERSE_INDEX_AVAILABLE_NO_FROZEN_RS_BINDING,RS_NOT_VERIFIED_CURRENT_FROZEN_1425,SECTOR_RS_NOT_VERIFIED,LEAVE_ONE_OUT_PRIMARY_UNIVERSE_COHORT_MEDIAN_v0.20_NOT_CURRENT_RESULT
WSSEC:WS:XNAS:ABNB,WS:XNAS:ABNB,US1,US_SP500,PRIMARY_UNIVERSE_INDEX_AVAILABLE_NO_FROZEN_RS_BINDING,RS_NOT_VERIFIED_CURRENT_FROZEN_1425,SECTOR_RS_NOT_VERIFIED,LEAVE_ONE_OUT_PRIMARY_UNIVERSE_COHORT_MEDIAN_v0.20_NOT_CURRENT_RESULT
WSSEC:WS:XNAS:ADBE,WS:XNAS:ADBE,US1,US_SP500,PRIMARY_UNIVERSE_INDEX_AVAILABLE_NO_FROZEN_RS_BINDING,RS_NOT_VERIFIED_CURRENT_FROZEN_1425,SECTOR_RS_NOT_VERIFIED,LEAVE_ONE_OUT_PRIMARY_UNIVERSE_COHORT_MEDIAN_v0.20_NOT_CURRENT_RESULT
WSSEC:WS:XNAS:ADI,WS:XNAS:ADI,US1,US_SP500,PRIMARY_UNIVERSE_INDEX_AVAILABLE_NO_FROZEN_RS_BINDING,RS_NOT_VERIFIED_CURRENT_FROZEN_1425,SECTOR_RS_NOT_VERIFIED,LEAVE_ONE_OUT_PRIMARY_UNIVERSE_COHORT_MEDIAN_v0.20_NOT_CURRENT_RESULT
WSSEC:WS:XNAS:ADP,WS:XNAS:ADP,US1,US_SP500,PRIMARY_UNIVERSE_INDEX_AVAILABLE_NO_FROZEN_RS_BINDING,RS_NOT_VERIFIED_CURRENT_FROZEN_1425,SECTOR_RS_NOT_VERIFIED,LEAVE_ONE_OUT_PRIMARY_UNIVERSE_COHORT_MEDIAN_v0.20_NOT_CURRENT_RESULT
WSSEC:WS:XNAS:ADSK,WS:XNAS:ADSK,US1,US_SP500,PRIMARY_UNIVERSE_INDEX_AVAILABLE_NO_FROZEN_RS_BINDING,RS_NOT_VERIFIED_CURRENT_FROZEN_1425,SECTOR_RS_NOT_VERIFIED,LEAVE_ONE_OUT_PRIMARY_UNIVERSE_COHORT_MEDIAN_v0.20_NOT_CURRENT_RESULT
WSSEC:WS:XNAS:AEIS,WS:XNAS:AEIS,US2,US_SP400,PRIMARY_UNIVERSE_INDEX_AVAILABLE_NO_FROZEN_RS_BINDING,RS_NOT_VERIFIED_CURRENT_FROZEN_1425,SECTOR_RS_NOT_VERIFIED,LEAVE_ONE_OUT_PRIMARY_UNIVERSE_COHORT_MEDIAN_v0.20_NOT_CURRENT_RESULT
WSSEC:WS:XNAS:AKAM,WS:XNAS:AKAM,US1,US_SP500,PRIMARY_UNIVERSE_INDEX_AVAILABLE_NO_FROZEN_RS_BINDING,RS_NOT_VERIFIED_CURRENT_FROZEN_1425,SECTOR_RS_NOT_VERIFIED,LEAVE_ONE_OUT_PRIMARY_UNIVERSE_COHORT_MEDIAN_v0.20_NOT_CURRENT_RESULT
WSSEC:WS:XNAS:ALGM,WS:XNAS:ALGM,US2,US_SP400,PRIMARY_UNIVERSE_INDEX_AVAILABLE_NO_FROZEN_RS_BINDING,RS_NOT_VERIFIED_CURRENT_FROZEN_1425,SECTOR_RS_NOT_VERIFIED,LEAVE_ONE_OUT_PRIMARY_UNIVERSE_COHORT_MEDIAN_v0.20_NOT_CURRENT_RESULT
WSSEC:WS:XNAS:ALGN,WS:XNAS:ALGN,US1,US_SP500,PRIMARY_UNIVERSE_INDEX_AVAILABLE_NO_FROZEN_RS_BINDING,RS_NOT_VERIFIED_CURRENT_FROZEN_1425,SECTOR_RS_NOT_VERIFIED,LEAVE_ONE_OUT_PRIMARY_UNIVERSE_COHORT_MEDIAN_v0.20_NOT_CURRENT_RESULT
WSSEC:WS:XNAS:AMAT,WS:XNAS:AMAT,US1,US_SP500,PRIMARY_UNIVERSE_INDEX_AVAILABLE_NO_FROZEN_RS_BINDING,RS_NOT_VERIFIED_CURRENT_FROZEN_1425,SECTOR_RS_NOT_VERIFIED,LEAVE_ONE_OUT_PRIMARY_UNIVERSE_COHORT_MEDIAN_v0.20_NOT_CURRENT_RESULT
WSSEC:WS:XNAS:AMGN,WS:XNAS:AMGN,US1,US_SP500,PRIMARY_UNIVERSE_INDEX_AVAILABLE_NO_FROZEN_RS_BINDING,RS_NOT_VERIFIED_CURRENT_FROZEN_1425,SECTOR_RS_NOT_VERIFIED,LEAVE_ONE_OUT_PRIMARY_UNIVERSE_COHORT_MEDIAN_v0.20_NOT_CURRENT_RESULT
WSSEC:WS:XNAS:AMKR,WS:XNAS:AMKR,US2,US_SP400,PRIMARY_UNIVERSE_INDEX_AVAILABLE_NO_FROZEN_RS_BINDING,RS_NOT_VERIFIED_CURRENT_FROZEN_1425,SECTOR_RS_NOT_VERIFIED,LEAVE_ONE_OUT_PRIMARY_UNIVERSE_COHORT_MEDIAN_v0.20_NOT_CURRENT_RESULT
WSSEC:WS:XNAS:AMZN,WS:XNAS:AMZN,US1,US_SP500,PRIMARY_UNIVERSE_INDEX_AVAILABLE_NO_FROZEN_RS_BINDING,RS_NOT_VERIFIED_CURRENT_FROZEN_1425,SECTOR_RS_NOT_VERIFIED,LEAVE_ONE_OUT_PRIMARY_UNIVERSE_COHORT_MEDIAN_v0.20_NOT_CURRENT_RESULT
WSSEC:WS:XNAS:APP,WS:XNAS:APP,US1,US_SP500,PRIMARY_UNIVERSE_INDEX_AVAILABLE_NO_FROZEN_RS_BINDING,RS_NOT_VERIFIED_CURRENT_FROZEN_1425,SECTOR_RS_NOT_VERIFIED,LEAVE_ONE_OUT_PRIMARY_UNIVERSE_COHORT_MEDIAN_v0.20_NOT_CURRENT_RESULT
WSSEC:WS:XNAS:APPF,WS:XNAS:APPF,US2,US_SP400,PRIMARY_UNIVERSE_INDEX_AVAILABLE_NO_FROZEN_RS_BINDING,RS_NOT_VERIFIED_CURRENT_FROZEN_1425,SECTOR_RS_NOT_VERIFIED,LEAVE_ONE_OUT_PRIMARY_UNIVERSE_COHORT_MEDIAN_v0.20_NOT_CURRENT_RESULT
WSSEC:WS:XNAS:ARWR,WS:XNAS:ARWR,US2,US_SP400,PRIMARY_UNIVERSE_INDEX_AVAILABLE_NO_FROZEN_RS_BINDING,RS_NOT_VERIFIED_CURRENT_FROZEN_1425,SECTOR_RS_NOT_VERIFIED,LEAVE_ONE_OUT_PRIMARY_UNIVERSE_COHORT_MEDIAN_v0.20_NOT_CURRENT_RESULT
WSSEC:WS:XNAS:AVAV,WS:XNAS:AVAV,US2,US_SP400,PRIMARY_UNIVERSE_INDEX_AVAILABLE_NO_FROZEN_RS_BINDING,RS_NOT_VERIFIED_CURRENT_FROZEN_1425,SECTOR_RS_NOT_VERIFIED,LEAVE_ONE_OUT_PRIMARY_UNIVERSE_COHORT_MEDIAN_v0.20_NOT_CURRENT_RESULT
WSSEC:WS:XNAS:AVGO,WS:XNAS:AVGO,US1,US_SP500,PRIMARY_UNIVERSE_INDEX_AVAILABLE_NO_FROZEN_RS_BINDING,RS_NOT_VERIFIED_CURRENT_FROZEN_1425,SECTOR_RS_NOT_VERIFIED,LEAVE_ONE_OUT_PRIMARY_UNIVERSE_COHORT_MEDIAN_v0.20_NOT_CURRENT_RESULT
WSSEC:WS:XNAS:AVT,WS:XNAS:AVT,US2,US_SP400,PRIMARY_UNIVERSE_INDEX_AVAILABLE_NO_FROZEN_RS_BINDING,RS_NOT_VERIFIED_CURRENT_FROZEN_1425,SECTOR_RS_NOT_VERIFIED,LEAVE_ONE_OUT_PRIMARY_UNIVERSE_COHORT_MEDIAN_v0.20_NOT_CURRENT_RESULT
WSSEC:WS:XNAS:BHF,WS:XNAS:BHF,US2,US_SP400,PRIMARY_UNIVERSE_INDEX_AVAILABLE_NO_FROZEN_RS_BINDING,RS_NOT_VERIFIED_CURRENT_FROZEN_1425,SECTOR_RS_NOT_VERIFIED,LEAVE_ONE_OUT_PRIMARY_UNIVERSE_COHORT_MEDIAN_v0.20_NOT_CURRENT_RESULT
WSSEC:WS:XNAS:BIIB,WS:XNAS:BIIB,US1,US_SP500,PRIMARY_UNIVERSE_INDEX_AVAILABLE_NO_FROZEN_RS_BINDING,RS_NOT_VERIFIED_CURRENT_FROZEN_1425,SECTOR_RS_NOT_VERIFIED,LEAVE_ONE_OUT_PRIMARY_UNIVERSE_COHORT_MEDIAN_v0.20_NOT_CURRENT_RESULT
WSSEC:WS:XNAS:BKNG,WS:XNAS:BKNG,US1,US_SP500,PRIMARY_UNIVERSE_INDEX_AVAILABLE_NO_FROZEN_RS_BINDING,RS_NOT_VERIFIED_CURRENT_FROZEN_1425,SECTOR_RS_NOT_VERIFIED,LEAVE_ONE_OUT_PRIMARY_UNIVERSE_COHORT_MEDIAN_v0.20_NOT_CURRENT_RESULT
WSSEC:WS:XNAS:BMRN,WS:XNAS:BMRN,US2,US_SP400,PRIMARY_UNIVERSE_INDEX_AVAILABLE_NO_FROZEN_RS_BINDING,RS_NOT_VERIFIED_CURRENT_FROZEN_1425,SECTOR_RS_NOT_VERIFIED,LEAVE_ONE_OUT_PRIMARY_UNIVERSE_COHORT_MEDIAN_v0.20_NOT_CURRENT_RESULT
WSSEC:WS:XNAS:BRKR,WS:XNAS:BRKR,US2,US_SP400,PRIMARY_UNIVERSE_INDEX_AVAILABLE_NO_FROZEN_RS_BINDING,RS_NOT_VERIFIED_CURRENT_FROZEN_1425,SECTOR_RS_NOT_VERIFIED,LEAVE_ONE_OUT_PRIMARY_UNIVERSE_COHORT_MEDIAN_v0.20_NOT_CURRENT_RESULT
WSSEC:WS:XNAS:BSY,WS:XNAS:BSY,US2,US_SP400,PRIMARY_UNIVERSE_INDEX_AVAILABLE_NO_FROZEN_RS_BINDING,RS_NOT_VERIFIED_CURRENT_FROZEN_1425,SECTOR_RS_NOT_VERIFIED,LEAVE_ONE_OUT_PRIMARY_UNIVERSE_COHORT_MEDIAN_v0.20_NOT_CURRENT_RESULT
WSSEC:WS:XNAS:BTSG,WS:XNAS:BTSG,US2,US_SP400,PRIMARY_UNIVERSE_INDEX_AVAILABLE_NO_FROZEN_RS_BINDING,RS_NOT_VERIFIED_CURRENT_FROZEN_1425,SECTOR_RS_NOT_VERIFIED,LEAVE_ONE_OUT_PRIMARY_UNIVERSE_COHORT_MEDIAN_v0.20_NOT_CURRENT_RESULT
WSSEC:WS:XNAS:CAR,WS:XNAS:CAR,US2,US_SP400,PRIMARY_UNIVERSE_INDEX_AVAILABLE_NO_FROZEN_RS_BINDING,RS_NOT_VERIFIED_CURRENT_FROZEN_1425,SECTOR_RS_NOT_VERIFIED,LEAVE_ONE_OUT_PRIMARY_UNIVERSE_COHORT_MEDIAN_v0.20_NOT_CURRENT_RESULT
WSSEC:WS:XNAS:CART,WS:XNAS:CART,US2,US_SP400,PRIMARY_UNIVERSE_INDEX_AVAILABLE_NO_FROZEN_RS_BINDING,RS_NOT_VERIFIED_CURRENT_FROZEN_1425,SECTOR_RS_NOT_VERIFIED,LEAVE_ONE_OUT_PRIMARY_UNIVERSE_COHORT_MEDIAN_v0.20_NOT_CURRENT_RESULT
WSSEC:WS:XNAS:CASY,WS:XNAS:CASY,US1,US_SP500,PRIMARY_UNIVERSE_INDEX_AVAILABLE_NO_FROZEN_RS_BINDING,RS_NOT_VERIFIED_CURRENT_FROZEN_1425,SECTOR_RS_NOT_VERIFIED,LEAVE_ONE_OUT_PRIMARY_UNIVERSE_COHORT_MEDIAN_v0.20_NOT_CURRENT_RESULT
WSSEC:WS:XNAS:CBOE,WS:XNAS:CBOE,US1,US_SP500,PRIMARY_UNIVERSE_INDEX_AVAILABLE_NO_FROZEN_RS_BINDING,RS_NOT_VERIFIED_CURRENT_FROZEN_1425,SECTOR_RS_NOT_VERIFIED,LEAVE_ONE_OUT_PRIMARY_UNIVERSE_COHORT_MEDIAN_v0.20_NOT_CURRENT_RESULT
WSSEC:WS:XNAS:CBSH,WS:XNAS:CBSH,US2,US_SP400,PRIMARY_UNIVERSE_INDEX_AVAILABLE_NO_FROZEN_RS_BINDING,RS_NOT_VERIFIED_CURRENT_FROZEN_1425,SECTOR_RS_NOT_VERIFIED,LEAVE_ONE_OUT_PRIMARY_UNIVERSE_COHORT_MEDIAN_v0.20_NOT_CURRENT_RESULT
WSSEC:WS:XNAS:CDNS,WS:XNAS:CDNS,US1,US_SP500,PRIMARY_UNIVERSE_INDEX_AVAILABLE_NO_FROZEN_RS_BINDING,RS_NOT_VERIFIED_CURRENT_FROZEN_1425,SECTOR_RS_NOT_VERIFIED,LEAVE_ONE_OUT_PRIMARY_UNIVERSE_COHORT_MEDIAN_v0.20_NOT_CURRENT_RESULT
WSSEC:WS:XNAS:CDW,WS:XNAS:CDW,US1,US_SP500,PRIMARY_UNIVERSE_INDEX_AVAILABLE_NO_FROZEN_RS_BINDING,RS_NOT_VERIFIED_CURRENT_FROZEN_1425,SECTOR_RS_NOT_VERIFIED,LEAVE_ONE_OUT_PRIMARY_UNIVERSE_COHORT_MEDIAN_v0.20_NOT_CURRENT_RESULT
WSSEC:WS:XNAS:CELH,WS:XNAS:CELH,US2,US_SP400,PRIMARY_UNIVERSE_INDEX_AVAILABLE_NO_FROZEN_RS_BINDING,RS_NOT_VERIFIED_CURRENT_FROZEN_1425,SECTOR_RS_NOT_VERIFIED,LEAVE_ONE_OUT_PRIMARY_UNIVERSE_COHORT_MEDIAN_v0.20_NOT_CURRENT_RESULT
WSSEC:WS:XNAS:CG,WS:XNAS:CG,US2,US_SP400,PRIMARY_UNIVERSE_INDEX_AVAILABLE_NO_FROZEN_RS_BINDING,RS_NOT_VERIFIED_CURRENT_FROZEN_1425,SECTOR_RS_NOT_VERIFIED,LEAVE_ONE_OUT_PRIMARY_UNIVERSE_COHORT_MEDIAN_v0.20_NOT_CURRENT_RESULT
WSSEC:WS:XNAS:CGNX,WS:XNAS:CGNX,US2,US_SP400,PRIMARY_UNIVERSE_INDEX_AVAILABLE_NO_FROZEN_RS_BINDING,RS_NOT_VERIFIED_CURRENT_FROZEN_1425,SECTOR_RS_NOT_VERIFIED,LEAVE_ONE_OUT_PRIMARY_UNIVERSE_COHORT_MEDIAN_v0.20_NOT_CURRENT_RESULT
WSSEC:WS:XNAS:CHDN,WS:XNAS:CHDN,US2,US_SP400,PRIMARY_UNIVERSE_INDEX_AVAILABLE_NO_FROZEN_RS_BINDING,RS_NOT_VERIFIED_CURRENT_FROZEN_1425,SECTOR_RS_NOT_VERIFIED,LEAVE_ONE_OUT_PRIMARY_UNIVERSE_COHORT_MEDIAN_v0.20_NOT_CURRENT_RESULT
WSSEC:WS:XNAS:CHRD,WS:XNAS:CHRD,US2,US_SP400,PRIMARY_UNIVERSE_INDEX_AVAILABLE_NO_FROZEN_RS_BINDING,RS_NOT_VERIFIED_CURRENT_FROZEN_1425,SECTOR_RS_NOT_VERIFIED,LEAVE_ONE_OUT_PRIMARY_UNIVERSE_COHORT_MEDIAN_v0.20_NOT_CURRENT_RESULT
WSSEC:WS:XNAS:CHRW,WS:XNAS:CHRW,US1,US_SP500,PRIMARY_UNIVERSE_INDEX_AVAILABLE_NO_FROZEN_RS_BINDING,RS_NOT_VERIFIED_CURRENT_FROZEN_1425,SECTOR_RS_NOT_VERIFIED,LEAVE_ONE_OUT_PRIMARY_UNIVERSE_COHORT_MEDIAN_v0.20_NOT_CURRENT_RESULT
WSSEC:WS:XNAS:CINF,WS:XNAS:CINF,US1,US_SP500,PRIMARY_UNIVERSE_INDEX_AVAILABLE_NO_FROZEN_RS_BINDING,RS_NOT_VERIFIED_CURRENT_FROZEN_1425,SECTOR_RS_NOT_VERIFIED,LEAVE_ONE_OUT_PRIMARY_UNIVERSE_COHORT_MEDIAN_v0.20_NOT_CURRENT_RESULT
WSSEC:WS:XNAS:CME,WS:XNAS:CME,US1,US_SP500,PRIMARY_UNIVERSE_INDEX_AVAILABLE_NO_FROZEN_RS_BINDING,RS_NOT_VERIFIED_CURRENT_FROZEN_1425,SECTOR_RS_NOT_VERIFIED,LEAVE_ONE_OUT_PRIMARY_UNIVERSE_COHORT_MEDIAN_v0.20_NOT_CURRENT_RESULT
WSSEC:WS:XNAS:COIN,WS:XNAS:COIN,US1,US_SP500,PRIMARY_UNIVERSE_INDEX_AVAILABLE_NO_FROZEN_RS_BINDING,RS_NOT_VERIFIED_CURRENT_FROZEN_1425,SECTOR_RS_NOT_VERIFIED,LEAVE_ONE_OUT_PRIMARY_UNIVERSE_COHORT_MEDIAN_v0.20_NOT_CURRENT_RESULT
WSSEC:WS:XNAS:COKE,WS:XNAS:COKE,US2,US_SP400,PRIMARY_UNIVERSE_INDEX_AVAILABLE_NO_FROZEN_RS_BINDING,RS_NOT_VERIFIED_CURRENT_FROZEN_1425,SECTOR_RS_NOT_VERIFIED,LEAVE_ONE_OUT_PRIMARY_UNIVERSE_COHORT_MEDIAN_v0.20_NOT_CURRENT_RESULT
WSSEC:WS:XNAS:COLB,WS:XNAS:COLB,US2,US_SP400,PRIMARY_UNIVERSE_INDEX_AVAILABLE_NO_FROZEN_RS_BINDING,RS_NOT_VERIFIED_CURRENT_FROZEN_1425,SECTOR_RS_NOT_VERIFIED,LEAVE_ONE_OUT_PRIMARY_UNIVERSE_COHORT_MEDIAN_v0.20_NOT_CURRENT_RESULT
WSSEC:WS:XNAS:COLM,WS:XNAS:COLM,US2,US_SP400,PRIMARY_UNIVERSE_INDEX_AVAILABLE_NO_FROZEN_RS_BINDING,RS_NOT_VERIFIED_CURRENT_FROZEN_1425,SECTOR_RS_NOT_VERIFIED,LEAVE_ONE_OUT_PRIMARY_UNIVERSE_COHORT_MEDIAN_v0.20_NOT_CURRENT_RESULT
WSSEC:WS:XNAS:COST,WS:XNAS:COST,US1,US_SP500,PRIMARY_UNIVERSE_INDEX_AVAILABLE_NO_FROZEN_RS_BINDING,RS_NOT_VERIFIED_CURRENT_FROZEN_1425,SECTOR_RS_NOT_VERIFIED,LEAVE_ONE_OUT_PRIMARY_UNIVERSE_COHORT_MEDIAN_v0.20_NOT_CURRENT_RESULT
WSSEC:WS:XNAS:CPRT,WS:XNAS:CPRT,US1,US_SP500,PRIMARY_UNIVERSE_INDEX_AVAILABLE_NO_FROZEN_RS_BINDING,RS_NOT_VERIFIED_CURRENT_FROZEN_1425,SECTOR_RS_NOT_VERIFIED,LEAVE_ONE_OUT_PRIMARY_UNIVERSE_COHORT_MEDIAN_v0.20_NOT_CURRENT_RESULT
WSSEC:WS:XNAS:CROX,WS:XNAS:CROX,US2,US_SP400,PRIMARY_UNIVERSE_INDEX_AVAILABLE_NO_FROZEN_RS_BINDING,RS_NOT_VERIFIED_CURRENT_FROZEN_1425,SECTOR_RS_NOT_VERIFIED,LEAVE_ONE_OUT_PRIMARY_UNIVERSE_COHORT_MEDIAN_v0.20_NOT_CURRENT_RESULT
WSSEC:WS:XNAS:CRUS,WS:XNAS:CRUS,US2,US_SP400,PRIMARY_UNIVERSE_INDEX_AVAILABLE_NO_FROZEN_RS_BINDING,RS_NOT_VERIFIED_CURRENT_FROZEN_1425,SECTOR_RS_NOT_VERIFIED,LEAVE_ONE_OUT_PRIMARY_UNIVERSE_COHORT_MEDIAN_v0.20_NOT_CURRENT_RESULT
WSSEC:WS:XNAS:CRWD,WS:XNAS:CRWD,US1,US_SP500,PRIMARY_UNIVERSE_INDEX_AVAILABLE_NO_FROZEN_RS_BINDING,RS_NOT_VERIFIED_CURRENT_FROZEN_1425,SECTOR_RS_NOT_VERIFIED,LEAVE_ONE_OUT_PRIMARY_UNIVERSE_COHORT_MEDIAN_v0.20_NOT_CURRENT_RESULT
WSSEC:WS:XNAS:CSCO,WS:XNAS:CSCO,US1,US_SP500,PRIMARY_UNIVERSE_INDEX_AVAILABLE_NO_FROZEN_RS_BINDING,RS_NOT_VERIFIED_CURRENT_FROZEN_1425,SECTOR_RS_NOT_VERIFIED,LEAVE_ONE_OUT_PRIMARY_UNIVERSE_COHORT_MEDIAN_v0.20_NOT_CURRENT_RESULT
WSSEC:WS:XNAS:CTAS,WS:XNAS:CTAS,US1,US_SP500,PRIMARY_UNIVERSE_INDEX_AVAILABLE_NO_FROZEN_RS_BINDING,RS_NOT_VERIFIED_CURRENT_FROZEN_1425,SECTOR_RS_NOT_VERIFIED,LEAVE_ONE_OUT_PRIMARY_UNIVERSE_COHORT_MEDIAN_v0.20_NOT_CURRENT_RESULT
WSSEC:WS:XNAS:CTSH,WS:XNAS:CTSH,US1,US_SP500,PRIMARY_UNIVERSE_INDEX_AVAILABLE_NO_FROZEN_RS_BINDING,RS_NOT_VERIFIED_CURRENT_FROZEN_1425,SECTOR_RS_NOT_VERIFIED,LEAVE_ONE_OUT_PRIMARY_UNIVERSE_COHORT_MEDIAN_v0.20_NOT_CURRENT_RESULT
WSSEC:WS:XNAS:CVLT,WS:XNAS:CVLT,US2,US_SP400,PRIMARY_UNIVERSE_INDEX_AVAILABLE_NO_FROZEN_RS_BINDING,RS_NOT_VERIFIED_CURRENT_FROZEN_1425,SECTOR_RS_NOT_VERIFIED,LEAVE_ONE_OUT_PRIMARY_UNIVERSE_COHORT_MEDIAN_v0.20_NOT_CURRENT_RESULT
WSSEC:WS:XNAS:CYTK,WS:XNAS:CYTK,US2,US_SP400,PRIMARY_UNIVERSE_INDEX_AVAILABLE_NO_FROZEN_RS_BINDING,RS_NOT_VERIFIED_CURRENT_FROZEN_1425,SECTOR_RS_NOT_VERIFIED,LEAVE_ONE_OUT_PRIMARY_UNIVERSE_COHORT_MEDIAN_v0.20_NOT_CURRENT_RESULT
WSSEC:WS:XNAS:DBX,WS:XNAS:DBX,US2,US_SP400,PRIMARY_UNIVERSE_INDEX_AVAILABLE_NO_FROZEN_RS_BINDING,RS_NOT_VERIFIED_CURRENT_FROZEN_1425,SECTOR_RS_NOT_VERIFIED,LEAVE_ONE_OUT_PRIMARY_UNIVERSE_COHORT_MEDIAN_v0.20_NOT_CURRENT_RESULT
WSSEC:WS:XNAS:DDOG,WS:XNAS:DDOG,US1,US_SP500,PRIMARY_UNIVERSE_INDEX_AVAILABLE_NO_FROZEN_RS_BINDING,RS_NOT_VERIFIED_CURRENT_FROZEN_1425,SECTOR_RS_NOT_VERIFIED,LEAVE_ONE_OUT_PRIMARY_UNIVERSE_COHORT_MEDIAN_v0.20_NOT_CURRENT_RESULT
WSSEC:WS:XNAS:DLTR,WS:XNAS:DLTR,US1,US_SP500,PRIMARY_UNIVERSE_INDEX_AVAILABLE_NO_FROZEN_RS_BINDING,RS_NOT_VERIFIED_CURRENT_FROZEN_1425,SECTOR_RS_NOT_VERIFIED,LEAVE_ONE_OUT_PRIMARY_UNIVERSE_COHORT_MEDIAN_v0.20_NOT_CURRENT_RESULT
WSSEC:WS:XNAS:DOCU,WS:XNAS:DOCU,US2,US_SP400,PRIMARY_UNIVERSE_INDEX_AVAILABLE_NO_FROZEN_RS_BINDING,RS_NOT_VERIFIED_CURRENT_FROZEN_1425,SECTOR_RS_NOT_VERIFIED,LEAVE_ONE_OUT_PRIMARY_UNIVERSE_COHORT_MEDIAN_v0.20_NOT_CURRENT_RESULT
WSSEC:WS:XNAS:DUOL,WS:XNAS:DUOL,US2,US_SP400,PRIMARY_UNIVERSE_INDEX_AVAILABLE_NO_FROZEN_RS_BINDING,RS_NOT_VERIFIED_CURRENT_FROZEN_1425,SECTOR_RS_NOT_VERIFIED,LEAVE_ONE_OUT_PRIMARY_UNIVERSE_COHORT_MEDIAN_v0.20_NOT_CURRENT_RESULT
WSSEC:WS:XNAS:DXCM,WS:XNAS:DXCM,US1,US_SP500,PRIMARY_UNIVERSE_INDEX_AVAILABLE_NO_FROZEN_RS_BINDING,RS_NOT_VERIFIED_CURRENT_FROZEN_1425,SECTOR_RS_NOT_VERIFIED,LEAVE_ONE_OUT_PRIMARY_UNIVERSE_COHORT_MEDIAN_v0.20_NOT_CURRENT_RESULT
WSSEC:WS:XNAS:EBAY,WS:XNAS:EBAY,US1,US_SP500,PRIMARY_UNIVERSE_INDEX_AVAILABLE_NO_FROZEN_RS_BINDING,RS_NOT_VERIFIED_CURRENT_FROZEN_1425,SECTOR_RS_NOT_VERIFIED,LEAVE_ONE_OUT_PRIMARY_UNIVERSE_COHORT_MEDIAN_v0.20_NOT_CURRENT_RESULT
WSSEC:WS:XNAS:ECHO,WS:XNAS:ECHO,US1,US_SP500,PRIMARY_UNIVERSE_INDEX_AVAILABLE_NO_FROZEN_RS_BINDING,RS_NOT_VERIFIED_CURRENT_FROZEN_1425,SECTOR_RS_NOT_VERIFIED,LEAVE_ONE_OUT_PRIMARY_UNIVERSE_COHORT_MEDIAN_v0.20_NOT_CURRENT_RESULT
WSSEC:WS:XNAS:EEFT,WS:XNAS:EEFT,US2,US_SP400,PRIMARY_UNIVERSE_INDEX_AVAILABLE_NO_FROZEN_RS_BINDING,RS_NOT_VERIFIED_CURRENT_FROZEN_1425,SECTOR_RS_NOT_VERIFIED,LEAVE_ONE_OUT_PRIMARY_UNIVERSE_COHORT_MEDIAN_v0.20_NOT_CURRENT_RESULT
WSSEC:WS:XNAS:ENSG,WS:XNAS:ENSG,US2,US_SP400,PRIMARY_UNIVERSE_INDEX_AVAILABLE_NO_FROZEN_RS_BINDING,RS_NOT_VERIFIED_CURRENT_FROZEN_1425,SECTOR_RS_NOT_VERIFIED,LEAVE_ONE_OUT_PRIMARY_UNIVERSE_COHORT_MEDIAN_v0.20_NOT_CURRENT_RESULT
WSSEC:WS:XNAS:ENTG,WS:XNAS:ENTG,US2,US_SP400,PRIMARY_UNIVERSE_INDEX_AVAILABLE_NO_FROZEN_RS_BINDING,RS_NOT_VERIFIED_CURRENT_FROZEN_1425,SECTOR_RS_NOT_VERIFIED,LEAVE_ONE_OUT_PRIMARY_UNIVERSE_COHORT_MEDIAN_v0.20_NOT_CURRENT_RESULT
WSSEC:WS:XNAS:EWBC,WS:XNAS:EWBC,US2,US_SP400,PRIMARY_UNIVERSE_INDEX_AVAILABLE_NO_FROZEN_RS_BINDING,RS_NOT_VERIFIED_CURRENT_FROZEN_1425,SECTOR_RS_NOT_VERIFIED,LEAVE_ONE_OUT_PRIMARY_UNIVERSE_COHORT_MEDIAN_v0.20_NOT_CURRENT_RESULT
WSSEC:WS:XNAS:EXEL,WS:XNAS:EXEL,US2,US_SP400,PRIMARY_UNIVERSE_INDEX_AVAILABLE_NO_FROZEN_RS_BINDING,RS_NOT_VERIFIED_CURRENT_FROZEN_1425,SECTOR_RS_NOT_VERIFIED,LEAVE_ONE_OUT_PRIMARY_UNIVERSE_COHORT_MEDIAN_v0.20_NOT_CURRENT_RESULT
WSSEC:WS:XNAS:EXLS,WS:XNAS:EXLS,US2,US_SP400,PRIMARY_UNIVERSE_INDEX_AVAILABLE_NO_FROZEN_RS_BINDING,RS_NOT_VERIFIED_CURRENT_FROZEN_1425,SECTOR_RS_NOT_VERIFIED,LEAVE_ONE_OUT_PRIMARY_UNIVERSE_COHORT_MEDIAN_v0.20_NOT_CURRENT_RESULT
WSSEC:WS:XNAS:EXPD,WS:XNAS:EXPD,US1,US_SP500,PRIMARY_UNIVERSE_INDEX_AVAILABLE_NO_FROZEN_RS_BINDING,RS_NOT_VERIFIED_CURRENT_FROZEN_1425,SECTOR_RS_NOT_VERIFIED,LEAVE_ONE_OUT_PRIMARY_UNIVERSE_COHORT_MEDIAN_v0.20_NOT_CURRENT_RESULT
WSSEC:WS:XNAS:EXPE,WS:XNAS:EXPE,US1,US_SP500,PRIMARY_UNIVERSE_INDEX_AVAILABLE_NO_FROZEN_RS_BINDING,RS_NOT_VERIFIED_CURRENT_FROZEN_1425,SECTOR_RS_NOT_VERIFIED,LEAVE_ONE_OUT_PRIMARY_UNIVERSE_COHORT_MEDIAN_v0.20_NOT_CURRENT_RESULT
WSSEC:WS:XNAS:EXPO,WS:XNAS:EXPO,US2,US_SP400,PRIMARY_UNIVERSE_INDEX_AVAILABLE_NO_FROZEN_RS_BINDING,RS_NOT_VERIFIED_CURRENT_FROZEN_1425,SECTOR_RS_NOT_VERIFIED,LEAVE_ONE_OUT_PRIMARY_UNIVERSE_COHORT_MEDIAN_v0.20_NOT_CURRENT_RESULT
WSSEC:WS:XNAS:FANG,WS:XNAS:FANG,US1,US_SP500,PRIMARY_UNIVERSE_INDEX_AVAILABLE_NO_FROZEN_RS_BINDING,RS_NOT_VERIFIED_CURRENT_FROZEN_1425,SECTOR_RS_NOT_VERIFIED,LEAVE_ONE_OUT_PRIMARY_UNIVERSE_COHORT_MEDIAN_v0.20_NOT_CURRENT_RESULT
WSSEC:WS:XNAS:FAST,WS:XNAS:FAST,US1,US_SP500,PRIMARY_UNIVERSE_INDEX_AVAILABLE_NO_FROZEN_RS_BINDING,RS_NOT_VERIFIED_CURRENT_FROZEN_1425,SECTOR_RS_NOT_VERIFIED,LEAVE_ONE_OUT_PRIMARY_UNIVERSE_COHORT_MEDIAN_v0.20_NOT_CURRENT_RESULT
WSSEC:WS:XNAS:FCFS,WS:XNAS:FCFS,US2,US_SP400,PRIMARY_UNIVERSE_INDEX_AVAILABLE_NO_FROZEN_RS_BINDING,RS_NOT_VERIFIED_CURRENT_FROZEN_1425,SECTOR_RS_NOT_VERIFIED,LEAVE_ONE_OUT_PRIMARY_UNIVERSE_COHORT_MEDIAN_v0.20_NOT_CURRENT_RESULT
WSSEC:WS:XNAS:FFIN,WS:XNAS:FFIN,US2,US_SP400,PRIMARY_UNIVERSE_INDEX_AVAILABLE_NO_FROZEN_RS_BINDING,RS_NOT_VERIFIED_CURRENT_FROZEN_1425,SECTOR_RS_NOT_VERIFIED,LEAVE_ONE_OUT_PRIMARY_UNIVERSE_COHORT_MEDIAN_v0.20_NOT_CURRENT_RESULT
WSSEC:WS:XNAS:FFIV,WS:XNAS:FFIV,US1,US_SP500,PRIMARY_UNIVERSE_INDEX_AVAILABLE_NO_FROZEN_RS_BINDING,RS_NOT_VERIFIED_CURRENT_FROZEN_1425,SECTOR_RS_NOT_VERIFIED,LEAVE_ONE_OUT_PRIMARY_UNIVERSE_COHORT_MEDIAN_v0.20_NOT_CURRENT_RESULT
WSSEC:WS:XNAS:FISV,WS:XNAS:FISV,US1,US_SP500,PRIMARY_UNIVERSE_INDEX_AVAILABLE_NO_FROZEN_RS_BINDING,RS_NOT_VERIFIED_CURRENT_FROZEN_1425,SECTOR_RS_NOT_VERIFIED,LEAVE_ONE_OUT_PRIMARY_UNIVERSE_COHORT_MEDIAN_v0.20_NOT_CURRENT_RESULT
WSSEC:WS:XNAS:FIVE,WS:XNAS:FIVE,US2,US_SP400,PRIMARY_UNIVERSE_INDEX_AVAILABLE_NO_FROZEN_RS_BINDING,RS_NOT_VERIFIED_CURRENT_FROZEN_1425,SECTOR_RS_NOT_VERIFIED,LEAVE_ONE_OUT_PRIMARY_UNIVERSE_COHORT_MEDIAN_v0.20_NOT_CURRENT_RESULT
WSSEC:WS:XNAS:FSLR,WS:XNAS:FSLR,US1,US_SP500,PRIMARY_UNIVERSE_INDEX_AVAILABLE_NO_FROZEN_RS_BINDING,RS_NOT_VERIFIED_CURRENT_FROZEN_1425,SECTOR_RS_NOT_VERIFIED,LEAVE_ONE_OUT_PRIMARY_UNIVERSE_COHORT_MEDIAN_v0.20_NOT_CURRENT_RESULT
WSSEC:WS:XNAS:FTNT,WS:XNAS:FTNT,US1,US_SP500,PRIMARY_UNIVERSE_INDEX_AVAILABLE_NO_FROZEN_RS_BINDING,RS_NOT_VERIFIED_CURRENT_FROZEN_1425,SECTOR_RS_NOT_VERIFIED,LEAVE_ONE_OUT_PRIMARY_UNIVERSE_COHORT_MEDIAN_v0.20_NOT_CURRENT_RESULT
WSSEC:WS:XNAS:GEHC,WS:XNAS:GEHC,US1,US_SP500,PRIMARY_UNIVERSE_INDEX_AVAILABLE_NO_FROZEN_RS_BINDING,RS_NOT_VERIFIED_CURRENT_FROZEN_1425,SECTOR_RS_NOT_VERIFIED,LEAVE_ONE_OUT_PRIMARY_UNIVERSE_COHORT_MEDIAN_v0.20_NOT_CURRENT_RESULT
WSSEC:WS:XNAS:GILD,WS:XNAS:GILD,US1,US_SP500,PRIMARY_UNIVERSE_INDEX_AVAILABLE_NO_FROZEN_RS_BINDING,RS_NOT_VERIFIED_CURRENT_FROZEN_1425,SECTOR_RS_NOT_VERIFIED,LEAVE_ONE_OUT_PRIMARY_UNIVERSE_COHORT_MEDIAN_v0.20_NOT_CURRENT_RESULT
WSSEC:WS:XNAS:GNTX,WS:XNAS:GNTX,US2,US_SP400,PRIMARY_UNIVERSE_INDEX_AVAILABLE_NO_FROZEN_RS_BINDING,RS_NOT_VERIFIED_CURRENT_FROZEN_1425,SECTOR_RS_NOT_VERIFIED,LEAVE_ONE_OUT_PRIMARY_UNIVERSE_COHORT_MEDIAN_v0.20_NOT_CURRENT_RESULT
WSSEC:WS:XNAS:HALO,WS:XNAS:HALO,US2,US_SP400,PRIMARY_UNIVERSE_INDEX_AVAILABLE_NO_FROZEN_RS_BINDING,RS_NOT_VERIFIED_CURRENT_FROZEN_1425,SECTOR_RS_NOT_VERIFIED,LEAVE_ONE_OUT_PRIMARY_UNIVERSE_COHORT_MEDIAN_v0.20_NOT_CURRENT_RESULT
WSSEC:WS:XNAS:HAS,WS:XNAS:HAS,US1,US_SP500,PRIMARY_UNIVERSE_INDEX_AVAILABLE_NO_FROZEN_RS_BINDING,RS_NOT_VERIFIED_CURRENT_FROZEN_1425,SECTOR_RS_NOT_VERIFIED,LEAVE_ONE_OUT_PRIMARY_UNIVERSE_COHORT_MEDIAN_v0.20_NOT_CURRENT_RESULT
WSSEC:WS:XNAS:HLNE,WS:XNAS:HLNE,US2,US_SP400,PRIMARY_UNIVERSE_INDEX_AVAILABLE_NO_FROZEN_RS_BINDING,RS_NOT_VERIFIED_CURRENT_FROZEN_1425,SECTOR_RS_NOT_VERIFIED,LEAVE_ONE_OUT_PRIMARY_UNIVERSE_COHORT_MEDIAN_v0.20_NOT_CURRENT_RESULT
WSSEC:WS:XNAS:HOOD,WS:XNAS:HOOD,US1,US_SP500,PRIMARY_UNIVERSE_INDEX_AVAILABLE_NO_FROZEN_RS_BINDING,RS_NOT_VERIFIED_CURRENT_FROZEN_1425,SECTOR_RS_NOT_VERIFIED,LEAVE_ONE_OUT_PRIMARY_UNIVERSE_COHORT_MEDIAN_v0.20_NOT_CURRENT_RESULT
WSSEC:WS:XNAS:HQY,WS:XNAS:HQY,US2,US_SP400,PRIMARY_UNIVERSE_INDEX_AVAILABLE_NO_FROZEN_RS_BINDING,RS_NOT_VERIFIED_CURRENT_FROZEN_1425,SECTOR_RS_NOT_VERIFIED,LEAVE_ONE_OUT_PRIMARY_UNIVERSE_COHORT_MEDIAN_v0.20_NOT_CURRENT_RESULT
WSSEC:WS:XNAS:HSIC,WS:XNAS:HSIC,US1,US_SP500,PRIMARY_UNIVERSE_INDEX_AVAILABLE_NO_FROZEN_RS_BINDING,RS_NOT_VERIFIED_CURRENT_FROZEN_1425,SECTOR_RS_NOT_VERIFIED,LEAVE_ONE_OUT_PRIMARY_UNIVERSE_COHORT_MEDIAN_v0.20_NOT_CURRENT_RESULT
WSSEC:WS:XNAS:HWC,WS:XNAS:HWC,US2,US_SP400,PRIMARY_UNIVERSE_INDEX_AVAILABLE_NO_FROZEN_RS_BINDING,RS_NOT_VERIFIED_CURRENT_FROZEN_1425,SECTOR_RS_NOT_VERIFIED,LEAVE_ONE_OUT_PRIMARY_UNIVERSE_COHORT_MEDIAN_v0.20_NOT_CURRENT_RESULT
WSSEC:WS:XNAS:IBKR,WS:XNAS:IBKR,US1,US_SP500,PRIMARY_UNIVERSE_INDEX_AVAILABLE_NO_FROZEN_RS_BINDING,RS_NOT_VERIFIED_CURRENT_FROZEN_1425,SECTOR_RS_NOT_VERIFIED,LEAVE_ONE_OUT_PRIMARY_UNIVERSE_COHORT_MEDIAN_v0.20_NOT_CURRENT_RESULT
WSSEC:WS:XNAS:IBOC,WS:XNAS:IBOC,US2,US_SP400,PRIMARY_UNIVERSE_INDEX_AVAILABLE_NO_FROZEN_RS_BINDING,RS_NOT_VERIFIED_CURRENT_FROZEN_1425,SECTOR_RS_NOT_VERIFIED,LEAVE_ONE_OUT_PRIMARY_UNIVERSE_COHORT_MEDIAN_v0.20_NOT_CURRENT_RESULT
WSSEC:WS:XNAS:IDCC,WS:XNAS:IDCC,US2,US_SP400,PRIMARY_UNIVERSE_INDEX_AVAILABLE_NO_FROZEN_RS_BINDING,RS_NOT_VERIFIED_CURRENT_FROZEN_1425,SECTOR_RS_NOT_VERIFIED,LEAVE_ONE_OUT_PRIMARY_UNIVERSE_COHORT_MEDIAN_v0.20_NOT_CURRENT_RESULT
WSSEC:WS:XNAS:IDXX,WS:XNAS:IDXX,US1,US_SP500,PRIMARY_UNIVERSE_INDEX_AVAILABLE_NO_FROZEN_RS_BINDING,RS_NOT_VERIFIED_CURRENT_FROZEN_1425,SECTOR_RS_NOT_VERIFIED,LEAVE_ONE_OUT_PRIMARY_UNIVERSE_COHORT_MEDIAN_v0.20_NOT_CURRENT_RESULT
WSSEC:WS:XNAS:IESC,WS:XNAS:IESC,US2,US_SP400,PRIMARY_UNIVERSE_INDEX_AVAILABLE_NO_FROZEN_RS_BINDING,RS_NOT_VERIFIED_CURRENT_FROZEN_1425,SECTOR_RS_NOT_VERIFIED,LEAVE_ONE_OUT_PRIMARY_UNIVERSE_COHORT_MEDIAN_v0.20_NOT_CURRENT_RESULT
WSSEC:WS:XNAS:ILMN,WS:XNAS:ILMN,US2,US_SP400,PRIMARY_UNIVERSE_INDEX_AVAILABLE_NO_FROZEN_RS_BINDING,RS_NOT_VERIFIED_CURRENT_FROZEN_1425,SECTOR_RS_NOT_VERIFIED,LEAVE_ONE_OUT_PRIMARY_UNIVERSE_COHORT_MEDIAN_v0.20_NOT_CURRENT_RESULT
WSSEC:WS:XNAS:INCY,WS:XNAS:INCY,US1,US_SP500,PRIMARY_UNIVERSE_INDEX_AVAILABLE_NO_FROZEN_RS_BINDING,RS_NOT_VERIFIED_CURRENT_FROZEN_1425,SECTOR_RS_NOT_VERIFIED,LEAVE_ONE_OUT_PRIMARY_UNIVERSE_COHORT_MEDIAN_v0.20_NOT_CURRENT_RESULT
WSSEC:WS:XNAS:INTC,WS:XNAS:INTC,US1,US_SP500,PRIMARY_UNIVERSE_INDEX_AVAILABLE_NO_FROZEN_RS_BINDING,RS_NOT_VERIFIED_CURRENT_FROZEN_1425,SECTOR_RS_NOT_VERIFIED,LEAVE_ONE_OUT_PRIMARY_UNIVERSE_COHORT_MEDIAN_v0.20_NOT_CURRENT_RESULT
WSSEC:WS:XNAS:INTU,WS:XNAS:INTU,US1,US_SP500,PRIMARY_UNIVERSE_INDEX_AVAILABLE_NO_FROZEN_RS_BINDING,RS_NOT_VERIFIED_CURRENT_FROZEN_1425,SECTOR_RS_NOT_VERIFIED,LEAVE_ONE_OUT_PRIMARY_UNIVERSE_COHORT_MEDIAN_v0.20_NOT_CURRENT_RESULT
WSSEC:WS:XNAS:IPGP,WS:XNAS:IPGP,US2,US_SP400,PRIMARY_UNIVERSE_INDEX_AVAILABLE_NO_FROZEN_RS_BINDING,RS_NOT_VERIFIED_CURRENT_FROZEN_1425,SECTOR_RS_NOT_VERIFIED,LEAVE_ONE_OUT_PRIMARY_UNIVERSE_COHORT_MEDIAN_v0.20_NOT_CURRENT_RESULT
WSSEC:WS:XNAS:ISRG,WS:XNAS:ISRG,US1,US_SP500,PRIMARY_UNIVERSE_INDEX_AVAILABLE_NO_FROZEN_RS_BINDING,RS_NOT_VERIFIED_CURRENT_FROZEN_1425,SECTOR_RS_NOT_VERIFIED,LEAVE_ONE_OUT_PRIMARY_UNIVERSE_COHORT_MEDIAN_v0.20_NOT_CURRENT_RESULT
WSSEC:WS:XNAS:JAZZ,WS:XNAS:JAZZ,US2,US_SP400,PRIMARY_UNIVERSE_INDEX_AVAILABLE_NO_FROZEN_RS_BINDING,RS_NOT_VERIFIED_CURRENT_FROZEN_1425,SECTOR_RS_NOT_VERIFIED,LEAVE_ONE_OUT_PRIMARY_UNIVERSE_COHORT_MEDIAN_v0.20_NOT_CURRENT_RESULT
WSSEC:WS:XNAS:JBHT,WS:XNAS:JBHT,US1,US_SP500,PRIMARY_UNIVERSE_INDEX_AVAILABLE_NO_FROZEN_RS_BINDING,RS_NOT_VERIFIED_CURRENT_FROZEN_1425,SECTOR_RS_NOT_VERIFIED,LEAVE_ONE_OUT_PRIMARY_UNIVERSE_COHORT_MEDIAN_v0.20_NOT_CURRENT_RESULT
WSSEC:WS:XNAS:JKHY,WS:XNAS:JKHY,US1,US_SP500,PRIMARY_UNIVERSE_INDEX_AVAILABLE_NO_FROZEN_RS_BINDING,RS_NOT_VERIFIED_CURRENT_FROZEN_1425,SECTOR_RS_NOT_VERIFIED,LEAVE_ONE_OUT_PRIMARY_UNIVERSE_COHORT_MEDIAN_v0.20_NOT_CURRENT_RESULT
WSSEC:WS:XNAS:KHC,WS:XNAS:KHC,US1,US_SP500,PRIMARY_UNIVERSE_INDEX_AVAILABLE_NO_FROZEN_RS_BINDING,RS_NOT_VERIFIED_CURRENT_FROZEN_1425,SECTOR_RS_NOT_VERIFIED,LEAVE_ONE_OUT_PRIMARY_UNIVERSE_COHORT_MEDIAN_v0.20_NOT_CURRENT_RESULT
WSSEC:WS:XNAS:KLAC,WS:XNAS:KLAC,US1,US_SP500,PRIMARY_UNIVERSE_INDEX_AVAILABLE_NO_FROZEN_RS_BINDING,RS_NOT_VERIFIED_CURRENT_FROZEN_1425,SECTOR_RS_NOT_VERIFIED,LEAVE_ONE_OUT_PRIMARY_UNIVERSE_COHORT_MEDIAN_v0.20_NOT_CURRENT_RESULT
WSSEC:WS:XNAS:KRYS,WS:XNAS:KRYS,US2,US_SP400,PRIMARY_UNIVERSE_INDEX_AVAILABLE_NO_FROZEN_RS_BINDING,RS_NOT_VERIFIED_CURRENT_FROZEN_1425,SECTOR_RS_NOT_VERIFIED,LEAVE_ONE_OUT_PRIMARY_UNIVERSE_COHORT_MEDIAN_v0.20_NOT_CURRENT_RESULT
WSSEC:WS:XNAS:KTOS,WS:XNAS:KTOS,US2,US_SP400,PRIMARY_UNIVERSE_INDEX_AVAILABLE_NO_FROZEN_RS_BINDING,RS_NOT_VERIFIED_CURRENT_FROZEN_1425,SECTOR_RS_NOT_VERIFIED,LEAVE_ONE_OUT_PRIMARY_UNIVERSE_COHORT_MEDIAN_v0.20_NOT_CURRENT_RESULT
WSSEC:WS:XNAS:LECO,WS:XNAS:LECO,US2,US_SP400,PRIMARY_UNIVERSE_INDEX_AVAILABLE_NO_FROZEN_RS_BINDING,RS_NOT_VERIFIED_CURRENT_FROZEN_1425,SECTOR_RS_NOT_VERIFIED,LEAVE_ONE_OUT_PRIMARY_UNIVERSE_COHORT_MEDIAN_v0.20_NOT_CURRENT_RESULT
WSSEC:WS:XNAS:LFUS,WS:XNAS:LFUS,US2,US_SP400,PRIMARY_UNIVERSE_INDEX_AVAILABLE_NO_FROZEN_RS_BINDING,RS_NOT_VERIFIED_CURRENT_FROZEN_1425,SECTOR_RS_NOT_VERIFIED,LEAVE_ONE_OUT_PRIMARY_UNIVERSE_COHORT_MEDIAN_v0.20_NOT_CURRENT_RESULT
WSSEC:WS:XNAS:LITE,WS:XNAS:LITE,US1,US_SP500,PRIMARY_UNIVERSE_INDEX_AVAILABLE_NO_FROZEN_RS_BINDING,RS_NOT_VERIFIED_CURRENT_FROZEN_1425,SECTOR_RS_NOT_VERIFIED,LEAVE_ONE_OUT_PRIMARY_UNIVERSE_COHORT_MEDIAN_v0.20_NOT_CURRENT_RESULT
WSSEC:WS:XNAS:LIVN,WS:XNAS:LIVN,US2,US_SP400,PRIMARY_UNIVERSE_INDEX_AVAILABLE_NO_FROZEN_RS_BINDING,RS_NOT_VERIFIED_CURRENT_FROZEN_1425,SECTOR_RS_NOT_VERIFIED,LEAVE_ONE_OUT_PRIMARY_UNIVERSE_COHORT_MEDIAN_v0.20_NOT_CURRENT_RESULT
WSSEC:WS:XNAS:LNT,WS:XNAS:LNT,US1,US_SP500,PRIMARY_UNIVERSE_INDEX_AVAILABLE_NO_FROZEN_RS_BINDING,RS_NOT_VERIFIED_CURRENT_FROZEN_1425,SECTOR_RS_NOT_VERIFIED,LEAVE_ONE_OUT_PRIMARY_UNIVERSE_COHORT_MEDIAN_v0.20_NOT_CURRENT_RESULT
WSSEC:WS:XNAS:LNTH,WS:XNAS:LNTH,US2,US_SP400,PRIMARY_UNIVERSE_INDEX_AVAILABLE_NO_FROZEN_RS_BINDING,RS_NOT_VERIFIED_CURRENT_FROZEN_1425,SECTOR_RS_NOT_VERIFIED,LEAVE_ONE_OUT_PRIMARY_UNIVERSE_COHORT_MEDIAN_v0.20_NOT_CURRENT_RESULT
WSSEC:WS:XNAS:LOPE,WS:XNAS:LOPE,US2,US_SP400,PRIMARY_UNIVERSE_INDEX_AVAILABLE_NO_FROZEN_RS_BINDING,RS_NOT_VERIFIED_CURRENT_FROZEN_1425,SECTOR_RS_NOT_VERIFIED,LEAVE_ONE_OUT_PRIMARY_UNIVERSE_COHORT_MEDIAN_v0.20_NOT_CURRENT_RESULT
WSSEC:WS:XNAS:LSCC,WS:XNAS:LSCC,US2,US_SP400,PRIMARY_UNIVERSE_INDEX_AVAILABLE_NO_FROZEN_RS_BINDING,RS_NOT_VERIFIED_CURRENT_FROZEN_1425,SECTOR_RS_NOT_VERIFIED,LEAVE_ONE_OUT_PRIMARY_UNIVERSE_COHORT_MEDIAN_v0.20_NOT_CURRENT_RESULT
WSSEC:WS:XNAS:LSTR,WS:XNAS:LSTR,US2,US_SP400,PRIMARY_UNIVERSE_INDEX_AVAILABLE_NO_FROZEN_RS_BINDING,RS_NOT_VERIFIED_CURRENT_FROZEN_1425,SECTOR_RS_NOT_VERIFIED,LEAVE_ONE_OUT_PRIMARY_UNIVERSE_COHORT_MEDIAN_v0.20_NOT_CURRENT_RESULT
WSSEC:WS:XNAS:LULU,WS:XNAS:LULU,US1,US_SP500,PRIMARY_UNIVERSE_INDEX_AVAILABLE_NO_FROZEN_RS_BINDING,RS_NOT_VERIFIED_CURRENT_FROZEN_1425,SECTOR_RS_NOT_VERIFIED,LEAVE_ONE_OUT_PRIMARY_UNIVERSE_COHORT_MEDIAN_v0.20_NOT_CURRENT_RESULT
WSSEC:WS:XNAS:MANH,WS:XNAS:MANH,US2,US_SP400,PRIMARY_UNIVERSE_INDEX_AVAILABLE_NO_FROZEN_RS_BINDING,RS_NOT_VERIFIED_CURRENT_FROZEN_1425,SECTOR_RS_NOT_VERIFIED,LEAVE_ONE_OUT_PRIMARY_UNIVERSE_COHORT_MEDIAN_v0.20_NOT_CURRENT_RESULT
WSSEC:WS:XNAS:MAR,WS:XNAS:MAR,US1,US_SP500,PRIMARY_UNIVERSE_INDEX_AVAILABLE_NO_FROZEN_RS_BINDING,RS_NOT_VERIFIED_CURRENT_FROZEN_1425,SECTOR_RS_NOT_VERIFIED,LEAVE_ONE_OUT_PRIMARY_UNIVERSE_COHORT_MEDIAN_v0.20_NOT_CURRENT_RESULT
WSSEC:WS:XNAS:MAT,WS:XNAS:MAT,US2,US_SP400,PRIMARY_UNIVERSE_INDEX_AVAILABLE_NO_FROZEN_RS_BINDING,RS_NOT_VERIFIED_CURRENT_FROZEN_1425,SECTOR_RS_NOT_VERIFIED,LEAVE_ONE_OUT_PRIMARY_UNIVERSE_COHORT_MEDIAN_v0.20_NOT_CURRENT_RESULT
WSSEC:WS:XNAS:MCHP,WS:XNAS:MCHP,US1,US_SP500,PRIMARY_UNIVERSE_INDEX_AVAILABLE_NO_FROZEN_RS_BINDING,RS_NOT_VERIFIED_CURRENT_FROZEN_1425,SECTOR_RS_NOT_VERIFIED,LEAVE_ONE_OUT_PRIMARY_UNIVERSE_COHORT_MEDIAN_v0.20_NOT_CURRENT_RESULT
WSSEC:WS:XNAS:MDLZ,WS:XNAS:MDLZ,US1,US_SP500,PRIMARY_UNIVERSE_INDEX_AVAILABLE_NO_FROZEN_RS_BINDING,RS_NOT_VERIFIED_CURRENT_FROZEN_1425,SECTOR_RS_NOT_VERIFIED,LEAVE_ONE_OUT_PRIMARY_UNIVERSE_COHORT_MEDIAN_v0.20_NOT_CURRENT_RESULT
WSSEC:WS:XNAS:MEDP,WS:XNAS:MEDP,US2,US_SP400,PRIMARY_UNIVERSE_INDEX_AVAILABLE_NO_FROZEN_RS_BINDING,RS_NOT_VERIFIED_CURRENT_FROZEN_1425,SECTOR_RS_NOT_VERIFIED,LEAVE_ONE_OUT_PRIMARY_UNIVERSE_COHORT_MEDIAN_v0.20_NOT_CURRENT_RESULT
WSSEC:WS:XNAS:META,WS:XNAS:META,US1,US_SP500,PRIMARY_UNIVERSE_INDEX_AVAILABLE_NO_FROZEN_RS_BINDING,RS_NOT_VERIFIED_CURRENT_FROZEN_1425,SECTOR_RS_NOT_VERIFIED,LEAVE_ONE_OUT_PRIMARY_UNIVERSE_COHORT_MEDIAN_v0.20_NOT_CURRENT_RESULT
WSSEC:WS:XNAS:MIDD,WS:XNAS:MIDD,US2,US_SP400,PRIMARY_UNIVERSE_INDEX_AVAILABLE_NO_FROZEN_RS_BINDING,RS_NOT_VERIFIED_CURRENT_FROZEN_1425,SECTOR_RS_NOT_VERIFIED,LEAVE_ONE_OUT_PRIMARY_UNIVERSE_COHORT_MEDIAN_v0.20_NOT_CURRENT_RESULT
WSSEC:WS:XNAS:MKSI,WS:XNAS:MKSI,US2,US_SP400,PRIMARY_UNIVERSE_INDEX_AVAILABLE_NO_FROZEN_RS_BINDING,RS_NOT_VERIFIED_CURRENT_FROZEN_1425,SECTOR_RS_NOT_VERIFIED,LEAVE_ONE_OUT_PRIMARY_UNIVERSE_COHORT_MEDIAN_v0.20_NOT_CURRENT_RESULT
WSSEC:WS:XNAS:MORN,WS:XNAS:MORN,US2,US_SP400,PRIMARY_UNIVERSE_INDEX_AVAILABLE_NO_FROZEN_RS_BINDING,RS_NOT_VERIFIED_CURRENT_FROZEN_1425,SECTOR_RS_NOT_VERIFIED,LEAVE_ONE_OUT_PRIMARY_UNIVERSE_COHORT_MEDIAN_v0.20_NOT_CURRENT_RESULT
WSSEC:WS:XNAS:MPWR,WS:XNAS:MPWR,US1,US_SP500,PRIMARY_UNIVERSE_INDEX_AVAILABLE_NO_FROZEN_RS_BINDING,RS_NOT_VERIFIED_CURRENT_FROZEN_1425,SECTOR_RS_NOT_VERIFIED,LEAVE_ONE_OUT_PRIMARY_UNIVERSE_COHORT_MEDIAN_v0.20_NOT_CURRENT_RESULT
WSSEC:WS:XNAS:MRNA,WS:XNAS:MRNA,US1,US_SP500,PRIMARY_UNIVERSE_INDEX_AVAILABLE_NO_FROZEN_RS_BINDING,RS_NOT_VERIFIED_CURRENT_FROZEN_1425,SECTOR_RS_NOT_VERIFIED,LEAVE_ONE_OUT_PRIMARY_UNIVERSE_COHORT_MEDIAN_v0.20_NOT_CURRENT_RESULT
WSSEC:WS:XNAS:MRVL,WS:XNAS:MRVL,US1,US_SP500,PRIMARY_UNIVERSE_INDEX_AVAILABLE_NO_FROZEN_RS_BINDING,RS_NOT_VERIFIED_CURRENT_FROZEN_1425,SECTOR_RS_NOT_VERIFIED,LEAVE_ONE_OUT_PRIMARY_UNIVERSE_COHORT_MEDIAN_v0.20_NOT_CURRENT_RESULT
WSSEC:WS:XNAS:MSFT,WS:XNAS:MSFT,US1,US_SP500,PRIMARY_UNIVERSE_INDEX_AVAILABLE_NO_FROZEN_RS_BINDING,RS_NOT_VERIFIED_CURRENT_FROZEN_1425,SECTOR_RS_NOT_VERIFIED,LEAVE_ONE_OUT_PRIMARY_UNIVERSE_COHORT_MEDIAN_v0.20_NOT_CURRENT_RESULT
WSSEC:WS:XNAS:MTSI,WS:XNAS:MTSI,US2,US_SP400,PRIMARY_UNIVERSE_INDEX_AVAILABLE_NO_FROZEN_RS_BINDING,RS_NOT_VERIFIED_CURRENT_FROZEN_1425,SECTOR_RS_NOT_VERIFIED,LEAVE_ONE_OUT_PRIMARY_UNIVERSE_COHORT_MEDIAN_v0.20_NOT_CURRENT_RESULT
WSSEC:WS:XNAS:MU,WS:XNAS:MU,US1,US_SP500,PRIMARY_UNIVERSE_INDEX_AVAILABLE_NO_FROZEN_RS_BINDING,RS_NOT_VERIFIED_CURRENT_FROZEN_1425,SECTOR_RS_NOT_VERIFIED,LEAVE_ONE_OUT_PRIMARY_UNIVERSE_COHORT_MEDIAN_v0.20_NOT_CURRENT_RESULT
WSSEC:WS:XNAS:MZTI,WS:XNAS:MZTI,US2,US_SP400,PRIMARY_UNIVERSE_INDEX_AVAILABLE_NO_FROZEN_RS_BINDING,RS_NOT_VERIFIED_CURRENT_FROZEN_1425,SECTOR_RS_NOT_VERIFIED,LEAVE_ONE_OUT_PRIMARY_UNIVERSE_COHORT_MEDIAN_v0.20_NOT_CURRENT_RESULT
WSSEC:WS:XNAS:NBIX,WS:XNAS:NBIX,US2,US_SP400,PRIMARY_UNIVERSE_INDEX_AVAILABLE_NO_FROZEN_RS_BINDING,RS_NOT_VERIFIED_CURRENT_FROZEN_1425,SECTOR_RS_NOT_VERIFIED,LEAVE_ONE_OUT_PRIMARY_UNIVERSE_COHORT_MEDIAN_v0.20_NOT_CURRENT_RESULT
WSSEC:WS:XNAS:NDAQ,WS:XNAS:NDAQ,US1,US_SP500,PRIMARY_UNIVERSE_INDEX_AVAILABLE_NO_FROZEN_RS_BINDING,RS_NOT_VERIFIED_CURRENT_FROZEN_1425,SECTOR_RS_NOT_VERIFIED,LEAVE_ONE_OUT_PRIMARY_UNIVERSE_COHORT_MEDIAN_v0.20_NOT_CURRENT_RESULT
WSSEC:WS:XNAS:NDSN,WS:XNAS:NDSN,US1,US_SP500,PRIMARY_UNIVERSE_INDEX_AVAILABLE_NO_FROZEN_RS_BINDING,RS_NOT_VERIFIED_CURRENT_FROZEN_1425,SECTOR_RS_NOT_VERIFIED,LEAVE_ONE_OUT_PRIMARY_UNIVERSE_COHORT_MEDIAN_v0.20_NOT_CURRENT_RESULT
WSSEC:WS:XNAS:NFLX,WS:XNAS:NFLX,US1,US_SP500,PRIMARY_UNIVERSE_INDEX_AVAILABLE_NO_FROZEN_RS_BINDING,RS_NOT_VERIFIED_CURRENT_FROZEN_1425,SECTOR_RS_NOT_VERIFIED,LEAVE_ONE_OUT_PRIMARY_UNIVERSE_COHORT_MEDIAN_v0.20_NOT_CURRENT_RESULT
WSSEC:WS:XNAS:NOVT,WS:XNAS:NOVT,US2,US_SP400,PRIMARY_UNIVERSE_INDEX_AVAILABLE_NO_FROZEN_RS_BINDING,RS_NOT_VERIFIED_CURRENT_FROZEN_1425,SECTOR_RS_NOT_VERIFIED,LEAVE_ONE_OUT_PRIMARY_UNIVERSE_COHORT_MEDIAN_v0.20_NOT_CURRENT_RESULT
WSSEC:WS:XNAS:NTNX,WS:XNAS:NTNX,US2,US_SP400,PRIMARY_UNIVERSE_INDEX_AVAILABLE_NO_FROZEN_RS_BINDING,RS_NOT_VERIFIED_CURRENT_FROZEN_1425,SECTOR_RS_NOT_VERIFIED,LEAVE_ONE_OUT_PRIMARY_UNIVERSE_COHORT_MEDIAN_v0.20_NOT_CURRENT_RESULT
WSSEC:WS:XNAS:NTRS,WS:XNAS:NTRS,US1,US_SP500,PRIMARY_UNIVERSE_INDEX_AVAILABLE_NO_FROZEN_RS_BINDING,RS_NOT_VERIFIED_CURRENT_FROZEN_1425,SECTOR_RS_NOT_VERIFIED,LEAVE_ONE_OUT_PRIMARY_UNIVERSE_COHORT_MEDIAN_v0.20_NOT_CURRENT_RESULT
WSSEC:WS:XNAS:NVDA,WS:XNAS:NVDA,US1,US_SP500,PRIMARY_UNIVERSE_INDEX_AVAILABLE_NO_FROZEN_RS_BINDING,RS_NOT_VERIFIED_CURRENT_FROZEN_1425,SECTOR_RS_NOT_VERIFIED,LEAVE_ONE_OUT_PRIMARY_UNIVERSE_COHORT_MEDIAN_v0.20_NOT_CURRENT_RESULT
WSSEC:WS:XNAS:NWE,WS:XNAS:NWE,US2,US_SP400,PRIMARY_UNIVERSE_INDEX_AVAILABLE_NO_FROZEN_RS_BINDING,RS_NOT_VERIFIED_CURRENT_FROZEN_1425,SECTOR_RS_NOT_VERIFIED,LEAVE_ONE_OUT_PRIMARY_UNIVERSE_COHORT_MEDIAN_v0.20_NOT_CURRENT_RESULT
WSSEC:WS:XNAS:NXST,WS:XNAS:NXST,US2,US_SP400,PRIMARY_UNIVERSE_INDEX_AVAILABLE_NO_FROZEN_RS_BINDING,RS_NOT_VERIFIED_CURRENT_FROZEN_1425,SECTOR_RS_NOT_VERIFIED,LEAVE_ONE_OUT_PRIMARY_UNIVERSE_COHORT_MEDIAN_v0.20_NOT_CURRENT_RESULT
WSSEC:WS:XNAS:NXT,WS:XNAS:NXT,US2,US_SP400,PRIMARY_UNIVERSE_INDEX_AVAILABLE_NO_FROZEN_RS_BINDING,RS_NOT_VERIFIED_CURRENT_FROZEN_1425,SECTOR_RS_NOT_VERIFIED,LEAVE_ONE_OUT_PRIMARY_UNIVERSE_COHORT_MEDIAN_v0.20_NOT_CURRENT_RESULT
WSSEC:WS:XNAS:ODFL,WS:XNAS:ODFL,US1,US_SP500,PRIMARY_UNIVERSE_INDEX_AVAILABLE_NO_FROZEN_RS_BINDING,RS_NOT_VERIFIED_CURRENT_FROZEN_1425,SECTOR_RS_NOT_VERIFIED,LEAVE_ONE_OUT_PRIMARY_UNIVERSE_COHORT_MEDIAN_v0.20_NOT_CURRENT_RESULT
WSSEC:WS:XNAS:OKTA,WS:XNAS:OKTA,US2,US_SP400,PRIMARY_UNIVERSE_INDEX_AVAILABLE_NO_FROZEN_RS_BINDING,RS_NOT_VERIFIED_CURRENT_FROZEN_1425,SECTOR_RS_NOT_VERIFIED,LEAVE_ONE_OUT_PRIMARY_UNIVERSE_COHORT_MEDIAN_v0.20_NOT_CURRENT_RESULT
WSSEC:WS:XNAS:OLED,WS:XNAS:OLED,US2,US_SP400,PRIMARY_UNIVERSE_INDEX_AVAILABLE_NO_FROZEN_RS_BINDING,RS_NOT_VERIFIED_CURRENT_FROZEN_1425,SECTOR_RS_NOT_VERIFIED,LEAVE_ONE_OUT_PRIMARY_UNIVERSE_COHORT_MEDIAN_v0.20_NOT_CURRENT_RESULT
WSSEC:WS:XNAS:OLLI,WS:XNAS:OLLI,US2,US_SP400,PRIMARY_UNIVERSE_INDEX_AVAILABLE_NO_FROZEN_RS_BINDING,RS_NOT_VERIFIED_CURRENT_FROZEN_1425,SECTOR_RS_NOT_VERIFIED,LEAVE_ONE_OUT_PRIMARY_UNIVERSE_COHORT_MEDIAN_v0.20_NOT_CURRENT_RESULT
WSSEC:WS:XNAS:ON,WS:XNAS:ON,US1,US_SP500,PRIMARY_UNIVERSE_INDEX_AVAILABLE_NO_FROZEN_RS_BINDING,RS_NOT_VERIFIED_CURRENT_FROZEN_1425,SECTOR_RS_NOT_VERIFIED,LEAVE_ONE_OUT_PRIMARY_UNIVERSE_COHORT_MEDIAN_v0.20_NOT_CURRENT_RESULT
WSSEC:WS:XNAS:ONB,WS:XNAS:ONB,US2,US_SP400,PRIMARY_UNIVERSE_INDEX_AVAILABLE_NO_FROZEN_RS_BINDING,RS_NOT_VERIFIED_CURRENT_FROZEN_1425,SECTOR_RS_NOT_VERIFIED,LEAVE_ONE_OUT_PRIMARY_UNIVERSE_COHORT_MEDIAN_v0.20_NOT_CURRENT_RESULT
WSSEC:WS:XNAS:OPCH,WS:XNAS:OPCH,US2,US_SP400,PRIMARY_UNIVERSE_INDEX_AVAILABLE_NO_FROZEN_RS_BINDING,RS_NOT_VERIFIED_CURRENT_FROZEN_1425,SECTOR_RS_NOT_VERIFIED,LEAVE_ONE_OUT_PRIMARY_UNIVERSE_COHORT_MEDIAN_v0.20_NOT_CURRENT_RESULT
WSSEC:WS:XNAS:ORLY,WS:XNAS:ORLY,US1,US_SP500,PRIMARY_UNIVERSE_INDEX_AVAILABLE_NO_FROZEN_RS_BINDING,RS_NOT_VERIFIED_CURRENT_FROZEN_1425,SECTOR_RS_NOT_VERIFIED,LEAVE_ONE_OUT_PRIMARY_UNIVERSE_COHORT_MEDIAN_v0.20_NOT_CURRENT_RESULT
WSSEC:WS:XNAS:OZK,WS:XNAS:OZK,US2,US_SP400,PRIMARY_UNIVERSE_INDEX_AVAILABLE_NO_FROZEN_RS_BINDING,RS_NOT_VERIFIED_CURRENT_FROZEN_1425,SECTOR_RS_NOT_VERIFIED,LEAVE_ONE_OUT_PRIMARY_UNIVERSE_COHORT_MEDIAN_v0.20_NOT_CURRENT_RESULT
WSSEC:WS:XNAS:PANW,WS:XNAS:PANW,US1,US_SP500,PRIMARY_UNIVERSE_INDEX_AVAILABLE_NO_FROZEN_RS_BINDING,RS_NOT_VERIFIED_CURRENT_FROZEN_1425,SECTOR_RS_NOT_VERIFIED,LEAVE_ONE_OUT_PRIMARY_UNIVERSE_COHORT_MEDIAN_v0.20_NOT_CURRENT_RESULT
WSSEC:WS:XNAS:PAYX,WS:XNAS:PAYX,US1,US_SP500,PRIMARY_UNIVERSE_INDEX_AVAILABLE_NO_FROZEN_RS_BINDING,RS_NOT_VERIFIED_CURRENT_FROZEN_1425,SECTOR_RS_NOT_VERIFIED,LEAVE_ONE_OUT_PRIMARY_UNIVERSE_COHORT_MEDIAN_v0.20_NOT_CURRENT_RESULT
WSSEC:WS:XNAS:PCAR,WS:XNAS:PCAR,US1,US_SP500,PRIMARY_UNIVERSE_INDEX_AVAILABLE_NO_FROZEN_RS_BINDING,RS_NOT_VERIFIED_CURRENT_FROZEN_1425,SECTOR_RS_NOT_VERIFIED,LEAVE_ONE_OUT_PRIMARY_UNIVERSE_COHORT_MEDIAN_v0.20_NOT_CURRENT_RESULT
WSSEC:WS:XNAS:PCTY,WS:XNAS:PCTY,US2,US_SP400,PRIMARY_UNIVERSE_INDEX_AVAILABLE_NO_FROZEN_RS_BINDING,RS_NOT_VERIFIED_CURRENT_FROZEN_1425,SECTOR_RS_NOT_VERIFIED,LEAVE_ONE_OUT_PRIMARY_UNIVERSE_COHORT_MEDIAN_v0.20_NOT_CURRENT_RESULT
WSSEC:WS:XNAS:PEGA,WS:XNAS:PEGA,US2,US_SP400,PRIMARY_UNIVERSE_INDEX_AVAILABLE_NO_FROZEN_RS_BINDING,RS_NOT_VERIFIED_CURRENT_FROZEN_1425,SECTOR_RS_NOT_VERIFIED,LEAVE_ONE_OUT_PRIMARY_UNIVERSE_COHORT_MEDIAN_v0.20_NOT_CURRENT_RESULT
WSSEC:WS:XNAS:PPC,WS:XNAS:PPC,US2,US_SP400,PRIMARY_UNIVERSE_INDEX_AVAILABLE_NO_FROZEN_RS_BINDING,RS_NOT_VERIFIED_CURRENT_FROZEN_1425,SECTOR_RS_NOT_VERIFIED,LEAVE_ONE_OUT_PRIMARY_UNIVERSE_COHORT_MEDIAN_v0.20_NOT_CURRENT_RESULT
WSSEC:WS:XNAS:PTC,WS:XNAS:PTC,US1,US_SP500,PRIMARY_UNIVERSE_INDEX_AVAILABLE_NO_FROZEN_RS_BINDING,RS_NOT_VERIFIED_CURRENT_FROZEN_1425,SECTOR_RS_NOT_VERIFIED,LEAVE_ONE_OUT_PRIMARY_UNIVERSE_COHORT_MEDIAN_v0.20_NOT_CURRENT_RESULT
WSSEC:WS:XNAS:PYPL,WS:XNAS:PYPL,US1,US_SP500,PRIMARY_UNIVERSE_INDEX_AVAILABLE_NO_FROZEN_RS_BINDING,RS_NOT_VERIFIED_CURRENT_FROZEN_1425,SECTOR_RS_NOT_VERIFIED,LEAVE_ONE_OUT_PRIMARY_UNIVERSE_COHORT_MEDIAN_v0.20_NOT_CURRENT_RESULT
WSSEC:WS:XNAS:QCOM,WS:XNAS:QCOM,US1,US_SP500,PRIMARY_UNIVERSE_INDEX_AVAILABLE_NO_FROZEN_RS_BINDING,RS_NOT_VERIFIED_CURRENT_FROZEN_1425,SECTOR_RS_NOT_VERIFIED,LEAVE_ONE_OUT_PRIMARY_UNIVERSE_COHORT_MEDIAN_v0.20_NOT_CURRENT_RESULT
WSSEC:WS:XNAS:QLYS,WS:XNAS:QLYS,US2,US_SP400,PRIMARY_UNIVERSE_INDEX_AVAILABLE_NO_FROZEN_RS_BINDING,RS_NOT_VERIFIED_CURRENT_FROZEN_1425,SECTOR_RS_NOT_VERIFIED,LEAVE_ONE_OUT_PRIMARY_UNIVERSE_COHORT_MEDIAN_v0.20_NOT_CURRENT_RESULT
WSSEC:WS:XNAS:REGN,WS:XNAS:REGN,US1,US_SP500,PRIMARY_UNIVERSE_INDEX_AVAILABLE_NO_FROZEN_RS_BINDING,RS_NOT_VERIFIED_CURRENT_FROZEN_1425,SECTOR_RS_NOT_VERIFIED,LEAVE_ONE_OUT_PRIMARY_UNIVERSE_COHORT_MEDIAN_v0.20_NOT_CURRENT_RESULT
WSSEC:WS:XNAS:RGEN,WS:XNAS:RGEN,US2,US_SP400,PRIMARY_UNIVERSE_INDEX_AVAILABLE_NO_FROZEN_RS_BINDING,RS_NOT_VERIFIED_CURRENT_FROZEN_1425,SECTOR_RS_NOT_VERIFIED,LEAVE_ONE_OUT_PRIMARY_UNIVERSE_COHORT_MEDIAN_v0.20_NOT_CURRENT_RESULT
WSSEC:WS:XNAS:RGLD,WS:XNAS:RGLD,US2,US_SP400,PRIMARY_UNIVERSE_INDEX_AVAILABLE_NO_FROZEN_RS_BINDING,RS_NOT_VERIFIED_CURRENT_FROZEN_1425,SECTOR_RS_NOT_VERIFIED,LEAVE_ONE_OUT_PRIMARY_UNIVERSE_COHORT_MEDIAN_v0.20_NOT_CURRENT_RESULT
WSSEC:WS:XNAS:RMBS,WS:XNAS:RMBS,US2,US_SP400,PRIMARY_UNIVERSE_INDEX_AVAILABLE_NO_FROZEN_RS_BINDING,RS_NOT_VERIFIED_CURRENT_FROZEN_1425,SECTOR_RS_NOT_VERIFIED,LEAVE_ONE_OUT_PRIMARY_UNIVERSE_COHORT_MEDIAN_v0.20_NOT_CURRENT_RESULT
WSSEC:WS:XNAS:ROIV,WS:XNAS:ROIV,US2,US_SP400,PRIMARY_UNIVERSE_INDEX_AVAILABLE_NO_FROZEN_RS_BINDING,RS_NOT_VERIFIED_CURRENT_FROZEN_1425,SECTOR_RS_NOT_VERIFIED,LEAVE_ONE_OUT_PRIMARY_UNIVERSE_COHORT_MEDIAN_v0.20_NOT_CURRENT_RESULT
WSSEC:WS:XNAS:ROKU,WS:XNAS:ROKU,US2,US_SP400,PRIMARY_UNIVERSE_INDEX_AVAILABLE_NO_FROZEN_RS_BINDING,RS_NOT_VERIFIED_CURRENT_FROZEN_1425,SECTOR_RS_NOT_VERIFIED,LEAVE_ONE_OUT_PRIMARY_UNIVERSE_COHORT_MEDIAN_v0.20_NOT_CURRENT_RESULT
WSSEC:WS:XNAS:ROST,WS:XNAS:ROST,US1,US_SP500,PRIMARY_UNIVERSE_INDEX_AVAILABLE_NO_FROZEN_RS_BINDING,RS_NOT_VERIFIED_CURRENT_FROZEN_1425,SECTOR_RS_NOT_VERIFIED,LEAVE_ONE_OUT_PRIMARY_UNIVERSE_COHORT_MEDIAN_v0.20_NOT_CURRENT_RESULT
WSSEC:WS:XNAS:SAIA,WS:XNAS:SAIA,US2,US_SP400,PRIMARY_UNIVERSE_INDEX_AVAILABLE_NO_FROZEN_RS_BINDING,RS_NOT_VERIFIED_CURRENT_FROZEN_1425,SECTOR_RS_NOT_VERIFIED,LEAVE_ONE_OUT_PRIMARY_UNIVERSE_COHORT_MEDIAN_v0.20_NOT_CURRENT_RESULT
WSSEC:WS:XNAS:SAIC,WS:XNAS:SAIC,US2,US_SP400,PRIMARY_UNIVERSE_INDEX_AVAILABLE_NO_FROZEN_RS_BINDING,RS_NOT_VERIFIED_CURRENT_FROZEN_1425,SECTOR_RS_NOT_VERIFIED,LEAVE_ONE_OUT_PRIMARY_UNIVERSE_COHORT_MEDIAN_v0.20_NOT_CURRENT_RESULT
WSSEC:WS:XNAS:SANM,WS:XNAS:SANM,US2,US_SP400,PRIMARY_UNIVERSE_INDEX_AVAILABLE_NO_FROZEN_RS_BINDING,RS_NOT_VERIFIED_CURRENT_FROZEN_1425,SECTOR_RS_NOT_VERIFIED,LEAVE_ONE_OUT_PRIMARY_UNIVERSE_COHORT_MEDIAN_v0.20_NOT_CURRENT_RESULT
WSSEC:WS:XNAS:SBUX,WS:XNAS:SBUX,US1,US_SP500,PRIMARY_UNIVERSE_INDEX_AVAILABLE_NO_FROZEN_RS_BINDING,RS_NOT_VERIFIED_CURRENT_FROZEN_1425,SECTOR_RS_NOT_VERIFIED,LEAVE_ONE_OUT_PRIMARY_UNIVERSE_COHORT_MEDIAN_v0.20_NOT_CURRENT_RESULT
WSSEC:WS:XNAS:SEIC,WS:XNAS:SEIC,US2,US_SP400,PRIMARY_UNIVERSE_INDEX_AVAILABLE_NO_FROZEN_RS_BINDING,RS_NOT_VERIFIED_CURRENT_FROZEN_1425,SECTOR_RS_NOT_VERIFIED,LEAVE_ONE_OUT_PRIMARY_UNIVERSE_COHORT_MEDIAN_v0.20_NOT_CURRENT_RESULT
WSSEC:WS:XNAS:SFM,WS:XNAS:SFM,US2,US_SP400,PRIMARY_UNIVERSE_INDEX_AVAILABLE_NO_FROZEN_RS_BINDING,RS_NOT_VERIFIED_CURRENT_FROZEN_1425,SECTOR_RS_NOT_VERIFIED,LEAVE_ONE_OUT_PRIMARY_UNIVERSE_COHORT_MEDIAN_v0.20_NOT_CURRENT_RESULT
WSSEC:WS:XNAS:SHC,WS:XNAS:SHC,US2,US_SP400,PRIMARY_UNIVERSE_INDEX_AVAILABLE_NO_FROZEN_RS_BINDING,RS_NOT_VERIFIED_CURRENT_FROZEN_1425,SECTOR_RS_NOT_VERIFIED,LEAVE_ONE_OUT_PRIMARY_UNIVERSE_COHORT_MEDIAN_v0.20_NOT_CURRENT_RESULT
WSSEC:WS:XNAS:SIGI,WS:XNAS:SIGI,US2,US_SP400,PRIMARY_UNIVERSE_INDEX_AVAILABLE_NO_FROZEN_RS_BINDING,RS_NOT_VERIFIED_CURRENT_FROZEN_1425,SECTOR_RS_NOT_VERIFIED,LEAVE_ONE_OUT_PRIMARY_UNIVERSE_COHORT_MEDIAN_v0.20_NOT_CURRENT_RESULT
WSSEC:WS:XNAS:SIRI,WS:XNAS:SIRI,US2,US_SP400,PRIMARY_UNIVERSE_INDEX_AVAILABLE_NO_FROZEN_RS_BINDING,RS_NOT_VERIFIED_CURRENT_FROZEN_1425,SECTOR_RS_NOT_VERIFIED,LEAVE_ONE_OUT_PRIMARY_UNIVERSE_COHORT_MEDIAN_v0.20_NOT_CURRENT_RESULT
WSSEC:WS:XNAS:SITM,WS:XNAS:SITM,US2,US_SP400,PRIMARY_UNIVERSE_INDEX_AVAILABLE_NO_FROZEN_RS_BINDING,RS_NOT_VERIFIED_CURRENT_FROZEN_1425,SECTOR_RS_NOT_VERIFIED,LEAVE_ONE_OUT_PRIMARY_UNIVERSE_COHORT_MEDIAN_v0.20_NOT_CURRENT_RESULT
WSSEC:WS:XNAS:SLAB,WS:XNAS:SLAB,US2,US_SP400,PRIMARY_UNIVERSE_INDEX_AVAILABLE_NO_FROZEN_RS_BINDING,RS_NOT_VERIFIED_CURRENT_FROZEN_1425,SECTOR_RS_NOT_VERIFIED,LEAVE_ONE_OUT_PRIMARY_UNIVERSE_COHORT_MEDIAN_v0.20_NOT_CURRENT_RESULT
WSSEC:WS:XNAS:SLM,WS:XNAS:SLM,US2,US_SP400,PRIMARY_UNIVERSE_INDEX_AVAILABLE_NO_FROZEN_RS_BINDING,RS_NOT_VERIFIED_CURRENT_FROZEN_1425,SECTOR_RS_NOT_VERIFIED,LEAVE_ONE_OUT_PRIMARY_UNIVERSE_COHORT_MEDIAN_v0.20_NOT_CURRENT_RESULT
WSSEC:WS:XNAS:SMTC,WS:XNAS:SMTC,US2,US_SP400,PRIMARY_UNIVERSE_INDEX_AVAILABLE_NO_FROZEN_RS_BINDING,RS_NOT_VERIFIED_CURRENT_FROZEN_1425,SECTOR_RS_NOT_VERIFIED,LEAVE_ONE_OUT_PRIMARY_UNIVERSE_COHORT_MEDIAN_v0.20_NOT_CURRENT_RESULT
WSSEC:WS:XNAS:SNDK,WS:XNAS:SNDK,US1,US_SP500,PRIMARY_UNIVERSE_INDEX_AVAILABLE_NO_FROZEN_RS_BINDING,RS_NOT_VERIFIED_CURRENT_FROZEN_1425,SECTOR_RS_NOT_VERIFIED,LEAVE_ONE_OUT_PRIMARY_UNIVERSE_COHORT_MEDIAN_v0.20_NOT_CURRENT_RESULT
WSSEC:WS:XNAS:SNPS,WS:XNAS:SNPS,US1,US_SP500,PRIMARY_UNIVERSE_INDEX_AVAILABLE_NO_FROZEN_RS_BINDING,RS_NOT_VERIFIED_CURRENT_FROZEN_1425,SECTOR_RS_NOT_VERIFIED,LEAVE_ONE_OUT_PRIMARY_UNIVERSE_COHORT_MEDIAN_v0.20_NOT_CURRENT_RESULT
WSSEC:WS:XNAS:STLD,WS:XNAS:STLD,US1,US_SP500,PRIMARY_UNIVERSE_INDEX_AVAILABLE_NO_FROZEN_RS_BINDING,RS_NOT_VERIFIED_CURRENT_FROZEN_1425,SECTOR_RS_NOT_VERIFIED,LEAVE_ONE_OUT_PRIMARY_UNIVERSE_COHORT_MEDIAN_v0.20_NOT_CURRENT_RESULT
WSSEC:WS:XNAS:STRL,WS:XNAS:STRL,US2,US_SP400,PRIMARY_UNIVERSE_INDEX_AVAILABLE_NO_FROZEN_RS_BINDING,RS_NOT_VERIFIED_CURRENT_FROZEN_1425,SECTOR_RS_NOT_VERIFIED,LEAVE_ONE_OUT_PRIMARY_UNIVERSE_COHORT_MEDIAN_v0.20_NOT_CURRENT_RESULT
WSSEC:WS:XNAS:SWKS,WS:XNAS:SWKS,US1,US_SP500,PRIMARY_UNIVERSE_INDEX_AVAILABLE_NO_FROZEN_RS_BINDING,RS_NOT_VERIFIED_CURRENT_FROZEN_1425,SECTOR_RS_NOT_VERIFIED,LEAVE_ONE_OUT_PRIMARY_UNIVERSE_COHORT_MEDIAN_v0.20_NOT_CURRENT_RESULT
WSSEC:WS:XNAS:SYNA,WS:XNAS:SYNA,US2,US_SP400,PRIMARY_UNIVERSE_INDEX_AVAILABLE_NO_FROZEN_RS_BINDING,RS_NOT_VERIFIED_CURRENT_FROZEN_1425,SECTOR_RS_NOT_VERIFIED,LEAVE_ONE_OUT_PRIMARY_UNIVERSE_COHORT_MEDIAN_v0.20_NOT_CURRENT_RESULT
WSSEC:WS:XNAS:TCBI,WS:XNAS:TCBI,US2,US_SP400,PRIMARY_UNIVERSE_INDEX_AVAILABLE_NO_FROZEN_RS_BINDING,RS_NOT_VERIFIED_CURRENT_FROZEN_1425,SECTOR_RS_NOT_VERIFIED,LEAVE_ONE_OUT_PRIMARY_UNIVERSE_COHORT_MEDIAN_v0.20_NOT_CURRENT_RESULT
WSSEC:WS:XNAS:TECH,WS:XNAS:TECH,US1,US_SP500,PRIMARY_UNIVERSE_INDEX_AVAILABLE_NO_FROZEN_RS_BINDING,RS_NOT_VERIFIED_CURRENT_FROZEN_1425,SECTOR_RS_NOT_VERIFIED,LEAVE_ONE_OUT_PRIMARY_UNIVERSE_COHORT_MEDIAN_v0.20_NOT_CURRENT_RESULT
WSSEC:WS:XNAS:TLN,WS:XNAS:TLN,US2,US_SP400,PRIMARY_UNIVERSE_INDEX_AVAILABLE_NO_FROZEN_RS_BINDING,RS_NOT_VERIFIED_CURRENT_FROZEN_1425,SECTOR_RS_NOT_VERIFIED,LEAVE_ONE_OUT_PRIMARY_UNIVERSE_COHORT_MEDIAN_v0.20_NOT_CURRENT_RESULT
WSSEC:WS:XNAS:TMUS,WS:XNAS:TMUS,US1,US_SP500,PRIMARY_UNIVERSE_INDEX_AVAILABLE_NO_FROZEN_RS_BINDING,RS_NOT_VERIFIED_CURRENT_FROZEN_1425,SECTOR_RS_NOT_VERIFIED,LEAVE_ONE_OUT_PRIMARY_UNIVERSE_COHORT_MEDIAN_v0.20_NOT_CURRENT_RESULT
WSSEC:WS:XNAS:TROW,WS:XNAS:TROW,US1,US_SP500,PRIMARY_UNIVERSE_INDEX_AVAILABLE_NO_FROZEN_RS_BINDING,RS_NOT_VERIFIED_CURRENT_FROZEN_1425,SECTOR_RS_NOT_VERIFIED,LEAVE_ONE_OUT_PRIMARY_UNIVERSE_COHORT_MEDIAN_v0.20_NOT_CURRENT_RESULT
WSSEC:WS:XNAS:TSCO,WS:XNAS:TSCO,US1,US_SP500,PRIMARY_UNIVERSE_INDEX_AVAILABLE_NO_FROZEN_RS_BINDING,RS_NOT_VERIFIED_CURRENT_FROZEN_1425,SECTOR_RS_NOT_VERIFIED,LEAVE_ONE_OUT_PRIMARY_UNIVERSE_COHORT_MEDIAN_v0.20_NOT_CURRENT_RESULT
WSSEC:WS:XNAS:TSLA,WS:XNAS:TSLA,US1,US_SP500,PRIMARY_UNIVERSE_INDEX_AVAILABLE_NO_FROZEN_RS_BINDING,RS_NOT_VERIFIED_CURRENT_FROZEN_1425,SECTOR_RS_NOT_VERIFIED,LEAVE_ONE_OUT_PRIMARY_UNIVERSE_COHORT_MEDIAN_v0.20_NOT_CURRENT_RESULT
WSSEC:WS:XNAS:TTD,WS:XNAS:TTD,US1,US_SP500,PRIMARY_UNIVERSE_INDEX_AVAILABLE_NO_FROZEN_RS_BINDING,RS_NOT_VERIFIED_CURRENT_FROZEN_1425,SECTOR_RS_NOT_VERIFIED,LEAVE_ONE_OUT_PRIMARY_UNIVERSE_COHORT_MEDIAN_v0.20_NOT_CURRENT_RESULT
WSSEC:WS:XNAS:TTEK,WS:XNAS:TTEK,US2,US_SP400,PRIMARY_UNIVERSE_INDEX_AVAILABLE_NO_FROZEN_RS_BINDING,RS_NOT_VERIFIED_CURRENT_FROZEN_1425,SECTOR_RS_NOT_VERIFIED,LEAVE_ONE_OUT_PRIMARY_UNIVERSE_COHORT_MEDIAN_v0.20_NOT_CURRENT_RESULT
WSSEC:WS:XNAS:TTMI,WS:XNAS:TTMI,US2,US_SP400,PRIMARY_UNIVERSE_INDEX_AVAILABLE_NO_FROZEN_RS_BINDING,RS_NOT_VERIFIED_CURRENT_FROZEN_1425,SECTOR_RS_NOT_VERIFIED,LEAVE_ONE_OUT_PRIMARY_UNIVERSE_COHORT_MEDIAN_v0.20_NOT_CURRENT_RESULT
WSSEC:WS:XNAS:TTWO,WS:XNAS:TTWO,US1,US_SP500,PRIMARY_UNIVERSE_INDEX_AVAILABLE_NO_FROZEN_RS_BINDING,RS_NOT_VERIFIED_CURRENT_FROZEN_1425,SECTOR_RS_NOT_VERIFIED,LEAVE_ONE_OUT_PRIMARY_UNIVERSE_COHORT_MEDIAN_v0.20_NOT_CURRENT_RESULT
WSSEC:WS:XNAS:TXN,WS:XNAS:TXN,US1,US_SP500,PRIMARY_UNIVERSE_INDEX_AVAILABLE_NO_FROZEN_RS_BINDING,RS_NOT_VERIFIED_CURRENT_FROZEN_1425,SECTOR_RS_NOT_VERIFIED,LEAVE_ONE_OUT_PRIMARY_UNIVERSE_COHORT_MEDIAN_v0.20_NOT_CURRENT_RESULT
WSSEC:WS:XNAS:TXRH,WS:XNAS:TXRH,US2,US_SP400,PRIMARY_UNIVERSE_INDEX_AVAILABLE_NO_FROZEN_RS_BINDING,RS_NOT_VERIFIED_CURRENT_FROZEN_1425,SECTOR_RS_NOT_VERIFIED,LEAVE_ONE_OUT_PRIMARY_UNIVERSE_COHORT_MEDIAN_v0.20_NOT_CURRENT_RESULT
WSSEC:WS:XNAS:UBSI,WS:XNAS:UBSI,US2,US_SP400,PRIMARY_UNIVERSE_INDEX_AVAILABLE_NO_FROZEN_RS_BINDING,RS_NOT_VERIFIED_CURRENT_FROZEN_1425,SECTOR_RS_NOT_VERIFIED,LEAVE_ONE_OUT_PRIMARY_UNIVERSE_COHORT_MEDIAN_v0.20_NOT_CURRENT_RESULT
WSSEC:WS:XNAS:UFPI,WS:XNAS:UFPI,US2,US_SP400,PRIMARY_UNIVERSE_INDEX_AVAILABLE_NO_FROZEN_RS_BINDING,RS_NOT_VERIFIED_CURRENT_FROZEN_1425,SECTOR_RS_NOT_VERIFIED,LEAVE_ONE_OUT_PRIMARY_UNIVERSE_COHORT_MEDIAN_v0.20_NOT_CURRENT_RESULT
WSSEC:WS:XNAS:ULTA,WS:XNAS:ULTA,US1,US_SP500,PRIMARY_UNIVERSE_INDEX_AVAILABLE_NO_FROZEN_RS_BINDING,RS_NOT_VERIFIED_CURRENT_FROZEN_1425,SECTOR_RS_NOT_VERIFIED,LEAVE_ONE_OUT_PRIMARY_UNIVERSE_COHORT_MEDIAN_v0.20_NOT_CURRENT_RESULT
WSSEC:WS:XNAS:UMBF,WS:XNAS:UMBF,US2,US_SP400,PRIMARY_UNIVERSE_INDEX_AVAILABLE_NO_FROZEN_RS_BINDING,RS_NOT_VERIFIED_CURRENT_FROZEN_1425,SECTOR_RS_NOT_VERIFIED,LEAVE_ONE_OUT_PRIMARY_UNIVERSE_COHORT_MEDIAN_v0.20_NOT_CURRENT_RESULT
WSSEC:WS:XNAS:UTHR,WS:XNAS:UTHR,US2,US_SP400,PRIMARY_UNIVERSE_INDEX_AVAILABLE_NO_FROZEN_RS_BINDING,RS_NOT_VERIFIED_CURRENT_FROZEN_1425,SECTOR_RS_NOT_VERIFIED,LEAVE_ONE_OUT_PRIMARY_UNIVERSE_COHORT_MEDIAN_v0.20_NOT_CURRENT_RESULT
WSSEC:WS:XNAS:VC,WS:XNAS:VC,US2,US_SP400,PRIMARY_UNIVERSE_INDEX_AVAILABLE_NO_FROZEN_RS_BINDING,RS_NOT_VERIFIED_CURRENT_FROZEN_1425,SECTOR_RS_NOT_VERIFIED,LEAVE_ONE_OUT_PRIMARY_UNIVERSE_COHORT_MEDIAN_v0.20_NOT_CURRENT_RESULT
WSSEC:WS:XNAS:VIAV,WS:XNAS:VIAV,US2,US_SP400,PRIMARY_UNIVERSE_INDEX_AVAILABLE_NO_FROZEN_RS_BINDING,RS_NOT_VERIFIED_CURRENT_FROZEN_1425,SECTOR_RS_NOT_VERIFIED,LEAVE_ONE_OUT_PRIMARY_UNIVERSE_COHORT_MEDIAN_v0.20_NOT_CURRENT_RESULT
WSSEC:WS:XNAS:VICR,WS:XNAS:VICR,US2,US_SP400,PRIMARY_UNIVERSE_INDEX_AVAILABLE_NO_FROZEN_RS_BINDING,RS_NOT_VERIFIED_CURRENT_FROZEN_1425,SECTOR_RS_NOT_VERIFIED,LEAVE_ONE_OUT_PRIMARY_UNIVERSE_COHORT_MEDIAN_v0.20_NOT_CURRENT_RESULT
WSSEC:WS:XNAS:VLY,WS:XNAS:VLY,US2,US_SP400,PRIMARY_UNIVERSE_INDEX_AVAILABLE_NO_FROZEN_RS_BINDING,RS_NOT_VERIFIED_CURRENT_FROZEN_1425,SECTOR_RS_NOT_VERIFIED,LEAVE_ONE_OUT_PRIMARY_UNIVERSE_COHORT_MEDIAN_v0.20_NOT_CURRENT_RESULT
WSSEC:WS:XNAS:VNOM,WS:XNAS:VNOM,US2,US_SP400,PRIMARY_UNIVERSE_INDEX_AVAILABLE_NO_FROZEN_RS_BINDING,RS_NOT_VERIFIED_CURRENT_FROZEN_1425,SECTOR_RS_NOT_VERIFIED,LEAVE_ONE_OUT_PRIMARY_UNIVERSE_COHORT_MEDIAN_v0.20_NOT_CURRENT_RESULT
WSSEC:WS:XNAS:VRSK,WS:XNAS:VRSK,US1,US_SP500,PRIMARY_UNIVERSE_INDEX_AVAILABLE_NO_FROZEN_RS_BINDING,RS_NOT_VERIFIED_CURRENT_FROZEN_1425,SECTOR_RS_NOT_VERIFIED,LEAVE_ONE_OUT_PRIMARY_UNIVERSE_COHORT_MEDIAN_v0.20_NOT_CURRENT_RESULT
WSSEC:WS:XNAS:VRSN,WS:XNAS:VRSN,US1,US_SP500,PRIMARY_UNIVERSE_INDEX_AVAILABLE_NO_FROZEN_RS_BINDING,RS_NOT_VERIFIED_CURRENT_FROZEN_1425,SECTOR_RS_NOT_VERIFIED,LEAVE_ONE_OUT_PRIMARY_UNIVERSE_COHORT_MEDIAN_v0.20_NOT_CURRENT_RESULT
WSSEC:WS:XNAS:VRTX,WS:XNAS:VRTX,US1,US_SP500,PRIMARY_UNIVERSE_INDEX_AVAILABLE_NO_FROZEN_RS_BINDING,RS_NOT_VERIFIED_CURRENT_FROZEN_1425,SECTOR_RS_NOT_VERIFIED,LEAVE_ONE_OUT_PRIMARY_UNIVERSE_COHORT_MEDIAN_v0.20_NOT_CURRENT_RESULT
WSSEC:WS:XNAS:VTRS,WS:XNAS:VTRS,US1,US_SP500,PRIMARY_UNIVERSE_INDEX_AVAILABLE_NO_FROZEN_RS_BINDING,RS_NOT_VERIFIED_CURRENT_FROZEN_1425,SECTOR_RS_NOT_VERIFIED,LEAVE_ONE_OUT_PRIMARY_UNIVERSE_COHORT_MEDIAN_v0.20_NOT_CURRENT_RESULT
WSSEC:WS:XNAS:WBD,WS:XNAS:WBD,US1,US_SP500,PRIMARY_UNIVERSE_INDEX_AVAILABLE_NO_FROZEN_RS_BINDING,RS_NOT_VERIFIED_CURRENT_FROZEN_1425,SECTOR_RS_NOT_VERIFIED,LEAVE_ONE_OUT_PRIMARY_UNIVERSE_COHORT_MEDIAN_v0.20_NOT_CURRENT_RESULT
WSSEC:WS:XNAS:WDC,WS:XNAS:WDC,US1,US_SP500,PRIMARY_UNIVERSE_INDEX_AVAILABLE_NO_FROZEN_RS_BINDING,RS_NOT_VERIFIED_CURRENT_FROZEN_1425,SECTOR_RS_NOT_VERIFIED,LEAVE_ONE_OUT_PRIMARY_UNIVERSE_COHORT_MEDIAN_v0.20_NOT_CURRENT_RESULT
WSSEC:WS:XNAS:WFRD,WS:XNAS:WFRD,US2,US_SP400,PRIMARY_UNIVERSE_INDEX_AVAILABLE_NO_FROZEN_RS_BINDING,RS_NOT_VERIFIED_CURRENT_FROZEN_1425,SECTOR_RS_NOT_VERIFIED,LEAVE_ONE_OUT_PRIMARY_UNIVERSE_COHORT_MEDIAN_v0.20_NOT_CURRENT_RESULT
WSSEC:WS:XNAS:WING,WS:XNAS:WING,US2,US_SP400,PRIMARY_UNIVERSE_INDEX_AVAILABLE_NO_FROZEN_RS_BINDING,RS_NOT_VERIFIED_CURRENT_FROZEN_1425,SECTOR_RS_NOT_VERIFIED,LEAVE_ONE_OUT_PRIMARY_UNIVERSE_COHORT_MEDIAN_v0.20_NOT_CURRENT_RESULT
WSSEC:WS:XNAS:WMG,WS:XNAS:WMG,US2,US_SP400,PRIMARY_UNIVERSE_INDEX_AVAILABLE_NO_FROZEN_RS_BINDING,RS_NOT_VERIFIED_CURRENT_FROZEN_1425,SECTOR_RS_NOT_VERIFIED,LEAVE_ONE_OUT_PRIMARY_UNIVERSE_COHORT_MEDIAN_v0.20_NOT_CURRENT_RESULT
WSSEC:WS:XNAS:WMT,WS:XNAS:WMT,US1,US_SP500,PRIMARY_UNIVERSE_INDEX_AVAILABLE_NO_FROZEN_RS_BINDING,RS_NOT_VERIFIED_CURRENT_FROZEN_1425,SECTOR_RS_NOT_VERIFIED,LEAVE_ONE_OUT_PRIMARY_UNIVERSE_COHORT_MEDIAN_v0.20_NOT_CURRENT_RESULT
WSSEC:WS:XNAS:WTFC,WS:XNAS:WTFC,US2,US_SP400,PRIMARY_UNIVERSE_INDEX_AVAILABLE_NO_FROZEN_RS_BINDING,RS_NOT_VERIFIED_CURRENT_FROZEN_1425,SECTOR_RS_NOT_VERIFIED,LEAVE_ONE_OUT_PRIMARY_UNIVERSE_COHORT_MEDIAN_v0.20_NOT_CURRENT_RESULT
WSSEC:WS:XNAS:WWD,WS:XNAS:WWD,US2,US_SP400,PRIMARY_UNIVERSE_INDEX_AVAILABLE_NO_FROZEN_RS_BINDING,RS_NOT_VERIFIED_CURRENT_FROZEN_1425,SECTOR_RS_NOT_VERIFIED,LEAVE_ONE_OUT_PRIMARY_UNIVERSE_COHORT_MEDIAN_v0.20_NOT_CURRENT_RESULT
WSSEC:WS:XNAS:WYNN,WS:XNAS:WYNN,US1,US_SP500,PRIMARY_UNIVERSE_INDEX_AVAILABLE_NO_FROZEN_RS_BINDING,RS_NOT_VERIFIED_CURRENT_FROZEN_1425,SECTOR_RS_NOT_VERIFIED,LEAVE_ONE_OUT_PRIMARY_UNIVERSE_COHORT_MEDIAN_v0.20_NOT_CURRENT_RESULT
WSSEC:WS:XNAS:XRAY,WS:XNAS:XRAY,US2,US_SP400,PRIMARY_UNIVERSE_INDEX_AVAILABLE_NO_FROZEN_RS_BINDING,RS_NOT_VERIFIED_CURRENT_FROZEN_1425,SECTOR_RS_NOT_VERIFIED,LEAVE_ONE_OUT_PRIMARY_UNIVERSE_COHORT_MEDIAN_v0.20_NOT_CURRENT_RESULT
WSSEC:WS:XNAS:ZBRA,WS:XNAS:ZBRA,US1,US_SP500,PRIMARY_UNIVERSE_INDEX_AVAILABLE_NO_FROZEN_RS_BINDING,RS_NOT_VERIFIED_CURRENT_FROZEN_1425,SECTOR_RS_NOT_VERIFIED,LEAVE_ONE_OUT_PRIMARY_UNIVERSE_COHORT_MEDIAN_v0.20_NOT_CURRENT_RESULT
WSSEC:WS:XNAS:ZION,WS:XNAS:ZION,US2,US_SP400,PRIMARY_UNIVERSE_INDEX_AVAILABLE_NO_FROZEN_RS_BINDING,RS_NOT_VERIFIED_CURRENT_FROZEN_1425,SECTOR_RS_NOT_VERIFIED,LEAVE_ONE_OUT_PRIMARY_UNIVERSE_COHORT_MEDIAN_v0.20_NOT_CURRENT_RESULT
WSSEC:WS:XNYS:A,WS:XNYS:A,US1,US_SP500,PRIMARY_UNIVERSE_INDEX_AVAILABLE_NO_FROZEN_RS_BINDING,RS_NOT_VERIFIED_CURRENT_FROZEN_1425,SECTOR_RS_NOT_VERIFIED,LEAVE_ONE_OUT_PRIMARY_UNIVERSE_COHORT_MEDIAN_v0.20_NOT_CURRENT_RESULT
WSSEC:WS:XNYS:AA,WS:XNYS:AA,US2,US_SP400,PRIMARY_UNIVERSE_INDEX_AVAILABLE_NO_FROZEN_RS_BINDING,RS_NOT_VERIFIED_CURRENT_FROZEN_1425,SECTOR_RS_NOT_VERIFIED,LEAVE_ONE_OUT_PRIMARY_UNIVERSE_COHORT_MEDIAN_v0.20_NOT_CURRENT_RESULT
WSSEC:WS:XNYS:ABBV,WS:XNYS:ABBV,US1,US_SP500,PRIMARY_UNIVERSE_INDEX_AVAILABLE_NO_FROZEN_RS_BINDING,RS_NOT_VERIFIED_CURRENT_FROZEN_1425,SECTOR_RS_NOT_VERIFIED,LEAVE_ONE_OUT_PRIMARY_UNIVERSE_COHORT_MEDIAN_v0.20_NOT_CURRENT_RESULT
WSSEC:WS:XNYS:ABT,WS:XNYS:ABT,US1,US_SP500,PRIMARY_UNIVERSE_INDEX_AVAILABLE_NO_FROZEN_RS_BINDING,RS_NOT_VERIFIED_CURRENT_FROZEN_1425,SECTOR_RS_NOT_VERIFIED,LEAVE_ONE_OUT_PRIMARY_UNIVERSE_COHORT_MEDIAN_v0.20_NOT_CURRENT_RESULT
WSSEC:WS:XNYS:ACI,WS:XNYS:ACI,US2,US_SP400,PRIMARY_UNIVERSE_INDEX_AVAILABLE_NO_FROZEN_RS_BINDING,RS_NOT_VERIFIED_CURRENT_FROZEN_1425,SECTOR_RS_NOT_VERIFIED,LEAVE_ONE_OUT_PRIMARY_UNIVERSE_COHORT_MEDIAN_v0.20_NOT_CURRENT_RESULT
WSSEC:WS:XNYS:ACM,WS:XNYS:ACM,US2,US_SP400,PRIMARY_UNIVERSE_INDEX_AVAILABLE_NO_FROZEN_RS_BINDING,RS_NOT_VERIFIED_CURRENT_FROZEN_1425,SECTOR_RS_NOT_VERIFIED,LEAVE_ONE_OUT_PRIMARY_UNIVERSE_COHORT_MEDIAN_v0.20_NOT_CURRENT_RESULT
WSSEC:WS:XNYS:ADM,WS:XNYS:ADM,US1,US_SP500,PRIMARY_UNIVERSE_INDEX_AVAILABLE_NO_FROZEN_RS_BINDING,RS_NOT_VERIFIED_CURRENT_FROZEN_1425,SECTOR_RS_NOT_VERIFIED,LEAVE_ONE_OUT_PRIMARY_UNIVERSE_COHORT_MEDIAN_v0.20_NOT_CURRENT_RESULT
WSSEC:WS:XNYS:AEE,WS:XNYS:AEE,US1,US_SP500,PRIMARY_UNIVERSE_INDEX_AVAILABLE_NO_FROZEN_RS_BINDING,RS_NOT_VERIFIED_CURRENT_FROZEN_1425,SECTOR_RS_NOT_VERIFIED,LEAVE_ONE_OUT_PRIMARY_UNIVERSE_COHORT_MEDIAN_v0.20_NOT_CURRENT_RESULT
WSSEC:WS:XNYS:AEP,WS:XNYS:AEP,US1,US_SP500,PRIMARY_UNIVERSE_INDEX_AVAILABLE_NO_FROZEN_RS_BINDING,RS_NOT_VERIFIED_CURRENT_FROZEN_1425,SECTOR_RS_NOT_VERIFIED,LEAVE_ONE_OUT_PRIMARY_UNIVERSE_COHORT_MEDIAN_v0.20_NOT_CURRENT_RESULT
WSSEC:WS:XNYS:AES,WS:XNYS:AES,US1,US_SP500,PRIMARY_UNIVERSE_INDEX_AVAILABLE_NO_FROZEN_RS_BINDING,RS_NOT_VERIFIED_CURRENT_FROZEN_1425,SECTOR_RS_NOT_VERIFIED,LEAVE_ONE_OUT_PRIMARY_UNIVERSE_COHORT_MEDIAN_v0.20_NOT_CURRENT_RESULT
WSSEC:WS:XNYS:AFG,WS:XNYS:AFG,US2,US_SP400,PRIMARY_UNIVERSE_INDEX_AVAILABLE_NO_FROZEN_RS_BINDING,RS_NOT_VERIFIED_CURRENT_FROZEN_1425,SECTOR_RS_NOT_VERIFIED,LEAVE_ONE_OUT_PRIMARY_UNIVERSE_COHORT_MEDIAN_v0.20_NOT_CURRENT_RESULT
WSSEC:WS:XNYS:AFL,WS:XNYS:AFL,US1,US_SP500,PRIMARY_UNIVERSE_INDEX_AVAILABLE_NO_FROZEN_RS_BINDING,RS_NOT_VERIFIED_CURRENT_FROZEN_1425,SECTOR_RS_NOT_VERIFIED,LEAVE_ONE_OUT_PRIMARY_UNIVERSE_COHORT_MEDIAN_v0.20_NOT_CURRENT_RESULT
WSSEC:WS:XNYS:AGCO,WS:XNYS:AGCO,US2,US_SP400,PRIMARY_UNIVERSE_INDEX_AVAILABLE_NO_FROZEN_RS_BINDING,RS_NOT_VERIFIED_CURRENT_FROZEN_1425,SECTOR_RS_NOT_VERIFIED,LEAVE_ONE_OUT_PRIMARY_UNIVERSE_COHORT_MEDIAN_v0.20_NOT_CURRENT_RESULT
WSSEC:WS:XNYS:AIG,WS:XNYS:AIG,US1,US_SP500,PRIMARY_UNIVERSE_INDEX_AVAILABLE_NO_FROZEN_RS_BINDING,RS_NOT_VERIFIED_CURRENT_FROZEN_1425,SECTOR_RS_NOT_VERIFIED,LEAVE_ONE_OUT_PRIMARY_UNIVERSE_COHORT_MEDIAN_v0.20_NOT_CURRENT_RESULT
WSSEC:WS:XNYS:AIT,WS:XNYS:AIT,US2,US_SP400,PRIMARY_UNIVERSE_INDEX_AVAILABLE_NO_FROZEN_RS_BINDING,RS_NOT_VERIFIED_CURRENT_FROZEN_1425,SECTOR_RS_NOT_VERIFIED,LEAVE_ONE_OUT_PRIMARY_UNIVERSE_COHORT_MEDIAN_v0.20_NOT_CURRENT_RESULT
WSSEC:WS:XNYS:AIZ,WS:XNYS:AIZ,US1,US_SP500,PRIMARY_UNIVERSE_INDEX_AVAILABLE_NO_FROZEN_RS_BINDING,RS_NOT_VERIFIED_CURRENT_FROZEN_1425,SECTOR_RS_NOT_VERIFIED,LEAVE_ONE_OUT_PRIMARY_UNIVERSE_COHORT_MEDIAN_v0.20_NOT_CURRENT_RESULT
WSSEC:WS:XNYS:AJG,WS:XNYS:AJG,US1,US_SP500,PRIMARY_UNIVERSE_INDEX_AVAILABLE_NO_FROZEN_RS_BINDING,RS_NOT_VERIFIED_CURRENT_FROZEN_1425,SECTOR_RS_NOT_VERIFIED,LEAVE_ONE_OUT_PRIMARY_UNIVERSE_COHORT_MEDIAN_v0.20_NOT_CURRENT_RESULT
WSSEC:WS:XNYS:ALB,WS:XNYS:ALB,US1,US_SP500,PRIMARY_UNIVERSE_INDEX_AVAILABLE_NO_FROZEN_RS_BINDING,RS_NOT_VERIFIED_CURRENT_FROZEN_1425,SECTOR_RS_NOT_VERIFIED,LEAVE_ONE_OUT_PRIMARY_UNIVERSE_COHORT_MEDIAN_v0.20_NOT_CURRENT_RESULT
WSSEC:WS:XNYS:ALK,WS:XNYS:ALK,US2,US_SP400,PRIMARY_UNIVERSE_INDEX_AVAILABLE_NO_FROZEN_RS_BINDING,RS_NOT_VERIFIED_CURRENT_FROZEN_1425,SECTOR_RS_NOT_VERIFIED,LEAVE_ONE_OUT_PRIMARY_UNIVERSE_COHORT_MEDIAN_v0.20_NOT_CURRENT_RESULT
WSSEC:WS:XNYS:ALL,WS:XNYS:ALL,US1,US_SP500,PRIMARY_UNIVERSE_INDEX_AVAILABLE_NO_FROZEN_RS_BINDING,RS_NOT_VERIFIED_CURRENT_FROZEN_1425,SECTOR_RS_NOT_VERIFIED,LEAVE_ONE_OUT_PRIMARY_UNIVERSE_COHORT_MEDIAN_v0.20_NOT_CURRENT_RESULT
WSSEC:WS:XNYS:ALLY,WS:XNYS:ALLY,US2,US_SP400,PRIMARY_UNIVERSE_INDEX_AVAILABLE_NO_FROZEN_RS_BINDING,RS_NOT_VERIFIED_CURRENT_FROZEN_1425,SECTOR_RS_NOT_VERIFIED,LEAVE_ONE_OUT_PRIMARY_UNIVERSE_COHORT_MEDIAN_v0.20_NOT_CURRENT_RESULT
WSSEC:WS:XNYS:ALSN,WS:XNYS:ALSN,US2,US_SP400,PRIMARY_UNIVERSE_INDEX_AVAILABLE_NO_FROZEN_RS_BINDING,RS_NOT_VERIFIED_CURRENT_FROZEN_1425,SECTOR_RS_NOT_VERIFIED,LEAVE_ONE_OUT_PRIMARY_UNIVERSE_COHORT_MEDIAN_v0.20_NOT_CURRENT_RESULT
WSSEC:WS:XNYS:ALV,WS:XNYS:ALV,US2,US_SP400,PRIMARY_UNIVERSE_INDEX_AVAILABLE_NO_FROZEN_RS_BINDING,RS_NOT_VERIFIED_CURRENT_FROZEN_1425,SECTOR_RS_NOT_VERIFIED,LEAVE_ONE_OUT_PRIMARY_UNIVERSE_COHORT_MEDIAN_v0.20_NOT_CURRENT_RESULT
WSSEC:WS:XNYS:AM,WS:XNYS:AM,US2,US_SP400,PRIMARY_UNIVERSE_INDEX_AVAILABLE_NO_FROZEN_RS_BINDING,RS_NOT_VERIFIED_CURRENT_FROZEN_1425,SECTOR_RS_NOT_VERIFIED,LEAVE_ONE_OUT_PRIMARY_UNIVERSE_COHORT_MEDIAN_v0.20_NOT_CURRENT_RESULT
WSSEC:WS:XNYS:AME,WS:XNYS:AME,US1,US_SP500,PRIMARY_UNIVERSE_INDEX_AVAILABLE_NO_FROZEN_RS_BINDING,RS_NOT_VERIFIED_CURRENT_FROZEN_1425,SECTOR_RS_NOT_VERIFIED,LEAVE_ONE_OUT_PRIMARY_UNIVERSE_COHORT_MEDIAN_v0.20_NOT_CURRENT_RESULT
WSSEC:WS:XNYS:AMG,WS:XNYS:AMG,US2,US_SP400,PRIMARY_UNIVERSE_INDEX_AVAILABLE_NO_FROZEN_RS_BINDING,RS_NOT_VERIFIED_CURRENT_FROZEN_1425,SECTOR_RS_NOT_VERIFIED,LEAVE_ONE_OUT_PRIMARY_UNIVERSE_COHORT_MEDIAN_v0.20_NOT_CURRENT_RESULT
WSSEC:WS:XNYS:AMP,WS:XNYS:AMP,US1,US_SP500,PRIMARY_UNIVERSE_INDEX_AVAILABLE_NO_FROZEN_RS_BINDING,RS_NOT_VERIFIED_CURRENT_FROZEN_1425,SECTOR_RS_NOT_VERIFIED,LEAVE_ONE_OUT_PRIMARY_UNIVERSE_COHORT_MEDIAN_v0.20_NOT_CURRENT_RESULT
WSSEC:WS:XNYS:AN,WS:XNYS:AN,US2,US_SP400,PRIMARY_UNIVERSE_INDEX_AVAILABLE_NO_FROZEN_RS_BINDING,RS_NOT_VERIFIED_CURRENT_FROZEN_1425,SECTOR_RS_NOT_VERIFIED,LEAVE_ONE_OUT_PRIMARY_UNIVERSE_COHORT_MEDIAN_v0.20_NOT_CURRENT_RESULT
WSSEC:WS:XNYS:ANF,WS:XNYS:ANF,US2,US_SP400,PRIMARY_UNIVERSE_INDEX_AVAILABLE_NO_FROZEN_RS_BINDING,RS_NOT_VERIFIED_CURRENT_FROZEN_1425,SECTOR_RS_NOT_VERIFIED,LEAVE_ONE_OUT_PRIMARY_UNIVERSE_COHORT_MEDIAN_v0.20_NOT_CURRENT_RESULT
WSSEC:WS:XNYS:AOS,WS:XNYS:AOS,US1,US_SP500,PRIMARY_UNIVERSE_INDEX_AVAILABLE_NO_FROZEN_RS_BINDING,RS_NOT_VERIFIED_CURRENT_FROZEN_1425,SECTOR_RS_NOT_VERIFIED,LEAVE_ONE_OUT_PRIMARY_UNIVERSE_COHORT_MEDIAN_v0.20_NOT_CURRENT_RESULT
WSSEC:WS:XNYS:APD,WS:XNYS:APD,US1,US_SP500,PRIMARY_UNIVERSE_INDEX_AVAILABLE_NO_FROZEN_RS_BINDING,RS_NOT_VERIFIED_CURRENT_FROZEN_1425,SECTOR_RS_NOT_VERIFIED,LEAVE_ONE_OUT_PRIMARY_UNIVERSE_COHORT_MEDIAN_v0.20_NOT_CURRENT_RESULT
WSSEC:WS:XNYS:APG,WS:XNYS:APG,US2,US_SP400,PRIMARY_UNIVERSE_INDEX_AVAILABLE_NO_FROZEN_RS_BINDING,RS_NOT_VERIFIED_CURRENT_FROZEN_1425,SECTOR_RS_NOT_VERIFIED,LEAVE_ONE_OUT_PRIMARY_UNIVERSE_COHORT_MEDIAN_v0.20_NOT_CURRENT_RESULT
WSSEC:WS:XNYS:APH,WS:XNYS:APH,US1,US_SP500,PRIMARY_UNIVERSE_INDEX_AVAILABLE_NO_FROZEN_RS_BINDING,RS_NOT_VERIFIED_CURRENT_FROZEN_1425,SECTOR_RS_NOT_VERIFIED,LEAVE_ONE_OUT_PRIMARY_UNIVERSE_COHORT_MEDIAN_v0.20_NOT_CURRENT_RESULT
WSSEC:WS:XNYS:AR,WS:XNYS:AR,US2,US_SP400,PRIMARY_UNIVERSE_INDEX_AVAILABLE_NO_FROZEN_RS_BINDING,RS_NOT_VERIFIED_CURRENT_FROZEN_1425,SECTOR_RS_NOT_VERIFIED,LEAVE_ONE_OUT_PRIMARY_UNIVERSE_COHORT_MEDIAN_v0.20_NOT_CURRENT_RESULT
WSSEC:WS:XNYS:ARES,WS:XNYS:ARES,US1,US_SP500,PRIMARY_UNIVERSE_INDEX_AVAILABLE_NO_FROZEN_RS_BINDING,RS_NOT_VERIFIED_CURRENT_FROZEN_1425,SECTOR_RS_NOT_VERIFIED,LEAVE_ONE_OUT_PRIMARY_UNIVERSE_COHORT_MEDIAN_v0.20_NOT_CURRENT_RESULT
WSSEC:WS:XNYS:ARMK,WS:XNYS:ARMK,US2,US_SP400,PRIMARY_UNIVERSE_INDEX_AVAILABLE_NO_FROZEN_RS_BINDING,RS_NOT_VERIFIED_CURRENT_FROZEN_1425,SECTOR_RS_NOT_VERIFIED,LEAVE_ONE_OUT_PRIMARY_UNIVERSE_COHORT_MEDIAN_v0.20_NOT_CURRENT_RESULT
WSSEC:WS:XNYS:ARW,WS:XNYS:ARW,US2,US_SP400,PRIMARY_UNIVERSE_INDEX_AVAILABLE_NO_FROZEN_RS_BINDING,RS_NOT_VERIFIED_CURRENT_FROZEN_1425,SECTOR_RS_NOT_VERIFIED,LEAVE_ONE_OUT_PRIMARY_UNIVERSE_COHORT_MEDIAN_v0.20_NOT_CURRENT_RESULT
WSSEC:WS:XNYS:ASB,WS:XNYS:ASB,US2,US_SP400,PRIMARY_UNIVERSE_INDEX_AVAILABLE_NO_FROZEN_RS_BINDING,RS_NOT_VERIFIED_CURRENT_FROZEN_1425,SECTOR_RS_NOT_VERIFIED,LEAVE_ONE_OUT_PRIMARY_UNIVERSE_COHORT_MEDIAN_v0.20_NOT_CURRENT_RESULT
WSSEC:WS:XNYS:ASH,WS:XNYS:ASH,US2,US_SP400,PRIMARY_UNIVERSE_INDEX_AVAILABLE_NO_FROZEN_RS_BINDING,RS_NOT_VERIFIED_CURRENT_FROZEN_1425,SECTOR_RS_NOT_VERIFIED,LEAVE_ONE_OUT_PRIMARY_UNIVERSE_COHORT_MEDIAN_v0.20_NOT_CURRENT_RESULT
WSSEC:WS:XNYS:ATI,WS:XNYS:ATI,US2,US_SP400,PRIMARY_UNIVERSE_INDEX_AVAILABLE_NO_FROZEN_RS_BINDING,RS_NOT_VERIFIED_CURRENT_FROZEN_1425,SECTOR_RS_NOT_VERIFIED,LEAVE_ONE_OUT_PRIMARY_UNIVERSE_COHORT_MEDIAN_v0.20_NOT_CURRENT_RESULT
WSSEC:WS:XNYS:ATO,WS:XNYS:ATO,US1,US_SP500,PRIMARY_UNIVERSE_INDEX_AVAILABLE_NO_FROZEN_RS_BINDING,RS_NOT_VERIFIED_CURRENT_FROZEN_1425,SECTOR_RS_NOT_VERIFIED,LEAVE_ONE_OUT_PRIMARY_UNIVERSE_COHORT_MEDIAN_v0.20_NOT_CURRENT_RESULT
WSSEC:WS:XNYS:ATR,WS:XNYS:ATR,US2,US_SP400,PRIMARY_UNIVERSE_INDEX_AVAILABLE_NO_FROZEN_RS_BINDING,RS_NOT_VERIFIED_CURRENT_FROZEN_1425,SECTOR_RS_NOT_VERIFIED,LEAVE_ONE_OUT_PRIMARY_UNIVERSE_COHORT_MEDIAN_v0.20_NOT_CURRENT_RESULT
WSSEC:WS:XNYS:AVNT,WS:XNYS:AVNT,US2,US_SP400,PRIMARY_UNIVERSE_INDEX_AVAILABLE_NO_FROZEN_RS_BINDING,RS_NOT_VERIFIED_CURRENT_FROZEN_1425,SECTOR_RS_NOT_VERIFIED,LEAVE_ONE_OUT_PRIMARY_UNIVERSE_COHORT_MEDIAN_v0.20_NOT_CURRENT_RESULT
WSSEC:WS:XNYS:AVTR,WS:XNYS:AVTR,US2,US_SP400,PRIMARY_UNIVERSE_INDEX_AVAILABLE_NO_FROZEN_RS_BINDING,RS_NOT_VERIFIED_CURRENT_FROZEN_1425,SECTOR_RS_NOT_VERIFIED,LEAVE_ONE_OUT_PRIMARY_UNIVERSE_COHORT_MEDIAN_v0.20_NOT_CURRENT_RESULT
WSSEC:WS:XNYS:AVY,WS:XNYS:AVY,US1,US_SP500,PRIMARY_UNIVERSE_INDEX_AVAILABLE_NO_FROZEN_RS_BINDING,RS_NOT_VERIFIED_CURRENT_FROZEN_1425,SECTOR_RS_NOT_VERIFIED,LEAVE_ONE_OUT_PRIMARY_UNIVERSE_COHORT_MEDIAN_v0.20_NOT_CURRENT_RESULT
WSSEC:WS:XNYS:AWK,WS:XNYS:AWK,US1,US_SP500,PRIMARY_UNIVERSE_INDEX_AVAILABLE_NO_FROZEN_RS_BINDING,RS_NOT_VERIFIED_CURRENT_FROZEN_1425,SECTOR_RS_NOT_VERIFIED,LEAVE_ONE_OUT_PRIMARY_UNIVERSE_COHORT_MEDIAN_v0.20_NOT_CURRENT_RESULT
WSSEC:WS:XNYS:AXP,WS:XNYS:AXP,US1,US_SP500,PRIMARY_UNIVERSE_INDEX_AVAILABLE_NO_FROZEN_RS_BINDING,RS_NOT_VERIFIED_CURRENT_FROZEN_1425,SECTOR_RS_NOT_VERIFIED,LEAVE_ONE_OUT_PRIMARY_UNIVERSE_COHORT_MEDIAN_v0.20_NOT_CURRENT_RESULT
WSSEC:WS:XNYS:AXTA,WS:XNYS:AXTA,US2,US_SP400,PRIMARY_UNIVERSE_INDEX_AVAILABLE_NO_FROZEN_RS_BINDING,RS_NOT_VERIFIED_CURRENT_FROZEN_1425,SECTOR_RS_NOT_VERIFIED,LEAVE_ONE_OUT_PRIMARY_UNIVERSE_COHORT_MEDIAN_v0.20_NOT_CURRENT_RESULT
WSSEC:WS:XNYS:AYI,WS:XNYS:AYI,US2,US_SP400,PRIMARY_UNIVERSE_INDEX_AVAILABLE_NO_FROZEN_RS_BINDING,RS_NOT_VERIFIED_CURRENT_FROZEN_1425,SECTOR_RS_NOT_VERIFIED,LEAVE_ONE_OUT_PRIMARY_UNIVERSE_COHORT_MEDIAN_v0.20_NOT_CURRENT_RESULT
WSSEC:WS:XNYS:AZO,WS:XNYS:AZO,US1,US_SP500,PRIMARY_UNIVERSE_INDEX_AVAILABLE_NO_FROZEN_RS_BINDING,RS_NOT_VERIFIED_CURRENT_FROZEN_1425,SECTOR_RS_NOT_VERIFIED,LEAVE_ONE_OUT_PRIMARY_UNIVERSE_COHORT_MEDIAN_v0.20_NOT_CURRENT_RESULT
WSSEC:WS:XNYS:BA,WS:XNYS:BA,US1,US_SP500,PRIMARY_UNIVERSE_INDEX_AVAILABLE_NO_FROZEN_RS_BINDING,RS_NOT_VERIFIED_CURRENT_FROZEN_1425,SECTOR_RS_NOT_VERIFIED,LEAVE_ONE_OUT_PRIMARY_UNIVERSE_COHORT_MEDIAN_v0.20_NOT_CURRENT_RESULT
WSSEC:WS:XNYS:BAC,WS:XNYS:BAC,US1,US_SP500,PRIMARY_UNIVERSE_INDEX_AVAILABLE_NO_FROZEN_RS_BINDING,RS_NOT_VERIFIED_CURRENT_FROZEN_1425,SECTOR_RS_NOT_VERIFIED,LEAVE_ONE_OUT_PRIMARY_UNIVERSE_COHORT_MEDIAN_v0.20_NOT_CURRENT_RESULT
WSSEC:WS:XNYS:BAH,WS:XNYS:BAH,US2,US_SP400,PRIMARY_UNIVERSE_INDEX_AVAILABLE_NO_FROZEN_RS_BINDING,RS_NOT_VERIFIED_CURRENT_FROZEN_1425,SECTOR_RS_NOT_VERIFIED,LEAVE_ONE_OUT_PRIMARY_UNIVERSE_COHORT_MEDIAN_v0.20_NOT_CURRENT_RESULT
WSSEC:WS:XNYS:BALL,WS:XNYS:BALL,US1,US_SP500,PRIMARY_UNIVERSE_INDEX_AVAILABLE_NO_FROZEN_RS_BINDING,RS_NOT_VERIFIED_CURRENT_FROZEN_1425,SECTOR_RS_NOT_VERIFIED,LEAVE_ONE_OUT_PRIMARY_UNIVERSE_COHORT_MEDIAN_v0.20_NOT_CURRENT_RESULT
WSSEC:WS:XNYS:BAX,WS:XNYS:BAX,US1,US_SP500,PRIMARY_UNIVERSE_INDEX_AVAILABLE_NO_FROZEN_RS_BINDING,RS_NOT_VERIFIED_CURRENT_FROZEN_1425,SECTOR_RS_NOT_VERIFIED,LEAVE_ONE_OUT_PRIMARY_UNIVERSE_COHORT_MEDIAN_v0.20_NOT_CURRENT_RESULT
WSSEC:WS:XNYS:BBWI,WS:XNYS:BBWI,US2,US_SP400,PRIMARY_UNIVERSE_INDEX_AVAILABLE_NO_FROZEN_RS_BINDING,RS_NOT_VERIFIED_CURRENT_FROZEN_1425,SECTOR_RS_NOT_VERIFIED,LEAVE_ONE_OUT_PRIMARY_UNIVERSE_COHORT_MEDIAN_v0.20_NOT_CURRENT_RESULT
WSSEC:WS:XNYS:BBY,WS:XNYS:BBY,US1,US_SP500,PRIMARY_UNIVERSE_INDEX_AVAILABLE_NO_FROZEN_RS_BINDING,RS_NOT_VERIFIED_CURRENT_FROZEN_1425,SECTOR_RS_NOT_VERIFIED,LEAVE_ONE_OUT_PRIMARY_UNIVERSE_COHORT_MEDIAN_v0.20_NOT_CURRENT_RESULT
WSSEC:WS:XNYS:BC,WS:XNYS:BC,US2,US_SP400,PRIMARY_UNIVERSE_INDEX_AVAILABLE_NO_FROZEN_RS_BINDING,RS_NOT_VERIFIED_CURRENT_FROZEN_1425,SECTOR_RS_NOT_VERIFIED,LEAVE_ONE_OUT_PRIMARY_UNIVERSE_COHORT_MEDIAN_v0.20_NOT_CURRENT_RESULT
WSSEC:WS:XNYS:BCO,WS:XNYS:BCO,US2,US_SP400,PRIMARY_UNIVERSE_INDEX_AVAILABLE_NO_FROZEN_RS_BINDING,RS_NOT_VERIFIED_CURRENT_FROZEN_1425,SECTOR_RS_NOT_VERIFIED,LEAVE_ONE_OUT_PRIMARY_UNIVERSE_COHORT_MEDIAN_v0.20_NOT_CURRENT_RESULT
WSSEC:WS:XNYS:BDC,WS:XNYS:BDC,US2,US_SP400,PRIMARY_UNIVERSE_INDEX_AVAILABLE_NO_FROZEN_RS_BINDING,RS_NOT_VERIFIED_CURRENT_FROZEN_1425,SECTOR_RS_NOT_VERIFIED,LEAVE_ONE_OUT_PRIMARY_UNIVERSE_COHORT_MEDIAN_v0.20_NOT_CURRENT_RESULT
WSSEC:WS:XNYS:BDX,WS:XNYS:BDX,US1,US_SP500,PRIMARY_UNIVERSE_INDEX_AVAILABLE_NO_FROZEN_RS_BINDING,RS_NOT_VERIFIED_CURRENT_FROZEN_1425,SECTOR_RS_NOT_VERIFIED,LEAVE_ONE_OUT_PRIMARY_UNIVERSE_COHORT_MEDIAN_v0.20_NOT_CURRENT_RESULT
WSSEC:WS:XNYS:BEN,WS:XNYS:BEN,US1,US_SP500,PRIMARY_UNIVERSE_INDEX_AVAILABLE_NO_FROZEN_RS_BINDING,RS_NOT_VERIFIED_CURRENT_FROZEN_1425,SECTOR_RS_NOT_VERIFIED,LEAVE_ONE_OUT_PRIMARY_UNIVERSE_COHORT_MEDIAN_v0.20_NOT_CURRENT_RESULT
WSSEC:WS:XNYS:BILL,WS:XNYS:BILL,US2,US_SP400,PRIMARY_UNIVERSE_INDEX_AVAILABLE_NO_FROZEN_RS_BINDING,RS_NOT_VERIFIED_CURRENT_FROZEN_1425,SECTOR_RS_NOT_VERIFIED,LEAVE_ONE_OUT_PRIMARY_UNIVERSE_COHORT_MEDIAN_v0.20_NOT_CURRENT_RESULT
WSSEC:WS:XNYS:BIO,WS:XNYS:BIO,US2,US_SP400,PRIMARY_UNIVERSE_INDEX_AVAILABLE_NO_FROZEN_RS_BINDING,RS_NOT_VERIFIED_CURRENT_FROZEN_1425,SECTOR_RS_NOT_VERIFIED,LEAVE_ONE_OUT_PRIMARY_UNIVERSE_COHORT_MEDIAN_v0.20_NOT_CURRENT_RESULT
WSSEC:WS:XNYS:BJ,WS:XNYS:BJ,US2,US_SP400,PRIMARY_UNIVERSE_INDEX_AVAILABLE_NO_FROZEN_RS_BINDING,RS_NOT_VERIFIED_CURRENT_FROZEN_1425,SECTOR_RS_NOT_VERIFIED,LEAVE_ONE_OUT_PRIMARY_UNIVERSE_COHORT_MEDIAN_v0.20_NOT_CURRENT_RESULT
WSSEC:WS:XNYS:BKH,WS:XNYS:BKH,US2,US_SP400,PRIMARY_UNIVERSE_INDEX_AVAILABLE_NO_FROZEN_RS_BINDING,RS_NOT_VERIFIED_CURRENT_FROZEN_1425,SECTOR_RS_NOT_VERIFIED,LEAVE_ONE_OUT_PRIMARY_UNIVERSE_COHORT_MEDIAN_v0.20_NOT_CURRENT_RESULT
WSSEC:WS:XNYS:BKR,WS:XNYS:BKR,US1,US_SP500,PRIMARY_UNIVERSE_INDEX_AVAILABLE_NO_FROZEN_RS_BINDING,RS_NOT_VERIFIED_CURRENT_FROZEN_1425,SECTOR_RS_NOT_VERIFIED,LEAVE_ONE_OUT_PRIMARY_UNIVERSE_COHORT_MEDIAN_v0.20_NOT_CURRENT_RESULT
WSSEC:WS:XNYS:BLDR,WS:XNYS:BLDR,US1,US_SP500,PRIMARY_UNIVERSE_INDEX_AVAILABLE_NO_FROZEN_RS_BINDING,RS_NOT_VERIFIED_CURRENT_FROZEN_1425,SECTOR_RS_NOT_VERIFIED,LEAVE_ONE_OUT_PRIMARY_UNIVERSE_COHORT_MEDIAN_v0.20_NOT_CURRENT_RESULT
WSSEC:WS:XNYS:BMY,WS:XNYS:BMY,US1,US_SP500,PRIMARY_UNIVERSE_INDEX_AVAILABLE_NO_FROZEN_RS_BINDING,RS_NOT_VERIFIED_CURRENT_FROZEN_1425,SECTOR_RS_NOT_VERIFIED,LEAVE_ONE_OUT_PRIMARY_UNIVERSE_COHORT_MEDIAN_v0.20_NOT_CURRENT_RESULT
WSSEC:WS:XNYS:BNY,WS:XNYS:BNY,US1,US_SP500,PRIMARY_UNIVERSE_INDEX_AVAILABLE_NO_FROZEN_RS_BINDING,RS_NOT_VERIFIED_CURRENT_FROZEN_1425,SECTOR_RS_NOT_VERIFIED,LEAVE_ONE_OUT_PRIMARY_UNIVERSE_COHORT_MEDIAN_v0.20_NOT_CURRENT_RESULT
WSSEC:WS:XNYS:BR,WS:XNYS:BR,US1,US_SP500,PRIMARY_UNIVERSE_INDEX_AVAILABLE_NO_FROZEN_RS_BINDING,RS_NOT_VERIFIED_CURRENT_FROZEN_1425,SECTOR_RS_NOT_VERIFIED,LEAVE_ONE_OUT_PRIMARY_UNIVERSE_COHORT_MEDIAN_v0.20_NOT_CURRENT_RESULT
WSSEC:WS:XNYS:BRO,WS:XNYS:BRO,US1,US_SP500,PRIMARY_UNIVERSE_INDEX_AVAILABLE_NO_FROZEN_RS_BINDING,RS_NOT_VERIFIED_CURRENT_FROZEN_1425,SECTOR_RS_NOT_VERIFIED,LEAVE_ONE_OUT_PRIMARY_UNIVERSE_COHORT_MEDIAN_v0.20_NOT_CURRENT_RESULT
WSSEC:WS:XNYS:BROS,WS:XNYS:BROS,US2,US_SP400,PRIMARY_UNIVERSE_INDEX_AVAILABLE_NO_FROZEN_RS_BINDING,RS_NOT_VERIFIED_CURRENT_FROZEN_1425,SECTOR_RS_NOT_VERIFIED,LEAVE_ONE_OUT_PRIMARY_UNIVERSE_COHORT_MEDIAN_v0.20_NOT_CURRENT_RESULT
WSSEC:WS:XNYS:BSX,WS:XNYS:BSX,US1,US_SP500,PRIMARY_UNIVERSE_INDEX_AVAILABLE_NO_FROZEN_RS_BINDING,RS_NOT_VERIFIED_CURRENT_FROZEN_1425,SECTOR_RS_NOT_VERIFIED,LEAVE_ONE_OUT_PRIMARY_UNIVERSE_COHORT_MEDIAN_v0.20_NOT_CURRENT_RESULT
WSSEC:WS:XNYS:BURL,WS:XNYS:BURL,US2,US_SP400,PRIMARY_UNIVERSE_INDEX_AVAILABLE_NO_FROZEN_RS_BINDING,RS_NOT_VERIFIED_CURRENT_FROZEN_1425,SECTOR_RS_NOT_VERIFIED,LEAVE_ONE_OUT_PRIMARY_UNIVERSE_COHORT_MEDIAN_v0.20_NOT_CURRENT_RESULT
WSSEC:WS:XNYS:BWA,WS:XNYS:BWA,US2,US_SP400,PRIMARY_UNIVERSE_INDEX_AVAILABLE_NO_FROZEN_RS_BINDING,RS_NOT_VERIFIED_CURRENT_FROZEN_1425,SECTOR_RS_NOT_VERIFIED,LEAVE_ONE_OUT_PRIMARY_UNIVERSE_COHORT_MEDIAN_v0.20_NOT_CURRENT_RESULT
WSSEC:WS:XNYS:BWXT,WS:XNYS:BWXT,US2,US_SP400,PRIMARY_UNIVERSE_INDEX_AVAILABLE_NO_FROZEN_RS_BINDING,RS_NOT_VERIFIED_CURRENT_FROZEN_1425,SECTOR_RS_NOT_VERIFIED,LEAVE_ONE_OUT_PRIMARY_UNIVERSE_COHORT_MEDIAN_v0.20_NOT_CURRENT_RESULT
WSSEC:WS:XNYS:BYD,WS:XNYS:BYD,US2,US_SP400,PRIMARY_UNIVERSE_INDEX_AVAILABLE_NO_FROZEN_RS_BINDING,RS_NOT_VERIFIED_CURRENT_FROZEN_1425,SECTOR_RS_NOT_VERIFIED,LEAVE_ONE_OUT_PRIMARY_UNIVERSE_COHORT_MEDIAN_v0.20_NOT_CURRENT_RESULT
WSSEC:WS:XNYS:C,WS:XNYS:C,US1,US_SP500,PRIMARY_UNIVERSE_INDEX_AVAILABLE_NO_FROZEN_RS_BINDING,RS_NOT_VERIFIED_CURRENT_FROZEN_1425,SECTOR_RS_NOT_VERIFIED,LEAVE_ONE_OUT_PRIMARY_UNIVERSE_COHORT_MEDIAN_v0.20_NOT_CURRENT_RESULT
WSSEC:WS:XNYS:CACI,WS:XNYS:CACI,US2,US_SP400,PRIMARY_UNIVERSE_INDEX_AVAILABLE_NO_FROZEN_RS_BINDING,RS_NOT_VERIFIED_CURRENT_FROZEN_1425,SECTOR_RS_NOT_VERIFIED,LEAVE_ONE_OUT_PRIMARY_UNIVERSE_COHORT_MEDIAN_v0.20_NOT_CURRENT_RESULT
WSSEC:WS:XNYS:CAH,WS:XNYS:CAH,US1,US_SP500,PRIMARY_UNIVERSE_INDEX_AVAILABLE_NO_FROZEN_RS_BINDING,RS_NOT_VERIFIED_CURRENT_FROZEN_1425,SECTOR_RS_NOT_VERIFIED,LEAVE_ONE_OUT_PRIMARY_UNIVERSE_COHORT_MEDIAN_v0.20_NOT_CURRENT_RESULT
WSSEC:WS:XNYS:CARR,WS:XNYS:CARR,US1,US_SP500,PRIMARY_UNIVERSE_INDEX_AVAILABLE_NO_FROZEN_RS_BINDING,RS_NOT_VERIFIED_CURRENT_FROZEN_1425,SECTOR_RS_NOT_VERIFIED,LEAVE_ONE_OUT_PRIMARY_UNIVERSE_COHORT_MEDIAN_v0.20_NOT_CURRENT_RESULT
WSSEC:WS:XNYS:CAT,WS:XNYS:CAT,US1,US_SP500,PRIMARY_UNIVERSE_INDEX_AVAILABLE_NO_FROZEN_RS_BINDING,RS_NOT_VERIFIED_CURRENT_FROZEN_1425,SECTOR_RS_NOT_VERIFIED,LEAVE_ONE_OUT_PRIMARY_UNIVERSE_COHORT_MEDIAN_v0.20_NOT_CURRENT_RESULT
WSSEC:WS:XNYS:CAVA,WS:XNYS:CAVA,US2,US_SP400,PRIMARY_UNIVERSE_INDEX_AVAILABLE_NO_FROZEN_RS_BINDING,RS_NOT_VERIFIED_CURRENT_FROZEN_1425,SECTOR_RS_NOT_VERIFIED,LEAVE_ONE_OUT_PRIMARY_UNIVERSE_COHORT_MEDIAN_v0.20_NOT_CURRENT_RESULT
WSSEC:WS:XNYS:CBT,WS:XNYS:CBT,US2,US_SP400,PRIMARY_UNIVERSE_INDEX_AVAILABLE_NO_FROZEN_RS_BINDING,RS_NOT_VERIFIED_CURRENT_FROZEN_1425,SECTOR_RS_NOT_VERIFIED,LEAVE_ONE_OUT_PRIMARY_UNIVERSE_COHORT_MEDIAN_v0.20_NOT_CURRENT_RESULT
WSSEC:WS:XNYS:CCK,WS:XNYS:CCK,US2,US_SP400,PRIMARY_UNIVERSE_INDEX_AVAILABLE_NO_FROZEN_RS_BINDING,RS_NOT_VERIFIED_CURRENT_FROZEN_1425,SECTOR_RS_NOT_VERIFIED,LEAVE_ONE_OUT_PRIMARY_UNIVERSE_COHORT_MEDIAN_v0.20_NOT_CURRENT_RESULT
WSSEC:WS:XNYS:CDE,WS:XNYS:CDE,US2,US_SP400,PRIMARY_UNIVERSE_INDEX_AVAILABLE_NO_FROZEN_RS_BINDING,RS_NOT_VERIFIED_CURRENT_FROZEN_1425,SECTOR_RS_NOT_VERIFIED,LEAVE_ONE_OUT_PRIMARY_UNIVERSE_COHORT_MEDIAN_v0.20_NOT_CURRENT_RESULT
WSSEC:WS:XNYS:CF,WS:XNYS:CF,US1,US_SP500,PRIMARY_UNIVERSE_INDEX_AVAILABLE_NO_FROZEN_RS_BINDING,RS_NOT_VERIFIED_CURRENT_FROZEN_1425,SECTOR_RS_NOT_VERIFIED,LEAVE_ONE_OUT_PRIMARY_UNIVERSE_COHORT_MEDIAN_v0.20_NOT_CURRENT_RESULT
WSSEC:WS:XNYS:CFG,WS:XNYS:CFG,US1,US_SP500,PRIMARY_UNIVERSE_INDEX_AVAILABLE_NO_FROZEN_RS_BINDING,RS_NOT_VERIFIED_CURRENT_FROZEN_1425,SECTOR_RS_NOT_VERIFIED,LEAVE_ONE_OUT_PRIMARY_UNIVERSE_COHORT_MEDIAN_v0.20_NOT_CURRENT_RESULT
WSSEC:WS:XNYS:CFR,WS:XNYS:CFR,US2,US_SP400,PRIMARY_UNIVERSE_INDEX_AVAILABLE_NO_FROZEN_RS_BINDING,RS_NOT_VERIFIED_CURRENT_FROZEN_1425,SECTOR_RS_NOT_VERIFIED,LEAVE_ONE_OUT_PRIMARY_UNIVERSE_COHORT_MEDIAN_v0.20_NOT_CURRENT_RESULT
WSSEC:WS:XNYS:CHD,WS:XNYS:CHD,US1,US_SP500,PRIMARY_UNIVERSE_INDEX_AVAILABLE_NO_FROZEN_RS_BINDING,RS_NOT_VERIFIED_CURRENT_FROZEN_1425,SECTOR_RS_NOT_VERIFIED,LEAVE_ONE_OUT_PRIMARY_UNIVERSE_COHORT_MEDIAN_v0.20_NOT_CURRENT_RESULT
WSSEC:WS:XNYS:CHE,WS:XNYS:CHE,US2,US_SP400,PRIMARY_UNIVERSE_INDEX_AVAILABLE_NO_FROZEN_RS_BINDING,RS_NOT_VERIFIED_CURRENT_FROZEN_1425,SECTOR_RS_NOT_VERIFIED,LEAVE_ONE_OUT_PRIMARY_UNIVERSE_COHORT_MEDIAN_v0.20_NOT_CURRENT_RESULT
WSSEC:WS:XNYS:CHH,WS:XNYS:CHH,US2,US_SP400,PRIMARY_UNIVERSE_INDEX_AVAILABLE_NO_FROZEN_RS_BINDING,RS_NOT_VERIFIED_CURRENT_FROZEN_1425,SECTOR_RS_NOT_VERIFIED,LEAVE_ONE_OUT_PRIMARY_UNIVERSE_COHORT_MEDIAN_v0.20_NOT_CURRENT_RESULT
WSSEC:WS:XNYS:CHWY,WS:XNYS:CHWY,US2,US_SP400,PRIMARY_UNIVERSE_INDEX_AVAILABLE_NO_FROZEN_RS_BINDING,RS_NOT_VERIFIED_CURRENT_FROZEN_1425,SECTOR_RS_NOT_VERIFIED,LEAVE_ONE_OUT_PRIMARY_UNIVERSE_COHORT_MEDIAN_v0.20_NOT_CURRENT_RESULT
WSSEC:WS:XNYS:CL,WS:XNYS:CL,US1,US_SP500,PRIMARY_UNIVERSE_INDEX_AVAILABLE_NO_FROZEN_RS_BINDING,RS_NOT_VERIFIED_CURRENT_FROZEN_1425,SECTOR_RS_NOT_VERIFIED,LEAVE_ONE_OUT_PRIMARY_UNIVERSE_COHORT_MEDIAN_v0.20_NOT_CURRENT_RESULT
WSSEC:WS:XNYS:CLF,WS:XNYS:CLF,US2,US_SP400,PRIMARY_UNIVERSE_INDEX_AVAILABLE_NO_FROZEN_RS_BINDING,RS_NOT_VERIFIED_CURRENT_FROZEN_1425,SECTOR_RS_NOT_VERIFIED,LEAVE_ONE_OUT_PRIMARY_UNIVERSE_COHORT_MEDIAN_v0.20_NOT_CURRENT_RESULT
WSSEC:WS:XNYS:CLH,WS:XNYS:CLH,US2,US_SP400,PRIMARY_UNIVERSE_INDEX_AVAILABLE_NO_FROZEN_RS_BINDING,RS_NOT_VERIFIED_CURRENT_FROZEN_1425,SECTOR_RS_NOT_VERIFIED,LEAVE_ONE_OUT_PRIMARY_UNIVERSE_COHORT_MEDIAN_v0.20_NOT_CURRENT_RESULT
WSSEC:WS:XNYS:CLX,WS:XNYS:CLX,US1,US_SP500,PRIMARY_UNIVERSE_INDEX_AVAILABLE_NO_FROZEN_RS_BINDING,RS_NOT_VERIFIED_CURRENT_FROZEN_1425,SECTOR_RS_NOT_VERIFIED,LEAVE_ONE_OUT_PRIMARY_UNIVERSE_COHORT_MEDIAN_v0.20_NOT_CURRENT_RESULT
WSSEC:WS:XNYS:CMC,WS:XNYS:CMC,US2,US_SP400,PRIMARY_UNIVERSE_INDEX_AVAILABLE_NO_FROZEN_RS_BINDING,RS_NOT_VERIFIED_CURRENT_FROZEN_1425,SECTOR_RS_NOT_VERIFIED,LEAVE_ONE_OUT_PRIMARY_UNIVERSE_COHORT_MEDIAN_v0.20_NOT_CURRENT_RESULT
WSSEC:WS:XNYS:CMG,WS:XNYS:CMG,US1,US_SP500,PRIMARY_UNIVERSE_INDEX_AVAILABLE_NO_FROZEN_RS_BINDING,RS_NOT_VERIFIED_CURRENT_FROZEN_1425,SECTOR_RS_NOT_VERIFIED,LEAVE_ONE_OUT_PRIMARY_UNIVERSE_COHORT_MEDIAN_v0.20_NOT_CURRENT_RESULT
WSSEC:WS:XNYS:CMI,WS:XNYS:CMI,US1,US_SP500,PRIMARY_UNIVERSE_INDEX_AVAILABLE_NO_FROZEN_RS_BINDING,RS_NOT_VERIFIED_CURRENT_FROZEN_1425,SECTOR_RS_NOT_VERIFIED,LEAVE_ONE_OUT_PRIMARY_UNIVERSE_COHORT_MEDIAN_v0.20_NOT_CURRENT_RESULT
WSSEC:WS:XNYS:CMS,WS:XNYS:CMS,US1,US_SP500,PRIMARY_UNIVERSE_INDEX_AVAILABLE_NO_FROZEN_RS_BINDING,RS_NOT_VERIFIED_CURRENT_FROZEN_1425,SECTOR_RS_NOT_VERIFIED,LEAVE_ONE_OUT_PRIMARY_UNIVERSE_COHORT_MEDIAN_v0.20_NOT_CURRENT_RESULT
WSSEC:WS:XNYS:CNC,WS:XNYS:CNC,US1,US_SP500,PRIMARY_UNIVERSE_INDEX_AVAILABLE_NO_FROZEN_RS_BINDING,RS_NOT_VERIFIED_CURRENT_FROZEN_1425,SECTOR_RS_NOT_VERIFIED,LEAVE_ONE_OUT_PRIMARY_UNIVERSE_COHORT_MEDIAN_v0.20_NOT_CURRENT_RESULT
WSSEC:WS:XNYS:CNH,WS:XNYS:CNH,US2,US_SP400,PRIMARY_UNIVERSE_INDEX_AVAILABLE_NO_FROZEN_RS_BINDING,RS_NOT_VERIFIED_CURRENT_FROZEN_1425,SECTOR_RS_NOT_VERIFIED,LEAVE_ONE_OUT_PRIMARY_UNIVERSE_COHORT_MEDIAN_v0.20_NOT_CURRENT_RESULT
WSSEC:WS:XNYS:CNM,WS:XNYS:CNM,US2,US_SP400,PRIMARY_UNIVERSE_INDEX_AVAILABLE_NO_FROZEN_RS_BINDING,RS_NOT_VERIFIED_CURRENT_FROZEN_1425,SECTOR_RS_NOT_VERIFIED,LEAVE_ONE_OUT_PRIMARY_UNIVERSE_COHORT_MEDIAN_v0.20_NOT_CURRENT_RESULT
WSSEC:WS:XNYS:CNO,WS:XNYS:CNO,US2,US_SP400,PRIMARY_UNIVERSE_INDEX_AVAILABLE_NO_FROZEN_RS_BINDING,RS_NOT_VERIFIED_CURRENT_FROZEN_1425,SECTOR_RS_NOT_VERIFIED,LEAVE_ONE_OUT_PRIMARY_UNIVERSE_COHORT_MEDIAN_v0.20_NOT_CURRENT_RESULT
WSSEC:WS:XNYS:CNP,WS:XNYS:CNP,US1,US_SP500,PRIMARY_UNIVERSE_INDEX_AVAILABLE_NO_FROZEN_RS_BINDING,RS_NOT_VERIFIED_CURRENT_FROZEN_1425,SECTOR_RS_NOT_VERIFIED,LEAVE_ONE_OUT_PRIMARY_UNIVERSE_COHORT_MEDIAN_v0.20_NOT_CURRENT_RESULT
WSSEC:WS:XNYS:CNX,WS:XNYS:CNX,US2,US_SP400,PRIMARY_UNIVERSE_INDEX_AVAILABLE_NO_FROZEN_RS_BINDING,RS_NOT_VERIFIED_CURRENT_FROZEN_1425,SECTOR_RS_NOT_VERIFIED,LEAVE_ONE_OUT_PRIMARY_UNIVERSE_COHORT_MEDIAN_v0.20_NOT_CURRENT_RESULT
WSSEC:WS:XNYS:COF,WS:XNYS:COF,US1,US_SP500,PRIMARY_UNIVERSE_INDEX_AVAILABLE_NO_FROZEN_RS_BINDING,RS_NOT_VERIFIED_CURRENT_FROZEN_1425,SECTOR_RS_NOT_VERIFIED,LEAVE_ONE_OUT_PRIMARY_UNIVERSE_COHORT_MEDIAN_v0.20_NOT_CURRENT_RESULT
WSSEC:WS:XNYS:COP,WS:XNYS:COP,US1,US_SP500,PRIMARY_UNIVERSE_INDEX_AVAILABLE_NO_FROZEN_RS_BINDING,RS_NOT_VERIFIED_CURRENT_FROZEN_1425,SECTOR_RS_NOT_VERIFIED,LEAVE_ONE_OUT_PRIMARY_UNIVERSE_COHORT_MEDIAN_v0.20_NOT_CURRENT_RESULT
WSSEC:WS:XNYS:COR,WS:XNYS:COR,US1,US_SP500,PRIMARY_UNIVERSE_INDEX_AVAILABLE_NO_FROZEN_RS_BINDING,RS_NOT_VERIFIED_CURRENT_FROZEN_1425,SECTOR_RS_NOT_VERIFIED,LEAVE_ONE_OUT_PRIMARY_UNIVERSE_COHORT_MEDIAN_v0.20_NOT_CURRENT_RESULT
WSSEC:WS:XNYS:CPRI,WS:XNYS:CPRI,US2,US_SP400,PRIMARY_UNIVERSE_INDEX_AVAILABLE_NO_FROZEN_RS_BINDING,RS_NOT_VERIFIED_CURRENT_FROZEN_1425,SECTOR_RS_NOT_VERIFIED,LEAVE_ONE_OUT_PRIMARY_UNIVERSE_COHORT_MEDIAN_v0.20_NOT_CURRENT_RESULT
WSSEC:WS:XNYS:CR,WS:XNYS:CR,US2,US_SP400,PRIMARY_UNIVERSE_INDEX_AVAILABLE_NO_FROZEN_RS_BINDING,RS_NOT_VERIFIED_CURRENT_FROZEN_1425,SECTOR_RS_NOT_VERIFIED,LEAVE_ONE_OUT_PRIMARY_UNIVERSE_COHORT_MEDIAN_v0.20_NOT_CURRENT_RESULT
WSSEC:WS:XNYS:CRBG,WS:XNYS:CRBG,US2,US_SP400,PRIMARY_UNIVERSE_INDEX_AVAILABLE_NO_FROZEN_RS_BINDING,RS_NOT_VERIFIED_CURRENT_FROZEN_1425,SECTOR_RS_NOT_VERIFIED,LEAVE_ONE_OUT_PRIMARY_UNIVERSE_COHORT_MEDIAN_v0.20_NOT_CURRENT_RESULT
WSSEC:WS:XNYS:CRL,WS:XNYS:CRL,US1,US_SP500,PRIMARY_UNIVERSE_INDEX_AVAILABLE_NO_FROZEN_RS_BINDING,RS_NOT_VERIFIED_CURRENT_FROZEN_1425,SECTOR_RS_NOT_VERIFIED,LEAVE_ONE_OUT_PRIMARY_UNIVERSE_COHORT_MEDIAN_v0.20_NOT_CURRENT_RESULT
WSSEC:WS:XNYS:CRM,WS:XNYS:CRM,US1,US_SP500,PRIMARY_UNIVERSE_INDEX_AVAILABLE_NO_FROZEN_RS_BINDING,RS_NOT_VERIFIED_CURRENT_FROZEN_1425,SECTOR_RS_NOT_VERIFIED,LEAVE_ONE_OUT_PRIMARY_UNIVERSE_COHORT_MEDIAN_v0.20_NOT_CURRENT_RESULT
WSSEC:WS:XNYS:CRS,WS:XNYS:CRS,US2,US_SP400,PRIMARY_UNIVERSE_INDEX_AVAILABLE_NO_FROZEN_RS_BINDING,RS_NOT_VERIFIED_CURRENT_FROZEN_1425,SECTOR_RS_NOT_VERIFIED,LEAVE_ONE_OUT_PRIMARY_UNIVERSE_COHORT_MEDIAN_v0.20_NOT_CURRENT_RESULT
WSSEC:WS:XNYS:CSL,WS:XNYS:CSL,US2,US_SP400,PRIMARY_UNIVERSE_INDEX_AVAILABLE_NO_FROZEN_RS_BINDING,RS_NOT_VERIFIED_CURRENT_FROZEN_1425,SECTOR_RS_NOT_VERIFIED,LEAVE_ONE_OUT_PRIMARY_UNIVERSE_COHORT_MEDIAN_v0.20_NOT_CURRENT_RESULT
WSSEC:WS:XNYS:CTVA,WS:XNYS:CTVA,US1,US_SP500,PRIMARY_UNIVERSE_INDEX_AVAILABLE_NO_FROZEN_RS_BINDING,RS_NOT_VERIFIED_CURRENT_FROZEN_1425,SECTOR_RS_NOT_VERIFIED,LEAVE_ONE_OUT_PRIMARY_UNIVERSE_COHORT_MEDIAN_v0.20_NOT_CURRENT_RESULT
WSSEC:WS:XNYS:CVNA,WS:XNYS:CVNA,US1,US_SP500,PRIMARY_UNIVERSE_INDEX_AVAILABLE_NO_FROZEN_RS_BINDING,RS_NOT_VERIFIED_CURRENT_FROZEN_1425,SECTOR_RS_NOT_VERIFIED,LEAVE_ONE_OUT_PRIMARY_UNIVERSE_COHORT_MEDIAN_v0.20_NOT_CURRENT_RESULT
WSSEC:WS:XNYS:CVS,WS:XNYS:CVS,US1,US_SP500,PRIMARY_UNIVERSE_INDEX_AVAILABLE_NO_FROZEN_RS_BINDING,RS_NOT_VERIFIED_CURRENT_FROZEN_1425,SECTOR_RS_NOT_VERIFIED,LEAVE_ONE_OUT_PRIMARY_UNIVERSE_COHORT_MEDIAN_v0.20_NOT_CURRENT_RESULT
WSSEC:WS:XNYS:CVX,WS:XNYS:CVX,US1,US_SP500,PRIMARY_UNIVERSE_INDEX_AVAILABLE_NO_FROZEN_RS_BINDING,RS_NOT_VERIFIED_CURRENT_FROZEN_1425,SECTOR_RS_NOT_VERIFIED,LEAVE_ONE_OUT_PRIMARY_UNIVERSE_COHORT_MEDIAN_v0.20_NOT_CURRENT_RESULT
WSSEC:WS:XNYS:CW,WS:XNYS:CW,US2,US_SP400,PRIMARY_UNIVERSE_INDEX_AVAILABLE_NO_FROZEN_RS_BINDING,RS_NOT_VERIFIED_CURRENT_FROZEN_1425,SECTOR_RS_NOT_VERIFIED,LEAVE_ONE_OUT_PRIMARY_UNIVERSE_COHORT_MEDIAN_v0.20_NOT_CURRENT_RESULT
WSSEC:WS:XNYS:CXT,WS:XNYS:CXT,US2,US_SP400,PRIMARY_UNIVERSE_INDEX_AVAILABLE_NO_FROZEN_RS_BINDING,RS_NOT_VERIFIED_CURRENT_FROZEN_1425,SECTOR_RS_NOT_VERIFIED,LEAVE_ONE_OUT_PRIMARY_UNIVERSE_COHORT_MEDIAN_v0.20_NOT_CURRENT_RESULT
WSSEC:WS:XNYS:D,WS:XNYS:D,US1,US_SP500,PRIMARY_UNIVERSE_INDEX_AVAILABLE_NO_FROZEN_RS_BINDING,RS_NOT_VERIFIED_CURRENT_FROZEN_1425,SECTOR_RS_NOT_VERIFIED,LEAVE_ONE_OUT_PRIMARY_UNIVERSE_COHORT_MEDIAN_v0.20_NOT_CURRENT_RESULT
WSSEC:WS:XNYS:DAL,WS:XNYS:DAL,US1,US_SP500,PRIMARY_UNIVERSE_INDEX_AVAILABLE_NO_FROZEN_RS_BINDING,RS_NOT_VERIFIED_CURRENT_FROZEN_1425,SECTOR_RS_NOT_VERIFIED,LEAVE_ONE_OUT_PRIMARY_UNIVERSE_COHORT_MEDIAN_v0.20_NOT_CURRENT_RESULT
WSSEC:WS:XNYS:DAR,WS:XNYS:DAR,US2,US_SP400,PRIMARY_UNIVERSE_INDEX_AVAILABLE_NO_FROZEN_RS_BINDING,RS_NOT_VERIFIED_CURRENT_FROZEN_1425,SECTOR_RS_NOT_VERIFIED,LEAVE_ONE_OUT_PRIMARY_UNIVERSE_COHORT_MEDIAN_v0.20_NOT_CURRENT_RESULT
WSSEC:WS:XNYS:DCI,WS:XNYS:DCI,US2,US_SP400,PRIMARY_UNIVERSE_INDEX_AVAILABLE_NO_FROZEN_RS_BINDING,RS_NOT_VERIFIED_CURRENT_FROZEN_1425,SECTOR_RS_NOT_VERIFIED,LEAVE_ONE_OUT_PRIMARY_UNIVERSE_COHORT_MEDIAN_v0.20_NOT_CURRENT_RESULT
WSSEC:WS:XNYS:DE,WS:XNYS:DE,US1,US_SP500,PRIMARY_UNIVERSE_INDEX_AVAILABLE_NO_FROZEN_RS_BINDING,RS_NOT_VERIFIED_CURRENT_FROZEN_1425,SECTOR_RS_NOT_VERIFIED,LEAVE_ONE_OUT_PRIMARY_UNIVERSE_COHORT_MEDIAN_v0.20_NOT_CURRENT_RESULT
WSSEC:WS:XNYS:DG,WS:XNYS:DG,US1,US_SP500,PRIMARY_UNIVERSE_INDEX_AVAILABLE_NO_FROZEN_RS_BINDING,RS_NOT_VERIFIED_CURRENT_FROZEN_1425,SECTOR_RS_NOT_VERIFIED,LEAVE_ONE_OUT_PRIMARY_UNIVERSE_COHORT_MEDIAN_v0.20_NOT_CURRENT_RESULT
WSSEC:WS:XNYS:DHI,WS:XNYS:DHI,US1,US_SP500,PRIMARY_UNIVERSE_INDEX_AVAILABLE_NO_FROZEN_RS_BINDING,RS_NOT_VERIFIED_CURRENT_FROZEN_1425,SECTOR_RS_NOT_VERIFIED,LEAVE_ONE_OUT_PRIMARY_UNIVERSE_COHORT_MEDIAN_v0.20_NOT_CURRENT_RESULT
WSSEC:WS:XNYS:DHR,WS:XNYS:DHR,US1,US_SP500,PRIMARY_UNIVERSE_INDEX_AVAILABLE_NO_FROZEN_RS_BINDING,RS_NOT_VERIFIED_CURRENT_FROZEN_1425,SECTOR_RS_NOT_VERIFIED,LEAVE_ONE_OUT_PRIMARY_UNIVERSE_COHORT_MEDIAN_v0.20_NOT_CURRENT_RESULT
WSSEC:WS:XNYS:DINO,WS:XNYS:DINO,US2,US_SP400,PRIMARY_UNIVERSE_INDEX_AVAILABLE_NO_FROZEN_RS_BINDING,RS_NOT_VERIFIED_CURRENT_FROZEN_1425,SECTOR_RS_NOT_VERIFIED,LEAVE_ONE_OUT_PRIMARY_UNIVERSE_COHORT_MEDIAN_v0.20_NOT_CURRENT_RESULT
WSSEC:WS:XNYS:DIS,WS:XNYS:DIS,US1,US_SP500,PRIMARY_UNIVERSE_INDEX_AVAILABLE_NO_FROZEN_RS_BINDING,RS_NOT_VERIFIED_CURRENT_FROZEN_1425,SECTOR_RS_NOT_VERIFIED,LEAVE_ONE_OUT_PRIMARY_UNIVERSE_COHORT_MEDIAN_v0.20_NOT_CURRENT_RESULT
WSSEC:WS:XNYS:DKS,WS:XNYS:DKS,US2,US_SP400,PRIMARY_UNIVERSE_INDEX_AVAILABLE_NO_FROZEN_RS_BINDING,RS_NOT_VERIFIED_CURRENT_FROZEN_1425,SECTOR_RS_NOT_VERIFIED,LEAVE_ONE_OUT_PRIMARY_UNIVERSE_COHORT_MEDIAN_v0.20_NOT_CURRENT_RESULT
WSSEC:WS:XNYS:DLB,WS:XNYS:DLB,US2,US_SP400,PRIMARY_UNIVERSE_INDEX_AVAILABLE_NO_FROZEN_RS_BINDING,RS_NOT_VERIFIED_CURRENT_FROZEN_1425,SECTOR_RS_NOT_VERIFIED,LEAVE_ONE_OUT_PRIMARY_UNIVERSE_COHORT_MEDIAN_v0.20_NOT_CURRENT_RESULT
WSSEC:WS:XNYS:DOCN,WS:XNYS:DOCN,US2,US_SP400,PRIMARY_UNIVERSE_INDEX_AVAILABLE_NO_FROZEN_RS_BINDING,RS_NOT_VERIFIED_CURRENT_FROZEN_1425,SECTOR_RS_NOT_VERIFIED,LEAVE_ONE_OUT_PRIMARY_UNIVERSE_COHORT_MEDIAN_v0.20_NOT_CURRENT_RESULT
WSSEC:WS:XNYS:DOCS,WS:XNYS:DOCS,US2,US_SP400,PRIMARY_UNIVERSE_INDEX_AVAILABLE_NO_FROZEN_RS_BINDING,RS_NOT_VERIFIED_CURRENT_FROZEN_1425,SECTOR_RS_NOT_VERIFIED,LEAVE_ONE_OUT_PRIMARY_UNIVERSE_COHORT_MEDIAN_v0.20_NOT_CURRENT_RESULT
WSSEC:WS:XNYS:DOV,WS:XNYS:DOV,US1,US_SP500,PRIMARY_UNIVERSE_INDEX_AVAILABLE_NO_FROZEN_RS_BINDING,RS_NOT_VERIFIED_CURRENT_FROZEN_1425,SECTOR_RS_NOT_VERIFIED,LEAVE_ONE_OUT_PRIMARY_UNIVERSE_COHORT_MEDIAN_v0.20_NOT_CURRENT_RESULT
WSSEC:WS:XNYS:DPZ,WS:XNYS:DPZ,US1,US_SP500,PRIMARY_UNIVERSE_INDEX_AVAILABLE_NO_FROZEN_RS_BINDING,RS_NOT_VERIFIED_CURRENT_FROZEN_1425,SECTOR_RS_NOT_VERIFIED,LEAVE_ONE_OUT_PRIMARY_UNIVERSE_COHORT_MEDIAN_v0.20_NOT_CURRENT_RESULT
WSSEC:WS:XNYS:DRI,WS:XNYS:DRI,US1,US_SP500,PRIMARY_UNIVERSE_INDEX_AVAILABLE_NO_FROZEN_RS_BINDING,RS_NOT_VERIFIED_CURRENT_FROZEN_1425,SECTOR_RS_NOT_VERIFIED,LEAVE_ONE_OUT_PRIMARY_UNIVERSE_COHORT_MEDIAN_v0.20_NOT_CURRENT_RESULT
WSSEC:WS:XNYS:DT,WS:XNYS:DT,US2,US_SP400,PRIMARY_UNIVERSE_INDEX_AVAILABLE_NO_FROZEN_RS_BINDING,RS_NOT_VERIFIED_CURRENT_FROZEN_1425,SECTOR_RS_NOT_VERIFIED,LEAVE_ONE_OUT_PRIMARY_UNIVERSE_COHORT_MEDIAN_v0.20_NOT_CURRENT_RESULT
WSSEC:WS:XNYS:DTM,WS:XNYS:DTM,US2,US_SP400,PRIMARY_UNIVERSE_INDEX_AVAILABLE_NO_FROZEN_RS_BINDING,RS_NOT_VERIFIED_CURRENT_FROZEN_1425,SECTOR_RS_NOT_VERIFIED,LEAVE_ONE_OUT_PRIMARY_UNIVERSE_COHORT_MEDIAN_v0.20_NOT_CURRENT_RESULT
WSSEC:WS:XNYS:DUK,WS:XNYS:DUK,US1,US_SP500,PRIMARY_UNIVERSE_INDEX_AVAILABLE_NO_FROZEN_RS_BINDING,RS_NOT_VERIFIED_CURRENT_FROZEN_1425,SECTOR_RS_NOT_VERIFIED,LEAVE_ONE_OUT_PRIMARY_UNIVERSE_COHORT_MEDIAN_v0.20_NOT_CURRENT_RESULT
WSSEC:WS:XNYS:DVA,WS:XNYS:DVA,US1,US_SP500,PRIMARY_UNIVERSE_INDEX_AVAILABLE_NO_FROZEN_RS_BINDING,RS_NOT_VERIFIED_CURRENT_FROZEN_1425,SECTOR_RS_NOT_VERIFIED,LEAVE_ONE_OUT_PRIMARY_UNIVERSE_COHORT_MEDIAN_v0.20_NOT_CURRENT_RESULT
WSSEC:WS:XNYS:DVN,WS:XNYS:DVN,US1,US_SP500,PRIMARY_UNIVERSE_INDEX_AVAILABLE_NO_FROZEN_RS_BINDING,RS_NOT_VERIFIED_CURRENT_FROZEN_1425,SECTOR_RS_NOT_VERIFIED,LEAVE_ONE_OUT_PRIMARY_UNIVERSE_COHORT_MEDIAN_v0.20_NOT_CURRENT_RESULT
WSSEC:WS:XNYS:DY,WS:XNYS:DY,US2,US_SP400,PRIMARY_UNIVERSE_INDEX_AVAILABLE_NO_FROZEN_RS_BINDING,RS_NOT_VERIFIED_CURRENT_FROZEN_1425,SECTOR_RS_NOT_VERIFIED,LEAVE_ONE_OUT_PRIMARY_UNIVERSE_COHORT_MEDIAN_v0.20_NOT_CURRENT_RESULT
WSSEC:WS:XNYS:ECL,WS:XNYS:ECL,US1,US_SP500,PRIMARY_UNIVERSE_INDEX_AVAILABLE_NO_FROZEN_RS_BINDING,RS_NOT_VERIFIED_CURRENT_FROZEN_1425,SECTOR_RS_NOT_VERIFIED,LEAVE_ONE_OUT_PRIMARY_UNIVERSE_COHORT_MEDIAN_v0.20_NOT_CURRENT_RESULT
WSSEC:WS:XNYS:ED,WS:XNYS:ED,US1,US_SP500,PRIMARY_UNIVERSE_INDEX_AVAILABLE_NO_FROZEN_RS_BINDING,RS_NOT_VERIFIED_CURRENT_FROZEN_1425,SECTOR_RS_NOT_VERIFIED,LEAVE_ONE_OUT_PRIMARY_UNIVERSE_COHORT_MEDIAN_v0.20_NOT_CURRENT_RESULT
WSSEC:WS:XNYS:EFX,WS:XNYS:EFX,US1,US_SP500,PRIMARY_UNIVERSE_INDEX_AVAILABLE_NO_FROZEN_RS_BINDING,RS_NOT_VERIFIED_CURRENT_FROZEN_1425,SECTOR_RS_NOT_VERIFIED,LEAVE_ONE_OUT_PRIMARY_UNIVERSE_COHORT_MEDIAN_v0.20_NOT_CURRENT_RESULT
WSSEC:WS:XNYS:EHC,WS:XNYS:EHC,US2,US_SP400,PRIMARY_UNIVERSE_INDEX_AVAILABLE_NO_FROZEN_RS_BINDING,RS_NOT_VERIFIED_CURRENT_FROZEN_1425,SECTOR_RS_NOT_VERIFIED,LEAVE_ONE_OUT_PRIMARY_UNIVERSE_COHORT_MEDIAN_v0.20_NOT_CURRENT_RESULT
WSSEC:WS:XNYS:EIX,WS:XNYS:EIX,US1,US_SP500,PRIMARY_UNIVERSE_INDEX_AVAILABLE_NO_FROZEN_RS_BINDING,RS_NOT_VERIFIED_CURRENT_FROZEN_1425,SECTOR_RS_NOT_VERIFIED,LEAVE_ONE_OUT_PRIMARY_UNIVERSE_COHORT_MEDIAN_v0.20_NOT_CURRENT_RESULT
WSSEC:WS:XNYS:EL,WS:XNYS:EL,US1,US_SP500,PRIMARY_UNIVERSE_INDEX_AVAILABLE_NO_FROZEN_RS_BINDING,RS_NOT_VERIFIED_CURRENT_FROZEN_1425,SECTOR_RS_NOT_VERIFIED,LEAVE_ONE_OUT_PRIMARY_UNIVERSE_COHORT_MEDIAN_v0.20_NOT_CURRENT_RESULT
WSSEC:WS:XNYS:ELAN,WS:XNYS:ELAN,US2,US_SP400,PRIMARY_UNIVERSE_INDEX_AVAILABLE_NO_FROZEN_RS_BINDING,RS_NOT_VERIFIED_CURRENT_FROZEN_1425,SECTOR_RS_NOT_VERIFIED,LEAVE_ONE_OUT_PRIMARY_UNIVERSE_COHORT_MEDIAN_v0.20_NOT_CURRENT_RESULT
WSSEC:WS:XNYS:ELF,WS:XNYS:ELF,US2,US_SP400,PRIMARY_UNIVERSE_INDEX_AVAILABLE_NO_FROZEN_RS_BINDING,RS_NOT_VERIFIED_CURRENT_FROZEN_1425,SECTOR_RS_NOT_VERIFIED,LEAVE_ONE_OUT_PRIMARY_UNIVERSE_COHORT_MEDIAN_v0.20_NOT_CURRENT_RESULT
WSSEC:WS:XNYS:ELV,WS:XNYS:ELV,US1,US_SP500,PRIMARY_UNIVERSE_INDEX_AVAILABLE_NO_FROZEN_RS_BINDING,RS_NOT_VERIFIED_CURRENT_FROZEN_1425,SECTOR_RS_NOT_VERIFIED,LEAVE_ONE_OUT_PRIMARY_UNIVERSE_COHORT_MEDIAN_v0.20_NOT_CURRENT_RESULT
WSSEC:WS:XNYS:EME,WS:XNYS:EME,US1,US_SP500,PRIMARY_UNIVERSE_INDEX_AVAILABLE_NO_FROZEN_RS_BINDING,RS_NOT_VERIFIED_CURRENT_FROZEN_1425,SECTOR_RS_NOT_VERIFIED,LEAVE_ONE_OUT_PRIMARY_UNIVERSE_COHORT_MEDIAN_v0.20_NOT_CURRENT_RESULT
WSSEC:WS:XNYS:EMR,WS:XNYS:EMR,US1,US_SP500,PRIMARY_UNIVERSE_INDEX_AVAILABLE_NO_FROZEN_RS_BINDING,RS_NOT_VERIFIED_CURRENT_FROZEN_1425,SECTOR_RS_NOT_VERIFIED,LEAVE_ONE_OUT_PRIMARY_UNIVERSE_COHORT_MEDIAN_v0.20_NOT_CURRENT_RESULT
WSSEC:WS:XNYS:ENS,WS:XNYS:ENS,US2,US_SP400,PRIMARY_UNIVERSE_INDEX_AVAILABLE_NO_FROZEN_RS_BINDING,RS_NOT_VERIFIED_CURRENT_FROZEN_1425,SECTOR_RS_NOT_VERIFIED,LEAVE_ONE_OUT_PRIMARY_UNIVERSE_COHORT_MEDIAN_v0.20_NOT_CURRENT_RESULT
WSSEC:WS:XNYS:EOG,WS:XNYS:EOG,US1,US_SP500,PRIMARY_UNIVERSE_INDEX_AVAILABLE_NO_FROZEN_RS_BINDING,RS_NOT_VERIFIED_CURRENT_FROZEN_1425,SECTOR_RS_NOT_VERIFIED,LEAVE_ONE_OUT_PRIMARY_UNIVERSE_COHORT_MEDIAN_v0.20_NOT_CURRENT_RESULT
WSSEC:WS:XNYS:EQH,WS:XNYS:EQH,US2,US_SP400,PRIMARY_UNIVERSE_INDEX_AVAILABLE_NO_FROZEN_RS_BINDING,RS_NOT_VERIFIED_CURRENT_FROZEN_1425,SECTOR_RS_NOT_VERIFIED,LEAVE_ONE_OUT_PRIMARY_UNIVERSE_COHORT_MEDIAN_v0.20_NOT_CURRENT_RESULT
WSSEC:WS:XNYS:EQT,WS:XNYS:EQT,US1,US_SP500,PRIMARY_UNIVERSE_INDEX_AVAILABLE_NO_FROZEN_RS_BINDING,RS_NOT_VERIFIED_CURRENT_FROZEN_1425,SECTOR_RS_NOT_VERIFIED,LEAVE_ONE_OUT_PRIMARY_UNIVERSE_COHORT_MEDIAN_v0.20_NOT_CURRENT_RESULT
WSSEC:WS:XNYS:ES,WS:XNYS:ES,US1,US_SP500,PRIMARY_UNIVERSE_INDEX_AVAILABLE_NO_FROZEN_RS_BINDING,RS_NOT_VERIFIED_CURRENT_FROZEN_1425,SECTOR_RS_NOT_VERIFIED,LEAVE_ONE_OUT_PRIMARY_UNIVERSE_COHORT_MEDIAN_v0.20_NOT_CURRENT_RESULT
WSSEC:WS:XNYS:ESAB,WS:XNYS:ESAB,US2,US_SP400,PRIMARY_UNIVERSE_INDEX_AVAILABLE_NO_FROZEN_RS_BINDING,RS_NOT_VERIFIED_CURRENT_FROZEN_1425,SECTOR_RS_NOT_VERIFIED,LEAVE_ONE_OUT_PRIMARY_UNIVERSE_COHORT_MEDIAN_v0.20_NOT_CURRENT_RESULT
WSSEC:WS:XNYS:ESNT,WS:XNYS:ESNT,US2,US_SP400,PRIMARY_UNIVERSE_INDEX_AVAILABLE_NO_FROZEN_RS_BINDING,RS_NOT_VERIFIED_CURRENT_FROZEN_1425,SECTOR_RS_NOT_VERIFIED,LEAVE_ONE_OUT_PRIMARY_UNIVERSE_COHORT_MEDIAN_v0.20_NOT_CURRENT_RESULT
WSSEC:WS:XNYS:ETR,WS:XNYS:ETR,US1,US_SP500,PRIMARY_UNIVERSE_INDEX_AVAILABLE_NO_FROZEN_RS_BINDING,RS_NOT_VERIFIED_CURRENT_FROZEN_1425,SECTOR_RS_NOT_VERIFIED,LEAVE_ONE_OUT_PRIMARY_UNIVERSE_COHORT_MEDIAN_v0.20_NOT_CURRENT_RESULT
WSSEC:WS:XNYS:EVR,WS:XNYS:EVR,US2,US_SP400,PRIMARY_UNIVERSE_INDEX_AVAILABLE_NO_FROZEN_RS_BINDING,RS_NOT_VERIFIED_CURRENT_FROZEN_1425,SECTOR_RS_NOT_VERIFIED,LEAVE_ONE_OUT_PRIMARY_UNIVERSE_COHORT_MEDIAN_v0.20_NOT_CURRENT_RESULT
WSSEC:WS:XNYS:EVRG,WS:XNYS:EVRG,US1,US_SP500,PRIMARY_UNIVERSE_INDEX_AVAILABLE_NO_FROZEN_RS_BINDING,RS_NOT_VERIFIED_CURRENT_FROZEN_1425,SECTOR_RS_NOT_VERIFIED,LEAVE_ONE_OUT_PRIMARY_UNIVERSE_COHORT_MEDIAN_v0.20_NOT_CURRENT_RESULT
WSSEC:WS:XNYS:EW,WS:XNYS:EW,US1,US_SP500,PRIMARY_UNIVERSE_INDEX_AVAILABLE_NO_FROZEN_RS_BINDING,RS_NOT_VERIFIED_CURRENT_FROZEN_1425,SECTOR_RS_NOT_VERIFIED,LEAVE_ONE_OUT_PRIMARY_UNIVERSE_COHORT_MEDIAN_v0.20_NOT_CURRENT_RESULT
WSSEC:WS:XNYS:EXC,WS:XNYS:EXC,US1,US_SP500,PRIMARY_UNIVERSE_INDEX_AVAILABLE_NO_FROZEN_RS_BINDING,RS_NOT_VERIFIED_CURRENT_FROZEN_1425,SECTOR_RS_NOT_VERIFIED,LEAVE_ONE_OUT_PRIMARY_UNIVERSE_COHORT_MEDIAN_v0.20_NOT_CURRENT_RESULT
WSSEC:WS:XNYS:EXP,WS:XNYS:EXP,US2,US_SP400,PRIMARY_UNIVERSE_INDEX_AVAILABLE_NO_FROZEN_RS_BINDING,RS_NOT_VERIFIED_CURRENT_FROZEN_1425,SECTOR_RS_NOT_VERIFIED,LEAVE_ONE_OUT_PRIMARY_UNIVERSE_COHORT_MEDIAN_v0.20_NOT_CURRENT_RESULT
WSSEC:WS:XNYS:F,WS:XNYS:F,US1,US_SP500,PRIMARY_UNIVERSE_INDEX_AVAILABLE_NO_FROZEN_RS_BINDING,RS_NOT_VERIFIED_CURRENT_FROZEN_1425,SECTOR_RS_NOT_VERIFIED,LEAVE_ONE_OUT_PRIMARY_UNIVERSE_COHORT_MEDIAN_v0.20_NOT_CURRENT_RESULT
WSSEC:WS:XNYS:FAF,WS:XNYS:FAF,US2,US_SP400,PRIMARY_UNIVERSE_INDEX_AVAILABLE_NO_FROZEN_RS_BINDING,RS_NOT_VERIFIED_CURRENT_FROZEN_1425,SECTOR_RS_NOT_VERIFIED,LEAVE_ONE_OUT_PRIMARY_UNIVERSE_COHORT_MEDIAN_v0.20_NOT_CURRENT_RESULT
WSSEC:WS:XNYS:FBIN,WS:XNYS:FBIN,US2,US_SP400,PRIMARY_UNIVERSE_INDEX_AVAILABLE_NO_FROZEN_RS_BINDING,RS_NOT_VERIFIED_CURRENT_FROZEN_1425,SECTOR_RS_NOT_VERIFIED,LEAVE_ONE_OUT_PRIMARY_UNIVERSE_COHORT_MEDIAN_v0.20_NOT_CURRENT_RESULT
WSSEC:WS:XNYS:FCN,WS:XNYS:FCN,US2,US_SP400,PRIMARY_UNIVERSE_INDEX_AVAILABLE_NO_FROZEN_RS_BINDING,RS_NOT_VERIFIED_CURRENT_FROZEN_1425,SECTOR_RS_NOT_VERIFIED,LEAVE_ONE_OUT_PRIMARY_UNIVERSE_COHORT_MEDIAN_v0.20_NOT_CURRENT_RESULT
WSSEC:WS:XNYS:FCX,WS:XNYS:FCX,US1,US_SP500,PRIMARY_UNIVERSE_INDEX_AVAILABLE_NO_FROZEN_RS_BINDING,RS_NOT_VERIFIED_CURRENT_FROZEN_1425,SECTOR_RS_NOT_VERIFIED,LEAVE_ONE_OUT_PRIMARY_UNIVERSE_COHORT_MEDIAN_v0.20_NOT_CURRENT_RESULT
WSSEC:WS:XNYS:FDS,WS:XNYS:FDS,US1,US_SP500,PRIMARY_UNIVERSE_INDEX_AVAILABLE_NO_FROZEN_RS_BINDING,RS_NOT_VERIFIED_CURRENT_FROZEN_1425,SECTOR_RS_NOT_VERIFIED,LEAVE_ONE_OUT_PRIMARY_UNIVERSE_COHORT_MEDIAN_v0.20_NOT_CURRENT_RESULT
WSSEC:WS:XNYS:FDX,WS:XNYS:FDX,US1,US_SP500,PRIMARY_UNIVERSE_INDEX_AVAILABLE_NO_FROZEN_RS_BINDING,RS_NOT_VERIFIED_CURRENT_FROZEN_1425,SECTOR_RS_NOT_VERIFIED,LEAVE_ONE_OUT_PRIMARY_UNIVERSE_COHORT_MEDIAN_v0.20_NOT_CURRENT_RESULT
WSSEC:WS:XNYS:FE,WS:XNYS:FE,US1,US_SP500,PRIMARY_UNIVERSE_INDEX_AVAILABLE_NO_FROZEN_RS_BINDING,RS_NOT_VERIFIED_CURRENT_FROZEN_1425,SECTOR_RS_NOT_VERIFIED,LEAVE_ONE_OUT_PRIMARY_UNIVERSE_COHORT_MEDIAN_v0.20_NOT_CURRENT_RESULT
WSSEC:WS:XNYS:FERG,WS:XNYS:FERG,US1,US_SP500,PRIMARY_UNIVERSE_INDEX_AVAILABLE_NO_FROZEN_RS_BINDING,RS_NOT_VERIFIED_CURRENT_FROZEN_1425,SECTOR_RS_NOT_VERIFIED,LEAVE_ONE_OUT_PRIMARY_UNIVERSE_COHORT_MEDIAN_v0.20_NOT_CURRENT_RESULT
WSSEC:WS:XNYS:FHI,WS:XNYS:FHI,US2,US_SP400,PRIMARY_UNIVERSE_INDEX_AVAILABLE_NO_FROZEN_RS_BINDING,RS_NOT_VERIFIED_CURRENT_FROZEN_1425,SECTOR_RS_NOT_VERIFIED,LEAVE_ONE_OUT_PRIMARY_UNIVERSE_COHORT_MEDIAN_v0.20_NOT_CURRENT_RESULT
WSSEC:WS:XNYS:FHN,WS:XNYS:FHN,US2,US_SP400,PRIMARY_UNIVERSE_INDEX_AVAILABLE_NO_FROZEN_RS_BINDING,RS_NOT_VERIFIED_CURRENT_FROZEN_1425,SECTOR_RS_NOT_VERIFIED,LEAVE_ONE_OUT_PRIMARY_UNIVERSE_COHORT_MEDIAN_v0.20_NOT_CURRENT_RESULT
WSSEC:WS:XNYS:FICO,WS:XNYS:FICO,US1,US_SP500,PRIMARY_UNIVERSE_INDEX_AVAILABLE_NO_FROZEN_RS_BINDING,RS_NOT_VERIFIED_CURRENT_FROZEN_1425,SECTOR_RS_NOT_VERIFIED,LEAVE_ONE_OUT_PRIMARY_UNIVERSE_COHORT_MEDIAN_v0.20_NOT_CURRENT_RESULT
WSSEC:WS:XNYS:FIS,WS:XNYS:FIS,US1,US_SP500,PRIMARY_UNIVERSE_INDEX_AVAILABLE_NO_FROZEN_RS_BINDING,RS_NOT_VERIFIED_CURRENT_FROZEN_1425,SECTOR_RS_NOT_VERIFIED,LEAVE_ONE_OUT_PRIMARY_UNIVERSE_COHORT_MEDIAN_v0.20_NOT_CURRENT_RESULT
WSSEC:WS:XNYS:FIX,WS:XNYS:FIX,US1,US_SP500,PRIMARY_UNIVERSE_INDEX_AVAILABLE_NO_FROZEN_RS_BINDING,RS_NOT_VERIFIED_CURRENT_FROZEN_1425,SECTOR_RS_NOT_VERIFIED,LEAVE_ONE_OUT_PRIMARY_UNIVERSE_COHORT_MEDIAN_v0.20_NOT_CURRENT_RESULT
WSSEC:WS:XNYS:FLG,WS:XNYS:FLG,US2,US_SP400,PRIMARY_UNIVERSE_INDEX_AVAILABLE_NO_FROZEN_RS_BINDING,RS_NOT_VERIFIED_CURRENT_FROZEN_1425,SECTOR_RS_NOT_VERIFIED,LEAVE_ONE_OUT_PRIMARY_UNIVERSE_COHORT_MEDIAN_v0.20_NOT_CURRENT_RESULT
WSSEC:WS:XNYS:FLR,WS:XNYS:FLR,US2,US_SP400,PRIMARY_UNIVERSE_INDEX_AVAILABLE_NO_FROZEN_RS_BINDING,RS_NOT_VERIFIED_CURRENT_FROZEN_1425,SECTOR_RS_NOT_VERIFIED,LEAVE_ONE_OUT_PRIMARY_UNIVERSE_COHORT_MEDIAN_v0.20_NOT_CURRENT_RESULT
WSSEC:WS:XNYS:FLS,WS:XNYS:FLS,US2,US_SP400,PRIMARY_UNIVERSE_INDEX_AVAILABLE_NO_FROZEN_RS_BINDING,RS_NOT_VERIFIED_CURRENT_FROZEN_1425,SECTOR_RS_NOT_VERIFIED,LEAVE_ONE_OUT_PRIMARY_UNIVERSE_COHORT_MEDIAN_v0.20_NOT_CURRENT_RESULT
WSSEC:WS:XNYS:FN,WS:XNYS:FN,US2,US_SP400,PRIMARY_UNIVERSE_INDEX_AVAILABLE_NO_FROZEN_RS_BINDING,RS_NOT_VERIFIED_CURRENT_FROZEN_1425,SECTOR_RS_NOT_VERIFIED,LEAVE_ONE_OUT_PRIMARY_UNIVERSE_COHORT_MEDIAN_v0.20_NOT_CURRENT_RESULT
WSSEC:WS:XNYS:FNB,WS:XNYS:FNB,US2,US_SP400,PRIMARY_UNIVERSE_INDEX_AVAILABLE_NO_FROZEN_RS_BINDING,RS_NOT_VERIFIED_CURRENT_FROZEN_1425,SECTOR_RS_NOT_VERIFIED,LEAVE_ONE_OUT_PRIMARY_UNIVERSE_COHORT_MEDIAN_v0.20_NOT_CURRENT_RESULT
WSSEC:WS:XNYS:FND,WS:XNYS:FND,US2,US_SP400,PRIMARY_UNIVERSE_INDEX_AVAILABLE_NO_FROZEN_RS_BINDING,RS_NOT_VERIFIED_CURRENT_FROZEN_1425,SECTOR_RS_NOT_VERIFIED,LEAVE_ONE_OUT_PRIMARY_UNIVERSE_COHORT_MEDIAN_v0.20_NOT_CURRENT_RESULT
WSSEC:WS:XNYS:FNF,WS:XNYS:FNF,US2,US_SP400,PRIMARY_UNIVERSE_INDEX_AVAILABLE_NO_FROZEN_RS_BINDING,RS_NOT_VERIFIED_CURRENT_FROZEN_1425,SECTOR_RS_NOT_VERIFIED,LEAVE_ONE_OUT_PRIMARY_UNIVERSE_COHORT_MEDIAN_v0.20_NOT_CURRENT_RESULT
WSSEC:WS:XNYS:FOUR,WS:XNYS:FOUR,US2,US_SP400,PRIMARY_UNIVERSE_INDEX_AVAILABLE_NO_FROZEN_RS_BINDING,RS_NOT_VERIFIED_CURRENT_FROZEN_1425,SECTOR_RS_NOT_VERIFIED,LEAVE_ONE_OUT_PRIMARY_UNIVERSE_COHORT_MEDIAN_v0.20_NOT_CURRENT_RESULT
WSSEC:WS:XNYS:FTI,WS:XNYS:FTI,US2,US_SP400,PRIMARY_UNIVERSE_INDEX_AVAILABLE_NO_FROZEN_RS_BINDING,RS_NOT_VERIFIED_CURRENT_FROZEN_1425,SECTOR_RS_NOT_VERIFIED,LEAVE_ONE_OUT_PRIMARY_UNIVERSE_COHORT_MEDIAN_v0.20_NOT_CURRENT_RESULT
WSSEC:WS:XNYS:FTV,WS:XNYS:FTV,US1,US_SP500,PRIMARY_UNIVERSE_INDEX_AVAILABLE_NO_FROZEN_RS_BINDING,RS_NOT_VERIFIED_CURRENT_FROZEN_1425,SECTOR_RS_NOT_VERIFIED,LEAVE_ONE_OUT_PRIMARY_UNIVERSE_COHORT_MEDIAN_v0.20_NOT_CURRENT_RESULT
WSSEC:WS:XNYS:G,WS:XNYS:G,US2,US_SP400,PRIMARY_UNIVERSE_INDEX_AVAILABLE_NO_FROZEN_RS_BINDING,RS_NOT_VERIFIED_CURRENT_FROZEN_1425,SECTOR_RS_NOT_VERIFIED,LEAVE_ONE_OUT_PRIMARY_UNIVERSE_COHORT_MEDIAN_v0.20_NOT_CURRENT_RESULT
WSSEC:WS:XNYS:GAP,WS:XNYS:GAP,US2,US_SP400,PRIMARY_UNIVERSE_INDEX_AVAILABLE_NO_FROZEN_RS_BINDING,RS_NOT_VERIFIED_CURRENT_FROZEN_1425,SECTOR_RS_NOT_VERIFIED,LEAVE_ONE_OUT_PRIMARY_UNIVERSE_COHORT_MEDIAN_v0.20_NOT_CURRENT_RESULT
WSSEC:WS:XNYS:GATX,WS:XNYS:GATX,US2,US_SP400,PRIMARY_UNIVERSE_INDEX_AVAILABLE_NO_FROZEN_RS_BINDING,RS_NOT_VERIFIED_CURRENT_FROZEN_1425,SECTOR_RS_NOT_VERIFIED,LEAVE_ONE_OUT_PRIMARY_UNIVERSE_COHORT_MEDIAN_v0.20_NOT_CURRENT_RESULT
WSSEC:WS:XNYS:GBCI,WS:XNYS:GBCI,US2,US_SP400,PRIMARY_UNIVERSE_INDEX_AVAILABLE_NO_FROZEN_RS_BINDING,RS_NOT_VERIFIED_CURRENT_FROZEN_1425,SECTOR_RS_NOT_VERIFIED,LEAVE_ONE_OUT_PRIMARY_UNIVERSE_COHORT_MEDIAN_v0.20_NOT_CURRENT_RESULT
WSSEC:WS:XNYS:GD,WS:XNYS:GD,US1,US_SP500,PRIMARY_UNIVERSE_INDEX_AVAILABLE_NO_FROZEN_RS_BINDING,RS_NOT_VERIFIED_CURRENT_FROZEN_1425,SECTOR_RS_NOT_VERIFIED,LEAVE_ONE_OUT_PRIMARY_UNIVERSE_COHORT_MEDIAN_v0.20_NOT_CURRENT_RESULT
WSSEC:WS:XNYS:GEF,WS:XNYS:GEF,US2,US_SP400,PRIMARY_UNIVERSE_INDEX_AVAILABLE_NO_FROZEN_RS_BINDING,RS_NOT_VERIFIED_CURRENT_FROZEN_1425,SECTOR_RS_NOT_VERIFIED,LEAVE_ONE_OUT_PRIMARY_UNIVERSE_COHORT_MEDIAN_v0.20_NOT_CURRENT_RESULT
WSSEC:WS:XNYS:GEV,WS:XNYS:GEV,US1,US_SP500,PRIMARY_UNIVERSE_INDEX_AVAILABLE_NO_FROZEN_RS_BINDING,RS_NOT_VERIFIED_CURRENT_FROZEN_1425,SECTOR_RS_NOT_VERIFIED,LEAVE_ONE_OUT_PRIMARY_UNIVERSE_COHORT_MEDIAN_v0.20_NOT_CURRENT_RESULT
WSSEC:WS:XNYS:GGG,WS:XNYS:GGG,US2,US_SP400,PRIMARY_UNIVERSE_INDEX_AVAILABLE_NO_FROZEN_RS_BINDING,RS_NOT_VERIFIED_CURRENT_FROZEN_1425,SECTOR_RS_NOT_VERIFIED,LEAVE_ONE_OUT_PRIMARY_UNIVERSE_COHORT_MEDIAN_v0.20_NOT_CURRENT_RESULT
WSSEC:WS:XNYS:GHC,WS:XNYS:GHC,US2,US_SP400,PRIMARY_UNIVERSE_INDEX_AVAILABLE_NO_FROZEN_RS_BINDING,RS_NOT_VERIFIED_CURRENT_FROZEN_1425,SECTOR_RS_NOT_VERIFIED,LEAVE_ONE_OUT_PRIMARY_UNIVERSE_COHORT_MEDIAN_v0.20_NOT_CURRENT_RESULT
WSSEC:WS:XNYS:GL,WS:XNYS:GL,US1,US_SP500,PRIMARY_UNIVERSE_INDEX_AVAILABLE_NO_FROZEN_RS_BINDING,RS_NOT_VERIFIED_CURRENT_FROZEN_1425,SECTOR_RS_NOT_VERIFIED,LEAVE_ONE_OUT_PRIMARY_UNIVERSE_COHORT_MEDIAN_v0.20_NOT_CURRENT_RESULT
WSSEC:WS:XNYS:GLW,WS:XNYS:GLW,US1,US_SP500,PRIMARY_UNIVERSE_INDEX_AVAILABLE_NO_FROZEN_RS_BINDING,RS_NOT_VERIFIED_CURRENT_FROZEN_1425,SECTOR_RS_NOT_VERIFIED,LEAVE_ONE_OUT_PRIMARY_UNIVERSE_COHORT_MEDIAN_v0.20_NOT_CURRENT_RESULT
WSSEC:WS:XNYS:GM,WS:XNYS:GM,US1,US_SP500,PRIMARY_UNIVERSE_INDEX_AVAILABLE_NO_FROZEN_RS_BINDING,RS_NOT_VERIFIED_CURRENT_FROZEN_1425,SECTOR_RS_NOT_VERIFIED,LEAVE_ONE_OUT_PRIMARY_UNIVERSE_COHORT_MEDIAN_v0.20_NOT_CURRENT_RESULT
WSSEC:WS:XNYS:GME,WS:XNYS:GME,US2,US_SP400,PRIMARY_UNIVERSE_INDEX_AVAILABLE_NO_FROZEN_RS_BINDING,RS_NOT_VERIFIED_CURRENT_FROZEN_1425,SECTOR_RS_NOT_VERIFIED,LEAVE_ONE_OUT_PRIMARY_UNIVERSE_COHORT_MEDIAN_v0.20_NOT_CURRENT_RESULT
WSSEC:WS:XNYS:GMED,WS:XNYS:GMED,US2,US_SP400,PRIMARY_UNIVERSE_INDEX_AVAILABLE_NO_FROZEN_RS_BINDING,RS_NOT_VERIFIED_CURRENT_FROZEN_1425,SECTOR_RS_NOT_VERIFIED,LEAVE_ONE_OUT_PRIMARY_UNIVERSE_COHORT_MEDIAN_v0.20_NOT_CURRENT_RESULT
WSSEC:WS:XNYS:GNRC,WS:XNYS:GNRC,US1,US_SP500,PRIMARY_UNIVERSE_INDEX_AVAILABLE_NO_FROZEN_RS_BINDING,RS_NOT_VERIFIED_CURRENT_FROZEN_1425,SECTOR_RS_NOT_VERIFIED,LEAVE_ONE_OUT_PRIMARY_UNIVERSE_COHORT_MEDIAN_v0.20_NOT_CURRENT_RESULT
WSSEC:WS:XNYS:GPC,WS:XNYS:GPC,US1,US_SP500,PRIMARY_UNIVERSE_INDEX_AVAILABLE_NO_FROZEN_RS_BINDING,RS_NOT_VERIFIED_CURRENT_FROZEN_1425,SECTOR_RS_NOT_VERIFIED,LEAVE_ONE_OUT_PRIMARY_UNIVERSE_COHORT_MEDIAN_v0.20_NOT_CURRENT_RESULT
WSSEC:WS:XNYS:GPK,WS:XNYS:GPK,US2,US_SP400,PRIMARY_UNIVERSE_INDEX_AVAILABLE_NO_FROZEN_RS_BINDING,RS_NOT_VERIFIED_CURRENT_FROZEN_1425,SECTOR_RS_NOT_VERIFIED,LEAVE_ONE_OUT_PRIMARY_UNIVERSE_COHORT_MEDIAN_v0.20_NOT_CURRENT_RESULT
WSSEC:WS:XNYS:GPN,WS:XNYS:GPN,US1,US_SP500,PRIMARY_UNIVERSE_INDEX_AVAILABLE_NO_FROZEN_RS_BINDING,RS_NOT_VERIFIED_CURRENT_FROZEN_1425,SECTOR_RS_NOT_VERIFIED,LEAVE_ONE_OUT_PRIMARY_UNIVERSE_COHORT_MEDIAN_v0.20_NOT_CURRENT_RESULT
WSSEC:WS:XNYS:GS,WS:XNYS:GS,US1,US_SP500,PRIMARY_UNIVERSE_INDEX_AVAILABLE_NO_FROZEN_RS_BINDING,RS_NOT_VERIFIED_CURRENT_FROZEN_1425,SECTOR_RS_NOT_VERIFIED,LEAVE_ONE_OUT_PRIMARY_UNIVERSE_COHORT_MEDIAN_v0.20_NOT_CURRENT_RESULT
WSSEC:WS:XNYS:GWRE,WS:XNYS:GWRE,US2,US_SP400,PRIMARY_UNIVERSE_INDEX_AVAILABLE_NO_FROZEN_RS_BINDING,RS_NOT_VERIFIED_CURRENT_FROZEN_1425,SECTOR_RS_NOT_VERIFIED,LEAVE_ONE_OUT_PRIMARY_UNIVERSE_COHORT_MEDIAN_v0.20_NOT_CURRENT_RESULT
WSSEC:WS:XNYS:GWW,WS:XNYS:GWW,US1,US_SP500,PRIMARY_UNIVERSE_INDEX_AVAILABLE_NO_FROZEN_RS_BINDING,RS_NOT_VERIFIED_CURRENT_FROZEN_1425,SECTOR_RS_NOT_VERIFIED,LEAVE_ONE_OUT_PRIMARY_UNIVERSE_COHORT_MEDIAN_v0.20_NOT_CURRENT_RESULT
WSSEC:WS:XNYS:GXO,WS:XNYS:GXO,US2,US_SP400,PRIMARY_UNIVERSE_INDEX_AVAILABLE_NO_FROZEN_RS_BINDING,RS_NOT_VERIFIED_CURRENT_FROZEN_1425,SECTOR_RS_NOT_VERIFIED,LEAVE_ONE_OUT_PRIMARY_UNIVERSE_COHORT_MEDIAN_v0.20_NOT_CURRENT_RESULT
WSSEC:WS:XNYS:H,WS:XNYS:H,US2,US_SP400,PRIMARY_UNIVERSE_INDEX_AVAILABLE_NO_FROZEN_RS_BINDING,RS_NOT_VERIFIED_CURRENT_FROZEN_1425,SECTOR_RS_NOT_VERIFIED,LEAVE_ONE_OUT_PRIMARY_UNIVERSE_COHORT_MEDIAN_v0.20_NOT_CURRENT_RESULT
WSSEC:WS:XNYS:HAE,WS:XNYS:HAE,US2,US_SP400,PRIMARY_UNIVERSE_INDEX_AVAILABLE_NO_FROZEN_RS_BINDING,RS_NOT_VERIFIED_CURRENT_FROZEN_1425,SECTOR_RS_NOT_VERIFIED,LEAVE_ONE_OUT_PRIMARY_UNIVERSE_COHORT_MEDIAN_v0.20_NOT_CURRENT_RESULT
WSSEC:WS:XNYS:HAL,WS:XNYS:HAL,US1,US_SP500,PRIMARY_UNIVERSE_INDEX_AVAILABLE_NO_FROZEN_RS_BINDING,RS_NOT_VERIFIED_CURRENT_FROZEN_1425,SECTOR_RS_NOT_VERIFIED,LEAVE_ONE_OUT_PRIMARY_UNIVERSE_COHORT_MEDIAN_v0.20_NOT_CURRENT_RESULT
WSSEC:WS:XNYS:HCA,WS:XNYS:HCA,US1,US_SP500,PRIMARY_UNIVERSE_INDEX_AVAILABLE_NO_FROZEN_RS_BINDING,RS_NOT_VERIFIED_CURRENT_FROZEN_1425,SECTOR_RS_NOT_VERIFIED,LEAVE_ONE_OUT_PRIMARY_UNIVERSE_COHORT_MEDIAN_v0.20_NOT_CURRENT_RESULT
WSSEC:WS:XNYS:HD,WS:XNYS:HD,US1,US_SP500,PRIMARY_UNIVERSE_INDEX_AVAILABLE_NO_FROZEN_RS_BINDING,RS_NOT_VERIFIED_CURRENT_FROZEN_1425,SECTOR_RS_NOT_VERIFIED,LEAVE_ONE_OUT_PRIMARY_UNIVERSE_COHORT_MEDIAN_v0.20_NOT_CURRENT_RESULT
WSSEC:WS:XNYS:HGV,WS:XNYS:HGV,US2,US_SP400,PRIMARY_UNIVERSE_INDEX_AVAILABLE_NO_FROZEN_RS_BINDING,RS_NOT_VERIFIED_CURRENT_FROZEN_1425,SECTOR_RS_NOT_VERIFIED,LEAVE_ONE_OUT_PRIMARY_UNIVERSE_COHORT_MEDIAN_v0.20_NOT_CURRENT_RESULT
WSSEC:WS:XNYS:HIG,WS:XNYS:HIG,US1,US_SP500,PRIMARY_UNIVERSE_INDEX_AVAILABLE_NO_FROZEN_RS_BINDING,RS_NOT_VERIFIED_CURRENT_FROZEN_1425,SECTOR_RS_NOT_VERIFIED,LEAVE_ONE_OUT_PRIMARY_UNIVERSE_COHORT_MEDIAN_v0.20_NOT_CURRENT_RESULT
WSSEC:WS:XNYS:HII,WS:XNYS:HII,US1,US_SP500,PRIMARY_UNIVERSE_INDEX_AVAILABLE_NO_FROZEN_RS_BINDING,RS_NOT_VERIFIED_CURRENT_FROZEN_1425,SECTOR_RS_NOT_VERIFIED,LEAVE_ONE_OUT_PRIMARY_UNIVERSE_COHORT_MEDIAN_v0.20_NOT_CURRENT_RESULT
WSSEC:WS:XNYS:HIMS,WS:XNYS:HIMS,US2,US_SP400,PRIMARY_UNIVERSE_INDEX_AVAILABLE_NO_FROZEN_RS_BINDING,RS_NOT_VERIFIED_CURRENT_FROZEN_1425,SECTOR_RS_NOT_VERIFIED,LEAVE_ONE_OUT_PRIMARY_UNIVERSE_COHORT_MEDIAN_v0.20_NOT_CURRENT_RESULT
WSSEC:WS:XNYS:HL,WS:XNYS:HL,US2,US_SP400,PRIMARY_UNIVERSE_INDEX_AVAILABLE_NO_FROZEN_RS_BINDING,RS_NOT_VERIFIED_CURRENT_FROZEN_1425,SECTOR_RS_NOT_VERIFIED,LEAVE_ONE_OUT_PRIMARY_UNIVERSE_COHORT_MEDIAN_v0.20_NOT_CURRENT_RESULT
WSSEC:WS:XNYS:HLI,WS:XNYS:HLI,US2,US_SP400,PRIMARY_UNIVERSE_INDEX_AVAILABLE_NO_FROZEN_RS_BINDING,RS_NOT_VERIFIED_CURRENT_FROZEN_1425,SECTOR_RS_NOT_VERIFIED,LEAVE_ONE_OUT_PRIMARY_UNIVERSE_COHORT_MEDIAN_v0.20_NOT_CURRENT_RESULT
WSSEC:WS:XNYS:HLT,WS:XNYS:HLT,US1,US_SP500,PRIMARY_UNIVERSE_INDEX_AVAILABLE_NO_FROZEN_RS_BINDING,RS_NOT_VERIFIED_CURRENT_FROZEN_1425,SECTOR_RS_NOT_VERIFIED,LEAVE_ONE_OUT_PRIMARY_UNIVERSE_COHORT_MEDIAN_v0.20_NOT_CURRENT_RESULT
WSSEC:WS:XNYS:HOG,WS:XNYS:HOG,US2,US_SP400,PRIMARY_UNIVERSE_INDEX_AVAILABLE_NO_FROZEN_RS_BINDING,RS_NOT_VERIFIED_CURRENT_FROZEN_1425,SECTOR_RS_NOT_VERIFIED,LEAVE_ONE_OUT_PRIMARY_UNIVERSE_COHORT_MEDIAN_v0.20_NOT_CURRENT_RESULT
WSSEC:WS:XNYS:HOMB,WS:XNYS:HOMB,US2,US_SP400,PRIMARY_UNIVERSE_INDEX_AVAILABLE_NO_FROZEN_RS_BINDING,RS_NOT_VERIFIED_CURRENT_FROZEN_1425,SECTOR_RS_NOT_VERIFIED,LEAVE_ONE_OUT_PRIMARY_UNIVERSE_COHORT_MEDIAN_v0.20_NOT_CURRENT_RESULT
WSSEC:WS:XNYS:HPE,WS:XNYS:HPE,US1,US_SP500,PRIMARY_UNIVERSE_INDEX_AVAILABLE_NO_FROZEN_RS_BINDING,RS_NOT_VERIFIED_CURRENT_FROZEN_1425,SECTOR_RS_NOT_VERIFIED,LEAVE_ONE_OUT_PRIMARY_UNIVERSE_COHORT_MEDIAN_v0.20_NOT_CURRENT_RESULT
WSSEC:WS:XNYS:HRB,WS:XNYS:HRB,US2,US_SP400,PRIMARY_UNIVERSE_INDEX_AVAILABLE_NO_FROZEN_RS_BINDING,RS_NOT_VERIFIED_CURRENT_FROZEN_1425,SECTOR_RS_NOT_VERIFIED,LEAVE_ONE_OUT_PRIMARY_UNIVERSE_COHORT_MEDIAN_v0.20_NOT_CURRENT_RESULT
WSSEC:WS:XNYS:HRL,WS:XNYS:HRL,US1,US_SP500,PRIMARY_UNIVERSE_INDEX_AVAILABLE_NO_FROZEN_RS_BINDING,RS_NOT_VERIFIED_CURRENT_FROZEN_1425,SECTOR_RS_NOT_VERIFIED,LEAVE_ONE_OUT_PRIMARY_UNIVERSE_COHORT_MEDIAN_v0.20_NOT_CURRENT_RESULT
WSSEC:WS:XNYS:HSY,WS:XNYS:HSY,US1,US_SP500,PRIMARY_UNIVERSE_INDEX_AVAILABLE_NO_FROZEN_RS_BINDING,RS_NOT_VERIFIED_CURRENT_FROZEN_1425,SECTOR_RS_NOT_VERIFIED,LEAVE_ONE_OUT_PRIMARY_UNIVERSE_COHORT_MEDIAN_v0.20_NOT_CURRENT_RESULT
WSSEC:WS:XNYS:HUBB,WS:XNYS:HUBB,US1,US_SP500,PRIMARY_UNIVERSE_INDEX_AVAILABLE_NO_FROZEN_RS_BINDING,RS_NOT_VERIFIED_CURRENT_FROZEN_1425,SECTOR_RS_NOT_VERIFIED,LEAVE_ONE_OUT_PRIMARY_UNIVERSE_COHORT_MEDIAN_v0.20_NOT_CURRENT_RESULT
WSSEC:WS:XNYS:HUM,WS:XNYS:HUM,US1,US_SP500,PRIMARY_UNIVERSE_INDEX_AVAILABLE_NO_FROZEN_RS_BINDING,RS_NOT_VERIFIED_CURRENT_FROZEN_1425,SECTOR_RS_NOT_VERIFIED,LEAVE_ONE_OUT_PRIMARY_UNIVERSE_COHORT_MEDIAN_v0.20_NOT_CURRENT_RESULT
WSSEC:WS:XNYS:HXL,WS:XNYS:HXL,US2,US_SP400,PRIMARY_UNIVERSE_INDEX_AVAILABLE_NO_FROZEN_RS_BINDING,RS_NOT_VERIFIED_CURRENT_FROZEN_1425,SECTOR_RS_NOT_VERIFIED,LEAVE_ONE_OUT_PRIMARY_UNIVERSE_COHORT_MEDIAN_v0.20_NOT_CURRENT_RESULT
WSSEC:WS:XNYS:IBM,WS:XNYS:IBM,US1,US_SP500,PRIMARY_UNIVERSE_INDEX_AVAILABLE_NO_FROZEN_RS_BINDING,RS_NOT_VERIFIED_CURRENT_FROZEN_1425,SECTOR_RS_NOT_VERIFIED,LEAVE_ONE_OUT_PRIMARY_UNIVERSE_COHORT_MEDIAN_v0.20_NOT_CURRENT_RESULT
WSSEC:WS:XNYS:ICE,WS:XNYS:ICE,US1,US_SP500,PRIMARY_UNIVERSE_INDEX_AVAILABLE_NO_FROZEN_RS_BINDING,RS_NOT_VERIFIED_CURRENT_FROZEN_1425,SECTOR_RS_NOT_VERIFIED,LEAVE_ONE_OUT_PRIMARY_UNIVERSE_COHORT_MEDIAN_v0.20_NOT_CURRENT_RESULT
WSSEC:WS:XNYS:IDA,WS:XNYS:IDA,US2,US_SP400,PRIMARY_UNIVERSE_INDEX_AVAILABLE_NO_FROZEN_RS_BINDING,RS_NOT_VERIFIED_CURRENT_FROZEN_1425,SECTOR_RS_NOT_VERIFIED,LEAVE_ONE_OUT_PRIMARY_UNIVERSE_COHORT_MEDIAN_v0.20_NOT_CURRENT_RESULT
WSSEC:WS:XNYS:IEX,WS:XNYS:IEX,US1,US_SP500,PRIMARY_UNIVERSE_INDEX_AVAILABLE_NO_FROZEN_RS_BINDING,RS_NOT_VERIFIED_CURRENT_FROZEN_1425,SECTOR_RS_NOT_VERIFIED,LEAVE_ONE_OUT_PRIMARY_UNIVERSE_COHORT_MEDIAN_v0.20_NOT_CURRENT_RESULT
WSSEC:WS:XNYS:IFF,WS:XNYS:IFF,US1,US_SP500,PRIMARY_UNIVERSE_INDEX_AVAILABLE_NO_FROZEN_RS_BINDING,RS_NOT_VERIFIED_CURRENT_FROZEN_1425,SECTOR_RS_NOT_VERIFIED,LEAVE_ONE_OUT_PRIMARY_UNIVERSE_COHORT_MEDIAN_v0.20_NOT_CURRENT_RESULT
WSSEC:WS:XNYS:INGR,WS:XNYS:INGR,US2,US_SP400,PRIMARY_UNIVERSE_INDEX_AVAILABLE_NO_FROZEN_RS_BINDING,RS_NOT_VERIFIED_CURRENT_FROZEN_1425,SECTOR_RS_NOT_VERIFIED,LEAVE_ONE_OUT_PRIMARY_UNIVERSE_COHORT_MEDIAN_v0.20_NOT_CURRENT_RESULT
WSSEC:WS:XNYS:IP,WS:XNYS:IP,US1,US_SP500,PRIMARY_UNIVERSE_INDEX_AVAILABLE_NO_FROZEN_RS_BINDING,RS_NOT_VERIFIED_CURRENT_FROZEN_1425,SECTOR_RS_NOT_VERIFIED,LEAVE_ONE_OUT_PRIMARY_UNIVERSE_COHORT_MEDIAN_v0.20_NOT_CURRENT_RESULT
WSSEC:WS:XNYS:IQV,WS:XNYS:IQV,US1,US_SP500,PRIMARY_UNIVERSE_INDEX_AVAILABLE_NO_FROZEN_RS_BINDING,RS_NOT_VERIFIED_CURRENT_FROZEN_1425,SECTOR_RS_NOT_VERIFIED,LEAVE_ONE_OUT_PRIMARY_UNIVERSE_COHORT_MEDIAN_v0.20_NOT_CURRENT_RESULT
WSSEC:WS:XNYS:IT,WS:XNYS:IT,US1,US_SP500,PRIMARY_UNIVERSE_INDEX_AVAILABLE_NO_FROZEN_RS_BINDING,RS_NOT_VERIFIED_CURRENT_FROZEN_1425,SECTOR_RS_NOT_VERIFIED,LEAVE_ONE_OUT_PRIMARY_UNIVERSE_COHORT_MEDIAN_v0.20_NOT_CURRENT_RESULT
WSSEC:WS:XNYS:ITT,WS:XNYS:ITT,US2,US_SP400,PRIMARY_UNIVERSE_INDEX_AVAILABLE_NO_FROZEN_RS_BINDING,RS_NOT_VERIFIED_CURRENT_FROZEN_1425,SECTOR_RS_NOT_VERIFIED,LEAVE_ONE_OUT_PRIMARY_UNIVERSE_COHORT_MEDIAN_v0.20_NOT_CURRENT_RESULT
WSSEC:WS:XNYS:ITW,WS:XNYS:ITW,US1,US_SP500,PRIMARY_UNIVERSE_INDEX_AVAILABLE_NO_FROZEN_RS_BINDING,RS_NOT_VERIFIED_CURRENT_FROZEN_1425,SECTOR_RS_NOT_VERIFIED,LEAVE_ONE_OUT_PRIMARY_UNIVERSE_COHORT_MEDIAN_v0.20_NOT_CURRENT_RESULT
WSSEC:WS:XNYS:JBL,WS:XNYS:JBL,US1,US_SP500,PRIMARY_UNIVERSE_INDEX_AVAILABLE_NO_FROZEN_RS_BINDING,RS_NOT_VERIFIED_CURRENT_FROZEN_1425,SECTOR_RS_NOT_VERIFIED,LEAVE_ONE_OUT_PRIMARY_UNIVERSE_COHORT_MEDIAN_v0.20_NOT_CURRENT_RESULT
WSSEC:WS:XNYS:JEF,WS:XNYS:JEF,US2,US_SP400,PRIMARY_UNIVERSE_INDEX_AVAILABLE_NO_FROZEN_RS_BINDING,RS_NOT_VERIFIED_CURRENT_FROZEN_1425,SECTOR_RS_NOT_VERIFIED,LEAVE_ONE_OUT_PRIMARY_UNIVERSE_COHORT_MEDIAN_v0.20_NOT_CURRENT_RESULT
WSSEC:WS:XNYS:JNJ,WS:XNYS:JNJ,US1,US_SP500,PRIMARY_UNIVERSE_INDEX_AVAILABLE_NO_FROZEN_RS_BINDING,RS_NOT_VERIFIED_CURRENT_FROZEN_1425,SECTOR_RS_NOT_VERIFIED,LEAVE_ONE_OUT_PRIMARY_UNIVERSE_COHORT_MEDIAN_v0.20_NOT_CURRENT_RESULT
WSSEC:WS:XNYS:JPM,WS:XNYS:JPM,US1,US_SP500,PRIMARY_UNIVERSE_INDEX_AVAILABLE_NO_FROZEN_RS_BINDING,RS_NOT_VERIFIED_CURRENT_FROZEN_1425,SECTOR_RS_NOT_VERIFIED,LEAVE_ONE_OUT_PRIMARY_UNIVERSE_COHORT_MEDIAN_v0.20_NOT_CURRENT_RESULT
WSSEC:WS:XNYS:KBH,WS:XNYS:KBH,US2,US_SP400,PRIMARY_UNIVERSE_INDEX_AVAILABLE_NO_FROZEN_RS_BINDING,RS_NOT_VERIFIED_CURRENT_FROZEN_1425,SECTOR_RS_NOT_VERIFIED,LEAVE_ONE_OUT_PRIMARY_UNIVERSE_COHORT_MEDIAN_v0.20_NOT_CURRENT_RESULT
WSSEC:WS:XNYS:KBR,WS:XNYS:KBR,US2,US_SP400,PRIMARY_UNIVERSE_INDEX_AVAILABLE_NO_FROZEN_RS_BINDING,RS_NOT_VERIFIED_CURRENT_FROZEN_1425,SECTOR_RS_NOT_VERIFIED,LEAVE_ONE_OUT_PRIMARY_UNIVERSE_COHORT_MEDIAN_v0.20_NOT_CURRENT_RESULT
WSSEC:WS:XNYS:KD,WS:XNYS:KD,US2,US_SP400,PRIMARY_UNIVERSE_INDEX_AVAILABLE_NO_FROZEN_RS_BINDING,RS_NOT_VERIFIED_CURRENT_FROZEN_1425,SECTOR_RS_NOT_VERIFIED,LEAVE_ONE_OUT_PRIMARY_UNIVERSE_COHORT_MEDIAN_v0.20_NOT_CURRENT_RESULT
WSSEC:WS:XNYS:KEX,WS:XNYS:KEX,US2,US_SP400,PRIMARY_UNIVERSE_INDEX_AVAILABLE_NO_FROZEN_RS_BINDING,RS_NOT_VERIFIED_CURRENT_FROZEN_1425,SECTOR_RS_NOT_VERIFIED,LEAVE_ONE_OUT_PRIMARY_UNIVERSE_COHORT_MEDIAN_v0.20_NOT_CURRENT_RESULT
WSSEC:WS:XNYS:KEY,WS:XNYS:KEY,US1,US_SP500,PRIMARY_UNIVERSE_INDEX_AVAILABLE_NO_FROZEN_RS_BINDING,RS_NOT_VERIFIED_CURRENT_FROZEN_1425,SECTOR_RS_NOT_VERIFIED,LEAVE_ONE_OUT_PRIMARY_UNIVERSE_COHORT_MEDIAN_v0.20_NOT_CURRENT_RESULT
WSSEC:WS:XNYS:KEYS,WS:XNYS:KEYS,US1,US_SP500,PRIMARY_UNIVERSE_INDEX_AVAILABLE_NO_FROZEN_RS_BINDING,RS_NOT_VERIFIED_CURRENT_FROZEN_1425,SECTOR_RS_NOT_VERIFIED,LEAVE_ONE_OUT_PRIMARY_UNIVERSE_COHORT_MEDIAN_v0.20_NOT_CURRENT_RESULT
WSSEC:WS:XNYS:KMB,WS:XNYS:KMB,US1,US_SP500,PRIMARY_UNIVERSE_INDEX_AVAILABLE_NO_FROZEN_RS_BINDING,RS_NOT_VERIFIED_CURRENT_FROZEN_1425,SECTOR_RS_NOT_VERIFIED,LEAVE_ONE_OUT_PRIMARY_UNIVERSE_COHORT_MEDIAN_v0.20_NOT_CURRENT_RESULT
WSSEC:WS:XNYS:KMI,WS:XNYS:KMI,US1,US_SP500,PRIMARY_UNIVERSE_INDEX_AVAILABLE_NO_FROZEN_RS_BINDING,RS_NOT_VERIFIED_CURRENT_FROZEN_1425,SECTOR_RS_NOT_VERIFIED,LEAVE_ONE_OUT_PRIMARY_UNIVERSE_COHORT_MEDIAN_v0.20_NOT_CURRENT_RESULT
WSSEC:WS:XNYS:KNF,WS:XNYS:KNF,US2,US_SP400,PRIMARY_UNIVERSE_INDEX_AVAILABLE_NO_FROZEN_RS_BINDING,RS_NOT_VERIFIED_CURRENT_FROZEN_1425,SECTOR_RS_NOT_VERIFIED,LEAVE_ONE_OUT_PRIMARY_UNIVERSE_COHORT_MEDIAN_v0.20_NOT_CURRENT_RESULT
WSSEC:WS:XNYS:KNSL,WS:XNYS:KNSL,US2,US_SP400,PRIMARY_UNIVERSE_INDEX_AVAILABLE_NO_FROZEN_RS_BINDING,RS_NOT_VERIFIED_CURRENT_FROZEN_1425,SECTOR_RS_NOT_VERIFIED,LEAVE_ONE_OUT_PRIMARY_UNIVERSE_COHORT_MEDIAN_v0.20_NOT_CURRENT_RESULT
WSSEC:WS:XNYS:KNX,WS:XNYS:KNX,US2,US_SP400,PRIMARY_UNIVERSE_INDEX_AVAILABLE_NO_FROZEN_RS_BINDING,RS_NOT_VERIFIED_CURRENT_FROZEN_1425,SECTOR_RS_NOT_VERIFIED,LEAVE_ONE_OUT_PRIMARY_UNIVERSE_COHORT_MEDIAN_v0.20_NOT_CURRENT_RESULT
WSSEC:WS:XNYS:KO,WS:XNYS:KO,US1,US_SP500,PRIMARY_UNIVERSE_INDEX_AVAILABLE_NO_FROZEN_RS_BINDING,RS_NOT_VERIFIED_CURRENT_FROZEN_1425,SECTOR_RS_NOT_VERIFIED,LEAVE_ONE_OUT_PRIMARY_UNIVERSE_COHORT_MEDIAN_v0.20_NOT_CURRENT_RESULT
WSSEC:WS:XNYS:KR,WS:XNYS:KR,US1,US_SP500,PRIMARY_UNIVERSE_INDEX_AVAILABLE_NO_FROZEN_RS_BINDING,RS_NOT_VERIFIED_CURRENT_FROZEN_1425,SECTOR_RS_NOT_VERIFIED,LEAVE_ONE_OUT_PRIMARY_UNIVERSE_COHORT_MEDIAN_v0.20_NOT_CURRENT_RESULT
WSSEC:WS:XNYS:KVUE,WS:XNYS:KVUE,US1,US_SP500,PRIMARY_UNIVERSE_INDEX_AVAILABLE_NO_FROZEN_RS_BINDING,RS_NOT_VERIFIED_CURRENT_FROZEN_1425,SECTOR_RS_NOT_VERIFIED,LEAVE_ONE_OUT_PRIMARY_UNIVERSE_COHORT_MEDIAN_v0.20_NOT_CURRENT_RESULT
WSSEC:WS:XNYS:L,WS:XNYS:L,US1,US_SP500,PRIMARY_UNIVERSE_INDEX_AVAILABLE_NO_FROZEN_RS_BINDING,RS_NOT_VERIFIED_CURRENT_FROZEN_1425,SECTOR_RS_NOT_VERIFIED,LEAVE_ONE_OUT_PRIMARY_UNIVERSE_COHORT_MEDIAN_v0.20_NOT_CURRENT_RESULT
WSSEC:WS:XNYS:LAD,WS:XNYS:LAD,US2,US_SP400,PRIMARY_UNIVERSE_INDEX_AVAILABLE_NO_FROZEN_RS_BINDING,RS_NOT_VERIFIED_CURRENT_FROZEN_1425,SECTOR_RS_NOT_VERIFIED,LEAVE_ONE_OUT_PRIMARY_UNIVERSE_COHORT_MEDIAN_v0.20_NOT_CURRENT_RESULT
WSSEC:WS:XNYS:LDOS,WS:XNYS:LDOS,US1,US_SP500,PRIMARY_UNIVERSE_INDEX_AVAILABLE_NO_FROZEN_RS_BINDING,RS_NOT_VERIFIED_CURRENT_FROZEN_1425,SECTOR_RS_NOT_VERIFIED,LEAVE_ONE_OUT_PRIMARY_UNIVERSE_COHORT_MEDIAN_v0.20_NOT_CURRENT_RESULT
WSSEC:WS:XNYS:LEA,WS:XNYS:LEA,US2,US_SP400,PRIMARY_UNIVERSE_INDEX_AVAILABLE_NO_FROZEN_RS_BINDING,RS_NOT_VERIFIED_CURRENT_FROZEN_1425,SECTOR_RS_NOT_VERIFIED,LEAVE_ONE_OUT_PRIMARY_UNIVERSE_COHORT_MEDIAN_v0.20_NOT_CURRENT_RESULT
WSSEC:WS:XNYS:LEN,WS:XNYS:LEN,US1,US_SP500,PRIMARY_UNIVERSE_INDEX_AVAILABLE_NO_FROZEN_RS_BINDING,RS_NOT_VERIFIED_CURRENT_FROZEN_1425,SECTOR_RS_NOT_VERIFIED,LEAVE_ONE_OUT_PRIMARY_UNIVERSE_COHORT_MEDIAN_v0.20_NOT_CURRENT_RESULT
WSSEC:WS:XNYS:LHX,WS:XNYS:LHX,US1,US_SP500,PRIMARY_UNIVERSE_INDEX_AVAILABLE_NO_FROZEN_RS_BINDING,RS_NOT_VERIFIED_CURRENT_FROZEN_1425,SECTOR_RS_NOT_VERIFIED,LEAVE_ONE_OUT_PRIMARY_UNIVERSE_COHORT_MEDIAN_v0.20_NOT_CURRENT_RESULT
WSSEC:WS:XNYS:LII,WS:XNYS:LII,US1,US_SP500,PRIMARY_UNIVERSE_INDEX_AVAILABLE_NO_FROZEN_RS_BINDING,RS_NOT_VERIFIED_CURRENT_FROZEN_1425,SECTOR_RS_NOT_VERIFIED,LEAVE_ONE_OUT_PRIMARY_UNIVERSE_COHORT_MEDIAN_v0.20_NOT_CURRENT_RESULT
WSSEC:WS:XNYS:LLY,WS:XNYS:LLY,US1,US_SP500,PRIMARY_UNIVERSE_INDEX_AVAILABLE_NO_FROZEN_RS_BINDING,RS_NOT_VERIFIED_CURRENT_FROZEN_1425,SECTOR_RS_NOT_VERIFIED,LEAVE_ONE_OUT_PRIMARY_UNIVERSE_COHORT_MEDIAN_v0.20_NOT_CURRENT_RESULT
WSSEC:WS:XNYS:LMT,WS:XNYS:LMT,US1,US_SP500,PRIMARY_UNIVERSE_INDEX_AVAILABLE_NO_FROZEN_RS_BINDING,RS_NOT_VERIFIED_CURRENT_FROZEN_1425,SECTOR_RS_NOT_VERIFIED,LEAVE_ONE_OUT_PRIMARY_UNIVERSE_COHORT_MEDIAN_v0.20_NOT_CURRENT_RESULT
WSSEC:WS:XNYS:LOW,WS:XNYS:LOW,US1,US_SP500,PRIMARY_UNIVERSE_INDEX_AVAILABLE_NO_FROZEN_RS_BINDING,RS_NOT_VERIFIED_CURRENT_FROZEN_1425,SECTOR_RS_NOT_VERIFIED,LEAVE_ONE_OUT_PRIMARY_UNIVERSE_COHORT_MEDIAN_v0.20_NOT_CURRENT_RESULT
WSSEC:WS:XNYS:LPX,WS:XNYS:LPX,US2,US_SP400,PRIMARY_UNIVERSE_INDEX_AVAILABLE_NO_FROZEN_RS_BINDING,RS_NOT_VERIFIED_CURRENT_FROZEN_1425,SECTOR_RS_NOT_VERIFIED,LEAVE_ONE_OUT_PRIMARY_UNIVERSE_COHORT_MEDIAN_v0.20_NOT_CURRENT_RESULT
WSSEC:WS:XNYS:LUV,WS:XNYS:LUV,US1,US_SP500,PRIMARY_UNIVERSE_INDEX_AVAILABLE_NO_FROZEN_RS_BINDING,RS_NOT_VERIFIED_CURRENT_FROZEN_1425,SECTOR_RS_NOT_VERIFIED,LEAVE_ONE_OUT_PRIMARY_UNIVERSE_COHORT_MEDIAN_v0.20_NOT_CURRENT_RESULT
WSSEC:WS:XNYS:LVS,WS:XNYS:LVS,US1,US_SP500,PRIMARY_UNIVERSE_INDEX_AVAILABLE_NO_FROZEN_RS_BINDING,RS_NOT_VERIFIED_CURRENT_FROZEN_1425,SECTOR_RS_NOT_VERIFIED,LEAVE_ONE_OUT_PRIMARY_UNIVERSE_COHORT_MEDIAN_v0.20_NOT_CURRENT_RESULT
WSSEC:WS:XNYS:LYV,WS:XNYS:LYV,US1,US_SP500,PRIMARY_UNIVERSE_INDEX_AVAILABLE_NO_FROZEN_RS_BINDING,RS_NOT_VERIFIED_CURRENT_FROZEN_1425,SECTOR_RS_NOT_VERIFIED,LEAVE_ONE_OUT_PRIMARY_UNIVERSE_COHORT_MEDIAN_v0.20_NOT_CURRENT_RESULT
WSSEC:WS:XNYS:M,WS:XNYS:M,US2,US_SP400,PRIMARY_UNIVERSE_INDEX_AVAILABLE_NO_FROZEN_RS_BINDING,RS_NOT_VERIFIED_CURRENT_FROZEN_1425,SECTOR_RS_NOT_VERIFIED,LEAVE_ONE_OUT_PRIMARY_UNIVERSE_COHORT_MEDIAN_v0.20_NOT_CURRENT_RESULT
WSSEC:WS:XNYS:MA,WS:XNYS:MA,US1,US_SP500,PRIMARY_UNIVERSE_INDEX_AVAILABLE_NO_FROZEN_RS_BINDING,RS_NOT_VERIFIED_CURRENT_FROZEN_1425,SECTOR_RS_NOT_VERIFIED,LEAVE_ONE_OUT_PRIMARY_UNIVERSE_COHORT_MEDIAN_v0.20_NOT_CURRENT_RESULT
WSSEC:WS:XNYS:MAS,WS:XNYS:MAS,US1,US_SP500,PRIMARY_UNIVERSE_INDEX_AVAILABLE_NO_FROZEN_RS_BINDING,RS_NOT_VERIFIED_CURRENT_FROZEN_1425,SECTOR_RS_NOT_VERIFIED,LEAVE_ONE_OUT_PRIMARY_UNIVERSE_COHORT_MEDIAN_v0.20_NOT_CURRENT_RESULT
WSSEC:WS:XNYS:MCD,WS:XNYS:MCD,US1,US_SP500,PRIMARY_UNIVERSE_INDEX_AVAILABLE_NO_FROZEN_RS_BINDING,RS_NOT_VERIFIED_CURRENT_FROZEN_1425,SECTOR_RS_NOT_VERIFIED,LEAVE_ONE_OUT_PRIMARY_UNIVERSE_COHORT_MEDIAN_v0.20_NOT_CURRENT_RESULT
WSSEC:WS:XNYS:MCK,WS:XNYS:MCK,US1,US_SP500,PRIMARY_UNIVERSE_INDEX_AVAILABLE_NO_FROZEN_RS_BINDING,RS_NOT_VERIFIED_CURRENT_FROZEN_1425,SECTOR_RS_NOT_VERIFIED,LEAVE_ONE_OUT_PRIMARY_UNIVERSE_COHORT_MEDIAN_v0.20_NOT_CURRENT_RESULT
WSSEC:WS:XNYS:MCO,WS:XNYS:MCO,US1,US_SP500,PRIMARY_UNIVERSE_INDEX_AVAILABLE_NO_FROZEN_RS_BINDING,RS_NOT_VERIFIED_CURRENT_FROZEN_1425,SECTOR_RS_NOT_VERIFIED,LEAVE_ONE_OUT_PRIMARY_UNIVERSE_COHORT_MEDIAN_v0.20_NOT_CURRENT_RESULT
WSSEC:WS:XNYS:MET,WS:XNYS:MET,US1,US_SP500,PRIMARY_UNIVERSE_INDEX_AVAILABLE_NO_FROZEN_RS_BINDING,RS_NOT_VERIFIED_CURRENT_FROZEN_1425,SECTOR_RS_NOT_VERIFIED,LEAVE_ONE_OUT_PRIMARY_UNIVERSE_COHORT_MEDIAN_v0.20_NOT_CURRENT_RESULT
WSSEC:WS:XNYS:MGM,WS:XNYS:MGM,US1,US_SP500,PRIMARY_UNIVERSE_INDEX_AVAILABLE_NO_FROZEN_RS_BINDING,RS_NOT_VERIFIED_CURRENT_FROZEN_1425,SECTOR_RS_NOT_VERIFIED,LEAVE_ONE_OUT_PRIMARY_UNIVERSE_COHORT_MEDIAN_v0.20_NOT_CURRENT_RESULT
WSSEC:WS:XNYS:MKC,WS:XNYS:MKC,US1,US_SP500,PRIMARY_UNIVERSE_INDEX_AVAILABLE_NO_FROZEN_RS_BINDING,RS_NOT_VERIFIED_CURRENT_FROZEN_1425,SECTOR_RS_NOT_VERIFIED,LEAVE_ONE_OUT_PRIMARY_UNIVERSE_COHORT_MEDIAN_v0.20_NOT_CURRENT_RESULT
WSSEC:WS:XNYS:MLI,WS:XNYS:MLI,US2,US_SP400,PRIMARY_UNIVERSE_INDEX_AVAILABLE_NO_FROZEN_RS_BINDING,RS_NOT_VERIFIED_CURRENT_FROZEN_1425,SECTOR_RS_NOT_VERIFIED,LEAVE_ONE_OUT_PRIMARY_UNIVERSE_COHORT_MEDIAN_v0.20_NOT_CURRENT_RESULT
WSSEC:WS:XNYS:MLM,WS:XNYS:MLM,US1,US_SP500,PRIMARY_UNIVERSE_INDEX_AVAILABLE_NO_FROZEN_RS_BINDING,RS_NOT_VERIFIED_CURRENT_FROZEN_1425,SECTOR_RS_NOT_VERIFIED,LEAVE_ONE_OUT_PRIMARY_UNIVERSE_COHORT_MEDIAN_v0.20_NOT_CURRENT_RESULT
WSSEC:WS:XNYS:MMM,WS:XNYS:MMM,US1,US_SP500,PRIMARY_UNIVERSE_INDEX_AVAILABLE_NO_FROZEN_RS_BINDING,RS_NOT_VERIFIED_CURRENT_FROZEN_1425,SECTOR_RS_NOT_VERIFIED,LEAVE_ONE_OUT_PRIMARY_UNIVERSE_COHORT_MEDIAN_v0.20_NOT_CURRENT_RESULT
WSSEC:WS:XNYS:MMS,WS:XNYS:MMS,US2,US_SP400,PRIMARY_UNIVERSE_INDEX_AVAILABLE_NO_FROZEN_RS_BINDING,RS_NOT_VERIFIED_CURRENT_FROZEN_1425,SECTOR_RS_NOT_VERIFIED,LEAVE_ONE_OUT_PRIMARY_UNIVERSE_COHORT_MEDIAN_v0.20_NOT_CURRENT_RESULT
WSSEC:WS:XNYS:MO,WS:XNYS:MO,US1,US_SP500,PRIMARY_UNIVERSE_INDEX_AVAILABLE_NO_FROZEN_RS_BINDING,RS_NOT_VERIFIED_CURRENT_FROZEN_1425,SECTOR_RS_NOT_VERIFIED,LEAVE_ONE_OUT_PRIMARY_UNIVERSE_COHORT_MEDIAN_v0.20_NOT_CURRENT_RESULT
WSSEC:WS:XNYS:MOGA,WS:XNYS:MOGA,US2,US_SP400,PRIMARY_UNIVERSE_INDEX_AVAILABLE_NO_FROZEN_RS_BINDING,RS_NOT_VERIFIED_CURRENT_FROZEN_1425,SECTOR_RS_NOT_VERIFIED,LEAVE_ONE_OUT_PRIMARY_UNIVERSE_COHORT_MEDIAN_v0.20_NOT_CURRENT_RESULT
WSSEC:WS:XNYS:MOH,WS:XNYS:MOH,US2,US_SP400,PRIMARY_UNIVERSE_INDEX_AVAILABLE_NO_FROZEN_RS_BINDING,RS_NOT_VERIFIED_CURRENT_FROZEN_1425,SECTOR_RS_NOT_VERIFIED,LEAVE_ONE_OUT_PRIMARY_UNIVERSE_COHORT_MEDIAN_v0.20_NOT_CURRENT_RESULT
WSSEC:WS:XNYS:MOS,WS:XNYS:MOS,US1,US_SP500,PRIMARY_UNIVERSE_INDEX_AVAILABLE_NO_FROZEN_RS_BINDING,RS_NOT_VERIFIED_CURRENT_FROZEN_1425,SECTOR_RS_NOT_VERIFIED,LEAVE_ONE_OUT_PRIMARY_UNIVERSE_COHORT_MEDIAN_v0.20_NOT_CURRENT_RESULT
WSSEC:WS:XNYS:MP,WS:XNYS:MP,US2,US_SP400,PRIMARY_UNIVERSE_INDEX_AVAILABLE_NO_FROZEN_RS_BINDING,RS_NOT_VERIFIED_CURRENT_FROZEN_1425,SECTOR_RS_NOT_VERIFIED,LEAVE_ONE_OUT_PRIMARY_UNIVERSE_COHORT_MEDIAN_v0.20_NOT_CURRENT_RESULT
WSSEC:WS:XNYS:MPC,WS:XNYS:MPC,US1,US_SP500,PRIMARY_UNIVERSE_INDEX_AVAILABLE_NO_FROZEN_RS_BINDING,RS_NOT_VERIFIED_CURRENT_FROZEN_1425,SECTOR_RS_NOT_VERIFIED,LEAVE_ONE_OUT_PRIMARY_UNIVERSE_COHORT_MEDIAN_v0.20_NOT_CURRENT_RESULT
WSSEC:WS:XNYS:MRK,WS:XNYS:MRK,US1,US_SP500,PRIMARY_UNIVERSE_INDEX_AVAILABLE_NO_FROZEN_RS_BINDING,RS_NOT_VERIFIED_CURRENT_FROZEN_1425,SECTOR_RS_NOT_VERIFIED,LEAVE_ONE_OUT_PRIMARY_UNIVERSE_COHORT_MEDIAN_v0.20_NOT_CURRENT_RESULT
WSSEC:WS:XNYS:MS,WS:XNYS:MS,US1,US_SP500,PRIMARY_UNIVERSE_INDEX_AVAILABLE_NO_FROZEN_RS_BINDING,RS_NOT_VERIFIED_CURRENT_FROZEN_1425,SECTOR_RS_NOT_VERIFIED,LEAVE_ONE_OUT_PRIMARY_UNIVERSE_COHORT_MEDIAN_v0.20_NOT_CURRENT_RESULT
WSSEC:WS:XNYS:MSA,WS:XNYS:MSA,US2,US_SP400,PRIMARY_UNIVERSE_INDEX_AVAILABLE_NO_FROZEN_RS_BINDING,RS_NOT_VERIFIED_CURRENT_FROZEN_1425,SECTOR_RS_NOT_VERIFIED,LEAVE_ONE_OUT_PRIMARY_UNIVERSE_COHORT_MEDIAN_v0.20_NOT_CURRENT_RESULT
WSSEC:WS:XNYS:MSCI,WS:XNYS:MSCI,US1,US_SP500,PRIMARY_UNIVERSE_INDEX_AVAILABLE_NO_FROZEN_RS_BINDING,RS_NOT_VERIFIED_CURRENT_FROZEN_1425,SECTOR_RS_NOT_VERIFIED,LEAVE_ONE_OUT_PRIMARY_UNIVERSE_COHORT_MEDIAN_v0.20_NOT_CURRENT_RESULT
WSSEC:WS:XNYS:MSI,WS:XNYS:MSI,US1,US_SP500,PRIMARY_UNIVERSE_INDEX_AVAILABLE_NO_FROZEN_RS_BINDING,RS_NOT_VERIFIED_CURRENT_FROZEN_1425,SECTOR_RS_NOT_VERIFIED,LEAVE_ONE_OUT_PRIMARY_UNIVERSE_COHORT_MEDIAN_v0.20_NOT_CURRENT_RESULT
WSSEC:WS:XNYS:MSM,WS:XNYS:MSM,US2,US_SP400,PRIMARY_UNIVERSE_INDEX_AVAILABLE_NO_FROZEN_RS_BINDING,RS_NOT_VERIFIED_CURRENT_FROZEN_1425,SECTOR_RS_NOT_VERIFIED,LEAVE_ONE_OUT_PRIMARY_UNIVERSE_COHORT_MEDIAN_v0.20_NOT_CURRENT_RESULT
WSSEC:WS:XNYS:MTB,WS:XNYS:MTB,US1,US_SP500,PRIMARY_UNIVERSE_INDEX_AVAILABLE_NO_FROZEN_RS_BINDING,RS_NOT_VERIFIED_CURRENT_FROZEN_1425,SECTOR_RS_NOT_VERIFIED,LEAVE_ONE_OUT_PRIMARY_UNIVERSE_COHORT_MEDIAN_v0.20_NOT_CURRENT_RESULT
WSSEC:WS:XNYS:MTD,WS:XNYS:MTD,US1,US_SP500,PRIMARY_UNIVERSE_INDEX_AVAILABLE_NO_FROZEN_RS_BINDING,RS_NOT_VERIFIED_CURRENT_FROZEN_1425,SECTOR_RS_NOT_VERIFIED,LEAVE_ONE_OUT_PRIMARY_UNIVERSE_COHORT_MEDIAN_v0.20_NOT_CURRENT_RESULT
WSSEC:WS:XNYS:MTDR,WS:XNYS:MTDR,US2,US_SP400,PRIMARY_UNIVERSE_INDEX_AVAILABLE_NO_FROZEN_RS_BINDING,RS_NOT_VERIFIED_CURRENT_FROZEN_1425,SECTOR_RS_NOT_VERIFIED,LEAVE_ONE_OUT_PRIMARY_UNIVERSE_COHORT_MEDIAN_v0.20_NOT_CURRENT_RESULT
WSSEC:WS:XNYS:MTG,WS:XNYS:MTG,US2,US_SP400,PRIMARY_UNIVERSE_INDEX_AVAILABLE_NO_FROZEN_RS_BINDING,RS_NOT_VERIFIED_CURRENT_FROZEN_1425,SECTOR_RS_NOT_VERIFIED,LEAVE_ONE_OUT_PRIMARY_UNIVERSE_COHORT_MEDIAN_v0.20_NOT_CURRENT_RESULT
WSSEC:WS:XNYS:MTN,WS:XNYS:MTN,US2,US_SP400,PRIMARY_UNIVERSE_INDEX_AVAILABLE_NO_FROZEN_RS_BINDING,RS_NOT_VERIFIED_CURRENT_FROZEN_1425,SECTOR_RS_NOT_VERIFIED,LEAVE_ONE_OUT_PRIMARY_UNIVERSE_COHORT_MEDIAN_v0.20_NOT_CURRENT_RESULT
WSSEC:WS:XNYS:MTZ,WS:XNYS:MTZ,US2,US_SP400,PRIMARY_UNIVERSE_INDEX_AVAILABLE_NO_FROZEN_RS_BINDING,RS_NOT_VERIFIED_CURRENT_FROZEN_1425,SECTOR_RS_NOT_VERIFIED,LEAVE_ONE_OUT_PRIMARY_UNIVERSE_COHORT_MEDIAN_v0.20_NOT_CURRENT_RESULT
WSSEC:WS:XNYS:MUR,WS:XNYS:MUR,US2,US_SP400,PRIMARY_UNIVERSE_INDEX_AVAILABLE_NO_FROZEN_RS_BINDING,RS_NOT_VERIFIED_CURRENT_FROZEN_1425,SECTOR_RS_NOT_VERIFIED,LEAVE_ONE_OUT_PRIMARY_UNIVERSE_COHORT_MEDIAN_v0.20_NOT_CURRENT_RESULT
WSSEC:WS:XNYS:MUSA,WS:XNYS:MUSA,US2,US_SP400,PRIMARY_UNIVERSE_INDEX_AVAILABLE_NO_FROZEN_RS_BINDING,RS_NOT_VERIFIED_CURRENT_FROZEN_1425,SECTOR_RS_NOT_VERIFIED,LEAVE_ONE_OUT_PRIMARY_UNIVERSE_COHORT_MEDIAN_v0.20_NOT_CURRENT_RESULT
WSSEC:WS:XNYS:NEM,WS:XNYS:NEM,US1,US_SP500,PRIMARY_UNIVERSE_INDEX_AVAILABLE_NO_FROZEN_RS_BINDING,RS_NOT_VERIFIED_CURRENT_FROZEN_1425,SECTOR_RS_NOT_VERIFIED,LEAVE_ONE_OUT_PRIMARY_UNIVERSE_COHORT_MEDIAN_v0.20_NOT_CURRENT_RESULT
WSSEC:WS:XNYS:NEU,WS:XNYS:NEU,US2,US_SP400,PRIMARY_UNIVERSE_INDEX_AVAILABLE_NO_FROZEN_RS_BINDING,RS_NOT_VERIFIED_CURRENT_FROZEN_1425,SECTOR_RS_NOT_VERIFIED,LEAVE_ONE_OUT_PRIMARY_UNIVERSE_COHORT_MEDIAN_v0.20_NOT_CURRENT_RESULT
WSSEC:WS:XNYS:NFG,WS:XNYS:NFG,US2,US_SP400,PRIMARY_UNIVERSE_INDEX_AVAILABLE_NO_FROZEN_RS_BINDING,RS_NOT_VERIFIED_CURRENT_FROZEN_1425,SECTOR_RS_NOT_VERIFIED,LEAVE_ONE_OUT_PRIMARY_UNIVERSE_COHORT_MEDIAN_v0.20_NOT_CURRENT_RESULT
WSSEC:WS:XNYS:NI,WS:XNYS:NI,US1,US_SP500,PRIMARY_UNIVERSE_INDEX_AVAILABLE_NO_FROZEN_RS_BINDING,RS_NOT_VERIFIED_CURRENT_FROZEN_1425,SECTOR_RS_NOT_VERIFIED,LEAVE_ONE_OUT_PRIMARY_UNIVERSE_COHORT_MEDIAN_v0.20_NOT_CURRENT_RESULT
WSSEC:WS:XNYS:NJR,WS:XNYS:NJR,US2,US_SP400,PRIMARY_UNIVERSE_INDEX_AVAILABLE_NO_FROZEN_RS_BINDING,RS_NOT_VERIFIED_CURRENT_FROZEN_1425,SECTOR_RS_NOT_VERIFIED,LEAVE_ONE_OUT_PRIMARY_UNIVERSE_COHORT_MEDIAN_v0.20_NOT_CURRENT_RESULT
WSSEC:WS:XNYS:NKE,WS:XNYS:NKE,US1,US_SP500,PRIMARY_UNIVERSE_INDEX_AVAILABLE_NO_FROZEN_RS_BINDING,RS_NOT_VERIFIED_CURRENT_FROZEN_1425,SECTOR_RS_NOT_VERIFIED,LEAVE_ONE_OUT_PRIMARY_UNIVERSE_COHORT_MEDIAN_v0.20_NOT_CURRENT_RESULT
WSSEC:WS:XNYS:NOC,WS:XNYS:NOC,US1,US_SP500,PRIMARY_UNIVERSE_INDEX_AVAILABLE_NO_FROZEN_RS_BINDING,RS_NOT_VERIFIED_CURRENT_FROZEN_1425,SECTOR_RS_NOT_VERIFIED,LEAVE_ONE_OUT_PRIMARY_UNIVERSE_COHORT_MEDIAN_v0.20_NOT_CURRENT_RESULT
WSSEC:WS:XNYS:NOV,WS:XNYS:NOV,US2,US_SP400,PRIMARY_UNIVERSE_INDEX_AVAILABLE_NO_FROZEN_RS_BINDING,RS_NOT_VERIFIED_CURRENT_FROZEN_1425,SECTOR_RS_NOT_VERIFIED,LEAVE_ONE_OUT_PRIMARY_UNIVERSE_COHORT_MEDIAN_v0.20_NOT_CURRENT_RESULT
WSSEC:WS:XNYS:NOW,WS:XNYS:NOW,US1,US_SP500,PRIMARY_UNIVERSE_INDEX_AVAILABLE_NO_FROZEN_RS_BINDING,RS_NOT_VERIFIED_CURRENT_FROZEN_1425,SECTOR_RS_NOT_VERIFIED,LEAVE_ONE_OUT_PRIMARY_UNIVERSE_COHORT_MEDIAN_v0.20_NOT_CURRENT_RESULT
WSSEC:WS:XNYS:NRG,WS:XNYS:NRG,US1,US_SP500,PRIMARY_UNIVERSE_INDEX_AVAILABLE_NO_FROZEN_RS_BINDING,RS_NOT_VERIFIED_CURRENT_FROZEN_1425,SECTOR_RS_NOT_VERIFIED,LEAVE_ONE_OUT_PRIMARY_UNIVERSE_COHORT_MEDIAN_v0.20_NOT_CURRENT_RESULT
WSSEC:WS:XNYS:NSC,WS:XNYS:NSC,US1,US_SP500,PRIMARY_UNIVERSE_INDEX_AVAILABLE_NO_FROZEN_RS_BINDING,RS_NOT_VERIFIED_CURRENT_FROZEN_1425,SECTOR_RS_NOT_VERIFIED,LEAVE_ONE_OUT_PRIMARY_UNIVERSE_COHORT_MEDIAN_v0.20_NOT_CURRENT_RESULT
WSSEC:WS:XNYS:NUE,WS:XNYS:NUE,US1,US_SP500,PRIMARY_UNIVERSE_INDEX_AVAILABLE_NO_FROZEN_RS_BINDING,RS_NOT_VERIFIED_CURRENT_FROZEN_1425,SECTOR_RS_NOT_VERIFIED,LEAVE_ONE_OUT_PRIMARY_UNIVERSE_COHORT_MEDIAN_v0.20_NOT_CURRENT_RESULT
WSSEC:WS:XNYS:NVR,WS:XNYS:NVR,US1,US_SP500,PRIMARY_UNIVERSE_INDEX_AVAILABLE_NO_FROZEN_RS_BINDING,RS_NOT_VERIFIED_CURRENT_FROZEN_1425,SECTOR_RS_NOT_VERIFIED,LEAVE_ONE_OUT_PRIMARY_UNIVERSE_COHORT_MEDIAN_v0.20_NOT_CURRENT_RESULT
WSSEC:WS:XNYS:NVST,WS:XNYS:NVST,US2,US_SP400,PRIMARY_UNIVERSE_INDEX_AVAILABLE_NO_FROZEN_RS_BINDING,RS_NOT_VERIFIED_CURRENT_FROZEN_1425,SECTOR_RS_NOT_VERIFIED,LEAVE_ONE_OUT_PRIMARY_UNIVERSE_COHORT_MEDIAN_v0.20_NOT_CURRENT_RESULT
WSSEC:WS:XNYS:NVT,WS:XNYS:NVT,US2,US_SP400,PRIMARY_UNIVERSE_INDEX_AVAILABLE_NO_FROZEN_RS_BINDING,RS_NOT_VERIFIED_CURRENT_FROZEN_1425,SECTOR_RS_NOT_VERIFIED,LEAVE_ONE_OUT_PRIMARY_UNIVERSE_COHORT_MEDIAN_v0.20_NOT_CURRENT_RESULT
WSSEC:WS:XNYS:NYT,WS:XNYS:NYT,US2,US_SP400,PRIMARY_UNIVERSE_INDEX_AVAILABLE_NO_FROZEN_RS_BINDING,RS_NOT_VERIFIED_CURRENT_FROZEN_1425,SECTOR_RS_NOT_VERIFIED,LEAVE_ONE_OUT_PRIMARY_UNIVERSE_COHORT_MEDIAN_v0.20_NOT_CURRENT_RESULT
WSSEC:WS:XNYS:OC,WS:XNYS:OC,US2,US_SP400,PRIMARY_UNIVERSE_INDEX_AVAILABLE_NO_FROZEN_RS_BINDING,RS_NOT_VERIFIED_CURRENT_FROZEN_1425,SECTOR_RS_NOT_VERIFIED,LEAVE_ONE_OUT_PRIMARY_UNIVERSE_COHORT_MEDIAN_v0.20_NOT_CURRENT_RESULT
WSSEC:WS:XNYS:OGE,WS:XNYS:OGE,US2,US_SP400,PRIMARY_UNIVERSE_INDEX_AVAILABLE_NO_FROZEN_RS_BINDING,RS_NOT_VERIFIED_CURRENT_FROZEN_1425,SECTOR_RS_NOT_VERIFIED,LEAVE_ONE_OUT_PRIMARY_UNIVERSE_COHORT_MEDIAN_v0.20_NOT_CURRENT_RESULT
WSSEC:WS:XNYS:OGS,WS:XNYS:OGS,US2,US_SP400,PRIMARY_UNIVERSE_INDEX_AVAILABLE_NO_FROZEN_RS_BINDING,RS_NOT_VERIFIED_CURRENT_FROZEN_1425,SECTOR_RS_NOT_VERIFIED,LEAVE_ONE_OUT_PRIMARY_UNIVERSE_COHORT_MEDIAN_v0.20_NOT_CURRENT_RESULT
WSSEC:WS:XNYS:OKE,WS:XNYS:OKE,US1,US_SP500,PRIMARY_UNIVERSE_INDEX_AVAILABLE_NO_FROZEN_RS_BINDING,RS_NOT_VERIFIED_CURRENT_FROZEN_1425,SECTOR_RS_NOT_VERIFIED,LEAVE_ONE_OUT_PRIMARY_UNIVERSE_COHORT_MEDIAN_v0.20_NOT_CURRENT_RESULT
WSSEC:WS:XNYS:OLN,WS:XNYS:OLN,US2,US_SP400,PRIMARY_UNIVERSE_INDEX_AVAILABLE_NO_FROZEN_RS_BINDING,RS_NOT_VERIFIED_CURRENT_FROZEN_1425,SECTOR_RS_NOT_VERIFIED,LEAVE_ONE_OUT_PRIMARY_UNIVERSE_COHORT_MEDIAN_v0.20_NOT_CURRENT_RESULT
WSSEC:WS:XNYS:OMC,WS:XNYS:OMC,US1,US_SP500,PRIMARY_UNIVERSE_INDEX_AVAILABLE_NO_FROZEN_RS_BINDING,RS_NOT_VERIFIED_CURRENT_FROZEN_1425,SECTOR_RS_NOT_VERIFIED,LEAVE_ONE_OUT_PRIMARY_UNIVERSE_COHORT_MEDIAN_v0.20_NOT_CURRENT_RESULT
WSSEC:WS:XNYS:ONTO,WS:XNYS:ONTO,US2,US_SP400,PRIMARY_UNIVERSE_INDEX_AVAILABLE_NO_FROZEN_RS_BINDING,RS_NOT_VERIFIED_CURRENT_FROZEN_1425,SECTOR_RS_NOT_VERIFIED,LEAVE_ONE_OUT_PRIMARY_UNIVERSE_COHORT_MEDIAN_v0.20_NOT_CURRENT_RESULT
WSSEC:WS:XNYS:ORA,WS:XNYS:ORA,US2,US_SP400,PRIMARY_UNIVERSE_INDEX_AVAILABLE_NO_FROZEN_RS_BINDING,RS_NOT_VERIFIED_CURRENT_FROZEN_1425,SECTOR_RS_NOT_VERIFIED,LEAVE_ONE_OUT_PRIMARY_UNIVERSE_COHORT_MEDIAN_v0.20_NOT_CURRENT_RESULT
WSSEC:WS:XNYS:ORI,WS:XNYS:ORI,US2,US_SP400,PRIMARY_UNIVERSE_INDEX_AVAILABLE_NO_FROZEN_RS_BINDING,RS_NOT_VERIFIED_CURRENT_FROZEN_1425,SECTOR_RS_NOT_VERIFIED,LEAVE_ONE_OUT_PRIMARY_UNIVERSE_COHORT_MEDIAN_v0.20_NOT_CURRENT_RESULT
WSSEC:WS:XNYS:OSK,WS:XNYS:OSK,US2,US_SP400,PRIMARY_UNIVERSE_INDEX_AVAILABLE_NO_FROZEN_RS_BINDING,RS_NOT_VERIFIED_CURRENT_FROZEN_1425,SECTOR_RS_NOT_VERIFIED,LEAVE_ONE_OUT_PRIMARY_UNIVERSE_COHORT_MEDIAN_v0.20_NOT_CURRENT_RESULT
WSSEC:WS:XNYS:OTIS,WS:XNYS:OTIS,US1,US_SP500,PRIMARY_UNIVERSE_INDEX_AVAILABLE_NO_FROZEN_RS_BINDING,RS_NOT_VERIFIED_CURRENT_FROZEN_1425,SECTOR_RS_NOT_VERIFIED,LEAVE_ONE_OUT_PRIMARY_UNIVERSE_COHORT_MEDIAN_v0.20_NOT_CURRENT_RESULT
WSSEC:WS:XNYS:OVV,WS:XNYS:OVV,US2,US_SP400,PRIMARY_UNIVERSE_INDEX_AVAILABLE_NO_FROZEN_RS_BINDING,RS_NOT_VERIFIED_CURRENT_FROZEN_1425,SECTOR_RS_NOT_VERIFIED,LEAVE_ONE_OUT_PRIMARY_UNIVERSE_COHORT_MEDIAN_v0.20_NOT_CURRENT_RESULT
WSSEC:WS:XNYS:OXY,WS:XNYS:OXY,US1,US_SP500,PRIMARY_UNIVERSE_INDEX_AVAILABLE_NO_FROZEN_RS_BINDING,RS_NOT_VERIFIED_CURRENT_FROZEN_1425,SECTOR_RS_NOT_VERIFIED,LEAVE_ONE_OUT_PRIMARY_UNIVERSE_COHORT_MEDIAN_v0.20_NOT_CURRENT_RESULT
WSSEC:WS:XNYS:P,WS:XNYS:P,US2,US_SP400,PRIMARY_UNIVERSE_INDEX_AVAILABLE_NO_FROZEN_RS_BINDING,RS_NOT_VERIFIED_CURRENT_FROZEN_1425,SECTOR_RS_NOT_VERIFIED,LEAVE_ONE_OUT_PRIMARY_UNIVERSE_COHORT_MEDIAN_v0.20_NOT_CURRENT_RESULT
WSSEC:WS:XNYS:PAG,WS:XNYS:PAG,US2,US_SP400,PRIMARY_UNIVERSE_INDEX_AVAILABLE_NO_FROZEN_RS_BINDING,RS_NOT_VERIFIED_CURRENT_FROZEN_1425,SECTOR_RS_NOT_VERIFIED,LEAVE_ONE_OUT_PRIMARY_UNIVERSE_COHORT_MEDIAN_v0.20_NOT_CURRENT_RESULT
WSSEC:WS:XNYS:PATH,WS:XNYS:PATH,US2,US_SP400,PRIMARY_UNIVERSE_INDEX_AVAILABLE_NO_FROZEN_RS_BINDING,RS_NOT_VERIFIED_CURRENT_FROZEN_1425,SECTOR_RS_NOT_VERIFIED,LEAVE_ONE_OUT_PRIMARY_UNIVERSE_COHORT_MEDIAN_v0.20_NOT_CURRENT_RESULT
WSSEC:WS:XNYS:PB,WS:XNYS:PB,US2,US_SP400,PRIMARY_UNIVERSE_INDEX_AVAILABLE_NO_FROZEN_RS_BINDING,RS_NOT_VERIFIED_CURRENT_FROZEN_1425,SECTOR_RS_NOT_VERIFIED,LEAVE_ONE_OUT_PRIMARY_UNIVERSE_COHORT_MEDIAN_v0.20_NOT_CURRENT_RESULT
WSSEC:WS:XNYS:PBF,WS:XNYS:PBF,US2,US_SP400,PRIMARY_UNIVERSE_INDEX_AVAILABLE_NO_FROZEN_RS_BINDING,RS_NOT_VERIFIED_CURRENT_FROZEN_1425,SECTOR_RS_NOT_VERIFIED,LEAVE_ONE_OUT_PRIMARY_UNIVERSE_COHORT_MEDIAN_v0.20_NOT_CURRENT_RESULT
WSSEC:WS:XNYS:PCG,WS:XNYS:PCG,US1,US_SP500,PRIMARY_UNIVERSE_INDEX_AVAILABLE_NO_FROZEN_RS_BINDING,RS_NOT_VERIFIED_CURRENT_FROZEN_1425,SECTOR_RS_NOT_VERIFIED,LEAVE_ONE_OUT_PRIMARY_UNIVERSE_COHORT_MEDIAN_v0.20_NOT_CURRENT_RESULT
WSSEC:WS:XNYS:PEG,WS:XNYS:PEG,US1,US_SP500,PRIMARY_UNIVERSE_INDEX_AVAILABLE_NO_FROZEN_RS_BINDING,RS_NOT_VERIFIED_CURRENT_FROZEN_1425,SECTOR_RS_NOT_VERIFIED,LEAVE_ONE_OUT_PRIMARY_UNIVERSE_COHORT_MEDIAN_v0.20_NOT_CURRENT_RESULT
WSSEC:WS:XNYS:PEN,WS:XNYS:PEN,US2,US_SP400,PRIMARY_UNIVERSE_INDEX_AVAILABLE_NO_FROZEN_RS_BINDING,RS_NOT_VERIFIED_CURRENT_FROZEN_1425,SECTOR_RS_NOT_VERIFIED,LEAVE_ONE_OUT_PRIMARY_UNIVERSE_COHORT_MEDIAN_v0.20_NOT_CURRENT_RESULT
WSSEC:WS:XNYS:PEP,WS:XNYS:PEP,US1,US_SP500,PRIMARY_UNIVERSE_INDEX_AVAILABLE_NO_FROZEN_RS_BINDING,RS_NOT_VERIFIED_CURRENT_FROZEN_1425,SECTOR_RS_NOT_VERIFIED,LEAVE_ONE_OUT_PRIMARY_UNIVERSE_COHORT_MEDIAN_v0.20_NOT_CURRENT_RESULT
WSSEC:WS:XNYS:PFE,WS:XNYS:PFE,US1,US_SP500,PRIMARY_UNIVERSE_INDEX_AVAILABLE_NO_FROZEN_RS_BINDING,RS_NOT_VERIFIED_CURRENT_FROZEN_1425,SECTOR_RS_NOT_VERIFIED,LEAVE_ONE_OUT_PRIMARY_UNIVERSE_COHORT_MEDIAN_v0.20_NOT_CURRENT_RESULT
WSSEC:WS:XNYS:PFGC,WS:XNYS:PFGC,US2,US_SP400,PRIMARY_UNIVERSE_INDEX_AVAILABLE_NO_FROZEN_RS_BINDING,RS_NOT_VERIFIED_CURRENT_FROZEN_1425,SECTOR_RS_NOT_VERIFIED,LEAVE_ONE_OUT_PRIMARY_UNIVERSE_COHORT_MEDIAN_v0.20_NOT_CURRENT_RESULT
WSSEC:WS:XNYS:PG,WS:XNYS:PG,US1,US_SP500,PRIMARY_UNIVERSE_INDEX_AVAILABLE_NO_FROZEN_RS_BINDING,RS_NOT_VERIFIED_CURRENT_FROZEN_1425,SECTOR_RS_NOT_VERIFIED,LEAVE_ONE_OUT_PRIMARY_UNIVERSE_COHORT_MEDIAN_v0.20_NOT_CURRENT_RESULT
WSSEC:WS:XNYS:PGR,WS:XNYS:PGR,US1,US_SP500,PRIMARY_UNIVERSE_INDEX_AVAILABLE_NO_FROZEN_RS_BINDING,RS_NOT_VERIFIED_CURRENT_FROZEN_1425,SECTOR_RS_NOT_VERIFIED,LEAVE_ONE_OUT_PRIMARY_UNIVERSE_COHORT_MEDIAN_v0.20_NOT_CURRENT_RESULT
WSSEC:WS:XNYS:PH,WS:XNYS:PH,US1,US_SP500,PRIMARY_UNIVERSE_INDEX_AVAILABLE_NO_FROZEN_RS_BINDING,RS_NOT_VERIFIED_CURRENT_FROZEN_1425,SECTOR_RS_NOT_VERIFIED,LEAVE_ONE_OUT_PRIMARY_UNIVERSE_COHORT_MEDIAN_v0.20_NOT_CURRENT_RESULT
WSSEC:WS:XNYS:PHM,WS:XNYS:PHM,US1,US_SP500,PRIMARY_UNIVERSE_INDEX_AVAILABLE_NO_FROZEN_RS_BINDING,RS_NOT_VERIFIED_CURRENT_FROZEN_1425,SECTOR_RS_NOT_VERIFIED,LEAVE_ONE_OUT_PRIMARY_UNIVERSE_COHORT_MEDIAN_v0.20_NOT_CURRENT_RESULT
WSSEC:WS:XNYS:PII,WS:XNYS:PII,US2,US_SP400,PRIMARY_UNIVERSE_INDEX_AVAILABLE_NO_FROZEN_RS_BINDING,RS_NOT_VERIFIED_CURRENT_FROZEN_1425,SECTOR_RS_NOT_VERIFIED,LEAVE_ONE_OUT_PRIMARY_UNIVERSE_COHORT_MEDIAN_v0.20_NOT_CURRENT_RESULT
WSSEC:WS:XNYS:PINS,WS:XNYS:PINS,US2,US_SP400,PRIMARY_UNIVERSE_INDEX_AVAILABLE_NO_FROZEN_RS_BINDING,RS_NOT_VERIFIED_CURRENT_FROZEN_1425,SECTOR_RS_NOT_VERIFIED,LEAVE_ONE_OUT_PRIMARY_UNIVERSE_COHORT_MEDIAN_v0.20_NOT_CURRENT_RESULT
WSSEC:WS:XNYS:PKG,WS:XNYS:PKG,US1,US_SP500,PRIMARY_UNIVERSE_INDEX_AVAILABLE_NO_FROZEN_RS_BINDING,RS_NOT_VERIFIED_CURRENT_FROZEN_1425,SECTOR_RS_NOT_VERIFIED,LEAVE_ONE_OUT_PRIMARY_UNIVERSE_COHORT_MEDIAN_v0.20_NOT_CURRENT_RESULT
WSSEC:WS:XNYS:PLNT,WS:XNYS:PLNT,US2,US_SP400,PRIMARY_UNIVERSE_INDEX_AVAILABLE_NO_FROZEN_RS_BINDING,RS_NOT_VERIFIED_CURRENT_FROZEN_1425,SECTOR_RS_NOT_VERIFIED,LEAVE_ONE_OUT_PRIMARY_UNIVERSE_COHORT_MEDIAN_v0.20_NOT_CURRENT_RESULT
WSSEC:WS:XNYS:PLTR,WS:XNYS:PLTR,US1,US_SP500,PRIMARY_UNIVERSE_INDEX_AVAILABLE_NO_FROZEN_RS_BINDING,RS_NOT_VERIFIED_CURRENT_FROZEN_1425,SECTOR_RS_NOT_VERIFIED,LEAVE_ONE_OUT_PRIMARY_UNIVERSE_COHORT_MEDIAN_v0.20_NOT_CURRENT_RESULT
WSSEC:WS:XNYS:PM,WS:XNYS:PM,US1,US_SP500,PRIMARY_UNIVERSE_INDEX_AVAILABLE_NO_FROZEN_RS_BINDING,RS_NOT_VERIFIED_CURRENT_FROZEN_1425,SECTOR_RS_NOT_VERIFIED,LEAVE_ONE_OUT_PRIMARY_UNIVERSE_COHORT_MEDIAN_v0.20_NOT_CURRENT_RESULT
WSSEC:WS:XNYS:PNC,WS:XNYS:PNC,US1,US_SP500,PRIMARY_UNIVERSE_INDEX_AVAILABLE_NO_FROZEN_RS_BINDING,RS_NOT_VERIFIED_CURRENT_FROZEN_1425,SECTOR_RS_NOT_VERIFIED,LEAVE_ONE_OUT_PRIMARY_UNIVERSE_COHORT_MEDIAN_v0.20_NOT_CURRENT_RESULT
WSSEC:WS:XNYS:PNFP,WS:XNYS:PNFP,US2,US_SP400,PRIMARY_UNIVERSE_INDEX_AVAILABLE_NO_FROZEN_RS_BINDING,RS_NOT_VERIFIED_CURRENT_FROZEN_1425,SECTOR_RS_NOT_VERIFIED,LEAVE_ONE_OUT_PRIMARY_UNIVERSE_COHORT_MEDIAN_v0.20_NOT_CURRENT_RESULT
WSSEC:WS:XNYS:PNW,WS:XNYS:PNW,US1,US_SP500,PRIMARY_UNIVERSE_INDEX_AVAILABLE_NO_FROZEN_RS_BINDING,RS_NOT_VERIFIED_CURRENT_FROZEN_1425,SECTOR_RS_NOT_VERIFIED,LEAVE_ONE_OUT_PRIMARY_UNIVERSE_COHORT_MEDIAN_v0.20_NOT_CURRENT_RESULT
WSSEC:WS:XNYS:POR,WS:XNYS:POR,US2,US_SP400,PRIMARY_UNIVERSE_INDEX_AVAILABLE_NO_FROZEN_RS_BINDING,RS_NOT_VERIFIED_CURRENT_FROZEN_1425,SECTOR_RS_NOT_VERIFIED,LEAVE_ONE_OUT_PRIMARY_UNIVERSE_COHORT_MEDIAN_v0.20_NOT_CURRENT_RESULT
WSSEC:WS:XNYS:POST,WS:XNYS:POST,US2,US_SP400,PRIMARY_UNIVERSE_INDEX_AVAILABLE_NO_FROZEN_RS_BINDING,RS_NOT_VERIFIED_CURRENT_FROZEN_1425,SECTOR_RS_NOT_VERIFIED,LEAVE_ONE_OUT_PRIMARY_UNIVERSE_COHORT_MEDIAN_v0.20_NOT_CURRENT_RESULT
WSSEC:WS:XNYS:PPG,WS:XNYS:PPG,US1,US_SP500,PRIMARY_UNIVERSE_INDEX_AVAILABLE_NO_FROZEN_RS_BINDING,RS_NOT_VERIFIED_CURRENT_FROZEN_1425,SECTOR_RS_NOT_VERIFIED,LEAVE_ONE_OUT_PRIMARY_UNIVERSE_COHORT_MEDIAN_v0.20_NOT_CURRENT_RESULT
WSSEC:WS:XNYS:PPL,WS:XNYS:PPL,US1,US_SP500,PRIMARY_UNIVERSE_INDEX_AVAILABLE_NO_FROZEN_RS_BINDING,RS_NOT_VERIFIED_CURRENT_FROZEN_1425,SECTOR_RS_NOT_VERIFIED,LEAVE_ONE_OUT_PRIMARY_UNIVERSE_COHORT_MEDIAN_v0.20_NOT_CURRENT_RESULT
WSSEC:WS:XNYS:PR,WS:XNYS:PR,US2,US_SP400,PRIMARY_UNIVERSE_INDEX_AVAILABLE_NO_FROZEN_RS_BINDING,RS_NOT_VERIFIED_CURRENT_FROZEN_1425,SECTOR_RS_NOT_VERIFIED,LEAVE_ONE_OUT_PRIMARY_UNIVERSE_COHORT_MEDIAN_v0.20_NOT_CURRENT_RESULT
WSSEC:WS:XNYS:PRI,WS:XNYS:PRI,US2,US_SP400,PRIMARY_UNIVERSE_INDEX_AVAILABLE_NO_FROZEN_RS_BINDING,RS_NOT_VERIFIED_CURRENT_FROZEN_1425,SECTOR_RS_NOT_VERIFIED,LEAVE_ONE_OUT_PRIMARY_UNIVERSE_COHORT_MEDIAN_v0.20_NOT_CURRENT_RESULT
WSSEC:WS:XNYS:PSN,WS:XNYS:PSN,US2,US_SP400,PRIMARY_UNIVERSE_INDEX_AVAILABLE_NO_FROZEN_RS_BINDING,RS_NOT_VERIFIED_CURRENT_FROZEN_1425,SECTOR_RS_NOT_VERIFIED,LEAVE_ONE_OUT_PRIMARY_UNIVERSE_COHORT_MEDIAN_v0.20_NOT_CURRENT_RESULT
WSSEC:WS:XNYS:PSX,WS:XNYS:PSX,US1,US_SP500,PRIMARY_UNIVERSE_INDEX_AVAILABLE_NO_FROZEN_RS_BINDING,RS_NOT_VERIFIED_CURRENT_FROZEN_1425,SECTOR_RS_NOT_VERIFIED,LEAVE_ONE_OUT_PRIMARY_UNIVERSE_COHORT_MEDIAN_v0.20_NOT_CURRENT_RESULT
WSSEC:WS:XNYS:PVH,WS:XNYS:PVH,US2,US_SP400,PRIMARY_UNIVERSE_INDEX_AVAILABLE_NO_FROZEN_RS_BINDING,RS_NOT_VERIFIED_CURRENT_FROZEN_1425,SECTOR_RS_NOT_VERIFIED,LEAVE_ONE_OUT_PRIMARY_UNIVERSE_COHORT_MEDIAN_v0.20_NOT_CURRENT_RESULT
WSSEC:WS:XNYS:PWR,WS:XNYS:PWR,US1,US_SP500,PRIMARY_UNIVERSE_INDEX_AVAILABLE_NO_FROZEN_RS_BINDING,RS_NOT_VERIFIED_CURRENT_FROZEN_1425,SECTOR_RS_NOT_VERIFIED,LEAVE_ONE_OUT_PRIMARY_UNIVERSE_COHORT_MEDIAN_v0.20_NOT_CURRENT_RESULT
WSSEC:WS:XNYS:R,WS:XNYS:R,US2,US_SP400,PRIMARY_UNIVERSE_INDEX_AVAILABLE_NO_FROZEN_RS_BINDING,RS_NOT_VERIFIED_CURRENT_FROZEN_1425,SECTOR_RS_NOT_VERIFIED,LEAVE_ONE_OUT_PRIMARY_UNIVERSE_COHORT_MEDIAN_v0.20_NOT_CURRENT_RESULT
WSSEC:WS:XNYS:RBA,WS:XNYS:RBA,US2,US_SP400,PRIMARY_UNIVERSE_INDEX_AVAILABLE_NO_FROZEN_RS_BINDING,RS_NOT_VERIFIED_CURRENT_FROZEN_1425,SECTOR_RS_NOT_VERIFIED,LEAVE_ONE_OUT_PRIMARY_UNIVERSE_COHORT_MEDIAN_v0.20_NOT_CURRENT_RESULT
WSSEC:WS:XNYS:RBC,WS:XNYS:RBC,US2,US_SP400,PRIMARY_UNIVERSE_INDEX_AVAILABLE_NO_FROZEN_RS_BINDING,RS_NOT_VERIFIED_CURRENT_FROZEN_1425,SECTOR_RS_NOT_VERIFIED,LEAVE_ONE_OUT_PRIMARY_UNIVERSE_COHORT_MEDIAN_v0.20_NOT_CURRENT_RESULT
WSSEC:WS:XNYS:RF,WS:XNYS:RF,US1,US_SP500,PRIMARY_UNIVERSE_INDEX_AVAILABLE_NO_FROZEN_RS_BINDING,RS_NOT_VERIFIED_CURRENT_FROZEN_1425,SECTOR_RS_NOT_VERIFIED,LEAVE_ONE_OUT_PRIMARY_UNIVERSE_COHORT_MEDIAN_v0.20_NOT_CURRENT_RESULT
WSSEC:WS:XNYS:RGA,WS:XNYS:RGA,US2,US_SP400,PRIMARY_UNIVERSE_INDEX_AVAILABLE_NO_FROZEN_RS_BINDING,RS_NOT_VERIFIED_CURRENT_FROZEN_1425,SECTOR_RS_NOT_VERIFIED,LEAVE_ONE_OUT_PRIMARY_UNIVERSE_COHORT_MEDIAN_v0.20_NOT_CURRENT_RESULT
WSSEC:WS:XNYS:RH,WS:XNYS:RH,US2,US_SP400,PRIMARY_UNIVERSE_INDEX_AVAILABLE_NO_FROZEN_RS_BINDING,RS_NOT_VERIFIED_CURRENT_FROZEN_1425,SECTOR_RS_NOT_VERIFIED,LEAVE_ONE_OUT_PRIMARY_UNIVERSE_COHORT_MEDIAN_v0.20_NOT_CURRENT_RESULT
WSSEC:WS:XNYS:RJF,WS:XNYS:RJF,US1,US_SP500,PRIMARY_UNIVERSE_INDEX_AVAILABLE_NO_FROZEN_RS_BINDING,RS_NOT_VERIFIED_CURRENT_FROZEN_1425,SECTOR_RS_NOT_VERIFIED,LEAVE_ONE_OUT_PRIMARY_UNIVERSE_COHORT_MEDIAN_v0.20_NOT_CURRENT_RESULT
WSSEC:WS:XNYS:RL,WS:XNYS:RL,US1,US_SP500,PRIMARY_UNIVERSE_INDEX_AVAILABLE_NO_FROZEN_RS_BINDING,RS_NOT_VERIFIED_CURRENT_FROZEN_1425,SECTOR_RS_NOT_VERIFIED,LEAVE_ONE_OUT_PRIMARY_UNIVERSE_COHORT_MEDIAN_v0.20_NOT_CURRENT_RESULT
WSSEC:WS:XNYS:RLI,WS:XNYS:RLI,US2,US_SP400,PRIMARY_UNIVERSE_INDEX_AVAILABLE_NO_FROZEN_RS_BINDING,RS_NOT_VERIFIED_CURRENT_FROZEN_1425,SECTOR_RS_NOT_VERIFIED,LEAVE_ONE_OUT_PRIMARY_UNIVERSE_COHORT_MEDIAN_v0.20_NOT_CURRENT_RESULT
WSSEC:WS:XNYS:RMD,WS:XNYS:RMD,US1,US_SP500,PRIMARY_UNIVERSE_INDEX_AVAILABLE_NO_FROZEN_RS_BINDING,RS_NOT_VERIFIED_CURRENT_FROZEN_1425,SECTOR_RS_NOT_VERIFIED,LEAVE_ONE_OUT_PRIMARY_UNIVERSE_COHORT_MEDIAN_v0.20_NOT_CURRENT_RESULT
WSSEC:WS:XNYS:RNR,WS:XNYS:RNR,US2,US_SP400,PRIMARY_UNIVERSE_INDEX_AVAILABLE_NO_FROZEN_RS_BINDING,RS_NOT_VERIFIED_CURRENT_FROZEN_1425,SECTOR_RS_NOT_VERIFIED,LEAVE_ONE_OUT_PRIMARY_UNIVERSE_COHORT_MEDIAN_v0.20_NOT_CURRENT_RESULT
WSSEC:WS:XNYS:ROK,WS:XNYS:ROK,US1,US_SP500,PRIMARY_UNIVERSE_INDEX_AVAILABLE_NO_FROZEN_RS_BINDING,RS_NOT_VERIFIED_CURRENT_FROZEN_1425,SECTOR_RS_NOT_VERIFIED,LEAVE_ONE_OUT_PRIMARY_UNIVERSE_COHORT_MEDIAN_v0.20_NOT_CURRENT_RESULT
WSSEC:WS:XNYS:ROL,WS:XNYS:ROL,US1,US_SP500,PRIMARY_UNIVERSE_INDEX_AVAILABLE_NO_FROZEN_RS_BINDING,RS_NOT_VERIFIED_CURRENT_FROZEN_1425,SECTOR_RS_NOT_VERIFIED,LEAVE_ONE_OUT_PRIMARY_UNIVERSE_COHORT_MEDIAN_v0.20_NOT_CURRENT_RESULT
WSSEC:WS:XNYS:ROP,WS:XNYS:ROP,US1,US_SP500,PRIMARY_UNIVERSE_INDEX_AVAILABLE_NO_FROZEN_RS_BINDING,RS_NOT_VERIFIED_CURRENT_FROZEN_1425,SECTOR_RS_NOT_VERIFIED,LEAVE_ONE_OUT_PRIMARY_UNIVERSE_COHORT_MEDIAN_v0.20_NOT_CURRENT_RESULT
WSSEC:WS:XNYS:RPM,WS:XNYS:RPM,US2,US_SP400,PRIMARY_UNIVERSE_INDEX_AVAILABLE_NO_FROZEN_RS_BINDING,RS_NOT_VERIFIED_CURRENT_FROZEN_1425,SECTOR_RS_NOT_VERIFIED,LEAVE_ONE_OUT_PRIMARY_UNIVERSE_COHORT_MEDIAN_v0.20_NOT_CURRENT_RESULT
WSSEC:WS:XNYS:RRC,WS:XNYS:RRC,US2,US_SP400,PRIMARY_UNIVERSE_INDEX_AVAILABLE_NO_FROZEN_RS_BINDING,RS_NOT_VERIFIED_CURRENT_FROZEN_1425,SECTOR_RS_NOT_VERIFIED,LEAVE_ONE_OUT_PRIMARY_UNIVERSE_COHORT_MEDIAN_v0.20_NOT_CURRENT_RESULT
WSSEC:WS:XNYS:RRX,WS:XNYS:RRX,US2,US_SP400,PRIMARY_UNIVERSE_INDEX_AVAILABLE_NO_FROZEN_RS_BINDING,RS_NOT_VERIFIED_CURRENT_FROZEN_1425,SECTOR_RS_NOT_VERIFIED,LEAVE_ONE_OUT_PRIMARY_UNIVERSE_COHORT_MEDIAN_v0.20_NOT_CURRENT_RESULT
WSSEC:WS:XNYS:RS,WS:XNYS:RS,US2,US_SP400,PRIMARY_UNIVERSE_INDEX_AVAILABLE_NO_FROZEN_RS_BINDING,RS_NOT_VERIFIED_CURRENT_FROZEN_1425,SECTOR_RS_NOT_VERIFIED,LEAVE_ONE_OUT_PRIMARY_UNIVERSE_COHORT_MEDIAN_v0.20_NOT_CURRENT_RESULT
WSSEC:WS:XNYS:RSG,WS:XNYS:RSG,US1,US_SP500,PRIMARY_UNIVERSE_INDEX_AVAILABLE_NO_FROZEN_RS_BINDING,RS_NOT_VERIFIED_CURRENT_FROZEN_1425,SECTOR_RS_NOT_VERIFIED,LEAVE_ONE_OUT_PRIMARY_UNIVERSE_COHORT_MEDIAN_v0.20_NOT_CURRENT_RESULT
WSSEC:WS:XNYS:RTX,WS:XNYS:RTX,US1,US_SP500,PRIMARY_UNIVERSE_INDEX_AVAILABLE_NO_FROZEN_RS_BINDING,RS_NOT_VERIFIED_CURRENT_FROZEN_1425,SECTOR_RS_NOT_VERIFIED,LEAVE_ONE_OUT_PRIMARY_UNIVERSE_COHORT_MEDIAN_v0.20_NOT_CURRENT_RESULT
WSSEC:WS:XNYS:RYAN,WS:XNYS:RYAN,US2,US_SP400,PRIMARY_UNIVERSE_INDEX_AVAILABLE_NO_FROZEN_RS_BINDING,RS_NOT_VERIFIED_CURRENT_FROZEN_1425,SECTOR_RS_NOT_VERIFIED,LEAVE_ONE_OUT_PRIMARY_UNIVERSE_COHORT_MEDIAN_v0.20_NOT_CURRENT_RESULT
WSSEC:WS:XNYS:SAM,WS:XNYS:SAM,US2,US_SP400,PRIMARY_UNIVERSE_INDEX_AVAILABLE_NO_FROZEN_RS_BINDING,RS_NOT_VERIFIED_CURRENT_FROZEN_1425,SECTOR_RS_NOT_VERIFIED,LEAVE_ONE_OUT_PRIMARY_UNIVERSE_COHORT_MEDIAN_v0.20_NOT_CURRENT_RESULT
WSSEC:WS:XNYS:SARO,WS:XNYS:SARO,US2,US_SP400,PRIMARY_UNIVERSE_INDEX_AVAILABLE_NO_FROZEN_RS_BINDING,RS_NOT_VERIFIED_CURRENT_FROZEN_1425,SECTOR_RS_NOT_VERIFIED,LEAVE_ONE_OUT_PRIMARY_UNIVERSE_COHORT_MEDIAN_v0.20_NOT_CURRENT_RESULT
WSSEC:WS:XNYS:SCHW,WS:XNYS:SCHW,US1,US_SP500,PRIMARY_UNIVERSE_INDEX_AVAILABLE_NO_FROZEN_RS_BINDING,RS_NOT_VERIFIED_CURRENT_FROZEN_1425,SECTOR_RS_NOT_VERIFIED,LEAVE_ONE_OUT_PRIMARY_UNIVERSE_COHORT_MEDIAN_v0.20_NOT_CURRENT_RESULT
WSSEC:WS:XNYS:SCI,WS:XNYS:SCI,US2,US_SP400,PRIMARY_UNIVERSE_INDEX_AVAILABLE_NO_FROZEN_RS_BINDING,RS_NOT_VERIFIED_CURRENT_FROZEN_1425,SECTOR_RS_NOT_VERIFIED,LEAVE_ONE_OUT_PRIMARY_UNIVERSE_COHORT_MEDIAN_v0.20_NOT_CURRENT_RESULT
WSSEC:WS:XNYS:SF,WS:XNYS:SF,US2,US_SP400,PRIMARY_UNIVERSE_INDEX_AVAILABLE_NO_FROZEN_RS_BINDING,RS_NOT_VERIFIED_CURRENT_FROZEN_1425,SECTOR_RS_NOT_VERIFIED,LEAVE_ONE_OUT_PRIMARY_UNIVERSE_COHORT_MEDIAN_v0.20_NOT_CURRENT_RESULT
WSSEC:WS:XNYS:SGI,WS:XNYS:SGI,US2,US_SP400,PRIMARY_UNIVERSE_INDEX_AVAILABLE_NO_FROZEN_RS_BINDING,RS_NOT_VERIFIED_CURRENT_FROZEN_1425,SECTOR_RS_NOT_VERIFIED,LEAVE_ONE_OUT_PRIMARY_UNIVERSE_COHORT_MEDIAN_v0.20_NOT_CURRENT_RESULT
WSSEC:WS:XNYS:SHW,WS:XNYS:SHW,US1,US_SP500,PRIMARY_UNIVERSE_INDEX_AVAILABLE_NO_FROZEN_RS_BINDING,RS_NOT_VERIFIED_CURRENT_FROZEN_1425,SECTOR_RS_NOT_VERIFIED,LEAVE_ONE_OUT_PRIMARY_UNIVERSE_COHORT_MEDIAN_v0.20_NOT_CURRENT_RESULT
WSSEC:WS:XNYS:SJM,WS:XNYS:SJM,US1,US_SP500,PRIMARY_UNIVERSE_INDEX_AVAILABLE_NO_FROZEN_RS_BINDING,RS_NOT_VERIFIED_CURRENT_FROZEN_1425,SECTOR_RS_NOT_VERIFIED,LEAVE_ONE_OUT_PRIMARY_UNIVERSE_COHORT_MEDIAN_v0.20_NOT_CURRENT_RESULT
WSSEC:WS:XNYS:SLGN,WS:XNYS:SLGN,US2,US_SP400,PRIMARY_UNIVERSE_INDEX_AVAILABLE_NO_FROZEN_RS_BINDING,RS_NOT_VERIFIED_CURRENT_FROZEN_1425,SECTOR_RS_NOT_VERIFIED,LEAVE_ONE_OUT_PRIMARY_UNIVERSE_COHORT_MEDIAN_v0.20_NOT_CURRENT_RESULT
WSSEC:WS:XNYS:SMG,WS:XNYS:SMG,US2,US_SP400,PRIMARY_UNIVERSE_INDEX_AVAILABLE_NO_FROZEN_RS_BINDING,RS_NOT_VERIFIED_CURRENT_FROZEN_1425,SECTOR_RS_NOT_VERIFIED,LEAVE_ONE_OUT_PRIMARY_UNIVERSE_COHORT_MEDIAN_v0.20_NOT_CURRENT_RESULT
WSSEC:WS:XNYS:SN,WS:XNYS:SN,US2,US_SP400,PRIMARY_UNIVERSE_INDEX_AVAILABLE_NO_FROZEN_RS_BINDING,RS_NOT_VERIFIED_CURRENT_FROZEN_1425,SECTOR_RS_NOT_VERIFIED,LEAVE_ONE_OUT_PRIMARY_UNIVERSE_COHORT_MEDIAN_v0.20_NOT_CURRENT_RESULT
WSSEC:WS:XNYS:SNA,WS:XNYS:SNA,US1,US_SP500,PRIMARY_UNIVERSE_INDEX_AVAILABLE_NO_FROZEN_RS_BINDING,RS_NOT_VERIFIED_CURRENT_FROZEN_1425,SECTOR_RS_NOT_VERIFIED,LEAVE_ONE_OUT_PRIMARY_UNIVERSE_COHORT_MEDIAN_v0.20_NOT_CURRENT_RESULT
WSSEC:WS:XNYS:SNX,WS:XNYS:SNX,US2,US_SP400,PRIMARY_UNIVERSE_INDEX_AVAILABLE_NO_FROZEN_RS_BINDING,RS_NOT_VERIFIED_CURRENT_FROZEN_1425,SECTOR_RS_NOT_VERIFIED,LEAVE_ONE_OUT_PRIMARY_UNIVERSE_COHORT_MEDIAN_v0.20_NOT_CURRENT_RESULT
WSSEC:WS:XNYS:SO,WS:XNYS:SO,US1,US_SP500,PRIMARY_UNIVERSE_INDEX_AVAILABLE_NO_FROZEN_RS_BINDING,RS_NOT_VERIFIED_CURRENT_FROZEN_1425,SECTOR_RS_NOT_VERIFIED,LEAVE_ONE_OUT_PRIMARY_UNIVERSE_COHORT_MEDIAN_v0.20_NOT_CURRENT_RESULT
WSSEC:WS:XNYS:SOLV,WS:XNYS:SOLV,US1,US_SP500,PRIMARY_UNIVERSE_INDEX_AVAILABLE_NO_FROZEN_RS_BINDING,RS_NOT_VERIFIED_CURRENT_FROZEN_1425,SECTOR_RS_NOT_VERIFIED,LEAVE_ONE_OUT_PRIMARY_UNIVERSE_COHORT_MEDIAN_v0.20_NOT_CURRENT_RESULT
WSSEC:WS:XNYS:SON,WS:XNYS:SON,US2,US_SP400,PRIMARY_UNIVERSE_INDEX_AVAILABLE_NO_FROZEN_RS_BINDING,RS_NOT_VERIFIED_CURRENT_FROZEN_1425,SECTOR_RS_NOT_VERIFIED,LEAVE_ONE_OUT_PRIMARY_UNIVERSE_COHORT_MEDIAN_v0.20_NOT_CURRENT_RESULT
WSSEC:WS:XNYS:SPGI,WS:XNYS:SPGI,US1,US_SP500,PRIMARY_UNIVERSE_INDEX_AVAILABLE_NO_FROZEN_RS_BINDING,RS_NOT_VERIFIED_CURRENT_FROZEN_1425,SECTOR_RS_NOT_VERIFIED,LEAVE_ONE_OUT_PRIMARY_UNIVERSE_COHORT_MEDIAN_v0.20_NOT_CURRENT_RESULT
WSSEC:WS:XNYS:SPXC,WS:XNYS:SPXC,US2,US_SP400,PRIMARY_UNIVERSE_INDEX_AVAILABLE_NO_FROZEN_RS_BINDING,RS_NOT_VERIFIED_CURRENT_FROZEN_1425,SECTOR_RS_NOT_VERIFIED,LEAVE_ONE_OUT_PRIMARY_UNIVERSE_COHORT_MEDIAN_v0.20_NOT_CURRENT_RESULT
WSSEC:WS:XNYS:SR,WS:XNYS:SR,US2,US_SP400,PRIMARY_UNIVERSE_INDEX_AVAILABLE_NO_FROZEN_RS_BINDING,RS_NOT_VERIFIED_CURRENT_FROZEN_1425,SECTOR_RS_NOT_VERIFIED,LEAVE_ONE_OUT_PRIMARY_UNIVERSE_COHORT_MEDIAN_v0.20_NOT_CURRENT_RESULT
WSSEC:WS:XNYS:SSB,WS:XNYS:SSB,US2,US_SP400,PRIMARY_UNIVERSE_INDEX_AVAILABLE_NO_FROZEN_RS_BINDING,RS_NOT_VERIFIED_CURRENT_FROZEN_1425,SECTOR_RS_NOT_VERIFIED,LEAVE_ONE_OUT_PRIMARY_UNIVERSE_COHORT_MEDIAN_v0.20_NOT_CURRENT_RESULT
WSSEC:WS:XNYS:SSD,WS:XNYS:SSD,US2,US_SP400,PRIMARY_UNIVERSE_INDEX_AVAILABLE_NO_FROZEN_RS_BINDING,RS_NOT_VERIFIED_CURRENT_FROZEN_1425,SECTOR_RS_NOT_VERIFIED,LEAVE_ONE_OUT_PRIMARY_UNIVERSE_COHORT_MEDIAN_v0.20_NOT_CURRENT_RESULT
WSSEC:WS:XNYS:ST,WS:XNYS:ST,US2,US_SP400,PRIMARY_UNIVERSE_INDEX_AVAILABLE_NO_FROZEN_RS_BINDING,RS_NOT_VERIFIED_CURRENT_FROZEN_1425,SECTOR_RS_NOT_VERIFIED,LEAVE_ONE_OUT_PRIMARY_UNIVERSE_COHORT_MEDIAN_v0.20_NOT_CURRENT_RESULT
WSSEC:WS:XNYS:STT,WS:XNYS:STT,US1,US_SP500,PRIMARY_UNIVERSE_INDEX_AVAILABLE_NO_FROZEN_RS_BINDING,RS_NOT_VERIFIED_CURRENT_FROZEN_1425,SECTOR_RS_NOT_VERIFIED,LEAVE_ONE_OUT_PRIMARY_UNIVERSE_COHORT_MEDIAN_v0.20_NOT_CURRENT_RESULT
WSSEC:WS:XNYS:STZ,WS:XNYS:STZ,US1,US_SP500,PRIMARY_UNIVERSE_INDEX_AVAILABLE_NO_FROZEN_RS_BINDING,RS_NOT_VERIFIED_CURRENT_FROZEN_1425,SECTOR_RS_NOT_VERIFIED,LEAVE_ONE_OUT_PRIMARY_UNIVERSE_COHORT_MEDIAN_v0.20_NOT_CURRENT_RESULT
WSSEC:WS:XNYS:SWK,WS:XNYS:SWK,US1,US_SP500,PRIMARY_UNIVERSE_INDEX_AVAILABLE_NO_FROZEN_RS_BINDING,RS_NOT_VERIFIED_CURRENT_FROZEN_1425,SECTOR_RS_NOT_VERIFIED,LEAVE_ONE_OUT_PRIMARY_UNIVERSE_COHORT_MEDIAN_v0.20_NOT_CURRENT_RESULT
WSSEC:WS:XNYS:SWX,WS:XNYS:SWX,US2,US_SP400,PRIMARY_UNIVERSE_INDEX_AVAILABLE_NO_FROZEN_RS_BINDING,RS_NOT_VERIFIED_CURRENT_FROZEN_1425,SECTOR_RS_NOT_VERIFIED,LEAVE_ONE_OUT_PRIMARY_UNIVERSE_COHORT_MEDIAN_v0.20_NOT_CURRENT_RESULT
WSSEC:WS:XNYS:SYF,WS:XNYS:SYF,US1,US_SP500,PRIMARY_UNIVERSE_INDEX_AVAILABLE_NO_FROZEN_RS_BINDING,RS_NOT_VERIFIED_CURRENT_FROZEN_1425,SECTOR_RS_NOT_VERIFIED,LEAVE_ONE_OUT_PRIMARY_UNIVERSE_COHORT_MEDIAN_v0.20_NOT_CURRENT_RESULT
WSSEC:WS:XNYS:SYK,WS:XNYS:SYK,US1,US_SP500,PRIMARY_UNIVERSE_INDEX_AVAILABLE_NO_FROZEN_RS_BINDING,RS_NOT_VERIFIED_CURRENT_FROZEN_1425,SECTOR_RS_NOT_VERIFIED,LEAVE_ONE_OUT_PRIMARY_UNIVERSE_COHORT_MEDIAN_v0.20_NOT_CURRENT_RESULT
WSSEC:WS:XNYS:SYY,WS:XNYS:SYY,US1,US_SP500,PRIMARY_UNIVERSE_INDEX_AVAILABLE_NO_FROZEN_RS_BINDING,RS_NOT_VERIFIED_CURRENT_FROZEN_1425,SECTOR_RS_NOT_VERIFIED,LEAVE_ONE_OUT_PRIMARY_UNIVERSE_COHORT_MEDIAN_v0.20_NOT_CURRENT_RESULT
WSSEC:WS:XNYS:T,WS:XNYS:T,US1,US_SP500,PRIMARY_UNIVERSE_INDEX_AVAILABLE_NO_FROZEN_RS_BINDING,RS_NOT_VERIFIED_CURRENT_FROZEN_1425,SECTOR_RS_NOT_VERIFIED,LEAVE_ONE_OUT_PRIMARY_UNIVERSE_COHORT_MEDIAN_v0.20_NOT_CURRENT_RESULT
WSSEC:WS:XNYS:TAP,WS:XNYS:TAP,US1,US_SP500,PRIMARY_UNIVERSE_INDEX_AVAILABLE_NO_FROZEN_RS_BINDING,RS_NOT_VERIFIED_CURRENT_FROZEN_1425,SECTOR_RS_NOT_VERIFIED,LEAVE_ONE_OUT_PRIMARY_UNIVERSE_COHORT_MEDIAN_v0.20_NOT_CURRENT_RESULT
WSSEC:WS:XNYS:TDG,WS:XNYS:TDG,US1,US_SP500,PRIMARY_UNIVERSE_INDEX_AVAILABLE_NO_FROZEN_RS_BINDING,RS_NOT_VERIFIED_CURRENT_FROZEN_1425,SECTOR_RS_NOT_VERIFIED,LEAVE_ONE_OUT_PRIMARY_UNIVERSE_COHORT_MEDIAN_v0.20_NOT_CURRENT_RESULT
WSSEC:WS:XNYS:TDY,WS:XNYS:TDY,US1,US_SP500,PRIMARY_UNIVERSE_INDEX_AVAILABLE_NO_FROZEN_RS_BINDING,RS_NOT_VERIFIED_CURRENT_FROZEN_1425,SECTOR_RS_NOT_VERIFIED,LEAVE_ONE_OUT_PRIMARY_UNIVERSE_COHORT_MEDIAN_v0.20_NOT_CURRENT_RESULT
WSSEC:WS:XNYS:TEX,WS:XNYS:TEX,US2,US_SP400,PRIMARY_UNIVERSE_INDEX_AVAILABLE_NO_FROZEN_RS_BINDING,RS_NOT_VERIFIED_CURRENT_FROZEN_1425,SECTOR_RS_NOT_VERIFIED,LEAVE_ONE_OUT_PRIMARY_UNIVERSE_COHORT_MEDIAN_v0.20_NOT_CURRENT_RESULT
WSSEC:WS:XNYS:TFC,WS:XNYS:TFC,US1,US_SP500,PRIMARY_UNIVERSE_INDEX_AVAILABLE_NO_FROZEN_RS_BINDING,RS_NOT_VERIFIED_CURRENT_FROZEN_1425,SECTOR_RS_NOT_VERIFIED,LEAVE_ONE_OUT_PRIMARY_UNIVERSE_COHORT_MEDIAN_v0.20_NOT_CURRENT_RESULT
WSSEC:WS:XNYS:TGT,WS:XNYS:TGT,US1,US_SP500,PRIMARY_UNIVERSE_INDEX_AVAILABLE_NO_FROZEN_RS_BINDING,RS_NOT_VERIFIED_CURRENT_FROZEN_1425,SECTOR_RS_NOT_VERIFIED,LEAVE_ONE_OUT_PRIMARY_UNIVERSE_COHORT_MEDIAN_v0.20_NOT_CURRENT_RESULT
WSSEC:WS:XNYS:THC,WS:XNYS:THC,US2,US_SP400,PRIMARY_UNIVERSE_INDEX_AVAILABLE_NO_FROZEN_RS_BINDING,RS_NOT_VERIFIED_CURRENT_FROZEN_1425,SECTOR_RS_NOT_VERIFIED,LEAVE_ONE_OUT_PRIMARY_UNIVERSE_COHORT_MEDIAN_v0.20_NOT_CURRENT_RESULT
WSSEC:WS:XNYS:THG,WS:XNYS:THG,US2,US_SP400,PRIMARY_UNIVERSE_INDEX_AVAILABLE_NO_FROZEN_RS_BINDING,RS_NOT_VERIFIED_CURRENT_FROZEN_1425,SECTOR_RS_NOT_VERIFIED,LEAVE_ONE_OUT_PRIMARY_UNIVERSE_COHORT_MEDIAN_v0.20_NOT_CURRENT_RESULT
WSSEC:WS:XNYS:THO,WS:XNYS:THO,US2,US_SP400,PRIMARY_UNIVERSE_INDEX_AVAILABLE_NO_FROZEN_RS_BINDING,RS_NOT_VERIFIED_CURRENT_FROZEN_1425,SECTOR_RS_NOT_VERIFIED,LEAVE_ONE_OUT_PRIMARY_UNIVERSE_COHORT_MEDIAN_v0.20_NOT_CURRENT_RESULT
WSSEC:WS:XNYS:TJX,WS:XNYS:TJX,US1,US_SP500,PRIMARY_UNIVERSE_INDEX_AVAILABLE_NO_FROZEN_RS_BINDING,RS_NOT_VERIFIED_CURRENT_FROZEN_1425,SECTOR_RS_NOT_VERIFIED,LEAVE_ONE_OUT_PRIMARY_UNIVERSE_COHORT_MEDIAN_v0.20_NOT_CURRENT_RESULT
WSSEC:WS:XNYS:TKO,WS:XNYS:TKO,US1,US_SP500,PRIMARY_UNIVERSE_INDEX_AVAILABLE_NO_FROZEN_RS_BINDING,RS_NOT_VERIFIED_CURRENT_FROZEN_1425,SECTOR_RS_NOT_VERIFIED,LEAVE_ONE_OUT_PRIMARY_UNIVERSE_COHORT_MEDIAN_v0.20_NOT_CURRENT_RESULT
WSSEC:WS:XNYS:TKR,WS:XNYS:TKR,US2,US_SP400,PRIMARY_UNIVERSE_INDEX_AVAILABLE_NO_FROZEN_RS_BINDING,RS_NOT_VERIFIED_CURRENT_FROZEN_1425,SECTOR_RS_NOT_VERIFIED,LEAVE_ONE_OUT_PRIMARY_UNIVERSE_COHORT_MEDIAN_v0.20_NOT_CURRENT_RESULT
WSSEC:WS:XNYS:TMO,WS:XNYS:TMO,US1,US_SP500,PRIMARY_UNIVERSE_INDEX_AVAILABLE_NO_FROZEN_RS_BINDING,RS_NOT_VERIFIED_CURRENT_FROZEN_1425,SECTOR_RS_NOT_VERIFIED,LEAVE_ONE_OUT_PRIMARY_UNIVERSE_COHORT_MEDIAN_v0.20_NOT_CURRENT_RESULT
WSSEC:WS:XNYS:TNL,WS:XNYS:TNL,US2,US_SP400,PRIMARY_UNIVERSE_INDEX_AVAILABLE_NO_FROZEN_RS_BINDING,RS_NOT_VERIFIED_CURRENT_FROZEN_1425,SECTOR_RS_NOT_VERIFIED,LEAVE_ONE_OUT_PRIMARY_UNIVERSE_COHORT_MEDIAN_v0.20_NOT_CURRENT_RESULT
WSSEC:WS:XNYS:TOL,WS:XNYS:TOL,US2,US_SP400,PRIMARY_UNIVERSE_INDEX_AVAILABLE_NO_FROZEN_RS_BINDING,RS_NOT_VERIFIED_CURRENT_FROZEN_1425,SECTOR_RS_NOT_VERIFIED,LEAVE_ONE_OUT_PRIMARY_UNIVERSE_COHORT_MEDIAN_v0.20_NOT_CURRENT_RESULT
WSSEC:WS:XNYS:TOST,WS:XNYS:TOST,US2,US_SP400,PRIMARY_UNIVERSE_INDEX_AVAILABLE_NO_FROZEN_RS_BINDING,RS_NOT_VERIFIED_CURRENT_FROZEN_1425,SECTOR_RS_NOT_VERIFIED,LEAVE_ONE_OUT_PRIMARY_UNIVERSE_COHORT_MEDIAN_v0.20_NOT_CURRENT_RESULT
WSSEC:WS:XNYS:TPL,WS:XNYS:TPL,US1,US_SP500,PRIMARY_UNIVERSE_INDEX_AVAILABLE_NO_FROZEN_RS_BINDING,RS_NOT_VERIFIED_CURRENT_FROZEN_1425,SECTOR_RS_NOT_VERIFIED,LEAVE_ONE_OUT_PRIMARY_UNIVERSE_COHORT_MEDIAN_v0.20_NOT_CURRENT_RESULT
WSSEC:WS:XNYS:TPR,WS:XNYS:TPR,US1,US_SP500,PRIMARY_UNIVERSE_INDEX_AVAILABLE_NO_FROZEN_RS_BINDING,RS_NOT_VERIFIED_CURRENT_FROZEN_1425,SECTOR_RS_NOT_VERIFIED,LEAVE_ONE_OUT_PRIMARY_UNIVERSE_COHORT_MEDIAN_v0.20_NOT_CURRENT_RESULT
WSSEC:WS:XNYS:TREX,WS:XNYS:TREX,US2,US_SP400,PRIMARY_UNIVERSE_INDEX_AVAILABLE_NO_FROZEN_RS_BINDING,RS_NOT_VERIFIED_CURRENT_FROZEN_1425,SECTOR_RS_NOT_VERIFIED,LEAVE_ONE_OUT_PRIMARY_UNIVERSE_COHORT_MEDIAN_v0.20_NOT_CURRENT_RESULT
WSSEC:WS:XNYS:TRGP,WS:XNYS:TRGP,US1,US_SP500,PRIMARY_UNIVERSE_INDEX_AVAILABLE_NO_FROZEN_RS_BINDING,RS_NOT_VERIFIED_CURRENT_FROZEN_1425,SECTOR_RS_NOT_VERIFIED,LEAVE_ONE_OUT_PRIMARY_UNIVERSE_COHORT_MEDIAN_v0.20_NOT_CURRENT_RESULT
WSSEC:WS:XNYS:TRU,WS:XNYS:TRU,US2,US_SP400,PRIMARY_UNIVERSE_INDEX_AVAILABLE_NO_FROZEN_RS_BINDING,RS_NOT_VERIFIED_CURRENT_FROZEN_1425,SECTOR_RS_NOT_VERIFIED,LEAVE_ONE_OUT_PRIMARY_UNIVERSE_COHORT_MEDIAN_v0.20_NOT_CURRENT_RESULT
WSSEC:WS:XNYS:TRV,WS:XNYS:TRV,US1,US_SP500,PRIMARY_UNIVERSE_INDEX_AVAILABLE_NO_FROZEN_RS_BINDING,RS_NOT_VERIFIED_CURRENT_FROZEN_1425,SECTOR_RS_NOT_VERIFIED,LEAVE_ONE_OUT_PRIMARY_UNIVERSE_COHORT_MEDIAN_v0.20_NOT_CURRENT_RESULT
WSSEC:WS:XNYS:TSN,WS:XNYS:TSN,US1,US_SP500,PRIMARY_UNIVERSE_INDEX_AVAILABLE_NO_FROZEN_RS_BINDING,RS_NOT_VERIFIED_CURRENT_FROZEN_1425,SECTOR_RS_NOT_VERIFIED,LEAVE_ONE_OUT_PRIMARY_UNIVERSE_COHORT_MEDIAN_v0.20_NOT_CURRENT_RESULT
WSSEC:WS:XNYS:TTC,WS:XNYS:TTC,US2,US_SP400,PRIMARY_UNIVERSE_INDEX_AVAILABLE_NO_FROZEN_RS_BINDING,RS_NOT_VERIFIED_CURRENT_FROZEN_1425,SECTOR_RS_NOT_VERIFIED,LEAVE_ONE_OUT_PRIMARY_UNIVERSE_COHORT_MEDIAN_v0.20_NOT_CURRENT_RESULT
WSSEC:WS:XNYS:TWLO,WS:XNYS:TWLO,US2,US_SP400,PRIMARY_UNIVERSE_INDEX_AVAILABLE_NO_FROZEN_RS_BINDING,RS_NOT_VERIFIED_CURRENT_FROZEN_1425,SECTOR_RS_NOT_VERIFIED,LEAVE_ONE_OUT_PRIMARY_UNIVERSE_COHORT_MEDIAN_v0.20_NOT_CURRENT_RESULT
WSSEC:WS:XNYS:TXNM,WS:XNYS:TXNM,US2,US_SP400,PRIMARY_UNIVERSE_INDEX_AVAILABLE_NO_FROZEN_RS_BINDING,RS_NOT_VERIFIED_CURRENT_FROZEN_1425,SECTOR_RS_NOT_VERIFIED,LEAVE_ONE_OUT_PRIMARY_UNIVERSE_COHORT_MEDIAN_v0.20_NOT_CURRENT_RESULT
WSSEC:WS:XNYS:TXT,WS:XNYS:TXT,US1,US_SP500,PRIMARY_UNIVERSE_INDEX_AVAILABLE_NO_FROZEN_RS_BINDING,RS_NOT_VERIFIED_CURRENT_FROZEN_1425,SECTOR_RS_NOT_VERIFIED,LEAVE_ONE_OUT_PRIMARY_UNIVERSE_COHORT_MEDIAN_v0.20_NOT_CURRENT_RESULT
WSSEC:WS:XNYS:TYL,WS:XNYS:TYL,US1,US_SP500,PRIMARY_UNIVERSE_INDEX_AVAILABLE_NO_FROZEN_RS_BINDING,RS_NOT_VERIFIED_CURRENT_FROZEN_1425,SECTOR_RS_NOT_VERIFIED,LEAVE_ONE_OUT_PRIMARY_UNIVERSE_COHORT_MEDIAN_v0.20_NOT_CURRENT_RESULT
WSSEC:WS:XNYS:UBER,WS:XNYS:UBER,US1,US_SP500,PRIMARY_UNIVERSE_INDEX_AVAILABLE_NO_FROZEN_RS_BINDING,RS_NOT_VERIFIED_CURRENT_FROZEN_1425,SECTOR_RS_NOT_VERIFIED,LEAVE_ONE_OUT_PRIMARY_UNIVERSE_COHORT_MEDIAN_v0.20_NOT_CURRENT_RESULT
WSSEC:WS:XNYS:UGI,WS:XNYS:UGI,US2,US_SP400,PRIMARY_UNIVERSE_INDEX_AVAILABLE_NO_FROZEN_RS_BINDING,RS_NOT_VERIFIED_CURRENT_FROZEN_1425,SECTOR_RS_NOT_VERIFIED,LEAVE_ONE_OUT_PRIMARY_UNIVERSE_COHORT_MEDIAN_v0.20_NOT_CURRENT_RESULT
WSSEC:WS:XNYS:UHS,WS:XNYS:UHS,US1,US_SP500,PRIMARY_UNIVERSE_INDEX_AVAILABLE_NO_FROZEN_RS_BINDING,RS_NOT_VERIFIED_CURRENT_FROZEN_1425,SECTOR_RS_NOT_VERIFIED,LEAVE_ONE_OUT_PRIMARY_UNIVERSE_COHORT_MEDIAN_v0.20_NOT_CURRENT_RESULT
WSSEC:WS:XNYS:ULS,WS:XNYS:ULS,US2,US_SP400,PRIMARY_UNIVERSE_INDEX_AVAILABLE_NO_FROZEN_RS_BINDING,RS_NOT_VERIFIED_CURRENT_FROZEN_1425,SECTOR_RS_NOT_VERIFIED,LEAVE_ONE_OUT_PRIMARY_UNIVERSE_COHORT_MEDIAN_v0.20_NOT_CURRENT_RESULT
WSSEC:WS:XNYS:UNH,WS:XNYS:UNH,US1,US_SP500,PRIMARY_UNIVERSE_INDEX_AVAILABLE_NO_FROZEN_RS_BINDING,RS_NOT_VERIFIED_CURRENT_FROZEN_1425,SECTOR_RS_NOT_VERIFIED,LEAVE_ONE_OUT_PRIMARY_UNIVERSE_COHORT_MEDIAN_v0.20_NOT_CURRENT_RESULT
WSSEC:WS:XNYS:UNM,WS:XNYS:UNM,US2,US_SP400,PRIMARY_UNIVERSE_INDEX_AVAILABLE_NO_FROZEN_RS_BINDING,RS_NOT_VERIFIED_CURRENT_FROZEN_1425,SECTOR_RS_NOT_VERIFIED,LEAVE_ONE_OUT_PRIMARY_UNIVERSE_COHORT_MEDIAN_v0.20_NOT_CURRENT_RESULT
WSSEC:WS:XNYS:UNP,WS:XNYS:UNP,US1,US_SP500,PRIMARY_UNIVERSE_INDEX_AVAILABLE_NO_FROZEN_RS_BINDING,RS_NOT_VERIFIED_CURRENT_FROZEN_1425,SECTOR_RS_NOT_VERIFIED,LEAVE_ONE_OUT_PRIMARY_UNIVERSE_COHORT_MEDIAN_v0.20_NOT_CURRENT_RESULT
WSSEC:WS:XNYS:UPS,WS:XNYS:UPS,US1,US_SP500,PRIMARY_UNIVERSE_INDEX_AVAILABLE_NO_FROZEN_RS_BINDING,RS_NOT_VERIFIED_CURRENT_FROZEN_1425,SECTOR_RS_NOT_VERIFIED,LEAVE_ONE_OUT_PRIMARY_UNIVERSE_COHORT_MEDIAN_v0.20_NOT_CURRENT_RESULT
WSSEC:WS:XNYS:URI,WS:XNYS:URI,US1,US_SP500,PRIMARY_UNIVERSE_INDEX_AVAILABLE_NO_FROZEN_RS_BINDING,RS_NOT_VERIFIED_CURRENT_FROZEN_1425,SECTOR_RS_NOT_VERIFIED,LEAVE_ONE_OUT_PRIMARY_UNIVERSE_COHORT_MEDIAN_v0.20_NOT_CURRENT_RESULT
WSSEC:WS:XNYS:USB,WS:XNYS:USB,US1,US_SP500,PRIMARY_UNIVERSE_INDEX_AVAILABLE_NO_FROZEN_RS_BINDING,RS_NOT_VERIFIED_CURRENT_FROZEN_1425,SECTOR_RS_NOT_VERIFIED,LEAVE_ONE_OUT_PRIMARY_UNIVERSE_COHORT_MEDIAN_v0.20_NOT_CURRENT_RESULT
WSSEC:WS:XNYS:USFD,WS:XNYS:USFD,US2,US_SP400,PRIMARY_UNIVERSE_INDEX_AVAILABLE_NO_FROZEN_RS_BINDING,RS_NOT_VERIFIED_CURRENT_FROZEN_1425,SECTOR_RS_NOT_VERIFIED,LEAVE_ONE_OUT_PRIMARY_UNIVERSE_COHORT_MEDIAN_v0.20_NOT_CURRENT_RESULT
WSSEC:WS:XNYS:V,WS:XNYS:V,US1,US_SP500,PRIMARY_UNIVERSE_INDEX_AVAILABLE_NO_FROZEN_RS_BINDING,RS_NOT_VERIFIED_CURRENT_FROZEN_1425,SECTOR_RS_NOT_VERIFIED,LEAVE_ONE_OUT_PRIMARY_UNIVERSE_COHORT_MEDIAN_v0.20_NOT_CURRENT_RESULT
WSSEC:WS:XNYS:VAL,WS:XNYS:VAL,US2,US_SP400,PRIMARY_UNIVERSE_INDEX_AVAILABLE_NO_FROZEN_RS_BINDING,RS_NOT_VERIFIED_CURRENT_FROZEN_1425,SECTOR_RS_NOT_VERIFIED,LEAVE_ONE_OUT_PRIMARY_UNIVERSE_COHORT_MEDIAN_v0.20_NOT_CURRENT_RESULT
WSSEC:WS:XNYS:VEEV,WS:XNYS:VEEV,US1,US_SP500,PRIMARY_UNIVERSE_INDEX_AVAILABLE_NO_FROZEN_RS_BINDING,RS_NOT_VERIFIED_CURRENT_FROZEN_1425,SECTOR_RS_NOT_VERIFIED,LEAVE_ONE_OUT_PRIMARY_UNIVERSE_COHORT_MEDIAN_v0.20_NOT_CURRENT_RESULT
WSSEC:WS:XNYS:VFC,WS:XNYS:VFC,US2,US_SP400,PRIMARY_UNIVERSE_INDEX_AVAILABLE_NO_FROZEN_RS_BINDING,RS_NOT_VERIFIED_CURRENT_FROZEN_1425,SECTOR_RS_NOT_VERIFIED,LEAVE_ONE_OUT_PRIMARY_UNIVERSE_COHORT_MEDIAN_v0.20_NOT_CURRENT_RESULT
WSSEC:WS:XNYS:VLO,WS:XNYS:VLO,US1,US_SP500,PRIMARY_UNIVERSE_INDEX_AVAILABLE_NO_FROZEN_RS_BINDING,RS_NOT_VERIFIED_CURRENT_FROZEN_1425,SECTOR_RS_NOT_VERIFIED,LEAVE_ONE_OUT_PRIMARY_UNIVERSE_COHORT_MEDIAN_v0.20_NOT_CURRENT_RESULT
WSSEC:WS:XNYS:VLTO,WS:XNYS:VLTO,US1,US_SP500,PRIMARY_UNIVERSE_INDEX_AVAILABLE_NO_FROZEN_RS_BINDING,RS_NOT_VERIFIED_CURRENT_FROZEN_1425,SECTOR_RS_NOT_VERIFIED,LEAVE_ONE_OUT_PRIMARY_UNIVERSE_COHORT_MEDIAN_v0.20_NOT_CURRENT_RESULT
WSSEC:WS:XNYS:VMC,WS:XNYS:VMC,US1,US_SP500,PRIMARY_UNIVERSE_INDEX_AVAILABLE_NO_FROZEN_RS_BINDING,RS_NOT_VERIFIED_CURRENT_FROZEN_1425,SECTOR_RS_NOT_VERIFIED,LEAVE_ONE_OUT_PRIMARY_UNIVERSE_COHORT_MEDIAN_v0.20_NOT_CURRENT_RESULT
WSSEC:WS:XNYS:VMI,WS:XNYS:VMI,US2,US_SP400,PRIMARY_UNIVERSE_INDEX_AVAILABLE_NO_FROZEN_RS_BINDING,RS_NOT_VERIFIED_CURRENT_FROZEN_1425,SECTOR_RS_NOT_VERIFIED,LEAVE_ONE_OUT_PRIMARY_UNIVERSE_COHORT_MEDIAN_v0.20_NOT_CURRENT_RESULT
WSSEC:WS:XNYS:VNT,WS:XNYS:VNT,US2,US_SP400,PRIMARY_UNIVERSE_INDEX_AVAILABLE_NO_FROZEN_RS_BINDING,RS_NOT_VERIFIED_CURRENT_FROZEN_1425,SECTOR_RS_NOT_VERIFIED,LEAVE_ONE_OUT_PRIMARY_UNIVERSE_COHORT_MEDIAN_v0.20_NOT_CURRENT_RESULT
WSSEC:WS:XNYS:VOYA,WS:XNYS:VOYA,US2,US_SP400,PRIMARY_UNIVERSE_INDEX_AVAILABLE_NO_FROZEN_RS_BINDING,RS_NOT_VERIFIED_CURRENT_FROZEN_1425,SECTOR_RS_NOT_VERIFIED,LEAVE_ONE_OUT_PRIMARY_UNIVERSE_COHORT_MEDIAN_v0.20_NOT_CURRENT_RESULT
WSSEC:WS:XNYS:VRT,WS:XNYS:VRT,US1,US_SP500,PRIMARY_UNIVERSE_INDEX_AVAILABLE_NO_FROZEN_RS_BINDING,RS_NOT_VERIFIED_CURRENT_FROZEN_1425,SECTOR_RS_NOT_VERIFIED,LEAVE_ONE_OUT_PRIMARY_UNIVERSE_COHORT_MEDIAN_v0.20_NOT_CURRENT_RESULT
WSSEC:WS:XNYS:VST,WS:XNYS:VST,US1,US_SP500,PRIMARY_UNIVERSE_INDEX_AVAILABLE_NO_FROZEN_RS_BINDING,RS_NOT_VERIFIED_CURRENT_FROZEN_1425,SECTOR_RS_NOT_VERIFIED,LEAVE_ONE_OUT_PRIMARY_UNIVERSE_COHORT_MEDIAN_v0.20_NOT_CURRENT_RESULT
WSSEC:WS:XNYS:VVV,WS:XNYS:VVV,US2,US_SP400,PRIMARY_UNIVERSE_INDEX_AVAILABLE_NO_FROZEN_RS_BINDING,RS_NOT_VERIFIED_CURRENT_FROZEN_1425,SECTOR_RS_NOT_VERIFIED,LEAVE_ONE_OUT_PRIMARY_UNIVERSE_COHORT_MEDIAN_v0.20_NOT_CURRENT_RESULT
WSSEC:WS:XNYS:WAB,WS:XNYS:WAB,US1,US_SP500,PRIMARY_UNIVERSE_INDEX_AVAILABLE_NO_FROZEN_RS_BINDING,RS_NOT_VERIFIED_CURRENT_FROZEN_1425,SECTOR_RS_NOT_VERIFIED,LEAVE_ONE_OUT_PRIMARY_UNIVERSE_COHORT_MEDIAN_v0.20_NOT_CURRENT_RESULT
WSSEC:WS:XNYS:WAL,WS:XNYS:WAL,US2,US_SP400,PRIMARY_UNIVERSE_INDEX_AVAILABLE_NO_FROZEN_RS_BINDING,RS_NOT_VERIFIED_CURRENT_FROZEN_1425,SECTOR_RS_NOT_VERIFIED,LEAVE_ONE_OUT_PRIMARY_UNIVERSE_COHORT_MEDIAN_v0.20_NOT_CURRENT_RESULT
WSSEC:WS:XNYS:WAT,WS:XNYS:WAT,US1,US_SP500,PRIMARY_UNIVERSE_INDEX_AVAILABLE_NO_FROZEN_RS_BINDING,RS_NOT_VERIFIED_CURRENT_FROZEN_1425,SECTOR_RS_NOT_VERIFIED,LEAVE_ONE_OUT_PRIMARY_UNIVERSE_COHORT_MEDIAN_v0.20_NOT_CURRENT_RESULT
WSSEC:WS:XNYS:WCC,WS:XNYS:WCC,US2,US_SP400,PRIMARY_UNIVERSE_INDEX_AVAILABLE_NO_FROZEN_RS_BINDING,RS_NOT_VERIFIED_CURRENT_FROZEN_1425,SECTOR_RS_NOT_VERIFIED,LEAVE_ONE_OUT_PRIMARY_UNIVERSE_COHORT_MEDIAN_v0.20_NOT_CURRENT_RESULT
WSSEC:WS:XNYS:WEC,WS:XNYS:WEC,US1,US_SP500,PRIMARY_UNIVERSE_INDEX_AVAILABLE_NO_FROZEN_RS_BINDING,RS_NOT_VERIFIED_CURRENT_FROZEN_1425,SECTOR_RS_NOT_VERIFIED,LEAVE_ONE_OUT_PRIMARY_UNIVERSE_COHORT_MEDIAN_v0.20_NOT_CURRENT_RESULT
WSSEC:WS:XNYS:WEX,WS:XNYS:WEX,US2,US_SP400,PRIMARY_UNIVERSE_INDEX_AVAILABLE_NO_FROZEN_RS_BINDING,RS_NOT_VERIFIED_CURRENT_FROZEN_1425,SECTOR_RS_NOT_VERIFIED,LEAVE_ONE_OUT_PRIMARY_UNIVERSE_COHORT_MEDIAN_v0.20_NOT_CURRENT_RESULT
WSSEC:WS:XNYS:WFC,WS:XNYS:WFC,US1,US_SP500,PRIMARY_UNIVERSE_INDEX_AVAILABLE_NO_FROZEN_RS_BINDING,RS_NOT_VERIFIED_CURRENT_FROZEN_1425,SECTOR_RS_NOT_VERIFIED,LEAVE_ONE_OUT_PRIMARY_UNIVERSE_COHORT_MEDIAN_v0.20_NOT_CURRENT_RESULT
WSSEC:WS:XNYS:WH,WS:XNYS:WH,US2,US_SP400,PRIMARY_UNIVERSE_INDEX_AVAILABLE_NO_FROZEN_RS_BINDING,RS_NOT_VERIFIED_CURRENT_FROZEN_1425,SECTOR_RS_NOT_VERIFIED,LEAVE_ONE_OUT_PRIMARY_UNIVERSE_COHORT_MEDIAN_v0.20_NOT_CURRENT_RESULT
WSSEC:WS:XNYS:WHR,WS:XNYS:WHR,US2,US_SP400,PRIMARY_UNIVERSE_INDEX_AVAILABLE_NO_FROZEN_RS_BINDING,RS_NOT_VERIFIED_CURRENT_FROZEN_1425,SECTOR_RS_NOT_VERIFIED,LEAVE_ONE_OUT_PRIMARY_UNIVERSE_COHORT_MEDIAN_v0.20_NOT_CURRENT_RESULT
WSSEC:WS:XNYS:WLK,WS:XNYS:WLK,US2,US_SP400,PRIMARY_UNIVERSE_INDEX_AVAILABLE_NO_FROZEN_RS_BINDING,RS_NOT_VERIFIED_CURRENT_FROZEN_1425,SECTOR_RS_NOT_VERIFIED,LEAVE_ONE_OUT_PRIMARY_UNIVERSE_COHORT_MEDIAN_v0.20_NOT_CURRENT_RESULT
WSSEC:WS:XNYS:WM,WS:XNYS:WM,US1,US_SP500,PRIMARY_UNIVERSE_INDEX_AVAILABLE_NO_FROZEN_RS_BINDING,RS_NOT_VERIFIED_CURRENT_FROZEN_1425,SECTOR_RS_NOT_VERIFIED,LEAVE_ONE_OUT_PRIMARY_UNIVERSE_COHORT_MEDIAN_v0.20_NOT_CURRENT_RESULT
WSSEC:WS:XNYS:WMB,WS:XNYS:WMB,US1,US_SP500,PRIMARY_UNIVERSE_INDEX_AVAILABLE_NO_FROZEN_RS_BINDING,RS_NOT_VERIFIED_CURRENT_FROZEN_1425,SECTOR_RS_NOT_VERIFIED,LEAVE_ONE_OUT_PRIMARY_UNIVERSE_COHORT_MEDIAN_v0.20_NOT_CURRENT_RESULT
WSSEC:WS:XNYS:WMS,WS:XNYS:WMS,US2,US_SP400,PRIMARY_UNIVERSE_INDEX_AVAILABLE_NO_FROZEN_RS_BINDING,RS_NOT_VERIFIED_CURRENT_FROZEN_1425,SECTOR_RS_NOT_VERIFIED,LEAVE_ONE_OUT_PRIMARY_UNIVERSE_COHORT_MEDIAN_v0.20_NOT_CURRENT_RESULT
WSSEC:WS:XNYS:WRB,WS:XNYS:WRB,US1,US_SP500,PRIMARY_UNIVERSE_INDEX_AVAILABLE_NO_FROZEN_RS_BINDING,RS_NOT_VERIFIED_CURRENT_FROZEN_1425,SECTOR_RS_NOT_VERIFIED,LEAVE_ONE_OUT_PRIMARY_UNIVERSE_COHORT_MEDIAN_v0.20_NOT_CURRENT_RESULT
WSSEC:WS:XNYS:WSM,WS:XNYS:WSM,US1,US_SP500,PRIMARY_UNIVERSE_INDEX_AVAILABLE_NO_FROZEN_RS_BINDING,RS_NOT_VERIFIED_CURRENT_FROZEN_1425,SECTOR_RS_NOT_VERIFIED,LEAVE_ONE_OUT_PRIMARY_UNIVERSE_COHORT_MEDIAN_v0.20_NOT_CURRENT_RESULT
WSSEC:WS:XNYS:WSO,WS:XNYS:WSO,US2,US_SP400,PRIMARY_UNIVERSE_INDEX_AVAILABLE_NO_FROZEN_RS_BINDING,RS_NOT_VERIFIED_CURRENT_FROZEN_1425,SECTOR_RS_NOT_VERIFIED,LEAVE_ONE_OUT_PRIMARY_UNIVERSE_COHORT_MEDIAN_v0.20_NOT_CURRENT_RESULT
WSSEC:WS:XNYS:WST,WS:XNYS:WST,US1,US_SP500,PRIMARY_UNIVERSE_INDEX_AVAILABLE_NO_FROZEN_RS_BINDING,RS_NOT_VERIFIED_CURRENT_FROZEN_1425,SECTOR_RS_NOT_VERIFIED,LEAVE_ONE_OUT_PRIMARY_UNIVERSE_COHORT_MEDIAN_v0.20_NOT_CURRENT_RESULT
WSSEC:WS:XNYS:WTRG,WS:XNYS:WTRG,US2,US_SP400,PRIMARY_UNIVERSE_INDEX_AVAILABLE_NO_FROZEN_RS_BINDING,RS_NOT_VERIFIED_CURRENT_FROZEN_1425,SECTOR_RS_NOT_VERIFIED,LEAVE_ONE_OUT_PRIMARY_UNIVERSE_COHORT_MEDIAN_v0.20_NOT_CURRENT_RESULT
WSSEC:WS:XNYS:WTS,WS:XNYS:WTS,US2,US_SP400,PRIMARY_UNIVERSE_INDEX_AVAILABLE_NO_FROZEN_RS_BINDING,RS_NOT_VERIFIED_CURRENT_FROZEN_1425,SECTOR_RS_NOT_VERIFIED,LEAVE_ONE_OUT_PRIMARY_UNIVERSE_COHORT_MEDIAN_v0.20_NOT_CURRENT_RESULT
WSSEC:WS:XNYS:XPO,WS:XNYS:XPO,US2,US_SP400,PRIMARY_UNIVERSE_INDEX_AVAILABLE_NO_FROZEN_RS_BINDING,RS_NOT_VERIFIED_CURRENT_FROZEN_1425,SECTOR_RS_NOT_VERIFIED,LEAVE_ONE_OUT_PRIMARY_UNIVERSE_COHORT_MEDIAN_v0.20_NOT_CURRENT_RESULT
WSSEC:WS:XNYS:XYL,WS:XNYS:XYL,US1,US_SP500,PRIMARY_UNIVERSE_INDEX_AVAILABLE_NO_FROZEN_RS_BINDING,RS_NOT_VERIFIED_CURRENT_FROZEN_1425,SECTOR_RS_NOT_VERIFIED,LEAVE_ONE_OUT_PRIMARY_UNIVERSE_COHORT_MEDIAN_v0.20_NOT_CURRENT_RESULT
WSSEC:WS:XNYS:XYZ,WS:XNYS:XYZ,US1,US_SP500,PRIMARY_UNIVERSE_INDEX_AVAILABLE_NO_FROZEN_RS_BINDING,RS_NOT_VERIFIED_CURRENT_FROZEN_1425,SECTOR_RS_NOT_VERIFIED,LEAVE_ONE_OUT_PRIMARY_UNIVERSE_COHORT_MEDIAN_v0.20_NOT_CURRENT_RESULT
WSSEC:WS:XNYS:YETI,WS:XNYS:YETI,US2,US_SP400,PRIMARY_UNIVERSE_INDEX_AVAILABLE_NO_FROZEN_RS_BINDING,RS_NOT_VERIFIED_CURRENT_FROZEN_1425,SECTOR_RS_NOT_VERIFIED,LEAVE_ONE_OUT_PRIMARY_UNIVERSE_COHORT_MEDIAN_v0.20_NOT_CURRENT_RESULT
WSSEC:WS:XNYS:YUM,WS:XNYS:YUM,US1,US_SP500,PRIMARY_UNIVERSE_INDEX_AVAILABLE_NO_FROZEN_RS_BINDING,RS_NOT_VERIFIED_CURRENT_FROZEN_1425,SECTOR_RS_NOT_VERIFIED,LEAVE_ONE_OUT_PRIMARY_UNIVERSE_COHORT_MEDIAN_v0.20_NOT_CURRENT_RESULT
WSSEC:WS:XNYS:ZBH,WS:XNYS:ZBH,US1,US_SP500,PRIMARY_UNIVERSE_INDEX_AVAILABLE_NO_FROZEN_RS_BINDING,RS_NOT_VERIFIED_CURRENT_FROZEN_1425,SECTOR_RS_NOT_VERIFIED,LEAVE_ONE_OUT_PRIMARY_UNIVERSE_COHORT_MEDIAN_v0.20_NOT_CURRENT_RESULT
WSSEC:WS:XNYS:ZTS,WS:XNYS:ZTS,US1,US_SP500,PRIMARY_UNIVERSE_INDEX_AVAILABLE_NO_FROZEN_RS_BINDING,RS_NOT_VERIFIED_CURRENT_FROZEN_1425,SECTOR_RS_NOT_VERIFIED,LEAVE_ONE_OUT_PRIMARY_UNIVERSE_COHORT_MEDIAN_v0.20_NOT_CURRENT_RESULT
WSSEC:WS:XSHE:000001,WS:XSHE:000001,BASE_1633,CN_CSI300,PRIMARY_UNIVERSE_INDEX_AVAILABLE_NO_FROZEN_RS_BINDING,RS_NOT_VERIFIED_CURRENT_FROZEN_1425,SECTOR_RS_NOT_VERIFIED,LEAVE_ONE_OUT_PRIMARY_UNIVERSE_COHORT_MEDIAN_v0.20_NOT_CURRENT_RESULT
WSSEC:WS:XSHE:000002,WS:XSHE:000002,BASE_1633,CN_CSI300,PRIMARY_UNIVERSE_INDEX_AVAILABLE_NO_FROZEN_RS_BINDING,RS_NOT_VERIFIED_CURRENT_FROZEN_1425,SECTOR_RS_NOT_VERIFIED,LEAVE_ONE_OUT_PRIMARY_UNIVERSE_COHORT_MEDIAN_v0.20_NOT_CURRENT_RESULT
WSSEC:WS:XSHE:000063,WS:XSHE:000063,BASE_1633,CN_CSI300,PRIMARY_UNIVERSE_INDEX_AVAILABLE_NO_FROZEN_RS_BINDING,RS_NOT_VERIFIED_CURRENT_FROZEN_1425,SECTOR_RS_NOT_VERIFIED,LEAVE_ONE_OUT_PRIMARY_UNIVERSE_COHORT_MEDIAN_v0.20_NOT_CURRENT_RESULT
WSSEC:WS:XSHE:000100,WS:XSHE:000100,BASE_1633,CN_CSI300,PRIMARY_UNIVERSE_INDEX_AVAILABLE_NO_FROZEN_RS_BINDING,RS_NOT_VERIFIED_CURRENT_FROZEN_1425,SECTOR_RS_NOT_VERIFIED,LEAVE_ONE_OUT_PRIMARY_UNIVERSE_COHORT_MEDIAN_v0.20_NOT_CURRENT_RESULT
WSSEC:WS:XSHE:000157,WS:XSHE:000157,BASE_1633,CN_CSI300,PRIMARY_UNIVERSE_INDEX_AVAILABLE_NO_FROZEN_RS_BINDING,RS_NOT_VERIFIED_CURRENT_FROZEN_1425,SECTOR_RS_NOT_VERIFIED,LEAVE_ONE_OUT_PRIMARY_UNIVERSE_COHORT_MEDIAN_v0.20_NOT_CURRENT_RESULT
WSSEC:WS:XSHE:000166,WS:XSHE:000166,BASE_1633,CN_CSI300,PRIMARY_UNIVERSE_INDEX_AVAILABLE_NO_FROZEN_RS_BINDING,RS_NOT_VERIFIED_CURRENT_FROZEN_1425,SECTOR_RS_NOT_VERIFIED,LEAVE_ONE_OUT_PRIMARY_UNIVERSE_COHORT_MEDIAN_v0.20_NOT_CURRENT_RESULT
WSSEC:WS:XSHE:000301,WS:XSHE:000301,BASE_1633,CN_CSI300,PRIMARY_UNIVERSE_INDEX_AVAILABLE_NO_FROZEN_RS_BINDING,RS_NOT_VERIFIED_CURRENT_FROZEN_1425,SECTOR_RS_NOT_VERIFIED,LEAVE_ONE_OUT_PRIMARY_UNIVERSE_COHORT_MEDIAN_v0.20_NOT_CURRENT_RESULT
WSSEC:WS:XSHE:000333,WS:XSHE:000333,BASE_1633,CN_CSI300,PRIMARY_UNIVERSE_INDEX_AVAILABLE_NO_FROZEN_RS_BINDING,RS_NOT_VERIFIED_CURRENT_FROZEN_1425,SECTOR_RS_NOT_VERIFIED,LEAVE_ONE_OUT_PRIMARY_UNIVERSE_COHORT_MEDIAN_v0.20_NOT_CURRENT_RESULT
WSSEC:WS:XSHE:000338,WS:XSHE:000338,BASE_1633,CN_CSI300,PRIMARY_UNIVERSE_INDEX_AVAILABLE_NO_FROZEN_RS_BINDING,RS_NOT_VERIFIED_CURRENT_FROZEN_1425,SECTOR_RS_NOT_VERIFIED,LEAVE_ONE_OUT_PRIMARY_UNIVERSE_COHORT_MEDIAN_v0.20_NOT_CURRENT_RESULT
WSSEC:WS:XSHE:000408,WS:XSHE:000408,BASE_1633,CN_CSI300,PRIMARY_UNIVERSE_INDEX_AVAILABLE_NO_FROZEN_RS_BINDING,RS_NOT_VERIFIED_CURRENT_FROZEN_1425,SECTOR_RS_NOT_VERIFIED,LEAVE_ONE_OUT_PRIMARY_UNIVERSE_COHORT_MEDIAN_v0.20_NOT_CURRENT_RESULT
WSSEC:WS:XSHE:000425,WS:XSHE:000425,BASE_1633,CN_CSI300,PRIMARY_UNIVERSE_INDEX_AVAILABLE_NO_FROZEN_RS_BINDING,RS_NOT_VERIFIED_CURRENT_FROZEN_1425,SECTOR_RS_NOT_VERIFIED,LEAVE_ONE_OUT_PRIMARY_UNIVERSE_COHORT_MEDIAN_v0.20_NOT_CURRENT_RESULT
WSSEC:WS:XSHE:000538,WS:XSHE:000538,BASE_1633,CN_CSI300,PRIMARY_UNIVERSE_INDEX_AVAILABLE_NO_FROZEN_RS_BINDING,RS_NOT_VERIFIED_CURRENT_FROZEN_1425,SECTOR_RS_NOT_VERIFIED,LEAVE_ONE_OUT_PRIMARY_UNIVERSE_COHORT_MEDIAN_v0.20_NOT_CURRENT_RESULT
WSSEC:WS:XSHE:000568,WS:XSHE:000568,BASE_1633,CN_CSI300,PRIMARY_UNIVERSE_INDEX_AVAILABLE_NO_FROZEN_RS_BINDING,RS_NOT_VERIFIED_CURRENT_FROZEN_1425,SECTOR_RS_NOT_VERIFIED,LEAVE_ONE_OUT_PRIMARY_UNIVERSE_COHORT_MEDIAN_v0.20_NOT_CURRENT_RESULT
WSSEC:WS:XSHE:000596,WS:XSHE:000596,BASE_1633,CN_CSI300,PRIMARY_UNIVERSE_INDEX_AVAILABLE_NO_FROZEN_RS_BINDING,RS_NOT_VERIFIED_CURRENT_FROZEN_1425,SECTOR_RS_NOT_VERIFIED,LEAVE_ONE_OUT_PRIMARY_UNIVERSE_COHORT_MEDIAN_v0.20_NOT_CURRENT_RESULT
WSSEC:WS:XSHE:000617,WS:XSHE:000617,BASE_1633,CN_CSI300,PRIMARY_UNIVERSE_INDEX_AVAILABLE_NO_FROZEN_RS_BINDING,RS_NOT_VERIFIED_CURRENT_FROZEN_1425,SECTOR_RS_NOT_VERIFIED,LEAVE_ONE_OUT_PRIMARY_UNIVERSE_COHORT_MEDIAN_v0.20_NOT_CURRENT_RESULT
WSSEC:WS:XSHE:000625,WS:XSHE:000625,BASE_1633,CN_CSI300,PRIMARY_UNIVERSE_INDEX_AVAILABLE_NO_FROZEN_RS_BINDING,RS_NOT_VERIFIED_CURRENT_FROZEN_1425,SECTOR_RS_NOT_VERIFIED,LEAVE_ONE_OUT_PRIMARY_UNIVERSE_COHORT_MEDIAN_v0.20_NOT_CURRENT_RESULT
WSSEC:WS:XSHE:000630,WS:XSHE:000630,BASE_1633,CN_CSI300,PRIMARY_UNIVERSE_INDEX_AVAILABLE_NO_FROZEN_RS_BINDING,RS_NOT_VERIFIED_CURRENT_FROZEN_1425,SECTOR_RS_NOT_VERIFIED,LEAVE_ONE_OUT_PRIMARY_UNIVERSE_COHORT_MEDIAN_v0.20_NOT_CURRENT_RESULT
WSSEC:WS:XSHE:000651,WS:XSHE:000651,BASE_1633,CN_CSI300,PRIMARY_UNIVERSE_INDEX_AVAILABLE_NO_FROZEN_RS_BINDING,RS_NOT_VERIFIED_CURRENT_FROZEN_1425,SECTOR_RS_NOT_VERIFIED,LEAVE_ONE_OUT_PRIMARY_UNIVERSE_COHORT_MEDIAN_v0.20_NOT_CURRENT_RESULT
WSSEC:WS:XSHE:000657,WS:XSHE:000657,BASE_1633,CN_CSI300,PRIMARY_UNIVERSE_INDEX_AVAILABLE_NO_FROZEN_RS_BINDING,RS_NOT_VERIFIED_CURRENT_FROZEN_1425,SECTOR_RS_NOT_VERIFIED,LEAVE_ONE_OUT_PRIMARY_UNIVERSE_COHORT_MEDIAN_v0.20_NOT_CURRENT_RESULT
WSSEC:WS:XSHE:000708,WS:XSHE:000708,BASE_1633,CN_CSI300,PRIMARY_UNIVERSE_INDEX_AVAILABLE_NO_FROZEN_RS_BINDING,RS_NOT_VERIFIED_CURRENT_FROZEN_1425,SECTOR_RS_NOT_VERIFIED,LEAVE_ONE_OUT_PRIMARY_UNIVERSE_COHORT_MEDIAN_v0.20_NOT_CURRENT_RESULT
WSSEC:WS:XSHE:000725,WS:XSHE:000725,BASE_1633,CN_CSI300,PRIMARY_UNIVERSE_INDEX_AVAILABLE_NO_FROZEN_RS_BINDING,RS_NOT_VERIFIED_CURRENT_FROZEN_1425,SECTOR_RS_NOT_VERIFIED,LEAVE_ONE_OUT_PRIMARY_UNIVERSE_COHORT_MEDIAN_v0.20_NOT_CURRENT_RESULT
WSSEC:WS:XSHE:000768,WS:XSHE:000768,BASE_1633,CN_CSI300,PRIMARY_UNIVERSE_INDEX_AVAILABLE_NO_FROZEN_RS_BINDING,RS_NOT_VERIFIED_CURRENT_FROZEN_1425,SECTOR_RS_NOT_VERIFIED,LEAVE_ONE_OUT_PRIMARY_UNIVERSE_COHORT_MEDIAN_v0.20_NOT_CURRENT_RESULT
WSSEC:WS:XSHE:000776,WS:XSHE:000776,BASE_1633,CN_CSI300,PRIMARY_UNIVERSE_INDEX_AVAILABLE_NO_FROZEN_RS_BINDING,RS_NOT_VERIFIED_CURRENT_FROZEN_1425,SECTOR_RS_NOT_VERIFIED,LEAVE_ONE_OUT_PRIMARY_UNIVERSE_COHORT_MEDIAN_v0.20_NOT_CURRENT_RESULT
WSSEC:WS:XSHE:000792,WS:XSHE:000792,BASE_1633,CN_CSI300,PRIMARY_UNIVERSE_INDEX_AVAILABLE_NO_FROZEN_RS_BINDING,RS_NOT_VERIFIED_CURRENT_FROZEN_1425,SECTOR_RS_NOT_VERIFIED,LEAVE_ONE_OUT_PRIMARY_UNIVERSE_COHORT_MEDIAN_v0.20_NOT_CURRENT_RESULT
WSSEC:WS:XSHE:000807,WS:XSHE:000807,BASE_1633,CN_CSI300,PRIMARY_UNIVERSE_INDEX_AVAILABLE_NO_FROZEN_RS_BINDING,RS_NOT_VERIFIED_CURRENT_FROZEN_1425,SECTOR_RS_NOT_VERIFIED,LEAVE_ONE_OUT_PRIMARY_UNIVERSE_COHORT_MEDIAN_v0.20_NOT_CURRENT_RESULT
WSSEC:WS:XSHE:000858,WS:XSHE:000858,BASE_1633,CN_CSI300,PRIMARY_UNIVERSE_INDEX_AVAILABLE_NO_FROZEN_RS_BINDING,RS_NOT_VERIFIED_CURRENT_FROZEN_1425,SECTOR_RS_NOT_VERIFIED,LEAVE_ONE_OUT_PRIMARY_UNIVERSE_COHORT_MEDIAN_v0.20_NOT_CURRENT_RESULT
WSSEC:WS:XSHE:000895,WS:XSHE:000895,BASE_1633,CN_CSI300,PRIMARY_UNIVERSE_INDEX_AVAILABLE_NO_FROZEN_RS_BINDING,RS_NOT_VERIFIED_CURRENT_FROZEN_1425,SECTOR_RS_NOT_VERIFIED,LEAVE_ONE_OUT_PRIMARY_UNIVERSE_COHORT_MEDIAN_v0.20_NOT_CURRENT_RESULT
WSSEC:WS:XSHE:000938,WS:XSHE:000938,BASE_1633,CN_CSI300,PRIMARY_UNIVERSE_INDEX_AVAILABLE_NO_FROZEN_RS_BINDING,RS_NOT_VERIFIED_CURRENT_FROZEN_1425,SECTOR_RS_NOT_VERIFIED,LEAVE_ONE_OUT_PRIMARY_UNIVERSE_COHORT_MEDIAN_v0.20_NOT_CURRENT_RESULT
WSSEC:WS:XSHE:000963,WS:XSHE:000963,BASE_1633,CN_CSI300,PRIMARY_UNIVERSE_INDEX_AVAILABLE_NO_FROZEN_RS_BINDING,RS_NOT_VERIFIED_CURRENT_FROZEN_1425,SECTOR_RS_NOT_VERIFIED,LEAVE_ONE_OUT_PRIMARY_UNIVERSE_COHORT_MEDIAN_v0.20_NOT_CURRENT_RESULT
WSSEC:WS:XSHE:000975,WS:XSHE:000975,BASE_1633,CN_CSI300,PRIMARY_UNIVERSE_INDEX_AVAILABLE_NO_FROZEN_RS_BINDING,RS_NOT_VERIFIED_CURRENT_FROZEN_1425,SECTOR_RS_NOT_VERIFIED,LEAVE_ONE_OUT_PRIMARY_UNIVERSE_COHORT_MEDIAN_v0.20_NOT_CURRENT_RESULT
WSSEC:WS:XSHE:000977,WS:XSHE:000977,BASE_1633,CN_CSI300,PRIMARY_UNIVERSE_INDEX_AVAILABLE_NO_FROZEN_RS_BINDING,RS_NOT_VERIFIED_CURRENT_FROZEN_1425,SECTOR_RS_NOT_VERIFIED,LEAVE_ONE_OUT_PRIMARY_UNIVERSE_COHORT_MEDIAN_v0.20_NOT_CURRENT_RESULT
WSSEC:WS:XSHE:000988,WS:XSHE:000988,BASE_1633,CN_CSI300,PRIMARY_UNIVERSE_INDEX_AVAILABLE_NO_FROZEN_RS_BINDING,RS_NOT_VERIFIED_CURRENT_FROZEN_1425,SECTOR_RS_NOT_VERIFIED,LEAVE_ONE_OUT_PRIMARY_UNIVERSE_COHORT_MEDIAN_v0.20_NOT_CURRENT_RESULT
WSSEC:WS:XSHE:000999,WS:XSHE:000999,BASE_1633,CN_CSI300,PRIMARY_UNIVERSE_INDEX_AVAILABLE_NO_FROZEN_RS_BINDING,RS_NOT_VERIFIED_CURRENT_FROZEN_1425,SECTOR_RS_NOT_VERIFIED,LEAVE_ONE_OUT_PRIMARY_UNIVERSE_COHORT_MEDIAN_v0.20_NOT_CURRENT_RESULT
WSSEC:WS:XSHE:001965,WS:XSHE:001965,BASE_1633,CN_CSI300,PRIMARY_UNIVERSE_INDEX_AVAILABLE_NO_FROZEN_RS_BINDING,RS_NOT_VERIFIED_CURRENT_FROZEN_1425,SECTOR_RS_NOT_VERIFIED,LEAVE_ONE_OUT_PRIMARY_UNIVERSE_COHORT_MEDIAN_v0.20_NOT_CURRENT_RESULT
WSSEC:WS:XSHE:001979,WS:XSHE:001979,BASE_1633,CN_CSI300,PRIMARY_UNIVERSE_INDEX_AVAILABLE_NO_FROZEN_RS_BINDING,RS_NOT_VERIFIED_CURRENT_FROZEN_1425,SECTOR_RS_NOT_VERIFIED,LEAVE_ONE_OUT_PRIMARY_UNIVERSE_COHORT_MEDIAN_v0.20_NOT_CURRENT_RESULT
WSSEC:WS:XSHE:002001,WS:XSHE:002001,BASE_1633,CN_CSI300,PRIMARY_UNIVERSE_INDEX_AVAILABLE_NO_FROZEN_RS_BINDING,RS_NOT_VERIFIED_CURRENT_FROZEN_1425,SECTOR_RS_NOT_VERIFIED,LEAVE_ONE_OUT_PRIMARY_UNIVERSE_COHORT_MEDIAN_v0.20_NOT_CURRENT_RESULT
WSSEC:WS:XSHE:002027,WS:XSHE:002027,BASE_1633,CN_CSI300,PRIMARY_UNIVERSE_INDEX_AVAILABLE_NO_FROZEN_RS_BINDING,RS_NOT_VERIFIED_CURRENT_FROZEN_1425,SECTOR_RS_NOT_VERIFIED,LEAVE_ONE_OUT_PRIMARY_UNIVERSE_COHORT_MEDIAN_v0.20_NOT_CURRENT_RESULT
WSSEC:WS:XSHE:002028,WS:XSHE:002028,BASE_1633,CN_CSI300,PRIMARY_UNIVERSE_INDEX_AVAILABLE_NO_FROZEN_RS_BINDING,RS_NOT_VERIFIED_CURRENT_FROZEN_1425,SECTOR_RS_NOT_VERIFIED,LEAVE_ONE_OUT_PRIMARY_UNIVERSE_COHORT_MEDIAN_v0.20_NOT_CURRENT_RESULT
WSSEC:WS:XSHE:002049,WS:XSHE:002049,BASE_1633,CN_CSI300,PRIMARY_UNIVERSE_INDEX_AVAILABLE_NO_FROZEN_RS_BINDING,RS_NOT_VERIFIED_CURRENT_FROZEN_1425,SECTOR_RS_NOT_VERIFIED,LEAVE_ONE_OUT_PRIMARY_UNIVERSE_COHORT_MEDIAN_v0.20_NOT_CURRENT_RESULT
WSSEC:WS:XSHE:002050,WS:XSHE:002050,BASE_1633,CN_CSI300,PRIMARY_UNIVERSE_INDEX_AVAILABLE_NO_FROZEN_RS_BINDING,RS_NOT_VERIFIED_CURRENT_FROZEN_1425,SECTOR_RS_NOT_VERIFIED,LEAVE_ONE_OUT_PRIMARY_UNIVERSE_COHORT_MEDIAN_v0.20_NOT_CURRENT_RESULT
WSSEC:WS:XSHE:002074,WS:XSHE:002074,BASE_1633,CN_CSI300,PRIMARY_UNIVERSE_INDEX_AVAILABLE_NO_FROZEN_RS_BINDING,RS_NOT_VERIFIED_CURRENT_FROZEN_1425,SECTOR_RS_NOT_VERIFIED,LEAVE_ONE_OUT_PRIMARY_UNIVERSE_COHORT_MEDIAN_v0.20_NOT_CURRENT_RESULT
WSSEC:WS:XSHE:002142,WS:XSHE:002142,BASE_1633,CN_CSI300,PRIMARY_UNIVERSE_INDEX_AVAILABLE_NO_FROZEN_RS_BINDING,RS_NOT_VERIFIED_CURRENT_FROZEN_1425,SECTOR_RS_NOT_VERIFIED,LEAVE_ONE_OUT_PRIMARY_UNIVERSE_COHORT_MEDIAN_v0.20_NOT_CURRENT_RESULT
WSSEC:WS:XSHE:002179,WS:XSHE:002179,BASE_1633,CN_CSI300,PRIMARY_UNIVERSE_INDEX_AVAILABLE_NO_FROZEN_RS_BINDING,RS_NOT_VERIFIED_CURRENT_FROZEN_1425,SECTOR_RS_NOT_VERIFIED,LEAVE_ONE_OUT_PRIMARY_UNIVERSE_COHORT_MEDIAN_v0.20_NOT_CURRENT_RESULT
WSSEC:WS:XSHE:002202,WS:XSHE:002202,BASE_1633,CN_CSI300,PRIMARY_UNIVERSE_INDEX_AVAILABLE_NO_FROZEN_RS_BINDING,RS_NOT_VERIFIED_CURRENT_FROZEN_1425,SECTOR_RS_NOT_VERIFIED,LEAVE_ONE_OUT_PRIMARY_UNIVERSE_COHORT_MEDIAN_v0.20_NOT_CURRENT_RESULT
WSSEC:WS:XSHE:002230,WS:XSHE:002230,BASE_1633,CN_CSI300,PRIMARY_UNIVERSE_INDEX_AVAILABLE_NO_FROZEN_RS_BINDING,RS_NOT_VERIFIED_CURRENT_FROZEN_1425,SECTOR_RS_NOT_VERIFIED,LEAVE_ONE_OUT_PRIMARY_UNIVERSE_COHORT_MEDIAN_v0.20_NOT_CURRENT_RESULT
WSSEC:WS:XSHE:002236,WS:XSHE:002236,BASE_1633,CN_CSI300,PRIMARY_UNIVERSE_INDEX_AVAILABLE_NO_FROZEN_RS_BINDING,RS_NOT_VERIFIED_CURRENT_FROZEN_1425,SECTOR_RS_NOT_VERIFIED,LEAVE_ONE_OUT_PRIMARY_UNIVERSE_COHORT_MEDIAN_v0.20_NOT_CURRENT_RESULT
WSSEC:WS:XSHE:002241,WS:XSHE:002241,BASE_1633,CN_CSI300,PRIMARY_UNIVERSE_INDEX_AVAILABLE_NO_FROZEN_RS_BINDING,RS_NOT_VERIFIED_CURRENT_FROZEN_1425,SECTOR_RS_NOT_VERIFIED,LEAVE_ONE_OUT_PRIMARY_UNIVERSE_COHORT_MEDIAN_v0.20_NOT_CURRENT_RESULT
WSSEC:WS:XSHE:002304,WS:XSHE:002304,BASE_1633,CN_CSI300,PRIMARY_UNIVERSE_INDEX_AVAILABLE_NO_FROZEN_RS_BINDING,RS_NOT_VERIFIED_CURRENT_FROZEN_1425,SECTOR_RS_NOT_VERIFIED,LEAVE_ONE_OUT_PRIMARY_UNIVERSE_COHORT_MEDIAN_v0.20_NOT_CURRENT_RESULT
WSSEC:WS:XSHE:002311,WS:XSHE:002311,BASE_1633,CN_CSI300,PRIMARY_UNIVERSE_INDEX_AVAILABLE_NO_FROZEN_RS_BINDING,RS_NOT_VERIFIED_CURRENT_FROZEN_1425,SECTOR_RS_NOT_VERIFIED,LEAVE_ONE_OUT_PRIMARY_UNIVERSE_COHORT_MEDIAN_v0.20_NOT_CURRENT_RESULT
WSSEC:WS:XSHE:002352,WS:XSHE:002352,BASE_1633,CN_CSI300,PRIMARY_UNIVERSE_INDEX_AVAILABLE_NO_FROZEN_RS_BINDING,RS_NOT_VERIFIED_CURRENT_FROZEN_1425,SECTOR_RS_NOT_VERIFIED,LEAVE_ONE_OUT_PRIMARY_UNIVERSE_COHORT_MEDIAN_v0.20_NOT_CURRENT_RESULT
WSSEC:WS:XSHE:002353,WS:XSHE:002353,BASE_1633,CN_CSI300,PRIMARY_UNIVERSE_INDEX_AVAILABLE_NO_FROZEN_RS_BINDING,RS_NOT_VERIFIED_CURRENT_FROZEN_1425,SECTOR_RS_NOT_VERIFIED,LEAVE_ONE_OUT_PRIMARY_UNIVERSE_COHORT_MEDIAN_v0.20_NOT_CURRENT_RESULT
WSSEC:WS:XSHE:002371,WS:XSHE:002371,BASE_1633,CN_CSI300,PRIMARY_UNIVERSE_INDEX_AVAILABLE_NO_FROZEN_RS_BINDING,RS_NOT_VERIFIED_CURRENT_FROZEN_1425,SECTOR_RS_NOT_VERIFIED,LEAVE_ONE_OUT_PRIMARY_UNIVERSE_COHORT_MEDIAN_v0.20_NOT_CURRENT_RESULT
WSSEC:WS:XSHE:002384,WS:XSHE:002384,BASE_1633,CN_CSI300,PRIMARY_UNIVERSE_INDEX_AVAILABLE_NO_FROZEN_RS_BINDING,RS_NOT_VERIFIED_CURRENT_FROZEN_1425,SECTOR_RS_NOT_VERIFIED,LEAVE_ONE_OUT_PRIMARY_UNIVERSE_COHORT_MEDIAN_v0.20_NOT_CURRENT_RESULT
WSSEC:WS:XSHE:002415,WS:XSHE:002415,BASE_1633,CN_CSI300,PRIMARY_UNIVERSE_INDEX_AVAILABLE_NO_FROZEN_RS_BINDING,RS_NOT_VERIFIED_CURRENT_FROZEN_1425,SECTOR_RS_NOT_VERIFIED,LEAVE_ONE_OUT_PRIMARY_UNIVERSE_COHORT_MEDIAN_v0.20_NOT_CURRENT_RESULT
WSSEC:WS:XSHE:002422,WS:XSHE:002422,BASE_1633,CN_CSI300,PRIMARY_UNIVERSE_INDEX_AVAILABLE_NO_FROZEN_RS_BINDING,RS_NOT_VERIFIED_CURRENT_FROZEN_1425,SECTOR_RS_NOT_VERIFIED,LEAVE_ONE_OUT_PRIMARY_UNIVERSE_COHORT_MEDIAN_v0.20_NOT_CURRENT_RESULT
WSSEC:WS:XSHE:002460,WS:XSHE:002460,BASE_1633,CN_CSI300,PRIMARY_UNIVERSE_INDEX_AVAILABLE_NO_FROZEN_RS_BINDING,RS_NOT_VERIFIED_CURRENT_FROZEN_1425,SECTOR_RS_NOT_VERIFIED,LEAVE_ONE_OUT_PRIMARY_UNIVERSE_COHORT_MEDIAN_v0.20_NOT_CURRENT_RESULT
WSSEC:WS:XSHE:002463,WS:XSHE:002463,BASE_1633,CN_CSI300,PRIMARY_UNIVERSE_INDEX_AVAILABLE_NO_FROZEN_RS_BINDING,RS_NOT_VERIFIED_CURRENT_FROZEN_1425,SECTOR_RS_NOT_VERIFIED,LEAVE_ONE_OUT_PRIMARY_UNIVERSE_COHORT_MEDIAN_v0.20_NOT_CURRENT_RESULT
WSSEC:WS:XSHE:002466,WS:XSHE:002466,BASE_1633,CN_CSI300,PRIMARY_UNIVERSE_INDEX_AVAILABLE_NO_FROZEN_RS_BINDING,RS_NOT_VERIFIED_CURRENT_FROZEN_1425,SECTOR_RS_NOT_VERIFIED,LEAVE_ONE_OUT_PRIMARY_UNIVERSE_COHORT_MEDIAN_v0.20_NOT_CURRENT_RESULT
WSSEC:WS:XSHE:002475,WS:XSHE:002475,BASE_1633,CN_CSI300,PRIMARY_UNIVERSE_INDEX_AVAILABLE_NO_FROZEN_RS_BINDING,RS_NOT_VERIFIED_CURRENT_FROZEN_1425,SECTOR_RS_NOT_VERIFIED,LEAVE_ONE_OUT_PRIMARY_UNIVERSE_COHORT_MEDIAN_v0.20_NOT_CURRENT_RESULT
WSSEC:WS:XSHE:002493,WS:XSHE:002493,BASE_1633,CN_CSI300,PRIMARY_UNIVERSE_INDEX_AVAILABLE_NO_FROZEN_RS_BINDING,RS_NOT_VERIFIED_CURRENT_FROZEN_1425,SECTOR_RS_NOT_VERIFIED,LEAVE_ONE_OUT_PRIMARY_UNIVERSE_COHORT_MEDIAN_v0.20_NOT_CURRENT_RESULT
WSSEC:WS:XSHE:002532,WS:XSHE:002532,BASE_1633,CN_CSI300,PRIMARY_UNIVERSE_INDEX_AVAILABLE_NO_FROZEN_RS_BINDING,RS_NOT_VERIFIED_CURRENT_FROZEN_1425,SECTOR_RS_NOT_VERIFIED,LEAVE_ONE_OUT_PRIMARY_UNIVERSE_COHORT_MEDIAN_v0.20_NOT_CURRENT_RESULT
WSSEC:WS:XSHE:002558,WS:XSHE:002558,BASE_1633,CN_CSI300,PRIMARY_UNIVERSE_INDEX_AVAILABLE_NO_FROZEN_RS_BINDING,RS_NOT_VERIFIED_CURRENT_FROZEN_1425,SECTOR_RS_NOT_VERIFIED,LEAVE_ONE_OUT_PRIMARY_UNIVERSE_COHORT_MEDIAN_v0.20_NOT_CURRENT_RESULT
WSSEC:WS:XSHE:002594,WS:XSHE:002594,BASE_1633,CN_CSI300,PRIMARY_UNIVERSE_INDEX_AVAILABLE_NO_FROZEN_RS_BINDING,RS_NOT_VERIFIED_CURRENT_FROZEN_1425,SECTOR_RS_NOT_VERIFIED,LEAVE_ONE_OUT_PRIMARY_UNIVERSE_COHORT_MEDIAN_v0.20_NOT_CURRENT_RESULT
WSSEC:WS:XSHE:002600,WS:XSHE:002600,BASE_1633,CN_CSI300,PRIMARY_UNIVERSE_INDEX_AVAILABLE_NO_FROZEN_RS_BINDING,RS_NOT_VERIFIED_CURRENT_FROZEN_1425,SECTOR_RS_NOT_VERIFIED,LEAVE_ONE_OUT_PRIMARY_UNIVERSE_COHORT_MEDIAN_v0.20_NOT_CURRENT_RESULT
WSSEC:WS:XSHE:002602,WS:XSHE:002602,BASE_1633,CN_CSI300,PRIMARY_UNIVERSE_INDEX_AVAILABLE_NO_FROZEN_RS_BINDING,RS_NOT_VERIFIED_CURRENT_FROZEN_1425,SECTOR_RS_NOT_VERIFIED,LEAVE_ONE_OUT_PRIMARY_UNIVERSE_COHORT_MEDIAN_v0.20_NOT_CURRENT_RESULT
WSSEC:WS:XSHE:002625,WS:XSHE:002625,BASE_1633,CN_CSI300,PRIMARY_UNIVERSE_INDEX_AVAILABLE_NO_FROZEN_RS_BINDING,RS_NOT_VERIFIED_CURRENT_FROZEN_1425,SECTOR_RS_NOT_VERIFIED,LEAVE_ONE_OUT_PRIMARY_UNIVERSE_COHORT_MEDIAN_v0.20_NOT_CURRENT_RESULT
WSSEC:WS:XSHE:002648,WS:XSHE:002648,BASE_1633,CN_CSI300,PRIMARY_UNIVERSE_INDEX_AVAILABLE_NO_FROZEN_RS_BINDING,RS_NOT_VERIFIED_CURRENT_FROZEN_1425,SECTOR_RS_NOT_VERIFIED,LEAVE_ONE_OUT_PRIMARY_UNIVERSE_COHORT_MEDIAN_v0.20_NOT_CURRENT_RESULT
WSSEC:WS:XSHE:002709,WS:XSHE:002709,BASE_1633,CN_CSI300,PRIMARY_UNIVERSE_INDEX_AVAILABLE_NO_FROZEN_RS_BINDING,RS_NOT_VERIFIED_CURRENT_FROZEN_1425,SECTOR_RS_NOT_VERIFIED,LEAVE_ONE_OUT_PRIMARY_UNIVERSE_COHORT_MEDIAN_v0.20_NOT_CURRENT_RESULT
WSSEC:WS:XSHE:002714,WS:XSHE:002714,BASE_1633,CN_CSI300,PRIMARY_UNIVERSE_INDEX_AVAILABLE_NO_FROZEN_RS_BINDING,RS_NOT_VERIFIED_CURRENT_FROZEN_1425,SECTOR_RS_NOT_VERIFIED,LEAVE_ONE_OUT_PRIMARY_UNIVERSE_COHORT_MEDIAN_v0.20_NOT_CURRENT_RESULT
WSSEC:WS:XSHE:002736,WS:XSHE:002736,BASE_1633,CN_CSI300,PRIMARY_UNIVERSE_INDEX_AVAILABLE_NO_FROZEN_RS_BINDING,RS_NOT_VERIFIED_CURRENT_FROZEN_1425,SECTOR_RS_NOT_VERIFIED,LEAVE_ONE_OUT_PRIMARY_UNIVERSE_COHORT_MEDIAN_v0.20_NOT_CURRENT_RESULT
WSSEC:WS:XSHE:002837,WS:XSHE:002837,BASE_1633,CN_CSI300,PRIMARY_UNIVERSE_INDEX_AVAILABLE_NO_FROZEN_RS_BINDING,RS_NOT_VERIFIED_CURRENT_FROZEN_1425,SECTOR_RS_NOT_VERIFIED,LEAVE_ONE_OUT_PRIMARY_UNIVERSE_COHORT_MEDIAN_v0.20_NOT_CURRENT_RESULT
WSSEC:WS:XSHE:002916,WS:XSHE:002916,BASE_1633,CN_CSI300,PRIMARY_UNIVERSE_INDEX_AVAILABLE_NO_FROZEN_RS_BINDING,RS_NOT_VERIFIED_CURRENT_FROZEN_1425,SECTOR_RS_NOT_VERIFIED,LEAVE_ONE_OUT_PRIMARY_UNIVERSE_COHORT_MEDIAN_v0.20_NOT_CURRENT_RESULT
WSSEC:WS:XSHE:002920,WS:XSHE:002920,BASE_1633,CN_CSI300,PRIMARY_UNIVERSE_INDEX_AVAILABLE_NO_FROZEN_RS_BINDING,RS_NOT_VERIFIED_CURRENT_FROZEN_1425,SECTOR_RS_NOT_VERIFIED,LEAVE_ONE_OUT_PRIMARY_UNIVERSE_COHORT_MEDIAN_v0.20_NOT_CURRENT_RESULT
WSSEC:WS:XSHE:002938,WS:XSHE:002938,BASE_1633,CN_CSI300,PRIMARY_UNIVERSE_INDEX_AVAILABLE_NO_FROZEN_RS_BINDING,RS_NOT_VERIFIED_CURRENT_FROZEN_1425,SECTOR_RS_NOT_VERIFIED,LEAVE_ONE_OUT_PRIMARY_UNIVERSE_COHORT_MEDIAN_v0.20_NOT_CURRENT_RESULT
WSSEC:WS:XSHE:003816,WS:XSHE:003816,BASE_1633,CN_CSI300,PRIMARY_UNIVERSE_INDEX_AVAILABLE_NO_FROZEN_RS_BINDING,RS_NOT_VERIFIED_CURRENT_FROZEN_1425,SECTOR_RS_NOT_VERIFIED,LEAVE_ONE_OUT_PRIMARY_UNIVERSE_COHORT_MEDIAN_v0.20_NOT_CURRENT_RESULT
WSSEC:WS:XSHE:300014,WS:XSHE:300014,BASE_1633,CN_CSI300,PRIMARY_UNIVERSE_INDEX_AVAILABLE_NO_FROZEN_RS_BINDING,RS_NOT_VERIFIED_CURRENT_FROZEN_1425,SECTOR_RS_NOT_VERIFIED,LEAVE_ONE_OUT_PRIMARY_UNIVERSE_COHORT_MEDIAN_v0.20_NOT_CURRENT_RESULT
WSSEC:WS:XSHE:300015,WS:XSHE:300015,BASE_1633,CN_CSI300,PRIMARY_UNIVERSE_INDEX_AVAILABLE_NO_FROZEN_RS_BINDING,RS_NOT_VERIFIED_CURRENT_FROZEN_1425,SECTOR_RS_NOT_VERIFIED,LEAVE_ONE_OUT_PRIMARY_UNIVERSE_COHORT_MEDIAN_v0.20_NOT_CURRENT_RESULT
WSSEC:WS:XSHE:300033,WS:XSHE:300033,BASE_1633,CN_CSI300,PRIMARY_UNIVERSE_INDEX_AVAILABLE_NO_FROZEN_RS_BINDING,RS_NOT_VERIFIED_CURRENT_FROZEN_1425,SECTOR_RS_NOT_VERIFIED,LEAVE_ONE_OUT_PRIMARY_UNIVERSE_COHORT_MEDIAN_v0.20_NOT_CURRENT_RESULT
WSSEC:WS:XSHE:300059,WS:XSHE:300059,BASE_1633,CN_CSI300,PRIMARY_UNIVERSE_INDEX_AVAILABLE_NO_FROZEN_RS_BINDING,RS_NOT_VERIFIED_CURRENT_FROZEN_1425,SECTOR_RS_NOT_VERIFIED,LEAVE_ONE_OUT_PRIMARY_UNIVERSE_COHORT_MEDIAN_v0.20_NOT_CURRENT_RESULT
WSSEC:WS:XSHE:300122,WS:XSHE:300122,BASE_1633,CN_CSI300,PRIMARY_UNIVERSE_INDEX_AVAILABLE_NO_FROZEN_RS_BINDING,RS_NOT_VERIFIED_CURRENT_FROZEN_1425,SECTOR_RS_NOT_VERIFIED,LEAVE_ONE_OUT_PRIMARY_UNIVERSE_COHORT_MEDIAN_v0.20_NOT_CURRENT_RESULT
WSSEC:WS:XSHE:300124,WS:XSHE:300124,BASE_1633,CN_CSI300,PRIMARY_UNIVERSE_INDEX_AVAILABLE_NO_FROZEN_RS_BINDING,RS_NOT_VERIFIED_CURRENT_FROZEN_1425,SECTOR_RS_NOT_VERIFIED,LEAVE_ONE_OUT_PRIMARY_UNIVERSE_COHORT_MEDIAN_v0.20_NOT_CURRENT_RESULT
WSSEC:WS:XSHE:300251,WS:XSHE:300251,BASE_1633,CN_CSI300,PRIMARY_UNIVERSE_INDEX_AVAILABLE_NO_FROZEN_RS_BINDING,RS_NOT_VERIFIED_CURRENT_FROZEN_1425,SECTOR_RS_NOT_VERIFIED,LEAVE_ONE_OUT_PRIMARY_UNIVERSE_COHORT_MEDIAN_v0.20_NOT_CURRENT_RESULT
WSSEC:WS:XSHE:300274,WS:XSHE:300274,BASE_1633,CN_CSI300,PRIMARY_UNIVERSE_INDEX_AVAILABLE_NO_FROZEN_RS_BINDING,RS_NOT_VERIFIED_CURRENT_FROZEN_1425,SECTOR_RS_NOT_VERIFIED,LEAVE_ONE_OUT_PRIMARY_UNIVERSE_COHORT_MEDIAN_v0.20_NOT_CURRENT_RESULT
WSSEC:WS:XSHE:300308,WS:XSHE:300308,BASE_1633,CN_CSI300,PRIMARY_UNIVERSE_INDEX_AVAILABLE_NO_FROZEN_RS_BINDING,RS_NOT_VERIFIED_CURRENT_FROZEN_1425,SECTOR_RS_NOT_VERIFIED,LEAVE_ONE_OUT_PRIMARY_UNIVERSE_COHORT_MEDIAN_v0.20_NOT_CURRENT_RESULT
WSSEC:WS:XSHE:300316,WS:XSHE:300316,BASE_1633,CN_CSI300,PRIMARY_UNIVERSE_INDEX_AVAILABLE_NO_FROZEN_RS_BINDING,RS_NOT_VERIFIED_CURRENT_FROZEN_1425,SECTOR_RS_NOT_VERIFIED,LEAVE_ONE_OUT_PRIMARY_UNIVERSE_COHORT_MEDIAN_v0.20_NOT_CURRENT_RESULT
WSSEC:WS:XSHE:300394,WS:XSHE:300394,BASE_1633,CN_CSI300,PRIMARY_UNIVERSE_INDEX_AVAILABLE_NO_FROZEN_RS_BINDING,RS_NOT_VERIFIED_CURRENT_FROZEN_1425,SECTOR_RS_NOT_VERIFIED,LEAVE_ONE_OUT_PRIMARY_UNIVERSE_COHORT_MEDIAN_v0.20_NOT_CURRENT_RESULT
WSSEC:WS:XSHE:300408,WS:XSHE:300408,BASE_1633,CN_CSI300,PRIMARY_UNIVERSE_INDEX_AVAILABLE_NO_FROZEN_RS_BINDING,RS_NOT_VERIFIED_CURRENT_FROZEN_1425,SECTOR_RS_NOT_VERIFIED,LEAVE_ONE_OUT_PRIMARY_UNIVERSE_COHORT_MEDIAN_v0.20_NOT_CURRENT_RESULT
WSSEC:WS:XSHE:300413,WS:XSHE:300413,BASE_1633,CN_CSI300,PRIMARY_UNIVERSE_INDEX_AVAILABLE_NO_FROZEN_RS_BINDING,RS_NOT_VERIFIED_CURRENT_FROZEN_1425,SECTOR_RS_NOT_VERIFIED,LEAVE_ONE_OUT_PRIMARY_UNIVERSE_COHORT_MEDIAN_v0.20_NOT_CURRENT_RESULT
WSSEC:WS:XSHE:300418,WS:XSHE:300418,BASE_1633,CN_CSI300,PRIMARY_UNIVERSE_INDEX_AVAILABLE_NO_FROZEN_RS_BINDING,RS_NOT_VERIFIED_CURRENT_FROZEN_1425,SECTOR_RS_NOT_VERIFIED,LEAVE_ONE_OUT_PRIMARY_UNIVERSE_COHORT_MEDIAN_v0.20_NOT_CURRENT_RESULT
WSSEC:WS:XSHE:300433,WS:XSHE:300433,BASE_1633,CN_CSI300,PRIMARY_UNIVERSE_INDEX_AVAILABLE_NO_FROZEN_RS_BINDING,RS_NOT_VERIFIED_CURRENT_FROZEN_1425,SECTOR_RS_NOT_VERIFIED,LEAVE_ONE_OUT_PRIMARY_UNIVERSE_COHORT_MEDIAN_v0.20_NOT_CURRENT_RESULT
WSSEC:WS:XSHE:300442,WS:XSHE:300442,BASE_1633,CN_CSI300,PRIMARY_UNIVERSE_INDEX_AVAILABLE_NO_FROZEN_RS_BINDING,RS_NOT_VERIFIED_CURRENT_FROZEN_1425,SECTOR_RS_NOT_VERIFIED,LEAVE_ONE_OUT_PRIMARY_UNIVERSE_COHORT_MEDIAN_v0.20_NOT_CURRENT_RESULT
WSSEC:WS:XSHE:300450,WS:XSHE:300450,BASE_1633,CN_CSI300,PRIMARY_UNIVERSE_INDEX_AVAILABLE_NO_FROZEN_RS_BINDING,RS_NOT_VERIFIED_CURRENT_FROZEN_1425,SECTOR_RS_NOT_VERIFIED,LEAVE_ONE_OUT_PRIMARY_UNIVERSE_COHORT_MEDIAN_v0.20_NOT_CURRENT_RESULT
WSSEC:WS:XSHE:300476,WS:XSHE:300476,BASE_1633,CN_CSI300,PRIMARY_UNIVERSE_INDEX_AVAILABLE_NO_FROZEN_RS_BINDING,RS_NOT_VERIFIED_CURRENT_FROZEN_1425,SECTOR_RS_NOT_VERIFIED,LEAVE_ONE_OUT_PRIMARY_UNIVERSE_COHORT_MEDIAN_v0.20_NOT_CURRENT_RESULT
WSSEC:WS:XSHE:300498,WS:XSHE:300498,BASE_1633,CN_CSI300,PRIMARY_UNIVERSE_INDEX_AVAILABLE_NO_FROZEN_RS_BINDING,RS_NOT_VERIFIED_CURRENT_FROZEN_1425,SECTOR_RS_NOT_VERIFIED,LEAVE_ONE_OUT_PRIMARY_UNIVERSE_COHORT_MEDIAN_v0.20_NOT_CURRENT_RESULT
WSSEC:WS:XSHE:300502,WS:XSHE:300502,BASE_1633,CN_CSI300,PRIMARY_UNIVERSE_INDEX_AVAILABLE_NO_FROZEN_RS_BINDING,RS_NOT_VERIFIED_CURRENT_FROZEN_1425,SECTOR_RS_NOT_VERIFIED,LEAVE_ONE_OUT_PRIMARY_UNIVERSE_COHORT_MEDIAN_v0.20_NOT_CURRENT_RESULT
WSSEC:WS:XSHE:300628,WS:XSHE:300628,BASE_1633,CN_CSI300,PRIMARY_UNIVERSE_INDEX_AVAILABLE_NO_FROZEN_RS_BINDING,RS_NOT_VERIFIED_CURRENT_FROZEN_1425,SECTOR_RS_NOT_VERIFIED,LEAVE_ONE_OUT_PRIMARY_UNIVERSE_COHORT_MEDIAN_v0.20_NOT_CURRENT_RESULT
WSSEC:WS:XSHE:300661,WS:XSHE:300661,BASE_1633,CN_CSI300,PRIMARY_UNIVERSE_INDEX_AVAILABLE_NO_FROZEN_RS_BINDING,RS_NOT_VERIFIED_CURRENT_FROZEN_1425,SECTOR_RS_NOT_VERIFIED,LEAVE_ONE_OUT_PRIMARY_UNIVERSE_COHORT_MEDIAN_v0.20_NOT_CURRENT_RESULT
WSSEC:WS:XSHE:300750,WS:XSHE:300750,BASE_1633,CN_CSI300,PRIMARY_UNIVERSE_INDEX_AVAILABLE_NO_FROZEN_RS_BINDING,RS_NOT_VERIFIED_CURRENT_FROZEN_1425,SECTOR_RS_NOT_VERIFIED,LEAVE_ONE_OUT_PRIMARY_UNIVERSE_COHORT_MEDIAN_v0.20_NOT_CURRENT_RESULT
WSSEC:WS:XSHE:300760,WS:XSHE:300760,BASE_1633,CN_CSI300,PRIMARY_UNIVERSE_INDEX_AVAILABLE_NO_FROZEN_RS_BINDING,RS_NOT_VERIFIED_CURRENT_FROZEN_1425,SECTOR_RS_NOT_VERIFIED,LEAVE_ONE_OUT_PRIMARY_UNIVERSE_COHORT_MEDIAN_v0.20_NOT_CURRENT_RESULT
WSSEC:WS:XSHE:300803,WS:XSHE:300803,BASE_1633,CN_CSI300,PRIMARY_UNIVERSE_INDEX_AVAILABLE_NO_FROZEN_RS_BINDING,RS_NOT_VERIFIED_CURRENT_FROZEN_1425,SECTOR_RS_NOT_VERIFIED,LEAVE_ONE_OUT_PRIMARY_UNIVERSE_COHORT_MEDIAN_v0.20_NOT_CURRENT_RESULT
WSSEC:WS:XSHE:300832,WS:XSHE:300832,BASE_1633,CN_CSI300,PRIMARY_UNIVERSE_INDEX_AVAILABLE_NO_FROZEN_RS_BINDING,RS_NOT_VERIFIED_CURRENT_FROZEN_1425,SECTOR_RS_NOT_VERIFIED,LEAVE_ONE_OUT_PRIMARY_UNIVERSE_COHORT_MEDIAN_v0.20_NOT_CURRENT_RESULT
WSSEC:WS:XSHE:300866,WS:XSHE:300866,BASE_1633,CN_CSI300,PRIMARY_UNIVERSE_INDEX_AVAILABLE_NO_FROZEN_RS_BINDING,RS_NOT_VERIFIED_CURRENT_FROZEN_1425,SECTOR_RS_NOT_VERIFIED,LEAVE_ONE_OUT_PRIMARY_UNIVERSE_COHORT_MEDIAN_v0.20_NOT_CURRENT_RESULT
WSSEC:WS:XSHE:300896,WS:XSHE:300896,BASE_1633,CN_CSI300,PRIMARY_UNIVERSE_INDEX_AVAILABLE_NO_FROZEN_RS_BINDING,RS_NOT_VERIFIED_CURRENT_FROZEN_1425,SECTOR_RS_NOT_VERIFIED,LEAVE_ONE_OUT_PRIMARY_UNIVERSE_COHORT_MEDIAN_v0.20_NOT_CURRENT_RESULT
WSSEC:WS:XSHE:300999,WS:XSHE:300999,BASE_1633,CN_CSI300,PRIMARY_UNIVERSE_INDEX_AVAILABLE_NO_FROZEN_RS_BINDING,RS_NOT_VERIFIED_CURRENT_FROZEN_1425,SECTOR_RS_NOT_VERIFIED,LEAVE_ONE_OUT_PRIMARY_UNIVERSE_COHORT_MEDIAN_v0.20_NOT_CURRENT_RESULT
WSSEC:WS:XSHE:301165,WS:XSHE:301165,BASE_1633,CN_CSI300,PRIMARY_UNIVERSE_INDEX_AVAILABLE_NO_FROZEN_RS_BINDING,RS_NOT_VERIFIED_CURRENT_FROZEN_1425,SECTOR_RS_NOT_VERIFIED,LEAVE_ONE_OUT_PRIMARY_UNIVERSE_COHORT_MEDIAN_v0.20_NOT_CURRENT_RESULT
WSSEC:WS:XSHE:301236,WS:XSHE:301236,BASE_1633,CN_CSI300,PRIMARY_UNIVERSE_INDEX_AVAILABLE_NO_FROZEN_RS_BINDING,RS_NOT_VERIFIED_CURRENT_FROZEN_1425,SECTOR_RS_NOT_VERIFIED,LEAVE_ONE_OUT_PRIMARY_UNIVERSE_COHORT_MEDIAN_v0.20_NOT_CURRENT_RESULT
WSSEC:WS:XSHE:301269,WS:XSHE:301269,BASE_1633,CN_CSI300,PRIMARY_UNIVERSE_INDEX_AVAILABLE_NO_FROZEN_RS_BINDING,RS_NOT_VERIFIED_CURRENT_FROZEN_1425,SECTOR_RS_NOT_VERIFIED,LEAVE_ONE_OUT_PRIMARY_UNIVERSE_COHORT_MEDIAN_v0.20_NOT_CURRENT_RESULT
WSSEC:WS:XSHE:301308,WS:XSHE:301308,BASE_1633,CN_CSI300,PRIMARY_UNIVERSE_INDEX_AVAILABLE_NO_FROZEN_RS_BINDING,RS_NOT_VERIFIED_CURRENT_FROZEN_1425,SECTOR_RS_NOT_VERIFIED,LEAVE_ONE_OUT_PRIMARY_UNIVERSE_COHORT_MEDIAN_v0.20_NOT_CURRENT_RESULT
WSSEC:WS:XSHG:600000,WS:XSHG:600000,BASE_1633,CN_CSI300,PRIMARY_UNIVERSE_INDEX_AVAILABLE_NO_FROZEN_RS_BINDING,RS_NOT_VERIFIED_CURRENT_FROZEN_1425,SECTOR_RS_NOT_VERIFIED,LEAVE_ONE_OUT_PRIMARY_UNIVERSE_COHORT_MEDIAN_v0.20_NOT_CURRENT_RESULT
WSSEC:WS:XSHG:600009,WS:XSHG:600009,BASE_1633,CN_CSI300,PRIMARY_UNIVERSE_INDEX_AVAILABLE_NO_FROZEN_RS_BINDING,RS_NOT_VERIFIED_CURRENT_FROZEN_1425,SECTOR_RS_NOT_VERIFIED,LEAVE_ONE_OUT_PRIMARY_UNIVERSE_COHORT_MEDIAN_v0.20_NOT_CURRENT_RESULT
WSSEC:WS:XSHG:600010,WS:XSHG:600010,BASE_1633,CN_CSI300,PRIMARY_UNIVERSE_INDEX_AVAILABLE_NO_FROZEN_RS_BINDING,RS_NOT_VERIFIED_CURRENT_FROZEN_1425,SECTOR_RS_NOT_VERIFIED,LEAVE_ONE_OUT_PRIMARY_UNIVERSE_COHORT_MEDIAN_v0.20_NOT_CURRENT_RESULT
WSSEC:WS:XSHG:600011,WS:XSHG:600011,BASE_1633,CN_CSI300,PRIMARY_UNIVERSE_INDEX_AVAILABLE_NO_FROZEN_RS_BINDING,RS_NOT_VERIFIED_CURRENT_FROZEN_1425,SECTOR_RS_NOT_VERIFIED,LEAVE_ONE_OUT_PRIMARY_UNIVERSE_COHORT_MEDIAN_v0.20_NOT_CURRENT_RESULT
WSSEC:WS:XSHG:600015,WS:XSHG:600015,BASE_1633,CN_CSI300,PRIMARY_UNIVERSE_INDEX_AVAILABLE_NO_FROZEN_RS_BINDING,RS_NOT_VERIFIED_CURRENT_FROZEN_1425,SECTOR_RS_NOT_VERIFIED,LEAVE_ONE_OUT_PRIMARY_UNIVERSE_COHORT_MEDIAN_v0.20_NOT_CURRENT_RESULT
WSSEC:WS:XSHG:600016,WS:XSHG:600016,BASE_1633,CN_CSI300,PRIMARY_UNIVERSE_INDEX_AVAILABLE_NO_FROZEN_RS_BINDING,RS_NOT_VERIFIED_CURRENT_FROZEN_1425,SECTOR_RS_NOT_VERIFIED,LEAVE_ONE_OUT_PRIMARY_UNIVERSE_COHORT_MEDIAN_v0.20_NOT_CURRENT_RESULT
WSSEC:WS:XSHG:600018,WS:XSHG:600018,BASE_1633,CN_CSI300,PRIMARY_UNIVERSE_INDEX_AVAILABLE_NO_FROZEN_RS_BINDING,RS_NOT_VERIFIED_CURRENT_FROZEN_1425,SECTOR_RS_NOT_VERIFIED,LEAVE_ONE_OUT_PRIMARY_UNIVERSE_COHORT_MEDIAN_v0.20_NOT_CURRENT_RESULT
WSSEC:WS:XSHG:600019,WS:XSHG:600019,BASE_1633,CN_CSI300,PRIMARY_UNIVERSE_INDEX_AVAILABLE_NO_FROZEN_RS_BINDING,RS_NOT_VERIFIED_CURRENT_FROZEN_1425,SECTOR_RS_NOT_VERIFIED,LEAVE_ONE_OUT_PRIMARY_UNIVERSE_COHORT_MEDIAN_v0.20_NOT_CURRENT_RESULT
WSSEC:WS:XSHG:600023,WS:XSHG:600023,BASE_1633,CN_CSI300,PRIMARY_UNIVERSE_INDEX_AVAILABLE_NO_FROZEN_RS_BINDING,RS_NOT_VERIFIED_CURRENT_FROZEN_1425,SECTOR_RS_NOT_VERIFIED,LEAVE_ONE_OUT_PRIMARY_UNIVERSE_COHORT_MEDIAN_v0.20_NOT_CURRENT_RESULT
WSSEC:WS:XSHG:600025,WS:XSHG:600025,BASE_1633,CN_CSI300,PRIMARY_UNIVERSE_INDEX_AVAILABLE_NO_FROZEN_RS_BINDING,RS_NOT_VERIFIED_CURRENT_FROZEN_1425,SECTOR_RS_NOT_VERIFIED,LEAVE_ONE_OUT_PRIMARY_UNIVERSE_COHORT_MEDIAN_v0.20_NOT_CURRENT_RESULT
WSSEC:WS:XSHG:600026,WS:XSHG:600026,BASE_1633,CN_CSI300,PRIMARY_UNIVERSE_INDEX_AVAILABLE_NO_FROZEN_RS_BINDING,RS_NOT_VERIFIED_CURRENT_FROZEN_1425,SECTOR_RS_NOT_VERIFIED,LEAVE_ONE_OUT_PRIMARY_UNIVERSE_COHORT_MEDIAN_v0.20_NOT_CURRENT_RESULT
WSSEC:WS:XSHG:600027,WS:XSHG:600027,BASE_1633,CN_CSI300,PRIMARY_UNIVERSE_INDEX_AVAILABLE_NO_FROZEN_RS_BINDING,RS_NOT_VERIFIED_CURRENT_FROZEN_1425,SECTOR_RS_NOT_VERIFIED,LEAVE_ONE_OUT_PRIMARY_UNIVERSE_COHORT_MEDIAN_v0.20_NOT_CURRENT_RESULT
WSSEC:WS:XSHG:600028,WS:XSHG:600028,BASE_1633,CN_CSI300,PRIMARY_UNIVERSE_INDEX_AVAILABLE_NO_FROZEN_RS_BINDING,RS_NOT_VERIFIED_CURRENT_FROZEN_1425,SECTOR_RS_NOT_VERIFIED,LEAVE_ONE_OUT_PRIMARY_UNIVERSE_COHORT_MEDIAN_v0.20_NOT_CURRENT_RESULT
WSSEC:WS:XSHG:600029,WS:XSHG:600029,BASE_1633,CN_CSI300,PRIMARY_UNIVERSE_INDEX_AVAILABLE_NO_FROZEN_RS_BINDING,RS_NOT_VERIFIED_CURRENT_FROZEN_1425,SECTOR_RS_NOT_VERIFIED,LEAVE_ONE_OUT_PRIMARY_UNIVERSE_COHORT_MEDIAN_v0.20_NOT_CURRENT_RESULT
WSSEC:WS:XSHG:600030,WS:XSHG:600030,BASE_1633,CN_CSI300,PRIMARY_UNIVERSE_INDEX_AVAILABLE_NO_FROZEN_RS_BINDING,RS_NOT_VERIFIED_CURRENT_FROZEN_1425,SECTOR_RS_NOT_VERIFIED,LEAVE_ONE_OUT_PRIMARY_UNIVERSE_COHORT_MEDIAN_v0.20_NOT_CURRENT_RESULT
WSSEC:WS:XSHG:600031,WS:XSHG:600031,BASE_1633,CN_CSI300,PRIMARY_UNIVERSE_INDEX_AVAILABLE_NO_FROZEN_RS_BINDING,RS_NOT_VERIFIED_CURRENT_FROZEN_1425,SECTOR_RS_NOT_VERIFIED,LEAVE_ONE_OUT_PRIMARY_UNIVERSE_COHORT_MEDIAN_v0.20_NOT_CURRENT_RESULT
WSSEC:WS:XSHG:600036,WS:XSHG:600036,BASE_1633,CN_CSI300,PRIMARY_UNIVERSE_INDEX_AVAILABLE_NO_FROZEN_RS_BINDING,RS_NOT_VERIFIED_CURRENT_FROZEN_1425,SECTOR_RS_NOT_VERIFIED,LEAVE_ONE_OUT_PRIMARY_UNIVERSE_COHORT_MEDIAN_v0.20_NOT_CURRENT_RESULT
WSSEC:WS:XSHG:600039,WS:XSHG:600039,BASE_1633,CN_CSI300,PRIMARY_UNIVERSE_INDEX_AVAILABLE_NO_FROZEN_RS_BINDING,RS_NOT_VERIFIED_CURRENT_FROZEN_1425,SECTOR_RS_NOT_VERIFIED,LEAVE_ONE_OUT_PRIMARY_UNIVERSE_COHORT_MEDIAN_v0.20_NOT_CURRENT_RESULT
WSSEC:WS:XSHG:600048,WS:XSHG:600048,BASE_1633,CN_CSI300,PRIMARY_UNIVERSE_INDEX_AVAILABLE_NO_FROZEN_RS_BINDING,RS_NOT_VERIFIED_CURRENT_FROZEN_1425,SECTOR_RS_NOT_VERIFIED,LEAVE_ONE_OUT_PRIMARY_UNIVERSE_COHORT_MEDIAN_v0.20_NOT_CURRENT_RESULT
WSSEC:WS:XSHG:600050,WS:XSHG:600050,BASE_1633,CN_CSI300,PRIMARY_UNIVERSE_INDEX_AVAILABLE_NO_FROZEN_RS_BINDING,RS_NOT_VERIFIED_CURRENT_FROZEN_1425,SECTOR_RS_NOT_VERIFIED,LEAVE_ONE_OUT_PRIMARY_UNIVERSE_COHORT_MEDIAN_v0.20_NOT_CURRENT_RESULT
WSSEC:WS:XSHG:600061,WS:XSHG:600061,BASE_1633,CN_CSI300,PRIMARY_UNIVERSE_INDEX_AVAILABLE_NO_FROZEN_RS_BINDING,RS_NOT_VERIFIED_CURRENT_FROZEN_1425,SECTOR_RS_NOT_VERIFIED,LEAVE_ONE_OUT_PRIMARY_UNIVERSE_COHORT_MEDIAN_v0.20_NOT_CURRENT_RESULT
WSSEC:WS:XSHG:600066,WS:XSHG:600066,BASE_1633,CN_CSI300,PRIMARY_UNIVERSE_INDEX_AVAILABLE_NO_FROZEN_RS_BINDING,RS_NOT_VERIFIED_CURRENT_FROZEN_1425,SECTOR_RS_NOT_VERIFIED,LEAVE_ONE_OUT_PRIMARY_UNIVERSE_COHORT_MEDIAN_v0.20_NOT_CURRENT_RESULT
WSSEC:WS:XSHG:600085,WS:XSHG:600085,BASE_1633,CN_CSI300,PRIMARY_UNIVERSE_INDEX_AVAILABLE_NO_FROZEN_RS_BINDING,RS_NOT_VERIFIED_CURRENT_FROZEN_1425,SECTOR_RS_NOT_VERIFIED,LEAVE_ONE_OUT_PRIMARY_UNIVERSE_COHORT_MEDIAN_v0.20_NOT_CURRENT_RESULT
WSSEC:WS:XSHG:600089,WS:XSHG:600089,BASE_1633,CN_CSI300,PRIMARY_UNIVERSE_INDEX_AVAILABLE_NO_FROZEN_RS_BINDING,RS_NOT_VERIFIED_CURRENT_FROZEN_1425,SECTOR_RS_NOT_VERIFIED,LEAVE_ONE_OUT_PRIMARY_UNIVERSE_COHORT_MEDIAN_v0.20_NOT_CURRENT_RESULT
WSSEC:WS:XSHG:600104,WS:XSHG:600104,BASE_1633,CN_CSI300,PRIMARY_UNIVERSE_INDEX_AVAILABLE_NO_FROZEN_RS_BINDING,RS_NOT_VERIFIED_CURRENT_FROZEN_1425,SECTOR_RS_NOT_VERIFIED,LEAVE_ONE_OUT_PRIMARY_UNIVERSE_COHORT_MEDIAN_v0.20_NOT_CURRENT_RESULT
WSSEC:WS:XSHG:600111,WS:XSHG:600111,BASE_1633,CN_CSI300,PRIMARY_UNIVERSE_INDEX_AVAILABLE_NO_FROZEN_RS_BINDING,RS_NOT_VERIFIED_CURRENT_FROZEN_1425,SECTOR_RS_NOT_VERIFIED,LEAVE_ONE_OUT_PRIMARY_UNIVERSE_COHORT_MEDIAN_v0.20_NOT_CURRENT_RESULT
WSSEC:WS:XSHG:600115,WS:XSHG:600115,BASE_1633,CN_CSI300,PRIMARY_UNIVERSE_INDEX_AVAILABLE_NO_FROZEN_RS_BINDING,RS_NOT_VERIFIED_CURRENT_FROZEN_1425,SECTOR_RS_NOT_VERIFIED,LEAVE_ONE_OUT_PRIMARY_UNIVERSE_COHORT_MEDIAN_v0.20_NOT_CURRENT_RESULT
WSSEC:WS:XSHG:600118,WS:XSHG:600118,BASE_1633,CN_CSI300,PRIMARY_UNIVERSE_INDEX_AVAILABLE_NO_FROZEN_RS_BINDING,RS_NOT_VERIFIED_CURRENT_FROZEN_1425,SECTOR_RS_NOT_VERIFIED,LEAVE_ONE_OUT_PRIMARY_UNIVERSE_COHORT_MEDIAN_v0.20_NOT_CURRENT_RESULT
WSSEC:WS:XSHG:600150,WS:XSHG:600150,BASE_1633,CN_CSI300,PRIMARY_UNIVERSE_INDEX_AVAILABLE_NO_FROZEN_RS_BINDING,RS_NOT_VERIFIED_CURRENT_FROZEN_1425,SECTOR_RS_NOT_VERIFIED,LEAVE_ONE_OUT_PRIMARY_UNIVERSE_COHORT_MEDIAN_v0.20_NOT_CURRENT_RESULT
WSSEC:WS:XSHG:600160,WS:XSHG:600160,BASE_1633,CN_CSI300,PRIMARY_UNIVERSE_INDEX_AVAILABLE_NO_FROZEN_RS_BINDING,RS_NOT_VERIFIED_CURRENT_FROZEN_1425,SECTOR_RS_NOT_VERIFIED,LEAVE_ONE_OUT_PRIMARY_UNIVERSE_COHORT_MEDIAN_v0.20_NOT_CURRENT_RESULT
WSSEC:WS:XSHG:600176,WS:XSHG:600176,BASE_1633,CN_CSI300,PRIMARY_UNIVERSE_INDEX_AVAILABLE_NO_FROZEN_RS_BINDING,RS_NOT_VERIFIED_CURRENT_FROZEN_1425,SECTOR_RS_NOT_VERIFIED,LEAVE_ONE_OUT_PRIMARY_UNIVERSE_COHORT_MEDIAN_v0.20_NOT_CURRENT_RESULT
WSSEC:WS:XSHG:600183,WS:XSHG:600183,BASE_1633,CN_CSI300,PRIMARY_UNIVERSE_INDEX_AVAILABLE_NO_FROZEN_RS_BINDING,RS_NOT_VERIFIED_CURRENT_FROZEN_1425,SECTOR_RS_NOT_VERIFIED,LEAVE_ONE_OUT_PRIMARY_UNIVERSE_COHORT_MEDIAN_v0.20_NOT_CURRENT_RESULT
WSSEC:WS:XSHG:600188,WS:XSHG:600188,BASE_1633,CN_CSI300,PRIMARY_UNIVERSE_INDEX_AVAILABLE_NO_FROZEN_RS_BINDING,RS_NOT_VERIFIED_CURRENT_FROZEN_1425,SECTOR_RS_NOT_VERIFIED,LEAVE_ONE_OUT_PRIMARY_UNIVERSE_COHORT_MEDIAN_v0.20_NOT_CURRENT_RESULT
WSSEC:WS:XSHG:600196,WS:XSHG:600196,BASE_1633,CN_CSI300,PRIMARY_UNIVERSE_INDEX_AVAILABLE_NO_FROZEN_RS_BINDING,RS_NOT_VERIFIED_CURRENT_FROZEN_1425,SECTOR_RS_NOT_VERIFIED,LEAVE_ONE_OUT_PRIMARY_UNIVERSE_COHORT_MEDIAN_v0.20_NOT_CURRENT_RESULT
WSSEC:WS:XSHG:600219,WS:XSHG:600219,BASE_1633,CN_CSI300,PRIMARY_UNIVERSE_INDEX_AVAILABLE_NO_FROZEN_RS_BINDING,RS_NOT_VERIFIED_CURRENT_FROZEN_1425,SECTOR_RS_NOT_VERIFIED,LEAVE_ONE_OUT_PRIMARY_UNIVERSE_COHORT_MEDIAN_v0.20_NOT_CURRENT_RESULT
WSSEC:WS:XSHG:600221,WS:XSHG:600221,BASE_1633,CN_CSI300,PRIMARY_UNIVERSE_INDEX_AVAILABLE_NO_FROZEN_RS_BINDING,RS_NOT_VERIFIED_CURRENT_FROZEN_1425,SECTOR_RS_NOT_VERIFIED,LEAVE_ONE_OUT_PRIMARY_UNIVERSE_COHORT_MEDIAN_v0.20_NOT_CURRENT_RESULT
WSSEC:WS:XSHG:600233,WS:XSHG:600233,BASE_1633,CN_CSI300,PRIMARY_UNIVERSE_INDEX_AVAILABLE_NO_FROZEN_RS_BINDING,RS_NOT_VERIFIED_CURRENT_FROZEN_1425,SECTOR_RS_NOT_VERIFIED,LEAVE_ONE_OUT_PRIMARY_UNIVERSE_COHORT_MEDIAN_v0.20_NOT_CURRENT_RESULT
WSSEC:WS:XSHG:600276,WS:XSHG:600276,BASE_1633,CN_CSI300,PRIMARY_UNIVERSE_INDEX_AVAILABLE_NO_FROZEN_RS_BINDING,RS_NOT_VERIFIED_CURRENT_FROZEN_1425,SECTOR_RS_NOT_VERIFIED,LEAVE_ONE_OUT_PRIMARY_UNIVERSE_COHORT_MEDIAN_v0.20_NOT_CURRENT_RESULT
WSSEC:WS:XSHG:600309,WS:XSHG:600309,BASE_1633,CN_CSI300,PRIMARY_UNIVERSE_INDEX_AVAILABLE_NO_FROZEN_RS_BINDING,RS_NOT_VERIFIED_CURRENT_FROZEN_1425,SECTOR_RS_NOT_VERIFIED,LEAVE_ONE_OUT_PRIMARY_UNIVERSE_COHORT_MEDIAN_v0.20_NOT_CURRENT_RESULT
WSSEC:WS:XSHG:600346,WS:XSHG:600346,BASE_1633,CN_CSI300,PRIMARY_UNIVERSE_INDEX_AVAILABLE_NO_FROZEN_RS_BINDING,RS_NOT_VERIFIED_CURRENT_FROZEN_1425,SECTOR_RS_NOT_VERIFIED,LEAVE_ONE_OUT_PRIMARY_UNIVERSE_COHORT_MEDIAN_v0.20_NOT_CURRENT_RESULT
WSSEC:WS:XSHG:600362,WS:XSHG:600362,BASE_1633,CN_CSI300,PRIMARY_UNIVERSE_INDEX_AVAILABLE_NO_FROZEN_RS_BINDING,RS_NOT_VERIFIED_CURRENT_FROZEN_1425,SECTOR_RS_NOT_VERIFIED,LEAVE_ONE_OUT_PRIMARY_UNIVERSE_COHORT_MEDIAN_v0.20_NOT_CURRENT_RESULT
WSSEC:WS:XSHG:600372,WS:XSHG:600372,BASE_1633,CN_CSI300,PRIMARY_UNIVERSE_INDEX_AVAILABLE_NO_FROZEN_RS_BINDING,RS_NOT_VERIFIED_CURRENT_FROZEN_1425,SECTOR_RS_NOT_VERIFIED,LEAVE_ONE_OUT_PRIMARY_UNIVERSE_COHORT_MEDIAN_v0.20_NOT_CURRENT_RESULT
WSSEC:WS:XSHG:600406,WS:XSHG:600406,BASE_1633,CN_CSI300,PRIMARY_UNIVERSE_INDEX_AVAILABLE_NO_FROZEN_RS_BINDING,RS_NOT_VERIFIED_CURRENT_FROZEN_1425,SECTOR_RS_NOT_VERIFIED,LEAVE_ONE_OUT_PRIMARY_UNIVERSE_COHORT_MEDIAN_v0.20_NOT_CURRENT_RESULT
WSSEC:WS:XSHG:600415,WS:XSHG:600415,BASE_1633,CN_CSI300,PRIMARY_UNIVERSE_INDEX_AVAILABLE_NO_FROZEN_RS_BINDING,RS_NOT_VERIFIED_CURRENT_FROZEN_1425,SECTOR_RS_NOT_VERIFIED,LEAVE_ONE_OUT_PRIMARY_UNIVERSE_COHORT_MEDIAN_v0.20_NOT_CURRENT_RESULT
WSSEC:WS:XSHG:600426,WS:XSHG:600426,BASE_1633,CN_CSI300,PRIMARY_UNIVERSE_INDEX_AVAILABLE_NO_FROZEN_RS_BINDING,RS_NOT_VERIFIED_CURRENT_FROZEN_1425,SECTOR_RS_NOT_VERIFIED,LEAVE_ONE_OUT_PRIMARY_UNIVERSE_COHORT_MEDIAN_v0.20_NOT_CURRENT_RESULT
WSSEC:WS:XSHG:600436,WS:XSHG:600436,BASE_1633,CN_CSI300,PRIMARY_UNIVERSE_INDEX_AVAILABLE_NO_FROZEN_RS_BINDING,RS_NOT_VERIFIED_CURRENT_FROZEN_1425,SECTOR_RS_NOT_VERIFIED,LEAVE_ONE_OUT_PRIMARY_UNIVERSE_COHORT_MEDIAN_v0.20_NOT_CURRENT_RESULT
WSSEC:WS:XSHG:600438,WS:XSHG:600438,BASE_1633,CN_CSI300,PRIMARY_UNIVERSE_INDEX_AVAILABLE_NO_FROZEN_RS_BINDING,RS_NOT_VERIFIED_CURRENT_FROZEN_1425,SECTOR_RS_NOT_VERIFIED,LEAVE_ONE_OUT_PRIMARY_UNIVERSE_COHORT_MEDIAN_v0.20_NOT_CURRENT_RESULT
WSSEC:WS:XSHG:600460,WS:XSHG:600460,BASE_1633,CN_CSI300,PRIMARY_UNIVERSE_INDEX_AVAILABLE_NO_FROZEN_RS_BINDING,RS_NOT_VERIFIED_CURRENT_FROZEN_1425,SECTOR_RS_NOT_VERIFIED,LEAVE_ONE_OUT_PRIMARY_UNIVERSE_COHORT_MEDIAN_v0.20_NOT_CURRENT_RESULT
WSSEC:WS:XSHG:600482,WS:XSHG:600482,BASE_1633,CN_CSI300,PRIMARY_UNIVERSE_INDEX_AVAILABLE_NO_FROZEN_RS_BINDING,RS_NOT_VERIFIED_CURRENT_FROZEN_1425,SECTOR_RS_NOT_VERIFIED,LEAVE_ONE_OUT_PRIMARY_UNIVERSE_COHORT_MEDIAN_v0.20_NOT_CURRENT_RESULT
WSSEC:WS:XSHG:600489,WS:XSHG:600489,BASE_1633,CN_CSI300,PRIMARY_UNIVERSE_INDEX_AVAILABLE_NO_FROZEN_RS_BINDING,RS_NOT_VERIFIED_CURRENT_FROZEN_1425,SECTOR_RS_NOT_VERIFIED,LEAVE_ONE_OUT_PRIMARY_UNIVERSE_COHORT_MEDIAN_v0.20_NOT_CURRENT_RESULT
WSSEC:WS:XSHG:600515,WS:XSHG:600515,BASE_1633,CN_CSI300,PRIMARY_UNIVERSE_INDEX_AVAILABLE_NO_FROZEN_RS_BINDING,RS_NOT_VERIFIED_CURRENT_FROZEN_1425,SECTOR_RS_NOT_VERIFIED,LEAVE_ONE_OUT_PRIMARY_UNIVERSE_COHORT_MEDIAN_v0.20_NOT_CURRENT_RESULT
WSSEC:WS:XSHG:600519,WS:XSHG:600519,BASE_1633,CN_CSI300,PRIMARY_UNIVERSE_INDEX_AVAILABLE_NO_FROZEN_RS_BINDING,RS_NOT_VERIFIED_CURRENT_FROZEN_1425,SECTOR_RS_NOT_VERIFIED,LEAVE_ONE_OUT_PRIMARY_UNIVERSE_COHORT_MEDIAN_v0.20_NOT_CURRENT_RESULT
WSSEC:WS:XSHG:600522,WS:XSHG:600522,BASE_1633,CN_CSI300,PRIMARY_UNIVERSE_INDEX_AVAILABLE_NO_FROZEN_RS_BINDING,RS_NOT_VERIFIED_CURRENT_FROZEN_1425,SECTOR_RS_NOT_VERIFIED,LEAVE_ONE_OUT_PRIMARY_UNIVERSE_COHORT_MEDIAN_v0.20_NOT_CURRENT_RESULT
WSSEC:WS:XSHG:600547,WS:XSHG:600547,BASE_1633,CN_CSI300,PRIMARY_UNIVERSE_INDEX_AVAILABLE_NO_FROZEN_RS_BINDING,RS_NOT_VERIFIED_CURRENT_FROZEN_1425,SECTOR_RS_NOT_VERIFIED,LEAVE_ONE_OUT_PRIMARY_UNIVERSE_COHORT_MEDIAN_v0.20_NOT_CURRENT_RESULT
WSSEC:WS:XSHG:600549,WS:XSHG:600549,BASE_1633,CN_CSI300,PRIMARY_UNIVERSE_INDEX_AVAILABLE_NO_FROZEN_RS_BINDING,RS_NOT_VERIFIED_CURRENT_FROZEN_1425,SECTOR_RS_NOT_VERIFIED,LEAVE_ONE_OUT_PRIMARY_UNIVERSE_COHORT_MEDIAN_v0.20_NOT_CURRENT_RESULT
WSSEC:WS:XSHG:600570,WS:XSHG:600570,BASE_1633,CN_CSI300,PRIMARY_UNIVERSE_INDEX_AVAILABLE_NO_FROZEN_RS_BINDING,RS_NOT_VERIFIED_CURRENT_FROZEN_1425,SECTOR_RS_NOT_VERIFIED,LEAVE_ONE_OUT_PRIMARY_UNIVERSE_COHORT_MEDIAN_v0.20_NOT_CURRENT_RESULT
WSSEC:WS:XSHG:600584,WS:XSHG:600584,BASE_1633,CN_CSI300,PRIMARY_UNIVERSE_INDEX_AVAILABLE_NO_FROZEN_RS_BINDING,RS_NOT_VERIFIED_CURRENT_FROZEN_1425,SECTOR_RS_NOT_VERIFIED,LEAVE_ONE_OUT_PRIMARY_UNIVERSE_COHORT_MEDIAN_v0.20_NOT_CURRENT_RESULT
WSSEC:WS:XSHG:600585,WS:XSHG:600585,BASE_1633,CN_CSI300,PRIMARY_UNIVERSE_INDEX_AVAILABLE_NO_FROZEN_RS_BINDING,RS_NOT_VERIFIED_CURRENT_FROZEN_1425,SECTOR_RS_NOT_VERIFIED,LEAVE_ONE_OUT_PRIMARY_UNIVERSE_COHORT_MEDIAN_v0.20_NOT_CURRENT_RESULT
WSSEC:WS:XSHG:600588,WS:XSHG:600588,BASE_1633,CN_CSI300,PRIMARY_UNIVERSE_INDEX_AVAILABLE_NO_FROZEN_RS_BINDING,RS_NOT_VERIFIED_CURRENT_FROZEN_1425,SECTOR_RS_NOT_VERIFIED,LEAVE_ONE_OUT_PRIMARY_UNIVERSE_COHORT_MEDIAN_v0.20_NOT_CURRENT_RESULT
WSSEC:WS:XSHG:600600,WS:XSHG:600600,BASE_1633,CN_CSI300,PRIMARY_UNIVERSE_INDEX_AVAILABLE_NO_FROZEN_RS_BINDING,RS_NOT_VERIFIED_CURRENT_FROZEN_1425,SECTOR_RS_NOT_VERIFIED,LEAVE_ONE_OUT_PRIMARY_UNIVERSE_COHORT_MEDIAN_v0.20_NOT_CURRENT_RESULT
WSSEC:WS:XSHG:600660,WS:XSHG:600660,BASE_1633,CN_CSI300,PRIMARY_UNIVERSE_INDEX_AVAILABLE_NO_FROZEN_RS_BINDING,RS_NOT_VERIFIED_CURRENT_FROZEN_1425,SECTOR_RS_NOT_VERIFIED,LEAVE_ONE_OUT_PRIMARY_UNIVERSE_COHORT_MEDIAN_v0.20_NOT_CURRENT_RESULT
WSSEC:WS:XSHG:600674,WS:XSHG:600674,BASE_1633,CN_CSI300,PRIMARY_UNIVERSE_INDEX_AVAILABLE_NO_FROZEN_RS_BINDING,RS_NOT_VERIFIED_CURRENT_FROZEN_1425,SECTOR_RS_NOT_VERIFIED,LEAVE_ONE_OUT_PRIMARY_UNIVERSE_COHORT_MEDIAN_v0.20_NOT_CURRENT_RESULT
WSSEC:WS:XSHG:600690,WS:XSHG:600690,BASE_1633,CN_CSI300,PRIMARY_UNIVERSE_INDEX_AVAILABLE_NO_FROZEN_RS_BINDING,RS_NOT_VERIFIED_CURRENT_FROZEN_1425,SECTOR_RS_NOT_VERIFIED,LEAVE_ONE_OUT_PRIMARY_UNIVERSE_COHORT_MEDIAN_v0.20_NOT_CURRENT_RESULT
WSSEC:WS:XSHG:600741,WS:XSHG:600741,BASE_1633,CN_CSI300,PRIMARY_UNIVERSE_INDEX_AVAILABLE_NO_FROZEN_RS_BINDING,RS_NOT_VERIFIED_CURRENT_FROZEN_1425,SECTOR_RS_NOT_VERIFIED,LEAVE_ONE_OUT_PRIMARY_UNIVERSE_COHORT_MEDIAN_v0.20_NOT_CURRENT_RESULT
WSSEC:WS:XSHG:600760,WS:XSHG:600760,BASE_1633,CN_CSI300,PRIMARY_UNIVERSE_INDEX_AVAILABLE_NO_FROZEN_RS_BINDING,RS_NOT_VERIFIED_CURRENT_FROZEN_1425,SECTOR_RS_NOT_VERIFIED,LEAVE_ONE_OUT_PRIMARY_UNIVERSE_COHORT_MEDIAN_v0.20_NOT_CURRENT_RESULT
WSSEC:WS:XSHG:600795,WS:XSHG:600795,BASE_1633,CN_CSI300,PRIMARY_UNIVERSE_INDEX_AVAILABLE_NO_FROZEN_RS_BINDING,RS_NOT_VERIFIED_CURRENT_FROZEN_1425,SECTOR_RS_NOT_VERIFIED,LEAVE_ONE_OUT_PRIMARY_UNIVERSE_COHORT_MEDIAN_v0.20_NOT_CURRENT_RESULT
WSSEC:WS:XSHG:600809,WS:XSHG:600809,BASE_1633,CN_CSI300,PRIMARY_UNIVERSE_INDEX_AVAILABLE_NO_FROZEN_RS_BINDING,RS_NOT_VERIFIED_CURRENT_FROZEN_1425,SECTOR_RS_NOT_VERIFIED,LEAVE_ONE_OUT_PRIMARY_UNIVERSE_COHORT_MEDIAN_v0.20_NOT_CURRENT_RESULT
WSSEC:WS:XSHG:600845,WS:XSHG:600845,BASE_1633,CN_CSI300,PRIMARY_UNIVERSE_INDEX_AVAILABLE_NO_FROZEN_RS_BINDING,RS_NOT_VERIFIED_CURRENT_FROZEN_1425,SECTOR_RS_NOT_VERIFIED,LEAVE_ONE_OUT_PRIMARY_UNIVERSE_COHORT_MEDIAN_v0.20_NOT_CURRENT_RESULT
WSSEC:WS:XSHG:600875,WS:XSHG:600875,BASE_1633,CN_CSI300,PRIMARY_UNIVERSE_INDEX_AVAILABLE_NO_FROZEN_RS_BINDING,RS_NOT_VERIFIED_CURRENT_FROZEN_1425,SECTOR_RS_NOT_VERIFIED,LEAVE_ONE_OUT_PRIMARY_UNIVERSE_COHORT_MEDIAN_v0.20_NOT_CURRENT_RESULT
WSSEC:WS:XSHG:600886,WS:XSHG:600886,BASE_1633,CN_CSI300,PRIMARY_UNIVERSE_INDEX_AVAILABLE_NO_FROZEN_RS_BINDING,RS_NOT_VERIFIED_CURRENT_FROZEN_1425,SECTOR_RS_NOT_VERIFIED,LEAVE_ONE_OUT_PRIMARY_UNIVERSE_COHORT_MEDIAN_v0.20_NOT_CURRENT_RESULT
WSSEC:WS:XSHG:600887,WS:XSHG:600887,BASE_1633,CN_CSI300,PRIMARY_UNIVERSE_INDEX_AVAILABLE_NO_FROZEN_RS_BINDING,RS_NOT_VERIFIED_CURRENT_FROZEN_1425,SECTOR_RS_NOT_VERIFIED,LEAVE_ONE_OUT_PRIMARY_UNIVERSE_COHORT_MEDIAN_v0.20_NOT_CURRENT_RESULT
WSSEC:WS:XSHG:600893,WS:XSHG:600893,BASE_1633,CN_CSI300,PRIMARY_UNIVERSE_INDEX_AVAILABLE_NO_FROZEN_RS_BINDING,RS_NOT_VERIFIED_CURRENT_FROZEN_1425,SECTOR_RS_NOT_VERIFIED,LEAVE_ONE_OUT_PRIMARY_UNIVERSE_COHORT_MEDIAN_v0.20_NOT_CURRENT_RESULT
WSSEC:WS:XSHG:600900,WS:XSHG:600900,BASE_1633,CN_CSI300,PRIMARY_UNIVERSE_INDEX_AVAILABLE_NO_FROZEN_RS_BINDING,RS_NOT_VERIFIED_CURRENT_FROZEN_1425,SECTOR_RS_NOT_VERIFIED,LEAVE_ONE_OUT_PRIMARY_UNIVERSE_COHORT_MEDIAN_v0.20_NOT_CURRENT_RESULT
WSSEC:WS:XSHG:600905,WS:XSHG:600905,BASE_1633,CN_CSI300,PRIMARY_UNIVERSE_INDEX_AVAILABLE_NO_FROZEN_RS_BINDING,RS_NOT_VERIFIED_CURRENT_FROZEN_1425,SECTOR_RS_NOT_VERIFIED,LEAVE_ONE_OUT_PRIMARY_UNIVERSE_COHORT_MEDIAN_v0.20_NOT_CURRENT_RESULT
WSSEC:WS:XSHG:600918,WS:XSHG:600918,BASE_1633,CN_CSI300,PRIMARY_UNIVERSE_INDEX_AVAILABLE_NO_FROZEN_RS_BINDING,RS_NOT_VERIFIED_CURRENT_FROZEN_1425,SECTOR_RS_NOT_VERIFIED,LEAVE_ONE_OUT_PRIMARY_UNIVERSE_COHORT_MEDIAN_v0.20_NOT_CURRENT_RESULT
WSSEC:WS:XSHG:600919,WS:XSHG:600919,BASE_1633,CN_CSI300,PRIMARY_UNIVERSE_INDEX_AVAILABLE_NO_FROZEN_RS_BINDING,RS_NOT_VERIFIED_CURRENT_FROZEN_1425,SECTOR_RS_NOT_VERIFIED,LEAVE_ONE_OUT_PRIMARY_UNIVERSE_COHORT_MEDIAN_v0.20_NOT_CURRENT_RESULT
WSSEC:WS:XSHG:600926,WS:XSHG:600926,BASE_1633,CN_CSI300,PRIMARY_UNIVERSE_INDEX_AVAILABLE_NO_FROZEN_RS_BINDING,RS_NOT_VERIFIED_CURRENT_FROZEN_1425,SECTOR_RS_NOT_VERIFIED,LEAVE_ONE_OUT_PRIMARY_UNIVERSE_COHORT_MEDIAN_v0.20_NOT_CURRENT_RESULT
WSSEC:WS:XSHG:600930,WS:XSHG:600930,BASE_1633,CN_CSI300,PRIMARY_UNIVERSE_INDEX_AVAILABLE_NO_FROZEN_RS_BINDING,RS_NOT_VERIFIED_CURRENT_FROZEN_1425,SECTOR_RS_NOT_VERIFIED,LEAVE_ONE_OUT_PRIMARY_UNIVERSE_COHORT_MEDIAN_v0.20_NOT_CURRENT_RESULT
WSSEC:WS:XSHG:600938,WS:XSHG:600938,BASE_1633,CN_CSI300,PRIMARY_UNIVERSE_INDEX_AVAILABLE_NO_FROZEN_RS_BINDING,RS_NOT_VERIFIED_CURRENT_FROZEN_1425,SECTOR_RS_NOT_VERIFIED,LEAVE_ONE_OUT_PRIMARY_UNIVERSE_COHORT_MEDIAN_v0.20_NOT_CURRENT_RESULT
WSSEC:WS:XSHG:600941,WS:XSHG:600941,BASE_1633,CN_CSI300,PRIMARY_UNIVERSE_INDEX_AVAILABLE_NO_FROZEN_RS_BINDING,RS_NOT_VERIFIED_CURRENT_FROZEN_1425,SECTOR_RS_NOT_VERIFIED,LEAVE_ONE_OUT_PRIMARY_UNIVERSE_COHORT_MEDIAN_v0.20_NOT_CURRENT_RESULT
WSSEC:WS:XSHG:600958,WS:XSHG:600958,BASE_1633,CN_CSI300,PRIMARY_UNIVERSE_INDEX_AVAILABLE_NO_FROZEN_RS_BINDING,RS_NOT_VERIFIED_CURRENT_FROZEN_1425,SECTOR_RS_NOT_VERIFIED,LEAVE_ONE_OUT_PRIMARY_UNIVERSE_COHORT_MEDIAN_v0.20_NOT_CURRENT_RESULT
WSSEC:WS:XSHG:600989,WS:XSHG:600989,BASE_1633,CN_CSI300,PRIMARY_UNIVERSE_INDEX_AVAILABLE_NO_FROZEN_RS_BINDING,RS_NOT_VERIFIED_CURRENT_FROZEN_1425,SECTOR_RS_NOT_VERIFIED,LEAVE_ONE_OUT_PRIMARY_UNIVERSE_COHORT_MEDIAN_v0.20_NOT_CURRENT_RESULT
WSSEC:WS:XSHG:600999,WS:XSHG:600999,BASE_1633,CN_CSI300,PRIMARY_UNIVERSE_INDEX_AVAILABLE_NO_FROZEN_RS_BINDING,RS_NOT_VERIFIED_CURRENT_FROZEN_1425,SECTOR_RS_NOT_VERIFIED,LEAVE_ONE_OUT_PRIMARY_UNIVERSE_COHORT_MEDIAN_v0.20_NOT_CURRENT_RESULT
WSSEC:WS:XSHG:601006,WS:XSHG:601006,BASE_1633,CN_CSI300,PRIMARY_UNIVERSE_INDEX_AVAILABLE_NO_FROZEN_RS_BINDING,RS_NOT_VERIFIED_CURRENT_FROZEN_1425,SECTOR_RS_NOT_VERIFIED,LEAVE_ONE_OUT_PRIMARY_UNIVERSE_COHORT_MEDIAN_v0.20_NOT_CURRENT_RESULT
WSSEC:WS:XSHG:601009,WS:XSHG:601009,BASE_1633,CN_CSI300,PRIMARY_UNIVERSE_INDEX_AVAILABLE_NO_FROZEN_RS_BINDING,RS_NOT_VERIFIED_CURRENT_FROZEN_1425,SECTOR_RS_NOT_VERIFIED,LEAVE_ONE_OUT_PRIMARY_UNIVERSE_COHORT_MEDIAN_v0.20_NOT_CURRENT_RESULT
WSSEC:WS:XSHG:601012,WS:XSHG:601012,BASE_1633,CN_CSI300,PRIMARY_UNIVERSE_INDEX_AVAILABLE_NO_FROZEN_RS_BINDING,RS_NOT_VERIFIED_CURRENT_FROZEN_1425,SECTOR_RS_NOT_VERIFIED,LEAVE_ONE_OUT_PRIMARY_UNIVERSE_COHORT_MEDIAN_v0.20_NOT_CURRENT_RESULT
WSSEC:WS:XSHG:601018,WS:XSHG:601018,BASE_1633,CN_CSI300,PRIMARY_UNIVERSE_INDEX_AVAILABLE_NO_FROZEN_RS_BINDING,RS_NOT_VERIFIED_CURRENT_FROZEN_1425,SECTOR_RS_NOT_VERIFIED,LEAVE_ONE_OUT_PRIMARY_UNIVERSE_COHORT_MEDIAN_v0.20_NOT_CURRENT_RESULT
WSSEC:WS:XSHG:601021,WS:XSHG:601021,BASE_1633,CN_CSI300,PRIMARY_UNIVERSE_INDEX_AVAILABLE_NO_FROZEN_RS_BINDING,RS_NOT_VERIFIED_CURRENT_FROZEN_1425,SECTOR_RS_NOT_VERIFIED,LEAVE_ONE_OUT_PRIMARY_UNIVERSE_COHORT_MEDIAN_v0.20_NOT_CURRENT_RESULT
WSSEC:WS:XSHG:601058,WS:XSHG:601058,BASE_1633,CN_CSI300,PRIMARY_UNIVERSE_INDEX_AVAILABLE_NO_FROZEN_RS_BINDING,RS_NOT_VERIFIED_CURRENT_FROZEN_1425,SECTOR_RS_NOT_VERIFIED,LEAVE_ONE_OUT_PRIMARY_UNIVERSE_COHORT_MEDIAN_v0.20_NOT_CURRENT_RESULT
WSSEC:WS:XSHG:601066,WS:XSHG:601066,BASE_1633,CN_CSI300,PRIMARY_UNIVERSE_INDEX_AVAILABLE_NO_FROZEN_RS_BINDING,RS_NOT_VERIFIED_CURRENT_FROZEN_1425,SECTOR_RS_NOT_VERIFIED,LEAVE_ONE_OUT_PRIMARY_UNIVERSE_COHORT_MEDIAN_v0.20_NOT_CURRENT_RESULT
WSSEC:WS:XSHG:601077,WS:XSHG:601077,BASE_1633,CN_CSI300,PRIMARY_UNIVERSE_INDEX_AVAILABLE_NO_FROZEN_RS_BINDING,RS_NOT_VERIFIED_CURRENT_FROZEN_1425,SECTOR_RS_NOT_VERIFIED,LEAVE_ONE_OUT_PRIMARY_UNIVERSE_COHORT_MEDIAN_v0.20_NOT_CURRENT_RESULT
WSSEC:WS:XSHG:601088,WS:XSHG:601088,BASE_1633,CN_CSI300,PRIMARY_UNIVERSE_INDEX_AVAILABLE_NO_FROZEN_RS_BINDING,RS_NOT_VERIFIED_CURRENT_FROZEN_1425,SECTOR_RS_NOT_VERIFIED,LEAVE_ONE_OUT_PRIMARY_UNIVERSE_COHORT_MEDIAN_v0.20_NOT_CURRENT_RESULT
WSSEC:WS:XSHG:601100,WS:XSHG:601100,BASE_1633,CN_CSI300,PRIMARY_UNIVERSE_INDEX_AVAILABLE_NO_FROZEN_RS_BINDING,RS_NOT_VERIFIED_CURRENT_FROZEN_1425,SECTOR_RS_NOT_VERIFIED,LEAVE_ONE_OUT_PRIMARY_UNIVERSE_COHORT_MEDIAN_v0.20_NOT_CURRENT_RESULT
WSSEC:WS:XSHG:601111,WS:XSHG:601111,BASE_1633,CN_CSI300,PRIMARY_UNIVERSE_INDEX_AVAILABLE_NO_FROZEN_RS_BINDING,RS_NOT_VERIFIED_CURRENT_FROZEN_1425,SECTOR_RS_NOT_VERIFIED,LEAVE_ONE_OUT_PRIMARY_UNIVERSE_COHORT_MEDIAN_v0.20_NOT_CURRENT_RESULT
WSSEC:WS:XSHG:601117,WS:XSHG:601117,BASE_1633,CN_CSI300,PRIMARY_UNIVERSE_INDEX_AVAILABLE_NO_FROZEN_RS_BINDING,RS_NOT_VERIFIED_CURRENT_FROZEN_1425,SECTOR_RS_NOT_VERIFIED,LEAVE_ONE_OUT_PRIMARY_UNIVERSE_COHORT_MEDIAN_v0.20_NOT_CURRENT_RESULT
WSSEC:WS:XSHG:601127,WS:XSHG:601127,BASE_1633,CN_CSI300,PRIMARY_UNIVERSE_INDEX_AVAILABLE_NO_FROZEN_RS_BINDING,RS_NOT_VERIFIED_CURRENT_FROZEN_1425,SECTOR_RS_NOT_VERIFIED,LEAVE_ONE_OUT_PRIMARY_UNIVERSE_COHORT_MEDIAN_v0.20_NOT_CURRENT_RESULT
WSSEC:WS:XSHG:601136,WS:XSHG:601136,BASE_1633,CN_CSI300,PRIMARY_UNIVERSE_INDEX_AVAILABLE_NO_FROZEN_RS_BINDING,RS_NOT_VERIFIED_CURRENT_FROZEN_1425,SECTOR_RS_NOT_VERIFIED,LEAVE_ONE_OUT_PRIMARY_UNIVERSE_COHORT_MEDIAN_v0.20_NOT_CURRENT_RESULT
WSSEC:WS:XSHG:601138,WS:XSHG:601138,BASE_1633,CN_CSI300,PRIMARY_UNIVERSE_INDEX_AVAILABLE_NO_FROZEN_RS_BINDING,RS_NOT_VERIFIED_CURRENT_FROZEN_1425,SECTOR_RS_NOT_VERIFIED,LEAVE_ONE_OUT_PRIMARY_UNIVERSE_COHORT_MEDIAN_v0.20_NOT_CURRENT_RESULT
WSSEC:WS:XSHG:601166,WS:XSHG:601166,BASE_1633,CN_CSI300,PRIMARY_UNIVERSE_INDEX_AVAILABLE_NO_FROZEN_RS_BINDING,RS_NOT_VERIFIED_CURRENT_FROZEN_1425,SECTOR_RS_NOT_VERIFIED,LEAVE_ONE_OUT_PRIMARY_UNIVERSE_COHORT_MEDIAN_v0.20_NOT_CURRENT_RESULT
WSSEC:WS:XSHG:601169,WS:XSHG:601169,BASE_1633,CN_CSI300,PRIMARY_UNIVERSE_INDEX_AVAILABLE_NO_FROZEN_RS_BINDING,RS_NOT_VERIFIED_CURRENT_FROZEN_1425,SECTOR_RS_NOT_VERIFIED,LEAVE_ONE_OUT_PRIMARY_UNIVERSE_COHORT_MEDIAN_v0.20_NOT_CURRENT_RESULT
WSSEC:WS:XSHG:601186,WS:XSHG:601186,BASE_1633,CN_CSI300,PRIMARY_UNIVERSE_INDEX_AVAILABLE_NO_FROZEN_RS_BINDING,RS_NOT_VERIFIED_CURRENT_FROZEN_1425,SECTOR_RS_NOT_VERIFIED,LEAVE_ONE_OUT_PRIMARY_UNIVERSE_COHORT_MEDIAN_v0.20_NOT_CURRENT_RESULT
WSSEC:WS:XSHG:601211,WS:XSHG:601211,BASE_1633,CN_CSI300,PRIMARY_UNIVERSE_INDEX_AVAILABLE_NO_FROZEN_RS_BINDING,RS_NOT_VERIFIED_CURRENT_FROZEN_1425,SECTOR_RS_NOT_VERIFIED,LEAVE_ONE_OUT_PRIMARY_UNIVERSE_COHORT_MEDIAN_v0.20_NOT_CURRENT_RESULT
WSSEC:WS:XSHG:601225,WS:XSHG:601225,BASE_1633,CN_CSI300,PRIMARY_UNIVERSE_INDEX_AVAILABLE_NO_FROZEN_RS_BINDING,RS_NOT_VERIFIED_CURRENT_FROZEN_1425,SECTOR_RS_NOT_VERIFIED,LEAVE_ONE_OUT_PRIMARY_UNIVERSE_COHORT_MEDIAN_v0.20_NOT_CURRENT_RESULT
WSSEC:WS:XSHG:601229,WS:XSHG:601229,BASE_1633,CN_CSI300,PRIMARY_UNIVERSE_INDEX_AVAILABLE_NO_FROZEN_RS_BINDING,RS_NOT_VERIFIED_CURRENT_FROZEN_1425,SECTOR_RS_NOT_VERIFIED,LEAVE_ONE_OUT_PRIMARY_UNIVERSE_COHORT_MEDIAN_v0.20_NOT_CURRENT_RESULT
WSSEC:WS:XSHG:601238,WS:XSHG:601238,BASE_1633,CN_CSI300,PRIMARY_UNIVERSE_INDEX_AVAILABLE_NO_FROZEN_RS_BINDING,RS_NOT_VERIFIED_CURRENT_FROZEN_1425,SECTOR_RS_NOT_VERIFIED,LEAVE_ONE_OUT_PRIMARY_UNIVERSE_COHORT_MEDIAN_v0.20_NOT_CURRENT_RESULT
WSSEC:WS:XSHG:601288,WS:XSHG:601288,BASE_1633,CN_CSI300,PRIMARY_UNIVERSE_INDEX_AVAILABLE_NO_FROZEN_RS_BINDING,RS_NOT_VERIFIED_CURRENT_FROZEN_1425,SECTOR_RS_NOT_VERIFIED,LEAVE_ONE_OUT_PRIMARY_UNIVERSE_COHORT_MEDIAN_v0.20_NOT_CURRENT_RESULT
WSSEC:WS:XSHG:601318,WS:XSHG:601318,BASE_1633,CN_CSI300,PRIMARY_UNIVERSE_INDEX_AVAILABLE_NO_FROZEN_RS_BINDING,RS_NOT_VERIFIED_CURRENT_FROZEN_1425,SECTOR_RS_NOT_VERIFIED,LEAVE_ONE_OUT_PRIMARY_UNIVERSE_COHORT_MEDIAN_v0.20_NOT_CURRENT_RESULT
WSSEC:WS:XSHG:601319,WS:XSHG:601319,BASE_1633,CN_CSI300,PRIMARY_UNIVERSE_INDEX_AVAILABLE_NO_FROZEN_RS_BINDING,RS_NOT_VERIFIED_CURRENT_FROZEN_1425,SECTOR_RS_NOT_VERIFIED,LEAVE_ONE_OUT_PRIMARY_UNIVERSE_COHORT_MEDIAN_v0.20_NOT_CURRENT_RESULT
WSSEC:WS:XSHG:601328,WS:XSHG:601328,BASE_1633,CN_CSI300,PRIMARY_UNIVERSE_INDEX_AVAILABLE_NO_FROZEN_RS_BINDING,RS_NOT_VERIFIED_CURRENT_FROZEN_1425,SECTOR_RS_NOT_VERIFIED,LEAVE_ONE_OUT_PRIMARY_UNIVERSE_COHORT_MEDIAN_v0.20_NOT_CURRENT_RESULT
WSSEC:WS:XSHG:601336,WS:XSHG:601336,BASE_1633,CN_CSI300,PRIMARY_UNIVERSE_INDEX_AVAILABLE_NO_FROZEN_RS_BINDING,RS_NOT_VERIFIED_CURRENT_FROZEN_1425,SECTOR_RS_NOT_VERIFIED,LEAVE_ONE_OUT_PRIMARY_UNIVERSE_COHORT_MEDIAN_v0.20_NOT_CURRENT_RESULT
WSSEC:WS:XSHG:601360,WS:XSHG:601360,BASE_1633,CN_CSI300,PRIMARY_UNIVERSE_INDEX_AVAILABLE_NO_FROZEN_RS_BINDING,RS_NOT_VERIFIED_CURRENT_FROZEN_1425,SECTOR_RS_NOT_VERIFIED,LEAVE_ONE_OUT_PRIMARY_UNIVERSE_COHORT_MEDIAN_v0.20_NOT_CURRENT_RESULT
WSSEC:WS:XSHG:601377,WS:XSHG:601377,BASE_1633,CN_CSI300,PRIMARY_UNIVERSE_INDEX_AVAILABLE_NO_FROZEN_RS_BINDING,RS_NOT_VERIFIED_CURRENT_FROZEN_1425,SECTOR_RS_NOT_VERIFIED,LEAVE_ONE_OUT_PRIMARY_UNIVERSE_COHORT_MEDIAN_v0.20_NOT_CURRENT_RESULT
WSSEC:WS:XSHG:601390,WS:XSHG:601390,BASE_1633,CN_CSI300,PRIMARY_UNIVERSE_INDEX_AVAILABLE_NO_FROZEN_RS_BINDING,RS_NOT_VERIFIED_CURRENT_FROZEN_1425,SECTOR_RS_NOT_VERIFIED,LEAVE_ONE_OUT_PRIMARY_UNIVERSE_COHORT_MEDIAN_v0.20_NOT_CURRENT_RESULT
WSSEC:WS:XSHG:601398,WS:XSHG:601398,BASE_1633,CN_CSI300,PRIMARY_UNIVERSE_INDEX_AVAILABLE_NO_FROZEN_RS_BINDING,RS_NOT_VERIFIED_CURRENT_FROZEN_1425,SECTOR_RS_NOT_VERIFIED,LEAVE_ONE_OUT_PRIMARY_UNIVERSE_COHORT_MEDIAN_v0.20_NOT_CURRENT_RESULT
WSSEC:WS:XSHG:601456,WS:XSHG:601456,BASE_1633,CN_CSI300,PRIMARY_UNIVERSE_INDEX_AVAILABLE_NO_FROZEN_RS_BINDING,RS_NOT_VERIFIED_CURRENT_FROZEN_1425,SECTOR_RS_NOT_VERIFIED,LEAVE_ONE_OUT_PRIMARY_UNIVERSE_COHORT_MEDIAN_v0.20_NOT_CURRENT_RESULT
WSSEC:WS:XSHG:601600,WS:XSHG:601600,BASE_1633,CN_CSI300,PRIMARY_UNIVERSE_INDEX_AVAILABLE_NO_FROZEN_RS_BINDING,RS_NOT_VERIFIED_CURRENT_FROZEN_1425,SECTOR_RS_NOT_VERIFIED,LEAVE_ONE_OUT_PRIMARY_UNIVERSE_COHORT_MEDIAN_v0.20_NOT_CURRENT_RESULT
WSSEC:WS:XSHG:601601,WS:XSHG:601601,BASE_1633,CN_CSI300,PRIMARY_UNIVERSE_INDEX_AVAILABLE_NO_FROZEN_RS_BINDING,RS_NOT_VERIFIED_CURRENT_FROZEN_1425,SECTOR_RS_NOT_VERIFIED,LEAVE_ONE_OUT_PRIMARY_UNIVERSE_COHORT_MEDIAN_v0.20_NOT_CURRENT_RESULT
WSSEC:WS:XSHG:601607,WS:XSHG:601607,BASE_1633,CN_CSI300,PRIMARY_UNIVERSE_INDEX_AVAILABLE_NO_FROZEN_RS_BINDING,RS_NOT_VERIFIED_CURRENT_FROZEN_1425,SECTOR_RS_NOT_VERIFIED,LEAVE_ONE_OUT_PRIMARY_UNIVERSE_COHORT_MEDIAN_v0.20_NOT_CURRENT_RESULT
WSSEC:WS:XSHG:601618,WS:XSHG:601618,BASE_1633,CN_CSI300,PRIMARY_UNIVERSE_INDEX_AVAILABLE_NO_FROZEN_RS_BINDING,RS_NOT_VERIFIED_CURRENT_FROZEN_1425,SECTOR_RS_NOT_VERIFIED,LEAVE_ONE_OUT_PRIMARY_UNIVERSE_COHORT_MEDIAN_v0.20_NOT_CURRENT_RESULT
WSSEC:WS:XSHG:601628,WS:XSHG:601628,BASE_1633,CN_CSI300,PRIMARY_UNIVERSE_INDEX_AVAILABLE_NO_FROZEN_RS_BINDING,RS_NOT_VERIFIED_CURRENT_FROZEN_1425,SECTOR_RS_NOT_VERIFIED,LEAVE_ONE_OUT_PRIMARY_UNIVERSE_COHORT_MEDIAN_v0.20_NOT_CURRENT_RESULT
WSSEC:WS:XSHG:601633,WS:XSHG:601633,BASE_1633,CN_CSI300,PRIMARY_UNIVERSE_INDEX_AVAILABLE_NO_FROZEN_RS_BINDING,RS_NOT_VERIFIED_CURRENT_FROZEN_1425,SECTOR_RS_NOT_VERIFIED,LEAVE_ONE_OUT_PRIMARY_UNIVERSE_COHORT_MEDIAN_v0.20_NOT_CURRENT_RESULT
WSSEC:WS:XSHG:601658,WS:XSHG:601658,BASE_1633,CN_CSI300,PRIMARY_UNIVERSE_INDEX_AVAILABLE_NO_FROZEN_RS_BINDING,RS_NOT_VERIFIED_CURRENT_FROZEN_1425,SECTOR_RS_NOT_VERIFIED,LEAVE_ONE_OUT_PRIMARY_UNIVERSE_COHORT_MEDIAN_v0.20_NOT_CURRENT_RESULT
WSSEC:WS:XSHG:601668,WS:XSHG:601668,BASE_1633,CN_CSI300,PRIMARY_UNIVERSE_INDEX_AVAILABLE_NO_FROZEN_RS_BINDING,RS_NOT_VERIFIED_CURRENT_FROZEN_1425,SECTOR_RS_NOT_VERIFIED,LEAVE_ONE_OUT_PRIMARY_UNIVERSE_COHORT_MEDIAN_v0.20_NOT_CURRENT_RESULT
WSSEC:WS:XSHG:601669,WS:XSHG:601669,BASE_1633,CN_CSI300,PRIMARY_UNIVERSE_INDEX_AVAILABLE_NO_FROZEN_RS_BINDING,RS_NOT_VERIFIED_CURRENT_FROZEN_1425,SECTOR_RS_NOT_VERIFIED,LEAVE_ONE_OUT_PRIMARY_UNIVERSE_COHORT_MEDIAN_v0.20_NOT_CURRENT_RESULT
WSSEC:WS:XSHG:601688,WS:XSHG:601688,BASE_1633,CN_CSI300,PRIMARY_UNIVERSE_INDEX_AVAILABLE_NO_FROZEN_RS_BINDING,RS_NOT_VERIFIED_CURRENT_FROZEN_1425,SECTOR_RS_NOT_VERIFIED,LEAVE_ONE_OUT_PRIMARY_UNIVERSE_COHORT_MEDIAN_v0.20_NOT_CURRENT_RESULT
WSSEC:WS:XSHG:601689,WS:XSHG:601689,BASE_1633,CN_CSI300,PRIMARY_UNIVERSE_INDEX_AVAILABLE_NO_FROZEN_RS_BINDING,RS_NOT_VERIFIED_CURRENT_FROZEN_1425,SECTOR_RS_NOT_VERIFIED,LEAVE_ONE_OUT_PRIMARY_UNIVERSE_COHORT_MEDIAN_v0.20_NOT_CURRENT_RESULT
WSSEC:WS:XSHG:601698,WS:XSHG:601698,BASE_1633,CN_CSI300,PRIMARY_UNIVERSE_INDEX_AVAILABLE_NO_FROZEN_RS_BINDING,RS_NOT_VERIFIED_CURRENT_FROZEN_1425,SECTOR_RS_NOT_VERIFIED,LEAVE_ONE_OUT_PRIMARY_UNIVERSE_COHORT_MEDIAN_v0.20_NOT_CURRENT_RESULT
WSSEC:WS:XSHG:601727,WS:XSHG:601727,BASE_1633,CN_CSI300,PRIMARY_UNIVERSE_INDEX_AVAILABLE_NO_FROZEN_RS_BINDING,RS_NOT_VERIFIED_CURRENT_FROZEN_1425,SECTOR_RS_NOT_VERIFIED,LEAVE_ONE_OUT_PRIMARY_UNIVERSE_COHORT_MEDIAN_v0.20_NOT_CURRENT_RESULT
WSSEC:WS:XSHG:601728,WS:XSHG:601728,BASE_1633,CN_CSI300,PRIMARY_UNIVERSE_INDEX_AVAILABLE_NO_FROZEN_RS_BINDING,RS_NOT_VERIFIED_CURRENT_FROZEN_1425,SECTOR_RS_NOT_VERIFIED,LEAVE_ONE_OUT_PRIMARY_UNIVERSE_COHORT_MEDIAN_v0.20_NOT_CURRENT_RESULT
WSSEC:WS:XSHG:601766,WS:XSHG:601766,BASE_1633,CN_CSI300,PRIMARY_UNIVERSE_INDEX_AVAILABLE_NO_FROZEN_RS_BINDING,RS_NOT_VERIFIED_CURRENT_FROZEN_1425,SECTOR_RS_NOT_VERIFIED,LEAVE_ONE_OUT_PRIMARY_UNIVERSE_COHORT_MEDIAN_v0.20_NOT_CURRENT_RESULT
WSSEC:WS:XSHG:601788,WS:XSHG:601788,BASE_1633,CN_CSI300,PRIMARY_UNIVERSE_INDEX_AVAILABLE_NO_FROZEN_RS_BINDING,RS_NOT_VERIFIED_CURRENT_FROZEN_1425,SECTOR_RS_NOT_VERIFIED,LEAVE_ONE_OUT_PRIMARY_UNIVERSE_COHORT_MEDIAN_v0.20_NOT_CURRENT_RESULT
WSSEC:WS:XSHG:601800,WS:XSHG:601800,BASE_1633,CN_CSI300,PRIMARY_UNIVERSE_INDEX_AVAILABLE_NO_FROZEN_RS_BINDING,RS_NOT_VERIFIED_CURRENT_FROZEN_1425,SECTOR_RS_NOT_VERIFIED,LEAVE_ONE_OUT_PRIMARY_UNIVERSE_COHORT_MEDIAN_v0.20_NOT_CURRENT_RESULT
WSSEC:WS:XSHG:601816,WS:XSHG:601816,BASE_1633,CN_CSI300,PRIMARY_UNIVERSE_INDEX_AVAILABLE_NO_FROZEN_RS_BINDING,RS_NOT_VERIFIED_CURRENT_FROZEN_1425,SECTOR_RS_NOT_VERIFIED,LEAVE_ONE_OUT_PRIMARY_UNIVERSE_COHORT_MEDIAN_v0.20_NOT_CURRENT_RESULT
WSSEC:WS:XSHG:601818,WS:XSHG:601818,BASE_1633,CN_CSI300,PRIMARY_UNIVERSE_INDEX_AVAILABLE_NO_FROZEN_RS_BINDING,RS_NOT_VERIFIED_CURRENT_FROZEN_1425,SECTOR_RS_NOT_VERIFIED,LEAVE_ONE_OUT_PRIMARY_UNIVERSE_COHORT_MEDIAN_v0.20_NOT_CURRENT_RESULT
WSSEC:WS:XSHG:601825,WS:XSHG:601825,BASE_1633,CN_CSI300,PRIMARY_UNIVERSE_INDEX_AVAILABLE_NO_FROZEN_RS_BINDING,RS_NOT_VERIFIED_CURRENT_FROZEN_1425,SECTOR_RS_NOT_VERIFIED,LEAVE_ONE_OUT_PRIMARY_UNIVERSE_COHORT_MEDIAN_v0.20_NOT_CURRENT_RESULT
WSSEC:WS:XSHG:601838,WS:XSHG:601838,BASE_1633,CN_CSI300,PRIMARY_UNIVERSE_INDEX_AVAILABLE_NO_FROZEN_RS_BINDING,RS_NOT_VERIFIED_CURRENT_FROZEN_1425,SECTOR_RS_NOT_VERIFIED,LEAVE_ONE_OUT_PRIMARY_UNIVERSE_COHORT_MEDIAN_v0.20_NOT_CURRENT_RESULT
WSSEC:WS:XSHG:601857,WS:XSHG:601857,BASE_1633,CN_CSI300,PRIMARY_UNIVERSE_INDEX_AVAILABLE_NO_FROZEN_RS_BINDING,RS_NOT_VERIFIED_CURRENT_FROZEN_1425,SECTOR_RS_NOT_VERIFIED,LEAVE_ONE_OUT_PRIMARY_UNIVERSE_COHORT_MEDIAN_v0.20_NOT_CURRENT_RESULT
WSSEC:WS:XSHG:601868,WS:XSHG:601868,BASE_1633,CN_CSI300,PRIMARY_UNIVERSE_INDEX_AVAILABLE_NO_FROZEN_RS_BINDING,RS_NOT_VERIFIED_CURRENT_FROZEN_1425,SECTOR_RS_NOT_VERIFIED,LEAVE_ONE_OUT_PRIMARY_UNIVERSE_COHORT_MEDIAN_v0.20_NOT_CURRENT_RESULT
WSSEC:WS:XSHG:601872,WS:XSHG:601872,BASE_1633,CN_CSI300,PRIMARY_UNIVERSE_INDEX_AVAILABLE_NO_FROZEN_RS_BINDING,RS_NOT_VERIFIED_CURRENT_FROZEN_1425,SECTOR_RS_NOT_VERIFIED,LEAVE_ONE_OUT_PRIMARY_UNIVERSE_COHORT_MEDIAN_v0.20_NOT_CURRENT_RESULT
WSSEC:WS:XSHG:601877,WS:XSHG:601877,BASE_1633,CN_CSI300,PRIMARY_UNIVERSE_INDEX_AVAILABLE_NO_FROZEN_RS_BINDING,RS_NOT_VERIFIED_CURRENT_FROZEN_1425,SECTOR_RS_NOT_VERIFIED,LEAVE_ONE_OUT_PRIMARY_UNIVERSE_COHORT_MEDIAN_v0.20_NOT_CURRENT_RESULT
WSSEC:WS:XSHG:601878,WS:XSHG:601878,BASE_1633,CN_CSI300,PRIMARY_UNIVERSE_INDEX_AVAILABLE_NO_FROZEN_RS_BINDING,RS_NOT_VERIFIED_CURRENT_FROZEN_1425,SECTOR_RS_NOT_VERIFIED,LEAVE_ONE_OUT_PRIMARY_UNIVERSE_COHORT_MEDIAN_v0.20_NOT_CURRENT_RESULT
WSSEC:WS:XSHG:601881,WS:XSHG:601881,BASE_1633,CN_CSI300,PRIMARY_UNIVERSE_INDEX_AVAILABLE_NO_FROZEN_RS_BINDING,RS_NOT_VERIFIED_CURRENT_FROZEN_1425,SECTOR_RS_NOT_VERIFIED,LEAVE_ONE_OUT_PRIMARY_UNIVERSE_COHORT_MEDIAN_v0.20_NOT_CURRENT_RESULT
WSSEC:WS:XSHG:601888,WS:XSHG:601888,BASE_1633,CN_CSI300,PRIMARY_UNIVERSE_INDEX_AVAILABLE_NO_FROZEN_RS_BINDING,RS_NOT_VERIFIED_CURRENT_FROZEN_1425,SECTOR_RS_NOT_VERIFIED,LEAVE_ONE_OUT_PRIMARY_UNIVERSE_COHORT_MEDIAN_v0.20_NOT_CURRENT_RESULT
WSSEC:WS:XSHG:601898,WS:XSHG:601898,BASE_1633,CN_CSI300,PRIMARY_UNIVERSE_INDEX_AVAILABLE_NO_FROZEN_RS_BINDING,RS_NOT_VERIFIED_CURRENT_FROZEN_1425,SECTOR_RS_NOT_VERIFIED,LEAVE_ONE_OUT_PRIMARY_UNIVERSE_COHORT_MEDIAN_v0.20_NOT_CURRENT_RESULT
WSSEC:WS:XSHG:601899,WS:XSHG:601899,BASE_1633,CN_CSI300,PRIMARY_UNIVERSE_INDEX_AVAILABLE_NO_FROZEN_RS_BINDING,RS_NOT_VERIFIED_CURRENT_FROZEN_1425,SECTOR_RS_NOT_VERIFIED,LEAVE_ONE_OUT_PRIMARY_UNIVERSE_COHORT_MEDIAN_v0.20_NOT_CURRENT_RESULT
WSSEC:WS:XSHG:601901,WS:XSHG:601901,BASE_1633,CN_CSI300,PRIMARY_UNIVERSE_INDEX_AVAILABLE_NO_FROZEN_RS_BINDING,RS_NOT_VERIFIED_CURRENT_FROZEN_1425,SECTOR_RS_NOT_VERIFIED,LEAVE_ONE_OUT_PRIMARY_UNIVERSE_COHORT_MEDIAN_v0.20_NOT_CURRENT_RESULT
WSSEC:WS:XSHG:601916,WS:XSHG:601916,BASE_1633,CN_CSI300,PRIMARY_UNIVERSE_INDEX_AVAILABLE_NO_FROZEN_RS_BINDING,RS_NOT_VERIFIED_CURRENT_FROZEN_1425,SECTOR_RS_NOT_VERIFIED,LEAVE_ONE_OUT_PRIMARY_UNIVERSE_COHORT_MEDIAN_v0.20_NOT_CURRENT_RESULT
WSSEC:WS:XSHG:601919,WS:XSHG:601919,BASE_1633,CN_CSI300,PRIMARY_UNIVERSE_INDEX_AVAILABLE_NO_FROZEN_RS_BINDING,RS_NOT_VERIFIED_CURRENT_FROZEN_1425,SECTOR_RS_NOT_VERIFIED,LEAVE_ONE_OUT_PRIMARY_UNIVERSE_COHORT_MEDIAN_v0.20_NOT_CURRENT_RESULT
WSSEC:WS:XSHG:601939,WS:XSHG:601939,BASE_1633,CN_CSI300,PRIMARY_UNIVERSE_INDEX_AVAILABLE_NO_FROZEN_RS_BINDING,RS_NOT_VERIFIED_CURRENT_FROZEN_1425,SECTOR_RS_NOT_VERIFIED,LEAVE_ONE_OUT_PRIMARY_UNIVERSE_COHORT_MEDIAN_v0.20_NOT_CURRENT_RESULT
WSSEC:WS:XSHG:601985,WS:XSHG:601985,BASE_1633,CN_CSI300,PRIMARY_UNIVERSE_INDEX_AVAILABLE_NO_FROZEN_RS_BINDING,RS_NOT_VERIFIED_CURRENT_FROZEN_1425,SECTOR_RS_NOT_VERIFIED,LEAVE_ONE_OUT_PRIMARY_UNIVERSE_COHORT_MEDIAN_v0.20_NOT_CURRENT_RESULT
WSSEC:WS:XSHG:601988,WS:XSHG:601988,BASE_1633,CN_CSI300,PRIMARY_UNIVERSE_INDEX_AVAILABLE_NO_FROZEN_RS_BINDING,RS_NOT_VERIFIED_CURRENT_FROZEN_1425,SECTOR_RS_NOT_VERIFIED,LEAVE_ONE_OUT_PRIMARY_UNIVERSE_COHORT_MEDIAN_v0.20_NOT_CURRENT_RESULT
WSSEC:WS:XSHG:601995,WS:XSHG:601995,BASE_1633,CN_CSI300,PRIMARY_UNIVERSE_INDEX_AVAILABLE_NO_FROZEN_RS_BINDING,RS_NOT_VERIFIED_CURRENT_FROZEN_1425,SECTOR_RS_NOT_VERIFIED,LEAVE_ONE_OUT_PRIMARY_UNIVERSE_COHORT_MEDIAN_v0.20_NOT_CURRENT_RESULT
WSSEC:WS:XSHG:601998,WS:XSHG:601998,BASE_1633,CN_CSI300,PRIMARY_UNIVERSE_INDEX_AVAILABLE_NO_FROZEN_RS_BINDING,RS_NOT_VERIFIED_CURRENT_FROZEN_1425,SECTOR_RS_NOT_VERIFIED,LEAVE_ONE_OUT_PRIMARY_UNIVERSE_COHORT_MEDIAN_v0.20_NOT_CURRENT_RESULT
WSSEC:WS:XSHG:603019,WS:XSHG:603019,BASE_1633,CN_CSI300,PRIMARY_UNIVERSE_INDEX_AVAILABLE_NO_FROZEN_RS_BINDING,RS_NOT_VERIFIED_CURRENT_FROZEN_1425,SECTOR_RS_NOT_VERIFIED,LEAVE_ONE_OUT_PRIMARY_UNIVERSE_COHORT_MEDIAN_v0.20_NOT_CURRENT_RESULT
WSSEC:WS:XSHG:603259,WS:XSHG:603259,BASE_1633,CN_CSI300,PRIMARY_UNIVERSE_INDEX_AVAILABLE_NO_FROZEN_RS_BINDING,RS_NOT_VERIFIED_CURRENT_FROZEN_1425,SECTOR_RS_NOT_VERIFIED,LEAVE_ONE_OUT_PRIMARY_UNIVERSE_COHORT_MEDIAN_v0.20_NOT_CURRENT_RESULT
WSSEC:WS:XSHG:603260,WS:XSHG:603260,BASE_1633,CN_CSI300,PRIMARY_UNIVERSE_INDEX_AVAILABLE_NO_FROZEN_RS_BINDING,RS_NOT_VERIFIED_CURRENT_FROZEN_1425,SECTOR_RS_NOT_VERIFIED,LEAVE_ONE_OUT_PRIMARY_UNIVERSE_COHORT_MEDIAN_v0.20_NOT_CURRENT_RESULT
WSSEC:WS:XSHG:603288,WS:XSHG:603288,BASE_1633,CN_CSI300,PRIMARY_UNIVERSE_INDEX_AVAILABLE_NO_FROZEN_RS_BINDING,RS_NOT_VERIFIED_CURRENT_FROZEN_1425,SECTOR_RS_NOT_VERIFIED,LEAVE_ONE_OUT_PRIMARY_UNIVERSE_COHORT_MEDIAN_v0.20_NOT_CURRENT_RESULT
WSSEC:WS:XSHG:603296,WS:XSHG:603296,BASE_1633,CN_CSI300,PRIMARY_UNIVERSE_INDEX_AVAILABLE_NO_FROZEN_RS_BINDING,RS_NOT_VERIFIED_CURRENT_FROZEN_1425,SECTOR_RS_NOT_VERIFIED,LEAVE_ONE_OUT_PRIMARY_UNIVERSE_COHORT_MEDIAN_v0.20_NOT_CURRENT_RESULT
WSSEC:WS:XSHG:603369,WS:XSHG:603369,BASE_1633,CN_CSI300,PRIMARY_UNIVERSE_INDEX_AVAILABLE_NO_FROZEN_RS_BINDING,RS_NOT_VERIFIED_CURRENT_FROZEN_1425,SECTOR_RS_NOT_VERIFIED,LEAVE_ONE_OUT_PRIMARY_UNIVERSE_COHORT_MEDIAN_v0.20_NOT_CURRENT_RESULT
WSSEC:WS:XSHG:603392,WS:XSHG:603392,BASE_1633,CN_CSI300,PRIMARY_UNIVERSE_INDEX_AVAILABLE_NO_FROZEN_RS_BINDING,RS_NOT_VERIFIED_CURRENT_FROZEN_1425,SECTOR_RS_NOT_VERIFIED,LEAVE_ONE_OUT_PRIMARY_UNIVERSE_COHORT_MEDIAN_v0.20_NOT_CURRENT_RESULT
WSSEC:WS:XSHG:603501,WS:XSHG:603501,BASE_1633,CN_CSI300,PRIMARY_UNIVERSE_INDEX_AVAILABLE_NO_FROZEN_RS_BINDING,RS_NOT_VERIFIED_CURRENT_FROZEN_1425,SECTOR_RS_NOT_VERIFIED,LEAVE_ONE_OUT_PRIMARY_UNIVERSE_COHORT_MEDIAN_v0.20_NOT_CURRENT_RESULT
WSSEC:WS:XSHG:603799,WS:XSHG:603799,BASE_1633,CN_CSI300,PRIMARY_UNIVERSE_INDEX_AVAILABLE_NO_FROZEN_RS_BINDING,RS_NOT_VERIFIED_CURRENT_FROZEN_1425,SECTOR_RS_NOT_VERIFIED,LEAVE_ONE_OUT_PRIMARY_UNIVERSE_COHORT_MEDIAN_v0.20_NOT_CURRENT_RESULT
WSSEC:WS:XSHG:603893,WS:XSHG:603893,BASE_1633,CN_CSI300,PRIMARY_UNIVERSE_INDEX_AVAILABLE_NO_FROZEN_RS_BINDING,RS_NOT_VERIFIED_CURRENT_FROZEN_1425,SECTOR_RS_NOT_VERIFIED,LEAVE_ONE_OUT_PRIMARY_UNIVERSE_COHORT_MEDIAN_v0.20_NOT_CURRENT_RESULT
WSSEC:WS:XSHG:603986,WS:XSHG:603986,BASE_1633,CN_CSI300,PRIMARY_UNIVERSE_INDEX_AVAILABLE_NO_FROZEN_RS_BINDING,RS_NOT_VERIFIED_CURRENT_FROZEN_1425,SECTOR_RS_NOT_VERIFIED,LEAVE_ONE_OUT_PRIMARY_UNIVERSE_COHORT_MEDIAN_v0.20_NOT_CURRENT_RESULT
WSSEC:WS:XSHG:603993,WS:XSHG:603993,BASE_1633,CN_CSI300,PRIMARY_UNIVERSE_INDEX_AVAILABLE_NO_FROZEN_RS_BINDING,RS_NOT_VERIFIED_CURRENT_FROZEN_1425,SECTOR_RS_NOT_VERIFIED,LEAVE_ONE_OUT_PRIMARY_UNIVERSE_COHORT_MEDIAN_v0.20_NOT_CURRENT_RESULT
WSSEC:WS:XSHG:605117,WS:XSHG:605117,BASE_1633,CN_CSI300,PRIMARY_UNIVERSE_INDEX_AVAILABLE_NO_FROZEN_RS_BINDING,RS_NOT_VERIFIED_CURRENT_FROZEN_1425,SECTOR_RS_NOT_VERIFIED,LEAVE_ONE_OUT_PRIMARY_UNIVERSE_COHORT_MEDIAN_v0.20_NOT_CURRENT_RESULT
WSSEC:WS:XSHG:605499,WS:XSHG:605499,BASE_1633,CN_CSI300,PRIMARY_UNIVERSE_INDEX_AVAILABLE_NO_FROZEN_RS_BINDING,RS_NOT_VERIFIED_CURRENT_FROZEN_1425,SECTOR_RS_NOT_VERIFIED,LEAVE_ONE_OUT_PRIMARY_UNIVERSE_COHORT_MEDIAN_v0.20_NOT_CURRENT_RESULT
WSSEC:WS:XSHG:688008,WS:XSHG:688008,BASE_1633,CN_CSI300,PRIMARY_UNIVERSE_INDEX_AVAILABLE_NO_FROZEN_RS_BINDING,RS_NOT_VERIFIED_CURRENT_FROZEN_1425,SECTOR_RS_NOT_VERIFIED,LEAVE_ONE_OUT_PRIMARY_UNIVERSE_COHORT_MEDIAN_v0.20_NOT_CURRENT_RESULT
WSSEC:WS:XSHG:688012,WS:XSHG:688012,BASE_1633,CN_CSI300,PRIMARY_UNIVERSE_INDEX_AVAILABLE_NO_FROZEN_RS_BINDING,RS_NOT_VERIFIED_CURRENT_FROZEN_1425,SECTOR_RS_NOT_VERIFIED,LEAVE_ONE_OUT_PRIMARY_UNIVERSE_COHORT_MEDIAN_v0.20_NOT_CURRENT_RESULT
WSSEC:WS:XSHG:688036,WS:XSHG:688036,BASE_1633,CN_CSI300,PRIMARY_UNIVERSE_INDEX_AVAILABLE_NO_FROZEN_RS_BINDING,RS_NOT_VERIFIED_CURRENT_FROZEN_1425,SECTOR_RS_NOT_VERIFIED,LEAVE_ONE_OUT_PRIMARY_UNIVERSE_COHORT_MEDIAN_v0.20_NOT_CURRENT_RESULT
WSSEC:WS:XSHG:688041,WS:XSHG:688041,BASE_1633,CN_CSI300,PRIMARY_UNIVERSE_INDEX_AVAILABLE_NO_FROZEN_RS_BINDING,RS_NOT_VERIFIED_CURRENT_FROZEN_1425,SECTOR_RS_NOT_VERIFIED,LEAVE_ONE_OUT_PRIMARY_UNIVERSE_COHORT_MEDIAN_v0.20_NOT_CURRENT_RESULT
WSSEC:WS:XSHG:688047,WS:XSHG:688047,BASE_1633,CN_CSI300,PRIMARY_UNIVERSE_INDEX_AVAILABLE_NO_FROZEN_RS_BINDING,RS_NOT_VERIFIED_CURRENT_FROZEN_1425,SECTOR_RS_NOT_VERIFIED,LEAVE_ONE_OUT_PRIMARY_UNIVERSE_COHORT_MEDIAN_v0.20_NOT_CURRENT_RESULT
WSSEC:WS:XSHG:688072,WS:XSHG:688072,BASE_1633,CN_CSI300,PRIMARY_UNIVERSE_INDEX_AVAILABLE_NO_FROZEN_RS_BINDING,RS_NOT_VERIFIED_CURRENT_FROZEN_1425,SECTOR_RS_NOT_VERIFIED,LEAVE_ONE_OUT_PRIMARY_UNIVERSE_COHORT_MEDIAN_v0.20_NOT_CURRENT_RESULT
WSSEC:WS:XSHG:688082,WS:XSHG:688082,BASE_1633,CN_CSI300,PRIMARY_UNIVERSE_INDEX_AVAILABLE_NO_FROZEN_RS_BINDING,RS_NOT_VERIFIED_CURRENT_FROZEN_1425,SECTOR_RS_NOT_VERIFIED,LEAVE_ONE_OUT_PRIMARY_UNIVERSE_COHORT_MEDIAN_v0.20_NOT_CURRENT_RESULT
WSSEC:WS:XSHG:688111,WS:XSHG:688111,BASE_1633,CN_CSI300,PRIMARY_UNIVERSE_INDEX_AVAILABLE_NO_FROZEN_RS_BINDING,RS_NOT_VERIFIED_CURRENT_FROZEN_1425,SECTOR_RS_NOT_VERIFIED,LEAVE_ONE_OUT_PRIMARY_UNIVERSE_COHORT_MEDIAN_v0.20_NOT_CURRENT_RESULT
WSSEC:WS:XSHG:688126,WS:XSHG:688126,BASE_1633,CN_CSI300,PRIMARY_UNIVERSE_INDEX_AVAILABLE_NO_FROZEN_RS_BINDING,RS_NOT_VERIFIED_CURRENT_FROZEN_1425,SECTOR_RS_NOT_VERIFIED,LEAVE_ONE_OUT_PRIMARY_UNIVERSE_COHORT_MEDIAN_v0.20_NOT_CURRENT_RESULT
WSSEC:WS:XSHG:688183,WS:XSHG:688183,BASE_1633,CN_CSI300,PRIMARY_UNIVERSE_INDEX_AVAILABLE_NO_FROZEN_RS_BINDING,RS_NOT_VERIFIED_CURRENT_FROZEN_1425,SECTOR_RS_NOT_VERIFIED,LEAVE_ONE_OUT_PRIMARY_UNIVERSE_COHORT_MEDIAN_v0.20_NOT_CURRENT_RESULT
WSSEC:WS:XSHG:688223,WS:XSHG:688223,BASE_1633,CN_CSI300,PRIMARY_UNIVERSE_INDEX_AVAILABLE_NO_FROZEN_RS_BINDING,RS_NOT_VERIFIED_CURRENT_FROZEN_1425,SECTOR_RS_NOT_VERIFIED,LEAVE_ONE_OUT_PRIMARY_UNIVERSE_COHORT_MEDIAN_v0.20_NOT_CURRENT_RESULT
WSSEC:WS:XSHG:688256,WS:XSHG:688256,BASE_1633,CN_CSI300,PRIMARY_UNIVERSE_INDEX_AVAILABLE_NO_FROZEN_RS_BINDING,RS_NOT_VERIFIED_CURRENT_FROZEN_1425,SECTOR_RS_NOT_VERIFIED,LEAVE_ONE_OUT_PRIMARY_UNIVERSE_COHORT_MEDIAN_v0.20_NOT_CURRENT_RESULT
WSSEC:WS:XSHG:688271,WS:XSHG:688271,BASE_1633,CN_CSI300,PRIMARY_UNIVERSE_INDEX_AVAILABLE_NO_FROZEN_RS_BINDING,RS_NOT_VERIFIED_CURRENT_FROZEN_1425,SECTOR_RS_NOT_VERIFIED,LEAVE_ONE_OUT_PRIMARY_UNIVERSE_COHORT_MEDIAN_v0.20_NOT_CURRENT_RESULT
WSSEC:WS:XSHG:688303,WS:XSHG:688303,BASE_1633,CN_CSI300,PRIMARY_UNIVERSE_INDEX_AVAILABLE_NO_FROZEN_RS_BINDING,RS_NOT_VERIFIED_CURRENT_FROZEN_1425,SECTOR_RS_NOT_VERIFIED,LEAVE_ONE_OUT_PRIMARY_UNIVERSE_COHORT_MEDIAN_v0.20_NOT_CURRENT_RESULT
WSSEC:WS:XSHG:688396,WS:XSHG:688396,BASE_1633,CN_CSI300,PRIMARY_UNIVERSE_INDEX_AVAILABLE_NO_FROZEN_RS_BINDING,RS_NOT_VERIFIED_CURRENT_FROZEN_1425,SECTOR_RS_NOT_VERIFIED,LEAVE_ONE_OUT_PRIMARY_UNIVERSE_COHORT_MEDIAN_v0.20_NOT_CURRENT_RESULT
WSSEC:WS:XSHG:688472,WS:XSHG:688472,BASE_1633,CN_CSI300,PRIMARY_UNIVERSE_INDEX_AVAILABLE_NO_FROZEN_RS_BINDING,RS_NOT_VERIFIED_CURRENT_FROZEN_1425,SECTOR_RS_NOT_VERIFIED,LEAVE_ONE_OUT_PRIMARY_UNIVERSE_COHORT_MEDIAN_v0.20_NOT_CURRENT_RESULT
WSSEC:WS:XSHG:688506,WS:XSHG:688506,BASE_1633,CN_CSI300,PRIMARY_UNIVERSE_INDEX_AVAILABLE_NO_FROZEN_RS_BINDING,RS_NOT_VERIFIED_CURRENT_FROZEN_1425,SECTOR_RS_NOT_VERIFIED,LEAVE_ONE_OUT_PRIMARY_UNIVERSE_COHORT_MEDIAN_v0.20_NOT_CURRENT_RESULT
WSSEC:WS:XSHG:688521,WS:XSHG:688521,BASE_1633,CN_CSI300,PRIMARY_UNIVERSE_INDEX_AVAILABLE_NO_FROZEN_RS_BINDING,RS_NOT_VERIFIED_CURRENT_FROZEN_1425,SECTOR_RS_NOT_VERIFIED,LEAVE_ONE_OUT_PRIMARY_UNIVERSE_COHORT_MEDIAN_v0.20_NOT_CURRENT_RESULT
WSSEC:WS:XSHG:688981,WS:XSHG:688981,BASE_1633,CN_CSI300,PRIMARY_UNIVERSE_INDEX_AVAILABLE_NO_FROZEN_RS_BINDING,RS_NOT_VERIFIED_CURRENT_FROZEN_1425,SECTOR_RS_NOT_VERIFIED,LEAVE_ONE_OUT_PRIMARY_UNIVERSE_COHORT_MEDIAN_v0.20_NOT_CURRENT_RESULT
WSSEC:WS:XTAI:3711,WS:XTAI:3711,BASE_1633,TW_TW50,PRIMARY_UNIVERSE_INDEX_AVAILABLE_NO_FROZEN_RS_BINDING,RS_NOT_VERIFIED_CURRENT_FROZEN_1425,SECTOR_RS_NOT_VERIFIED,LEAVE_ONE_OUT_PRIMARY_UNIVERSE_COHORT_MEDIAN_v0.20_NOT_CURRENT_RESULT
WSSEC:WS:XTAI:6669,WS:XTAI:6669,BASE_1633,TW_TW50,PRIMARY_UNIVERSE_INDEX_AVAILABLE_NO_FROZEN_RS_BINDING,RS_NOT_VERIFIED_CURRENT_FROZEN_1425,SECTOR_RS_NOT_VERIFIED,LEAVE_ONE_OUT_PRIMARY_UNIVERSE_COHORT_MEDIAN_v0.20_NOT_CURRENT_RESULT
WSSEC:WS:XTAI:7769,WS:XTAI:7769,BASE_1633,TW_TW50,PRIMARY_UNIVERSE_INDEX_AVAILABLE_NO_FROZEN_RS_BINDING,RS_NOT_VERIFIED_CURRENT_FROZEN_1425,SECTOR_RS_NOT_VERIFIED,LEAVE_ONE_OUT_PRIMARY_UNIVERSE_COHORT_MEDIAN_v0.20_NOT_CURRENT_RESULT
WSSEC:WS:XTKS:1605,WS:XTKS:1605,BASE_1633,JP_N225,PRIMARY_UNIVERSE_INDEX_AVAILABLE_NO_FROZEN_RS_BINDING,RS_NOT_VERIFIED_CURRENT_FROZEN_1425,SECTOR_RS_NOT_VERIFIED,LEAVE_ONE_OUT_PRIMARY_UNIVERSE_COHORT_MEDIAN_v0.20_NOT_CURRENT_RESULT
WSSEC:WS:XTKS:1801,WS:XTKS:1801,BASE_1633,JP_N225,PRIMARY_UNIVERSE_INDEX_AVAILABLE_NO_FROZEN_RS_BINDING,RS_NOT_VERIFIED_CURRENT_FROZEN_1425,SECTOR_RS_NOT_VERIFIED,LEAVE_ONE_OUT_PRIMARY_UNIVERSE_COHORT_MEDIAN_v0.20_NOT_CURRENT_RESULT
WSSEC:WS:XTKS:1802,WS:XTKS:1802,BASE_1633,JP_N225,PRIMARY_UNIVERSE_INDEX_AVAILABLE_NO_FROZEN_RS_BINDING,RS_NOT_VERIFIED_CURRENT_FROZEN_1425,SECTOR_RS_NOT_VERIFIED,LEAVE_ONE_OUT_PRIMARY_UNIVERSE_COHORT_MEDIAN_v0.20_NOT_CURRENT_RESULT
WSSEC:WS:XTKS:1803,WS:XTKS:1803,BASE_1633,JP_N225,PRIMARY_UNIVERSE_INDEX_AVAILABLE_NO_FROZEN_RS_BINDING,RS_NOT_VERIFIED_CURRENT_FROZEN_1425,SECTOR_RS_NOT_VERIFIED,LEAVE_ONE_OUT_PRIMARY_UNIVERSE_COHORT_MEDIAN_v0.20_NOT_CURRENT_RESULT
WSSEC:WS:XTKS:1812,WS:XTKS:1812,BASE_1633,JP_N225,PRIMARY_UNIVERSE_INDEX_AVAILABLE_NO_FROZEN_RS_BINDING,RS_NOT_VERIFIED_CURRENT_FROZEN_1425,SECTOR_RS_NOT_VERIFIED,LEAVE_ONE_OUT_PRIMARY_UNIVERSE_COHORT_MEDIAN_v0.20_NOT_CURRENT_RESULT
WSSEC:WS:XTKS:1925,WS:XTKS:1925,BASE_1633,JP_N225,PRIMARY_UNIVERSE_INDEX_AVAILABLE_NO_FROZEN_RS_BINDING,RS_NOT_VERIFIED_CURRENT_FROZEN_1425,SECTOR_RS_NOT_VERIFIED,LEAVE_ONE_OUT_PRIMARY_UNIVERSE_COHORT_MEDIAN_v0.20_NOT_CURRENT_RESULT
WSSEC:WS:XTKS:1928,WS:XTKS:1928,BASE_1633,JP_N225,PRIMARY_UNIVERSE_INDEX_AVAILABLE_NO_FROZEN_RS_BINDING,RS_NOT_VERIFIED_CURRENT_FROZEN_1425,SECTOR_RS_NOT_VERIFIED,LEAVE_ONE_OUT_PRIMARY_UNIVERSE_COHORT_MEDIAN_v0.20_NOT_CURRENT_RESULT
WSSEC:WS:XTKS:1963,WS:XTKS:1963,BASE_1633,JP_N225,PRIMARY_UNIVERSE_INDEX_AVAILABLE_NO_FROZEN_RS_BINDING,RS_NOT_VERIFIED_CURRENT_FROZEN_1425,SECTOR_RS_NOT_VERIFIED,LEAVE_ONE_OUT_PRIMARY_UNIVERSE_COHORT_MEDIAN_v0.20_NOT_CURRENT_RESULT
WSSEC:WS:XTKS:2269,WS:XTKS:2269,BASE_1633,JP_N225,PRIMARY_UNIVERSE_INDEX_AVAILABLE_NO_FROZEN_RS_BINDING,RS_NOT_VERIFIED_CURRENT_FROZEN_1425,SECTOR_RS_NOT_VERIFIED,LEAVE_ONE_OUT_PRIMARY_UNIVERSE_COHORT_MEDIAN_v0.20_NOT_CURRENT_RESULT
WSSEC:WS:XTKS:2282,WS:XTKS:2282,BASE_1633,JP_N225,PRIMARY_UNIVERSE_INDEX_AVAILABLE_NO_FROZEN_RS_BINDING,RS_NOT_VERIFIED_CURRENT_FROZEN_1425,SECTOR_RS_NOT_VERIFIED,LEAVE_ONE_OUT_PRIMARY_UNIVERSE_COHORT_MEDIAN_v0.20_NOT_CURRENT_RESULT
WSSEC:WS:XTKS:2413,WS:XTKS:2413,BASE_1633,JP_N225,PRIMARY_UNIVERSE_INDEX_AVAILABLE_NO_FROZEN_RS_BINDING,RS_NOT_VERIFIED_CURRENT_FROZEN_1425,SECTOR_RS_NOT_VERIFIED,LEAVE_ONE_OUT_PRIMARY_UNIVERSE_COHORT_MEDIAN_v0.20_NOT_CURRENT_RESULT
WSSEC:WS:XTKS:2502,WS:XTKS:2502,BASE_1633,JP_N225,PRIMARY_UNIVERSE_INDEX_AVAILABLE_NO_FROZEN_RS_BINDING,RS_NOT_VERIFIED_CURRENT_FROZEN_1425,SECTOR_RS_NOT_VERIFIED,LEAVE_ONE_OUT_PRIMARY_UNIVERSE_COHORT_MEDIAN_v0.20_NOT_CURRENT_RESULT
WSSEC:WS:XTKS:2503,WS:XTKS:2503,BASE_1633,JP_N225,PRIMARY_UNIVERSE_INDEX_AVAILABLE_NO_FROZEN_RS_BINDING,RS_NOT_VERIFIED_CURRENT_FROZEN_1425,SECTOR_RS_NOT_VERIFIED,LEAVE_ONE_OUT_PRIMARY_UNIVERSE_COHORT_MEDIAN_v0.20_NOT_CURRENT_RESULT
WSSEC:WS:XTKS:2768,WS:XTKS:2768,BASE_1633,JP_N225,PRIMARY_UNIVERSE_INDEX_AVAILABLE_NO_FROZEN_RS_BINDING,RS_NOT_VERIFIED_CURRENT_FROZEN_1425,SECTOR_RS_NOT_VERIFIED,LEAVE_ONE_OUT_PRIMARY_UNIVERSE_COHORT_MEDIAN_v0.20_NOT_CURRENT_RESULT
WSSEC:WS:XTKS:2801,WS:XTKS:2801,BASE_1633,JP_N225,PRIMARY_UNIVERSE_INDEX_AVAILABLE_NO_FROZEN_RS_BINDING,RS_NOT_VERIFIED_CURRENT_FROZEN_1425,SECTOR_RS_NOT_VERIFIED,LEAVE_ONE_OUT_PRIMARY_UNIVERSE_COHORT_MEDIAN_v0.20_NOT_CURRENT_RESULT
WSSEC:WS:XTKS:2802,WS:XTKS:2802,BASE_1633,JP_N225,PRIMARY_UNIVERSE_INDEX_AVAILABLE_NO_FROZEN_RS_BINDING,RS_NOT_VERIFIED_CURRENT_FROZEN_1425,SECTOR_RS_NOT_VERIFIED,LEAVE_ONE_OUT_PRIMARY_UNIVERSE_COHORT_MEDIAN_v0.20_NOT_CURRENT_RESULT
WSSEC:WS:XTKS:285A,WS:XTKS:285A,BASE_1633,JP_N225,PRIMARY_UNIVERSE_INDEX_AVAILABLE_NO_FROZEN_RS_BINDING,RS_NOT_VERIFIED_CURRENT_FROZEN_1425,SECTOR_RS_NOT_VERIFIED,LEAVE_ONE_OUT_PRIMARY_UNIVERSE_COHORT_MEDIAN_v0.20_NOT_CURRENT_RESULT
WSSEC:WS:XTKS:2914,WS:XTKS:2914,BASE_1633,JP_N225,PRIMARY_UNIVERSE_INDEX_AVAILABLE_NO_FROZEN_RS_BINDING,RS_NOT_VERIFIED_CURRENT_FROZEN_1425,SECTOR_RS_NOT_VERIFIED,LEAVE_ONE_OUT_PRIMARY_UNIVERSE_COHORT_MEDIAN_v0.20_NOT_CURRENT_RESULT
WSSEC:WS:XTKS:3086,WS:XTKS:3086,BASE_1633,JP_N225,PRIMARY_UNIVERSE_INDEX_AVAILABLE_NO_FROZEN_RS_BINDING,RS_NOT_VERIFIED_CURRENT_FROZEN_1425,SECTOR_RS_NOT_VERIFIED,LEAVE_ONE_OUT_PRIMARY_UNIVERSE_COHORT_MEDIAN_v0.20_NOT_CURRENT_RESULT
WSSEC:WS:XTKS:3099,WS:XTKS:3099,BASE_1633,JP_N225,PRIMARY_UNIVERSE_INDEX_AVAILABLE_NO_FROZEN_RS_BINDING,RS_NOT_VERIFIED_CURRENT_FROZEN_1425,SECTOR_RS_NOT_VERIFIED,LEAVE_ONE_OUT_PRIMARY_UNIVERSE_COHORT_MEDIAN_v0.20_NOT_CURRENT_RESULT
WSSEC:WS:XTKS:3289,WS:XTKS:3289,BASE_1633,JP_N225,PRIMARY_UNIVERSE_INDEX_AVAILABLE_NO_FROZEN_RS_BINDING,RS_NOT_VERIFIED_CURRENT_FROZEN_1425,SECTOR_RS_NOT_VERIFIED,LEAVE_ONE_OUT_PRIMARY_UNIVERSE_COHORT_MEDIAN_v0.20_NOT_CURRENT_RESULT
WSSEC:WS:XTKS:3382,WS:XTKS:3382,BASE_1633,JP_N225,PRIMARY_UNIVERSE_INDEX_AVAILABLE_NO_FROZEN_RS_BINDING,RS_NOT_VERIFIED_CURRENT_FROZEN_1425,SECTOR_RS_NOT_VERIFIED,LEAVE_ONE_OUT_PRIMARY_UNIVERSE_COHORT_MEDIAN_v0.20_NOT_CURRENT_RESULT
WSSEC:WS:XTKS:3402,WS:XTKS:3402,BASE_1633,JP_N225,PRIMARY_UNIVERSE_INDEX_AVAILABLE_NO_FROZEN_RS_BINDING,RS_NOT_VERIFIED_CURRENT_FROZEN_1425,SECTOR_RS_NOT_VERIFIED,LEAVE_ONE_OUT_PRIMARY_UNIVERSE_COHORT_MEDIAN_v0.20_NOT_CURRENT_RESULT
WSSEC:WS:XTKS:3405,WS:XTKS:3405,BASE_1633,JP_N225,PRIMARY_UNIVERSE_INDEX_AVAILABLE_NO_FROZEN_RS_BINDING,RS_NOT_VERIFIED_CURRENT_FROZEN_1425,SECTOR_RS_NOT_VERIFIED,LEAVE_ONE_OUT_PRIMARY_UNIVERSE_COHORT_MEDIAN_v0.20_NOT_CURRENT_RESULT
WSSEC:WS:XTKS:3407,WS:XTKS:3407,BASE_1633,JP_N225,PRIMARY_UNIVERSE_INDEX_AVAILABLE_NO_FROZEN_RS_BINDING,RS_NOT_VERIFIED_CURRENT_FROZEN_1425,SECTOR_RS_NOT_VERIFIED,LEAVE_ONE_OUT_PRIMARY_UNIVERSE_COHORT_MEDIAN_v0.20_NOT_CURRENT_RESULT
WSSEC:WS:XTKS:3436,WS:XTKS:3436,BASE_1633,JP_N225,PRIMARY_UNIVERSE_INDEX_AVAILABLE_NO_FROZEN_RS_BINDING,RS_NOT_VERIFIED_CURRENT_FROZEN_1425,SECTOR_RS_NOT_VERIFIED,LEAVE_ONE_OUT_PRIMARY_UNIVERSE_COHORT_MEDIAN_v0.20_NOT_CURRENT_RESULT
WSSEC:WS:XTKS:3659,WS:XTKS:3659,BASE_1633,JP_N225,PRIMARY_UNIVERSE_INDEX_AVAILABLE_NO_FROZEN_RS_BINDING,RS_NOT_VERIFIED_CURRENT_FROZEN_1425,SECTOR_RS_NOT_VERIFIED,LEAVE_ONE_OUT_PRIMARY_UNIVERSE_COHORT_MEDIAN_v0.20_NOT_CURRENT_RESULT
WSSEC:WS:XTKS:3697,WS:XTKS:3697,BASE_1633,JP_N225,PRIMARY_UNIVERSE_INDEX_AVAILABLE_NO_FROZEN_RS_BINDING,RS_NOT_VERIFIED_CURRENT_FROZEN_1425,SECTOR_RS_NOT_VERIFIED,LEAVE_ONE_OUT_PRIMARY_UNIVERSE_COHORT_MEDIAN_v0.20_NOT_CURRENT_RESULT
WSSEC:WS:XTKS:4004,WS:XTKS:4004,BASE_1633,JP_N225,PRIMARY_UNIVERSE_INDEX_AVAILABLE_NO_FROZEN_RS_BINDING,RS_NOT_VERIFIED_CURRENT_FROZEN_1425,SECTOR_RS_NOT_VERIFIED,LEAVE_ONE_OUT_PRIMARY_UNIVERSE_COHORT_MEDIAN_v0.20_NOT_CURRENT_RESULT
WSSEC:WS:XTKS:4005,WS:XTKS:4005,BASE_1633,JP_N225,PRIMARY_UNIVERSE_INDEX_AVAILABLE_NO_FROZEN_RS_BINDING,RS_NOT_VERIFIED_CURRENT_FROZEN_1425,SECTOR_RS_NOT_VERIFIED,LEAVE_ONE_OUT_PRIMARY_UNIVERSE_COHORT_MEDIAN_v0.20_NOT_CURRENT_RESULT
WSSEC:WS:XTKS:4021,WS:XTKS:4021,BASE_1633,JP_N225,PRIMARY_UNIVERSE_INDEX_AVAILABLE_NO_FROZEN_RS_BINDING,RS_NOT_VERIFIED_CURRENT_FROZEN_1425,SECTOR_RS_NOT_VERIFIED,LEAVE_ONE_OUT_PRIMARY_UNIVERSE_COHORT_MEDIAN_v0.20_NOT_CURRENT_RESULT
WSSEC:WS:XTKS:4042,WS:XTKS:4042,BASE_1633,JP_N225,PRIMARY_UNIVERSE_INDEX_AVAILABLE_NO_FROZEN_RS_BINDING,RS_NOT_VERIFIED_CURRENT_FROZEN_1425,SECTOR_RS_NOT_VERIFIED,LEAVE_ONE_OUT_PRIMARY_UNIVERSE_COHORT_MEDIAN_v0.20_NOT_CURRENT_RESULT
WSSEC:WS:XTKS:4043,WS:XTKS:4043,BASE_1633,JP_N225,PRIMARY_UNIVERSE_INDEX_AVAILABLE_NO_FROZEN_RS_BINDING,RS_NOT_VERIFIED_CURRENT_FROZEN_1425,SECTOR_RS_NOT_VERIFIED,LEAVE_ONE_OUT_PRIMARY_UNIVERSE_COHORT_MEDIAN_v0.20_NOT_CURRENT_RESULT
WSSEC:WS:XTKS:4062,WS:XTKS:4062,BASE_1633,JP_N225,PRIMARY_UNIVERSE_INDEX_AVAILABLE_NO_FROZEN_RS_BINDING,RS_NOT_VERIFIED_CURRENT_FROZEN_1425,SECTOR_RS_NOT_VERIFIED,LEAVE_ONE_OUT_PRIMARY_UNIVERSE_COHORT_MEDIAN_v0.20_NOT_CURRENT_RESULT
WSSEC:WS:XTKS:4063,WS:XTKS:4063,BASE_1633,JP_N225,PRIMARY_UNIVERSE_INDEX_AVAILABLE_NO_FROZEN_RS_BINDING,RS_NOT_VERIFIED_CURRENT_FROZEN_1425,SECTOR_RS_NOT_VERIFIED,LEAVE_ONE_OUT_PRIMARY_UNIVERSE_COHORT_MEDIAN_v0.20_NOT_CURRENT_RESULT
WSSEC:WS:XTKS:4151,WS:XTKS:4151,BASE_1633,JP_N225,PRIMARY_UNIVERSE_INDEX_AVAILABLE_NO_FROZEN_RS_BINDING,RS_NOT_VERIFIED_CURRENT_FROZEN_1425,SECTOR_RS_NOT_VERIFIED,LEAVE_ONE_OUT_PRIMARY_UNIVERSE_COHORT_MEDIAN_v0.20_NOT_CURRENT_RESULT
WSSEC:WS:XTKS:4183,WS:XTKS:4183,BASE_1633,JP_N225,PRIMARY_UNIVERSE_INDEX_AVAILABLE_NO_FROZEN_RS_BINDING,RS_NOT_VERIFIED_CURRENT_FROZEN_1425,SECTOR_RS_NOT_VERIFIED,LEAVE_ONE_OUT_PRIMARY_UNIVERSE_COHORT_MEDIAN_v0.20_NOT_CURRENT_RESULT
WSSEC:WS:XTKS:4188,WS:XTKS:4188,BASE_1633,JP_N225,PRIMARY_UNIVERSE_INDEX_AVAILABLE_NO_FROZEN_RS_BINDING,RS_NOT_VERIFIED_CURRENT_FROZEN_1425,SECTOR_RS_NOT_VERIFIED,LEAVE_ONE_OUT_PRIMARY_UNIVERSE_COHORT_MEDIAN_v0.20_NOT_CURRENT_RESULT
WSSEC:WS:XTKS:4208,WS:XTKS:4208,BASE_1633,JP_N225,PRIMARY_UNIVERSE_INDEX_AVAILABLE_NO_FROZEN_RS_BINDING,RS_NOT_VERIFIED_CURRENT_FROZEN_1425,SECTOR_RS_NOT_VERIFIED,LEAVE_ONE_OUT_PRIMARY_UNIVERSE_COHORT_MEDIAN_v0.20_NOT_CURRENT_RESULT
WSSEC:WS:XTKS:4307,WS:XTKS:4307,BASE_1633,JP_N225,PRIMARY_UNIVERSE_INDEX_AVAILABLE_NO_FROZEN_RS_BINDING,RS_NOT_VERIFIED_CURRENT_FROZEN_1425,SECTOR_RS_NOT_VERIFIED,LEAVE_ONE_OUT_PRIMARY_UNIVERSE_COHORT_MEDIAN_v0.20_NOT_CURRENT_RESULT
WSSEC:WS:XTKS:4324,WS:XTKS:4324,BASE_1633,JP_N225,PRIMARY_UNIVERSE_INDEX_AVAILABLE_NO_FROZEN_RS_BINDING,RS_NOT_VERIFIED_CURRENT_FROZEN_1425,SECTOR_RS_NOT_VERIFIED,LEAVE_ONE_OUT_PRIMARY_UNIVERSE_COHORT_MEDIAN_v0.20_NOT_CURRENT_RESULT
WSSEC:WS:XTKS:4385,WS:XTKS:4385,BASE_1633,JP_N225,PRIMARY_UNIVERSE_INDEX_AVAILABLE_NO_FROZEN_RS_BINDING,RS_NOT_VERIFIED_CURRENT_FROZEN_1425,SECTOR_RS_NOT_VERIFIED,LEAVE_ONE_OUT_PRIMARY_UNIVERSE_COHORT_MEDIAN_v0.20_NOT_CURRENT_RESULT
WSSEC:WS:XTKS:4452,WS:XTKS:4452,BASE_1633,JP_N225,PRIMARY_UNIVERSE_INDEX_AVAILABLE_NO_FROZEN_RS_BINDING,RS_NOT_VERIFIED_CURRENT_FROZEN_1425,SECTOR_RS_NOT_VERIFIED,LEAVE_ONE_OUT_PRIMARY_UNIVERSE_COHORT_MEDIAN_v0.20_NOT_CURRENT_RESULT
WSSEC:WS:XTKS:4502,WS:XTKS:4502,BASE_1633,JP_N225,PRIMARY_UNIVERSE_INDEX_AVAILABLE_NO_FROZEN_RS_BINDING,RS_NOT_VERIFIED_CURRENT_FROZEN_1425,SECTOR_RS_NOT_VERIFIED,LEAVE_ONE_OUT_PRIMARY_UNIVERSE_COHORT_MEDIAN_v0.20_NOT_CURRENT_RESULT
WSSEC:WS:XTKS:4503,WS:XTKS:4503,BASE_1633,JP_N225,PRIMARY_UNIVERSE_INDEX_AVAILABLE_NO_FROZEN_RS_BINDING,RS_NOT_VERIFIED_CURRENT_FROZEN_1425,SECTOR_RS_NOT_VERIFIED,LEAVE_ONE_OUT_PRIMARY_UNIVERSE_COHORT_MEDIAN_v0.20_NOT_CURRENT_RESULT
WSSEC:WS:XTKS:4506,WS:XTKS:4506,BASE_1633,JP_N225,PRIMARY_UNIVERSE_INDEX_AVAILABLE_NO_FROZEN_RS_BINDING,RS_NOT_VERIFIED_CURRENT_FROZEN_1425,SECTOR_RS_NOT_VERIFIED,LEAVE_ONE_OUT_PRIMARY_UNIVERSE_COHORT_MEDIAN_v0.20_NOT_CURRENT_RESULT
WSSEC:WS:XTKS:4507,WS:XTKS:4507,BASE_1633,JP_N225,PRIMARY_UNIVERSE_INDEX_AVAILABLE_NO_FROZEN_RS_BINDING,RS_NOT_VERIFIED_CURRENT_FROZEN_1425,SECTOR_RS_NOT_VERIFIED,LEAVE_ONE_OUT_PRIMARY_UNIVERSE_COHORT_MEDIAN_v0.20_NOT_CURRENT_RESULT
WSSEC:WS:XTKS:4519,WS:XTKS:4519,BASE_1633,JP_N225,PRIMARY_UNIVERSE_INDEX_AVAILABLE_NO_FROZEN_RS_BINDING,RS_NOT_VERIFIED_CURRENT_FROZEN_1425,SECTOR_RS_NOT_VERIFIED,LEAVE_ONE_OUT_PRIMARY_UNIVERSE_COHORT_MEDIAN_v0.20_NOT_CURRENT_RESULT
WSSEC:WS:XTKS:4523,WS:XTKS:4523,BASE_1633,JP_N225,PRIMARY_UNIVERSE_INDEX_AVAILABLE_NO_FROZEN_RS_BINDING,RS_NOT_VERIFIED_CURRENT_FROZEN_1425,SECTOR_RS_NOT_VERIFIED,LEAVE_ONE_OUT_PRIMARY_UNIVERSE_COHORT_MEDIAN_v0.20_NOT_CURRENT_RESULT
WSSEC:WS:XTKS:4543,WS:XTKS:4543,BASE_1633,JP_N225,PRIMARY_UNIVERSE_INDEX_AVAILABLE_NO_FROZEN_RS_BINDING,RS_NOT_VERIFIED_CURRENT_FROZEN_1425,SECTOR_RS_NOT_VERIFIED,LEAVE_ONE_OUT_PRIMARY_UNIVERSE_COHORT_MEDIAN_v0.20_NOT_CURRENT_RESULT
WSSEC:WS:XTKS:4568,WS:XTKS:4568,BASE_1633,JP_N225,PRIMARY_UNIVERSE_INDEX_AVAILABLE_NO_FROZEN_RS_BINDING,RS_NOT_VERIFIED_CURRENT_FROZEN_1425,SECTOR_RS_NOT_VERIFIED,LEAVE_ONE_OUT_PRIMARY_UNIVERSE_COHORT_MEDIAN_v0.20_NOT_CURRENT_RESULT
WSSEC:WS:XTKS:4578,WS:XTKS:4578,BASE_1633,JP_N225,PRIMARY_UNIVERSE_INDEX_AVAILABLE_NO_FROZEN_RS_BINDING,RS_NOT_VERIFIED_CURRENT_FROZEN_1425,SECTOR_RS_NOT_VERIFIED,LEAVE_ONE_OUT_PRIMARY_UNIVERSE_COHORT_MEDIAN_v0.20_NOT_CURRENT_RESULT
WSSEC:WS:XTKS:4661,WS:XTKS:4661,BASE_1633,JP_N225,PRIMARY_UNIVERSE_INDEX_AVAILABLE_NO_FROZEN_RS_BINDING,RS_NOT_VERIFIED_CURRENT_FROZEN_1425,SECTOR_RS_NOT_VERIFIED,LEAVE_ONE_OUT_PRIMARY_UNIVERSE_COHORT_MEDIAN_v0.20_NOT_CURRENT_RESULT
WSSEC:WS:XTKS:4689,WS:XTKS:4689,BASE_1633,JP_N225,PRIMARY_UNIVERSE_INDEX_AVAILABLE_NO_FROZEN_RS_BINDING,RS_NOT_VERIFIED_CURRENT_FROZEN_1425,SECTOR_RS_NOT_VERIFIED,LEAVE_ONE_OUT_PRIMARY_UNIVERSE_COHORT_MEDIAN_v0.20_NOT_CURRENT_RESULT
WSSEC:WS:XTKS:4704,WS:XTKS:4704,BASE_1633,JP_N225,PRIMARY_UNIVERSE_INDEX_AVAILABLE_NO_FROZEN_RS_BINDING,RS_NOT_VERIFIED_CURRENT_FROZEN_1425,SECTOR_RS_NOT_VERIFIED,LEAVE_ONE_OUT_PRIMARY_UNIVERSE_COHORT_MEDIAN_v0.20_NOT_CURRENT_RESULT
WSSEC:WS:XTKS:4751,WS:XTKS:4751,BASE_1633,JP_N225,PRIMARY_UNIVERSE_INDEX_AVAILABLE_NO_FROZEN_RS_BINDING,RS_NOT_VERIFIED_CURRENT_FROZEN_1425,SECTOR_RS_NOT_VERIFIED,LEAVE_ONE_OUT_PRIMARY_UNIVERSE_COHORT_MEDIAN_v0.20_NOT_CURRENT_RESULT
WSSEC:WS:XTKS:4755,WS:XTKS:4755,BASE_1633,JP_N225,PRIMARY_UNIVERSE_INDEX_AVAILABLE_NO_FROZEN_RS_BINDING,RS_NOT_VERIFIED_CURRENT_FROZEN_1425,SECTOR_RS_NOT_VERIFIED,LEAVE_ONE_OUT_PRIMARY_UNIVERSE_COHORT_MEDIAN_v0.20_NOT_CURRENT_RESULT
WSSEC:WS:XTKS:4901,WS:XTKS:4901,BASE_1633,JP_N225,PRIMARY_UNIVERSE_INDEX_AVAILABLE_NO_FROZEN_RS_BINDING,RS_NOT_VERIFIED_CURRENT_FROZEN_1425,SECTOR_RS_NOT_VERIFIED,LEAVE_ONE_OUT_PRIMARY_UNIVERSE_COHORT_MEDIAN_v0.20_NOT_CURRENT_RESULT
WSSEC:WS:XTKS:4911,WS:XTKS:4911,BASE_1633,JP_N225,PRIMARY_UNIVERSE_INDEX_AVAILABLE_NO_FROZEN_RS_BINDING,RS_NOT_VERIFIED_CURRENT_FROZEN_1425,SECTOR_RS_NOT_VERIFIED,LEAVE_ONE_OUT_PRIMARY_UNIVERSE_COHORT_MEDIAN_v0.20_NOT_CURRENT_RESULT
WSSEC:WS:XTKS:5019,WS:XTKS:5019,BASE_1633,JP_N225,PRIMARY_UNIVERSE_INDEX_AVAILABLE_NO_FROZEN_RS_BINDING,RS_NOT_VERIFIED_CURRENT_FROZEN_1425,SECTOR_RS_NOT_VERIFIED,LEAVE_ONE_OUT_PRIMARY_UNIVERSE_COHORT_MEDIAN_v0.20_NOT_CURRENT_RESULT
WSSEC:WS:XTKS:5020,WS:XTKS:5020,BASE_1633,JP_N225,PRIMARY_UNIVERSE_INDEX_AVAILABLE_NO_FROZEN_RS_BINDING,RS_NOT_VERIFIED_CURRENT_FROZEN_1425,SECTOR_RS_NOT_VERIFIED,LEAVE_ONE_OUT_PRIMARY_UNIVERSE_COHORT_MEDIAN_v0.20_NOT_CURRENT_RESULT
WSSEC:WS:XTKS:5101,WS:XTKS:5101,BASE_1633,JP_N225,PRIMARY_UNIVERSE_INDEX_AVAILABLE_NO_FROZEN_RS_BINDING,RS_NOT_VERIFIED_CURRENT_FROZEN_1425,SECTOR_RS_NOT_VERIFIED,LEAVE_ONE_OUT_PRIMARY_UNIVERSE_COHORT_MEDIAN_v0.20_NOT_CURRENT_RESULT
WSSEC:WS:XTKS:5108,WS:XTKS:5108,BASE_1633,JP_N225,PRIMARY_UNIVERSE_INDEX_AVAILABLE_NO_FROZEN_RS_BINDING,RS_NOT_VERIFIED_CURRENT_FROZEN_1425,SECTOR_RS_NOT_VERIFIED,LEAVE_ONE_OUT_PRIMARY_UNIVERSE_COHORT_MEDIAN_v0.20_NOT_CURRENT_RESULT
WSSEC:WS:XTKS:5201,WS:XTKS:5201,BASE_1633,JP_N225,PRIMARY_UNIVERSE_INDEX_AVAILABLE_NO_FROZEN_RS_BINDING,RS_NOT_VERIFIED_CURRENT_FROZEN_1425,SECTOR_RS_NOT_VERIFIED,LEAVE_ONE_OUT_PRIMARY_UNIVERSE_COHORT_MEDIAN_v0.20_NOT_CURRENT_RESULT
WSSEC:WS:XTKS:5214,WS:XTKS:5214,BASE_1633,JP_N225,PRIMARY_UNIVERSE_INDEX_AVAILABLE_NO_FROZEN_RS_BINDING,RS_NOT_VERIFIED_CURRENT_FROZEN_1425,SECTOR_RS_NOT_VERIFIED,LEAVE_ONE_OUT_PRIMARY_UNIVERSE_COHORT_MEDIAN_v0.20_NOT_CURRENT_RESULT
WSSEC:WS:XTKS:5332,WS:XTKS:5332,BASE_1633,JP_N225,PRIMARY_UNIVERSE_INDEX_AVAILABLE_NO_FROZEN_RS_BINDING,RS_NOT_VERIFIED_CURRENT_FROZEN_1425,SECTOR_RS_NOT_VERIFIED,LEAVE_ONE_OUT_PRIMARY_UNIVERSE_COHORT_MEDIAN_v0.20_NOT_CURRENT_RESULT
WSSEC:WS:XTKS:5333,WS:XTKS:5333,BASE_1633,JP_N225,PRIMARY_UNIVERSE_INDEX_AVAILABLE_NO_FROZEN_RS_BINDING,RS_NOT_VERIFIED_CURRENT_FROZEN_1425,SECTOR_RS_NOT_VERIFIED,LEAVE_ONE_OUT_PRIMARY_UNIVERSE_COHORT_MEDIAN_v0.20_NOT_CURRENT_RESULT
WSSEC:WS:XTKS:5401,WS:XTKS:5401,BASE_1633,JP_N225,PRIMARY_UNIVERSE_INDEX_AVAILABLE_NO_FROZEN_RS_BINDING,RS_NOT_VERIFIED_CURRENT_FROZEN_1425,SECTOR_RS_NOT_VERIFIED,LEAVE_ONE_OUT_PRIMARY_UNIVERSE_COHORT_MEDIAN_v0.20_NOT_CURRENT_RESULT
WSSEC:WS:XTKS:5406,WS:XTKS:5406,BASE_1633,JP_N225,PRIMARY_UNIVERSE_INDEX_AVAILABLE_NO_FROZEN_RS_BINDING,RS_NOT_VERIFIED_CURRENT_FROZEN_1425,SECTOR_RS_NOT_VERIFIED,LEAVE_ONE_OUT_PRIMARY_UNIVERSE_COHORT_MEDIAN_v0.20_NOT_CURRENT_RESULT
WSSEC:WS:XTKS:5411,WS:XTKS:5411,BASE_1633,JP_N225,PRIMARY_UNIVERSE_INDEX_AVAILABLE_NO_FROZEN_RS_BINDING,RS_NOT_VERIFIED_CURRENT_FROZEN_1425,SECTOR_RS_NOT_VERIFIED,LEAVE_ONE_OUT_PRIMARY_UNIVERSE_COHORT_MEDIAN_v0.20_NOT_CURRENT_RESULT
WSSEC:WS:XTKS:543A,WS:XTKS:543A,BASE_1633,JP_N225,PRIMARY_UNIVERSE_INDEX_AVAILABLE_NO_FROZEN_RS_BINDING,RS_NOT_VERIFIED_CURRENT_FROZEN_1425,SECTOR_RS_NOT_VERIFIED,LEAVE_ONE_OUT_PRIMARY_UNIVERSE_COHORT_MEDIAN_v0.20_NOT_CURRENT_RESULT
WSSEC:WS:XTKS:5631,WS:XTKS:5631,BASE_1633,JP_N225,PRIMARY_UNIVERSE_INDEX_AVAILABLE_NO_FROZEN_RS_BINDING,RS_NOT_VERIFIED_CURRENT_FROZEN_1425,SECTOR_RS_NOT_VERIFIED,LEAVE_ONE_OUT_PRIMARY_UNIVERSE_COHORT_MEDIAN_v0.20_NOT_CURRENT_RESULT
WSSEC:WS:XTKS:5706,WS:XTKS:5706,BASE_1633,JP_N225,PRIMARY_UNIVERSE_INDEX_AVAILABLE_NO_FROZEN_RS_BINDING,RS_NOT_VERIFIED_CURRENT_FROZEN_1425,SECTOR_RS_NOT_VERIFIED,LEAVE_ONE_OUT_PRIMARY_UNIVERSE_COHORT_MEDIAN_v0.20_NOT_CURRENT_RESULT
WSSEC:WS:XTKS:5711,WS:XTKS:5711,BASE_1633,JP_N225,PRIMARY_UNIVERSE_INDEX_AVAILABLE_NO_FROZEN_RS_BINDING,RS_NOT_VERIFIED_CURRENT_FROZEN_1425,SECTOR_RS_NOT_VERIFIED,LEAVE_ONE_OUT_PRIMARY_UNIVERSE_COHORT_MEDIAN_v0.20_NOT_CURRENT_RESULT
WSSEC:WS:XTKS:5713,WS:XTKS:5713,BASE_1633,JP_N225,PRIMARY_UNIVERSE_INDEX_AVAILABLE_NO_FROZEN_RS_BINDING,RS_NOT_VERIFIED_CURRENT_FROZEN_1425,SECTOR_RS_NOT_VERIFIED,LEAVE_ONE_OUT_PRIMARY_UNIVERSE_COHORT_MEDIAN_v0.20_NOT_CURRENT_RESULT
WSSEC:WS:XTKS:5714,WS:XTKS:5714,BASE_1633,JP_N225,PRIMARY_UNIVERSE_INDEX_AVAILABLE_NO_FROZEN_RS_BINDING,RS_NOT_VERIFIED_CURRENT_FROZEN_1425,SECTOR_RS_NOT_VERIFIED,LEAVE_ONE_OUT_PRIMARY_UNIVERSE_COHORT_MEDIAN_v0.20_NOT_CURRENT_RESULT
WSSEC:WS:XTKS:5801,WS:XTKS:5801,BASE_1633,JP_N225,PRIMARY_UNIVERSE_INDEX_AVAILABLE_NO_FROZEN_RS_BINDING,RS_NOT_VERIFIED_CURRENT_FROZEN_1425,SECTOR_RS_NOT_VERIFIED,LEAVE_ONE_OUT_PRIMARY_UNIVERSE_COHORT_MEDIAN_v0.20_NOT_CURRENT_RESULT
WSSEC:WS:XTKS:5802,WS:XTKS:5802,BASE_1633,JP_N225,PRIMARY_UNIVERSE_INDEX_AVAILABLE_NO_FROZEN_RS_BINDING,RS_NOT_VERIFIED_CURRENT_FROZEN_1425,SECTOR_RS_NOT_VERIFIED,LEAVE_ONE_OUT_PRIMARY_UNIVERSE_COHORT_MEDIAN_v0.20_NOT_CURRENT_RESULT
WSSEC:WS:XTKS:5803,WS:XTKS:5803,BASE_1633,JP_N225,PRIMARY_UNIVERSE_INDEX_AVAILABLE_NO_FROZEN_RS_BINDING,RS_NOT_VERIFIED_CURRENT_FROZEN_1425,SECTOR_RS_NOT_VERIFIED,LEAVE_ONE_OUT_PRIMARY_UNIVERSE_COHORT_MEDIAN_v0.20_NOT_CURRENT_RESULT
WSSEC:WS:XTKS:5831,WS:XTKS:5831,BASE_1633,JP_N225,PRIMARY_UNIVERSE_INDEX_AVAILABLE_NO_FROZEN_RS_BINDING,RS_NOT_VERIFIED_CURRENT_FROZEN_1425,SECTOR_RS_NOT_VERIFIED,LEAVE_ONE_OUT_PRIMARY_UNIVERSE_COHORT_MEDIAN_v0.20_NOT_CURRENT_RESULT
WSSEC:WS:XTKS:6098,WS:XTKS:6098,BASE_1633,JP_N225,PRIMARY_UNIVERSE_INDEX_AVAILABLE_NO_FROZEN_RS_BINDING,RS_NOT_VERIFIED_CURRENT_FROZEN_1425,SECTOR_RS_NOT_VERIFIED,LEAVE_ONE_OUT_PRIMARY_UNIVERSE_COHORT_MEDIAN_v0.20_NOT_CURRENT_RESULT
WSSEC:WS:XTKS:6113,WS:XTKS:6113,BASE_1633,JP_N225,PRIMARY_UNIVERSE_INDEX_AVAILABLE_NO_FROZEN_RS_BINDING,RS_NOT_VERIFIED_CURRENT_FROZEN_1425,SECTOR_RS_NOT_VERIFIED,LEAVE_ONE_OUT_PRIMARY_UNIVERSE_COHORT_MEDIAN_v0.20_NOT_CURRENT_RESULT
WSSEC:WS:XTKS:6146,WS:XTKS:6146,BASE_1633,JP_N225,PRIMARY_UNIVERSE_INDEX_AVAILABLE_NO_FROZEN_RS_BINDING,RS_NOT_VERIFIED_CURRENT_FROZEN_1425,SECTOR_RS_NOT_VERIFIED,LEAVE_ONE_OUT_PRIMARY_UNIVERSE_COHORT_MEDIAN_v0.20_NOT_CURRENT_RESULT
WSSEC:WS:XTKS:6178,WS:XTKS:6178,BASE_1633,JP_N225,PRIMARY_UNIVERSE_INDEX_AVAILABLE_NO_FROZEN_RS_BINDING,RS_NOT_VERIFIED_CURRENT_FROZEN_1425,SECTOR_RS_NOT_VERIFIED,LEAVE_ONE_OUT_PRIMARY_UNIVERSE_COHORT_MEDIAN_v0.20_NOT_CURRENT_RESULT
WSSEC:WS:XTKS:6273,WS:XTKS:6273,BASE_1633,JP_N225,PRIMARY_UNIVERSE_INDEX_AVAILABLE_NO_FROZEN_RS_BINDING,RS_NOT_VERIFIED_CURRENT_FROZEN_1425,SECTOR_RS_NOT_VERIFIED,LEAVE_ONE_OUT_PRIMARY_UNIVERSE_COHORT_MEDIAN_v0.20_NOT_CURRENT_RESULT
WSSEC:WS:XTKS:6301,WS:XTKS:6301,BASE_1633,JP_N225,PRIMARY_UNIVERSE_INDEX_AVAILABLE_NO_FROZEN_RS_BINDING,RS_NOT_VERIFIED_CURRENT_FROZEN_1425,SECTOR_RS_NOT_VERIFIED,LEAVE_ONE_OUT_PRIMARY_UNIVERSE_COHORT_MEDIAN_v0.20_NOT_CURRENT_RESULT
WSSEC:WS:XTKS:6302,WS:XTKS:6302,BASE_1633,JP_N225,PRIMARY_UNIVERSE_INDEX_AVAILABLE_NO_FROZEN_RS_BINDING,RS_NOT_VERIFIED_CURRENT_FROZEN_1425,SECTOR_RS_NOT_VERIFIED,LEAVE_ONE_OUT_PRIMARY_UNIVERSE_COHORT_MEDIAN_v0.20_NOT_CURRENT_RESULT
WSSEC:WS:XTKS:6305,WS:XTKS:6305,BASE_1633,JP_N225,PRIMARY_UNIVERSE_INDEX_AVAILABLE_NO_FROZEN_RS_BINDING,RS_NOT_VERIFIED_CURRENT_FROZEN_1425,SECTOR_RS_NOT_VERIFIED,LEAVE_ONE_OUT_PRIMARY_UNIVERSE_COHORT_MEDIAN_v0.20_NOT_CURRENT_RESULT
WSSEC:WS:XTKS:6326,WS:XTKS:6326,BASE_1633,JP_N225,PRIMARY_UNIVERSE_INDEX_AVAILABLE_NO_FROZEN_RS_BINDING,RS_NOT_VERIFIED_CURRENT_FROZEN_1425,SECTOR_RS_NOT_VERIFIED,LEAVE_ONE_OUT_PRIMARY_UNIVERSE_COHORT_MEDIAN_v0.20_NOT_CURRENT_RESULT
WSSEC:WS:XTKS:6361,WS:XTKS:6361,BASE_1633,JP_N225,PRIMARY_UNIVERSE_INDEX_AVAILABLE_NO_FROZEN_RS_BINDING,RS_NOT_VERIFIED_CURRENT_FROZEN_1425,SECTOR_RS_NOT_VERIFIED,LEAVE_ONE_OUT_PRIMARY_UNIVERSE_COHORT_MEDIAN_v0.20_NOT_CURRENT_RESULT
WSSEC:WS:XTKS:6367,WS:XTKS:6367,BASE_1633,JP_N225,PRIMARY_UNIVERSE_INDEX_AVAILABLE_NO_FROZEN_RS_BINDING,RS_NOT_VERIFIED_CURRENT_FROZEN_1425,SECTOR_RS_NOT_VERIFIED,LEAVE_ONE_OUT_PRIMARY_UNIVERSE_COHORT_MEDIAN_v0.20_NOT_CURRENT_RESULT
WSSEC:WS:XTKS:6479,WS:XTKS:6479,BASE_1633,JP_N225,PRIMARY_UNIVERSE_INDEX_AVAILABLE_NO_FROZEN_RS_BINDING,RS_NOT_VERIFIED_CURRENT_FROZEN_1425,SECTOR_RS_NOT_VERIFIED,LEAVE_ONE_OUT_PRIMARY_UNIVERSE_COHORT_MEDIAN_v0.20_NOT_CURRENT_RESULT
WSSEC:WS:XTKS:6501,WS:XTKS:6501,BASE_1633,JP_N225,PRIMARY_UNIVERSE_INDEX_AVAILABLE_NO_FROZEN_RS_BINDING,RS_NOT_VERIFIED_CURRENT_FROZEN_1425,SECTOR_RS_NOT_VERIFIED,LEAVE_ONE_OUT_PRIMARY_UNIVERSE_COHORT_MEDIAN_v0.20_NOT_CURRENT_RESULT
WSSEC:WS:XTKS:6503,WS:XTKS:6503,BASE_1633,JP_N225,PRIMARY_UNIVERSE_INDEX_AVAILABLE_NO_FROZEN_RS_BINDING,RS_NOT_VERIFIED_CURRENT_FROZEN_1425,SECTOR_RS_NOT_VERIFIED,LEAVE_ONE_OUT_PRIMARY_UNIVERSE_COHORT_MEDIAN_v0.20_NOT_CURRENT_RESULT
WSSEC:WS:XTKS:6504,WS:XTKS:6504,BASE_1633,JP_N225,PRIMARY_UNIVERSE_INDEX_AVAILABLE_NO_FROZEN_RS_BINDING,RS_NOT_VERIFIED_CURRENT_FROZEN_1425,SECTOR_RS_NOT_VERIFIED,LEAVE_ONE_OUT_PRIMARY_UNIVERSE_COHORT_MEDIAN_v0.20_NOT_CURRENT_RESULT
WSSEC:WS:XTKS:6506,WS:XTKS:6506,BASE_1633,JP_N225,PRIMARY_UNIVERSE_INDEX_AVAILABLE_NO_FROZEN_RS_BINDING,RS_NOT_VERIFIED_CURRENT_FROZEN_1425,SECTOR_RS_NOT_VERIFIED,LEAVE_ONE_OUT_PRIMARY_UNIVERSE_COHORT_MEDIAN_v0.20_NOT_CURRENT_RESULT
WSSEC:WS:XTKS:6526,WS:XTKS:6526,BASE_1633,JP_N225,PRIMARY_UNIVERSE_INDEX_AVAILABLE_NO_FROZEN_RS_BINDING,RS_NOT_VERIFIED_CURRENT_FROZEN_1425,SECTOR_RS_NOT_VERIFIED,LEAVE_ONE_OUT_PRIMARY_UNIVERSE_COHORT_MEDIAN_v0.20_NOT_CURRENT_RESULT
WSSEC:WS:XTKS:6532,WS:XTKS:6532,BASE_1633,JP_N225,PRIMARY_UNIVERSE_INDEX_AVAILABLE_NO_FROZEN_RS_BINDING,RS_NOT_VERIFIED_CURRENT_FROZEN_1425,SECTOR_RS_NOT_VERIFIED,LEAVE_ONE_OUT_PRIMARY_UNIVERSE_COHORT_MEDIAN_v0.20_NOT_CURRENT_RESULT
WSSEC:WS:XTKS:6645,WS:XTKS:6645,BASE_1633,JP_N225,PRIMARY_UNIVERSE_INDEX_AVAILABLE_NO_FROZEN_RS_BINDING,RS_NOT_VERIFIED_CURRENT_FROZEN_1425,SECTOR_RS_NOT_VERIFIED,LEAVE_ONE_OUT_PRIMARY_UNIVERSE_COHORT_MEDIAN_v0.20_NOT_CURRENT_RESULT
WSSEC:WS:XTKS:6701,WS:XTKS:6701,BASE_1633,JP_N225,PRIMARY_UNIVERSE_INDEX_AVAILABLE_NO_FROZEN_RS_BINDING,RS_NOT_VERIFIED_CURRENT_FROZEN_1425,SECTOR_RS_NOT_VERIFIED,LEAVE_ONE_OUT_PRIMARY_UNIVERSE_COHORT_MEDIAN_v0.20_NOT_CURRENT_RESULT
WSSEC:WS:XTKS:6702,WS:XTKS:6702,BASE_1633,JP_N225,PRIMARY_UNIVERSE_INDEX_AVAILABLE_NO_FROZEN_RS_BINDING,RS_NOT_VERIFIED_CURRENT_FROZEN_1425,SECTOR_RS_NOT_VERIFIED,LEAVE_ONE_OUT_PRIMARY_UNIVERSE_COHORT_MEDIAN_v0.20_NOT_CURRENT_RESULT
WSSEC:WS:XTKS:6723,WS:XTKS:6723,BASE_1633,JP_N225,PRIMARY_UNIVERSE_INDEX_AVAILABLE_NO_FROZEN_RS_BINDING,RS_NOT_VERIFIED_CURRENT_FROZEN_1425,SECTOR_RS_NOT_VERIFIED,LEAVE_ONE_OUT_PRIMARY_UNIVERSE_COHORT_MEDIAN_v0.20_NOT_CURRENT_RESULT
WSSEC:WS:XTKS:6724,WS:XTKS:6724,BASE_1633,JP_N225,PRIMARY_UNIVERSE_INDEX_AVAILABLE_NO_FROZEN_RS_BINDING,RS_NOT_VERIFIED_CURRENT_FROZEN_1425,SECTOR_RS_NOT_VERIFIED,LEAVE_ONE_OUT_PRIMARY_UNIVERSE_COHORT_MEDIAN_v0.20_NOT_CURRENT_RESULT
WSSEC:WS:XTKS:6752,WS:XTKS:6752,BASE_1633,JP_N225,PRIMARY_UNIVERSE_INDEX_AVAILABLE_NO_FROZEN_RS_BINDING,RS_NOT_VERIFIED_CURRENT_FROZEN_1425,SECTOR_RS_NOT_VERIFIED,LEAVE_ONE_OUT_PRIMARY_UNIVERSE_COHORT_MEDIAN_v0.20_NOT_CURRENT_RESULT
WSSEC:WS:XTKS:6758,WS:XTKS:6758,BASE_1633,JP_N225,PRIMARY_UNIVERSE_INDEX_AVAILABLE_NO_FROZEN_RS_BINDING,RS_NOT_VERIFIED_CURRENT_FROZEN_1425,SECTOR_RS_NOT_VERIFIED,LEAVE_ONE_OUT_PRIMARY_UNIVERSE_COHORT_MEDIAN_v0.20_NOT_CURRENT_RESULT
WSSEC:WS:XTKS:6762,WS:XTKS:6762,BASE_1633,JP_N225,PRIMARY_UNIVERSE_INDEX_AVAILABLE_NO_FROZEN_RS_BINDING,RS_NOT_VERIFIED_CURRENT_FROZEN_1425,SECTOR_RS_NOT_VERIFIED,LEAVE_ONE_OUT_PRIMARY_UNIVERSE_COHORT_MEDIAN_v0.20_NOT_CURRENT_RESULT
WSSEC:WS:XTKS:6770,WS:XTKS:6770,BASE_1633,JP_N225,PRIMARY_UNIVERSE_INDEX_AVAILABLE_NO_FROZEN_RS_BINDING,RS_NOT_VERIFIED_CURRENT_FROZEN_1425,SECTOR_RS_NOT_VERIFIED,LEAVE_ONE_OUT_PRIMARY_UNIVERSE_COHORT_MEDIAN_v0.20_NOT_CURRENT_RESULT
WSSEC:WS:XTKS:6841,WS:XTKS:6841,BASE_1633,JP_N225,PRIMARY_UNIVERSE_INDEX_AVAILABLE_NO_FROZEN_RS_BINDING,RS_NOT_VERIFIED_CURRENT_FROZEN_1425,SECTOR_RS_NOT_VERIFIED,LEAVE_ONE_OUT_PRIMARY_UNIVERSE_COHORT_MEDIAN_v0.20_NOT_CURRENT_RESULT
WSSEC:WS:XTKS:6857,WS:XTKS:6857,BASE_1633,JP_N225,PRIMARY_UNIVERSE_INDEX_AVAILABLE_NO_FROZEN_RS_BINDING,RS_NOT_VERIFIED_CURRENT_FROZEN_1425,SECTOR_RS_NOT_VERIFIED,LEAVE_ONE_OUT_PRIMARY_UNIVERSE_COHORT_MEDIAN_v0.20_NOT_CURRENT_RESULT
WSSEC:WS:XTKS:6861,WS:XTKS:6861,BASE_1633,JP_N225,PRIMARY_UNIVERSE_INDEX_AVAILABLE_NO_FROZEN_RS_BINDING,RS_NOT_VERIFIED_CURRENT_FROZEN_1425,SECTOR_RS_NOT_VERIFIED,LEAVE_ONE_OUT_PRIMARY_UNIVERSE_COHORT_MEDIAN_v0.20_NOT_CURRENT_RESULT
WSSEC:WS:XTKS:6902,WS:XTKS:6902,BASE_1633,JP_N225,PRIMARY_UNIVERSE_INDEX_AVAILABLE_NO_FROZEN_RS_BINDING,RS_NOT_VERIFIED_CURRENT_FROZEN_1425,SECTOR_RS_NOT_VERIFIED,LEAVE_ONE_OUT_PRIMARY_UNIVERSE_COHORT_MEDIAN_v0.20_NOT_CURRENT_RESULT
WSSEC:WS:XTKS:6920,WS:XTKS:6920,BASE_1633,JP_N225,PRIMARY_UNIVERSE_INDEX_AVAILABLE_NO_FROZEN_RS_BINDING,RS_NOT_VERIFIED_CURRENT_FROZEN_1425,SECTOR_RS_NOT_VERIFIED,LEAVE_ONE_OUT_PRIMARY_UNIVERSE_COHORT_MEDIAN_v0.20_NOT_CURRENT_RESULT
WSSEC:WS:XTKS:6954,WS:XTKS:6954,BASE_1633,JP_N225,PRIMARY_UNIVERSE_INDEX_AVAILABLE_NO_FROZEN_RS_BINDING,RS_NOT_VERIFIED_CURRENT_FROZEN_1425,SECTOR_RS_NOT_VERIFIED,LEAVE_ONE_OUT_PRIMARY_UNIVERSE_COHORT_MEDIAN_v0.20_NOT_CURRENT_RESULT
WSSEC:WS:XTKS:6963,WS:XTKS:6963,BASE_1633,JP_N225,PRIMARY_UNIVERSE_INDEX_AVAILABLE_NO_FROZEN_RS_BINDING,RS_NOT_VERIFIED_CURRENT_FROZEN_1425,SECTOR_RS_NOT_VERIFIED,LEAVE_ONE_OUT_PRIMARY_UNIVERSE_COHORT_MEDIAN_v0.20_NOT_CURRENT_RESULT
WSSEC:WS:XTKS:6971,WS:XTKS:6971,BASE_1633,JP_N225,PRIMARY_UNIVERSE_INDEX_AVAILABLE_NO_FROZEN_RS_BINDING,RS_NOT_VERIFIED_CURRENT_FROZEN_1425,SECTOR_RS_NOT_VERIFIED,LEAVE_ONE_OUT_PRIMARY_UNIVERSE_COHORT_MEDIAN_v0.20_NOT_CURRENT_RESULT
WSSEC:WS:XTKS:6976,WS:XTKS:6976,BASE_1633,JP_N225,PRIMARY_UNIVERSE_INDEX_AVAILABLE_NO_FROZEN_RS_BINDING,RS_NOT_VERIFIED_CURRENT_FROZEN_1425,SECTOR_RS_NOT_VERIFIED,LEAVE_ONE_OUT_PRIMARY_UNIVERSE_COHORT_MEDIAN_v0.20_NOT_CURRENT_RESULT
WSSEC:WS:XTKS:6981,WS:XTKS:6981,BASE_1633,JP_N225,PRIMARY_UNIVERSE_INDEX_AVAILABLE_NO_FROZEN_RS_BINDING,RS_NOT_VERIFIED_CURRENT_FROZEN_1425,SECTOR_RS_NOT_VERIFIED,LEAVE_ONE_OUT_PRIMARY_UNIVERSE_COHORT_MEDIAN_v0.20_NOT_CURRENT_RESULT
WSSEC:WS:XTKS:6988,WS:XTKS:6988,BASE_1633,JP_N225,PRIMARY_UNIVERSE_INDEX_AVAILABLE_NO_FROZEN_RS_BINDING,RS_NOT_VERIFIED_CURRENT_FROZEN_1425,SECTOR_RS_NOT_VERIFIED,LEAVE_ONE_OUT_PRIMARY_UNIVERSE_COHORT_MEDIAN_v0.20_NOT_CURRENT_RESULT
WSSEC:WS:XTKS:7011,WS:XTKS:7011,BASE_1633,JP_N225,PRIMARY_UNIVERSE_INDEX_AVAILABLE_NO_FROZEN_RS_BINDING,RS_NOT_VERIFIED_CURRENT_FROZEN_1425,SECTOR_RS_NOT_VERIFIED,LEAVE_ONE_OUT_PRIMARY_UNIVERSE_COHORT_MEDIAN_v0.20_NOT_CURRENT_RESULT
WSSEC:WS:XTKS:7012,WS:XTKS:7012,BASE_1633,JP_N225,PRIMARY_UNIVERSE_INDEX_AVAILABLE_NO_FROZEN_RS_BINDING,RS_NOT_VERIFIED_CURRENT_FROZEN_1425,SECTOR_RS_NOT_VERIFIED,LEAVE_ONE_OUT_PRIMARY_UNIVERSE_COHORT_MEDIAN_v0.20_NOT_CURRENT_RESULT
WSSEC:WS:XTKS:7013,WS:XTKS:7013,BASE_1633,JP_N225,PRIMARY_UNIVERSE_INDEX_AVAILABLE_NO_FROZEN_RS_BINDING,RS_NOT_VERIFIED_CURRENT_FROZEN_1425,SECTOR_RS_NOT_VERIFIED,LEAVE_ONE_OUT_PRIMARY_UNIVERSE_COHORT_MEDIAN_v0.20_NOT_CURRENT_RESULT
WSSEC:WS:XTKS:7186,WS:XTKS:7186,BASE_1633,JP_N225,PRIMARY_UNIVERSE_INDEX_AVAILABLE_NO_FROZEN_RS_BINDING,RS_NOT_VERIFIED_CURRENT_FROZEN_1425,SECTOR_RS_NOT_VERIFIED,LEAVE_ONE_OUT_PRIMARY_UNIVERSE_COHORT_MEDIAN_v0.20_NOT_CURRENT_RESULT
WSSEC:WS:XTKS:7201,WS:XTKS:7201,BASE_1633,JP_N225,PRIMARY_UNIVERSE_INDEX_AVAILABLE_NO_FROZEN_RS_BINDING,RS_NOT_VERIFIED_CURRENT_FROZEN_1425,SECTOR_RS_NOT_VERIFIED,LEAVE_ONE_OUT_PRIMARY_UNIVERSE_COHORT_MEDIAN_v0.20_NOT_CURRENT_RESULT
WSSEC:WS:XTKS:7202,WS:XTKS:7202,BASE_1633,JP_N225,PRIMARY_UNIVERSE_INDEX_AVAILABLE_NO_FROZEN_RS_BINDING,RS_NOT_VERIFIED_CURRENT_FROZEN_1425,SECTOR_RS_NOT_VERIFIED,LEAVE_ONE_OUT_PRIMARY_UNIVERSE_COHORT_MEDIAN_v0.20_NOT_CURRENT_RESULT
WSSEC:WS:XTKS:7203,WS:XTKS:7203,BASE_1633,JP_N225,PRIMARY_UNIVERSE_INDEX_AVAILABLE_NO_FROZEN_RS_BINDING,RS_NOT_VERIFIED_CURRENT_FROZEN_1425,SECTOR_RS_NOT_VERIFIED,LEAVE_ONE_OUT_PRIMARY_UNIVERSE_COHORT_MEDIAN_v0.20_NOT_CURRENT_RESULT
WSSEC:WS:XTKS:7211,WS:XTKS:7211,BASE_1633,JP_N225,PRIMARY_UNIVERSE_INDEX_AVAILABLE_NO_FROZEN_RS_BINDING,RS_NOT_VERIFIED_CURRENT_FROZEN_1425,SECTOR_RS_NOT_VERIFIED,LEAVE_ONE_OUT_PRIMARY_UNIVERSE_COHORT_MEDIAN_v0.20_NOT_CURRENT_RESULT
WSSEC:WS:XTKS:7261,WS:XTKS:7261,BASE_1633,JP_N225,PRIMARY_UNIVERSE_INDEX_AVAILABLE_NO_FROZEN_RS_BINDING,RS_NOT_VERIFIED_CURRENT_FROZEN_1425,SECTOR_RS_NOT_VERIFIED,LEAVE_ONE_OUT_PRIMARY_UNIVERSE_COHORT_MEDIAN_v0.20_NOT_CURRENT_RESULT
WSSEC:WS:XTKS:7267,WS:XTKS:7267,BASE_1633,JP_N225,PRIMARY_UNIVERSE_INDEX_AVAILABLE_NO_FROZEN_RS_BINDING,RS_NOT_VERIFIED_CURRENT_FROZEN_1425,SECTOR_RS_NOT_VERIFIED,LEAVE_ONE_OUT_PRIMARY_UNIVERSE_COHORT_MEDIAN_v0.20_NOT_CURRENT_RESULT
WSSEC:WS:XTKS:7269,WS:XTKS:7269,BASE_1633,JP_N225,PRIMARY_UNIVERSE_INDEX_AVAILABLE_NO_FROZEN_RS_BINDING,RS_NOT_VERIFIED_CURRENT_FROZEN_1425,SECTOR_RS_NOT_VERIFIED,LEAVE_ONE_OUT_PRIMARY_UNIVERSE_COHORT_MEDIAN_v0.20_NOT_CURRENT_RESULT
WSSEC:WS:XTKS:7270,WS:XTKS:7270,BASE_1633,JP_N225,PRIMARY_UNIVERSE_INDEX_AVAILABLE_NO_FROZEN_RS_BINDING,RS_NOT_VERIFIED_CURRENT_FROZEN_1425,SECTOR_RS_NOT_VERIFIED,LEAVE_ONE_OUT_PRIMARY_UNIVERSE_COHORT_MEDIAN_v0.20_NOT_CURRENT_RESULT
WSSEC:WS:XTKS:7272,WS:XTKS:7272,BASE_1633,JP_N225,PRIMARY_UNIVERSE_INDEX_AVAILABLE_NO_FROZEN_RS_BINDING,RS_NOT_VERIFIED_CURRENT_FROZEN_1425,SECTOR_RS_NOT_VERIFIED,LEAVE_ONE_OUT_PRIMARY_UNIVERSE_COHORT_MEDIAN_v0.20_NOT_CURRENT_RESULT
WSSEC:WS:XTKS:7453,WS:XTKS:7453,BASE_1633,JP_N225,PRIMARY_UNIVERSE_INDEX_AVAILABLE_NO_FROZEN_RS_BINDING,RS_NOT_VERIFIED_CURRENT_FROZEN_1425,SECTOR_RS_NOT_VERIFIED,LEAVE_ONE_OUT_PRIMARY_UNIVERSE_COHORT_MEDIAN_v0.20_NOT_CURRENT_RESULT
WSSEC:WS:XTKS:7532,WS:XTKS:7532,BASE_1633,JP_N225,PRIMARY_UNIVERSE_INDEX_AVAILABLE_NO_FROZEN_RS_BINDING,RS_NOT_VERIFIED_CURRENT_FROZEN_1425,SECTOR_RS_NOT_VERIFIED,LEAVE_ONE_OUT_PRIMARY_UNIVERSE_COHORT_MEDIAN_v0.20_NOT_CURRENT_RESULT
WSSEC:WS:XTKS:7731,WS:XTKS:7731,BASE_1633,JP_N225,PRIMARY_UNIVERSE_INDEX_AVAILABLE_NO_FROZEN_RS_BINDING,RS_NOT_VERIFIED_CURRENT_FROZEN_1425,SECTOR_RS_NOT_VERIFIED,LEAVE_ONE_OUT_PRIMARY_UNIVERSE_COHORT_MEDIAN_v0.20_NOT_CURRENT_RESULT
WSSEC:WS:XTKS:7733,WS:XTKS:7733,BASE_1633,JP_N225,PRIMARY_UNIVERSE_INDEX_AVAILABLE_NO_FROZEN_RS_BINDING,RS_NOT_VERIFIED_CURRENT_FROZEN_1425,SECTOR_RS_NOT_VERIFIED,LEAVE_ONE_OUT_PRIMARY_UNIVERSE_COHORT_MEDIAN_v0.20_NOT_CURRENT_RESULT
WSSEC:WS:XTKS:7735,WS:XTKS:7735,BASE_1633,JP_N225,PRIMARY_UNIVERSE_INDEX_AVAILABLE_NO_FROZEN_RS_BINDING,RS_NOT_VERIFIED_CURRENT_FROZEN_1425,SECTOR_RS_NOT_VERIFIED,LEAVE_ONE_OUT_PRIMARY_UNIVERSE_COHORT_MEDIAN_v0.20_NOT_CURRENT_RESULT
WSSEC:WS:XTKS:7741,WS:XTKS:7741,BASE_1633,JP_N225,PRIMARY_UNIVERSE_INDEX_AVAILABLE_NO_FROZEN_RS_BINDING,RS_NOT_VERIFIED_CURRENT_FROZEN_1425,SECTOR_RS_NOT_VERIFIED,LEAVE_ONE_OUT_PRIMARY_UNIVERSE_COHORT_MEDIAN_v0.20_NOT_CURRENT_RESULT
WSSEC:WS:XTKS:7751,WS:XTKS:7751,BASE_1633,JP_N225,PRIMARY_UNIVERSE_INDEX_AVAILABLE_NO_FROZEN_RS_BINDING,RS_NOT_VERIFIED_CURRENT_FROZEN_1425,SECTOR_RS_NOT_VERIFIED,LEAVE_ONE_OUT_PRIMARY_UNIVERSE_COHORT_MEDIAN_v0.20_NOT_CURRENT_RESULT
WSSEC:WS:XTKS:7752,WS:XTKS:7752,BASE_1633,JP_N225,PRIMARY_UNIVERSE_INDEX_AVAILABLE_NO_FROZEN_RS_BINDING,RS_NOT_VERIFIED_CURRENT_FROZEN_1425,SECTOR_RS_NOT_VERIFIED,LEAVE_ONE_OUT_PRIMARY_UNIVERSE_COHORT_MEDIAN_v0.20_NOT_CURRENT_RESULT
WSSEC:WS:XTKS:7832,WS:XTKS:7832,BASE_1633,JP_N225,PRIMARY_UNIVERSE_INDEX_AVAILABLE_NO_FROZEN_RS_BINDING,RS_NOT_VERIFIED_CURRENT_FROZEN_1425,SECTOR_RS_NOT_VERIFIED,LEAVE_ONE_OUT_PRIMARY_UNIVERSE_COHORT_MEDIAN_v0.20_NOT_CURRENT_RESULT
WSSEC:WS:XTKS:7911,WS:XTKS:7911,BASE_1633,JP_N225,PRIMARY_UNIVERSE_INDEX_AVAILABLE_NO_FROZEN_RS_BINDING,RS_NOT_VERIFIED_CURRENT_FROZEN_1425,SECTOR_RS_NOT_VERIFIED,LEAVE_ONE_OUT_PRIMARY_UNIVERSE_COHORT_MEDIAN_v0.20_NOT_CURRENT_RESULT
WSSEC:WS:XTKS:7912,WS:XTKS:7912,BASE_1633,JP_N225,PRIMARY_UNIVERSE_INDEX_AVAILABLE_NO_FROZEN_RS_BINDING,RS_NOT_VERIFIED_CURRENT_FROZEN_1425,SECTOR_RS_NOT_VERIFIED,LEAVE_ONE_OUT_PRIMARY_UNIVERSE_COHORT_MEDIAN_v0.20_NOT_CURRENT_RESULT
WSSEC:WS:XTKS:7951,WS:XTKS:7951,BASE_1633,JP_N225,PRIMARY_UNIVERSE_INDEX_AVAILABLE_NO_FROZEN_RS_BINDING,RS_NOT_VERIFIED_CURRENT_FROZEN_1425,SECTOR_RS_NOT_VERIFIED,LEAVE_ONE_OUT_PRIMARY_UNIVERSE_COHORT_MEDIAN_v0.20_NOT_CURRENT_RESULT
WSSEC:WS:XTKS:7974,WS:XTKS:7974,BASE_1633,JP_N225,PRIMARY_UNIVERSE_INDEX_AVAILABLE_NO_FROZEN_RS_BINDING,RS_NOT_VERIFIED_CURRENT_FROZEN_1425,SECTOR_RS_NOT_VERIFIED,LEAVE_ONE_OUT_PRIMARY_UNIVERSE_COHORT_MEDIAN_v0.20_NOT_CURRENT_RESULT
WSSEC:WS:XTKS:8001,WS:XTKS:8001,BASE_1633,JP_N225,PRIMARY_UNIVERSE_INDEX_AVAILABLE_NO_FROZEN_RS_BINDING,RS_NOT_VERIFIED_CURRENT_FROZEN_1425,SECTOR_RS_NOT_VERIFIED,LEAVE_ONE_OUT_PRIMARY_UNIVERSE_COHORT_MEDIAN_v0.20_NOT_CURRENT_RESULT
WSSEC:WS:XTKS:8002,WS:XTKS:8002,BASE_1633,JP_N225,PRIMARY_UNIVERSE_INDEX_AVAILABLE_NO_FROZEN_RS_BINDING,RS_NOT_VERIFIED_CURRENT_FROZEN_1425,SECTOR_RS_NOT_VERIFIED,LEAVE_ONE_OUT_PRIMARY_UNIVERSE_COHORT_MEDIAN_v0.20_NOT_CURRENT_RESULT
WSSEC:WS:XTKS:8015,WS:XTKS:8015,BASE_1633,JP_N225,PRIMARY_UNIVERSE_INDEX_AVAILABLE_NO_FROZEN_RS_BINDING,RS_NOT_VERIFIED_CURRENT_FROZEN_1425,SECTOR_RS_NOT_VERIFIED,LEAVE_ONE_OUT_PRIMARY_UNIVERSE_COHORT_MEDIAN_v0.20_NOT_CURRENT_RESULT
WSSEC:WS:XTKS:8031,WS:XTKS:8031,BASE_1633,JP_N225,PRIMARY_UNIVERSE_INDEX_AVAILABLE_NO_FROZEN_RS_BINDING,RS_NOT_VERIFIED_CURRENT_FROZEN_1425,SECTOR_RS_NOT_VERIFIED,LEAVE_ONE_OUT_PRIMARY_UNIVERSE_COHORT_MEDIAN_v0.20_NOT_CURRENT_RESULT
WSSEC:WS:XTKS:8035,WS:XTKS:8035,BASE_1633,JP_N225,PRIMARY_UNIVERSE_INDEX_AVAILABLE_NO_FROZEN_RS_BINDING,RS_NOT_VERIFIED_CURRENT_FROZEN_1425,SECTOR_RS_NOT_VERIFIED,LEAVE_ONE_OUT_PRIMARY_UNIVERSE_COHORT_MEDIAN_v0.20_NOT_CURRENT_RESULT
WSSEC:WS:XTKS:8053,WS:XTKS:8053,BASE_1633,JP_N225,PRIMARY_UNIVERSE_INDEX_AVAILABLE_NO_FROZEN_RS_BINDING,RS_NOT_VERIFIED_CURRENT_FROZEN_1425,SECTOR_RS_NOT_VERIFIED,LEAVE_ONE_OUT_PRIMARY_UNIVERSE_COHORT_MEDIAN_v0.20_NOT_CURRENT_RESULT
WSSEC:WS:XTKS:8058,WS:XTKS:8058,BASE_1633,JP_N225,PRIMARY_UNIVERSE_INDEX_AVAILABLE_NO_FROZEN_RS_BINDING,RS_NOT_VERIFIED_CURRENT_FROZEN_1425,SECTOR_RS_NOT_VERIFIED,LEAVE_ONE_OUT_PRIMARY_UNIVERSE_COHORT_MEDIAN_v0.20_NOT_CURRENT_RESULT
WSSEC:WS:XTKS:8233,WS:XTKS:8233,BASE_1633,JP_N225,PRIMARY_UNIVERSE_INDEX_AVAILABLE_NO_FROZEN_RS_BINDING,RS_NOT_VERIFIED_CURRENT_FROZEN_1425,SECTOR_RS_NOT_VERIFIED,LEAVE_ONE_OUT_PRIMARY_UNIVERSE_COHORT_MEDIAN_v0.20_NOT_CURRENT_RESULT
WSSEC:WS:XTKS:8267,WS:XTKS:8267,BASE_1633,JP_N225,PRIMARY_UNIVERSE_INDEX_AVAILABLE_NO_FROZEN_RS_BINDING,RS_NOT_VERIFIED_CURRENT_FROZEN_1425,SECTOR_RS_NOT_VERIFIED,LEAVE_ONE_OUT_PRIMARY_UNIVERSE_COHORT_MEDIAN_v0.20_NOT_CURRENT_RESULT
WSSEC:WS:XTKS:8304,WS:XTKS:8304,BASE_1633,JP_N225,PRIMARY_UNIVERSE_INDEX_AVAILABLE_NO_FROZEN_RS_BINDING,RS_NOT_VERIFIED_CURRENT_FROZEN_1425,SECTOR_RS_NOT_VERIFIED,LEAVE_ONE_OUT_PRIMARY_UNIVERSE_COHORT_MEDIAN_v0.20_NOT_CURRENT_RESULT
WSSEC:WS:XTKS:8306,WS:XTKS:8306,BASE_1633,JP_N225,PRIMARY_UNIVERSE_INDEX_AVAILABLE_NO_FROZEN_RS_BINDING,RS_NOT_VERIFIED_CURRENT_FROZEN_1425,SECTOR_RS_NOT_VERIFIED,LEAVE_ONE_OUT_PRIMARY_UNIVERSE_COHORT_MEDIAN_v0.20_NOT_CURRENT_RESULT
WSSEC:WS:XTKS:8308,WS:XTKS:8308,BASE_1633,JP_N225,PRIMARY_UNIVERSE_INDEX_AVAILABLE_NO_FROZEN_RS_BINDING,RS_NOT_VERIFIED_CURRENT_FROZEN_1425,SECTOR_RS_NOT_VERIFIED,LEAVE_ONE_OUT_PRIMARY_UNIVERSE_COHORT_MEDIAN_v0.20_NOT_CURRENT_RESULT
WSSEC:WS:XTKS:8309,WS:XTKS:8309,BASE_1633,JP_N225,PRIMARY_UNIVERSE_INDEX_AVAILABLE_NO_FROZEN_RS_BINDING,RS_NOT_VERIFIED_CURRENT_FROZEN_1425,SECTOR_RS_NOT_VERIFIED,LEAVE_ONE_OUT_PRIMARY_UNIVERSE_COHORT_MEDIAN_v0.20_NOT_CURRENT_RESULT
WSSEC:WS:XTKS:8316,WS:XTKS:8316,BASE_1633,JP_N225,PRIMARY_UNIVERSE_INDEX_AVAILABLE_NO_FROZEN_RS_BINDING,RS_NOT_VERIFIED_CURRENT_FROZEN_1425,SECTOR_RS_NOT_VERIFIED,LEAVE_ONE_OUT_PRIMARY_UNIVERSE_COHORT_MEDIAN_v0.20_NOT_CURRENT_RESULT
WSSEC:WS:XTKS:8331,WS:XTKS:8331,BASE_1633,JP_N225,PRIMARY_UNIVERSE_INDEX_AVAILABLE_NO_FROZEN_RS_BINDING,RS_NOT_VERIFIED_CURRENT_FROZEN_1425,SECTOR_RS_NOT_VERIFIED,LEAVE_ONE_OUT_PRIMARY_UNIVERSE_COHORT_MEDIAN_v0.20_NOT_CURRENT_RESULT
WSSEC:WS:XTKS:8354,WS:XTKS:8354,BASE_1633,JP_N225,PRIMARY_UNIVERSE_INDEX_AVAILABLE_NO_FROZEN_RS_BINDING,RS_NOT_VERIFIED_CURRENT_FROZEN_1425,SECTOR_RS_NOT_VERIFIED,LEAVE_ONE_OUT_PRIMARY_UNIVERSE_COHORT_MEDIAN_v0.20_NOT_CURRENT_RESULT
WSSEC:WS:XTKS:8411,WS:XTKS:8411,BASE_1633,JP_N225,PRIMARY_UNIVERSE_INDEX_AVAILABLE_NO_FROZEN_RS_BINDING,RS_NOT_VERIFIED_CURRENT_FROZEN_1425,SECTOR_RS_NOT_VERIFIED,LEAVE_ONE_OUT_PRIMARY_UNIVERSE_COHORT_MEDIAN_v0.20_NOT_CURRENT_RESULT
WSSEC:WS:XTKS:8591,WS:XTKS:8591,BASE_1633,JP_N225,PRIMARY_UNIVERSE_INDEX_AVAILABLE_NO_FROZEN_RS_BINDING,RS_NOT_VERIFIED_CURRENT_FROZEN_1425,SECTOR_RS_NOT_VERIFIED,LEAVE_ONE_OUT_PRIMARY_UNIVERSE_COHORT_MEDIAN_v0.20_NOT_CURRENT_RESULT
WSSEC:WS:XTKS:8601,WS:XTKS:8601,BASE_1633,JP_N225,PRIMARY_UNIVERSE_INDEX_AVAILABLE_NO_FROZEN_RS_BINDING,RS_NOT_VERIFIED_CURRENT_FROZEN_1425,SECTOR_RS_NOT_VERIFIED,LEAVE_ONE_OUT_PRIMARY_UNIVERSE_COHORT_MEDIAN_v0.20_NOT_CURRENT_RESULT
WSSEC:WS:XTKS:8604,WS:XTKS:8604,BASE_1633,JP_N225,PRIMARY_UNIVERSE_INDEX_AVAILABLE_NO_FROZEN_RS_BINDING,RS_NOT_VERIFIED_CURRENT_FROZEN_1425,SECTOR_RS_NOT_VERIFIED,LEAVE_ONE_OUT_PRIMARY_UNIVERSE_COHORT_MEDIAN_v0.20_NOT_CURRENT_RESULT
WSSEC:WS:XTKS:8630,WS:XTKS:8630,BASE_1633,JP_N225,PRIMARY_UNIVERSE_INDEX_AVAILABLE_NO_FROZEN_RS_BINDING,RS_NOT_VERIFIED_CURRENT_FROZEN_1425,SECTOR_RS_NOT_VERIFIED,LEAVE_ONE_OUT_PRIMARY_UNIVERSE_COHORT_MEDIAN_v0.20_NOT_CURRENT_RESULT
WSSEC:WS:XTKS:8697,WS:XTKS:8697,BASE_1633,JP_N225,PRIMARY_UNIVERSE_INDEX_AVAILABLE_NO_FROZEN_RS_BINDING,RS_NOT_VERIFIED_CURRENT_FROZEN_1425,SECTOR_RS_NOT_VERIFIED,LEAVE_ONE_OUT_PRIMARY_UNIVERSE_COHORT_MEDIAN_v0.20_NOT_CURRENT_RESULT
WSSEC:WS:XTKS:8725,WS:XTKS:8725,BASE_1633,JP_N225,PRIMARY_UNIVERSE_INDEX_AVAILABLE_NO_FROZEN_RS_BINDING,RS_NOT_VERIFIED_CURRENT_FROZEN_1425,SECTOR_RS_NOT_VERIFIED,LEAVE_ONE_OUT_PRIMARY_UNIVERSE_COHORT_MEDIAN_v0.20_NOT_CURRENT_RESULT
WSSEC:WS:XTKS:8750,WS:XTKS:8750,BASE_1633,JP_N225,PRIMARY_UNIVERSE_INDEX_AVAILABLE_NO_FROZEN_RS_BINDING,RS_NOT_VERIFIED_CURRENT_FROZEN_1425,SECTOR_RS_NOT_VERIFIED,LEAVE_ONE_OUT_PRIMARY_UNIVERSE_COHORT_MEDIAN_v0.20_NOT_CURRENT_RESULT
WSSEC:WS:XTKS:8766,WS:XTKS:8766,BASE_1633,JP_N225,PRIMARY_UNIVERSE_INDEX_AVAILABLE_NO_FROZEN_RS_BINDING,RS_NOT_VERIFIED_CURRENT_FROZEN_1425,SECTOR_RS_NOT_VERIFIED,LEAVE_ONE_OUT_PRIMARY_UNIVERSE_COHORT_MEDIAN_v0.20_NOT_CURRENT_RESULT
WSSEC:WS:XTKS:8795,WS:XTKS:8795,BASE_1633,JP_N225,PRIMARY_UNIVERSE_INDEX_AVAILABLE_NO_FROZEN_RS_BINDING,RS_NOT_VERIFIED_CURRENT_FROZEN_1425,SECTOR_RS_NOT_VERIFIED,LEAVE_ONE_OUT_PRIMARY_UNIVERSE_COHORT_MEDIAN_v0.20_NOT_CURRENT_RESULT
WSSEC:WS:XTKS:8801,WS:XTKS:8801,BASE_1633,JP_N225,PRIMARY_UNIVERSE_INDEX_AVAILABLE_NO_FROZEN_RS_BINDING,RS_NOT_VERIFIED_CURRENT_FROZEN_1425,SECTOR_RS_NOT_VERIFIED,LEAVE_ONE_OUT_PRIMARY_UNIVERSE_COHORT_MEDIAN_v0.20_NOT_CURRENT_RESULT
WSSEC:WS:XTKS:8802,WS:XTKS:8802,BASE_1633,JP_N225,PRIMARY_UNIVERSE_INDEX_AVAILABLE_NO_FROZEN_RS_BINDING,RS_NOT_VERIFIED_CURRENT_FROZEN_1425,SECTOR_RS_NOT_VERIFIED,LEAVE_ONE_OUT_PRIMARY_UNIVERSE_COHORT_MEDIAN_v0.20_NOT_CURRENT_RESULT
WSSEC:WS:XTKS:8830,WS:XTKS:8830,BASE_1633,JP_N225,PRIMARY_UNIVERSE_INDEX_AVAILABLE_NO_FROZEN_RS_BINDING,RS_NOT_VERIFIED_CURRENT_FROZEN_1425,SECTOR_RS_NOT_VERIFIED,LEAVE_ONE_OUT_PRIMARY_UNIVERSE_COHORT_MEDIAN_v0.20_NOT_CURRENT_RESULT
WSSEC:WS:XTKS:9005,WS:XTKS:9005,BASE_1633,JP_N225,PRIMARY_UNIVERSE_INDEX_AVAILABLE_NO_FROZEN_RS_BINDING,RS_NOT_VERIFIED_CURRENT_FROZEN_1425,SECTOR_RS_NOT_VERIFIED,LEAVE_ONE_OUT_PRIMARY_UNIVERSE_COHORT_MEDIAN_v0.20_NOT_CURRENT_RESULT
WSSEC:WS:XTKS:9020,WS:XTKS:9020,BASE_1633,JP_N225,PRIMARY_UNIVERSE_INDEX_AVAILABLE_NO_FROZEN_RS_BINDING,RS_NOT_VERIFIED_CURRENT_FROZEN_1425,SECTOR_RS_NOT_VERIFIED,LEAVE_ONE_OUT_PRIMARY_UNIVERSE_COHORT_MEDIAN_v0.20_NOT_CURRENT_RESULT
WSSEC:WS:XTKS:9021,WS:XTKS:9021,BASE_1633,JP_N225,PRIMARY_UNIVERSE_INDEX_AVAILABLE_NO_FROZEN_RS_BINDING,RS_NOT_VERIFIED_CURRENT_FROZEN_1425,SECTOR_RS_NOT_VERIFIED,LEAVE_ONE_OUT_PRIMARY_UNIVERSE_COHORT_MEDIAN_v0.20_NOT_CURRENT_RESULT
WSSEC:WS:XTKS:9022,WS:XTKS:9022,BASE_1633,JP_N225,PRIMARY_UNIVERSE_INDEX_AVAILABLE_NO_FROZEN_RS_BINDING,RS_NOT_VERIFIED_CURRENT_FROZEN_1425,SECTOR_RS_NOT_VERIFIED,LEAVE_ONE_OUT_PRIMARY_UNIVERSE_COHORT_MEDIAN_v0.20_NOT_CURRENT_RESULT
WSSEC:WS:XTKS:9101,WS:XTKS:9101,BASE_1633,JP_N225,PRIMARY_UNIVERSE_INDEX_AVAILABLE_NO_FROZEN_RS_BINDING,RS_NOT_VERIFIED_CURRENT_FROZEN_1425,SECTOR_RS_NOT_VERIFIED,LEAVE_ONE_OUT_PRIMARY_UNIVERSE_COHORT_MEDIAN_v0.20_NOT_CURRENT_RESULT
WSSEC:WS:XTKS:9104,WS:XTKS:9104,BASE_1633,JP_N225,PRIMARY_UNIVERSE_INDEX_AVAILABLE_NO_FROZEN_RS_BINDING,RS_NOT_VERIFIED_CURRENT_FROZEN_1425,SECTOR_RS_NOT_VERIFIED,LEAVE_ONE_OUT_PRIMARY_UNIVERSE_COHORT_MEDIAN_v0.20_NOT_CURRENT_RESULT
WSSEC:WS:XTKS:9107,WS:XTKS:9107,BASE_1633,JP_N225,PRIMARY_UNIVERSE_INDEX_AVAILABLE_NO_FROZEN_RS_BINDING,RS_NOT_VERIFIED_CURRENT_FROZEN_1425,SECTOR_RS_NOT_VERIFIED,LEAVE_ONE_OUT_PRIMARY_UNIVERSE_COHORT_MEDIAN_v0.20_NOT_CURRENT_RESULT
WSSEC:WS:XTKS:9147,WS:XTKS:9147,BASE_1633,JP_N225,PRIMARY_UNIVERSE_INDEX_AVAILABLE_NO_FROZEN_RS_BINDING,RS_NOT_VERIFIED_CURRENT_FROZEN_1425,SECTOR_RS_NOT_VERIFIED,LEAVE_ONE_OUT_PRIMARY_UNIVERSE_COHORT_MEDIAN_v0.20_NOT_CURRENT_RESULT
WSSEC:WS:XTKS:9201,WS:XTKS:9201,BASE_1633,JP_N225,PRIMARY_UNIVERSE_INDEX_AVAILABLE_NO_FROZEN_RS_BINDING,RS_NOT_VERIFIED_CURRENT_FROZEN_1425,SECTOR_RS_NOT_VERIFIED,LEAVE_ONE_OUT_PRIMARY_UNIVERSE_COHORT_MEDIAN_v0.20_NOT_CURRENT_RESULT
WSSEC:WS:XTKS:9202,WS:XTKS:9202,BASE_1633,JP_N225,PRIMARY_UNIVERSE_INDEX_AVAILABLE_NO_FROZEN_RS_BINDING,RS_NOT_VERIFIED_CURRENT_FROZEN_1425,SECTOR_RS_NOT_VERIFIED,LEAVE_ONE_OUT_PRIMARY_UNIVERSE_COHORT_MEDIAN_v0.20_NOT_CURRENT_RESULT
WSSEC:WS:XTKS:9432,WS:XTKS:9432,BASE_1633,JP_N225,PRIMARY_UNIVERSE_INDEX_AVAILABLE_NO_FROZEN_RS_BINDING,RS_NOT_VERIFIED_CURRENT_FROZEN_1425,SECTOR_RS_NOT_VERIFIED,LEAVE_ONE_OUT_PRIMARY_UNIVERSE_COHORT_MEDIAN_v0.20_NOT_CURRENT_RESULT
WSSEC:WS:XTKS:9433,WS:XTKS:9433,BASE_1633,JP_N225,PRIMARY_UNIVERSE_INDEX_AVAILABLE_NO_FROZEN_RS_BINDING,RS_NOT_VERIFIED_CURRENT_FROZEN_1425,SECTOR_RS_NOT_VERIFIED,LEAVE_ONE_OUT_PRIMARY_UNIVERSE_COHORT_MEDIAN_v0.20_NOT_CURRENT_RESULT
WSSEC:WS:XTKS:9434,WS:XTKS:9434,BASE_1633,JP_N225,PRIMARY_UNIVERSE_INDEX_AVAILABLE_NO_FROZEN_RS_BINDING,RS_NOT_VERIFIED_CURRENT_FROZEN_1425,SECTOR_RS_NOT_VERIFIED,LEAVE_ONE_OUT_PRIMARY_UNIVERSE_COHORT_MEDIAN_v0.20_NOT_CURRENT_RESULT
WSSEC:WS:XTKS:9501,WS:XTKS:9501,BASE_1633,JP_N225,PRIMARY_UNIVERSE_INDEX_AVAILABLE_NO_FROZEN_RS_BINDING,RS_NOT_VERIFIED_CURRENT_FROZEN_1425,SECTOR_RS_NOT_VERIFIED,LEAVE_ONE_OUT_PRIMARY_UNIVERSE_COHORT_MEDIAN_v0.20_NOT_CURRENT_RESULT
WSSEC:WS:XTKS:9502,WS:XTKS:9502,BASE_1633,JP_N225,PRIMARY_UNIVERSE_INDEX_AVAILABLE_NO_FROZEN_RS_BINDING,RS_NOT_VERIFIED_CURRENT_FROZEN_1425,SECTOR_RS_NOT_VERIFIED,LEAVE_ONE_OUT_PRIMARY_UNIVERSE_COHORT_MEDIAN_v0.20_NOT_CURRENT_RESULT
WSSEC:WS:XTKS:9503,WS:XTKS:9503,BASE_1633,JP_N225,PRIMARY_UNIVERSE_INDEX_AVAILABLE_NO_FROZEN_RS_BINDING,RS_NOT_VERIFIED_CURRENT_FROZEN_1425,SECTOR_RS_NOT_VERIFIED,LEAVE_ONE_OUT_PRIMARY_UNIVERSE_COHORT_MEDIAN_v0.20_NOT_CURRENT_RESULT
WSSEC:WS:XTKS:9531,WS:XTKS:9531,BASE_1633,JP_N225,PRIMARY_UNIVERSE_INDEX_AVAILABLE_NO_FROZEN_RS_BINDING,RS_NOT_VERIFIED_CURRENT_FROZEN_1425,SECTOR_RS_NOT_VERIFIED,LEAVE_ONE_OUT_PRIMARY_UNIVERSE_COHORT_MEDIAN_v0.20_NOT_CURRENT_RESULT
WSSEC:WS:XTKS:9532,WS:XTKS:9532,BASE_1633,JP_N225,PRIMARY_UNIVERSE_INDEX_AVAILABLE_NO_FROZEN_RS_BINDING,RS_NOT_VERIFIED_CURRENT_FROZEN_1425,SECTOR_RS_NOT_VERIFIED,LEAVE_ONE_OUT_PRIMARY_UNIVERSE_COHORT_MEDIAN_v0.20_NOT_CURRENT_RESULT
WSSEC:WS:XTKS:9602,WS:XTKS:9602,BASE_1633,JP_N225,PRIMARY_UNIVERSE_INDEX_AVAILABLE_NO_FROZEN_RS_BINDING,RS_NOT_VERIFIED_CURRENT_FROZEN_1425,SECTOR_RS_NOT_VERIFIED,LEAVE_ONE_OUT_PRIMARY_UNIVERSE_COHORT_MEDIAN_v0.20_NOT_CURRENT_RESULT
WSSEC:WS:XTKS:9735,WS:XTKS:9735,BASE_1633,JP_N225,PRIMARY_UNIVERSE_INDEX_AVAILABLE_NO_FROZEN_RS_BINDING,RS_NOT_VERIFIED_CURRENT_FROZEN_1425,SECTOR_RS_NOT_VERIFIED,LEAVE_ONE_OUT_PRIMARY_UNIVERSE_COHORT_MEDIAN_v0.20_NOT_CURRENT_RESULT
WSSEC:WS:XTKS:9766,WS:XTKS:9766,BASE_1633,JP_N225,PRIMARY_UNIVERSE_INDEX_AVAILABLE_NO_FROZEN_RS_BINDING,RS_NOT_VERIFIED_CURRENT_FROZEN_1425,SECTOR_RS_NOT_VERIFIED,LEAVE_ONE_OUT_PRIMARY_UNIVERSE_COHORT_MEDIAN_v0.20_NOT_CURRENT_RESULT
WSSEC:WS:XTKS:9843,WS:XTKS:9843,BASE_1633,JP_N225,PRIMARY_UNIVERSE_INDEX_AVAILABLE_NO_FROZEN_RS_BINDING,RS_NOT_VERIFIED_CURRENT_FROZEN_1425,SECTOR_RS_NOT_VERIFIED,LEAVE_ONE_OUT_PRIMARY_UNIVERSE_COHORT_MEDIAN_v0.20_NOT_CURRENT_RESULT
WSSEC:WS:XTKS:9983,WS:XTKS:9983,BASE_1633,JP_N225,PRIMARY_UNIVERSE_INDEX_AVAILABLE_NO_FROZEN_RS_BINDING,RS_NOT_VERIFIED_CURRENT_FROZEN_1425,SECTOR_RS_NOT_VERIFIED,LEAVE_ONE_OUT_PRIMARY_UNIVERSE_COHORT_MEDIAN_v0.20_NOT_CURRENT_RESULT
WSSEC:WS:XTKS:9984,WS:XTKS:9984,BASE_1633,JP_N225,PRIMARY_UNIVERSE_INDEX_AVAILABLE_NO_FROZEN_RS_BINDING,RS_NOT_VERIFIED_CURRENT_FROZEN_1425,SECTOR_RS_NOT_VERIFIED,LEAVE_ONE_OUT_PRIMARY_UNIVERSE_COHORT_MEDIAN_v0.20_NOT_CURRENT_RESULT
