WS_ID,Primary_Universe_Index,Primary_MIC,Primary_Ticker,Instrument_Gate_Baseline_State,Mapping_Baseline_State,History_Evidence_State,Liquidity_Evidence_State,Scalable_Tradeability_Status,Refresh_Required,Refresh_Priority,Refresh_Action,Refresh_Prerequisite,Planned_Provider,Provider_Symbol_Current,Network_Required_In_Execution_Stage,Expected_Output,Reason
WS:ISIN:INE002A01018,IN_NIFTY50,XNSE,RELIANCE,NOT_VERIFIED,MAPPING_PRESENT_NOT_REVALIDATED,HISTORY_NOT_CHECKED,LIQUIDITY_NOT_CHECKED,NOT_VERIFIED,true,P1,PRICE_HISTORY_AND_LIQUIDITY_REFRESH_REQUIRED,Mapping verification,UNDECIDED_OFFLINE,RELIANCE,true,revalidated history/liquidity evidence,v0.37 is offline; prior price-derived evidence is not current
WS:ISIN:INE009A01021,IN_NIFTY50,XNSE,INFY,NOT_VERIFIED,MAPPING_PRESENT_NOT_REVALIDATED,HISTORY_NOT_CHECKED,LIQUIDITY_NOT_CHECKED,NOT_VERIFIED,true,P1,PRICE_HISTORY_AND_LIQUIDITY_REFRESH_REQUIRED,Mapping verification,UNDECIDED_OFFLINE,INFY,true,revalidated history/liquidity evidence,v0.37 is offline; prior price-derived evidence is not current
WS:ISIN:INE018A01030,IN_NIFTY50,XNSE,LT,NOT_VERIFIED,MAPPING_PRESENT_NOT_REVALIDATED,HISTORY_NOT_CHECKED,LIQUIDITY_NOT_CHECKED,NOT_VERIFIED,true,P1,PRICE_HISTORY_AND_LIQUIDITY_REFRESH_REQUIRED,Mapping verification,UNDECIDED_OFFLINE,LT,true,revalidated history/liquidity evidence,v0.37 is offline; prior price-derived evidence is not current
WS:ISIN:INE019A01038,IN_NIFTY50,XNSE,JSWSTEEL,NOT_VERIFIED,MAPPING_PRESENT_NOT_REVALIDATED,HISTORY_NOT_CHECKED,LIQUIDITY_NOT_CHECKED,NOT_VERIFIED,true,P1,PRICE_HISTORY_AND_LIQUIDITY_REFRESH_REQUIRED,Mapping verification,UNDECIDED_OFFLINE,JSWSTEEL,true,revalidated history/liquidity evidence,v0.37 is offline; prior price-derived evidence is not current
WS:ISIN:INE021A01026,IN_NIFTY50,XNSE,ASIANPAINT,NOT_VERIFIED,MAPPING_PRESENT_NOT_REVALIDATED,HISTORY_NOT_CHECKED,LIQUIDITY_NOT_CHECKED,NOT_VERIFIED,true,P1,PRICE_HISTORY_AND_LIQUIDITY_REFRESH_REQUIRED,Mapping verification,UNDECIDED_OFFLINE,ASIANPAINT,true,revalidated history/liquidity evidence,v0.37 is offline; prior price-derived evidence is not current
WS:ISIN:INE027H01010,IN_NIFTY50,XNSE,MAXHEALTH,NOT_VERIFIED,MAPPING_PRESENT_NOT_REVALIDATED,HISTORY_NOT_CHECKED,LIQUIDITY_NOT_CHECKED,NOT_VERIFIED,true,P1,PRICE_HISTORY_AND_LIQUIDITY_REFRESH_REQUIRED,Mapping verification,UNDECIDED_OFFLINE,MAXHEALTH,true,revalidated history/liquidity evidence,v0.37 is offline; prior price-derived evidence is not current
WS:ISIN:INE030A01027,IN_NIFTY50,XNSE,HINDUNILVR,NOT_VERIFIED,MAPPING_PRESENT_NOT_REVALIDATED,HISTORY_NOT_CHECKED,LIQUIDITY_NOT_CHECKED,NOT_VERIFIED,true,P1,PRICE_HISTORY_AND_LIQUIDITY_REFRESH_REQUIRED,Mapping verification,UNDECIDED_OFFLINE,HINDUNILVR,true,revalidated history/liquidity evidence,v0.37 is offline; prior price-derived evidence is not current
WS:ISIN:INE038A01020,IN_NIFTY50,XNSE,HINDALCO,NOT_VERIFIED,MAPPING_PRESENT_NOT_REVALIDATED,HISTORY_NOT_CHECKED,LIQUIDITY_NOT_CHECKED,NOT_VERIFIED,true,P1,PRICE_HISTORY_AND_LIQUIDITY_REFRESH_REQUIRED,Mapping verification,UNDECIDED_OFFLINE,HINDALCO,true,revalidated history/liquidity evidence,v0.37 is offline; prior price-derived evidence is not current
WS:ISIN:INE040A01034,IN_NIFTY50,XNSE,HDFCBANK,NOT_VERIFIED,MAPPING_PRESENT_NOT_REVALIDATED,HISTORY_NOT_CHECKED,LIQUIDITY_NOT_CHECKED,NOT_VERIFIED,true,P1,PRICE_HISTORY_AND_LIQUIDITY_REFRESH_REQUIRED,Mapping verification,UNDECIDED_OFFLINE,HDFCBANK,true,revalidated history/liquidity evidence,v0.37 is offline; prior price-derived evidence is not current
WS:ISIN:INE044A01036,IN_NIFTY50,XNSE,SUNPHARMA,NOT_VERIFIED,MAPPING_PRESENT_NOT_REVALIDATED,HISTORY_NOT_CHECKED,LIQUIDITY_NOT_CHECKED,NOT_VERIFIED,true,P1,PRICE_HISTORY_AND_LIQUIDITY_REFRESH_REQUIRED,Mapping verification,UNDECIDED_OFFLINE,SUNPHARMA,true,revalidated history/liquidity evidence,v0.37 is offline; prior price-derived evidence is not current
WS:ISIN:INE047A01021,IN_NIFTY50,XNSE,GRASIM,NOT_VERIFIED,MAPPING_PRESENT_NOT_REVALIDATED,HISTORY_NOT_CHECKED,LIQUIDITY_NOT_CHECKED,NOT_VERIFIED,true,P1,PRICE_HISTORY_AND_LIQUIDITY_REFRESH_REQUIRED,Mapping verification,UNDECIDED_OFFLINE,GRASIM,true,revalidated history/liquidity evidence,v0.37 is offline; prior price-derived evidence is not current
WS:ISIN:INE059A01026,IN_NIFTY50,XNSE,CIPLA,NOT_VERIFIED,MAPPING_PRESENT_NOT_REVALIDATED,HISTORY_NOT_CHECKED,LIQUIDITY_NOT_CHECKED,NOT_VERIFIED,true,P1,PRICE_HISTORY_AND_LIQUIDITY_REFRESH_REQUIRED,Mapping verification,UNDECIDED_OFFLINE,CIPLA,true,revalidated history/liquidity evidence,v0.37 is offline; prior price-derived evidence is not current
WS:ISIN:INE062A01020,IN_NIFTY50,XNSE,SBIN,NOT_VERIFIED,MAPPING_PRESENT_NOT_REVALIDATED,HISTORY_NOT_CHECKED,LIQUIDITY_NOT_CHECKED,NOT_VERIFIED,true,P1,PRICE_HISTORY_AND_LIQUIDITY_REFRESH_REQUIRED,Mapping verification,UNDECIDED_OFFLINE,SBIN,true,revalidated history/liquidity evidence,v0.37 is offline; prior price-derived evidence is not current
WS:ISIN:INE066A01021,IN_NIFTY50,XNSE,EICHERMOT,NOT_VERIFIED,MAPPING_PRESENT_NOT_REVALIDATED,HISTORY_NOT_CHECKED,LIQUIDITY_NOT_CHECKED,NOT_VERIFIED,true,P1,PRICE_HISTORY_AND_LIQUIDITY_REFRESH_REQUIRED,Mapping verification,UNDECIDED_OFFLINE,EICHERMOT,true,revalidated history/liquidity evidence,v0.37 is offline; prior price-derived evidence is not current
WS:ISIN:INE075A01022,IN_NIFTY50,XNSE,WIPRO,NOT_VERIFIED,MAPPING_PRESENT_NOT_REVALIDATED,HISTORY_NOT_CHECKED,LIQUIDITY_NOT_CHECKED,NOT_VERIFIED,true,P1,PRICE_HISTORY_AND_LIQUIDITY_REFRESH_REQUIRED,Mapping verification,UNDECIDED_OFFLINE,WIPRO,true,revalidated history/liquidity evidence,v0.37 is offline; prior price-derived evidence is not current
WS:ISIN:INE081A01020,IN_NIFTY50,XNSE,TATASTEEL,NOT_VERIFIED,MAPPING_PRESENT_NOT_REVALIDATED,HISTORY_NOT_CHECKED,LIQUIDITY_NOT_CHECKED,NOT_VERIFIED,true,P1,PRICE_HISTORY_AND_LIQUIDITY_REFRESH_REQUIRED,Mapping verification,UNDECIDED_OFFLINE,TATASTEEL,true,revalidated history/liquidity evidence,v0.37 is offline; prior price-derived evidence is not current
WS:ISIN:INE089A01031,IN_NIFTY50,XNSE,DRREDDY,NOT_VERIFIED,MAPPING_PRESENT_NOT_REVALIDATED,HISTORY_NOT_CHECKED,LIQUIDITY_NOT_CHECKED,NOT_VERIFIED,true,P1,PRICE_HISTORY_AND_LIQUIDITY_REFRESH_REQUIRED,Mapping verification,UNDECIDED_OFFLINE,DRREDDY,true,revalidated history/liquidity evidence,v0.37 is offline; prior price-derived evidence is not current
WS:ISIN:INE090A01021,IN_NIFTY50,XNSE,ICICIBANK,NOT_VERIFIED,MAPPING_PRESENT_NOT_REVALIDATED,HISTORY_NOT_CHECKED,LIQUIDITY_NOT_CHECKED,NOT_VERIFIED,true,P1,PRICE_HISTORY_AND_LIQUIDITY_REFRESH_REQUIRED,Mapping verification,UNDECIDED_OFFLINE,ICICIBANK,true,revalidated history/liquidity evidence,v0.37 is offline; prior price-derived evidence is not current
WS:ISIN:INE101A01026,IN_NIFTY50,XNSE,M&M,NOT_VERIFIED,MAPPING_PRESENT_NOT_REVALIDATED,HISTORY_NOT_CHECKED,LIQUIDITY_NOT_CHECKED,NOT_VERIFIED,true,P1,PRICE_HISTORY_AND_LIQUIDITY_REFRESH_REQUIRED,Mapping verification,UNDECIDED_OFFLINE,M&M,true,revalidated history/liquidity evidence,v0.37 is offline; prior price-derived evidence is not current
WS:ISIN:INE123W01016,IN_NIFTY50,XNSE,SBILIFE,NOT_VERIFIED,MAPPING_PRESENT_NOT_REVALIDATED,HISTORY_NOT_CHECKED,LIQUIDITY_NOT_CHECKED,NOT_VERIFIED,true,P1,PRICE_HISTORY_AND_LIQUIDITY_REFRESH_REQUIRED,Mapping verification,UNDECIDED_OFFLINE,SBILIFE,true,revalidated history/liquidity evidence,v0.37 is offline; prior price-derived evidence is not current
WS:ISIN:INE154A01025,IN_NIFTY50,XNSE,ITC,NOT_VERIFIED,MAPPING_PRESENT_NOT_REVALIDATED,HISTORY_NOT_CHECKED,LIQUIDITY_NOT_CHECKED,NOT_VERIFIED,true,P1,PRICE_HISTORY_AND_LIQUIDITY_REFRESH_REQUIRED,Mapping verification,UNDECIDED_OFFLINE,ITC,true,revalidated history/liquidity evidence,v0.37 is offline; prior price-derived evidence is not current
WS:ISIN:INE155A01022,IN_NIFTY50,XNSE,TMPV,NOT_VERIFIED,MAPPING_PRESENT_NOT_REVALIDATED,HISTORY_NOT_CHECKED,LIQUIDITY_NOT_CHECKED,NOT_VERIFIED,true,P1,PRICE_HISTORY_AND_LIQUIDITY_REFRESH_REQUIRED,Mapping verification,UNDECIDED_OFFLINE,TMPV,true,revalidated history/liquidity evidence,v0.37 is offline; prior price-derived evidence is not current
WS:ISIN:INE192A01025,IN_NIFTY50,XNSE,TATACONSUM,NOT_VERIFIED,MAPPING_PRESENT_NOT_REVALIDATED,HISTORY_NOT_CHECKED,LIQUIDITY_NOT_CHECKED,NOT_VERIFIED,true,P1,PRICE_HISTORY_AND_LIQUIDITY_REFRESH_REQUIRED,Mapping verification,UNDECIDED_OFFLINE,TATACONSUM,true,revalidated history/liquidity evidence,v0.37 is offline; prior price-derived evidence is not current
WS:ISIN:INE213A01029,IN_NIFTY50,XNSE,ONGC,NOT_VERIFIED,MAPPING_PRESENT_NOT_REVALIDATED,HISTORY_NOT_CHECKED,LIQUIDITY_NOT_CHECKED,NOT_VERIFIED,true,P1,PRICE_HISTORY_AND_LIQUIDITY_REFRESH_REQUIRED,Mapping verification,UNDECIDED_OFFLINE,ONGC,true,revalidated history/liquidity evidence,v0.37 is offline; prior price-derived evidence is not current
WS:ISIN:INE237A01036,IN_NIFTY50,XNSE,KOTAKBANK,NOT_VERIFIED,MAPPING_PRESENT_NOT_REVALIDATED,HISTORY_NOT_CHECKED,LIQUIDITY_NOT_CHECKED,NOT_VERIFIED,true,P1,PRICE_HISTORY_AND_LIQUIDITY_REFRESH_REQUIRED,Mapping verification,UNDECIDED_OFFLINE,KOTAKBANK,true,revalidated history/liquidity evidence,v0.37 is offline; prior price-derived evidence is not current
WS:ISIN:INE238A01034,IN_NIFTY50,XNSE,AXISBANK,NOT_VERIFIED,MAPPING_PRESENT_NOT_REVALIDATED,HISTORY_NOT_CHECKED,LIQUIDITY_NOT_CHECKED,NOT_VERIFIED,true,P1,PRICE_HISTORY_AND_LIQUIDITY_REFRESH_REQUIRED,Mapping verification,UNDECIDED_OFFLINE,AXISBANK,true,revalidated history/liquidity evidence,v0.37 is offline; prior price-derived evidence is not current
WS:ISIN:INE239A01024,IN_NIFTY50,XNSE,NESTLEIND,NOT_VERIFIED,MAPPING_PRESENT_NOT_REVALIDATED,HISTORY_NOT_CHECKED,LIQUIDITY_NOT_CHECKED,NOT_VERIFIED,true,P1,PRICE_HISTORY_AND_LIQUIDITY_REFRESH_REQUIRED,Mapping verification,UNDECIDED_OFFLINE,NESTLEIND,true,revalidated history/liquidity evidence,v0.37 is offline; prior price-derived evidence is not current
WS:ISIN:INE263A01024,IN_NIFTY50,XNSE,BEL,NOT_VERIFIED,MAPPING_PRESENT_NOT_REVALIDATED,HISTORY_NOT_CHECKED,LIQUIDITY_NOT_CHECKED,NOT_VERIFIED,true,P1,PRICE_HISTORY_AND_LIQUIDITY_REFRESH_REQUIRED,Mapping verification,UNDECIDED_OFFLINE,BEL,true,revalidated history/liquidity evidence,v0.37 is offline; prior price-derived evidence is not current
WS:ISIN:INE280A01028,IN_NIFTY50,XNSE,TITAN,NOT_VERIFIED,MAPPING_PRESENT_NOT_REVALIDATED,HISTORY_NOT_CHECKED,LIQUIDITY_NOT_CHECKED,NOT_VERIFIED,true,P1,PRICE_HISTORY_AND_LIQUIDITY_REFRESH_REQUIRED,Mapping verification,UNDECIDED_OFFLINE,TITAN,true,revalidated history/liquidity evidence,v0.37 is offline; prior price-derived evidence is not current
WS:ISIN:INE296A01032,IN_NIFTY50,XNSE,BAJFINANCE,NOT_VERIFIED,MAPPING_PRESENT_NOT_REVALIDATED,HISTORY_NOT_CHECKED,LIQUIDITY_NOT_CHECKED,NOT_VERIFIED,true,P1,PRICE_HISTORY_AND_LIQUIDITY_REFRESH_REQUIRED,Mapping verification,UNDECIDED_OFFLINE,BAJFINANCE,true,revalidated history/liquidity evidence,v0.37 is offline; prior price-derived evidence is not current
WS:ISIN:INE397D01024,IN_NIFTY50,XNSE,BHARTIARTL,NOT_VERIFIED,MAPPING_PRESENT_NOT_REVALIDATED,HISTORY_NOT_CHECKED,LIQUIDITY_NOT_CHECKED,NOT_VERIFIED,true,P1,PRICE_HISTORY_AND_LIQUIDITY_REFRESH_REQUIRED,Mapping verification,UNDECIDED_OFFLINE,BHARTIARTL,true,revalidated history/liquidity evidence,v0.37 is offline; prior price-derived evidence is not current
WS:ISIN:INE423A01024,IN_NIFTY50,XNSE,ADANIENT,NOT_VERIFIED,MAPPING_PRESENT_NOT_REVALIDATED,HISTORY_NOT_CHECKED,LIQUIDITY_NOT_CHECKED,NOT_VERIFIED,true,P1,PRICE_HISTORY_AND_LIQUIDITY_REFRESH_REQUIRED,Mapping verification,UNDECIDED_OFFLINE,ADANIENT,true,revalidated history/liquidity evidence,v0.37 is offline; prior price-derived evidence is not current
WS:ISIN:INE437A01024,IN_NIFTY50,XNSE,APOLLOHOSP,NOT_VERIFIED,MAPPING_PRESENT_NOT_REVALIDATED,HISTORY_NOT_CHECKED,LIQUIDITY_NOT_CHECKED,NOT_VERIFIED,true,P1,PRICE_HISTORY_AND_LIQUIDITY_REFRESH_REQUIRED,Mapping verification,UNDECIDED_OFFLINE,APOLLOHOSP,true,revalidated history/liquidity evidence,v0.37 is offline; prior price-derived evidence is not current
WS:ISIN:INE467B01029,IN_NIFTY50,XNSE,TCS,NOT_VERIFIED,MAPPING_PRESENT_NOT_REVALIDATED,HISTORY_NOT_CHECKED,LIQUIDITY_NOT_CHECKED,NOT_VERIFIED,true,P1,PRICE_HISTORY_AND_LIQUIDITY_REFRESH_REQUIRED,Mapping verification,UNDECIDED_OFFLINE,TCS,true,revalidated history/liquidity evidence,v0.37 is offline; prior price-derived evidence is not current
WS:ISIN:INE481G01011,IN_NIFTY50,XNSE,ULTRACEMCO,NOT_VERIFIED,MAPPING_PRESENT_NOT_REVALIDATED,HISTORY_NOT_CHECKED,LIQUIDITY_NOT_CHECKED,NOT_VERIFIED,true,P1,PRICE_HISTORY_AND_LIQUIDITY_REFRESH_REQUIRED,Mapping verification,UNDECIDED_OFFLINE,ULTRACEMCO,true,revalidated history/liquidity evidence,v0.37 is offline; prior price-derived evidence is not current
WS:ISIN:INE522F01014,IN_NIFTY50,XNSE,COALINDIA,NOT_VERIFIED,MAPPING_PRESENT_NOT_REVALIDATED,HISTORY_NOT_CHECKED,LIQUIDITY_NOT_CHECKED,NOT_VERIFIED,true,P1,PRICE_HISTORY_AND_LIQUIDITY_REFRESH_REQUIRED,Mapping verification,UNDECIDED_OFFLINE,COALINDIA,true,revalidated history/liquidity evidence,v0.37 is offline; prior price-derived evidence is not current
WS:ISIN:INE585B01010,IN_NIFTY50,XNSE,MARUTI,NOT_VERIFIED,MAPPING_PRESENT_NOT_REVALIDATED,HISTORY_NOT_CHECKED,LIQUIDITY_NOT_CHECKED,NOT_VERIFIED,true,P1,PRICE_HISTORY_AND_LIQUIDITY_REFRESH_REQUIRED,Mapping verification,UNDECIDED_OFFLINE,MARUTI,true,revalidated history/liquidity evidence,v0.37 is offline; prior price-derived evidence is not current
WS:ISIN:INE646L01027,IN_NIFTY50,XNSE,INDIGO,NOT_VERIFIED,MAPPING_PRESENT_NOT_REVALIDATED,HISTORY_NOT_CHECKED,LIQUIDITY_NOT_CHECKED,NOT_VERIFIED,true,P1,PRICE_HISTORY_AND_LIQUIDITY_REFRESH_REQUIRED,Mapping verification,UNDECIDED_OFFLINE,INDIGO,true,revalidated history/liquidity evidence,v0.37 is offline; prior price-derived evidence is not current
WS:ISIN:INE669C01036,IN_NIFTY50,XNSE,TECHM,NOT_VERIFIED,MAPPING_PRESENT_NOT_REVALIDATED,HISTORY_NOT_CHECKED,LIQUIDITY_NOT_CHECKED,NOT_VERIFIED,true,P1,PRICE_HISTORY_AND_LIQUIDITY_REFRESH_REQUIRED,Mapping verification,UNDECIDED_OFFLINE,TECHM,true,revalidated history/liquidity evidence,v0.37 is offline; prior price-derived evidence is not current
WS:ISIN:INE721A01047,IN_NIFTY50,XNSE,SHRIRAMFIN,NOT_VERIFIED,MAPPING_PRESENT_NOT_REVALIDATED,HISTORY_NOT_CHECKED,LIQUIDITY_NOT_CHECKED,NOT_VERIFIED,true,P1,PRICE_HISTORY_AND_LIQUIDITY_REFRESH_REQUIRED,Mapping verification,UNDECIDED_OFFLINE,SHRIRAMFIN,true,revalidated history/liquidity evidence,v0.37 is offline; prior price-derived evidence is not current
WS:ISIN:INE733E01010,IN_NIFTY50,XNSE,NTPC,NOT_VERIFIED,MAPPING_PRESENT_NOT_REVALIDATED,HISTORY_NOT_CHECKED,LIQUIDITY_NOT_CHECKED,NOT_VERIFIED,true,P1,PRICE_HISTORY_AND_LIQUIDITY_REFRESH_REQUIRED,Mapping verification,UNDECIDED_OFFLINE,NTPC,true,revalidated history/liquidity evidence,v0.37 is offline; prior price-derived evidence is not current
WS:ISIN:INE742F01042,IN_NIFTY50,XNSE,ADANIPORTS,NOT_VERIFIED,MAPPING_PRESENT_NOT_REVALIDATED,HISTORY_NOT_CHECKED,LIQUIDITY_NOT_CHECKED,NOT_VERIFIED,true,P1,PRICE_HISTORY_AND_LIQUIDITY_REFRESH_REQUIRED,Mapping verification,UNDECIDED_OFFLINE,ADANIPORTS,true,revalidated history/liquidity evidence,v0.37 is offline; prior price-derived evidence is not current
WS:ISIN:INE752E01010,IN_NIFTY50,XNSE,POWERGRID,NOT_VERIFIED,MAPPING_PRESENT_NOT_REVALIDATED,HISTORY_NOT_CHECKED,LIQUIDITY_NOT_CHECKED,NOT_VERIFIED,true,P1,PRICE_HISTORY_AND_LIQUIDITY_REFRESH_REQUIRED,Mapping verification,UNDECIDED_OFFLINE,POWERGRID,true,revalidated history/liquidity evidence,v0.37 is offline; prior price-derived evidence is not current
WS:ISIN:INE758E01017,IN_NIFTY50,XNSE,JIOFIN,NOT_VERIFIED,MAPPING_PRESENT_NOT_REVALIDATED,HISTORY_NOT_CHECKED,LIQUIDITY_NOT_CHECKED,NOT_VERIFIED,true,P1,PRICE_HISTORY_AND_LIQUIDITY_REFRESH_REQUIRED,Mapping verification,UNDECIDED_OFFLINE,JIOFIN,true,revalidated history/liquidity evidence,v0.37 is offline; prior price-derived evidence is not current
WS:ISIN:INE758T01015,IN_NIFTY50,XNSE,ETERNAL,NOT_VERIFIED,MAPPING_PRESENT_NOT_REVALIDATED,HISTORY_NOT_CHECKED,LIQUIDITY_NOT_CHECKED,NOT_VERIFIED,true,P1,PRICE_HISTORY_AND_LIQUIDITY_REFRESH_REQUIRED,Mapping verification,UNDECIDED_OFFLINE,ETERNAL,true,revalidated history/liquidity evidence,v0.37 is offline; prior price-derived evidence is not current
WS:ISIN:INE795G01014,IN_NIFTY50,XNSE,HDFCLIFE,NOT_VERIFIED,MAPPING_PRESENT_NOT_REVALIDATED,HISTORY_NOT_CHECKED,LIQUIDITY_NOT_CHECKED,NOT_VERIFIED,true,P1,PRICE_HISTORY_AND_LIQUIDITY_REFRESH_REQUIRED,Mapping verification,UNDECIDED_OFFLINE,HDFCLIFE,true,revalidated history/liquidity evidence,v0.37 is offline; prior price-derived evidence is not current
WS:ISIN:INE849A01020,IN_NIFTY50,XNSE,TRENT,NOT_VERIFIED,MAPPING_PRESENT_NOT_REVALIDATED,HISTORY_NOT_CHECKED,LIQUIDITY_NOT_CHECKED,NOT_VERIFIED,true,P1,PRICE_HISTORY_AND_LIQUIDITY_REFRESH_REQUIRED,Mapping verification,UNDECIDED_OFFLINE,TRENT,true,revalidated history/liquidity evidence,v0.37 is offline; prior price-derived evidence is not current
WS:ISIN:INE860A01027,IN_NIFTY50,XNSE,HCLTECH,NOT_VERIFIED,MAPPING_PRESENT_NOT_REVALIDATED,HISTORY_NOT_CHECKED,LIQUIDITY_NOT_CHECKED,NOT_VERIFIED,true,P1,PRICE_HISTORY_AND_LIQUIDITY_REFRESH_REQUIRED,Mapping verification,UNDECIDED_OFFLINE,HCLTECH,true,revalidated history/liquidity evidence,v0.37 is offline; prior price-derived evidence is not current
WS:ISIN:INE917I01010,IN_NIFTY50,XNSE,BAJAJ-AUTO,NOT_VERIFIED,MAPPING_PRESENT_NOT_REVALIDATED,HISTORY_NOT_CHECKED,LIQUIDITY_NOT_CHECKED,NOT_VERIFIED,true,P1,PRICE_HISTORY_AND_LIQUIDITY_REFRESH_REQUIRED,Mapping verification,UNDECIDED_OFFLINE,BAJAJ-AUTO,true,revalidated history/liquidity evidence,v0.37 is offline; prior price-derived evidence is not current
WS:ISIN:INE918I01026,IN_NIFTY50,XNSE,BAJAJFINSV,NOT_VERIFIED,MAPPING_PRESENT_NOT_REVALIDATED,HISTORY_NOT_CHECKED,LIQUIDITY_NOT_CHECKED,NOT_VERIFIED,true,P1,PRICE_HISTORY_AND_LIQUIDITY_REFRESH_REQUIRED,Mapping verification,UNDECIDED_OFFLINE,BAJAJFINSV,true,revalidated history/liquidity evidence,v0.37 is offline; prior price-derived evidence is not current
WS:ISIN:KYG022421088,TW_TW50,XTAI,3661,NOT_VERIFIED,MAPPING_PRESENT_NOT_REVALIDATED,HISTORY_NOT_CHECKED,LIQUIDITY_NOT_CHECKED,NOT_VERIFIED,true,P1,PRICE_HISTORY_AND_LIQUIDITY_REFRESH_REQUIRED,Mapping verification,UNDECIDED_OFFLINE,3661,true,revalidated history/liquidity evidence,v0.37 is offline; prior price-derived evidence is not current
WS:ISIN:KYG114741062,TW_TW50,XTAI,3665,NOT_VERIFIED,MAPPING_PRESENT_NOT_REVALIDATED,HISTORY_NOT_CHECKED,LIQUIDITY_NOT_CHECKED,NOT_VERIFIED,true,P1,PRICE_HISTORY_AND_LIQUIDITY_REFRESH_REQUIRED,Mapping verification,UNDECIDED_OFFLINE,3665,true,revalidated history/liquidity evidence,v0.37 is offline; prior price-derived evidence is not current
WS:ISIN:KYG989221000,TW_TW50,XTAI,4958,NOT_VERIFIED,MAPPING_PRESENT_NOT_REVALIDATED,HISTORY_NOT_CHECKED,LIQUIDITY_NOT_CHECKED,NOT_VERIFIED,true,P1,PRICE_HISTORY_AND_LIQUIDITY_REFRESH_REQUIRED,Mapping verification,UNDECIDED_OFFLINE,4958,true,revalidated history/liquidity evidence,v0.37 is offline; prior price-derived evidence is not current
WS:ISIN:TW0001216000,TW_TW50,XTAI,1216,NOT_VERIFIED,MAPPING_PRESENT_NOT_REVALIDATED,HISTORY_NOT_CHECKED,LIQUIDITY_NOT_CHECKED,NOT_VERIFIED,true,P1,PRICE_HISTORY_AND_LIQUIDITY_REFRESH_REQUIRED,Mapping verification,UNDECIDED_OFFLINE,1216,true,revalidated history/liquidity evidence,v0.37 is offline; prior price-derived evidence is not current
WS:ISIN:TW0001303006,TW_TW50,XTAI,1303,NOT_VERIFIED,MAPPING_PRESENT_NOT_REVALIDATED,HISTORY_NOT_CHECKED,LIQUIDITY_NOT_CHECKED,NOT_VERIFIED,true,P1,PRICE_HISTORY_AND_LIQUIDITY_REFRESH_REQUIRED,Mapping verification,UNDECIDED_OFFLINE,1303,true,revalidated history/liquidity evidence,v0.37 is offline; prior price-derived evidence is not current
WS:ISIN:TW0002059003,TW_TW50,XTAI,2059,NOT_VERIFIED,MAPPING_PRESENT_NOT_REVALIDATED,HISTORY_NOT_CHECKED,LIQUIDITY_NOT_CHECKED,NOT_VERIFIED,true,P1,PRICE_HISTORY_AND_LIQUIDITY_REFRESH_REQUIRED,Mapping verification,UNDECIDED_OFFLINE,2059,true,revalidated history/liquidity evidence,v0.37 is offline; prior price-derived evidence is not current
WS:ISIN:TW0002301009,TW_TW50,XTAI,2301,NOT_VERIFIED,MAPPING_PRESENT_NOT_REVALIDATED,HISTORY_NOT_CHECKED,LIQUIDITY_NOT_CHECKED,NOT_VERIFIED,true,P1,PRICE_HISTORY_AND_LIQUIDITY_REFRESH_REQUIRED,Mapping verification,UNDECIDED_OFFLINE,2301,true,revalidated history/liquidity evidence,v0.37 is offline; prior price-derived evidence is not current
WS:ISIN:TW0002303005,TW_TW50,XTAI,2303,NOT_VERIFIED,MAPPING_PRESENT_NOT_REVALIDATED,HISTORY_NOT_CHECKED,LIQUIDITY_NOT_CHECKED,NOT_VERIFIED,true,P1,PRICE_HISTORY_AND_LIQUIDITY_REFRESH_REQUIRED,Mapping verification,UNDECIDED_OFFLINE,2303,true,revalidated history/liquidity evidence,v0.37 is offline; prior price-derived evidence is not current
WS:ISIN:TW0002308004,TW_TW50,XTAI,2308,NOT_VERIFIED,MAPPING_PRESENT_NOT_REVALIDATED,HISTORY_NOT_CHECKED,LIQUIDITY_NOT_CHECKED,NOT_VERIFIED,true,P1,PRICE_HISTORY_AND_LIQUIDITY_REFRESH_REQUIRED,Mapping verification,UNDECIDED_OFFLINE,2308,true,revalidated history/liquidity evidence,v0.37 is offline; prior price-derived evidence is not current
WS:ISIN:TW0002317005,TW_TW50,XTAI,2317,NOT_VERIFIED,MAPPING_PRESENT_NOT_REVALIDATED,HISTORY_NOT_CHECKED,LIQUIDITY_NOT_CHECKED,NOT_VERIFIED,true,P1,PRICE_HISTORY_AND_LIQUIDITY_REFRESH_REQUIRED,Mapping verification,UNDECIDED_OFFLINE,2317,true,revalidated history/liquidity evidence,v0.37 is offline; prior price-derived evidence is not current
WS:ISIN:TW0002327004,TW_TW50,XTAI,2327,NOT_VERIFIED,MAPPING_PRESENT_NOT_REVALIDATED,HISTORY_NOT_CHECKED,LIQUIDITY_NOT_CHECKED,NOT_VERIFIED,true,P1,PRICE_HISTORY_AND_LIQUIDITY_REFRESH_REQUIRED,Mapping verification,UNDECIDED_OFFLINE,2327,true,revalidated history/liquidity evidence,v0.37 is offline; prior price-derived evidence is not current
WS:ISIN:TW0002330008,TW_TW50,XTAI,2330,NOT_VERIFIED,MAPPING_PRESENT_NOT_REVALIDATED,HISTORY_NOT_CHECKED,LIQUIDITY_NOT_CHECKED,NOT_VERIFIED,true,P1,PRICE_HISTORY_AND_LIQUIDITY_REFRESH_REQUIRED,Mapping verification,UNDECIDED_OFFLINE,2330,true,revalidated history/liquidity evidence,v0.37 is offline; prior price-derived evidence is not current
WS:ISIN:TW0002344009,TW_TW50,XTAI,2344,NOT_VERIFIED,MAPPING_PRESENT_NOT_REVALIDATED,HISTORY_NOT_CHECKED,LIQUIDITY_NOT_CHECKED,NOT_VERIFIED,true,P1,PRICE_HISTORY_AND_LIQUIDITY_REFRESH_REQUIRED,Mapping verification,UNDECIDED_OFFLINE,2344,true,revalidated history/liquidity evidence,v0.37 is offline; prior price-derived evidence is not current
WS:ISIN:TW0002345006,TW_TW50,XTAI,2345,NOT_VERIFIED,MAPPING_PRESENT_NOT_REVALIDATED,HISTORY_NOT_CHECKED,LIQUIDITY_NOT_CHECKED,NOT_VERIFIED,true,P1,PRICE_HISTORY_AND_LIQUIDITY_REFRESH_REQUIRED,Mapping verification,UNDECIDED_OFFLINE,2345,true,revalidated history/liquidity evidence,v0.37 is offline; prior price-derived evidence is not current
WS:ISIN:TW0002357001,TW_TW50,XTAI,2357,NOT_VERIFIED,MAPPING_PRESENT_NOT_REVALIDATED,HISTORY_NOT_CHECKED,LIQUIDITY_NOT_CHECKED,NOT_VERIFIED,true,P1,PRICE_HISTORY_AND_LIQUIDITY_REFRESH_REQUIRED,Mapping verification,UNDECIDED_OFFLINE,2357,true,revalidated history/liquidity evidence,v0.37 is offline; prior price-derived evidence is not current
WS:ISIN:TW0002360005,TW_TW50,XTAI,2360,NOT_VERIFIED,MAPPING_PRESENT_NOT_REVALIDATED,HISTORY_NOT_CHECKED,LIQUIDITY_NOT_CHECKED,NOT_VERIFIED,true,P1,PRICE_HISTORY_AND_LIQUIDITY_REFRESH_REQUIRED,Mapping verification,UNDECIDED_OFFLINE,2360,true,revalidated history/liquidity evidence,v0.37 is offline; prior price-derived evidence is not current
WS:ISIN:TW0002368008,TW_TW50,XTAI,2368,NOT_VERIFIED,MAPPING_PRESENT_NOT_REVALIDATED,HISTORY_NOT_CHECKED,LIQUIDITY_NOT_CHECKED,NOT_VERIFIED,true,P1,PRICE_HISTORY_AND_LIQUIDITY_REFRESH_REQUIRED,Mapping verification,UNDECIDED_OFFLINE,2368,true,revalidated history/liquidity evidence,v0.37 is offline; prior price-derived evidence is not current
WS:ISIN:TW0002382009,TW_TW50,XTAI,2382,NOT_VERIFIED,MAPPING_PRESENT_NOT_REVALIDATED,HISTORY_NOT_CHECKED,LIQUIDITY_NOT_CHECKED,NOT_VERIFIED,true,P1,PRICE_HISTORY_AND_LIQUIDITY_REFRESH_REQUIRED,Mapping verification,UNDECIDED_OFFLINE,2382,true,revalidated history/liquidity evidence,v0.37 is offline; prior price-derived evidence is not current
WS:ISIN:TW0002383007,TW_TW50,XTAI,2383,NOT_VERIFIED,MAPPING_PRESENT_NOT_REVALIDATED,HISTORY_NOT_CHECKED,LIQUIDITY_NOT_CHECKED,NOT_VERIFIED,true,P1,PRICE_HISTORY_AND_LIQUIDITY_REFRESH_REQUIRED,Mapping verification,UNDECIDED_OFFLINE,2383,true,revalidated history/liquidity evidence,v0.37 is offline; prior price-derived evidence is not current
WS:ISIN:TW0002395001,TW_TW50,XTAI,2395,NOT_VERIFIED,MAPPING_PRESENT_NOT_REVALIDATED,HISTORY_NOT_CHECKED,LIQUIDITY_NOT_CHECKED,NOT_VERIFIED,true,P1,PRICE_HISTORY_AND_LIQUIDITY_REFRESH_REQUIRED,Mapping verification,UNDECIDED_OFFLINE,2395,true,revalidated history/liquidity evidence,v0.37 is offline; prior price-derived evidence is not current
WS:ISIN:TW0002408002,TW_TW50,XTAI,2408,NOT_VERIFIED,MAPPING_PRESENT_NOT_REVALIDATED,HISTORY_NOT_CHECKED,LIQUIDITY_NOT_CHECKED,NOT_VERIFIED,true,P1,PRICE_HISTORY_AND_LIQUIDITY_REFRESH_REQUIRED,Mapping verification,UNDECIDED_OFFLINE,2408,true,revalidated history/liquidity evidence,v0.37 is offline; prior price-derived evidence is not current
WS:ISIN:TW0002412004,TW_TW50,XTAI,2412,NOT_VERIFIED,MAPPING_PRESENT_NOT_REVALIDATED,HISTORY_NOT_CHECKED,LIQUIDITY_NOT_CHECKED,NOT_VERIFIED,true,P1,PRICE_HISTORY_AND_LIQUIDITY_REFRESH_REQUIRED,Mapping verification,UNDECIDED_OFFLINE,2412,true,revalidated history/liquidity evidence,v0.37 is offline; prior price-derived evidence is not current
WS:ISIN:TW0002449006,TW_TW50,XTAI,2449,NOT_VERIFIED,MAPPING_PRESENT_NOT_REVALIDATED,HISTORY_NOT_CHECKED,LIQUIDITY_NOT_CHECKED,NOT_VERIFIED,true,P1,PRICE_HISTORY_AND_LIQUIDITY_REFRESH_REQUIRED,Mapping verification,UNDECIDED_OFFLINE,2449,true,revalidated history/liquidity evidence,v0.37 is offline; prior price-derived evidence is not current
WS:ISIN:TW0002454006,TW_TW50,XTAI,2454,NOT_VERIFIED,MAPPING_PRESENT_NOT_REVALIDATED,HISTORY_NOT_CHECKED,LIQUIDITY_NOT_CHECKED,NOT_VERIFIED,true,P1,PRICE_HISTORY_AND_LIQUIDITY_REFRESH_REQUIRED,Mapping verification,UNDECIDED_OFFLINE,2454,true,revalidated history/liquidity evidence,v0.37 is offline; prior price-derived evidence is not current
WS:ISIN:TW0002603008,TW_TW50,XTAI,2603,NOT_VERIFIED,MAPPING_PRESENT_NOT_REVALIDATED,HISTORY_NOT_CHECKED,LIQUIDITY_NOT_CHECKED,NOT_VERIFIED,true,P1,PRICE_HISTORY_AND_LIQUIDITY_REFRESH_REQUIRED,Mapping verification,UNDECIDED_OFFLINE,2603,true,revalidated history/liquidity evidence,v0.37 is offline; prior price-derived evidence is not current
WS:ISIN:TW0002880002,TW_TW50,XTAI,2880,NOT_VERIFIED,MAPPING_PRESENT_NOT_REVALIDATED,HISTORY_NOT_CHECKED,LIQUIDITY_NOT_CHECKED,NOT_VERIFIED,true,P1,PRICE_HISTORY_AND_LIQUIDITY_REFRESH_REQUIRED,Mapping verification,UNDECIDED_OFFLINE,2880,true,revalidated history/liquidity evidence,v0.37 is offline; prior price-derived evidence is not current
WS:ISIN:TW0002881000,TW_TW50,XTAI,2881,NOT_VERIFIED,MAPPING_PRESENT_NOT_REVALIDATED,HISTORY_NOT_CHECKED,LIQUIDITY_NOT_CHECKED,NOT_VERIFIED,true,P1,PRICE_HISTORY_AND_LIQUIDITY_REFRESH_REQUIRED,Mapping verification,UNDECIDED_OFFLINE,2881,true,revalidated history/liquidity evidence,v0.37 is offline; prior price-derived evidence is not current
WS:ISIN:TW0002882008,TW_TW50,XTAI,2882,NOT_VERIFIED,MAPPING_PRESENT_NOT_REVALIDATED,HISTORY_NOT_CHECKED,LIQUIDITY_NOT_CHECKED,NOT_VERIFIED,true,P1,PRICE_HISTORY_AND_LIQUIDITY_REFRESH_REQUIRED,Mapping verification,UNDECIDED_OFFLINE,2882,true,revalidated history/liquidity evidence,v0.37 is offline; prior price-derived evidence is not current
WS:ISIN:TW0002883006,TW_TW50,XTAI,2883,NOT_VERIFIED,MAPPING_PRESENT_NOT_REVALIDATED,HISTORY_NOT_CHECKED,LIQUIDITY_NOT_CHECKED,NOT_VERIFIED,true,P1,PRICE_HISTORY_AND_LIQUIDITY_REFRESH_REQUIRED,Mapping verification,UNDECIDED_OFFLINE,2883,true,revalidated history/liquidity evidence,v0.37 is offline; prior price-derived evidence is not current
WS:ISIN:TW0002884004,TW_TW50,XTAI,2884,NOT_VERIFIED,MAPPING_PRESENT_NOT_REVALIDATED,HISTORY_NOT_CHECKED,LIQUIDITY_NOT_CHECKED,NOT_VERIFIED,true,P1,PRICE_HISTORY_AND_LIQUIDITY_REFRESH_REQUIRED,Mapping verification,UNDECIDED_OFFLINE,2884,true,revalidated history/liquidity evidence,v0.37 is offline; prior price-derived evidence is not current
WS:ISIN:TW0002885001,TW_TW50,XTAI,2885,NOT_VERIFIED,MAPPING_PRESENT_NOT_REVALIDATED,HISTORY_NOT_CHECKED,LIQUIDITY_NOT_CHECKED,NOT_VERIFIED,true,P1,PRICE_HISTORY_AND_LIQUIDITY_REFRESH_REQUIRED,Mapping verification,UNDECIDED_OFFLINE,2885,true,revalidated history/liquidity evidence,v0.37 is offline; prior price-derived evidence is not current
WS:ISIN:TW0002886009,TW_TW50,XTAI,2886,NOT_VERIFIED,MAPPING_PRESENT_NOT_REVALIDATED,HISTORY_NOT_CHECKED,LIQUIDITY_NOT_CHECKED,NOT_VERIFIED,true,P1,PRICE_HISTORY_AND_LIQUIDITY_REFRESH_REQUIRED,Mapping verification,UNDECIDED_OFFLINE,2886,true,revalidated history/liquidity evidence,v0.37 is offline; prior price-derived evidence is not current
WS:ISIN:TW0002887007,TW_TW50,XTAI,2887,NOT_VERIFIED,MAPPING_PRESENT_NOT_REVALIDATED,HISTORY_NOT_CHECKED,LIQUIDITY_NOT_CHECKED,NOT_VERIFIED,true,P1,PRICE_HISTORY_AND_LIQUIDITY_REFRESH_REQUIRED,Mapping verification,UNDECIDED_OFFLINE,2887,true,revalidated history/liquidity evidence,v0.37 is offline; prior price-derived evidence is not current
WS:ISIN:TW0002890001,TW_TW50,XTAI,2890,NOT_VERIFIED,MAPPING_PRESENT_NOT_REVALIDATED,HISTORY_NOT_CHECKED,LIQUIDITY_NOT_CHECKED,NOT_VERIFIED,true,P1,PRICE_HISTORY_AND_LIQUIDITY_REFRESH_REQUIRED,Mapping verification,UNDECIDED_OFFLINE,2890,true,revalidated history/liquidity evidence,v0.37 is offline; prior price-derived evidence is not current
WS:ISIN:TW0002891009,TW_TW50,XTAI,2891,NOT_VERIFIED,MAPPING_PRESENT_NOT_REVALIDATED,HISTORY_NOT_CHECKED,LIQUIDITY_NOT_CHECKED,NOT_VERIFIED,true,P1,PRICE_HISTORY_AND_LIQUIDITY_REFRESH_REQUIRED,Mapping verification,UNDECIDED_OFFLINE,2891,true,revalidated history/liquidity evidence,v0.37 is offline; prior price-derived evidence is not current
WS:ISIN:TW0002892007,TW_TW50,XTAI,2892,NOT_VERIFIED,MAPPING_PRESENT_NOT_REVALIDATED,HISTORY_NOT_CHECKED,LIQUIDITY_NOT_CHECKED,NOT_VERIFIED,true,P1,PRICE_HISTORY_AND_LIQUIDITY_REFRESH_REQUIRED,Mapping verification,UNDECIDED_OFFLINE,2892,true,revalidated history/liquidity evidence,v0.37 is offline; prior price-derived evidence is not current
WS:ISIN:TW0003008009,TW_TW50,XTAI,3008,NOT_VERIFIED,MAPPING_PRESENT_NOT_REVALIDATED,HISTORY_NOT_CHECKED,LIQUIDITY_NOT_CHECKED,NOT_VERIFIED,true,P1,PRICE_HISTORY_AND_LIQUIDITY_REFRESH_REQUIRED,Mapping verification,UNDECIDED_OFFLINE,3008,true,revalidated history/liquidity evidence,v0.37 is offline; prior price-derived evidence is not current
WS:ISIN:TW0003017000,TW_TW50,XTAI,3017,NOT_VERIFIED,MAPPING_PRESENT_NOT_REVALIDATED,HISTORY_NOT_CHECKED,LIQUIDITY_NOT_CHECKED,NOT_VERIFIED,true,P1,PRICE_HISTORY_AND_LIQUIDITY_REFRESH_REQUIRED,Mapping verification,UNDECIDED_OFFLINE,3017,true,revalidated history/liquidity evidence,v0.37 is offline; prior price-derived evidence is not current
WS:ISIN:TW0003037008,TW_TW50,XTAI,3037,NOT_VERIFIED,MAPPING_PRESENT_NOT_REVALIDATED,HISTORY_NOT_CHECKED,LIQUIDITY_NOT_CHECKED,NOT_VERIFIED,true,P1,PRICE_HISTORY_AND_LIQUIDITY_REFRESH_REQUIRED,Mapping verification,UNDECIDED_OFFLINE,3037,true,revalidated history/liquidity evidence,v0.37 is offline; prior price-derived evidence is not current
WS:ISIN:TW0003045001,TW_TW50,XTAI,3045,NOT_VERIFIED,MAPPING_PRESENT_NOT_REVALIDATED,HISTORY_NOT_CHECKED,LIQUIDITY_NOT_CHECKED,NOT_VERIFIED,true,P1,PRICE_HISTORY_AND_LIQUIDITY_REFRESH_REQUIRED,Mapping verification,UNDECIDED_OFFLINE,3045,true,revalidated history/liquidity evidence,v0.37 is offline; prior price-derived evidence is not current
WS:ISIN:TW0003231007,TW_TW50,XTAI,3231,NOT_VERIFIED,MAPPING_PRESENT_NOT_REVALIDATED,HISTORY_NOT_CHECKED,LIQUIDITY_NOT_CHECKED,NOT_VERIFIED,true,P1,PRICE_HISTORY_AND_LIQUIDITY_REFRESH_REQUIRED,Mapping verification,UNDECIDED_OFFLINE,3231,true,revalidated history/liquidity evidence,v0.37 is offline; prior price-derived evidence is not current
WS:ISIN:TW0003443008,TW_TW50,XTAI,3443,NOT_VERIFIED,MAPPING_PRESENT_NOT_REVALIDATED,HISTORY_NOT_CHECKED,LIQUIDITY_NOT_CHECKED,NOT_VERIFIED,true,P1,PRICE_HISTORY_AND_LIQUIDITY_REFRESH_REQUIRED,Mapping verification,UNDECIDED_OFFLINE,3443,true,revalidated history/liquidity evidence,v0.37 is offline; prior price-derived evidence is not current
WS:ISIN:TW0003653002,TW_TW50,XTAI,3653,NOT_VERIFIED,MAPPING_PRESENT_NOT_REVALIDATED,HISTORY_NOT_CHECKED,LIQUIDITY_NOT_CHECKED,NOT_VERIFIED,true,P1,PRICE_HISTORY_AND_LIQUIDITY_REFRESH_REQUIRED,Mapping verification,UNDECIDED_OFFLINE,3653,true,revalidated history/liquidity evidence,v0.37 is offline; prior price-derived evidence is not current
WS:ISIN:TW0004904008,TW_TW50,XTAI,4904,NOT_VERIFIED,MAPPING_PRESENT_NOT_REVALIDATED,HISTORY_NOT_CHECKED,LIQUIDITY_NOT_CHECKED,NOT_VERIFIED,true,P1,PRICE_HISTORY_AND_LIQUIDITY_REFRESH_REQUIRED,Mapping verification,UNDECIDED_OFFLINE,4904,true,revalidated history/liquidity evidence,v0.37 is offline; prior price-derived evidence is not current
WS:ISIN:TW0005880009,TW_TW50,XTAI,5880,NOT_VERIFIED,MAPPING_PRESENT_NOT_REVALIDATED,HISTORY_NOT_CHECKED,LIQUIDITY_NOT_CHECKED,NOT_VERIFIED,true,P1,PRICE_HISTORY_AND_LIQUIDITY_REFRESH_REQUIRED,Mapping verification,UNDECIDED_OFFLINE,5880,true,revalidated history/liquidity evidence,v0.37 is offline; prior price-derived evidence is not current
WS:ISIN:TW0006505001,TW_TW50,XTAI,6505,NOT_VERIFIED,MAPPING_PRESENT_NOT_REVALIDATED,HISTORY_NOT_CHECKED,LIQUIDITY_NOT_CHECKED,NOT_VERIFIED,true,P1,PRICE_HISTORY_AND_LIQUIDITY_REFRESH_REQUIRED,Mapping verification,UNDECIDED_OFFLINE,6505,true,revalidated history/liquidity evidence,v0.37 is offline; prior price-derived evidence is not current
WS:ISIN:TW0008046004,TW_TW50,XTAI,8046,NOT_VERIFIED,MAPPING_PRESENT_NOT_REVALIDATED,HISTORY_NOT_CHECKED,LIQUIDITY_NOT_CHECKED,NOT_VERIFIED,true,P1,PRICE_HISTORY_AND_LIQUIDITY_REFRESH_REQUIRED,Mapping verification,UNDECIDED_OFFLINE,8046,true,revalidated history/liquidity evidence,v0.37 is offline; prior price-derived evidence is not current
WS:XAMS:AALB.AS,EU_STOXX600,XAMS,AALB.AS,NOT_VERIFIED,MAPPING_PRESENT_NOT_REVALIDATED,HISTORY_NOT_CHECKED,LIQUIDITY_NOT_CHECKED,NOT_VERIFIED,true,P1,PRICE_HISTORY_AND_LIQUIDITY_REFRESH_REQUIRED,Mapping verification,UNDECIDED_OFFLINE,AALB.AS,true,revalidated history/liquidity evidence,v0.37 is offline; prior price-derived evidence is not current
WS:XAMS:ABND.AS,EU_STOXX600,XAMS,ABNd.AS,NOT_VERIFIED,MAPPING_PRESENT_NOT_REVALIDATED,HISTORY_NOT_CHECKED,LIQUIDITY_NOT_CHECKED,NOT_VERIFIED,true,P1,PRICE_HISTORY_AND_LIQUIDITY_REFRESH_REQUIRED,Mapping verification,UNDECIDED_OFFLINE,ABNd.AS,true,revalidated history/liquidity evidence,v0.37 is offline; prior price-derived evidence is not current
WS:XAMS:AD.AS,EU_STOXX600,XAMS,AD.AS,NOT_VERIFIED,MAPPING_PRESENT_NOT_REVALIDATED,HISTORY_NOT_CHECKED,LIQUIDITY_NOT_CHECKED,NOT_VERIFIED,true,P1,PRICE_HISTORY_AND_LIQUIDITY_REFRESH_REQUIRED,Mapping verification,UNDECIDED_OFFLINE,AD.AS,true,revalidated history/liquidity evidence,v0.37 is offline; prior price-derived evidence is not current
WS:XAMS:ADYEN.AS,EU_STOXX600,XAMS,ADYEN.AS,NOT_VERIFIED,MAPPING_PRESENT_NOT_REVALIDATED,HISTORY_NOT_CHECKED,LIQUIDITY_NOT_CHECKED,NOT_VERIFIED,true,P1,PRICE_HISTORY_AND_LIQUIDITY_REFRESH_REQUIRED,Mapping verification,UNDECIDED_OFFLINE,ADYEN.AS,true,revalidated history/liquidity evidence,v0.37 is offline; prior price-derived evidence is not current
WS:XAMS:AEGN.AS,EU_STOXX600,XAMS,AEGN.AS,NOT_VERIFIED,MAPPING_PRESENT_NOT_REVALIDATED,HISTORY_NOT_CHECKED,LIQUIDITY_NOT_CHECKED,NOT_VERIFIED,true,P1,PRICE_HISTORY_AND_LIQUIDITY_REFRESH_REQUIRED,Mapping verification,UNDECIDED_OFFLINE,AEGN.AS,true,revalidated history/liquidity evidence,v0.37 is offline; prior price-derived evidence is not current
WS:XAMS:AKZO.AS,EU_STOXX600,XAMS,AKZO.AS,NOT_VERIFIED,MAPPING_PRESENT_NOT_REVALIDATED,HISTORY_NOT_CHECKED,LIQUIDITY_NOT_CHECKED,NOT_VERIFIED,true,P1,PRICE_HISTORY_AND_LIQUIDITY_REFRESH_REQUIRED,Mapping verification,UNDECIDED_OFFLINE,AKZO.AS,true,revalidated history/liquidity evidence,v0.37 is offline; prior price-derived evidence is not current
WS:XAMS:ALLFG.AS,EU_STOXX600,XAMS,ALLFG.AS,NOT_VERIFIED,MAPPING_PRESENT_NOT_REVALIDATED,HISTORY_NOT_CHECKED,LIQUIDITY_NOT_CHECKED,NOT_VERIFIED,true,P1,PRICE_HISTORY_AND_LIQUIDITY_REFRESH_REQUIRED,Mapping verification,UNDECIDED_OFFLINE,ALLFG.AS,true,revalidated history/liquidity evidence,v0.37 is offline; prior price-derived evidence is not current
WS:XAMS:ARDS.AS,EU_STOXX600,XAMS,ARDS.AS,NOT_VERIFIED,MAPPING_PRESENT_NOT_REVALIDATED,HISTORY_NOT_CHECKED,LIQUIDITY_NOT_CHECKED,NOT_VERIFIED,true,P1,PRICE_HISTORY_AND_LIQUIDITY_REFRESH_REQUIRED,Mapping verification,UNDECIDED_OFFLINE,ARDS.AS,true,revalidated history/liquidity evidence,v0.37 is offline; prior price-derived evidence is not current
WS:XAMS:ASMI.AS,EU_STOXX600,XAMS,ASMI.AS,NOT_VERIFIED,MAPPING_PRESENT_NOT_REVALIDATED,HISTORY_NOT_CHECKED,LIQUIDITY_NOT_CHECKED,NOT_VERIFIED,true,P1,PRICE_HISTORY_AND_LIQUIDITY_REFRESH_REQUIRED,Mapping verification,UNDECIDED_OFFLINE,ASMI.AS,true,revalidated history/liquidity evidence,v0.37 is offline; prior price-derived evidence is not current
WS:XAMS:ASML.AS,EU_STOXX600,XAMS,ASML.AS,NOT_VERIFIED,MAPPING_PRESENT_NOT_REVALIDATED,HISTORY_NOT_CHECKED,LIQUIDITY_NOT_CHECKED,NOT_VERIFIED,true,P1,PRICE_HISTORY_AND_LIQUIDITY_REFRESH_REQUIRED,Mapping verification,UNDECIDED_OFFLINE,ASML.AS,true,revalidated history/liquidity evidence,v0.37 is offline; prior price-derived evidence is not current
WS:XAMS:ASRNL.AS,EU_STOXX600,XAMS,ASRNL.AS,NOT_VERIFIED,MAPPING_PRESENT_NOT_REVALIDATED,HISTORY_NOT_CHECKED,LIQUIDITY_NOT_CHECKED,NOT_VERIFIED,true,P1,PRICE_HISTORY_AND_LIQUIDITY_REFRESH_REQUIRED,Mapping verification,UNDECIDED_OFFLINE,ASRNL.AS,true,revalidated history/liquidity evidence,v0.37 is offline; prior price-derived evidence is not current
WS:XAMS:BAMN.AS,EU_STOXX600,XAMS,BAMN.AS,NOT_VERIFIED,MAPPING_PRESENT_NOT_REVALIDATED,HISTORY_NOT_CHECKED,LIQUIDITY_NOT_CHECKED,NOT_VERIFIED,true,P1,PRICE_HISTORY_AND_LIQUIDITY_REFRESH_REQUIRED,Mapping verification,UNDECIDED_OFFLINE,BAMN.AS,true,revalidated history/liquidity evidence,v0.37 is offline; prior price-derived evidence is not current
WS:XAMS:BESI.AS,EU_STOXX600,XAMS,BESI.AS,NOT_VERIFIED,MAPPING_PRESENT_NOT_REVALIDATED,HISTORY_NOT_CHECKED,LIQUIDITY_NOT_CHECKED,NOT_VERIFIED,true,P1,PRICE_HISTORY_AND_LIQUIDITY_REFRESH_REQUIRED,Mapping verification,UNDECIDED_OFFLINE,BESI.AS,true,revalidated history/liquidity evidence,v0.37 is offline; prior price-derived evidence is not current
WS:XAMS:CSG.AS,EU_STOXX600,XAMS,CSG.AS,NOT_VERIFIED,MAPPING_PRESENT_NOT_REVALIDATED,HISTORY_NOT_CHECKED,LIQUIDITY_NOT_CHECKED,NOT_VERIFIED,true,P1,PRICE_HISTORY_AND_LIQUIDITY_REFRESH_REQUIRED,Mapping verification,UNDECIDED_OFFLINE,CSG.AS,true,revalidated history/liquidity evidence,v0.37 is offline; prior price-derived evidence is not current
WS:XAMS:CVC.AS,EU_STOXX600,XAMS,CVC.AS,NOT_VERIFIED,MAPPING_PRESENT_NOT_REVALIDATED,HISTORY_NOT_CHECKED,LIQUIDITY_NOT_CHECKED,NOT_VERIFIED,true,P1,PRICE_HISTORY_AND_LIQUIDITY_REFRESH_REQUIRED,Mapping verification,UNDECIDED_OFFLINE,CVC.AS,true,revalidated history/liquidity evidence,v0.37 is offline; prior price-derived evidence is not current
WS:XAMS:DSFIR.AS,EU_STOXX600,XAMS,DSFIR.AS,NOT_VERIFIED,MAPPING_PRESENT_NOT_REVALIDATED,HISTORY_NOT_CHECKED,LIQUIDITY_NOT_CHECKED,NOT_VERIFIED,true,P1,PRICE_HISTORY_AND_LIQUIDITY_REFRESH_REQUIRED,Mapping verification,UNDECIDED_OFFLINE,DSFIR.AS,true,revalidated history/liquidity evidence,v0.37 is offline; prior price-derived evidence is not current
WS:XAMS:EXOR.AS,EU_STOXX600,XAMS,EXOR.AS,NOT_VERIFIED,MAPPING_PRESENT_NOT_REVALIDATED,HISTORY_NOT_CHECKED,LIQUIDITY_NOT_CHECKED,NOT_VERIFIED,true,P1,PRICE_HISTORY_AND_LIQUIDITY_REFRESH_REQUIRED,Mapping verification,UNDECIDED_OFFLINE,EXOR.AS,true,revalidated history/liquidity evidence,v0.37 is offline; prior price-derived evidence is not current
WS:XAMS:HEIN.AS,EU_STOXX600,XAMS,HEIN.AS,NOT_VERIFIED,MAPPING_PRESENT_NOT_REVALIDATED,HISTORY_NOT_CHECKED,LIQUIDITY_NOT_CHECKED,NOT_VERIFIED,true,P1,PRICE_HISTORY_AND_LIQUIDITY_REFRESH_REQUIRED,Mapping verification,UNDECIDED_OFFLINE,HEIN.AS,true,revalidated history/liquidity evidence,v0.37 is offline; prior price-derived evidence is not current
WS:XAMS:HEIO.AS,EU_STOXX600,XAMS,HEIO.AS,NOT_VERIFIED,MAPPING_PRESENT_NOT_REVALIDATED,HISTORY_NOT_CHECKED,LIQUIDITY_NOT_CHECKED,NOT_VERIFIED,true,P1,PRICE_HISTORY_AND_LIQUIDITY_REFRESH_REQUIRED,Mapping verification,UNDECIDED_OFFLINE,HEIO.AS,true,revalidated history/liquidity evidence,v0.37 is offline; prior price-derived evidence is not current
WS:XAMS:IMCD.AS,EU_STOXX600,XAMS,IMCD.AS,NOT_VERIFIED,MAPPING_PRESENT_NOT_REVALIDATED,HISTORY_NOT_CHECKED,LIQUIDITY_NOT_CHECKED,NOT_VERIFIED,true,P1,PRICE_HISTORY_AND_LIQUIDITY_REFRESH_REQUIRED,Mapping verification,UNDECIDED_OFFLINE,IMCD.AS,true,revalidated history/liquidity evidence,v0.37 is offline; prior price-derived evidence is not current
WS:XAMS:INGA.AS,EU_STOXX600,XAMS,INGA.AS,NOT_VERIFIED,MAPPING_PRESENT_NOT_REVALIDATED,HISTORY_NOT_CHECKED,LIQUIDITY_NOT_CHECKED,NOT_VERIFIED,true,P1,PRICE_HISTORY_AND_LIQUIDITY_REFRESH_REQUIRED,Mapping verification,UNDECIDED_OFFLINE,INGA.AS,true,revalidated history/liquidity evidence,v0.37 is offline; prior price-derived evidence is not current
WS:XAMS:INPST.AS,EU_STOXX600,XAMS,INPST.AS,NOT_VERIFIED,MAPPING_PRESENT_NOT_REVALIDATED,HISTORY_NOT_CHECKED,LIQUIDITY_NOT_CHECKED,NOT_VERIFIED,true,P1,PRICE_HISTORY_AND_LIQUIDITY_REFRESH_REQUIRED,Mapping verification,UNDECIDED_OFFLINE,INPST.AS,true,revalidated history/liquidity evidence,v0.37 is offline; prior price-derived evidence is not current
WS:XAMS:KPN.AS,EU_STOXX600,XAMS,KPN.AS,NOT_VERIFIED,MAPPING_PRESENT_NOT_REVALIDATED,HISTORY_NOT_CHECKED,LIQUIDITY_NOT_CHECKED,NOT_VERIFIED,true,P1,PRICE_HISTORY_AND_LIQUIDITY_REFRESH_REQUIRED,Mapping verification,UNDECIDED_OFFLINE,KPN.AS,true,revalidated history/liquidity evidence,v0.37 is offline; prior price-derived evidence is not current
WS:XAMS:LIGHT.AS,EU_STOXX600,XAMS,LIGHT.AS,NOT_VERIFIED,MAPPING_PRESENT_NOT_REVALIDATED,HISTORY_NOT_CHECKED,LIQUIDITY_NOT_CHECKED,NOT_VERIFIED,true,P1,PRICE_HISTORY_AND_LIQUIDITY_REFRESH_REQUIRED,Mapping verification,UNDECIDED_OFFLINE,LIGHT.AS,true,revalidated history/liquidity evidence,v0.37 is offline; prior price-derived evidence is not current
WS:XAMS:MICCT.AS,EU_STOXX600,XAMS,MICCT.AS,NOT_VERIFIED,MAPPING_PRESENT_NOT_REVALIDATED,HISTORY_NOT_CHECKED,LIQUIDITY_NOT_CHECKED,NOT_VERIFIED,true,P1,PRICE_HISTORY_AND_LIQUIDITY_REFRESH_REQUIRED,Mapping verification,UNDECIDED_OFFLINE,MICCT.AS,true,revalidated history/liquidity evidence,v0.37 is offline; prior price-derived evidence is not current
WS:XAMS:MT.AS,EU_STOXX600,XAMS,MT.AS,NOT_VERIFIED,MAPPING_PRESENT_NOT_REVALIDATED,HISTORY_NOT_CHECKED,LIQUIDITY_NOT_CHECKED,NOT_VERIFIED,true,P1,PRICE_HISTORY_AND_LIQUIDITY_REFRESH_REQUIRED,Mapping verification,UNDECIDED_OFFLINE,MT.AS,true,revalidated history/liquidity evidence,v0.37 is offline; prior price-derived evidence is not current
WS:XAMS:NN.AS,EU_STOXX600,XAMS,NN.AS,NOT_VERIFIED,MAPPING_PRESENT_NOT_REVALIDATED,HISTORY_NOT_CHECKED,LIQUIDITY_NOT_CHECKED,NOT_VERIFIED,true,P1,PRICE_HISTORY_AND_LIQUIDITY_REFRESH_REQUIRED,Mapping verification,UNDECIDED_OFFLINE,NN.AS,true,revalidated history/liquidity evidence,v0.37 is offline; prior price-derived evidence is not current
WS:XAMS:PHG.AS,EU_STOXX600,XAMS,PHG.AS,NOT_VERIFIED,MAPPING_PRESENT_NOT_REVALIDATED,HISTORY_NOT_CHECKED,LIQUIDITY_NOT_CHECKED,NOT_VERIFIED,true,P1,PRICE_HISTORY_AND_LIQUIDITY_REFRESH_REQUIRED,Mapping verification,UNDECIDED_OFFLINE,PHG.AS,true,revalidated history/liquidity evidence,v0.37 is offline; prior price-derived evidence is not current
WS:XAMS:PRX.AS,EU_STOXX600,XAMS,PRX.AS,NOT_VERIFIED,MAPPING_PRESENT_NOT_REVALIDATED,HISTORY_NOT_CHECKED,LIQUIDITY_NOT_CHECKED,NOT_VERIFIED,true,P1,PRICE_HISTORY_AND_LIQUIDITY_REFRESH_REQUIRED,Mapping verification,UNDECIDED_OFFLINE,PRX.AS,true,revalidated history/liquidity evidence,v0.37 is offline; prior price-derived evidence is not current
WS:XAMS:RAND.AS,EU_STOXX600,XAMS,RAND.AS,NOT_VERIFIED,MAPPING_PRESENT_NOT_REVALIDATED,HISTORY_NOT_CHECKED,LIQUIDITY_NOT_CHECKED,NOT_VERIFIED,true,P1,PRICE_HISTORY_AND_LIQUIDITY_REFRESH_REQUIRED,Mapping verification,UNDECIDED_OFFLINE,RAND.AS,true,revalidated history/liquidity evidence,v0.37 is offline; prior price-derived evidence is not current
WS:XAMS:SBMO.AS,EU_STOXX600,XAMS,SBMO.AS,NOT_VERIFIED,MAPPING_PRESENT_NOT_REVALIDATED,HISTORY_NOT_CHECKED,LIQUIDITY_NOT_CHECKED,NOT_VERIFIED,true,P1,PRICE_HISTORY_AND_LIQUIDITY_REFRESH_REQUIRED,Mapping verification,UNDECIDED_OFFLINE,SBMO.AS,true,revalidated history/liquidity evidence,v0.37 is offline; prior price-derived evidence is not current
WS:XAMS:SHEL.AS,EU_STOXX600,XAMS,SHEL.AS,NOT_VERIFIED,MAPPING_PRESENT_NOT_REVALIDATED,HISTORY_NOT_CHECKED,LIQUIDITY_NOT_CHECKED,NOT_VERIFIED,true,P1,PRICE_HISTORY_AND_LIQUIDITY_REFRESH_REQUIRED,Mapping verification,UNDECIDED_OFFLINE,SHEL.AS,true,revalidated history/liquidity evidence,v0.37 is offline; prior price-derived evidence is not current
WS:XAMS:UMG.AS,EU_STOXX600,XAMS,UMG.AS,NOT_VERIFIED,MAPPING_PRESENT_NOT_REVALIDATED,HISTORY_NOT_CHECKED,LIQUIDITY_NOT_CHECKED,NOT_VERIFIED,true,P1,PRICE_HISTORY_AND_LIQUIDITY_REFRESH_REQUIRED,Mapping verification,UNDECIDED_OFFLINE,UMG.AS,true,revalidated history/liquidity evidence,v0.37 is offline; prior price-derived evidence is not current
WS:XAMS:VOPA.AS,EU_STOXX600,XAMS,VOPA.AS,NOT_VERIFIED,MAPPING_PRESENT_NOT_REVALIDATED,HISTORY_NOT_CHECKED,LIQUIDITY_NOT_CHECKED,NOT_VERIFIED,true,P1,PRICE_HISTORY_AND_LIQUIDITY_REFRESH_REQUIRED,Mapping verification,UNDECIDED_OFFLINE,VOPA.AS,true,revalidated history/liquidity evidence,v0.37 is offline; prior price-derived evidence is not current
WS:XAMS:WLSNC.AS,EU_STOXX600,XAMS,WLSNc.AS,NOT_VERIFIED,MAPPING_PRESENT_NOT_REVALIDATED,HISTORY_NOT_CHECKED,LIQUIDITY_NOT_CHECKED,NOT_VERIFIED,true,P1,PRICE_HISTORY_AND_LIQUIDITY_REFRESH_REQUIRED,Mapping verification,UNDECIDED_OFFLINE,WLSNc.AS,true,revalidated history/liquidity evidence,v0.37 is offline; prior price-derived evidence is not current
WS:XBRU:ABI.BR,EU_STOXX600,XBRU,ABI.BR,NOT_VERIFIED,MAPPING_PRESENT_NOT_REVALIDATED,HISTORY_NOT_CHECKED,LIQUIDITY_NOT_CHECKED,NOT_VERIFIED,true,P1,PRICE_HISTORY_AND_LIQUIDITY_REFRESH_REQUIRED,Mapping verification,UNDECIDED_OFFLINE,ABI.BR,true,revalidated history/liquidity evidence,v0.37 is offline; prior price-derived evidence is not current
WS:XBRU:ACKB.BR,EU_STOXX600,XBRU,ACKB.BR,NOT_VERIFIED,MAPPING_PRESENT_NOT_REVALIDATED,HISTORY_NOT_CHECKED,LIQUIDITY_NOT_CHECKED,NOT_VERIFIED,true,P1,PRICE_HISTORY_AND_LIQUIDITY_REFRESH_REQUIRED,Mapping verification,UNDECIDED_OFFLINE,ACKB.BR,true,revalidated history/liquidity evidence,v0.37 is offline; prior price-derived evidence is not current
WS:XBRU:AGES.BR,EU_STOXX600,XBRU,AGES.BR,NOT_VERIFIED,MAPPING_PRESENT_NOT_REVALIDATED,HISTORY_NOT_CHECKED,LIQUIDITY_NOT_CHECKED,NOT_VERIFIED,true,P1,PRICE_HISTORY_AND_LIQUIDITY_REFRESH_REQUIRED,Mapping verification,UNDECIDED_OFFLINE,AGES.BR,true,revalidated history/liquidity evidence,v0.37 is offline; prior price-derived evidence is not current
WS:XBRU:AOO.BR,EU_STOXX600,XBRU,AOO.BR,NOT_VERIFIED,MAPPING_PRESENT_NOT_REVALIDATED,HISTORY_NOT_CHECKED,LIQUIDITY_NOT_CHECKED,NOT_VERIFIED,true,P1,PRICE_HISTORY_AND_LIQUIDITY_REFRESH_REQUIRED,Mapping verification,UNDECIDED_OFFLINE,AOO.BR,true,revalidated history/liquidity evidence,v0.37 is offline; prior price-derived evidence is not current
WS:XBRU:ARGX.BR,EU_STOXX600,XBRU,ARGX.BR,NOT_VERIFIED,MAPPING_PRESENT_NOT_REVALIDATED,HISTORY_NOT_CHECKED,LIQUIDITY_NOT_CHECKED,NOT_VERIFIED,true,P1,PRICE_HISTORY_AND_LIQUIDITY_REFRESH_REQUIRED,Mapping verification,UNDECIDED_OFFLINE,ARGX.BR,true,revalidated history/liquidity evidence,v0.37 is offline; prior price-derived evidence is not current
WS:XBRU:ELI.BR,EU_STOXX600,XBRU,ELI.BR,NOT_VERIFIED,MAPPING_PRESENT_NOT_REVALIDATED,HISTORY_NOT_CHECKED,LIQUIDITY_NOT_CHECKED,NOT_VERIFIED,true,P1,PRICE_HISTORY_AND_LIQUIDITY_REFRESH_REQUIRED,Mapping verification,UNDECIDED_OFFLINE,ELI.BR,true,revalidated history/liquidity evidence,v0.37 is offline; prior price-derived evidence is not current
WS:XBRU:GBLB.BR,EU_STOXX600,XBRU,GBLB.BR,NOT_VERIFIED,MAPPING_PRESENT_NOT_REVALIDATED,HISTORY_NOT_CHECKED,LIQUIDITY_NOT_CHECKED,NOT_VERIFIED,true,P1,PRICE_HISTORY_AND_LIQUIDITY_REFRESH_REQUIRED,Mapping verification,UNDECIDED_OFFLINE,GBLB.BR,true,revalidated history/liquidity evidence,v0.37 is offline; prior price-derived evidence is not current
WS:XBRU:IETB.BR,EU_STOXX600,XBRU,IETB.BR,NOT_VERIFIED,MAPPING_PRESENT_NOT_REVALIDATED,HISTORY_NOT_CHECKED,LIQUIDITY_NOT_CHECKED,NOT_VERIFIED,true,P1,PRICE_HISTORY_AND_LIQUIDITY_REFRESH_REQUIRED,Mapping verification,UNDECIDED_OFFLINE,IETB.BR,true,revalidated history/liquidity evidence,v0.37 is offline; prior price-derived evidence is not current
WS:XBRU:KBC.BR,EU_STOXX600,XBRU,KBC.BR,NOT_VERIFIED,MAPPING_PRESENT_NOT_REVALIDATED,HISTORY_NOT_CHECKED,LIQUIDITY_NOT_CHECKED,NOT_VERIFIED,true,P1,PRICE_HISTORY_AND_LIQUIDITY_REFRESH_REQUIRED,Mapping verification,UNDECIDED_OFFLINE,KBC.BR,true,revalidated history/liquidity evidence,v0.37 is offline; prior price-derived evidence is not current
WS:XBRU:KBCA.BR,EU_STOXX600,XBRU,KBCA.BR,NOT_VERIFIED,MAPPING_PRESENT_NOT_REVALIDATED,HISTORY_NOT_CHECKED,LIQUIDITY_NOT_CHECKED,NOT_VERIFIED,true,P1,PRICE_HISTORY_AND_LIQUIDITY_REFRESH_REQUIRED,Mapping verification,UNDECIDED_OFFLINE,KBCA.BR,true,revalidated history/liquidity evidence,v0.37 is offline; prior price-derived evidence is not current
WS:XBRU:LOTB.BR,EU_STOXX600,XBRU,LOTB.BR,NOT_VERIFIED,MAPPING_PRESENT_NOT_REVALIDATED,HISTORY_NOT_CHECKED,LIQUIDITY_NOT_CHECKED,NOT_VERIFIED,true,P1,PRICE_HISTORY_AND_LIQUIDITY_REFRESH_REQUIRED,Mapping verification,UNDECIDED_OFFLINE,LOTB.BR,true,revalidated history/liquidity evidence,v0.37 is offline; prior price-derived evidence is not current
WS:XBRU:SOF.BR,EU_STOXX600,XBRU,SOF.BR,NOT_VERIFIED,MAPPING_PRESENT_NOT_REVALIDATED,HISTORY_NOT_CHECKED,LIQUIDITY_NOT_CHECKED,NOT_VERIFIED,true,P1,PRICE_HISTORY_AND_LIQUIDITY_REFRESH_REQUIRED,Mapping verification,UNDECIDED_OFFLINE,SOF.BR,true,revalidated history/liquidity evidence,v0.37 is offline; prior price-derived evidence is not current
WS:XBRU:SYENS.BR,EU_STOXX600,XBRU,SYENS.BR,NOT_VERIFIED,MAPPING_PRESENT_NOT_REVALIDATED,HISTORY_NOT_CHECKED,LIQUIDITY_NOT_CHECKED,NOT_VERIFIED,true,P1,PRICE_HISTORY_AND_LIQUIDITY_REFRESH_REQUIRED,Mapping verification,UNDECIDED_OFFLINE,SYENS.BR,true,revalidated history/liquidity evidence,v0.37 is offline; prior price-derived evidence is not current
WS:XBRU:TUB.BR,EU_STOXX600,XBRU,TUB.BR,NOT_VERIFIED,MAPPING_PRESENT_NOT_REVALIDATED,HISTORY_NOT_CHECKED,LIQUIDITY_NOT_CHECKED,NOT_VERIFIED,true,P1,PRICE_HISTORY_AND_LIQUIDITY_REFRESH_REQUIRED,Mapping verification,UNDECIDED_OFFLINE,TUB.BR,true,revalidated history/liquidity evidence,v0.37 is offline; prior price-derived evidence is not current
WS:XBRU:UCB.BR,EU_STOXX600,XBRU,UCB.BR,NOT_VERIFIED,MAPPING_PRESENT_NOT_REVALIDATED,HISTORY_NOT_CHECKED,LIQUIDITY_NOT_CHECKED,NOT_VERIFIED,true,P1,PRICE_HISTORY_AND_LIQUIDITY_REFRESH_REQUIRED,Mapping verification,UNDECIDED_OFFLINE,UCB.BR,true,revalidated history/liquidity evidence,v0.37 is offline; prior price-derived evidence is not current
WS:XBRU:UMI.BR,EU_STOXX600,XBRU,UMI.BR,NOT_VERIFIED,MAPPING_PRESENT_NOT_REVALIDATED,HISTORY_NOT_CHECKED,LIQUIDITY_NOT_CHECKED,NOT_VERIFIED,true,P1,PRICE_HISTORY_AND_LIQUIDITY_REFRESH_REQUIRED,Mapping verification,UNDECIDED_OFFLINE,UMI.BR,true,revalidated history/liquidity evidence,v0.37 is offline; prior price-derived evidence is not current
WS:XBRU:WDPP.BR,EU_STOXX600,XBRU,WDPP.BR,NOT_VERIFIED,MAPPING_PRESENT_NOT_REVALIDATED,HISTORY_NOT_CHECKED,LIQUIDITY_NOT_CHECKED,NOT_VERIFIED,true,P1,PRICE_HISTORY_AND_LIQUIDITY_REFRESH_REQUIRED,Mapping verification,UNDECIDED_OFFLINE,WDPP.BR,true,revalidated history/liquidity evidence,v0.37 is offline; prior price-derived evidence is not current
WS:XCSE:ALKB.CO,EU_STOXX600,XCSE,ALKb.CO,NOT_VERIFIED,MAPPING_PRESENT_NOT_REVALIDATED,HISTORY_NOT_CHECKED,LIQUIDITY_NOT_CHECKED,NOT_VERIFIED,true,P1,PRICE_HISTORY_AND_LIQUIDITY_REFRESH_REQUIRED,Mapping verification,UNDECIDED_OFFLINE,ALKb.CO,true,revalidated history/liquidity evidence,v0.37 is offline; prior price-derived evidence is not current
WS:XCSE:ALSYDB.CO,EU_STOXX600,XCSE,ALSYDB.CO,NOT_VERIFIED,MAPPING_PRESENT_NOT_REVALIDATED,HISTORY_NOT_CHECKED,LIQUIDITY_NOT_CHECKED,NOT_VERIFIED,true,P1,PRICE_HISTORY_AND_LIQUIDITY_REFRESH_REQUIRED,Mapping verification,UNDECIDED_OFFLINE,ALSYDB.CO,true,revalidated history/liquidity evidence,v0.37 is offline; prior price-derived evidence is not current
WS:XCSE:CARLB.CO,EU_STOXX600,XCSE,CARLb.CO,NOT_VERIFIED,MAPPING_PRESENT_NOT_REVALIDATED,HISTORY_NOT_CHECKED,LIQUIDITY_NOT_CHECKED,NOT_VERIFIED,true,P1,PRICE_HISTORY_AND_LIQUIDITY_REFRESH_REQUIRED,Mapping verification,UNDECIDED_OFFLINE,CARLb.CO,true,revalidated history/liquidity evidence,v0.37 is offline; prior price-derived evidence is not current
WS:XCSE:COLOB.CO,EU_STOXX600,XCSE,COLOb.CO,NOT_VERIFIED,MAPPING_PRESENT_NOT_REVALIDATED,HISTORY_NOT_CHECKED,LIQUIDITY_NOT_CHECKED,NOT_VERIFIED,true,P1,PRICE_HISTORY_AND_LIQUIDITY_REFRESH_REQUIRED,Mapping verification,UNDECIDED_OFFLINE,COLOb.CO,true,revalidated history/liquidity evidence,v0.37 is offline; prior price-derived evidence is not current
WS:XCSE:DANSKE.CO,EU_STOXX600,XCSE,DANSKE.CO,NOT_VERIFIED,MAPPING_PRESENT_NOT_REVALIDATED,HISTORY_NOT_CHECKED,LIQUIDITY_NOT_CHECKED,NOT_VERIFIED,true,P1,PRICE_HISTORY_AND_LIQUIDITY_REFRESH_REQUIRED,Mapping verification,UNDECIDED_OFFLINE,DANSKE.CO,true,revalidated history/liquidity evidence,v0.37 is offline; prior price-derived evidence is not current
WS:XCSE:DEMANT.CO,EU_STOXX600,XCSE,DEMANT.CO,NOT_VERIFIED,MAPPING_PRESENT_NOT_REVALIDATED,HISTORY_NOT_CHECKED,LIQUIDITY_NOT_CHECKED,NOT_VERIFIED,true,P1,PRICE_HISTORY_AND_LIQUIDITY_REFRESH_REQUIRED,Mapping verification,UNDECIDED_OFFLINE,DEMANT.CO,true,revalidated history/liquidity evidence,v0.37 is offline; prior price-derived evidence is not current
WS:XCSE:DSV.CO,EU_STOXX600,XCSE,DSV.CO,NOT_VERIFIED,MAPPING_PRESENT_NOT_REVALIDATED,HISTORY_NOT_CHECKED,LIQUIDITY_NOT_CHECKED,NOT_VERIFIED,true,P1,PRICE_HISTORY_AND_LIQUIDITY_REFRESH_REQUIRED,Mapping verification,UNDECIDED_OFFLINE,DSV.CO,true,revalidated history/liquidity evidence,v0.37 is offline; prior price-derived evidence is not current
WS:XCSE:FLS.CO,EU_STOXX600,XCSE,FLS.CO,NOT_VERIFIED,MAPPING_PRESENT_NOT_REVALIDATED,HISTORY_NOT_CHECKED,LIQUIDITY_NOT_CHECKED,NOT_VERIFIED,true,P1,PRICE_HISTORY_AND_LIQUIDITY_REFRESH_REQUIRED,Mapping verification,UNDECIDED_OFFLINE,FLS.CO,true,revalidated history/liquidity evidence,v0.37 is offline; prior price-derived evidence is not current
WS:XCSE:GMAB.CO,EU_STOXX600,XCSE,GMAB.CO,NOT_VERIFIED,MAPPING_PRESENT_NOT_REVALIDATED,HISTORY_NOT_CHECKED,LIQUIDITY_NOT_CHECKED,NOT_VERIFIED,true,P1,PRICE_HISTORY_AND_LIQUIDITY_REFRESH_REQUIRED,Mapping verification,UNDECIDED_OFFLINE,GMAB.CO,true,revalidated history/liquidity evidence,v0.37 is offline; prior price-derived evidence is not current
WS:XCSE:ISS.CO,EU_STOXX600,XCSE,ISS.CO,NOT_VERIFIED,MAPPING_PRESENT_NOT_REVALIDATED,HISTORY_NOT_CHECKED,LIQUIDITY_NOT_CHECKED,NOT_VERIFIED,true,P1,PRICE_HISTORY_AND_LIQUIDITY_REFRESH_REQUIRED,Mapping verification,UNDECIDED_OFFLINE,ISS.CO,true,revalidated history/liquidity evidence,v0.37 is offline; prior price-derived evidence is not current
WS:XCSE:JYSK.CO,EU_STOXX600,XCSE,JYSK.CO,NOT_VERIFIED,MAPPING_PRESENT_NOT_REVALIDATED,HISTORY_NOT_CHECKED,LIQUIDITY_NOT_CHECKED,NOT_VERIFIED,true,P1,PRICE_HISTORY_AND_LIQUIDITY_REFRESH_REQUIRED,Mapping verification,UNDECIDED_OFFLINE,JYSK.CO,true,revalidated history/liquidity evidence,v0.37 is offline; prior price-derived evidence is not current
WS:XCSE:MAERSKB.CO,EU_STOXX600,XCSE,MAERSKb.CO,NOT_VERIFIED,MAPPING_PRESENT_NOT_REVALIDATED,HISTORY_NOT_CHECKED,LIQUIDITY_NOT_CHECKED,NOT_VERIFIED,true,P1,PRICE_HISTORY_AND_LIQUIDITY_REFRESH_REQUIRED,Mapping verification,UNDECIDED_OFFLINE,MAERSKb.CO,true,revalidated history/liquidity evidence,v0.37 is offline; prior price-derived evidence is not current
WS:XCSE:NKT.CO,EU_STOXX600,XCSE,NKT.CO,NOT_VERIFIED,MAPPING_PRESENT_NOT_REVALIDATED,HISTORY_NOT_CHECKED,LIQUIDITY_NOT_CHECKED,NOT_VERIFIED,true,P1,PRICE_HISTORY_AND_LIQUIDITY_REFRESH_REQUIRED,Mapping verification,UNDECIDED_OFFLINE,NKT.CO,true,revalidated history/liquidity evidence,v0.37 is offline; prior price-derived evidence is not current
WS:XCSE:NOVOB.CO,EU_STOXX600,XCSE,NOVOb.CO,NOT_VERIFIED,MAPPING_PRESENT_NOT_REVALIDATED,HISTORY_NOT_CHECKED,LIQUIDITY_NOT_CHECKED,NOT_VERIFIED,true,P1,PRICE_HISTORY_AND_LIQUIDITY_REFRESH_REQUIRED,Mapping verification,UNDECIDED_OFFLINE,NOVOb.CO,true,revalidated history/liquidity evidence,v0.37 is offline; prior price-derived evidence is not current
WS:XCSE:NSISB.CO,EU_STOXX600,XCSE,NSISb.CO,NOT_VERIFIED,MAPPING_PRESENT_NOT_REVALIDATED,HISTORY_NOT_CHECKED,LIQUIDITY_NOT_CHECKED,NOT_VERIFIED,true,P1,PRICE_HISTORY_AND_LIQUIDITY_REFRESH_REQUIRED,Mapping verification,UNDECIDED_OFFLINE,NSISb.CO,true,revalidated history/liquidity evidence,v0.37 is offline; prior price-derived evidence is not current
WS:XCSE:ORSTED.CO,EU_STOXX600,XCSE,ORSTED.CO,NOT_VERIFIED,MAPPING_PRESENT_NOT_REVALIDATED,HISTORY_NOT_CHECKED,LIQUIDITY_NOT_CHECKED,NOT_VERIFIED,true,P1,PRICE_HISTORY_AND_LIQUIDITY_REFRESH_REQUIRED,Mapping verification,UNDECIDED_OFFLINE,ORSTED.CO,true,revalidated history/liquidity evidence,v0.37 is offline; prior price-derived evidence is not current
WS:XCSE:PNDORA.CO,EU_STOXX600,XCSE,PNDORA.CO,NOT_VERIFIED,MAPPING_PRESENT_NOT_REVALIDATED,HISTORY_NOT_CHECKED,LIQUIDITY_NOT_CHECKED,NOT_VERIFIED,true,P1,PRICE_HISTORY_AND_LIQUIDITY_REFRESH_REQUIRED,Mapping verification,UNDECIDED_OFFLINE,PNDORA.CO,true,revalidated history/liquidity evidence,v0.37 is offline; prior price-derived evidence is not current
WS:XCSE:RBREW.CO,EU_STOXX600,XCSE,RBREW.CO,NOT_VERIFIED,MAPPING_PRESENT_NOT_REVALIDATED,HISTORY_NOT_CHECKED,LIQUIDITY_NOT_CHECKED,NOT_VERIFIED,true,P1,PRICE_HISTORY_AND_LIQUIDITY_REFRESH_REQUIRED,Mapping verification,UNDECIDED_OFFLINE,RBREW.CO,true,revalidated history/liquidity evidence,v0.37 is offline; prior price-derived evidence is not current
WS:XCSE:RILBA.CO,EU_STOXX600,XCSE,RILBA.CO,NOT_VERIFIED,MAPPING_PRESENT_NOT_REVALIDATED,HISTORY_NOT_CHECKED,LIQUIDITY_NOT_CHECKED,NOT_VERIFIED,true,P1,PRICE_HISTORY_AND_LIQUIDITY_REFRESH_REQUIRED,Mapping verification,UNDECIDED_OFFLINE,RILBA.CO,true,revalidated history/liquidity evidence,v0.37 is offline; prior price-derived evidence is not current
WS:XCSE:ROCKB.CO,EU_STOXX600,XCSE,ROCKb.CO,NOT_VERIFIED,MAPPING_PRESENT_NOT_REVALIDATED,HISTORY_NOT_CHECKED,LIQUIDITY_NOT_CHECKED,NOT_VERIFIED,true,P1,PRICE_HISTORY_AND_LIQUIDITY_REFRESH_REQUIRED,Mapping verification,UNDECIDED_OFFLINE,ROCKb.CO,true,revalidated history/liquidity evidence,v0.37 is offline; prior price-derived evidence is not current
WS:XCSE:TRYG.CO,EU_STOXX600,XCSE,TRYG.CO,NOT_VERIFIED,MAPPING_PRESENT_NOT_REVALIDATED,HISTORY_NOT_CHECKED,LIQUIDITY_NOT_CHECKED,NOT_VERIFIED,true,P1,PRICE_HISTORY_AND_LIQUIDITY_REFRESH_REQUIRED,Mapping verification,UNDECIDED_OFFLINE,TRYG.CO,true,revalidated history/liquidity evidence,v0.37 is offline; prior price-derived evidence is not current
WS:XCSE:VWS.CO,EU_STOXX600,XCSE,VWS.CO,NOT_VERIFIED,MAPPING_PRESENT_NOT_REVALIDATED,HISTORY_NOT_CHECKED,LIQUIDITY_NOT_CHECKED,NOT_VERIFIED,true,P1,PRICE_HISTORY_AND_LIQUIDITY_REFRESH_REQUIRED,Mapping verification,UNDECIDED_OFFLINE,VWS.CO,true,revalidated history/liquidity evidence,v0.37 is offline; prior price-derived evidence is not current
WS:XCSE:ZELA.CO,EU_STOXX600,XCSE,ZELA.CO,NOT_VERIFIED,MAPPING_PRESENT_NOT_REVALIDATED,HISTORY_NOT_CHECKED,LIQUIDITY_NOT_CHECKED,NOT_VERIFIED,true,P1,PRICE_HISTORY_AND_LIQUIDITY_REFRESH_REQUIRED,Mapping verification,UNDECIDED_OFFLINE,ZELA.CO,true,revalidated history/liquidity evidence,v0.37 is offline; prior price-derived evidence is not current
WS:XDUB:AIBG.I,EU_STOXX600,XDUB,AIBG.I,NOT_VERIFIED,MAPPING_PRESENT_NOT_REVALIDATED,HISTORY_NOT_CHECKED,LIQUIDITY_NOT_CHECKED,NOT_VERIFIED,true,P1,PRICE_HISTORY_AND_LIQUIDITY_REFRESH_REQUIRED,Mapping verification,UNDECIDED_OFFLINE,AIBG.I,true,revalidated history/liquidity evidence,v0.37 is offline; prior price-derived evidence is not current
WS:XDUB:BIRG.I,EU_STOXX600,XDUB,BIRG.I,NOT_VERIFIED,MAPPING_PRESENT_NOT_REVALIDATED,HISTORY_NOT_CHECKED,LIQUIDITY_NOT_CHECKED,NOT_VERIFIED,true,P1,PRICE_HISTORY_AND_LIQUIDITY_REFRESH_REQUIRED,Mapping verification,UNDECIDED_OFFLINE,BIRG.I,true,revalidated history/liquidity evidence,v0.37 is offline; prior price-derived evidence is not current
WS:XDUB:GL9.I,EU_STOXX600,XDUB,GL9.I,NOT_VERIFIED,MAPPING_PRESENT_NOT_REVALIDATED,HISTORY_NOT_CHECKED,LIQUIDITY_NOT_CHECKED,NOT_VERIFIED,true,P1,PRICE_HISTORY_AND_LIQUIDITY_REFRESH_REQUIRED,Mapping verification,UNDECIDED_OFFLINE,GL9.I,true,revalidated history/liquidity evidence,v0.37 is offline; prior price-derived evidence is not current
WS:XDUB:KSP.I,EU_STOXX600,XDUB,KSP.I,NOT_VERIFIED,MAPPING_PRESENT_NOT_REVALIDATED,HISTORY_NOT_CHECKED,LIQUIDITY_NOT_CHECKED,NOT_VERIFIED,true,P1,PRICE_HISTORY_AND_LIQUIDITY_REFRESH_REQUIRED,Mapping verification,UNDECIDED_OFFLINE,KSP.I,true,revalidated history/liquidity evidence,v0.37 is offline; prior price-derived evidence is not current
WS:XDUB:KYGA.I,EU_STOXX600,XDUB,KYGa.I,NOT_VERIFIED,MAPPING_PRESENT_NOT_REVALIDATED,HISTORY_NOT_CHECKED,LIQUIDITY_NOT_CHECKED,NOT_VERIFIED,true,P1,PRICE_HISTORY_AND_LIQUIDITY_REFRESH_REQUIRED,Mapping verification,UNDECIDED_OFFLINE,KYGa.I,true,revalidated history/liquidity evidence,v0.37 is offline; prior price-derived evidence is not current
WS:XDUB:RYA.I,EU_STOXX600,XDUB,RYA.I,NOT_VERIFIED,MAPPING_PRESENT_NOT_REVALIDATED,HISTORY_NOT_CHECKED,LIQUIDITY_NOT_CHECKED,NOT_VERIFIED,true,P1,PRICE_HISTORY_AND_LIQUIDITY_REFRESH_REQUIRED,Mapping verification,UNDECIDED_OFFLINE,RYA.I,true,revalidated history/liquidity evidence,v0.37 is offline; prior price-derived evidence is not current
WS:XETR:ADSGN.DE,EU_STOXX600,XETR,ADSGn.DE,NOT_VERIFIED,MAPPING_PRESENT_NOT_REVALIDATED,HISTORY_NOT_CHECKED,LIQUIDITY_NOT_CHECKED,NOT_VERIFIED,true,P1,PRICE_HISTORY_AND_LIQUIDITY_REFRESH_REQUIRED,Mapping verification,UNDECIDED_OFFLINE,ADSGn.DE,true,revalidated history/liquidity evidence,v0.37 is offline; prior price-derived evidence is not current
WS:XETR:AG1G.DE,EU_STOXX600,XETR,AG1G.DE,NOT_VERIFIED,MAPPING_PRESENT_NOT_REVALIDATED,HISTORY_NOT_CHECKED,LIQUIDITY_NOT_CHECKED,NOT_VERIFIED,true,P1,PRICE_HISTORY_AND_LIQUIDITY_REFRESH_REQUIRED,Mapping verification,UNDECIDED_OFFLINE,AG1G.DE,true,revalidated history/liquidity evidence,v0.37 is offline; prior price-derived evidence is not current
WS:XETR:AIXGN.DE,EU_STOXX600,XETR,AIXGn.DE,NOT_VERIFIED,MAPPING_PRESENT_NOT_REVALIDATED,HISTORY_NOT_CHECKED,LIQUIDITY_NOT_CHECKED,NOT_VERIFIED,true,P1,PRICE_HISTORY_AND_LIQUIDITY_REFRESH_REQUIRED,Mapping verification,UNDECIDED_OFFLINE,AIXGn.DE,true,revalidated history/liquidity evidence,v0.37 is offline; prior price-derived evidence is not current
WS:XETR:ALVG.DE,EU_STOXX600,XETR,ALVG.DE,NOT_VERIFIED,MAPPING_PRESENT_NOT_REVALIDATED,HISTORY_NOT_CHECKED,LIQUIDITY_NOT_CHECKED,NOT_VERIFIED,true,P1,PRICE_HISTORY_AND_LIQUIDITY_REFRESH_REQUIRED,Mapping verification,UNDECIDED_OFFLINE,ALVG.DE,true,revalidated history/liquidity evidence,v0.37 is offline; prior price-derived evidence is not current
WS:XETR:AMV0N.DE,EU_STOXX600,XETR,AMV0n.DE,NOT_VERIFIED,MAPPING_PRESENT_NOT_REVALIDATED,HISTORY_NOT_CHECKED,LIQUIDITY_NOT_CHECKED,NOT_VERIFIED,true,P1,PRICE_HISTORY_AND_LIQUIDITY_REFRESH_REQUIRED,Mapping verification,UNDECIDED_OFFLINE,AMV0n.DE,true,revalidated history/liquidity evidence,v0.37 is offline; prior price-derived evidence is not current
WS:XETR:BASFN.DE,EU_STOXX600,XETR,BASFn.DE,NOT_VERIFIED,MAPPING_PRESENT_NOT_REVALIDATED,HISTORY_NOT_CHECKED,LIQUIDITY_NOT_CHECKED,NOT_VERIFIED,true,P1,PRICE_HISTORY_AND_LIQUIDITY_REFRESH_REQUIRED,Mapping verification,UNDECIDED_OFFLINE,BASFn.DE,true,revalidated history/liquidity evidence,v0.37 is offline; prior price-derived evidence is not current
WS:XETR:BAYGN.DE,EU_STOXX600,XETR,BAYGn.DE,NOT_VERIFIED,MAPPING_PRESENT_NOT_REVALIDATED,HISTORY_NOT_CHECKED,LIQUIDITY_NOT_CHECKED,NOT_VERIFIED,true,P1,PRICE_HISTORY_AND_LIQUIDITY_REFRESH_REQUIRED,Mapping verification,UNDECIDED_OFFLINE,BAYGn.DE,true,revalidated history/liquidity evidence,v0.37 is offline; prior price-derived evidence is not current
WS:XETR:BC8G.DE,EU_STOXX600,XETR,BC8G.DE,NOT_VERIFIED,MAPPING_PRESENT_NOT_REVALIDATED,HISTORY_NOT_CHECKED,LIQUIDITY_NOT_CHECKED,NOT_VERIFIED,true,P1,PRICE_HISTORY_AND_LIQUIDITY_REFRESH_REQUIRED,Mapping verification,UNDECIDED_OFFLINE,BC8G.DE,true,revalidated history/liquidity evidence,v0.37 is offline; prior price-derived evidence is not current
WS:XETR:BEIG.DE,EU_STOXX600,XETR,BEIG.DE,NOT_VERIFIED,MAPPING_PRESENT_NOT_REVALIDATED,HISTORY_NOT_CHECKED,LIQUIDITY_NOT_CHECKED,NOT_VERIFIED,true,P1,PRICE_HISTORY_AND_LIQUIDITY_REFRESH_REQUIRED,Mapping verification,UNDECIDED_OFFLINE,BEIG.DE,true,revalidated history/liquidity evidence,v0.37 is offline; prior price-derived evidence is not current
WS:XETR:BMWG.DE,EU_STOXX600,XETR,BMWG.DE,NOT_VERIFIED,MAPPING_PRESENT_NOT_REVALIDATED,HISTORY_NOT_CHECKED,LIQUIDITY_NOT_CHECKED,NOT_VERIFIED,true,P1,PRICE_HISTORY_AND_LIQUIDITY_REFRESH_REQUIRED,Mapping verification,UNDECIDED_OFFLINE,BMWG.DE,true,revalidated history/liquidity evidence,v0.37 is offline; prior price-derived evidence is not current
WS:XETR:BNRGN.DE,EU_STOXX600,XETR,BNRGn.DE,NOT_VERIFIED,MAPPING_PRESENT_NOT_REVALIDATED,HISTORY_NOT_CHECKED,LIQUIDITY_NOT_CHECKED,NOT_VERIFIED,true,P1,PRICE_HISTORY_AND_LIQUIDITY_REFRESH_REQUIRED,Mapping verification,UNDECIDED_OFFLINE,BNRGn.DE,true,revalidated history/liquidity evidence,v0.37 is offline; prior price-derived evidence is not current
WS:XETR:CBKG.DE,EU_STOXX600,XETR,CBKG.DE,NOT_VERIFIED,MAPPING_PRESENT_NOT_REVALIDATED,HISTORY_NOT_CHECKED,LIQUIDITY_NOT_CHECKED,NOT_VERIFIED,true,P1,PRICE_HISTORY_AND_LIQUIDITY_REFRESH_REQUIRED,Mapping verification,UNDECIDED_OFFLINE,CBKG.DE,true,revalidated history/liquidity evidence,v0.37 is offline; prior price-derived evidence is not current
WS:XETR:CONG.DE,EU_STOXX600,XETR,CONG.DE,NOT_VERIFIED,MAPPING_PRESENT_NOT_REVALIDATED,HISTORY_NOT_CHECKED,LIQUIDITY_NOT_CHECKED,NOT_VERIFIED,true,P1,PRICE_HISTORY_AND_LIQUIDITY_REFRESH_REQUIRED,Mapping verification,UNDECIDED_OFFLINE,CONG.DE,true,revalidated history/liquidity evidence,v0.37 is offline; prior price-derived evidence is not current
WS:XETR:DB1GN.DE,EU_STOXX600,XETR,DB1Gn.DE,NOT_VERIFIED,MAPPING_PRESENT_NOT_REVALIDATED,HISTORY_NOT_CHECKED,LIQUIDITY_NOT_CHECKED,NOT_VERIFIED,true,P1,PRICE_HISTORY_AND_LIQUIDITY_REFRESH_REQUIRED,Mapping verification,UNDECIDED_OFFLINE,DB1Gn.DE,true,revalidated history/liquidity evidence,v0.37 is offline; prior price-derived evidence is not current
WS:XETR:DBKGN.DE,EU_STOXX600,XETR,DBKGn.DE,NOT_VERIFIED,MAPPING_PRESENT_NOT_REVALIDATED,HISTORY_NOT_CHECKED,LIQUIDITY_NOT_CHECKED,NOT_VERIFIED,true,P1,PRICE_HISTORY_AND_LIQUIDITY_REFRESH_REQUIRED,Mapping verification,UNDECIDED_OFFLINE,DBKGn.DE,true,revalidated history/liquidity evidence,v0.37 is offline; prior price-derived evidence is not current
WS:XETR:DHER.DE,EU_STOXX600,XETR,DHER.DE,NOT_VERIFIED,MAPPING_PRESENT_NOT_REVALIDATED,HISTORY_NOT_CHECKED,LIQUIDITY_NOT_CHECKED,NOT_VERIFIED,true,P1,PRICE_HISTORY_AND_LIQUIDITY_REFRESH_REQUIRED,Mapping verification,UNDECIDED_OFFLINE,DHER.DE,true,revalidated history/liquidity evidence,v0.37 is offline; prior price-derived evidence is not current
WS:XETR:DHLN.DE,EU_STOXX600,XETR,DHLn.DE,NOT_VERIFIED,MAPPING_PRESENT_NOT_REVALIDATED,HISTORY_NOT_CHECKED,LIQUIDITY_NOT_CHECKED,NOT_VERIFIED,true,P1,PRICE_HISTORY_AND_LIQUIDITY_REFRESH_REQUIRED,Mapping verification,UNDECIDED_OFFLINE,DHLn.DE,true,revalidated history/liquidity evidence,v0.37 is offline; prior price-derived evidence is not current
WS:XETR:DTEGN.DE,EU_STOXX600,XETR,DTEGn.DE,NOT_VERIFIED,MAPPING_PRESENT_NOT_REVALIDATED,HISTORY_NOT_CHECKED,LIQUIDITY_NOT_CHECKED,NOT_VERIFIED,true,P1,PRICE_HISTORY_AND_LIQUIDITY_REFRESH_REQUIRED,Mapping verification,UNDECIDED_OFFLINE,DTEGn.DE,true,revalidated history/liquidity evidence,v0.37 is offline; prior price-derived evidence is not current
WS:XETR:DTGGE.DE,EU_STOXX600,XETR,DTGGe.DE,NOT_VERIFIED,MAPPING_PRESENT_NOT_REVALIDATED,HISTORY_NOT_CHECKED,LIQUIDITY_NOT_CHECKED,NOT_VERIFIED,true,P1,PRICE_HISTORY_AND_LIQUIDITY_REFRESH_REQUIRED,Mapping verification,UNDECIDED_OFFLINE,DTGGe.DE,true,revalidated history/liquidity evidence,v0.37 is offline; prior price-derived evidence is not current
WS:XETR:ENR1N.DE,EU_STOXX600,XETR,ENR1n.DE,NOT_VERIFIED,MAPPING_PRESENT_NOT_REVALIDATED,HISTORY_NOT_CHECKED,LIQUIDITY_NOT_CHECKED,NOT_VERIFIED,true,P1,PRICE_HISTORY_AND_LIQUIDITY_REFRESH_REQUIRED,Mapping verification,UNDECIDED_OFFLINE,ENR1n.DE,true,revalidated history/liquidity evidence,v0.37 is offline; prior price-derived evidence is not current
WS:XETR:EONGN.DE,EU_STOXX600,XETR,EONGn.DE,NOT_VERIFIED,MAPPING_PRESENT_NOT_REVALIDATED,HISTORY_NOT_CHECKED,LIQUIDITY_NOT_CHECKED,NOT_VERIFIED,true,P1,PRICE_HISTORY_AND_LIQUIDITY_REFRESH_REQUIRED,Mapping verification,UNDECIDED_OFFLINE,EONGn.DE,true,revalidated history/liquidity evidence,v0.37 is offline; prior price-derived evidence is not current
WS:XETR:EVDG.DE,EU_STOXX600,XETR,EVDG.DE,NOT_VERIFIED,MAPPING_PRESENT_NOT_REVALIDATED,HISTORY_NOT_CHECKED,LIQUIDITY_NOT_CHECKED,NOT_VERIFIED,true,P1,PRICE_HISTORY_AND_LIQUIDITY_REFRESH_REQUIRED,Mapping verification,UNDECIDED_OFFLINE,EVDG.DE,true,revalidated history/liquidity evidence,v0.37 is offline; prior price-derived evidence is not current
WS:XETR:EVKN.DE,EU_STOXX600,XETR,EVKn.DE,NOT_VERIFIED,MAPPING_PRESENT_NOT_REVALIDATED,HISTORY_NOT_CHECKED,LIQUIDITY_NOT_CHECKED,NOT_VERIFIED,true,P1,PRICE_HISTORY_AND_LIQUIDITY_REFRESH_REQUIRED,Mapping verification,UNDECIDED_OFFLINE,EVKn.DE,true,revalidated history/liquidity evidence,v0.37 is offline; prior price-derived evidence is not current
WS:XETR:FMEG.DE,EU_STOXX600,XETR,FMEG.DE,NOT_VERIFIED,MAPPING_PRESENT_NOT_REVALIDATED,HISTORY_NOT_CHECKED,LIQUIDITY_NOT_CHECKED,NOT_VERIFIED,true,P1,PRICE_HISTORY_AND_LIQUIDITY_REFRESH_REQUIRED,Mapping verification,UNDECIDED_OFFLINE,FMEG.DE,true,revalidated history/liquidity evidence,v0.37 is offline; prior price-derived evidence is not current
WS:XETR:FNTGN.DE,EU_STOXX600,XETR,FNTGn.DE,NOT_VERIFIED,MAPPING_PRESENT_NOT_REVALIDATED,HISTORY_NOT_CHECKED,LIQUIDITY_NOT_CHECKED,NOT_VERIFIED,true,P1,PRICE_HISTORY_AND_LIQUIDITY_REFRESH_REQUIRED,Mapping verification,UNDECIDED_OFFLINE,FNTGn.DE,true,revalidated history/liquidity evidence,v0.37 is offline; prior price-derived evidence is not current
WS:XETR:FPE3_P.DE,EU_STOXX600,XETR,FPE3_p.DE,NOT_VERIFIED,MAPPING_PRESENT_NOT_REVALIDATED,HISTORY_NOT_CHECKED,LIQUIDITY_NOT_CHECKED,NOT_VERIFIED,true,P1,PRICE_HISTORY_AND_LIQUIDITY_REFRESH_REQUIRED,Mapping verification,UNDECIDED_OFFLINE,FPE3_p.DE,true,revalidated history/liquidity evidence,v0.37 is offline; prior price-derived evidence is not current
WS:XETR:FRAG.DE,EU_STOXX600,XETR,FRAG.DE,NOT_VERIFIED,MAPPING_PRESENT_NOT_REVALIDATED,HISTORY_NOT_CHECKED,LIQUIDITY_NOT_CHECKED,NOT_VERIFIED,true,P1,PRICE_HISTORY_AND_LIQUIDITY_REFRESH_REQUIRED,Mapping verification,UNDECIDED_OFFLINE,FRAG.DE,true,revalidated history/liquidity evidence,v0.37 is offline; prior price-derived evidence is not current
WS:XETR:FREG.DE,EU_STOXX600,XETR,FREG.DE,NOT_VERIFIED,MAPPING_PRESENT_NOT_REVALIDATED,HISTORY_NOT_CHECKED,LIQUIDITY_NOT_CHECKED,NOT_VERIFIED,true,P1,PRICE_HISTORY_AND_LIQUIDITY_REFRESH_REQUIRED,Mapping verification,UNDECIDED_OFFLINE,FREG.DE,true,revalidated history/liquidity evidence,v0.37 is offline; prior price-derived evidence is not current
WS:XETR:FTKN.DE,EU_STOXX600,XETR,FTKn.DE,NOT_VERIFIED,MAPPING_PRESENT_NOT_REVALIDATED,HISTORY_NOT_CHECKED,LIQUIDITY_NOT_CHECKED,NOT_VERIFIED,true,P1,PRICE_HISTORY_AND_LIQUIDITY_REFRESH_REQUIRED,Mapping verification,UNDECIDED_OFFLINE,FTKn.DE,true,revalidated history/liquidity evidence,v0.37 is offline; prior price-derived evidence is not current
WS:XETR:G1AG.DE,EU_STOXX600,XETR,G1AG.DE,NOT_VERIFIED,MAPPING_PRESENT_NOT_REVALIDATED,HISTORY_NOT_CHECKED,LIQUIDITY_NOT_CHECKED,NOT_VERIFIED,true,P1,PRICE_HISTORY_AND_LIQUIDITY_REFRESH_REQUIRED,Mapping verification,UNDECIDED_OFFLINE,G1AG.DE,true,revalidated history/liquidity evidence,v0.37 is offline; prior price-derived evidence is not current
WS:XETR:G24N.DE,EU_STOXX600,XETR,G24n.DE,NOT_VERIFIED,MAPPING_PRESENT_NOT_REVALIDATED,HISTORY_NOT_CHECKED,LIQUIDITY_NOT_CHECKED,NOT_VERIFIED,true,P1,PRICE_HISTORY_AND_LIQUIDITY_REFRESH_REQUIRED,Mapping verification,UNDECIDED_OFFLINE,G24n.DE,true,revalidated history/liquidity evidence,v0.37 is offline; prior price-derived evidence is not current
WS:XETR:GBFG.DE,EU_STOXX600,XETR,GBFG.DE,NOT_VERIFIED,MAPPING_PRESENT_NOT_REVALIDATED,HISTORY_NOT_CHECKED,LIQUIDITY_NOT_CHECKED,NOT_VERIFIED,true,P1,PRICE_HISTORY_AND_LIQUIDITY_REFRESH_REQUIRED,Mapping verification,UNDECIDED_OFFLINE,GBFG.DE,true,revalidated history/liquidity evidence,v0.37 is offline; prior price-derived evidence is not current
WS:XETR:HAGG.DE,EU_STOXX600,XETR,HAGG.DE,NOT_VERIFIED,MAPPING_PRESENT_NOT_REVALIDATED,HISTORY_NOT_CHECKED,LIQUIDITY_NOT_CHECKED,NOT_VERIFIED,true,P1,PRICE_HISTORY_AND_LIQUIDITY_REFRESH_REQUIRED,Mapping verification,UNDECIDED_OFFLINE,HAGG.DE,true,revalidated history/liquidity evidence,v0.37 is offline; prior price-derived evidence is not current
WS:XETR:HEIG.DE,EU_STOXX600,XETR,HEIG.DE,NOT_VERIFIED,MAPPING_PRESENT_NOT_REVALIDATED,HISTORY_NOT_CHECKED,LIQUIDITY_NOT_CHECKED,NOT_VERIFIED,true,P1,PRICE_HISTORY_AND_LIQUIDITY_REFRESH_REQUIRED,Mapping verification,UNDECIDED_OFFLINE,HEIG.DE,true,revalidated history/liquidity evidence,v0.37 is offline; prior price-derived evidence is not current
WS:XETR:HNKG_P.DE,EU_STOXX600,XETR,HNKG_p.DE,NOT_VERIFIED,MAPPING_PRESENT_NOT_REVALIDATED,HISTORY_NOT_CHECKED,LIQUIDITY_NOT_CHECKED,NOT_VERIFIED,true,P1,PRICE_HISTORY_AND_LIQUIDITY_REFRESH_REQUIRED,Mapping verification,UNDECIDED_OFFLINE,HNKG_p.DE,true,revalidated history/liquidity evidence,v0.37 is offline; prior price-derived evidence is not current
WS:XETR:HNRGN.DE,EU_STOXX600,XETR,HNRGn.DE,NOT_VERIFIED,MAPPING_PRESENT_NOT_REVALIDATED,HISTORY_NOT_CHECKED,LIQUIDITY_NOT_CHECKED,NOT_VERIFIED,true,P1,PRICE_HISTORY_AND_LIQUIDITY_REFRESH_REQUIRED,Mapping verification,UNDECIDED_OFFLINE,HNRGn.DE,true,revalidated history/liquidity evidence,v0.37 is offline; prior price-derived evidence is not current
WS:XETR:HOTG.DE,EU_STOXX600,XETR,HOTG.DE,NOT_VERIFIED,MAPPING_PRESENT_NOT_REVALIDATED,HISTORY_NOT_CHECKED,LIQUIDITY_NOT_CHECKED,NOT_VERIFIED,true,P1,PRICE_HISTORY_AND_LIQUIDITY_REFRESH_REQUIRED,Mapping verification,UNDECIDED_OFFLINE,HOTG.DE,true,revalidated history/liquidity evidence,v0.37 is offline; prior price-derived evidence is not current
WS:XETR:IFXGN.DE,EU_STOXX600,XETR,IFXGn.DE,NOT_VERIFIED,MAPPING_PRESENT_NOT_REVALIDATED,HISTORY_NOT_CHECKED,LIQUIDITY_NOT_CHECKED,NOT_VERIFIED,true,P1,PRICE_HISTORY_AND_LIQUIDITY_REFRESH_REQUIRED,Mapping verification,UNDECIDED_OFFLINE,IFXGn.DE,true,revalidated history/liquidity evidence,v0.37 is offline; prior price-derived evidence is not current
WS:XETR:KBX.DE,EU_STOXX600,XETR,KBX.DE,NOT_VERIFIED,MAPPING_PRESENT_NOT_REVALIDATED,HISTORY_NOT_CHECKED,LIQUIDITY_NOT_CHECKED,NOT_VERIFIED,true,P1,PRICE_HISTORY_AND_LIQUIDITY_REFRESH_REQUIRED,Mapping verification,UNDECIDED_OFFLINE,KBX.DE,true,revalidated history/liquidity evidence,v0.37 is offline; prior price-derived evidence is not current
WS:XETR:KGX.DE,EU_STOXX600,XETR,KGX.DE,NOT_VERIFIED,MAPPING_PRESENT_NOT_REVALIDATED,HISTORY_NOT_CHECKED,LIQUIDITY_NOT_CHECKED,NOT_VERIFIED,true,P1,PRICE_HISTORY_AND_LIQUIDITY_REFRESH_REQUIRED,Mapping verification,UNDECIDED_OFFLINE,KGX.DE,true,revalidated history/liquidity evidence,v0.37 is offline; prior price-derived evidence is not current
WS:XETR:LEGN.DE,EU_STOXX600,XETR,LEGn.DE,NOT_VERIFIED,MAPPING_PRESENT_NOT_REVALIDATED,HISTORY_NOT_CHECKED,LIQUIDITY_NOT_CHECKED,NOT_VERIFIED,true,P1,PRICE_HISTORY_AND_LIQUIDITY_REFRESH_REQUIRED,Mapping verification,UNDECIDED_OFFLINE,LEGn.DE,true,revalidated history/liquidity evidence,v0.37 is offline; prior price-derived evidence is not current
WS:XETR:LHAG.DE,EU_STOXX600,XETR,LHAG.DE,NOT_VERIFIED,MAPPING_PRESENT_NOT_REVALIDATED,HISTORY_NOT_CHECKED,LIQUIDITY_NOT_CHECKED,NOT_VERIFIED,true,P1,PRICE_HISTORY_AND_LIQUIDITY_REFRESH_REQUIRED,Mapping verification,UNDECIDED_OFFLINE,LHAG.DE,true,revalidated history/liquidity evidence,v0.37 is offline; prior price-derived evidence is not current
WS:XETR:MBGN.DE,EU_STOXX600,XETR,MBGn.DE,NOT_VERIFIED,MAPPING_PRESENT_NOT_REVALIDATED,HISTORY_NOT_CHECKED,LIQUIDITY_NOT_CHECKED,NOT_VERIFIED,true,P1,PRICE_HISTORY_AND_LIQUIDITY_REFRESH_REQUIRED,Mapping verification,UNDECIDED_OFFLINE,MBGn.DE,true,revalidated history/liquidity evidence,v0.37 is offline; prior price-derived evidence is not current
WS:XETR:MRCG.DE,EU_STOXX600,XETR,MRCG.DE,NOT_VERIFIED,MAPPING_PRESENT_NOT_REVALIDATED,HISTORY_NOT_CHECKED,LIQUIDITY_NOT_CHECKED,NOT_VERIFIED,true,P1,PRICE_HISTORY_AND_LIQUIDITY_REFRESH_REQUIRED,Mapping verification,UNDECIDED_OFFLINE,MRCG.DE,true,revalidated history/liquidity evidence,v0.37 is offline; prior price-derived evidence is not current
WS:XETR:MTXGN.DE,EU_STOXX600,XETR,MTXGn.DE,NOT_VERIFIED,MAPPING_PRESENT_NOT_REVALIDATED,HISTORY_NOT_CHECKED,LIQUIDITY_NOT_CHECKED,NOT_VERIFIED,true,P1,PRICE_HISTORY_AND_LIQUIDITY_REFRESH_REQUIRED,Mapping verification,UNDECIDED_OFFLINE,MTXGn.DE,true,revalidated history/liquidity evidence,v0.37 is offline; prior price-derived evidence is not current
WS:XETR:MUVGN.DE,EU_STOXX600,XETR,MUVGn.DE,NOT_VERIFIED,MAPPING_PRESENT_NOT_REVALIDATED,HISTORY_NOT_CHECKED,LIQUIDITY_NOT_CHECKED,NOT_VERIFIED,true,P1,PRICE_HISTORY_AND_LIQUIDITY_REFRESH_REQUIRED,Mapping verification,UNDECIDED_OFFLINE,MUVGn.DE,true,revalidated history/liquidity evidence,v0.37 is offline; prior price-derived evidence is not current
WS:XETR:NAFG.DE,EU_STOXX600,XETR,NAFG.DE,NOT_VERIFIED,MAPPING_PRESENT_NOT_REVALIDATED,HISTORY_NOT_CHECKED,LIQUIDITY_NOT_CHECKED,NOT_VERIFIED,true,P1,PRICE_HISTORY_AND_LIQUIDITY_REFRESH_REQUIRED,Mapping verification,UNDECIDED_OFFLINE,NAFG.DE,true,revalidated history/liquidity evidence,v0.37 is offline; prior price-derived evidence is not current
WS:XETR:NDXG.DE,EU_STOXX600,XETR,NDXG.DE,NOT_VERIFIED,MAPPING_PRESENT_NOT_REVALIDATED,HISTORY_NOT_CHECKED,LIQUIDITY_NOT_CHECKED,NOT_VERIFIED,true,P1,PRICE_HISTORY_AND_LIQUIDITY_REFRESH_REQUIRED,Mapping verification,UNDECIDED_OFFLINE,NDXG.DE,true,revalidated history/liquidity evidence,v0.37 is offline; prior price-derived evidence is not current
WS:XETR:NEKG.DE,EU_STOXX600,XETR,NEKG.DE,NOT_VERIFIED,MAPPING_PRESENT_NOT_REVALIDATED,HISTORY_NOT_CHECKED,LIQUIDITY_NOT_CHECKED,NOT_VERIFIED,true,P1,PRICE_HISTORY_AND_LIQUIDITY_REFRESH_REQUIRED,Mapping verification,UNDECIDED_OFFLINE,NEKG.DE,true,revalidated history/liquidity evidence,v0.37 is offline; prior price-derived evidence is not current
WS:XETR:P911_P.DE,EU_STOXX600,XETR,P911_p.DE,NOT_VERIFIED,MAPPING_PRESENT_NOT_REVALIDATED,HISTORY_NOT_CHECKED,LIQUIDITY_NOT_CHECKED,NOT_VERIFIED,true,P1,PRICE_HISTORY_AND_LIQUIDITY_REFRESH_REQUIRED,Mapping verification,UNDECIDED_OFFLINE,P911_p.DE,true,revalidated history/liquidity evidence,v0.37 is offline; prior price-derived evidence is not current
WS:XETR:PSHG_P.DE,EU_STOXX600,XETR,PSHG_p.DE,NOT_VERIFIED,MAPPING_PRESENT_NOT_REVALIDATED,HISTORY_NOT_CHECKED,LIQUIDITY_NOT_CHECKED,NOT_VERIFIED,true,P1,PRICE_HISTORY_AND_LIQUIDITY_REFRESH_REQUIRED,Mapping verification,UNDECIDED_OFFLINE,PSHG_p.DE,true,revalidated history/liquidity evidence,v0.37 is offline; prior price-derived evidence is not current
WS:XETR:PUMG.DE,EU_STOXX600,XETR,PUMG.DE,NOT_VERIFIED,MAPPING_PRESENT_NOT_REVALIDATED,HISTORY_NOT_CHECKED,LIQUIDITY_NOT_CHECKED,NOT_VERIFIED,true,P1,PRICE_HISTORY_AND_LIQUIDITY_REFRESH_REQUIRED,Mapping verification,UNDECIDED_OFFLINE,PUMG.DE,true,revalidated history/liquidity evidence,v0.37 is offline; prior price-derived evidence is not current
WS:XETR:QIA.DE,EU_STOXX600,XETR,QIA.DE,NOT_VERIFIED,MAPPING_PRESENT_NOT_REVALIDATED,HISTORY_NOT_CHECKED,LIQUIDITY_NOT_CHECKED,NOT_VERIFIED,true,P1,PRICE_HISTORY_AND_LIQUIDITY_REFRESH_REQUIRED,Mapping verification,UNDECIDED_OFFLINE,QIA.DE,true,revalidated history/liquidity evidence,v0.37 is offline; prior price-derived evidence is not current
WS:XETR:R3NK.DE,EU_STOXX600,XETR,R3NK.DE,NOT_VERIFIED,MAPPING_PRESENT_NOT_REVALIDATED,HISTORY_NOT_CHECKED,LIQUIDITY_NOT_CHECKED,NOT_VERIFIED,true,P1,PRICE_HISTORY_AND_LIQUIDITY_REFRESH_REQUIRED,Mapping verification,UNDECIDED_OFFLINE,R3NK.DE,true,revalidated history/liquidity evidence,v0.37 is offline; prior price-derived evidence is not current
WS:XETR:RAAG.DE,EU_STOXX600,XETR,RAAG.DE,NOT_VERIFIED,MAPPING_PRESENT_NOT_REVALIDATED,HISTORY_NOT_CHECKED,LIQUIDITY_NOT_CHECKED,NOT_VERIFIED,true,P1,PRICE_HISTORY_AND_LIQUIDITY_REFRESH_REQUIRED,Mapping verification,UNDECIDED_OFFLINE,RAAG.DE,true,revalidated history/liquidity evidence,v0.37 is offline; prior price-derived evidence is not current
WS:XETR:RHMG.DE,EU_STOXX600,XETR,RHMG.DE,NOT_VERIFIED,MAPPING_PRESENT_NOT_REVALIDATED,HISTORY_NOT_CHECKED,LIQUIDITY_NOT_CHECKED,NOT_VERIFIED,true,P1,PRICE_HISTORY_AND_LIQUIDITY_REFRESH_REQUIRED,Mapping verification,UNDECIDED_OFFLINE,RHMG.DE,true,revalidated history/liquidity evidence,v0.37 is offline; prior price-derived evidence is not current
WS:XETR:RWEG.DE,EU_STOXX600,XETR,RWEG.DE,NOT_VERIFIED,MAPPING_PRESENT_NOT_REVALIDATED,HISTORY_NOT_CHECKED,LIQUIDITY_NOT_CHECKED,NOT_VERIFIED,true,P1,PRICE_HISTORY_AND_LIQUIDITY_REFRESH_REQUIRED,Mapping verification,UNDECIDED_OFFLINE,RWEG.DE,true,revalidated history/liquidity evidence,v0.37 is offline; prior price-derived evidence is not current
WS:XETR:SAPG.DE,EU_STOXX600,XETR,SAPG.DE,NOT_VERIFIED,MAPPING_PRESENT_NOT_REVALIDATED,HISTORY_NOT_CHECKED,LIQUIDITY_NOT_CHECKED,NOT_VERIFIED,true,P1,PRICE_HISTORY_AND_LIQUIDITY_REFRESH_REQUIRED,Mapping verification,UNDECIDED_OFFLINE,SAPG.DE,true,revalidated history/liquidity evidence,v0.37 is offline; prior price-derived evidence is not current
WS:XETR:SATG_P.DE,EU_STOXX600,XETR,SATG_p.DE,NOT_VERIFIED,MAPPING_PRESENT_NOT_REVALIDATED,HISTORY_NOT_CHECKED,LIQUIDITY_NOT_CHECKED,NOT_VERIFIED,true,P1,PRICE_HISTORY_AND_LIQUIDITY_REFRESH_REQUIRED,Mapping verification,UNDECIDED_OFFLINE,SATG_p.DE,true,revalidated history/liquidity evidence,v0.37 is offline; prior price-derived evidence is not current
WS:XETR:SDFGN.DE,EU_STOXX600,XETR,SDFGn.DE,NOT_VERIFIED,MAPPING_PRESENT_NOT_REVALIDATED,HISTORY_NOT_CHECKED,LIQUIDITY_NOT_CHECKED,NOT_VERIFIED,true,P1,PRICE_HISTORY_AND_LIQUIDITY_REFRESH_REQUIRED,Mapping verification,UNDECIDED_OFFLINE,SDFGn.DE,true,revalidated history/liquidity evidence,v0.37 is offline; prior price-derived evidence is not current
WS:XETR:SHLG.DE,EU_STOXX600,XETR,SHLG.DE,NOT_VERIFIED,MAPPING_PRESENT_NOT_REVALIDATED,HISTORY_NOT_CHECKED,LIQUIDITY_NOT_CHECKED,NOT_VERIFIED,true,P1,PRICE_HISTORY_AND_LIQUIDITY_REFRESH_REQUIRED,Mapping verification,UNDECIDED_OFFLINE,SHLG.DE,true,revalidated history/liquidity evidence,v0.37 is offline; prior price-derived evidence is not current
WS:XETR:SIEGN.DE,EU_STOXX600,XETR,SIEGn.DE,NOT_VERIFIED,MAPPING_PRESENT_NOT_REVALIDATED,HISTORY_NOT_CHECKED,LIQUIDITY_NOT_CHECKED,NOT_VERIFIED,true,P1,PRICE_HISTORY_AND_LIQUIDITY_REFRESH_REQUIRED,Mapping verification,UNDECIDED_OFFLINE,SIEGn.DE,true,revalidated history/liquidity evidence,v0.37 is offline; prior price-derived evidence is not current
WS:XETR:SY1G.DE,EU_STOXX600,XETR,SY1G.DE,NOT_VERIFIED,MAPPING_PRESENT_NOT_REVALIDATED,HISTORY_NOT_CHECKED,LIQUIDITY_NOT_CHECKED,NOT_VERIFIED,true,P1,PRICE_HISTORY_AND_LIQUIDITY_REFRESH_REQUIRED,Mapping verification,UNDECIDED_OFFLINE,SY1G.DE,true,revalidated history/liquidity evidence,v0.37 is offline; prior price-derived evidence is not current
WS:XETR:TEGG.DE,EU_STOXX600,XETR,TEGG.DE,NOT_VERIFIED,MAPPING_PRESENT_NOT_REVALIDATED,HISTORY_NOT_CHECKED,LIQUIDITY_NOT_CHECKED,NOT_VERIFIED,true,P1,PRICE_HISTORY_AND_LIQUIDITY_REFRESH_REQUIRED,Mapping verification,UNDECIDED_OFFLINE,TEGG.DE,true,revalidated history/liquidity evidence,v0.37 is offline; prior price-derived evidence is not current
WS:XETR:TKAG.DE,EU_STOXX600,XETR,TKAG.DE,NOT_VERIFIED,MAPPING_PRESENT_NOT_REVALIDATED,HISTORY_NOT_CHECKED,LIQUIDITY_NOT_CHECKED,NOT_VERIFIED,true,P1,PRICE_HISTORY_AND_LIQUIDITY_REFRESH_REQUIRED,Mapping verification,UNDECIDED_OFFLINE,TKAG.DE,true,revalidated history/liquidity evidence,v0.37 is offline; prior price-derived evidence is not current
WS:XETR:TLXGN.DE,EU_STOXX600,XETR,TLXGn.DE,NOT_VERIFIED,MAPPING_PRESENT_NOT_REVALIDATED,HISTORY_NOT_CHECKED,LIQUIDITY_NOT_CHECKED,NOT_VERIFIED,true,P1,PRICE_HISTORY_AND_LIQUIDITY_REFRESH_REQUIRED,Mapping verification,UNDECIDED_OFFLINE,TLXGn.DE,true,revalidated history/liquidity evidence,v0.37 is offline; prior price-derived evidence is not current
WS:XETR:TUI1N.DE,EU_STOXX600,XETR,TUI1n.DE,NOT_VERIFIED,MAPPING_PRESENT_NOT_REVALIDATED,HISTORY_NOT_CHECKED,LIQUIDITY_NOT_CHECKED,NOT_VERIFIED,true,P1,PRICE_HISTORY_AND_LIQUIDITY_REFRESH_REQUIRED,Mapping verification,UNDECIDED_OFFLINE,TUI1n.DE,true,revalidated history/liquidity evidence,v0.37 is offline; prior price-derived evidence is not current
WS:XETR:VNAN.DE,EU_STOXX600,XETR,VNAn.DE,NOT_VERIFIED,MAPPING_PRESENT_NOT_REVALIDATED,HISTORY_NOT_CHECKED,LIQUIDITY_NOT_CHECKED,NOT_VERIFIED,true,P1,PRICE_HISTORY_AND_LIQUIDITY_REFRESH_REQUIRED,Mapping verification,UNDECIDED_OFFLINE,VNAn.DE,true,revalidated history/liquidity evidence,v0.37 is offline; prior price-derived evidence is not current
WS:XETR:VOWG_P.DE,EU_STOXX600,XETR,VOWG_p.DE,NOT_VERIFIED,MAPPING_PRESENT_NOT_REVALIDATED,HISTORY_NOT_CHECKED,LIQUIDITY_NOT_CHECKED,NOT_VERIFIED,true,P1,PRICE_HISTORY_AND_LIQUIDITY_REFRESH_REQUIRED,Mapping verification,UNDECIDED_OFFLINE,VOWG_p.DE,true,revalidated history/liquidity evidence,v0.37 is offline; prior price-derived evidence is not current
WS:XETR:ZALG.DE,EU_STOXX600,XETR,ZALG.DE,NOT_VERIFIED,MAPPING_PRESENT_NOT_REVALIDATED,HISTORY_NOT_CHECKED,LIQUIDITY_NOT_CHECKED,NOT_VERIFIED,true,P1,PRICE_HISTORY_AND_LIQUIDITY_REFRESH_REQUIRED,Mapping verification,UNDECIDED_OFFLINE,ZALG.DE,true,revalidated history/liquidity evidence,v0.37 is offline; prior price-derived evidence is not current
WS:XHEL:ELISA.HE,EU_STOXX600,XHEL,ELISA.HE,NOT_VERIFIED,MAPPING_PRESENT_NOT_REVALIDATED,HISTORY_NOT_CHECKED,LIQUIDITY_NOT_CHECKED,NOT_VERIFIED,true,P1,PRICE_HISTORY_AND_LIQUIDITY_REFRESH_REQUIRED,Mapping verification,UNDECIDED_OFFLINE,ELISA.HE,true,revalidated history/liquidity evidence,v0.37 is offline; prior price-derived evidence is not current
WS:XHEL:FORTUM.HE,EU_STOXX600,XHEL,FORTUM.HE,NOT_VERIFIED,MAPPING_PRESENT_NOT_REVALIDATED,HISTORY_NOT_CHECKED,LIQUIDITY_NOT_CHECKED,NOT_VERIFIED,true,P1,PRICE_HISTORY_AND_LIQUIDITY_REFRESH_REQUIRED,Mapping verification,UNDECIDED_OFFLINE,FORTUM.HE,true,revalidated history/liquidity evidence,v0.37 is offline; prior price-derived evidence is not current
WS:XHEL:HIAB.HE,EU_STOXX600,XHEL,HIAB.HE,NOT_VERIFIED,MAPPING_PRESENT_NOT_REVALIDATED,HISTORY_NOT_CHECKED,LIQUIDITY_NOT_CHECKED,NOT_VERIFIED,true,P1,PRICE_HISTORY_AND_LIQUIDITY_REFRESH_REQUIRED,Mapping verification,UNDECIDED_OFFLINE,HIAB.HE,true,revalidated history/liquidity evidence,v0.37 is offline; prior price-derived evidence is not current
WS:XHEL:HUH1V.HE,EU_STOXX600,XHEL,HUH1V.HE,NOT_VERIFIED,MAPPING_PRESENT_NOT_REVALIDATED,HISTORY_NOT_CHECKED,LIQUIDITY_NOT_CHECKED,NOT_VERIFIED,true,P1,PRICE_HISTORY_AND_LIQUIDITY_REFRESH_REQUIRED,Mapping verification,UNDECIDED_OFFLINE,HUH1V.HE,true,revalidated history/liquidity evidence,v0.37 is offline; prior price-derived evidence is not current
WS:XHEL:KCRA.HE,EU_STOXX600,XHEL,KCRA.HE,NOT_VERIFIED,MAPPING_PRESENT_NOT_REVALIDATED,HISTORY_NOT_CHECKED,LIQUIDITY_NOT_CHECKED,NOT_VERIFIED,true,P1,PRICE_HISTORY_AND_LIQUIDITY_REFRESH_REQUIRED,Mapping verification,UNDECIDED_OFFLINE,KCRA.HE,true,revalidated history/liquidity evidence,v0.37 is offline; prior price-derived evidence is not current
WS:XHEL:KEMIRA.HE,EU_STOXX600,XHEL,KEMIRA.HE,NOT_VERIFIED,MAPPING_PRESENT_NOT_REVALIDATED,HISTORY_NOT_CHECKED,LIQUIDITY_NOT_CHECKED,NOT_VERIFIED,true,P1,PRICE_HISTORY_AND_LIQUIDITY_REFRESH_REQUIRED,Mapping verification,UNDECIDED_OFFLINE,KEMIRA.HE,true,revalidated history/liquidity evidence,v0.37 is offline; prior price-derived evidence is not current
WS:XHEL:KESKOB.HE,EU_STOXX600,XHEL,KESKOB.HE,NOT_VERIFIED,MAPPING_PRESENT_NOT_REVALIDATED,HISTORY_NOT_CHECKED,LIQUIDITY_NOT_CHECKED,NOT_VERIFIED,true,P1,PRICE_HISTORY_AND_LIQUIDITY_REFRESH_REQUIRED,Mapping verification,UNDECIDED_OFFLINE,KESKOB.HE,true,revalidated history/liquidity evidence,v0.37 is offline; prior price-derived evidence is not current
WS:XHEL:KNEBV.HE,EU_STOXX600,XHEL,KNEBV.HE,NOT_VERIFIED,MAPPING_PRESENT_NOT_REVALIDATED,HISTORY_NOT_CHECKED,LIQUIDITY_NOT_CHECKED,NOT_VERIFIED,true,P1,PRICE_HISTORY_AND_LIQUIDITY_REFRESH_REQUIRED,Mapping verification,UNDECIDED_OFFLINE,KNEBV.HE,true,revalidated history/liquidity evidence,v0.37 is offline; prior price-derived evidence is not current
WS:XHEL:MANTA.HE,EU_STOXX600,XHEL,MANTA.HE,NOT_VERIFIED,MAPPING_PRESENT_NOT_REVALIDATED,HISTORY_NOT_CHECKED,LIQUIDITY_NOT_CHECKED,NOT_VERIFIED,true,P1,PRICE_HISTORY_AND_LIQUIDITY_REFRESH_REQUIRED,Mapping verification,UNDECIDED_OFFLINE,MANTA.HE,true,revalidated history/liquidity evidence,v0.37 is offline; prior price-derived evidence is not current
WS:XHEL:METSO.HE,EU_STOXX600,XHEL,METSO.HE,NOT_VERIFIED,MAPPING_PRESENT_NOT_REVALIDATED,HISTORY_NOT_CHECKED,LIQUIDITY_NOT_CHECKED,NOT_VERIFIED,true,P1,PRICE_HISTORY_AND_LIQUIDITY_REFRESH_REQUIRED,Mapping verification,UNDECIDED_OFFLINE,METSO.HE,true,revalidated history/liquidity evidence,v0.37 is offline; prior price-derived evidence is not current
WS:XHEL:NDAFI.HE,EU_STOXX600,XHEL,NDAFI.HE,NOT_VERIFIED,MAPPING_PRESENT_NOT_REVALIDATED,HISTORY_NOT_CHECKED,LIQUIDITY_NOT_CHECKED,NOT_VERIFIED,true,P1,PRICE_HISTORY_AND_LIQUIDITY_REFRESH_REQUIRED,Mapping verification,UNDECIDED_OFFLINE,NDAFI.HE,true,revalidated history/liquidity evidence,v0.37 is offline; prior price-derived evidence is not current
WS:XHEL:NESTE.HE,EU_STOXX600,XHEL,NESTE.HE,NOT_VERIFIED,MAPPING_PRESENT_NOT_REVALIDATED,HISTORY_NOT_CHECKED,LIQUIDITY_NOT_CHECKED,NOT_VERIFIED,true,P1,PRICE_HISTORY_AND_LIQUIDITY_REFRESH_REQUIRED,Mapping verification,UNDECIDED_OFFLINE,NESTE.HE,true,revalidated history/liquidity evidence,v0.37 is offline; prior price-derived evidence is not current
WS:XHEL:NOKIA.HE,EU_STOXX600,XHEL,NOKIA.HE,NOT_VERIFIED,MAPPING_PRESENT_NOT_REVALIDATED,HISTORY_NOT_CHECKED,LIQUIDITY_NOT_CHECKED,NOT_VERIFIED,true,P1,PRICE_HISTORY_AND_LIQUIDITY_REFRESH_REQUIRED,Mapping verification,UNDECIDED_OFFLINE,NOKIA.HE,true,revalidated history/liquidity evidence,v0.37 is offline; prior price-derived evidence is not current
WS:XHEL:ORNBV.HE,EU_STOXX600,XHEL,ORNBV.HE,NOT_VERIFIED,MAPPING_PRESENT_NOT_REVALIDATED,HISTORY_NOT_CHECKED,LIQUIDITY_NOT_CHECKED,NOT_VERIFIED,true,P1,PRICE_HISTORY_AND_LIQUIDITY_REFRESH_REQUIRED,Mapping verification,UNDECIDED_OFFLINE,ORNBV.HE,true,revalidated history/liquidity evidence,v0.37 is offline; prior price-derived evidence is not current
WS:XHEL:SAMPO.HE,EU_STOXX600,XHEL,SAMPO.HE,NOT_VERIFIED,MAPPING_PRESENT_NOT_REVALIDATED,HISTORY_NOT_CHECKED,LIQUIDITY_NOT_CHECKED,NOT_VERIFIED,true,P1,PRICE_HISTORY_AND_LIQUIDITY_REFRESH_REQUIRED,Mapping verification,UNDECIDED_OFFLINE,SAMPO.HE,true,revalidated history/liquidity evidence,v0.37 is offline; prior price-derived evidence is not current
WS:XHEL:STERV.HE,EU_STOXX600,XHEL,STERV.HE,NOT_VERIFIED,MAPPING_PRESENT_NOT_REVALIDATED,HISTORY_NOT_CHECKED,LIQUIDITY_NOT_CHECKED,NOT_VERIFIED,true,P1,PRICE_HISTORY_AND_LIQUIDITY_REFRESH_REQUIRED,Mapping verification,UNDECIDED_OFFLINE,STERV.HE,true,revalidated history/liquidity evidence,v0.37 is offline; prior price-derived evidence is not current
WS:XHEL:UPM.HE,EU_STOXX600,XHEL,UPM.HE,NOT_VERIFIED,MAPPING_PRESENT_NOT_REVALIDATED,HISTORY_NOT_CHECKED,LIQUIDITY_NOT_CHECKED,NOT_VERIFIED,true,P1,PRICE_HISTORY_AND_LIQUIDITY_REFRESH_REQUIRED,Mapping verification,UNDECIDED_OFFLINE,UPM.HE,true,revalidated history/liquidity evidence,v0.37 is offline; prior price-derived evidence is not current
WS:XHEL:VALMT.HE,EU_STOXX600,XHEL,VALMT.HE,NOT_VERIFIED,MAPPING_PRESENT_NOT_REVALIDATED,HISTORY_NOT_CHECKED,LIQUIDITY_NOT_CHECKED,NOT_VERIFIED,true,P1,PRICE_HISTORY_AND_LIQUIDITY_REFRESH_REQUIRED,Mapping verification,UNDECIDED_OFFLINE,VALMT.HE,true,revalidated history/liquidity evidence,v0.37 is offline; prior price-derived evidence is not current
WS:XHEL:WRT1V.HE,EU_STOXX600,XHEL,WRT1V.HE,NOT_VERIFIED,MAPPING_PRESENT_NOT_REVALIDATED,HISTORY_NOT_CHECKED,LIQUIDITY_NOT_CHECKED,NOT_VERIFIED,true,P1,PRICE_HISTORY_AND_LIQUIDITY_REFRESH_REQUIRED,Mapping verification,UNDECIDED_OFFLINE,WRT1V.HE,true,revalidated history/liquidity evidence,v0.37 is offline; prior price-derived evidence is not current
WS:XHKG:1,HK_HSI,XHKG,1,NOT_VERIFIED,MAPPING_PRESENT_NOT_REVALIDATED,HISTORY_NOT_CHECKED,LIQUIDITY_NOT_CHECKED,NOT_VERIFIED,true,P1,PRICE_HISTORY_AND_LIQUIDITY_REFRESH_REQUIRED,Mapping verification,UNDECIDED_OFFLINE,1,true,revalidated history/liquidity evidence,v0.37 is offline; prior price-derived evidence is not current
WS:XHKG:101,HK_HSI,XHKG,101,NOT_VERIFIED,MAPPING_PRESENT_NOT_REVALIDATED,HISTORY_NOT_CHECKED,LIQUIDITY_NOT_CHECKED,NOT_VERIFIED,true,P1,PRICE_HISTORY_AND_LIQUIDITY_REFRESH_REQUIRED,Mapping verification,UNDECIDED_OFFLINE,101,true,revalidated history/liquidity evidence,v0.37 is offline; prior price-derived evidence is not current
WS:XHKG:1024,HK_HSI,XHKG,1024,NOT_VERIFIED,MAPPING_PRESENT_NOT_REVALIDATED,HISTORY_NOT_CHECKED,LIQUIDITY_NOT_CHECKED,NOT_VERIFIED,true,P1,PRICE_HISTORY_AND_LIQUIDITY_REFRESH_REQUIRED,Mapping verification,UNDECIDED_OFFLINE,1024,true,revalidated history/liquidity evidence,v0.37 is offline; prior price-derived evidence is not current
WS:XHKG:1038,HK_HSI,XHKG,1038,NOT_VERIFIED,MAPPING_PRESENT_NOT_REVALIDATED,HISTORY_NOT_CHECKED,LIQUIDITY_NOT_CHECKED,NOT_VERIFIED,true,P1,PRICE_HISTORY_AND_LIQUIDITY_REFRESH_REQUIRED,Mapping verification,UNDECIDED_OFFLINE,1038,true,revalidated history/liquidity evidence,v0.37 is offline; prior price-derived evidence is not current
WS:XHKG:1044,HK_HSI,XHKG,1044,NOT_VERIFIED,MAPPING_PRESENT_NOT_REVALIDATED,HISTORY_NOT_CHECKED,LIQUIDITY_NOT_CHECKED,NOT_VERIFIED,true,P1,PRICE_HISTORY_AND_LIQUIDITY_REFRESH_REQUIRED,Mapping verification,UNDECIDED_OFFLINE,1044,true,revalidated history/liquidity evidence,v0.37 is offline; prior price-derived evidence is not current
WS:XHKG:1088,HK_HSI,XHKG,1088,NOT_VERIFIED,MAPPING_PRESENT_NOT_REVALIDATED,HISTORY_NOT_CHECKED,LIQUIDITY_NOT_CHECKED,NOT_VERIFIED,true,P1,PRICE_HISTORY_AND_LIQUIDITY_REFRESH_REQUIRED,Mapping verification,UNDECIDED_OFFLINE,1088,true,revalidated history/liquidity evidence,v0.37 is offline; prior price-derived evidence is not current
WS:XHKG:1093,HK_HSI,XHKG,1093,NOT_VERIFIED,MAPPING_PRESENT_NOT_REVALIDATED,HISTORY_NOT_CHECKED,LIQUIDITY_NOT_CHECKED,NOT_VERIFIED,true,P1,PRICE_HISTORY_AND_LIQUIDITY_REFRESH_REQUIRED,Mapping verification,UNDECIDED_OFFLINE,1093,true,revalidated history/liquidity evidence,v0.37 is offline; prior price-derived evidence is not current
WS:XHKG:1099,HK_HSI,XHKG,1099,NOT_VERIFIED,MAPPING_PRESENT_NOT_REVALIDATED,HISTORY_NOT_CHECKED,LIQUIDITY_NOT_CHECKED,NOT_VERIFIED,true,P1,PRICE_HISTORY_AND_LIQUIDITY_REFRESH_REQUIRED,Mapping verification,UNDECIDED_OFFLINE,1099,true,revalidated history/liquidity evidence,v0.37 is offline; prior price-derived evidence is not current
WS:XHKG:1109,HK_HSI,XHKG,1109,NOT_VERIFIED,MAPPING_PRESENT_NOT_REVALIDATED,HISTORY_NOT_CHECKED,LIQUIDITY_NOT_CHECKED,NOT_VERIFIED,true,P1,PRICE_HISTORY_AND_LIQUIDITY_REFRESH_REQUIRED,Mapping verification,UNDECIDED_OFFLINE,1109,true,revalidated history/liquidity evidence,v0.37 is offline; prior price-derived evidence is not current
WS:XHKG:1113,HK_HSI,XHKG,1113,NOT_VERIFIED,MAPPING_PRESENT_NOT_REVALIDATED,HISTORY_NOT_CHECKED,LIQUIDITY_NOT_CHECKED,NOT_VERIFIED,true,P1,PRICE_HISTORY_AND_LIQUIDITY_REFRESH_REQUIRED,Mapping verification,UNDECIDED_OFFLINE,1113,true,revalidated history/liquidity evidence,v0.37 is offline; prior price-derived evidence is not current
WS:XHKG:1177,HK_HSI,XHKG,1177,NOT_VERIFIED,MAPPING_PRESENT_NOT_REVALIDATED,HISTORY_NOT_CHECKED,LIQUIDITY_NOT_CHECKED,NOT_VERIFIED,true,P1,PRICE_HISTORY_AND_LIQUIDITY_REFRESH_REQUIRED,Mapping verification,UNDECIDED_OFFLINE,1177,true,revalidated history/liquidity evidence,v0.37 is offline; prior price-derived evidence is not current
WS:XHKG:12,HK_HSI,XHKG,12,NOT_VERIFIED,MAPPING_PRESENT_NOT_REVALIDATED,HISTORY_NOT_CHECKED,LIQUIDITY_NOT_CHECKED,NOT_VERIFIED,true,P1,PRICE_HISTORY_AND_LIQUIDITY_REFRESH_REQUIRED,Mapping verification,UNDECIDED_OFFLINE,12,true,revalidated history/liquidity evidence,v0.37 is offline; prior price-derived evidence is not current
WS:XHKG:1209,HK_HSI,XHKG,1209,NOT_VERIFIED,MAPPING_PRESENT_NOT_REVALIDATED,HISTORY_NOT_CHECKED,LIQUIDITY_NOT_CHECKED,NOT_VERIFIED,true,P1,PRICE_HISTORY_AND_LIQUIDITY_REFRESH_REQUIRED,Mapping verification,UNDECIDED_OFFLINE,1209,true,revalidated history/liquidity evidence,v0.37 is offline; prior price-derived evidence is not current
WS:XHKG:1211,HK_HSI,XHKG,1211,NOT_VERIFIED,MAPPING_PRESENT_NOT_REVALIDATED,HISTORY_NOT_CHECKED,LIQUIDITY_NOT_CHECKED,NOT_VERIFIED,true,P1,PRICE_HISTORY_AND_LIQUIDITY_REFRESH_REQUIRED,Mapping verification,UNDECIDED_OFFLINE,1211,true,revalidated history/liquidity evidence,v0.37 is offline; prior price-derived evidence is not current
WS:XHKG:1299,HK_HSI,XHKG,1299,NOT_VERIFIED,MAPPING_PRESENT_NOT_REVALIDATED,HISTORY_NOT_CHECKED,LIQUIDITY_NOT_CHECKED,NOT_VERIFIED,true,P1,PRICE_HISTORY_AND_LIQUIDITY_REFRESH_REQUIRED,Mapping verification,UNDECIDED_OFFLINE,1299,true,revalidated history/liquidity evidence,v0.37 is offline; prior price-derived evidence is not current
WS:XHKG:1378,HK_HSI,XHKG,1378,NOT_VERIFIED,MAPPING_PRESENT_NOT_REVALIDATED,HISTORY_NOT_CHECKED,LIQUIDITY_NOT_CHECKED,NOT_VERIFIED,true,P1,PRICE_HISTORY_AND_LIQUIDITY_REFRESH_REQUIRED,Mapping verification,UNDECIDED_OFFLINE,1378,true,revalidated history/liquidity evidence,v0.37 is offline; prior price-derived evidence is not current
WS:XHKG:1398,HK_HSI,XHKG,1398,NOT_VERIFIED,MAPPING_PRESENT_NOT_REVALIDATED,HISTORY_NOT_CHECKED,LIQUIDITY_NOT_CHECKED,NOT_VERIFIED,true,P1,PRICE_HISTORY_AND_LIQUIDITY_REFRESH_REQUIRED,Mapping verification,UNDECIDED_OFFLINE,1398,true,revalidated history/liquidity evidence,v0.37 is offline; prior price-derived evidence is not current
WS:XHKG:1519,HK_HSI,XHKG,1519,NOT_VERIFIED,MAPPING_PRESENT_NOT_REVALIDATED,HISTORY_NOT_CHECKED,LIQUIDITY_NOT_CHECKED,NOT_VERIFIED,true,P1,PRICE_HISTORY_AND_LIQUIDITY_REFRESH_REQUIRED,Mapping verification,UNDECIDED_OFFLINE,1519,true,revalidated history/liquidity evidence,v0.37 is offline; prior price-derived evidence is not current
WS:XHKG:16,HK_HSI,XHKG,16,NOT_VERIFIED,MAPPING_PRESENT_NOT_REVALIDATED,HISTORY_NOT_CHECKED,LIQUIDITY_NOT_CHECKED,NOT_VERIFIED,true,P1,PRICE_HISTORY_AND_LIQUIDITY_REFRESH_REQUIRED,Mapping verification,UNDECIDED_OFFLINE,16,true,revalidated history/liquidity evidence,v0.37 is offline; prior price-derived evidence is not current
WS:XHKG:175,HK_HSI,XHKG,175,NOT_VERIFIED,MAPPING_PRESENT_NOT_REVALIDATED,HISTORY_NOT_CHECKED,LIQUIDITY_NOT_CHECKED,NOT_VERIFIED,true,P1,PRICE_HISTORY_AND_LIQUIDITY_REFRESH_REQUIRED,Mapping verification,UNDECIDED_OFFLINE,175,true,revalidated history/liquidity evidence,v0.37 is offline; prior price-derived evidence is not current
WS:XHKG:1801,HK_HSI,XHKG,1801,NOT_VERIFIED,MAPPING_PRESENT_NOT_REVALIDATED,HISTORY_NOT_CHECKED,LIQUIDITY_NOT_CHECKED,NOT_VERIFIED,true,P1,PRICE_HISTORY_AND_LIQUIDITY_REFRESH_REQUIRED,Mapping verification,UNDECIDED_OFFLINE,1801,true,revalidated history/liquidity evidence,v0.37 is offline; prior price-derived evidence is not current
WS:XHKG:1810,HK_HSI,XHKG,1810,NOT_VERIFIED,MAPPING_PRESENT_NOT_REVALIDATED,HISTORY_NOT_CHECKED,LIQUIDITY_NOT_CHECKED,NOT_VERIFIED,true,P1,PRICE_HISTORY_AND_LIQUIDITY_REFRESH_REQUIRED,Mapping verification,UNDECIDED_OFFLINE,1810,true,revalidated history/liquidity evidence,v0.37 is offline; prior price-derived evidence is not current
WS:XHKG:1876,HK_HSI,XHKG,1876,NOT_VERIFIED,MAPPING_PRESENT_NOT_REVALIDATED,HISTORY_NOT_CHECKED,LIQUIDITY_NOT_CHECKED,NOT_VERIFIED,true,P1,PRICE_HISTORY_AND_LIQUIDITY_REFRESH_REQUIRED,Mapping verification,UNDECIDED_OFFLINE,1876,true,revalidated history/liquidity evidence,v0.37 is offline; prior price-derived evidence is not current
WS:XHKG:1928,HK_HSI,XHKG,1928,NOT_VERIFIED,MAPPING_PRESENT_NOT_REVALIDATED,HISTORY_NOT_CHECKED,LIQUIDITY_NOT_CHECKED,NOT_VERIFIED,true,P1,PRICE_HISTORY_AND_LIQUIDITY_REFRESH_REQUIRED,Mapping verification,UNDECIDED_OFFLINE,1928,true,revalidated history/liquidity evidence,v0.37 is offline; prior price-derived evidence is not current
WS:XHKG:1929,HK_HSI,XHKG,1929,NOT_VERIFIED,MAPPING_PRESENT_NOT_REVALIDATED,HISTORY_NOT_CHECKED,LIQUIDITY_NOT_CHECKED,NOT_VERIFIED,true,P1,PRICE_HISTORY_AND_LIQUIDITY_REFRESH_REQUIRED,Mapping verification,UNDECIDED_OFFLINE,1929,true,revalidated history/liquidity evidence,v0.37 is offline; prior price-derived evidence is not current
WS:XHKG:1997,HK_HSI,XHKG,1997,NOT_VERIFIED,MAPPING_PRESENT_NOT_REVALIDATED,HISTORY_NOT_CHECKED,LIQUIDITY_NOT_CHECKED,NOT_VERIFIED,true,P1,PRICE_HISTORY_AND_LIQUIDITY_REFRESH_REQUIRED,Mapping verification,UNDECIDED_OFFLINE,1997,true,revalidated history/liquidity evidence,v0.37 is offline; prior price-derived evidence is not current
WS:XHKG:2,HK_HSI,XHKG,2,NOT_VERIFIED,MAPPING_PRESENT_NOT_REVALIDATED,HISTORY_NOT_CHECKED,LIQUIDITY_NOT_CHECKED,NOT_VERIFIED,true,P1,PRICE_HISTORY_AND_LIQUIDITY_REFRESH_REQUIRED,Mapping verification,UNDECIDED_OFFLINE,2,true,revalidated history/liquidity evidence,v0.37 is offline; prior price-derived evidence is not current
WS:XHKG:2015,HK_HSI,XHKG,2015,NOT_VERIFIED,MAPPING_PRESENT_NOT_REVALIDATED,HISTORY_NOT_CHECKED,LIQUIDITY_NOT_CHECKED,NOT_VERIFIED,true,P1,PRICE_HISTORY_AND_LIQUIDITY_REFRESH_REQUIRED,Mapping verification,UNDECIDED_OFFLINE,2015,true,revalidated history/liquidity evidence,v0.37 is offline; prior price-derived evidence is not current
WS:XHKG:2020,HK_HSI,XHKG,2020,NOT_VERIFIED,MAPPING_PRESENT_NOT_REVALIDATED,HISTORY_NOT_CHECKED,LIQUIDITY_NOT_CHECKED,NOT_VERIFIED,true,P1,PRICE_HISTORY_AND_LIQUIDITY_REFRESH_REQUIRED,Mapping verification,UNDECIDED_OFFLINE,2020,true,revalidated history/liquidity evidence,v0.37 is offline; prior price-derived evidence is not current
WS:XHKG:2057,HK_HSI,XHKG,2057,NOT_VERIFIED,MAPPING_PRESENT_NOT_REVALIDATED,HISTORY_NOT_CHECKED,LIQUIDITY_NOT_CHECKED,NOT_VERIFIED,true,P1,PRICE_HISTORY_AND_LIQUIDITY_REFRESH_REQUIRED,Mapping verification,UNDECIDED_OFFLINE,2057,true,revalidated history/liquidity evidence,v0.37 is offline; prior price-derived evidence is not current
WS:XHKG:2269,HK_HSI,XHKG,2269,NOT_VERIFIED,MAPPING_PRESENT_NOT_REVALIDATED,HISTORY_NOT_CHECKED,LIQUIDITY_NOT_CHECKED,NOT_VERIFIED,true,P1,PRICE_HISTORY_AND_LIQUIDITY_REFRESH_REQUIRED,Mapping verification,UNDECIDED_OFFLINE,2269,true,revalidated history/liquidity evidence,v0.37 is offline; prior price-derived evidence is not current
WS:XHKG:2313,HK_HSI,XHKG,2313,NOT_VERIFIED,MAPPING_PRESENT_NOT_REVALIDATED,HISTORY_NOT_CHECKED,LIQUIDITY_NOT_CHECKED,NOT_VERIFIED,true,P1,PRICE_HISTORY_AND_LIQUIDITY_REFRESH_REQUIRED,Mapping verification,UNDECIDED_OFFLINE,2313,true,revalidated history/liquidity evidence,v0.37 is offline; prior price-derived evidence is not current
WS:XHKG:2318,HK_HSI,XHKG,2318,NOT_VERIFIED,MAPPING_PRESENT_NOT_REVALIDATED,HISTORY_NOT_CHECKED,LIQUIDITY_NOT_CHECKED,NOT_VERIFIED,true,P1,PRICE_HISTORY_AND_LIQUIDITY_REFRESH_REQUIRED,Mapping verification,UNDECIDED_OFFLINE,2318,true,revalidated history/liquidity evidence,v0.37 is offline; prior price-derived evidence is not current
WS:XHKG:2319,HK_HSI,XHKG,2319,NOT_VERIFIED,MAPPING_PRESENT_NOT_REVALIDATED,HISTORY_NOT_CHECKED,LIQUIDITY_NOT_CHECKED,NOT_VERIFIED,true,P1,PRICE_HISTORY_AND_LIQUIDITY_REFRESH_REQUIRED,Mapping verification,UNDECIDED_OFFLINE,2319,true,revalidated history/liquidity evidence,v0.37 is offline; prior price-derived evidence is not current
WS:XHKG:2331,HK_HSI,XHKG,2331,NOT_VERIFIED,MAPPING_PRESENT_NOT_REVALIDATED,HISTORY_NOT_CHECKED,LIQUIDITY_NOT_CHECKED,NOT_VERIFIED,true,P1,PRICE_HISTORY_AND_LIQUIDITY_REFRESH_REQUIRED,Mapping verification,UNDECIDED_OFFLINE,2331,true,revalidated history/liquidity evidence,v0.37 is offline; prior price-derived evidence is not current
WS:XHKG:2359,HK_HSI,XHKG,2359,NOT_VERIFIED,MAPPING_PRESENT_NOT_REVALIDATED,HISTORY_NOT_CHECKED,LIQUIDITY_NOT_CHECKED,NOT_VERIFIED,true,P1,PRICE_HISTORY_AND_LIQUIDITY_REFRESH_REQUIRED,Mapping verification,UNDECIDED_OFFLINE,2359,true,revalidated history/liquidity evidence,v0.37 is offline; prior price-derived evidence is not current
WS:XHKG:2382,HK_HSI,XHKG,2382,NOT_VERIFIED,MAPPING_PRESENT_NOT_REVALIDATED,HISTORY_NOT_CHECKED,LIQUIDITY_NOT_CHECKED,NOT_VERIFIED,true,P1,PRICE_HISTORY_AND_LIQUIDITY_REFRESH_REQUIRED,Mapping verification,UNDECIDED_OFFLINE,2382,true,revalidated history/liquidity evidence,v0.37 is offline; prior price-derived evidence is not current
WS:XHKG:2388,HK_HSI,XHKG,2388,NOT_VERIFIED,MAPPING_PRESENT_NOT_REVALIDATED,HISTORY_NOT_CHECKED,LIQUIDITY_NOT_CHECKED,NOT_VERIFIED,true,P1,PRICE_HISTORY_AND_LIQUIDITY_REFRESH_REQUIRED,Mapping verification,UNDECIDED_OFFLINE,2388,true,revalidated history/liquidity evidence,v0.37 is offline; prior price-derived evidence is not current
WS:XHKG:241,HK_HSI,XHKG,241,NOT_VERIFIED,MAPPING_PRESENT_NOT_REVALIDATED,HISTORY_NOT_CHECKED,LIQUIDITY_NOT_CHECKED,NOT_VERIFIED,true,P1,PRICE_HISTORY_AND_LIQUIDITY_REFRESH_REQUIRED,Mapping verification,UNDECIDED_OFFLINE,241,true,revalidated history/liquidity evidence,v0.37 is offline; prior price-derived evidence is not current
WS:XHKG:2600,HK_HSI,XHKG,2600,NOT_VERIFIED,MAPPING_PRESENT_NOT_REVALIDATED,HISTORY_NOT_CHECKED,LIQUIDITY_NOT_CHECKED,NOT_VERIFIED,true,P1,PRICE_HISTORY_AND_LIQUIDITY_REFRESH_REQUIRED,Mapping verification,UNDECIDED_OFFLINE,2600,true,revalidated history/liquidity evidence,v0.37 is offline; prior price-derived evidence is not current
WS:XHKG:2618,HK_HSI,XHKG,2618,NOT_VERIFIED,MAPPING_PRESENT_NOT_REVALIDATED,HISTORY_NOT_CHECKED,LIQUIDITY_NOT_CHECKED,NOT_VERIFIED,true,P1,PRICE_HISTORY_AND_LIQUIDITY_REFRESH_REQUIRED,Mapping verification,UNDECIDED_OFFLINE,2618,true,revalidated history/liquidity evidence,v0.37 is offline; prior price-derived evidence is not current
WS:XHKG:2628,HK_HSI,XHKG,2628,NOT_VERIFIED,MAPPING_PRESENT_NOT_REVALIDATED,HISTORY_NOT_CHECKED,LIQUIDITY_NOT_CHECKED,NOT_VERIFIED,true,P1,PRICE_HISTORY_AND_LIQUIDITY_REFRESH_REQUIRED,Mapping verification,UNDECIDED_OFFLINE,2628,true,revalidated history/liquidity evidence,v0.37 is offline; prior price-derived evidence is not current
WS:XHKG:267,HK_HSI,XHKG,267,NOT_VERIFIED,MAPPING_PRESENT_NOT_REVALIDATED,HISTORY_NOT_CHECKED,LIQUIDITY_NOT_CHECKED,NOT_VERIFIED,true,P1,PRICE_HISTORY_AND_LIQUIDITY_REFRESH_REQUIRED,Mapping verification,UNDECIDED_OFFLINE,267,true,revalidated history/liquidity evidence,v0.37 is offline; prior price-derived evidence is not current
WS:XHKG:2688,HK_HSI,XHKG,2688,NOT_VERIFIED,MAPPING_PRESENT_NOT_REVALIDATED,HISTORY_NOT_CHECKED,LIQUIDITY_NOT_CHECKED,NOT_VERIFIED,true,P1,PRICE_HISTORY_AND_LIQUIDITY_REFRESH_REQUIRED,Mapping verification,UNDECIDED_OFFLINE,2688,true,revalidated history/liquidity evidence,v0.37 is offline; prior price-derived evidence is not current
WS:XHKG:27,HK_HSI,XHKG,27,NOT_VERIFIED,MAPPING_PRESENT_NOT_REVALIDATED,HISTORY_NOT_CHECKED,LIQUIDITY_NOT_CHECKED,NOT_VERIFIED,true,P1,PRICE_HISTORY_AND_LIQUIDITY_REFRESH_REQUIRED,Mapping verification,UNDECIDED_OFFLINE,27,true,revalidated history/liquidity evidence,v0.37 is offline; prior price-derived evidence is not current
WS:XHKG:285,HK_HSI,XHKG,285,NOT_VERIFIED,MAPPING_PRESENT_NOT_REVALIDATED,HISTORY_NOT_CHECKED,LIQUIDITY_NOT_CHECKED,NOT_VERIFIED,true,P1,PRICE_HISTORY_AND_LIQUIDITY_REFRESH_REQUIRED,Mapping verification,UNDECIDED_OFFLINE,285,true,revalidated history/liquidity evidence,v0.37 is offline; prior price-derived evidence is not current
WS:XHKG:288,HK_HSI,XHKG,288,NOT_VERIFIED,MAPPING_PRESENT_NOT_REVALIDATED,HISTORY_NOT_CHECKED,LIQUIDITY_NOT_CHECKED,NOT_VERIFIED,true,P1,PRICE_HISTORY_AND_LIQUIDITY_REFRESH_REQUIRED,Mapping verification,UNDECIDED_OFFLINE,288,true,revalidated history/liquidity evidence,v0.37 is offline; prior price-derived evidence is not current
WS:XHKG:2899,HK_HSI,XHKG,2899,NOT_VERIFIED,MAPPING_PRESENT_NOT_REVALIDATED,HISTORY_NOT_CHECKED,LIQUIDITY_NOT_CHECKED,NOT_VERIFIED,true,P1,PRICE_HISTORY_AND_LIQUIDITY_REFRESH_REQUIRED,Mapping verification,UNDECIDED_OFFLINE,2899,true,revalidated history/liquidity evidence,v0.37 is offline; prior price-derived evidence is not current
WS:XHKG:291,HK_HSI,XHKG,291,NOT_VERIFIED,MAPPING_PRESENT_NOT_REVALIDATED,HISTORY_NOT_CHECKED,LIQUIDITY_NOT_CHECKED,NOT_VERIFIED,true,P1,PRICE_HISTORY_AND_LIQUIDITY_REFRESH_REQUIRED,Mapping verification,UNDECIDED_OFFLINE,291,true,revalidated history/liquidity evidence,v0.37 is offline; prior price-derived evidence is not current
WS:XHKG:3,HK_HSI,XHKG,3,NOT_VERIFIED,MAPPING_PRESENT_NOT_REVALIDATED,HISTORY_NOT_CHECKED,LIQUIDITY_NOT_CHECKED,NOT_VERIFIED,true,P1,PRICE_HISTORY_AND_LIQUIDITY_REFRESH_REQUIRED,Mapping verification,UNDECIDED_OFFLINE,3,true,revalidated history/liquidity evidence,v0.37 is offline; prior price-derived evidence is not current
WS:XHKG:300,HK_HSI,XHKG,300,NOT_VERIFIED,MAPPING_PRESENT_NOT_REVALIDATED,HISTORY_NOT_CHECKED,LIQUIDITY_NOT_CHECKED,NOT_VERIFIED,true,P1,PRICE_HISTORY_AND_LIQUIDITY_REFRESH_REQUIRED,Mapping verification,UNDECIDED_OFFLINE,300,true,revalidated history/liquidity evidence,v0.37 is offline; prior price-derived evidence is not current
WS:XHKG:316,HK_HSI,XHKG,316,NOT_VERIFIED,MAPPING_PRESENT_NOT_REVALIDATED,HISTORY_NOT_CHECKED,LIQUIDITY_NOT_CHECKED,NOT_VERIFIED,true,P1,PRICE_HISTORY_AND_LIQUIDITY_REFRESH_REQUIRED,Mapping verification,UNDECIDED_OFFLINE,316,true,revalidated history/liquidity evidence,v0.37 is offline; prior price-derived evidence is not current
WS:XHKG:322,HK_HSI,XHKG,322,NOT_VERIFIED,MAPPING_PRESENT_NOT_REVALIDATED,HISTORY_NOT_CHECKED,LIQUIDITY_NOT_CHECKED,NOT_VERIFIED,true,P1,PRICE_HISTORY_AND_LIQUIDITY_REFRESH_REQUIRED,Mapping verification,UNDECIDED_OFFLINE,322,true,revalidated history/liquidity evidence,v0.37 is offline; prior price-derived evidence is not current
WS:XHKG:3690,HK_HSI,XHKG,3690,NOT_VERIFIED,MAPPING_PRESENT_NOT_REVALIDATED,HISTORY_NOT_CHECKED,LIQUIDITY_NOT_CHECKED,NOT_VERIFIED,true,P1,PRICE_HISTORY_AND_LIQUIDITY_REFRESH_REQUIRED,Mapping verification,UNDECIDED_OFFLINE,3690,true,revalidated history/liquidity evidence,v0.37 is offline; prior price-derived evidence is not current
WS:XHKG:3692,HK_HSI,XHKG,3692,NOT_VERIFIED,MAPPING_PRESENT_NOT_REVALIDATED,HISTORY_NOT_CHECKED,LIQUIDITY_NOT_CHECKED,NOT_VERIFIED,true,P1,PRICE_HISTORY_AND_LIQUIDITY_REFRESH_REQUIRED,Mapping verification,UNDECIDED_OFFLINE,3692,true,revalidated history/liquidity evidence,v0.37 is offline; prior price-derived evidence is not current
WS:XHKG:3750,HK_HSI,XHKG,3750,NOT_VERIFIED,MAPPING_PRESENT_NOT_REVALIDATED,HISTORY_NOT_CHECKED,LIQUIDITY_NOT_CHECKED,NOT_VERIFIED,true,P1,PRICE_HISTORY_AND_LIQUIDITY_REFRESH_REQUIRED,Mapping verification,UNDECIDED_OFFLINE,3750,true,revalidated history/liquidity evidence,v0.37 is offline; prior price-derived evidence is not current
WS:XHKG:386,HK_HSI,XHKG,386,NOT_VERIFIED,MAPPING_PRESENT_NOT_REVALIDATED,HISTORY_NOT_CHECKED,LIQUIDITY_NOT_CHECKED,NOT_VERIFIED,true,P1,PRICE_HISTORY_AND_LIQUIDITY_REFRESH_REQUIRED,Mapping verification,UNDECIDED_OFFLINE,386,true,revalidated history/liquidity evidence,v0.37 is offline; prior price-derived evidence is not current
WS:XHKG:388,HK_HSI,XHKG,388,NOT_VERIFIED,MAPPING_PRESENT_NOT_REVALIDATED,HISTORY_NOT_CHECKED,LIQUIDITY_NOT_CHECKED,NOT_VERIFIED,true,P1,PRICE_HISTORY_AND_LIQUIDITY_REFRESH_REQUIRED,Mapping verification,UNDECIDED_OFFLINE,388,true,revalidated history/liquidity evidence,v0.37 is offline; prior price-derived evidence is not current
WS:XHKG:3968,HK_HSI,XHKG,3968,NOT_VERIFIED,MAPPING_PRESENT_NOT_REVALIDATED,HISTORY_NOT_CHECKED,LIQUIDITY_NOT_CHECKED,NOT_VERIFIED,true,P1,PRICE_HISTORY_AND_LIQUIDITY_REFRESH_REQUIRED,Mapping verification,UNDECIDED_OFFLINE,3968,true,revalidated history/liquidity evidence,v0.37 is offline; prior price-derived evidence is not current
WS:XHKG:3988,HK_HSI,XHKG,3988,NOT_VERIFIED,MAPPING_PRESENT_NOT_REVALIDATED,HISTORY_NOT_CHECKED,LIQUIDITY_NOT_CHECKED,NOT_VERIFIED,true,P1,PRICE_HISTORY_AND_LIQUIDITY_REFRESH_REQUIRED,Mapping verification,UNDECIDED_OFFLINE,3988,true,revalidated history/liquidity evidence,v0.37 is offline; prior price-derived evidence is not current
WS:XHKG:3993,HK_HSI,XHKG,3993,NOT_VERIFIED,MAPPING_PRESENT_NOT_REVALIDATED,HISTORY_NOT_CHECKED,LIQUIDITY_NOT_CHECKED,NOT_VERIFIED,true,P1,PRICE_HISTORY_AND_LIQUIDITY_REFRESH_REQUIRED,Mapping verification,UNDECIDED_OFFLINE,3993,true,revalidated history/liquidity evidence,v0.37 is offline; prior price-derived evidence is not current
WS:XHKG:5,HK_HSI,XHKG,5,NOT_VERIFIED,MAPPING_PRESENT_NOT_REVALIDATED,HISTORY_NOT_CHECKED,LIQUIDITY_NOT_CHECKED,NOT_VERIFIED,true,P1,PRICE_HISTORY_AND_LIQUIDITY_REFRESH_REQUIRED,Mapping verification,UNDECIDED_OFFLINE,5,true,revalidated history/liquidity evidence,v0.37 is offline; prior price-derived evidence is not current
WS:XHKG:6,HK_HSI,XHKG,6,NOT_VERIFIED,MAPPING_PRESENT_NOT_REVALIDATED,HISTORY_NOT_CHECKED,LIQUIDITY_NOT_CHECKED,NOT_VERIFIED,true,P1,PRICE_HISTORY_AND_LIQUIDITY_REFRESH_REQUIRED,Mapping verification,UNDECIDED_OFFLINE,6,true,revalidated history/liquidity evidence,v0.37 is offline; prior price-derived evidence is not current
WS:XHKG:6160,HK_HSI,XHKG,6160,NOT_VERIFIED,MAPPING_PRESENT_NOT_REVALIDATED,HISTORY_NOT_CHECKED,LIQUIDITY_NOT_CHECKED,NOT_VERIFIED,true,P1,PRICE_HISTORY_AND_LIQUIDITY_REFRESH_REQUIRED,Mapping verification,UNDECIDED_OFFLINE,6160,true,revalidated history/liquidity evidence,v0.37 is offline; prior price-derived evidence is not current
WS:XHKG:6181,HK_HSI,XHKG,6181,NOT_VERIFIED,MAPPING_PRESENT_NOT_REVALIDATED,HISTORY_NOT_CHECKED,LIQUIDITY_NOT_CHECKED,NOT_VERIFIED,true,P1,PRICE_HISTORY_AND_LIQUIDITY_REFRESH_REQUIRED,Mapping verification,UNDECIDED_OFFLINE,6181,true,revalidated history/liquidity evidence,v0.37 is offline; prior price-derived evidence is not current
WS:XHKG:66,HK_HSI,XHKG,66,NOT_VERIFIED,MAPPING_PRESENT_NOT_REVALIDATED,HISTORY_NOT_CHECKED,LIQUIDITY_NOT_CHECKED,NOT_VERIFIED,true,P1,PRICE_HISTORY_AND_LIQUIDITY_REFRESH_REQUIRED,Mapping verification,UNDECIDED_OFFLINE,66,true,revalidated history/liquidity evidence,v0.37 is offline; prior price-derived evidence is not current
WS:XHKG:6618,HK_HSI,XHKG,6618,NOT_VERIFIED,MAPPING_PRESENT_NOT_REVALIDATED,HISTORY_NOT_CHECKED,LIQUIDITY_NOT_CHECKED,NOT_VERIFIED,true,P1,PRICE_HISTORY_AND_LIQUIDITY_REFRESH_REQUIRED,Mapping verification,UNDECIDED_OFFLINE,6618,true,revalidated history/liquidity evidence,v0.37 is offline; prior price-derived evidence is not current
WS:XHKG:669,HK_HSI,XHKG,669,NOT_VERIFIED,MAPPING_PRESENT_NOT_REVALIDATED,HISTORY_NOT_CHECKED,LIQUIDITY_NOT_CHECKED,NOT_VERIFIED,true,P1,PRICE_HISTORY_AND_LIQUIDITY_REFRESH_REQUIRED,Mapping verification,UNDECIDED_OFFLINE,669,true,revalidated history/liquidity evidence,v0.37 is offline; prior price-derived evidence is not current
WS:XHKG:6690,HK_HSI,XHKG,6690,NOT_VERIFIED,MAPPING_PRESENT_NOT_REVALIDATED,HISTORY_NOT_CHECKED,LIQUIDITY_NOT_CHECKED,NOT_VERIFIED,true,P1,PRICE_HISTORY_AND_LIQUIDITY_REFRESH_REQUIRED,Mapping verification,UNDECIDED_OFFLINE,6690,true,revalidated history/liquidity evidence,v0.37 is offline; prior price-derived evidence is not current
WS:XHKG:6862,HK_HSI,XHKG,6862,NOT_VERIFIED,MAPPING_PRESENT_NOT_REVALIDATED,HISTORY_NOT_CHECKED,LIQUIDITY_NOT_CHECKED,NOT_VERIFIED,true,P1,PRICE_HISTORY_AND_LIQUIDITY_REFRESH_REQUIRED,Mapping verification,UNDECIDED_OFFLINE,6862,true,revalidated history/liquidity evidence,v0.37 is offline; prior price-derived evidence is not current
WS:XHKG:688,HK_HSI,XHKG,688,NOT_VERIFIED,MAPPING_PRESENT_NOT_REVALIDATED,HISTORY_NOT_CHECKED,LIQUIDITY_NOT_CHECKED,NOT_VERIFIED,true,P1,PRICE_HISTORY_AND_LIQUIDITY_REFRESH_REQUIRED,Mapping verification,UNDECIDED_OFFLINE,688,true,revalidated history/liquidity evidence,v0.37 is offline; prior price-derived evidence is not current
WS:XHKG:700,HK_HSI,XHKG,700,NOT_VERIFIED,MAPPING_PRESENT_NOT_REVALIDATED,HISTORY_NOT_CHECKED,LIQUIDITY_NOT_CHECKED,NOT_VERIFIED,true,P1,PRICE_HISTORY_AND_LIQUIDITY_REFRESH_REQUIRED,Mapping verification,UNDECIDED_OFFLINE,700,true,revalidated history/liquidity evidence,v0.37 is offline; prior price-derived evidence is not current
WS:XHKG:728,HK_HSI,XHKG,728,NOT_VERIFIED,MAPPING_PRESENT_NOT_REVALIDATED,HISTORY_NOT_CHECKED,LIQUIDITY_NOT_CHECKED,NOT_VERIFIED,true,P1,PRICE_HISTORY_AND_LIQUIDITY_REFRESH_REQUIRED,Mapping verification,UNDECIDED_OFFLINE,728,true,revalidated history/liquidity evidence,v0.37 is offline; prior price-derived evidence is not current
WS:XHKG:762,HK_HSI,XHKG,762,NOT_VERIFIED,MAPPING_PRESENT_NOT_REVALIDATED,HISTORY_NOT_CHECKED,LIQUIDITY_NOT_CHECKED,NOT_VERIFIED,true,P1,PRICE_HISTORY_AND_LIQUIDITY_REFRESH_REQUIRED,Mapping verification,UNDECIDED_OFFLINE,762,true,revalidated history/liquidity evidence,v0.37 is offline; prior price-derived evidence is not current
WS:XHKG:823,HK_HSI,XHKG,823,NOT_VERIFIED,MAPPING_PRESENT_NOT_REVALIDATED,HISTORY_NOT_CHECKED,LIQUIDITY_NOT_CHECKED,NOT_VERIFIED,true,P1,PRICE_HISTORY_AND_LIQUIDITY_REFRESH_REQUIRED,Mapping verification,UNDECIDED_OFFLINE,823,true,revalidated history/liquidity evidence,v0.37 is offline; prior price-derived evidence is not current
WS:XHKG:836,HK_HSI,XHKG,836,NOT_VERIFIED,MAPPING_PRESENT_NOT_REVALIDATED,HISTORY_NOT_CHECKED,LIQUIDITY_NOT_CHECKED,NOT_VERIFIED,true,P1,PRICE_HISTORY_AND_LIQUIDITY_REFRESH_REQUIRED,Mapping verification,UNDECIDED_OFFLINE,836,true,revalidated history/liquidity evidence,v0.37 is offline; prior price-derived evidence is not current
WS:XHKG:857,HK_HSI,XHKG,857,NOT_VERIFIED,MAPPING_PRESENT_NOT_REVALIDATED,HISTORY_NOT_CHECKED,LIQUIDITY_NOT_CHECKED,NOT_VERIFIED,true,P1,PRICE_HISTORY_AND_LIQUIDITY_REFRESH_REQUIRED,Mapping verification,UNDECIDED_OFFLINE,857,true,revalidated history/liquidity evidence,v0.37 is offline; prior price-derived evidence is not current
WS:XHKG:868,HK_HSI,XHKG,868,NOT_VERIFIED,MAPPING_PRESENT_NOT_REVALIDATED,HISTORY_NOT_CHECKED,LIQUIDITY_NOT_CHECKED,NOT_VERIFIED,true,P1,PRICE_HISTORY_AND_LIQUIDITY_REFRESH_REQUIRED,Mapping verification,UNDECIDED_OFFLINE,868,true,revalidated history/liquidity evidence,v0.37 is offline; prior price-derived evidence is not current
WS:XHKG:883,HK_HSI,XHKG,883,NOT_VERIFIED,MAPPING_PRESENT_NOT_REVALIDATED,HISTORY_NOT_CHECKED,LIQUIDITY_NOT_CHECKED,NOT_VERIFIED,true,P1,PRICE_HISTORY_AND_LIQUIDITY_REFRESH_REQUIRED,Mapping verification,UNDECIDED_OFFLINE,883,true,revalidated history/liquidity evidence,v0.37 is offline; prior price-derived evidence is not current
WS:XHKG:939,HK_HSI,XHKG,939,NOT_VERIFIED,MAPPING_PRESENT_NOT_REVALIDATED,HISTORY_NOT_CHECKED,LIQUIDITY_NOT_CHECKED,NOT_VERIFIED,true,P1,PRICE_HISTORY_AND_LIQUIDITY_REFRESH_REQUIRED,Mapping verification,UNDECIDED_OFFLINE,939,true,revalidated history/liquidity evidence,v0.37 is offline; prior price-derived evidence is not current
WS:XHKG:941,HK_HSI,XHKG,941,NOT_VERIFIED,MAPPING_PRESENT_NOT_REVALIDATED,HISTORY_NOT_CHECKED,LIQUIDITY_NOT_CHECKED,NOT_VERIFIED,true,P1,PRICE_HISTORY_AND_LIQUIDITY_REFRESH_REQUIRED,Mapping verification,UNDECIDED_OFFLINE,941,true,revalidated history/liquidity evidence,v0.37 is offline; prior price-derived evidence is not current
WS:XHKG:960,HK_HSI,XHKG,960,NOT_VERIFIED,MAPPING_PRESENT_NOT_REVALIDATED,HISTORY_NOT_CHECKED,LIQUIDITY_NOT_CHECKED,NOT_VERIFIED,true,P1,PRICE_HISTORY_AND_LIQUIDITY_REFRESH_REQUIRED,Mapping verification,UNDECIDED_OFFLINE,960,true,revalidated history/liquidity evidence,v0.37 is offline; prior price-derived evidence is not current
WS:XHKG:9618,HK_HSI,XHKG,9618,NOT_VERIFIED,MAPPING_PRESENT_NOT_REVALIDATED,HISTORY_NOT_CHECKED,LIQUIDITY_NOT_CHECKED,NOT_VERIFIED,true,P1,PRICE_HISTORY_AND_LIQUIDITY_REFRESH_REQUIRED,Mapping verification,UNDECIDED_OFFLINE,9618,true,revalidated history/liquidity evidence,v0.37 is offline; prior price-derived evidence is not current
WS:XHKG:9633,HK_HSI,XHKG,9633,NOT_VERIFIED,MAPPING_PRESENT_NOT_REVALIDATED,HISTORY_NOT_CHECKED,LIQUIDITY_NOT_CHECKED,NOT_VERIFIED,true,P1,PRICE_HISTORY_AND_LIQUIDITY_REFRESH_REQUIRED,Mapping verification,UNDECIDED_OFFLINE,9633,true,revalidated history/liquidity evidence,v0.37 is offline; prior price-derived evidence is not current
WS:XHKG:968,HK_HSI,XHKG,968,NOT_VERIFIED,MAPPING_PRESENT_NOT_REVALIDATED,HISTORY_NOT_CHECKED,LIQUIDITY_NOT_CHECKED,NOT_VERIFIED,true,P1,PRICE_HISTORY_AND_LIQUIDITY_REFRESH_REQUIRED,Mapping verification,UNDECIDED_OFFLINE,968,true,revalidated history/liquidity evidence,v0.37 is offline; prior price-derived evidence is not current
WS:XHKG:981,HK_HSI,XHKG,981,NOT_VERIFIED,MAPPING_PRESENT_NOT_REVALIDATED,HISTORY_NOT_CHECKED,LIQUIDITY_NOT_CHECKED,NOT_VERIFIED,true,P1,PRICE_HISTORY_AND_LIQUIDITY_REFRESH_REQUIRED,Mapping verification,UNDECIDED_OFFLINE,981,true,revalidated history/liquidity evidence,v0.37 is offline; prior price-derived evidence is not current
WS:XHKG:9888,HK_HSI,XHKG,9888,NOT_VERIFIED,MAPPING_PRESENT_NOT_REVALIDATED,HISTORY_NOT_CHECKED,LIQUIDITY_NOT_CHECKED,NOT_VERIFIED,true,P1,PRICE_HISTORY_AND_LIQUIDITY_REFRESH_REQUIRED,Mapping verification,UNDECIDED_OFFLINE,9888,true,revalidated history/liquidity evidence,v0.37 is offline; prior price-derived evidence is not current
WS:XHKG:9901,HK_HSI,XHKG,9901,NOT_VERIFIED,MAPPING_PRESENT_NOT_REVALIDATED,HISTORY_NOT_CHECKED,LIQUIDITY_NOT_CHECKED,NOT_VERIFIED,true,P1,PRICE_HISTORY_AND_LIQUIDITY_REFRESH_REQUIRED,Mapping verification,UNDECIDED_OFFLINE,9901,true,revalidated history/liquidity evidence,v0.37 is offline; prior price-derived evidence is not current
WS:XHKG:992,HK_HSI,XHKG,992,NOT_VERIFIED,MAPPING_PRESENT_NOT_REVALIDATED,HISTORY_NOT_CHECKED,LIQUIDITY_NOT_CHECKED,NOT_VERIFIED,true,P1,PRICE_HISTORY_AND_LIQUIDITY_REFRESH_REQUIRED,Mapping verification,UNDECIDED_OFFLINE,992,true,revalidated history/liquidity evidence,v0.37 is offline; prior price-derived evidence is not current
WS:XHKG:9961,HK_HSI,XHKG,9961,NOT_VERIFIED,MAPPING_PRESENT_NOT_REVALIDATED,HISTORY_NOT_CHECKED,LIQUIDITY_NOT_CHECKED,NOT_VERIFIED,true,P1,PRICE_HISTORY_AND_LIQUIDITY_REFRESH_REQUIRED,Mapping verification,UNDECIDED_OFFLINE,9961,true,revalidated history/liquidity evidence,v0.37 is offline; prior price-derived evidence is not current
WS:XHKG:9988,HK_HSI,XHKG,9988,NOT_VERIFIED,MAPPING_PRESENT_NOT_REVALIDATED,HISTORY_NOT_CHECKED,LIQUIDITY_NOT_CHECKED,NOT_VERIFIED,true,P1,PRICE_HISTORY_AND_LIQUIDITY_REFRESH_REQUIRED,Mapping verification,UNDECIDED_OFFLINE,9988,true,revalidated history/liquidity evidence,v0.37 is offline; prior price-derived evidence is not current
WS:XHKG:9992,HK_HSI,XHKG,9992,NOT_VERIFIED,MAPPING_PRESENT_NOT_REVALIDATED,HISTORY_NOT_CHECKED,LIQUIDITY_NOT_CHECKED,NOT_VERIFIED,true,P1,PRICE_HISTORY_AND_LIQUIDITY_REFRESH_REQUIRED,Mapping verification,UNDECIDED_OFFLINE,9992,true,revalidated history/liquidity evidence,v0.37 is offline; prior price-derived evidence is not current
WS:XHKG:9999,HK_HSI,XHKG,9999,NOT_VERIFIED,MAPPING_PRESENT_NOT_REVALIDATED,HISTORY_NOT_CHECKED,LIQUIDITY_NOT_CHECKED,NOT_VERIFIED,true,P1,PRICE_HISTORY_AND_LIQUIDITY_REFRESH_REQUIRED,Mapping verification,UNDECIDED_OFFLINE,9999,true,revalidated history/liquidity evidence,v0.37 is offline; prior price-derived evidence is not current
WS:XLIS:BCP.LS,EU_STOXX600,XLIS,BCP.LS,NOT_VERIFIED,MAPPING_PRESENT_NOT_REVALIDATED,HISTORY_NOT_CHECKED,LIQUIDITY_NOT_CHECKED,NOT_VERIFIED,true,P1,PRICE_HISTORY_AND_LIQUIDITY_REFRESH_REQUIRED,Mapping verification,UNDECIDED_OFFLINE,BCP.LS,true,revalidated history/liquidity evidence,v0.37 is offline; prior price-derived evidence is not current
WS:XLIS:EDP.LS,EU_STOXX600,XLIS,EDP.LS,NOT_VERIFIED,MAPPING_PRESENT_NOT_REVALIDATED,HISTORY_NOT_CHECKED,LIQUIDITY_NOT_CHECKED,NOT_VERIFIED,true,P1,PRICE_HISTORY_AND_LIQUIDITY_REFRESH_REQUIRED,Mapping verification,UNDECIDED_OFFLINE,EDP.LS,true,revalidated history/liquidity evidence,v0.37 is offline; prior price-derived evidence is not current
WS:XLIS:EDPR.LS,EU_STOXX600,XLIS,EDPR.LS,NOT_VERIFIED,MAPPING_PRESENT_NOT_REVALIDATED,HISTORY_NOT_CHECKED,LIQUIDITY_NOT_CHECKED,NOT_VERIFIED,true,P1,PRICE_HISTORY_AND_LIQUIDITY_REFRESH_REQUIRED,Mapping verification,UNDECIDED_OFFLINE,EDPR.LS,true,revalidated history/liquidity evidence,v0.37 is offline; prior price-derived evidence is not current
WS:XLIS:GALP.LS,EU_STOXX600,XLIS,GALP.LS,NOT_VERIFIED,MAPPING_PRESENT_NOT_REVALIDATED,HISTORY_NOT_CHECKED,LIQUIDITY_NOT_CHECKED,NOT_VERIFIED,true,P1,PRICE_HISTORY_AND_LIQUIDITY_REFRESH_REQUIRED,Mapping verification,UNDECIDED_OFFLINE,GALP.LS,true,revalidated history/liquidity evidence,v0.37 is offline; prior price-derived evidence is not current
WS:XLIS:JMT.LS,EU_STOXX600,XLIS,JMT.LS,NOT_VERIFIED,MAPPING_PRESENT_NOT_REVALIDATED,HISTORY_NOT_CHECKED,LIQUIDITY_NOT_CHECKED,NOT_VERIFIED,true,P1,PRICE_HISTORY_AND_LIQUIDITY_REFRESH_REQUIRED,Mapping verification,UNDECIDED_OFFLINE,JMT.LS,true,revalidated history/liquidity evidence,v0.37 is offline; prior price-derived evidence is not current
WS:XLON:AAF.L,EU_STOXX600,XLON,AAF.L,NOT_VERIFIED,MAPPING_PRESENT_NOT_REVALIDATED,HISTORY_NOT_CHECKED,LIQUIDITY_NOT_CHECKED,NOT_VERIFIED,true,P1,PRICE_HISTORY_AND_LIQUIDITY_REFRESH_REQUIRED,Mapping verification,UNDECIDED_OFFLINE,AAF.L,true,revalidated history/liquidity evidence,v0.37 is offline; prior price-derived evidence is not current
WS:XLON:AAL.L,EU_STOXX600,XLON,AAL.L,NOT_VERIFIED,MAPPING_PRESENT_NOT_REVALIDATED,HISTORY_NOT_CHECKED,LIQUIDITY_NOT_CHECKED,NOT_VERIFIED,true,P1,PRICE_HISTORY_AND_LIQUIDITY_REFRESH_REQUIRED,Mapping verification,UNDECIDED_OFFLINE,AAL.L,true,revalidated history/liquidity evidence,v0.37 is offline; prior price-derived evidence is not current
WS:XLON:ABDN.L,EU_STOXX600,XLON,ABDN.L,NOT_VERIFIED,MAPPING_PRESENT_NOT_REVALIDATED,HISTORY_NOT_CHECKED,LIQUIDITY_NOT_CHECKED,NOT_VERIFIED,true,P1,PRICE_HISTORY_AND_LIQUIDITY_REFRESH_REQUIRED,Mapping verification,UNDECIDED_OFFLINE,ABDN.L,true,revalidated history/liquidity evidence,v0.37 is offline; prior price-derived evidence is not current
WS:XLON:ABF.L,EU_STOXX600,XLON,ABF.L,NOT_VERIFIED,MAPPING_PRESENT_NOT_REVALIDATED,HISTORY_NOT_CHECKED,LIQUIDITY_NOT_CHECKED,NOT_VERIFIED,true,P1,PRICE_HISTORY_AND_LIQUIDITY_REFRESH_REQUIRED,Mapping verification,UNDECIDED_OFFLINE,ABF.L,true,revalidated history/liquidity evidence,v0.37 is offline; prior price-derived evidence is not current
WS:XLON:ADML.L,EU_STOXX600,XLON,ADML.L,NOT_VERIFIED,MAPPING_PRESENT_NOT_REVALIDATED,HISTORY_NOT_CHECKED,LIQUIDITY_NOT_CHECKED,NOT_VERIFIED,true,P1,PRICE_HISTORY_AND_LIQUIDITY_REFRESH_REQUIRED,Mapping verification,UNDECIDED_OFFLINE,ADML.L,true,revalidated history/liquidity evidence,v0.37 is offline; prior price-derived evidence is not current
WS:XLON:ANTO.L,EU_STOXX600,XLON,ANTO.L,NOT_VERIFIED,MAPPING_PRESENT_NOT_REVALIDATED,HISTORY_NOT_CHECKED,LIQUIDITY_NOT_CHECKED,NOT_VERIFIED,true,P1,PRICE_HISTORY_AND_LIQUIDITY_REFRESH_REQUIRED,Mapping verification,UNDECIDED_OFFLINE,ANTO.L,true,revalidated history/liquidity evidence,v0.37 is offline; prior price-derived evidence is not current
WS:XLON:AUTOA.L,EU_STOXX600,XLON,AUTOA.L,NOT_VERIFIED,MAPPING_PRESENT_NOT_REVALIDATED,HISTORY_NOT_CHECKED,LIQUIDITY_NOT_CHECKED,NOT_VERIFIED,true,P1,PRICE_HISTORY_AND_LIQUIDITY_REFRESH_REQUIRED,Mapping verification,UNDECIDED_OFFLINE,AUTOA.L,true,revalidated history/liquidity evidence,v0.37 is offline; prior price-derived evidence is not current
WS:XLON:AV.L,EU_STOXX600,XLON,AV.L,NOT_VERIFIED,MAPPING_PRESENT_NOT_REVALIDATED,HISTORY_NOT_CHECKED,LIQUIDITY_NOT_CHECKED,NOT_VERIFIED,true,P1,PRICE_HISTORY_AND_LIQUIDITY_REFRESH_REQUIRED,Mapping verification,UNDECIDED_OFFLINE,AV.L,true,revalidated history/liquidity evidence,v0.37 is offline; prior price-derived evidence is not current
WS:XLON:AZN.L,EU_STOXX600,XLON,AZN.L,NOT_VERIFIED,MAPPING_PRESENT_NOT_REVALIDATED,HISTORY_NOT_CHECKED,LIQUIDITY_NOT_CHECKED,NOT_VERIFIED,true,P1,PRICE_HISTORY_AND_LIQUIDITY_REFRESH_REQUIRED,Mapping verification,UNDECIDED_OFFLINE,AZN.L,true,revalidated history/liquidity evidence,v0.37 is offline; prior price-derived evidence is not current
WS:XLON:BAB.L,EU_STOXX600,XLON,BAB.L,NOT_VERIFIED,MAPPING_PRESENT_NOT_REVALIDATED,HISTORY_NOT_CHECKED,LIQUIDITY_NOT_CHECKED,NOT_VERIFIED,true,P1,PRICE_HISTORY_AND_LIQUIDITY_REFRESH_REQUIRED,Mapping verification,UNDECIDED_OFFLINE,BAB.L,true,revalidated history/liquidity evidence,v0.37 is offline; prior price-derived evidence is not current
WS:XLON:BAES.L,EU_STOXX600,XLON,BAES.L,NOT_VERIFIED,MAPPING_PRESENT_NOT_REVALIDATED,HISTORY_NOT_CHECKED,LIQUIDITY_NOT_CHECKED,NOT_VERIFIED,true,P1,PRICE_HISTORY_AND_LIQUIDITY_REFRESH_REQUIRED,Mapping verification,UNDECIDED_OFFLINE,BAES.L,true,revalidated history/liquidity evidence,v0.37 is offline; prior price-derived evidence is not current
WS:XLON:BALF.L,EU_STOXX600,XLON,BALF.L,NOT_VERIFIED,MAPPING_PRESENT_NOT_REVALIDATED,HISTORY_NOT_CHECKED,LIQUIDITY_NOT_CHECKED,NOT_VERIFIED,true,P1,PRICE_HISTORY_AND_LIQUIDITY_REFRESH_REQUIRED,Mapping verification,UNDECIDED_OFFLINE,BALF.L,true,revalidated history/liquidity evidence,v0.37 is offline; prior price-derived evidence is not current
WS:XLON:BARC.L,EU_STOXX600,XLON,BARC.L,NOT_VERIFIED,MAPPING_PRESENT_NOT_REVALIDATED,HISTORY_NOT_CHECKED,LIQUIDITY_NOT_CHECKED,NOT_VERIFIED,true,P1,PRICE_HISTORY_AND_LIQUIDITY_REFRESH_REQUIRED,Mapping verification,UNDECIDED_OFFLINE,BARC.L,true,revalidated history/liquidity evidence,v0.37 is offline; prior price-derived evidence is not current
WS:XLON:BATS.L,EU_STOXX600,XLON,BATS.L,NOT_VERIFIED,MAPPING_PRESENT_NOT_REVALIDATED,HISTORY_NOT_CHECKED,LIQUIDITY_NOT_CHECKED,NOT_VERIFIED,true,P1,PRICE_HISTORY_AND_LIQUIDITY_REFRESH_REQUIRED,Mapping verification,UNDECIDED_OFFLINE,BATS.L,true,revalidated history/liquidity evidence,v0.37 is offline; prior price-derived evidence is not current
WS:XLON:BBOXT.L,EU_STOXX600,XLON,BBOXT.L,NOT_VERIFIED,MAPPING_PRESENT_NOT_REVALIDATED,HISTORY_NOT_CHECKED,LIQUIDITY_NOT_CHECKED,NOT_VERIFIED,true,P1,PRICE_HISTORY_AND_LIQUIDITY_REFRESH_REQUIRED,Mapping verification,UNDECIDED_OFFLINE,BBOXT.L,true,revalidated history/liquidity evidence,v0.37 is offline; prior price-derived evidence is not current
WS:XLON:BEZG.L,EU_STOXX600,XLON,BEZG.L,NOT_VERIFIED,MAPPING_PRESENT_NOT_REVALIDATED,HISTORY_NOT_CHECKED,LIQUIDITY_NOT_CHECKED,NOT_VERIFIED,true,P1,PRICE_HISTORY_AND_LIQUIDITY_REFRESH_REQUIRED,Mapping verification,UNDECIDED_OFFLINE,BEZG.L,true,revalidated history/liquidity evidence,v0.37 is offline; prior price-derived evidence is not current
WS:XLON:BGEO.L,EU_STOXX600,XLON,BGEO.L,NOT_VERIFIED,MAPPING_PRESENT_NOT_REVALIDATED,HISTORY_NOT_CHECKED,LIQUIDITY_NOT_CHECKED,NOT_VERIFIED,true,P1,PRICE_HISTORY_AND_LIQUIDITY_REFRESH_REQUIRED,Mapping verification,UNDECIDED_OFFLINE,BGEO.L,true,revalidated history/liquidity evidence,v0.37 is offline; prior price-derived evidence is not current
WS:XLON:BKGH.L,EU_STOXX600,XLON,BKGH.L,NOT_VERIFIED,MAPPING_PRESENT_NOT_REVALIDATED,HISTORY_NOT_CHECKED,LIQUIDITY_NOT_CHECKED,NOT_VERIFIED,true,P1,PRICE_HISTORY_AND_LIQUIDITY_REFRESH_REQUIRED,Mapping verification,UNDECIDED_OFFLINE,BKGH.L,true,revalidated history/liquidity evidence,v0.37 is offline; prior price-derived evidence is not current
WS:XLON:BLND.L,EU_STOXX600,XLON,BLND.L,NOT_VERIFIED,MAPPING_PRESENT_NOT_REVALIDATED,HISTORY_NOT_CHECKED,LIQUIDITY_NOT_CHECKED,NOT_VERIFIED,true,P1,PRICE_HISTORY_AND_LIQUIDITY_REFRESH_REQUIRED,Mapping verification,UNDECIDED_OFFLINE,BLND.L,true,revalidated history/liquidity evidence,v0.37 is offline; prior price-derived evidence is not current
WS:XLON:BNZL.L,EU_STOXX600,XLON,BNZL.L,NOT_VERIFIED,MAPPING_PRESENT_NOT_REVALIDATED,HISTORY_NOT_CHECKED,LIQUIDITY_NOT_CHECKED,NOT_VERIFIED,true,P1,PRICE_HISTORY_AND_LIQUIDITY_REFRESH_REQUIRED,Mapping verification,UNDECIDED_OFFLINE,BNZL.L,true,revalidated history/liquidity evidence,v0.37 is offline; prior price-derived evidence is not current
WS:XLON:BP.L,EU_STOXX600,XLON,BP.L,NOT_VERIFIED,MAPPING_PRESENT_NOT_REVALIDATED,HISTORY_NOT_CHECKED,LIQUIDITY_NOT_CHECKED,NOT_VERIFIED,true,P1,PRICE_HISTORY_AND_LIQUIDITY_REFRESH_REQUIRED,Mapping verification,UNDECIDED_OFFLINE,BP.L,true,revalidated history/liquidity evidence,v0.37 is offline; prior price-derived evidence is not current
WS:XLON:BPTB.L,EU_STOXX600,XLON,BPTB.L,NOT_VERIFIED,MAPPING_PRESENT_NOT_REVALIDATED,HISTORY_NOT_CHECKED,LIQUIDITY_NOT_CHECKED,NOT_VERIFIED,true,P1,PRICE_HISTORY_AND_LIQUIDITY_REFRESH_REQUIRED,Mapping verification,UNDECIDED_OFFLINE,BPTB.L,true,revalidated history/liquidity evidence,v0.37 is offline; prior price-derived evidence is not current
WS:XLON:BRBY.L,EU_STOXX600,XLON,BRBY.L,NOT_VERIFIED,MAPPING_PRESENT_NOT_REVALIDATED,HISTORY_NOT_CHECKED,LIQUIDITY_NOT_CHECKED,NOT_VERIFIED,true,P1,PRICE_HISTORY_AND_LIQUIDITY_REFRESH_REQUIRED,Mapping verification,UNDECIDED_OFFLINE,BRBY.L,true,revalidated history/liquidity evidence,v0.37 is offline; prior price-derived evidence is not current
WS:XLON:BT.L,EU_STOXX600,XLON,BT.L,NOT_VERIFIED,MAPPING_PRESENT_NOT_REVALIDATED,HISTORY_NOT_CHECKED,LIQUIDITY_NOT_CHECKED,NOT_VERIFIED,true,P1,PRICE_HISTORY_AND_LIQUIDITY_REFRESH_REQUIRED,Mapping verification,UNDECIDED_OFFLINE,BT.L,true,revalidated history/liquidity evidence,v0.37 is offline; prior price-derived evidence is not current
WS:XLON:BTRW.L,EU_STOXX600,XLON,BTRW.L,NOT_VERIFIED,MAPPING_PRESENT_NOT_REVALIDATED,HISTORY_NOT_CHECKED,LIQUIDITY_NOT_CHECKED,NOT_VERIFIED,true,P1,PRICE_HISTORY_AND_LIQUIDITY_REFRESH_REQUIRED,Mapping verification,UNDECIDED_OFFLINE,BTRW.L,true,revalidated history/liquidity evidence,v0.37 is offline; prior price-derived evidence is not current
WS:XLON:BWY.L,EU_STOXX600,XLON,BWY.L,NOT_VERIFIED,MAPPING_PRESENT_NOT_REVALIDATED,HISTORY_NOT_CHECKED,LIQUIDITY_NOT_CHECKED,NOT_VERIFIED,true,P1,PRICE_HISTORY_AND_LIQUIDITY_REFRESH_REQUIRED,Mapping verification,UNDECIDED_OFFLINE,BWY.L,true,revalidated history/liquidity evidence,v0.37 is offline; prior price-derived evidence is not current
WS:XLON:CCC.L,EU_STOXX600,XLON,CCC.L,NOT_VERIFIED,MAPPING_PRESENT_NOT_REVALIDATED,HISTORY_NOT_CHECKED,LIQUIDITY_NOT_CHECKED,NOT_VERIFIED,true,P1,PRICE_HISTORY_AND_LIQUIDITY_REFRESH_REQUIRED,Mapping verification,UNDECIDED_OFFLINE,CCC.L,true,revalidated history/liquidity evidence,v0.37 is offline; prior price-derived evidence is not current
WS:XLON:CCH.L,EU_STOXX600,XLON,CCH.L,NOT_VERIFIED,MAPPING_PRESENT_NOT_REVALIDATED,HISTORY_NOT_CHECKED,LIQUIDITY_NOT_CHECKED,NOT_VERIFIED,true,P1,PRICE_HISTORY_AND_LIQUIDITY_REFRESH_REQUIRED,Mapping verification,UNDECIDED_OFFLINE,CCH.L,true,revalidated history/liquidity evidence,v0.37 is offline; prior price-derived evidence is not current
WS:XLON:CNA.L,EU_STOXX600,XLON,CNA.L,NOT_VERIFIED,MAPPING_PRESENT_NOT_REVALIDATED,HISTORY_NOT_CHECKED,LIQUIDITY_NOT_CHECKED,NOT_VERIFIED,true,P1,PRICE_HISTORY_AND_LIQUIDITY_REFRESH_REQUIRED,Mapping verification,UNDECIDED_OFFLINE,CNA.L,true,revalidated history/liquidity evidence,v0.37 is offline; prior price-derived evidence is not current
WS:XLON:CPG.L,EU_STOXX600,XLON,CPG.L,NOT_VERIFIED,MAPPING_PRESENT_NOT_REVALIDATED,HISTORY_NOT_CHECKED,LIQUIDITY_NOT_CHECKED,NOT_VERIFIED,true,P1,PRICE_HISTORY_AND_LIQUIDITY_REFRESH_REQUIRED,Mapping verification,UNDECIDED_OFFLINE,CPG.L,true,revalidated history/liquidity evidence,v0.37 is offline; prior price-derived evidence is not current
WS:XLON:CRDA.L,EU_STOXX600,XLON,CRDA.L,NOT_VERIFIED,MAPPING_PRESENT_NOT_REVALIDATED,HISTORY_NOT_CHECKED,LIQUIDITY_NOT_CHECKED,NOT_VERIFIED,true,P1,PRICE_HISTORY_AND_LIQUIDITY_REFRESH_REQUIRED,Mapping verification,UNDECIDED_OFFLINE,CRDA.L,true,revalidated history/liquidity evidence,v0.37 is offline; prior price-derived evidence is not current
WS:XLON:CTEC.L,EU_STOXX600,XLON,CTEC.L,NOT_VERIFIED,MAPPING_PRESENT_NOT_REVALIDATED,HISTORY_NOT_CHECKED,LIQUIDITY_NOT_CHECKED,NOT_VERIFIED,true,P1,PRICE_HISTORY_AND_LIQUIDITY_REFRESH_REQUIRED,Mapping verification,UNDECIDED_OFFLINE,CTEC.L,true,revalidated history/liquidity evidence,v0.37 is offline; prior price-derived evidence is not current
WS:XLON:CWK.L,EU_STOXX600,XLON,CWK.L,NOT_VERIFIED,MAPPING_PRESENT_NOT_REVALIDATED,HISTORY_NOT_CHECKED,LIQUIDITY_NOT_CHECKED,NOT_VERIFIED,true,P1,PRICE_HISTORY_AND_LIQUIDITY_REFRESH_REQUIRED,Mapping verification,UNDECIDED_OFFLINE,CWK.L,true,revalidated history/liquidity evidence,v0.37 is offline; prior price-derived evidence is not current
WS:XLON:DCC.L,EU_STOXX600,XLON,DCC.L,NOT_VERIFIED,MAPPING_PRESENT_NOT_REVALIDATED,HISTORY_NOT_CHECKED,LIQUIDITY_NOT_CHECKED,NOT_VERIFIED,true,P1,PRICE_HISTORY_AND_LIQUIDITY_REFRESH_REQUIRED,Mapping verification,UNDECIDED_OFFLINE,DCC.L,true,revalidated history/liquidity evidence,v0.37 is offline; prior price-derived evidence is not current
WS:XLON:DGE.L,EU_STOXX600,XLON,DGE.L,NOT_VERIFIED,MAPPING_PRESENT_NOT_REVALIDATED,HISTORY_NOT_CHECKED,LIQUIDITY_NOT_CHECKED,NOT_VERIFIED,true,P1,PRICE_HISTORY_AND_LIQUIDITY_REFRESH_REQUIRED,Mapping verification,UNDECIDED_OFFLINE,DGE.L,true,revalidated history/liquidity evidence,v0.37 is offline; prior price-derived evidence is not current
WS:XLON:DLN.L,EU_STOXX600,XLON,DLN.L,NOT_VERIFIED,MAPPING_PRESENT_NOT_REVALIDATED,HISTORY_NOT_CHECKED,LIQUIDITY_NOT_CHECKED,NOT_VERIFIED,true,P1,PRICE_HISTORY_AND_LIQUIDITY_REFRESH_REQUIRED,Mapping verification,UNDECIDED_OFFLINE,DLN.L,true,revalidated history/liquidity evidence,v0.37 is offline; prior price-derived evidence is not current
WS:XLON:DPLM.L,EU_STOXX600,XLON,DPLM.L,NOT_VERIFIED,MAPPING_PRESENT_NOT_REVALIDATED,HISTORY_NOT_CHECKED,LIQUIDITY_NOT_CHECKED,NOT_VERIFIED,true,P1,PRICE_HISTORY_AND_LIQUIDITY_REFRESH_REQUIRED,Mapping verification,UNDECIDED_OFFLINE,DPLM.L,true,revalidated history/liquidity evidence,v0.37 is offline; prior price-derived evidence is not current
WS:XLON:DRX.L,EU_STOXX600,XLON,DRX.L,NOT_VERIFIED,MAPPING_PRESENT_NOT_REVALIDATED,HISTORY_NOT_CHECKED,LIQUIDITY_NOT_CHECKED,NOT_VERIFIED,true,P1,PRICE_HISTORY_AND_LIQUIDITY_REFRESH_REQUIRED,Mapping verification,UNDECIDED_OFFLINE,DRX.L,true,revalidated history/liquidity evidence,v0.37 is offline; prior price-derived evidence is not current
WS:XLON:EMG.L,EU_STOXX600,XLON,EMG.L,NOT_VERIFIED,MAPPING_PRESENT_NOT_REVALIDATED,HISTORY_NOT_CHECKED,LIQUIDITY_NOT_CHECKED,NOT_VERIFIED,true,P1,PRICE_HISTORY_AND_LIQUIDITY_REFRESH_REQUIRED,Mapping verification,UNDECIDED_OFFLINE,EMG.L,true,revalidated history/liquidity evidence,v0.37 is offline; prior price-derived evidence is not current
WS:XLON:ENT.L,EU_STOXX600,XLON,ENT.L,NOT_VERIFIED,MAPPING_PRESENT_NOT_REVALIDATED,HISTORY_NOT_CHECKED,LIQUIDITY_NOT_CHECKED,NOT_VERIFIED,true,P1,PRICE_HISTORY_AND_LIQUIDITY_REFRESH_REQUIRED,Mapping verification,UNDECIDED_OFFLINE,ENT.L,true,revalidated history/liquidity evidence,v0.37 is offline; prior price-derived evidence is not current
WS:XLON:EXPN.L,EU_STOXX600,XLON,EXPN.L,NOT_VERIFIED,MAPPING_PRESENT_NOT_REVALIDATED,HISTORY_NOT_CHECKED,LIQUIDITY_NOT_CHECKED,NOT_VERIFIED,true,P1,PRICE_HISTORY_AND_LIQUIDITY_REFRESH_REQUIRED,Mapping verification,UNDECIDED_OFFLINE,EXPN.L,true,revalidated history/liquidity evidence,v0.37 is offline; prior price-derived evidence is not current
WS:XLON:FRES.L,EU_STOXX600,XLON,FRES.L,NOT_VERIFIED,MAPPING_PRESENT_NOT_REVALIDATED,HISTORY_NOT_CHECKED,LIQUIDITY_NOT_CHECKED,NOT_VERIFIED,true,P1,PRICE_HISTORY_AND_LIQUIDITY_REFRESH_REQUIRED,Mapping verification,UNDECIDED_OFFLINE,FRES.L,true,revalidated history/liquidity evidence,v0.37 is offline; prior price-derived evidence is not current
WS:XLON:GAW.L,EU_STOXX600,XLON,GAW.L,NOT_VERIFIED,MAPPING_PRESENT_NOT_REVALIDATED,HISTORY_NOT_CHECKED,LIQUIDITY_NOT_CHECKED,NOT_VERIFIED,true,P1,PRICE_HISTORY_AND_LIQUIDITY_REFRESH_REQUIRED,Mapping verification,UNDECIDED_OFFLINE,GAW.L,true,revalidated history/liquidity evidence,v0.37 is offline; prior price-derived evidence is not current
WS:XLON:GLEN.L,EU_STOXX600,XLON,GLEN.L,NOT_VERIFIED,MAPPING_PRESENT_NOT_REVALIDATED,HISTORY_NOT_CHECKED,LIQUIDITY_NOT_CHECKED,NOT_VERIFIED,true,P1,PRICE_HISTORY_AND_LIQUIDITY_REFRESH_REQUIRED,Mapping verification,UNDECIDED_OFFLINE,GLEN.L,true,revalidated history/liquidity evidence,v0.37 is offline; prior price-derived evidence is not current
WS:XLON:GSK.L,EU_STOXX600,XLON,GSK.L,NOT_VERIFIED,MAPPING_PRESENT_NOT_REVALIDATED,HISTORY_NOT_CHECKED,LIQUIDITY_NOT_CHECKED,NOT_VERIFIED,true,P1,PRICE_HISTORY_AND_LIQUIDITY_REFRESH_REQUIRED,Mapping verification,UNDECIDED_OFFLINE,GSK.L,true,revalidated history/liquidity evidence,v0.37 is offline; prior price-derived evidence is not current
WS:XLON:HIK.L,EU_STOXX600,XLON,HIK.L,NOT_VERIFIED,MAPPING_PRESENT_NOT_REVALIDATED,HISTORY_NOT_CHECKED,LIQUIDITY_NOT_CHECKED,NOT_VERIFIED,true,P1,PRICE_HISTORY_AND_LIQUIDITY_REFRESH_REQUIRED,Mapping verification,UNDECIDED_OFFLINE,HIK.L,true,revalidated history/liquidity evidence,v0.37 is offline; prior price-derived evidence is not current
WS:XLON:HLMA.L,EU_STOXX600,XLON,HLMA.L,NOT_VERIFIED,MAPPING_PRESENT_NOT_REVALIDATED,HISTORY_NOT_CHECKED,LIQUIDITY_NOT_CHECKED,NOT_VERIFIED,true,P1,PRICE_HISTORY_AND_LIQUIDITY_REFRESH_REQUIRED,Mapping verification,UNDECIDED_OFFLINE,HLMA.L,true,revalidated history/liquidity evidence,v0.37 is offline; prior price-derived evidence is not current
WS:XLON:HLN.L,EU_STOXX600,XLON,HLN.L,NOT_VERIFIED,MAPPING_PRESENT_NOT_REVALIDATED,HISTORY_NOT_CHECKED,LIQUIDITY_NOT_CHECKED,NOT_VERIFIED,true,P1,PRICE_HISTORY_AND_LIQUIDITY_REFRESH_REQUIRED,Mapping verification,UNDECIDED_OFFLINE,HLN.L,true,revalidated history/liquidity evidence,v0.37 is offline; prior price-derived evidence is not current
WS:XLON:HOCM.L,EU_STOXX600,XLON,HOCM.L,NOT_VERIFIED,MAPPING_PRESENT_NOT_REVALIDATED,HISTORY_NOT_CHECKED,LIQUIDITY_NOT_CHECKED,NOT_VERIFIED,true,P1,PRICE_HISTORY_AND_LIQUIDITY_REFRESH_REQUIRED,Mapping verification,UNDECIDED_OFFLINE,HOCM.L,true,revalidated history/liquidity evidence,v0.37 is offline; prior price-derived evidence is not current
WS:XLON:HSBA.L,EU_STOXX600,XLON,HSBA.L,NOT_VERIFIED,MAPPING_PRESENT_NOT_REVALIDATED,HISTORY_NOT_CHECKED,LIQUIDITY_NOT_CHECKED,NOT_VERIFIED,true,P1,PRICE_HISTORY_AND_LIQUIDITY_REFRESH_REQUIRED,Mapping verification,UNDECIDED_OFFLINE,HSBA.L,true,revalidated history/liquidity evidence,v0.37 is offline; prior price-derived evidence is not current
WS:XLON:HSX.L,EU_STOXX600,XLON,HSX.L,NOT_VERIFIED,MAPPING_PRESENT_NOT_REVALIDATED,HISTORY_NOT_CHECKED,LIQUIDITY_NOT_CHECKED,NOT_VERIFIED,true,P1,PRICE_HISTORY_AND_LIQUIDITY_REFRESH_REQUIRED,Mapping verification,UNDECIDED_OFFLINE,HSX.L,true,revalidated history/liquidity evidence,v0.37 is offline; prior price-derived evidence is not current
WS:XLON:HWDN.L,EU_STOXX600,XLON,HWDN.L,NOT_VERIFIED,MAPPING_PRESENT_NOT_REVALIDATED,HISTORY_NOT_CHECKED,LIQUIDITY_NOT_CHECKED,NOT_VERIFIED,true,P1,PRICE_HISTORY_AND_LIQUIDITY_REFRESH_REQUIRED,Mapping verification,UNDECIDED_OFFLINE,HWDN.L,true,revalidated history/liquidity evidence,v0.37 is offline; prior price-derived evidence is not current
WS:XLON:ICAG.L,EU_STOXX600,XLON,ICAG.L,NOT_VERIFIED,MAPPING_PRESENT_NOT_REVALIDATED,HISTORY_NOT_CHECKED,LIQUIDITY_NOT_CHECKED,NOT_VERIFIED,true,P1,PRICE_HISTORY_AND_LIQUIDITY_REFRESH_REQUIRED,Mapping verification,UNDECIDED_OFFLINE,ICAG.L,true,revalidated history/liquidity evidence,v0.37 is offline; prior price-derived evidence is not current
WS:XLON:ICGIN.L,EU_STOXX600,XLON,ICGIN.L,NOT_VERIFIED,MAPPING_PRESENT_NOT_REVALIDATED,HISTORY_NOT_CHECKED,LIQUIDITY_NOT_CHECKED,NOT_VERIFIED,true,P1,PRICE_HISTORY_AND_LIQUIDITY_REFRESH_REQUIRED,Mapping verification,UNDECIDED_OFFLINE,ICGIN.L,true,revalidated history/liquidity evidence,v0.37 is offline; prior price-derived evidence is not current
WS:XLON:IGG.L,EU_STOXX600,XLON,IGG.L,NOT_VERIFIED,MAPPING_PRESENT_NOT_REVALIDATED,HISTORY_NOT_CHECKED,LIQUIDITY_NOT_CHECKED,NOT_VERIFIED,true,P1,PRICE_HISTORY_AND_LIQUIDITY_REFRESH_REQUIRED,Mapping verification,UNDECIDED_OFFLINE,IGG.L,true,revalidated history/liquidity evidence,v0.37 is offline; prior price-derived evidence is not current
WS:XLON:IHG.L,EU_STOXX600,XLON,IHG.L,NOT_VERIFIED,MAPPING_PRESENT_NOT_REVALIDATED,HISTORY_NOT_CHECKED,LIQUIDITY_NOT_CHECKED,NOT_VERIFIED,true,P1,PRICE_HISTORY_AND_LIQUIDITY_REFRESH_REQUIRED,Mapping verification,UNDECIDED_OFFLINE,IHG.L,true,revalidated history/liquidity evidence,v0.37 is offline; prior price-derived evidence is not current
WS:XLON:III.L,EU_STOXX600,XLON,III.L,NOT_VERIFIED,MAPPING_PRESENT_NOT_REVALIDATED,HISTORY_NOT_CHECKED,LIQUIDITY_NOT_CHECKED,NOT_VERIFIED,true,P1,PRICE_HISTORY_AND_LIQUIDITY_REFRESH_REQUIRED,Mapping verification,UNDECIDED_OFFLINE,III.L,true,revalidated history/liquidity evidence,v0.37 is offline; prior price-derived evidence is not current
WS:XLON:IMB.L,EU_STOXX600,XLON,IMB.L,NOT_VERIFIED,MAPPING_PRESENT_NOT_REVALIDATED,HISTORY_NOT_CHECKED,LIQUIDITY_NOT_CHECKED,NOT_VERIFIED,true,P1,PRICE_HISTORY_AND_LIQUIDITY_REFRESH_REQUIRED,Mapping verification,UNDECIDED_OFFLINE,IMB.L,true,revalidated history/liquidity evidence,v0.37 is offline; prior price-derived evidence is not current
WS:XLON:IMI.L,EU_STOXX600,XLON,IMI.L,NOT_VERIFIED,MAPPING_PRESENT_NOT_REVALIDATED,HISTORY_NOT_CHECKED,LIQUIDITY_NOT_CHECKED,NOT_VERIFIED,true,P1,PRICE_HISTORY_AND_LIQUIDITY_REFRESH_REQUIRED,Mapping verification,UNDECIDED_OFFLINE,IMI.L,true,revalidated history/liquidity evidence,v0.37 is offline; prior price-derived evidence is not current
WS:XLON:INCH.L,EU_STOXX600,XLON,INCH.L,NOT_VERIFIED,MAPPING_PRESENT_NOT_REVALIDATED,HISTORY_NOT_CHECKED,LIQUIDITY_NOT_CHECKED,NOT_VERIFIED,true,P1,PRICE_HISTORY_AND_LIQUIDITY_REFRESH_REQUIRED,Mapping verification,UNDECIDED_OFFLINE,INCH.L,true,revalidated history/liquidity evidence,v0.37 is offline; prior price-derived evidence is not current
WS:XLON:INF.L,EU_STOXX600,XLON,INF.L,NOT_VERIFIED,MAPPING_PRESENT_NOT_REVALIDATED,HISTORY_NOT_CHECKED,LIQUIDITY_NOT_CHECKED,NOT_VERIFIED,true,P1,PRICE_HISTORY_AND_LIQUIDITY_REFRESH_REQUIRED,Mapping verification,UNDECIDED_OFFLINE,INF.L,true,revalidated history/liquidity evidence,v0.37 is offline; prior price-derived evidence is not current
WS:XLON:INVP.L,EU_STOXX600,XLON,INVP.L,NOT_VERIFIED,MAPPING_PRESENT_NOT_REVALIDATED,HISTORY_NOT_CHECKED,LIQUIDITY_NOT_CHECKED,NOT_VERIFIED,true,P1,PRICE_HISTORY_AND_LIQUIDITY_REFRESH_REQUIRED,Mapping verification,UNDECIDED_OFFLINE,INVP.L,true,revalidated history/liquidity evidence,v0.37 is offline; prior price-derived evidence is not current
WS:XLON:ITRK.L,EU_STOXX600,XLON,ITRK.L,NOT_VERIFIED,MAPPING_PRESENT_NOT_REVALIDATED,HISTORY_NOT_CHECKED,LIQUIDITY_NOT_CHECKED,NOT_VERIFIED,true,P1,PRICE_HISTORY_AND_LIQUIDITY_REFRESH_REQUIRED,Mapping verification,UNDECIDED_OFFLINE,ITRK.L,true,revalidated history/liquidity evidence,v0.37 is offline; prior price-derived evidence is not current
WS:XLON:ITV.L,EU_STOXX600,XLON,ITV.L,NOT_VERIFIED,MAPPING_PRESENT_NOT_REVALIDATED,HISTORY_NOT_CHECKED,LIQUIDITY_NOT_CHECKED,NOT_VERIFIED,true,P1,PRICE_HISTORY_AND_LIQUIDITY_REFRESH_REQUIRED,Mapping verification,UNDECIDED_OFFLINE,ITV.L,true,revalidated history/liquidity evidence,v0.37 is offline; prior price-derived evidence is not current
WS:XLON:JD.L,EU_STOXX600,XLON,JD.L,NOT_VERIFIED,MAPPING_PRESENT_NOT_REVALIDATED,HISTORY_NOT_CHECKED,LIQUIDITY_NOT_CHECKED,NOT_VERIFIED,true,P1,PRICE_HISTORY_AND_LIQUIDITY_REFRESH_REQUIRED,Mapping verification,UNDECIDED_OFFLINE,JD.L,true,revalidated history/liquidity evidence,v0.37 is offline; prior price-derived evidence is not current
WS:XLON:JMAT.L,EU_STOXX600,XLON,JMAT.L,NOT_VERIFIED,MAPPING_PRESENT_NOT_REVALIDATED,HISTORY_NOT_CHECKED,LIQUIDITY_NOT_CHECKED,NOT_VERIFIED,true,P1,PRICE_HISTORY_AND_LIQUIDITY_REFRESH_REQUIRED,Mapping verification,UNDECIDED_OFFLINE,JMAT.L,true,revalidated history/liquidity evidence,v0.37 is offline; prior price-derived evidence is not current
WS:XLON:KGF.L,EU_STOXX600,XLON,KGF.L,NOT_VERIFIED,MAPPING_PRESENT_NOT_REVALIDATED,HISTORY_NOT_CHECKED,LIQUIDITY_NOT_CHECKED,NOT_VERIFIED,true,P1,PRICE_HISTORY_AND_LIQUIDITY_REFRESH_REQUIRED,Mapping verification,UNDECIDED_OFFLINE,KGF.L,true,revalidated history/liquidity evidence,v0.37 is offline; prior price-derived evidence is not current
WS:XLON:LAND.L,EU_STOXX600,XLON,LAND.L,NOT_VERIFIED,MAPPING_PRESENT_NOT_REVALIDATED,HISTORY_NOT_CHECKED,LIQUIDITY_NOT_CHECKED,NOT_VERIFIED,true,P1,PRICE_HISTORY_AND_LIQUIDITY_REFRESH_REQUIRED,Mapping verification,UNDECIDED_OFFLINE,LAND.L,true,revalidated history/liquidity evidence,v0.37 is offline; prior price-derived evidence is not current
WS:XLON:LGEN.L,EU_STOXX600,XLON,LGEN.L,NOT_VERIFIED,MAPPING_PRESENT_NOT_REVALIDATED,HISTORY_NOT_CHECKED,LIQUIDITY_NOT_CHECKED,NOT_VERIFIED,true,P1,PRICE_HISTORY_AND_LIQUIDITY_REFRESH_REQUIRED,Mapping verification,UNDECIDED_OFFLINE,LGEN.L,true,revalidated history/liquidity evidence,v0.37 is offline; prior price-derived evidence is not current
WS:XLON:LLOY.L,EU_STOXX600,XLON,LLOY.L,NOT_VERIFIED,MAPPING_PRESENT_NOT_REVALIDATED,HISTORY_NOT_CHECKED,LIQUIDITY_NOT_CHECKED,NOT_VERIFIED,true,P1,PRICE_HISTORY_AND_LIQUIDITY_REFRESH_REQUIRED,Mapping verification,UNDECIDED_OFFLINE,LLOY.L,true,revalidated history/liquidity evidence,v0.37 is offline; prior price-derived evidence is not current
WS:XLON:LMPL.L,EU_STOXX600,XLON,LMPL.L,NOT_VERIFIED,MAPPING_PRESENT_NOT_REVALIDATED,HISTORY_NOT_CHECKED,LIQUIDITY_NOT_CHECKED,NOT_VERIFIED,true,P1,PRICE_HISTORY_AND_LIQUIDITY_REFRESH_REQUIRED,Mapping verification,UNDECIDED_OFFLINE,LMPL.L,true,revalidated history/liquidity evidence,v0.37 is offline; prior price-derived evidence is not current
WS:XLON:LSEG.L,EU_STOXX600,XLON,LSEG.L,NOT_VERIFIED,MAPPING_PRESENT_NOT_REVALIDATED,HISTORY_NOT_CHECKED,LIQUIDITY_NOT_CHECKED,NOT_VERIFIED,true,P1,PRICE_HISTORY_AND_LIQUIDITY_REFRESH_REQUIRED,Mapping verification,UNDECIDED_OFFLINE,LSEG.L,true,revalidated history/liquidity evidence,v0.37 is offline; prior price-derived evidence is not current
WS:XLON:MKS.L,EU_STOXX600,XLON,MKS.L,NOT_VERIFIED,MAPPING_PRESENT_NOT_REVALIDATED,HISTORY_NOT_CHECKED,LIQUIDITY_NOT_CHECKED,NOT_VERIFIED,true,P1,PRICE_HISTORY_AND_LIQUIDITY_REFRESH_REQUIRED,Mapping verification,UNDECIDED_OFFLINE,MKS.L,true,revalidated history/liquidity evidence,v0.37 is offline; prior price-derived evidence is not current
WS:XLON:MNDI.L,EU_STOXX600,XLON,MNDI.L,NOT_VERIFIED,MAPPING_PRESENT_NOT_REVALIDATED,HISTORY_NOT_CHECKED,LIQUIDITY_NOT_CHECKED,NOT_VERIFIED,true,P1,PRICE_HISTORY_AND_LIQUIDITY_REFRESH_REQUIRED,Mapping verification,UNDECIDED_OFFLINE,MNDI.L,true,revalidated history/liquidity evidence,v0.37 is offline; prior price-derived evidence is not current
WS:XLON:MNG.L,EU_STOXX600,XLON,MNG.L,NOT_VERIFIED,MAPPING_PRESENT_NOT_REVALIDATED,HISTORY_NOT_CHECKED,LIQUIDITY_NOT_CHECKED,NOT_VERIFIED,true,P1,PRICE_HISTORY_AND_LIQUIDITY_REFRESH_REQUIRED,Mapping verification,UNDECIDED_OFFLINE,MNG.L,true,revalidated history/liquidity evidence,v0.37 is offline; prior price-derived evidence is not current
WS:XLON:MRON.L,EU_STOXX600,XLON,MRON.L,NOT_VERIFIED,MAPPING_PRESENT_NOT_REVALIDATED,HISTORY_NOT_CHECKED,LIQUIDITY_NOT_CHECKED,NOT_VERIFIED,true,P1,PRICE_HISTORY_AND_LIQUIDITY_REFRESH_REQUIRED,Mapping verification,UNDECIDED_OFFLINE,MRON.L,true,revalidated history/liquidity evidence,v0.37 is offline; prior price-derived evidence is not current
WS:XLON:MTO.L,EU_STOXX600,XLON,MTO.L,NOT_VERIFIED,MAPPING_PRESENT_NOT_REVALIDATED,HISTORY_NOT_CHECKED,LIQUIDITY_NOT_CHECKED,NOT_VERIFIED,true,P1,PRICE_HISTORY_AND_LIQUIDITY_REFRESH_REQUIRED,Mapping verification,UNDECIDED_OFFLINE,MTO.L,true,revalidated history/liquidity evidence,v0.37 is offline; prior price-derived evidence is not current
WS:XLON:NG.L,EU_STOXX600,XLON,NG.L,NOT_VERIFIED,MAPPING_PRESENT_NOT_REVALIDATED,HISTORY_NOT_CHECKED,LIQUIDITY_NOT_CHECKED,NOT_VERIFIED,true,P1,PRICE_HISTORY_AND_LIQUIDITY_REFRESH_REQUIRED,Mapping verification,UNDECIDED_OFFLINE,NG.L,true,revalidated history/liquidity evidence,v0.37 is offline; prior price-derived evidence is not current
WS:XLON:NWG.L,EU_STOXX600,XLON,NWG.L,NOT_VERIFIED,MAPPING_PRESENT_NOT_REVALIDATED,HISTORY_NOT_CHECKED,LIQUIDITY_NOT_CHECKED,NOT_VERIFIED,true,P1,PRICE_HISTORY_AND_LIQUIDITY_REFRESH_REQUIRED,Mapping verification,UNDECIDED_OFFLINE,NWG.L,true,revalidated history/liquidity evidence,v0.37 is offline; prior price-derived evidence is not current
WS:XLON:NXT.L,EU_STOXX600,XLON,NXT.L,NOT_VERIFIED,MAPPING_PRESENT_NOT_REVALIDATED,HISTORY_NOT_CHECKED,LIQUIDITY_NOT_CHECKED,NOT_VERIFIED,true,P1,PRICE_HISTORY_AND_LIQUIDITY_REFRESH_REQUIRED,Mapping verification,UNDECIDED_OFFLINE,NXT.L,true,revalidated history/liquidity evidence,v0.37 is offline; prior price-derived evidence is not current
WS:XLON:PAFR.L,EU_STOXX600,XLON,PAFR.L,NOT_VERIFIED,MAPPING_PRESENT_NOT_REVALIDATED,HISTORY_NOT_CHECKED,LIQUIDITY_NOT_CHECKED,NOT_VERIFIED,true,P1,PRICE_HISTORY_AND_LIQUIDITY_REFRESH_REQUIRED,Mapping verification,UNDECIDED_OFFLINE,PAFR.L,true,revalidated history/liquidity evidence,v0.37 is offline; prior price-derived evidence is not current
WS:XLON:PHP.L,EU_STOXX600,XLON,PHP.L,NOT_VERIFIED,MAPPING_PRESENT_NOT_REVALIDATED,HISTORY_NOT_CHECKED,LIQUIDITY_NOT_CHECKED,NOT_VERIFIED,true,P1,PRICE_HISTORY_AND_LIQUIDITY_REFRESH_REQUIRED,Mapping verification,UNDECIDED_OFFLINE,PHP.L,true,revalidated history/liquidity evidence,v0.37 is offline; prior price-derived evidence is not current
WS:XLON:PLUSP.L,EU_STOXX600,XLON,PLUSP.L,NOT_VERIFIED,MAPPING_PRESENT_NOT_REVALIDATED,HISTORY_NOT_CHECKED,LIQUIDITY_NOT_CHECKED,NOT_VERIFIED,true,P1,PRICE_HISTORY_AND_LIQUIDITY_REFRESH_REQUIRED,Mapping verification,UNDECIDED_OFFLINE,PLUSP.L,true,revalidated history/liquidity evidence,v0.37 is offline; prior price-derived evidence is not current
WS:XLON:PNN.L,EU_STOXX600,XLON,PNN.L,NOT_VERIFIED,MAPPING_PRESENT_NOT_REVALIDATED,HISTORY_NOT_CHECKED,LIQUIDITY_NOT_CHECKED,NOT_VERIFIED,true,P1,PRICE_HISTORY_AND_LIQUIDITY_REFRESH_REQUIRED,Mapping verification,UNDECIDED_OFFLINE,PNN.L,true,revalidated history/liquidity evidence,v0.37 is offline; prior price-derived evidence is not current
WS:XLON:PRU.L,EU_STOXX600,XLON,PRU.L,NOT_VERIFIED,MAPPING_PRESENT_NOT_REVALIDATED,HISTORY_NOT_CHECKED,LIQUIDITY_NOT_CHECKED,NOT_VERIFIED,true,P1,PRICE_HISTORY_AND_LIQUIDITY_REFRESH_REQUIRED,Mapping verification,UNDECIDED_OFFLINE,PRU.L,true,revalidated history/liquidity evidence,v0.37 is offline; prior price-derived evidence is not current
WS:XLON:PSN.L,EU_STOXX600,XLON,PSN.L,NOT_VERIFIED,MAPPING_PRESENT_NOT_REVALIDATED,HISTORY_NOT_CHECKED,LIQUIDITY_NOT_CHECKED,NOT_VERIFIED,true,P1,PRICE_HISTORY_AND_LIQUIDITY_REFRESH_REQUIRED,Mapping verification,UNDECIDED_OFFLINE,PSN.L,true,revalidated history/liquidity evidence,v0.37 is offline; prior price-derived evidence is not current
WS:XLON:PSON.L,EU_STOXX600,XLON,PSON.L,NOT_VERIFIED,MAPPING_PRESENT_NOT_REVALIDATED,HISTORY_NOT_CHECKED,LIQUIDITY_NOT_CHECKED,NOT_VERIFIED,true,P1,PRICE_HISTORY_AND_LIQUIDITY_REFRESH_REQUIRED,Mapping verification,UNDECIDED_OFFLINE,PSON.L,true,revalidated history/liquidity evidence,v0.37 is offline; prior price-derived evidence is not current
WS:XLON:QLT.L,EU_STOXX600,XLON,QLT.L,NOT_VERIFIED,MAPPING_PRESENT_NOT_REVALIDATED,HISTORY_NOT_CHECKED,LIQUIDITY_NOT_CHECKED,NOT_VERIFIED,true,P1,PRICE_HISTORY_AND_LIQUIDITY_REFRESH_REQUIRED,Mapping verification,UNDECIDED_OFFLINE,QLT.L,true,revalidated history/liquidity evidence,v0.37 is offline; prior price-derived evidence is not current
WS:XLON:QQ.L,EU_STOXX600,XLON,QQ.L,NOT_VERIFIED,MAPPING_PRESENT_NOT_REVALIDATED,HISTORY_NOT_CHECKED,LIQUIDITY_NOT_CHECKED,NOT_VERIFIED,true,P1,PRICE_HISTORY_AND_LIQUIDITY_REFRESH_REQUIRED,Mapping verification,UNDECIDED_OFFLINE,QQ.L,true,revalidated history/liquidity evidence,v0.37 is offline; prior price-derived evidence is not current
WS:XLON:REL.L,EU_STOXX600,XLON,REL.L,NOT_VERIFIED,MAPPING_PRESENT_NOT_REVALIDATED,HISTORY_NOT_CHECKED,LIQUIDITY_NOT_CHECKED,NOT_VERIFIED,true,P1,PRICE_HISTORY_AND_LIQUIDITY_REFRESH_REQUIRED,Mapping verification,UNDECIDED_OFFLINE,REL.L,true,revalidated history/liquidity evidence,v0.37 is offline; prior price-derived evidence is not current
WS:XLON:RIO.L,EU_STOXX600,XLON,RIO.L,NOT_VERIFIED,MAPPING_PRESENT_NOT_REVALIDATED,HISTORY_NOT_CHECKED,LIQUIDITY_NOT_CHECKED,NOT_VERIFIED,true,P1,PRICE_HISTORY_AND_LIQUIDITY_REFRESH_REQUIRED,Mapping verification,UNDECIDED_OFFLINE,RIO.L,true,revalidated history/liquidity evidence,v0.37 is offline; prior price-derived evidence is not current
WS:XLON:RKT.L,EU_STOXX600,XLON,RKT.L,NOT_VERIFIED,MAPPING_PRESENT_NOT_REVALIDATED,HISTORY_NOT_CHECKED,LIQUIDITY_NOT_CHECKED,NOT_VERIFIED,true,P1,PRICE_HISTORY_AND_LIQUIDITY_REFRESH_REQUIRED,Mapping verification,UNDECIDED_OFFLINE,RKT.L,true,revalidated history/liquidity evidence,v0.37 is offline; prior price-derived evidence is not current
WS:XLON:RMV.L,EU_STOXX600,XLON,RMV.L,NOT_VERIFIED,MAPPING_PRESENT_NOT_REVALIDATED,HISTORY_NOT_CHECKED,LIQUIDITY_NOT_CHECKED,NOT_VERIFIED,true,P1,PRICE_HISTORY_AND_LIQUIDITY_REFRESH_REQUIRED,Mapping verification,UNDECIDED_OFFLINE,RMV.L,true,revalidated history/liquidity evidence,v0.37 is offline; prior price-derived evidence is not current
WS:XLON:ROR.L,EU_STOXX600,XLON,ROR.L,NOT_VERIFIED,MAPPING_PRESENT_NOT_REVALIDATED,HISTORY_NOT_CHECKED,LIQUIDITY_NOT_CHECKED,NOT_VERIFIED,true,P1,PRICE_HISTORY_AND_LIQUIDITY_REFRESH_REQUIRED,Mapping verification,UNDECIDED_OFFLINE,ROR.L,true,revalidated history/liquidity evidence,v0.37 is offline; prior price-derived evidence is not current
WS:XLON:RR.L,EU_STOXX600,XLON,RR.L,NOT_VERIFIED,MAPPING_PRESENT_NOT_REVALIDATED,HISTORY_NOT_CHECKED,LIQUIDITY_NOT_CHECKED,NOT_VERIFIED,true,P1,PRICE_HISTORY_AND_LIQUIDITY_REFRESH_REQUIRED,Mapping verification,UNDECIDED_OFFLINE,RR.L,true,revalidated history/liquidity evidence,v0.37 is offline; prior price-derived evidence is not current
WS:XLON:RS1R.L,EU_STOXX600,XLON,RS1R.L,NOT_VERIFIED,MAPPING_PRESENT_NOT_REVALIDATED,HISTORY_NOT_CHECKED,LIQUIDITY_NOT_CHECKED,NOT_VERIFIED,true,P1,PRICE_HISTORY_AND_LIQUIDITY_REFRESH_REQUIRED,Mapping verification,UNDECIDED_OFFLINE,RS1R.L,true,revalidated history/liquidity evidence,v0.37 is offline; prior price-derived evidence is not current
WS:XLON:RTO.L,EU_STOXX600,XLON,RTO.L,NOT_VERIFIED,MAPPING_PRESENT_NOT_REVALIDATED,HISTORY_NOT_CHECKED,LIQUIDITY_NOT_CHECKED,NOT_VERIFIED,true,P1,PRICE_HISTORY_AND_LIQUIDITY_REFRESH_REQUIRED,Mapping verification,UNDECIDED_OFFLINE,RTO.L,true,revalidated history/liquidity evidence,v0.37 is offline; prior price-derived evidence is not current
WS:XLON:SBRY.L,EU_STOXX600,XLON,SBRY.L,NOT_VERIFIED,MAPPING_PRESENT_NOT_REVALIDATED,HISTORY_NOT_CHECKED,LIQUIDITY_NOT_CHECKED,NOT_VERIFIED,true,P1,PRICE_HISTORY_AND_LIQUIDITY_REFRESH_REQUIRED,Mapping verification,UNDECIDED_OFFLINE,SBRY.L,true,revalidated history/liquidity evidence,v0.37 is offline; prior price-derived evidence is not current
WS:XLON:SDLF.L,EU_STOXX600,XLON,SDLF.L,NOT_VERIFIED,MAPPING_PRESENT_NOT_REVALIDATED,HISTORY_NOT_CHECKED,LIQUIDITY_NOT_CHECKED,NOT_VERIFIED,true,P1,PRICE_HISTORY_AND_LIQUIDITY_REFRESH_REQUIRED,Mapping verification,UNDECIDED_OFFLINE,SDLF.L,true,revalidated history/liquidity evidence,v0.37 is offline; prior price-derived evidence is not current
WS:XLON:SDR.L,EU_STOXX600,XLON,SDR.L,NOT_VERIFIED,MAPPING_PRESENT_NOT_REVALIDATED,HISTORY_NOT_CHECKED,LIQUIDITY_NOT_CHECKED,NOT_VERIFIED,true,P1,PRICE_HISTORY_AND_LIQUIDITY_REFRESH_REQUIRED,Mapping verification,UNDECIDED_OFFLINE,SDR.L,true,revalidated history/liquidity evidence,v0.37 is offline; prior price-derived evidence is not current
WS:XLON:SGE.L,EU_STOXX600,XLON,SGE.L,NOT_VERIFIED,MAPPING_PRESENT_NOT_REVALIDATED,HISTORY_NOT_CHECKED,LIQUIDITY_NOT_CHECKED,NOT_VERIFIED,true,P1,PRICE_HISTORY_AND_LIQUIDITY_REFRESH_REQUIRED,Mapping verification,UNDECIDED_OFFLINE,SGE.L,true,revalidated history/liquidity evidence,v0.37 is offline; prior price-derived evidence is not current
WS:XLON:SGRO.L,EU_STOXX600,XLON,SGRO.L,NOT_VERIFIED,MAPPING_PRESENT_NOT_REVALIDATED,HISTORY_NOT_CHECKED,LIQUIDITY_NOT_CHECKED,NOT_VERIFIED,true,P1,PRICE_HISTORY_AND_LIQUIDITY_REFRESH_REQUIRED,Mapping verification,UNDECIDED_OFFLINE,SGRO.L,true,revalidated history/liquidity evidence,v0.37 is offline; prior price-derived evidence is not current
WS:XLON:SHCS.L,EU_STOXX600,XLON,SHCS.L,NOT_VERIFIED,MAPPING_PRESENT_NOT_REVALIDATED,HISTORY_NOT_CHECKED,LIQUIDITY_NOT_CHECKED,NOT_VERIFIED,true,P1,PRICE_HISTORY_AND_LIQUIDITY_REFRESH_REQUIRED,Mapping verification,UNDECIDED_OFFLINE,SHCS.L,true,revalidated history/liquidity evidence,v0.37 is offline; prior price-derived evidence is not current
WS:XLON:SJP.L,EU_STOXX600,XLON,SJP.L,NOT_VERIFIED,MAPPING_PRESENT_NOT_REVALIDATED,HISTORY_NOT_CHECKED,LIQUIDITY_NOT_CHECKED,NOT_VERIFIED,true,P1,PRICE_HISTORY_AND_LIQUIDITY_REFRESH_REQUIRED,Mapping verification,UNDECIDED_OFFLINE,SJP.L,true,revalidated history/liquidity evidence,v0.37 is offline; prior price-derived evidence is not current
WS:XLON:SMIN.L,EU_STOXX600,XLON,SMIN.L,NOT_VERIFIED,MAPPING_PRESENT_NOT_REVALIDATED,HISTORY_NOT_CHECKED,LIQUIDITY_NOT_CHECKED,NOT_VERIFIED,true,P1,PRICE_HISTORY_AND_LIQUIDITY_REFRESH_REQUIRED,Mapping verification,UNDECIDED_OFFLINE,SMIN.L,true,revalidated history/liquidity evidence,v0.37 is offline; prior price-derived evidence is not current
WS:XLON:SN.L,EU_STOXX600,XLON,SN.L,NOT_VERIFIED,MAPPING_PRESENT_NOT_REVALIDATED,HISTORY_NOT_CHECKED,LIQUIDITY_NOT_CHECKED,NOT_VERIFIED,true,P1,PRICE_HISTORY_AND_LIQUIDITY_REFRESH_REQUIRED,Mapping verification,UNDECIDED_OFFLINE,SN.L,true,revalidated history/liquidity evidence,v0.37 is offline; prior price-derived evidence is not current
WS:XLON:SPX.L,EU_STOXX600,XLON,SPX.L,NOT_VERIFIED,MAPPING_PRESENT_NOT_REVALIDATED,HISTORY_NOT_CHECKED,LIQUIDITY_NOT_CHECKED,NOT_VERIFIED,true,P1,PRICE_HISTORY_AND_LIQUIDITY_REFRESH_REQUIRED,Mapping verification,UNDECIDED_OFFLINE,SPX.L,true,revalidated history/liquidity evidence,v0.37 is offline; prior price-derived evidence is not current
WS:XLON:SRP.L,EU_STOXX600,XLON,SRP.L,NOT_VERIFIED,MAPPING_PRESENT_NOT_REVALIDATED,HISTORY_NOT_CHECKED,LIQUIDITY_NOT_CHECKED,NOT_VERIFIED,true,P1,PRICE_HISTORY_AND_LIQUIDITY_REFRESH_REQUIRED,Mapping verification,UNDECIDED_OFFLINE,SRP.L,true,revalidated history/liquidity evidence,v0.37 is offline; prior price-derived evidence is not current
WS:XLON:SSE.L,EU_STOXX600,XLON,SSE.L,NOT_VERIFIED,MAPPING_PRESENT_NOT_REVALIDATED,HISTORY_NOT_CHECKED,LIQUIDITY_NOT_CHECKED,NOT_VERIFIED,true,P1,PRICE_HISTORY_AND_LIQUIDITY_REFRESH_REQUIRED,Mapping verification,UNDECIDED_OFFLINE,SSE.L,true,revalidated history/liquidity evidence,v0.37 is offline; prior price-derived evidence is not current
WS:XLON:STAN.L,EU_STOXX600,XLON,STAN.L,NOT_VERIFIED,MAPPING_PRESENT_NOT_REVALIDATED,HISTORY_NOT_CHECKED,LIQUIDITY_NOT_CHECKED,NOT_VERIFIED,true,P1,PRICE_HISTORY_AND_LIQUIDITY_REFRESH_REQUIRED,Mapping verification,UNDECIDED_OFFLINE,STAN.L,true,revalidated history/liquidity evidence,v0.37 is offline; prior price-derived evidence is not current
WS:XLON:SVT.L,EU_STOXX600,XLON,SVT.L,NOT_VERIFIED,MAPPING_PRESENT_NOT_REVALIDATED,HISTORY_NOT_CHECKED,LIQUIDITY_NOT_CHECKED,NOT_VERIFIED,true,P1,PRICE_HISTORY_AND_LIQUIDITY_REFRESH_REQUIRED,Mapping verification,UNDECIDED_OFFLINE,SVT.L,true,revalidated history/liquidity evidence,v0.37 is offline; prior price-derived evidence is not current
WS:XLON:TBCG.L,EU_STOXX600,XLON,TBCG.L,NOT_VERIFIED,MAPPING_PRESENT_NOT_REVALIDATED,HISTORY_NOT_CHECKED,LIQUIDITY_NOT_CHECKED,NOT_VERIFIED,true,P1,PRICE_HISTORY_AND_LIQUIDITY_REFRESH_REQUIRED,Mapping verification,UNDECIDED_OFFLINE,TBCG.L,true,revalidated history/liquidity evidence,v0.37 is offline; prior price-derived evidence is not current
WS:XLON:TCAPI.L,EU_STOXX600,XLON,TCAPI.L,NOT_VERIFIED,MAPPING_PRESENT_NOT_REVALIDATED,HISTORY_NOT_CHECKED,LIQUIDITY_NOT_CHECKED,NOT_VERIFIED,true,P1,PRICE_HISTORY_AND_LIQUIDITY_REFRESH_REQUIRED,Mapping verification,UNDECIDED_OFFLINE,TCAPI.L,true,revalidated history/liquidity evidence,v0.37 is offline; prior price-derived evidence is not current
WS:XLON:TSCO.L,EU_STOXX600,XLON,TSCO.L,NOT_VERIFIED,MAPPING_PRESENT_NOT_REVALIDATED,HISTORY_NOT_CHECKED,LIQUIDITY_NOT_CHECKED,NOT_VERIFIED,true,P1,PRICE_HISTORY_AND_LIQUIDITY_REFRESH_REQUIRED,Mapping verification,UNDECIDED_OFFLINE,TSCO.L,true,revalidated history/liquidity evidence,v0.37 is offline; prior price-derived evidence is not current
WS:XLON:TW.L,EU_STOXX600,XLON,TW.L,NOT_VERIFIED,MAPPING_PRESENT_NOT_REVALIDATED,HISTORY_NOT_CHECKED,LIQUIDITY_NOT_CHECKED,NOT_VERIFIED,true,P1,PRICE_HISTORY_AND_LIQUIDITY_REFRESH_REQUIRED,Mapping verification,UNDECIDED_OFFLINE,TW.L,true,revalidated history/liquidity evidence,v0.37 is offline; prior price-derived evidence is not current
WS:XLON:ULVR.L,EU_STOXX600,XLON,ULVR.L,NOT_VERIFIED,MAPPING_PRESENT_NOT_REVALIDATED,HISTORY_NOT_CHECKED,LIQUIDITY_NOT_CHECKED,NOT_VERIFIED,true,P1,PRICE_HISTORY_AND_LIQUIDITY_REFRESH_REQUIRED,Mapping verification,UNDECIDED_OFFLINE,ULVR.L,true,revalidated history/liquidity evidence,v0.37 is offline; prior price-derived evidence is not current
WS:XLON:UTG.L,EU_STOXX600,XLON,UTG.L,NOT_VERIFIED,MAPPING_PRESENT_NOT_REVALIDATED,HISTORY_NOT_CHECKED,LIQUIDITY_NOT_CHECKED,NOT_VERIFIED,true,P1,PRICE_HISTORY_AND_LIQUIDITY_REFRESH_REQUIRED,Mapping verification,UNDECIDED_OFFLINE,UTG.L,true,revalidated history/liquidity evidence,v0.37 is offline; prior price-derived evidence is not current
WS:XLON:UU.L,EU_STOXX600,XLON,UU.L,NOT_VERIFIED,MAPPING_PRESENT_NOT_REVALIDATED,HISTORY_NOT_CHECKED,LIQUIDITY_NOT_CHECKED,NOT_VERIFIED,true,P1,PRICE_HISTORY_AND_LIQUIDITY_REFRESH_REQUIRED,Mapping verification,UNDECIDED_OFFLINE,UU.L,true,revalidated history/liquidity evidence,v0.37 is offline; prior price-derived evidence is not current
WS:XLON:VOD.L,EU_STOXX600,XLON,VOD.L,NOT_VERIFIED,MAPPING_PRESENT_NOT_REVALIDATED,HISTORY_NOT_CHECKED,LIQUIDITY_NOT_CHECKED,NOT_VERIFIED,true,P1,PRICE_HISTORY_AND_LIQUIDITY_REFRESH_REQUIRED,Mapping verification,UNDECIDED_OFFLINE,VOD.L,true,revalidated history/liquidity evidence,v0.37 is offline; prior price-derived evidence is not current
WS:XLON:WEIR.L,EU_STOXX600,XLON,WEIR.L,NOT_VERIFIED,MAPPING_PRESENT_NOT_REVALIDATED,HISTORY_NOT_CHECKED,LIQUIDITY_NOT_CHECKED,NOT_VERIFIED,true,P1,PRICE_HISTORY_AND_LIQUIDITY_REFRESH_REQUIRED,Mapping verification,UNDECIDED_OFFLINE,WEIR.L,true,revalidated history/liquidity evidence,v0.37 is offline; prior price-derived evidence is not current
WS:XLON:WISEA.L,EU_STOXX600,XLON,WISEa.L,NOT_VERIFIED,MAPPING_PRESENT_NOT_REVALIDATED,HISTORY_NOT_CHECKED,LIQUIDITY_NOT_CHECKED,NOT_VERIFIED,true,P1,PRICE_HISTORY_AND_LIQUIDITY_REFRESH_REQUIRED,Mapping verification,UNDECIDED_OFFLINE,WISEa.L,true,revalidated history/liquidity evidence,v0.37 is offline; prior price-derived evidence is not current
WS:XLON:WPP.L,EU_STOXX600,XLON,WPP.L,NOT_VERIFIED,MAPPING_PRESENT_NOT_REVALIDATED,HISTORY_NOT_CHECKED,LIQUIDITY_NOT_CHECKED,NOT_VERIFIED,true,P1,PRICE_HISTORY_AND_LIQUIDITY_REFRESH_REQUIRED,Mapping verification,UNDECIDED_OFFLINE,WPP.L,true,revalidated history/liquidity evidence,v0.37 is offline; prior price-derived evidence is not current
WS:XLON:WTB.L,EU_STOXX600,XLON,WTB.L,NOT_VERIFIED,MAPPING_PRESENT_NOT_REVALIDATED,HISTORY_NOT_CHECKED,LIQUIDITY_NOT_CHECKED,NOT_VERIFIED,true,P1,PRICE_HISTORY_AND_LIQUIDITY_REFRESH_REQUIRED,Mapping verification,UNDECIDED_OFFLINE,WTB.L,true,revalidated history/liquidity evidence,v0.37 is offline; prior price-derived evidence is not current
WS:XLON:ZEG.L,EU_STOXX600,XLON,ZEG.L,NOT_VERIFIED,MAPPING_PRESENT_NOT_REVALIDATED,HISTORY_NOT_CHECKED,LIQUIDITY_NOT_CHECKED,NOT_VERIFIED,true,P1,PRICE_HISTORY_AND_LIQUIDITY_REFRESH_REQUIRED,Mapping verification,UNDECIDED_OFFLINE,ZEG.L,true,revalidated history/liquidity evidence,v0.37 is offline; prior price-derived evidence is not current
WS:XMAD:ACS.MC,EU_STOXX600,XMAD,ACS.MC,NOT_VERIFIED,MAPPING_PRESENT_NOT_REVALIDATED,HISTORY_NOT_CHECKED,LIQUIDITY_NOT_CHECKED,NOT_VERIFIED,true,P1,PRICE_HISTORY_AND_LIQUIDITY_REFRESH_REQUIRED,Mapping verification,UNDECIDED_OFFLINE,ACS.MC,true,revalidated history/liquidity evidence,v0.37 is offline; prior price-derived evidence is not current
WS:XMAD:ACX.MC,EU_STOXX600,XMAD,ACX.MC,NOT_VERIFIED,MAPPING_PRESENT_NOT_REVALIDATED,HISTORY_NOT_CHECKED,LIQUIDITY_NOT_CHECKED,NOT_VERIFIED,true,P1,PRICE_HISTORY_AND_LIQUIDITY_REFRESH_REQUIRED,Mapping verification,UNDECIDED_OFFLINE,ACX.MC,true,revalidated history/liquidity evidence,v0.37 is offline; prior price-derived evidence is not current
WS:XMAD:AENA.MC,EU_STOXX600,XMAD,AENA.MC,NOT_VERIFIED,MAPPING_PRESENT_NOT_REVALIDATED,HISTORY_NOT_CHECKED,LIQUIDITY_NOT_CHECKED,NOT_VERIFIED,true,P1,PRICE_HISTORY_AND_LIQUIDITY_REFRESH_REQUIRED,Mapping verification,UNDECIDED_OFFLINE,AENA.MC,true,revalidated history/liquidity evidence,v0.37 is offline; prior price-derived evidence is not current
WS:XMAD:AMA.MC,EU_STOXX600,XMAD,AMA.MC,NOT_VERIFIED,MAPPING_PRESENT_NOT_REVALIDATED,HISTORY_NOT_CHECKED,LIQUIDITY_NOT_CHECKED,NOT_VERIFIED,true,P1,PRICE_HISTORY_AND_LIQUIDITY_REFRESH_REQUIRED,Mapping verification,UNDECIDED_OFFLINE,AMA.MC,true,revalidated history/liquidity evidence,v0.37 is offline; prior price-derived evidence is not current
WS:XMAD:ANA.MC,EU_STOXX600,XMAD,ANA.MC,NOT_VERIFIED,MAPPING_PRESENT_NOT_REVALIDATED,HISTORY_NOT_CHECKED,LIQUIDITY_NOT_CHECKED,NOT_VERIFIED,true,P1,PRICE_HISTORY_AND_LIQUIDITY_REFRESH_REQUIRED,Mapping verification,UNDECIDED_OFFLINE,ANA.MC,true,revalidated history/liquidity evidence,v0.37 is offline; prior price-derived evidence is not current
WS:XMAD:BBVA.MC,EU_STOXX600,XMAD,BBVA.MC,NOT_VERIFIED,MAPPING_PRESENT_NOT_REVALIDATED,HISTORY_NOT_CHECKED,LIQUIDITY_NOT_CHECKED,NOT_VERIFIED,true,P1,PRICE_HISTORY_AND_LIQUIDITY_REFRESH_REQUIRED,Mapping verification,UNDECIDED_OFFLINE,BBVA.MC,true,revalidated history/liquidity evidence,v0.37 is offline; prior price-derived evidence is not current
WS:XMAD:BKT.MC,EU_STOXX600,XMAD,BKT.MC,NOT_VERIFIED,MAPPING_PRESENT_NOT_REVALIDATED,HISTORY_NOT_CHECKED,LIQUIDITY_NOT_CHECKED,NOT_VERIFIED,true,P1,PRICE_HISTORY_AND_LIQUIDITY_REFRESH_REQUIRED,Mapping verification,UNDECIDED_OFFLINE,BKT.MC,true,revalidated history/liquidity evidence,v0.37 is offline; prior price-derived evidence is not current
WS:XMAD:CABK.MC,EU_STOXX600,XMAD,CABK.MC,NOT_VERIFIED,MAPPING_PRESENT_NOT_REVALIDATED,HISTORY_NOT_CHECKED,LIQUIDITY_NOT_CHECKED,NOT_VERIFIED,true,P1,PRICE_HISTORY_AND_LIQUIDITY_REFRESH_REQUIRED,Mapping verification,UNDECIDED_OFFLINE,CABK.MC,true,revalidated history/liquidity evidence,v0.37 is offline; prior price-derived evidence is not current
WS:XMAD:CLNX.MC,EU_STOXX600,XMAD,CLNX.MC,NOT_VERIFIED,MAPPING_PRESENT_NOT_REVALIDATED,HISTORY_NOT_CHECKED,LIQUIDITY_NOT_CHECKED,NOT_VERIFIED,true,P1,PRICE_HISTORY_AND_LIQUIDITY_REFRESH_REQUIRED,Mapping verification,UNDECIDED_OFFLINE,CLNX.MC,true,revalidated history/liquidity evidence,v0.37 is offline; prior price-derived evidence is not current
WS:XMAD:ELE.MC,EU_STOXX600,XMAD,ELE.MC,NOT_VERIFIED,MAPPING_PRESENT_NOT_REVALIDATED,HISTORY_NOT_CHECKED,LIQUIDITY_NOT_CHECKED,NOT_VERIFIED,true,P1,PRICE_HISTORY_AND_LIQUIDITY_REFRESH_REQUIRED,Mapping verification,UNDECIDED_OFFLINE,ELE.MC,true,revalidated history/liquidity evidence,v0.37 is offline; prior price-derived evidence is not current
WS:XMAD:ENAG.MC,EU_STOXX600,XMAD,ENAG.MC,NOT_VERIFIED,MAPPING_PRESENT_NOT_REVALIDATED,HISTORY_NOT_CHECKED,LIQUIDITY_NOT_CHECKED,NOT_VERIFIED,true,P1,PRICE_HISTORY_AND_LIQUIDITY_REFRESH_REQUIRED,Mapping verification,UNDECIDED_OFFLINE,ENAG.MC,true,revalidated history/liquidity evidence,v0.37 is offline; prior price-derived evidence is not current
WS:XMAD:FER.MC,EU_STOXX600,XMAD,FER.MC,NOT_VERIFIED,MAPPING_PRESENT_NOT_REVALIDATED,HISTORY_NOT_CHECKED,LIQUIDITY_NOT_CHECKED,NOT_VERIFIED,true,P1,PRICE_HISTORY_AND_LIQUIDITY_REFRESH_REQUIRED,Mapping verification,UNDECIDED_OFFLINE,FER.MC,true,revalidated history/liquidity evidence,v0.37 is offline; prior price-derived evidence is not current
WS:XMAD:GRLS.MC,EU_STOXX600,XMAD,GRLS.MC,NOT_VERIFIED,MAPPING_PRESENT_NOT_REVALIDATED,HISTORY_NOT_CHECKED,LIQUIDITY_NOT_CHECKED,NOT_VERIFIED,true,P1,PRICE_HISTORY_AND_LIQUIDITY_REFRESH_REQUIRED,Mapping verification,UNDECIDED_OFFLINE,GRLS.MC,true,revalidated history/liquidity evidence,v0.37 is offline; prior price-derived evidence is not current
WS:XMAD:IBE.MC,EU_STOXX600,XMAD,IBE.MC,NOT_VERIFIED,MAPPING_PRESENT_NOT_REVALIDATED,HISTORY_NOT_CHECKED,LIQUIDITY_NOT_CHECKED,NOT_VERIFIED,true,P1,PRICE_HISTORY_AND_LIQUIDITY_REFRESH_REQUIRED,Mapping verification,UNDECIDED_OFFLINE,IBE.MC,true,revalidated history/liquidity evidence,v0.37 is offline; prior price-derived evidence is not current
WS:XMAD:IDR.MC,EU_STOXX600,XMAD,IDR.MC,NOT_VERIFIED,MAPPING_PRESENT_NOT_REVALIDATED,HISTORY_NOT_CHECKED,LIQUIDITY_NOT_CHECKED,NOT_VERIFIED,true,P1,PRICE_HISTORY_AND_LIQUIDITY_REFRESH_REQUIRED,Mapping verification,UNDECIDED_OFFLINE,IDR.MC,true,revalidated history/liquidity evidence,v0.37 is offline; prior price-derived evidence is not current
WS:XMAD:ITX.MC,EU_STOXX600,XMAD,ITX.MC,NOT_VERIFIED,MAPPING_PRESENT_NOT_REVALIDATED,HISTORY_NOT_CHECKED,LIQUIDITY_NOT_CHECKED,NOT_VERIFIED,true,P1,PRICE_HISTORY_AND_LIQUIDITY_REFRESH_REQUIRED,Mapping verification,UNDECIDED_OFFLINE,ITX.MC,true,revalidated history/liquidity evidence,v0.37 is offline; prior price-derived evidence is not current
WS:XMAD:MAP.MC,EU_STOXX600,XMAD,MAP.MC,NOT_VERIFIED,MAPPING_PRESENT_NOT_REVALIDATED,HISTORY_NOT_CHECKED,LIQUIDITY_NOT_CHECKED,NOT_VERIFIED,true,P1,PRICE_HISTORY_AND_LIQUIDITY_REFRESH_REQUIRED,Mapping verification,UNDECIDED_OFFLINE,MAP.MC,true,revalidated history/liquidity evidence,v0.37 is offline; prior price-derived evidence is not current
WS:XMAD:MRL.MC,EU_STOXX600,XMAD,MRL.MC,NOT_VERIFIED,MAPPING_PRESENT_NOT_REVALIDATED,HISTORY_NOT_CHECKED,LIQUIDITY_NOT_CHECKED,NOT_VERIFIED,true,P1,PRICE_HISTORY_AND_LIQUIDITY_REFRESH_REQUIRED,Mapping verification,UNDECIDED_OFFLINE,MRL.MC,true,revalidated history/liquidity evidence,v0.37 is offline; prior price-derived evidence is not current
WS:XMAD:NTGY.MC,EU_STOXX600,XMAD,NTGY.MC,NOT_VERIFIED,MAPPING_PRESENT_NOT_REVALIDATED,HISTORY_NOT_CHECKED,LIQUIDITY_NOT_CHECKED,NOT_VERIFIED,true,P1,PRICE_HISTORY_AND_LIQUIDITY_REFRESH_REQUIRED,Mapping verification,UNDECIDED_OFFLINE,NTGY.MC,true,revalidated history/liquidity evidence,v0.37 is offline; prior price-derived evidence is not current
WS:XMAD:PUIGB.MC,EU_STOXX600,XMAD,PUIGb.MC,NOT_VERIFIED,MAPPING_PRESENT_NOT_REVALIDATED,HISTORY_NOT_CHECKED,LIQUIDITY_NOT_CHECKED,NOT_VERIFIED,true,P1,PRICE_HISTORY_AND_LIQUIDITY_REFRESH_REQUIRED,Mapping verification,UNDECIDED_OFFLINE,PUIGb.MC,true,revalidated history/liquidity evidence,v0.37 is offline; prior price-derived evidence is not current
WS:XMAD:REDE.MC,EU_STOXX600,XMAD,REDE.MC,NOT_VERIFIED,MAPPING_PRESENT_NOT_REVALIDATED,HISTORY_NOT_CHECKED,LIQUIDITY_NOT_CHECKED,NOT_VERIFIED,true,P1,PRICE_HISTORY_AND_LIQUIDITY_REFRESH_REQUIRED,Mapping verification,UNDECIDED_OFFLINE,REDE.MC,true,revalidated history/liquidity evidence,v0.37 is offline; prior price-derived evidence is not current
WS:XMAD:REP.MC,EU_STOXX600,XMAD,REP.MC,NOT_VERIFIED,MAPPING_PRESENT_NOT_REVALIDATED,HISTORY_NOT_CHECKED,LIQUIDITY_NOT_CHECKED,NOT_VERIFIED,true,P1,PRICE_HISTORY_AND_LIQUIDITY_REFRESH_REQUIRED,Mapping verification,UNDECIDED_OFFLINE,REP.MC,true,revalidated history/liquidity evidence,v0.37 is offline; prior price-derived evidence is not current
WS:XMAD:SABE.MC,EU_STOXX600,XMAD,SABE.MC,NOT_VERIFIED,MAPPING_PRESENT_NOT_REVALIDATED,HISTORY_NOT_CHECKED,LIQUIDITY_NOT_CHECKED,NOT_VERIFIED,true,P1,PRICE_HISTORY_AND_LIQUIDITY_REFRESH_REQUIRED,Mapping verification,UNDECIDED_OFFLINE,SABE.MC,true,revalidated history/liquidity evidence,v0.37 is offline; prior price-derived evidence is not current
WS:XMAD:SAN.MC,EU_STOXX600,XMAD,SAN.MC,NOT_VERIFIED,MAPPING_PRESENT_NOT_REVALIDATED,HISTORY_NOT_CHECKED,LIQUIDITY_NOT_CHECKED,NOT_VERIFIED,true,P1,PRICE_HISTORY_AND_LIQUIDITY_REFRESH_REQUIRED,Mapping verification,UNDECIDED_OFFLINE,SAN.MC,true,revalidated history/liquidity evidence,v0.37 is offline; prior price-derived evidence is not current
WS:XMAD:SCYR.MC,EU_STOXX600,XMAD,SCYR.MC,NOT_VERIFIED,MAPPING_PRESENT_NOT_REVALIDATED,HISTORY_NOT_CHECKED,LIQUIDITY_NOT_CHECKED,NOT_VERIFIED,true,P1,PRICE_HISTORY_AND_LIQUIDITY_REFRESH_REQUIRED,Mapping verification,UNDECIDED_OFFLINE,SCYR.MC,true,revalidated history/liquidity evidence,v0.37 is offline; prior price-derived evidence is not current
WS:XMAD:TEF.MC,EU_STOXX600,XMAD,TEF.MC,NOT_VERIFIED,MAPPING_PRESENT_NOT_REVALIDATED,HISTORY_NOT_CHECKED,LIQUIDITY_NOT_CHECKED,NOT_VERIFIED,true,P1,PRICE_HISTORY_AND_LIQUIDITY_REFRESH_REQUIRED,Mapping verification,UNDECIDED_OFFLINE,TEF.MC,true,revalidated history/liquidity evidence,v0.37 is offline; prior price-derived evidence is not current
WS:XMAD:UNI.MC,EU_STOXX600,XMAD,UNI.MC,NOT_VERIFIED,MAPPING_PRESENT_NOT_REVALIDATED,HISTORY_NOT_CHECKED,LIQUIDITY_NOT_CHECKED,NOT_VERIFIED,true,P1,PRICE_HISTORY_AND_LIQUIDITY_REFRESH_REQUIRED,Mapping verification,UNDECIDED_OFFLINE,UNI.MC,true,revalidated history/liquidity evidence,v0.37 is offline; prior price-derived evidence is not current
WS:XMAD:VIS.MC,EU_STOXX600,XMAD,VIS.MC,NOT_VERIFIED,MAPPING_PRESENT_NOT_REVALIDATED,HISTORY_NOT_CHECKED,LIQUIDITY_NOT_CHECKED,NOT_VERIFIED,true,P1,PRICE_HISTORY_AND_LIQUIDITY_REFRESH_REQUIRED,Mapping verification,UNDECIDED_OFFLINE,VIS.MC,true,revalidated history/liquidity evidence,v0.37 is offline; prior price-derived evidence is not current
WS:XMIL:A2.MI,EU_STOXX600,XMIL,A2.MI,NOT_VERIFIED,MAPPING_PRESENT_NOT_REVALIDATED,HISTORY_NOT_CHECKED,LIQUIDITY_NOT_CHECKED,NOT_VERIFIED,true,P1,PRICE_HISTORY_AND_LIQUIDITY_REFRESH_REQUIRED,Mapping verification,UNDECIDED_OFFLINE,A2.MI,true,revalidated history/liquidity evidence,v0.37 is offline; prior price-derived evidence is not current
WS:XMIL:AZMT.MI,EU_STOXX600,XMIL,AZMT.MI,NOT_VERIFIED,MAPPING_PRESENT_NOT_REVALIDATED,HISTORY_NOT_CHECKED,LIQUIDITY_NOT_CHECKED,NOT_VERIFIED,true,P1,PRICE_HISTORY_AND_LIQUIDITY_REFRESH_REQUIRED,Mapping verification,UNDECIDED_OFFLINE,AZMT.MI,true,revalidated history/liquidity evidence,v0.37 is offline; prior price-derived evidence is not current
WS:XMIL:BAMI.MI,EU_STOXX600,XMIL,BAMI.MI,NOT_VERIFIED,MAPPING_PRESENT_NOT_REVALIDATED,HISTORY_NOT_CHECKED,LIQUIDITY_NOT_CHECKED,NOT_VERIFIED,true,P1,PRICE_HISTORY_AND_LIQUIDITY_REFRESH_REQUIRED,Mapping verification,UNDECIDED_OFFLINE,BAMI.MI,true,revalidated history/liquidity evidence,v0.37 is offline; prior price-derived evidence is not current
WS:XMIL:BCU.MI,EU_STOXX600,XMIL,BCU.MI,NOT_VERIFIED,MAPPING_PRESENT_NOT_REVALIDATED,HISTORY_NOT_CHECKED,LIQUIDITY_NOT_CHECKED,NOT_VERIFIED,true,P1,PRICE_HISTORY_AND_LIQUIDITY_REFRESH_REQUIRED,Mapping verification,UNDECIDED_OFFLINE,BCU.MI,true,revalidated history/liquidity evidence,v0.37 is offline; prior price-derived evidence is not current
WS:XMIL:BGN.MI,EU_STOXX600,XMIL,BGN.MI,NOT_VERIFIED,MAPPING_PRESENT_NOT_REVALIDATED,HISTORY_NOT_CHECKED,LIQUIDITY_NOT_CHECKED,NOT_VERIFIED,true,P1,PRICE_HISTORY_AND_LIQUIDITY_REFRESH_REQUIRED,Mapping verification,UNDECIDED_OFFLINE,BGN.MI,true,revalidated history/liquidity evidence,v0.37 is offline; prior price-derived evidence is not current
WS:XMIL:BMED.MI,EU_STOXX600,XMIL,BMED.MI,NOT_VERIFIED,MAPPING_PRESENT_NOT_REVALIDATED,HISTORY_NOT_CHECKED,LIQUIDITY_NOT_CHECKED,NOT_VERIFIED,true,P1,PRICE_HISTORY_AND_LIQUIDITY_REFRESH_REQUIRED,Mapping verification,UNDECIDED_OFFLINE,BMED.MI,true,revalidated history/liquidity evidence,v0.37 is offline; prior price-derived evidence is not current
WS:XMIL:BMPS.MI,EU_STOXX600,XMIL,BMPS.MI,NOT_VERIFIED,MAPPING_PRESENT_NOT_REVALIDATED,HISTORY_NOT_CHECKED,LIQUIDITY_NOT_CHECKED,NOT_VERIFIED,true,P1,PRICE_HISTORY_AND_LIQUIDITY_REFRESH_REQUIRED,Mapping verification,UNDECIDED_OFFLINE,BMPS.MI,true,revalidated history/liquidity evidence,v0.37 is offline; prior price-derived evidence is not current
WS:XMIL:BZU.MI,EU_STOXX600,XMIL,BZU.MI,NOT_VERIFIED,MAPPING_PRESENT_NOT_REVALIDATED,HISTORY_NOT_CHECKED,LIQUIDITY_NOT_CHECKED,NOT_VERIFIED,true,P1,PRICE_HISTORY_AND_LIQUIDITY_REFRESH_REQUIRED,Mapping verification,UNDECIDED_OFFLINE,BZU.MI,true,revalidated history/liquidity evidence,v0.37 is offline; prior price-derived evidence is not current
WS:XMIL:CPRI.MI,EU_STOXX600,XMIL,CPRI.MI,NOT_VERIFIED,MAPPING_PRESENT_NOT_REVALIDATED,HISTORY_NOT_CHECKED,LIQUIDITY_NOT_CHECKED,NOT_VERIFIED,true,P1,PRICE_HISTORY_AND_LIQUIDITY_REFRESH_REQUIRED,Mapping verification,UNDECIDED_OFFLINE,CPRI.MI,true,revalidated history/liquidity evidence,v0.37 is offline; prior price-derived evidence is not current
WS:XMIL:CRDI.MI,EU_STOXX600,XMIL,CRDI.MI,NOT_VERIFIED,MAPPING_PRESENT_NOT_REVALIDATED,HISTORY_NOT_CHECKED,LIQUIDITY_NOT_CHECKED,NOT_VERIFIED,true,P1,PRICE_HISTORY_AND_LIQUIDITY_REFRESH_REQUIRED,Mapping verification,UNDECIDED_OFFLINE,CRDI.MI,true,revalidated history/liquidity evidence,v0.37 is offline; prior price-derived evidence is not current
WS:XMIL:DLG.MI,EU_STOXX600,XMIL,DLG.MI,NOT_VERIFIED,MAPPING_PRESENT_NOT_REVALIDATED,HISTORY_NOT_CHECKED,LIQUIDITY_NOT_CHECKED,NOT_VERIFIED,true,P1,PRICE_HISTORY_AND_LIQUIDITY_REFRESH_REQUIRED,Mapping verification,UNDECIDED_OFFLINE,DLG.MI,true,revalidated history/liquidity evidence,v0.37 is offline; prior price-derived evidence is not current
WS:XMIL:EMII.MI,EU_STOXX600,XMIL,EMII.MI,NOT_VERIFIED,MAPPING_PRESENT_NOT_REVALIDATED,HISTORY_NOT_CHECKED,LIQUIDITY_NOT_CHECKED,NOT_VERIFIED,true,P1,PRICE_HISTORY_AND_LIQUIDITY_REFRESH_REQUIRED,Mapping verification,UNDECIDED_OFFLINE,EMII.MI,true,revalidated history/liquidity evidence,v0.37 is offline; prior price-derived evidence is not current
WS:XMIL:ENEI.MI,EU_STOXX600,XMIL,ENEI.MI,NOT_VERIFIED,MAPPING_PRESENT_NOT_REVALIDATED,HISTORY_NOT_CHECKED,LIQUIDITY_NOT_CHECKED,NOT_VERIFIED,true,P1,PRICE_HISTORY_AND_LIQUIDITY_REFRESH_REQUIRED,Mapping verification,UNDECIDED_OFFLINE,ENEI.MI,true,revalidated history/liquidity evidence,v0.37 is offline; prior price-derived evidence is not current
WS:XMIL:ENI.MI,EU_STOXX600,XMIL,ENI.MI,NOT_VERIFIED,MAPPING_PRESENT_NOT_REVALIDATED,HISTORY_NOT_CHECKED,LIQUIDITY_NOT_CHECKED,NOT_VERIFIED,true,P1,PRICE_HISTORY_AND_LIQUIDITY_REFRESH_REQUIRED,Mapping verification,UNDECIDED_OFFLINE,ENI.MI,true,revalidated history/liquidity evidence,v0.37 is offline; prior price-derived evidence is not current
WS:XMIL:FBK.MI,EU_STOXX600,XMIL,FBK.MI,NOT_VERIFIED,MAPPING_PRESENT_NOT_REVALIDATED,HISTORY_NOT_CHECKED,LIQUIDITY_NOT_CHECKED,NOT_VERIFIED,true,P1,PRICE_HISTORY_AND_LIQUIDITY_REFRESH_REQUIRED,Mapping verification,UNDECIDED_OFFLINE,FBK.MI,true,revalidated history/liquidity evidence,v0.37 is offline; prior price-derived evidence is not current
WS:XMIL:GASI.MI,EU_STOXX600,XMIL,GASI.MI,NOT_VERIFIED,MAPPING_PRESENT_NOT_REVALIDATED,HISTORY_NOT_CHECKED,LIQUIDITY_NOT_CHECKED,NOT_VERIFIED,true,P1,PRICE_HISTORY_AND_LIQUIDITY_REFRESH_REQUIRED,Mapping verification,UNDECIDED_OFFLINE,GASI.MI,true,revalidated history/liquidity evidence,v0.37 is offline; prior price-derived evidence is not current
WS:XMIL:HRA.MI,EU_STOXX600,XMIL,HRA.MI,NOT_VERIFIED,MAPPING_PRESENT_NOT_REVALIDATED,HISTORY_NOT_CHECKED,LIQUIDITY_NOT_CHECKED,NOT_VERIFIED,true,P1,PRICE_HISTORY_AND_LIQUIDITY_REFRESH_REQUIRED,Mapping verification,UNDECIDED_OFFLINE,HRA.MI,true,revalidated history/liquidity evidence,v0.37 is offline; prior price-derived evidence is not current
WS:XMIL:IG.MI,EU_STOXX600,XMIL,IG.MI,NOT_VERIFIED,MAPPING_PRESENT_NOT_REVALIDATED,HISTORY_NOT_CHECKED,LIQUIDITY_NOT_CHECKED,NOT_VERIFIED,true,P1,PRICE_HISTORY_AND_LIQUIDITY_REFRESH_REQUIRED,Mapping verification,UNDECIDED_OFFLINE,IG.MI,true,revalidated history/liquidity evidence,v0.37 is offline; prior price-derived evidence is not current
WS:XMIL:ISP.MI,EU_STOXX600,XMIL,ISP.MI,NOT_VERIFIED,MAPPING_PRESENT_NOT_REVALIDATED,HISTORY_NOT_CHECKED,LIQUIDITY_NOT_CHECKED,NOT_VERIFIED,true,P1,PRICE_HISTORY_AND_LIQUIDITY_REFRESH_REQUIRED,Mapping verification,UNDECIDED_OFFLINE,ISP.MI,true,revalidated history/liquidity evidence,v0.37 is offline; prior price-derived evidence is not current
WS:XMIL:ITPG.MI,EU_STOXX600,XMIL,ITPG.MI,NOT_VERIFIED,MAPPING_PRESENT_NOT_REVALIDATED,HISTORY_NOT_CHECKED,LIQUIDITY_NOT_CHECKED,NOT_VERIFIED,true,P1,PRICE_HISTORY_AND_LIQUIDITY_REFRESH_REQUIRED,Mapping verification,UNDECIDED_OFFLINE,ITPG.MI,true,revalidated history/liquidity evidence,v0.37 is offline; prior price-derived evidence is not current
WS:XMIL:IVG.MI,EU_STOXX600,XMIL,IVG.MI,NOT_VERIFIED,MAPPING_PRESENT_NOT_REVALIDATED,HISTORY_NOT_CHECKED,LIQUIDITY_NOT_CHECKED,NOT_VERIFIED,true,P1,PRICE_HISTORY_AND_LIQUIDITY_REFRESH_REQUIRED,Mapping verification,UNDECIDED_OFFLINE,IVG.MI,true,revalidated history/liquidity evidence,v0.37 is offline; prior price-derived evidence is not current
WS:XMIL:LDOF.MI,EU_STOXX600,XMIL,LDOF.MI,NOT_VERIFIED,MAPPING_PRESENT_NOT_REVALIDATED,HISTORY_NOT_CHECKED,LIQUIDITY_NOT_CHECKED,NOT_VERIFIED,true,P1,PRICE_HISTORY_AND_LIQUIDITY_REFRESH_REQUIRED,Mapping verification,UNDECIDED_OFFLINE,LDOF.MI,true,revalidated history/liquidity evidence,v0.37 is offline; prior price-derived evidence is not current
WS:XMIL:LTMC.MI,EU_STOXX600,XMIL,LTMC.MI,NOT_VERIFIED,MAPPING_PRESENT_NOT_REVALIDATED,HISTORY_NOT_CHECKED,LIQUIDITY_NOT_CHECKED,NOT_VERIFIED,true,P1,PRICE_HISTORY_AND_LIQUIDITY_REFRESH_REQUIRED,Mapping verification,UNDECIDED_OFFLINE,LTMC.MI,true,revalidated history/liquidity evidence,v0.37 is offline; prior price-derived evidence is not current
WS:XMIL:MONC.MI,EU_STOXX600,XMIL,MONC.MI,NOT_VERIFIED,MAPPING_PRESENT_NOT_REVALIDATED,HISTORY_NOT_CHECKED,LIQUIDITY_NOT_CHECKED,NOT_VERIFIED,true,P1,PRICE_HISTORY_AND_LIQUIDITY_REFRESH_REQUIRED,Mapping verification,UNDECIDED_OFFLINE,MONC.MI,true,revalidated history/liquidity evidence,v0.37 is offline; prior price-derived evidence is not current
WS:XMIL:NEXII.MI,EU_STOXX600,XMIL,NEXII.MI,NOT_VERIFIED,MAPPING_PRESENT_NOT_REVALIDATED,HISTORY_NOT_CHECKED,LIQUIDITY_NOT_CHECKED,NOT_VERIFIED,true,P1,PRICE_HISTORY_AND_LIQUIDITY_REFRESH_REQUIRED,Mapping verification,UNDECIDED_OFFLINE,NEXII.MI,true,revalidated history/liquidity evidence,v0.37 is offline; prior price-derived evidence is not current
WS:XMIL:PIRC.MI,EU_STOXX600,XMIL,PIRC.MI,NOT_VERIFIED,MAPPING_PRESENT_NOT_REVALIDATED,HISTORY_NOT_CHECKED,LIQUIDITY_NOT_CHECKED,NOT_VERIFIED,true,P1,PRICE_HISTORY_AND_LIQUIDITY_REFRESH_REQUIRED,Mapping verification,UNDECIDED_OFFLINE,PIRC.MI,true,revalidated history/liquidity evidence,v0.37 is offline; prior price-derived evidence is not current
WS:XMIL:PRY.MI,EU_STOXX600,XMIL,PRY.MI,NOT_VERIFIED,MAPPING_PRESENT_NOT_REVALIDATED,HISTORY_NOT_CHECKED,LIQUIDITY_NOT_CHECKED,NOT_VERIFIED,true,P1,PRICE_HISTORY_AND_LIQUIDITY_REFRESH_REQUIRED,Mapping verification,UNDECIDED_OFFLINE,PRY.MI,true,revalidated history/liquidity evidence,v0.37 is offline; prior price-derived evidence is not current
WS:XMIL:PST.MI,EU_STOXX600,XMIL,PST.MI,NOT_VERIFIED,MAPPING_PRESENT_NOT_REVALIDATED,HISTORY_NOT_CHECKED,LIQUIDITY_NOT_CHECKED,NOT_VERIFIED,true,P1,PRICE_HISTORY_AND_LIQUIDITY_REFRESH_REQUIRED,Mapping verification,UNDECIDED_OFFLINE,PST.MI,true,revalidated history/liquidity evidence,v0.37 is offline; prior price-derived evidence is not current
WS:XMIL:RACE.MI,EU_STOXX600,XMIL,RACE.MI,NOT_VERIFIED,MAPPING_PRESENT_NOT_REVALIDATED,HISTORY_NOT_CHECKED,LIQUIDITY_NOT_CHECKED,NOT_VERIFIED,true,P1,PRICE_HISTORY_AND_LIQUIDITY_REFRESH_REQUIRED,Mapping verification,UNDECIDED_OFFLINE,RACE.MI,true,revalidated history/liquidity evidence,v0.37 is offline; prior price-derived evidence is not current
WS:XMIL:RECI.MI,EU_STOXX600,XMIL,RECI.MI,NOT_VERIFIED,MAPPING_PRESENT_NOT_REVALIDATED,HISTORY_NOT_CHECKED,LIQUIDITY_NOT_CHECKED,NOT_VERIFIED,true,P1,PRICE_HISTORY_AND_LIQUIDITY_REFRESH_REQUIRED,Mapping verification,UNDECIDED_OFFLINE,RECI.MI,true,revalidated history/liquidity evidence,v0.37 is offline; prior price-derived evidence is not current
WS:XMIL:REY.MI,EU_STOXX600,XMIL,REY.MI,NOT_VERIFIED,MAPPING_PRESENT_NOT_REVALIDATED,HISTORY_NOT_CHECKED,LIQUIDITY_NOT_CHECKED,NOT_VERIFIED,true,P1,PRICE_HISTORY_AND_LIQUIDITY_REFRESH_REQUIRED,Mapping verification,UNDECIDED_OFFLINE,REY.MI,true,revalidated history/liquidity evidence,v0.37 is offline; prior price-derived evidence is not current
WS:XMIL:SPMI.MI,EU_STOXX600,XMIL,SPMI.MI,NOT_VERIFIED,MAPPING_PRESENT_NOT_REVALIDATED,HISTORY_NOT_CHECKED,LIQUIDITY_NOT_CHECKED,NOT_VERIFIED,true,P1,PRICE_HISTORY_AND_LIQUIDITY_REFRESH_REQUIRED,Mapping verification,UNDECIDED_OFFLINE,SPMI.MI,true,revalidated history/liquidity evidence,v0.37 is offline; prior price-derived evidence is not current
WS:XMIL:SRG.MI,EU_STOXX600,XMIL,SRG.MI,NOT_VERIFIED,MAPPING_PRESENT_NOT_REVALIDATED,HISTORY_NOT_CHECKED,LIQUIDITY_NOT_CHECKED,NOT_VERIFIED,true,P1,PRICE_HISTORY_AND_LIQUIDITY_REFRESH_REQUIRED,Mapping verification,UNDECIDED_OFFLINE,SRG.MI,true,revalidated history/liquidity evidence,v0.37 is offline; prior price-derived evidence is not current
WS:XMIL:STLAM.MI,EU_STOXX600,XMIL,STLAM.MI,NOT_VERIFIED,MAPPING_PRESENT_NOT_REVALIDATED,HISTORY_NOT_CHECKED,LIQUIDITY_NOT_CHECKED,NOT_VERIFIED,true,P1,PRICE_HISTORY_AND_LIQUIDITY_REFRESH_REQUIRED,Mapping verification,UNDECIDED_OFFLINE,STLAM.MI,true,revalidated history/liquidity evidence,v0.37 is offline; prior price-derived evidence is not current
WS:XMIL:STMMI.MI,EU_STOXX600,XMIL,STMMI.MI,NOT_VERIFIED,MAPPING_PRESENT_NOT_REVALIDATED,HISTORY_NOT_CHECKED,LIQUIDITY_NOT_CHECKED,NOT_VERIFIED,true,P1,PRICE_HISTORY_AND_LIQUIDITY_REFRESH_REQUIRED,Mapping verification,UNDECIDED_OFFLINE,STMMI.MI,true,revalidated history/liquidity evidence,v0.37 is offline; prior price-derived evidence is not current
WS:XMIL:TENR.MI,EU_STOXX600,XMIL,TENR.MI,NOT_VERIFIED,MAPPING_PRESENT_NOT_REVALIDATED,HISTORY_NOT_CHECKED,LIQUIDITY_NOT_CHECKED,NOT_VERIFIED,true,P1,PRICE_HISTORY_AND_LIQUIDITY_REFRESH_REQUIRED,Mapping verification,UNDECIDED_OFFLINE,TENR.MI,true,revalidated history/liquidity evidence,v0.37 is offline; prior price-derived evidence is not current
WS:XMIL:TLIT.MI,EU_STOXX600,XMIL,TLIT.MI,NOT_VERIFIED,MAPPING_PRESENT_NOT_REVALIDATED,HISTORY_NOT_CHECKED,LIQUIDITY_NOT_CHECKED,NOT_VERIFIED,true,P1,PRICE_HISTORY_AND_LIQUIDITY_REFRESH_REQUIRED,Mapping verification,UNDECIDED_OFFLINE,TLIT.MI,true,revalidated history/liquidity evidence,v0.37 is offline; prior price-derived evidence is not current
WS:XMIL:TPRO.MI,EU_STOXX600,XMIL,TPRO.MI,NOT_VERIFIED,MAPPING_PRESENT_NOT_REVALIDATED,HISTORY_NOT_CHECKED,LIQUIDITY_NOT_CHECKED,NOT_VERIFIED,true,P1,PRICE_HISTORY_AND_LIQUIDITY_REFRESH_REQUIRED,Mapping verification,UNDECIDED_OFFLINE,TPRO.MI,true,revalidated history/liquidity evidence,v0.37 is offline; prior price-derived evidence is not current
WS:XMIL:TRN.MI,EU_STOXX600,XMIL,TRN.MI,NOT_VERIFIED,MAPPING_PRESENT_NOT_REVALIDATED,HISTORY_NOT_CHECKED,LIQUIDITY_NOT_CHECKED,NOT_VERIFIED,true,P1,PRICE_HISTORY_AND_LIQUIDITY_REFRESH_REQUIRED,Mapping verification,UNDECIDED_OFFLINE,TRN.MI,true,revalidated history/liquidity evidence,v0.37 is offline; prior price-derived evidence is not current
WS:XMIL:UNPI.MI,EU_STOXX600,XMIL,UNPI.MI,NOT_VERIFIED,MAPPING_PRESENT_NOT_REVALIDATED,HISTORY_NOT_CHECKED,LIQUIDITY_NOT_CHECKED,NOT_VERIFIED,true,P1,PRICE_HISTORY_AND_LIQUIDITY_REFRESH_REQUIRED,Mapping verification,UNDECIDED_OFFLINE,UNPI.MI,true,revalidated history/liquidity evidence,v0.37 is offline; prior price-derived evidence is not current
WS:XOSL:AKER.OL,EU_STOXX600,XOSL,AKER.OL,NOT_VERIFIED,MAPPING_PRESENT_NOT_REVALIDATED,HISTORY_NOT_CHECKED,LIQUIDITY_NOT_CHECKED,NOT_VERIFIED,true,P1,PRICE_HISTORY_AND_LIQUIDITY_REFRESH_REQUIRED,Mapping verification,UNDECIDED_OFFLINE,AKER.OL,true,revalidated history/liquidity evidence,v0.37 is offline; prior price-derived evidence is not current
WS:XOSL:AKRBP.OL,EU_STOXX600,XOSL,AKRBP.OL,NOT_VERIFIED,MAPPING_PRESENT_NOT_REVALIDATED,HISTORY_NOT_CHECKED,LIQUIDITY_NOT_CHECKED,NOT_VERIFIED,true,P1,PRICE_HISTORY_AND_LIQUIDITY_REFRESH_REQUIRED,Mapping verification,UNDECIDED_OFFLINE,AKRBP.OL,true,revalidated history/liquidity evidence,v0.37 is offline; prior price-derived evidence is not current
WS:XOSL:BAKKA.OL,EU_STOXX600,XOSL,BAKKA.OL,NOT_VERIFIED,MAPPING_PRESENT_NOT_REVALIDATED,HISTORY_NOT_CHECKED,LIQUIDITY_NOT_CHECKED,NOT_VERIFIED,true,P1,PRICE_HISTORY_AND_LIQUIDITY_REFRESH_REQUIRED,Mapping verification,UNDECIDED_OFFLINE,BAKKA.OL,true,revalidated history/liquidity evidence,v0.37 is offline; prior price-derived evidence is not current
WS:XOSL:DNB.OL,EU_STOXX600,XOSL,DNB.OL,NOT_VERIFIED,MAPPING_PRESENT_NOT_REVALIDATED,HISTORY_NOT_CHECKED,LIQUIDITY_NOT_CHECKED,NOT_VERIFIED,true,P1,PRICE_HISTORY_AND_LIQUIDITY_REFRESH_REQUIRED,Mapping verification,UNDECIDED_OFFLINE,DNB.OL,true,revalidated history/liquidity evidence,v0.37 is offline; prior price-derived evidence is not current
WS:XOSL:EQNR.OL,EU_STOXX600,XOSL,EQNR.OL,NOT_VERIFIED,MAPPING_PRESENT_NOT_REVALIDATED,HISTORY_NOT_CHECKED,LIQUIDITY_NOT_CHECKED,NOT_VERIFIED,true,P1,PRICE_HISTORY_AND_LIQUIDITY_REFRESH_REQUIRED,Mapping verification,UNDECIDED_OFFLINE,EQNR.OL,true,revalidated history/liquidity evidence,v0.37 is offline; prior price-derived evidence is not current
WS:XOSL:FRO.OL,EU_STOXX600,XOSL,FRO.OL,NOT_VERIFIED,MAPPING_PRESENT_NOT_REVALIDATED,HISTORY_NOT_CHECKED,LIQUIDITY_NOT_CHECKED,NOT_VERIFIED,true,P1,PRICE_HISTORY_AND_LIQUIDITY_REFRESH_REQUIRED,Mapping verification,UNDECIDED_OFFLINE,FRO.OL,true,revalidated history/liquidity evidence,v0.37 is offline; prior price-derived evidence is not current
WS:XOSL:GJFG.OL,EU_STOXX600,XOSL,GJFG.OL,NOT_VERIFIED,MAPPING_PRESENT_NOT_REVALIDATED,HISTORY_NOT_CHECKED,LIQUIDITY_NOT_CHECKED,NOT_VERIFIED,true,P1,PRICE_HISTORY_AND_LIQUIDITY_REFRESH_REQUIRED,Mapping verification,UNDECIDED_OFFLINE,GJFG.OL,true,revalidated history/liquidity evidence,v0.37 is offline; prior price-derived evidence is not current
WS:XOSL:KMAR.OL,EU_STOXX600,XOSL,KMAR.OL,NOT_VERIFIED,MAPPING_PRESENT_NOT_REVALIDATED,HISTORY_NOT_CHECKED,LIQUIDITY_NOT_CHECKED,NOT_VERIFIED,true,P1,PRICE_HISTORY_AND_LIQUIDITY_REFRESH_REQUIRED,Mapping verification,UNDECIDED_OFFLINE,KMAR.OL,true,revalidated history/liquidity evidence,v0.37 is offline; prior price-derived evidence is not current
WS:XOSL:KOG.OL,EU_STOXX600,XOSL,KOG.OL,NOT_VERIFIED,MAPPING_PRESENT_NOT_REVALIDATED,HISTORY_NOT_CHECKED,LIQUIDITY_NOT_CHECKED,NOT_VERIFIED,true,P1,PRICE_HISTORY_AND_LIQUIDITY_REFRESH_REQUIRED,Mapping verification,UNDECIDED_OFFLINE,KOG.OL,true,revalidated history/liquidity evidence,v0.37 is offline; prior price-derived evidence is not current
WS:XOSL:MOWI.OL,EU_STOXX600,XOSL,MOWI.OL,NOT_VERIFIED,MAPPING_PRESENT_NOT_REVALIDATED,HISTORY_NOT_CHECKED,LIQUIDITY_NOT_CHECKED,NOT_VERIFIED,true,P1,PRICE_HISTORY_AND_LIQUIDITY_REFRESH_REQUIRED,Mapping verification,UNDECIDED_OFFLINE,MOWI.OL,true,revalidated history/liquidity evidence,v0.37 is offline; prior price-derived evidence is not current
WS:XOSL:NHY.OL,EU_STOXX600,XOSL,NHY.OL,NOT_VERIFIED,MAPPING_PRESENT_NOT_REVALIDATED,HISTORY_NOT_CHECKED,LIQUIDITY_NOT_CHECKED,NOT_VERIFIED,true,P1,PRICE_HISTORY_AND_LIQUIDITY_REFRESH_REQUIRED,Mapping verification,UNDECIDED_OFFLINE,NHY.OL,true,revalidated history/liquidity evidence,v0.37 is offline; prior price-derived evidence is not current
WS:XOSL:NOD.OL,EU_STOXX600,XOSL,NOD.OL,NOT_VERIFIED,MAPPING_PRESENT_NOT_REVALIDATED,HISTORY_NOT_CHECKED,LIQUIDITY_NOT_CHECKED,NOT_VERIFIED,true,P1,PRICE_HISTORY_AND_LIQUIDITY_REFRESH_REQUIRED,Mapping verification,UNDECIDED_OFFLINE,NOD.OL,true,revalidated history/liquidity evidence,v0.37 is offline; prior price-derived evidence is not current
WS:XOSL:ORK.OL,EU_STOXX600,XOSL,ORK.OL,NOT_VERIFIED,MAPPING_PRESENT_NOT_REVALIDATED,HISTORY_NOT_CHECKED,LIQUIDITY_NOT_CHECKED,NOT_VERIFIED,true,P1,PRICE_HISTORY_AND_LIQUIDITY_REFRESH_REQUIRED,Mapping verification,UNDECIDED_OFFLINE,ORK.OL,true,revalidated history/liquidity evidence,v0.37 is offline; prior price-derived evidence is not current
WS:XOSL:SALM.OL,EU_STOXX600,XOSL,SALM.OL,NOT_VERIFIED,MAPPING_PRESENT_NOT_REVALIDATED,HISTORY_NOT_CHECKED,LIQUIDITY_NOT_CHECKED,NOT_VERIFIED,true,P1,PRICE_HISTORY_AND_LIQUIDITY_REFRESH_REQUIRED,Mapping verification,UNDECIDED_OFFLINE,SALM.OL,true,revalidated history/liquidity evidence,v0.37 is offline; prior price-derived evidence is not current
WS:XOSL:SB1NO.OL,EU_STOXX600,XOSL,SB1NO.OL,NOT_VERIFIED,MAPPING_PRESENT_NOT_REVALIDATED,HISTORY_NOT_CHECKED,LIQUIDITY_NOT_CHECKED,NOT_VERIFIED,true,P1,PRICE_HISTORY_AND_LIQUIDITY_REFRESH_REQUIRED,Mapping verification,UNDECIDED_OFFLINE,SB1NO.OL,true,revalidated history/liquidity evidence,v0.37 is offline; prior price-derived evidence is not current
WS:XOSL:SBNOR.OL,EU_STOXX600,XOSL,SBNOR.OL,NOT_VERIFIED,MAPPING_PRESENT_NOT_REVALIDATED,HISTORY_NOT_CHECKED,LIQUIDITY_NOT_CHECKED,NOT_VERIFIED,true,P1,PRICE_HISTORY_AND_LIQUIDITY_REFRESH_REQUIRED,Mapping verification,UNDECIDED_OFFLINE,SBNOR.OL,true,revalidated history/liquidity evidence,v0.37 is offline; prior price-derived evidence is not current
WS:XOSL:STB.OL,EU_STOXX600,XOSL,STB.OL,NOT_VERIFIED,MAPPING_PRESENT_NOT_REVALIDATED,HISTORY_NOT_CHECKED,LIQUIDITY_NOT_CHECKED,NOT_VERIFIED,true,P1,PRICE_HISTORY_AND_LIQUIDITY_REFRESH_REQUIRED,Mapping verification,UNDECIDED_OFFLINE,STB.OL,true,revalidated history/liquidity evidence,v0.37 is offline; prior price-derived evidence is not current
WS:XOSL:SUBC.OL,EU_STOXX600,XOSL,SUBC.OL,NOT_VERIFIED,MAPPING_PRESENT_NOT_REVALIDATED,HISTORY_NOT_CHECKED,LIQUIDITY_NOT_CHECKED,NOT_VERIFIED,true,P1,PRICE_HISTORY_AND_LIQUIDITY_REFRESH_REQUIRED,Mapping verification,UNDECIDED_OFFLINE,SUBC.OL,true,revalidated history/liquidity evidence,v0.37 is offline; prior price-derived evidence is not current
WS:XOSL:TEL.OL,EU_STOXX600,XOSL,TEL.OL,NOT_VERIFIED,MAPPING_PRESENT_NOT_REVALIDATED,HISTORY_NOT_CHECKED,LIQUIDITY_NOT_CHECKED,NOT_VERIFIED,true,P1,PRICE_HISTORY_AND_LIQUIDITY_REFRESH_REQUIRED,Mapping verification,UNDECIDED_OFFLINE,TEL.OL,true,revalidated history/liquidity evidence,v0.37 is offline; prior price-derived evidence is not current
WS:XOSL:TGS.OL,EU_STOXX600,XOSL,TGS.OL,NOT_VERIFIED,MAPPING_PRESENT_NOT_REVALIDATED,HISTORY_NOT_CHECKED,LIQUIDITY_NOT_CHECKED,NOT_VERIFIED,true,P1,PRICE_HISTORY_AND_LIQUIDITY_REFRESH_REQUIRED,Mapping verification,UNDECIDED_OFFLINE,TGS.OL,true,revalidated history/liquidity evidence,v0.37 is offline; prior price-derived evidence is not current
WS:XOSL:TOM.OL,EU_STOXX600,XOSL,TOM.OL,NOT_VERIFIED,MAPPING_PRESENT_NOT_REVALIDATED,HISTORY_NOT_CHECKED,LIQUIDITY_NOT_CHECKED,NOT_VERIFIED,true,P1,PRICE_HISTORY_AND_LIQUIDITY_REFRESH_REQUIRED,Mapping verification,UNDECIDED_OFFLINE,TOM.OL,true,revalidated history/liquidity evidence,v0.37 is offline; prior price-derived evidence is not current
WS:XOSL:VAR.OL,EU_STOXX600,XOSL,VAR.OL,NOT_VERIFIED,MAPPING_PRESENT_NOT_REVALIDATED,HISTORY_NOT_CHECKED,LIQUIDITY_NOT_CHECKED,NOT_VERIFIED,true,P1,PRICE_HISTORY_AND_LIQUIDITY_REFRESH_REQUIRED,Mapping verification,UNDECIDED_OFFLINE,VAR.OL,true,revalidated history/liquidity evidence,v0.37 is offline; prior price-derived evidence is not current
WS:XOSL:VEND.OL,EU_STOXX600,XOSL,VEND.OL,NOT_VERIFIED,MAPPING_PRESENT_NOT_REVALIDATED,HISTORY_NOT_CHECKED,LIQUIDITY_NOT_CHECKED,NOT_VERIFIED,true,P1,PRICE_HISTORY_AND_LIQUIDITY_REFRESH_REQUIRED,Mapping verification,UNDECIDED_OFFLINE,VEND.OL,true,revalidated history/liquidity evidence,v0.37 is offline; prior price-derived evidence is not current
WS:XOSL:YAR.OL,EU_STOXX600,XOSL,YAR.OL,NOT_VERIFIED,MAPPING_PRESENT_NOT_REVALIDATED,HISTORY_NOT_CHECKED,LIQUIDITY_NOT_CHECKED,NOT_VERIFIED,true,P1,PRICE_HISTORY_AND_LIQUIDITY_REFRESH_REQUIRED,Mapping verification,UNDECIDED_OFFLINE,YAR.OL,true,revalidated history/liquidity evidence,v0.37 is offline; prior price-derived evidence is not current
WS:XPAR:ABVX.PA,EU_STOXX600,XPAR,ABVX.PA,NOT_VERIFIED,MAPPING_PRESENT_NOT_REVALIDATED,HISTORY_NOT_CHECKED,LIQUIDITY_NOT_CHECKED,NOT_VERIFIED,true,P1,PRICE_HISTORY_AND_LIQUIDITY_REFRESH_REQUIRED,Mapping verification,UNDECIDED_OFFLINE,ABVX.PA,true,revalidated history/liquidity evidence,v0.37 is offline; prior price-derived evidence is not current
WS:XPAR:ACCP.PA,EU_STOXX600,XPAR,ACCP.PA,NOT_VERIFIED,MAPPING_PRESENT_NOT_REVALIDATED,HISTORY_NOT_CHECKED,LIQUIDITY_NOT_CHECKED,NOT_VERIFIED,true,P1,PRICE_HISTORY_AND_LIQUIDITY_REFRESH_REQUIRED,Mapping verification,UNDECIDED_OFFLINE,ACCP.PA,true,revalidated history/liquidity evidence,v0.37 is offline; prior price-derived evidence is not current
WS:XPAR:ADP.PA,EU_STOXX600,XPAR,ADP.PA,NOT_VERIFIED,MAPPING_PRESENT_NOT_REVALIDATED,HISTORY_NOT_CHECKED,LIQUIDITY_NOT_CHECKED,NOT_VERIFIED,true,P1,PRICE_HISTORY_AND_LIQUIDITY_REFRESH_REQUIRED,Mapping verification,UNDECIDED_OFFLINE,ADP.PA,true,revalidated history/liquidity evidence,v0.37 is offline; prior price-derived evidence is not current
WS:XPAR:AIR.PA,EU_STOXX600,XPAR,AIR.PA,NOT_VERIFIED,MAPPING_PRESENT_NOT_REVALIDATED,HISTORY_NOT_CHECKED,LIQUIDITY_NOT_CHECKED,NOT_VERIFIED,true,P1,PRICE_HISTORY_AND_LIQUIDITY_REFRESH_REQUIRED,Mapping verification,UNDECIDED_OFFLINE,AIR.PA,true,revalidated history/liquidity evidence,v0.37 is offline; prior price-derived evidence is not current
WS:XPAR:AIRP.PA,EU_STOXX600,XPAR,AIRP.PA,NOT_VERIFIED,MAPPING_PRESENT_NOT_REVALIDATED,HISTORY_NOT_CHECKED,LIQUIDITY_NOT_CHECKED,NOT_VERIFIED,true,P1,PRICE_HISTORY_AND_LIQUIDITY_REFRESH_REQUIRED,Mapping verification,UNDECIDED_OFFLINE,AIRP.PA,true,revalidated history/liquidity evidence,v0.37 is offline; prior price-derived evidence is not current
WS:XPAR:AKE.PA,EU_STOXX600,XPAR,AKE.PA,NOT_VERIFIED,MAPPING_PRESENT_NOT_REVALIDATED,HISTORY_NOT_CHECKED,LIQUIDITY_NOT_CHECKED,NOT_VERIFIED,true,P1,PRICE_HISTORY_AND_LIQUIDITY_REFRESH_REQUIRED,Mapping verification,UNDECIDED_OFFLINE,AKE.PA,true,revalidated history/liquidity evidence,v0.37 is offline; prior price-derived evidence is not current
WS:XPAR:ALSO.PA,EU_STOXX600,XPAR,ALSO.PA,NOT_VERIFIED,MAPPING_PRESENT_NOT_REVALIDATED,HISTORY_NOT_CHECKED,LIQUIDITY_NOT_CHECKED,NOT_VERIFIED,true,P1,PRICE_HISTORY_AND_LIQUIDITY_REFRESH_REQUIRED,Mapping verification,UNDECIDED_OFFLINE,ALSO.PA,true,revalidated history/liquidity evidence,v0.37 is offline; prior price-derived evidence is not current
WS:XPAR:AM.PA,EU_STOXX600,XPAR,AM.PA,NOT_VERIFIED,MAPPING_PRESENT_NOT_REVALIDATED,HISTORY_NOT_CHECKED,LIQUIDITY_NOT_CHECKED,NOT_VERIFIED,true,P1,PRICE_HISTORY_AND_LIQUIDITY_REFRESH_REQUIRED,Mapping verification,UNDECIDED_OFFLINE,AM.PA,true,revalidated history/liquidity evidence,v0.37 is offline; prior price-derived evidence is not current
WS:XPAR:AMUN.PA,EU_STOXX600,XPAR,AMUN.PA,NOT_VERIFIED,MAPPING_PRESENT_NOT_REVALIDATED,HISTORY_NOT_CHECKED,LIQUIDITY_NOT_CHECKED,NOT_VERIFIED,true,P1,PRICE_HISTORY_AND_LIQUIDITY_REFRESH_REQUIRED,Mapping verification,UNDECIDED_OFFLINE,AMUN.PA,true,revalidated history/liquidity evidence,v0.37 is offline; prior price-derived evidence is not current
WS:XPAR:AXAF.PA,EU_STOXX600,XPAR,AXAF.PA,NOT_VERIFIED,MAPPING_PRESENT_NOT_REVALIDATED,HISTORY_NOT_CHECKED,LIQUIDITY_NOT_CHECKED,NOT_VERIFIED,true,P1,PRICE_HISTORY_AND_LIQUIDITY_REFRESH_REQUIRED,Mapping verification,UNDECIDED_OFFLINE,AXAF.PA,true,revalidated history/liquidity evidence,v0.37 is offline; prior price-derived evidence is not current
WS:XPAR:AYV.PA,EU_STOXX600,XPAR,AYV.PA,NOT_VERIFIED,MAPPING_PRESENT_NOT_REVALIDATED,HISTORY_NOT_CHECKED,LIQUIDITY_NOT_CHECKED,NOT_VERIFIED,true,P1,PRICE_HISTORY_AND_LIQUIDITY_REFRESH_REQUIRED,Mapping verification,UNDECIDED_OFFLINE,AYV.PA,true,revalidated history/liquidity evidence,v0.37 is offline; prior price-derived evidence is not current
WS:XPAR:BIOX.PA,EU_STOXX600,XPAR,BIOX.PA,NOT_VERIFIED,MAPPING_PRESENT_NOT_REVALIDATED,HISTORY_NOT_CHECKED,LIQUIDITY_NOT_CHECKED,NOT_VERIFIED,true,P1,PRICE_HISTORY_AND_LIQUIDITY_REFRESH_REQUIRED,Mapping verification,UNDECIDED_OFFLINE,BIOX.PA,true,revalidated history/liquidity evidence,v0.37 is offline; prior price-derived evidence is not current
WS:XPAR:BNPP.PA,EU_STOXX600,XPAR,BNPP.PA,NOT_VERIFIED,MAPPING_PRESENT_NOT_REVALIDATED,HISTORY_NOT_CHECKED,LIQUIDITY_NOT_CHECKED,NOT_VERIFIED,true,P1,PRICE_HISTORY_AND_LIQUIDITY_REFRESH_REQUIRED,Mapping verification,UNDECIDED_OFFLINE,BNPP.PA,true,revalidated history/liquidity evidence,v0.37 is offline; prior price-derived evidence is not current
WS:XPAR:BOLL.PA,EU_STOXX600,XPAR,BOLL.PA,NOT_VERIFIED,MAPPING_PRESENT_NOT_REVALIDATED,HISTORY_NOT_CHECKED,LIQUIDITY_NOT_CHECKED,NOT_VERIFIED,true,P1,PRICE_HISTORY_AND_LIQUIDITY_REFRESH_REQUIRED,Mapping verification,UNDECIDED_OFFLINE,BOLL.PA,true,revalidated history/liquidity evidence,v0.37 is offline; prior price-derived evidence is not current
WS:XPAR:BOUY.PA,EU_STOXX600,XPAR,BOUY.PA,NOT_VERIFIED,MAPPING_PRESENT_NOT_REVALIDATED,HISTORY_NOT_CHECKED,LIQUIDITY_NOT_CHECKED,NOT_VERIFIED,true,P1,PRICE_HISTORY_AND_LIQUIDITY_REFRESH_REQUIRED,Mapping verification,UNDECIDED_OFFLINE,BOUY.PA,true,revalidated history/liquidity evidence,v0.37 is offline; prior price-derived evidence is not current
WS:XPAR:BVI.PA,EU_STOXX600,XPAR,BVI.PA,NOT_VERIFIED,MAPPING_PRESENT_NOT_REVALIDATED,HISTORY_NOT_CHECKED,LIQUIDITY_NOT_CHECKED,NOT_VERIFIED,true,P1,PRICE_HISTORY_AND_LIQUIDITY_REFRESH_REQUIRED,Mapping verification,UNDECIDED_OFFLINE,BVI.PA,true,revalidated history/liquidity evidence,v0.37 is offline; prior price-derived evidence is not current
WS:XPAR:CAGR.PA,EU_STOXX600,XPAR,CAGR.PA,NOT_VERIFIED,MAPPING_PRESENT_NOT_REVALIDATED,HISTORY_NOT_CHECKED,LIQUIDITY_NOT_CHECKED,NOT_VERIFIED,true,P1,PRICE_HISTORY_AND_LIQUIDITY_REFRESH_REQUIRED,Mapping verification,UNDECIDED_OFFLINE,CAGR.PA,true,revalidated history/liquidity evidence,v0.37 is offline; prior price-derived evidence is not current
WS:XPAR:CAPP.PA,EU_STOXX600,XPAR,CAPP.PA,NOT_VERIFIED,MAPPING_PRESENT_NOT_REVALIDATED,HISTORY_NOT_CHECKED,LIQUIDITY_NOT_CHECKED,NOT_VERIFIED,true,P1,PRICE_HISTORY_AND_LIQUIDITY_REFRESH_REQUIRED,Mapping verification,UNDECIDED_OFFLINE,CAPP.PA,true,revalidated history/liquidity evidence,v0.37 is offline; prior price-derived evidence is not current
WS:XPAR:CARR.PA,EU_STOXX600,XPAR,CARR.PA,NOT_VERIFIED,MAPPING_PRESENT_NOT_REVALIDATED,HISTORY_NOT_CHECKED,LIQUIDITY_NOT_CHECKED,NOT_VERIFIED,true,P1,PRICE_HISTORY_AND_LIQUIDITY_REFRESH_REQUIRED,Mapping verification,UNDECIDED_OFFLINE,CARR.PA,true,revalidated history/liquidity evidence,v0.37 is offline; prior price-derived evidence is not current
WS:XPAR:CVO.PA,EU_STOXX600,XPAR,CVO.PA,NOT_VERIFIED,MAPPING_PRESENT_NOT_REVALIDATED,HISTORY_NOT_CHECKED,LIQUIDITY_NOT_CHECKED,NOT_VERIFIED,true,P1,PRICE_HISTORY_AND_LIQUIDITY_REFRESH_REQUIRED,Mapping verification,UNDECIDED_OFFLINE,CVO.PA,true,revalidated history/liquidity evidence,v0.37 is offline; prior price-derived evidence is not current
WS:XPAR:DANO.PA,EU_STOXX600,XPAR,DANO.PA,NOT_VERIFIED,MAPPING_PRESENT_NOT_REVALIDATED,HISTORY_NOT_CHECKED,LIQUIDITY_NOT_CHECKED,NOT_VERIFIED,true,P1,PRICE_HISTORY_AND_LIQUIDITY_REFRESH_REQUIRED,Mapping verification,UNDECIDED_OFFLINE,DANO.PA,true,revalidated history/liquidity evidence,v0.37 is offline; prior price-derived evidence is not current
WS:XPAR:DAST.PA,EU_STOXX600,XPAR,DAST.PA,NOT_VERIFIED,MAPPING_PRESENT_NOT_REVALIDATED,HISTORY_NOT_CHECKED,LIQUIDITY_NOT_CHECKED,NOT_VERIFIED,true,P1,PRICE_HISTORY_AND_LIQUIDITY_REFRESH_REQUIRED,Mapping verification,UNDECIDED_OFFLINE,DAST.PA,true,revalidated history/liquidity evidence,v0.37 is offline; prior price-derived evidence is not current
WS:XPAR:EDEN.PA,EU_STOXX600,XPAR,EDEN.PA,NOT_VERIFIED,MAPPING_PRESENT_NOT_REVALIDATED,HISTORY_NOT_CHECKED,LIQUIDITY_NOT_CHECKED,NOT_VERIFIED,true,P1,PRICE_HISTORY_AND_LIQUIDITY_REFRESH_REQUIRED,Mapping verification,UNDECIDED_OFFLINE,EDEN.PA,true,revalidated history/liquidity evidence,v0.37 is offline; prior price-derived evidence is not current
WS:XPAR:ELIS.PA,EU_STOXX600,XPAR,ELIS.PA,NOT_VERIFIED,MAPPING_PRESENT_NOT_REVALIDATED,HISTORY_NOT_CHECKED,LIQUIDITY_NOT_CHECKED,NOT_VERIFIED,true,P1,PRICE_HISTORY_AND_LIQUIDITY_REFRESH_REQUIRED,Mapping verification,UNDECIDED_OFFLINE,ELIS.PA,true,revalidated history/liquidity evidence,v0.37 is offline; prior price-derived evidence is not current
WS:XPAR:ENGIE.PA,EU_STOXX600,XPAR,ENGIE.PA,NOT_VERIFIED,MAPPING_PRESENT_NOT_REVALIDATED,HISTORY_NOT_CHECKED,LIQUIDITY_NOT_CHECKED,NOT_VERIFIED,true,P1,PRICE_HISTORY_AND_LIQUIDITY_REFRESH_REQUIRED,Mapping verification,UNDECIDED_OFFLINE,ENGIE.PA,true,revalidated history/liquidity evidence,v0.37 is offline; prior price-derived evidence is not current
WS:XPAR:ENX.PA,EU_STOXX600,XPAR,ENX.PA,NOT_VERIFIED,MAPPING_PRESENT_NOT_REVALIDATED,HISTORY_NOT_CHECKED,LIQUIDITY_NOT_CHECKED,NOT_VERIFIED,true,P1,PRICE_HISTORY_AND_LIQUIDITY_REFRESH_REQUIRED,Mapping verification,UNDECIDED_OFFLINE,ENX.PA,true,revalidated history/liquidity evidence,v0.37 is offline; prior price-derived evidence is not current
WS:XPAR:ESLX.PA,EU_STOXX600,XPAR,ESLX.PA,NOT_VERIFIED,MAPPING_PRESENT_NOT_REVALIDATED,HISTORY_NOT_CHECKED,LIQUIDITY_NOT_CHECKED,NOT_VERIFIED,true,P1,PRICE_HISTORY_AND_LIQUIDITY_REFRESH_REQUIRED,Mapping verification,UNDECIDED_OFFLINE,ESLX.PA,true,revalidated history/liquidity evidence,v0.37 is offline; prior price-derived evidence is not current
WS:XPAR:EUFI.PA,EU_STOXX600,XPAR,EUFI.PA,NOT_VERIFIED,MAPPING_PRESENT_NOT_REVALIDATED,HISTORY_NOT_CHECKED,LIQUIDITY_NOT_CHECKED,NOT_VERIFIED,true,P1,PRICE_HISTORY_AND_LIQUIDITY_REFRESH_REQUIRED,Mapping verification,UNDECIDED_OFFLINE,EUFI.PA,true,revalidated history/liquidity evidence,v0.37 is offline; prior price-derived evidence is not current
WS:XPAR:EXHO.PA,EU_STOXX600,XPAR,EXHO.PA,NOT_VERIFIED,MAPPING_PRESENT_NOT_REVALIDATED,HISTORY_NOT_CHECKED,LIQUIDITY_NOT_CHECKED,NOT_VERIFIED,true,P1,PRICE_HISTORY_AND_LIQUIDITY_REFRESH_REQUIRED,Mapping verification,UNDECIDED_OFFLINE,EXHO.PA,true,revalidated history/liquidity evidence,v0.37 is offline; prior price-derived evidence is not current
WS:XPAR:FDJU.PA,EU_STOXX600,XPAR,FDJU.PA,NOT_VERIFIED,MAPPING_PRESENT_NOT_REVALIDATED,HISTORY_NOT_CHECKED,LIQUIDITY_NOT_CHECKED,NOT_VERIFIED,true,P1,PRICE_HISTORY_AND_LIQUIDITY_REFRESH_REQUIRED,Mapping verification,UNDECIDED_OFFLINE,FDJU.PA,true,revalidated history/liquidity evidence,v0.37 is offline; prior price-derived evidence is not current
WS:XPAR:FOUG.PA,EU_STOXX600,XPAR,FOUG.PA,NOT_VERIFIED,MAPPING_PRESENT_NOT_REVALIDATED,HISTORY_NOT_CHECKED,LIQUIDITY_NOT_CHECKED,NOT_VERIFIED,true,P1,PRICE_HISTORY_AND_LIQUIDITY_REFRESH_REQUIRED,Mapping verification,UNDECIDED_OFFLINE,FOUG.PA,true,revalidated history/liquidity evidence,v0.37 is offline; prior price-derived evidence is not current
WS:XPAR:GETP.PA,EU_STOXX600,XPAR,GETP.PA,NOT_VERIFIED,MAPPING_PRESENT_NOT_REVALIDATED,HISTORY_NOT_CHECKED,LIQUIDITY_NOT_CHECKED,NOT_VERIFIED,true,P1,PRICE_HISTORY_AND_LIQUIDITY_REFRESH_REQUIRED,Mapping verification,UNDECIDED_OFFLINE,GETP.PA,true,revalidated history/liquidity evidence,v0.37 is offline; prior price-derived evidence is not current
WS:XPAR:GFCP.PA,EU_STOXX600,XPAR,GFCP.PA,NOT_VERIFIED,MAPPING_PRESENT_NOT_REVALIDATED,HISTORY_NOT_CHECKED,LIQUIDITY_NOT_CHECKED,NOT_VERIFIED,true,P1,PRICE_HISTORY_AND_LIQUIDITY_REFRESH_REQUIRED,Mapping verification,UNDECIDED_OFFLINE,GFCP.PA,true,revalidated history/liquidity evidence,v0.37 is offline; prior price-derived evidence is not current
WS:XPAR:GTT.PA,EU_STOXX600,XPAR,GTT.PA,NOT_VERIFIED,MAPPING_PRESENT_NOT_REVALIDATED,HISTORY_NOT_CHECKED,LIQUIDITY_NOT_CHECKED,NOT_VERIFIED,true,P1,PRICE_HISTORY_AND_LIQUIDITY_REFRESH_REQUIRED,Mapping verification,UNDECIDED_OFFLINE,GTT.PA,true,revalidated history/liquidity evidence,v0.37 is offline; prior price-derived evidence is not current
WS:XPAR:HRMS.PA,EU_STOXX600,XPAR,HRMS.PA,NOT_VERIFIED,MAPPING_PRESENT_NOT_REVALIDATED,HISTORY_NOT_CHECKED,LIQUIDITY_NOT_CHECKED,NOT_VERIFIED,true,P1,PRICE_HISTORY_AND_LIQUIDITY_REFRESH_REQUIRED,Mapping verification,UNDECIDED_OFFLINE,HRMS.PA,true,revalidated history/liquidity evidence,v0.37 is offline; prior price-derived evidence is not current
WS:XPAR:IPN.PA,EU_STOXX600,XPAR,IPN.PA,NOT_VERIFIED,MAPPING_PRESENT_NOT_REVALIDATED,HISTORY_NOT_CHECKED,LIQUIDITY_NOT_CHECKED,NOT_VERIFIED,true,P1,PRICE_HISTORY_AND_LIQUIDITY_REFRESH_REQUIRED,Mapping verification,UNDECIDED_OFFLINE,IPN.PA,true,revalidated history/liquidity evidence,v0.37 is offline; prior price-derived evidence is not current
WS:XPAR:LEGD.PA,EU_STOXX600,XPAR,LEGD.PA,NOT_VERIFIED,MAPPING_PRESENT_NOT_REVALIDATED,HISTORY_NOT_CHECKED,LIQUIDITY_NOT_CHECKED,NOT_VERIFIED,true,P1,PRICE_HISTORY_AND_LIQUIDITY_REFRESH_REQUIRED,Mapping verification,UNDECIDED_OFFLINE,LEGD.PA,true,revalidated history/liquidity evidence,v0.37 is offline; prior price-derived evidence is not current
WS:XPAR:LOIM.PA,EU_STOXX600,XPAR,LOIM.PA,NOT_VERIFIED,MAPPING_PRESENT_NOT_REVALIDATED,HISTORY_NOT_CHECKED,LIQUIDITY_NOT_CHECKED,NOT_VERIFIED,true,P1,PRICE_HISTORY_AND_LIQUIDITY_REFRESH_REQUIRED,Mapping verification,UNDECIDED_OFFLINE,LOIM.PA,true,revalidated history/liquidity evidence,v0.37 is offline; prior price-derived evidence is not current
WS:XPAR:LVMH.PA,EU_STOXX600,XPAR,LVMH.PA,NOT_VERIFIED,MAPPING_PRESENT_NOT_REVALIDATED,HISTORY_NOT_CHECKED,LIQUIDITY_NOT_CHECKED,NOT_VERIFIED,true,P1,PRICE_HISTORY_AND_LIQUIDITY_REFRESH_REQUIRED,Mapping verification,UNDECIDED_OFFLINE,LVMH.PA,true,revalidated history/liquidity evidence,v0.37 is offline; prior price-derived evidence is not current
WS:XPAR:MICP.PA,EU_STOXX600,XPAR,MICP.PA,NOT_VERIFIED,MAPPING_PRESENT_NOT_REVALIDATED,HISTORY_NOT_CHECKED,LIQUIDITY_NOT_CHECKED,NOT_VERIFIED,true,P1,PRICE_HISTORY_AND_LIQUIDITY_REFRESH_REQUIRED,Mapping verification,UNDECIDED_OFFLINE,MICP.PA,true,revalidated history/liquidity evidence,v0.37 is offline; prior price-derived evidence is not current
WS:XPAR:NEXS.PA,EU_STOXX600,XPAR,NEXS.PA,NOT_VERIFIED,MAPPING_PRESENT_NOT_REVALIDATED,HISTORY_NOT_CHECKED,LIQUIDITY_NOT_CHECKED,NOT_VERIFIED,true,P1,PRICE_HISTORY_AND_LIQUIDITY_REFRESH_REQUIRED,Mapping verification,UNDECIDED_OFFLINE,NEXS.PA,true,revalidated history/liquidity evidence,v0.37 is offline; prior price-derived evidence is not current
WS:XPAR:ORAN.PA,EU_STOXX600,XPAR,ORAN.PA,NOT_VERIFIED,MAPPING_PRESENT_NOT_REVALIDATED,HISTORY_NOT_CHECKED,LIQUIDITY_NOT_CHECKED,NOT_VERIFIED,true,P1,PRICE_HISTORY_AND_LIQUIDITY_REFRESH_REQUIRED,Mapping verification,UNDECIDED_OFFLINE,ORAN.PA,true,revalidated history/liquidity evidence,v0.37 is offline; prior price-derived evidence is not current
WS:XPAR:OREP.PA,EU_STOXX600,XPAR,OREP.PA,NOT_VERIFIED,MAPPING_PRESENT_NOT_REVALIDATED,HISTORY_NOT_CHECKED,LIQUIDITY_NOT_CHECKED,NOT_VERIFIED,true,P1,PRICE_HISTORY_AND_LIQUIDITY_REFRESH_REQUIRED,Mapping verification,UNDECIDED_OFFLINE,OREP.PA,true,revalidated history/liquidity evidence,v0.37 is offline; prior price-derived evidence is not current
WS:XPAR:PERP.PA,EU_STOXX600,XPAR,PERP.PA,NOT_VERIFIED,MAPPING_PRESENT_NOT_REVALIDATED,HISTORY_NOT_CHECKED,LIQUIDITY_NOT_CHECKED,NOT_VERIFIED,true,P1,PRICE_HISTORY_AND_LIQUIDITY_REFRESH_REQUIRED,Mapping verification,UNDECIDED_OFFLINE,PERP.PA,true,revalidated history/liquidity evidence,v0.37 is offline; prior price-derived evidence is not current
WS:XPAR:PRTP.PA,EU_STOXX600,XPAR,PRTP.PA,NOT_VERIFIED,MAPPING_PRESENT_NOT_REVALIDATED,HISTORY_NOT_CHECKED,LIQUIDITY_NOT_CHECKED,NOT_VERIFIED,true,P1,PRICE_HISTORY_AND_LIQUIDITY_REFRESH_REQUIRED,Mapping verification,UNDECIDED_OFFLINE,PRTP.PA,true,revalidated history/liquidity evidence,v0.37 is offline; prior price-derived evidence is not current
WS:XPAR:PUBP.PA,EU_STOXX600,XPAR,PUBP.PA,NOT_VERIFIED,MAPPING_PRESENT_NOT_REVALIDATED,HISTORY_NOT_CHECKED,LIQUIDITY_NOT_CHECKED,NOT_VERIFIED,true,P1,PRICE_HISTORY_AND_LIQUIDITY_REFRESH_REQUIRED,Mapping verification,UNDECIDED_OFFLINE,PUBP.PA,true,revalidated history/liquidity evidence,v0.37 is offline; prior price-derived evidence is not current
WS:XPAR:RENA.PA,EU_STOXX600,XPAR,RENA.PA,NOT_VERIFIED,MAPPING_PRESENT_NOT_REVALIDATED,HISTORY_NOT_CHECKED,LIQUIDITY_NOT_CHECKED,NOT_VERIFIED,true,P1,PRICE_HISTORY_AND_LIQUIDITY_REFRESH_REQUIRED,Mapping verification,UNDECIDED_OFFLINE,RENA.PA,true,revalidated history/liquidity evidence,v0.37 is offline; prior price-derived evidence is not current
WS:XPAR:RUBF.PA,EU_STOXX600,XPAR,RUBF.PA,NOT_VERIFIED,MAPPING_PRESENT_NOT_REVALIDATED,HISTORY_NOT_CHECKED,LIQUIDITY_NOT_CHECKED,NOT_VERIFIED,true,P1,PRICE_HISTORY_AND_LIQUIDITY_REFRESH_REQUIRED,Mapping verification,UNDECIDED_OFFLINE,RUBF.PA,true,revalidated history/liquidity evidence,v0.37 is offline; prior price-derived evidence is not current
WS:XPAR:RXL.PA,EU_STOXX600,XPAR,RXL.PA,NOT_VERIFIED,MAPPING_PRESENT_NOT_REVALIDATED,HISTORY_NOT_CHECKED,LIQUIDITY_NOT_CHECKED,NOT_VERIFIED,true,P1,PRICE_HISTORY_AND_LIQUIDITY_REFRESH_REQUIRED,Mapping verification,UNDECIDED_OFFLINE,RXL.PA,true,revalidated history/liquidity evidence,v0.37 is offline; prior price-derived evidence is not current
WS:XPAR:SAF.PA,EU_STOXX600,XPAR,SAF.PA,NOT_VERIFIED,MAPPING_PRESENT_NOT_REVALIDATED,HISTORY_NOT_CHECKED,LIQUIDITY_NOT_CHECKED,NOT_VERIFIED,true,P1,PRICE_HISTORY_AND_LIQUIDITY_REFRESH_REQUIRED,Mapping verification,UNDECIDED_OFFLINE,SAF.PA,true,revalidated history/liquidity evidence,v0.37 is offline; prior price-derived evidence is not current
WS:XPAR:SASY.PA,EU_STOXX600,XPAR,SASY.PA,NOT_VERIFIED,MAPPING_PRESENT_NOT_REVALIDATED,HISTORY_NOT_CHECKED,LIQUIDITY_NOT_CHECKED,NOT_VERIFIED,true,P1,PRICE_HISTORY_AND_LIQUIDITY_REFRESH_REQUIRED,Mapping verification,UNDECIDED_OFFLINE,SASY.PA,true,revalidated history/liquidity evidence,v0.37 is offline; prior price-derived evidence is not current
WS:XPAR:SCHN.PA,EU_STOXX600,XPAR,SCHN.PA,NOT_VERIFIED,MAPPING_PRESENT_NOT_REVALIDATED,HISTORY_NOT_CHECKED,LIQUIDITY_NOT_CHECKED,NOT_VERIFIED,true,P1,PRICE_HISTORY_AND_LIQUIDITY_REFRESH_REQUIRED,Mapping verification,UNDECIDED_OFFLINE,SCHN.PA,true,revalidated history/liquidity evidence,v0.37 is offline; prior price-derived evidence is not current
WS:XPAR:SCOR.PA,EU_STOXX600,XPAR,SCOR.PA,NOT_VERIFIED,MAPPING_PRESENT_NOT_REVALIDATED,HISTORY_NOT_CHECKED,LIQUIDITY_NOT_CHECKED,NOT_VERIFIED,true,P1,PRICE_HISTORY_AND_LIQUIDITY_REFRESH_REQUIRED,Mapping verification,UNDECIDED_OFFLINE,SCOR.PA,true,revalidated history/liquidity evidence,v0.37 is offline; prior price-derived evidence is not current
WS:XPAR:SESFD.PA,EU_STOXX600,XPAR,SESFd.PA,NOT_VERIFIED,MAPPING_PRESENT_NOT_REVALIDATED,HISTORY_NOT_CHECKED,LIQUIDITY_NOT_CHECKED,NOT_VERIFIED,true,P1,PRICE_HISTORY_AND_LIQUIDITY_REFRESH_REQUIRED,Mapping verification,UNDECIDED_OFFLINE,SESFd.PA,true,revalidated history/liquidity evidence,v0.37 is offline; prior price-derived evidence is not current
WS:XPAR:SGEF.PA,EU_STOXX600,XPAR,SGEF.PA,NOT_VERIFIED,MAPPING_PRESENT_NOT_REVALIDATED,HISTORY_NOT_CHECKED,LIQUIDITY_NOT_CHECKED,NOT_VERIFIED,true,P1,PRICE_HISTORY_AND_LIQUIDITY_REFRESH_REQUIRED,Mapping verification,UNDECIDED_OFFLINE,SGEF.PA,true,revalidated history/liquidity evidence,v0.37 is offline; prior price-derived evidence is not current
WS:XPAR:SGOB.PA,EU_STOXX600,XPAR,SGOB.PA,NOT_VERIFIED,MAPPING_PRESENT_NOT_REVALIDATED,HISTORY_NOT_CHECKED,LIQUIDITY_NOT_CHECKED,NOT_VERIFIED,true,P1,PRICE_HISTORY_AND_LIQUIDITY_REFRESH_REQUIRED,Mapping verification,UNDECIDED_OFFLINE,SGOB.PA,true,revalidated history/liquidity evidence,v0.37 is offline; prior price-derived evidence is not current
WS:XPAR:SOGN.PA,EU_STOXX600,XPAR,SOGN.PA,NOT_VERIFIED,MAPPING_PRESENT_NOT_REVALIDATED,HISTORY_NOT_CHECKED,LIQUIDITY_NOT_CHECKED,NOT_VERIFIED,true,P1,PRICE_HISTORY_AND_LIQUIDITY_REFRESH_REQUIRED,Mapping verification,UNDECIDED_OFFLINE,SOGN.PA,true,revalidated history/liquidity evidence,v0.37 is offline; prior price-derived evidence is not current
WS:XPAR:SOIT.PA,EU_STOXX600,XPAR,SOIT.PA,NOT_VERIFIED,MAPPING_PRESENT_NOT_REVALIDATED,HISTORY_NOT_CHECKED,LIQUIDITY_NOT_CHECKED,NOT_VERIFIED,true,P1,PRICE_HISTORY_AND_LIQUIDITY_REFRESH_REQUIRED,Mapping verification,UNDECIDED_OFFLINE,SOIT.PA,true,revalidated history/liquidity evidence,v0.37 is offline; prior price-derived evidence is not current
WS:XPAR:SOPR.PA,EU_STOXX600,XPAR,SOPR.PA,NOT_VERIFIED,MAPPING_PRESENT_NOT_REVALIDATED,HISTORY_NOT_CHECKED,LIQUIDITY_NOT_CHECKED,NOT_VERIFIED,true,P1,PRICE_HISTORY_AND_LIQUIDITY_REFRESH_REQUIRED,Mapping verification,UNDECIDED_OFFLINE,SOPR.PA,true,revalidated history/liquidity evidence,v0.37 is offline; prior price-derived evidence is not current
WS:XPAR:SPIE.PA,EU_STOXX600,XPAR,SPIE.PA,NOT_VERIFIED,MAPPING_PRESENT_NOT_REVALIDATED,HISTORY_NOT_CHECKED,LIQUIDITY_NOT_CHECKED,NOT_VERIFIED,true,P1,PRICE_HISTORY_AND_LIQUIDITY_REFRESH_REQUIRED,Mapping verification,UNDECIDED_OFFLINE,SPIE.PA,true,revalidated history/liquidity evidence,v0.37 is offline; prior price-derived evidence is not current
WS:XPAR:STDM.PA,EU_STOXX600,XPAR,STDM.PA,NOT_VERIFIED,MAPPING_PRESENT_NOT_REVALIDATED,HISTORY_NOT_CHECKED,LIQUIDITY_NOT_CHECKED,NOT_VERIFIED,true,P1,PRICE_HISTORY_AND_LIQUIDITY_REFRESH_REQUIRED,Mapping verification,UNDECIDED_OFFLINE,STDM.PA,true,revalidated history/liquidity evidence,v0.37 is offline; prior price-derived evidence is not current
WS:XPAR:TCFP.PA,EU_STOXX600,XPAR,TCFP.PA,NOT_VERIFIED,MAPPING_PRESENT_NOT_REVALIDATED,HISTORY_NOT_CHECKED,LIQUIDITY_NOT_CHECKED,NOT_VERIFIED,true,P1,PRICE_HISTORY_AND_LIQUIDITY_REFRESH_REQUIRED,Mapping verification,UNDECIDED_OFFLINE,TCFP.PA,true,revalidated history/liquidity evidence,v0.37 is offline; prior price-derived evidence is not current
WS:XPAR:TE.PA,EU_STOXX600,XPAR,TE.PA,NOT_VERIFIED,MAPPING_PRESENT_NOT_REVALIDATED,HISTORY_NOT_CHECKED,LIQUIDITY_NOT_CHECKED,NOT_VERIFIED,true,P1,PRICE_HISTORY_AND_LIQUIDITY_REFRESH_REQUIRED,Mapping verification,UNDECIDED_OFFLINE,TE.PA,true,revalidated history/liquidity evidence,v0.37 is offline; prior price-derived evidence is not current
WS:XPAR:TEPRF.PA,EU_STOXX600,XPAR,TEPRF.PA,NOT_VERIFIED,MAPPING_PRESENT_NOT_REVALIDATED,HISTORY_NOT_CHECKED,LIQUIDITY_NOT_CHECKED,NOT_VERIFIED,true,P1,PRICE_HISTORY_AND_LIQUIDITY_REFRESH_REQUIRED,Mapping verification,UNDECIDED_OFFLINE,TEPRF.PA,true,revalidated history/liquidity evidence,v0.37 is offline; prior price-derived evidence is not current
WS:XPAR:TTEF.PA,EU_STOXX600,XPAR,TTEF.PA,NOT_VERIFIED,MAPPING_PRESENT_NOT_REVALIDATED,HISTORY_NOT_CHECKED,LIQUIDITY_NOT_CHECKED,NOT_VERIFIED,true,P1,PRICE_HISTORY_AND_LIQUIDITY_REFRESH_REQUIRED,Mapping verification,UNDECIDED_OFFLINE,TTEF.PA,true,revalidated history/liquidity evidence,v0.37 is offline; prior price-derived evidence is not current
WS:XPAR:URW.PA,EU_STOXX600,XPAR,URW.PA,NOT_VERIFIED,MAPPING_PRESENT_NOT_REVALIDATED,HISTORY_NOT_CHECKED,LIQUIDITY_NOT_CHECKED,NOT_VERIFIED,true,P1,PRICE_HISTORY_AND_LIQUIDITY_REFRESH_REQUIRED,Mapping verification,UNDECIDED_OFFLINE,URW.PA,true,revalidated history/liquidity evidence,v0.37 is offline; prior price-derived evidence is not current
WS:XPAR:VIE.PA,EU_STOXX600,XPAR,VIE.PA,NOT_VERIFIED,MAPPING_PRESENT_NOT_REVALIDATED,HISTORY_NOT_CHECKED,LIQUIDITY_NOT_CHECKED,NOT_VERIFIED,true,P1,PRICE_HISTORY_AND_LIQUIDITY_REFRESH_REQUIRED,Mapping verification,UNDECIDED_OFFLINE,VIE.PA,true,revalidated history/liquidity evidence,v0.37 is offline; prior price-derived evidence is not current
WS:XPAR:VLLP.PA,EU_STOXX600,XPAR,VLLP.PA,NOT_VERIFIED,MAPPING_PRESENT_NOT_REVALIDATED,HISTORY_NOT_CHECKED,LIQUIDITY_NOT_CHECKED,NOT_VERIFIED,true,P1,PRICE_HISTORY_AND_LIQUIDITY_REFRESH_REQUIRED,Mapping verification,UNDECIDED_OFFLINE,VLLP.PA,true,revalidated history/liquidity evidence,v0.37 is offline; prior price-derived evidence is not current
WS:XPAR:VLOF.PA,EU_STOXX600,XPAR,VLOF.PA,NOT_VERIFIED,MAPPING_PRESENT_NOT_REVALIDATED,HISTORY_NOT_CHECKED,LIQUIDITY_NOT_CHECKED,NOT_VERIFIED,true,P1,PRICE_HISTORY_AND_LIQUIDITY_REFRESH_REQUIRED,Mapping verification,UNDECIDED_OFFLINE,VLOF.PA,true,revalidated history/liquidity evidence,v0.37 is offline; prior price-derived evidence is not current
WS:XSHE:000001,CN_CSI300,XSHE,000001,NOT_VERIFIED,MAPPING_PRESENT_NOT_REVALIDATED,HISTORY_NOT_CHECKED,LIQUIDITY_NOT_CHECKED,NOT_VERIFIED,true,P1,PRICE_HISTORY_AND_LIQUIDITY_REFRESH_REQUIRED,Mapping verification,UNDECIDED_OFFLINE,000001,true,revalidated history/liquidity evidence,v0.37 is offline; prior price-derived evidence is not current
WS:XSHE:000002,CN_CSI300,XSHE,000002,NOT_VERIFIED,MAPPING_PRESENT_NOT_REVALIDATED,HISTORY_NOT_CHECKED,LIQUIDITY_NOT_CHECKED,NOT_VERIFIED,true,P1,PRICE_HISTORY_AND_LIQUIDITY_REFRESH_REQUIRED,Mapping verification,UNDECIDED_OFFLINE,000002,true,revalidated history/liquidity evidence,v0.37 is offline; prior price-derived evidence is not current
WS:XSHE:000063,CN_CSI300,XSHE,000063,NOT_VERIFIED,MAPPING_PRESENT_NOT_REVALIDATED,HISTORY_NOT_CHECKED,LIQUIDITY_NOT_CHECKED,NOT_VERIFIED,true,P1,PRICE_HISTORY_AND_LIQUIDITY_REFRESH_REQUIRED,Mapping verification,UNDECIDED_OFFLINE,000063,true,revalidated history/liquidity evidence,v0.37 is offline; prior price-derived evidence is not current
WS:XSHE:000100,CN_CSI300,XSHE,000100,NOT_VERIFIED,MAPPING_PRESENT_NOT_REVALIDATED,HISTORY_NOT_CHECKED,LIQUIDITY_NOT_CHECKED,NOT_VERIFIED,true,P1,PRICE_HISTORY_AND_LIQUIDITY_REFRESH_REQUIRED,Mapping verification,UNDECIDED_OFFLINE,000100,true,revalidated history/liquidity evidence,v0.37 is offline; prior price-derived evidence is not current
WS:XSHE:000157,CN_CSI300,XSHE,000157,NOT_VERIFIED,MAPPING_PRESENT_NOT_REVALIDATED,HISTORY_NOT_CHECKED,LIQUIDITY_NOT_CHECKED,NOT_VERIFIED,true,P1,PRICE_HISTORY_AND_LIQUIDITY_REFRESH_REQUIRED,Mapping verification,UNDECIDED_OFFLINE,000157,true,revalidated history/liquidity evidence,v0.37 is offline; prior price-derived evidence is not current
WS:XSHE:000166,CN_CSI300,XSHE,000166,NOT_VERIFIED,MAPPING_PRESENT_NOT_REVALIDATED,HISTORY_NOT_CHECKED,LIQUIDITY_NOT_CHECKED,NOT_VERIFIED,true,P1,PRICE_HISTORY_AND_LIQUIDITY_REFRESH_REQUIRED,Mapping verification,UNDECIDED_OFFLINE,000166,true,revalidated history/liquidity evidence,v0.37 is offline; prior price-derived evidence is not current
WS:XSHE:000301,CN_CSI300,XSHE,000301,NOT_VERIFIED,MAPPING_PRESENT_NOT_REVALIDATED,HISTORY_NOT_CHECKED,LIQUIDITY_NOT_CHECKED,NOT_VERIFIED,true,P1,PRICE_HISTORY_AND_LIQUIDITY_REFRESH_REQUIRED,Mapping verification,UNDECIDED_OFFLINE,000301,true,revalidated history/liquidity evidence,v0.37 is offline; prior price-derived evidence is not current
WS:XSHE:000333,CN_CSI300,XSHE,000333,NOT_VERIFIED,MAPPING_PRESENT_NOT_REVALIDATED,HISTORY_NOT_CHECKED,LIQUIDITY_NOT_CHECKED,NOT_VERIFIED,true,P1,PRICE_HISTORY_AND_LIQUIDITY_REFRESH_REQUIRED,Mapping verification,UNDECIDED_OFFLINE,000333,true,revalidated history/liquidity evidence,v0.37 is offline; prior price-derived evidence is not current
WS:XSHE:000338,CN_CSI300,XSHE,000338,NOT_VERIFIED,MAPPING_PRESENT_NOT_REVALIDATED,HISTORY_NOT_CHECKED,LIQUIDITY_NOT_CHECKED,NOT_VERIFIED,true,P1,PRICE_HISTORY_AND_LIQUIDITY_REFRESH_REQUIRED,Mapping verification,UNDECIDED_OFFLINE,000338,true,revalidated history/liquidity evidence,v0.37 is offline; prior price-derived evidence is not current
WS:XSHE:000408,CN_CSI300,XSHE,000408,NOT_VERIFIED,MAPPING_PRESENT_NOT_REVALIDATED,HISTORY_NOT_CHECKED,LIQUIDITY_NOT_CHECKED,NOT_VERIFIED,true,P1,PRICE_HISTORY_AND_LIQUIDITY_REFRESH_REQUIRED,Mapping verification,UNDECIDED_OFFLINE,000408,true,revalidated history/liquidity evidence,v0.37 is offline; prior price-derived evidence is not current
WS:XSHE:000425,CN_CSI300,XSHE,000425,NOT_VERIFIED,MAPPING_PRESENT_NOT_REVALIDATED,HISTORY_NOT_CHECKED,LIQUIDITY_NOT_CHECKED,NOT_VERIFIED,true,P1,PRICE_HISTORY_AND_LIQUIDITY_REFRESH_REQUIRED,Mapping verification,UNDECIDED_OFFLINE,000425,true,revalidated history/liquidity evidence,v0.37 is offline; prior price-derived evidence is not current
WS:XSHE:000538,CN_CSI300,XSHE,000538,NOT_VERIFIED,MAPPING_PRESENT_NOT_REVALIDATED,HISTORY_NOT_CHECKED,LIQUIDITY_NOT_CHECKED,NOT_VERIFIED,true,P1,PRICE_HISTORY_AND_LIQUIDITY_REFRESH_REQUIRED,Mapping verification,UNDECIDED_OFFLINE,000538,true,revalidated history/liquidity evidence,v0.37 is offline; prior price-derived evidence is not current
WS:XSHE:000568,CN_CSI300,XSHE,000568,NOT_VERIFIED,MAPPING_PRESENT_NOT_REVALIDATED,HISTORY_NOT_CHECKED,LIQUIDITY_NOT_CHECKED,NOT_VERIFIED,true,P1,PRICE_HISTORY_AND_LIQUIDITY_REFRESH_REQUIRED,Mapping verification,UNDECIDED_OFFLINE,000568,true,revalidated history/liquidity evidence,v0.37 is offline; prior price-derived evidence is not current
WS:XSHE:000596,CN_CSI300,XSHE,000596,NOT_VERIFIED,MAPPING_PRESENT_NOT_REVALIDATED,HISTORY_NOT_CHECKED,LIQUIDITY_NOT_CHECKED,NOT_VERIFIED,true,P1,PRICE_HISTORY_AND_LIQUIDITY_REFRESH_REQUIRED,Mapping verification,UNDECIDED_OFFLINE,000596,true,revalidated history/liquidity evidence,v0.37 is offline; prior price-derived evidence is not current
WS:XSHE:000617,CN_CSI300,XSHE,000617,NOT_VERIFIED,MAPPING_PRESENT_NOT_REVALIDATED,HISTORY_NOT_CHECKED,LIQUIDITY_NOT_CHECKED,NOT_VERIFIED,true,P1,PRICE_HISTORY_AND_LIQUIDITY_REFRESH_REQUIRED,Mapping verification,UNDECIDED_OFFLINE,000617,true,revalidated history/liquidity evidence,v0.37 is offline; prior price-derived evidence is not current
WS:XSHE:000625,CN_CSI300,XSHE,000625,NOT_VERIFIED,MAPPING_PRESENT_NOT_REVALIDATED,HISTORY_NOT_CHECKED,LIQUIDITY_NOT_CHECKED,NOT_VERIFIED,true,P1,PRICE_HISTORY_AND_LIQUIDITY_REFRESH_REQUIRED,Mapping verification,UNDECIDED_OFFLINE,000625,true,revalidated history/liquidity evidence,v0.37 is offline; prior price-derived evidence is not current
WS:XSHE:000630,CN_CSI300,XSHE,000630,NOT_VERIFIED,MAPPING_PRESENT_NOT_REVALIDATED,HISTORY_NOT_CHECKED,LIQUIDITY_NOT_CHECKED,NOT_VERIFIED,true,P1,PRICE_HISTORY_AND_LIQUIDITY_REFRESH_REQUIRED,Mapping verification,UNDECIDED_OFFLINE,000630,true,revalidated history/liquidity evidence,v0.37 is offline; prior price-derived evidence is not current
WS:XSHE:000651,CN_CSI300,XSHE,000651,NOT_VERIFIED,MAPPING_PRESENT_NOT_REVALIDATED,HISTORY_NOT_CHECKED,LIQUIDITY_NOT_CHECKED,NOT_VERIFIED,true,P1,PRICE_HISTORY_AND_LIQUIDITY_REFRESH_REQUIRED,Mapping verification,UNDECIDED_OFFLINE,000651,true,revalidated history/liquidity evidence,v0.37 is offline; prior price-derived evidence is not current
WS:XSHE:000657,CN_CSI300,XSHE,000657,NOT_VERIFIED,MAPPING_PRESENT_NOT_REVALIDATED,HISTORY_NOT_CHECKED,LIQUIDITY_NOT_CHECKED,NOT_VERIFIED,true,P1,PRICE_HISTORY_AND_LIQUIDITY_REFRESH_REQUIRED,Mapping verification,UNDECIDED_OFFLINE,000657,true,revalidated history/liquidity evidence,v0.37 is offline; prior price-derived evidence is not current
WS:XSHE:000708,CN_CSI300,XSHE,000708,NOT_VERIFIED,MAPPING_PRESENT_NOT_REVALIDATED,HISTORY_NOT_CHECKED,LIQUIDITY_NOT_CHECKED,NOT_VERIFIED,true,P1,PRICE_HISTORY_AND_LIQUIDITY_REFRESH_REQUIRED,Mapping verification,UNDECIDED_OFFLINE,000708,true,revalidated history/liquidity evidence,v0.37 is offline; prior price-derived evidence is not current
WS:XSHE:000725,CN_CSI300,XSHE,000725,NOT_VERIFIED,MAPPING_PRESENT_NOT_REVALIDATED,HISTORY_NOT_CHECKED,LIQUIDITY_NOT_CHECKED,NOT_VERIFIED,true,P1,PRICE_HISTORY_AND_LIQUIDITY_REFRESH_REQUIRED,Mapping verification,UNDECIDED_OFFLINE,000725,true,revalidated history/liquidity evidence,v0.37 is offline; prior price-derived evidence is not current
WS:XSHE:000768,CN_CSI300,XSHE,000768,NOT_VERIFIED,MAPPING_PRESENT_NOT_REVALIDATED,HISTORY_NOT_CHECKED,LIQUIDITY_NOT_CHECKED,NOT_VERIFIED,true,P1,PRICE_HISTORY_AND_LIQUIDITY_REFRESH_REQUIRED,Mapping verification,UNDECIDED_OFFLINE,000768,true,revalidated history/liquidity evidence,v0.37 is offline; prior price-derived evidence is not current
WS:XSHE:000776,CN_CSI300,XSHE,000776,NOT_VERIFIED,MAPPING_PRESENT_NOT_REVALIDATED,HISTORY_NOT_CHECKED,LIQUIDITY_NOT_CHECKED,NOT_VERIFIED,true,P1,PRICE_HISTORY_AND_LIQUIDITY_REFRESH_REQUIRED,Mapping verification,UNDECIDED_OFFLINE,000776,true,revalidated history/liquidity evidence,v0.37 is offline; prior price-derived evidence is not current
WS:XSHE:000792,CN_CSI300,XSHE,000792,NOT_VERIFIED,MAPPING_PRESENT_NOT_REVALIDATED,HISTORY_NOT_CHECKED,LIQUIDITY_NOT_CHECKED,NOT_VERIFIED,true,P1,PRICE_HISTORY_AND_LIQUIDITY_REFRESH_REQUIRED,Mapping verification,UNDECIDED_OFFLINE,000792,true,revalidated history/liquidity evidence,v0.37 is offline; prior price-derived evidence is not current
WS:XSHE:000807,CN_CSI300,XSHE,000807,NOT_VERIFIED,MAPPING_PRESENT_NOT_REVALIDATED,HISTORY_NOT_CHECKED,LIQUIDITY_NOT_CHECKED,NOT_VERIFIED,true,P1,PRICE_HISTORY_AND_LIQUIDITY_REFRESH_REQUIRED,Mapping verification,UNDECIDED_OFFLINE,000807,true,revalidated history/liquidity evidence,v0.37 is offline; prior price-derived evidence is not current
WS:XSHE:000858,CN_CSI300,XSHE,000858,NOT_VERIFIED,MAPPING_PRESENT_NOT_REVALIDATED,HISTORY_NOT_CHECKED,LIQUIDITY_NOT_CHECKED,NOT_VERIFIED,true,P1,PRICE_HISTORY_AND_LIQUIDITY_REFRESH_REQUIRED,Mapping verification,UNDECIDED_OFFLINE,000858,true,revalidated history/liquidity evidence,v0.37 is offline; prior price-derived evidence is not current
WS:XSHE:000895,CN_CSI300,XSHE,000895,NOT_VERIFIED,MAPPING_PRESENT_NOT_REVALIDATED,HISTORY_NOT_CHECKED,LIQUIDITY_NOT_CHECKED,NOT_VERIFIED,true,P1,PRICE_HISTORY_AND_LIQUIDITY_REFRESH_REQUIRED,Mapping verification,UNDECIDED_OFFLINE,000895,true,revalidated history/liquidity evidence,v0.37 is offline; prior price-derived evidence is not current
WS:XSHE:000938,CN_CSI300,XSHE,000938,NOT_VERIFIED,MAPPING_PRESENT_NOT_REVALIDATED,HISTORY_NOT_CHECKED,LIQUIDITY_NOT_CHECKED,NOT_VERIFIED,true,P1,PRICE_HISTORY_AND_LIQUIDITY_REFRESH_REQUIRED,Mapping verification,UNDECIDED_OFFLINE,000938,true,revalidated history/liquidity evidence,v0.37 is offline; prior price-derived evidence is not current
WS:XSHE:000963,CN_CSI300,XSHE,000963,NOT_VERIFIED,MAPPING_PRESENT_NOT_REVALIDATED,HISTORY_NOT_CHECKED,LIQUIDITY_NOT_CHECKED,NOT_VERIFIED,true,P1,PRICE_HISTORY_AND_LIQUIDITY_REFRESH_REQUIRED,Mapping verification,UNDECIDED_OFFLINE,000963,true,revalidated history/liquidity evidence,v0.37 is offline; prior price-derived evidence is not current
WS:XSHE:000975,CN_CSI300,XSHE,000975,NOT_VERIFIED,MAPPING_PRESENT_NOT_REVALIDATED,HISTORY_NOT_CHECKED,LIQUIDITY_NOT_CHECKED,NOT_VERIFIED,true,P1,PRICE_HISTORY_AND_LIQUIDITY_REFRESH_REQUIRED,Mapping verification,UNDECIDED_OFFLINE,000975,true,revalidated history/liquidity evidence,v0.37 is offline; prior price-derived evidence is not current
WS:XSHE:000977,CN_CSI300,XSHE,000977,NOT_VERIFIED,MAPPING_PRESENT_NOT_REVALIDATED,HISTORY_NOT_CHECKED,LIQUIDITY_NOT_CHECKED,NOT_VERIFIED,true,P1,PRICE_HISTORY_AND_LIQUIDITY_REFRESH_REQUIRED,Mapping verification,UNDECIDED_OFFLINE,000977,true,revalidated history/liquidity evidence,v0.37 is offline; prior price-derived evidence is not current
WS:XSHE:000988,CN_CSI300,XSHE,000988,NOT_VERIFIED,MAPPING_PRESENT_NOT_REVALIDATED,HISTORY_NOT_CHECKED,LIQUIDITY_NOT_CHECKED,NOT_VERIFIED,true,P1,PRICE_HISTORY_AND_LIQUIDITY_REFRESH_REQUIRED,Mapping verification,UNDECIDED_OFFLINE,000988,true,revalidated history/liquidity evidence,v0.37 is offline; prior price-derived evidence is not current
WS:XSHE:000999,CN_CSI300,XSHE,000999,NOT_VERIFIED,MAPPING_PRESENT_NOT_REVALIDATED,HISTORY_NOT_CHECKED,LIQUIDITY_NOT_CHECKED,NOT_VERIFIED,true,P1,PRICE_HISTORY_AND_LIQUIDITY_REFRESH_REQUIRED,Mapping verification,UNDECIDED_OFFLINE,000999,true,revalidated history/liquidity evidence,v0.37 is offline; prior price-derived evidence is not current
WS:XSHE:001280,CN_CSI300,XSHE,001280,NOT_VERIFIED,MAPPING_PRESENT_NOT_REVALIDATED,HISTORY_NOT_CHECKED,LIQUIDITY_NOT_CHECKED,NOT_VERIFIED,true,P1,PRICE_HISTORY_AND_LIQUIDITY_REFRESH_REQUIRED,Mapping verification,UNDECIDED_OFFLINE,001280,true,revalidated history/liquidity evidence,v0.37 is offline; prior price-derived evidence is not current
WS:XSHE:001391,CN_CSI300,XSHE,001391,NOT_VERIFIED,MAPPING_PRESENT_NOT_REVALIDATED,HISTORY_NOT_CHECKED,LIQUIDITY_NOT_CHECKED,NOT_VERIFIED,true,P1,PRICE_HISTORY_AND_LIQUIDITY_REFRESH_REQUIRED,Mapping verification,UNDECIDED_OFFLINE,001391,true,revalidated history/liquidity evidence,v0.37 is offline; prior price-derived evidence is not current
WS:XSHE:001965,CN_CSI300,XSHE,001965,NOT_VERIFIED,MAPPING_PRESENT_NOT_REVALIDATED,HISTORY_NOT_CHECKED,LIQUIDITY_NOT_CHECKED,NOT_VERIFIED,true,P1,PRICE_HISTORY_AND_LIQUIDITY_REFRESH_REQUIRED,Mapping verification,UNDECIDED_OFFLINE,001965,true,revalidated history/liquidity evidence,v0.37 is offline; prior price-derived evidence is not current
WS:XSHE:001979,CN_CSI300,XSHE,001979,NOT_VERIFIED,MAPPING_PRESENT_NOT_REVALIDATED,HISTORY_NOT_CHECKED,LIQUIDITY_NOT_CHECKED,NOT_VERIFIED,true,P1,PRICE_HISTORY_AND_LIQUIDITY_REFRESH_REQUIRED,Mapping verification,UNDECIDED_OFFLINE,001979,true,revalidated history/liquidity evidence,v0.37 is offline; prior price-derived evidence is not current
WS:XSHE:002001,CN_CSI300,XSHE,002001,NOT_VERIFIED,MAPPING_PRESENT_NOT_REVALIDATED,HISTORY_NOT_CHECKED,LIQUIDITY_NOT_CHECKED,NOT_VERIFIED,true,P1,PRICE_HISTORY_AND_LIQUIDITY_REFRESH_REQUIRED,Mapping verification,UNDECIDED_OFFLINE,002001,true,revalidated history/liquidity evidence,v0.37 is offline; prior price-derived evidence is not current
WS:XSHE:002027,CN_CSI300,XSHE,002027,NOT_VERIFIED,MAPPING_PRESENT_NOT_REVALIDATED,HISTORY_NOT_CHECKED,LIQUIDITY_NOT_CHECKED,NOT_VERIFIED,true,P1,PRICE_HISTORY_AND_LIQUIDITY_REFRESH_REQUIRED,Mapping verification,UNDECIDED_OFFLINE,002027,true,revalidated history/liquidity evidence,v0.37 is offline; prior price-derived evidence is not current
WS:XSHE:002028,CN_CSI300,XSHE,002028,NOT_VERIFIED,MAPPING_PRESENT_NOT_REVALIDATED,HISTORY_NOT_CHECKED,LIQUIDITY_NOT_CHECKED,NOT_VERIFIED,true,P1,PRICE_HISTORY_AND_LIQUIDITY_REFRESH_REQUIRED,Mapping verification,UNDECIDED_OFFLINE,002028,true,revalidated history/liquidity evidence,v0.37 is offline; prior price-derived evidence is not current
WS:XSHE:002049,CN_CSI300,XSHE,002049,NOT_VERIFIED,MAPPING_PRESENT_NOT_REVALIDATED,HISTORY_NOT_CHECKED,LIQUIDITY_NOT_CHECKED,NOT_VERIFIED,true,P1,PRICE_HISTORY_AND_LIQUIDITY_REFRESH_REQUIRED,Mapping verification,UNDECIDED_OFFLINE,002049,true,revalidated history/liquidity evidence,v0.37 is offline; prior price-derived evidence is not current
WS:XSHE:002050,CN_CSI300,XSHE,002050,NOT_VERIFIED,MAPPING_PRESENT_NOT_REVALIDATED,HISTORY_NOT_CHECKED,LIQUIDITY_NOT_CHECKED,NOT_VERIFIED,true,P1,PRICE_HISTORY_AND_LIQUIDITY_REFRESH_REQUIRED,Mapping verification,UNDECIDED_OFFLINE,002050,true,revalidated history/liquidity evidence,v0.37 is offline; prior price-derived evidence is not current
WS:XSHE:002074,CN_CSI300,XSHE,002074,NOT_VERIFIED,MAPPING_PRESENT_NOT_REVALIDATED,HISTORY_NOT_CHECKED,LIQUIDITY_NOT_CHECKED,NOT_VERIFIED,true,P1,PRICE_HISTORY_AND_LIQUIDITY_REFRESH_REQUIRED,Mapping verification,UNDECIDED_OFFLINE,002074,true,revalidated history/liquidity evidence,v0.37 is offline; prior price-derived evidence is not current
WS:XSHE:002142,CN_CSI300,XSHE,002142,NOT_VERIFIED,MAPPING_PRESENT_NOT_REVALIDATED,HISTORY_NOT_CHECKED,LIQUIDITY_NOT_CHECKED,NOT_VERIFIED,true,P1,PRICE_HISTORY_AND_LIQUIDITY_REFRESH_REQUIRED,Mapping verification,UNDECIDED_OFFLINE,002142,true,revalidated history/liquidity evidence,v0.37 is offline; prior price-derived evidence is not current
WS:XSHE:002179,CN_CSI300,XSHE,002179,NOT_VERIFIED,MAPPING_PRESENT_NOT_REVALIDATED,HISTORY_NOT_CHECKED,LIQUIDITY_NOT_CHECKED,NOT_VERIFIED,true,P1,PRICE_HISTORY_AND_LIQUIDITY_REFRESH_REQUIRED,Mapping verification,UNDECIDED_OFFLINE,002179,true,revalidated history/liquidity evidence,v0.37 is offline; prior price-derived evidence is not current
WS:XSHE:002202,CN_CSI300,XSHE,002202,NOT_VERIFIED,MAPPING_PRESENT_NOT_REVALIDATED,HISTORY_NOT_CHECKED,LIQUIDITY_NOT_CHECKED,NOT_VERIFIED,true,P1,PRICE_HISTORY_AND_LIQUIDITY_REFRESH_REQUIRED,Mapping verification,UNDECIDED_OFFLINE,002202,true,revalidated history/liquidity evidence,v0.37 is offline; prior price-derived evidence is not current
WS:XSHE:002230,CN_CSI300,XSHE,002230,NOT_VERIFIED,MAPPING_PRESENT_NOT_REVALIDATED,HISTORY_NOT_CHECKED,LIQUIDITY_NOT_CHECKED,NOT_VERIFIED,true,P1,PRICE_HISTORY_AND_LIQUIDITY_REFRESH_REQUIRED,Mapping verification,UNDECIDED_OFFLINE,002230,true,revalidated history/liquidity evidence,v0.37 is offline; prior price-derived evidence is not current
WS:XSHE:002236,CN_CSI300,XSHE,002236,NOT_VERIFIED,MAPPING_PRESENT_NOT_REVALIDATED,HISTORY_NOT_CHECKED,LIQUIDITY_NOT_CHECKED,NOT_VERIFIED,true,P1,PRICE_HISTORY_AND_LIQUIDITY_REFRESH_REQUIRED,Mapping verification,UNDECIDED_OFFLINE,002236,true,revalidated history/liquidity evidence,v0.37 is offline; prior price-derived evidence is not current
WS:XSHE:002241,CN_CSI300,XSHE,002241,NOT_VERIFIED,MAPPING_PRESENT_NOT_REVALIDATED,HISTORY_NOT_CHECKED,LIQUIDITY_NOT_CHECKED,NOT_VERIFIED,true,P1,PRICE_HISTORY_AND_LIQUIDITY_REFRESH_REQUIRED,Mapping verification,UNDECIDED_OFFLINE,002241,true,revalidated history/liquidity evidence,v0.37 is offline; prior price-derived evidence is not current
WS:XSHE:002304,CN_CSI300,XSHE,002304,NOT_VERIFIED,MAPPING_PRESENT_NOT_REVALIDATED,HISTORY_NOT_CHECKED,LIQUIDITY_NOT_CHECKED,NOT_VERIFIED,true,P1,PRICE_HISTORY_AND_LIQUIDITY_REFRESH_REQUIRED,Mapping verification,UNDECIDED_OFFLINE,002304,true,revalidated history/liquidity evidence,v0.37 is offline; prior price-derived evidence is not current
WS:XSHE:002311,CN_CSI300,XSHE,002311,NOT_VERIFIED,MAPPING_PRESENT_NOT_REVALIDATED,HISTORY_NOT_CHECKED,LIQUIDITY_NOT_CHECKED,NOT_VERIFIED,true,P1,PRICE_HISTORY_AND_LIQUIDITY_REFRESH_REQUIRED,Mapping verification,UNDECIDED_OFFLINE,002311,true,revalidated history/liquidity evidence,v0.37 is offline; prior price-derived evidence is not current
WS:XSHE:002352,CN_CSI300,XSHE,002352,NOT_VERIFIED,MAPPING_PRESENT_NOT_REVALIDATED,HISTORY_NOT_CHECKED,LIQUIDITY_NOT_CHECKED,NOT_VERIFIED,true,P1,PRICE_HISTORY_AND_LIQUIDITY_REFRESH_REQUIRED,Mapping verification,UNDECIDED_OFFLINE,002352,true,revalidated history/liquidity evidence,v0.37 is offline; prior price-derived evidence is not current
WS:XSHE:002353,CN_CSI300,XSHE,002353,NOT_VERIFIED,MAPPING_PRESENT_NOT_REVALIDATED,HISTORY_NOT_CHECKED,LIQUIDITY_NOT_CHECKED,NOT_VERIFIED,true,P1,PRICE_HISTORY_AND_LIQUIDITY_REFRESH_REQUIRED,Mapping verification,UNDECIDED_OFFLINE,002353,true,revalidated history/liquidity evidence,v0.37 is offline; prior price-derived evidence is not current
WS:XSHE:002371,CN_CSI300,XSHE,002371,NOT_VERIFIED,MAPPING_PRESENT_NOT_REVALIDATED,HISTORY_NOT_CHECKED,LIQUIDITY_NOT_CHECKED,NOT_VERIFIED,true,P1,PRICE_HISTORY_AND_LIQUIDITY_REFRESH_REQUIRED,Mapping verification,UNDECIDED_OFFLINE,002371,true,revalidated history/liquidity evidence,v0.37 is offline; prior price-derived evidence is not current
WS:XSHE:002384,CN_CSI300,XSHE,002384,NOT_VERIFIED,MAPPING_PRESENT_NOT_REVALIDATED,HISTORY_NOT_CHECKED,LIQUIDITY_NOT_CHECKED,NOT_VERIFIED,true,P1,PRICE_HISTORY_AND_LIQUIDITY_REFRESH_REQUIRED,Mapping verification,UNDECIDED_OFFLINE,002384,true,revalidated history/liquidity evidence,v0.37 is offline; prior price-derived evidence is not current
WS:XSHE:002415,CN_CSI300,XSHE,002415,NOT_VERIFIED,MAPPING_PRESENT_NOT_REVALIDATED,HISTORY_NOT_CHECKED,LIQUIDITY_NOT_CHECKED,NOT_VERIFIED,true,P1,PRICE_HISTORY_AND_LIQUIDITY_REFRESH_REQUIRED,Mapping verification,UNDECIDED_OFFLINE,002415,true,revalidated history/liquidity evidence,v0.37 is offline; prior price-derived evidence is not current
WS:XSHE:002422,CN_CSI300,XSHE,002422,NOT_VERIFIED,MAPPING_PRESENT_NOT_REVALIDATED,HISTORY_NOT_CHECKED,LIQUIDITY_NOT_CHECKED,NOT_VERIFIED,true,P1,PRICE_HISTORY_AND_LIQUIDITY_REFRESH_REQUIRED,Mapping verification,UNDECIDED_OFFLINE,002422,true,revalidated history/liquidity evidence,v0.37 is offline; prior price-derived evidence is not current
WS:XSHE:002460,CN_CSI300,XSHE,002460,NOT_VERIFIED,MAPPING_PRESENT_NOT_REVALIDATED,HISTORY_NOT_CHECKED,LIQUIDITY_NOT_CHECKED,NOT_VERIFIED,true,P1,PRICE_HISTORY_AND_LIQUIDITY_REFRESH_REQUIRED,Mapping verification,UNDECIDED_OFFLINE,002460,true,revalidated history/liquidity evidence,v0.37 is offline; prior price-derived evidence is not current
WS:XSHE:002463,CN_CSI300,XSHE,002463,NOT_VERIFIED,MAPPING_PRESENT_NOT_REVALIDATED,HISTORY_NOT_CHECKED,LIQUIDITY_NOT_CHECKED,NOT_VERIFIED,true,P1,PRICE_HISTORY_AND_LIQUIDITY_REFRESH_REQUIRED,Mapping verification,UNDECIDED_OFFLINE,002463,true,revalidated history/liquidity evidence,v0.37 is offline; prior price-derived evidence is not current
WS:XSHE:002466,CN_CSI300,XSHE,002466,NOT_VERIFIED,MAPPING_PRESENT_NOT_REVALIDATED,HISTORY_NOT_CHECKED,LIQUIDITY_NOT_CHECKED,NOT_VERIFIED,true,P1,PRICE_HISTORY_AND_LIQUIDITY_REFRESH_REQUIRED,Mapping verification,UNDECIDED_OFFLINE,002466,true,revalidated history/liquidity evidence,v0.37 is offline; prior price-derived evidence is not current
WS:XSHE:002475,CN_CSI300,XSHE,002475,NOT_VERIFIED,MAPPING_PRESENT_NOT_REVALIDATED,HISTORY_NOT_CHECKED,LIQUIDITY_NOT_CHECKED,NOT_VERIFIED,true,P1,PRICE_HISTORY_AND_LIQUIDITY_REFRESH_REQUIRED,Mapping verification,UNDECIDED_OFFLINE,002475,true,revalidated history/liquidity evidence,v0.37 is offline; prior price-derived evidence is not current
WS:XSHE:002493,CN_CSI300,XSHE,002493,NOT_VERIFIED,MAPPING_PRESENT_NOT_REVALIDATED,HISTORY_NOT_CHECKED,LIQUIDITY_NOT_CHECKED,NOT_VERIFIED,true,P1,PRICE_HISTORY_AND_LIQUIDITY_REFRESH_REQUIRED,Mapping verification,UNDECIDED_OFFLINE,002493,true,revalidated history/liquidity evidence,v0.37 is offline; prior price-derived evidence is not current
WS:XSHE:002532,CN_CSI300,XSHE,002532,NOT_VERIFIED,MAPPING_PRESENT_NOT_REVALIDATED,HISTORY_NOT_CHECKED,LIQUIDITY_NOT_CHECKED,NOT_VERIFIED,true,P1,PRICE_HISTORY_AND_LIQUIDITY_REFRESH_REQUIRED,Mapping verification,UNDECIDED_OFFLINE,002532,true,revalidated history/liquidity evidence,v0.37 is offline; prior price-derived evidence is not current
WS:XSHE:002558,CN_CSI300,XSHE,002558,NOT_VERIFIED,MAPPING_PRESENT_NOT_REVALIDATED,HISTORY_NOT_CHECKED,LIQUIDITY_NOT_CHECKED,NOT_VERIFIED,true,P1,PRICE_HISTORY_AND_LIQUIDITY_REFRESH_REQUIRED,Mapping verification,UNDECIDED_OFFLINE,002558,true,revalidated history/liquidity evidence,v0.37 is offline; prior price-derived evidence is not current
WS:XSHE:002594,CN_CSI300,XSHE,002594,NOT_VERIFIED,MAPPING_PRESENT_NOT_REVALIDATED,HISTORY_NOT_CHECKED,LIQUIDITY_NOT_CHECKED,NOT_VERIFIED,true,P1,PRICE_HISTORY_AND_LIQUIDITY_REFRESH_REQUIRED,Mapping verification,UNDECIDED_OFFLINE,002594,true,revalidated history/liquidity evidence,v0.37 is offline; prior price-derived evidence is not current
WS:XSHE:002600,CN_CSI300,XSHE,002600,NOT_VERIFIED,MAPPING_PRESENT_NOT_REVALIDATED,HISTORY_NOT_CHECKED,LIQUIDITY_NOT_CHECKED,NOT_VERIFIED,true,P1,PRICE_HISTORY_AND_LIQUIDITY_REFRESH_REQUIRED,Mapping verification,UNDECIDED_OFFLINE,002600,true,revalidated history/liquidity evidence,v0.37 is offline; prior price-derived evidence is not current
WS:XSHE:002602,CN_CSI300,XSHE,002602,NOT_VERIFIED,MAPPING_PRESENT_NOT_REVALIDATED,HISTORY_NOT_CHECKED,LIQUIDITY_NOT_CHECKED,NOT_VERIFIED,true,P1,PRICE_HISTORY_AND_LIQUIDITY_REFRESH_REQUIRED,Mapping verification,UNDECIDED_OFFLINE,002602,true,revalidated history/liquidity evidence,v0.37 is offline; prior price-derived evidence is not current
WS:XSHE:002625,CN_CSI300,XSHE,002625,NOT_VERIFIED,MAPPING_PRESENT_NOT_REVALIDATED,HISTORY_NOT_CHECKED,LIQUIDITY_NOT_CHECKED,NOT_VERIFIED,true,P1,PRICE_HISTORY_AND_LIQUIDITY_REFRESH_REQUIRED,Mapping verification,UNDECIDED_OFFLINE,002625,true,revalidated history/liquidity evidence,v0.37 is offline; prior price-derived evidence is not current
WS:XSHE:002648,CN_CSI300,XSHE,002648,NOT_VERIFIED,MAPPING_PRESENT_NOT_REVALIDATED,HISTORY_NOT_CHECKED,LIQUIDITY_NOT_CHECKED,NOT_VERIFIED,true,P1,PRICE_HISTORY_AND_LIQUIDITY_REFRESH_REQUIRED,Mapping verification,UNDECIDED_OFFLINE,002648,true,revalidated history/liquidity evidence,v0.37 is offline; prior price-derived evidence is not current
WS:XSHE:002709,CN_CSI300,XSHE,002709,NOT_VERIFIED,MAPPING_PRESENT_NOT_REVALIDATED,HISTORY_NOT_CHECKED,LIQUIDITY_NOT_CHECKED,NOT_VERIFIED,true,P1,PRICE_HISTORY_AND_LIQUIDITY_REFRESH_REQUIRED,Mapping verification,UNDECIDED_OFFLINE,002709,true,revalidated history/liquidity evidence,v0.37 is offline; prior price-derived evidence is not current
WS:XSHE:002714,CN_CSI300,XSHE,002714,NOT_VERIFIED,MAPPING_PRESENT_NOT_REVALIDATED,HISTORY_NOT_CHECKED,LIQUIDITY_NOT_CHECKED,NOT_VERIFIED,true,P1,PRICE_HISTORY_AND_LIQUIDITY_REFRESH_REQUIRED,Mapping verification,UNDECIDED_OFFLINE,002714,true,revalidated history/liquidity evidence,v0.37 is offline; prior price-derived evidence is not current
WS:XSHE:002736,CN_CSI300,XSHE,002736,NOT_VERIFIED,MAPPING_PRESENT_NOT_REVALIDATED,HISTORY_NOT_CHECKED,LIQUIDITY_NOT_CHECKED,NOT_VERIFIED,true,P1,PRICE_HISTORY_AND_LIQUIDITY_REFRESH_REQUIRED,Mapping verification,UNDECIDED_OFFLINE,002736,true,revalidated history/liquidity evidence,v0.37 is offline; prior price-derived evidence is not current
WS:XSHE:002837,CN_CSI300,XSHE,002837,NOT_VERIFIED,MAPPING_PRESENT_NOT_REVALIDATED,HISTORY_NOT_CHECKED,LIQUIDITY_NOT_CHECKED,NOT_VERIFIED,true,P1,PRICE_HISTORY_AND_LIQUIDITY_REFRESH_REQUIRED,Mapping verification,UNDECIDED_OFFLINE,002837,true,revalidated history/liquidity evidence,v0.37 is offline; prior price-derived evidence is not current
WS:XSHE:002916,CN_CSI300,XSHE,002916,NOT_VERIFIED,MAPPING_PRESENT_NOT_REVALIDATED,HISTORY_NOT_CHECKED,LIQUIDITY_NOT_CHECKED,NOT_VERIFIED,true,P1,PRICE_HISTORY_AND_LIQUIDITY_REFRESH_REQUIRED,Mapping verification,UNDECIDED_OFFLINE,002916,true,revalidated history/liquidity evidence,v0.37 is offline; prior price-derived evidence is not current
WS:XSHE:002920,CN_CSI300,XSHE,002920,NOT_VERIFIED,MAPPING_PRESENT_NOT_REVALIDATED,HISTORY_NOT_CHECKED,LIQUIDITY_NOT_CHECKED,NOT_VERIFIED,true,P1,PRICE_HISTORY_AND_LIQUIDITY_REFRESH_REQUIRED,Mapping verification,UNDECIDED_OFFLINE,002920,true,revalidated history/liquidity evidence,v0.37 is offline; prior price-derived evidence is not current
WS:XSHE:002938,CN_CSI300,XSHE,002938,NOT_VERIFIED,MAPPING_PRESENT_NOT_REVALIDATED,HISTORY_NOT_CHECKED,LIQUIDITY_NOT_CHECKED,NOT_VERIFIED,true,P1,PRICE_HISTORY_AND_LIQUIDITY_REFRESH_REQUIRED,Mapping verification,UNDECIDED_OFFLINE,002938,true,revalidated history/liquidity evidence,v0.37 is offline; prior price-derived evidence is not current
WS:XSHE:003816,CN_CSI300,XSHE,003816,NOT_VERIFIED,MAPPING_PRESENT_NOT_REVALIDATED,HISTORY_NOT_CHECKED,LIQUIDITY_NOT_CHECKED,NOT_VERIFIED,true,P1,PRICE_HISTORY_AND_LIQUIDITY_REFRESH_REQUIRED,Mapping verification,UNDECIDED_OFFLINE,003816,true,revalidated history/liquidity evidence,v0.37 is offline; prior price-derived evidence is not current
WS:XSHE:300014,CN_CSI300,XSHE,300014,NOT_VERIFIED,MAPPING_PRESENT_NOT_REVALIDATED,HISTORY_NOT_CHECKED,LIQUIDITY_NOT_CHECKED,NOT_VERIFIED,true,P1,PRICE_HISTORY_AND_LIQUIDITY_REFRESH_REQUIRED,Mapping verification,UNDECIDED_OFFLINE,300014,true,revalidated history/liquidity evidence,v0.37 is offline; prior price-derived evidence is not current
WS:XSHE:300015,CN_CSI300,XSHE,300015,NOT_VERIFIED,MAPPING_PRESENT_NOT_REVALIDATED,HISTORY_NOT_CHECKED,LIQUIDITY_NOT_CHECKED,NOT_VERIFIED,true,P1,PRICE_HISTORY_AND_LIQUIDITY_REFRESH_REQUIRED,Mapping verification,UNDECIDED_OFFLINE,300015,true,revalidated history/liquidity evidence,v0.37 is offline; prior price-derived evidence is not current
WS:XSHE:300033,CN_CSI300,XSHE,300033,NOT_VERIFIED,MAPPING_PRESENT_NOT_REVALIDATED,HISTORY_NOT_CHECKED,LIQUIDITY_NOT_CHECKED,NOT_VERIFIED,true,P1,PRICE_HISTORY_AND_LIQUIDITY_REFRESH_REQUIRED,Mapping verification,UNDECIDED_OFFLINE,300033,true,revalidated history/liquidity evidence,v0.37 is offline; prior price-derived evidence is not current
WS:XSHE:300059,CN_CSI300,XSHE,300059,NOT_VERIFIED,MAPPING_PRESENT_NOT_REVALIDATED,HISTORY_NOT_CHECKED,LIQUIDITY_NOT_CHECKED,NOT_VERIFIED,true,P1,PRICE_HISTORY_AND_LIQUIDITY_REFRESH_REQUIRED,Mapping verification,UNDECIDED_OFFLINE,300059,true,revalidated history/liquidity evidence,v0.37 is offline; prior price-derived evidence is not current
WS:XSHE:300122,CN_CSI300,XSHE,300122,NOT_VERIFIED,MAPPING_PRESENT_NOT_REVALIDATED,HISTORY_NOT_CHECKED,LIQUIDITY_NOT_CHECKED,NOT_VERIFIED,true,P1,PRICE_HISTORY_AND_LIQUIDITY_REFRESH_REQUIRED,Mapping verification,UNDECIDED_OFFLINE,300122,true,revalidated history/liquidity evidence,v0.37 is offline; prior price-derived evidence is not current
WS:XSHE:300124,CN_CSI300,XSHE,300124,NOT_VERIFIED,MAPPING_PRESENT_NOT_REVALIDATED,HISTORY_NOT_CHECKED,LIQUIDITY_NOT_CHECKED,NOT_VERIFIED,true,P1,PRICE_HISTORY_AND_LIQUIDITY_REFRESH_REQUIRED,Mapping verification,UNDECIDED_OFFLINE,300124,true,revalidated history/liquidity evidence,v0.37 is offline; prior price-derived evidence is not current
WS:XSHE:300251,CN_CSI300,XSHE,300251,NOT_VERIFIED,MAPPING_PRESENT_NOT_REVALIDATED,HISTORY_NOT_CHECKED,LIQUIDITY_NOT_CHECKED,NOT_VERIFIED,true,P1,PRICE_HISTORY_AND_LIQUIDITY_REFRESH_REQUIRED,Mapping verification,UNDECIDED_OFFLINE,300251,true,revalidated history/liquidity evidence,v0.37 is offline; prior price-derived evidence is not current
WS:XSHE:300274,CN_CSI300,XSHE,300274,NOT_VERIFIED,MAPPING_PRESENT_NOT_REVALIDATED,HISTORY_NOT_CHECKED,LIQUIDITY_NOT_CHECKED,NOT_VERIFIED,true,P1,PRICE_HISTORY_AND_LIQUIDITY_REFRESH_REQUIRED,Mapping verification,UNDECIDED_OFFLINE,300274,true,revalidated history/liquidity evidence,v0.37 is offline; prior price-derived evidence is not current
WS:XSHE:300308,CN_CSI300,XSHE,300308,NOT_VERIFIED,MAPPING_PRESENT_NOT_REVALIDATED,HISTORY_NOT_CHECKED,LIQUIDITY_NOT_CHECKED,NOT_VERIFIED,true,P1,PRICE_HISTORY_AND_LIQUIDITY_REFRESH_REQUIRED,Mapping verification,UNDECIDED_OFFLINE,300308,true,revalidated history/liquidity evidence,v0.37 is offline; prior price-derived evidence is not current
WS:XSHE:300316,CN_CSI300,XSHE,300316,NOT_VERIFIED,MAPPING_PRESENT_NOT_REVALIDATED,HISTORY_NOT_CHECKED,LIQUIDITY_NOT_CHECKED,NOT_VERIFIED,true,P1,PRICE_HISTORY_AND_LIQUIDITY_REFRESH_REQUIRED,Mapping verification,UNDECIDED_OFFLINE,300316,true,revalidated history/liquidity evidence,v0.37 is offline; prior price-derived evidence is not current
WS:XSHE:300394,CN_CSI300,XSHE,300394,NOT_VERIFIED,MAPPING_PRESENT_NOT_REVALIDATED,HISTORY_NOT_CHECKED,LIQUIDITY_NOT_CHECKED,NOT_VERIFIED,true,P1,PRICE_HISTORY_AND_LIQUIDITY_REFRESH_REQUIRED,Mapping verification,UNDECIDED_OFFLINE,300394,true,revalidated history/liquidity evidence,v0.37 is offline; prior price-derived evidence is not current
WS:XSHE:300408,CN_CSI300,XSHE,300408,NOT_VERIFIED,MAPPING_PRESENT_NOT_REVALIDATED,HISTORY_NOT_CHECKED,LIQUIDITY_NOT_CHECKED,NOT_VERIFIED,true,P1,PRICE_HISTORY_AND_LIQUIDITY_REFRESH_REQUIRED,Mapping verification,UNDECIDED_OFFLINE,300408,true,revalidated history/liquidity evidence,v0.37 is offline; prior price-derived evidence is not current
WS:XSHE:300413,CN_CSI300,XSHE,300413,NOT_VERIFIED,MAPPING_PRESENT_NOT_REVALIDATED,HISTORY_NOT_CHECKED,LIQUIDITY_NOT_CHECKED,NOT_VERIFIED,true,P1,PRICE_HISTORY_AND_LIQUIDITY_REFRESH_REQUIRED,Mapping verification,UNDECIDED_OFFLINE,300413,true,revalidated history/liquidity evidence,v0.37 is offline; prior price-derived evidence is not current
WS:XSHE:300418,CN_CSI300,XSHE,300418,NOT_VERIFIED,MAPPING_PRESENT_NOT_REVALIDATED,HISTORY_NOT_CHECKED,LIQUIDITY_NOT_CHECKED,NOT_VERIFIED,true,P1,PRICE_HISTORY_AND_LIQUIDITY_REFRESH_REQUIRED,Mapping verification,UNDECIDED_OFFLINE,300418,true,revalidated history/liquidity evidence,v0.37 is offline; prior price-derived evidence is not current
WS:XSHE:300433,CN_CSI300,XSHE,300433,NOT_VERIFIED,MAPPING_PRESENT_NOT_REVALIDATED,HISTORY_NOT_CHECKED,LIQUIDITY_NOT_CHECKED,NOT_VERIFIED,true,P1,PRICE_HISTORY_AND_LIQUIDITY_REFRESH_REQUIRED,Mapping verification,UNDECIDED_OFFLINE,300433,true,revalidated history/liquidity evidence,v0.37 is offline; prior price-derived evidence is not current
WS:XSHE:300442,CN_CSI300,XSHE,300442,NOT_VERIFIED,MAPPING_PRESENT_NOT_REVALIDATED,HISTORY_NOT_CHECKED,LIQUIDITY_NOT_CHECKED,NOT_VERIFIED,true,P1,PRICE_HISTORY_AND_LIQUIDITY_REFRESH_REQUIRED,Mapping verification,UNDECIDED_OFFLINE,300442,true,revalidated history/liquidity evidence,v0.37 is offline; prior price-derived evidence is not current
WS:XSHE:300450,CN_CSI300,XSHE,300450,NOT_VERIFIED,MAPPING_PRESENT_NOT_REVALIDATED,HISTORY_NOT_CHECKED,LIQUIDITY_NOT_CHECKED,NOT_VERIFIED,true,P1,PRICE_HISTORY_AND_LIQUIDITY_REFRESH_REQUIRED,Mapping verification,UNDECIDED_OFFLINE,300450,true,revalidated history/liquidity evidence,v0.37 is offline; prior price-derived evidence is not current
WS:XSHE:300476,CN_CSI300,XSHE,300476,NOT_VERIFIED,MAPPING_PRESENT_NOT_REVALIDATED,HISTORY_NOT_CHECKED,LIQUIDITY_NOT_CHECKED,NOT_VERIFIED,true,P1,PRICE_HISTORY_AND_LIQUIDITY_REFRESH_REQUIRED,Mapping verification,UNDECIDED_OFFLINE,300476,true,revalidated history/liquidity evidence,v0.37 is offline; prior price-derived evidence is not current
WS:XSHE:300498,CN_CSI300,XSHE,300498,NOT_VERIFIED,MAPPING_PRESENT_NOT_REVALIDATED,HISTORY_NOT_CHECKED,LIQUIDITY_NOT_CHECKED,NOT_VERIFIED,true,P1,PRICE_HISTORY_AND_LIQUIDITY_REFRESH_REQUIRED,Mapping verification,UNDECIDED_OFFLINE,300498,true,revalidated history/liquidity evidence,v0.37 is offline; prior price-derived evidence is not current
WS:XSHE:300502,CN_CSI300,XSHE,300502,NOT_VERIFIED,MAPPING_PRESENT_NOT_REVALIDATED,HISTORY_NOT_CHECKED,LIQUIDITY_NOT_CHECKED,NOT_VERIFIED,true,P1,PRICE_HISTORY_AND_LIQUIDITY_REFRESH_REQUIRED,Mapping verification,UNDECIDED_OFFLINE,300502,true,revalidated history/liquidity evidence,v0.37 is offline; prior price-derived evidence is not current
WS:XSHE:300628,CN_CSI300,XSHE,300628,NOT_VERIFIED,MAPPING_PRESENT_NOT_REVALIDATED,HISTORY_NOT_CHECKED,LIQUIDITY_NOT_CHECKED,NOT_VERIFIED,true,P1,PRICE_HISTORY_AND_LIQUIDITY_REFRESH_REQUIRED,Mapping verification,UNDECIDED_OFFLINE,300628,true,revalidated history/liquidity evidence,v0.37 is offline; prior price-derived evidence is not current
WS:XSHE:300661,CN_CSI300,XSHE,300661,NOT_VERIFIED,MAPPING_PRESENT_NOT_REVALIDATED,HISTORY_NOT_CHECKED,LIQUIDITY_NOT_CHECKED,NOT_VERIFIED,true,P1,PRICE_HISTORY_AND_LIQUIDITY_REFRESH_REQUIRED,Mapping verification,UNDECIDED_OFFLINE,300661,true,revalidated history/liquidity evidence,v0.37 is offline; prior price-derived evidence is not current
WS:XSHE:300750,CN_CSI300,XSHE,300750,NOT_VERIFIED,MAPPING_PRESENT_NOT_REVALIDATED,HISTORY_NOT_CHECKED,LIQUIDITY_NOT_CHECKED,NOT_VERIFIED,true,P1,PRICE_HISTORY_AND_LIQUIDITY_REFRESH_REQUIRED,Mapping verification,UNDECIDED_OFFLINE,300750,true,revalidated history/liquidity evidence,v0.37 is offline; prior price-derived evidence is not current
WS:XSHE:300760,CN_CSI300,XSHE,300760,NOT_VERIFIED,MAPPING_PRESENT_NOT_REVALIDATED,HISTORY_NOT_CHECKED,LIQUIDITY_NOT_CHECKED,NOT_VERIFIED,true,P1,PRICE_HISTORY_AND_LIQUIDITY_REFRESH_REQUIRED,Mapping verification,UNDECIDED_OFFLINE,300760,true,revalidated history/liquidity evidence,v0.37 is offline; prior price-derived evidence is not current
WS:XSHE:300803,CN_CSI300,XSHE,300803,NOT_VERIFIED,MAPPING_PRESENT_NOT_REVALIDATED,HISTORY_NOT_CHECKED,LIQUIDITY_NOT_CHECKED,NOT_VERIFIED,true,P1,PRICE_HISTORY_AND_LIQUIDITY_REFRESH_REQUIRED,Mapping verification,UNDECIDED_OFFLINE,300803,true,revalidated history/liquidity evidence,v0.37 is offline; prior price-derived evidence is not current
WS:XSHE:300832,CN_CSI300,XSHE,300832,NOT_VERIFIED,MAPPING_PRESENT_NOT_REVALIDATED,HISTORY_NOT_CHECKED,LIQUIDITY_NOT_CHECKED,NOT_VERIFIED,true,P1,PRICE_HISTORY_AND_LIQUIDITY_REFRESH_REQUIRED,Mapping verification,UNDECIDED_OFFLINE,300832,true,revalidated history/liquidity evidence,v0.37 is offline; prior price-derived evidence is not current
WS:XSHE:300866,CN_CSI300,XSHE,300866,NOT_VERIFIED,MAPPING_PRESENT_NOT_REVALIDATED,HISTORY_NOT_CHECKED,LIQUIDITY_NOT_CHECKED,NOT_VERIFIED,true,P1,PRICE_HISTORY_AND_LIQUIDITY_REFRESH_REQUIRED,Mapping verification,UNDECIDED_OFFLINE,300866,true,revalidated history/liquidity evidence,v0.37 is offline; prior price-derived evidence is not current
WS:XSHE:300896,CN_CSI300,XSHE,300896,NOT_VERIFIED,MAPPING_PRESENT_NOT_REVALIDATED,HISTORY_NOT_CHECKED,LIQUIDITY_NOT_CHECKED,NOT_VERIFIED,true,P1,PRICE_HISTORY_AND_LIQUIDITY_REFRESH_REQUIRED,Mapping verification,UNDECIDED_OFFLINE,300896,true,revalidated history/liquidity evidence,v0.37 is offline; prior price-derived evidence is not current
WS:XSHE:300999,CN_CSI300,XSHE,300999,NOT_VERIFIED,MAPPING_PRESENT_NOT_REVALIDATED,HISTORY_NOT_CHECKED,LIQUIDITY_NOT_CHECKED,NOT_VERIFIED,true,P1,PRICE_HISTORY_AND_LIQUIDITY_REFRESH_REQUIRED,Mapping verification,UNDECIDED_OFFLINE,300999,true,revalidated history/liquidity evidence,v0.37 is offline; prior price-derived evidence is not current
WS:XSHE:301165,CN_CSI300,XSHE,301165,NOT_VERIFIED,MAPPING_PRESENT_NOT_REVALIDATED,HISTORY_NOT_CHECKED,LIQUIDITY_NOT_CHECKED,NOT_VERIFIED,true,P1,PRICE_HISTORY_AND_LIQUIDITY_REFRESH_REQUIRED,Mapping verification,UNDECIDED_OFFLINE,301165,true,revalidated history/liquidity evidence,v0.37 is offline; prior price-derived evidence is not current
WS:XSHE:301236,CN_CSI300,XSHE,301236,NOT_VERIFIED,MAPPING_PRESENT_NOT_REVALIDATED,HISTORY_NOT_CHECKED,LIQUIDITY_NOT_CHECKED,NOT_VERIFIED,true,P1,PRICE_HISTORY_AND_LIQUIDITY_REFRESH_REQUIRED,Mapping verification,UNDECIDED_OFFLINE,301236,true,revalidated history/liquidity evidence,v0.37 is offline; prior price-derived evidence is not current
WS:XSHE:301269,CN_CSI300,XSHE,301269,NOT_VERIFIED,MAPPING_PRESENT_NOT_REVALIDATED,HISTORY_NOT_CHECKED,LIQUIDITY_NOT_CHECKED,NOT_VERIFIED,true,P1,PRICE_HISTORY_AND_LIQUIDITY_REFRESH_REQUIRED,Mapping verification,UNDECIDED_OFFLINE,301269,true,revalidated history/liquidity evidence,v0.37 is offline; prior price-derived evidence is not current
WS:XSHE:301308,CN_CSI300,XSHE,301308,NOT_VERIFIED,MAPPING_PRESENT_NOT_REVALIDATED,HISTORY_NOT_CHECKED,LIQUIDITY_NOT_CHECKED,NOT_VERIFIED,true,P1,PRICE_HISTORY_AND_LIQUIDITY_REFRESH_REQUIRED,Mapping verification,UNDECIDED_OFFLINE,301308,true,revalidated history/liquidity evidence,v0.37 is offline; prior price-derived evidence is not current
WS:XSHE:302132,CN_CSI300,XSHE,302132,NOT_VERIFIED,MAPPING_PRESENT_NOT_REVALIDATED,HISTORY_NOT_CHECKED,LIQUIDITY_NOT_CHECKED,NOT_VERIFIED,true,P1,PRICE_HISTORY_AND_LIQUIDITY_REFRESH_REQUIRED,Mapping verification,UNDECIDED_OFFLINE,302132,true,revalidated history/liquidity evidence,v0.37 is offline; prior price-derived evidence is not current
WS:XSHG:600000,CN_CSI300,XSHG,600000,NOT_VERIFIED,MAPPING_PRESENT_NOT_REVALIDATED,HISTORY_NOT_CHECKED,LIQUIDITY_NOT_CHECKED,NOT_VERIFIED,true,P1,PRICE_HISTORY_AND_LIQUIDITY_REFRESH_REQUIRED,Mapping verification,UNDECIDED_OFFLINE,600000,true,revalidated history/liquidity evidence,v0.37 is offline; prior price-derived evidence is not current
WS:XSHG:600009,CN_CSI300,XSHG,600009,NOT_VERIFIED,MAPPING_PRESENT_NOT_REVALIDATED,HISTORY_NOT_CHECKED,LIQUIDITY_NOT_CHECKED,NOT_VERIFIED,true,P1,PRICE_HISTORY_AND_LIQUIDITY_REFRESH_REQUIRED,Mapping verification,UNDECIDED_OFFLINE,600009,true,revalidated history/liquidity evidence,v0.37 is offline; prior price-derived evidence is not current
WS:XSHG:600010,CN_CSI300,XSHG,600010,NOT_VERIFIED,MAPPING_PRESENT_NOT_REVALIDATED,HISTORY_NOT_CHECKED,LIQUIDITY_NOT_CHECKED,NOT_VERIFIED,true,P1,PRICE_HISTORY_AND_LIQUIDITY_REFRESH_REQUIRED,Mapping verification,UNDECIDED_OFFLINE,600010,true,revalidated history/liquidity evidence,v0.37 is offline; prior price-derived evidence is not current
WS:XSHG:600011,CN_CSI300,XSHG,600011,NOT_VERIFIED,MAPPING_PRESENT_NOT_REVALIDATED,HISTORY_NOT_CHECKED,LIQUIDITY_NOT_CHECKED,NOT_VERIFIED,true,P1,PRICE_HISTORY_AND_LIQUIDITY_REFRESH_REQUIRED,Mapping verification,UNDECIDED_OFFLINE,600011,true,revalidated history/liquidity evidence,v0.37 is offline; prior price-derived evidence is not current
WS:XSHG:600015,CN_CSI300,XSHG,600015,NOT_VERIFIED,MAPPING_PRESENT_NOT_REVALIDATED,HISTORY_NOT_CHECKED,LIQUIDITY_NOT_CHECKED,NOT_VERIFIED,true,P1,PRICE_HISTORY_AND_LIQUIDITY_REFRESH_REQUIRED,Mapping verification,UNDECIDED_OFFLINE,600015,true,revalidated history/liquidity evidence,v0.37 is offline; prior price-derived evidence is not current
WS:XSHG:600016,CN_CSI300,XSHG,600016,NOT_VERIFIED,MAPPING_PRESENT_NOT_REVALIDATED,HISTORY_NOT_CHECKED,LIQUIDITY_NOT_CHECKED,NOT_VERIFIED,true,P1,PRICE_HISTORY_AND_LIQUIDITY_REFRESH_REQUIRED,Mapping verification,UNDECIDED_OFFLINE,600016,true,revalidated history/liquidity evidence,v0.37 is offline; prior price-derived evidence is not current
WS:XSHG:600018,CN_CSI300,XSHG,600018,NOT_VERIFIED,MAPPING_PRESENT_NOT_REVALIDATED,HISTORY_NOT_CHECKED,LIQUIDITY_NOT_CHECKED,NOT_VERIFIED,true,P1,PRICE_HISTORY_AND_LIQUIDITY_REFRESH_REQUIRED,Mapping verification,UNDECIDED_OFFLINE,600018,true,revalidated history/liquidity evidence,v0.37 is offline; prior price-derived evidence is not current
WS:XSHG:600019,CN_CSI300,XSHG,600019,NOT_VERIFIED,MAPPING_PRESENT_NOT_REVALIDATED,HISTORY_NOT_CHECKED,LIQUIDITY_NOT_CHECKED,NOT_VERIFIED,true,P1,PRICE_HISTORY_AND_LIQUIDITY_REFRESH_REQUIRED,Mapping verification,UNDECIDED_OFFLINE,600019,true,revalidated history/liquidity evidence,v0.37 is offline; prior price-derived evidence is not current
WS:XSHG:600023,CN_CSI300,XSHG,600023,NOT_VERIFIED,MAPPING_PRESENT_NOT_REVALIDATED,HISTORY_NOT_CHECKED,LIQUIDITY_NOT_CHECKED,NOT_VERIFIED,true,P1,PRICE_HISTORY_AND_LIQUIDITY_REFRESH_REQUIRED,Mapping verification,UNDECIDED_OFFLINE,600023,true,revalidated history/liquidity evidence,v0.37 is offline; prior price-derived evidence is not current
WS:XSHG:600025,CN_CSI300,XSHG,600025,NOT_VERIFIED,MAPPING_PRESENT_NOT_REVALIDATED,HISTORY_NOT_CHECKED,LIQUIDITY_NOT_CHECKED,NOT_VERIFIED,true,P1,PRICE_HISTORY_AND_LIQUIDITY_REFRESH_REQUIRED,Mapping verification,UNDECIDED_OFFLINE,600025,true,revalidated history/liquidity evidence,v0.37 is offline; prior price-derived evidence is not current
WS:XSHG:600026,CN_CSI300,XSHG,600026,NOT_VERIFIED,MAPPING_PRESENT_NOT_REVALIDATED,HISTORY_NOT_CHECKED,LIQUIDITY_NOT_CHECKED,NOT_VERIFIED,true,P1,PRICE_HISTORY_AND_LIQUIDITY_REFRESH_REQUIRED,Mapping verification,UNDECIDED_OFFLINE,600026,true,revalidated history/liquidity evidence,v0.37 is offline; prior price-derived evidence is not current
WS:XSHG:600027,CN_CSI300,XSHG,600027,NOT_VERIFIED,MAPPING_PRESENT_NOT_REVALIDATED,HISTORY_NOT_CHECKED,LIQUIDITY_NOT_CHECKED,NOT_VERIFIED,true,P1,PRICE_HISTORY_AND_LIQUIDITY_REFRESH_REQUIRED,Mapping verification,UNDECIDED_OFFLINE,600027,true,revalidated history/liquidity evidence,v0.37 is offline; prior price-derived evidence is not current
WS:XSHG:600028,CN_CSI300,XSHG,600028,NOT_VERIFIED,MAPPING_PRESENT_NOT_REVALIDATED,HISTORY_NOT_CHECKED,LIQUIDITY_NOT_CHECKED,NOT_VERIFIED,true,P1,PRICE_HISTORY_AND_LIQUIDITY_REFRESH_REQUIRED,Mapping verification,UNDECIDED_OFFLINE,600028,true,revalidated history/liquidity evidence,v0.37 is offline; prior price-derived evidence is not current
WS:XSHG:600029,CN_CSI300,XSHG,600029,NOT_VERIFIED,MAPPING_PRESENT_NOT_REVALIDATED,HISTORY_NOT_CHECKED,LIQUIDITY_NOT_CHECKED,NOT_VERIFIED,true,P1,PRICE_HISTORY_AND_LIQUIDITY_REFRESH_REQUIRED,Mapping verification,UNDECIDED_OFFLINE,600029,true,revalidated history/liquidity evidence,v0.37 is offline; prior price-derived evidence is not current
WS:XSHG:600030,CN_CSI300,XSHG,600030,NOT_VERIFIED,MAPPING_PRESENT_NOT_REVALIDATED,HISTORY_NOT_CHECKED,LIQUIDITY_NOT_CHECKED,NOT_VERIFIED,true,P1,PRICE_HISTORY_AND_LIQUIDITY_REFRESH_REQUIRED,Mapping verification,UNDECIDED_OFFLINE,600030,true,revalidated history/liquidity evidence,v0.37 is offline; prior price-derived evidence is not current
WS:XSHG:600031,CN_CSI300,XSHG,600031,NOT_VERIFIED,MAPPING_PRESENT_NOT_REVALIDATED,HISTORY_NOT_CHECKED,LIQUIDITY_NOT_CHECKED,NOT_VERIFIED,true,P1,PRICE_HISTORY_AND_LIQUIDITY_REFRESH_REQUIRED,Mapping verification,UNDECIDED_OFFLINE,600031,true,revalidated history/liquidity evidence,v0.37 is offline; prior price-derived evidence is not current
WS:XSHG:600036,CN_CSI300,XSHG,600036,NOT_VERIFIED,MAPPING_PRESENT_NOT_REVALIDATED,HISTORY_NOT_CHECKED,LIQUIDITY_NOT_CHECKED,NOT_VERIFIED,true,P1,PRICE_HISTORY_AND_LIQUIDITY_REFRESH_REQUIRED,Mapping verification,UNDECIDED_OFFLINE,600036,true,revalidated history/liquidity evidence,v0.37 is offline; prior price-derived evidence is not current
WS:XSHG:600039,CN_CSI300,XSHG,600039,NOT_VERIFIED,MAPPING_PRESENT_NOT_REVALIDATED,HISTORY_NOT_CHECKED,LIQUIDITY_NOT_CHECKED,NOT_VERIFIED,true,P1,PRICE_HISTORY_AND_LIQUIDITY_REFRESH_REQUIRED,Mapping verification,UNDECIDED_OFFLINE,600039,true,revalidated history/liquidity evidence,v0.37 is offline; prior price-derived evidence is not current
WS:XSHG:600048,CN_CSI300,XSHG,600048,NOT_VERIFIED,MAPPING_PRESENT_NOT_REVALIDATED,HISTORY_NOT_CHECKED,LIQUIDITY_NOT_CHECKED,NOT_VERIFIED,true,P1,PRICE_HISTORY_AND_LIQUIDITY_REFRESH_REQUIRED,Mapping verification,UNDECIDED_OFFLINE,600048,true,revalidated history/liquidity evidence,v0.37 is offline; prior price-derived evidence is not current
WS:XSHG:600050,CN_CSI300,XSHG,600050,NOT_VERIFIED,MAPPING_PRESENT_NOT_REVALIDATED,HISTORY_NOT_CHECKED,LIQUIDITY_NOT_CHECKED,NOT_VERIFIED,true,P1,PRICE_HISTORY_AND_LIQUIDITY_REFRESH_REQUIRED,Mapping verification,UNDECIDED_OFFLINE,600050,true,revalidated history/liquidity evidence,v0.37 is offline; prior price-derived evidence is not current
WS:XSHG:600061,CN_CSI300,XSHG,600061,NOT_VERIFIED,MAPPING_PRESENT_NOT_REVALIDATED,HISTORY_NOT_CHECKED,LIQUIDITY_NOT_CHECKED,NOT_VERIFIED,true,P1,PRICE_HISTORY_AND_LIQUIDITY_REFRESH_REQUIRED,Mapping verification,UNDECIDED_OFFLINE,600061,true,revalidated history/liquidity evidence,v0.37 is offline; prior price-derived evidence is not current
WS:XSHG:600066,CN_CSI300,XSHG,600066,NOT_VERIFIED,MAPPING_PRESENT_NOT_REVALIDATED,HISTORY_NOT_CHECKED,LIQUIDITY_NOT_CHECKED,NOT_VERIFIED,true,P1,PRICE_HISTORY_AND_LIQUIDITY_REFRESH_REQUIRED,Mapping verification,UNDECIDED_OFFLINE,600066,true,revalidated history/liquidity evidence,v0.37 is offline; prior price-derived evidence is not current
WS:XSHG:600085,CN_CSI300,XSHG,600085,NOT_VERIFIED,MAPPING_PRESENT_NOT_REVALIDATED,HISTORY_NOT_CHECKED,LIQUIDITY_NOT_CHECKED,NOT_VERIFIED,true,P1,PRICE_HISTORY_AND_LIQUIDITY_REFRESH_REQUIRED,Mapping verification,UNDECIDED_OFFLINE,600085,true,revalidated history/liquidity evidence,v0.37 is offline; prior price-derived evidence is not current
WS:XSHG:600089,CN_CSI300,XSHG,600089,NOT_VERIFIED,MAPPING_PRESENT_NOT_REVALIDATED,HISTORY_NOT_CHECKED,LIQUIDITY_NOT_CHECKED,NOT_VERIFIED,true,P1,PRICE_HISTORY_AND_LIQUIDITY_REFRESH_REQUIRED,Mapping verification,UNDECIDED_OFFLINE,600089,true,revalidated history/liquidity evidence,v0.37 is offline; prior price-derived evidence is not current
WS:XSHG:600104,CN_CSI300,XSHG,600104,NOT_VERIFIED,MAPPING_PRESENT_NOT_REVALIDATED,HISTORY_NOT_CHECKED,LIQUIDITY_NOT_CHECKED,NOT_VERIFIED,true,P1,PRICE_HISTORY_AND_LIQUIDITY_REFRESH_REQUIRED,Mapping verification,UNDECIDED_OFFLINE,600104,true,revalidated history/liquidity evidence,v0.37 is offline; prior price-derived evidence is not current
WS:XSHG:600111,CN_CSI300,XSHG,600111,NOT_VERIFIED,MAPPING_PRESENT_NOT_REVALIDATED,HISTORY_NOT_CHECKED,LIQUIDITY_NOT_CHECKED,NOT_VERIFIED,true,P1,PRICE_HISTORY_AND_LIQUIDITY_REFRESH_REQUIRED,Mapping verification,UNDECIDED_OFFLINE,600111,true,revalidated history/liquidity evidence,v0.37 is offline; prior price-derived evidence is not current
WS:XSHG:600115,CN_CSI300,XSHG,600115,NOT_VERIFIED,MAPPING_PRESENT_NOT_REVALIDATED,HISTORY_NOT_CHECKED,LIQUIDITY_NOT_CHECKED,NOT_VERIFIED,true,P1,PRICE_HISTORY_AND_LIQUIDITY_REFRESH_REQUIRED,Mapping verification,UNDECIDED_OFFLINE,600115,true,revalidated history/liquidity evidence,v0.37 is offline; prior price-derived evidence is not current
WS:XSHG:600118,CN_CSI300,XSHG,600118,NOT_VERIFIED,MAPPING_PRESENT_NOT_REVALIDATED,HISTORY_NOT_CHECKED,LIQUIDITY_NOT_CHECKED,NOT_VERIFIED,true,P1,PRICE_HISTORY_AND_LIQUIDITY_REFRESH_REQUIRED,Mapping verification,UNDECIDED_OFFLINE,600118,true,revalidated history/liquidity evidence,v0.37 is offline; prior price-derived evidence is not current
WS:XSHG:600150,CN_CSI300,XSHG,600150,NOT_VERIFIED,MAPPING_PRESENT_NOT_REVALIDATED,HISTORY_NOT_CHECKED,LIQUIDITY_NOT_CHECKED,NOT_VERIFIED,true,P1,PRICE_HISTORY_AND_LIQUIDITY_REFRESH_REQUIRED,Mapping verification,UNDECIDED_OFFLINE,600150,true,revalidated history/liquidity evidence,v0.37 is offline; prior price-derived evidence is not current
WS:XSHG:600160,CN_CSI300,XSHG,600160,NOT_VERIFIED,MAPPING_PRESENT_NOT_REVALIDATED,HISTORY_NOT_CHECKED,LIQUIDITY_NOT_CHECKED,NOT_VERIFIED,true,P1,PRICE_HISTORY_AND_LIQUIDITY_REFRESH_REQUIRED,Mapping verification,UNDECIDED_OFFLINE,600160,true,revalidated history/liquidity evidence,v0.37 is offline; prior price-derived evidence is not current
WS:XSHG:600176,CN_CSI300,XSHG,600176,NOT_VERIFIED,MAPPING_PRESENT_NOT_REVALIDATED,HISTORY_NOT_CHECKED,LIQUIDITY_NOT_CHECKED,NOT_VERIFIED,true,P1,PRICE_HISTORY_AND_LIQUIDITY_REFRESH_REQUIRED,Mapping verification,UNDECIDED_OFFLINE,600176,true,revalidated history/liquidity evidence,v0.37 is offline; prior price-derived evidence is not current
WS:XSHG:600183,CN_CSI300,XSHG,600183,NOT_VERIFIED,MAPPING_PRESENT_NOT_REVALIDATED,HISTORY_NOT_CHECKED,LIQUIDITY_NOT_CHECKED,NOT_VERIFIED,true,P1,PRICE_HISTORY_AND_LIQUIDITY_REFRESH_REQUIRED,Mapping verification,UNDECIDED_OFFLINE,600183,true,revalidated history/liquidity evidence,v0.37 is offline; prior price-derived evidence is not current
WS:XSHG:600188,CN_CSI300,XSHG,600188,NOT_VERIFIED,MAPPING_PRESENT_NOT_REVALIDATED,HISTORY_NOT_CHECKED,LIQUIDITY_NOT_CHECKED,NOT_VERIFIED,true,P1,PRICE_HISTORY_AND_LIQUIDITY_REFRESH_REQUIRED,Mapping verification,UNDECIDED_OFFLINE,600188,true,revalidated history/liquidity evidence,v0.37 is offline; prior price-derived evidence is not current
WS:XSHG:600196,CN_CSI300,XSHG,600196,NOT_VERIFIED,MAPPING_PRESENT_NOT_REVALIDATED,HISTORY_NOT_CHECKED,LIQUIDITY_NOT_CHECKED,NOT_VERIFIED,true,P1,PRICE_HISTORY_AND_LIQUIDITY_REFRESH_REQUIRED,Mapping verification,UNDECIDED_OFFLINE,600196,true,revalidated history/liquidity evidence,v0.37 is offline; prior price-derived evidence is not current
WS:XSHG:600219,CN_CSI300,XSHG,600219,NOT_VERIFIED,MAPPING_PRESENT_NOT_REVALIDATED,HISTORY_NOT_CHECKED,LIQUIDITY_NOT_CHECKED,NOT_VERIFIED,true,P1,PRICE_HISTORY_AND_LIQUIDITY_REFRESH_REQUIRED,Mapping verification,UNDECIDED_OFFLINE,600219,true,revalidated history/liquidity evidence,v0.37 is offline; prior price-derived evidence is not current
WS:XSHG:600221,CN_CSI300,XSHG,600221,NOT_VERIFIED,MAPPING_PRESENT_NOT_REVALIDATED,HISTORY_NOT_CHECKED,LIQUIDITY_NOT_CHECKED,NOT_VERIFIED,true,P1,PRICE_HISTORY_AND_LIQUIDITY_REFRESH_REQUIRED,Mapping verification,UNDECIDED_OFFLINE,600221,true,revalidated history/liquidity evidence,v0.37 is offline; prior price-derived evidence is not current
WS:XSHG:600233,CN_CSI300,XSHG,600233,NOT_VERIFIED,MAPPING_PRESENT_NOT_REVALIDATED,HISTORY_NOT_CHECKED,LIQUIDITY_NOT_CHECKED,NOT_VERIFIED,true,P1,PRICE_HISTORY_AND_LIQUIDITY_REFRESH_REQUIRED,Mapping verification,UNDECIDED_OFFLINE,600233,true,revalidated history/liquidity evidence,v0.37 is offline; prior price-derived evidence is not current
WS:XSHG:600276,CN_CSI300,XSHG,600276,NOT_VERIFIED,MAPPING_PRESENT_NOT_REVALIDATED,HISTORY_NOT_CHECKED,LIQUIDITY_NOT_CHECKED,NOT_VERIFIED,true,P1,PRICE_HISTORY_AND_LIQUIDITY_REFRESH_REQUIRED,Mapping verification,UNDECIDED_OFFLINE,600276,true,revalidated history/liquidity evidence,v0.37 is offline; prior price-derived evidence is not current
WS:XSHG:600309,CN_CSI300,XSHG,600309,NOT_VERIFIED,MAPPING_PRESENT_NOT_REVALIDATED,HISTORY_NOT_CHECKED,LIQUIDITY_NOT_CHECKED,NOT_VERIFIED,true,P1,PRICE_HISTORY_AND_LIQUIDITY_REFRESH_REQUIRED,Mapping verification,UNDECIDED_OFFLINE,600309,true,revalidated history/liquidity evidence,v0.37 is offline; prior price-derived evidence is not current
WS:XSHG:600346,CN_CSI300,XSHG,600346,NOT_VERIFIED,MAPPING_PRESENT_NOT_REVALIDATED,HISTORY_NOT_CHECKED,LIQUIDITY_NOT_CHECKED,NOT_VERIFIED,true,P1,PRICE_HISTORY_AND_LIQUIDITY_REFRESH_REQUIRED,Mapping verification,UNDECIDED_OFFLINE,600346,true,revalidated history/liquidity evidence,v0.37 is offline; prior price-derived evidence is not current
WS:XSHG:600362,CN_CSI300,XSHG,600362,NOT_VERIFIED,MAPPING_PRESENT_NOT_REVALIDATED,HISTORY_NOT_CHECKED,LIQUIDITY_NOT_CHECKED,NOT_VERIFIED,true,P1,PRICE_HISTORY_AND_LIQUIDITY_REFRESH_REQUIRED,Mapping verification,UNDECIDED_OFFLINE,600362,true,revalidated history/liquidity evidence,v0.37 is offline; prior price-derived evidence is not current
WS:XSHG:600372,CN_CSI300,XSHG,600372,NOT_VERIFIED,MAPPING_PRESENT_NOT_REVALIDATED,HISTORY_NOT_CHECKED,LIQUIDITY_NOT_CHECKED,NOT_VERIFIED,true,P1,PRICE_HISTORY_AND_LIQUIDITY_REFRESH_REQUIRED,Mapping verification,UNDECIDED_OFFLINE,600372,true,revalidated history/liquidity evidence,v0.37 is offline; prior price-derived evidence is not current
WS:XSHG:600406,CN_CSI300,XSHG,600406,NOT_VERIFIED,MAPPING_PRESENT_NOT_REVALIDATED,HISTORY_NOT_CHECKED,LIQUIDITY_NOT_CHECKED,NOT_VERIFIED,true,P1,PRICE_HISTORY_AND_LIQUIDITY_REFRESH_REQUIRED,Mapping verification,UNDECIDED_OFFLINE,600406,true,revalidated history/liquidity evidence,v0.37 is offline; prior price-derived evidence is not current
WS:XSHG:600415,CN_CSI300,XSHG,600415,NOT_VERIFIED,MAPPING_PRESENT_NOT_REVALIDATED,HISTORY_NOT_CHECKED,LIQUIDITY_NOT_CHECKED,NOT_VERIFIED,true,P1,PRICE_HISTORY_AND_LIQUIDITY_REFRESH_REQUIRED,Mapping verification,UNDECIDED_OFFLINE,600415,true,revalidated history/liquidity evidence,v0.37 is offline; prior price-derived evidence is not current
WS:XSHG:600426,CN_CSI300,XSHG,600426,NOT_VERIFIED,MAPPING_PRESENT_NOT_REVALIDATED,HISTORY_NOT_CHECKED,LIQUIDITY_NOT_CHECKED,NOT_VERIFIED,true,P1,PRICE_HISTORY_AND_LIQUIDITY_REFRESH_REQUIRED,Mapping verification,UNDECIDED_OFFLINE,600426,true,revalidated history/liquidity evidence,v0.37 is offline; prior price-derived evidence is not current
WS:XSHG:600436,CN_CSI300,XSHG,600436,NOT_VERIFIED,MAPPING_PRESENT_NOT_REVALIDATED,HISTORY_NOT_CHECKED,LIQUIDITY_NOT_CHECKED,NOT_VERIFIED,true,P1,PRICE_HISTORY_AND_LIQUIDITY_REFRESH_REQUIRED,Mapping verification,UNDECIDED_OFFLINE,600436,true,revalidated history/liquidity evidence,v0.37 is offline; prior price-derived evidence is not current
WS:XSHG:600438,CN_CSI300,XSHG,600438,NOT_VERIFIED,MAPPING_PRESENT_NOT_REVALIDATED,HISTORY_NOT_CHECKED,LIQUIDITY_NOT_CHECKED,NOT_VERIFIED,true,P1,PRICE_HISTORY_AND_LIQUIDITY_REFRESH_REQUIRED,Mapping verification,UNDECIDED_OFFLINE,600438,true,revalidated history/liquidity evidence,v0.37 is offline; prior price-derived evidence is not current
WS:XSHG:600460,CN_CSI300,XSHG,600460,NOT_VERIFIED,MAPPING_PRESENT_NOT_REVALIDATED,HISTORY_NOT_CHECKED,LIQUIDITY_NOT_CHECKED,NOT_VERIFIED,true,P1,PRICE_HISTORY_AND_LIQUIDITY_REFRESH_REQUIRED,Mapping verification,UNDECIDED_OFFLINE,600460,true,revalidated history/liquidity evidence,v0.37 is offline; prior price-derived evidence is not current
WS:XSHG:600482,CN_CSI300,XSHG,600482,NOT_VERIFIED,MAPPING_PRESENT_NOT_REVALIDATED,HISTORY_NOT_CHECKED,LIQUIDITY_NOT_CHECKED,NOT_VERIFIED,true,P1,PRICE_HISTORY_AND_LIQUIDITY_REFRESH_REQUIRED,Mapping verification,UNDECIDED_OFFLINE,600482,true,revalidated history/liquidity evidence,v0.37 is offline; prior price-derived evidence is not current
WS:XSHG:600489,CN_CSI300,XSHG,600489,NOT_VERIFIED,MAPPING_PRESENT_NOT_REVALIDATED,HISTORY_NOT_CHECKED,LIQUIDITY_NOT_CHECKED,NOT_VERIFIED,true,P1,PRICE_HISTORY_AND_LIQUIDITY_REFRESH_REQUIRED,Mapping verification,UNDECIDED_OFFLINE,600489,true,revalidated history/liquidity evidence,v0.37 is offline; prior price-derived evidence is not current
WS:XSHG:600515,CN_CSI300,XSHG,600515,NOT_VERIFIED,MAPPING_PRESENT_NOT_REVALIDATED,HISTORY_NOT_CHECKED,LIQUIDITY_NOT_CHECKED,NOT_VERIFIED,true,P1,PRICE_HISTORY_AND_LIQUIDITY_REFRESH_REQUIRED,Mapping verification,UNDECIDED_OFFLINE,600515,true,revalidated history/liquidity evidence,v0.37 is offline; prior price-derived evidence is not current
WS:XSHG:600519,CN_CSI300,XSHG,600519,NOT_VERIFIED,MAPPING_PRESENT_NOT_REVALIDATED,HISTORY_NOT_CHECKED,LIQUIDITY_NOT_CHECKED,NOT_VERIFIED,true,P1,PRICE_HISTORY_AND_LIQUIDITY_REFRESH_REQUIRED,Mapping verification,UNDECIDED_OFFLINE,600519,true,revalidated history/liquidity evidence,v0.37 is offline; prior price-derived evidence is not current
WS:XSHG:600522,CN_CSI300,XSHG,600522,NOT_VERIFIED,MAPPING_PRESENT_NOT_REVALIDATED,HISTORY_NOT_CHECKED,LIQUIDITY_NOT_CHECKED,NOT_VERIFIED,true,P1,PRICE_HISTORY_AND_LIQUIDITY_REFRESH_REQUIRED,Mapping verification,UNDECIDED_OFFLINE,600522,true,revalidated history/liquidity evidence,v0.37 is offline; prior price-derived evidence is not current
WS:XSHG:600547,CN_CSI300,XSHG,600547,NOT_VERIFIED,MAPPING_PRESENT_NOT_REVALIDATED,HISTORY_NOT_CHECKED,LIQUIDITY_NOT_CHECKED,NOT_VERIFIED,true,P1,PRICE_HISTORY_AND_LIQUIDITY_REFRESH_REQUIRED,Mapping verification,UNDECIDED_OFFLINE,600547,true,revalidated history/liquidity evidence,v0.37 is offline; prior price-derived evidence is not current
WS:XSHG:600549,CN_CSI300,XSHG,600549,NOT_VERIFIED,MAPPING_PRESENT_NOT_REVALIDATED,HISTORY_NOT_CHECKED,LIQUIDITY_NOT_CHECKED,NOT_VERIFIED,true,P1,PRICE_HISTORY_AND_LIQUIDITY_REFRESH_REQUIRED,Mapping verification,UNDECIDED_OFFLINE,600549,true,revalidated history/liquidity evidence,v0.37 is offline; prior price-derived evidence is not current
WS:XSHG:600570,CN_CSI300,XSHG,600570,NOT_VERIFIED,MAPPING_PRESENT_NOT_REVALIDATED,HISTORY_NOT_CHECKED,LIQUIDITY_NOT_CHECKED,NOT_VERIFIED,true,P1,PRICE_HISTORY_AND_LIQUIDITY_REFRESH_REQUIRED,Mapping verification,UNDECIDED_OFFLINE,600570,true,revalidated history/liquidity evidence,v0.37 is offline; prior price-derived evidence is not current
WS:XSHG:600584,CN_CSI300,XSHG,600584,NOT_VERIFIED,MAPPING_PRESENT_NOT_REVALIDATED,HISTORY_NOT_CHECKED,LIQUIDITY_NOT_CHECKED,NOT_VERIFIED,true,P1,PRICE_HISTORY_AND_LIQUIDITY_REFRESH_REQUIRED,Mapping verification,UNDECIDED_OFFLINE,600584,true,revalidated history/liquidity evidence,v0.37 is offline; prior price-derived evidence is not current
WS:XSHG:600585,CN_CSI300,XSHG,600585,NOT_VERIFIED,MAPPING_PRESENT_NOT_REVALIDATED,HISTORY_NOT_CHECKED,LIQUIDITY_NOT_CHECKED,NOT_VERIFIED,true,P1,PRICE_HISTORY_AND_LIQUIDITY_REFRESH_REQUIRED,Mapping verification,UNDECIDED_OFFLINE,600585,true,revalidated history/liquidity evidence,v0.37 is offline; prior price-derived evidence is not current
WS:XSHG:600588,CN_CSI300,XSHG,600588,NOT_VERIFIED,MAPPING_PRESENT_NOT_REVALIDATED,HISTORY_NOT_CHECKED,LIQUIDITY_NOT_CHECKED,NOT_VERIFIED,true,P1,PRICE_HISTORY_AND_LIQUIDITY_REFRESH_REQUIRED,Mapping verification,UNDECIDED_OFFLINE,600588,true,revalidated history/liquidity evidence,v0.37 is offline; prior price-derived evidence is not current
WS:XSHG:600600,CN_CSI300,XSHG,600600,NOT_VERIFIED,MAPPING_PRESENT_NOT_REVALIDATED,HISTORY_NOT_CHECKED,LIQUIDITY_NOT_CHECKED,NOT_VERIFIED,true,P1,PRICE_HISTORY_AND_LIQUIDITY_REFRESH_REQUIRED,Mapping verification,UNDECIDED_OFFLINE,600600,true,revalidated history/liquidity evidence,v0.37 is offline; prior price-derived evidence is not current
WS:XSHG:600660,CN_CSI300,XSHG,600660,NOT_VERIFIED,MAPPING_PRESENT_NOT_REVALIDATED,HISTORY_NOT_CHECKED,LIQUIDITY_NOT_CHECKED,NOT_VERIFIED,true,P1,PRICE_HISTORY_AND_LIQUIDITY_REFRESH_REQUIRED,Mapping verification,UNDECIDED_OFFLINE,600660,true,revalidated history/liquidity evidence,v0.37 is offline; prior price-derived evidence is not current
WS:XSHG:600674,CN_CSI300,XSHG,600674,NOT_VERIFIED,MAPPING_PRESENT_NOT_REVALIDATED,HISTORY_NOT_CHECKED,LIQUIDITY_NOT_CHECKED,NOT_VERIFIED,true,P1,PRICE_HISTORY_AND_LIQUIDITY_REFRESH_REQUIRED,Mapping verification,UNDECIDED_OFFLINE,600674,true,revalidated history/liquidity evidence,v0.37 is offline; prior price-derived evidence is not current
WS:XSHG:600690,CN_CSI300,XSHG,600690,NOT_VERIFIED,MAPPING_PRESENT_NOT_REVALIDATED,HISTORY_NOT_CHECKED,LIQUIDITY_NOT_CHECKED,NOT_VERIFIED,true,P1,PRICE_HISTORY_AND_LIQUIDITY_REFRESH_REQUIRED,Mapping verification,UNDECIDED_OFFLINE,600690,true,revalidated history/liquidity evidence,v0.37 is offline; prior price-derived evidence is not current
WS:XSHG:600741,CN_CSI300,XSHG,600741,NOT_VERIFIED,MAPPING_PRESENT_NOT_REVALIDATED,HISTORY_NOT_CHECKED,LIQUIDITY_NOT_CHECKED,NOT_VERIFIED,true,P1,PRICE_HISTORY_AND_LIQUIDITY_REFRESH_REQUIRED,Mapping verification,UNDECIDED_OFFLINE,600741,true,revalidated history/liquidity evidence,v0.37 is offline; prior price-derived evidence is not current
WS:XSHG:600760,CN_CSI300,XSHG,600760,NOT_VERIFIED,MAPPING_PRESENT_NOT_REVALIDATED,HISTORY_NOT_CHECKED,LIQUIDITY_NOT_CHECKED,NOT_VERIFIED,true,P1,PRICE_HISTORY_AND_LIQUIDITY_REFRESH_REQUIRED,Mapping verification,UNDECIDED_OFFLINE,600760,true,revalidated history/liquidity evidence,v0.37 is offline; prior price-derived evidence is not current
WS:XSHG:600795,CN_CSI300,XSHG,600795,NOT_VERIFIED,MAPPING_PRESENT_NOT_REVALIDATED,HISTORY_NOT_CHECKED,LIQUIDITY_NOT_CHECKED,NOT_VERIFIED,true,P1,PRICE_HISTORY_AND_LIQUIDITY_REFRESH_REQUIRED,Mapping verification,UNDECIDED_OFFLINE,600795,true,revalidated history/liquidity evidence,v0.37 is offline; prior price-derived evidence is not current
WS:XSHG:600803,CN_CSI300,XSHG,600803,NOT_VERIFIED,MAPPING_PRESENT_NOT_REVALIDATED,HISTORY_NOT_CHECKED,LIQUIDITY_NOT_CHECKED,NOT_VERIFIED,true,P1,PRICE_HISTORY_AND_LIQUIDITY_REFRESH_REQUIRED,Mapping verification,UNDECIDED_OFFLINE,600803,true,revalidated history/liquidity evidence,v0.37 is offline; prior price-derived evidence is not current
WS:XSHG:600809,CN_CSI300,XSHG,600809,NOT_VERIFIED,MAPPING_PRESENT_NOT_REVALIDATED,HISTORY_NOT_CHECKED,LIQUIDITY_NOT_CHECKED,NOT_VERIFIED,true,P1,PRICE_HISTORY_AND_LIQUIDITY_REFRESH_REQUIRED,Mapping verification,UNDECIDED_OFFLINE,600809,true,revalidated history/liquidity evidence,v0.37 is offline; prior price-derived evidence is not current
WS:XSHG:600845,CN_CSI300,XSHG,600845,NOT_VERIFIED,MAPPING_PRESENT_NOT_REVALIDATED,HISTORY_NOT_CHECKED,LIQUIDITY_NOT_CHECKED,NOT_VERIFIED,true,P1,PRICE_HISTORY_AND_LIQUIDITY_REFRESH_REQUIRED,Mapping verification,UNDECIDED_OFFLINE,600845,true,revalidated history/liquidity evidence,v0.37 is offline; prior price-derived evidence is not current
WS:XSHG:600875,CN_CSI300,XSHG,600875,NOT_VERIFIED,MAPPING_PRESENT_NOT_REVALIDATED,HISTORY_NOT_CHECKED,LIQUIDITY_NOT_CHECKED,NOT_VERIFIED,true,P1,PRICE_HISTORY_AND_LIQUIDITY_REFRESH_REQUIRED,Mapping verification,UNDECIDED_OFFLINE,600875,true,revalidated history/liquidity evidence,v0.37 is offline; prior price-derived evidence is not current
WS:XSHG:600886,CN_CSI300,XSHG,600886,NOT_VERIFIED,MAPPING_PRESENT_NOT_REVALIDATED,HISTORY_NOT_CHECKED,LIQUIDITY_NOT_CHECKED,NOT_VERIFIED,true,P1,PRICE_HISTORY_AND_LIQUIDITY_REFRESH_REQUIRED,Mapping verification,UNDECIDED_OFFLINE,600886,true,revalidated history/liquidity evidence,v0.37 is offline; prior price-derived evidence is not current
WS:XSHG:600887,CN_CSI300,XSHG,600887,NOT_VERIFIED,MAPPING_PRESENT_NOT_REVALIDATED,HISTORY_NOT_CHECKED,LIQUIDITY_NOT_CHECKED,NOT_VERIFIED,true,P1,PRICE_HISTORY_AND_LIQUIDITY_REFRESH_REQUIRED,Mapping verification,UNDECIDED_OFFLINE,600887,true,revalidated history/liquidity evidence,v0.37 is offline; prior price-derived evidence is not current
WS:XSHG:600893,CN_CSI300,XSHG,600893,NOT_VERIFIED,MAPPING_PRESENT_NOT_REVALIDATED,HISTORY_NOT_CHECKED,LIQUIDITY_NOT_CHECKED,NOT_VERIFIED,true,P1,PRICE_HISTORY_AND_LIQUIDITY_REFRESH_REQUIRED,Mapping verification,UNDECIDED_OFFLINE,600893,true,revalidated history/liquidity evidence,v0.37 is offline; prior price-derived evidence is not current
WS:XSHG:600900,CN_CSI300,XSHG,600900,NOT_VERIFIED,MAPPING_PRESENT_NOT_REVALIDATED,HISTORY_NOT_CHECKED,LIQUIDITY_NOT_CHECKED,NOT_VERIFIED,true,P1,PRICE_HISTORY_AND_LIQUIDITY_REFRESH_REQUIRED,Mapping verification,UNDECIDED_OFFLINE,600900,true,revalidated history/liquidity evidence,v0.37 is offline; prior price-derived evidence is not current
WS:XSHG:600905,CN_CSI300,XSHG,600905,NOT_VERIFIED,MAPPING_PRESENT_NOT_REVALIDATED,HISTORY_NOT_CHECKED,LIQUIDITY_NOT_CHECKED,NOT_VERIFIED,true,P1,PRICE_HISTORY_AND_LIQUIDITY_REFRESH_REQUIRED,Mapping verification,UNDECIDED_OFFLINE,600905,true,revalidated history/liquidity evidence,v0.37 is offline; prior price-derived evidence is not current
WS:XSHG:600918,CN_CSI300,XSHG,600918,NOT_VERIFIED,MAPPING_PRESENT_NOT_REVALIDATED,HISTORY_NOT_CHECKED,LIQUIDITY_NOT_CHECKED,NOT_VERIFIED,true,P1,PRICE_HISTORY_AND_LIQUIDITY_REFRESH_REQUIRED,Mapping verification,UNDECIDED_OFFLINE,600918,true,revalidated history/liquidity evidence,v0.37 is offline; prior price-derived evidence is not current
WS:XSHG:600919,CN_CSI300,XSHG,600919,NOT_VERIFIED,MAPPING_PRESENT_NOT_REVALIDATED,HISTORY_NOT_CHECKED,LIQUIDITY_NOT_CHECKED,NOT_VERIFIED,true,P1,PRICE_HISTORY_AND_LIQUIDITY_REFRESH_REQUIRED,Mapping verification,UNDECIDED_OFFLINE,600919,true,revalidated history/liquidity evidence,v0.37 is offline; prior price-derived evidence is not current
WS:XSHG:600926,CN_CSI300,XSHG,600926,NOT_VERIFIED,MAPPING_PRESENT_NOT_REVALIDATED,HISTORY_NOT_CHECKED,LIQUIDITY_NOT_CHECKED,NOT_VERIFIED,true,P1,PRICE_HISTORY_AND_LIQUIDITY_REFRESH_REQUIRED,Mapping verification,UNDECIDED_OFFLINE,600926,true,revalidated history/liquidity evidence,v0.37 is offline; prior price-derived evidence is not current
WS:XSHG:600930,CN_CSI300,XSHG,600930,NOT_VERIFIED,MAPPING_PRESENT_NOT_REVALIDATED,HISTORY_NOT_CHECKED,LIQUIDITY_NOT_CHECKED,NOT_VERIFIED,true,P1,PRICE_HISTORY_AND_LIQUIDITY_REFRESH_REQUIRED,Mapping verification,UNDECIDED_OFFLINE,600930,true,revalidated history/liquidity evidence,v0.37 is offline; prior price-derived evidence is not current
WS:XSHG:600938,CN_CSI300,XSHG,600938,NOT_VERIFIED,MAPPING_PRESENT_NOT_REVALIDATED,HISTORY_NOT_CHECKED,LIQUIDITY_NOT_CHECKED,NOT_VERIFIED,true,P1,PRICE_HISTORY_AND_LIQUIDITY_REFRESH_REQUIRED,Mapping verification,UNDECIDED_OFFLINE,600938,true,revalidated history/liquidity evidence,v0.37 is offline; prior price-derived evidence is not current
WS:XSHG:600941,CN_CSI300,XSHG,600941,NOT_VERIFIED,MAPPING_PRESENT_NOT_REVALIDATED,HISTORY_NOT_CHECKED,LIQUIDITY_NOT_CHECKED,NOT_VERIFIED,true,P1,PRICE_HISTORY_AND_LIQUIDITY_REFRESH_REQUIRED,Mapping verification,UNDECIDED_OFFLINE,600941,true,revalidated history/liquidity evidence,v0.37 is offline; prior price-derived evidence is not current
WS:XSHG:600958,CN_CSI300,XSHG,600958,NOT_VERIFIED,MAPPING_PRESENT_NOT_REVALIDATED,HISTORY_NOT_CHECKED,LIQUIDITY_NOT_CHECKED,NOT_VERIFIED,true,P1,PRICE_HISTORY_AND_LIQUIDITY_REFRESH_REQUIRED,Mapping verification,UNDECIDED_OFFLINE,600958,true,revalidated history/liquidity evidence,v0.37 is offline; prior price-derived evidence is not current
WS:XSHG:600989,CN_CSI300,XSHG,600989,NOT_VERIFIED,MAPPING_PRESENT_NOT_REVALIDATED,HISTORY_NOT_CHECKED,LIQUIDITY_NOT_CHECKED,NOT_VERIFIED,true,P1,PRICE_HISTORY_AND_LIQUIDITY_REFRESH_REQUIRED,Mapping verification,UNDECIDED_OFFLINE,600989,true,revalidated history/liquidity evidence,v0.37 is offline; prior price-derived evidence is not current
WS:XSHG:600999,CN_CSI300,XSHG,600999,NOT_VERIFIED,MAPPING_PRESENT_NOT_REVALIDATED,HISTORY_NOT_CHECKED,LIQUIDITY_NOT_CHECKED,NOT_VERIFIED,true,P1,PRICE_HISTORY_AND_LIQUIDITY_REFRESH_REQUIRED,Mapping verification,UNDECIDED_OFFLINE,600999,true,revalidated history/liquidity evidence,v0.37 is offline; prior price-derived evidence is not current
WS:XSHG:601006,CN_CSI300,XSHG,601006,NOT_VERIFIED,MAPPING_PRESENT_NOT_REVALIDATED,HISTORY_NOT_CHECKED,LIQUIDITY_NOT_CHECKED,NOT_VERIFIED,true,P1,PRICE_HISTORY_AND_LIQUIDITY_REFRESH_REQUIRED,Mapping verification,UNDECIDED_OFFLINE,601006,true,revalidated history/liquidity evidence,v0.37 is offline; prior price-derived evidence is not current
WS:XSHG:601009,CN_CSI300,XSHG,601009,NOT_VERIFIED,MAPPING_PRESENT_NOT_REVALIDATED,HISTORY_NOT_CHECKED,LIQUIDITY_NOT_CHECKED,NOT_VERIFIED,true,P1,PRICE_HISTORY_AND_LIQUIDITY_REFRESH_REQUIRED,Mapping verification,UNDECIDED_OFFLINE,601009,true,revalidated history/liquidity evidence,v0.37 is offline; prior price-derived evidence is not current
WS:XSHG:601012,CN_CSI300,XSHG,601012,NOT_VERIFIED,MAPPING_PRESENT_NOT_REVALIDATED,HISTORY_NOT_CHECKED,LIQUIDITY_NOT_CHECKED,NOT_VERIFIED,true,P1,PRICE_HISTORY_AND_LIQUIDITY_REFRESH_REQUIRED,Mapping verification,UNDECIDED_OFFLINE,601012,true,revalidated history/liquidity evidence,v0.37 is offline; prior price-derived evidence is not current
WS:XSHG:601018,CN_CSI300,XSHG,601018,NOT_VERIFIED,MAPPING_PRESENT_NOT_REVALIDATED,HISTORY_NOT_CHECKED,LIQUIDITY_NOT_CHECKED,NOT_VERIFIED,true,P1,PRICE_HISTORY_AND_LIQUIDITY_REFRESH_REQUIRED,Mapping verification,UNDECIDED_OFFLINE,601018,true,revalidated history/liquidity evidence,v0.37 is offline; prior price-derived evidence is not current
WS:XSHG:601021,CN_CSI300,XSHG,601021,NOT_VERIFIED,MAPPING_PRESENT_NOT_REVALIDATED,HISTORY_NOT_CHECKED,LIQUIDITY_NOT_CHECKED,NOT_VERIFIED,true,P1,PRICE_HISTORY_AND_LIQUIDITY_REFRESH_REQUIRED,Mapping verification,UNDECIDED_OFFLINE,601021,true,revalidated history/liquidity evidence,v0.37 is offline; prior price-derived evidence is not current
WS:XSHG:601058,CN_CSI300,XSHG,601058,NOT_VERIFIED,MAPPING_PRESENT_NOT_REVALIDATED,HISTORY_NOT_CHECKED,LIQUIDITY_NOT_CHECKED,NOT_VERIFIED,true,P1,PRICE_HISTORY_AND_LIQUIDITY_REFRESH_REQUIRED,Mapping verification,UNDECIDED_OFFLINE,601058,true,revalidated history/liquidity evidence,v0.37 is offline; prior price-derived evidence is not current
WS:XSHG:601059,CN_CSI300,XSHG,601059,NOT_VERIFIED,MAPPING_PRESENT_NOT_REVALIDATED,HISTORY_NOT_CHECKED,LIQUIDITY_NOT_CHECKED,NOT_VERIFIED,true,P1,PRICE_HISTORY_AND_LIQUIDITY_REFRESH_REQUIRED,Mapping verification,UNDECIDED_OFFLINE,601059,true,revalidated history/liquidity evidence,v0.37 is offline; prior price-derived evidence is not current
WS:XSHG:601066,CN_CSI300,XSHG,601066,NOT_VERIFIED,MAPPING_PRESENT_NOT_REVALIDATED,HISTORY_NOT_CHECKED,LIQUIDITY_NOT_CHECKED,NOT_VERIFIED,true,P1,PRICE_HISTORY_AND_LIQUIDITY_REFRESH_REQUIRED,Mapping verification,UNDECIDED_OFFLINE,601066,true,revalidated history/liquidity evidence,v0.37 is offline; prior price-derived evidence is not current
WS:XSHG:601077,CN_CSI300,XSHG,601077,NOT_VERIFIED,MAPPING_PRESENT_NOT_REVALIDATED,HISTORY_NOT_CHECKED,LIQUIDITY_NOT_CHECKED,NOT_VERIFIED,true,P1,PRICE_HISTORY_AND_LIQUIDITY_REFRESH_REQUIRED,Mapping verification,UNDECIDED_OFFLINE,601077,true,revalidated history/liquidity evidence,v0.37 is offline; prior price-derived evidence is not current
WS:XSHG:601088,CN_CSI300,XSHG,601088,NOT_VERIFIED,MAPPING_PRESENT_NOT_REVALIDATED,HISTORY_NOT_CHECKED,LIQUIDITY_NOT_CHECKED,NOT_VERIFIED,true,P1,PRICE_HISTORY_AND_LIQUIDITY_REFRESH_REQUIRED,Mapping verification,UNDECIDED_OFFLINE,601088,true,revalidated history/liquidity evidence,v0.37 is offline; prior price-derived evidence is not current
WS:XSHG:601100,CN_CSI300,XSHG,601100,NOT_VERIFIED,MAPPING_PRESENT_NOT_REVALIDATED,HISTORY_NOT_CHECKED,LIQUIDITY_NOT_CHECKED,NOT_VERIFIED,true,P1,PRICE_HISTORY_AND_LIQUIDITY_REFRESH_REQUIRED,Mapping verification,UNDECIDED_OFFLINE,601100,true,revalidated history/liquidity evidence,v0.37 is offline; prior price-derived evidence is not current
WS:XSHG:601111,CN_CSI300,XSHG,601111,NOT_VERIFIED,MAPPING_PRESENT_NOT_REVALIDATED,HISTORY_NOT_CHECKED,LIQUIDITY_NOT_CHECKED,NOT_VERIFIED,true,P1,PRICE_HISTORY_AND_LIQUIDITY_REFRESH_REQUIRED,Mapping verification,UNDECIDED_OFFLINE,601111,true,revalidated history/liquidity evidence,v0.37 is offline; prior price-derived evidence is not current
WS:XSHG:601117,CN_CSI300,XSHG,601117,NOT_VERIFIED,MAPPING_PRESENT_NOT_REVALIDATED,HISTORY_NOT_CHECKED,LIQUIDITY_NOT_CHECKED,NOT_VERIFIED,true,P1,PRICE_HISTORY_AND_LIQUIDITY_REFRESH_REQUIRED,Mapping verification,UNDECIDED_OFFLINE,601117,true,revalidated history/liquidity evidence,v0.37 is offline; prior price-derived evidence is not current
WS:XSHG:601127,CN_CSI300,XSHG,601127,NOT_VERIFIED,MAPPING_PRESENT_NOT_REVALIDATED,HISTORY_NOT_CHECKED,LIQUIDITY_NOT_CHECKED,NOT_VERIFIED,true,P1,PRICE_HISTORY_AND_LIQUIDITY_REFRESH_REQUIRED,Mapping verification,UNDECIDED_OFFLINE,601127,true,revalidated history/liquidity evidence,v0.37 is offline; prior price-derived evidence is not current
WS:XSHG:601136,CN_CSI300,XSHG,601136,NOT_VERIFIED,MAPPING_PRESENT_NOT_REVALIDATED,HISTORY_NOT_CHECKED,LIQUIDITY_NOT_CHECKED,NOT_VERIFIED,true,P1,PRICE_HISTORY_AND_LIQUIDITY_REFRESH_REQUIRED,Mapping verification,UNDECIDED_OFFLINE,601136,true,revalidated history/liquidity evidence,v0.37 is offline; prior price-derived evidence is not current
WS:XSHG:601138,CN_CSI300,XSHG,601138,NOT_VERIFIED,MAPPING_PRESENT_NOT_REVALIDATED,HISTORY_NOT_CHECKED,LIQUIDITY_NOT_CHECKED,NOT_VERIFIED,true,P1,PRICE_HISTORY_AND_LIQUIDITY_REFRESH_REQUIRED,Mapping verification,UNDECIDED_OFFLINE,601138,true,revalidated history/liquidity evidence,v0.37 is offline; prior price-derived evidence is not current
WS:XSHG:601166,CN_CSI300,XSHG,601166,NOT_VERIFIED,MAPPING_PRESENT_NOT_REVALIDATED,HISTORY_NOT_CHECKED,LIQUIDITY_NOT_CHECKED,NOT_VERIFIED,true,P1,PRICE_HISTORY_AND_LIQUIDITY_REFRESH_REQUIRED,Mapping verification,UNDECIDED_OFFLINE,601166,true,revalidated history/liquidity evidence,v0.37 is offline; prior price-derived evidence is not current
WS:XSHG:601169,CN_CSI300,XSHG,601169,NOT_VERIFIED,MAPPING_PRESENT_NOT_REVALIDATED,HISTORY_NOT_CHECKED,LIQUIDITY_NOT_CHECKED,NOT_VERIFIED,true,P1,PRICE_HISTORY_AND_LIQUIDITY_REFRESH_REQUIRED,Mapping verification,UNDECIDED_OFFLINE,601169,true,revalidated history/liquidity evidence,v0.37 is offline; prior price-derived evidence is not current
WS:XSHG:601186,CN_CSI300,XSHG,601186,NOT_VERIFIED,MAPPING_PRESENT_NOT_REVALIDATED,HISTORY_NOT_CHECKED,LIQUIDITY_NOT_CHECKED,NOT_VERIFIED,true,P1,PRICE_HISTORY_AND_LIQUIDITY_REFRESH_REQUIRED,Mapping verification,UNDECIDED_OFFLINE,601186,true,revalidated history/liquidity evidence,v0.37 is offline; prior price-derived evidence is not current
WS:XSHG:601211,CN_CSI300,XSHG,601211,NOT_VERIFIED,MAPPING_PRESENT_NOT_REVALIDATED,HISTORY_NOT_CHECKED,LIQUIDITY_NOT_CHECKED,NOT_VERIFIED,true,P1,PRICE_HISTORY_AND_LIQUIDITY_REFRESH_REQUIRED,Mapping verification,UNDECIDED_OFFLINE,601211,true,revalidated history/liquidity evidence,v0.37 is offline; prior price-derived evidence is not current
WS:XSHG:601225,CN_CSI300,XSHG,601225,NOT_VERIFIED,MAPPING_PRESENT_NOT_REVALIDATED,HISTORY_NOT_CHECKED,LIQUIDITY_NOT_CHECKED,NOT_VERIFIED,true,P1,PRICE_HISTORY_AND_LIQUIDITY_REFRESH_REQUIRED,Mapping verification,UNDECIDED_OFFLINE,601225,true,revalidated history/liquidity evidence,v0.37 is offline; prior price-derived evidence is not current
WS:XSHG:601229,CN_CSI300,XSHG,601229,NOT_VERIFIED,MAPPING_PRESENT_NOT_REVALIDATED,HISTORY_NOT_CHECKED,LIQUIDITY_NOT_CHECKED,NOT_VERIFIED,true,P1,PRICE_HISTORY_AND_LIQUIDITY_REFRESH_REQUIRED,Mapping verification,UNDECIDED_OFFLINE,601229,true,revalidated history/liquidity evidence,v0.37 is offline; prior price-derived evidence is not current
WS:XSHG:601238,CN_CSI300,XSHG,601238,NOT_VERIFIED,MAPPING_PRESENT_NOT_REVALIDATED,HISTORY_NOT_CHECKED,LIQUIDITY_NOT_CHECKED,NOT_VERIFIED,true,P1,PRICE_HISTORY_AND_LIQUIDITY_REFRESH_REQUIRED,Mapping verification,UNDECIDED_OFFLINE,601238,true,revalidated history/liquidity evidence,v0.37 is offline; prior price-derived evidence is not current
WS:XSHG:601288,CN_CSI300,XSHG,601288,NOT_VERIFIED,MAPPING_PRESENT_NOT_REVALIDATED,HISTORY_NOT_CHECKED,LIQUIDITY_NOT_CHECKED,NOT_VERIFIED,true,P1,PRICE_HISTORY_AND_LIQUIDITY_REFRESH_REQUIRED,Mapping verification,UNDECIDED_OFFLINE,601288,true,revalidated history/liquidity evidence,v0.37 is offline; prior price-derived evidence is not current
WS:XSHG:601318,CN_CSI300,XSHG,601318,NOT_VERIFIED,MAPPING_PRESENT_NOT_REVALIDATED,HISTORY_NOT_CHECKED,LIQUIDITY_NOT_CHECKED,NOT_VERIFIED,true,P1,PRICE_HISTORY_AND_LIQUIDITY_REFRESH_REQUIRED,Mapping verification,UNDECIDED_OFFLINE,601318,true,revalidated history/liquidity evidence,v0.37 is offline; prior price-derived evidence is not current
WS:XSHG:601319,CN_CSI300,XSHG,601319,NOT_VERIFIED,MAPPING_PRESENT_NOT_REVALIDATED,HISTORY_NOT_CHECKED,LIQUIDITY_NOT_CHECKED,NOT_VERIFIED,true,P1,PRICE_HISTORY_AND_LIQUIDITY_REFRESH_REQUIRED,Mapping verification,UNDECIDED_OFFLINE,601319,true,revalidated history/liquidity evidence,v0.37 is offline; prior price-derived evidence is not current
WS:XSHG:601328,CN_CSI300,XSHG,601328,NOT_VERIFIED,MAPPING_PRESENT_NOT_REVALIDATED,HISTORY_NOT_CHECKED,LIQUIDITY_NOT_CHECKED,NOT_VERIFIED,true,P1,PRICE_HISTORY_AND_LIQUIDITY_REFRESH_REQUIRED,Mapping verification,UNDECIDED_OFFLINE,601328,true,revalidated history/liquidity evidence,v0.37 is offline; prior price-derived evidence is not current
WS:XSHG:601336,CN_CSI300,XSHG,601336,NOT_VERIFIED,MAPPING_PRESENT_NOT_REVALIDATED,HISTORY_NOT_CHECKED,LIQUIDITY_NOT_CHECKED,NOT_VERIFIED,true,P1,PRICE_HISTORY_AND_LIQUIDITY_REFRESH_REQUIRED,Mapping verification,UNDECIDED_OFFLINE,601336,true,revalidated history/liquidity evidence,v0.37 is offline; prior price-derived evidence is not current
WS:XSHG:601360,CN_CSI300,XSHG,601360,NOT_VERIFIED,MAPPING_PRESENT_NOT_REVALIDATED,HISTORY_NOT_CHECKED,LIQUIDITY_NOT_CHECKED,NOT_VERIFIED,true,P1,PRICE_HISTORY_AND_LIQUIDITY_REFRESH_REQUIRED,Mapping verification,UNDECIDED_OFFLINE,601360,true,revalidated history/liquidity evidence,v0.37 is offline; prior price-derived evidence is not current
WS:XSHG:601377,CN_CSI300,XSHG,601377,NOT_VERIFIED,MAPPING_PRESENT_NOT_REVALIDATED,HISTORY_NOT_CHECKED,LIQUIDITY_NOT_CHECKED,NOT_VERIFIED,true,P1,PRICE_HISTORY_AND_LIQUIDITY_REFRESH_REQUIRED,Mapping verification,UNDECIDED_OFFLINE,601377,true,revalidated history/liquidity evidence,v0.37 is offline; prior price-derived evidence is not current
WS:XSHG:601390,CN_CSI300,XSHG,601390,NOT_VERIFIED,MAPPING_PRESENT_NOT_REVALIDATED,HISTORY_NOT_CHECKED,LIQUIDITY_NOT_CHECKED,NOT_VERIFIED,true,P1,PRICE_HISTORY_AND_LIQUIDITY_REFRESH_REQUIRED,Mapping verification,UNDECIDED_OFFLINE,601390,true,revalidated history/liquidity evidence,v0.37 is offline; prior price-derived evidence is not current
WS:XSHG:601398,CN_CSI300,XSHG,601398,NOT_VERIFIED,MAPPING_PRESENT_NOT_REVALIDATED,HISTORY_NOT_CHECKED,LIQUIDITY_NOT_CHECKED,NOT_VERIFIED,true,P1,PRICE_HISTORY_AND_LIQUIDITY_REFRESH_REQUIRED,Mapping verification,UNDECIDED_OFFLINE,601398,true,revalidated history/liquidity evidence,v0.37 is offline; prior price-derived evidence is not current
WS:XSHG:601456,CN_CSI300,XSHG,601456,NOT_VERIFIED,MAPPING_PRESENT_NOT_REVALIDATED,HISTORY_NOT_CHECKED,LIQUIDITY_NOT_CHECKED,NOT_VERIFIED,true,P1,PRICE_HISTORY_AND_LIQUIDITY_REFRESH_REQUIRED,Mapping verification,UNDECIDED_OFFLINE,601456,true,revalidated history/liquidity evidence,v0.37 is offline; prior price-derived evidence is not current
WS:XSHG:601600,CN_CSI300,XSHG,601600,NOT_VERIFIED,MAPPING_PRESENT_NOT_REVALIDATED,HISTORY_NOT_CHECKED,LIQUIDITY_NOT_CHECKED,NOT_VERIFIED,true,P1,PRICE_HISTORY_AND_LIQUIDITY_REFRESH_REQUIRED,Mapping verification,UNDECIDED_OFFLINE,601600,true,revalidated history/liquidity evidence,v0.37 is offline; prior price-derived evidence is not current
WS:XSHG:601601,CN_CSI300,XSHG,601601,NOT_VERIFIED,MAPPING_PRESENT_NOT_REVALIDATED,HISTORY_NOT_CHECKED,LIQUIDITY_NOT_CHECKED,NOT_VERIFIED,true,P1,PRICE_HISTORY_AND_LIQUIDITY_REFRESH_REQUIRED,Mapping verification,UNDECIDED_OFFLINE,601601,true,revalidated history/liquidity evidence,v0.37 is offline; prior price-derived evidence is not current
WS:XSHG:601607,CN_CSI300,XSHG,601607,NOT_VERIFIED,MAPPING_PRESENT_NOT_REVALIDATED,HISTORY_NOT_CHECKED,LIQUIDITY_NOT_CHECKED,NOT_VERIFIED,true,P1,PRICE_HISTORY_AND_LIQUIDITY_REFRESH_REQUIRED,Mapping verification,UNDECIDED_OFFLINE,601607,true,revalidated history/liquidity evidence,v0.37 is offline; prior price-derived evidence is not current
WS:XSHG:601618,CN_CSI300,XSHG,601618,NOT_VERIFIED,MAPPING_PRESENT_NOT_REVALIDATED,HISTORY_NOT_CHECKED,LIQUIDITY_NOT_CHECKED,NOT_VERIFIED,true,P1,PRICE_HISTORY_AND_LIQUIDITY_REFRESH_REQUIRED,Mapping verification,UNDECIDED_OFFLINE,601618,true,revalidated history/liquidity evidence,v0.37 is offline; prior price-derived evidence is not current
WS:XSHG:601628,CN_CSI300,XSHG,601628,NOT_VERIFIED,MAPPING_PRESENT_NOT_REVALIDATED,HISTORY_NOT_CHECKED,LIQUIDITY_NOT_CHECKED,NOT_VERIFIED,true,P1,PRICE_HISTORY_AND_LIQUIDITY_REFRESH_REQUIRED,Mapping verification,UNDECIDED_OFFLINE,601628,true,revalidated history/liquidity evidence,v0.37 is offline; prior price-derived evidence is not current
WS:XSHG:601633,CN_CSI300,XSHG,601633,NOT_VERIFIED,MAPPING_PRESENT_NOT_REVALIDATED,HISTORY_NOT_CHECKED,LIQUIDITY_NOT_CHECKED,NOT_VERIFIED,true,P1,PRICE_HISTORY_AND_LIQUIDITY_REFRESH_REQUIRED,Mapping verification,UNDECIDED_OFFLINE,601633,true,revalidated history/liquidity evidence,v0.37 is offline; prior price-derived evidence is not current
WS:XSHG:601658,CN_CSI300,XSHG,601658,NOT_VERIFIED,MAPPING_PRESENT_NOT_REVALIDATED,HISTORY_NOT_CHECKED,LIQUIDITY_NOT_CHECKED,NOT_VERIFIED,true,P1,PRICE_HISTORY_AND_LIQUIDITY_REFRESH_REQUIRED,Mapping verification,UNDECIDED_OFFLINE,601658,true,revalidated history/liquidity evidence,v0.37 is offline; prior price-derived evidence is not current
WS:XSHG:601668,CN_CSI300,XSHG,601668,NOT_VERIFIED,MAPPING_PRESENT_NOT_REVALIDATED,HISTORY_NOT_CHECKED,LIQUIDITY_NOT_CHECKED,NOT_VERIFIED,true,P1,PRICE_HISTORY_AND_LIQUIDITY_REFRESH_REQUIRED,Mapping verification,UNDECIDED_OFFLINE,601668,true,revalidated history/liquidity evidence,v0.37 is offline; prior price-derived evidence is not current
WS:XSHG:601669,CN_CSI300,XSHG,601669,NOT_VERIFIED,MAPPING_PRESENT_NOT_REVALIDATED,HISTORY_NOT_CHECKED,LIQUIDITY_NOT_CHECKED,NOT_VERIFIED,true,P1,PRICE_HISTORY_AND_LIQUIDITY_REFRESH_REQUIRED,Mapping verification,UNDECIDED_OFFLINE,601669,true,revalidated history/liquidity evidence,v0.37 is offline; prior price-derived evidence is not current
WS:XSHG:601688,CN_CSI300,XSHG,601688,NOT_VERIFIED,MAPPING_PRESENT_NOT_REVALIDATED,HISTORY_NOT_CHECKED,LIQUIDITY_NOT_CHECKED,NOT_VERIFIED,true,P1,PRICE_HISTORY_AND_LIQUIDITY_REFRESH_REQUIRED,Mapping verification,UNDECIDED_OFFLINE,601688,true,revalidated history/liquidity evidence,v0.37 is offline; prior price-derived evidence is not current
WS:XSHG:601689,CN_CSI300,XSHG,601689,NOT_VERIFIED,MAPPING_PRESENT_NOT_REVALIDATED,HISTORY_NOT_CHECKED,LIQUIDITY_NOT_CHECKED,NOT_VERIFIED,true,P1,PRICE_HISTORY_AND_LIQUIDITY_REFRESH_REQUIRED,Mapping verification,UNDECIDED_OFFLINE,601689,true,revalidated history/liquidity evidence,v0.37 is offline; prior price-derived evidence is not current
WS:XSHG:601698,CN_CSI300,XSHG,601698,NOT_VERIFIED,MAPPING_PRESENT_NOT_REVALIDATED,HISTORY_NOT_CHECKED,LIQUIDITY_NOT_CHECKED,NOT_VERIFIED,true,P1,PRICE_HISTORY_AND_LIQUIDITY_REFRESH_REQUIRED,Mapping verification,UNDECIDED_OFFLINE,601698,true,revalidated history/liquidity evidence,v0.37 is offline; prior price-derived evidence is not current
WS:XSHG:601727,CN_CSI300,XSHG,601727,NOT_VERIFIED,MAPPING_PRESENT_NOT_REVALIDATED,HISTORY_NOT_CHECKED,LIQUIDITY_NOT_CHECKED,NOT_VERIFIED,true,P1,PRICE_HISTORY_AND_LIQUIDITY_REFRESH_REQUIRED,Mapping verification,UNDECIDED_OFFLINE,601727,true,revalidated history/liquidity evidence,v0.37 is offline; prior price-derived evidence is not current
WS:XSHG:601728,CN_CSI300,XSHG,601728,NOT_VERIFIED,MAPPING_PRESENT_NOT_REVALIDATED,HISTORY_NOT_CHECKED,LIQUIDITY_NOT_CHECKED,NOT_VERIFIED,true,P1,PRICE_HISTORY_AND_LIQUIDITY_REFRESH_REQUIRED,Mapping verification,UNDECIDED_OFFLINE,601728,true,revalidated history/liquidity evidence,v0.37 is offline; prior price-derived evidence is not current
WS:XSHG:601766,CN_CSI300,XSHG,601766,NOT_VERIFIED,MAPPING_PRESENT_NOT_REVALIDATED,HISTORY_NOT_CHECKED,LIQUIDITY_NOT_CHECKED,NOT_VERIFIED,true,P1,PRICE_HISTORY_AND_LIQUIDITY_REFRESH_REQUIRED,Mapping verification,UNDECIDED_OFFLINE,601766,true,revalidated history/liquidity evidence,v0.37 is offline; prior price-derived evidence is not current
WS:XSHG:601788,CN_CSI300,XSHG,601788,NOT_VERIFIED,MAPPING_PRESENT_NOT_REVALIDATED,HISTORY_NOT_CHECKED,LIQUIDITY_NOT_CHECKED,NOT_VERIFIED,true,P1,PRICE_HISTORY_AND_LIQUIDITY_REFRESH_REQUIRED,Mapping verification,UNDECIDED_OFFLINE,601788,true,revalidated history/liquidity evidence,v0.37 is offline; prior price-derived evidence is not current
WS:XSHG:601800,CN_CSI300,XSHG,601800,NOT_VERIFIED,MAPPING_PRESENT_NOT_REVALIDATED,HISTORY_NOT_CHECKED,LIQUIDITY_NOT_CHECKED,NOT_VERIFIED,true,P1,PRICE_HISTORY_AND_LIQUIDITY_REFRESH_REQUIRED,Mapping verification,UNDECIDED_OFFLINE,601800,true,revalidated history/liquidity evidence,v0.37 is offline; prior price-derived evidence is not current
WS:XSHG:601816,CN_CSI300,XSHG,601816,NOT_VERIFIED,MAPPING_PRESENT_NOT_REVALIDATED,HISTORY_NOT_CHECKED,LIQUIDITY_NOT_CHECKED,NOT_VERIFIED,true,P1,PRICE_HISTORY_AND_LIQUIDITY_REFRESH_REQUIRED,Mapping verification,UNDECIDED_OFFLINE,601816,true,revalidated history/liquidity evidence,v0.37 is offline; prior price-derived evidence is not current
WS:XSHG:601818,CN_CSI300,XSHG,601818,NOT_VERIFIED,MAPPING_PRESENT_NOT_REVALIDATED,HISTORY_NOT_CHECKED,LIQUIDITY_NOT_CHECKED,NOT_VERIFIED,true,P1,PRICE_HISTORY_AND_LIQUIDITY_REFRESH_REQUIRED,Mapping verification,UNDECIDED_OFFLINE,601818,true,revalidated history/liquidity evidence,v0.37 is offline; prior price-derived evidence is not current
WS:XSHG:601825,CN_CSI300,XSHG,601825,NOT_VERIFIED,MAPPING_PRESENT_NOT_REVALIDATED,HISTORY_NOT_CHECKED,LIQUIDITY_NOT_CHECKED,NOT_VERIFIED,true,P1,PRICE_HISTORY_AND_LIQUIDITY_REFRESH_REQUIRED,Mapping verification,UNDECIDED_OFFLINE,601825,true,revalidated history/liquidity evidence,v0.37 is offline; prior price-derived evidence is not current
WS:XSHG:601838,CN_CSI300,XSHG,601838,NOT_VERIFIED,MAPPING_PRESENT_NOT_REVALIDATED,HISTORY_NOT_CHECKED,LIQUIDITY_NOT_CHECKED,NOT_VERIFIED,true,P1,PRICE_HISTORY_AND_LIQUIDITY_REFRESH_REQUIRED,Mapping verification,UNDECIDED_OFFLINE,601838,true,revalidated history/liquidity evidence,v0.37 is offline; prior price-derived evidence is not current
WS:XSHG:601857,CN_CSI300,XSHG,601857,NOT_VERIFIED,MAPPING_PRESENT_NOT_REVALIDATED,HISTORY_NOT_CHECKED,LIQUIDITY_NOT_CHECKED,NOT_VERIFIED,true,P1,PRICE_HISTORY_AND_LIQUIDITY_REFRESH_REQUIRED,Mapping verification,UNDECIDED_OFFLINE,601857,true,revalidated history/liquidity evidence,v0.37 is offline; prior price-derived evidence is not current
WS:XSHG:601868,CN_CSI300,XSHG,601868,NOT_VERIFIED,MAPPING_PRESENT_NOT_REVALIDATED,HISTORY_NOT_CHECKED,LIQUIDITY_NOT_CHECKED,NOT_VERIFIED,true,P1,PRICE_HISTORY_AND_LIQUIDITY_REFRESH_REQUIRED,Mapping verification,UNDECIDED_OFFLINE,601868,true,revalidated history/liquidity evidence,v0.37 is offline; prior price-derived evidence is not current
WS:XSHG:601872,CN_CSI300,XSHG,601872,NOT_VERIFIED,MAPPING_PRESENT_NOT_REVALIDATED,HISTORY_NOT_CHECKED,LIQUIDITY_NOT_CHECKED,NOT_VERIFIED,true,P1,PRICE_HISTORY_AND_LIQUIDITY_REFRESH_REQUIRED,Mapping verification,UNDECIDED_OFFLINE,601872,true,revalidated history/liquidity evidence,v0.37 is offline; prior price-derived evidence is not current
WS:XSHG:601877,CN_CSI300,XSHG,601877,NOT_VERIFIED,MAPPING_PRESENT_NOT_REVALIDATED,HISTORY_NOT_CHECKED,LIQUIDITY_NOT_CHECKED,NOT_VERIFIED,true,P1,PRICE_HISTORY_AND_LIQUIDITY_REFRESH_REQUIRED,Mapping verification,UNDECIDED_OFFLINE,601877,true,revalidated history/liquidity evidence,v0.37 is offline; prior price-derived evidence is not current
WS:XSHG:601878,CN_CSI300,XSHG,601878,NOT_VERIFIED,MAPPING_PRESENT_NOT_REVALIDATED,HISTORY_NOT_CHECKED,LIQUIDITY_NOT_CHECKED,NOT_VERIFIED,true,P1,PRICE_HISTORY_AND_LIQUIDITY_REFRESH_REQUIRED,Mapping verification,UNDECIDED_OFFLINE,601878,true,revalidated history/liquidity evidence,v0.37 is offline; prior price-derived evidence is not current
WS:XSHG:601881,CN_CSI300,XSHG,601881,NOT_VERIFIED,MAPPING_PRESENT_NOT_REVALIDATED,HISTORY_NOT_CHECKED,LIQUIDITY_NOT_CHECKED,NOT_VERIFIED,true,P1,PRICE_HISTORY_AND_LIQUIDITY_REFRESH_REQUIRED,Mapping verification,UNDECIDED_OFFLINE,601881,true,revalidated history/liquidity evidence,v0.37 is offline; prior price-derived evidence is not current
WS:XSHG:601888,CN_CSI300,XSHG,601888,NOT_VERIFIED,MAPPING_PRESENT_NOT_REVALIDATED,HISTORY_NOT_CHECKED,LIQUIDITY_NOT_CHECKED,NOT_VERIFIED,true,P1,PRICE_HISTORY_AND_LIQUIDITY_REFRESH_REQUIRED,Mapping verification,UNDECIDED_OFFLINE,601888,true,revalidated history/liquidity evidence,v0.37 is offline; prior price-derived evidence is not current
WS:XSHG:601898,CN_CSI300,XSHG,601898,NOT_VERIFIED,MAPPING_PRESENT_NOT_REVALIDATED,HISTORY_NOT_CHECKED,LIQUIDITY_NOT_CHECKED,NOT_VERIFIED,true,P1,PRICE_HISTORY_AND_LIQUIDITY_REFRESH_REQUIRED,Mapping verification,UNDECIDED_OFFLINE,601898,true,revalidated history/liquidity evidence,v0.37 is offline; prior price-derived evidence is not current
WS:XSHG:601899,CN_CSI300,XSHG,601899,NOT_VERIFIED,MAPPING_PRESENT_NOT_REVALIDATED,HISTORY_NOT_CHECKED,LIQUIDITY_NOT_CHECKED,NOT_VERIFIED,true,P1,PRICE_HISTORY_AND_LIQUIDITY_REFRESH_REQUIRED,Mapping verification,UNDECIDED_OFFLINE,601899,true,revalidated history/liquidity evidence,v0.37 is offline; prior price-derived evidence is not current
WS:XSHG:601901,CN_CSI300,XSHG,601901,NOT_VERIFIED,MAPPING_PRESENT_NOT_REVALIDATED,HISTORY_NOT_CHECKED,LIQUIDITY_NOT_CHECKED,NOT_VERIFIED,true,P1,PRICE_HISTORY_AND_LIQUIDITY_REFRESH_REQUIRED,Mapping verification,UNDECIDED_OFFLINE,601901,true,revalidated history/liquidity evidence,v0.37 is offline; prior price-derived evidence is not current
WS:XSHG:601916,CN_CSI300,XSHG,601916,NOT_VERIFIED,MAPPING_PRESENT_NOT_REVALIDATED,HISTORY_NOT_CHECKED,LIQUIDITY_NOT_CHECKED,NOT_VERIFIED,true,P1,PRICE_HISTORY_AND_LIQUIDITY_REFRESH_REQUIRED,Mapping verification,UNDECIDED_OFFLINE,601916,true,revalidated history/liquidity evidence,v0.37 is offline; prior price-derived evidence is not current
WS:XSHG:601919,CN_CSI300,XSHG,601919,NOT_VERIFIED,MAPPING_PRESENT_NOT_REVALIDATED,HISTORY_NOT_CHECKED,LIQUIDITY_NOT_CHECKED,NOT_VERIFIED,true,P1,PRICE_HISTORY_AND_LIQUIDITY_REFRESH_REQUIRED,Mapping verification,UNDECIDED_OFFLINE,601919,true,revalidated history/liquidity evidence,v0.37 is offline; prior price-derived evidence is not current
WS:XSHG:601939,CN_CSI300,XSHG,601939,NOT_VERIFIED,MAPPING_PRESENT_NOT_REVALIDATED,HISTORY_NOT_CHECKED,LIQUIDITY_NOT_CHECKED,NOT_VERIFIED,true,P1,PRICE_HISTORY_AND_LIQUIDITY_REFRESH_REQUIRED,Mapping verification,UNDECIDED_OFFLINE,601939,true,revalidated history/liquidity evidence,v0.37 is offline; prior price-derived evidence is not current
WS:XSHG:601985,CN_CSI300,XSHG,601985,NOT_VERIFIED,MAPPING_PRESENT_NOT_REVALIDATED,HISTORY_NOT_CHECKED,LIQUIDITY_NOT_CHECKED,NOT_VERIFIED,true,P1,PRICE_HISTORY_AND_LIQUIDITY_REFRESH_REQUIRED,Mapping verification,UNDECIDED_OFFLINE,601985,true,revalidated history/liquidity evidence,v0.37 is offline; prior price-derived evidence is not current
WS:XSHG:601988,CN_CSI300,XSHG,601988,NOT_VERIFIED,MAPPING_PRESENT_NOT_REVALIDATED,HISTORY_NOT_CHECKED,LIQUIDITY_NOT_CHECKED,NOT_VERIFIED,true,P1,PRICE_HISTORY_AND_LIQUIDITY_REFRESH_REQUIRED,Mapping verification,UNDECIDED_OFFLINE,601988,true,revalidated history/liquidity evidence,v0.37 is offline; prior price-derived evidence is not current
WS:XSHG:601995,CN_CSI300,XSHG,601995,NOT_VERIFIED,MAPPING_PRESENT_NOT_REVALIDATED,HISTORY_NOT_CHECKED,LIQUIDITY_NOT_CHECKED,NOT_VERIFIED,true,P1,PRICE_HISTORY_AND_LIQUIDITY_REFRESH_REQUIRED,Mapping verification,UNDECIDED_OFFLINE,601995,true,revalidated history/liquidity evidence,v0.37 is offline; prior price-derived evidence is not current
WS:XSHG:601998,CN_CSI300,XSHG,601998,NOT_VERIFIED,MAPPING_PRESENT_NOT_REVALIDATED,HISTORY_NOT_CHECKED,LIQUIDITY_NOT_CHECKED,NOT_VERIFIED,true,P1,PRICE_HISTORY_AND_LIQUIDITY_REFRESH_REQUIRED,Mapping verification,UNDECIDED_OFFLINE,601998,true,revalidated history/liquidity evidence,v0.37 is offline; prior price-derived evidence is not current
WS:XSHG:603019,CN_CSI300,XSHG,603019,NOT_VERIFIED,MAPPING_PRESENT_NOT_REVALIDATED,HISTORY_NOT_CHECKED,LIQUIDITY_NOT_CHECKED,NOT_VERIFIED,true,P1,PRICE_HISTORY_AND_LIQUIDITY_REFRESH_REQUIRED,Mapping verification,UNDECIDED_OFFLINE,603019,true,revalidated history/liquidity evidence,v0.37 is offline; prior price-derived evidence is not current
WS:XSHG:603259,CN_CSI300,XSHG,603259,NOT_VERIFIED,MAPPING_PRESENT_NOT_REVALIDATED,HISTORY_NOT_CHECKED,LIQUIDITY_NOT_CHECKED,NOT_VERIFIED,true,P1,PRICE_HISTORY_AND_LIQUIDITY_REFRESH_REQUIRED,Mapping verification,UNDECIDED_OFFLINE,603259,true,revalidated history/liquidity evidence,v0.37 is offline; prior price-derived evidence is not current
WS:XSHG:603260,CN_CSI300,XSHG,603260,NOT_VERIFIED,MAPPING_PRESENT_NOT_REVALIDATED,HISTORY_NOT_CHECKED,LIQUIDITY_NOT_CHECKED,NOT_VERIFIED,true,P1,PRICE_HISTORY_AND_LIQUIDITY_REFRESH_REQUIRED,Mapping verification,UNDECIDED_OFFLINE,603260,true,revalidated history/liquidity evidence,v0.37 is offline; prior price-derived evidence is not current
WS:XSHG:603288,CN_CSI300,XSHG,603288,NOT_VERIFIED,MAPPING_PRESENT_NOT_REVALIDATED,HISTORY_NOT_CHECKED,LIQUIDITY_NOT_CHECKED,NOT_VERIFIED,true,P1,PRICE_HISTORY_AND_LIQUIDITY_REFRESH_REQUIRED,Mapping verification,UNDECIDED_OFFLINE,603288,true,revalidated history/liquidity evidence,v0.37 is offline; prior price-derived evidence is not current
WS:XSHG:603296,CN_CSI300,XSHG,603296,NOT_VERIFIED,MAPPING_PRESENT_NOT_REVALIDATED,HISTORY_NOT_CHECKED,LIQUIDITY_NOT_CHECKED,NOT_VERIFIED,true,P1,PRICE_HISTORY_AND_LIQUIDITY_REFRESH_REQUIRED,Mapping verification,UNDECIDED_OFFLINE,603296,true,revalidated history/liquidity evidence,v0.37 is offline; prior price-derived evidence is not current
WS:XSHG:603369,CN_CSI300,XSHG,603369,NOT_VERIFIED,MAPPING_PRESENT_NOT_REVALIDATED,HISTORY_NOT_CHECKED,LIQUIDITY_NOT_CHECKED,NOT_VERIFIED,true,P1,PRICE_HISTORY_AND_LIQUIDITY_REFRESH_REQUIRED,Mapping verification,UNDECIDED_OFFLINE,603369,true,revalidated history/liquidity evidence,v0.37 is offline; prior price-derived evidence is not current
WS:XSHG:603392,CN_CSI300,XSHG,603392,NOT_VERIFIED,MAPPING_PRESENT_NOT_REVALIDATED,HISTORY_NOT_CHECKED,LIQUIDITY_NOT_CHECKED,NOT_VERIFIED,true,P1,PRICE_HISTORY_AND_LIQUIDITY_REFRESH_REQUIRED,Mapping verification,UNDECIDED_OFFLINE,603392,true,revalidated history/liquidity evidence,v0.37 is offline; prior price-derived evidence is not current
WS:XSHG:603501,CN_CSI300,XSHG,603501,NOT_VERIFIED,MAPPING_PRESENT_NOT_REVALIDATED,HISTORY_NOT_CHECKED,LIQUIDITY_NOT_CHECKED,NOT_VERIFIED,true,P1,PRICE_HISTORY_AND_LIQUIDITY_REFRESH_REQUIRED,Mapping verification,UNDECIDED_OFFLINE,603501,true,revalidated history/liquidity evidence,v0.37 is offline; prior price-derived evidence is not current
WS:XSHG:603799,CN_CSI300,XSHG,603799,NOT_VERIFIED,MAPPING_PRESENT_NOT_REVALIDATED,HISTORY_NOT_CHECKED,LIQUIDITY_NOT_CHECKED,NOT_VERIFIED,true,P1,PRICE_HISTORY_AND_LIQUIDITY_REFRESH_REQUIRED,Mapping verification,UNDECIDED_OFFLINE,603799,true,revalidated history/liquidity evidence,v0.37 is offline; prior price-derived evidence is not current
WS:XSHG:603893,CN_CSI300,XSHG,603893,NOT_VERIFIED,MAPPING_PRESENT_NOT_REVALIDATED,HISTORY_NOT_CHECKED,LIQUIDITY_NOT_CHECKED,NOT_VERIFIED,true,P1,PRICE_HISTORY_AND_LIQUIDITY_REFRESH_REQUIRED,Mapping verification,UNDECIDED_OFFLINE,603893,true,revalidated history/liquidity evidence,v0.37 is offline; prior price-derived evidence is not current
WS:XSHG:603986,CN_CSI300,XSHG,603986,NOT_VERIFIED,MAPPING_PRESENT_NOT_REVALIDATED,HISTORY_NOT_CHECKED,LIQUIDITY_NOT_CHECKED,NOT_VERIFIED,true,P1,PRICE_HISTORY_AND_LIQUIDITY_REFRESH_REQUIRED,Mapping verification,UNDECIDED_OFFLINE,603986,true,revalidated history/liquidity evidence,v0.37 is offline; prior price-derived evidence is not current
WS:XSHG:603993,CN_CSI300,XSHG,603993,NOT_VERIFIED,MAPPING_PRESENT_NOT_REVALIDATED,HISTORY_NOT_CHECKED,LIQUIDITY_NOT_CHECKED,NOT_VERIFIED,true,P1,PRICE_HISTORY_AND_LIQUIDITY_REFRESH_REQUIRED,Mapping verification,UNDECIDED_OFFLINE,603993,true,revalidated history/liquidity evidence,v0.37 is offline; prior price-derived evidence is not current
WS:XSHG:605117,CN_CSI300,XSHG,605117,NOT_VERIFIED,MAPPING_PRESENT_NOT_REVALIDATED,HISTORY_NOT_CHECKED,LIQUIDITY_NOT_CHECKED,NOT_VERIFIED,true,P1,PRICE_HISTORY_AND_LIQUIDITY_REFRESH_REQUIRED,Mapping verification,UNDECIDED_OFFLINE,605117,true,revalidated history/liquidity evidence,v0.37 is offline; prior price-derived evidence is not current
WS:XSHG:605499,CN_CSI300,XSHG,605499,NOT_VERIFIED,MAPPING_PRESENT_NOT_REVALIDATED,HISTORY_NOT_CHECKED,LIQUIDITY_NOT_CHECKED,NOT_VERIFIED,true,P1,PRICE_HISTORY_AND_LIQUIDITY_REFRESH_REQUIRED,Mapping verification,UNDECIDED_OFFLINE,605499,true,revalidated history/liquidity evidence,v0.37 is offline; prior price-derived evidence is not current
WS:XSHG:688008,CN_CSI300,XSHG,688008,NOT_VERIFIED,MAPPING_PRESENT_NOT_REVALIDATED,HISTORY_NOT_CHECKED,LIQUIDITY_NOT_CHECKED,NOT_VERIFIED,true,P1,PRICE_HISTORY_AND_LIQUIDITY_REFRESH_REQUIRED,Mapping verification,UNDECIDED_OFFLINE,688008,true,revalidated history/liquidity evidence,v0.37 is offline; prior price-derived evidence is not current
WS:XSHG:688009,CN_CSI300,XSHG,688009,NOT_VERIFIED,MAPPING_PRESENT_NOT_REVALIDATED,HISTORY_NOT_CHECKED,LIQUIDITY_NOT_CHECKED,NOT_VERIFIED,true,P1,PRICE_HISTORY_AND_LIQUIDITY_REFRESH_REQUIRED,Mapping verification,UNDECIDED_OFFLINE,688009,true,revalidated history/liquidity evidence,v0.37 is offline; prior price-derived evidence is not current
WS:XSHG:688012,CN_CSI300,XSHG,688012,NOT_VERIFIED,MAPPING_PRESENT_NOT_REVALIDATED,HISTORY_NOT_CHECKED,LIQUIDITY_NOT_CHECKED,NOT_VERIFIED,true,P1,PRICE_HISTORY_AND_LIQUIDITY_REFRESH_REQUIRED,Mapping verification,UNDECIDED_OFFLINE,688012,true,revalidated history/liquidity evidence,v0.37 is offline; prior price-derived evidence is not current
WS:XSHG:688036,CN_CSI300,XSHG,688036,NOT_VERIFIED,MAPPING_PRESENT_NOT_REVALIDATED,HISTORY_NOT_CHECKED,LIQUIDITY_NOT_CHECKED,NOT_VERIFIED,true,P1,PRICE_HISTORY_AND_LIQUIDITY_REFRESH_REQUIRED,Mapping verification,UNDECIDED_OFFLINE,688036,true,revalidated history/liquidity evidence,v0.37 is offline; prior price-derived evidence is not current
WS:XSHG:688041,CN_CSI300,XSHG,688041,NOT_VERIFIED,MAPPING_PRESENT_NOT_REVALIDATED,HISTORY_NOT_CHECKED,LIQUIDITY_NOT_CHECKED,NOT_VERIFIED,true,P1,PRICE_HISTORY_AND_LIQUIDITY_REFRESH_REQUIRED,Mapping verification,UNDECIDED_OFFLINE,688041,true,revalidated history/liquidity evidence,v0.37 is offline; prior price-derived evidence is not current
WS:XSHG:688047,CN_CSI300,XSHG,688047,NOT_VERIFIED,MAPPING_PRESENT_NOT_REVALIDATED,HISTORY_NOT_CHECKED,LIQUIDITY_NOT_CHECKED,NOT_VERIFIED,true,P1,PRICE_HISTORY_AND_LIQUIDITY_REFRESH_REQUIRED,Mapping verification,UNDECIDED_OFFLINE,688047,true,revalidated history/liquidity evidence,v0.37 is offline; prior price-derived evidence is not current
WS:XSHG:688072,CN_CSI300,XSHG,688072,NOT_VERIFIED,MAPPING_PRESENT_NOT_REVALIDATED,HISTORY_NOT_CHECKED,LIQUIDITY_NOT_CHECKED,NOT_VERIFIED,true,P1,PRICE_HISTORY_AND_LIQUIDITY_REFRESH_REQUIRED,Mapping verification,UNDECIDED_OFFLINE,688072,true,revalidated history/liquidity evidence,v0.37 is offline; prior price-derived evidence is not current
WS:XSHG:688082,CN_CSI300,XSHG,688082,NOT_VERIFIED,MAPPING_PRESENT_NOT_REVALIDATED,HISTORY_NOT_CHECKED,LIQUIDITY_NOT_CHECKED,NOT_VERIFIED,true,P1,PRICE_HISTORY_AND_LIQUIDITY_REFRESH_REQUIRED,Mapping verification,UNDECIDED_OFFLINE,688082,true,revalidated history/liquidity evidence,v0.37 is offline; prior price-derived evidence is not current
WS:XSHG:688111,CN_CSI300,XSHG,688111,NOT_VERIFIED,MAPPING_PRESENT_NOT_REVALIDATED,HISTORY_NOT_CHECKED,LIQUIDITY_NOT_CHECKED,NOT_VERIFIED,true,P1,PRICE_HISTORY_AND_LIQUIDITY_REFRESH_REQUIRED,Mapping verification,UNDECIDED_OFFLINE,688111,true,revalidated history/liquidity evidence,v0.37 is offline; prior price-derived evidence is not current
WS:XSHG:688126,CN_CSI300,XSHG,688126,NOT_VERIFIED,MAPPING_PRESENT_NOT_REVALIDATED,HISTORY_NOT_CHECKED,LIQUIDITY_NOT_CHECKED,NOT_VERIFIED,true,P1,PRICE_HISTORY_AND_LIQUIDITY_REFRESH_REQUIRED,Mapping verification,UNDECIDED_OFFLINE,688126,true,revalidated history/liquidity evidence,v0.37 is offline; prior price-derived evidence is not current
WS:XSHG:688183,CN_CSI300,XSHG,688183,NOT_VERIFIED,MAPPING_PRESENT_NOT_REVALIDATED,HISTORY_NOT_CHECKED,LIQUIDITY_NOT_CHECKED,NOT_VERIFIED,true,P1,PRICE_HISTORY_AND_LIQUIDITY_REFRESH_REQUIRED,Mapping verification,UNDECIDED_OFFLINE,688183,true,revalidated history/liquidity evidence,v0.37 is offline; prior price-derived evidence is not current
WS:XSHG:688223,CN_CSI300,XSHG,688223,NOT_VERIFIED,MAPPING_PRESENT_NOT_REVALIDATED,HISTORY_NOT_CHECKED,LIQUIDITY_NOT_CHECKED,NOT_VERIFIED,true,P1,PRICE_HISTORY_AND_LIQUIDITY_REFRESH_REQUIRED,Mapping verification,UNDECIDED_OFFLINE,688223,true,revalidated history/liquidity evidence,v0.37 is offline; prior price-derived evidence is not current
WS:XSHG:688256,CN_CSI300,XSHG,688256,NOT_VERIFIED,MAPPING_PRESENT_NOT_REVALIDATED,HISTORY_NOT_CHECKED,LIQUIDITY_NOT_CHECKED,NOT_VERIFIED,true,P1,PRICE_HISTORY_AND_LIQUIDITY_REFRESH_REQUIRED,Mapping verification,UNDECIDED_OFFLINE,688256,true,revalidated history/liquidity evidence,v0.37 is offline; prior price-derived evidence is not current
WS:XSHG:688271,CN_CSI300,XSHG,688271,NOT_VERIFIED,MAPPING_PRESENT_NOT_REVALIDATED,HISTORY_NOT_CHECKED,LIQUIDITY_NOT_CHECKED,NOT_VERIFIED,true,P1,PRICE_HISTORY_AND_LIQUIDITY_REFRESH_REQUIRED,Mapping verification,UNDECIDED_OFFLINE,688271,true,revalidated history/liquidity evidence,v0.37 is offline; prior price-derived evidence is not current
WS:XSHG:688303,CN_CSI300,XSHG,688303,NOT_VERIFIED,MAPPING_PRESENT_NOT_REVALIDATED,HISTORY_NOT_CHECKED,LIQUIDITY_NOT_CHECKED,NOT_VERIFIED,true,P1,PRICE_HISTORY_AND_LIQUIDITY_REFRESH_REQUIRED,Mapping verification,UNDECIDED_OFFLINE,688303,true,revalidated history/liquidity evidence,v0.37 is offline; prior price-derived evidence is not current
WS:XSHG:688396,CN_CSI300,XSHG,688396,NOT_VERIFIED,MAPPING_PRESENT_NOT_REVALIDATED,HISTORY_NOT_CHECKED,LIQUIDITY_NOT_CHECKED,NOT_VERIFIED,true,P1,PRICE_HISTORY_AND_LIQUIDITY_REFRESH_REQUIRED,Mapping verification,UNDECIDED_OFFLINE,688396,true,revalidated history/liquidity evidence,v0.37 is offline; prior price-derived evidence is not current
WS:XSHG:688472,CN_CSI300,XSHG,688472,NOT_VERIFIED,MAPPING_PRESENT_NOT_REVALIDATED,HISTORY_NOT_CHECKED,LIQUIDITY_NOT_CHECKED,NOT_VERIFIED,true,P1,PRICE_HISTORY_AND_LIQUIDITY_REFRESH_REQUIRED,Mapping verification,UNDECIDED_OFFLINE,688472,true,revalidated history/liquidity evidence,v0.37 is offline; prior price-derived evidence is not current
WS:XSHG:688506,CN_CSI300,XSHG,688506,NOT_VERIFIED,MAPPING_PRESENT_NOT_REVALIDATED,HISTORY_NOT_CHECKED,LIQUIDITY_NOT_CHECKED,NOT_VERIFIED,true,P1,PRICE_HISTORY_AND_LIQUIDITY_REFRESH_REQUIRED,Mapping verification,UNDECIDED_OFFLINE,688506,true,revalidated history/liquidity evidence,v0.37 is offline; prior price-derived evidence is not current
WS:XSHG:688521,CN_CSI300,XSHG,688521,NOT_VERIFIED,MAPPING_PRESENT_NOT_REVALIDATED,HISTORY_NOT_CHECKED,LIQUIDITY_NOT_CHECKED,NOT_VERIFIED,true,P1,PRICE_HISTORY_AND_LIQUIDITY_REFRESH_REQUIRED,Mapping verification,UNDECIDED_OFFLINE,688521,true,revalidated history/liquidity evidence,v0.37 is offline; prior price-derived evidence is not current
WS:XSHG:688981,CN_CSI300,XSHG,688981,NOT_VERIFIED,MAPPING_PRESENT_NOT_REVALIDATED,HISTORY_NOT_CHECKED,LIQUIDITY_NOT_CHECKED,NOT_VERIFIED,true,P1,PRICE_HISTORY_AND_LIQUIDITY_REFRESH_REQUIRED,Mapping verification,UNDECIDED_OFFLINE,688981,true,revalidated history/liquidity evidence,v0.37 is offline; prior price-derived evidence is not current
WS:XSTO:AAK.ST,EU_STOXX600,XSTO,AAK.ST,NOT_VERIFIED,MAPPING_PRESENT_NOT_REVALIDATED,HISTORY_NOT_CHECKED,LIQUIDITY_NOT_CHECKED,NOT_VERIFIED,true,P1,PRICE_HISTORY_AND_LIQUIDITY_REFRESH_REQUIRED,Mapping verification,UNDECIDED_OFFLINE,AAK.ST,true,revalidated history/liquidity evidence,v0.37 is offline; prior price-derived evidence is not current
WS:XSTO:ADDTB.ST,EU_STOXX600,XSTO,ADDTb.ST,NOT_VERIFIED,MAPPING_PRESENT_NOT_REVALIDATED,HISTORY_NOT_CHECKED,LIQUIDITY_NOT_CHECKED,NOT_VERIFIED,true,P1,PRICE_HISTORY_AND_LIQUIDITY_REFRESH_REQUIRED,Mapping verification,UNDECIDED_OFFLINE,ADDTb.ST,true,revalidated history/liquidity evidence,v0.37 is offline; prior price-derived evidence is not current
WS:XSTO:ALFA.ST,EU_STOXX600,XSTO,ALFA.ST,NOT_VERIFIED,MAPPING_PRESENT_NOT_REVALIDATED,HISTORY_NOT_CHECKED,LIQUIDITY_NOT_CHECKED,NOT_VERIFIED,true,P1,PRICE_HISTORY_AND_LIQUIDITY_REFRESH_REQUIRED,Mapping verification,UNDECIDED_OFFLINE,ALFA.ST,true,revalidated history/liquidity evidence,v0.37 is offline; prior price-derived evidence is not current
WS:XSTO:ASSAB.ST,EU_STOXX600,XSTO,ASSAb.ST,NOT_VERIFIED,MAPPING_PRESENT_NOT_REVALIDATED,HISTORY_NOT_CHECKED,LIQUIDITY_NOT_CHECKED,NOT_VERIFIED,true,P1,PRICE_HISTORY_AND_LIQUIDITY_REFRESH_REQUIRED,Mapping verification,UNDECIDED_OFFLINE,ASSAb.ST,true,revalidated history/liquidity evidence,v0.37 is offline; prior price-derived evidence is not current
WS:XSTO:ATCOA.ST,EU_STOXX600,XSTO,ATCOa.ST,NOT_VERIFIED,MAPPING_PRESENT_NOT_REVALIDATED,HISTORY_NOT_CHECKED,LIQUIDITY_NOT_CHECKED,NOT_VERIFIED,true,P1,PRICE_HISTORY_AND_LIQUIDITY_REFRESH_REQUIRED,Mapping verification,UNDECIDED_OFFLINE,ATCOa.ST,true,revalidated history/liquidity evidence,v0.37 is offline; prior price-derived evidence is not current
WS:XSTO:AVANZ.ST,EU_STOXX600,XSTO,AVANZ.ST,NOT_VERIFIED,MAPPING_PRESENT_NOT_REVALIDATED,HISTORY_NOT_CHECKED,LIQUIDITY_NOT_CHECKED,NOT_VERIFIED,true,P1,PRICE_HISTORY_AND_LIQUIDITY_REFRESH_REQUIRED,Mapping verification,UNDECIDED_OFFLINE,AVANZ.ST,true,revalidated history/liquidity evidence,v0.37 is offline; prior price-derived evidence is not current
WS:XSTO:AXFO.ST,EU_STOXX600,XSTO,AXFO.ST,NOT_VERIFIED,MAPPING_PRESENT_NOT_REVALIDATED,HISTORY_NOT_CHECKED,LIQUIDITY_NOT_CHECKED,NOT_VERIFIED,true,P1,PRICE_HISTORY_AND_LIQUIDITY_REFRESH_REQUIRED,Mapping verification,UNDECIDED_OFFLINE,AXFO.ST,true,revalidated history/liquidity evidence,v0.37 is offline; prior price-derived evidence is not current
WS:XSTO:BALDB.ST,EU_STOXX600,XSTO,BALDb.ST,NOT_VERIFIED,MAPPING_PRESENT_NOT_REVALIDATED,HISTORY_NOT_CHECKED,LIQUIDITY_NOT_CHECKED,NOT_VERIFIED,true,P1,PRICE_HISTORY_AND_LIQUIDITY_REFRESH_REQUIRED,Mapping verification,UNDECIDED_OFFLINE,BALDb.ST,true,revalidated history/liquidity evidence,v0.37 is offline; prior price-derived evidence is not current
WS:XSTO:BEIJB.ST,EU_STOXX600,XSTO,BEIJb.ST,NOT_VERIFIED,MAPPING_PRESENT_NOT_REVALIDATED,HISTORY_NOT_CHECKED,LIQUIDITY_NOT_CHECKED,NOT_VERIFIED,true,P1,PRICE_HISTORY_AND_LIQUIDITY_REFRESH_REQUIRED,Mapping verification,UNDECIDED_OFFLINE,BEIJb.ST,true,revalidated history/liquidity evidence,v0.37 is offline; prior price-derived evidence is not current
WS:XSTO:BOL.ST,EU_STOXX600,XSTO,BOL.ST,NOT_VERIFIED,MAPPING_PRESENT_NOT_REVALIDATED,HISTORY_NOT_CHECKED,LIQUIDITY_NOT_CHECKED,NOT_VERIFIED,true,P1,PRICE_HISTORY_AND_LIQUIDITY_REFRESH_REQUIRED,Mapping verification,UNDECIDED_OFFLINE,BOL.ST,true,revalidated history/liquidity evidence,v0.37 is offline; prior price-derived evidence is not current
WS:XSTO:CAST.ST,EU_STOXX600,XSTO,CAST.ST,NOT_VERIFIED,MAPPING_PRESENT_NOT_REVALIDATED,HISTORY_NOT_CHECKED,LIQUIDITY_NOT_CHECKED,NOT_VERIFIED,true,P1,PRICE_HISTORY_AND_LIQUIDITY_REFRESH_REQUIRED,Mapping verification,UNDECIDED_OFFLINE,CAST.ST,true,revalidated history/liquidity evidence,v0.37 is offline; prior price-derived evidence is not current
WS:XSTO:EPIRA.ST,EU_STOXX600,XSTO,EPIRa.ST,NOT_VERIFIED,MAPPING_PRESENT_NOT_REVALIDATED,HISTORY_NOT_CHECKED,LIQUIDITY_NOT_CHECKED,NOT_VERIFIED,true,P1,PRICE_HISTORY_AND_LIQUIDITY_REFRESH_REQUIRED,Mapping verification,UNDECIDED_OFFLINE,EPIRa.ST,true,revalidated history/liquidity evidence,v0.37 is offline; prior price-derived evidence is not current
WS:XSTO:EQTAB.ST,EU_STOXX600,XSTO,EQTAB.ST,NOT_VERIFIED,MAPPING_PRESENT_NOT_REVALIDATED,HISTORY_NOT_CHECKED,LIQUIDITY_NOT_CHECKED,NOT_VERIFIED,true,P1,PRICE_HISTORY_AND_LIQUIDITY_REFRESH_REQUIRED,Mapping verification,UNDECIDED_OFFLINE,EQTAB.ST,true,revalidated history/liquidity evidence,v0.37 is offline; prior price-derived evidence is not current
WS:XSTO:ERICB.ST,EU_STOXX600,XSTO,ERICb.ST,NOT_VERIFIED,MAPPING_PRESENT_NOT_REVALIDATED,HISTORY_NOT_CHECKED,LIQUIDITY_NOT_CHECKED,NOT_VERIFIED,true,P1,PRICE_HISTORY_AND_LIQUIDITY_REFRESH_REQUIRED,Mapping verification,UNDECIDED_OFFLINE,ERICb.ST,true,revalidated history/liquidity evidence,v0.37 is offline; prior price-derived evidence is not current
WS:XSTO:ESSITYB.ST,EU_STOXX600,XSTO,ESSITYb.ST,NOT_VERIFIED,MAPPING_PRESENT_NOT_REVALIDATED,HISTORY_NOT_CHECKED,LIQUIDITY_NOT_CHECKED,NOT_VERIFIED,true,P1,PRICE_HISTORY_AND_LIQUIDITY_REFRESH_REQUIRED,Mapping verification,UNDECIDED_OFFLINE,ESSITYb.ST,true,revalidated history/liquidity evidence,v0.37 is offline; prior price-derived evidence is not current
WS:XSTO:EVOG.ST,EU_STOXX600,XSTO,EVOG.ST,NOT_VERIFIED,MAPPING_PRESENT_NOT_REVALIDATED,HISTORY_NOT_CHECKED,LIQUIDITY_NOT_CHECKED,NOT_VERIFIED,true,P1,PRICE_HISTORY_AND_LIQUIDITY_REFRESH_REQUIRED,Mapping verification,UNDECIDED_OFFLINE,EVOG.ST,true,revalidated history/liquidity evidence,v0.37 is offline; prior price-derived evidence is not current
WS:XSTO:GETIB.ST,EU_STOXX600,XSTO,GETIb.ST,NOT_VERIFIED,MAPPING_PRESENT_NOT_REVALIDATED,HISTORY_NOT_CHECKED,LIQUIDITY_NOT_CHECKED,NOT_VERIFIED,true,P1,PRICE_HISTORY_AND_LIQUIDITY_REFRESH_REQUIRED,Mapping verification,UNDECIDED_OFFLINE,GETIb.ST,true,revalidated history/liquidity evidence,v0.37 is offline; prior price-derived evidence is not current
WS:XSTO:HEXAB.ST,EU_STOXX600,XSTO,HEXAb.ST,NOT_VERIFIED,MAPPING_PRESENT_NOT_REVALIDATED,HISTORY_NOT_CHECKED,LIQUIDITY_NOT_CHECKED,NOT_VERIFIED,true,P1,PRICE_HISTORY_AND_LIQUIDITY_REFRESH_REQUIRED,Mapping verification,UNDECIDED_OFFLINE,HEXAb.ST,true,revalidated history/liquidity evidence,v0.37 is offline; prior price-derived evidence is not current
WS:XSTO:HMB.ST,EU_STOXX600,XSTO,HMb.ST,NOT_VERIFIED,MAPPING_PRESENT_NOT_REVALIDATED,HISTORY_NOT_CHECKED,LIQUIDITY_NOT_CHECKED,NOT_VERIFIED,true,P1,PRICE_HISTORY_AND_LIQUIDITY_REFRESH_REQUIRED,Mapping verification,UNDECIDED_OFFLINE,HMb.ST,true,revalidated history/liquidity evidence,v0.37 is offline; prior price-derived evidence is not current
WS:XSTO:HOLMB.ST,EU_STOXX600,XSTO,HOLMb.ST,NOT_VERIFIED,MAPPING_PRESENT_NOT_REVALIDATED,HISTORY_NOT_CHECKED,LIQUIDITY_NOT_CHECKED,NOT_VERIFIED,true,P1,PRICE_HISTORY_AND_LIQUIDITY_REFRESH_REQUIRED,Mapping verification,UNDECIDED_OFFLINE,HOLMb.ST,true,revalidated history/liquidity evidence,v0.37 is offline; prior price-derived evidence is not current
WS:XSTO:INDT.ST,EU_STOXX600,XSTO,INDT.ST,NOT_VERIFIED,MAPPING_PRESENT_NOT_REVALIDATED,HISTORY_NOT_CHECKED,LIQUIDITY_NOT_CHECKED,NOT_VERIFIED,true,P1,PRICE_HISTORY_AND_LIQUIDITY_REFRESH_REQUIRED,Mapping verification,UNDECIDED_OFFLINE,INDT.ST,true,revalidated history/liquidity evidence,v0.37 is offline; prior price-derived evidence is not current
WS:XSTO:INDUC.ST,EU_STOXX600,XSTO,INDUc.ST,NOT_VERIFIED,MAPPING_PRESENT_NOT_REVALIDATED,HISTORY_NOT_CHECKED,LIQUIDITY_NOT_CHECKED,NOT_VERIFIED,true,P1,PRICE_HISTORY_AND_LIQUIDITY_REFRESH_REQUIRED,Mapping verification,UNDECIDED_OFFLINE,INDUc.ST,true,revalidated history/liquidity evidence,v0.37 is offline; prior price-derived evidence is not current
WS:XSTO:INVEB.ST,EU_STOXX600,XSTO,INVEb.ST,NOT_VERIFIED,MAPPING_PRESENT_NOT_REVALIDATED,HISTORY_NOT_CHECKED,LIQUIDITY_NOT_CHECKED,NOT_VERIFIED,true,P1,PRICE_HISTORY_AND_LIQUIDITY_REFRESH_REQUIRED,Mapping verification,UNDECIDED_OFFLINE,INVEb.ST,true,revalidated history/liquidity evidence,v0.37 is offline; prior price-derived evidence is not current
WS:XSTO:LAGRB.ST,EU_STOXX600,XSTO,LAGRb.ST,NOT_VERIFIED,MAPPING_PRESENT_NOT_REVALIDATED,HISTORY_NOT_CHECKED,LIQUIDITY_NOT_CHECKED,NOT_VERIFIED,true,P1,PRICE_HISTORY_AND_LIQUIDITY_REFRESH_REQUIRED,Mapping verification,UNDECIDED_OFFLINE,LAGRb.ST,true,revalidated history/liquidity evidence,v0.37 is offline; prior price-derived evidence is not current
WS:XSTO:LATOB.ST,EU_STOXX600,XSTO,LATOb.ST,NOT_VERIFIED,MAPPING_PRESENT_NOT_REVALIDATED,HISTORY_NOT_CHECKED,LIQUIDITY_NOT_CHECKED,NOT_VERIFIED,true,P1,PRICE_HISTORY_AND_LIQUIDITY_REFRESH_REQUIRED,Mapping verification,UNDECIDED_OFFLINE,LATOb.ST,true,revalidated history/liquidity evidence,v0.37 is offline; prior price-derived evidence is not current
WS:XSTO:LIFCOB.ST,EU_STOXX600,XSTO,LIFCOb.ST,NOT_VERIFIED,MAPPING_PRESENT_NOT_REVALIDATED,HISTORY_NOT_CHECKED,LIQUIDITY_NOT_CHECKED,NOT_VERIFIED,true,P1,PRICE_HISTORY_AND_LIQUIDITY_REFRESH_REQUIRED,Mapping verification,UNDECIDED_OFFLINE,LIFCOb.ST,true,revalidated history/liquidity evidence,v0.37 is offline; prior price-derived evidence is not current
WS:XSTO:LOOMIS.ST,EU_STOXX600,XSTO,LOOMIS.ST,NOT_VERIFIED,MAPPING_PRESENT_NOT_REVALIDATED,HISTORY_NOT_CHECKED,LIQUIDITY_NOT_CHECKED,NOT_VERIFIED,true,P1,PRICE_HISTORY_AND_LIQUIDITY_REFRESH_REQUIRED,Mapping verification,UNDECIDED_OFFLINE,LOOMIS.ST,true,revalidated history/liquidity evidence,v0.37 is offline; prior price-derived evidence is not current
WS:XSTO:LUNDB.ST,EU_STOXX600,XSTO,LUNDb.ST,NOT_VERIFIED,MAPPING_PRESENT_NOT_REVALIDATED,HISTORY_NOT_CHECKED,LIQUIDITY_NOT_CHECKED,NOT_VERIFIED,true,P1,PRICE_HISTORY_AND_LIQUIDITY_REFRESH_REQUIRED,Mapping verification,UNDECIDED_OFFLINE,LUNDb.ST,true,revalidated history/liquidity evidence,v0.37 is offline; prior price-derived evidence is not current
WS:XSTO:MYCR.ST,EU_STOXX600,XSTO,MYCR.ST,NOT_VERIFIED,MAPPING_PRESENT_NOT_REVALIDATED,HISTORY_NOT_CHECKED,LIQUIDITY_NOT_CHECKED,NOT_VERIFIED,true,P1,PRICE_HISTORY_AND_LIQUIDITY_REFRESH_REQUIRED,Mapping verification,UNDECIDED_OFFLINE,MYCR.ST,true,revalidated history/liquidity evidence,v0.37 is offline; prior price-derived evidence is not current
WS:XSTO:NIBEB.ST,EU_STOXX600,XSTO,NIBEb.ST,NOT_VERIFIED,MAPPING_PRESENT_NOT_REVALIDATED,HISTORY_NOT_CHECKED,LIQUIDITY_NOT_CHECKED,NOT_VERIFIED,true,P1,PRICE_HISTORY_AND_LIQUIDITY_REFRESH_REQUIRED,Mapping verification,UNDECIDED_OFFLINE,NIBEb.ST,true,revalidated history/liquidity evidence,v0.37 is offline; prior price-derived evidence is not current
WS:XSTO:OCTVSDB.ST,EU_STOXX600,XSTO,OCTVsdb.ST,NOT_VERIFIED,MAPPING_PRESENT_NOT_REVALIDATED,HISTORY_NOT_CHECKED,LIQUIDITY_NOT_CHECKED,NOT_VERIFIED,true,P1,PRICE_HISTORY_AND_LIQUIDITY_REFRESH_REQUIRED,Mapping verification,UNDECIDED_OFFLINE,OCTVsdb.ST,true,revalidated history/liquidity evidence,v0.37 is offline; prior price-derived evidence is not current
WS:XSTO:SAABB.ST,EU_STOXX600,XSTO,SAABb.ST,NOT_VERIFIED,MAPPING_PRESENT_NOT_REVALIDATED,HISTORY_NOT_CHECKED,LIQUIDITY_NOT_CHECKED,NOT_VERIFIED,true,P1,PRICE_HISTORY_AND_LIQUIDITY_REFRESH_REQUIRED,Mapping verification,UNDECIDED_OFFLINE,SAABb.ST,true,revalidated history/liquidity evidence,v0.37 is offline; prior price-derived evidence is not current
WS:XSTO:SAGAB.ST,EU_STOXX600,XSTO,SAGAb.ST,NOT_VERIFIED,MAPPING_PRESENT_NOT_REVALIDATED,HISTORY_NOT_CHECKED,LIQUIDITY_NOT_CHECKED,NOT_VERIFIED,true,P1,PRICE_HISTORY_AND_LIQUIDITY_REFRESH_REQUIRED,Mapping verification,UNDECIDED_OFFLINE,SAGAb.ST,true,revalidated history/liquidity evidence,v0.37 is offline; prior price-derived evidence is not current
WS:XSTO:SAND.ST,EU_STOXX600,XSTO,SAND.ST,NOT_VERIFIED,MAPPING_PRESENT_NOT_REVALIDATED,HISTORY_NOT_CHECKED,LIQUIDITY_NOT_CHECKED,NOT_VERIFIED,true,P1,PRICE_HISTORY_AND_LIQUIDITY_REFRESH_REQUIRED,Mapping verification,UNDECIDED_OFFLINE,SAND.ST,true,revalidated history/liquidity evidence,v0.37 is offline; prior price-derived evidence is not current
WS:XSTO:SAVE.ST,EU_STOXX600,XSTO,SAVE.ST,NOT_VERIFIED,MAPPING_PRESENT_NOT_REVALIDATED,HISTORY_NOT_CHECKED,LIQUIDITY_NOT_CHECKED,NOT_VERIFIED,true,P1,PRICE_HISTORY_AND_LIQUIDITY_REFRESH_REQUIRED,Mapping verification,UNDECIDED_OFFLINE,SAVE.ST,true,revalidated history/liquidity evidence,v0.37 is offline; prior price-derived evidence is not current
WS:XSTO:SCAB.ST,EU_STOXX600,XSTO,SCAb.ST,NOT_VERIFIED,MAPPING_PRESENT_NOT_REVALIDATED,HISTORY_NOT_CHECKED,LIQUIDITY_NOT_CHECKED,NOT_VERIFIED,true,P1,PRICE_HISTORY_AND_LIQUIDITY_REFRESH_REQUIRED,Mapping verification,UNDECIDED_OFFLINE,SCAb.ST,true,revalidated history/liquidity evidence,v0.37 is offline; prior price-derived evidence is not current
WS:XSTO:SEBA.ST,EU_STOXX600,XSTO,SEBa.ST,NOT_VERIFIED,MAPPING_PRESENT_NOT_REVALIDATED,HISTORY_NOT_CHECKED,LIQUIDITY_NOT_CHECKED,NOT_VERIFIED,true,P1,PRICE_HISTORY_AND_LIQUIDITY_REFRESH_REQUIRED,Mapping verification,UNDECIDED_OFFLINE,SEBa.ST,true,revalidated history/liquidity evidence,v0.37 is offline; prior price-derived evidence is not current
WS:XSTO:SECTB.ST,EU_STOXX600,XSTO,SECTb.ST,NOT_VERIFIED,MAPPING_PRESENT_NOT_REVALIDATED,HISTORY_NOT_CHECKED,LIQUIDITY_NOT_CHECKED,NOT_VERIFIED,true,P1,PRICE_HISTORY_AND_LIQUIDITY_REFRESH_REQUIRED,Mapping verification,UNDECIDED_OFFLINE,SECTb.ST,true,revalidated history/liquidity evidence,v0.37 is offline; prior price-derived evidence is not current
WS:XSTO:SECUB.ST,EU_STOXX600,XSTO,SECUb.ST,NOT_VERIFIED,MAPPING_PRESENT_NOT_REVALIDATED,HISTORY_NOT_CHECKED,LIQUIDITY_NOT_CHECKED,NOT_VERIFIED,true,P1,PRICE_HISTORY_AND_LIQUIDITY_REFRESH_REQUIRED,Mapping verification,UNDECIDED_OFFLINE,SECUb.ST,true,revalidated history/liquidity evidence,v0.37 is offline; prior price-derived evidence is not current
WS:XSTO:SHBA.ST,EU_STOXX600,XSTO,SHBa.ST,NOT_VERIFIED,MAPPING_PRESENT_NOT_REVALIDATED,HISTORY_NOT_CHECKED,LIQUIDITY_NOT_CHECKED,NOT_VERIFIED,true,P1,PRICE_HISTORY_AND_LIQUIDITY_REFRESH_REQUIRED,Mapping verification,UNDECIDED_OFFLINE,SHBa.ST,true,revalidated history/liquidity evidence,v0.37 is offline; prior price-derived evidence is not current
WS:XSTO:SKAB.ST,EU_STOXX600,XSTO,SKAb.ST,NOT_VERIFIED,MAPPING_PRESENT_NOT_REVALIDATED,HISTORY_NOT_CHECKED,LIQUIDITY_NOT_CHECKED,NOT_VERIFIED,true,P1,PRICE_HISTORY_AND_LIQUIDITY_REFRESH_REQUIRED,Mapping verification,UNDECIDED_OFFLINE,SKAb.ST,true,revalidated history/liquidity evidence,v0.37 is offline; prior price-derived evidence is not current
WS:XSTO:SKFB.ST,EU_STOXX600,XSTO,SKFb.ST,NOT_VERIFIED,MAPPING_PRESENT_NOT_REVALIDATED,HISTORY_NOT_CHECKED,LIQUIDITY_NOT_CHECKED,NOT_VERIFIED,true,P1,PRICE_HISTORY_AND_LIQUIDITY_REFRESH_REQUIRED,Mapping verification,UNDECIDED_OFFLINE,SKFb.ST,true,revalidated history/liquidity evidence,v0.37 is offline; prior price-derived evidence is not current
WS:XSTO:SOBIV.ST,EU_STOXX600,XSTO,SOBIV.ST,NOT_VERIFIED,MAPPING_PRESENT_NOT_REVALIDATED,HISTORY_NOT_CHECKED,LIQUIDITY_NOT_CHECKED,NOT_VERIFIED,true,P1,PRICE_HISTORY_AND_LIQUIDITY_REFRESH_REQUIRED,Mapping verification,UNDECIDED_OFFLINE,SOBIV.ST,true,revalidated history/liquidity evidence,v0.37 is offline; prior price-derived evidence is not current
WS:XSTO:SSABB.ST,EU_STOXX600,XSTO,SSABb.ST,NOT_VERIFIED,MAPPING_PRESENT_NOT_REVALIDATED,HISTORY_NOT_CHECKED,LIQUIDITY_NOT_CHECKED,NOT_VERIFIED,true,P1,PRICE_HISTORY_AND_LIQUIDITY_REFRESH_REQUIRED,Mapping verification,UNDECIDED_OFFLINE,SSABb.ST,true,revalidated history/liquidity evidence,v0.37 is offline; prior price-derived evidence is not current
WS:XSTO:SWECB.ST,EU_STOXX600,XSTO,SWECb.ST,NOT_VERIFIED,MAPPING_PRESENT_NOT_REVALIDATED,HISTORY_NOT_CHECKED,LIQUIDITY_NOT_CHECKED,NOT_VERIFIED,true,P1,PRICE_HISTORY_AND_LIQUIDITY_REFRESH_REQUIRED,Mapping verification,UNDECIDED_OFFLINE,SWECb.ST,true,revalidated history/liquidity evidence,v0.37 is offline; prior price-derived evidence is not current
WS:XSTO:SWEDA.ST,EU_STOXX600,XSTO,SWEDa.ST,NOT_VERIFIED,MAPPING_PRESENT_NOT_REVALIDATED,HISTORY_NOT_CHECKED,LIQUIDITY_NOT_CHECKED,NOT_VERIFIED,true,P1,PRICE_HISTORY_AND_LIQUIDITY_REFRESH_REQUIRED,Mapping verification,UNDECIDED_OFFLINE,SWEDa.ST,true,revalidated history/liquidity evidence,v0.37 is offline; prior price-derived evidence is not current
WS:XSTO:TEL2B.ST,EU_STOXX600,XSTO,TEL2b.ST,NOT_VERIFIED,MAPPING_PRESENT_NOT_REVALIDATED,HISTORY_NOT_CHECKED,LIQUIDITY_NOT_CHECKED,NOT_VERIFIED,true,P1,PRICE_HISTORY_AND_LIQUIDITY_REFRESH_REQUIRED,Mapping verification,UNDECIDED_OFFLINE,TEL2b.ST,true,revalidated history/liquidity evidence,v0.37 is offline; prior price-derived evidence is not current
WS:XSTO:TELIA.ST,EU_STOXX600,XSTO,TELIA.ST,NOT_VERIFIED,MAPPING_PRESENT_NOT_REVALIDATED,HISTORY_NOT_CHECKED,LIQUIDITY_NOT_CHECKED,NOT_VERIFIED,true,P1,PRICE_HISTORY_AND_LIQUIDITY_REFRESH_REQUIRED,Mapping verification,UNDECIDED_OFFLINE,TELIA.ST,true,revalidated history/liquidity evidence,v0.37 is offline; prior price-derived evidence is not current
WS:XSTO:THULE.ST,EU_STOXX600,XSTO,THULE.ST,NOT_VERIFIED,MAPPING_PRESENT_NOT_REVALIDATED,HISTORY_NOT_CHECKED,LIQUIDITY_NOT_CHECKED,NOT_VERIFIED,true,P1,PRICE_HISTORY_AND_LIQUIDITY_REFRESH_REQUIRED,Mapping verification,UNDECIDED_OFFLINE,THULE.ST,true,revalidated history/liquidity evidence,v0.37 is offline; prior price-derived evidence is not current
WS:XSTO:TRELB.ST,EU_STOXX600,XSTO,TRELb.ST,NOT_VERIFIED,MAPPING_PRESENT_NOT_REVALIDATED,HISTORY_NOT_CHECKED,LIQUIDITY_NOT_CHECKED,NOT_VERIFIED,true,P1,PRICE_HISTORY_AND_LIQUIDITY_REFRESH_REQUIRED,Mapping verification,UNDECIDED_OFFLINE,TRELb.ST,true,revalidated history/liquidity evidence,v0.37 is offline; prior price-derived evidence is not current
WS:XSTO:VOLVB.ST,EU_STOXX600,XSTO,VOLVb.ST,NOT_VERIFIED,MAPPING_PRESENT_NOT_REVALIDATED,HISTORY_NOT_CHECKED,LIQUIDITY_NOT_CHECKED,NOT_VERIFIED,true,P1,PRICE_HISTORY_AND_LIQUIDITY_REFRESH_REQUIRED,Mapping verification,UNDECIDED_OFFLINE,VOLVb.ST,true,revalidated history/liquidity evidence,v0.37 is offline; prior price-derived evidence is not current
WS:XSTO:VSURE.ST,EU_STOXX600,XSTO,VSURE.ST,NOT_VERIFIED,MAPPING_PRESENT_NOT_REVALIDATED,HISTORY_NOT_CHECKED,LIQUIDITY_NOT_CHECKED,NOT_VERIFIED,true,P1,PRICE_HISTORY_AND_LIQUIDITY_REFRESH_REQUIRED,Mapping verification,UNDECIDED_OFFLINE,VSURE.ST,true,revalidated history/liquidity evidence,v0.37 is offline; prior price-derived evidence is not current
WS:XSTO:WIHL.ST,EU_STOXX600,XSTO,WIHL.ST,NOT_VERIFIED,MAPPING_PRESENT_NOT_REVALIDATED,HISTORY_NOT_CHECKED,LIQUIDITY_NOT_CHECKED,NOT_VERIFIED,true,P1,PRICE_HISTORY_AND_LIQUIDITY_REFRESH_REQUIRED,Mapping verification,UNDECIDED_OFFLINE,WIHL.ST,true,revalidated history/liquidity evidence,v0.37 is offline; prior price-derived evidence is not current
WS:XSWX:ABBN.S,EU_STOXX600,XSWX,ABBN.S,NOT_VERIFIED,MAPPING_PRESENT_NOT_REVALIDATED,HISTORY_NOT_CHECKED,LIQUIDITY_NOT_CHECKED,NOT_VERIFIED,true,P1,PRICE_HISTORY_AND_LIQUIDITY_REFRESH_REQUIRED,Mapping verification,UNDECIDED_OFFLINE,ABBN.S,true,revalidated history/liquidity evidence,v0.37 is offline; prior price-derived evidence is not current
WS:XSWX:ACLN.S,EU_STOXX600,XSWX,ACLN.S,NOT_VERIFIED,MAPPING_PRESENT_NOT_REVALIDATED,HISTORY_NOT_CHECKED,LIQUIDITY_NOT_CHECKED,NOT_VERIFIED,true,P1,PRICE_HISTORY_AND_LIQUIDITY_REFRESH_REQUIRED,Mapping verification,UNDECIDED_OFFLINE,ACLN.S,true,revalidated history/liquidity evidence,v0.37 is offline; prior price-derived evidence is not current
WS:XSWX:ADEN.S,EU_STOXX600,XSWX,ADEN.S,NOT_VERIFIED,MAPPING_PRESENT_NOT_REVALIDATED,HISTORY_NOT_CHECKED,LIQUIDITY_NOT_CHECKED,NOT_VERIFIED,true,P1,PRICE_HISTORY_AND_LIQUIDITY_REFRESH_REQUIRED,Mapping verification,UNDECIDED_OFFLINE,ADEN.S,true,revalidated history/liquidity evidence,v0.37 is offline; prior price-derived evidence is not current
WS:XSWX:ALCC.S,EU_STOXX600,XSWX,ALCC.S,NOT_VERIFIED,MAPPING_PRESENT_NOT_REVALIDATED,HISTORY_NOT_CHECKED,LIQUIDITY_NOT_CHECKED,NOT_VERIFIED,true,P1,PRICE_HISTORY_AND_LIQUIDITY_REFRESH_REQUIRED,Mapping verification,UNDECIDED_OFFLINE,ALCC.S,true,revalidated history/liquidity evidence,v0.37 is offline; prior price-derived evidence is not current
WS:XSWX:ALLN.S,EU_STOXX600,XSWX,ALLN.S,NOT_VERIFIED,MAPPING_PRESENT_NOT_REVALIDATED,HISTORY_NOT_CHECKED,LIQUIDITY_NOT_CHECKED,NOT_VERIFIED,true,P1,PRICE_HISTORY_AND_LIQUIDITY_REFRESH_REQUIRED,Mapping verification,UNDECIDED_OFFLINE,ALLN.S,true,revalidated history/liquidity evidence,v0.37 is offline; prior price-derived evidence is not current
WS:XSWX:AVOL.S,EU_STOXX600,XSWX,AVOL.S,NOT_VERIFIED,MAPPING_PRESENT_NOT_REVALIDATED,HISTORY_NOT_CHECKED,LIQUIDITY_NOT_CHECKED,NOT_VERIFIED,true,P1,PRICE_HISTORY_AND_LIQUIDITY_REFRESH_REQUIRED,Mapping verification,UNDECIDED_OFFLINE,AVOL.S,true,revalidated history/liquidity evidence,v0.37 is offline; prior price-derived evidence is not current
WS:XSWX:BAER.S,EU_STOXX600,XSWX,BAER.S,NOT_VERIFIED,MAPPING_PRESENT_NOT_REVALIDATED,HISTORY_NOT_CHECKED,LIQUIDITY_NOT_CHECKED,NOT_VERIFIED,true,P1,PRICE_HISTORY_AND_LIQUIDITY_REFRESH_REQUIRED,Mapping verification,UNDECIDED_OFFLINE,BAER.S,true,revalidated history/liquidity evidence,v0.37 is offline; prior price-derived evidence is not current
WS:XSWX:BARN.S,EU_STOXX600,XSWX,BARN.S,NOT_VERIFIED,MAPPING_PRESENT_NOT_REVALIDATED,HISTORY_NOT_CHECKED,LIQUIDITY_NOT_CHECKED,NOT_VERIFIED,true,P1,PRICE_HISTORY_AND_LIQUIDITY_REFRESH_REQUIRED,Mapping verification,UNDECIDED_OFFLINE,BARN.S,true,revalidated history/liquidity evidence,v0.37 is offline; prior price-derived evidence is not current
WS:XSWX:BCVN.S,EU_STOXX600,XSWX,BCVN.S,NOT_VERIFIED,MAPPING_PRESENT_NOT_REVALIDATED,HISTORY_NOT_CHECKED,LIQUIDITY_NOT_CHECKED,NOT_VERIFIED,true,P1,PRICE_HISTORY_AND_LIQUIDITY_REFRESH_REQUIRED,Mapping verification,UNDECIDED_OFFLINE,BCVN.S,true,revalidated history/liquidity evidence,v0.37 is offline; prior price-derived evidence is not current
WS:XSWX:BEAN.S,EU_STOXX600,XSWX,BEAN.S,NOT_VERIFIED,MAPPING_PRESENT_NOT_REVALIDATED,HISTORY_NOT_CHECKED,LIQUIDITY_NOT_CHECKED,NOT_VERIFIED,true,P1,PRICE_HISTORY_AND_LIQUIDITY_REFRESH_REQUIRED,Mapping verification,UNDECIDED_OFFLINE,BEAN.S,true,revalidated history/liquidity evidence,v0.37 is offline; prior price-derived evidence is not current
WS:XSWX:BKWB.S,EU_STOXX600,XSWX,BKWB.S,NOT_VERIFIED,MAPPING_PRESENT_NOT_REVALIDATED,HISTORY_NOT_CHECKED,LIQUIDITY_NOT_CHECKED,NOT_VERIFIED,true,P1,PRICE_HISTORY_AND_LIQUIDITY_REFRESH_REQUIRED,Mapping verification,UNDECIDED_OFFLINE,BKWB.S,true,revalidated history/liquidity evidence,v0.37 is offline; prior price-derived evidence is not current
WS:XSWX:BUCN.S,EU_STOXX600,XSWX,BUCN.S,NOT_VERIFIED,MAPPING_PRESENT_NOT_REVALIDATED,HISTORY_NOT_CHECKED,LIQUIDITY_NOT_CHECKED,NOT_VERIFIED,true,P1,PRICE_HISTORY_AND_LIQUIDITY_REFRESH_REQUIRED,Mapping verification,UNDECIDED_OFFLINE,BUCN.S,true,revalidated history/liquidity evidence,v0.37 is offline; prior price-derived evidence is not current
WS:XSWX:CFR.S,EU_STOXX600,XSWX,CFR.S,NOT_VERIFIED,MAPPING_PRESENT_NOT_REVALIDATED,HISTORY_NOT_CHECKED,LIQUIDITY_NOT_CHECKED,NOT_VERIFIED,true,P1,PRICE_HISTORY_AND_LIQUIDITY_REFRESH_REQUIRED,Mapping verification,UNDECIDED_OFFLINE,CFR.S,true,revalidated history/liquidity evidence,v0.37 is offline; prior price-derived evidence is not current
WS:XSWX:CMBN.S,EU_STOXX600,XSWX,CMBN.S,NOT_VERIFIED,MAPPING_PRESENT_NOT_REVALIDATED,HISTORY_NOT_CHECKED,LIQUIDITY_NOT_CHECKED,NOT_VERIFIED,true,P1,PRICE_HISTORY_AND_LIQUIDITY_REFRESH_REQUIRED,Mapping verification,UNDECIDED_OFFLINE,CMBN.S,true,revalidated history/liquidity evidence,v0.37 is offline; prior price-derived evidence is not current
WS:XSWX:COTNE.S,EU_STOXX600,XSWX,COTNE.S,NOT_VERIFIED,MAPPING_PRESENT_NOT_REVALIDATED,HISTORY_NOT_CHECKED,LIQUIDITY_NOT_CHECKED,NOT_VERIFIED,true,P1,PRICE_HISTORY_AND_LIQUIDITY_REFRESH_REQUIRED,Mapping verification,UNDECIDED_OFFLINE,COTNE.S,true,revalidated history/liquidity evidence,v0.37 is offline; prior price-derived evidence is not current
WS:XSWX:DKSH.S,EU_STOXX600,XSWX,DKSH.S,NOT_VERIFIED,MAPPING_PRESENT_NOT_REVALIDATED,HISTORY_NOT_CHECKED,LIQUIDITY_NOT_CHECKED,NOT_VERIFIED,true,P1,PRICE_HISTORY_AND_LIQUIDITY_REFRESH_REQUIRED,Mapping verification,UNDECIDED_OFFLINE,DKSH.S,true,revalidated history/liquidity evidence,v0.37 is offline; prior price-derived evidence is not current
WS:XSWX:EMSN.S,EU_STOXX600,XSWX,EMSN.S,NOT_VERIFIED,MAPPING_PRESENT_NOT_REVALIDATED,HISTORY_NOT_CHECKED,LIQUIDITY_NOT_CHECKED,NOT_VERIFIED,true,P1,PRICE_HISTORY_AND_LIQUIDITY_REFRESH_REQUIRED,Mapping verification,UNDECIDED_OFFLINE,EMSN.S,true,revalidated history/liquidity evidence,v0.37 is offline; prior price-derived evidence is not current
WS:XSWX:FHZN.S,EU_STOXX600,XSWX,FHZN.S,NOT_VERIFIED,MAPPING_PRESENT_NOT_REVALIDATED,HISTORY_NOT_CHECKED,LIQUIDITY_NOT_CHECKED,NOT_VERIFIED,true,P1,PRICE_HISTORY_AND_LIQUIDITY_REFRESH_REQUIRED,Mapping verification,UNDECIDED_OFFLINE,FHZN.S,true,revalidated history/liquidity evidence,v0.37 is offline; prior price-derived evidence is not current
WS:XSWX:GALD.S,EU_STOXX600,XSWX,GALD.S,NOT_VERIFIED,MAPPING_PRESENT_NOT_REVALIDATED,HISTORY_NOT_CHECKED,LIQUIDITY_NOT_CHECKED,NOT_VERIFIED,true,P1,PRICE_HISTORY_AND_LIQUIDITY_REFRESH_REQUIRED,Mapping verification,UNDECIDED_OFFLINE,GALD.S,true,revalidated history/liquidity evidence,v0.37 is offline; prior price-derived evidence is not current
WS:XSWX:GALE.S,EU_STOXX600,XSWX,GALE.S,NOT_VERIFIED,MAPPING_PRESENT_NOT_REVALIDATED,HISTORY_NOT_CHECKED,LIQUIDITY_NOT_CHECKED,NOT_VERIFIED,true,P1,PRICE_HISTORY_AND_LIQUIDITY_REFRESH_REQUIRED,Mapping verification,UNDECIDED_OFFLINE,GALE.S,true,revalidated history/liquidity evidence,v0.37 is offline; prior price-derived evidence is not current
WS:XSWX:GEBN.S,EU_STOXX600,XSWX,GEBN.S,NOT_VERIFIED,MAPPING_PRESENT_NOT_REVALIDATED,HISTORY_NOT_CHECKED,LIQUIDITY_NOT_CHECKED,NOT_VERIFIED,true,P1,PRICE_HISTORY_AND_LIQUIDITY_REFRESH_REQUIRED,Mapping verification,UNDECIDED_OFFLINE,GEBN.S,true,revalidated history/liquidity evidence,v0.37 is offline; prior price-derived evidence is not current
WS:XSWX:GF.S,EU_STOXX600,XSWX,GF.S,NOT_VERIFIED,MAPPING_PRESENT_NOT_REVALIDATED,HISTORY_NOT_CHECKED,LIQUIDITY_NOT_CHECKED,NOT_VERIFIED,true,P1,PRICE_HISTORY_AND_LIQUIDITY_REFRESH_REQUIRED,Mapping verification,UNDECIDED_OFFLINE,GF.S,true,revalidated history/liquidity evidence,v0.37 is offline; prior price-derived evidence is not current
WS:XSWX:GIVN.S,EU_STOXX600,XSWX,GIVN.S,NOT_VERIFIED,MAPPING_PRESENT_NOT_REVALIDATED,HISTORY_NOT_CHECKED,LIQUIDITY_NOT_CHECKED,NOT_VERIFIED,true,P1,PRICE_HISTORY_AND_LIQUIDITY_REFRESH_REQUIRED,Mapping verification,UNDECIDED_OFFLINE,GIVN.S,true,revalidated history/liquidity evidence,v0.37 is offline; prior price-derived evidence is not current
WS:XSWX:HBANC.S,EU_STOXX600,XSWX,HBANC.S,NOT_VERIFIED,MAPPING_PRESENT_NOT_REVALIDATED,HISTORY_NOT_CHECKED,LIQUIDITY_NOT_CHECKED,NOT_VERIFIED,true,P1,PRICE_HISTORY_AND_LIQUIDITY_REFRESH_REQUIRED,Mapping verification,UNDECIDED_OFFLINE,HBANC.S,true,revalidated history/liquidity evidence,v0.37 is offline; prior price-derived evidence is not current
WS:XSWX:HOLN.S,EU_STOXX600,XSWX,HOLN.S,NOT_VERIFIED,MAPPING_PRESENT_NOT_REVALIDATED,HISTORY_NOT_CHECKED,LIQUIDITY_NOT_CHECKED,NOT_VERIFIED,true,P1,PRICE_HISTORY_AND_LIQUIDITY_REFRESH_REQUIRED,Mapping verification,UNDECIDED_OFFLINE,HOLN.S,true,revalidated history/liquidity evidence,v0.37 is offline; prior price-derived evidence is not current
WS:XSWX:HUBN.S,EU_STOXX600,XSWX,HUBN.S,NOT_VERIFIED,MAPPING_PRESENT_NOT_REVALIDATED,HISTORY_NOT_CHECKED,LIQUIDITY_NOT_CHECKED,NOT_VERIFIED,true,P1,PRICE_HISTORY_AND_LIQUIDITY_REFRESH_REQUIRED,Mapping verification,UNDECIDED_OFFLINE,HUBN.S,true,revalidated history/liquidity evidence,v0.37 is offline; prior price-derived evidence is not current
WS:XSWX:IFCN.S,EU_STOXX600,XSWX,IFCN.S,NOT_VERIFIED,MAPPING_PRESENT_NOT_REVALIDATED,HISTORY_NOT_CHECKED,LIQUIDITY_NOT_CHECKED,NOT_VERIFIED,true,P1,PRICE_HISTORY_AND_LIQUIDITY_REFRESH_REQUIRED,Mapping verification,UNDECIDED_OFFLINE,IFCN.S,true,revalidated history/liquidity evidence,v0.37 is offline; prior price-derived evidence is not current
WS:XSWX:KNIN.S,EU_STOXX600,XSWX,KNIN.S,NOT_VERIFIED,MAPPING_PRESENT_NOT_REVALIDATED,HISTORY_NOT_CHECKED,LIQUIDITY_NOT_CHECKED,NOT_VERIFIED,true,P1,PRICE_HISTORY_AND_LIQUIDITY_REFRESH_REQUIRED,Mapping verification,UNDECIDED_OFFLINE,KNIN.S,true,revalidated history/liquidity evidence,v0.37 is offline; prior price-derived evidence is not current
WS:XSWX:LISP.S,EU_STOXX600,XSWX,LISP.S,NOT_VERIFIED,MAPPING_PRESENT_NOT_REVALIDATED,HISTORY_NOT_CHECKED,LIQUIDITY_NOT_CHECKED,NOT_VERIFIED,true,P1,PRICE_HISTORY_AND_LIQUIDITY_REFRESH_REQUIRED,Mapping verification,UNDECIDED_OFFLINE,LISP.S,true,revalidated history/liquidity evidence,v0.37 is offline; prior price-derived evidence is not current
WS:XSWX:LOGN.S,EU_STOXX600,XSWX,LOGN.S,NOT_VERIFIED,MAPPING_PRESENT_NOT_REVALIDATED,HISTORY_NOT_CHECKED,LIQUIDITY_NOT_CHECKED,NOT_VERIFIED,true,P1,PRICE_HISTORY_AND_LIQUIDITY_REFRESH_REQUIRED,Mapping verification,UNDECIDED_OFFLINE,LOGN.S,true,revalidated history/liquidity evidence,v0.37 is offline; prior price-derived evidence is not current
WS:XSWX:LONN.S,EU_STOXX600,XSWX,LONN.S,NOT_VERIFIED,MAPPING_PRESENT_NOT_REVALIDATED,HISTORY_NOT_CHECKED,LIQUIDITY_NOT_CHECKED,NOT_VERIFIED,true,P1,PRICE_HISTORY_AND_LIQUIDITY_REFRESH_REQUIRED,Mapping verification,UNDECIDED_OFFLINE,LONN.S,true,revalidated history/liquidity evidence,v0.37 is offline; prior price-derived evidence is not current
WS:XSWX:MOBN.S,EU_STOXX600,XSWX,MOBN.S,NOT_VERIFIED,MAPPING_PRESENT_NOT_REVALIDATED,HISTORY_NOT_CHECKED,LIQUIDITY_NOT_CHECKED,NOT_VERIFIED,true,P1,PRICE_HISTORY_AND_LIQUIDITY_REFRESH_REQUIRED,Mapping verification,UNDECIDED_OFFLINE,MOBN.S,true,revalidated history/liquidity evidence,v0.37 is offline; prior price-derived evidence is not current
WS:XSWX:NESN.S,EU_STOXX600,XSWX,NESN.S,NOT_VERIFIED,MAPPING_PRESENT_NOT_REVALIDATED,HISTORY_NOT_CHECKED,LIQUIDITY_NOT_CHECKED,NOT_VERIFIED,true,P1,PRICE_HISTORY_AND_LIQUIDITY_REFRESH_REQUIRED,Mapping verification,UNDECIDED_OFFLINE,NESN.S,true,revalidated history/liquidity evidence,v0.37 is offline; prior price-derived evidence is not current
WS:XSWX:NOVN.S,EU_STOXX600,XSWX,NOVN.S,NOT_VERIFIED,MAPPING_PRESENT_NOT_REVALIDATED,HISTORY_NOT_CHECKED,LIQUIDITY_NOT_CHECKED,NOT_VERIFIED,true,P1,PRICE_HISTORY_AND_LIQUIDITY_REFRESH_REQUIRED,Mapping verification,UNDECIDED_OFFLINE,NOVN.S,true,revalidated history/liquidity evidence,v0.37 is offline; prior price-derived evidence is not current
WS:XSWX:PGHN.S,EU_STOXX600,XSWX,PGHN.S,NOT_VERIFIED,MAPPING_PRESENT_NOT_REVALIDATED,HISTORY_NOT_CHECKED,LIQUIDITY_NOT_CHECKED,NOT_VERIFIED,true,P1,PRICE_HISTORY_AND_LIQUIDITY_REFRESH_REQUIRED,Mapping verification,UNDECIDED_OFFLINE,PGHN.S,true,revalidated history/liquidity evidence,v0.37 is offline; prior price-derived evidence is not current
WS:XSWX:PSPN.S,EU_STOXX600,XSWX,PSPN.S,NOT_VERIFIED,MAPPING_PRESENT_NOT_REVALIDATED,HISTORY_NOT_CHECKED,LIQUIDITY_NOT_CHECKED,NOT_VERIFIED,true,P1,PRICE_HISTORY_AND_LIQUIDITY_REFRESH_REQUIRED,Mapping verification,UNDECIDED_OFFLINE,PSPN.S,true,revalidated history/liquidity evidence,v0.37 is offline; prior price-derived evidence is not current
WS:XSWX:ROPC.S,EU_STOXX600,XSWX,ROPC.S,NOT_VERIFIED,MAPPING_PRESENT_NOT_REVALIDATED,HISTORY_NOT_CHECKED,LIQUIDITY_NOT_CHECKED,NOT_VERIFIED,true,P1,PRICE_HISTORY_AND_LIQUIDITY_REFRESH_REQUIRED,Mapping verification,UNDECIDED_OFFLINE,ROPC.S,true,revalidated history/liquidity evidence,v0.37 is offline; prior price-derived evidence is not current
WS:XSWX:SCHP.S,EU_STOXX600,XSWX,SCHP.S,NOT_VERIFIED,MAPPING_PRESENT_NOT_REVALIDATED,HISTORY_NOT_CHECKED,LIQUIDITY_NOT_CHECKED,NOT_VERIFIED,true,P1,PRICE_HISTORY_AND_LIQUIDITY_REFRESH_REQUIRED,Mapping verification,UNDECIDED_OFFLINE,SCHP.S,true,revalidated history/liquidity evidence,v0.37 is offline; prior price-derived evidence is not current
WS:XSWX:SCMN.S,EU_STOXX600,XSWX,SCMN.S,NOT_VERIFIED,MAPPING_PRESENT_NOT_REVALIDATED,HISTORY_NOT_CHECKED,LIQUIDITY_NOT_CHECKED,NOT_VERIFIED,true,P1,PRICE_HISTORY_AND_LIQUIDITY_REFRESH_REQUIRED,Mapping verification,UNDECIDED_OFFLINE,SCMN.S,true,revalidated history/liquidity evidence,v0.37 is offline; prior price-derived evidence is not current
WS:XSWX:SDZ.S,EU_STOXX600,XSWX,SDZ.S,NOT_VERIFIED,MAPPING_PRESENT_NOT_REVALIDATED,HISTORY_NOT_CHECKED,LIQUIDITY_NOT_CHECKED,NOT_VERIFIED,true,P1,PRICE_HISTORY_AND_LIQUIDITY_REFRESH_REQUIRED,Mapping verification,UNDECIDED_OFFLINE,SDZ.S,true,revalidated history/liquidity evidence,v0.37 is offline; prior price-derived evidence is not current
WS:XSWX:SFSN.S,EU_STOXX600,XSWX,SFSN.S,NOT_VERIFIED,MAPPING_PRESENT_NOT_REVALIDATED,HISTORY_NOT_CHECKED,LIQUIDITY_NOT_CHECKED,NOT_VERIFIED,true,P1,PRICE_HISTORY_AND_LIQUIDITY_REFRESH_REQUIRED,Mapping verification,UNDECIDED_OFFLINE,SFSN.S,true,revalidated history/liquidity evidence,v0.37 is offline; prior price-derived evidence is not current
WS:XSWX:SFZN.S,EU_STOXX600,XSWX,SFZN.S,NOT_VERIFIED,MAPPING_PRESENT_NOT_REVALIDATED,HISTORY_NOT_CHECKED,LIQUIDITY_NOT_CHECKED,NOT_VERIFIED,true,P1,PRICE_HISTORY_AND_LIQUIDITY_REFRESH_REQUIRED,Mapping verification,UNDECIDED_OFFLINE,SFZN.S,true,revalidated history/liquidity evidence,v0.37 is offline; prior price-derived evidence is not current
WS:XSWX:SGSN.S,EU_STOXX600,XSWX,SGSN.S,NOT_VERIFIED,MAPPING_PRESENT_NOT_REVALIDATED,HISTORY_NOT_CHECKED,LIQUIDITY_NOT_CHECKED,NOT_VERIFIED,true,P1,PRICE_HISTORY_AND_LIQUIDITY_REFRESH_REQUIRED,Mapping verification,UNDECIDED_OFFLINE,SGSN.S,true,revalidated history/liquidity evidence,v0.37 is offline; prior price-derived evidence is not current
WS:XSWX:SIGNC.S,EU_STOXX600,XSWX,SIGNC.S,NOT_VERIFIED,MAPPING_PRESENT_NOT_REVALIDATED,HISTORY_NOT_CHECKED,LIQUIDITY_NOT_CHECKED,NOT_VERIFIED,true,P1,PRICE_HISTORY_AND_LIQUIDITY_REFRESH_REQUIRED,Mapping verification,UNDECIDED_OFFLINE,SIGNC.S,true,revalidated history/liquidity evidence,v0.37 is offline; prior price-derived evidence is not current
WS:XSWX:SIKA.S,EU_STOXX600,XSWX,SIKA.S,NOT_VERIFIED,MAPPING_PRESENT_NOT_REVALIDATED,HISTORY_NOT_CHECKED,LIQUIDITY_NOT_CHECKED,NOT_VERIFIED,true,P1,PRICE_HISTORY_AND_LIQUIDITY_REFRESH_REQUIRED,Mapping verification,UNDECIDED_OFFLINE,SIKA.S,true,revalidated history/liquidity evidence,v0.37 is offline; prior price-derived evidence is not current
WS:XSWX:SLHN.S,EU_STOXX600,XSWX,SLHN.S,NOT_VERIFIED,MAPPING_PRESENT_NOT_REVALIDATED,HISTORY_NOT_CHECKED,LIQUIDITY_NOT_CHECKED,NOT_VERIFIED,true,P1,PRICE_HISTORY_AND_LIQUIDITY_REFRESH_REQUIRED,Mapping verification,UNDECIDED_OFFLINE,SLHN.S,true,revalidated history/liquidity evidence,v0.37 is offline; prior price-derived evidence is not current
WS:XSWX:SOON.S,EU_STOXX600,XSWX,SOON.S,NOT_VERIFIED,MAPPING_PRESENT_NOT_REVALIDATED,HISTORY_NOT_CHECKED,LIQUIDITY_NOT_CHECKED,NOT_VERIFIED,true,P1,PRICE_HISTORY_AND_LIQUIDITY_REFRESH_REQUIRED,Mapping verification,UNDECIDED_OFFLINE,SOON.S,true,revalidated history/liquidity evidence,v0.37 is offline; prior price-derived evidence is not current
WS:XSWX:SPSN.S,EU_STOXX600,XSWX,SPSN.S,NOT_VERIFIED,MAPPING_PRESENT_NOT_REVALIDATED,HISTORY_NOT_CHECKED,LIQUIDITY_NOT_CHECKED,NOT_VERIFIED,true,P1,PRICE_HISTORY_AND_LIQUIDITY_REFRESH_REQUIRED,Mapping verification,UNDECIDED_OFFLINE,SPSN.S,true,revalidated history/liquidity evidence,v0.37 is offline; prior price-derived evidence is not current
WS:XSWX:SQN.S,EU_STOXX600,XSWX,SQN.S,NOT_VERIFIED,MAPPING_PRESENT_NOT_REVALIDATED,HISTORY_NOT_CHECKED,LIQUIDITY_NOT_CHECKED,NOT_VERIFIED,true,P1,PRICE_HISTORY_AND_LIQUIDITY_REFRESH_REQUIRED,Mapping verification,UNDECIDED_OFFLINE,SQN.S,true,revalidated history/liquidity evidence,v0.37 is offline; prior price-derived evidence is not current
WS:XSWX:SRENH.S,EU_STOXX600,XSWX,SRENH.S,NOT_VERIFIED,MAPPING_PRESENT_NOT_REVALIDATED,HISTORY_NOT_CHECKED,LIQUIDITY_NOT_CHECKED,NOT_VERIFIED,true,P1,PRICE_HISTORY_AND_LIQUIDITY_REFRESH_REQUIRED,Mapping verification,UNDECIDED_OFFLINE,SRENH.S,true,revalidated history/liquidity evidence,v0.37 is offline; prior price-derived evidence is not current
WS:XSWX:STMN.S,EU_STOXX600,XSWX,STMN.S,NOT_VERIFIED,MAPPING_PRESENT_NOT_REVALIDATED,HISTORY_NOT_CHECKED,LIQUIDITY_NOT_CHECKED,NOT_VERIFIED,true,P1,PRICE_HISTORY_AND_LIQUIDITY_REFRESH_REQUIRED,Mapping verification,UNDECIDED_OFFLINE,STMN.S,true,revalidated history/liquidity evidence,v0.37 is offline; prior price-derived evidence is not current
WS:XSWX:SUN.S,EU_STOXX600,XSWX,SUN.S,NOT_VERIFIED,MAPPING_PRESENT_NOT_REVALIDATED,HISTORY_NOT_CHECKED,LIQUIDITY_NOT_CHECKED,NOT_VERIFIED,true,P1,PRICE_HISTORY_AND_LIQUIDITY_REFRESH_REQUIRED,Mapping verification,UNDECIDED_OFFLINE,SUN.S,true,revalidated history/liquidity evidence,v0.37 is offline; prior price-derived evidence is not current
WS:XSWX:SUNN.S,EU_STOXX600,XSWX,SUNN.S,NOT_VERIFIED,MAPPING_PRESENT_NOT_REVALIDATED,HISTORY_NOT_CHECKED,LIQUIDITY_NOT_CHECKED,NOT_VERIFIED,true,P1,PRICE_HISTORY_AND_LIQUIDITY_REFRESH_REQUIRED,Mapping verification,UNDECIDED_OFFLINE,SUNN.S,true,revalidated history/liquidity evidence,v0.37 is offline; prior price-derived evidence is not current
WS:XSWX:TEMN.S,EU_STOXX600,XSWX,TEMN.S,NOT_VERIFIED,MAPPING_PRESENT_NOT_REVALIDATED,HISTORY_NOT_CHECKED,LIQUIDITY_NOT_CHECKED,NOT_VERIFIED,true,P1,PRICE_HISTORY_AND_LIQUIDITY_REFRESH_REQUIRED,Mapping verification,UNDECIDED_OFFLINE,TEMN.S,true,revalidated history/liquidity evidence,v0.37 is offline; prior price-derived evidence is not current
WS:XSWX:UBSG.S,EU_STOXX600,XSWX,UBSG.S,NOT_VERIFIED,MAPPING_PRESENT_NOT_REVALIDATED,HISTORY_NOT_CHECKED,LIQUIDITY_NOT_CHECKED,NOT_VERIFIED,true,P1,PRICE_HISTORY_AND_LIQUIDITY_REFRESH_REQUIRED,Mapping verification,UNDECIDED_OFFLINE,UBSG.S,true,revalidated history/liquidity evidence,v0.37 is offline; prior price-derived evidence is not current
WS:XSWX:UHR.S,EU_STOXX600,XSWX,UHR.S,NOT_VERIFIED,MAPPING_PRESENT_NOT_REVALIDATED,HISTORY_NOT_CHECKED,LIQUIDITY_NOT_CHECKED,NOT_VERIFIED,true,P1,PRICE_HISTORY_AND_LIQUIDITY_REFRESH_REQUIRED,Mapping verification,UNDECIDED_OFFLINE,UHR.S,true,revalidated history/liquidity evidence,v0.37 is offline; prior price-derived evidence is not current
WS:XSWX:VACN.S,EU_STOXX600,XSWX,VACN.S,NOT_VERIFIED,MAPPING_PRESENT_NOT_REVALIDATED,HISTORY_NOT_CHECKED,LIQUIDITY_NOT_CHECKED,NOT_VERIFIED,true,P1,PRICE_HISTORY_AND_LIQUIDITY_REFRESH_REQUIRED,Mapping verification,UNDECIDED_OFFLINE,VACN.S,true,revalidated history/liquidity evidence,v0.37 is offline; prior price-derived evidence is not current
WS:XSWX:VATN.S,EU_STOXX600,XSWX,VATN.S,NOT_VERIFIED,MAPPING_PRESENT_NOT_REVALIDATED,HISTORY_NOT_CHECKED,LIQUIDITY_NOT_CHECKED,NOT_VERIFIED,true,P1,PRICE_HISTORY_AND_LIQUIDITY_REFRESH_REQUIRED,Mapping verification,UNDECIDED_OFFLINE,VATN.S,true,revalidated history/liquidity evidence,v0.37 is offline; prior price-derived evidence is not current
WS:XSWX:VZN.S,EU_STOXX600,XSWX,VZN.S,NOT_VERIFIED,MAPPING_PRESENT_NOT_REVALIDATED,HISTORY_NOT_CHECKED,LIQUIDITY_NOT_CHECKED,NOT_VERIFIED,true,P1,PRICE_HISTORY_AND_LIQUIDITY_REFRESH_REQUIRED,Mapping verification,UNDECIDED_OFFLINE,VZN.S,true,revalidated history/liquidity evidence,v0.37 is offline; prior price-derived evidence is not current
WS:XSWX:ZURN.S,EU_STOXX600,XSWX,ZURN.S,NOT_VERIFIED,MAPPING_PRESENT_NOT_REVALIDATED,HISTORY_NOT_CHECKED,LIQUIDITY_NOT_CHECKED,NOT_VERIFIED,true,P1,PRICE_HISTORY_AND_LIQUIDITY_REFRESH_REQUIRED,Mapping verification,UNDECIDED_OFFLINE,ZURN.S,true,revalidated history/liquidity evidence,v0.37 is offline; prior price-derived evidence is not current
WS:XTAI:3711,TW_TW50,XTAI,3711,NOT_VERIFIED,MAPPING_PRESENT_NOT_REVALIDATED,HISTORY_NOT_CHECKED,LIQUIDITY_NOT_CHECKED,NOT_VERIFIED,true,P1,PRICE_HISTORY_AND_LIQUIDITY_REFRESH_REQUIRED,Mapping verification,UNDECIDED_OFFLINE,3711,true,revalidated history/liquidity evidence,v0.37 is offline; prior price-derived evidence is not current
WS:XTAI:6669,TW_TW50,XTAI,6669,NOT_VERIFIED,MAPPING_PRESENT_NOT_REVALIDATED,HISTORY_NOT_CHECKED,LIQUIDITY_NOT_CHECKED,NOT_VERIFIED,true,P1,PRICE_HISTORY_AND_LIQUIDITY_REFRESH_REQUIRED,Mapping verification,UNDECIDED_OFFLINE,6669,true,revalidated history/liquidity evidence,v0.37 is offline; prior price-derived evidence is not current
WS:XTAI:7769,TW_TW50,XTAI,7769,NOT_VERIFIED,MAPPING_PRESENT_NOT_REVALIDATED,HISTORY_NOT_CHECKED,LIQUIDITY_NOT_CHECKED,NOT_VERIFIED,true,P1,PRICE_HISTORY_AND_LIQUIDITY_REFRESH_REQUIRED,Mapping verification,UNDECIDED_OFFLINE,7769,true,revalidated history/liquidity evidence,v0.37 is offline; prior price-derived evidence is not current
WS:XTKS:1332,JP_N225,XTKS,1332,NOT_VERIFIED,MAPPING_PRESENT_NOT_REVALIDATED,HISTORY_NOT_CHECKED,LIQUIDITY_NOT_CHECKED,NOT_VERIFIED,true,P1,PRICE_HISTORY_AND_LIQUIDITY_REFRESH_REQUIRED,Mapping verification,UNDECIDED_OFFLINE,1332,true,revalidated history/liquidity evidence,v0.37 is offline; prior price-derived evidence is not current
WS:XTKS:1605,JP_N225,XTKS,1605,NOT_VERIFIED,MAPPING_PRESENT_NOT_REVALIDATED,HISTORY_NOT_CHECKED,LIQUIDITY_NOT_CHECKED,NOT_VERIFIED,true,P1,PRICE_HISTORY_AND_LIQUIDITY_REFRESH_REQUIRED,Mapping verification,UNDECIDED_OFFLINE,1605,true,revalidated history/liquidity evidence,v0.37 is offline; prior price-derived evidence is not current
WS:XTKS:1721,JP_N225,XTKS,1721,NOT_VERIFIED,MAPPING_PRESENT_NOT_REVALIDATED,HISTORY_NOT_CHECKED,LIQUIDITY_NOT_CHECKED,NOT_VERIFIED,true,P1,PRICE_HISTORY_AND_LIQUIDITY_REFRESH_REQUIRED,Mapping verification,UNDECIDED_OFFLINE,1721,true,revalidated history/liquidity evidence,v0.37 is offline; prior price-derived evidence is not current
WS:XTKS:1801,JP_N225,XTKS,1801,NOT_VERIFIED,MAPPING_PRESENT_NOT_REVALIDATED,HISTORY_NOT_CHECKED,LIQUIDITY_NOT_CHECKED,NOT_VERIFIED,true,P1,PRICE_HISTORY_AND_LIQUIDITY_REFRESH_REQUIRED,Mapping verification,UNDECIDED_OFFLINE,1801,true,revalidated history/liquidity evidence,v0.37 is offline; prior price-derived evidence is not current
WS:XTKS:1802,JP_N225,XTKS,1802,NOT_VERIFIED,MAPPING_PRESENT_NOT_REVALIDATED,HISTORY_NOT_CHECKED,LIQUIDITY_NOT_CHECKED,NOT_VERIFIED,true,P1,PRICE_HISTORY_AND_LIQUIDITY_REFRESH_REQUIRED,Mapping verification,UNDECIDED_OFFLINE,1802,true,revalidated history/liquidity evidence,v0.37 is offline; prior price-derived evidence is not current
WS:XTKS:1803,JP_N225,XTKS,1803,NOT_VERIFIED,MAPPING_PRESENT_NOT_REVALIDATED,HISTORY_NOT_CHECKED,LIQUIDITY_NOT_CHECKED,NOT_VERIFIED,true,P1,PRICE_HISTORY_AND_LIQUIDITY_REFRESH_REQUIRED,Mapping verification,UNDECIDED_OFFLINE,1803,true,revalidated history/liquidity evidence,v0.37 is offline; prior price-derived evidence is not current
WS:XTKS:1808,JP_N225,XTKS,1808,NOT_VERIFIED,MAPPING_PRESENT_NOT_REVALIDATED,HISTORY_NOT_CHECKED,LIQUIDITY_NOT_CHECKED,NOT_VERIFIED,true,P1,PRICE_HISTORY_AND_LIQUIDITY_REFRESH_REQUIRED,Mapping verification,UNDECIDED_OFFLINE,1808,true,revalidated history/liquidity evidence,v0.37 is offline; prior price-derived evidence is not current
WS:XTKS:1812,JP_N225,XTKS,1812,NOT_VERIFIED,MAPPING_PRESENT_NOT_REVALIDATED,HISTORY_NOT_CHECKED,LIQUIDITY_NOT_CHECKED,NOT_VERIFIED,true,P1,PRICE_HISTORY_AND_LIQUIDITY_REFRESH_REQUIRED,Mapping verification,UNDECIDED_OFFLINE,1812,true,revalidated history/liquidity evidence,v0.37 is offline; prior price-derived evidence is not current
WS:XTKS:1925,JP_N225,XTKS,1925,NOT_VERIFIED,MAPPING_PRESENT_NOT_REVALIDATED,HISTORY_NOT_CHECKED,LIQUIDITY_NOT_CHECKED,NOT_VERIFIED,true,P1,PRICE_HISTORY_AND_LIQUIDITY_REFRESH_REQUIRED,Mapping verification,UNDECIDED_OFFLINE,1925,true,revalidated history/liquidity evidence,v0.37 is offline; prior price-derived evidence is not current
WS:XTKS:1928,JP_N225,XTKS,1928,NOT_VERIFIED,MAPPING_PRESENT_NOT_REVALIDATED,HISTORY_NOT_CHECKED,LIQUIDITY_NOT_CHECKED,NOT_VERIFIED,true,P1,PRICE_HISTORY_AND_LIQUIDITY_REFRESH_REQUIRED,Mapping verification,UNDECIDED_OFFLINE,1928,true,revalidated history/liquidity evidence,v0.37 is offline; prior price-derived evidence is not current
WS:XTKS:1963,JP_N225,XTKS,1963,NOT_VERIFIED,MAPPING_PRESENT_NOT_REVALIDATED,HISTORY_NOT_CHECKED,LIQUIDITY_NOT_CHECKED,NOT_VERIFIED,true,P1,PRICE_HISTORY_AND_LIQUIDITY_REFRESH_REQUIRED,Mapping verification,UNDECIDED_OFFLINE,1963,true,revalidated history/liquidity evidence,v0.37 is offline; prior price-derived evidence is not current
WS:XTKS:2002,JP_N225,XTKS,2002,NOT_VERIFIED,MAPPING_PRESENT_NOT_REVALIDATED,HISTORY_NOT_CHECKED,LIQUIDITY_NOT_CHECKED,NOT_VERIFIED,true,P1,PRICE_HISTORY_AND_LIQUIDITY_REFRESH_REQUIRED,Mapping verification,UNDECIDED_OFFLINE,2002,true,revalidated history/liquidity evidence,v0.37 is offline; prior price-derived evidence is not current
WS:XTKS:2269,JP_N225,XTKS,2269,NOT_VERIFIED,MAPPING_PRESENT_NOT_REVALIDATED,HISTORY_NOT_CHECKED,LIQUIDITY_NOT_CHECKED,NOT_VERIFIED,true,P1,PRICE_HISTORY_AND_LIQUIDITY_REFRESH_REQUIRED,Mapping verification,UNDECIDED_OFFLINE,2269,true,revalidated history/liquidity evidence,v0.37 is offline; prior price-derived evidence is not current
WS:XTKS:2282,JP_N225,XTKS,2282,NOT_VERIFIED,MAPPING_PRESENT_NOT_REVALIDATED,HISTORY_NOT_CHECKED,LIQUIDITY_NOT_CHECKED,NOT_VERIFIED,true,P1,PRICE_HISTORY_AND_LIQUIDITY_REFRESH_REQUIRED,Mapping verification,UNDECIDED_OFFLINE,2282,true,revalidated history/liquidity evidence,v0.37 is offline; prior price-derived evidence is not current
WS:XTKS:2413,JP_N225,XTKS,2413,NOT_VERIFIED,MAPPING_PRESENT_NOT_REVALIDATED,HISTORY_NOT_CHECKED,LIQUIDITY_NOT_CHECKED,NOT_VERIFIED,true,P1,PRICE_HISTORY_AND_LIQUIDITY_REFRESH_REQUIRED,Mapping verification,UNDECIDED_OFFLINE,2413,true,revalidated history/liquidity evidence,v0.37 is offline; prior price-derived evidence is not current
WS:XTKS:2432,JP_N225,XTKS,2432,NOT_VERIFIED,MAPPING_PRESENT_NOT_REVALIDATED,HISTORY_NOT_CHECKED,LIQUIDITY_NOT_CHECKED,NOT_VERIFIED,true,P1,PRICE_HISTORY_AND_LIQUIDITY_REFRESH_REQUIRED,Mapping verification,UNDECIDED_OFFLINE,2432,true,revalidated history/liquidity evidence,v0.37 is offline; prior price-derived evidence is not current
WS:XTKS:2501,JP_N225,XTKS,2501,NOT_VERIFIED,MAPPING_PRESENT_NOT_REVALIDATED,HISTORY_NOT_CHECKED,LIQUIDITY_NOT_CHECKED,NOT_VERIFIED,true,P1,PRICE_HISTORY_AND_LIQUIDITY_REFRESH_REQUIRED,Mapping verification,UNDECIDED_OFFLINE,2501,true,revalidated history/liquidity evidence,v0.37 is offline; prior price-derived evidence is not current
WS:XTKS:2502,JP_N225,XTKS,2502,NOT_VERIFIED,MAPPING_PRESENT_NOT_REVALIDATED,HISTORY_NOT_CHECKED,LIQUIDITY_NOT_CHECKED,NOT_VERIFIED,true,P1,PRICE_HISTORY_AND_LIQUIDITY_REFRESH_REQUIRED,Mapping verification,UNDECIDED_OFFLINE,2502,true,revalidated history/liquidity evidence,v0.37 is offline; prior price-derived evidence is not current
WS:XTKS:2503,JP_N225,XTKS,2503,NOT_VERIFIED,MAPPING_PRESENT_NOT_REVALIDATED,HISTORY_NOT_CHECKED,LIQUIDITY_NOT_CHECKED,NOT_VERIFIED,true,P1,PRICE_HISTORY_AND_LIQUIDITY_REFRESH_REQUIRED,Mapping verification,UNDECIDED_OFFLINE,2503,true,revalidated history/liquidity evidence,v0.37 is offline; prior price-derived evidence is not current
WS:XTKS:2768,JP_N225,XTKS,2768,NOT_VERIFIED,MAPPING_PRESENT_NOT_REVALIDATED,HISTORY_NOT_CHECKED,LIQUIDITY_NOT_CHECKED,NOT_VERIFIED,true,P1,PRICE_HISTORY_AND_LIQUIDITY_REFRESH_REQUIRED,Mapping verification,UNDECIDED_OFFLINE,2768,true,revalidated history/liquidity evidence,v0.37 is offline; prior price-derived evidence is not current
WS:XTKS:2801,JP_N225,XTKS,2801,NOT_VERIFIED,MAPPING_PRESENT_NOT_REVALIDATED,HISTORY_NOT_CHECKED,LIQUIDITY_NOT_CHECKED,NOT_VERIFIED,true,P1,PRICE_HISTORY_AND_LIQUIDITY_REFRESH_REQUIRED,Mapping verification,UNDECIDED_OFFLINE,2801,true,revalidated history/liquidity evidence,v0.37 is offline; prior price-derived evidence is not current
WS:XTKS:2802,JP_N225,XTKS,2802,NOT_VERIFIED,MAPPING_PRESENT_NOT_REVALIDATED,HISTORY_NOT_CHECKED,LIQUIDITY_NOT_CHECKED,NOT_VERIFIED,true,P1,PRICE_HISTORY_AND_LIQUIDITY_REFRESH_REQUIRED,Mapping verification,UNDECIDED_OFFLINE,2802,true,revalidated history/liquidity evidence,v0.37 is offline; prior price-derived evidence is not current
WS:XTKS:285A,JP_N225,XTKS,285A,NOT_VERIFIED,MAPPING_PRESENT_NOT_REVALIDATED,HISTORY_NOT_CHECKED,LIQUIDITY_NOT_CHECKED,NOT_VERIFIED,true,P1,PRICE_HISTORY_AND_LIQUIDITY_REFRESH_REQUIRED,Mapping verification,UNDECIDED_OFFLINE,285A,true,revalidated history/liquidity evidence,v0.37 is offline; prior price-derived evidence is not current
WS:XTKS:2871,JP_N225,XTKS,2871,NOT_VERIFIED,MAPPING_PRESENT_NOT_REVALIDATED,HISTORY_NOT_CHECKED,LIQUIDITY_NOT_CHECKED,NOT_VERIFIED,true,P1,PRICE_HISTORY_AND_LIQUIDITY_REFRESH_REQUIRED,Mapping verification,UNDECIDED_OFFLINE,2871,true,revalidated history/liquidity evidence,v0.37 is offline; prior price-derived evidence is not current
WS:XTKS:2914,JP_N225,XTKS,2914,NOT_VERIFIED,MAPPING_PRESENT_NOT_REVALIDATED,HISTORY_NOT_CHECKED,LIQUIDITY_NOT_CHECKED,NOT_VERIFIED,true,P1,PRICE_HISTORY_AND_LIQUIDITY_REFRESH_REQUIRED,Mapping verification,UNDECIDED_OFFLINE,2914,true,revalidated history/liquidity evidence,v0.37 is offline; prior price-derived evidence is not current
WS:XTKS:3086,JP_N225,XTKS,3086,NOT_VERIFIED,MAPPING_PRESENT_NOT_REVALIDATED,HISTORY_NOT_CHECKED,LIQUIDITY_NOT_CHECKED,NOT_VERIFIED,true,P1,PRICE_HISTORY_AND_LIQUIDITY_REFRESH_REQUIRED,Mapping verification,UNDECIDED_OFFLINE,3086,true,revalidated history/liquidity evidence,v0.37 is offline; prior price-derived evidence is not current
WS:XTKS:3092,JP_N225,XTKS,3092,NOT_VERIFIED,MAPPING_PRESENT_NOT_REVALIDATED,HISTORY_NOT_CHECKED,LIQUIDITY_NOT_CHECKED,NOT_VERIFIED,true,P1,PRICE_HISTORY_AND_LIQUIDITY_REFRESH_REQUIRED,Mapping verification,UNDECIDED_OFFLINE,3092,true,revalidated history/liquidity evidence,v0.37 is offline; prior price-derived evidence is not current
WS:XTKS:3099,JP_N225,XTKS,3099,NOT_VERIFIED,MAPPING_PRESENT_NOT_REVALIDATED,HISTORY_NOT_CHECKED,LIQUIDITY_NOT_CHECKED,NOT_VERIFIED,true,P1,PRICE_HISTORY_AND_LIQUIDITY_REFRESH_REQUIRED,Mapping verification,UNDECIDED_OFFLINE,3099,true,revalidated history/liquidity evidence,v0.37 is offline; prior price-derived evidence is not current
WS:XTKS:3289,JP_N225,XTKS,3289,NOT_VERIFIED,MAPPING_PRESENT_NOT_REVALIDATED,HISTORY_NOT_CHECKED,LIQUIDITY_NOT_CHECKED,NOT_VERIFIED,true,P1,PRICE_HISTORY_AND_LIQUIDITY_REFRESH_REQUIRED,Mapping verification,UNDECIDED_OFFLINE,3289,true,revalidated history/liquidity evidence,v0.37 is offline; prior price-derived evidence is not current
WS:XTKS:3382,JP_N225,XTKS,3382,NOT_VERIFIED,MAPPING_PRESENT_NOT_REVALIDATED,HISTORY_NOT_CHECKED,LIQUIDITY_NOT_CHECKED,NOT_VERIFIED,true,P1,PRICE_HISTORY_AND_LIQUIDITY_REFRESH_REQUIRED,Mapping verification,UNDECIDED_OFFLINE,3382,true,revalidated history/liquidity evidence,v0.37 is offline; prior price-derived evidence is not current
WS:XTKS:3401,JP_N225,XTKS,3401,NOT_VERIFIED,MAPPING_PRESENT_NOT_REVALIDATED,HISTORY_NOT_CHECKED,LIQUIDITY_NOT_CHECKED,NOT_VERIFIED,true,P1,PRICE_HISTORY_AND_LIQUIDITY_REFRESH_REQUIRED,Mapping verification,UNDECIDED_OFFLINE,3401,true,revalidated history/liquidity evidence,v0.37 is offline; prior price-derived evidence is not current
WS:XTKS:3402,JP_N225,XTKS,3402,NOT_VERIFIED,MAPPING_PRESENT_NOT_REVALIDATED,HISTORY_NOT_CHECKED,LIQUIDITY_NOT_CHECKED,NOT_VERIFIED,true,P1,PRICE_HISTORY_AND_LIQUIDITY_REFRESH_REQUIRED,Mapping verification,UNDECIDED_OFFLINE,3402,true,revalidated history/liquidity evidence,v0.37 is offline; prior price-derived evidence is not current
WS:XTKS:3405,JP_N225,XTKS,3405,NOT_VERIFIED,MAPPING_PRESENT_NOT_REVALIDATED,HISTORY_NOT_CHECKED,LIQUIDITY_NOT_CHECKED,NOT_VERIFIED,true,P1,PRICE_HISTORY_AND_LIQUIDITY_REFRESH_REQUIRED,Mapping verification,UNDECIDED_OFFLINE,3405,true,revalidated history/liquidity evidence,v0.37 is offline; prior price-derived evidence is not current
WS:XTKS:3407,JP_N225,XTKS,3407,NOT_VERIFIED,MAPPING_PRESENT_NOT_REVALIDATED,HISTORY_NOT_CHECKED,LIQUIDITY_NOT_CHECKED,NOT_VERIFIED,true,P1,PRICE_HISTORY_AND_LIQUIDITY_REFRESH_REQUIRED,Mapping verification,UNDECIDED_OFFLINE,3407,true,revalidated history/liquidity evidence,v0.37 is offline; prior price-derived evidence is not current
WS:XTKS:3436,JP_N225,XTKS,3436,NOT_VERIFIED,MAPPING_PRESENT_NOT_REVALIDATED,HISTORY_NOT_CHECKED,LIQUIDITY_NOT_CHECKED,NOT_VERIFIED,true,P1,PRICE_HISTORY_AND_LIQUIDITY_REFRESH_REQUIRED,Mapping verification,UNDECIDED_OFFLINE,3436,true,revalidated history/liquidity evidence,v0.37 is offline; prior price-derived evidence is not current
WS:XTKS:3659,JP_N225,XTKS,3659,NOT_VERIFIED,MAPPING_PRESENT_NOT_REVALIDATED,HISTORY_NOT_CHECKED,LIQUIDITY_NOT_CHECKED,NOT_VERIFIED,true,P1,PRICE_HISTORY_AND_LIQUIDITY_REFRESH_REQUIRED,Mapping verification,UNDECIDED_OFFLINE,3659,true,revalidated history/liquidity evidence,v0.37 is offline; prior price-derived evidence is not current
WS:XTKS:3697,JP_N225,XTKS,3697,NOT_VERIFIED,MAPPING_PRESENT_NOT_REVALIDATED,HISTORY_NOT_CHECKED,LIQUIDITY_NOT_CHECKED,NOT_VERIFIED,true,P1,PRICE_HISTORY_AND_LIQUIDITY_REFRESH_REQUIRED,Mapping verification,UNDECIDED_OFFLINE,3697,true,revalidated history/liquidity evidence,v0.37 is offline; prior price-derived evidence is not current
WS:XTKS:3861,JP_N225,XTKS,3861,NOT_VERIFIED,MAPPING_PRESENT_NOT_REVALIDATED,HISTORY_NOT_CHECKED,LIQUIDITY_NOT_CHECKED,NOT_VERIFIED,true,P1,PRICE_HISTORY_AND_LIQUIDITY_REFRESH_REQUIRED,Mapping verification,UNDECIDED_OFFLINE,3861,true,revalidated history/liquidity evidence,v0.37 is offline; prior price-derived evidence is not current
WS:XTKS:4004,JP_N225,XTKS,4004,NOT_VERIFIED,MAPPING_PRESENT_NOT_REVALIDATED,HISTORY_NOT_CHECKED,LIQUIDITY_NOT_CHECKED,NOT_VERIFIED,true,P1,PRICE_HISTORY_AND_LIQUIDITY_REFRESH_REQUIRED,Mapping verification,UNDECIDED_OFFLINE,4004,true,revalidated history/liquidity evidence,v0.37 is offline; prior price-derived evidence is not current
WS:XTKS:4005,JP_N225,XTKS,4005,NOT_VERIFIED,MAPPING_PRESENT_NOT_REVALIDATED,HISTORY_NOT_CHECKED,LIQUIDITY_NOT_CHECKED,NOT_VERIFIED,true,P1,PRICE_HISTORY_AND_LIQUIDITY_REFRESH_REQUIRED,Mapping verification,UNDECIDED_OFFLINE,4005,true,revalidated history/liquidity evidence,v0.37 is offline; prior price-derived evidence is not current
WS:XTKS:4021,JP_N225,XTKS,4021,NOT_VERIFIED,MAPPING_PRESENT_NOT_REVALIDATED,HISTORY_NOT_CHECKED,LIQUIDITY_NOT_CHECKED,NOT_VERIFIED,true,P1,PRICE_HISTORY_AND_LIQUIDITY_REFRESH_REQUIRED,Mapping verification,UNDECIDED_OFFLINE,4021,true,revalidated history/liquidity evidence,v0.37 is offline; prior price-derived evidence is not current
WS:XTKS:4042,JP_N225,XTKS,4042,NOT_VERIFIED,MAPPING_PRESENT_NOT_REVALIDATED,HISTORY_NOT_CHECKED,LIQUIDITY_NOT_CHECKED,NOT_VERIFIED,true,P1,PRICE_HISTORY_AND_LIQUIDITY_REFRESH_REQUIRED,Mapping verification,UNDECIDED_OFFLINE,4042,true,revalidated history/liquidity evidence,v0.37 is offline; prior price-derived evidence is not current
WS:XTKS:4043,JP_N225,XTKS,4043,NOT_VERIFIED,MAPPING_PRESENT_NOT_REVALIDATED,HISTORY_NOT_CHECKED,LIQUIDITY_NOT_CHECKED,NOT_VERIFIED,true,P1,PRICE_HISTORY_AND_LIQUIDITY_REFRESH_REQUIRED,Mapping verification,UNDECIDED_OFFLINE,4043,true,revalidated history/liquidity evidence,v0.37 is offline; prior price-derived evidence is not current
WS:XTKS:4061,JP_N225,XTKS,4061,NOT_VERIFIED,MAPPING_PRESENT_NOT_REVALIDATED,HISTORY_NOT_CHECKED,LIQUIDITY_NOT_CHECKED,NOT_VERIFIED,true,P1,PRICE_HISTORY_AND_LIQUIDITY_REFRESH_REQUIRED,Mapping verification,UNDECIDED_OFFLINE,4061,true,revalidated history/liquidity evidence,v0.37 is offline; prior price-derived evidence is not current
WS:XTKS:4062,JP_N225,XTKS,4062,NOT_VERIFIED,MAPPING_PRESENT_NOT_REVALIDATED,HISTORY_NOT_CHECKED,LIQUIDITY_NOT_CHECKED,NOT_VERIFIED,true,P1,PRICE_HISTORY_AND_LIQUIDITY_REFRESH_REQUIRED,Mapping verification,UNDECIDED_OFFLINE,4062,true,revalidated history/liquidity evidence,v0.37 is offline; prior price-derived evidence is not current
WS:XTKS:4063,JP_N225,XTKS,4063,NOT_VERIFIED,MAPPING_PRESENT_NOT_REVALIDATED,HISTORY_NOT_CHECKED,LIQUIDITY_NOT_CHECKED,NOT_VERIFIED,true,P1,PRICE_HISTORY_AND_LIQUIDITY_REFRESH_REQUIRED,Mapping verification,UNDECIDED_OFFLINE,4063,true,revalidated history/liquidity evidence,v0.37 is offline; prior price-derived evidence is not current
WS:XTKS:4151,JP_N225,XTKS,4151,NOT_VERIFIED,MAPPING_PRESENT_NOT_REVALIDATED,HISTORY_NOT_CHECKED,LIQUIDITY_NOT_CHECKED,NOT_VERIFIED,true,P1,PRICE_HISTORY_AND_LIQUIDITY_REFRESH_REQUIRED,Mapping verification,UNDECIDED_OFFLINE,4151,true,revalidated history/liquidity evidence,v0.37 is offline; prior price-derived evidence is not current
WS:XTKS:4183,JP_N225,XTKS,4183,NOT_VERIFIED,MAPPING_PRESENT_NOT_REVALIDATED,HISTORY_NOT_CHECKED,LIQUIDITY_NOT_CHECKED,NOT_VERIFIED,true,P1,PRICE_HISTORY_AND_LIQUIDITY_REFRESH_REQUIRED,Mapping verification,UNDECIDED_OFFLINE,4183,true,revalidated history/liquidity evidence,v0.37 is offline; prior price-derived evidence is not current
WS:XTKS:4188,JP_N225,XTKS,4188,NOT_VERIFIED,MAPPING_PRESENT_NOT_REVALIDATED,HISTORY_NOT_CHECKED,LIQUIDITY_NOT_CHECKED,NOT_VERIFIED,true,P1,PRICE_HISTORY_AND_LIQUIDITY_REFRESH_REQUIRED,Mapping verification,UNDECIDED_OFFLINE,4188,true,revalidated history/liquidity evidence,v0.37 is offline; prior price-derived evidence is not current
WS:XTKS:4208,JP_N225,XTKS,4208,NOT_VERIFIED,MAPPING_PRESENT_NOT_REVALIDATED,HISTORY_NOT_CHECKED,LIQUIDITY_NOT_CHECKED,NOT_VERIFIED,true,P1,PRICE_HISTORY_AND_LIQUIDITY_REFRESH_REQUIRED,Mapping verification,UNDECIDED_OFFLINE,4208,true,revalidated history/liquidity evidence,v0.37 is offline; prior price-derived evidence is not current
WS:XTKS:4307,JP_N225,XTKS,4307,NOT_VERIFIED,MAPPING_PRESENT_NOT_REVALIDATED,HISTORY_NOT_CHECKED,LIQUIDITY_NOT_CHECKED,NOT_VERIFIED,true,P1,PRICE_HISTORY_AND_LIQUIDITY_REFRESH_REQUIRED,Mapping verification,UNDECIDED_OFFLINE,4307,true,revalidated history/liquidity evidence,v0.37 is offline; prior price-derived evidence is not current
WS:XTKS:4324,JP_N225,XTKS,4324,NOT_VERIFIED,MAPPING_PRESENT_NOT_REVALIDATED,HISTORY_NOT_CHECKED,LIQUIDITY_NOT_CHECKED,NOT_VERIFIED,true,P1,PRICE_HISTORY_AND_LIQUIDITY_REFRESH_REQUIRED,Mapping verification,UNDECIDED_OFFLINE,4324,true,revalidated history/liquidity evidence,v0.37 is offline; prior price-derived evidence is not current
WS:XTKS:4385,JP_N225,XTKS,4385,NOT_VERIFIED,MAPPING_PRESENT_NOT_REVALIDATED,HISTORY_NOT_CHECKED,LIQUIDITY_NOT_CHECKED,NOT_VERIFIED,true,P1,PRICE_HISTORY_AND_LIQUIDITY_REFRESH_REQUIRED,Mapping verification,UNDECIDED_OFFLINE,4385,true,revalidated history/liquidity evidence,v0.37 is offline; prior price-derived evidence is not current
WS:XTKS:4452,JP_N225,XTKS,4452,NOT_VERIFIED,MAPPING_PRESENT_NOT_REVALIDATED,HISTORY_NOT_CHECKED,LIQUIDITY_NOT_CHECKED,NOT_VERIFIED,true,P1,PRICE_HISTORY_AND_LIQUIDITY_REFRESH_REQUIRED,Mapping verification,UNDECIDED_OFFLINE,4452,true,revalidated history/liquidity evidence,v0.37 is offline; prior price-derived evidence is not current
WS:XTKS:4502,JP_N225,XTKS,4502,NOT_VERIFIED,MAPPING_PRESENT_NOT_REVALIDATED,HISTORY_NOT_CHECKED,LIQUIDITY_NOT_CHECKED,NOT_VERIFIED,true,P1,PRICE_HISTORY_AND_LIQUIDITY_REFRESH_REQUIRED,Mapping verification,UNDECIDED_OFFLINE,4502,true,revalidated history/liquidity evidence,v0.37 is offline; prior price-derived evidence is not current
WS:XTKS:4503,JP_N225,XTKS,4503,NOT_VERIFIED,MAPPING_PRESENT_NOT_REVALIDATED,HISTORY_NOT_CHECKED,LIQUIDITY_NOT_CHECKED,NOT_VERIFIED,true,P1,PRICE_HISTORY_AND_LIQUIDITY_REFRESH_REQUIRED,Mapping verification,UNDECIDED_OFFLINE,4503,true,revalidated history/liquidity evidence,v0.37 is offline; prior price-derived evidence is not current
WS:XTKS:4506,JP_N225,XTKS,4506,NOT_VERIFIED,MAPPING_PRESENT_NOT_REVALIDATED,HISTORY_NOT_CHECKED,LIQUIDITY_NOT_CHECKED,NOT_VERIFIED,true,P1,PRICE_HISTORY_AND_LIQUIDITY_REFRESH_REQUIRED,Mapping verification,UNDECIDED_OFFLINE,4506,true,revalidated history/liquidity evidence,v0.37 is offline; prior price-derived evidence is not current
WS:XTKS:4507,JP_N225,XTKS,4507,NOT_VERIFIED,MAPPING_PRESENT_NOT_REVALIDATED,HISTORY_NOT_CHECKED,LIQUIDITY_NOT_CHECKED,NOT_VERIFIED,true,P1,PRICE_HISTORY_AND_LIQUIDITY_REFRESH_REQUIRED,Mapping verification,UNDECIDED_OFFLINE,4507,true,revalidated history/liquidity evidence,v0.37 is offline; prior price-derived evidence is not current
WS:XTKS:4519,JP_N225,XTKS,4519,NOT_VERIFIED,MAPPING_PRESENT_NOT_REVALIDATED,HISTORY_NOT_CHECKED,LIQUIDITY_NOT_CHECKED,NOT_VERIFIED,true,P1,PRICE_HISTORY_AND_LIQUIDITY_REFRESH_REQUIRED,Mapping verification,UNDECIDED_OFFLINE,4519,true,revalidated history/liquidity evidence,v0.37 is offline; prior price-derived evidence is not current
WS:XTKS:4523,JP_N225,XTKS,4523,NOT_VERIFIED,MAPPING_PRESENT_NOT_REVALIDATED,HISTORY_NOT_CHECKED,LIQUIDITY_NOT_CHECKED,NOT_VERIFIED,true,P1,PRICE_HISTORY_AND_LIQUIDITY_REFRESH_REQUIRED,Mapping verification,UNDECIDED_OFFLINE,4523,true,revalidated history/liquidity evidence,v0.37 is offline; prior price-derived evidence is not current
WS:XTKS:4543,JP_N225,XTKS,4543,NOT_VERIFIED,MAPPING_PRESENT_NOT_REVALIDATED,HISTORY_NOT_CHECKED,LIQUIDITY_NOT_CHECKED,NOT_VERIFIED,true,P1,PRICE_HISTORY_AND_LIQUIDITY_REFRESH_REQUIRED,Mapping verification,UNDECIDED_OFFLINE,4543,true,revalidated history/liquidity evidence,v0.37 is offline; prior price-derived evidence is not current
WS:XTKS:4568,JP_N225,XTKS,4568,NOT_VERIFIED,MAPPING_PRESENT_NOT_REVALIDATED,HISTORY_NOT_CHECKED,LIQUIDITY_NOT_CHECKED,NOT_VERIFIED,true,P1,PRICE_HISTORY_AND_LIQUIDITY_REFRESH_REQUIRED,Mapping verification,UNDECIDED_OFFLINE,4568,true,revalidated history/liquidity evidence,v0.37 is offline; prior price-derived evidence is not current
WS:XTKS:4578,JP_N225,XTKS,4578,NOT_VERIFIED,MAPPING_PRESENT_NOT_REVALIDATED,HISTORY_NOT_CHECKED,LIQUIDITY_NOT_CHECKED,NOT_VERIFIED,true,P1,PRICE_HISTORY_AND_LIQUIDITY_REFRESH_REQUIRED,Mapping verification,UNDECIDED_OFFLINE,4578,true,revalidated history/liquidity evidence,v0.37 is offline; prior price-derived evidence is not current
WS:XTKS:4661,JP_N225,XTKS,4661,NOT_VERIFIED,MAPPING_PRESENT_NOT_REVALIDATED,HISTORY_NOT_CHECKED,LIQUIDITY_NOT_CHECKED,NOT_VERIFIED,true,P1,PRICE_HISTORY_AND_LIQUIDITY_REFRESH_REQUIRED,Mapping verification,UNDECIDED_OFFLINE,4661,true,revalidated history/liquidity evidence,v0.37 is offline; prior price-derived evidence is not current
WS:XTKS:4689,JP_N225,XTKS,4689,NOT_VERIFIED,MAPPING_PRESENT_NOT_REVALIDATED,HISTORY_NOT_CHECKED,LIQUIDITY_NOT_CHECKED,NOT_VERIFIED,true,P1,PRICE_HISTORY_AND_LIQUIDITY_REFRESH_REQUIRED,Mapping verification,UNDECIDED_OFFLINE,4689,true,revalidated history/liquidity evidence,v0.37 is offline; prior price-derived evidence is not current
WS:XTKS:4704,JP_N225,XTKS,4704,NOT_VERIFIED,MAPPING_PRESENT_NOT_REVALIDATED,HISTORY_NOT_CHECKED,LIQUIDITY_NOT_CHECKED,NOT_VERIFIED,true,P1,PRICE_HISTORY_AND_LIQUIDITY_REFRESH_REQUIRED,Mapping verification,UNDECIDED_OFFLINE,4704,true,revalidated history/liquidity evidence,v0.37 is offline; prior price-derived evidence is not current
WS:XTKS:4751,JP_N225,XTKS,4751,NOT_VERIFIED,MAPPING_PRESENT_NOT_REVALIDATED,HISTORY_NOT_CHECKED,LIQUIDITY_NOT_CHECKED,NOT_VERIFIED,true,P1,PRICE_HISTORY_AND_LIQUIDITY_REFRESH_REQUIRED,Mapping verification,UNDECIDED_OFFLINE,4751,true,revalidated history/liquidity evidence,v0.37 is offline; prior price-derived evidence is not current
WS:XTKS:4755,JP_N225,XTKS,4755,NOT_VERIFIED,MAPPING_PRESENT_NOT_REVALIDATED,HISTORY_NOT_CHECKED,LIQUIDITY_NOT_CHECKED,NOT_VERIFIED,true,P1,PRICE_HISTORY_AND_LIQUIDITY_REFRESH_REQUIRED,Mapping verification,UNDECIDED_OFFLINE,4755,true,revalidated history/liquidity evidence,v0.37 is offline; prior price-derived evidence is not current
WS:XTKS:4901,JP_N225,XTKS,4901,NOT_VERIFIED,MAPPING_PRESENT_NOT_REVALIDATED,HISTORY_NOT_CHECKED,LIQUIDITY_NOT_CHECKED,NOT_VERIFIED,true,P1,PRICE_HISTORY_AND_LIQUIDITY_REFRESH_REQUIRED,Mapping verification,UNDECIDED_OFFLINE,4901,true,revalidated history/liquidity evidence,v0.37 is offline; prior price-derived evidence is not current
WS:XTKS:4902,JP_N225,XTKS,4902,NOT_VERIFIED,MAPPING_PRESENT_NOT_REVALIDATED,HISTORY_NOT_CHECKED,LIQUIDITY_NOT_CHECKED,NOT_VERIFIED,true,P1,PRICE_HISTORY_AND_LIQUIDITY_REFRESH_REQUIRED,Mapping verification,UNDECIDED_OFFLINE,4902,true,revalidated history/liquidity evidence,v0.37 is offline; prior price-derived evidence is not current
WS:XTKS:4911,JP_N225,XTKS,4911,NOT_VERIFIED,MAPPING_PRESENT_NOT_REVALIDATED,HISTORY_NOT_CHECKED,LIQUIDITY_NOT_CHECKED,NOT_VERIFIED,true,P1,PRICE_HISTORY_AND_LIQUIDITY_REFRESH_REQUIRED,Mapping verification,UNDECIDED_OFFLINE,4911,true,revalidated history/liquidity evidence,v0.37 is offline; prior price-derived evidence is not current
WS:XTKS:5019,JP_N225,XTKS,5019,NOT_VERIFIED,MAPPING_PRESENT_NOT_REVALIDATED,HISTORY_NOT_CHECKED,LIQUIDITY_NOT_CHECKED,NOT_VERIFIED,true,P1,PRICE_HISTORY_AND_LIQUIDITY_REFRESH_REQUIRED,Mapping verification,UNDECIDED_OFFLINE,5019,true,revalidated history/liquidity evidence,v0.37 is offline; prior price-derived evidence is not current
WS:XTKS:5020,JP_N225,XTKS,5020,NOT_VERIFIED,MAPPING_PRESENT_NOT_REVALIDATED,HISTORY_NOT_CHECKED,LIQUIDITY_NOT_CHECKED,NOT_VERIFIED,true,P1,PRICE_HISTORY_AND_LIQUIDITY_REFRESH_REQUIRED,Mapping verification,UNDECIDED_OFFLINE,5020,true,revalidated history/liquidity evidence,v0.37 is offline; prior price-derived evidence is not current
WS:XTKS:5101,JP_N225,XTKS,5101,NOT_VERIFIED,MAPPING_PRESENT_NOT_REVALIDATED,HISTORY_NOT_CHECKED,LIQUIDITY_NOT_CHECKED,NOT_VERIFIED,true,P1,PRICE_HISTORY_AND_LIQUIDITY_REFRESH_REQUIRED,Mapping verification,UNDECIDED_OFFLINE,5101,true,revalidated history/liquidity evidence,v0.37 is offline; prior price-derived evidence is not current
WS:XTKS:5108,JP_N225,XTKS,5108,NOT_VERIFIED,MAPPING_PRESENT_NOT_REVALIDATED,HISTORY_NOT_CHECKED,LIQUIDITY_NOT_CHECKED,NOT_VERIFIED,true,P1,PRICE_HISTORY_AND_LIQUIDITY_REFRESH_REQUIRED,Mapping verification,UNDECIDED_OFFLINE,5108,true,revalidated history/liquidity evidence,v0.37 is offline; prior price-derived evidence is not current
WS:XTKS:5201,JP_N225,XTKS,5201,NOT_VERIFIED,MAPPING_PRESENT_NOT_REVALIDATED,HISTORY_NOT_CHECKED,LIQUIDITY_NOT_CHECKED,NOT_VERIFIED,true,P1,PRICE_HISTORY_AND_LIQUIDITY_REFRESH_REQUIRED,Mapping verification,UNDECIDED_OFFLINE,5201,true,revalidated history/liquidity evidence,v0.37 is offline; prior price-derived evidence is not current
WS:XTKS:5214,JP_N225,XTKS,5214,NOT_VERIFIED,MAPPING_PRESENT_NOT_REVALIDATED,HISTORY_NOT_CHECKED,LIQUIDITY_NOT_CHECKED,NOT_VERIFIED,true,P1,PRICE_HISTORY_AND_LIQUIDITY_REFRESH_REQUIRED,Mapping verification,UNDECIDED_OFFLINE,5214,true,revalidated history/liquidity evidence,v0.37 is offline; prior price-derived evidence is not current
WS:XTKS:5233,JP_N225,XTKS,5233,NOT_VERIFIED,MAPPING_PRESENT_NOT_REVALIDATED,HISTORY_NOT_CHECKED,LIQUIDITY_NOT_CHECKED,NOT_VERIFIED,true,P1,PRICE_HISTORY_AND_LIQUIDITY_REFRESH_REQUIRED,Mapping verification,UNDECIDED_OFFLINE,5233,true,revalidated history/liquidity evidence,v0.37 is offline; prior price-derived evidence is not current
WS:XTKS:5301,JP_N225,XTKS,5301,NOT_VERIFIED,MAPPING_PRESENT_NOT_REVALIDATED,HISTORY_NOT_CHECKED,LIQUIDITY_NOT_CHECKED,NOT_VERIFIED,true,P1,PRICE_HISTORY_AND_LIQUIDITY_REFRESH_REQUIRED,Mapping verification,UNDECIDED_OFFLINE,5301,true,revalidated history/liquidity evidence,v0.37 is offline; prior price-derived evidence is not current
WS:XTKS:5332,JP_N225,XTKS,5332,NOT_VERIFIED,MAPPING_PRESENT_NOT_REVALIDATED,HISTORY_NOT_CHECKED,LIQUIDITY_NOT_CHECKED,NOT_VERIFIED,true,P1,PRICE_HISTORY_AND_LIQUIDITY_REFRESH_REQUIRED,Mapping verification,UNDECIDED_OFFLINE,5332,true,revalidated history/liquidity evidence,v0.37 is offline; prior price-derived evidence is not current
WS:XTKS:5333,JP_N225,XTKS,5333,NOT_VERIFIED,MAPPING_PRESENT_NOT_REVALIDATED,HISTORY_NOT_CHECKED,LIQUIDITY_NOT_CHECKED,NOT_VERIFIED,true,P1,PRICE_HISTORY_AND_LIQUIDITY_REFRESH_REQUIRED,Mapping verification,UNDECIDED_OFFLINE,5333,true,revalidated history/liquidity evidence,v0.37 is offline; prior price-derived evidence is not current
WS:XTKS:5401,JP_N225,XTKS,5401,NOT_VERIFIED,MAPPING_PRESENT_NOT_REVALIDATED,HISTORY_NOT_CHECKED,LIQUIDITY_NOT_CHECKED,NOT_VERIFIED,true,P1,PRICE_HISTORY_AND_LIQUIDITY_REFRESH_REQUIRED,Mapping verification,UNDECIDED_OFFLINE,5401,true,revalidated history/liquidity evidence,v0.37 is offline; prior price-derived evidence is not current
WS:XTKS:5406,JP_N225,XTKS,5406,NOT_VERIFIED,MAPPING_PRESENT_NOT_REVALIDATED,HISTORY_NOT_CHECKED,LIQUIDITY_NOT_CHECKED,NOT_VERIFIED,true,P1,PRICE_HISTORY_AND_LIQUIDITY_REFRESH_REQUIRED,Mapping verification,UNDECIDED_OFFLINE,5406,true,revalidated history/liquidity evidence,v0.37 is offline; prior price-derived evidence is not current
WS:XTKS:5411,JP_N225,XTKS,5411,NOT_VERIFIED,MAPPING_PRESENT_NOT_REVALIDATED,HISTORY_NOT_CHECKED,LIQUIDITY_NOT_CHECKED,NOT_VERIFIED,true,P1,PRICE_HISTORY_AND_LIQUIDITY_REFRESH_REQUIRED,Mapping verification,UNDECIDED_OFFLINE,5411,true,revalidated history/liquidity evidence,v0.37 is offline; prior price-derived evidence is not current
WS:XTKS:543A,JP_N225,XTKS,543A,NOT_VERIFIED,MAPPING_PRESENT_NOT_REVALIDATED,HISTORY_NOT_CHECKED,LIQUIDITY_NOT_CHECKED,NOT_VERIFIED,true,P1,PRICE_HISTORY_AND_LIQUIDITY_REFRESH_REQUIRED,Mapping verification,UNDECIDED_OFFLINE,543A,true,revalidated history/liquidity evidence,v0.37 is offline; prior price-derived evidence is not current
WS:XTKS:5631,JP_N225,XTKS,5631,NOT_VERIFIED,MAPPING_PRESENT_NOT_REVALIDATED,HISTORY_NOT_CHECKED,LIQUIDITY_NOT_CHECKED,NOT_VERIFIED,true,P1,PRICE_HISTORY_AND_LIQUIDITY_REFRESH_REQUIRED,Mapping verification,UNDECIDED_OFFLINE,5631,true,revalidated history/liquidity evidence,v0.37 is offline; prior price-derived evidence is not current
WS:XTKS:5706,JP_N225,XTKS,5706,NOT_VERIFIED,MAPPING_PRESENT_NOT_REVALIDATED,HISTORY_NOT_CHECKED,LIQUIDITY_NOT_CHECKED,NOT_VERIFIED,true,P1,PRICE_HISTORY_AND_LIQUIDITY_REFRESH_REQUIRED,Mapping verification,UNDECIDED_OFFLINE,5706,true,revalidated history/liquidity evidence,v0.37 is offline; prior price-derived evidence is not current
WS:XTKS:5711,JP_N225,XTKS,5711,NOT_VERIFIED,MAPPING_PRESENT_NOT_REVALIDATED,HISTORY_NOT_CHECKED,LIQUIDITY_NOT_CHECKED,NOT_VERIFIED,true,P1,PRICE_HISTORY_AND_LIQUIDITY_REFRESH_REQUIRED,Mapping verification,UNDECIDED_OFFLINE,5711,true,revalidated history/liquidity evidence,v0.37 is offline; prior price-derived evidence is not current
WS:XTKS:5713,JP_N225,XTKS,5713,NOT_VERIFIED,MAPPING_PRESENT_NOT_REVALIDATED,HISTORY_NOT_CHECKED,LIQUIDITY_NOT_CHECKED,NOT_VERIFIED,true,P1,PRICE_HISTORY_AND_LIQUIDITY_REFRESH_REQUIRED,Mapping verification,UNDECIDED_OFFLINE,5713,true,revalidated history/liquidity evidence,v0.37 is offline; prior price-derived evidence is not current
WS:XTKS:5714,JP_N225,XTKS,5714,NOT_VERIFIED,MAPPING_PRESENT_NOT_REVALIDATED,HISTORY_NOT_CHECKED,LIQUIDITY_NOT_CHECKED,NOT_VERIFIED,true,P1,PRICE_HISTORY_AND_LIQUIDITY_REFRESH_REQUIRED,Mapping verification,UNDECIDED_OFFLINE,5714,true,revalidated history/liquidity evidence,v0.37 is offline; prior price-derived evidence is not current
WS:XTKS:5801,JP_N225,XTKS,5801,NOT_VERIFIED,MAPPING_PRESENT_NOT_REVALIDATED,HISTORY_NOT_CHECKED,LIQUIDITY_NOT_CHECKED,NOT_VERIFIED,true,P1,PRICE_HISTORY_AND_LIQUIDITY_REFRESH_REQUIRED,Mapping verification,UNDECIDED_OFFLINE,5801,true,revalidated history/liquidity evidence,v0.37 is offline; prior price-derived evidence is not current
WS:XTKS:5802,JP_N225,XTKS,5802,NOT_VERIFIED,MAPPING_PRESENT_NOT_REVALIDATED,HISTORY_NOT_CHECKED,LIQUIDITY_NOT_CHECKED,NOT_VERIFIED,true,P1,PRICE_HISTORY_AND_LIQUIDITY_REFRESH_REQUIRED,Mapping verification,UNDECIDED_OFFLINE,5802,true,revalidated history/liquidity evidence,v0.37 is offline; prior price-derived evidence is not current
WS:XTKS:5803,JP_N225,XTKS,5803,NOT_VERIFIED,MAPPING_PRESENT_NOT_REVALIDATED,HISTORY_NOT_CHECKED,LIQUIDITY_NOT_CHECKED,NOT_VERIFIED,true,P1,PRICE_HISTORY_AND_LIQUIDITY_REFRESH_REQUIRED,Mapping verification,UNDECIDED_OFFLINE,5803,true,revalidated history/liquidity evidence,v0.37 is offline; prior price-derived evidence is not current
WS:XTKS:5831,JP_N225,XTKS,5831,NOT_VERIFIED,MAPPING_PRESENT_NOT_REVALIDATED,HISTORY_NOT_CHECKED,LIQUIDITY_NOT_CHECKED,NOT_VERIFIED,true,P1,PRICE_HISTORY_AND_LIQUIDITY_REFRESH_REQUIRED,Mapping verification,UNDECIDED_OFFLINE,5831,true,revalidated history/liquidity evidence,v0.37 is offline; prior price-derived evidence is not current
WS:XTKS:6098,JP_N225,XTKS,6098,NOT_VERIFIED,MAPPING_PRESENT_NOT_REVALIDATED,HISTORY_NOT_CHECKED,LIQUIDITY_NOT_CHECKED,NOT_VERIFIED,true,P1,PRICE_HISTORY_AND_LIQUIDITY_REFRESH_REQUIRED,Mapping verification,UNDECIDED_OFFLINE,6098,true,revalidated history/liquidity evidence,v0.37 is offline; prior price-derived evidence is not current
WS:XTKS:6103,JP_N225,XTKS,6103,NOT_VERIFIED,MAPPING_PRESENT_NOT_REVALIDATED,HISTORY_NOT_CHECKED,LIQUIDITY_NOT_CHECKED,NOT_VERIFIED,true,P1,PRICE_HISTORY_AND_LIQUIDITY_REFRESH_REQUIRED,Mapping verification,UNDECIDED_OFFLINE,6103,true,revalidated history/liquidity evidence,v0.37 is offline; prior price-derived evidence is not current
WS:XTKS:6113,JP_N225,XTKS,6113,NOT_VERIFIED,MAPPING_PRESENT_NOT_REVALIDATED,HISTORY_NOT_CHECKED,LIQUIDITY_NOT_CHECKED,NOT_VERIFIED,true,P1,PRICE_HISTORY_AND_LIQUIDITY_REFRESH_REQUIRED,Mapping verification,UNDECIDED_OFFLINE,6113,true,revalidated history/liquidity evidence,v0.37 is offline; prior price-derived evidence is not current
WS:XTKS:6146,JP_N225,XTKS,6146,NOT_VERIFIED,MAPPING_PRESENT_NOT_REVALIDATED,HISTORY_NOT_CHECKED,LIQUIDITY_NOT_CHECKED,NOT_VERIFIED,true,P1,PRICE_HISTORY_AND_LIQUIDITY_REFRESH_REQUIRED,Mapping verification,UNDECIDED_OFFLINE,6146,true,revalidated history/liquidity evidence,v0.37 is offline; prior price-derived evidence is not current
WS:XTKS:6178,JP_N225,XTKS,6178,NOT_VERIFIED,MAPPING_PRESENT_NOT_REVALIDATED,HISTORY_NOT_CHECKED,LIQUIDITY_NOT_CHECKED,NOT_VERIFIED,true,P1,PRICE_HISTORY_AND_LIQUIDITY_REFRESH_REQUIRED,Mapping verification,UNDECIDED_OFFLINE,6178,true,revalidated history/liquidity evidence,v0.37 is offline; prior price-derived evidence is not current
WS:XTKS:6273,JP_N225,XTKS,6273,NOT_VERIFIED,MAPPING_PRESENT_NOT_REVALIDATED,HISTORY_NOT_CHECKED,LIQUIDITY_NOT_CHECKED,NOT_VERIFIED,true,P1,PRICE_HISTORY_AND_LIQUIDITY_REFRESH_REQUIRED,Mapping verification,UNDECIDED_OFFLINE,6273,true,revalidated history/liquidity evidence,v0.37 is offline; prior price-derived evidence is not current
WS:XTKS:6301,JP_N225,XTKS,6301,NOT_VERIFIED,MAPPING_PRESENT_NOT_REVALIDATED,HISTORY_NOT_CHECKED,LIQUIDITY_NOT_CHECKED,NOT_VERIFIED,true,P1,PRICE_HISTORY_AND_LIQUIDITY_REFRESH_REQUIRED,Mapping verification,UNDECIDED_OFFLINE,6301,true,revalidated history/liquidity evidence,v0.37 is offline; prior price-derived evidence is not current
WS:XTKS:6302,JP_N225,XTKS,6302,NOT_VERIFIED,MAPPING_PRESENT_NOT_REVALIDATED,HISTORY_NOT_CHECKED,LIQUIDITY_NOT_CHECKED,NOT_VERIFIED,true,P1,PRICE_HISTORY_AND_LIQUIDITY_REFRESH_REQUIRED,Mapping verification,UNDECIDED_OFFLINE,6302,true,revalidated history/liquidity evidence,v0.37 is offline; prior price-derived evidence is not current
WS:XTKS:6305,JP_N225,XTKS,6305,NOT_VERIFIED,MAPPING_PRESENT_NOT_REVALIDATED,HISTORY_NOT_CHECKED,LIQUIDITY_NOT_CHECKED,NOT_VERIFIED,true,P1,PRICE_HISTORY_AND_LIQUIDITY_REFRESH_REQUIRED,Mapping verification,UNDECIDED_OFFLINE,6305,true,revalidated history/liquidity evidence,v0.37 is offline; prior price-derived evidence is not current
WS:XTKS:6326,JP_N225,XTKS,6326,NOT_VERIFIED,MAPPING_PRESENT_NOT_REVALIDATED,HISTORY_NOT_CHECKED,LIQUIDITY_NOT_CHECKED,NOT_VERIFIED,true,P1,PRICE_HISTORY_AND_LIQUIDITY_REFRESH_REQUIRED,Mapping verification,UNDECIDED_OFFLINE,6326,true,revalidated history/liquidity evidence,v0.37 is offline; prior price-derived evidence is not current
WS:XTKS:6361,JP_N225,XTKS,6361,NOT_VERIFIED,MAPPING_PRESENT_NOT_REVALIDATED,HISTORY_NOT_CHECKED,LIQUIDITY_NOT_CHECKED,NOT_VERIFIED,true,P1,PRICE_HISTORY_AND_LIQUIDITY_REFRESH_REQUIRED,Mapping verification,UNDECIDED_OFFLINE,6361,true,revalidated history/liquidity evidence,v0.37 is offline; prior price-derived evidence is not current
WS:XTKS:6367,JP_N225,XTKS,6367,NOT_VERIFIED,MAPPING_PRESENT_NOT_REVALIDATED,HISTORY_NOT_CHECKED,LIQUIDITY_NOT_CHECKED,NOT_VERIFIED,true,P1,PRICE_HISTORY_AND_LIQUIDITY_REFRESH_REQUIRED,Mapping verification,UNDECIDED_OFFLINE,6367,true,revalidated history/liquidity evidence,v0.37 is offline; prior price-derived evidence is not current
WS:XTKS:6471,JP_N225,XTKS,6471,NOT_VERIFIED,MAPPING_PRESENT_NOT_REVALIDATED,HISTORY_NOT_CHECKED,LIQUIDITY_NOT_CHECKED,NOT_VERIFIED,true,P1,PRICE_HISTORY_AND_LIQUIDITY_REFRESH_REQUIRED,Mapping verification,UNDECIDED_OFFLINE,6471,true,revalidated history/liquidity evidence,v0.37 is offline; prior price-derived evidence is not current
WS:XTKS:6472,JP_N225,XTKS,6472,NOT_VERIFIED,MAPPING_PRESENT_NOT_REVALIDATED,HISTORY_NOT_CHECKED,LIQUIDITY_NOT_CHECKED,NOT_VERIFIED,true,P1,PRICE_HISTORY_AND_LIQUIDITY_REFRESH_REQUIRED,Mapping verification,UNDECIDED_OFFLINE,6472,true,revalidated history/liquidity evidence,v0.37 is offline; prior price-derived evidence is not current
WS:XTKS:6473,JP_N225,XTKS,6473,NOT_VERIFIED,MAPPING_PRESENT_NOT_REVALIDATED,HISTORY_NOT_CHECKED,LIQUIDITY_NOT_CHECKED,NOT_VERIFIED,true,P1,PRICE_HISTORY_AND_LIQUIDITY_REFRESH_REQUIRED,Mapping verification,UNDECIDED_OFFLINE,6473,true,revalidated history/liquidity evidence,v0.37 is offline; prior price-derived evidence is not current
WS:XTKS:6479,JP_N225,XTKS,6479,NOT_VERIFIED,MAPPING_PRESENT_NOT_REVALIDATED,HISTORY_NOT_CHECKED,LIQUIDITY_NOT_CHECKED,NOT_VERIFIED,true,P1,PRICE_HISTORY_AND_LIQUIDITY_REFRESH_REQUIRED,Mapping verification,UNDECIDED_OFFLINE,6479,true,revalidated history/liquidity evidence,v0.37 is offline; prior price-derived evidence is not current
WS:XTKS:6501,JP_N225,XTKS,6501,NOT_VERIFIED,MAPPING_PRESENT_NOT_REVALIDATED,HISTORY_NOT_CHECKED,LIQUIDITY_NOT_CHECKED,NOT_VERIFIED,true,P1,PRICE_HISTORY_AND_LIQUIDITY_REFRESH_REQUIRED,Mapping verification,UNDECIDED_OFFLINE,6501,true,revalidated history/liquidity evidence,v0.37 is offline; prior price-derived evidence is not current
WS:XTKS:6503,JP_N225,XTKS,6503,NOT_VERIFIED,MAPPING_PRESENT_NOT_REVALIDATED,HISTORY_NOT_CHECKED,LIQUIDITY_NOT_CHECKED,NOT_VERIFIED,true,P1,PRICE_HISTORY_AND_LIQUIDITY_REFRESH_REQUIRED,Mapping verification,UNDECIDED_OFFLINE,6503,true,revalidated history/liquidity evidence,v0.37 is offline; prior price-derived evidence is not current
WS:XTKS:6504,JP_N225,XTKS,6504,NOT_VERIFIED,MAPPING_PRESENT_NOT_REVALIDATED,HISTORY_NOT_CHECKED,LIQUIDITY_NOT_CHECKED,NOT_VERIFIED,true,P1,PRICE_HISTORY_AND_LIQUIDITY_REFRESH_REQUIRED,Mapping verification,UNDECIDED_OFFLINE,6504,true,revalidated history/liquidity evidence,v0.37 is offline; prior price-derived evidence is not current
WS:XTKS:6506,JP_N225,XTKS,6506,NOT_VERIFIED,MAPPING_PRESENT_NOT_REVALIDATED,HISTORY_NOT_CHECKED,LIQUIDITY_NOT_CHECKED,NOT_VERIFIED,true,P1,PRICE_HISTORY_AND_LIQUIDITY_REFRESH_REQUIRED,Mapping verification,UNDECIDED_OFFLINE,6506,true,revalidated history/liquidity evidence,v0.37 is offline; prior price-derived evidence is not current
WS:XTKS:6526,JP_N225,XTKS,6526,NOT_VERIFIED,MAPPING_PRESENT_NOT_REVALIDATED,HISTORY_NOT_CHECKED,LIQUIDITY_NOT_CHECKED,NOT_VERIFIED,true,P1,PRICE_HISTORY_AND_LIQUIDITY_REFRESH_REQUIRED,Mapping verification,UNDECIDED_OFFLINE,6526,true,revalidated history/liquidity evidence,v0.37 is offline; prior price-derived evidence is not current
WS:XTKS:6532,JP_N225,XTKS,6532,NOT_VERIFIED,MAPPING_PRESENT_NOT_REVALIDATED,HISTORY_NOT_CHECKED,LIQUIDITY_NOT_CHECKED,NOT_VERIFIED,true,P1,PRICE_HISTORY_AND_LIQUIDITY_REFRESH_REQUIRED,Mapping verification,UNDECIDED_OFFLINE,6532,true,revalidated history/liquidity evidence,v0.37 is offline; prior price-derived evidence is not current
WS:XTKS:6645,JP_N225,XTKS,6645,NOT_VERIFIED,MAPPING_PRESENT_NOT_REVALIDATED,HISTORY_NOT_CHECKED,LIQUIDITY_NOT_CHECKED,NOT_VERIFIED,true,P1,PRICE_HISTORY_AND_LIQUIDITY_REFRESH_REQUIRED,Mapping verification,UNDECIDED_OFFLINE,6645,true,revalidated history/liquidity evidence,v0.37 is offline; prior price-derived evidence is not current
WS:XTKS:6701,JP_N225,XTKS,6701,NOT_VERIFIED,MAPPING_PRESENT_NOT_REVALIDATED,HISTORY_NOT_CHECKED,LIQUIDITY_NOT_CHECKED,NOT_VERIFIED,true,P1,PRICE_HISTORY_AND_LIQUIDITY_REFRESH_REQUIRED,Mapping verification,UNDECIDED_OFFLINE,6701,true,revalidated history/liquidity evidence,v0.37 is offline; prior price-derived evidence is not current
WS:XTKS:6702,JP_N225,XTKS,6702,NOT_VERIFIED,MAPPING_PRESENT_NOT_REVALIDATED,HISTORY_NOT_CHECKED,LIQUIDITY_NOT_CHECKED,NOT_VERIFIED,true,P1,PRICE_HISTORY_AND_LIQUIDITY_REFRESH_REQUIRED,Mapping verification,UNDECIDED_OFFLINE,6702,true,revalidated history/liquidity evidence,v0.37 is offline; prior price-derived evidence is not current
WS:XTKS:6723,JP_N225,XTKS,6723,NOT_VERIFIED,MAPPING_PRESENT_NOT_REVALIDATED,HISTORY_NOT_CHECKED,LIQUIDITY_NOT_CHECKED,NOT_VERIFIED,true,P1,PRICE_HISTORY_AND_LIQUIDITY_REFRESH_REQUIRED,Mapping verification,UNDECIDED_OFFLINE,6723,true,revalidated history/liquidity evidence,v0.37 is offline; prior price-derived evidence is not current
WS:XTKS:6724,JP_N225,XTKS,6724,NOT_VERIFIED,MAPPING_PRESENT_NOT_REVALIDATED,HISTORY_NOT_CHECKED,LIQUIDITY_NOT_CHECKED,NOT_VERIFIED,true,P1,PRICE_HISTORY_AND_LIQUIDITY_REFRESH_REQUIRED,Mapping verification,UNDECIDED_OFFLINE,6724,true,revalidated history/liquidity evidence,v0.37 is offline; prior price-derived evidence is not current
WS:XTKS:6752,JP_N225,XTKS,6752,NOT_VERIFIED,MAPPING_PRESENT_NOT_REVALIDATED,HISTORY_NOT_CHECKED,LIQUIDITY_NOT_CHECKED,NOT_VERIFIED,true,P1,PRICE_HISTORY_AND_LIQUIDITY_REFRESH_REQUIRED,Mapping verification,UNDECIDED_OFFLINE,6752,true,revalidated history/liquidity evidence,v0.37 is offline; prior price-derived evidence is not current
WS:XTKS:6753,JP_N225,XTKS,6753,NOT_VERIFIED,MAPPING_PRESENT_NOT_REVALIDATED,HISTORY_NOT_CHECKED,LIQUIDITY_NOT_CHECKED,NOT_VERIFIED,true,P1,PRICE_HISTORY_AND_LIQUIDITY_REFRESH_REQUIRED,Mapping verification,UNDECIDED_OFFLINE,6753,true,revalidated history/liquidity evidence,v0.37 is offline; prior price-derived evidence is not current
WS:XTKS:6758,JP_N225,XTKS,6758,NOT_VERIFIED,MAPPING_PRESENT_NOT_REVALIDATED,HISTORY_NOT_CHECKED,LIQUIDITY_NOT_CHECKED,NOT_VERIFIED,true,P1,PRICE_HISTORY_AND_LIQUIDITY_REFRESH_REQUIRED,Mapping verification,UNDECIDED_OFFLINE,6758,true,revalidated history/liquidity evidence,v0.37 is offline; prior price-derived evidence is not current
WS:XTKS:6762,JP_N225,XTKS,6762,NOT_VERIFIED,MAPPING_PRESENT_NOT_REVALIDATED,HISTORY_NOT_CHECKED,LIQUIDITY_NOT_CHECKED,NOT_VERIFIED,true,P1,PRICE_HISTORY_AND_LIQUIDITY_REFRESH_REQUIRED,Mapping verification,UNDECIDED_OFFLINE,6762,true,revalidated history/liquidity evidence,v0.37 is offline; prior price-derived evidence is not current
WS:XTKS:6770,JP_N225,XTKS,6770,NOT_VERIFIED,MAPPING_PRESENT_NOT_REVALIDATED,HISTORY_NOT_CHECKED,LIQUIDITY_NOT_CHECKED,NOT_VERIFIED,true,P1,PRICE_HISTORY_AND_LIQUIDITY_REFRESH_REQUIRED,Mapping verification,UNDECIDED_OFFLINE,6770,true,revalidated history/liquidity evidence,v0.37 is offline; prior price-derived evidence is not current
WS:XTKS:6841,JP_N225,XTKS,6841,NOT_VERIFIED,MAPPING_PRESENT_NOT_REVALIDATED,HISTORY_NOT_CHECKED,LIQUIDITY_NOT_CHECKED,NOT_VERIFIED,true,P1,PRICE_HISTORY_AND_LIQUIDITY_REFRESH_REQUIRED,Mapping verification,UNDECIDED_OFFLINE,6841,true,revalidated history/liquidity evidence,v0.37 is offline; prior price-derived evidence is not current
WS:XTKS:6857,JP_N225,XTKS,6857,NOT_VERIFIED,MAPPING_PRESENT_NOT_REVALIDATED,HISTORY_NOT_CHECKED,LIQUIDITY_NOT_CHECKED,NOT_VERIFIED,true,P1,PRICE_HISTORY_AND_LIQUIDITY_REFRESH_REQUIRED,Mapping verification,UNDECIDED_OFFLINE,6857,true,revalidated history/liquidity evidence,v0.37 is offline; prior price-derived evidence is not current
WS:XTKS:6861,JP_N225,XTKS,6861,NOT_VERIFIED,MAPPING_PRESENT_NOT_REVALIDATED,HISTORY_NOT_CHECKED,LIQUIDITY_NOT_CHECKED,NOT_VERIFIED,true,P1,PRICE_HISTORY_AND_LIQUIDITY_REFRESH_REQUIRED,Mapping verification,UNDECIDED_OFFLINE,6861,true,revalidated history/liquidity evidence,v0.37 is offline; prior price-derived evidence is not current
WS:XTKS:6902,JP_N225,XTKS,6902,NOT_VERIFIED,MAPPING_PRESENT_NOT_REVALIDATED,HISTORY_NOT_CHECKED,LIQUIDITY_NOT_CHECKED,NOT_VERIFIED,true,P1,PRICE_HISTORY_AND_LIQUIDITY_REFRESH_REQUIRED,Mapping verification,UNDECIDED_OFFLINE,6902,true,revalidated history/liquidity evidence,v0.37 is offline; prior price-derived evidence is not current
WS:XTKS:6920,JP_N225,XTKS,6920,NOT_VERIFIED,MAPPING_PRESENT_NOT_REVALIDATED,HISTORY_NOT_CHECKED,LIQUIDITY_NOT_CHECKED,NOT_VERIFIED,true,P1,PRICE_HISTORY_AND_LIQUIDITY_REFRESH_REQUIRED,Mapping verification,UNDECIDED_OFFLINE,6920,true,revalidated history/liquidity evidence,v0.37 is offline; prior price-derived evidence is not current
WS:XTKS:6954,JP_N225,XTKS,6954,NOT_VERIFIED,MAPPING_PRESENT_NOT_REVALIDATED,HISTORY_NOT_CHECKED,LIQUIDITY_NOT_CHECKED,NOT_VERIFIED,true,P1,PRICE_HISTORY_AND_LIQUIDITY_REFRESH_REQUIRED,Mapping verification,UNDECIDED_OFFLINE,6954,true,revalidated history/liquidity evidence,v0.37 is offline; prior price-derived evidence is not current
WS:XTKS:6963,JP_N225,XTKS,6963,NOT_VERIFIED,MAPPING_PRESENT_NOT_REVALIDATED,HISTORY_NOT_CHECKED,LIQUIDITY_NOT_CHECKED,NOT_VERIFIED,true,P1,PRICE_HISTORY_AND_LIQUIDITY_REFRESH_REQUIRED,Mapping verification,UNDECIDED_OFFLINE,6963,true,revalidated history/liquidity evidence,v0.37 is offline; prior price-derived evidence is not current
WS:XTKS:6971,JP_N225,XTKS,6971,NOT_VERIFIED,MAPPING_PRESENT_NOT_REVALIDATED,HISTORY_NOT_CHECKED,LIQUIDITY_NOT_CHECKED,NOT_VERIFIED,true,P1,PRICE_HISTORY_AND_LIQUIDITY_REFRESH_REQUIRED,Mapping verification,UNDECIDED_OFFLINE,6971,true,revalidated history/liquidity evidence,v0.37 is offline; prior price-derived evidence is not current
WS:XTKS:6976,JP_N225,XTKS,6976,NOT_VERIFIED,MAPPING_PRESENT_NOT_REVALIDATED,HISTORY_NOT_CHECKED,LIQUIDITY_NOT_CHECKED,NOT_VERIFIED,true,P1,PRICE_HISTORY_AND_LIQUIDITY_REFRESH_REQUIRED,Mapping verification,UNDECIDED_OFFLINE,6976,true,revalidated history/liquidity evidence,v0.37 is offline; prior price-derived evidence is not current
WS:XTKS:6981,JP_N225,XTKS,6981,NOT_VERIFIED,MAPPING_PRESENT_NOT_REVALIDATED,HISTORY_NOT_CHECKED,LIQUIDITY_NOT_CHECKED,NOT_VERIFIED,true,P1,PRICE_HISTORY_AND_LIQUIDITY_REFRESH_REQUIRED,Mapping verification,UNDECIDED_OFFLINE,6981,true,revalidated history/liquidity evidence,v0.37 is offline; prior price-derived evidence is not current
WS:XTKS:6988,JP_N225,XTKS,6988,NOT_VERIFIED,MAPPING_PRESENT_NOT_REVALIDATED,HISTORY_NOT_CHECKED,LIQUIDITY_NOT_CHECKED,NOT_VERIFIED,true,P1,PRICE_HISTORY_AND_LIQUIDITY_REFRESH_REQUIRED,Mapping verification,UNDECIDED_OFFLINE,6988,true,revalidated history/liquidity evidence,v0.37 is offline; prior price-derived evidence is not current
WS:XTKS:7004,JP_N225,XTKS,7004,NOT_VERIFIED,MAPPING_PRESENT_NOT_REVALIDATED,HISTORY_NOT_CHECKED,LIQUIDITY_NOT_CHECKED,NOT_VERIFIED,true,P1,PRICE_HISTORY_AND_LIQUIDITY_REFRESH_REQUIRED,Mapping verification,UNDECIDED_OFFLINE,7004,true,revalidated history/liquidity evidence,v0.37 is offline; prior price-derived evidence is not current
WS:XTKS:7011,JP_N225,XTKS,7011,NOT_VERIFIED,MAPPING_PRESENT_NOT_REVALIDATED,HISTORY_NOT_CHECKED,LIQUIDITY_NOT_CHECKED,NOT_VERIFIED,true,P1,PRICE_HISTORY_AND_LIQUIDITY_REFRESH_REQUIRED,Mapping verification,UNDECIDED_OFFLINE,7011,true,revalidated history/liquidity evidence,v0.37 is offline; prior price-derived evidence is not current
WS:XTKS:7012,JP_N225,XTKS,7012,NOT_VERIFIED,MAPPING_PRESENT_NOT_REVALIDATED,HISTORY_NOT_CHECKED,LIQUIDITY_NOT_CHECKED,NOT_VERIFIED,true,P1,PRICE_HISTORY_AND_LIQUIDITY_REFRESH_REQUIRED,Mapping verification,UNDECIDED_OFFLINE,7012,true,revalidated history/liquidity evidence,v0.37 is offline; prior price-derived evidence is not current
WS:XTKS:7013,JP_N225,XTKS,7013,NOT_VERIFIED,MAPPING_PRESENT_NOT_REVALIDATED,HISTORY_NOT_CHECKED,LIQUIDITY_NOT_CHECKED,NOT_VERIFIED,true,P1,PRICE_HISTORY_AND_LIQUIDITY_REFRESH_REQUIRED,Mapping verification,UNDECIDED_OFFLINE,7013,true,revalidated history/liquidity evidence,v0.37 is offline; prior price-derived evidence is not current
WS:XTKS:7186,JP_N225,XTKS,7186,NOT_VERIFIED,MAPPING_PRESENT_NOT_REVALIDATED,HISTORY_NOT_CHECKED,LIQUIDITY_NOT_CHECKED,NOT_VERIFIED,true,P1,PRICE_HISTORY_AND_LIQUIDITY_REFRESH_REQUIRED,Mapping verification,UNDECIDED_OFFLINE,7186,true,revalidated history/liquidity evidence,v0.37 is offline; prior price-derived evidence is not current
WS:XTKS:7201,JP_N225,XTKS,7201,NOT_VERIFIED,MAPPING_PRESENT_NOT_REVALIDATED,HISTORY_NOT_CHECKED,LIQUIDITY_NOT_CHECKED,NOT_VERIFIED,true,P1,PRICE_HISTORY_AND_LIQUIDITY_REFRESH_REQUIRED,Mapping verification,UNDECIDED_OFFLINE,7201,true,revalidated history/liquidity evidence,v0.37 is offline; prior price-derived evidence is not current
WS:XTKS:7202,JP_N225,XTKS,7202,NOT_VERIFIED,MAPPING_PRESENT_NOT_REVALIDATED,HISTORY_NOT_CHECKED,LIQUIDITY_NOT_CHECKED,NOT_VERIFIED,true,P1,PRICE_HISTORY_AND_LIQUIDITY_REFRESH_REQUIRED,Mapping verification,UNDECIDED_OFFLINE,7202,true,revalidated history/liquidity evidence,v0.37 is offline; prior price-derived evidence is not current
WS:XTKS:7203,JP_N225,XTKS,7203,NOT_VERIFIED,MAPPING_PRESENT_NOT_REVALIDATED,HISTORY_NOT_CHECKED,LIQUIDITY_NOT_CHECKED,NOT_VERIFIED,true,P1,PRICE_HISTORY_AND_LIQUIDITY_REFRESH_REQUIRED,Mapping verification,UNDECIDED_OFFLINE,7203,true,revalidated history/liquidity evidence,v0.37 is offline; prior price-derived evidence is not current
WS:XTKS:7211,JP_N225,XTKS,7211,NOT_VERIFIED,MAPPING_PRESENT_NOT_REVALIDATED,HISTORY_NOT_CHECKED,LIQUIDITY_NOT_CHECKED,NOT_VERIFIED,true,P1,PRICE_HISTORY_AND_LIQUIDITY_REFRESH_REQUIRED,Mapping verification,UNDECIDED_OFFLINE,7211,true,revalidated history/liquidity evidence,v0.37 is offline; prior price-derived evidence is not current
WS:XTKS:7261,JP_N225,XTKS,7261,NOT_VERIFIED,MAPPING_PRESENT_NOT_REVALIDATED,HISTORY_NOT_CHECKED,LIQUIDITY_NOT_CHECKED,NOT_VERIFIED,true,P1,PRICE_HISTORY_AND_LIQUIDITY_REFRESH_REQUIRED,Mapping verification,UNDECIDED_OFFLINE,7261,true,revalidated history/liquidity evidence,v0.37 is offline; prior price-derived evidence is not current
WS:XTKS:7267,JP_N225,XTKS,7267,NOT_VERIFIED,MAPPING_PRESENT_NOT_REVALIDATED,HISTORY_NOT_CHECKED,LIQUIDITY_NOT_CHECKED,NOT_VERIFIED,true,P1,PRICE_HISTORY_AND_LIQUIDITY_REFRESH_REQUIRED,Mapping verification,UNDECIDED_OFFLINE,7267,true,revalidated history/liquidity evidence,v0.37 is offline; prior price-derived evidence is not current
WS:XTKS:7269,JP_N225,XTKS,7269,NOT_VERIFIED,MAPPING_PRESENT_NOT_REVALIDATED,HISTORY_NOT_CHECKED,LIQUIDITY_NOT_CHECKED,NOT_VERIFIED,true,P1,PRICE_HISTORY_AND_LIQUIDITY_REFRESH_REQUIRED,Mapping verification,UNDECIDED_OFFLINE,7269,true,revalidated history/liquidity evidence,v0.37 is offline; prior price-derived evidence is not current
WS:XTKS:7270,JP_N225,XTKS,7270,NOT_VERIFIED,MAPPING_PRESENT_NOT_REVALIDATED,HISTORY_NOT_CHECKED,LIQUIDITY_NOT_CHECKED,NOT_VERIFIED,true,P1,PRICE_HISTORY_AND_LIQUIDITY_REFRESH_REQUIRED,Mapping verification,UNDECIDED_OFFLINE,7270,true,revalidated history/liquidity evidence,v0.37 is offline; prior price-derived evidence is not current
WS:XTKS:7272,JP_N225,XTKS,7272,NOT_VERIFIED,MAPPING_PRESENT_NOT_REVALIDATED,HISTORY_NOT_CHECKED,LIQUIDITY_NOT_CHECKED,NOT_VERIFIED,true,P1,PRICE_HISTORY_AND_LIQUIDITY_REFRESH_REQUIRED,Mapping verification,UNDECIDED_OFFLINE,7272,true,revalidated history/liquidity evidence,v0.37 is offline; prior price-derived evidence is not current
WS:XTKS:7453,JP_N225,XTKS,7453,NOT_VERIFIED,MAPPING_PRESENT_NOT_REVALIDATED,HISTORY_NOT_CHECKED,LIQUIDITY_NOT_CHECKED,NOT_VERIFIED,true,P1,PRICE_HISTORY_AND_LIQUIDITY_REFRESH_REQUIRED,Mapping verification,UNDECIDED_OFFLINE,7453,true,revalidated history/liquidity evidence,v0.37 is offline; prior price-derived evidence is not current
WS:XTKS:7532,JP_N225,XTKS,7532,NOT_VERIFIED,MAPPING_PRESENT_NOT_REVALIDATED,HISTORY_NOT_CHECKED,LIQUIDITY_NOT_CHECKED,NOT_VERIFIED,true,P1,PRICE_HISTORY_AND_LIQUIDITY_REFRESH_REQUIRED,Mapping verification,UNDECIDED_OFFLINE,7532,true,revalidated history/liquidity evidence,v0.37 is offline; prior price-derived evidence is not current
WS:XTKS:7731,JP_N225,XTKS,7731,NOT_VERIFIED,MAPPING_PRESENT_NOT_REVALIDATED,HISTORY_NOT_CHECKED,LIQUIDITY_NOT_CHECKED,NOT_VERIFIED,true,P1,PRICE_HISTORY_AND_LIQUIDITY_REFRESH_REQUIRED,Mapping verification,UNDECIDED_OFFLINE,7731,true,revalidated history/liquidity evidence,v0.37 is offline; prior price-derived evidence is not current
WS:XTKS:7733,JP_N225,XTKS,7733,NOT_VERIFIED,MAPPING_PRESENT_NOT_REVALIDATED,HISTORY_NOT_CHECKED,LIQUIDITY_NOT_CHECKED,NOT_VERIFIED,true,P1,PRICE_HISTORY_AND_LIQUIDITY_REFRESH_REQUIRED,Mapping verification,UNDECIDED_OFFLINE,7733,true,revalidated history/liquidity evidence,v0.37 is offline; prior price-derived evidence is not current
WS:XTKS:7735,JP_N225,XTKS,7735,NOT_VERIFIED,MAPPING_PRESENT_NOT_REVALIDATED,HISTORY_NOT_CHECKED,LIQUIDITY_NOT_CHECKED,NOT_VERIFIED,true,P1,PRICE_HISTORY_AND_LIQUIDITY_REFRESH_REQUIRED,Mapping verification,UNDECIDED_OFFLINE,7735,true,revalidated history/liquidity evidence,v0.37 is offline; prior price-derived evidence is not current
WS:XTKS:7741,JP_N225,XTKS,7741,NOT_VERIFIED,MAPPING_PRESENT_NOT_REVALIDATED,HISTORY_NOT_CHECKED,LIQUIDITY_NOT_CHECKED,NOT_VERIFIED,true,P1,PRICE_HISTORY_AND_LIQUIDITY_REFRESH_REQUIRED,Mapping verification,UNDECIDED_OFFLINE,7741,true,revalidated history/liquidity evidence,v0.37 is offline; prior price-derived evidence is not current
WS:XTKS:7751,JP_N225,XTKS,7751,NOT_VERIFIED,MAPPING_PRESENT_NOT_REVALIDATED,HISTORY_NOT_CHECKED,LIQUIDITY_NOT_CHECKED,NOT_VERIFIED,true,P1,PRICE_HISTORY_AND_LIQUIDITY_REFRESH_REQUIRED,Mapping verification,UNDECIDED_OFFLINE,7751,true,revalidated history/liquidity evidence,v0.37 is offline; prior price-derived evidence is not current
WS:XTKS:7752,JP_N225,XTKS,7752,NOT_VERIFIED,MAPPING_PRESENT_NOT_REVALIDATED,HISTORY_NOT_CHECKED,LIQUIDITY_NOT_CHECKED,NOT_VERIFIED,true,P1,PRICE_HISTORY_AND_LIQUIDITY_REFRESH_REQUIRED,Mapping verification,UNDECIDED_OFFLINE,7752,true,revalidated history/liquidity evidence,v0.37 is offline; prior price-derived evidence is not current
WS:XTKS:7832,JP_N225,XTKS,7832,NOT_VERIFIED,MAPPING_PRESENT_NOT_REVALIDATED,HISTORY_NOT_CHECKED,LIQUIDITY_NOT_CHECKED,NOT_VERIFIED,true,P1,PRICE_HISTORY_AND_LIQUIDITY_REFRESH_REQUIRED,Mapping verification,UNDECIDED_OFFLINE,7832,true,revalidated history/liquidity evidence,v0.37 is offline; prior price-derived evidence is not current
WS:XTKS:7911,JP_N225,XTKS,7911,NOT_VERIFIED,MAPPING_PRESENT_NOT_REVALIDATED,HISTORY_NOT_CHECKED,LIQUIDITY_NOT_CHECKED,NOT_VERIFIED,true,P1,PRICE_HISTORY_AND_LIQUIDITY_REFRESH_REQUIRED,Mapping verification,UNDECIDED_OFFLINE,7911,true,revalidated history/liquidity evidence,v0.37 is offline; prior price-derived evidence is not current
WS:XTKS:7912,JP_N225,XTKS,7912,NOT_VERIFIED,MAPPING_PRESENT_NOT_REVALIDATED,HISTORY_NOT_CHECKED,LIQUIDITY_NOT_CHECKED,NOT_VERIFIED,true,P1,PRICE_HISTORY_AND_LIQUIDITY_REFRESH_REQUIRED,Mapping verification,UNDECIDED_OFFLINE,7912,true,revalidated history/liquidity evidence,v0.37 is offline; prior price-derived evidence is not current
WS:XTKS:7951,JP_N225,XTKS,7951,NOT_VERIFIED,MAPPING_PRESENT_NOT_REVALIDATED,HISTORY_NOT_CHECKED,LIQUIDITY_NOT_CHECKED,NOT_VERIFIED,true,P1,PRICE_HISTORY_AND_LIQUIDITY_REFRESH_REQUIRED,Mapping verification,UNDECIDED_OFFLINE,7951,true,revalidated history/liquidity evidence,v0.37 is offline; prior price-derived evidence is not current
WS:XTKS:7974,JP_N225,XTKS,7974,NOT_VERIFIED,MAPPING_PRESENT_NOT_REVALIDATED,HISTORY_NOT_CHECKED,LIQUIDITY_NOT_CHECKED,NOT_VERIFIED,true,P1,PRICE_HISTORY_AND_LIQUIDITY_REFRESH_REQUIRED,Mapping verification,UNDECIDED_OFFLINE,7974,true,revalidated history/liquidity evidence,v0.37 is offline; prior price-derived evidence is not current
WS:XTKS:8001,JP_N225,XTKS,8001,NOT_VERIFIED,MAPPING_PRESENT_NOT_REVALIDATED,HISTORY_NOT_CHECKED,LIQUIDITY_NOT_CHECKED,NOT_VERIFIED,true,P1,PRICE_HISTORY_AND_LIQUIDITY_REFRESH_REQUIRED,Mapping verification,UNDECIDED_OFFLINE,8001,true,revalidated history/liquidity evidence,v0.37 is offline; prior price-derived evidence is not current
WS:XTKS:8002,JP_N225,XTKS,8002,NOT_VERIFIED,MAPPING_PRESENT_NOT_REVALIDATED,HISTORY_NOT_CHECKED,LIQUIDITY_NOT_CHECKED,NOT_VERIFIED,true,P1,PRICE_HISTORY_AND_LIQUIDITY_REFRESH_REQUIRED,Mapping verification,UNDECIDED_OFFLINE,8002,true,revalidated history/liquidity evidence,v0.37 is offline; prior price-derived evidence is not current
WS:XTKS:8015,JP_N225,XTKS,8015,NOT_VERIFIED,MAPPING_PRESENT_NOT_REVALIDATED,HISTORY_NOT_CHECKED,LIQUIDITY_NOT_CHECKED,NOT_VERIFIED,true,P1,PRICE_HISTORY_AND_LIQUIDITY_REFRESH_REQUIRED,Mapping verification,UNDECIDED_OFFLINE,8015,true,revalidated history/liquidity evidence,v0.37 is offline; prior price-derived evidence is not current
WS:XTKS:8031,JP_N225,XTKS,8031,NOT_VERIFIED,MAPPING_PRESENT_NOT_REVALIDATED,HISTORY_NOT_CHECKED,LIQUIDITY_NOT_CHECKED,NOT_VERIFIED,true,P1,PRICE_HISTORY_AND_LIQUIDITY_REFRESH_REQUIRED,Mapping verification,UNDECIDED_OFFLINE,8031,true,revalidated history/liquidity evidence,v0.37 is offline; prior price-derived evidence is not current
WS:XTKS:8035,JP_N225,XTKS,8035,NOT_VERIFIED,MAPPING_PRESENT_NOT_REVALIDATED,HISTORY_NOT_CHECKED,LIQUIDITY_NOT_CHECKED,NOT_VERIFIED,true,P1,PRICE_HISTORY_AND_LIQUIDITY_REFRESH_REQUIRED,Mapping verification,UNDECIDED_OFFLINE,8035,true,revalidated history/liquidity evidence,v0.37 is offline; prior price-derived evidence is not current
WS:XTKS:8053,JP_N225,XTKS,8053,NOT_VERIFIED,MAPPING_PRESENT_NOT_REVALIDATED,HISTORY_NOT_CHECKED,LIQUIDITY_NOT_CHECKED,NOT_VERIFIED,true,P1,PRICE_HISTORY_AND_LIQUIDITY_REFRESH_REQUIRED,Mapping verification,UNDECIDED_OFFLINE,8053,true,revalidated history/liquidity evidence,v0.37 is offline; prior price-derived evidence is not current
WS:XTKS:8058,JP_N225,XTKS,8058,NOT_VERIFIED,MAPPING_PRESENT_NOT_REVALIDATED,HISTORY_NOT_CHECKED,LIQUIDITY_NOT_CHECKED,NOT_VERIFIED,true,P1,PRICE_HISTORY_AND_LIQUIDITY_REFRESH_REQUIRED,Mapping verification,UNDECIDED_OFFLINE,8058,true,revalidated history/liquidity evidence,v0.37 is offline; prior price-derived evidence is not current
WS:XTKS:8233,JP_N225,XTKS,8233,NOT_VERIFIED,MAPPING_PRESENT_NOT_REVALIDATED,HISTORY_NOT_CHECKED,LIQUIDITY_NOT_CHECKED,NOT_VERIFIED,true,P1,PRICE_HISTORY_AND_LIQUIDITY_REFRESH_REQUIRED,Mapping verification,UNDECIDED_OFFLINE,8233,true,revalidated history/liquidity evidence,v0.37 is offline; prior price-derived evidence is not current
WS:XTKS:8252,JP_N225,XTKS,8252,NOT_VERIFIED,MAPPING_PRESENT_NOT_REVALIDATED,HISTORY_NOT_CHECKED,LIQUIDITY_NOT_CHECKED,NOT_VERIFIED,true,P1,PRICE_HISTORY_AND_LIQUIDITY_REFRESH_REQUIRED,Mapping verification,UNDECIDED_OFFLINE,8252,true,revalidated history/liquidity evidence,v0.37 is offline; prior price-derived evidence is not current
WS:XTKS:8253,JP_N225,XTKS,8253,NOT_VERIFIED,MAPPING_PRESENT_NOT_REVALIDATED,HISTORY_NOT_CHECKED,LIQUIDITY_NOT_CHECKED,NOT_VERIFIED,true,P1,PRICE_HISTORY_AND_LIQUIDITY_REFRESH_REQUIRED,Mapping verification,UNDECIDED_OFFLINE,8253,true,revalidated history/liquidity evidence,v0.37 is offline; prior price-derived evidence is not current
WS:XTKS:8267,JP_N225,XTKS,8267,NOT_VERIFIED,MAPPING_PRESENT_NOT_REVALIDATED,HISTORY_NOT_CHECKED,LIQUIDITY_NOT_CHECKED,NOT_VERIFIED,true,P1,PRICE_HISTORY_AND_LIQUIDITY_REFRESH_REQUIRED,Mapping verification,UNDECIDED_OFFLINE,8267,true,revalidated history/liquidity evidence,v0.37 is offline; prior price-derived evidence is not current
WS:XTKS:8304,JP_N225,XTKS,8304,NOT_VERIFIED,MAPPING_PRESENT_NOT_REVALIDATED,HISTORY_NOT_CHECKED,LIQUIDITY_NOT_CHECKED,NOT_VERIFIED,true,P1,PRICE_HISTORY_AND_LIQUIDITY_REFRESH_REQUIRED,Mapping verification,UNDECIDED_OFFLINE,8304,true,revalidated history/liquidity evidence,v0.37 is offline; prior price-derived evidence is not current
WS:XTKS:8306,JP_N225,XTKS,8306,NOT_VERIFIED,MAPPING_PRESENT_NOT_REVALIDATED,HISTORY_NOT_CHECKED,LIQUIDITY_NOT_CHECKED,NOT_VERIFIED,true,P1,PRICE_HISTORY_AND_LIQUIDITY_REFRESH_REQUIRED,Mapping verification,UNDECIDED_OFFLINE,8306,true,revalidated history/liquidity evidence,v0.37 is offline; prior price-derived evidence is not current
WS:XTKS:8308,JP_N225,XTKS,8308,NOT_VERIFIED,MAPPING_PRESENT_NOT_REVALIDATED,HISTORY_NOT_CHECKED,LIQUIDITY_NOT_CHECKED,NOT_VERIFIED,true,P1,PRICE_HISTORY_AND_LIQUIDITY_REFRESH_REQUIRED,Mapping verification,UNDECIDED_OFFLINE,8308,true,revalidated history/liquidity evidence,v0.37 is offline; prior price-derived evidence is not current
WS:XTKS:8309,JP_N225,XTKS,8309,NOT_VERIFIED,MAPPING_PRESENT_NOT_REVALIDATED,HISTORY_NOT_CHECKED,LIQUIDITY_NOT_CHECKED,NOT_VERIFIED,true,P1,PRICE_HISTORY_AND_LIQUIDITY_REFRESH_REQUIRED,Mapping verification,UNDECIDED_OFFLINE,8309,true,revalidated history/liquidity evidence,v0.37 is offline; prior price-derived evidence is not current
WS:XTKS:8316,JP_N225,XTKS,8316,NOT_VERIFIED,MAPPING_PRESENT_NOT_REVALIDATED,HISTORY_NOT_CHECKED,LIQUIDITY_NOT_CHECKED,NOT_VERIFIED,true,P1,PRICE_HISTORY_AND_LIQUIDITY_REFRESH_REQUIRED,Mapping verification,UNDECIDED_OFFLINE,8316,true,revalidated history/liquidity evidence,v0.37 is offline; prior price-derived evidence is not current
WS:XTKS:8331,JP_N225,XTKS,8331,NOT_VERIFIED,MAPPING_PRESENT_NOT_REVALIDATED,HISTORY_NOT_CHECKED,LIQUIDITY_NOT_CHECKED,NOT_VERIFIED,true,P1,PRICE_HISTORY_AND_LIQUIDITY_REFRESH_REQUIRED,Mapping verification,UNDECIDED_OFFLINE,8331,true,revalidated history/liquidity evidence,v0.37 is offline; prior price-derived evidence is not current
WS:XTKS:8354,JP_N225,XTKS,8354,NOT_VERIFIED,MAPPING_PRESENT_NOT_REVALIDATED,HISTORY_NOT_CHECKED,LIQUIDITY_NOT_CHECKED,NOT_VERIFIED,true,P1,PRICE_HISTORY_AND_LIQUIDITY_REFRESH_REQUIRED,Mapping verification,UNDECIDED_OFFLINE,8354,true,revalidated history/liquidity evidence,v0.37 is offline; prior price-derived evidence is not current
WS:XTKS:8411,JP_N225,XTKS,8411,NOT_VERIFIED,MAPPING_PRESENT_NOT_REVALIDATED,HISTORY_NOT_CHECKED,LIQUIDITY_NOT_CHECKED,NOT_VERIFIED,true,P1,PRICE_HISTORY_AND_LIQUIDITY_REFRESH_REQUIRED,Mapping verification,UNDECIDED_OFFLINE,8411,true,revalidated history/liquidity evidence,v0.37 is offline; prior price-derived evidence is not current
WS:XTKS:8591,JP_N225,XTKS,8591,NOT_VERIFIED,MAPPING_PRESENT_NOT_REVALIDATED,HISTORY_NOT_CHECKED,LIQUIDITY_NOT_CHECKED,NOT_VERIFIED,true,P1,PRICE_HISTORY_AND_LIQUIDITY_REFRESH_REQUIRED,Mapping verification,UNDECIDED_OFFLINE,8591,true,revalidated history/liquidity evidence,v0.37 is offline; prior price-derived evidence is not current
WS:XTKS:8601,JP_N225,XTKS,8601,NOT_VERIFIED,MAPPING_PRESENT_NOT_REVALIDATED,HISTORY_NOT_CHECKED,LIQUIDITY_NOT_CHECKED,NOT_VERIFIED,true,P1,PRICE_HISTORY_AND_LIQUIDITY_REFRESH_REQUIRED,Mapping verification,UNDECIDED_OFFLINE,8601,true,revalidated history/liquidity evidence,v0.37 is offline; prior price-derived evidence is not current
WS:XTKS:8604,JP_N225,XTKS,8604,NOT_VERIFIED,MAPPING_PRESENT_NOT_REVALIDATED,HISTORY_NOT_CHECKED,LIQUIDITY_NOT_CHECKED,NOT_VERIFIED,true,P1,PRICE_HISTORY_AND_LIQUIDITY_REFRESH_REQUIRED,Mapping verification,UNDECIDED_OFFLINE,8604,true,revalidated history/liquidity evidence,v0.37 is offline; prior price-derived evidence is not current
WS:XTKS:8630,JP_N225,XTKS,8630,NOT_VERIFIED,MAPPING_PRESENT_NOT_REVALIDATED,HISTORY_NOT_CHECKED,LIQUIDITY_NOT_CHECKED,NOT_VERIFIED,true,P1,PRICE_HISTORY_AND_LIQUIDITY_REFRESH_REQUIRED,Mapping verification,UNDECIDED_OFFLINE,8630,true,revalidated history/liquidity evidence,v0.37 is offline; prior price-derived evidence is not current
WS:XTKS:8697,JP_N225,XTKS,8697,NOT_VERIFIED,MAPPING_PRESENT_NOT_REVALIDATED,HISTORY_NOT_CHECKED,LIQUIDITY_NOT_CHECKED,NOT_VERIFIED,true,P1,PRICE_HISTORY_AND_LIQUIDITY_REFRESH_REQUIRED,Mapping verification,UNDECIDED_OFFLINE,8697,true,revalidated history/liquidity evidence,v0.37 is offline; prior price-derived evidence is not current
WS:XTKS:8725,JP_N225,XTKS,8725,NOT_VERIFIED,MAPPING_PRESENT_NOT_REVALIDATED,HISTORY_NOT_CHECKED,LIQUIDITY_NOT_CHECKED,NOT_VERIFIED,true,P1,PRICE_HISTORY_AND_LIQUIDITY_REFRESH_REQUIRED,Mapping verification,UNDECIDED_OFFLINE,8725,true,revalidated history/liquidity evidence,v0.37 is offline; prior price-derived evidence is not current
WS:XTKS:8750,JP_N225,XTKS,8750,NOT_VERIFIED,MAPPING_PRESENT_NOT_REVALIDATED,HISTORY_NOT_CHECKED,LIQUIDITY_NOT_CHECKED,NOT_VERIFIED,true,P1,PRICE_HISTORY_AND_LIQUIDITY_REFRESH_REQUIRED,Mapping verification,UNDECIDED_OFFLINE,8750,true,revalidated history/liquidity evidence,v0.37 is offline; prior price-derived evidence is not current
WS:XTKS:8766,JP_N225,XTKS,8766,NOT_VERIFIED,MAPPING_PRESENT_NOT_REVALIDATED,HISTORY_NOT_CHECKED,LIQUIDITY_NOT_CHECKED,NOT_VERIFIED,true,P1,PRICE_HISTORY_AND_LIQUIDITY_REFRESH_REQUIRED,Mapping verification,UNDECIDED_OFFLINE,8766,true,revalidated history/liquidity evidence,v0.37 is offline; prior price-derived evidence is not current
WS:XTKS:8795,JP_N225,XTKS,8795,NOT_VERIFIED,MAPPING_PRESENT_NOT_REVALIDATED,HISTORY_NOT_CHECKED,LIQUIDITY_NOT_CHECKED,NOT_VERIFIED,true,P1,PRICE_HISTORY_AND_LIQUIDITY_REFRESH_REQUIRED,Mapping verification,UNDECIDED_OFFLINE,8795,true,revalidated history/liquidity evidence,v0.37 is offline; prior price-derived evidence is not current
WS:XTKS:8801,JP_N225,XTKS,8801,NOT_VERIFIED,MAPPING_PRESENT_NOT_REVALIDATED,HISTORY_NOT_CHECKED,LIQUIDITY_NOT_CHECKED,NOT_VERIFIED,true,P1,PRICE_HISTORY_AND_LIQUIDITY_REFRESH_REQUIRED,Mapping verification,UNDECIDED_OFFLINE,8801,true,revalidated history/liquidity evidence,v0.37 is offline; prior price-derived evidence is not current
WS:XTKS:8802,JP_N225,XTKS,8802,NOT_VERIFIED,MAPPING_PRESENT_NOT_REVALIDATED,HISTORY_NOT_CHECKED,LIQUIDITY_NOT_CHECKED,NOT_VERIFIED,true,P1,PRICE_HISTORY_AND_LIQUIDITY_REFRESH_REQUIRED,Mapping verification,UNDECIDED_OFFLINE,8802,true,revalidated history/liquidity evidence,v0.37 is offline; prior price-derived evidence is not current
WS:XTKS:8804,JP_N225,XTKS,8804,NOT_VERIFIED,MAPPING_PRESENT_NOT_REVALIDATED,HISTORY_NOT_CHECKED,LIQUIDITY_NOT_CHECKED,NOT_VERIFIED,true,P1,PRICE_HISTORY_AND_LIQUIDITY_REFRESH_REQUIRED,Mapping verification,UNDECIDED_OFFLINE,8804,true,revalidated history/liquidity evidence,v0.37 is offline; prior price-derived evidence is not current
WS:XTKS:8830,JP_N225,XTKS,8830,NOT_VERIFIED,MAPPING_PRESENT_NOT_REVALIDATED,HISTORY_NOT_CHECKED,LIQUIDITY_NOT_CHECKED,NOT_VERIFIED,true,P1,PRICE_HISTORY_AND_LIQUIDITY_REFRESH_REQUIRED,Mapping verification,UNDECIDED_OFFLINE,8830,true,revalidated history/liquidity evidence,v0.37 is offline; prior price-derived evidence is not current
WS:XTKS:9001,JP_N225,XTKS,9001,NOT_VERIFIED,MAPPING_PRESENT_NOT_REVALIDATED,HISTORY_NOT_CHECKED,LIQUIDITY_NOT_CHECKED,NOT_VERIFIED,true,P1,PRICE_HISTORY_AND_LIQUIDITY_REFRESH_REQUIRED,Mapping verification,UNDECIDED_OFFLINE,9001,true,revalidated history/liquidity evidence,v0.37 is offline; prior price-derived evidence is not current
WS:XTKS:9005,JP_N225,XTKS,9005,NOT_VERIFIED,MAPPING_PRESENT_NOT_REVALIDATED,HISTORY_NOT_CHECKED,LIQUIDITY_NOT_CHECKED,NOT_VERIFIED,true,P1,PRICE_HISTORY_AND_LIQUIDITY_REFRESH_REQUIRED,Mapping verification,UNDECIDED_OFFLINE,9005,true,revalidated history/liquidity evidence,v0.37 is offline; prior price-derived evidence is not current
WS:XTKS:9007,JP_N225,XTKS,9007,NOT_VERIFIED,MAPPING_PRESENT_NOT_REVALIDATED,HISTORY_NOT_CHECKED,LIQUIDITY_NOT_CHECKED,NOT_VERIFIED,true,P1,PRICE_HISTORY_AND_LIQUIDITY_REFRESH_REQUIRED,Mapping verification,UNDECIDED_OFFLINE,9007,true,revalidated history/liquidity evidence,v0.37 is offline; prior price-derived evidence is not current
WS:XTKS:9008,JP_N225,XTKS,9008,NOT_VERIFIED,MAPPING_PRESENT_NOT_REVALIDATED,HISTORY_NOT_CHECKED,LIQUIDITY_NOT_CHECKED,NOT_VERIFIED,true,P1,PRICE_HISTORY_AND_LIQUIDITY_REFRESH_REQUIRED,Mapping verification,UNDECIDED_OFFLINE,9008,true,revalidated history/liquidity evidence,v0.37 is offline; prior price-derived evidence is not current
WS:XTKS:9009,JP_N225,XTKS,9009,NOT_VERIFIED,MAPPING_PRESENT_NOT_REVALIDATED,HISTORY_NOT_CHECKED,LIQUIDITY_NOT_CHECKED,NOT_VERIFIED,true,P1,PRICE_HISTORY_AND_LIQUIDITY_REFRESH_REQUIRED,Mapping verification,UNDECIDED_OFFLINE,9009,true,revalidated history/liquidity evidence,v0.37 is offline; prior price-derived evidence is not current
WS:XTKS:9020,JP_N225,XTKS,9020,NOT_VERIFIED,MAPPING_PRESENT_NOT_REVALIDATED,HISTORY_NOT_CHECKED,LIQUIDITY_NOT_CHECKED,NOT_VERIFIED,true,P1,PRICE_HISTORY_AND_LIQUIDITY_REFRESH_REQUIRED,Mapping verification,UNDECIDED_OFFLINE,9020,true,revalidated history/liquidity evidence,v0.37 is offline; prior price-derived evidence is not current
WS:XTKS:9021,JP_N225,XTKS,9021,NOT_VERIFIED,MAPPING_PRESENT_NOT_REVALIDATED,HISTORY_NOT_CHECKED,LIQUIDITY_NOT_CHECKED,NOT_VERIFIED,true,P1,PRICE_HISTORY_AND_LIQUIDITY_REFRESH_REQUIRED,Mapping verification,UNDECIDED_OFFLINE,9021,true,revalidated history/liquidity evidence,v0.37 is offline; prior price-derived evidence is not current
WS:XTKS:9022,JP_N225,XTKS,9022,NOT_VERIFIED,MAPPING_PRESENT_NOT_REVALIDATED,HISTORY_NOT_CHECKED,LIQUIDITY_NOT_CHECKED,NOT_VERIFIED,true,P1,PRICE_HISTORY_AND_LIQUIDITY_REFRESH_REQUIRED,Mapping verification,UNDECIDED_OFFLINE,9022,true,revalidated history/liquidity evidence,v0.37 is offline; prior price-derived evidence is not current
WS:XTKS:9064,JP_N225,XTKS,9064,NOT_VERIFIED,MAPPING_PRESENT_NOT_REVALIDATED,HISTORY_NOT_CHECKED,LIQUIDITY_NOT_CHECKED,NOT_VERIFIED,true,P1,PRICE_HISTORY_AND_LIQUIDITY_REFRESH_REQUIRED,Mapping verification,UNDECIDED_OFFLINE,9064,true,revalidated history/liquidity evidence,v0.37 is offline; prior price-derived evidence is not current
WS:XTKS:9101,JP_N225,XTKS,9101,NOT_VERIFIED,MAPPING_PRESENT_NOT_REVALIDATED,HISTORY_NOT_CHECKED,LIQUIDITY_NOT_CHECKED,NOT_VERIFIED,true,P1,PRICE_HISTORY_AND_LIQUIDITY_REFRESH_REQUIRED,Mapping verification,UNDECIDED_OFFLINE,9101,true,revalidated history/liquidity evidence,v0.37 is offline; prior price-derived evidence is not current
WS:XTKS:9104,JP_N225,XTKS,9104,NOT_VERIFIED,MAPPING_PRESENT_NOT_REVALIDATED,HISTORY_NOT_CHECKED,LIQUIDITY_NOT_CHECKED,NOT_VERIFIED,true,P1,PRICE_HISTORY_AND_LIQUIDITY_REFRESH_REQUIRED,Mapping verification,UNDECIDED_OFFLINE,9104,true,revalidated history/liquidity evidence,v0.37 is offline; prior price-derived evidence is not current
WS:XTKS:9107,JP_N225,XTKS,9107,NOT_VERIFIED,MAPPING_PRESENT_NOT_REVALIDATED,HISTORY_NOT_CHECKED,LIQUIDITY_NOT_CHECKED,NOT_VERIFIED,true,P1,PRICE_HISTORY_AND_LIQUIDITY_REFRESH_REQUIRED,Mapping verification,UNDECIDED_OFFLINE,9107,true,revalidated history/liquidity evidence,v0.37 is offline; prior price-derived evidence is not current
WS:XTKS:9147,JP_N225,XTKS,9147,NOT_VERIFIED,MAPPING_PRESENT_NOT_REVALIDATED,HISTORY_NOT_CHECKED,LIQUIDITY_NOT_CHECKED,NOT_VERIFIED,true,P1,PRICE_HISTORY_AND_LIQUIDITY_REFRESH_REQUIRED,Mapping verification,UNDECIDED_OFFLINE,9147,true,revalidated history/liquidity evidence,v0.37 is offline; prior price-derived evidence is not current
WS:XTKS:9201,JP_N225,XTKS,9201,NOT_VERIFIED,MAPPING_PRESENT_NOT_REVALIDATED,HISTORY_NOT_CHECKED,LIQUIDITY_NOT_CHECKED,NOT_VERIFIED,true,P1,PRICE_HISTORY_AND_LIQUIDITY_REFRESH_REQUIRED,Mapping verification,UNDECIDED_OFFLINE,9201,true,revalidated history/liquidity evidence,v0.37 is offline; prior price-derived evidence is not current
WS:XTKS:9202,JP_N225,XTKS,9202,NOT_VERIFIED,MAPPING_PRESENT_NOT_REVALIDATED,HISTORY_NOT_CHECKED,LIQUIDITY_NOT_CHECKED,NOT_VERIFIED,true,P1,PRICE_HISTORY_AND_LIQUIDITY_REFRESH_REQUIRED,Mapping verification,UNDECIDED_OFFLINE,9202,true,revalidated history/liquidity evidence,v0.37 is offline; prior price-derived evidence is not current
WS:XTKS:9432,JP_N225,XTKS,9432,NOT_VERIFIED,MAPPING_PRESENT_NOT_REVALIDATED,HISTORY_NOT_CHECKED,LIQUIDITY_NOT_CHECKED,NOT_VERIFIED,true,P1,PRICE_HISTORY_AND_LIQUIDITY_REFRESH_REQUIRED,Mapping verification,UNDECIDED_OFFLINE,9432,true,revalidated history/liquidity evidence,v0.37 is offline; prior price-derived evidence is not current
WS:XTKS:9433,JP_N225,XTKS,9433,NOT_VERIFIED,MAPPING_PRESENT_NOT_REVALIDATED,HISTORY_NOT_CHECKED,LIQUIDITY_NOT_CHECKED,NOT_VERIFIED,true,P1,PRICE_HISTORY_AND_LIQUIDITY_REFRESH_REQUIRED,Mapping verification,UNDECIDED_OFFLINE,9433,true,revalidated history/liquidity evidence,v0.37 is offline; prior price-derived evidence is not current
WS:XTKS:9434,JP_N225,XTKS,9434,NOT_VERIFIED,MAPPING_PRESENT_NOT_REVALIDATED,HISTORY_NOT_CHECKED,LIQUIDITY_NOT_CHECKED,NOT_VERIFIED,true,P1,PRICE_HISTORY_AND_LIQUIDITY_REFRESH_REQUIRED,Mapping verification,UNDECIDED_OFFLINE,9434,true,revalidated history/liquidity evidence,v0.37 is offline; prior price-derived evidence is not current
WS:XTKS:9501,JP_N225,XTKS,9501,NOT_VERIFIED,MAPPING_PRESENT_NOT_REVALIDATED,HISTORY_NOT_CHECKED,LIQUIDITY_NOT_CHECKED,NOT_VERIFIED,true,P1,PRICE_HISTORY_AND_LIQUIDITY_REFRESH_REQUIRED,Mapping verification,UNDECIDED_OFFLINE,9501,true,revalidated history/liquidity evidence,v0.37 is offline; prior price-derived evidence is not current
WS:XTKS:9502,JP_N225,XTKS,9502,NOT_VERIFIED,MAPPING_PRESENT_NOT_REVALIDATED,HISTORY_NOT_CHECKED,LIQUIDITY_NOT_CHECKED,NOT_VERIFIED,true,P1,PRICE_HISTORY_AND_LIQUIDITY_REFRESH_REQUIRED,Mapping verification,UNDECIDED_OFFLINE,9502,true,revalidated history/liquidity evidence,v0.37 is offline; prior price-derived evidence is not current
WS:XTKS:9503,JP_N225,XTKS,9503,NOT_VERIFIED,MAPPING_PRESENT_NOT_REVALIDATED,HISTORY_NOT_CHECKED,LIQUIDITY_NOT_CHECKED,NOT_VERIFIED,true,P1,PRICE_HISTORY_AND_LIQUIDITY_REFRESH_REQUIRED,Mapping verification,UNDECIDED_OFFLINE,9503,true,revalidated history/liquidity evidence,v0.37 is offline; prior price-derived evidence is not current
WS:XTKS:9531,JP_N225,XTKS,9531,NOT_VERIFIED,MAPPING_PRESENT_NOT_REVALIDATED,HISTORY_NOT_CHECKED,LIQUIDITY_NOT_CHECKED,NOT_VERIFIED,true,P1,PRICE_HISTORY_AND_LIQUIDITY_REFRESH_REQUIRED,Mapping verification,UNDECIDED_OFFLINE,9531,true,revalidated history/liquidity evidence,v0.37 is offline; prior price-derived evidence is not current
WS:XTKS:9532,JP_N225,XTKS,9532,NOT_VERIFIED,MAPPING_PRESENT_NOT_REVALIDATED,HISTORY_NOT_CHECKED,LIQUIDITY_NOT_CHECKED,NOT_VERIFIED,true,P1,PRICE_HISTORY_AND_LIQUIDITY_REFRESH_REQUIRED,Mapping verification,UNDECIDED_OFFLINE,9532,true,revalidated history/liquidity evidence,v0.37 is offline; prior price-derived evidence is not current
WS:XTKS:9602,JP_N225,XTKS,9602,NOT_VERIFIED,MAPPING_PRESENT_NOT_REVALIDATED,HISTORY_NOT_CHECKED,LIQUIDITY_NOT_CHECKED,NOT_VERIFIED,true,P1,PRICE_HISTORY_AND_LIQUIDITY_REFRESH_REQUIRED,Mapping verification,UNDECIDED_OFFLINE,9602,true,revalidated history/liquidity evidence,v0.37 is offline; prior price-derived evidence is not current
WS:XTKS:9735,JP_N225,XTKS,9735,NOT_VERIFIED,MAPPING_PRESENT_NOT_REVALIDATED,HISTORY_NOT_CHECKED,LIQUIDITY_NOT_CHECKED,NOT_VERIFIED,true,P1,PRICE_HISTORY_AND_LIQUIDITY_REFRESH_REQUIRED,Mapping verification,UNDECIDED_OFFLINE,9735,true,revalidated history/liquidity evidence,v0.37 is offline; prior price-derived evidence is not current
WS:XTKS:9766,JP_N225,XTKS,9766,NOT_VERIFIED,MAPPING_PRESENT_NOT_REVALIDATED,HISTORY_NOT_CHECKED,LIQUIDITY_NOT_CHECKED,NOT_VERIFIED,true,P1,PRICE_HISTORY_AND_LIQUIDITY_REFRESH_REQUIRED,Mapping verification,UNDECIDED_OFFLINE,9766,true,revalidated history/liquidity evidence,v0.37 is offline; prior price-derived evidence is not current
WS:XTKS:9843,JP_N225,XTKS,9843,NOT_VERIFIED,MAPPING_PRESENT_NOT_REVALIDATED,HISTORY_NOT_CHECKED,LIQUIDITY_NOT_CHECKED,NOT_VERIFIED,true,P1,PRICE_HISTORY_AND_LIQUIDITY_REFRESH_REQUIRED,Mapping verification,UNDECIDED_OFFLINE,9843,true,revalidated history/liquidity evidence,v0.37 is offline; prior price-derived evidence is not current
WS:XTKS:9983,JP_N225,XTKS,9983,NOT_VERIFIED,MAPPING_PRESENT_NOT_REVALIDATED,HISTORY_NOT_CHECKED,LIQUIDITY_NOT_CHECKED,NOT_VERIFIED,true,P1,PRICE_HISTORY_AND_LIQUIDITY_REFRESH_REQUIRED,Mapping verification,UNDECIDED_OFFLINE,9983,true,revalidated history/liquidity evidence,v0.37 is offline; prior price-derived evidence is not current
WS:XTKS:9984,JP_N225,XTKS,9984,NOT_VERIFIED,MAPPING_PRESENT_NOT_REVALIDATED,HISTORY_NOT_CHECKED,LIQUIDITY_NOT_CHECKED,NOT_VERIFIED,true,P1,PRICE_HISTORY_AND_LIQUIDITY_REFRESH_REQUIRED,Mapping verification,UNDECIDED_OFFLINE,9984,true,revalidated history/liquidity evidence,v0.37 is offline; prior price-derived evidence is not current
WS:XTSE:AAUC,CA_TSX,XTSE,AAUC,NOT_VERIFIED,MAPPING_PRESENT_NOT_REVALIDATED,HISTORY_NOT_CHECKED,LIQUIDITY_NOT_CHECKED,NOT_VERIFIED,true,P1,PRICE_HISTORY_AND_LIQUIDITY_REFRESH_REQUIRED,Mapping verification,UNDECIDED_OFFLINE,AAUC,true,revalidated history/liquidity evidence,v0.37 is offline; prior price-derived evidence is not current
WS:XTSE:AAV,CA_TSX,XTSE,AAV,NOT_VERIFIED,MAPPING_PRESENT_NOT_REVALIDATED,HISTORY_NOT_CHECKED,LIQUIDITY_NOT_CHECKED,NOT_VERIFIED,true,P1,PRICE_HISTORY_AND_LIQUIDITY_REFRESH_REQUIRED,Mapping verification,UNDECIDED_OFFLINE,AAV,true,revalidated history/liquidity evidence,v0.37 is offline; prior price-derived evidence is not current
WS:XTSE:ABRA,CA_TSX,XTSE,ABRA,NOT_VERIFIED,MAPPING_PRESENT_NOT_REVALIDATED,HISTORY_NOT_CHECKED,LIQUIDITY_NOT_CHECKED,NOT_VERIFIED,true,P1,PRICE_HISTORY_AND_LIQUIDITY_REFRESH_REQUIRED,Mapping verification,UNDECIDED_OFFLINE,ABRA,true,revalidated history/liquidity evidence,v0.37 is offline; prior price-derived evidence is not current
WS:XTSE:ABX,CA_TSX,XTSE,ABX,NOT_VERIFIED,MAPPING_PRESENT_NOT_REVALIDATED,HISTORY_NOT_CHECKED,LIQUIDITY_NOT_CHECKED,NOT_VERIFIED,true,P1,PRICE_HISTORY_AND_LIQUIDITY_REFRESH_REQUIRED,Mapping verification,UNDECIDED_OFFLINE,ABX,true,revalidated history/liquidity evidence,v0.37 is offline; prior price-derived evidence is not current
WS:XTSE:AC,CA_TSX,XTSE,AC,NOT_VERIFIED,MAPPING_PRESENT_NOT_REVALIDATED,HISTORY_NOT_CHECKED,LIQUIDITY_NOT_CHECKED,NOT_VERIFIED,true,P1,PRICE_HISTORY_AND_LIQUIDITY_REFRESH_REQUIRED,Mapping verification,UNDECIDED_OFFLINE,AC,true,revalidated history/liquidity evidence,v0.37 is offline; prior price-derived evidence is not current
WS:XTSE:ACO.X,CA_TSX,XTSE,ACO.X,NOT_VERIFIED,MAPPING_PRESENT_NOT_REVALIDATED,HISTORY_NOT_CHECKED,LIQUIDITY_NOT_CHECKED,NOT_VERIFIED,true,P1,PRICE_HISTORY_AND_LIQUIDITY_REFRESH_REQUIRED,Mapping verification,UNDECIDED_OFFLINE,ACO.X,true,revalidated history/liquidity evidence,v0.37 is offline; prior price-derived evidence is not current
WS:XTSE:AEM,CA_TSX,XTSE,AEM,NOT_VERIFIED,MAPPING_PRESENT_NOT_REVALIDATED,HISTORY_NOT_CHECKED,LIQUIDITY_NOT_CHECKED,NOT_VERIFIED,true,P1,PRICE_HISTORY_AND_LIQUIDITY_REFRESH_REQUIRED,Mapping verification,UNDECIDED_OFFLINE,AEM,true,revalidated history/liquidity evidence,v0.37 is offline; prior price-derived evidence is not current
WS:XTSE:AG,CA_TSX,XTSE,AG,NOT_VERIFIED,MAPPING_PRESENT_NOT_REVALIDATED,HISTORY_NOT_CHECKED,LIQUIDITY_NOT_CHECKED,NOT_VERIFIED,true,P1,PRICE_HISTORY_AND_LIQUIDITY_REFRESH_REQUIRED,Mapping verification,UNDECIDED_OFFLINE,AG,true,revalidated history/liquidity evidence,v0.37 is offline; prior price-derived evidence is not current
WS:XTSE:AGI,CA_TSX,XTSE,AGI,NOT_VERIFIED,MAPPING_PRESENT_NOT_REVALIDATED,HISTORY_NOT_CHECKED,LIQUIDITY_NOT_CHECKED,NOT_VERIFIED,true,P1,PRICE_HISTORY_AND_LIQUIDITY_REFRESH_REQUIRED,Mapping verification,UNDECIDED_OFFLINE,AGI,true,revalidated history/liquidity evidence,v0.37 is offline; prior price-derived evidence is not current
WS:XTSE:AIF,CA_TSX,XTSE,AIF,NOT_VERIFIED,MAPPING_PRESENT_NOT_REVALIDATED,HISTORY_NOT_CHECKED,LIQUIDITY_NOT_CHECKED,NOT_VERIFIED,true,P1,PRICE_HISTORY_AND_LIQUIDITY_REFRESH_REQUIRED,Mapping verification,UNDECIDED_OFFLINE,AIF,true,revalidated history/liquidity evidence,v0.37 is offline; prior price-derived evidence is not current
WS:XTSE:ALA,CA_TSX,XTSE,ALA,NOT_VERIFIED,MAPPING_PRESENT_NOT_REVALIDATED,HISTORY_NOT_CHECKED,LIQUIDITY_NOT_CHECKED,NOT_VERIFIED,true,P1,PRICE_HISTORY_AND_LIQUIDITY_REFRESH_REQUIRED,Mapping verification,UNDECIDED_OFFLINE,ALA,true,revalidated history/liquidity evidence,v0.37 is offline; prior price-derived evidence is not current
WS:XTSE:ALS,CA_TSX,XTSE,ALS,NOT_VERIFIED,MAPPING_PRESENT_NOT_REVALIDATED,HISTORY_NOT_CHECKED,LIQUIDITY_NOT_CHECKED,NOT_VERIFIED,true,P1,PRICE_HISTORY_AND_LIQUIDITY_REFRESH_REQUIRED,Mapping verification,UNDECIDED_OFFLINE,ALS,true,revalidated history/liquidity evidence,v0.37 is offline; prior price-derived evidence is not current
WS:XTSE:AP.UN,CA_TSX,XTSE,AP.UN,NOT_VERIFIED,MAPPING_PRESENT_NOT_REVALIDATED,HISTORY_NOT_CHECKED,LIQUIDITY_NOT_CHECKED,NOT_VERIFIED,true,P1,PRICE_HISTORY_AND_LIQUIDITY_REFRESH_REQUIRED,Mapping verification,UNDECIDED_OFFLINE,AP.UN,true,revalidated history/liquidity evidence,v0.37 is offline; prior price-derived evidence is not current
WS:XTSE:AQN,CA_TSX,XTSE,AQN,NOT_VERIFIED,MAPPING_PRESENT_NOT_REVALIDATED,HISTORY_NOT_CHECKED,LIQUIDITY_NOT_CHECKED,NOT_VERIFIED,true,P1,PRICE_HISTORY_AND_LIQUIDITY_REFRESH_REQUIRED,Mapping verification,UNDECIDED_OFFLINE,AQN,true,revalidated history/liquidity evidence,v0.37 is offline; prior price-derived evidence is not current
WS:XTSE:ARE,CA_TSX,XTSE,ARE,NOT_VERIFIED,MAPPING_PRESENT_NOT_REVALIDATED,HISTORY_NOT_CHECKED,LIQUIDITY_NOT_CHECKED,NOT_VERIFIED,true,P1,PRICE_HISTORY_AND_LIQUIDITY_REFRESH_REQUIRED,Mapping verification,UNDECIDED_OFFLINE,ARE,true,revalidated history/liquidity evidence,v0.37 is offline; prior price-derived evidence is not current
WS:XTSE:ARIS,CA_TSX,XTSE,ARIS,NOT_VERIFIED,MAPPING_PRESENT_NOT_REVALIDATED,HISTORY_NOT_CHECKED,LIQUIDITY_NOT_CHECKED,NOT_VERIFIED,true,P1,PRICE_HISTORY_AND_LIQUIDITY_REFRESH_REQUIRED,Mapping verification,UNDECIDED_OFFLINE,ARIS,true,revalidated history/liquidity evidence,v0.37 is offline; prior price-derived evidence is not current
WS:XTSE:ARX,CA_TSX,XTSE,ARX,NOT_VERIFIED,MAPPING_PRESENT_NOT_REVALIDATED,HISTORY_NOT_CHECKED,LIQUIDITY_NOT_CHECKED,NOT_VERIFIED,true,P1,PRICE_HISTORY_AND_LIQUIDITY_REFRESH_REQUIRED,Mapping verification,UNDECIDED_OFFLINE,ARX,true,revalidated history/liquidity evidence,v0.37 is offline; prior price-derived evidence is not current
WS:XTSE:ASM,CA_TSX,XTSE,ASM,NOT_VERIFIED,MAPPING_PRESENT_NOT_REVALIDATED,HISTORY_NOT_CHECKED,LIQUIDITY_NOT_CHECKED,NOT_VERIFIED,true,P1,PRICE_HISTORY_AND_LIQUIDITY_REFRESH_REQUIRED,Mapping verification,UNDECIDED_OFFLINE,ASM,true,revalidated history/liquidity evidence,v0.37 is offline; prior price-derived evidence is not current
WS:XTSE:ATD,CA_TSX,XTSE,ATD,NOT_VERIFIED,MAPPING_PRESENT_NOT_REVALIDATED,HISTORY_NOT_CHECKED,LIQUIDITY_NOT_CHECKED,NOT_VERIFIED,true,P1,PRICE_HISTORY_AND_LIQUIDITY_REFRESH_REQUIRED,Mapping verification,UNDECIDED_OFFLINE,ATD,true,revalidated history/liquidity evidence,v0.37 is offline; prior price-derived evidence is not current
WS:XTSE:ATH,CA_TSX,XTSE,ATH,NOT_VERIFIED,MAPPING_PRESENT_NOT_REVALIDATED,HISTORY_NOT_CHECKED,LIQUIDITY_NOT_CHECKED,NOT_VERIFIED,true,P1,PRICE_HISTORY_AND_LIQUIDITY_REFRESH_REQUIRED,Mapping verification,UNDECIDED_OFFLINE,ATH,true,revalidated history/liquidity evidence,v0.37 is offline; prior price-derived evidence is not current
WS:XTSE:ATRL,CA_TSX,XTSE,ATRL,NOT_VERIFIED,MAPPING_PRESENT_NOT_REVALIDATED,HISTORY_NOT_CHECKED,LIQUIDITY_NOT_CHECKED,NOT_VERIFIED,true,P1,PRICE_HISTORY_AND_LIQUIDITY_REFRESH_REQUIRED,Mapping verification,UNDECIDED_OFFLINE,ATRL,true,revalidated history/liquidity evidence,v0.37 is offline; prior price-derived evidence is not current
WS:XTSE:ATS,CA_TSX,XTSE,ATS,NOT_VERIFIED,MAPPING_PRESENT_NOT_REVALIDATED,HISTORY_NOT_CHECKED,LIQUIDITY_NOT_CHECKED,NOT_VERIFIED,true,P1,PRICE_HISTORY_AND_LIQUIDITY_REFRESH_REQUIRED,Mapping verification,UNDECIDED_OFFLINE,ATS,true,revalidated history/liquidity evidence,v0.37 is offline; prior price-derived evidence is not current
WS:XTSE:ATZ,CA_TSX,XTSE,ATZ,NOT_VERIFIED,MAPPING_PRESENT_NOT_REVALIDATED,HISTORY_NOT_CHECKED,LIQUIDITY_NOT_CHECKED,NOT_VERIFIED,true,P1,PRICE_HISTORY_AND_LIQUIDITY_REFRESH_REQUIRED,Mapping verification,UNDECIDED_OFFLINE,ATZ,true,revalidated history/liquidity evidence,v0.37 is offline; prior price-derived evidence is not current
WS:XTSE:AYA,CA_TSX,XTSE,AYA,NOT_VERIFIED,MAPPING_PRESENT_NOT_REVALIDATED,HISTORY_NOT_CHECKED,LIQUIDITY_NOT_CHECKED,NOT_VERIFIED,true,P1,PRICE_HISTORY_AND_LIQUIDITY_REFRESH_REQUIRED,Mapping verification,UNDECIDED_OFFLINE,AYA,true,revalidated history/liquidity evidence,v0.37 is offline; prior price-derived evidence is not current
WS:XTSE:BAM,CA_TSX,XTSE,BAM,NOT_VERIFIED,MAPPING_PRESENT_NOT_REVALIDATED,HISTORY_NOT_CHECKED,LIQUIDITY_NOT_CHECKED,NOT_VERIFIED,true,P1,PRICE_HISTORY_AND_LIQUIDITY_REFRESH_REQUIRED,Mapping verification,UNDECIDED_OFFLINE,BAM,true,revalidated history/liquidity evidence,v0.37 is offline; prior price-derived evidence is not current
WS:XTSE:BB,CA_TSX,XTSE,BB,NOT_VERIFIED,MAPPING_PRESENT_NOT_REVALIDATED,HISTORY_NOT_CHECKED,LIQUIDITY_NOT_CHECKED,NOT_VERIFIED,true,P1,PRICE_HISTORY_AND_LIQUIDITY_REFRESH_REQUIRED,Mapping verification,UNDECIDED_OFFLINE,BB,true,revalidated history/liquidity evidence,v0.37 is offline; prior price-derived evidence is not current
WS:XTSE:BBD.B,CA_TSX,XTSE,BBD.B,NOT_VERIFIED,MAPPING_PRESENT_NOT_REVALIDATED,HISTORY_NOT_CHECKED,LIQUIDITY_NOT_CHECKED,NOT_VERIFIED,true,P1,PRICE_HISTORY_AND_LIQUIDITY_REFRESH_REQUIRED,Mapping verification,UNDECIDED_OFFLINE,BBD.B,true,revalidated history/liquidity evidence,v0.37 is offline; prior price-derived evidence is not current
WS:XTSE:BBUC,CA_TSX,XTSE,BBUC,NOT_VERIFIED,MAPPING_PRESENT_NOT_REVALIDATED,HISTORY_NOT_CHECKED,LIQUIDITY_NOT_CHECKED,NOT_VERIFIED,true,P1,PRICE_HISTORY_AND_LIQUIDITY_REFRESH_REQUIRED,Mapping verification,UNDECIDED_OFFLINE,BBUC,true,revalidated history/liquidity evidence,v0.37 is offline; prior price-derived evidence is not current
WS:XTSE:BCE,CA_TSX,XTSE,BCE,NOT_VERIFIED,MAPPING_PRESENT_NOT_REVALIDATED,HISTORY_NOT_CHECKED,LIQUIDITY_NOT_CHECKED,NOT_VERIFIED,true,P1,PRICE_HISTORY_AND_LIQUIDITY_REFRESH_REQUIRED,Mapping verification,UNDECIDED_OFFLINE,BCE,true,revalidated history/liquidity evidence,v0.37 is offline; prior price-derived evidence is not current
WS:XTSE:BDGI,CA_TSX,XTSE,BDGI,NOT_VERIFIED,MAPPING_PRESENT_NOT_REVALIDATED,HISTORY_NOT_CHECKED,LIQUIDITY_NOT_CHECKED,NOT_VERIFIED,true,P1,PRICE_HISTORY_AND_LIQUIDITY_REFRESH_REQUIRED,Mapping verification,UNDECIDED_OFFLINE,BDGI,true,revalidated history/liquidity evidence,v0.37 is offline; prior price-derived evidence is not current
WS:XTSE:BDT,CA_TSX,XTSE,BDT,NOT_VERIFIED,MAPPING_PRESENT_NOT_REVALIDATED,HISTORY_NOT_CHECKED,LIQUIDITY_NOT_CHECKED,NOT_VERIFIED,true,P1,PRICE_HISTORY_AND_LIQUIDITY_REFRESH_REQUIRED,Mapping verification,UNDECIDED_OFFLINE,BDT,true,revalidated history/liquidity evidence,v0.37 is offline; prior price-derived evidence is not current
WS:XTSE:BEI.UN,CA_TSX,XTSE,BEI.UN,NOT_VERIFIED,MAPPING_PRESENT_NOT_REVALIDATED,HISTORY_NOT_CHECKED,LIQUIDITY_NOT_CHECKED,NOT_VERIFIED,true,P1,PRICE_HISTORY_AND_LIQUIDITY_REFRESH_REQUIRED,Mapping verification,UNDECIDED_OFFLINE,BEI.UN,true,revalidated history/liquidity evidence,v0.37 is offline; prior price-derived evidence is not current
WS:XTSE:BEP.UN,CA_TSX,XTSE,BEP.UN,NOT_VERIFIED,MAPPING_PRESENT_NOT_REVALIDATED,HISTORY_NOT_CHECKED,LIQUIDITY_NOT_CHECKED,NOT_VERIFIED,true,P1,PRICE_HISTORY_AND_LIQUIDITY_REFRESH_REQUIRED,Mapping verification,UNDECIDED_OFFLINE,BEP.UN,true,revalidated history/liquidity evidence,v0.37 is offline; prior price-derived evidence is not current
WS:XTSE:BHC,CA_TSX,XTSE,BHC,NOT_VERIFIED,MAPPING_PRESENT_NOT_REVALIDATED,HISTORY_NOT_CHECKED,LIQUIDITY_NOT_CHECKED,NOT_VERIFIED,true,P1,PRICE_HISTORY_AND_LIQUIDITY_REFRESH_REQUIRED,Mapping verification,UNDECIDED_OFFLINE,BHC,true,revalidated history/liquidity evidence,v0.37 is offline; prior price-derived evidence is not current
WS:XTSE:BIP.UN,CA_TSX,XTSE,BIP.UN,NOT_VERIFIED,MAPPING_PRESENT_NOT_REVALIDATED,HISTORY_NOT_CHECKED,LIQUIDITY_NOT_CHECKED,NOT_VERIFIED,true,P1,PRICE_HISTORY_AND_LIQUIDITY_REFRESH_REQUIRED,Mapping verification,UNDECIDED_OFFLINE,BIP.UN,true,revalidated history/liquidity evidence,v0.37 is offline; prior price-derived evidence is not current
WS:XTSE:BIR,CA_TSX,XTSE,BIR,NOT_VERIFIED,MAPPING_PRESENT_NOT_REVALIDATED,HISTORY_NOT_CHECKED,LIQUIDITY_NOT_CHECKED,NOT_VERIFIED,true,P1,PRICE_HISTORY_AND_LIQUIDITY_REFRESH_REQUIRED,Mapping verification,UNDECIDED_OFFLINE,BIR,true,revalidated history/liquidity evidence,v0.37 is offline; prior price-derived evidence is not current
WS:XTSE:BMO,CA_TSX,XTSE,BMO,NOT_VERIFIED,MAPPING_PRESENT_NOT_REVALIDATED,HISTORY_NOT_CHECKED,LIQUIDITY_NOT_CHECKED,NOT_VERIFIED,true,P1,PRICE_HISTORY_AND_LIQUIDITY_REFRESH_REQUIRED,Mapping verification,UNDECIDED_OFFLINE,BMO,true,revalidated history/liquidity evidence,v0.37 is offline; prior price-derived evidence is not current
WS:XTSE:BN,CA_TSX,XTSE,BN,NOT_VERIFIED,MAPPING_PRESENT_NOT_REVALIDATED,HISTORY_NOT_CHECKED,LIQUIDITY_NOT_CHECKED,NOT_VERIFIED,true,P1,PRICE_HISTORY_AND_LIQUIDITY_REFRESH_REQUIRED,Mapping verification,UNDECIDED_OFFLINE,BN,true,revalidated history/liquidity evidence,v0.37 is offline; prior price-derived evidence is not current
WS:XTSE:BNS,CA_TSX,XTSE,BNS,NOT_VERIFIED,MAPPING_PRESENT_NOT_REVALIDATED,HISTORY_NOT_CHECKED,LIQUIDITY_NOT_CHECKED,NOT_VERIFIED,true,P1,PRICE_HISTORY_AND_LIQUIDITY_REFRESH_REQUIRED,Mapping verification,UNDECIDED_OFFLINE,BNS,true,revalidated history/liquidity evidence,v0.37 is offline; prior price-derived evidence is not current
WS:XTSE:BTE,CA_TSX,XTSE,BTE,NOT_VERIFIED,MAPPING_PRESENT_NOT_REVALIDATED,HISTORY_NOT_CHECKED,LIQUIDITY_NOT_CHECKED,NOT_VERIFIED,true,P1,PRICE_HISTORY_AND_LIQUIDITY_REFRESH_REQUIRED,Mapping verification,UNDECIDED_OFFLINE,BTE,true,revalidated history/liquidity evidence,v0.37 is offline; prior price-derived evidence is not current
WS:XTSE:BTO,CA_TSX,XTSE,BTO,NOT_VERIFIED,MAPPING_PRESENT_NOT_REVALIDATED,HISTORY_NOT_CHECKED,LIQUIDITY_NOT_CHECKED,NOT_VERIFIED,true,P1,PRICE_HISTORY_AND_LIQUIDITY_REFRESH_REQUIRED,Mapping verification,UNDECIDED_OFFLINE,BTO,true,revalidated history/liquidity evidence,v0.37 is offline; prior price-derived evidence is not current
WS:XTSE:BYD,CA_TSX,XTSE,BYD,NOT_VERIFIED,MAPPING_PRESENT_NOT_REVALIDATED,HISTORY_NOT_CHECKED,LIQUIDITY_NOT_CHECKED,NOT_VERIFIED,true,P1,PRICE_HISTORY_AND_LIQUIDITY_REFRESH_REQUIRED,Mapping verification,UNDECIDED_OFFLINE,BYD,true,revalidated history/liquidity evidence,v0.37 is offline; prior price-derived evidence is not current
WS:XTSE:CAE,CA_TSX,XTSE,CAE,NOT_VERIFIED,MAPPING_PRESENT_NOT_REVALIDATED,HISTORY_NOT_CHECKED,LIQUIDITY_NOT_CHECKED,NOT_VERIFIED,true,P1,PRICE_HISTORY_AND_LIQUIDITY_REFRESH_REQUIRED,Mapping verification,UNDECIDED_OFFLINE,CAE,true,revalidated history/liquidity evidence,v0.37 is offline; prior price-derived evidence is not current
WS:XTSE:CAR.UN,CA_TSX,XTSE,CAR.UN,NOT_VERIFIED,MAPPING_PRESENT_NOT_REVALIDATED,HISTORY_NOT_CHECKED,LIQUIDITY_NOT_CHECKED,NOT_VERIFIED,true,P1,PRICE_HISTORY_AND_LIQUIDITY_REFRESH_REQUIRED,Mapping verification,UNDECIDED_OFFLINE,CAR.UN,true,revalidated history/liquidity evidence,v0.37 is offline; prior price-derived evidence is not current
WS:XTSE:CCA,CA_TSX,XTSE,CCA,NOT_VERIFIED,MAPPING_PRESENT_NOT_REVALIDATED,HISTORY_NOT_CHECKED,LIQUIDITY_NOT_CHECKED,NOT_VERIFIED,true,P1,PRICE_HISTORY_AND_LIQUIDITY_REFRESH_REQUIRED,Mapping verification,UNDECIDED_OFFLINE,CCA,true,revalidated history/liquidity evidence,v0.37 is offline; prior price-derived evidence is not current
WS:XTSE:CCL.B,CA_TSX,XTSE,CCL.B,NOT_VERIFIED,MAPPING_PRESENT_NOT_REVALIDATED,HISTORY_NOT_CHECKED,LIQUIDITY_NOT_CHECKED,NOT_VERIFIED,true,P1,PRICE_HISTORY_AND_LIQUIDITY_REFRESH_REQUIRED,Mapping verification,UNDECIDED_OFFLINE,CCL.B,true,revalidated history/liquidity evidence,v0.37 is offline; prior price-derived evidence is not current
WS:XTSE:CCO,CA_TSX,XTSE,CCO,NOT_VERIFIED,MAPPING_PRESENT_NOT_REVALIDATED,HISTORY_NOT_CHECKED,LIQUIDITY_NOT_CHECKED,NOT_VERIFIED,true,P1,PRICE_HISTORY_AND_LIQUIDITY_REFRESH_REQUIRED,Mapping verification,UNDECIDED_OFFLINE,CCO,true,revalidated history/liquidity evidence,v0.37 is offline; prior price-derived evidence is not current
WS:XTSE:CEU,CA_TSX,XTSE,CEU,NOT_VERIFIED,MAPPING_PRESENT_NOT_REVALIDATED,HISTORY_NOT_CHECKED,LIQUIDITY_NOT_CHECKED,NOT_VERIFIED,true,P1,PRICE_HISTORY_AND_LIQUIDITY_REFRESH_REQUIRED,Mapping verification,UNDECIDED_OFFLINE,CEU,true,revalidated history/liquidity evidence,v0.37 is offline; prior price-derived evidence is not current
WS:XTSE:CG,CA_TSX,XTSE,CG,NOT_VERIFIED,MAPPING_PRESENT_NOT_REVALIDATED,HISTORY_NOT_CHECKED,LIQUIDITY_NOT_CHECKED,NOT_VERIFIED,true,P1,PRICE_HISTORY_AND_LIQUIDITY_REFRESH_REQUIRED,Mapping verification,UNDECIDED_OFFLINE,CG,true,revalidated history/liquidity evidence,v0.37 is offline; prior price-derived evidence is not current
WS:XTSE:CHP.UN,CA_TSX,XTSE,CHP.UN,NOT_VERIFIED,MAPPING_PRESENT_NOT_REVALIDATED,HISTORY_NOT_CHECKED,LIQUIDITY_NOT_CHECKED,NOT_VERIFIED,true,P1,PRICE_HISTORY_AND_LIQUIDITY_REFRESH_REQUIRED,Mapping verification,UNDECIDED_OFFLINE,CHP.UN,true,revalidated history/liquidity evidence,v0.37 is offline; prior price-derived evidence is not current
WS:XTSE:CIGI,CA_TSX,XTSE,CIGI,NOT_VERIFIED,MAPPING_PRESENT_NOT_REVALIDATED,HISTORY_NOT_CHECKED,LIQUIDITY_NOT_CHECKED,NOT_VERIFIED,true,P1,PRICE_HISTORY_AND_LIQUIDITY_REFRESH_REQUIRED,Mapping verification,UNDECIDED_OFFLINE,CIGI,true,revalidated history/liquidity evidence,v0.37 is offline; prior price-derived evidence is not current
WS:XTSE:CJT,CA_TSX,XTSE,CJT,NOT_VERIFIED,MAPPING_PRESENT_NOT_REVALIDATED,HISTORY_NOT_CHECKED,LIQUIDITY_NOT_CHECKED,NOT_VERIFIED,true,P1,PRICE_HISTORY_AND_LIQUIDITY_REFRESH_REQUIRED,Mapping verification,UNDECIDED_OFFLINE,CJT,true,revalidated history/liquidity evidence,v0.37 is offline; prior price-derived evidence is not current
WS:XTSE:CLS,CA_TSX,XTSE,CLS,NOT_VERIFIED,MAPPING_PRESENT_NOT_REVALIDATED,HISTORY_NOT_CHECKED,LIQUIDITY_NOT_CHECKED,NOT_VERIFIED,true,P1,PRICE_HISTORY_AND_LIQUIDITY_REFRESH_REQUIRED,Mapping verification,UNDECIDED_OFFLINE,CLS,true,revalidated history/liquidity evidence,v0.37 is offline; prior price-derived evidence is not current
WS:XTSE:CM,CA_TSX,XTSE,CM,NOT_VERIFIED,MAPPING_PRESENT_NOT_REVALIDATED,HISTORY_NOT_CHECKED,LIQUIDITY_NOT_CHECKED,NOT_VERIFIED,true,P1,PRICE_HISTORY_AND_LIQUIDITY_REFRESH_REQUIRED,Mapping verification,UNDECIDED_OFFLINE,CM,true,revalidated history/liquidity evidence,v0.37 is offline; prior price-derived evidence is not current
WS:XTSE:CNQ,CA_TSX,XTSE,CNQ,NOT_VERIFIED,MAPPING_PRESENT_NOT_REVALIDATED,HISTORY_NOT_CHECKED,LIQUIDITY_NOT_CHECKED,NOT_VERIFIED,true,P1,PRICE_HISTORY_AND_LIQUIDITY_REFRESH_REQUIRED,Mapping verification,UNDECIDED_OFFLINE,CNQ,true,revalidated history/liquidity evidence,v0.37 is offline; prior price-derived evidence is not current
WS:XTSE:CNR,CA_TSX,XTSE,CNR,NOT_VERIFIED,MAPPING_PRESENT_NOT_REVALIDATED,HISTORY_NOT_CHECKED,LIQUIDITY_NOT_CHECKED,NOT_VERIFIED,true,P1,PRICE_HISTORY_AND_LIQUIDITY_REFRESH_REQUIRED,Mapping verification,UNDECIDED_OFFLINE,CNR,true,revalidated history/liquidity evidence,v0.37 is offline; prior price-derived evidence is not current
WS:XTSE:CP,CA_TSX,XTSE,CP,NOT_VERIFIED,MAPPING_PRESENT_NOT_REVALIDATED,HISTORY_NOT_CHECKED,LIQUIDITY_NOT_CHECKED,NOT_VERIFIED,true,P1,PRICE_HISTORY_AND_LIQUIDITY_REFRESH_REQUIRED,Mapping verification,UNDECIDED_OFFLINE,CP,true,revalidated history/liquidity evidence,v0.37 is offline; prior price-derived evidence is not current
WS:XTSE:CPX,CA_TSX,XTSE,CPX,NOT_VERIFIED,MAPPING_PRESENT_NOT_REVALIDATED,HISTORY_NOT_CHECKED,LIQUIDITY_NOT_CHECKED,NOT_VERIFIED,true,P1,PRICE_HISTORY_AND_LIQUIDITY_REFRESH_REQUIRED,Mapping verification,UNDECIDED_OFFLINE,CPX,true,revalidated history/liquidity evidence,v0.37 is offline; prior price-derived evidence is not current
WS:XTSE:CRR.UN,CA_TSX,XTSE,CRR.UN,NOT_VERIFIED,MAPPING_PRESENT_NOT_REVALIDATED,HISTORY_NOT_CHECKED,LIQUIDITY_NOT_CHECKED,NOT_VERIFIED,true,P1,PRICE_HISTORY_AND_LIQUIDITY_REFRESH_REQUIRED,Mapping verification,UNDECIDED_OFFLINE,CRR.UN,true,revalidated history/liquidity evidence,v0.37 is offline; prior price-derived evidence is not current
WS:XTSE:CRT.UN,CA_TSX,XTSE,CRT.UN,NOT_VERIFIED,MAPPING_PRESENT_NOT_REVALIDATED,HISTORY_NOT_CHECKED,LIQUIDITY_NOT_CHECKED,NOT_VERIFIED,true,P1,PRICE_HISTORY_AND_LIQUIDITY_REFRESH_REQUIRED,Mapping verification,UNDECIDED_OFFLINE,CRT.UN,true,revalidated history/liquidity evidence,v0.37 is offline; prior price-derived evidence is not current
WS:XTSE:CS,CA_TSX,XTSE,CS,NOT_VERIFIED,MAPPING_PRESENT_NOT_REVALIDATED,HISTORY_NOT_CHECKED,LIQUIDITY_NOT_CHECKED,NOT_VERIFIED,true,P1,PRICE_HISTORY_AND_LIQUIDITY_REFRESH_REQUIRED,Mapping verification,UNDECIDED_OFFLINE,CS,true,revalidated history/liquidity evidence,v0.37 is offline; prior price-derived evidence is not current
WS:XTSE:CSH.UN,CA_TSX,XTSE,CSH.UN,NOT_VERIFIED,MAPPING_PRESENT_NOT_REVALIDATED,HISTORY_NOT_CHECKED,LIQUIDITY_NOT_CHECKED,NOT_VERIFIED,true,P1,PRICE_HISTORY_AND_LIQUIDITY_REFRESH_REQUIRED,Mapping verification,UNDECIDED_OFFLINE,CSH.UN,true,revalidated history/liquidity evidence,v0.37 is offline; prior price-derived evidence is not current
WS:XTSE:CSU,CA_TSX,XTSE,CSU,NOT_VERIFIED,MAPPING_PRESENT_NOT_REVALIDATED,HISTORY_NOT_CHECKED,LIQUIDITY_NOT_CHECKED,NOT_VERIFIED,true,P1,PRICE_HISTORY_AND_LIQUIDITY_REFRESH_REQUIRED,Mapping verification,UNDECIDED_OFFLINE,CSU,true,revalidated history/liquidity evidence,v0.37 is offline; prior price-derived evidence is not current
WS:XTSE:CTC.A,CA_TSX,XTSE,CTC.A,NOT_VERIFIED,MAPPING_PRESENT_NOT_REVALIDATED,HISTORY_NOT_CHECKED,LIQUIDITY_NOT_CHECKED,NOT_VERIFIED,true,P1,PRICE_HISTORY_AND_LIQUIDITY_REFRESH_REQUIRED,Mapping verification,UNDECIDED_OFFLINE,CTC.A,true,revalidated history/liquidity evidence,v0.37 is offline; prior price-derived evidence is not current
WS:XTSE:CU,CA_TSX,XTSE,CU,NOT_VERIFIED,MAPPING_PRESENT_NOT_REVALIDATED,HISTORY_NOT_CHECKED,LIQUIDITY_NOT_CHECKED,NOT_VERIFIED,true,P1,PRICE_HISTORY_AND_LIQUIDITY_REFRESH_REQUIRED,Mapping verification,UNDECIDED_OFFLINE,CU,true,revalidated history/liquidity evidence,v0.37 is offline; prior price-derived evidence is not current
WS:XTSE:CURA,CA_TSX,XTSE,CURA,NOT_VERIFIED,MAPPING_PRESENT_NOT_REVALIDATED,HISTORY_NOT_CHECKED,LIQUIDITY_NOT_CHECKED,NOT_VERIFIED,true,P1,PRICE_HISTORY_AND_LIQUIDITY_REFRESH_REQUIRED,Mapping verification,UNDECIDED_OFFLINE,CURA,true,revalidated history/liquidity evidence,v0.37 is offline; prior price-derived evidence is not current
WS:XTSE:CVE,CA_TSX,XTSE,CVE,NOT_VERIFIED,MAPPING_PRESENT_NOT_REVALIDATED,HISTORY_NOT_CHECKED,LIQUIDITY_NOT_CHECKED,NOT_VERIFIED,true,P1,PRICE_HISTORY_AND_LIQUIDITY_REFRESH_REQUIRED,Mapping verification,UNDECIDED_OFFLINE,CVE,true,revalidated history/liquidity evidence,v0.37 is offline; prior price-derived evidence is not current
WS:XTSE:DFY,CA_TSX,XTSE,DFY,NOT_VERIFIED,MAPPING_PRESENT_NOT_REVALIDATED,HISTORY_NOT_CHECKED,LIQUIDITY_NOT_CHECKED,NOT_VERIFIED,true,P1,PRICE_HISTORY_AND_LIQUIDITY_REFRESH_REQUIRED,Mapping verification,UNDECIDED_OFFLINE,DFY,true,revalidated history/liquidity evidence,v0.37 is offline; prior price-derived evidence is not current
WS:XTSE:DIR.UN,CA_TSX,XTSE,DIR.UN,NOT_VERIFIED,MAPPING_PRESENT_NOT_REVALIDATED,HISTORY_NOT_CHECKED,LIQUIDITY_NOT_CHECKED,NOT_VERIFIED,true,P1,PRICE_HISTORY_AND_LIQUIDITY_REFRESH_REQUIRED,Mapping verification,UNDECIDED_OFFLINE,DIR.UN,true,revalidated history/liquidity evidence,v0.37 is offline; prior price-derived evidence is not current
WS:XTSE:DML,CA_TSX,XTSE,DML,NOT_VERIFIED,MAPPING_PRESENT_NOT_REVALIDATED,HISTORY_NOT_CHECKED,LIQUIDITY_NOT_CHECKED,NOT_VERIFIED,true,P1,PRICE_HISTORY_AND_LIQUIDITY_REFRESH_REQUIRED,Mapping verification,UNDECIDED_OFFLINE,DML,true,revalidated history/liquidity evidence,v0.37 is offline; prior price-derived evidence is not current
WS:XTSE:DOL,CA_TSX,XTSE,DOL,NOT_VERIFIED,MAPPING_PRESENT_NOT_REVALIDATED,HISTORY_NOT_CHECKED,LIQUIDITY_NOT_CHECKED,NOT_VERIFIED,true,P1,PRICE_HISTORY_AND_LIQUIDITY_REFRESH_REQUIRED,Mapping verification,UNDECIDED_OFFLINE,DOL,true,revalidated history/liquidity evidence,v0.37 is offline; prior price-derived evidence is not current
WS:XTSE:DOO,CA_TSX,XTSE,DOO,NOT_VERIFIED,MAPPING_PRESENT_NOT_REVALIDATED,HISTORY_NOT_CHECKED,LIQUIDITY_NOT_CHECKED,NOT_VERIFIED,true,P1,PRICE_HISTORY_AND_LIQUIDITY_REFRESH_REQUIRED,Mapping verification,UNDECIDED_OFFLINE,DOO,true,revalidated history/liquidity evidence,v0.37 is offline; prior price-derived evidence is not current
WS:XTSE:DPM,CA_TSX,XTSE,DPM,NOT_VERIFIED,MAPPING_PRESENT_NOT_REVALIDATED,HISTORY_NOT_CHECKED,LIQUIDITY_NOT_CHECKED,NOT_VERIFIED,true,P1,PRICE_HISTORY_AND_LIQUIDITY_REFRESH_REQUIRED,Mapping verification,UNDECIDED_OFFLINE,DPM,true,revalidated history/liquidity evidence,v0.37 is offline; prior price-derived evidence is not current
WS:XTSE:DSG,CA_TSX,XTSE,DSG,NOT_VERIFIED,MAPPING_PRESENT_NOT_REVALIDATED,HISTORY_NOT_CHECKED,LIQUIDITY_NOT_CHECKED,NOT_VERIFIED,true,P1,PRICE_HISTORY_AND_LIQUIDITY_REFRESH_REQUIRED,Mapping verification,UNDECIDED_OFFLINE,DSG,true,revalidated history/liquidity evidence,v0.37 is offline; prior price-derived evidence is not current
WS:XTSE:DSV,CA_TSX,XTSE,DSV,NOT_VERIFIED,MAPPING_PRESENT_NOT_REVALIDATED,HISTORY_NOT_CHECKED,LIQUIDITY_NOT_CHECKED,NOT_VERIFIED,true,P1,PRICE_HISTORY_AND_LIQUIDITY_REFRESH_REQUIRED,Mapping verification,UNDECIDED_OFFLINE,DSV,true,revalidated history/liquidity evidence,v0.37 is offline; prior price-derived evidence is not current
WS:XTSE:EDR,CA_TSX,XTSE,EDR,NOT_VERIFIED,MAPPING_PRESENT_NOT_REVALIDATED,HISTORY_NOT_CHECKED,LIQUIDITY_NOT_CHECKED,NOT_VERIFIED,true,P1,PRICE_HISTORY_AND_LIQUIDITY_REFRESH_REQUIRED,Mapping verification,UNDECIDED_OFFLINE,EDR,true,revalidated history/liquidity evidence,v0.37 is offline; prior price-derived evidence is not current
WS:XTSE:EFN,CA_TSX,XTSE,EFN,NOT_VERIFIED,MAPPING_PRESENT_NOT_REVALIDATED,HISTORY_NOT_CHECKED,LIQUIDITY_NOT_CHECKED,NOT_VERIFIED,true,P1,PRICE_HISTORY_AND_LIQUIDITY_REFRESH_REQUIRED,Mapping verification,UNDECIDED_OFFLINE,EFN,true,revalidated history/liquidity evidence,v0.37 is offline; prior price-derived evidence is not current
WS:XTSE:EFR,CA_TSX,XTSE,EFR,NOT_VERIFIED,MAPPING_PRESENT_NOT_REVALIDATED,HISTORY_NOT_CHECKED,LIQUIDITY_NOT_CHECKED,NOT_VERIFIED,true,P1,PRICE_HISTORY_AND_LIQUIDITY_REFRESH_REQUIRED,Mapping verification,UNDECIDED_OFFLINE,EFR,true,revalidated history/liquidity evidence,v0.37 is offline; prior price-derived evidence is not current
WS:XTSE:EFX,CA_TSX,XTSE,EFX,NOT_VERIFIED,MAPPING_PRESENT_NOT_REVALIDATED,HISTORY_NOT_CHECKED,LIQUIDITY_NOT_CHECKED,NOT_VERIFIED,true,P1,PRICE_HISTORY_AND_LIQUIDITY_REFRESH_REQUIRED,Mapping verification,UNDECIDED_OFFLINE,EFX,true,revalidated history/liquidity evidence,v0.37 is offline; prior price-derived evidence is not current
WS:XTSE:EIF,CA_TSX,XTSE,EIF,NOT_VERIFIED,MAPPING_PRESENT_NOT_REVALIDATED,HISTORY_NOT_CHECKED,LIQUIDITY_NOT_CHECKED,NOT_VERIFIED,true,P1,PRICE_HISTORY_AND_LIQUIDITY_REFRESH_REQUIRED,Mapping verification,UNDECIDED_OFFLINE,EIF,true,revalidated history/liquidity evidence,v0.37 is offline; prior price-derived evidence is not current
WS:XTSE:ELD,CA_TSX,XTSE,ELD,NOT_VERIFIED,MAPPING_PRESENT_NOT_REVALIDATED,HISTORY_NOT_CHECKED,LIQUIDITY_NOT_CHECKED,NOT_VERIFIED,true,P1,PRICE_HISTORY_AND_LIQUIDITY_REFRESH_REQUIRED,Mapping verification,UNDECIDED_OFFLINE,ELD,true,revalidated history/liquidity evidence,v0.37 is offline; prior price-derived evidence is not current
WS:XTSE:EMA,CA_TSX,XTSE,EMA,NOT_VERIFIED,MAPPING_PRESENT_NOT_REVALIDATED,HISTORY_NOT_CHECKED,LIQUIDITY_NOT_CHECKED,NOT_VERIFIED,true,P1,PRICE_HISTORY_AND_LIQUIDITY_REFRESH_REQUIRED,Mapping verification,UNDECIDED_OFFLINE,EMA,true,revalidated history/liquidity evidence,v0.37 is offline; prior price-derived evidence is not current
WS:XTSE:EMP.A,CA_TSX,XTSE,EMP.A,NOT_VERIFIED,MAPPING_PRESENT_NOT_REVALIDATED,HISTORY_NOT_CHECKED,LIQUIDITY_NOT_CHECKED,NOT_VERIFIED,true,P1,PRICE_HISTORY_AND_LIQUIDITY_REFRESH_REQUIRED,Mapping verification,UNDECIDED_OFFLINE,EMP.A,true,revalidated history/liquidity evidence,v0.37 is offline; prior price-derived evidence is not current
WS:XTSE:ENB,CA_TSX,XTSE,ENB,NOT_VERIFIED,MAPPING_PRESENT_NOT_REVALIDATED,HISTORY_NOT_CHECKED,LIQUIDITY_NOT_CHECKED,NOT_VERIFIED,true,P1,PRICE_HISTORY_AND_LIQUIDITY_REFRESH_REQUIRED,Mapping verification,UNDECIDED_OFFLINE,ENB,true,revalidated history/liquidity evidence,v0.37 is offline; prior price-derived evidence is not current
WS:XTSE:EQB,CA_TSX,XTSE,EQB,NOT_VERIFIED,MAPPING_PRESENT_NOT_REVALIDATED,HISTORY_NOT_CHECKED,LIQUIDITY_NOT_CHECKED,NOT_VERIFIED,true,P1,PRICE_HISTORY_AND_LIQUIDITY_REFRESH_REQUIRED,Mapping verification,UNDECIDED_OFFLINE,EQB,true,revalidated history/liquidity evidence,v0.37 is offline; prior price-derived evidence is not current
WS:XTSE:EQX,CA_TSX,XTSE,EQX,NOT_VERIFIED,MAPPING_PRESENT_NOT_REVALIDATED,HISTORY_NOT_CHECKED,LIQUIDITY_NOT_CHECKED,NOT_VERIFIED,true,P1,PRICE_HISTORY_AND_LIQUIDITY_REFRESH_REQUIRED,Mapping verification,UNDECIDED_OFFLINE,EQX,true,revalidated history/liquidity evidence,v0.37 is offline; prior price-derived evidence is not current
WS:XTSE:ERO,CA_TSX,XTSE,ERO,NOT_VERIFIED,MAPPING_PRESENT_NOT_REVALIDATED,HISTORY_NOT_CHECKED,LIQUIDITY_NOT_CHECKED,NOT_VERIFIED,true,P1,PRICE_HISTORY_AND_LIQUIDITY_REFRESH_REQUIRED,Mapping verification,UNDECIDED_OFFLINE,ERO,true,revalidated history/liquidity evidence,v0.37 is offline; prior price-derived evidence is not current
WS:XTSE:EXE,CA_TSX,XTSE,EXE,NOT_VERIFIED,MAPPING_PRESENT_NOT_REVALIDATED,HISTORY_NOT_CHECKED,LIQUIDITY_NOT_CHECKED,NOT_VERIFIED,true,P1,PRICE_HISTORY_AND_LIQUIDITY_REFRESH_REQUIRED,Mapping verification,UNDECIDED_OFFLINE,EXE,true,revalidated history/liquidity evidence,v0.37 is offline; prior price-derived evidence is not current
WS:XTSE:FCR.UN,CA_TSX,XTSE,FCR.UN,NOT_VERIFIED,MAPPING_PRESENT_NOT_REVALIDATED,HISTORY_NOT_CHECKED,LIQUIDITY_NOT_CHECKED,NOT_VERIFIED,true,P1,PRICE_HISTORY_AND_LIQUIDITY_REFRESH_REQUIRED,Mapping verification,UNDECIDED_OFFLINE,FCR.UN,true,revalidated history/liquidity evidence,v0.37 is offline; prior price-derived evidence is not current
WS:XTSE:FFH,CA_TSX,XTSE,FFH,NOT_VERIFIED,MAPPING_PRESENT_NOT_REVALIDATED,HISTORY_NOT_CHECKED,LIQUIDITY_NOT_CHECKED,NOT_VERIFIED,true,P1,PRICE_HISTORY_AND_LIQUIDITY_REFRESH_REQUIRED,Mapping verification,UNDECIDED_OFFLINE,FFH,true,revalidated history/liquidity evidence,v0.37 is offline; prior price-derived evidence is not current
WS:XTSE:FM,CA_TSX,XTSE,FM,NOT_VERIFIED,MAPPING_PRESENT_NOT_REVALIDATED,HISTORY_NOT_CHECKED,LIQUIDITY_NOT_CHECKED,NOT_VERIFIED,true,P1,PRICE_HISTORY_AND_LIQUIDITY_REFRESH_REQUIRED,Mapping verification,UNDECIDED_OFFLINE,FM,true,revalidated history/liquidity evidence,v0.37 is offline; prior price-derived evidence is not current
WS:XTSE:FNV,CA_TSX,XTSE,FNV,NOT_VERIFIED,MAPPING_PRESENT_NOT_REVALIDATED,HISTORY_NOT_CHECKED,LIQUIDITY_NOT_CHECKED,NOT_VERIFIED,true,P1,PRICE_HISTORY_AND_LIQUIDITY_REFRESH_REQUIRED,Mapping verification,UNDECIDED_OFFLINE,FNV,true,revalidated history/liquidity evidence,v0.37 is offline; prior price-derived evidence is not current
WS:XTSE:FRU,CA_TSX,XTSE,FRU,NOT_VERIFIED,MAPPING_PRESENT_NOT_REVALIDATED,HISTORY_NOT_CHECKED,LIQUIDITY_NOT_CHECKED,NOT_VERIFIED,true,P1,PRICE_HISTORY_AND_LIQUIDITY_REFRESH_REQUIRED,Mapping verification,UNDECIDED_OFFLINE,FRU,true,revalidated history/liquidity evidence,v0.37 is offline; prior price-derived evidence is not current
WS:XTSE:FSV,CA_TSX,XTSE,FSV,NOT_VERIFIED,MAPPING_PRESENT_NOT_REVALIDATED,HISTORY_NOT_CHECKED,LIQUIDITY_NOT_CHECKED,NOT_VERIFIED,true,P1,PRICE_HISTORY_AND_LIQUIDITY_REFRESH_REQUIRED,Mapping verification,UNDECIDED_OFFLINE,FSV,true,revalidated history/liquidity evidence,v0.37 is offline; prior price-derived evidence is not current
WS:XTSE:FTS,CA_TSX,XTSE,FTS,NOT_VERIFIED,MAPPING_PRESENT_NOT_REVALIDATED,HISTORY_NOT_CHECKED,LIQUIDITY_NOT_CHECKED,NOT_VERIFIED,true,P1,PRICE_HISTORY_AND_LIQUIDITY_REFRESH_REQUIRED,Mapping verification,UNDECIDED_OFFLINE,FTS,true,revalidated history/liquidity evidence,v0.37 is offline; prior price-derived evidence is not current
WS:XTSE:FTT,CA_TSX,XTSE,FTT,NOT_VERIFIED,MAPPING_PRESENT_NOT_REVALIDATED,HISTORY_NOT_CHECKED,LIQUIDITY_NOT_CHECKED,NOT_VERIFIED,true,P1,PRICE_HISTORY_AND_LIQUIDITY_REFRESH_REQUIRED,Mapping verification,UNDECIDED_OFFLINE,FTT,true,revalidated history/liquidity evidence,v0.37 is offline; prior price-derived evidence is not current
WS:XTSE:FVI,CA_TSX,XTSE,FVI,NOT_VERIFIED,MAPPING_PRESENT_NOT_REVALIDATED,HISTORY_NOT_CHECKED,LIQUIDITY_NOT_CHECKED,NOT_VERIFIED,true,P1,PRICE_HISTORY_AND_LIQUIDITY_REFRESH_REQUIRED,Mapping verification,UNDECIDED_OFFLINE,FVI,true,revalidated history/liquidity evidence,v0.37 is offline; prior price-derived evidence is not current
WS:XTSE:GEI,CA_TSX,XTSE,GEI,NOT_VERIFIED,MAPPING_PRESENT_NOT_REVALIDATED,HISTORY_NOT_CHECKED,LIQUIDITY_NOT_CHECKED,NOT_VERIFIED,true,P1,PRICE_HISTORY_AND_LIQUIDITY_REFRESH_REQUIRED,Mapping verification,UNDECIDED_OFFLINE,GEI,true,revalidated history/liquidity evidence,v0.37 is offline; prior price-derived evidence is not current
WS:XTSE:GFL,CA_TSX,XTSE,GFL,NOT_VERIFIED,MAPPING_PRESENT_NOT_REVALIDATED,HISTORY_NOT_CHECKED,LIQUIDITY_NOT_CHECKED,NOT_VERIFIED,true,P1,PRICE_HISTORY_AND_LIQUIDITY_REFRESH_REQUIRED,Mapping verification,UNDECIDED_OFFLINE,GFL,true,revalidated history/liquidity evidence,v0.37 is offline; prior price-derived evidence is not current
WS:XTSE:GIB.A,CA_TSX,XTSE,GIB.A,NOT_VERIFIED,MAPPING_PRESENT_NOT_REVALIDATED,HISTORY_NOT_CHECKED,LIQUIDITY_NOT_CHECKED,NOT_VERIFIED,true,P1,PRICE_HISTORY_AND_LIQUIDITY_REFRESH_REQUIRED,Mapping verification,UNDECIDED_OFFLINE,GIB.A,true,revalidated history/liquidity evidence,v0.37 is offline; prior price-derived evidence is not current
WS:XTSE:GIL,CA_TSX,XTSE,GIL,NOT_VERIFIED,MAPPING_PRESENT_NOT_REVALIDATED,HISTORY_NOT_CHECKED,LIQUIDITY_NOT_CHECKED,NOT_VERIFIED,true,P1,PRICE_HISTORY_AND_LIQUIDITY_REFRESH_REQUIRED,Mapping verification,UNDECIDED_OFFLINE,GIL,true,revalidated history/liquidity evidence,v0.37 is offline; prior price-derived evidence is not current
WS:XTSE:GMIN,CA_TSX,XTSE,GMIN,NOT_VERIFIED,MAPPING_PRESENT_NOT_REVALIDATED,HISTORY_NOT_CHECKED,LIQUIDITY_NOT_CHECKED,NOT_VERIFIED,true,P1,PRICE_HISTORY_AND_LIQUIDITY_REFRESH_REQUIRED,Mapping verification,UNDECIDED_OFFLINE,GMIN,true,revalidated history/liquidity evidence,v0.37 is offline; prior price-derived evidence is not current
WS:XTSE:GRT.UN,CA_TSX,XTSE,GRT.UN,NOT_VERIFIED,MAPPING_PRESENT_NOT_REVALIDATED,HISTORY_NOT_CHECKED,LIQUIDITY_NOT_CHECKED,NOT_VERIFIED,true,P1,PRICE_HISTORY_AND_LIQUIDITY_REFRESH_REQUIRED,Mapping verification,UNDECIDED_OFFLINE,GRT.UN,true,revalidated history/liquidity evidence,v0.37 is offline; prior price-derived evidence is not current
WS:XTSE:GWO,CA_TSX,XTSE,GWO,NOT_VERIFIED,MAPPING_PRESENT_NOT_REVALIDATED,HISTORY_NOT_CHECKED,LIQUIDITY_NOT_CHECKED,NOT_VERIFIED,true,P1,PRICE_HISTORY_AND_LIQUIDITY_REFRESH_REQUIRED,Mapping verification,UNDECIDED_OFFLINE,GWO,true,revalidated history/liquidity evidence,v0.37 is offline; prior price-derived evidence is not current
WS:XTSE:H,CA_TSX,XTSE,H,NOT_VERIFIED,MAPPING_PRESENT_NOT_REVALIDATED,HISTORY_NOT_CHECKED,LIQUIDITY_NOT_CHECKED,NOT_VERIFIED,true,P1,PRICE_HISTORY_AND_LIQUIDITY_REFRESH_REQUIRED,Mapping verification,UNDECIDED_OFFLINE,H,true,revalidated history/liquidity evidence,v0.37 is offline; prior price-derived evidence is not current
WS:XTSE:HBM,CA_TSX,XTSE,HBM,NOT_VERIFIED,MAPPING_PRESENT_NOT_REVALIDATED,HISTORY_NOT_CHECKED,LIQUIDITY_NOT_CHECKED,NOT_VERIFIED,true,P1,PRICE_HISTORY_AND_LIQUIDITY_REFRESH_REQUIRED,Mapping verification,UNDECIDED_OFFLINE,HBM,true,revalidated history/liquidity evidence,v0.37 is offline; prior price-derived evidence is not current
WS:XTSE:HPS.A,CA_TSX,XTSE,HPS.A,NOT_VERIFIED,MAPPING_PRESENT_NOT_REVALIDATED,HISTORY_NOT_CHECKED,LIQUIDITY_NOT_CHECKED,NOT_VERIFIED,true,P1,PRICE_HISTORY_AND_LIQUIDITY_REFRESH_REQUIRED,Mapping verification,UNDECIDED_OFFLINE,HPS.A,true,revalidated history/liquidity evidence,v0.37 is offline; prior price-derived evidence is not current
WS:XTSE:HR.UN,CA_TSX,XTSE,HR.UN,NOT_VERIFIED,MAPPING_PRESENT_NOT_REVALIDATED,HISTORY_NOT_CHECKED,LIQUIDITY_NOT_CHECKED,NOT_VERIFIED,true,P1,PRICE_HISTORY_AND_LIQUIDITY_REFRESH_REQUIRED,Mapping verification,UNDECIDED_OFFLINE,HR.UN,true,revalidated history/liquidity evidence,v0.37 is offline; prior price-derived evidence is not current
WS:XTSE:HWX,CA_TSX,XTSE,HWX,NOT_VERIFIED,MAPPING_PRESENT_NOT_REVALIDATED,HISTORY_NOT_CHECKED,LIQUIDITY_NOT_CHECKED,NOT_VERIFIED,true,P1,PRICE_HISTORY_AND_LIQUIDITY_REFRESH_REQUIRED,Mapping verification,UNDECIDED_OFFLINE,HWX,true,revalidated history/liquidity evidence,v0.37 is offline; prior price-derived evidence is not current
WS:XTSE:IAG,CA_TSX,XTSE,IAG,NOT_VERIFIED,MAPPING_PRESENT_NOT_REVALIDATED,HISTORY_NOT_CHECKED,LIQUIDITY_NOT_CHECKED,NOT_VERIFIED,true,P1,PRICE_HISTORY_AND_LIQUIDITY_REFRESH_REQUIRED,Mapping verification,UNDECIDED_OFFLINE,IAG,true,revalidated history/liquidity evidence,v0.37 is offline; prior price-derived evidence is not current
WS:XTSE:IAU,CA_TSX,XTSE,IAU,NOT_VERIFIED,MAPPING_PRESENT_NOT_REVALIDATED,HISTORY_NOT_CHECKED,LIQUIDITY_NOT_CHECKED,NOT_VERIFIED,true,P1,PRICE_HISTORY_AND_LIQUIDITY_REFRESH_REQUIRED,Mapping verification,UNDECIDED_OFFLINE,IAU,true,revalidated history/liquidity evidence,v0.37 is offline; prior price-derived evidence is not current
WS:XTSE:IFC,CA_TSX,XTSE,IFC,NOT_VERIFIED,MAPPING_PRESENT_NOT_REVALIDATED,HISTORY_NOT_CHECKED,LIQUIDITY_NOT_CHECKED,NOT_VERIFIED,true,P1,PRICE_HISTORY_AND_LIQUIDITY_REFRESH_REQUIRED,Mapping verification,UNDECIDED_OFFLINE,IFC,true,revalidated history/liquidity evidence,v0.37 is offline; prior price-derived evidence is not current
WS:XTSE:IGM,CA_TSX,XTSE,IGM,NOT_VERIFIED,MAPPING_PRESENT_NOT_REVALIDATED,HISTORY_NOT_CHECKED,LIQUIDITY_NOT_CHECKED,NOT_VERIFIED,true,P1,PRICE_HISTORY_AND_LIQUIDITY_REFRESH_REQUIRED,Mapping verification,UNDECIDED_OFFLINE,IGM,true,revalidated history/liquidity evidence,v0.37 is offline; prior price-derived evidence is not current
WS:XTSE:IMG,CA_TSX,XTSE,IMG,NOT_VERIFIED,MAPPING_PRESENT_NOT_REVALIDATED,HISTORY_NOT_CHECKED,LIQUIDITY_NOT_CHECKED,NOT_VERIFIED,true,P1,PRICE_HISTORY_AND_LIQUIDITY_REFRESH_REQUIRED,Mapping verification,UNDECIDED_OFFLINE,IMG,true,revalidated history/liquidity evidence,v0.37 is offline; prior price-derived evidence is not current
WS:XTSE:IMO,CA_TSX,XTSE,IMO,NOT_VERIFIED,MAPPING_PRESENT_NOT_REVALIDATED,HISTORY_NOT_CHECKED,LIQUIDITY_NOT_CHECKED,NOT_VERIFIED,true,P1,PRICE_HISTORY_AND_LIQUIDITY_REFRESH_REQUIRED,Mapping verification,UNDECIDED_OFFLINE,IMO,true,revalidated history/liquidity evidence,v0.37 is offline; prior price-derived evidence is not current
WS:XTSE:IPCO,CA_TSX,XTSE,IPCO,NOT_VERIFIED,MAPPING_PRESENT_NOT_REVALIDATED,HISTORY_NOT_CHECKED,LIQUIDITY_NOT_CHECKED,NOT_VERIFIED,true,P1,PRICE_HISTORY_AND_LIQUIDITY_REFRESH_REQUIRED,Mapping verification,UNDECIDED_OFFLINE,IPCO,true,revalidated history/liquidity evidence,v0.37 is offline; prior price-derived evidence is not current
WS:XTSE:IVN,CA_TSX,XTSE,IVN,NOT_VERIFIED,MAPPING_PRESENT_NOT_REVALIDATED,HISTORY_NOT_CHECKED,LIQUIDITY_NOT_CHECKED,NOT_VERIFIED,true,P1,PRICE_HISTORY_AND_LIQUIDITY_REFRESH_REQUIRED,Mapping verification,UNDECIDED_OFFLINE,IVN,true,revalidated history/liquidity evidence,v0.37 is offline; prior price-derived evidence is not current
WS:XTSE:JWEL,CA_TSX,XTSE,JWEL,NOT_VERIFIED,MAPPING_PRESENT_NOT_REVALIDATED,HISTORY_NOT_CHECKED,LIQUIDITY_NOT_CHECKED,NOT_VERIFIED,true,P1,PRICE_HISTORY_AND_LIQUIDITY_REFRESH_REQUIRED,Mapping verification,UNDECIDED_OFFLINE,JWEL,true,revalidated history/liquidity evidence,v0.37 is offline; prior price-derived evidence is not current
WS:XTSE:K,CA_TSX,XTSE,K,NOT_VERIFIED,MAPPING_PRESENT_NOT_REVALIDATED,HISTORY_NOT_CHECKED,LIQUIDITY_NOT_CHECKED,NOT_VERIFIED,true,P1,PRICE_HISTORY_AND_LIQUIDITY_REFRESH_REQUIRED,Mapping verification,UNDECIDED_OFFLINE,K,true,revalidated history/liquidity evidence,v0.37 is offline; prior price-derived evidence is not current
WS:XTSE:KEL,CA_TSX,XTSE,KEL,NOT_VERIFIED,MAPPING_PRESENT_NOT_REVALIDATED,HISTORY_NOT_CHECKED,LIQUIDITY_NOT_CHECKED,NOT_VERIFIED,true,P1,PRICE_HISTORY_AND_LIQUIDITY_REFRESH_REQUIRED,Mapping verification,UNDECIDED_OFFLINE,KEL,true,revalidated history/liquidity evidence,v0.37 is offline; prior price-derived evidence is not current
WS:XTSE:KEY,CA_TSX,XTSE,KEY,NOT_VERIFIED,MAPPING_PRESENT_NOT_REVALIDATED,HISTORY_NOT_CHECKED,LIQUIDITY_NOT_CHECKED,NOT_VERIFIED,true,P1,PRICE_HISTORY_AND_LIQUIDITY_REFRESH_REQUIRED,Mapping verification,UNDECIDED_OFFLINE,KEY,true,revalidated history/liquidity evidence,v0.37 is offline; prior price-derived evidence is not current
WS:XTSE:KMP.UN,CA_TSX,XTSE,KMP.UN,NOT_VERIFIED,MAPPING_PRESENT_NOT_REVALIDATED,HISTORY_NOT_CHECKED,LIQUIDITY_NOT_CHECKED,NOT_VERIFIED,true,P1,PRICE_HISTORY_AND_LIQUIDITY_REFRESH_REQUIRED,Mapping verification,UNDECIDED_OFFLINE,KMP.UN,true,revalidated history/liquidity evidence,v0.37 is offline; prior price-derived evidence is not current
WS:XTSE:KNT,CA_TSX,XTSE,KNT,NOT_VERIFIED,MAPPING_PRESENT_NOT_REVALIDATED,HISTORY_NOT_CHECKED,LIQUIDITY_NOT_CHECKED,NOT_VERIFIED,true,P1,PRICE_HISTORY_AND_LIQUIDITY_REFRESH_REQUIRED,Mapping verification,UNDECIDED_OFFLINE,KNT,true,revalidated history/liquidity evidence,v0.37 is offline; prior price-derived evidence is not current
WS:XTSE:KXS,CA_TSX,XTSE,KXS,NOT_VERIFIED,MAPPING_PRESENT_NOT_REVALIDATED,HISTORY_NOT_CHECKED,LIQUIDITY_NOT_CHECKED,NOT_VERIFIED,true,P1,PRICE_HISTORY_AND_LIQUIDITY_REFRESH_REQUIRED,Mapping verification,UNDECIDED_OFFLINE,KXS,true,revalidated history/liquidity evidence,v0.37 is offline; prior price-derived evidence is not current
WS:XTSE:L,CA_TSX,XTSE,L,NOT_VERIFIED,MAPPING_PRESENT_NOT_REVALIDATED,HISTORY_NOT_CHECKED,LIQUIDITY_NOT_CHECKED,NOT_VERIFIED,true,P1,PRICE_HISTORY_AND_LIQUIDITY_REFRESH_REQUIRED,Mapping verification,UNDECIDED_OFFLINE,L,true,revalidated history/liquidity evidence,v0.37 is offline; prior price-derived evidence is not current
WS:XTSE:LAC,CA_TSX,XTSE,LAC,NOT_VERIFIED,MAPPING_PRESENT_NOT_REVALIDATED,HISTORY_NOT_CHECKED,LIQUIDITY_NOT_CHECKED,NOT_VERIFIED,true,P1,PRICE_HISTORY_AND_LIQUIDITY_REFRESH_REQUIRED,Mapping verification,UNDECIDED_OFFLINE,LAC,true,revalidated history/liquidity evidence,v0.37 is offline; prior price-derived evidence is not current
WS:XTSE:LB,CA_TSX,XTSE,LB,NOT_VERIFIED,MAPPING_PRESENT_NOT_REVALIDATED,HISTORY_NOT_CHECKED,LIQUIDITY_NOT_CHECKED,NOT_VERIFIED,true,P1,PRICE_HISTORY_AND_LIQUIDITY_REFRESH_REQUIRED,Mapping verification,UNDECIDED_OFFLINE,LB,true,revalidated history/liquidity evidence,v0.37 is offline; prior price-derived evidence is not current
WS:XTSE:LIF,CA_TSX,XTSE,LIF,NOT_VERIFIED,MAPPING_PRESENT_NOT_REVALIDATED,HISTORY_NOT_CHECKED,LIQUIDITY_NOT_CHECKED,NOT_VERIFIED,true,P1,PRICE_HISTORY_AND_LIQUIDITY_REFRESH_REQUIRED,Mapping verification,UNDECIDED_OFFLINE,LIF,true,revalidated history/liquidity evidence,v0.37 is offline; prior price-derived evidence is not current
WS:XTSE:LNR,CA_TSX,XTSE,LNR,NOT_VERIFIED,MAPPING_PRESENT_NOT_REVALIDATED,HISTORY_NOT_CHECKED,LIQUIDITY_NOT_CHECKED,NOT_VERIFIED,true,P1,PRICE_HISTORY_AND_LIQUIDITY_REFRESH_REQUIRED,Mapping verification,UNDECIDED_OFFLINE,LNR,true,revalidated history/liquidity evidence,v0.37 is offline; prior price-derived evidence is not current
WS:XTSE:LSPD,CA_TSX,XTSE,LSPD,NOT_VERIFIED,MAPPING_PRESENT_NOT_REVALIDATED,HISTORY_NOT_CHECKED,LIQUIDITY_NOT_CHECKED,NOT_VERIFIED,true,P1,PRICE_HISTORY_AND_LIQUIDITY_REFRESH_REQUIRED,Mapping verification,UNDECIDED_OFFLINE,LSPD,true,revalidated history/liquidity evidence,v0.37 is offline; prior price-derived evidence is not current
WS:XTSE:LUG,CA_TSX,XTSE,LUG,NOT_VERIFIED,MAPPING_PRESENT_NOT_REVALIDATED,HISTORY_NOT_CHECKED,LIQUIDITY_NOT_CHECKED,NOT_VERIFIED,true,P1,PRICE_HISTORY_AND_LIQUIDITY_REFRESH_REQUIRED,Mapping verification,UNDECIDED_OFFLINE,LUG,true,revalidated history/liquidity evidence,v0.37 is offline; prior price-derived evidence is not current
WS:XTSE:LUN,CA_TSX,XTSE,LUN,NOT_VERIFIED,MAPPING_PRESENT_NOT_REVALIDATED,HISTORY_NOT_CHECKED,LIQUIDITY_NOT_CHECKED,NOT_VERIFIED,true,P1,PRICE_HISTORY_AND_LIQUIDITY_REFRESH_REQUIRED,Mapping verification,UNDECIDED_OFFLINE,LUN,true,revalidated history/liquidity evidence,v0.37 is offline; prior price-derived evidence is not current
WS:XTSE:MAU,CA_TSX,XTSE,MAU,NOT_VERIFIED,MAPPING_PRESENT_NOT_REVALIDATED,HISTORY_NOT_CHECKED,LIQUIDITY_NOT_CHECKED,NOT_VERIFIED,true,P1,PRICE_HISTORY_AND_LIQUIDITY_REFRESH_REQUIRED,Mapping verification,UNDECIDED_OFFLINE,MAU,true,revalidated history/liquidity evidence,v0.37 is offline; prior price-derived evidence is not current
WS:XTSE:MDA,CA_TSX,XTSE,MDA,NOT_VERIFIED,MAPPING_PRESENT_NOT_REVALIDATED,HISTORY_NOT_CHECKED,LIQUIDITY_NOT_CHECKED,NOT_VERIFIED,true,P1,PRICE_HISTORY_AND_LIQUIDITY_REFRESH_REQUIRED,Mapping verification,UNDECIDED_OFFLINE,MDA,true,revalidated history/liquidity evidence,v0.37 is offline; prior price-derived evidence is not current
WS:XTSE:MFC,CA_TSX,XTSE,MFC,NOT_VERIFIED,MAPPING_PRESENT_NOT_REVALIDATED,HISTORY_NOT_CHECKED,LIQUIDITY_NOT_CHECKED,NOT_VERIFIED,true,P1,PRICE_HISTORY_AND_LIQUIDITY_REFRESH_REQUIRED,Mapping verification,UNDECIDED_OFFLINE,MFC,true,revalidated history/liquidity evidence,v0.37 is offline; prior price-derived evidence is not current
WS:XTSE:MFI,CA_TSX,XTSE,MFI,NOT_VERIFIED,MAPPING_PRESENT_NOT_REVALIDATED,HISTORY_NOT_CHECKED,LIQUIDITY_NOT_CHECKED,NOT_VERIFIED,true,P1,PRICE_HISTORY_AND_LIQUIDITY_REFRESH_REQUIRED,Mapping verification,UNDECIDED_OFFLINE,MFI,true,revalidated history/liquidity evidence,v0.37 is offline; prior price-derived evidence is not current
WS:XTSE:MG,CA_TSX,XTSE,MG,NOT_VERIFIED,MAPPING_PRESENT_NOT_REVALIDATED,HISTORY_NOT_CHECKED,LIQUIDITY_NOT_CHECKED,NOT_VERIFIED,true,P1,PRICE_HISTORY_AND_LIQUIDITY_REFRESH_REQUIRED,Mapping verification,UNDECIDED_OFFLINE,MG,true,revalidated history/liquidity evidence,v0.37 is offline; prior price-derived evidence is not current
WS:XTSE:MRU,CA_TSX,XTSE,MRU,NOT_VERIFIED,MAPPING_PRESENT_NOT_REVALIDATED,HISTORY_NOT_CHECKED,LIQUIDITY_NOT_CHECKED,NOT_VERIFIED,true,P1,PRICE_HISTORY_AND_LIQUIDITY_REFRESH_REQUIRED,Mapping verification,UNDECIDED_OFFLINE,MRU,true,revalidated history/liquidity evidence,v0.37 is offline; prior price-derived evidence is not current
WS:XTSE:MTL,CA_TSX,XTSE,MTL,NOT_VERIFIED,MAPPING_PRESENT_NOT_REVALIDATED,HISTORY_NOT_CHECKED,LIQUIDITY_NOT_CHECKED,NOT_VERIFIED,true,P1,PRICE_HISTORY_AND_LIQUIDITY_REFRESH_REQUIRED,Mapping verification,UNDECIDED_OFFLINE,MTL,true,revalidated history/liquidity evidence,v0.37 is offline; prior price-derived evidence is not current
WS:XTSE:MX,CA_TSX,XTSE,MX,NOT_VERIFIED,MAPPING_PRESENT_NOT_REVALIDATED,HISTORY_NOT_CHECKED,LIQUIDITY_NOT_CHECKED,NOT_VERIFIED,true,P1,PRICE_HISTORY_AND_LIQUIDITY_REFRESH_REQUIRED,Mapping verification,UNDECIDED_OFFLINE,MX,true,revalidated history/liquidity evidence,v0.37 is offline; prior price-derived evidence is not current
WS:XTSE:NA,CA_TSX,XTSE,NA,NOT_VERIFIED,MAPPING_PRESENT_NOT_REVALIDATED,HISTORY_NOT_CHECKED,LIQUIDITY_NOT_CHECKED,NOT_VERIFIED,true,P1,PRICE_HISTORY_AND_LIQUIDITY_REFRESH_REQUIRED,Mapping verification,UNDECIDED_OFFLINE,NA,true,revalidated history/liquidity evidence,v0.37 is offline; prior price-derived evidence is not current
WS:XTSE:NFI,CA_TSX,XTSE,NFI,NOT_VERIFIED,MAPPING_PRESENT_NOT_REVALIDATED,HISTORY_NOT_CHECKED,LIQUIDITY_NOT_CHECKED,NOT_VERIFIED,true,P1,PRICE_HISTORY_AND_LIQUIDITY_REFRESH_REQUIRED,Mapping verification,UNDECIDED_OFFLINE,NFI,true,revalidated history/liquidity evidence,v0.37 is offline; prior price-derived evidence is not current
WS:XTSE:NG,CA_TSX,XTSE,NG,NOT_VERIFIED,MAPPING_PRESENT_NOT_REVALIDATED,HISTORY_NOT_CHECKED,LIQUIDITY_NOT_CHECKED,NOT_VERIFIED,true,P1,PRICE_HISTORY_AND_LIQUIDITY_REFRESH_REQUIRED,Mapping verification,UNDECIDED_OFFLINE,NG,true,revalidated history/liquidity evidence,v0.37 is offline; prior price-derived evidence is not current
WS:XTSE:NGEX,CA_TSX,XTSE,NGEX,NOT_VERIFIED,MAPPING_PRESENT_NOT_REVALIDATED,HISTORY_NOT_CHECKED,LIQUIDITY_NOT_CHECKED,NOT_VERIFIED,true,P1,PRICE_HISTORY_AND_LIQUIDITY_REFRESH_REQUIRED,Mapping verification,UNDECIDED_OFFLINE,NGEX,true,revalidated history/liquidity evidence,v0.37 is offline; prior price-derived evidence is not current
WS:XTSE:NPI,CA_TSX,XTSE,NPI,NOT_VERIFIED,MAPPING_PRESENT_NOT_REVALIDATED,HISTORY_NOT_CHECKED,LIQUIDITY_NOT_CHECKED,NOT_VERIFIED,true,P1,PRICE_HISTORY_AND_LIQUIDITY_REFRESH_REQUIRED,Mapping verification,UNDECIDED_OFFLINE,NPI,true,revalidated history/liquidity evidence,v0.37 is offline; prior price-derived evidence is not current
WS:XTSE:NTR,CA_TSX,XTSE,NTR,NOT_VERIFIED,MAPPING_PRESENT_NOT_REVALIDATED,HISTORY_NOT_CHECKED,LIQUIDITY_NOT_CHECKED,NOT_VERIFIED,true,P1,PRICE_HISTORY_AND_LIQUIDITY_REFRESH_REQUIRED,Mapping verification,UNDECIDED_OFFLINE,NTR,true,revalidated history/liquidity evidence,v0.37 is offline; prior price-derived evidence is not current
WS:XTSE:NWC,CA_TSX,XTSE,NWC,NOT_VERIFIED,MAPPING_PRESENT_NOT_REVALIDATED,HISTORY_NOT_CHECKED,LIQUIDITY_NOT_CHECKED,NOT_VERIFIED,true,P1,PRICE_HISTORY_AND_LIQUIDITY_REFRESH_REQUIRED,Mapping verification,UNDECIDED_OFFLINE,NWC,true,revalidated history/liquidity evidence,v0.37 is offline; prior price-derived evidence is not current
WS:XTSE:NXE,CA_TSX,XTSE,NXE,NOT_VERIFIED,MAPPING_PRESENT_NOT_REVALIDATED,HISTORY_NOT_CHECKED,LIQUIDITY_NOT_CHECKED,NOT_VERIFIED,true,P1,PRICE_HISTORY_AND_LIQUIDITY_REFRESH_REQUIRED,Mapping verification,UNDECIDED_OFFLINE,NXE,true,revalidated history/liquidity evidence,v0.37 is offline; prior price-derived evidence is not current
WS:XTSE:OGC,CA_TSX,XTSE,OGC,NOT_VERIFIED,MAPPING_PRESENT_NOT_REVALIDATED,HISTORY_NOT_CHECKED,LIQUIDITY_NOT_CHECKED,NOT_VERIFIED,true,P1,PRICE_HISTORY_AND_LIQUIDITY_REFRESH_REQUIRED,Mapping verification,UNDECIDED_OFFLINE,OGC,true,revalidated history/liquidity evidence,v0.37 is offline; prior price-derived evidence is not current
WS:XTSE:ONEX,CA_TSX,XTSE,ONEX,NOT_VERIFIED,MAPPING_PRESENT_NOT_REVALIDATED,HISTORY_NOT_CHECKED,LIQUIDITY_NOT_CHECKED,NOT_VERIFIED,true,P1,PRICE_HISTORY_AND_LIQUIDITY_REFRESH_REQUIRED,Mapping verification,UNDECIDED_OFFLINE,ONEX,true,revalidated history/liquidity evidence,v0.37 is offline; prior price-derived evidence is not current
WS:XTSE:OR,CA_TSX,XTSE,OR,NOT_VERIFIED,MAPPING_PRESENT_NOT_REVALIDATED,HISTORY_NOT_CHECKED,LIQUIDITY_NOT_CHECKED,NOT_VERIFIED,true,P1,PRICE_HISTORY_AND_LIQUIDITY_REFRESH_REQUIRED,Mapping verification,UNDECIDED_OFFLINE,OR,true,revalidated history/liquidity evidence,v0.37 is offline; prior price-derived evidence is not current
WS:XTSE:OTEX,CA_TSX,XTSE,OTEX,NOT_VERIFIED,MAPPING_PRESENT_NOT_REVALIDATED,HISTORY_NOT_CHECKED,LIQUIDITY_NOT_CHECKED,NOT_VERIFIED,true,P1,PRICE_HISTORY_AND_LIQUIDITY_REFRESH_REQUIRED,Mapping verification,UNDECIDED_OFFLINE,OTEX,true,revalidated history/liquidity evidence,v0.37 is offline; prior price-derived evidence is not current
WS:XTSE:PAAS,CA_TSX,XTSE,PAAS,NOT_VERIFIED,MAPPING_PRESENT_NOT_REVALIDATED,HISTORY_NOT_CHECKED,LIQUIDITY_NOT_CHECKED,NOT_VERIFIED,true,P1,PRICE_HISTORY_AND_LIQUIDITY_REFRESH_REQUIRED,Mapping verification,UNDECIDED_OFFLINE,PAAS,true,revalidated history/liquidity evidence,v0.37 is offline; prior price-derived evidence is not current
WS:XTSE:PBH,CA_TSX,XTSE,PBH,NOT_VERIFIED,MAPPING_PRESENT_NOT_REVALIDATED,HISTORY_NOT_CHECKED,LIQUIDITY_NOT_CHECKED,NOT_VERIFIED,true,P1,PRICE_HISTORY_AND_LIQUIDITY_REFRESH_REQUIRED,Mapping verification,UNDECIDED_OFFLINE,PBH,true,revalidated history/liquidity evidence,v0.37 is offline; prior price-derived evidence is not current
WS:XTSE:PEY,CA_TSX,XTSE,PEY,NOT_VERIFIED,MAPPING_PRESENT_NOT_REVALIDATED,HISTORY_NOT_CHECKED,LIQUIDITY_NOT_CHECKED,NOT_VERIFIED,true,P1,PRICE_HISTORY_AND_LIQUIDITY_REFRESH_REQUIRED,Mapping verification,UNDECIDED_OFFLINE,PEY,true,revalidated history/liquidity evidence,v0.37 is offline; prior price-derived evidence is not current
WS:XTSE:PMZ.UN,CA_TSX,XTSE,PMZ.UN,NOT_VERIFIED,MAPPING_PRESENT_NOT_REVALIDATED,HISTORY_NOT_CHECKED,LIQUIDITY_NOT_CHECKED,NOT_VERIFIED,true,P1,PRICE_HISTORY_AND_LIQUIDITY_REFRESH_REQUIRED,Mapping verification,UNDECIDED_OFFLINE,PMZ.UN,true,revalidated history/liquidity evidence,v0.37 is offline; prior price-derived evidence is not current
WS:XTSE:POU,CA_TSX,XTSE,POU,NOT_VERIFIED,MAPPING_PRESENT_NOT_REVALIDATED,HISTORY_NOT_CHECKED,LIQUIDITY_NOT_CHECKED,NOT_VERIFIED,true,P1,PRICE_HISTORY_AND_LIQUIDITY_REFRESH_REQUIRED,Mapping verification,UNDECIDED_OFFLINE,POU,true,revalidated history/liquidity evidence,v0.37 is offline; prior price-derived evidence is not current
WS:XTSE:POW,CA_TSX,XTSE,POW,NOT_VERIFIED,MAPPING_PRESENT_NOT_REVALIDATED,HISTORY_NOT_CHECKED,LIQUIDITY_NOT_CHECKED,NOT_VERIFIED,true,P1,PRICE_HISTORY_AND_LIQUIDITY_REFRESH_REQUIRED,Mapping verification,UNDECIDED_OFFLINE,POW,true,revalidated history/liquidity evidence,v0.37 is offline; prior price-derived evidence is not current
WS:XTSE:PPL,CA_TSX,XTSE,PPL,NOT_VERIFIED,MAPPING_PRESENT_NOT_REVALIDATED,HISTORY_NOT_CHECKED,LIQUIDITY_NOT_CHECKED,NOT_VERIFIED,true,P1,PRICE_HISTORY_AND_LIQUIDITY_REFRESH_REQUIRED,Mapping verification,UNDECIDED_OFFLINE,PPL,true,revalidated history/liquidity evidence,v0.37 is offline; prior price-derived evidence is not current
WS:XTSE:PPTA,CA_TSX,XTSE,PPTA,NOT_VERIFIED,MAPPING_PRESENT_NOT_REVALIDATED,HISTORY_NOT_CHECKED,LIQUIDITY_NOT_CHECKED,NOT_VERIFIED,true,P1,PRICE_HISTORY_AND_LIQUIDITY_REFRESH_REQUIRED,Mapping verification,UNDECIDED_OFFLINE,PPTA,true,revalidated history/liquidity evidence,v0.37 is offline; prior price-derived evidence is not current
WS:XTSE:PSK,CA_TSX,XTSE,PSK,NOT_VERIFIED,MAPPING_PRESENT_NOT_REVALIDATED,HISTORY_NOT_CHECKED,LIQUIDITY_NOT_CHECKED,NOT_VERIFIED,true,P1,PRICE_HISTORY_AND_LIQUIDITY_REFRESH_REQUIRED,Mapping verification,UNDECIDED_OFFLINE,PSK,true,revalidated history/liquidity evidence,v0.37 is offline; prior price-derived evidence is not current
WS:XTSE:PXT,CA_TSX,XTSE,PXT,NOT_VERIFIED,MAPPING_PRESENT_NOT_REVALIDATED,HISTORY_NOT_CHECKED,LIQUIDITY_NOT_CHECKED,NOT_VERIFIED,true,P1,PRICE_HISTORY_AND_LIQUIDITY_REFRESH_REQUIRED,Mapping verification,UNDECIDED_OFFLINE,PXT,true,revalidated history/liquidity evidence,v0.37 is offline; prior price-derived evidence is not current
WS:XTSE:QBR.B,CA_TSX,XTSE,QBR.B,NOT_VERIFIED,MAPPING_PRESENT_NOT_REVALIDATED,HISTORY_NOT_CHECKED,LIQUIDITY_NOT_CHECKED,NOT_VERIFIED,true,P1,PRICE_HISTORY_AND_LIQUIDITY_REFRESH_REQUIRED,Mapping verification,UNDECIDED_OFFLINE,QBR.B,true,revalidated history/liquidity evidence,v0.37 is offline; prior price-derived evidence is not current
WS:XTSE:QSR,CA_TSX,XTSE,QSR,NOT_VERIFIED,MAPPING_PRESENT_NOT_REVALIDATED,HISTORY_NOT_CHECKED,LIQUIDITY_NOT_CHECKED,NOT_VERIFIED,true,P1,PRICE_HISTORY_AND_LIQUIDITY_REFRESH_REQUIRED,Mapping verification,UNDECIDED_OFFLINE,QSR,true,revalidated history/liquidity evidence,v0.37 is offline; prior price-derived evidence is not current
WS:XTSE:RBA,CA_TSX,XTSE,RBA,NOT_VERIFIED,MAPPING_PRESENT_NOT_REVALIDATED,HISTORY_NOT_CHECKED,LIQUIDITY_NOT_CHECKED,NOT_VERIFIED,true,P1,PRICE_HISTORY_AND_LIQUIDITY_REFRESH_REQUIRED,Mapping verification,UNDECIDED_OFFLINE,RBA,true,revalidated history/liquidity evidence,v0.37 is offline; prior price-derived evidence is not current
WS:XTSE:RCH,CA_TSX,XTSE,RCH,NOT_VERIFIED,MAPPING_PRESENT_NOT_REVALIDATED,HISTORY_NOT_CHECKED,LIQUIDITY_NOT_CHECKED,NOT_VERIFIED,true,P1,PRICE_HISTORY_AND_LIQUIDITY_REFRESH_REQUIRED,Mapping verification,UNDECIDED_OFFLINE,RCH,true,revalidated history/liquidity evidence,v0.37 is offline; prior price-derived evidence is not current
WS:XTSE:RCI.B,CA_TSX,XTSE,RCI.B,NOT_VERIFIED,MAPPING_PRESENT_NOT_REVALIDATED,HISTORY_NOT_CHECKED,LIQUIDITY_NOT_CHECKED,NOT_VERIFIED,true,P1,PRICE_HISTORY_AND_LIQUIDITY_REFRESH_REQUIRED,Mapping verification,UNDECIDED_OFFLINE,RCI.B,true,revalidated history/liquidity evidence,v0.37 is offline; prior price-derived evidence is not current
WS:XTSE:REI.UN,CA_TSX,XTSE,REI.UN,NOT_VERIFIED,MAPPING_PRESENT_NOT_REVALIDATED,HISTORY_NOT_CHECKED,LIQUIDITY_NOT_CHECKED,NOT_VERIFIED,true,P1,PRICE_HISTORY_AND_LIQUIDITY_REFRESH_REQUIRED,Mapping verification,UNDECIDED_OFFLINE,REI.UN,true,revalidated history/liquidity evidence,v0.37 is offline; prior price-derived evidence is not current
WS:XTSE:RUS,CA_TSX,XTSE,RUS,NOT_VERIFIED,MAPPING_PRESENT_NOT_REVALIDATED,HISTORY_NOT_CHECKED,LIQUIDITY_NOT_CHECKED,NOT_VERIFIED,true,P1,PRICE_HISTORY_AND_LIQUIDITY_REFRESH_REQUIRED,Mapping verification,UNDECIDED_OFFLINE,RUS,true,revalidated history/liquidity evidence,v0.37 is offline; prior price-derived evidence is not current
WS:XTSE:RY,CA_TSX,XTSE,RY,NOT_VERIFIED,MAPPING_PRESENT_NOT_REVALIDATED,HISTORY_NOT_CHECKED,LIQUIDITY_NOT_CHECKED,NOT_VERIFIED,true,P1,PRICE_HISTORY_AND_LIQUIDITY_REFRESH_REQUIRED,Mapping verification,UNDECIDED_OFFLINE,RY,true,revalidated history/liquidity evidence,v0.37 is offline; prior price-derived evidence is not current
WS:XTSE:SAP,CA_TSX,XTSE,SAP,NOT_VERIFIED,MAPPING_PRESENT_NOT_REVALIDATED,HISTORY_NOT_CHECKED,LIQUIDITY_NOT_CHECKED,NOT_VERIFIED,true,P1,PRICE_HISTORY_AND_LIQUIDITY_REFRESH_REQUIRED,Mapping verification,UNDECIDED_OFFLINE,SAP,true,revalidated history/liquidity evidence,v0.37 is offline; prior price-derived evidence is not current
WS:XTSE:SCR,CA_TSX,XTSE,SCR,NOT_VERIFIED,MAPPING_PRESENT_NOT_REVALIDATED,HISTORY_NOT_CHECKED,LIQUIDITY_NOT_CHECKED,NOT_VERIFIED,true,P1,PRICE_HISTORY_AND_LIQUIDITY_REFRESH_REQUIRED,Mapping verification,UNDECIDED_OFFLINE,SCR,true,revalidated history/liquidity evidence,v0.37 is offline; prior price-derived evidence is not current
WS:XTSE:SDE,CA_TSX,XTSE,SDE,NOT_VERIFIED,MAPPING_PRESENT_NOT_REVALIDATED,HISTORY_NOT_CHECKED,LIQUIDITY_NOT_CHECKED,NOT_VERIFIED,true,P1,PRICE_HISTORY_AND_LIQUIDITY_REFRESH_REQUIRED,Mapping verification,UNDECIDED_OFFLINE,SDE,true,revalidated history/liquidity evidence,v0.37 is offline; prior price-derived evidence is not current
WS:XTSE:SEA,CA_TSX,XTSE,SEA,NOT_VERIFIED,MAPPING_PRESENT_NOT_REVALIDATED,HISTORY_NOT_CHECKED,LIQUIDITY_NOT_CHECKED,NOT_VERIFIED,true,P1,PRICE_HISTORY_AND_LIQUIDITY_REFRESH_REQUIRED,Mapping verification,UNDECIDED_OFFLINE,SEA,true,revalidated history/liquidity evidence,v0.37 is offline; prior price-derived evidence is not current
WS:XTSE:SES,CA_TSX,XTSE,SES,NOT_VERIFIED,MAPPING_PRESENT_NOT_REVALIDATED,HISTORY_NOT_CHECKED,LIQUIDITY_NOT_CHECKED,NOT_VERIFIED,true,P1,PRICE_HISTORY_AND_LIQUIDITY_REFRESH_REQUIRED,Mapping verification,UNDECIDED_OFFLINE,SES,true,revalidated history/liquidity evidence,v0.37 is offline; prior price-derived evidence is not current
WS:XTSE:SHOP,CA_TSX,XTSE,SHOP,NOT_VERIFIED,MAPPING_PRESENT_NOT_REVALIDATED,HISTORY_NOT_CHECKED,LIQUIDITY_NOT_CHECKED,NOT_VERIFIED,true,P1,PRICE_HISTORY_AND_LIQUIDITY_REFRESH_REQUIRED,Mapping verification,UNDECIDED_OFFLINE,SHOP,true,revalidated history/liquidity evidence,v0.37 is offline; prior price-derived evidence is not current
WS:XTSE:SIA,CA_TSX,XTSE,SIA,NOT_VERIFIED,MAPPING_PRESENT_NOT_REVALIDATED,HISTORY_NOT_CHECKED,LIQUIDITY_NOT_CHECKED,NOT_VERIFIED,true,P1,PRICE_HISTORY_AND_LIQUIDITY_REFRESH_REQUIRED,Mapping verification,UNDECIDED_OFFLINE,SIA,true,revalidated history/liquidity evidence,v0.37 is offline; prior price-derived evidence is not current
WS:XTSE:SII,CA_TSX,XTSE,SII,NOT_VERIFIED,MAPPING_PRESENT_NOT_REVALIDATED,HISTORY_NOT_CHECKED,LIQUIDITY_NOT_CHECKED,NOT_VERIFIED,true,P1,PRICE_HISTORY_AND_LIQUIDITY_REFRESH_REQUIRED,Mapping verification,UNDECIDED_OFFLINE,SII,true,revalidated history/liquidity evidence,v0.37 is offline; prior price-derived evidence is not current
WS:XTSE:SJ,CA_TSX,XTSE,SJ,NOT_VERIFIED,MAPPING_PRESENT_NOT_REVALIDATED,HISTORY_NOT_CHECKED,LIQUIDITY_NOT_CHECKED,NOT_VERIFIED,true,P1,PRICE_HISTORY_AND_LIQUIDITY_REFRESH_REQUIRED,Mapping verification,UNDECIDED_OFFLINE,SJ,true,revalidated history/liquidity evidence,v0.37 is offline; prior price-derived evidence is not current
WS:XTSE:SKE,CA_TSX,XTSE,SKE,NOT_VERIFIED,MAPPING_PRESENT_NOT_REVALIDATED,HISTORY_NOT_CHECKED,LIQUIDITY_NOT_CHECKED,NOT_VERIFIED,true,P1,PRICE_HISTORY_AND_LIQUIDITY_REFRESH_REQUIRED,Mapping verification,UNDECIDED_OFFLINE,SKE,true,revalidated history/liquidity evidence,v0.37 is offline; prior price-derived evidence is not current
WS:XTSE:SLF,CA_TSX,XTSE,SLF,NOT_VERIFIED,MAPPING_PRESENT_NOT_REVALIDATED,HISTORY_NOT_CHECKED,LIQUIDITY_NOT_CHECKED,NOT_VERIFIED,true,P1,PRICE_HISTORY_AND_LIQUIDITY_REFRESH_REQUIRED,Mapping verification,UNDECIDED_OFFLINE,SLF,true,revalidated history/liquidity evidence,v0.37 is offline; prior price-derived evidence is not current
WS:XTSE:SOBO,CA_TSX,XTSE,SOBO,NOT_VERIFIED,MAPPING_PRESENT_NOT_REVALIDATED,HISTORY_NOT_CHECKED,LIQUIDITY_NOT_CHECKED,NOT_VERIFIED,true,P1,PRICE_HISTORY_AND_LIQUIDITY_REFRESH_REQUIRED,Mapping verification,UNDECIDED_OFFLINE,SOBO,true,revalidated history/liquidity evidence,v0.37 is offline; prior price-derived evidence is not current
WS:XTSE:SPB,CA_TSX,XTSE,SPB,NOT_VERIFIED,MAPPING_PRESENT_NOT_REVALIDATED,HISTORY_NOT_CHECKED,LIQUIDITY_NOT_CHECKED,NOT_VERIFIED,true,P1,PRICE_HISTORY_AND_LIQUIDITY_REFRESH_REQUIRED,Mapping verification,UNDECIDED_OFFLINE,SPB,true,revalidated history/liquidity evidence,v0.37 is offline; prior price-derived evidence is not current
WS:XTSE:SRU.UN,CA_TSX,XTSE,SRU.UN,NOT_VERIFIED,MAPPING_PRESENT_NOT_REVALIDATED,HISTORY_NOT_CHECKED,LIQUIDITY_NOT_CHECKED,NOT_VERIFIED,true,P1,PRICE_HISTORY_AND_LIQUIDITY_REFRESH_REQUIRED,Mapping verification,UNDECIDED_OFFLINE,SRU.UN,true,revalidated history/liquidity evidence,v0.37 is offline; prior price-derived evidence is not current
WS:XTSE:SSRM,CA_TSX,XTSE,SSRM,NOT_VERIFIED,MAPPING_PRESENT_NOT_REVALIDATED,HISTORY_NOT_CHECKED,LIQUIDITY_NOT_CHECKED,NOT_VERIFIED,true,P1,PRICE_HISTORY_AND_LIQUIDITY_REFRESH_REQUIRED,Mapping verification,UNDECIDED_OFFLINE,SSRM,true,revalidated history/liquidity evidence,v0.37 is offline; prior price-derived evidence is not current
WS:XTSE:STN,CA_TSX,XTSE,STN,NOT_VERIFIED,MAPPING_PRESENT_NOT_REVALIDATED,HISTORY_NOT_CHECKED,LIQUIDITY_NOT_CHECKED,NOT_VERIFIED,true,P1,PRICE_HISTORY_AND_LIQUIDITY_REFRESH_REQUIRED,Mapping verification,UNDECIDED_OFFLINE,STN,true,revalidated history/liquidity evidence,v0.37 is offline; prior price-derived evidence is not current
WS:XTSE:SU,CA_TSX,XTSE,SU,NOT_VERIFIED,MAPPING_PRESENT_NOT_REVALIDATED,HISTORY_NOT_CHECKED,LIQUIDITY_NOT_CHECKED,NOT_VERIFIED,true,P1,PRICE_HISTORY_AND_LIQUIDITY_REFRESH_REQUIRED,Mapping verification,UNDECIDED_OFFLINE,SU,true,revalidated history/liquidity evidence,v0.37 is offline; prior price-derived evidence is not current
WS:XTSE:SVM,CA_TSX,XTSE,SVM,NOT_VERIFIED,MAPPING_PRESENT_NOT_REVALIDATED,HISTORY_NOT_CHECKED,LIQUIDITY_NOT_CHECKED,NOT_VERIFIED,true,P1,PRICE_HISTORY_AND_LIQUIDITY_REFRESH_REQUIRED,Mapping verification,UNDECIDED_OFFLINE,SVM,true,revalidated history/liquidity evidence,v0.37 is offline; prior price-derived evidence is not current
WS:XTSE:SXGC,CA_TSX,XTSE,SXGC,NOT_VERIFIED,MAPPING_PRESENT_NOT_REVALIDATED,HISTORY_NOT_CHECKED,LIQUIDITY_NOT_CHECKED,NOT_VERIFIED,true,P1,PRICE_HISTORY_AND_LIQUIDITY_REFRESH_REQUIRED,Mapping verification,UNDECIDED_OFFLINE,SXGC,true,revalidated history/liquidity evidence,v0.37 is offline; prior price-derived evidence is not current
WS:XTSE:T,CA_TSX,XTSE,T,NOT_VERIFIED,MAPPING_PRESENT_NOT_REVALIDATED,HISTORY_NOT_CHECKED,LIQUIDITY_NOT_CHECKED,NOT_VERIFIED,true,P1,PRICE_HISTORY_AND_LIQUIDITY_REFRESH_REQUIRED,Mapping verification,UNDECIDED_OFFLINE,T,true,revalidated history/liquidity evidence,v0.37 is offline; prior price-derived evidence is not current
WS:XTSE:TA,CA_TSX,XTSE,TA,NOT_VERIFIED,MAPPING_PRESENT_NOT_REVALIDATED,HISTORY_NOT_CHECKED,LIQUIDITY_NOT_CHECKED,NOT_VERIFIED,true,P1,PRICE_HISTORY_AND_LIQUIDITY_REFRESH_REQUIRED,Mapping verification,UNDECIDED_OFFLINE,TA,true,revalidated history/liquidity evidence,v0.37 is offline; prior price-derived evidence is not current
WS:XTSE:TD,CA_TSX,XTSE,TD,NOT_VERIFIED,MAPPING_PRESENT_NOT_REVALIDATED,HISTORY_NOT_CHECKED,LIQUIDITY_NOT_CHECKED,NOT_VERIFIED,true,P1,PRICE_HISTORY_AND_LIQUIDITY_REFRESH_REQUIRED,Mapping verification,UNDECIDED_OFFLINE,TD,true,revalidated history/liquidity evidence,v0.37 is offline; prior price-derived evidence is not current
WS:XTSE:TECK.B,CA_TSX,XTSE,TECK.B,NOT_VERIFIED,MAPPING_PRESENT_NOT_REVALIDATED,HISTORY_NOT_CHECKED,LIQUIDITY_NOT_CHECKED,NOT_VERIFIED,true,P1,PRICE_HISTORY_AND_LIQUIDITY_REFRESH_REQUIRED,Mapping verification,UNDECIDED_OFFLINE,TECK.B,true,revalidated history/liquidity evidence,v0.37 is offline; prior price-derived evidence is not current
WS:XTSE:TFII,CA_TSX,XTSE,TFII,NOT_VERIFIED,MAPPING_PRESENT_NOT_REVALIDATED,HISTORY_NOT_CHECKED,LIQUIDITY_NOT_CHECKED,NOT_VERIFIED,true,P1,PRICE_HISTORY_AND_LIQUIDITY_REFRESH_REQUIRED,Mapping verification,UNDECIDED_OFFLINE,TFII,true,revalidated history/liquidity evidence,v0.37 is offline; prior price-derived evidence is not current
WS:XTSE:TFPM,CA_TSX,XTSE,TFPM,NOT_VERIFIED,MAPPING_PRESENT_NOT_REVALIDATED,HISTORY_NOT_CHECKED,LIQUIDITY_NOT_CHECKED,NOT_VERIFIED,true,P1,PRICE_HISTORY_AND_LIQUIDITY_REFRESH_REQUIRED,Mapping verification,UNDECIDED_OFFLINE,TFPM,true,revalidated history/liquidity evidence,v0.37 is offline; prior price-derived evidence is not current
WS:XTSE:TIH,CA_TSX,XTSE,TIH,NOT_VERIFIED,MAPPING_PRESENT_NOT_REVALIDATED,HISTORY_NOT_CHECKED,LIQUIDITY_NOT_CHECKED,NOT_VERIFIED,true,P1,PRICE_HISTORY_AND_LIQUIDITY_REFRESH_REQUIRED,Mapping verification,UNDECIDED_OFFLINE,TIH,true,revalidated history/liquidity evidence,v0.37 is offline; prior price-derived evidence is not current
WS:XTSE:TKO,CA_TSX,XTSE,TKO,NOT_VERIFIED,MAPPING_PRESENT_NOT_REVALIDATED,HISTORY_NOT_CHECKED,LIQUIDITY_NOT_CHECKED,NOT_VERIFIED,true,P1,PRICE_HISTORY_AND_LIQUIDITY_REFRESH_REQUIRED,Mapping verification,UNDECIDED_OFFLINE,TKO,true,revalidated history/liquidity evidence,v0.37 is offline; prior price-derived evidence is not current
WS:XTSE:TOU,CA_TSX,XTSE,TOU,NOT_VERIFIED,MAPPING_PRESENT_NOT_REVALIDATED,HISTORY_NOT_CHECKED,LIQUIDITY_NOT_CHECKED,NOT_VERIFIED,true,P1,PRICE_HISTORY_AND_LIQUIDITY_REFRESH_REQUIRED,Mapping verification,UNDECIDED_OFFLINE,TOU,true,revalidated history/liquidity evidence,v0.37 is offline; prior price-derived evidence is not current
WS:XTSE:TPZ,CA_TSX,XTSE,TPZ,NOT_VERIFIED,MAPPING_PRESENT_NOT_REVALIDATED,HISTORY_NOT_CHECKED,LIQUIDITY_NOT_CHECKED,NOT_VERIFIED,true,P1,PRICE_HISTORY_AND_LIQUIDITY_REFRESH_REQUIRED,Mapping verification,UNDECIDED_OFFLINE,TPZ,true,revalidated history/liquidity evidence,v0.37 is offline; prior price-derived evidence is not current
WS:XTSE:TRI,CA_TSX,XTSE,TRI,NOT_VERIFIED,MAPPING_PRESENT_NOT_REVALIDATED,HISTORY_NOT_CHECKED,LIQUIDITY_NOT_CHECKED,NOT_VERIFIED,true,P1,PRICE_HISTORY_AND_LIQUIDITY_REFRESH_REQUIRED,Mapping verification,UNDECIDED_OFFLINE,TRI,true,revalidated history/liquidity evidence,v0.37 is offline; prior price-derived evidence is not current
WS:XTSE:TRP,CA_TSX,XTSE,TRP,NOT_VERIFIED,MAPPING_PRESENT_NOT_REVALIDATED,HISTORY_NOT_CHECKED,LIQUIDITY_NOT_CHECKED,NOT_VERIFIED,true,P1,PRICE_HISTORY_AND_LIQUIDITY_REFRESH_REQUIRED,Mapping verification,UNDECIDED_OFFLINE,TRP,true,revalidated history/liquidity evidence,v0.37 is offline; prior price-derived evidence is not current
WS:XTSE:TSU,CA_TSX,XTSE,TSU,NOT_VERIFIED,MAPPING_PRESENT_NOT_REVALIDATED,HISTORY_NOT_CHECKED,LIQUIDITY_NOT_CHECKED,NOT_VERIFIED,true,P1,PRICE_HISTORY_AND_LIQUIDITY_REFRESH_REQUIRED,Mapping verification,UNDECIDED_OFFLINE,TSU,true,revalidated history/liquidity evidence,v0.37 is offline; prior price-derived evidence is not current
WS:XTSE:TVE,CA_TSX,XTSE,TVE,NOT_VERIFIED,MAPPING_PRESENT_NOT_REVALIDATED,HISTORY_NOT_CHECKED,LIQUIDITY_NOT_CHECKED,NOT_VERIFIED,true,P1,PRICE_HISTORY_AND_LIQUIDITY_REFRESH_REQUIRED,Mapping verification,UNDECIDED_OFFLINE,TVE,true,revalidated history/liquidity evidence,v0.37 is offline; prior price-derived evidence is not current
WS:XTSE:TVK,CA_TSX,XTSE,TVK,NOT_VERIFIED,MAPPING_PRESENT_NOT_REVALIDATED,HISTORY_NOT_CHECKED,LIQUIDITY_NOT_CHECKED,NOT_VERIFIED,true,P1,PRICE_HISTORY_AND_LIQUIDITY_REFRESH_REQUIRED,Mapping verification,UNDECIDED_OFFLINE,TVK,true,revalidated history/liquidity evidence,v0.37 is offline; prior price-derived evidence is not current
WS:XTSE:TXG,CA_TSX,XTSE,TXG,NOT_VERIFIED,MAPPING_PRESENT_NOT_REVALIDATED,HISTORY_NOT_CHECKED,LIQUIDITY_NOT_CHECKED,NOT_VERIFIED,true,P1,PRICE_HISTORY_AND_LIQUIDITY_REFRESH_REQUIRED,Mapping verification,UNDECIDED_OFFLINE,TXG,true,revalidated history/liquidity evidence,v0.37 is offline; prior price-derived evidence is not current
WS:XTSE:USA,CA_TSX,XTSE,USA,NOT_VERIFIED,MAPPING_PRESENT_NOT_REVALIDATED,HISTORY_NOT_CHECKED,LIQUIDITY_NOT_CHECKED,NOT_VERIFIED,true,P1,PRICE_HISTORY_AND_LIQUIDITY_REFRESH_REQUIRED,Mapping verification,UNDECIDED_OFFLINE,USA,true,revalidated history/liquidity evidence,v0.37 is offline; prior price-derived evidence is not current
WS:XTSE:VET,CA_TSX,XTSE,VET,NOT_VERIFIED,MAPPING_PRESENT_NOT_REVALIDATED,HISTORY_NOT_CHECKED,LIQUIDITY_NOT_CHECKED,NOT_VERIFIED,true,P1,PRICE_HISTORY_AND_LIQUIDITY_REFRESH_REQUIRED,Mapping verification,UNDECIDED_OFFLINE,VET,true,revalidated history/liquidity evidence,v0.37 is offline; prior price-derived evidence is not current
WS:XTSE:VNP,CA_TSX,XTSE,VNP,NOT_VERIFIED,MAPPING_PRESENT_NOT_REVALIDATED,HISTORY_NOT_CHECKED,LIQUIDITY_NOT_CHECKED,NOT_VERIFIED,true,P1,PRICE_HISTORY_AND_LIQUIDITY_REFRESH_REQUIRED,Mapping verification,UNDECIDED_OFFLINE,VNP,true,revalidated history/liquidity evidence,v0.37 is offline; prior price-derived evidence is not current
WS:XTSE:VZLA,CA_TSX,XTSE,VZLA,NOT_VERIFIED,MAPPING_PRESENT_NOT_REVALIDATED,HISTORY_NOT_CHECKED,LIQUIDITY_NOT_CHECKED,NOT_VERIFIED,true,P1,PRICE_HISTORY_AND_LIQUIDITY_REFRESH_REQUIRED,Mapping verification,UNDECIDED_OFFLINE,VZLA,true,revalidated history/liquidity evidence,v0.37 is offline; prior price-derived evidence is not current
WS:XTSE:WCN,CA_TSX,XTSE,WCN,NOT_VERIFIED,MAPPING_PRESENT_NOT_REVALIDATED,HISTORY_NOT_CHECKED,LIQUIDITY_NOT_CHECKED,NOT_VERIFIED,true,P1,PRICE_HISTORY_AND_LIQUIDITY_REFRESH_REQUIRED,Mapping verification,UNDECIDED_OFFLINE,WCN,true,revalidated history/liquidity evidence,v0.37 is offline; prior price-derived evidence is not current
WS:XTSE:WCP,CA_TSX,XTSE,WCP,NOT_VERIFIED,MAPPING_PRESENT_NOT_REVALIDATED,HISTORY_NOT_CHECKED,LIQUIDITY_NOT_CHECKED,NOT_VERIFIED,true,P1,PRICE_HISTORY_AND_LIQUIDITY_REFRESH_REQUIRED,Mapping verification,UNDECIDED_OFFLINE,WCP,true,revalidated history/liquidity evidence,v0.37 is offline; prior price-derived evidence is not current
WS:XTSE:WDO,CA_TSX,XTSE,WDO,NOT_VERIFIED,MAPPING_PRESENT_NOT_REVALIDATED,HISTORY_NOT_CHECKED,LIQUIDITY_NOT_CHECKED,NOT_VERIFIED,true,P1,PRICE_HISTORY_AND_LIQUIDITY_REFRESH_REQUIRED,Mapping verification,UNDECIDED_OFFLINE,WDO,true,revalidated history/liquidity evidence,v0.37 is offline; prior price-derived evidence is not current
WS:XTSE:WFG,CA_TSX,XTSE,WFG,NOT_VERIFIED,MAPPING_PRESENT_NOT_REVALIDATED,HISTORY_NOT_CHECKED,LIQUIDITY_NOT_CHECKED,NOT_VERIFIED,true,P1,PRICE_HISTORY_AND_LIQUIDITY_REFRESH_REQUIRED,Mapping verification,UNDECIDED_OFFLINE,WFG,true,revalidated history/liquidity evidence,v0.37 is offline; prior price-derived evidence is not current
WS:XTSE:WN,CA_TSX,XTSE,WN,NOT_VERIFIED,MAPPING_PRESENT_NOT_REVALIDATED,HISTORY_NOT_CHECKED,LIQUIDITY_NOT_CHECKED,NOT_VERIFIED,true,P1,PRICE_HISTORY_AND_LIQUIDITY_REFRESH_REQUIRED,Mapping verification,UNDECIDED_OFFLINE,WN,true,revalidated history/liquidity evidence,v0.37 is offline; prior price-derived evidence is not current
WS:XTSE:WPM,CA_TSX,XTSE,WPM,NOT_VERIFIED,MAPPING_PRESENT_NOT_REVALIDATED,HISTORY_NOT_CHECKED,LIQUIDITY_NOT_CHECKED,NOT_VERIFIED,true,P1,PRICE_HISTORY_AND_LIQUIDITY_REFRESH_REQUIRED,Mapping verification,UNDECIDED_OFFLINE,WPM,true,revalidated history/liquidity evidence,v0.37 is offline; prior price-derived evidence is not current
WS:XTSE:WSP,CA_TSX,XTSE,WSP,NOT_VERIFIED,MAPPING_PRESENT_NOT_REVALIDATED,HISTORY_NOT_CHECKED,LIQUIDITY_NOT_CHECKED,NOT_VERIFIED,true,P1,PRICE_HISTORY_AND_LIQUIDITY_REFRESH_REQUIRED,Mapping verification,UNDECIDED_OFFLINE,WSP,true,revalidated history/liquidity evidence,v0.37 is offline; prior price-derived evidence is not current
WS:XTSE:X,CA_TSX,XTSE,X,NOT_VERIFIED,MAPPING_PRESENT_NOT_REVALIDATED,HISTORY_NOT_CHECKED,LIQUIDITY_NOT_CHECKED,NOT_VERIFIED,true,P1,PRICE_HISTORY_AND_LIQUIDITY_REFRESH_REQUIRED,Mapping verification,UNDECIDED_OFFLINE,X,true,revalidated history/liquidity evidence,v0.37 is offline; prior price-derived evidence is not current
WS:XWAR:ACPP.WA,EU_STOXX600,XWAR,ACPP.WA,NOT_VERIFIED,MAPPING_PRESENT_NOT_REVALIDATED,HISTORY_NOT_CHECKED,LIQUIDITY_NOT_CHECKED,NOT_VERIFIED,true,P1,PRICE_HISTORY_AND_LIQUIDITY_REFRESH_REQUIRED,Mapping verification,UNDECIDED_OFFLINE,ACPP.WA,true,revalidated history/liquidity evidence,v0.37 is offline; prior price-derived evidence is not current
WS:XWAR:ALEP.WA,EU_STOXX600,XWAR,ALEP.WA,NOT_VERIFIED,MAPPING_PRESENT_NOT_REVALIDATED,HISTORY_NOT_CHECKED,LIQUIDITY_NOT_CHECKED,NOT_VERIFIED,true,P1,PRICE_HISTORY_AND_LIQUIDITY_REFRESH_REQUIRED,Mapping verification,UNDECIDED_OFFLINE,ALEP.WA,true,revalidated history/liquidity evidence,v0.37 is offline; prior price-derived evidence is not current
WS:XWAR:BFT.WA,EU_STOXX600,XWAR,BFT.WA,NOT_VERIFIED,MAPPING_PRESENT_NOT_REVALIDATED,HISTORY_NOT_CHECKED,LIQUIDITY_NOT_CHECKED,NOT_VERIFIED,true,P1,PRICE_HISTORY_AND_LIQUIDITY_REFRESH_REQUIRED,Mapping verification,UNDECIDED_OFFLINE,BFT.WA,true,revalidated history/liquidity evidence,v0.37 is offline; prior price-derived evidence is not current
WS:XWAR:CDR.WA,EU_STOXX600,XWAR,CDR.WA,NOT_VERIFIED,MAPPING_PRESENT_NOT_REVALIDATED,HISTORY_NOT_CHECKED,LIQUIDITY_NOT_CHECKED,NOT_VERIFIED,true,P1,PRICE_HISTORY_AND_LIQUIDITY_REFRESH_REQUIRED,Mapping verification,UNDECIDED_OFFLINE,CDR.WA,true,revalidated history/liquidity evidence,v0.37 is offline; prior price-derived evidence is not current
WS:XWAR:DNP.WA,EU_STOXX600,XWAR,DNP.WA,NOT_VERIFIED,MAPPING_PRESENT_NOT_REVALIDATED,HISTORY_NOT_CHECKED,LIQUIDITY_NOT_CHECKED,NOT_VERIFIED,true,P1,PRICE_HISTORY_AND_LIQUIDITY_REFRESH_REQUIRED,Mapping verification,UNDECIDED_OFFLINE,DNP.WA,true,revalidated history/liquidity evidence,v0.37 is offline; prior price-derived evidence is not current
WS:XWAR:EBP.WA,EU_STOXX600,XWAR,EBP.WA,NOT_VERIFIED,MAPPING_PRESENT_NOT_REVALIDATED,HISTORY_NOT_CHECKED,LIQUIDITY_NOT_CHECKED,NOT_VERIFIED,true,P1,PRICE_HISTORY_AND_LIQUIDITY_REFRESH_REQUIRED,Mapping verification,UNDECIDED_OFFLINE,EBP.WA,true,revalidated history/liquidity evidence,v0.37 is offline; prior price-derived evidence is not current
WS:XWAR:INGP.WA,EU_STOXX600,XWAR,INGP.WA,NOT_VERIFIED,MAPPING_PRESENT_NOT_REVALIDATED,HISTORY_NOT_CHECKED,LIQUIDITY_NOT_CHECKED,NOT_VERIFIED,true,P1,PRICE_HISTORY_AND_LIQUIDITY_REFRESH_REQUIRED,Mapping verification,UNDECIDED_OFFLINE,INGP.WA,true,revalidated history/liquidity evidence,v0.37 is offline; prior price-derived evidence is not current
WS:XWAR:KGH.WA,EU_STOXX600,XWAR,KGH.WA,NOT_VERIFIED,MAPPING_PRESENT_NOT_REVALIDATED,HISTORY_NOT_CHECKED,LIQUIDITY_NOT_CHECKED,NOT_VERIFIED,true,P1,PRICE_HISTORY_AND_LIQUIDITY_REFRESH_REQUIRED,Mapping verification,UNDECIDED_OFFLINE,KGH.WA,true,revalidated history/liquidity evidence,v0.37 is offline; prior price-derived evidence is not current
WS:XWAR:KTY.WA,EU_STOXX600,XWAR,KTY.WA,NOT_VERIFIED,MAPPING_PRESENT_NOT_REVALIDATED,HISTORY_NOT_CHECKED,LIQUIDITY_NOT_CHECKED,NOT_VERIFIED,true,P1,PRICE_HISTORY_AND_LIQUIDITY_REFRESH_REQUIRED,Mapping verification,UNDECIDED_OFFLINE,KTY.WA,true,revalidated history/liquidity evidence,v0.37 is offline; prior price-derived evidence is not current
WS:XWAR:LPPP.WA,EU_STOXX600,XWAR,LPPP.WA,NOT_VERIFIED,MAPPING_PRESENT_NOT_REVALIDATED,HISTORY_NOT_CHECKED,LIQUIDITY_NOT_CHECKED,NOT_VERIFIED,true,P1,PRICE_HISTORY_AND_LIQUIDITY_REFRESH_REQUIRED,Mapping verification,UNDECIDED_OFFLINE,LPPP.WA,true,revalidated history/liquidity evidence,v0.37 is offline; prior price-derived evidence is not current
WS:XWAR:MBK.WA,EU_STOXX600,XWAR,MBK.WA,NOT_VERIFIED,MAPPING_PRESENT_NOT_REVALIDATED,HISTORY_NOT_CHECKED,LIQUIDITY_NOT_CHECKED,NOT_VERIFIED,true,P1,PRICE_HISTORY_AND_LIQUIDITY_REFRESH_REQUIRED,Mapping verification,UNDECIDED_OFFLINE,MBK.WA,true,revalidated history/liquidity evidence,v0.37 is offline; prior price-derived evidence is not current
WS:XWAR:MILP.WA,EU_STOXX600,XWAR,MILP.WA,NOT_VERIFIED,MAPPING_PRESENT_NOT_REVALIDATED,HISTORY_NOT_CHECKED,LIQUIDITY_NOT_CHECKED,NOT_VERIFIED,true,P1,PRICE_HISTORY_AND_LIQUIDITY_REFRESH_REQUIRED,Mapping verification,UNDECIDED_OFFLINE,MILP.WA,true,revalidated history/liquidity evidence,v0.37 is offline; prior price-derived evidence is not current
WS:XWAR:PEO.WA,EU_STOXX600,XWAR,PEO.WA,NOT_VERIFIED,MAPPING_PRESENT_NOT_REVALIDATED,HISTORY_NOT_CHECKED,LIQUIDITY_NOT_CHECKED,NOT_VERIFIED,true,P1,PRICE_HISTORY_AND_LIQUIDITY_REFRESH_REQUIRED,Mapping verification,UNDECIDED_OFFLINE,PEO.WA,true,revalidated history/liquidity evidence,v0.37 is offline; prior price-derived evidence is not current
WS:XWAR:PKN.WA,EU_STOXX600,XWAR,PKN.WA,NOT_VERIFIED,MAPPING_PRESENT_NOT_REVALIDATED,HISTORY_NOT_CHECKED,LIQUIDITY_NOT_CHECKED,NOT_VERIFIED,true,P1,PRICE_HISTORY_AND_LIQUIDITY_REFRESH_REQUIRED,Mapping verification,UNDECIDED_OFFLINE,PKN.WA,true,revalidated history/liquidity evidence,v0.37 is offline; prior price-derived evidence is not current
WS:XWAR:PKO.WA,EU_STOXX600,XWAR,PKO.WA,NOT_VERIFIED,MAPPING_PRESENT_NOT_REVALIDATED,HISTORY_NOT_CHECKED,LIQUIDITY_NOT_CHECKED,NOT_VERIFIED,true,P1,PRICE_HISTORY_AND_LIQUIDITY_REFRESH_REQUIRED,Mapping verification,UNDECIDED_OFFLINE,PKO.WA,true,revalidated history/liquidity evidence,v0.37 is offline; prior price-derived evidence is not current
WS:XWAR:PZU.WA,EU_STOXX600,XWAR,PZU.WA,NOT_VERIFIED,MAPPING_PRESENT_NOT_REVALIDATED,HISTORY_NOT_CHECKED,LIQUIDITY_NOT_CHECKED,NOT_VERIFIED,true,P1,PRICE_HISTORY_AND_LIQUIDITY_REFRESH_REQUIRED,Mapping verification,UNDECIDED_OFFLINE,PZU.WA,true,revalidated history/liquidity evidence,v0.37 is offline; prior price-derived evidence is not current
WS:XWAR:TPE.WA,EU_STOXX600,XWAR,TPE.WA,NOT_VERIFIED,MAPPING_PRESENT_NOT_REVALIDATED,HISTORY_NOT_CHECKED,LIQUIDITY_NOT_CHECKED,NOT_VERIFIED,true,P1,PRICE_HISTORY_AND_LIQUIDITY_REFRESH_REQUIRED,Mapping verification,UNDECIDED_OFFLINE,TPE.WA,true,revalidated history/liquidity evidence,v0.37 is offline; prior price-derived evidence is not current
WS:XWAR:ZAB.WA,EU_STOXX600,XWAR,ZAB.WA,NOT_VERIFIED,MAPPING_PRESENT_NOT_REVALIDATED,HISTORY_NOT_CHECKED,LIQUIDITY_NOT_CHECKED,NOT_VERIFIED,true,P1,PRICE_HISTORY_AND_LIQUIDITY_REFRESH_REQUIRED,Mapping verification,UNDECIDED_OFFLINE,ZAB.WA,true,revalidated history/liquidity evidence,v0.37 is offline; prior price-derived evidence is not current
WS:XWBO:ANDR.VI,EU_STOXX600,XWBO,ANDR.VI,NOT_VERIFIED,MAPPING_PRESENT_NOT_REVALIDATED,HISTORY_NOT_CHECKED,LIQUIDITY_NOT_CHECKED,NOT_VERIFIED,true,P1,PRICE_HISTORY_AND_LIQUIDITY_REFRESH_REQUIRED,Mapping verification,UNDECIDED_OFFLINE,ANDR.VI,true,revalidated history/liquidity evidence,v0.37 is offline; prior price-derived evidence is not current
WS:XWBO:ATSV.VI,EU_STOXX600,XWBO,ATSV.VI,NOT_VERIFIED,MAPPING_PRESENT_NOT_REVALIDATED,HISTORY_NOT_CHECKED,LIQUIDITY_NOT_CHECKED,NOT_VERIFIED,true,P1,PRICE_HISTORY_AND_LIQUIDITY_REFRESH_REQUIRED,Mapping verification,UNDECIDED_OFFLINE,ATSV.VI,true,revalidated history/liquidity evidence,v0.37 is offline; prior price-derived evidence is not current
WS:XWBO:BAWG.VI,EU_STOXX600,XWBO,BAWG.VI,NOT_VERIFIED,MAPPING_PRESENT_NOT_REVALIDATED,HISTORY_NOT_CHECKED,LIQUIDITY_NOT_CHECKED,NOT_VERIFIED,true,P1,PRICE_HISTORY_AND_LIQUIDITY_REFRESH_REQUIRED,Mapping verification,UNDECIDED_OFFLINE,BAWG.VI,true,revalidated history/liquidity evidence,v0.37 is offline; prior price-derived evidence is not current
WS:XWBO:ERST.VI,EU_STOXX600,XWBO,ERST.VI,NOT_VERIFIED,MAPPING_PRESENT_NOT_REVALIDATED,HISTORY_NOT_CHECKED,LIQUIDITY_NOT_CHECKED,NOT_VERIFIED,true,P1,PRICE_HISTORY_AND_LIQUIDITY_REFRESH_REQUIRED,Mapping verification,UNDECIDED_OFFLINE,ERST.VI,true,revalidated history/liquidity evidence,v0.37 is offline; prior price-derived evidence is not current
WS:XWBO:OMVV.VI,EU_STOXX600,XWBO,OMVV.VI,NOT_VERIFIED,MAPPING_PRESENT_NOT_REVALIDATED,HISTORY_NOT_CHECKED,LIQUIDITY_NOT_CHECKED,NOT_VERIFIED,true,P1,PRICE_HISTORY_AND_LIQUIDITY_REFRESH_REQUIRED,Mapping verification,UNDECIDED_OFFLINE,OMVV.VI,true,revalidated history/liquidity evidence,v0.37 is offline; prior price-derived evidence is not current
WS:XWBO:RBIV.VI,EU_STOXX600,XWBO,RBIV.VI,NOT_VERIFIED,MAPPING_PRESENT_NOT_REVALIDATED,HISTORY_NOT_CHECKED,LIQUIDITY_NOT_CHECKED,NOT_VERIFIED,true,P1,PRICE_HISTORY_AND_LIQUIDITY_REFRESH_REQUIRED,Mapping verification,UNDECIDED_OFFLINE,RBIV.VI,true,revalidated history/liquidity evidence,v0.37 is offline; prior price-derived evidence is not current
WS:XWBO:VERB.VI,EU_STOXX600,XWBO,VERB.VI,NOT_VERIFIED,MAPPING_PRESENT_NOT_REVALIDATED,HISTORY_NOT_CHECKED,LIQUIDITY_NOT_CHECKED,NOT_VERIFIED,true,P1,PRICE_HISTORY_AND_LIQUIDITY_REFRESH_REQUIRED,Mapping verification,UNDECIDED_OFFLINE,VERB.VI,true,revalidated history/liquidity evidence,v0.37 is offline; prior price-derived evidence is not current
WS:XWBO:VOES.VI,EU_STOXX600,XWBO,VOES.VI,NOT_VERIFIED,MAPPING_PRESENT_NOT_REVALIDATED,HISTORY_NOT_CHECKED,LIQUIDITY_NOT_CHECKED,NOT_VERIFIED,true,P1,PRICE_HISTORY_AND_LIQUIDITY_REFRESH_REQUIRED,Mapping verification,UNDECIDED_OFFLINE,VOES.VI,true,revalidated history/liquidity evidence,v0.37 is offline; prior price-derived evidence is not current
WS:XWBO:WBSV.VI,EU_STOXX600,XWBO,WBSV.VI,NOT_VERIFIED,MAPPING_PRESENT_NOT_REVALIDATED,HISTORY_NOT_CHECKED,LIQUIDITY_NOT_CHECKED,NOT_VERIFIED,true,P1,PRICE_HISTORY_AND_LIQUIDITY_REFRESH_REQUIRED,Mapping verification,UNDECIDED_OFFLINE,WBSV.VI,true,revalidated history/liquidity evidence,v0.37 is offline; prior price-derived evidence is not current
WS:BVMF:ABEV3,BR_IBRX100,BVMF,ABEV3,PASS,MAPPING_PRESENT_NOT_REVALIDATED,PASS_HISTORY_PRIOR_EVIDENCE,PASS_STANDARD_PRIOR_EVIDENCE,SCALABLE_NOT_VERIFIED,true,P1,ELIGIBILITY_RECOMPUTE_AFTER_REFRESH,Mapping verification,UNDECIDED_OFFLINE,ABEV3.SA,true,revalidated history/liquidity evidence,v0.37 is offline; prior price-derived evidence is not current
WS:BVMF:ALOS3,BR_IBRX100,BVMF,ALOS3,PASS,MAPPING_PRESENT_NOT_REVALIDATED,PASS_HISTORY_PRIOR_EVIDENCE,PASS_STANDARD_PRIOR_EVIDENCE,SCALABLE_NOT_VERIFIED,true,P1,ELIGIBILITY_RECOMPUTE_AFTER_REFRESH,Mapping verification,UNDECIDED_OFFLINE,ALOS3.SA,true,revalidated history/liquidity evidence,v0.37 is offline; prior price-derived evidence is not current
WS:BVMF:ANIM3,BR_IBRX100,BVMF,ANIM3,PASS,MAPPING_PRESENT_NOT_REVALIDATED,HISTORY_NOT_CHECKED,FAIL_LIQUIDITY_PRIOR,SCALABLE_NOT_VERIFIED,true,P1,PRICE_HISTORY_REFRESH_REQUIRED,Mapping verification,UNDECIDED_OFFLINE,ANIM3.SA,true,revalidated history/liquidity evidence,v0.37 is offline; prior price-derived evidence is not current
WS:BVMF:ASAI3,BR_IBRX100,BVMF,ASAI3,PASS,MAPPING_PRESENT_NOT_REVALIDATED,HISTORY_NOT_CHECKED,LOW_LIQUIDITY_EXCEPTION_POOL_PRIOR,SCALABLE_NOT_VERIFIED,true,P1,PRICE_HISTORY_REFRESH_REQUIRED,Mapping verification,UNDECIDED_OFFLINE,ASAI3.SA,true,revalidated history/liquidity evidence,v0.37 is offline; prior price-derived evidence is not current
WS:BVMF:AUAU3,BR_IBRX100,BVMF,AUAU3,PASS,MAPPING_PRESENT_NOT_REVALIDATED,HISTORY_NOT_CHECKED,FAIL_LIQUIDITY_PRIOR,SCALABLE_NOT_VERIFIED,true,P1,PRICE_HISTORY_REFRESH_REQUIRED,Mapping verification,UNDECIDED_OFFLINE,AUAU3.SA,true,revalidated history/liquidity evidence,v0.37 is offline; prior price-derived evidence is not current
WS:BVMF:AURE3,BR_IBRX100,BVMF,AURE3,PASS,MAPPING_PRESENT_NOT_REVALIDATED,HISTORY_NOT_CHECKED,LOW_LIQUIDITY_EXCEPTION_POOL_PRIOR,SCALABLE_NOT_VERIFIED,true,P1,PRICE_HISTORY_REFRESH_REQUIRED,Mapping verification,UNDECIDED_OFFLINE,AURE3.SA,true,revalidated history/liquidity evidence,v0.37 is offline; prior price-derived evidence is not current
WS:BVMF:AXIA3,BR_IBRX100,BVMF,AXIA3,PASS,MAPPING_PRESENT_NOT_REVALIDATED,PASS_HISTORY_PRIOR_EVIDENCE,PASS_STANDARD_PRIOR_EVIDENCE,SCALABLE_NOT_VERIFIED,true,P1,ELIGIBILITY_RECOMPUTE_AFTER_REFRESH,Mapping verification,UNDECIDED_OFFLINE,AXIA3.SA,true,revalidated history/liquidity evidence,v0.37 is offline; prior price-derived evidence is not current
WS:BVMF:AZZA3,BR_IBRX100,BVMF,AZZA3,PASS,MAPPING_PRESENT_NOT_REVALIDATED,HISTORY_NOT_CHECKED,LOW_LIQUIDITY_EXCEPTION_POOL_PRIOR,SCALABLE_NOT_VERIFIED,true,P1,PRICE_HISTORY_REFRESH_REQUIRED,Mapping verification,UNDECIDED_OFFLINE,AZZA3.SA,true,revalidated history/liquidity evidence,v0.37 is offline; prior price-derived evidence is not current
WS:BVMF:B3SA3,BR_IBRX100,BVMF,B3SA3,PASS,MAPPING_PRESENT_NOT_REVALIDATED,PASS_HISTORY_PRIOR_EVIDENCE,PASS_STANDARD_PRIOR_EVIDENCE,SCALABLE_NOT_VERIFIED,true,P1,ELIGIBILITY_RECOMPUTE_AFTER_REFRESH,Mapping verification,UNDECIDED_OFFLINE,B3SA3.SA,true,revalidated history/liquidity evidence,v0.37 is offline; prior price-derived evidence is not current
WS:BVMF:BBAS3,BR_IBRX100,BVMF,BBAS3,PASS,MAPPING_PRESENT_NOT_REVALIDATED,PASS_HISTORY_PRIOR_EVIDENCE,PASS_STANDARD_PRIOR_EVIDENCE,SCALABLE_NOT_VERIFIED,true,P1,ELIGIBILITY_RECOMPUTE_AFTER_REFRESH,Mapping verification,UNDECIDED_OFFLINE,BBAS3.SA,true,revalidated history/liquidity evidence,v0.37 is offline; prior price-derived evidence is not current
WS:BVMF:BBDC3,BR_IBRX100,BVMF,BBDC3,PASS,MAPPING_PRESENT_NOT_REVALIDATED,HISTORY_NOT_CHECKED,LOW_LIQUIDITY_EXCEPTION_POOL_PRIOR,SCALABLE_NOT_VERIFIED,true,P1,PRICE_HISTORY_REFRESH_REQUIRED,Mapping verification,UNDECIDED_OFFLINE,BBDC3.SA,true,revalidated history/liquidity evidence,v0.37 is offline; prior price-derived evidence is not current
WS:BVMF:BBDC4,BR_IBRX100,BVMF,BBDC4,FAIL,MAPPING_PRESENT_NOT_REVALIDATED,HISTORY_NOT_CHECKED,LIQUIDITY_NOT_CHECKED,SCALABLE_NOT_VERIFIED,true,P0_BLOCKED,NO_STANDARD_REFRESH_INSTRUMENT_FAIL,Instrument remediation,UNDECIDED_OFFLINE,BBDC4,true,revalidated history/liquidity evidence,v0.37 is offline; prior price-derived evidence is not current
WS:BVMF:BBSE3,BR_IBRX100,BVMF,BBSE3,PASS,MAPPING_PRESENT_NOT_REVALIDATED,PASS_HISTORY_PRIOR_EVIDENCE,PASS_STANDARD_PRIOR_EVIDENCE,SCALABLE_NOT_VERIFIED,true,P1,ELIGIBILITY_RECOMPUTE_AFTER_REFRESH,Mapping verification,UNDECIDED_OFFLINE,BBSE3.SA,true,revalidated history/liquidity evidence,v0.37 is offline; prior price-derived evidence is not current
WS:BVMF:BEEF3,BR_IBRX100,BVMF,BEEF3,PASS,MAPPING_PRESENT_NOT_REVALIDATED,HISTORY_NOT_CHECKED,LOW_LIQUIDITY_EXCEPTION_POOL_PRIOR,SCALABLE_NOT_VERIFIED,true,P1,PRICE_HISTORY_REFRESH_REQUIRED,Mapping verification,UNDECIDED_OFFLINE,BEEF3.SA,true,revalidated history/liquidity evidence,v0.37 is offline; prior price-derived evidence is not current
WS:BVMF:BPAC11,BR_IBRX100,BVMF,BPAC11,FAIL,MAPPING_PRESENT_NOT_REVALIDATED,HISTORY_NOT_CHECKED,LIQUIDITY_NOT_CHECKED,SCALABLE_NOT_VERIFIED,true,P0_BLOCKED,NO_STANDARD_REFRESH_INSTRUMENT_FAIL,Instrument remediation,UNDECIDED_OFFLINE,BPAC11,true,revalidated history/liquidity evidence,v0.37 is offline; prior price-derived evidence is not current
WS:BVMF:BRAP4,BR_IBRX100,BVMF,BRAP4,FAIL,MAPPING_PRESENT_NOT_REVALIDATED,HISTORY_NOT_CHECKED,LIQUIDITY_NOT_CHECKED,SCALABLE_NOT_VERIFIED,true,P0_BLOCKED,NO_STANDARD_REFRESH_INSTRUMENT_FAIL,Instrument remediation,UNDECIDED_OFFLINE,BRAP4,true,revalidated history/liquidity evidence,v0.37 is offline; prior price-derived evidence is not current
WS:BVMF:BRAV3,BR_IBRX100,BVMF,BRAV3,PASS,MAPPING_PRESENT_NOT_REVALIDATED,PASS_HISTORY_PRIOR_EVIDENCE,PASS_STANDARD_PRIOR_EVIDENCE,SCALABLE_NOT_VERIFIED,true,P1,ELIGIBILITY_RECOMPUTE_AFTER_REFRESH,Mapping verification,UNDECIDED_OFFLINE,BRAV3.SA,true,revalidated history/liquidity evidence,v0.37 is offline; prior price-derived evidence is not current
WS:BVMF:CBAV3,BR_IBRX100,BVMF,CBAV3,PASS,MAPPING_PRESENT_NOT_REVALIDATED,HISTORY_NOT_CHECKED,FAIL_LIQUIDITY_PRIOR,SCALABLE_NOT_VERIFIED,true,P1,PRICE_HISTORY_REFRESH_REQUIRED,Mapping verification,UNDECIDED_OFFLINE,CBAV3.SA,true,revalidated history/liquidity evidence,v0.37 is offline; prior price-derived evidence is not current
WS:BVMF:CEAB3,BR_IBRX100,BVMF,CEAB3,PASS,MAPPING_PRESENT_NOT_REVALIDATED,HISTORY_NOT_CHECKED,LOW_LIQUIDITY_EXCEPTION_POOL_PRIOR,SCALABLE_NOT_VERIFIED,true,P1,PRICE_HISTORY_REFRESH_REQUIRED,Mapping verification,UNDECIDED_OFFLINE,CEAB3.SA,true,revalidated history/liquidity evidence,v0.37 is offline; prior price-derived evidence is not current
WS:BVMF:CMIG4,BR_IBRX100,BVMF,CMIG4,FAIL,MAPPING_PRESENT_NOT_REVALIDATED,HISTORY_NOT_CHECKED,LIQUIDITY_NOT_CHECKED,SCALABLE_NOT_VERIFIED,true,P0_BLOCKED,NO_STANDARD_REFRESH_INSTRUMENT_FAIL,Instrument remediation,UNDECIDED_OFFLINE,CMIG4,true,revalidated history/liquidity evidence,v0.37 is offline; prior price-derived evidence is not current
WS:BVMF:CMIN3,BR_IBRX100,BVMF,CMIN3,PASS,MAPPING_PRESENT_NOT_REVALIDATED,HISTORY_NOT_CHECKED,LOW_LIQUIDITY_EXCEPTION_POOL_PRIOR,SCALABLE_NOT_VERIFIED,true,P1,PRICE_HISTORY_REFRESH_REQUIRED,Mapping verification,UNDECIDED_OFFLINE,CMIN3.SA,true,revalidated history/liquidity evidence,v0.37 is offline; prior price-derived evidence is not current
WS:BVMF:COGN3,BR_IBRX100,BVMF,COGN3,PASS,MAPPING_PRESENT_NOT_REVALIDATED,HISTORY_NOT_CHECKED,LOW_LIQUIDITY_EXCEPTION_POOL_PRIOR,SCALABLE_NOT_VERIFIED,true,P1,PRICE_HISTORY_REFRESH_REQUIRED,Mapping verification,UNDECIDED_OFFLINE,COGN3.SA,true,revalidated history/liquidity evidence,v0.37 is offline; prior price-derived evidence is not current
WS:BVMF:CPFE3,BR_IBRX100,BVMF,CPFE3,PASS,MAPPING_PRESENT_NOT_REVALIDATED,HISTORY_NOT_CHECKED,LOW_LIQUIDITY_EXCEPTION_POOL_PRIOR,SCALABLE_NOT_VERIFIED,true,P1,PRICE_HISTORY_REFRESH_REQUIRED,Mapping verification,UNDECIDED_OFFLINE,CPFE3.SA,true,revalidated history/liquidity evidence,v0.37 is offline; prior price-derived evidence is not current
WS:BVMF:CPLE3,BR_IBRX100,BVMF,CPLE3,PASS,MAPPING_PRESENT_NOT_REVALIDATED,PASS_HISTORY_PRIOR_EVIDENCE,PASS_STANDARD_PRIOR_EVIDENCE,SCALABLE_NOT_VERIFIED,true,P1,ELIGIBILITY_RECOMPUTE_AFTER_REFRESH,Mapping verification,UNDECIDED_OFFLINE,CPLE3.SA,true,revalidated history/liquidity evidence,v0.37 is offline; prior price-derived evidence is not current
WS:BVMF:CSAN3,BR_IBRX100,BVMF,CSAN3,PASS,MAPPING_PRESENT_NOT_REVALIDATED,PASS_HISTORY_PRIOR_EVIDENCE,PASS_STANDARD_PRIOR_EVIDENCE,SCALABLE_NOT_VERIFIED,true,P1,ELIGIBILITY_RECOMPUTE_AFTER_REFRESH,Mapping verification,UNDECIDED_OFFLINE,CSAN3.SA,true,revalidated history/liquidity evidence,v0.37 is offline; prior price-derived evidence is not current
WS:BVMF:CSMG3,BR_IBRX100,BVMF,CSMG3,PASS,MAPPING_PRESENT_NOT_REVALIDATED,PASS_HISTORY_PRIOR_EVIDENCE,PASS_STANDARD_PRIOR_EVIDENCE,SCALABLE_NOT_VERIFIED,true,P1,ELIGIBILITY_RECOMPUTE_AFTER_REFRESH,Mapping verification,UNDECIDED_OFFLINE,CSMG3.SA,true,revalidated history/liquidity evidence,v0.37 is offline; prior price-derived evidence is not current
WS:BVMF:CSNA3,BR_IBRX100,BVMF,CSNA3,PASS,MAPPING_PRESENT_NOT_REVALIDATED,HISTORY_NOT_CHECKED,LOW_LIQUIDITY_EXCEPTION_POOL_PRIOR,SCALABLE_NOT_VERIFIED,true,P1,PRICE_HISTORY_REFRESH_REQUIRED,Mapping verification,UNDECIDED_OFFLINE,CSNA3.SA,true,revalidated history/liquidity evidence,v0.37 is offline; prior price-derived evidence is not current
WS:BVMF:CURY3,BR_IBRX100,BVMF,CURY3,PASS,MAPPING_PRESENT_NOT_REVALIDATED,PASS_HISTORY_PRIOR_EVIDENCE,PASS_STANDARD_PRIOR_EVIDENCE,SCALABLE_NOT_VERIFIED,true,P1,ELIGIBILITY_RECOMPUTE_AFTER_REFRESH,Mapping verification,UNDECIDED_OFFLINE,CURY3.SA,true,revalidated history/liquidity evidence,v0.37 is offline; prior price-derived evidence is not current
WS:BVMF:CVCB3,BR_IBRX100,BVMF,CVCB3,PASS,MAPPING_PRESENT_NOT_REVALIDATED,HISTORY_NOT_CHECKED,FAIL_LIQUIDITY_PRIOR,SCALABLE_NOT_VERIFIED,true,P1,PRICE_HISTORY_REFRESH_REQUIRED,Mapping verification,UNDECIDED_OFFLINE,CVCB3.SA,true,revalidated history/liquidity evidence,v0.37 is offline; prior price-derived evidence is not current
WS:BVMF:CXSE3,BR_IBRX100,BVMF,CXSE3,PASS,MAPPING_PRESENT_NOT_REVALIDATED,PASS_HISTORY_PRIOR_EVIDENCE,PASS_STANDARD_PRIOR_EVIDENCE,SCALABLE_NOT_VERIFIED,true,P1,ELIGIBILITY_RECOMPUTE_AFTER_REFRESH,Mapping verification,UNDECIDED_OFFLINE,CXSE3.SA,true,revalidated history/liquidity evidence,v0.37 is offline; prior price-derived evidence is not current
WS:BVMF:CYRE3,BR_IBRX100,BVMF,CYRE3,PASS,MAPPING_PRESENT_NOT_REVALIDATED,PASS_HISTORY_PRIOR_EVIDENCE,PASS_STANDARD_PRIOR_EVIDENCE,SCALABLE_NOT_VERIFIED,true,P1,ELIGIBILITY_RECOMPUTE_AFTER_REFRESH,Mapping verification,UNDECIDED_OFFLINE,CYRE3.SA,true,revalidated history/liquidity evidence,v0.37 is offline; prior price-derived evidence is not current
WS:BVMF:DIRR3,BR_IBRX100,BVMF,DIRR3,PASS,MAPPING_PRESENT_NOT_REVALIDATED,HISTORY_NOT_CHECKED,LOW_LIQUIDITY_EXCEPTION_POOL_PRIOR,SCALABLE_NOT_VERIFIED,true,P1,PRICE_HISTORY_REFRESH_REQUIRED,Mapping verification,UNDECIDED_OFFLINE,DIRR3.SA,true,revalidated history/liquidity evidence,v0.37 is offline; prior price-derived evidence is not current
WS:BVMF:ECOR3,BR_IBRX100,BVMF,ECOR3,PASS,MAPPING_PRESENT_NOT_REVALIDATED,HISTORY_NOT_CHECKED,FAIL_LIQUIDITY_PRIOR,SCALABLE_NOT_VERIFIED,true,P1,PRICE_HISTORY_REFRESH_REQUIRED,Mapping verification,UNDECIDED_OFFLINE,ECOR3.SA,true,revalidated history/liquidity evidence,v0.37 is offline; prior price-derived evidence is not current
WS:BVMF:EGIE3,BR_IBRX100,BVMF,EGIE3,PASS,MAPPING_PRESENT_NOT_REVALIDATED,PASS_HISTORY_PRIOR_EVIDENCE,PASS_STANDARD_PRIOR_EVIDENCE,SCALABLE_NOT_VERIFIED,true,P1,ELIGIBILITY_RECOMPUTE_AFTER_REFRESH,Mapping verification,UNDECIDED_OFFLINE,EGIE3.SA,true,revalidated history/liquidity evidence,v0.37 is offline; prior price-derived evidence is not current
WS:BVMF:EMBJ3,BR_IBRX100,BVMF,EMBJ3,PASS,MAPPING_PRESENT_NOT_REVALIDATED,PASS_HISTORY_PRIOR_EVIDENCE,PASS_STANDARD_PRIOR_EVIDENCE,SCALABLE_NOT_VERIFIED,true,P1,ELIGIBILITY_RECOMPUTE_AFTER_REFRESH,Mapping verification,UNDECIDED_OFFLINE,EMBJ3.SA,true,revalidated history/liquidity evidence,v0.37 is offline; prior price-derived evidence is not current
WS:BVMF:ENEV3,BR_IBRX100,BVMF,ENEV3,PASS,MAPPING_PRESENT_NOT_REVALIDATED,PASS_HISTORY_PRIOR_EVIDENCE,PASS_STANDARD_PRIOR_EVIDENCE,SCALABLE_NOT_VERIFIED,true,P1,ELIGIBILITY_RECOMPUTE_AFTER_REFRESH,Mapping verification,UNDECIDED_OFFLINE,ENEV3.SA,true,revalidated history/liquidity evidence,v0.37 is offline; prior price-derived evidence is not current
WS:BVMF:ENGI11,BR_IBRX100,BVMF,ENGI11,FAIL,MAPPING_PRESENT_NOT_REVALIDATED,HISTORY_NOT_CHECKED,LIQUIDITY_NOT_CHECKED,SCALABLE_NOT_VERIFIED,true,P0_BLOCKED,NO_STANDARD_REFRESH_INSTRUMENT_FAIL,Instrument remediation,UNDECIDED_OFFLINE,ENGI11,true,revalidated history/liquidity evidence,v0.37 is offline; prior price-derived evidence is not current
WS:BVMF:EQTL3,BR_IBRX100,BVMF,EQTL3,PASS,MAPPING_PRESENT_NOT_REVALIDATED,PASS_HISTORY_PRIOR_EVIDENCE,PASS_STANDARD_PRIOR_EVIDENCE,SCALABLE_NOT_VERIFIED,true,P1,ELIGIBILITY_RECOMPUTE_AFTER_REFRESH,Mapping verification,UNDECIDED_OFFLINE,EQTL3.SA,true,revalidated history/liquidity evidence,v0.37 is offline; prior price-derived evidence is not current
WS:BVMF:EZTC3,BR_IBRX100,BVMF,EZTC3,PASS,MAPPING_PRESENT_NOT_REVALIDATED,HISTORY_NOT_CHECKED,FAIL_LIQUIDITY_PRIOR,SCALABLE_NOT_VERIFIED,true,P1,PRICE_HISTORY_REFRESH_REQUIRED,Mapping verification,UNDECIDED_OFFLINE,EZTC3.SA,true,revalidated history/liquidity evidence,v0.37 is offline; prior price-derived evidence is not current
WS:BVMF:FLRY3,BR_IBRX100,BVMF,FLRY3,PASS,MAPPING_PRESENT_NOT_REVALIDATED,HISTORY_NOT_CHECKED,LOW_LIQUIDITY_EXCEPTION_POOL_PRIOR,SCALABLE_NOT_VERIFIED,true,P1,PRICE_HISTORY_REFRESH_REQUIRED,Mapping verification,UNDECIDED_OFFLINE,FLRY3.SA,true,revalidated history/liquidity evidence,v0.37 is offline; prior price-derived evidence is not current
WS:BVMF:GGBR4,BR_IBRX100,BVMF,GGBR4,FAIL,MAPPING_PRESENT_NOT_REVALIDATED,HISTORY_NOT_CHECKED,LIQUIDITY_NOT_CHECKED,SCALABLE_NOT_VERIFIED,true,P0_BLOCKED,NO_STANDARD_REFRESH_INSTRUMENT_FAIL,Instrument remediation,UNDECIDED_OFFLINE,GGBR4,true,revalidated history/liquidity evidence,v0.37 is offline; prior price-derived evidence is not current
WS:BVMF:GGPS3,BR_IBRX100,BVMF,GGPS3,PASS,MAPPING_PRESENT_NOT_REVALIDATED,HISTORY_NOT_CHECKED,LOW_LIQUIDITY_EXCEPTION_POOL_PRIOR,SCALABLE_NOT_VERIFIED,true,P1,PRICE_HISTORY_REFRESH_REQUIRED,Mapping verification,UNDECIDED_OFFLINE,GGPS3.SA,true,revalidated history/liquidity evidence,v0.37 is offline; prior price-derived evidence is not current
WS:BVMF:GMAT3,BR_IBRX100,BVMF,GMAT3,PASS,MAPPING_PRESENT_NOT_REVALIDATED,HISTORY_NOT_CHECKED,FAIL_LIQUIDITY_PRIOR,SCALABLE_NOT_VERIFIED,true,P1,PRICE_HISTORY_REFRESH_REQUIRED,Mapping verification,UNDECIDED_OFFLINE,GMAT3.SA,true,revalidated history/liquidity evidence,v0.37 is offline; prior price-derived evidence is not current
WS:BVMF:GOAU4,BR_IBRX100,BVMF,GOAU4,FAIL,MAPPING_PRESENT_NOT_REVALIDATED,HISTORY_NOT_CHECKED,LIQUIDITY_NOT_CHECKED,SCALABLE_NOT_VERIFIED,true,P0_BLOCKED,NO_STANDARD_REFRESH_INSTRUMENT_FAIL,Instrument remediation,UNDECIDED_OFFLINE,GOAU4,true,revalidated history/liquidity evidence,v0.37 is offline; prior price-derived evidence is not current
WS:BVMF:HAPV3,BR_IBRX100,BVMF,HAPV3,PASS,MAPPING_PRESENT_NOT_REVALIDATED,HISTORY_NOT_CHECKED,LOW_LIQUIDITY_EXCEPTION_POOL_PRIOR,SCALABLE_NOT_VERIFIED,true,P1,PRICE_HISTORY_REFRESH_REQUIRED,Mapping verification,UNDECIDED_OFFLINE,HAPV3.SA,true,revalidated history/liquidity evidence,v0.37 is offline; prior price-derived evidence is not current
WS:BVMF:HYPE3,BR_IBRX100,BVMF,HYPE3,PASS,MAPPING_PRESENT_NOT_REVALIDATED,HISTORY_NOT_CHECKED,LOW_LIQUIDITY_EXCEPTION_POOL_PRIOR,SCALABLE_NOT_VERIFIED,true,P1,PRICE_HISTORY_REFRESH_REQUIRED,Mapping verification,UNDECIDED_OFFLINE,HYPE3.SA,true,revalidated history/liquidity evidence,v0.37 is offline; prior price-derived evidence is not current
WS:BVMF:IGTI11,BR_IBRX100,BVMF,IGTI11,FAIL,MAPPING_PRESENT_NOT_REVALIDATED,HISTORY_NOT_CHECKED,LIQUIDITY_NOT_CHECKED,SCALABLE_NOT_VERIFIED,true,P0_BLOCKED,NO_STANDARD_REFRESH_INSTRUMENT_FAIL,Instrument remediation,UNDECIDED_OFFLINE,IGTI11,true,revalidated history/liquidity evidence,v0.37 is offline; prior price-derived evidence is not current
WS:BVMF:INTB3,BR_IBRX100,BVMF,INTB3,PASS,MAPPING_PRESENT_NOT_REVALIDATED,HISTORY_NOT_CHECKED,FAIL_LIQUIDITY_PRIOR,SCALABLE_NOT_VERIFIED,true,P1,PRICE_HISTORY_REFRESH_REQUIRED,Mapping verification,UNDECIDED_OFFLINE,INTB3.SA,true,revalidated history/liquidity evidence,v0.37 is offline; prior price-derived evidence is not current
WS:BVMF:IRBR3,BR_IBRX100,BVMF,IRBR3,PASS,MAPPING_PRESENT_NOT_REVALIDATED,HISTORY_NOT_CHECKED,FAIL_LIQUIDITY_PRIOR,SCALABLE_NOT_VERIFIED,true,P1,PRICE_HISTORY_REFRESH_REQUIRED,Mapping verification,UNDECIDED_OFFLINE,IRBR3.SA,true,revalidated history/liquidity evidence,v0.37 is offline; prior price-derived evidence is not current
WS:BVMF:ISAE4,BR_IBRX100,BVMF,ISAE4,FAIL,MAPPING_PRESENT_NOT_REVALIDATED,HISTORY_NOT_CHECKED,LIQUIDITY_NOT_CHECKED,SCALABLE_NOT_VERIFIED,true,P0_BLOCKED,NO_STANDARD_REFRESH_INSTRUMENT_FAIL,Instrument remediation,UNDECIDED_OFFLINE,ISAE4,true,revalidated history/liquidity evidence,v0.37 is offline; prior price-derived evidence is not current
WS:BVMF:ITSA4,BR_IBRX100,BVMF,ITSA4,FAIL,MAPPING_PRESENT_NOT_REVALIDATED,HISTORY_NOT_CHECKED,LIQUIDITY_NOT_CHECKED,SCALABLE_NOT_VERIFIED,true,P0_BLOCKED,NO_STANDARD_REFRESH_INSTRUMENT_FAIL,Instrument remediation,UNDECIDED_OFFLINE,ITSA4,true,revalidated history/liquidity evidence,v0.37 is offline; prior price-derived evidence is not current
WS:BVMF:ITUB3,BR_IBRX100,BVMF,ITUB3,PASS,MAPPING_PRESENT_NOT_REVALIDATED,HISTORY_NOT_CHECKED,LOW_LIQUIDITY_EXCEPTION_POOL_PRIOR,SCALABLE_NOT_VERIFIED,true,P1,PRICE_HISTORY_REFRESH_REQUIRED,Mapping verification,UNDECIDED_OFFLINE,ITUB3.SA,true,revalidated history/liquidity evidence,v0.37 is offline; prior price-derived evidence is not current
WS:BVMF:ITUB4,BR_IBRX100,BVMF,ITUB4,FAIL,MAPPING_PRESENT_NOT_REVALIDATED,HISTORY_NOT_CHECKED,LIQUIDITY_NOT_CHECKED,SCALABLE_NOT_VERIFIED,true,P0_BLOCKED,NO_STANDARD_REFRESH_INSTRUMENT_FAIL,Instrument remediation,UNDECIDED_OFFLINE,ITUB4,true,revalidated history/liquidity evidence,v0.37 is offline; prior price-derived evidence is not current
WS:BVMF:JHSF3,BR_IBRX100,BVMF,JHSF3,PASS,MAPPING_PRESENT_NOT_REVALIDATED,HISTORY_NOT_CHECKED,LOW_LIQUIDITY_EXCEPTION_POOL_PRIOR,SCALABLE_NOT_VERIFIED,true,P1,PRICE_HISTORY_REFRESH_REQUIRED,Mapping verification,UNDECIDED_OFFLINE,JHSF3.SA,true,revalidated history/liquidity evidence,v0.37 is offline; prior price-derived evidence is not current
WS:BVMF:KLBN11,BR_IBRX100,BVMF,KLBN11,FAIL,MAPPING_PRESENT_NOT_REVALIDATED,HISTORY_NOT_CHECKED,LIQUIDITY_NOT_CHECKED,SCALABLE_NOT_VERIFIED,true,P0_BLOCKED,NO_STANDARD_REFRESH_INSTRUMENT_FAIL,Instrument remediation,UNDECIDED_OFFLINE,KLBN11,true,revalidated history/liquidity evidence,v0.37 is offline; prior price-derived evidence is not current
WS:BVMF:LREN3,BR_IBRX100,BVMF,LREN3,PASS,MAPPING_PRESENT_NOT_REVALIDATED,PASS_HISTORY_PRIOR_EVIDENCE,PASS_STANDARD_PRIOR_EVIDENCE,SCALABLE_NOT_VERIFIED,true,P1,ELIGIBILITY_RECOMPUTE_AFTER_REFRESH,Mapping verification,UNDECIDED_OFFLINE,LREN3.SA,true,revalidated history/liquidity evidence,v0.37 is offline; prior price-derived evidence is not current
WS:BVMF:MBRF3,BR_IBRX100,BVMF,MBRF3,PASS,MAPPING_PRESENT_NOT_REVALIDATED,PASS_HISTORY_PRIOR_EVIDENCE,PASS_STANDARD_PRIOR_EVIDENCE,SCALABLE_NOT_VERIFIED,true,P1,ELIGIBILITY_RECOMPUTE_AFTER_REFRESH,Mapping verification,UNDECIDED_OFFLINE,MBRF3.SA,true,revalidated history/liquidity evidence,v0.37 is offline; prior price-derived evidence is not current
WS:BVMF:MDNE3,BR_IBRX100,BVMF,MDNE3,PASS,MAPPING_PRESENT_NOT_REVALIDATED,HISTORY_NOT_CHECKED,FAIL_LIQUIDITY_PRIOR,SCALABLE_NOT_VERIFIED,true,P1,PRICE_HISTORY_REFRESH_REQUIRED,Mapping verification,UNDECIDED_OFFLINE,MDNE3.SA,true,revalidated history/liquidity evidence,v0.37 is offline; prior price-derived evidence is not current
WS:BVMF:MGLU3,BR_IBRX100,BVMF,MGLU3,PASS,MAPPING_PRESENT_NOT_REVALIDATED,PASS_HISTORY_PRIOR_EVIDENCE,PASS_STANDARD_PRIOR_EVIDENCE,SCALABLE_NOT_VERIFIED,true,P1,ELIGIBILITY_RECOMPUTE_AFTER_REFRESH,Mapping verification,UNDECIDED_OFFLINE,MGLU3.SA,true,revalidated history/liquidity evidence,v0.37 is offline; prior price-derived evidence is not current
WS:BVMF:MOTV3,BR_IBRX100,BVMF,MOTV3,PASS,MAPPING_PRESENT_NOT_REVALIDATED,PASS_HISTORY_PRIOR_EVIDENCE,PASS_STANDARD_PRIOR_EVIDENCE,SCALABLE_NOT_VERIFIED,true,P1,ELIGIBILITY_RECOMPUTE_AFTER_REFRESH,Mapping verification,UNDECIDED_OFFLINE,MOTV3.SA,true,revalidated history/liquidity evidence,v0.37 is offline; prior price-derived evidence is not current
WS:BVMF:MOVI3,BR_IBRX100,BVMF,MOVI3,PASS,MAPPING_PRESENT_NOT_REVALIDATED,HISTORY_NOT_CHECKED,LOW_LIQUIDITY_EXCEPTION_POOL_PRIOR,SCALABLE_NOT_VERIFIED,true,P1,PRICE_HISTORY_REFRESH_REQUIRED,Mapping verification,UNDECIDED_OFFLINE,MOVI3.SA,true,revalidated history/liquidity evidence,v0.37 is offline; prior price-derived evidence is not current
WS:BVMF:MRVE3,BR_IBRX100,BVMF,MRVE3,PASS,MAPPING_PRESENT_NOT_REVALIDATED,HISTORY_NOT_CHECKED,LOW_LIQUIDITY_EXCEPTION_POOL_PRIOR,SCALABLE_NOT_VERIFIED,true,P1,PRICE_HISTORY_REFRESH_REQUIRED,Mapping verification,UNDECIDED_OFFLINE,MRVE3.SA,true,revalidated history/liquidity evidence,v0.37 is offline; prior price-derived evidence is not current
WS:BVMF:MULT3,BR_IBRX100,BVMF,MULT3,PASS,MAPPING_PRESENT_NOT_REVALIDATED,PASS_HISTORY_PRIOR_EVIDENCE,PASS_STANDARD_PRIOR_EVIDENCE,SCALABLE_NOT_VERIFIED,true,P1,ELIGIBILITY_RECOMPUTE_AFTER_REFRESH,Mapping verification,UNDECIDED_OFFLINE,MULT3.SA,true,revalidated history/liquidity evidence,v0.37 is offline; prior price-derived evidence is not current
WS:BVMF:NATU3,BR_IBRX100,BVMF,NATU3,PASS,MAPPING_PRESENT_NOT_REVALIDATED,HISTORY_NOT_CHECKED,LOW_LIQUIDITY_EXCEPTION_POOL_PRIOR,SCALABLE_NOT_VERIFIED,true,P1,PRICE_HISTORY_REFRESH_REQUIRED,Mapping verification,UNDECIDED_OFFLINE,NATU3.SA,true,revalidated history/liquidity evidence,v0.37 is offline; prior price-derived evidence is not current
WS:BVMF:ORVR3,BR_IBRX100,BVMF,ORVR3,PASS,MAPPING_PRESENT_NOT_REVALIDATED,HISTORY_NOT_CHECKED,LOW_LIQUIDITY_EXCEPTION_POOL_PRIOR,SCALABLE_NOT_VERIFIED,true,P1,PRICE_HISTORY_REFRESH_REQUIRED,Mapping verification,UNDECIDED_OFFLINE,ORVR3.SA,true,revalidated history/liquidity evidence,v0.37 is offline; prior price-derived evidence is not current
WS:BVMF:PETR3,BR_IBRX100,BVMF,PETR3,PASS,MAPPING_PRESENT_NOT_REVALIDATED,PASS_HISTORY_PRIOR_EVIDENCE,PASS_STANDARD_PRIOR_EVIDENCE,SCALABLE_NOT_VERIFIED,true,P1,ELIGIBILITY_RECOMPUTE_AFTER_REFRESH,Mapping verification,UNDECIDED_OFFLINE,PETR3.SA,true,revalidated history/liquidity evidence,v0.37 is offline; prior price-derived evidence is not current
WS:BVMF:PETR4,BR_IBRX100,BVMF,PETR4,FAIL,MAPPING_PRESENT_NOT_REVALIDATED,HISTORY_NOT_CHECKED,LIQUIDITY_NOT_CHECKED,SCALABLE_NOT_VERIFIED,true,P0_BLOCKED,NO_STANDARD_REFRESH_INSTRUMENT_FAIL,Instrument remediation,UNDECIDED_OFFLINE,PETR4,true,revalidated history/liquidity evidence,v0.37 is offline; prior price-derived evidence is not current
WS:BVMF:POMO4,BR_IBRX100,BVMF,POMO4,FAIL,MAPPING_PRESENT_NOT_REVALIDATED,HISTORY_NOT_CHECKED,LIQUIDITY_NOT_CHECKED,SCALABLE_NOT_VERIFIED,true,P0_BLOCKED,NO_STANDARD_REFRESH_INSTRUMENT_FAIL,Instrument remediation,UNDECIDED_OFFLINE,POMO4,true,revalidated history/liquidity evidence,v0.37 is offline; prior price-derived evidence is not current
WS:BVMF:PRIO3,BR_IBRX100,BVMF,PRIO3,PASS,MAPPING_PRESENT_NOT_REVALIDATED,PASS_HISTORY_PRIOR_EVIDENCE,PASS_STANDARD_PRIOR_EVIDENCE,SCALABLE_NOT_VERIFIED,true,P1,ELIGIBILITY_RECOMPUTE_AFTER_REFRESH,Mapping verification,UNDECIDED_OFFLINE,PRIO3.SA,true,revalidated history/liquidity evidence,v0.37 is offline; prior price-derived evidence is not current
WS:BVMF:PSSA3,BR_IBRX100,BVMF,PSSA3,PASS,MAPPING_PRESENT_NOT_REVALIDATED,HISTORY_NOT_CHECKED,LOW_LIQUIDITY_EXCEPTION_POOL_PRIOR,SCALABLE_NOT_VERIFIED,true,P1,PRICE_HISTORY_REFRESH_REQUIRED,Mapping verification,UNDECIDED_OFFLINE,PSSA3.SA,true,revalidated history/liquidity evidence,v0.37 is offline; prior price-derived evidence is not current
WS:BVMF:RADL3,BR_IBRX100,BVMF,RADL3,PASS,MAPPING_PRESENT_NOT_REVALIDATED,PASS_HISTORY_PRIOR_EVIDENCE,PASS_STANDARD_PRIOR_EVIDENCE,SCALABLE_NOT_VERIFIED,true,P1,ELIGIBILITY_RECOMPUTE_AFTER_REFRESH,Mapping verification,UNDECIDED_OFFLINE,RADL3.SA,true,revalidated history/liquidity evidence,v0.37 is offline; prior price-derived evidence is not current
WS:BVMF:RAIL3,BR_IBRX100,BVMF,RAIL3,PASS,MAPPING_PRESENT_NOT_REVALIDATED,PASS_HISTORY_PRIOR_EVIDENCE,PASS_STANDARD_PRIOR_EVIDENCE,SCALABLE_NOT_VERIFIED,true,P1,ELIGIBILITY_RECOMPUTE_AFTER_REFRESH,Mapping verification,UNDECIDED_OFFLINE,RAIL3.SA,true,revalidated history/liquidity evidence,v0.37 is offline; prior price-derived evidence is not current
WS:BVMF:RAPT4,BR_IBRX100,BVMF,RAPT4,FAIL,MAPPING_PRESENT_NOT_REVALIDATED,HISTORY_NOT_CHECKED,LIQUIDITY_NOT_CHECKED,SCALABLE_NOT_VERIFIED,true,P0_BLOCKED,NO_STANDARD_REFRESH_INSTRUMENT_FAIL,Instrument remediation,UNDECIDED_OFFLINE,RAPT4,true,revalidated history/liquidity evidence,v0.37 is offline; prior price-derived evidence is not current
WS:BVMF:RDOR3,BR_IBRX100,BVMF,RDOR3,PASS,MAPPING_PRESENT_NOT_REVALIDATED,PASS_HISTORY_PRIOR_EVIDENCE,PASS_STANDARD_PRIOR_EVIDENCE,SCALABLE_NOT_VERIFIED,true,P1,ELIGIBILITY_RECOMPUTE_AFTER_REFRESH,Mapping verification,UNDECIDED_OFFLINE,RDOR3.SA,true,revalidated history/liquidity evidence,v0.37 is offline; prior price-derived evidence is not current
WS:BVMF:RECV3,BR_IBRX100,BVMF,RECV3,PASS,MAPPING_PRESENT_NOT_REVALIDATED,HISTORY_NOT_CHECKED,FAIL_LIQUIDITY_PRIOR,SCALABLE_NOT_VERIFIED,true,P1,PRICE_HISTORY_REFRESH_REQUIRED,Mapping verification,UNDECIDED_OFFLINE,RECV3.SA,true,revalidated history/liquidity evidence,v0.37 is offline; prior price-derived evidence is not current
WS:BVMF:RENT3,BR_IBRX100,BVMF,RENT3,PASS,MAPPING_PRESENT_NOT_REVALIDATED,PASS_HISTORY_PRIOR_EVIDENCE,PASS_STANDARD_PRIOR_EVIDENCE,SCALABLE_NOT_VERIFIED,true,P1,ELIGIBILITY_RECOMPUTE_AFTER_REFRESH,Mapping verification,UNDECIDED_OFFLINE,RENT3.SA,true,revalidated history/liquidity evidence,v0.37 is offline; prior price-derived evidence is not current
WS:BVMF:SANB11,BR_IBRX100,BVMF,SANB11,FAIL,MAPPING_PRESENT_NOT_REVALIDATED,HISTORY_NOT_CHECKED,LIQUIDITY_NOT_CHECKED,SCALABLE_NOT_VERIFIED,true,P0_BLOCKED,NO_STANDARD_REFRESH_INSTRUMENT_FAIL,Instrument remediation,UNDECIDED_OFFLINE,SANB11,true,revalidated history/liquidity evidence,v0.37 is offline; prior price-derived evidence is not current
WS:BVMF:SAPR11,BR_IBRX100,BVMF,SAPR11,FAIL,MAPPING_PRESENT_NOT_REVALIDATED,HISTORY_NOT_CHECKED,LIQUIDITY_NOT_CHECKED,SCALABLE_NOT_VERIFIED,true,P0_BLOCKED,NO_STANDARD_REFRESH_INSTRUMENT_FAIL,Instrument remediation,UNDECIDED_OFFLINE,SAPR11,true,revalidated history/liquidity evidence,v0.37 is offline; prior price-derived evidence is not current
WS:BVMF:SAUD3,BR_IBRX100,BVMF,SAUD3,PASS,MAPPING_PRESENT_NOT_REVALIDATED,HISTORY_NOT_CHECKED,LOW_LIQUIDITY_EXCEPTION_POOL_PRIOR,SCALABLE_NOT_VERIFIED,true,P1,PRICE_HISTORY_REFRESH_REQUIRED,Mapping verification,UNDECIDED_OFFLINE,SAUD3.SA,true,revalidated history/liquidity evidence,v0.37 is offline; prior price-derived evidence is not current
WS:BVMF:SBSP3,BR_IBRX100,BVMF,SBSP3,PASS,MAPPING_PRESENT_NOT_REVALIDATED,PASS_HISTORY_PRIOR_EVIDENCE,PASS_STANDARD_PRIOR_EVIDENCE,SCALABLE_NOT_VERIFIED,true,P1,ELIGIBILITY_RECOMPUTE_AFTER_REFRESH,Mapping verification,UNDECIDED_OFFLINE,SBSP3.SA,true,revalidated history/liquidity evidence,v0.37 is offline; prior price-derived evidence is not current
WS:BVMF:SIMH3,BR_IBRX100,BVMF,SIMH3,PASS,MAPPING_PRESENT_NOT_REVALIDATED,HISTORY_NOT_CHECKED,FAIL_LIQUIDITY_PRIOR,SCALABLE_NOT_VERIFIED,true,P1,PRICE_HISTORY_REFRESH_REQUIRED,Mapping verification,UNDECIDED_OFFLINE,SIMH3.SA,true,revalidated history/liquidity evidence,v0.37 is offline; prior price-derived evidence is not current
WS:BVMF:SLCE3,BR_IBRX100,BVMF,SLCE3,PASS,MAPPING_PRESENT_NOT_REVALIDATED,HISTORY_NOT_CHECKED,LOW_LIQUIDITY_EXCEPTION_POOL_PRIOR,SCALABLE_NOT_VERIFIED,true,P1,PRICE_HISTORY_REFRESH_REQUIRED,Mapping verification,UNDECIDED_OFFLINE,SLCE3.SA,true,revalidated history/liquidity evidence,v0.37 is offline; prior price-derived evidence is not current
WS:BVMF:SMFT3,BR_IBRX100,BVMF,SMFT3,PASS,MAPPING_PRESENT_NOT_REVALIDATED,PASS_HISTORY_PRIOR_EVIDENCE,PASS_STANDARD_PRIOR_EVIDENCE,SCALABLE_NOT_VERIFIED,true,P1,ELIGIBILITY_RECOMPUTE_AFTER_REFRESH,Mapping verification,UNDECIDED_OFFLINE,SMFT3.SA,true,revalidated history/liquidity evidence,v0.37 is offline; prior price-derived evidence is not current
WS:BVMF:SMTO3,BR_IBRX100,BVMF,SMTO3,PASS,MAPPING_PRESENT_NOT_REVALIDATED,HISTORY_NOT_CHECKED,FAIL_LIQUIDITY_PRIOR,SCALABLE_NOT_VERIFIED,true,P1,PRICE_HISTORY_REFRESH_REQUIRED,Mapping verification,UNDECIDED_OFFLINE,SMTO3.SA,true,revalidated history/liquidity evidence,v0.37 is offline; prior price-derived evidence is not current
WS:BVMF:SUZB3,BR_IBRX100,BVMF,SUZB3,PASS,MAPPING_PRESENT_NOT_REVALIDATED,PASS_HISTORY_PRIOR_EVIDENCE,PASS_STANDARD_PRIOR_EVIDENCE,SCALABLE_NOT_VERIFIED,true,P1,ELIGIBILITY_RECOMPUTE_AFTER_REFRESH,Mapping verification,UNDECIDED_OFFLINE,SUZB3.SA,true,revalidated history/liquidity evidence,v0.37 is offline; prior price-derived evidence is not current
WS:BVMF:TAEE11,BR_IBRX100,BVMF,TAEE11,FAIL,MAPPING_PRESENT_NOT_REVALIDATED,HISTORY_NOT_CHECKED,LIQUIDITY_NOT_CHECKED,SCALABLE_NOT_VERIFIED,true,P0_BLOCKED,NO_STANDARD_REFRESH_INSTRUMENT_FAIL,Instrument remediation,UNDECIDED_OFFLINE,TAEE11,true,revalidated history/liquidity evidence,v0.37 is offline; prior price-derived evidence is not current
WS:BVMF:TEND3,BR_IBRX100,BVMF,TEND3,PASS,MAPPING_PRESENT_NOT_REVALIDATED,HISTORY_NOT_CHECKED,LOW_LIQUIDITY_EXCEPTION_POOL_PRIOR,SCALABLE_NOT_VERIFIED,true,P1,PRICE_HISTORY_REFRESH_REQUIRED,Mapping verification,UNDECIDED_OFFLINE,TEND3.SA,true,revalidated history/liquidity evidence,v0.37 is offline; prior price-derived evidence is not current
WS:BVMF:TIMS3,BR_IBRX100,BVMF,TIMS3,PASS,MAPPING_PRESENT_NOT_REVALIDATED,PASS_HISTORY_PRIOR_EVIDENCE,PASS_STANDARD_PRIOR_EVIDENCE,SCALABLE_NOT_VERIFIED,true,P1,ELIGIBILITY_RECOMPUTE_AFTER_REFRESH,Mapping verification,UNDECIDED_OFFLINE,TIMS3.SA,true,revalidated history/liquidity evidence,v0.37 is offline; prior price-derived evidence is not current
WS:BVMF:TOTS3,BR_IBRX100,BVMF,TOTS3,PASS,MAPPING_PRESENT_NOT_REVALIDATED,PASS_HISTORY_PRIOR_EVIDENCE,PASS_STANDARD_PRIOR_EVIDENCE,SCALABLE_NOT_VERIFIED,true,P1,ELIGIBILITY_RECOMPUTE_AFTER_REFRESH,Mapping verification,UNDECIDED_OFFLINE,TOTS3.SA,true,revalidated history/liquidity evidence,v0.37 is offline; prior price-derived evidence is not current
WS:BVMF:UGPA3,BR_IBRX100,BVMF,UGPA3,PASS,MAPPING_PRESENT_NOT_REVALIDATED,PASS_HISTORY_PRIOR_EVIDENCE,PASS_STANDARD_PRIOR_EVIDENCE,SCALABLE_NOT_VERIFIED,true,P1,ELIGIBILITY_RECOMPUTE_AFTER_REFRESH,Mapping verification,UNDECIDED_OFFLINE,UGPA3.SA,true,revalidated history/liquidity evidence,v0.37 is offline; prior price-derived evidence is not current
WS:BVMF:USIM5,BR_IBRX100,BVMF,USIM5,FAIL,MAPPING_PRESENT_NOT_REVALIDATED,HISTORY_NOT_CHECKED,LIQUIDITY_NOT_CHECKED,SCALABLE_NOT_VERIFIED,true,P0_BLOCKED,NO_STANDARD_REFRESH_INSTRUMENT_FAIL,Instrument remediation,UNDECIDED_OFFLINE,USIM5,true,revalidated history/liquidity evidence,v0.37 is offline; prior price-derived evidence is not current
WS:BVMF:VALE3,BR_IBRX100,BVMF,VALE3,PASS,MAPPING_PRESENT_NOT_REVALIDATED,PASS_HISTORY_PRIOR_EVIDENCE,PASS_STANDARD_PRIOR_EVIDENCE,SCALABLE_NOT_VERIFIED,true,P1,ELIGIBILITY_RECOMPUTE_AFTER_REFRESH,Mapping verification,UNDECIDED_OFFLINE,VALE3.SA,true,revalidated history/liquidity evidence,v0.37 is offline; prior price-derived evidence is not current
WS:BVMF:VAMO3,BR_IBRX100,BVMF,VAMO3,PASS,MAPPING_PRESENT_NOT_REVALIDATED,HISTORY_NOT_CHECKED,LOW_LIQUIDITY_EXCEPTION_POOL_PRIOR,SCALABLE_NOT_VERIFIED,true,P1,PRICE_HISTORY_REFRESH_REQUIRED,Mapping verification,UNDECIDED_OFFLINE,VAMO3.SA,true,revalidated history/liquidity evidence,v0.37 is offline; prior price-derived evidence is not current
WS:BVMF:VBBR3,BR_IBRX100,BVMF,VBBR3,PASS,MAPPING_PRESENT_NOT_REVALIDATED,PASS_HISTORY_PRIOR_EVIDENCE,PASS_STANDARD_PRIOR_EVIDENCE,SCALABLE_NOT_VERIFIED,true,P1,ELIGIBILITY_RECOMPUTE_AFTER_REFRESH,Mapping verification,UNDECIDED_OFFLINE,VBBR3.SA,true,revalidated history/liquidity evidence,v0.37 is offline; prior price-derived evidence is not current
WS:BVMF:VIVA3,BR_IBRX100,BVMF,VIVA3,PASS,MAPPING_PRESENT_NOT_REVALIDATED,HISTORY_NOT_CHECKED,LOW_LIQUIDITY_EXCEPTION_POOL_PRIOR,SCALABLE_NOT_VERIFIED,true,P1,PRICE_HISTORY_REFRESH_REQUIRED,Mapping verification,UNDECIDED_OFFLINE,VIVA3.SA,true,revalidated history/liquidity evidence,v0.37 is offline; prior price-derived evidence is not current
WS:BVMF:VIVT3,BR_IBRX100,BVMF,VIVT3,PASS,MAPPING_PRESENT_NOT_REVALIDATED,PASS_HISTORY_PRIOR_EVIDENCE,PASS_STANDARD_PRIOR_EVIDENCE,SCALABLE_NOT_VERIFIED,true,P1,ELIGIBILITY_RECOMPUTE_AFTER_REFRESH,Mapping verification,UNDECIDED_OFFLINE,VIVT3.SA,true,revalidated history/liquidity evidence,v0.37 is offline; prior price-derived evidence is not current
WS:BVMF:WEGE3,BR_IBRX100,BVMF,WEGE3,PASS,MAPPING_PRESENT_NOT_REVALIDATED,PASS_HISTORY_PRIOR_EVIDENCE,PASS_STANDARD_PRIOR_EVIDENCE,SCALABLE_NOT_VERIFIED,true,P1,ELIGIBILITY_RECOMPUTE_AFTER_REFRESH,Mapping verification,UNDECIDED_OFFLINE,WEGE3.SA,true,revalidated history/liquidity evidence,v0.37 is offline; prior price-derived evidence is not current
WS:BVMF:YDUQ3,BR_IBRX100,BVMF,YDUQ3,PASS,MAPPING_PRESENT_NOT_REVALIDATED,HISTORY_NOT_CHECKED,LOW_LIQUIDITY_EXCEPTION_POOL_PRIOR,SCALABLE_NOT_VERIFIED,true,P1,PRICE_HISTORY_REFRESH_REQUIRED,Mapping verification,UNDECIDED_OFFLINE,YDUQ3.SA,true,revalidated history/liquidity evidence,v0.37 is offline; prior price-derived evidence is not current
