Projection_Order,Security_Key,Source_WS_ID,Primary_MIC,Primary_Ticker,Provider_Symbol,raw_bar_count,valid_bar_count,invalid_bar_count,invalid_share,affected_dates,defect_reasons,stale_status,suspicious_return_count,suspicious_return_status,higher_priority_blocker_status,canonical_qa_status,canonical_qa_reason,filtered_policy_result,old_cache_state,old_reason,proposed_cache_state,proposed_reason,state_change_reason
1,WSSEC:WS:BVMF:ABEV3,WS:BVMF:ABEV3,BVMF,ABEV3,ABEV3.SA,505,505,0,0.0,,,NOT_STALE,0,NONE,NONE,READY,,PASS_CLEAN,READY,,READY,,UNCHANGED
2,WSSEC:WS:BVMF:ALOS3,WS:BVMF:ALOS3,BVMF,ALOS3,ALOS3.SA,505,505,0,0.0,,,NOT_STALE,0,NONE,NONE,READY,,PASS_CLEAN,READY,,READY,,UNCHANGED
3,WSSEC:WS:BVMF:AXIA3,WS:BVMF:AXIA3,BVMF,AXIA3,AXIA3.SA,505,505,0,0.0,,,NOT_STALE,0,NONE,NONE,READY,,PASS_CLEAN,READY,,READY,,UNCHANGED
4,WSSEC:WS:BVMF:B3SA3,WS:BVMF:B3SA3,BVMF,B3SA3,B3SA3.SA,505,505,0,0.0,,,NOT_STALE,0,NONE,NONE,READY,,PASS_CLEAN,READY,,READY,,UNCHANGED
5,WSSEC:WS:BVMF:BBAS3,WS:BVMF:BBAS3,BVMF,BBAS3,BBAS3.SA,505,505,0,0.0,,,NOT_STALE,0,NONE,NONE,READY,,PASS_CLEAN,READY,,READY,,UNCHANGED
6,WSSEC:WS:BVMF:BBSE3,WS:BVMF:BBSE3,BVMF,BBSE3,BBSE3.SA,505,505,0,0.0,,,NOT_STALE,0,NONE,NONE,READY,,PASS_CLEAN,READY,,READY,,UNCHANGED
7,WSSEC:WS:BVMF:CPLE3,WS:BVMF:CPLE3,BVMF,CPLE3,CPLE3.SA,505,505,0,0.0,,,NOT_STALE,0,NONE,NONE,READY,,PASS_CLEAN,READY,,READY,,UNCHANGED
8,WSSEC:WS:BVMF:CSAN3,WS:BVMF:CSAN3,BVMF,CSAN3,CSAN3.SA,505,505,0,0.0,,,NOT_STALE,0,NONE,NONE,READY,,PASS_CLEAN,READY,,READY,,UNCHANGED
9,WSSEC:WS:BVMF:CSMG3,WS:BVMF:CSMG3,BVMF,CSMG3,CSMG3.SA,505,505,0,0.0,,,NOT_STALE,0,NONE,NONE,READY,,PASS_CLEAN,READY,,READY,,UNCHANGED
10,WSSEC:WS:BVMF:CURY3,WS:BVMF:CURY3,BVMF,CURY3,CURY3.SA,505,505,0,0.0,,,NOT_STALE,0,NONE,NONE,READY,,PASS_CLEAN,READY,,READY,,UNCHANGED
11,WSSEC:WS:BVMF:CXSE3,WS:BVMF:CXSE3,BVMF,CXSE3,CXSE3.SA,505,505,0,0.0,,,NOT_STALE,0,NONE,NONE,READY,,PASS_CLEAN,READY,,READY,,UNCHANGED
12,WSSEC:WS:BVMF:CYRE3,WS:BVMF:CYRE3,BVMF,CYRE3,CYRE3.SA,505,505,0,0.0,,,NOT_STALE,0,NONE,NONE,READY,,PASS_CLEAN,READY,,READY,,UNCHANGED
13,WSSEC:WS:BVMF:EGIE3,WS:BVMF:EGIE3,BVMF,EGIE3,EGIE3.SA,505,505,0,0.0,,,NOT_STALE,0,NONE,NONE,READY,,PASS_CLEAN,READY,,READY,,UNCHANGED
14,WSSEC:WS:BVMF:EMBJ3,WS:BVMF:EMBJ3,BVMF,EMBJ3,EMBJ3.SA,505,505,0,0.0,,,NOT_STALE,0,NONE,NONE,READY,,PASS_CLEAN,READY,,READY,,UNCHANGED
15,WSSEC:WS:BVMF:ENEV3,WS:BVMF:ENEV3,BVMF,ENEV3,ENEV3.SA,505,505,0,0.0,,,NOT_STALE,0,NONE,NONE,READY,,PASS_CLEAN,READY,,READY,,UNCHANGED
16,WSSEC:WS:BVMF:EQTL3,WS:BVMF:EQTL3,BVMF,EQTL3,EQTL3.SA,505,505,0,0.0,,,NOT_STALE,0,NONE,NONE,READY,,PASS_CLEAN,READY,,READY,,UNCHANGED
17,WSSEC:WS:BVMF:LREN3,WS:BVMF:LREN3,BVMF,LREN3,LREN3.SA,505,505,0,0.0,,,NOT_STALE,0,NONE,NONE,READY,,PASS_CLEAN,READY,,READY,,UNCHANGED
18,WSSEC:WS:BVMF:MBRF3,WS:BVMF:MBRF3,BVMF,MBRF3,MBRF3.SA,505,505,0,0.0,,,NOT_STALE,0,NONE,NONE,READY,,PASS_CLEAN,READY,,READY,,UNCHANGED
19,WSSEC:WS:BVMF:MGLU3,WS:BVMF:MGLU3,BVMF,MGLU3,MGLU3.SA,505,505,0,0.0,,,NOT_STALE,0,NONE,NONE,READY,,PASS_CLEAN,READY,,READY,,UNCHANGED
20,WSSEC:WS:BVMF:MOTV3,WS:BVMF:MOTV3,BVMF,MOTV3,MOTV3.SA,505,505,0,0.0,,,NOT_STALE,0,NONE,NONE,READY,,PASS_CLEAN,READY,,READY,,UNCHANGED
21,WSSEC:WS:BVMF:MULT3,WS:BVMF:MULT3,BVMF,MULT3,MULT3.SA,505,505,0,0.0,,,NOT_STALE,0,NONE,NONE,READY,,PASS_CLEAN,READY,,READY,,UNCHANGED
22,WSSEC:WS:BVMF:PETR3,WS:BVMF:PETR3,BVMF,PETR3,PETR3.SA,505,505,0,0.0,,,NOT_STALE,0,NONE,NONE,READY,,PASS_CLEAN,READY,,READY,,UNCHANGED
23,WSSEC:WS:BVMF:PRIO3,WS:BVMF:PRIO3,BVMF,PRIO3,PRIO3.SA,505,505,0,0.0,,,NOT_STALE,0,NONE,NONE,READY,,PASS_CLEAN,READY,,READY,,UNCHANGED
24,WSSEC:WS:BVMF:RADL3,WS:BVMF:RADL3,BVMF,RADL3,RADL3.SA,505,505,0,0.0,,,NOT_STALE,0,NONE,NONE,READY,,PASS_CLEAN,READY,,READY,,UNCHANGED
25,WSSEC:WS:BVMF:RAIL3,WS:BVMF:RAIL3,BVMF,RAIL3,RAIL3.SA,505,505,0,0.0,,,NOT_STALE,0,NONE,NONE,READY,,PASS_CLEAN,READY,,READY,,UNCHANGED
26,WSSEC:WS:BVMF:RDOR3,WS:BVMF:RDOR3,BVMF,RDOR3,RDOR3.SA,505,505,0,0.0,,,NOT_STALE,0,NONE,NONE,READY,,PASS_CLEAN,READY,,READY,,UNCHANGED
27,WSSEC:WS:BVMF:RENT3,WS:BVMF:RENT3,BVMF,RENT3,RENT3.SA,505,505,0,0.0,,,NOT_STALE,0,NONE,NONE,READY,,PASS_CLEAN,READY,,READY,,UNCHANGED
28,WSSEC:WS:BVMF:SBSP3,WS:BVMF:SBSP3,BVMF,SBSP3,SBSP3.SA,505,505,0,0.0,,,NOT_STALE,0,NONE,NONE,READY,,PASS_CLEAN,READY,,READY,,UNCHANGED
29,WSSEC:WS:BVMF:SMFT3,WS:BVMF:SMFT3,BVMF,SMFT3,SMFT3.SA,505,505,0,0.0,,,NOT_STALE,0,NONE,NONE,READY,,PASS_CLEAN,READY,,READY,,UNCHANGED
30,WSSEC:WS:BVMF:SUZB3,WS:BVMF:SUZB3,BVMF,SUZB3,SUZB3.SA,505,505,0,0.0,,,NOT_STALE,0,NONE,NONE,READY,,PASS_CLEAN,READY,,READY,,UNCHANGED
31,WSSEC:WS:BVMF:TIMS3,WS:BVMF:TIMS3,BVMF,TIMS3,TIMS3.SA,505,505,0,0.0,,,NOT_STALE,0,NONE,NONE,READY,,PASS_CLEAN,READY,,READY,,UNCHANGED
32,WSSEC:WS:BVMF:TOTS3,WS:BVMF:TOTS3,BVMF,TOTS3,TOTS3.SA,505,505,0,0.0,,,NOT_STALE,0,NONE,NONE,READY,,PASS_CLEAN,READY,,READY,,UNCHANGED
33,WSSEC:WS:BVMF:UGPA3,WS:BVMF:UGPA3,BVMF,UGPA3,UGPA3.SA,505,505,0,0.0,,,NOT_STALE,0,NONE,NONE,READY,,PASS_CLEAN,READY,,READY,,UNCHANGED
34,WSSEC:WS:BVMF:VALE3,WS:BVMF:VALE3,BVMF,VALE3,VALE3.SA,505,505,0,0.0,,,NOT_STALE,0,NONE,NONE,READY,,PASS_CLEAN,READY,,READY,,UNCHANGED
35,WSSEC:WS:BVMF:VBBR3,WS:BVMF:VBBR3,BVMF,VBBR3,VBBR3.SA,505,505,0,0.0,,,NOT_STALE,0,NONE,NONE,READY,,PASS_CLEAN,READY,,READY,,UNCHANGED
36,WSSEC:WS:BVMF:VIVT3,WS:BVMF:VIVT3,BVMF,VIVT3,VIVT3.SA,505,505,0,0.0,,,NOT_STALE,0,NONE,NONE,READY,,PASS_CLEAN,READY,,READY,,UNCHANGED
37,WSSEC:WS:BVMF:WEGE3,WS:BVMF:WEGE3,BVMF,WEGE3,WEGE3.SA,505,505,0,0.0,,,NOT_STALE,0,NONE,NONE,READY,,PASS_CLEAN,READY,,READY,,UNCHANGED
38,WSSEC:WS:ISIN:INE002A01018,WS:ISIN:INE002A01018,XNSE,RELIANCE,RELIANCE.NS,507,507,0,0.0,,,NOT_STALE,0,NONE,NONE,READY,,PASS_CLEAN,READY,,READY,,UNCHANGED
39,WSSEC:WS:ISIN:INE009A01021,WS:ISIN:INE009A01021,XNSE,INFY,INFY.NS,507,507,0,0.0,,,NOT_STALE,0,NONE,NONE,READY,,PASS_CLEAN,READY,,READY,,UNCHANGED
40,WSSEC:WS:ISIN:INE018A01030,WS:ISIN:INE018A01030,XNSE,LT,LT.NS,507,507,0,0.0,,,NOT_STALE,0,NONE,NONE,READY,,PASS_CLEAN,READY,,READY,,UNCHANGED
41,WSSEC:WS:ISIN:INE019A01038,WS:ISIN:INE019A01038,XNSE,JSWSTEEL,JSWSTEEL.NS,507,507,0,0.0,,,NOT_STALE,0,NONE,NONE,READY,,PASS_CLEAN,READY,,READY,,UNCHANGED
42,WSSEC:WS:ISIN:INE021A01026,WS:ISIN:INE021A01026,XNSE,ASIANPAINT,ASIANPAINT.NS,507,507,0,0.0,,,NOT_STALE,0,NONE,NONE,READY,,PASS_CLEAN,READY,,READY,,UNCHANGED
43,WSSEC:WS:ISIN:INE027H01010,WS:ISIN:INE027H01010,XNSE,MAXHEALTH,MAXHEALTH.NS,507,507,0,0.0,,,NOT_STALE,0,NONE,NONE,READY,,PASS_CLEAN,READY,,READY,,UNCHANGED
44,WSSEC:WS:ISIN:INE030A01027,WS:ISIN:INE030A01027,XNSE,HINDUNILVR,HINDUNILVR.NS,507,507,0,0.0,,,NOT_STALE,0,NONE,NONE,READY,,PASS_CLEAN,READY,,READY,,UNCHANGED
45,WSSEC:WS:ISIN:INE038A01020,WS:ISIN:INE038A01020,XNSE,HINDALCO,HINDALCO.NS,507,507,0,0.0,,,NOT_STALE,0,NONE,NONE,READY,,PASS_CLEAN,READY,,READY,,UNCHANGED
46,WSSEC:WS:ISIN:INE040A01034,WS:ISIN:INE040A01034,XNSE,HDFCBANK,HDFCBANK.NS,507,507,0,0.0,,,NOT_STALE,0,NONE,NONE,READY,,PASS_CLEAN,READY,,READY,,UNCHANGED
47,WSSEC:WS:ISIN:INE044A01036,WS:ISIN:INE044A01036,XNSE,SUNPHARMA,SUNPHARMA.NS,507,507,0,0.0,,,NOT_STALE,0,NONE,NONE,READY,,PASS_CLEAN,READY,,READY,,UNCHANGED
48,WSSEC:WS:ISIN:INE047A01021,WS:ISIN:INE047A01021,XNSE,GRASIM,GRASIM.NS,507,507,0,0.0,,,NOT_STALE,0,NONE,NONE,READY,,PASS_CLEAN,READY,,READY,,UNCHANGED
49,WSSEC:WS:ISIN:INE062A01020,WS:ISIN:INE062A01020,XNSE,SBIN,SBIN.NS,507,507,0,0.0,,,NOT_STALE,0,NONE,NONE,READY,,PASS_CLEAN,READY,,READY,,UNCHANGED
50,WSSEC:WS:ISIN:INE066A01021,WS:ISIN:INE066A01021,XNSE,EICHERMOT,EICHERMOT.NS,507,507,0,0.0,,,NOT_STALE,0,NONE,NONE,READY,,PASS_CLEAN,READY,,READY,,UNCHANGED
51,WSSEC:WS:ISIN:INE081A01020,WS:ISIN:INE081A01020,XNSE,TATASTEEL,TATASTEEL.NS,507,507,0,0.0,,,NOT_STALE,0,NONE,NONE,READY,,PASS_CLEAN,READY,,READY,,UNCHANGED
52,WSSEC:WS:ISIN:INE089A01031,WS:ISIN:INE089A01031,XNSE,DRREDDY,DRREDDY.NS,507,507,0,0.0,,,NOT_STALE,0,NONE,NONE,READY,,PASS_CLEAN,READY,,READY,,UNCHANGED
53,WSSEC:WS:ISIN:INE090A01021,WS:ISIN:INE090A01021,XNSE,ICICIBANK,ICICIBANK.NS,507,507,0,0.0,,,NOT_STALE,0,NONE,NONE,READY,,PASS_CLEAN,READY,,READY,,UNCHANGED
54,WSSEC:WS:ISIN:INE101A01026,WS:ISIN:INE101A01026,XNSE,M&M,M&M.NS,507,507,0,0.0,,,NOT_STALE,0,NONE,NONE,READY,,PASS_CLEAN,READY,,READY,,UNCHANGED
55,WSSEC:WS:ISIN:INE154A01025,WS:ISIN:INE154A01025,XNSE,ITC,ITC.NS,507,507,0,0.0,,,NOT_STALE,0,NONE,NONE,READY,,PASS_CLEAN,READY,,READY,,UNCHANGED
56,WSSEC:WS:ISIN:INE155A01022,WS:ISIN:INE155A01022,XNSE,TMPV,TMPV.NS,507,507,0,0.0,,,NOT_STALE,0,NONE,NONE,READY,,PASS_CLEAN,READY,,READY,,UNCHANGED
57,WSSEC:WS:ISIN:INE213A01029,WS:ISIN:INE213A01029,XNSE,ONGC,ONGC.NS,507,507,0,0.0,,,NOT_STALE,0,NONE,NONE,READY,,PASS_CLEAN,READY,,READY,,UNCHANGED
58,WSSEC:WS:ISIN:INE237A01036,WS:ISIN:INE237A01036,XNSE,KOTAKBANK,KOTAKBANK.NS,507,507,0,0.0,,,NOT_STALE,0,NONE,NONE,READY,,PASS_CLEAN,READY,,READY,,UNCHANGED
59,WSSEC:WS:ISIN:INE238A01034,WS:ISIN:INE238A01034,XNSE,AXISBANK,AXISBANK.NS,507,507,0,0.0,,,NOT_STALE,0,NONE,NONE,READY,,PASS_CLEAN,READY,,READY,,UNCHANGED
60,WSSEC:WS:ISIN:INE239A01024,WS:ISIN:INE239A01024,XNSE,NESTLEIND,NESTLEIND.NS,507,507,0,0.0,,,NOT_STALE,0,NONE,NONE,READY,,PASS_CLEAN,READY,,READY,,UNCHANGED
61,WSSEC:WS:ISIN:INE263A01024,WS:ISIN:INE263A01024,XNSE,BEL,BEL.NS,507,507,0,0.0,,,NOT_STALE,0,NONE,NONE,READY,,PASS_CLEAN,READY,,READY,,UNCHANGED
62,WSSEC:WS:ISIN:INE280A01028,WS:ISIN:INE280A01028,XNSE,TITAN,TITAN.NS,507,507,0,0.0,,,NOT_STALE,0,NONE,NONE,READY,,PASS_CLEAN,READY,,READY,,UNCHANGED
63,WSSEC:WS:ISIN:INE296A01032,WS:ISIN:INE296A01032,XNSE,BAJFINANCE,BAJFINANCE.NS,507,507,0,0.0,,,NOT_STALE,0,NONE,NONE,READY,,PASS_CLEAN,READY,,READY,,UNCHANGED
64,WSSEC:WS:ISIN:INE397D01024,WS:ISIN:INE397D01024,XNSE,BHARTIARTL,BHARTIARTL.NS,507,507,0,0.0,,,NOT_STALE,0,NONE,NONE,READY,,PASS_CLEAN,READY,,READY,,UNCHANGED
65,WSSEC:WS:ISIN:INE423A01024,WS:ISIN:INE423A01024,XNSE,ADANIENT,ADANIENT.NS,507,507,0,0.0,,,NOT_STALE,0,NONE,NONE,READY,,PASS_CLEAN,READY,,READY,,UNCHANGED
66,WSSEC:WS:ISIN:INE437A01024,WS:ISIN:INE437A01024,XNSE,APOLLOHOSP,APOLLOHOSP.NS,507,507,0,0.0,,,NOT_STALE,0,NONE,NONE,READY,,PASS_CLEAN,READY,,READY,,UNCHANGED
67,WSSEC:WS:ISIN:INE467B01029,WS:ISIN:INE467B01029,XNSE,TCS,TCS.NS,507,507,0,0.0,,,NOT_STALE,0,NONE,NONE,READY,,PASS_CLEAN,READY,,READY,,UNCHANGED
68,WSSEC:WS:ISIN:INE481G01011,WS:ISIN:INE481G01011,XNSE,ULTRACEMCO,ULTRACEMCO.NS,507,507,0,0.0,,,NOT_STALE,0,NONE,NONE,READY,,PASS_CLEAN,READY,,READY,,UNCHANGED
69,WSSEC:WS:ISIN:INE522F01014,WS:ISIN:INE522F01014,XNSE,COALINDIA,COALINDIA.NS,507,507,0,0.0,,,NOT_STALE,0,NONE,NONE,READY,,PASS_CLEAN,READY,,READY,,UNCHANGED
70,WSSEC:WS:ISIN:INE585B01010,WS:ISIN:INE585B01010,XNSE,MARUTI,MARUTI.NS,507,507,0,0.0,,,NOT_STALE,0,NONE,NONE,READY,,PASS_CLEAN,READY,,READY,,UNCHANGED
71,WSSEC:WS:ISIN:INE646L01027,WS:ISIN:INE646L01027,XNSE,INDIGO,INDIGO.NS,506,506,0,0.0,,,NOT_STALE,0,NONE,NONE,READY,,PASS_CLEAN,READY,,READY,,UNCHANGED
72,WSSEC:WS:ISIN:INE669C01036,WS:ISIN:INE669C01036,XNSE,TECHM,TECHM.NS,507,507,0,0.0,,,NOT_STALE,0,NONE,NONE,READY,,PASS_CLEAN,READY,,READY,,UNCHANGED
73,WSSEC:WS:ISIN:INE721A01047,WS:ISIN:INE721A01047,XNSE,SHRIRAMFIN,SHRIRAMFIN.NS,507,507,0,0.0,,,NOT_STALE,0,NONE,NONE,READY,,PASS_CLEAN,READY,,READY,,UNCHANGED
74,WSSEC:WS:ISIN:INE733E01010,WS:ISIN:INE733E01010,XNSE,NTPC,NTPC.NS,507,507,0,0.0,,,NOT_STALE,0,NONE,NONE,READY,,PASS_CLEAN,READY,,READY,,UNCHANGED
75,WSSEC:WS:ISIN:INE742F01042,WS:ISIN:INE742F01042,XNSE,ADANIPORTS,ADANIPORTS.NS,507,507,0,0.0,,,NOT_STALE,0,NONE,NONE,READY,,PASS_CLEAN,READY,,READY,,UNCHANGED
76,WSSEC:WS:ISIN:INE752E01010,WS:ISIN:INE752E01010,XNSE,POWERGRID,POWERGRID.NS,507,507,0,0.0,,,NOT_STALE,0,NONE,NONE,READY,,PASS_CLEAN,READY,,READY,,UNCHANGED
77,WSSEC:WS:ISIN:INE758E01017,WS:ISIN:INE758E01017,XNSE,JIOFIN,JIOFIN.NS,507,507,0,0.0,,,NOT_STALE,0,NONE,NONE,READY,,PASS_CLEAN,READY,,READY,,UNCHANGED
78,WSSEC:WS:ISIN:INE758T01015,WS:ISIN:INE758T01015,XNSE,ETERNAL,ETERNAL.NS,507,507,0,0.0,,,NOT_STALE,0,NONE,NONE,READY,,PASS_CLEAN,READY,,READY,,UNCHANGED
79,WSSEC:WS:ISIN:INE849A01020,WS:ISIN:INE849A01020,XNSE,TRENT,TRENT.NS,507,507,0,0.0,,,NOT_STALE,0,NONE,NONE,READY,,PASS_CLEAN,READY,,READY,,UNCHANGED
80,WSSEC:WS:ISIN:INE860A01027,WS:ISIN:INE860A01027,XNSE,HCLTECH,HCLTECH.NS,507,507,0,0.0,,,NOT_STALE,0,NONE,NONE,READY,,PASS_CLEAN,READY,,READY,,UNCHANGED
81,WSSEC:WS:ISIN:INE917I01010,WS:ISIN:INE917I01010,XNSE,BAJAJ-AUTO,BAJAJ-AUTO.NS,507,507,0,0.0,,,NOT_STALE,0,NONE,NONE,READY,,PASS_CLEAN,READY,,READY,,UNCHANGED
82,WSSEC:WS:ISIN:INE918I01026,WS:ISIN:INE918I01026,XNSE,BAJAJFINSV,BAJAJFINSV.NS,507,507,0,0.0,,,NOT_STALE,0,NONE,NONE,READY,,PASS_CLEAN,READY,,READY,,UNCHANGED
83,WSSEC:WS:ISIN:KYG022421088,WS:ISIN:KYG022421088,XTAI,3661,3661.TW,492,492,0,0.0,,,NOT_STALE,0,NONE,NONE,READY,,PASS_CLEAN,READY,,READY,,UNCHANGED
84,WSSEC:WS:ISIN:KYG114741062,WS:ISIN:KYG114741062,XTAI,3665,3665.TW,492,492,0,0.0,,,NOT_STALE,0,NONE,NONE,READY,,PASS_CLEAN,READY,,READY,,UNCHANGED
85,WSSEC:WS:ISIN:KYG989221000,WS:ISIN:KYG989221000,XTAI,4958,4958.TW,492,492,0,0.0,,,NOT_STALE,0,NONE,NONE,READY,,PASS_CLEAN,READY,,READY,,UNCHANGED
86,WSSEC:WS:ISIN:TW0001216000,WS:ISIN:TW0001216000,XTAI,1216,1216.TW,492,492,0,0.0,,,NOT_STALE,0,NONE,NONE,READY,,PASS_CLEAN,READY,,READY,,UNCHANGED
87,WSSEC:WS:ISIN:TW0001303006,WS:ISIN:TW0001303006,XTAI,1303,1303.TW,492,492,0,0.0,,,NOT_STALE,0,NONE,NONE,READY,,PASS_CLEAN,READY,,READY,,UNCHANGED
88,WSSEC:WS:ISIN:TW0002059003,WS:ISIN:TW0002059003,XTAI,2059,2059.TW,492,492,0,0.0,,,NOT_STALE,0,NONE,NONE,READY,,PASS_CLEAN,READY,,READY,,UNCHANGED
89,WSSEC:WS:ISIN:TW0002301009,WS:ISIN:TW0002301009,XTAI,2301,2301.TW,492,492,0,0.0,,,NOT_STALE,0,NONE,NONE,READY,,PASS_CLEAN,READY,,READY,,UNCHANGED
90,WSSEC:WS:ISIN:TW0002303005,WS:ISIN:TW0002303005,XTAI,2303,2303.TW,492,492,0,0.0,,,NOT_STALE,0,NONE,NONE,READY,,PASS_CLEAN,READY,,READY,,UNCHANGED
91,WSSEC:WS:ISIN:TW0002308004,WS:ISIN:TW0002308004,XTAI,2308,2308.TW,492,492,0,0.0,,,NOT_STALE,0,NONE,NONE,READY,,PASS_CLEAN,READY,,READY,,UNCHANGED
92,WSSEC:WS:ISIN:TW0002317005,WS:ISIN:TW0002317005,XTAI,2317,2317.TW,492,492,0,0.0,,,NOT_STALE,0,NONE,NONE,READY,,PASS_CLEAN,READY,,READY,,UNCHANGED
93,WSSEC:WS:ISIN:TW0002327004,WS:ISIN:TW0002327004,XTAI,2327,2327.TW,492,492,0,0.0,,,NOT_STALE,0,NONE,NONE,READY,,PASS_CLEAN,READY,,READY,,UNCHANGED
94,WSSEC:WS:ISIN:TW0002330008,WS:ISIN:TW0002330008,XTAI,2330,2330.TW,492,492,0,0.0,,,NOT_STALE,0,NONE,NONE,READY,,PASS_CLEAN,READY,,READY,,UNCHANGED
95,WSSEC:WS:ISIN:TW0002344009,WS:ISIN:TW0002344009,XTAI,2344,2344.TW,492,492,0,0.0,,,NOT_STALE,0,NONE,NONE,READY,,PASS_CLEAN,READY,,READY,,UNCHANGED
96,WSSEC:WS:ISIN:TW0002345006,WS:ISIN:TW0002345006,XTAI,2345,2345.TW,492,492,0,0.0,,,NOT_STALE,0,NONE,NONE,READY,,PASS_CLEAN,READY,,READY,,UNCHANGED
97,WSSEC:WS:ISIN:TW0002357001,WS:ISIN:TW0002357001,XTAI,2357,2357.TW,492,492,0,0.0,,,NOT_STALE,0,NONE,NONE,READY,,PASS_CLEAN,READY,,READY,,UNCHANGED
98,WSSEC:WS:ISIN:TW0002360005,WS:ISIN:TW0002360005,XTAI,2360,2360.TW,492,492,0,0.0,,,NOT_STALE,0,NONE,NONE,READY,,PASS_CLEAN,READY,,READY,,UNCHANGED
99,WSSEC:WS:ISIN:TW0002368008,WS:ISIN:TW0002368008,XTAI,2368,2368.TW,492,492,0,0.0,,,NOT_STALE,0,NONE,NONE,READY,,PASS_CLEAN,READY,,READY,,UNCHANGED
100,WSSEC:WS:ISIN:TW0002382009,WS:ISIN:TW0002382009,XTAI,2382,2382.TW,492,492,0,0.0,,,NOT_STALE,0,NONE,NONE,READY,,PASS_CLEAN,READY,,READY,,UNCHANGED
101,WSSEC:WS:ISIN:TW0002383007,WS:ISIN:TW0002383007,XTAI,2383,2383.TW,492,492,0,0.0,,,NOT_STALE,0,NONE,NONE,READY,,PASS_CLEAN,READY,,READY,,UNCHANGED
102,WSSEC:WS:ISIN:TW0002395001,WS:ISIN:TW0002395001,XTAI,2395,2395.TW,492,492,0,0.0,,,NOT_STALE,0,NONE,NONE,READY,,PASS_CLEAN,READY,,READY,,UNCHANGED
103,WSSEC:WS:ISIN:TW0002408002,WS:ISIN:TW0002408002,XTAI,2408,2408.TW,492,492,0,0.0,,,NOT_STALE,0,NONE,NONE,READY,,PASS_CLEAN,READY,,READY,,UNCHANGED
104,WSSEC:WS:ISIN:TW0002412004,WS:ISIN:TW0002412004,XTAI,2412,2412.TW,492,492,0,0.0,,,NOT_STALE,0,NONE,NONE,READY,,PASS_CLEAN,READY,,READY,,UNCHANGED
105,WSSEC:WS:ISIN:TW0002449006,WS:ISIN:TW0002449006,XTAI,2449,2449.TW,492,492,0,0.0,,,NOT_STALE,0,NONE,NONE,READY,,PASS_CLEAN,READY,,READY,,UNCHANGED
106,WSSEC:WS:ISIN:TW0002454006,WS:ISIN:TW0002454006,XTAI,2454,2454.TW,492,492,0,0.0,,,NOT_STALE,0,NONE,NONE,READY,,PASS_CLEAN,READY,,READY,,UNCHANGED
107,WSSEC:WS:ISIN:TW0002603008,WS:ISIN:TW0002603008,XTAI,2603,2603.TW,492,492,0,0.0,,,NOT_STALE,0,NONE,NONE,READY,,PASS_CLEAN,READY,,READY,,UNCHANGED
108,WSSEC:WS:ISIN:TW0002880002,WS:ISIN:TW0002880002,XTAI,2880,2880.TW,492,492,0,0.0,,,NOT_STALE,0,NONE,NONE,READY,,PASS_CLEAN,READY,,READY,,UNCHANGED
109,WSSEC:WS:ISIN:TW0002881000,WS:ISIN:TW0002881000,XTAI,2881,2881.TW,492,492,0,0.0,,,NOT_STALE,0,NONE,NONE,READY,,PASS_CLEAN,READY,,READY,,UNCHANGED
110,WSSEC:WS:ISIN:TW0002882008,WS:ISIN:TW0002882008,XTAI,2882,2882.TW,492,492,0,0.0,,,NOT_STALE,0,NONE,NONE,READY,,PASS_CLEAN,READY,,READY,,UNCHANGED
111,WSSEC:WS:ISIN:TW0002883006,WS:ISIN:TW0002883006,XTAI,2883,2883.TW,492,492,0,0.0,,,NOT_STALE,0,NONE,NONE,READY,,PASS_CLEAN,READY,,READY,,UNCHANGED
112,WSSEC:WS:ISIN:TW0002884004,WS:ISIN:TW0002884004,XTAI,2884,2884.TW,492,492,0,0.0,,,NOT_STALE,0,NONE,NONE,READY,,PASS_CLEAN,READY,,READY,,UNCHANGED
113,WSSEC:WS:ISIN:TW0002885001,WS:ISIN:TW0002885001,XTAI,2885,2885.TW,492,492,0,0.0,,,NOT_STALE,0,NONE,NONE,READY,,PASS_CLEAN,READY,,READY,,UNCHANGED
114,WSSEC:WS:ISIN:TW0002886009,WS:ISIN:TW0002886009,XTAI,2886,2886.TW,492,492,0,0.0,,,NOT_STALE,0,NONE,NONE,READY,,PASS_CLEAN,READY,,READY,,UNCHANGED
115,WSSEC:WS:ISIN:TW0002887007,WS:ISIN:TW0002887007,XTAI,2887,2887.TW,492,492,0,0.0,,,NOT_STALE,0,NONE,NONE,READY,,PASS_CLEAN,READY,,READY,,UNCHANGED
116,WSSEC:WS:ISIN:TW0002890001,WS:ISIN:TW0002890001,XTAI,2890,2890.TW,492,492,0,0.0,,,NOT_STALE,0,NONE,NONE,READY,,PASS_CLEAN,READY,,READY,,UNCHANGED
117,WSSEC:WS:ISIN:TW0002891009,WS:ISIN:TW0002891009,XTAI,2891,2891.TW,492,492,0,0.0,,,NOT_STALE,0,NONE,NONE,READY,,PASS_CLEAN,READY,,READY,,UNCHANGED
118,WSSEC:WS:ISIN:TW0002892007,WS:ISIN:TW0002892007,XTAI,2892,2892.TW,492,492,0,0.0,,,NOT_STALE,0,NONE,NONE,READY,,PASS_CLEAN,READY,,READY,,UNCHANGED
119,WSSEC:WS:ISIN:TW0003008009,WS:ISIN:TW0003008009,XTAI,3008,3008.TW,492,492,0,0.0,,,NOT_STALE,0,NONE,NONE,READY,,PASS_CLEAN,READY,,READY,,UNCHANGED
120,WSSEC:WS:ISIN:TW0003017000,WS:ISIN:TW0003017000,XTAI,3017,3017.TW,492,492,0,0.0,,,NOT_STALE,0,NONE,NONE,READY,,PASS_CLEAN,READY,,READY,,UNCHANGED
121,WSSEC:WS:ISIN:TW0003037008,WS:ISIN:TW0003037008,XTAI,3037,3037.TW,492,492,0,0.0,,,NOT_STALE,0,NONE,NONE,READY,,PASS_CLEAN,READY,,READY,,UNCHANGED
122,WSSEC:WS:ISIN:TW0003045001,WS:ISIN:TW0003045001,XTAI,3045,3045.TW,492,492,0,0.0,,,NOT_STALE,0,NONE,NONE,READY,,PASS_CLEAN,READY,,READY,,UNCHANGED
123,WSSEC:WS:ISIN:TW0003231007,WS:ISIN:TW0003231007,XTAI,3231,3231.TW,492,492,0,0.0,,,NOT_STALE,0,NONE,NONE,READY,,PASS_CLEAN,READY,,READY,,UNCHANGED
124,WSSEC:WS:ISIN:TW0003443008,WS:ISIN:TW0003443008,XTAI,3443,3443.TW,492,492,0,0.0,,,NOT_STALE,0,NONE,NONE,READY,,PASS_CLEAN,READY,,READY,,UNCHANGED
125,WSSEC:WS:ISIN:TW0003653002,WS:ISIN:TW0003653002,XTAI,3653,3653.TW,492,492,0,0.0,,,NOT_STALE,0,NONE,NONE,READY,,PASS_CLEAN,READY,,READY,,UNCHANGED
126,WSSEC:WS:ISIN:TW0004904008,WS:ISIN:TW0004904008,XTAI,4904,4904.TW,492,492,0,0.0,,,NOT_STALE,0,NONE,NONE,READY,,PASS_CLEAN,READY,,READY,,UNCHANGED
127,WSSEC:WS:ISIN:TW0006505001,WS:ISIN:TW0006505001,XTAI,6505,6505.TW,492,492,0,0.0,,,NOT_STALE,0,NONE,NONE,READY,,PASS_CLEAN,READY,,READY,,UNCHANGED
128,WSSEC:WS:ISIN:TW0008046004,WS:ISIN:TW0008046004,XTAI,8046,8046.TW,492,492,0,0.0,,,NOT_STALE,0,NONE,NONE,READY,,PASS_CLEAN,READY,,READY,,UNCHANGED
129,WSSEC:WS:XASX:ALD,WS:XASX:ALD,XASX,ALD,ALD.AX,507,507,0,0.0,,,NOT_STALE,0,NONE,NONE,READY,,PASS_CLEAN,READY,,READY,,UNCHANGED
130,WSSEC:WS:XASX:ALL,WS:XASX:ALL,XASX,ALL,ALL.AX,507,507,0,0.0,,,NOT_STALE,0,NONE,NONE,READY,,PASS_CLEAN,READY,,READY,,UNCHANGED
131,WSSEC:WS:XASX:ALQ,WS:XASX:ALQ,XASX,ALQ,ALQ.AX,507,507,0,0.0,,,NOT_STALE,0,NONE,NONE,READY,,PASS_CLEAN,READY,,READY,,UNCHANGED
132,WSSEC:WS:XASX:ANZ,WS:XASX:ANZ,XASX,ANZ,ANZ.AX,507,506,1,0.0019723865877712033,2024-11-15,CLOSE_OUTSIDE_RANGE,NOT_STALE,0,NONE,NONE,READY,ISOLATED_INVALID_BAR_EXCLUDED,PASS_ISOLATED_INVALID_BAR,QUARANTINE,STRICT_OHLC_RELATION_FAIL,READY,ISOLATED_INVALID_BAR_EXCLUDED,CANONICAL_FILTERED_INVALID_BAR_POLICY_ALIGNMENT
133,WSSEC:WS:XASX:ASX,WS:XASX:ASX,XASX,ASX,ASX.AX,507,507,0,0.0,,,NOT_STALE,0,NONE,NONE,READY,,PASS_CLEAN,READY,,READY,,UNCHANGED
134,WSSEC:WS:XASX:AZJ,WS:XASX:AZJ,XASX,AZJ,AZJ.AX,507,507,0,0.0,,,NOT_STALE,0,NONE,NONE,READY,,PASS_CLEAN,READY,,READY,,UNCHANGED
135,WSSEC:WS:XASX:BHP,WS:XASX:BHP,XASX,BHP,BHP.AX,507,507,0,0.0,,,NOT_STALE,0,NONE,NONE,READY,,PASS_CLEAN,READY,,READY,,UNCHANGED
136,WSSEC:WS:XASX:BSL,WS:XASX:BSL,XASX,BSL,BSL.AX,507,506,1,0.0019723865877712033,2024-11-15,CLOSE_OUTSIDE_RANGE,NOT_STALE,0,NONE,NONE,READY,ISOLATED_INVALID_BAR_EXCLUDED,PASS_ISOLATED_INVALID_BAR,QUARANTINE,STRICT_OHLC_RELATION_FAIL,READY,ISOLATED_INVALID_BAR_EXCLUDED,CANONICAL_FILTERED_INVALID_BAR_POLICY_ALIGNMENT
137,WSSEC:WS:XASX:BXB,WS:XASX:BXB,XASX,BXB,BXB.AX,507,506,1,0.0019723865877712033,2024-11-15,CLOSE_OUTSIDE_RANGE,NOT_STALE,0,NONE,NONE,READY,ISOLATED_INVALID_BAR_EXCLUDED,PASS_ISOLATED_INVALID_BAR,QUARANTINE,STRICT_OHLC_RELATION_FAIL,READY,ISOLATED_INVALID_BAR_EXCLUDED,CANONICAL_FILTERED_INVALID_BAR_POLICY_ALIGNMENT
138,WSSEC:WS:XASX:CAR,WS:XASX:CAR,XASX,CAR,CAR.AX,507,507,0,0.0,,,NOT_STALE,0,NONE,NONE,READY,,PASS_CLEAN,READY,,READY,,UNCHANGED
139,WSSEC:WS:XASX:CBA,WS:XASX:CBA,XASX,CBA,CBA.AX,507,506,1,0.0019723865877712033,2024-11-15,CLOSE_OUTSIDE_RANGE,NOT_STALE,0,NONE,NONE,READY,ISOLATED_INVALID_BAR_EXCLUDED,PASS_ISOLATED_INVALID_BAR,QUARANTINE,STRICT_OHLC_RELATION_FAIL,READY,ISOLATED_INVALID_BAR_EXCLUDED,CANONICAL_FILTERED_INVALID_BAR_POLICY_ALIGNMENT
140,WSSEC:WS:XASX:CMM,WS:XASX:CMM,XASX,CMM,CMM.AX,507,507,0,0.0,,,NOT_STALE,0,NONE,NONE,READY,,PASS_CLEAN,READY,,READY,,UNCHANGED
141,WSSEC:WS:XASX:COH,WS:XASX:COH,XASX,COH,COH.AX,507,507,0,0.0,,,NOT_STALE,0,NONE,NONE,READY,,PASS_CLEAN,READY,,READY,,UNCHANGED
142,WSSEC:WS:XASX:COL,WS:XASX:COL,XASX,COL,COL.AX,507,507,0,0.0,,,NOT_STALE,0,NONE,NONE,READY,,PASS_CLEAN,READY,,READY,,UNCHANGED
143,WSSEC:WS:XASX:CPU,WS:XASX:CPU,XASX,CPU,CPU.AX,507,507,0,0.0,,,NOT_STALE,0,NONE,NONE,READY,,PASS_CLEAN,READY,,READY,,UNCHANGED
144,WSSEC:WS:XASX:CSL,WS:XASX:CSL,XASX,CSL,CSL.AX,507,507,0,0.0,,,NOT_STALE,0,NONE,NONE,READY,,PASS_CLEAN,READY,,READY,,UNCHANGED
145,WSSEC:WS:XASX:CWY,WS:XASX:CWY,XASX,CWY,CWY.AX,507,507,0,0.0,,,NOT_STALE,0,NONE,NONE,READY,,PASS_CLEAN,READY,,READY,,UNCHANGED
146,WSSEC:WS:XASX:EVN,WS:XASX:EVN,XASX,EVN,EVN.AX,507,507,0,0.0,,,NOT_STALE,0,NONE,NONE,READY,,PASS_CLEAN,READY,,READY,,UNCHANGED
147,WSSEC:WS:XASX:FMG,WS:XASX:FMG,XASX,FMG,FMG.AX,507,507,0,0.0,,,NOT_STALE,0,NONE,NONE,READY,,PASS_CLEAN,READY,,READY,,UNCHANGED
148,WSSEC:WS:XASX:GMD,WS:XASX:GMD,XASX,GMD,GMD.AX,507,507,0,0.0,,,NOT_STALE,0,NONE,NONE,READY,,PASS_CLEAN,READY,,READY,,UNCHANGED
149,WSSEC:WS:XASX:IAG,WS:XASX:IAG,XASX,IAG,IAG.AX,507,507,0,0.0,,,NOT_STALE,0,NONE,NONE,READY,,PASS_CLEAN,READY,,READY,,UNCHANGED
150,WSSEC:WS:XASX:IGO,WS:XASX:IGO,XASX,IGO,IGO.AX,507,507,0,0.0,,,NOT_STALE,0,NONE,NONE,READY,,PASS_CLEAN,READY,,READY,,UNCHANGED
151,WSSEC:WS:XASX:JBH,WS:XASX:JBH,XASX,JBH,JBH.AX,507,507,0,0.0,,,NOT_STALE,0,NONE,NONE,READY,,PASS_CLEAN,READY,,READY,,UNCHANGED
152,WSSEC:WS:XASX:LTR,WS:XASX:LTR,XASX,LTR,LTR.AX,507,507,0,0.0,,,NOT_STALE,0,NONE,NONE,READY,,PASS_CLEAN,READY,,READY,,UNCHANGED
153,WSSEC:WS:XASX:LYC,WS:XASX:LYC,XASX,LYC,LYC.AX,507,507,0,0.0,,,NOT_STALE,0,NONE,NONE,READY,,PASS_CLEAN,READY,,READY,,UNCHANGED
154,WSSEC:WS:XASX:MIN,WS:XASX:MIN,XASX,MIN,MIN.AX,507,507,0,0.0,,,NOT_STALE,0,NONE,NONE,READY,,PASS_CLEAN,READY,,READY,,UNCHANGED
155,WSSEC:WS:XASX:MP1,WS:XASX:MP1,XASX,MP1,MP1.AX,507,507,0,0.0,,,NOT_STALE,0,NONE,NONE,READY,,PASS_CLEAN,READY,,READY,,UNCHANGED
156,WSSEC:WS:XASX:MPL,WS:XASX:MPL,XASX,MPL,MPL.AX,507,507,0,0.0,,,NOT_STALE,0,NONE,NONE,READY,,PASS_CLEAN,READY,,READY,,UNCHANGED
157,WSSEC:WS:XASX:MQG,WS:XASX:MQG,XASX,MQG,MQG.AX,507,507,0,0.0,,,NOT_STALE,0,NONE,NONE,READY,,PASS_CLEAN,READY,,READY,,UNCHANGED
158,WSSEC:WS:XASX:NAB,WS:XASX:NAB,XASX,NAB,NAB.AX,507,507,0,0.0,,,NOT_STALE,0,NONE,NONE,READY,,PASS_CLEAN,READY,,READY,,UNCHANGED
159,WSSEC:WS:XASX:NST,WS:XASX:NST,XASX,NST,NST.AX,507,507,0,0.0,,,NOT_STALE,0,NONE,NONE,READY,,PASS_CLEAN,READY,,READY,,UNCHANGED
160,WSSEC:WS:XASX:NXT,WS:XASX:NXT,XASX,NXT,NXT.AX,507,506,1,0.0019723865877712033,2024-11-15,CLOSE_OUTSIDE_RANGE,NOT_STALE,0,NONE,NONE,READY,ISOLATED_INVALID_BAR_EXCLUDED,PASS_ISOLATED_INVALID_BAR,QUARANTINE,STRICT_OHLC_RELATION_FAIL,READY,ISOLATED_INVALID_BAR_EXCLUDED,CANONICAL_FILTERED_INVALID_BAR_POLICY_ALIGNMENT
161,WSSEC:WS:XASX:ORG,WS:XASX:ORG,XASX,ORG,ORG.AX,507,507,0,0.0,,,NOT_STALE,0,NONE,NONE,READY,,PASS_CLEAN,READY,,READY,,UNCHANGED
162,WSSEC:WS:XASX:ORI,WS:XASX:ORI,XASX,ORI,ORI.AX,507,507,0,0.0,,,NOT_STALE,0,NONE,NONE,READY,,PASS_CLEAN,READY,,READY,,UNCHANGED
163,WSSEC:WS:XASX:PDN,WS:XASX:PDN,XASX,PDN,PDN.AX,507,507,0,0.0,,,NOT_STALE,0,NONE,NONE,READY,,PASS_CLEAN,READY,,READY,,UNCHANGED
164,WSSEC:WS:XASX:PLS,WS:XASX:PLS,XASX,PLS,PLS.AX,507,507,0,0.0,,,NOT_STALE,0,NONE,NONE,READY,,PASS_CLEAN,READY,,READY,,UNCHANGED
165,WSSEC:WS:XASX:PME,WS:XASX:PME,XASX,PME,PME.AX,507,506,1,0.0019723865877712033,2024-11-15,CLOSE_OUTSIDE_RANGE,NOT_STALE,0,NONE,NONE,READY,ISOLATED_INVALID_BAR_EXCLUDED,PASS_ISOLATED_INVALID_BAR,QUARANTINE,STRICT_OHLC_RELATION_FAIL,READY,ISOLATED_INVALID_BAR_EXCLUDED,CANONICAL_FILTERED_INVALID_BAR_POLICY_ALIGNMENT
166,WSSEC:WS:XASX:PRU,WS:XASX:PRU,XASX,PRU,PRU.AX,507,507,0,0.0,,,NOT_STALE,0,NONE,NONE,READY,,PASS_CLEAN,READY,,READY,,UNCHANGED
167,WSSEC:WS:XASX:QAN,WS:XASX:QAN,XASX,QAN,QAN.AX,507,506,1,0.0019723865877712033,2024-11-15,CLOSE_OUTSIDE_RANGE,NOT_STALE,0,NONE,NONE,READY,ISOLATED_INVALID_BAR_EXCLUDED,PASS_ISOLATED_INVALID_BAR,QUARANTINE,STRICT_OHLC_RELATION_FAIL,READY,ISOLATED_INVALID_BAR_EXCLUDED,CANONICAL_FILTERED_INVALID_BAR_POLICY_ALIGNMENT
168,WSSEC:WS:XASX:QBE,WS:XASX:QBE,XASX,QBE,QBE.AX,507,507,0,0.0,,,NOT_STALE,0,NONE,NONE,READY,,PASS_CLEAN,READY,,READY,,UNCHANGED
169,WSSEC:WS:XASX:REA,WS:XASX:REA,XASX,REA,REA.AX,507,507,0,0.0,,,NOT_STALE,0,NONE,NONE,READY,,PASS_CLEAN,READY,,READY,,UNCHANGED
170,WSSEC:WS:XASX:RHC,WS:XASX:RHC,XASX,RHC,RHC.AX,507,507,0,0.0,,,NOT_STALE,0,NONE,NONE,READY,,PASS_CLEAN,READY,,READY,,UNCHANGED
171,WSSEC:WS:XASX:RIO,WS:XASX:RIO,XASX,RIO,RIO.AX,507,507,0,0.0,,,NOT_STALE,0,NONE,NONE,READY,,PASS_CLEAN,READY,,READY,,UNCHANGED
172,WSSEC:WS:XASX:RMS,WS:XASX:RMS,XASX,RMS,RMS.AX,507,507,0,0.0,,,NOT_STALE,0,NONE,NONE,READY,,PASS_CLEAN,READY,,READY,,UNCHANGED
173,WSSEC:WS:XASX:RRL,WS:XASX:RRL,XASX,RRL,RRL.AX,507,507,0,0.0,,,NOT_STALE,0,NONE,NONE,READY,,PASS_CLEAN,READY,,READY,,UNCHANGED
174,WSSEC:WS:XASX:S32,WS:XASX:S32,XASX,S32,S32.AX,507,507,0,0.0,,,NOT_STALE,0,NONE,NONE,READY,,PASS_CLEAN,READY,,READY,,UNCHANGED
175,WSSEC:WS:XASX:SDF,WS:XASX:SDF,XASX,SDF,SDF.AX,507,506,1,0.0019723865877712033,2024-11-15,CLOSE_OUTSIDE_RANGE,NOT_STALE,0,NONE,NONE,READY,ISOLATED_INVALID_BAR_EXCLUDED,PASS_ISOLATED_INVALID_BAR,QUARANTINE,STRICT_OHLC_RELATION_FAIL,READY,ISOLATED_INVALID_BAR_EXCLUDED,CANONICAL_FILTERED_INVALID_BAR_POLICY_ALIGNMENT
176,WSSEC:WS:XASX:SFR,WS:XASX:SFR,XASX,SFR,SFR.AX,507,507,0,0.0,,,NOT_STALE,0,NONE,NONE,READY,,PASS_CLEAN,READY,,READY,,UNCHANGED
177,WSSEC:WS:XASX:SHL,WS:XASX:SHL,XASX,SHL,SHL.AX,507,507,0,0.0,,,NOT_STALE,0,NONE,NONE,READY,,PASS_CLEAN,READY,,READY,,UNCHANGED
178,WSSEC:WS:XASX:SIG,WS:XASX:SIG,XASX,SIG,SIG.AX,507,507,0,0.0,,,NOT_STALE,0,NONE,NONE,READY,,PASS_CLEAN,READY,,READY,,UNCHANGED
179,WSSEC:WS:XASX:STO,WS:XASX:STO,XASX,STO,STO.AX,507,507,0,0.0,,,NOT_STALE,0,NONE,NONE,READY,,PASS_CLEAN,READY,,READY,,UNCHANGED
180,WSSEC:WS:XASX:SUN,WS:XASX:SUN,XASX,SUN,SUN.AX,507,507,0,0.0,,,NOT_STALE,0,NONE,NONE,READY,,PASS_CLEAN,READY,,READY,,UNCHANGED
181,WSSEC:WS:XASX:TLC,WS:XASX:TLC,XASX,TLC,TLC.AX,507,507,0,0.0,,,NOT_STALE,0,NONE,NONE,READY,,PASS_CLEAN,READY,,READY,,UNCHANGED
182,WSSEC:WS:XASX:TLS,WS:XASX:TLS,XASX,TLS,TLS.AX,507,507,0,0.0,,,NOT_STALE,0,NONE,NONE,READY,,PASS_CLEAN,READY,,READY,,UNCHANGED
183,WSSEC:WS:XASX:TLX,WS:XASX:TLX,XASX,TLX,TLX.AX,507,507,0,0.0,,,NOT_STALE,0,NONE,NONE,READY,,PASS_CLEAN,READY,,READY,,UNCHANGED
184,WSSEC:WS:XASX:WBC,WS:XASX:WBC,XASX,WBC,WBC.AX,507,507,0,0.0,,,NOT_STALE,0,NONE,NONE,READY,,PASS_CLEAN,READY,,READY,,UNCHANGED
185,WSSEC:WS:XASX:WDS,WS:XASX:WDS,XASX,WDS,WDS.AX,507,507,0,0.0,,,NOT_STALE,0,NONE,NONE,READY,,PASS_CLEAN,READY,,READY,,UNCHANGED
186,WSSEC:WS:XASX:WES,WS:XASX:WES,XASX,WES,WES.AX,507,507,0,0.0,,,NOT_STALE,0,NONE,NONE,READY,,PASS_CLEAN,READY,,READY,,UNCHANGED
187,WSSEC:WS:XASX:WGX,WS:XASX:WGX,XASX,WGX,WGX.AX,507,507,0,0.0,,,NOT_STALE,0,NONE,NONE,READY,,PASS_CLEAN,READY,,READY,,UNCHANGED
188,WSSEC:WS:XASX:WHC,WS:XASX:WHC,XASX,WHC,WHC.AX,507,507,0,0.0,,,NOT_STALE,0,NONE,NONE,READY,,PASS_CLEAN,READY,,READY,,UNCHANGED
189,WSSEC:WS:XASX:WOW,WS:XASX:WOW,XASX,WOW,WOW.AX,507,507,0,0.0,,,NOT_STALE,0,NONE,NONE,READY,,PASS_CLEAN,READY,,READY,,UNCHANGED
190,WSSEC:WS:XASX:WTC,WS:XASX:WTC,XASX,WTC,WTC.AX,507,507,0,0.0,,,NOT_STALE,0,NONE,NONE,READY,,PASS_CLEAN,READY,,READY,,UNCHANGED
191,WSSEC:WS:XASX:ZIP,WS:XASX:ZIP,XASX,ZIP,ZIP.AX,507,507,0,0.0,,,NOT_STALE,0,NONE,NONE,READY,,PASS_CLEAN,READY,,READY,,UNCHANGED
192,WSSEC:WS:XNAS:AAL,WS:XNAS:AAL,XNAS,AAL,AAL,500,500,0,0.0,,,NOT_STALE,0,NONE,NONE,READY,,PASS_CLEAN,READY,,READY,,UNCHANGED
193,WSSEC:WS:XNAS:AAON,WS:XNAS:AAON,XNAS,AAON,AAON,500,500,0,0.0,,,NOT_STALE,0,NONE,NONE,READY,,PASS_CLEAN,READY,,READY,,UNCHANGED
194,WSSEC:WS:XNAS:AAPL,WS:XNAS:AAPL,XNAS,AAPL,AAPL,508,508,0,0.0,,,NOT_STALE,0,NONE,NONE,READY,,PASS_CLEAN,READY,,READY,,UNCHANGED
195,WSSEC:WS:XNAS:ABNB,WS:XNAS:ABNB,XNAS,ABNB,ABNB,508,508,0,0.0,,,NOT_STALE,0,NONE,NONE,READY,,PASS_CLEAN,READY,,READY,,UNCHANGED
196,WSSEC:WS:XNAS:ADBE,WS:XNAS:ADBE,XNAS,ADBE,ADBE,508,508,0,0.0,,,NOT_STALE,0,NONE,NONE,READY,,PASS_CLEAN,READY,,READY,,UNCHANGED
197,WSSEC:WS:XNAS:ADI,WS:XNAS:ADI,XNAS,ADI,ADI,508,508,0,0.0,,,NOT_STALE,0,NONE,NONE,READY,,PASS_CLEAN,READY,,READY,,UNCHANGED
198,WSSEC:WS:XNAS:ADP,WS:XNAS:ADP,XNAS,ADP,ADP,508,508,0,0.0,,,NOT_STALE,0,NONE,NONE,READY,,PASS_CLEAN,READY,,READY,,UNCHANGED
199,WSSEC:WS:XNAS:ADSK,WS:XNAS:ADSK,XNAS,ADSK,ADSK,508,508,0,0.0,,,NOT_STALE,0,NONE,NONE,READY,,PASS_CLEAN,READY,,READY,,UNCHANGED
200,WSSEC:WS:XNAS:AEIS,WS:XNAS:AEIS,XNAS,AEIS,AEIS,500,500,0,0.0,,,NOT_STALE,0,NONE,NONE,READY,,PASS_CLEAN,READY,,READY,,UNCHANGED
201,WSSEC:WS:XNAS:AKAM,WS:XNAS:AKAM,XNAS,AKAM,AKAM,508,508,0,0.0,,,NOT_STALE,0,NONE,NONE,READY,,PASS_CLEAN,READY,,READY,,UNCHANGED
202,WSSEC:WS:XNAS:ALGM,WS:XNAS:ALGM,XNAS,ALGM,ALGM,500,500,0,0.0,,,NOT_STALE,0,NONE,NONE,READY,,PASS_CLEAN,READY,,READY,,UNCHANGED
203,WSSEC:WS:XNAS:ALGN,WS:XNAS:ALGN,XNAS,ALGN,ALGN,508,508,0,0.0,,,NOT_STALE,0,NONE,NONE,READY,,PASS_CLEAN,READY,,READY,,UNCHANGED
204,WSSEC:WS:XNAS:AMAT,WS:XNAS:AMAT,XNAS,AMAT,AMAT,508,508,0,0.0,,,NOT_STALE,0,NONE,NONE,READY,,PASS_CLEAN,READY,,READY,,UNCHANGED
205,WSSEC:WS:XNAS:AMGN,WS:XNAS:AMGN,XNAS,AMGN,AMGN,508,508,0,0.0,,,NOT_STALE,0,NONE,NONE,READY,,PASS_CLEAN,READY,,READY,,UNCHANGED
206,WSSEC:WS:XNAS:AMKR,WS:XNAS:AMKR,XNAS,AMKR,AMKR,500,500,0,0.0,,,NOT_STALE,0,NONE,NONE,READY,,PASS_CLEAN,READY,,READY,,UNCHANGED
207,WSSEC:WS:XNAS:AMZN,WS:XNAS:AMZN,XNAS,AMZN,AMZN,508,508,0,0.0,,,NOT_STALE,0,NONE,NONE,READY,,PASS_CLEAN,READY,,READY,,UNCHANGED
208,WSSEC:WS:XNAS:APP,WS:XNAS:APP,XNAS,APP,APP,508,508,0,0.0,,,NOT_STALE,0,NONE,NONE,READY,,PASS_CLEAN,READY,,READY,,UNCHANGED
209,WSSEC:WS:XNAS:APPF,WS:XNAS:APPF,XNAS,APPF,APPF,500,500,0,0.0,,,NOT_STALE,0,NONE,NONE,READY,,PASS_CLEAN,READY,,READY,,UNCHANGED
210,WSSEC:WS:XNAS:ARWR,WS:XNAS:ARWR,XNAS,ARWR,ARWR,500,500,0,0.0,,,NOT_STALE,0,NONE,NONE,READY,,PASS_CLEAN,READY,,READY,,UNCHANGED
211,WSSEC:WS:XNAS:AVAV,WS:XNAS:AVAV,XNAS,AVAV,AVAV,500,500,0,0.0,,,NOT_STALE,0,NONE,NONE,READY,,PASS_CLEAN,READY,,READY,,UNCHANGED
212,WSSEC:WS:XNAS:AVGO,WS:XNAS:AVGO,XNAS,AVGO,AVGO,508,508,0,0.0,,,NOT_STALE,0,NONE,NONE,READY,,PASS_CLEAN,READY,,READY,,UNCHANGED
213,WSSEC:WS:XNAS:AVT,WS:XNAS:AVT,XNAS,AVT,AVT,500,500,0,0.0,,,NOT_STALE,0,NONE,NONE,READY,,PASS_CLEAN,READY,,READY,,UNCHANGED
214,WSSEC:WS:XNAS:BHF,WS:XNAS:BHF,XNAS,BHF,BHF,500,500,0,0.0,,,NOT_STALE,0,NONE,NONE,READY,,PASS_CLEAN,READY,,READY,,UNCHANGED
215,WSSEC:WS:XNAS:BIIB,WS:XNAS:BIIB,XNAS,BIIB,BIIB,508,508,0,0.0,,,NOT_STALE,0,NONE,NONE,READY,,PASS_CLEAN,READY,,READY,,UNCHANGED
216,WSSEC:WS:XNAS:BKNG,WS:XNAS:BKNG,XNAS,BKNG,BKNG,508,508,0,0.0,,,NOT_STALE,0,NONE,NONE,READY,,PASS_CLEAN,READY,,READY,,UNCHANGED
217,WSSEC:WS:XNAS:BMRN,WS:XNAS:BMRN,XNAS,BMRN,BMRN,500,500,0,0.0,,,NOT_STALE,0,NONE,NONE,READY,,PASS_CLEAN,READY,,READY,,UNCHANGED
218,WSSEC:WS:XNAS:BRKR,WS:XNAS:BRKR,XNAS,BRKR,BRKR,500,500,0,0.0,,,NOT_STALE,0,NONE,NONE,READY,,PASS_CLEAN,READY,,READY,,UNCHANGED
219,WSSEC:WS:XNAS:BSY,WS:XNAS:BSY,XNAS,BSY,BSY,500,500,0,0.0,,,NOT_STALE,0,NONE,NONE,READY,,PASS_CLEAN,READY,,READY,,UNCHANGED
220,WSSEC:WS:XNAS:BTSG,WS:XNAS:BTSG,XNAS,BTSG,BTSG,500,500,0,0.0,,,NOT_STALE,0,NONE,NONE,READY,,PASS_CLEAN,READY,,READY,,UNCHANGED
221,WSSEC:WS:XNAS:CAR,WS:XNAS:CAR,XNAS,CAR,CAR,500,500,0,0.0,,,NOT_STALE,0,NONE,NONE,READY,,PASS_CLEAN,READY,,READY,,UNCHANGED
222,WSSEC:WS:XNAS:CART,WS:XNAS:CART,XNAS,CART,CART,500,500,0,0.0,,,NOT_STALE,0,NONE,NONE,READY,,PASS_CLEAN,READY,,READY,,UNCHANGED
223,WSSEC:WS:XNAS:CASY,WS:XNAS:CASY,XNAS,CASY,CASY,508,508,0,0.0,,,NOT_STALE,0,NONE,NONE,READY,,PASS_CLEAN,READY,,READY,,UNCHANGED
224,WSSEC:WS:XNAS:CBOE,WS:XNAS:CBOE,XNAS,CBOE,CBOE,508,508,0,0.0,,,NOT_STALE,0,NONE,NONE,READY,,PASS_CLEAN,READY,,READY,,UNCHANGED
225,WSSEC:WS:XNAS:CBSH,WS:XNAS:CBSH,XNAS,CBSH,CBSH,500,500,0,0.0,,,NOT_STALE,0,NONE,NONE,READY,,PASS_CLEAN,READY,,READY,,UNCHANGED
226,WSSEC:WS:XNAS:CDNS,WS:XNAS:CDNS,XNAS,CDNS,CDNS,508,508,0,0.0,,,NOT_STALE,0,NONE,NONE,READY,,PASS_CLEAN,READY,,READY,,UNCHANGED
227,WSSEC:WS:XNAS:CDW,WS:XNAS:CDW,XNAS,CDW,CDW,508,508,0,0.0,,,NOT_STALE,0,NONE,NONE,READY,,PASS_CLEAN,READY,,READY,,UNCHANGED
228,WSSEC:WS:XNAS:CELH,WS:XNAS:CELH,XNAS,CELH,CELH,500,500,0,0.0,,,NOT_STALE,0,NONE,NONE,READY,,PASS_CLEAN,READY,,READY,,UNCHANGED
229,WSSEC:WS:XNAS:CG,WS:XNAS:CG,XNAS,CG,CG,500,500,0,0.0,,,NOT_STALE,0,NONE,NONE,READY,,PASS_CLEAN,READY,,READY,,UNCHANGED
230,WSSEC:WS:XNAS:CGNX,WS:XNAS:CGNX,XNAS,CGNX,CGNX,500,500,0,0.0,,,NOT_STALE,0,NONE,NONE,READY,,PASS_CLEAN,READY,,READY,,UNCHANGED
231,WSSEC:WS:XNAS:CHDN,WS:XNAS:CHDN,XNAS,CHDN,CHDN,500,500,0,0.0,,,NOT_STALE,0,NONE,NONE,READY,,PASS_CLEAN,READY,,READY,,UNCHANGED
232,WSSEC:WS:XNAS:CHRD,WS:XNAS:CHRD,XNAS,CHRD,CHRD,500,500,0,0.0,,,NOT_STALE,0,NONE,NONE,READY,,PASS_CLEAN,READY,,READY,,UNCHANGED
233,WSSEC:WS:XNAS:CHRW,WS:XNAS:CHRW,XNAS,CHRW,CHRW,508,508,0,0.0,,,NOT_STALE,0,NONE,NONE,READY,,PASS_CLEAN,READY,,READY,,UNCHANGED
234,WSSEC:WS:XNAS:CINF,WS:XNAS:CINF,XNAS,CINF,CINF,508,508,0,0.0,,,NOT_STALE,0,NONE,NONE,READY,,PASS_CLEAN,READY,,READY,,UNCHANGED
235,WSSEC:WS:XNAS:CME,WS:XNAS:CME,XNAS,CME,CME,508,508,0,0.0,,,NOT_STALE,0,NONE,NONE,READY,,PASS_CLEAN,READY,,READY,,UNCHANGED
236,WSSEC:WS:XNAS:COIN,WS:XNAS:COIN,XNAS,COIN,COIN,508,508,0,0.0,,,NOT_STALE,0,NONE,NONE,READY,,PASS_CLEAN,READY,,READY,,UNCHANGED
237,WSSEC:WS:XNAS:COKE,WS:XNAS:COKE,XNAS,COKE,COKE,500,500,0,0.0,,,NOT_STALE,0,NONE,NONE,READY,,PASS_CLEAN,READY,,READY,,UNCHANGED
238,WSSEC:WS:XNAS:COLB,WS:XNAS:COLB,XNAS,COLB,COLB,500,500,0,0.0,,,NOT_STALE,0,NONE,NONE,READY,,PASS_CLEAN,READY,,READY,,UNCHANGED
239,WSSEC:WS:XNAS:COLM,WS:XNAS:COLM,XNAS,COLM,COLM,500,500,0,0.0,,,NOT_STALE,0,NONE,NONE,READY,,PASS_CLEAN,READY,,READY,,UNCHANGED
240,WSSEC:WS:XNAS:COST,WS:XNAS:COST,XNAS,COST,COST,508,508,0,0.0,,,NOT_STALE,0,NONE,NONE,READY,,PASS_CLEAN,READY,,READY,,UNCHANGED
241,WSSEC:WS:XNAS:CPRT,WS:XNAS:CPRT,XNAS,CPRT,CPRT,508,508,0,0.0,,,NOT_STALE,0,NONE,NONE,READY,,PASS_CLEAN,READY,,READY,,UNCHANGED
242,WSSEC:WS:XNAS:CROX,WS:XNAS:CROX,XNAS,CROX,CROX,500,500,0,0.0,,,NOT_STALE,0,NONE,NONE,READY,,PASS_CLEAN,READY,,READY,,UNCHANGED
243,WSSEC:WS:XNAS:CRUS,WS:XNAS:CRUS,XNAS,CRUS,CRUS,500,500,0,0.0,,,NOT_STALE,0,NONE,NONE,READY,,PASS_CLEAN,READY,,READY,,UNCHANGED
244,WSSEC:WS:XNAS:CRWD,WS:XNAS:CRWD,XNAS,CRWD,CRWD,508,508,0,0.0,,,NOT_STALE,0,NONE,NONE,READY,,PASS_CLEAN,READY,,READY,,UNCHANGED
245,WSSEC:WS:XNAS:CSCO,WS:XNAS:CSCO,XNAS,CSCO,CSCO,508,508,0,0.0,,,NOT_STALE,0,NONE,NONE,READY,,PASS_CLEAN,READY,,READY,,UNCHANGED
246,WSSEC:WS:XNAS:CTAS,WS:XNAS:CTAS,XNAS,CTAS,CTAS,508,508,0,0.0,,,NOT_STALE,0,NONE,NONE,READY,,PASS_CLEAN,READY,,READY,,UNCHANGED
247,WSSEC:WS:XNAS:CTSH,WS:XNAS:CTSH,XNAS,CTSH,CTSH,508,508,0,0.0,,,NOT_STALE,0,NONE,NONE,READY,,PASS_CLEAN,READY,,READY,,UNCHANGED
248,WSSEC:WS:XNAS:CVLT,WS:XNAS:CVLT,XNAS,CVLT,CVLT,500,500,0,0.0,,,NOT_STALE,0,NONE,NONE,READY,,PASS_CLEAN,READY,,READY,,UNCHANGED
249,WSSEC:WS:XNAS:CYTK,WS:XNAS:CYTK,XNAS,CYTK,CYTK,500,500,0,0.0,,,NOT_STALE,0,NONE,NONE,READY,,PASS_CLEAN,READY,,READY,,UNCHANGED
250,WSSEC:WS:XNAS:DBX,WS:XNAS:DBX,XNAS,DBX,DBX,500,500,0,0.0,,,NOT_STALE,0,NONE,NONE,READY,,PASS_CLEAN,READY,,READY,,UNCHANGED
251,WSSEC:WS:XNAS:DDOG,WS:XNAS:DDOG,XNAS,DDOG,DDOG,508,508,0,0.0,,,NOT_STALE,0,NONE,NONE,READY,,PASS_CLEAN,READY,,READY,,UNCHANGED
252,WSSEC:WS:XNAS:DLTR,WS:XNAS:DLTR,XNAS,DLTR,DLTR,508,508,0,0.0,,,NOT_STALE,0,NONE,NONE,READY,,PASS_CLEAN,READY,,READY,,UNCHANGED
253,WSSEC:WS:XNAS:DOCU,WS:XNAS:DOCU,XNAS,DOCU,DOCU,500,500,0,0.0,,,NOT_STALE,0,NONE,NONE,READY,,PASS_CLEAN,READY,,READY,,UNCHANGED
254,WSSEC:WS:XNAS:DUOL,WS:XNAS:DUOL,XNAS,DUOL,DUOL,500,500,0,0.0,,,NOT_STALE,0,NONE,NONE,READY,,PASS_CLEAN,READY,,READY,,UNCHANGED
255,WSSEC:WS:XNAS:DXCM,WS:XNAS:DXCM,XNAS,DXCM,DXCM,508,508,0,0.0,,,NOT_STALE,0,NONE,NONE,READY,,PASS_CLEAN,READY,,READY,,UNCHANGED
256,WSSEC:WS:XNAS:EBAY,WS:XNAS:EBAY,XNAS,EBAY,EBAY,508,508,0,0.0,,,NOT_STALE,0,NONE,NONE,READY,,PASS_CLEAN,READY,,READY,,UNCHANGED
257,WSSEC:WS:XNAS:ECHO,WS:XNAS:ECHO,XNAS,ECHO,ECHO,508,508,0,0.0,,,NOT_STALE,1,RESOLVED_EXISTING_AUTHORITY,NONE,QUARANTINE,SUSPICIOUS_RETURN_NEEDS_REPAIR,PASS_EXISTING_SUSPICIOUS_RECONCILIATION,READY,VERIFIED_EXTREME_RETURN,READY,VERIFIED_EXTREME_RETURN,UNCHANGED
258,WSSEC:WS:XNAS:EEFT,WS:XNAS:EEFT,XNAS,EEFT,EEFT,500,500,0,0.0,,,NOT_STALE,0,NONE,NONE,READY,,PASS_CLEAN,READY,,READY,,UNCHANGED
259,WSSEC:WS:XNAS:ENSG,WS:XNAS:ENSG,XNAS,ENSG,ENSG,500,500,0,0.0,,,NOT_STALE,0,NONE,NONE,READY,,PASS_CLEAN,READY,,READY,,UNCHANGED
260,WSSEC:WS:XNAS:ENTG,WS:XNAS:ENTG,XNAS,ENTG,ENTG,500,500,0,0.0,,,NOT_STALE,0,NONE,NONE,READY,,PASS_CLEAN,READY,,READY,,UNCHANGED
261,WSSEC:WS:XNAS:EWBC,WS:XNAS:EWBC,XNAS,EWBC,EWBC,500,500,0,0.0,,,NOT_STALE,0,NONE,NONE,READY,,PASS_CLEAN,READY,,READY,,UNCHANGED
262,WSSEC:WS:XNAS:EXEL,WS:XNAS:EXEL,XNAS,EXEL,EXEL,500,500,0,0.0,,,NOT_STALE,0,NONE,NONE,READY,,PASS_CLEAN,READY,,READY,,UNCHANGED
263,WSSEC:WS:XNAS:EXLS,WS:XNAS:EXLS,XNAS,EXLS,EXLS,500,500,0,0.0,,,NOT_STALE,0,NONE,NONE,READY,,PASS_CLEAN,READY,,READY,,UNCHANGED
264,WSSEC:WS:XNAS:EXPD,WS:XNAS:EXPD,XNAS,EXPD,EXPD,508,508,0,0.0,,,NOT_STALE,0,NONE,NONE,READY,,PASS_CLEAN,READY,,READY,,UNCHANGED
265,WSSEC:WS:XNAS:EXPE,WS:XNAS:EXPE,XNAS,EXPE,EXPE,508,508,0,0.0,,,NOT_STALE,0,NONE,NONE,READY,,PASS_CLEAN,READY,,READY,,UNCHANGED
266,WSSEC:WS:XNAS:EXPO,WS:XNAS:EXPO,XNAS,EXPO,EXPO,500,500,0,0.0,,,NOT_STALE,0,NONE,NONE,READY,,PASS_CLEAN,READY,,READY,,UNCHANGED
267,WSSEC:WS:XNAS:FANG,WS:XNAS:FANG,XNAS,FANG,FANG,508,508,0,0.0,,,NOT_STALE,0,NONE,NONE,READY,,PASS_CLEAN,READY,,READY,,UNCHANGED
268,WSSEC:WS:XNAS:FAST,WS:XNAS:FAST,XNAS,FAST,FAST,508,508,0,0.0,,,NOT_STALE,0,NONE,NONE,READY,,PASS_CLEAN,READY,,READY,,UNCHANGED
269,WSSEC:WS:XNAS:FCFS,WS:XNAS:FCFS,XNAS,FCFS,FCFS,500,500,0,0.0,,,NOT_STALE,0,NONE,NONE,READY,,PASS_CLEAN,READY,,READY,,UNCHANGED
270,WSSEC:WS:XNAS:FFIN,WS:XNAS:FFIN,XNAS,FFIN,FFIN,500,500,0,0.0,,,NOT_STALE,0,NONE,NONE,READY,,PASS_CLEAN,READY,,READY,,UNCHANGED
271,WSSEC:WS:XNAS:FFIV,WS:XNAS:FFIV,XNAS,FFIV,FFIV,508,508,0,0.0,,,NOT_STALE,0,NONE,NONE,READY,,PASS_CLEAN,READY,,READY,,UNCHANGED
272,WSSEC:WS:XNAS:FISV,WS:XNAS:FISV,XNAS,FISV,FISV,507,507,0,0.0,,,NOT_STALE,0,NONE,NONE,READY,,PASS_CLEAN,READY,,READY,,UNCHANGED
273,WSSEC:WS:XNAS:FIVE,WS:XNAS:FIVE,XNAS,FIVE,FIVE,500,500,0,0.0,,,NOT_STALE,0,NONE,NONE,READY,,PASS_CLEAN,READY,,READY,,UNCHANGED
274,WSSEC:WS:XNAS:FSLR,WS:XNAS:FSLR,XNAS,FSLR,FSLR,508,508,0,0.0,,,NOT_STALE,0,NONE,NONE,READY,,PASS_CLEAN,READY,,READY,,UNCHANGED
275,WSSEC:WS:XNAS:FTNT,WS:XNAS:FTNT,XNAS,FTNT,FTNT,508,508,0,0.0,,,NOT_STALE,0,NONE,NONE,READY,,PASS_CLEAN,READY,,READY,,UNCHANGED
276,WSSEC:WS:XNAS:GEHC,WS:XNAS:GEHC,XNAS,GEHC,GEHC,508,508,0,0.0,,,NOT_STALE,0,NONE,NONE,READY,,PASS_CLEAN,READY,,READY,,UNCHANGED
277,WSSEC:WS:XNAS:GILD,WS:XNAS:GILD,XNAS,GILD,GILD,508,508,0,0.0,,,NOT_STALE,0,NONE,NONE,READY,,PASS_CLEAN,READY,,READY,,UNCHANGED
278,WSSEC:WS:XNAS:GNTX,WS:XNAS:GNTX,XNAS,GNTX,GNTX,500,500,0,0.0,,,NOT_STALE,0,NONE,NONE,READY,,PASS_CLEAN,READY,,READY,,UNCHANGED
279,WSSEC:WS:XNAS:HALO,WS:XNAS:HALO,XNAS,HALO,HALO,500,500,0,0.0,,,NOT_STALE,0,NONE,NONE,READY,,PASS_CLEAN,READY,,READY,,UNCHANGED
280,WSSEC:WS:XNAS:HAS,WS:XNAS:HAS,XNAS,HAS,HAS,508,508,0,0.0,,,NOT_STALE,0,NONE,NONE,READY,,PASS_CLEAN,READY,,READY,,UNCHANGED
281,WSSEC:WS:XNAS:HLNE,WS:XNAS:HLNE,XNAS,HLNE,HLNE,500,500,0,0.0,,,NOT_STALE,0,NONE,NONE,READY,,PASS_CLEAN,READY,,READY,,UNCHANGED
282,WSSEC:WS:XNAS:HOOD,WS:XNAS:HOOD,XNAS,HOOD,HOOD,508,508,0,0.0,,,NOT_STALE,0,NONE,NONE,READY,,PASS_CLEAN,READY,,READY,,UNCHANGED
283,WSSEC:WS:XNAS:HQY,WS:XNAS:HQY,XNAS,HQY,HQY,500,500,0,0.0,,,NOT_STALE,0,NONE,NONE,READY,,PASS_CLEAN,READY,,READY,,UNCHANGED
284,WSSEC:WS:XNAS:HSIC,WS:XNAS:HSIC,XNAS,HSIC,HSIC,508,508,0,0.0,,,NOT_STALE,0,NONE,NONE,READY,,PASS_CLEAN,READY,,READY,,UNCHANGED
285,WSSEC:WS:XNAS:HWC,WS:XNAS:HWC,XNAS,HWC,HWC,500,500,0,0.0,,,NOT_STALE,0,NONE,NONE,READY,,PASS_CLEAN,READY,,READY,,UNCHANGED
286,WSSEC:WS:XNAS:IBKR,WS:XNAS:IBKR,XNAS,IBKR,IBKR,508,508,0,0.0,,,NOT_STALE,0,NONE,NONE,READY,,PASS_CLEAN,READY,,READY,,UNCHANGED
287,WSSEC:WS:XNAS:IBOC,WS:XNAS:IBOC,XNAS,IBOC,IBOC,500,500,0,0.0,,,NOT_STALE,0,NONE,NONE,READY,,PASS_CLEAN,READY,,READY,,UNCHANGED
288,WSSEC:WS:XNAS:IDCC,WS:XNAS:IDCC,XNAS,IDCC,IDCC,500,500,0,0.0,,,NOT_STALE,0,NONE,NONE,READY,,PASS_CLEAN,READY,,READY,,UNCHANGED
289,WSSEC:WS:XNAS:IDXX,WS:XNAS:IDXX,XNAS,IDXX,IDXX,508,508,0,0.0,,,NOT_STALE,0,NONE,NONE,READY,,PASS_CLEAN,READY,,READY,,UNCHANGED
290,WSSEC:WS:XNAS:IESC,WS:XNAS:IESC,XNAS,IESC,IESC,500,500,0,0.0,,,NOT_STALE,0,NONE,NONE,READY,,PASS_CLEAN,READY,,READY,,UNCHANGED
291,WSSEC:WS:XNAS:ILMN,WS:XNAS:ILMN,XNAS,ILMN,ILMN,500,500,0,0.0,,,NOT_STALE,0,NONE,NONE,READY,,PASS_CLEAN,READY,,READY,,UNCHANGED
292,WSSEC:WS:XNAS:INCY,WS:XNAS:INCY,XNAS,INCY,INCY,508,508,0,0.0,,,NOT_STALE,0,NONE,NONE,READY,,PASS_CLEAN,READY,,READY,,UNCHANGED
293,WSSEC:WS:XNAS:INTC,WS:XNAS:INTC,XNAS,INTC,INTC,508,508,0,0.0,,,NOT_STALE,0,NONE,NONE,READY,,PASS_CLEAN,READY,,READY,,UNCHANGED
294,WSSEC:WS:XNAS:INTU,WS:XNAS:INTU,XNAS,INTU,INTU,508,508,0,0.0,,,NOT_STALE,0,NONE,NONE,READY,,PASS_CLEAN,READY,,READY,,UNCHANGED
295,WSSEC:WS:XNAS:IPGP,WS:XNAS:IPGP,XNAS,IPGP,IPGP,500,500,0,0.0,,,NOT_STALE,0,NONE,NONE,READY,,PASS_CLEAN,READY,,READY,,UNCHANGED
296,WSSEC:WS:XNAS:ISRG,WS:XNAS:ISRG,XNAS,ISRG,ISRG,508,508,0,0.0,,,NOT_STALE,0,NONE,NONE,READY,,PASS_CLEAN,READY,,READY,,UNCHANGED
297,WSSEC:WS:XNAS:JAZZ,WS:XNAS:JAZZ,XNAS,JAZZ,JAZZ,500,500,0,0.0,,,NOT_STALE,0,NONE,NONE,READY,,PASS_CLEAN,READY,,READY,,UNCHANGED
298,WSSEC:WS:XNAS:JBHT,WS:XNAS:JBHT,XNAS,JBHT,JBHT,508,508,0,0.0,,,NOT_STALE,0,NONE,NONE,READY,,PASS_CLEAN,READY,,READY,,UNCHANGED
299,WSSEC:WS:XNAS:JKHY,WS:XNAS:JKHY,XNAS,JKHY,JKHY,508,508,0,0.0,,,NOT_STALE,0,NONE,NONE,READY,,PASS_CLEAN,READY,,READY,,UNCHANGED
300,WSSEC:WS:XNAS:KHC,WS:XNAS:KHC,XNAS,KHC,KHC,508,508,0,0.0,,,NOT_STALE,0,NONE,NONE,READY,,PASS_CLEAN,READY,,READY,,UNCHANGED
301,WSSEC:WS:XNAS:KLAC,WS:XNAS:KLAC,XNAS,KLAC,KLAC,508,508,0,0.0,,,NOT_STALE,0,NONE,NONE,READY,,PASS_CLEAN,READY,,READY,,UNCHANGED
302,WSSEC:WS:XNAS:KRYS,WS:XNAS:KRYS,XNAS,KRYS,KRYS,500,500,0,0.0,,,NOT_STALE,0,NONE,NONE,READY,,PASS_CLEAN,READY,,READY,,UNCHANGED
303,WSSEC:WS:XNAS:KTOS,WS:XNAS:KTOS,XNAS,KTOS,KTOS,500,500,0,0.0,,,NOT_STALE,0,NONE,NONE,READY,,PASS_CLEAN,READY,,READY,,UNCHANGED
304,WSSEC:WS:XNAS:LECO,WS:XNAS:LECO,XNAS,LECO,LECO,500,500,0,0.0,,,NOT_STALE,0,NONE,NONE,READY,,PASS_CLEAN,READY,,READY,,UNCHANGED
305,WSSEC:WS:XNAS:LFUS,WS:XNAS:LFUS,XNAS,LFUS,LFUS,500,500,0,0.0,,,NOT_STALE,0,NONE,NONE,READY,,PASS_CLEAN,READY,,READY,,UNCHANGED
306,WSSEC:WS:XNAS:LITE,WS:XNAS:LITE,XNAS,LITE,LITE,508,508,0,0.0,,,NOT_STALE,0,NONE,NONE,READY,,PASS_CLEAN,READY,,READY,,UNCHANGED
307,WSSEC:WS:XNAS:LIVN,WS:XNAS:LIVN,XNAS,LIVN,LIVN,500,500,0,0.0,,,NOT_STALE,0,NONE,NONE,READY,,PASS_CLEAN,READY,,READY,,UNCHANGED
308,WSSEC:WS:XNAS:LNT,WS:XNAS:LNT,XNAS,LNT,LNT,508,508,0,0.0,,,NOT_STALE,0,NONE,NONE,READY,,PASS_CLEAN,READY,,READY,,UNCHANGED
309,WSSEC:WS:XNAS:LNTH,WS:XNAS:LNTH,XNAS,LNTH,LNTH,500,500,0,0.0,,,NOT_STALE,0,NONE,NONE,READY,,PASS_CLEAN,READY,,READY,,UNCHANGED
310,WSSEC:WS:XNAS:LOPE,WS:XNAS:LOPE,XNAS,LOPE,LOPE,500,500,0,0.0,,,NOT_STALE,0,NONE,NONE,READY,,PASS_CLEAN,READY,,READY,,UNCHANGED
311,WSSEC:WS:XNAS:LSCC,WS:XNAS:LSCC,XNAS,LSCC,LSCC,500,500,0,0.0,,,NOT_STALE,0,NONE,NONE,READY,,PASS_CLEAN,READY,,READY,,UNCHANGED
312,WSSEC:WS:XNAS:LSTR,WS:XNAS:LSTR,XNAS,LSTR,LSTR,500,500,0,0.0,,,NOT_STALE,0,NONE,NONE,READY,,PASS_CLEAN,READY,,READY,,UNCHANGED
313,WSSEC:WS:XNAS:LULU,WS:XNAS:LULU,XNAS,LULU,LULU,508,508,0,0.0,,,NOT_STALE,0,NONE,NONE,READY,,PASS_CLEAN,READY,,READY,,UNCHANGED
314,WSSEC:WS:XNAS:MANH,WS:XNAS:MANH,XNAS,MANH,MANH,500,500,0,0.0,,,NOT_STALE,0,NONE,NONE,READY,,PASS_CLEAN,READY,,READY,,UNCHANGED
315,WSSEC:WS:XNAS:MAR,WS:XNAS:MAR,XNAS,MAR,MAR,508,508,0,0.0,,,NOT_STALE,0,NONE,NONE,READY,,PASS_CLEAN,READY,,READY,,UNCHANGED
316,WSSEC:WS:XNAS:MAT,WS:XNAS:MAT,XNAS,MAT,MAT,500,500,0,0.0,,,NOT_STALE,0,NONE,NONE,READY,,PASS_CLEAN,READY,,READY,,UNCHANGED
317,WSSEC:WS:XNAS:MCHP,WS:XNAS:MCHP,XNAS,MCHP,MCHP,508,508,0,0.0,,,NOT_STALE,0,NONE,NONE,READY,,PASS_CLEAN,READY,,READY,,UNCHANGED
318,WSSEC:WS:XNAS:MDLZ,WS:XNAS:MDLZ,XNAS,MDLZ,MDLZ,508,508,0,0.0,,,NOT_STALE,0,NONE,NONE,READY,,PASS_CLEAN,READY,,READY,,UNCHANGED
319,WSSEC:WS:XNAS:MEDP,WS:XNAS:MEDP,XNAS,MEDP,MEDP,500,500,0,0.0,,,NOT_STALE,1,RESOLVED_EXISTING_AUTHORITY,NONE,QUARANTINE,SUSPICIOUS_RETURN_NEEDS_REPAIR,PASS_EXISTING_SUSPICIOUS_RECONCILIATION,READY,VALIDATED_522_RECONCILIATION,READY,VALIDATED_522_RECONCILIATION,UNCHANGED
320,WSSEC:WS:XNAS:META,WS:XNAS:META,XNAS,META,META,508,508,0,0.0,,,NOT_STALE,0,NONE,NONE,READY,,PASS_CLEAN,READY,,READY,,UNCHANGED
321,WSSEC:WS:XNAS:MIDD,WS:XNAS:MIDD,XNAS,MIDD,MIDD,500,500,0,0.0,,,NOT_STALE,0,NONE,NONE,READY,,PASS_CLEAN,READY,,READY,,UNCHANGED
322,WSSEC:WS:XNAS:MKSI,WS:XNAS:MKSI,XNAS,MKSI,MKSI,500,500,0,0.0,,,NOT_STALE,0,NONE,NONE,READY,,PASS_CLEAN,READY,,READY,,UNCHANGED
323,WSSEC:WS:XNAS:MORN,WS:XNAS:MORN,XNAS,MORN,MORN,500,500,0,0.0,,,NOT_STALE,0,NONE,NONE,READY,,PASS_CLEAN,READY,,READY,,UNCHANGED
324,WSSEC:WS:XNAS:MPWR,WS:XNAS:MPWR,XNAS,MPWR,MPWR,508,508,0,0.0,,,NOT_STALE,0,NONE,NONE,READY,,PASS_CLEAN,READY,,READY,,UNCHANGED
325,WSSEC:WS:XNAS:MRNA,WS:XNAS:MRNA,XNAS,MRNA,MRNA,508,508,0,0.0,,,NOT_STALE,1,RESOLVED_EXISTING_AUTHORITY,NONE,QUARANTINE,SUSPICIOUS_RETURN_NEEDS_REPAIR,PASS_EXISTING_SUSPICIOUS_RECONCILIATION,READY,VERIFIED_EXTREME_RETURN,READY,VERIFIED_EXTREME_RETURN,UNCHANGED
326,WSSEC:WS:XNAS:MRVL,WS:XNAS:MRVL,XNAS,MRVL,MRVL,508,508,0,0.0,,,NOT_STALE,0,NONE,NONE,READY,,PASS_CLEAN,READY,,READY,,UNCHANGED
327,WSSEC:WS:XNAS:MSFT,WS:XNAS:MSFT,XNAS,MSFT,MSFT,508,508,0,0.0,,,NOT_STALE,0,NONE,NONE,READY,,PASS_CLEAN,READY,,READY,,UNCHANGED
328,WSSEC:WS:XNAS:MTSI,WS:XNAS:MTSI,XNAS,MTSI,MTSI,500,500,0,0.0,,,NOT_STALE,0,NONE,NONE,READY,,PASS_CLEAN,READY,,READY,,UNCHANGED
329,WSSEC:WS:XNAS:MU,WS:XNAS:MU,XNAS,MU,MU,508,508,0,0.0,,,NOT_STALE,0,NONE,NONE,READY,,PASS_CLEAN,READY,,READY,,UNCHANGED
330,WSSEC:WS:XNAS:MZTI,WS:XNAS:MZTI,XNAS,MZTI,MZTI,500,500,0,0.0,,,NOT_STALE,0,NONE,NONE,READY,,PASS_CLEAN,READY,,READY,,UNCHANGED
331,WSSEC:WS:XNAS:NBIX,WS:XNAS:NBIX,XNAS,NBIX,NBIX,500,500,0,0.0,,,NOT_STALE,0,NONE,NONE,READY,,PASS_CLEAN,READY,,READY,,UNCHANGED
332,WSSEC:WS:XNAS:NDAQ,WS:XNAS:NDAQ,XNAS,NDAQ,NDAQ,508,508,0,0.0,,,NOT_STALE,0,NONE,NONE,READY,,PASS_CLEAN,READY,,READY,,UNCHANGED
333,WSSEC:WS:XNAS:NDSN,WS:XNAS:NDSN,XNAS,NDSN,NDSN,508,508,0,0.0,,,NOT_STALE,0,NONE,NONE,READY,,PASS_CLEAN,READY,,READY,,UNCHANGED
334,WSSEC:WS:XNAS:NFLX,WS:XNAS:NFLX,XNAS,NFLX,NFLX,508,508,0,0.0,,,NOT_STALE,0,NONE,NONE,READY,,PASS_CLEAN,READY,,READY,,UNCHANGED
335,WSSEC:WS:XNAS:NOVT,WS:XNAS:NOVT,XNAS,NOVT,NOVT,500,500,0,0.0,,,NOT_STALE,0,NONE,NONE,READY,,PASS_CLEAN,READY,,READY,,UNCHANGED
336,WSSEC:WS:XNAS:NTNX,WS:XNAS:NTNX,XNAS,NTNX,NTNX,500,500,0,0.0,,,NOT_STALE,0,NONE,NONE,READY,,PASS_CLEAN,READY,,READY,,UNCHANGED
337,WSSEC:WS:XNAS:NTRS,WS:XNAS:NTRS,XNAS,NTRS,NTRS,508,508,0,0.0,,,NOT_STALE,0,NONE,NONE,READY,,PASS_CLEAN,READY,,READY,,UNCHANGED
338,WSSEC:WS:XNAS:NVDA,WS:XNAS:NVDA,XNAS,NVDA,NVDA,508,508,0,0.0,,,NOT_STALE,0,NONE,NONE,READY,,PASS_CLEAN,READY,,READY,,UNCHANGED
339,WSSEC:WS:XNAS:NWE,WS:XNAS:NWE,XNAS,NWE,NWE,500,500,0,0.0,,,NOT_STALE,0,NONE,NONE,READY,,PASS_CLEAN,READY,,READY,,UNCHANGED
340,WSSEC:WS:XNAS:NXST,WS:XNAS:NXST,XNAS,NXST,NXST,500,500,0,0.0,,,NOT_STALE,0,NONE,NONE,READY,,PASS_CLEAN,READY,,READY,,UNCHANGED
341,WSSEC:WS:XNAS:NXT,WS:XNAS:NXT,XNAS,NXT,NXT,500,500,0,0.0,,,NOT_STALE,0,NONE,NONE,READY,,PASS_CLEAN,READY,,READY,,UNCHANGED
342,WSSEC:WS:XNAS:ODFL,WS:XNAS:ODFL,XNAS,ODFL,ODFL,508,508,0,0.0,,,NOT_STALE,0,NONE,NONE,READY,,PASS_CLEAN,READY,,READY,,UNCHANGED
343,WSSEC:WS:XNAS:OKTA,WS:XNAS:OKTA,XNAS,OKTA,OKTA,500,500,0,0.0,,,NOT_STALE,0,NONE,NONE,READY,,PASS_CLEAN,READY,,READY,,UNCHANGED
344,WSSEC:WS:XNAS:OLED,WS:XNAS:OLED,XNAS,OLED,OLED,500,500,0,0.0,,,NOT_STALE,0,NONE,NONE,READY,,PASS_CLEAN,READY,,READY,,UNCHANGED
345,WSSEC:WS:XNAS:OLLI,WS:XNAS:OLLI,XNAS,OLLI,OLLI,500,500,0,0.0,,,NOT_STALE,0,NONE,NONE,READY,,PASS_CLEAN,READY,,READY,,UNCHANGED
346,WSSEC:WS:XNAS:ON,WS:XNAS:ON,XNAS,ON,ON,508,508,0,0.0,,,NOT_STALE,0,NONE,NONE,READY,,PASS_CLEAN,READY,,READY,,UNCHANGED
347,WSSEC:WS:XNAS:ONB,WS:XNAS:ONB,XNAS,ONB,ONB,500,500,0,0.0,,,NOT_STALE,0,NONE,NONE,READY,,PASS_CLEAN,READY,,READY,,UNCHANGED
348,WSSEC:WS:XNAS:OPCH,WS:XNAS:OPCH,XNAS,OPCH,OPCH,500,500,0,0.0,,,NOT_STALE,0,NONE,NONE,READY,,PASS_CLEAN,READY,,READY,,UNCHANGED
349,WSSEC:WS:XNAS:ORLY,WS:XNAS:ORLY,XNAS,ORLY,ORLY,508,508,0,0.0,,,NOT_STALE,0,NONE,NONE,READY,,PASS_CLEAN,READY,,READY,,UNCHANGED
350,WSSEC:WS:XNAS:OZK,WS:XNAS:OZK,XNAS,OZK,OZK,500,500,0,0.0,,,NOT_STALE,0,NONE,NONE,READY,,PASS_CLEAN,READY,,READY,,UNCHANGED
351,WSSEC:WS:XNAS:PANW,WS:XNAS:PANW,XNAS,PANW,PANW,508,508,0,0.0,,,NOT_STALE,0,NONE,NONE,READY,,PASS_CLEAN,READY,,READY,,UNCHANGED
352,WSSEC:WS:XNAS:PAYX,WS:XNAS:PAYX,XNAS,PAYX,PAYX,508,508,0,0.0,,,NOT_STALE,0,NONE,NONE,READY,,PASS_CLEAN,READY,,READY,,UNCHANGED
353,WSSEC:WS:XNAS:PCAR,WS:XNAS:PCAR,XNAS,PCAR,PCAR,508,508,0,0.0,,,NOT_STALE,0,NONE,NONE,READY,,PASS_CLEAN,READY,,READY,,UNCHANGED
354,WSSEC:WS:XNAS:PCTY,WS:XNAS:PCTY,XNAS,PCTY,PCTY,500,500,0,0.0,,,NOT_STALE,0,NONE,NONE,READY,,PASS_CLEAN,READY,,READY,,UNCHANGED
355,WSSEC:WS:XNAS:PEGA,WS:XNAS:PEGA,XNAS,PEGA,PEGA,500,500,0,0.0,,,NOT_STALE,0,NONE,NONE,READY,,PASS_CLEAN,READY,,READY,,UNCHANGED
356,WSSEC:WS:XNAS:PPC,WS:XNAS:PPC,XNAS,PPC,PPC,500,500,0,0.0,,,NOT_STALE,0,NONE,NONE,READY,,PASS_CLEAN,READY,,READY,,UNCHANGED
357,WSSEC:WS:XNAS:PTC,WS:XNAS:PTC,XNAS,PTC,PTC,508,508,0,0.0,,,NOT_STALE,0,NONE,NONE,READY,,PASS_CLEAN,READY,,READY,,UNCHANGED
358,WSSEC:WS:XNAS:PYPL,WS:XNAS:PYPL,XNAS,PYPL,PYPL,508,508,0,0.0,,,NOT_STALE,0,NONE,NONE,READY,,PASS_CLEAN,READY,,READY,,UNCHANGED
359,WSSEC:WS:XNAS:QCOM,WS:XNAS:QCOM,XNAS,QCOM,QCOM,508,508,0,0.0,,,NOT_STALE,0,NONE,NONE,READY,,PASS_CLEAN,READY,,READY,,UNCHANGED
360,WSSEC:WS:XNAS:QLYS,WS:XNAS:QLYS,XNAS,QLYS,QLYS,500,500,0,0.0,,,NOT_STALE,0,NONE,NONE,READY,,PASS_CLEAN,READY,,READY,,UNCHANGED
361,WSSEC:WS:XNAS:REGN,WS:XNAS:REGN,XNAS,REGN,REGN,508,508,0,0.0,,,NOT_STALE,0,NONE,NONE,READY,,PASS_CLEAN,READY,,READY,,UNCHANGED
362,WSSEC:WS:XNAS:RGEN,WS:XNAS:RGEN,XNAS,RGEN,RGEN,500,500,0,0.0,,,NOT_STALE,0,NONE,NONE,READY,,PASS_CLEAN,READY,,READY,,UNCHANGED
363,WSSEC:WS:XNAS:RGLD,WS:XNAS:RGLD,XNAS,RGLD,RGLD,500,500,0,0.0,,,NOT_STALE,0,NONE,NONE,READY,,PASS_CLEAN,READY,,READY,,UNCHANGED
364,WSSEC:WS:XNAS:RMBS,WS:XNAS:RMBS,XNAS,RMBS,RMBS,500,500,0,0.0,,,NOT_STALE,0,NONE,NONE,READY,,PASS_CLEAN,READY,,READY,,UNCHANGED
365,WSSEC:WS:XNAS:ROIV,WS:XNAS:ROIV,XNAS,ROIV,ROIV,500,500,0,0.0,,,NOT_STALE,0,NONE,NONE,READY,,PASS_CLEAN,READY,,READY,,UNCHANGED
366,WSSEC:WS:XNAS:ROKU,WS:XNAS:ROKU,XNAS,ROKU,ROKU,500,500,0,0.0,,,NOT_STALE,0,NONE,NONE,READY,,PASS_CLEAN,READY,,READY,,UNCHANGED
367,WSSEC:WS:XNAS:ROST,WS:XNAS:ROST,XNAS,ROST,ROST,508,508,0,0.0,,,NOT_STALE,0,NONE,NONE,READY,,PASS_CLEAN,READY,,READY,,UNCHANGED
368,WSSEC:WS:XNAS:SAIA,WS:XNAS:SAIA,XNAS,SAIA,SAIA,500,500,0,0.0,,,NOT_STALE,0,NONE,NONE,READY,,PASS_CLEAN,READY,,READY,,UNCHANGED
369,WSSEC:WS:XNAS:SAIC,WS:XNAS:SAIC,XNAS,SAIC,SAIC,500,500,0,0.0,,,NOT_STALE,0,NONE,NONE,READY,,PASS_CLEAN,READY,,READY,,UNCHANGED
370,WSSEC:WS:XNAS:SANM,WS:XNAS:SANM,XNAS,SANM,SANM,500,500,0,0.0,,,NOT_STALE,0,NONE,NONE,READY,,PASS_CLEAN,READY,,READY,,UNCHANGED
371,WSSEC:WS:XNAS:SBUX,WS:XNAS:SBUX,XNAS,SBUX,SBUX,508,508,0,0.0,,,NOT_STALE,0,NONE,NONE,READY,,PASS_CLEAN,READY,,READY,,UNCHANGED
372,WSSEC:WS:XNAS:SEIC,WS:XNAS:SEIC,XNAS,SEIC,SEIC,500,500,0,0.0,,,NOT_STALE,0,NONE,NONE,READY,,PASS_CLEAN,READY,,READY,,UNCHANGED
373,WSSEC:WS:XNAS:SFM,WS:XNAS:SFM,XNAS,SFM,SFM,500,500,0,0.0,,,NOT_STALE,0,NONE,NONE,READY,,PASS_CLEAN,READY,,READY,,UNCHANGED
374,WSSEC:WS:XNAS:SHC,WS:XNAS:SHC,XNAS,SHC,SHC,500,500,0,0.0,,,NOT_STALE,0,NONE,NONE,READY,,PASS_CLEAN,READY,,READY,,UNCHANGED
375,WSSEC:WS:XNAS:SIGI,WS:XNAS:SIGI,XNAS,SIGI,SIGI,500,500,0,0.0,,,NOT_STALE,0,NONE,NONE,READY,,PASS_CLEAN,READY,,READY,,UNCHANGED
376,WSSEC:WS:XNAS:SIRI,WS:XNAS:SIRI,XNAS,SIRI,SIRI,500,500,0,0.0,,,NOT_STALE,0,NONE,NONE,READY,,PASS_CLEAN,READY,,READY,,UNCHANGED
377,WSSEC:WS:XNAS:SITM,WS:XNAS:SITM,XNAS,SITM,SITM,500,500,0,0.0,,,NOT_STALE,0,NONE,NONE,READY,,PASS_CLEAN,READY,,READY,,UNCHANGED
378,WSSEC:WS:XNAS:SLAB,WS:XNAS:SLAB,XNAS,SLAB,SLAB,500,500,0,0.0,,,NOT_STALE,0,NONE,NONE,READY,,PASS_CLEAN,READY,,READY,,UNCHANGED
379,WSSEC:WS:XNAS:SLM,WS:XNAS:SLM,XNAS,SLM,SLM,500,500,0,0.0,,,NOT_STALE,0,NONE,NONE,READY,,PASS_CLEAN,READY,,READY,,UNCHANGED
380,WSSEC:WS:XNAS:SMTC,WS:XNAS:SMTC,XNAS,SMTC,SMTC,500,500,0,0.0,,,NOT_STALE,0,NONE,NONE,READY,,PASS_CLEAN,READY,,READY,,UNCHANGED
381,WSSEC:WS:XNAS:SNDK,WS:XNAS:SNDK,XNAS,SNDK,SNDK,405,405,0,0.0,,,NOT_STALE,0,NONE,NONE,READY,,PASS_CLEAN,READY,,READY,,UNCHANGED
382,WSSEC:WS:XNAS:SNPS,WS:XNAS:SNPS,XNAS,SNPS,SNPS,508,508,0,0.0,,,NOT_STALE,0,NONE,NONE,READY,,PASS_CLEAN,READY,,READY,,UNCHANGED
383,WSSEC:WS:XNAS:STLD,WS:XNAS:STLD,XNAS,STLD,STLD,508,508,0,0.0,,,NOT_STALE,0,NONE,NONE,READY,,PASS_CLEAN,READY,,READY,,UNCHANGED
384,WSSEC:WS:XNAS:STRL,WS:XNAS:STRL,XNAS,STRL,STRL,500,500,0,0.0,,,NOT_STALE,1,RESOLVED_EXISTING_AUTHORITY,NONE,QUARANTINE,SUSPICIOUS_RETURN_NEEDS_REPAIR,PASS_EXISTING_SUSPICIOUS_RECONCILIATION,READY,VALIDATED_522_RECONCILIATION,READY,VALIDATED_522_RECONCILIATION,UNCHANGED
385,WSSEC:WS:XNAS:SWKS,WS:XNAS:SWKS,XNAS,SWKS,SWKS,508,508,0,0.0,,,NOT_STALE,0,NONE,NONE,READY,,PASS_CLEAN,READY,,READY,,UNCHANGED
386,WSSEC:WS:XNAS:SYNA,WS:XNAS:SYNA,XNAS,SYNA,SYNA,500,500,0,0.0,,,NOT_STALE,0,NONE,NONE,READY,,PASS_CLEAN,READY,,READY,,UNCHANGED
387,WSSEC:WS:XNAS:TCBI,WS:XNAS:TCBI,XNAS,TCBI,TCBI,500,500,0,0.0,,,NOT_STALE,0,NONE,NONE,READY,,PASS_CLEAN,READY,,READY,,UNCHANGED
388,WSSEC:WS:XNAS:TECH,WS:XNAS:TECH,XNAS,TECH,TECH,508,508,0,0.0,,,NOT_STALE,0,NONE,NONE,READY,,PASS_CLEAN,READY,,READY,,UNCHANGED
389,WSSEC:WS:XNAS:TLN,WS:XNAS:TLN,XNAS,TLN,TLN,500,500,0,0.0,,,NOT_STALE,0,NONE,NONE,READY,,PASS_CLEAN,READY,,READY,,UNCHANGED
390,WSSEC:WS:XNAS:TMUS,WS:XNAS:TMUS,XNAS,TMUS,TMUS,508,508,0,0.0,,,NOT_STALE,0,NONE,NONE,READY,,PASS_CLEAN,READY,,READY,,UNCHANGED
391,WSSEC:WS:XNAS:TROW,WS:XNAS:TROW,XNAS,TROW,TROW,508,508,0,0.0,,,NOT_STALE,0,NONE,NONE,READY,,PASS_CLEAN,READY,,READY,,UNCHANGED
392,WSSEC:WS:XNAS:TSCO,WS:XNAS:TSCO,XNAS,TSCO,TSCO,508,508,0,0.0,,,NOT_STALE,0,NONE,NONE,READY,,PASS_CLEAN,READY,,READY,,UNCHANGED
393,WSSEC:WS:XNAS:TSLA,WS:XNAS:TSLA,XNAS,TSLA,TSLA,508,508,0,0.0,,,NOT_STALE,0,NONE,NONE,READY,,PASS_CLEAN,READY,,READY,,UNCHANGED
394,WSSEC:WS:XNAS:TTD,WS:XNAS:TTD,XNAS,TTD,TTD,508,508,0,0.0,,,NOT_STALE,0,NONE,NONE,READY,,PASS_CLEAN,READY,,READY,,UNCHANGED
395,WSSEC:WS:XNAS:TTEK,WS:XNAS:TTEK,XNAS,TTEK,TTEK,500,500,0,0.0,,,NOT_STALE,0,NONE,NONE,READY,,PASS_CLEAN,READY,,READY,,UNCHANGED
396,WSSEC:WS:XNAS:TTMI,WS:XNAS:TTMI,XNAS,TTMI,TTMI,500,500,0,0.0,,,NOT_STALE,0,NONE,NONE,READY,,PASS_CLEAN,READY,,READY,,UNCHANGED
397,WSSEC:WS:XNAS:TTWO,WS:XNAS:TTWO,XNAS,TTWO,TTWO,508,508,0,0.0,,,NOT_STALE,0,NONE,NONE,READY,,PASS_CLEAN,READY,,READY,,UNCHANGED
398,WSSEC:WS:XNAS:TXN,WS:XNAS:TXN,XNAS,TXN,TXN,508,508,0,0.0,,,NOT_STALE,0,NONE,NONE,READY,,PASS_CLEAN,READY,,READY,,UNCHANGED
399,WSSEC:WS:XNAS:TXRH,WS:XNAS:TXRH,XNAS,TXRH,TXRH,500,500,0,0.0,,,NOT_STALE,0,NONE,NONE,READY,,PASS_CLEAN,READY,,READY,,UNCHANGED
400,WSSEC:WS:XNAS:UBSI,WS:XNAS:UBSI,XNAS,UBSI,UBSI,500,500,0,0.0,,,NOT_STALE,0,NONE,NONE,READY,,PASS_CLEAN,READY,,READY,,UNCHANGED
401,WSSEC:WS:XNAS:UFPI,WS:XNAS:UFPI,XNAS,UFPI,UFPI,500,500,0,0.0,,,NOT_STALE,0,NONE,NONE,READY,,PASS_CLEAN,READY,,READY,,UNCHANGED
402,WSSEC:WS:XNAS:ULTA,WS:XNAS:ULTA,XNAS,ULTA,ULTA,508,508,0,0.0,,,NOT_STALE,0,NONE,NONE,READY,,PASS_CLEAN,READY,,READY,,UNCHANGED
403,WSSEC:WS:XNAS:UMBF,WS:XNAS:UMBF,XNAS,UMBF,UMBF,500,500,0,0.0,,,NOT_STALE,0,NONE,NONE,READY,,PASS_CLEAN,READY,,READY,,UNCHANGED
404,WSSEC:WS:XNAS:UTHR,WS:XNAS:UTHR,XNAS,UTHR,UTHR,500,500,0,0.0,,,NOT_STALE,0,NONE,NONE,READY,,PASS_CLEAN,READY,,READY,,UNCHANGED
405,WSSEC:WS:XNAS:VC,WS:XNAS:VC,XNAS,VC,VC,500,500,0,0.0,,,NOT_STALE,0,NONE,NONE,READY,,PASS_CLEAN,READY,,READY,,UNCHANGED
406,WSSEC:WS:XNAS:VIAV,WS:XNAS:VIAV,XNAS,VIAV,VIAV,500,500,0,0.0,,,NOT_STALE,0,NONE,NONE,READY,,PASS_CLEAN,READY,,READY,,UNCHANGED
407,WSSEC:WS:XNAS:VICR,WS:XNAS:VICR,XNAS,VICR,VICR,500,500,0,0.0,,,NOT_STALE,0,NONE,NONE,READY,,PASS_CLEAN,READY,,READY,,UNCHANGED
408,WSSEC:WS:XNAS:VLY,WS:XNAS:VLY,XNAS,VLY,VLY,500,500,0,0.0,,,NOT_STALE,0,NONE,NONE,READY,,PASS_CLEAN,READY,,READY,,UNCHANGED
409,WSSEC:WS:XNAS:VNOM,WS:XNAS:VNOM,XNAS,VNOM,VNOM,500,500,0,0.0,,,NOT_STALE,0,NONE,NONE,READY,,PASS_CLEAN,READY,,READY,,UNCHANGED
410,WSSEC:WS:XNAS:VRSK,WS:XNAS:VRSK,XNAS,VRSK,VRSK,508,508,0,0.0,,,NOT_STALE,0,NONE,NONE,READY,,PASS_CLEAN,READY,,READY,,UNCHANGED
411,WSSEC:WS:XNAS:VRSN,WS:XNAS:VRSN,XNAS,VRSN,VRSN,508,508,0,0.0,,,NOT_STALE,0,NONE,NONE,READY,,PASS_CLEAN,READY,,READY,,UNCHANGED
412,WSSEC:WS:XNAS:VRTX,WS:XNAS:VRTX,XNAS,VRTX,VRTX,508,508,0,0.0,,,NOT_STALE,0,NONE,NONE,READY,,PASS_CLEAN,READY,,READY,,UNCHANGED
413,WSSEC:WS:XNAS:VTRS,WS:XNAS:VTRS,XNAS,VTRS,VTRS,508,508,0,0.0,,,NOT_STALE,0,NONE,NONE,READY,,PASS_CLEAN,READY,,READY,,UNCHANGED
414,WSSEC:WS:XNAS:WBD,WS:XNAS:WBD,XNAS,WBD,WBD,508,508,0,0.0,,,NOT_STALE,0,NONE,NONE,READY,,PASS_CLEAN,READY,,READY,,UNCHANGED
415,WSSEC:WS:XNAS:WDC,WS:XNAS:WDC,XNAS,WDC,WDC,508,508,0,0.0,,,NOT_STALE,0,NONE,NONE,READY,,PASS_CLEAN,READY,,READY,,UNCHANGED
416,WSSEC:WS:XNAS:WFRD,WS:XNAS:WFRD,XNAS,WFRD,WFRD,500,500,0,0.0,,,NOT_STALE,0,NONE,NONE,READY,,PASS_CLEAN,READY,,READY,,UNCHANGED
417,WSSEC:WS:XNAS:WING,WS:XNAS:WING,XNAS,WING,WING,500,500,0,0.0,,,NOT_STALE,0,NONE,NONE,READY,,PASS_CLEAN,READY,,READY,,UNCHANGED
418,WSSEC:WS:XNAS:WMG,WS:XNAS:WMG,XNAS,WMG,WMG,500,500,0,0.0,,,NOT_STALE,0,NONE,NONE,READY,,PASS_CLEAN,READY,,READY,,UNCHANGED
419,WSSEC:WS:XNAS:WMT,WS:XNAS:WMT,XNAS,WMT,WMT,508,508,0,0.0,,,NOT_STALE,0,NONE,NONE,READY,,PASS_CLEAN,READY,,READY,,UNCHANGED
420,WSSEC:WS:XNAS:WTFC,WS:XNAS:WTFC,XNAS,WTFC,WTFC,500,500,0,0.0,,,NOT_STALE,0,NONE,NONE,READY,,PASS_CLEAN,READY,,READY,,UNCHANGED
421,WSSEC:WS:XNAS:WWD,WS:XNAS:WWD,XNAS,WWD,WWD,500,500,0,0.0,,,NOT_STALE,0,NONE,NONE,READY,,PASS_CLEAN,READY,,READY,,UNCHANGED
422,WSSEC:WS:XNAS:WYNN,WS:XNAS:WYNN,XNAS,WYNN,WYNN,508,508,0,0.0,,,NOT_STALE,0,NONE,NONE,READY,,PASS_CLEAN,READY,,READY,,UNCHANGED
423,WSSEC:WS:XNAS:XRAY,WS:XNAS:XRAY,XNAS,XRAY,XRAY,500,500,0,0.0,,,NOT_STALE,0,NONE,NONE,READY,,PASS_CLEAN,READY,,READY,,UNCHANGED
424,WSSEC:WS:XNAS:ZBRA,WS:XNAS:ZBRA,XNAS,ZBRA,ZBRA,508,508,0,0.0,,,NOT_STALE,0,NONE,NONE,READY,,PASS_CLEAN,READY,,READY,,UNCHANGED
425,WSSEC:WS:XNAS:ZION,WS:XNAS:ZION,XNAS,ZION,ZION,500,500,0,0.0,,,NOT_STALE,0,NONE,NONE,READY,,PASS_CLEAN,READY,,READY,,UNCHANGED
426,WSSEC:WS:XNYS:A,WS:XNYS:A,XNYS,A,A,508,508,0,0.0,,,NOT_STALE,0,NONE,NONE,READY,,PASS_CLEAN,READY,,READY,,UNCHANGED
427,WSSEC:WS:XNYS:AA,WS:XNYS:AA,XNYS,AA,AA,500,500,0,0.0,,,NOT_STALE,0,NONE,NONE,READY,,PASS_CLEAN,READY,,READY,,UNCHANGED
428,WSSEC:WS:XNYS:ABBV,WS:XNYS:ABBV,XNYS,ABBV,ABBV,508,508,0,0.0,,,NOT_STALE,0,NONE,NONE,READY,,PASS_CLEAN,READY,,READY,,UNCHANGED
429,WSSEC:WS:XNYS:ABT,WS:XNYS:ABT,XNYS,ABT,ABT,508,508,0,0.0,,,NOT_STALE,0,NONE,NONE,READY,,PASS_CLEAN,READY,,READY,,UNCHANGED
430,WSSEC:WS:XNYS:ACI,WS:XNYS:ACI,XNYS,ACI,ACI,500,500,0,0.0,,,NOT_STALE,0,NONE,NONE,READY,,PASS_CLEAN,READY,,READY,,UNCHANGED
431,WSSEC:WS:XNYS:ACM,WS:XNYS:ACM,XNYS,ACM,ACM,500,500,0,0.0,,,NOT_STALE,0,NONE,NONE,READY,,PASS_CLEAN,READY,,READY,,UNCHANGED
432,WSSEC:WS:XNYS:ADM,WS:XNYS:ADM,XNYS,ADM,ADM,508,508,0,0.0,,,NOT_STALE,0,NONE,NONE,READY,,PASS_CLEAN,READY,,READY,,UNCHANGED
433,WSSEC:WS:XNYS:AEE,WS:XNYS:AEE,XNYS,AEE,AEE,508,508,0,0.0,,,NOT_STALE,0,NONE,NONE,READY,,PASS_CLEAN,READY,,READY,,UNCHANGED
434,WSSEC:WS:XNYS:AEP,WS:XNYS:AEP,XNYS,AEP,AEP,508,508,0,0.0,,,NOT_STALE,0,NONE,NONE,READY,,PASS_CLEAN,READY,,READY,,UNCHANGED
435,WSSEC:WS:XNYS:AES,WS:XNYS:AES,XNYS,AES,AES,508,508,0,0.0,,,NOT_STALE,0,NONE,NONE,READY,,PASS_CLEAN,READY,,READY,,UNCHANGED
436,WSSEC:WS:XNYS:AFG,WS:XNYS:AFG,XNYS,AFG,AFG,500,500,0,0.0,,,NOT_STALE,0,NONE,NONE,READY,,PASS_CLEAN,READY,,READY,,UNCHANGED
437,WSSEC:WS:XNYS:AFL,WS:XNYS:AFL,XNYS,AFL,AFL,508,508,0,0.0,,,NOT_STALE,0,NONE,NONE,READY,,PASS_CLEAN,READY,,READY,,UNCHANGED
438,WSSEC:WS:XNYS:AGCO,WS:XNYS:AGCO,XNYS,AGCO,AGCO,500,500,0,0.0,,,NOT_STALE,0,NONE,NONE,READY,,PASS_CLEAN,READY,,READY,,UNCHANGED
439,WSSEC:WS:XNYS:AIG,WS:XNYS:AIG,XNYS,AIG,AIG,508,508,0,0.0,,,NOT_STALE,0,NONE,NONE,READY,,PASS_CLEAN,READY,,READY,,UNCHANGED
440,WSSEC:WS:XNYS:AIT,WS:XNYS:AIT,XNYS,AIT,AIT,500,500,0,0.0,,,NOT_STALE,0,NONE,NONE,READY,,PASS_CLEAN,READY,,READY,,UNCHANGED
441,WSSEC:WS:XNYS:AIZ,WS:XNYS:AIZ,XNYS,AIZ,AIZ,508,508,0,0.0,,,NOT_STALE,0,NONE,NONE,READY,,PASS_CLEAN,READY,,READY,,UNCHANGED
442,WSSEC:WS:XNYS:AJG,WS:XNYS:AJG,XNYS,AJG,AJG,508,508,0,0.0,,,NOT_STALE,0,NONE,NONE,READY,,PASS_CLEAN,READY,,READY,,UNCHANGED
443,WSSEC:WS:XNYS:ALB,WS:XNYS:ALB,XNYS,ALB,ALB,508,508,0,0.0,,,NOT_STALE,0,NONE,NONE,READY,,PASS_CLEAN,READY,,READY,,UNCHANGED
444,WSSEC:WS:XNYS:ALK,WS:XNYS:ALK,XNYS,ALK,ALK,500,500,0,0.0,,,NOT_STALE,0,NONE,NONE,READY,,PASS_CLEAN,READY,,READY,,UNCHANGED
445,WSSEC:WS:XNYS:ALL,WS:XNYS:ALL,XNYS,ALL,ALL,508,508,0,0.0,,,NOT_STALE,0,NONE,NONE,READY,,PASS_CLEAN,READY,,READY,,UNCHANGED
446,WSSEC:WS:XNYS:ALLY,WS:XNYS:ALLY,XNYS,ALLY,ALLY,500,500,0,0.0,,,NOT_STALE,0,NONE,NONE,READY,,PASS_CLEAN,READY,,READY,,UNCHANGED
447,WSSEC:WS:XNYS:ALSN,WS:XNYS:ALSN,XNYS,ALSN,ALSN,500,500,0,0.0,,,NOT_STALE,0,NONE,NONE,READY,,PASS_CLEAN,READY,,READY,,UNCHANGED
448,WSSEC:WS:XNYS:ALV,WS:XNYS:ALV,XNYS,ALV,ALV,500,500,0,0.0,,,NOT_STALE,0,NONE,NONE,READY,,PASS_CLEAN,READY,,READY,,UNCHANGED
449,WSSEC:WS:XNYS:AM,WS:XNYS:AM,XNYS,AM,AM,500,500,0,0.0,,,NOT_STALE,0,NONE,NONE,READY,,PASS_CLEAN,READY,,READY,,UNCHANGED
450,WSSEC:WS:XNYS:AME,WS:XNYS:AME,XNYS,AME,AME,508,508,0,0.0,,,NOT_STALE,0,NONE,NONE,READY,,PASS_CLEAN,READY,,READY,,UNCHANGED
451,WSSEC:WS:XNYS:AMG,WS:XNYS:AMG,XNYS,AMG,AMG,500,500,0,0.0,,,NOT_STALE,0,NONE,NONE,READY,,PASS_CLEAN,READY,,READY,,UNCHANGED
452,WSSEC:WS:XNYS:AMP,WS:XNYS:AMP,XNYS,AMP,AMP,508,508,0,0.0,,,NOT_STALE,0,NONE,NONE,READY,,PASS_CLEAN,READY,,READY,,UNCHANGED
453,WSSEC:WS:XNYS:AN,WS:XNYS:AN,XNYS,AN,AN,500,500,0,0.0,,,NOT_STALE,0,NONE,NONE,READY,,PASS_CLEAN,READY,,READY,,UNCHANGED
454,WSSEC:WS:XNYS:ANF,WS:XNYS:ANF,XNYS,ANF,ANF,500,500,0,0.0,,,NOT_STALE,0,NONE,NONE,READY,,PASS_CLEAN,READY,,READY,,UNCHANGED
455,WSSEC:WS:XNYS:AOS,WS:XNYS:AOS,XNYS,AOS,AOS,508,508,0,0.0,,,NOT_STALE,0,NONE,NONE,READY,,PASS_CLEAN,READY,,READY,,UNCHANGED
456,WSSEC:WS:XNYS:APD,WS:XNYS:APD,XNYS,APD,APD,508,508,0,0.0,,,NOT_STALE,0,NONE,NONE,READY,,PASS_CLEAN,READY,,READY,,UNCHANGED
457,WSSEC:WS:XNYS:APG,WS:XNYS:APG,XNYS,APG,APG,500,500,0,0.0,,,NOT_STALE,0,NONE,NONE,READY,,PASS_CLEAN,READY,,READY,,UNCHANGED
458,WSSEC:WS:XNYS:APH,WS:XNYS:APH,XNYS,APH,APH,508,508,0,0.0,,,NOT_STALE,0,NONE,NONE,READY,,PASS_CLEAN,READY,,READY,,UNCHANGED
459,WSSEC:WS:XNYS:AR,WS:XNYS:AR,XNYS,AR,AR,500,500,0,0.0,,,NOT_STALE,0,NONE,NONE,READY,,PASS_CLEAN,READY,,READY,,UNCHANGED
460,WSSEC:WS:XNYS:ARES,WS:XNYS:ARES,XNYS,ARES,ARES,508,508,0,0.0,,,NOT_STALE,0,NONE,NONE,READY,,PASS_CLEAN,READY,,READY,,UNCHANGED
461,WSSEC:WS:XNYS:ARMK,WS:XNYS:ARMK,XNYS,ARMK,ARMK,500,500,0,0.0,,,NOT_STALE,0,NONE,NONE,READY,,PASS_CLEAN,READY,,READY,,UNCHANGED
462,WSSEC:WS:XNYS:ARW,WS:XNYS:ARW,XNYS,ARW,ARW,500,500,0,0.0,,,NOT_STALE,0,NONE,NONE,READY,,PASS_CLEAN,READY,,READY,,UNCHANGED
463,WSSEC:WS:XNYS:ASB,WS:XNYS:ASB,XNYS,ASB,ASB,500,500,0,0.0,,,NOT_STALE,0,NONE,NONE,READY,,PASS_CLEAN,READY,,READY,,UNCHANGED
464,WSSEC:WS:XNYS:ASH,WS:XNYS:ASH,XNYS,ASH,ASH,500,500,0,0.0,,,NOT_STALE,0,NONE,NONE,READY,,PASS_CLEAN,READY,,READY,,UNCHANGED
465,WSSEC:WS:XNYS:ATI,WS:XNYS:ATI,XNYS,ATI,ATI,500,500,0,0.0,,,NOT_STALE,0,NONE,NONE,READY,,PASS_CLEAN,READY,,READY,,UNCHANGED
466,WSSEC:WS:XNYS:ATO,WS:XNYS:ATO,XNYS,ATO,ATO,508,508,0,0.0,,,NOT_STALE,0,NONE,NONE,READY,,PASS_CLEAN,READY,,READY,,UNCHANGED
467,WSSEC:WS:XNYS:ATR,WS:XNYS:ATR,XNYS,ATR,ATR,500,500,0,0.0,,,NOT_STALE,0,NONE,NONE,READY,,PASS_CLEAN,READY,,READY,,UNCHANGED
468,WSSEC:WS:XNYS:AVNT,WS:XNYS:AVNT,XNYS,AVNT,AVNT,500,500,0,0.0,,,NOT_STALE,0,NONE,NONE,READY,,PASS_CLEAN,READY,,READY,,UNCHANGED
469,WSSEC:WS:XNYS:AVTR,WS:XNYS:AVTR,XNYS,AVTR,AVTR,500,500,0,0.0,,,NOT_STALE,0,NONE,NONE,READY,,PASS_CLEAN,READY,,READY,,UNCHANGED
470,WSSEC:WS:XNYS:AVY,WS:XNYS:AVY,XNYS,AVY,AVY,508,508,0,0.0,,,NOT_STALE,0,NONE,NONE,READY,,PASS_CLEAN,READY,,READY,,UNCHANGED
471,WSSEC:WS:XNYS:AWK,WS:XNYS:AWK,XNYS,AWK,AWK,508,508,0,0.0,,,NOT_STALE,0,NONE,NONE,READY,,PASS_CLEAN,READY,,READY,,UNCHANGED
472,WSSEC:WS:XNYS:AXP,WS:XNYS:AXP,XNYS,AXP,AXP,508,508,0,0.0,,,NOT_STALE,0,NONE,NONE,READY,,PASS_CLEAN,READY,,READY,,UNCHANGED
473,WSSEC:WS:XNYS:AXTA,WS:XNYS:AXTA,XNYS,AXTA,AXTA,500,500,0,0.0,,,NOT_STALE,0,NONE,NONE,READY,,PASS_CLEAN,READY,,READY,,UNCHANGED
474,WSSEC:WS:XNYS:AYI,WS:XNYS:AYI,XNYS,AYI,AYI,500,500,0,0.0,,,NOT_STALE,0,NONE,NONE,READY,,PASS_CLEAN,READY,,READY,,UNCHANGED
475,WSSEC:WS:XNYS:AZO,WS:XNYS:AZO,XNYS,AZO,AZO,508,508,0,0.0,,,NOT_STALE,0,NONE,NONE,READY,,PASS_CLEAN,READY,,READY,,UNCHANGED
476,WSSEC:WS:XNYS:BA,WS:XNYS:BA,XNYS,BA,BA,508,508,0,0.0,,,NOT_STALE,0,NONE,NONE,READY,,PASS_CLEAN,READY,,READY,,UNCHANGED
477,WSSEC:WS:XNYS:BAC,WS:XNYS:BAC,XNYS,BAC,BAC,508,508,0,0.0,,,NOT_STALE,0,NONE,NONE,READY,,PASS_CLEAN,READY,,READY,,UNCHANGED
478,WSSEC:WS:XNYS:BAH,WS:XNYS:BAH,XNYS,BAH,BAH,500,500,0,0.0,,,NOT_STALE,0,NONE,NONE,READY,,PASS_CLEAN,READY,,READY,,UNCHANGED
479,WSSEC:WS:XNYS:BALL,WS:XNYS:BALL,XNYS,BALL,BALL,508,508,0,0.0,,,NOT_STALE,0,NONE,NONE,READY,,PASS_CLEAN,READY,,READY,,UNCHANGED
480,WSSEC:WS:XNYS:BAX,WS:XNYS:BAX,XNYS,BAX,BAX,508,508,0,0.0,,,NOT_STALE,0,NONE,NONE,READY,,PASS_CLEAN,READY,,READY,,UNCHANGED
481,WSSEC:WS:XNYS:BBWI,WS:XNYS:BBWI,XNYS,BBWI,BBWI,500,500,0,0.0,,,NOT_STALE,0,NONE,NONE,READY,,PASS_CLEAN,READY,,READY,,UNCHANGED
482,WSSEC:WS:XNYS:BBY,WS:XNYS:BBY,XNYS,BBY,BBY,508,508,0,0.0,,,NOT_STALE,0,NONE,NONE,READY,,PASS_CLEAN,READY,,READY,,UNCHANGED
483,WSSEC:WS:XNYS:BC,WS:XNYS:BC,XNYS,BC,BC,500,500,0,0.0,,,NOT_STALE,0,NONE,NONE,READY,,PASS_CLEAN,READY,,READY,,UNCHANGED
484,WSSEC:WS:XNYS:BCO,WS:XNYS:BCO,XNYS,BCO,BCO,500,500,0,0.0,,,NOT_STALE,0,NONE,NONE,READY,,PASS_CLEAN,READY,,READY,,UNCHANGED
485,WSSEC:WS:XNYS:BDC,WS:XNYS:BDC,XNYS,BDC,BDC,500,500,0,0.0,,,NOT_STALE,0,NONE,NONE,READY,,PASS_CLEAN,READY,,READY,,UNCHANGED
486,WSSEC:WS:XNYS:BDX,WS:XNYS:BDX,XNYS,BDX,BDX,508,508,0,0.0,,,NOT_STALE,0,NONE,NONE,READY,,PASS_CLEAN,READY,,READY,,UNCHANGED
487,WSSEC:WS:XNYS:BEN,WS:XNYS:BEN,XNYS,BEN,BEN,508,508,0,0.0,,,NOT_STALE,0,NONE,NONE,READY,,PASS_CLEAN,READY,,READY,,UNCHANGED
488,WSSEC:WS:XNYS:BILL,WS:XNYS:BILL,XNYS,BILL,BILL,500,500,0,0.0,,,NOT_STALE,0,NONE,NONE,READY,,PASS_CLEAN,READY,,READY,,UNCHANGED
489,WSSEC:WS:XNYS:BIO,WS:XNYS:BIO,XNYS,BIO,BIO,500,500,0,0.0,,,NOT_STALE,0,NONE,NONE,READY,,PASS_CLEAN,READY,,READY,,UNCHANGED
490,WSSEC:WS:XNYS:BJ,WS:XNYS:BJ,XNYS,BJ,BJ,500,500,0,0.0,,,NOT_STALE,0,NONE,NONE,READY,,PASS_CLEAN,READY,,READY,,UNCHANGED
491,WSSEC:WS:XNYS:BKH,WS:XNYS:BKH,XNYS,BKH,BKH,500,500,0,0.0,,,NOT_STALE,0,NONE,NONE,READY,,PASS_CLEAN,READY,,READY,,UNCHANGED
492,WSSEC:WS:XNYS:BKR,WS:XNYS:BKR,XNYS,BKR,BKR,508,508,0,0.0,,,NOT_STALE,0,NONE,NONE,READY,,PASS_CLEAN,READY,,READY,,UNCHANGED
493,WSSEC:WS:XNYS:BLDR,WS:XNYS:BLDR,XNYS,BLDR,BLDR,508,508,0,0.0,,,NOT_STALE,0,NONE,NONE,READY,,PASS_CLEAN,READY,,READY,,UNCHANGED
494,WSSEC:WS:XNYS:BMY,WS:XNYS:BMY,XNYS,BMY,BMY,508,508,0,0.0,,,NOT_STALE,0,NONE,NONE,READY,,PASS_CLEAN,READY,,READY,,UNCHANGED
495,WSSEC:WS:XNYS:BNY,WS:XNYS:BNY,XNYS,BNY,BNY,508,508,0,0.0,,,NOT_STALE,0,NONE,NONE,READY,,PASS_CLEAN,READY,,READY,,UNCHANGED
496,WSSEC:WS:XNYS:BR,WS:XNYS:BR,XNYS,BR,BR,508,508,0,0.0,,,NOT_STALE,0,NONE,NONE,READY,,PASS_CLEAN,READY,,READY,,UNCHANGED
497,WSSEC:WS:XNYS:BRO,WS:XNYS:BRO,XNYS,BRO,BRO,508,508,0,0.0,,,NOT_STALE,0,NONE,NONE,READY,,PASS_CLEAN,READY,,READY,,UNCHANGED
498,WSSEC:WS:XNYS:BROS,WS:XNYS:BROS,XNYS,BROS,BROS,500,500,0,0.0,,,NOT_STALE,0,NONE,NONE,READY,,PASS_CLEAN,READY,,READY,,UNCHANGED
499,WSSEC:WS:XNYS:BSX,WS:XNYS:BSX,XNYS,BSX,BSX,508,508,0,0.0,,,NOT_STALE,0,NONE,NONE,READY,,PASS_CLEAN,READY,,READY,,UNCHANGED
500,WSSEC:WS:XNYS:BURL,WS:XNYS:BURL,XNYS,BURL,BURL,500,500,0,0.0,,,NOT_STALE,0,NONE,NONE,READY,,PASS_CLEAN,READY,,READY,,UNCHANGED
501,WSSEC:WS:XNYS:BWA,WS:XNYS:BWA,XNYS,BWA,BWA,500,500,0,0.0,,,NOT_STALE,0,NONE,NONE,READY,,PASS_CLEAN,READY,,READY,,UNCHANGED
502,WSSEC:WS:XNYS:BWXT,WS:XNYS:BWXT,XNYS,BWXT,BWXT,500,500,0,0.0,,,NOT_STALE,0,NONE,NONE,READY,,PASS_CLEAN,READY,,READY,,UNCHANGED
503,WSSEC:WS:XNYS:BYD,WS:XNYS:BYD,XNYS,BYD,BYD,500,500,0,0.0,,,NOT_STALE,0,NONE,NONE,READY,,PASS_CLEAN,READY,,READY,,UNCHANGED
504,WSSEC:WS:XNYS:C,WS:XNYS:C,XNYS,C,C,508,508,0,0.0,,,NOT_STALE,0,NONE,NONE,READY,,PASS_CLEAN,READY,,READY,,UNCHANGED
505,WSSEC:WS:XNYS:CACI,WS:XNYS:CACI,XNYS,CACI,CACI,500,500,0,0.0,,,NOT_STALE,0,NONE,NONE,READY,,PASS_CLEAN,READY,,READY,,UNCHANGED
506,WSSEC:WS:XNYS:CAH,WS:XNYS:CAH,XNYS,CAH,CAH,508,508,0,0.0,,,NOT_STALE,0,NONE,NONE,READY,,PASS_CLEAN,READY,,READY,,UNCHANGED
507,WSSEC:WS:XNYS:CARR,WS:XNYS:CARR,XNYS,CARR,CARR,508,508,0,0.0,,,NOT_STALE,0,NONE,NONE,READY,,PASS_CLEAN,READY,,READY,,UNCHANGED
508,WSSEC:WS:XNYS:CAT,WS:XNYS:CAT,XNYS,CAT,CAT,508,508,0,0.0,,,NOT_STALE,0,NONE,NONE,READY,,PASS_CLEAN,READY,,READY,,UNCHANGED
509,WSSEC:WS:XNYS:CAVA,WS:XNYS:CAVA,XNYS,CAVA,CAVA,500,500,0,0.0,,,NOT_STALE,0,NONE,NONE,READY,,PASS_CLEAN,READY,,READY,,UNCHANGED
510,WSSEC:WS:XNYS:CBT,WS:XNYS:CBT,XNYS,CBT,CBT,500,500,0,0.0,,,NOT_STALE,0,NONE,NONE,READY,,PASS_CLEAN,READY,,READY,,UNCHANGED
511,WSSEC:WS:XNYS:CCK,WS:XNYS:CCK,XNYS,CCK,CCK,500,500,0,0.0,,,NOT_STALE,0,NONE,NONE,READY,,PASS_CLEAN,READY,,READY,,UNCHANGED
512,WSSEC:WS:XNYS:CDE,WS:XNYS:CDE,XNYS,CDE,CDE,500,500,0,0.0,,,NOT_STALE,0,NONE,NONE,READY,,PASS_CLEAN,READY,,READY,,UNCHANGED
513,WSSEC:WS:XNYS:CF,WS:XNYS:CF,XNYS,CF,CF,508,508,0,0.0,,,NOT_STALE,0,NONE,NONE,READY,,PASS_CLEAN,READY,,READY,,UNCHANGED
514,WSSEC:WS:XNYS:CFG,WS:XNYS:CFG,XNYS,CFG,CFG,508,508,0,0.0,,,NOT_STALE,0,NONE,NONE,READY,,PASS_CLEAN,READY,,READY,,UNCHANGED
515,WSSEC:WS:XNYS:CFR,WS:XNYS:CFR,XNYS,CFR,CFR,500,500,0,0.0,,,NOT_STALE,0,NONE,NONE,READY,,PASS_CLEAN,READY,,READY,,UNCHANGED
516,WSSEC:WS:XNYS:CHD,WS:XNYS:CHD,XNYS,CHD,CHD,508,508,0,0.0,,,NOT_STALE,0,NONE,NONE,READY,,PASS_CLEAN,READY,,READY,,UNCHANGED
517,WSSEC:WS:XNYS:CHE,WS:XNYS:CHE,XNYS,CHE,CHE,500,500,0,0.0,,,NOT_STALE,0,NONE,NONE,READY,,PASS_CLEAN,READY,,READY,,UNCHANGED
518,WSSEC:WS:XNYS:CHH,WS:XNYS:CHH,XNYS,CHH,CHH,500,500,0,0.0,,,NOT_STALE,0,NONE,NONE,READY,,PASS_CLEAN,READY,,READY,,UNCHANGED
519,WSSEC:WS:XNYS:CHWY,WS:XNYS:CHWY,XNYS,CHWY,CHWY,500,500,0,0.0,,,NOT_STALE,0,NONE,NONE,READY,,PASS_CLEAN,READY,,READY,,UNCHANGED
520,WSSEC:WS:XNYS:CL,WS:XNYS:CL,XNYS,CL,CL,508,508,0,0.0,,,NOT_STALE,0,NONE,NONE,READY,,PASS_CLEAN,READY,,READY,,UNCHANGED
521,WSSEC:WS:XNYS:CLF,WS:XNYS:CLF,XNYS,CLF,CLF,500,500,0,0.0,,,NOT_STALE,0,NONE,NONE,READY,,PASS_CLEAN,READY,,READY,,UNCHANGED
522,WSSEC:WS:XNYS:CLH,WS:XNYS:CLH,XNYS,CLH,CLH,500,500,0,0.0,,,NOT_STALE,0,NONE,NONE,READY,,PASS_CLEAN,READY,,READY,,UNCHANGED
523,WSSEC:WS:XNYS:CLX,WS:XNYS:CLX,XNYS,CLX,CLX,508,508,0,0.0,,,NOT_STALE,0,NONE,NONE,READY,,PASS_CLEAN,READY,,READY,,UNCHANGED
524,WSSEC:WS:XNYS:CMC,WS:XNYS:CMC,XNYS,CMC,CMC,500,500,0,0.0,,,NOT_STALE,0,NONE,NONE,READY,,PASS_CLEAN,READY,,READY,,UNCHANGED
525,WSSEC:WS:XNYS:CMG,WS:XNYS:CMG,XNYS,CMG,CMG,508,508,0,0.0,,,NOT_STALE,0,NONE,NONE,READY,,PASS_CLEAN,READY,,READY,,UNCHANGED
526,WSSEC:WS:XNYS:CMI,WS:XNYS:CMI,XNYS,CMI,CMI,508,508,0,0.0,,,NOT_STALE,0,NONE,NONE,READY,,PASS_CLEAN,READY,,READY,,UNCHANGED
527,WSSEC:WS:XNYS:CMS,WS:XNYS:CMS,XNYS,CMS,CMS,508,508,0,0.0,,,NOT_STALE,0,NONE,NONE,READY,,PASS_CLEAN,READY,,READY,,UNCHANGED
528,WSSEC:WS:XNYS:CNC,WS:XNYS:CNC,XNYS,CNC,CNC,508,508,0,0.0,,,NOT_STALE,0,NONE,NONE,READY,,PASS_CLEAN,READY,,READY,,UNCHANGED
529,WSSEC:WS:XNYS:CNH,WS:XNYS:CNH,XNYS,CNH,CNH,500,500,0,0.0,,,NOT_STALE,0,NONE,NONE,READY,,PASS_CLEAN,READY,,READY,,UNCHANGED
530,WSSEC:WS:XNYS:CNM,WS:XNYS:CNM,XNYS,CNM,CNM,500,500,0,0.0,,,NOT_STALE,0,NONE,NONE,READY,,PASS_CLEAN,READY,,READY,,UNCHANGED
531,WSSEC:WS:XNYS:CNO,WS:XNYS:CNO,XNYS,CNO,CNO,500,500,0,0.0,,,NOT_STALE,0,NONE,NONE,READY,,PASS_CLEAN,READY,,READY,,UNCHANGED
532,WSSEC:WS:XNYS:CNP,WS:XNYS:CNP,XNYS,CNP,CNP,508,508,0,0.0,,,NOT_STALE,0,NONE,NONE,READY,,PASS_CLEAN,READY,,READY,,UNCHANGED
533,WSSEC:WS:XNYS:CNX,WS:XNYS:CNX,XNYS,CNX,CNX,500,500,0,0.0,,,NOT_STALE,0,NONE,NONE,READY,,PASS_CLEAN,READY,,READY,,UNCHANGED
534,WSSEC:WS:XNYS:COF,WS:XNYS:COF,XNYS,COF,COF,508,508,0,0.0,,,NOT_STALE,0,NONE,NONE,READY,,PASS_CLEAN,READY,,READY,,UNCHANGED
535,WSSEC:WS:XNYS:COP,WS:XNYS:COP,XNYS,COP,COP,508,508,0,0.0,,,NOT_STALE,0,NONE,NONE,READY,,PASS_CLEAN,READY,,READY,,UNCHANGED
536,WSSEC:WS:XNYS:COR,WS:XNYS:COR,XNYS,COR,COR,508,508,0,0.0,,,NOT_STALE,0,NONE,NONE,READY,,PASS_CLEAN,READY,,READY,,UNCHANGED
537,WSSEC:WS:XNYS:CPRI,WS:XNYS:CPRI,XNYS,CPRI,CPRI,500,500,0,0.0,,,NOT_STALE,0,NONE,NONE,READY,,PASS_CLEAN,READY,,READY,,UNCHANGED
538,WSSEC:WS:XNYS:CR,WS:XNYS:CR,XNYS,CR,CR,500,500,0,0.0,,,NOT_STALE,0,NONE,NONE,READY,,PASS_CLEAN,READY,,READY,,UNCHANGED
539,WSSEC:WS:XNYS:CRBG,WS:XNYS:CRBG,XNYS,CRBG,CRBG,500,500,0,0.0,,,NOT_STALE,0,NONE,NONE,READY,,PASS_CLEAN,READY,,READY,,UNCHANGED
540,WSSEC:WS:XNYS:CRL,WS:XNYS:CRL,XNYS,CRL,CRL,508,508,0,0.0,,,NOT_STALE,0,NONE,NONE,READY,,PASS_CLEAN,READY,,READY,,UNCHANGED
541,WSSEC:WS:XNYS:CRM,WS:XNYS:CRM,XNYS,CRM,CRM,508,508,0,0.0,,,NOT_STALE,0,NONE,NONE,READY,,PASS_CLEAN,READY,,READY,,UNCHANGED
542,WSSEC:WS:XNYS:CRS,WS:XNYS:CRS,XNYS,CRS,CRS,500,500,0,0.0,,,NOT_STALE,0,NONE,NONE,READY,,PASS_CLEAN,READY,,READY,,UNCHANGED
543,WSSEC:WS:XNYS:CSL,WS:XNYS:CSL,XNYS,CSL,CSL,500,500,0,0.0,,,NOT_STALE,0,NONE,NONE,READY,,PASS_CLEAN,READY,,READY,,UNCHANGED
544,WSSEC:WS:XNYS:CTVA,WS:XNYS:CTVA,XNYS,CTVA,CTVA,508,508,0,0.0,,,NOT_STALE,0,NONE,NONE,READY,,PASS_CLEAN,READY,,READY,,UNCHANGED
545,WSSEC:WS:XNYS:CVNA,WS:XNYS:CVNA,XNYS,CVNA,CVNA,508,508,0,0.0,,,NOT_STALE,0,NONE,NONE,READY,,PASS_CLEAN,READY,,READY,,UNCHANGED
546,WSSEC:WS:XNYS:CVS,WS:XNYS:CVS,XNYS,CVS,CVS,508,508,0,0.0,,,NOT_STALE,0,NONE,NONE,READY,,PASS_CLEAN,READY,,READY,,UNCHANGED
547,WSSEC:WS:XNYS:CVX,WS:XNYS:CVX,XNYS,CVX,CVX,508,508,0,0.0,,,NOT_STALE,0,NONE,NONE,READY,,PASS_CLEAN,READY,,READY,,UNCHANGED
548,WSSEC:WS:XNYS:CW,WS:XNYS:CW,XNYS,CW,CW,500,500,0,0.0,,,NOT_STALE,0,NONE,NONE,READY,,PASS_CLEAN,READY,,READY,,UNCHANGED
549,WSSEC:WS:XNYS:CXT,WS:XNYS:CXT,XNYS,CXT,CXT,500,500,0,0.0,,,NOT_STALE,0,NONE,NONE,READY,,PASS_CLEAN,READY,,READY,,UNCHANGED
550,WSSEC:WS:XNYS:D,WS:XNYS:D,XNYS,D,D,508,508,0,0.0,,,NOT_STALE,0,NONE,NONE,READY,,PASS_CLEAN,READY,,READY,,UNCHANGED
551,WSSEC:WS:XNYS:DAL,WS:XNYS:DAL,XNYS,DAL,DAL,508,508,0,0.0,,,NOT_STALE,0,NONE,NONE,READY,,PASS_CLEAN,READY,,READY,,UNCHANGED
552,WSSEC:WS:XNYS:DAR,WS:XNYS:DAR,XNYS,DAR,DAR,500,500,0,0.0,,,NOT_STALE,0,NONE,NONE,READY,,PASS_CLEAN,READY,,READY,,UNCHANGED
553,WSSEC:WS:XNYS:DCI,WS:XNYS:DCI,XNYS,DCI,DCI,500,500,0,0.0,,,NOT_STALE,0,NONE,NONE,READY,,PASS_CLEAN,READY,,READY,,UNCHANGED
554,WSSEC:WS:XNYS:DE,WS:XNYS:DE,XNYS,DE,DE,508,508,0,0.0,,,NOT_STALE,0,NONE,NONE,READY,,PASS_CLEAN,READY,,READY,,UNCHANGED
555,WSSEC:WS:XNYS:DG,WS:XNYS:DG,XNYS,DG,DG,508,508,0,0.0,,,NOT_STALE,0,NONE,NONE,READY,,PASS_CLEAN,READY,,READY,,UNCHANGED
556,WSSEC:WS:XNYS:DHI,WS:XNYS:DHI,XNYS,DHI,DHI,508,508,0,0.0,,,NOT_STALE,0,NONE,NONE,READY,,PASS_CLEAN,READY,,READY,,UNCHANGED
557,WSSEC:WS:XNYS:DHR,WS:XNYS:DHR,XNYS,DHR,DHR,508,508,0,0.0,,,NOT_STALE,0,NONE,NONE,READY,,PASS_CLEAN,READY,,READY,,UNCHANGED
558,WSSEC:WS:XNYS:DINO,WS:XNYS:DINO,XNYS,DINO,DINO,500,500,0,0.0,,,NOT_STALE,0,NONE,NONE,READY,,PASS_CLEAN,READY,,READY,,UNCHANGED
559,WSSEC:WS:XNYS:DIS,WS:XNYS:DIS,XNYS,DIS,DIS,508,508,0,0.0,,,NOT_STALE,0,NONE,NONE,READY,,PASS_CLEAN,READY,,READY,,UNCHANGED
560,WSSEC:WS:XNYS:DKS,WS:XNYS:DKS,XNYS,DKS,DKS,500,500,0,0.0,,,NOT_STALE,0,NONE,NONE,READY,,PASS_CLEAN,READY,,READY,,UNCHANGED
561,WSSEC:WS:XNYS:DLB,WS:XNYS:DLB,XNYS,DLB,DLB,500,500,0,0.0,,,NOT_STALE,0,NONE,NONE,READY,,PASS_CLEAN,READY,,READY,,UNCHANGED
562,WSSEC:WS:XNYS:DOCN,WS:XNYS:DOCN,XNYS,DOCN,DOCN,500,500,0,0.0,,,NOT_STALE,0,NONE,NONE,READY,,PASS_CLEAN,READY,,READY,,UNCHANGED
563,WSSEC:WS:XNYS:DOCS,WS:XNYS:DOCS,XNYS,DOCS,DOCS,500,500,0,0.0,,,NOT_STALE,0,NONE,NONE,READY,,PASS_CLEAN,READY,,READY,,UNCHANGED
564,WSSEC:WS:XNYS:DOV,WS:XNYS:DOV,XNYS,DOV,DOV,508,508,0,0.0,,,NOT_STALE,0,NONE,NONE,READY,,PASS_CLEAN,READY,,READY,,UNCHANGED
565,WSSEC:WS:XNYS:DPZ,WS:XNYS:DPZ,XNYS,DPZ,DPZ,508,508,0,0.0,,,NOT_STALE,0,NONE,NONE,READY,,PASS_CLEAN,READY,,READY,,UNCHANGED
566,WSSEC:WS:XNYS:DRI,WS:XNYS:DRI,XNYS,DRI,DRI,508,508,0,0.0,,,NOT_STALE,0,NONE,NONE,READY,,PASS_CLEAN,READY,,READY,,UNCHANGED
567,WSSEC:WS:XNYS:DT,WS:XNYS:DT,XNYS,DT,DT,500,500,0,0.0,,,NOT_STALE,0,NONE,NONE,READY,,PASS_CLEAN,READY,,READY,,UNCHANGED
568,WSSEC:WS:XNYS:DTM,WS:XNYS:DTM,XNYS,DTM,DTM,500,500,0,0.0,,,NOT_STALE,0,NONE,NONE,READY,,PASS_CLEAN,READY,,READY,,UNCHANGED
569,WSSEC:WS:XNYS:DUK,WS:XNYS:DUK,XNYS,DUK,DUK,508,508,0,0.0,,,NOT_STALE,0,NONE,NONE,READY,,PASS_CLEAN,READY,,READY,,UNCHANGED
570,WSSEC:WS:XNYS:DVA,WS:XNYS:DVA,XNYS,DVA,DVA,508,508,0,0.0,,,NOT_STALE,0,NONE,NONE,READY,,PASS_CLEAN,READY,,READY,,UNCHANGED
571,WSSEC:WS:XNYS:DVN,WS:XNYS:DVN,XNYS,DVN,DVN,508,508,0,0.0,,,NOT_STALE,0,NONE,NONE,READY,,PASS_CLEAN,READY,,READY,,UNCHANGED
572,WSSEC:WS:XNYS:DY,WS:XNYS:DY,XNYS,DY,DY,500,500,0,0.0,,,NOT_STALE,0,NONE,NONE,READY,,PASS_CLEAN,READY,,READY,,UNCHANGED
573,WSSEC:WS:XNYS:ECL,WS:XNYS:ECL,XNYS,ECL,ECL,508,508,0,0.0,,,NOT_STALE,0,NONE,NONE,READY,,PASS_CLEAN,READY,,READY,,UNCHANGED
574,WSSEC:WS:XNYS:ED,WS:XNYS:ED,XNYS,ED,ED,508,508,0,0.0,,,NOT_STALE,0,NONE,NONE,READY,,PASS_CLEAN,READY,,READY,,UNCHANGED
575,WSSEC:WS:XNYS:EFX,WS:XNYS:EFX,XNYS,EFX,EFX,508,508,0,0.0,,,NOT_STALE,0,NONE,NONE,READY,,PASS_CLEAN,READY,,READY,,UNCHANGED
576,WSSEC:WS:XNYS:EHC,WS:XNYS:EHC,XNYS,EHC,EHC,500,500,0,0.0,,,NOT_STALE,0,NONE,NONE,READY,,PASS_CLEAN,READY,,READY,,UNCHANGED
577,WSSEC:WS:XNYS:EIX,WS:XNYS:EIX,XNYS,EIX,EIX,508,508,0,0.0,,,NOT_STALE,0,NONE,NONE,READY,,PASS_CLEAN,READY,,READY,,UNCHANGED
578,WSSEC:WS:XNYS:EL,WS:XNYS:EL,XNYS,EL,EL,508,508,0,0.0,,,NOT_STALE,0,NONE,NONE,READY,,PASS_CLEAN,READY,,READY,,UNCHANGED
579,WSSEC:WS:XNYS:ELAN,WS:XNYS:ELAN,XNYS,ELAN,ELAN,500,500,0,0.0,,,NOT_STALE,0,NONE,NONE,READY,,PASS_CLEAN,READY,,READY,,UNCHANGED
580,WSSEC:WS:XNYS:ELF,WS:XNYS:ELF,XNYS,ELF,ELF,500,500,0,0.0,,,NOT_STALE,0,NONE,NONE,READY,,PASS_CLEAN,READY,,READY,,UNCHANGED
581,WSSEC:WS:XNYS:ELV,WS:XNYS:ELV,XNYS,ELV,ELV,508,508,0,0.0,,,NOT_STALE,0,NONE,NONE,READY,,PASS_CLEAN,READY,,READY,,UNCHANGED
582,WSSEC:WS:XNYS:EME,WS:XNYS:EME,XNYS,EME,EME,508,508,0,0.0,,,NOT_STALE,0,NONE,NONE,READY,,PASS_CLEAN,READY,,READY,,UNCHANGED
583,WSSEC:WS:XNYS:EMR,WS:XNYS:EMR,XNYS,EMR,EMR,508,508,0,0.0,,,NOT_STALE,0,NONE,NONE,READY,,PASS_CLEAN,READY,,READY,,UNCHANGED
584,WSSEC:WS:XNYS:ENS,WS:XNYS:ENS,XNYS,ENS,ENS,500,500,0,0.0,,,NOT_STALE,0,NONE,NONE,READY,,PASS_CLEAN,READY,,READY,,UNCHANGED
585,WSSEC:WS:XNYS:EOG,WS:XNYS:EOG,XNYS,EOG,EOG,508,508,0,0.0,,,NOT_STALE,0,NONE,NONE,READY,,PASS_CLEAN,READY,,READY,,UNCHANGED
586,WSSEC:WS:XNYS:EQH,WS:XNYS:EQH,XNYS,EQH,EQH,500,500,0,0.0,,,NOT_STALE,0,NONE,NONE,READY,,PASS_CLEAN,READY,,READY,,UNCHANGED
587,WSSEC:WS:XNYS:EQT,WS:XNYS:EQT,XNYS,EQT,EQT,508,508,0,0.0,,,NOT_STALE,0,NONE,NONE,READY,,PASS_CLEAN,READY,,READY,,UNCHANGED
588,WSSEC:WS:XNYS:ES,WS:XNYS:ES,XNYS,ES,ES,508,508,0,0.0,,,NOT_STALE,0,NONE,NONE,READY,,PASS_CLEAN,READY,,READY,,UNCHANGED
589,WSSEC:WS:XNYS:ESAB,WS:XNYS:ESAB,XNYS,ESAB,ESAB,500,500,0,0.0,,,NOT_STALE,0,NONE,NONE,READY,,PASS_CLEAN,READY,,READY,,UNCHANGED
590,WSSEC:WS:XNYS:ESNT,WS:XNYS:ESNT,XNYS,ESNT,ESNT,500,500,0,0.0,,,NOT_STALE,0,NONE,NONE,READY,,PASS_CLEAN,READY,,READY,,UNCHANGED
591,WSSEC:WS:XNYS:ETR,WS:XNYS:ETR,XNYS,ETR,ETR,508,508,0,0.0,,,NOT_STALE,0,NONE,NONE,READY,,PASS_CLEAN,READY,,READY,,UNCHANGED
592,WSSEC:WS:XNYS:EVR,WS:XNYS:EVR,XNYS,EVR,EVR,500,500,0,0.0,,,NOT_STALE,0,NONE,NONE,READY,,PASS_CLEAN,READY,,READY,,UNCHANGED
593,WSSEC:WS:XNYS:EVRG,WS:XNYS:EVRG,XNYS,EVRG,EVRG,508,508,0,0.0,,,NOT_STALE,0,NONE,NONE,READY,,PASS_CLEAN,READY,,READY,,UNCHANGED
594,WSSEC:WS:XNYS:EW,WS:XNYS:EW,XNYS,EW,EW,508,508,0,0.0,,,NOT_STALE,0,NONE,NONE,READY,,PASS_CLEAN,READY,,READY,,UNCHANGED
595,WSSEC:WS:XNYS:EXC,WS:XNYS:EXC,XNYS,EXC,EXC,508,508,0,0.0,,,NOT_STALE,0,NONE,NONE,READY,,PASS_CLEAN,READY,,READY,,UNCHANGED
596,WSSEC:WS:XNYS:EXP,WS:XNYS:EXP,XNYS,EXP,EXP,500,500,0,0.0,,,NOT_STALE,0,NONE,NONE,READY,,PASS_CLEAN,READY,,READY,,UNCHANGED
597,WSSEC:WS:XNYS:F,WS:XNYS:F,XNYS,F,F,508,508,0,0.0,,,NOT_STALE,0,NONE,NONE,READY,,PASS_CLEAN,READY,,READY,,UNCHANGED
598,WSSEC:WS:XNYS:FAF,WS:XNYS:FAF,XNYS,FAF,FAF,500,500,0,0.0,,,NOT_STALE,0,NONE,NONE,READY,,PASS_CLEAN,READY,,READY,,UNCHANGED
599,WSSEC:WS:XNYS:FBIN,WS:XNYS:FBIN,XNYS,FBIN,FBIN,500,500,0,0.0,,,NOT_STALE,0,NONE,NONE,READY,,PASS_CLEAN,READY,,READY,,UNCHANGED
600,WSSEC:WS:XNYS:FCN,WS:XNYS:FCN,XNYS,FCN,FCN,500,500,0,0.0,,,NOT_STALE,0,NONE,NONE,READY,,PASS_CLEAN,READY,,READY,,UNCHANGED
601,WSSEC:WS:XNYS:FCX,WS:XNYS:FCX,XNYS,FCX,FCX,508,508,0,0.0,,,NOT_STALE,0,NONE,NONE,READY,,PASS_CLEAN,READY,,READY,,UNCHANGED
602,WSSEC:WS:XNYS:FDS,WS:XNYS:FDS,XNYS,FDS,FDS,508,508,0,0.0,,,NOT_STALE,0,NONE,NONE,READY,,PASS_CLEAN,READY,,READY,,UNCHANGED
603,WSSEC:WS:XNYS:FDX,WS:XNYS:FDX,XNYS,FDX,FDX,508,508,0,0.0,,,NOT_STALE,0,NONE,NONE,READY,,PASS_CLEAN,READY,,READY,,UNCHANGED
604,WSSEC:WS:XNYS:FE,WS:XNYS:FE,XNYS,FE,FE,508,508,0,0.0,,,NOT_STALE,0,NONE,NONE,READY,,PASS_CLEAN,READY,,READY,,UNCHANGED
605,WSSEC:WS:XNYS:FERG,WS:XNYS:FERG,XNYS,FERG,FERG,508,508,0,0.0,,,NOT_STALE,0,NONE,NONE,READY,,PASS_CLEAN,READY,,READY,,UNCHANGED
606,WSSEC:WS:XNYS:FHI,WS:XNYS:FHI,XNYS,FHI,FHI,500,500,0,0.0,,,NOT_STALE,0,NONE,NONE,READY,,PASS_CLEAN,READY,,READY,,UNCHANGED
607,WSSEC:WS:XNYS:FHN,WS:XNYS:FHN,XNYS,FHN,FHN,500,500,0,0.0,,,NOT_STALE,0,NONE,NONE,READY,,PASS_CLEAN,READY,,READY,,UNCHANGED
608,WSSEC:WS:XNYS:FICO,WS:XNYS:FICO,XNYS,FICO,FICO,508,508,0,0.0,,,NOT_STALE,0,NONE,NONE,READY,,PASS_CLEAN,READY,,READY,,UNCHANGED
609,WSSEC:WS:XNYS:FIS,WS:XNYS:FIS,XNYS,FIS,FIS,508,508,0,0.0,,,NOT_STALE,0,NONE,NONE,READY,,PASS_CLEAN,READY,,READY,,UNCHANGED
610,WSSEC:WS:XNYS:FIX,WS:XNYS:FIX,XNYS,FIX,FIX,508,508,0,0.0,,,NOT_STALE,0,NONE,NONE,READY,,PASS_CLEAN,READY,,READY,,UNCHANGED
611,WSSEC:WS:XNYS:FLG,WS:XNYS:FLG,XNYS,FLG,FLG,500,500,0,0.0,,,NOT_STALE,0,NONE,NONE,READY,,PASS_CLEAN,READY,,READY,,UNCHANGED
612,WSSEC:WS:XNYS:FLR,WS:XNYS:FLR,XNYS,FLR,FLR,500,500,0,0.0,,,NOT_STALE,0,NONE,NONE,READY,,PASS_CLEAN,READY,,READY,,UNCHANGED
613,WSSEC:WS:XNYS:FLS,WS:XNYS:FLS,XNYS,FLS,FLS,500,500,0,0.0,,,NOT_STALE,0,NONE,NONE,READY,,PASS_CLEAN,READY,,READY,,UNCHANGED
614,WSSEC:WS:XNYS:FN,WS:XNYS:FN,XNYS,FN,FN,500,500,0,0.0,,,NOT_STALE,0,NONE,NONE,READY,,PASS_CLEAN,READY,,READY,,UNCHANGED
615,WSSEC:WS:XNYS:FNB,WS:XNYS:FNB,XNYS,FNB,FNB,500,500,0,0.0,,,NOT_STALE,0,NONE,NONE,READY,,PASS_CLEAN,READY,,READY,,UNCHANGED
616,WSSEC:WS:XNYS:FND,WS:XNYS:FND,XNYS,FND,FND,500,500,0,0.0,,,NOT_STALE,0,NONE,NONE,READY,,PASS_CLEAN,READY,,READY,,UNCHANGED
617,WSSEC:WS:XNYS:FNF,WS:XNYS:FNF,XNYS,FNF,FNF,500,500,0,0.0,,,NOT_STALE,0,NONE,NONE,READY,,PASS_CLEAN,READY,,READY,,UNCHANGED
618,WSSEC:WS:XNYS:FOUR,WS:XNYS:FOUR,XNYS,FOUR,FOUR,500,500,0,0.0,,,NOT_STALE,0,NONE,NONE,READY,,PASS_CLEAN,READY,,READY,,UNCHANGED
619,WSSEC:WS:XNYS:FTI,WS:XNYS:FTI,XNYS,FTI,FTI,500,500,0,0.0,,,NOT_STALE,0,NONE,NONE,READY,,PASS_CLEAN,READY,,READY,,UNCHANGED
620,WSSEC:WS:XNYS:FTV,WS:XNYS:FTV,XNYS,FTV,FTV,508,508,0,0.0,,,NOT_STALE,0,NONE,NONE,READY,,PASS_CLEAN,READY,,READY,,UNCHANGED
621,WSSEC:WS:XNYS:G,WS:XNYS:G,XNYS,G,G,500,500,0,0.0,,,NOT_STALE,0,NONE,NONE,READY,,PASS_CLEAN,READY,,READY,,UNCHANGED
622,WSSEC:WS:XNYS:GAP,WS:XNYS:GAP,XNYS,GAP,GAP,500,500,0,0.0,,,NOT_STALE,0,NONE,NONE,READY,,PASS_CLEAN,READY,,READY,,UNCHANGED
623,WSSEC:WS:XNYS:GATX,WS:XNYS:GATX,XNYS,GATX,GATX,500,500,0,0.0,,,NOT_STALE,0,NONE,NONE,READY,,PASS_CLEAN,READY,,READY,,UNCHANGED
624,WSSEC:WS:XNYS:GBCI,WS:XNYS:GBCI,XNYS,GBCI,GBCI,500,500,0,0.0,,,NOT_STALE,0,NONE,NONE,READY,,PASS_CLEAN,READY,,READY,,UNCHANGED
625,WSSEC:WS:XNYS:GD,WS:XNYS:GD,XNYS,GD,GD,508,508,0,0.0,,,NOT_STALE,0,NONE,NONE,READY,,PASS_CLEAN,READY,,READY,,UNCHANGED
626,WSSEC:WS:XNYS:GEF,WS:XNYS:GEF,XNYS,GEF,GEF,500,500,0,0.0,,,NOT_STALE,0,NONE,NONE,READY,,PASS_CLEAN,READY,,READY,,UNCHANGED
627,WSSEC:WS:XNYS:GEV,WS:XNYS:GEV,XNYS,GEV,GEV,508,508,0,0.0,,,NOT_STALE,0,NONE,NONE,READY,,PASS_CLEAN,READY,,READY,,UNCHANGED
628,WSSEC:WS:XNYS:GGG,WS:XNYS:GGG,XNYS,GGG,GGG,500,500,0,0.0,,,NOT_STALE,0,NONE,NONE,READY,,PASS_CLEAN,READY,,READY,,UNCHANGED
629,WSSEC:WS:XNYS:GHC,WS:XNYS:GHC,XNYS,GHC,GHC,500,500,0,0.0,,,NOT_STALE,0,NONE,NONE,READY,,PASS_CLEAN,READY,,READY,,UNCHANGED
630,WSSEC:WS:XNYS:GL,WS:XNYS:GL,XNYS,GL,GL,508,508,0,0.0,,,NOT_STALE,0,NONE,NONE,READY,,PASS_CLEAN,READY,,READY,,UNCHANGED
631,WSSEC:WS:XNYS:GLW,WS:XNYS:GLW,XNYS,GLW,GLW,508,508,0,0.0,,,NOT_STALE,0,NONE,NONE,READY,,PASS_CLEAN,READY,,READY,,UNCHANGED
632,WSSEC:WS:XNYS:GM,WS:XNYS:GM,XNYS,GM,GM,508,508,0,0.0,,,NOT_STALE,0,NONE,NONE,READY,,PASS_CLEAN,READY,,READY,,UNCHANGED
633,WSSEC:WS:XNYS:GME,WS:XNYS:GME,XNYS,GME,GME,500,500,0,0.0,,,NOT_STALE,0,NONE,NONE,READY,,PASS_CLEAN,READY,,READY,,UNCHANGED
634,WSSEC:WS:XNYS:GMED,WS:XNYS:GMED,XNYS,GMED,GMED,500,500,0,0.0,,,NOT_STALE,0,NONE,NONE,READY,,PASS_CLEAN,READY,,READY,,UNCHANGED
635,WSSEC:WS:XNYS:GNRC,WS:XNYS:GNRC,XNYS,GNRC,GNRC,508,508,0,0.0,,,NOT_STALE,0,NONE,NONE,READY,,PASS_CLEAN,READY,,READY,,UNCHANGED
636,WSSEC:WS:XNYS:GPC,WS:XNYS:GPC,XNYS,GPC,GPC,508,508,0,0.0,,,NOT_STALE,0,NONE,NONE,READY,,PASS_CLEAN,READY,,READY,,UNCHANGED
637,WSSEC:WS:XNYS:GPK,WS:XNYS:GPK,XNYS,GPK,GPK,500,500,0,0.0,,,NOT_STALE,0,NONE,NONE,READY,,PASS_CLEAN,READY,,READY,,UNCHANGED
638,WSSEC:WS:XNYS:GPN,WS:XNYS:GPN,XNYS,GPN,GPN,508,508,0,0.0,,,NOT_STALE,0,NONE,NONE,READY,,PASS_CLEAN,READY,,READY,,UNCHANGED
639,WSSEC:WS:XNYS:GS,WS:XNYS:GS,XNYS,GS,GS,508,508,0,0.0,,,NOT_STALE,0,NONE,NONE,READY,,PASS_CLEAN,READY,,READY,,UNCHANGED
640,WSSEC:WS:XNYS:GWRE,WS:XNYS:GWRE,XNYS,GWRE,GWRE,500,500,0,0.0,,,NOT_STALE,0,NONE,NONE,READY,,PASS_CLEAN,READY,,READY,,UNCHANGED
641,WSSEC:WS:XNYS:GWW,WS:XNYS:GWW,XNYS,GWW,GWW,508,508,0,0.0,,,NOT_STALE,0,NONE,NONE,READY,,PASS_CLEAN,READY,,READY,,UNCHANGED
642,WSSEC:WS:XNYS:GXO,WS:XNYS:GXO,XNYS,GXO,GXO,500,500,0,0.0,,,NOT_STALE,0,NONE,NONE,READY,,PASS_CLEAN,READY,,READY,,UNCHANGED
643,WSSEC:WS:XNYS:H,WS:XNYS:H,XNYS,H,H,500,500,0,0.0,,,NOT_STALE,0,NONE,NONE,READY,,PASS_CLEAN,READY,,READY,,UNCHANGED
644,WSSEC:WS:XNYS:HAE,WS:XNYS:HAE,XNYS,HAE,HAE,500,500,0,0.0,,,NOT_STALE,0,NONE,NONE,READY,,PASS_CLEAN,READY,,READY,,UNCHANGED
645,WSSEC:WS:XNYS:HAL,WS:XNYS:HAL,XNYS,HAL,HAL,508,508,0,0.0,,,NOT_STALE,0,NONE,NONE,READY,,PASS_CLEAN,READY,,READY,,UNCHANGED
646,WSSEC:WS:XNYS:HCA,WS:XNYS:HCA,XNYS,HCA,HCA,508,508,0,0.0,,,NOT_STALE,0,NONE,NONE,READY,,PASS_CLEAN,READY,,READY,,UNCHANGED
647,WSSEC:WS:XNYS:HD,WS:XNYS:HD,XNYS,HD,HD,508,508,0,0.0,,,NOT_STALE,0,NONE,NONE,READY,,PASS_CLEAN,READY,,READY,,UNCHANGED
648,WSSEC:WS:XNYS:HGV,WS:XNYS:HGV,XNYS,HGV,HGV,500,500,0,0.0,,,NOT_STALE,0,NONE,NONE,READY,,PASS_CLEAN,READY,,READY,,UNCHANGED
649,WSSEC:WS:XNYS:HIG,WS:XNYS:HIG,XNYS,HIG,HIG,508,508,0,0.0,,,NOT_STALE,0,NONE,NONE,READY,,PASS_CLEAN,READY,,READY,,UNCHANGED
650,WSSEC:WS:XNYS:HII,WS:XNYS:HII,XNYS,HII,HII,508,508,0,0.0,,,NOT_STALE,0,NONE,NONE,READY,,PASS_CLEAN,READY,,READY,,UNCHANGED
651,WSSEC:WS:XNYS:HIMS,WS:XNYS:HIMS,XNYS,HIMS,HIMS,500,500,0,0.0,,,NOT_STALE,0,NONE,NONE,READY,,PASS_CLEAN,READY,,READY,,UNCHANGED
652,WSSEC:WS:XNYS:HL,WS:XNYS:HL,XNYS,HL,HL,500,500,0,0.0,,,NOT_STALE,0,NONE,NONE,READY,,PASS_CLEAN,READY,,READY,,UNCHANGED
653,WSSEC:WS:XNYS:HLI,WS:XNYS:HLI,XNYS,HLI,HLI,500,500,0,0.0,,,NOT_STALE,0,NONE,NONE,READY,,PASS_CLEAN,READY,,READY,,UNCHANGED
654,WSSEC:WS:XNYS:HLT,WS:XNYS:HLT,XNYS,HLT,HLT,508,508,0,0.0,,,NOT_STALE,0,NONE,NONE,READY,,PASS_CLEAN,READY,,READY,,UNCHANGED
655,WSSEC:WS:XNYS:HOG,WS:XNYS:HOG,XNYS,HOG,HOG,500,500,0,0.0,,,NOT_STALE,0,NONE,NONE,READY,,PASS_CLEAN,READY,,READY,,UNCHANGED
656,WSSEC:WS:XNYS:HOMB,WS:XNYS:HOMB,XNYS,HOMB,HOMB,500,500,0,0.0,,,NOT_STALE,0,NONE,NONE,READY,,PASS_CLEAN,READY,,READY,,UNCHANGED
657,WSSEC:WS:XNYS:HPE,WS:XNYS:HPE,XNYS,HPE,HPE,508,508,0,0.0,,,NOT_STALE,0,NONE,NONE,READY,,PASS_CLEAN,READY,,READY,,UNCHANGED
658,WSSEC:WS:XNYS:HRB,WS:XNYS:HRB,XNYS,HRB,HRB,500,500,0,0.0,,,NOT_STALE,0,NONE,NONE,READY,,PASS_CLEAN,READY,,READY,,UNCHANGED
659,WSSEC:WS:XNYS:HRL,WS:XNYS:HRL,XNYS,HRL,HRL,508,508,0,0.0,,,NOT_STALE,0,NONE,NONE,READY,,PASS_CLEAN,READY,,READY,,UNCHANGED
660,WSSEC:WS:XNYS:HSY,WS:XNYS:HSY,XNYS,HSY,HSY,508,508,0,0.0,,,NOT_STALE,0,NONE,NONE,READY,,PASS_CLEAN,READY,,READY,,UNCHANGED
661,WSSEC:WS:XNYS:HUBB,WS:XNYS:HUBB,XNYS,HUBB,HUBB,508,508,0,0.0,,,NOT_STALE,0,NONE,NONE,READY,,PASS_CLEAN,READY,,READY,,UNCHANGED
662,WSSEC:WS:XNYS:HUM,WS:XNYS:HUM,XNYS,HUM,HUM,508,508,0,0.0,,,NOT_STALE,0,NONE,NONE,READY,,PASS_CLEAN,READY,,READY,,UNCHANGED
663,WSSEC:WS:XNYS:HXL,WS:XNYS:HXL,XNYS,HXL,HXL,500,500,0,0.0,,,NOT_STALE,0,NONE,NONE,READY,,PASS_CLEAN,READY,,READY,,UNCHANGED
664,WSSEC:WS:XNYS:IBM,WS:XNYS:IBM,XNYS,IBM,IBM,508,508,0,0.0,,,NOT_STALE,0,NONE,NONE,READY,,PASS_CLEAN,READY,,READY,,UNCHANGED
665,WSSEC:WS:XNYS:ICE,WS:XNYS:ICE,XNYS,ICE,ICE,508,508,0,0.0,,,NOT_STALE,0,NONE,NONE,READY,,PASS_CLEAN,READY,,READY,,UNCHANGED
666,WSSEC:WS:XNYS:IDA,WS:XNYS:IDA,XNYS,IDA,IDA,500,500,0,0.0,,,NOT_STALE,0,NONE,NONE,READY,,PASS_CLEAN,READY,,READY,,UNCHANGED
667,WSSEC:WS:XNYS:IEX,WS:XNYS:IEX,XNYS,IEX,IEX,508,508,0,0.0,,,NOT_STALE,0,NONE,NONE,READY,,PASS_CLEAN,READY,,READY,,UNCHANGED
668,WSSEC:WS:XNYS:IFF,WS:XNYS:IFF,XNYS,IFF,IFF,508,508,0,0.0,,,NOT_STALE,0,NONE,NONE,READY,,PASS_CLEAN,READY,,READY,,UNCHANGED
669,WSSEC:WS:XNYS:INGR,WS:XNYS:INGR,XNYS,INGR,INGR,500,500,0,0.0,,,NOT_STALE,0,NONE,NONE,READY,,PASS_CLEAN,READY,,READY,,UNCHANGED
670,WSSEC:WS:XNYS:IP,WS:XNYS:IP,XNYS,IP,IP,508,508,0,0.0,,,NOT_STALE,0,NONE,NONE,READY,,PASS_CLEAN,READY,,READY,,UNCHANGED
671,WSSEC:WS:XNYS:IQV,WS:XNYS:IQV,XNYS,IQV,IQV,508,508,0,0.0,,,NOT_STALE,0,NONE,NONE,READY,,PASS_CLEAN,READY,,READY,,UNCHANGED
672,WSSEC:WS:XNYS:IT,WS:XNYS:IT,XNYS,IT,IT,508,508,0,0.0,,,NOT_STALE,0,NONE,NONE,READY,,PASS_CLEAN,READY,,READY,,UNCHANGED
673,WSSEC:WS:XNYS:ITT,WS:XNYS:ITT,XNYS,ITT,ITT,500,500,0,0.0,,,NOT_STALE,0,NONE,NONE,READY,,PASS_CLEAN,READY,,READY,,UNCHANGED
674,WSSEC:WS:XNYS:ITW,WS:XNYS:ITW,XNYS,ITW,ITW,508,508,0,0.0,,,NOT_STALE,0,NONE,NONE,READY,,PASS_CLEAN,READY,,READY,,UNCHANGED
675,WSSEC:WS:XNYS:JBL,WS:XNYS:JBL,XNYS,JBL,JBL,508,508,0,0.0,,,NOT_STALE,0,NONE,NONE,READY,,PASS_CLEAN,READY,,READY,,UNCHANGED
676,WSSEC:WS:XNYS:JEF,WS:XNYS:JEF,XNYS,JEF,JEF,500,500,0,0.0,,,NOT_STALE,0,NONE,NONE,READY,,PASS_CLEAN,READY,,READY,,UNCHANGED
677,WSSEC:WS:XNYS:JNJ,WS:XNYS:JNJ,XNYS,JNJ,JNJ,508,508,0,0.0,,,NOT_STALE,0,NONE,NONE,READY,,PASS_CLEAN,READY,,READY,,UNCHANGED
678,WSSEC:WS:XNYS:JPM,WS:XNYS:JPM,XNYS,JPM,JPM,508,508,0,0.0,,,NOT_STALE,0,NONE,NONE,READY,,PASS_CLEAN,READY,,READY,,UNCHANGED
679,WSSEC:WS:XNYS:KBH,WS:XNYS:KBH,XNYS,KBH,KBH,500,500,0,0.0,,,NOT_STALE,0,NONE,NONE,READY,,PASS_CLEAN,READY,,READY,,UNCHANGED
680,WSSEC:WS:XNYS:KBR,WS:XNYS:KBR,XNYS,KBR,KBR,500,500,0,0.0,,,NOT_STALE,0,NONE,NONE,READY,,PASS_CLEAN,READY,,READY,,UNCHANGED
681,WSSEC:WS:XNYS:KD,WS:XNYS:KD,XNYS,KD,KD,500,500,0,0.0,,,NOT_STALE,1,RESOLVED_EXISTING_AUTHORITY,NONE,QUARANTINE,SUSPICIOUS_RETURN_NEEDS_REPAIR,PASS_EXISTING_SUSPICIOUS_RECONCILIATION,READY,VALIDATED_522_RECONCILIATION,READY,VALIDATED_522_RECONCILIATION,UNCHANGED
682,WSSEC:WS:XNYS:KEX,WS:XNYS:KEX,XNYS,KEX,KEX,500,500,0,0.0,,,NOT_STALE,0,NONE,NONE,READY,,PASS_CLEAN,READY,,READY,,UNCHANGED
683,WSSEC:WS:XNYS:KEY,WS:XNYS:KEY,XNYS,KEY,KEY,508,508,0,0.0,,,NOT_STALE,0,NONE,NONE,READY,,PASS_CLEAN,READY,,READY,,UNCHANGED
684,WSSEC:WS:XNYS:KEYS,WS:XNYS:KEYS,XNYS,KEYS,KEYS,508,508,0,0.0,,,NOT_STALE,0,NONE,NONE,READY,,PASS_CLEAN,READY,,READY,,UNCHANGED
685,WSSEC:WS:XNYS:KMB,WS:XNYS:KMB,XNYS,KMB,KMB,508,508,0,0.0,,,NOT_STALE,0,NONE,NONE,READY,,PASS_CLEAN,READY,,READY,,UNCHANGED
686,WSSEC:WS:XNYS:KMI,WS:XNYS:KMI,XNYS,KMI,KMI,508,508,0,0.0,,,NOT_STALE,0,NONE,NONE,READY,,PASS_CLEAN,READY,,READY,,UNCHANGED
687,WSSEC:WS:XNYS:KNF,WS:XNYS:KNF,XNYS,KNF,KNF,500,500,0,0.0,,,NOT_STALE,0,NONE,NONE,READY,,PASS_CLEAN,READY,,READY,,UNCHANGED
688,WSSEC:WS:XNYS:KNSL,WS:XNYS:KNSL,XNYS,KNSL,KNSL,500,500,0,0.0,,,NOT_STALE,0,NONE,NONE,READY,,PASS_CLEAN,READY,,READY,,UNCHANGED
689,WSSEC:WS:XNYS:KNX,WS:XNYS:KNX,XNYS,KNX,KNX,500,500,0,0.0,,,NOT_STALE,0,NONE,NONE,READY,,PASS_CLEAN,READY,,READY,,UNCHANGED
690,WSSEC:WS:XNYS:KO,WS:XNYS:KO,XNYS,KO,KO,508,508,0,0.0,,,NOT_STALE,0,NONE,NONE,READY,,PASS_CLEAN,READY,,READY,,UNCHANGED
691,WSSEC:WS:XNYS:KR,WS:XNYS:KR,XNYS,KR,KR,508,508,0,0.0,,,NOT_STALE,0,NONE,NONE,READY,,PASS_CLEAN,READY,,READY,,UNCHANGED
692,WSSEC:WS:XNYS:KVUE,WS:XNYS:KVUE,XNYS,KVUE,KVUE,508,508,0,0.0,,,NOT_STALE,0,NONE,NONE,READY,,PASS_CLEAN,READY,,READY,,UNCHANGED
693,WSSEC:WS:XNYS:L,WS:XNYS:L,XNYS,L,L,508,508,0,0.0,,,NOT_STALE,0,NONE,NONE,READY,,PASS_CLEAN,READY,,READY,,UNCHANGED
694,WSSEC:WS:XNYS:LAD,WS:XNYS:LAD,XNYS,LAD,LAD,500,500,0,0.0,,,NOT_STALE,0,NONE,NONE,READY,,PASS_CLEAN,READY,,READY,,UNCHANGED
695,WSSEC:WS:XNYS:LDOS,WS:XNYS:LDOS,XNYS,LDOS,LDOS,508,508,0,0.0,,,NOT_STALE,0,NONE,NONE,READY,,PASS_CLEAN,READY,,READY,,UNCHANGED
696,WSSEC:WS:XNYS:LEA,WS:XNYS:LEA,XNYS,LEA,LEA,500,500,0,0.0,,,NOT_STALE,0,NONE,NONE,READY,,PASS_CLEAN,READY,,READY,,UNCHANGED
697,WSSEC:WS:XNYS:LEN,WS:XNYS:LEN,XNYS,LEN,LEN,508,508,0,0.0,,,NOT_STALE,0,NONE,NONE,READY,,PASS_CLEAN,READY,,READY,,UNCHANGED
698,WSSEC:WS:XNYS:LHX,WS:XNYS:LHX,XNYS,LHX,LHX,508,508,0,0.0,,,NOT_STALE,0,NONE,NONE,READY,,PASS_CLEAN,READY,,READY,,UNCHANGED
699,WSSEC:WS:XNYS:LII,WS:XNYS:LII,XNYS,LII,LII,508,508,0,0.0,,,NOT_STALE,0,NONE,NONE,READY,,PASS_CLEAN,READY,,READY,,UNCHANGED
700,WSSEC:WS:XNYS:LLY,WS:XNYS:LLY,XNYS,LLY,LLY,508,508,0,0.0,,,NOT_STALE,0,NONE,NONE,READY,,PASS_CLEAN,READY,,READY,,UNCHANGED
701,WSSEC:WS:XNYS:LMT,WS:XNYS:LMT,XNYS,LMT,LMT,508,508,0,0.0,,,NOT_STALE,0,NONE,NONE,READY,,PASS_CLEAN,READY,,READY,,UNCHANGED
702,WSSEC:WS:XNYS:LOW,WS:XNYS:LOW,XNYS,LOW,LOW,508,508,0,0.0,,,NOT_STALE,0,NONE,NONE,READY,,PASS_CLEAN,READY,,READY,,UNCHANGED
703,WSSEC:WS:XNYS:LPX,WS:XNYS:LPX,XNYS,LPX,LPX,500,500,0,0.0,,,NOT_STALE,0,NONE,NONE,READY,,PASS_CLEAN,READY,,READY,,UNCHANGED
704,WSSEC:WS:XNYS:LUV,WS:XNYS:LUV,XNYS,LUV,LUV,508,508,0,0.0,,,NOT_STALE,0,NONE,NONE,READY,,PASS_CLEAN,READY,,READY,,UNCHANGED
705,WSSEC:WS:XNYS:LVS,WS:XNYS:LVS,XNYS,LVS,LVS,508,508,0,0.0,,,NOT_STALE,0,NONE,NONE,READY,,PASS_CLEAN,READY,,READY,,UNCHANGED
706,WSSEC:WS:XNYS:LYV,WS:XNYS:LYV,XNYS,LYV,LYV,508,508,0,0.0,,,NOT_STALE,0,NONE,NONE,READY,,PASS_CLEAN,READY,,READY,,UNCHANGED
707,WSSEC:WS:XNYS:M,WS:XNYS:M,XNYS,M,M,500,500,0,0.0,,,NOT_STALE,0,NONE,NONE,READY,,PASS_CLEAN,READY,,READY,,UNCHANGED
708,WSSEC:WS:XNYS:MA,WS:XNYS:MA,XNYS,MA,MA,508,508,0,0.0,,,NOT_STALE,0,NONE,NONE,READY,,PASS_CLEAN,READY,,READY,,UNCHANGED
709,WSSEC:WS:XNYS:MAS,WS:XNYS:MAS,XNYS,MAS,MAS,508,508,0,0.0,,,NOT_STALE,0,NONE,NONE,READY,,PASS_CLEAN,READY,,READY,,UNCHANGED
710,WSSEC:WS:XNYS:MCD,WS:XNYS:MCD,XNYS,MCD,MCD,508,508,0,0.0,,,NOT_STALE,0,NONE,NONE,READY,,PASS_CLEAN,READY,,READY,,UNCHANGED
711,WSSEC:WS:XNYS:MCK,WS:XNYS:MCK,XNYS,MCK,MCK,508,508,0,0.0,,,NOT_STALE,0,NONE,NONE,READY,,PASS_CLEAN,READY,,READY,,UNCHANGED
712,WSSEC:WS:XNYS:MCO,WS:XNYS:MCO,XNYS,MCO,MCO,508,508,0,0.0,,,NOT_STALE,0,NONE,NONE,READY,,PASS_CLEAN,READY,,READY,,UNCHANGED
713,WSSEC:WS:XNYS:MET,WS:XNYS:MET,XNYS,MET,MET,508,508,0,0.0,,,NOT_STALE,0,NONE,NONE,READY,,PASS_CLEAN,READY,,READY,,UNCHANGED
714,WSSEC:WS:XNYS:MGM,WS:XNYS:MGM,XNYS,MGM,MGM,508,508,0,0.0,,,NOT_STALE,0,NONE,NONE,READY,,PASS_CLEAN,READY,,READY,,UNCHANGED
715,WSSEC:WS:XNYS:MKC,WS:XNYS:MKC,XNYS,MKC,MKC,508,508,0,0.0,,,NOT_STALE,0,NONE,NONE,READY,,PASS_CLEAN,READY,,READY,,UNCHANGED
716,WSSEC:WS:XNYS:MLI,WS:XNYS:MLI,XNYS,MLI,MLI,500,500,0,0.0,,,NOT_STALE,0,NONE,NONE,READY,,PASS_CLEAN,READY,,READY,,UNCHANGED
717,WSSEC:WS:XNYS:MLM,WS:XNYS:MLM,XNYS,MLM,MLM,508,508,0,0.0,,,NOT_STALE,0,NONE,NONE,READY,,PASS_CLEAN,READY,,READY,,UNCHANGED
718,WSSEC:WS:XNYS:MMM,WS:XNYS:MMM,XNYS,MMM,MMM,508,508,0,0.0,,,NOT_STALE,0,NONE,NONE,READY,,PASS_CLEAN,READY,,READY,,UNCHANGED
719,WSSEC:WS:XNYS:MMS,WS:XNYS:MMS,XNYS,MMS,MMS,500,500,0,0.0,,,NOT_STALE,0,NONE,NONE,READY,,PASS_CLEAN,READY,,READY,,UNCHANGED
720,WSSEC:WS:XNYS:MO,WS:XNYS:MO,XNYS,MO,MO,508,508,0,0.0,,,NOT_STALE,0,NONE,NONE,READY,,PASS_CLEAN,READY,,READY,,UNCHANGED
721,WSSEC:WS:XNYS:MOGA,WS:XNYS:MOGA,XNYS,MOGA,MOG-A,500,500,0,0.0,,,NOT_STALE,0,NONE,NONE,READY,,PASS_CLEAN,READY,,READY,,UNCHANGED
722,WSSEC:WS:XNYS:MOH,WS:XNYS:MOH,XNYS,MOH,MOH,500,500,0,0.0,,,NOT_STALE,0,NONE,NONE,READY,,PASS_CLEAN,READY,,READY,,UNCHANGED
723,WSSEC:WS:XNYS:MOS,WS:XNYS:MOS,XNYS,MOS,MOS,508,508,0,0.0,,,NOT_STALE,0,NONE,NONE,READY,,PASS_CLEAN,READY,,READY,,UNCHANGED
724,WSSEC:WS:XNYS:MP,WS:XNYS:MP,XNYS,MP,MP,500,500,0,0.0,,,NOT_STALE,1,RESOLVED_EXISTING_AUTHORITY,NONE,QUARANTINE,SUSPICIOUS_RETURN_NEEDS_REPAIR,PASS_EXISTING_SUSPICIOUS_RECONCILIATION,READY,VALIDATED_522_RECONCILIATION,READY,VALIDATED_522_RECONCILIATION,UNCHANGED
725,WSSEC:WS:XNYS:MPC,WS:XNYS:MPC,XNYS,MPC,MPC,508,508,0,0.0,,,NOT_STALE,0,NONE,NONE,READY,,PASS_CLEAN,READY,,READY,,UNCHANGED
726,WSSEC:WS:XNYS:MRK,WS:XNYS:MRK,XNYS,MRK,MRK,508,508,0,0.0,,,NOT_STALE,0,NONE,NONE,READY,,PASS_CLEAN,READY,,READY,,UNCHANGED
727,WSSEC:WS:XNYS:MS,WS:XNYS:MS,XNYS,MS,MS,508,508,0,0.0,,,NOT_STALE,0,NONE,NONE,READY,,PASS_CLEAN,READY,,READY,,UNCHANGED
728,WSSEC:WS:XNYS:MSA,WS:XNYS:MSA,XNYS,MSA,MSA,500,500,0,0.0,,,NOT_STALE,0,NONE,NONE,READY,,PASS_CLEAN,READY,,READY,,UNCHANGED
729,WSSEC:WS:XNYS:MSCI,WS:XNYS:MSCI,XNYS,MSCI,MSCI,508,508,0,0.0,,,NOT_STALE,0,NONE,NONE,READY,,PASS_CLEAN,READY,,READY,,UNCHANGED
730,WSSEC:WS:XNYS:MSI,WS:XNYS:MSI,XNYS,MSI,MSI,508,508,0,0.0,,,NOT_STALE,0,NONE,NONE,READY,,PASS_CLEAN,READY,,READY,,UNCHANGED
731,WSSEC:WS:XNYS:MSM,WS:XNYS:MSM,XNYS,MSM,MSM,500,500,0,0.0,,,NOT_STALE,0,NONE,NONE,READY,,PASS_CLEAN,READY,,READY,,UNCHANGED
732,WSSEC:WS:XNYS:MTB,WS:XNYS:MTB,XNYS,MTB,MTB,508,508,0,0.0,,,NOT_STALE,0,NONE,NONE,READY,,PASS_CLEAN,READY,,READY,,UNCHANGED
733,WSSEC:WS:XNYS:MTD,WS:XNYS:MTD,XNYS,MTD,MTD,508,508,0,0.0,,,NOT_STALE,0,NONE,NONE,READY,,PASS_CLEAN,READY,,READY,,UNCHANGED
734,WSSEC:WS:XNYS:MTDR,WS:XNYS:MTDR,XNYS,MTDR,MTDR,500,500,0,0.0,,,NOT_STALE,0,NONE,NONE,READY,,PASS_CLEAN,READY,,READY,,UNCHANGED
735,WSSEC:WS:XNYS:MTG,WS:XNYS:MTG,XNYS,MTG,MTG,500,500,0,0.0,,,NOT_STALE,0,NONE,NONE,READY,,PASS_CLEAN,READY,,READY,,UNCHANGED
736,WSSEC:WS:XNYS:MTN,WS:XNYS:MTN,XNYS,MTN,MTN,500,500,0,0.0,,,NOT_STALE,0,NONE,NONE,READY,,PASS_CLEAN,READY,,READY,,UNCHANGED
737,WSSEC:WS:XNYS:MTZ,WS:XNYS:MTZ,XNYS,MTZ,MTZ,500,500,0,0.0,,,NOT_STALE,0,NONE,NONE,READY,,PASS_CLEAN,READY,,READY,,UNCHANGED
738,WSSEC:WS:XNYS:MUR,WS:XNYS:MUR,XNYS,MUR,MUR,500,500,0,0.0,,,NOT_STALE,0,NONE,NONE,READY,,PASS_CLEAN,READY,,READY,,UNCHANGED
739,WSSEC:WS:XNYS:MUSA,WS:XNYS:MUSA,XNYS,MUSA,MUSA,500,500,0,0.0,,,NOT_STALE,0,NONE,NONE,READY,,PASS_CLEAN,READY,,READY,,UNCHANGED
740,WSSEC:WS:XNYS:NEM,WS:XNYS:NEM,XNYS,NEM,NEM,508,508,0,0.0,,,NOT_STALE,0,NONE,NONE,READY,,PASS_CLEAN,READY,,READY,,UNCHANGED
741,WSSEC:WS:XNYS:NEU,WS:XNYS:NEU,XNYS,NEU,NEU,500,500,0,0.0,,,NOT_STALE,0,NONE,NONE,READY,,PASS_CLEAN,READY,,READY,,UNCHANGED
742,WSSEC:WS:XNYS:NFG,WS:XNYS:NFG,XNYS,NFG,NFG,500,500,0,0.0,,,NOT_STALE,0,NONE,NONE,READY,,PASS_CLEAN,READY,,READY,,UNCHANGED
743,WSSEC:WS:XNYS:NI,WS:XNYS:NI,XNYS,NI,NI,508,508,0,0.0,,,NOT_STALE,0,NONE,NONE,READY,,PASS_CLEAN,READY,,READY,,UNCHANGED
744,WSSEC:WS:XNYS:NJR,WS:XNYS:NJR,XNYS,NJR,NJR,500,500,0,0.0,,,NOT_STALE,0,NONE,NONE,READY,,PASS_CLEAN,READY,,READY,,UNCHANGED
745,WSSEC:WS:XNYS:NKE,WS:XNYS:NKE,XNYS,NKE,NKE,508,508,0,0.0,,,NOT_STALE,0,NONE,NONE,READY,,PASS_CLEAN,READY,,READY,,UNCHANGED
746,WSSEC:WS:XNYS:NOC,WS:XNYS:NOC,XNYS,NOC,NOC,508,508,0,0.0,,,NOT_STALE,0,NONE,NONE,READY,,PASS_CLEAN,READY,,READY,,UNCHANGED
747,WSSEC:WS:XNYS:NOV,WS:XNYS:NOV,XNYS,NOV,NOV,500,500,0,0.0,,,NOT_STALE,0,NONE,NONE,READY,,PASS_CLEAN,READY,,READY,,UNCHANGED
748,WSSEC:WS:XNYS:NOW,WS:XNYS:NOW,XNYS,NOW,NOW,508,508,0,0.0,,,NOT_STALE,0,NONE,NONE,READY,,PASS_CLEAN,READY,,READY,,UNCHANGED
749,WSSEC:WS:XNYS:NRG,WS:XNYS:NRG,XNYS,NRG,NRG,508,508,0,0.0,,,NOT_STALE,0,NONE,NONE,READY,,PASS_CLEAN,READY,,READY,,UNCHANGED
750,WSSEC:WS:XNYS:NSC,WS:XNYS:NSC,XNYS,NSC,NSC,508,508,0,0.0,,,NOT_STALE,0,NONE,NONE,READY,,PASS_CLEAN,READY,,READY,,UNCHANGED
751,WSSEC:WS:XNYS:NUE,WS:XNYS:NUE,XNYS,NUE,NUE,508,508,0,0.0,,,NOT_STALE,0,NONE,NONE,READY,,PASS_CLEAN,READY,,READY,,UNCHANGED
752,WSSEC:WS:XNYS:NVR,WS:XNYS:NVR,XNYS,NVR,NVR,508,508,0,0.0,,,NOT_STALE,0,NONE,NONE,READY,,PASS_CLEAN,READY,,READY,,UNCHANGED
753,WSSEC:WS:XNYS:NVST,WS:XNYS:NVST,XNYS,NVST,NVST,500,500,0,0.0,,,NOT_STALE,0,NONE,NONE,READY,,PASS_CLEAN,READY,,READY,,UNCHANGED
754,WSSEC:WS:XNYS:NVT,WS:XNYS:NVT,XNYS,NVT,NVT,500,500,0,0.0,,,NOT_STALE,0,NONE,NONE,READY,,PASS_CLEAN,READY,,READY,,UNCHANGED
755,WSSEC:WS:XNYS:NYT,WS:XNYS:NYT,XNYS,NYT,NYT,500,500,0,0.0,,,NOT_STALE,0,NONE,NONE,READY,,PASS_CLEAN,READY,,READY,,UNCHANGED
756,WSSEC:WS:XNYS:OC,WS:XNYS:OC,XNYS,OC,OC,500,500,0,0.0,,,NOT_STALE,0,NONE,NONE,READY,,PASS_CLEAN,READY,,READY,,UNCHANGED
757,WSSEC:WS:XNYS:OGE,WS:XNYS:OGE,XNYS,OGE,OGE,500,500,0,0.0,,,NOT_STALE,0,NONE,NONE,READY,,PASS_CLEAN,READY,,READY,,UNCHANGED
758,WSSEC:WS:XNYS:OGS,WS:XNYS:OGS,XNYS,OGS,OGS,500,500,0,0.0,,,NOT_STALE,0,NONE,NONE,READY,,PASS_CLEAN,READY,,READY,,UNCHANGED
759,WSSEC:WS:XNYS:OKE,WS:XNYS:OKE,XNYS,OKE,OKE,508,508,0,0.0,,,NOT_STALE,0,NONE,NONE,READY,,PASS_CLEAN,READY,,READY,,UNCHANGED
760,WSSEC:WS:XNYS:OLN,WS:XNYS:OLN,XNYS,OLN,OLN,500,500,0,0.0,,,NOT_STALE,0,NONE,NONE,READY,,PASS_CLEAN,READY,,READY,,UNCHANGED
761,WSSEC:WS:XNYS:OMC,WS:XNYS:OMC,XNYS,OMC,OMC,508,508,0,0.0,,,NOT_STALE,0,NONE,NONE,READY,,PASS_CLEAN,READY,,READY,,UNCHANGED
762,WSSEC:WS:XNYS:ONTO,WS:XNYS:ONTO,XNYS,ONTO,ONTO,500,500,0,0.0,,,NOT_STALE,0,NONE,NONE,READY,,PASS_CLEAN,READY,,READY,,UNCHANGED
763,WSSEC:WS:XNYS:ORA,WS:XNYS:ORA,XNYS,ORA,ORA,500,500,0,0.0,,,NOT_STALE,0,NONE,NONE,READY,,PASS_CLEAN,READY,,READY,,UNCHANGED
764,WSSEC:WS:XNYS:ORI,WS:XNYS:ORI,XNYS,ORI,ORI,500,500,0,0.0,,,NOT_STALE,0,NONE,NONE,READY,,PASS_CLEAN,READY,,READY,,UNCHANGED
765,WSSEC:WS:XNYS:OSK,WS:XNYS:OSK,XNYS,OSK,OSK,500,500,0,0.0,,,NOT_STALE,0,NONE,NONE,READY,,PASS_CLEAN,READY,,READY,,UNCHANGED
766,WSSEC:WS:XNYS:OTIS,WS:XNYS:OTIS,XNYS,OTIS,OTIS,508,508,0,0.0,,,NOT_STALE,0,NONE,NONE,READY,,PASS_CLEAN,READY,,READY,,UNCHANGED
767,WSSEC:WS:XNYS:OVV,WS:XNYS:OVV,XNYS,OVV,OVV,500,500,0,0.0,,,NOT_STALE,0,NONE,NONE,READY,,PASS_CLEAN,READY,,READY,,UNCHANGED
768,WSSEC:WS:XNYS:OXY,WS:XNYS:OXY,XNYS,OXY,OXY,508,508,0,0.0,,,NOT_STALE,0,NONE,NONE,READY,,PASS_CLEAN,READY,,READY,,UNCHANGED
769,WSSEC:WS:XNYS:P,WS:XNYS:P,XNYS,P,P,500,500,0,0.0,,,NOT_STALE,0,NONE,NONE,READY,,PASS_CLEAN,READY,,READY,,UNCHANGED
770,WSSEC:WS:XNYS:PAG,WS:XNYS:PAG,XNYS,PAG,PAG,500,500,0,0.0,,,NOT_STALE,0,NONE,NONE,READY,,PASS_CLEAN,READY,,READY,,UNCHANGED
771,WSSEC:WS:XNYS:PATH,WS:XNYS:PATH,XNYS,PATH,PATH,500,500,0,0.0,,,NOT_STALE,0,NONE,NONE,READY,,PASS_CLEAN,READY,,READY,,UNCHANGED
772,WSSEC:WS:XNYS:PB,WS:XNYS:PB,XNYS,PB,PB,500,500,0,0.0,,,NOT_STALE,0,NONE,NONE,READY,,PASS_CLEAN,READY,,READY,,UNCHANGED
773,WSSEC:WS:XNYS:PBF,WS:XNYS:PBF,XNYS,PBF,PBF,500,500,0,0.0,,,NOT_STALE,0,NONE,NONE,READY,,PASS_CLEAN,READY,,READY,,UNCHANGED
774,WSSEC:WS:XNYS:PCG,WS:XNYS:PCG,XNYS,PCG,PCG,508,508,0,0.0,,,NOT_STALE,0,NONE,NONE,READY,,PASS_CLEAN,READY,,READY,,UNCHANGED
775,WSSEC:WS:XNYS:PEG,WS:XNYS:PEG,XNYS,PEG,PEG,508,508,0,0.0,,,NOT_STALE,0,NONE,NONE,READY,,PASS_CLEAN,READY,,READY,,UNCHANGED
776,WSSEC:WS:XNYS:PEN,WS:XNYS:PEN,XNYS,PEN,PEN,500,500,0,0.0,,,NOT_STALE,0,NONE,NONE,READY,,PASS_CLEAN,READY,,READY,,UNCHANGED
777,WSSEC:WS:XNYS:PEP,WS:XNYS:PEP,XNYS,PEP,PEP,508,508,0,0.0,,,NOT_STALE,0,NONE,NONE,READY,,PASS_CLEAN,READY,,READY,,UNCHANGED
778,WSSEC:WS:XNYS:PFE,WS:XNYS:PFE,XNYS,PFE,PFE,508,508,0,0.0,,,NOT_STALE,0,NONE,NONE,READY,,PASS_CLEAN,READY,,READY,,UNCHANGED
779,WSSEC:WS:XNYS:PFGC,WS:XNYS:PFGC,XNYS,PFGC,PFGC,500,500,0,0.0,,,NOT_STALE,0,NONE,NONE,READY,,PASS_CLEAN,READY,,READY,,UNCHANGED
780,WSSEC:WS:XNYS:PG,WS:XNYS:PG,XNYS,PG,PG,508,508,0,0.0,,,NOT_STALE,0,NONE,NONE,READY,,PASS_CLEAN,READY,,READY,,UNCHANGED
781,WSSEC:WS:XNYS:PGR,WS:XNYS:PGR,XNYS,PGR,PGR,508,508,0,0.0,,,NOT_STALE,0,NONE,NONE,READY,,PASS_CLEAN,READY,,READY,,UNCHANGED
782,WSSEC:WS:XNYS:PH,WS:XNYS:PH,XNYS,PH,PH,508,508,0,0.0,,,NOT_STALE,0,NONE,NONE,READY,,PASS_CLEAN,READY,,READY,,UNCHANGED
783,WSSEC:WS:XNYS:PHM,WS:XNYS:PHM,XNYS,PHM,PHM,508,508,0,0.0,,,NOT_STALE,0,NONE,NONE,READY,,PASS_CLEAN,READY,,READY,,UNCHANGED
784,WSSEC:WS:XNYS:PII,WS:XNYS:PII,XNYS,PII,PII,500,500,0,0.0,,,NOT_STALE,0,NONE,NONE,READY,,PASS_CLEAN,READY,,READY,,UNCHANGED
785,WSSEC:WS:XNYS:PINS,WS:XNYS:PINS,XNYS,PINS,PINS,500,500,0,0.0,,,NOT_STALE,0,NONE,NONE,READY,,PASS_CLEAN,READY,,READY,,UNCHANGED
786,WSSEC:WS:XNYS:PKG,WS:XNYS:PKG,XNYS,PKG,PKG,508,508,0,0.0,,,NOT_STALE,0,NONE,NONE,READY,,PASS_CLEAN,READY,,READY,,UNCHANGED
787,WSSEC:WS:XNYS:PLNT,WS:XNYS:PLNT,XNYS,PLNT,PLNT,500,500,0,0.0,,,NOT_STALE,0,NONE,NONE,READY,,PASS_CLEAN,READY,,READY,,UNCHANGED
788,WSSEC:WS:XNYS:PLTR,WS:XNYS:PLTR,XNYS,PLTR,PLTR,508,508,0,0.0,,,NOT_STALE,0,NONE,NONE,READY,,PASS_CLEAN,READY,,READY,,UNCHANGED
789,WSSEC:WS:XNYS:PM,WS:XNYS:PM,XNYS,PM,PM,508,508,0,0.0,,,NOT_STALE,0,NONE,NONE,READY,,PASS_CLEAN,READY,,READY,,UNCHANGED
790,WSSEC:WS:XNYS:PNC,WS:XNYS:PNC,XNYS,PNC,PNC,508,508,0,0.0,,,NOT_STALE,0,NONE,NONE,READY,,PASS_CLEAN,READY,,READY,,UNCHANGED
791,WSSEC:WS:XNYS:PNFP,WS:XNYS:PNFP,XNYS,PNFP,PNFP,500,500,0,0.0,,,NOT_STALE,0,NONE,NONE,READY,,PASS_CLEAN,READY,,READY,,UNCHANGED
792,WSSEC:WS:XNYS:PNW,WS:XNYS:PNW,XNYS,PNW,PNW,508,508,0,0.0,,,NOT_STALE,0,NONE,NONE,READY,,PASS_CLEAN,READY,,READY,,UNCHANGED
793,WSSEC:WS:XNYS:POR,WS:XNYS:POR,XNYS,POR,POR,500,500,0,0.0,,,NOT_STALE,0,NONE,NONE,READY,,PASS_CLEAN,READY,,READY,,UNCHANGED
794,WSSEC:WS:XNYS:POST,WS:XNYS:POST,XNYS,POST,POST,500,500,0,0.0,,,NOT_STALE,0,NONE,NONE,READY,,PASS_CLEAN,READY,,READY,,UNCHANGED
795,WSSEC:WS:XNYS:PPG,WS:XNYS:PPG,XNYS,PPG,PPG,508,508,0,0.0,,,NOT_STALE,0,NONE,NONE,READY,,PASS_CLEAN,READY,,READY,,UNCHANGED
796,WSSEC:WS:XNYS:PPL,WS:XNYS:PPL,XNYS,PPL,PPL,508,508,0,0.0,,,NOT_STALE,0,NONE,NONE,READY,,PASS_CLEAN,READY,,READY,,UNCHANGED
797,WSSEC:WS:XNYS:PR,WS:XNYS:PR,XNYS,PR,PR,500,500,0,0.0,,,NOT_STALE,0,NONE,NONE,READY,,PASS_CLEAN,READY,,READY,,UNCHANGED
798,WSSEC:WS:XNYS:PRI,WS:XNYS:PRI,XNYS,PRI,PRI,500,500,0,0.0,,,NOT_STALE,0,NONE,NONE,READY,,PASS_CLEAN,READY,,READY,,UNCHANGED
799,WSSEC:WS:XNYS:PSN,WS:XNYS:PSN,XNYS,PSN,PSN,500,500,0,0.0,,,NOT_STALE,0,NONE,NONE,READY,,PASS_CLEAN,READY,,READY,,UNCHANGED
800,WSSEC:WS:XNYS:PSX,WS:XNYS:PSX,XNYS,PSX,PSX,508,508,0,0.0,,,NOT_STALE,0,NONE,NONE,READY,,PASS_CLEAN,READY,,READY,,UNCHANGED
801,WSSEC:WS:XNYS:PVH,WS:XNYS:PVH,XNYS,PVH,PVH,500,500,0,0.0,,,NOT_STALE,0,NONE,NONE,READY,,PASS_CLEAN,READY,,READY,,UNCHANGED
802,WSSEC:WS:XNYS:PWR,WS:XNYS:PWR,XNYS,PWR,PWR,508,508,0,0.0,,,NOT_STALE,0,NONE,NONE,READY,,PASS_CLEAN,READY,,READY,,UNCHANGED
803,WSSEC:WS:XNYS:R,WS:XNYS:R,XNYS,R,R,500,500,0,0.0,,,NOT_STALE,0,NONE,NONE,READY,,PASS_CLEAN,READY,,READY,,UNCHANGED
804,WSSEC:WS:XNYS:RBA,WS:XNYS:RBA,XNYS,RBA,RBA,500,500,0,0.0,,,NOT_STALE,0,NONE,NONE,READY,,PASS_CLEAN,READY,,READY,,UNCHANGED
805,WSSEC:WS:XNYS:RBC,WS:XNYS:RBC,XNYS,RBC,RBC,500,500,0,0.0,,,NOT_STALE,0,NONE,NONE,READY,,PASS_CLEAN,READY,,READY,,UNCHANGED
806,WSSEC:WS:XNYS:RF,WS:XNYS:RF,XNYS,RF,RF,508,508,0,0.0,,,NOT_STALE,0,NONE,NONE,READY,,PASS_CLEAN,READY,,READY,,UNCHANGED
807,WSSEC:WS:XNYS:RGA,WS:XNYS:RGA,XNYS,RGA,RGA,500,500,0,0.0,,,NOT_STALE,0,NONE,NONE,READY,,PASS_CLEAN,READY,,READY,,UNCHANGED
808,WSSEC:WS:XNYS:RH,WS:XNYS:RH,XNYS,RH,RH,500,500,0,0.0,,,NOT_STALE,0,NONE,NONE,READY,,PASS_CLEAN,READY,,READY,,UNCHANGED
809,WSSEC:WS:XNYS:RJF,WS:XNYS:RJF,XNYS,RJF,RJF,508,508,0,0.0,,,NOT_STALE,0,NONE,NONE,READY,,PASS_CLEAN,READY,,READY,,UNCHANGED
810,WSSEC:WS:XNYS:RL,WS:XNYS:RL,XNYS,RL,RL,508,508,0,0.0,,,NOT_STALE,0,NONE,NONE,READY,,PASS_CLEAN,READY,,READY,,UNCHANGED
811,WSSEC:WS:XNYS:RLI,WS:XNYS:RLI,XNYS,RLI,RLI,500,500,0,0.0,,,NOT_STALE,0,NONE,NONE,READY,,PASS_CLEAN,READY,,READY,,UNCHANGED
812,WSSEC:WS:XNYS:RMD,WS:XNYS:RMD,XNYS,RMD,RMD,508,508,0,0.0,,,NOT_STALE,0,NONE,NONE,READY,,PASS_CLEAN,READY,,READY,,UNCHANGED
813,WSSEC:WS:XNYS:RNR,WS:XNYS:RNR,XNYS,RNR,RNR,500,500,0,0.0,,,NOT_STALE,0,NONE,NONE,READY,,PASS_CLEAN,READY,,READY,,UNCHANGED
814,WSSEC:WS:XNYS:ROK,WS:XNYS:ROK,XNYS,ROK,ROK,508,508,0,0.0,,,NOT_STALE,0,NONE,NONE,READY,,PASS_CLEAN,READY,,READY,,UNCHANGED
815,WSSEC:WS:XNYS:ROL,WS:XNYS:ROL,XNYS,ROL,ROL,508,508,0,0.0,,,NOT_STALE,0,NONE,NONE,READY,,PASS_CLEAN,READY,,READY,,UNCHANGED
816,WSSEC:WS:XNYS:ROP,WS:XNYS:ROP,XNYS,ROP,ROP,508,508,0,0.0,,,NOT_STALE,0,NONE,NONE,READY,,PASS_CLEAN,READY,,READY,,UNCHANGED
817,WSSEC:WS:XNYS:RPM,WS:XNYS:RPM,XNYS,RPM,RPM,500,500,0,0.0,,,NOT_STALE,0,NONE,NONE,READY,,PASS_CLEAN,READY,,READY,,UNCHANGED
818,WSSEC:WS:XNYS:RRC,WS:XNYS:RRC,XNYS,RRC,RRC,500,500,0,0.0,,,NOT_STALE,0,NONE,NONE,READY,,PASS_CLEAN,READY,,READY,,UNCHANGED
819,WSSEC:WS:XNYS:RRX,WS:XNYS:RRX,XNYS,RRX,RRX,500,500,0,0.0,,,NOT_STALE,0,NONE,NONE,READY,,PASS_CLEAN,READY,,READY,,UNCHANGED
820,WSSEC:WS:XNYS:RS,WS:XNYS:RS,XNYS,RS,RS,500,500,0,0.0,,,NOT_STALE,0,NONE,NONE,READY,,PASS_CLEAN,READY,,READY,,UNCHANGED
821,WSSEC:WS:XNYS:RSG,WS:XNYS:RSG,XNYS,RSG,RSG,508,508,0,0.0,,,NOT_STALE,0,NONE,NONE,READY,,PASS_CLEAN,READY,,READY,,UNCHANGED
822,WSSEC:WS:XNYS:RTX,WS:XNYS:RTX,XNYS,RTX,RTX,508,508,0,0.0,,,NOT_STALE,0,NONE,NONE,READY,,PASS_CLEAN,READY,,READY,,UNCHANGED
823,WSSEC:WS:XNYS:RYAN,WS:XNYS:RYAN,XNYS,RYAN,RYAN,500,500,0,0.0,,,NOT_STALE,0,NONE,NONE,READY,,PASS_CLEAN,READY,,READY,,UNCHANGED
824,WSSEC:WS:XNYS:SAM,WS:XNYS:SAM,XNYS,SAM,SAM,500,500,0,0.0,,,NOT_STALE,0,NONE,NONE,READY,,PASS_CLEAN,READY,,READY,,UNCHANGED
825,WSSEC:WS:XNYS:SARO,WS:XNYS:SARO,XNYS,SARO,SARO,493,493,0,0.0,,,NOT_STALE,0,NONE,NONE,READY,,PASS_CLEAN,READY,,READY,,UNCHANGED
826,WSSEC:WS:XNYS:SCHW,WS:XNYS:SCHW,XNYS,SCHW,SCHW,508,508,0,0.0,,,NOT_STALE,0,NONE,NONE,READY,,PASS_CLEAN,READY,,READY,,UNCHANGED
827,WSSEC:WS:XNYS:SCI,WS:XNYS:SCI,XNYS,SCI,SCI,500,500,0,0.0,,,NOT_STALE,0,NONE,NONE,READY,,PASS_CLEAN,READY,,READY,,UNCHANGED
828,WSSEC:WS:XNYS:SF,WS:XNYS:SF,XNYS,SF,SF,500,500,0,0.0,,,NOT_STALE,0,NONE,NONE,READY,,PASS_CLEAN,READY,,READY,,UNCHANGED
829,WSSEC:WS:XNYS:SGI,WS:XNYS:SGI,XNYS,SGI,SGI,500,500,0,0.0,,,NOT_STALE,0,NONE,NONE,READY,,PASS_CLEAN,READY,,READY,,UNCHANGED
830,WSSEC:WS:XNYS:SHW,WS:XNYS:SHW,XNYS,SHW,SHW,508,508,0,0.0,,,NOT_STALE,0,NONE,NONE,READY,,PASS_CLEAN,READY,,READY,,UNCHANGED
831,WSSEC:WS:XNYS:SJM,WS:XNYS:SJM,XNYS,SJM,SJM,508,508,0,0.0,,,NOT_STALE,0,NONE,NONE,READY,,PASS_CLEAN,READY,,READY,,UNCHANGED
832,WSSEC:WS:XNYS:SLGN,WS:XNYS:SLGN,XNYS,SLGN,SLGN,500,500,0,0.0,,,NOT_STALE,0,NONE,NONE,READY,,PASS_CLEAN,READY,,READY,,UNCHANGED
833,WSSEC:WS:XNYS:SMG,WS:XNYS:SMG,XNYS,SMG,SMG,500,500,0,0.0,,,NOT_STALE,0,NONE,NONE,READY,,PASS_CLEAN,READY,,READY,,UNCHANGED
834,WSSEC:WS:XNYS:SN,WS:XNYS:SN,XNYS,SN,SN,500,500,0,0.0,,,NOT_STALE,0,NONE,NONE,READY,,PASS_CLEAN,READY,,READY,,UNCHANGED
835,WSSEC:WS:XNYS:SNA,WS:XNYS:SNA,XNYS,SNA,SNA,508,508,0,0.0,,,NOT_STALE,0,NONE,NONE,READY,,PASS_CLEAN,READY,,READY,,UNCHANGED
836,WSSEC:WS:XNYS:SNX,WS:XNYS:SNX,XNYS,SNX,SNX,500,500,0,0.0,,,NOT_STALE,0,NONE,NONE,READY,,PASS_CLEAN,READY,,READY,,UNCHANGED
837,WSSEC:WS:XNYS:SO,WS:XNYS:SO,XNYS,SO,SO,508,508,0,0.0,,,NOT_STALE,0,NONE,NONE,READY,,PASS_CLEAN,READY,,READY,,UNCHANGED
838,WSSEC:WS:XNYS:SOLV,WS:XNYS:SOLV,XNYS,SOLV,SOLV,508,508,0,0.0,,,NOT_STALE,0,NONE,NONE,READY,,PASS_CLEAN,READY,,READY,,UNCHANGED
839,WSSEC:WS:XNYS:SON,WS:XNYS:SON,XNYS,SON,SON,500,500,0,0.0,,,NOT_STALE,0,NONE,NONE,READY,,PASS_CLEAN,READY,,READY,,UNCHANGED
840,WSSEC:WS:XNYS:SPGI,WS:XNYS:SPGI,XNYS,SPGI,SPGI,508,508,0,0.0,,,NOT_STALE,0,NONE,NONE,READY,,PASS_CLEAN,READY,,READY,,UNCHANGED
841,WSSEC:WS:XNYS:SPXC,WS:XNYS:SPXC,XNYS,SPXC,SPXC,500,500,0,0.0,,,NOT_STALE,0,NONE,NONE,READY,,PASS_CLEAN,READY,,READY,,UNCHANGED
842,WSSEC:WS:XNYS:SR,WS:XNYS:SR,XNYS,SR,SR,500,500,0,0.0,,,NOT_STALE,0,NONE,NONE,READY,,PASS_CLEAN,READY,,READY,,UNCHANGED
843,WSSEC:WS:XNYS:SSB,WS:XNYS:SSB,XNYS,SSB,SSB,500,500,0,0.0,,,NOT_STALE,0,NONE,NONE,READY,,PASS_CLEAN,READY,,READY,,UNCHANGED
844,WSSEC:WS:XNYS:SSD,WS:XNYS:SSD,XNYS,SSD,SSD,500,500,0,0.0,,,NOT_STALE,0,NONE,NONE,READY,,PASS_CLEAN,READY,,READY,,UNCHANGED
845,WSSEC:WS:XNYS:ST,WS:XNYS:ST,XNYS,ST,ST,500,500,0,0.0,,,NOT_STALE,0,NONE,NONE,READY,,PASS_CLEAN,READY,,READY,,UNCHANGED
846,WSSEC:WS:XNYS:STT,WS:XNYS:STT,XNYS,STT,STT,508,508,0,0.0,,,NOT_STALE,0,NONE,NONE,READY,,PASS_CLEAN,READY,,READY,,UNCHANGED
847,WSSEC:WS:XNYS:STZ,WS:XNYS:STZ,XNYS,STZ,STZ,508,508,0,0.0,,,NOT_STALE,0,NONE,NONE,READY,,PASS_CLEAN,READY,,READY,,UNCHANGED
848,WSSEC:WS:XNYS:SWK,WS:XNYS:SWK,XNYS,SWK,SWK,508,508,0,0.0,,,NOT_STALE,0,NONE,NONE,READY,,PASS_CLEAN,READY,,READY,,UNCHANGED
849,WSSEC:WS:XNYS:SWX,WS:XNYS:SWX,XNYS,SWX,SWX,500,500,0,0.0,,,NOT_STALE,0,NONE,NONE,READY,,PASS_CLEAN,READY,,READY,,UNCHANGED
850,WSSEC:WS:XNYS:SYF,WS:XNYS:SYF,XNYS,SYF,SYF,508,508,0,0.0,,,NOT_STALE,0,NONE,NONE,READY,,PASS_CLEAN,READY,,READY,,UNCHANGED
851,WSSEC:WS:XNYS:SYK,WS:XNYS:SYK,XNYS,SYK,SYK,508,508,0,0.0,,,NOT_STALE,0,NONE,NONE,READY,,PASS_CLEAN,READY,,READY,,UNCHANGED
852,WSSEC:WS:XNYS:SYY,WS:XNYS:SYY,XNYS,SYY,SYY,508,508,0,0.0,,,NOT_STALE,0,NONE,NONE,READY,,PASS_CLEAN,READY,,READY,,UNCHANGED
853,WSSEC:WS:XNYS:T,WS:XNYS:T,XNYS,T,T,508,508,0,0.0,,,NOT_STALE,0,NONE,NONE,READY,,PASS_CLEAN,READY,,READY,,UNCHANGED
854,WSSEC:WS:XNYS:TAP,WS:XNYS:TAP,XNYS,TAP,TAP,508,508,0,0.0,,,NOT_STALE,0,NONE,NONE,READY,,PASS_CLEAN,READY,,READY,,UNCHANGED
855,WSSEC:WS:XNYS:TDG,WS:XNYS:TDG,XNYS,TDG,TDG,508,508,0,0.0,,,NOT_STALE,0,NONE,NONE,READY,,PASS_CLEAN,READY,,READY,,UNCHANGED
856,WSSEC:WS:XNYS:TDY,WS:XNYS:TDY,XNYS,TDY,TDY,508,508,0,0.0,,,NOT_STALE,0,NONE,NONE,READY,,PASS_CLEAN,READY,,READY,,UNCHANGED
857,WSSEC:WS:XNYS:TEX,WS:XNYS:TEX,XNYS,TEX,TEX,500,500,0,0.0,,,NOT_STALE,0,NONE,NONE,READY,,PASS_CLEAN,READY,,READY,,UNCHANGED
858,WSSEC:WS:XNYS:TFC,WS:XNYS:TFC,XNYS,TFC,TFC,508,508,0,0.0,,,NOT_STALE,0,NONE,NONE,READY,,PASS_CLEAN,READY,,READY,,UNCHANGED
859,WSSEC:WS:XNYS:TGT,WS:XNYS:TGT,XNYS,TGT,TGT,508,508,0,0.0,,,NOT_STALE,0,NONE,NONE,READY,,PASS_CLEAN,READY,,READY,,UNCHANGED
860,WSSEC:WS:XNYS:THC,WS:XNYS:THC,XNYS,THC,THC,500,500,0,0.0,,,NOT_STALE,0,NONE,NONE,READY,,PASS_CLEAN,READY,,READY,,UNCHANGED
861,WSSEC:WS:XNYS:THG,WS:XNYS:THG,XNYS,THG,THG,500,500,0,0.0,,,NOT_STALE,0,NONE,NONE,READY,,PASS_CLEAN,READY,,READY,,UNCHANGED
862,WSSEC:WS:XNYS:THO,WS:XNYS:THO,XNYS,THO,THO,500,500,0,0.0,,,NOT_STALE,0,NONE,NONE,READY,,PASS_CLEAN,READY,,READY,,UNCHANGED
863,WSSEC:WS:XNYS:TJX,WS:XNYS:TJX,XNYS,TJX,TJX,508,508,0,0.0,,,NOT_STALE,0,NONE,NONE,READY,,PASS_CLEAN,READY,,READY,,UNCHANGED
864,WSSEC:WS:XNYS:TKO,WS:XNYS:TKO,XNYS,TKO,TKO,508,508,0,0.0,,,NOT_STALE,0,NONE,NONE,READY,,PASS_CLEAN,READY,,READY,,UNCHANGED
865,WSSEC:WS:XNYS:TKR,WS:XNYS:TKR,XNYS,TKR,TKR,500,500,0,0.0,,,NOT_STALE,0,NONE,NONE,READY,,PASS_CLEAN,READY,,READY,,UNCHANGED
866,WSSEC:WS:XNYS:TMO,WS:XNYS:TMO,XNYS,TMO,TMO,508,508,0,0.0,,,NOT_STALE,0,NONE,NONE,READY,,PASS_CLEAN,READY,,READY,,UNCHANGED
867,WSSEC:WS:XNYS:TNL,WS:XNYS:TNL,XNYS,TNL,TNL,500,500,0,0.0,,,NOT_STALE,0,NONE,NONE,READY,,PASS_CLEAN,READY,,READY,,UNCHANGED
868,WSSEC:WS:XNYS:TOL,WS:XNYS:TOL,XNYS,TOL,TOL,500,500,0,0.0,,,NOT_STALE,0,NONE,NONE,READY,,PASS_CLEAN,READY,,READY,,UNCHANGED
869,WSSEC:WS:XNYS:TOST,WS:XNYS:TOST,XNYS,TOST,TOST,500,500,0,0.0,,,NOT_STALE,0,NONE,NONE,READY,,PASS_CLEAN,READY,,READY,,UNCHANGED
870,WSSEC:WS:XNYS:TPL,WS:XNYS:TPL,XNYS,TPL,TPL,508,508,0,0.0,,,NOT_STALE,0,NONE,NONE,READY,,PASS_CLEAN,READY,,READY,,UNCHANGED
871,WSSEC:WS:XNYS:TPR,WS:XNYS:TPR,XNYS,TPR,TPR,508,508,0,0.0,,,NOT_STALE,0,NONE,NONE,READY,,PASS_CLEAN,READY,,READY,,UNCHANGED
872,WSSEC:WS:XNYS:TREX,WS:XNYS:TREX,XNYS,TREX,TREX,500,500,0,0.0,,,NOT_STALE,0,NONE,NONE,READY,,PASS_CLEAN,READY,,READY,,UNCHANGED
873,WSSEC:WS:XNYS:TRGP,WS:XNYS:TRGP,XNYS,TRGP,TRGP,508,508,0,0.0,,,NOT_STALE,0,NONE,NONE,READY,,PASS_CLEAN,READY,,READY,,UNCHANGED
874,WSSEC:WS:XNYS:TRU,WS:XNYS:TRU,XNYS,TRU,TRU,500,500,0,0.0,,,NOT_STALE,0,NONE,NONE,READY,,PASS_CLEAN,READY,,READY,,UNCHANGED
875,WSSEC:WS:XNYS:TRV,WS:XNYS:TRV,XNYS,TRV,TRV,508,508,0,0.0,,,NOT_STALE,0,NONE,NONE,READY,,PASS_CLEAN,READY,,READY,,UNCHANGED
876,WSSEC:WS:XNYS:TSN,WS:XNYS:TSN,XNYS,TSN,TSN,508,508,0,0.0,,,NOT_STALE,0,NONE,NONE,READY,,PASS_CLEAN,READY,,READY,,UNCHANGED
877,WSSEC:WS:XNYS:TTC,WS:XNYS:TTC,XNYS,TTC,TTC,500,500,0,0.0,,,NOT_STALE,0,NONE,NONE,READY,,PASS_CLEAN,READY,,READY,,UNCHANGED
878,WSSEC:WS:XNYS:TWLO,WS:XNYS:TWLO,XNYS,TWLO,TWLO,500,500,0,0.0,,,NOT_STALE,0,NONE,NONE,READY,,PASS_CLEAN,READY,,READY,,UNCHANGED
879,WSSEC:WS:XNYS:TXNM,WS:XNYS:TXNM,XNYS,TXNM,TXNM,500,500,0,0.0,,,NOT_STALE,0,NONE,NONE,READY,,PASS_CLEAN,READY,,READY,,UNCHANGED
880,WSSEC:WS:XNYS:TXT,WS:XNYS:TXT,XNYS,TXT,TXT,508,508,0,0.0,,,NOT_STALE,0,NONE,NONE,READY,,PASS_CLEAN,READY,,READY,,UNCHANGED
881,WSSEC:WS:XNYS:TYL,WS:XNYS:TYL,XNYS,TYL,TYL,508,508,0,0.0,,,NOT_STALE,0,NONE,NONE,READY,,PASS_CLEAN,READY,,READY,,UNCHANGED
882,WSSEC:WS:XNYS:UBER,WS:XNYS:UBER,XNYS,UBER,UBER,508,508,0,0.0,,,NOT_STALE,0,NONE,NONE,READY,,PASS_CLEAN,READY,,READY,,UNCHANGED
883,WSSEC:WS:XNYS:UGI,WS:XNYS:UGI,XNYS,UGI,UGI,500,500,0,0.0,,,NOT_STALE,0,NONE,NONE,READY,,PASS_CLEAN,READY,,READY,,UNCHANGED
884,WSSEC:WS:XNYS:UHS,WS:XNYS:UHS,XNYS,UHS,UHS,508,508,0,0.0,,,NOT_STALE,0,NONE,NONE,READY,,PASS_CLEAN,READY,,READY,,UNCHANGED
885,WSSEC:WS:XNYS:ULS,WS:XNYS:ULS,XNYS,ULS,ULS,500,500,0,0.0,,,NOT_STALE,0,NONE,NONE,READY,,PASS_CLEAN,READY,,READY,,UNCHANGED
886,WSSEC:WS:XNYS:UNH,WS:XNYS:UNH,XNYS,UNH,UNH,508,508,0,0.0,,,NOT_STALE,0,NONE,NONE,READY,,PASS_CLEAN,READY,,READY,,UNCHANGED
887,WSSEC:WS:XNYS:UNM,WS:XNYS:UNM,XNYS,UNM,UNM,500,500,0,0.0,,,NOT_STALE,0,NONE,NONE,READY,,PASS_CLEAN,READY,,READY,,UNCHANGED
888,WSSEC:WS:XNYS:UNP,WS:XNYS:UNP,XNYS,UNP,UNP,508,508,0,0.0,,,NOT_STALE,0,NONE,NONE,READY,,PASS_CLEAN,READY,,READY,,UNCHANGED
889,WSSEC:WS:XNYS:UPS,WS:XNYS:UPS,XNYS,UPS,UPS,508,508,0,0.0,,,NOT_STALE,0,NONE,NONE,READY,,PASS_CLEAN,READY,,READY,,UNCHANGED
890,WSSEC:WS:XNYS:URI,WS:XNYS:URI,XNYS,URI,URI,508,508,0,0.0,,,NOT_STALE,0,NONE,NONE,READY,,PASS_CLEAN,READY,,READY,,UNCHANGED
891,WSSEC:WS:XNYS:USB,WS:XNYS:USB,XNYS,USB,USB,508,508,0,0.0,,,NOT_STALE,0,NONE,NONE,READY,,PASS_CLEAN,READY,,READY,,UNCHANGED
892,WSSEC:WS:XNYS:USFD,WS:XNYS:USFD,XNYS,USFD,USFD,500,500,0,0.0,,,NOT_STALE,0,NONE,NONE,READY,,PASS_CLEAN,READY,,READY,,UNCHANGED
893,WSSEC:WS:XNYS:V,WS:XNYS:V,XNYS,V,V,508,508,0,0.0,,,NOT_STALE,0,NONE,NONE,READY,,PASS_CLEAN,READY,,READY,,UNCHANGED
894,WSSEC:WS:XNYS:VAL,WS:XNYS:VAL,XNYS,VAL,VAL,500,500,0,0.0,,,NOT_STALE,0,NONE,NONE,READY,,PASS_CLEAN,READY,,READY,,UNCHANGED
895,WSSEC:WS:XNYS:VEEV,WS:XNYS:VEEV,XNYS,VEEV,VEEV,508,508,0,0.0,,,NOT_STALE,0,NONE,NONE,READY,,PASS_CLEAN,READY,,READY,,UNCHANGED
896,WSSEC:WS:XNYS:VFC,WS:XNYS:VFC,XNYS,VFC,VFC,500,500,0,0.0,,,NOT_STALE,0,NONE,NONE,READY,,PASS_CLEAN,READY,,READY,,UNCHANGED
897,WSSEC:WS:XNYS:VLO,WS:XNYS:VLO,XNYS,VLO,VLO,508,508,0,0.0,,,NOT_STALE,0,NONE,NONE,READY,,PASS_CLEAN,READY,,READY,,UNCHANGED
898,WSSEC:WS:XNYS:VLTO,WS:XNYS:VLTO,XNYS,VLTO,VLTO,508,508,0,0.0,,,NOT_STALE,0,NONE,NONE,READY,,PASS_CLEAN,READY,,READY,,UNCHANGED
899,WSSEC:WS:XNYS:VMC,WS:XNYS:VMC,XNYS,VMC,VMC,508,508,0,0.0,,,NOT_STALE,0,NONE,NONE,READY,,PASS_CLEAN,READY,,READY,,UNCHANGED
900,WSSEC:WS:XNYS:VMI,WS:XNYS:VMI,XNYS,VMI,VMI,500,500,0,0.0,,,NOT_STALE,0,NONE,NONE,READY,,PASS_CLEAN,READY,,READY,,UNCHANGED
901,WSSEC:WS:XNYS:VNT,WS:XNYS:VNT,XNYS,VNT,VNT,500,500,0,0.0,,,NOT_STALE,0,NONE,NONE,READY,,PASS_CLEAN,READY,,READY,,UNCHANGED
902,WSSEC:WS:XNYS:VOYA,WS:XNYS:VOYA,XNYS,VOYA,VOYA,500,500,0,0.0,,,NOT_STALE,0,NONE,NONE,READY,,PASS_CLEAN,READY,,READY,,UNCHANGED
903,WSSEC:WS:XNYS:VRT,WS:XNYS:VRT,XNYS,VRT,VRT,508,508,0,0.0,,,NOT_STALE,0,NONE,NONE,READY,,PASS_CLEAN,READY,,READY,,UNCHANGED
904,WSSEC:WS:XNYS:VST,WS:XNYS:VST,XNYS,VST,VST,508,508,0,0.0,,,NOT_STALE,0,NONE,NONE,READY,,PASS_CLEAN,READY,,READY,,UNCHANGED
905,WSSEC:WS:XNYS:VVV,WS:XNYS:VVV,XNYS,VVV,VVV,500,500,0,0.0,,,NOT_STALE,0,NONE,NONE,READY,,PASS_CLEAN,READY,,READY,,UNCHANGED
906,WSSEC:WS:XNYS:WAB,WS:XNYS:WAB,XNYS,WAB,WAB,508,508,0,0.0,,,NOT_STALE,0,NONE,NONE,READY,,PASS_CLEAN,READY,,READY,,UNCHANGED
907,WSSEC:WS:XNYS:WAL,WS:XNYS:WAL,XNYS,WAL,WAL,500,500,0,0.0,,,NOT_STALE,0,NONE,NONE,READY,,PASS_CLEAN,READY,,READY,,UNCHANGED
908,WSSEC:WS:XNYS:WAT,WS:XNYS:WAT,XNYS,WAT,WAT,508,508,0,0.0,,,NOT_STALE,0,NONE,NONE,READY,,PASS_CLEAN,READY,,READY,,UNCHANGED
909,WSSEC:WS:XNYS:WCC,WS:XNYS:WCC,XNYS,WCC,WCC,500,500,0,0.0,,,NOT_STALE,0,NONE,NONE,READY,,PASS_CLEAN,READY,,READY,,UNCHANGED
910,WSSEC:WS:XNYS:WEC,WS:XNYS:WEC,XNYS,WEC,WEC,508,508,0,0.0,,,NOT_STALE,0,NONE,NONE,READY,,PASS_CLEAN,READY,,READY,,UNCHANGED
911,WSSEC:WS:XNYS:WEX,WS:XNYS:WEX,XNYS,WEX,WEX,500,500,0,0.0,,,NOT_STALE,0,NONE,NONE,READY,,PASS_CLEAN,READY,,READY,,UNCHANGED
912,WSSEC:WS:XNYS:WFC,WS:XNYS:WFC,XNYS,WFC,WFC,508,508,0,0.0,,,NOT_STALE,0,NONE,NONE,READY,,PASS_CLEAN,READY,,READY,,UNCHANGED
913,WSSEC:WS:XNYS:WH,WS:XNYS:WH,XNYS,WH,WH,500,500,0,0.0,,,NOT_STALE,0,NONE,NONE,READY,,PASS_CLEAN,READY,,READY,,UNCHANGED
914,WSSEC:WS:XNYS:WHR,WS:XNYS:WHR,XNYS,WHR,WHR,500,500,0,0.0,,,NOT_STALE,0,NONE,NONE,READY,,PASS_CLEAN,READY,,READY,,UNCHANGED
915,WSSEC:WS:XNYS:WLK,WS:XNYS:WLK,XNYS,WLK,WLK,500,500,0,0.0,,,NOT_STALE,0,NONE,NONE,READY,,PASS_CLEAN,READY,,READY,,UNCHANGED
916,WSSEC:WS:XNYS:WM,WS:XNYS:WM,XNYS,WM,WM,508,508,0,0.0,,,NOT_STALE,0,NONE,NONE,READY,,PASS_CLEAN,READY,,READY,,UNCHANGED
917,WSSEC:WS:XNYS:WMB,WS:XNYS:WMB,XNYS,WMB,WMB,508,508,0,0.0,,,NOT_STALE,0,NONE,NONE,READY,,PASS_CLEAN,READY,,READY,,UNCHANGED
918,WSSEC:WS:XNYS:WMS,WS:XNYS:WMS,XNYS,WMS,WMS,500,500,0,0.0,,,NOT_STALE,0,NONE,NONE,READY,,PASS_CLEAN,READY,,READY,,UNCHANGED
919,WSSEC:WS:XNYS:WRB,WS:XNYS:WRB,XNYS,WRB,WRB,508,508,0,0.0,,,NOT_STALE,0,NONE,NONE,READY,,PASS_CLEAN,READY,,READY,,UNCHANGED
920,WSSEC:WS:XNYS:WSM,WS:XNYS:WSM,XNYS,WSM,WSM,508,508,0,0.0,,,NOT_STALE,0,NONE,NONE,READY,,PASS_CLEAN,READY,,READY,,UNCHANGED
921,WSSEC:WS:XNYS:WSO,WS:XNYS:WSO,XNYS,WSO,WSO,500,500,0,0.0,,,NOT_STALE,0,NONE,NONE,READY,,PASS_CLEAN,READY,,READY,,UNCHANGED
922,WSSEC:WS:XNYS:WST,WS:XNYS:WST,XNYS,WST,WST,508,508,0,0.0,,,NOT_STALE,0,NONE,NONE,READY,,PASS_CLEAN,READY,,READY,,UNCHANGED
923,WSSEC:WS:XNYS:WTRG,WS:XNYS:WTRG,XNYS,WTRG,WTRG,500,500,0,0.0,,,NOT_STALE,0,NONE,NONE,READY,,PASS_CLEAN,READY,,READY,,UNCHANGED
924,WSSEC:WS:XNYS:WTS,WS:XNYS:WTS,XNYS,WTS,WTS,500,500,0,0.0,,,NOT_STALE,0,NONE,NONE,READY,,PASS_CLEAN,READY,,READY,,UNCHANGED
925,WSSEC:WS:XNYS:XPO,WS:XNYS:XPO,XNYS,XPO,XPO,500,500,0,0.0,,,NOT_STALE,0,NONE,NONE,READY,,PASS_CLEAN,READY,,READY,,UNCHANGED
926,WSSEC:WS:XNYS:XYL,WS:XNYS:XYL,XNYS,XYL,XYL,508,508,0,0.0,,,NOT_STALE,0,NONE,NONE,READY,,PASS_CLEAN,READY,,READY,,UNCHANGED
927,WSSEC:WS:XNYS:XYZ,WS:XNYS:XYZ,XNYS,XYZ,XYZ,508,508,0,0.0,,,NOT_STALE,0,NONE,NONE,READY,,PASS_CLEAN,READY,,READY,,UNCHANGED
928,WSSEC:WS:XNYS:YETI,WS:XNYS:YETI,XNYS,YETI,YETI,500,500,0,0.0,,,NOT_STALE,0,NONE,NONE,READY,,PASS_CLEAN,READY,,READY,,UNCHANGED
929,WSSEC:WS:XNYS:YUM,WS:XNYS:YUM,XNYS,YUM,YUM,508,508,0,0.0,,,NOT_STALE,0,NONE,NONE,READY,,PASS_CLEAN,READY,,READY,,UNCHANGED
930,WSSEC:WS:XNYS:ZBH,WS:XNYS:ZBH,XNYS,ZBH,ZBH,508,508,0,0.0,,,NOT_STALE,0,NONE,NONE,READY,,PASS_CLEAN,READY,,READY,,UNCHANGED
931,WSSEC:WS:XNYS:ZTS,WS:XNYS:ZTS,XNYS,ZTS,ZTS,508,508,0,0.0,,,NOT_STALE,0,NONE,NONE,READY,,PASS_CLEAN,READY,,READY,,UNCHANGED
932,WSSEC:WS:XSHE:000001,WS:XSHE:000001,XSHE,000001,000001.SZ,491,491,0,0.0,,,NOT_STALE,0,NONE,NONE,READY,,PASS_CLEAN,READY,,READY,,UNCHANGED
933,WSSEC:WS:XSHE:000002,WS:XSHE:000002,XSHE,000002,000002.SZ,491,491,0,0.0,,,NOT_STALE,0,NONE,NONE,READY,,PASS_CLEAN,READY,,READY,,UNCHANGED
934,WSSEC:WS:XSHE:000063,WS:XSHE:000063,XSHE,000063,000063.SZ,491,491,0,0.0,,,NOT_STALE,0,NONE,NONE,READY,,PASS_CLEAN,READY,,READY,,UNCHANGED
935,WSSEC:WS:XSHE:000100,WS:XSHE:000100,XSHE,000100,000100.SZ,491,491,0,0.0,,,NOT_STALE,0,NONE,NONE,READY,,PASS_CLEAN,READY,,READY,,UNCHANGED
936,WSSEC:WS:XSHE:000157,WS:XSHE:000157,XSHE,000157,000157.SZ,491,491,0,0.0,,,NOT_STALE,0,NONE,NONE,READY,,PASS_CLEAN,READY,,READY,,UNCHANGED
937,WSSEC:WS:XSHE:000166,WS:XSHE:000166,XSHE,000166,000166.SZ,491,491,0,0.0,,,NOT_STALE,0,NONE,NONE,READY,,PASS_CLEAN,READY,,READY,,UNCHANGED
938,WSSEC:WS:XSHE:000301,WS:XSHE:000301,XSHE,000301,000301.SZ,491,491,0,0.0,,,NOT_STALE,0,NONE,NONE,READY,,PASS_CLEAN,READY,,READY,,UNCHANGED
939,WSSEC:WS:XSHE:000333,WS:XSHE:000333,XSHE,000333,000333.SZ,491,491,0,0.0,,,NOT_STALE,0,NONE,NONE,READY,,PASS_CLEAN,READY,,READY,,UNCHANGED
940,WSSEC:WS:XSHE:000338,WS:XSHE:000338,XSHE,000338,000338.SZ,491,491,0,0.0,,,NOT_STALE,0,NONE,NONE,READY,,PASS_CLEAN,READY,,READY,,UNCHANGED
941,WSSEC:WS:XSHE:000408,WS:XSHE:000408,XSHE,000408,000408.SZ,491,491,0,0.0,,,NOT_STALE,0,NONE,NONE,READY,,PASS_CLEAN,READY,,READY,,UNCHANGED
942,WSSEC:WS:XSHE:000425,WS:XSHE:000425,XSHE,000425,000425.SZ,491,491,0,0.0,,,NOT_STALE,0,NONE,NONE,READY,,PASS_CLEAN,READY,,READY,,UNCHANGED
943,WSSEC:WS:XSHE:000538,WS:XSHE:000538,XSHE,000538,000538.SZ,491,491,0,0.0,,,NOT_STALE,0,NONE,NONE,READY,,PASS_CLEAN,READY,,READY,,UNCHANGED
944,WSSEC:WS:XSHE:000568,WS:XSHE:000568,XSHE,000568,000568.SZ,491,491,0,0.0,,,NOT_STALE,0,NONE,NONE,READY,,PASS_CLEAN,READY,,READY,,UNCHANGED
945,WSSEC:WS:XSHE:000596,WS:XSHE:000596,XSHE,000596,000596.SZ,491,491,0,0.0,,,NOT_STALE,0,NONE,NONE,READY,,PASS_CLEAN,READY,,READY,,UNCHANGED
946,WSSEC:WS:XSHE:000617,WS:XSHE:000617,XSHE,000617,000617.SZ,491,491,0,0.0,,,NOT_STALE,0,NONE,NONE,READY,,PASS_CLEAN,READY,,READY,,UNCHANGED
947,WSSEC:WS:XSHE:000625,WS:XSHE:000625,XSHE,000625,000625.SZ,491,491,0,0.0,,,NOT_STALE,0,NONE,NONE,READY,,PASS_CLEAN,READY,,READY,,UNCHANGED
948,WSSEC:WS:XSHE:000630,WS:XSHE:000630,XSHE,000630,000630.SZ,491,491,0,0.0,,,NOT_STALE,0,NONE,NONE,READY,,PASS_CLEAN,READY,,READY,,UNCHANGED
949,WSSEC:WS:XSHE:000651,WS:XSHE:000651,XSHE,000651,000651.SZ,491,491,0,0.0,,,NOT_STALE,0,NONE,NONE,READY,,PASS_CLEAN,READY,,READY,,UNCHANGED
950,WSSEC:WS:XSHE:000657,WS:XSHE:000657,XSHE,000657,000657.SZ,491,491,0,0.0,,,NOT_STALE,0,NONE,NONE,READY,,PASS_CLEAN,READY,,READY,,UNCHANGED
951,WSSEC:WS:XSHE:000708,WS:XSHE:000708,XSHE,000708,000708.SZ,491,491,0,0.0,,,NOT_STALE,0,NONE,NONE,READY,,PASS_CLEAN,READY,,READY,,UNCHANGED
952,WSSEC:WS:XSHE:000725,WS:XSHE:000725,XSHE,000725,000725.SZ,491,491,0,0.0,,,NOT_STALE,0,NONE,NONE,READY,,PASS_CLEAN,READY,,READY,,UNCHANGED
953,WSSEC:WS:XSHE:000768,WS:XSHE:000768,XSHE,000768,000768.SZ,491,491,0,0.0,,,NOT_STALE,0,NONE,NONE,READY,,PASS_CLEAN,READY,,READY,,UNCHANGED
954,WSSEC:WS:XSHE:000776,WS:XSHE:000776,XSHE,000776,000776.SZ,491,491,0,0.0,,,NOT_STALE,0,NONE,NONE,READY,,PASS_CLEAN,READY,,READY,,UNCHANGED
955,WSSEC:WS:XSHE:000792,WS:XSHE:000792,XSHE,000792,000792.SZ,491,491,0,0.0,,,NOT_STALE,0,NONE,NONE,READY,,PASS_CLEAN,READY,,READY,,UNCHANGED
956,WSSEC:WS:XSHE:000807,WS:XSHE:000807,XSHE,000807,000807.SZ,491,491,0,0.0,,,NOT_STALE,0,NONE,NONE,READY,,PASS_CLEAN,READY,,READY,,UNCHANGED
957,WSSEC:WS:XSHE:000858,WS:XSHE:000858,XSHE,000858,000858.SZ,491,491,0,0.0,,,NOT_STALE,0,NONE,NONE,READY,,PASS_CLEAN,READY,,READY,,UNCHANGED
958,WSSEC:WS:XSHE:000895,WS:XSHE:000895,XSHE,000895,000895.SZ,491,491,0,0.0,,,NOT_STALE,0,NONE,NONE,READY,,PASS_CLEAN,READY,,READY,,UNCHANGED
959,WSSEC:WS:XSHE:000938,WS:XSHE:000938,XSHE,000938,000938.SZ,491,491,0,0.0,,,NOT_STALE,0,NONE,NONE,READY,,PASS_CLEAN,READY,,READY,,UNCHANGED
960,WSSEC:WS:XSHE:000963,WS:XSHE:000963,XSHE,000963,000963.SZ,491,491,0,0.0,,,NOT_STALE,0,NONE,NONE,READY,,PASS_CLEAN,READY,,READY,,UNCHANGED
961,WSSEC:WS:XSHE:000975,WS:XSHE:000975,XSHE,000975,000975.SZ,491,491,0,0.0,,,NOT_STALE,0,NONE,NONE,READY,,PASS_CLEAN,READY,,READY,,UNCHANGED
962,WSSEC:WS:XSHE:000977,WS:XSHE:000977,XSHE,000977,000977.SZ,491,491,0,0.0,,,NOT_STALE,0,NONE,NONE,READY,,PASS_CLEAN,READY,,READY,,UNCHANGED
963,WSSEC:WS:XSHE:000988,WS:XSHE:000988,XSHE,000988,000988.SZ,491,491,0,0.0,,,NOT_STALE,0,NONE,NONE,READY,,PASS_CLEAN,READY,,READY,,UNCHANGED
964,WSSEC:WS:XSHE:000999,WS:XSHE:000999,XSHE,000999,000999.SZ,491,491,0,0.0,,,NOT_STALE,0,NONE,NONE,READY,,PASS_CLEAN,READY,,READY,,UNCHANGED
965,WSSEC:WS:XSHE:001965,WS:XSHE:001965,XSHE,001965,001965.SZ,491,491,0,0.0,,,NOT_STALE,0,NONE,NONE,READY,,PASS_CLEAN,READY,,READY,,UNCHANGED
966,WSSEC:WS:XSHE:001979,WS:XSHE:001979,XSHE,001979,001979.SZ,491,491,0,0.0,,,NOT_STALE,0,NONE,NONE,READY,,PASS_CLEAN,READY,,READY,,UNCHANGED
967,WSSEC:WS:XSHE:002001,WS:XSHE:002001,XSHE,002001,002001.SZ,491,491,0,0.0,,,NOT_STALE,0,NONE,NONE,READY,,PASS_CLEAN,READY,,READY,,UNCHANGED
968,WSSEC:WS:XSHE:002027,WS:XSHE:002027,XSHE,002027,002027.SZ,491,491,0,0.0,,,NOT_STALE,0,NONE,NONE,READY,,PASS_CLEAN,READY,,READY,,UNCHANGED
969,WSSEC:WS:XSHE:002028,WS:XSHE:002028,XSHE,002028,002028.SZ,491,491,0,0.0,,,NOT_STALE,0,NONE,NONE,READY,,PASS_CLEAN,READY,,READY,,UNCHANGED
970,WSSEC:WS:XSHE:002049,WS:XSHE:002049,XSHE,002049,002049.SZ,491,491,0,0.0,,,NOT_STALE,0,NONE,NONE,READY,,PASS_CLEAN,READY,,READY,,UNCHANGED
971,WSSEC:WS:XSHE:002050,WS:XSHE:002050,XSHE,002050,002050.SZ,491,491,0,0.0,,,NOT_STALE,0,NONE,NONE,READY,,PASS_CLEAN,READY,,READY,,UNCHANGED
972,WSSEC:WS:XSHE:002074,WS:XSHE:002074,XSHE,002074,002074.SZ,491,491,0,0.0,,,NOT_STALE,0,NONE,NONE,READY,,PASS_CLEAN,READY,,READY,,UNCHANGED
973,WSSEC:WS:XSHE:002142,WS:XSHE:002142,XSHE,002142,002142.SZ,491,491,0,0.0,,,NOT_STALE,0,NONE,NONE,READY,,PASS_CLEAN,READY,,READY,,UNCHANGED
974,WSSEC:WS:XSHE:002179,WS:XSHE:002179,XSHE,002179,002179.SZ,491,491,0,0.0,,,NOT_STALE,0,NONE,NONE,READY,,PASS_CLEAN,READY,,READY,,UNCHANGED
975,WSSEC:WS:XSHE:002202,WS:XSHE:002202,XSHE,002202,002202.SZ,491,491,0,0.0,,,NOT_STALE,0,NONE,NONE,READY,,PASS_CLEAN,READY,,READY,,UNCHANGED
976,WSSEC:WS:XSHE:002230,WS:XSHE:002230,XSHE,002230,002230.SZ,491,491,0,0.0,,,NOT_STALE,0,NONE,NONE,READY,,PASS_CLEAN,READY,,READY,,UNCHANGED
977,WSSEC:WS:XSHE:002236,WS:XSHE:002236,XSHE,002236,002236.SZ,491,491,0,0.0,,,NOT_STALE,0,NONE,NONE,READY,,PASS_CLEAN,READY,,READY,,UNCHANGED
978,WSSEC:WS:XSHE:002241,WS:XSHE:002241,XSHE,002241,002241.SZ,491,491,0,0.0,,,NOT_STALE,0,NONE,NONE,READY,,PASS_CLEAN,READY,,READY,,UNCHANGED
979,WSSEC:WS:XSHE:002304,WS:XSHE:002304,XSHE,002304,002304.SZ,491,491,0,0.0,,,NOT_STALE,0,NONE,NONE,READY,,PASS_CLEAN,READY,,READY,,UNCHANGED
980,WSSEC:WS:XSHE:002311,WS:XSHE:002311,XSHE,002311,002311.SZ,491,491,0,0.0,,,NOT_STALE,0,NONE,NONE,READY,,PASS_CLEAN,READY,,READY,,UNCHANGED
981,WSSEC:WS:XSHE:002352,WS:XSHE:002352,XSHE,002352,002352.SZ,491,491,0,0.0,,,NOT_STALE,0,NONE,NONE,READY,,PASS_CLEAN,READY,,READY,,UNCHANGED
982,WSSEC:WS:XSHE:002353,WS:XSHE:002353,XSHE,002353,002353.SZ,491,491,0,0.0,,,NOT_STALE,0,NONE,NONE,READY,,PASS_CLEAN,READY,,READY,,UNCHANGED
983,WSSEC:WS:XSHE:002371,WS:XSHE:002371,XSHE,002371,002371.SZ,491,491,0,0.0,,,NOT_STALE,0,NONE,NONE,READY,,PASS_CLEAN,READY,,READY,,UNCHANGED
984,WSSEC:WS:XSHE:002384,WS:XSHE:002384,XSHE,002384,002384.SZ,491,491,0,0.0,,,NOT_STALE,0,NONE,NONE,READY,,PASS_CLEAN,READY,,READY,,UNCHANGED
985,WSSEC:WS:XSHE:002415,WS:XSHE:002415,XSHE,002415,002415.SZ,491,491,0,0.0,,,NOT_STALE,0,NONE,NONE,READY,,PASS_CLEAN,READY,,READY,,UNCHANGED
986,WSSEC:WS:XSHE:002422,WS:XSHE:002422,XSHE,002422,002422.SZ,491,491,0,0.0,,,NOT_STALE,0,NONE,NONE,READY,,PASS_CLEAN,READY,,READY,,UNCHANGED
987,WSSEC:WS:XSHE:002460,WS:XSHE:002460,XSHE,002460,002460.SZ,491,491,0,0.0,,,NOT_STALE,0,NONE,NONE,READY,,PASS_CLEAN,READY,,READY,,UNCHANGED
988,WSSEC:WS:XSHE:002463,WS:XSHE:002463,XSHE,002463,002463.SZ,491,491,0,0.0,,,NOT_STALE,0,NONE,NONE,READY,,PASS_CLEAN,READY,,READY,,UNCHANGED
989,WSSEC:WS:XSHE:002466,WS:XSHE:002466,XSHE,002466,002466.SZ,491,491,0,0.0,,,NOT_STALE,0,NONE,NONE,READY,,PASS_CLEAN,READY,,READY,,UNCHANGED
990,WSSEC:WS:XSHE:002475,WS:XSHE:002475,XSHE,002475,002475.SZ,491,491,0,0.0,,,NOT_STALE,0,NONE,NONE,READY,,PASS_CLEAN,READY,,READY,,UNCHANGED
991,WSSEC:WS:XSHE:002493,WS:XSHE:002493,XSHE,002493,002493.SZ,491,491,0,0.0,,,NOT_STALE,0,NONE,NONE,READY,,PASS_CLEAN,READY,,READY,,UNCHANGED
992,WSSEC:WS:XSHE:002532,WS:XSHE:002532,XSHE,002532,002532.SZ,491,491,0,0.0,,,NOT_STALE,0,NONE,NONE,READY,,PASS_CLEAN,READY,,READY,,UNCHANGED
993,WSSEC:WS:XSHE:002558,WS:XSHE:002558,XSHE,002558,002558.SZ,491,491,0,0.0,,,NOT_STALE,0,NONE,NONE,READY,,PASS_CLEAN,READY,,READY,,UNCHANGED
994,WSSEC:WS:XSHE:002594,WS:XSHE:002594,XSHE,002594,002594.SZ,491,491,0,0.0,,,NOT_STALE,0,NONE,NONE,READY,,PASS_CLEAN,READY,,READY,,UNCHANGED
995,WSSEC:WS:XSHE:002600,WS:XSHE:002600,XSHE,002600,002600.SZ,491,491,0,0.0,,,NOT_STALE,0,NONE,NONE,READY,,PASS_CLEAN,READY,,READY,,UNCHANGED
996,WSSEC:WS:XSHE:002602,WS:XSHE:002602,XSHE,002602,002602.SZ,491,491,0,0.0,,,NOT_STALE,0,NONE,NONE,READY,,PASS_CLEAN,READY,,READY,,UNCHANGED
997,WSSEC:WS:XSHE:002625,WS:XSHE:002625,XSHE,002625,002625.SZ,491,491,0,0.0,,,NOT_STALE,0,NONE,NONE,READY,,PASS_CLEAN,READY,,READY,,UNCHANGED
998,WSSEC:WS:XSHE:002648,WS:XSHE:002648,XSHE,002648,002648.SZ,491,491,0,0.0,,,NOT_STALE,0,NONE,NONE,READY,,PASS_CLEAN,READY,,READY,,UNCHANGED
999,WSSEC:WS:XSHE:002709,WS:XSHE:002709,XSHE,002709,002709.SZ,491,491,0,0.0,,,NOT_STALE,0,NONE,NONE,READY,,PASS_CLEAN,READY,,READY,,UNCHANGED
1000,WSSEC:WS:XSHE:002714,WS:XSHE:002714,XSHE,002714,002714.SZ,491,491,0,0.0,,,NOT_STALE,0,NONE,NONE,READY,,PASS_CLEAN,READY,,READY,,UNCHANGED
1001,WSSEC:WS:XSHE:002736,WS:XSHE:002736,XSHE,002736,002736.SZ,491,491,0,0.0,,,NOT_STALE,0,NONE,NONE,READY,,PASS_CLEAN,READY,,READY,,UNCHANGED
1002,WSSEC:WS:XSHE:002837,WS:XSHE:002837,XSHE,002837,002837.SZ,491,491,0,0.0,,,NOT_STALE,0,NONE,NONE,READY,,PASS_CLEAN,READY,,READY,,UNCHANGED
1003,WSSEC:WS:XSHE:002916,WS:XSHE:002916,XSHE,002916,002916.SZ,491,491,0,0.0,,,NOT_STALE,0,NONE,NONE,READY,,PASS_CLEAN,READY,,READY,,UNCHANGED
1004,WSSEC:WS:XSHE:002920,WS:XSHE:002920,XSHE,002920,002920.SZ,491,491,0,0.0,,,NOT_STALE,0,NONE,NONE,READY,,PASS_CLEAN,READY,,READY,,UNCHANGED
1005,WSSEC:WS:XSHE:002938,WS:XSHE:002938,XSHE,002938,002938.SZ,491,491,0,0.0,,,NOT_STALE,0,NONE,NONE,READY,,PASS_CLEAN,READY,,READY,,UNCHANGED
1006,WSSEC:WS:XSHE:003816,WS:XSHE:003816,XSHE,003816,003816.SZ,491,491,0,0.0,,,NOT_STALE,0,NONE,NONE,READY,,PASS_CLEAN,READY,,READY,,UNCHANGED
1007,WSSEC:WS:XSHE:300014,WS:XSHE:300014,XSHE,300014,300014.SZ,491,491,0,0.0,,,NOT_STALE,0,NONE,NONE,READY,,PASS_CLEAN,READY,,READY,,UNCHANGED
1008,WSSEC:WS:XSHE:300015,WS:XSHE:300015,XSHE,300015,300015.SZ,491,491,0,0.0,,,NOT_STALE,0,NONE,NONE,READY,,PASS_CLEAN,READY,,READY,,UNCHANGED
1009,WSSEC:WS:XSHE:300033,WS:XSHE:300033,XSHE,300033,300033.SZ,491,491,0,0.0,,,NOT_STALE,0,NONE,NONE,READY,,PASS_CLEAN,READY,,READY,,UNCHANGED
1010,WSSEC:WS:XSHE:300059,WS:XSHE:300059,XSHE,300059,300059.SZ,491,491,0,0.0,,,NOT_STALE,0,NONE,NONE,READY,,PASS_CLEAN,READY,,READY,,UNCHANGED
1011,WSSEC:WS:XSHE:300122,WS:XSHE:300122,XSHE,300122,300122.SZ,491,491,0,0.0,,,NOT_STALE,0,NONE,NONE,READY,,PASS_CLEAN,READY,,READY,,UNCHANGED
1012,WSSEC:WS:XSHE:300124,WS:XSHE:300124,XSHE,300124,300124.SZ,491,491,0,0.0,,,NOT_STALE,0,NONE,NONE,READY,,PASS_CLEAN,READY,,READY,,UNCHANGED
1013,WSSEC:WS:XSHE:300251,WS:XSHE:300251,XSHE,300251,300251.SZ,491,491,0,0.0,,,NOT_STALE,0,NONE,NONE,READY,,PASS_CLEAN,READY,,READY,,UNCHANGED
1014,WSSEC:WS:XSHE:300274,WS:XSHE:300274,XSHE,300274,300274.SZ,491,491,0,0.0,,,NOT_STALE,0,NONE,NONE,READY,,PASS_CLEAN,READY,,READY,,UNCHANGED
1015,WSSEC:WS:XSHE:300308,WS:XSHE:300308,XSHE,300308,300308.SZ,491,491,0,0.0,,,NOT_STALE,0,NONE,NONE,READY,,PASS_CLEAN,READY,,READY,,UNCHANGED
1016,WSSEC:WS:XSHE:300316,WS:XSHE:300316,XSHE,300316,300316.SZ,491,491,0,0.0,,,NOT_STALE,0,NONE,NONE,READY,,PASS_CLEAN,READY,,READY,,UNCHANGED
1017,WSSEC:WS:XSHE:300394,WS:XSHE:300394,XSHE,300394,300394.SZ,491,491,0,0.0,,,NOT_STALE,0,NONE,NONE,READY,,PASS_CLEAN,READY,,READY,,UNCHANGED
1018,WSSEC:WS:XSHE:300408,WS:XSHE:300408,XSHE,300408,300408.SZ,491,491,0,0.0,,,NOT_STALE,0,NONE,NONE,READY,,PASS_CLEAN,READY,,READY,,UNCHANGED
1019,WSSEC:WS:XSHE:300413,WS:XSHE:300413,XSHE,300413,300413.SZ,491,491,0,0.0,,,NOT_STALE,0,NONE,NONE,READY,,PASS_CLEAN,READY,,READY,,UNCHANGED
1020,WSSEC:WS:XSHE:300418,WS:XSHE:300418,XSHE,300418,300418.SZ,491,491,0,0.0,,,NOT_STALE,0,NONE,NONE,READY,,PASS_CLEAN,READY,,READY,,UNCHANGED
1021,WSSEC:WS:XSHE:300433,WS:XSHE:300433,XSHE,300433,300433.SZ,491,491,0,0.0,,,NOT_STALE,0,NONE,NONE,READY,,PASS_CLEAN,READY,,READY,,UNCHANGED
1022,WSSEC:WS:XSHE:300442,WS:XSHE:300442,XSHE,300442,300442.SZ,491,491,0,0.0,,,NOT_STALE,0,NONE,NONE,READY,,PASS_CLEAN,READY,,READY,,UNCHANGED
1023,WSSEC:WS:XSHE:300450,WS:XSHE:300450,XSHE,300450,300450.SZ,491,491,0,0.0,,,NOT_STALE,0,NONE,NONE,READY,,PASS_CLEAN,READY,,READY,,UNCHANGED
1024,WSSEC:WS:XSHE:300476,WS:XSHE:300476,XSHE,300476,300476.SZ,491,491,0,0.0,,,NOT_STALE,0,NONE,NONE,READY,,PASS_CLEAN,READY,,READY,,UNCHANGED
1025,WSSEC:WS:XSHE:300498,WS:XSHE:300498,XSHE,300498,300498.SZ,491,491,0,0.0,,,NOT_STALE,0,NONE,NONE,READY,,PASS_CLEAN,READY,,READY,,UNCHANGED
1026,WSSEC:WS:XSHE:300502,WS:XSHE:300502,XSHE,300502,300502.SZ,491,491,0,0.0,,,NOT_STALE,0,NONE,NONE,READY,,PASS_CLEAN,READY,,READY,,UNCHANGED
1027,WSSEC:WS:XSHE:300628,WS:XSHE:300628,XSHE,300628,300628.SZ,491,491,0,0.0,,,NOT_STALE,0,NONE,NONE,READY,,PASS_CLEAN,READY,,READY,,UNCHANGED
1028,WSSEC:WS:XSHE:300661,WS:XSHE:300661,XSHE,300661,300661.SZ,491,491,0,0.0,,,NOT_STALE,0,NONE,NONE,READY,,PASS_CLEAN,READY,,READY,,UNCHANGED
1029,WSSEC:WS:XSHE:300750,WS:XSHE:300750,XSHE,300750,300750.SZ,491,491,0,0.0,,,NOT_STALE,0,NONE,NONE,READY,,PASS_CLEAN,READY,,READY,,UNCHANGED
1030,WSSEC:WS:XSHE:300760,WS:XSHE:300760,XSHE,300760,300760.SZ,491,491,0,0.0,,,NOT_STALE,0,NONE,NONE,READY,,PASS_CLEAN,READY,,READY,,UNCHANGED
1031,WSSEC:WS:XSHE:300803,WS:XSHE:300803,XSHE,300803,300803.SZ,491,491,0,0.0,,,NOT_STALE,0,NONE,NONE,READY,,PASS_CLEAN,READY,,READY,,UNCHANGED
1032,WSSEC:WS:XSHE:300832,WS:XSHE:300832,XSHE,300832,300832.SZ,491,491,0,0.0,,,NOT_STALE,0,NONE,NONE,READY,,PASS_CLEAN,READY,,READY,,UNCHANGED
1033,WSSEC:WS:XSHE:300866,WS:XSHE:300866,XSHE,300866,300866.SZ,491,491,0,0.0,,,NOT_STALE,0,NONE,NONE,READY,,PASS_CLEAN,READY,,READY,,UNCHANGED
1034,WSSEC:WS:XSHE:300896,WS:XSHE:300896,XSHE,300896,300896.SZ,491,491,0,0.0,,,NOT_STALE,0,NONE,NONE,READY,,PASS_CLEAN,READY,,READY,,UNCHANGED
1035,WSSEC:WS:XSHE:300999,WS:XSHE:300999,XSHE,300999,300999.SZ,491,491,0,0.0,,,NOT_STALE,0,NONE,NONE,READY,,PASS_CLEAN,READY,,READY,,UNCHANGED
1036,WSSEC:WS:XSHE:301165,WS:XSHE:301165,XSHE,301165,301165.SZ,491,491,0,0.0,,,NOT_STALE,0,NONE,NONE,READY,,PASS_CLEAN,READY,,READY,,UNCHANGED
1037,WSSEC:WS:XSHE:301236,WS:XSHE:301236,XSHE,301236,301236.SZ,491,491,0,0.0,,,NOT_STALE,0,NONE,NONE,READY,,PASS_CLEAN,READY,,READY,,UNCHANGED
1038,WSSEC:WS:XSHE:301269,WS:XSHE:301269,XSHE,301269,301269.SZ,491,491,0,0.0,,,NOT_STALE,0,NONE,NONE,READY,,PASS_CLEAN,READY,,READY,,UNCHANGED
1039,WSSEC:WS:XSHE:301308,WS:XSHE:301308,XSHE,301308,301308.SZ,491,491,0,0.0,,,NOT_STALE,0,NONE,NONE,READY,,PASS_CLEAN,READY,,READY,,UNCHANGED
1040,WSSEC:WS:XSHG:600000,WS:XSHG:600000,XSHG,600000,600000.SS,491,491,0,0.0,,,NOT_STALE,0,NONE,NONE,READY,,PASS_CLEAN,READY,,READY,,UNCHANGED
1041,WSSEC:WS:XSHG:600009,WS:XSHG:600009,XSHG,600009,600009.SS,491,491,0,0.0,,,NOT_STALE,0,NONE,NONE,READY,,PASS_CLEAN,READY,,READY,,UNCHANGED
1042,WSSEC:WS:XSHG:600010,WS:XSHG:600010,XSHG,600010,600010.SS,491,491,0,0.0,,,NOT_STALE,0,NONE,NONE,READY,,PASS_CLEAN,READY,,READY,,UNCHANGED
1043,WSSEC:WS:XSHG:600011,WS:XSHG:600011,XSHG,600011,600011.SS,491,491,0,0.0,,,NOT_STALE,0,NONE,NONE,READY,,PASS_CLEAN,READY,,READY,,UNCHANGED
1044,WSSEC:WS:XSHG:600015,WS:XSHG:600015,XSHG,600015,600015.SS,491,491,0,0.0,,,NOT_STALE,0,NONE,NONE,READY,,PASS_CLEAN,READY,,READY,,UNCHANGED
1045,WSSEC:WS:XSHG:600016,WS:XSHG:600016,XSHG,600016,600016.SS,491,491,0,0.0,,,NOT_STALE,0,NONE,NONE,READY,,PASS_CLEAN,READY,,READY,,UNCHANGED
1046,WSSEC:WS:XSHG:600018,WS:XSHG:600018,XSHG,600018,600018.SS,491,491,0,0.0,,,NOT_STALE,0,NONE,NONE,READY,,PASS_CLEAN,READY,,READY,,UNCHANGED
1047,WSSEC:WS:XSHG:600019,WS:XSHG:600019,XSHG,600019,600019.SS,491,491,0,0.0,,,NOT_STALE,0,NONE,NONE,READY,,PASS_CLEAN,READY,,READY,,UNCHANGED
1048,WSSEC:WS:XSHG:600023,WS:XSHG:600023,XSHG,600023,600023.SS,491,491,0,0.0,,,NOT_STALE,0,NONE,NONE,READY,,PASS_CLEAN,READY,,READY,,UNCHANGED
1049,WSSEC:WS:XSHG:600025,WS:XSHG:600025,XSHG,600025,600025.SS,491,491,0,0.0,,,NOT_STALE,0,NONE,NONE,READY,,PASS_CLEAN,READY,,READY,,UNCHANGED
1050,WSSEC:WS:XSHG:600026,WS:XSHG:600026,XSHG,600026,600026.SS,491,491,0,0.0,,,NOT_STALE,0,NONE,NONE,READY,,PASS_CLEAN,READY,,READY,,UNCHANGED
1051,WSSEC:WS:XSHG:600027,WS:XSHG:600027,XSHG,600027,600027.SS,491,491,0,0.0,,,NOT_STALE,0,NONE,NONE,READY,,PASS_CLEAN,READY,,READY,,UNCHANGED
1052,WSSEC:WS:XSHG:600028,WS:XSHG:600028,XSHG,600028,600028.SS,491,491,0,0.0,,,NOT_STALE,0,NONE,NONE,READY,,PASS_CLEAN,READY,,READY,,UNCHANGED
1053,WSSEC:WS:XSHG:600029,WS:XSHG:600029,XSHG,600029,600029.SS,491,491,0,0.0,,,NOT_STALE,0,NONE,NONE,READY,,PASS_CLEAN,READY,,READY,,UNCHANGED
1054,WSSEC:WS:XSHG:600030,WS:XSHG:600030,XSHG,600030,600030.SS,491,491,0,0.0,,,NOT_STALE,0,NONE,NONE,READY,,PASS_CLEAN,READY,,READY,,UNCHANGED
1055,WSSEC:WS:XSHG:600031,WS:XSHG:600031,XSHG,600031,600031.SS,491,491,0,0.0,,,NOT_STALE,0,NONE,NONE,READY,,PASS_CLEAN,READY,,READY,,UNCHANGED
1056,WSSEC:WS:XSHG:600036,WS:XSHG:600036,XSHG,600036,600036.SS,491,491,0,0.0,,,NOT_STALE,0,NONE,NONE,READY,,PASS_CLEAN,READY,,READY,,UNCHANGED
1057,WSSEC:WS:XSHG:600039,WS:XSHG:600039,XSHG,600039,600039.SS,491,491,0,0.0,,,NOT_STALE,0,NONE,NONE,READY,,PASS_CLEAN,READY,,READY,,UNCHANGED
1058,WSSEC:WS:XSHG:600048,WS:XSHG:600048,XSHG,600048,600048.SS,491,491,0,0.0,,,NOT_STALE,0,NONE,NONE,READY,,PASS_CLEAN,READY,,READY,,UNCHANGED
1059,WSSEC:WS:XSHG:600050,WS:XSHG:600050,XSHG,600050,600050.SS,491,491,0,0.0,,,NOT_STALE,0,NONE,NONE,READY,,PASS_CLEAN,READY,,READY,,UNCHANGED
1060,WSSEC:WS:XSHG:600061,WS:XSHG:600061,XSHG,600061,600061.SS,491,491,0,0.0,,,NOT_STALE,0,NONE,NONE,READY,,PASS_CLEAN,READY,,READY,,UNCHANGED
1061,WSSEC:WS:XSHG:600066,WS:XSHG:600066,XSHG,600066,600066.SS,491,491,0,0.0,,,NOT_STALE,0,NONE,NONE,READY,,PASS_CLEAN,READY,,READY,,UNCHANGED
1062,WSSEC:WS:XSHG:600085,WS:XSHG:600085,XSHG,600085,600085.SS,491,491,0,0.0,,,NOT_STALE,0,NONE,NONE,READY,,PASS_CLEAN,READY,,READY,,UNCHANGED
1063,WSSEC:WS:XSHG:600089,WS:XSHG:600089,XSHG,600089,600089.SS,491,491,0,0.0,,,NOT_STALE,0,NONE,NONE,READY,,PASS_CLEAN,READY,,READY,,UNCHANGED
1064,WSSEC:WS:XSHG:600104,WS:XSHG:600104,XSHG,600104,600104.SS,491,491,0,0.0,,,NOT_STALE,0,NONE,NONE,READY,,PASS_CLEAN,READY,,READY,,UNCHANGED
1065,WSSEC:WS:XSHG:600111,WS:XSHG:600111,XSHG,600111,600111.SS,491,491,0,0.0,,,NOT_STALE,0,NONE,NONE,READY,,PASS_CLEAN,READY,,READY,,UNCHANGED
1066,WSSEC:WS:XSHG:600115,WS:XSHG:600115,XSHG,600115,600115.SS,491,491,0,0.0,,,NOT_STALE,0,NONE,NONE,READY,,PASS_CLEAN,READY,,READY,,UNCHANGED
1067,WSSEC:WS:XSHG:600118,WS:XSHG:600118,XSHG,600118,600118.SS,491,491,0,0.0,,,NOT_STALE,0,NONE,NONE,READY,,PASS_CLEAN,READY,,READY,,UNCHANGED
1068,WSSEC:WS:XSHG:600150,WS:XSHG:600150,XSHG,600150,600150.SS,491,491,0,0.0,,,NOT_STALE,0,NONE,NONE,READY,,PASS_CLEAN,READY,,READY,,UNCHANGED
1069,WSSEC:WS:XSHG:600160,WS:XSHG:600160,XSHG,600160,600160.SS,491,491,0,0.0,,,NOT_STALE,0,NONE,NONE,READY,,PASS_CLEAN,READY,,READY,,UNCHANGED
1070,WSSEC:WS:XSHG:600176,WS:XSHG:600176,XSHG,600176,600176.SS,491,491,0,0.0,,,NOT_STALE,0,NONE,NONE,READY,,PASS_CLEAN,READY,,READY,,UNCHANGED
1071,WSSEC:WS:XSHG:600183,WS:XSHG:600183,XSHG,600183,600183.SS,491,491,0,0.0,,,NOT_STALE,0,NONE,NONE,READY,,PASS_CLEAN,READY,,READY,,UNCHANGED
1072,WSSEC:WS:XSHG:600188,WS:XSHG:600188,XSHG,600188,600188.SS,491,491,0,0.0,,,NOT_STALE,0,NONE,NONE,READY,,PASS_CLEAN,READY,,READY,,UNCHANGED
1073,WSSEC:WS:XSHG:600196,WS:XSHG:600196,XSHG,600196,600196.SS,491,491,0,0.0,,,NOT_STALE,0,NONE,NONE,READY,,PASS_CLEAN,READY,,READY,,UNCHANGED
1074,WSSEC:WS:XSHG:600219,WS:XSHG:600219,XSHG,600219,600219.SS,491,491,0,0.0,,,NOT_STALE,0,NONE,NONE,READY,,PASS_CLEAN,READY,,READY,,UNCHANGED
1075,WSSEC:WS:XSHG:600221,WS:XSHG:600221,XSHG,600221,600221.SS,491,491,0,0.0,,,NOT_STALE,0,NONE,NONE,READY,,PASS_CLEAN,READY,,READY,,UNCHANGED
1076,WSSEC:WS:XSHG:600233,WS:XSHG:600233,XSHG,600233,600233.SS,491,491,0,0.0,,,NOT_STALE,0,NONE,NONE,READY,,PASS_CLEAN,READY,,READY,,UNCHANGED
1077,WSSEC:WS:XSHG:600276,WS:XSHG:600276,XSHG,600276,600276.SS,491,491,0,0.0,,,NOT_STALE,0,NONE,NONE,READY,,PASS_CLEAN,READY,,READY,,UNCHANGED
1078,WSSEC:WS:XSHG:600309,WS:XSHG:600309,XSHG,600309,600309.SS,491,491,0,0.0,,,NOT_STALE,0,NONE,NONE,READY,,PASS_CLEAN,READY,,READY,,UNCHANGED
1079,WSSEC:WS:XSHG:600346,WS:XSHG:600346,XSHG,600346,600346.SS,491,491,0,0.0,,,NOT_STALE,0,NONE,NONE,READY,,PASS_CLEAN,READY,,READY,,UNCHANGED
1080,WSSEC:WS:XSHG:600362,WS:XSHG:600362,XSHG,600362,600362.SS,491,491,0,0.0,,,NOT_STALE,0,NONE,NONE,READY,,PASS_CLEAN,READY,,READY,,UNCHANGED
1081,WSSEC:WS:XSHG:600372,WS:XSHG:600372,XSHG,600372,600372.SS,491,491,0,0.0,,,NOT_STALE,0,NONE,NONE,READY,,PASS_CLEAN,READY,,READY,,UNCHANGED
1082,WSSEC:WS:XSHG:600406,WS:XSHG:600406,XSHG,600406,600406.SS,491,491,0,0.0,,,NOT_STALE,0,NONE,NONE,READY,,PASS_CLEAN,READY,,READY,,UNCHANGED
1083,WSSEC:WS:XSHG:600415,WS:XSHG:600415,XSHG,600415,600415.SS,491,491,0,0.0,,,NOT_STALE,0,NONE,NONE,READY,,PASS_CLEAN,READY,,READY,,UNCHANGED
1084,WSSEC:WS:XSHG:600426,WS:XSHG:600426,XSHG,600426,600426.SS,491,491,0,0.0,,,NOT_STALE,0,NONE,NONE,READY,,PASS_CLEAN,READY,,READY,,UNCHANGED
1085,WSSEC:WS:XSHG:600436,WS:XSHG:600436,XSHG,600436,600436.SS,491,491,0,0.0,,,NOT_STALE,0,NONE,NONE,READY,,PASS_CLEAN,READY,,READY,,UNCHANGED
1086,WSSEC:WS:XSHG:600438,WS:XSHG:600438,XSHG,600438,600438.SS,491,491,0,0.0,,,NOT_STALE,0,NONE,NONE,READY,,PASS_CLEAN,READY,,READY,,UNCHANGED
1087,WSSEC:WS:XSHG:600460,WS:XSHG:600460,XSHG,600460,600460.SS,491,491,0,0.0,,,NOT_STALE,0,NONE,NONE,READY,,PASS_CLEAN,READY,,READY,,UNCHANGED
1088,WSSEC:WS:XSHG:600482,WS:XSHG:600482,XSHG,600482,600482.SS,491,491,0,0.0,,,NOT_STALE,0,NONE,NONE,READY,,PASS_CLEAN,READY,,READY,,UNCHANGED
1089,WSSEC:WS:XSHG:600489,WS:XSHG:600489,XSHG,600489,600489.SS,491,491,0,0.0,,,NOT_STALE,0,NONE,NONE,READY,,PASS_CLEAN,READY,,READY,,UNCHANGED
1090,WSSEC:WS:XSHG:600515,WS:XSHG:600515,XSHG,600515,600515.SS,491,491,0,0.0,,,NOT_STALE,0,NONE,NONE,READY,,PASS_CLEAN,READY,,READY,,UNCHANGED
1091,WSSEC:WS:XSHG:600519,WS:XSHG:600519,XSHG,600519,600519.SS,491,491,0,0.0,,,NOT_STALE,0,NONE,NONE,READY,,PASS_CLEAN,READY,,READY,,UNCHANGED
1092,WSSEC:WS:XSHG:600522,WS:XSHG:600522,XSHG,600522,600522.SS,491,491,0,0.0,,,NOT_STALE,0,NONE,NONE,READY,,PASS_CLEAN,READY,,READY,,UNCHANGED
1093,WSSEC:WS:XSHG:600547,WS:XSHG:600547,XSHG,600547,600547.SS,491,491,0,0.0,,,NOT_STALE,0,NONE,NONE,READY,,PASS_CLEAN,READY,,READY,,UNCHANGED
1094,WSSEC:WS:XSHG:600549,WS:XSHG:600549,XSHG,600549,600549.SS,491,491,0,0.0,,,NOT_STALE,0,NONE,NONE,READY,,PASS_CLEAN,READY,,READY,,UNCHANGED
1095,WSSEC:WS:XSHG:600570,WS:XSHG:600570,XSHG,600570,600570.SS,491,491,0,0.0,,,NOT_STALE,0,NONE,NONE,READY,,PASS_CLEAN,READY,,READY,,UNCHANGED
1096,WSSEC:WS:XSHG:600584,WS:XSHG:600584,XSHG,600584,600584.SS,491,491,0,0.0,,,NOT_STALE,0,NONE,NONE,READY,,PASS_CLEAN,READY,,READY,,UNCHANGED
1097,WSSEC:WS:XSHG:600585,WS:XSHG:600585,XSHG,600585,600585.SS,491,491,0,0.0,,,NOT_STALE,0,NONE,NONE,READY,,PASS_CLEAN,READY,,READY,,UNCHANGED
1098,WSSEC:WS:XSHG:600588,WS:XSHG:600588,XSHG,600588,600588.SS,491,491,0,0.0,,,NOT_STALE,0,NONE,NONE,READY,,PASS_CLEAN,READY,,READY,,UNCHANGED
1099,WSSEC:WS:XSHG:600600,WS:XSHG:600600,XSHG,600600,600600.SS,491,491,0,0.0,,,NOT_STALE,0,NONE,NONE,READY,,PASS_CLEAN,READY,,READY,,UNCHANGED
1100,WSSEC:WS:XSHG:600660,WS:XSHG:600660,XSHG,600660,600660.SS,491,491,0,0.0,,,NOT_STALE,0,NONE,NONE,READY,,PASS_CLEAN,READY,,READY,,UNCHANGED
1101,WSSEC:WS:XSHG:600674,WS:XSHG:600674,XSHG,600674,600674.SS,491,491,0,0.0,,,NOT_STALE,0,NONE,NONE,READY,,PASS_CLEAN,READY,,READY,,UNCHANGED
1102,WSSEC:WS:XSHG:600690,WS:XSHG:600690,XSHG,600690,600690.SS,491,491,0,0.0,,,NOT_STALE,0,NONE,NONE,READY,,PASS_CLEAN,READY,,READY,,UNCHANGED
1103,WSSEC:WS:XSHG:600741,WS:XSHG:600741,XSHG,600741,600741.SS,491,491,0,0.0,,,NOT_STALE,0,NONE,NONE,READY,,PASS_CLEAN,READY,,READY,,UNCHANGED
1104,WSSEC:WS:XSHG:600760,WS:XSHG:600760,XSHG,600760,600760.SS,491,491,0,0.0,,,NOT_STALE,0,NONE,NONE,READY,,PASS_CLEAN,READY,,READY,,UNCHANGED
1105,WSSEC:WS:XSHG:600795,WS:XSHG:600795,XSHG,600795,600795.SS,491,491,0,0.0,,,NOT_STALE,0,NONE,NONE,READY,,PASS_CLEAN,READY,,READY,,UNCHANGED
1106,WSSEC:WS:XSHG:600809,WS:XSHG:600809,XSHG,600809,600809.SS,491,491,0,0.0,,,NOT_STALE,0,NONE,NONE,READY,,PASS_CLEAN,READY,,READY,,UNCHANGED
1107,WSSEC:WS:XSHG:600845,WS:XSHG:600845,XSHG,600845,600845.SS,491,491,0,0.0,,,NOT_STALE,0,NONE,NONE,READY,,PASS_CLEAN,READY,,READY,,UNCHANGED
1108,WSSEC:WS:XSHG:600875,WS:XSHG:600875,XSHG,600875,600875.SS,491,491,0,0.0,,,NOT_STALE,0,NONE,NONE,READY,,PASS_CLEAN,READY,,READY,,UNCHANGED
1109,WSSEC:WS:XSHG:600886,WS:XSHG:600886,XSHG,600886,600886.SS,491,491,0,0.0,,,NOT_STALE,0,NONE,NONE,READY,,PASS_CLEAN,READY,,READY,,UNCHANGED
1110,WSSEC:WS:XSHG:600887,WS:XSHG:600887,XSHG,600887,600887.SS,491,491,0,0.0,,,NOT_STALE,0,NONE,NONE,READY,,PASS_CLEAN,READY,,READY,,UNCHANGED
1111,WSSEC:WS:XSHG:600893,WS:XSHG:600893,XSHG,600893,600893.SS,491,491,0,0.0,,,NOT_STALE,0,NONE,NONE,READY,,PASS_CLEAN,READY,,READY,,UNCHANGED
1112,WSSEC:WS:XSHG:600900,WS:XSHG:600900,XSHG,600900,600900.SS,491,491,0,0.0,,,NOT_STALE,0,NONE,NONE,READY,,PASS_CLEAN,READY,,READY,,UNCHANGED
1113,WSSEC:WS:XSHG:600905,WS:XSHG:600905,XSHG,600905,600905.SS,491,491,0,0.0,,,NOT_STALE,0,NONE,NONE,READY,,PASS_CLEAN,READY,,READY,,UNCHANGED
1114,WSSEC:WS:XSHG:600918,WS:XSHG:600918,XSHG,600918,600918.SS,491,491,0,0.0,,,NOT_STALE,0,NONE,NONE,READY,,PASS_CLEAN,READY,,READY,,UNCHANGED
1115,WSSEC:WS:XSHG:600919,WS:XSHG:600919,XSHG,600919,600919.SS,491,491,0,0.0,,,NOT_STALE,0,NONE,NONE,READY,,PASS_CLEAN,READY,,READY,,UNCHANGED
1116,WSSEC:WS:XSHG:600926,WS:XSHG:600926,XSHG,600926,600926.SS,491,491,0,0.0,,,NOT_STALE,0,NONE,NONE,READY,,PASS_CLEAN,READY,,READY,,UNCHANGED
1117,WSSEC:WS:XSHG:600930,WS:XSHG:600930,XSHG,600930,600930.SS,293,293,0,0.0,,,NOT_STALE,0,NONE,NONE,READY,,PASS_CLEAN,READY,,READY,,UNCHANGED
1118,WSSEC:WS:XSHG:600938,WS:XSHG:600938,XSHG,600938,600938.SS,491,491,0,0.0,,,NOT_STALE,0,NONE,NONE,READY,,PASS_CLEAN,READY,,READY,,UNCHANGED
1119,WSSEC:WS:XSHG:600941,WS:XSHG:600941,XSHG,600941,600941.SS,491,491,0,0.0,,,NOT_STALE,0,NONE,NONE,READY,,PASS_CLEAN,READY,,READY,,UNCHANGED
1120,WSSEC:WS:XSHG:600958,WS:XSHG:600958,XSHG,600958,600958.SS,491,491,0,0.0,,,NOT_STALE,0,NONE,NONE,READY,,PASS_CLEAN,READY,,READY,,UNCHANGED
1121,WSSEC:WS:XSHG:600989,WS:XSHG:600989,XSHG,600989,600989.SS,491,491,0,0.0,,,NOT_STALE,0,NONE,NONE,READY,,PASS_CLEAN,READY,,READY,,UNCHANGED
1122,WSSEC:WS:XSHG:600999,WS:XSHG:600999,XSHG,600999,600999.SS,491,491,0,0.0,,,NOT_STALE,0,NONE,NONE,READY,,PASS_CLEAN,READY,,READY,,UNCHANGED
1123,WSSEC:WS:XSHG:601006,WS:XSHG:601006,XSHG,601006,601006.SS,491,491,0,0.0,,,NOT_STALE,0,NONE,NONE,READY,,PASS_CLEAN,READY,,READY,,UNCHANGED
1124,WSSEC:WS:XSHG:601009,WS:XSHG:601009,XSHG,601009,601009.SS,491,491,0,0.0,,,NOT_STALE,0,NONE,NONE,READY,,PASS_CLEAN,READY,,READY,,UNCHANGED
1125,WSSEC:WS:XSHG:601012,WS:XSHG:601012,XSHG,601012,601012.SS,491,491,0,0.0,,,NOT_STALE,0,NONE,NONE,READY,,PASS_CLEAN,READY,,READY,,UNCHANGED
1126,WSSEC:WS:XSHG:601018,WS:XSHG:601018,XSHG,601018,601018.SS,491,491,0,0.0,,,NOT_STALE,0,NONE,NONE,READY,,PASS_CLEAN,READY,,READY,,UNCHANGED
1127,WSSEC:WS:XSHG:601021,WS:XSHG:601021,XSHG,601021,601021.SS,491,491,0,0.0,,,NOT_STALE,0,NONE,NONE,READY,,PASS_CLEAN,READY,,READY,,UNCHANGED
1128,WSSEC:WS:XSHG:601058,WS:XSHG:601058,XSHG,601058,601058.SS,491,491,0,0.0,,,NOT_STALE,0,NONE,NONE,READY,,PASS_CLEAN,READY,,READY,,UNCHANGED
1129,WSSEC:WS:XSHG:601066,WS:XSHG:601066,XSHG,601066,601066.SS,491,491,0,0.0,,,NOT_STALE,0,NONE,NONE,READY,,PASS_CLEAN,READY,,READY,,UNCHANGED
1130,WSSEC:WS:XSHG:601077,WS:XSHG:601077,XSHG,601077,601077.SS,491,491,0,0.0,,,NOT_STALE,0,NONE,NONE,READY,,PASS_CLEAN,READY,,READY,,UNCHANGED
1131,WSSEC:WS:XSHG:601088,WS:XSHG:601088,XSHG,601088,601088.SS,491,491,0,0.0,,,NOT_STALE,0,NONE,NONE,READY,,PASS_CLEAN,READY,,READY,,UNCHANGED
1132,WSSEC:WS:XSHG:601100,WS:XSHG:601100,XSHG,601100,601100.SS,491,491,0,0.0,,,NOT_STALE,0,NONE,NONE,READY,,PASS_CLEAN,READY,,READY,,UNCHANGED
1133,WSSEC:WS:XSHG:601111,WS:XSHG:601111,XSHG,601111,601111.SS,491,491,0,0.0,,,NOT_STALE,0,NONE,NONE,READY,,PASS_CLEAN,READY,,READY,,UNCHANGED
1134,WSSEC:WS:XSHG:601117,WS:XSHG:601117,XSHG,601117,601117.SS,491,491,0,0.0,,,NOT_STALE,0,NONE,NONE,READY,,PASS_CLEAN,READY,,READY,,UNCHANGED
1135,WSSEC:WS:XSHG:601127,WS:XSHG:601127,XSHG,601127,601127.SS,491,491,0,0.0,,,NOT_STALE,0,NONE,NONE,READY,,PASS_CLEAN,READY,,READY,,UNCHANGED
1136,WSSEC:WS:XSHG:601136,WS:XSHG:601136,XSHG,601136,601136.SS,491,491,0,0.0,,,NOT_STALE,0,NONE,NONE,READY,,PASS_CLEAN,READY,,READY,,UNCHANGED
1137,WSSEC:WS:XSHG:601138,WS:XSHG:601138,XSHG,601138,601138.SS,491,491,0,0.0,,,NOT_STALE,0,NONE,NONE,READY,,PASS_CLEAN,READY,,READY,,UNCHANGED
1138,WSSEC:WS:XSHG:601166,WS:XSHG:601166,XSHG,601166,601166.SS,491,491,0,0.0,,,NOT_STALE,0,NONE,NONE,READY,,PASS_CLEAN,READY,,READY,,UNCHANGED
1139,WSSEC:WS:XSHG:601169,WS:XSHG:601169,XSHG,601169,601169.SS,491,491,0,0.0,,,NOT_STALE,0,NONE,NONE,READY,,PASS_CLEAN,READY,,READY,,UNCHANGED
1140,WSSEC:WS:XSHG:601186,WS:XSHG:601186,XSHG,601186,601186.SS,491,491,0,0.0,,,NOT_STALE,0,NONE,NONE,READY,,PASS_CLEAN,READY,,READY,,UNCHANGED
1141,WSSEC:WS:XSHG:601211,WS:XSHG:601211,XSHG,601211,601211.SS,491,491,0,0.0,,,NOT_STALE,0,NONE,NONE,READY,,PASS_CLEAN,READY,,READY,,UNCHANGED
1142,WSSEC:WS:XSHG:601225,WS:XSHG:601225,XSHG,601225,601225.SS,491,491,0,0.0,,,NOT_STALE,0,NONE,NONE,READY,,PASS_CLEAN,READY,,READY,,UNCHANGED
1143,WSSEC:WS:XSHG:601229,WS:XSHG:601229,XSHG,601229,601229.SS,491,491,0,0.0,,,NOT_STALE,0,NONE,NONE,READY,,PASS_CLEAN,READY,,READY,,UNCHANGED
1144,WSSEC:WS:XSHG:601238,WS:XSHG:601238,XSHG,601238,601238.SS,491,491,0,0.0,,,NOT_STALE,0,NONE,NONE,READY,,PASS_CLEAN,READY,,READY,,UNCHANGED
1145,WSSEC:WS:XSHG:601288,WS:XSHG:601288,XSHG,601288,601288.SS,491,491,0,0.0,,,NOT_STALE,0,NONE,NONE,READY,,PASS_CLEAN,READY,,READY,,UNCHANGED
1146,WSSEC:WS:XSHG:601318,WS:XSHG:601318,XSHG,601318,601318.SS,491,491,0,0.0,,,NOT_STALE,0,NONE,NONE,READY,,PASS_CLEAN,READY,,READY,,UNCHANGED
1147,WSSEC:WS:XSHG:601319,WS:XSHG:601319,XSHG,601319,601319.SS,491,491,0,0.0,,,NOT_STALE,0,NONE,NONE,READY,,PASS_CLEAN,READY,,READY,,UNCHANGED
1148,WSSEC:WS:XSHG:601328,WS:XSHG:601328,XSHG,601328,601328.SS,491,491,0,0.0,,,NOT_STALE,0,NONE,NONE,READY,,PASS_CLEAN,READY,,READY,,UNCHANGED
1149,WSSEC:WS:XSHG:601336,WS:XSHG:601336,XSHG,601336,601336.SS,491,491,0,0.0,,,NOT_STALE,0,NONE,NONE,READY,,PASS_CLEAN,READY,,READY,,UNCHANGED
1150,WSSEC:WS:XSHG:601360,WS:XSHG:601360,XSHG,601360,601360.SS,491,491,0,0.0,,,NOT_STALE,0,NONE,NONE,READY,,PASS_CLEAN,READY,,READY,,UNCHANGED
1151,WSSEC:WS:XSHG:601377,WS:XSHG:601377,XSHG,601377,601377.SS,491,491,0,0.0,,,NOT_STALE,0,NONE,NONE,READY,,PASS_CLEAN,READY,,READY,,UNCHANGED
1152,WSSEC:WS:XSHG:601390,WS:XSHG:601390,XSHG,601390,601390.SS,491,491,0,0.0,,,NOT_STALE,0,NONE,NONE,READY,,PASS_CLEAN,READY,,READY,,UNCHANGED
1153,WSSEC:WS:XSHG:601398,WS:XSHG:601398,XSHG,601398,601398.SS,491,491,0,0.0,,,NOT_STALE,0,NONE,NONE,READY,,PASS_CLEAN,READY,,READY,,UNCHANGED
1154,WSSEC:WS:XSHG:601456,WS:XSHG:601456,XSHG,601456,601456.SS,491,491,0,0.0,,,NOT_STALE,0,NONE,NONE,READY,,PASS_CLEAN,READY,,READY,,UNCHANGED
1155,WSSEC:WS:XSHG:601600,WS:XSHG:601600,XSHG,601600,601600.SS,491,491,0,0.0,,,NOT_STALE,0,NONE,NONE,READY,,PASS_CLEAN,READY,,READY,,UNCHANGED
1156,WSSEC:WS:XSHG:601601,WS:XSHG:601601,XSHG,601601,601601.SS,491,491,0,0.0,,,NOT_STALE,0,NONE,NONE,READY,,PASS_CLEAN,READY,,READY,,UNCHANGED
1157,WSSEC:WS:XSHG:601607,WS:XSHG:601607,XSHG,601607,601607.SS,491,491,0,0.0,,,NOT_STALE,0,NONE,NONE,READY,,PASS_CLEAN,READY,,READY,,UNCHANGED
1158,WSSEC:WS:XSHG:601618,WS:XSHG:601618,XSHG,601618,601618.SS,491,491,0,0.0,,,NOT_STALE,0,NONE,NONE,READY,,PASS_CLEAN,READY,,READY,,UNCHANGED
1159,WSSEC:WS:XSHG:601628,WS:XSHG:601628,XSHG,601628,601628.SS,491,491,0,0.0,,,NOT_STALE,0,NONE,NONE,READY,,PASS_CLEAN,READY,,READY,,UNCHANGED
1160,WSSEC:WS:XSHG:601633,WS:XSHG:601633,XSHG,601633,601633.SS,491,491,0,0.0,,,NOT_STALE,0,NONE,NONE,READY,,PASS_CLEAN,READY,,READY,,UNCHANGED
1161,WSSEC:WS:XSHG:601658,WS:XSHG:601658,XSHG,601658,601658.SS,491,491,0,0.0,,,NOT_STALE,0,NONE,NONE,READY,,PASS_CLEAN,READY,,READY,,UNCHANGED
1162,WSSEC:WS:XSHG:601668,WS:XSHG:601668,XSHG,601668,601668.SS,491,491,0,0.0,,,NOT_STALE,0,NONE,NONE,READY,,PASS_CLEAN,READY,,READY,,UNCHANGED
1163,WSSEC:WS:XSHG:601669,WS:XSHG:601669,XSHG,601669,601669.SS,491,491,0,0.0,,,NOT_STALE,0,NONE,NONE,READY,,PASS_CLEAN,READY,,READY,,UNCHANGED
1164,WSSEC:WS:XSHG:601688,WS:XSHG:601688,XSHG,601688,601688.SS,491,491,0,0.0,,,NOT_STALE,0,NONE,NONE,READY,,PASS_CLEAN,READY,,READY,,UNCHANGED
1165,WSSEC:WS:XSHG:601689,WS:XSHG:601689,XSHG,601689,601689.SS,491,491,0,0.0,,,NOT_STALE,0,NONE,NONE,READY,,PASS_CLEAN,READY,,READY,,UNCHANGED
1166,WSSEC:WS:XSHG:601698,WS:XSHG:601698,XSHG,601698,601698.SS,491,491,0,0.0,,,NOT_STALE,0,NONE,NONE,READY,,PASS_CLEAN,READY,,READY,,UNCHANGED
1167,WSSEC:WS:XSHG:601727,WS:XSHG:601727,XSHG,601727,601727.SS,491,491,0,0.0,,,NOT_STALE,0,NONE,NONE,READY,,PASS_CLEAN,READY,,READY,,UNCHANGED
1168,WSSEC:WS:XSHG:601728,WS:XSHG:601728,XSHG,601728,601728.SS,491,491,0,0.0,,,NOT_STALE,0,NONE,NONE,READY,,PASS_CLEAN,READY,,READY,,UNCHANGED
1169,WSSEC:WS:XSHG:601766,WS:XSHG:601766,XSHG,601766,601766.SS,491,491,0,0.0,,,NOT_STALE,0,NONE,NONE,READY,,PASS_CLEAN,READY,,READY,,UNCHANGED
1170,WSSEC:WS:XSHG:601788,WS:XSHG:601788,XSHG,601788,601788.SS,491,491,0,0.0,,,NOT_STALE,0,NONE,NONE,READY,,PASS_CLEAN,READY,,READY,,UNCHANGED
1171,WSSEC:WS:XSHG:601800,WS:XSHG:601800,XSHG,601800,601800.SS,491,491,0,0.0,,,NOT_STALE,0,NONE,NONE,READY,,PASS_CLEAN,READY,,READY,,UNCHANGED
1172,WSSEC:WS:XSHG:601816,WS:XSHG:601816,XSHG,601816,601816.SS,491,491,0,0.0,,,NOT_STALE,0,NONE,NONE,READY,,PASS_CLEAN,READY,,READY,,UNCHANGED
1173,WSSEC:WS:XSHG:601818,WS:XSHG:601818,XSHG,601818,601818.SS,491,491,0,0.0,,,NOT_STALE,0,NONE,NONE,READY,,PASS_CLEAN,READY,,READY,,UNCHANGED
1174,WSSEC:WS:XSHG:601825,WS:XSHG:601825,XSHG,601825,601825.SS,491,491,0,0.0,,,NOT_STALE,0,NONE,NONE,READY,,PASS_CLEAN,READY,,READY,,UNCHANGED
1175,WSSEC:WS:XSHG:601838,WS:XSHG:601838,XSHG,601838,601838.SS,491,491,0,0.0,,,NOT_STALE,0,NONE,NONE,READY,,PASS_CLEAN,READY,,READY,,UNCHANGED
1176,WSSEC:WS:XSHG:601857,WS:XSHG:601857,XSHG,601857,601857.SS,491,491,0,0.0,,,NOT_STALE,0,NONE,NONE,READY,,PASS_CLEAN,READY,,READY,,UNCHANGED
1177,WSSEC:WS:XSHG:601868,WS:XSHG:601868,XSHG,601868,601868.SS,491,491,0,0.0,,,NOT_STALE,0,NONE,NONE,READY,,PASS_CLEAN,READY,,READY,,UNCHANGED
1178,WSSEC:WS:XSHG:601872,WS:XSHG:601872,XSHG,601872,601872.SS,491,491,0,0.0,,,NOT_STALE,0,NONE,NONE,READY,,PASS_CLEAN,READY,,READY,,UNCHANGED
1179,WSSEC:WS:XSHG:601877,WS:XSHG:601877,XSHG,601877,601877.SS,491,491,0,0.0,,,NOT_STALE,0,NONE,NONE,READY,,PASS_CLEAN,READY,,READY,,UNCHANGED
1180,WSSEC:WS:XSHG:601878,WS:XSHG:601878,XSHG,601878,601878.SS,491,491,0,0.0,,,NOT_STALE,0,NONE,NONE,READY,,PASS_CLEAN,READY,,READY,,UNCHANGED
1181,WSSEC:WS:XSHG:601881,WS:XSHG:601881,XSHG,601881,601881.SS,491,491,0,0.0,,,NOT_STALE,0,NONE,NONE,READY,,PASS_CLEAN,READY,,READY,,UNCHANGED
1182,WSSEC:WS:XSHG:601888,WS:XSHG:601888,XSHG,601888,601888.SS,491,491,0,0.0,,,NOT_STALE,0,NONE,NONE,READY,,PASS_CLEAN,READY,,READY,,UNCHANGED
1183,WSSEC:WS:XSHG:601898,WS:XSHG:601898,XSHG,601898,601898.SS,491,491,0,0.0,,,NOT_STALE,0,NONE,NONE,READY,,PASS_CLEAN,READY,,READY,,UNCHANGED
1184,WSSEC:WS:XSHG:601899,WS:XSHG:601899,XSHG,601899,601899.SS,491,491,0,0.0,,,NOT_STALE,0,NONE,NONE,READY,,PASS_CLEAN,READY,,READY,,UNCHANGED
1185,WSSEC:WS:XSHG:601901,WS:XSHG:601901,XSHG,601901,601901.SS,491,491,0,0.0,,,NOT_STALE,0,NONE,NONE,READY,,PASS_CLEAN,READY,,READY,,UNCHANGED
1186,WSSEC:WS:XSHG:601916,WS:XSHG:601916,XSHG,601916,601916.SS,491,491,0,0.0,,,NOT_STALE,0,NONE,NONE,READY,,PASS_CLEAN,READY,,READY,,UNCHANGED
1187,WSSEC:WS:XSHG:601919,WS:XSHG:601919,XSHG,601919,601919.SS,491,491,0,0.0,,,NOT_STALE,0,NONE,NONE,READY,,PASS_CLEAN,READY,,READY,,UNCHANGED
1188,WSSEC:WS:XSHG:601939,WS:XSHG:601939,XSHG,601939,601939.SS,491,491,0,0.0,,,NOT_STALE,0,NONE,NONE,READY,,PASS_CLEAN,READY,,READY,,UNCHANGED
1189,WSSEC:WS:XSHG:601985,WS:XSHG:601985,XSHG,601985,601985.SS,491,491,0,0.0,,,NOT_STALE,0,NONE,NONE,READY,,PASS_CLEAN,READY,,READY,,UNCHANGED
1190,WSSEC:WS:XSHG:601988,WS:XSHG:601988,XSHG,601988,601988.SS,491,491,0,0.0,,,NOT_STALE,0,NONE,NONE,READY,,PASS_CLEAN,READY,,READY,,UNCHANGED
1191,WSSEC:WS:XSHG:601995,WS:XSHG:601995,XSHG,601995,601995.SS,491,491,0,0.0,,,NOT_STALE,0,NONE,NONE,READY,,PASS_CLEAN,READY,,READY,,UNCHANGED
1192,WSSEC:WS:XSHG:601998,WS:XSHG:601998,XSHG,601998,601998.SS,491,491,0,0.0,,,NOT_STALE,0,NONE,NONE,READY,,PASS_CLEAN,READY,,READY,,UNCHANGED
1193,WSSEC:WS:XSHG:603019,WS:XSHG:603019,XSHG,603019,603019.SS,491,491,0,0.0,,,NOT_STALE,0,NONE,NONE,READY,,PASS_CLEAN,READY,,READY,,UNCHANGED
1194,WSSEC:WS:XSHG:603259,WS:XSHG:603259,XSHG,603259,603259.SS,491,491,0,0.0,,,NOT_STALE,0,NONE,NONE,READY,,PASS_CLEAN,READY,,READY,,UNCHANGED
1195,WSSEC:WS:XSHG:603260,WS:XSHG:603260,XSHG,603260,603260.SS,491,491,0,0.0,,,NOT_STALE,0,NONE,NONE,READY,,PASS_CLEAN,READY,,READY,,UNCHANGED
1196,WSSEC:WS:XSHG:603288,WS:XSHG:603288,XSHG,603288,603288.SS,491,491,0,0.0,,,NOT_STALE,0,NONE,NONE,READY,,PASS_CLEAN,READY,,READY,,UNCHANGED
1197,WSSEC:WS:XSHG:603296,WS:XSHG:603296,XSHG,603296,603296.SS,491,491,0,0.0,,,NOT_STALE,0,NONE,NONE,READY,,PASS_CLEAN,READY,,READY,,UNCHANGED
1198,WSSEC:WS:XSHG:603369,WS:XSHG:603369,XSHG,603369,603369.SS,491,491,0,0.0,,,NOT_STALE,0,NONE,NONE,READY,,PASS_CLEAN,READY,,READY,,UNCHANGED
1199,WSSEC:WS:XSHG:603392,WS:XSHG:603392,XSHG,603392,603392.SS,491,491,0,0.0,,,NOT_STALE,0,NONE,NONE,READY,,PASS_CLEAN,READY,,READY,,UNCHANGED
1200,WSSEC:WS:XSHG:603501,WS:XSHG:603501,XSHG,603501,603501.SS,491,491,0,0.0,,,NOT_STALE,0,NONE,NONE,READY,,PASS_CLEAN,READY,,READY,,UNCHANGED
1201,WSSEC:WS:XSHG:603799,WS:XSHG:603799,XSHG,603799,603799.SS,491,491,0,0.0,,,NOT_STALE,0,NONE,NONE,READY,,PASS_CLEAN,READY,,READY,,UNCHANGED
1202,WSSEC:WS:XSHG:603893,WS:XSHG:603893,XSHG,603893,603893.SS,491,491,0,0.0,,,NOT_STALE,0,NONE,NONE,READY,,PASS_CLEAN,READY,,READY,,UNCHANGED
1203,WSSEC:WS:XSHG:603986,WS:XSHG:603986,XSHG,603986,603986.SS,491,491,0,0.0,,,NOT_STALE,0,NONE,NONE,READY,,PASS_CLEAN,READY,,READY,,UNCHANGED
1204,WSSEC:WS:XSHG:603993,WS:XSHG:603993,XSHG,603993,603993.SS,491,491,0,0.0,,,NOT_STALE,0,NONE,NONE,READY,,PASS_CLEAN,READY,,READY,,UNCHANGED
1205,WSSEC:WS:XSHG:605117,WS:XSHG:605117,XSHG,605117,605117.SS,491,491,0,0.0,,,NOT_STALE,0,NONE,NONE,READY,,PASS_CLEAN,READY,,READY,,UNCHANGED
1206,WSSEC:WS:XSHG:605499,WS:XSHG:605499,XSHG,605499,605499.SS,491,491,0,0.0,,,NOT_STALE,0,NONE,NONE,READY,,PASS_CLEAN,READY,,READY,,UNCHANGED
1207,WSSEC:WS:XSHG:688008,WS:XSHG:688008,XSHG,688008,688008.SS,491,491,0,0.0,,,NOT_STALE,0,NONE,NONE,READY,,PASS_CLEAN,READY,,READY,,UNCHANGED
1208,WSSEC:WS:XSHG:688012,WS:XSHG:688012,XSHG,688012,688012.SS,491,491,0,0.0,,,NOT_STALE,0,NONE,NONE,READY,,PASS_CLEAN,READY,,READY,,UNCHANGED
1209,WSSEC:WS:XSHG:688036,WS:XSHG:688036,XSHG,688036,688036.SS,491,491,0,0.0,,,NOT_STALE,0,NONE,NONE,READY,,PASS_CLEAN,READY,,READY,,UNCHANGED
1210,WSSEC:WS:XSHG:688041,WS:XSHG:688041,XSHG,688041,688041.SS,491,491,0,0.0,,,NOT_STALE,0,NONE,NONE,READY,,PASS_CLEAN,READY,,READY,,UNCHANGED
1211,WSSEC:WS:XSHG:688047,WS:XSHG:688047,XSHG,688047,688047.SS,491,491,0,0.0,,,NOT_STALE,0,NONE,NONE,READY,,PASS_CLEAN,READY,,READY,,UNCHANGED
1212,WSSEC:WS:XSHG:688072,WS:XSHG:688072,XSHG,688072,688072.SS,491,491,0,0.0,,,NOT_STALE,0,NONE,NONE,READY,,PASS_CLEAN,READY,,READY,,UNCHANGED
1213,WSSEC:WS:XSHG:688082,WS:XSHG:688082,XSHG,688082,688082.SS,491,491,0,0.0,,,NOT_STALE,0,NONE,NONE,READY,,PASS_CLEAN,READY,,READY,,UNCHANGED
1214,WSSEC:WS:XSHG:688111,WS:XSHG:688111,XSHG,688111,688111.SS,491,491,0,0.0,,,NOT_STALE,0,NONE,NONE,READY,,PASS_CLEAN,READY,,READY,,UNCHANGED
1215,WSSEC:WS:XSHG:688126,WS:XSHG:688126,XSHG,688126,688126.SS,491,491,0,0.0,,,NOT_STALE,0,NONE,NONE,READY,,PASS_CLEAN,READY,,READY,,UNCHANGED
1216,WSSEC:WS:XSHG:688183,WS:XSHG:688183,XSHG,688183,688183.SS,491,491,0,0.0,,,NOT_STALE,0,NONE,NONE,READY,,PASS_CLEAN,READY,,READY,,UNCHANGED
1217,WSSEC:WS:XSHG:688223,WS:XSHG:688223,XSHG,688223,688223.SS,491,491,0,0.0,,,NOT_STALE,0,NONE,NONE,READY,,PASS_CLEAN,READY,,READY,,UNCHANGED
1218,WSSEC:WS:XSHG:688256,WS:XSHG:688256,XSHG,688256,688256.SS,491,491,0,0.0,,,NOT_STALE,0,NONE,NONE,READY,,PASS_CLEAN,READY,,READY,,UNCHANGED
1219,WSSEC:WS:XSHG:688271,WS:XSHG:688271,XSHG,688271,688271.SS,491,491,0,0.0,,,NOT_STALE,0,NONE,NONE,READY,,PASS_CLEAN,READY,,READY,,UNCHANGED
1220,WSSEC:WS:XSHG:688303,WS:XSHG:688303,XSHG,688303,688303.SS,491,491,0,0.0,,,NOT_STALE,0,NONE,NONE,READY,,PASS_CLEAN,READY,,READY,,UNCHANGED
1221,WSSEC:WS:XSHG:688396,WS:XSHG:688396,XSHG,688396,688396.SS,491,491,0,0.0,,,NOT_STALE,0,NONE,NONE,READY,,PASS_CLEAN,READY,,READY,,UNCHANGED
1222,WSSEC:WS:XSHG:688472,WS:XSHG:688472,XSHG,688472,688472.SS,491,491,0,0.0,,,NOT_STALE,0,NONE,NONE,READY,,PASS_CLEAN,READY,,READY,,UNCHANGED
1223,WSSEC:WS:XSHG:688506,WS:XSHG:688506,XSHG,688506,688506.SS,491,491,0,0.0,,,NOT_STALE,0,NONE,NONE,READY,,PASS_CLEAN,READY,,READY,,UNCHANGED
1224,WSSEC:WS:XSHG:688521,WS:XSHG:688521,XSHG,688521,688521.SS,491,491,0,0.0,,,NOT_STALE,0,NONE,NONE,READY,,PASS_CLEAN,READY,,READY,,UNCHANGED
1225,WSSEC:WS:XSHG:688981,WS:XSHG:688981,XSHG,688981,688981.SS,491,491,0,0.0,,,NOT_STALE,0,NONE,NONE,READY,,PASS_CLEAN,READY,,READY,,UNCHANGED
1226,WSSEC:WS:XTAI:3711,WS:XTAI:3711,XTAI,3711,3711.TW,492,492,0,0.0,,,NOT_STALE,0,NONE,NONE,READY,,PASS_CLEAN,READY,,READY,,UNCHANGED
1227,WSSEC:WS:XTAI:6669,WS:XTAI:6669,XTAI,6669,6669.TW,492,492,0,0.0,,,NOT_STALE,0,NONE,NONE,READY,,PASS_CLEAN,READY,,READY,,UNCHANGED
1228,WSSEC:WS:XTAI:7769,WS:XTAI:7769,XTAI,7769,7769.TW,463,463,0,0.0,,,NOT_STALE,0,NONE,NONE,READY,,PASS_CLEAN,READY,,READY,,UNCHANGED
1229,WSSEC:WS:XTKS:1605,WS:XTKS:1605,XTKS,1605,1605.T,491,491,0,0.0,,,NOT_STALE,0,NONE,NONE,READY,,PASS_CLEAN,READY,,READY,,UNCHANGED
1230,WSSEC:WS:XTKS:1801,WS:XTKS:1801,XTKS,1801,1801.T,491,491,0,0.0,,,NOT_STALE,0,NONE,NONE,READY,,PASS_CLEAN,READY,,READY,,UNCHANGED
1231,WSSEC:WS:XTKS:1802,WS:XTKS:1802,XTKS,1802,1802.T,491,491,0,0.0,,,NOT_STALE,0,NONE,NONE,READY,,PASS_CLEAN,READY,,READY,,UNCHANGED
1232,WSSEC:WS:XTKS:1803,WS:XTKS:1803,XTKS,1803,1803.T,491,491,0,0.0,,,NOT_STALE,0,NONE,NONE,READY,,PASS_CLEAN,READY,,READY,,UNCHANGED
1233,WSSEC:WS:XTKS:1812,WS:XTKS:1812,XTKS,1812,1812.T,491,491,0,0.0,,,NOT_STALE,0,NONE,NONE,READY,,PASS_CLEAN,READY,,READY,,UNCHANGED
1234,WSSEC:WS:XTKS:1925,WS:XTKS:1925,XTKS,1925,1925.T,491,491,0,0.0,,,NOT_STALE,0,NONE,NONE,READY,,PASS_CLEAN,READY,,READY,,UNCHANGED
1235,WSSEC:WS:XTKS:1928,WS:XTKS:1928,XTKS,1928,1928.T,491,491,0,0.0,,,NOT_STALE,0,NONE,NONE,READY,,PASS_CLEAN,READY,,READY,,UNCHANGED
1236,WSSEC:WS:XTKS:1963,WS:XTKS:1963,XTKS,1963,1963.T,491,491,0,0.0,,,NOT_STALE,0,NONE,NONE,READY,,PASS_CLEAN,READY,,READY,,UNCHANGED
1237,WSSEC:WS:XTKS:2269,WS:XTKS:2269,XTKS,2269,2269.T,491,491,0,0.0,,,NOT_STALE,0,NONE,NONE,READY,,PASS_CLEAN,READY,,READY,,UNCHANGED
1238,WSSEC:WS:XTKS:2282,WS:XTKS:2282,XTKS,2282,2282.T,491,491,0,0.0,,,NOT_STALE,0,NONE,NONE,READY,,PASS_CLEAN,READY,,READY,,UNCHANGED
1239,WSSEC:WS:XTKS:2413,WS:XTKS:2413,XTKS,2413,2413.T,491,491,0,0.0,,,NOT_STALE,0,NONE,NONE,READY,,PASS_CLEAN,READY,,READY,,UNCHANGED
1240,WSSEC:WS:XTKS:2502,WS:XTKS:2502,XTKS,2502,2502.T,491,491,0,0.0,,,NOT_STALE,0,NONE,NONE,READY,,PASS_CLEAN,READY,,READY,,UNCHANGED
1241,WSSEC:WS:XTKS:2503,WS:XTKS:2503,XTKS,2503,2503.T,491,491,0,0.0,,,NOT_STALE,0,NONE,NONE,READY,,PASS_CLEAN,READY,,READY,,UNCHANGED
1242,WSSEC:WS:XTKS:2768,WS:XTKS:2768,XTKS,2768,2768.T,491,491,0,0.0,,,NOT_STALE,0,NONE,NONE,READY,,PASS_CLEAN,READY,,READY,,UNCHANGED
1243,WSSEC:WS:XTKS:2801,WS:XTKS:2801,XTKS,2801,2801.T,491,491,0,0.0,,,NOT_STALE,0,NONE,NONE,READY,,PASS_CLEAN,READY,,READY,,UNCHANGED
1244,WSSEC:WS:XTKS:2802,WS:XTKS:2802,XTKS,2802,2802.T,491,491,0,0.0,,,NOT_STALE,0,NONE,NONE,READY,,PASS_CLEAN,READY,,READY,,UNCHANGED
1245,WSSEC:WS:XTKS:285A,WS:XTKS:285A,XTKS,285A,285A.T,428,428,0,0.0,,,NOT_STALE,0,NONE,NONE,READY,,PASS_CLEAN,READY,,READY,,UNCHANGED
1246,WSSEC:WS:XTKS:2914,WS:XTKS:2914,XTKS,2914,2914.T,491,491,0,0.0,,,NOT_STALE,0,NONE,NONE,READY,,PASS_CLEAN,READY,,READY,,UNCHANGED
1247,WSSEC:WS:XTKS:3086,WS:XTKS:3086,XTKS,3086,3086.T,491,491,0,0.0,,,NOT_STALE,0,NONE,NONE,READY,,PASS_CLEAN,READY,,READY,,UNCHANGED
1248,WSSEC:WS:XTKS:3099,WS:XTKS:3099,XTKS,3099,3099.T,491,491,0,0.0,,,NOT_STALE,0,NONE,NONE,READY,,PASS_CLEAN,READY,,READY,,UNCHANGED
1249,WSSEC:WS:XTKS:3289,WS:XTKS:3289,XTKS,3289,3289.T,491,491,0,0.0,,,NOT_STALE,0,NONE,NONE,READY,,PASS_CLEAN,READY,,READY,,UNCHANGED
1250,WSSEC:WS:XTKS:3382,WS:XTKS:3382,XTKS,3382,3382.T,491,491,0,0.0,,,NOT_STALE,0,NONE,NONE,READY,,PASS_CLEAN,READY,,READY,,UNCHANGED
1251,WSSEC:WS:XTKS:3402,WS:XTKS:3402,XTKS,3402,3402.T,491,491,0,0.0,,,NOT_STALE,0,NONE,NONE,READY,,PASS_CLEAN,READY,,READY,,UNCHANGED
1252,WSSEC:WS:XTKS:3405,WS:XTKS:3405,XTKS,3405,3405.T,491,491,0,0.0,,,NOT_STALE,0,NONE,NONE,READY,,PASS_CLEAN,READY,,READY,,UNCHANGED
1253,WSSEC:WS:XTKS:3407,WS:XTKS:3407,XTKS,3407,3407.T,491,491,0,0.0,,,NOT_STALE,0,NONE,NONE,READY,,PASS_CLEAN,READY,,READY,,UNCHANGED
1254,WSSEC:WS:XTKS:3436,WS:XTKS:3436,XTKS,3436,3436.T,491,491,0,0.0,,,NOT_STALE,0,NONE,NONE,READY,,PASS_CLEAN,READY,,READY,,UNCHANGED
1255,WSSEC:WS:XTKS:3659,WS:XTKS:3659,XTKS,3659,3659.T,491,491,0,0.0,,,NOT_STALE,0,NONE,NONE,READY,,PASS_CLEAN,READY,,READY,,UNCHANGED
1256,WSSEC:WS:XTKS:3697,WS:XTKS:3697,XTKS,3697,3697.T,491,491,0,0.0,,,NOT_STALE,0,NONE,NONE,READY,,PASS_CLEAN,READY,,READY,,UNCHANGED
1257,WSSEC:WS:XTKS:4004,WS:XTKS:4004,XTKS,4004,4004.T,491,491,0,0.0,,,NOT_STALE,0,NONE,NONE,READY,,PASS_CLEAN,READY,,READY,,UNCHANGED
1258,WSSEC:WS:XTKS:4005,WS:XTKS:4005,XTKS,4005,4005.T,491,491,0,0.0,,,NOT_STALE,0,NONE,NONE,READY,,PASS_CLEAN,READY,,READY,,UNCHANGED
1259,WSSEC:WS:XTKS:4021,WS:XTKS:4021,XTKS,4021,4021.T,491,491,0,0.0,,,NOT_STALE,0,NONE,NONE,READY,,PASS_CLEAN,READY,,READY,,UNCHANGED
1260,WSSEC:WS:XTKS:4042,WS:XTKS:4042,XTKS,4042,4042.T,491,491,0,0.0,,,NOT_STALE,0,NONE,NONE,READY,,PASS_CLEAN,READY,,READY,,UNCHANGED
1261,WSSEC:WS:XTKS:4043,WS:XTKS:4043,XTKS,4043,4043.T,491,491,0,0.0,,,NOT_STALE,0,NONE,NONE,READY,,PASS_CLEAN,READY,,READY,,UNCHANGED
1262,WSSEC:WS:XTKS:4062,WS:XTKS:4062,XTKS,4062,4062.T,491,491,0,0.0,,,NOT_STALE,0,NONE,NONE,READY,,PASS_CLEAN,READY,,READY,,UNCHANGED
1263,WSSEC:WS:XTKS:4063,WS:XTKS:4063,XTKS,4063,4063.T,491,491,0,0.0,,,NOT_STALE,0,NONE,NONE,READY,,PASS_CLEAN,READY,,READY,,UNCHANGED
1264,WSSEC:WS:XTKS:4151,WS:XTKS:4151,XTKS,4151,4151.T,491,491,0,0.0,,,NOT_STALE,0,NONE,NONE,READY,,PASS_CLEAN,READY,,READY,,UNCHANGED
1265,WSSEC:WS:XTKS:4183,WS:XTKS:4183,XTKS,4183,4183.T,491,491,0,0.0,,,NOT_STALE,0,NONE,NONE,READY,,PASS_CLEAN,READY,,READY,,UNCHANGED
1266,WSSEC:WS:XTKS:4188,WS:XTKS:4188,XTKS,4188,4188.T,491,491,0,0.0,,,NOT_STALE,0,NONE,NONE,READY,,PASS_CLEAN,READY,,READY,,UNCHANGED
1267,WSSEC:WS:XTKS:4208,WS:XTKS:4208,XTKS,4208,4208.T,491,491,0,0.0,,,NOT_STALE,0,NONE,NONE,READY,,PASS_CLEAN,READY,,READY,,UNCHANGED
1268,WSSEC:WS:XTKS:4307,WS:XTKS:4307,XTKS,4307,4307.T,491,491,0,0.0,,,NOT_STALE,0,NONE,NONE,READY,,PASS_CLEAN,READY,,READY,,UNCHANGED
1269,WSSEC:WS:XTKS:4324,WS:XTKS:4324,XTKS,4324,4324.T,491,491,0,0.0,,,NOT_STALE,0,NONE,NONE,READY,,PASS_CLEAN,READY,,READY,,UNCHANGED
1270,WSSEC:WS:XTKS:4385,WS:XTKS:4385,XTKS,4385,4385.T,491,491,0,0.0,,,NOT_STALE,0,NONE,NONE,READY,,PASS_CLEAN,READY,,READY,,UNCHANGED
1271,WSSEC:WS:XTKS:4452,WS:XTKS:4452,XTKS,4452,4452.T,491,491,0,0.0,,,NOT_STALE,0,NONE,NONE,READY,,PASS_CLEAN,READY,,READY,,UNCHANGED
1272,WSSEC:WS:XTKS:4502,WS:XTKS:4502,XTKS,4502,4502.T,491,491,0,0.0,,,NOT_STALE,0,NONE,NONE,READY,,PASS_CLEAN,READY,,READY,,UNCHANGED
1273,WSSEC:WS:XTKS:4503,WS:XTKS:4503,XTKS,4503,4503.T,491,491,0,0.0,,,NOT_STALE,0,NONE,NONE,READY,,PASS_CLEAN,READY,,READY,,UNCHANGED
1274,WSSEC:WS:XTKS:4506,WS:XTKS:4506,XTKS,4506,4506.T,491,491,0,0.0,,,NOT_STALE,0,NONE,NONE,READY,,PASS_CLEAN,READY,,READY,,UNCHANGED
1275,WSSEC:WS:XTKS:4507,WS:XTKS:4507,XTKS,4507,4507.T,491,491,0,0.0,,,NOT_STALE,0,NONE,NONE,READY,,PASS_CLEAN,READY,,READY,,UNCHANGED
1276,WSSEC:WS:XTKS:4519,WS:XTKS:4519,XTKS,4519,4519.T,491,491,0,0.0,,,NOT_STALE,0,NONE,NONE,READY,,PASS_CLEAN,READY,,READY,,UNCHANGED
1277,WSSEC:WS:XTKS:4523,WS:XTKS:4523,XTKS,4523,4523.T,491,491,0,0.0,,,NOT_STALE,0,NONE,NONE,READY,,PASS_CLEAN,READY,,READY,,UNCHANGED
1278,WSSEC:WS:XTKS:4543,WS:XTKS:4543,XTKS,4543,4543.T,491,491,0,0.0,,,NOT_STALE,0,NONE,NONE,READY,,PASS_CLEAN,READY,,READY,,UNCHANGED
1279,WSSEC:WS:XTKS:4568,WS:XTKS:4568,XTKS,4568,4568.T,491,491,0,0.0,,,NOT_STALE,0,NONE,NONE,READY,,PASS_CLEAN,READY,,READY,,UNCHANGED
1280,WSSEC:WS:XTKS:4578,WS:XTKS:4578,XTKS,4578,4578.T,491,491,0,0.0,,,NOT_STALE,0,NONE,NONE,READY,,PASS_CLEAN,READY,,READY,,UNCHANGED
1281,WSSEC:WS:XTKS:4661,WS:XTKS:4661,XTKS,4661,4661.T,491,491,0,0.0,,,NOT_STALE,0,NONE,NONE,READY,,PASS_CLEAN,READY,,READY,,UNCHANGED
1282,WSSEC:WS:XTKS:4689,WS:XTKS:4689,XTKS,4689,4689.T,491,491,0,0.0,,,NOT_STALE,0,NONE,NONE,READY,,PASS_CLEAN,READY,,READY,,UNCHANGED
1283,WSSEC:WS:XTKS:4704,WS:XTKS:4704,XTKS,4704,4704.T,491,491,0,0.0,,,NOT_STALE,0,NONE,NONE,READY,,PASS_CLEAN,READY,,READY,,UNCHANGED
1284,WSSEC:WS:XTKS:4751,WS:XTKS:4751,XTKS,4751,4751.T,491,491,0,0.0,,,NOT_STALE,0,NONE,NONE,READY,,PASS_CLEAN,READY,,READY,,UNCHANGED
1285,WSSEC:WS:XTKS:4755,WS:XTKS:4755,XTKS,4755,4755.T,491,491,0,0.0,,,NOT_STALE,0,NONE,NONE,READY,,PASS_CLEAN,READY,,READY,,UNCHANGED
1286,WSSEC:WS:XTKS:4901,WS:XTKS:4901,XTKS,4901,4901.T,491,491,0,0.0,,,NOT_STALE,0,NONE,NONE,READY,,PASS_CLEAN,READY,,READY,,UNCHANGED
1287,WSSEC:WS:XTKS:4911,WS:XTKS:4911,XTKS,4911,4911.T,491,491,0,0.0,,,NOT_STALE,0,NONE,NONE,READY,,PASS_CLEAN,READY,,READY,,UNCHANGED
1288,WSSEC:WS:XTKS:5019,WS:XTKS:5019,XTKS,5019,5019.T,491,491,0,0.0,,,NOT_STALE,0,NONE,NONE,READY,,PASS_CLEAN,READY,,READY,,UNCHANGED
1289,WSSEC:WS:XTKS:5020,WS:XTKS:5020,XTKS,5020,5020.T,491,491,0,0.0,,,NOT_STALE,0,NONE,NONE,READY,,PASS_CLEAN,READY,,READY,,UNCHANGED
1290,WSSEC:WS:XTKS:5101,WS:XTKS:5101,XTKS,5101,5101.T,491,491,0,0.0,,,NOT_STALE,0,NONE,NONE,READY,,PASS_CLEAN,READY,,READY,,UNCHANGED
1291,WSSEC:WS:XTKS:5108,WS:XTKS:5108,XTKS,5108,5108.T,491,491,0,0.0,,,NOT_STALE,0,NONE,NONE,READY,,PASS_CLEAN,READY,,READY,,UNCHANGED
1292,WSSEC:WS:XTKS:5201,WS:XTKS:5201,XTKS,5201,5201.T,491,491,0,0.0,,,NOT_STALE,0,NONE,NONE,READY,,PASS_CLEAN,READY,,READY,,UNCHANGED
1293,WSSEC:WS:XTKS:5214,WS:XTKS:5214,XTKS,5214,5214.T,491,491,0,0.0,,,NOT_STALE,0,NONE,NONE,READY,,PASS_CLEAN,READY,,READY,,UNCHANGED
1294,WSSEC:WS:XTKS:5332,WS:XTKS:5332,XTKS,5332,5332.T,491,491,0,0.0,,,NOT_STALE,0,NONE,NONE,READY,,PASS_CLEAN,READY,,READY,,UNCHANGED
1295,WSSEC:WS:XTKS:5333,WS:XTKS:5333,XTKS,5333,5333.T,491,491,0,0.0,,,NOT_STALE,0,NONE,NONE,READY,,PASS_CLEAN,READY,,READY,,UNCHANGED
1296,WSSEC:WS:XTKS:5401,WS:XTKS:5401,XTKS,5401,5401.T,491,491,0,0.0,,,NOT_STALE,0,NONE,NONE,READY,,PASS_CLEAN,READY,,READY,,UNCHANGED
1297,WSSEC:WS:XTKS:5406,WS:XTKS:5406,XTKS,5406,5406.T,491,491,0,0.0,,,NOT_STALE,0,NONE,NONE,READY,,PASS_CLEAN,READY,,READY,,UNCHANGED
1298,WSSEC:WS:XTKS:5411,WS:XTKS:5411,XTKS,5411,5411.T,491,491,0,0.0,,,NOT_STALE,0,NONE,NONE,READY,,PASS_CLEAN,READY,,READY,,UNCHANGED
1299,WSSEC:WS:XTKS:543A,WS:XTKS:543A,XTKS,543A,543A.T,491,491,0,0.0,,,NOT_STALE,0,NONE,NONE,READY,,PASS_CLEAN,READY,,READY,,UNCHANGED
1300,WSSEC:WS:XTKS:5631,WS:XTKS:5631,XTKS,5631,5631.T,491,491,0,0.0,,,NOT_STALE,0,NONE,NONE,READY,,PASS_CLEAN,READY,,READY,,UNCHANGED
1301,WSSEC:WS:XTKS:5706,WS:XTKS:5706,XTKS,5706,5706.T,491,491,0,0.0,,,NOT_STALE,0,NONE,NONE,READY,,PASS_CLEAN,READY,,READY,,UNCHANGED
1302,WSSEC:WS:XTKS:5711,WS:XTKS:5711,XTKS,5711,5711.T,491,491,0,0.0,,,NOT_STALE,0,NONE,NONE,READY,,PASS_CLEAN,READY,,READY,,UNCHANGED
1303,WSSEC:WS:XTKS:5713,WS:XTKS:5713,XTKS,5713,5713.T,491,491,0,0.0,,,NOT_STALE,0,NONE,NONE,READY,,PASS_CLEAN,READY,,READY,,UNCHANGED
1304,WSSEC:WS:XTKS:5714,WS:XTKS:5714,XTKS,5714,5714.T,491,491,0,0.0,,,NOT_STALE,0,NONE,NONE,READY,,PASS_CLEAN,READY,,READY,,UNCHANGED
1305,WSSEC:WS:XTKS:5801,WS:XTKS:5801,XTKS,5801,5801.T,491,491,0,0.0,,,NOT_STALE,0,NONE,NONE,READY,,PASS_CLEAN,READY,,READY,,UNCHANGED
1306,WSSEC:WS:XTKS:5802,WS:XTKS:5802,XTKS,5802,5802.T,491,491,0,0.0,,,NOT_STALE,0,NONE,NONE,READY,,PASS_CLEAN,READY,,READY,,UNCHANGED
1307,WSSEC:WS:XTKS:5803,WS:XTKS:5803,XTKS,5803,5803.T,491,491,0,0.0,,,NOT_STALE,0,NONE,NONE,READY,,PASS_CLEAN,READY,,READY,,UNCHANGED
1308,WSSEC:WS:XTKS:5831,WS:XTKS:5831,XTKS,5831,5831.T,491,491,0,0.0,,,NOT_STALE,0,NONE,NONE,READY,,PASS_CLEAN,READY,,READY,,UNCHANGED
1309,WSSEC:WS:XTKS:6098,WS:XTKS:6098,XTKS,6098,6098.T,491,491,0,0.0,,,NOT_STALE,0,NONE,NONE,READY,,PASS_CLEAN,READY,,READY,,UNCHANGED
1310,WSSEC:WS:XTKS:6113,WS:XTKS:6113,XTKS,6113,6113.T,491,491,0,0.0,,,NOT_STALE,0,NONE,NONE,READY,,PASS_CLEAN,READY,,READY,,UNCHANGED
1311,WSSEC:WS:XTKS:6146,WS:XTKS:6146,XTKS,6146,6146.T,491,491,0,0.0,,,NOT_STALE,0,NONE,NONE,READY,,PASS_CLEAN,READY,,READY,,UNCHANGED
1312,WSSEC:WS:XTKS:6178,WS:XTKS:6178,XTKS,6178,6178.T,491,491,0,0.0,,,NOT_STALE,0,NONE,NONE,READY,,PASS_CLEAN,READY,,READY,,UNCHANGED
1313,WSSEC:WS:XTKS:6273,WS:XTKS:6273,XTKS,6273,6273.T,491,491,0,0.0,,,NOT_STALE,0,NONE,NONE,READY,,PASS_CLEAN,READY,,READY,,UNCHANGED
1314,WSSEC:WS:XTKS:6301,WS:XTKS:6301,XTKS,6301,6301.T,491,491,0,0.0,,,NOT_STALE,0,NONE,NONE,READY,,PASS_CLEAN,READY,,READY,,UNCHANGED
1315,WSSEC:WS:XTKS:6302,WS:XTKS:6302,XTKS,6302,6302.T,491,491,0,0.0,,,NOT_STALE,0,NONE,NONE,READY,,PASS_CLEAN,READY,,READY,,UNCHANGED
1316,WSSEC:WS:XTKS:6305,WS:XTKS:6305,XTKS,6305,6305.T,491,491,0,0.0,,,NOT_STALE,0,NONE,NONE,READY,,PASS_CLEAN,READY,,READY,,UNCHANGED
1317,WSSEC:WS:XTKS:6326,WS:XTKS:6326,XTKS,6326,6326.T,491,491,0,0.0,,,NOT_STALE,0,NONE,NONE,READY,,PASS_CLEAN,READY,,READY,,UNCHANGED
1318,WSSEC:WS:XTKS:6361,WS:XTKS:6361,XTKS,6361,6361.T,491,491,0,0.0,,,NOT_STALE,0,NONE,NONE,READY,,PASS_CLEAN,READY,,READY,,UNCHANGED
1319,WSSEC:WS:XTKS:6367,WS:XTKS:6367,XTKS,6367,6367.T,491,491,0,0.0,,,NOT_STALE,0,NONE,NONE,READY,,PASS_CLEAN,READY,,READY,,UNCHANGED
1320,WSSEC:WS:XTKS:6479,WS:XTKS:6479,XTKS,6479,6479.T,491,491,0,0.0,,,NOT_STALE,0,NONE,NONE,READY,,PASS_CLEAN,READY,,READY,,UNCHANGED
1321,WSSEC:WS:XTKS:6501,WS:XTKS:6501,XTKS,6501,6501.T,491,491,0,0.0,,,NOT_STALE,0,NONE,NONE,READY,,PASS_CLEAN,READY,,READY,,UNCHANGED
1322,WSSEC:WS:XTKS:6503,WS:XTKS:6503,XTKS,6503,6503.T,491,491,0,0.0,,,NOT_STALE,0,NONE,NONE,READY,,PASS_CLEAN,READY,,READY,,UNCHANGED
1323,WSSEC:WS:XTKS:6504,WS:XTKS:6504,XTKS,6504,6504.T,491,491,0,0.0,,,NOT_STALE,0,NONE,NONE,READY,,PASS_CLEAN,READY,,READY,,UNCHANGED
1324,WSSEC:WS:XTKS:6506,WS:XTKS:6506,XTKS,6506,6506.T,491,491,0,0.0,,,NOT_STALE,0,NONE,NONE,READY,,PASS_CLEAN,READY,,READY,,UNCHANGED
1325,WSSEC:WS:XTKS:6526,WS:XTKS:6526,XTKS,6526,6526.T,491,491,0,0.0,,,NOT_STALE,0,NONE,NONE,READY,,PASS_CLEAN,READY,,READY,,UNCHANGED
1326,WSSEC:WS:XTKS:6532,WS:XTKS:6532,XTKS,6532,6532.T,491,491,0,0.0,,,NOT_STALE,0,NONE,NONE,READY,,PASS_CLEAN,READY,,READY,,UNCHANGED
1327,WSSEC:WS:XTKS:6645,WS:XTKS:6645,XTKS,6645,6645.T,491,491,0,0.0,,,NOT_STALE,0,NONE,NONE,READY,,PASS_CLEAN,READY,,READY,,UNCHANGED
1328,WSSEC:WS:XTKS:6701,WS:XTKS:6701,XTKS,6701,6701.T,491,491,0,0.0,,,NOT_STALE,0,NONE,NONE,READY,,PASS_CLEAN,READY,,READY,,UNCHANGED
1329,WSSEC:WS:XTKS:6702,WS:XTKS:6702,XTKS,6702,6702.T,491,491,0,0.0,,,NOT_STALE,0,NONE,NONE,READY,,PASS_CLEAN,READY,,READY,,UNCHANGED
1330,WSSEC:WS:XTKS:6723,WS:XTKS:6723,XTKS,6723,6723.T,491,491,0,0.0,,,NOT_STALE,0,NONE,NONE,READY,,PASS_CLEAN,READY,,READY,,UNCHANGED
1331,WSSEC:WS:XTKS:6724,WS:XTKS:6724,XTKS,6724,6724.T,491,491,0,0.0,,,NOT_STALE,0,NONE,NONE,READY,,PASS_CLEAN,READY,,READY,,UNCHANGED
1332,WSSEC:WS:XTKS:6752,WS:XTKS:6752,XTKS,6752,6752.T,491,491,0,0.0,,,NOT_STALE,0,NONE,NONE,READY,,PASS_CLEAN,READY,,READY,,UNCHANGED
1333,WSSEC:WS:XTKS:6758,WS:XTKS:6758,XTKS,6758,6758.T,491,491,0,0.0,,,NOT_STALE,0,NONE,NONE,READY,,PASS_CLEAN,READY,,READY,,UNCHANGED
1334,WSSEC:WS:XTKS:6762,WS:XTKS:6762,XTKS,6762,6762.T,491,491,0,0.0,,,NOT_STALE,0,NONE,NONE,READY,,PASS_CLEAN,READY,,READY,,UNCHANGED
1335,WSSEC:WS:XTKS:6770,WS:XTKS:6770,XTKS,6770,6770.T,491,491,0,0.0,,,NOT_STALE,0,NONE,NONE,READY,,PASS_CLEAN,READY,,READY,,UNCHANGED
1336,WSSEC:WS:XTKS:6841,WS:XTKS:6841,XTKS,6841,6841.T,491,491,0,0.0,,,NOT_STALE,0,NONE,NONE,READY,,PASS_CLEAN,READY,,READY,,UNCHANGED
1337,WSSEC:WS:XTKS:6857,WS:XTKS:6857,XTKS,6857,6857.T,491,491,0,0.0,,,NOT_STALE,0,NONE,NONE,READY,,PASS_CLEAN,READY,,READY,,UNCHANGED
1338,WSSEC:WS:XTKS:6861,WS:XTKS:6861,XTKS,6861,6861.T,491,491,0,0.0,,,NOT_STALE,0,NONE,NONE,READY,,PASS_CLEAN,READY,,READY,,UNCHANGED
1339,WSSEC:WS:XTKS:6902,WS:XTKS:6902,XTKS,6902,6902.T,491,491,0,0.0,,,NOT_STALE,0,NONE,NONE,READY,,PASS_CLEAN,READY,,READY,,UNCHANGED
1340,WSSEC:WS:XTKS:6920,WS:XTKS:6920,XTKS,6920,6920.T,491,491,0,0.0,,,NOT_STALE,0,NONE,NONE,READY,,PASS_CLEAN,READY,,READY,,UNCHANGED
1341,WSSEC:WS:XTKS:6954,WS:XTKS:6954,XTKS,6954,6954.T,491,491,0,0.0,,,NOT_STALE,0,NONE,NONE,READY,,PASS_CLEAN,READY,,READY,,UNCHANGED
1342,WSSEC:WS:XTKS:6963,WS:XTKS:6963,XTKS,6963,6963.T,491,491,0,0.0,,,NOT_STALE,0,NONE,NONE,READY,,PASS_CLEAN,READY,,READY,,UNCHANGED
1343,WSSEC:WS:XTKS:6971,WS:XTKS:6971,XTKS,6971,6971.T,491,491,0,0.0,,,NOT_STALE,0,NONE,NONE,READY,,PASS_CLEAN,READY,,READY,,UNCHANGED
1344,WSSEC:WS:XTKS:6976,WS:XTKS:6976,XTKS,6976,6976.T,491,491,0,0.0,,,NOT_STALE,0,NONE,NONE,READY,,PASS_CLEAN,READY,,READY,,UNCHANGED
1345,WSSEC:WS:XTKS:6981,WS:XTKS:6981,XTKS,6981,6981.T,491,491,0,0.0,,,NOT_STALE,0,NONE,NONE,READY,,PASS_CLEAN,READY,,READY,,UNCHANGED
1346,WSSEC:WS:XTKS:6988,WS:XTKS:6988,XTKS,6988,6988.T,491,491,0,0.0,,,NOT_STALE,0,NONE,NONE,READY,,PASS_CLEAN,READY,,READY,,UNCHANGED
1347,WSSEC:WS:XTKS:7011,WS:XTKS:7011,XTKS,7011,7011.T,491,491,0,0.0,,,NOT_STALE,0,NONE,NONE,READY,,PASS_CLEAN,READY,,READY,,UNCHANGED
1348,WSSEC:WS:XTKS:7012,WS:XTKS:7012,XTKS,7012,7012.T,491,491,0,0.0,,,NOT_STALE,0,NONE,NONE,READY,,PASS_CLEAN,READY,,READY,,UNCHANGED
1349,WSSEC:WS:XTKS:7013,WS:XTKS:7013,XTKS,7013,7013.T,491,491,0,0.0,,,NOT_STALE,0,NONE,NONE,READY,,PASS_CLEAN,READY,,READY,,UNCHANGED
1350,WSSEC:WS:XTKS:7186,WS:XTKS:7186,XTKS,7186,7186.T,491,491,0,0.0,,,NOT_STALE,0,NONE,NONE,READY,,PASS_CLEAN,READY,,READY,,UNCHANGED
1351,WSSEC:WS:XTKS:7201,WS:XTKS:7201,XTKS,7201,7201.T,491,491,0,0.0,,,NOT_STALE,0,NONE,NONE,READY,,PASS_CLEAN,READY,,READY,,UNCHANGED
1352,WSSEC:WS:XTKS:7202,WS:XTKS:7202,XTKS,7202,7202.T,491,491,0,0.0,,,NOT_STALE,0,NONE,NONE,READY,,PASS_CLEAN,READY,,READY,,UNCHANGED
1353,WSSEC:WS:XTKS:7203,WS:XTKS:7203,XTKS,7203,7203.T,491,491,0,0.0,,,NOT_STALE,0,NONE,NONE,READY,,PASS_CLEAN,READY,,READY,,UNCHANGED
1354,WSSEC:WS:XTKS:7211,WS:XTKS:7211,XTKS,7211,7211.T,491,491,0,0.0,,,NOT_STALE,0,NONE,NONE,READY,,PASS_CLEAN,READY,,READY,,UNCHANGED
1355,WSSEC:WS:XTKS:7261,WS:XTKS:7261,XTKS,7261,7261.T,491,491,0,0.0,,,NOT_STALE,0,NONE,NONE,READY,,PASS_CLEAN,READY,,READY,,UNCHANGED
1356,WSSEC:WS:XTKS:7267,WS:XTKS:7267,XTKS,7267,7267.T,491,491,0,0.0,,,NOT_STALE,0,NONE,NONE,READY,,PASS_CLEAN,READY,,READY,,UNCHANGED
1357,WSSEC:WS:XTKS:7269,WS:XTKS:7269,XTKS,7269,7269.T,491,491,0,0.0,,,NOT_STALE,0,NONE,NONE,READY,,PASS_CLEAN,READY,,READY,,UNCHANGED
1358,WSSEC:WS:XTKS:7270,WS:XTKS:7270,XTKS,7270,7270.T,491,491,0,0.0,,,NOT_STALE,0,NONE,NONE,READY,,PASS_CLEAN,READY,,READY,,UNCHANGED
1359,WSSEC:WS:XTKS:7272,WS:XTKS:7272,XTKS,7272,7272.T,491,491,0,0.0,,,NOT_STALE,0,NONE,NONE,READY,,PASS_CLEAN,READY,,READY,,UNCHANGED
1360,WSSEC:WS:XTKS:7453,WS:XTKS:7453,XTKS,7453,7453.T,491,491,0,0.0,,,NOT_STALE,0,NONE,NONE,READY,,PASS_CLEAN,READY,,READY,,UNCHANGED
1361,WSSEC:WS:XTKS:7532,WS:XTKS:7532,XTKS,7532,7532.T,491,491,0,0.0,,,NOT_STALE,0,NONE,NONE,READY,,PASS_CLEAN,READY,,READY,,UNCHANGED
1362,WSSEC:WS:XTKS:7731,WS:XTKS:7731,XTKS,7731,7731.T,491,491,0,0.0,,,NOT_STALE,0,NONE,NONE,READY,,PASS_CLEAN,READY,,READY,,UNCHANGED
1363,WSSEC:WS:XTKS:7733,WS:XTKS:7733,XTKS,7733,7733.T,491,491,0,0.0,,,NOT_STALE,0,NONE,NONE,READY,,PASS_CLEAN,READY,,READY,,UNCHANGED
1364,WSSEC:WS:XTKS:7735,WS:XTKS:7735,XTKS,7735,7735.T,491,491,0,0.0,,,NOT_STALE,0,NONE,NONE,READY,,PASS_CLEAN,READY,,READY,,UNCHANGED
1365,WSSEC:WS:XTKS:7741,WS:XTKS:7741,XTKS,7741,7741.T,491,491,0,0.0,,,NOT_STALE,0,NONE,NONE,READY,,PASS_CLEAN,READY,,READY,,UNCHANGED
1366,WSSEC:WS:XTKS:7751,WS:XTKS:7751,XTKS,7751,7751.T,491,491,0,0.0,,,NOT_STALE,0,NONE,NONE,READY,,PASS_CLEAN,READY,,READY,,UNCHANGED
1367,WSSEC:WS:XTKS:7752,WS:XTKS:7752,XTKS,7752,7752.T,491,491,0,0.0,,,NOT_STALE,0,NONE,NONE,READY,,PASS_CLEAN,READY,,READY,,UNCHANGED
1368,WSSEC:WS:XTKS:7832,WS:XTKS:7832,XTKS,7832,7832.T,491,491,0,0.0,,,NOT_STALE,0,NONE,NONE,READY,,PASS_CLEAN,READY,,READY,,UNCHANGED
1369,WSSEC:WS:XTKS:7911,WS:XTKS:7911,XTKS,7911,7911.T,491,491,0,0.0,,,NOT_STALE,0,NONE,NONE,READY,,PASS_CLEAN,READY,,READY,,UNCHANGED
1370,WSSEC:WS:XTKS:7912,WS:XTKS:7912,XTKS,7912,7912.T,491,491,0,0.0,,,NOT_STALE,0,NONE,NONE,READY,,PASS_CLEAN,READY,,READY,,UNCHANGED
1371,WSSEC:WS:XTKS:7951,WS:XTKS:7951,XTKS,7951,7951.T,491,491,0,0.0,,,NOT_STALE,0,NONE,NONE,READY,,PASS_CLEAN,READY,,READY,,UNCHANGED
1372,WSSEC:WS:XTKS:7974,WS:XTKS:7974,XTKS,7974,7974.T,491,491,0,0.0,,,NOT_STALE,0,NONE,NONE,READY,,PASS_CLEAN,READY,,READY,,UNCHANGED
1373,WSSEC:WS:XTKS:8001,WS:XTKS:8001,XTKS,8001,8001.T,491,491,0,0.0,,,NOT_STALE,0,NONE,NONE,READY,,PASS_CLEAN,READY,,READY,,UNCHANGED
1374,WSSEC:WS:XTKS:8002,WS:XTKS:8002,XTKS,8002,8002.T,491,491,0,0.0,,,NOT_STALE,0,NONE,NONE,READY,,PASS_CLEAN,READY,,READY,,UNCHANGED
1375,WSSEC:WS:XTKS:8015,WS:XTKS:8015,XTKS,8015,8015.T,491,491,0,0.0,,,NOT_STALE,0,NONE,NONE,READY,,PASS_CLEAN,READY,,READY,,UNCHANGED
1376,WSSEC:WS:XTKS:8031,WS:XTKS:8031,XTKS,8031,8031.T,491,491,0,0.0,,,NOT_STALE,0,NONE,NONE,READY,,PASS_CLEAN,READY,,READY,,UNCHANGED
1377,WSSEC:WS:XTKS:8035,WS:XTKS:8035,XTKS,8035,8035.T,491,491,0,0.0,,,NOT_STALE,0,NONE,NONE,READY,,PASS_CLEAN,READY,,READY,,UNCHANGED
1378,WSSEC:WS:XTKS:8053,WS:XTKS:8053,XTKS,8053,8053.T,491,491,0,0.0,,,NOT_STALE,0,NONE,NONE,READY,,PASS_CLEAN,READY,,READY,,UNCHANGED
1379,WSSEC:WS:XTKS:8058,WS:XTKS:8058,XTKS,8058,8058.T,491,491,0,0.0,,,NOT_STALE,0,NONE,NONE,READY,,PASS_CLEAN,READY,,READY,,UNCHANGED
1380,WSSEC:WS:XTKS:8233,WS:XTKS:8233,XTKS,8233,8233.T,491,491,0,0.0,,,NOT_STALE,0,NONE,NONE,READY,,PASS_CLEAN,READY,,READY,,UNCHANGED
1381,WSSEC:WS:XTKS:8267,WS:XTKS:8267,XTKS,8267,8267.T,491,491,0,0.0,,,NOT_STALE,0,NONE,NONE,READY,,PASS_CLEAN,READY,,READY,,UNCHANGED
1382,WSSEC:WS:XTKS:8304,WS:XTKS:8304,XTKS,8304,8304.T,491,491,0,0.0,,,NOT_STALE,0,NONE,NONE,READY,,PASS_CLEAN,READY,,READY,,UNCHANGED
1383,WSSEC:WS:XTKS:8306,WS:XTKS:8306,XTKS,8306,8306.T,491,491,0,0.0,,,NOT_STALE,0,NONE,NONE,READY,,PASS_CLEAN,READY,,READY,,UNCHANGED
1384,WSSEC:WS:XTKS:8308,WS:XTKS:8308,XTKS,8308,8308.T,491,491,0,0.0,,,NOT_STALE,0,NONE,NONE,READY,,PASS_CLEAN,READY,,READY,,UNCHANGED
1385,WSSEC:WS:XTKS:8309,WS:XTKS:8309,XTKS,8309,8309.T,491,491,0,0.0,,,NOT_STALE,0,NONE,NONE,READY,,PASS_CLEAN,READY,,READY,,UNCHANGED
1386,WSSEC:WS:XTKS:8316,WS:XTKS:8316,XTKS,8316,8316.T,491,491,0,0.0,,,NOT_STALE,0,NONE,NONE,READY,,PASS_CLEAN,READY,,READY,,UNCHANGED
1387,WSSEC:WS:XTKS:8331,WS:XTKS:8331,XTKS,8331,8331.T,491,491,0,0.0,,,NOT_STALE,0,NONE,NONE,READY,,PASS_CLEAN,READY,,READY,,UNCHANGED
1388,WSSEC:WS:XTKS:8354,WS:XTKS:8354,XTKS,8354,8354.T,491,491,0,0.0,,,NOT_STALE,0,NONE,NONE,READY,,PASS_CLEAN,READY,,READY,,UNCHANGED
1389,WSSEC:WS:XTKS:8411,WS:XTKS:8411,XTKS,8411,8411.T,491,491,0,0.0,,,NOT_STALE,0,NONE,NONE,READY,,PASS_CLEAN,READY,,READY,,UNCHANGED
1390,WSSEC:WS:XTKS:8591,WS:XTKS:8591,XTKS,8591,8591.T,491,491,0,0.0,,,NOT_STALE,0,NONE,NONE,READY,,PASS_CLEAN,READY,,READY,,UNCHANGED
1391,WSSEC:WS:XTKS:8601,WS:XTKS:8601,XTKS,8601,8601.T,491,491,0,0.0,,,NOT_STALE,0,NONE,NONE,READY,,PASS_CLEAN,READY,,READY,,UNCHANGED
1392,WSSEC:WS:XTKS:8604,WS:XTKS:8604,XTKS,8604,8604.T,491,491,0,0.0,,,NOT_STALE,0,NONE,NONE,READY,,PASS_CLEAN,READY,,READY,,UNCHANGED
1393,WSSEC:WS:XTKS:8630,WS:XTKS:8630,XTKS,8630,8630.T,491,491,0,0.0,,,NOT_STALE,0,NONE,NONE,READY,,PASS_CLEAN,READY,,READY,,UNCHANGED
1394,WSSEC:WS:XTKS:8697,WS:XTKS:8697,XTKS,8697,8697.T,491,491,0,0.0,,,NOT_STALE,0,NONE,NONE,READY,,PASS_CLEAN,READY,,READY,,UNCHANGED
1395,WSSEC:WS:XTKS:8725,WS:XTKS:8725,XTKS,8725,8725.T,491,491,0,0.0,,,NOT_STALE,0,NONE,NONE,READY,,PASS_CLEAN,READY,,READY,,UNCHANGED
1396,WSSEC:WS:XTKS:8750,WS:XTKS:8750,XTKS,8750,8750.T,491,491,0,0.0,,,NOT_STALE,0,NONE,NONE,READY,,PASS_CLEAN,READY,,READY,,UNCHANGED
1397,WSSEC:WS:XTKS:8766,WS:XTKS:8766,XTKS,8766,8766.T,491,491,0,0.0,,,NOT_STALE,0,NONE,NONE,READY,,PASS_CLEAN,READY,,READY,,UNCHANGED
1398,WSSEC:WS:XTKS:8795,WS:XTKS:8795,XTKS,8795,8795.T,491,491,0,0.0,,,NOT_STALE,0,NONE,NONE,READY,,PASS_CLEAN,READY,,READY,,UNCHANGED
1399,WSSEC:WS:XTKS:8801,WS:XTKS:8801,XTKS,8801,8801.T,491,491,0,0.0,,,NOT_STALE,0,NONE,NONE,READY,,PASS_CLEAN,READY,,READY,,UNCHANGED
1400,WSSEC:WS:XTKS:8802,WS:XTKS:8802,XTKS,8802,8802.T,491,491,0,0.0,,,NOT_STALE,0,NONE,NONE,READY,,PASS_CLEAN,READY,,READY,,UNCHANGED
1401,WSSEC:WS:XTKS:8830,WS:XTKS:8830,XTKS,8830,8830.T,491,491,0,0.0,,,NOT_STALE,0,NONE,NONE,READY,,PASS_CLEAN,READY,,READY,,UNCHANGED
1402,WSSEC:WS:XTKS:9005,WS:XTKS:9005,XTKS,9005,9005.T,491,491,0,0.0,,,NOT_STALE,0,NONE,NONE,READY,,PASS_CLEAN,READY,,READY,,UNCHANGED
1403,WSSEC:WS:XTKS:9020,WS:XTKS:9020,XTKS,9020,9020.T,491,491,0,0.0,,,NOT_STALE,0,NONE,NONE,READY,,PASS_CLEAN,READY,,READY,,UNCHANGED
1404,WSSEC:WS:XTKS:9021,WS:XTKS:9021,XTKS,9021,9021.T,491,491,0,0.0,,,NOT_STALE,0,NONE,NONE,READY,,PASS_CLEAN,READY,,READY,,UNCHANGED
1405,WSSEC:WS:XTKS:9022,WS:XTKS:9022,XTKS,9022,9022.T,491,491,0,0.0,,,NOT_STALE,0,NONE,NONE,READY,,PASS_CLEAN,READY,,READY,,UNCHANGED
1406,WSSEC:WS:XTKS:9101,WS:XTKS:9101,XTKS,9101,9101.T,491,491,0,0.0,,,NOT_STALE,0,NONE,NONE,READY,,PASS_CLEAN,READY,,READY,,UNCHANGED
1407,WSSEC:WS:XTKS:9104,WS:XTKS:9104,XTKS,9104,9104.T,491,491,0,0.0,,,NOT_STALE,0,NONE,NONE,READY,,PASS_CLEAN,READY,,READY,,UNCHANGED
1408,WSSEC:WS:XTKS:9107,WS:XTKS:9107,XTKS,9107,9107.T,491,491,0,0.0,,,NOT_STALE,0,NONE,NONE,READY,,PASS_CLEAN,READY,,READY,,UNCHANGED
1409,WSSEC:WS:XTKS:9147,WS:XTKS:9147,XTKS,9147,9147.T,491,491,0,0.0,,,NOT_STALE,0,NONE,NONE,READY,,PASS_CLEAN,READY,,READY,,UNCHANGED
1410,WSSEC:WS:XTKS:9201,WS:XTKS:9201,XTKS,9201,9201.T,491,491,0,0.0,,,NOT_STALE,0,NONE,NONE,READY,,PASS_CLEAN,READY,,READY,,UNCHANGED
1411,WSSEC:WS:XTKS:9202,WS:XTKS:9202,XTKS,9202,9202.T,491,491,0,0.0,,,NOT_STALE,0,NONE,NONE,READY,,PASS_CLEAN,READY,,READY,,UNCHANGED
1412,WSSEC:WS:XTKS:9432,WS:XTKS:9432,XTKS,9432,9432.T,491,491,0,0.0,,,NOT_STALE,0,NONE,NONE,READY,,PASS_CLEAN,READY,,READY,,UNCHANGED
1413,WSSEC:WS:XTKS:9433,WS:XTKS:9433,XTKS,9433,9433.T,491,491,0,0.0,,,NOT_STALE,0,NONE,NONE,READY,,PASS_CLEAN,READY,,READY,,UNCHANGED
1414,WSSEC:WS:XTKS:9434,WS:XTKS:9434,XTKS,9434,9434.T,491,491,0,0.0,,,NOT_STALE,0,NONE,NONE,READY,,PASS_CLEAN,READY,,READY,,UNCHANGED
1415,WSSEC:WS:XTKS:9501,WS:XTKS:9501,XTKS,9501,9501.T,491,491,0,0.0,,,NOT_STALE,0,NONE,NONE,READY,,PASS_CLEAN,READY,,READY,,UNCHANGED
1416,WSSEC:WS:XTKS:9502,WS:XTKS:9502,XTKS,9502,9502.T,491,491,0,0.0,,,NOT_STALE,0,NONE,NONE,READY,,PASS_CLEAN,READY,,READY,,UNCHANGED
1417,WSSEC:WS:XTKS:9503,WS:XTKS:9503,XTKS,9503,9503.T,491,491,0,0.0,,,NOT_STALE,0,NONE,NONE,READY,,PASS_CLEAN,READY,,READY,,UNCHANGED
1418,WSSEC:WS:XTKS:9531,WS:XTKS:9531,XTKS,9531,9531.T,491,491,0,0.0,,,NOT_STALE,0,NONE,NONE,READY,,PASS_CLEAN,READY,,READY,,UNCHANGED
1419,WSSEC:WS:XTKS:9532,WS:XTKS:9532,XTKS,9532,9532.T,491,491,0,0.0,,,NOT_STALE,0,NONE,NONE,READY,,PASS_CLEAN,READY,,READY,,UNCHANGED
1420,WSSEC:WS:XTKS:9602,WS:XTKS:9602,XTKS,9602,9602.T,491,491,0,0.0,,,NOT_STALE,0,NONE,NONE,READY,,PASS_CLEAN,READY,,READY,,UNCHANGED
1421,WSSEC:WS:XTKS:9735,WS:XTKS:9735,XTKS,9735,9735.T,491,491,0,0.0,,,NOT_STALE,0,NONE,NONE,READY,,PASS_CLEAN,READY,,READY,,UNCHANGED
1422,WSSEC:WS:XTKS:9766,WS:XTKS:9766,XTKS,9766,9766.T,491,491,0,0.0,,,NOT_STALE,0,NONE,NONE,READY,,PASS_CLEAN,READY,,READY,,UNCHANGED
1423,WSSEC:WS:XTKS:9843,WS:XTKS:9843,XTKS,9843,9843.T,491,491,0,0.0,,,NOT_STALE,0,NONE,NONE,READY,,PASS_CLEAN,READY,,READY,,UNCHANGED
1424,WSSEC:WS:XTKS:9983,WS:XTKS:9983,XTKS,9983,9983.T,491,491,0,0.0,,,NOT_STALE,0,NONE,NONE,READY,,PASS_CLEAN,READY,,READY,,UNCHANGED
1425,WSSEC:WS:XTKS:9984,WS:XTKS:9984,XTKS,9984,9984.T,491,491,0,0.0,,,NOT_STALE,0,NONE,NONE,READY,,PASS_CLEAN,READY,,READY,,UNCHANGED
