Projection_Order,Security_Key,Source_WS_ID,Primary_MIC,Primary_Ticker,Primary_Universe_Index,Coverage_Feasibility,Earliest_Blocker,Earliest_Failed_Gate,Sector_Taxonomy_Value_Materialized,Sector_Code_Value_Materialized,Sector_Name_Value_Materialized
1,WSSEC:WS:BVMF:ABEV3,WS:BVMF:ABEV3,BVMF,ABEV3,BR_IBRX100,NOT_VERIFIED,OFFICIAL_SECTOR_BULK_SOURCE_NOT_FOUND,B,NO,NO,NO
2,WSSEC:WS:BVMF:ALOS3,WS:BVMF:ALOS3,BVMF,ALOS3,BR_IBRX100,NOT_VERIFIED,OFFICIAL_SECTOR_BULK_SOURCE_NOT_FOUND,B,NO,NO,NO
3,WSSEC:WS:BVMF:AXIA3,WS:BVMF:AXIA3,BVMF,AXIA3,BR_IBRX100,NOT_VERIFIED,OFFICIAL_SECTOR_BULK_SOURCE_NOT_FOUND,B,NO,NO,NO
4,WSSEC:WS:BVMF:B3SA3,WS:BVMF:B3SA3,BVMF,B3SA3,BR_IBRX100,NOT_VERIFIED,OFFICIAL_SECTOR_BULK_SOURCE_NOT_FOUND,B,NO,NO,NO
5,WSSEC:WS:BVMF:BBAS3,WS:BVMF:BBAS3,BVMF,BBAS3,BR_IBRX100,NOT_VERIFIED,OFFICIAL_SECTOR_BULK_SOURCE_NOT_FOUND,B,NO,NO,NO
6,WSSEC:WS:BVMF:BBSE3,WS:BVMF:BBSE3,BVMF,BBSE3,BR_IBRX100,NOT_VERIFIED,OFFICIAL_SECTOR_BULK_SOURCE_NOT_FOUND,B,NO,NO,NO
7,WSSEC:WS:BVMF:CPLE3,WS:BVMF:CPLE3,BVMF,CPLE3,BR_IBRX100,NOT_VERIFIED,OFFICIAL_SECTOR_BULK_SOURCE_NOT_FOUND,B,NO,NO,NO
8,WSSEC:WS:BVMF:CSAN3,WS:BVMF:CSAN3,BVMF,CSAN3,BR_IBRX100,NOT_VERIFIED,OFFICIAL_SECTOR_BULK_SOURCE_NOT_FOUND,B,NO,NO,NO
9,WSSEC:WS:BVMF:CSMG3,WS:BVMF:CSMG3,BVMF,CSMG3,BR_IBRX100,NOT_VERIFIED,OFFICIAL_SECTOR_BULK_SOURCE_NOT_FOUND,B,NO,NO,NO
10,WSSEC:WS:BVMF:CURY3,WS:BVMF:CURY3,BVMF,CURY3,BR_IBRX100,NOT_VERIFIED,OFFICIAL_SECTOR_BULK_SOURCE_NOT_FOUND,B,NO,NO,NO
11,WSSEC:WS:BVMF:CXSE3,WS:BVMF:CXSE3,BVMF,CXSE3,BR_IBRX100,NOT_VERIFIED,OFFICIAL_SECTOR_BULK_SOURCE_NOT_FOUND,B,NO,NO,NO
12,WSSEC:WS:BVMF:CYRE3,WS:BVMF:CYRE3,BVMF,CYRE3,BR_IBRX100,NOT_VERIFIED,OFFICIAL_SECTOR_BULK_SOURCE_NOT_FOUND,B,NO,NO,NO
13,WSSEC:WS:BVMF:EGIE3,WS:BVMF:EGIE3,BVMF,EGIE3,BR_IBRX100,NOT_VERIFIED,OFFICIAL_SECTOR_BULK_SOURCE_NOT_FOUND,B,NO,NO,NO
14,WSSEC:WS:BVMF:EMBJ3,WS:BVMF:EMBJ3,BVMF,EMBJ3,BR_IBRX100,NOT_VERIFIED,OFFICIAL_SECTOR_BULK_SOURCE_NOT_FOUND,B,NO,NO,NO
15,WSSEC:WS:BVMF:ENEV3,WS:BVMF:ENEV3,BVMF,ENEV3,BR_IBRX100,NOT_VERIFIED,OFFICIAL_SECTOR_BULK_SOURCE_NOT_FOUND,B,NO,NO,NO
16,WSSEC:WS:BVMF:EQTL3,WS:BVMF:EQTL3,BVMF,EQTL3,BR_IBRX100,NOT_VERIFIED,OFFICIAL_SECTOR_BULK_SOURCE_NOT_FOUND,B,NO,NO,NO
17,WSSEC:WS:BVMF:LREN3,WS:BVMF:LREN3,BVMF,LREN3,BR_IBRX100,NOT_VERIFIED,OFFICIAL_SECTOR_BULK_SOURCE_NOT_FOUND,B,NO,NO,NO
18,WSSEC:WS:BVMF:MBRF3,WS:BVMF:MBRF3,BVMF,MBRF3,BR_IBRX100,NOT_VERIFIED,OFFICIAL_SECTOR_BULK_SOURCE_NOT_FOUND,B,NO,NO,NO
19,WSSEC:WS:BVMF:MGLU3,WS:BVMF:MGLU3,BVMF,MGLU3,BR_IBRX100,NOT_VERIFIED,OFFICIAL_SECTOR_BULK_SOURCE_NOT_FOUND,B,NO,NO,NO
20,WSSEC:WS:BVMF:MOTV3,WS:BVMF:MOTV3,BVMF,MOTV3,BR_IBRX100,NOT_VERIFIED,OFFICIAL_SECTOR_BULK_SOURCE_NOT_FOUND,B,NO,NO,NO
21,WSSEC:WS:BVMF:MULT3,WS:BVMF:MULT3,BVMF,MULT3,BR_IBRX100,NOT_VERIFIED,OFFICIAL_SECTOR_BULK_SOURCE_NOT_FOUND,B,NO,NO,NO
22,WSSEC:WS:BVMF:PETR3,WS:BVMF:PETR3,BVMF,PETR3,BR_IBRX100,NOT_VERIFIED,OFFICIAL_SECTOR_BULK_SOURCE_NOT_FOUND,B,NO,NO,NO
23,WSSEC:WS:BVMF:PRIO3,WS:BVMF:PRIO3,BVMF,PRIO3,BR_IBRX100,NOT_VERIFIED,OFFICIAL_SECTOR_BULK_SOURCE_NOT_FOUND,B,NO,NO,NO
24,WSSEC:WS:BVMF:RADL3,WS:BVMF:RADL3,BVMF,RADL3,BR_IBRX100,NOT_VERIFIED,OFFICIAL_SECTOR_BULK_SOURCE_NOT_FOUND,B,NO,NO,NO
25,WSSEC:WS:BVMF:RAIL3,WS:BVMF:RAIL3,BVMF,RAIL3,BR_IBRX100,NOT_VERIFIED,OFFICIAL_SECTOR_BULK_SOURCE_NOT_FOUND,B,NO,NO,NO
26,WSSEC:WS:BVMF:RDOR3,WS:BVMF:RDOR3,BVMF,RDOR3,BR_IBRX100,NOT_VERIFIED,OFFICIAL_SECTOR_BULK_SOURCE_NOT_FOUND,B,NO,NO,NO
27,WSSEC:WS:BVMF:RENT3,WS:BVMF:RENT3,BVMF,RENT3,BR_IBRX100,NOT_VERIFIED,OFFICIAL_SECTOR_BULK_SOURCE_NOT_FOUND,B,NO,NO,NO
28,WSSEC:WS:BVMF:SBSP3,WS:BVMF:SBSP3,BVMF,SBSP3,BR_IBRX100,NOT_VERIFIED,OFFICIAL_SECTOR_BULK_SOURCE_NOT_FOUND,B,NO,NO,NO
29,WSSEC:WS:BVMF:SMFT3,WS:BVMF:SMFT3,BVMF,SMFT3,BR_IBRX100,NOT_VERIFIED,OFFICIAL_SECTOR_BULK_SOURCE_NOT_FOUND,B,NO,NO,NO
30,WSSEC:WS:BVMF:SUZB3,WS:BVMF:SUZB3,BVMF,SUZB3,BR_IBRX100,NOT_VERIFIED,OFFICIAL_SECTOR_BULK_SOURCE_NOT_FOUND,B,NO,NO,NO
31,WSSEC:WS:BVMF:TIMS3,WS:BVMF:TIMS3,BVMF,TIMS3,BR_IBRX100,NOT_VERIFIED,OFFICIAL_SECTOR_BULK_SOURCE_NOT_FOUND,B,NO,NO,NO
32,WSSEC:WS:BVMF:TOTS3,WS:BVMF:TOTS3,BVMF,TOTS3,BR_IBRX100,NOT_VERIFIED,OFFICIAL_SECTOR_BULK_SOURCE_NOT_FOUND,B,NO,NO,NO
33,WSSEC:WS:BVMF:UGPA3,WS:BVMF:UGPA3,BVMF,UGPA3,BR_IBRX100,NOT_VERIFIED,OFFICIAL_SECTOR_BULK_SOURCE_NOT_FOUND,B,NO,NO,NO
34,WSSEC:WS:BVMF:VALE3,WS:BVMF:VALE3,BVMF,VALE3,BR_IBRX100,NOT_VERIFIED,OFFICIAL_SECTOR_BULK_SOURCE_NOT_FOUND,B,NO,NO,NO
35,WSSEC:WS:BVMF:VBBR3,WS:BVMF:VBBR3,BVMF,VBBR3,BR_IBRX100,NOT_VERIFIED,OFFICIAL_SECTOR_BULK_SOURCE_NOT_FOUND,B,NO,NO,NO
36,WSSEC:WS:BVMF:VIVT3,WS:BVMF:VIVT3,BVMF,VIVT3,BR_IBRX100,NOT_VERIFIED,OFFICIAL_SECTOR_BULK_SOURCE_NOT_FOUND,B,NO,NO,NO
37,WSSEC:WS:BVMF:WEGE3,WS:BVMF:WEGE3,BVMF,WEGE3,BR_IBRX100,NOT_VERIFIED,OFFICIAL_SECTOR_BULK_SOURCE_NOT_FOUND,B,NO,NO,NO
38,WSSEC:WS:ISIN:INE002A01018,WS:ISIN:INE002A01018,XNSE,RELIANCE,IN_NIFTY50,NOT_VERIFIED,DETERMINISTIC_WS_ID_LINKAGE_NOT_VERIFIED,E,NO,NO,NO
39,WSSEC:WS:ISIN:INE009A01021,WS:ISIN:INE009A01021,XNSE,INFY,IN_NIFTY50,NOT_VERIFIED,DETERMINISTIC_WS_ID_LINKAGE_NOT_VERIFIED,E,NO,NO,NO
40,WSSEC:WS:ISIN:INE018A01030,WS:ISIN:INE018A01030,XNSE,LT,IN_NIFTY50,NOT_VERIFIED,DETERMINISTIC_WS_ID_LINKAGE_NOT_VERIFIED,E,NO,NO,NO
41,WSSEC:WS:ISIN:INE019A01038,WS:ISIN:INE019A01038,XNSE,JSWSTEEL,IN_NIFTY50,NOT_VERIFIED,DETERMINISTIC_WS_ID_LINKAGE_NOT_VERIFIED,E,NO,NO,NO
42,WSSEC:WS:ISIN:INE021A01026,WS:ISIN:INE021A01026,XNSE,ASIANPAINT,IN_NIFTY50,NOT_VERIFIED,DETERMINISTIC_WS_ID_LINKAGE_NOT_VERIFIED,E,NO,NO,NO
43,WSSEC:WS:ISIN:INE027H01010,WS:ISIN:INE027H01010,XNSE,MAXHEALTH,IN_NIFTY50,NOT_VERIFIED,DETERMINISTIC_WS_ID_LINKAGE_NOT_VERIFIED,E,NO,NO,NO
44,WSSEC:WS:ISIN:INE030A01027,WS:ISIN:INE030A01027,XNSE,HINDUNILVR,IN_NIFTY50,NOT_VERIFIED,DETERMINISTIC_WS_ID_LINKAGE_NOT_VERIFIED,E,NO,NO,NO
45,WSSEC:WS:ISIN:INE038A01020,WS:ISIN:INE038A01020,XNSE,HINDALCO,IN_NIFTY50,NOT_VERIFIED,DETERMINISTIC_WS_ID_LINKAGE_NOT_VERIFIED,E,NO,NO,NO
46,WSSEC:WS:ISIN:INE040A01034,WS:ISIN:INE040A01034,XNSE,HDFCBANK,IN_NIFTY50,NOT_VERIFIED,DETERMINISTIC_WS_ID_LINKAGE_NOT_VERIFIED,E,NO,NO,NO
47,WSSEC:WS:ISIN:INE044A01036,WS:ISIN:INE044A01036,XNSE,SUNPHARMA,IN_NIFTY50,NOT_VERIFIED,DETERMINISTIC_WS_ID_LINKAGE_NOT_VERIFIED,E,NO,NO,NO
48,WSSEC:WS:ISIN:INE047A01021,WS:ISIN:INE047A01021,XNSE,GRASIM,IN_NIFTY50,NOT_VERIFIED,DETERMINISTIC_WS_ID_LINKAGE_NOT_VERIFIED,E,NO,NO,NO
49,WSSEC:WS:ISIN:INE062A01020,WS:ISIN:INE062A01020,XNSE,SBIN,IN_NIFTY50,NOT_VERIFIED,DETERMINISTIC_WS_ID_LINKAGE_NOT_VERIFIED,E,NO,NO,NO
50,WSSEC:WS:ISIN:INE066A01021,WS:ISIN:INE066A01021,XNSE,EICHERMOT,IN_NIFTY50,NOT_VERIFIED,DETERMINISTIC_WS_ID_LINKAGE_NOT_VERIFIED,E,NO,NO,NO
51,WSSEC:WS:ISIN:INE081A01020,WS:ISIN:INE081A01020,XNSE,TATASTEEL,IN_NIFTY50,NOT_VERIFIED,DETERMINISTIC_WS_ID_LINKAGE_NOT_VERIFIED,E,NO,NO,NO
52,WSSEC:WS:ISIN:INE089A01031,WS:ISIN:INE089A01031,XNSE,DRREDDY,IN_NIFTY50,NOT_VERIFIED,DETERMINISTIC_WS_ID_LINKAGE_NOT_VERIFIED,E,NO,NO,NO
53,WSSEC:WS:ISIN:INE090A01021,WS:ISIN:INE090A01021,XNSE,ICICIBANK,IN_NIFTY50,NOT_VERIFIED,DETERMINISTIC_WS_ID_LINKAGE_NOT_VERIFIED,E,NO,NO,NO
54,WSSEC:WS:ISIN:INE101A01026,WS:ISIN:INE101A01026,XNSE,M&M,IN_NIFTY50,NOT_VERIFIED,DETERMINISTIC_WS_ID_LINKAGE_NOT_VERIFIED,E,NO,NO,NO
55,WSSEC:WS:ISIN:INE154A01025,WS:ISIN:INE154A01025,XNSE,ITC,IN_NIFTY50,NOT_VERIFIED,DETERMINISTIC_WS_ID_LINKAGE_NOT_VERIFIED,E,NO,NO,NO
56,WSSEC:WS:ISIN:INE155A01022,WS:ISIN:INE155A01022,XNSE,TMPV,IN_NIFTY50,NOT_VERIFIED,DETERMINISTIC_WS_ID_LINKAGE_NOT_VERIFIED,E,NO,NO,NO
57,WSSEC:WS:ISIN:INE213A01029,WS:ISIN:INE213A01029,XNSE,ONGC,IN_NIFTY50,NOT_VERIFIED,DETERMINISTIC_WS_ID_LINKAGE_NOT_VERIFIED,E,NO,NO,NO
58,WSSEC:WS:ISIN:INE237A01036,WS:ISIN:INE237A01036,XNSE,KOTAKBANK,IN_NIFTY50,NOT_VERIFIED,DETERMINISTIC_WS_ID_LINKAGE_NOT_VERIFIED,E,NO,NO,NO
59,WSSEC:WS:ISIN:INE238A01034,WS:ISIN:INE238A01034,XNSE,AXISBANK,IN_NIFTY50,NOT_VERIFIED,DETERMINISTIC_WS_ID_LINKAGE_NOT_VERIFIED,E,NO,NO,NO
60,WSSEC:WS:ISIN:INE239A01024,WS:ISIN:INE239A01024,XNSE,NESTLEIND,IN_NIFTY50,NOT_VERIFIED,DETERMINISTIC_WS_ID_LINKAGE_NOT_VERIFIED,E,NO,NO,NO
61,WSSEC:WS:ISIN:INE263A01024,WS:ISIN:INE263A01024,XNSE,BEL,IN_NIFTY50,NOT_VERIFIED,DETERMINISTIC_WS_ID_LINKAGE_NOT_VERIFIED,E,NO,NO,NO
62,WSSEC:WS:ISIN:INE280A01028,WS:ISIN:INE280A01028,XNSE,TITAN,IN_NIFTY50,NOT_VERIFIED,DETERMINISTIC_WS_ID_LINKAGE_NOT_VERIFIED,E,NO,NO,NO
63,WSSEC:WS:ISIN:INE296A01032,WS:ISIN:INE296A01032,XNSE,BAJFINANCE,IN_NIFTY50,NOT_VERIFIED,DETERMINISTIC_WS_ID_LINKAGE_NOT_VERIFIED,E,NO,NO,NO
64,WSSEC:WS:ISIN:INE397D01024,WS:ISIN:INE397D01024,XNSE,BHARTIARTL,IN_NIFTY50,NOT_VERIFIED,DETERMINISTIC_WS_ID_LINKAGE_NOT_VERIFIED,E,NO,NO,NO
65,WSSEC:WS:ISIN:INE423A01024,WS:ISIN:INE423A01024,XNSE,ADANIENT,IN_NIFTY50,NOT_VERIFIED,DETERMINISTIC_WS_ID_LINKAGE_NOT_VERIFIED,E,NO,NO,NO
66,WSSEC:WS:ISIN:INE437A01024,WS:ISIN:INE437A01024,XNSE,APOLLOHOSP,IN_NIFTY50,NOT_VERIFIED,DETERMINISTIC_WS_ID_LINKAGE_NOT_VERIFIED,E,NO,NO,NO
67,WSSEC:WS:ISIN:INE467B01029,WS:ISIN:INE467B01029,XNSE,TCS,IN_NIFTY50,NOT_VERIFIED,DETERMINISTIC_WS_ID_LINKAGE_NOT_VERIFIED,E,NO,NO,NO
68,WSSEC:WS:ISIN:INE481G01011,WS:ISIN:INE481G01011,XNSE,ULTRACEMCO,IN_NIFTY50,NOT_VERIFIED,DETERMINISTIC_WS_ID_LINKAGE_NOT_VERIFIED,E,NO,NO,NO
69,WSSEC:WS:ISIN:INE522F01014,WS:ISIN:INE522F01014,XNSE,COALINDIA,IN_NIFTY50,NOT_VERIFIED,DETERMINISTIC_WS_ID_LINKAGE_NOT_VERIFIED,E,NO,NO,NO
70,WSSEC:WS:ISIN:INE585B01010,WS:ISIN:INE585B01010,XNSE,MARUTI,IN_NIFTY50,NOT_VERIFIED,DETERMINISTIC_WS_ID_LINKAGE_NOT_VERIFIED,E,NO,NO,NO
71,WSSEC:WS:ISIN:INE646L01027,WS:ISIN:INE646L01027,XNSE,INDIGO,IN_NIFTY50,NOT_VERIFIED,DETERMINISTIC_WS_ID_LINKAGE_NOT_VERIFIED,E,NO,NO,NO
72,WSSEC:WS:ISIN:INE669C01036,WS:ISIN:INE669C01036,XNSE,TECHM,IN_NIFTY50,NOT_VERIFIED,DETERMINISTIC_WS_ID_LINKAGE_NOT_VERIFIED,E,NO,NO,NO
73,WSSEC:WS:ISIN:INE721A01047,WS:ISIN:INE721A01047,XNSE,SHRIRAMFIN,IN_NIFTY50,NOT_VERIFIED,DETERMINISTIC_WS_ID_LINKAGE_NOT_VERIFIED,E,NO,NO,NO
74,WSSEC:WS:ISIN:INE733E01010,WS:ISIN:INE733E01010,XNSE,NTPC,IN_NIFTY50,NOT_VERIFIED,DETERMINISTIC_WS_ID_LINKAGE_NOT_VERIFIED,E,NO,NO,NO
75,WSSEC:WS:ISIN:INE742F01042,WS:ISIN:INE742F01042,XNSE,ADANIPORTS,IN_NIFTY50,NOT_VERIFIED,DETERMINISTIC_WS_ID_LINKAGE_NOT_VERIFIED,E,NO,NO,NO
76,WSSEC:WS:ISIN:INE752E01010,WS:ISIN:INE752E01010,XNSE,POWERGRID,IN_NIFTY50,NOT_VERIFIED,DETERMINISTIC_WS_ID_LINKAGE_NOT_VERIFIED,E,NO,NO,NO
77,WSSEC:WS:ISIN:INE758E01017,WS:ISIN:INE758E01017,XNSE,JIOFIN,IN_NIFTY50,NOT_VERIFIED,DETERMINISTIC_WS_ID_LINKAGE_NOT_VERIFIED,E,NO,NO,NO
78,WSSEC:WS:ISIN:INE758T01015,WS:ISIN:INE758T01015,XNSE,ETERNAL,IN_NIFTY50,NOT_VERIFIED,DETERMINISTIC_WS_ID_LINKAGE_NOT_VERIFIED,E,NO,NO,NO
79,WSSEC:WS:ISIN:INE849A01020,WS:ISIN:INE849A01020,XNSE,TRENT,IN_NIFTY50,NOT_VERIFIED,DETERMINISTIC_WS_ID_LINKAGE_NOT_VERIFIED,E,NO,NO,NO
80,WSSEC:WS:ISIN:INE860A01027,WS:ISIN:INE860A01027,XNSE,HCLTECH,IN_NIFTY50,NOT_VERIFIED,DETERMINISTIC_WS_ID_LINKAGE_NOT_VERIFIED,E,NO,NO,NO
81,WSSEC:WS:ISIN:INE917I01010,WS:ISIN:INE917I01010,XNSE,BAJAJ-AUTO,IN_NIFTY50,NOT_VERIFIED,DETERMINISTIC_WS_ID_LINKAGE_NOT_VERIFIED,E,NO,NO,NO
82,WSSEC:WS:ISIN:INE918I01026,WS:ISIN:INE918I01026,XNSE,BAJAJFINSV,IN_NIFTY50,NOT_VERIFIED,DETERMINISTIC_WS_ID_LINKAGE_NOT_VERIFIED,E,NO,NO,NO
83,WSSEC:WS:ISIN:KYG022421088,WS:ISIN:KYG022421088,XTAI,3661,TW_TW50,NOT_VERIFIED,OFFICIAL_SECTOR_BULK_SOURCE_NOT_VERIFIED,B,NO,NO,NO
84,WSSEC:WS:ISIN:KYG114741062,WS:ISIN:KYG114741062,XTAI,3665,TW_TW50,NOT_VERIFIED,OFFICIAL_SECTOR_BULK_SOURCE_NOT_VERIFIED,B,NO,NO,NO
85,WSSEC:WS:ISIN:KYG989221000,WS:ISIN:KYG989221000,XTAI,4958,TW_TW50,NOT_VERIFIED,OFFICIAL_SECTOR_BULK_SOURCE_NOT_VERIFIED,B,NO,NO,NO
86,WSSEC:WS:ISIN:TW0001216000,WS:ISIN:TW0001216000,XTAI,1216,TW_TW50,NOT_VERIFIED,OFFICIAL_SECTOR_BULK_SOURCE_NOT_VERIFIED,B,NO,NO,NO
87,WSSEC:WS:ISIN:TW0001303006,WS:ISIN:TW0001303006,XTAI,1303,TW_TW50,NOT_VERIFIED,OFFICIAL_SECTOR_BULK_SOURCE_NOT_VERIFIED,B,NO,NO,NO
88,WSSEC:WS:ISIN:TW0002059003,WS:ISIN:TW0002059003,XTAI,2059,TW_TW50,NOT_VERIFIED,OFFICIAL_SECTOR_BULK_SOURCE_NOT_VERIFIED,B,NO,NO,NO
89,WSSEC:WS:ISIN:TW0002301009,WS:ISIN:TW0002301009,XTAI,2301,TW_TW50,NOT_VERIFIED,OFFICIAL_SECTOR_BULK_SOURCE_NOT_VERIFIED,B,NO,NO,NO
90,WSSEC:WS:ISIN:TW0002303005,WS:ISIN:TW0002303005,XTAI,2303,TW_TW50,NOT_VERIFIED,OFFICIAL_SECTOR_BULK_SOURCE_NOT_VERIFIED,B,NO,NO,NO
91,WSSEC:WS:ISIN:TW0002308004,WS:ISIN:TW0002308004,XTAI,2308,TW_TW50,NOT_VERIFIED,OFFICIAL_SECTOR_BULK_SOURCE_NOT_VERIFIED,B,NO,NO,NO
92,WSSEC:WS:ISIN:TW0002317005,WS:ISIN:TW0002317005,XTAI,2317,TW_TW50,NOT_VERIFIED,OFFICIAL_SECTOR_BULK_SOURCE_NOT_VERIFIED,B,NO,NO,NO
93,WSSEC:WS:ISIN:TW0002327004,WS:ISIN:TW0002327004,XTAI,2327,TW_TW50,NOT_VERIFIED,OFFICIAL_SECTOR_BULK_SOURCE_NOT_VERIFIED,B,NO,NO,NO
94,WSSEC:WS:ISIN:TW0002330008,WS:ISIN:TW0002330008,XTAI,2330,TW_TW50,NOT_VERIFIED,OFFICIAL_SECTOR_BULK_SOURCE_NOT_VERIFIED,B,NO,NO,NO
95,WSSEC:WS:ISIN:TW0002344009,WS:ISIN:TW0002344009,XTAI,2344,TW_TW50,NOT_VERIFIED,OFFICIAL_SECTOR_BULK_SOURCE_NOT_VERIFIED,B,NO,NO,NO
96,WSSEC:WS:ISIN:TW0002345006,WS:ISIN:TW0002345006,XTAI,2345,TW_TW50,NOT_VERIFIED,OFFICIAL_SECTOR_BULK_SOURCE_NOT_VERIFIED,B,NO,NO,NO
97,WSSEC:WS:ISIN:TW0002357001,WS:ISIN:TW0002357001,XTAI,2357,TW_TW50,NOT_VERIFIED,OFFICIAL_SECTOR_BULK_SOURCE_NOT_VERIFIED,B,NO,NO,NO
98,WSSEC:WS:ISIN:TW0002360005,WS:ISIN:TW0002360005,XTAI,2360,TW_TW50,NOT_VERIFIED,OFFICIAL_SECTOR_BULK_SOURCE_NOT_VERIFIED,B,NO,NO,NO
99,WSSEC:WS:ISIN:TW0002368008,WS:ISIN:TW0002368008,XTAI,2368,TW_TW50,NOT_VERIFIED,OFFICIAL_SECTOR_BULK_SOURCE_NOT_VERIFIED,B,NO,NO,NO
100,WSSEC:WS:ISIN:TW0002382009,WS:ISIN:TW0002382009,XTAI,2382,TW_TW50,NOT_VERIFIED,OFFICIAL_SECTOR_BULK_SOURCE_NOT_VERIFIED,B,NO,NO,NO
101,WSSEC:WS:ISIN:TW0002383007,WS:ISIN:TW0002383007,XTAI,2383,TW_TW50,NOT_VERIFIED,OFFICIAL_SECTOR_BULK_SOURCE_NOT_VERIFIED,B,NO,NO,NO
102,WSSEC:WS:ISIN:TW0002395001,WS:ISIN:TW0002395001,XTAI,2395,TW_TW50,NOT_VERIFIED,OFFICIAL_SECTOR_BULK_SOURCE_NOT_VERIFIED,B,NO,NO,NO
103,WSSEC:WS:ISIN:TW0002408002,WS:ISIN:TW0002408002,XTAI,2408,TW_TW50,NOT_VERIFIED,OFFICIAL_SECTOR_BULK_SOURCE_NOT_VERIFIED,B,NO,NO,NO
104,WSSEC:WS:ISIN:TW0002412004,WS:ISIN:TW0002412004,XTAI,2412,TW_TW50,NOT_VERIFIED,OFFICIAL_SECTOR_BULK_SOURCE_NOT_VERIFIED,B,NO,NO,NO
105,WSSEC:WS:ISIN:TW0002449006,WS:ISIN:TW0002449006,XTAI,2449,TW_TW50,NOT_VERIFIED,OFFICIAL_SECTOR_BULK_SOURCE_NOT_VERIFIED,B,NO,NO,NO
106,WSSEC:WS:ISIN:TW0002454006,WS:ISIN:TW0002454006,XTAI,2454,TW_TW50,NOT_VERIFIED,OFFICIAL_SECTOR_BULK_SOURCE_NOT_VERIFIED,B,NO,NO,NO
107,WSSEC:WS:ISIN:TW0002603008,WS:ISIN:TW0002603008,XTAI,2603,TW_TW50,NOT_VERIFIED,OFFICIAL_SECTOR_BULK_SOURCE_NOT_VERIFIED,B,NO,NO,NO
108,WSSEC:WS:ISIN:TW0002880002,WS:ISIN:TW0002880002,XTAI,2880,TW_TW50,NOT_VERIFIED,OFFICIAL_SECTOR_BULK_SOURCE_NOT_VERIFIED,B,NO,NO,NO
109,WSSEC:WS:ISIN:TW0002881000,WS:ISIN:TW0002881000,XTAI,2881,TW_TW50,NOT_VERIFIED,OFFICIAL_SECTOR_BULK_SOURCE_NOT_VERIFIED,B,NO,NO,NO
110,WSSEC:WS:ISIN:TW0002882008,WS:ISIN:TW0002882008,XTAI,2882,TW_TW50,NOT_VERIFIED,OFFICIAL_SECTOR_BULK_SOURCE_NOT_VERIFIED,B,NO,NO,NO
111,WSSEC:WS:ISIN:TW0002883006,WS:ISIN:TW0002883006,XTAI,2883,TW_TW50,NOT_VERIFIED,OFFICIAL_SECTOR_BULK_SOURCE_NOT_VERIFIED,B,NO,NO,NO
112,WSSEC:WS:ISIN:TW0002884004,WS:ISIN:TW0002884004,XTAI,2884,TW_TW50,NOT_VERIFIED,OFFICIAL_SECTOR_BULK_SOURCE_NOT_VERIFIED,B,NO,NO,NO
113,WSSEC:WS:ISIN:TW0002885001,WS:ISIN:TW0002885001,XTAI,2885,TW_TW50,NOT_VERIFIED,OFFICIAL_SECTOR_BULK_SOURCE_NOT_VERIFIED,B,NO,NO,NO
114,WSSEC:WS:ISIN:TW0002886009,WS:ISIN:TW0002886009,XTAI,2886,TW_TW50,NOT_VERIFIED,OFFICIAL_SECTOR_BULK_SOURCE_NOT_VERIFIED,B,NO,NO,NO
115,WSSEC:WS:ISIN:TW0002887007,WS:ISIN:TW0002887007,XTAI,2887,TW_TW50,NOT_VERIFIED,OFFICIAL_SECTOR_BULK_SOURCE_NOT_VERIFIED,B,NO,NO,NO
116,WSSEC:WS:ISIN:TW0002890001,WS:ISIN:TW0002890001,XTAI,2890,TW_TW50,NOT_VERIFIED,OFFICIAL_SECTOR_BULK_SOURCE_NOT_VERIFIED,B,NO,NO,NO
117,WSSEC:WS:ISIN:TW0002891009,WS:ISIN:TW0002891009,XTAI,2891,TW_TW50,NOT_VERIFIED,OFFICIAL_SECTOR_BULK_SOURCE_NOT_VERIFIED,B,NO,NO,NO
118,WSSEC:WS:ISIN:TW0002892007,WS:ISIN:TW0002892007,XTAI,2892,TW_TW50,NOT_VERIFIED,OFFICIAL_SECTOR_BULK_SOURCE_NOT_VERIFIED,B,NO,NO,NO
119,WSSEC:WS:ISIN:TW0003008009,WS:ISIN:TW0003008009,XTAI,3008,TW_TW50,NOT_VERIFIED,OFFICIAL_SECTOR_BULK_SOURCE_NOT_VERIFIED,B,NO,NO,NO
120,WSSEC:WS:ISIN:TW0003017000,WS:ISIN:TW0003017000,XTAI,3017,TW_TW50,NOT_VERIFIED,OFFICIAL_SECTOR_BULK_SOURCE_NOT_VERIFIED,B,NO,NO,NO
121,WSSEC:WS:ISIN:TW0003037008,WS:ISIN:TW0003037008,XTAI,3037,TW_TW50,NOT_VERIFIED,OFFICIAL_SECTOR_BULK_SOURCE_NOT_VERIFIED,B,NO,NO,NO
122,WSSEC:WS:ISIN:TW0003045001,WS:ISIN:TW0003045001,XTAI,3045,TW_TW50,NOT_VERIFIED,OFFICIAL_SECTOR_BULK_SOURCE_NOT_VERIFIED,B,NO,NO,NO
123,WSSEC:WS:ISIN:TW0003231007,WS:ISIN:TW0003231007,XTAI,3231,TW_TW50,NOT_VERIFIED,OFFICIAL_SECTOR_BULK_SOURCE_NOT_VERIFIED,B,NO,NO,NO
124,WSSEC:WS:ISIN:TW0003443008,WS:ISIN:TW0003443008,XTAI,3443,TW_TW50,NOT_VERIFIED,OFFICIAL_SECTOR_BULK_SOURCE_NOT_VERIFIED,B,NO,NO,NO
125,WSSEC:WS:ISIN:TW0003653002,WS:ISIN:TW0003653002,XTAI,3653,TW_TW50,NOT_VERIFIED,OFFICIAL_SECTOR_BULK_SOURCE_NOT_VERIFIED,B,NO,NO,NO
126,WSSEC:WS:ISIN:TW0004904008,WS:ISIN:TW0004904008,XTAI,4904,TW_TW50,NOT_VERIFIED,OFFICIAL_SECTOR_BULK_SOURCE_NOT_VERIFIED,B,NO,NO,NO
127,WSSEC:WS:ISIN:TW0006505001,WS:ISIN:TW0006505001,XTAI,6505,TW_TW50,NOT_VERIFIED,OFFICIAL_SECTOR_BULK_SOURCE_NOT_VERIFIED,B,NO,NO,NO
128,WSSEC:WS:ISIN:TW0008046004,WS:ISIN:TW0008046004,XTAI,8046,TW_TW50,NOT_VERIFIED,OFFICIAL_SECTOR_BULK_SOURCE_NOT_VERIFIED,B,NO,NO,NO
129,WSSEC:WS:XASX:ALD,WS:XASX:ALD,XASX,ALD,AU_SP_ASX200,NOT_VERIFIED,SOURCE_NATIVE_TAXONOMY_IDENTITY_NOT_VERIFIED,C,NO,NO,NO
130,WSSEC:WS:XASX:ALL,WS:XASX:ALL,XASX,ALL,AU_SP_ASX200,NOT_VERIFIED,SOURCE_NATIVE_TAXONOMY_IDENTITY_NOT_VERIFIED,C,NO,NO,NO
131,WSSEC:WS:XASX:ALQ,WS:XASX:ALQ,XASX,ALQ,AU_SP_ASX200,NOT_VERIFIED,SOURCE_NATIVE_TAXONOMY_IDENTITY_NOT_VERIFIED,C,NO,NO,NO
132,WSSEC:WS:XASX:ANZ,WS:XASX:ANZ,XASX,ANZ,AU_SP_ASX200,NOT_VERIFIED,SOURCE_NATIVE_TAXONOMY_IDENTITY_NOT_VERIFIED,C,NO,NO,NO
133,WSSEC:WS:XASX:ASX,WS:XASX:ASX,XASX,ASX,AU_SP_ASX200,NOT_VERIFIED,SOURCE_NATIVE_TAXONOMY_IDENTITY_NOT_VERIFIED,C,NO,NO,NO
134,WSSEC:WS:XASX:AZJ,WS:XASX:AZJ,XASX,AZJ,AU_SP_ASX200,NOT_VERIFIED,SOURCE_NATIVE_TAXONOMY_IDENTITY_NOT_VERIFIED,C,NO,NO,NO
135,WSSEC:WS:XASX:BHP,WS:XASX:BHP,XASX,BHP,AU_SP_ASX200,NOT_VERIFIED,SOURCE_NATIVE_TAXONOMY_IDENTITY_NOT_VERIFIED,C,NO,NO,NO
136,WSSEC:WS:XASX:BSL,WS:XASX:BSL,XASX,BSL,AU_SP_ASX200,NOT_VERIFIED,SOURCE_NATIVE_TAXONOMY_IDENTITY_NOT_VERIFIED,C,NO,NO,NO
137,WSSEC:WS:XASX:BXB,WS:XASX:BXB,XASX,BXB,AU_SP_ASX200,NOT_VERIFIED,SOURCE_NATIVE_TAXONOMY_IDENTITY_NOT_VERIFIED,C,NO,NO,NO
138,WSSEC:WS:XASX:CAR,WS:XASX:CAR,XASX,CAR,AU_SP_ASX200,NOT_VERIFIED,SOURCE_NATIVE_TAXONOMY_IDENTITY_NOT_VERIFIED,C,NO,NO,NO
139,WSSEC:WS:XASX:CBA,WS:XASX:CBA,XASX,CBA,AU_SP_ASX200,NOT_VERIFIED,SOURCE_NATIVE_TAXONOMY_IDENTITY_NOT_VERIFIED,C,NO,NO,NO
140,WSSEC:WS:XASX:CMM,WS:XASX:CMM,XASX,CMM,AU_SP_ASX200,NOT_VERIFIED,SOURCE_NATIVE_TAXONOMY_IDENTITY_NOT_VERIFIED,C,NO,NO,NO
141,WSSEC:WS:XASX:COH,WS:XASX:COH,XASX,COH,AU_SP_ASX200,NOT_VERIFIED,SOURCE_NATIVE_TAXONOMY_IDENTITY_NOT_VERIFIED,C,NO,NO,NO
142,WSSEC:WS:XASX:COL,WS:XASX:COL,XASX,COL,AU_SP_ASX200,NOT_VERIFIED,SOURCE_NATIVE_TAXONOMY_IDENTITY_NOT_VERIFIED,C,NO,NO,NO
143,WSSEC:WS:XASX:CPU,WS:XASX:CPU,XASX,CPU,AU_SP_ASX200,NOT_VERIFIED,SOURCE_NATIVE_TAXONOMY_IDENTITY_NOT_VERIFIED,C,NO,NO,NO
144,WSSEC:WS:XASX:CSL,WS:XASX:CSL,XASX,CSL,AU_SP_ASX200,NOT_VERIFIED,SOURCE_NATIVE_TAXONOMY_IDENTITY_NOT_VERIFIED,C,NO,NO,NO
145,WSSEC:WS:XASX:CWY,WS:XASX:CWY,XASX,CWY,AU_SP_ASX200,NOT_VERIFIED,SOURCE_NATIVE_TAXONOMY_IDENTITY_NOT_VERIFIED,C,NO,NO,NO
146,WSSEC:WS:XASX:EVN,WS:XASX:EVN,XASX,EVN,AU_SP_ASX200,NOT_VERIFIED,SOURCE_NATIVE_TAXONOMY_IDENTITY_NOT_VERIFIED,C,NO,NO,NO
147,WSSEC:WS:XASX:FMG,WS:XASX:FMG,XASX,FMG,AU_SP_ASX200,NOT_VERIFIED,SOURCE_NATIVE_TAXONOMY_IDENTITY_NOT_VERIFIED,C,NO,NO,NO
148,WSSEC:WS:XASX:GMD,WS:XASX:GMD,XASX,GMD,AU_SP_ASX200,NOT_VERIFIED,SOURCE_NATIVE_TAXONOMY_IDENTITY_NOT_VERIFIED,C,NO,NO,NO
149,WSSEC:WS:XASX:IAG,WS:XASX:IAG,XASX,IAG,AU_SP_ASX200,NOT_VERIFIED,SOURCE_NATIVE_TAXONOMY_IDENTITY_NOT_VERIFIED,C,NO,NO,NO
150,WSSEC:WS:XASX:IGO,WS:XASX:IGO,XASX,IGO,AU_SP_ASX200,NOT_VERIFIED,SOURCE_NATIVE_TAXONOMY_IDENTITY_NOT_VERIFIED,C,NO,NO,NO
151,WSSEC:WS:XASX:JBH,WS:XASX:JBH,XASX,JBH,AU_SP_ASX200,NOT_VERIFIED,SOURCE_NATIVE_TAXONOMY_IDENTITY_NOT_VERIFIED,C,NO,NO,NO
152,WSSEC:WS:XASX:LTR,WS:XASX:LTR,XASX,LTR,AU_SP_ASX200,NOT_VERIFIED,SOURCE_NATIVE_TAXONOMY_IDENTITY_NOT_VERIFIED,C,NO,NO,NO
153,WSSEC:WS:XASX:LYC,WS:XASX:LYC,XASX,LYC,AU_SP_ASX200,NOT_VERIFIED,SOURCE_NATIVE_TAXONOMY_IDENTITY_NOT_VERIFIED,C,NO,NO,NO
154,WSSEC:WS:XASX:MIN,WS:XASX:MIN,XASX,MIN,AU_SP_ASX200,NOT_VERIFIED,SOURCE_NATIVE_TAXONOMY_IDENTITY_NOT_VERIFIED,C,NO,NO,NO
155,WSSEC:WS:XASX:MP1,WS:XASX:MP1,XASX,MP1,AU_SP_ASX200,NOT_VERIFIED,SOURCE_NATIVE_TAXONOMY_IDENTITY_NOT_VERIFIED,C,NO,NO,NO
156,WSSEC:WS:XASX:MPL,WS:XASX:MPL,XASX,MPL,AU_SP_ASX200,NOT_VERIFIED,SOURCE_NATIVE_TAXONOMY_IDENTITY_NOT_VERIFIED,C,NO,NO,NO
157,WSSEC:WS:XASX:MQG,WS:XASX:MQG,XASX,MQG,AU_SP_ASX200,NOT_VERIFIED,SOURCE_NATIVE_TAXONOMY_IDENTITY_NOT_VERIFIED,C,NO,NO,NO
158,WSSEC:WS:XASX:NAB,WS:XASX:NAB,XASX,NAB,AU_SP_ASX200,NOT_VERIFIED,SOURCE_NATIVE_TAXONOMY_IDENTITY_NOT_VERIFIED,C,NO,NO,NO
159,WSSEC:WS:XASX:NST,WS:XASX:NST,XASX,NST,AU_SP_ASX200,NOT_VERIFIED,SOURCE_NATIVE_TAXONOMY_IDENTITY_NOT_VERIFIED,C,NO,NO,NO
160,WSSEC:WS:XASX:NXT,WS:XASX:NXT,XASX,NXT,AU_SP_ASX200,NOT_VERIFIED,SOURCE_NATIVE_TAXONOMY_IDENTITY_NOT_VERIFIED,C,NO,NO,NO
161,WSSEC:WS:XASX:ORG,WS:XASX:ORG,XASX,ORG,AU_SP_ASX200,NOT_VERIFIED,SOURCE_NATIVE_TAXONOMY_IDENTITY_NOT_VERIFIED,C,NO,NO,NO
162,WSSEC:WS:XASX:ORI,WS:XASX:ORI,XASX,ORI,AU_SP_ASX200,NOT_VERIFIED,SOURCE_NATIVE_TAXONOMY_IDENTITY_NOT_VERIFIED,C,NO,NO,NO
163,WSSEC:WS:XASX:PDN,WS:XASX:PDN,XASX,PDN,AU_SP_ASX200,NOT_VERIFIED,SOURCE_NATIVE_TAXONOMY_IDENTITY_NOT_VERIFIED,C,NO,NO,NO
164,WSSEC:WS:XASX:PLS,WS:XASX:PLS,XASX,PLS,AU_SP_ASX200,NOT_VERIFIED,SOURCE_NATIVE_TAXONOMY_IDENTITY_NOT_VERIFIED,C,NO,NO,NO
165,WSSEC:WS:XASX:PME,WS:XASX:PME,XASX,PME,AU_SP_ASX200,NOT_VERIFIED,SOURCE_NATIVE_TAXONOMY_IDENTITY_NOT_VERIFIED,C,NO,NO,NO
166,WSSEC:WS:XASX:PRU,WS:XASX:PRU,XASX,PRU,AU_SP_ASX200,NOT_VERIFIED,SOURCE_NATIVE_TAXONOMY_IDENTITY_NOT_VERIFIED,C,NO,NO,NO
167,WSSEC:WS:XASX:QAN,WS:XASX:QAN,XASX,QAN,AU_SP_ASX200,NOT_VERIFIED,SOURCE_NATIVE_TAXONOMY_IDENTITY_NOT_VERIFIED,C,NO,NO,NO
168,WSSEC:WS:XASX:QBE,WS:XASX:QBE,XASX,QBE,AU_SP_ASX200,NOT_VERIFIED,SOURCE_NATIVE_TAXONOMY_IDENTITY_NOT_VERIFIED,C,NO,NO,NO
169,WSSEC:WS:XASX:REA,WS:XASX:REA,XASX,REA,AU_SP_ASX200,NOT_VERIFIED,SOURCE_NATIVE_TAXONOMY_IDENTITY_NOT_VERIFIED,C,NO,NO,NO
170,WSSEC:WS:XASX:RHC,WS:XASX:RHC,XASX,RHC,AU_SP_ASX200,NOT_VERIFIED,SOURCE_NATIVE_TAXONOMY_IDENTITY_NOT_VERIFIED,C,NO,NO,NO
171,WSSEC:WS:XASX:RIO,WS:XASX:RIO,XASX,RIO,AU_SP_ASX200,NOT_VERIFIED,SOURCE_NATIVE_TAXONOMY_IDENTITY_NOT_VERIFIED,C,NO,NO,NO
172,WSSEC:WS:XASX:RMS,WS:XASX:RMS,XASX,RMS,AU_SP_ASX200,NOT_VERIFIED,SOURCE_NATIVE_TAXONOMY_IDENTITY_NOT_VERIFIED,C,NO,NO,NO
173,WSSEC:WS:XASX:RRL,WS:XASX:RRL,XASX,RRL,AU_SP_ASX200,NOT_VERIFIED,SOURCE_NATIVE_TAXONOMY_IDENTITY_NOT_VERIFIED,C,NO,NO,NO
174,WSSEC:WS:XASX:S32,WS:XASX:S32,XASX,S32,AU_SP_ASX200,NOT_VERIFIED,SOURCE_NATIVE_TAXONOMY_IDENTITY_NOT_VERIFIED,C,NO,NO,NO
175,WSSEC:WS:XASX:SDF,WS:XASX:SDF,XASX,SDF,AU_SP_ASX200,NOT_VERIFIED,SOURCE_NATIVE_TAXONOMY_IDENTITY_NOT_VERIFIED,C,NO,NO,NO
176,WSSEC:WS:XASX:SFR,WS:XASX:SFR,XASX,SFR,AU_SP_ASX200,NOT_VERIFIED,SOURCE_NATIVE_TAXONOMY_IDENTITY_NOT_VERIFIED,C,NO,NO,NO
177,WSSEC:WS:XASX:SHL,WS:XASX:SHL,XASX,SHL,AU_SP_ASX200,NOT_VERIFIED,SOURCE_NATIVE_TAXONOMY_IDENTITY_NOT_VERIFIED,C,NO,NO,NO
178,WSSEC:WS:XASX:SIG,WS:XASX:SIG,XASX,SIG,AU_SP_ASX200,NOT_VERIFIED,SOURCE_NATIVE_TAXONOMY_IDENTITY_NOT_VERIFIED,C,NO,NO,NO
179,WSSEC:WS:XASX:STO,WS:XASX:STO,XASX,STO,AU_SP_ASX200,NOT_VERIFIED,SOURCE_NATIVE_TAXONOMY_IDENTITY_NOT_VERIFIED,C,NO,NO,NO
180,WSSEC:WS:XASX:SUN,WS:XASX:SUN,XASX,SUN,AU_SP_ASX200,NOT_VERIFIED,SOURCE_NATIVE_TAXONOMY_IDENTITY_NOT_VERIFIED,C,NO,NO,NO
181,WSSEC:WS:XASX:TLC,WS:XASX:TLC,XASX,TLC,AU_SP_ASX200,NOT_VERIFIED,SOURCE_NATIVE_TAXONOMY_IDENTITY_NOT_VERIFIED,C,NO,NO,NO
182,WSSEC:WS:XASX:TLS,WS:XASX:TLS,XASX,TLS,AU_SP_ASX200,NOT_VERIFIED,SOURCE_NATIVE_TAXONOMY_IDENTITY_NOT_VERIFIED,C,NO,NO,NO
183,WSSEC:WS:XASX:TLX,WS:XASX:TLX,XASX,TLX,AU_SP_ASX200,NOT_VERIFIED,SOURCE_NATIVE_TAXONOMY_IDENTITY_NOT_VERIFIED,C,NO,NO,NO
184,WSSEC:WS:XASX:WBC,WS:XASX:WBC,XASX,WBC,AU_SP_ASX200,NOT_VERIFIED,SOURCE_NATIVE_TAXONOMY_IDENTITY_NOT_VERIFIED,C,NO,NO,NO
185,WSSEC:WS:XASX:WDS,WS:XASX:WDS,XASX,WDS,AU_SP_ASX200,NOT_VERIFIED,SOURCE_NATIVE_TAXONOMY_IDENTITY_NOT_VERIFIED,C,NO,NO,NO
186,WSSEC:WS:XASX:WES,WS:XASX:WES,XASX,WES,AU_SP_ASX200,NOT_VERIFIED,SOURCE_NATIVE_TAXONOMY_IDENTITY_NOT_VERIFIED,C,NO,NO,NO
187,WSSEC:WS:XASX:WGX,WS:XASX:WGX,XASX,WGX,AU_SP_ASX200,NOT_VERIFIED,SOURCE_NATIVE_TAXONOMY_IDENTITY_NOT_VERIFIED,C,NO,NO,NO
188,WSSEC:WS:XASX:WHC,WS:XASX:WHC,XASX,WHC,AU_SP_ASX200,NOT_VERIFIED,SOURCE_NATIVE_TAXONOMY_IDENTITY_NOT_VERIFIED,C,NO,NO,NO
189,WSSEC:WS:XASX:WOW,WS:XASX:WOW,XASX,WOW,AU_SP_ASX200,NOT_VERIFIED,SOURCE_NATIVE_TAXONOMY_IDENTITY_NOT_VERIFIED,C,NO,NO,NO
190,WSSEC:WS:XASX:WTC,WS:XASX:WTC,XASX,WTC,AU_SP_ASX200,NOT_VERIFIED,SOURCE_NATIVE_TAXONOMY_IDENTITY_NOT_VERIFIED,C,NO,NO,NO
191,WSSEC:WS:XASX:ZIP,WS:XASX:ZIP,XASX,ZIP,AU_SP_ASX200,NOT_VERIFIED,SOURCE_NATIVE_TAXONOMY_IDENTITY_NOT_VERIFIED,C,NO,NO,NO
192,WSSEC:WS:XNAS:AAL,WS:XNAS:AAL,XNAS,AAL,US_SP400,NOT_VERIFIED,DETERMINISTIC_WS_ID_LINKAGE_NOT_VERIFIED,E,NO,NO,NO
193,WSSEC:WS:XNAS:AAON,WS:XNAS:AAON,XNAS,AAON,US_SP400,NOT_VERIFIED,DETERMINISTIC_WS_ID_LINKAGE_NOT_VERIFIED,E,NO,NO,NO
194,WSSEC:WS:XNAS:AAPL,WS:XNAS:AAPL,XNAS,AAPL,US_SP500,NOT_VERIFIED,DETERMINISTIC_WS_ID_LINKAGE_NOT_VERIFIED,E,NO,NO,NO
195,WSSEC:WS:XNAS:ABNB,WS:XNAS:ABNB,XNAS,ABNB,US_SP500,NOT_VERIFIED,DETERMINISTIC_WS_ID_LINKAGE_NOT_VERIFIED,E,NO,NO,NO
196,WSSEC:WS:XNAS:ADBE,WS:XNAS:ADBE,XNAS,ADBE,US_SP500,NOT_VERIFIED,DETERMINISTIC_WS_ID_LINKAGE_NOT_VERIFIED,E,NO,NO,NO
197,WSSEC:WS:XNAS:ADI,WS:XNAS:ADI,XNAS,ADI,US_SP500,NOT_VERIFIED,DETERMINISTIC_WS_ID_LINKAGE_NOT_VERIFIED,E,NO,NO,NO
198,WSSEC:WS:XNAS:ADP,WS:XNAS:ADP,XNAS,ADP,US_SP500,NOT_VERIFIED,DETERMINISTIC_WS_ID_LINKAGE_NOT_VERIFIED,E,NO,NO,NO
199,WSSEC:WS:XNAS:ADSK,WS:XNAS:ADSK,XNAS,ADSK,US_SP500,NOT_VERIFIED,DETERMINISTIC_WS_ID_LINKAGE_NOT_VERIFIED,E,NO,NO,NO
200,WSSEC:WS:XNAS:AEIS,WS:XNAS:AEIS,XNAS,AEIS,US_SP400,NOT_VERIFIED,DETERMINISTIC_WS_ID_LINKAGE_NOT_VERIFIED,E,NO,NO,NO
201,WSSEC:WS:XNAS:AKAM,WS:XNAS:AKAM,XNAS,AKAM,US_SP500,NOT_VERIFIED,DETERMINISTIC_WS_ID_LINKAGE_NOT_VERIFIED,E,NO,NO,NO
202,WSSEC:WS:XNAS:ALGM,WS:XNAS:ALGM,XNAS,ALGM,US_SP400,NOT_VERIFIED,DETERMINISTIC_WS_ID_LINKAGE_NOT_VERIFIED,E,NO,NO,NO
203,WSSEC:WS:XNAS:ALGN,WS:XNAS:ALGN,XNAS,ALGN,US_SP500,NOT_VERIFIED,DETERMINISTIC_WS_ID_LINKAGE_NOT_VERIFIED,E,NO,NO,NO
204,WSSEC:WS:XNAS:AMAT,WS:XNAS:AMAT,XNAS,AMAT,US_SP500,NOT_VERIFIED,DETERMINISTIC_WS_ID_LINKAGE_NOT_VERIFIED,E,NO,NO,NO
205,WSSEC:WS:XNAS:AMGN,WS:XNAS:AMGN,XNAS,AMGN,US_SP500,NOT_VERIFIED,DETERMINISTIC_WS_ID_LINKAGE_NOT_VERIFIED,E,NO,NO,NO
206,WSSEC:WS:XNAS:AMKR,WS:XNAS:AMKR,XNAS,AMKR,US_SP400,NOT_VERIFIED,DETERMINISTIC_WS_ID_LINKAGE_NOT_VERIFIED,E,NO,NO,NO
207,WSSEC:WS:XNAS:AMZN,WS:XNAS:AMZN,XNAS,AMZN,US_SP500,NOT_VERIFIED,DETERMINISTIC_WS_ID_LINKAGE_NOT_VERIFIED,E,NO,NO,NO
208,WSSEC:WS:XNAS:APP,WS:XNAS:APP,XNAS,APP,US_SP500,NOT_VERIFIED,DETERMINISTIC_WS_ID_LINKAGE_NOT_VERIFIED,E,NO,NO,NO
209,WSSEC:WS:XNAS:APPF,WS:XNAS:APPF,XNAS,APPF,US_SP400,NOT_VERIFIED,DETERMINISTIC_WS_ID_LINKAGE_NOT_VERIFIED,E,NO,NO,NO
210,WSSEC:WS:XNAS:ARWR,WS:XNAS:ARWR,XNAS,ARWR,US_SP400,NOT_VERIFIED,DETERMINISTIC_WS_ID_LINKAGE_NOT_VERIFIED,E,NO,NO,NO
211,WSSEC:WS:XNAS:AVAV,WS:XNAS:AVAV,XNAS,AVAV,US_SP400,NOT_VERIFIED,DETERMINISTIC_WS_ID_LINKAGE_NOT_VERIFIED,E,NO,NO,NO
212,WSSEC:WS:XNAS:AVGO,WS:XNAS:AVGO,XNAS,AVGO,US_SP500,NOT_VERIFIED,DETERMINISTIC_WS_ID_LINKAGE_NOT_VERIFIED,E,NO,NO,NO
213,WSSEC:WS:XNAS:AVT,WS:XNAS:AVT,XNAS,AVT,US_SP400,NOT_VERIFIED,DETERMINISTIC_WS_ID_LINKAGE_NOT_VERIFIED,E,NO,NO,NO
214,WSSEC:WS:XNAS:BHF,WS:XNAS:BHF,XNAS,BHF,US_SP400,NOT_VERIFIED,DETERMINISTIC_WS_ID_LINKAGE_NOT_VERIFIED,E,NO,NO,NO
215,WSSEC:WS:XNAS:BIIB,WS:XNAS:BIIB,XNAS,BIIB,US_SP500,NOT_VERIFIED,DETERMINISTIC_WS_ID_LINKAGE_NOT_VERIFIED,E,NO,NO,NO
216,WSSEC:WS:XNAS:BKNG,WS:XNAS:BKNG,XNAS,BKNG,US_SP500,NOT_VERIFIED,DETERMINISTIC_WS_ID_LINKAGE_NOT_VERIFIED,E,NO,NO,NO
217,WSSEC:WS:XNAS:BMRN,WS:XNAS:BMRN,XNAS,BMRN,US_SP400,NOT_VERIFIED,DETERMINISTIC_WS_ID_LINKAGE_NOT_VERIFIED,E,NO,NO,NO
218,WSSEC:WS:XNAS:BRKR,WS:XNAS:BRKR,XNAS,BRKR,US_SP400,NOT_VERIFIED,DETERMINISTIC_WS_ID_LINKAGE_NOT_VERIFIED,E,NO,NO,NO
219,WSSEC:WS:XNAS:BSY,WS:XNAS:BSY,XNAS,BSY,US_SP400,NOT_VERIFIED,DETERMINISTIC_WS_ID_LINKAGE_NOT_VERIFIED,E,NO,NO,NO
220,WSSEC:WS:XNAS:BTSG,WS:XNAS:BTSG,XNAS,BTSG,US_SP400,NOT_VERIFIED,DETERMINISTIC_WS_ID_LINKAGE_NOT_VERIFIED,E,NO,NO,NO
221,WSSEC:WS:XNAS:CAR,WS:XNAS:CAR,XNAS,CAR,US_SP400,NOT_VERIFIED,DETERMINISTIC_WS_ID_LINKAGE_NOT_VERIFIED,E,NO,NO,NO
222,WSSEC:WS:XNAS:CART,WS:XNAS:CART,XNAS,CART,US_SP400,NOT_VERIFIED,DETERMINISTIC_WS_ID_LINKAGE_NOT_VERIFIED,E,NO,NO,NO
223,WSSEC:WS:XNAS:CASY,WS:XNAS:CASY,XNAS,CASY,US_SP500,NOT_VERIFIED,DETERMINISTIC_WS_ID_LINKAGE_NOT_VERIFIED,E,NO,NO,NO
224,WSSEC:WS:XNAS:CBOE,WS:XNAS:CBOE,XNAS,CBOE,US_SP500,NOT_VERIFIED,DETERMINISTIC_WS_ID_LINKAGE_NOT_VERIFIED,E,NO,NO,NO
225,WSSEC:WS:XNAS:CBSH,WS:XNAS:CBSH,XNAS,CBSH,US_SP400,NOT_VERIFIED,DETERMINISTIC_WS_ID_LINKAGE_NOT_VERIFIED,E,NO,NO,NO
226,WSSEC:WS:XNAS:CDNS,WS:XNAS:CDNS,XNAS,CDNS,US_SP500,NOT_VERIFIED,DETERMINISTIC_WS_ID_LINKAGE_NOT_VERIFIED,E,NO,NO,NO
227,WSSEC:WS:XNAS:CDW,WS:XNAS:CDW,XNAS,CDW,US_SP500,NOT_VERIFIED,DETERMINISTIC_WS_ID_LINKAGE_NOT_VERIFIED,E,NO,NO,NO
228,WSSEC:WS:XNAS:CELH,WS:XNAS:CELH,XNAS,CELH,US_SP400,NOT_VERIFIED,DETERMINISTIC_WS_ID_LINKAGE_NOT_VERIFIED,E,NO,NO,NO
229,WSSEC:WS:XNAS:CG,WS:XNAS:CG,XNAS,CG,US_SP400,NOT_VERIFIED,DETERMINISTIC_WS_ID_LINKAGE_NOT_VERIFIED,E,NO,NO,NO
230,WSSEC:WS:XNAS:CGNX,WS:XNAS:CGNX,XNAS,CGNX,US_SP400,NOT_VERIFIED,DETERMINISTIC_WS_ID_LINKAGE_NOT_VERIFIED,E,NO,NO,NO
231,WSSEC:WS:XNAS:CHDN,WS:XNAS:CHDN,XNAS,CHDN,US_SP400,NOT_VERIFIED,DETERMINISTIC_WS_ID_LINKAGE_NOT_VERIFIED,E,NO,NO,NO
232,WSSEC:WS:XNAS:CHRD,WS:XNAS:CHRD,XNAS,CHRD,US_SP400,NOT_VERIFIED,DETERMINISTIC_WS_ID_LINKAGE_NOT_VERIFIED,E,NO,NO,NO
233,WSSEC:WS:XNAS:CHRW,WS:XNAS:CHRW,XNAS,CHRW,US_SP500,NOT_VERIFIED,DETERMINISTIC_WS_ID_LINKAGE_NOT_VERIFIED,E,NO,NO,NO
234,WSSEC:WS:XNAS:CINF,WS:XNAS:CINF,XNAS,CINF,US_SP500,NOT_VERIFIED,DETERMINISTIC_WS_ID_LINKAGE_NOT_VERIFIED,E,NO,NO,NO
235,WSSEC:WS:XNAS:CME,WS:XNAS:CME,XNAS,CME,US_SP500,NOT_VERIFIED,DETERMINISTIC_WS_ID_LINKAGE_NOT_VERIFIED,E,NO,NO,NO
236,WSSEC:WS:XNAS:COIN,WS:XNAS:COIN,XNAS,COIN,US_SP500,NOT_VERIFIED,DETERMINISTIC_WS_ID_LINKAGE_NOT_VERIFIED,E,NO,NO,NO
237,WSSEC:WS:XNAS:COKE,WS:XNAS:COKE,XNAS,COKE,US_SP400,NOT_VERIFIED,DETERMINISTIC_WS_ID_LINKAGE_NOT_VERIFIED,E,NO,NO,NO
238,WSSEC:WS:XNAS:COLB,WS:XNAS:COLB,XNAS,COLB,US_SP400,NOT_VERIFIED,DETERMINISTIC_WS_ID_LINKAGE_NOT_VERIFIED,E,NO,NO,NO
239,WSSEC:WS:XNAS:COLM,WS:XNAS:COLM,XNAS,COLM,US_SP400,NOT_VERIFIED,DETERMINISTIC_WS_ID_LINKAGE_NOT_VERIFIED,E,NO,NO,NO
240,WSSEC:WS:XNAS:COST,WS:XNAS:COST,XNAS,COST,US_SP500,NOT_VERIFIED,DETERMINISTIC_WS_ID_LINKAGE_NOT_VERIFIED,E,NO,NO,NO
241,WSSEC:WS:XNAS:CPRT,WS:XNAS:CPRT,XNAS,CPRT,US_SP500,NOT_VERIFIED,DETERMINISTIC_WS_ID_LINKAGE_NOT_VERIFIED,E,NO,NO,NO
242,WSSEC:WS:XNAS:CROX,WS:XNAS:CROX,XNAS,CROX,US_SP400,NOT_VERIFIED,DETERMINISTIC_WS_ID_LINKAGE_NOT_VERIFIED,E,NO,NO,NO
243,WSSEC:WS:XNAS:CRUS,WS:XNAS:CRUS,XNAS,CRUS,US_SP400,NOT_VERIFIED,DETERMINISTIC_WS_ID_LINKAGE_NOT_VERIFIED,E,NO,NO,NO
244,WSSEC:WS:XNAS:CRWD,WS:XNAS:CRWD,XNAS,CRWD,US_SP500,NOT_VERIFIED,DETERMINISTIC_WS_ID_LINKAGE_NOT_VERIFIED,E,NO,NO,NO
245,WSSEC:WS:XNAS:CSCO,WS:XNAS:CSCO,XNAS,CSCO,US_SP500,NOT_VERIFIED,DETERMINISTIC_WS_ID_LINKAGE_NOT_VERIFIED,E,NO,NO,NO
246,WSSEC:WS:XNAS:CTAS,WS:XNAS:CTAS,XNAS,CTAS,US_SP500,NOT_VERIFIED,DETERMINISTIC_WS_ID_LINKAGE_NOT_VERIFIED,E,NO,NO,NO
247,WSSEC:WS:XNAS:CTSH,WS:XNAS:CTSH,XNAS,CTSH,US_SP500,NOT_VERIFIED,DETERMINISTIC_WS_ID_LINKAGE_NOT_VERIFIED,E,NO,NO,NO
248,WSSEC:WS:XNAS:CVLT,WS:XNAS:CVLT,XNAS,CVLT,US_SP400,NOT_VERIFIED,DETERMINISTIC_WS_ID_LINKAGE_NOT_VERIFIED,E,NO,NO,NO
249,WSSEC:WS:XNAS:CYTK,WS:XNAS:CYTK,XNAS,CYTK,US_SP400,NOT_VERIFIED,DETERMINISTIC_WS_ID_LINKAGE_NOT_VERIFIED,E,NO,NO,NO
250,WSSEC:WS:XNAS:DBX,WS:XNAS:DBX,XNAS,DBX,US_SP400,NOT_VERIFIED,DETERMINISTIC_WS_ID_LINKAGE_NOT_VERIFIED,E,NO,NO,NO
251,WSSEC:WS:XNAS:DDOG,WS:XNAS:DDOG,XNAS,DDOG,US_SP500,NOT_VERIFIED,DETERMINISTIC_WS_ID_LINKAGE_NOT_VERIFIED,E,NO,NO,NO
252,WSSEC:WS:XNAS:DLTR,WS:XNAS:DLTR,XNAS,DLTR,US_SP500,NOT_VERIFIED,DETERMINISTIC_WS_ID_LINKAGE_NOT_VERIFIED,E,NO,NO,NO
253,WSSEC:WS:XNAS:DOCU,WS:XNAS:DOCU,XNAS,DOCU,US_SP400,NOT_VERIFIED,DETERMINISTIC_WS_ID_LINKAGE_NOT_VERIFIED,E,NO,NO,NO
254,WSSEC:WS:XNAS:DUOL,WS:XNAS:DUOL,XNAS,DUOL,US_SP400,NOT_VERIFIED,DETERMINISTIC_WS_ID_LINKAGE_NOT_VERIFIED,E,NO,NO,NO
255,WSSEC:WS:XNAS:DXCM,WS:XNAS:DXCM,XNAS,DXCM,US_SP500,NOT_VERIFIED,DETERMINISTIC_WS_ID_LINKAGE_NOT_VERIFIED,E,NO,NO,NO
256,WSSEC:WS:XNAS:EBAY,WS:XNAS:EBAY,XNAS,EBAY,US_SP500,NOT_VERIFIED,DETERMINISTIC_WS_ID_LINKAGE_NOT_VERIFIED,E,NO,NO,NO
257,WSSEC:WS:XNAS:ECHO,WS:XNAS:ECHO,XNAS,ECHO,US_SP500,NOT_VERIFIED,DETERMINISTIC_WS_ID_LINKAGE_NOT_VERIFIED,E,NO,NO,NO
258,WSSEC:WS:XNAS:EEFT,WS:XNAS:EEFT,XNAS,EEFT,US_SP400,NOT_VERIFIED,DETERMINISTIC_WS_ID_LINKAGE_NOT_VERIFIED,E,NO,NO,NO
259,WSSEC:WS:XNAS:ENSG,WS:XNAS:ENSG,XNAS,ENSG,US_SP400,NOT_VERIFIED,DETERMINISTIC_WS_ID_LINKAGE_NOT_VERIFIED,E,NO,NO,NO
260,WSSEC:WS:XNAS:ENTG,WS:XNAS:ENTG,XNAS,ENTG,US_SP400,NOT_VERIFIED,DETERMINISTIC_WS_ID_LINKAGE_NOT_VERIFIED,E,NO,NO,NO
261,WSSEC:WS:XNAS:EWBC,WS:XNAS:EWBC,XNAS,EWBC,US_SP400,NOT_VERIFIED,DETERMINISTIC_WS_ID_LINKAGE_NOT_VERIFIED,E,NO,NO,NO
262,WSSEC:WS:XNAS:EXEL,WS:XNAS:EXEL,XNAS,EXEL,US_SP400,NOT_VERIFIED,DETERMINISTIC_WS_ID_LINKAGE_NOT_VERIFIED,E,NO,NO,NO
263,WSSEC:WS:XNAS:EXLS,WS:XNAS:EXLS,XNAS,EXLS,US_SP400,NOT_VERIFIED,DETERMINISTIC_WS_ID_LINKAGE_NOT_VERIFIED,E,NO,NO,NO
264,WSSEC:WS:XNAS:EXPD,WS:XNAS:EXPD,XNAS,EXPD,US_SP500,NOT_VERIFIED,DETERMINISTIC_WS_ID_LINKAGE_NOT_VERIFIED,E,NO,NO,NO
265,WSSEC:WS:XNAS:EXPE,WS:XNAS:EXPE,XNAS,EXPE,US_SP500,NOT_VERIFIED,DETERMINISTIC_WS_ID_LINKAGE_NOT_VERIFIED,E,NO,NO,NO
266,WSSEC:WS:XNAS:EXPO,WS:XNAS:EXPO,XNAS,EXPO,US_SP400,NOT_VERIFIED,DETERMINISTIC_WS_ID_LINKAGE_NOT_VERIFIED,E,NO,NO,NO
267,WSSEC:WS:XNAS:FANG,WS:XNAS:FANG,XNAS,FANG,US_SP500,NOT_VERIFIED,DETERMINISTIC_WS_ID_LINKAGE_NOT_VERIFIED,E,NO,NO,NO
268,WSSEC:WS:XNAS:FAST,WS:XNAS:FAST,XNAS,FAST,US_SP500,NOT_VERIFIED,DETERMINISTIC_WS_ID_LINKAGE_NOT_VERIFIED,E,NO,NO,NO
269,WSSEC:WS:XNAS:FCFS,WS:XNAS:FCFS,XNAS,FCFS,US_SP400,NOT_VERIFIED,DETERMINISTIC_WS_ID_LINKAGE_NOT_VERIFIED,E,NO,NO,NO
270,WSSEC:WS:XNAS:FFIN,WS:XNAS:FFIN,XNAS,FFIN,US_SP400,NOT_VERIFIED,DETERMINISTIC_WS_ID_LINKAGE_NOT_VERIFIED,E,NO,NO,NO
271,WSSEC:WS:XNAS:FFIV,WS:XNAS:FFIV,XNAS,FFIV,US_SP500,NOT_VERIFIED,DETERMINISTIC_WS_ID_LINKAGE_NOT_VERIFIED,E,NO,NO,NO
272,WSSEC:WS:XNAS:FISV,WS:XNAS:FISV,XNAS,FISV,US_SP500,NOT_VERIFIED,DETERMINISTIC_WS_ID_LINKAGE_NOT_VERIFIED,E,NO,NO,NO
273,WSSEC:WS:XNAS:FIVE,WS:XNAS:FIVE,XNAS,FIVE,US_SP400,NOT_VERIFIED,DETERMINISTIC_WS_ID_LINKAGE_NOT_VERIFIED,E,NO,NO,NO
274,WSSEC:WS:XNAS:FSLR,WS:XNAS:FSLR,XNAS,FSLR,US_SP500,NOT_VERIFIED,DETERMINISTIC_WS_ID_LINKAGE_NOT_VERIFIED,E,NO,NO,NO
275,WSSEC:WS:XNAS:FTNT,WS:XNAS:FTNT,XNAS,FTNT,US_SP500,NOT_VERIFIED,DETERMINISTIC_WS_ID_LINKAGE_NOT_VERIFIED,E,NO,NO,NO
276,WSSEC:WS:XNAS:GEHC,WS:XNAS:GEHC,XNAS,GEHC,US_SP500,NOT_VERIFIED,DETERMINISTIC_WS_ID_LINKAGE_NOT_VERIFIED,E,NO,NO,NO
277,WSSEC:WS:XNAS:GILD,WS:XNAS:GILD,XNAS,GILD,US_SP500,NOT_VERIFIED,DETERMINISTIC_WS_ID_LINKAGE_NOT_VERIFIED,E,NO,NO,NO
278,WSSEC:WS:XNAS:GNTX,WS:XNAS:GNTX,XNAS,GNTX,US_SP400,NOT_VERIFIED,DETERMINISTIC_WS_ID_LINKAGE_NOT_VERIFIED,E,NO,NO,NO
279,WSSEC:WS:XNAS:HALO,WS:XNAS:HALO,XNAS,HALO,US_SP400,NOT_VERIFIED,DETERMINISTIC_WS_ID_LINKAGE_NOT_VERIFIED,E,NO,NO,NO
280,WSSEC:WS:XNAS:HAS,WS:XNAS:HAS,XNAS,HAS,US_SP500,NOT_VERIFIED,DETERMINISTIC_WS_ID_LINKAGE_NOT_VERIFIED,E,NO,NO,NO
281,WSSEC:WS:XNAS:HLNE,WS:XNAS:HLNE,XNAS,HLNE,US_SP400,NOT_VERIFIED,DETERMINISTIC_WS_ID_LINKAGE_NOT_VERIFIED,E,NO,NO,NO
282,WSSEC:WS:XNAS:HOOD,WS:XNAS:HOOD,XNAS,HOOD,US_SP500,NOT_VERIFIED,DETERMINISTIC_WS_ID_LINKAGE_NOT_VERIFIED,E,NO,NO,NO
283,WSSEC:WS:XNAS:HQY,WS:XNAS:HQY,XNAS,HQY,US_SP400,NOT_VERIFIED,DETERMINISTIC_WS_ID_LINKAGE_NOT_VERIFIED,E,NO,NO,NO
284,WSSEC:WS:XNAS:HSIC,WS:XNAS:HSIC,XNAS,HSIC,US_SP500,NOT_VERIFIED,DETERMINISTIC_WS_ID_LINKAGE_NOT_VERIFIED,E,NO,NO,NO
285,WSSEC:WS:XNAS:HWC,WS:XNAS:HWC,XNAS,HWC,US_SP400,NOT_VERIFIED,DETERMINISTIC_WS_ID_LINKAGE_NOT_VERIFIED,E,NO,NO,NO
286,WSSEC:WS:XNAS:IBKR,WS:XNAS:IBKR,XNAS,IBKR,US_SP500,NOT_VERIFIED,DETERMINISTIC_WS_ID_LINKAGE_NOT_VERIFIED,E,NO,NO,NO
287,WSSEC:WS:XNAS:IBOC,WS:XNAS:IBOC,XNAS,IBOC,US_SP400,NOT_VERIFIED,DETERMINISTIC_WS_ID_LINKAGE_NOT_VERIFIED,E,NO,NO,NO
288,WSSEC:WS:XNAS:IDCC,WS:XNAS:IDCC,XNAS,IDCC,US_SP400,NOT_VERIFIED,DETERMINISTIC_WS_ID_LINKAGE_NOT_VERIFIED,E,NO,NO,NO
289,WSSEC:WS:XNAS:IDXX,WS:XNAS:IDXX,XNAS,IDXX,US_SP500,NOT_VERIFIED,DETERMINISTIC_WS_ID_LINKAGE_NOT_VERIFIED,E,NO,NO,NO
290,WSSEC:WS:XNAS:IESC,WS:XNAS:IESC,XNAS,IESC,US_SP400,NOT_VERIFIED,DETERMINISTIC_WS_ID_LINKAGE_NOT_VERIFIED,E,NO,NO,NO
291,WSSEC:WS:XNAS:ILMN,WS:XNAS:ILMN,XNAS,ILMN,US_SP400,NOT_VERIFIED,DETERMINISTIC_WS_ID_LINKAGE_NOT_VERIFIED,E,NO,NO,NO
292,WSSEC:WS:XNAS:INCY,WS:XNAS:INCY,XNAS,INCY,US_SP500,NOT_VERIFIED,DETERMINISTIC_WS_ID_LINKAGE_NOT_VERIFIED,E,NO,NO,NO
293,WSSEC:WS:XNAS:INTC,WS:XNAS:INTC,XNAS,INTC,US_SP500,NOT_VERIFIED,DETERMINISTIC_WS_ID_LINKAGE_NOT_VERIFIED,E,NO,NO,NO
294,WSSEC:WS:XNAS:INTU,WS:XNAS:INTU,XNAS,INTU,US_SP500,NOT_VERIFIED,DETERMINISTIC_WS_ID_LINKAGE_NOT_VERIFIED,E,NO,NO,NO
295,WSSEC:WS:XNAS:IPGP,WS:XNAS:IPGP,XNAS,IPGP,US_SP400,NOT_VERIFIED,DETERMINISTIC_WS_ID_LINKAGE_NOT_VERIFIED,E,NO,NO,NO
296,WSSEC:WS:XNAS:ISRG,WS:XNAS:ISRG,XNAS,ISRG,US_SP500,NOT_VERIFIED,DETERMINISTIC_WS_ID_LINKAGE_NOT_VERIFIED,E,NO,NO,NO
297,WSSEC:WS:XNAS:JAZZ,WS:XNAS:JAZZ,XNAS,JAZZ,US_SP400,NOT_VERIFIED,DETERMINISTIC_WS_ID_LINKAGE_NOT_VERIFIED,E,NO,NO,NO
298,WSSEC:WS:XNAS:JBHT,WS:XNAS:JBHT,XNAS,JBHT,US_SP500,NOT_VERIFIED,DETERMINISTIC_WS_ID_LINKAGE_NOT_VERIFIED,E,NO,NO,NO
299,WSSEC:WS:XNAS:JKHY,WS:XNAS:JKHY,XNAS,JKHY,US_SP500,NOT_VERIFIED,DETERMINISTIC_WS_ID_LINKAGE_NOT_VERIFIED,E,NO,NO,NO
300,WSSEC:WS:XNAS:KHC,WS:XNAS:KHC,XNAS,KHC,US_SP500,NOT_VERIFIED,DETERMINISTIC_WS_ID_LINKAGE_NOT_VERIFIED,E,NO,NO,NO
301,WSSEC:WS:XNAS:KLAC,WS:XNAS:KLAC,XNAS,KLAC,US_SP500,NOT_VERIFIED,DETERMINISTIC_WS_ID_LINKAGE_NOT_VERIFIED,E,NO,NO,NO
302,WSSEC:WS:XNAS:KRYS,WS:XNAS:KRYS,XNAS,KRYS,US_SP400,NOT_VERIFIED,DETERMINISTIC_WS_ID_LINKAGE_NOT_VERIFIED,E,NO,NO,NO
303,WSSEC:WS:XNAS:KTOS,WS:XNAS:KTOS,XNAS,KTOS,US_SP400,NOT_VERIFIED,DETERMINISTIC_WS_ID_LINKAGE_NOT_VERIFIED,E,NO,NO,NO
304,WSSEC:WS:XNAS:LECO,WS:XNAS:LECO,XNAS,LECO,US_SP400,NOT_VERIFIED,DETERMINISTIC_WS_ID_LINKAGE_NOT_VERIFIED,E,NO,NO,NO
305,WSSEC:WS:XNAS:LFUS,WS:XNAS:LFUS,XNAS,LFUS,US_SP400,NOT_VERIFIED,DETERMINISTIC_WS_ID_LINKAGE_NOT_VERIFIED,E,NO,NO,NO
306,WSSEC:WS:XNAS:LITE,WS:XNAS:LITE,XNAS,LITE,US_SP500,NOT_VERIFIED,DETERMINISTIC_WS_ID_LINKAGE_NOT_VERIFIED,E,NO,NO,NO
307,WSSEC:WS:XNAS:LIVN,WS:XNAS:LIVN,XNAS,LIVN,US_SP400,NOT_VERIFIED,DETERMINISTIC_WS_ID_LINKAGE_NOT_VERIFIED,E,NO,NO,NO
308,WSSEC:WS:XNAS:LNT,WS:XNAS:LNT,XNAS,LNT,US_SP500,NOT_VERIFIED,DETERMINISTIC_WS_ID_LINKAGE_NOT_VERIFIED,E,NO,NO,NO
309,WSSEC:WS:XNAS:LNTH,WS:XNAS:LNTH,XNAS,LNTH,US_SP400,NOT_VERIFIED,DETERMINISTIC_WS_ID_LINKAGE_NOT_VERIFIED,E,NO,NO,NO
310,WSSEC:WS:XNAS:LOPE,WS:XNAS:LOPE,XNAS,LOPE,US_SP400,NOT_VERIFIED,DETERMINISTIC_WS_ID_LINKAGE_NOT_VERIFIED,E,NO,NO,NO
311,WSSEC:WS:XNAS:LSCC,WS:XNAS:LSCC,XNAS,LSCC,US_SP400,NOT_VERIFIED,DETERMINISTIC_WS_ID_LINKAGE_NOT_VERIFIED,E,NO,NO,NO
312,WSSEC:WS:XNAS:LSTR,WS:XNAS:LSTR,XNAS,LSTR,US_SP400,NOT_VERIFIED,DETERMINISTIC_WS_ID_LINKAGE_NOT_VERIFIED,E,NO,NO,NO
313,WSSEC:WS:XNAS:LULU,WS:XNAS:LULU,XNAS,LULU,US_SP500,NOT_VERIFIED,DETERMINISTIC_WS_ID_LINKAGE_NOT_VERIFIED,E,NO,NO,NO
314,WSSEC:WS:XNAS:MANH,WS:XNAS:MANH,XNAS,MANH,US_SP400,NOT_VERIFIED,DETERMINISTIC_WS_ID_LINKAGE_NOT_VERIFIED,E,NO,NO,NO
315,WSSEC:WS:XNAS:MAR,WS:XNAS:MAR,XNAS,MAR,US_SP500,NOT_VERIFIED,DETERMINISTIC_WS_ID_LINKAGE_NOT_VERIFIED,E,NO,NO,NO
316,WSSEC:WS:XNAS:MAT,WS:XNAS:MAT,XNAS,MAT,US_SP400,NOT_VERIFIED,DETERMINISTIC_WS_ID_LINKAGE_NOT_VERIFIED,E,NO,NO,NO
317,WSSEC:WS:XNAS:MCHP,WS:XNAS:MCHP,XNAS,MCHP,US_SP500,NOT_VERIFIED,DETERMINISTIC_WS_ID_LINKAGE_NOT_VERIFIED,E,NO,NO,NO
318,WSSEC:WS:XNAS:MDLZ,WS:XNAS:MDLZ,XNAS,MDLZ,US_SP500,NOT_VERIFIED,DETERMINISTIC_WS_ID_LINKAGE_NOT_VERIFIED,E,NO,NO,NO
319,WSSEC:WS:XNAS:MEDP,WS:XNAS:MEDP,XNAS,MEDP,US_SP400,NOT_VERIFIED,DETERMINISTIC_WS_ID_LINKAGE_NOT_VERIFIED,E,NO,NO,NO
320,WSSEC:WS:XNAS:META,WS:XNAS:META,XNAS,META,US_SP500,NOT_VERIFIED,DETERMINISTIC_WS_ID_LINKAGE_NOT_VERIFIED,E,NO,NO,NO
321,WSSEC:WS:XNAS:MIDD,WS:XNAS:MIDD,XNAS,MIDD,US_SP400,NOT_VERIFIED,DETERMINISTIC_WS_ID_LINKAGE_NOT_VERIFIED,E,NO,NO,NO
322,WSSEC:WS:XNAS:MKSI,WS:XNAS:MKSI,XNAS,MKSI,US_SP400,NOT_VERIFIED,DETERMINISTIC_WS_ID_LINKAGE_NOT_VERIFIED,E,NO,NO,NO
323,WSSEC:WS:XNAS:MORN,WS:XNAS:MORN,XNAS,MORN,US_SP400,NOT_VERIFIED,DETERMINISTIC_WS_ID_LINKAGE_NOT_VERIFIED,E,NO,NO,NO
324,WSSEC:WS:XNAS:MPWR,WS:XNAS:MPWR,XNAS,MPWR,US_SP500,NOT_VERIFIED,DETERMINISTIC_WS_ID_LINKAGE_NOT_VERIFIED,E,NO,NO,NO
325,WSSEC:WS:XNAS:MRNA,WS:XNAS:MRNA,XNAS,MRNA,US_SP500,NOT_VERIFIED,DETERMINISTIC_WS_ID_LINKAGE_NOT_VERIFIED,E,NO,NO,NO
326,WSSEC:WS:XNAS:MRVL,WS:XNAS:MRVL,XNAS,MRVL,US_SP500,NOT_VERIFIED,DETERMINISTIC_WS_ID_LINKAGE_NOT_VERIFIED,E,NO,NO,NO
327,WSSEC:WS:XNAS:MSFT,WS:XNAS:MSFT,XNAS,MSFT,US_SP500,NOT_VERIFIED,DETERMINISTIC_WS_ID_LINKAGE_NOT_VERIFIED,E,NO,NO,NO
328,WSSEC:WS:XNAS:MTSI,WS:XNAS:MTSI,XNAS,MTSI,US_SP400,NOT_VERIFIED,DETERMINISTIC_WS_ID_LINKAGE_NOT_VERIFIED,E,NO,NO,NO
329,WSSEC:WS:XNAS:MU,WS:XNAS:MU,XNAS,MU,US_SP500,NOT_VERIFIED,DETERMINISTIC_WS_ID_LINKAGE_NOT_VERIFIED,E,NO,NO,NO
330,WSSEC:WS:XNAS:MZTI,WS:XNAS:MZTI,XNAS,MZTI,US_SP400,NOT_VERIFIED,DETERMINISTIC_WS_ID_LINKAGE_NOT_VERIFIED,E,NO,NO,NO
331,WSSEC:WS:XNAS:NBIX,WS:XNAS:NBIX,XNAS,NBIX,US_SP400,NOT_VERIFIED,DETERMINISTIC_WS_ID_LINKAGE_NOT_VERIFIED,E,NO,NO,NO
332,WSSEC:WS:XNAS:NDAQ,WS:XNAS:NDAQ,XNAS,NDAQ,US_SP500,NOT_VERIFIED,DETERMINISTIC_WS_ID_LINKAGE_NOT_VERIFIED,E,NO,NO,NO
333,WSSEC:WS:XNAS:NDSN,WS:XNAS:NDSN,XNAS,NDSN,US_SP500,NOT_VERIFIED,DETERMINISTIC_WS_ID_LINKAGE_NOT_VERIFIED,E,NO,NO,NO
334,WSSEC:WS:XNAS:NFLX,WS:XNAS:NFLX,XNAS,NFLX,US_SP500,NOT_VERIFIED,DETERMINISTIC_WS_ID_LINKAGE_NOT_VERIFIED,E,NO,NO,NO
335,WSSEC:WS:XNAS:NOVT,WS:XNAS:NOVT,XNAS,NOVT,US_SP400,NOT_VERIFIED,DETERMINISTIC_WS_ID_LINKAGE_NOT_VERIFIED,E,NO,NO,NO
336,WSSEC:WS:XNAS:NTNX,WS:XNAS:NTNX,XNAS,NTNX,US_SP400,NOT_VERIFIED,DETERMINISTIC_WS_ID_LINKAGE_NOT_VERIFIED,E,NO,NO,NO
337,WSSEC:WS:XNAS:NTRS,WS:XNAS:NTRS,XNAS,NTRS,US_SP500,NOT_VERIFIED,DETERMINISTIC_WS_ID_LINKAGE_NOT_VERIFIED,E,NO,NO,NO
338,WSSEC:WS:XNAS:NVDA,WS:XNAS:NVDA,XNAS,NVDA,US_SP500,NOT_VERIFIED,DETERMINISTIC_WS_ID_LINKAGE_NOT_VERIFIED,E,NO,NO,NO
339,WSSEC:WS:XNAS:NWE,WS:XNAS:NWE,XNAS,NWE,US_SP400,NOT_VERIFIED,DETERMINISTIC_WS_ID_LINKAGE_NOT_VERIFIED,E,NO,NO,NO
340,WSSEC:WS:XNAS:NXST,WS:XNAS:NXST,XNAS,NXST,US_SP400,NOT_VERIFIED,DETERMINISTIC_WS_ID_LINKAGE_NOT_VERIFIED,E,NO,NO,NO
341,WSSEC:WS:XNAS:NXT,WS:XNAS:NXT,XNAS,NXT,US_SP400,NOT_VERIFIED,DETERMINISTIC_WS_ID_LINKAGE_NOT_VERIFIED,E,NO,NO,NO
342,WSSEC:WS:XNAS:ODFL,WS:XNAS:ODFL,XNAS,ODFL,US_SP500,NOT_VERIFIED,DETERMINISTIC_WS_ID_LINKAGE_NOT_VERIFIED,E,NO,NO,NO
343,WSSEC:WS:XNAS:OKTA,WS:XNAS:OKTA,XNAS,OKTA,US_SP400,NOT_VERIFIED,DETERMINISTIC_WS_ID_LINKAGE_NOT_VERIFIED,E,NO,NO,NO
344,WSSEC:WS:XNAS:OLED,WS:XNAS:OLED,XNAS,OLED,US_SP400,NOT_VERIFIED,DETERMINISTIC_WS_ID_LINKAGE_NOT_VERIFIED,E,NO,NO,NO
345,WSSEC:WS:XNAS:OLLI,WS:XNAS:OLLI,XNAS,OLLI,US_SP400,NOT_VERIFIED,DETERMINISTIC_WS_ID_LINKAGE_NOT_VERIFIED,E,NO,NO,NO
346,WSSEC:WS:XNAS:ON,WS:XNAS:ON,XNAS,ON,US_SP500,NOT_VERIFIED,DETERMINISTIC_WS_ID_LINKAGE_NOT_VERIFIED,E,NO,NO,NO
347,WSSEC:WS:XNAS:ONB,WS:XNAS:ONB,XNAS,ONB,US_SP400,NOT_VERIFIED,DETERMINISTIC_WS_ID_LINKAGE_NOT_VERIFIED,E,NO,NO,NO
348,WSSEC:WS:XNAS:OPCH,WS:XNAS:OPCH,XNAS,OPCH,US_SP400,NOT_VERIFIED,DETERMINISTIC_WS_ID_LINKAGE_NOT_VERIFIED,E,NO,NO,NO
349,WSSEC:WS:XNAS:ORLY,WS:XNAS:ORLY,XNAS,ORLY,US_SP500,NOT_VERIFIED,DETERMINISTIC_WS_ID_LINKAGE_NOT_VERIFIED,E,NO,NO,NO
350,WSSEC:WS:XNAS:OZK,WS:XNAS:OZK,XNAS,OZK,US_SP400,NOT_VERIFIED,DETERMINISTIC_WS_ID_LINKAGE_NOT_VERIFIED,E,NO,NO,NO
351,WSSEC:WS:XNAS:PANW,WS:XNAS:PANW,XNAS,PANW,US_SP500,NOT_VERIFIED,DETERMINISTIC_WS_ID_LINKAGE_NOT_VERIFIED,E,NO,NO,NO
352,WSSEC:WS:XNAS:PAYX,WS:XNAS:PAYX,XNAS,PAYX,US_SP500,NOT_VERIFIED,DETERMINISTIC_WS_ID_LINKAGE_NOT_VERIFIED,E,NO,NO,NO
353,WSSEC:WS:XNAS:PCAR,WS:XNAS:PCAR,XNAS,PCAR,US_SP500,NOT_VERIFIED,DETERMINISTIC_WS_ID_LINKAGE_NOT_VERIFIED,E,NO,NO,NO
354,WSSEC:WS:XNAS:PCTY,WS:XNAS:PCTY,XNAS,PCTY,US_SP400,NOT_VERIFIED,DETERMINISTIC_WS_ID_LINKAGE_NOT_VERIFIED,E,NO,NO,NO
355,WSSEC:WS:XNAS:PEGA,WS:XNAS:PEGA,XNAS,PEGA,US_SP400,NOT_VERIFIED,DETERMINISTIC_WS_ID_LINKAGE_NOT_VERIFIED,E,NO,NO,NO
356,WSSEC:WS:XNAS:PPC,WS:XNAS:PPC,XNAS,PPC,US_SP400,NOT_VERIFIED,DETERMINISTIC_WS_ID_LINKAGE_NOT_VERIFIED,E,NO,NO,NO
357,WSSEC:WS:XNAS:PTC,WS:XNAS:PTC,XNAS,PTC,US_SP500,NOT_VERIFIED,DETERMINISTIC_WS_ID_LINKAGE_NOT_VERIFIED,E,NO,NO,NO
358,WSSEC:WS:XNAS:PYPL,WS:XNAS:PYPL,XNAS,PYPL,US_SP500,NOT_VERIFIED,DETERMINISTIC_WS_ID_LINKAGE_NOT_VERIFIED,E,NO,NO,NO
359,WSSEC:WS:XNAS:QCOM,WS:XNAS:QCOM,XNAS,QCOM,US_SP500,NOT_VERIFIED,DETERMINISTIC_WS_ID_LINKAGE_NOT_VERIFIED,E,NO,NO,NO
360,WSSEC:WS:XNAS:QLYS,WS:XNAS:QLYS,XNAS,QLYS,US_SP400,NOT_VERIFIED,DETERMINISTIC_WS_ID_LINKAGE_NOT_VERIFIED,E,NO,NO,NO
361,WSSEC:WS:XNAS:REGN,WS:XNAS:REGN,XNAS,REGN,US_SP500,NOT_VERIFIED,DETERMINISTIC_WS_ID_LINKAGE_NOT_VERIFIED,E,NO,NO,NO
362,WSSEC:WS:XNAS:RGEN,WS:XNAS:RGEN,XNAS,RGEN,US_SP400,NOT_VERIFIED,DETERMINISTIC_WS_ID_LINKAGE_NOT_VERIFIED,E,NO,NO,NO
363,WSSEC:WS:XNAS:RGLD,WS:XNAS:RGLD,XNAS,RGLD,US_SP400,NOT_VERIFIED,DETERMINISTIC_WS_ID_LINKAGE_NOT_VERIFIED,E,NO,NO,NO
364,WSSEC:WS:XNAS:RMBS,WS:XNAS:RMBS,XNAS,RMBS,US_SP400,NOT_VERIFIED,DETERMINISTIC_WS_ID_LINKAGE_NOT_VERIFIED,E,NO,NO,NO
365,WSSEC:WS:XNAS:ROIV,WS:XNAS:ROIV,XNAS,ROIV,US_SP400,NOT_VERIFIED,DETERMINISTIC_WS_ID_LINKAGE_NOT_VERIFIED,E,NO,NO,NO
366,WSSEC:WS:XNAS:ROKU,WS:XNAS:ROKU,XNAS,ROKU,US_SP400,NOT_VERIFIED,DETERMINISTIC_WS_ID_LINKAGE_NOT_VERIFIED,E,NO,NO,NO
367,WSSEC:WS:XNAS:ROST,WS:XNAS:ROST,XNAS,ROST,US_SP500,NOT_VERIFIED,DETERMINISTIC_WS_ID_LINKAGE_NOT_VERIFIED,E,NO,NO,NO
368,WSSEC:WS:XNAS:SAIA,WS:XNAS:SAIA,XNAS,SAIA,US_SP400,NOT_VERIFIED,DETERMINISTIC_WS_ID_LINKAGE_NOT_VERIFIED,E,NO,NO,NO
369,WSSEC:WS:XNAS:SAIC,WS:XNAS:SAIC,XNAS,SAIC,US_SP400,NOT_VERIFIED,DETERMINISTIC_WS_ID_LINKAGE_NOT_VERIFIED,E,NO,NO,NO
370,WSSEC:WS:XNAS:SANM,WS:XNAS:SANM,XNAS,SANM,US_SP400,NOT_VERIFIED,DETERMINISTIC_WS_ID_LINKAGE_NOT_VERIFIED,E,NO,NO,NO
371,WSSEC:WS:XNAS:SBUX,WS:XNAS:SBUX,XNAS,SBUX,US_SP500,NOT_VERIFIED,DETERMINISTIC_WS_ID_LINKAGE_NOT_VERIFIED,E,NO,NO,NO
372,WSSEC:WS:XNAS:SEIC,WS:XNAS:SEIC,XNAS,SEIC,US_SP400,NOT_VERIFIED,DETERMINISTIC_WS_ID_LINKAGE_NOT_VERIFIED,E,NO,NO,NO
373,WSSEC:WS:XNAS:SFM,WS:XNAS:SFM,XNAS,SFM,US_SP400,NOT_VERIFIED,DETERMINISTIC_WS_ID_LINKAGE_NOT_VERIFIED,E,NO,NO,NO
374,WSSEC:WS:XNAS:SHC,WS:XNAS:SHC,XNAS,SHC,US_SP400,NOT_VERIFIED,DETERMINISTIC_WS_ID_LINKAGE_NOT_VERIFIED,E,NO,NO,NO
375,WSSEC:WS:XNAS:SIGI,WS:XNAS:SIGI,XNAS,SIGI,US_SP400,NOT_VERIFIED,DETERMINISTIC_WS_ID_LINKAGE_NOT_VERIFIED,E,NO,NO,NO
376,WSSEC:WS:XNAS:SIRI,WS:XNAS:SIRI,XNAS,SIRI,US_SP400,NOT_VERIFIED,DETERMINISTIC_WS_ID_LINKAGE_NOT_VERIFIED,E,NO,NO,NO
377,WSSEC:WS:XNAS:SITM,WS:XNAS:SITM,XNAS,SITM,US_SP400,NOT_VERIFIED,DETERMINISTIC_WS_ID_LINKAGE_NOT_VERIFIED,E,NO,NO,NO
378,WSSEC:WS:XNAS:SLAB,WS:XNAS:SLAB,XNAS,SLAB,US_SP400,NOT_VERIFIED,DETERMINISTIC_WS_ID_LINKAGE_NOT_VERIFIED,E,NO,NO,NO
379,WSSEC:WS:XNAS:SLM,WS:XNAS:SLM,XNAS,SLM,US_SP400,NOT_VERIFIED,DETERMINISTIC_WS_ID_LINKAGE_NOT_VERIFIED,E,NO,NO,NO
380,WSSEC:WS:XNAS:SMTC,WS:XNAS:SMTC,XNAS,SMTC,US_SP400,NOT_VERIFIED,DETERMINISTIC_WS_ID_LINKAGE_NOT_VERIFIED,E,NO,NO,NO
381,WSSEC:WS:XNAS:SNDK,WS:XNAS:SNDK,XNAS,SNDK,US_SP500,NOT_VERIFIED,DETERMINISTIC_WS_ID_LINKAGE_NOT_VERIFIED,E,NO,NO,NO
382,WSSEC:WS:XNAS:SNPS,WS:XNAS:SNPS,XNAS,SNPS,US_SP500,NOT_VERIFIED,DETERMINISTIC_WS_ID_LINKAGE_NOT_VERIFIED,E,NO,NO,NO
383,WSSEC:WS:XNAS:STLD,WS:XNAS:STLD,XNAS,STLD,US_SP500,NOT_VERIFIED,DETERMINISTIC_WS_ID_LINKAGE_NOT_VERIFIED,E,NO,NO,NO
384,WSSEC:WS:XNAS:STRL,WS:XNAS:STRL,XNAS,STRL,US_SP400,NOT_VERIFIED,DETERMINISTIC_WS_ID_LINKAGE_NOT_VERIFIED,E,NO,NO,NO
385,WSSEC:WS:XNAS:SWKS,WS:XNAS:SWKS,XNAS,SWKS,US_SP500,NOT_VERIFIED,DETERMINISTIC_WS_ID_LINKAGE_NOT_VERIFIED,E,NO,NO,NO
386,WSSEC:WS:XNAS:SYNA,WS:XNAS:SYNA,XNAS,SYNA,US_SP400,NOT_VERIFIED,DETERMINISTIC_WS_ID_LINKAGE_NOT_VERIFIED,E,NO,NO,NO
387,WSSEC:WS:XNAS:TCBI,WS:XNAS:TCBI,XNAS,TCBI,US_SP400,NOT_VERIFIED,DETERMINISTIC_WS_ID_LINKAGE_NOT_VERIFIED,E,NO,NO,NO
388,WSSEC:WS:XNAS:TECH,WS:XNAS:TECH,XNAS,TECH,US_SP500,NOT_VERIFIED,DETERMINISTIC_WS_ID_LINKAGE_NOT_VERIFIED,E,NO,NO,NO
389,WSSEC:WS:XNAS:TLN,WS:XNAS:TLN,XNAS,TLN,US_SP400,NOT_VERIFIED,DETERMINISTIC_WS_ID_LINKAGE_NOT_VERIFIED,E,NO,NO,NO
390,WSSEC:WS:XNAS:TMUS,WS:XNAS:TMUS,XNAS,TMUS,US_SP500,NOT_VERIFIED,DETERMINISTIC_WS_ID_LINKAGE_NOT_VERIFIED,E,NO,NO,NO
391,WSSEC:WS:XNAS:TROW,WS:XNAS:TROW,XNAS,TROW,US_SP500,NOT_VERIFIED,DETERMINISTIC_WS_ID_LINKAGE_NOT_VERIFIED,E,NO,NO,NO
392,WSSEC:WS:XNAS:TSCO,WS:XNAS:TSCO,XNAS,TSCO,US_SP500,NOT_VERIFIED,DETERMINISTIC_WS_ID_LINKAGE_NOT_VERIFIED,E,NO,NO,NO
393,WSSEC:WS:XNAS:TSLA,WS:XNAS:TSLA,XNAS,TSLA,US_SP500,NOT_VERIFIED,DETERMINISTIC_WS_ID_LINKAGE_NOT_VERIFIED,E,NO,NO,NO
394,WSSEC:WS:XNAS:TTD,WS:XNAS:TTD,XNAS,TTD,US_SP500,NOT_VERIFIED,DETERMINISTIC_WS_ID_LINKAGE_NOT_VERIFIED,E,NO,NO,NO
395,WSSEC:WS:XNAS:TTEK,WS:XNAS:TTEK,XNAS,TTEK,US_SP400,NOT_VERIFIED,DETERMINISTIC_WS_ID_LINKAGE_NOT_VERIFIED,E,NO,NO,NO
396,WSSEC:WS:XNAS:TTMI,WS:XNAS:TTMI,XNAS,TTMI,US_SP400,NOT_VERIFIED,DETERMINISTIC_WS_ID_LINKAGE_NOT_VERIFIED,E,NO,NO,NO
397,WSSEC:WS:XNAS:TTWO,WS:XNAS:TTWO,XNAS,TTWO,US_SP500,NOT_VERIFIED,DETERMINISTIC_WS_ID_LINKAGE_NOT_VERIFIED,E,NO,NO,NO
398,WSSEC:WS:XNAS:TXN,WS:XNAS:TXN,XNAS,TXN,US_SP500,NOT_VERIFIED,DETERMINISTIC_WS_ID_LINKAGE_NOT_VERIFIED,E,NO,NO,NO
399,WSSEC:WS:XNAS:TXRH,WS:XNAS:TXRH,XNAS,TXRH,US_SP400,NOT_VERIFIED,DETERMINISTIC_WS_ID_LINKAGE_NOT_VERIFIED,E,NO,NO,NO
400,WSSEC:WS:XNAS:UBSI,WS:XNAS:UBSI,XNAS,UBSI,US_SP400,NOT_VERIFIED,DETERMINISTIC_WS_ID_LINKAGE_NOT_VERIFIED,E,NO,NO,NO
401,WSSEC:WS:XNAS:UFPI,WS:XNAS:UFPI,XNAS,UFPI,US_SP400,NOT_VERIFIED,DETERMINISTIC_WS_ID_LINKAGE_NOT_VERIFIED,E,NO,NO,NO
402,WSSEC:WS:XNAS:ULTA,WS:XNAS:ULTA,XNAS,ULTA,US_SP500,NOT_VERIFIED,DETERMINISTIC_WS_ID_LINKAGE_NOT_VERIFIED,E,NO,NO,NO
403,WSSEC:WS:XNAS:UMBF,WS:XNAS:UMBF,XNAS,UMBF,US_SP400,NOT_VERIFIED,DETERMINISTIC_WS_ID_LINKAGE_NOT_VERIFIED,E,NO,NO,NO
404,WSSEC:WS:XNAS:UTHR,WS:XNAS:UTHR,XNAS,UTHR,US_SP400,NOT_VERIFIED,DETERMINISTIC_WS_ID_LINKAGE_NOT_VERIFIED,E,NO,NO,NO
405,WSSEC:WS:XNAS:VC,WS:XNAS:VC,XNAS,VC,US_SP400,NOT_VERIFIED,DETERMINISTIC_WS_ID_LINKAGE_NOT_VERIFIED,E,NO,NO,NO
406,WSSEC:WS:XNAS:VIAV,WS:XNAS:VIAV,XNAS,VIAV,US_SP400,NOT_VERIFIED,DETERMINISTIC_WS_ID_LINKAGE_NOT_VERIFIED,E,NO,NO,NO
407,WSSEC:WS:XNAS:VICR,WS:XNAS:VICR,XNAS,VICR,US_SP400,NOT_VERIFIED,DETERMINISTIC_WS_ID_LINKAGE_NOT_VERIFIED,E,NO,NO,NO
408,WSSEC:WS:XNAS:VLY,WS:XNAS:VLY,XNAS,VLY,US_SP400,NOT_VERIFIED,DETERMINISTIC_WS_ID_LINKAGE_NOT_VERIFIED,E,NO,NO,NO
409,WSSEC:WS:XNAS:VNOM,WS:XNAS:VNOM,XNAS,VNOM,US_SP400,NOT_VERIFIED,DETERMINISTIC_WS_ID_LINKAGE_NOT_VERIFIED,E,NO,NO,NO
410,WSSEC:WS:XNAS:VRSK,WS:XNAS:VRSK,XNAS,VRSK,US_SP500,NOT_VERIFIED,DETERMINISTIC_WS_ID_LINKAGE_NOT_VERIFIED,E,NO,NO,NO
411,WSSEC:WS:XNAS:VRSN,WS:XNAS:VRSN,XNAS,VRSN,US_SP500,NOT_VERIFIED,DETERMINISTIC_WS_ID_LINKAGE_NOT_VERIFIED,E,NO,NO,NO
412,WSSEC:WS:XNAS:VRTX,WS:XNAS:VRTX,XNAS,VRTX,US_SP500,NOT_VERIFIED,DETERMINISTIC_WS_ID_LINKAGE_NOT_VERIFIED,E,NO,NO,NO
413,WSSEC:WS:XNAS:VTRS,WS:XNAS:VTRS,XNAS,VTRS,US_SP500,NOT_VERIFIED,DETERMINISTIC_WS_ID_LINKAGE_NOT_VERIFIED,E,NO,NO,NO
414,WSSEC:WS:XNAS:WBD,WS:XNAS:WBD,XNAS,WBD,US_SP500,NOT_VERIFIED,DETERMINISTIC_WS_ID_LINKAGE_NOT_VERIFIED,E,NO,NO,NO
415,WSSEC:WS:XNAS:WDC,WS:XNAS:WDC,XNAS,WDC,US_SP500,NOT_VERIFIED,DETERMINISTIC_WS_ID_LINKAGE_NOT_VERIFIED,E,NO,NO,NO
416,WSSEC:WS:XNAS:WFRD,WS:XNAS:WFRD,XNAS,WFRD,US_SP400,NOT_VERIFIED,DETERMINISTIC_WS_ID_LINKAGE_NOT_VERIFIED,E,NO,NO,NO
417,WSSEC:WS:XNAS:WING,WS:XNAS:WING,XNAS,WING,US_SP400,NOT_VERIFIED,DETERMINISTIC_WS_ID_LINKAGE_NOT_VERIFIED,E,NO,NO,NO
418,WSSEC:WS:XNAS:WMG,WS:XNAS:WMG,XNAS,WMG,US_SP400,NOT_VERIFIED,DETERMINISTIC_WS_ID_LINKAGE_NOT_VERIFIED,E,NO,NO,NO
419,WSSEC:WS:XNAS:WMT,WS:XNAS:WMT,XNAS,WMT,US_SP500,NOT_VERIFIED,DETERMINISTIC_WS_ID_LINKAGE_NOT_VERIFIED,E,NO,NO,NO
420,WSSEC:WS:XNAS:WTFC,WS:XNAS:WTFC,XNAS,WTFC,US_SP400,NOT_VERIFIED,DETERMINISTIC_WS_ID_LINKAGE_NOT_VERIFIED,E,NO,NO,NO
421,WSSEC:WS:XNAS:WWD,WS:XNAS:WWD,XNAS,WWD,US_SP400,NOT_VERIFIED,DETERMINISTIC_WS_ID_LINKAGE_NOT_VERIFIED,E,NO,NO,NO
422,WSSEC:WS:XNAS:WYNN,WS:XNAS:WYNN,XNAS,WYNN,US_SP500,NOT_VERIFIED,DETERMINISTIC_WS_ID_LINKAGE_NOT_VERIFIED,E,NO,NO,NO
423,WSSEC:WS:XNAS:XRAY,WS:XNAS:XRAY,XNAS,XRAY,US_SP400,NOT_VERIFIED,DETERMINISTIC_WS_ID_LINKAGE_NOT_VERIFIED,E,NO,NO,NO
424,WSSEC:WS:XNAS:ZBRA,WS:XNAS:ZBRA,XNAS,ZBRA,US_SP500,NOT_VERIFIED,DETERMINISTIC_WS_ID_LINKAGE_NOT_VERIFIED,E,NO,NO,NO
425,WSSEC:WS:XNAS:ZION,WS:XNAS:ZION,XNAS,ZION,US_SP400,NOT_VERIFIED,DETERMINISTIC_WS_ID_LINKAGE_NOT_VERIFIED,E,NO,NO,NO
426,WSSEC:WS:XNYS:A,WS:XNYS:A,XNYS,A,US_SP500,NOT_VERIFIED,DETERMINISTIC_WS_ID_LINKAGE_NOT_VERIFIED,E,NO,NO,NO
427,WSSEC:WS:XNYS:AA,WS:XNYS:AA,XNYS,AA,US_SP400,NOT_VERIFIED,DETERMINISTIC_WS_ID_LINKAGE_NOT_VERIFIED,E,NO,NO,NO
428,WSSEC:WS:XNYS:ABBV,WS:XNYS:ABBV,XNYS,ABBV,US_SP500,NOT_VERIFIED,DETERMINISTIC_WS_ID_LINKAGE_NOT_VERIFIED,E,NO,NO,NO
429,WSSEC:WS:XNYS:ABT,WS:XNYS:ABT,XNYS,ABT,US_SP500,NOT_VERIFIED,DETERMINISTIC_WS_ID_LINKAGE_NOT_VERIFIED,E,NO,NO,NO
430,WSSEC:WS:XNYS:ACI,WS:XNYS:ACI,XNYS,ACI,US_SP400,NOT_VERIFIED,DETERMINISTIC_WS_ID_LINKAGE_NOT_VERIFIED,E,NO,NO,NO
431,WSSEC:WS:XNYS:ACM,WS:XNYS:ACM,XNYS,ACM,US_SP400,NOT_VERIFIED,DETERMINISTIC_WS_ID_LINKAGE_NOT_VERIFIED,E,NO,NO,NO
432,WSSEC:WS:XNYS:ADM,WS:XNYS:ADM,XNYS,ADM,US_SP500,NOT_VERIFIED,DETERMINISTIC_WS_ID_LINKAGE_NOT_VERIFIED,E,NO,NO,NO
433,WSSEC:WS:XNYS:AEE,WS:XNYS:AEE,XNYS,AEE,US_SP500,NOT_VERIFIED,DETERMINISTIC_WS_ID_LINKAGE_NOT_VERIFIED,E,NO,NO,NO
434,WSSEC:WS:XNYS:AEP,WS:XNYS:AEP,XNYS,AEP,US_SP500,NOT_VERIFIED,DETERMINISTIC_WS_ID_LINKAGE_NOT_VERIFIED,E,NO,NO,NO
435,WSSEC:WS:XNYS:AES,WS:XNYS:AES,XNYS,AES,US_SP500,NOT_VERIFIED,DETERMINISTIC_WS_ID_LINKAGE_NOT_VERIFIED,E,NO,NO,NO
436,WSSEC:WS:XNYS:AFG,WS:XNYS:AFG,XNYS,AFG,US_SP400,NOT_VERIFIED,DETERMINISTIC_WS_ID_LINKAGE_NOT_VERIFIED,E,NO,NO,NO
437,WSSEC:WS:XNYS:AFL,WS:XNYS:AFL,XNYS,AFL,US_SP500,NOT_VERIFIED,DETERMINISTIC_WS_ID_LINKAGE_NOT_VERIFIED,E,NO,NO,NO
438,WSSEC:WS:XNYS:AGCO,WS:XNYS:AGCO,XNYS,AGCO,US_SP400,NOT_VERIFIED,DETERMINISTIC_WS_ID_LINKAGE_NOT_VERIFIED,E,NO,NO,NO
439,WSSEC:WS:XNYS:AIG,WS:XNYS:AIG,XNYS,AIG,US_SP500,NOT_VERIFIED,DETERMINISTIC_WS_ID_LINKAGE_NOT_VERIFIED,E,NO,NO,NO
440,WSSEC:WS:XNYS:AIT,WS:XNYS:AIT,XNYS,AIT,US_SP400,NOT_VERIFIED,DETERMINISTIC_WS_ID_LINKAGE_NOT_VERIFIED,E,NO,NO,NO
441,WSSEC:WS:XNYS:AIZ,WS:XNYS:AIZ,XNYS,AIZ,US_SP500,NOT_VERIFIED,DETERMINISTIC_WS_ID_LINKAGE_NOT_VERIFIED,E,NO,NO,NO
442,WSSEC:WS:XNYS:AJG,WS:XNYS:AJG,XNYS,AJG,US_SP500,NOT_VERIFIED,DETERMINISTIC_WS_ID_LINKAGE_NOT_VERIFIED,E,NO,NO,NO
443,WSSEC:WS:XNYS:ALB,WS:XNYS:ALB,XNYS,ALB,US_SP500,NOT_VERIFIED,DETERMINISTIC_WS_ID_LINKAGE_NOT_VERIFIED,E,NO,NO,NO
444,WSSEC:WS:XNYS:ALK,WS:XNYS:ALK,XNYS,ALK,US_SP400,NOT_VERIFIED,DETERMINISTIC_WS_ID_LINKAGE_NOT_VERIFIED,E,NO,NO,NO
445,WSSEC:WS:XNYS:ALL,WS:XNYS:ALL,XNYS,ALL,US_SP500,NOT_VERIFIED,DETERMINISTIC_WS_ID_LINKAGE_NOT_VERIFIED,E,NO,NO,NO
446,WSSEC:WS:XNYS:ALLY,WS:XNYS:ALLY,XNYS,ALLY,US_SP400,NOT_VERIFIED,DETERMINISTIC_WS_ID_LINKAGE_NOT_VERIFIED,E,NO,NO,NO
447,WSSEC:WS:XNYS:ALSN,WS:XNYS:ALSN,XNYS,ALSN,US_SP400,NOT_VERIFIED,DETERMINISTIC_WS_ID_LINKAGE_NOT_VERIFIED,E,NO,NO,NO
448,WSSEC:WS:XNYS:ALV,WS:XNYS:ALV,XNYS,ALV,US_SP400,NOT_VERIFIED,DETERMINISTIC_WS_ID_LINKAGE_NOT_VERIFIED,E,NO,NO,NO
449,WSSEC:WS:XNYS:AM,WS:XNYS:AM,XNYS,AM,US_SP400,NOT_VERIFIED,DETERMINISTIC_WS_ID_LINKAGE_NOT_VERIFIED,E,NO,NO,NO
450,WSSEC:WS:XNYS:AME,WS:XNYS:AME,XNYS,AME,US_SP500,NOT_VERIFIED,DETERMINISTIC_WS_ID_LINKAGE_NOT_VERIFIED,E,NO,NO,NO
451,WSSEC:WS:XNYS:AMG,WS:XNYS:AMG,XNYS,AMG,US_SP400,NOT_VERIFIED,DETERMINISTIC_WS_ID_LINKAGE_NOT_VERIFIED,E,NO,NO,NO
452,WSSEC:WS:XNYS:AMP,WS:XNYS:AMP,XNYS,AMP,US_SP500,NOT_VERIFIED,DETERMINISTIC_WS_ID_LINKAGE_NOT_VERIFIED,E,NO,NO,NO
453,WSSEC:WS:XNYS:AN,WS:XNYS:AN,XNYS,AN,US_SP400,NOT_VERIFIED,DETERMINISTIC_WS_ID_LINKAGE_NOT_VERIFIED,E,NO,NO,NO
454,WSSEC:WS:XNYS:ANF,WS:XNYS:ANF,XNYS,ANF,US_SP400,NOT_VERIFIED,DETERMINISTIC_WS_ID_LINKAGE_NOT_VERIFIED,E,NO,NO,NO
455,WSSEC:WS:XNYS:AOS,WS:XNYS:AOS,XNYS,AOS,US_SP500,NOT_VERIFIED,DETERMINISTIC_WS_ID_LINKAGE_NOT_VERIFIED,E,NO,NO,NO
456,WSSEC:WS:XNYS:APD,WS:XNYS:APD,XNYS,APD,US_SP500,NOT_VERIFIED,DETERMINISTIC_WS_ID_LINKAGE_NOT_VERIFIED,E,NO,NO,NO
457,WSSEC:WS:XNYS:APG,WS:XNYS:APG,XNYS,APG,US_SP400,NOT_VERIFIED,DETERMINISTIC_WS_ID_LINKAGE_NOT_VERIFIED,E,NO,NO,NO
458,WSSEC:WS:XNYS:APH,WS:XNYS:APH,XNYS,APH,US_SP500,NOT_VERIFIED,DETERMINISTIC_WS_ID_LINKAGE_NOT_VERIFIED,E,NO,NO,NO
459,WSSEC:WS:XNYS:AR,WS:XNYS:AR,XNYS,AR,US_SP400,NOT_VERIFIED,DETERMINISTIC_WS_ID_LINKAGE_NOT_VERIFIED,E,NO,NO,NO
460,WSSEC:WS:XNYS:ARES,WS:XNYS:ARES,XNYS,ARES,US_SP500,NOT_VERIFIED,DETERMINISTIC_WS_ID_LINKAGE_NOT_VERIFIED,E,NO,NO,NO
461,WSSEC:WS:XNYS:ARMK,WS:XNYS:ARMK,XNYS,ARMK,US_SP400,NOT_VERIFIED,DETERMINISTIC_WS_ID_LINKAGE_NOT_VERIFIED,E,NO,NO,NO
462,WSSEC:WS:XNYS:ARW,WS:XNYS:ARW,XNYS,ARW,US_SP400,NOT_VERIFIED,DETERMINISTIC_WS_ID_LINKAGE_NOT_VERIFIED,E,NO,NO,NO
463,WSSEC:WS:XNYS:ASB,WS:XNYS:ASB,XNYS,ASB,US_SP400,NOT_VERIFIED,DETERMINISTIC_WS_ID_LINKAGE_NOT_VERIFIED,E,NO,NO,NO
464,WSSEC:WS:XNYS:ASH,WS:XNYS:ASH,XNYS,ASH,US_SP400,NOT_VERIFIED,DETERMINISTIC_WS_ID_LINKAGE_NOT_VERIFIED,E,NO,NO,NO
465,WSSEC:WS:XNYS:ATI,WS:XNYS:ATI,XNYS,ATI,US_SP400,NOT_VERIFIED,DETERMINISTIC_WS_ID_LINKAGE_NOT_VERIFIED,E,NO,NO,NO
466,WSSEC:WS:XNYS:ATO,WS:XNYS:ATO,XNYS,ATO,US_SP500,NOT_VERIFIED,DETERMINISTIC_WS_ID_LINKAGE_NOT_VERIFIED,E,NO,NO,NO
467,WSSEC:WS:XNYS:ATR,WS:XNYS:ATR,XNYS,ATR,US_SP400,NOT_VERIFIED,DETERMINISTIC_WS_ID_LINKAGE_NOT_VERIFIED,E,NO,NO,NO
468,WSSEC:WS:XNYS:AVNT,WS:XNYS:AVNT,XNYS,AVNT,US_SP400,NOT_VERIFIED,DETERMINISTIC_WS_ID_LINKAGE_NOT_VERIFIED,E,NO,NO,NO
469,WSSEC:WS:XNYS:AVTR,WS:XNYS:AVTR,XNYS,AVTR,US_SP400,NOT_VERIFIED,DETERMINISTIC_WS_ID_LINKAGE_NOT_VERIFIED,E,NO,NO,NO
470,WSSEC:WS:XNYS:AVY,WS:XNYS:AVY,XNYS,AVY,US_SP500,NOT_VERIFIED,DETERMINISTIC_WS_ID_LINKAGE_NOT_VERIFIED,E,NO,NO,NO
471,WSSEC:WS:XNYS:AWK,WS:XNYS:AWK,XNYS,AWK,US_SP500,NOT_VERIFIED,DETERMINISTIC_WS_ID_LINKAGE_NOT_VERIFIED,E,NO,NO,NO
472,WSSEC:WS:XNYS:AXP,WS:XNYS:AXP,XNYS,AXP,US_SP500,NOT_VERIFIED,DETERMINISTIC_WS_ID_LINKAGE_NOT_VERIFIED,E,NO,NO,NO
473,WSSEC:WS:XNYS:AXTA,WS:XNYS:AXTA,XNYS,AXTA,US_SP400,NOT_VERIFIED,DETERMINISTIC_WS_ID_LINKAGE_NOT_VERIFIED,E,NO,NO,NO
474,WSSEC:WS:XNYS:AYI,WS:XNYS:AYI,XNYS,AYI,US_SP400,NOT_VERIFIED,DETERMINISTIC_WS_ID_LINKAGE_NOT_VERIFIED,E,NO,NO,NO
475,WSSEC:WS:XNYS:AZO,WS:XNYS:AZO,XNYS,AZO,US_SP500,NOT_VERIFIED,DETERMINISTIC_WS_ID_LINKAGE_NOT_VERIFIED,E,NO,NO,NO
476,WSSEC:WS:XNYS:BA,WS:XNYS:BA,XNYS,BA,US_SP500,NOT_VERIFIED,DETERMINISTIC_WS_ID_LINKAGE_NOT_VERIFIED,E,NO,NO,NO
477,WSSEC:WS:XNYS:BAC,WS:XNYS:BAC,XNYS,BAC,US_SP500,NOT_VERIFIED,DETERMINISTIC_WS_ID_LINKAGE_NOT_VERIFIED,E,NO,NO,NO
478,WSSEC:WS:XNYS:BAH,WS:XNYS:BAH,XNYS,BAH,US_SP400,NOT_VERIFIED,DETERMINISTIC_WS_ID_LINKAGE_NOT_VERIFIED,E,NO,NO,NO
479,WSSEC:WS:XNYS:BALL,WS:XNYS:BALL,XNYS,BALL,US_SP500,NOT_VERIFIED,DETERMINISTIC_WS_ID_LINKAGE_NOT_VERIFIED,E,NO,NO,NO
480,WSSEC:WS:XNYS:BAX,WS:XNYS:BAX,XNYS,BAX,US_SP500,NOT_VERIFIED,DETERMINISTIC_WS_ID_LINKAGE_NOT_VERIFIED,E,NO,NO,NO
481,WSSEC:WS:XNYS:BBWI,WS:XNYS:BBWI,XNYS,BBWI,US_SP400,NOT_VERIFIED,DETERMINISTIC_WS_ID_LINKAGE_NOT_VERIFIED,E,NO,NO,NO
482,WSSEC:WS:XNYS:BBY,WS:XNYS:BBY,XNYS,BBY,US_SP500,NOT_VERIFIED,DETERMINISTIC_WS_ID_LINKAGE_NOT_VERIFIED,E,NO,NO,NO
483,WSSEC:WS:XNYS:BC,WS:XNYS:BC,XNYS,BC,US_SP400,NOT_VERIFIED,DETERMINISTIC_WS_ID_LINKAGE_NOT_VERIFIED,E,NO,NO,NO
484,WSSEC:WS:XNYS:BCO,WS:XNYS:BCO,XNYS,BCO,US_SP400,NOT_VERIFIED,DETERMINISTIC_WS_ID_LINKAGE_NOT_VERIFIED,E,NO,NO,NO
485,WSSEC:WS:XNYS:BDC,WS:XNYS:BDC,XNYS,BDC,US_SP400,NOT_VERIFIED,DETERMINISTIC_WS_ID_LINKAGE_NOT_VERIFIED,E,NO,NO,NO
486,WSSEC:WS:XNYS:BDX,WS:XNYS:BDX,XNYS,BDX,US_SP500,NOT_VERIFIED,DETERMINISTIC_WS_ID_LINKAGE_NOT_VERIFIED,E,NO,NO,NO
487,WSSEC:WS:XNYS:BEN,WS:XNYS:BEN,XNYS,BEN,US_SP500,NOT_VERIFIED,DETERMINISTIC_WS_ID_LINKAGE_NOT_VERIFIED,E,NO,NO,NO
488,WSSEC:WS:XNYS:BILL,WS:XNYS:BILL,XNYS,BILL,US_SP400,NOT_VERIFIED,DETERMINISTIC_WS_ID_LINKAGE_NOT_VERIFIED,E,NO,NO,NO
489,WSSEC:WS:XNYS:BIO,WS:XNYS:BIO,XNYS,BIO,US_SP400,NOT_VERIFIED,DETERMINISTIC_WS_ID_LINKAGE_NOT_VERIFIED,E,NO,NO,NO
490,WSSEC:WS:XNYS:BJ,WS:XNYS:BJ,XNYS,BJ,US_SP400,NOT_VERIFIED,DETERMINISTIC_WS_ID_LINKAGE_NOT_VERIFIED,E,NO,NO,NO
491,WSSEC:WS:XNYS:BKH,WS:XNYS:BKH,XNYS,BKH,US_SP400,NOT_VERIFIED,DETERMINISTIC_WS_ID_LINKAGE_NOT_VERIFIED,E,NO,NO,NO
492,WSSEC:WS:XNYS:BKR,WS:XNYS:BKR,XNYS,BKR,US_SP500,NOT_VERIFIED,DETERMINISTIC_WS_ID_LINKAGE_NOT_VERIFIED,E,NO,NO,NO
493,WSSEC:WS:XNYS:BLDR,WS:XNYS:BLDR,XNYS,BLDR,US_SP500,NOT_VERIFIED,DETERMINISTIC_WS_ID_LINKAGE_NOT_VERIFIED,E,NO,NO,NO
494,WSSEC:WS:XNYS:BMY,WS:XNYS:BMY,XNYS,BMY,US_SP500,NOT_VERIFIED,DETERMINISTIC_WS_ID_LINKAGE_NOT_VERIFIED,E,NO,NO,NO
495,WSSEC:WS:XNYS:BNY,WS:XNYS:BNY,XNYS,BNY,US_SP500,NOT_VERIFIED,DETERMINISTIC_WS_ID_LINKAGE_NOT_VERIFIED,E,NO,NO,NO
496,WSSEC:WS:XNYS:BR,WS:XNYS:BR,XNYS,BR,US_SP500,NOT_VERIFIED,DETERMINISTIC_WS_ID_LINKAGE_NOT_VERIFIED,E,NO,NO,NO
497,WSSEC:WS:XNYS:BRO,WS:XNYS:BRO,XNYS,BRO,US_SP500,NOT_VERIFIED,DETERMINISTIC_WS_ID_LINKAGE_NOT_VERIFIED,E,NO,NO,NO
498,WSSEC:WS:XNYS:BROS,WS:XNYS:BROS,XNYS,BROS,US_SP400,NOT_VERIFIED,DETERMINISTIC_WS_ID_LINKAGE_NOT_VERIFIED,E,NO,NO,NO
499,WSSEC:WS:XNYS:BSX,WS:XNYS:BSX,XNYS,BSX,US_SP500,NOT_VERIFIED,DETERMINISTIC_WS_ID_LINKAGE_NOT_VERIFIED,E,NO,NO,NO
500,WSSEC:WS:XNYS:BURL,WS:XNYS:BURL,XNYS,BURL,US_SP400,NOT_VERIFIED,DETERMINISTIC_WS_ID_LINKAGE_NOT_VERIFIED,E,NO,NO,NO
501,WSSEC:WS:XNYS:BWA,WS:XNYS:BWA,XNYS,BWA,US_SP400,NOT_VERIFIED,DETERMINISTIC_WS_ID_LINKAGE_NOT_VERIFIED,E,NO,NO,NO
502,WSSEC:WS:XNYS:BWXT,WS:XNYS:BWXT,XNYS,BWXT,US_SP400,NOT_VERIFIED,DETERMINISTIC_WS_ID_LINKAGE_NOT_VERIFIED,E,NO,NO,NO
503,WSSEC:WS:XNYS:BYD,WS:XNYS:BYD,XNYS,BYD,US_SP400,NOT_VERIFIED,DETERMINISTIC_WS_ID_LINKAGE_NOT_VERIFIED,E,NO,NO,NO
504,WSSEC:WS:XNYS:C,WS:XNYS:C,XNYS,C,US_SP500,NOT_VERIFIED,DETERMINISTIC_WS_ID_LINKAGE_NOT_VERIFIED,E,NO,NO,NO
505,WSSEC:WS:XNYS:CACI,WS:XNYS:CACI,XNYS,CACI,US_SP400,NOT_VERIFIED,DETERMINISTIC_WS_ID_LINKAGE_NOT_VERIFIED,E,NO,NO,NO
506,WSSEC:WS:XNYS:CAH,WS:XNYS:CAH,XNYS,CAH,US_SP500,NOT_VERIFIED,DETERMINISTIC_WS_ID_LINKAGE_NOT_VERIFIED,E,NO,NO,NO
507,WSSEC:WS:XNYS:CARR,WS:XNYS:CARR,XNYS,CARR,US_SP500,NOT_VERIFIED,DETERMINISTIC_WS_ID_LINKAGE_NOT_VERIFIED,E,NO,NO,NO
508,WSSEC:WS:XNYS:CAT,WS:XNYS:CAT,XNYS,CAT,US_SP500,NOT_VERIFIED,DETERMINISTIC_WS_ID_LINKAGE_NOT_VERIFIED,E,NO,NO,NO
509,WSSEC:WS:XNYS:CAVA,WS:XNYS:CAVA,XNYS,CAVA,US_SP400,NOT_VERIFIED,DETERMINISTIC_WS_ID_LINKAGE_NOT_VERIFIED,E,NO,NO,NO
510,WSSEC:WS:XNYS:CBT,WS:XNYS:CBT,XNYS,CBT,US_SP400,NOT_VERIFIED,DETERMINISTIC_WS_ID_LINKAGE_NOT_VERIFIED,E,NO,NO,NO
511,WSSEC:WS:XNYS:CCK,WS:XNYS:CCK,XNYS,CCK,US_SP400,NOT_VERIFIED,DETERMINISTIC_WS_ID_LINKAGE_NOT_VERIFIED,E,NO,NO,NO
512,WSSEC:WS:XNYS:CDE,WS:XNYS:CDE,XNYS,CDE,US_SP400,NOT_VERIFIED,DETERMINISTIC_WS_ID_LINKAGE_NOT_VERIFIED,E,NO,NO,NO
513,WSSEC:WS:XNYS:CF,WS:XNYS:CF,XNYS,CF,US_SP500,NOT_VERIFIED,DETERMINISTIC_WS_ID_LINKAGE_NOT_VERIFIED,E,NO,NO,NO
514,WSSEC:WS:XNYS:CFG,WS:XNYS:CFG,XNYS,CFG,US_SP500,NOT_VERIFIED,DETERMINISTIC_WS_ID_LINKAGE_NOT_VERIFIED,E,NO,NO,NO
515,WSSEC:WS:XNYS:CFR,WS:XNYS:CFR,XNYS,CFR,US_SP400,NOT_VERIFIED,DETERMINISTIC_WS_ID_LINKAGE_NOT_VERIFIED,E,NO,NO,NO
516,WSSEC:WS:XNYS:CHD,WS:XNYS:CHD,XNYS,CHD,US_SP500,NOT_VERIFIED,DETERMINISTIC_WS_ID_LINKAGE_NOT_VERIFIED,E,NO,NO,NO
517,WSSEC:WS:XNYS:CHE,WS:XNYS:CHE,XNYS,CHE,US_SP400,NOT_VERIFIED,DETERMINISTIC_WS_ID_LINKAGE_NOT_VERIFIED,E,NO,NO,NO
518,WSSEC:WS:XNYS:CHH,WS:XNYS:CHH,XNYS,CHH,US_SP400,NOT_VERIFIED,DETERMINISTIC_WS_ID_LINKAGE_NOT_VERIFIED,E,NO,NO,NO
519,WSSEC:WS:XNYS:CHWY,WS:XNYS:CHWY,XNYS,CHWY,US_SP400,NOT_VERIFIED,DETERMINISTIC_WS_ID_LINKAGE_NOT_VERIFIED,E,NO,NO,NO
520,WSSEC:WS:XNYS:CL,WS:XNYS:CL,XNYS,CL,US_SP500,NOT_VERIFIED,DETERMINISTIC_WS_ID_LINKAGE_NOT_VERIFIED,E,NO,NO,NO
521,WSSEC:WS:XNYS:CLF,WS:XNYS:CLF,XNYS,CLF,US_SP400,NOT_VERIFIED,DETERMINISTIC_WS_ID_LINKAGE_NOT_VERIFIED,E,NO,NO,NO
522,WSSEC:WS:XNYS:CLH,WS:XNYS:CLH,XNYS,CLH,US_SP400,NOT_VERIFIED,DETERMINISTIC_WS_ID_LINKAGE_NOT_VERIFIED,E,NO,NO,NO
523,WSSEC:WS:XNYS:CLX,WS:XNYS:CLX,XNYS,CLX,US_SP500,NOT_VERIFIED,DETERMINISTIC_WS_ID_LINKAGE_NOT_VERIFIED,E,NO,NO,NO
524,WSSEC:WS:XNYS:CMC,WS:XNYS:CMC,XNYS,CMC,US_SP400,NOT_VERIFIED,DETERMINISTIC_WS_ID_LINKAGE_NOT_VERIFIED,E,NO,NO,NO
525,WSSEC:WS:XNYS:CMG,WS:XNYS:CMG,XNYS,CMG,US_SP500,NOT_VERIFIED,DETERMINISTIC_WS_ID_LINKAGE_NOT_VERIFIED,E,NO,NO,NO
526,WSSEC:WS:XNYS:CMI,WS:XNYS:CMI,XNYS,CMI,US_SP500,NOT_VERIFIED,DETERMINISTIC_WS_ID_LINKAGE_NOT_VERIFIED,E,NO,NO,NO
527,WSSEC:WS:XNYS:CMS,WS:XNYS:CMS,XNYS,CMS,US_SP500,NOT_VERIFIED,DETERMINISTIC_WS_ID_LINKAGE_NOT_VERIFIED,E,NO,NO,NO
528,WSSEC:WS:XNYS:CNC,WS:XNYS:CNC,XNYS,CNC,US_SP500,NOT_VERIFIED,DETERMINISTIC_WS_ID_LINKAGE_NOT_VERIFIED,E,NO,NO,NO
529,WSSEC:WS:XNYS:CNH,WS:XNYS:CNH,XNYS,CNH,US_SP400,NOT_VERIFIED,DETERMINISTIC_WS_ID_LINKAGE_NOT_VERIFIED,E,NO,NO,NO
530,WSSEC:WS:XNYS:CNM,WS:XNYS:CNM,XNYS,CNM,US_SP400,NOT_VERIFIED,DETERMINISTIC_WS_ID_LINKAGE_NOT_VERIFIED,E,NO,NO,NO
531,WSSEC:WS:XNYS:CNO,WS:XNYS:CNO,XNYS,CNO,US_SP400,NOT_VERIFIED,DETERMINISTIC_WS_ID_LINKAGE_NOT_VERIFIED,E,NO,NO,NO
532,WSSEC:WS:XNYS:CNP,WS:XNYS:CNP,XNYS,CNP,US_SP500,NOT_VERIFIED,DETERMINISTIC_WS_ID_LINKAGE_NOT_VERIFIED,E,NO,NO,NO
533,WSSEC:WS:XNYS:CNX,WS:XNYS:CNX,XNYS,CNX,US_SP400,NOT_VERIFIED,DETERMINISTIC_WS_ID_LINKAGE_NOT_VERIFIED,E,NO,NO,NO
534,WSSEC:WS:XNYS:COF,WS:XNYS:COF,XNYS,COF,US_SP500,NOT_VERIFIED,DETERMINISTIC_WS_ID_LINKAGE_NOT_VERIFIED,E,NO,NO,NO
535,WSSEC:WS:XNYS:COP,WS:XNYS:COP,XNYS,COP,US_SP500,NOT_VERIFIED,DETERMINISTIC_WS_ID_LINKAGE_NOT_VERIFIED,E,NO,NO,NO
536,WSSEC:WS:XNYS:COR,WS:XNYS:COR,XNYS,COR,US_SP500,NOT_VERIFIED,DETERMINISTIC_WS_ID_LINKAGE_NOT_VERIFIED,E,NO,NO,NO
537,WSSEC:WS:XNYS:CPRI,WS:XNYS:CPRI,XNYS,CPRI,US_SP400,NOT_VERIFIED,DETERMINISTIC_WS_ID_LINKAGE_NOT_VERIFIED,E,NO,NO,NO
538,WSSEC:WS:XNYS:CR,WS:XNYS:CR,XNYS,CR,US_SP400,NOT_VERIFIED,DETERMINISTIC_WS_ID_LINKAGE_NOT_VERIFIED,E,NO,NO,NO
539,WSSEC:WS:XNYS:CRBG,WS:XNYS:CRBG,XNYS,CRBG,US_SP400,NOT_VERIFIED,DETERMINISTIC_WS_ID_LINKAGE_NOT_VERIFIED,E,NO,NO,NO
540,WSSEC:WS:XNYS:CRL,WS:XNYS:CRL,XNYS,CRL,US_SP500,NOT_VERIFIED,DETERMINISTIC_WS_ID_LINKAGE_NOT_VERIFIED,E,NO,NO,NO
541,WSSEC:WS:XNYS:CRM,WS:XNYS:CRM,XNYS,CRM,US_SP500,NOT_VERIFIED,DETERMINISTIC_WS_ID_LINKAGE_NOT_VERIFIED,E,NO,NO,NO
542,WSSEC:WS:XNYS:CRS,WS:XNYS:CRS,XNYS,CRS,US_SP400,NOT_VERIFIED,DETERMINISTIC_WS_ID_LINKAGE_NOT_VERIFIED,E,NO,NO,NO
543,WSSEC:WS:XNYS:CSL,WS:XNYS:CSL,XNYS,CSL,US_SP400,NOT_VERIFIED,DETERMINISTIC_WS_ID_LINKAGE_NOT_VERIFIED,E,NO,NO,NO
544,WSSEC:WS:XNYS:CTVA,WS:XNYS:CTVA,XNYS,CTVA,US_SP500,NOT_VERIFIED,DETERMINISTIC_WS_ID_LINKAGE_NOT_VERIFIED,E,NO,NO,NO
545,WSSEC:WS:XNYS:CVNA,WS:XNYS:CVNA,XNYS,CVNA,US_SP500,NOT_VERIFIED,DETERMINISTIC_WS_ID_LINKAGE_NOT_VERIFIED,E,NO,NO,NO
546,WSSEC:WS:XNYS:CVS,WS:XNYS:CVS,XNYS,CVS,US_SP500,NOT_VERIFIED,DETERMINISTIC_WS_ID_LINKAGE_NOT_VERIFIED,E,NO,NO,NO
547,WSSEC:WS:XNYS:CVX,WS:XNYS:CVX,XNYS,CVX,US_SP500,NOT_VERIFIED,DETERMINISTIC_WS_ID_LINKAGE_NOT_VERIFIED,E,NO,NO,NO
548,WSSEC:WS:XNYS:CW,WS:XNYS:CW,XNYS,CW,US_SP400,NOT_VERIFIED,DETERMINISTIC_WS_ID_LINKAGE_NOT_VERIFIED,E,NO,NO,NO
549,WSSEC:WS:XNYS:CXT,WS:XNYS:CXT,XNYS,CXT,US_SP400,NOT_VERIFIED,DETERMINISTIC_WS_ID_LINKAGE_NOT_VERIFIED,E,NO,NO,NO
550,WSSEC:WS:XNYS:D,WS:XNYS:D,XNYS,D,US_SP500,NOT_VERIFIED,DETERMINISTIC_WS_ID_LINKAGE_NOT_VERIFIED,E,NO,NO,NO
551,WSSEC:WS:XNYS:DAL,WS:XNYS:DAL,XNYS,DAL,US_SP500,NOT_VERIFIED,DETERMINISTIC_WS_ID_LINKAGE_NOT_VERIFIED,E,NO,NO,NO
552,WSSEC:WS:XNYS:DAR,WS:XNYS:DAR,XNYS,DAR,US_SP400,NOT_VERIFIED,DETERMINISTIC_WS_ID_LINKAGE_NOT_VERIFIED,E,NO,NO,NO
553,WSSEC:WS:XNYS:DCI,WS:XNYS:DCI,XNYS,DCI,US_SP400,NOT_VERIFIED,DETERMINISTIC_WS_ID_LINKAGE_NOT_VERIFIED,E,NO,NO,NO
554,WSSEC:WS:XNYS:DE,WS:XNYS:DE,XNYS,DE,US_SP500,NOT_VERIFIED,DETERMINISTIC_WS_ID_LINKAGE_NOT_VERIFIED,E,NO,NO,NO
555,WSSEC:WS:XNYS:DG,WS:XNYS:DG,XNYS,DG,US_SP500,NOT_VERIFIED,DETERMINISTIC_WS_ID_LINKAGE_NOT_VERIFIED,E,NO,NO,NO
556,WSSEC:WS:XNYS:DHI,WS:XNYS:DHI,XNYS,DHI,US_SP500,NOT_VERIFIED,DETERMINISTIC_WS_ID_LINKAGE_NOT_VERIFIED,E,NO,NO,NO
557,WSSEC:WS:XNYS:DHR,WS:XNYS:DHR,XNYS,DHR,US_SP500,NOT_VERIFIED,DETERMINISTIC_WS_ID_LINKAGE_NOT_VERIFIED,E,NO,NO,NO
558,WSSEC:WS:XNYS:DINO,WS:XNYS:DINO,XNYS,DINO,US_SP400,NOT_VERIFIED,DETERMINISTIC_WS_ID_LINKAGE_NOT_VERIFIED,E,NO,NO,NO
559,WSSEC:WS:XNYS:DIS,WS:XNYS:DIS,XNYS,DIS,US_SP500,NOT_VERIFIED,DETERMINISTIC_WS_ID_LINKAGE_NOT_VERIFIED,E,NO,NO,NO
560,WSSEC:WS:XNYS:DKS,WS:XNYS:DKS,XNYS,DKS,US_SP400,NOT_VERIFIED,DETERMINISTIC_WS_ID_LINKAGE_NOT_VERIFIED,E,NO,NO,NO
561,WSSEC:WS:XNYS:DLB,WS:XNYS:DLB,XNYS,DLB,US_SP400,NOT_VERIFIED,DETERMINISTIC_WS_ID_LINKAGE_NOT_VERIFIED,E,NO,NO,NO
562,WSSEC:WS:XNYS:DOCN,WS:XNYS:DOCN,XNYS,DOCN,US_SP400,NOT_VERIFIED,DETERMINISTIC_WS_ID_LINKAGE_NOT_VERIFIED,E,NO,NO,NO
563,WSSEC:WS:XNYS:DOCS,WS:XNYS:DOCS,XNYS,DOCS,US_SP400,NOT_VERIFIED,DETERMINISTIC_WS_ID_LINKAGE_NOT_VERIFIED,E,NO,NO,NO
564,WSSEC:WS:XNYS:DOV,WS:XNYS:DOV,XNYS,DOV,US_SP500,NOT_VERIFIED,DETERMINISTIC_WS_ID_LINKAGE_NOT_VERIFIED,E,NO,NO,NO
565,WSSEC:WS:XNYS:DPZ,WS:XNYS:DPZ,XNYS,DPZ,US_SP500,NOT_VERIFIED,DETERMINISTIC_WS_ID_LINKAGE_NOT_VERIFIED,E,NO,NO,NO
566,WSSEC:WS:XNYS:DRI,WS:XNYS:DRI,XNYS,DRI,US_SP500,NOT_VERIFIED,DETERMINISTIC_WS_ID_LINKAGE_NOT_VERIFIED,E,NO,NO,NO
567,WSSEC:WS:XNYS:DT,WS:XNYS:DT,XNYS,DT,US_SP400,NOT_VERIFIED,DETERMINISTIC_WS_ID_LINKAGE_NOT_VERIFIED,E,NO,NO,NO
568,WSSEC:WS:XNYS:DTM,WS:XNYS:DTM,XNYS,DTM,US_SP400,NOT_VERIFIED,DETERMINISTIC_WS_ID_LINKAGE_NOT_VERIFIED,E,NO,NO,NO
569,WSSEC:WS:XNYS:DUK,WS:XNYS:DUK,XNYS,DUK,US_SP500,NOT_VERIFIED,DETERMINISTIC_WS_ID_LINKAGE_NOT_VERIFIED,E,NO,NO,NO
570,WSSEC:WS:XNYS:DVA,WS:XNYS:DVA,XNYS,DVA,US_SP500,NOT_VERIFIED,DETERMINISTIC_WS_ID_LINKAGE_NOT_VERIFIED,E,NO,NO,NO
571,WSSEC:WS:XNYS:DVN,WS:XNYS:DVN,XNYS,DVN,US_SP500,NOT_VERIFIED,DETERMINISTIC_WS_ID_LINKAGE_NOT_VERIFIED,E,NO,NO,NO
572,WSSEC:WS:XNYS:DY,WS:XNYS:DY,XNYS,DY,US_SP400,NOT_VERIFIED,DETERMINISTIC_WS_ID_LINKAGE_NOT_VERIFIED,E,NO,NO,NO
573,WSSEC:WS:XNYS:ECL,WS:XNYS:ECL,XNYS,ECL,US_SP500,NOT_VERIFIED,DETERMINISTIC_WS_ID_LINKAGE_NOT_VERIFIED,E,NO,NO,NO
574,WSSEC:WS:XNYS:ED,WS:XNYS:ED,XNYS,ED,US_SP500,NOT_VERIFIED,DETERMINISTIC_WS_ID_LINKAGE_NOT_VERIFIED,E,NO,NO,NO
575,WSSEC:WS:XNYS:EFX,WS:XNYS:EFX,XNYS,EFX,US_SP500,NOT_VERIFIED,DETERMINISTIC_WS_ID_LINKAGE_NOT_VERIFIED,E,NO,NO,NO
576,WSSEC:WS:XNYS:EHC,WS:XNYS:EHC,XNYS,EHC,US_SP400,NOT_VERIFIED,DETERMINISTIC_WS_ID_LINKAGE_NOT_VERIFIED,E,NO,NO,NO
577,WSSEC:WS:XNYS:EIX,WS:XNYS:EIX,XNYS,EIX,US_SP500,NOT_VERIFIED,DETERMINISTIC_WS_ID_LINKAGE_NOT_VERIFIED,E,NO,NO,NO
578,WSSEC:WS:XNYS:EL,WS:XNYS:EL,XNYS,EL,US_SP500,NOT_VERIFIED,DETERMINISTIC_WS_ID_LINKAGE_NOT_VERIFIED,E,NO,NO,NO
579,WSSEC:WS:XNYS:ELAN,WS:XNYS:ELAN,XNYS,ELAN,US_SP400,NOT_VERIFIED,DETERMINISTIC_WS_ID_LINKAGE_NOT_VERIFIED,E,NO,NO,NO
580,WSSEC:WS:XNYS:ELF,WS:XNYS:ELF,XNYS,ELF,US_SP400,NOT_VERIFIED,DETERMINISTIC_WS_ID_LINKAGE_NOT_VERIFIED,E,NO,NO,NO
581,WSSEC:WS:XNYS:ELV,WS:XNYS:ELV,XNYS,ELV,US_SP500,NOT_VERIFIED,DETERMINISTIC_WS_ID_LINKAGE_NOT_VERIFIED,E,NO,NO,NO
582,WSSEC:WS:XNYS:EME,WS:XNYS:EME,XNYS,EME,US_SP500,NOT_VERIFIED,DETERMINISTIC_WS_ID_LINKAGE_NOT_VERIFIED,E,NO,NO,NO
583,WSSEC:WS:XNYS:EMR,WS:XNYS:EMR,XNYS,EMR,US_SP500,NOT_VERIFIED,DETERMINISTIC_WS_ID_LINKAGE_NOT_VERIFIED,E,NO,NO,NO
584,WSSEC:WS:XNYS:ENS,WS:XNYS:ENS,XNYS,ENS,US_SP400,NOT_VERIFIED,DETERMINISTIC_WS_ID_LINKAGE_NOT_VERIFIED,E,NO,NO,NO
585,WSSEC:WS:XNYS:EOG,WS:XNYS:EOG,XNYS,EOG,US_SP500,NOT_VERIFIED,DETERMINISTIC_WS_ID_LINKAGE_NOT_VERIFIED,E,NO,NO,NO
586,WSSEC:WS:XNYS:EQH,WS:XNYS:EQH,XNYS,EQH,US_SP400,NOT_VERIFIED,DETERMINISTIC_WS_ID_LINKAGE_NOT_VERIFIED,E,NO,NO,NO
587,WSSEC:WS:XNYS:EQT,WS:XNYS:EQT,XNYS,EQT,US_SP500,NOT_VERIFIED,DETERMINISTIC_WS_ID_LINKAGE_NOT_VERIFIED,E,NO,NO,NO
588,WSSEC:WS:XNYS:ES,WS:XNYS:ES,XNYS,ES,US_SP500,NOT_VERIFIED,DETERMINISTIC_WS_ID_LINKAGE_NOT_VERIFIED,E,NO,NO,NO
589,WSSEC:WS:XNYS:ESAB,WS:XNYS:ESAB,XNYS,ESAB,US_SP400,NOT_VERIFIED,DETERMINISTIC_WS_ID_LINKAGE_NOT_VERIFIED,E,NO,NO,NO
590,WSSEC:WS:XNYS:ESNT,WS:XNYS:ESNT,XNYS,ESNT,US_SP400,NOT_VERIFIED,DETERMINISTIC_WS_ID_LINKAGE_NOT_VERIFIED,E,NO,NO,NO
591,WSSEC:WS:XNYS:ETR,WS:XNYS:ETR,XNYS,ETR,US_SP500,NOT_VERIFIED,DETERMINISTIC_WS_ID_LINKAGE_NOT_VERIFIED,E,NO,NO,NO
592,WSSEC:WS:XNYS:EVR,WS:XNYS:EVR,XNYS,EVR,US_SP400,NOT_VERIFIED,DETERMINISTIC_WS_ID_LINKAGE_NOT_VERIFIED,E,NO,NO,NO
593,WSSEC:WS:XNYS:EVRG,WS:XNYS:EVRG,XNYS,EVRG,US_SP500,NOT_VERIFIED,DETERMINISTIC_WS_ID_LINKAGE_NOT_VERIFIED,E,NO,NO,NO
594,WSSEC:WS:XNYS:EW,WS:XNYS:EW,XNYS,EW,US_SP500,NOT_VERIFIED,DETERMINISTIC_WS_ID_LINKAGE_NOT_VERIFIED,E,NO,NO,NO
595,WSSEC:WS:XNYS:EXC,WS:XNYS:EXC,XNYS,EXC,US_SP500,NOT_VERIFIED,DETERMINISTIC_WS_ID_LINKAGE_NOT_VERIFIED,E,NO,NO,NO
596,WSSEC:WS:XNYS:EXP,WS:XNYS:EXP,XNYS,EXP,US_SP400,NOT_VERIFIED,DETERMINISTIC_WS_ID_LINKAGE_NOT_VERIFIED,E,NO,NO,NO
597,WSSEC:WS:XNYS:F,WS:XNYS:F,XNYS,F,US_SP500,NOT_VERIFIED,DETERMINISTIC_WS_ID_LINKAGE_NOT_VERIFIED,E,NO,NO,NO
598,WSSEC:WS:XNYS:FAF,WS:XNYS:FAF,XNYS,FAF,US_SP400,NOT_VERIFIED,DETERMINISTIC_WS_ID_LINKAGE_NOT_VERIFIED,E,NO,NO,NO
599,WSSEC:WS:XNYS:FBIN,WS:XNYS:FBIN,XNYS,FBIN,US_SP400,NOT_VERIFIED,DETERMINISTIC_WS_ID_LINKAGE_NOT_VERIFIED,E,NO,NO,NO
600,WSSEC:WS:XNYS:FCN,WS:XNYS:FCN,XNYS,FCN,US_SP400,NOT_VERIFIED,DETERMINISTIC_WS_ID_LINKAGE_NOT_VERIFIED,E,NO,NO,NO
601,WSSEC:WS:XNYS:FCX,WS:XNYS:FCX,XNYS,FCX,US_SP500,NOT_VERIFIED,DETERMINISTIC_WS_ID_LINKAGE_NOT_VERIFIED,E,NO,NO,NO
602,WSSEC:WS:XNYS:FDS,WS:XNYS:FDS,XNYS,FDS,US_SP500,NOT_VERIFIED,DETERMINISTIC_WS_ID_LINKAGE_NOT_VERIFIED,E,NO,NO,NO
603,WSSEC:WS:XNYS:FDX,WS:XNYS:FDX,XNYS,FDX,US_SP500,NOT_VERIFIED,DETERMINISTIC_WS_ID_LINKAGE_NOT_VERIFIED,E,NO,NO,NO
604,WSSEC:WS:XNYS:FE,WS:XNYS:FE,XNYS,FE,US_SP500,NOT_VERIFIED,DETERMINISTIC_WS_ID_LINKAGE_NOT_VERIFIED,E,NO,NO,NO
605,WSSEC:WS:XNYS:FERG,WS:XNYS:FERG,XNYS,FERG,US_SP500,NOT_VERIFIED,DETERMINISTIC_WS_ID_LINKAGE_NOT_VERIFIED,E,NO,NO,NO
606,WSSEC:WS:XNYS:FHI,WS:XNYS:FHI,XNYS,FHI,US_SP400,NOT_VERIFIED,DETERMINISTIC_WS_ID_LINKAGE_NOT_VERIFIED,E,NO,NO,NO
607,WSSEC:WS:XNYS:FHN,WS:XNYS:FHN,XNYS,FHN,US_SP400,NOT_VERIFIED,DETERMINISTIC_WS_ID_LINKAGE_NOT_VERIFIED,E,NO,NO,NO
608,WSSEC:WS:XNYS:FICO,WS:XNYS:FICO,XNYS,FICO,US_SP500,NOT_VERIFIED,DETERMINISTIC_WS_ID_LINKAGE_NOT_VERIFIED,E,NO,NO,NO
609,WSSEC:WS:XNYS:FIS,WS:XNYS:FIS,XNYS,FIS,US_SP500,NOT_VERIFIED,DETERMINISTIC_WS_ID_LINKAGE_NOT_VERIFIED,E,NO,NO,NO
610,WSSEC:WS:XNYS:FIX,WS:XNYS:FIX,XNYS,FIX,US_SP500,NOT_VERIFIED,DETERMINISTIC_WS_ID_LINKAGE_NOT_VERIFIED,E,NO,NO,NO
611,WSSEC:WS:XNYS:FLG,WS:XNYS:FLG,XNYS,FLG,US_SP400,NOT_VERIFIED,DETERMINISTIC_WS_ID_LINKAGE_NOT_VERIFIED,E,NO,NO,NO
612,WSSEC:WS:XNYS:FLR,WS:XNYS:FLR,XNYS,FLR,US_SP400,NOT_VERIFIED,DETERMINISTIC_WS_ID_LINKAGE_NOT_VERIFIED,E,NO,NO,NO
613,WSSEC:WS:XNYS:FLS,WS:XNYS:FLS,XNYS,FLS,US_SP400,NOT_VERIFIED,DETERMINISTIC_WS_ID_LINKAGE_NOT_VERIFIED,E,NO,NO,NO
614,WSSEC:WS:XNYS:FN,WS:XNYS:FN,XNYS,FN,US_SP400,NOT_VERIFIED,DETERMINISTIC_WS_ID_LINKAGE_NOT_VERIFIED,E,NO,NO,NO
615,WSSEC:WS:XNYS:FNB,WS:XNYS:FNB,XNYS,FNB,US_SP400,NOT_VERIFIED,DETERMINISTIC_WS_ID_LINKAGE_NOT_VERIFIED,E,NO,NO,NO
616,WSSEC:WS:XNYS:FND,WS:XNYS:FND,XNYS,FND,US_SP400,NOT_VERIFIED,DETERMINISTIC_WS_ID_LINKAGE_NOT_VERIFIED,E,NO,NO,NO
617,WSSEC:WS:XNYS:FNF,WS:XNYS:FNF,XNYS,FNF,US_SP400,NOT_VERIFIED,DETERMINISTIC_WS_ID_LINKAGE_NOT_VERIFIED,E,NO,NO,NO
618,WSSEC:WS:XNYS:FOUR,WS:XNYS:FOUR,XNYS,FOUR,US_SP400,NOT_VERIFIED,DETERMINISTIC_WS_ID_LINKAGE_NOT_VERIFIED,E,NO,NO,NO
619,WSSEC:WS:XNYS:FTI,WS:XNYS:FTI,XNYS,FTI,US_SP400,NOT_VERIFIED,DETERMINISTIC_WS_ID_LINKAGE_NOT_VERIFIED,E,NO,NO,NO
620,WSSEC:WS:XNYS:FTV,WS:XNYS:FTV,XNYS,FTV,US_SP500,NOT_VERIFIED,DETERMINISTIC_WS_ID_LINKAGE_NOT_VERIFIED,E,NO,NO,NO
621,WSSEC:WS:XNYS:G,WS:XNYS:G,XNYS,G,US_SP400,NOT_VERIFIED,DETERMINISTIC_WS_ID_LINKAGE_NOT_VERIFIED,E,NO,NO,NO
622,WSSEC:WS:XNYS:GAP,WS:XNYS:GAP,XNYS,GAP,US_SP400,NOT_VERIFIED,DETERMINISTIC_WS_ID_LINKAGE_NOT_VERIFIED,E,NO,NO,NO
623,WSSEC:WS:XNYS:GATX,WS:XNYS:GATX,XNYS,GATX,US_SP400,NOT_VERIFIED,DETERMINISTIC_WS_ID_LINKAGE_NOT_VERIFIED,E,NO,NO,NO
624,WSSEC:WS:XNYS:GBCI,WS:XNYS:GBCI,XNYS,GBCI,US_SP400,NOT_VERIFIED,DETERMINISTIC_WS_ID_LINKAGE_NOT_VERIFIED,E,NO,NO,NO
625,WSSEC:WS:XNYS:GD,WS:XNYS:GD,XNYS,GD,US_SP500,NOT_VERIFIED,DETERMINISTIC_WS_ID_LINKAGE_NOT_VERIFIED,E,NO,NO,NO
626,WSSEC:WS:XNYS:GEF,WS:XNYS:GEF,XNYS,GEF,US_SP400,NOT_VERIFIED,DETERMINISTIC_WS_ID_LINKAGE_NOT_VERIFIED,E,NO,NO,NO
627,WSSEC:WS:XNYS:GEV,WS:XNYS:GEV,XNYS,GEV,US_SP500,NOT_VERIFIED,DETERMINISTIC_WS_ID_LINKAGE_NOT_VERIFIED,E,NO,NO,NO
628,WSSEC:WS:XNYS:GGG,WS:XNYS:GGG,XNYS,GGG,US_SP400,NOT_VERIFIED,DETERMINISTIC_WS_ID_LINKAGE_NOT_VERIFIED,E,NO,NO,NO
629,WSSEC:WS:XNYS:GHC,WS:XNYS:GHC,XNYS,GHC,US_SP400,NOT_VERIFIED,DETERMINISTIC_WS_ID_LINKAGE_NOT_VERIFIED,E,NO,NO,NO
630,WSSEC:WS:XNYS:GL,WS:XNYS:GL,XNYS,GL,US_SP500,NOT_VERIFIED,DETERMINISTIC_WS_ID_LINKAGE_NOT_VERIFIED,E,NO,NO,NO
631,WSSEC:WS:XNYS:GLW,WS:XNYS:GLW,XNYS,GLW,US_SP500,NOT_VERIFIED,DETERMINISTIC_WS_ID_LINKAGE_NOT_VERIFIED,E,NO,NO,NO
632,WSSEC:WS:XNYS:GM,WS:XNYS:GM,XNYS,GM,US_SP500,NOT_VERIFIED,DETERMINISTIC_WS_ID_LINKAGE_NOT_VERIFIED,E,NO,NO,NO
633,WSSEC:WS:XNYS:GME,WS:XNYS:GME,XNYS,GME,US_SP400,NOT_VERIFIED,DETERMINISTIC_WS_ID_LINKAGE_NOT_VERIFIED,E,NO,NO,NO
634,WSSEC:WS:XNYS:GMED,WS:XNYS:GMED,XNYS,GMED,US_SP400,NOT_VERIFIED,DETERMINISTIC_WS_ID_LINKAGE_NOT_VERIFIED,E,NO,NO,NO
635,WSSEC:WS:XNYS:GNRC,WS:XNYS:GNRC,XNYS,GNRC,US_SP500,NOT_VERIFIED,DETERMINISTIC_WS_ID_LINKAGE_NOT_VERIFIED,E,NO,NO,NO
636,WSSEC:WS:XNYS:GPC,WS:XNYS:GPC,XNYS,GPC,US_SP500,NOT_VERIFIED,DETERMINISTIC_WS_ID_LINKAGE_NOT_VERIFIED,E,NO,NO,NO
637,WSSEC:WS:XNYS:GPK,WS:XNYS:GPK,XNYS,GPK,US_SP400,NOT_VERIFIED,DETERMINISTIC_WS_ID_LINKAGE_NOT_VERIFIED,E,NO,NO,NO
638,WSSEC:WS:XNYS:GPN,WS:XNYS:GPN,XNYS,GPN,US_SP500,NOT_VERIFIED,DETERMINISTIC_WS_ID_LINKAGE_NOT_VERIFIED,E,NO,NO,NO
639,WSSEC:WS:XNYS:GS,WS:XNYS:GS,XNYS,GS,US_SP500,NOT_VERIFIED,DETERMINISTIC_WS_ID_LINKAGE_NOT_VERIFIED,E,NO,NO,NO
640,WSSEC:WS:XNYS:GWRE,WS:XNYS:GWRE,XNYS,GWRE,US_SP400,NOT_VERIFIED,DETERMINISTIC_WS_ID_LINKAGE_NOT_VERIFIED,E,NO,NO,NO
641,WSSEC:WS:XNYS:GWW,WS:XNYS:GWW,XNYS,GWW,US_SP500,NOT_VERIFIED,DETERMINISTIC_WS_ID_LINKAGE_NOT_VERIFIED,E,NO,NO,NO
642,WSSEC:WS:XNYS:GXO,WS:XNYS:GXO,XNYS,GXO,US_SP400,NOT_VERIFIED,DETERMINISTIC_WS_ID_LINKAGE_NOT_VERIFIED,E,NO,NO,NO
643,WSSEC:WS:XNYS:H,WS:XNYS:H,XNYS,H,US_SP400,NOT_VERIFIED,DETERMINISTIC_WS_ID_LINKAGE_NOT_VERIFIED,E,NO,NO,NO
644,WSSEC:WS:XNYS:HAE,WS:XNYS:HAE,XNYS,HAE,US_SP400,NOT_VERIFIED,DETERMINISTIC_WS_ID_LINKAGE_NOT_VERIFIED,E,NO,NO,NO
645,WSSEC:WS:XNYS:HAL,WS:XNYS:HAL,XNYS,HAL,US_SP500,NOT_VERIFIED,DETERMINISTIC_WS_ID_LINKAGE_NOT_VERIFIED,E,NO,NO,NO
646,WSSEC:WS:XNYS:HCA,WS:XNYS:HCA,XNYS,HCA,US_SP500,NOT_VERIFIED,DETERMINISTIC_WS_ID_LINKAGE_NOT_VERIFIED,E,NO,NO,NO
647,WSSEC:WS:XNYS:HD,WS:XNYS:HD,XNYS,HD,US_SP500,NOT_VERIFIED,DETERMINISTIC_WS_ID_LINKAGE_NOT_VERIFIED,E,NO,NO,NO
648,WSSEC:WS:XNYS:HGV,WS:XNYS:HGV,XNYS,HGV,US_SP400,NOT_VERIFIED,DETERMINISTIC_WS_ID_LINKAGE_NOT_VERIFIED,E,NO,NO,NO
649,WSSEC:WS:XNYS:HIG,WS:XNYS:HIG,XNYS,HIG,US_SP500,NOT_VERIFIED,DETERMINISTIC_WS_ID_LINKAGE_NOT_VERIFIED,E,NO,NO,NO
650,WSSEC:WS:XNYS:HII,WS:XNYS:HII,XNYS,HII,US_SP500,NOT_VERIFIED,DETERMINISTIC_WS_ID_LINKAGE_NOT_VERIFIED,E,NO,NO,NO
651,WSSEC:WS:XNYS:HIMS,WS:XNYS:HIMS,XNYS,HIMS,US_SP400,NOT_VERIFIED,DETERMINISTIC_WS_ID_LINKAGE_NOT_VERIFIED,E,NO,NO,NO
652,WSSEC:WS:XNYS:HL,WS:XNYS:HL,XNYS,HL,US_SP400,NOT_VERIFIED,DETERMINISTIC_WS_ID_LINKAGE_NOT_VERIFIED,E,NO,NO,NO
653,WSSEC:WS:XNYS:HLI,WS:XNYS:HLI,XNYS,HLI,US_SP400,NOT_VERIFIED,DETERMINISTIC_WS_ID_LINKAGE_NOT_VERIFIED,E,NO,NO,NO
654,WSSEC:WS:XNYS:HLT,WS:XNYS:HLT,XNYS,HLT,US_SP500,NOT_VERIFIED,DETERMINISTIC_WS_ID_LINKAGE_NOT_VERIFIED,E,NO,NO,NO
655,WSSEC:WS:XNYS:HOG,WS:XNYS:HOG,XNYS,HOG,US_SP400,NOT_VERIFIED,DETERMINISTIC_WS_ID_LINKAGE_NOT_VERIFIED,E,NO,NO,NO
656,WSSEC:WS:XNYS:HOMB,WS:XNYS:HOMB,XNYS,HOMB,US_SP400,NOT_VERIFIED,DETERMINISTIC_WS_ID_LINKAGE_NOT_VERIFIED,E,NO,NO,NO
657,WSSEC:WS:XNYS:HPE,WS:XNYS:HPE,XNYS,HPE,US_SP500,NOT_VERIFIED,DETERMINISTIC_WS_ID_LINKAGE_NOT_VERIFIED,E,NO,NO,NO
658,WSSEC:WS:XNYS:HRB,WS:XNYS:HRB,XNYS,HRB,US_SP400,NOT_VERIFIED,DETERMINISTIC_WS_ID_LINKAGE_NOT_VERIFIED,E,NO,NO,NO
659,WSSEC:WS:XNYS:HRL,WS:XNYS:HRL,XNYS,HRL,US_SP500,NOT_VERIFIED,DETERMINISTIC_WS_ID_LINKAGE_NOT_VERIFIED,E,NO,NO,NO
660,WSSEC:WS:XNYS:HSY,WS:XNYS:HSY,XNYS,HSY,US_SP500,NOT_VERIFIED,DETERMINISTIC_WS_ID_LINKAGE_NOT_VERIFIED,E,NO,NO,NO
661,WSSEC:WS:XNYS:HUBB,WS:XNYS:HUBB,XNYS,HUBB,US_SP500,NOT_VERIFIED,DETERMINISTIC_WS_ID_LINKAGE_NOT_VERIFIED,E,NO,NO,NO
662,WSSEC:WS:XNYS:HUM,WS:XNYS:HUM,XNYS,HUM,US_SP500,NOT_VERIFIED,DETERMINISTIC_WS_ID_LINKAGE_NOT_VERIFIED,E,NO,NO,NO
663,WSSEC:WS:XNYS:HXL,WS:XNYS:HXL,XNYS,HXL,US_SP400,NOT_VERIFIED,DETERMINISTIC_WS_ID_LINKAGE_NOT_VERIFIED,E,NO,NO,NO
664,WSSEC:WS:XNYS:IBM,WS:XNYS:IBM,XNYS,IBM,US_SP500,NOT_VERIFIED,DETERMINISTIC_WS_ID_LINKAGE_NOT_VERIFIED,E,NO,NO,NO
665,WSSEC:WS:XNYS:ICE,WS:XNYS:ICE,XNYS,ICE,US_SP500,NOT_VERIFIED,DETERMINISTIC_WS_ID_LINKAGE_NOT_VERIFIED,E,NO,NO,NO
666,WSSEC:WS:XNYS:IDA,WS:XNYS:IDA,XNYS,IDA,US_SP400,NOT_VERIFIED,DETERMINISTIC_WS_ID_LINKAGE_NOT_VERIFIED,E,NO,NO,NO
667,WSSEC:WS:XNYS:IEX,WS:XNYS:IEX,XNYS,IEX,US_SP500,NOT_VERIFIED,DETERMINISTIC_WS_ID_LINKAGE_NOT_VERIFIED,E,NO,NO,NO
668,WSSEC:WS:XNYS:IFF,WS:XNYS:IFF,XNYS,IFF,US_SP500,NOT_VERIFIED,DETERMINISTIC_WS_ID_LINKAGE_NOT_VERIFIED,E,NO,NO,NO
669,WSSEC:WS:XNYS:INGR,WS:XNYS:INGR,XNYS,INGR,US_SP400,NOT_VERIFIED,DETERMINISTIC_WS_ID_LINKAGE_NOT_VERIFIED,E,NO,NO,NO
670,WSSEC:WS:XNYS:IP,WS:XNYS:IP,XNYS,IP,US_SP500,NOT_VERIFIED,DETERMINISTIC_WS_ID_LINKAGE_NOT_VERIFIED,E,NO,NO,NO
671,WSSEC:WS:XNYS:IQV,WS:XNYS:IQV,XNYS,IQV,US_SP500,NOT_VERIFIED,DETERMINISTIC_WS_ID_LINKAGE_NOT_VERIFIED,E,NO,NO,NO
672,WSSEC:WS:XNYS:IT,WS:XNYS:IT,XNYS,IT,US_SP500,NOT_VERIFIED,DETERMINISTIC_WS_ID_LINKAGE_NOT_VERIFIED,E,NO,NO,NO
673,WSSEC:WS:XNYS:ITT,WS:XNYS:ITT,XNYS,ITT,US_SP400,NOT_VERIFIED,DETERMINISTIC_WS_ID_LINKAGE_NOT_VERIFIED,E,NO,NO,NO
674,WSSEC:WS:XNYS:ITW,WS:XNYS:ITW,XNYS,ITW,US_SP500,NOT_VERIFIED,DETERMINISTIC_WS_ID_LINKAGE_NOT_VERIFIED,E,NO,NO,NO
675,WSSEC:WS:XNYS:JBL,WS:XNYS:JBL,XNYS,JBL,US_SP500,NOT_VERIFIED,DETERMINISTIC_WS_ID_LINKAGE_NOT_VERIFIED,E,NO,NO,NO
676,WSSEC:WS:XNYS:JEF,WS:XNYS:JEF,XNYS,JEF,US_SP400,NOT_VERIFIED,DETERMINISTIC_WS_ID_LINKAGE_NOT_VERIFIED,E,NO,NO,NO
677,WSSEC:WS:XNYS:JNJ,WS:XNYS:JNJ,XNYS,JNJ,US_SP500,NOT_VERIFIED,DETERMINISTIC_WS_ID_LINKAGE_NOT_VERIFIED,E,NO,NO,NO
678,WSSEC:WS:XNYS:JPM,WS:XNYS:JPM,XNYS,JPM,US_SP500,NOT_VERIFIED,DETERMINISTIC_WS_ID_LINKAGE_NOT_VERIFIED,E,NO,NO,NO
679,WSSEC:WS:XNYS:KBH,WS:XNYS:KBH,XNYS,KBH,US_SP400,NOT_VERIFIED,DETERMINISTIC_WS_ID_LINKAGE_NOT_VERIFIED,E,NO,NO,NO
680,WSSEC:WS:XNYS:KBR,WS:XNYS:KBR,XNYS,KBR,US_SP400,NOT_VERIFIED,DETERMINISTIC_WS_ID_LINKAGE_NOT_VERIFIED,E,NO,NO,NO
681,WSSEC:WS:XNYS:KD,WS:XNYS:KD,XNYS,KD,US_SP400,NOT_VERIFIED,DETERMINISTIC_WS_ID_LINKAGE_NOT_VERIFIED,E,NO,NO,NO
682,WSSEC:WS:XNYS:KEX,WS:XNYS:KEX,XNYS,KEX,US_SP400,NOT_VERIFIED,DETERMINISTIC_WS_ID_LINKAGE_NOT_VERIFIED,E,NO,NO,NO
683,WSSEC:WS:XNYS:KEY,WS:XNYS:KEY,XNYS,KEY,US_SP500,NOT_VERIFIED,DETERMINISTIC_WS_ID_LINKAGE_NOT_VERIFIED,E,NO,NO,NO
684,WSSEC:WS:XNYS:KEYS,WS:XNYS:KEYS,XNYS,KEYS,US_SP500,NOT_VERIFIED,DETERMINISTIC_WS_ID_LINKAGE_NOT_VERIFIED,E,NO,NO,NO
685,WSSEC:WS:XNYS:KMB,WS:XNYS:KMB,XNYS,KMB,US_SP500,NOT_VERIFIED,DETERMINISTIC_WS_ID_LINKAGE_NOT_VERIFIED,E,NO,NO,NO
686,WSSEC:WS:XNYS:KMI,WS:XNYS:KMI,XNYS,KMI,US_SP500,NOT_VERIFIED,DETERMINISTIC_WS_ID_LINKAGE_NOT_VERIFIED,E,NO,NO,NO
687,WSSEC:WS:XNYS:KNF,WS:XNYS:KNF,XNYS,KNF,US_SP400,NOT_VERIFIED,DETERMINISTIC_WS_ID_LINKAGE_NOT_VERIFIED,E,NO,NO,NO
688,WSSEC:WS:XNYS:KNSL,WS:XNYS:KNSL,XNYS,KNSL,US_SP400,NOT_VERIFIED,DETERMINISTIC_WS_ID_LINKAGE_NOT_VERIFIED,E,NO,NO,NO
689,WSSEC:WS:XNYS:KNX,WS:XNYS:KNX,XNYS,KNX,US_SP400,NOT_VERIFIED,DETERMINISTIC_WS_ID_LINKAGE_NOT_VERIFIED,E,NO,NO,NO
690,WSSEC:WS:XNYS:KO,WS:XNYS:KO,XNYS,KO,US_SP500,NOT_VERIFIED,DETERMINISTIC_WS_ID_LINKAGE_NOT_VERIFIED,E,NO,NO,NO
691,WSSEC:WS:XNYS:KR,WS:XNYS:KR,XNYS,KR,US_SP500,NOT_VERIFIED,DETERMINISTIC_WS_ID_LINKAGE_NOT_VERIFIED,E,NO,NO,NO
692,WSSEC:WS:XNYS:KVUE,WS:XNYS:KVUE,XNYS,KVUE,US_SP500,NOT_VERIFIED,DETERMINISTIC_WS_ID_LINKAGE_NOT_VERIFIED,E,NO,NO,NO
693,WSSEC:WS:XNYS:L,WS:XNYS:L,XNYS,L,US_SP500,NOT_VERIFIED,DETERMINISTIC_WS_ID_LINKAGE_NOT_VERIFIED,E,NO,NO,NO
694,WSSEC:WS:XNYS:LAD,WS:XNYS:LAD,XNYS,LAD,US_SP400,NOT_VERIFIED,DETERMINISTIC_WS_ID_LINKAGE_NOT_VERIFIED,E,NO,NO,NO
695,WSSEC:WS:XNYS:LDOS,WS:XNYS:LDOS,XNYS,LDOS,US_SP500,NOT_VERIFIED,DETERMINISTIC_WS_ID_LINKAGE_NOT_VERIFIED,E,NO,NO,NO
696,WSSEC:WS:XNYS:LEA,WS:XNYS:LEA,XNYS,LEA,US_SP400,NOT_VERIFIED,DETERMINISTIC_WS_ID_LINKAGE_NOT_VERIFIED,E,NO,NO,NO
697,WSSEC:WS:XNYS:LEN,WS:XNYS:LEN,XNYS,LEN,US_SP500,NOT_VERIFIED,DETERMINISTIC_WS_ID_LINKAGE_NOT_VERIFIED,E,NO,NO,NO
698,WSSEC:WS:XNYS:LHX,WS:XNYS:LHX,XNYS,LHX,US_SP500,NOT_VERIFIED,DETERMINISTIC_WS_ID_LINKAGE_NOT_VERIFIED,E,NO,NO,NO
699,WSSEC:WS:XNYS:LII,WS:XNYS:LII,XNYS,LII,US_SP500,NOT_VERIFIED,DETERMINISTIC_WS_ID_LINKAGE_NOT_VERIFIED,E,NO,NO,NO
700,WSSEC:WS:XNYS:LLY,WS:XNYS:LLY,XNYS,LLY,US_SP500,NOT_VERIFIED,DETERMINISTIC_WS_ID_LINKAGE_NOT_VERIFIED,E,NO,NO,NO
701,WSSEC:WS:XNYS:LMT,WS:XNYS:LMT,XNYS,LMT,US_SP500,NOT_VERIFIED,DETERMINISTIC_WS_ID_LINKAGE_NOT_VERIFIED,E,NO,NO,NO
702,WSSEC:WS:XNYS:LOW,WS:XNYS:LOW,XNYS,LOW,US_SP500,NOT_VERIFIED,DETERMINISTIC_WS_ID_LINKAGE_NOT_VERIFIED,E,NO,NO,NO
703,WSSEC:WS:XNYS:LPX,WS:XNYS:LPX,XNYS,LPX,US_SP400,NOT_VERIFIED,DETERMINISTIC_WS_ID_LINKAGE_NOT_VERIFIED,E,NO,NO,NO
704,WSSEC:WS:XNYS:LUV,WS:XNYS:LUV,XNYS,LUV,US_SP500,NOT_VERIFIED,DETERMINISTIC_WS_ID_LINKAGE_NOT_VERIFIED,E,NO,NO,NO
705,WSSEC:WS:XNYS:LVS,WS:XNYS:LVS,XNYS,LVS,US_SP500,NOT_VERIFIED,DETERMINISTIC_WS_ID_LINKAGE_NOT_VERIFIED,E,NO,NO,NO
706,WSSEC:WS:XNYS:LYV,WS:XNYS:LYV,XNYS,LYV,US_SP500,NOT_VERIFIED,DETERMINISTIC_WS_ID_LINKAGE_NOT_VERIFIED,E,NO,NO,NO
707,WSSEC:WS:XNYS:M,WS:XNYS:M,XNYS,M,US_SP400,NOT_VERIFIED,DETERMINISTIC_WS_ID_LINKAGE_NOT_VERIFIED,E,NO,NO,NO
708,WSSEC:WS:XNYS:MA,WS:XNYS:MA,XNYS,MA,US_SP500,NOT_VERIFIED,DETERMINISTIC_WS_ID_LINKAGE_NOT_VERIFIED,E,NO,NO,NO
709,WSSEC:WS:XNYS:MAS,WS:XNYS:MAS,XNYS,MAS,US_SP500,NOT_VERIFIED,DETERMINISTIC_WS_ID_LINKAGE_NOT_VERIFIED,E,NO,NO,NO
710,WSSEC:WS:XNYS:MCD,WS:XNYS:MCD,XNYS,MCD,US_SP500,NOT_VERIFIED,DETERMINISTIC_WS_ID_LINKAGE_NOT_VERIFIED,E,NO,NO,NO
711,WSSEC:WS:XNYS:MCK,WS:XNYS:MCK,XNYS,MCK,US_SP500,NOT_VERIFIED,DETERMINISTIC_WS_ID_LINKAGE_NOT_VERIFIED,E,NO,NO,NO
712,WSSEC:WS:XNYS:MCO,WS:XNYS:MCO,XNYS,MCO,US_SP500,NOT_VERIFIED,DETERMINISTIC_WS_ID_LINKAGE_NOT_VERIFIED,E,NO,NO,NO
713,WSSEC:WS:XNYS:MET,WS:XNYS:MET,XNYS,MET,US_SP500,NOT_VERIFIED,DETERMINISTIC_WS_ID_LINKAGE_NOT_VERIFIED,E,NO,NO,NO
714,WSSEC:WS:XNYS:MGM,WS:XNYS:MGM,XNYS,MGM,US_SP500,NOT_VERIFIED,DETERMINISTIC_WS_ID_LINKAGE_NOT_VERIFIED,E,NO,NO,NO
715,WSSEC:WS:XNYS:MKC,WS:XNYS:MKC,XNYS,MKC,US_SP500,NOT_VERIFIED,DETERMINISTIC_WS_ID_LINKAGE_NOT_VERIFIED,E,NO,NO,NO
716,WSSEC:WS:XNYS:MLI,WS:XNYS:MLI,XNYS,MLI,US_SP400,NOT_VERIFIED,DETERMINISTIC_WS_ID_LINKAGE_NOT_VERIFIED,E,NO,NO,NO
717,WSSEC:WS:XNYS:MLM,WS:XNYS:MLM,XNYS,MLM,US_SP500,NOT_VERIFIED,DETERMINISTIC_WS_ID_LINKAGE_NOT_VERIFIED,E,NO,NO,NO
718,WSSEC:WS:XNYS:MMM,WS:XNYS:MMM,XNYS,MMM,US_SP500,NOT_VERIFIED,DETERMINISTIC_WS_ID_LINKAGE_NOT_VERIFIED,E,NO,NO,NO
719,WSSEC:WS:XNYS:MMS,WS:XNYS:MMS,XNYS,MMS,US_SP400,NOT_VERIFIED,DETERMINISTIC_WS_ID_LINKAGE_NOT_VERIFIED,E,NO,NO,NO
720,WSSEC:WS:XNYS:MO,WS:XNYS:MO,XNYS,MO,US_SP500,NOT_VERIFIED,DETERMINISTIC_WS_ID_LINKAGE_NOT_VERIFIED,E,NO,NO,NO
721,WSSEC:WS:XNYS:MOGA,WS:XNYS:MOGA,XNYS,MOGA,US_SP400,NOT_VERIFIED,DETERMINISTIC_WS_ID_LINKAGE_NOT_VERIFIED,E,NO,NO,NO
722,WSSEC:WS:XNYS:MOH,WS:XNYS:MOH,XNYS,MOH,US_SP400,NOT_VERIFIED,DETERMINISTIC_WS_ID_LINKAGE_NOT_VERIFIED,E,NO,NO,NO
723,WSSEC:WS:XNYS:MOS,WS:XNYS:MOS,XNYS,MOS,US_SP500,NOT_VERIFIED,DETERMINISTIC_WS_ID_LINKAGE_NOT_VERIFIED,E,NO,NO,NO
724,WSSEC:WS:XNYS:MP,WS:XNYS:MP,XNYS,MP,US_SP400,NOT_VERIFIED,DETERMINISTIC_WS_ID_LINKAGE_NOT_VERIFIED,E,NO,NO,NO
725,WSSEC:WS:XNYS:MPC,WS:XNYS:MPC,XNYS,MPC,US_SP500,NOT_VERIFIED,DETERMINISTIC_WS_ID_LINKAGE_NOT_VERIFIED,E,NO,NO,NO
726,WSSEC:WS:XNYS:MRK,WS:XNYS:MRK,XNYS,MRK,US_SP500,NOT_VERIFIED,DETERMINISTIC_WS_ID_LINKAGE_NOT_VERIFIED,E,NO,NO,NO
727,WSSEC:WS:XNYS:MS,WS:XNYS:MS,XNYS,MS,US_SP500,NOT_VERIFIED,DETERMINISTIC_WS_ID_LINKAGE_NOT_VERIFIED,E,NO,NO,NO
728,WSSEC:WS:XNYS:MSA,WS:XNYS:MSA,XNYS,MSA,US_SP400,NOT_VERIFIED,DETERMINISTIC_WS_ID_LINKAGE_NOT_VERIFIED,E,NO,NO,NO
729,WSSEC:WS:XNYS:MSCI,WS:XNYS:MSCI,XNYS,MSCI,US_SP500,NOT_VERIFIED,DETERMINISTIC_WS_ID_LINKAGE_NOT_VERIFIED,E,NO,NO,NO
730,WSSEC:WS:XNYS:MSI,WS:XNYS:MSI,XNYS,MSI,US_SP500,NOT_VERIFIED,DETERMINISTIC_WS_ID_LINKAGE_NOT_VERIFIED,E,NO,NO,NO
731,WSSEC:WS:XNYS:MSM,WS:XNYS:MSM,XNYS,MSM,US_SP400,NOT_VERIFIED,DETERMINISTIC_WS_ID_LINKAGE_NOT_VERIFIED,E,NO,NO,NO
732,WSSEC:WS:XNYS:MTB,WS:XNYS:MTB,XNYS,MTB,US_SP500,NOT_VERIFIED,DETERMINISTIC_WS_ID_LINKAGE_NOT_VERIFIED,E,NO,NO,NO
733,WSSEC:WS:XNYS:MTD,WS:XNYS:MTD,XNYS,MTD,US_SP500,NOT_VERIFIED,DETERMINISTIC_WS_ID_LINKAGE_NOT_VERIFIED,E,NO,NO,NO
734,WSSEC:WS:XNYS:MTDR,WS:XNYS:MTDR,XNYS,MTDR,US_SP400,NOT_VERIFIED,DETERMINISTIC_WS_ID_LINKAGE_NOT_VERIFIED,E,NO,NO,NO
735,WSSEC:WS:XNYS:MTG,WS:XNYS:MTG,XNYS,MTG,US_SP400,NOT_VERIFIED,DETERMINISTIC_WS_ID_LINKAGE_NOT_VERIFIED,E,NO,NO,NO
736,WSSEC:WS:XNYS:MTN,WS:XNYS:MTN,XNYS,MTN,US_SP400,NOT_VERIFIED,DETERMINISTIC_WS_ID_LINKAGE_NOT_VERIFIED,E,NO,NO,NO
737,WSSEC:WS:XNYS:MTZ,WS:XNYS:MTZ,XNYS,MTZ,US_SP400,NOT_VERIFIED,DETERMINISTIC_WS_ID_LINKAGE_NOT_VERIFIED,E,NO,NO,NO
738,WSSEC:WS:XNYS:MUR,WS:XNYS:MUR,XNYS,MUR,US_SP400,NOT_VERIFIED,DETERMINISTIC_WS_ID_LINKAGE_NOT_VERIFIED,E,NO,NO,NO
739,WSSEC:WS:XNYS:MUSA,WS:XNYS:MUSA,XNYS,MUSA,US_SP400,NOT_VERIFIED,DETERMINISTIC_WS_ID_LINKAGE_NOT_VERIFIED,E,NO,NO,NO
740,WSSEC:WS:XNYS:NEM,WS:XNYS:NEM,XNYS,NEM,US_SP500,NOT_VERIFIED,DETERMINISTIC_WS_ID_LINKAGE_NOT_VERIFIED,E,NO,NO,NO
741,WSSEC:WS:XNYS:NEU,WS:XNYS:NEU,XNYS,NEU,US_SP400,NOT_VERIFIED,DETERMINISTIC_WS_ID_LINKAGE_NOT_VERIFIED,E,NO,NO,NO
742,WSSEC:WS:XNYS:NFG,WS:XNYS:NFG,XNYS,NFG,US_SP400,NOT_VERIFIED,DETERMINISTIC_WS_ID_LINKAGE_NOT_VERIFIED,E,NO,NO,NO
743,WSSEC:WS:XNYS:NI,WS:XNYS:NI,XNYS,NI,US_SP500,NOT_VERIFIED,DETERMINISTIC_WS_ID_LINKAGE_NOT_VERIFIED,E,NO,NO,NO
744,WSSEC:WS:XNYS:NJR,WS:XNYS:NJR,XNYS,NJR,US_SP400,NOT_VERIFIED,DETERMINISTIC_WS_ID_LINKAGE_NOT_VERIFIED,E,NO,NO,NO
745,WSSEC:WS:XNYS:NKE,WS:XNYS:NKE,XNYS,NKE,US_SP500,NOT_VERIFIED,DETERMINISTIC_WS_ID_LINKAGE_NOT_VERIFIED,E,NO,NO,NO
746,WSSEC:WS:XNYS:NOC,WS:XNYS:NOC,XNYS,NOC,US_SP500,NOT_VERIFIED,DETERMINISTIC_WS_ID_LINKAGE_NOT_VERIFIED,E,NO,NO,NO
747,WSSEC:WS:XNYS:NOV,WS:XNYS:NOV,XNYS,NOV,US_SP400,NOT_VERIFIED,DETERMINISTIC_WS_ID_LINKAGE_NOT_VERIFIED,E,NO,NO,NO
748,WSSEC:WS:XNYS:NOW,WS:XNYS:NOW,XNYS,NOW,US_SP500,NOT_VERIFIED,DETERMINISTIC_WS_ID_LINKAGE_NOT_VERIFIED,E,NO,NO,NO
749,WSSEC:WS:XNYS:NRG,WS:XNYS:NRG,XNYS,NRG,US_SP500,NOT_VERIFIED,DETERMINISTIC_WS_ID_LINKAGE_NOT_VERIFIED,E,NO,NO,NO
750,WSSEC:WS:XNYS:NSC,WS:XNYS:NSC,XNYS,NSC,US_SP500,NOT_VERIFIED,DETERMINISTIC_WS_ID_LINKAGE_NOT_VERIFIED,E,NO,NO,NO
751,WSSEC:WS:XNYS:NUE,WS:XNYS:NUE,XNYS,NUE,US_SP500,NOT_VERIFIED,DETERMINISTIC_WS_ID_LINKAGE_NOT_VERIFIED,E,NO,NO,NO
752,WSSEC:WS:XNYS:NVR,WS:XNYS:NVR,XNYS,NVR,US_SP500,NOT_VERIFIED,DETERMINISTIC_WS_ID_LINKAGE_NOT_VERIFIED,E,NO,NO,NO
753,WSSEC:WS:XNYS:NVST,WS:XNYS:NVST,XNYS,NVST,US_SP400,NOT_VERIFIED,DETERMINISTIC_WS_ID_LINKAGE_NOT_VERIFIED,E,NO,NO,NO
754,WSSEC:WS:XNYS:NVT,WS:XNYS:NVT,XNYS,NVT,US_SP400,NOT_VERIFIED,DETERMINISTIC_WS_ID_LINKAGE_NOT_VERIFIED,E,NO,NO,NO
755,WSSEC:WS:XNYS:NYT,WS:XNYS:NYT,XNYS,NYT,US_SP400,NOT_VERIFIED,DETERMINISTIC_WS_ID_LINKAGE_NOT_VERIFIED,E,NO,NO,NO
756,WSSEC:WS:XNYS:OC,WS:XNYS:OC,XNYS,OC,US_SP400,NOT_VERIFIED,DETERMINISTIC_WS_ID_LINKAGE_NOT_VERIFIED,E,NO,NO,NO
757,WSSEC:WS:XNYS:OGE,WS:XNYS:OGE,XNYS,OGE,US_SP400,NOT_VERIFIED,DETERMINISTIC_WS_ID_LINKAGE_NOT_VERIFIED,E,NO,NO,NO
758,WSSEC:WS:XNYS:OGS,WS:XNYS:OGS,XNYS,OGS,US_SP400,NOT_VERIFIED,DETERMINISTIC_WS_ID_LINKAGE_NOT_VERIFIED,E,NO,NO,NO
759,WSSEC:WS:XNYS:OKE,WS:XNYS:OKE,XNYS,OKE,US_SP500,NOT_VERIFIED,DETERMINISTIC_WS_ID_LINKAGE_NOT_VERIFIED,E,NO,NO,NO
760,WSSEC:WS:XNYS:OLN,WS:XNYS:OLN,XNYS,OLN,US_SP400,NOT_VERIFIED,DETERMINISTIC_WS_ID_LINKAGE_NOT_VERIFIED,E,NO,NO,NO
761,WSSEC:WS:XNYS:OMC,WS:XNYS:OMC,XNYS,OMC,US_SP500,NOT_VERIFIED,DETERMINISTIC_WS_ID_LINKAGE_NOT_VERIFIED,E,NO,NO,NO
762,WSSEC:WS:XNYS:ONTO,WS:XNYS:ONTO,XNYS,ONTO,US_SP400,NOT_VERIFIED,DETERMINISTIC_WS_ID_LINKAGE_NOT_VERIFIED,E,NO,NO,NO
763,WSSEC:WS:XNYS:ORA,WS:XNYS:ORA,XNYS,ORA,US_SP400,NOT_VERIFIED,DETERMINISTIC_WS_ID_LINKAGE_NOT_VERIFIED,E,NO,NO,NO
764,WSSEC:WS:XNYS:ORI,WS:XNYS:ORI,XNYS,ORI,US_SP400,NOT_VERIFIED,DETERMINISTIC_WS_ID_LINKAGE_NOT_VERIFIED,E,NO,NO,NO
765,WSSEC:WS:XNYS:OSK,WS:XNYS:OSK,XNYS,OSK,US_SP400,NOT_VERIFIED,DETERMINISTIC_WS_ID_LINKAGE_NOT_VERIFIED,E,NO,NO,NO
766,WSSEC:WS:XNYS:OTIS,WS:XNYS:OTIS,XNYS,OTIS,US_SP500,NOT_VERIFIED,DETERMINISTIC_WS_ID_LINKAGE_NOT_VERIFIED,E,NO,NO,NO
767,WSSEC:WS:XNYS:OVV,WS:XNYS:OVV,XNYS,OVV,US_SP400,NOT_VERIFIED,DETERMINISTIC_WS_ID_LINKAGE_NOT_VERIFIED,E,NO,NO,NO
768,WSSEC:WS:XNYS:OXY,WS:XNYS:OXY,XNYS,OXY,US_SP500,NOT_VERIFIED,DETERMINISTIC_WS_ID_LINKAGE_NOT_VERIFIED,E,NO,NO,NO
769,WSSEC:WS:XNYS:P,WS:XNYS:P,XNYS,P,US_SP400,NOT_VERIFIED,DETERMINISTIC_WS_ID_LINKAGE_NOT_VERIFIED,E,NO,NO,NO
770,WSSEC:WS:XNYS:PAG,WS:XNYS:PAG,XNYS,PAG,US_SP400,NOT_VERIFIED,DETERMINISTIC_WS_ID_LINKAGE_NOT_VERIFIED,E,NO,NO,NO
771,WSSEC:WS:XNYS:PATH,WS:XNYS:PATH,XNYS,PATH,US_SP400,NOT_VERIFIED,DETERMINISTIC_WS_ID_LINKAGE_NOT_VERIFIED,E,NO,NO,NO
772,WSSEC:WS:XNYS:PB,WS:XNYS:PB,XNYS,PB,US_SP400,NOT_VERIFIED,DETERMINISTIC_WS_ID_LINKAGE_NOT_VERIFIED,E,NO,NO,NO
773,WSSEC:WS:XNYS:PBF,WS:XNYS:PBF,XNYS,PBF,US_SP400,NOT_VERIFIED,DETERMINISTIC_WS_ID_LINKAGE_NOT_VERIFIED,E,NO,NO,NO
774,WSSEC:WS:XNYS:PCG,WS:XNYS:PCG,XNYS,PCG,US_SP500,NOT_VERIFIED,DETERMINISTIC_WS_ID_LINKAGE_NOT_VERIFIED,E,NO,NO,NO
775,WSSEC:WS:XNYS:PEG,WS:XNYS:PEG,XNYS,PEG,US_SP500,NOT_VERIFIED,DETERMINISTIC_WS_ID_LINKAGE_NOT_VERIFIED,E,NO,NO,NO
776,WSSEC:WS:XNYS:PEN,WS:XNYS:PEN,XNYS,PEN,US_SP400,NOT_VERIFIED,DETERMINISTIC_WS_ID_LINKAGE_NOT_VERIFIED,E,NO,NO,NO
777,WSSEC:WS:XNYS:PEP,WS:XNYS:PEP,XNYS,PEP,US_SP500,NOT_VERIFIED,DETERMINISTIC_WS_ID_LINKAGE_NOT_VERIFIED,E,NO,NO,NO
778,WSSEC:WS:XNYS:PFE,WS:XNYS:PFE,XNYS,PFE,US_SP500,NOT_VERIFIED,DETERMINISTIC_WS_ID_LINKAGE_NOT_VERIFIED,E,NO,NO,NO
779,WSSEC:WS:XNYS:PFGC,WS:XNYS:PFGC,XNYS,PFGC,US_SP400,NOT_VERIFIED,DETERMINISTIC_WS_ID_LINKAGE_NOT_VERIFIED,E,NO,NO,NO
780,WSSEC:WS:XNYS:PG,WS:XNYS:PG,XNYS,PG,US_SP500,NOT_VERIFIED,DETERMINISTIC_WS_ID_LINKAGE_NOT_VERIFIED,E,NO,NO,NO
781,WSSEC:WS:XNYS:PGR,WS:XNYS:PGR,XNYS,PGR,US_SP500,NOT_VERIFIED,DETERMINISTIC_WS_ID_LINKAGE_NOT_VERIFIED,E,NO,NO,NO
782,WSSEC:WS:XNYS:PH,WS:XNYS:PH,XNYS,PH,US_SP500,NOT_VERIFIED,DETERMINISTIC_WS_ID_LINKAGE_NOT_VERIFIED,E,NO,NO,NO
783,WSSEC:WS:XNYS:PHM,WS:XNYS:PHM,XNYS,PHM,US_SP500,NOT_VERIFIED,DETERMINISTIC_WS_ID_LINKAGE_NOT_VERIFIED,E,NO,NO,NO
784,WSSEC:WS:XNYS:PII,WS:XNYS:PII,XNYS,PII,US_SP400,NOT_VERIFIED,DETERMINISTIC_WS_ID_LINKAGE_NOT_VERIFIED,E,NO,NO,NO
785,WSSEC:WS:XNYS:PINS,WS:XNYS:PINS,XNYS,PINS,US_SP400,NOT_VERIFIED,DETERMINISTIC_WS_ID_LINKAGE_NOT_VERIFIED,E,NO,NO,NO
786,WSSEC:WS:XNYS:PKG,WS:XNYS:PKG,XNYS,PKG,US_SP500,NOT_VERIFIED,DETERMINISTIC_WS_ID_LINKAGE_NOT_VERIFIED,E,NO,NO,NO
787,WSSEC:WS:XNYS:PLNT,WS:XNYS:PLNT,XNYS,PLNT,US_SP400,NOT_VERIFIED,DETERMINISTIC_WS_ID_LINKAGE_NOT_VERIFIED,E,NO,NO,NO
788,WSSEC:WS:XNYS:PLTR,WS:XNYS:PLTR,XNYS,PLTR,US_SP500,NOT_VERIFIED,DETERMINISTIC_WS_ID_LINKAGE_NOT_VERIFIED,E,NO,NO,NO
789,WSSEC:WS:XNYS:PM,WS:XNYS:PM,XNYS,PM,US_SP500,NOT_VERIFIED,DETERMINISTIC_WS_ID_LINKAGE_NOT_VERIFIED,E,NO,NO,NO
790,WSSEC:WS:XNYS:PNC,WS:XNYS:PNC,XNYS,PNC,US_SP500,NOT_VERIFIED,DETERMINISTIC_WS_ID_LINKAGE_NOT_VERIFIED,E,NO,NO,NO
791,WSSEC:WS:XNYS:PNFP,WS:XNYS:PNFP,XNYS,PNFP,US_SP400,NOT_VERIFIED,DETERMINISTIC_WS_ID_LINKAGE_NOT_VERIFIED,E,NO,NO,NO
792,WSSEC:WS:XNYS:PNW,WS:XNYS:PNW,XNYS,PNW,US_SP500,NOT_VERIFIED,DETERMINISTIC_WS_ID_LINKAGE_NOT_VERIFIED,E,NO,NO,NO
793,WSSEC:WS:XNYS:POR,WS:XNYS:POR,XNYS,POR,US_SP400,NOT_VERIFIED,DETERMINISTIC_WS_ID_LINKAGE_NOT_VERIFIED,E,NO,NO,NO
794,WSSEC:WS:XNYS:POST,WS:XNYS:POST,XNYS,POST,US_SP400,NOT_VERIFIED,DETERMINISTIC_WS_ID_LINKAGE_NOT_VERIFIED,E,NO,NO,NO
795,WSSEC:WS:XNYS:PPG,WS:XNYS:PPG,XNYS,PPG,US_SP500,NOT_VERIFIED,DETERMINISTIC_WS_ID_LINKAGE_NOT_VERIFIED,E,NO,NO,NO
796,WSSEC:WS:XNYS:PPL,WS:XNYS:PPL,XNYS,PPL,US_SP500,NOT_VERIFIED,DETERMINISTIC_WS_ID_LINKAGE_NOT_VERIFIED,E,NO,NO,NO
797,WSSEC:WS:XNYS:PR,WS:XNYS:PR,XNYS,PR,US_SP400,NOT_VERIFIED,DETERMINISTIC_WS_ID_LINKAGE_NOT_VERIFIED,E,NO,NO,NO
798,WSSEC:WS:XNYS:PRI,WS:XNYS:PRI,XNYS,PRI,US_SP400,NOT_VERIFIED,DETERMINISTIC_WS_ID_LINKAGE_NOT_VERIFIED,E,NO,NO,NO
799,WSSEC:WS:XNYS:PSN,WS:XNYS:PSN,XNYS,PSN,US_SP400,NOT_VERIFIED,DETERMINISTIC_WS_ID_LINKAGE_NOT_VERIFIED,E,NO,NO,NO
800,WSSEC:WS:XNYS:PSX,WS:XNYS:PSX,XNYS,PSX,US_SP500,NOT_VERIFIED,DETERMINISTIC_WS_ID_LINKAGE_NOT_VERIFIED,E,NO,NO,NO
801,WSSEC:WS:XNYS:PVH,WS:XNYS:PVH,XNYS,PVH,US_SP400,NOT_VERIFIED,DETERMINISTIC_WS_ID_LINKAGE_NOT_VERIFIED,E,NO,NO,NO
802,WSSEC:WS:XNYS:PWR,WS:XNYS:PWR,XNYS,PWR,US_SP500,NOT_VERIFIED,DETERMINISTIC_WS_ID_LINKAGE_NOT_VERIFIED,E,NO,NO,NO
803,WSSEC:WS:XNYS:R,WS:XNYS:R,XNYS,R,US_SP400,NOT_VERIFIED,DETERMINISTIC_WS_ID_LINKAGE_NOT_VERIFIED,E,NO,NO,NO
804,WSSEC:WS:XNYS:RBA,WS:XNYS:RBA,XNYS,RBA,US_SP400,NOT_VERIFIED,DETERMINISTIC_WS_ID_LINKAGE_NOT_VERIFIED,E,NO,NO,NO
805,WSSEC:WS:XNYS:RBC,WS:XNYS:RBC,XNYS,RBC,US_SP400,NOT_VERIFIED,DETERMINISTIC_WS_ID_LINKAGE_NOT_VERIFIED,E,NO,NO,NO
806,WSSEC:WS:XNYS:RF,WS:XNYS:RF,XNYS,RF,US_SP500,NOT_VERIFIED,DETERMINISTIC_WS_ID_LINKAGE_NOT_VERIFIED,E,NO,NO,NO
807,WSSEC:WS:XNYS:RGA,WS:XNYS:RGA,XNYS,RGA,US_SP400,NOT_VERIFIED,DETERMINISTIC_WS_ID_LINKAGE_NOT_VERIFIED,E,NO,NO,NO
808,WSSEC:WS:XNYS:RH,WS:XNYS:RH,XNYS,RH,US_SP400,NOT_VERIFIED,DETERMINISTIC_WS_ID_LINKAGE_NOT_VERIFIED,E,NO,NO,NO
809,WSSEC:WS:XNYS:RJF,WS:XNYS:RJF,XNYS,RJF,US_SP500,NOT_VERIFIED,DETERMINISTIC_WS_ID_LINKAGE_NOT_VERIFIED,E,NO,NO,NO
810,WSSEC:WS:XNYS:RL,WS:XNYS:RL,XNYS,RL,US_SP500,NOT_VERIFIED,DETERMINISTIC_WS_ID_LINKAGE_NOT_VERIFIED,E,NO,NO,NO
811,WSSEC:WS:XNYS:RLI,WS:XNYS:RLI,XNYS,RLI,US_SP400,NOT_VERIFIED,DETERMINISTIC_WS_ID_LINKAGE_NOT_VERIFIED,E,NO,NO,NO
812,WSSEC:WS:XNYS:RMD,WS:XNYS:RMD,XNYS,RMD,US_SP500,NOT_VERIFIED,DETERMINISTIC_WS_ID_LINKAGE_NOT_VERIFIED,E,NO,NO,NO
813,WSSEC:WS:XNYS:RNR,WS:XNYS:RNR,XNYS,RNR,US_SP400,NOT_VERIFIED,DETERMINISTIC_WS_ID_LINKAGE_NOT_VERIFIED,E,NO,NO,NO
814,WSSEC:WS:XNYS:ROK,WS:XNYS:ROK,XNYS,ROK,US_SP500,NOT_VERIFIED,DETERMINISTIC_WS_ID_LINKAGE_NOT_VERIFIED,E,NO,NO,NO
815,WSSEC:WS:XNYS:ROL,WS:XNYS:ROL,XNYS,ROL,US_SP500,NOT_VERIFIED,DETERMINISTIC_WS_ID_LINKAGE_NOT_VERIFIED,E,NO,NO,NO
816,WSSEC:WS:XNYS:ROP,WS:XNYS:ROP,XNYS,ROP,US_SP500,NOT_VERIFIED,DETERMINISTIC_WS_ID_LINKAGE_NOT_VERIFIED,E,NO,NO,NO
817,WSSEC:WS:XNYS:RPM,WS:XNYS:RPM,XNYS,RPM,US_SP400,NOT_VERIFIED,DETERMINISTIC_WS_ID_LINKAGE_NOT_VERIFIED,E,NO,NO,NO
818,WSSEC:WS:XNYS:RRC,WS:XNYS:RRC,XNYS,RRC,US_SP400,NOT_VERIFIED,DETERMINISTIC_WS_ID_LINKAGE_NOT_VERIFIED,E,NO,NO,NO
819,WSSEC:WS:XNYS:RRX,WS:XNYS:RRX,XNYS,RRX,US_SP400,NOT_VERIFIED,DETERMINISTIC_WS_ID_LINKAGE_NOT_VERIFIED,E,NO,NO,NO
820,WSSEC:WS:XNYS:RS,WS:XNYS:RS,XNYS,RS,US_SP400,NOT_VERIFIED,DETERMINISTIC_WS_ID_LINKAGE_NOT_VERIFIED,E,NO,NO,NO
821,WSSEC:WS:XNYS:RSG,WS:XNYS:RSG,XNYS,RSG,US_SP500,NOT_VERIFIED,DETERMINISTIC_WS_ID_LINKAGE_NOT_VERIFIED,E,NO,NO,NO
822,WSSEC:WS:XNYS:RTX,WS:XNYS:RTX,XNYS,RTX,US_SP500,NOT_VERIFIED,DETERMINISTIC_WS_ID_LINKAGE_NOT_VERIFIED,E,NO,NO,NO
823,WSSEC:WS:XNYS:RYAN,WS:XNYS:RYAN,XNYS,RYAN,US_SP400,NOT_VERIFIED,DETERMINISTIC_WS_ID_LINKAGE_NOT_VERIFIED,E,NO,NO,NO
824,WSSEC:WS:XNYS:SAM,WS:XNYS:SAM,XNYS,SAM,US_SP400,NOT_VERIFIED,DETERMINISTIC_WS_ID_LINKAGE_NOT_VERIFIED,E,NO,NO,NO
825,WSSEC:WS:XNYS:SARO,WS:XNYS:SARO,XNYS,SARO,US_SP400,NOT_VERIFIED,DETERMINISTIC_WS_ID_LINKAGE_NOT_VERIFIED,E,NO,NO,NO
826,WSSEC:WS:XNYS:SCHW,WS:XNYS:SCHW,XNYS,SCHW,US_SP500,NOT_VERIFIED,DETERMINISTIC_WS_ID_LINKAGE_NOT_VERIFIED,E,NO,NO,NO
827,WSSEC:WS:XNYS:SCI,WS:XNYS:SCI,XNYS,SCI,US_SP400,NOT_VERIFIED,DETERMINISTIC_WS_ID_LINKAGE_NOT_VERIFIED,E,NO,NO,NO
828,WSSEC:WS:XNYS:SF,WS:XNYS:SF,XNYS,SF,US_SP400,NOT_VERIFIED,DETERMINISTIC_WS_ID_LINKAGE_NOT_VERIFIED,E,NO,NO,NO
829,WSSEC:WS:XNYS:SGI,WS:XNYS:SGI,XNYS,SGI,US_SP400,NOT_VERIFIED,DETERMINISTIC_WS_ID_LINKAGE_NOT_VERIFIED,E,NO,NO,NO
830,WSSEC:WS:XNYS:SHW,WS:XNYS:SHW,XNYS,SHW,US_SP500,NOT_VERIFIED,DETERMINISTIC_WS_ID_LINKAGE_NOT_VERIFIED,E,NO,NO,NO
831,WSSEC:WS:XNYS:SJM,WS:XNYS:SJM,XNYS,SJM,US_SP500,NOT_VERIFIED,DETERMINISTIC_WS_ID_LINKAGE_NOT_VERIFIED,E,NO,NO,NO
832,WSSEC:WS:XNYS:SLGN,WS:XNYS:SLGN,XNYS,SLGN,US_SP400,NOT_VERIFIED,DETERMINISTIC_WS_ID_LINKAGE_NOT_VERIFIED,E,NO,NO,NO
833,WSSEC:WS:XNYS:SMG,WS:XNYS:SMG,XNYS,SMG,US_SP400,NOT_VERIFIED,DETERMINISTIC_WS_ID_LINKAGE_NOT_VERIFIED,E,NO,NO,NO
834,WSSEC:WS:XNYS:SN,WS:XNYS:SN,XNYS,SN,US_SP400,NOT_VERIFIED,DETERMINISTIC_WS_ID_LINKAGE_NOT_VERIFIED,E,NO,NO,NO
835,WSSEC:WS:XNYS:SNA,WS:XNYS:SNA,XNYS,SNA,US_SP500,NOT_VERIFIED,DETERMINISTIC_WS_ID_LINKAGE_NOT_VERIFIED,E,NO,NO,NO
836,WSSEC:WS:XNYS:SNX,WS:XNYS:SNX,XNYS,SNX,US_SP400,NOT_VERIFIED,DETERMINISTIC_WS_ID_LINKAGE_NOT_VERIFIED,E,NO,NO,NO
837,WSSEC:WS:XNYS:SO,WS:XNYS:SO,XNYS,SO,US_SP500,NOT_VERIFIED,DETERMINISTIC_WS_ID_LINKAGE_NOT_VERIFIED,E,NO,NO,NO
838,WSSEC:WS:XNYS:SOLV,WS:XNYS:SOLV,XNYS,SOLV,US_SP500,NOT_VERIFIED,DETERMINISTIC_WS_ID_LINKAGE_NOT_VERIFIED,E,NO,NO,NO
839,WSSEC:WS:XNYS:SON,WS:XNYS:SON,XNYS,SON,US_SP400,NOT_VERIFIED,DETERMINISTIC_WS_ID_LINKAGE_NOT_VERIFIED,E,NO,NO,NO
840,WSSEC:WS:XNYS:SPGI,WS:XNYS:SPGI,XNYS,SPGI,US_SP500,NOT_VERIFIED,DETERMINISTIC_WS_ID_LINKAGE_NOT_VERIFIED,E,NO,NO,NO
841,WSSEC:WS:XNYS:SPXC,WS:XNYS:SPXC,XNYS,SPXC,US_SP400,NOT_VERIFIED,DETERMINISTIC_WS_ID_LINKAGE_NOT_VERIFIED,E,NO,NO,NO
842,WSSEC:WS:XNYS:SR,WS:XNYS:SR,XNYS,SR,US_SP400,NOT_VERIFIED,DETERMINISTIC_WS_ID_LINKAGE_NOT_VERIFIED,E,NO,NO,NO
843,WSSEC:WS:XNYS:SSB,WS:XNYS:SSB,XNYS,SSB,US_SP400,NOT_VERIFIED,DETERMINISTIC_WS_ID_LINKAGE_NOT_VERIFIED,E,NO,NO,NO
844,WSSEC:WS:XNYS:SSD,WS:XNYS:SSD,XNYS,SSD,US_SP400,NOT_VERIFIED,DETERMINISTIC_WS_ID_LINKAGE_NOT_VERIFIED,E,NO,NO,NO
845,WSSEC:WS:XNYS:ST,WS:XNYS:ST,XNYS,ST,US_SP400,NOT_VERIFIED,DETERMINISTIC_WS_ID_LINKAGE_NOT_VERIFIED,E,NO,NO,NO
846,WSSEC:WS:XNYS:STT,WS:XNYS:STT,XNYS,STT,US_SP500,NOT_VERIFIED,DETERMINISTIC_WS_ID_LINKAGE_NOT_VERIFIED,E,NO,NO,NO
847,WSSEC:WS:XNYS:STZ,WS:XNYS:STZ,XNYS,STZ,US_SP500,NOT_VERIFIED,DETERMINISTIC_WS_ID_LINKAGE_NOT_VERIFIED,E,NO,NO,NO
848,WSSEC:WS:XNYS:SWK,WS:XNYS:SWK,XNYS,SWK,US_SP500,NOT_VERIFIED,DETERMINISTIC_WS_ID_LINKAGE_NOT_VERIFIED,E,NO,NO,NO
849,WSSEC:WS:XNYS:SWX,WS:XNYS:SWX,XNYS,SWX,US_SP400,NOT_VERIFIED,DETERMINISTIC_WS_ID_LINKAGE_NOT_VERIFIED,E,NO,NO,NO
850,WSSEC:WS:XNYS:SYF,WS:XNYS:SYF,XNYS,SYF,US_SP500,NOT_VERIFIED,DETERMINISTIC_WS_ID_LINKAGE_NOT_VERIFIED,E,NO,NO,NO
851,WSSEC:WS:XNYS:SYK,WS:XNYS:SYK,XNYS,SYK,US_SP500,NOT_VERIFIED,DETERMINISTIC_WS_ID_LINKAGE_NOT_VERIFIED,E,NO,NO,NO
852,WSSEC:WS:XNYS:SYY,WS:XNYS:SYY,XNYS,SYY,US_SP500,NOT_VERIFIED,DETERMINISTIC_WS_ID_LINKAGE_NOT_VERIFIED,E,NO,NO,NO
853,WSSEC:WS:XNYS:T,WS:XNYS:T,XNYS,T,US_SP500,NOT_VERIFIED,DETERMINISTIC_WS_ID_LINKAGE_NOT_VERIFIED,E,NO,NO,NO
854,WSSEC:WS:XNYS:TAP,WS:XNYS:TAP,XNYS,TAP,US_SP500,NOT_VERIFIED,DETERMINISTIC_WS_ID_LINKAGE_NOT_VERIFIED,E,NO,NO,NO
855,WSSEC:WS:XNYS:TDG,WS:XNYS:TDG,XNYS,TDG,US_SP500,NOT_VERIFIED,DETERMINISTIC_WS_ID_LINKAGE_NOT_VERIFIED,E,NO,NO,NO
856,WSSEC:WS:XNYS:TDY,WS:XNYS:TDY,XNYS,TDY,US_SP500,NOT_VERIFIED,DETERMINISTIC_WS_ID_LINKAGE_NOT_VERIFIED,E,NO,NO,NO
857,WSSEC:WS:XNYS:TEX,WS:XNYS:TEX,XNYS,TEX,US_SP400,NOT_VERIFIED,DETERMINISTIC_WS_ID_LINKAGE_NOT_VERIFIED,E,NO,NO,NO
858,WSSEC:WS:XNYS:TFC,WS:XNYS:TFC,XNYS,TFC,US_SP500,NOT_VERIFIED,DETERMINISTIC_WS_ID_LINKAGE_NOT_VERIFIED,E,NO,NO,NO
859,WSSEC:WS:XNYS:TGT,WS:XNYS:TGT,XNYS,TGT,US_SP500,NOT_VERIFIED,DETERMINISTIC_WS_ID_LINKAGE_NOT_VERIFIED,E,NO,NO,NO
860,WSSEC:WS:XNYS:THC,WS:XNYS:THC,XNYS,THC,US_SP400,NOT_VERIFIED,DETERMINISTIC_WS_ID_LINKAGE_NOT_VERIFIED,E,NO,NO,NO
861,WSSEC:WS:XNYS:THG,WS:XNYS:THG,XNYS,THG,US_SP400,NOT_VERIFIED,DETERMINISTIC_WS_ID_LINKAGE_NOT_VERIFIED,E,NO,NO,NO
862,WSSEC:WS:XNYS:THO,WS:XNYS:THO,XNYS,THO,US_SP400,NOT_VERIFIED,DETERMINISTIC_WS_ID_LINKAGE_NOT_VERIFIED,E,NO,NO,NO
863,WSSEC:WS:XNYS:TJX,WS:XNYS:TJX,XNYS,TJX,US_SP500,NOT_VERIFIED,DETERMINISTIC_WS_ID_LINKAGE_NOT_VERIFIED,E,NO,NO,NO
864,WSSEC:WS:XNYS:TKO,WS:XNYS:TKO,XNYS,TKO,US_SP500,NOT_VERIFIED,DETERMINISTIC_WS_ID_LINKAGE_NOT_VERIFIED,E,NO,NO,NO
865,WSSEC:WS:XNYS:TKR,WS:XNYS:TKR,XNYS,TKR,US_SP400,NOT_VERIFIED,DETERMINISTIC_WS_ID_LINKAGE_NOT_VERIFIED,E,NO,NO,NO
866,WSSEC:WS:XNYS:TMO,WS:XNYS:TMO,XNYS,TMO,US_SP500,NOT_VERIFIED,DETERMINISTIC_WS_ID_LINKAGE_NOT_VERIFIED,E,NO,NO,NO
867,WSSEC:WS:XNYS:TNL,WS:XNYS:TNL,XNYS,TNL,US_SP400,NOT_VERIFIED,DETERMINISTIC_WS_ID_LINKAGE_NOT_VERIFIED,E,NO,NO,NO
868,WSSEC:WS:XNYS:TOL,WS:XNYS:TOL,XNYS,TOL,US_SP400,NOT_VERIFIED,DETERMINISTIC_WS_ID_LINKAGE_NOT_VERIFIED,E,NO,NO,NO
869,WSSEC:WS:XNYS:TOST,WS:XNYS:TOST,XNYS,TOST,US_SP400,NOT_VERIFIED,DETERMINISTIC_WS_ID_LINKAGE_NOT_VERIFIED,E,NO,NO,NO
870,WSSEC:WS:XNYS:TPL,WS:XNYS:TPL,XNYS,TPL,US_SP500,NOT_VERIFIED,DETERMINISTIC_WS_ID_LINKAGE_NOT_VERIFIED,E,NO,NO,NO
871,WSSEC:WS:XNYS:TPR,WS:XNYS:TPR,XNYS,TPR,US_SP500,NOT_VERIFIED,DETERMINISTIC_WS_ID_LINKAGE_NOT_VERIFIED,E,NO,NO,NO
872,WSSEC:WS:XNYS:TREX,WS:XNYS:TREX,XNYS,TREX,US_SP400,NOT_VERIFIED,DETERMINISTIC_WS_ID_LINKAGE_NOT_VERIFIED,E,NO,NO,NO
873,WSSEC:WS:XNYS:TRGP,WS:XNYS:TRGP,XNYS,TRGP,US_SP500,NOT_VERIFIED,DETERMINISTIC_WS_ID_LINKAGE_NOT_VERIFIED,E,NO,NO,NO
874,WSSEC:WS:XNYS:TRU,WS:XNYS:TRU,XNYS,TRU,US_SP400,NOT_VERIFIED,DETERMINISTIC_WS_ID_LINKAGE_NOT_VERIFIED,E,NO,NO,NO
875,WSSEC:WS:XNYS:TRV,WS:XNYS:TRV,XNYS,TRV,US_SP500,NOT_VERIFIED,DETERMINISTIC_WS_ID_LINKAGE_NOT_VERIFIED,E,NO,NO,NO
876,WSSEC:WS:XNYS:TSN,WS:XNYS:TSN,XNYS,TSN,US_SP500,NOT_VERIFIED,DETERMINISTIC_WS_ID_LINKAGE_NOT_VERIFIED,E,NO,NO,NO
877,WSSEC:WS:XNYS:TTC,WS:XNYS:TTC,XNYS,TTC,US_SP400,NOT_VERIFIED,DETERMINISTIC_WS_ID_LINKAGE_NOT_VERIFIED,E,NO,NO,NO
878,WSSEC:WS:XNYS:TWLO,WS:XNYS:TWLO,XNYS,TWLO,US_SP400,NOT_VERIFIED,DETERMINISTIC_WS_ID_LINKAGE_NOT_VERIFIED,E,NO,NO,NO
879,WSSEC:WS:XNYS:TXNM,WS:XNYS:TXNM,XNYS,TXNM,US_SP400,NOT_VERIFIED,DETERMINISTIC_WS_ID_LINKAGE_NOT_VERIFIED,E,NO,NO,NO
880,WSSEC:WS:XNYS:TXT,WS:XNYS:TXT,XNYS,TXT,US_SP500,NOT_VERIFIED,DETERMINISTIC_WS_ID_LINKAGE_NOT_VERIFIED,E,NO,NO,NO
881,WSSEC:WS:XNYS:TYL,WS:XNYS:TYL,XNYS,TYL,US_SP500,NOT_VERIFIED,DETERMINISTIC_WS_ID_LINKAGE_NOT_VERIFIED,E,NO,NO,NO
882,WSSEC:WS:XNYS:UBER,WS:XNYS:UBER,XNYS,UBER,US_SP500,NOT_VERIFIED,DETERMINISTIC_WS_ID_LINKAGE_NOT_VERIFIED,E,NO,NO,NO
883,WSSEC:WS:XNYS:UGI,WS:XNYS:UGI,XNYS,UGI,US_SP400,NOT_VERIFIED,DETERMINISTIC_WS_ID_LINKAGE_NOT_VERIFIED,E,NO,NO,NO
884,WSSEC:WS:XNYS:UHS,WS:XNYS:UHS,XNYS,UHS,US_SP500,NOT_VERIFIED,DETERMINISTIC_WS_ID_LINKAGE_NOT_VERIFIED,E,NO,NO,NO
885,WSSEC:WS:XNYS:ULS,WS:XNYS:ULS,XNYS,ULS,US_SP400,NOT_VERIFIED,DETERMINISTIC_WS_ID_LINKAGE_NOT_VERIFIED,E,NO,NO,NO
886,WSSEC:WS:XNYS:UNH,WS:XNYS:UNH,XNYS,UNH,US_SP500,NOT_VERIFIED,DETERMINISTIC_WS_ID_LINKAGE_NOT_VERIFIED,E,NO,NO,NO
887,WSSEC:WS:XNYS:UNM,WS:XNYS:UNM,XNYS,UNM,US_SP400,NOT_VERIFIED,DETERMINISTIC_WS_ID_LINKAGE_NOT_VERIFIED,E,NO,NO,NO
888,WSSEC:WS:XNYS:UNP,WS:XNYS:UNP,XNYS,UNP,US_SP500,NOT_VERIFIED,DETERMINISTIC_WS_ID_LINKAGE_NOT_VERIFIED,E,NO,NO,NO
889,WSSEC:WS:XNYS:UPS,WS:XNYS:UPS,XNYS,UPS,US_SP500,NOT_VERIFIED,DETERMINISTIC_WS_ID_LINKAGE_NOT_VERIFIED,E,NO,NO,NO
890,WSSEC:WS:XNYS:URI,WS:XNYS:URI,XNYS,URI,US_SP500,NOT_VERIFIED,DETERMINISTIC_WS_ID_LINKAGE_NOT_VERIFIED,E,NO,NO,NO
891,WSSEC:WS:XNYS:USB,WS:XNYS:USB,XNYS,USB,US_SP500,NOT_VERIFIED,DETERMINISTIC_WS_ID_LINKAGE_NOT_VERIFIED,E,NO,NO,NO
892,WSSEC:WS:XNYS:USFD,WS:XNYS:USFD,XNYS,USFD,US_SP400,NOT_VERIFIED,DETERMINISTIC_WS_ID_LINKAGE_NOT_VERIFIED,E,NO,NO,NO
893,WSSEC:WS:XNYS:V,WS:XNYS:V,XNYS,V,US_SP500,NOT_VERIFIED,DETERMINISTIC_WS_ID_LINKAGE_NOT_VERIFIED,E,NO,NO,NO
894,WSSEC:WS:XNYS:VAL,WS:XNYS:VAL,XNYS,VAL,US_SP400,NOT_VERIFIED,DETERMINISTIC_WS_ID_LINKAGE_NOT_VERIFIED,E,NO,NO,NO
895,WSSEC:WS:XNYS:VEEV,WS:XNYS:VEEV,XNYS,VEEV,US_SP500,NOT_VERIFIED,DETERMINISTIC_WS_ID_LINKAGE_NOT_VERIFIED,E,NO,NO,NO
896,WSSEC:WS:XNYS:VFC,WS:XNYS:VFC,XNYS,VFC,US_SP400,NOT_VERIFIED,DETERMINISTIC_WS_ID_LINKAGE_NOT_VERIFIED,E,NO,NO,NO
897,WSSEC:WS:XNYS:VLO,WS:XNYS:VLO,XNYS,VLO,US_SP500,NOT_VERIFIED,DETERMINISTIC_WS_ID_LINKAGE_NOT_VERIFIED,E,NO,NO,NO
898,WSSEC:WS:XNYS:VLTO,WS:XNYS:VLTO,XNYS,VLTO,US_SP500,NOT_VERIFIED,DETERMINISTIC_WS_ID_LINKAGE_NOT_VERIFIED,E,NO,NO,NO
899,WSSEC:WS:XNYS:VMC,WS:XNYS:VMC,XNYS,VMC,US_SP500,NOT_VERIFIED,DETERMINISTIC_WS_ID_LINKAGE_NOT_VERIFIED,E,NO,NO,NO
900,WSSEC:WS:XNYS:VMI,WS:XNYS:VMI,XNYS,VMI,US_SP400,NOT_VERIFIED,DETERMINISTIC_WS_ID_LINKAGE_NOT_VERIFIED,E,NO,NO,NO
901,WSSEC:WS:XNYS:VNT,WS:XNYS:VNT,XNYS,VNT,US_SP400,NOT_VERIFIED,DETERMINISTIC_WS_ID_LINKAGE_NOT_VERIFIED,E,NO,NO,NO
902,WSSEC:WS:XNYS:VOYA,WS:XNYS:VOYA,XNYS,VOYA,US_SP400,NOT_VERIFIED,DETERMINISTIC_WS_ID_LINKAGE_NOT_VERIFIED,E,NO,NO,NO
903,WSSEC:WS:XNYS:VRT,WS:XNYS:VRT,XNYS,VRT,US_SP500,NOT_VERIFIED,DETERMINISTIC_WS_ID_LINKAGE_NOT_VERIFIED,E,NO,NO,NO
904,WSSEC:WS:XNYS:VST,WS:XNYS:VST,XNYS,VST,US_SP500,NOT_VERIFIED,DETERMINISTIC_WS_ID_LINKAGE_NOT_VERIFIED,E,NO,NO,NO
905,WSSEC:WS:XNYS:VVV,WS:XNYS:VVV,XNYS,VVV,US_SP400,NOT_VERIFIED,DETERMINISTIC_WS_ID_LINKAGE_NOT_VERIFIED,E,NO,NO,NO
906,WSSEC:WS:XNYS:WAB,WS:XNYS:WAB,XNYS,WAB,US_SP500,NOT_VERIFIED,DETERMINISTIC_WS_ID_LINKAGE_NOT_VERIFIED,E,NO,NO,NO
907,WSSEC:WS:XNYS:WAL,WS:XNYS:WAL,XNYS,WAL,US_SP400,NOT_VERIFIED,DETERMINISTIC_WS_ID_LINKAGE_NOT_VERIFIED,E,NO,NO,NO
908,WSSEC:WS:XNYS:WAT,WS:XNYS:WAT,XNYS,WAT,US_SP500,NOT_VERIFIED,DETERMINISTIC_WS_ID_LINKAGE_NOT_VERIFIED,E,NO,NO,NO
909,WSSEC:WS:XNYS:WCC,WS:XNYS:WCC,XNYS,WCC,US_SP400,NOT_VERIFIED,DETERMINISTIC_WS_ID_LINKAGE_NOT_VERIFIED,E,NO,NO,NO
910,WSSEC:WS:XNYS:WEC,WS:XNYS:WEC,XNYS,WEC,US_SP500,NOT_VERIFIED,DETERMINISTIC_WS_ID_LINKAGE_NOT_VERIFIED,E,NO,NO,NO
911,WSSEC:WS:XNYS:WEX,WS:XNYS:WEX,XNYS,WEX,US_SP400,NOT_VERIFIED,DETERMINISTIC_WS_ID_LINKAGE_NOT_VERIFIED,E,NO,NO,NO
912,WSSEC:WS:XNYS:WFC,WS:XNYS:WFC,XNYS,WFC,US_SP500,NOT_VERIFIED,DETERMINISTIC_WS_ID_LINKAGE_NOT_VERIFIED,E,NO,NO,NO
913,WSSEC:WS:XNYS:WH,WS:XNYS:WH,XNYS,WH,US_SP400,NOT_VERIFIED,DETERMINISTIC_WS_ID_LINKAGE_NOT_VERIFIED,E,NO,NO,NO
914,WSSEC:WS:XNYS:WHR,WS:XNYS:WHR,XNYS,WHR,US_SP400,NOT_VERIFIED,DETERMINISTIC_WS_ID_LINKAGE_NOT_VERIFIED,E,NO,NO,NO
915,WSSEC:WS:XNYS:WLK,WS:XNYS:WLK,XNYS,WLK,US_SP400,NOT_VERIFIED,DETERMINISTIC_WS_ID_LINKAGE_NOT_VERIFIED,E,NO,NO,NO
916,WSSEC:WS:XNYS:WM,WS:XNYS:WM,XNYS,WM,US_SP500,NOT_VERIFIED,DETERMINISTIC_WS_ID_LINKAGE_NOT_VERIFIED,E,NO,NO,NO
917,WSSEC:WS:XNYS:WMB,WS:XNYS:WMB,XNYS,WMB,US_SP500,NOT_VERIFIED,DETERMINISTIC_WS_ID_LINKAGE_NOT_VERIFIED,E,NO,NO,NO
918,WSSEC:WS:XNYS:WMS,WS:XNYS:WMS,XNYS,WMS,US_SP400,NOT_VERIFIED,DETERMINISTIC_WS_ID_LINKAGE_NOT_VERIFIED,E,NO,NO,NO
919,WSSEC:WS:XNYS:WRB,WS:XNYS:WRB,XNYS,WRB,US_SP500,NOT_VERIFIED,DETERMINISTIC_WS_ID_LINKAGE_NOT_VERIFIED,E,NO,NO,NO
920,WSSEC:WS:XNYS:WSM,WS:XNYS:WSM,XNYS,WSM,US_SP500,NOT_VERIFIED,DETERMINISTIC_WS_ID_LINKAGE_NOT_VERIFIED,E,NO,NO,NO
921,WSSEC:WS:XNYS:WSO,WS:XNYS:WSO,XNYS,WSO,US_SP400,NOT_VERIFIED,DETERMINISTIC_WS_ID_LINKAGE_NOT_VERIFIED,E,NO,NO,NO
922,WSSEC:WS:XNYS:WST,WS:XNYS:WST,XNYS,WST,US_SP500,NOT_VERIFIED,DETERMINISTIC_WS_ID_LINKAGE_NOT_VERIFIED,E,NO,NO,NO
923,WSSEC:WS:XNYS:WTRG,WS:XNYS:WTRG,XNYS,WTRG,US_SP400,NOT_VERIFIED,DETERMINISTIC_WS_ID_LINKAGE_NOT_VERIFIED,E,NO,NO,NO
924,WSSEC:WS:XNYS:WTS,WS:XNYS:WTS,XNYS,WTS,US_SP400,NOT_VERIFIED,DETERMINISTIC_WS_ID_LINKAGE_NOT_VERIFIED,E,NO,NO,NO
925,WSSEC:WS:XNYS:XPO,WS:XNYS:XPO,XNYS,XPO,US_SP400,NOT_VERIFIED,DETERMINISTIC_WS_ID_LINKAGE_NOT_VERIFIED,E,NO,NO,NO
926,WSSEC:WS:XNYS:XYL,WS:XNYS:XYL,XNYS,XYL,US_SP500,NOT_VERIFIED,DETERMINISTIC_WS_ID_LINKAGE_NOT_VERIFIED,E,NO,NO,NO
927,WSSEC:WS:XNYS:XYZ,WS:XNYS:XYZ,XNYS,XYZ,US_SP500,NOT_VERIFIED,DETERMINISTIC_WS_ID_LINKAGE_NOT_VERIFIED,E,NO,NO,NO
928,WSSEC:WS:XNYS:YETI,WS:XNYS:YETI,XNYS,YETI,US_SP400,NOT_VERIFIED,DETERMINISTIC_WS_ID_LINKAGE_NOT_VERIFIED,E,NO,NO,NO
929,WSSEC:WS:XNYS:YUM,WS:XNYS:YUM,XNYS,YUM,US_SP500,NOT_VERIFIED,DETERMINISTIC_WS_ID_LINKAGE_NOT_VERIFIED,E,NO,NO,NO
930,WSSEC:WS:XNYS:ZBH,WS:XNYS:ZBH,XNYS,ZBH,US_SP500,NOT_VERIFIED,DETERMINISTIC_WS_ID_LINKAGE_NOT_VERIFIED,E,NO,NO,NO
931,WSSEC:WS:XNYS:ZTS,WS:XNYS:ZTS,XNYS,ZTS,US_SP500,NOT_VERIFIED,DETERMINISTIC_WS_ID_LINKAGE_NOT_VERIFIED,E,NO,NO,NO
932,WSSEC:WS:XSHE:000001,WS:XSHE:000001,XSHE,000001,CN_CSI300,NOT_VERIFIED,OFFICIAL_SECTOR_BULK_SOURCE_NOT_VERIFIED,B,NO,NO,NO
933,WSSEC:WS:XSHE:000002,WS:XSHE:000002,XSHE,000002,CN_CSI300,NOT_VERIFIED,OFFICIAL_SECTOR_BULK_SOURCE_NOT_VERIFIED,B,NO,NO,NO
934,WSSEC:WS:XSHE:000063,WS:XSHE:000063,XSHE,000063,CN_CSI300,NOT_VERIFIED,OFFICIAL_SECTOR_BULK_SOURCE_NOT_VERIFIED,B,NO,NO,NO
935,WSSEC:WS:XSHE:000100,WS:XSHE:000100,XSHE,000100,CN_CSI300,NOT_VERIFIED,OFFICIAL_SECTOR_BULK_SOURCE_NOT_VERIFIED,B,NO,NO,NO
936,WSSEC:WS:XSHE:000157,WS:XSHE:000157,XSHE,000157,CN_CSI300,NOT_VERIFIED,OFFICIAL_SECTOR_BULK_SOURCE_NOT_VERIFIED,B,NO,NO,NO
937,WSSEC:WS:XSHE:000166,WS:XSHE:000166,XSHE,000166,CN_CSI300,NOT_VERIFIED,OFFICIAL_SECTOR_BULK_SOURCE_NOT_VERIFIED,B,NO,NO,NO
938,WSSEC:WS:XSHE:000301,WS:XSHE:000301,XSHE,000301,CN_CSI300,NOT_VERIFIED,OFFICIAL_SECTOR_BULK_SOURCE_NOT_VERIFIED,B,NO,NO,NO
939,WSSEC:WS:XSHE:000333,WS:XSHE:000333,XSHE,000333,CN_CSI300,NOT_VERIFIED,OFFICIAL_SECTOR_BULK_SOURCE_NOT_VERIFIED,B,NO,NO,NO
940,WSSEC:WS:XSHE:000338,WS:XSHE:000338,XSHE,000338,CN_CSI300,NOT_VERIFIED,OFFICIAL_SECTOR_BULK_SOURCE_NOT_VERIFIED,B,NO,NO,NO
941,WSSEC:WS:XSHE:000408,WS:XSHE:000408,XSHE,000408,CN_CSI300,NOT_VERIFIED,OFFICIAL_SECTOR_BULK_SOURCE_NOT_VERIFIED,B,NO,NO,NO
942,WSSEC:WS:XSHE:000425,WS:XSHE:000425,XSHE,000425,CN_CSI300,NOT_VERIFIED,OFFICIAL_SECTOR_BULK_SOURCE_NOT_VERIFIED,B,NO,NO,NO
943,WSSEC:WS:XSHE:000538,WS:XSHE:000538,XSHE,000538,CN_CSI300,NOT_VERIFIED,OFFICIAL_SECTOR_BULK_SOURCE_NOT_VERIFIED,B,NO,NO,NO
944,WSSEC:WS:XSHE:000568,WS:XSHE:000568,XSHE,000568,CN_CSI300,NOT_VERIFIED,OFFICIAL_SECTOR_BULK_SOURCE_NOT_VERIFIED,B,NO,NO,NO
945,WSSEC:WS:XSHE:000596,WS:XSHE:000596,XSHE,000596,CN_CSI300,NOT_VERIFIED,OFFICIAL_SECTOR_BULK_SOURCE_NOT_VERIFIED,B,NO,NO,NO
946,WSSEC:WS:XSHE:000617,WS:XSHE:000617,XSHE,000617,CN_CSI300,NOT_VERIFIED,OFFICIAL_SECTOR_BULK_SOURCE_NOT_VERIFIED,B,NO,NO,NO
947,WSSEC:WS:XSHE:000625,WS:XSHE:000625,XSHE,000625,CN_CSI300,NOT_VERIFIED,OFFICIAL_SECTOR_BULK_SOURCE_NOT_VERIFIED,B,NO,NO,NO
948,WSSEC:WS:XSHE:000630,WS:XSHE:000630,XSHE,000630,CN_CSI300,NOT_VERIFIED,OFFICIAL_SECTOR_BULK_SOURCE_NOT_VERIFIED,B,NO,NO,NO
949,WSSEC:WS:XSHE:000651,WS:XSHE:000651,XSHE,000651,CN_CSI300,NOT_VERIFIED,OFFICIAL_SECTOR_BULK_SOURCE_NOT_VERIFIED,B,NO,NO,NO
950,WSSEC:WS:XSHE:000657,WS:XSHE:000657,XSHE,000657,CN_CSI300,NOT_VERIFIED,OFFICIAL_SECTOR_BULK_SOURCE_NOT_VERIFIED,B,NO,NO,NO
951,WSSEC:WS:XSHE:000708,WS:XSHE:000708,XSHE,000708,CN_CSI300,NOT_VERIFIED,OFFICIAL_SECTOR_BULK_SOURCE_NOT_VERIFIED,B,NO,NO,NO
952,WSSEC:WS:XSHE:000725,WS:XSHE:000725,XSHE,000725,CN_CSI300,NOT_VERIFIED,OFFICIAL_SECTOR_BULK_SOURCE_NOT_VERIFIED,B,NO,NO,NO
953,WSSEC:WS:XSHE:000768,WS:XSHE:000768,XSHE,000768,CN_CSI300,NOT_VERIFIED,OFFICIAL_SECTOR_BULK_SOURCE_NOT_VERIFIED,B,NO,NO,NO
954,WSSEC:WS:XSHE:000776,WS:XSHE:000776,XSHE,000776,CN_CSI300,NOT_VERIFIED,OFFICIAL_SECTOR_BULK_SOURCE_NOT_VERIFIED,B,NO,NO,NO
955,WSSEC:WS:XSHE:000792,WS:XSHE:000792,XSHE,000792,CN_CSI300,NOT_VERIFIED,OFFICIAL_SECTOR_BULK_SOURCE_NOT_VERIFIED,B,NO,NO,NO
956,WSSEC:WS:XSHE:000807,WS:XSHE:000807,XSHE,000807,CN_CSI300,NOT_VERIFIED,OFFICIAL_SECTOR_BULK_SOURCE_NOT_VERIFIED,B,NO,NO,NO
957,WSSEC:WS:XSHE:000858,WS:XSHE:000858,XSHE,000858,CN_CSI300,NOT_VERIFIED,OFFICIAL_SECTOR_BULK_SOURCE_NOT_VERIFIED,B,NO,NO,NO
958,WSSEC:WS:XSHE:000895,WS:XSHE:000895,XSHE,000895,CN_CSI300,NOT_VERIFIED,OFFICIAL_SECTOR_BULK_SOURCE_NOT_VERIFIED,B,NO,NO,NO
959,WSSEC:WS:XSHE:000938,WS:XSHE:000938,XSHE,000938,CN_CSI300,NOT_VERIFIED,OFFICIAL_SECTOR_BULK_SOURCE_NOT_VERIFIED,B,NO,NO,NO
960,WSSEC:WS:XSHE:000963,WS:XSHE:000963,XSHE,000963,CN_CSI300,NOT_VERIFIED,OFFICIAL_SECTOR_BULK_SOURCE_NOT_VERIFIED,B,NO,NO,NO
961,WSSEC:WS:XSHE:000975,WS:XSHE:000975,XSHE,000975,CN_CSI300,NOT_VERIFIED,OFFICIAL_SECTOR_BULK_SOURCE_NOT_VERIFIED,B,NO,NO,NO
962,WSSEC:WS:XSHE:000977,WS:XSHE:000977,XSHE,000977,CN_CSI300,NOT_VERIFIED,OFFICIAL_SECTOR_BULK_SOURCE_NOT_VERIFIED,B,NO,NO,NO
963,WSSEC:WS:XSHE:000988,WS:XSHE:000988,XSHE,000988,CN_CSI300,NOT_VERIFIED,OFFICIAL_SECTOR_BULK_SOURCE_NOT_VERIFIED,B,NO,NO,NO
964,WSSEC:WS:XSHE:000999,WS:XSHE:000999,XSHE,000999,CN_CSI300,NOT_VERIFIED,OFFICIAL_SECTOR_BULK_SOURCE_NOT_VERIFIED,B,NO,NO,NO
965,WSSEC:WS:XSHE:001965,WS:XSHE:001965,XSHE,001965,CN_CSI300,NOT_VERIFIED,OFFICIAL_SECTOR_BULK_SOURCE_NOT_VERIFIED,B,NO,NO,NO
966,WSSEC:WS:XSHE:001979,WS:XSHE:001979,XSHE,001979,CN_CSI300,NOT_VERIFIED,OFFICIAL_SECTOR_BULK_SOURCE_NOT_VERIFIED,B,NO,NO,NO
967,WSSEC:WS:XSHE:002001,WS:XSHE:002001,XSHE,002001,CN_CSI300,NOT_VERIFIED,OFFICIAL_SECTOR_BULK_SOURCE_NOT_VERIFIED,B,NO,NO,NO
968,WSSEC:WS:XSHE:002027,WS:XSHE:002027,XSHE,002027,CN_CSI300,NOT_VERIFIED,OFFICIAL_SECTOR_BULK_SOURCE_NOT_VERIFIED,B,NO,NO,NO
969,WSSEC:WS:XSHE:002028,WS:XSHE:002028,XSHE,002028,CN_CSI300,NOT_VERIFIED,OFFICIAL_SECTOR_BULK_SOURCE_NOT_VERIFIED,B,NO,NO,NO
970,WSSEC:WS:XSHE:002049,WS:XSHE:002049,XSHE,002049,CN_CSI300,NOT_VERIFIED,OFFICIAL_SECTOR_BULK_SOURCE_NOT_VERIFIED,B,NO,NO,NO
971,WSSEC:WS:XSHE:002050,WS:XSHE:002050,XSHE,002050,CN_CSI300,NOT_VERIFIED,OFFICIAL_SECTOR_BULK_SOURCE_NOT_VERIFIED,B,NO,NO,NO
972,WSSEC:WS:XSHE:002074,WS:XSHE:002074,XSHE,002074,CN_CSI300,NOT_VERIFIED,OFFICIAL_SECTOR_BULK_SOURCE_NOT_VERIFIED,B,NO,NO,NO
973,WSSEC:WS:XSHE:002142,WS:XSHE:002142,XSHE,002142,CN_CSI300,NOT_VERIFIED,OFFICIAL_SECTOR_BULK_SOURCE_NOT_VERIFIED,B,NO,NO,NO
974,WSSEC:WS:XSHE:002179,WS:XSHE:002179,XSHE,002179,CN_CSI300,NOT_VERIFIED,OFFICIAL_SECTOR_BULK_SOURCE_NOT_VERIFIED,B,NO,NO,NO
975,WSSEC:WS:XSHE:002202,WS:XSHE:002202,XSHE,002202,CN_CSI300,NOT_VERIFIED,OFFICIAL_SECTOR_BULK_SOURCE_NOT_VERIFIED,B,NO,NO,NO
976,WSSEC:WS:XSHE:002230,WS:XSHE:002230,XSHE,002230,CN_CSI300,NOT_VERIFIED,OFFICIAL_SECTOR_BULK_SOURCE_NOT_VERIFIED,B,NO,NO,NO
977,WSSEC:WS:XSHE:002236,WS:XSHE:002236,XSHE,002236,CN_CSI300,NOT_VERIFIED,OFFICIAL_SECTOR_BULK_SOURCE_NOT_VERIFIED,B,NO,NO,NO
978,WSSEC:WS:XSHE:002241,WS:XSHE:002241,XSHE,002241,CN_CSI300,NOT_VERIFIED,OFFICIAL_SECTOR_BULK_SOURCE_NOT_VERIFIED,B,NO,NO,NO
979,WSSEC:WS:XSHE:002304,WS:XSHE:002304,XSHE,002304,CN_CSI300,NOT_VERIFIED,OFFICIAL_SECTOR_BULK_SOURCE_NOT_VERIFIED,B,NO,NO,NO
980,WSSEC:WS:XSHE:002311,WS:XSHE:002311,XSHE,002311,CN_CSI300,NOT_VERIFIED,OFFICIAL_SECTOR_BULK_SOURCE_NOT_VERIFIED,B,NO,NO,NO
981,WSSEC:WS:XSHE:002352,WS:XSHE:002352,XSHE,002352,CN_CSI300,NOT_VERIFIED,OFFICIAL_SECTOR_BULK_SOURCE_NOT_VERIFIED,B,NO,NO,NO
982,WSSEC:WS:XSHE:002353,WS:XSHE:002353,XSHE,002353,CN_CSI300,NOT_VERIFIED,OFFICIAL_SECTOR_BULK_SOURCE_NOT_VERIFIED,B,NO,NO,NO
983,WSSEC:WS:XSHE:002371,WS:XSHE:002371,XSHE,002371,CN_CSI300,NOT_VERIFIED,OFFICIAL_SECTOR_BULK_SOURCE_NOT_VERIFIED,B,NO,NO,NO
984,WSSEC:WS:XSHE:002384,WS:XSHE:002384,XSHE,002384,CN_CSI300,NOT_VERIFIED,OFFICIAL_SECTOR_BULK_SOURCE_NOT_VERIFIED,B,NO,NO,NO
985,WSSEC:WS:XSHE:002415,WS:XSHE:002415,XSHE,002415,CN_CSI300,NOT_VERIFIED,OFFICIAL_SECTOR_BULK_SOURCE_NOT_VERIFIED,B,NO,NO,NO
986,WSSEC:WS:XSHE:002422,WS:XSHE:002422,XSHE,002422,CN_CSI300,NOT_VERIFIED,OFFICIAL_SECTOR_BULK_SOURCE_NOT_VERIFIED,B,NO,NO,NO
987,WSSEC:WS:XSHE:002460,WS:XSHE:002460,XSHE,002460,CN_CSI300,NOT_VERIFIED,OFFICIAL_SECTOR_BULK_SOURCE_NOT_VERIFIED,B,NO,NO,NO
988,WSSEC:WS:XSHE:002463,WS:XSHE:002463,XSHE,002463,CN_CSI300,NOT_VERIFIED,OFFICIAL_SECTOR_BULK_SOURCE_NOT_VERIFIED,B,NO,NO,NO
989,WSSEC:WS:XSHE:002466,WS:XSHE:002466,XSHE,002466,CN_CSI300,NOT_VERIFIED,OFFICIAL_SECTOR_BULK_SOURCE_NOT_VERIFIED,B,NO,NO,NO
990,WSSEC:WS:XSHE:002475,WS:XSHE:002475,XSHE,002475,CN_CSI300,NOT_VERIFIED,OFFICIAL_SECTOR_BULK_SOURCE_NOT_VERIFIED,B,NO,NO,NO
991,WSSEC:WS:XSHE:002493,WS:XSHE:002493,XSHE,002493,CN_CSI300,NOT_VERIFIED,OFFICIAL_SECTOR_BULK_SOURCE_NOT_VERIFIED,B,NO,NO,NO
992,WSSEC:WS:XSHE:002532,WS:XSHE:002532,XSHE,002532,CN_CSI300,NOT_VERIFIED,OFFICIAL_SECTOR_BULK_SOURCE_NOT_VERIFIED,B,NO,NO,NO
993,WSSEC:WS:XSHE:002558,WS:XSHE:002558,XSHE,002558,CN_CSI300,NOT_VERIFIED,OFFICIAL_SECTOR_BULK_SOURCE_NOT_VERIFIED,B,NO,NO,NO
994,WSSEC:WS:XSHE:002594,WS:XSHE:002594,XSHE,002594,CN_CSI300,NOT_VERIFIED,OFFICIAL_SECTOR_BULK_SOURCE_NOT_VERIFIED,B,NO,NO,NO
995,WSSEC:WS:XSHE:002600,WS:XSHE:002600,XSHE,002600,CN_CSI300,NOT_VERIFIED,OFFICIAL_SECTOR_BULK_SOURCE_NOT_VERIFIED,B,NO,NO,NO
996,WSSEC:WS:XSHE:002602,WS:XSHE:002602,XSHE,002602,CN_CSI300,NOT_VERIFIED,OFFICIAL_SECTOR_BULK_SOURCE_NOT_VERIFIED,B,NO,NO,NO
997,WSSEC:WS:XSHE:002625,WS:XSHE:002625,XSHE,002625,CN_CSI300,NOT_VERIFIED,OFFICIAL_SECTOR_BULK_SOURCE_NOT_VERIFIED,B,NO,NO,NO
998,WSSEC:WS:XSHE:002648,WS:XSHE:002648,XSHE,002648,CN_CSI300,NOT_VERIFIED,OFFICIAL_SECTOR_BULK_SOURCE_NOT_VERIFIED,B,NO,NO,NO
999,WSSEC:WS:XSHE:002709,WS:XSHE:002709,XSHE,002709,CN_CSI300,NOT_VERIFIED,OFFICIAL_SECTOR_BULK_SOURCE_NOT_VERIFIED,B,NO,NO,NO
1000,WSSEC:WS:XSHE:002714,WS:XSHE:002714,XSHE,002714,CN_CSI300,NOT_VERIFIED,OFFICIAL_SECTOR_BULK_SOURCE_NOT_VERIFIED,B,NO,NO,NO
1001,WSSEC:WS:XSHE:002736,WS:XSHE:002736,XSHE,002736,CN_CSI300,NOT_VERIFIED,OFFICIAL_SECTOR_BULK_SOURCE_NOT_VERIFIED,B,NO,NO,NO
1002,WSSEC:WS:XSHE:002837,WS:XSHE:002837,XSHE,002837,CN_CSI300,NOT_VERIFIED,OFFICIAL_SECTOR_BULK_SOURCE_NOT_VERIFIED,B,NO,NO,NO
1003,WSSEC:WS:XSHE:002916,WS:XSHE:002916,XSHE,002916,CN_CSI300,NOT_VERIFIED,OFFICIAL_SECTOR_BULK_SOURCE_NOT_VERIFIED,B,NO,NO,NO
1004,WSSEC:WS:XSHE:002920,WS:XSHE:002920,XSHE,002920,CN_CSI300,NOT_VERIFIED,OFFICIAL_SECTOR_BULK_SOURCE_NOT_VERIFIED,B,NO,NO,NO
1005,WSSEC:WS:XSHE:002938,WS:XSHE:002938,XSHE,002938,CN_CSI300,NOT_VERIFIED,OFFICIAL_SECTOR_BULK_SOURCE_NOT_VERIFIED,B,NO,NO,NO
1006,WSSEC:WS:XSHE:003816,WS:XSHE:003816,XSHE,003816,CN_CSI300,NOT_VERIFIED,OFFICIAL_SECTOR_BULK_SOURCE_NOT_VERIFIED,B,NO,NO,NO
1007,WSSEC:WS:XSHE:300014,WS:XSHE:300014,XSHE,300014,CN_CSI300,NOT_VERIFIED,OFFICIAL_SECTOR_BULK_SOURCE_NOT_VERIFIED,B,NO,NO,NO
1008,WSSEC:WS:XSHE:300015,WS:XSHE:300015,XSHE,300015,CN_CSI300,NOT_VERIFIED,OFFICIAL_SECTOR_BULK_SOURCE_NOT_VERIFIED,B,NO,NO,NO
1009,WSSEC:WS:XSHE:300033,WS:XSHE:300033,XSHE,300033,CN_CSI300,NOT_VERIFIED,OFFICIAL_SECTOR_BULK_SOURCE_NOT_VERIFIED,B,NO,NO,NO
1010,WSSEC:WS:XSHE:300059,WS:XSHE:300059,XSHE,300059,CN_CSI300,NOT_VERIFIED,OFFICIAL_SECTOR_BULK_SOURCE_NOT_VERIFIED,B,NO,NO,NO
1011,WSSEC:WS:XSHE:300122,WS:XSHE:300122,XSHE,300122,CN_CSI300,NOT_VERIFIED,OFFICIAL_SECTOR_BULK_SOURCE_NOT_VERIFIED,B,NO,NO,NO
1012,WSSEC:WS:XSHE:300124,WS:XSHE:300124,XSHE,300124,CN_CSI300,NOT_VERIFIED,OFFICIAL_SECTOR_BULK_SOURCE_NOT_VERIFIED,B,NO,NO,NO
1013,WSSEC:WS:XSHE:300251,WS:XSHE:300251,XSHE,300251,CN_CSI300,NOT_VERIFIED,OFFICIAL_SECTOR_BULK_SOURCE_NOT_VERIFIED,B,NO,NO,NO
1014,WSSEC:WS:XSHE:300274,WS:XSHE:300274,XSHE,300274,CN_CSI300,NOT_VERIFIED,OFFICIAL_SECTOR_BULK_SOURCE_NOT_VERIFIED,B,NO,NO,NO
1015,WSSEC:WS:XSHE:300308,WS:XSHE:300308,XSHE,300308,CN_CSI300,NOT_VERIFIED,OFFICIAL_SECTOR_BULK_SOURCE_NOT_VERIFIED,B,NO,NO,NO
1016,WSSEC:WS:XSHE:300316,WS:XSHE:300316,XSHE,300316,CN_CSI300,NOT_VERIFIED,OFFICIAL_SECTOR_BULK_SOURCE_NOT_VERIFIED,B,NO,NO,NO
1017,WSSEC:WS:XSHE:300394,WS:XSHE:300394,XSHE,300394,CN_CSI300,NOT_VERIFIED,OFFICIAL_SECTOR_BULK_SOURCE_NOT_VERIFIED,B,NO,NO,NO
1018,WSSEC:WS:XSHE:300408,WS:XSHE:300408,XSHE,300408,CN_CSI300,NOT_VERIFIED,OFFICIAL_SECTOR_BULK_SOURCE_NOT_VERIFIED,B,NO,NO,NO
1019,WSSEC:WS:XSHE:300413,WS:XSHE:300413,XSHE,300413,CN_CSI300,NOT_VERIFIED,OFFICIAL_SECTOR_BULK_SOURCE_NOT_VERIFIED,B,NO,NO,NO
1020,WSSEC:WS:XSHE:300418,WS:XSHE:300418,XSHE,300418,CN_CSI300,NOT_VERIFIED,OFFICIAL_SECTOR_BULK_SOURCE_NOT_VERIFIED,B,NO,NO,NO
1021,WSSEC:WS:XSHE:300433,WS:XSHE:300433,XSHE,300433,CN_CSI300,NOT_VERIFIED,OFFICIAL_SECTOR_BULK_SOURCE_NOT_VERIFIED,B,NO,NO,NO
1022,WSSEC:WS:XSHE:300442,WS:XSHE:300442,XSHE,300442,CN_CSI300,NOT_VERIFIED,OFFICIAL_SECTOR_BULK_SOURCE_NOT_VERIFIED,B,NO,NO,NO
1023,WSSEC:WS:XSHE:300450,WS:XSHE:300450,XSHE,300450,CN_CSI300,NOT_VERIFIED,OFFICIAL_SECTOR_BULK_SOURCE_NOT_VERIFIED,B,NO,NO,NO
1024,WSSEC:WS:XSHE:300476,WS:XSHE:300476,XSHE,300476,CN_CSI300,NOT_VERIFIED,OFFICIAL_SECTOR_BULK_SOURCE_NOT_VERIFIED,B,NO,NO,NO
1025,WSSEC:WS:XSHE:300498,WS:XSHE:300498,XSHE,300498,CN_CSI300,NOT_VERIFIED,OFFICIAL_SECTOR_BULK_SOURCE_NOT_VERIFIED,B,NO,NO,NO
1026,WSSEC:WS:XSHE:300502,WS:XSHE:300502,XSHE,300502,CN_CSI300,NOT_VERIFIED,OFFICIAL_SECTOR_BULK_SOURCE_NOT_VERIFIED,B,NO,NO,NO
1027,WSSEC:WS:XSHE:300628,WS:XSHE:300628,XSHE,300628,CN_CSI300,NOT_VERIFIED,OFFICIAL_SECTOR_BULK_SOURCE_NOT_VERIFIED,B,NO,NO,NO
1028,WSSEC:WS:XSHE:300661,WS:XSHE:300661,XSHE,300661,CN_CSI300,NOT_VERIFIED,OFFICIAL_SECTOR_BULK_SOURCE_NOT_VERIFIED,B,NO,NO,NO
1029,WSSEC:WS:XSHE:300750,WS:XSHE:300750,XSHE,300750,CN_CSI300,NOT_VERIFIED,OFFICIAL_SECTOR_BULK_SOURCE_NOT_VERIFIED,B,NO,NO,NO
1030,WSSEC:WS:XSHE:300760,WS:XSHE:300760,XSHE,300760,CN_CSI300,NOT_VERIFIED,OFFICIAL_SECTOR_BULK_SOURCE_NOT_VERIFIED,B,NO,NO,NO
1031,WSSEC:WS:XSHE:300803,WS:XSHE:300803,XSHE,300803,CN_CSI300,NOT_VERIFIED,OFFICIAL_SECTOR_BULK_SOURCE_NOT_VERIFIED,B,NO,NO,NO
1032,WSSEC:WS:XSHE:300832,WS:XSHE:300832,XSHE,300832,CN_CSI300,NOT_VERIFIED,OFFICIAL_SECTOR_BULK_SOURCE_NOT_VERIFIED,B,NO,NO,NO
1033,WSSEC:WS:XSHE:300866,WS:XSHE:300866,XSHE,300866,CN_CSI300,NOT_VERIFIED,OFFICIAL_SECTOR_BULK_SOURCE_NOT_VERIFIED,B,NO,NO,NO
1034,WSSEC:WS:XSHE:300896,WS:XSHE:300896,XSHE,300896,CN_CSI300,NOT_VERIFIED,OFFICIAL_SECTOR_BULK_SOURCE_NOT_VERIFIED,B,NO,NO,NO
1035,WSSEC:WS:XSHE:300999,WS:XSHE:300999,XSHE,300999,CN_CSI300,NOT_VERIFIED,OFFICIAL_SECTOR_BULK_SOURCE_NOT_VERIFIED,B,NO,NO,NO
1036,WSSEC:WS:XSHE:301165,WS:XSHE:301165,XSHE,301165,CN_CSI300,NOT_VERIFIED,OFFICIAL_SECTOR_BULK_SOURCE_NOT_VERIFIED,B,NO,NO,NO
1037,WSSEC:WS:XSHE:301236,WS:XSHE:301236,XSHE,301236,CN_CSI300,NOT_VERIFIED,OFFICIAL_SECTOR_BULK_SOURCE_NOT_VERIFIED,B,NO,NO,NO
1038,WSSEC:WS:XSHE:301269,WS:XSHE:301269,XSHE,301269,CN_CSI300,NOT_VERIFIED,OFFICIAL_SECTOR_BULK_SOURCE_NOT_VERIFIED,B,NO,NO,NO
1039,WSSEC:WS:XSHE:301308,WS:XSHE:301308,XSHE,301308,CN_CSI300,NOT_VERIFIED,OFFICIAL_SECTOR_BULK_SOURCE_NOT_VERIFIED,B,NO,NO,NO
1040,WSSEC:WS:XSHG:600000,WS:XSHG:600000,XSHG,600000,CN_CSI300,NOT_VERIFIED,OFFICIAL_SECTOR_BULK_SOURCE_NOT_VERIFIED,B,NO,NO,NO
1041,WSSEC:WS:XSHG:600009,WS:XSHG:600009,XSHG,600009,CN_CSI300,NOT_VERIFIED,OFFICIAL_SECTOR_BULK_SOURCE_NOT_VERIFIED,B,NO,NO,NO
1042,WSSEC:WS:XSHG:600010,WS:XSHG:600010,XSHG,600010,CN_CSI300,NOT_VERIFIED,OFFICIAL_SECTOR_BULK_SOURCE_NOT_VERIFIED,B,NO,NO,NO
1043,WSSEC:WS:XSHG:600011,WS:XSHG:600011,XSHG,600011,CN_CSI300,NOT_VERIFIED,OFFICIAL_SECTOR_BULK_SOURCE_NOT_VERIFIED,B,NO,NO,NO
1044,WSSEC:WS:XSHG:600015,WS:XSHG:600015,XSHG,600015,CN_CSI300,NOT_VERIFIED,OFFICIAL_SECTOR_BULK_SOURCE_NOT_VERIFIED,B,NO,NO,NO
1045,WSSEC:WS:XSHG:600016,WS:XSHG:600016,XSHG,600016,CN_CSI300,NOT_VERIFIED,OFFICIAL_SECTOR_BULK_SOURCE_NOT_VERIFIED,B,NO,NO,NO
1046,WSSEC:WS:XSHG:600018,WS:XSHG:600018,XSHG,600018,CN_CSI300,NOT_VERIFIED,OFFICIAL_SECTOR_BULK_SOURCE_NOT_VERIFIED,B,NO,NO,NO
1047,WSSEC:WS:XSHG:600019,WS:XSHG:600019,XSHG,600019,CN_CSI300,NOT_VERIFIED,OFFICIAL_SECTOR_BULK_SOURCE_NOT_VERIFIED,B,NO,NO,NO
1048,WSSEC:WS:XSHG:600023,WS:XSHG:600023,XSHG,600023,CN_CSI300,NOT_VERIFIED,OFFICIAL_SECTOR_BULK_SOURCE_NOT_VERIFIED,B,NO,NO,NO
1049,WSSEC:WS:XSHG:600025,WS:XSHG:600025,XSHG,600025,CN_CSI300,NOT_VERIFIED,OFFICIAL_SECTOR_BULK_SOURCE_NOT_VERIFIED,B,NO,NO,NO
1050,WSSEC:WS:XSHG:600026,WS:XSHG:600026,XSHG,600026,CN_CSI300,NOT_VERIFIED,OFFICIAL_SECTOR_BULK_SOURCE_NOT_VERIFIED,B,NO,NO,NO
1051,WSSEC:WS:XSHG:600027,WS:XSHG:600027,XSHG,600027,CN_CSI300,NOT_VERIFIED,OFFICIAL_SECTOR_BULK_SOURCE_NOT_VERIFIED,B,NO,NO,NO
1052,WSSEC:WS:XSHG:600028,WS:XSHG:600028,XSHG,600028,CN_CSI300,NOT_VERIFIED,OFFICIAL_SECTOR_BULK_SOURCE_NOT_VERIFIED,B,NO,NO,NO
1053,WSSEC:WS:XSHG:600029,WS:XSHG:600029,XSHG,600029,CN_CSI300,NOT_VERIFIED,OFFICIAL_SECTOR_BULK_SOURCE_NOT_VERIFIED,B,NO,NO,NO
1054,WSSEC:WS:XSHG:600030,WS:XSHG:600030,XSHG,600030,CN_CSI300,NOT_VERIFIED,OFFICIAL_SECTOR_BULK_SOURCE_NOT_VERIFIED,B,NO,NO,NO
1055,WSSEC:WS:XSHG:600031,WS:XSHG:600031,XSHG,600031,CN_CSI300,NOT_VERIFIED,OFFICIAL_SECTOR_BULK_SOURCE_NOT_VERIFIED,B,NO,NO,NO
1056,WSSEC:WS:XSHG:600036,WS:XSHG:600036,XSHG,600036,CN_CSI300,NOT_VERIFIED,OFFICIAL_SECTOR_BULK_SOURCE_NOT_VERIFIED,B,NO,NO,NO
1057,WSSEC:WS:XSHG:600039,WS:XSHG:600039,XSHG,600039,CN_CSI300,NOT_VERIFIED,OFFICIAL_SECTOR_BULK_SOURCE_NOT_VERIFIED,B,NO,NO,NO
1058,WSSEC:WS:XSHG:600048,WS:XSHG:600048,XSHG,600048,CN_CSI300,NOT_VERIFIED,OFFICIAL_SECTOR_BULK_SOURCE_NOT_VERIFIED,B,NO,NO,NO
1059,WSSEC:WS:XSHG:600050,WS:XSHG:600050,XSHG,600050,CN_CSI300,NOT_VERIFIED,OFFICIAL_SECTOR_BULK_SOURCE_NOT_VERIFIED,B,NO,NO,NO
1060,WSSEC:WS:XSHG:600061,WS:XSHG:600061,XSHG,600061,CN_CSI300,NOT_VERIFIED,OFFICIAL_SECTOR_BULK_SOURCE_NOT_VERIFIED,B,NO,NO,NO
1061,WSSEC:WS:XSHG:600066,WS:XSHG:600066,XSHG,600066,CN_CSI300,NOT_VERIFIED,OFFICIAL_SECTOR_BULK_SOURCE_NOT_VERIFIED,B,NO,NO,NO
1062,WSSEC:WS:XSHG:600085,WS:XSHG:600085,XSHG,600085,CN_CSI300,NOT_VERIFIED,OFFICIAL_SECTOR_BULK_SOURCE_NOT_VERIFIED,B,NO,NO,NO
1063,WSSEC:WS:XSHG:600089,WS:XSHG:600089,XSHG,600089,CN_CSI300,NOT_VERIFIED,OFFICIAL_SECTOR_BULK_SOURCE_NOT_VERIFIED,B,NO,NO,NO
1064,WSSEC:WS:XSHG:600104,WS:XSHG:600104,XSHG,600104,CN_CSI300,NOT_VERIFIED,OFFICIAL_SECTOR_BULK_SOURCE_NOT_VERIFIED,B,NO,NO,NO
1065,WSSEC:WS:XSHG:600111,WS:XSHG:600111,XSHG,600111,CN_CSI300,NOT_VERIFIED,OFFICIAL_SECTOR_BULK_SOURCE_NOT_VERIFIED,B,NO,NO,NO
1066,WSSEC:WS:XSHG:600115,WS:XSHG:600115,XSHG,600115,CN_CSI300,NOT_VERIFIED,OFFICIAL_SECTOR_BULK_SOURCE_NOT_VERIFIED,B,NO,NO,NO
1067,WSSEC:WS:XSHG:600118,WS:XSHG:600118,XSHG,600118,CN_CSI300,NOT_VERIFIED,OFFICIAL_SECTOR_BULK_SOURCE_NOT_VERIFIED,B,NO,NO,NO
1068,WSSEC:WS:XSHG:600150,WS:XSHG:600150,XSHG,600150,CN_CSI300,NOT_VERIFIED,OFFICIAL_SECTOR_BULK_SOURCE_NOT_VERIFIED,B,NO,NO,NO
1069,WSSEC:WS:XSHG:600160,WS:XSHG:600160,XSHG,600160,CN_CSI300,NOT_VERIFIED,OFFICIAL_SECTOR_BULK_SOURCE_NOT_VERIFIED,B,NO,NO,NO
1070,WSSEC:WS:XSHG:600176,WS:XSHG:600176,XSHG,600176,CN_CSI300,NOT_VERIFIED,OFFICIAL_SECTOR_BULK_SOURCE_NOT_VERIFIED,B,NO,NO,NO
1071,WSSEC:WS:XSHG:600183,WS:XSHG:600183,XSHG,600183,CN_CSI300,NOT_VERIFIED,OFFICIAL_SECTOR_BULK_SOURCE_NOT_VERIFIED,B,NO,NO,NO
1072,WSSEC:WS:XSHG:600188,WS:XSHG:600188,XSHG,600188,CN_CSI300,NOT_VERIFIED,OFFICIAL_SECTOR_BULK_SOURCE_NOT_VERIFIED,B,NO,NO,NO
1073,WSSEC:WS:XSHG:600196,WS:XSHG:600196,XSHG,600196,CN_CSI300,NOT_VERIFIED,OFFICIAL_SECTOR_BULK_SOURCE_NOT_VERIFIED,B,NO,NO,NO
1074,WSSEC:WS:XSHG:600219,WS:XSHG:600219,XSHG,600219,CN_CSI300,NOT_VERIFIED,OFFICIAL_SECTOR_BULK_SOURCE_NOT_VERIFIED,B,NO,NO,NO
1075,WSSEC:WS:XSHG:600221,WS:XSHG:600221,XSHG,600221,CN_CSI300,NOT_VERIFIED,OFFICIAL_SECTOR_BULK_SOURCE_NOT_VERIFIED,B,NO,NO,NO
1076,WSSEC:WS:XSHG:600233,WS:XSHG:600233,XSHG,600233,CN_CSI300,NOT_VERIFIED,OFFICIAL_SECTOR_BULK_SOURCE_NOT_VERIFIED,B,NO,NO,NO
1077,WSSEC:WS:XSHG:600276,WS:XSHG:600276,XSHG,600276,CN_CSI300,NOT_VERIFIED,OFFICIAL_SECTOR_BULK_SOURCE_NOT_VERIFIED,B,NO,NO,NO
1078,WSSEC:WS:XSHG:600309,WS:XSHG:600309,XSHG,600309,CN_CSI300,NOT_VERIFIED,OFFICIAL_SECTOR_BULK_SOURCE_NOT_VERIFIED,B,NO,NO,NO
1079,WSSEC:WS:XSHG:600346,WS:XSHG:600346,XSHG,600346,CN_CSI300,NOT_VERIFIED,OFFICIAL_SECTOR_BULK_SOURCE_NOT_VERIFIED,B,NO,NO,NO
1080,WSSEC:WS:XSHG:600362,WS:XSHG:600362,XSHG,600362,CN_CSI300,NOT_VERIFIED,OFFICIAL_SECTOR_BULK_SOURCE_NOT_VERIFIED,B,NO,NO,NO
1081,WSSEC:WS:XSHG:600372,WS:XSHG:600372,XSHG,600372,CN_CSI300,NOT_VERIFIED,OFFICIAL_SECTOR_BULK_SOURCE_NOT_VERIFIED,B,NO,NO,NO
1082,WSSEC:WS:XSHG:600406,WS:XSHG:600406,XSHG,600406,CN_CSI300,NOT_VERIFIED,OFFICIAL_SECTOR_BULK_SOURCE_NOT_VERIFIED,B,NO,NO,NO
1083,WSSEC:WS:XSHG:600415,WS:XSHG:600415,XSHG,600415,CN_CSI300,NOT_VERIFIED,OFFICIAL_SECTOR_BULK_SOURCE_NOT_VERIFIED,B,NO,NO,NO
1084,WSSEC:WS:XSHG:600426,WS:XSHG:600426,XSHG,600426,CN_CSI300,NOT_VERIFIED,OFFICIAL_SECTOR_BULK_SOURCE_NOT_VERIFIED,B,NO,NO,NO
1085,WSSEC:WS:XSHG:600436,WS:XSHG:600436,XSHG,600436,CN_CSI300,NOT_VERIFIED,OFFICIAL_SECTOR_BULK_SOURCE_NOT_VERIFIED,B,NO,NO,NO
1086,WSSEC:WS:XSHG:600438,WS:XSHG:600438,XSHG,600438,CN_CSI300,NOT_VERIFIED,OFFICIAL_SECTOR_BULK_SOURCE_NOT_VERIFIED,B,NO,NO,NO
1087,WSSEC:WS:XSHG:600460,WS:XSHG:600460,XSHG,600460,CN_CSI300,NOT_VERIFIED,OFFICIAL_SECTOR_BULK_SOURCE_NOT_VERIFIED,B,NO,NO,NO
1088,WSSEC:WS:XSHG:600482,WS:XSHG:600482,XSHG,600482,CN_CSI300,NOT_VERIFIED,OFFICIAL_SECTOR_BULK_SOURCE_NOT_VERIFIED,B,NO,NO,NO
1089,WSSEC:WS:XSHG:600489,WS:XSHG:600489,XSHG,600489,CN_CSI300,NOT_VERIFIED,OFFICIAL_SECTOR_BULK_SOURCE_NOT_VERIFIED,B,NO,NO,NO
1090,WSSEC:WS:XSHG:600515,WS:XSHG:600515,XSHG,600515,CN_CSI300,NOT_VERIFIED,OFFICIAL_SECTOR_BULK_SOURCE_NOT_VERIFIED,B,NO,NO,NO
1091,WSSEC:WS:XSHG:600519,WS:XSHG:600519,XSHG,600519,CN_CSI300,NOT_VERIFIED,OFFICIAL_SECTOR_BULK_SOURCE_NOT_VERIFIED,B,NO,NO,NO
1092,WSSEC:WS:XSHG:600522,WS:XSHG:600522,XSHG,600522,CN_CSI300,NOT_VERIFIED,OFFICIAL_SECTOR_BULK_SOURCE_NOT_VERIFIED,B,NO,NO,NO
1093,WSSEC:WS:XSHG:600547,WS:XSHG:600547,XSHG,600547,CN_CSI300,NOT_VERIFIED,OFFICIAL_SECTOR_BULK_SOURCE_NOT_VERIFIED,B,NO,NO,NO
1094,WSSEC:WS:XSHG:600549,WS:XSHG:600549,XSHG,600549,CN_CSI300,NOT_VERIFIED,OFFICIAL_SECTOR_BULK_SOURCE_NOT_VERIFIED,B,NO,NO,NO
1095,WSSEC:WS:XSHG:600570,WS:XSHG:600570,XSHG,600570,CN_CSI300,NOT_VERIFIED,OFFICIAL_SECTOR_BULK_SOURCE_NOT_VERIFIED,B,NO,NO,NO
1096,WSSEC:WS:XSHG:600584,WS:XSHG:600584,XSHG,600584,CN_CSI300,NOT_VERIFIED,OFFICIAL_SECTOR_BULK_SOURCE_NOT_VERIFIED,B,NO,NO,NO
1097,WSSEC:WS:XSHG:600585,WS:XSHG:600585,XSHG,600585,CN_CSI300,NOT_VERIFIED,OFFICIAL_SECTOR_BULK_SOURCE_NOT_VERIFIED,B,NO,NO,NO
1098,WSSEC:WS:XSHG:600588,WS:XSHG:600588,XSHG,600588,CN_CSI300,NOT_VERIFIED,OFFICIAL_SECTOR_BULK_SOURCE_NOT_VERIFIED,B,NO,NO,NO
1099,WSSEC:WS:XSHG:600600,WS:XSHG:600600,XSHG,600600,CN_CSI300,NOT_VERIFIED,OFFICIAL_SECTOR_BULK_SOURCE_NOT_VERIFIED,B,NO,NO,NO
1100,WSSEC:WS:XSHG:600660,WS:XSHG:600660,XSHG,600660,CN_CSI300,NOT_VERIFIED,OFFICIAL_SECTOR_BULK_SOURCE_NOT_VERIFIED,B,NO,NO,NO
1101,WSSEC:WS:XSHG:600674,WS:XSHG:600674,XSHG,600674,CN_CSI300,NOT_VERIFIED,OFFICIAL_SECTOR_BULK_SOURCE_NOT_VERIFIED,B,NO,NO,NO
1102,WSSEC:WS:XSHG:600690,WS:XSHG:600690,XSHG,600690,CN_CSI300,NOT_VERIFIED,OFFICIAL_SECTOR_BULK_SOURCE_NOT_VERIFIED,B,NO,NO,NO
1103,WSSEC:WS:XSHG:600741,WS:XSHG:600741,XSHG,600741,CN_CSI300,NOT_VERIFIED,OFFICIAL_SECTOR_BULK_SOURCE_NOT_VERIFIED,B,NO,NO,NO
1104,WSSEC:WS:XSHG:600760,WS:XSHG:600760,XSHG,600760,CN_CSI300,NOT_VERIFIED,OFFICIAL_SECTOR_BULK_SOURCE_NOT_VERIFIED,B,NO,NO,NO
1105,WSSEC:WS:XSHG:600795,WS:XSHG:600795,XSHG,600795,CN_CSI300,NOT_VERIFIED,OFFICIAL_SECTOR_BULK_SOURCE_NOT_VERIFIED,B,NO,NO,NO
1106,WSSEC:WS:XSHG:600809,WS:XSHG:600809,XSHG,600809,CN_CSI300,NOT_VERIFIED,OFFICIAL_SECTOR_BULK_SOURCE_NOT_VERIFIED,B,NO,NO,NO
1107,WSSEC:WS:XSHG:600845,WS:XSHG:600845,XSHG,600845,CN_CSI300,NOT_VERIFIED,OFFICIAL_SECTOR_BULK_SOURCE_NOT_VERIFIED,B,NO,NO,NO
1108,WSSEC:WS:XSHG:600875,WS:XSHG:600875,XSHG,600875,CN_CSI300,NOT_VERIFIED,OFFICIAL_SECTOR_BULK_SOURCE_NOT_VERIFIED,B,NO,NO,NO
1109,WSSEC:WS:XSHG:600886,WS:XSHG:600886,XSHG,600886,CN_CSI300,NOT_VERIFIED,OFFICIAL_SECTOR_BULK_SOURCE_NOT_VERIFIED,B,NO,NO,NO
1110,WSSEC:WS:XSHG:600887,WS:XSHG:600887,XSHG,600887,CN_CSI300,NOT_VERIFIED,OFFICIAL_SECTOR_BULK_SOURCE_NOT_VERIFIED,B,NO,NO,NO
1111,WSSEC:WS:XSHG:600893,WS:XSHG:600893,XSHG,600893,CN_CSI300,NOT_VERIFIED,OFFICIAL_SECTOR_BULK_SOURCE_NOT_VERIFIED,B,NO,NO,NO
1112,WSSEC:WS:XSHG:600900,WS:XSHG:600900,XSHG,600900,CN_CSI300,NOT_VERIFIED,OFFICIAL_SECTOR_BULK_SOURCE_NOT_VERIFIED,B,NO,NO,NO
1113,WSSEC:WS:XSHG:600905,WS:XSHG:600905,XSHG,600905,CN_CSI300,NOT_VERIFIED,OFFICIAL_SECTOR_BULK_SOURCE_NOT_VERIFIED,B,NO,NO,NO
1114,WSSEC:WS:XSHG:600918,WS:XSHG:600918,XSHG,600918,CN_CSI300,NOT_VERIFIED,OFFICIAL_SECTOR_BULK_SOURCE_NOT_VERIFIED,B,NO,NO,NO
1115,WSSEC:WS:XSHG:600919,WS:XSHG:600919,XSHG,600919,CN_CSI300,NOT_VERIFIED,OFFICIAL_SECTOR_BULK_SOURCE_NOT_VERIFIED,B,NO,NO,NO
1116,WSSEC:WS:XSHG:600926,WS:XSHG:600926,XSHG,600926,CN_CSI300,NOT_VERIFIED,OFFICIAL_SECTOR_BULK_SOURCE_NOT_VERIFIED,B,NO,NO,NO
1117,WSSEC:WS:XSHG:600930,WS:XSHG:600930,XSHG,600930,CN_CSI300,NOT_VERIFIED,OFFICIAL_SECTOR_BULK_SOURCE_NOT_VERIFIED,B,NO,NO,NO
1118,WSSEC:WS:XSHG:600938,WS:XSHG:600938,XSHG,600938,CN_CSI300,NOT_VERIFIED,OFFICIAL_SECTOR_BULK_SOURCE_NOT_VERIFIED,B,NO,NO,NO
1119,WSSEC:WS:XSHG:600941,WS:XSHG:600941,XSHG,600941,CN_CSI300,NOT_VERIFIED,OFFICIAL_SECTOR_BULK_SOURCE_NOT_VERIFIED,B,NO,NO,NO
1120,WSSEC:WS:XSHG:600958,WS:XSHG:600958,XSHG,600958,CN_CSI300,NOT_VERIFIED,OFFICIAL_SECTOR_BULK_SOURCE_NOT_VERIFIED,B,NO,NO,NO
1121,WSSEC:WS:XSHG:600989,WS:XSHG:600989,XSHG,600989,CN_CSI300,NOT_VERIFIED,OFFICIAL_SECTOR_BULK_SOURCE_NOT_VERIFIED,B,NO,NO,NO
1122,WSSEC:WS:XSHG:600999,WS:XSHG:600999,XSHG,600999,CN_CSI300,NOT_VERIFIED,OFFICIAL_SECTOR_BULK_SOURCE_NOT_VERIFIED,B,NO,NO,NO
1123,WSSEC:WS:XSHG:601006,WS:XSHG:601006,XSHG,601006,CN_CSI300,NOT_VERIFIED,OFFICIAL_SECTOR_BULK_SOURCE_NOT_VERIFIED,B,NO,NO,NO
1124,WSSEC:WS:XSHG:601009,WS:XSHG:601009,XSHG,601009,CN_CSI300,NOT_VERIFIED,OFFICIAL_SECTOR_BULK_SOURCE_NOT_VERIFIED,B,NO,NO,NO
1125,WSSEC:WS:XSHG:601012,WS:XSHG:601012,XSHG,601012,CN_CSI300,NOT_VERIFIED,OFFICIAL_SECTOR_BULK_SOURCE_NOT_VERIFIED,B,NO,NO,NO
1126,WSSEC:WS:XSHG:601018,WS:XSHG:601018,XSHG,601018,CN_CSI300,NOT_VERIFIED,OFFICIAL_SECTOR_BULK_SOURCE_NOT_VERIFIED,B,NO,NO,NO
1127,WSSEC:WS:XSHG:601021,WS:XSHG:601021,XSHG,601021,CN_CSI300,NOT_VERIFIED,OFFICIAL_SECTOR_BULK_SOURCE_NOT_VERIFIED,B,NO,NO,NO
1128,WSSEC:WS:XSHG:601058,WS:XSHG:601058,XSHG,601058,CN_CSI300,NOT_VERIFIED,OFFICIAL_SECTOR_BULK_SOURCE_NOT_VERIFIED,B,NO,NO,NO
1129,WSSEC:WS:XSHG:601066,WS:XSHG:601066,XSHG,601066,CN_CSI300,NOT_VERIFIED,OFFICIAL_SECTOR_BULK_SOURCE_NOT_VERIFIED,B,NO,NO,NO
1130,WSSEC:WS:XSHG:601077,WS:XSHG:601077,XSHG,601077,CN_CSI300,NOT_VERIFIED,OFFICIAL_SECTOR_BULK_SOURCE_NOT_VERIFIED,B,NO,NO,NO
1131,WSSEC:WS:XSHG:601088,WS:XSHG:601088,XSHG,601088,CN_CSI300,NOT_VERIFIED,OFFICIAL_SECTOR_BULK_SOURCE_NOT_VERIFIED,B,NO,NO,NO
1132,WSSEC:WS:XSHG:601100,WS:XSHG:601100,XSHG,601100,CN_CSI300,NOT_VERIFIED,OFFICIAL_SECTOR_BULK_SOURCE_NOT_VERIFIED,B,NO,NO,NO
1133,WSSEC:WS:XSHG:601111,WS:XSHG:601111,XSHG,601111,CN_CSI300,NOT_VERIFIED,OFFICIAL_SECTOR_BULK_SOURCE_NOT_VERIFIED,B,NO,NO,NO
1134,WSSEC:WS:XSHG:601117,WS:XSHG:601117,XSHG,601117,CN_CSI300,NOT_VERIFIED,OFFICIAL_SECTOR_BULK_SOURCE_NOT_VERIFIED,B,NO,NO,NO
1135,WSSEC:WS:XSHG:601127,WS:XSHG:601127,XSHG,601127,CN_CSI300,NOT_VERIFIED,OFFICIAL_SECTOR_BULK_SOURCE_NOT_VERIFIED,B,NO,NO,NO
1136,WSSEC:WS:XSHG:601136,WS:XSHG:601136,XSHG,601136,CN_CSI300,NOT_VERIFIED,OFFICIAL_SECTOR_BULK_SOURCE_NOT_VERIFIED,B,NO,NO,NO
1137,WSSEC:WS:XSHG:601138,WS:XSHG:601138,XSHG,601138,CN_CSI300,NOT_VERIFIED,OFFICIAL_SECTOR_BULK_SOURCE_NOT_VERIFIED,B,NO,NO,NO
1138,WSSEC:WS:XSHG:601166,WS:XSHG:601166,XSHG,601166,CN_CSI300,NOT_VERIFIED,OFFICIAL_SECTOR_BULK_SOURCE_NOT_VERIFIED,B,NO,NO,NO
1139,WSSEC:WS:XSHG:601169,WS:XSHG:601169,XSHG,601169,CN_CSI300,NOT_VERIFIED,OFFICIAL_SECTOR_BULK_SOURCE_NOT_VERIFIED,B,NO,NO,NO
1140,WSSEC:WS:XSHG:601186,WS:XSHG:601186,XSHG,601186,CN_CSI300,NOT_VERIFIED,OFFICIAL_SECTOR_BULK_SOURCE_NOT_VERIFIED,B,NO,NO,NO
1141,WSSEC:WS:XSHG:601211,WS:XSHG:601211,XSHG,601211,CN_CSI300,NOT_VERIFIED,OFFICIAL_SECTOR_BULK_SOURCE_NOT_VERIFIED,B,NO,NO,NO
1142,WSSEC:WS:XSHG:601225,WS:XSHG:601225,XSHG,601225,CN_CSI300,NOT_VERIFIED,OFFICIAL_SECTOR_BULK_SOURCE_NOT_VERIFIED,B,NO,NO,NO
1143,WSSEC:WS:XSHG:601229,WS:XSHG:601229,XSHG,601229,CN_CSI300,NOT_VERIFIED,OFFICIAL_SECTOR_BULK_SOURCE_NOT_VERIFIED,B,NO,NO,NO
1144,WSSEC:WS:XSHG:601238,WS:XSHG:601238,XSHG,601238,CN_CSI300,NOT_VERIFIED,OFFICIAL_SECTOR_BULK_SOURCE_NOT_VERIFIED,B,NO,NO,NO
1145,WSSEC:WS:XSHG:601288,WS:XSHG:601288,XSHG,601288,CN_CSI300,NOT_VERIFIED,OFFICIAL_SECTOR_BULK_SOURCE_NOT_VERIFIED,B,NO,NO,NO
1146,WSSEC:WS:XSHG:601318,WS:XSHG:601318,XSHG,601318,CN_CSI300,NOT_VERIFIED,OFFICIAL_SECTOR_BULK_SOURCE_NOT_VERIFIED,B,NO,NO,NO
1147,WSSEC:WS:XSHG:601319,WS:XSHG:601319,XSHG,601319,CN_CSI300,NOT_VERIFIED,OFFICIAL_SECTOR_BULK_SOURCE_NOT_VERIFIED,B,NO,NO,NO
1148,WSSEC:WS:XSHG:601328,WS:XSHG:601328,XSHG,601328,CN_CSI300,NOT_VERIFIED,OFFICIAL_SECTOR_BULK_SOURCE_NOT_VERIFIED,B,NO,NO,NO
1149,WSSEC:WS:XSHG:601336,WS:XSHG:601336,XSHG,601336,CN_CSI300,NOT_VERIFIED,OFFICIAL_SECTOR_BULK_SOURCE_NOT_VERIFIED,B,NO,NO,NO
1150,WSSEC:WS:XSHG:601360,WS:XSHG:601360,XSHG,601360,CN_CSI300,NOT_VERIFIED,OFFICIAL_SECTOR_BULK_SOURCE_NOT_VERIFIED,B,NO,NO,NO
1151,WSSEC:WS:XSHG:601377,WS:XSHG:601377,XSHG,601377,CN_CSI300,NOT_VERIFIED,OFFICIAL_SECTOR_BULK_SOURCE_NOT_VERIFIED,B,NO,NO,NO
1152,WSSEC:WS:XSHG:601390,WS:XSHG:601390,XSHG,601390,CN_CSI300,NOT_VERIFIED,OFFICIAL_SECTOR_BULK_SOURCE_NOT_VERIFIED,B,NO,NO,NO
1153,WSSEC:WS:XSHG:601398,WS:XSHG:601398,XSHG,601398,CN_CSI300,NOT_VERIFIED,OFFICIAL_SECTOR_BULK_SOURCE_NOT_VERIFIED,B,NO,NO,NO
1154,WSSEC:WS:XSHG:601456,WS:XSHG:601456,XSHG,601456,CN_CSI300,NOT_VERIFIED,OFFICIAL_SECTOR_BULK_SOURCE_NOT_VERIFIED,B,NO,NO,NO
1155,WSSEC:WS:XSHG:601600,WS:XSHG:601600,XSHG,601600,CN_CSI300,NOT_VERIFIED,OFFICIAL_SECTOR_BULK_SOURCE_NOT_VERIFIED,B,NO,NO,NO
1156,WSSEC:WS:XSHG:601601,WS:XSHG:601601,XSHG,601601,CN_CSI300,NOT_VERIFIED,OFFICIAL_SECTOR_BULK_SOURCE_NOT_VERIFIED,B,NO,NO,NO
1157,WSSEC:WS:XSHG:601607,WS:XSHG:601607,XSHG,601607,CN_CSI300,NOT_VERIFIED,OFFICIAL_SECTOR_BULK_SOURCE_NOT_VERIFIED,B,NO,NO,NO
1158,WSSEC:WS:XSHG:601618,WS:XSHG:601618,XSHG,601618,CN_CSI300,NOT_VERIFIED,OFFICIAL_SECTOR_BULK_SOURCE_NOT_VERIFIED,B,NO,NO,NO
1159,WSSEC:WS:XSHG:601628,WS:XSHG:601628,XSHG,601628,CN_CSI300,NOT_VERIFIED,OFFICIAL_SECTOR_BULK_SOURCE_NOT_VERIFIED,B,NO,NO,NO
1160,WSSEC:WS:XSHG:601633,WS:XSHG:601633,XSHG,601633,CN_CSI300,NOT_VERIFIED,OFFICIAL_SECTOR_BULK_SOURCE_NOT_VERIFIED,B,NO,NO,NO
1161,WSSEC:WS:XSHG:601658,WS:XSHG:601658,XSHG,601658,CN_CSI300,NOT_VERIFIED,OFFICIAL_SECTOR_BULK_SOURCE_NOT_VERIFIED,B,NO,NO,NO
1162,WSSEC:WS:XSHG:601668,WS:XSHG:601668,XSHG,601668,CN_CSI300,NOT_VERIFIED,OFFICIAL_SECTOR_BULK_SOURCE_NOT_VERIFIED,B,NO,NO,NO
1163,WSSEC:WS:XSHG:601669,WS:XSHG:601669,XSHG,601669,CN_CSI300,NOT_VERIFIED,OFFICIAL_SECTOR_BULK_SOURCE_NOT_VERIFIED,B,NO,NO,NO
1164,WSSEC:WS:XSHG:601688,WS:XSHG:601688,XSHG,601688,CN_CSI300,NOT_VERIFIED,OFFICIAL_SECTOR_BULK_SOURCE_NOT_VERIFIED,B,NO,NO,NO
1165,WSSEC:WS:XSHG:601689,WS:XSHG:601689,XSHG,601689,CN_CSI300,NOT_VERIFIED,OFFICIAL_SECTOR_BULK_SOURCE_NOT_VERIFIED,B,NO,NO,NO
1166,WSSEC:WS:XSHG:601698,WS:XSHG:601698,XSHG,601698,CN_CSI300,NOT_VERIFIED,OFFICIAL_SECTOR_BULK_SOURCE_NOT_VERIFIED,B,NO,NO,NO
1167,WSSEC:WS:XSHG:601727,WS:XSHG:601727,XSHG,601727,CN_CSI300,NOT_VERIFIED,OFFICIAL_SECTOR_BULK_SOURCE_NOT_VERIFIED,B,NO,NO,NO
1168,WSSEC:WS:XSHG:601728,WS:XSHG:601728,XSHG,601728,CN_CSI300,NOT_VERIFIED,OFFICIAL_SECTOR_BULK_SOURCE_NOT_VERIFIED,B,NO,NO,NO
1169,WSSEC:WS:XSHG:601766,WS:XSHG:601766,XSHG,601766,CN_CSI300,NOT_VERIFIED,OFFICIAL_SECTOR_BULK_SOURCE_NOT_VERIFIED,B,NO,NO,NO
1170,WSSEC:WS:XSHG:601788,WS:XSHG:601788,XSHG,601788,CN_CSI300,NOT_VERIFIED,OFFICIAL_SECTOR_BULK_SOURCE_NOT_VERIFIED,B,NO,NO,NO
1171,WSSEC:WS:XSHG:601800,WS:XSHG:601800,XSHG,601800,CN_CSI300,NOT_VERIFIED,OFFICIAL_SECTOR_BULK_SOURCE_NOT_VERIFIED,B,NO,NO,NO
1172,WSSEC:WS:XSHG:601816,WS:XSHG:601816,XSHG,601816,CN_CSI300,NOT_VERIFIED,OFFICIAL_SECTOR_BULK_SOURCE_NOT_VERIFIED,B,NO,NO,NO
1173,WSSEC:WS:XSHG:601818,WS:XSHG:601818,XSHG,601818,CN_CSI300,NOT_VERIFIED,OFFICIAL_SECTOR_BULK_SOURCE_NOT_VERIFIED,B,NO,NO,NO
1174,WSSEC:WS:XSHG:601825,WS:XSHG:601825,XSHG,601825,CN_CSI300,NOT_VERIFIED,OFFICIAL_SECTOR_BULK_SOURCE_NOT_VERIFIED,B,NO,NO,NO
1175,WSSEC:WS:XSHG:601838,WS:XSHG:601838,XSHG,601838,CN_CSI300,NOT_VERIFIED,OFFICIAL_SECTOR_BULK_SOURCE_NOT_VERIFIED,B,NO,NO,NO
1176,WSSEC:WS:XSHG:601857,WS:XSHG:601857,XSHG,601857,CN_CSI300,NOT_VERIFIED,OFFICIAL_SECTOR_BULK_SOURCE_NOT_VERIFIED,B,NO,NO,NO
1177,WSSEC:WS:XSHG:601868,WS:XSHG:601868,XSHG,601868,CN_CSI300,NOT_VERIFIED,OFFICIAL_SECTOR_BULK_SOURCE_NOT_VERIFIED,B,NO,NO,NO
1178,WSSEC:WS:XSHG:601872,WS:XSHG:601872,XSHG,601872,CN_CSI300,NOT_VERIFIED,OFFICIAL_SECTOR_BULK_SOURCE_NOT_VERIFIED,B,NO,NO,NO
1179,WSSEC:WS:XSHG:601877,WS:XSHG:601877,XSHG,601877,CN_CSI300,NOT_VERIFIED,OFFICIAL_SECTOR_BULK_SOURCE_NOT_VERIFIED,B,NO,NO,NO
1180,WSSEC:WS:XSHG:601878,WS:XSHG:601878,XSHG,601878,CN_CSI300,NOT_VERIFIED,OFFICIAL_SECTOR_BULK_SOURCE_NOT_VERIFIED,B,NO,NO,NO
1181,WSSEC:WS:XSHG:601881,WS:XSHG:601881,XSHG,601881,CN_CSI300,NOT_VERIFIED,OFFICIAL_SECTOR_BULK_SOURCE_NOT_VERIFIED,B,NO,NO,NO
1182,WSSEC:WS:XSHG:601888,WS:XSHG:601888,XSHG,601888,CN_CSI300,NOT_VERIFIED,OFFICIAL_SECTOR_BULK_SOURCE_NOT_VERIFIED,B,NO,NO,NO
1183,WSSEC:WS:XSHG:601898,WS:XSHG:601898,XSHG,601898,CN_CSI300,NOT_VERIFIED,OFFICIAL_SECTOR_BULK_SOURCE_NOT_VERIFIED,B,NO,NO,NO
1184,WSSEC:WS:XSHG:601899,WS:XSHG:601899,XSHG,601899,CN_CSI300,NOT_VERIFIED,OFFICIAL_SECTOR_BULK_SOURCE_NOT_VERIFIED,B,NO,NO,NO
1185,WSSEC:WS:XSHG:601901,WS:XSHG:601901,XSHG,601901,CN_CSI300,NOT_VERIFIED,OFFICIAL_SECTOR_BULK_SOURCE_NOT_VERIFIED,B,NO,NO,NO
1186,WSSEC:WS:XSHG:601916,WS:XSHG:601916,XSHG,601916,CN_CSI300,NOT_VERIFIED,OFFICIAL_SECTOR_BULK_SOURCE_NOT_VERIFIED,B,NO,NO,NO
1187,WSSEC:WS:XSHG:601919,WS:XSHG:601919,XSHG,601919,CN_CSI300,NOT_VERIFIED,OFFICIAL_SECTOR_BULK_SOURCE_NOT_VERIFIED,B,NO,NO,NO
1188,WSSEC:WS:XSHG:601939,WS:XSHG:601939,XSHG,601939,CN_CSI300,NOT_VERIFIED,OFFICIAL_SECTOR_BULK_SOURCE_NOT_VERIFIED,B,NO,NO,NO
1189,WSSEC:WS:XSHG:601985,WS:XSHG:601985,XSHG,601985,CN_CSI300,NOT_VERIFIED,OFFICIAL_SECTOR_BULK_SOURCE_NOT_VERIFIED,B,NO,NO,NO
1190,WSSEC:WS:XSHG:601988,WS:XSHG:601988,XSHG,601988,CN_CSI300,NOT_VERIFIED,OFFICIAL_SECTOR_BULK_SOURCE_NOT_VERIFIED,B,NO,NO,NO
1191,WSSEC:WS:XSHG:601995,WS:XSHG:601995,XSHG,601995,CN_CSI300,NOT_VERIFIED,OFFICIAL_SECTOR_BULK_SOURCE_NOT_VERIFIED,B,NO,NO,NO
1192,WSSEC:WS:XSHG:601998,WS:XSHG:601998,XSHG,601998,CN_CSI300,NOT_VERIFIED,OFFICIAL_SECTOR_BULK_SOURCE_NOT_VERIFIED,B,NO,NO,NO
1193,WSSEC:WS:XSHG:603019,WS:XSHG:603019,XSHG,603019,CN_CSI300,NOT_VERIFIED,OFFICIAL_SECTOR_BULK_SOURCE_NOT_VERIFIED,B,NO,NO,NO
1194,WSSEC:WS:XSHG:603259,WS:XSHG:603259,XSHG,603259,CN_CSI300,NOT_VERIFIED,OFFICIAL_SECTOR_BULK_SOURCE_NOT_VERIFIED,B,NO,NO,NO
1195,WSSEC:WS:XSHG:603260,WS:XSHG:603260,XSHG,603260,CN_CSI300,NOT_VERIFIED,OFFICIAL_SECTOR_BULK_SOURCE_NOT_VERIFIED,B,NO,NO,NO
1196,WSSEC:WS:XSHG:603288,WS:XSHG:603288,XSHG,603288,CN_CSI300,NOT_VERIFIED,OFFICIAL_SECTOR_BULK_SOURCE_NOT_VERIFIED,B,NO,NO,NO
1197,WSSEC:WS:XSHG:603296,WS:XSHG:603296,XSHG,603296,CN_CSI300,NOT_VERIFIED,OFFICIAL_SECTOR_BULK_SOURCE_NOT_VERIFIED,B,NO,NO,NO
1198,WSSEC:WS:XSHG:603369,WS:XSHG:603369,XSHG,603369,CN_CSI300,NOT_VERIFIED,OFFICIAL_SECTOR_BULK_SOURCE_NOT_VERIFIED,B,NO,NO,NO
1199,WSSEC:WS:XSHG:603392,WS:XSHG:603392,XSHG,603392,CN_CSI300,NOT_VERIFIED,OFFICIAL_SECTOR_BULK_SOURCE_NOT_VERIFIED,B,NO,NO,NO
1200,WSSEC:WS:XSHG:603501,WS:XSHG:603501,XSHG,603501,CN_CSI300,NOT_VERIFIED,OFFICIAL_SECTOR_BULK_SOURCE_NOT_VERIFIED,B,NO,NO,NO
1201,WSSEC:WS:XSHG:603799,WS:XSHG:603799,XSHG,603799,CN_CSI300,NOT_VERIFIED,OFFICIAL_SECTOR_BULK_SOURCE_NOT_VERIFIED,B,NO,NO,NO
1202,WSSEC:WS:XSHG:603893,WS:XSHG:603893,XSHG,603893,CN_CSI300,NOT_VERIFIED,OFFICIAL_SECTOR_BULK_SOURCE_NOT_VERIFIED,B,NO,NO,NO
1203,WSSEC:WS:XSHG:603986,WS:XSHG:603986,XSHG,603986,CN_CSI300,NOT_VERIFIED,OFFICIAL_SECTOR_BULK_SOURCE_NOT_VERIFIED,B,NO,NO,NO
1204,WSSEC:WS:XSHG:603993,WS:XSHG:603993,XSHG,603993,CN_CSI300,NOT_VERIFIED,OFFICIAL_SECTOR_BULK_SOURCE_NOT_VERIFIED,B,NO,NO,NO
1205,WSSEC:WS:XSHG:605117,WS:XSHG:605117,XSHG,605117,CN_CSI300,NOT_VERIFIED,OFFICIAL_SECTOR_BULK_SOURCE_NOT_VERIFIED,B,NO,NO,NO
1206,WSSEC:WS:XSHG:605499,WS:XSHG:605499,XSHG,605499,CN_CSI300,NOT_VERIFIED,OFFICIAL_SECTOR_BULK_SOURCE_NOT_VERIFIED,B,NO,NO,NO
1207,WSSEC:WS:XSHG:688008,WS:XSHG:688008,XSHG,688008,CN_CSI300,NOT_VERIFIED,OFFICIAL_SECTOR_BULK_SOURCE_NOT_VERIFIED,B,NO,NO,NO
1208,WSSEC:WS:XSHG:688012,WS:XSHG:688012,XSHG,688012,CN_CSI300,NOT_VERIFIED,OFFICIAL_SECTOR_BULK_SOURCE_NOT_VERIFIED,B,NO,NO,NO
1209,WSSEC:WS:XSHG:688036,WS:XSHG:688036,XSHG,688036,CN_CSI300,NOT_VERIFIED,OFFICIAL_SECTOR_BULK_SOURCE_NOT_VERIFIED,B,NO,NO,NO
1210,WSSEC:WS:XSHG:688041,WS:XSHG:688041,XSHG,688041,CN_CSI300,NOT_VERIFIED,OFFICIAL_SECTOR_BULK_SOURCE_NOT_VERIFIED,B,NO,NO,NO
1211,WSSEC:WS:XSHG:688047,WS:XSHG:688047,XSHG,688047,CN_CSI300,NOT_VERIFIED,OFFICIAL_SECTOR_BULK_SOURCE_NOT_VERIFIED,B,NO,NO,NO
1212,WSSEC:WS:XSHG:688072,WS:XSHG:688072,XSHG,688072,CN_CSI300,NOT_VERIFIED,OFFICIAL_SECTOR_BULK_SOURCE_NOT_VERIFIED,B,NO,NO,NO
1213,WSSEC:WS:XSHG:688082,WS:XSHG:688082,XSHG,688082,CN_CSI300,NOT_VERIFIED,OFFICIAL_SECTOR_BULK_SOURCE_NOT_VERIFIED,B,NO,NO,NO
1214,WSSEC:WS:XSHG:688111,WS:XSHG:688111,XSHG,688111,CN_CSI300,NOT_VERIFIED,OFFICIAL_SECTOR_BULK_SOURCE_NOT_VERIFIED,B,NO,NO,NO
1215,WSSEC:WS:XSHG:688126,WS:XSHG:688126,XSHG,688126,CN_CSI300,NOT_VERIFIED,OFFICIAL_SECTOR_BULK_SOURCE_NOT_VERIFIED,B,NO,NO,NO
1216,WSSEC:WS:XSHG:688183,WS:XSHG:688183,XSHG,688183,CN_CSI300,NOT_VERIFIED,OFFICIAL_SECTOR_BULK_SOURCE_NOT_VERIFIED,B,NO,NO,NO
1217,WSSEC:WS:XSHG:688223,WS:XSHG:688223,XSHG,688223,CN_CSI300,NOT_VERIFIED,OFFICIAL_SECTOR_BULK_SOURCE_NOT_VERIFIED,B,NO,NO,NO
1218,WSSEC:WS:XSHG:688256,WS:XSHG:688256,XSHG,688256,CN_CSI300,NOT_VERIFIED,OFFICIAL_SECTOR_BULK_SOURCE_NOT_VERIFIED,B,NO,NO,NO
1219,WSSEC:WS:XSHG:688271,WS:XSHG:688271,XSHG,688271,CN_CSI300,NOT_VERIFIED,OFFICIAL_SECTOR_BULK_SOURCE_NOT_VERIFIED,B,NO,NO,NO
1220,WSSEC:WS:XSHG:688303,WS:XSHG:688303,XSHG,688303,CN_CSI300,NOT_VERIFIED,OFFICIAL_SECTOR_BULK_SOURCE_NOT_VERIFIED,B,NO,NO,NO
1221,WSSEC:WS:XSHG:688396,WS:XSHG:688396,XSHG,688396,CN_CSI300,NOT_VERIFIED,OFFICIAL_SECTOR_BULK_SOURCE_NOT_VERIFIED,B,NO,NO,NO
1222,WSSEC:WS:XSHG:688472,WS:XSHG:688472,XSHG,688472,CN_CSI300,NOT_VERIFIED,OFFICIAL_SECTOR_BULK_SOURCE_NOT_VERIFIED,B,NO,NO,NO
1223,WSSEC:WS:XSHG:688506,WS:XSHG:688506,XSHG,688506,CN_CSI300,NOT_VERIFIED,OFFICIAL_SECTOR_BULK_SOURCE_NOT_VERIFIED,B,NO,NO,NO
1224,WSSEC:WS:XSHG:688521,WS:XSHG:688521,XSHG,688521,CN_CSI300,NOT_VERIFIED,OFFICIAL_SECTOR_BULK_SOURCE_NOT_VERIFIED,B,NO,NO,NO
1225,WSSEC:WS:XSHG:688981,WS:XSHG:688981,XSHG,688981,CN_CSI300,NOT_VERIFIED,OFFICIAL_SECTOR_BULK_SOURCE_NOT_VERIFIED,B,NO,NO,NO
1226,WSSEC:WS:XTAI:3711,WS:XTAI:3711,XTAI,3711,TW_TW50,NOT_VERIFIED,OFFICIAL_SECTOR_BULK_SOURCE_NOT_VERIFIED,B,NO,NO,NO
1227,WSSEC:WS:XTAI:6669,WS:XTAI:6669,XTAI,6669,TW_TW50,NOT_VERIFIED,OFFICIAL_SECTOR_BULK_SOURCE_NOT_VERIFIED,B,NO,NO,NO
1228,WSSEC:WS:XTAI:7769,WS:XTAI:7769,XTAI,7769,TW_TW50,NOT_VERIFIED,OFFICIAL_SECTOR_BULK_SOURCE_NOT_VERIFIED,B,NO,NO,NO
1229,WSSEC:WS:XTKS:1605,WS:XTKS:1605,XTKS,1605,JP_N225,NOT_VERIFIED,SOURCE_NATIVE_SECTOR_CODE_NOT_AVAILABLE,D,NO,NO,NO
1230,WSSEC:WS:XTKS:1801,WS:XTKS:1801,XTKS,1801,JP_N225,NOT_VERIFIED,SOURCE_NATIVE_SECTOR_CODE_NOT_AVAILABLE,D,NO,NO,NO
1231,WSSEC:WS:XTKS:1802,WS:XTKS:1802,XTKS,1802,JP_N225,NOT_VERIFIED,SOURCE_NATIVE_SECTOR_CODE_NOT_AVAILABLE,D,NO,NO,NO
1232,WSSEC:WS:XTKS:1803,WS:XTKS:1803,XTKS,1803,JP_N225,NOT_VERIFIED,SOURCE_NATIVE_SECTOR_CODE_NOT_AVAILABLE,D,NO,NO,NO
1233,WSSEC:WS:XTKS:1812,WS:XTKS:1812,XTKS,1812,JP_N225,NOT_VERIFIED,SOURCE_NATIVE_SECTOR_CODE_NOT_AVAILABLE,D,NO,NO,NO
1234,WSSEC:WS:XTKS:1925,WS:XTKS:1925,XTKS,1925,JP_N225,NOT_VERIFIED,SOURCE_NATIVE_SECTOR_CODE_NOT_AVAILABLE,D,NO,NO,NO
1235,WSSEC:WS:XTKS:1928,WS:XTKS:1928,XTKS,1928,JP_N225,NOT_VERIFIED,SOURCE_NATIVE_SECTOR_CODE_NOT_AVAILABLE,D,NO,NO,NO
1236,WSSEC:WS:XTKS:1963,WS:XTKS:1963,XTKS,1963,JP_N225,NOT_VERIFIED,SOURCE_NATIVE_SECTOR_CODE_NOT_AVAILABLE,D,NO,NO,NO
1237,WSSEC:WS:XTKS:2269,WS:XTKS:2269,XTKS,2269,JP_N225,NOT_VERIFIED,SOURCE_NATIVE_SECTOR_CODE_NOT_AVAILABLE,D,NO,NO,NO
1238,WSSEC:WS:XTKS:2282,WS:XTKS:2282,XTKS,2282,JP_N225,NOT_VERIFIED,SOURCE_NATIVE_SECTOR_CODE_NOT_AVAILABLE,D,NO,NO,NO
1239,WSSEC:WS:XTKS:2413,WS:XTKS:2413,XTKS,2413,JP_N225,NOT_VERIFIED,SOURCE_NATIVE_SECTOR_CODE_NOT_AVAILABLE,D,NO,NO,NO
1240,WSSEC:WS:XTKS:2502,WS:XTKS:2502,XTKS,2502,JP_N225,NOT_VERIFIED,SOURCE_NATIVE_SECTOR_CODE_NOT_AVAILABLE,D,NO,NO,NO
1241,WSSEC:WS:XTKS:2503,WS:XTKS:2503,XTKS,2503,JP_N225,NOT_VERIFIED,SOURCE_NATIVE_SECTOR_CODE_NOT_AVAILABLE,D,NO,NO,NO
1242,WSSEC:WS:XTKS:2768,WS:XTKS:2768,XTKS,2768,JP_N225,NOT_VERIFIED,SOURCE_NATIVE_SECTOR_CODE_NOT_AVAILABLE,D,NO,NO,NO
1243,WSSEC:WS:XTKS:2801,WS:XTKS:2801,XTKS,2801,JP_N225,NOT_VERIFIED,SOURCE_NATIVE_SECTOR_CODE_NOT_AVAILABLE,D,NO,NO,NO
1244,WSSEC:WS:XTKS:2802,WS:XTKS:2802,XTKS,2802,JP_N225,NOT_VERIFIED,SOURCE_NATIVE_SECTOR_CODE_NOT_AVAILABLE,D,NO,NO,NO
1245,WSSEC:WS:XTKS:285A,WS:XTKS:285A,XTKS,285A,JP_N225,NOT_VERIFIED,SOURCE_NATIVE_SECTOR_CODE_NOT_AVAILABLE,D,NO,NO,NO
1246,WSSEC:WS:XTKS:2914,WS:XTKS:2914,XTKS,2914,JP_N225,NOT_VERIFIED,SOURCE_NATIVE_SECTOR_CODE_NOT_AVAILABLE,D,NO,NO,NO
1247,WSSEC:WS:XTKS:3086,WS:XTKS:3086,XTKS,3086,JP_N225,NOT_VERIFIED,SOURCE_NATIVE_SECTOR_CODE_NOT_AVAILABLE,D,NO,NO,NO
1248,WSSEC:WS:XTKS:3099,WS:XTKS:3099,XTKS,3099,JP_N225,NOT_VERIFIED,SOURCE_NATIVE_SECTOR_CODE_NOT_AVAILABLE,D,NO,NO,NO
1249,WSSEC:WS:XTKS:3289,WS:XTKS:3289,XTKS,3289,JP_N225,NOT_VERIFIED,SOURCE_NATIVE_SECTOR_CODE_NOT_AVAILABLE,D,NO,NO,NO
1250,WSSEC:WS:XTKS:3382,WS:XTKS:3382,XTKS,3382,JP_N225,NOT_VERIFIED,SOURCE_NATIVE_SECTOR_CODE_NOT_AVAILABLE,D,NO,NO,NO
1251,WSSEC:WS:XTKS:3402,WS:XTKS:3402,XTKS,3402,JP_N225,NOT_VERIFIED,SOURCE_NATIVE_SECTOR_CODE_NOT_AVAILABLE,D,NO,NO,NO
1252,WSSEC:WS:XTKS:3405,WS:XTKS:3405,XTKS,3405,JP_N225,NOT_VERIFIED,SOURCE_NATIVE_SECTOR_CODE_NOT_AVAILABLE,D,NO,NO,NO
1253,WSSEC:WS:XTKS:3407,WS:XTKS:3407,XTKS,3407,JP_N225,NOT_VERIFIED,SOURCE_NATIVE_SECTOR_CODE_NOT_AVAILABLE,D,NO,NO,NO
1254,WSSEC:WS:XTKS:3436,WS:XTKS:3436,XTKS,3436,JP_N225,NOT_VERIFIED,SOURCE_NATIVE_SECTOR_CODE_NOT_AVAILABLE,D,NO,NO,NO
1255,WSSEC:WS:XTKS:3659,WS:XTKS:3659,XTKS,3659,JP_N225,NOT_VERIFIED,SOURCE_NATIVE_SECTOR_CODE_NOT_AVAILABLE,D,NO,NO,NO
1256,WSSEC:WS:XTKS:3697,WS:XTKS:3697,XTKS,3697,JP_N225,NOT_VERIFIED,SOURCE_NATIVE_SECTOR_CODE_NOT_AVAILABLE,D,NO,NO,NO
1257,WSSEC:WS:XTKS:4004,WS:XTKS:4004,XTKS,4004,JP_N225,NOT_VERIFIED,SOURCE_NATIVE_SECTOR_CODE_NOT_AVAILABLE,D,NO,NO,NO
1258,WSSEC:WS:XTKS:4005,WS:XTKS:4005,XTKS,4005,JP_N225,NOT_VERIFIED,SOURCE_NATIVE_SECTOR_CODE_NOT_AVAILABLE,D,NO,NO,NO
1259,WSSEC:WS:XTKS:4021,WS:XTKS:4021,XTKS,4021,JP_N225,NOT_VERIFIED,SOURCE_NATIVE_SECTOR_CODE_NOT_AVAILABLE,D,NO,NO,NO
1260,WSSEC:WS:XTKS:4042,WS:XTKS:4042,XTKS,4042,JP_N225,NOT_VERIFIED,SOURCE_NATIVE_SECTOR_CODE_NOT_AVAILABLE,D,NO,NO,NO
1261,WSSEC:WS:XTKS:4043,WS:XTKS:4043,XTKS,4043,JP_N225,NOT_VERIFIED,SOURCE_NATIVE_SECTOR_CODE_NOT_AVAILABLE,D,NO,NO,NO
1262,WSSEC:WS:XTKS:4062,WS:XTKS:4062,XTKS,4062,JP_N225,NOT_VERIFIED,SOURCE_NATIVE_SECTOR_CODE_NOT_AVAILABLE,D,NO,NO,NO
1263,WSSEC:WS:XTKS:4063,WS:XTKS:4063,XTKS,4063,JP_N225,NOT_VERIFIED,SOURCE_NATIVE_SECTOR_CODE_NOT_AVAILABLE,D,NO,NO,NO
1264,WSSEC:WS:XTKS:4151,WS:XTKS:4151,XTKS,4151,JP_N225,NOT_VERIFIED,SOURCE_NATIVE_SECTOR_CODE_NOT_AVAILABLE,D,NO,NO,NO
1265,WSSEC:WS:XTKS:4183,WS:XTKS:4183,XTKS,4183,JP_N225,NOT_VERIFIED,SOURCE_NATIVE_SECTOR_CODE_NOT_AVAILABLE,D,NO,NO,NO
1266,WSSEC:WS:XTKS:4188,WS:XTKS:4188,XTKS,4188,JP_N225,NOT_VERIFIED,SOURCE_NATIVE_SECTOR_CODE_NOT_AVAILABLE,D,NO,NO,NO
1267,WSSEC:WS:XTKS:4208,WS:XTKS:4208,XTKS,4208,JP_N225,NOT_VERIFIED,SOURCE_NATIVE_SECTOR_CODE_NOT_AVAILABLE,D,NO,NO,NO
1268,WSSEC:WS:XTKS:4307,WS:XTKS:4307,XTKS,4307,JP_N225,NOT_VERIFIED,SOURCE_NATIVE_SECTOR_CODE_NOT_AVAILABLE,D,NO,NO,NO
1269,WSSEC:WS:XTKS:4324,WS:XTKS:4324,XTKS,4324,JP_N225,NOT_VERIFIED,SOURCE_NATIVE_SECTOR_CODE_NOT_AVAILABLE,D,NO,NO,NO
1270,WSSEC:WS:XTKS:4385,WS:XTKS:4385,XTKS,4385,JP_N225,NOT_VERIFIED,SOURCE_NATIVE_SECTOR_CODE_NOT_AVAILABLE,D,NO,NO,NO
1271,WSSEC:WS:XTKS:4452,WS:XTKS:4452,XTKS,4452,JP_N225,NOT_VERIFIED,SOURCE_NATIVE_SECTOR_CODE_NOT_AVAILABLE,D,NO,NO,NO
1272,WSSEC:WS:XTKS:4502,WS:XTKS:4502,XTKS,4502,JP_N225,NOT_VERIFIED,SOURCE_NATIVE_SECTOR_CODE_NOT_AVAILABLE,D,NO,NO,NO
1273,WSSEC:WS:XTKS:4503,WS:XTKS:4503,XTKS,4503,JP_N225,NOT_VERIFIED,SOURCE_NATIVE_SECTOR_CODE_NOT_AVAILABLE,D,NO,NO,NO
1274,WSSEC:WS:XTKS:4506,WS:XTKS:4506,XTKS,4506,JP_N225,NOT_VERIFIED,SOURCE_NATIVE_SECTOR_CODE_NOT_AVAILABLE,D,NO,NO,NO
1275,WSSEC:WS:XTKS:4507,WS:XTKS:4507,XTKS,4507,JP_N225,NOT_VERIFIED,SOURCE_NATIVE_SECTOR_CODE_NOT_AVAILABLE,D,NO,NO,NO
1276,WSSEC:WS:XTKS:4519,WS:XTKS:4519,XTKS,4519,JP_N225,NOT_VERIFIED,SOURCE_NATIVE_SECTOR_CODE_NOT_AVAILABLE,D,NO,NO,NO
1277,WSSEC:WS:XTKS:4523,WS:XTKS:4523,XTKS,4523,JP_N225,NOT_VERIFIED,SOURCE_NATIVE_SECTOR_CODE_NOT_AVAILABLE,D,NO,NO,NO
1278,WSSEC:WS:XTKS:4543,WS:XTKS:4543,XTKS,4543,JP_N225,NOT_VERIFIED,SOURCE_NATIVE_SECTOR_CODE_NOT_AVAILABLE,D,NO,NO,NO
1279,WSSEC:WS:XTKS:4568,WS:XTKS:4568,XTKS,4568,JP_N225,NOT_VERIFIED,SOURCE_NATIVE_SECTOR_CODE_NOT_AVAILABLE,D,NO,NO,NO
1280,WSSEC:WS:XTKS:4578,WS:XTKS:4578,XTKS,4578,JP_N225,NOT_VERIFIED,SOURCE_NATIVE_SECTOR_CODE_NOT_AVAILABLE,D,NO,NO,NO
1281,WSSEC:WS:XTKS:4661,WS:XTKS:4661,XTKS,4661,JP_N225,NOT_VERIFIED,SOURCE_NATIVE_SECTOR_CODE_NOT_AVAILABLE,D,NO,NO,NO
1282,WSSEC:WS:XTKS:4689,WS:XTKS:4689,XTKS,4689,JP_N225,NOT_VERIFIED,SOURCE_NATIVE_SECTOR_CODE_NOT_AVAILABLE,D,NO,NO,NO
1283,WSSEC:WS:XTKS:4704,WS:XTKS:4704,XTKS,4704,JP_N225,NOT_VERIFIED,SOURCE_NATIVE_SECTOR_CODE_NOT_AVAILABLE,D,NO,NO,NO
1284,WSSEC:WS:XTKS:4751,WS:XTKS:4751,XTKS,4751,JP_N225,NOT_VERIFIED,SOURCE_NATIVE_SECTOR_CODE_NOT_AVAILABLE,D,NO,NO,NO
1285,WSSEC:WS:XTKS:4755,WS:XTKS:4755,XTKS,4755,JP_N225,NOT_VERIFIED,SOURCE_NATIVE_SECTOR_CODE_NOT_AVAILABLE,D,NO,NO,NO
1286,WSSEC:WS:XTKS:4901,WS:XTKS:4901,XTKS,4901,JP_N225,NOT_VERIFIED,SOURCE_NATIVE_SECTOR_CODE_NOT_AVAILABLE,D,NO,NO,NO
1287,WSSEC:WS:XTKS:4911,WS:XTKS:4911,XTKS,4911,JP_N225,NOT_VERIFIED,SOURCE_NATIVE_SECTOR_CODE_NOT_AVAILABLE,D,NO,NO,NO
1288,WSSEC:WS:XTKS:5019,WS:XTKS:5019,XTKS,5019,JP_N225,NOT_VERIFIED,SOURCE_NATIVE_SECTOR_CODE_NOT_AVAILABLE,D,NO,NO,NO
1289,WSSEC:WS:XTKS:5020,WS:XTKS:5020,XTKS,5020,JP_N225,NOT_VERIFIED,SOURCE_NATIVE_SECTOR_CODE_NOT_AVAILABLE,D,NO,NO,NO
1290,WSSEC:WS:XTKS:5101,WS:XTKS:5101,XTKS,5101,JP_N225,NOT_VERIFIED,SOURCE_NATIVE_SECTOR_CODE_NOT_AVAILABLE,D,NO,NO,NO
1291,WSSEC:WS:XTKS:5108,WS:XTKS:5108,XTKS,5108,JP_N225,NOT_VERIFIED,SOURCE_NATIVE_SECTOR_CODE_NOT_AVAILABLE,D,NO,NO,NO
1292,WSSEC:WS:XTKS:5201,WS:XTKS:5201,XTKS,5201,JP_N225,NOT_VERIFIED,SOURCE_NATIVE_SECTOR_CODE_NOT_AVAILABLE,D,NO,NO,NO
1293,WSSEC:WS:XTKS:5214,WS:XTKS:5214,XTKS,5214,JP_N225,NOT_VERIFIED,SOURCE_NATIVE_SECTOR_CODE_NOT_AVAILABLE,D,NO,NO,NO
1294,WSSEC:WS:XTKS:5332,WS:XTKS:5332,XTKS,5332,JP_N225,NOT_VERIFIED,SOURCE_NATIVE_SECTOR_CODE_NOT_AVAILABLE,D,NO,NO,NO
1295,WSSEC:WS:XTKS:5333,WS:XTKS:5333,XTKS,5333,JP_N225,NOT_VERIFIED,SOURCE_NATIVE_SECTOR_CODE_NOT_AVAILABLE,D,NO,NO,NO
1296,WSSEC:WS:XTKS:5401,WS:XTKS:5401,XTKS,5401,JP_N225,NOT_VERIFIED,SOURCE_NATIVE_SECTOR_CODE_NOT_AVAILABLE,D,NO,NO,NO
1297,WSSEC:WS:XTKS:5406,WS:XTKS:5406,XTKS,5406,JP_N225,NOT_VERIFIED,SOURCE_NATIVE_SECTOR_CODE_NOT_AVAILABLE,D,NO,NO,NO
1298,WSSEC:WS:XTKS:5411,WS:XTKS:5411,XTKS,5411,JP_N225,NOT_VERIFIED,SOURCE_NATIVE_SECTOR_CODE_NOT_AVAILABLE,D,NO,NO,NO
1299,WSSEC:WS:XTKS:543A,WS:XTKS:543A,XTKS,543A,JP_N225,NOT_VERIFIED,SOURCE_NATIVE_SECTOR_CODE_NOT_AVAILABLE,D,NO,NO,NO
1300,WSSEC:WS:XTKS:5631,WS:XTKS:5631,XTKS,5631,JP_N225,NOT_VERIFIED,SOURCE_NATIVE_SECTOR_CODE_NOT_AVAILABLE,D,NO,NO,NO
1301,WSSEC:WS:XTKS:5706,WS:XTKS:5706,XTKS,5706,JP_N225,NOT_VERIFIED,SOURCE_NATIVE_SECTOR_CODE_NOT_AVAILABLE,D,NO,NO,NO
1302,WSSEC:WS:XTKS:5711,WS:XTKS:5711,XTKS,5711,JP_N225,NOT_VERIFIED,SOURCE_NATIVE_SECTOR_CODE_NOT_AVAILABLE,D,NO,NO,NO
1303,WSSEC:WS:XTKS:5713,WS:XTKS:5713,XTKS,5713,JP_N225,NOT_VERIFIED,SOURCE_NATIVE_SECTOR_CODE_NOT_AVAILABLE,D,NO,NO,NO
1304,WSSEC:WS:XTKS:5714,WS:XTKS:5714,XTKS,5714,JP_N225,NOT_VERIFIED,SOURCE_NATIVE_SECTOR_CODE_NOT_AVAILABLE,D,NO,NO,NO
1305,WSSEC:WS:XTKS:5801,WS:XTKS:5801,XTKS,5801,JP_N225,NOT_VERIFIED,SOURCE_NATIVE_SECTOR_CODE_NOT_AVAILABLE,D,NO,NO,NO
1306,WSSEC:WS:XTKS:5802,WS:XTKS:5802,XTKS,5802,JP_N225,NOT_VERIFIED,SOURCE_NATIVE_SECTOR_CODE_NOT_AVAILABLE,D,NO,NO,NO
1307,WSSEC:WS:XTKS:5803,WS:XTKS:5803,XTKS,5803,JP_N225,NOT_VERIFIED,SOURCE_NATIVE_SECTOR_CODE_NOT_AVAILABLE,D,NO,NO,NO
1308,WSSEC:WS:XTKS:5831,WS:XTKS:5831,XTKS,5831,JP_N225,NOT_VERIFIED,SOURCE_NATIVE_SECTOR_CODE_NOT_AVAILABLE,D,NO,NO,NO
1309,WSSEC:WS:XTKS:6098,WS:XTKS:6098,XTKS,6098,JP_N225,NOT_VERIFIED,SOURCE_NATIVE_SECTOR_CODE_NOT_AVAILABLE,D,NO,NO,NO
1310,WSSEC:WS:XTKS:6113,WS:XTKS:6113,XTKS,6113,JP_N225,NOT_VERIFIED,SOURCE_NATIVE_SECTOR_CODE_NOT_AVAILABLE,D,NO,NO,NO
1311,WSSEC:WS:XTKS:6146,WS:XTKS:6146,XTKS,6146,JP_N225,NOT_VERIFIED,SOURCE_NATIVE_SECTOR_CODE_NOT_AVAILABLE,D,NO,NO,NO
1312,WSSEC:WS:XTKS:6178,WS:XTKS:6178,XTKS,6178,JP_N225,NOT_VERIFIED,SOURCE_NATIVE_SECTOR_CODE_NOT_AVAILABLE,D,NO,NO,NO
1313,WSSEC:WS:XTKS:6273,WS:XTKS:6273,XTKS,6273,JP_N225,NOT_VERIFIED,SOURCE_NATIVE_SECTOR_CODE_NOT_AVAILABLE,D,NO,NO,NO
1314,WSSEC:WS:XTKS:6301,WS:XTKS:6301,XTKS,6301,JP_N225,NOT_VERIFIED,SOURCE_NATIVE_SECTOR_CODE_NOT_AVAILABLE,D,NO,NO,NO
1315,WSSEC:WS:XTKS:6302,WS:XTKS:6302,XTKS,6302,JP_N225,NOT_VERIFIED,SOURCE_NATIVE_SECTOR_CODE_NOT_AVAILABLE,D,NO,NO,NO
1316,WSSEC:WS:XTKS:6305,WS:XTKS:6305,XTKS,6305,JP_N225,NOT_VERIFIED,SOURCE_NATIVE_SECTOR_CODE_NOT_AVAILABLE,D,NO,NO,NO
1317,WSSEC:WS:XTKS:6326,WS:XTKS:6326,XTKS,6326,JP_N225,NOT_VERIFIED,SOURCE_NATIVE_SECTOR_CODE_NOT_AVAILABLE,D,NO,NO,NO
1318,WSSEC:WS:XTKS:6361,WS:XTKS:6361,XTKS,6361,JP_N225,NOT_VERIFIED,SOURCE_NATIVE_SECTOR_CODE_NOT_AVAILABLE,D,NO,NO,NO
1319,WSSEC:WS:XTKS:6367,WS:XTKS:6367,XTKS,6367,JP_N225,NOT_VERIFIED,SOURCE_NATIVE_SECTOR_CODE_NOT_AVAILABLE,D,NO,NO,NO
1320,WSSEC:WS:XTKS:6479,WS:XTKS:6479,XTKS,6479,JP_N225,NOT_VERIFIED,SOURCE_NATIVE_SECTOR_CODE_NOT_AVAILABLE,D,NO,NO,NO
1321,WSSEC:WS:XTKS:6501,WS:XTKS:6501,XTKS,6501,JP_N225,NOT_VERIFIED,SOURCE_NATIVE_SECTOR_CODE_NOT_AVAILABLE,D,NO,NO,NO
1322,WSSEC:WS:XTKS:6503,WS:XTKS:6503,XTKS,6503,JP_N225,NOT_VERIFIED,SOURCE_NATIVE_SECTOR_CODE_NOT_AVAILABLE,D,NO,NO,NO
1323,WSSEC:WS:XTKS:6504,WS:XTKS:6504,XTKS,6504,JP_N225,NOT_VERIFIED,SOURCE_NATIVE_SECTOR_CODE_NOT_AVAILABLE,D,NO,NO,NO
1324,WSSEC:WS:XTKS:6506,WS:XTKS:6506,XTKS,6506,JP_N225,NOT_VERIFIED,SOURCE_NATIVE_SECTOR_CODE_NOT_AVAILABLE,D,NO,NO,NO
1325,WSSEC:WS:XTKS:6526,WS:XTKS:6526,XTKS,6526,JP_N225,NOT_VERIFIED,SOURCE_NATIVE_SECTOR_CODE_NOT_AVAILABLE,D,NO,NO,NO
1326,WSSEC:WS:XTKS:6532,WS:XTKS:6532,XTKS,6532,JP_N225,NOT_VERIFIED,SOURCE_NATIVE_SECTOR_CODE_NOT_AVAILABLE,D,NO,NO,NO
1327,WSSEC:WS:XTKS:6645,WS:XTKS:6645,XTKS,6645,JP_N225,NOT_VERIFIED,SOURCE_NATIVE_SECTOR_CODE_NOT_AVAILABLE,D,NO,NO,NO
1328,WSSEC:WS:XTKS:6701,WS:XTKS:6701,XTKS,6701,JP_N225,NOT_VERIFIED,SOURCE_NATIVE_SECTOR_CODE_NOT_AVAILABLE,D,NO,NO,NO
1329,WSSEC:WS:XTKS:6702,WS:XTKS:6702,XTKS,6702,JP_N225,NOT_VERIFIED,SOURCE_NATIVE_SECTOR_CODE_NOT_AVAILABLE,D,NO,NO,NO
1330,WSSEC:WS:XTKS:6723,WS:XTKS:6723,XTKS,6723,JP_N225,NOT_VERIFIED,SOURCE_NATIVE_SECTOR_CODE_NOT_AVAILABLE,D,NO,NO,NO
1331,WSSEC:WS:XTKS:6724,WS:XTKS:6724,XTKS,6724,JP_N225,NOT_VERIFIED,SOURCE_NATIVE_SECTOR_CODE_NOT_AVAILABLE,D,NO,NO,NO
1332,WSSEC:WS:XTKS:6752,WS:XTKS:6752,XTKS,6752,JP_N225,NOT_VERIFIED,SOURCE_NATIVE_SECTOR_CODE_NOT_AVAILABLE,D,NO,NO,NO
1333,WSSEC:WS:XTKS:6758,WS:XTKS:6758,XTKS,6758,JP_N225,NOT_VERIFIED,SOURCE_NATIVE_SECTOR_CODE_NOT_AVAILABLE,D,NO,NO,NO
1334,WSSEC:WS:XTKS:6762,WS:XTKS:6762,XTKS,6762,JP_N225,NOT_VERIFIED,SOURCE_NATIVE_SECTOR_CODE_NOT_AVAILABLE,D,NO,NO,NO
1335,WSSEC:WS:XTKS:6770,WS:XTKS:6770,XTKS,6770,JP_N225,NOT_VERIFIED,SOURCE_NATIVE_SECTOR_CODE_NOT_AVAILABLE,D,NO,NO,NO
1336,WSSEC:WS:XTKS:6841,WS:XTKS:6841,XTKS,6841,JP_N225,NOT_VERIFIED,SOURCE_NATIVE_SECTOR_CODE_NOT_AVAILABLE,D,NO,NO,NO
1337,WSSEC:WS:XTKS:6857,WS:XTKS:6857,XTKS,6857,JP_N225,NOT_VERIFIED,SOURCE_NATIVE_SECTOR_CODE_NOT_AVAILABLE,D,NO,NO,NO
1338,WSSEC:WS:XTKS:6861,WS:XTKS:6861,XTKS,6861,JP_N225,NOT_VERIFIED,SOURCE_NATIVE_SECTOR_CODE_NOT_AVAILABLE,D,NO,NO,NO
1339,WSSEC:WS:XTKS:6902,WS:XTKS:6902,XTKS,6902,JP_N225,NOT_VERIFIED,SOURCE_NATIVE_SECTOR_CODE_NOT_AVAILABLE,D,NO,NO,NO
1340,WSSEC:WS:XTKS:6920,WS:XTKS:6920,XTKS,6920,JP_N225,NOT_VERIFIED,SOURCE_NATIVE_SECTOR_CODE_NOT_AVAILABLE,D,NO,NO,NO
1341,WSSEC:WS:XTKS:6954,WS:XTKS:6954,XTKS,6954,JP_N225,NOT_VERIFIED,SOURCE_NATIVE_SECTOR_CODE_NOT_AVAILABLE,D,NO,NO,NO
1342,WSSEC:WS:XTKS:6963,WS:XTKS:6963,XTKS,6963,JP_N225,NOT_VERIFIED,SOURCE_NATIVE_SECTOR_CODE_NOT_AVAILABLE,D,NO,NO,NO
1343,WSSEC:WS:XTKS:6971,WS:XTKS:6971,XTKS,6971,JP_N225,NOT_VERIFIED,SOURCE_NATIVE_SECTOR_CODE_NOT_AVAILABLE,D,NO,NO,NO
1344,WSSEC:WS:XTKS:6976,WS:XTKS:6976,XTKS,6976,JP_N225,NOT_VERIFIED,SOURCE_NATIVE_SECTOR_CODE_NOT_AVAILABLE,D,NO,NO,NO
1345,WSSEC:WS:XTKS:6981,WS:XTKS:6981,XTKS,6981,JP_N225,NOT_VERIFIED,SOURCE_NATIVE_SECTOR_CODE_NOT_AVAILABLE,D,NO,NO,NO
1346,WSSEC:WS:XTKS:6988,WS:XTKS:6988,XTKS,6988,JP_N225,NOT_VERIFIED,SOURCE_NATIVE_SECTOR_CODE_NOT_AVAILABLE,D,NO,NO,NO
1347,WSSEC:WS:XTKS:7011,WS:XTKS:7011,XTKS,7011,JP_N225,NOT_VERIFIED,SOURCE_NATIVE_SECTOR_CODE_NOT_AVAILABLE,D,NO,NO,NO
1348,WSSEC:WS:XTKS:7012,WS:XTKS:7012,XTKS,7012,JP_N225,NOT_VERIFIED,SOURCE_NATIVE_SECTOR_CODE_NOT_AVAILABLE,D,NO,NO,NO
1349,WSSEC:WS:XTKS:7013,WS:XTKS:7013,XTKS,7013,JP_N225,NOT_VERIFIED,SOURCE_NATIVE_SECTOR_CODE_NOT_AVAILABLE,D,NO,NO,NO
1350,WSSEC:WS:XTKS:7186,WS:XTKS:7186,XTKS,7186,JP_N225,NOT_VERIFIED,SOURCE_NATIVE_SECTOR_CODE_NOT_AVAILABLE,D,NO,NO,NO
1351,WSSEC:WS:XTKS:7201,WS:XTKS:7201,XTKS,7201,JP_N225,NOT_VERIFIED,SOURCE_NATIVE_SECTOR_CODE_NOT_AVAILABLE,D,NO,NO,NO
1352,WSSEC:WS:XTKS:7202,WS:XTKS:7202,XTKS,7202,JP_N225,NOT_VERIFIED,SOURCE_NATIVE_SECTOR_CODE_NOT_AVAILABLE,D,NO,NO,NO
1353,WSSEC:WS:XTKS:7203,WS:XTKS:7203,XTKS,7203,JP_N225,NOT_VERIFIED,SOURCE_NATIVE_SECTOR_CODE_NOT_AVAILABLE,D,NO,NO,NO
1354,WSSEC:WS:XTKS:7211,WS:XTKS:7211,XTKS,7211,JP_N225,NOT_VERIFIED,SOURCE_NATIVE_SECTOR_CODE_NOT_AVAILABLE,D,NO,NO,NO
1355,WSSEC:WS:XTKS:7261,WS:XTKS:7261,XTKS,7261,JP_N225,NOT_VERIFIED,SOURCE_NATIVE_SECTOR_CODE_NOT_AVAILABLE,D,NO,NO,NO
1356,WSSEC:WS:XTKS:7267,WS:XTKS:7267,XTKS,7267,JP_N225,NOT_VERIFIED,SOURCE_NATIVE_SECTOR_CODE_NOT_AVAILABLE,D,NO,NO,NO
1357,WSSEC:WS:XTKS:7269,WS:XTKS:7269,XTKS,7269,JP_N225,NOT_VERIFIED,SOURCE_NATIVE_SECTOR_CODE_NOT_AVAILABLE,D,NO,NO,NO
1358,WSSEC:WS:XTKS:7270,WS:XTKS:7270,XTKS,7270,JP_N225,NOT_VERIFIED,SOURCE_NATIVE_SECTOR_CODE_NOT_AVAILABLE,D,NO,NO,NO
1359,WSSEC:WS:XTKS:7272,WS:XTKS:7272,XTKS,7272,JP_N225,NOT_VERIFIED,SOURCE_NATIVE_SECTOR_CODE_NOT_AVAILABLE,D,NO,NO,NO
1360,WSSEC:WS:XTKS:7453,WS:XTKS:7453,XTKS,7453,JP_N225,NOT_VERIFIED,SOURCE_NATIVE_SECTOR_CODE_NOT_AVAILABLE,D,NO,NO,NO
1361,WSSEC:WS:XTKS:7532,WS:XTKS:7532,XTKS,7532,JP_N225,NOT_VERIFIED,SOURCE_NATIVE_SECTOR_CODE_NOT_AVAILABLE,D,NO,NO,NO
1362,WSSEC:WS:XTKS:7731,WS:XTKS:7731,XTKS,7731,JP_N225,NOT_VERIFIED,SOURCE_NATIVE_SECTOR_CODE_NOT_AVAILABLE,D,NO,NO,NO
1363,WSSEC:WS:XTKS:7733,WS:XTKS:7733,XTKS,7733,JP_N225,NOT_VERIFIED,SOURCE_NATIVE_SECTOR_CODE_NOT_AVAILABLE,D,NO,NO,NO
1364,WSSEC:WS:XTKS:7735,WS:XTKS:7735,XTKS,7735,JP_N225,NOT_VERIFIED,SOURCE_NATIVE_SECTOR_CODE_NOT_AVAILABLE,D,NO,NO,NO
1365,WSSEC:WS:XTKS:7741,WS:XTKS:7741,XTKS,7741,JP_N225,NOT_VERIFIED,SOURCE_NATIVE_SECTOR_CODE_NOT_AVAILABLE,D,NO,NO,NO
1366,WSSEC:WS:XTKS:7751,WS:XTKS:7751,XTKS,7751,JP_N225,NOT_VERIFIED,SOURCE_NATIVE_SECTOR_CODE_NOT_AVAILABLE,D,NO,NO,NO
1367,WSSEC:WS:XTKS:7752,WS:XTKS:7752,XTKS,7752,JP_N225,NOT_VERIFIED,SOURCE_NATIVE_SECTOR_CODE_NOT_AVAILABLE,D,NO,NO,NO
1368,WSSEC:WS:XTKS:7832,WS:XTKS:7832,XTKS,7832,JP_N225,NOT_VERIFIED,SOURCE_NATIVE_SECTOR_CODE_NOT_AVAILABLE,D,NO,NO,NO
1369,WSSEC:WS:XTKS:7911,WS:XTKS:7911,XTKS,7911,JP_N225,NOT_VERIFIED,SOURCE_NATIVE_SECTOR_CODE_NOT_AVAILABLE,D,NO,NO,NO
1370,WSSEC:WS:XTKS:7912,WS:XTKS:7912,XTKS,7912,JP_N225,NOT_VERIFIED,SOURCE_NATIVE_SECTOR_CODE_NOT_AVAILABLE,D,NO,NO,NO
1371,WSSEC:WS:XTKS:7951,WS:XTKS:7951,XTKS,7951,JP_N225,NOT_VERIFIED,SOURCE_NATIVE_SECTOR_CODE_NOT_AVAILABLE,D,NO,NO,NO
1372,WSSEC:WS:XTKS:7974,WS:XTKS:7974,XTKS,7974,JP_N225,NOT_VERIFIED,SOURCE_NATIVE_SECTOR_CODE_NOT_AVAILABLE,D,NO,NO,NO
1373,WSSEC:WS:XTKS:8001,WS:XTKS:8001,XTKS,8001,JP_N225,NOT_VERIFIED,SOURCE_NATIVE_SECTOR_CODE_NOT_AVAILABLE,D,NO,NO,NO
1374,WSSEC:WS:XTKS:8002,WS:XTKS:8002,XTKS,8002,JP_N225,NOT_VERIFIED,SOURCE_NATIVE_SECTOR_CODE_NOT_AVAILABLE,D,NO,NO,NO
1375,WSSEC:WS:XTKS:8015,WS:XTKS:8015,XTKS,8015,JP_N225,NOT_VERIFIED,SOURCE_NATIVE_SECTOR_CODE_NOT_AVAILABLE,D,NO,NO,NO
1376,WSSEC:WS:XTKS:8031,WS:XTKS:8031,XTKS,8031,JP_N225,NOT_VERIFIED,SOURCE_NATIVE_SECTOR_CODE_NOT_AVAILABLE,D,NO,NO,NO
1377,WSSEC:WS:XTKS:8035,WS:XTKS:8035,XTKS,8035,JP_N225,NOT_VERIFIED,SOURCE_NATIVE_SECTOR_CODE_NOT_AVAILABLE,D,NO,NO,NO
1378,WSSEC:WS:XTKS:8053,WS:XTKS:8053,XTKS,8053,JP_N225,NOT_VERIFIED,SOURCE_NATIVE_SECTOR_CODE_NOT_AVAILABLE,D,NO,NO,NO
1379,WSSEC:WS:XTKS:8058,WS:XTKS:8058,XTKS,8058,JP_N225,NOT_VERIFIED,SOURCE_NATIVE_SECTOR_CODE_NOT_AVAILABLE,D,NO,NO,NO
1380,WSSEC:WS:XTKS:8233,WS:XTKS:8233,XTKS,8233,JP_N225,NOT_VERIFIED,SOURCE_NATIVE_SECTOR_CODE_NOT_AVAILABLE,D,NO,NO,NO
1381,WSSEC:WS:XTKS:8267,WS:XTKS:8267,XTKS,8267,JP_N225,NOT_VERIFIED,SOURCE_NATIVE_SECTOR_CODE_NOT_AVAILABLE,D,NO,NO,NO
1382,WSSEC:WS:XTKS:8304,WS:XTKS:8304,XTKS,8304,JP_N225,NOT_VERIFIED,SOURCE_NATIVE_SECTOR_CODE_NOT_AVAILABLE,D,NO,NO,NO
1383,WSSEC:WS:XTKS:8306,WS:XTKS:8306,XTKS,8306,JP_N225,NOT_VERIFIED,SOURCE_NATIVE_SECTOR_CODE_NOT_AVAILABLE,D,NO,NO,NO
1384,WSSEC:WS:XTKS:8308,WS:XTKS:8308,XTKS,8308,JP_N225,NOT_VERIFIED,SOURCE_NATIVE_SECTOR_CODE_NOT_AVAILABLE,D,NO,NO,NO
1385,WSSEC:WS:XTKS:8309,WS:XTKS:8309,XTKS,8309,JP_N225,NOT_VERIFIED,SOURCE_NATIVE_SECTOR_CODE_NOT_AVAILABLE,D,NO,NO,NO
1386,WSSEC:WS:XTKS:8316,WS:XTKS:8316,XTKS,8316,JP_N225,NOT_VERIFIED,SOURCE_NATIVE_SECTOR_CODE_NOT_AVAILABLE,D,NO,NO,NO
1387,WSSEC:WS:XTKS:8331,WS:XTKS:8331,XTKS,8331,JP_N225,NOT_VERIFIED,SOURCE_NATIVE_SECTOR_CODE_NOT_AVAILABLE,D,NO,NO,NO
1388,WSSEC:WS:XTKS:8354,WS:XTKS:8354,XTKS,8354,JP_N225,NOT_VERIFIED,SOURCE_NATIVE_SECTOR_CODE_NOT_AVAILABLE,D,NO,NO,NO
1389,WSSEC:WS:XTKS:8411,WS:XTKS:8411,XTKS,8411,JP_N225,NOT_VERIFIED,SOURCE_NATIVE_SECTOR_CODE_NOT_AVAILABLE,D,NO,NO,NO
1390,WSSEC:WS:XTKS:8591,WS:XTKS:8591,XTKS,8591,JP_N225,NOT_VERIFIED,SOURCE_NATIVE_SECTOR_CODE_NOT_AVAILABLE,D,NO,NO,NO
1391,WSSEC:WS:XTKS:8601,WS:XTKS:8601,XTKS,8601,JP_N225,NOT_VERIFIED,SOURCE_NATIVE_SECTOR_CODE_NOT_AVAILABLE,D,NO,NO,NO
1392,WSSEC:WS:XTKS:8604,WS:XTKS:8604,XTKS,8604,JP_N225,NOT_VERIFIED,SOURCE_NATIVE_SECTOR_CODE_NOT_AVAILABLE,D,NO,NO,NO
1393,WSSEC:WS:XTKS:8630,WS:XTKS:8630,XTKS,8630,JP_N225,NOT_VERIFIED,SOURCE_NATIVE_SECTOR_CODE_NOT_AVAILABLE,D,NO,NO,NO
1394,WSSEC:WS:XTKS:8697,WS:XTKS:8697,XTKS,8697,JP_N225,NOT_VERIFIED,SOURCE_NATIVE_SECTOR_CODE_NOT_AVAILABLE,D,NO,NO,NO
1395,WSSEC:WS:XTKS:8725,WS:XTKS:8725,XTKS,8725,JP_N225,NOT_VERIFIED,SOURCE_NATIVE_SECTOR_CODE_NOT_AVAILABLE,D,NO,NO,NO
1396,WSSEC:WS:XTKS:8750,WS:XTKS:8750,XTKS,8750,JP_N225,NOT_VERIFIED,SOURCE_NATIVE_SECTOR_CODE_NOT_AVAILABLE,D,NO,NO,NO
1397,WSSEC:WS:XTKS:8766,WS:XTKS:8766,XTKS,8766,JP_N225,NOT_VERIFIED,SOURCE_NATIVE_SECTOR_CODE_NOT_AVAILABLE,D,NO,NO,NO
1398,WSSEC:WS:XTKS:8795,WS:XTKS:8795,XTKS,8795,JP_N225,NOT_VERIFIED,SOURCE_NATIVE_SECTOR_CODE_NOT_AVAILABLE,D,NO,NO,NO
1399,WSSEC:WS:XTKS:8801,WS:XTKS:8801,XTKS,8801,JP_N225,NOT_VERIFIED,SOURCE_NATIVE_SECTOR_CODE_NOT_AVAILABLE,D,NO,NO,NO
1400,WSSEC:WS:XTKS:8802,WS:XTKS:8802,XTKS,8802,JP_N225,NOT_VERIFIED,SOURCE_NATIVE_SECTOR_CODE_NOT_AVAILABLE,D,NO,NO,NO
1401,WSSEC:WS:XTKS:8830,WS:XTKS:8830,XTKS,8830,JP_N225,NOT_VERIFIED,SOURCE_NATIVE_SECTOR_CODE_NOT_AVAILABLE,D,NO,NO,NO
1402,WSSEC:WS:XTKS:9005,WS:XTKS:9005,XTKS,9005,JP_N225,NOT_VERIFIED,SOURCE_NATIVE_SECTOR_CODE_NOT_AVAILABLE,D,NO,NO,NO
1403,WSSEC:WS:XTKS:9020,WS:XTKS:9020,XTKS,9020,JP_N225,NOT_VERIFIED,SOURCE_NATIVE_SECTOR_CODE_NOT_AVAILABLE,D,NO,NO,NO
1404,WSSEC:WS:XTKS:9021,WS:XTKS:9021,XTKS,9021,JP_N225,NOT_VERIFIED,SOURCE_NATIVE_SECTOR_CODE_NOT_AVAILABLE,D,NO,NO,NO
1405,WSSEC:WS:XTKS:9022,WS:XTKS:9022,XTKS,9022,JP_N225,NOT_VERIFIED,SOURCE_NATIVE_SECTOR_CODE_NOT_AVAILABLE,D,NO,NO,NO
1406,WSSEC:WS:XTKS:9101,WS:XTKS:9101,XTKS,9101,JP_N225,NOT_VERIFIED,SOURCE_NATIVE_SECTOR_CODE_NOT_AVAILABLE,D,NO,NO,NO
1407,WSSEC:WS:XTKS:9104,WS:XTKS:9104,XTKS,9104,JP_N225,NOT_VERIFIED,SOURCE_NATIVE_SECTOR_CODE_NOT_AVAILABLE,D,NO,NO,NO
1408,WSSEC:WS:XTKS:9107,WS:XTKS:9107,XTKS,9107,JP_N225,NOT_VERIFIED,SOURCE_NATIVE_SECTOR_CODE_NOT_AVAILABLE,D,NO,NO,NO
1409,WSSEC:WS:XTKS:9147,WS:XTKS:9147,XTKS,9147,JP_N225,NOT_VERIFIED,SOURCE_NATIVE_SECTOR_CODE_NOT_AVAILABLE,D,NO,NO,NO
1410,WSSEC:WS:XTKS:9201,WS:XTKS:9201,XTKS,9201,JP_N225,NOT_VERIFIED,SOURCE_NATIVE_SECTOR_CODE_NOT_AVAILABLE,D,NO,NO,NO
1411,WSSEC:WS:XTKS:9202,WS:XTKS:9202,XTKS,9202,JP_N225,NOT_VERIFIED,SOURCE_NATIVE_SECTOR_CODE_NOT_AVAILABLE,D,NO,NO,NO
1412,WSSEC:WS:XTKS:9432,WS:XTKS:9432,XTKS,9432,JP_N225,NOT_VERIFIED,SOURCE_NATIVE_SECTOR_CODE_NOT_AVAILABLE,D,NO,NO,NO
1413,WSSEC:WS:XTKS:9433,WS:XTKS:9433,XTKS,9433,JP_N225,NOT_VERIFIED,SOURCE_NATIVE_SECTOR_CODE_NOT_AVAILABLE,D,NO,NO,NO
1414,WSSEC:WS:XTKS:9434,WS:XTKS:9434,XTKS,9434,JP_N225,NOT_VERIFIED,SOURCE_NATIVE_SECTOR_CODE_NOT_AVAILABLE,D,NO,NO,NO
1415,WSSEC:WS:XTKS:9501,WS:XTKS:9501,XTKS,9501,JP_N225,NOT_VERIFIED,SOURCE_NATIVE_SECTOR_CODE_NOT_AVAILABLE,D,NO,NO,NO
1416,WSSEC:WS:XTKS:9502,WS:XTKS:9502,XTKS,9502,JP_N225,NOT_VERIFIED,SOURCE_NATIVE_SECTOR_CODE_NOT_AVAILABLE,D,NO,NO,NO
1417,WSSEC:WS:XTKS:9503,WS:XTKS:9503,XTKS,9503,JP_N225,NOT_VERIFIED,SOURCE_NATIVE_SECTOR_CODE_NOT_AVAILABLE,D,NO,NO,NO
1418,WSSEC:WS:XTKS:9531,WS:XTKS:9531,XTKS,9531,JP_N225,NOT_VERIFIED,SOURCE_NATIVE_SECTOR_CODE_NOT_AVAILABLE,D,NO,NO,NO
1419,WSSEC:WS:XTKS:9532,WS:XTKS:9532,XTKS,9532,JP_N225,NOT_VERIFIED,SOURCE_NATIVE_SECTOR_CODE_NOT_AVAILABLE,D,NO,NO,NO
1420,WSSEC:WS:XTKS:9602,WS:XTKS:9602,XTKS,9602,JP_N225,NOT_VERIFIED,SOURCE_NATIVE_SECTOR_CODE_NOT_AVAILABLE,D,NO,NO,NO
1421,WSSEC:WS:XTKS:9735,WS:XTKS:9735,XTKS,9735,JP_N225,NOT_VERIFIED,SOURCE_NATIVE_SECTOR_CODE_NOT_AVAILABLE,D,NO,NO,NO
1422,WSSEC:WS:XTKS:9766,WS:XTKS:9766,XTKS,9766,JP_N225,NOT_VERIFIED,SOURCE_NATIVE_SECTOR_CODE_NOT_AVAILABLE,D,NO,NO,NO
1423,WSSEC:WS:XTKS:9843,WS:XTKS:9843,XTKS,9843,JP_N225,NOT_VERIFIED,SOURCE_NATIVE_SECTOR_CODE_NOT_AVAILABLE,D,NO,NO,NO
1424,WSSEC:WS:XTKS:9983,WS:XTKS:9983,XTKS,9983,JP_N225,NOT_VERIFIED,SOURCE_NATIVE_SECTOR_CODE_NOT_AVAILABLE,D,NO,NO,NO
1425,WSSEC:WS:XTKS:9984,WS:XTKS:9984,XTKS,9984,JP_N225,NOT_VERIFIED,SOURCE_NATIVE_SECTOR_CODE_NOT_AVAILABLE,D,NO,NO,NO
