Security_Key,Source_WS_ID,R1_Materialized,R1_Independent,R1_Exact,TrueRange_Current_Materialized,TrueRange_Current_Independent,TrueRange_Current_Exact
WSSEC:WS:BVMF:ABEV3,WS:BVMF:ABEV3,0.0026143765591093437,0.0026143765591093437,True,0.25,0.25,True
WSSEC:WS:BVMF:ALOS3,WS:BVMF:ALOS3,-0.007498272399807271,-0.007498272399807271,True,0.6199989318847656,0.6199989318847656,True
WSSEC:WS:BVMF:AXIA3,WS:BVMF:AXIA3,-0.015898776471139575,-0.015898776471139575,True,1.5200004577636719,1.5200004577636719,True
WSSEC:WS:BVMF:B3SA3,WS:BVMF:B3SA3,-0.0121951889987858,-0.0121951889987858,True,0.3899993896484375,0.3899993896484375,True
WSSEC:WS:BVMF:BBAS3,WS:BVMF:BBAS3,-0.028416741479412533,-0.028416741479412533,True,0.7600002288818359,0.7600002288818359,True
WSSEC:WS:BVMF:BBSE3,WS:BVMF:BBSE3,-0.0023160100662457106,-0.0023160100662457106,True,0.5400009155273438,0.5400009155273438,True
WSSEC:WS:BVMF:CPLE3,WS:BVMF:CPLE3,-0.008866392885432561,-0.008866392885432561,True,0.2799997329711914,0.2799997329711914,True
WSSEC:WS:BVMF:CSAN3,WS:BVMF:CSAN3,-0.020565593821906702,-0.020565593821906702,True,0.16000008583068848,0.16000008583068848,True
WSSEC:WS:BVMF:CSMG3,WS:BVMF:CSMG3,0.013798029556650215,0.013798029556650215,True,1.2700004577636719,1.2700004577636719,True
WSSEC:WS:BVMF:CURY3,WS:BVMF:CURY3,0.005128252780572051,0.005128252780572051,True,0.5900001525878906,0.5900001525878906,True
WSSEC:WS:BVMF:CXSE3,WS:BVMF:CXSE3,0.01442063646827707,0.01442063646827707,True,0.3900012969970703,0.3900012969970703,True
WSSEC:WS:BVMF:CYRE3,WS:BVMF:CYRE3,-0.006371816879663483,-0.006371816879663483,True,0.9300003051757812,0.9300003051757812,True
WSSEC:WS:BVMF:EGIE3,WS:BVMF:EGIE3,-0.011588280532367379,-0.011588280532367379,True,0.7399997711181641,0.7399997711181641,True
WSSEC:WS:BVMF:EMBJ3,WS:BVMF:EMBJ3,0.009473365819721247,0.009473365819721247,True,3.6500015258789062,3.6500015258789062,True
WSSEC:WS:BVMF:ENEV3,WS:BVMF:ENEV3,-0.020878326471203912,-0.020878326471203912,True,0.7999992370605469,0.7999992370605469,True
WSSEC:WS:BVMF:EQTL3,WS:BVMF:EQTL3,-0.009249973297119185,-0.009249973297119185,True,0.7299995422363281,0.7299995422363281,True
WSSEC:WS:BVMF:LREN3,WS:BVMF:LREN3,-0.017905085756408923,-0.017905085756408923,True,0.26999950408935547,0.26999950408935547,True
WSSEC:WS:BVMF:MBRF3,WS:BVMF:MBRF3,-0.010011783326088097,-0.010011783326088097,True,0.39999961853027344,0.39999961853027344,True
WSSEC:WS:BVMF:MGLU3,WS:BVMF:MGLU3,0.029411815121192175,0.029411815121192175,True,0.35000038146972656,0.35000038146972656,True
WSSEC:WS:BVMF:MOTV3,WS:BVMF:MOTV3,-0.0012142411201452319,-0.0012142411201452319,True,0.279998779296875,0.279998779296875,True
WSSEC:WS:BVMF:MULT3,WS:BVMF:MULT3,-0.008905874105892386,-0.008905874105892386,True,0.4900016784667969,0.4900016784667969,True
WSSEC:WS:BVMF:PETR3,WS:BVMF:PETR3,-0.008609657801600945,-0.008609657801600945,True,1.4000015258789062,1.4000015258789062,True
WSSEC:WS:BVMF:PRIO3,WS:BVMF:PRIO3,-0.002464698067278559,-0.002464698067278559,True,1.6499977111816406,1.6499977111816406,True
WSSEC:WS:BVMF:RADL3,WS:BVMF:RADL3,-0.05384611472105372,-0.05384611472105372,True,1.8099994659423828,1.8099994659423828,True
WSSEC:WS:BVMF:RAIL3,WS:BVMF:RAIL3,-0.0006297373305899079,-0.0006297373305899079,True,0.4399986267089844,0.4399986267089844,True
WSSEC:WS:BVMF:RDOR3,WS:BVMF:RDOR3,-0.011810943996437229,-0.011810943996437229,True,0.7900009155273438,0.7900009155273438,True
WSSEC:WS:BVMF:RENT3,WS:BVMF:RENT3,0.014678834500540638,0.014678834500540638,True,1.5200004577636719,1.5200004577636719,True
WSSEC:WS:BVMF:SBSP3,WS:BVMF:SBSP3,0.004105961151318116,0.004105961151318116,True,0.43000030517578125,0.43000030517578125,True
WSSEC:WS:BVMF:SMFT3,WS:BVMF:SMFT3,0.016431852362269073,0.016431852362269073,True,0.5900001525878906,0.5900001525878906,True
WSSEC:WS:BVMF:SUZB3,WS:BVMF:SUZB3,-0.04021898883777364,-0.04021898883777364,True,2.1500015258789062,2.1500015258789062,True
WSSEC:WS:BVMF:TIMS3,WS:BVMF:TIMS3,0.0069743064577261205,0.0069743064577261205,True,0.48000144958496094,0.48000144958496094,True
WSSEC:WS:BVMF:TOTS3,WS:BVMF:TOTS3,-0.011814294738647035,-0.011814294738647035,True,0.9300003051757812,0.9300003051757812,True
WSSEC:WS:BVMF:UGPA3,WS:BVMF:UGPA3,-0.023653809806344128,-0.023653809806344128,True,1.3199996948242188,1.3199996948242188,True
WSSEC:WS:BVMF:VALE3,WS:BVMF:VALE3,-0.0114717355388132,-0.0114717355388132,True,1.3499984741210938,1.3499984741210938,True
WSSEC:WS:BVMF:VBBR3,WS:BVMF:VBBR3,-0.020515378278234464,-0.020515378278234464,True,1.4699974060058594,1.4699974060058594,True
WSSEC:WS:BVMF:VIVT3,WS:BVMF:VIVT3,0.00962812085320297,0.00962812085320297,True,0.7900009155273438,0.7900009155273438,True
WSSEC:WS:BVMF:WEGE3,WS:BVMF:WEGE3,-0.00820950293584799,-0.00820950293584799,True,1.2399978637695312,1.2399978637695312,True
WSSEC:WS:ISIN:INE002A01018,WS:ISIN:INE002A01018,-0.023076962202023266,-0.023076962202023266,True,28.800048828125,28.800048828125,True
WSSEC:WS:ISIN:INE009A01021,WS:ISIN:INE009A01021,-0.005879470847623747,-0.005879470847623747,True,17.5999755859375,17.5999755859375,True
WSSEC:WS:ISIN:INE018A01030,WS:ISIN:INE018A01030,-0.018193847623792725,-0.018193847623792725,True,80.89990234375,80.89990234375,True
WSSEC:WS:ISIN:INE019A01038,WS:ISIN:INE019A01038,-0.018955229411852126,-0.018955229411852126,True,26.2000732421875,26.2000732421875,True
WSSEC:WS:ISIN:INE021A01026,WS:ISIN:INE021A01026,-0.02537680196664971,-0.02537680196664971,True,64.0,64.0,True
WSSEC:WS:ISIN:INE027H01010,WS:ISIN:INE027H01010,-0.013114467491164294,-0.013114467491164294,True,30.9000244140625,30.9000244140625,True
WSSEC:WS:ISIN:INE030A01027,WS:ISIN:INE030A01027,-0.00846153846153841,-0.00846153846153841,True,27.5,27.5,True
WSSEC:WS:ISIN:INE038A01020,WS:ISIN:INE038A01020,-0.021717461703600782,-0.021717461703600782,True,27.29998779296875,27.29998779296875,True
WSSEC:WS:ISIN:INE040A01034,WS:ISIN:INE040A01034,-0.0113258400623093,-0.0113258400623093,True,14.54998779296875,14.54998779296875,True
WSSEC:WS:ISIN:INE044A01036,WS:ISIN:INE044A01036,-0.00809650165465814,-0.00809650165465814,True,31.5999755859375,31.5999755859375,True
WSSEC:WS:ISIN:INE047A01021,WS:ISIN:INE047A01021,-0.006899796142386672,-0.006899796142386672,True,53.099853515625,53.099853515625,True
WSSEC:WS:ISIN:INE062A01020,WS:ISIN:INE062A01020,-0.015692562085360295,-0.015692562085360295,True,18.29998779296875,18.29998779296875,True
WSSEC:WS:ISIN:INE066A01021,WS:ISIN:INE066A01021,-0.017603748326639912,-0.017603748326639912,True,137.0,137.0,True
WSSEC:WS:ISIN:INE081A01020,WS:ISIN:INE081A01020,-0.014673529736325741,-0.014673529736325741,True,4.0800018310546875,4.0800018310546875,True
WSSEC:WS:ISIN:INE089A01031,WS:ISIN:INE089A01031,-0.008916716639034927,-0.008916716639034927,True,16.9000244140625,16.9000244140625,True
WSSEC:WS:ISIN:INE090A01021,WS:ISIN:INE090A01021,-0.004104477611940327,-0.004104477611940327,True,17.7000732421875,17.7000732421875,True
WSSEC:WS:ISIN:INE101A01026,WS:ISIN:INE101A01026,-0.017232306038920897,-0.017232306038920897,True,56.300048828125,56.300048828125,True
WSSEC:WS:ISIN:INE154A01025,WS:ISIN:INE154A01025,-0.00795851913773582,-0.00795851913773582,True,3.5999755859375,3.5999755859375,True
WSSEC:WS:ISIN:INE155A01022,WS:ISIN:INE155A01022,-0.01830282861896837,-0.01830282861896837,True,5.95001220703125,5.95001220703125,True
WSSEC:WS:ISIN:INE213A01029,WS:ISIN:INE213A01029,0.008864525781428378,0.008864525781428378,True,3.7700042724609375,3.7700042724609375,True
WSSEC:WS:ISIN:INE237A01036,WS:ISIN:INE237A01036,-0.019963702359346636,-0.019963702359346636,True,8.95001220703125,8.95001220703125,True
WSSEC:WS:ISIN:INE238A01034,WS:ISIN:INE238A01034,-0.04560807062325578,-0.04560807062325578,True,68.199951171875,68.199951171875,True
WSSEC:WS:ISIN:INE239A01024,WS:ISIN:INE239A01024,-0.02609569813010304,-0.02609569813010304,True,37.0,37.0,True
WSSEC:WS:ISIN:INE263A01024,WS:ISIN:INE263A01024,-0.010225951061222704,-0.010225951061222704,True,6.04998779296875,6.04998779296875,True
WSSEC:WS:ISIN:INE280A01028,WS:ISIN:INE280A01028,-0.009733606557377095,-0.009733606557377095,True,82.0,82.0,True
WSSEC:WS:ISIN:INE296A01032,WS:ISIN:INE296A01032,-0.058665600111585725,-0.058665600111585725,True,69.199951171875,69.199951171875,True
WSSEC:WS:ISIN:INE397D01024,WS:ISIN:INE397D01024,-0.020401431016754068,-0.020401431016754068,True,37.39990234375,37.39990234375,True
WSSEC:WS:ISIN:INE423A01024,WS:ISIN:INE423A01024,-0.03113722861561119,-0.03113722861561119,True,95.0,95.0,True
WSSEC:WS:ISIN:INE437A01024,WS:ISIN:INE437A01024,-0.01990296614841769,-0.01990296614841769,True,180.5,180.5,True
WSSEC:WS:ISIN:INE467B01029,WS:ISIN:INE467B01029,-0.0012443039503904352,-0.0012443039503904352,True,29.7998046875,29.7998046875,True
WSSEC:WS:ISIN:INE481G01011,WS:ISIN:INE481G01011,-0.008874943971313276,-0.008874943971313276,True,136.0,136.0,True
WSSEC:WS:ISIN:INE522F01014,WS:ISIN:INE522F01014,-0.00600633109477855,-0.00600633109477855,True,5.75,5.75,True
WSSEC:WS:ISIN:INE585B01010,WS:ISIN:INE585B01010,-0.019623875715453765,-0.019623875715453765,True,255.0,255.0,True
WSSEC:WS:ISIN:INE646L01027,WS:ISIN:INE646L01027,-0.02754300487222827,-0.02754300487222827,True,154.0,154.0,True
WSSEC:WS:ISIN:INE669C01036,WS:ISIN:INE669C01036,-0.008991650610147728,-0.008991650610147728,True,33.199951171875,33.199951171875,True
WSSEC:WS:ISIN:INE721A01047,WS:ISIN:INE721A01047,-0.020577748361853998,-0.020577748361853998,True,27.39996337890625,27.39996337890625,True
WSSEC:WS:ISIN:INE733E01010,WS:ISIN:INE733E01010,0.0018405095199864885,0.0018405095199864885,True,3.300018310546875,3.300018310546875,True
WSSEC:WS:ISIN:INE742F01042,WS:ISIN:INE742F01042,-0.012172854205512285,-0.012172854205512285,True,32.300048828125,32.300048828125,True
WSSEC:WS:ISIN:INE752E01010,WS:ISIN:INE752E01010,-0.01406372368197839,-0.01406372368197839,True,5.149993896484375,5.149993896484375,True
WSSEC:WS:ISIN:INE758E01017,WS:ISIN:INE758E01017,-0.021322408263553028,-0.021322408263553028,True,5.4499969482421875,5.4499969482421875,True
WSSEC:WS:ISIN:INE758T01015,WS:ISIN:INE758T01015,-0.020866756234772965,-0.020866756234772965,True,10.050018310546875,10.050018310546875,True
WSSEC:WS:ISIN:INE849A01020,WS:ISIN:INE849A01020,-0.026676279740447062,-0.026676279740447062,True,74.10009765625,74.10009765625,True
WSSEC:WS:ISIN:INE860A01027,WS:ISIN:INE860A01027,-0.010424107658890014,-0.010424107658890014,True,20.5,20.5,True
WSSEC:WS:ISIN:INE917I01010,WS:ISIN:INE917I01010,-0.01684210526315788,-0.01684210526315788,True,199.0,199.0,True
WSSEC:WS:ISIN:INE918I01026,WS:ISIN:INE918I01026,-0.04559975693034124,-0.04559975693034124,True,85.5999755859375,85.5999755859375,True
WSSEC:WS:ISIN:KYG022421088,WS:ISIN:KYG022421088,0.0026595744680850686,0.0026595744680850686,True,70.0,70.0,True
WSSEC:WS:ISIN:KYG114741062,WS:ISIN:KYG114741062,0.0,0.0,True,185.0,185.0,True
WSSEC:WS:ISIN:KYG989221000,WS:ISIN:KYG989221000,0.005285412262156397,0.005285412262156397,True,8.5,8.5,True
WSSEC:WS:ISIN:TW0001216000,WS:ISIN:TW0001216000,-0.011936359518109674,-0.011936359518109674,True,1.0,1.0,True
WSSEC:WS:ISIN:TW0001303006,WS:ISIN:TW0001303006,0.04615384615384621,0.04615384615384621,True,15.5,15.5,True
WSSEC:WS:ISIN:TW0002059003,WS:ISIN:TW0002059003,-0.0032284100080710587,-0.0032284100080710587,True,455.0,455.0,True
WSSEC:WS:ISIN:TW0002301009,WS:ISIN:TW0002301009,0.012345679012345734,0.012345679012345734,True,10.0,10.0,True
WSSEC:WS:ISIN:TW0002303005,WS:ISIN:TW0002303005,-0.03749999999999998,-0.03749999999999998,True,8.0,8.0,True
WSSEC:WS:ISIN:TW0002308004,WS:ISIN:TW0002308004,0.0052631578947368585,0.0052631578947368585,True,60.0,60.0,True
WSSEC:WS:ISIN:TW0002317005,WS:ISIN:TW0002317005,-0.021484375,-0.021484375,True,6.5,6.5,True
WSSEC:WS:ISIN:TW0002327004,WS:ISIN:TW0002327004,0.01221640488656206,0.01221640488656206,True,29.0,29.0,True
WSSEC:WS:ISIN:TW0002330008,WS:ISIN:TW0002330008,-0.010000000000000009,-0.010000000000000009,True,30.0,30.0,True
WSSEC:WS:ISIN:TW0002344009,WS:ISIN:TW0002344009,-0.005797101449275366,-0.005797101449275366,True,6.0,6.0,True
WSSEC:WS:ISIN:TW0002345006,WS:ISIN:TW0002345006,0.002645502645502562,0.002645502645502562,True,50.0,50.0,True
WSSEC:WS:ISIN:TW0002357001,WS:ISIN:TW0002357001,-0.005219206680584509,-0.005219206680584509,True,14.0,14.0,True
WSSEC:WS:ISIN:TW0002360005,WS:ISIN:TW0002360005,-0.012903225806451646,-0.012903225806451646,True,75.0,75.0,True
WSSEC:WS:ISIN:TW0002368008,WS:ISIN:TW0002368008,-0.030701754385964897,-0.030701754385964897,True,75.0,75.0,True
WSSEC:WS:ISIN:TW0002382009,WS:ISIN:TW0002382009,-0.008784773060029227,-0.008784773060029227,True,6.5,6.5,True
WSSEC:WS:ISIN:TW0002383007,WS:ISIN:TW0002383007,0.005976095617529875,0.005976095617529875,True,190.0,190.0,True
WSSEC:WS:ISIN:TW0002395001,WS:ISIN:TW0002395001,0.029957203994293913,0.029957203994293913,True,27.0,27.0,True
WSSEC:WS:ISIN:TW0002408002,WS:ISIN:TW0002408002,-0.023300970873786353,-0.023300970873786353,True,20.0,20.0,True
WSSEC:WS:ISIN:TW0002412004,WS:ISIN:TW0002412004,-0.0034364261168384758,-0.0034364261168384758,True,1.0,1.0,True
WSSEC:WS:ISIN:TW0002449006,WS:ISIN:TW0002449006,0.023026315789473673,0.023026315789473673,True,15.0,15.0,True
WSSEC:WS:ISIN:TW0002454006,WS:ISIN:TW0002454006,0.01928640308582441,0.01928640308582441,True,255.0,255.0,True
WSSEC:WS:ISIN:TW0002603008,WS:ISIN:TW0002603008,0.0,0.0,True,4.0,4.0,True
WSSEC:WS:ISIN:TW0002880002,WS:ISIN:TW0002880002,-0.001091686416887283,-0.001091686416887283,True,0.9000015258789062,0.9000015258789062,True
WSSEC:WS:ISIN:TW0002881000,WS:ISIN:TW0002881000,-0.019607843137254943,-0.019607843137254943,True,3.0,3.0,True
WSSEC:WS:ISIN:TW0002882008,WS:ISIN:TW0002882008,-0.008968609865470878,-0.008968609865470878,True,1.5,1.5,True
WSSEC:WS:ISIN:TW0002883006,WS:ISIN:TW0002883006,-0.010165126472487795,-0.010165126472487795,True,0.6999969482421875,0.6999969482421875,True
WSSEC:WS:ISIN:TW0002884004,WS:ISIN:TW0002884004,0.0,0.0,True,0.8500022888183594,0.8500022888183594,True
WSSEC:WS:ISIN:TW0002885001,WS:ISIN:TW0002885001,-0.005747148486326958,-0.005747148486326958,True,0.7999954223632812,0.7999954223632812,True
WSSEC:WS:ISIN:TW0002886009,WS:ISIN:TW0002886009,-0.008000030517578138,-0.008000030517578138,True,0.6500015258789062,0.6500015258789062,True
WSSEC:WS:ISIN:TW0002887007,WS:ISIN:TW0002887007,-0.01047731676241892,-0.01047731676241892,True,0.7000007629394531,0.7000007629394531,True
WSSEC:WS:ISIN:TW0002890001,WS:ISIN:TW0002890001,0.0022198066706311526,0.0022198066706311526,True,0.8500022888183594,0.8500022888183594,True
WSSEC:WS:ISIN:TW0002891009,WS:ISIN:TW0002891009,-0.005805537257189575,-0.005805537257189575,True,1.0,1.0,True
WSSEC:WS:ISIN:TW0002892007,WS:ISIN:TW0002892007,-0.008782898055777477,-0.008782898055777477,True,0.5,0.5,True
WSSEC:WS:ISIN:TW0003008009,WS:ISIN:TW0003008009,0.008885298869143687,0.008885298869143687,True,230.0,230.0,True
WSSEC:WS:ISIN:TW0003017000,WS:ISIN:TW0003017000,0.02449567723342949,0.02449567723342949,True,145.0,145.0,True
WSSEC:WS:ISIN:TW0003037008,WS:ISIN:TW0003037008,0.02155172413793105,0.02155172413793105,True,45.0,45.0,True
WSSEC:WS:ISIN:TW0003045001,WS:ISIN:TW0003045001,-0.004065040650406471,-0.004065040650406471,True,2.0,2.0,True
WSSEC:WS:ISIN:TW0003231007,WS:ISIN:TW0003231007,0.02499999999999991,0.02499999999999991,True,6.5,6.5,True
WSSEC:WS:ISIN:TW0003443008,WS:ISIN:TW0003443008,0.016696481812760844,0.016696481812760844,True,340.0,340.0,True
WSSEC:WS:ISIN:TW0003653002,WS:ISIN:TW0003653002,0.0795631825273011,0.0795631825273011,True,705.0,705.0,True
WSSEC:WS:ISIN:TW0004904008,WS:ISIN:TW0004904008,0.0,0.0,True,1.5,1.5,True
WSSEC:WS:ISIN:TW0006505001,WS:ISIN:TW0006505001,-0.0011455452465028992,-0.0011455452465028992,True,1.6999969482421875,1.6999969482421875,True
WSSEC:WS:ISIN:TW0008046004,WS:ISIN:TW0008046004,0.024793388429751984,0.024793388429751984,True,80.0,80.0,True
WSSEC:WS:XASX:ALD,WS:XASX:ALD,0.023744313553488938,0.023744313553488938,True,1.3499984741210938,1.3499984741210938,True
WSSEC:WS:XASX:ALL,WS:XASX:ALL,0.022460786581135928,0.022460786581135928,True,1.6300010681152344,1.6300010681152344,True
WSSEC:WS:XASX:ALQ,WS:XASX:ALQ,0.0018734898109615816,0.0018734898109615816,True,0.5,0.5,True
WSSEC:WS:XASX:ANZ,WS:XASX:ANZ,0.003155475951457598,0.003155475951457598,True,0.529998779296875,0.529998779296875,True
WSSEC:WS:XASX:ASX,WS:XASX:ASX,0.027493787670890724,0.027493787670890724,True,1.75,1.75,True
WSSEC:WS:XASX:AZJ,WS:XASX:AZJ,0.0027100244737636725,0.0027100244737636725,True,0.04999995231628418,0.04999995231628418,True
WSSEC:WS:XASX:BHP,WS:XASX:BHP,0.007239263742073732,0.007239263742073732,True,0.8950004577636719,0.8950004577636719,True
WSSEC:WS:XASX:BSL,WS:XASX:BSL,-0.0010016923499591712,-0.0010016923499591712,True,0.6199989318847656,0.6199989318847656,True
WSSEC:WS:XASX:BXB,WS:XASX:BXB,0.009777311606066208,0.009777311606066208,True,0.37999916076660156,0.37999916076660156,True
WSSEC:WS:XASX:CAR,WS:XASX:CAR,0.011158808471902537,0.011158808471902537,True,0.6900005340576172,0.6900005340576172,True
WSSEC:WS:XASX:CBA,WS:XASX:CBA,-0.00431403123349039,-0.00431403123349039,True,2.339996337890625,2.339996337890625,True
WSSEC:WS:XASX:CMM,WS:XASX:CMM,0.005194800369332064,0.005194800369332064,True,0.3099994659423828,0.3099994659423828,True
WSSEC:WS:XASX:COH,WS:XASX:COH,0.0009223475390371938,0.0009223475390371938,True,2.7949981689453125,2.7949981689453125,True
WSSEC:WS:XASX:COL,WS:XASX:COL,0.0,0.0,True,0.1700000762939453,0.1700000762939453,True
WSSEC:WS:XASX:CPU,WS:XASX:CPU,0.010666633374763368,0.010666633374763368,True,0.7000007629394531,0.7000007629394531,True
WSSEC:WS:XASX:CSL,WS:XASX:CSL,0.013572619896382365,0.013572619896382365,True,2.649993896484375,2.649993896484375,True
WSSEC:WS:XASX:CWY,WS:XASX:CWY,-0.003759394789693782,-0.003759394789693782,True,0.039999961853027344,0.039999961853027344,True
WSSEC:WS:XASX:EVN,WS:XASX:EVN,0.007380031467732806,0.007380031467732806,True,0.3099994659423828,0.3099994659423828,True
WSSEC:WS:XASX:FMG,WS:XASX:FMG,0.0017942995142079532,0.0017942995142079532,True,0.1400012969970703,0.1400012969970703,True
WSSEC:WS:XASX:GMD,WS:XASX:GMD,0.0,0.0,True,0.1399998664855957,0.1399998664855957,True
WSSEC:WS:XASX:IAG,WS:XASX:IAG,-0.003703788300324029,-0.003703788300324029,True,0.15000057220458984,0.15000057220458984,True
WSSEC:WS:XASX:IGO,WS:XASX:IGO,-0.005856509853564229,-0.005856509853564229,True,0.21000003814697266,0.21000003814697266,True
WSSEC:WS:XASX:JBH,WS:XASX:JBH,0.00890023125271111,0.00890023125271111,True,0.9599990844726562,0.9599990844726562,True
WSSEC:WS:XASX:LTR,WS:XASX:LTR,-0.009708728874782357,-0.009708728874782357,True,0.052500009536743164,0.052500009536743164,True
WSSEC:WS:XASX:LYC,WS:XASX:LYC,0.03791135221744968,0.03791135221744968,True,0.5750007629394531,0.5750007629394531,True
WSSEC:WS:XASX:MIN,WS:XASX:MIN,0.014816221306243271,0.014816221306243271,True,1.4099998474121094,1.4099998474121094,True
WSSEC:WS:XASX:MP1,WS:XASX:MP1,0.04297079307959284,0.04297079307959284,True,1.0699996948242188,1.0699996948242188,True
WSSEC:WS:XASX:MPL,WS:XASX:MPL,-0.008639300402664807,-0.008639300402664807,True,0.06500005722045898,0.06500005722045898,True
WSSEC:WS:XASX:MQG,WS:XASX:MQG,0.0030223193119962577,0.0030223193119962577,True,2.80999755859375,2.80999755859375,True
WSSEC:WS:XASX:NAB,WS:XASX:NAB,-0.0028409247645567737,-0.0028409247645567737,True,0.5900001525878906,0.5900001525878906,True
WSSEC:WS:XASX:NST,WS:XASX:NST,-0.0018206194551129151,-0.0018206194551129151,True,0.5,0.5,True
WSSEC:WS:XASX:NXT,WS:XASX:NXT,0.038251374663391235,0.038251374663391235,True,0.5500001907348633,0.5500001907348633,True
WSSEC:WS:XASX:ORG,WS:XASX:ORG,-0.04023974783806605,-0.04023974783806605,True,0.4700002670288086,0.4700002670288086,True
WSSEC:WS:XASX:ORI,WS:XASX:ORI,0.0017698675886530513,0.0017698675886530513,True,0.4699993133544922,0.4699993133544922,True
WSSEC:WS:XASX:PDN,WS:XASX:PDN,0.012795287046587056,0.012795287046587056,True,0.43000030517578125,0.43000030517578125,True
WSSEC:WS:XASX:PLS,WS:XASX:PLS,0.0,0.0,True,0.12999963760375977,0.12999963760375977,True
WSSEC:WS:XASX:PME,WS:XASX:PME,-0.007489312304829965,-0.007489312304829965,True,4.339996337890625,4.339996337890625,True
WSSEC:WS:XASX:PRU,WS:XASX:PRU,0.0060422904145789325,0.0060422904145789325,True,0.11999988555908203,0.11999988555908203,True
WSSEC:WS:XASX:QAN,WS:XASX:QAN,0.018202485563876936,0.018202485563876936,True,0.21000003814697266,0.21000003814697266,True
WSSEC:WS:XASX:QBE,WS:XASX:QBE,-0.007695609656810931,-0.007695609656810931,True,0.2999992370605469,0.2999992370605469,True
WSSEC:WS:XASX:REA,WS:XASX:REA,0.013999988186743861,0.013999988186743861,True,3.7400054931640625,3.7400054931640625,True
WSSEC:WS:XASX:RHC,WS:XASX:RHC,-0.001978072453591828,-0.001978072453591828,True,0.6599998474121094,0.6599998474121094,True
WSSEC:WS:XASX:RIO,WS:XASX:RIO,0.0010836018532467406,0.0010836018532467406,True,1.2299957275390625,1.2299957275390625,True
WSSEC:WS:XASX:RMS,WS:XASX:RMS,0.04736843921471201,0.04736843921471201,True,0.24000000953674316,0.24000000953674316,True
WSSEC:WS:XASX:RRL,WS:XASX:RRL,0.00644326191017508,0.00644326191017508,True,0.19499969482421875,0.19499969482421875,True
WSSEC:WS:XASX:S32,WS:XASX:S32,0.0020534351369265735,0.0020534351369265735,True,0.07000017166137695,0.07000017166137695,True
WSSEC:WS:XASX:SDF,WS:XASX:SDF,0.0,0.0,True,0.009999752044677734,0.009999752044677734,True
WSSEC:WS:XASX:SFR,WS:XASX:SFR,0.02100461186456215,0.02100461186456215,True,0.6700000762939453,0.6700000762939453,True
WSSEC:WS:XASX:SHL,WS:XASX:SHL,-0.01746277167840904,-0.01746277167840904,True,0.45999908447265625,0.45999908447265625,True
WSSEC:WS:XASX:SIG,WS:XASX:SIG,0.011857696335581869,0.011857696335581869,True,0.059999942779541016,0.059999942779541016,True
WSSEC:WS:XASX:STO,WS:XASX:STO,-0.01387281975157717,-0.01387281975157717,True,0.19999980926513672,0.19999980926513672,True
WSSEC:WS:XASX:SUN,WS:XASX:SUN,-0.008184135736885367,-0.008184135736885367,True,0.3299999237060547,0.3299999237060547,True
WSSEC:WS:XASX:TLC,WS:XASX:TLC,0.010438453263686531,0.010438453263686531,True,0.07000017166137695,0.07000017166137695,True
WSSEC:WS:XASX:TLS,WS:XASX:TLS,0.0,0.0,True,0.05499982833862305,0.05499982833862305,True
WSSEC:WS:XASX:TLX,WS:XASX:TLX,0.06535537256896262,0.06535537256896262,True,1.1800003051757812,1.1800003051757812,True
WSSEC:WS:XASX:WBC,WS:XASX:WBC,-0.0005725868190361583,-0.0005725868190361583,True,0.4199981689453125,0.4199981689453125,True
WSSEC:WS:XASX:WDS,WS:XASX:WDS,-0.023736084556460924,-0.023736084556460924,True,0.8299980163574219,0.8299980163574219,True
WSSEC:WS:XASX:WES,WS:XASX:WES,0.0079736300259583,0.0079736300259583,True,0.6999969482421875,0.6999969482421875,True
WSSEC:WS:XASX:WGX,WS:XASX:WGX,0.0,0.0,True,0.1099996566772461,0.1099996566772461,True
WSSEC:WS:XASX:WHC,WS:XASX:WHC,0.0025806427001953125,0.0025806427001953125,True,0.35500001907348633,0.35500001907348633,True
WSSEC:WS:XASX:WOW,WS:XASX:WOW,-0.004461894376735498,-0.004461894376735498,True,0.34999847412109375,0.34999847412109375,True
WSSEC:WS:XASX:WTC,WS:XASX:WTC,0.028643369036833954,0.028643369036833954,True,1.6399993896484375,1.6399993896484375,True
WSSEC:WS:XASX:ZIP,WS:XASX:ZIP,0.009009000301245074,0.009009000301245074,True,0.07999992370605469,0.07999992370605469,True
WSSEC:WS:XNAS:AAL,WS:XNAS:AAL,0.04706787460507322,0.04706787460507322,True,0.6400003433227539,0.6400003433227539,True
WSSEC:WS:XNAS:AAON,WS:XNAS:AAON,-0.0046899504993843655,-0.0046899504993843655,True,1.7099990844726562,1.7099990844726562,True
WSSEC:WS:XNAS:AAPL,WS:XNAS:AAPL,-0.0032638289175568325,-0.0032638289175568325,True,4.610015869140625,4.610015869140625,True
WSSEC:WS:XNAS:ABNB,WS:XNAS:ABNB,0.012100531731762398,0.012100531731762398,True,4.3899993896484375,4.3899993896484375,True
WSSEC:WS:XNAS:ADBE,WS:XNAS:ADBE,-0.007312350940099632,-0.007312350940099632,True,7.3700103759765625,7.3700103759765625,True
WSSEC:WS:XNAS:ADI,WS:XNAS:ADI,-0.006801198141488052,-0.006801198141488052,True,7.83001708984375,7.83001708984375,True
WSSEC:WS:XNAS:ADP,WS:XNAS:ADP,-0.0021617390020168825,-0.0021617390020168825,True,6.610015869140625,6.610015869140625,True
WSSEC:WS:XNAS:ADSK,WS:XNAS:ADSK,-0.026709592244951286,-0.026709592244951286,True,7.2400054931640625,7.2400054931640625,True
WSSEC:WS:XNAS:AEIS,WS:XNAS:AEIS,0.0020594126704973625,0.0020594126704973625,True,9.139984130859375,9.139984130859375,True
WSSEC:WS:XNAS:AKAM,WS:XNAS:AKAM,-0.06779802949826363,-0.06779802949826363,True,8.1300048828125,8.1300048828125,True
WSSEC:WS:XNAS:ALGM,WS:XNAS:ALGM,0.04105576505938502,0.04105576505938502,True,2.0400009155273438,2.0400009155273438,True
WSSEC:WS:XNAS:ALGN,WS:XNAS:ALGN,-0.01714242638537855,-0.01714242638537855,True,3.9499969482421875,3.9499969482421875,True
WSSEC:WS:XNAS:AMAT,WS:XNAS:AMAT,-0.00027405219755127774,-0.00027405219755127774,True,14.25,14.25,True
WSSEC:WS:XNAS:AMGN,WS:XNAS:AMGN,-0.0001230953567424864,-0.0001230953567424864,True,6.1099853515625,6.1099853515625,True
WSSEC:WS:XNAS:AMKR,WS:XNAS:AMKR,0.03757454111959313,0.03757454111959313,True,1.970001220703125,1.970001220703125,True
WSSEC:WS:XNAS:AMZN,WS:XNAS:AMZN,0.0004412910035951345,0.0004412910035951345,True,4.829986572265625,4.829986572265625,True
WSSEC:WS:XNAS:APP,WS:XNAS:APP,-0.008818394224573756,-0.008818394224573756,True,12.20501708984375,12.20501708984375,True
WSSEC:WS:XNAS:APPF,WS:XNAS:APPF,-0.02231751589223141,-0.02231751589223141,True,7.55999755859375,7.55999755859375,True
WSSEC:WS:XNAS:ARWR,WS:XNAS:ARWR,0.03474725394027556,0.03474725394027556,True,3.2000045776367188,3.2000045776367188,True
WSSEC:WS:XNAS:AVAV,WS:XNAS:AVAV,0.005939337082635943,0.005939337082635943,True,5.0500030517578125,5.0500030517578125,True
WSSEC:WS:XNAS:AVGO,WS:XNAS:AVGO,-0.013042635032485372,-0.013042635032485372,True,8.0999755859375,8.0999755859375,True
WSSEC:WS:XNAS:AVT,WS:XNAS:AVT,-0.0066583371968452765,-0.0066583371968452765,True,3.3499984741210938,3.3499984741210938,True
WSSEC:WS:XNAS:BHF,WS:XNAS:BHF,-0.0022022143878159817,-0.0022022143878159817,True,0.56500244140625,0.56500244140625,True
WSSEC:WS:XNAS:BIIB,WS:XNAS:BIIB,-0.00514217103336867,-0.00514217103336867,True,4.410003662109375,4.410003662109375,True
WSSEC:WS:XNAS:BKNG,WS:XNAS:BKNG,0.0096857589784618,0.0096857589784618,True,3.8699951171875,3.8699951171875,True
WSSEC:WS:XNAS:BMRN,WS:XNAS:BMRN,0.0018767427973425121,0.0018767427973425121,True,1.3799972534179688,1.3799972534179688,True
WSSEC:WS:XNAS:BRKR,WS:XNAS:BRKR,0.003095006406504286,0.003095006406504286,True,2.0999984741210938,2.0999984741210938,True
WSSEC:WS:XNAS:BSY,WS:XNAS:BSY,-0.019030163036732994,-0.019030163036732994,True,1.010000228881836,1.010000228881836,True
WSSEC:WS:XNAS:BTSG,WS:XNAS:BTSG,-0.01620285644107411,-0.01620285644107411,True,1.6100006103515625,1.6100006103515625,True
WSSEC:WS:XNAS:CAR,WS:XNAS:CAR,-0.0038229288228882607,-0.0038229288228882607,True,3.4000015258789062,3.4000015258789062,True
WSSEC:WS:XNAS:CART,WS:XNAS:CART,0.004187843197693386,0.004187843197693386,True,0.9000015258789062,0.9000015258789062,True
WSSEC:WS:XNAS:CASY,WS:XNAS:CASY,0.0025781889364620003,0.0025781889364620003,True,9.3900146484375,9.3900146484375,True
WSSEC:WS:XNAS:CBOE,WS:XNAS:CBOE,-0.004835005082668875,-0.004835005082668875,True,4.769989013671875,4.769989013671875,True
WSSEC:WS:XNAS:CBSH,WS:XNAS:CBSH,-0.009458765354423693,-0.009458765354423693,True,0.8499984741210938,0.8499984741210938,True
WSSEC:WS:XNAS:CDNS,WS:XNAS:CDNS,0.04176778224810751,0.04176778224810751,True,17.28997802734375,17.28997802734375,True
WSSEC:WS:XNAS:CDW,WS:XNAS:CDW,-0.04584015312240375,-0.04584015312240375,True,7.660003662109375,7.660003662109375,True
WSSEC:WS:XNAS:CELH,WS:XNAS:CELH,0.0,0.0,True,0.6700000762939453,0.6700000762939453,True
WSSEC:WS:XNAS:CG,WS:XNAS:CG,0.01895267244762966,0.01895267244762966,True,1.1000022888183594,1.1000022888183594,True
WSSEC:WS:XNAS:CGNX,WS:XNAS:CGNX,0.006985060032216772,0.006985060032216772,True,1.6699981689453125,1.6699981689453125,True
WSSEC:WS:XNAS:CHDN,WS:XNAS:CHDN,0.00012201814661327859,0.00012201814661327859,True,1.9499969482421875,1.9499969482421875,True
WSSEC:WS:XNAS:CHRD,WS:XNAS:CHRD,-0.03501981192479231,-0.03501981192479231,True,5.6100006103515625,5.6100006103515625,True
WSSEC:WS:XNAS:CHRW,WS:XNAS:CHRW,-0.023184347318466858,-0.023184347318466858,True,4.489990234375,4.489990234375,True
WSSEC:WS:XNAS:CINF,WS:XNAS:CINF,-0.0014763208608671308,-0.0014763208608671308,True,2.519989013671875,2.519989013671875,True
WSSEC:WS:XNAS:CME,WS:XNAS:CME,-0.0069792622454041275,-0.0069792622454041275,True,3.660003662109375,3.660003662109375,True
WSSEC:WS:XNAS:COIN,WS:XNAS:COIN,0.005450975644468725,0.005450975644468725,True,9.089996337890625,9.089996337890625,True
WSSEC:WS:XNAS:COKE,WS:XNAS:COKE,-0.01134947893476046,-0.01134947893476046,True,5.279998779296875,5.279998779296875,True
WSSEC:WS:XNAS:COLB,WS:XNAS:COLB,-0.001002361722005074,-0.001002361722005074,True,0.48999977111816406,0.48999977111816406,True
WSSEC:WS:XNAS:COLM,WS:XNAS:COLM,-0.0019352675942340136,-0.0019352675942340136,True,1.2000007629394531,1.2000007629394531,True
WSSEC:WS:XNAS:COST,WS:XNAS:COST,-0.009085919782656271,-0.009085919782656271,True,14.16998291015625,14.16998291015625,True
WSSEC:WS:XNAS:CPRT,WS:XNAS:CPRT,-0.028749563546188406,-0.028749563546188406,True,0.8799991607666016,0.8799991607666016,True
WSSEC:WS:XNAS:CROX,WS:XNAS:CROX,0.011861948650004672,0.011861948650004672,True,3.470001220703125,3.470001220703125,True
WSSEC:WS:XNAS:CRUS,WS:XNAS:CRUS,0.009762697063530723,0.009762697063530723,True,2.7699966430664062,2.7699966430664062,True
WSSEC:WS:XNAS:CRWD,WS:XNAS:CRWD,-0.010743178450815183,-0.010743178450815183,True,5.339996337890625,5.339996337890625,True
WSSEC:WS:XNAS:CSCO,WS:XNAS:CSCO,0.005073765986836065,0.005073765986836065,True,2.0,2.0,True
WSSEC:WS:XNAS:CTAS,WS:XNAS:CTAS,0.029744186168512377,0.029744186168512377,True,7.7700042724609375,7.7700042724609375,True
WSSEC:WS:XNAS:CTSH,WS:XNAS:CTSH,-0.03331080894545868,-0.03331080894545868,True,2.8200035095214844,2.8200035095214844,True
WSSEC:WS:XNAS:CVLT,WS:XNAS:CVLT,0.008163885356175182,0.008163885356175182,True,3.260009765625,3.260009765625,True
WSSEC:WS:XNAS:CYTK,WS:XNAS:CYTK,-0.017737732514620963,-0.017737732514620963,True,2.1500015258789062,2.1500015258789062,True
WSSEC:WS:XNAS:DBX,WS:XNAS:DBX,-0.012883805553751682,-0.012883805553751682,True,0.9399986267089844,0.9399986267089844,True
WSSEC:WS:XNAS:DDOG,WS:XNAS:DDOG,0.021591346836715264,0.021591346836715264,True,11.121017456054688,11.121017456054688,True
WSSEC:WS:XNAS:DLTR,WS:XNAS:DLTR,0.003004562803884614,0.003004562803884614,True,2.9499969482421875,2.9499969482421875,True
WSSEC:WS:XNAS:DOCU,WS:XNAS:DOCU,-0.007239032897193853,-0.007239032897193853,True,1.9050064086914062,1.9050064086914062,True
WSSEC:WS:XNAS:DUOL,WS:XNAS:DUOL,0.05299509933697921,0.05299509933697921,True,9.527999877929688,9.527999877929688,True
WSSEC:WS:XNAS:DXCM,WS:XNAS:DXCM,-0.002963662672764711,-0.002963662672764711,True,1.1200027465820312,1.1200027465820312,True
WSSEC:WS:XNAS:EBAY,WS:XNAS:EBAY,-0.011550046284109161,-0.011550046284109161,True,3.2600021362304688,3.2600021362304688,True
WSSEC:WS:XNAS:ECHO,WS:XNAS:ECHO,-0.025237315967190366,-0.025237315967190366,True,2.6399993896484375,2.6399993896484375,True
WSSEC:WS:XNAS:EEFT,WS:XNAS:EEFT,0.0010601195838000343,0.0010601195838000343,True,1.1399993896484375,1.1399993896484375,True
WSSEC:WS:XNAS:ENSG,WS:XNAS:ENSG,0.003220042244848509,0.003220042244848509,True,2.2299957275390625,2.2299957275390625,True
WSSEC:WS:XNAS:ENTG,WS:XNAS:ENTG,0.006256586218969629,0.006256586218969629,True,4.3700103759765625,4.3700103759765625,True
WSSEC:WS:XNAS:EWBC,WS:XNAS:EWBC,0.006697120125936706,0.006697120125936706,True,1.7699966430664062,1.7699966430664062,True
WSSEC:WS:XNAS:EXEL,WS:XNAS:EXEL,-0.0195339166848163,-0.0195339166848163,True,1.9099998474121094,1.9099998474121094,True
WSSEC:WS:XNAS:EXLS,WS:XNAS:EXLS,0.003129353936821566,0.003129353936821566,True,0.75,0.75,True
WSSEC:WS:XNAS:EXPD,WS:XNAS:EXPD,-0.0232409463679083,-0.0232409463679083,True,5.600006103515625,5.600006103515625,True
WSSEC:WS:XNAS:EXPE,WS:XNAS:EXPE,0.010461671424042418,0.010461671424042418,True,11.6400146484375,11.6400146484375,True
WSSEC:WS:XNAS:EXPO,WS:XNAS:EXPO,-0.01727672404760472,-0.01727672404760472,True,1.25,1.25,True
WSSEC:WS:XNAS:FANG,WS:XNAS:FANG,0.018098576465480853,0.018098576465480853,True,5.75,5.75,True
WSSEC:WS:XNAS:FAST,WS:XNAS:FAST,-0.005099080754497609,-0.005099080754497609,True,1.0600013732910156,1.0600013732910156,True
WSSEC:WS:XNAS:FCFS,WS:XNAS:FCFS,-0.013105668313552976,-0.013105668313552976,True,5.040008544921875,5.040008544921875,True
WSSEC:WS:XNAS:FFIN,WS:XNAS:FFIN,-0.0021334864947979426,-0.0021334864947979426,True,0.4200019836425781,0.4200019836425781,True
WSSEC:WS:XNAS:FFIV,WS:XNAS:FFIV,-0.02070221417920637,-0.02070221417920637,True,12.70001220703125,12.70001220703125,True
WSSEC:WS:XNAS:FISV,WS:XNAS:FISV,0.0006528569923565097,0.0006528569923565097,True,1.3699989318847656,1.3699989318847656,True
WSSEC:WS:XNAS:FIVE,WS:XNAS:FIVE,0.008541898032004669,0.008541898032004669,True,7.529998779296875,7.529998779296875,True
WSSEC:WS:XNAS:FSLR,WS:XNAS:FSLR,-0.10319319389813775,-0.10319319389813775,True,21.169998168945312,21.169998168945312,True
WSSEC:WS:XNAS:FTNT,WS:XNAS:FTNT,-0.00039167126590156087,-0.00039167126590156087,True,4.6100006103515625,4.6100006103515625,True
WSSEC:WS:XNAS:GEHC,WS:XNAS:GEHC,0.004387969913702161,0.004387969913702161,True,1.2900009155273438,1.2900009155273438,True
WSSEC:WS:XNAS:GILD,WS:XNAS:GILD,-0.011098584461739835,-0.011098584461739835,True,3.3899993896484375,3.3899993896484375,True
WSSEC:WS:XNAS:GNTX,WS:XNAS:GNTX,-0.0049460706602351134,-0.0049460706602351134,True,0.37999916076660156,0.37999916076660156,True
WSSEC:WS:XNAS:HALO,WS:XNAS:HALO,-0.008892841504124505,-0.008892841504124505,True,2.4199981689453125,2.4199981689453125,True
WSSEC:WS:XNAS:HAS,WS:XNAS:HAS,0.00335183687909435,0.00335183687909435,True,2.2999954223632812,2.2999954223632812,True
WSSEC:WS:XNAS:HLNE,WS:XNAS:HLNE,0.006838368916451065,0.006838368916451065,True,1.9799957275390625,1.9799957275390625,True
WSSEC:WS:XNAS:HOOD,WS:XNAS:HOOD,-0.015321901386933123,-0.015321901386933123,True,4.468994140625,4.468994140625,True
WSSEC:WS:XNAS:HQY,WS:XNAS:HQY,-0.006516741124233061,-0.006516741124233061,True,1.5800018310546875,1.5800018310546875,True
WSSEC:WS:XNAS:HSIC,WS:XNAS:HSIC,0.005643688539869407,0.005643688539869407,True,1.5400009155273438,1.5400009155273438,True
WSSEC:WS:XNAS:HWC,WS:XNAS:HWC,-0.005870511406632417,-0.005870511406632417,True,1.0800018310546875,1.0800018310546875,True
WSSEC:WS:XNAS:IBKR,WS:XNAS:IBKR,-0.01900390902321747,-0.01900390902321747,True,2.4599990844726562,2.4599990844726562,True
WSSEC:WS:XNAS:IBOC,WS:XNAS:IBOC,-0.0011388696482494964,-0.0011388696482494964,True,0.75,0.75,True
WSSEC:WS:XNAS:IDCC,WS:XNAS:IDCC,0.011298636594908817,0.011298636594908817,True,5.82000732421875,5.82000732421875,True
WSSEC:WS:XNAS:IDXX,WS:XNAS:IDXX,-0.01653194237753919,-0.01653194237753919,True,12.389984130859375,12.389984130859375,True
WSSEC:WS:XNAS:IESC,WS:XNAS:IESC,-0.0014589061812777526,-0.0014589061812777526,True,13.25,13.25,True
WSSEC:WS:XNAS:ILMN,WS:XNAS:ILMN,-0.003338568605585346,-0.003338568605585346,True,10.050003051757812,10.050003051757812,True
WSSEC:WS:XNAS:INCY,WS:XNAS:INCY,-0.0016045968326504623,-0.0016045968326504623,True,2.5200042724609375,2.5200042724609375,True
WSSEC:WS:XNAS:INTC,WS:XNAS:INTC,0.03907015477278675,0.03907015477278675,True,7.8899993896484375,7.8899993896484375,True
WSSEC:WS:XNAS:INTU,WS:XNAS:INTU,-0.033716817718753456,-0.033716817718753456,True,15.019989013671875,15.019989013671875,True
WSSEC:WS:XNAS:IPGP,WS:XNAS:IPGP,0.015675988248241346,0.015675988248241346,True,2.55999755859375,2.55999755859375,True
WSSEC:WS:XNAS:ISRG,WS:XNAS:ISRG,0.003063020984417575,0.003063020984417575,True,9.010009765625,9.010009765625,True
WSSEC:WS:XNAS:JAZZ,WS:XNAS:JAZZ,0.0029907834355498153,0.0029907834355498153,True,5.9600067138671875,5.9600067138671875,True
WSSEC:WS:XNAS:JBHT,WS:XNAS:JBHT,-0.023355968428100837,-0.023355968428100837,True,6.279998779296875,6.279998779296875,True
WSSEC:WS:XNAS:JKHY,WS:XNAS:JKHY,-0.003910212525415457,-0.003910212525415457,True,4.7299957275390625,4.7299957275390625,True
WSSEC:WS:XNAS:KHC,WS:XNAS:KHC,0.0029423998373421245,0.0029423998373421245,True,0.32399940490722656,0.32399940490722656,True
WSSEC:WS:XNAS:KLAC,WS:XNAS:KLAC,-0.003992334704371769,-0.003992334704371769,True,5.5600128173828125,5.5600128173828125,True
WSSEC:WS:XNAS:KRYS,WS:XNAS:KRYS,-0.008376176112352418,-0.008376176112352418,True,8.714996337890625,8.714996337890625,True
WSSEC:WS:XNAS:KTOS,WS:XNAS:KTOS,0.023809546774410606,0.023809546774410606,True,1.9300003051757812,1.9300003051757812,True
WSSEC:WS:XNAS:LECO,WS:XNAS:LECO,0.004354568678192727,0.004354568678192727,True,4.100006103515625,4.100006103515625,True
WSSEC:WS:XNAS:LFUS,WS:XNAS:LFUS,0.004069833387852162,0.004069833387852162,True,9.030029296875,9.030029296875,True
WSSEC:WS:XNAS:LITE,WS:XNAS:LITE,-0.008495220888640631,-0.008495220888640631,True,42.45001220703125,42.45001220703125,True
WSSEC:WS:XNAS:LIVN,WS:XNAS:LIVN,0.00205096818784134,0.00205096818784134,True,1.7999954223632812,1.7999954223632812,True
WSSEC:WS:XNAS:LNT,WS:XNAS:LNT,-0.005966356753203228,-0.005966356753203228,True,0.7299995422363281,0.7299995422363281,True
WSSEC:WS:XNAS:LNTH,WS:XNAS:LNTH,-0.0026852736376542508,-0.0026852736376542508,True,0.7399978637695312,0.7399978637695312,True
WSSEC:WS:XNAS:LOPE,WS:XNAS:LOPE,-0.00475970913180046,-0.00475970913180046,True,2.420013427734375,2.420013427734375,True
WSSEC:WS:XNAS:LSCC,WS:XNAS:LSCC,0.05659696134744907,0.05659696134744907,True,8.400001525878906,8.400001525878906,True
WSSEC:WS:XNAS:LSTR,WS:XNAS:LSTR,0.00017625250613240162,0.00017625250613240162,True,3.089996337890625,3.089996337890625,True
WSSEC:WS:XNAS:LULU,WS:XNAS:LULU,-0.006257326919111961,-0.006257326919111961,True,3.6699981689453125,3.6699981689453125,True
WSSEC:WS:XNAS:MANH,WS:XNAS:MANH,-0.009978249046433962,-0.009978249046433962,True,5.6599884033203125,5.6599884033203125,True
WSSEC:WS:XNAS:MAR,WS:XNAS:MAR,-0.0004265310098457986,-0.0004265310098457986,True,4.959991455078125,4.959991455078125,True
WSSEC:WS:XNAS:MAT,WS:XNAS:MAT,-0.013574683413935307,-0.013574683413935307,True,0.36999988555908203,0.36999988555908203,True
WSSEC:WS:XNAS:MCHP,WS:XNAS:MCHP,-0.011121360406017522,-0.011121360406017522,True,2.4000015258789062,2.4000015258789062,True
WSSEC:WS:XNAS:MDLZ,WS:XNAS:MDLZ,-0.009440072091819518,-0.009440072091819518,True,1.4300003051757812,1.4300003051757812,True
WSSEC:WS:XNAS:MEDP,WS:XNAS:MEDP,0.019384963640359798,0.019384963640359798,True,14.70697021484375,14.70697021484375,True
WSSEC:WS:XNAS:META,WS:XNAS:META,0.045007461857742515,0.045007461857742515,True,36.80999755859375,36.80999755859375,True
WSSEC:WS:XNAS:MIDD,WS:XNAS:MIDD,-0.009173484062121262,-0.009173484062121262,True,3.160003662109375,3.160003662109375,True
WSSEC:WS:XNAS:MKSI,WS:XNAS:MKSI,0.01920029975215365,0.01920029975215365,True,7.2100067138671875,7.2100067138671875,True
WSSEC:WS:XNAS:MORN,WS:XNAS:MORN,-0.011578278904729955,-0.011578278904729955,True,6.529998779296875,6.529998779296875,True
WSSEC:WS:XNAS:MPWR,WS:XNAS:MPWR,-0.014695952183040206,-0.014695952183040206,True,42.3800048828125,42.3800048828125,True
WSSEC:WS:XNAS:MRNA,WS:XNAS:MRNA,0.0697930188966498,0.0697930188966498,True,15.320999145507812,15.320999145507812,True
WSSEC:WS:XNAS:MRVL,WS:XNAS:MRVL,-0.007474058011004758,-0.007474058011004758,True,9.790008544921875,9.790008544921875,True
WSSEC:WS:XNAS:MSFT,WS:XNAS:MSFT,-0.00531373715329686,-0.00531373715329686,True,9.3699951171875,9.3699951171875,True
WSSEC:WS:XNAS:MTSI,WS:XNAS:MTSI,0.01178133898563849,0.01178133898563849,True,10.09002685546875,10.09002685546875,True
WSSEC:WS:XNAS:MU,WS:XNAS:MU,0.008069955941577778,0.008069955941577778,True,37.0400390625,37.0400390625,True
WSSEC:WS:XNAS:MZTI,WS:XNAS:MZTI,0.02582067532359633,0.02582067532359633,True,4.6699981689453125,4.6699981689453125,True
WSSEC:WS:XNAS:NBIX,WS:XNAS:NBIX,-0.015523415714935762,-0.015523415714935762,True,2.80999755859375,2.80999755859375,True
WSSEC:WS:XNAS:NDAQ,WS:XNAS:NDAQ,-0.009325223877638122,-0.009325223877638122,True,1.4199981689453125,1.4199981689453125,True
WSSEC:WS:XNAS:NDSN,WS:XNAS:NDSN,0.005724585467682175,0.005724585467682175,True,5.779998779296875,5.779998779296875,True
WSSEC:WS:XNAS:NFLX,WS:XNAS:NFLX,0.005044851559310892,0.005044851559310892,True,0.8300018310546875,0.8300018310546875,True
WSSEC:WS:XNAS:NOVT,WS:XNAS:NOVT,0.008787728513661719,0.008787728513661719,True,3.5200042724609375,3.5200042724609375,True
WSSEC:WS:XNAS:NTNX,WS:XNAS:NTNX,0.0034383646601214846,0.0034383646601214846,True,1.0349960327148438,1.0349960327148438,True
WSSEC:WS:XNAS:NTRS,WS:XNAS:NTRS,0.002931171278432787,0.002931171278432787,True,2.730010986328125,2.730010986328125,True
WSSEC:WS:XNAS:NVDA,WS:XNAS:NVDA,-0.004123953254555501,-0.004123953254555501,True,4.4199981689453125,4.4199981689453125,True
WSSEC:WS:XNAS:NWE,WS:XNAS:NWE,0.019862722157223178,0.019862722157223178,True,2.7900009155273438,2.7900009155273438,True
WSSEC:WS:XNAS:NXST,WS:XNAS:NXST,0.06145783678661765,0.06145783678661765,True,12.460006713867188,12.460006713867188,True
WSSEC:WS:XNAS:NXT,WS:XNAS:NXT,0.03330434030720841,0.03330434030720841,True,4.004997253417969,4.004997253417969,True
WSSEC:WS:XNAS:ODFL,WS:XNAS:ODFL,-0.015698900099922253,-0.015698900099922253,True,4.07000732421875,4.07000732421875,True
WSSEC:WS:XNAS:OKTA,WS:XNAS:OKTA,0.04913092588564072,0.04913092588564072,True,11.669998168945312,11.669998168945312,True
WSSEC:WS:XNAS:OLED,WS:XNAS:OLED,-0.004086841409350783,-0.004086841409350783,True,2.07000732421875,2.07000732421875,True
WSSEC:WS:XNAS:OLLI,WS:XNAS:OLLI,0.051028519692168484,0.051028519692168484,True,4.5,4.5,True
WSSEC:WS:XNAS:ON,WS:XNAS:ON,-0.012820471900198083,-0.012820471900198083,True,2.30999755859375,2.30999755859375,True
WSSEC:WS:XNAS:ONB,WS:XNAS:ONB,-0.0007914704155664865,-0.0007914704155664865,True,0.25,0.25,True
WSSEC:WS:XNAS:OPCH,WS:XNAS:OPCH,-0.014403229839913045,-0.014403229839913045,True,0.5699996948242188,0.5699996948242188,True
WSSEC:WS:XNAS:ORLY,WS:XNAS:ORLY,0.003958048100711542,0.003958048100711542,True,1.6699981689453125,1.6699981689453125,True
WSSEC:WS:XNAS:OZK,WS:XNAS:OZK,-0.002715143383774987,-0.002715143383774987,True,0.6700019836425781,0.6700019836425781,True
WSSEC:WS:XNAS:PANW,WS:XNAS:PANW,-0.008593883727790907,-0.008593883727790907,True,8.509979248046875,8.509979248046875,True
WSSEC:WS:XNAS:PAYX,WS:XNAS:PAYX,-0.02775386721377704,-0.02775386721377704,True,6.1100006103515625,6.1100006103515625,True
WSSEC:WS:XNAS:PCAR,WS:XNAS:PCAR,-0.01266837554945388,-0.01266837554945388,True,2.6100006103515625,2.6100006103515625,True
WSSEC:WS:XNAS:PCTY,WS:XNAS:PCTY,0.004800685047777087,0.004800685047777087,True,2.954986572265625,2.954986572265625,True
WSSEC:WS:XNAS:PEGA,WS:XNAS:PEGA,-0.00228239709268907,-0.00228239709268907,True,1.05999755859375,1.05999755859375,True
WSSEC:WS:XNAS:PPC,WS:XNAS:PPC,-0.012395337839361864,-0.012395337839361864,True,0.8600006103515625,0.8600006103515625,True
WSSEC:WS:XNAS:PTC,WS:XNAS:PTC,-0.021296227666359413,-0.021296227666359413,True,4.6500091552734375,4.6500091552734375,True
WSSEC:WS:XNAS:PYPL,WS:XNAS:PYPL,0.0017139622065267535,0.0017139622065267535,True,0.8299980163574219,0.8299980163574219,True
WSSEC:WS:XNAS:QCOM,WS:XNAS:QCOM,-0.015108552541747922,-0.015108552541747922,True,5.4900054931640625,5.4900054931640625,True
WSSEC:WS:XNAS:QLYS,WS:XNAS:QLYS,0.034693597579455115,0.034693597579455115,True,7.8700103759765625,7.8700103759765625,True
WSSEC:WS:XNAS:REGN,WS:XNAS:REGN,-0.0072335283978808285,-0.0072335283978808285,True,17.82000732421875,17.82000732421875,True
WSSEC:WS:XNAS:RGEN,WS:XNAS:RGEN,0.0215953832178164,0.0215953832178164,True,6.029998779296875,6.029998779296875,True
WSSEC:WS:XNAS:RGLD,WS:XNAS:RGLD,0.0018426065496237598,0.0018426065496237598,True,4.0,4.0,True
WSSEC:WS:XNAS:RMBS,WS:XNAS:RMBS,0.10684932389715396,0.10684932389715396,True,10.970001220703125,10.970001220703125,True
WSSEC:WS:XNAS:ROIV,WS:XNAS:ROIV,-0.019612742527505,-0.019612742527505,True,1.1800003051757812,1.1800003051757812,True
WSSEC:WS:XNAS:ROKU,WS:XNAS:ROKU,0.004491033872346728,0.004491033872346728,True,1.4300079345703125,1.4300079345703125,True
WSSEC:WS:XNAS:ROST,WS:XNAS:ROST,0.0060688870624601154,0.0060688870624601154,True,3.9499969482421875,3.9499969482421875,True
WSSEC:WS:XNAS:SAIA,WS:XNAS:SAIA,0.017006625280400645,0.017006625280400645,True,12.889984130859375,12.889984130859375,True
WSSEC:WS:XNAS:SAIC,WS:XNAS:SAIC,0.0012013188615997983,0.0012013188615997983,True,2.230010986328125,2.230010986328125,True
WSSEC:WS:XNAS:SANM,WS:XNAS:SANM,0.04965926930921949,0.04965926930921949,True,15.439987182617188,15.439987182617188,True
WSSEC:WS:XNAS:SBUX,WS:XNAS:SBUX,-0.005204991150907223,-0.005204991150907223,True,1.7399978637695312,1.7399978637695312,True
WSSEC:WS:XNAS:SEIC,WS:XNAS:SEIC,0.0017110295665154762,0.0017110295665154762,True,1.25,1.25,True
WSSEC:WS:XNAS:SFM,WS:XNAS:SFM,-0.030088956432698266,-0.030088956432698266,True,2.5699996948242188,2.5699996948242188,True
WSSEC:WS:XNAS:SHC,WS:XNAS:SHC,-0.0016016433545140707,-0.0016016433545140707,True,0.4200000762939453,0.4200000762939453,True
WSSEC:WS:XNAS:SIGI,WS:XNAS:SIGI,0.012456768962741949,0.012456768962741949,True,1.8300018310546875,1.8300018310546875,True
WSSEC:WS:XNAS:SIRI,WS:XNAS:SIRI,0.004760200317006857,0.004760200317006857,True,0.5100002288818359,0.5100002288818359,True
WSSEC:WS:XNAS:SITM,WS:XNAS:SITM,0.03915214324039673,0.03915214324039673,True,30.699951171875,30.699951171875,True
WSSEC:WS:XNAS:SLAB,WS:XNAS:SLAB,0.001677982390873023,0.001677982390873023,True,0.7700042724609375,0.7700042724609375,True
WSSEC:WS:XNAS:SLM,WS:XNAS:SLM,-0.0011952464617354108,-0.0011952464617354108,True,0.3400001525878906,0.3400001525878906,True
WSSEC:WS:XNAS:SMTC,WS:XNAS:SMTC,-0.04124326963682434,-0.04124326963682434,True,14.589996337890625,14.589996337890625,True
WSSEC:WS:XNAS:SNDK,WS:XNAS:SNDK,-0.034653194224902206,-0.034653194224902206,True,90.179931640625,90.179931640625,True
WSSEC:WS:XNAS:SNPS,WS:XNAS:SNPS,0.028688341097069525,0.028688341097069525,True,18.95001220703125,18.95001220703125,True
WSSEC:WS:XNAS:STLD,WS:XNAS:STLD,0.0038840910332778034,0.0038840910332778034,True,4.470001220703125,4.470001220703125,True
WSSEC:WS:XNAS:STRL,WS:XNAS:STRL,-0.011644902661821499,-0.011644902661821499,True,20.5,20.5,True
WSSEC:WS:XNAS:SWKS,WS:XNAS:SWKS,-0.03980316578587273,-0.03980316578587273,True,4.2700042724609375,4.2700042724609375,True
WSSEC:WS:XNAS:SYNA,WS:XNAS:SYNA,0.024164966010641997,0.024164966010641997,True,5.0,5.0,True
WSSEC:WS:XNAS:TCBI,WS:XNAS:TCBI,0.0010537246840172099,0.0010537246840172099,True,0.589996337890625,0.589996337890625,True
WSSEC:WS:XNAS:TECH,WS:XNAS:TECH,0.0006895070886989707,0.0006895070886989707,True,0.1199951171875,0.1199951171875,True
WSSEC:WS:XNAS:TLN,WS:XNAS:TLN,0.026240211248886203,0.026240211248886203,True,16.149993896484375,16.149993896484375,True
WSSEC:WS:XNAS:TMUS,WS:XNAS:TMUS,-0.001871287889296691,-0.001871287889296691,True,3.0900115966796875,3.0900115966796875,True
WSSEC:WS:XNAS:TROW,WS:XNAS:TROW,-0.002868920843772993,-0.002868920843772993,True,1.9199981689453125,1.9199981689453125,True
WSSEC:WS:XNAS:TSCO,WS:XNAS:TSCO,-0.02632395036758839,-0.02632395036758839,True,1.3699989318847656,1.3699989318847656,True
WSSEC:WS:XNAS:TSLA,WS:XNAS:TSLA,-0.005735011848322258,-0.005735011848322258,True,7.629974365234375,7.629974365234375,True
WSSEC:WS:XNAS:TTD,WS:XNAS:TTD,-0.003943232612893088,-0.003943232612893088,True,0.3600006103515625,0.3600006103515625,True
WSSEC:WS:XNAS:TTEK,WS:XNAS:TTEK,0.0075651574153217105,0.0075651574153217105,True,0.5900001525878906,0.5900001525878906,True
WSSEC:WS:XNAS:TTMI,WS:XNAS:TTMI,0.051284185468852383,0.051284185468852383,True,9.239997863769531,9.239997863769531,True
WSSEC:WS:XNAS:TTWO,WS:XNAS:TTWO,-0.016188500766341485,-0.016188500766341485,True,7.029998779296875,7.029998779296875,True
WSSEC:WS:XNAS:TXN,WS:XNAS:TXN,-0.00722618023617938,-0.00722618023617938,True,5.829986572265625,5.829986572265625,True
WSSEC:WS:XNAS:TXRH,WS:XNAS:TXRH,-0.012055408820082936,-0.012055408820082936,True,3.899993896484375,3.899993896484375,True
WSSEC:WS:XNAS:UBSI,WS:XNAS:UBSI,-0.0074294689934997216,-0.0074294689934997216,True,0.7099990844726562,0.7099990844726562,True
WSSEC:WS:XNAS:UFPI,WS:XNAS:UFPI,0.013510097677446486,0.013510097677446486,True,1.9599990844726562,1.9599990844726562,True
WSSEC:WS:XNAS:ULTA,WS:XNAS:ULTA,0.00913927982308893,0.00913927982308893,True,9.67999267578125,9.67999267578125,True
WSSEC:WS:XNAS:UMBF,WS:XNAS:UMBF,-0.007359541047581852,-0.007359541047581852,True,2.470001220703125,2.470001220703125,True
WSSEC:WS:XNAS:UTHR,WS:XNAS:UTHR,-0.0030932186971943665,-0.0030932186971943665,True,6.44000244140625,6.44000244140625,True
WSSEC:WS:XNAS:VC,WS:XNAS:VC,-0.028749616352983343,-0.028749616352983343,True,3.470001220703125,3.470001220703125,True
WSSEC:WS:XNAS:VIAV,WS:XNAS:VIAV,0.02375566001381757,0.02375566001381757,True,1.5099983215332031,1.5099983215332031,True
WSSEC:WS:XNAS:VICR,WS:XNAS:VICR,0.005298099269548606,0.005298099269548606,True,10.020004272460938,10.020004272460938,True
WSSEC:WS:XNAS:VLY,WS:XNAS:VLY,-0.01398090742636493,-0.01398090742636493,True,0.3000001907348633,0.3000001907348633,True
WSSEC:WS:XNAS:VNOM,WS:XNAS:VNOM,-0.013011573955626243,-0.013011573955626243,True,0.9350013732910156,0.9350013732910156,True
WSSEC:WS:XNAS:VRSK,WS:XNAS:VRSK,-0.01833532653852421,-0.01833532653852421,True,7.510009765625,7.510009765625,True
WSSEC:WS:XNAS:VRSN,WS:XNAS:VRSN,-0.004773574407772374,-0.004773574407772374,True,6.600006103515625,6.600006103515625,True
WSSEC:WS:XNAS:VRTX,WS:XNAS:VRTX,0.011697675394502172,0.011697675394502172,True,13.69000244140625,13.69000244140625,True
WSSEC:WS:XNAS:VTRS,WS:XNAS:VTRS,0.017523319062756615,0.017523319062756615,True,0.4500007629394531,0.4500007629394531,True
WSSEC:WS:XNAS:WBD,WS:XNAS:WBD,0.0026007777344208005,0.0026007777344208005,True,0.1600017547607422,0.1600017547607422,True
WSSEC:WS:XNAS:WDC,WS:XNAS:WDC,-0.0493571845770685,-0.0493571845770685,True,24.480010986328125,24.480010986328125,True
WSSEC:WS:XNAS:WFRD,WS:XNAS:WFRD,0.002072390241071309,0.002072390241071309,True,3.4350051879882812,3.4350051879882812,True
WSSEC:WS:XNAS:WING,WS:XNAS:WING,0.03122597946602146,0.03122597946602146,True,4.129997253417969,4.129997253417969,True
WSSEC:WS:XNAS:WMG,WS:XNAS:WMG,-0.011777299011949904,-0.011777299011949904,True,0.7840003967285156,0.7840003967285156,True
WSSEC:WS:XNAS:WMT,WS:XNAS:WMT,-0.026599135744828528,-0.026599135744828528,True,3.6599960327148438,3.6599960327148438,True
WSSEC:WS:XNAS:WTFC,WS:XNAS:WTFC,-0.0029826628841034264,-0.0029826628841034264,True,1.8000030517578125,1.8000030517578125,True
WSSEC:WS:XNAS:WWD,WS:XNAS:WWD,0.010629743058184982,0.010629743058184982,True,5.3699951171875,5.3699951171875,True
WSSEC:WS:XNAS:WYNN,WS:XNAS:WYNN,-0.01546954639711784,-0.01546954639711784,True,4.3899993896484375,4.3899993896484375,True
WSSEC:WS:XNAS:XRAY,WS:XNAS:XRAY,-0.01048222032176016,-0.01048222032176016,True,0.23000049591064453,0.23000049591064453,True
WSSEC:WS:XNAS:ZBRA,WS:XNAS:ZBRA,-0.0159559675636185,-0.0159559675636185,True,8.259979248046875,8.259979248046875,True
WSSEC:WS:XNAS:ZION,WS:XNAS:ZION,-0.0038325921682391684,-0.0038325921682391684,True,1.220001220703125,1.220001220703125,True
WSSEC:WS:XNYS:A,WS:XNYS:A,0.04548747084751814,0.04548747084751814,True,11.150009155273438,11.150009155273438,True
WSSEC:WS:XNYS:AA,WS:XNYS:AA,0.004726515485713234,0.004726515485713234,True,0.6200027465820312,0.6200027465820312,True
WSSEC:WS:XNYS:ABBV,WS:XNYS:ABBV,0.00015093008506306127,0.00015093008506306127,True,4.32000732421875,4.32000732421875,True
WSSEC:WS:XNYS:ABT,WS:XNYS:ABT,-0.023383884615892137,-0.023383884615892137,True,3.2000045776367188,3.2000045776367188,True
WSSEC:WS:XNYS:ACI,WS:XNYS:ACI,-0.01862352136083678,-0.01862352136083678,True,0.31999969482421875,0.31999969482421875,True
WSSEC:WS:XNYS:ACM,WS:XNYS:ACM,0.015163713522458266,0.015163713522458266,True,1.1800003051757812,1.1800003051757812,True
WSSEC:WS:XNYS:ADM,WS:XNYS:ADM,-0.0032867226712817166,-0.0032867226712817166,True,1.470001220703125,1.470001220703125,True
WSSEC:WS:XNYS:AEE,WS:XNYS:AEE,-0.005414085894255849,-0.005414085894255849,True,1.0500030517578125,1.0500030517578125,True
WSSEC:WS:XNYS:AEP,WS:XNYS:AEP,-0.0070101505097808214,-0.0070101505097808214,True,1.4099960327148438,1.4099960327148438,True
WSSEC:WS:XNYS:AES,WS:XNYS:AES,0.002700875132997549,0.002700875132997549,True,0.05999946594238281,0.05999946594238281,True
WSSEC:WS:XNYS:AFG,WS:XNYS:AFG,-0.007518741365933446,-0.007518741365933446,True,3.25,3.25,True
WSSEC:WS:XNYS:AFL,WS:XNYS:AFL,-0.010587530896133734,-0.010587530896133734,True,2.2900009155273438,2.2900009155273438,True
WSSEC:WS:XNYS:AGCO,WS:XNYS:AGCO,0.0009182787337078668,0.0009182787337078668,True,3.5500030517578125,3.5500030517578125,True
WSSEC:WS:XNYS:AIG,WS:XNYS:AIG,-0.01005559827756175,-0.01005559827756175,True,1.4000015258789062,1.4000015258789062,True
WSSEC:WS:XNYS:AIT,WS:XNYS:AIT,-0.0045052874283867395,-0.0045052874283867395,True,9.95001220703125,9.95001220703125,True
WSSEC:WS:XNYS:AIZ,WS:XNYS:AIZ,-0.01914078677669928,-0.01914078677669928,True,8.459991455078125,8.459991455078125,True
WSSEC:WS:XNYS:AJG,WS:XNYS:AJG,-0.010930127649830812,-0.010930127649830812,True,6.9300079345703125,6.9300079345703125,True
WSSEC:WS:XNYS:ALB,WS:XNYS:ALB,-0.04600335916582954,-0.04600335916582954,True,5.260002136230469,5.260002136230469,True
WSSEC:WS:XNYS:ALK,WS:XNYS:ALK,0.03354712825945372,0.03354712825945372,True,1.4399986267089844,1.4399986267089844,True
WSSEC:WS:XNYS:ALL,WS:XNYS:ALL,0.0066914583104276115,0.0066914583104276115,True,5.1299896240234375,5.1299896240234375,True
WSSEC:WS:XNYS:ALLY,WS:XNYS:ALLY,-0.0027500152587890403,-0.0027500152587890403,True,0.5300025939941406,0.5300025939941406,True
WSSEC:WS:XNYS:ALSN,WS:XNYS:ALSN,0.015029907422410727,0.015029907422410727,True,3.6699981689453125,3.6699981689453125,True
WSSEC:WS:XNYS:ALV,WS:XNYS:ALV,0.006582292878869023,0.006582292878869023,True,1.6699981689453125,1.6699981689453125,True
WSSEC:WS:XNYS:AM,WS:XNYS:AM,-0.007078792579036874,-0.007078792579036874,True,0.2800006866455078,0.2800006866455078,True
WSSEC:WS:XNYS:AME,WS:XNYS:AME,0.005234362186633756,0.005234362186633756,True,5.8899993896484375,5.8899993896484375,True
WSSEC:WS:XNYS:AMG,WS:XNYS:AMG,0.02490167558492451,0.02490167558492451,True,10.33001708984375,10.33001708984375,True
WSSEC:WS:XNYS:AMP,WS:XNYS:AMP,-0.03508425853466701,-0.03508425853466701,True,29.6199951171875,29.6199951171875,True
WSSEC:WS:XNYS:AN,WS:XNYS:AN,0.0027928055110444383,0.0027928055110444383,True,5.529998779296875,5.529998779296875,True
WSSEC:WS:XNYS:ANF,WS:XNYS:ANF,0.007365940191973452,0.007365940191973452,True,4.1200103759765625,4.1200103759765625,True
WSSEC:WS:XNYS:AOS,WS:XNYS:AOS,-0.0006927764870894304,-0.0006927764870894304,True,1.0799980163574219,1.0799980163574219,True
WSSEC:WS:XNYS:APD,WS:XNYS:APD,-0.008642056576571577,-0.008642056576571577,True,4.3900146484375,4.3900146484375,True
WSSEC:WS:XNYS:APG,WS:XNYS:APG,0.0018721501997027712,0.0018721501997027712,True,0.9200019836425781,0.9200019836425781,True
WSSEC:WS:XNYS:APH,WS:XNYS:APH,0.01082856020454459,0.01082856020454459,True,3.4799957275390625,3.4799957275390625,True
WSSEC:WS:XNYS:AR,WS:XNYS:AR,-0.025817599257633272,-0.025817599257633272,True,1.1399993896484375,1.1399993896484375,True
WSSEC:WS:XNYS:ARES,WS:XNYS:ARES,-0.011277598853505766,-0.011277598853505766,True,5.180000305175781,5.180000305175781,True
WSSEC:WS:XNYS:ARMK,WS:XNYS:ARMK,0.0005314221238517103,0.0005314221238517103,True,0.7700004577636719,0.7700004577636719,True
WSSEC:WS:XNYS:ARW,WS:XNYS:ARW,-0.0009575097232948915,-0.0009575097232948915,True,6.7599945068359375,6.7599945068359375,True
WSSEC:WS:XNYS:ASB,WS:XNYS:ASB,-0.01011460683088039,-0.01011460683088039,True,0.5399990081787109,0.5399990081787109,True
WSSEC:WS:XNYS:ASH,WS:XNYS:ASH,0.0,0.0,True,1.3699951171875,1.3699951171875,True
WSSEC:WS:XNYS:ATI,WS:XNYS:ATI,-0.012889428365947198,-0.012889428365947198,True,5.9199981689453125,5.9199981689453125,True
WSSEC:WS:XNYS:ATO,WS:XNYS:ATO,0.0011520268142151124,0.0011520268142151124,True,1.69000244140625,1.69000244140625,True
WSSEC:WS:XNYS:ATR,WS:XNYS:ATR,-0.008357448530403544,-0.008357448530403544,True,2.660003662109375,2.660003662109375,True
WSSEC:WS:XNYS:AVNT,WS:XNYS:AVNT,0.0019821113763041076,0.0019821113763041076,True,0.6000022888183594,0.6000022888183594,True
WSSEC:WS:XNYS:AVTR,WS:XNYS:AVTR,-0.027061859787758324,-0.027061859787758324,True,0.5500001907348633,0.5500001907348633,True
WSSEC:WS:XNYS:AVY,WS:XNYS:AVY,-0.021139864924458074,-0.021139864924458074,True,4.9499969482421875,4.9499969482421875,True
WSSEC:WS:XNYS:AWK,WS:XNYS:AWK,-0.011498563109646365,-0.011498563109646365,True,3.350006103515625,3.350006103515625,True
WSSEC:WS:XNYS:AXP,WS:XNYS:AXP,0.012253319352678815,0.012253319352678815,True,5.980010986328125,5.980010986328125,True
WSSEC:WS:XNYS:AXTA,WS:XNYS:AXTA,-0.010559010699751736,-0.010559010699751736,True,0.8100013732910156,0.8100013732910156,True
WSSEC:WS:XNYS:AYI,WS:XNYS:AYI,0.011552680547652239,0.011552680547652239,True,8.6199951171875,8.6199951171875,True
WSSEC:WS:XNYS:AZO,WS:XNYS:AZO,0.006474748549348819,0.006474748549348819,True,99.580078125,99.580078125,True
WSSEC:WS:XNYS:BA,WS:XNYS:BA,-0.015655428093268697,-0.015655428093268697,True,5.529998779296875,5.529998779296875,True
WSSEC:WS:XNYS:BAC,WS:XNYS:BAC,0.0005356924874442281,0.0005356924874442281,True,0.6899986267089844,0.6899986267089844,True
WSSEC:WS:XNYS:BAH,WS:XNYS:BAH,0.0040222857119665,0.0040222857119665,True,1.1800003051757812,1.1800003051757812,True
WSSEC:WS:XNYS:BALL,WS:XNYS:BALL,-0.03672220092857592,-0.03672220092857592,True,2.479999542236328,2.479999542236328,True
WSSEC:WS:XNYS:BAX,WS:XNYS:BAX,-0.0004257228173383254,-0.0004257228173383254,True,0.5599994659423828,0.5599994659423828,True
WSSEC:WS:XNYS:BBWI,WS:XNYS:BBWI,-0.02816090700348839,-0.02816090700348839,True,0.6399993896484375,0.6399993896484375,True
WSSEC:WS:XNYS:BBY,WS:XNYS:BBY,0.002202609488109575,0.002202609488109575,True,2.850006103515625,2.850006103515625,True
WSSEC:WS:XNYS:BC,WS:XNYS:BC,-0.022946010092259717,-0.022946010092259717,True,2.1700057983398438,2.1700057983398438,True
WSSEC:WS:XNYS:BCO,WS:XNYS:BCO,0.008763666425797734,0.008763666425797734,True,1.9200057983398438,1.9200057983398438,True
WSSEC:WS:XNYS:BDC,WS:XNYS:BDC,-0.0033356935024823064,-0.0033356935024823064,True,2.3000030517578125,2.3000030517578125,True
WSSEC:WS:XNYS:BDX,WS:XNYS:BDX,-0.018025468265991496,-0.018025468265991496,True,4.7400054931640625,4.7400054931640625,True
WSSEC:WS:XNYS:BEN,WS:XNYS:BEN,-0.004891465970357056,-0.004891465970357056,True,0.6399993896484375,0.6399993896484375,True
WSSEC:WS:XNYS:BILL,WS:XNYS:BILL,-0.010721007458587284,-0.010721007458587284,True,1.4599990844726562,1.4599990844726562,True
WSSEC:WS:XNYS:BIO,WS:XNYS:BIO,0.002444097928337996,0.002444097928337996,True,8.1099853515625,8.1099853515625,True
WSSEC:WS:XNYS:BJ,WS:XNYS:BJ,0.003042472921990891,0.003042472921990891,True,1.2249984741210938,1.2249984741210938,True
WSSEC:WS:XNYS:BKH,WS:XNYS:BKH,0.021433672131168757,0.021433672131168757,True,2.9600067138671875,2.9600067138671875,True
WSSEC:WS:XNYS:BKR,WS:XNYS:BKR,-0.012751988270479409,-0.012751988270479409,True,1.2899971008300781,1.2899971008300781,True
WSSEC:WS:XNYS:BLDR,WS:XNYS:BLDR,-0.014874933576486948,-0.014874933576486948,True,1.7300033569335938,1.7300033569335938,True
WSSEC:WS:XNYS:BMY,WS:XNYS:BMY,0.0057236053211375815,0.0057236053211375815,True,0.9900016784667969,0.9900016784667969,True
WSSEC:WS:XNYS:BNY,WS:XNYS:BNY,0.004548243994077827,0.004548243994077827,True,1.519989013671875,1.519989013671875,True
WSSEC:WS:XNYS:BR,WS:XNYS:BR,-0.00483324136361396,-0.00483324136361396,True,3.5399932861328125,3.5399932861328125,True
WSSEC:WS:XNYS:BRO,WS:XNYS:BRO,-0.02220419635241988,-0.02220419635241988,True,2.2600021362304688,2.2600021362304688,True
WSSEC:WS:XNYS:BROS,WS:XNYS:BROS,-0.021983444423013476,-0.021983444423013476,True,2.2789993286132812,2.2789993286132812,True
WSSEC:WS:XNYS:BSX,WS:XNYS:BSX,0.0013447192901687721,0.0013447192901687721,True,0.7000007629394531,0.7000007629394531,True
WSSEC:WS:XNYS:BURL,WS:XNYS:BURL,0.061909616383533095,0.061909616383533095,True,16.55999755859375,16.55999755859375,True
WSSEC:WS:XNYS:BWA,WS:XNYS:BWA,0.0,0.0,True,0.9300003051757812,0.9300003051757812,True
WSSEC:WS:XNYS:BWXT,WS:XNYS:BWXT,-0.00033895777053705167,-0.00033895777053705167,True,3.6199951171875,3.6199951171875,True
WSSEC:WS:XNYS:BYD,WS:XNYS:BYD,-0.0053446537361134805,-0.0053446537361134805,True,1.910003662109375,1.910003662109375,True
WSSEC:WS:XNYS:C,WS:XNYS:C,0.0012886639670495192,0.0012886639670495192,True,2.1399993896484375,2.1399993896484375,True
WSSEC:WS:XNYS:CACI,WS:XNYS:CACI,0.009603604954475653,0.009603604954475653,True,13.1500244140625,13.1500244140625,True
WSSEC:WS:XNYS:CAH,WS:XNYS:CAH,0.006101101905634954,0.006101101905634954,True,4.0999908447265625,4.0999908447265625,True
WSSEC:WS:XNYS:CARR,WS:XNYS:CARR,-0.004174220482861757,-0.004174220482861757,True,0.80999755859375,0.80999755859375,True
WSSEC:WS:XNYS:CAT,WS:XNYS:CAT,-0.008337256925214809,-0.008337256925214809,True,17.82000732421875,17.82000732421875,True
WSSEC:WS:XNYS:CAVA,WS:XNYS:CAVA,0.006971351948228843,0.006971351948228843,True,1.5919990539550781,1.5919990539550781,True
WSSEC:WS:XNYS:CBT,WS:XNYS:CBT,-0.01097631813943667,-0.01097631813943667,True,1.6699981689453125,1.6699981689453125,True
WSSEC:WS:XNYS:CCK,WS:XNYS:CCK,-0.004303970736660001,-0.004303970736660001,True,1.899993896484375,1.899993896484375,True
WSSEC:WS:XNYS:CDE,WS:XNYS:CDE,-0.012145737264080192,-0.012145737264080192,True,0.6000003814697266,0.6000003814697266,True
WSSEC:WS:XNYS:CF,WS:XNYS:CF,-0.018236049066417293,-0.018236049066417293,True,4.420005798339844,4.420005798339844,True
WSSEC:WS:XNYS:CFG,WS:XNYS:CFG,0.0018573401245689514,0.0018573401245689514,True,1.035003662109375,1.035003662109375,True
WSSEC:WS:XNYS:CFR,WS:XNYS:CFR,-0.006633276209953687,-0.006633276209953687,True,2.160003662109375,2.160003662109375,True
WSSEC:WS:XNYS:CHD,WS:XNYS:CHD,-0.007185949136997216,-0.007185949136997216,True,1.7700042724609375,1.7700042724609375,True
WSSEC:WS:XNYS:CHE,WS:XNYS:CHE,-0.008808480067673097,-0.008808480067673097,True,12.6199951171875,12.6199951171875,True
WSSEC:WS:XNYS:CHH,WS:XNYS:CHH,0.022715587117170477,0.022715587117170477,True,2.4599990844726562,2.4599990844726562,True
WSSEC:WS:XNYS:CHWY,WS:XNYS:CHWY,-0.005334655958998069,-0.005334655958998069,True,0.6800003051757812,0.6800003051757812,True
WSSEC:WS:XNYS:CL,WS:XNYS:CL,-0.0070988084276175645,-0.0070988084276175645,True,1.9599990844726562,1.9599990844726562,True
WSSEC:WS:XNYS:CLF,WS:XNYS:CLF,-0.034400024414062536,-0.034400024414062536,True,0.75,0.75,True
WSSEC:WS:XNYS:CLH,WS:XNYS:CLH,-0.013837857144099575,-0.013837857144099575,True,7.839996337890625,7.839996337890625,True
WSSEC:WS:XNYS:CLX,WS:XNYS:CLX,-0.0254943927496577,-0.0254943927496577,True,2.779998779296875,2.779998779296875,True
WSSEC:WS:XNYS:CMC,WS:XNYS:CMC,-0.008062022600987206,-0.008062022600987206,True,0.9600028991699219,0.9600028991699219,True
WSSEC:WS:XNYS:CMG,WS:XNYS:CMG,-0.021400207353467704,-0.021400207353467704,True,1.289999008178711,1.289999008178711,True
WSSEC:WS:XNYS:CMI,WS:XNYS:CMI,-0.006823628939771731,-0.006823628939771731,True,9.4000244140625,9.4000244140625,True
WSSEC:WS:XNYS:CMS,WS:XNYS:CMS,-0.006017435612563071,-0.006017435612563071,True,0.7400016784667969,0.7400016784667969,True
WSSEC:WS:XNYS:CNC,WS:XNYS:CNC,-0.0025773785017727535,-0.0025773785017727535,True,1.5900001525878906,1.5900001525878906,True
WSSEC:WS:XNYS:CNH,WS:XNYS:CNH,0.0022304634495626807,0.0022304634495626807,True,0.3100004196166992,0.3100004196166992,True
WSSEC:WS:XNYS:CNM,WS:XNYS:CNM,0.010560918950799802,0.010560918950799802,True,0.9799995422363281,0.9799995422363281,True
WSSEC:WS:XNYS:CNO,WS:XNYS:CNO,-0.014671211230314118,-0.014671211230314118,True,1.7900009155273438,1.7900009155273438,True
WSSEC:WS:XNYS:CNP,WS:XNYS:CNP,-0.00914962739461822,-0.00914962739461822,True,0.5900001525878906,0.5900001525878906,True
WSSEC:WS:XNYS:CNX,WS:XNYS:CNX,-0.003344500224776059,-0.003344500224776059,True,0.6899986267089844,0.6899986267089844,True
WSSEC:WS:XNYS:COF,WS:XNYS:COF,0.0026006858284681744,0.0026006858284681744,True,3.279998779296875,3.279998779296875,True
WSSEC:WS:XNYS:COP,WS:XNYS:COP,0.009758763648510138,0.009758763648510138,True,2.8800048828125,2.8800048828125,True
WSSEC:WS:XNYS:COR,WS:XNYS:COR,-0.007717444830056652,-0.007717444830056652,True,7.42999267578125,7.42999267578125,True
WSSEC:WS:XNYS:CPRI,WS:XNYS:CPRI,-0.02983048002598654,-0.02983048002598654,True,0.9700002670288086,0.9700002670288086,True
WSSEC:WS:XNYS:CR,WS:XNYS:CR,0.006780749062791358,0.006780749062791358,True,3.0500030517578125,3.0500030517578125,True
WSSEC:WS:XNYS:CRBG,WS:XNYS:CRBG,-0.0002873351288673609,-0.0002873351288673609,True,0.7049980163574219,0.7049980163574219,True
WSSEC:WS:XNYS:CRL,WS:XNYS:CRL,0.06169551327866296,0.06169551327866296,True,21.449981689453125,21.449981689453125,True
WSSEC:WS:XNYS:CRM,WS:XNYS:CRM,0.002693826857125492,0.002693826857125492,True,5.089996337890625,5.089996337890625,True
WSSEC:WS:XNYS:CRS,WS:XNYS:CRS,-0.012790358921778044,-0.012790358921778044,True,10.05999755859375,10.05999755859375,True
WSSEC:WS:XNYS:CSL,WS:XNYS:CSL,0.010009513105490697,0.010009513105490697,True,11.40997314453125,11.40997314453125,True
WSSEC:WS:XNYS:CTVA,WS:XNYS:CTVA,-0.012061691653677431,-0.012061691653677431,True,2.470001220703125,2.470001220703125,True
WSSEC:WS:XNYS:CVNA,WS:XNYS:CVNA,0.003596552611295989,0.003596552611295989,True,2.0849990844726562,2.0849990844726562,True
WSSEC:WS:XNYS:CVS,WS:XNYS:CVS,-0.00943393376235424,-0.00943393376235424,True,1.5100021362304688,1.5100021362304688,True
WSSEC:WS:XNYS:CVX,WS:XNYS:CVX,0.0006812291051070396,0.0006812291051070396,True,3.230010986328125,3.230010986328125,True
WSSEC:WS:XNYS:CW,WS:XNYS:CW,-0.0004399317074763598,-0.0004399317074763598,True,8.510009765625,8.510009765625,True
WSSEC:WS:XNYS:CXT,WS:XNYS:CXT,0.0035079992385660397,0.0035079992385660397,True,1.3600006103515625,1.3600006103515625,True
WSSEC:WS:XNYS:D,WS:XNYS:D,-0.012587815368896305,-0.012587815368896305,True,1.0399971008300781,1.0399971008300781,True
WSSEC:WS:XNYS:DAL,WS:XNYS:DAL,0.012354766192421707,0.012354766192421707,True,2.8799972534179688,2.8799972534179688,True
WSSEC:WS:XNYS:DAR,WS:XNYS:DAR,-0.03212977768065939,-0.03212977768065939,True,2.900005340576172,2.900005340576172,True
WSSEC:WS:XNYS:DCI,WS:XNYS:DCI,-0.00428045738236571,-0.00428045738236571,True,1.1299972534179688,1.1299972534179688,True
WSSEC:WS:XNYS:DE,WS:XNYS:DE,-0.020493852437861948,-0.020493852437861948,True,18.47998046875,18.47998046875,True
WSSEC:WS:XNYS:DG,WS:XNYS:DG,0.016003319482544853,0.016003319482544853,True,4.3899993896484375,4.3899993896484375,True
WSSEC:WS:XNYS:DHI,WS:XNYS:DHI,0.0012842115782389918,0.0012842115782389918,True,2.1199951171875,2.1199951171875,True
WSSEC:WS:XNYS:DHR,WS:XNYS:DHR,0.009974755092162946,0.009974755092162946,True,7.649993896484375,7.649993896484375,True
WSSEC:WS:XNYS:DINO,WS:XNYS:DINO,-0.05703192858781492,-0.05703192858781492,True,9.729995727539062,9.729995727539062,True
WSSEC:WS:XNYS:DIS,WS:XNYS:DIS,0.02029768502517082,0.02029768502517082,True,2.2900009155273438,2.2900009155273438,True
WSSEC:WS:XNYS:DKS,WS:XNYS:DKS,0.020470455603001536,0.020470455603001536,True,3.9099960327148438,3.9099960327148438,True
WSSEC:WS:XNYS:DLB,WS:XNYS:DLB,-0.0055507317667732314,-0.0055507317667732314,True,1.470001220703125,1.470001220703125,True
WSSEC:WS:XNYS:DOCN,WS:XNYS:DOCN,0.12309823534343112,0.12309823534343112,True,19.009994506835938,19.009994506835938,True
WSSEC:WS:XNYS:DOCS,WS:XNYS:DOCS,0.027958618352039055,0.027958618352039055,True,0.75,0.75,True
WSSEC:WS:XNYS:DOV,WS:XNYS:DOV,-0.006030785573772568,-0.006030785573772568,True,2.279998779296875,2.279998779296875,True
WSSEC:WS:XNYS:DPZ,WS:XNYS:DPZ,-0.01146980393513386,-0.01146980393513386,True,6.290008544921875,6.290008544921875,True
WSSEC:WS:XNYS:DRI,WS:XNYS:DRI,-0.030183896647250852,-0.030183896647250852,True,7.470001220703125,7.470001220703125,True
WSSEC:WS:XNYS:DT,WS:XNYS:DT,0.022850963913267908,0.022850963913267908,True,1.5100021362304688,1.5100021362304688,True
WSSEC:WS:XNYS:DTM,WS:XNYS:DTM,-0.006435702802047527,-0.006435702802047527,True,2.1699981689453125,2.1699981689453125,True
WSSEC:WS:XNYS:DUK,WS:XNYS:DUK,-0.008233290944094973,-0.008233290944094973,True,1.8699951171875,1.8699951171875,True
WSSEC:WS:XNYS:DVA,WS:XNYS:DVA,-0.046248778251234746,-0.046248778251234746,True,9.459991455078125,9.459991455078125,True
WSSEC:WS:XNYS:DVN,WS:XNYS:DVN,0.01790176090678619,0.01790176090678619,True,1.6699981689453125,1.6699981689453125,True
WSSEC:WS:XNYS:DY,WS:XNYS:DY,-0.0008567512352926077,-0.0008567512352926077,True,8.44000244140625,8.44000244140625,True
WSSEC:WS:XNYS:ECL,WS:XNYS:ECL,-0.0048785996587175084,-0.0048785996587175084,True,4.3900146484375,4.3900146484375,True
WSSEC:WS:XNYS:ED,WS:XNYS:ED,0.0009745490062009754,0.0009745490062009754,True,1.279998779296875,1.279998779296875,True
WSSEC:WS:XNYS:EFX,WS:XNYS:EFX,-0.04197787770413197,-0.04197787770413197,True,9.089996337890625,9.089996337890625,True
WSSEC:WS:XNYS:EHC,WS:XNYS:EHC,-0.0015605950012833603,-0.0015605950012833603,True,3.5999984741210938,3.5999984741210938,True
WSSEC:WS:XNYS:EIX,WS:XNYS:EIX,-0.01812740490435627,-0.01812740490435627,True,1.5999984741210938,1.5999984741210938,True
WSSEC:WS:XNYS:EL,WS:XNYS:EL,-0.03500960255355823,-0.03500960255355823,True,3.6500015258789062,3.6500015258789062,True
WSSEC:WS:XNYS:ELAN,WS:XNYS:ELAN,0.0004460405373687415,0.0004460405373687415,True,0.4099998474121094,0.4099998474121094,True
WSSEC:WS:XNYS:ELF,WS:XNYS:ELF,0.013998324760944536,0.013998324760944536,True,3.850006103515625,3.850006103515625,True
WSSEC:WS:XNYS:ELV,WS:XNYS:ELV,-0.0007777939594858507,-0.0007777939594858507,True,6.660003662109375,6.660003662109375,True
WSSEC:WS:XNYS:EME,WS:XNYS:EME,0.0002128680264512628,0.0002128680264512628,True,25.489990234375,25.489990234375,True
WSSEC:WS:XNYS:EMR,WS:XNYS:EMR,0.010026541745753903,0.010026541745753903,True,3.7899932861328125,3.7899932861328125,True
WSSEC:WS:XNYS:ENS,WS:XNYS:ENS,0.002582566396122754,0.002582566396122754,True,4.399993896484375,4.399993896484375,True
WSSEC:WS:XNYS:EOG,WS:XNYS:EOG,0.007191231660998332,0.007191231660998332,True,2.6999969482421875,2.6999969482421875,True
WSSEC:WS:XNYS:EQH,WS:XNYS:EQH,-0.001482888413778194,-0.001482888413778194,True,1.1650009155273438,1.1650009155273438,True
WSSEC:WS:XNYS:EQT,WS:XNYS:EQT,0.01586364153561215,0.01586364153561215,True,1.3799972534179688,1.3799972534179688,True
WSSEC:WS:XNYS:ES,WS:XNYS:ES,-0.01710066803919752,-0.01710066803919752,True,1.4899978637695312,1.4899978637695312,True
WSSEC:WS:XNYS:ESAB,WS:XNYS:ESAB,0.03187557155840781,0.03187557155840781,True,2.9899978637695312,2.9899978637695312,True
WSSEC:WS:XNYS:ESNT,WS:XNYS:ESNT,-0.01071589811789353,-0.01071589811789353,True,1.5900039672851562,1.5900039672851562,True
WSSEC:WS:XNYS:ETR,WS:XNYS:ETR,-0.01078302588558211,-0.01078302588558211,True,2.1800003051757812,2.1800003051757812,True
WSSEC:WS:XNYS:EVR,WS:XNYS:EVR,0.024409762045407568,0.024409762045407568,True,10.509979248046875,10.509979248046875,True
WSSEC:WS:XNYS:EVRG,WS:XNYS:EVRG,-0.009691335432049253,-0.009691335432049253,True,0.9599990844726562,0.9599990844726562,True
WSSEC:WS:XNYS:EW,WS:XNYS:EW,-0.01255466875975586,-0.01255466875975586,True,1.4900054931640625,1.4900054931640625,True
WSSEC:WS:XNYS:EXC,WS:XNYS:EXC,-0.01204221873450484,-0.01204221873450484,True,0.7599983215332031,0.7599983215332031,True
WSSEC:WS:XNYS:EXP,WS:XNYS:EXP,0.013120642287813844,0.013120642287813844,True,4.019989013671875,4.019989013671875,True
WSSEC:WS:XNYS:F,WS:XNYS:F,-0.02627505486391235,-0.02627505486391235,True,0.4200000762939453,0.4200000762939453,True
WSSEC:WS:XNYS:FAF,WS:XNYS:FAF,-0.004741977568986866,-0.004741977568986866,True,1.0499954223632812,1.0499954223632812,True
WSSEC:WS:XNYS:FBIN,WS:XNYS:FBIN,0.005076064479612397,0.005076064479612397,True,1.2600021362304688,1.2600021362304688,True
WSSEC:WS:XNYS:FCN,WS:XNYS:FCN,-0.003116498126102152,-0.003116498126102152,True,2.0800018310546875,2.0800018310546875,True
WSSEC:WS:XNYS:FCX,WS:XNYS:FCX,-0.006888949950206058,-0.006888949950206058,True,1.7300033569335938,1.7300033569335938,True
WSSEC:WS:XNYS:FDS,WS:XNYS:FDS,-0.029273853523921423,-0.029273853523921423,True,14.779998779296875,14.779998779296875,True
WSSEC:WS:XNYS:FDX,WS:XNYS:FDX,-0.041029130206099884,-0.041029130206099884,True,12.160003662109375,12.160003662109375,True
WSSEC:WS:XNYS:FE,WS:XNYS:FE,-0.010538439475132666,-0.010538439475132666,True,0.6700019836425781,0.6700019836425781,True
WSSEC:WS:XNYS:FERG,WS:XNYS:FERG,-0.004521408908436664,-0.004521408908436664,True,5.8700103759765625,5.8700103759765625,True
WSSEC:WS:XNYS:FHI,WS:XNYS:FHI,0.0189142182121802,0.0189142182121802,True,1.2300033569335938,1.2300033569335938,True
WSSEC:WS:XNYS:FHN,WS:XNYS:FHN,-0.00041772049535293565,-0.00041772049535293565,True,0.23000144958496094,0.23000144958496094,True
WSSEC:WS:XNYS:FICO,WS:XNYS:FICO,-0.026306831105350925,-0.026306831105350925,True,37.8499755859375,37.8499755859375,True
WSSEC:WS:XNYS:FIS,WS:XNYS:FIS,0.009229983456074065,0.009229983456074065,True,1.0800018310546875,1.0800018310546875,True
WSSEC:WS:XNYS:FIX,WS:XNYS:FIX,0.010757112966203408,0.010757112966203408,True,93.5899658203125,93.5899658203125,True
WSSEC:WS:XNYS:FLG,WS:XNYS:FLG,0.0031872479079766425,0.0031872479079766425,True,0.15999984741210938,0.15999984741210938,True
WSSEC:WS:XNYS:FLR,WS:XNYS:FLR,-0.0029143869392551647,-0.0029143869392551647,True,1.7700004577636719,1.7700004577636719,True
WSSEC:WS:XNYS:FLS,WS:XNYS:FLS,0.010693028490750267,0.010693028490750267,True,1.2400054931640625,1.2400054931640625,True
WSSEC:WS:XNYS:FN,WS:XNYS:FN,0.033509252194823036,0.033509252194823036,True,17.1500244140625,17.1500244140625,True
WSSEC:WS:XNYS:FNB,WS:XNYS:FNB,-0.0011154744798246297,-0.0011154744798246297,True,0.18000030517578125,0.18000030517578125,True
WSSEC:WS:XNYS:FND,WS:XNYS:FND,-0.000634491964285111,-0.000634491964285111,True,1.1749992370605469,1.1749992370605469,True
WSSEC:WS:XNYS:FNF,WS:XNYS:FNF,-0.0009411980124081065,-0.0009411980124081065,True,0.8100013732910156,0.8100013732910156,True
WSSEC:WS:XNYS:FOUR,WS:XNYS:FOUR,0.010005115295752098,0.010005115295752098,True,0.9599990844726562,0.9599990844726562,True
WSSEC:WS:XNYS:FTI,WS:XNYS:FTI,-0.009858360421640011,-0.009858360421640011,True,1.2999954223632812,1.2999954223632812,True
WSSEC:WS:XNYS:FTV,WS:XNYS:FTV,-0.014575181643942003,-0.014575181643942003,True,0.9650001525878906,0.9650001525878906,True
WSSEC:WS:XNYS:G,WS:XNYS:G,-0.0017573977641002214,-0.0017573977641002214,True,0.8899993896484375,0.8899993896484375,True
WSSEC:WS:XNYS:GAP,WS:XNYS:GAP,0.03456665301002637,0.03456665301002637,True,0.7299995422363281,0.7299995422363281,True
WSSEC:WS:XNYS:GATX,WS:XNYS:GATX,0.014109812330360905,0.014109812330360905,True,3.69000244140625,3.69000244140625,True
WSSEC:WS:XNYS:GBCI,WS:XNYS:GBCI,0.0033579926578817254,0.0033579926578817254,True,0.48999786376953125,0.48999786376953125,True
WSSEC:WS:XNYS:GD,WS:XNYS:GD,-0.020504990250427624,-0.020504990250427624,True,8.54998779296875,8.54998779296875,True
WSSEC:WS:XNYS:GEF,WS:XNYS:GEF,0.0073751737045548715,0.0073751737045548715,True,1.6399993896484375,1.6399993896484375,True
WSSEC:WS:XNYS:GEV,WS:XNYS:GEV,0.0033829617767513476,0.0033829617767513476,True,38.219970703125,38.219970703125,True
WSSEC:WS:XNYS:GGG,WS:XNYS:GGG,0.0043272251824837404,0.0043272251824837404,True,1.0100021362304688,1.0100021362304688,True
WSSEC:WS:XNYS:GHC,WS:XNYS:GHC,0.0023437652630586836,0.0023437652630586836,True,19.429931640625,19.429931640625,True
WSSEC:WS:XNYS:GL,WS:XNYS:GL,-0.008474030671296262,-0.008474030671296262,True,3.1999969482421875,3.1999969482421875,True
WSSEC:WS:XNYS:GLW,WS:XNYS:GLW,-0.002136210772796243,-0.002136210772796243,True,6.7599945068359375,6.7599945068359375,True
WSSEC:WS:XNYS:GM,WS:XNYS:GM,-0.03819979797632056,-0.03819979797632056,True,3.7299957275390625,3.7299957275390625,True
WSSEC:WS:XNYS:GME,WS:XNYS:GME,0.005300390568396596,0.005300390568396596,True,0.5900001525878906,0.5900001525878906,True
WSSEC:WS:XNYS:GMED,WS:XNYS:GMED,0.002834760789444557,0.002834760789444557,True,1.2400054931640625,1.2400054931640625,True
WSSEC:WS:XNYS:GNRC,WS:XNYS:GNRC,-0.0068698983540600445,-0.0068698983540600445,True,5.5399932861328125,5.5399932861328125,True
WSSEC:WS:XNYS:GPC,WS:XNYS:GPC,0.003883193704030896,0.003883193704030896,True,2.230010986328125,2.230010986328125,True
WSSEC:WS:XNYS:GPK,WS:XNYS:GPK,-0.006444727917549242,-0.006444727917549242,True,0.3000001907348633,0.3000001907348633,True
WSSEC:WS:XNYS:GPN,WS:XNYS:GPN,0.015595209030877966,0.015595209030877966,True,2.3199996948242188,2.3199996948242188,True
WSSEC:WS:XNYS:GS,WS:XNYS:GS,-0.013958314674576311,-0.013958314674576311,True,21.67999267578125,21.67999267578125,True
WSSEC:WS:XNYS:GWRE,WS:XNYS:GWRE,0.03527626192750599,0.03527626192750599,True,6.2899932861328125,6.2899932861328125,True
WSSEC:WS:XNYS:GWW,WS:XNYS:GWW,0.006925422378330159,0.006925422378330159,True,26.8900146484375,26.8900146484375,True
WSSEC:WS:XNYS:GXO,WS:XNYS:GXO,-0.011323969159434122,-0.011323969159434122,True,1.2620010375976562,1.2620010375976562,True
WSSEC:WS:XNYS:H,WS:XNYS:H,0.012319425598686484,0.012319425598686484,True,3.1300048828125,3.1300048828125,True
WSSEC:WS:XNYS:HAE,WS:XNYS:HAE,0.003044297291600273,0.003044297291600273,True,2.0099945068359375,2.0099945068359375,True
WSSEC:WS:XNYS:HAL,WS:XNYS:HAL,-0.007573462972184419,-0.007573462972184419,True,0.7299995422363281,0.7299995422363281,True
WSSEC:WS:XNYS:HCA,WS:XNYS:HCA,-0.029783723590510958,-0.029783723590510958,True,18.819976806640625,18.819976806640625,True
WSSEC:WS:XNYS:HD,WS:XNYS:HD,-0.015300648848221687,-0.015300648848221687,True,8.029998779296875,8.029998779296875,True
WSSEC:WS:XNYS:HGV,WS:XNYS:HGV,-0.00084289910559876,-0.00084289910559876,True,1.0349998474121094,1.0349998474121094,True
WSSEC:WS:XNYS:HIG,WS:XNYS:HIG,-0.007109518307292895,-0.007109518307292895,True,2.2700042724609375,2.2700042724609375,True
WSSEC:WS:XNYS:HII,WS:XNYS:HII,-0.014084462434759915,-0.014084462434759915,True,6.410003662109375,6.410003662109375,True
WSSEC:WS:XNYS:HIMS,WS:XNYS:HIMS,0.048588803911134626,0.048588803911134626,True,1.5349998474121094,1.5349998474121094,True
WSSEC:WS:XNYS:HL,WS:XNYS:HL,-0.03012683364300861,-0.03012683364300861,True,1.1800003051757812,1.1800003051757812,True
WSSEC:WS:XNYS:HLI,WS:XNYS:HLI,0.015779375798076645,0.015779375798076645,True,3.552001953125,3.552001953125,True
WSSEC:WS:XNYS:HLT,WS:XNYS:HLT,0.015982044276414475,0.015982044276414475,True,7.1400146484375,7.1400146484375,True
WSSEC:WS:XNYS:HOG,WS:XNYS:HOG,0.010798255919842292,0.010798255919842292,True,1.2299995422363281,1.2299995422363281,True
WSSEC:WS:XNYS:HOMB,WS:XNYS:HOMB,-0.006042306131046837,-0.006042306131046837,True,0.34999847412109375,0.34999847412109375,True
WSSEC:WS:XNYS:HPE,WS:XNYS:HPE,0.019091907456291635,0.019091907456291635,True,4.930004119873047,4.930004119873047,True
WSSEC:WS:XNYS:HRB,WS:XNYS:HRB,0.005649717514124353,0.005649717514124353,True,1.1400032043457031,1.1400032043457031,True
WSSEC:WS:XNYS:HRL,WS:XNYS:HRL,-0.004016060411629163,-0.004016060411629163,True,0.5199985504150391,0.5199985504150391,True
WSSEC:WS:XNYS:HSY,WS:XNYS:HSY,-0.009320226143501142,-0.009320226143501142,True,3.5699920654296875,3.5699920654296875,True
WSSEC:WS:XNYS:HUBB,WS:XNYS:HUBB,0.004701299586785224,0.004701299586785224,True,11.84002685546875,11.84002685546875,True
WSSEC:WS:XNYS:HUM,WS:XNYS:HUM,0.014782028291174365,0.014782028291174365,True,10.220001220703125,10.220001220703125,True
WSSEC:WS:XNYS:HXL,WS:XNYS:HXL,-0.013726591758678852,-0.013726591758678852,True,3.1199951171875,3.1199951171875,True
WSSEC:WS:XNYS:IBM,WS:XNYS:IBM,-0.024488731237166217,-0.024488731237166217,True,6.75,6.75,True
WSSEC:WS:XNYS:ICE,WS:XNYS:ICE,0.0037095398121163026,0.0037095398121163026,True,2.3300018310546875,2.3300018310546875,True
WSSEC:WS:XNYS:IDA,WS:XNYS:IDA,-0.008435937033780982,-0.008435937033780982,True,1.75,1.75,True
WSSEC:WS:XNYS:IEX,WS:XNYS:IEX,-0.0050942577536168265,-0.0050942577536168265,True,3.0099945068359375,3.0099945068359375,True
WSSEC:WS:XNYS:IFF,WS:XNYS:IFF,0.0016334079004067803,0.0016334079004067803,True,1.55999755859375,1.55999755859375,True
WSSEC:WS:XNYS:INGR,WS:XNYS:INGR,-0.003082328635712561,-0.003082328635712561,True,1.1699981689453125,1.1699981689453125,True
WSSEC:WS:XNYS:IP,WS:XNYS:IP,-0.0229691786358579,-0.0229691786358579,True,1.3799972534179688,1.3799972534179688,True
WSSEC:WS:XNYS:IQV,WS:XNYS:IQV,0.026730396676128976,0.026730396676128976,True,10.670013427734375,10.670013427734375,True
WSSEC:WS:XNYS:IT,WS:XNYS:IT,0.004481307599213613,0.004481307599213613,True,5.8600006103515625,5.8600006103515625,True
WSSEC:WS:XNYS:ITT,WS:XNYS:ITT,0.00591769671763287,0.00591769671763287,True,3.44000244140625,3.44000244140625,True
WSSEC:WS:XNYS:ITW,WS:XNYS:ITW,-0.005193524094788682,-0.005193524094788682,True,3.760009765625,3.760009765625,True
WSSEC:WS:XNYS:JBL,WS:XNYS:JBL,0.00628340871710531,0.00628340871710531,True,12.399993896484375,12.399993896484375,True
WSSEC:WS:XNYS:JEF,WS:XNYS:JEF,-0.0010439050138818518,-0.0010439050138818518,True,1.1100006103515625,1.1100006103515625,True
WSSEC:WS:XNYS:JNJ,WS:XNYS:JNJ,0.005609760273137754,0.005609760273137754,True,6.220001220703125,6.220001220703125,True
WSSEC:WS:XNYS:JPM,WS:XNYS:JPM,0.0030515769947025984,0.0030515769947025984,True,4.089996337890625,4.089996337890625,True
WSSEC:WS:XNYS:KBH,WS:XNYS:KBH,0.015704620017851,0.015704620017851,True,1.2999992370605469,1.2999992370605469,True
WSSEC:WS:XNYS:KBR,WS:XNYS:KBR,0.005627483336728689,0.005627483336728689,True,0.6299972534179688,0.6299972534179688,True
WSSEC:WS:XNYS:KD,WS:XNYS:KD,0.010770515139007397,0.010770515139007397,True,0.5399999618530273,0.5399999618530273,True
WSSEC:WS:XNYS:KEX,WS:XNYS:KEX,-0.019660289849701806,-0.019660289849701806,True,3.100006103515625,3.100006103515625,True
WSSEC:WS:XNYS:KEY,WS:XNYS:KEY,0.0004940824602235327,0.0004940824602235327,True,0.2999992370605469,0.2999992370605469,True
WSSEC:WS:XNYS:KEYS,WS:XNYS:KEYS,0.011829362029208257,0.011829362029208257,True,14.959991455078125,14.959991455078125,True
WSSEC:WS:XNYS:KMB,WS:XNYS:KMB,-0.0049129553995108655,-0.0049129553995108655,True,1.7700042724609375,1.7700042724609375,True
WSSEC:WS:XNYS:KMI,WS:XNYS:KMI,-0.003825337456903055,-0.003825337456903055,True,0.4500007629394531,0.4500007629394531,True
WSSEC:WS:XNYS:KNF,WS:XNYS:KNF,0.017817803915726627,0.017817803915726627,True,1.8100013732910156,1.8100013732910156,True
WSSEC:WS:XNYS:KNSL,WS:XNYS:KNSL,0.0037550688383676256,0.0037550688383676256,True,6.870025634765625,6.870025634765625,True
WSSEC:WS:XNYS:KNX,WS:XNYS:KNX,-0.0008997834181037057,-0.0008997834181037057,True,2.6699981689453125,2.6699981689453125,True
WSSEC:WS:XNYS:KO,WS:XNYS:KO,0.00011354451863176962,0.00011354451863176962,True,1.2700042724609375,1.2700042724609375,True
WSSEC:WS:XNYS:KR,WS:XNYS:KR,0.02220677988984754,0.02220677988984754,True,2.0100021362304688,2.0100021362304688,True
WSSEC:WS:XNYS:KVUE,WS:XNYS:KVUE,-0.003395555499905112,-0.003395555499905112,True,0.26999855041503906,0.26999855041503906,True
WSSEC:WS:XNYS:L,WS:XNYS:L,0.0002855938598191887,0.0002855938598191887,True,1.3700027465820312,1.3700027465820312,True
WSSEC:WS:XNYS:LAD,WS:XNYS:LAD,-0.0003794072196408038,-0.0003794072196408038,True,5.75,5.75,True
WSSEC:WS:XNYS:LDOS,WS:XNYS:LDOS,-0.010746683302976456,-0.010746683302976456,True,2.2699966430664062,2.2699966430664062,True
WSSEC:WS:XNYS:LEA,WS:XNYS:LEA,-0.0034814172005156463,-0.0034814172005156463,True,1.9300003051757812,1.9300003051757812,True
WSSEC:WS:XNYS:LEN,WS:XNYS:LEN,-0.0006132902897700854,-0.0006132902897700854,True,1.8600006103515625,1.8600006103515625,True
WSSEC:WS:XNYS:LHX,WS:XNYS:LHX,-0.004891155866794006,-0.004891155866794006,True,4.269989013671875,4.269989013671875,True
WSSEC:WS:XNYS:LII,WS:XNYS:LII,-0.012246864702806892,-0.012246864702806892,True,6.57000732421875,6.57000732421875,True
WSSEC:WS:XNYS:LLY,WS:XNYS:LLY,0.026846475361415045,0.026846475361415045,True,46.800048828125,46.800048828125,True
WSSEC:WS:XNYS:LMT,WS:XNYS:LMT,-0.0018677679393724889,-0.0018677679393724889,True,7.67999267578125,7.67999267578125,True
WSSEC:WS:XNYS:LOW,WS:XNYS:LOW,-0.014997884134790529,-0.014997884134790529,True,5.19000244140625,5.19000244140625,True
WSSEC:WS:XNYS:LPX,WS:XNYS:LPX,-0.00413344525915238,-0.00413344525915238,True,1.7699966430664062,1.7699966430664062,True
WSSEC:WS:XNYS:LUV,WS:XNYS:LUV,0.012426859409261137,0.012426859409261137,True,1.4099998474121094,1.4099998474121094,True
WSSEC:WS:XNYS:LVS,WS:XNYS:LVS,-0.013778951767098424,-0.013778951767098424,True,1.1699981689453125,1.1699981689453125,True
WSSEC:WS:XNYS:LYV,WS:XNYS:LYV,0.012009695284607158,0.012009695284607158,True,5.3000030517578125,5.3000030517578125,True
WSSEC:WS:XNYS:M,WS:XNYS:M,0.011394712575869104,0.011394712575869104,True,0.75,0.75,True
WSSEC:WS:XNYS:MA,WS:XNYS:MA,0.01100163303276136,0.01100163303276136,True,8.5,8.5,True
WSSEC:WS:XNYS:MAS,WS:XNYS:MAS,-0.012470746153849577,-0.012470746153849577,True,1.6300048828125,1.6300048828125,True
WSSEC:WS:XNYS:MCD,WS:XNYS:MCD,-0.005454863258665621,-0.005454863258665621,True,5.5399932861328125,5.5399932861328125,True
WSSEC:WS:XNYS:MCK,WS:XNYS:MCK,-0.012651918964721731,-0.012651918964721731,True,30.00994873046875,30.00994873046875,True
WSSEC:WS:XNYS:MCO,WS:XNYS:MCO,-0.013717420948138659,-0.013717420948138659,True,15.199981689453125,15.199981689453125,True
WSSEC:WS:XNYS:MET,WS:XNYS:MET,0.0005144347050178855,0.0005144347050178855,True,1.1200027465820312,1.1200027465820312,True
WSSEC:WS:XNYS:MGM,WS:XNYS:MGM,-0.10990753012199972,-0.10990753012199972,True,4.4199981689453125,4.4199981689453125,True
WSSEC:WS:XNYS:MKC,WS:XNYS:MKC,-0.025870858704748256,-0.025870858704748256,True,1.7400016784667969,1.7400016784667969,True
WSSEC:WS:XNYS:MLI,WS:XNYS:MLI,-0.002330604134504477,-0.002330604134504477,True,1.0900001525878906,1.0900001525878906,True
WSSEC:WS:XNYS:MLM,WS:XNYS:MLM,-0.021103080529941254,-0.021103080529941254,True,13.050018310546875,13.050018310546875,True
WSSEC:WS:XNYS:MMM,WS:XNYS:MMM,-0.016324126420901863,-0.016324126420901863,True,3.4900054931640625,3.4900054931640625,True
WSSEC:WS:XNYS:MMS,WS:XNYS:MMS,0.00053633526511776,0.00053633526511776,True,1.0,1.0,True
WSSEC:WS:XNYS:MO,WS:XNYS:MO,-0.0010152240452855343,-0.0010152240452855343,True,1.4500045776367188,1.4500045776367188,True
WSSEC:WS:XNYS:MOGA,WS:XNYS:MOGA,0.01310881578343892,0.01310881578343892,True,6.990020751953125,6.990020751953125,True
WSSEC:WS:XNYS:MOH,WS:XNYS:MOH,-0.014891131701539329,-0.014891131701539329,True,5.7299957275390625,5.7299957275390625,True
WSSEC:WS:XNYS:MOS,WS:XNYS:MOS,-0.02790317118418173,-0.02790317118418173,True,1.25,1.25,True
WSSEC:WS:XNYS:MP,WS:XNYS:MP,0.057977185268293985,0.057977185268293985,True,3.390003204345703,3.390003204345703,True
WSSEC:WS:XNYS:MPC,WS:XNYS:MPC,0.006617249322591112,0.006617249322591112,True,13.350006103515625,13.350006103515625,True
WSSEC:WS:XNYS:MRK,WS:XNYS:MRK,-0.0006753518522354396,-0.0006753518522354396,True,3.5600128173828125,3.5600128173828125,True
WSSEC:WS:XNYS:MS,WS:XNYS:MS,-0.010433953686163955,-0.010433953686163955,True,3.6399993896484375,3.6399993896484375,True
WSSEC:WS:XNYS:MSA,WS:XNYS:MSA,-0.01341424698310667,-0.01341424698310667,True,3.850006103515625,3.850006103515625,True
WSSEC:WS:XNYS:MSCI,WS:XNYS:MSCI,0.0006838309779826357,0.0006838309779826357,True,11.239990234375,11.239990234375,True
WSSEC:WS:XNYS:MSI,WS:XNYS:MSI,-0.012010248349350605,-0.012010248349350605,True,12.120025634765625,12.120025634765625,True
WSSEC:WS:XNYS:MSM,WS:XNYS:MSM,-0.004745944156777093,-0.004745944156777093,True,2.7299957275390625,2.7299957275390625,True
WSSEC:WS:XNYS:MTB,WS:XNYS:MTB,-0.004189808549383112,-0.004189808549383112,True,3.529998779296875,3.529998779296875,True
WSSEC:WS:XNYS:MTD,WS:XNYS:MTD,0.017965114657378267,0.017965114657378267,True,62.830078125,62.830078125,True
WSSEC:WS:XNYS:MTDR,WS:XNYS:MTDR,-0.04787891489088969,-0.04787891489088969,True,3.5,3.5,True
WSSEC:WS:XNYS:MTG,WS:XNYS:MTG,-0.00808352195355666,-0.00808352195355666,True,0.4799995422363281,0.4799995422363281,True
WSSEC:WS:XNYS:MTN,WS:XNYS:MTN,0.004506363449721773,0.004506363449721773,True,3.529998779296875,3.529998779296875,True
WSSEC:WS:XNYS:MTZ,WS:XNYS:MTZ,0.039742461141976326,0.039742461141976326,True,12.279998779296875,12.279998779296875,True
WSSEC:WS:XNYS:MUR,WS:XNYS:MUR,-0.03236157005147344,-0.03236157005147344,True,1.5,1.5,True
WSSEC:WS:XNYS:MUSA,WS:XNYS:MUSA,-0.032522980850654304,-0.032522980850654304,True,20.08001708984375,20.08001708984375,True
WSSEC:WS:XNYS:NEM,WS:XNYS:NEM,-0.018211250056039407,-0.018211250056039407,True,3.5300064086914062,3.5300064086914062,True
WSSEC:WS:XNYS:NEU,WS:XNYS:NEU,-0.007725357603864835,-0.007725357603864835,True,15.72998046875,15.72998046875,True
WSSEC:WS:XNYS:NFG,WS:XNYS:NFG,-0.011369231213086972,-0.011369231213086972,True,1.3499984741210938,1.3499984741210938,True
WSSEC:WS:XNYS:NI,WS:XNYS:NI,-0.0033121291239550654,-0.0033121291239550654,True,0.5900001525878906,0.5900001525878906,True
WSSEC:WS:XNYS:NJR,WS:XNYS:NJR,-0.007501904129188053,-0.007501904129188053,True,1.0399971008300781,1.0399971008300781,True
WSSEC:WS:XNYS:NKE,WS:XNYS:NKE,-0.0016642873748543563,-0.0016642873748543563,True,0.6199989318847656,0.6199989318847656,True
WSSEC:WS:XNYS:NOC,WS:XNYS:NOC,-0.01057496229647481,-0.01057496229647481,True,10.3800048828125,10.3800048828125,True
WSSEC:WS:XNYS:NOV,WS:XNYS:NOV,0.003986045088315793,0.003986045088315793,True,0.6100006103515625,0.6100006103515625,True
WSSEC:WS:XNYS:NOW,WS:XNYS:NOW,-0.02130984533323621,-0.02130984533323621,True,3.5099945068359375,3.5099945068359375,True
WSSEC:WS:XNYS:NRG,WS:XNYS:NRG,-0.028494864096487937,-0.028494864096487937,True,3.220001220703125,3.220001220703125,True
WSSEC:WS:XNYS:NSC,WS:XNYS:NSC,-0.005841072603564701,-0.005841072603564701,True,3.82000732421875,3.82000732421875,True
WSSEC:WS:XNYS:NUE,WS:XNYS:NUE,0.003967977177427917,0.003967977177427917,True,4.4199981689453125,4.4199981689453125,True
WSSEC:WS:XNYS:NVR,WS:XNYS:NVR,-0.0009804568116714707,-0.0009804568116714707,True,99.6103515625,99.6103515625,True
WSSEC:WS:XNYS:NVST,WS:XNYS:NVST,0.0034261208736228177,0.0034261208736228177,True,0.47500038146972656,0.47500038146972656,True
WSSEC:WS:XNYS:NVT,WS:XNYS:NVT,0.009880906450133953,0.009880906450133953,True,3.70001220703125,3.70001220703125,True
WSSEC:WS:XNYS:NYT,WS:XNYS:NYT,0.004557751018330114,0.004557751018330114,True,1.4000015258789062,1.4000015258789062,True
WSSEC:WS:XNYS:OC,WS:XNYS:OC,-0.01864410943938355,-0.01864410943938355,True,4.2299957275390625,4.2299957275390625,True
WSSEC:WS:XNYS:OGE,WS:XNYS:OGE,-0.010107648899978283,-0.010107648899978283,True,0.7299995422363281,0.7299995422363281,True
WSSEC:WS:XNYS:OGS,WS:XNYS:OGS,-0.011703748560166205,-0.011703748560166205,True,1.7000045776367188,1.7000045776367188,True
WSSEC:WS:XNYS:OKE,WS:XNYS:OKE,0.00706869210489125,0.00706869210489125,True,1.7900009155273438,1.7900009155273438,True
WSSEC:WS:XNYS:OLN,WS:XNYS:OLN,-0.017814681374242358,-0.017814681374242358,True,0.5200004577636719,0.5200004577636719,True
WSSEC:WS:XNYS:OMC,WS:XNYS:OMC,-0.010464974670591376,-0.010464974670591376,True,1.899993896484375,1.899993896484375,True
WSSEC:WS:XNYS:ONTO,WS:XNYS:ONTO,0.04764081030816003,0.04764081030816003,True,13.71002197265625,13.71002197265625,True
WSSEC:WS:XNYS:ORA,WS:XNYS:ORA,-0.008424077724204948,-0.008424077724204948,True,2.4300003051757812,2.4300003051757812,True
WSSEC:WS:XNYS:ORI,WS:XNYS:ORI,-0.018272829243936584,-0.018272829243936584,True,0.9900016784667969,0.9900016784667969,True
WSSEC:WS:XNYS:OSK,WS:XNYS:OSK,-0.02203121010908038,-0.02203121010908038,True,4.989990234375,4.989990234375,True
WSSEC:WS:XNYS:OTIS,WS:XNYS:OTIS,-0.024004675014257626,-0.024004675014257626,True,1.7900009155273438,1.7900009155273438,True
WSSEC:WS:XNYS:OVV,WS:XNYS:OVV,-0.035113013695907136,-0.035113013695907136,True,2.279998779296875,2.279998779296875,True
WSSEC:WS:XNYS:OXY,WS:XNYS:OXY,0.012029264633314218,0.012029264633314218,True,1.3999977111816406,1.3999977111816406,True
WSSEC:WS:XNYS:P,WS:XNYS:P,0.09141544390490197,0.09141544390490197,True,9.660003662109375,9.660003662109375,True
WSSEC:WS:XNYS:PAG,WS:XNYS:PAG,-0.0021165370723407184,-0.0021165370723407184,True,3.1200103759765625,3.1200103759765625,True
WSSEC:WS:XNYS:PATH,WS:XNYS:PATH,0.014936505163337888,0.014936505163337888,True,0.39999961853027344,0.39999961853027344,True
WSSEC:WS:XNYS:PB,WS:XNYS:PB,-0.0015708795519904228,-0.0015708795519904228,True,0.8499984741210938,0.8499984741210938,True
WSSEC:WS:XNYS:PBF,WS:XNYS:PBF,-0.06101825282423001,-0.06101825282423001,True,6.340003967285156,6.340003967285156,True
WSSEC:WS:XNYS:PCG,WS:XNYS:PCG,-0.007252228339604594,-0.007252228339604594,True,0.48999977111816406,0.48999977111816406,True
WSSEC:WS:XNYS:PEG,WS:XNYS:PEG,-0.011142475519288486,-0.011142475519288486,True,1.089996337890625,1.089996337890625,True
WSSEC:WS:XNYS:PEN,WS:XNYS:PEN,0.003715342106752617,0.003715342106752617,True,2.006011962890625,2.006011962890625,True
WSSEC:WS:XNYS:PEP,WS:XNYS:PEP,-0.015593784709703185,-0.015593784709703185,True,3.0800018310546875,3.0800018310546875,True
WSSEC:WS:XNYS:PFE,WS:XNYS:PFE,0.008161800558748933,0.008161800558748933,True,0.6700000762939453,0.6700000762939453,True
WSSEC:WS:XNYS:PFGC,WS:XNYS:PFGC,0.005221400580225799,0.005221400580225799,True,1.9300003051757812,1.9300003051757812,True
WSSEC:WS:XNYS:PG,WS:XNYS:PG,-0.011601918182701954,-0.011601918182701954,True,3.5200042724609375,3.5200042724609375,True
WSSEC:WS:XNYS:PGR,WS:XNYS:PGR,-0.004726070451389064,-0.004726070451389064,True,4.1199951171875,4.1199951171875,True
WSSEC:WS:XNYS:PH,WS:XNYS:PH,0.003881712925940084,0.003881712925940084,True,20.03997802734375,20.03997802734375,True
WSSEC:WS:XNYS:PHM,WS:XNYS:PHM,-0.004464651532174124,-0.004464651532174124,True,1.6800003051757812,1.6800003051757812,True
WSSEC:WS:XNYS:PII,WS:XNYS:PII,0.006288147854760062,0.006288147854760062,True,2.2600021362304688,2.2600021362304688,True
WSSEC:WS:XNYS:PINS,WS:XNYS:PINS,0.040860226521231,0.040860226521231,True,0.8999996185302734,0.8999996185302734,True
WSSEC:WS:XNYS:PKG,WS:XNYS:PKG,-0.01190968199880138,-0.01190968199880138,True,6.19000244140625,6.19000244140625,True
WSSEC:WS:XNYS:PLNT,WS:XNYS:PLNT,-0.04930293713180256,-0.04930293713180256,True,2.7900009155273438,2.7900009155273438,True
WSSEC:WS:XNYS:PLTR,WS:XNYS:PLTR,0.004171245006324709,0.004171245006324709,True,6.4399871826171875,6.4399871826171875,True
WSSEC:WS:XNYS:PM,WS:XNYS:PM,0.003458413722356335,0.003458413722356335,True,3.8700103759765625,3.8700103759765625,True
WSSEC:WS:XNYS:PNC,WS:XNYS:PNC,-0.003079955564727732,-0.003079955564727732,True,4.470001220703125,4.470001220703125,True
WSSEC:WS:XNYS:PNFP,WS:XNYS:PNFP,-0.0026873605811934542,-0.0026873605811934542,True,1.529998779296875,1.529998779296875,True
WSSEC:WS:XNYS:PNW,WS:XNYS:PNW,-0.010537764134105565,-0.010537764134105565,True,1.3899993896484375,1.3899993896484375,True
WSSEC:WS:XNYS:POR,WS:XNYS:POR,-0.003598687078795515,-0.003598687078795515,True,0.3899993896484375,0.3899993896484375,True
WSSEC:WS:XNYS:POST,WS:XNYS:POST,-0.017108496327737366,-0.017108496327737366,True,2.910003662109375,2.910003662109375,True
WSSEC:WS:XNYS:PPG,WS:XNYS:PPG,-0.00820892983647048,-0.00820892983647048,True,2.0,2.0,True
WSSEC:WS:XNYS:PPL,WS:XNYS:PPL,-0.008682191833969233,-0.008682191833969233,True,0.4799995422363281,0.4799995422363281,True
WSSEC:WS:XNYS:PR,WS:XNYS:PR,-0.03471005745091571,-0.03471005745091571,True,0.8400001525878906,0.8400001525878906,True
WSSEC:WS:XNYS:PRI,WS:XNYS:PRI,-0.017481629224285977,-0.017481629224285977,True,7.550018310546875,7.550018310546875,True
WSSEC:WS:XNYS:PSN,WS:XNYS:PSN,0.011378896468162258,0.011378896468162258,True,1.0300025939941406,1.0300025939941406,True
WSSEC:WS:XNYS:PSX,WS:XNYS:PSX,-0.002378414858899669,-0.002378414858899669,True,7.83001708984375,7.83001708984375,True
WSSEC:WS:XNYS:PVH,WS:XNYS:PVH,0.0006817048779552692,0.0006817048779552692,True,1.44000244140625,1.44000244140625,True
WSSEC:WS:XNYS:PWR,WS:XNYS:PWR,0.013545401252542444,0.013545401252542444,True,24.280029296875,24.280029296875,True
WSSEC:WS:XNYS:R,WS:XNYS:R,-0.005869011217775388,-0.005869011217775388,True,5.19000244140625,5.19000244140625,True
WSSEC:WS:XNYS:RBA,WS:XNYS:RBA,0.00600961560504687,0.00600961560504687,True,1.279998779296875,1.279998779296875,True
WSSEC:WS:XNYS:RBC,WS:XNYS:RBC,-0.016865954855840526,-0.016865954855840526,True,13.9000244140625,13.9000244140625,True
WSSEC:WS:XNYS:RF,WS:XNYS:RF,-0.004746227223930921,-0.004746227223930921,True,0.43000030517578125,0.43000030517578125,True
WSSEC:WS:XNYS:RGA,WS:XNYS:RGA,-0.0022386348476269857,-0.0022386348476269857,True,3.649993896484375,3.649993896484375,True
WSSEC:WS:XNYS:RH,WS:XNYS:RH,0.005215710668087015,0.005215710668087015,True,3.9200057983398438,3.9200057983398438,True
WSSEC:WS:XNYS:RJF,WS:XNYS:RJF,0.0033495468217636937,0.0033495468217636937,True,3.510009765625,3.510009765625,True
WSSEC:WS:XNYS:RL,WS:XNYS:RL,0.04264078015470307,0.04264078015470307,True,17.170013427734375,17.170013427734375,True
WSSEC:WS:XNYS:RLI,WS:XNYS:RLI,-0.00538810739371709,-0.00538810739371709,True,0.8500022888183594,0.8500022888183594,True
WSSEC:WS:XNYS:RMD,WS:XNYS:RMD,-0.0018443709243400885,-0.0018443709243400885,True,4.1100006103515625,4.1100006103515625,True
WSSEC:WS:XNYS:RNR,WS:XNYS:RNR,-0.002537254171724679,-0.002537254171724679,True,5.529998779296875,5.529998779296875,True
WSSEC:WS:XNYS:ROK,WS:XNYS:ROK,9.2351465709406e-05,9.2351465709406e-05,True,8.45001220703125,8.45001220703125,True
WSSEC:WS:XNYS:ROL,WS:XNYS:ROL,-0.0643275454590605,-0.0643275454590605,True,2.3700008392333984,2.3700008392333984,True
WSSEC:WS:XNYS:ROP,WS:XNYS:ROP,-0.0063871504297751125,-0.0063871504297751125,True,10.84002685546875,10.84002685546875,True
WSSEC:WS:XNYS:RPM,WS:XNYS:RPM,0.006506042205744134,0.006506042205744134,True,2.3799972534179688,2.3799972534179688,True
WSSEC:WS:XNYS:RRC,WS:XNYS:RRC,-0.016129005047725853,-0.016129005047725853,True,1.2700004577636719,1.2700004577636719,True
WSSEC:WS:XNYS:RRX,WS:XNYS:RRX,0.018101942725690767,0.018101942725690767,True,3.779998779296875,3.779998779296875,True
WSSEC:WS:XNYS:RS,WS:XNYS:RS,-0.014097142345359859,-0.014097142345359859,True,11.449981689453125,11.449981689453125,True
WSSEC:WS:XNYS:RSG,WS:XNYS:RSG,-0.0017832232375812884,-0.0017832232375812884,True,3.3499908447265625,3.3499908447265625,True
WSSEC:WS:XNYS:RTX,WS:XNYS:RTX,-0.018627409259470373,-0.018627409259470373,True,4.7700042724609375,4.7700042724609375,True
WSSEC:WS:XNYS:RYAN,WS:XNYS:RYAN,-0.005214777305327045,-0.005214777305327045,True,0.625,0.625,True
WSSEC:WS:XNYS:SAM,WS:XNYS:SAM,-0.0009909274376441735,-0.0009909274376441735,True,6.4900054931640625,6.4900054931640625,True
WSSEC:WS:XNYS:SARO,WS:XNYS:SARO,0.02600896607844483,0.02600896607844483,True,0.5799999237060547,0.5799999237060547,True
WSSEC:WS:XNYS:SCHW,WS:XNYS:SCHW,-0.00010052398221571668,-0.00010052398221571668,True,1.94000244140625,1.94000244140625,True
WSSEC:WS:XNYS:SCI,WS:XNYS:SCI,-0.0025720752590300267,-0.0025720752590300267,True,1.089996337890625,1.089996337890625,True
WSSEC:WS:XNYS:SF,WS:XNYS:SF,-0.0009236006594357526,-0.0009236006594357526,True,1.4199981689453125,1.4199981689453125,True
WSSEC:WS:XNYS:SGI,WS:XNYS:SGI,0.0,0.0,True,1.9799957275390625,1.9799957275390625,True
WSSEC:WS:XNYS:SHW,WS:XNYS:SHW,-0.018562757205204505,-0.018562757205204505,True,9.889984130859375,9.889984130859375,True
WSSEC:WS:XNYS:SJM,WS:XNYS:SJM,-0.006126950229249584,-0.006126950229249584,True,2.5500030517578125,2.5500030517578125,True
WSSEC:WS:XNYS:SLGN,WS:XNYS:SLGN,-0.002688853934220803,-0.002688853934220803,True,0.7599983215332031,0.7599983215332031,True
WSSEC:WS:XNYS:SMG,WS:XNYS:SMG,-0.017952682017738808,-0.017952682017738808,True,1.5799980163574219,1.5799980163574219,True
WSSEC:WS:XNYS:SN,WS:XNYS:SN,0.010558069381598756,0.010558069381598756,True,3.790008544921875,3.790008544921875,True
WSSEC:WS:XNYS:SNA,WS:XNYS:SNA,-0.0068602526534014,-0.0068602526534014,True,3.6500244140625,3.6500244140625,True
WSSEC:WS:XNYS:SNX,WS:XNYS:SNX,0.050458342692355274,0.050458342692355274,True,13.769989013671875,13.769989013671875,True
WSSEC:WS:XNYS:SO,WS:XNYS:SO,-0.006948626124026358,-0.006948626124026358,True,1.1400070190429688,1.1400070190429688,True
WSSEC:WS:XNYS:SOLV,WS:XNYS:SOLV,0.0024894600483318374,0.0024894600483318374,True,0.9150009155273438,0.9150009155273438,True
WSSEC:WS:XNYS:SON,WS:XNYS:SON,0.008394755244290897,0.008394755244290897,True,1.0699996948242188,1.0699996948242188,True
WSSEC:WS:XNYS:SPGI,WS:XNYS:SPGI,-0.00799507995079951,-0.00799507995079951,True,9.280029296875,9.280029296875,True
WSSEC:WS:XNYS:SPXC,WS:XNYS:SPXC,-0.0031908555725470578,-0.0031908555725470578,True,5.910003662109375,5.910003662109375,True
WSSEC:WS:XNYS:SR,WS:XNYS:SR,0.006689369643330778,0.006689369643330778,True,1.75,1.75,True
WSSEC:WS:XNYS:SSB,WS:XNYS:SSB,-0.00319027284673179,-0.00319027284673179,True,1.25,1.25,True
WSSEC:WS:XNYS:SSD,WS:XNYS:SSD,0.015009095300733133,0.015009095300733133,True,3.8199920654296875,3.8199920654296875,True
WSSEC:WS:XNYS:ST,WS:XNYS:ST,-0.002622183750917606,-0.002622183750917606,True,0.8199996948242188,0.8199996948242188,True
WSSEC:WS:XNYS:STT,WS:XNYS:STT,0.006335089797063542,0.006335089797063542,True,3.0800018310546875,3.0800018310546875,True
WSSEC:WS:XNYS:STZ,WS:XNYS:STZ,-0.020245351432872538,-0.020245351432872538,True,3.8199996948242188,3.8199996948242188,True
WSSEC:WS:XNYS:SWK,WS:XNYS:SWK,-0.01732785451469998,-0.01732785451469998,True,2.6100006103515625,2.6100006103515625,True
WSSEC:WS:XNYS:SWX,WS:XNYS:SWX,-0.013977833075954238,-0.013977833075954238,True,1.8499984741210938,1.8499984741210938,True
WSSEC:WS:XNYS:SYF,WS:XNYS:SYF,0.012452312234517704,0.012452312234517704,True,1.4799957275390625,1.4799957275390625,True
WSSEC:WS:XNYS:SYK,WS:XNYS:SYK,-0.01335038031444269,-0.01335038031444269,True,5.97998046875,5.97998046875,True
WSSEC:WS:XNYS:SYY,WS:XNYS:SYY,0.01361165491399663,0.01361165491399663,True,1.6100006103515625,1.6100006103515625,True
WSSEC:WS:XNYS:T,WS:XNYS:T,0.005928914245150629,0.005928914245150629,True,0.5100002288818359,0.5100002288818359,True
WSSEC:WS:XNYS:TAP,WS:XNYS:TAP,-0.0073730329229634295,-0.0073730329229634295,True,1.0200004577636719,1.0200004577636719,True
WSSEC:WS:XNYS:TDG,WS:XNYS:TDG,0.0,0.0,True,18.2000732421875,18.2000732421875,True
WSSEC:WS:XNYS:TDY,WS:XNYS:TDY,-0.014539841299745615,-0.014539841299745615,True,13.8399658203125,13.8399658203125,True
WSSEC:WS:XNYS:TEX,WS:XNYS:TEX,-0.002032566814382797,-0.002032566814382797,True,1.0699996948242188,1.0699996948242188,True
WSSEC:WS:XNYS:TFC,WS:XNYS:TFC,0.003829793727144315,0.003829793727144315,True,0.7000007629394531,0.7000007629394531,True
WSSEC:WS:XNYS:TGT,WS:XNYS:TGT,-0.0007039588776304173,-0.0007039588776304173,True,3.410003662109375,3.410003662109375,True
WSSEC:WS:XNYS:THC,WS:XNYS:THC,-0.003893236580372439,-0.003893236580372439,True,5.55999755859375,5.55999755859375,True
WSSEC:WS:XNYS:THG,WS:XNYS:THG,-0.018037001842251654,-0.018037001842251654,True,5.6399993896484375,5.6399993896484375,True
WSSEC:WS:XNYS:THO,WS:XNYS:THO,0.03202015502182931,0.03202015502182931,True,2.7300033569335938,2.7300033569335938,True
WSSEC:WS:XNYS:TJX,WS:XNYS:TJX,0.00030403941055778816,0.00030403941055778816,True,2.2400054931640625,2.2400054931640625,True
WSSEC:WS:XNYS:TKO,WS:XNYS:TKO,-0.021260864361810516,-0.021260864361810516,True,9.080001831054688,9.080001831054688,True
WSSEC:WS:XNYS:TKR,WS:XNYS:TKR,-0.019634651389293656,-0.019634651389293656,True,3.779998779296875,3.779998779296875,True
WSSEC:WS:XNYS:TMO,WS:XNYS:TMO,0.019675375162553133,0.019675375162553133,True,27.02996826171875,27.02996826171875,True
WSSEC:WS:XNYS:TNL,WS:XNYS:TNL,-0.001741894025235835,-0.001741894025235835,True,1.0,1.0,True
WSSEC:WS:XNYS:TOL,WS:XNYS:TOL,0.018337610748352606,0.018337610748352606,True,4.1800079345703125,4.1800079345703125,True
WSSEC:WS:XNYS:TOST,WS:XNYS:TOST,0.0020174669268373524,0.0020174669268373524,True,0.707000732421875,0.707000732421875,True
WSSEC:WS:XNYS:TPL,WS:XNYS:TPL,0.0074760524174459775,0.0074760524174459775,True,8.540008544921875,8.540008544921875,True
WSSEC:WS:XNYS:TPR,WS:XNYS:TPR,0.014568822543020499,0.014568822543020499,True,2.4800033569335938,2.4800033569335938,True
WSSEC:WS:XNYS:TREX,WS:XNYS:TREX,0.0049192528912036515,0.0049192528912036515,True,0.9099998474121094,0.9099998474121094,True
WSSEC:WS:XNYS:TRGP,WS:XNYS:TRGP,0.0004946260769196353,0.0004946260769196353,True,4.389984130859375,4.389984130859375,True
WSSEC:WS:XNYS:TRU,WS:XNYS:TRU,-0.014082516067496442,-0.014082516067496442,True,1.7300033569335938,1.7300033569335938,True
WSSEC:WS:XNYS:TRV,WS:XNYS:TRV,0.005549543324475881,0.005549543324475881,True,6.0999755859375,6.0999755859375,True
WSSEC:WS:XNYS:TSN,WS:XNYS:TSN,-0.00428351281325301,-0.00428351281325301,True,0.8500022888183594,0.8500022888183594,True
WSSEC:WS:XNYS:TTC,WS:XNYS:TTC,-0.0010696168189757715,-0.0010696168189757715,True,1.160003662109375,1.160003662109375,True
WSSEC:WS:XNYS:TWLO,WS:XNYS:TWLO,0.09112533445871907,0.09112533445871907,True,22.6400146484375,22.6400146484375,True
WSSEC:WS:XNYS:TXNM,WS:XNYS:TXNM,0.0022245220939451915,0.0022245220939451915,True,0.34999847412109375,0.34999847412109375,True
WSSEC:WS:XNYS:TXT,WS:XNYS:TXT,-0.010285131371403855,-0.010285131371403855,True,1.2299957275390625,1.2299957275390625,True
WSSEC:WS:XNYS:TYL,WS:XNYS:TYL,-0.01708114364608382,-0.01708114364608382,True,12.3699951171875,12.3699951171875,True
WSSEC:WS:XNYS:UBER,WS:XNYS:UBER,-0.002880970232172264,-0.002880970232172264,True,1.154998779296875,1.154998779296875,True
WSSEC:WS:XNYS:UGI,WS:XNYS:UGI,-0.011417958229368641,-0.011417958229368641,True,0.6800003051757812,0.6800003051757812,True
WSSEC:WS:XNYS:UHS,WS:XNYS:UHS,-0.024257091963667987,-0.024257091963667987,True,8.210006713867188,8.210006713867188,True
WSSEC:WS:XNYS:ULS,WS:XNYS:ULS,0.0357645003777165,0.0357645003777165,True,3.25,3.25,True
WSSEC:WS:XNYS:UNH,WS:XNYS:UNH,0.010019125575939203,0.010019125575939203,True,6.779998779296875,6.779998779296875,True
WSSEC:WS:XNYS:UNM,WS:XNYS:UNM,-0.01712369829820981,-0.01712369829820981,True,2.589996337890625,2.589996337890625,True
WSSEC:WS:XNYS:UNP,WS:XNYS:UNP,-0.0052988475358271,-0.0052988475358271,True,3.899993896484375,3.899993896484375,True
WSSEC:WS:XNYS:UPS,WS:XNYS:UPS,-0.039344569558269815,-0.039344569558269815,True,4.19000244140625,4.19000244140625,True
WSSEC:WS:XNYS:URI,WS:XNYS:URI,-0.010000104091973827,-0.010000104091973827,True,25.78997802734375,25.78997802734375,True
WSSEC:WS:XNYS:USB,WS:XNYS:USB,-0.0013679551467787876,-0.0013679551467787876,True,0.8400001525878906,0.8400001525878906,True
WSSEC:WS:XNYS:USFD,WS:XNYS:USFD,0.008563509606487552,0.008563509606487552,True,2.3349990844726562,2.3349990844726562,True
WSSEC:WS:XNYS:V,WS:XNYS:V,0.017869058887396427,0.017869058887396427,True,6.69000244140625,6.69000244140625,True
WSSEC:WS:XNYS:VAL,WS:XNYS:VAL,-0.02351959372564294,-0.02351959372564294,True,2.7900009155273438,2.7900009155273438,True
WSSEC:WS:XNYS:VEEV,WS:XNYS:VEEV,0.01510617299313255,0.01510617299313255,True,5.55999755859375,5.55999755859375,True
WSSEC:WS:XNYS:VFC,WS:XNYS:VFC,0.020328399504089267,0.020328399504089267,True,0.34999942779541016,0.34999942779541016,True
WSSEC:WS:XNYS:VLO,WS:XNYS:VLO,0.018678131870139447,0.018678131870139447,True,19.829986572265625,19.829986572265625,True
WSSEC:WS:XNYS:VLTO,WS:XNYS:VLTO,0.0033375021275650063,0.0033375021275650063,True,2.0399932861328125,2.0399932861328125,True
WSSEC:WS:XNYS:VMC,WS:XNYS:VMC,-0.011047450964281835,-0.011047450964281835,True,3.9499969482421875,3.9499969482421875,True
WSSEC:WS:XNYS:VMI,WS:XNYS:VMI,-0.01156670441285812,-0.01156670441285812,True,16.540008544921875,16.540008544921875,True
WSSEC:WS:XNYS:VNT,WS:XNYS:VNT,-0.003826557299038691,-0.003826557299038691,True,0.8199996948242188,0.8199996948242188,True
WSSEC:WS:XNYS:VOYA,WS:XNYS:VOYA,-0.010239252915744013,-0.010239252915744013,True,2.1199951171875,2.1199951171875,True
WSSEC:WS:XNYS:VRT,WS:XNYS:VRT,-0.013988245617069572,-0.013988245617069572,True,9.779998779296875,9.779998779296875,True
WSSEC:WS:XNYS:VST,WS:XNYS:VST,-0.00021742972408100858,-0.00021742972408100858,True,3.1500091552734375,3.1500091552734375,True
WSSEC:WS:XNYS:VVV,WS:XNYS:VVV,-0.00523166623508986,-0.00523166623508986,True,0.6200008392333984,0.6200008392333984,True
WSSEC:WS:XNYS:WAB,WS:XNYS:WAB,-0.006809904270967504,-0.006809904270967504,True,4.8699951171875,4.8699951171875,True
WSSEC:WS:XNYS:WAL,WS:XNYS:WAL,0.001400567978982803,0.001400567978982803,True,1.3700027465820312,1.3700027465820312,True
WSSEC:WS:XNYS:WAT,WS:XNYS:WAT,0.023135221959014185,0.023135221959014185,True,18.339996337890625,18.339996337890625,True
WSSEC:WS:XNYS:WCC,WS:XNYS:WCC,0.032427731686859085,0.032427731686859085,True,12.779998779296875,12.779998779296875,True
WSSEC:WS:XNYS:WEC,WS:XNYS:WEC,-0.0026687421958389024,-0.0026687421958389024,True,1.3199996948242188,1.3199996948242188,True
WSSEC:WS:XNYS:WEX,WS:XNYS:WEX,-0.032339771290806674,-0.032339771290806674,True,7.8600006103515625,7.8600006103515625,True
WSSEC:WS:XNYS:WFC,WS:XNYS:WFC,0.0034187884503078525,0.0034187884503078525,True,1.5900039672851562,1.5900039672851562,True
WSSEC:WS:XNYS:WH,WS:XNYS:WH,-0.013370497580923568,-0.013370497580923568,True,2.6199951171875,2.6199951171875,True
WSSEC:WS:XNYS:WHR,WS:XNYS:WHR,0.02095715016215438,0.02095715016215438,True,1.8299980163574219,1.8299980163574219,True
WSSEC:WS:XNYS:WLK,WS:XNYS:WLK,-0.018821529716254393,-0.018821529716254393,True,1.6800003051757812,1.6800003051757812,True
WSSEC:WS:XNYS:WM,WS:XNYS:WM,0.00038484620538548064,0.00038484620538548064,True,2.6500091552734375,2.6500091552734375,True
WSSEC:WS:XNYS:WMB,WS:XNYS:WMB,-0.007453224226519284,-0.007453224226519284,True,1.1599960327148438,1.1599960327148438,True
WSSEC:WS:XNYS:WMS,WS:XNYS:WMS,0.006584642455893963,0.006584642455893963,True,2.7949981689453125,2.7949981689453125,True
WSSEC:WS:XNYS:WRB,WS:XNYS:WRB,-0.005615446485889741,-0.005615446485889741,True,1.2099990844726562,1.2099990844726562,True
WSSEC:WS:XNYS:WSM,WS:XNYS:WSM,0.00364307520688234,0.00364307520688234,True,4.0200042724609375,4.0200042724609375,True
WSSEC:WS:XNYS:WSO,WS:XNYS:WSO,0.018988400539972305,0.018988400539972305,True,12.1300048828125,12.1300048828125,True
WSSEC:WS:XNYS:WST,WS:XNYS:WST,-0.006039292955438369,-0.006039292955438369,True,12.0,12.0,True
WSSEC:WS:XNYS:WTRG,WS:XNYS:WTRG,-0.013645257329395921,-0.013645257329395921,True,0.8199996948242188,0.8199996948242188,True
WSSEC:WS:XNYS:WTS,WS:XNYS:WTS,-0.00011409497662706602,-0.00011409497662706602,True,4.220001220703125,4.220001220703125,True
WSSEC:WS:XNYS:XPO,WS:XNYS:XPO,0.000516478266230358,0.000516478266230358,True,5.82000732421875,5.82000732421875,True
WSSEC:WS:XNYS:XYL,WS:XNYS:XYL,-0.055044143603970364,-0.055044143603970364,True,6.3899993896484375,6.3899993896484375,True
WSSEC:WS:XNYS:XYZ,WS:XNYS:XYZ,0.02758432713143666,0.02758432713143666,True,2.404998779296875,2.404998779296875,True
WSSEC:WS:XNYS:YETI,WS:XNYS:YETI,0.013740863388647773,0.013740863388647773,True,1.7599983215332031,1.7599983215332031,True
WSSEC:WS:XNYS:YUM,WS:XNYS:YUM,-0.02339478369259429,-0.02339478369259429,True,3.3800048828125,3.3800048828125,True
WSSEC:WS:XNYS:ZBH,WS:XNYS:ZBH,-0.013094133450438306,-0.013094133450438306,True,3.4900054931640625,3.4900054931640625,True
WSSEC:WS:XNYS:ZTS,WS:XNYS:ZTS,-0.018712525567154525,-0.018712525567154525,True,2.4499969482421875,2.4499969482421875,True
WSSEC:WS:XSHE:000001,WS:XSHE:000001,-0.025862084557694898,-0.025862084557694898,True,0.3100004196166992,0.3100004196166992,True
WSSEC:WS:XSHE:000002,WS:XSHE:000002,-0.04081634763179798,-0.04081634763179798,True,0.25999999046325684,0.25999999046325684,True
WSSEC:WS:XSHE:000063,WS:XSHE:000063,-0.011152376599029457,-0.011152376599029457,True,0.39999961853027344,0.39999961853027344,True
WSSEC:WS:XSHE:000100,WS:XSHE:000100,-0.012170374212722934,-0.012170374212722934,True,0.07000017166137695,0.07000017166137695,True
WSSEC:WS:XSHE:000157,WS:XSHE:000157,-0.00983605634714435,-0.00983605634714435,True,0.059999942779541016,0.059999942779541016,True
WSSEC:WS:XSHE:000166,WS:XSHE:000166,-0.017897075494633263,-0.017897075494633263,True,0.08999967575073242,0.08999967575073242,True
WSSEC:WS:XSHE:000301,WS:XSHE:000301,-0.02694828098288604,-0.02694828098288604,True,0.3899993896484375,0.3899993896484375,True
WSSEC:WS:XSHE:000333,WS:XSHE:000333,0.002182615526997056,0.002182615526997056,True,1.0,1.0,True
WSSEC:WS:XSHE:000338,WS:XSHE:000338,-0.022788727945037723,-0.022788727945037723,True,0.6299991607666016,0.6299991607666016,True
WSSEC:WS:XSHE:000408,WS:XSHE:000408,-0.0323628901696722,-0.0323628901696722,True,2.5499954223632812,2.5499954223632812,True
WSSEC:WS:XSHE:000425,WS:XSHE:000425,-0.008298747250519378,-0.008298747250519378,True,0.1399998664855957,0.1399998664855957,True
WSSEC:WS:XSHE:000538,WS:XSHE:000538,-0.02901093576245961,-0.02901093576245961,True,1.5499992370605469,1.5499992370605469,True
WSSEC:WS:XSHE:000568,WS:XSHE:000568,-0.020246832230134126,-0.020246832230134126,True,1.6500015258789062,1.6500015258789062,True
WSSEC:WS:XSHE:000596,WS:XSHE:000596,-0.053099165574407525,-0.053099165574407525,True,5.3000030517578125,5.3000030517578125,True
WSSEC:WS:XSHE:000617,WS:XSHE:000617,-0.01185184054904509,-0.01185184054904509,True,0.12000036239624023,0.12000036239624023,True
WSSEC:WS:XSHE:000625,WS:XSHE:000625,-0.012640404100746072,-0.012640404100746072,True,0.08999967575073242,0.08999967575073242,True
WSSEC:WS:XSHE:000630,WS:XSHE:000630,-0.03758170316574694,-0.03758170316574694,True,0.23999977111816406,0.23999977111816406,True
WSSEC:WS:XSHE:000651,WS:XSHE:000651,0.003649619067280785,0.003649619067280785,True,0.5,0.5,True
WSSEC:WS:XSHE:000657,WS:XSHE:000657,-0.03346855218632905,-0.03346855218632905,True,2.1599998474121094,2.1599998474121094,True
WSSEC:WS:XSHE:000708,WS:XSHE:000708,-0.0030864168005625414,-0.0030864168005625414,True,0.11999988555908203,0.11999988555908203,True
WSSEC:WS:XSHE:000725,WS:XSHE:000725,-0.028239215420691965,-0.028239215420691965,True,0.20000028610229492,0.20000028610229492,True
WSSEC:WS:XSHE:000768,WS:XSHE:000768,-0.026860357886143604,-0.026860357886143604,True,0.7100009918212891,0.7100009918212891,True
WSSEC:WS:XSHE:000776,WS:XSHE:000776,-0.022083489493878727,-0.022083489493878727,True,0.5699996948242188,0.5699996948242188,True
WSSEC:WS:XSHE:000792,WS:XSHE:000792,-0.03186269582853185,-0.03186269582853185,True,0.779998779296875,0.779998779296875,True
WSSEC:WS:XSHE:000807,WS:XSHE:000807,-0.0206922211677667,-0.0206922211677667,True,0.6800003051757812,0.6800003051757812,True
WSSEC:WS:XSHE:000858,WS:XSHE:000858,-0.009525137956033713,-0.009525137956033713,True,0.7599945068359375,0.7599945068359375,True
WSSEC:WS:XSHE:000895,WS:XSHE:000895,-0.006429473597119761,-0.006429473597119761,True,0.2199993133544922,0.2199993133544922,True
WSSEC:WS:XSHE:000938,WS:XSHE:000938,-0.007724252011640842,-0.007724252011640842,True,0.6699981689453125,0.6699981689453125,True
WSSEC:WS:XSHE:000963,WS:XSHE:000963,-0.016603793738023342,-0.016603793738023342,True,0.4900016784667969,0.4900016784667969,True
WSSEC:WS:XSHE:000975,WS:XSHE:000975,-0.045716663054383044,-0.045716663054383044,True,1.3400001525878906,1.3400001525878906,True
WSSEC:WS:XSHE:000977,WS:XSHE:000977,-0.01922260673097398,-0.01922260673097398,True,1.4799957275390625,1.4799957275390625,True
WSSEC:WS:XSHE:000988,WS:XSHE:000988,-0.029794419248115434,-0.029794419248115434,True,3.30999755859375,3.30999755859375,True
WSSEC:WS:XSHE:000999,WS:XSHE:000999,-0.015572425743651253,-0.015572425743651253,True,0.45999908447265625,0.45999908447265625,True
WSSEC:WS:XSHE:001965,WS:XSHE:001965,0.0020284440628888234,0.0020284440628888234,True,0.17999935150146484,0.17999935150146484,True
WSSEC:WS:XSHE:001979,WS:XSHE:001979,-0.00965519609122445,-0.00965519609122445,True,0.26000022888183594,0.26000022888183594,True
WSSEC:WS:XSHE:002001,WS:XSHE:002001,-0.024297622852730294,-0.024297622852730294,True,0.6999988555908203,0.6999988555908203,True
WSSEC:WS:XSHE:002027,WS:XSHE:002027,-0.018947400544819026,-0.018947400544819026,True,0.12000036239624023,0.12000036239624023,True
WSSEC:WS:XSHE:002028,WS:XSHE:002028,-0.025980059126621824,-0.025980059126621824,True,4.5099945068359375,4.5099945068359375,True
WSSEC:WS:XSHE:002049,WS:XSHE:002049,-0.012546854671095953,-0.012546854671095953,True,0.8400001525878906,0.8400001525878906,True
WSSEC:WS:XSHE:002050,WS:XSHE:002050,0.002500698760504294,0.002500698760504294,True,1.3199996948242188,1.3199996948242188,True
WSSEC:WS:XSHE:002074,WS:XSHE:002074,-0.01906159987811984,-0.01906159987811984,True,0.6200008392333984,0.6200008392333984,True
WSSEC:WS:XSHE:002142,WS:XSHE:002142,0.005472310484703868,0.005472310484703868,True,0.48999786376953125,0.48999786376953125,True
WSSEC:WS:XSHE:002179,WS:XSHE:002179,-0.015242990288156122,-0.015242990288156122,True,0.6499977111816406,0.6499977111816406,True
WSSEC:WS:XSHE:002202,WS:XSHE:002202,0.003925950371494347,0.003925950371494347,True,0.39999961853027344,0.39999961853027344,True
WSSEC:WS:XSHE:002230,WS:XSHE:002230,-0.010330617594738856,-0.010330617594738856,True,0.5200004577636719,0.5200004577636719,True
WSSEC:WS:XSHE:002236,WS:XSHE:002236,-0.019558385624969588,-0.019558385624969588,True,0.3400001525878906,0.3400001525878906,True
WSSEC:WS:XSHE:002241,WS:XSHE:002241,-0.020858904415859136,-0.020858904415859136,True,0.6800003051757812,0.6800003051757812,True
WSSEC:WS:XSHE:002304,WS:XSHE:002304,-0.0147251532098025,-0.0147251532098025,True,0.5900001525878906,0.5900001525878906,True
WSSEC:WS:XSHE:002311,WS:XSHE:002311,-0.008204637158669037,-0.008204637158669037,True,0.5400009155273438,0.5400009155273438,True
WSSEC:WS:XSHE:002352,WS:XSHE:002352,-0.011330478505557462,-0.011330478505557462,True,0.4699993133544922,0.4699993133544922,True
WSSEC:WS:XSHE:002353,WS:XSHE:002353,-0.007018142079128875,-0.007018142079128875,True,4.649993896484375,4.649993896484375,True
WSSEC:WS:XSHE:002371,WS:XSHE:002371,-0.02258478830215116,-0.02258478830215116,True,15.09002685546875,15.09002685546875,True
WSSEC:WS:XSHE:002384,WS:XSHE:002384,-0.03632121506132613,-0.03632121506132613,True,8.05999755859375,8.05999755859375,True
WSSEC:WS:XSHE:002415,WS:XSHE:002415,-0.014497116683418576,-0.014497116683418576,True,0.5100021362304688,0.5100021362304688,True
WSSEC:WS:XSHE:002422,WS:XSHE:002422,-0.06810551800065956,-0.06810551800065956,True,3.1000022888183594,3.1000022888183594,True
WSSEC:WS:XSHE:002460,WS:XSHE:002460,-0.040632517542748436,-0.040632517542748436,True,1.8600006103515625,1.8600006103515625,True
WSSEC:WS:XSHE:002463,WS:XSHE:002463,-0.031615947375405073,-0.031615947375405073,True,4.8000030517578125,4.8000030517578125,True
WSSEC:WS:XSHE:002466,WS:XSHE:002466,-0.035832077055089506,-0.035832077055089506,True,1.5199966430664062,1.5199966430664062,True
WSSEC:WS:XSHE:002475,WS:XSHE:002475,-0.043590196403239245,-0.043590196403239245,True,2.479999542236328,2.479999542236328,True
WSSEC:WS:XSHE:002493,WS:XSHE:002493,-0.03247236368000039,-0.03247236368000039,True,0.4700002670288086,0.4700002670288086,True
WSSEC:WS:XSHE:002532,WS:XSHE:002532,-0.024174068849599828,-0.024174068849599828,True,0.36999988555908203,0.36999988555908203,True
WSSEC:WS:XSHE:002558,WS:XSHE:002558,0.0008474770101858375,0.0008474770101858375,True,0.5499992370605469,0.5499992370605469,True
WSSEC:WS:XSHE:002594,WS:XSHE:002594,-0.017588842901210433,-0.017588842901210433,True,1.7899932861328125,1.7899932861328125,True
WSSEC:WS:XSHE:002600,WS:XSHE:002600,-0.01131773198205055,-0.01131773198205055,True,0.19999980926513672,0.19999980926513672,True
WSSEC:WS:XSHE:002602,WS:XSHE:002602,-0.0076708932483317005,-0.0076708932483317005,True,0.26999950408935547,0.26999950408935547,True
WSSEC:WS:XSHE:002625,WS:XSHE:002625,-0.06021830635479475,-0.06021830635479475,True,1.760000228881836,1.760000228881836,True
WSSEC:WS:XSHE:002648,WS:XSHE:002648,-0.006711420851004624,-0.006711420851004624,True,0.3899993896484375,0.3899993896484375,True
WSSEC:WS:XSHE:002709,WS:XSHE:002709,-0.03288672103191048,-0.03288672103191048,True,1.1500015258789062,1.1500015258789062,True
WSSEC:WS:XSHE:002714,WS:XSHE:002714,-0.022222269317248466,-0.022222269317248466,True,0.9800033569335938,0.9800033569335938,True
WSSEC:WS:XSHE:002736,WS:XSHE:002736,-0.01402799559819079,-0.01402799559819079,True,0.19999980926513672,0.19999980926513672,True
WSSEC:WS:XSHE:002837,WS:XSHE:002837,-0.0657958984375,-0.0657958984375,True,4.25,4.25,True
WSSEC:WS:XSHE:002916,WS:XSHE:002916,-0.04887043313300987,-0.04887043313300987,True,23.600006103515625,23.600006103515625,True
WSSEC:WS:XSHE:002920,WS:XSHE:002920,-0.007544064982596521,-0.007544064982596521,True,1.9800033569335938,1.9800033569335938,True
WSSEC:WS:XSHE:002938,WS:XSHE:002938,-0.059530557372283965,-0.059530557372283965,True,5.510002136230469,5.510002136230469,True
WSSEC:WS:XSHE:003816,WS:XSHE:003816,0.002392399352277197,0.002392399352277197,True,0.07000017166137695,0.07000017166137695,True
WSSEC:WS:XSHE:300014,WS:XSHE:300014,-0.02238654725588829,-0.02238654725588829,True,1.2099990844726562,1.2099990844726562,True
WSSEC:WS:XSHE:300015,WS:XSHE:300015,-0.01248444177431518,-0.01248444177431518,True,0.12999963760375977,0.12999963760375977,True
WSSEC:WS:XSHE:300033,WS:XSHE:300033,-0.021759937209614777,-0.021759937209614777,True,4.7400054931640625,4.7400054931640625,True
WSSEC:WS:XSHE:300059,WS:XSHE:300059,-0.01983908522534994,-0.01983908522534994,True,0.3899993896484375,0.3899993896484375,True
WSSEC:WS:XSHE:300122,WS:XSHE:300122,-0.03199400036656863,-0.03199400036656863,True,0.4499998092651367,0.4499998092651367,True
WSSEC:WS:XSHE:300124,WS:XSHE:300124,-0.015933234695336473,-0.015933234695336473,True,0.9799995422363281,0.9799995422363281,True
WSSEC:WS:XSHE:300251,WS:XSHE:300251,-0.0036199059875642314,-0.0036199059875642314,True,0.13000011444091797,0.13000011444091797,True
WSSEC:WS:XSHE:300274,WS:XSHE:300274,-0.030173934024322335,-0.030173934024322335,True,2.75,2.75,True
WSSEC:WS:XSHE:300308,WS:XSHE:300308,-0.028878064659552893,-0.028878064659552893,True,40.72003173828125,40.72003173828125,True
WSSEC:WS:XSHE:300316,WS:XSHE:300316,-0.03782502371109453,-0.03782502371109453,True,1.7100028991699219,1.7100028991699219,True
WSSEC:WS:XSHE:300394,WS:XSHE:300394,-0.02712418804014538,-0.02712418804014538,True,10.17999267578125,10.17999267578125,True
WSSEC:WS:XSHE:300408,WS:XSHE:300408,-0.054371140105412,-0.054371140105412,True,8.629997253417969,8.629997253417969,True
WSSEC:WS:XSHE:300413,WS:XSHE:300413,-0.017071905070281335,-0.017071905070281335,True,0.7999992370605469,0.7999992370605469,True
WSSEC:WS:XSHE:300418,WS:XSHE:300418,-0.026119466387206858,-0.026119466387206858,True,1.3400001525878906,1.3400001525878906,True
WSSEC:WS:XSHE:300433,WS:XSHE:300433,-0.03437138519901983,-0.03437138519901983,True,1.1700019836425781,1.1700019836425781,True
WSSEC:WS:XSHE:300442,WS:XSHE:300442,0.019029132650757452,0.019029132650757452,True,2.4499969482421875,2.4499969482421875,True
WSSEC:WS:XSHE:300450,WS:XSHE:300450,-0.009256378848286229,-0.009256378848286229,True,1.0099983215332031,1.0099983215332031,True
WSSEC:WS:XSHE:300476,WS:XSHE:300476,-0.04752353853999691,-0.04752353853999691,True,11.69000244140625,11.69000244140625,True
WSSEC:WS:XSHE:300498,WS:XSHE:300498,-0.018931692609423845,-0.018931692609423845,True,0.3299999237060547,0.3299999237060547,True
WSSEC:WS:XSHE:300502,WS:XSHE:300502,-0.03590428140236379,-0.03590428140236379,True,17.8900146484375,17.8900146484375,True
WSSEC:WS:XSHE:300628,WS:XSHE:300628,-0.01348750884192973,-0.01348750884192973,True,0.8600006103515625,0.8600006103515625,True
WSSEC:WS:XSHE:300661,WS:XSHE:300661,-0.015516487903935783,-0.015516487903935783,True,4.2599945068359375,4.2599945068359375,True
WSSEC:WS:XSHE:300750,WS:XSHE:300750,-0.02491694352159468,-0.02491694352159468,True,9.0,9.0,True
WSSEC:WS:XSHE:300760,WS:XSHE:300760,-0.010292075353248387,-0.010292075353248387,True,2.6300048828125,2.6300048828125,True
WSSEC:WS:XSHE:300803,WS:XSHE:300803,-0.030042918454935674,-0.030042918454935674,True,1.7900009155273438,1.7900009155273438,True
WSSEC:WS:XSHE:300832,WS:XSHE:300832,-0.02432540211059131,-0.02432540211059131,True,1.4299964904785156,1.4299964904785156,True
WSSEC:WS:XSHE:300866,WS:XSHE:300866,-0.015656399276251953,-0.015656399276251953,True,3.5100021362304688,3.5100021362304688,True
WSSEC:WS:XSHE:300896,WS:XSHE:300896,-0.012945320088480372,-0.012945320088480372,True,2.3000030517578125,2.3000030517578125,True
WSSEC:WS:XSHE:300999,WS:XSHE:300999,-0.012469885988736995,-0.012469885988736995,True,0.3699989318847656,0.3699989318847656,True
WSSEC:WS:XSHE:301165,WS:XSHE:301165,-0.02154876169370412,-0.02154876169370412,True,3.089996337890625,3.089996337890625,True
WSSEC:WS:XSHE:301236,WS:XSHE:301236,-0.02811573042270943,-0.02811573042270943,True,1.1599998474121094,1.1599998474121094,True
WSSEC:WS:XSHE:301269,WS:XSHE:301269,-0.01948494326652561,-0.01948494326652561,True,2.2600021362304688,2.2600021362304688,True
WSSEC:WS:XSHE:301308,WS:XSHE:301308,-0.04112719938245124,-0.04112719938245124,True,14.230010986328125,14.230010986328125,True
WSSEC:WS:XSHG:600000,WS:XSHG:600000,0.002227222581649535,0.002227222581649535,True,0.07999992370605469,0.07999992370605469,True
WSSEC:WS:XSHG:600009,WS:XSHG:600009,-0.012747292990212933,-0.012747292990212933,True,0.3600006103515625,0.3600006103515625,True
WSSEC:WS:XSHG:600010,WS:XSHG:600010,-0.014150930664724504,-0.014150930664724504,True,0.039999961853027344,0.039999961853027344,True
WSSEC:WS:XSHG:600011,WS:XSHG:600011,-0.0029586474980016764,-0.0029586474980016764,True,0.059999942779541016,0.059999942779541016,True
WSSEC:WS:XSHG:600015,WS:XSHG:600015,0.0,0.0,True,0.05000019073486328,0.05000019073486328,True
WSSEC:WS:XSHG:600016,WS:XSHG:600016,-0.0028818416083016274,-0.0028818416083016274,True,0.039999961853027344,0.039999961853027344,True
WSSEC:WS:XSHG:600018,WS:XSHG:600018,-0.0037174684946251757,-0.0037174684946251757,True,0.04999971389770508,0.04999971389770508,True
WSSEC:WS:XSHG:600019,WS:XSHG:600019,0.015652200450067877,0.015652200450067877,True,0.1400003433227539,0.1400003433227539,True
WSSEC:WS:XSHG:600023,WS:XSHG:600023,0.01181101253556105,0.01181101253556105,True,0.09999990463256836,0.09999990463256836,True
WSSEC:WS:XSHG:600025,WS:XSHG:600025,0.015624959642690062,0.015624959642690062,True,0.23000049591064453,0.23000049591064453,True
WSSEC:WS:XSHG:600026,WS:XSHG:600026,0.015180251232560726,0.015180251232560726,True,0.5799999237060547,0.5799999237060547,True
WSSEC:WS:XSHG:600027,WS:XSHG:600027,0.006249944120647832,0.006249944120647832,True,0.1099996566772461,0.1099996566772461,True
WSSEC:WS:XSHG:600028,WS:XSHG:600028,0.005671117206934806,0.005671117206934806,True,0.07999992370605469,0.07999992370605469,True
WSSEC:WS:XSHG:600029,WS:XSHG:600029,-0.022132728635991472,-0.022132728635991472,True,0.11999988555908203,0.11999988555908203,True
WSSEC:WS:XSHG:600030,WS:XSHG:600030,-0.018663679839973524,-0.018663679839973524,True,0.5400009155273438,0.5400009155273438,True
WSSEC:WS:XSHG:600031,WS:XSHG:600031,-0.01770413831469031,-0.01770413831469031,True,0.39999961853027344,0.39999961853027344,True
WSSEC:WS:XSHG:600036,WS:XSHG:600036,0.002216752610108008,0.002216752610108008,True,0.55999755859375,0.55999755859375,True
WSSEC:WS:XSHG:600039,WS:XSHG:600039,-0.005773694181969824,-0.005773694181969824,True,0.17999935150146484,0.17999935150146484,True
WSSEC:WS:XSHG:600048,WS:XSHG:600048,-0.014184383971608927,-0.014184383971608927,True,0.1700000762939453,0.1700000762939453,True
WSSEC:WS:XSHG:600050,WS:XSHG:600050,-0.004796158407816775,-0.004796158407816775,True,0.039999961853027344,0.039999961853027344,True
WSSEC:WS:XSHG:600061,WS:XSHG:600061,-0.017460338124461794,-0.017460338124461794,True,0.12000036239624023,0.12000036239624023,True
WSSEC:WS:XSHG:600066,WS:XSHG:600066,0.030099018965617175,0.030099018965617175,True,0.9400005340576172,0.9400005340576172,True
WSSEC:WS:XSHG:600085,WS:XSHG:600085,-0.011435851367377459,-0.011435851367377459,True,0.3600006103515625,0.3600006103515625,True
WSSEC:WS:XSHG:600089,WS:XSHG:600089,-0.027086775399947527,-0.027086775399947527,True,0.5400009155273438,0.5400009155273438,True
WSSEC:WS:XSHG:600104,WS:XSHG:600104,-0.01379941307355026,-0.01379941307355026,True,0.2200002670288086,0.2200002670288086,True
WSSEC:WS:XSHG:600111,WS:XSHG:600111,-0.009620438622924832,-0.009620438622924832,True,0.48999786376953125,0.48999786376953125,True
WSSEC:WS:XSHG:600115,WS:XSHG:600115,-0.03179194575191846,-0.03179194575191846,True,0.1100001335144043,0.1100001335144043,True
WSSEC:WS:XSHG:600118,WS:XSHG:600118,0.0032917294298469013,0.0032917294298469013,True,2.490001678466797,2.490001678466797,True
WSSEC:WS:XSHG:600150,WS:XSHG:600150,-0.012956724488804361,-0.012956724488804361,True,0.8299980163574219,0.8299980163574219,True
WSSEC:WS:XSHG:600160,WS:XSHG:600160,-0.030813068184477266,-0.030813068184477266,True,1.0900001525878906,1.0900001525878906,True
WSSEC:WS:XSHG:600176,WS:XSHG:600176,-0.05611568650880683,-0.05611568650880683,True,2.5999984741210938,2.5999984741210938,True
WSSEC:WS:XSHG:600183,WS:XSHG:600183,-0.04339646024998223,-0.04339646024998223,True,6.55999755859375,6.55999755859375,True
WSSEC:WS:XSHG:600188,WS:XSHG:600188,-0.0005058284598020713,-0.0005058284598020713,True,0.37000083923339844,0.37000083923339844,True
WSSEC:WS:XSHG:600196,WS:XSHG:600196,-0.012537787233067088,-0.012537787233067088,True,0.43000030517578125,0.43000030517578125,True
WSSEC:WS:XSHG:600219,WS:XSHG:600219,-0.01705755282089849,-0.01705755282089849,True,0.07999992370605469,0.07999992370605469,True
WSSEC:WS:XSHG:600221,WS:XSHG:600221,-0.016129016752173708,-0.016129016752173708,True,0.039999961853027344,0.039999961853027344,True
WSSEC:WS:XSHG:600233,WS:XSHG:600233,0.00448430061781413,0.00448430061781413,True,0.5100002288818359,0.5100002288818359,True
WSSEC:WS:XSHG:600276,WS:XSHG:600276,-0.0157964280776437,-0.0157964280776437,True,1.1700019836425781,1.1700019836425781,True
WSSEC:WS:XSHG:600309,WS:XSHG:600309,-0.03002795491198229,-0.03002795491198229,True,2.3699951171875,2.3699951171875,True
WSSEC:WS:XSHG:600346,WS:XSHG:600346,-0.043246420529038376,-0.043246420529038376,True,0.7699985504150391,0.7699985504150391,True
WSSEC:WS:XSHG:600362,WS:XSHG:600362,-0.04826033104380134,-0.04826033104380134,True,2.229999542236328,2.229999542236328,True
WSSEC:WS:XSHG:600372,WS:XSHG:600372,-0.008748939527538191,-0.008748939527538191,True,0.20000076293945312,0.20000076293945312,True
WSSEC:WS:XSHG:600406,WS:XSHG:600406,-0.00491504500124218,-0.00491504500124218,True,0.31999969482421875,0.31999969482421875,True
WSSEC:WS:XSHG:600415,WS:XSHG:600415,0.00277518333086757,0.00277518333086757,True,0.28999996185302734,0.28999996185302734,True
WSSEC:WS:XSHG:600426,WS:XSHG:600426,-0.03287537310520394,-0.03287537310520394,True,0.7299995422363281,0.7299995422363281,True
WSSEC:WS:XSHG:600436,WS:XSHG:600436,-0.022481240487475795,-0.022481240487475795,True,3.2999954223632812,3.2999954223632812,True
WSSEC:WS:XSHG:600438,WS:XSHG:600438,-0.03972366504124769,-0.03972366504124769,True,0.4700002670288086,0.4700002670288086,True
WSSEC:WS:XSHG:600460,WS:XSHG:600460,-0.028214939112126025,-0.028214939112126025,True,0.9699974060058594,0.9699974060058594,True
WSSEC:WS:XSHG:600482,WS:XSHG:600482,-0.013820891119004641,-0.013820891119004641,True,0.8800010681152344,0.8800010681152344,True
WSSEC:WS:XSHG:600489,WS:XSHG:600489,-0.054700803425793865,-0.054700803425793865,True,1.3199996948242188,1.3199996948242188,True
WSSEC:WS:XSHG:600515,WS:XSHG:600515,-0.014652000576396595,-0.014652000576396595,True,0.04999995231628418,0.04999995231628418,True
WSSEC:WS:XSHG:600519,WS:XSHG:600519,-0.011380702619413263,-0.011380702619413263,True,25.0799560546875,25.0799560546875,True
WSSEC:WS:XSHG:600522,WS:XSHG:600522,-0.027389591270846503,-0.027389591270846503,True,1.279998779296875,1.279998779296875,True
WSSEC:WS:XSHG:600547,WS:XSHG:600547,-0.06013580963464504,-0.06013580963464504,True,1.960000991821289,1.960000991821289,True
WSSEC:WS:XSHG:600549,WS:XSHG:600549,-0.037158644890443515,-0.037158644890443515,True,1.8299980163574219,1.8299980163574219,True
WSSEC:WS:XSHG:600570,WS:XSHG:600570,-0.012871297973357176,-0.012871297973357176,True,0.4499988555908203,0.4499988555908203,True
WSSEC:WS:XSHG:600584,WS:XSHG:600584,-0.04232805525542804,-0.04232805525542804,True,3.0400009155273438,3.0400009155273438,True
WSSEC:WS:XSHG:600585,WS:XSHG:600585,-0.021387222439417375,-0.021387222439417375,True,0.4099998474121094,0.4099998474121094,True
WSSEC:WS:XSHG:600588,WS:XSHG:600588,-0.02105261150159332,-0.02105261150159332,True,0.3099994659423828,0.3099994659423828,True
WSSEC:WS:XSHG:600600,WS:XSHG:600600,-0.011296070256957558,-0.011296070256957558,True,0.7199974060058594,0.7199974060058594,True
WSSEC:WS:XSHG:600660,WS:XSHG:600660,-0.02472115307096956,-0.02472115307096956,True,1.8899993896484375,1.8899993896484375,True
WSSEC:WS:XSHG:600674,WS:XSHG:600674,0.013707241816879767,0.013707241816879767,True,0.2999992370605469,0.2999992370605469,True
WSSEC:WS:XSHG:600690,WS:XSHG:600690,-0.0029703649022181366,-0.0029703649022181366,True,0.3299999237060547,0.3299999237060547,True
WSSEC:WS:XSHG:600741,WS:XSHG:600741,-0.008097158436581542,-0.008097158436581542,True,0.19999980926513672,0.19999980926513672,True
WSSEC:WS:XSHG:600760,WS:XSHG:600760,-0.023820394921537313,-0.023820394921537313,True,1.3700027465820312,1.3700027465820312,True
WSSEC:WS:XSHG:600795,WS:XSHG:600795,0.023437478172126713,0.023437478172126713,True,0.1700000762939453,0.1700000762939453,True
WSSEC:WS:XSHG:600809,WS:XSHG:600809,-0.0249934096696538,-0.0249934096696538,True,3.029998779296875,3.029998779296875,True
WSSEC:WS:XSHG:600845,WS:XSHG:600845,-0.004362045967309713,-0.004362045967309713,True,0.2700004577636719,0.2700004577636719,True
WSSEC:WS:XSHG:600875,WS:XSHG:600875,-0.013019717467268488,-0.013019717467268488,True,0.470001220703125,0.470001220703125,True
WSSEC:WS:XSHG:600886,WS:XSHG:600886,0.019903909946960674,0.019903909946960674,True,0.3900003433227539,0.3900003433227539,True
WSSEC:WS:XSHG:600887,WS:XSHG:600887,-0.000742959053008474,-0.000742959053008474,True,0.2800006866455078,0.2800006866455078,True
WSSEC:WS:XSHG:600893,WS:XSHG:600893,-0.03210314493621613,-0.03210314493621613,True,1.2900009155273438,1.2900009155273438,True
WSSEC:WS:XSHG:600900,WS:XSHG:600900,0.009971534451790331,0.009971534451790331,True,0.3299999237060547,0.3299999237060547,True
WSSEC:WS:XSHG:600905,WS:XSHG:600905,-0.00824181564388704,-0.00824181564388704,True,0.040000200271606445,0.040000200271606445,True
WSSEC:WS:XSHG:600918,WS:XSHG:600918,-0.01633396530841069,-0.01633396530841069,True,0.12000036239624023,0.12000036239624023,True
WSSEC:WS:XSHG:600919,WS:XSHG:600919,0.01574155251545628,0.01574155251545628,True,0.3299999237060547,0.3299999237060547,True
WSSEC:WS:XSHG:600926,WS:XSHG:600926,0.005250884235284525,0.005250884235284525,True,0.23999977111816406,0.23999977111816406,True
WSSEC:WS:XSHG:600930,WS:XSHG:600930,-0.0051282001121667475,-0.0051282001121667475,True,0.029999971389770508,0.029999971389770508,True
WSSEC:WS:XSHG:600938,WS:XSHG:600938,0.01579431115122576,0.01579431115122576,True,0.5799980163574219,0.5799980163574219,True
WSSEC:WS:XSHG:600941,WS:XSHG:600941,0.01089206852430813,0.01089206852430813,True,1.529998779296875,1.529998779296875,True
WSSEC:WS:XSHG:600958,WS:XSHG:600958,-0.024636087291206255,-0.024636087291206255,True,0.24000072479248047,0.24000072479248047,True
WSSEC:WS:XSHG:600989,WS:XSHG:600989,-0.01107174494440688,-0.01107174494440688,True,0.6599998474121094,0.6599998474121094,True
WSSEC:WS:XSHG:600999,WS:XSHG:600999,-0.021873213197825647,-0.021873213197825647,True,0.4799995422363281,0.4799995422363281,True
WSSEC:WS:XSHG:601006,WS:XSHG:601006,-0.006396633143354258,-0.006396633143354258,True,0.039999961853027344,0.039999961853027344,True
WSSEC:WS:XSHG:601009,WS:XSHG:601009,0.01875535171477649,0.01875535171477649,True,0.3299999237060547,0.3299999237060547,True
WSSEC:WS:XSHG:601012,WS:XSHG:601012,-0.03242768540816421,-0.03242768540816421,True,0.38000011444091797,0.38000011444091797,True
WSSEC:WS:XSHG:601018,WS:XSHG:601018,0.0,0.0,True,0.040000200271606445,0.040000200271606445,True
WSSEC:WS:XSHG:601021,WS:XSHG:601021,-0.04983310016745923,-0.04983310016745923,True,2.8400001525878906,2.8400001525878906,True
WSSEC:WS:XSHG:601058,WS:XSHG:601058,-0.02586204415977933,-0.02586204415977933,True,0.4499998092651367,0.4499998092651367,True
WSSEC:WS:XSHG:601066,WS:XSHG:601066,-0.011406863409100021,-0.011406863409100021,True,0.4799995422363281,0.4799995422363281,True
WSSEC:WS:XSHG:601077,WS:XSHG:601077,0.015290505384687236,0.015290505384687236,True,0.17999982833862305,0.17999982833862305,True
WSSEC:WS:XSHG:601088,WS:XSHG:601088,0.01736919531298864,0.01736919531298864,True,1.0099983215332031,1.0099983215332031,True
WSSEC:WS:XSHG:601100,WS:XSHG:601100,0.007641971498880462,0.007641971498880462,True,3.2000045776367188,3.2000045776367188,True
WSSEC:WS:XSHG:601111,WS:XSHG:601111,-0.02516780107505978,-0.02516780107505978,True,0.15000009536743164,0.15000009536743164,True
WSSEC:WS:XSHG:601117,WS:XSHG:601117,0.00837988045505722,0.00837988045505722,True,0.15000009536743164,0.15000009536743164,True
WSSEC:WS:XSHG:601127,WS:XSHG:601127,-0.018432180462333192,-0.018432180462333192,True,1.1500015258789062,1.1500015258789062,True
WSSEC:WS:XSHG:601136,WS:XSHG:601136,-0.022727332436406567,-0.022727332436406567,True,0.3600006103515625,0.3600006103515625,True
WSSEC:WS:XSHG:601138,WS:XSHG:601138,-0.031438544881355224,-0.031438544881355224,True,2.1800003051757812,2.1800003051757812,True
WSSEC:WS:XSHG:601166,WS:XSHG:601166,0.0005595031373055726,0.0005595031373055726,True,0.12999916076660156,0.12999916076660156,True
WSSEC:WS:XSHG:601169,WS:XSHG:601169,0.003656303783114545,0.003656303783114545,True,0.07000017166137695,0.07000017166137695,True
WSSEC:WS:XSHG:601186,WS:XSHG:601186,-0.00829190530599544,-0.00829190530599544,True,0.06000041961669922,0.06000041961669922,True
WSSEC:WS:XSHG:601211,WS:XSHG:601211,-0.02603288001330717,-0.02603288001330717,True,0.5100002288818359,0.5100002288818359,True
WSSEC:WS:XSHG:601225,WS:XSHG:601225,0.0058411065711725385,0.0058411065711725385,True,0.6200008392333984,0.6200008392333984,True
WSSEC:WS:XSHG:601229,WS:XSHG:601229,0.004223860689032133,0.004223860689032133,True,0.14999961853027344,0.14999961853027344,True
WSSEC:WS:XSHG:601238,WS:XSHG:601238,0.0,0.0,True,0.0,0.0,True
WSSEC:WS:XSHG:601288,WS:XSHG:601288,0.005856509853564118,0.005856509853564118,True,0.13000011444091797,0.13000011444091797,True
WSSEC:WS:XSHG:601318,WS:XSHG:601318,-0.0115091691883773,-0.0115091691883773,True,0.7699966430664062,0.7699966430664062,True
WSSEC:WS:XSHG:601319,WS:XSHG:601319,0.0,0.0,True,0.15000009536743164,0.15000009536743164,True
WSSEC:WS:XSHG:601328,WS:XSHG:601328,0.00531914387692578,0.00531914387692578,True,0.09000015258789062,0.09000015258789062,True
WSSEC:WS:XSHG:601336,WS:XSHG:601336,-0.005183124248866133,-0.005183124248866133,True,1.0,1.0,True
WSSEC:WS:XSHG:601360,WS:XSHG:601360,-0.00885934950960754,-0.00885934950960754,True,0.1400003433227539,0.1400003433227539,True
WSSEC:WS:XSHG:601377,WS:XSHG:601377,-0.008445978055825365,-0.008445978055825365,True,0.09999990463256836,0.09999990463256836,True
WSSEC:WS:XSHG:601390,WS:XSHG:601390,-0.009324000514850717,-0.009324000514850717,True,0.05000019073486328,0.05000019073486328,True
WSSEC:WS:XSHG:601398,WS:XSHG:601398,0.004944370963977374,0.004944370963977374,True,0.13000011444091797,0.13000011444091797,True
WSSEC:WS:XSHG:601456,WS:XSHG:601456,-0.01387281975157717,-0.01387281975157717,True,0.11999988555908203,0.11999988555908203,True
WSSEC:WS:XSHG:601600,WS:XSHG:601600,-0.026315764707210976,-0.026315764707210976,True,0.25,0.25,True
WSSEC:WS:XSHG:601601,WS:XSHG:601601,-0.023094003020863618,-0.023094003020863618,True,0.8100013732910156,0.8100013732910156,True
WSSEC:WS:XSHG:601607,WS:XSHG:601607,-0.002490598350487816,-0.002490598350487816,True,0.15999984741210938,0.15999984741210938,True
WSSEC:WS:XSHG:601618,WS:XSHG:601618,-0.023529389765297948,-0.023529389765297948,True,0.07999992370605469,0.07999992370605469,True
WSSEC:WS:XSHG:601628,WS:XSHG:601628,-0.03031083459056927,-0.03031083459056927,True,1.2399978637695312,1.2399978637695312,True
WSSEC:WS:XSHG:601633,WS:XSHG:601633,-0.014174331263749673,-0.014174331263749673,True,0.21000003814697266,0.21000003814697266,True
WSSEC:WS:XSHG:601658,WS:XSHG:601658,0.0018796525793258745,0.0018796525793258745,True,0.07999992370605469,0.07999992370605469,True
WSSEC:WS:XSHG:601668,WS:XSHG:601668,-0.004672892510771409,-0.004672892510771409,True,0.04000043869018555,0.04000043869018555,True
WSSEC:WS:XSHG:601669,WS:XSHG:601669,-0.01089328737966877,-0.01089328737966877,True,0.059999942779541016,0.059999942779541016,True
WSSEC:WS:XSHG:601688,WS:XSHG:601688,-0.010354252321950086,-0.010354252321950086,True,0.2800006866455078,0.2800006866455078,True
WSSEC:WS:XSHG:601689,WS:XSHG:601689,0.011985165490863148,0.011985165490863148,True,2.5800018310546875,2.5800018310546875,True
WSSEC:WS:XSHG:601698,WS:XSHG:601698,-0.00042427785368326365,-0.00042427785368326365,True,0.7300014495849609,0.7300014495849609,True
WSSEC:WS:XSHG:601727,WS:XSHG:601727,-0.013533857337925004,-0.013533857337925004,True,0.09000015258789062,0.09000015258789062,True
WSSEC:WS:XSHG:601728,WS:XSHG:601728,0.00983605634714424,0.00983605634714424,True,0.11999988555908203,0.11999988555908203,True
WSSEC:WS:XSHG:601766,WS:XSHG:601766,0.008445897509009148,0.008445897509009148,True,0.11999988555908203,0.11999988555908203,True
WSSEC:WS:XSHG:601788,WS:XSHG:601788,-0.013610285090552288,-0.013610285090552288,True,0.2200002670288086,0.2200002670288086,True
WSSEC:WS:XSHG:601800,WS:XSHG:601800,-0.010238897851962525,-0.010238897851962525,True,0.07999992370605469,0.07999992370605469,True
WSSEC:WS:XSHG:601816,WS:XSHG:601816,-0.004246280417097847,-0.004246280417097847,True,0.039999961853027344,0.039999961853027344,True
WSSEC:WS:XSHG:601818,WS:XSHG:601818,0.0,0.0,True,0.029999971389770508,0.029999971389770508,True
WSSEC:WS:XSHG:601825,WS:XSHG:601825,-0.020270304375678894,-0.020270304375678894,True,0.3100004196166992,0.3100004196166992,True
WSSEC:WS:XSHG:601838,WS:XSHG:601838,0.010079603724803876,0.010079603724803876,True,0.3600006103515625,0.3600006103515625,True
WSSEC:WS:XSHG:601857,WS:XSHG:601857,0.022408942134764853,0.022408942134764853,True,0.3599996566772461,0.3599996566772461,True
WSSEC:WS:XSHG:601868,WS:XSHG:601868,-0.004149373488428698,-0.004149373488428698,True,0.019999980926513672,0.019999980926513672,True
WSSEC:WS:XSHG:601872,WS:XSHG:601872,0.007218460710959995,0.007218460710959995,True,0.5699996948242188,0.5699996948242188,True
WSSEC:WS:XSHG:601877,WS:XSHG:601877,-0.011119963592214677,-0.011119963592214677,True,0.37000083923339844,0.37000083923339844,True
WSSEC:WS:XSHG:601878,WS:XSHG:601878,-0.013129089830587137,-0.013129089830587137,True,0.13000011444091797,0.13000011444091797,True
WSSEC:WS:XSHG:601881,WS:XSHG:601881,-0.019024027544070177,-0.019024027544070177,True,0.23000049591064453,0.23000049591064453,True
WSSEC:WS:XSHG:601888,WS:XSHG:601888,-0.013987345496168313,-0.013987345496168313,True,1.0200004577636719,1.0200004577636719,True
WSSEC:WS:XSHG:601898,WS:XSHG:601898,0.0064655281677161724,0.0064655281677161724,True,0.28999996185302734,0.28999996185302734,True
WSSEC:WS:XSHG:601899,WS:XSHG:601899,-0.044571780494472746,-0.044571780494472746,True,1.4200000762939453,1.4200000762939453,True
WSSEC:WS:XSHG:601901,WS:XSHG:601901,-0.018922869957273436,-0.018922869957273436,True,0.15000009536743164,0.15000009536743164,True
WSSEC:WS:XSHG:601916,WS:XSHG:601916,-0.006993000580457598,-0.006993000580457598,True,0.029999971389770508,0.029999971389770508,True
WSSEC:WS:XSHG:601919,WS:XSHG:601919,-0.003667565467757372,-0.003667565467757372,True,0.1999988555908203,0.1999988555908203,True
WSSEC:WS:XSHG:601939,WS:XSHG:601939,0.013850380386608796,0.013850380386608796,True,0.25999927520751953,0.25999927520751953,True
WSSEC:WS:XSHG:601985,WS:XSHG:601985,0.005649631062755178,0.005649631062755178,True,0.11999988555908203,0.11999988555908203,True
WSSEC:WS:XSHG:601988,WS:XSHG:601988,0.006079021628696113,0.006079021628696113,True,0.11999988555908203,0.11999988555908203,True
WSSEC:WS:XSHG:601995,WS:XSHG:601995,-0.0499234607025445,-0.0499234607025445,True,1.6300010681152344,1.6300010681152344,True
WSSEC:WS:XSHG:601998,WS:XSHG:601998,-0.004419885194475226,-0.004419885194475226,True,0.11999988555908203,0.11999988555908203,True
WSSEC:WS:XSHG:603019,WS:XSHG:603019,-0.01592816564137345,-0.01592816564137345,True,1.4000015258789062,1.4000015258789062,True
WSSEC:WS:XSHG:603259,WS:XSHG:603259,-0.03304556804170811,-0.03304556804170811,True,6.2700042724609375,6.2700042724609375,True
WSSEC:WS:XSHG:603260,WS:XSHG:603260,-0.03191492692130293,-0.03191492692130293,True,1.2299995422363281,1.2299995422363281,True
WSSEC:WS:XSHG:603288,WS:XSHG:603288,-0.009921218209697047,-0.009921218209697047,True,0.43000030517578125,0.43000030517578125,True
WSSEC:WS:XSHG:603296,WS:XSHG:603296,-0.009763409503767528,-0.009763409503767528,True,2.4199981689453125,2.4199981689453125,True
WSSEC:WS:XSHG:603369,WS:XSHG:603369,-0.012472492653454292,-0.012472492653454292,True,0.779998779296875,0.779998779296875,True
WSSEC:WS:XSHG:603392,WS:XSHG:603392,-0.020423361982044752,-0.020423361982044752,True,1.0200004577636719,1.0200004577636719,True
WSSEC:WS:XSHG:603501,WS:XSHG:603501,-0.01655183246044345,-0.01655183246044345,True,1.529998779296875,1.529998779296875,True
WSSEC:WS:XSHG:603799,WS:XSHG:603799,-0.02073541714038385,-0.02073541714038385,True,0.75,0.75,True
WSSEC:WS:XSHG:603893,WS:XSHG:603893,-0.017757013374379182,-0.017757013374379182,True,10.230010986328125,10.230010986328125,True
WSSEC:WS:XSHG:603986,WS:XSHG:603986,-0.03749501444939052,-0.03749501444939052,True,15.0,15.0,True
WSSEC:WS:XSHG:603993,WS:XSHG:603993,-0.03284257807006985,-0.03284257807006985,True,0.6399993896484375,0.6399993896484375,True
WSSEC:WS:XSHG:605117,WS:XSHG:605117,-0.01974107003404524,-0.01974107003404524,True,2.8300018310546875,2.8300018310546875,True
WSSEC:WS:XSHG:605499,WS:XSHG:605499,-0.031629490727069,-0.031629490727069,True,3.9599990844726562,3.9599990844726562,True
WSSEC:WS:XSHG:688008,WS:XSHG:688008,-0.039709877383191095,-0.039709877383191095,True,9.009994506835938,9.009994506835938,True
WSSEC:WS:XSHG:688012,WS:XSHG:688012,-0.028767763374731303,-0.028767763374731303,True,10.360015869140625,10.360015869140625,True
WSSEC:WS:XSHG:688036,WS:XSHG:688036,-0.013117759872731005,-0.013117759872731005,True,1.3800010681152344,1.3800010681152344,True
WSSEC:WS:XSHG:688041,WS:XSHG:688041,-0.013351349286567005,-0.013351349286567005,True,7.8600006103515625,7.8600006103515625,True
WSSEC:WS:XSHG:688047,WS:XSHG:688047,-0.01086444537039899,-0.01086444537039899,True,3.0699996948242188,3.0699996948242188,True
WSSEC:WS:XSHG:688072,WS:XSHG:688072,-0.04025737898169157,-0.04025737898169157,True,34.0,34.0,True
WSSEC:WS:XSHG:688082,WS:XSHG:688082,0.0438677766393496,0.0438677766393496,True,27.589996337890625,27.589996337890625,True
WSSEC:WS:XSHG:688111,WS:XSHG:688111,-0.02016772816030321,-0.02016772816030321,True,4.850006103515625,4.850006103515625,True
WSSEC:WS:XSHG:688126,WS:XSHG:688126,-0.0032154311255848667,-0.0032154311255848667,True,0.9799995422363281,0.9799995422363281,True
WSSEC:WS:XSHG:688183,WS:XSHG:688183,-0.04134452242811182,-0.04134452242811182,True,6.220001220703125,6.220001220703125,True
WSSEC:WS:XSHG:688223,WS:XSHG:688223,-0.025974001846660322,-0.025974001846660322,True,0.11999988555908203,0.11999988555908203,True
WSSEC:WS:XSHG:688256,WS:XSHG:688256,-0.01051598800455622,-0.01051598800455622,True,35.0,35.0,True
WSSEC:WS:XSHG:688271,WS:XSHG:688271,0.0020548602753240885,0.0020548602753240885,True,2.9499969482421875,2.9499969482421875,True
WSSEC:WS:XSHG:688303,WS:XSHG:688303,-0.025846158541165898,-0.025846158541165898,True,0.4500007629394531,0.4500007629394531,True
WSSEC:WS:XSHG:688396,WS:XSHG:688396,-0.033327903055708985,-0.033327903055708985,True,2.0400009155273438,2.0400009155273438,True
WSSEC:WS:XSHG:688472,WS:XSHG:688472,-0.024618997036454204,-0.024618997036454204,True,0.25,0.25,True
WSSEC:WS:XSHG:688506,WS:XSHG:688506,-0.03616882460000992,-0.03616882460000992,True,12.610000610351562,12.610000610351562,True
WSSEC:WS:XSHG:688521,WS:XSHG:688521,-0.013082778496315228,-0.013082778496315228,True,12.850006103515625,12.850006103515625,True
WSSEC:WS:XSHG:688981,WS:XSHG:688981,-0.011615421697045325,-0.011615421697045325,True,1.7600021362304688,1.7600021362304688,True
WSSEC:WS:XTAI:3711,WS:XTAI:3711,0.008658008658008587,0.008658008658008587,True,19.0,19.0,True
WSSEC:WS:XTAI:6669,WS:XTAI:6669,0.004750593824228044,0.004750593824228044,True,65.0,65.0,True
WSSEC:WS:XTAI:7769,WS:XTAI:7769,-0.051046025104602544,-0.051046025104602544,True,325.0,325.0,True
WSSEC:WS:XTKS:1605,WS:XTKS:1605,-0.020189113212369048,-0.020189113212369048,True,85.0,85.0,True
WSSEC:WS:XTKS:1801,WS:XTKS:1801,0.0027733755942946914,0.0027733755942946914,True,275.0,275.0,True
WSSEC:WS:XTKS:1802,WS:XTKS:1802,-0.006811547194291223,-0.006811547194291223,True,37.0,37.0,True
WSSEC:WS:XTKS:1803,WS:XTKS:1803,-0.0031806615776081015,-0.0031806615776081015,True,32.5,32.5,True
WSSEC:WS:XTKS:1812,WS:XTKS:1812,0.000602530628640352,0.000602530628640352,True,75.0,75.0,True
WSSEC:WS:XTKS:1925,WS:XTKS:1925,-0.005704256252742401,-0.005704256252742401,True,50.0,50.0,True
WSSEC:WS:XTKS:1928,WS:XTKS:1928,-0.00029850746268655914,-0.00029850746268655914,True,36.0,36.0,True
WSSEC:WS:XTKS:1963,WS:XTKS:1963,-0.014778325123152691,-0.014778325123152691,True,54.0,54.0,True
WSSEC:WS:XTKS:2269,WS:XTKS:2269,-0.01446280991735538,-0.01446280991735538,True,94.0,94.0,True
WSSEC:WS:XTKS:2282,WS:XTKS:2282,-0.006416584402764047,-0.006416584402764047,True,122.0,122.0,True
WSSEC:WS:XTKS:2413,WS:XTKS:2413,-0.023970671178793035,-0.023970671178793035,True,49.0,49.0,True
WSSEC:WS:XTKS:2502,WS:XTKS:2502,-0.002795031055900621,-0.002795031055900621,True,17.0,17.0,True
WSSEC:WS:XTKS:2503,WS:XTKS:2503,-0.00965420396700023,-0.00965420396700023,True,36.5,36.5,True
WSSEC:WS:XTKS:2768,WS:XTKS:2768,-0.026907356948228878,-0.026907356948228878,True,161.0,161.0,True
WSSEC:WS:XTKS:2801,WS:XTKS:2801,-0.0039274924471298656,-0.0039274924471298656,True,25.0,25.0,True
WSSEC:WS:XTKS:2802,WS:XTKS:2802,0.01916802610114199,0.01916802610114199,True,177.0,177.0,True
WSSEC:WS:XTKS:285A,WS:XTKS:285A,0.00018325087044157584,0.00018325087044157584,True,2890.0,2890.0,True
WSSEC:WS:XTKS:2914,WS:XTKS:2914,-0.002033110659308779,-0.002033110659308779,True,89.0,89.0,True
WSSEC:WS:XTKS:3086,WS:XTKS:3086,0.0035620547431571836,0.0035620547431571836,True,39.5,39.5,True
WSSEC:WS:XTKS:3099,WS:XTKS:3099,0.010618932038835016,0.010618932038835016,True,65.0,65.0,True
WSSEC:WS:XTKS:3289,WS:XTKS:3289,-0.0015625000000000222,-0.0015625000000000222,True,19.5,19.5,True
WSSEC:WS:XTKS:3382,WS:XTKS:3382,-0.00990099009900991,-0.00990099009900991,True,24.5,24.5,True
WSSEC:WS:XTKS:3402,WS:XTKS:3402,0.0024038461538462563,0.0024038461538462563,True,19.5,19.5,True
WSSEC:WS:XTKS:3405,WS:XTKS:3405,0.023255813953488413,0.023255813953488413,True,41.0,41.0,True
WSSEC:WS:XTKS:3407,WS:XTKS:3407,0.00406250000000008,0.00406250000000008,True,17.0,17.0,True
WSSEC:WS:XTKS:3436,WS:XTKS:3436,0.028731836195508675,0.028731836195508675,True,198.0,198.0,True
WSSEC:WS:XTKS:3659,WS:XTKS:3659,-0.016249999999999987,-0.016249999999999987,True,93.0,93.0,True
WSSEC:WS:XTKS:3697,WS:XTKS:3697,0.004539779946469702,0.004539779946469702,True,30.60003662109375,30.60003662109375,True
WSSEC:WS:XTKS:4004,WS:XTKS:4004,0.06944944224541194,0.06944944224541194,True,1135.0,1135.0,True
WSSEC:WS:XTKS:4005,WS:XTKS:4005,0.013788348555127783,0.013788348555127783,True,15.79998779296875,15.79998779296875,True
WSSEC:WS:XTKS:4021,WS:XTKS:4021,0.004117718299624595,0.004117718299624595,True,129.0,129.0,True
WSSEC:WS:XTKS:4042,WS:XTKS:4042,0.018465089440276916,0.018465089440276916,True,55.0,55.0,True
WSSEC:WS:XTKS:4043,WS:XTKS:4043,0.013633102128677299,0.013633102128677299,True,79.0,79.0,True
WSSEC:WS:XTKS:4062,WS:XTKS:4062,0.1457427767834314,0.1457427767834314,True,3380.0,3380.0,True
WSSEC:WS:XTKS:4063,WS:XTKS:4063,0.010095824777549556,0.010095824777549556,True,126.0,126.0,True
WSSEC:WS:XTKS:4151,WS:XTKS:4151,0.002437943262411313,0.002437943262411313,True,47.5,47.5,True
WSSEC:WS:XTKS:4183,WS:XTKS:4183,-0.016468435498627643,-0.016468435498627643,True,60.0,60.0,True
WSSEC:WS:XTKS:4188,WS:XTKS:4188,-0.014297729184188368,-0.014297729184188368,True,39.0,39.0,True
WSSEC:WS:XTKS:4208,WS:XTKS:4208,-0.007821552723059066,-0.007821552723059066,True,49.0,49.0,True
WSSEC:WS:XTKS:4307,WS:XTKS:4307,-0.023661753297129606,-0.023661753297129606,True,156.0,156.0,True
WSSEC:WS:XTKS:4324,WS:XTKS:4324,-0.00835421888053467,-0.00835421888053467,True,50.0,50.0,True
WSSEC:WS:XTKS:4385,WS:XTKS:4385,-0.03919978372533117,-0.03919978372533117,True,169.0,169.0,True
WSSEC:WS:XTKS:4452,WS:XTKS:4452,0.002012650948821193,0.002012650948821193,True,42.0,42.0,True
WSSEC:WS:XTKS:4502,WS:XTKS:4502,-0.01390750670241292,-0.01390750670241292,True,154.0,154.0,True
WSSEC:WS:XTKS:4503,WS:XTKS:4503,-0.01027900146842875,-0.01027900146842875,True,51.5,51.5,True
WSSEC:WS:XTKS:4506,WS:XTKS:4506,-0.012426219322770993,-0.012426219322770993,True,36.5,36.5,True
WSSEC:WS:XTKS:4507,WS:XTKS:4507,-0.01252326958876293,-0.01252326958876293,True,43.5,43.5,True
WSSEC:WS:XTKS:4519,WS:XTKS:4519,-0.014230655203083309,-0.014230655203083309,True,192.0,192.0,True
WSSEC:WS:XTKS:4523,WS:XTKS:4523,-0.005679513184584151,-0.005679513184584151,True,134.0,134.0,True
WSSEC:WS:XTKS:4543,WS:XTKS:4543,0.01630920464700636,0.01630920464700636,True,48.5,48.5,True
WSSEC:WS:XTKS:4568,WS:XTKS:4568,-0.02488572879634332,-0.02488572879634332,True,85.5,85.5,True
WSSEC:WS:XTKS:4578,WS:XTKS:4578,-0.007194244604316502,-0.007194244604316502,True,420.0,420.0,True
WSSEC:WS:XTKS:4661,WS:XTKS:4661,-0.025864909390444835,-0.025864909390444835,True,86.5,86.5,True
WSSEC:WS:XTKS:4689,WS:XTKS:4689,-0.031669151241777826,-0.031669151241777826,True,21.20001220703125,21.20001220703125,True
WSSEC:WS:XTKS:4704,WS:XTKS:4704,-0.0031774852473899218,-0.0031774852473899218,True,166.0,166.0,True
WSSEC:WS:XTKS:4751,WS:XTKS:4751,-0.011111111111111072,-0.011111111111111072,True,27.0,27.0,True
WSSEC:WS:XTKS:4755,WS:XTKS:4755,-0.023295214293894362,-0.023295214293894362,True,18.70001220703125,18.70001220703125,True
WSSEC:WS:XTKS:4901,WS:XTKS:4901,0.013537906137184086,0.013537906137184086,True,79.0,79.0,True
WSSEC:WS:XTKS:4911,WS:XTKS:4911,-0.00870541982589157,-0.00870541982589157,True,218.0,218.0,True
WSSEC:WS:XTKS:5019,WS:XTKS:5019,-0.00030284675953962115,-0.00030284675953962115,True,53.5,53.5,True
WSSEC:WS:XTKS:5020,WS:XTKS:5020,-0.006636395389451599,-0.006636395389451599,True,34.0,34.0,True
WSSEC:WS:XTKS:5101,WS:XTKS:5101,0.021831501831501843,0.021831501831501843,True,193.0,193.0,True
WSSEC:WS:XTKS:5108,WS:XTKS:5108,0.019034852546916836,0.019034852546916836,True,77.0,77.0,True
WSSEC:WS:XTKS:5201,WS:XTKS:5201,0.007438894792773709,0.007438894792773709,True,112.0,112.0,True
WSSEC:WS:XTKS:5214,WS:XTKS:5214,-0.010187449062754705,-0.010187449062754705,True,150.0,150.0,True
WSSEC:WS:XTKS:5332,WS:XTKS:5332,0.024658971668415575,0.024658971668415575,True,242.0,242.0,True
WSSEC:WS:XTKS:5333,WS:XTKS:5333,0.021900590363740147,0.021900590363740147,True,122.0,122.0,True
WSSEC:WS:XTKS:5401,WS:XTKS:5401,-0.020143884892086295,-0.020143884892086295,True,14.70001220703125,14.70001220703125,True
WSSEC:WS:XTKS:5406,WS:XTKS:5406,-0.006041565973900487,-0.006041565973900487,True,35.0,35.0,True
WSSEC:WS:XTKS:5411,WS:XTKS:5411,-0.019383961763143942,-0.019383961763143942,True,43.0,43.0,True
WSSEC:WS:XTKS:543A,WS:XTKS:543A,0.007042253521126751,0.007042253521126751,True,7.0,7.0,True
WSSEC:WS:XTKS:5631,WS:XTKS:5631,0.009200378839128609,0.009200378839128609,True,200.0,200.0,True
WSSEC:WS:XTKS:5706,WS:XTKS:5706,0.010089932002632196,0.010089932002632196,True,1490.0,1490.0,True
WSSEC:WS:XTKS:5711,WS:XTKS:5711,-0.00693107431651907,-0.00693107431651907,True,96.0,96.0,True
WSSEC:WS:XTKS:5713,WS:XTKS:5713,-0.0074921956295525005,-0.0074921956295525005,True,177.0,177.0,True
WSSEC:WS:XTKS:5714,WS:XTKS:5714,-0.014403518416712502,-0.014403518416712502,True,131.0,131.0,True
WSSEC:WS:XTKS:5801,WS:XTKS:5801,-0.02409638554216864,-0.02409638554216864,True,177.0,177.0,True
WSSEC:WS:XTKS:5802,WS:XTKS:5802,0.05767844268204758,0.05767844268204758,True,173.5,173.5,True
WSSEC:WS:XTKS:5803,WS:XTKS:5803,-0.008279483037156754,-0.008279483037156754,True,196.0,196.0,True
WSSEC:WS:XTKS:5831,WS:XTKS:5831,-0.00831183720263684,-0.00831183720263684,True,70.0,70.0,True
WSSEC:WS:XTKS:6098,WS:XTKS:6098,-0.0778097982708934,-0.0778097982708934,True,1350.0,1350.0,True
WSSEC:WS:XTKS:6113,WS:XTKS:6113,0.03046632124352322,0.03046632124352322,True,79.0,79.0,True
WSSEC:WS:XTKS:6146,WS:XTKS:6146,0.017169019458222134,0.017169019458222134,True,1580.0,1580.0,True
WSSEC:WS:XTKS:6178,WS:XTKS:6178,-0.016815034619188873,-0.016815034619188873,True,64.5,64.5,True
WSSEC:WS:XTKS:6273,WS:XTKS:6273,0.0328659731644807,0.0328659731644807,True,2440.0,2440.0,True
WSSEC:WS:XTKS:6301,WS:XTKS:6301,0.028094694808898923,0.028094694808898923,True,217.0,217.0,True
WSSEC:WS:XTKS:6302,WS:XTKS:6302,-0.009534961525593855,-0.009534961525593855,True,139.0,139.0,True
WSSEC:WS:XTKS:6305,WS:XTKS:6305,-0.0031785272823591226,-0.0031785272823591226,True,124.0,124.0,True
WSSEC:WS:XTKS:6326,WS:XTKS:6326,0.00036370249136208344,0.00036370249136208344,True,59.5,59.5,True
WSSEC:WS:XTKS:6361,WS:XTKS:6361,0.04325699745547085,0.04325699745547085,True,285.0,285.0,True
WSSEC:WS:XTKS:6367,WS:XTKS:6367,-0.0009643201542912649,-0.0009643201542912649,True,580.0,580.0,True
WSSEC:WS:XTKS:6479,WS:XTKS:6479,0.0437047756874096,0.0437047756874096,True,159.0,159.0,True
WSSEC:WS:XTKS:6501,WS:XTKS:6501,-0.004887762490948577,-0.004887762490948577,True,138.0,138.0,True
WSSEC:WS:XTKS:6503,WS:XTKS:6503,0.028872415138509577,0.028872415138509577,True,187.0,187.0,True
WSSEC:WS:XTKS:6504,WS:XTKS:6504,0.022562141491395904,0.022562141491395904,True,365.0,365.0,True
WSSEC:WS:XTKS:6506,WS:XTKS:6506,0.028291124800364997,0.028291124800364997,True,124.0,124.0,True
WSSEC:WS:XTKS:6526,WS:XTKS:6526,0.1499999999999999,0.1499999999999999,True,300.0,300.0,True
WSSEC:WS:XTKS:6532,WS:XTKS:6532,-0.03290468986384265,-0.03290468986384265,True,336.0,336.0,True
WSSEC:WS:XTKS:6645,WS:XTKS:6645,0.025940337224383825,0.025940337224383825,True,204.0,204.0,True
WSSEC:WS:XTKS:6701,WS:XTKS:6701,-0.004156275976724855,-0.004156275976724855,True,216.0,216.0,True
WSSEC:WS:XTKS:6702,WS:XTKS:6702,0.003518471977883797,0.003518471977883797,True,189.0,189.0,True
WSSEC:WS:XTKS:6723,WS:XTKS:6723,0.054699304925959424,0.054699304925959424,True,292.0,292.0,True
WSSEC:WS:XTKS:6724,WS:XTKS:6724,0.020674300254452938,0.020674300254452938,True,75.0,75.0,True
WSSEC:WS:XTKS:6752,WS:XTKS:6752,0.051551201306274885,0.051551201306274885,True,276.0,276.0,True
WSSEC:WS:XTKS:6758,WS:XTKS:6758,-0.00919664592913172,-0.00919664592913172,True,71.0,71.0,True
WSSEC:WS:XTKS:6762,WS:XTKS:6762,0.038488576449912104,0.038488576449912104,True,160.0,160.0,True
WSSEC:WS:XTKS:6770,WS:XTKS:6770,-0.0036068530207393756,-0.0036068530207393756,True,37.0,37.0,True
WSSEC:WS:XTKS:6841,WS:XTKS:6841,0.008813413585554652,0.008813413585554652,True,98.0,98.0,True
WSSEC:WS:XTKS:6857,WS:XTKS:6857,0.03151326053042114,0.03151326053042114,True,1660.0,1660.0,True
WSSEC:WS:XTKS:6861,WS:XTKS:6861,0.00901018542700438,0.00901018542700438,True,2030.0,2030.0,True
WSSEC:WS:XTKS:6902,WS:XTKS:6902,-0.0018276762402088531,-0.0018276762402088531,True,15.5,15.5,True
WSSEC:WS:XTKS:6920,WS:XTKS:6920,0.01765157329240208,0.01765157329240208,True,1990.0,1990.0,True
WSSEC:WS:XTKS:6954,WS:XTKS:6954,0.02887901572112095,0.02887901572112095,True,198.0,198.0,True
WSSEC:WS:XTKS:6963,WS:XTKS:6963,0.020223752151462993,0.020223752151462993,True,106.0,106.0,True
WSSEC:WS:XTKS:6971,WS:XTKS:6971,0.0035743744844651815,0.0035743744844651815,True,100.0,100.0,True
WSSEC:WS:XTKS:6976,WS:XTKS:6976,-0.04693333333333338,-0.04693333333333338,True,676.0,676.0,True
WSSEC:WS:XTKS:6981,WS:XTKS:6981,0.00772897075872736,0.00772897075872736,True,310.0,310.0,True
WSSEC:WS:XTKS:6988,WS:XTKS:6988,0.038734476641040905,0.038734476641040905,True,142.0,142.0,True
WSSEC:WS:XTKS:7011,WS:XTKS:7011,0.012889920082495454,0.012889920082495454,True,94.0,94.0,True
WSSEC:WS:XTKS:7012,WS:XTKS:7012,-0.0018714909544603753,-0.0018714909544603753,True,81.0,81.0,True
WSSEC:WS:XTKS:7013,WS:XTKS:7013,-0.01524978089395268,-0.01524978089395268,True,148.5,148.5,True
WSSEC:WS:XTKS:7186,WS:XTKS:7186,-0.016163222045574965,-0.016163222045574965,True,43.5,43.5,True
WSSEC:WS:XTKS:7201,WS:XTKS:7201,-0.028177995955614543,-0.028177995955614543,True,10.100006103515625,10.100006103515625,True
WSSEC:WS:XTKS:7202,WS:XTKS:7202,-0.005202442886224845,-0.005202442886224845,True,21.5,21.5,True
WSSEC:WS:XTKS:7203,WS:XTKS:7203,-0.018512396694214894,-0.018512396694214894,True,61.0,61.0,True
WSSEC:WS:XTKS:7211,WS:XTKS:7211,-0.002984281294902358,-0.002984281294902358,True,5.5,5.5,True
WSSEC:WS:XTKS:7261,WS:XTKS:7261,-0.0008643042350907626,-0.0008643042350907626,True,18.5,18.5,True
WSSEC:WS:XTKS:7267,WS:XTKS:7267,0.026050917702782783,0.026050917702782783,True,77.5,77.5,True
WSSEC:WS:XTKS:7269,WS:XTKS:7269,-0.018244575936883667,-0.018244575936883667,True,41.0,41.0,True
WSSEC:WS:XTKS:7270,WS:XTKS:7270,-0.0017094017094017033,-0.0017094017094017033,True,33.0,33.0,True
WSSEC:WS:XTKS:7272,WS:XTKS:7272,0.0021965952773201902,0.0021965952773201902,True,40.0,40.0,True
WSSEC:WS:XTKS:7453,WS:XTKS:7453,-0.0005069708491761693,-0.0005069708491761693,True,87.0,87.0,True
WSSEC:WS:XTKS:7532,WS:XTKS:7532,0.004207573632538653,0.004207573632538653,True,19.199951171875,19.199951171875,True
WSSEC:WS:XTKS:7731,WS:XTKS:7731,0.06443298969072164,0.06443298969072164,True,126.0,126.0,True
WSSEC:WS:XTKS:7733,WS:XTKS:7733,-0.004987531172069848,-0.004987531172069848,True,35.0,35.0,True
WSSEC:WS:XTKS:7735,WS:XTKS:7735,0.03865677469738382,0.03865677469738382,True,560.0,560.0,True
WSSEC:WS:XTKS:7741,WS:XTKS:7741,0.023667330236673223,0.023667330236673223,True,795.0,795.0,True
WSSEC:WS:XTKS:7751,WS:XTKS:7751,0.013546524539196136,0.013546524539196136,True,69.0,69.0,True
WSSEC:WS:XTKS:7752,WS:XTKS:7752,-0.0009033423667570428,-0.0009033423667570428,True,27.5,27.5,True
WSSEC:WS:XTKS:7832,WS:XTKS:7832,-0.019155030433225972,-0.019155030433225972,True,143.0,143.0,True
WSSEC:WS:XTKS:7911,WS:XTKS:7911,0.05623524361450949,0.05623524361450949,True,295.0,295.0,True
WSSEC:WS:XTKS:7912,WS:XTKS:7912,0.004560040533693632,0.004560040533693632,True,62.5,62.5,True
WSSEC:WS:XTKS:7951,WS:XTKS:7951,-0.0012009607686148671,-0.0012009607686148671,True,25.0,25.0,True
WSSEC:WS:XTKS:7974,WS:XTKS:7974,-0.017148339129392065,-0.017148339129392065,True,164.0,164.0,True
WSSEC:WS:XTKS:8001,WS:XTKS:8001,-0.03728593106438327,-0.03728593106438327,True,86.0,86.0,True
WSSEC:WS:XTKS:8002,WS:XTKS:8002,-0.019694533762057875,-0.019694533762057875,True,146.0,146.0,True
WSSEC:WS:XTKS:8015,WS:XTKS:8015,-0.013667425968109326,-0.013667425968109326,True,135.0,135.0,True
WSSEC:WS:XTKS:8031,WS:XTKS:8031,-0.02480139507847312,-0.02480139507847312,True,143.0,143.0,True
WSSEC:WS:XTKS:8035,WS:XTKS:8035,0.015251365091319968,0.015251365091319968,True,1660.0,1660.0,True
WSSEC:WS:XTKS:8053,WS:XTKS:8053,-0.015311804008908636,-0.015311804008908636,True,32.5,32.5,True
WSSEC:WS:XTKS:8058,WS:XTKS:8058,-0.027491408934707917,-0.027491408934707917,True,139.0,139.0,True
WSSEC:WS:XTKS:8233,WS:XTKS:8233,0.0016532829475672806,0.0016532829475672806,True,26.0,26.0,True
WSSEC:WS:XTKS:8267,WS:XTKS:8267,-0.010277883517320174,-0.010277883517320174,True,24.5,24.5,True
WSSEC:WS:XTKS:8304,WS:XTKS:8304,-0.023809523809523836,-0.023809523809523836,True,91.0,91.0,True
WSSEC:WS:XTKS:8306,WS:XTKS:8306,-0.012983425414364591,-0.012983425414364591,True,66.0,66.0,True
WSSEC:WS:XTKS:8308,WS:XTKS:8308,-0.0132571894758311,-0.0132571894758311,True,66.0,66.0,True
WSSEC:WS:XTKS:8309,WS:XTKS:8309,-0.004806333050607847,-0.004806333050607847,True,31.0,31.0,True
WSSEC:WS:XTKS:8316,WS:XTKS:8316,-0.022108345534406992,-0.022108345534406992,True,155.0,155.0,True
WSSEC:WS:XTKS:8331,WS:XTKS:8331,-0.001826817683595161,-0.001826817683595161,True,71.0,71.0,True
WSSEC:WS:XTKS:8354,WS:XTKS:8354,-0.011231603408210722,-0.011231603408210722,True,119.0,119.0,True
WSSEC:WS:XTKS:8411,WS:XTKS:8411,-0.025309005297233678,-0.025309005297233678,True,217.0,217.0,True
WSSEC:WS:XTKS:8591,WS:XTKS:8591,-0.015619915392124928,-0.015619915392124928,True,113.0,113.0,True
WSSEC:WS:XTKS:8601,WS:XTKS:8601,-0.024383635871037646,-0.024383635871037646,True,54.5,54.5,True
WSSEC:WS:XTKS:8604,WS:XTKS:8604,-0.01992409867172673,-0.01992409867172673,True,41.0,41.0,True
WSSEC:WS:XTKS:8630,WS:XTKS:8630,-0.01784936874183718,-0.01784936874183718,True,190.0,190.0,True
WSSEC:WS:XTKS:8697,WS:XTKS:8697,0.01722209796466112,0.01722209796466112,True,57.0,57.0,True
WSSEC:WS:XTKS:8725,WS:XTKS:8725,-0.04734521755798349,-0.04734521755798349,True,247.0,247.0,True
WSSEC:WS:XTKS:8750,WS:XTKS:8750,-0.022471910112359605,-0.022471910112359605,True,68.5,68.5,True
WSSEC:WS:XTKS:8766,WS:XTKS:8766,-0.03268292682926832,-0.03268292682926832,True,421.0,421.0,True
WSSEC:WS:XTKS:8795,WS:XTKS:8795,-0.015145395799676886,-0.015145395799676886,True,114.0,114.0,True
WSSEC:WS:XTKS:8801,WS:XTKS:8801,0.01077441077441077,0.01077441077441077,True,42.5,42.5,True
WSSEC:WS:XTKS:8802,WS:XTKS:8802,0.006089122612787268,0.006089122612787268,True,110.0,110.0,True
WSSEC:WS:XTKS:8830,WS:XTKS:8830,0.00910232266164468,0.00910232266164468,True,72.0,72.0,True
WSSEC:WS:XTKS:9005,WS:XTKS:9005,-0.012631578947368438,-0.012631578947368438,True,23.0,23.0,True
WSSEC:WS:XTKS:9020,WS:XTKS:9020,0.0008670520231213175,0.0008670520231213175,True,57.0,57.0,True
WSSEC:WS:XTKS:9021,WS:XTKS:9021,-0.00988142292490124,-0.00988142292490124,True,46.0,46.0,True
WSSEC:WS:XTKS:9022,WS:XTKS:9022,-0.01572739187418082,-0.01572739187418082,True,60.0,60.0,True
WSSEC:WS:XTKS:9101,WS:XTKS:9101,-0.031375166889185624,-0.031375166889185624,True,277.0,277.0,True
WSSEC:WS:XTKS:9104,WS:XTKS:9104,-0.018784530386740328,-0.018784530386740328,True,252.0,252.0,True
WSSEC:WS:XTKS:9107,WS:XTKS:9107,-0.026022304832713727,-0.026022304832713727,True,102.0,102.0,True
WSSEC:WS:XTKS:9147,WS:XTKS:9147,-0.0010596962204167948,-0.0010596962204167948,True,96.0,96.0,True
WSSEC:WS:XTKS:9201,WS:XTKS:9201,0.006199021207177857,0.006199021207177857,True,42.0,42.0,True
WSSEC:WS:XTKS:9202,WS:XTKS:9202,0.010229750125775539,0.010229750125775539,True,51.5,51.5,True
WSSEC:WS:XTKS:9432,WS:XTKS:9432,-0.013536430422806167,-0.013536430422806167,True,2.600006103515625,2.600006103515625,True
WSSEC:WS:XTKS:9433,WS:XTKS:9433,-0.009477124183006502,-0.009477124183006502,True,65.0,65.0,True
WSSEC:WS:XTKS:9434,WS:XTKS:9434,-0.007255151178862884,-0.007255151178862884,True,4.899993896484375,4.899993896484375,True
WSSEC:WS:XTKS:9501,WS:XTKS:9501,-0.044205907319166515,-0.044205907319166515,True,25.5,25.5,True
WSSEC:WS:XTKS:9502,WS:XTKS:9502,-0.015104703055269453,-0.015104703055269453,True,71.0,71.0,True
WSSEC:WS:XTKS:9503,WS:XTKS:9503,-0.04818447771467904,-0.04818447771467904,True,164.0,164.0,True
WSSEC:WS:XTKS:9531,WS:XTKS:9531,-0.022507528926929754,-0.022507528926929754,True,171.0,171.0,True
WSSEC:WS:XTKS:9532,WS:XTKS:9532,-0.044459081178989,-0.044459081178989,True,280.0,280.0,True
WSSEC:WS:XTKS:9602,WS:XTKS:9602,-0.00031635558367604233,-0.00031635558367604233,True,25.5,25.5,True
WSSEC:WS:XTKS:9735,WS:XTKS:9735,-0.013051584835301444,-0.013051584835301444,True,92.0,92.0,True
WSSEC:WS:XTKS:9766,WS:XTKS:9766,0.015910710045119902,0.015910710045119902,True,550.0,550.0,True
WSSEC:WS:XTKS:9843,WS:XTKS:9843,0.0013201320132012473,0.0013201320132012473,True,77.5,77.5,True
WSSEC:WS:XTKS:9983,WS:XTKS:9983,0.0035460992907800915,0.0035460992907800915,True,1740.0,1740.0,True
WSSEC:WS:XTKS:9984,WS:XTKS:9984,0.005859065716547818,0.005859065716547818,True,493.0,493.0,True
