WS_ID,Yahoo_Symbol,History_State,History_Source,Unique_Bars,Valid_Bars,First_Bar,Last_Bar,Future,Duplicates,Dup_Source,Pass_260,Pass_252,Bar_QA_Status,Eligibility_DryRun,Sqlite_Used
WS:ISIN:INE002A01018,RELIANCE.NS,PASS_HISTORY_CURRENT,v0.38,499,499,2024-09-02,2026-08-31,NO,NO,CSV_UNIQUE_ONLY,YES,YES,PASS_BAR_QA,PASS_STRICT_CANDIDATE,NO
WS:ISIN:INE009A01021,INFY.NS,PASS_HISTORY_CURRENT,v0.38,499,499,2024-09-02,2026-08-31,NO,NO,CSV_UNIQUE_ONLY,YES,YES,PASS_BAR_QA,PASS_STRICT_CANDIDATE,NO
WS:ISIN:INE018A01030,LT.NS,PASS_HISTORY_CURRENT,v0.38,499,499,2024-09-02,2026-08-31,NO,NO,CSV_UNIQUE_ONLY,YES,YES,PASS_BAR_QA,PASS_STRICT_CANDIDATE,NO
WS:ISIN:INE019A01038,JSWSTEEL.NS,PASS_HISTORY_CURRENT,v0.38,499,499,2024-09-02,2026-08-31,NO,NO,CSV_UNIQUE_ONLY,YES,YES,PASS_BAR_QA,PASS_STRICT_CANDIDATE,NO
WS:ISIN:INE021A01026,ASIANPAINT.NS,PASS_HISTORY_CURRENT,v0.38,499,499,2024-09-02,2026-08-31,NO,NO,CSV_UNIQUE_ONLY,YES,YES,PASS_BAR_QA,PASS_STRICT_CANDIDATE,NO
WS:ISIN:INE027H01010,MAXHEALTH.NS,PASS_HISTORY_CURRENT,v0.38,499,499,2024-09-02,2026-08-31,NO,NO,CSV_UNIQUE_ONLY,YES,YES,PASS_BAR_QA,PASS_STRICT_CANDIDATE,NO
WS:ISIN:INE030A01027,HINDUNILVR.NS,PASS_HISTORY_CURRENT,v0.38,499,499,2024-09-02,2026-08-31,NO,NO,CSV_UNIQUE_ONLY,YES,YES,PASS_BAR_QA,PASS_STRICT_CANDIDATE,NO
WS:ISIN:INE038A01020,HINDALCO.NS,PASS_HISTORY_CURRENT,v0.38,498,498,2024-09-02,2026-08-28,NO,NO,CSV_UNIQUE_ONLY,YES,YES,PASS_BAR_QA,PASS_STRICT_CANDIDATE,NO
WS:ISIN:INE040A01034,HDFCBANK.NS,PASS_HISTORY_CURRENT,v0.38,499,499,2024-09-02,2026-08-31,NO,NO,CSV_UNIQUE_ONLY,YES,YES,PASS_BAR_QA,PASS_STRICT_CANDIDATE,NO
WS:ISIN:INE044A01036,SUNPHARMA.NS,PASS_HISTORY_CURRENT,v0.38,499,499,2024-09-02,2026-08-31,NO,NO,CSV_UNIQUE_ONLY,YES,YES,PASS_BAR_QA,PASS_STRICT_CANDIDATE,NO
WS:ISIN:INE047A01021,GRASIM.NS,PASS_HISTORY_CURRENT,v0.38,498,498,2024-09-02,2026-08-28,NO,NO,CSV_UNIQUE_ONLY,YES,YES,PASS_BAR_QA,PASS_STRICT_CANDIDATE,NO
WS:ISIN:INE059A01026,CIPLA.NS,PASS_HISTORY_CURRENT,v0.38,499,499,2024-09-02,2026-08-31,NO,NO,CSV_UNIQUE_ONLY,YES,YES,PASS_BAR_QA,LOW_LIQUIDITY_EXCEPTION,NO
WS:ISIN:INE062A01020,SBIN.NS,PASS_HISTORY_CURRENT,v0.38,499,499,2024-09-02,2026-08-31,NO,NO,CSV_UNIQUE_ONLY,YES,YES,PASS_BAR_QA,PASS_STRICT_CANDIDATE,NO
WS:ISIN:INE066A01021,EICHERMOT.NS,PASS_HISTORY_CURRENT,v0.38,499,499,2024-09-02,2026-08-31,NO,NO,CSV_UNIQUE_ONLY,YES,YES,PASS_BAR_QA,PASS_STRICT_CANDIDATE,NO
WS:ISIN:INE075A01022,WIPRO.NS,PASS_HISTORY_CURRENT,v0.38,499,499,2024-09-02,2026-08-31,NO,NO,CSV_UNIQUE_ONLY,YES,YES,PASS_BAR_QA,LOW_LIQUIDITY_EXCEPTION,NO
WS:ISIN:INE081A01020,TATASTEEL.NS,PASS_HISTORY_CURRENT,v0.38,499,499,2024-09-02,2026-08-31,NO,NO,CSV_UNIQUE_ONLY,YES,YES,PASS_BAR_QA,PASS_STRICT_CANDIDATE,NO
WS:ISIN:INE089A01031,DRREDDY.NS,PASS_HISTORY_CURRENT,v0.38,499,499,2024-09-02,2026-08-31,NO,NO,CSV_UNIQUE_ONLY,YES,YES,PASS_BAR_QA,PASS_STRICT_CANDIDATE,NO
WS:ISIN:INE090A01021,ICICIBANK.NS,PASS_HISTORY_CURRENT,v0.38,499,499,2024-09-02,2026-08-31,NO,NO,CSV_UNIQUE_ONLY,YES,YES,PASS_BAR_QA,PASS_STRICT_CANDIDATE,NO
WS:ISIN:INE101A01026,M&M.NS,PASS_HISTORY_CURRENT,v0.38,499,499,2024-09-02,2026-08-31,NO,NO,CSV_UNIQUE_ONLY,YES,YES,PASS_BAR_QA,PASS_STRICT_CANDIDATE,NO
WS:ISIN:INE123W01016,SBILIFE.NS,PASS_HISTORY_CURRENT,v0.38,499,499,2024-09-02,2026-08-31,NO,NO,CSV_UNIQUE_ONLY,YES,YES,PASS_BAR_QA,LOW_LIQUIDITY_EXCEPTION,NO
WS:ISIN:INE154A01025,ITC.NS,PASS_HISTORY_CURRENT,v0.38,499,499,2024-09-02,2026-08-31,NO,NO,CSV_UNIQUE_ONLY,YES,YES,PASS_BAR_QA,PASS_STRICT_CANDIDATE,NO
WS:ISIN:INE155A01022,TMPV.NS,PASS_HISTORY_CURRENT,v0.38,499,499,2024-09-02,2026-08-31,NO,NO,CSV_UNIQUE_ONLY,YES,YES,PASS_BAR_QA,PASS_STRICT_CANDIDATE,NO
WS:ISIN:INE192A01025,TATACONSUM.NS,PASS_HISTORY_CURRENT,v0.38,499,499,2024-09-02,2026-08-31,NO,NO,CSV_UNIQUE_ONLY,YES,YES,PASS_BAR_QA,LOW_LIQUIDITY_EXCEPTION,NO
WS:ISIN:INE213A01029,ONGC.NS,PASS_HISTORY_CURRENT,v0.38,498,498,2024-09-02,2026-08-28,NO,NO,CSV_UNIQUE_ONLY,YES,YES,PASS_BAR_QA,PASS_STRICT_CANDIDATE,NO
WS:ISIN:INE237A01036,KOTAKBANK.NS,PASS_HISTORY_CURRENT,v0.38,499,499,2024-09-02,2026-08-31,NO,NO,CSV_UNIQUE_ONLY,YES,YES,PASS_BAR_QA,PASS_STRICT_CANDIDATE,NO
WS:ISIN:INE238A01034,AXISBANK.NS,PASS_HISTORY_CURRENT,v0.38,498,498,2024-09-02,2026-08-28,NO,NO,CSV_UNIQUE_ONLY,YES,YES,PASS_BAR_QA,PASS_STRICT_CANDIDATE,NO
WS:ISIN:INE239A01024,NESTLEIND.NS,PASS_HISTORY_CURRENT,v0.38,499,499,2024-09-02,2026-08-31,NO,NO,CSV_UNIQUE_ONLY,YES,YES,PASS_BAR_QA,PASS_STRICT_CANDIDATE,NO
WS:ISIN:INE263A01024,BEL.NS,PASS_HISTORY_CURRENT,v0.38,499,499,2024-09-02,2026-08-31,NO,NO,CSV_UNIQUE_ONLY,YES,YES,PASS_BAR_QA,PASS_STRICT_CANDIDATE,NO
WS:ISIN:INE280A01028,TITAN.NS,PASS_HISTORY_CURRENT,v0.38,499,499,2024-09-02,2026-08-31,NO,NO,CSV_UNIQUE_ONLY,YES,YES,PASS_BAR_QA,PASS_STRICT_CANDIDATE,NO
WS:ISIN:INE296A01032,BAJFINANCE.NS,PASS_HISTORY_CURRENT,v0.38,498,498,2024-09-02,2026-08-28,NO,NO,CSV_UNIQUE_ONLY,YES,YES,PASS_BAR_QA,PASS_STRICT_CANDIDATE,NO
WS:ISIN:INE397D01024,BHARTIARTL.NS,PASS_HISTORY_CURRENT,v0.38,499,499,2024-09-02,2026-08-31,NO,NO,CSV_UNIQUE_ONLY,YES,YES,PASS_BAR_QA,PASS_STRICT_CANDIDATE,NO
WS:ISIN:INE423A01024,ADANIENT.NS,PASS_HISTORY_CURRENT,v0.38,499,499,2024-09-02,2026-08-31,NO,NO,CSV_UNIQUE_ONLY,YES,YES,PASS_BAR_QA,PASS_STRICT_CANDIDATE,NO
WS:ISIN:INE437A01024,APOLLOHOSP.NS,PASS_HISTORY_CURRENT,v0.38,498,498,2024-09-02,2026-08-28,NO,NO,CSV_UNIQUE_ONLY,YES,YES,PASS_BAR_QA,PASS_STRICT_CANDIDATE,NO
WS:ISIN:INE467B01029,TCS.NS,PASS_HISTORY_CURRENT,v0.38,499,499,2024-09-02,2026-08-31,NO,NO,CSV_UNIQUE_ONLY,YES,YES,PASS_BAR_QA,PASS_STRICT_CANDIDATE,NO
WS:ISIN:INE481G01011,ULTRACEMCO.NS,PASS_HISTORY_CURRENT,v0.38,498,498,2024-09-02,2026-08-28,NO,NO,CSV_UNIQUE_ONLY,YES,YES,PASS_BAR_QA,PASS_STRICT_CANDIDATE,NO
WS:ISIN:INE522F01014,COALINDIA.NS,PASS_HISTORY_CURRENT,v0.38,499,499,2024-09-02,2026-08-31,NO,NO,CSV_UNIQUE_ONLY,YES,YES,PASS_BAR_QA,PASS_STRICT_CANDIDATE,NO
WS:ISIN:INE585B01010,MARUTI.NS,PASS_HISTORY_CURRENT,v0.38,499,499,2024-09-02,2026-08-31,NO,NO,CSV_UNIQUE_ONLY,YES,YES,PASS_BAR_QA,PASS_STRICT_CANDIDATE,NO
WS:ISIN:INE646L01027,INDIGO.NS,PASS_HISTORY_CURRENT,v0.38,498,498,2024-09-02,2026-08-31,NO,NO,CSV_UNIQUE_ONLY,YES,YES,PASS_BAR_QA,PASS_STRICT_CANDIDATE,NO
WS:ISIN:INE669C01036,TECHM.NS,PASS_HISTORY_CURRENT,v0.38,499,499,2024-09-02,2026-08-31,NO,NO,CSV_UNIQUE_ONLY,YES,YES,PASS_BAR_QA,PASS_STRICT_CANDIDATE,NO
WS:ISIN:INE721A01047,SHRIRAMFIN.NS,PASS_HISTORY_CURRENT,v0.38,499,499,2024-09-02,2026-08-31,NO,NO,CSV_UNIQUE_ONLY,YES,YES,PASS_BAR_QA,PASS_STRICT_CANDIDATE,NO
WS:ISIN:INE733E01010,NTPC.NS,PASS_HISTORY_CURRENT,v0.38,499,499,2024-09-02,2026-08-31,NO,NO,CSV_UNIQUE_ONLY,YES,YES,PASS_BAR_QA,PASS_STRICT_CANDIDATE,NO
WS:ISIN:INE742F01042,ADANIPORTS.NS,PASS_HISTORY_CURRENT,v0.38,499,499,2024-09-02,2026-08-31,NO,NO,CSV_UNIQUE_ONLY,YES,YES,PASS_BAR_QA,PASS_STRICT_CANDIDATE,NO
WS:ISIN:INE752E01010,POWERGRID.NS,PASS_HISTORY_CURRENT,v0.38,499,499,2024-09-02,2026-08-31,NO,NO,CSV_UNIQUE_ONLY,YES,YES,PASS_BAR_QA,PASS_STRICT_CANDIDATE,NO
WS:ISIN:INE758E01017,JIOFIN.NS,PASS_HISTORY_CURRENT,v0.38,499,499,2024-09-02,2026-08-31,NO,NO,CSV_UNIQUE_ONLY,YES,YES,PASS_BAR_QA,PASS_STRICT_CANDIDATE,NO
WS:ISIN:INE758T01015,ETERNAL.NS,PASS_HISTORY_CURRENT,v0.38,499,499,2024-09-02,2026-08-31,NO,NO,CSV_UNIQUE_ONLY,YES,YES,PASS_BAR_QA,PASS_STRICT_CANDIDATE,NO
WS:ISIN:INE795G01014,HDFCLIFE.NS,PASS_HISTORY_CURRENT,v0.38,499,499,2024-09-02,2026-08-31,NO,NO,CSV_UNIQUE_ONLY,YES,YES,PASS_BAR_QA,LOW_LIQUIDITY_EXCEPTION,NO
WS:ISIN:INE849A01020,TRENT.NS,PASS_HISTORY_CURRENT,v0.38,498,498,2024-09-02,2026-08-28,NO,NO,CSV_UNIQUE_ONLY,YES,YES,PASS_BAR_QA,PASS_STRICT_CANDIDATE,NO
WS:ISIN:INE860A01027,HCLTECH.NS,PASS_HISTORY_CURRENT,v0.38,499,499,2024-09-02,2026-08-31,NO,NO,CSV_UNIQUE_ONLY,YES,YES,PASS_BAR_QA,PASS_STRICT_CANDIDATE,NO
WS:ISIN:INE917I01010,BAJAJ-AUTO.NS,PASS_HISTORY_CURRENT,v0.38,498,498,2024-09-02,2026-08-28,NO,NO,CSV_UNIQUE_ONLY,YES,YES,PASS_BAR_QA,PASS_STRICT_CANDIDATE,NO
WS:ISIN:INE918I01026,BAJAJFINSV.NS,PASS_HISTORY_CURRENT,v0.38,499,499,2024-09-02,2026-08-31,NO,NO,CSV_UNIQUE_ONLY,YES,YES,PASS_BAR_QA,PASS_STRICT_CANDIDATE,NO
WS:ISIN:KYG022421088,3661.TW,PASS_HISTORY_CURRENT,v0.38,484,484,2024-09-02,2026-08-31,NO,NO,CSV_UNIQUE_ONLY,YES,YES,PASS_BAR_QA,PASS_STRICT_CANDIDATE,NO
WS:ISIN:KYG114741062,3665.TW,PASS_HISTORY_CURRENT,v0.38,484,484,2024-09-02,2026-08-31,NO,NO,CSV_UNIQUE_ONLY,YES,YES,PASS_BAR_QA,PASS_STRICT_CANDIDATE,NO
WS:ISIN:KYG989221000,4958.TW,PASS_HISTORY_CURRENT,v0.38,484,484,2024-09-02,2026-08-31,NO,NO,CSV_UNIQUE_ONLY,YES,YES,PASS_BAR_QA,PASS_STRICT_CANDIDATE,NO
WS:ISIN:TW0001216000,1216.TW,PASS_HISTORY_CURRENT,v0.38,484,484,2024-09-02,2026-08-31,NO,NO,CSV_UNIQUE_ONLY,YES,YES,PASS_BAR_QA,PASS_STRICT_CANDIDATE,NO
WS:ISIN:TW0001303006,1303.TW,PASS_HISTORY_CURRENT,v0.38,484,484,2024-09-02,2026-08-31,NO,NO,CSV_UNIQUE_ONLY,YES,YES,PASS_BAR_QA,PASS_STRICT_CANDIDATE,NO
WS:ISIN:TW0002059003,2059.TW,PASS_HISTORY_CURRENT,v0.38,484,484,2024-09-02,2026-08-31,NO,NO,CSV_UNIQUE_ONLY,YES,YES,PASS_BAR_QA,PASS_STRICT_CANDIDATE,NO
WS:ISIN:TW0002301009,2301.TW,PASS_HISTORY_CURRENT,v0.38,484,484,2024-09-02,2026-08-31,NO,NO,CSV_UNIQUE_ONLY,YES,YES,PASS_BAR_QA,PASS_STRICT_CANDIDATE,NO
WS:ISIN:TW0002303005,2303.TW,PASS_HISTORY_CURRENT,v0.38,484,484,2024-09-02,2026-08-31,NO,NO,CSV_UNIQUE_ONLY,YES,YES,PASS_BAR_QA,PASS_STRICT_CANDIDATE,NO
WS:ISIN:TW0002308004,2308.TW,PASS_HISTORY_CURRENT,v0.38,484,484,2024-09-02,2026-08-31,NO,NO,CSV_UNIQUE_ONLY,YES,YES,PASS_BAR_QA,PASS_STRICT_CANDIDATE,NO
WS:ISIN:TW0002317005,2317.TW,PASS_HISTORY_CURRENT,v0.38,484,484,2024-09-02,2026-08-31,NO,NO,CSV_UNIQUE_ONLY,YES,YES,PASS_BAR_QA,PASS_STRICT_CANDIDATE,NO
WS:ISIN:TW0002327004,2327.TW,PASS_HISTORY_CURRENT,v0.38,484,484,2024-09-02,2026-08-31,NO,NO,CSV_UNIQUE_ONLY,YES,YES,PASS_BAR_QA,PASS_STRICT_CANDIDATE,NO
WS:ISIN:TW0002330008,2330.TW,PASS_HISTORY_CURRENT,v0.38,484,484,2024-09-02,2026-08-31,NO,NO,CSV_UNIQUE_ONLY,YES,YES,PASS_BAR_QA,PASS_STRICT_CANDIDATE,NO
WS:ISIN:TW0002344009,2344.TW,PASS_HISTORY_CURRENT,v0.38,484,484,2024-09-02,2026-08-31,NO,NO,CSV_UNIQUE_ONLY,YES,YES,PASS_BAR_QA,PASS_STRICT_CANDIDATE,NO
WS:ISIN:TW0002345006,2345.TW,PASS_HISTORY_CURRENT,v0.38,484,484,2024-09-02,2026-08-31,NO,NO,CSV_UNIQUE_ONLY,YES,YES,PASS_BAR_QA,PASS_STRICT_CANDIDATE,NO
WS:ISIN:TW0002357001,2357.TW,PASS_HISTORY_CURRENT,v0.38,484,484,2024-09-02,2026-08-31,NO,NO,CSV_UNIQUE_ONLY,YES,YES,PASS_BAR_QA,PASS_STRICT_CANDIDATE,NO
WS:ISIN:TW0002360005,2360.TW,PASS_HISTORY_CURRENT,v0.38,484,484,2024-09-02,2026-08-31,NO,NO,CSV_UNIQUE_ONLY,YES,YES,PASS_BAR_QA,PASS_STRICT_CANDIDATE,NO
WS:ISIN:TW0002368008,2368.TW,PASS_HISTORY_CURRENT,v0.38,484,484,2024-09-02,2026-08-31,NO,NO,CSV_UNIQUE_ONLY,YES,YES,PASS_BAR_QA,PASS_STRICT_CANDIDATE,NO
WS:ISIN:TW0002382009,2382.TW,PASS_HISTORY_CURRENT,v0.38,484,484,2024-09-02,2026-08-31,NO,NO,CSV_UNIQUE_ONLY,YES,YES,PASS_BAR_QA,PASS_STRICT_CANDIDATE,NO
WS:ISIN:TW0002383007,2383.TW,PASS_HISTORY_CURRENT,v0.38,484,484,2024-09-02,2026-08-31,NO,NO,CSV_UNIQUE_ONLY,YES,YES,PASS_BAR_QA,PASS_STRICT_CANDIDATE,NO
WS:ISIN:TW0002395001,2395.TW,PASS_HISTORY_CURRENT,v0.38,484,484,2024-09-02,2026-08-31,NO,NO,CSV_UNIQUE_ONLY,YES,YES,PASS_BAR_QA,PASS_STRICT_CANDIDATE,NO
WS:ISIN:TW0002408002,2408.TW,PASS_HISTORY_CURRENT,v0.38,484,484,2024-09-02,2026-08-31,NO,NO,CSV_UNIQUE_ONLY,YES,YES,PASS_BAR_QA,PASS_STRICT_CANDIDATE,NO
WS:ISIN:TW0002412004,2412.TW,PASS_HISTORY_CURRENT,v0.38,484,484,2024-09-02,2026-08-31,NO,NO,CSV_UNIQUE_ONLY,YES,YES,PASS_BAR_QA,PASS_STRICT_CANDIDATE,NO
WS:ISIN:TW0002449006,2449.TW,PASS_HISTORY_CURRENT,v0.38,484,484,2024-09-02,2026-08-31,NO,NO,CSV_UNIQUE_ONLY,YES,YES,PASS_BAR_QA,PASS_STRICT_CANDIDATE,NO
WS:ISIN:TW0002454006,2454.TW,PASS_HISTORY_CURRENT,v0.38,484,484,2024-09-02,2026-08-31,NO,NO,CSV_UNIQUE_ONLY,YES,YES,PASS_BAR_QA,PASS_STRICT_CANDIDATE,NO
WS:ISIN:TW0002603008,2603.TW,PASS_HISTORY_CURRENT,v0.38,484,484,2024-09-02,2026-08-31,NO,NO,CSV_UNIQUE_ONLY,YES,YES,PASS_BAR_QA,PASS_STRICT_CANDIDATE,NO
WS:ISIN:TW0002880002,2880.TW,PASS_HISTORY_CURRENT,v0.38,484,484,2024-09-02,2026-08-31,NO,NO,CSV_UNIQUE_ONLY,YES,YES,PASS_BAR_QA,PASS_STRICT_CANDIDATE,NO
WS:ISIN:TW0002881000,2881.TW,PASS_HISTORY_CURRENT,v0.38,484,484,2024-09-02,2026-08-31,NO,NO,CSV_UNIQUE_ONLY,YES,YES,PASS_BAR_QA,PASS_STRICT_CANDIDATE,NO
WS:ISIN:TW0002882008,2882.TW,PASS_HISTORY_CURRENT,v0.38,484,484,2024-09-02,2026-08-31,NO,NO,CSV_UNIQUE_ONLY,YES,YES,PASS_BAR_QA,PASS_STRICT_CANDIDATE,NO
WS:ISIN:TW0002883006,2883.TW,PASS_HISTORY_CURRENT,v0.38,484,484,2024-09-02,2026-08-31,NO,NO,CSV_UNIQUE_ONLY,YES,YES,PASS_BAR_QA,PASS_STRICT_CANDIDATE,NO
WS:ISIN:TW0002884004,2884.TW,PASS_HISTORY_CURRENT,v0.38,484,484,2024-09-02,2026-08-31,NO,NO,CSV_UNIQUE_ONLY,YES,YES,PASS_BAR_QA,PASS_STRICT_CANDIDATE,NO
WS:ISIN:TW0002885001,2885.TW,PASS_HISTORY_CURRENT,v0.38,484,484,2024-09-02,2026-08-31,NO,NO,CSV_UNIQUE_ONLY,YES,YES,PASS_BAR_QA,PASS_STRICT_CANDIDATE,NO
WS:ISIN:TW0002886009,2886.TW,PASS_HISTORY_CURRENT,v0.38,484,484,2024-09-02,2026-08-31,NO,NO,CSV_UNIQUE_ONLY,YES,YES,PASS_BAR_QA,PASS_STRICT_CANDIDATE,NO
WS:ISIN:TW0002887007,2887.TW,PASS_HISTORY_CURRENT,v0.38,484,484,2024-09-02,2026-08-31,NO,NO,CSV_UNIQUE_ONLY,YES,YES,PASS_BAR_QA,PASS_STRICT_CANDIDATE,NO
WS:ISIN:TW0002890001,2890.TW,PASS_HISTORY_CURRENT,v0.38,484,484,2024-09-02,2026-08-31,NO,NO,CSV_UNIQUE_ONLY,YES,YES,PASS_BAR_QA,PASS_STRICT_CANDIDATE,NO
WS:ISIN:TW0002891009,2891.TW,PASS_HISTORY_CURRENT,v0.38,484,484,2024-09-02,2026-08-31,NO,NO,CSV_UNIQUE_ONLY,YES,YES,PASS_BAR_QA,PASS_STRICT_CANDIDATE,NO
WS:ISIN:TW0002892007,2892.TW,PASS_HISTORY_CURRENT,v0.38,484,484,2024-09-02,2026-08-31,NO,NO,CSV_UNIQUE_ONLY,YES,YES,PASS_BAR_QA,PASS_STRICT_CANDIDATE,NO
WS:ISIN:TW0003008009,3008.TW,PASS_HISTORY_CURRENT,v0.38,484,484,2024-09-02,2026-08-31,NO,NO,CSV_UNIQUE_ONLY,YES,YES,PASS_BAR_QA,PASS_STRICT_CANDIDATE,NO
WS:ISIN:TW0003017000,3017.TW,PASS_HISTORY_CURRENT,v0.38,484,484,2024-09-02,2026-08-31,NO,NO,CSV_UNIQUE_ONLY,YES,YES,PASS_BAR_QA,PASS_STRICT_CANDIDATE,NO
WS:ISIN:TW0003037008,3037.TW,PASS_HISTORY_CURRENT,v0.38,484,484,2024-09-02,2026-08-31,NO,NO,CSV_UNIQUE_ONLY,YES,YES,PASS_BAR_QA,PASS_STRICT_CANDIDATE,NO
WS:ISIN:TW0003045001,3045.TW,PASS_HISTORY_CURRENT,v0.38,484,484,2024-09-02,2026-08-31,NO,NO,CSV_UNIQUE_ONLY,YES,YES,PASS_BAR_QA,PASS_STRICT_CANDIDATE,NO
WS:ISIN:TW0003231007,3231.TW,PASS_HISTORY_CURRENT,v0.38,484,484,2024-09-02,2026-08-31,NO,NO,CSV_UNIQUE_ONLY,YES,YES,PASS_BAR_QA,PASS_STRICT_CANDIDATE,NO
WS:ISIN:TW0003443008,3443.TW,PASS_HISTORY_CURRENT,v0.38,484,484,2024-09-02,2026-08-31,NO,NO,CSV_UNIQUE_ONLY,YES,YES,PASS_BAR_QA,PASS_STRICT_CANDIDATE,NO
WS:ISIN:TW0003653002,3653.TW,PASS_HISTORY_CURRENT,v0.38,484,484,2024-09-02,2026-08-31,NO,NO,CSV_UNIQUE_ONLY,YES,YES,PASS_BAR_QA,PASS_STRICT_CANDIDATE,NO
WS:ISIN:TW0004904008,4904.TW,PASS_HISTORY_CURRENT,v0.38,484,484,2024-09-02,2026-08-31,NO,NO,CSV_UNIQUE_ONLY,YES,YES,PASS_BAR_QA,PASS_STRICT_CANDIDATE,NO
WS:ISIN:TW0005880009,5880.TW,PASS_HISTORY_CURRENT,v0.38,484,484,2024-09-02,2026-08-31,NO,NO,CSV_UNIQUE_ONLY,YES,YES,PASS_BAR_QA,LOW_LIQUIDITY_EXCEPTION,NO
WS:ISIN:TW0006505001,6505.TW,PASS_HISTORY_CURRENT,v0.38,484,484,2024-09-02,2026-08-31,NO,NO,CSV_UNIQUE_ONLY,YES,YES,PASS_BAR_QA,PASS_STRICT_CANDIDATE,NO
WS:ISIN:TW0008046004,8046.TW,PASS_HISTORY_CURRENT,v0.38,484,484,2024-09-02,2026-08-31,NO,NO,CSV_UNIQUE_ONLY,YES,YES,PASS_BAR_QA,PASS_STRICT_CANDIDATE,NO
WS:XAMS:AALB.AS,AALB.AS,PASS_HISTORY_CURRENT,v0.38,509,508,2024-09-02,2026-08-28,NO,NO,CSV_UNIQUE_ONLY,YES,YES,PASS_BAR_QA,INSTRUMENT_REVIEW,NO
WS:XAMS:ABND.AS,ABN.AS,PASS_HISTORY_CURRENT,v0.47,511,511,2024-09-04,2026-09-04,NO,NO,SQLITE,YES,YES,PASS_BAR_QA,INSTRUMENT_REVIEW,YES
WS:XAMS:AD.AS,AD.AS,PASS_HISTORY_CURRENT,v0.38,509,508,2024-09-02,2026-08-28,NO,NO,CSV_UNIQUE_ONLY,YES,YES,PASS_BAR_QA,INSTRUMENT_REVIEW,NO
WS:XAMS:ADYEN.AS,ADYEN.AS,PASS_HISTORY_CURRENT,v0.38,509,508,2024-09-02,2026-08-28,NO,NO,CSV_UNIQUE_ONLY,YES,YES,PASS_BAR_QA,INSTRUMENT_REVIEW,NO
WS:XAMS:AEGN.AS,AGN.AS,PASS_HISTORY_CURRENT,v0.47,511,511,2024-09-04,2026-09-04,NO,NO,SQLITE,YES,YES,PASS_BAR_QA,PASS_STRICT_CANDIDATE,YES
WS:XAMS:AKZO.AS,AKZA.AS,PASS_HISTORY_CURRENT,v0.47,511,511,2024-09-04,2026-09-04,NO,NO,SQLITE,YES,YES,PASS_BAR_QA,PASS_STRICT_CANDIDATE,YES
WS:XAMS:ALLFG.AS,ALLFG.AS,PASS_HISTORY_CURRENT,v0.38,509,508,2024-09-02,2026-08-28,NO,NO,CSV_UNIQUE_ONLY,YES,YES,PASS_BAR_QA,INSTRUMENT_REVIEW,NO
WS:XAMS:ARDS.AS,ARCAD.AS,PASS_HISTORY_CURRENT,v0.47,511,511,2024-09-04,2026-09-04,NO,NO,SQLITE,YES,YES,PASS_BAR_QA,LOW_LIQUIDITY_EXCEPTION,YES
WS:XAMS:ASMI.AS,ASM.AS,PASS_HISTORY_CURRENT,v0.47,511,511,2024-09-04,2026-09-04,NO,NO,SQLITE,YES,YES,PASS_BAR_QA,PASS_STRICT_CANDIDATE,YES
WS:XAMS:ASML.AS,ASML.AS,PASS_HISTORY_CURRENT,v0.38,509,508,2024-09-02,2026-08-28,NO,NO,CSV_UNIQUE_ONLY,YES,YES,PASS_BAR_QA,INSTRUMENT_REVIEW,NO
WS:XAMS:ASRNL.AS,ASRNL.AS,PASS_HISTORY_CURRENT,v0.38,509,508,2024-09-02,2026-08-28,NO,NO,CSV_UNIQUE_ONLY,YES,YES,PASS_BAR_QA,INSTRUMENT_REVIEW,NO
WS:XAMS:BAMN.AS,BAMNB.AS,PASS_HISTORY_CURRENT,v0.47,511,511,2024-09-04,2026-09-04,NO,NO,SQLITE,YES,YES,PASS_BAR_QA,LOW_LIQUIDITY_EXCEPTION,YES
WS:XAMS:BESI.AS,BESI.AS,PASS_HISTORY_CURRENT,v0.38,509,508,2024-09-02,2026-08-28,NO,NO,CSV_UNIQUE_ONLY,YES,YES,PASS_BAR_QA,INSTRUMENT_REVIEW,NO
WS:XAMS:CSG.AS,CSG.AS,DATA_QUALITY_FAIL,v0.38,154,153,2026-01-23,2026-08-28,NO,NO,CSV_UNIQUE_ONLY,NO,NO,FAIL_LT_260+LT_252,DATA_QUALITY_FAIL,NO
WS:XAMS:CVC.AS,CVC.AS,PASS_HISTORY_CURRENT,v0.38,509,508,2024-09-02,2026-08-28,NO,NO,CSV_UNIQUE_ONLY,YES,YES,PASS_BAR_QA,INSTRUMENT_REVIEW,NO
WS:XAMS:DSFIR.AS,DSFIR.AS,PASS_HISTORY_CURRENT,v0.38,509,508,2024-09-02,2026-08-28,NO,NO,CSV_UNIQUE_ONLY,YES,YES,PASS_BAR_QA,INSTRUMENT_REVIEW,NO
WS:XAMS:EXOR.AS,EXO.AS,PASS_HISTORY_CURRENT,v0.47,511,511,2024-09-04,2026-09-04,NO,NO,SQLITE,YES,YES,PASS_BAR_QA,LOW_LIQUIDITY_EXCEPTION,YES
WS:XAMS:HEIN.AS,HEIA.AS,PASS_HISTORY_CURRENT,v0.38,509,508,2024-09-02,2026-08-28,NO,NO,CSV_UNIQUE_ONLY,YES,YES,PASS_BAR_QA,INSTRUMENT_REVIEW,NO
WS:XAMS:HEIO.AS,HEIO.AS,PASS_HISTORY_CURRENT,v0.38,509,508,2024-09-02,2026-08-28,NO,NO,CSV_UNIQUE_ONLY,YES,YES,PASS_BAR_QA,INSTRUMENT_REVIEW,NO
WS:XAMS:IMCD.AS,IMCD.AS,PASS_HISTORY_CURRENT,v0.38,509,508,2024-09-02,2026-08-28,NO,NO,CSV_UNIQUE_ONLY,YES,YES,PASS_BAR_QA,INSTRUMENT_REVIEW,NO
WS:XAMS:INGA.AS,INGA.AS,PASS_HISTORY_CURRENT,v0.38,509,508,2024-09-02,2026-08-28,NO,NO,CSV_UNIQUE_ONLY,YES,YES,PASS_BAR_QA,INSTRUMENT_REVIEW,NO
WS:XAMS:INPST.AS,INPST.AS,PASS_HISTORY_CURRENT,v0.38,509,508,2024-09-02,2026-08-28,NO,NO,CSV_UNIQUE_ONLY,YES,YES,PASS_BAR_QA,INSTRUMENT_REVIEW,NO
WS:XAMS:KPN.AS,KPN.AS,PASS_HISTORY_CURRENT,v0.38,509,508,2024-09-02,2026-08-28,NO,NO,CSV_UNIQUE_ONLY,YES,YES,PASS_BAR_QA,INSTRUMENT_REVIEW,NO
WS:XAMS:LIGHT.AS,LIGHT.AS,PASS_HISTORY_CURRENT,v0.38,509,508,2024-09-02,2026-08-28,NO,NO,CSV_UNIQUE_ONLY,YES,YES,PASS_BAR_QA,INSTRUMENT_REVIEW,NO
WS:XAMS:MICCT.AS,MICC.AS,INSUFFICIENT_HISTORY,v0.47,189,189,2025-12-08,2026-09-04,NO,NO,SQLITE,NO,NO,FAIL_LT_260+LT_252,INSUFFICIENT_HISTORY,YES
WS:XAMS:MT.AS,MT.AS,PASS_HISTORY_CURRENT,v0.38,509,508,2024-09-02,2026-08-28,NO,NO,CSV_UNIQUE_ONLY,YES,YES,PASS_BAR_QA,INSTRUMENT_REVIEW,NO
WS:XAMS:NN.AS,NN.AS,PASS_HISTORY_CURRENT,v0.38,509,508,2024-09-02,2026-08-28,NO,NO,CSV_UNIQUE_ONLY,YES,YES,PASS_BAR_QA,INSTRUMENT_REVIEW,NO
WS:XAMS:PHG.AS,PHIA.AS,PASS_HISTORY_CURRENT,v0.47,511,511,2024-09-04,2026-09-04,NO,NO,SQLITE,YES,YES,PASS_BAR_QA,PASS_STRICT_CANDIDATE,YES
WS:XAMS:PRX.AS,PRX.AS,PASS_HISTORY_CURRENT,v0.38,509,508,2024-09-02,2026-08-28,NO,NO,CSV_UNIQUE_ONLY,YES,YES,PASS_BAR_QA,INSTRUMENT_REVIEW,NO
WS:XAMS:RAND.AS,RAND.AS,PASS_HISTORY_CURRENT,v0.38,509,508,2024-09-02,2026-08-28,NO,NO,CSV_UNIQUE_ONLY,YES,YES,PASS_BAR_QA,INSTRUMENT_REVIEW,NO
WS:XAMS:SBMO.AS,SBMO.AS,PASS_HISTORY_CURRENT,v0.38,509,508,2024-09-02,2026-08-28,NO,NO,CSV_UNIQUE_ONLY,YES,YES,PASS_BAR_QA,INSTRUMENT_REVIEW,NO
WS:XAMS:SHEL.AS,SHELL.AS,PASS_HISTORY_CURRENT,v0.47,511,511,2024-09-04,2026-09-04,NO,NO,SQLITE,YES,YES,PASS_BAR_QA,PASS_STRICT_CANDIDATE,YES
WS:XAMS:UMG.AS,UMG.AS,PASS_HISTORY_CURRENT,v0.38,509,508,2024-09-02,2026-08-28,NO,NO,CSV_UNIQUE_ONLY,YES,YES,PASS_BAR_QA,INSTRUMENT_REVIEW,NO
WS:XAMS:VOPA.AS,VPK.AS,PASS_HISTORY_CURRENT,v0.47,511,511,2024-09-04,2026-09-04,NO,NO,SQLITE,YES,YES,PASS_BAR_QA,FAIL_LIQUIDITY,YES
WS:XAMS:WLSNC.AS,WKL.AS,PASS_HISTORY_CURRENT,v0.38,509,508,2024-09-02,2026-08-28,NO,NO,CSV_UNIQUE_ONLY,YES,YES,PASS_BAR_QA,INSTRUMENT_REVIEW,NO
WS:XBRU:ABI.BR,ABI.BR,PASS_HISTORY_CURRENT,v0.38,509,508,2024-09-02,2026-08-28,NO,NO,CSV_UNIQUE_ONLY,YES,YES,PASS_BAR_QA,INSTRUMENT_REVIEW,NO
WS:XBRU:ACKB.BR,ACKB.BR,PASS_HISTORY_CURRENT,v0.38,509,508,2024-09-02,2026-08-28,NO,NO,CSV_UNIQUE_ONLY,YES,YES,PASS_BAR_QA,INSTRUMENT_REVIEW,NO
WS:XBRU:AGES.BR,AGS.BR,PASS_HISTORY_CURRENT,v0.47,511,511,2024-09-04,2026-09-04,NO,NO,SQLITE,YES,YES,PASS_BAR_QA,PASS_STRICT_CANDIDATE,YES
WS:XBRU:AOO.BR,AED.BR,PASS_HISTORY_CURRENT,v0.47,511,511,2024-09-04,2026-09-04,NO,NO,SQLITE,YES,YES,PASS_BAR_QA,LOW_LIQUIDITY_EXCEPTION,YES
WS:XBRU:ARGX.BR,ARGX.BR,PASS_HISTORY_CURRENT,v0.38,509,508,2024-09-02,2026-08-28,NO,NO,CSV_UNIQUE_ONLY,YES,YES,PASS_BAR_QA,INSTRUMENT_REVIEW,NO
WS:XBRU:ELI.BR,ELI.BR,PASS_HISTORY_CURRENT,v0.38,509,508,2024-09-02,2026-08-28,NO,NO,CSV_UNIQUE_ONLY,YES,YES,PASS_BAR_QA,INSTRUMENT_REVIEW,NO
WS:XBRU:GBLB.BR,GBLB.BR,PASS_HISTORY_CURRENT,v0.38,509,508,2024-09-02,2026-08-28,NO,NO,CSV_UNIQUE_ONLY,YES,YES,PASS_BAR_QA,INSTRUMENT_REVIEW,NO
WS:XBRU:IETB.BR,DIE.BR,PASS_HISTORY_CURRENT,v0.47,511,511,2024-09-04,2026-09-04,NO,NO,SQLITE,YES,YES,PASS_BAR_QA,LOW_LIQUIDITY_EXCEPTION,YES
WS:XBRU:KBC.BR,KBC.BR,PASS_HISTORY_CURRENT,v0.38,509,508,2024-09-02,2026-08-28,NO,NO,CSV_UNIQUE_ONLY,YES,YES,PASS_BAR_QA,INSTRUMENT_REVIEW,NO
WS:XBRU:KBCA.BR,KBCA.BR,PASS_HISTORY_CURRENT,v0.38,509,508,2024-09-02,2026-08-28,NO,NO,CSV_UNIQUE_ONLY,YES,YES,PASS_BAR_QA,INSTRUMENT_REVIEW,NO
WS:XBRU:LOTB.BR,LOTB.BR,PASS_HISTORY_CURRENT,v0.38,509,508,2024-09-02,2026-08-28,NO,NO,CSV_UNIQUE_ONLY,YES,YES,PASS_BAR_QA,INSTRUMENT_REVIEW,NO
WS:XBRU:SOF.BR,SOF.BR,PASS_HISTORY_CURRENT,v0.38,509,508,2024-09-02,2026-08-28,NO,NO,CSV_UNIQUE_ONLY,YES,YES,PASS_BAR_QA,INSTRUMENT_REVIEW,NO
WS:XBRU:SYENS.BR,SYENS.BR,PASS_HISTORY_CURRENT,v0.38,509,508,2024-09-02,2026-08-28,NO,NO,CSV_UNIQUE_ONLY,YES,YES,PASS_BAR_QA,INSTRUMENT_REVIEW,NO
WS:XBRU:TUB.BR,TUB.BR,PASS_HISTORY_CURRENT,v0.38,509,508,2024-09-02,2026-08-28,NO,NO,CSV_UNIQUE_ONLY,YES,YES,PASS_BAR_QA,INSTRUMENT_REVIEW,NO
WS:XBRU:UCB.BR,UCB.BR,PASS_HISTORY_CURRENT,v0.38,509,508,2024-09-02,2026-08-28,NO,NO,CSV_UNIQUE_ONLY,YES,YES,PASS_BAR_QA,INSTRUMENT_REVIEW,NO
WS:XBRU:UMI.BR,UMI.BR,PASS_HISTORY_CURRENT,v0.38,509,508,2024-09-02,2026-08-28,NO,NO,CSV_UNIQUE_ONLY,YES,YES,PASS_BAR_QA,INSTRUMENT_REVIEW,NO
WS:XBRU:WDPP.BR,WDP.BR,PASS_HISTORY_CURRENT,v0.47,511,511,2024-09-04,2026-09-04,NO,NO,SQLITE,YES,YES,PASS_BAR_QA,LOW_LIQUIDITY_EXCEPTION,YES
WS:XCSE:ALKB.CO,ALK-B.CO,PASS_HISTORY_CURRENT,v0.47,498,498,2024-09-04,2026-09-04,NO,NO,SQLITE,YES,YES,PASS_BAR_QA,LOW_LIQUIDITY_EXCEPTION,YES
WS:XCSE:ALSYDB.CO,ALSYDB.CO,PASS_HISTORY_CURRENT,v0.38,496,495,2024-09-02,2026-08-28,NO,NO,CSV_UNIQUE_ONLY,YES,YES,PASS_BAR_QA,INSTRUMENT_REVIEW,NO
WS:XCSE:CARLB.CO,CARL-B.CO,PASS_HISTORY_CURRENT,v0.47,498,498,2024-09-04,2026-09-04,NO,NO,SQLITE,YES,YES,PASS_BAR_QA,PASS_STRICT_CANDIDATE,YES
WS:XCSE:COLOB.CO,COLO-B.CO,PASS_HISTORY_CURRENT,v0.47,498,498,2024-09-04,2026-09-04,NO,NO,SQLITE,YES,YES,PASS_BAR_QA,PASS_STRICT_CANDIDATE,YES
WS:XCSE:DANSKE.CO,DANSKE.CO,PASS_HISTORY_CURRENT,v0.38,496,495,2024-09-02,2026-08-28,NO,NO,CSV_UNIQUE_ONLY,YES,YES,PASS_BAR_QA,INSTRUMENT_REVIEW,NO
WS:XCSE:DEMANT.CO,DEMANT.CO,PASS_HISTORY_CURRENT,v0.38,496,495,2024-09-02,2026-08-28,NO,NO,CSV_UNIQUE_ONLY,YES,YES,PASS_BAR_QA,INSTRUMENT_REVIEW,NO
WS:XCSE:DSV.CO,DSV.CO,PASS_HISTORY_CURRENT,v0.38,496,495,2024-09-02,2026-08-28,NO,NO,CSV_UNIQUE_ONLY,YES,YES,PASS_BAR_QA,INSTRUMENT_REVIEW,NO
WS:XCSE:FLS.CO,FLS.CO,PASS_HISTORY_CURRENT,v0.38,496,495,2024-09-02,2026-08-28,NO,NO,CSV_UNIQUE_ONLY,YES,YES,PASS_BAR_QA,INSTRUMENT_REVIEW,NO
WS:XCSE:GMAB.CO,GMAB.CO,PASS_HISTORY_CURRENT,v0.38,496,495,2024-09-02,2026-08-28,NO,NO,CSV_UNIQUE_ONLY,YES,YES,PASS_BAR_QA,INSTRUMENT_REVIEW,NO
WS:XCSE:ISS.CO,ISS.CO,PASS_HISTORY_CURRENT,v0.38,496,495,2024-09-02,2026-08-28,NO,NO,CSV_UNIQUE_ONLY,YES,YES,PASS_BAR_QA,INSTRUMENT_REVIEW,NO
WS:XCSE:JYSK.CO,JYSK.CO,PASS_HISTORY_CURRENT,v0.38,496,495,2024-09-02,2026-08-28,NO,NO,CSV_UNIQUE_ONLY,YES,YES,PASS_BAR_QA,INSTRUMENT_REVIEW,NO
WS:XCSE:MAERSKB.CO,MAERSK-B.CO,PASS_HISTORY_CURRENT,v0.47,498,498,2024-09-04,2026-09-04,NO,NO,SQLITE,YES,YES,PASS_BAR_QA,PASS_STRICT_CANDIDATE,YES
WS:XCSE:NKT.CO,NKT.CO,PASS_HISTORY_CURRENT,v0.38,496,495,2024-09-02,2026-08-28,NO,NO,CSV_UNIQUE_ONLY,YES,YES,PASS_BAR_QA,INSTRUMENT_REVIEW,NO
WS:XCSE:NOVOB.CO,NOVO-B.CO,PASS_HISTORY_CURRENT,v0.47,498,498,2024-09-04,2026-09-04,NO,NO,SQLITE,YES,YES,PASS_BAR_QA,PASS_STRICT_CANDIDATE,YES
WS:XCSE:NSISB.CO,NSIS-B.CO,PASS_HISTORY_CURRENT,v0.47,498,498,2024-09-04,2026-09-04,NO,NO,SQLITE,YES,YES,PASS_BAR_QA,PASS_STRICT_CANDIDATE,YES
WS:XCSE:ORSTED.CO,ORSTED.CO,PASS_HISTORY_CURRENT,v0.38,496,495,2024-09-02,2026-08-28,NO,NO,CSV_UNIQUE_ONLY,YES,YES,PASS_BAR_QA,INSTRUMENT_REVIEW,NO
WS:XCSE:PNDORA.CO,PNDORA.CO,PASS_HISTORY_CURRENT,v0.38,496,495,2024-09-02,2026-08-28,NO,NO,CSV_UNIQUE_ONLY,YES,YES,PASS_BAR_QA,INSTRUMENT_REVIEW,NO
WS:XCSE:RBREW.CO,RBREW.CO,PASS_HISTORY_CURRENT,v0.38,496,495,2024-09-02,2026-08-28,NO,NO,CSV_UNIQUE_ONLY,YES,YES,PASS_BAR_QA,INSTRUMENT_REVIEW,NO
WS:XCSE:RILBA.CO,RILBA.CO,PASS_HISTORY_CURRENT,v0.38,496,495,2024-09-02,2026-08-28,NO,NO,CSV_UNIQUE_ONLY,YES,YES,PASS_BAR_QA,INSTRUMENT_REVIEW,NO
WS:XCSE:ROCKB.CO,ROCK-B.CO,PASS_HISTORY_CURRENT,v0.47,498,498,2024-09-04,2026-09-04,NO,NO,SQLITE,YES,YES,PASS_BAR_QA,PASS_STRICT_CANDIDATE,YES
WS:XCSE:TRYG.CO,TRYG.CO,PASS_HISTORY_CURRENT,v0.38,496,495,2024-09-02,2026-08-28,NO,NO,CSV_UNIQUE_ONLY,YES,YES,PASS_BAR_QA,INSTRUMENT_REVIEW,NO
WS:XCSE:VWS.CO,VWS.CO,PASS_HISTORY_CURRENT,v0.38,496,495,2024-09-02,2026-08-28,NO,NO,CSV_UNIQUE_ONLY,YES,YES,PASS_BAR_QA,INSTRUMENT_REVIEW,NO
WS:XCSE:ZELA.CO,ZEAL.CO,PASS_HISTORY_CURRENT,v0.47,498,498,2024-09-04,2026-09-04,NO,NO,SQLITE,YES,YES,PASS_BAR_QA,PASS_STRICT_CANDIDATE,YES
WS:XDUB:AIBG.I,A5G.IR,PASS_HISTORY_CURRENT,v0.47,509,509,2024-09-04,2026-09-04,NO,NO,SQLITE,YES,YES,PASS_BAR_QA,PASS_STRICT_CANDIDATE,YES
WS:XDUB:BIRG.I,BIRG.IR,PASS_HISTORY_CURRENT,v0.38,507,506,2024-09-02,2026-08-28,NO,NO,CSV_UNIQUE_ONLY,YES,YES,PASS_BAR_QA,INSTRUMENT_REVIEW,NO
WS:XDUB:GL9.I,GL9.IR,PASS_HISTORY_CURRENT,v0.38,507,506,2024-09-02,2026-08-28,NO,NO,CSV_UNIQUE_ONLY,YES,YES,PASS_BAR_QA,INSTRUMENT_REVIEW,NO
WS:XDUB:KSP.I,KRX.IR,PASS_HISTORY_CURRENT,v0.47,509,509,2024-09-04,2026-09-04,NO,NO,SQLITE,YES,YES,PASS_BAR_QA,PASS_STRICT_CANDIDATE,YES
WS:XDUB:KYGA.I,KRZ.IR,PASS_HISTORY_CURRENT,v0.47,509,509,2024-09-04,2026-09-04,NO,NO,SQLITE,YES,YES,PASS_BAR_QA,PASS_STRICT_CANDIDATE,YES
WS:XDUB:RYA.I,RYA.IR,PASS_HISTORY_CURRENT,v0.38,507,506,2024-09-02,2026-08-28,NO,NO,CSV_UNIQUE_ONLY,YES,YES,PASS_BAR_QA,INSTRUMENT_REVIEW,NO
WS:XETR:ADSGN.DE,ADS.DE,PASS_HISTORY_CURRENT,v0.47,507,507,2024-09-04,2026-09-04,NO,NO,SQLITE,YES,YES,PASS_BAR_QA,PASS_STRICT_CANDIDATE,YES
WS:XETR:AG1G.DE,AG1.DE,PASS_HISTORY_CURRENT,v0.47,507,507,2024-09-04,2026-09-04,NO,NO,SQLITE,YES,YES,PASS_BAR_QA,LOW_LIQUIDITY_EXCEPTION,YES
WS:XETR:AIXGN.DE,AIXA.DE,PASS_HISTORY_CURRENT,v0.47,507,507,2024-09-04,2026-09-04,NO,NO,SQLITE,YES,YES,PASS_BAR_QA,PASS_STRICT_CANDIDATE,YES
WS:XETR:ALVG.DE,ALV.DE,PASS_HISTORY_CURRENT,v0.47,507,507,2024-09-04,2026-09-04,NO,NO,SQLITE,YES,YES,PASS_BAR_QA,INSTRUMENT_REVIEW,YES
WS:XETR:AMV0N.DE,AMV0.DE,INSUFFICIENT_HISTORY,v0.47,244,244,2025-09-18,2026-09-04,NO,NO,SQLITE,NO,NO,FAIL_LT_260+LT_252,INSUFFICIENT_HISTORY,YES
WS:XETR:BASFN.DE,BAS.DE,PASS_HISTORY_CURRENT,v0.47,507,507,2024-09-04,2026-09-04,NO,NO,SQLITE,YES,YES,PASS_BAR_QA,INSTRUMENT_REVIEW,YES
WS:XETR:BAYGN.DE,BAYN.DE,PASS_HISTORY_CURRENT,v0.47,507,507,2024-09-04,2026-09-04,NO,NO,SQLITE,YES,YES,PASS_BAR_QA,INSTRUMENT_REVIEW,YES
WS:XETR:BC8G.DE,BC8.DE,PASS_HISTORY_CURRENT,v0.47,507,507,2024-09-04,2026-09-04,NO,NO,SQLITE,YES,YES,PASS_BAR_QA,LOW_LIQUIDITY_EXCEPTION,YES
WS:XETR:BEIG.DE,BEI.DE,PASS_HISTORY_CURRENT,v0.47,507,507,2024-09-04,2026-09-04,NO,NO,SQLITE,YES,YES,PASS_BAR_QA,PASS_STRICT_CANDIDATE,YES
WS:XETR:BMWG.DE,BMW.DE,PASS_HISTORY_CURRENT,v0.47,507,507,2024-09-04,2026-09-04,NO,NO,SQLITE,YES,YES,PASS_BAR_QA,PASS_STRICT_CANDIDATE,YES
WS:XETR:BNRGN.DE,BNR.DE,PASS_HISTORY_CURRENT,v0.47,507,507,2024-09-04,2026-09-04,NO,NO,SQLITE,YES,YES,PASS_BAR_QA,LOW_LIQUIDITY_EXCEPTION,YES
WS:XETR:CBKG.DE,CBK.DE,PASS_HISTORY_CURRENT,v0.47,507,507,2024-09-04,2026-09-04,NO,NO,SQLITE,YES,YES,PASS_BAR_QA,PASS_STRICT_CANDIDATE,YES
WS:XETR:CONG.DE,CON.DE,PASS_HISTORY_CURRENT,v0.47,507,507,2024-09-04,2026-09-04,NO,NO,SQLITE,YES,YES,PASS_BAR_QA,PASS_STRICT_CANDIDATE,YES
WS:XETR:DB1GN.DE,DB1.DE,PASS_HISTORY_CURRENT,v0.47,507,507,2024-09-04,2026-09-04,NO,NO,SQLITE,YES,YES,PASS_BAR_QA,PASS_STRICT_CANDIDATE,YES
WS:XETR:DBKGN.DE,DBK.DE,PASS_HISTORY_CURRENT,v0.47,507,507,2024-09-04,2026-09-04,NO,NO,SQLITE,YES,YES,PASS_BAR_QA,PASS_STRICT_CANDIDATE,YES
WS:XETR:DHER.DE,DHER.DE,PASS_HISTORY_CURRENT,v0.38,505,504,2024-09-02,2026-08-28,NO,NO,CSV_UNIQUE_ONLY,YES,YES,PASS_BAR_QA,INSTRUMENT_REVIEW,NO
WS:XETR:DHLN.DE,DHL.DE,PASS_HISTORY_CURRENT,v0.47,507,507,2024-09-04,2026-09-04,NO,NO,SQLITE,YES,YES,PASS_BAR_QA,PASS_STRICT_CANDIDATE,YES
WS:XETR:DTEGN.DE,DTE.DE,PASS_HISTORY_CURRENT,v0.47,507,507,2024-09-04,2026-09-04,NO,NO,SQLITE,YES,YES,PASS_BAR_QA,PASS_STRICT_CANDIDATE,YES
WS:XETR:DTGGE.DE,DTG.DE,PASS_HISTORY_CURRENT,v0.47,507,507,2024-09-04,2026-09-04,NO,NO,SQLITE,YES,YES,PASS_BAR_QA,PASS_STRICT_CANDIDATE,YES
WS:XETR:ENR1N.DE,ENR.DE,PASS_HISTORY_CURRENT,v0.47,507,507,2024-09-04,2026-09-04,NO,NO,SQLITE,YES,YES,PASS_BAR_QA,PASS_STRICT_CANDIDATE,YES
WS:XETR:EONGN.DE,EOAN.DE,PASS_HISTORY_CURRENT,v0.47,507,507,2024-09-04,2026-09-04,NO,NO,SQLITE,YES,YES,PASS_BAR_QA,PASS_STRICT_CANDIDATE,YES
WS:XETR:EVDG.DE,EVD.DE,PASS_HISTORY_CURRENT,v0.47,507,507,2024-09-04,2026-09-04,NO,NO,SQLITE,YES,YES,PASS_BAR_QA,LOW_LIQUIDITY_EXCEPTION,YES
WS:XETR:EVKN.DE,EVK.DE,PASS_HISTORY_CURRENT,v0.47,507,507,2024-09-04,2026-09-04,NO,NO,SQLITE,YES,YES,PASS_BAR_QA,PASS_STRICT_CANDIDATE,YES
WS:XETR:FMEG.DE,FME.DE,PASS_HISTORY_CURRENT,v0.47,507,507,2024-09-04,2026-09-04,NO,NO,SQLITE,YES,YES,PASS_BAR_QA,PASS_STRICT_CANDIDATE,YES
WS:XETR:FNTGN.DE,FNTN.DE,PASS_HISTORY_CURRENT,v0.47,507,507,2024-09-04,2026-09-04,NO,NO,SQLITE,YES,YES,PASS_BAR_QA,LOW_LIQUIDITY_EXCEPTION,YES
WS:XETR:FPE3_P.DE,FPE3.DE,PASS_HISTORY_CURRENT,v0.47,507,507,2024-09-04,2026-09-04,NO,NO,SQLITE,YES,YES,PASS_BAR_QA,PREFERRED,YES
WS:XETR:FRAG.DE,FRA.DE,PASS_HISTORY_CURRENT,v0.47,507,507,2024-09-04,2026-09-04,NO,NO,SQLITE,YES,YES,PASS_BAR_QA,LOW_LIQUIDITY_EXCEPTION,YES
WS:XETR:FREG.DE,FRE.DE,PASS_HISTORY_CURRENT,v0.47,507,507,2024-09-04,2026-09-04,NO,NO,SQLITE,YES,YES,PASS_BAR_QA,PASS_STRICT_CANDIDATE,YES
WS:XETR:FTKN.DE,FTK.DE,PASS_HISTORY_CURRENT,v0.47,507,507,2024-09-04,2026-09-04,NO,NO,SQLITE,YES,YES,PASS_BAR_QA,LOW_LIQUIDITY_EXCEPTION,YES
WS:XETR:G1AG.DE,G1A.DE,PASS_HISTORY_CURRENT,v0.47,507,507,2024-09-04,2026-09-04,NO,NO,SQLITE,YES,YES,PASS_BAR_QA,PASS_STRICT_CANDIDATE,YES
WS:XETR:G24N.DE,G24.DE,PASS_HISTORY_CURRENT,v0.47,507,507,2024-09-04,2026-09-04,NO,NO,SQLITE,YES,YES,PASS_BAR_QA,PASS_STRICT_CANDIDATE,YES
WS:XETR:GBFG.DE,GBF.DE,PASS_HISTORY_CURRENT,v0.47,507,507,2024-09-04,2026-09-04,NO,NO,SQLITE,YES,YES,PASS_BAR_QA,LOW_LIQUIDITY_EXCEPTION,YES
WS:XETR:HAGG.DE,HAG.DE,PASS_HISTORY_CURRENT,v0.47,507,507,2024-09-04,2026-09-04,NO,NO,SQLITE,YES,YES,PASS_BAR_QA,PASS_STRICT_CANDIDATE,YES
WS:XETR:HEIG.DE,HEI.DE,PASS_HISTORY_CURRENT,v0.47,507,507,2024-09-04,2026-09-04,NO,NO,SQLITE,YES,YES,PASS_BAR_QA,PASS_STRICT_CANDIDATE,YES
WS:XETR:HNKG_P.DE,HEN3.DE,PASS_HISTORY_CURRENT,v0.47,507,507,2024-09-04,2026-09-04,NO,NO,SQLITE,YES,YES,PASS_BAR_QA,PREFERRED,YES
WS:XETR:HNRGN.DE,HNR1.DE,PASS_HISTORY_CURRENT,v0.47,507,507,2024-09-04,2026-09-04,NO,NO,SQLITE,YES,YES,PASS_BAR_QA,PASS_STRICT_CANDIDATE,YES
WS:XETR:HOTG.DE,HOT.DE,PASS_HISTORY_CURRENT,v0.47,507,507,2024-09-04,2026-09-04,NO,NO,SQLITE,YES,YES,PASS_BAR_QA,PASS_STRICT_CANDIDATE,YES
WS:XETR:IFXGN.DE,IFX.DE,PASS_HISTORY_CURRENT,v0.47,507,507,2024-09-04,2026-09-04,NO,NO,SQLITE,YES,YES,PASS_BAR_QA,PASS_STRICT_CANDIDATE,YES
WS:XETR:KBX.DE,KBX.DE,PASS_HISTORY_CURRENT,v0.38,505,504,2024-09-02,2026-08-28,NO,NO,CSV_UNIQUE_ONLY,YES,YES,PASS_BAR_QA,INSTRUMENT_REVIEW,NO
WS:XETR:KGX.DE,KGX.DE,PASS_HISTORY_CURRENT,v0.38,505,504,2024-09-02,2026-08-28,NO,NO,CSV_UNIQUE_ONLY,YES,YES,PASS_BAR_QA,INSTRUMENT_REVIEW,NO
WS:XETR:LEGN.DE,LEG.DE,PASS_HISTORY_CURRENT,v0.47,507,507,2024-09-04,2026-09-04,NO,NO,SQLITE,YES,YES,PASS_BAR_QA,LOW_LIQUIDITY_EXCEPTION,YES
WS:XETR:LHAG.DE,LHA.DE,PASS_HISTORY_CURRENT,v0.47,507,507,2024-09-04,2026-09-04,NO,NO,SQLITE,YES,YES,PASS_BAR_QA,INSTRUMENT_REVIEW,YES
WS:XETR:MBGN.DE,MBG.DE,PASS_HISTORY_CURRENT,v0.47,507,507,2024-09-04,2026-09-04,NO,NO,SQLITE,YES,YES,PASS_BAR_QA,PASS_STRICT_CANDIDATE,YES
WS:XETR:MRCG.DE,MRK.DE,PASS_HISTORY_CURRENT,v0.38,505,504,2024-09-02,2026-08-28,NO,NO,CSV_UNIQUE_ONLY,YES,YES,PASS_BAR_QA,INSTRUMENT_REVIEW,NO
WS:XETR:MTXGN.DE,MTX.DE,PASS_HISTORY_CURRENT,v0.47,507,507,2024-09-04,2026-09-04,NO,NO,SQLITE,YES,YES,PASS_BAR_QA,PASS_STRICT_CANDIDATE,YES
WS:XETR:MUVGN.DE,MUV2.DE,PASS_HISTORY_CURRENT,v0.47,507,507,2024-09-04,2026-09-04,NO,NO,SQLITE,YES,YES,PASS_BAR_QA,PASS_STRICT_CANDIDATE,YES
WS:XETR:NAFG.DE,NDA.DE,PASS_HISTORY_CURRENT,v0.47,507,507,2024-09-04,2026-09-04,NO,NO,SQLITE,YES,YES,PASS_BAR_QA,PASS_STRICT_CANDIDATE,YES
WS:XETR:NDXG.DE,NDX1.DE,PASS_HISTORY_CURRENT,v0.47,507,507,2024-09-04,2026-09-04,NO,NO,SQLITE,YES,YES,PASS_BAR_QA,PASS_STRICT_CANDIDATE,YES
WS:XETR:NEKG.DE,NEM.DE,PASS_HISTORY_CURRENT,v0.47,507,507,2024-09-04,2026-09-04,NO,NO,SQLITE,YES,YES,PASS_BAR_QA,LOW_LIQUIDITY_EXCEPTION,YES
WS:XETR:P911_P.DE,P911.DE,PASS_HISTORY_CURRENT,v0.38,505,504,2024-09-02,2026-08-28,NO,NO,CSV_UNIQUE_ONLY,YES,YES,PASS_BAR_QA,INSTRUMENT_REVIEW,NO
WS:XETR:PSHG_P.DE,PAH3.DE,PASS_HISTORY_CURRENT,v0.47,507,507,2024-09-04,2026-09-04,NO,NO,SQLITE,YES,YES,PASS_BAR_QA,PREFERRED,YES
WS:XETR:PUMG.DE,PUM.DE,PASS_HISTORY_CURRENT,v0.47,507,507,2024-09-04,2026-09-04,NO,NO,SQLITE,YES,YES,PASS_BAR_QA,LOW_LIQUIDITY_EXCEPTION,YES
WS:XETR:QIA.DE,QIA.DE,PASS_HISTORY_CURRENT,v0.38,505,504,2024-09-02,2026-08-28,NO,NO,CSV_UNIQUE_ONLY,YES,YES,PASS_BAR_QA,INSTRUMENT_REVIEW,NO
WS:XETR:R3NK.DE,R3NK.DE,PASS_HISTORY_CURRENT,v0.38,505,504,2024-09-02,2026-08-28,NO,NO,CSV_UNIQUE_ONLY,YES,YES,PASS_BAR_QA,INSTRUMENT_REVIEW,NO
WS:XETR:RAAG.DE,RAA.DE,PASS_HISTORY_CURRENT,v0.47,507,507,2024-09-04,2026-09-04,NO,NO,SQLITE,YES,YES,PASS_BAR_QA,LOW_LIQUIDITY_EXCEPTION,YES
WS:XETR:RHMG.DE,RHM.DE,PASS_HISTORY_CURRENT,v0.47,507,507,2024-09-04,2026-09-04,NO,NO,SQLITE,YES,YES,PASS_BAR_QA,PASS_STRICT_CANDIDATE,YES
WS:XETR:RWEG.DE,RWE.DE,PASS_HISTORY_CURRENT,v0.47,507,507,2024-09-04,2026-09-04,NO,NO,SQLITE,YES,YES,PASS_BAR_QA,INSTRUMENT_REVIEW,YES
WS:XETR:SAPG.DE,SAP.DE,PASS_HISTORY_CURRENT,v0.47,507,507,2024-09-04,2026-09-04,NO,NO,SQLITE,YES,YES,PASS_BAR_QA,PASS_STRICT_CANDIDATE,YES
WS:XETR:SATG_P.DE,SRT3.DE,PASS_HISTORY_CURRENT,v0.47,507,507,2024-09-04,2026-09-04,NO,NO,SQLITE,YES,YES,PASS_BAR_QA,PREFERRED,YES
WS:XETR:SDFGN.DE,SDF.DE,PASS_HISTORY_CURRENT,v0.47,507,507,2024-09-04,2026-09-04,NO,NO,SQLITE,YES,YES,PASS_BAR_QA,PASS_STRICT_CANDIDATE,YES
WS:XETR:SHLG.DE,SHL.DE,PASS_HISTORY_CURRENT,v0.47,507,507,2024-09-04,2026-09-04,NO,NO,SQLITE,YES,YES,PASS_BAR_QA,PASS_STRICT_CANDIDATE,YES
WS:XETR:SIEGN.DE,SIE.DE,PASS_HISTORY_CURRENT,v0.47,507,507,2024-09-04,2026-09-04,NO,NO,SQLITE,YES,YES,PASS_BAR_QA,PASS_STRICT_CANDIDATE,YES
WS:XETR:SY1G.DE,SY1.DE,PASS_HISTORY_CURRENT,v0.47,507,507,2024-09-04,2026-09-04,NO,NO,SQLITE,YES,YES,PASS_BAR_QA,PASS_STRICT_CANDIDATE,YES
WS:XETR:TEGG.DE,TEG.DE,PASS_HISTORY_CURRENT,v0.47,507,507,2024-09-04,2026-09-04,NO,NO,SQLITE,YES,YES,PASS_BAR_QA,FAIL_LIQUIDITY,YES
WS:XETR:TKAG.DE,TKA.DE,PASS_HISTORY_CURRENT,v0.47,507,507,2024-09-04,2026-09-04,NO,NO,SQLITE,YES,YES,PASS_BAR_QA,PASS_STRICT_CANDIDATE,YES
WS:XETR:TLXGN.DE,TLX.DE,PASS_HISTORY_CURRENT,v0.47,507,507,2024-09-04,2026-09-04,NO,NO,SQLITE,YES,YES,PASS_BAR_QA,PASS_STRICT_CANDIDATE,YES
WS:XETR:TUI1N.DE,TUI1.DE,PASS_HISTORY_CURRENT,v0.47,507,507,2024-09-04,2026-09-04,NO,NO,SQLITE,YES,YES,PASS_BAR_QA,PASS_STRICT_CANDIDATE,YES
WS:XETR:VNAN.DE,VNA.DE,PASS_HISTORY_CURRENT,v0.47,507,507,2024-09-04,2026-09-04,NO,NO,SQLITE,YES,YES,PASS_BAR_QA,PASS_STRICT_CANDIDATE,YES
WS:XETR:VOWG_P.DE,VOW3.DE,PASS_HISTORY_CURRENT,v0.47,507,507,2024-09-04,2026-09-04,NO,NO,SQLITE,YES,YES,PASS_BAR_QA,PREFERRED,YES
WS:XETR:ZALG.DE,ZAL.DE,PASS_HISTORY_CURRENT,v0.47,507,507,2024-09-04,2026-09-04,NO,NO,SQLITE,YES,YES,PASS_BAR_QA,PASS_STRICT_CANDIDATE,YES
WS:XHEL:ELISA.HE,ELISA.HE,PASS_HISTORY_CURRENT,v0.38,498,497,2024-09-02,2026-08-28,NO,NO,CSV_UNIQUE_ONLY,YES,YES,PASS_BAR_QA,INSTRUMENT_REVIEW,NO
WS:XHEL:FORTUM.HE,FORTUM.HE,PASS_HISTORY_CURRENT,v0.38,498,497,2024-09-02,2026-08-28,NO,NO,CSV_UNIQUE_ONLY,YES,YES,PASS_BAR_QA,INSTRUMENT_REVIEW,NO
WS:XHEL:HIAB.HE,HIAB.HE,PASS_HISTORY_CURRENT,v0.38,498,497,2024-09-02,2026-08-28,NO,NO,CSV_UNIQUE_ONLY,YES,YES,PASS_BAR_QA,INSTRUMENT_REVIEW,NO
WS:XHEL:HUH1V.HE,HUH1V.HE,PASS_HISTORY_CURRENT,v0.38,498,497,2024-09-02,2026-08-28,NO,NO,CSV_UNIQUE_ONLY,YES,YES,PASS_BAR_QA,INSTRUMENT_REVIEW,NO
WS:XHEL:KCRA.HE,KCR.HE,PASS_HISTORY_CURRENT,v0.47,500,500,2024-09-04,2026-09-04,NO,NO,SQLITE,YES,YES,PASS_BAR_QA,LOW_LIQUIDITY_EXCEPTION,YES
WS:XHEL:KEMIRA.HE,KEMIRA.HE,PASS_HISTORY_CURRENT,v0.38,498,497,2024-09-02,2026-08-28,NO,NO,CSV_UNIQUE_ONLY,YES,YES,PASS_BAR_QA,INSTRUMENT_REVIEW,NO
WS:XHEL:KESKOB.HE,KESKOB.HE,PASS_HISTORY_CURRENT,v0.38,498,497,2024-09-02,2026-08-28,NO,NO,CSV_UNIQUE_ONLY,YES,YES,PASS_BAR_QA,INSTRUMENT_REVIEW,NO
WS:XHEL:KNEBV.HE,KNEBV.HE,PASS_HISTORY_CURRENT,v0.38,498,497,2024-09-02,2026-08-28,NO,NO,CSV_UNIQUE_ONLY,YES,YES,PASS_BAR_QA,INSTRUMENT_REVIEW,NO
WS:XHEL:MANTA.HE,MANTA.HE,PASS_HISTORY_CURRENT,v0.38,498,497,2024-09-02,2026-08-28,NO,NO,CSV_UNIQUE_ONLY,YES,YES,PASS_BAR_QA,INSTRUMENT_REVIEW,NO
WS:XHEL:METSO.HE,METSO.HE,PASS_HISTORY_CURRENT,v0.38,498,497,2024-09-02,2026-08-28,NO,NO,CSV_UNIQUE_ONLY,YES,YES,PASS_BAR_QA,INSTRUMENT_REVIEW,NO
WS:XHEL:NDAFI.HE,NDA-FI.HE,PASS_HISTORY_CURRENT,v0.47,500,500,2024-09-04,2026-09-04,NO,NO,SQLITE,YES,YES,PASS_BAR_QA,PASS_STRICT_CANDIDATE,YES
WS:XHEL:NESTE.HE,NESTE.HE,PASS_HISTORY_CURRENT,v0.38,498,497,2024-09-02,2026-08-28,NO,NO,CSV_UNIQUE_ONLY,YES,YES,PASS_BAR_QA,INSTRUMENT_REVIEW,NO
WS:XHEL:NOKIA.HE,NOKIA.HE,PASS_HISTORY_CURRENT,v0.38,498,497,2024-09-02,2026-08-28,NO,NO,CSV_UNIQUE_ONLY,YES,YES,PASS_BAR_QA,INSTRUMENT_REVIEW,NO
WS:XHEL:ORNBV.HE,ORNBV.HE,PASS_HISTORY_CURRENT,v0.38,498,497,2024-09-02,2026-08-28,NO,NO,CSV_UNIQUE_ONLY,YES,YES,PASS_BAR_QA,INSTRUMENT_REVIEW,NO
WS:XHEL:SAMPO.HE,SAMPO.HE,PASS_HISTORY_CURRENT,v0.38,498,497,2024-09-02,2026-08-28,NO,NO,CSV_UNIQUE_ONLY,YES,YES,PASS_BAR_QA,INSTRUMENT_REVIEW,NO
WS:XHEL:STERV.HE,STERV.HE,PASS_HISTORY_CURRENT,v0.38,498,497,2024-09-02,2026-08-28,NO,NO,CSV_UNIQUE_ONLY,YES,YES,PASS_BAR_QA,INSTRUMENT_REVIEW,NO
WS:XHEL:UPM.HE,UPM.HE,PASS_HISTORY_CURRENT,v0.38,498,497,2024-09-02,2026-08-28,NO,NO,CSV_UNIQUE_ONLY,YES,YES,PASS_BAR_QA,INSTRUMENT_REVIEW,NO
WS:XHEL:VALMT.HE,VALMT.HE,PASS_HISTORY_CURRENT,v0.38,498,497,2024-09-02,2026-08-28,NO,NO,CSV_UNIQUE_ONLY,YES,YES,PASS_BAR_QA,INSTRUMENT_REVIEW,NO
WS:XHEL:WRT1V.HE,WRT1V.HE,PASS_HISTORY_CURRENT,v0.38,498,497,2024-09-02,2026-08-28,NO,NO,CSV_UNIQUE_ONLY,YES,YES,PASS_BAR_QA,INSTRUMENT_REVIEW,NO
WS:XHKG:1,0001.HK,PASS_HISTORY_CURRENT,v0.38,489,489,2024-09-02,2026-08-31,NO,NO,CSV_UNIQUE_ONLY,YES,YES,PASS_BAR_QA,INSTRUMENT_REVIEW,NO
WS:XHKG:101,0101.HK,PASS_HISTORY_CURRENT,v0.38,489,489,2024-09-02,2026-08-31,NO,NO,CSV_UNIQUE_ONLY,YES,YES,PASS_BAR_QA,INSTRUMENT_REVIEW,NO
WS:XHKG:1024,1024.HK,PASS_HISTORY_CURRENT,v0.38,489,489,2024-09-02,2026-08-31,NO,NO,CSV_UNIQUE_ONLY,YES,YES,PASS_BAR_QA,INSTRUMENT_REVIEW,NO
WS:XHKG:1038,1038.HK,PASS_HISTORY_CURRENT,v0.38,489,489,2024-09-02,2026-08-31,NO,NO,CSV_UNIQUE_ONLY,YES,YES,PASS_BAR_QA,INSTRUMENT_REVIEW,NO
WS:XHKG:1044,1044.HK,PASS_HISTORY_CURRENT,v0.38,489,489,2024-09-02,2026-08-31,NO,NO,CSV_UNIQUE_ONLY,YES,YES,PASS_BAR_QA,INSTRUMENT_REVIEW,NO
WS:XHKG:1088,1088.HK,PASS_HISTORY_CURRENT,v0.38,489,489,2024-09-02,2026-08-31,NO,NO,CSV_UNIQUE_ONLY,YES,YES,PASS_BAR_QA,INSTRUMENT_REVIEW,NO
WS:XHKG:1093,1093.HK,PASS_HISTORY_CURRENT,v0.38,489,489,2024-09-02,2026-08-31,NO,NO,CSV_UNIQUE_ONLY,YES,YES,PASS_BAR_QA,INSTRUMENT_REVIEW,NO
WS:XHKG:1099,1099.HK,PASS_HISTORY_CURRENT,v0.38,489,489,2024-09-02,2026-08-31,NO,NO,CSV_UNIQUE_ONLY,YES,YES,PASS_BAR_QA,INSTRUMENT_REVIEW,NO
WS:XHKG:1109,1109.HK,PASS_HISTORY_CURRENT,v0.38,489,489,2024-09-02,2026-08-31,NO,NO,CSV_UNIQUE_ONLY,YES,YES,PASS_BAR_QA,INSTRUMENT_REVIEW,NO
WS:XHKG:1113,1113.HK,PASS_HISTORY_CURRENT,v0.38,489,489,2024-09-02,2026-08-31,NO,NO,CSV_UNIQUE_ONLY,YES,YES,PASS_BAR_QA,INSTRUMENT_REVIEW,NO
WS:XHKG:1177,1177.HK,PASS_HISTORY_CURRENT,v0.38,489,489,2024-09-02,2026-08-31,NO,NO,CSV_UNIQUE_ONLY,YES,YES,PASS_BAR_QA,INSTRUMENT_REVIEW,NO
WS:XHKG:12,0012.HK,PASS_HISTORY_CURRENT,v0.38,489,489,2024-09-02,2026-08-31,NO,NO,CSV_UNIQUE_ONLY,YES,YES,PASS_BAR_QA,INSTRUMENT_REVIEW,NO
WS:XHKG:1209,1209.HK,PASS_HISTORY_CURRENT,v0.38,489,489,2024-09-02,2026-08-31,NO,NO,CSV_UNIQUE_ONLY,YES,YES,PASS_BAR_QA,INSTRUMENT_REVIEW,NO
WS:XHKG:1211,1211.HK,PASS_HISTORY_CURRENT,v0.38,489,489,2024-09-02,2026-08-31,NO,NO,CSV_UNIQUE_ONLY,YES,YES,PASS_BAR_QA,INSTRUMENT_REVIEW,NO
WS:XHKG:1299,1299.HK,PASS_HISTORY_CURRENT,v0.38,489,489,2024-09-02,2026-08-31,NO,NO,CSV_UNIQUE_ONLY,YES,YES,PASS_BAR_QA,INSTRUMENT_REVIEW,NO
WS:XHKG:1378,1378.HK,PASS_HISTORY_CURRENT,v0.38,489,489,2024-09-02,2026-08-31,NO,NO,CSV_UNIQUE_ONLY,YES,YES,PASS_BAR_QA,INSTRUMENT_REVIEW,NO
WS:XHKG:1398,1398.HK,PASS_HISTORY_CURRENT,v0.38,489,489,2024-09-02,2026-08-31,NO,NO,CSV_UNIQUE_ONLY,YES,YES,PASS_BAR_QA,INSTRUMENT_REVIEW,NO
WS:XHKG:1519,1519.HK,PASS_HISTORY_CURRENT,v0.38,489,489,2024-09-02,2026-08-31,NO,NO,CSV_UNIQUE_ONLY,YES,YES,PASS_BAR_QA,INSTRUMENT_REVIEW,NO
WS:XHKG:16,0016.HK,PASS_HISTORY_CURRENT,v0.38,489,489,2024-09-02,2026-08-31,NO,NO,CSV_UNIQUE_ONLY,YES,YES,PASS_BAR_QA,INSTRUMENT_REVIEW,NO
WS:XHKG:175,0175.HK,PASS_HISTORY_CURRENT,v0.38,489,489,2024-09-02,2026-08-31,NO,NO,CSV_UNIQUE_ONLY,YES,YES,PASS_BAR_QA,INSTRUMENT_REVIEW,NO
WS:XHKG:1801,1801.HK,PASS_HISTORY_CURRENT,v0.38,489,489,2024-09-02,2026-08-31,NO,NO,CSV_UNIQUE_ONLY,YES,YES,PASS_BAR_QA,INSTRUMENT_REVIEW,NO
WS:XHKG:1810,1810.HK,PASS_HISTORY_CURRENT,v0.38,489,489,2024-09-02,2026-08-31,NO,NO,CSV_UNIQUE_ONLY,YES,YES,PASS_BAR_QA,INSTRUMENT_REVIEW,NO
WS:XHKG:1876,1876.HK,PASS_HISTORY_CURRENT,v0.38,489,489,2024-09-02,2026-08-31,NO,NO,CSV_UNIQUE_ONLY,YES,YES,PASS_BAR_QA,INSTRUMENT_REVIEW,NO
WS:XHKG:1928,1928.HK,PASS_HISTORY_CURRENT,v0.38,489,489,2024-09-02,2026-08-31,NO,NO,CSV_UNIQUE_ONLY,YES,YES,PASS_BAR_QA,INSTRUMENT_REVIEW,NO
WS:XHKG:1929,1929.HK,PASS_HISTORY_CURRENT,v0.38,489,489,2024-09-02,2026-08-31,NO,NO,CSV_UNIQUE_ONLY,YES,YES,PASS_BAR_QA,INSTRUMENT_REVIEW,NO
WS:XHKG:1997,1997.HK,PASS_HISTORY_CURRENT,v0.38,489,489,2024-09-02,2026-08-31,NO,NO,CSV_UNIQUE_ONLY,YES,YES,PASS_BAR_QA,INSTRUMENT_REVIEW,NO
WS:XHKG:2,0002.HK,PASS_HISTORY_CURRENT,v0.38,489,489,2024-09-02,2026-08-31,NO,NO,CSV_UNIQUE_ONLY,YES,YES,PASS_BAR_QA,INSTRUMENT_REVIEW,NO
WS:XHKG:2015,2015.HK,PASS_HISTORY_CURRENT,v0.38,489,489,2024-09-02,2026-08-31,NO,NO,CSV_UNIQUE_ONLY,YES,YES,PASS_BAR_QA,INSTRUMENT_REVIEW,NO
WS:XHKG:2020,2020.HK,PASS_HISTORY_CURRENT,v0.38,489,489,2024-09-02,2026-08-31,NO,NO,CSV_UNIQUE_ONLY,YES,YES,PASS_BAR_QA,INSTRUMENT_REVIEW,NO
WS:XHKG:2057,2057.HK,PASS_HISTORY_CURRENT,v0.38,489,489,2024-09-02,2026-08-31,NO,NO,CSV_UNIQUE_ONLY,YES,YES,PASS_BAR_QA,INSTRUMENT_REVIEW,NO
WS:XHKG:2269,2269.HK,PASS_HISTORY_CURRENT,v0.38,489,489,2024-09-02,2026-08-31,NO,NO,CSV_UNIQUE_ONLY,YES,YES,PASS_BAR_QA,INSTRUMENT_REVIEW,NO
WS:XHKG:2313,2313.HK,PASS_HISTORY_CURRENT,v0.38,489,489,2024-09-02,2026-08-31,NO,NO,CSV_UNIQUE_ONLY,YES,YES,PASS_BAR_QA,INSTRUMENT_REVIEW,NO
WS:XHKG:2318,2318.HK,PASS_HISTORY_CURRENT,v0.38,489,489,2024-09-02,2026-08-31,NO,NO,CSV_UNIQUE_ONLY,YES,YES,PASS_BAR_QA,INSTRUMENT_REVIEW,NO
WS:XHKG:2319,2319.HK,PASS_HISTORY_CURRENT,v0.38,489,489,2024-09-02,2026-08-31,NO,NO,CSV_UNIQUE_ONLY,YES,YES,PASS_BAR_QA,INSTRUMENT_REVIEW,NO
WS:XHKG:2331,2331.HK,PASS_HISTORY_CURRENT,v0.38,489,489,2024-09-02,2026-08-31,NO,NO,CSV_UNIQUE_ONLY,YES,YES,PASS_BAR_QA,INSTRUMENT_REVIEW,NO
WS:XHKG:2359,2359.HK,PASS_HISTORY_CURRENT,v0.38,489,489,2024-09-02,2026-08-31,NO,NO,CSV_UNIQUE_ONLY,YES,YES,PASS_BAR_QA,INSTRUMENT_REVIEW,NO
WS:XHKG:2382,2382.HK,PASS_HISTORY_CURRENT,v0.38,489,489,2024-09-02,2026-08-31,NO,NO,CSV_UNIQUE_ONLY,YES,YES,PASS_BAR_QA,INSTRUMENT_REVIEW,NO
WS:XHKG:2388,2388.HK,PASS_HISTORY_CURRENT,v0.38,489,489,2024-09-02,2026-08-31,NO,NO,CSV_UNIQUE_ONLY,YES,YES,PASS_BAR_QA,INSTRUMENT_REVIEW,NO
WS:XHKG:241,0241.HK,PASS_HISTORY_CURRENT,v0.38,489,489,2024-09-02,2026-08-31,NO,NO,CSV_UNIQUE_ONLY,YES,YES,PASS_BAR_QA,INSTRUMENT_REVIEW,NO
WS:XHKG:2600,2600.HK,PASS_HISTORY_CURRENT,v0.38,489,489,2024-09-02,2026-08-31,NO,NO,CSV_UNIQUE_ONLY,YES,YES,PASS_BAR_QA,INSTRUMENT_REVIEW,NO
WS:XHKG:2618,2618.HK,PASS_HISTORY_CURRENT,v0.38,489,489,2024-09-02,2026-08-31,NO,NO,CSV_UNIQUE_ONLY,YES,YES,PASS_BAR_QA,INSTRUMENT_REVIEW,NO
WS:XHKG:2628,2628.HK,PASS_HISTORY_CURRENT,v0.38,489,489,2024-09-02,2026-08-31,NO,NO,CSV_UNIQUE_ONLY,YES,YES,PASS_BAR_QA,INSTRUMENT_REVIEW,NO
WS:XHKG:267,0267.HK,PASS_HISTORY_CURRENT,v0.38,489,489,2024-09-02,2026-08-31,NO,NO,CSV_UNIQUE_ONLY,YES,YES,PASS_BAR_QA,INSTRUMENT_REVIEW,NO
WS:XHKG:2688,2688.HK,PASS_HISTORY_CURRENT,v0.38,489,489,2024-09-02,2026-08-31,NO,NO,CSV_UNIQUE_ONLY,YES,YES,PASS_BAR_QA,INSTRUMENT_REVIEW,NO
WS:XHKG:27,0027.HK,PASS_HISTORY_CURRENT,v0.38,489,489,2024-09-02,2026-08-31,NO,NO,CSV_UNIQUE_ONLY,YES,YES,PASS_BAR_QA,INSTRUMENT_REVIEW,NO
WS:XHKG:285,0285.HK,PASS_HISTORY_CURRENT,v0.38,489,489,2024-09-02,2026-08-31,NO,NO,CSV_UNIQUE_ONLY,YES,YES,PASS_BAR_QA,INSTRUMENT_REVIEW,NO
WS:XHKG:288,0288.HK,PASS_HISTORY_CURRENT,v0.38,489,489,2024-09-02,2026-08-31,NO,NO,CSV_UNIQUE_ONLY,YES,YES,PASS_BAR_QA,INSTRUMENT_REVIEW,NO
WS:XHKG:2899,2899.HK,PASS_HISTORY_CURRENT,v0.38,489,489,2024-09-02,2026-08-31,NO,NO,CSV_UNIQUE_ONLY,YES,YES,PASS_BAR_QA,INSTRUMENT_REVIEW,NO
WS:XHKG:291,0291.HK,PASS_HISTORY_CURRENT,v0.38,489,489,2024-09-02,2026-08-31,NO,NO,CSV_UNIQUE_ONLY,YES,YES,PASS_BAR_QA,INSTRUMENT_REVIEW,NO
WS:XHKG:3,0003.HK,PASS_HISTORY_CURRENT,v0.38,489,489,2024-09-02,2026-08-31,NO,NO,CSV_UNIQUE_ONLY,YES,YES,PASS_BAR_QA,INSTRUMENT_REVIEW,NO
WS:XHKG:300,0300.HK,PASS_HISTORY_CURRENT,v0.38,470,470,2024-10-02,2026-08-31,NO,NO,CSV_UNIQUE_ONLY,YES,YES,PASS_BAR_QA,INSTRUMENT_REVIEW,NO
WS:XHKG:316,0316.HK,PASS_HISTORY_CURRENT,v0.38,489,489,2024-09-02,2026-08-31,NO,NO,CSV_UNIQUE_ONLY,YES,YES,PASS_BAR_QA,INSTRUMENT_REVIEW,NO
WS:XHKG:322,0322.HK,PASS_HISTORY_CURRENT,v0.38,489,489,2024-09-02,2026-08-31,NO,NO,CSV_UNIQUE_ONLY,YES,YES,PASS_BAR_QA,INSTRUMENT_REVIEW,NO
WS:XHKG:3690,3690.HK,PASS_HISTORY_CURRENT,v0.38,489,489,2024-09-02,2026-08-31,NO,NO,CSV_UNIQUE_ONLY,YES,YES,PASS_BAR_QA,INSTRUMENT_REVIEW,NO
WS:XHKG:3692,3692.HK,PASS_HISTORY_CURRENT,v0.38,489,489,2024-09-02,2026-08-31,NO,NO,CSV_UNIQUE_ONLY,YES,YES,PASS_BAR_QA,INSTRUMENT_REVIEW,NO
WS:XHKG:3750,3750.HK,PASS_HISTORY_CURRENT,v0.38,318,318,2025-05-20,2026-08-31,NO,NO,CSV_UNIQUE_ONLY,YES,YES,PASS_BAR_QA,INSTRUMENT_REVIEW,NO
WS:XHKG:386,0386.HK,PASS_HISTORY_CURRENT,v0.38,489,489,2024-09-02,2026-08-31,NO,NO,CSV_UNIQUE_ONLY,YES,YES,PASS_BAR_QA,INSTRUMENT_REVIEW,NO
WS:XHKG:388,0388.HK,PASS_HISTORY_CURRENT,v0.38,489,489,2024-09-02,2026-08-31,NO,NO,CSV_UNIQUE_ONLY,YES,YES,PASS_BAR_QA,INSTRUMENT_REVIEW,NO
WS:XHKG:3968,3968.HK,PASS_HISTORY_CURRENT,v0.38,489,489,2024-09-02,2026-08-31,NO,NO,CSV_UNIQUE_ONLY,YES,YES,PASS_BAR_QA,INSTRUMENT_REVIEW,NO
WS:XHKG:3988,3988.HK,PASS_HISTORY_CURRENT,v0.38,489,489,2024-09-02,2026-08-31,NO,NO,CSV_UNIQUE_ONLY,YES,YES,PASS_BAR_QA,INSTRUMENT_REVIEW,NO
WS:XHKG:3993,3993.HK,PASS_HISTORY_CURRENT,v0.38,489,489,2024-09-02,2026-08-31,NO,NO,CSV_UNIQUE_ONLY,YES,YES,PASS_BAR_QA,INSTRUMENT_REVIEW,NO
WS:XHKG:5,0005.HK,PASS_HISTORY_CURRENT,v0.38,489,489,2024-09-02,2026-08-31,NO,NO,CSV_UNIQUE_ONLY,YES,YES,PASS_BAR_QA,INSTRUMENT_REVIEW,NO
WS:XHKG:6,0006.HK,PASS_HISTORY_CURRENT,v0.38,489,489,2024-09-02,2026-08-31,NO,NO,CSV_UNIQUE_ONLY,YES,YES,PASS_BAR_QA,INSTRUMENT_REVIEW,NO
WS:XHKG:6160,6160.HK,PASS_HISTORY_CURRENT,v0.38,489,489,2024-09-02,2026-08-31,NO,NO,CSV_UNIQUE_ONLY,YES,YES,PASS_BAR_QA,INSTRUMENT_REVIEW,NO
WS:XHKG:6181,6181.HK,PASS_HISTORY_CURRENT,v0.38,489,489,2024-09-02,2026-08-31,NO,NO,CSV_UNIQUE_ONLY,YES,YES,PASS_BAR_QA,INSTRUMENT_REVIEW,NO
WS:XHKG:66,0066.HK,PASS_HISTORY_CURRENT,v0.38,489,489,2024-09-02,2026-08-31,NO,NO,CSV_UNIQUE_ONLY,YES,YES,PASS_BAR_QA,INSTRUMENT_REVIEW,NO
WS:XHKG:6618,6618.HK,PASS_HISTORY_CURRENT,v0.38,489,489,2024-09-02,2026-08-31,NO,NO,CSV_UNIQUE_ONLY,YES,YES,PASS_BAR_QA,INSTRUMENT_REVIEW,NO
WS:XHKG:669,0669.HK,PASS_HISTORY_CURRENT,v0.38,489,489,2024-09-02,2026-08-31,NO,NO,CSV_UNIQUE_ONLY,YES,YES,PASS_BAR_QA,INSTRUMENT_REVIEW,NO
WS:XHKG:6690,6690.HK,PASS_HISTORY_CURRENT,v0.38,489,489,2024-09-02,2026-08-31,NO,NO,CSV_UNIQUE_ONLY,YES,YES,PASS_BAR_QA,INSTRUMENT_REVIEW,NO
WS:XHKG:6862,6862.HK,PASS_HISTORY_CURRENT,v0.38,489,489,2024-09-02,2026-08-31,NO,NO,CSV_UNIQUE_ONLY,YES,YES,PASS_BAR_QA,INSTRUMENT_REVIEW,NO
WS:XHKG:688,0688.HK,PASS_HISTORY_CURRENT,v0.38,489,489,2024-09-02,2026-08-31,NO,NO,CSV_UNIQUE_ONLY,YES,YES,PASS_BAR_QA,INSTRUMENT_REVIEW,NO
WS:XHKG:700,0700.HK,PASS_HISTORY_CURRENT,v0.38,489,489,2024-09-02,2026-08-31,NO,NO,CSV_UNIQUE_ONLY,YES,YES,PASS_BAR_QA,INSTRUMENT_REVIEW,NO
WS:XHKG:728,0728.HK,PASS_HISTORY_CURRENT,v0.38,489,489,2024-09-02,2026-08-31,NO,NO,CSV_UNIQUE_ONLY,YES,YES,PASS_BAR_QA,INSTRUMENT_REVIEW,NO
WS:XHKG:762,0762.HK,PASS_HISTORY_CURRENT,v0.38,489,489,2024-09-02,2026-08-31,NO,NO,CSV_UNIQUE_ONLY,YES,YES,PASS_BAR_QA,INSTRUMENT_REVIEW,NO
WS:XHKG:823,0823.HK,PASS_HISTORY_CURRENT,v0.38,489,489,2024-09-02,2026-08-31,NO,NO,CSV_UNIQUE_ONLY,YES,YES,PASS_BAR_QA,INSTRUMENT_REVIEW,NO
WS:XHKG:836,0836.HK,PASS_HISTORY_CURRENT,v0.38,489,489,2024-09-02,2026-08-31,NO,NO,CSV_UNIQUE_ONLY,YES,YES,PASS_BAR_QA,INSTRUMENT_REVIEW,NO
WS:XHKG:857,0857.HK,PASS_HISTORY_CURRENT,v0.38,489,489,2024-09-02,2026-08-31,NO,NO,CSV_UNIQUE_ONLY,YES,YES,PASS_BAR_QA,INSTRUMENT_REVIEW,NO
WS:XHKG:868,0868.HK,PASS_HISTORY_CURRENT,v0.38,489,489,2024-09-02,2026-08-31,NO,NO,CSV_UNIQUE_ONLY,YES,YES,PASS_BAR_QA,INSTRUMENT_REVIEW,NO
WS:XHKG:883,0883.HK,PASS_HISTORY_CURRENT,v0.38,489,489,2024-09-02,2026-08-31,NO,NO,CSV_UNIQUE_ONLY,YES,YES,PASS_BAR_QA,INSTRUMENT_REVIEW,NO
WS:XHKG:939,0939.HK,PASS_HISTORY_CURRENT,v0.38,489,489,2024-09-02,2026-08-31,NO,NO,CSV_UNIQUE_ONLY,YES,YES,PASS_BAR_QA,INSTRUMENT_REVIEW,NO
WS:XHKG:941,0941.HK,PASS_HISTORY_CURRENT,v0.38,489,489,2024-09-02,2026-08-31,NO,NO,CSV_UNIQUE_ONLY,YES,YES,PASS_BAR_QA,INSTRUMENT_REVIEW,NO
WS:XHKG:960,0960.HK,PASS_HISTORY_CURRENT,v0.38,489,489,2024-09-02,2026-08-31,NO,NO,CSV_UNIQUE_ONLY,YES,YES,PASS_BAR_QA,INSTRUMENT_REVIEW,NO
WS:XHKG:9618,9618.HK,PASS_HISTORY_CURRENT,v0.38,489,489,2024-09-02,2026-08-31,NO,NO,CSV_UNIQUE_ONLY,YES,YES,PASS_BAR_QA,INSTRUMENT_REVIEW,NO
WS:XHKG:9633,9633.HK,PASS_HISTORY_CURRENT,v0.38,489,489,2024-09-02,2026-08-31,NO,NO,CSV_UNIQUE_ONLY,YES,YES,PASS_BAR_QA,INSTRUMENT_REVIEW,NO
WS:XHKG:968,0968.HK,PASS_HISTORY_CURRENT,v0.38,489,489,2024-09-02,2026-08-31,NO,NO,CSV_UNIQUE_ONLY,YES,YES,PASS_BAR_QA,INSTRUMENT_REVIEW,NO
WS:XHKG:981,0981.HK,PASS_HISTORY_CURRENT,v0.38,489,489,2024-09-02,2026-08-31,NO,NO,CSV_UNIQUE_ONLY,YES,YES,PASS_BAR_QA,INSTRUMENT_REVIEW,NO
WS:XHKG:9888,9888.HK,PASS_HISTORY_CURRENT,v0.38,489,489,2024-09-02,2026-08-31,NO,NO,CSV_UNIQUE_ONLY,YES,YES,PASS_BAR_QA,INSTRUMENT_REVIEW,NO
WS:XHKG:9901,9901.HK,PASS_HISTORY_CURRENT,v0.38,489,489,2024-09-02,2026-08-31,NO,NO,CSV_UNIQUE_ONLY,YES,YES,PASS_BAR_QA,INSTRUMENT_REVIEW,NO
WS:XHKG:992,0992.HK,PASS_HISTORY_CURRENT,v0.38,489,489,2024-09-02,2026-08-31,NO,NO,CSV_UNIQUE_ONLY,YES,YES,PASS_BAR_QA,INSTRUMENT_REVIEW,NO
WS:XHKG:9961,9961.HK,PASS_HISTORY_CURRENT,v0.38,489,489,2024-09-02,2026-08-31,NO,NO,CSV_UNIQUE_ONLY,YES,YES,PASS_BAR_QA,INSTRUMENT_REVIEW,NO
WS:XHKG:9988,9988.HK,PASS_HISTORY_CURRENT,v0.38,489,489,2024-09-02,2026-08-31,NO,NO,CSV_UNIQUE_ONLY,YES,YES,PASS_BAR_QA,INSTRUMENT_REVIEW,NO
WS:XHKG:9992,9992.HK,PASS_HISTORY_CURRENT,v0.38,489,489,2024-09-02,2026-08-31,NO,NO,CSV_UNIQUE_ONLY,YES,YES,PASS_BAR_QA,INSTRUMENT_REVIEW,NO
WS:XHKG:9999,9999.HK,PASS_HISTORY_CURRENT,v0.38,489,489,2024-09-02,2026-08-31,NO,NO,CSV_UNIQUE_ONLY,YES,YES,PASS_BAR_QA,INSTRUMENT_REVIEW,NO
WS:XLIS:BCP.LS,BCP.LS,PASS_HISTORY_CURRENT,v0.38,509,508,2024-09-02,2026-08-28,NO,NO,CSV_UNIQUE_ONLY,YES,YES,PASS_BAR_QA,INSTRUMENT_REVIEW,NO
WS:XLIS:EDP.LS,EDP.LS,PASS_HISTORY_CURRENT,v0.38,509,508,2024-09-02,2026-08-28,NO,NO,CSV_UNIQUE_ONLY,YES,YES,PASS_BAR_QA,INSTRUMENT_REVIEW,NO
WS:XLIS:EDPR.LS,EDPR.LS,PASS_HISTORY_CURRENT,v0.38,509,508,2024-09-02,2026-08-28,NO,NO,CSV_UNIQUE_ONLY,YES,YES,PASS_BAR_QA,INSTRUMENT_REVIEW,NO
WS:XLIS:GALP.LS,GALP.LS,PASS_HISTORY_CURRENT,v0.38,509,508,2024-09-02,2026-08-28,NO,NO,CSV_UNIQUE_ONLY,YES,YES,PASS_BAR_QA,INSTRUMENT_REVIEW,NO
WS:XLIS:JMT.LS,JMT.LS,PASS_HISTORY_CURRENT,v0.38,509,508,2024-09-02,2026-08-28,NO,NO,CSV_UNIQUE_ONLY,YES,YES,PASS_BAR_QA,INSTRUMENT_REVIEW,NO
WS:XLON:AAF.L,AAF.L,PASS_HISTORY_CURRENT,v0.38,508,508,2024-08-28,2026-08-28,NO,NO,CSV_UNIQUE_ONLY,YES,YES,PASS_BAR_QA,INSTRUMENT_REVIEW,NO
WS:XLON:AAL.L,AAL.L,PASS_HISTORY_CURRENT,v0.38,508,508,2024-08-28,2026-08-28,NO,NO,CSV_UNIQUE_ONLY,YES,YES,PASS_BAR_QA,INSTRUMENT_REVIEW,NO
WS:XLON:ABDN.L,ABDN.L,PASS_HISTORY_CURRENT,v0.38,508,508,2024-08-28,2026-08-28,NO,NO,CSV_UNIQUE_ONLY,YES,YES,PASS_BAR_QA,INSTRUMENT_REVIEW,NO
WS:XLON:ABF.L,ABF.L,PASS_HISTORY_CURRENT,v0.38,508,508,2024-08-28,2026-08-28,NO,NO,CSV_UNIQUE_ONLY,YES,YES,PASS_BAR_QA,INSTRUMENT_REVIEW,NO
WS:XLON:ADML.L,ADM.L,PASS_HISTORY_CURRENT,v0.47,507,507,2024-09-04,2026-09-04,NO,NO,SQLITE,YES,YES,PASS_BAR_QA,PASS_STRICT_CANDIDATE,YES
WS:XLON:ANTO.L,ANTO.L,PASS_HISTORY_CURRENT,v0.38,508,508,2024-08-28,2026-08-28,NO,NO,CSV_UNIQUE_ONLY,YES,YES,PASS_BAR_QA,INSTRUMENT_REVIEW,NO
WS:XLON:AUTOA.L,AUTO.L,PASS_HISTORY_CURRENT,v0.47,507,507,2024-09-04,2026-09-04,NO,NO,SQLITE,YES,YES,PASS_BAR_QA,PASS_STRICT_CANDIDATE,YES
WS:XLON:AV.L,AV.L,PASS_HISTORY_CURRENT,v0.38,508,508,2024-08-28,2026-08-28,NO,NO,CSV_UNIQUE_ONLY,YES,YES,PASS_BAR_QA,INSTRUMENT_REVIEW,NO
WS:XLON:AZN.L,AZN.L,PASS_HISTORY_CURRENT,v0.38,508,508,2024-08-28,2026-08-28,NO,NO,CSV_UNIQUE_ONLY,YES,YES,PASS_BAR_QA,INSTRUMENT_REVIEW,NO
WS:XLON:BAB.L,BAB.L,PASS_HISTORY_CURRENT,v0.38,508,508,2024-08-28,2026-08-28,NO,NO,CSV_UNIQUE_ONLY,YES,YES,PASS_BAR_QA,INSTRUMENT_REVIEW,NO
WS:XLON:BAES.L,BA.L,PASS_HISTORY_CURRENT,v0.38,508,508,2024-08-28,2026-08-28,NO,NO,CSV_UNIQUE_ONLY,YES,YES,PASS_BAR_QA,INSTRUMENT_REVIEW,NO
WS:XLON:BALF.L,BBY.L,PASS_HISTORY_CURRENT,v0.47,507,507,2024-09-04,2026-09-04,NO,NO,SQLITE,YES,YES,PASS_BAR_QA,LOW_LIQUIDITY_EXCEPTION,YES
WS:XLON:BARC.L,BARC.L,PASS_HISTORY_CURRENT,v0.38,507,507,2024-08-28,2026-08-28,NO,NO,CSV_UNIQUE_ONLY,YES,YES,PASS_BAR_QA,INSTRUMENT_REVIEW,NO
WS:XLON:BATS.L,BATS.L,PASS_HISTORY_CURRENT,v0.38,508,508,2024-08-28,2026-08-28,NO,NO,CSV_UNIQUE_ONLY,YES,YES,PASS_BAR_QA,INSTRUMENT_REVIEW,NO
WS:XLON:BBOXT.L,BBOX.L,PASS_HISTORY_CURRENT,v0.47,507,507,2024-09-04,2026-09-04,NO,NO,SQLITE,YES,YES,PASS_BAR_QA,LOW_LIQUIDITY_EXCEPTION,YES
WS:XLON:BEZG.L,BEZ.L,PASS_HISTORY_CURRENT,v0.47,507,507,2024-09-04,2026-09-04,NO,NO,SQLITE,YES,YES,PASS_BAR_QA,PASS_STRICT_CANDIDATE,YES
WS:XLON:BGEO.L,BGEO.L,PASS_HISTORY_CURRENT,v0.38,508,508,2024-08-28,2026-08-28,NO,NO,CSV_UNIQUE_ONLY,YES,YES,PASS_BAR_QA,INSTRUMENT_REVIEW,NO
WS:XLON:BKGH.L,BKG.L,PASS_HISTORY_CURRENT,v0.47,507,507,2024-09-04,2026-09-04,NO,NO,SQLITE,YES,YES,PASS_BAR_QA,LOW_LIQUIDITY_EXCEPTION,YES
WS:XLON:BLND.L,BLND.L,PASS_HISTORY_CURRENT,v0.38,508,508,2024-08-28,2026-08-28,NO,NO,CSV_UNIQUE_ONLY,YES,YES,PASS_BAR_QA,INSTRUMENT_REVIEW,NO
WS:XLON:BNZL.L,BNZL.L,PASS_HISTORY_CURRENT,v0.38,508,508,2024-08-28,2026-08-28,NO,NO,CSV_UNIQUE_ONLY,YES,YES,PASS_BAR_QA,INSTRUMENT_REVIEW,NO
WS:XLON:BP.L,BP.L,PASS_HISTORY_CURRENT,v0.38,507,507,2024-08-28,2026-08-28,NO,NO,CSV_UNIQUE_ONLY,YES,YES,PASS_BAR_QA,INSTRUMENT_REVIEW,NO
WS:XLON:BPTB.L,BPT.L,PASS_HISTORY_CURRENT,v0.47,507,507,2024-09-04,2026-09-04,NO,NO,SQLITE,YES,YES,PASS_BAR_QA,FAIL_LIQUIDITY,YES
WS:XLON:BRBY.L,BRBY.L,PASS_HISTORY_CURRENT,v0.38,508,508,2024-08-28,2026-08-28,NO,NO,CSV_UNIQUE_ONLY,YES,YES,PASS_BAR_QA,INSTRUMENT_REVIEW,NO
WS:XLON:BT.L,BT-A.L,PASS_HISTORY_CURRENT,v0.47,507,507,2024-09-04,2026-09-04,NO,NO,SQLITE,YES,YES,PASS_BAR_QA,PASS_STRICT_CANDIDATE,YES
WS:XLON:BTRW.L,BTRW.L,PASS_HISTORY_CURRENT,v0.38,508,508,2024-08-28,2026-08-28,NO,NO,CSV_UNIQUE_ONLY,YES,YES,PASS_BAR_QA,INSTRUMENT_REVIEW,NO
WS:XLON:BWY.L,BWY.L,PASS_HISTORY_CURRENT,v0.38,508,508,2024-08-28,2026-08-28,NO,NO,CSV_UNIQUE_ONLY,YES,YES,PASS_BAR_QA,INSTRUMENT_REVIEW,NO
WS:XLON:CCC.L,CCC.L,PASS_HISTORY_CURRENT,v0.38,508,508,2024-08-28,2026-08-28,NO,NO,CSV_UNIQUE_ONLY,YES,YES,PASS_BAR_QA,INSTRUMENT_REVIEW,NO
WS:XLON:CCH.L,CCH.L,PASS_HISTORY_CURRENT,v0.38,508,508,2024-08-28,2026-08-28,NO,NO,CSV_UNIQUE_ONLY,YES,YES,PASS_BAR_QA,INSTRUMENT_REVIEW,NO
WS:XLON:CNA.L,CNA.L,PASS_HISTORY_CURRENT,v0.38,508,507,2024-08-28,2026-08-28,NO,NO,CSV_UNIQUE_ONLY,YES,YES,PASS_BAR_QA,INSTRUMENT_REVIEW,NO
WS:XLON:CPG.L,CPG.L,PASS_HISTORY_CURRENT,v0.38,508,508,2024-08-28,2026-08-28,NO,NO,CSV_UNIQUE_ONLY,YES,YES,PASS_BAR_QA,INSTRUMENT_REVIEW,NO
WS:XLON:CRDA.L,CRDA.L,PASS_HISTORY_CURRENT,v0.38,508,508,2024-08-28,2026-08-28,NO,NO,CSV_UNIQUE_ONLY,YES,YES,PASS_BAR_QA,INSTRUMENT_REVIEW,NO
WS:XLON:CTEC.L,CTEC.L,PASS_HISTORY_CURRENT,v0.38,508,508,2024-08-28,2026-08-28,NO,NO,CSV_UNIQUE_ONLY,YES,YES,PASS_BAR_QA,INSTRUMENT_REVIEW,NO
WS:XLON:CWK.L,CWK.L,PASS_HISTORY_CURRENT,v0.38,508,508,2024-08-28,2026-08-28,NO,NO,CSV_UNIQUE_ONLY,YES,YES,PASS_BAR_QA,INSTRUMENT_REVIEW,NO
WS:XLON:DCC.L,DCC.L,PASS_HISTORY_CURRENT,v0.38,508,508,2024-08-28,2026-08-28,NO,NO,CSV_UNIQUE_ONLY,YES,YES,PASS_BAR_QA,INSTRUMENT_REVIEW,NO
WS:XLON:DGE.L,DGE.L,PASS_HISTORY_CURRENT,v0.38,507,507,2024-08-28,2026-08-28,NO,NO,CSV_UNIQUE_ONLY,YES,YES,PASS_BAR_QA,INSTRUMENT_REVIEW,NO
WS:XLON:DLN.L,DLN.L,PASS_HISTORY_CURRENT,v0.38,508,508,2024-08-28,2026-08-28,NO,NO,CSV_UNIQUE_ONLY,YES,YES,PASS_BAR_QA,INSTRUMENT_REVIEW,NO
WS:XLON:DPLM.L,DPLM.L,PASS_HISTORY_CURRENT,v0.38,508,508,2024-08-28,2026-08-28,NO,NO,CSV_UNIQUE_ONLY,YES,YES,PASS_BAR_QA,INSTRUMENT_REVIEW,NO
WS:XLON:DRX.L,DRX.L,PASS_HISTORY_CURRENT,v0.38,508,508,2024-08-28,2026-08-28,NO,NO,CSV_UNIQUE_ONLY,YES,YES,PASS_BAR_QA,INSTRUMENT_REVIEW,NO
WS:XLON:EMG.L,EMG.L,PASS_HISTORY_CURRENT,v0.38,508,508,2024-08-28,2026-08-28,NO,NO,CSV_UNIQUE_ONLY,YES,YES,PASS_BAR_QA,INSTRUMENT_REVIEW,NO
WS:XLON:ENT.L,ENT.L,PASS_HISTORY_CURRENT,v0.38,508,508,2024-08-28,2026-08-28,NO,NO,CSV_UNIQUE_ONLY,YES,YES,PASS_BAR_QA,INSTRUMENT_REVIEW,NO
WS:XLON:EXPN.L,EXPN.L,PASS_HISTORY_CURRENT,v0.38,507,506,2024-08-28,2026-08-28,NO,NO,CSV_UNIQUE_ONLY,YES,YES,PASS_BAR_QA,INSTRUMENT_REVIEW,NO
WS:XLON:FRES.L,FRES.L,PASS_HISTORY_CURRENT,v0.38,508,508,2024-08-28,2026-08-28,NO,NO,CSV_UNIQUE_ONLY,YES,YES,PASS_BAR_QA,INSTRUMENT_REVIEW,NO
WS:XLON:GAW.L,GAW.L,PASS_HISTORY_CURRENT,v0.38,508,508,2024-08-28,2026-08-28,NO,NO,CSV_UNIQUE_ONLY,YES,YES,PASS_BAR_QA,INSTRUMENT_REVIEW,NO
WS:XLON:GLEN.L,GLEN.L,PASS_HISTORY_CURRENT,v0.38,505,504,2024-08-28,2026-08-28,NO,NO,CSV_UNIQUE_ONLY,YES,YES,PASS_BAR_QA,INSTRUMENT_REVIEW,NO
WS:XLON:GSK.L,GSK.L,PASS_HISTORY_CURRENT,v0.38,508,508,2024-08-28,2026-08-28,NO,NO,CSV_UNIQUE_ONLY,YES,YES,PASS_BAR_QA,INSTRUMENT_REVIEW,NO
WS:XLON:HIK.L,HIK.L,PASS_HISTORY_CURRENT,v0.38,508,508,2024-08-28,2026-08-28,NO,NO,CSV_UNIQUE_ONLY,YES,YES,PASS_BAR_QA,INSTRUMENT_REVIEW,NO
WS:XLON:HLMA.L,HLMA.L,PASS_HISTORY_CURRENT,v0.38,508,508,2024-08-28,2026-08-28,NO,NO,CSV_UNIQUE_ONLY,YES,YES,PASS_BAR_QA,INSTRUMENT_REVIEW,NO
WS:XLON:HLN.L,HLN.L,PASS_HISTORY_CURRENT,v0.38,508,507,2024-08-28,2026-08-28,NO,NO,CSV_UNIQUE_ONLY,YES,YES,PASS_BAR_QA,INSTRUMENT_REVIEW,NO
WS:XLON:HOCM.L,HOC.L,PASS_HISTORY_CURRENT,v0.47,507,507,2024-09-04,2026-09-04,NO,NO,SQLITE,YES,YES,PASS_BAR_QA,LOW_LIQUIDITY_EXCEPTION,YES
WS:XLON:HSBA.L,HSBA.L,PASS_HISTORY_CURRENT,v0.38,507,507,2024-08-28,2026-08-28,NO,NO,CSV_UNIQUE_ONLY,YES,YES,PASS_BAR_QA,INSTRUMENT_REVIEW,NO
WS:XLON:HSX.L,HSX.L,PASS_HISTORY_CURRENT,v0.38,508,508,2024-08-28,2026-08-28,NO,NO,CSV_UNIQUE_ONLY,YES,YES,PASS_BAR_QA,INSTRUMENT_REVIEW,NO
WS:XLON:HWDN.L,HWDN.L,PASS_HISTORY_CURRENT,v0.38,508,508,2024-08-28,2026-08-28,NO,NO,CSV_UNIQUE_ONLY,YES,YES,PASS_BAR_QA,INSTRUMENT_REVIEW,NO
WS:XLON:ICAG.L,IAG.L,PASS_HISTORY_CURRENT,v0.47,502,502,2024-09-04,2026-09-04,NO,NO,SQLITE,YES,YES,PASS_BAR_QA,PASS_STRICT_CANDIDATE,YES
WS:XLON:ICGIN.L,ICG.L,PASS_HISTORY_CURRENT,v0.47,507,507,2024-09-04,2026-09-04,NO,NO,SQLITE,YES,YES,PASS_BAR_QA,PASS_STRICT_CANDIDATE,YES
WS:XLON:IGG.L,IGG.L,PASS_HISTORY_CURRENT,v0.38,508,508,2024-08-28,2026-08-28,NO,NO,CSV_UNIQUE_ONLY,YES,YES,PASS_BAR_QA,INSTRUMENT_REVIEW,NO
WS:XLON:IHG.L,IHG.L,PASS_HISTORY_CURRENT,v0.38,508,508,2024-08-28,2026-08-28,NO,NO,CSV_UNIQUE_ONLY,YES,YES,PASS_BAR_QA,INSTRUMENT_REVIEW,NO
WS:XLON:III.L,III.L,PASS_HISTORY_CURRENT,v0.38,508,508,2024-08-28,2026-08-28,NO,NO,CSV_UNIQUE_ONLY,YES,YES,PASS_BAR_QA,INSTRUMENT_REVIEW,NO
WS:XLON:IMB.L,IMB.L,PASS_HISTORY_CURRENT,v0.38,508,508,2024-08-28,2026-08-28,NO,NO,CSV_UNIQUE_ONLY,YES,YES,PASS_BAR_QA,INSTRUMENT_REVIEW,NO
WS:XLON:IMI.L,IMI.L,PASS_HISTORY_CURRENT,v0.38,508,508,2024-08-28,2026-08-28,NO,NO,CSV_UNIQUE_ONLY,YES,YES,PASS_BAR_QA,INSTRUMENT_REVIEW,NO
WS:XLON:INCH.L,INCH.L,PASS_HISTORY_CURRENT,v0.38,508,508,2024-08-28,2026-08-28,NO,NO,CSV_UNIQUE_ONLY,YES,YES,PASS_BAR_QA,INSTRUMENT_REVIEW,NO
WS:XLON:INF.L,INF.L,PASS_HISTORY_CURRENT,v0.38,508,508,2024-08-28,2026-08-28,NO,NO,CSV_UNIQUE_ONLY,YES,YES,PASS_BAR_QA,INSTRUMENT_REVIEW,NO
WS:XLON:INVP.L,INVP.L,PASS_HISTORY_CURRENT,v0.38,508,508,2024-08-28,2026-08-28,NO,NO,CSV_UNIQUE_ONLY,YES,YES,PASS_BAR_QA,INSTRUMENT_REVIEW,NO
WS:XLON:ITRK.L,ITRK.L,PASS_HISTORY_CURRENT,v0.38,508,508,2024-08-28,2026-08-28,NO,NO,CSV_UNIQUE_ONLY,YES,YES,PASS_BAR_QA,INSTRUMENT_REVIEW,NO
WS:XLON:ITV.L,ITV.L,PASS_HISTORY_CURRENT,v0.38,508,508,2024-08-28,2026-08-28,NO,NO,CSV_UNIQUE_ONLY,YES,YES,PASS_BAR_QA,INSTRUMENT_REVIEW,NO
WS:XLON:JD.L,JD.L,PASS_HISTORY_CURRENT,v0.38,508,508,2024-08-28,2026-08-28,NO,NO,CSV_UNIQUE_ONLY,YES,YES,PASS_BAR_QA,INSTRUMENT_REVIEW,NO
WS:XLON:JMAT.L,JMAT.L,PASS_HISTORY_CURRENT,v0.38,508,508,2024-08-28,2026-08-28,NO,NO,CSV_UNIQUE_ONLY,YES,YES,PASS_BAR_QA,INSTRUMENT_REVIEW,NO
WS:XLON:KGF.L,KGF.L,PASS_HISTORY_CURRENT,v0.38,508,508,2024-08-28,2026-08-28,NO,NO,CSV_UNIQUE_ONLY,YES,YES,PASS_BAR_QA,INSTRUMENT_REVIEW,NO
WS:XLON:LAND.L,LAND.L,PASS_HISTORY_CURRENT,v0.38,508,508,2024-08-28,2026-08-28,NO,NO,CSV_UNIQUE_ONLY,YES,YES,PASS_BAR_QA,INSTRUMENT_REVIEW,NO
WS:XLON:LGEN.L,LGEN.L,PASS_HISTORY_CURRENT,v0.38,508,508,2024-08-28,2026-08-28,NO,NO,CSV_UNIQUE_ONLY,YES,YES,PASS_BAR_QA,INSTRUMENT_REVIEW,NO
WS:XLON:LLOY.L,LLOY.L,PASS_HISTORY_CURRENT,v0.38,508,508,2024-08-28,2026-08-28,NO,NO,CSV_UNIQUE_ONLY,YES,YES,PASS_BAR_QA,INSTRUMENT_REVIEW,NO
WS:XLON:LMPL.L,LMP.L,PASS_HISTORY_CURRENT,v0.38,508,508,2024-08-28,2026-08-28,NO,NO,CSV_UNIQUE_ONLY,YES,YES,PASS_BAR_QA,INSTRUMENT_REVIEW,NO
WS:XLON:LSEG.L,LSEG.L,PASS_HISTORY_CURRENT,v0.38,508,508,2024-08-28,2026-08-28,NO,NO,CSV_UNIQUE_ONLY,YES,YES,PASS_BAR_QA,INSTRUMENT_REVIEW,NO
WS:XLON:MKS.L,MKS.L,PASS_HISTORY_CURRENT,v0.38,508,508,2024-08-28,2026-08-28,NO,NO,CSV_UNIQUE_ONLY,YES,YES,PASS_BAR_QA,INSTRUMENT_REVIEW,NO
WS:XLON:MNDI.L,MNDI.L,PASS_HISTORY_CURRENT,v0.38,508,507,2024-08-28,2026-08-28,NO,NO,CSV_UNIQUE_ONLY,YES,YES,PASS_BAR_QA,INSTRUMENT_REVIEW,NO
WS:XLON:MNG.L,MNG.L,PASS_HISTORY_CURRENT,v0.38,508,508,2024-08-28,2026-08-28,NO,NO,CSV_UNIQUE_ONLY,YES,YES,PASS_BAR_QA,INSTRUMENT_REVIEW,NO
WS:XLON:MRON.L,MRO.L,PASS_HISTORY_CURRENT,v0.47,507,507,2024-09-04,2026-09-04,NO,NO,SQLITE,YES,YES,PASS_BAR_QA,PASS_STRICT_CANDIDATE,YES
WS:XLON:MTO.L,MTO.L,PASS_HISTORY_CURRENT,v0.38,508,508,2024-08-28,2026-08-28,NO,NO,CSV_UNIQUE_ONLY,YES,YES,PASS_BAR_QA,INSTRUMENT_REVIEW,NO
WS:XLON:NG.L,NG.L,PASS_HISTORY_CURRENT,v0.38,508,508,2024-08-28,2026-08-28,NO,NO,CSV_UNIQUE_ONLY,YES,YES,PASS_BAR_QA,INSTRUMENT_REVIEW,NO
WS:XLON:NWG.L,NWG.L,PASS_HISTORY_CURRENT,v0.38,508,508,2024-08-28,2026-08-28,NO,NO,CSV_UNIQUE_ONLY,YES,YES,PASS_BAR_QA,INSTRUMENT_REVIEW,NO
WS:XLON:NXT.L,NXT.L,PASS_HISTORY_CURRENT,v0.38,508,508,2024-08-28,2026-08-28,NO,NO,CSV_UNIQUE_ONLY,YES,YES,PASS_BAR_QA,INSTRUMENT_REVIEW,NO
WS:XLON:PAFR.L,PAF.L,PASS_HISTORY_CURRENT,v0.47,507,507,2024-09-04,2026-09-04,NO,NO,SQLITE,YES,YES,PASS_BAR_QA,LOW_LIQUIDITY_EXCEPTION,YES
WS:XLON:PHP.L,PHP.L,PASS_HISTORY_CURRENT,v0.38,508,508,2024-08-28,2026-08-28,NO,NO,CSV_UNIQUE_ONLY,YES,YES,PASS_BAR_QA,INSTRUMENT_REVIEW,NO
WS:XLON:PLUSP.L,PLUS.L,PASS_HISTORY_CURRENT,v0.47,507,507,2024-09-04,2026-09-04,NO,NO,SQLITE,YES,YES,PASS_BAR_QA,LOW_LIQUIDITY_EXCEPTION,YES
WS:XLON:PNN.L,PNN.L,PASS_HISTORY_CURRENT,v0.38,508,508,2024-08-28,2026-08-28,NO,NO,CSV_UNIQUE_ONLY,YES,YES,PASS_BAR_QA,INSTRUMENT_REVIEW,NO
WS:XLON:PRU.L,PRU.L,PASS_HISTORY_CURRENT,v0.38,508,508,2024-08-28,2026-08-28,NO,NO,CSV_UNIQUE_ONLY,YES,YES,PASS_BAR_QA,INSTRUMENT_REVIEW,NO
WS:XLON:PSN.L,PSN.L,PASS_HISTORY_CURRENT,v0.38,508,508,2024-08-28,2026-08-28,NO,NO,CSV_UNIQUE_ONLY,YES,YES,PASS_BAR_QA,INSTRUMENT_REVIEW,NO
WS:XLON:PSON.L,PSON.L,PASS_HISTORY_CURRENT,v0.38,508,508,2024-08-28,2026-08-28,NO,NO,CSV_UNIQUE_ONLY,YES,YES,PASS_BAR_QA,INSTRUMENT_REVIEW,NO
WS:XLON:QLT.L,QLT.L,PASS_HISTORY_CURRENT,v0.38,508,508,2024-08-28,2026-08-28,NO,NO,CSV_UNIQUE_ONLY,YES,YES,PASS_BAR_QA,INSTRUMENT_REVIEW,NO
WS:XLON:QQ.L,QQ.L,PASS_HISTORY_CURRENT,v0.38,508,508,2024-08-28,2026-08-28,NO,NO,CSV_UNIQUE_ONLY,YES,YES,PASS_BAR_QA,INSTRUMENT_REVIEW,NO
WS:XLON:REL.L,REL.L,PASS_HISTORY_CURRENT,v0.38,508,508,2024-08-28,2026-08-28,NO,NO,CSV_UNIQUE_ONLY,YES,YES,PASS_BAR_QA,INSTRUMENT_REVIEW,NO
WS:XLON:RIO.L,RIO.L,PASS_HISTORY_CURRENT,v0.38,507,507,2024-08-28,2026-08-28,NO,NO,CSV_UNIQUE_ONLY,YES,YES,PASS_BAR_QA,INSTRUMENT_REVIEW,NO
WS:XLON:RKT.L,RKT.L,PASS_HISTORY_CURRENT,v0.38,508,507,2024-08-28,2026-08-28,NO,NO,CSV_UNIQUE_ONLY,YES,YES,PASS_BAR_QA,INSTRUMENT_REVIEW,NO
WS:XLON:RMV.L,RMV.L,PASS_HISTORY_CURRENT,v0.38,508,508,2024-08-28,2026-08-28,NO,NO,CSV_UNIQUE_ONLY,YES,YES,PASS_BAR_QA,INSTRUMENT_REVIEW,NO
WS:XLON:ROR.L,ROR.L,DATA_QUALITY_FAIL,v0.38,508,508,2024-08-28,2026-08-28,NO,NO,CSV_UNIQUE_ONLY,YES,YES,PASS_BAR_QA,DATA_QUALITY_FAIL,NO
WS:XLON:RR.L,RR.L,PASS_HISTORY_CURRENT,v0.38,507,507,2024-08-28,2026-08-28,NO,NO,CSV_UNIQUE_ONLY,YES,YES,PASS_BAR_QA,INSTRUMENT_REVIEW,NO
WS:XLON:RS1R.L,RS1.L,PASS_HISTORY_CURRENT,v0.47,507,507,2024-09-04,2026-09-04,NO,NO,SQLITE,YES,YES,PASS_BAR_QA,LOW_LIQUIDITY_EXCEPTION,YES
WS:XLON:RTO.L,RTO.L,PASS_HISTORY_CURRENT,v0.38,508,508,2024-08-28,2026-08-28,NO,NO,CSV_UNIQUE_ONLY,YES,YES,PASS_BAR_QA,INSTRUMENT_REVIEW,NO
WS:XLON:SBRY.L,SBRY.L,PASS_HISTORY_CURRENT,v0.38,508,507,2024-08-28,2026-08-28,NO,NO,CSV_UNIQUE_ONLY,YES,YES,PASS_BAR_QA,INSTRUMENT_REVIEW,NO
WS:XLON:SDLF.L,SDLF.L,PASS_HISTORY_CURRENT,v0.38,508,508,2024-08-28,2026-08-28,NO,NO,CSV_UNIQUE_ONLY,YES,YES,PASS_BAR_QA,INSTRUMENT_REVIEW,NO
WS:XLON:SDR.L,SDR.L,PASS_HISTORY_CURRENT,v0.38,508,508,2024-08-28,2026-08-28,NO,NO,CSV_UNIQUE_ONLY,YES,YES,PASS_BAR_QA,INSTRUMENT_REVIEW,NO
WS:XLON:SGE.L,SGE.L,PASS_HISTORY_CURRENT,v0.38,508,508,2024-08-28,2026-08-28,NO,NO,CSV_UNIQUE_ONLY,YES,YES,PASS_BAR_QA,INSTRUMENT_REVIEW,NO
WS:XLON:SGRO.L,SGRO.L,PASS_HISTORY_CURRENT,v0.38,508,508,2024-08-28,2026-08-28,NO,NO,CSV_UNIQUE_ONLY,YES,YES,PASS_BAR_QA,INSTRUMENT_REVIEW,NO
WS:XLON:SHCS.L,SHC.L,PASS_HISTORY_CURRENT,v0.47,507,507,2024-09-04,2026-09-04,NO,NO,SQLITE,YES,YES,PASS_BAR_QA,LOW_LIQUIDITY_EXCEPTION,YES
WS:XLON:SJP.L,STJ.L,PASS_HISTORY_CURRENT,v0.47,507,507,2024-09-04,2026-09-04,NO,NO,SQLITE,YES,YES,PASS_BAR_QA,PASS_STRICT_CANDIDATE,YES
WS:XLON:SMIN.L,SMIN.L,PASS_HISTORY_CURRENT,v0.38,508,508,2024-08-28,2026-08-28,NO,NO,CSV_UNIQUE_ONLY,YES,YES,PASS_BAR_QA,INSTRUMENT_REVIEW,NO
WS:XLON:SN.L,SN.L,PASS_HISTORY_CURRENT,v0.38,507,507,2024-08-28,2026-08-28,NO,NO,CSV_UNIQUE_ONLY,YES,YES,PASS_BAR_QA,INSTRUMENT_REVIEW,NO
WS:XLON:SPX.L,SPX.L,PASS_HISTORY_CURRENT,v0.38,508,508,2024-08-28,2026-08-28,NO,NO,CSV_UNIQUE_ONLY,YES,YES,PASS_BAR_QA,INSTRUMENT_REVIEW,NO
WS:XLON:SRP.L,SRP.L,PASS_HISTORY_CURRENT,v0.38,508,508,2024-08-28,2026-08-28,NO,NO,CSV_UNIQUE_ONLY,YES,YES,PASS_BAR_QA,INSTRUMENT_REVIEW,NO
WS:XLON:SSE.L,SSE.L,PASS_HISTORY_CURRENT,v0.38,508,508,2024-08-28,2026-08-28,NO,NO,CSV_UNIQUE_ONLY,YES,YES,PASS_BAR_QA,INSTRUMENT_REVIEW,NO
WS:XLON:STAN.L,STAN.L,PASS_HISTORY_CURRENT,v0.38,508,508,2024-08-28,2026-08-28,NO,NO,CSV_UNIQUE_ONLY,YES,YES,PASS_BAR_QA,INSTRUMENT_REVIEW,NO
WS:XLON:SVT.L,SVT.L,PASS_HISTORY_CURRENT,v0.38,508,507,2024-08-28,2026-08-28,NO,NO,CSV_UNIQUE_ONLY,YES,YES,PASS_BAR_QA,INSTRUMENT_REVIEW,NO
WS:XLON:TBCG.L,TBCG.L,PASS_HISTORY_CURRENT,v0.38,508,508,2024-08-28,2026-08-28,NO,NO,CSV_UNIQUE_ONLY,YES,YES,PASS_BAR_QA,INSTRUMENT_REVIEW,NO
WS:XLON:TCAPI.L,TCAP.L,PASS_HISTORY_CURRENT,v0.47,507,507,2024-09-04,2026-09-04,NO,NO,SQLITE,YES,YES,PASS_BAR_QA,FAIL_LIQUIDITY,YES
WS:XLON:TSCO.L,TSCO.L,PASS_HISTORY_CURRENT,v0.38,508,508,2024-08-28,2026-08-28,NO,NO,CSV_UNIQUE_ONLY,YES,YES,PASS_BAR_QA,INSTRUMENT_REVIEW,NO
WS:XLON:TW.L,TW.L,PASS_HISTORY_CURRENT,v0.38,508,508,2024-08-28,2026-08-28,NO,NO,CSV_UNIQUE_ONLY,YES,YES,PASS_BAR_QA,INSTRUMENT_REVIEW,NO
WS:XLON:ULVR.L,ULVR.L,PASS_HISTORY_CURRENT,v0.38,508,508,2024-08-28,2026-08-28,NO,NO,CSV_UNIQUE_ONLY,YES,YES,PASS_BAR_QA,INSTRUMENT_REVIEW,NO
WS:XLON:UTG.L,UTG.L,PASS_HISTORY_CURRENT,v0.38,508,507,2024-08-28,2026-08-28,NO,NO,CSV_UNIQUE_ONLY,YES,YES,PASS_BAR_QA,INSTRUMENT_REVIEW,NO
WS:XLON:UU.L,UU.L,PASS_HISTORY_CURRENT,v0.38,508,508,2024-08-28,2026-08-28,NO,NO,CSV_UNIQUE_ONLY,YES,YES,PASS_BAR_QA,INSTRUMENT_REVIEW,NO
WS:XLON:VOD.L,VOD.L,PASS_HISTORY_CURRENT,v0.38,507,507,2024-08-28,2026-08-28,NO,NO,CSV_UNIQUE_ONLY,YES,YES,PASS_BAR_QA,INSTRUMENT_REVIEW,NO
WS:XLON:WEIR.L,WEIR.L,PASS_HISTORY_CURRENT,v0.38,508,508,2024-08-28,2026-08-28,NO,NO,CSV_UNIQUE_ONLY,YES,YES,PASS_BAR_QA,INSTRUMENT_REVIEW,NO
WS:XLON:WISEA.L,WISE.L,PASS_HISTORY_CURRENT,v0.38,508,508,2024-08-28,2026-08-28,NO,NO,CSV_UNIQUE_ONLY,YES,YES,PASS_BAR_QA,INSTRUMENT_REVIEW,NO
WS:XLON:WPP.L,WPP.L,PASS_HISTORY_CURRENT,v0.38,508,508,2024-08-28,2026-08-28,NO,NO,CSV_UNIQUE_ONLY,YES,YES,PASS_BAR_QA,INSTRUMENT_REVIEW,NO
WS:XLON:WTB.L,WTB.L,PASS_HISTORY_CURRENT,v0.38,508,508,2024-08-28,2026-08-28,NO,NO,CSV_UNIQUE_ONLY,YES,YES,PASS_BAR_QA,INSTRUMENT_REVIEW,NO
WS:XLON:ZEG.L,ZEG.L,PASS_HISTORY_CURRENT,v0.38,508,508,2024-08-28,2026-08-28,NO,NO,CSV_UNIQUE_ONLY,YES,YES,PASS_BAR_QA,INSTRUMENT_REVIEW,NO
WS:XMAD:ACS.MC,ACS.MC,PASS_HISTORY_CURRENT,v0.38,509,508,2024-09-02,2026-08-28,NO,NO,CSV_UNIQUE_ONLY,YES,YES,PASS_BAR_QA,INSTRUMENT_REVIEW,NO
WS:XMAD:ACX.MC,ACX.MC,PASS_HISTORY_CURRENT,v0.38,509,508,2024-09-02,2026-08-28,NO,NO,CSV_UNIQUE_ONLY,YES,YES,PASS_BAR_QA,INSTRUMENT_REVIEW,NO
WS:XMAD:AENA.MC,AENA.MC,PASS_HISTORY_CURRENT,v0.38,509,508,2024-09-02,2026-08-28,NO,NO,CSV_UNIQUE_ONLY,YES,YES,PASS_BAR_QA,INSTRUMENT_REVIEW,NO
WS:XMAD:AMA.MC,AMS.MC,PASS_HISTORY_CURRENT,v0.47,511,511,2024-09-04,2026-09-04,NO,NO,SQLITE,YES,YES,PASS_BAR_QA,PASS_STRICT_CANDIDATE,YES
WS:XMAD:ANA.MC,ANA.MC,PASS_HISTORY_CURRENT,v0.38,509,508,2024-09-02,2026-08-28,NO,NO,CSV_UNIQUE_ONLY,YES,YES,PASS_BAR_QA,INSTRUMENT_REVIEW,NO
WS:XMAD:BBVA.MC,BBVA.MC,PASS_HISTORY_CURRENT,v0.38,509,508,2024-09-02,2026-08-28,NO,NO,CSV_UNIQUE_ONLY,YES,YES,PASS_BAR_QA,INSTRUMENT_REVIEW,NO
WS:XMAD:BKT.MC,BKT.MC,PASS_HISTORY_CURRENT,v0.38,509,508,2024-09-02,2026-08-28,NO,NO,CSV_UNIQUE_ONLY,YES,YES,PASS_BAR_QA,INSTRUMENT_REVIEW,NO
WS:XMAD:CABK.MC,CABK.MC,PASS_HISTORY_CURRENT,v0.38,509,508,2024-09-02,2026-08-28,NO,NO,CSV_UNIQUE_ONLY,YES,YES,PASS_BAR_QA,INSTRUMENT_REVIEW,NO
WS:XMAD:CLNX.MC,CLNX.MC,PASS_HISTORY_CURRENT,v0.38,509,508,2024-09-02,2026-08-28,NO,NO,CSV_UNIQUE_ONLY,YES,YES,PASS_BAR_QA,INSTRUMENT_REVIEW,NO
WS:XMAD:ELE.MC,ELE.MC,PASS_HISTORY_CURRENT,v0.38,509,508,2024-09-02,2026-08-28,NO,NO,CSV_UNIQUE_ONLY,YES,YES,PASS_BAR_QA,INSTRUMENT_REVIEW,NO
WS:XMAD:ENAG.MC,ENG.MC,PASS_HISTORY_CURRENT,v0.47,511,511,2024-09-04,2026-09-04,NO,NO,SQLITE,YES,YES,PASS_BAR_QA,LOW_LIQUIDITY_EXCEPTION,YES
WS:XMAD:FER.MC,FER.MC,PASS_HISTORY_CURRENT,v0.38,509,508,2024-09-02,2026-08-28,NO,NO,CSV_UNIQUE_ONLY,YES,YES,PASS_BAR_QA,INSTRUMENT_REVIEW,NO
WS:XMAD:GRLS.MC,GRF.MC,PASS_HISTORY_CURRENT,v0.47,511,511,2024-09-04,2026-09-04,NO,NO,SQLITE,YES,YES,PASS_BAR_QA,LOW_LIQUIDITY_EXCEPTION,YES
WS:XMAD:IBE.MC,IBE.MC,PASS_HISTORY_CURRENT,v0.38,509,509,2024-09-02,2026-08-31,NO,NO,CSV_UNIQUE_ONLY,YES,YES,PASS_BAR_QA,INSTRUMENT_REVIEW,NO
WS:XMAD:IDR.MC,IDR.MC,PASS_HISTORY_CURRENT,v0.38,509,508,2024-09-02,2026-08-28,NO,NO,CSV_UNIQUE_ONLY,YES,YES,PASS_BAR_QA,INSTRUMENT_REVIEW,NO
WS:XMAD:ITX.MC,ITX.MC,PASS_HISTORY_CURRENT,v0.38,509,508,2024-09-02,2026-08-28,NO,NO,CSV_UNIQUE_ONLY,YES,YES,PASS_BAR_QA,INSTRUMENT_REVIEW,NO
WS:XMAD:MAP.MC,MAP.MC,PASS_HISTORY_CURRENT,v0.38,509,508,2024-09-02,2026-08-28,NO,NO,CSV_UNIQUE_ONLY,YES,YES,PASS_BAR_QA,INSTRUMENT_REVIEW,NO
WS:XMAD:MRL.MC,MRL.MC,PASS_HISTORY_CURRENT,v0.38,509,508,2024-09-02,2026-08-28,NO,NO,CSV_UNIQUE_ONLY,YES,YES,PASS_BAR_QA,INSTRUMENT_REVIEW,NO
WS:XMAD:NTGY.MC,NTGY.MC,PASS_HISTORY_CURRENT,v0.38,509,508,2024-09-02,2026-08-28,NO,NO,CSV_UNIQUE_ONLY,YES,YES,PASS_BAR_QA,INSTRUMENT_REVIEW,NO
WS:XMAD:PUIGB.MC,PUIG.MC,PASS_HISTORY_CURRENT,v0.47,511,511,2024-09-04,2026-09-04,NO,NO,SQLITE,YES,YES,PASS_BAR_QA,LOW_LIQUIDITY_EXCEPTION,YES
WS:XMAD:REDE.MC,RED.MC,PASS_HISTORY_CURRENT,v0.47,511,511,2024-09-04,2026-09-04,NO,NO,SQLITE,YES,YES,PASS_BAR_QA,LOW_LIQUIDITY_EXCEPTION,YES
WS:XMAD:REP.MC,REP.MC,PASS_HISTORY_CURRENT,v0.38,509,508,2024-09-02,2026-08-28,NO,NO,CSV_UNIQUE_ONLY,YES,YES,PASS_BAR_QA,INSTRUMENT_REVIEW,NO
WS:XMAD:SABE.MC,SAB.MC,PASS_HISTORY_CURRENT,v0.47,511,511,2024-09-04,2026-09-04,NO,NO,SQLITE,YES,YES,PASS_BAR_QA,PASS_STRICT_CANDIDATE,YES
WS:XMAD:SAN.MC,SAN.MC,PASS_HISTORY_CURRENT,v0.38,509,509,2024-09-02,2026-08-31,NO,NO,CSV_UNIQUE_ONLY,YES,YES,PASS_BAR_QA,INSTRUMENT_REVIEW,NO
WS:XMAD:SCYR.MC,SCYR.MC,PASS_HISTORY_CURRENT,v0.38,509,508,2024-09-02,2026-08-28,NO,NO,CSV_UNIQUE_ONLY,YES,YES,PASS_BAR_QA,INSTRUMENT_REVIEW,NO
WS:XMAD:TEF.MC,TEF.MC,PASS_HISTORY_CURRENT,v0.38,509,508,2024-09-02,2026-08-28,NO,NO,CSV_UNIQUE_ONLY,YES,YES,PASS_BAR_QA,INSTRUMENT_REVIEW,NO
WS:XMAD:UNI.MC,UNI.MC,PASS_HISTORY_CURRENT,v0.38,509,508,2024-09-02,2026-08-28,NO,NO,CSV_UNIQUE_ONLY,YES,YES,PASS_BAR_QA,INSTRUMENT_REVIEW,NO
WS:XMAD:VIS.MC,VIS.MC,PASS_HISTORY_CURRENT,v0.38,509,508,2024-09-02,2026-08-28,NO,NO,CSV_UNIQUE_ONLY,YES,YES,PASS_BAR_QA,INSTRUMENT_REVIEW,NO
WS:XMIL:A2.MI,A2A.MI,PASS_HISTORY_CURRENT,v0.47,506,506,2024-09-04,2026-09-04,NO,NO,SQLITE,YES,YES,PASS_BAR_QA,PASS_STRICT_CANDIDATE,YES
WS:XMIL:AZMT.MI,AZM.MI,PASS_HISTORY_CURRENT,v0.47,506,506,2024-09-04,2026-09-04,NO,NO,SQLITE,YES,YES,PASS_BAR_QA,LOW_LIQUIDITY_EXCEPTION,YES
WS:XMIL:BAMI.MI,BAMI.MI,PASS_HISTORY_CURRENT,v0.38,504,503,2024-09-02,2026-08-28,NO,NO,CSV_UNIQUE_ONLY,YES,YES,PASS_BAR_QA,INSTRUMENT_REVIEW,NO
WS:XMIL:BCU.MI,BC.MI,PASS_HISTORY_CURRENT,v0.47,506,506,2024-09-04,2026-09-04,NO,NO,SQLITE,YES,YES,PASS_BAR_QA,LOW_LIQUIDITY_EXCEPTION,YES
WS:XMIL:BGN.MI,BGN.MI,PASS_HISTORY_CURRENT,v0.38,504,503,2024-09-02,2026-08-28,NO,NO,CSV_UNIQUE_ONLY,YES,YES,PASS_BAR_QA,INSTRUMENT_REVIEW,NO
WS:XMIL:BMED.MI,BMED.MI,PASS_HISTORY_CURRENT,v0.38,504,503,2024-09-02,2026-08-28,NO,NO,CSV_UNIQUE_ONLY,YES,YES,PASS_BAR_QA,INSTRUMENT_REVIEW,NO
WS:XMIL:BMPS.MI,BMPS.MI,PASS_HISTORY_CURRENT,v0.38,504,503,2024-09-02,2026-08-28,NO,NO,CSV_UNIQUE_ONLY,YES,YES,PASS_BAR_QA,INSTRUMENT_REVIEW,NO
WS:XMIL:BZU.MI,BZU.MI,PASS_HISTORY_CURRENT,v0.38,504,503,2024-09-02,2026-08-28,NO,NO,CSV_UNIQUE_ONLY,YES,YES,PASS_BAR_QA,INSTRUMENT_REVIEW,NO
WS:XMIL:CPRI.MI,CPR.MI,PASS_HISTORY_CURRENT,v0.47,506,506,2024-09-04,2026-09-04,NO,NO,SQLITE,YES,YES,PASS_BAR_QA,PASS_STRICT_CANDIDATE,YES
WS:XMIL:CRDI.MI,UCG.MI,PASS_HISTORY_CURRENT,v0.47,506,506,2024-09-04,2026-09-04,NO,NO,SQLITE,YES,YES,PASS_BAR_QA,PASS_STRICT_CANDIDATE,YES
WS:XMIL:DLG.MI,DLG.MI,PASS_HISTORY_CURRENT,v0.38,504,503,2024-09-02,2026-08-28,NO,NO,CSV_UNIQUE_ONLY,YES,YES,PASS_BAR_QA,INSTRUMENT_REVIEW,NO
WS:XMIL:EMII.MI,BPE.MI,PASS_HISTORY_CURRENT,v0.47,506,506,2024-09-04,2026-09-04,NO,NO,SQLITE,YES,YES,PASS_BAR_QA,PASS_STRICT_CANDIDATE,YES
WS:XMIL:ENEI.MI,ENEL.MI,PASS_HISTORY_CURRENT,v0.47,506,506,2024-09-04,2026-09-04,NO,NO,SQLITE,YES,YES,PASS_BAR_QA,PASS_STRICT_CANDIDATE,YES
WS:XMIL:ENI.MI,ENI.MI,PASS_HISTORY_CURRENT,v0.38,504,503,2024-09-02,2026-08-28,NO,NO,CSV_UNIQUE_ONLY,YES,YES,PASS_BAR_QA,INSTRUMENT_REVIEW,NO
WS:XMIL:FBK.MI,FBK.MI,PASS_HISTORY_CURRENT,v0.38,504,503,2024-09-02,2026-08-28,NO,NO,CSV_UNIQUE_ONLY,YES,YES,PASS_BAR_QA,INSTRUMENT_REVIEW,NO
WS:XMIL:GASI.MI,G.MI,PASS_HISTORY_CURRENT,v0.47,506,506,2024-09-04,2026-09-04,NO,NO,SQLITE,YES,YES,PASS_BAR_QA,PASS_STRICT_CANDIDATE,YES
WS:XMIL:HRA.MI,HER.MI,PASS_HISTORY_CURRENT,v0.47,506,506,2024-09-04,2026-09-04,NO,NO,SQLITE,YES,YES,PASS_BAR_QA,PASS_STRICT_CANDIDATE,YES
WS:XMIL:IG.MI,IG.MI,PASS_HISTORY_CURRENT,v0.38,504,503,2024-09-02,2026-08-28,NO,NO,CSV_UNIQUE_ONLY,YES,YES,PASS_BAR_QA,INSTRUMENT_REVIEW,NO
WS:XMIL:ISP.MI,ISP.MI,PASS_HISTORY_CURRENT,v0.38,504,503,2024-09-02,2026-08-28,NO,NO,CSV_UNIQUE_ONLY,YES,YES,PASS_BAR_QA,INSTRUMENT_REVIEW,NO
WS:XMIL:ITPG.MI,IP.MI,PASS_HISTORY_CURRENT,v0.47,506,506,2024-09-04,2026-09-04,NO,NO,SQLITE,YES,YES,PASS_BAR_QA,FAIL_LIQUIDITY,YES
WS:XMIL:IVG.MI,IVG.MI,PASS_HISTORY_CURRENT,v0.38,504,503,2024-09-02,2026-08-28,NO,NO,CSV_UNIQUE_ONLY,YES,YES,PASS_BAR_QA,INSTRUMENT_REVIEW,NO
WS:XMIL:LDOF.MI,LDO.MI,PASS_HISTORY_CURRENT,v0.47,506,506,2024-09-04,2026-09-04,NO,NO,SQLITE,YES,YES,PASS_BAR_QA,PASS_STRICT_CANDIDATE,YES
WS:XMIL:LTMC.MI,LTMC.MI,PASS_HISTORY_CURRENT,v0.38,504,503,2024-09-02,2026-08-28,NO,NO,CSV_UNIQUE_ONLY,YES,YES,PASS_BAR_QA,INSTRUMENT_REVIEW,NO
WS:XMIL:MONC.MI,MONC.MI,PASS_HISTORY_CURRENT,v0.38,504,503,2024-09-02,2026-08-28,NO,NO,CSV_UNIQUE_ONLY,YES,YES,PASS_BAR_QA,INSTRUMENT_REVIEW,NO
WS:XMIL:NEXII.MI,NEXI.MI,PASS_HISTORY_CURRENT,v0.47,506,506,2024-09-04,2026-09-04,NO,NO,SQLITE,YES,YES,PASS_BAR_QA,PASS_STRICT_CANDIDATE,YES
WS:XMIL:PIRC.MI,PIRC.MI,PASS_HISTORY_CURRENT,v0.38,504,503,2024-09-02,2026-08-28,NO,NO,CSV_UNIQUE_ONLY,YES,YES,PASS_BAR_QA,INSTRUMENT_REVIEW,NO
WS:XMIL:PRY.MI,PRY.MI,PASS_HISTORY_CURRENT,v0.38,504,503,2024-09-02,2026-08-28,NO,NO,CSV_UNIQUE_ONLY,YES,YES,PASS_BAR_QA,INSTRUMENT_REVIEW,NO
WS:XMIL:PST.MI,PST.MI,PASS_HISTORY_CURRENT,v0.38,504,503,2024-09-02,2026-08-28,NO,NO,CSV_UNIQUE_ONLY,YES,YES,PASS_BAR_QA,INSTRUMENT_REVIEW,NO
WS:XMIL:RACE.MI,RACE.MI,PASS_HISTORY_CURRENT,v0.38,504,503,2024-09-02,2026-08-28,NO,NO,CSV_UNIQUE_ONLY,YES,YES,PASS_BAR_QA,INSTRUMENT_REVIEW,NO
WS:XMIL:RECI.MI,REC.MI,PASS_HISTORY_CURRENT,v0.47,506,506,2024-09-04,2026-09-04,NO,NO,SQLITE,YES,YES,PASS_BAR_QA,LOW_LIQUIDITY_EXCEPTION,YES
WS:XMIL:REY.MI,REY.MI,PASS_HISTORY_CURRENT,v0.38,504,503,2024-09-02,2026-08-28,NO,NO,CSV_UNIQUE_ONLY,YES,YES,PASS_BAR_QA,INSTRUMENT_REVIEW,NO
WS:XMIL:SPMI.MI,SPM.MI,PASS_HISTORY_CURRENT,v0.47,506,506,2024-09-04,2026-09-04,NO,NO,SQLITE,YES,YES,PASS_BAR_QA,PASS_STRICT_CANDIDATE,YES
WS:XMIL:SRG.MI,SRG.MI,PASS_HISTORY_CURRENT,v0.38,504,503,2024-09-02,2026-08-28,NO,NO,CSV_UNIQUE_ONLY,YES,YES,PASS_BAR_QA,INSTRUMENT_REVIEW,NO
WS:XMIL:STLAM.MI,STLAM.MI,PASS_HISTORY_CURRENT,v0.38,504,503,2024-09-02,2026-08-28,NO,NO,CSV_UNIQUE_ONLY,YES,YES,PASS_BAR_QA,INSTRUMENT_REVIEW,NO
WS:XMIL:STMMI.MI,STMMI.MI,PASS_HISTORY_CURRENT,v0.38,504,503,2024-09-02,2026-08-28,NO,NO,CSV_UNIQUE_ONLY,YES,YES,PASS_BAR_QA,INSTRUMENT_REVIEW,NO
WS:XMIL:TENR.MI,TEN.MI,PASS_HISTORY_CURRENT,v0.47,506,506,2024-09-04,2026-09-04,NO,NO,SQLITE,YES,YES,PASS_BAR_QA,PASS_STRICT_CANDIDATE,YES
WS:XMIL:TLIT.MI,TIT.MI,PASS_HISTORY_CURRENT,v0.47,506,506,2024-09-04,2026-09-04,NO,NO,SQLITE,YES,YES,PASS_BAR_QA,PASS_STRICT_CANDIDATE,YES
WS:XMIL:TPRO.MI,TPRO.MI,PASS_HISTORY_CURRENT,v0.38,504,503,2024-09-02,2026-08-28,NO,NO,CSV_UNIQUE_ONLY,YES,YES,PASS_BAR_QA,INSTRUMENT_REVIEW,NO
WS:XMIL:TRN.MI,TRN.MI,PASS_HISTORY_CURRENT,v0.38,504,503,2024-09-02,2026-08-28,NO,NO,CSV_UNIQUE_ONLY,YES,YES,PASS_BAR_QA,INSTRUMENT_REVIEW,NO
WS:XMIL:UNPI.MI,UNI.MI,PASS_HISTORY_CURRENT,v0.47,506,506,2024-09-04,2026-09-04,NO,NO,SQLITE,YES,YES,PASS_BAR_QA,PASS_STRICT_CANDIDATE,YES
WS:XOSL:AKER.OL,AKER.OL,PASS_HISTORY_CURRENT,v0.38,499,498,2024-09-02,2026-08-28,NO,NO,CSV_UNIQUE_ONLY,YES,YES,PASS_BAR_QA,INSTRUMENT_REVIEW,NO
WS:XOSL:AKRBP.OL,AKRBP.OL,PASS_HISTORY_CURRENT,v0.38,499,498,2024-09-02,2026-08-28,NO,NO,CSV_UNIQUE_ONLY,YES,YES,PASS_BAR_QA,INSTRUMENT_REVIEW,NO
WS:XOSL:BAKKA.OL,BAKKA.OL,PASS_HISTORY_CURRENT,v0.38,499,498,2024-09-02,2026-08-28,NO,NO,CSV_UNIQUE_ONLY,YES,YES,PASS_BAR_QA,INSTRUMENT_REVIEW,NO
WS:XOSL:DNB.OL,DNB.OL,PASS_HISTORY_CURRENT,v0.38,499,498,2024-09-02,2026-08-28,NO,NO,CSV_UNIQUE_ONLY,YES,YES,PASS_BAR_QA,INSTRUMENT_REVIEW,NO
WS:XOSL:EQNR.OL,EQNR.OL,PASS_HISTORY_CURRENT,v0.38,499,498,2024-09-02,2026-08-28,NO,NO,CSV_UNIQUE_ONLY,YES,YES,PASS_BAR_QA,INSTRUMENT_REVIEW,NO
WS:XOSL:FRO.OL,FRO.OL,PASS_HISTORY_CURRENT,v0.38,499,498,2024-09-02,2026-08-28,NO,NO,CSV_UNIQUE_ONLY,YES,YES,PASS_BAR_QA,INSTRUMENT_REVIEW,NO
WS:XOSL:GJFG.OL,GJF.OL,PASS_HISTORY_CURRENT,v0.47,501,501,2024-09-04,2026-09-04,NO,NO,SQLITE,YES,YES,PASS_BAR_QA,FAIL_LIQUIDITY,YES
WS:XOSL:KMAR.OL,KMAR.OL,DATA_QUALITY_FAIL,v0.38,90,89,2026-04-23,2026-08-28,NO,NO,CSV_UNIQUE_ONLY,NO,NO,FAIL_LT_260+LT_252,DATA_QUALITY_FAIL,NO
WS:XOSL:KOG.OL,KOG.OL,PASS_HISTORY_CURRENT,v0.38,499,498,2024-09-02,2026-08-28,NO,NO,CSV_UNIQUE_ONLY,YES,YES,PASS_BAR_QA,INSTRUMENT_REVIEW,NO
WS:XOSL:MOWI.OL,MOWI.OL,PASS_HISTORY_CURRENT,v0.38,499,498,2024-09-02,2026-08-28,NO,NO,CSV_UNIQUE_ONLY,YES,YES,PASS_BAR_QA,INSTRUMENT_REVIEW,NO
WS:XOSL:NHY.OL,NHY.OL,PASS_HISTORY_CURRENT,v0.38,499,498,2024-09-02,2026-08-28,NO,NO,CSV_UNIQUE_ONLY,YES,YES,PASS_BAR_QA,INSTRUMENT_REVIEW,NO
WS:XOSL:NOD.OL,NOD.OL,PASS_HISTORY_CURRENT,v0.38,499,498,2024-09-02,2026-08-28,NO,NO,CSV_UNIQUE_ONLY,YES,YES,PASS_BAR_QA,INSTRUMENT_REVIEW,NO
WS:XOSL:ORK.OL,ORK.OL,PASS_HISTORY_CURRENT,v0.38,499,498,2024-09-02,2026-08-28,NO,NO,CSV_UNIQUE_ONLY,YES,YES,PASS_BAR_QA,INSTRUMENT_REVIEW,NO
WS:XOSL:SALM.OL,SALM.OL,PASS_HISTORY_CURRENT,v0.38,499,498,2024-09-02,2026-08-28,NO,NO,CSV_UNIQUE_ONLY,YES,YES,PASS_BAR_QA,INSTRUMENT_REVIEW,NO
WS:XOSL:SB1NO.OL,SB1NO.OL,PASS_HISTORY_CURRENT,v0.38,499,498,2024-09-02,2026-08-28,NO,NO,CSV_UNIQUE_ONLY,YES,YES,PASS_BAR_QA,INSTRUMENT_REVIEW,NO
WS:XOSL:SBNOR.OL,SBNOR.OL,PASS_HISTORY_CURRENT,v0.38,499,498,2024-09-02,2026-08-28,NO,NO,CSV_UNIQUE_ONLY,YES,YES,PASS_BAR_QA,INSTRUMENT_REVIEW,NO
WS:XOSL:STB.OL,STB.OL,PASS_HISTORY_CURRENT,v0.38,499,498,2024-09-02,2026-08-28,NO,NO,CSV_UNIQUE_ONLY,YES,YES,PASS_BAR_QA,INSTRUMENT_REVIEW,NO
WS:XOSL:SUBC.OL,SUBC.OL,PASS_HISTORY_CURRENT,v0.38,499,498,2024-09-02,2026-08-28,NO,NO,CSV_UNIQUE_ONLY,YES,YES,PASS_BAR_QA,INSTRUMENT_REVIEW,NO
WS:XOSL:TEL.OL,TEL.OL,PASS_HISTORY_CURRENT,v0.38,499,498,2024-09-02,2026-08-28,NO,NO,CSV_UNIQUE_ONLY,YES,YES,PASS_BAR_QA,INSTRUMENT_REVIEW,NO
WS:XOSL:TGS.OL,TGS.OL,PASS_HISTORY_CURRENT,v0.38,499,498,2024-09-02,2026-08-28,NO,NO,CSV_UNIQUE_ONLY,YES,YES,PASS_BAR_QA,INSTRUMENT_REVIEW,NO
WS:XOSL:TOM.OL,TOM.OL,PASS_HISTORY_CURRENT,v0.38,499,498,2024-09-02,2026-08-28,NO,NO,CSV_UNIQUE_ONLY,YES,YES,PASS_BAR_QA,INSTRUMENT_REVIEW,NO
WS:XOSL:VAR.OL,VAR.OL,PASS_HISTORY_CURRENT,v0.38,499,498,2024-09-02,2026-08-28,NO,NO,CSV_UNIQUE_ONLY,YES,YES,PASS_BAR_QA,INSTRUMENT_REVIEW,NO
WS:XOSL:VEND.OL,VEND.OL,PASS_HISTORY_CURRENT,v0.38,495,494,2024-09-02,2026-08-28,NO,NO,CSV_UNIQUE_ONLY,YES,YES,PASS_BAR_QA,INSTRUMENT_REVIEW,NO
WS:XOSL:YAR.OL,YAR.OL,PASS_HISTORY_CURRENT,v0.38,499,498,2024-09-02,2026-08-28,NO,NO,CSV_UNIQUE_ONLY,YES,YES,PASS_BAR_QA,INSTRUMENT_REVIEW,NO
WS:XPAR:ABVX.PA,ABVX.PA,DATA_QUALITY_FAIL,v0.38,509,508,2024-09-02,2026-08-28,NO,NO,CSV_UNIQUE_ONLY,YES,YES,PASS_BAR_QA,DATA_QUALITY_FAIL,NO
WS:XPAR:ACCP.PA,AC.PA,PASS_HISTORY_CURRENT,v0.47,511,511,2024-09-04,2026-09-04,NO,NO,SQLITE,YES,YES,PASS_BAR_QA,PASS_STRICT_CANDIDATE,YES
WS:XPAR:ADP.PA,ADP.PA,PASS_HISTORY_CURRENT,v0.38,509,508,2024-09-02,2026-08-28,NO,NO,CSV_UNIQUE_ONLY,YES,YES,PASS_BAR_QA,INSTRUMENT_REVIEW,NO
WS:XPAR:AIR.PA,AIR.PA,PASS_HISTORY_CURRENT,v0.38,509,508,2024-09-02,2026-08-28,NO,NO,CSV_UNIQUE_ONLY,YES,YES,PASS_BAR_QA,INSTRUMENT_REVIEW,NO
WS:XPAR:AIRP.PA,AI.PA,PASS_HISTORY_CURRENT,v0.47,511,511,2024-09-04,2026-09-04,NO,NO,SQLITE,YES,YES,PASS_BAR_QA,PASS_STRICT_CANDIDATE,YES
WS:XPAR:AKE.PA,AKE.PA,PASS_HISTORY_CURRENT,v0.38,509,508,2024-09-02,2026-08-28,NO,NO,CSV_UNIQUE_ONLY,YES,YES,PASS_BAR_QA,INSTRUMENT_REVIEW,NO
WS:XPAR:ALSO.PA,ALO.PA,PASS_HISTORY_CURRENT,v0.47,511,511,2024-09-04,2026-09-04,NO,NO,SQLITE,YES,YES,PASS_BAR_QA,LOW_LIQUIDITY_EXCEPTION,YES
WS:XPAR:AM.PA,AM.PA,PASS_HISTORY_CURRENT,v0.38,509,508,2024-09-02,2026-08-28,NO,NO,CSV_UNIQUE_ONLY,YES,YES,PASS_BAR_QA,INSTRUMENT_REVIEW,NO
WS:XPAR:AMUN.PA,AMUN.PA,PASS_HISTORY_CURRENT,v0.38,509,508,2024-09-02,2026-08-28,NO,NO,CSV_UNIQUE_ONLY,YES,YES,PASS_BAR_QA,INSTRUMENT_REVIEW,NO
WS:XPAR:AXAF.PA,CS.PA,PASS_HISTORY_CURRENT,v0.47,511,511,2024-09-04,2026-09-04,NO,NO,SQLITE,YES,YES,PASS_BAR_QA,PASS_STRICT_CANDIDATE,YES
WS:XPAR:AYV.PA,AYV.PA,PASS_HISTORY_CURRENT,v0.38,509,508,2024-09-02,2026-08-28,NO,NO,CSV_UNIQUE_ONLY,YES,YES,PASS_BAR_QA,INSTRUMENT_REVIEW,NO
WS:XPAR:BIOX.PA,BIM.PA,PASS_HISTORY_CURRENT,v0.47,511,511,2024-09-04,2026-09-04,NO,NO,SQLITE,YES,YES,PASS_BAR_QA,LOW_LIQUIDITY_EXCEPTION,YES
WS:XPAR:BNPP.PA,BNP.PA,PASS_HISTORY_CURRENT,v0.47,511,511,2024-09-04,2026-09-04,NO,NO,SQLITE,YES,YES,PASS_BAR_QA,PASS_STRICT_CANDIDATE,YES
WS:XPAR:BOLL.PA,BOL.PA,PASS_HISTORY_CURRENT,v0.47,511,511,2024-09-04,2026-09-04,NO,NO,SQLITE,YES,YES,PASS_BAR_QA,LOW_LIQUIDITY_EXCEPTION,YES
WS:XPAR:BOUY.PA,EN.PA,PASS_HISTORY_CURRENT,v0.47,511,511,2024-09-04,2026-09-04,NO,NO,SQLITE,YES,YES,PASS_BAR_QA,PASS_STRICT_CANDIDATE,YES
WS:XPAR:BVI.PA,BVI.PA,PASS_HISTORY_CURRENT,v0.38,509,508,2024-09-02,2026-08-28,NO,NO,CSV_UNIQUE_ONLY,YES,YES,PASS_BAR_QA,INSTRUMENT_REVIEW,NO
WS:XPAR:CAGR.PA,ACA.PA,PASS_HISTORY_CURRENT,v0.47,511,511,2024-09-04,2026-09-04,NO,NO,SQLITE,YES,YES,PASS_BAR_QA,PASS_STRICT_CANDIDATE,YES
WS:XPAR:CAPP.PA,CAP.PA,PASS_HISTORY_CURRENT,v0.47,511,511,2024-09-04,2026-09-04,NO,NO,SQLITE,YES,YES,PASS_BAR_QA,PASS_STRICT_CANDIDATE,YES
WS:XPAR:CARR.PA,CA.PA,PASS_HISTORY_CURRENT,v0.47,511,511,2024-09-04,2026-09-04,NO,NO,SQLITE,YES,YES,PASS_BAR_QA,PASS_STRICT_CANDIDATE,YES
WS:XPAR:CVO.PA,COV.PA,PASS_HISTORY_CURRENT,v0.47,511,511,2024-09-04,2026-09-04,NO,NO,SQLITE,YES,YES,PASS_BAR_QA,FAIL_LIQUIDITY,YES
WS:XPAR:DANO.PA,BN.PA,PASS_HISTORY_CURRENT,v0.47,511,511,2024-09-04,2026-09-04,NO,NO,SQLITE,YES,YES,PASS_BAR_QA,PASS_STRICT_CANDIDATE,YES
WS:XPAR:DAST.PA,DSY.PA,PASS_HISTORY_CURRENT,v0.47,511,511,2024-09-04,2026-09-04,NO,NO,SQLITE,YES,YES,PASS_BAR_QA,PASS_STRICT_CANDIDATE,YES
WS:XPAR:EDEN.PA,EDEN.PA,PASS_HISTORY_CURRENT,v0.38,509,508,2024-09-02,2026-08-28,NO,NO,CSV_UNIQUE_ONLY,YES,YES,PASS_BAR_QA,INSTRUMENT_REVIEW,NO
WS:XPAR:ELIS.PA,ELIS.PA,PASS_HISTORY_CURRENT,v0.38,509,508,2024-09-02,2026-08-28,NO,NO,CSV_UNIQUE_ONLY,YES,YES,PASS_BAR_QA,INSTRUMENT_REVIEW,NO
WS:XPAR:ENGIE.PA,ENGI.PA,PASS_HISTORY_CURRENT,v0.47,511,511,2024-09-04,2026-09-04,NO,NO,SQLITE,YES,YES,PASS_BAR_QA,PASS_STRICT_CANDIDATE,YES
WS:XPAR:ENX.PA,ENX.PA,PASS_HISTORY_CURRENT,v0.38,509,508,2024-09-02,2026-08-28,NO,NO,CSV_UNIQUE_ONLY,YES,YES,PASS_BAR_QA,INSTRUMENT_REVIEW,NO
WS:XPAR:ESLX.PA,EL.PA,PASS_HISTORY_CURRENT,v0.47,511,511,2024-09-04,2026-09-04,NO,NO,SQLITE,YES,YES,PASS_BAR_QA,PASS_STRICT_CANDIDATE,YES
WS:XPAR:EUFI.PA,ERF.PA,PASS_HISTORY_CURRENT,v0.47,511,511,2024-09-04,2026-09-04,NO,NO,SQLITE,YES,YES,PASS_BAR_QA,LOW_LIQUIDITY_EXCEPTION,YES
WS:XPAR:EXHO.PA,SW.PA,PASS_HISTORY_CURRENT,v0.47,511,511,2024-09-04,2026-09-04,NO,NO,SQLITE,YES,YES,PASS_BAR_QA,LOW_LIQUIDITY_EXCEPTION,YES
WS:XPAR:FDJU.PA,FDJU.PA,PASS_HISTORY_CURRENT,v0.38,509,508,2024-09-02,2026-08-28,NO,NO,CSV_UNIQUE_ONLY,YES,YES,PASS_BAR_QA,INSTRUMENT_REVIEW,NO
WS:XPAR:FOUG.PA,FGR.PA,PASS_HISTORY_CURRENT,v0.47,511,511,2024-09-04,2026-09-04,NO,NO,SQLITE,YES,YES,PASS_BAR_QA,PASS_STRICT_CANDIDATE,YES
WS:XPAR:GETP.PA,GET.PA,PASS_HISTORY_CURRENT,v0.47,511,511,2024-09-04,2026-09-04,NO,NO,SQLITE,YES,YES,PASS_BAR_QA,LOW_LIQUIDITY_EXCEPTION,YES
WS:XPAR:GFCP.PA,GFC.PA,PASS_HISTORY_CURRENT,v0.47,511,511,2024-09-04,2026-09-04,NO,NO,SQLITE,YES,YES,PASS_BAR_QA,LOW_LIQUIDITY_EXCEPTION,YES
WS:XPAR:GTT.PA,GTT.PA,PASS_HISTORY_CURRENT,v0.38,509,508,2024-09-02,2026-08-28,NO,NO,CSV_UNIQUE_ONLY,YES,YES,PASS_BAR_QA,INSTRUMENT_REVIEW,NO
WS:XPAR:HRMS.PA,RMS.PA,PASS_HISTORY_CURRENT,v0.47,511,511,2024-09-04,2026-09-04,NO,NO,SQLITE,YES,YES,PASS_BAR_QA,PASS_STRICT_CANDIDATE,YES
WS:XPAR:IPN.PA,IPN.PA,PASS_HISTORY_CURRENT,v0.38,509,508,2024-09-02,2026-08-28,NO,NO,CSV_UNIQUE_ONLY,YES,YES,PASS_BAR_QA,INSTRUMENT_REVIEW,NO
WS:XPAR:LEGD.PA,LR.PA,PASS_HISTORY_CURRENT,v0.47,511,511,2024-09-04,2026-09-04,NO,NO,SQLITE,YES,YES,PASS_BAR_QA,PASS_STRICT_CANDIDATE,YES
WS:XPAR:LOIM.PA,LI.PA,PASS_HISTORY_CURRENT,v0.47,511,511,2024-09-04,2026-09-04,NO,NO,SQLITE,YES,YES,PASS_BAR_QA,PASS_STRICT_CANDIDATE,YES
WS:XPAR:LVMH.PA,MC.PA,PASS_HISTORY_CURRENT,v0.47,511,511,2024-09-04,2026-09-04,NO,NO,SQLITE,YES,YES,PASS_BAR_QA,PASS_STRICT_CANDIDATE,YES
WS:XPAR:MICP.PA,ML.PA,PASS_HISTORY_CURRENT,v0.47,511,511,2024-09-04,2026-09-04,NO,NO,SQLITE,YES,YES,PASS_BAR_QA,PASS_STRICT_CANDIDATE,YES
WS:XPAR:NEXS.PA,NEX.PA,PASS_HISTORY_CURRENT,v0.47,511,511,2024-09-04,2026-09-04,NO,NO,SQLITE,YES,YES,PASS_BAR_QA,PASS_STRICT_CANDIDATE,YES
WS:XPAR:ORAN.PA,ORA.PA,PASS_HISTORY_CURRENT,v0.47,511,511,2024-09-04,2026-09-04,NO,NO,SQLITE,YES,YES,PASS_BAR_QA,PASS_STRICT_CANDIDATE,YES
WS:XPAR:OREP.PA,OR.PA,PASS_HISTORY_CURRENT,v0.47,511,511,2024-09-04,2026-09-04,NO,NO,SQLITE,YES,YES,PASS_BAR_QA,PASS_STRICT_CANDIDATE,YES
WS:XPAR:PERP.PA,RI.PA,PASS_HISTORY_CURRENT,v0.47,511,511,2024-09-04,2026-09-04,NO,NO,SQLITE,YES,YES,PASS_BAR_QA,PASS_STRICT_CANDIDATE,YES
WS:XPAR:PRTP.PA,KER.PA,PASS_HISTORY_CURRENT,v0.47,511,511,2024-09-04,2026-09-04,NO,NO,SQLITE,YES,YES,PASS_BAR_QA,PASS_STRICT_CANDIDATE,YES
WS:XPAR:PUBP.PA,PUB.PA,PASS_HISTORY_CURRENT,v0.47,511,511,2024-09-04,2026-09-04,NO,NO,SQLITE,YES,YES,PASS_BAR_QA,PASS_STRICT_CANDIDATE,YES
WS:XPAR:RENA.PA,RNO.PA,PASS_HISTORY_CURRENT,v0.47,511,511,2024-09-04,2026-09-04,NO,NO,SQLITE,YES,YES,PASS_BAR_QA,PASS_STRICT_CANDIDATE,YES
WS:XPAR:RUBF.PA,RUI.PA,PASS_HISTORY_CURRENT,v0.47,511,511,2024-09-04,2026-09-04,NO,NO,SQLITE,YES,YES,PASS_BAR_QA,FAIL_LIQUIDITY,YES
WS:XPAR:RXL.PA,RXL.PA,PASS_HISTORY_CURRENT,v0.38,509,508,2024-09-02,2026-08-28,NO,NO,CSV_UNIQUE_ONLY,YES,YES,PASS_BAR_QA,INSTRUMENT_REVIEW,NO
WS:XPAR:SAF.PA,SAF.PA,PASS_HISTORY_CURRENT,v0.38,509,508,2024-09-02,2026-08-28,NO,NO,CSV_UNIQUE_ONLY,YES,YES,PASS_BAR_QA,INSTRUMENT_REVIEW,NO
WS:XPAR:SASY.PA,SAN.PA,PASS_HISTORY_CURRENT,v0.47,511,511,2024-09-04,2026-09-04,NO,NO,SQLITE,YES,YES,PASS_BAR_QA,PASS_STRICT_CANDIDATE,YES
WS:XPAR:SCHN.PA,SU.PA,PASS_HISTORY_CURRENT,v0.47,511,511,2024-09-04,2026-09-04,NO,NO,SQLITE,YES,YES,PASS_BAR_QA,PASS_STRICT_CANDIDATE,YES
WS:XPAR:SCOR.PA,SCR.PA,PASS_HISTORY_CURRENT,v0.47,511,511,2024-09-04,2026-09-04,NO,NO,SQLITE,YES,YES,PASS_BAR_QA,LOW_LIQUIDITY_EXCEPTION,YES
WS:XPAR:SESFD.PA,SESG.PA,PASS_HISTORY_CURRENT,v0.47,511,511,2024-09-04,2026-09-04,NO,NO,SQLITE,YES,YES,PASS_BAR_QA,FAIL_LIQUIDITY,YES
WS:XPAR:SGEF.PA,DG.PA,PASS_HISTORY_CURRENT,v0.47,511,511,2024-09-04,2026-09-04,NO,NO,SQLITE,YES,YES,PASS_BAR_QA,PASS_STRICT_CANDIDATE,YES
WS:XPAR:SGOB.PA,SGO.PA,PASS_HISTORY_CURRENT,v0.47,511,511,2024-09-04,2026-09-04,NO,NO,SQLITE,YES,YES,PASS_BAR_QA,PASS_STRICT_CANDIDATE,YES
WS:XPAR:SOGN.PA,GLE.PA,PASS_HISTORY_CURRENT,v0.47,511,511,2024-09-04,2026-09-04,NO,NO,SQLITE,YES,YES,PASS_BAR_QA,PASS_STRICT_CANDIDATE,YES
WS:XPAR:SOIT.PA,SOI.PA,PASS_HISTORY_CURRENT,v0.47,511,511,2024-09-04,2026-09-04,NO,NO,SQLITE,YES,YES,PASS_BAR_QA,PASS_STRICT_CANDIDATE,YES
WS:XPAR:SOPR.PA,SOP.PA,PASS_HISTORY_CURRENT,v0.47,511,511,2024-09-04,2026-09-04,NO,NO,SQLITE,YES,YES,PASS_BAR_QA,LOW_LIQUIDITY_EXCEPTION,YES
WS:XPAR:SPIE.PA,SPIE.PA,PASS_HISTORY_CURRENT,v0.38,509,508,2024-09-02,2026-08-28,NO,NO,CSV_UNIQUE_ONLY,YES,YES,PASS_BAR_QA,INSTRUMENT_REVIEW,NO
WS:XPAR:STDM.PA,DIM.PA,PASS_HISTORY_CURRENT,v0.47,511,511,2024-09-04,2026-09-04,NO,NO,SQLITE,YES,YES,PASS_BAR_QA,LOW_LIQUIDITY_EXCEPTION,YES
WS:XPAR:TCFP.PA,HO.PA,PASS_HISTORY_CURRENT,v0.47,511,511,2024-09-04,2026-09-04,NO,NO,SQLITE,YES,YES,PASS_BAR_QA,PASS_STRICT_CANDIDATE,YES
WS:XPAR:TE.PA,TE.PA,PASS_HISTORY_CURRENT,v0.38,509,508,2024-09-02,2026-08-28,NO,NO,CSV_UNIQUE_ONLY,YES,YES,PASS_BAR_QA,INSTRUMENT_REVIEW,NO
WS:XPAR:TEPRF.PA,TEP.PA,PASS_HISTORY_CURRENT,v0.47,511,511,2024-09-04,2026-09-04,NO,NO,SQLITE,YES,YES,PASS_BAR_QA,PASS_STRICT_CANDIDATE,YES
WS:XPAR:TTEF.PA,TTE.PA,PASS_HISTORY_CURRENT,v0.47,511,511,2024-09-04,2026-09-04,NO,NO,SQLITE,YES,YES,PASS_BAR_QA,PASS_STRICT_CANDIDATE,YES
WS:XPAR:URW.PA,URW.PA,PASS_HISTORY_CURRENT,v0.38,509,508,2024-09-02,2026-08-28,NO,NO,CSV_UNIQUE_ONLY,YES,YES,PASS_BAR_QA,INSTRUMENT_REVIEW,NO
WS:XPAR:VIE.PA,VIE.PA,PASS_HISTORY_CURRENT,v0.38,509,508,2024-09-02,2026-08-28,NO,NO,CSV_UNIQUE_ONLY,YES,YES,PASS_BAR_QA,INSTRUMENT_REVIEW,NO
WS:XPAR:VLLP.PA,VK.PA,PASS_HISTORY_CURRENT,v0.47,511,511,2024-09-04,2026-09-04,NO,NO,SQLITE,YES,YES,PASS_BAR_QA,PASS_STRICT_CANDIDATE,YES
WS:XPAR:VLOF.PA,FR.PA,PASS_HISTORY_CURRENT,v0.47,511,511,2024-09-04,2026-09-04,NO,NO,SQLITE,YES,YES,PASS_BAR_QA,LOW_LIQUIDITY_EXCEPTION,YES
WS:XSHE:000001,000001.SZ,PASS_HISTORY_CURRENT,v0.38,483,483,2024-09-02,2026-08-31,NO,NO,CSV_UNIQUE_ONLY,YES,YES,PASS_BAR_QA,PASS_STRICT_CANDIDATE,NO
WS:XSHE:000002,000002.SZ,PASS_HISTORY_CURRENT,v0.38,483,483,2024-09-02,2026-08-31,NO,NO,CSV_UNIQUE_ONLY,YES,YES,PASS_BAR_QA,PASS_STRICT_CANDIDATE,NO
WS:XSHE:000063,000063.SZ,PASS_HISTORY_CURRENT,v0.38,483,483,2024-09-02,2026-08-31,NO,NO,CSV_UNIQUE_ONLY,YES,YES,PASS_BAR_QA,PASS_STRICT_CANDIDATE,NO
WS:XSHE:000100,000100.SZ,PASS_HISTORY_CURRENT,v0.38,483,483,2024-09-02,2026-08-31,NO,NO,CSV_UNIQUE_ONLY,YES,YES,PASS_BAR_QA,PASS_STRICT_CANDIDATE,NO
WS:XSHE:000157,000157.SZ,PASS_HISTORY_CURRENT,v0.38,483,483,2024-09-02,2026-08-31,NO,NO,CSV_UNIQUE_ONLY,YES,YES,PASS_BAR_QA,PASS_STRICT_CANDIDATE,NO
WS:XSHE:000166,000166.SZ,PASS_HISTORY_CURRENT,v0.38,483,483,2024-09-02,2026-08-31,NO,NO,CSV_UNIQUE_ONLY,YES,YES,PASS_BAR_QA,PASS_STRICT_CANDIDATE,NO
WS:XSHE:000301,000301.SZ,PASS_HISTORY_CURRENT,v0.38,483,483,2024-09-02,2026-08-31,NO,NO,CSV_UNIQUE_ONLY,YES,YES,PASS_BAR_QA,PASS_STRICT_CANDIDATE,NO
WS:XSHE:000333,000333.SZ,PASS_HISTORY_CURRENT,v0.38,483,483,2024-09-02,2026-08-31,NO,NO,CSV_UNIQUE_ONLY,YES,YES,PASS_BAR_QA,PASS_STRICT_CANDIDATE,NO
WS:XSHE:000338,000338.SZ,PASS_HISTORY_CURRENT,v0.38,483,483,2024-09-02,2026-08-31,NO,NO,CSV_UNIQUE_ONLY,YES,YES,PASS_BAR_QA,PASS_STRICT_CANDIDATE,NO
WS:XSHE:000408,000408.SZ,PASS_HISTORY_CURRENT,v0.38,483,483,2024-09-02,2026-08-31,NO,NO,CSV_UNIQUE_ONLY,YES,YES,PASS_BAR_QA,PASS_STRICT_CANDIDATE,NO
WS:XSHE:000425,000425.SZ,PASS_HISTORY_CURRENT,v0.38,483,483,2024-09-02,2026-08-31,NO,NO,CSV_UNIQUE_ONLY,YES,YES,PASS_BAR_QA,PASS_STRICT_CANDIDATE,NO
WS:XSHE:000538,000538.SZ,PASS_HISTORY_CURRENT,v0.38,483,483,2024-09-02,2026-08-31,NO,NO,CSV_UNIQUE_ONLY,YES,YES,PASS_BAR_QA,PASS_STRICT_CANDIDATE,NO
WS:XSHE:000568,000568.SZ,PASS_HISTORY_CURRENT,v0.38,483,483,2024-09-02,2026-08-31,NO,NO,CSV_UNIQUE_ONLY,YES,YES,PASS_BAR_QA,PASS_STRICT_CANDIDATE,NO
WS:XSHE:000596,000596.SZ,PASS_HISTORY_CURRENT,v0.38,483,483,2024-09-02,2026-08-31,NO,NO,CSV_UNIQUE_ONLY,YES,YES,PASS_BAR_QA,PASS_STRICT_CANDIDATE,NO
WS:XSHE:000617,000617.SZ,PASS_HISTORY_CURRENT,v0.38,483,483,2024-09-02,2026-08-31,NO,NO,CSV_UNIQUE_ONLY,YES,YES,PASS_BAR_QA,PASS_STRICT_CANDIDATE,NO
WS:XSHE:000625,000625.SZ,PASS_HISTORY_CURRENT,v0.38,483,483,2024-09-02,2026-08-31,NO,NO,CSV_UNIQUE_ONLY,YES,YES,PASS_BAR_QA,PASS_STRICT_CANDIDATE,NO
WS:XSHE:000630,000630.SZ,PASS_HISTORY_CURRENT,v0.38,483,483,2024-09-02,2026-08-31,NO,NO,CSV_UNIQUE_ONLY,YES,YES,PASS_BAR_QA,PASS_STRICT_CANDIDATE,NO
WS:XSHE:000651,000651.SZ,PASS_HISTORY_CURRENT,v0.38,483,483,2024-09-02,2026-08-31,NO,NO,CSV_UNIQUE_ONLY,YES,YES,PASS_BAR_QA,PASS_STRICT_CANDIDATE,NO
WS:XSHE:000657,000657.SZ,PASS_HISTORY_CURRENT,v0.38,483,483,2024-09-02,2026-08-31,NO,NO,CSV_UNIQUE_ONLY,YES,YES,PASS_BAR_QA,PASS_STRICT_CANDIDATE,NO
WS:XSHE:000708,000708.SZ,PASS_HISTORY_CURRENT,v0.38,483,483,2024-09-02,2026-08-31,NO,NO,CSV_UNIQUE_ONLY,YES,YES,PASS_BAR_QA,PASS_STRICT_CANDIDATE,NO
WS:XSHE:000725,000725.SZ,PASS_HISTORY_CURRENT,v0.38,483,483,2024-09-02,2026-08-31,NO,NO,CSV_UNIQUE_ONLY,YES,YES,PASS_BAR_QA,PASS_STRICT_CANDIDATE,NO
WS:XSHE:000768,000768.SZ,PASS_HISTORY_CURRENT,v0.38,483,483,2024-09-02,2026-08-31,NO,NO,CSV_UNIQUE_ONLY,YES,YES,PASS_BAR_QA,PASS_STRICT_CANDIDATE,NO
WS:XSHE:000776,000776.SZ,PASS_HISTORY_CURRENT,v0.38,483,483,2024-09-02,2026-08-31,NO,NO,CSV_UNIQUE_ONLY,YES,YES,PASS_BAR_QA,PASS_STRICT_CANDIDATE,NO
WS:XSHE:000792,000792.SZ,PASS_HISTORY_CURRENT,v0.38,483,483,2024-09-02,2026-08-31,NO,NO,CSV_UNIQUE_ONLY,YES,YES,PASS_BAR_QA,PASS_STRICT_CANDIDATE,NO
WS:XSHE:000807,000807.SZ,PASS_HISTORY_CURRENT,v0.38,483,483,2024-09-02,2026-08-31,NO,NO,CSV_UNIQUE_ONLY,YES,YES,PASS_BAR_QA,PASS_STRICT_CANDIDATE,NO
WS:XSHE:000858,000858.SZ,PASS_HISTORY_CURRENT,v0.38,483,483,2024-09-02,2026-08-31,NO,NO,CSV_UNIQUE_ONLY,YES,YES,PASS_BAR_QA,PASS_STRICT_CANDIDATE,NO
WS:XSHE:000895,000895.SZ,PASS_HISTORY_CURRENT,v0.38,483,483,2024-09-02,2026-08-31,NO,NO,CSV_UNIQUE_ONLY,YES,YES,PASS_BAR_QA,PASS_STRICT_CANDIDATE,NO
WS:XSHE:000938,000938.SZ,PASS_HISTORY_CURRENT,v0.38,483,483,2024-09-02,2026-08-31,NO,NO,CSV_UNIQUE_ONLY,YES,YES,PASS_BAR_QA,PASS_STRICT_CANDIDATE,NO
WS:XSHE:000963,000963.SZ,PASS_HISTORY_CURRENT,v0.38,483,483,2024-09-02,2026-08-31,NO,NO,CSV_UNIQUE_ONLY,YES,YES,PASS_BAR_QA,PASS_STRICT_CANDIDATE,NO
WS:XSHE:000975,000975.SZ,PASS_HISTORY_CURRENT,v0.38,483,483,2024-09-02,2026-08-31,NO,NO,CSV_UNIQUE_ONLY,YES,YES,PASS_BAR_QA,PASS_STRICT_CANDIDATE,NO
WS:XSHE:000977,000977.SZ,PASS_HISTORY_CURRENT,v0.38,483,483,2024-09-02,2026-08-31,NO,NO,CSV_UNIQUE_ONLY,YES,YES,PASS_BAR_QA,PASS_STRICT_CANDIDATE,NO
WS:XSHE:000988,000988.SZ,PASS_HISTORY_CURRENT,v0.38,483,483,2024-09-02,2026-08-31,NO,NO,CSV_UNIQUE_ONLY,YES,YES,PASS_BAR_QA,PASS_STRICT_CANDIDATE,NO
WS:XSHE:000999,000999.SZ,PASS_HISTORY_CURRENT,v0.38,483,483,2024-09-02,2026-08-31,NO,NO,CSV_UNIQUE_ONLY,YES,YES,PASS_BAR_QA,PASS_STRICT_CANDIDATE,NO
WS:XSHE:001280,001280.SZ,INSUFFICIENT_HISTORY,v0.38,181,181,2025-12-03,2026-08-31,NO,NO,CSV_UNIQUE_ONLY,NO,NO,FAIL_LT_260+LT_252,INSUFFICIENT_HISTORY,NO
WS:XSHE:001391,001391.SZ,PASS_HISTORY_CURRENT,v0.38,405,405,2024-12-30,2026-08-31,NO,NO,CSV_UNIQUE_ONLY,YES,YES,PASS_BAR_QA,LOW_LIQUIDITY_EXCEPTION,NO
WS:XSHE:001965,001965.SZ,PASS_HISTORY_CURRENT,v0.38,483,483,2024-09-02,2026-08-31,NO,NO,CSV_UNIQUE_ONLY,YES,YES,PASS_BAR_QA,PASS_STRICT_CANDIDATE,NO
WS:XSHE:001979,001979.SZ,PASS_HISTORY_CURRENT,v0.38,483,483,2024-09-02,2026-08-31,NO,NO,CSV_UNIQUE_ONLY,YES,YES,PASS_BAR_QA,PASS_STRICT_CANDIDATE,NO
WS:XSHE:002001,002001.SZ,PASS_HISTORY_CURRENT,v0.38,483,483,2024-09-02,2026-08-31,NO,NO,CSV_UNIQUE_ONLY,YES,YES,PASS_BAR_QA,PASS_STRICT_CANDIDATE,NO
WS:XSHE:002027,002027.SZ,PASS_HISTORY_CURRENT,v0.38,483,483,2024-09-02,2026-08-31,NO,NO,CSV_UNIQUE_ONLY,YES,YES,PASS_BAR_QA,PASS_STRICT_CANDIDATE,NO
WS:XSHE:002028,002028.SZ,PASS_HISTORY_CURRENT,v0.38,483,483,2024-09-02,2026-08-31,NO,NO,CSV_UNIQUE_ONLY,YES,YES,PASS_BAR_QA,PASS_STRICT_CANDIDATE,NO
WS:XSHE:002049,002049.SZ,PASS_HISTORY_CURRENT,v0.38,483,483,2024-09-02,2026-08-31,NO,NO,CSV_UNIQUE_ONLY,YES,YES,PASS_BAR_QA,PASS_STRICT_CANDIDATE,NO
WS:XSHE:002050,002050.SZ,PASS_HISTORY_CURRENT,v0.38,483,483,2024-09-02,2026-08-31,NO,NO,CSV_UNIQUE_ONLY,YES,YES,PASS_BAR_QA,PASS_STRICT_CANDIDATE,NO
WS:XSHE:002074,002074.SZ,PASS_HISTORY_CURRENT,v0.38,483,483,2024-09-02,2026-08-31,NO,NO,CSV_UNIQUE_ONLY,YES,YES,PASS_BAR_QA,PASS_STRICT_CANDIDATE,NO
WS:XSHE:002142,002142.SZ,PASS_HISTORY_CURRENT,v0.38,483,483,2024-09-02,2026-08-31,NO,NO,CSV_UNIQUE_ONLY,YES,YES,PASS_BAR_QA,PASS_STRICT_CANDIDATE,NO
WS:XSHE:002179,002179.SZ,PASS_HISTORY_CURRENT,v0.38,483,483,2024-09-02,2026-08-31,NO,NO,CSV_UNIQUE_ONLY,YES,YES,PASS_BAR_QA,PASS_STRICT_CANDIDATE,NO
WS:XSHE:002202,002202.SZ,PASS_HISTORY_CURRENT,v0.38,483,483,2024-09-02,2026-08-31,NO,NO,CSV_UNIQUE_ONLY,YES,YES,PASS_BAR_QA,PASS_STRICT_CANDIDATE,NO
WS:XSHE:002230,002230.SZ,PASS_HISTORY_CURRENT,v0.38,483,483,2024-09-02,2026-08-31,NO,NO,CSV_UNIQUE_ONLY,YES,YES,PASS_BAR_QA,PASS_STRICT_CANDIDATE,NO
WS:XSHE:002236,002236.SZ,PASS_HISTORY_CURRENT,v0.38,483,483,2024-09-02,2026-08-31,NO,NO,CSV_UNIQUE_ONLY,YES,YES,PASS_BAR_QA,PASS_STRICT_CANDIDATE,NO
WS:XSHE:002241,002241.SZ,PASS_HISTORY_CURRENT,v0.38,483,483,2024-09-02,2026-08-31,NO,NO,CSV_UNIQUE_ONLY,YES,YES,PASS_BAR_QA,PASS_STRICT_CANDIDATE,NO
WS:XSHE:002304,002304.SZ,PASS_HISTORY_CURRENT,v0.38,483,483,2024-09-02,2026-08-31,NO,NO,CSV_UNIQUE_ONLY,YES,YES,PASS_BAR_QA,PASS_STRICT_CANDIDATE,NO
WS:XSHE:002311,002311.SZ,PASS_HISTORY_CURRENT,v0.38,483,483,2024-09-02,2026-08-31,NO,NO,CSV_UNIQUE_ONLY,YES,YES,PASS_BAR_QA,PASS_STRICT_CANDIDATE,NO
WS:XSHE:002352,002352.SZ,PASS_HISTORY_CURRENT,v0.38,483,483,2024-09-02,2026-08-31,NO,NO,CSV_UNIQUE_ONLY,YES,YES,PASS_BAR_QA,PASS_STRICT_CANDIDATE,NO
WS:XSHE:002353,002353.SZ,PASS_HISTORY_CURRENT,v0.38,483,483,2024-09-02,2026-08-31,NO,NO,CSV_UNIQUE_ONLY,YES,YES,PASS_BAR_QA,PASS_STRICT_CANDIDATE,NO
WS:XSHE:002371,002371.SZ,PASS_HISTORY_CURRENT,v0.38,483,483,2024-09-02,2026-08-31,NO,NO,CSV_UNIQUE_ONLY,YES,YES,PASS_BAR_QA,PASS_STRICT_CANDIDATE,NO
WS:XSHE:002384,002384.SZ,PASS_HISTORY_CURRENT,v0.38,483,483,2024-09-02,2026-08-31,NO,NO,CSV_UNIQUE_ONLY,YES,YES,PASS_BAR_QA,PASS_STRICT_CANDIDATE,NO
WS:XSHE:002415,002415.SZ,PASS_HISTORY_CURRENT,v0.38,483,483,2024-09-02,2026-08-31,NO,NO,CSV_UNIQUE_ONLY,YES,YES,PASS_BAR_QA,PASS_STRICT_CANDIDATE,NO
WS:XSHE:002422,002422.SZ,PASS_HISTORY_CURRENT,v0.38,483,483,2024-09-02,2026-08-31,NO,NO,CSV_UNIQUE_ONLY,YES,YES,PASS_BAR_QA,PASS_STRICT_CANDIDATE,NO
WS:XSHE:002460,002460.SZ,PASS_HISTORY_CURRENT,v0.38,483,483,2024-09-02,2026-08-31,NO,NO,CSV_UNIQUE_ONLY,YES,YES,PASS_BAR_QA,PASS_STRICT_CANDIDATE,NO
WS:XSHE:002463,002463.SZ,PASS_HISTORY_CURRENT,v0.38,483,483,2024-09-02,2026-08-31,NO,NO,CSV_UNIQUE_ONLY,YES,YES,PASS_BAR_QA,PASS_STRICT_CANDIDATE,NO
WS:XSHE:002466,002466.SZ,PASS_HISTORY_CURRENT,v0.38,483,483,2024-09-02,2026-08-31,NO,NO,CSV_UNIQUE_ONLY,YES,YES,PASS_BAR_QA,PASS_STRICT_CANDIDATE,NO
WS:XSHE:002475,002475.SZ,PASS_HISTORY_CURRENT,v0.38,483,483,2024-09-02,2026-08-31,NO,NO,CSV_UNIQUE_ONLY,YES,YES,PASS_BAR_QA,PASS_STRICT_CANDIDATE,NO
WS:XSHE:002493,002493.SZ,PASS_HISTORY_CURRENT,v0.38,483,483,2024-09-02,2026-08-31,NO,NO,CSV_UNIQUE_ONLY,YES,YES,PASS_BAR_QA,PASS_STRICT_CANDIDATE,NO
WS:XSHE:002532,002532.SZ,PASS_HISTORY_CURRENT,v0.38,483,483,2024-09-02,2026-08-31,NO,NO,CSV_UNIQUE_ONLY,YES,YES,PASS_BAR_QA,PASS_STRICT_CANDIDATE,NO
WS:XSHE:002558,002558.SZ,PASS_HISTORY_CURRENT,v0.38,483,483,2024-09-02,2026-08-31,NO,NO,CSV_UNIQUE_ONLY,YES,YES,PASS_BAR_QA,PASS_STRICT_CANDIDATE,NO
WS:XSHE:002594,002594.SZ,PASS_HISTORY_CURRENT,v0.38,483,483,2024-09-02,2026-08-31,NO,NO,CSV_UNIQUE_ONLY,YES,YES,PASS_BAR_QA,PASS_STRICT_CANDIDATE,NO
WS:XSHE:002600,002600.SZ,PASS_HISTORY_CURRENT,v0.38,483,483,2024-09-02,2026-08-31,NO,NO,CSV_UNIQUE_ONLY,YES,YES,PASS_BAR_QA,PASS_STRICT_CANDIDATE,NO
WS:XSHE:002602,002602.SZ,PASS_HISTORY_CURRENT,v0.38,483,483,2024-09-02,2026-08-31,NO,NO,CSV_UNIQUE_ONLY,YES,YES,PASS_BAR_QA,PASS_STRICT_CANDIDATE,NO
WS:XSHE:002625,002625.SZ,PASS_HISTORY_CURRENT,v0.38,483,483,2024-09-02,2026-08-31,NO,NO,CSV_UNIQUE_ONLY,YES,YES,PASS_BAR_QA,PASS_STRICT_CANDIDATE,NO
WS:XSHE:002648,002648.SZ,PASS_HISTORY_CURRENT,v0.38,483,483,2024-09-02,2026-08-31,NO,NO,CSV_UNIQUE_ONLY,YES,YES,PASS_BAR_QA,PASS_STRICT_CANDIDATE,NO
WS:XSHE:002709,002709.SZ,PASS_HISTORY_CURRENT,v0.38,483,483,2024-09-02,2026-08-31,NO,NO,CSV_UNIQUE_ONLY,YES,YES,PASS_BAR_QA,PASS_STRICT_CANDIDATE,NO
WS:XSHE:002714,002714.SZ,PASS_HISTORY_CURRENT,v0.38,483,483,2024-09-02,2026-08-31,NO,NO,CSV_UNIQUE_ONLY,YES,YES,PASS_BAR_QA,PASS_STRICT_CANDIDATE,NO
WS:XSHE:002736,002736.SZ,PASS_HISTORY_CURRENT,v0.38,483,483,2024-09-02,2026-08-31,NO,NO,CSV_UNIQUE_ONLY,YES,YES,PASS_BAR_QA,PASS_STRICT_CANDIDATE,NO
WS:XSHE:002837,002837.SZ,PASS_HISTORY_CURRENT,v0.38,483,483,2024-09-02,2026-08-31,NO,NO,CSV_UNIQUE_ONLY,YES,YES,PASS_BAR_QA,PASS_STRICT_CANDIDATE,NO
WS:XSHE:002916,002916.SZ,PASS_HISTORY_CURRENT,v0.38,483,483,2024-09-02,2026-08-31,NO,NO,CSV_UNIQUE_ONLY,YES,YES,PASS_BAR_QA,PASS_STRICT_CANDIDATE,NO
WS:XSHE:002920,002920.SZ,PASS_HISTORY_CURRENT,v0.38,483,483,2024-09-02,2026-08-31,NO,NO,CSV_UNIQUE_ONLY,YES,YES,PASS_BAR_QA,PASS_STRICT_CANDIDATE,NO
WS:XSHE:002938,002938.SZ,PASS_HISTORY_CURRENT,v0.38,483,483,2024-09-02,2026-08-31,NO,NO,CSV_UNIQUE_ONLY,YES,YES,PASS_BAR_QA,PASS_STRICT_CANDIDATE,NO
WS:XSHE:003816,003816.SZ,PASS_HISTORY_CURRENT,v0.38,483,483,2024-09-02,2026-08-31,NO,NO,CSV_UNIQUE_ONLY,YES,YES,PASS_BAR_QA,PASS_STRICT_CANDIDATE,NO
WS:XSHE:300014,300014.SZ,PASS_HISTORY_CURRENT,v0.38,483,483,2024-09-02,2026-08-31,NO,NO,CSV_UNIQUE_ONLY,YES,YES,PASS_BAR_QA,PASS_STRICT_CANDIDATE,NO
WS:XSHE:300015,300015.SZ,PASS_HISTORY_CURRENT,v0.38,483,483,2024-09-02,2026-08-31,NO,NO,CSV_UNIQUE_ONLY,YES,YES,PASS_BAR_QA,PASS_STRICT_CANDIDATE,NO
WS:XSHE:300033,300033.SZ,PASS_HISTORY_CURRENT,v0.38,483,483,2024-09-02,2026-08-31,NO,NO,CSV_UNIQUE_ONLY,YES,YES,PASS_BAR_QA,PASS_STRICT_CANDIDATE,NO
WS:XSHE:300059,300059.SZ,PASS_HISTORY_CURRENT,v0.38,483,483,2024-09-02,2026-08-31,NO,NO,CSV_UNIQUE_ONLY,YES,YES,PASS_BAR_QA,PASS_STRICT_CANDIDATE,NO
WS:XSHE:300122,300122.SZ,PASS_HISTORY_CURRENT,v0.38,483,483,2024-09-02,2026-08-31,NO,NO,CSV_UNIQUE_ONLY,YES,YES,PASS_BAR_QA,PASS_STRICT_CANDIDATE,NO
WS:XSHE:300124,300124.SZ,PASS_HISTORY_CURRENT,v0.38,483,483,2024-09-02,2026-08-31,NO,NO,CSV_UNIQUE_ONLY,YES,YES,PASS_BAR_QA,PASS_STRICT_CANDIDATE,NO
WS:XSHE:300251,300251.SZ,PASS_HISTORY_CURRENT,v0.38,483,483,2024-09-02,2026-08-31,NO,NO,CSV_UNIQUE_ONLY,YES,YES,PASS_BAR_QA,PASS_STRICT_CANDIDATE,NO
WS:XSHE:300274,300274.SZ,PASS_HISTORY_CURRENT,v0.38,483,483,2024-09-02,2026-08-31,NO,NO,CSV_UNIQUE_ONLY,YES,YES,PASS_BAR_QA,PASS_STRICT_CANDIDATE,NO
WS:XSHE:300308,300308.SZ,PASS_HISTORY_CURRENT,v0.38,483,483,2024-09-02,2026-08-31,NO,NO,CSV_UNIQUE_ONLY,YES,YES,PASS_BAR_QA,PASS_STRICT_CANDIDATE,NO
WS:XSHE:300316,300316.SZ,PASS_HISTORY_CURRENT,v0.38,483,483,2024-09-02,2026-08-31,NO,NO,CSV_UNIQUE_ONLY,YES,YES,PASS_BAR_QA,PASS_STRICT_CANDIDATE,NO
WS:XSHE:300394,300394.SZ,PASS_HISTORY_CURRENT,v0.38,483,483,2024-09-02,2026-08-31,NO,NO,CSV_UNIQUE_ONLY,YES,YES,PASS_BAR_QA,PASS_STRICT_CANDIDATE,NO
WS:XSHE:300408,300408.SZ,PASS_HISTORY_CURRENT,v0.38,483,483,2024-09-02,2026-08-31,NO,NO,CSV_UNIQUE_ONLY,YES,YES,PASS_BAR_QA,PASS_STRICT_CANDIDATE,NO
WS:XSHE:300413,300413.SZ,PASS_HISTORY_CURRENT,v0.38,483,483,2024-09-02,2026-08-31,NO,NO,CSV_UNIQUE_ONLY,YES,YES,PASS_BAR_QA,PASS_STRICT_CANDIDATE,NO
WS:XSHE:300418,300418.SZ,PASS_HISTORY_CURRENT,v0.38,483,483,2024-09-02,2026-08-31,NO,NO,CSV_UNIQUE_ONLY,YES,YES,PASS_BAR_QA,PASS_STRICT_CANDIDATE,NO
WS:XSHE:300433,300433.SZ,PASS_HISTORY_CURRENT,v0.38,483,483,2024-09-02,2026-08-31,NO,NO,CSV_UNIQUE_ONLY,YES,YES,PASS_BAR_QA,PASS_STRICT_CANDIDATE,NO
WS:XSHE:300442,300442.SZ,PASS_HISTORY_CURRENT,v0.38,483,483,2024-09-02,2026-08-31,NO,NO,CSV_UNIQUE_ONLY,YES,YES,PASS_BAR_QA,PASS_STRICT_CANDIDATE,NO
WS:XSHE:300450,300450.SZ,PASS_HISTORY_CURRENT,v0.38,483,483,2024-09-02,2026-08-31,NO,NO,CSV_UNIQUE_ONLY,YES,YES,PASS_BAR_QA,PASS_STRICT_CANDIDATE,NO
WS:XSHE:300476,300476.SZ,PASS_HISTORY_CURRENT,v0.38,483,483,2024-09-02,2026-08-31,NO,NO,CSV_UNIQUE_ONLY,YES,YES,PASS_BAR_QA,PASS_STRICT_CANDIDATE,NO
WS:XSHE:300498,300498.SZ,PASS_HISTORY_CURRENT,v0.38,483,483,2024-09-02,2026-08-31,NO,NO,CSV_UNIQUE_ONLY,YES,YES,PASS_BAR_QA,PASS_STRICT_CANDIDATE,NO
WS:XSHE:300502,300502.SZ,PASS_HISTORY_CURRENT,v0.38,483,483,2024-09-02,2026-08-31,NO,NO,CSV_UNIQUE_ONLY,YES,YES,PASS_BAR_QA,PASS_STRICT_CANDIDATE,NO
WS:XSHE:300628,300628.SZ,PASS_HISTORY_CURRENT,v0.38,483,483,2024-09-02,2026-08-31,NO,NO,CSV_UNIQUE_ONLY,YES,YES,PASS_BAR_QA,PASS_STRICT_CANDIDATE,NO
WS:XSHE:300661,300661.SZ,PASS_HISTORY_CURRENT,v0.38,483,483,2024-09-02,2026-08-31,NO,NO,CSV_UNIQUE_ONLY,YES,YES,PASS_BAR_QA,PASS_STRICT_CANDIDATE,NO
WS:XSHE:300750,300750.SZ,PASS_HISTORY_CURRENT,v0.38,483,483,2024-09-02,2026-08-31,NO,NO,CSV_UNIQUE_ONLY,YES,YES,PASS_BAR_QA,PASS_STRICT_CANDIDATE,NO
WS:XSHE:300760,300760.SZ,PASS_HISTORY_CURRENT,v0.38,483,483,2024-09-02,2026-08-31,NO,NO,CSV_UNIQUE_ONLY,YES,YES,PASS_BAR_QA,PASS_STRICT_CANDIDATE,NO
WS:XSHE:300803,300803.SZ,PASS_HISTORY_CURRENT,v0.38,483,483,2024-09-02,2026-08-31,NO,NO,CSV_UNIQUE_ONLY,YES,YES,PASS_BAR_QA,PASS_STRICT_CANDIDATE,NO
WS:XSHE:300832,300832.SZ,PASS_HISTORY_CURRENT,v0.38,483,483,2024-09-02,2026-08-31,NO,NO,CSV_UNIQUE_ONLY,YES,YES,PASS_BAR_QA,PASS_STRICT_CANDIDATE,NO
WS:XSHE:300866,300866.SZ,PASS_HISTORY_CURRENT,v0.38,483,483,2024-09-02,2026-08-31,NO,NO,CSV_UNIQUE_ONLY,YES,YES,PASS_BAR_QA,PASS_STRICT_CANDIDATE,NO
WS:XSHE:300896,300896.SZ,PASS_HISTORY_CURRENT,v0.38,483,483,2024-09-02,2026-08-31,NO,NO,CSV_UNIQUE_ONLY,YES,YES,PASS_BAR_QA,PASS_STRICT_CANDIDATE,NO
WS:XSHE:300999,300999.SZ,PASS_HISTORY_CURRENT,v0.38,483,483,2024-09-02,2026-08-31,NO,NO,CSV_UNIQUE_ONLY,YES,YES,PASS_BAR_QA,PASS_STRICT_CANDIDATE,NO
WS:XSHE:301165,301165.SZ,PASS_HISTORY_CURRENT,v0.38,483,483,2024-09-02,2026-08-31,NO,NO,CSV_UNIQUE_ONLY,YES,YES,PASS_BAR_QA,PASS_STRICT_CANDIDATE,NO
WS:XSHE:301236,301236.SZ,PASS_HISTORY_CURRENT,v0.38,483,483,2024-09-02,2026-08-31,NO,NO,CSV_UNIQUE_ONLY,YES,YES,PASS_BAR_QA,PASS_STRICT_CANDIDATE,NO
WS:XSHE:301269,301269.SZ,PASS_HISTORY_CURRENT,v0.38,483,483,2024-09-02,2026-08-31,NO,NO,CSV_UNIQUE_ONLY,YES,YES,PASS_BAR_QA,PASS_STRICT_CANDIDATE,NO
WS:XSHE:301308,301308.SZ,PASS_HISTORY_CURRENT,v0.38,483,483,2024-09-02,2026-08-31,NO,NO,CSV_UNIQUE_ONLY,YES,YES,PASS_BAR_QA,PASS_STRICT_CANDIDATE,NO
WS:XSHE:302132,302132.SZ,PASS_HISTORY_CURRENT,v0.38,483,483,2024-09-02,2026-08-31,NO,NO,CSV_UNIQUE_ONLY,YES,YES,PASS_BAR_QA,FAIL_LIQUIDITY,NO
WS:XSHG:600000,600000.SS,PASS_HISTORY_CURRENT,v0.38,483,483,2024-09-02,2026-08-31,NO,NO,CSV_UNIQUE_ONLY,YES,YES,PASS_BAR_QA,PASS_STRICT_CANDIDATE,NO
WS:XSHG:600009,600009.SS,PASS_HISTORY_CURRENT,v0.38,483,483,2024-09-02,2026-08-31,NO,NO,CSV_UNIQUE_ONLY,YES,YES,PASS_BAR_QA,PASS_STRICT_CANDIDATE,NO
WS:XSHG:600010,600010.SS,PASS_HISTORY_CURRENT,v0.38,483,483,2024-09-02,2026-08-31,NO,NO,CSV_UNIQUE_ONLY,YES,YES,PASS_BAR_QA,PASS_STRICT_CANDIDATE,NO
WS:XSHG:600011,600011.SS,PASS_HISTORY_CURRENT,v0.38,483,483,2024-09-02,2026-08-31,NO,NO,CSV_UNIQUE_ONLY,YES,YES,PASS_BAR_QA,PASS_STRICT_CANDIDATE,NO
WS:XSHG:600015,600015.SS,PASS_HISTORY_CURRENT,v0.38,483,483,2024-09-02,2026-08-31,NO,NO,CSV_UNIQUE_ONLY,YES,YES,PASS_BAR_QA,PASS_STRICT_CANDIDATE,NO
WS:XSHG:600016,600016.SS,PASS_HISTORY_CURRENT,v0.38,483,483,2024-09-02,2026-08-31,NO,NO,CSV_UNIQUE_ONLY,YES,YES,PASS_BAR_QA,PASS_STRICT_CANDIDATE,NO
WS:XSHG:600018,600018.SS,PASS_HISTORY_CURRENT,v0.38,483,483,2024-09-02,2026-08-31,NO,NO,CSV_UNIQUE_ONLY,YES,YES,PASS_BAR_QA,PASS_STRICT_CANDIDATE,NO
WS:XSHG:600019,600019.SS,PASS_HISTORY_CURRENT,v0.38,483,483,2024-09-02,2026-08-31,NO,NO,CSV_UNIQUE_ONLY,YES,YES,PASS_BAR_QA,PASS_STRICT_CANDIDATE,NO
WS:XSHG:600023,600023.SS,PASS_HISTORY_CURRENT,v0.38,483,483,2024-09-02,2026-08-31,NO,NO,CSV_UNIQUE_ONLY,YES,YES,PASS_BAR_QA,PASS_STRICT_CANDIDATE,NO
WS:XSHG:600025,600025.SS,PASS_HISTORY_CURRENT,v0.38,483,483,2024-09-02,2026-08-31,NO,NO,CSV_UNIQUE_ONLY,YES,YES,PASS_BAR_QA,PASS_STRICT_CANDIDATE,NO
WS:XSHG:600026,600026.SS,PASS_HISTORY_CURRENT,v0.38,483,483,2024-09-02,2026-08-31,NO,NO,CSV_UNIQUE_ONLY,YES,YES,PASS_BAR_QA,PASS_STRICT_CANDIDATE,NO
WS:XSHG:600027,600027.SS,PASS_HISTORY_CURRENT,v0.38,483,483,2024-09-02,2026-08-31,NO,NO,CSV_UNIQUE_ONLY,YES,YES,PASS_BAR_QA,PASS_STRICT_CANDIDATE,NO
WS:XSHG:600028,600028.SS,PASS_HISTORY_CURRENT,v0.38,483,483,2024-09-02,2026-08-31,NO,NO,CSV_UNIQUE_ONLY,YES,YES,PASS_BAR_QA,PASS_STRICT_CANDIDATE,NO
WS:XSHG:600029,600029.SS,PASS_HISTORY_CURRENT,v0.38,483,483,2024-09-02,2026-08-31,NO,NO,CSV_UNIQUE_ONLY,YES,YES,PASS_BAR_QA,PASS_STRICT_CANDIDATE,NO
WS:XSHG:600030,600030.SS,PASS_HISTORY_CURRENT,v0.38,483,483,2024-09-02,2026-08-31,NO,NO,CSV_UNIQUE_ONLY,YES,YES,PASS_BAR_QA,PASS_STRICT_CANDIDATE,NO
WS:XSHG:600031,600031.SS,PASS_HISTORY_CURRENT,v0.38,483,483,2024-09-02,2026-08-31,NO,NO,CSV_UNIQUE_ONLY,YES,YES,PASS_BAR_QA,PASS_STRICT_CANDIDATE,NO
WS:XSHG:600036,600036.SS,PASS_HISTORY_CURRENT,v0.38,483,483,2024-09-02,2026-08-31,NO,NO,CSV_UNIQUE_ONLY,YES,YES,PASS_BAR_QA,PASS_STRICT_CANDIDATE,NO
WS:XSHG:600039,600039.SS,PASS_HISTORY_CURRENT,v0.38,483,483,2024-09-02,2026-08-31,NO,NO,CSV_UNIQUE_ONLY,YES,YES,PASS_BAR_QA,PASS_STRICT_CANDIDATE,NO
WS:XSHG:600048,600048.SS,PASS_HISTORY_CURRENT,v0.38,483,483,2024-09-02,2026-08-31,NO,NO,CSV_UNIQUE_ONLY,YES,YES,PASS_BAR_QA,PASS_STRICT_CANDIDATE,NO
WS:XSHG:600050,600050.SS,PASS_HISTORY_CURRENT,v0.38,483,483,2024-09-02,2026-08-31,NO,NO,CSV_UNIQUE_ONLY,YES,YES,PASS_BAR_QA,PASS_STRICT_CANDIDATE,NO
WS:XSHG:600061,600061.SS,PASS_HISTORY_CURRENT,v0.38,483,483,2024-09-02,2026-08-31,NO,NO,CSV_UNIQUE_ONLY,YES,YES,PASS_BAR_QA,PASS_STRICT_CANDIDATE,NO
WS:XSHG:600066,600066.SS,PASS_HISTORY_CURRENT,v0.38,483,483,2024-09-02,2026-08-31,NO,NO,CSV_UNIQUE_ONLY,YES,YES,PASS_BAR_QA,PASS_STRICT_CANDIDATE,NO
WS:XSHG:600085,600085.SS,PASS_HISTORY_CURRENT,v0.38,483,483,2024-09-02,2026-08-31,NO,NO,CSV_UNIQUE_ONLY,YES,YES,PASS_BAR_QA,PASS_STRICT_CANDIDATE,NO
WS:XSHG:600089,600089.SS,PASS_HISTORY_CURRENT,v0.38,483,483,2024-09-02,2026-08-31,NO,NO,CSV_UNIQUE_ONLY,YES,YES,PASS_BAR_QA,PASS_STRICT_CANDIDATE,NO
WS:XSHG:600104,600104.SS,PASS_HISTORY_CURRENT,v0.38,483,483,2024-09-02,2026-08-31,NO,NO,CSV_UNIQUE_ONLY,YES,YES,PASS_BAR_QA,PASS_STRICT_CANDIDATE,NO
WS:XSHG:600111,600111.SS,PASS_HISTORY_CURRENT,v0.38,483,483,2024-09-02,2026-08-31,NO,NO,CSV_UNIQUE_ONLY,YES,YES,PASS_BAR_QA,PASS_STRICT_CANDIDATE,NO
WS:XSHG:600115,600115.SS,PASS_HISTORY_CURRENT,v0.38,483,483,2024-09-02,2026-08-31,NO,NO,CSV_UNIQUE_ONLY,YES,YES,PASS_BAR_QA,PASS_STRICT_CANDIDATE,NO
WS:XSHG:600118,600118.SS,PASS_HISTORY_CURRENT,v0.38,483,483,2024-09-02,2026-08-31,NO,NO,CSV_UNIQUE_ONLY,YES,YES,PASS_BAR_QA,PASS_STRICT_CANDIDATE,NO
WS:XSHG:600150,600150.SS,PASS_HISTORY_CURRENT,v0.38,483,483,2024-09-02,2026-08-31,NO,NO,CSV_UNIQUE_ONLY,YES,YES,PASS_BAR_QA,PASS_STRICT_CANDIDATE,NO
WS:XSHG:600160,600160.SS,PASS_HISTORY_CURRENT,v0.38,483,483,2024-09-02,2026-08-31,NO,NO,CSV_UNIQUE_ONLY,YES,YES,PASS_BAR_QA,PASS_STRICT_CANDIDATE,NO
WS:XSHG:600176,600176.SS,PASS_HISTORY_CURRENT,v0.38,483,483,2024-09-02,2026-08-31,NO,NO,CSV_UNIQUE_ONLY,YES,YES,PASS_BAR_QA,PASS_STRICT_CANDIDATE,NO
WS:XSHG:600183,600183.SS,PASS_HISTORY_CURRENT,v0.38,483,483,2024-09-02,2026-08-31,NO,NO,CSV_UNIQUE_ONLY,YES,YES,PASS_BAR_QA,PASS_STRICT_CANDIDATE,NO
WS:XSHG:600188,600188.SS,PASS_HISTORY_CURRENT,v0.38,483,483,2024-09-02,2026-08-31,NO,NO,CSV_UNIQUE_ONLY,YES,YES,PASS_BAR_QA,PASS_STRICT_CANDIDATE,NO
WS:XSHG:600196,600196.SS,PASS_HISTORY_CURRENT,v0.38,483,483,2024-09-02,2026-08-31,NO,NO,CSV_UNIQUE_ONLY,YES,YES,PASS_BAR_QA,PASS_STRICT_CANDIDATE,NO
WS:XSHG:600219,600219.SS,PASS_HISTORY_CURRENT,v0.38,483,483,2024-09-02,2026-08-31,NO,NO,CSV_UNIQUE_ONLY,YES,YES,PASS_BAR_QA,PASS_STRICT_CANDIDATE,NO
WS:XSHG:600221,600221.SS,PASS_HISTORY_CURRENT,v0.38,483,483,2024-09-02,2026-08-31,NO,NO,CSV_UNIQUE_ONLY,YES,YES,PASS_BAR_QA,PASS_STRICT_CANDIDATE,NO
WS:XSHG:600233,600233.SS,PASS_HISTORY_CURRENT,v0.38,483,483,2024-09-02,2026-08-31,NO,NO,CSV_UNIQUE_ONLY,YES,YES,PASS_BAR_QA,PASS_STRICT_CANDIDATE,NO
WS:XSHG:600276,600276.SS,PASS_HISTORY_CURRENT,v0.38,483,483,2024-09-02,2026-08-31,NO,NO,CSV_UNIQUE_ONLY,YES,YES,PASS_BAR_QA,PASS_STRICT_CANDIDATE,NO
WS:XSHG:600309,600309.SS,PASS_HISTORY_CURRENT,v0.38,483,483,2024-09-02,2026-08-31,NO,NO,CSV_UNIQUE_ONLY,YES,YES,PASS_BAR_QA,PASS_STRICT_CANDIDATE,NO
WS:XSHG:600346,600346.SS,PASS_HISTORY_CURRENT,v0.38,483,483,2024-09-02,2026-08-31,NO,NO,CSV_UNIQUE_ONLY,YES,YES,PASS_BAR_QA,PASS_STRICT_CANDIDATE,NO
WS:XSHG:600362,600362.SS,PASS_HISTORY_CURRENT,v0.38,483,483,2024-09-02,2026-08-31,NO,NO,CSV_UNIQUE_ONLY,YES,YES,PASS_BAR_QA,PASS_STRICT_CANDIDATE,NO
WS:XSHG:600372,600372.SS,PASS_HISTORY_CURRENT,v0.38,483,483,2024-09-02,2026-08-31,NO,NO,CSV_UNIQUE_ONLY,YES,YES,PASS_BAR_QA,PASS_STRICT_CANDIDATE,NO
WS:XSHG:600406,600406.SS,PASS_HISTORY_CURRENT,v0.38,483,483,2024-09-02,2026-08-31,NO,NO,CSV_UNIQUE_ONLY,YES,YES,PASS_BAR_QA,PASS_STRICT_CANDIDATE,NO
WS:XSHG:600415,600415.SS,PASS_HISTORY_CURRENT,v0.38,483,483,2024-09-02,2026-08-31,NO,NO,CSV_UNIQUE_ONLY,YES,YES,PASS_BAR_QA,PASS_STRICT_CANDIDATE,NO
WS:XSHG:600426,600426.SS,PASS_HISTORY_CURRENT,v0.38,483,483,2024-09-02,2026-08-31,NO,NO,CSV_UNIQUE_ONLY,YES,YES,PASS_BAR_QA,PASS_STRICT_CANDIDATE,NO
WS:XSHG:600436,600436.SS,PASS_HISTORY_CURRENT,v0.38,483,483,2024-09-02,2026-08-31,NO,NO,CSV_UNIQUE_ONLY,YES,YES,PASS_BAR_QA,PASS_STRICT_CANDIDATE,NO
WS:XSHG:600438,600438.SS,PASS_HISTORY_CURRENT,v0.38,483,483,2024-09-02,2026-08-31,NO,NO,CSV_UNIQUE_ONLY,YES,YES,PASS_BAR_QA,PASS_STRICT_CANDIDATE,NO
WS:XSHG:600460,600460.SS,PASS_HISTORY_CURRENT,v0.38,483,483,2024-09-02,2026-08-31,NO,NO,CSV_UNIQUE_ONLY,YES,YES,PASS_BAR_QA,PASS_STRICT_CANDIDATE,NO
WS:XSHG:600482,600482.SS,PASS_HISTORY_CURRENT,v0.38,483,483,2024-09-02,2026-08-31,NO,NO,CSV_UNIQUE_ONLY,YES,YES,PASS_BAR_QA,PASS_STRICT_CANDIDATE,NO
WS:XSHG:600489,600489.SS,PASS_HISTORY_CURRENT,v0.38,483,483,2024-09-02,2026-08-31,NO,NO,CSV_UNIQUE_ONLY,YES,YES,PASS_BAR_QA,PASS_STRICT_CANDIDATE,NO
WS:XSHG:600515,600515.SS,PASS_HISTORY_CURRENT,v0.38,483,483,2024-09-02,2026-08-31,NO,NO,CSV_UNIQUE_ONLY,YES,YES,PASS_BAR_QA,PASS_STRICT_CANDIDATE,NO
WS:XSHG:600519,600519.SS,PASS_HISTORY_CURRENT,v0.38,483,483,2024-09-02,2026-08-31,NO,NO,CSV_UNIQUE_ONLY,YES,YES,PASS_BAR_QA,PASS_STRICT_CANDIDATE,NO
WS:XSHG:600522,600522.SS,PASS_HISTORY_CURRENT,v0.38,483,483,2024-09-02,2026-08-31,NO,NO,CSV_UNIQUE_ONLY,YES,YES,PASS_BAR_QA,PASS_STRICT_CANDIDATE,NO
WS:XSHG:600547,600547.SS,PASS_HISTORY_CURRENT,v0.38,483,483,2024-09-02,2026-08-31,NO,NO,CSV_UNIQUE_ONLY,YES,YES,PASS_BAR_QA,PASS_STRICT_CANDIDATE,NO
WS:XSHG:600549,600549.SS,PASS_HISTORY_CURRENT,v0.38,483,483,2024-09-02,2026-08-31,NO,NO,CSV_UNIQUE_ONLY,YES,YES,PASS_BAR_QA,PASS_STRICT_CANDIDATE,NO
WS:XSHG:600570,600570.SS,PASS_HISTORY_CURRENT,v0.38,483,483,2024-09-02,2026-08-31,NO,NO,CSV_UNIQUE_ONLY,YES,YES,PASS_BAR_QA,PASS_STRICT_CANDIDATE,NO
WS:XSHG:600584,600584.SS,PASS_HISTORY_CURRENT,v0.38,483,483,2024-09-02,2026-08-31,NO,NO,CSV_UNIQUE_ONLY,YES,YES,PASS_BAR_QA,PASS_STRICT_CANDIDATE,NO
WS:XSHG:600585,600585.SS,PASS_HISTORY_CURRENT,v0.38,483,483,2024-09-02,2026-08-31,NO,NO,CSV_UNIQUE_ONLY,YES,YES,PASS_BAR_QA,PASS_STRICT_CANDIDATE,NO
WS:XSHG:600588,600588.SS,PASS_HISTORY_CURRENT,v0.38,483,483,2024-09-02,2026-08-31,NO,NO,CSV_UNIQUE_ONLY,YES,YES,PASS_BAR_QA,PASS_STRICT_CANDIDATE,NO
WS:XSHG:600600,600600.SS,PASS_HISTORY_CURRENT,v0.38,483,483,2024-09-02,2026-08-31,NO,NO,CSV_UNIQUE_ONLY,YES,YES,PASS_BAR_QA,PASS_STRICT_CANDIDATE,NO
WS:XSHG:600660,600660.SS,PASS_HISTORY_CURRENT,v0.38,483,483,2024-09-02,2026-08-31,NO,NO,CSV_UNIQUE_ONLY,YES,YES,PASS_BAR_QA,PASS_STRICT_CANDIDATE,NO
WS:XSHG:600674,600674.SS,PASS_HISTORY_CURRENT,v0.38,483,483,2024-09-02,2026-08-31,NO,NO,CSV_UNIQUE_ONLY,YES,YES,PASS_BAR_QA,PASS_STRICT_CANDIDATE,NO
WS:XSHG:600690,600690.SS,PASS_HISTORY_CURRENT,v0.38,483,483,2024-09-02,2026-08-31,NO,NO,CSV_UNIQUE_ONLY,YES,YES,PASS_BAR_QA,PASS_STRICT_CANDIDATE,NO
WS:XSHG:600741,600741.SS,PASS_HISTORY_CURRENT,v0.38,483,483,2024-09-02,2026-08-31,NO,NO,CSV_UNIQUE_ONLY,YES,YES,PASS_BAR_QA,PASS_STRICT_CANDIDATE,NO
WS:XSHG:600760,600760.SS,PASS_HISTORY_CURRENT,v0.38,483,483,2024-09-02,2026-08-31,NO,NO,CSV_UNIQUE_ONLY,YES,YES,PASS_BAR_QA,PASS_STRICT_CANDIDATE,NO
WS:XSHG:600795,600795.SS,PASS_HISTORY_CURRENT,v0.38,483,483,2024-09-02,2026-08-31,NO,NO,CSV_UNIQUE_ONLY,YES,YES,PASS_BAR_QA,PASS_STRICT_CANDIDATE,NO
WS:XSHG:600803,600803.SS,PASS_HISTORY_CURRENT,v0.38,483,483,2024-09-02,2026-08-31,NO,NO,CSV_UNIQUE_ONLY,YES,YES,PASS_BAR_QA,LOW_LIQUIDITY_EXCEPTION,NO
WS:XSHG:600809,600809.SS,PASS_HISTORY_CURRENT,v0.38,483,483,2024-09-02,2026-08-31,NO,NO,CSV_UNIQUE_ONLY,YES,YES,PASS_BAR_QA,PASS_STRICT_CANDIDATE,NO
WS:XSHG:600845,600845.SS,PASS_HISTORY_CURRENT,v0.38,483,483,2024-09-02,2026-08-31,NO,NO,CSV_UNIQUE_ONLY,YES,YES,PASS_BAR_QA,PASS_STRICT_CANDIDATE,NO
WS:XSHG:600875,600875.SS,PASS_HISTORY_CURRENT,v0.38,483,483,2024-09-02,2026-08-31,NO,NO,CSV_UNIQUE_ONLY,YES,YES,PASS_BAR_QA,PASS_STRICT_CANDIDATE,NO
WS:XSHG:600886,600886.SS,PASS_HISTORY_CURRENT,v0.38,483,483,2024-09-02,2026-08-31,NO,NO,CSV_UNIQUE_ONLY,YES,YES,PASS_BAR_QA,PASS_STRICT_CANDIDATE,NO
WS:XSHG:600887,600887.SS,PASS_HISTORY_CURRENT,v0.38,483,483,2024-09-02,2026-08-31,NO,NO,CSV_UNIQUE_ONLY,YES,YES,PASS_BAR_QA,PASS_STRICT_CANDIDATE,NO
WS:XSHG:600893,600893.SS,PASS_HISTORY_CURRENT,v0.38,483,483,2024-09-02,2026-08-31,NO,NO,CSV_UNIQUE_ONLY,YES,YES,PASS_BAR_QA,PASS_STRICT_CANDIDATE,NO
WS:XSHG:600900,600900.SS,PASS_HISTORY_CURRENT,v0.38,483,483,2024-09-02,2026-08-31,NO,NO,CSV_UNIQUE_ONLY,YES,YES,PASS_BAR_QA,PASS_STRICT_CANDIDATE,NO
WS:XSHG:600905,600905.SS,PASS_HISTORY_CURRENT,v0.38,483,483,2024-09-02,2026-08-31,NO,NO,CSV_UNIQUE_ONLY,YES,YES,PASS_BAR_QA,PASS_STRICT_CANDIDATE,NO
WS:XSHG:600918,600918.SS,PASS_HISTORY_CURRENT,v0.38,483,483,2024-09-02,2026-08-31,NO,NO,CSV_UNIQUE_ONLY,YES,YES,PASS_BAR_QA,PASS_STRICT_CANDIDATE,NO
WS:XSHG:600919,600919.SS,PASS_HISTORY_CURRENT,v0.38,483,483,2024-09-02,2026-08-31,NO,NO,CSV_UNIQUE_ONLY,YES,YES,PASS_BAR_QA,PASS_STRICT_CANDIDATE,NO
WS:XSHG:600926,600926.SS,PASS_HISTORY_CURRENT,v0.38,483,483,2024-09-02,2026-08-31,NO,NO,CSV_UNIQUE_ONLY,YES,YES,PASS_BAR_QA,PASS_STRICT_CANDIDATE,NO
WS:XSHG:600930,600930.SS,PASS_HISTORY_CURRENT,v0.38,275,275,2025-07-16,2026-08-31,NO,NO,CSV_UNIQUE_ONLY,YES,YES,PASS_BAR_QA,PASS_STRICT_CANDIDATE,NO
WS:XSHG:600938,600938.SS,PASS_HISTORY_CURRENT,v0.38,483,483,2024-09-02,2026-08-31,NO,NO,CSV_UNIQUE_ONLY,YES,YES,PASS_BAR_QA,PASS_STRICT_CANDIDATE,NO
WS:XSHG:600941,600941.SS,PASS_HISTORY_CURRENT,v0.38,483,483,2024-09-02,2026-08-31,NO,NO,CSV_UNIQUE_ONLY,YES,YES,PASS_BAR_QA,PASS_STRICT_CANDIDATE,NO
WS:XSHG:600958,600958.SS,PASS_HISTORY_CURRENT,v0.38,483,483,2024-09-02,2026-08-31,NO,NO,CSV_UNIQUE_ONLY,YES,YES,PASS_BAR_QA,PASS_STRICT_CANDIDATE,NO
WS:XSHG:600989,600989.SS,PASS_HISTORY_CURRENT,v0.38,483,483,2024-09-02,2026-08-31,NO,NO,CSV_UNIQUE_ONLY,YES,YES,PASS_BAR_QA,PASS_STRICT_CANDIDATE,NO
WS:XSHG:600999,600999.SS,PASS_HISTORY_CURRENT,v0.38,483,483,2024-09-02,2026-08-31,NO,NO,CSV_UNIQUE_ONLY,YES,YES,PASS_BAR_QA,PASS_STRICT_CANDIDATE,NO
WS:XSHG:601006,601006.SS,PASS_HISTORY_CURRENT,v0.38,483,483,2024-09-02,2026-08-31,NO,NO,CSV_UNIQUE_ONLY,YES,YES,PASS_BAR_QA,PASS_STRICT_CANDIDATE,NO
WS:XSHG:601009,601009.SS,PASS_HISTORY_CURRENT,v0.38,483,483,2024-09-02,2026-08-31,NO,NO,CSV_UNIQUE_ONLY,YES,YES,PASS_BAR_QA,PASS_STRICT_CANDIDATE,NO
WS:XSHG:601012,601012.SS,PASS_HISTORY_CURRENT,v0.38,483,483,2024-09-02,2026-08-31,NO,NO,CSV_UNIQUE_ONLY,YES,YES,PASS_BAR_QA,PASS_STRICT_CANDIDATE,NO
WS:XSHG:601018,601018.SS,PASS_HISTORY_CURRENT,v0.38,483,483,2024-09-02,2026-08-31,NO,NO,CSV_UNIQUE_ONLY,YES,YES,PASS_BAR_QA,PASS_STRICT_CANDIDATE,NO
WS:XSHG:601021,601021.SS,PASS_HISTORY_CURRENT,v0.38,483,483,2024-09-02,2026-08-31,NO,NO,CSV_UNIQUE_ONLY,YES,YES,PASS_BAR_QA,PASS_STRICT_CANDIDATE,NO
WS:XSHG:601058,601058.SS,PASS_HISTORY_CURRENT,v0.38,483,483,2024-09-02,2026-08-31,NO,NO,CSV_UNIQUE_ONLY,YES,YES,PASS_BAR_QA,PASS_STRICT_CANDIDATE,NO
WS:XSHG:601059,601059.SS,PASS_HISTORY_CURRENT,v0.38,483,483,2024-09-02,2026-08-31,NO,NO,CSV_UNIQUE_ONLY,YES,YES,PASS_BAR_QA,LOW_LIQUIDITY_EXCEPTION,NO
WS:XSHG:601066,601066.SS,PASS_HISTORY_CURRENT,v0.38,483,483,2024-09-02,2026-08-31,NO,NO,CSV_UNIQUE_ONLY,YES,YES,PASS_BAR_QA,PASS_STRICT_CANDIDATE,NO
WS:XSHG:601077,601077.SS,PASS_HISTORY_CURRENT,v0.38,483,483,2024-09-02,2026-08-31,NO,NO,CSV_UNIQUE_ONLY,YES,YES,PASS_BAR_QA,PASS_STRICT_CANDIDATE,NO
WS:XSHG:601088,601088.SS,PASS_HISTORY_CURRENT,v0.38,483,483,2024-09-02,2026-08-31,NO,NO,CSV_UNIQUE_ONLY,YES,YES,PASS_BAR_QA,PASS_STRICT_CANDIDATE,NO
WS:XSHG:601100,601100.SS,PASS_HISTORY_CURRENT,v0.38,483,483,2024-09-02,2026-08-31,NO,NO,CSV_UNIQUE_ONLY,YES,YES,PASS_BAR_QA,PASS_STRICT_CANDIDATE,NO
WS:XSHG:601111,601111.SS,PASS_HISTORY_CURRENT,v0.38,483,483,2024-09-02,2026-08-31,NO,NO,CSV_UNIQUE_ONLY,YES,YES,PASS_BAR_QA,PASS_STRICT_CANDIDATE,NO
WS:XSHG:601117,601117.SS,PASS_HISTORY_CURRENT,v0.38,483,483,2024-09-02,2026-08-31,NO,NO,CSV_UNIQUE_ONLY,YES,YES,PASS_BAR_QA,PASS_STRICT_CANDIDATE,NO
WS:XSHG:601127,601127.SS,PASS_HISTORY_CURRENT,v0.38,483,483,2024-09-02,2026-08-31,NO,NO,CSV_UNIQUE_ONLY,YES,YES,PASS_BAR_QA,PASS_STRICT_CANDIDATE,NO
WS:XSHG:601136,601136.SS,PASS_HISTORY_CURRENT,v0.38,483,483,2024-09-02,2026-08-31,NO,NO,CSV_UNIQUE_ONLY,YES,YES,PASS_BAR_QA,PASS_STRICT_CANDIDATE,NO
WS:XSHG:601138,601138.SS,PASS_HISTORY_CURRENT,v0.38,483,483,2024-09-02,2026-08-31,NO,NO,CSV_UNIQUE_ONLY,YES,YES,PASS_BAR_QA,PASS_STRICT_CANDIDATE,NO
WS:XSHG:601166,601166.SS,PASS_HISTORY_CURRENT,v0.38,483,483,2024-09-02,2026-08-31,NO,NO,CSV_UNIQUE_ONLY,YES,YES,PASS_BAR_QA,PASS_STRICT_CANDIDATE,NO
WS:XSHG:601169,601169.SS,PASS_HISTORY_CURRENT,v0.38,483,483,2024-09-02,2026-08-31,NO,NO,CSV_UNIQUE_ONLY,YES,YES,PASS_BAR_QA,PASS_STRICT_CANDIDATE,NO
WS:XSHG:601186,601186.SS,PASS_HISTORY_CURRENT,v0.38,483,483,2024-09-02,2026-08-31,NO,NO,CSV_UNIQUE_ONLY,YES,YES,PASS_BAR_QA,PASS_STRICT_CANDIDATE,NO
WS:XSHG:601211,601211.SS,PASS_HISTORY_CURRENT,v0.38,483,483,2024-09-02,2026-08-31,NO,NO,CSV_UNIQUE_ONLY,YES,YES,PASS_BAR_QA,PASS_STRICT_CANDIDATE,NO
WS:XSHG:601225,601225.SS,PASS_HISTORY_CURRENT,v0.38,483,483,2024-09-02,2026-08-31,NO,NO,CSV_UNIQUE_ONLY,YES,YES,PASS_BAR_QA,PASS_STRICT_CANDIDATE,NO
WS:XSHG:601229,601229.SS,PASS_HISTORY_CURRENT,v0.38,483,483,2024-09-02,2026-08-31,NO,NO,CSV_UNIQUE_ONLY,YES,YES,PASS_BAR_QA,PASS_STRICT_CANDIDATE,NO
WS:XSHG:601238,601238.SS,PASS_HISTORY_CURRENT,v0.38,483,483,2024-09-02,2026-08-31,NO,NO,CSV_UNIQUE_ONLY,YES,YES,PASS_BAR_QA,PASS_STRICT_CANDIDATE,NO
WS:XSHG:601288,601288.SS,PASS_HISTORY_CURRENT,v0.38,483,483,2024-09-02,2026-08-31,NO,NO,CSV_UNIQUE_ONLY,YES,YES,PASS_BAR_QA,PASS_STRICT_CANDIDATE,NO
WS:XSHG:601318,601318.SS,PASS_HISTORY_CURRENT,v0.38,483,483,2024-09-02,2026-08-31,NO,NO,CSV_UNIQUE_ONLY,YES,YES,PASS_BAR_QA,PASS_STRICT_CANDIDATE,NO
WS:XSHG:601319,601319.SS,PASS_HISTORY_CURRENT,v0.38,483,483,2024-09-02,2026-08-31,NO,NO,CSV_UNIQUE_ONLY,YES,YES,PASS_BAR_QA,PASS_STRICT_CANDIDATE,NO
WS:XSHG:601328,601328.SS,PASS_HISTORY_CURRENT,v0.38,483,483,2024-09-02,2026-08-31,NO,NO,CSV_UNIQUE_ONLY,YES,YES,PASS_BAR_QA,PASS_STRICT_CANDIDATE,NO
WS:XSHG:601336,601336.SS,PASS_HISTORY_CURRENT,v0.38,483,483,2024-09-02,2026-08-31,NO,NO,CSV_UNIQUE_ONLY,YES,YES,PASS_BAR_QA,PASS_STRICT_CANDIDATE,NO
WS:XSHG:601360,601360.SS,PASS_HISTORY_CURRENT,v0.38,483,483,2024-09-02,2026-08-31,NO,NO,CSV_UNIQUE_ONLY,YES,YES,PASS_BAR_QA,PASS_STRICT_CANDIDATE,NO
WS:XSHG:601377,601377.SS,PASS_HISTORY_CURRENT,v0.38,483,483,2024-09-02,2026-08-31,NO,NO,CSV_UNIQUE_ONLY,YES,YES,PASS_BAR_QA,PASS_STRICT_CANDIDATE,NO
WS:XSHG:601390,601390.SS,PASS_HISTORY_CURRENT,v0.38,483,483,2024-09-02,2026-08-31,NO,NO,CSV_UNIQUE_ONLY,YES,YES,PASS_BAR_QA,PASS_STRICT_CANDIDATE,NO
WS:XSHG:601398,601398.SS,PASS_HISTORY_CURRENT,v0.38,483,483,2024-09-02,2026-08-31,NO,NO,CSV_UNIQUE_ONLY,YES,YES,PASS_BAR_QA,PASS_STRICT_CANDIDATE,NO
WS:XSHG:601456,601456.SS,PASS_HISTORY_CURRENT,v0.38,483,483,2024-09-02,2026-08-31,NO,NO,CSV_UNIQUE_ONLY,YES,YES,PASS_BAR_QA,PASS_STRICT_CANDIDATE,NO
WS:XSHG:601600,601600.SS,PASS_HISTORY_CURRENT,v0.38,483,483,2024-09-02,2026-08-31,NO,NO,CSV_UNIQUE_ONLY,YES,YES,PASS_BAR_QA,PASS_STRICT_CANDIDATE,NO
WS:XSHG:601601,601601.SS,PASS_HISTORY_CURRENT,v0.38,483,483,2024-09-02,2026-08-31,NO,NO,CSV_UNIQUE_ONLY,YES,YES,PASS_BAR_QA,PASS_STRICT_CANDIDATE,NO
WS:XSHG:601607,601607.SS,PASS_HISTORY_CURRENT,v0.38,483,483,2024-09-02,2026-08-31,NO,NO,CSV_UNIQUE_ONLY,YES,YES,PASS_BAR_QA,PASS_STRICT_CANDIDATE,NO
WS:XSHG:601618,601618.SS,PASS_HISTORY_CURRENT,v0.38,483,483,2024-09-02,2026-08-31,NO,NO,CSV_UNIQUE_ONLY,YES,YES,PASS_BAR_QA,PASS_STRICT_CANDIDATE,NO
WS:XSHG:601628,601628.SS,PASS_HISTORY_CURRENT,v0.38,483,483,2024-09-02,2026-08-31,NO,NO,CSV_UNIQUE_ONLY,YES,YES,PASS_BAR_QA,PASS_STRICT_CANDIDATE,NO
WS:XSHG:601633,601633.SS,PASS_HISTORY_CURRENT,v0.38,483,483,2024-09-02,2026-08-31,NO,NO,CSV_UNIQUE_ONLY,YES,YES,PASS_BAR_QA,PASS_STRICT_CANDIDATE,NO
WS:XSHG:601658,601658.SS,PASS_HISTORY_CURRENT,v0.38,483,483,2024-09-02,2026-08-31,NO,NO,CSV_UNIQUE_ONLY,YES,YES,PASS_BAR_QA,PASS_STRICT_CANDIDATE,NO
WS:XSHG:601668,601668.SS,PASS_HISTORY_CURRENT,v0.38,483,483,2024-09-02,2026-08-31,NO,NO,CSV_UNIQUE_ONLY,YES,YES,PASS_BAR_QA,PASS_STRICT_CANDIDATE,NO
WS:XSHG:601669,601669.SS,PASS_HISTORY_CURRENT,v0.38,483,483,2024-09-02,2026-08-31,NO,NO,CSV_UNIQUE_ONLY,YES,YES,PASS_BAR_QA,PASS_STRICT_CANDIDATE,NO
WS:XSHG:601688,601688.SS,PASS_HISTORY_CURRENT,v0.38,483,483,2024-09-02,2026-08-31,NO,NO,CSV_UNIQUE_ONLY,YES,YES,PASS_BAR_QA,PASS_STRICT_CANDIDATE,NO
WS:XSHG:601689,601689.SS,PASS_HISTORY_CURRENT,v0.38,483,483,2024-09-02,2026-08-31,NO,NO,CSV_UNIQUE_ONLY,YES,YES,PASS_BAR_QA,PASS_STRICT_CANDIDATE,NO
WS:XSHG:601698,601698.SS,PASS_HISTORY_CURRENT,v0.38,483,483,2024-09-02,2026-08-31,NO,NO,CSV_UNIQUE_ONLY,YES,YES,PASS_BAR_QA,PASS_STRICT_CANDIDATE,NO
WS:XSHG:601727,601727.SS,PASS_HISTORY_CURRENT,v0.38,483,483,2024-09-02,2026-08-31,NO,NO,CSV_UNIQUE_ONLY,YES,YES,PASS_BAR_QA,PASS_STRICT_CANDIDATE,NO
WS:XSHG:601728,601728.SS,PASS_HISTORY_CURRENT,v0.38,483,483,2024-09-02,2026-08-31,NO,NO,CSV_UNIQUE_ONLY,YES,YES,PASS_BAR_QA,PASS_STRICT_CANDIDATE,NO
WS:XSHG:601766,601766.SS,PASS_HISTORY_CURRENT,v0.38,483,483,2024-09-02,2026-08-31,NO,NO,CSV_UNIQUE_ONLY,YES,YES,PASS_BAR_QA,PASS_STRICT_CANDIDATE,NO
WS:XSHG:601788,601788.SS,PASS_HISTORY_CURRENT,v0.38,483,483,2024-09-02,2026-08-31,NO,NO,CSV_UNIQUE_ONLY,YES,YES,PASS_BAR_QA,PASS_STRICT_CANDIDATE,NO
WS:XSHG:601800,601800.SS,PASS_HISTORY_CURRENT,v0.38,483,483,2024-09-02,2026-08-31,NO,NO,CSV_UNIQUE_ONLY,YES,YES,PASS_BAR_QA,PASS_STRICT_CANDIDATE,NO
WS:XSHG:601816,601816.SS,PASS_HISTORY_CURRENT,v0.38,483,483,2024-09-02,2026-08-31,NO,NO,CSV_UNIQUE_ONLY,YES,YES,PASS_BAR_QA,PASS_STRICT_CANDIDATE,NO
WS:XSHG:601818,601818.SS,PASS_HISTORY_CURRENT,v0.38,483,483,2024-09-02,2026-08-31,NO,NO,CSV_UNIQUE_ONLY,YES,YES,PASS_BAR_QA,PASS_STRICT_CANDIDATE,NO
WS:XSHG:601825,601825.SS,PASS_HISTORY_CURRENT,v0.38,483,483,2024-09-02,2026-08-31,NO,NO,CSV_UNIQUE_ONLY,YES,YES,PASS_BAR_QA,PASS_STRICT_CANDIDATE,NO
WS:XSHG:601838,601838.SS,PASS_HISTORY_CURRENT,v0.38,483,483,2024-09-02,2026-08-31,NO,NO,CSV_UNIQUE_ONLY,YES,YES,PASS_BAR_QA,PASS_STRICT_CANDIDATE,NO
WS:XSHG:601857,601857.SS,PASS_HISTORY_CURRENT,v0.38,483,483,2024-09-02,2026-08-31,NO,NO,CSV_UNIQUE_ONLY,YES,YES,PASS_BAR_QA,PASS_STRICT_CANDIDATE,NO
WS:XSHG:601868,601868.SS,PASS_HISTORY_CURRENT,v0.38,483,483,2024-09-02,2026-08-31,NO,NO,CSV_UNIQUE_ONLY,YES,YES,PASS_BAR_QA,PASS_STRICT_CANDIDATE,NO
WS:XSHG:601872,601872.SS,PASS_HISTORY_CURRENT,v0.38,483,483,2024-09-02,2026-08-31,NO,NO,CSV_UNIQUE_ONLY,YES,YES,PASS_BAR_QA,PASS_STRICT_CANDIDATE,NO
WS:XSHG:601877,601877.SS,PASS_HISTORY_CURRENT,v0.38,483,483,2024-09-02,2026-08-31,NO,NO,CSV_UNIQUE_ONLY,YES,YES,PASS_BAR_QA,PASS_STRICT_CANDIDATE,NO
WS:XSHG:601878,601878.SS,PASS_HISTORY_CURRENT,v0.38,483,483,2024-09-02,2026-08-31,NO,NO,CSV_UNIQUE_ONLY,YES,YES,PASS_BAR_QA,PASS_STRICT_CANDIDATE,NO
WS:XSHG:601881,601881.SS,PASS_HISTORY_CURRENT,v0.38,483,483,2024-09-02,2026-08-31,NO,NO,CSV_UNIQUE_ONLY,YES,YES,PASS_BAR_QA,PASS_STRICT_CANDIDATE,NO
WS:XSHG:601888,601888.SS,PASS_HISTORY_CURRENT,v0.38,483,483,2024-09-02,2026-08-31,NO,NO,CSV_UNIQUE_ONLY,YES,YES,PASS_BAR_QA,PASS_STRICT_CANDIDATE,NO
WS:XSHG:601898,601898.SS,PASS_HISTORY_CURRENT,v0.38,483,483,2024-09-02,2026-08-31,NO,NO,CSV_UNIQUE_ONLY,YES,YES,PASS_BAR_QA,PASS_STRICT_CANDIDATE,NO
WS:XSHG:601899,601899.SS,PASS_HISTORY_CURRENT,v0.38,483,483,2024-09-02,2026-08-31,NO,NO,CSV_UNIQUE_ONLY,YES,YES,PASS_BAR_QA,PASS_STRICT_CANDIDATE,NO
WS:XSHG:601901,601901.SS,PASS_HISTORY_CURRENT,v0.38,483,483,2024-09-02,2026-08-31,NO,NO,CSV_UNIQUE_ONLY,YES,YES,PASS_BAR_QA,PASS_STRICT_CANDIDATE,NO
WS:XSHG:601916,601916.SS,PASS_HISTORY_CURRENT,v0.38,483,483,2024-09-02,2026-08-31,NO,NO,CSV_UNIQUE_ONLY,YES,YES,PASS_BAR_QA,PASS_STRICT_CANDIDATE,NO
WS:XSHG:601919,601919.SS,PASS_HISTORY_CURRENT,v0.38,483,483,2024-09-02,2026-08-31,NO,NO,CSV_UNIQUE_ONLY,YES,YES,PASS_BAR_QA,PASS_STRICT_CANDIDATE,NO
WS:XSHG:601939,601939.SS,PASS_HISTORY_CURRENT,v0.38,483,483,2024-09-02,2026-08-31,NO,NO,CSV_UNIQUE_ONLY,YES,YES,PASS_BAR_QA,PASS_STRICT_CANDIDATE,NO
WS:XSHG:601985,601985.SS,PASS_HISTORY_CURRENT,v0.38,483,483,2024-09-02,2026-08-31,NO,NO,CSV_UNIQUE_ONLY,YES,YES,PASS_BAR_QA,PASS_STRICT_CANDIDATE,NO
WS:XSHG:601988,601988.SS,PASS_HISTORY_CURRENT,v0.38,483,483,2024-09-02,2026-08-31,NO,NO,CSV_UNIQUE_ONLY,YES,YES,PASS_BAR_QA,PASS_STRICT_CANDIDATE,NO
WS:XSHG:601995,601995.SS,PASS_HISTORY_CURRENT,v0.38,483,483,2024-09-02,2026-08-31,NO,NO,CSV_UNIQUE_ONLY,YES,YES,PASS_BAR_QA,PASS_STRICT_CANDIDATE,NO
WS:XSHG:601998,601998.SS,PASS_HISTORY_CURRENT,v0.38,483,483,2024-09-02,2026-08-31,NO,NO,CSV_UNIQUE_ONLY,YES,YES,PASS_BAR_QA,PASS_STRICT_CANDIDATE,NO
WS:XSHG:603019,603019.SS,PASS_HISTORY_CURRENT,v0.38,483,483,2024-09-02,2026-08-31,NO,NO,CSV_UNIQUE_ONLY,YES,YES,PASS_BAR_QA,PASS_STRICT_CANDIDATE,NO
WS:XSHG:603259,603259.SS,PASS_HISTORY_CURRENT,v0.38,483,483,2024-09-02,2026-08-31,NO,NO,CSV_UNIQUE_ONLY,YES,YES,PASS_BAR_QA,PASS_STRICT_CANDIDATE,NO
WS:XSHG:603260,603260.SS,PASS_HISTORY_CURRENT,v0.38,483,483,2024-09-02,2026-08-31,NO,NO,CSV_UNIQUE_ONLY,YES,YES,PASS_BAR_QA,PASS_STRICT_CANDIDATE,NO
WS:XSHG:603288,603288.SS,PASS_HISTORY_CURRENT,v0.38,483,483,2024-09-02,2026-08-31,NO,NO,CSV_UNIQUE_ONLY,YES,YES,PASS_BAR_QA,PASS_STRICT_CANDIDATE,NO
WS:XSHG:603296,603296.SS,PASS_HISTORY_CURRENT,v0.38,483,483,2024-09-02,2026-08-31,NO,NO,CSV_UNIQUE_ONLY,YES,YES,PASS_BAR_QA,PASS_STRICT_CANDIDATE,NO
WS:XSHG:603369,603369.SS,PASS_HISTORY_CURRENT,v0.38,483,483,2024-09-02,2026-08-31,NO,NO,CSV_UNIQUE_ONLY,YES,YES,PASS_BAR_QA,PASS_STRICT_CANDIDATE,NO
WS:XSHG:603392,603392.SS,PASS_HISTORY_CURRENT,v0.38,483,483,2024-09-02,2026-08-31,NO,NO,CSV_UNIQUE_ONLY,YES,YES,PASS_BAR_QA,PASS_STRICT_CANDIDATE,NO
WS:XSHG:603501,603501.SS,PASS_HISTORY_CURRENT,v0.38,483,483,2024-09-02,2026-08-31,NO,NO,CSV_UNIQUE_ONLY,YES,YES,PASS_BAR_QA,PASS_STRICT_CANDIDATE,NO
WS:XSHG:603799,603799.SS,PASS_HISTORY_CURRENT,v0.38,483,483,2024-09-02,2026-08-31,NO,NO,CSV_UNIQUE_ONLY,YES,YES,PASS_BAR_QA,PASS_STRICT_CANDIDATE,NO
WS:XSHG:603893,603893.SS,PASS_HISTORY_CURRENT,v0.38,483,483,2024-09-02,2026-08-31,NO,NO,CSV_UNIQUE_ONLY,YES,YES,PASS_BAR_QA,PASS_STRICT_CANDIDATE,NO
WS:XSHG:603986,603986.SS,PASS_HISTORY_CURRENT,v0.38,483,483,2024-09-02,2026-08-31,NO,NO,CSV_UNIQUE_ONLY,YES,YES,PASS_BAR_QA,PASS_STRICT_CANDIDATE,NO
WS:XSHG:603993,603993.SS,PASS_HISTORY_CURRENT,v0.38,483,483,2024-09-02,2026-08-31,NO,NO,CSV_UNIQUE_ONLY,YES,YES,PASS_BAR_QA,PASS_STRICT_CANDIDATE,NO
WS:XSHG:605117,605117.SS,PASS_HISTORY_CURRENT,v0.38,483,483,2024-09-02,2026-08-31,NO,NO,CSV_UNIQUE_ONLY,YES,YES,PASS_BAR_QA,PASS_STRICT_CANDIDATE,NO
WS:XSHG:605499,605499.SS,PASS_HISTORY_CURRENT,v0.38,483,483,2024-09-02,2026-08-31,NO,NO,CSV_UNIQUE_ONLY,YES,YES,PASS_BAR_QA,PASS_STRICT_CANDIDATE,NO
WS:XSHG:688008,688008.SS,PASS_HISTORY_CURRENT,v0.38,483,483,2024-09-02,2026-08-31,NO,NO,CSV_UNIQUE_ONLY,YES,YES,PASS_BAR_QA,PASS_STRICT_CANDIDATE,NO
WS:XSHG:688009,688009.SS,PASS_HISTORY_CURRENT,v0.38,483,483,2024-09-02,2026-08-31,NO,NO,CSV_UNIQUE_ONLY,YES,YES,PASS_BAR_QA,LOW_LIQUIDITY_EXCEPTION,NO
WS:XSHG:688012,688012.SS,PASS_HISTORY_CURRENT,v0.38,483,483,2024-09-02,2026-08-31,NO,NO,CSV_UNIQUE_ONLY,YES,YES,PASS_BAR_QA,PASS_STRICT_CANDIDATE,NO
WS:XSHG:688036,688036.SS,PASS_HISTORY_CURRENT,v0.38,483,483,2024-09-02,2026-08-31,NO,NO,CSV_UNIQUE_ONLY,YES,YES,PASS_BAR_QA,PASS_STRICT_CANDIDATE,NO
WS:XSHG:688041,688041.SS,PASS_HISTORY_CURRENT,v0.38,483,483,2024-09-02,2026-08-31,NO,NO,CSV_UNIQUE_ONLY,YES,YES,PASS_BAR_QA,PASS_STRICT_CANDIDATE,NO
WS:XSHG:688047,688047.SS,PASS_HISTORY_CURRENT,v0.38,483,483,2024-09-02,2026-08-31,NO,NO,CSV_UNIQUE_ONLY,YES,YES,PASS_BAR_QA,PASS_STRICT_CANDIDATE,NO
WS:XSHG:688072,688072.SS,PASS_HISTORY_CURRENT,v0.38,483,483,2024-09-02,2026-08-31,NO,NO,CSV_UNIQUE_ONLY,YES,YES,PASS_BAR_QA,PASS_STRICT_CANDIDATE,NO
WS:XSHG:688082,688082.SS,PASS_HISTORY_CURRENT,v0.38,483,483,2024-09-02,2026-08-31,NO,NO,CSV_UNIQUE_ONLY,YES,YES,PASS_BAR_QA,PASS_STRICT_CANDIDATE,NO
WS:XSHG:688111,688111.SS,PASS_HISTORY_CURRENT,v0.38,483,483,2024-09-02,2026-08-31,NO,NO,CSV_UNIQUE_ONLY,YES,YES,PASS_BAR_QA,PASS_STRICT_CANDIDATE,NO
WS:XSHG:688126,688126.SS,PASS_HISTORY_CURRENT,v0.38,483,483,2024-09-02,2026-08-31,NO,NO,CSV_UNIQUE_ONLY,YES,YES,PASS_BAR_QA,PASS_STRICT_CANDIDATE,NO
WS:XSHG:688183,688183.SS,PASS_HISTORY_CURRENT,v0.38,483,483,2024-09-02,2026-08-31,NO,NO,CSV_UNIQUE_ONLY,YES,YES,PASS_BAR_QA,PASS_STRICT_CANDIDATE,NO
WS:XSHG:688223,688223.SS,PASS_HISTORY_CURRENT,v0.38,483,483,2024-09-02,2026-08-31,NO,NO,CSV_UNIQUE_ONLY,YES,YES,PASS_BAR_QA,PASS_STRICT_CANDIDATE,NO
WS:XSHG:688256,688256.SS,PASS_HISTORY_CURRENT,v0.38,483,483,2024-09-02,2026-08-31,NO,NO,CSV_UNIQUE_ONLY,YES,YES,PASS_BAR_QA,PASS_STRICT_CANDIDATE,NO
WS:XSHG:688271,688271.SS,PASS_HISTORY_CURRENT,v0.38,483,483,2024-09-02,2026-08-31,NO,NO,CSV_UNIQUE_ONLY,YES,YES,PASS_BAR_QA,PASS_STRICT_CANDIDATE,NO
WS:XSHG:688303,688303.SS,PASS_HISTORY_CURRENT,v0.38,483,483,2024-09-02,2026-08-31,NO,NO,CSV_UNIQUE_ONLY,YES,YES,PASS_BAR_QA,PASS_STRICT_CANDIDATE,NO
WS:XSHG:688396,688396.SS,PASS_HISTORY_CURRENT,v0.38,483,483,2024-09-02,2026-08-31,NO,NO,CSV_UNIQUE_ONLY,YES,YES,PASS_BAR_QA,PASS_STRICT_CANDIDATE,NO
WS:XSHG:688472,688472.SS,PASS_HISTORY_CURRENT,v0.38,483,483,2024-09-02,2026-08-31,NO,NO,CSV_UNIQUE_ONLY,YES,YES,PASS_BAR_QA,PASS_STRICT_CANDIDATE,NO
WS:XSHG:688506,688506.SS,PASS_HISTORY_CURRENT,v0.38,483,483,2024-09-02,2026-08-31,NO,NO,CSV_UNIQUE_ONLY,YES,YES,PASS_BAR_QA,PASS_STRICT_CANDIDATE,NO
WS:XSHG:688521,688521.SS,PASS_HISTORY_CURRENT,v0.38,483,483,2024-09-02,2026-08-31,NO,NO,CSV_UNIQUE_ONLY,YES,YES,PASS_BAR_QA,PASS_STRICT_CANDIDATE,NO
WS:XSHG:688981,688981.SS,PASS_HISTORY_CURRENT,v0.38,483,483,2024-09-02,2026-08-31,NO,NO,CSV_UNIQUE_ONLY,YES,YES,PASS_BAR_QA,PASS_STRICT_CANDIDATE,NO
WS:XSTO:AAK.ST,AAK.ST,PASS_HISTORY_CURRENT,v0.38,498,497,2024-09-02,2026-08-28,NO,NO,CSV_UNIQUE_ONLY,YES,YES,PASS_BAR_QA,INSTRUMENT_REVIEW,NO
WS:XSTO:ADDTB.ST,ADDT-B.ST,PASS_HISTORY_CURRENT,v0.47,500,500,2024-09-04,2026-09-04,NO,NO,SQLITE,YES,YES,PASS_BAR_QA,LOW_LIQUIDITY_EXCEPTION,YES
WS:XSTO:ALFA.ST,ALFA.ST,PASS_HISTORY_CURRENT,v0.38,498,497,2024-09-02,2026-08-28,NO,NO,CSV_UNIQUE_ONLY,YES,YES,PASS_BAR_QA,INSTRUMENT_REVIEW,NO
WS:XSTO:ASSAB.ST,ASSA-B.ST,PASS_HISTORY_CURRENT,v0.47,500,500,2024-09-04,2026-09-04,NO,NO,SQLITE,YES,YES,PASS_BAR_QA,PASS_STRICT_CANDIDATE,YES
WS:XSTO:ATCOA.ST,ATCO-A.ST,PASS_HISTORY_CURRENT,v0.47,500,500,2024-09-04,2026-09-04,NO,NO,SQLITE,YES,YES,PASS_BAR_QA,PASS_STRICT_CANDIDATE,YES
WS:XSTO:AVANZ.ST,AZA.ST,PASS_HISTORY_CURRENT,v0.47,500,500,2024-09-04,2026-09-04,NO,NO,SQLITE,YES,YES,PASS_BAR_QA,LOW_LIQUIDITY_EXCEPTION,YES
WS:XSTO:AXFO.ST,AXFO.ST,PASS_HISTORY_CURRENT,v0.38,498,497,2024-09-02,2026-08-28,NO,NO,CSV_UNIQUE_ONLY,YES,YES,PASS_BAR_QA,INSTRUMENT_REVIEW,NO
WS:XSTO:BALDB.ST,BALD-B.ST,PASS_HISTORY_CURRENT,v0.47,500,500,2024-09-04,2026-09-04,NO,NO,SQLITE,YES,YES,PASS_BAR_QA,LOW_LIQUIDITY_EXCEPTION,YES
WS:XSTO:BEIJB.ST,BEIJ-B.ST,PASS_HISTORY_CURRENT,v0.47,500,500,2024-09-04,2026-09-04,NO,NO,SQLITE,YES,YES,PASS_BAR_QA,LOW_LIQUIDITY_EXCEPTION,YES
WS:XSTO:BOL.ST,BOL.ST,PASS_HISTORY_CURRENT,v0.38,498,497,2024-09-02,2026-08-28,NO,NO,CSV_UNIQUE_ONLY,YES,YES,PASS_BAR_QA,INSTRUMENT_REVIEW,NO
WS:XSTO:CAST.ST,CAST.ST,PASS_HISTORY_CURRENT,v0.38,498,497,2024-09-02,2026-08-28,NO,NO,CSV_UNIQUE_ONLY,YES,YES,PASS_BAR_QA,INSTRUMENT_REVIEW,NO
WS:XSTO:EPIRA.ST,EPI-A.ST,PASS_HISTORY_CURRENT,v0.47,500,500,2024-09-04,2026-09-04,NO,NO,SQLITE,YES,YES,PASS_BAR_QA,PASS_STRICT_CANDIDATE,YES
WS:XSTO:EQTAB.ST,EQT.ST,PASS_HISTORY_CURRENT,v0.38,498,497,2024-09-02,2026-08-28,NO,NO,CSV_UNIQUE_ONLY,YES,YES,PASS_BAR_QA,INSTRUMENT_REVIEW,NO
WS:XSTO:ERICB.ST,ERIC-B.ST,PASS_HISTORY_CURRENT,v0.47,500,500,2024-09-04,2026-09-04,NO,NO,SQLITE,YES,YES,PASS_BAR_QA,PASS_STRICT_CANDIDATE,YES
WS:XSTO:ESSITYB.ST,ESSITY-B.ST,PASS_HISTORY_CURRENT,v0.47,500,500,2024-09-04,2026-09-04,NO,NO,SQLITE,YES,YES,PASS_BAR_QA,PASS_STRICT_CANDIDATE,YES
WS:XSTO:EVOG.ST,EVO.ST,PASS_HISTORY_CURRENT,v0.47,500,500,2024-09-04,2026-09-04,NO,NO,SQLITE,YES,YES,PASS_BAR_QA,PASS_STRICT_CANDIDATE,YES
WS:XSTO:GETIB.ST,GETI-B.ST,PASS_HISTORY_CURRENT,v0.47,500,500,2024-09-04,2026-09-04,NO,NO,SQLITE,YES,YES,PASS_BAR_QA,LOW_LIQUIDITY_EXCEPTION,YES
WS:XSTO:HEXAB.ST,HEXA-B.ST,PASS_HISTORY_CURRENT,v0.47,500,500,2024-09-04,2026-09-04,NO,NO,SQLITE,YES,YES,PASS_BAR_QA,PASS_STRICT_CANDIDATE,YES
WS:XSTO:HMB.ST,HM-B.ST,PASS_HISTORY_CURRENT,v0.47,500,500,2024-09-04,2026-09-04,NO,NO,SQLITE,YES,YES,PASS_BAR_QA,PASS_STRICT_CANDIDATE,YES
WS:XSTO:HOLMB.ST,HOLM-B.ST,PASS_HISTORY_CURRENT,v0.47,500,500,2024-09-04,2026-09-04,NO,NO,SQLITE,YES,YES,PASS_BAR_QA,FAIL_LIQUIDITY,YES
WS:XSTO:INDT.ST,INDT.ST,PASS_HISTORY_CURRENT,v0.38,498,497,2024-09-02,2026-08-28,NO,NO,CSV_UNIQUE_ONLY,YES,YES,PASS_BAR_QA,INSTRUMENT_REVIEW,NO
WS:XSTO:INDUC.ST,INDU-C.ST,PASS_HISTORY_CURRENT,v0.47,500,500,2024-09-04,2026-09-04,NO,NO,SQLITE,YES,YES,PASS_BAR_QA,INSTRUMENT_REVIEW,YES
WS:XSTO:INVEB.ST,INVE-B.ST,PASS_HISTORY_CURRENT,v0.47,500,500,2024-09-04,2026-09-04,NO,NO,SQLITE,YES,YES,PASS_BAR_QA,PASS_STRICT_CANDIDATE,YES
WS:XSTO:LAGRB.ST,LAGR-B.ST,PASS_HISTORY_CURRENT,v0.47,500,500,2024-09-04,2026-09-04,NO,NO,SQLITE,YES,YES,PASS_BAR_QA,FAIL_LIQUIDITY,YES
WS:XSTO:LATOB.ST,LATO-B.ST,PASS_HISTORY_CURRENT,v0.47,500,500,2024-09-04,2026-09-04,NO,NO,SQLITE,YES,YES,PASS_BAR_QA,LOW_LIQUIDITY_EXCEPTION,YES
WS:XSTO:LIFCOB.ST,LIFCO-B.ST,PASS_HISTORY_CURRENT,v0.47,500,500,2024-09-04,2026-09-04,NO,NO,SQLITE,YES,YES,PASS_BAR_QA,LOW_LIQUIDITY_EXCEPTION,YES
WS:XSTO:LOOMIS.ST,LOOMIS.ST,PASS_HISTORY_CURRENT,v0.38,498,497,2024-09-02,2026-08-28,NO,NO,CSV_UNIQUE_ONLY,YES,YES,PASS_BAR_QA,INSTRUMENT_REVIEW,NO
WS:XSTO:LUNDB.ST,LUND-B.ST,PASS_HISTORY_CURRENT,v0.47,500,500,2024-09-04,2026-09-04,NO,NO,SQLITE,YES,YES,PASS_BAR_QA,LOW_LIQUIDITY_EXCEPTION,YES
WS:XSTO:MYCR.ST,MYCR.ST,PASS_HISTORY_CURRENT,v0.38,498,497,2024-09-02,2026-08-28,NO,NO,CSV_UNIQUE_ONLY,YES,YES,PASS_BAR_QA,INSTRUMENT_REVIEW,NO
WS:XSTO:NIBEB.ST,NIBE-B.ST,PASS_HISTORY_CURRENT,v0.47,500,500,2024-09-04,2026-09-04,NO,NO,SQLITE,YES,YES,PASS_BAR_QA,PASS_STRICT_CANDIDATE,YES
WS:XSTO:OCTVSDB.ST,OCTV-SDB.ST,INSUFFICIENT_HISTORY,v0.47,74,74,2026-05-25,2026-09-04,NO,NO,SQLITE,NO,NO,FAIL_LT_260+LT_252,INSUFFICIENT_HISTORY,YES
WS:XSTO:SAABB.ST,SAAB-B.ST,PASS_HISTORY_CURRENT,v0.47,500,500,2024-09-04,2026-09-04,NO,NO,SQLITE,YES,YES,PASS_BAR_QA,PASS_STRICT_CANDIDATE,YES
WS:XSTO:SAGAB.ST,SAGA-B.ST,PASS_HISTORY_CURRENT,v0.47,500,500,2024-09-04,2026-09-04,NO,NO,SQLITE,YES,YES,PASS_BAR_QA,LOW_LIQUIDITY_EXCEPTION,YES
WS:XSTO:SAND.ST,SAND.ST,PASS_HISTORY_CURRENT,v0.38,498,497,2024-09-02,2026-08-28,NO,NO,CSV_UNIQUE_ONLY,YES,YES,PASS_BAR_QA,INSTRUMENT_REVIEW,NO
WS:XSTO:SAVE.ST,SAVE.ST,PASS_HISTORY_CURRENT,v0.38,498,497,2024-09-02,2026-08-28,NO,NO,CSV_UNIQUE_ONLY,YES,YES,PASS_BAR_QA,INSTRUMENT_REVIEW,NO
WS:XSTO:SCAB.ST,SCA-B.ST,PASS_HISTORY_CURRENT,v0.47,500,500,2024-09-04,2026-09-04,NO,NO,SQLITE,YES,YES,PASS_BAR_QA,LOW_LIQUIDITY_EXCEPTION,YES
WS:XSTO:SEBA.ST,SEB-A.ST,PASS_HISTORY_CURRENT,v0.47,500,500,2024-09-04,2026-09-04,NO,NO,SQLITE,YES,YES,PASS_BAR_QA,PASS_STRICT_CANDIDATE,YES
WS:XSTO:SECTB.ST,SECT-B.ST,PASS_HISTORY_CURRENT,v0.47,500,500,2024-09-04,2026-09-04,NO,NO,SQLITE,YES,YES,PASS_BAR_QA,FAIL_LIQUIDITY,YES
WS:XSTO:SECUB.ST,SECU-B.ST,PASS_HISTORY_CURRENT,v0.47,500,500,2024-09-04,2026-09-04,NO,NO,SQLITE,YES,YES,PASS_BAR_QA,LOW_LIQUIDITY_EXCEPTION,YES
WS:XSTO:SHBA.ST,SHB-A.ST,PASS_HISTORY_CURRENT,v0.47,500,500,2024-09-04,2026-09-04,NO,NO,SQLITE,YES,YES,PASS_BAR_QA,PASS_STRICT_CANDIDATE,YES
WS:XSTO:SKAB.ST,SKA-B.ST,PASS_HISTORY_CURRENT,v0.47,500,500,2024-09-04,2026-09-04,NO,NO,SQLITE,YES,YES,PASS_BAR_QA,LOW_LIQUIDITY_EXCEPTION,YES
WS:XSTO:SKFB.ST,SKF-B.ST,PASS_HISTORY_CURRENT,v0.47,500,500,2024-09-04,2026-09-04,NO,NO,SQLITE,YES,YES,PASS_BAR_QA,PASS_STRICT_CANDIDATE,YES
WS:XSTO:SOBIV.ST,SOBI.ST,PASS_HISTORY_CURRENT,v0.47,500,500,2024-09-04,2026-09-04,NO,NO,SQLITE,YES,YES,PASS_BAR_QA,LOW_LIQUIDITY_EXCEPTION,YES
WS:XSTO:SSABB.ST,SSAB-B.ST,PASS_HISTORY_CURRENT,v0.47,500,500,2024-09-04,2026-09-04,NO,NO,SQLITE,YES,YES,PASS_BAR_QA,PASS_STRICT_CANDIDATE,YES
WS:XSTO:SWECB.ST,SWEC-B.ST,PASS_HISTORY_CURRENT,v0.47,500,500,2024-09-04,2026-09-04,NO,NO,SQLITE,YES,YES,PASS_BAR_QA,FAIL_LIQUIDITY,YES
WS:XSTO:SWEDA.ST,SWED-A.ST,PASS_HISTORY_CURRENT,v0.47,500,500,2024-09-04,2026-09-04,NO,NO,SQLITE,YES,YES,PASS_BAR_QA,PASS_STRICT_CANDIDATE,YES
WS:XSTO:TEL2B.ST,TEL2-B.ST,PASS_HISTORY_CURRENT,v0.47,500,500,2024-09-04,2026-09-04,NO,NO,SQLITE,YES,YES,PASS_BAR_QA,PASS_STRICT_CANDIDATE,YES
WS:XSTO:TELIA.ST,TELIA.ST,PASS_HISTORY_CURRENT,v0.38,498,497,2024-09-02,2026-08-28,NO,NO,CSV_UNIQUE_ONLY,YES,YES,PASS_BAR_QA,INSTRUMENT_REVIEW,NO
WS:XSTO:THULE.ST,THULE.ST,PASS_HISTORY_CURRENT,v0.38,498,497,2024-09-02,2026-08-28,NO,NO,CSV_UNIQUE_ONLY,YES,YES,PASS_BAR_QA,INSTRUMENT_REVIEW,NO
WS:XSTO:TRELB.ST,TREL-B.ST,PASS_HISTORY_CURRENT,v0.47,500,500,2024-09-04,2026-09-04,NO,NO,SQLITE,YES,YES,PASS_BAR_QA,LOW_LIQUIDITY_EXCEPTION,YES
WS:XSTO:VOLVB.ST,VOLV-B.ST,PASS_HISTORY_CURRENT,v0.47,500,500,2024-09-04,2026-09-04,NO,NO,SQLITE,YES,YES,PASS_BAR_QA,PASS_STRICT_CANDIDATE,YES
WS:XSTO:VSURE.ST,VSURE.ST,INSUFFICIENT_HISTORY,v0.38,1,1,2026-08-31,2026-08-31,NO,NO,CSV_UNIQUE_ONLY,NO,NO,FAIL_LT_260+LT_252,INSUFFICIENT_HISTORY,NO
WS:XSTO:WIHL.ST,WIHL.ST,PASS_HISTORY_CURRENT,v0.38,498,497,2024-09-02,2026-08-28,NO,NO,CSV_UNIQUE_ONLY,YES,YES,PASS_BAR_QA,INSTRUMENT_REVIEW,NO
WS:XSWX:ABBN.S,ABBN.SW,PASS_HISTORY_CURRENT,v0.38,498,497,2024-09-02,2026-08-28,NO,NO,CSV_UNIQUE_ONLY,YES,YES,PASS_BAR_QA,INSTRUMENT_REVIEW,NO
WS:XSWX:ACLN.S,ACLN.SW,PASS_HISTORY_CURRENT,v0.38,498,498,2024-09-02,2026-08-31,NO,NO,CSV_UNIQUE_ONLY,YES,YES,PASS_BAR_QA,INSTRUMENT_REVIEW,NO
WS:XSWX:ADEN.S,ADEN.SW,PASS_HISTORY_CURRENT,v0.38,498,497,2024-09-02,2026-08-28,NO,NO,CSV_UNIQUE_ONLY,YES,YES,PASS_BAR_QA,INSTRUMENT_REVIEW,NO
WS:XSWX:ALCC.S,ALC.SW,PASS_HISTORY_CURRENT,v0.47,500,500,2024-09-04,2026-09-04,NO,NO,SQLITE,YES,YES,PASS_BAR_QA,INSTRUMENT_REVIEW,YES
WS:XSWX:ALLN.S,ALLN.SW,PASS_HISTORY_CURRENT,v0.38,498,497,2024-09-02,2026-08-28,NO,NO,CSV_UNIQUE_ONLY,YES,YES,PASS_BAR_QA,INSTRUMENT_REVIEW,NO
WS:XSWX:AVOL.S,AVOL.SW,PASS_HISTORY_CURRENT,v0.38,498,497,2024-09-02,2026-08-28,NO,NO,CSV_UNIQUE_ONLY,YES,YES,PASS_BAR_QA,INSTRUMENT_REVIEW,NO
WS:XSWX:BAER.S,BAER.SW,PASS_HISTORY_CURRENT,v0.38,498,497,2024-09-02,2026-08-28,NO,NO,CSV_UNIQUE_ONLY,YES,YES,PASS_BAR_QA,INSTRUMENT_REVIEW,NO
WS:XSWX:BARN.S,BARN.SW,PASS_HISTORY_CURRENT,v0.38,498,497,2024-09-02,2026-08-28,NO,NO,CSV_UNIQUE_ONLY,YES,YES,PASS_BAR_QA,INSTRUMENT_REVIEW,NO
WS:XSWX:BCVN.S,BCVN.SW,PASS_HISTORY_CURRENT,v0.38,498,497,2024-09-02,2026-08-28,NO,NO,CSV_UNIQUE_ONLY,YES,YES,PASS_BAR_QA,INSTRUMENT_REVIEW,NO
WS:XSWX:BEAN.S,BEAN.SW,PASS_HISTORY_CURRENT,v0.38,498,497,2024-09-02,2026-08-28,NO,NO,CSV_UNIQUE_ONLY,YES,YES,PASS_BAR_QA,INSTRUMENT_REVIEW,NO
WS:XSWX:BKWB.S,BKW.SW,PASS_HISTORY_CURRENT,v0.47,500,500,2024-09-04,2026-09-04,NO,NO,SQLITE,YES,YES,PASS_BAR_QA,INSTRUMENT_REVIEW,YES
WS:XSWX:BUCN.S,BUCN.SW,PASS_HISTORY_CURRENT,v0.38,498,497,2024-09-02,2026-08-28,NO,NO,CSV_UNIQUE_ONLY,YES,YES,PASS_BAR_QA,INSTRUMENT_REVIEW,NO
WS:XSWX:CFR.S,CFR.SW,PASS_HISTORY_CURRENT,v0.38,498,497,2024-09-02,2026-08-28,NO,NO,CSV_UNIQUE_ONLY,YES,YES,PASS_BAR_QA,INSTRUMENT_REVIEW,NO
WS:XSWX:CMBN.S,CMBN.SW,PASS_HISTORY_CURRENT,v0.38,498,497,2024-09-02,2026-08-28,NO,NO,CSV_UNIQUE_ONLY,YES,YES,PASS_BAR_QA,INSTRUMENT_REVIEW,NO
WS:XSWX:COTNE.S,COTN.SW,PASS_HISTORY_CURRENT,v0.47,500,500,2024-09-04,2026-09-04,NO,NO,SQLITE,YES,YES,PASS_BAR_QA,INSTRUMENT_REVIEW,YES
WS:XSWX:DKSH.S,DKSH.SW,PASS_HISTORY_CURRENT,v0.38,498,497,2024-09-02,2026-08-28,NO,NO,CSV_UNIQUE_ONLY,YES,YES,PASS_BAR_QA,INSTRUMENT_REVIEW,NO
WS:XSWX:EMSN.S,EMSN.SW,PASS_HISTORY_CURRENT,v0.38,498,497,2024-09-02,2026-08-28,NO,NO,CSV_UNIQUE_ONLY,YES,YES,PASS_BAR_QA,INSTRUMENT_REVIEW,NO
WS:XSWX:FHZN.S,FHZN.SW,PASS_HISTORY_CURRENT,v0.38,498,497,2024-09-02,2026-08-28,NO,NO,CSV_UNIQUE_ONLY,YES,YES,PASS_BAR_QA,INSTRUMENT_REVIEW,NO
WS:XSWX:GALD.S,GALD.SW,PASS_HISTORY_CURRENT,v0.38,498,497,2024-09-02,2026-08-28,NO,NO,CSV_UNIQUE_ONLY,YES,YES,PASS_BAR_QA,INSTRUMENT_REVIEW,NO
WS:XSWX:GALE.S,GALE.SW,PASS_HISTORY_CURRENT,v0.38,498,497,2024-09-02,2026-08-28,NO,NO,CSV_UNIQUE_ONLY,YES,YES,PASS_BAR_QA,INSTRUMENT_REVIEW,NO
WS:XSWX:GEBN.S,GEBN.SW,PASS_HISTORY_CURRENT,v0.38,498,497,2024-09-02,2026-08-28,NO,NO,CSV_UNIQUE_ONLY,YES,YES,PASS_BAR_QA,INSTRUMENT_REVIEW,NO
WS:XSWX:GF.S,GF.SW,PASS_HISTORY_CURRENT,v0.38,498,498,2024-09-02,2026-08-31,NO,NO,CSV_UNIQUE_ONLY,YES,YES,PASS_BAR_QA,INSTRUMENT_REVIEW,NO
WS:XSWX:GIVN.S,GIVN.SW,PASS_HISTORY_CURRENT,v0.38,498,497,2024-09-02,2026-08-28,NO,NO,CSV_UNIQUE_ONLY,YES,YES,PASS_BAR_QA,INSTRUMENT_REVIEW,NO
WS:XSWX:HBANC.S,HBAN.SW,PASS_HISTORY_CURRENT,v0.47,500,500,2024-09-04,2026-09-04,NO,NO,SQLITE,YES,YES,PASS_BAR_QA,INSTRUMENT_REVIEW,YES
WS:XSWX:HOLN.S,HOLN.SW,PASS_HISTORY_CURRENT,v0.38,498,497,2024-09-02,2026-08-28,NO,NO,CSV_UNIQUE_ONLY,YES,YES,PASS_BAR_QA,INSTRUMENT_REVIEW,NO
WS:XSWX:HUBN.S,HUBN.SW,PASS_HISTORY_CURRENT,v0.38,498,497,2024-09-02,2026-08-28,NO,NO,CSV_UNIQUE_ONLY,YES,YES,PASS_BAR_QA,INSTRUMENT_REVIEW,NO
WS:XSWX:IFCN.S,IFCN.SW,PASS_HISTORY_CURRENT,v0.38,498,497,2024-09-02,2026-08-28,NO,NO,CSV_UNIQUE_ONLY,YES,YES,PASS_BAR_QA,INSTRUMENT_REVIEW,NO
WS:XSWX:KNIN.S,KNIN.SW,PASS_HISTORY_CURRENT,v0.38,498,497,2024-09-02,2026-08-28,NO,NO,CSV_UNIQUE_ONLY,YES,YES,PASS_BAR_QA,INSTRUMENT_REVIEW,NO
WS:XSWX:LISP.S,LISP.SW,PASS_HISTORY_CURRENT,v0.38,498,497,2024-09-02,2026-08-28,NO,NO,CSV_UNIQUE_ONLY,YES,YES,PASS_BAR_QA,INSTRUMENT_REVIEW,NO
WS:XSWX:LOGN.S,LOGN.SW,PASS_HISTORY_CURRENT,v0.38,498,497,2024-09-02,2026-08-28,NO,NO,CSV_UNIQUE_ONLY,YES,YES,PASS_BAR_QA,INSTRUMENT_REVIEW,NO
WS:XSWX:LONN.S,LONN.SW,PASS_HISTORY_CURRENT,v0.38,498,497,2024-09-02,2026-08-28,NO,NO,CSV_UNIQUE_ONLY,YES,YES,PASS_BAR_QA,INSTRUMENT_REVIEW,NO
WS:XSWX:MOBN.S,MOBN.SW,PASS_HISTORY_CURRENT,v0.38,498,497,2024-09-02,2026-08-28,NO,NO,CSV_UNIQUE_ONLY,YES,YES,PASS_BAR_QA,INSTRUMENT_REVIEW,NO
WS:XSWX:NESN.S,NESN.SW,PASS_HISTORY_CURRENT,v0.38,498,497,2024-09-02,2026-08-28,NO,NO,CSV_UNIQUE_ONLY,YES,YES,PASS_BAR_QA,INSTRUMENT_REVIEW,NO
WS:XSWX:NOVN.S,NOVN.SW,PASS_HISTORY_CURRENT,v0.38,498,497,2024-09-02,2026-08-28,NO,NO,CSV_UNIQUE_ONLY,YES,YES,PASS_BAR_QA,INSTRUMENT_REVIEW,NO
WS:XSWX:PGHN.S,PGHN.SW,PASS_HISTORY_CURRENT,v0.38,498,497,2024-09-02,2026-08-28,NO,NO,CSV_UNIQUE_ONLY,YES,YES,PASS_BAR_QA,INSTRUMENT_REVIEW,NO
WS:XSWX:PSPN.S,PSPN.SW,PASS_HISTORY_CURRENT,v0.38,498,497,2024-09-02,2026-08-28,NO,NO,CSV_UNIQUE_ONLY,YES,YES,PASS_BAR_QA,INSTRUMENT_REVIEW,NO
WS:XSWX:ROPC.S,ROP.SW,PASS_HISTORY_CURRENT,v0.47,500,500,2024-09-04,2026-09-04,NO,NO,SQLITE,YES,YES,PASS_BAR_QA,INSTRUMENT_REVIEW,YES
WS:XSWX:SCHP.S,SCHP.SW,PASS_HISTORY_CURRENT,v0.38,498,497,2024-09-02,2026-08-28,NO,NO,CSV_UNIQUE_ONLY,YES,YES,PASS_BAR_QA,INSTRUMENT_REVIEW,NO
WS:XSWX:SCMN.S,SCMN.SW,PASS_HISTORY_CURRENT,v0.38,498,497,2024-09-02,2026-08-28,NO,NO,CSV_UNIQUE_ONLY,YES,YES,PASS_BAR_QA,INSTRUMENT_REVIEW,NO
WS:XSWX:SDZ.S,SDZ.SW,PASS_HISTORY_CURRENT,v0.38,498,498,2024-09-02,2026-08-31,NO,NO,CSV_UNIQUE_ONLY,YES,YES,PASS_BAR_QA,INSTRUMENT_REVIEW,NO
WS:XSWX:SFSN.S,SFSN.SW,PASS_HISTORY_CURRENT,v0.38,498,497,2024-09-02,2026-08-28,NO,NO,CSV_UNIQUE_ONLY,YES,YES,PASS_BAR_QA,INSTRUMENT_REVIEW,NO
WS:XSWX:SFZN.S,SFZN.SW,PASS_HISTORY_CURRENT,v0.38,498,497,2024-09-02,2026-08-28,NO,NO,CSV_UNIQUE_ONLY,YES,YES,PASS_BAR_QA,INSTRUMENT_REVIEW,NO
WS:XSWX:SGSN.S,SGSN.SW,PASS_HISTORY_CURRENT,v0.38,498,497,2024-09-02,2026-08-28,NO,NO,CSV_UNIQUE_ONLY,YES,YES,PASS_BAR_QA,INSTRUMENT_REVIEW,NO
WS:XSWX:SIGNC.S,SIGN.SW,PASS_HISTORY_CURRENT,v0.47,500,500,2024-09-04,2026-09-04,NO,NO,SQLITE,YES,YES,PASS_BAR_QA,INSTRUMENT_REVIEW,YES
WS:XSWX:SIKA.S,SIKA.SW,PASS_HISTORY_CURRENT,v0.38,498,497,2024-09-02,2026-08-28,NO,NO,CSV_UNIQUE_ONLY,YES,YES,PASS_BAR_QA,INSTRUMENT_REVIEW,NO
WS:XSWX:SLHN.S,SLHN.SW,PASS_HISTORY_CURRENT,v0.38,498,497,2024-09-02,2026-08-28,NO,NO,CSV_UNIQUE_ONLY,YES,YES,PASS_BAR_QA,INSTRUMENT_REVIEW,NO
WS:XSWX:SOON.S,SOON.SW,PASS_HISTORY_CURRENT,v0.38,498,497,2024-09-02,2026-08-28,NO,NO,CSV_UNIQUE_ONLY,YES,YES,PASS_BAR_QA,INSTRUMENT_REVIEW,NO
WS:XSWX:SPSN.S,SPSN.SW,PASS_HISTORY_CURRENT,v0.38,498,497,2024-09-02,2026-08-28,NO,NO,CSV_UNIQUE_ONLY,YES,YES,PASS_BAR_QA,INSTRUMENT_REVIEW,NO
WS:XSWX:SQN.S,SQN.SW,PASS_HISTORY_CURRENT,v0.38,498,497,2024-09-02,2026-08-28,NO,NO,CSV_UNIQUE_ONLY,YES,YES,PASS_BAR_QA,INSTRUMENT_REVIEW,NO
WS:XSWX:SRENH.S,SREN.SW,PASS_HISTORY_CURRENT,v0.47,500,500,2024-09-04,2026-09-04,NO,NO,SQLITE,YES,YES,PASS_BAR_QA,INSTRUMENT_REVIEW,YES
WS:XSWX:STMN.S,STMN.SW,PASS_HISTORY_CURRENT,v0.38,498,497,2024-09-02,2026-08-28,NO,NO,CSV_UNIQUE_ONLY,YES,YES,PASS_BAR_QA,INSTRUMENT_REVIEW,NO
WS:XSWX:SUN.S,SUN.SW,PASS_HISTORY_CURRENT,v0.38,498,497,2024-09-02,2026-08-28,NO,NO,CSV_UNIQUE_ONLY,YES,YES,PASS_BAR_QA,INSTRUMENT_REVIEW,NO
WS:XSWX:SUNN.S,SUNN.SW,PASS_HISTORY_CURRENT,v0.38,445,444,2024-11-14,2026-08-28,NO,NO,CSV_UNIQUE_ONLY,YES,YES,PASS_BAR_QA,INSTRUMENT_REVIEW,NO
WS:XSWX:TEMN.S,TEMN.SW,PASS_HISTORY_CURRENT,v0.38,498,497,2024-09-02,2026-08-28,NO,NO,CSV_UNIQUE_ONLY,YES,YES,PASS_BAR_QA,INSTRUMENT_REVIEW,NO
WS:XSWX:UBSG.S,UBSG.SW,PASS_HISTORY_CURRENT,v0.38,498,497,2024-09-02,2026-08-28,NO,NO,CSV_UNIQUE_ONLY,YES,YES,PASS_BAR_QA,INSTRUMENT_REVIEW,NO
WS:XSWX:UHR.S,UHR.SW,PASS_HISTORY_CURRENT,v0.38,498,497,2024-09-02,2026-08-28,NO,NO,CSV_UNIQUE_ONLY,YES,YES,PASS_BAR_QA,INSTRUMENT_REVIEW,NO
WS:XSWX:VACN.S,VACN.SW,PASS_HISTORY_CURRENT,v0.38,498,498,2024-09-02,2026-08-31,NO,NO,CSV_UNIQUE_ONLY,YES,YES,PASS_BAR_QA,INSTRUMENT_REVIEW,NO
WS:XSWX:VATN.S,VATN.SW,PASS_HISTORY_CURRENT,v0.38,498,497,2024-09-02,2026-08-28,NO,NO,CSV_UNIQUE_ONLY,YES,YES,PASS_BAR_QA,INSTRUMENT_REVIEW,NO
WS:XSWX:VZN.S,VZN.SW,PASS_HISTORY_CURRENT,v0.38,498,497,2024-09-02,2026-08-28,NO,NO,CSV_UNIQUE_ONLY,YES,YES,PASS_BAR_QA,INSTRUMENT_REVIEW,NO
WS:XSWX:ZURN.S,ZURN.SW,PASS_HISTORY_CURRENT,v0.38,498,498,2024-09-02,2026-08-31,NO,NO,CSV_UNIQUE_ONLY,YES,YES,PASS_BAR_QA,INSTRUMENT_REVIEW,NO
WS:XTAI:3711,3711.TW,PASS_HISTORY_CURRENT,v0.38,484,484,2024-09-02,2026-08-31,NO,NO,CSV_UNIQUE_ONLY,YES,YES,PASS_BAR_QA,PASS_STRICT_CANDIDATE,NO
WS:XTAI:6669,6669.TW,PASS_HISTORY_CURRENT,v0.38,484,484,2024-09-02,2026-08-31,NO,NO,CSV_UNIQUE_ONLY,YES,YES,PASS_BAR_QA,PASS_STRICT_CANDIDATE,NO
WS:XTAI:7769,7769.TW,PASS_HISTORY_CURRENT,v0.38,445,445,2024-11-01,2026-08-31,NO,NO,CSV_UNIQUE_ONLY,YES,YES,PASS_BAR_QA,PASS_STRICT_CANDIDATE,NO
WS:XTKS:1332,1332.T,PASS_HISTORY_CURRENT,v0.38,486,486,2024-09-02,2026-08-31,NO,NO,CSV_UNIQUE_ONLY,YES,YES,PASS_BAR_QA,LOW_LIQUIDITY_EXCEPTION,NO
WS:XTKS:1605,1605.T,PASS_HISTORY_CURRENT,v0.38,486,486,2024-09-02,2026-08-31,NO,NO,CSV_UNIQUE_ONLY,YES,YES,PASS_BAR_QA,PASS_STRICT_CANDIDATE,NO
WS:XTKS:1721,1721.T,PASS_HISTORY_CURRENT,v0.38,486,486,2024-09-02,2026-08-31,NO,NO,CSV_UNIQUE_ONLY,YES,YES,PASS_BAR_QA,LOW_LIQUIDITY_EXCEPTION,NO
WS:XTKS:1801,1801.T,PASS_HISTORY_CURRENT,v0.38,486,486,2024-09-02,2026-08-31,NO,NO,CSV_UNIQUE_ONLY,YES,YES,PASS_BAR_QA,PASS_STRICT_CANDIDATE,NO
WS:XTKS:1802,1802.T,PASS_HISTORY_CURRENT,v0.38,486,486,2024-09-02,2026-08-31,NO,NO,CSV_UNIQUE_ONLY,YES,YES,PASS_BAR_QA,PASS_STRICT_CANDIDATE,NO
WS:XTKS:1803,1803.T,PASS_HISTORY_CURRENT,v0.38,486,486,2024-09-02,2026-08-31,NO,NO,CSV_UNIQUE_ONLY,YES,YES,PASS_BAR_QA,PASS_STRICT_CANDIDATE,NO
WS:XTKS:1808,1808.T,PASS_HISTORY_CURRENT,v0.38,486,486,2024-09-02,2026-08-31,NO,NO,CSV_UNIQUE_ONLY,YES,YES,PASS_BAR_QA,LOW_LIQUIDITY_EXCEPTION,NO
WS:XTKS:1812,1812.T,PASS_HISTORY_CURRENT,v0.38,486,486,2024-09-02,2026-08-31,NO,NO,CSV_UNIQUE_ONLY,YES,YES,PASS_BAR_QA,PASS_STRICT_CANDIDATE,NO
WS:XTKS:1925,1925.T,PASS_HISTORY_CURRENT,v0.38,486,486,2024-09-02,2026-08-31,NO,NO,CSV_UNIQUE_ONLY,YES,YES,PASS_BAR_QA,PASS_STRICT_CANDIDATE,NO
WS:XTKS:1928,1928.T,PASS_HISTORY_CURRENT,v0.38,486,486,2024-09-02,2026-08-31,NO,NO,CSV_UNIQUE_ONLY,YES,YES,PASS_BAR_QA,PASS_STRICT_CANDIDATE,NO
WS:XTKS:1963,1963.T,PASS_HISTORY_CURRENT,v0.38,486,486,2024-09-02,2026-08-31,NO,NO,CSV_UNIQUE_ONLY,YES,YES,PASS_BAR_QA,PASS_STRICT_CANDIDATE,NO
WS:XTKS:2002,2002.T,PASS_HISTORY_CURRENT,v0.38,486,486,2024-09-02,2026-08-31,NO,NO,CSV_UNIQUE_ONLY,YES,YES,PASS_BAR_QA,LOW_LIQUIDITY_EXCEPTION,NO
WS:XTKS:2269,2269.T,PASS_HISTORY_CURRENT,v0.38,486,486,2024-09-02,2026-08-31,NO,NO,CSV_UNIQUE_ONLY,YES,YES,PASS_BAR_QA,PASS_STRICT_CANDIDATE,NO
WS:XTKS:2282,2282.T,PASS_HISTORY_CURRENT,v0.38,486,486,2024-09-02,2026-08-31,NO,NO,CSV_UNIQUE_ONLY,YES,YES,PASS_BAR_QA,PASS_STRICT_CANDIDATE,NO
WS:XTKS:2413,2413.T,PASS_HISTORY_CURRENT,v0.38,486,486,2024-09-02,2026-08-31,NO,NO,CSV_UNIQUE_ONLY,YES,YES,PASS_BAR_QA,PASS_STRICT_CANDIDATE,NO
WS:XTKS:2432,2432.T,PASS_HISTORY_CURRENT,v0.38,486,486,2024-09-02,2026-08-31,NO,NO,CSV_UNIQUE_ONLY,YES,YES,PASS_BAR_QA,LOW_LIQUIDITY_EXCEPTION,NO
WS:XTKS:2501,2501.T,PASS_HISTORY_CURRENT,v0.38,486,486,2024-09-02,2026-08-31,NO,NO,CSV_UNIQUE_ONLY,YES,YES,PASS_BAR_QA,LOW_LIQUIDITY_EXCEPTION,NO
WS:XTKS:2502,2502.T,PASS_HISTORY_CURRENT,v0.38,486,486,2024-09-02,2026-08-31,NO,NO,CSV_UNIQUE_ONLY,YES,YES,PASS_BAR_QA,PASS_STRICT_CANDIDATE,NO
WS:XTKS:2503,2503.T,PASS_HISTORY_CURRENT,v0.38,486,486,2024-09-02,2026-08-31,NO,NO,CSV_UNIQUE_ONLY,YES,YES,PASS_BAR_QA,PASS_STRICT_CANDIDATE,NO
WS:XTKS:2768,2768.T,PASS_HISTORY_CURRENT,v0.38,486,486,2024-09-02,2026-08-31,NO,NO,CSV_UNIQUE_ONLY,YES,YES,PASS_BAR_QA,PASS_STRICT_CANDIDATE,NO
WS:XTKS:2801,2801.T,PASS_HISTORY_CURRENT,v0.38,486,486,2024-09-02,2026-08-31,NO,NO,CSV_UNIQUE_ONLY,YES,YES,PASS_BAR_QA,PASS_STRICT_CANDIDATE,NO
WS:XTKS:2802,2802.T,PASS_HISTORY_CURRENT,v0.38,486,486,2024-09-02,2026-08-31,NO,NO,CSV_UNIQUE_ONLY,YES,YES,PASS_BAR_QA,PASS_STRICT_CANDIDATE,NO
WS:XTKS:285A,285A.T,PASS_HISTORY_CURRENT,v0.38,413,413,2024-12-18,2026-08-31,NO,NO,CSV_UNIQUE_ONLY,YES,YES,PASS_BAR_QA,PASS_STRICT_CANDIDATE,NO
WS:XTKS:2871,2871.T,PASS_HISTORY_CURRENT,v0.38,486,486,2024-09-02,2026-08-31,NO,NO,CSV_UNIQUE_ONLY,YES,YES,PASS_BAR_QA,LOW_LIQUIDITY_EXCEPTION,NO
WS:XTKS:2914,2914.T,PASS_HISTORY_CURRENT,v0.38,486,486,2024-09-02,2026-08-31,NO,NO,CSV_UNIQUE_ONLY,YES,YES,PASS_BAR_QA,PASS_STRICT_CANDIDATE,NO
WS:XTKS:3086,3086.T,PASS_HISTORY_CURRENT,v0.38,486,486,2024-09-02,2026-08-31,NO,NO,CSV_UNIQUE_ONLY,YES,YES,PASS_BAR_QA,PASS_STRICT_CANDIDATE,NO
WS:XTKS:3092,3092.T,PASS_HISTORY_CURRENT,v0.38,486,486,2024-09-02,2026-08-31,NO,NO,CSV_UNIQUE_ONLY,YES,YES,PASS_BAR_QA,LOW_LIQUIDITY_EXCEPTION,NO
WS:XTKS:3099,3099.T,PASS_HISTORY_CURRENT,v0.38,486,486,2024-09-02,2026-08-31,NO,NO,CSV_UNIQUE_ONLY,YES,YES,PASS_BAR_QA,PASS_STRICT_CANDIDATE,NO
WS:XTKS:3289,3289.T,PASS_HISTORY_CURRENT,v0.38,486,486,2024-09-02,2026-08-31,NO,NO,CSV_UNIQUE_ONLY,YES,YES,PASS_BAR_QA,PASS_STRICT_CANDIDATE,NO
WS:XTKS:3382,3382.T,PASS_HISTORY_CURRENT,v0.38,486,486,2024-09-02,2026-08-31,NO,NO,CSV_UNIQUE_ONLY,YES,YES,PASS_BAR_QA,PASS_STRICT_CANDIDATE,NO
WS:XTKS:3401,3401.T,PASS_HISTORY_CURRENT,v0.38,486,486,2024-09-02,2026-08-31,NO,NO,CSV_UNIQUE_ONLY,YES,YES,PASS_BAR_QA,LOW_LIQUIDITY_EXCEPTION,NO
WS:XTKS:3402,3402.T,PASS_HISTORY_CURRENT,v0.38,486,486,2024-09-02,2026-08-31,NO,NO,CSV_UNIQUE_ONLY,YES,YES,PASS_BAR_QA,PASS_STRICT_CANDIDATE,NO
WS:XTKS:3405,3405.T,PASS_HISTORY_CURRENT,v0.38,486,486,2024-09-02,2026-08-31,NO,NO,CSV_UNIQUE_ONLY,YES,YES,PASS_BAR_QA,PASS_STRICT_CANDIDATE,NO
WS:XTKS:3407,3407.T,PASS_HISTORY_CURRENT,v0.38,486,486,2024-09-02,2026-08-31,NO,NO,CSV_UNIQUE_ONLY,YES,YES,PASS_BAR_QA,PASS_STRICT_CANDIDATE,NO
WS:XTKS:3436,3436.T,PASS_HISTORY_CURRENT,v0.38,486,486,2024-09-02,2026-08-31,NO,NO,CSV_UNIQUE_ONLY,YES,YES,PASS_BAR_QA,PASS_STRICT_CANDIDATE,NO
WS:XTKS:3659,3659.T,PASS_HISTORY_CURRENT,v0.38,486,486,2024-09-02,2026-08-31,NO,NO,CSV_UNIQUE_ONLY,YES,YES,PASS_BAR_QA,PASS_STRICT_CANDIDATE,NO
WS:XTKS:3697,3697.T,PASS_HISTORY_CURRENT,v0.38,486,486,2024-09-02,2026-08-31,NO,NO,CSV_UNIQUE_ONLY,YES,YES,PASS_BAR_QA,PASS_STRICT_CANDIDATE,NO
WS:XTKS:3861,3861.T,PASS_HISTORY_CURRENT,v0.38,486,486,2024-09-02,2026-08-31,NO,NO,CSV_UNIQUE_ONLY,YES,YES,PASS_BAR_QA,LOW_LIQUIDITY_EXCEPTION,NO
WS:XTKS:4004,4004.T,PASS_HISTORY_CURRENT,v0.38,486,486,2024-09-02,2026-08-31,NO,NO,CSV_UNIQUE_ONLY,YES,YES,PASS_BAR_QA,PASS_STRICT_CANDIDATE,NO
WS:XTKS:4005,4005.T,PASS_HISTORY_CURRENT,v0.38,486,486,2024-09-02,2026-08-31,NO,NO,CSV_UNIQUE_ONLY,YES,YES,PASS_BAR_QA,PASS_STRICT_CANDIDATE,NO
WS:XTKS:4021,4021.T,PASS_HISTORY_CURRENT,v0.38,486,486,2024-09-02,2026-08-31,NO,NO,CSV_UNIQUE_ONLY,YES,YES,PASS_BAR_QA,PASS_STRICT_CANDIDATE,NO
WS:XTKS:4042,4042.T,PASS_HISTORY_CURRENT,v0.38,486,486,2024-09-02,2026-08-31,NO,NO,CSV_UNIQUE_ONLY,YES,YES,PASS_BAR_QA,PASS_STRICT_CANDIDATE,NO
WS:XTKS:4043,4043.T,PASS_HISTORY_CURRENT,v0.38,486,486,2024-09-02,2026-08-31,NO,NO,CSV_UNIQUE_ONLY,YES,YES,PASS_BAR_QA,PASS_STRICT_CANDIDATE,NO
WS:XTKS:4061,4061.T,PASS_HISTORY_CURRENT,v0.38,486,486,2024-09-02,2026-08-31,NO,NO,CSV_UNIQUE_ONLY,YES,YES,PASS_BAR_QA,LOW_LIQUIDITY_EXCEPTION,NO
WS:XTKS:4062,4062.T,PASS_HISTORY_CURRENT,v0.38,486,486,2024-09-02,2026-08-31,NO,NO,CSV_UNIQUE_ONLY,YES,YES,PASS_BAR_QA,PASS_STRICT_CANDIDATE,NO
WS:XTKS:4063,4063.T,PASS_HISTORY_CURRENT,v0.38,486,486,2024-09-02,2026-08-31,NO,NO,CSV_UNIQUE_ONLY,YES,YES,PASS_BAR_QA,PASS_STRICT_CANDIDATE,NO
WS:XTKS:4151,4151.T,PASS_HISTORY_CURRENT,v0.38,486,486,2024-09-02,2026-08-31,NO,NO,CSV_UNIQUE_ONLY,YES,YES,PASS_BAR_QA,PASS_STRICT_CANDIDATE,NO
WS:XTKS:4183,4183.T,PASS_HISTORY_CURRENT,v0.38,486,486,2024-09-02,2026-08-31,NO,NO,CSV_UNIQUE_ONLY,YES,YES,PASS_BAR_QA,PASS_STRICT_CANDIDATE,NO
WS:XTKS:4188,4188.T,PASS_HISTORY_CURRENT,v0.38,486,486,2024-09-02,2026-08-31,NO,NO,CSV_UNIQUE_ONLY,YES,YES,PASS_BAR_QA,PASS_STRICT_CANDIDATE,NO
WS:XTKS:4208,4208.T,PASS_HISTORY_CURRENT,v0.38,486,486,2024-09-02,2026-08-31,NO,NO,CSV_UNIQUE_ONLY,YES,YES,PASS_BAR_QA,PASS_STRICT_CANDIDATE,NO
WS:XTKS:4307,4307.T,PASS_HISTORY_CURRENT,v0.38,486,486,2024-09-02,2026-08-31,NO,NO,CSV_UNIQUE_ONLY,YES,YES,PASS_BAR_QA,PASS_STRICT_CANDIDATE,NO
WS:XTKS:4324,4324.T,PASS_HISTORY_CURRENT,v0.38,486,486,2024-09-02,2026-08-31,NO,NO,CSV_UNIQUE_ONLY,YES,YES,PASS_BAR_QA,PASS_STRICT_CANDIDATE,NO
WS:XTKS:4385,4385.T,PASS_HISTORY_CURRENT,v0.38,486,486,2024-09-02,2026-08-31,NO,NO,CSV_UNIQUE_ONLY,YES,YES,PASS_BAR_QA,PASS_STRICT_CANDIDATE,NO
WS:XTKS:4452,4452.T,PASS_HISTORY_CURRENT,v0.38,486,486,2024-09-02,2026-08-31,NO,NO,CSV_UNIQUE_ONLY,YES,YES,PASS_BAR_QA,PASS_STRICT_CANDIDATE,NO
WS:XTKS:4502,4502.T,PASS_HISTORY_CURRENT,v0.38,486,486,2024-09-02,2026-08-31,NO,NO,CSV_UNIQUE_ONLY,YES,YES,PASS_BAR_QA,PASS_STRICT_CANDIDATE,NO
WS:XTKS:4503,4503.T,PASS_HISTORY_CURRENT,v0.38,486,486,2024-09-02,2026-08-31,NO,NO,CSV_UNIQUE_ONLY,YES,YES,PASS_BAR_QA,PASS_STRICT_CANDIDATE,NO
WS:XTKS:4506,4506.T,PASS_HISTORY_CURRENT,v0.38,486,486,2024-09-02,2026-08-31,NO,NO,CSV_UNIQUE_ONLY,YES,YES,PASS_BAR_QA,PASS_STRICT_CANDIDATE,NO
WS:XTKS:4507,4507.T,PASS_HISTORY_CURRENT,v0.38,486,486,2024-09-02,2026-08-31,NO,NO,CSV_UNIQUE_ONLY,YES,YES,PASS_BAR_QA,PASS_STRICT_CANDIDATE,NO
WS:XTKS:4519,4519.T,PASS_HISTORY_CURRENT,v0.38,486,486,2024-09-02,2026-08-31,NO,NO,CSV_UNIQUE_ONLY,YES,YES,PASS_BAR_QA,PASS_STRICT_CANDIDATE,NO
WS:XTKS:4523,4523.T,PASS_HISTORY_CURRENT,v0.38,486,486,2024-09-02,2026-08-31,NO,NO,CSV_UNIQUE_ONLY,YES,YES,PASS_BAR_QA,PASS_STRICT_CANDIDATE,NO
WS:XTKS:4543,4543.T,PASS_HISTORY_CURRENT,v0.38,486,486,2024-09-02,2026-08-31,NO,NO,CSV_UNIQUE_ONLY,YES,YES,PASS_BAR_QA,PASS_STRICT_CANDIDATE,NO
WS:XTKS:4568,4568.T,PASS_HISTORY_CURRENT,v0.38,486,486,2024-09-02,2026-08-31,NO,NO,CSV_UNIQUE_ONLY,YES,YES,PASS_BAR_QA,PASS_STRICT_CANDIDATE,NO
WS:XTKS:4578,4578.T,PASS_HISTORY_CURRENT,v0.38,486,486,2024-09-02,2026-08-31,NO,NO,CSV_UNIQUE_ONLY,YES,YES,PASS_BAR_QA,PASS_STRICT_CANDIDATE,NO
WS:XTKS:4661,4661.T,PASS_HISTORY_CURRENT,v0.38,486,486,2024-09-02,2026-08-31,NO,NO,CSV_UNIQUE_ONLY,YES,YES,PASS_BAR_QA,PASS_STRICT_CANDIDATE,NO
WS:XTKS:4689,4689.T,PASS_HISTORY_CURRENT,v0.38,486,486,2024-09-02,2026-08-31,NO,NO,CSV_UNIQUE_ONLY,YES,YES,PASS_BAR_QA,PASS_STRICT_CANDIDATE,NO
WS:XTKS:4704,4704.T,PASS_HISTORY_CURRENT,v0.38,486,486,2024-09-02,2026-08-31,NO,NO,CSV_UNIQUE_ONLY,YES,YES,PASS_BAR_QA,PASS_STRICT_CANDIDATE,NO
WS:XTKS:4751,4751.T,PASS_HISTORY_CURRENT,v0.38,486,486,2024-09-02,2026-08-31,NO,NO,CSV_UNIQUE_ONLY,YES,YES,PASS_BAR_QA,PASS_STRICT_CANDIDATE,NO
WS:XTKS:4755,4755.T,PASS_HISTORY_CURRENT,v0.38,486,486,2024-09-02,2026-08-31,NO,NO,CSV_UNIQUE_ONLY,YES,YES,PASS_BAR_QA,PASS_STRICT_CANDIDATE,NO
WS:XTKS:4901,4901.T,PASS_HISTORY_CURRENT,v0.38,486,486,2024-09-02,2026-08-31,NO,NO,CSV_UNIQUE_ONLY,YES,YES,PASS_BAR_QA,PASS_STRICT_CANDIDATE,NO
WS:XTKS:4902,4902.T,PASS_HISTORY_CURRENT,v0.38,486,486,2024-09-02,2026-08-31,NO,NO,CSV_UNIQUE_ONLY,YES,YES,PASS_BAR_QA,LOW_LIQUIDITY_EXCEPTION,NO
WS:XTKS:4911,4911.T,PASS_HISTORY_CURRENT,v0.38,486,486,2024-09-02,2026-08-31,NO,NO,CSV_UNIQUE_ONLY,YES,YES,PASS_BAR_QA,PASS_STRICT_CANDIDATE,NO
WS:XTKS:5019,5019.T,PASS_HISTORY_CURRENT,v0.38,486,486,2024-09-02,2026-08-31,NO,NO,CSV_UNIQUE_ONLY,YES,YES,PASS_BAR_QA,PASS_STRICT_CANDIDATE,NO
WS:XTKS:5020,5020.T,PASS_HISTORY_CURRENT,v0.38,486,486,2024-09-02,2026-08-31,NO,NO,CSV_UNIQUE_ONLY,YES,YES,PASS_BAR_QA,PASS_STRICT_CANDIDATE,NO
WS:XTKS:5101,5101.T,PASS_HISTORY_CURRENT,v0.38,486,486,2024-09-02,2026-08-31,NO,NO,CSV_UNIQUE_ONLY,YES,YES,PASS_BAR_QA,PASS_STRICT_CANDIDATE,NO
WS:XTKS:5108,5108.T,PASS_HISTORY_CURRENT,v0.38,486,486,2024-09-02,2026-08-31,NO,NO,CSV_UNIQUE_ONLY,YES,YES,PASS_BAR_QA,PASS_STRICT_CANDIDATE,NO
WS:XTKS:5201,5201.T,PASS_HISTORY_CURRENT,v0.38,486,486,2024-09-02,2026-08-31,NO,NO,CSV_UNIQUE_ONLY,YES,YES,PASS_BAR_QA,PASS_STRICT_CANDIDATE,NO
WS:XTKS:5214,5214.T,PASS_HISTORY_CURRENT,v0.38,486,486,2024-09-02,2026-08-31,NO,NO,CSV_UNIQUE_ONLY,YES,YES,PASS_BAR_QA,PASS_STRICT_CANDIDATE,NO
WS:XTKS:5233,5233.T,PASS_HISTORY_CURRENT,v0.38,486,486,2024-09-02,2026-08-31,NO,NO,CSV_UNIQUE_ONLY,YES,YES,PASS_BAR_QA,LOW_LIQUIDITY_EXCEPTION,NO
WS:XTKS:5301,5301.T,PASS_HISTORY_CURRENT,v0.38,486,486,2024-09-02,2026-08-31,NO,NO,CSV_UNIQUE_ONLY,YES,YES,PASS_BAR_QA,LOW_LIQUIDITY_EXCEPTION,NO
WS:XTKS:5332,5332.T,PASS_HISTORY_CURRENT,v0.38,486,486,2024-09-02,2026-08-31,NO,NO,CSV_UNIQUE_ONLY,YES,YES,PASS_BAR_QA,PASS_STRICT_CANDIDATE,NO
WS:XTKS:5333,5333.T,PASS_HISTORY_CURRENT,v0.38,486,486,2024-09-02,2026-08-31,NO,NO,CSV_UNIQUE_ONLY,YES,YES,PASS_BAR_QA,PASS_STRICT_CANDIDATE,NO
WS:XTKS:5401,5401.T,PASS_HISTORY_CURRENT,v0.38,486,486,2024-09-02,2026-08-31,NO,NO,CSV_UNIQUE_ONLY,YES,YES,PASS_BAR_QA,PASS_STRICT_CANDIDATE,NO
WS:XTKS:5406,5406.T,PASS_HISTORY_CURRENT,v0.38,486,486,2024-09-02,2026-08-31,NO,NO,CSV_UNIQUE_ONLY,YES,YES,PASS_BAR_QA,PASS_STRICT_CANDIDATE,NO
WS:XTKS:5411,5411.T,PASS_HISTORY_CURRENT,v0.38,486,486,2024-09-02,2026-08-31,NO,NO,CSV_UNIQUE_ONLY,YES,YES,PASS_BAR_QA,PASS_STRICT_CANDIDATE,NO
WS:XTKS:543A,543A.T,PASS_HISTORY_CURRENT,v0.38,486,486,2024-09-02,2026-08-31,NO,NO,CSV_UNIQUE_ONLY,YES,YES,PASS_BAR_QA,PASS_STRICT_CANDIDATE,NO
WS:XTKS:5631,5631.T,PASS_HISTORY_CURRENT,v0.38,486,486,2024-09-02,2026-08-31,NO,NO,CSV_UNIQUE_ONLY,YES,YES,PASS_BAR_QA,PASS_STRICT_CANDIDATE,NO
WS:XTKS:5706,5706.T,PASS_HISTORY_CURRENT,v0.38,486,486,2024-09-02,2026-08-31,NO,NO,CSV_UNIQUE_ONLY,YES,YES,PASS_BAR_QA,PASS_STRICT_CANDIDATE,NO
WS:XTKS:5711,5711.T,PASS_HISTORY_CURRENT,v0.38,486,486,2024-09-02,2026-08-31,NO,NO,CSV_UNIQUE_ONLY,YES,YES,PASS_BAR_QA,PASS_STRICT_CANDIDATE,NO
WS:XTKS:5713,5713.T,PASS_HISTORY_CURRENT,v0.38,486,486,2024-09-02,2026-08-31,NO,NO,CSV_UNIQUE_ONLY,YES,YES,PASS_BAR_QA,PASS_STRICT_CANDIDATE,NO
WS:XTKS:5714,5714.T,PASS_HISTORY_CURRENT,v0.38,486,486,2024-09-02,2026-08-31,NO,NO,CSV_UNIQUE_ONLY,YES,YES,PASS_BAR_QA,PASS_STRICT_CANDIDATE,NO
WS:XTKS:5801,5801.T,PASS_HISTORY_CURRENT,v0.38,486,486,2024-09-02,2026-08-31,NO,NO,CSV_UNIQUE_ONLY,YES,YES,PASS_BAR_QA,PASS_STRICT_CANDIDATE,NO
WS:XTKS:5802,5802.T,PASS_HISTORY_CURRENT,v0.38,486,486,2024-09-02,2026-08-31,NO,NO,CSV_UNIQUE_ONLY,YES,YES,PASS_BAR_QA,PASS_STRICT_CANDIDATE,NO
WS:XTKS:5803,5803.T,PASS_HISTORY_CURRENT,v0.38,486,486,2024-09-02,2026-08-31,NO,NO,CSV_UNIQUE_ONLY,YES,YES,PASS_BAR_QA,PASS_STRICT_CANDIDATE,NO
WS:XTKS:5831,5831.T,PASS_HISTORY_CURRENT,v0.38,486,486,2024-09-02,2026-08-31,NO,NO,CSV_UNIQUE_ONLY,YES,YES,PASS_BAR_QA,PASS_STRICT_CANDIDATE,NO
WS:XTKS:6098,6098.T,PASS_HISTORY_CURRENT,v0.38,486,486,2024-09-02,2026-08-31,NO,NO,CSV_UNIQUE_ONLY,YES,YES,PASS_BAR_QA,PASS_STRICT_CANDIDATE,NO
WS:XTKS:6103,6103.T,PASS_HISTORY_CURRENT,v0.38,486,486,2024-09-02,2026-08-31,NO,NO,CSV_UNIQUE_ONLY,YES,YES,PASS_BAR_QA,LOW_LIQUIDITY_EXCEPTION,NO
WS:XTKS:6113,6113.T,PASS_HISTORY_CURRENT,v0.38,486,486,2024-09-02,2026-08-31,NO,NO,CSV_UNIQUE_ONLY,YES,YES,PASS_BAR_QA,PASS_STRICT_CANDIDATE,NO
WS:XTKS:6146,6146.T,PASS_HISTORY_CURRENT,v0.38,486,486,2024-09-02,2026-08-31,NO,NO,CSV_UNIQUE_ONLY,YES,YES,PASS_BAR_QA,PASS_STRICT_CANDIDATE,NO
WS:XTKS:6178,6178.T,PASS_HISTORY_CURRENT,v0.38,486,486,2024-09-02,2026-08-31,NO,NO,CSV_UNIQUE_ONLY,YES,YES,PASS_BAR_QA,PASS_STRICT_CANDIDATE,NO
WS:XTKS:6273,6273.T,PASS_HISTORY_CURRENT,v0.38,486,486,2024-09-02,2026-08-31,NO,NO,CSV_UNIQUE_ONLY,YES,YES,PASS_BAR_QA,PASS_STRICT_CANDIDATE,NO
WS:XTKS:6301,6301.T,PASS_HISTORY_CURRENT,v0.38,486,486,2024-09-02,2026-08-31,NO,NO,CSV_UNIQUE_ONLY,YES,YES,PASS_BAR_QA,PASS_STRICT_CANDIDATE,NO
WS:XTKS:6302,6302.T,PASS_HISTORY_CURRENT,v0.38,486,486,2024-09-02,2026-08-31,NO,NO,CSV_UNIQUE_ONLY,YES,YES,PASS_BAR_QA,PASS_STRICT_CANDIDATE,NO
WS:XTKS:6305,6305.T,PASS_HISTORY_CURRENT,v0.38,486,486,2024-09-02,2026-08-31,NO,NO,CSV_UNIQUE_ONLY,YES,YES,PASS_BAR_QA,PASS_STRICT_CANDIDATE,NO
WS:XTKS:6326,6326.T,PASS_HISTORY_CURRENT,v0.38,486,486,2024-09-02,2026-08-31,NO,NO,CSV_UNIQUE_ONLY,YES,YES,PASS_BAR_QA,PASS_STRICT_CANDIDATE,NO
WS:XTKS:6361,6361.T,PASS_HISTORY_CURRENT,v0.38,486,486,2024-09-02,2026-08-31,NO,NO,CSV_UNIQUE_ONLY,YES,YES,PASS_BAR_QA,PASS_STRICT_CANDIDATE,NO
WS:XTKS:6367,6367.T,PASS_HISTORY_CURRENT,v0.38,486,486,2024-09-02,2026-08-31,NO,NO,CSV_UNIQUE_ONLY,YES,YES,PASS_BAR_QA,PASS_STRICT_CANDIDATE,NO
WS:XTKS:6471,6471.T,PASS_HISTORY_CURRENT,v0.38,486,486,2024-09-02,2026-08-31,NO,NO,CSV_UNIQUE_ONLY,YES,YES,PASS_BAR_QA,LOW_LIQUIDITY_EXCEPTION,NO
WS:XTKS:6472,6472.T,PASS_HISTORY_CURRENT,v0.38,486,486,2024-09-02,2026-08-31,NO,NO,CSV_UNIQUE_ONLY,YES,YES,PASS_BAR_QA,LOW_LIQUIDITY_EXCEPTION,NO
WS:XTKS:6473,6473.T,PASS_HISTORY_CURRENT,v0.38,486,486,2024-09-02,2026-08-31,NO,NO,CSV_UNIQUE_ONLY,YES,YES,PASS_BAR_QA,LOW_LIQUIDITY_EXCEPTION,NO
WS:XTKS:6479,6479.T,PASS_HISTORY_CURRENT,v0.38,486,486,2024-09-02,2026-08-31,NO,NO,CSV_UNIQUE_ONLY,YES,YES,PASS_BAR_QA,PASS_STRICT_CANDIDATE,NO
WS:XTKS:6501,6501.T,PASS_HISTORY_CURRENT,v0.38,486,486,2024-09-02,2026-08-31,NO,NO,CSV_UNIQUE_ONLY,YES,YES,PASS_BAR_QA,PASS_STRICT_CANDIDATE,NO
WS:XTKS:6503,6503.T,PASS_HISTORY_CURRENT,v0.38,486,486,2024-09-02,2026-08-31,NO,NO,CSV_UNIQUE_ONLY,YES,YES,PASS_BAR_QA,PASS_STRICT_CANDIDATE,NO
WS:XTKS:6504,6504.T,PASS_HISTORY_CURRENT,v0.38,486,486,2024-09-02,2026-08-31,NO,NO,CSV_UNIQUE_ONLY,YES,YES,PASS_BAR_QA,PASS_STRICT_CANDIDATE,NO
WS:XTKS:6506,6506.T,PASS_HISTORY_CURRENT,v0.38,486,486,2024-09-02,2026-08-31,NO,NO,CSV_UNIQUE_ONLY,YES,YES,PASS_BAR_QA,PASS_STRICT_CANDIDATE,NO
WS:XTKS:6526,6526.T,PASS_HISTORY_CURRENT,v0.38,486,486,2024-09-02,2026-08-31,NO,NO,CSV_UNIQUE_ONLY,YES,YES,PASS_BAR_QA,PASS_STRICT_CANDIDATE,NO
WS:XTKS:6532,6532.T,PASS_HISTORY_CURRENT,v0.38,486,486,2024-09-02,2026-08-31,NO,NO,CSV_UNIQUE_ONLY,YES,YES,PASS_BAR_QA,PASS_STRICT_CANDIDATE,NO
WS:XTKS:6645,6645.T,PASS_HISTORY_CURRENT,v0.38,486,486,2024-09-02,2026-08-31,NO,NO,CSV_UNIQUE_ONLY,YES,YES,PASS_BAR_QA,PASS_STRICT_CANDIDATE,NO
WS:XTKS:6701,6701.T,PASS_HISTORY_CURRENT,v0.38,486,486,2024-09-02,2026-08-31,NO,NO,CSV_UNIQUE_ONLY,YES,YES,PASS_BAR_QA,PASS_STRICT_CANDIDATE,NO
WS:XTKS:6702,6702.T,PASS_HISTORY_CURRENT,v0.38,486,486,2024-09-02,2026-08-31,NO,NO,CSV_UNIQUE_ONLY,YES,YES,PASS_BAR_QA,PASS_STRICT_CANDIDATE,NO
WS:XTKS:6723,6723.T,PASS_HISTORY_CURRENT,v0.38,486,486,2024-09-02,2026-08-31,NO,NO,CSV_UNIQUE_ONLY,YES,YES,PASS_BAR_QA,PASS_STRICT_CANDIDATE,NO
WS:XTKS:6724,6724.T,PASS_HISTORY_CURRENT,v0.38,486,486,2024-09-02,2026-08-31,NO,NO,CSV_UNIQUE_ONLY,YES,YES,PASS_BAR_QA,PASS_STRICT_CANDIDATE,NO
WS:XTKS:6752,6752.T,PASS_HISTORY_CURRENT,v0.38,486,486,2024-09-02,2026-08-31,NO,NO,CSV_UNIQUE_ONLY,YES,YES,PASS_BAR_QA,PASS_STRICT_CANDIDATE,NO
WS:XTKS:6753,6753.T,PASS_HISTORY_CURRENT,v0.38,486,486,2024-09-02,2026-08-31,NO,NO,CSV_UNIQUE_ONLY,YES,YES,PASS_BAR_QA,LOW_LIQUIDITY_EXCEPTION,NO
WS:XTKS:6758,6758.T,PASS_HISTORY_CURRENT,v0.38,486,486,2024-09-02,2026-08-31,NO,NO,CSV_UNIQUE_ONLY,YES,YES,PASS_BAR_QA,PASS_STRICT_CANDIDATE,NO
WS:XTKS:6762,6762.T,PASS_HISTORY_CURRENT,v0.38,486,486,2024-09-02,2026-08-31,NO,NO,CSV_UNIQUE_ONLY,YES,YES,PASS_BAR_QA,PASS_STRICT_CANDIDATE,NO
WS:XTKS:6770,6770.T,PASS_HISTORY_CURRENT,v0.38,486,486,2024-09-02,2026-08-31,NO,NO,CSV_UNIQUE_ONLY,YES,YES,PASS_BAR_QA,PASS_STRICT_CANDIDATE,NO
WS:XTKS:6841,6841.T,PASS_HISTORY_CURRENT,v0.38,486,486,2024-09-02,2026-08-31,NO,NO,CSV_UNIQUE_ONLY,YES,YES,PASS_BAR_QA,PASS_STRICT_CANDIDATE,NO
WS:XTKS:6857,6857.T,PASS_HISTORY_CURRENT,v0.38,486,486,2024-09-02,2026-08-31,NO,NO,CSV_UNIQUE_ONLY,YES,YES,PASS_BAR_QA,PASS_STRICT_CANDIDATE,NO
WS:XTKS:6861,6861.T,PASS_HISTORY_CURRENT,v0.38,486,486,2024-09-02,2026-08-31,NO,NO,CSV_UNIQUE_ONLY,YES,YES,PASS_BAR_QA,PASS_STRICT_CANDIDATE,NO
WS:XTKS:6902,6902.T,PASS_HISTORY_CURRENT,v0.38,486,486,2024-09-02,2026-08-31,NO,NO,CSV_UNIQUE_ONLY,YES,YES,PASS_BAR_QA,PASS_STRICT_CANDIDATE,NO
WS:XTKS:6920,6920.T,PASS_HISTORY_CURRENT,v0.38,486,486,2024-09-02,2026-08-31,NO,NO,CSV_UNIQUE_ONLY,YES,YES,PASS_BAR_QA,PASS_STRICT_CANDIDATE,NO
WS:XTKS:6954,6954.T,PASS_HISTORY_CURRENT,v0.38,486,486,2024-09-02,2026-08-31,NO,NO,CSV_UNIQUE_ONLY,YES,YES,PASS_BAR_QA,PASS_STRICT_CANDIDATE,NO
WS:XTKS:6963,6963.T,PASS_HISTORY_CURRENT,v0.38,486,486,2024-09-02,2026-08-31,NO,NO,CSV_UNIQUE_ONLY,YES,YES,PASS_BAR_QA,PASS_STRICT_CANDIDATE,NO
WS:XTKS:6971,6971.T,PASS_HISTORY_CURRENT,v0.38,486,486,2024-09-02,2026-08-31,NO,NO,CSV_UNIQUE_ONLY,YES,YES,PASS_BAR_QA,PASS_STRICT_CANDIDATE,NO
WS:XTKS:6976,6976.T,PASS_HISTORY_CURRENT,v0.38,486,486,2024-09-02,2026-08-31,NO,NO,CSV_UNIQUE_ONLY,YES,YES,PASS_BAR_QA,PASS_STRICT_CANDIDATE,NO
WS:XTKS:6981,6981.T,PASS_HISTORY_CURRENT,v0.38,486,486,2024-09-02,2026-08-31,NO,NO,CSV_UNIQUE_ONLY,YES,YES,PASS_BAR_QA,PASS_STRICT_CANDIDATE,NO
WS:XTKS:6988,6988.T,PASS_HISTORY_CURRENT,v0.38,486,486,2024-09-02,2026-08-31,NO,NO,CSV_UNIQUE_ONLY,YES,YES,PASS_BAR_QA,PASS_STRICT_CANDIDATE,NO
WS:XTKS:7004,7004.T,PASS_HISTORY_CURRENT,v0.38,486,486,2024-09-02,2026-08-31,NO,NO,CSV_UNIQUE_ONLY,YES,YES,PASS_BAR_QA,LOW_LIQUIDITY_EXCEPTION,NO
WS:XTKS:7011,7011.T,PASS_HISTORY_CURRENT,v0.38,486,486,2024-09-02,2026-08-31,NO,NO,CSV_UNIQUE_ONLY,YES,YES,PASS_BAR_QA,PASS_STRICT_CANDIDATE,NO
WS:XTKS:7012,7012.T,PASS_HISTORY_CURRENT,v0.38,486,486,2024-09-02,2026-08-31,NO,NO,CSV_UNIQUE_ONLY,YES,YES,PASS_BAR_QA,PASS_STRICT_CANDIDATE,NO
WS:XTKS:7013,7013.T,PASS_HISTORY_CURRENT,v0.38,486,486,2024-09-02,2026-08-31,NO,NO,CSV_UNIQUE_ONLY,YES,YES,PASS_BAR_QA,PASS_STRICT_CANDIDATE,NO
WS:XTKS:7186,7186.T,PASS_HISTORY_CURRENT,v0.38,486,486,2024-09-02,2026-08-31,NO,NO,CSV_UNIQUE_ONLY,YES,YES,PASS_BAR_QA,PASS_STRICT_CANDIDATE,NO
WS:XTKS:7201,7201.T,PASS_HISTORY_CURRENT,v0.38,486,486,2024-09-02,2026-08-31,NO,NO,CSV_UNIQUE_ONLY,YES,YES,PASS_BAR_QA,PASS_STRICT_CANDIDATE,NO
WS:XTKS:7202,7202.T,PASS_HISTORY_CURRENT,v0.38,486,486,2024-09-02,2026-08-31,NO,NO,CSV_UNIQUE_ONLY,YES,YES,PASS_BAR_QA,PASS_STRICT_CANDIDATE,NO
WS:XTKS:7203,7203.T,PASS_HISTORY_CURRENT,v0.38,486,486,2024-09-02,2026-08-31,NO,NO,CSV_UNIQUE_ONLY,YES,YES,PASS_BAR_QA,PASS_STRICT_CANDIDATE,NO
WS:XTKS:7211,7211.T,PASS_HISTORY_CURRENT,v0.38,486,486,2024-09-02,2026-08-31,NO,NO,CSV_UNIQUE_ONLY,YES,YES,PASS_BAR_QA,PASS_STRICT_CANDIDATE,NO
WS:XTKS:7261,7261.T,PASS_HISTORY_CURRENT,v0.38,486,486,2024-09-02,2026-08-31,NO,NO,CSV_UNIQUE_ONLY,YES,YES,PASS_BAR_QA,PASS_STRICT_CANDIDATE,NO
WS:XTKS:7267,7267.T,PASS_HISTORY_CURRENT,v0.38,486,486,2024-09-02,2026-08-31,NO,NO,CSV_UNIQUE_ONLY,YES,YES,PASS_BAR_QA,PASS_STRICT_CANDIDATE,NO
WS:XTKS:7269,7269.T,PASS_HISTORY_CURRENT,v0.38,486,486,2024-09-02,2026-08-31,NO,NO,CSV_UNIQUE_ONLY,YES,YES,PASS_BAR_QA,PASS_STRICT_CANDIDATE,NO
WS:XTKS:7270,7270.T,PASS_HISTORY_CURRENT,v0.38,486,486,2024-09-02,2026-08-31,NO,NO,CSV_UNIQUE_ONLY,YES,YES,PASS_BAR_QA,PASS_STRICT_CANDIDATE,NO
WS:XTKS:7272,7272.T,PASS_HISTORY_CURRENT,v0.38,486,486,2024-09-02,2026-08-31,NO,NO,CSV_UNIQUE_ONLY,YES,YES,PASS_BAR_QA,PASS_STRICT_CANDIDATE,NO
WS:XTKS:7453,7453.T,PASS_HISTORY_CURRENT,v0.38,486,486,2024-09-02,2026-08-31,NO,NO,CSV_UNIQUE_ONLY,YES,YES,PASS_BAR_QA,PASS_STRICT_CANDIDATE,NO
WS:XTKS:7532,7532.T,PASS_HISTORY_CURRENT,v0.38,486,486,2024-09-02,2026-08-31,NO,NO,CSV_UNIQUE_ONLY,YES,YES,PASS_BAR_QA,PASS_STRICT_CANDIDATE,NO
WS:XTKS:7731,7731.T,PASS_HISTORY_CURRENT,v0.38,486,486,2024-09-02,2026-08-31,NO,NO,CSV_UNIQUE_ONLY,YES,YES,PASS_BAR_QA,PASS_STRICT_CANDIDATE,NO
WS:XTKS:7733,7733.T,PASS_HISTORY_CURRENT,v0.38,486,486,2024-09-02,2026-08-31,NO,NO,CSV_UNIQUE_ONLY,YES,YES,PASS_BAR_QA,PASS_STRICT_CANDIDATE,NO
WS:XTKS:7735,7735.T,PASS_HISTORY_CURRENT,v0.38,486,486,2024-09-02,2026-08-31,NO,NO,CSV_UNIQUE_ONLY,YES,YES,PASS_BAR_QA,PASS_STRICT_CANDIDATE,NO
WS:XTKS:7741,7741.T,PASS_HISTORY_CURRENT,v0.38,486,486,2024-09-02,2026-08-31,NO,NO,CSV_UNIQUE_ONLY,YES,YES,PASS_BAR_QA,PASS_STRICT_CANDIDATE,NO
WS:XTKS:7751,7751.T,PASS_HISTORY_CURRENT,v0.38,486,486,2024-09-02,2026-08-31,NO,NO,CSV_UNIQUE_ONLY,YES,YES,PASS_BAR_QA,PASS_STRICT_CANDIDATE,NO
WS:XTKS:7752,7752.T,PASS_HISTORY_CURRENT,v0.38,486,486,2024-09-02,2026-08-31,NO,NO,CSV_UNIQUE_ONLY,YES,YES,PASS_BAR_QA,PASS_STRICT_CANDIDATE,NO
WS:XTKS:7832,7832.T,PASS_HISTORY_CURRENT,v0.38,486,486,2024-09-02,2026-08-31,NO,NO,CSV_UNIQUE_ONLY,YES,YES,PASS_BAR_QA,PASS_STRICT_CANDIDATE,NO
WS:XTKS:7911,7911.T,PASS_HISTORY_CURRENT,v0.38,486,486,2024-09-02,2026-08-31,NO,NO,CSV_UNIQUE_ONLY,YES,YES,PASS_BAR_QA,PASS_STRICT_CANDIDATE,NO
WS:XTKS:7912,7912.T,PASS_HISTORY_CURRENT,v0.38,486,486,2024-09-02,2026-08-31,NO,NO,CSV_UNIQUE_ONLY,YES,YES,PASS_BAR_QA,PASS_STRICT_CANDIDATE,NO
WS:XTKS:7951,7951.T,PASS_HISTORY_CURRENT,v0.38,486,486,2024-09-02,2026-08-31,NO,NO,CSV_UNIQUE_ONLY,YES,YES,PASS_BAR_QA,PASS_STRICT_CANDIDATE,NO
WS:XTKS:7974,7974.T,PASS_HISTORY_CURRENT,v0.38,486,486,2024-09-02,2026-08-31,NO,NO,CSV_UNIQUE_ONLY,YES,YES,PASS_BAR_QA,PASS_STRICT_CANDIDATE,NO
WS:XTKS:8001,8001.T,PASS_HISTORY_CURRENT,v0.38,486,486,2024-09-02,2026-08-31,NO,NO,CSV_UNIQUE_ONLY,YES,YES,PASS_BAR_QA,PASS_STRICT_CANDIDATE,NO
WS:XTKS:8002,8002.T,PASS_HISTORY_CURRENT,v0.38,486,486,2024-09-02,2026-08-31,NO,NO,CSV_UNIQUE_ONLY,YES,YES,PASS_BAR_QA,PASS_STRICT_CANDIDATE,NO
WS:XTKS:8015,8015.T,PASS_HISTORY_CURRENT,v0.38,486,486,2024-09-02,2026-08-31,NO,NO,CSV_UNIQUE_ONLY,YES,YES,PASS_BAR_QA,PASS_STRICT_CANDIDATE,NO
WS:XTKS:8031,8031.T,PASS_HISTORY_CURRENT,v0.38,486,486,2024-09-02,2026-08-31,NO,NO,CSV_UNIQUE_ONLY,YES,YES,PASS_BAR_QA,PASS_STRICT_CANDIDATE,NO
WS:XTKS:8035,8035.T,PASS_HISTORY_CURRENT,v0.38,486,486,2024-09-02,2026-08-31,NO,NO,CSV_UNIQUE_ONLY,YES,YES,PASS_BAR_QA,PASS_STRICT_CANDIDATE,NO
WS:XTKS:8053,8053.T,PASS_HISTORY_CURRENT,v0.38,486,486,2024-09-02,2026-08-31,NO,NO,CSV_UNIQUE_ONLY,YES,YES,PASS_BAR_QA,PASS_STRICT_CANDIDATE,NO
WS:XTKS:8058,8058.T,PASS_HISTORY_CURRENT,v0.38,486,486,2024-09-02,2026-08-31,NO,NO,CSV_UNIQUE_ONLY,YES,YES,PASS_BAR_QA,PASS_STRICT_CANDIDATE,NO
WS:XTKS:8233,8233.T,PASS_HISTORY_CURRENT,v0.38,486,486,2024-09-02,2026-08-31,NO,NO,CSV_UNIQUE_ONLY,YES,YES,PASS_BAR_QA,PASS_STRICT_CANDIDATE,NO
WS:XTKS:8252,8252.T,PASS_HISTORY_CURRENT,v0.38,486,486,2024-09-02,2026-08-31,NO,NO,CSV_UNIQUE_ONLY,YES,YES,PASS_BAR_QA,LOW_LIQUIDITY_EXCEPTION,NO
WS:XTKS:8253,8253.T,PASS_HISTORY_CURRENT,v0.38,486,486,2024-09-02,2026-08-31,NO,NO,CSV_UNIQUE_ONLY,YES,YES,PASS_BAR_QA,LOW_LIQUIDITY_EXCEPTION,NO
WS:XTKS:8267,8267.T,PASS_HISTORY_CURRENT,v0.38,486,486,2024-09-02,2026-08-31,NO,NO,CSV_UNIQUE_ONLY,YES,YES,PASS_BAR_QA,PASS_STRICT_CANDIDATE,NO
WS:XTKS:8304,8304.T,PASS_HISTORY_CURRENT,v0.38,486,486,2024-09-02,2026-08-31,NO,NO,CSV_UNIQUE_ONLY,YES,YES,PASS_BAR_QA,PASS_STRICT_CANDIDATE,NO
WS:XTKS:8306,8306.T,PASS_HISTORY_CURRENT,v0.38,486,486,2024-09-02,2026-08-31,NO,NO,CSV_UNIQUE_ONLY,YES,YES,PASS_BAR_QA,PASS_STRICT_CANDIDATE,NO
WS:XTKS:8308,8308.T,PASS_HISTORY_CURRENT,v0.38,486,486,2024-09-02,2026-08-31,NO,NO,CSV_UNIQUE_ONLY,YES,YES,PASS_BAR_QA,PASS_STRICT_CANDIDATE,NO
WS:XTKS:8309,8309.T,PASS_HISTORY_CURRENT,v0.38,486,486,2024-09-02,2026-08-31,NO,NO,CSV_UNIQUE_ONLY,YES,YES,PASS_BAR_QA,PASS_STRICT_CANDIDATE,NO
WS:XTKS:8316,8316.T,PASS_HISTORY_CURRENT,v0.38,486,486,2024-09-02,2026-08-31,NO,NO,CSV_UNIQUE_ONLY,YES,YES,PASS_BAR_QA,PASS_STRICT_CANDIDATE,NO
WS:XTKS:8331,8331.T,PASS_HISTORY_CURRENT,v0.38,486,486,2024-09-02,2026-08-31,NO,NO,CSV_UNIQUE_ONLY,YES,YES,PASS_BAR_QA,PASS_STRICT_CANDIDATE,NO
WS:XTKS:8354,8354.T,PASS_HISTORY_CURRENT,v0.38,486,486,2024-09-02,2026-08-31,NO,NO,CSV_UNIQUE_ONLY,YES,YES,PASS_BAR_QA,PASS_STRICT_CANDIDATE,NO
WS:XTKS:8411,8411.T,PASS_HISTORY_CURRENT,v0.38,486,486,2024-09-02,2026-08-31,NO,NO,CSV_UNIQUE_ONLY,YES,YES,PASS_BAR_QA,PASS_STRICT_CANDIDATE,NO
WS:XTKS:8591,8591.T,PASS_HISTORY_CURRENT,v0.38,486,486,2024-09-02,2026-08-31,NO,NO,CSV_UNIQUE_ONLY,YES,YES,PASS_BAR_QA,PASS_STRICT_CANDIDATE,NO
WS:XTKS:8601,8601.T,PASS_HISTORY_CURRENT,v0.38,486,486,2024-09-02,2026-08-31,NO,NO,CSV_UNIQUE_ONLY,YES,YES,PASS_BAR_QA,PASS_STRICT_CANDIDATE,NO
WS:XTKS:8604,8604.T,PASS_HISTORY_CURRENT,v0.38,486,486,2024-09-02,2026-08-31,NO,NO,CSV_UNIQUE_ONLY,YES,YES,PASS_BAR_QA,PASS_STRICT_CANDIDATE,NO
WS:XTKS:8630,8630.T,PASS_HISTORY_CURRENT,v0.38,486,486,2024-09-02,2026-08-31,NO,NO,CSV_UNIQUE_ONLY,YES,YES,PASS_BAR_QA,PASS_STRICT_CANDIDATE,NO
WS:XTKS:8697,8697.T,PASS_HISTORY_CURRENT,v0.38,486,486,2024-09-02,2026-08-31,NO,NO,CSV_UNIQUE_ONLY,YES,YES,PASS_BAR_QA,PASS_STRICT_CANDIDATE,NO
WS:XTKS:8725,8725.T,PASS_HISTORY_CURRENT,v0.38,486,486,2024-09-02,2026-08-31,NO,NO,CSV_UNIQUE_ONLY,YES,YES,PASS_BAR_QA,PASS_STRICT_CANDIDATE,NO
WS:XTKS:8750,8750.T,PASS_HISTORY_CURRENT,v0.38,486,486,2024-09-02,2026-08-31,NO,NO,CSV_UNIQUE_ONLY,YES,YES,PASS_BAR_QA,PASS_STRICT_CANDIDATE,NO
WS:XTKS:8766,8766.T,PASS_HISTORY_CURRENT,v0.38,486,486,2024-09-02,2026-08-31,NO,NO,CSV_UNIQUE_ONLY,YES,YES,PASS_BAR_QA,PASS_STRICT_CANDIDATE,NO
WS:XTKS:8795,8795.T,PASS_HISTORY_CURRENT,v0.38,486,486,2024-09-02,2026-08-31,NO,NO,CSV_UNIQUE_ONLY,YES,YES,PASS_BAR_QA,PASS_STRICT_CANDIDATE,NO
WS:XTKS:8801,8801.T,PASS_HISTORY_CURRENT,v0.38,486,486,2024-09-02,2026-08-31,NO,NO,CSV_UNIQUE_ONLY,YES,YES,PASS_BAR_QA,PASS_STRICT_CANDIDATE,NO
WS:XTKS:8802,8802.T,PASS_HISTORY_CURRENT,v0.38,486,486,2024-09-02,2026-08-31,NO,NO,CSV_UNIQUE_ONLY,YES,YES,PASS_BAR_QA,PASS_STRICT_CANDIDATE,NO
WS:XTKS:8804,8804.T,PASS_HISTORY_CURRENT,v0.38,486,486,2024-09-02,2026-08-31,NO,NO,CSV_UNIQUE_ONLY,YES,YES,PASS_BAR_QA,LOW_LIQUIDITY_EXCEPTION,NO
WS:XTKS:8830,8830.T,PASS_HISTORY_CURRENT,v0.38,486,486,2024-09-02,2026-08-31,NO,NO,CSV_UNIQUE_ONLY,YES,YES,PASS_BAR_QA,PASS_STRICT_CANDIDATE,NO
WS:XTKS:9001,9001.T,PASS_HISTORY_CURRENT,v0.38,486,486,2024-09-02,2026-08-31,NO,NO,CSV_UNIQUE_ONLY,YES,YES,PASS_BAR_QA,LOW_LIQUIDITY_EXCEPTION,NO
WS:XTKS:9005,9005.T,PASS_HISTORY_CURRENT,v0.38,486,486,2024-09-02,2026-08-31,NO,NO,CSV_UNIQUE_ONLY,YES,YES,PASS_BAR_QA,PASS_STRICT_CANDIDATE,NO
WS:XTKS:9007,9007.T,PASS_HISTORY_CURRENT,v0.38,486,486,2024-09-02,2026-08-31,NO,NO,CSV_UNIQUE_ONLY,YES,YES,PASS_BAR_QA,LOW_LIQUIDITY_EXCEPTION,NO
WS:XTKS:9008,9008.T,PASS_HISTORY_CURRENT,v0.38,486,486,2024-09-02,2026-08-31,NO,NO,CSV_UNIQUE_ONLY,YES,YES,PASS_BAR_QA,LOW_LIQUIDITY_EXCEPTION,NO
WS:XTKS:9009,9009.T,PASS_HISTORY_CURRENT,v0.38,486,486,2024-09-02,2026-08-31,NO,NO,CSV_UNIQUE_ONLY,YES,YES,PASS_BAR_QA,LOW_LIQUIDITY_EXCEPTION,NO
WS:XTKS:9020,9020.T,PASS_HISTORY_CURRENT,v0.38,486,486,2024-09-02,2026-08-31,NO,NO,CSV_UNIQUE_ONLY,YES,YES,PASS_BAR_QA,PASS_STRICT_CANDIDATE,NO
WS:XTKS:9021,9021.T,PASS_HISTORY_CURRENT,v0.38,486,486,2024-09-02,2026-08-31,NO,NO,CSV_UNIQUE_ONLY,YES,YES,PASS_BAR_QA,PASS_STRICT_CANDIDATE,NO
WS:XTKS:9022,9022.T,PASS_HISTORY_CURRENT,v0.38,486,486,2024-09-02,2026-08-31,NO,NO,CSV_UNIQUE_ONLY,YES,YES,PASS_BAR_QA,PASS_STRICT_CANDIDATE,NO
WS:XTKS:9064,9064.T,PASS_HISTORY_CURRENT,v0.38,486,486,2024-09-02,2026-08-31,NO,NO,CSV_UNIQUE_ONLY,YES,YES,PASS_BAR_QA,LOW_LIQUIDITY_EXCEPTION,NO
WS:XTKS:9101,9101.T,PASS_HISTORY_CURRENT,v0.38,486,486,2024-09-02,2026-08-31,NO,NO,CSV_UNIQUE_ONLY,YES,YES,PASS_BAR_QA,PASS_STRICT_CANDIDATE,NO
WS:XTKS:9104,9104.T,PASS_HISTORY_CURRENT,v0.38,486,486,2024-09-02,2026-08-31,NO,NO,CSV_UNIQUE_ONLY,YES,YES,PASS_BAR_QA,PASS_STRICT_CANDIDATE,NO
WS:XTKS:9107,9107.T,PASS_HISTORY_CURRENT,v0.38,486,486,2024-09-02,2026-08-31,NO,NO,CSV_UNIQUE_ONLY,YES,YES,PASS_BAR_QA,PASS_STRICT_CANDIDATE,NO
WS:XTKS:9147,9147.T,PASS_HISTORY_CURRENT,v0.38,486,486,2024-09-02,2026-08-31,NO,NO,CSV_UNIQUE_ONLY,YES,YES,PASS_BAR_QA,PASS_STRICT_CANDIDATE,NO
WS:XTKS:9201,9201.T,PASS_HISTORY_CURRENT,v0.38,486,486,2024-09-02,2026-08-31,NO,NO,CSV_UNIQUE_ONLY,YES,YES,PASS_BAR_QA,PASS_STRICT_CANDIDATE,NO
WS:XTKS:9202,9202.T,PASS_HISTORY_CURRENT,v0.38,486,486,2024-09-02,2026-08-31,NO,NO,CSV_UNIQUE_ONLY,YES,YES,PASS_BAR_QA,PASS_STRICT_CANDIDATE,NO
WS:XTKS:9432,9432.T,PASS_HISTORY_CURRENT,v0.38,486,486,2024-09-02,2026-08-31,NO,NO,CSV_UNIQUE_ONLY,YES,YES,PASS_BAR_QA,PASS_STRICT_CANDIDATE,NO
WS:XTKS:9433,9433.T,PASS_HISTORY_CURRENT,v0.38,486,486,2024-09-02,2026-08-31,NO,NO,CSV_UNIQUE_ONLY,YES,YES,PASS_BAR_QA,PASS_STRICT_CANDIDATE,NO
WS:XTKS:9434,9434.T,PASS_HISTORY_CURRENT,v0.38,486,486,2024-09-02,2026-08-31,NO,NO,CSV_UNIQUE_ONLY,YES,YES,PASS_BAR_QA,PASS_STRICT_CANDIDATE,NO
WS:XTKS:9501,9501.T,PASS_HISTORY_CURRENT,v0.38,486,486,2024-09-02,2026-08-31,NO,NO,CSV_UNIQUE_ONLY,YES,YES,PASS_BAR_QA,PASS_STRICT_CANDIDATE,NO
WS:XTKS:9502,9502.T,PASS_HISTORY_CURRENT,v0.38,486,486,2024-09-02,2026-08-31,NO,NO,CSV_UNIQUE_ONLY,YES,YES,PASS_BAR_QA,PASS_STRICT_CANDIDATE,NO
WS:XTKS:9503,9503.T,PASS_HISTORY_CURRENT,v0.38,486,486,2024-09-02,2026-08-31,NO,NO,CSV_UNIQUE_ONLY,YES,YES,PASS_BAR_QA,PASS_STRICT_CANDIDATE,NO
WS:XTKS:9531,9531.T,PASS_HISTORY_CURRENT,v0.38,486,486,2024-09-02,2026-08-31,NO,NO,CSV_UNIQUE_ONLY,YES,YES,PASS_BAR_QA,PASS_STRICT_CANDIDATE,NO
WS:XTKS:9532,9532.T,PASS_HISTORY_CURRENT,v0.38,486,486,2024-09-02,2026-08-31,NO,NO,CSV_UNIQUE_ONLY,YES,YES,PASS_BAR_QA,PASS_STRICT_CANDIDATE,NO
WS:XTKS:9602,9602.T,PASS_HISTORY_CURRENT,v0.38,486,486,2024-09-02,2026-08-31,NO,NO,CSV_UNIQUE_ONLY,YES,YES,PASS_BAR_QA,PASS_STRICT_CANDIDATE,NO
WS:XTKS:9735,9735.T,PASS_HISTORY_CURRENT,v0.38,486,486,2024-09-02,2026-08-31,NO,NO,CSV_UNIQUE_ONLY,YES,YES,PASS_BAR_QA,PASS_STRICT_CANDIDATE,NO
WS:XTKS:9766,9766.T,PASS_HISTORY_CURRENT,v0.38,486,486,2024-09-02,2026-08-31,NO,NO,CSV_UNIQUE_ONLY,YES,YES,PASS_BAR_QA,PASS_STRICT_CANDIDATE,NO
WS:XTKS:9843,9843.T,PASS_HISTORY_CURRENT,v0.38,486,486,2024-09-02,2026-08-31,NO,NO,CSV_UNIQUE_ONLY,YES,YES,PASS_BAR_QA,PASS_STRICT_CANDIDATE,NO
WS:XTKS:9983,9983.T,PASS_HISTORY_CURRENT,v0.38,486,486,2024-09-02,2026-08-31,NO,NO,CSV_UNIQUE_ONLY,YES,YES,PASS_BAR_QA,PASS_STRICT_CANDIDATE,NO
WS:XTKS:9984,9984.T,PASS_HISTORY_CURRENT,v0.38,486,486,2024-09-02,2026-08-31,NO,NO,CSV_UNIQUE_ONLY,YES,YES,PASS_BAR_QA,PASS_STRICT_CANDIDATE,NO
WS:XTSE:AAUC,AAUC.TO,PASS_HISTORY_CURRENT,v0.38,500,500,2024-09-03,2026-08-31,NO,NO,CSV_UNIQUE_ONLY,YES,YES,PASS_BAR_QA,INSTRUMENT_REVIEW,NO
WS:XTSE:AAV,AAV.TO,PASS_HISTORY_CURRENT,v0.38,500,500,2024-09-03,2026-08-31,NO,NO,CSV_UNIQUE_ONLY,YES,YES,PASS_BAR_QA,INSTRUMENT_REVIEW,NO
WS:XTSE:ABRA,ABRA.TO,PASS_HISTORY_CURRENT,v0.38,500,500,2024-09-03,2026-08-31,NO,NO,CSV_UNIQUE_ONLY,YES,YES,PASS_BAR_QA,INSTRUMENT_REVIEW,NO
WS:XTSE:ABX,ABX.TO,PASS_HISTORY_CURRENT,v0.38,500,500,2024-09-03,2026-08-31,NO,NO,CSV_UNIQUE_ONLY,YES,YES,PASS_BAR_QA,INSTRUMENT_REVIEW,NO
WS:XTSE:AC,AC.TO,PASS_HISTORY_CURRENT,v0.38,500,500,2024-09-03,2026-08-31,NO,NO,CSV_UNIQUE_ONLY,YES,YES,PASS_BAR_QA,INSTRUMENT_REVIEW,NO
WS:XTSE:ACO.X,ACO-X.TO,PASS_HISTORY_CURRENT,v0.38,500,500,2024-09-03,2026-08-31,NO,NO,CSV_UNIQUE_ONLY,YES,YES,PASS_BAR_QA,INSTRUMENT_REVIEW,NO
WS:XTSE:AEM,AEM.TO,PASS_HISTORY_CURRENT,v0.38,500,500,2024-09-03,2026-08-31,NO,NO,CSV_UNIQUE_ONLY,YES,YES,PASS_BAR_QA,INSTRUMENT_REVIEW,NO
WS:XTSE:AG,AG.TO,PASS_HISTORY_CURRENT,v0.38,500,500,2024-09-03,2026-08-31,NO,NO,CSV_UNIQUE_ONLY,YES,YES,PASS_BAR_QA,INSTRUMENT_REVIEW,NO
WS:XTSE:AGI,AGI.TO,PASS_HISTORY_CURRENT,v0.38,500,500,2024-09-03,2026-08-31,NO,NO,CSV_UNIQUE_ONLY,YES,YES,PASS_BAR_QA,INSTRUMENT_REVIEW,NO
WS:XTSE:AIF,AIF.TO,PASS_HISTORY_CURRENT,v0.38,500,500,2024-09-03,2026-08-31,NO,NO,CSV_UNIQUE_ONLY,YES,YES,PASS_BAR_QA,INSTRUMENT_REVIEW,NO
WS:XTSE:ALA,ALA.TO,PASS_HISTORY_CURRENT,v0.38,500,500,2024-09-03,2026-08-31,NO,NO,CSV_UNIQUE_ONLY,YES,YES,PASS_BAR_QA,INSTRUMENT_REVIEW,NO
WS:XTSE:ALS,ALS.TO,PASS_HISTORY_CURRENT,v0.38,500,500,2024-09-03,2026-08-31,NO,NO,CSV_UNIQUE_ONLY,YES,YES,PASS_BAR_QA,INSTRUMENT_REVIEW,NO
WS:XTSE:AP.UN,AP-UN.TO,PASS_HISTORY_CURRENT,v0.38,500,500,2024-09-03,2026-08-31,NO,NO,CSV_UNIQUE_ONLY,YES,YES,PASS_BAR_QA,INSTRUMENT_REVIEW,NO
WS:XTSE:AQN,AQN.TO,PASS_HISTORY_CURRENT,v0.38,500,500,2024-09-03,2026-08-31,NO,NO,CSV_UNIQUE_ONLY,YES,YES,PASS_BAR_QA,INSTRUMENT_REVIEW,NO
WS:XTSE:ARE,ARE.TO,PASS_HISTORY_CURRENT,v0.38,500,500,2024-09-03,2026-08-31,NO,NO,CSV_UNIQUE_ONLY,YES,YES,PASS_BAR_QA,INSTRUMENT_REVIEW,NO
WS:XTSE:ARIS,ARIS.TO,PASS_HISTORY_CURRENT,v0.38,500,500,2024-09-03,2026-08-31,NO,NO,CSV_UNIQUE_ONLY,YES,YES,PASS_BAR_QA,INSTRUMENT_REVIEW,NO
WS:XTSE:ARX,ARX.TO,PASS_HISTORY_CURRENT,v0.38,500,500,2024-09-03,2026-08-31,NO,NO,CSV_UNIQUE_ONLY,YES,YES,PASS_BAR_QA,INSTRUMENT_REVIEW,NO
WS:XTSE:ASM,ASM.TO,PASS_HISTORY_CURRENT,v0.38,500,500,2024-09-03,2026-08-31,NO,NO,CSV_UNIQUE_ONLY,YES,YES,PASS_BAR_QA,INSTRUMENT_REVIEW,NO
WS:XTSE:ATD,ATD.TO,PASS_HISTORY_CURRENT,v0.38,500,500,2024-09-03,2026-08-31,NO,NO,CSV_UNIQUE_ONLY,YES,YES,PASS_BAR_QA,INSTRUMENT_REVIEW,NO
WS:XTSE:ATH,ATH.TO,PASS_HISTORY_CURRENT,v0.38,500,500,2024-09-03,2026-08-31,NO,NO,CSV_UNIQUE_ONLY,YES,YES,PASS_BAR_QA,INSTRUMENT_REVIEW,NO
WS:XTSE:ATRL,ATRL.TO,PASS_HISTORY_CURRENT,v0.38,500,500,2024-09-03,2026-08-31,NO,NO,CSV_UNIQUE_ONLY,YES,YES,PASS_BAR_QA,INSTRUMENT_REVIEW,NO
WS:XTSE:ATS,ATS.TO,PASS_HISTORY_CURRENT,v0.38,500,500,2024-09-03,2026-08-31,NO,NO,CSV_UNIQUE_ONLY,YES,YES,PASS_BAR_QA,INSTRUMENT_REVIEW,NO
WS:XTSE:ATZ,ATZ.TO,PASS_HISTORY_CURRENT,v0.38,500,500,2024-09-03,2026-08-31,NO,NO,CSV_UNIQUE_ONLY,YES,YES,PASS_BAR_QA,INSTRUMENT_REVIEW,NO
WS:XTSE:AYA,AYA.TO,PASS_HISTORY_CURRENT,v0.38,500,500,2024-09-03,2026-08-31,NO,NO,CSV_UNIQUE_ONLY,YES,YES,PASS_BAR_QA,INSTRUMENT_REVIEW,NO
WS:XTSE:BAM,BAM.TO,PASS_HISTORY_CURRENT,v0.38,500,500,2024-09-03,2026-08-31,NO,NO,CSV_UNIQUE_ONLY,YES,YES,PASS_BAR_QA,INSTRUMENT_REVIEW,NO
WS:XTSE:BB,BB.TO,PASS_HISTORY_CURRENT,v0.38,500,500,2024-09-03,2026-08-31,NO,NO,CSV_UNIQUE_ONLY,YES,YES,PASS_BAR_QA,INSTRUMENT_REVIEW,NO
WS:XTSE:BBD.B,BBD-B.TO,PASS_HISTORY_CURRENT,v0.38,501,500,2024-09-03,2026-08-28,NO,NO,CSV_UNIQUE_ONLY,YES,YES,PASS_BAR_QA,INSTRUMENT_REVIEW,NO
WS:XTSE:BBUC,BBUC.TO,PASS_HISTORY_CURRENT,v0.38,500,500,2024-09-03,2026-08-31,NO,NO,CSV_UNIQUE_ONLY,YES,YES,PASS_BAR_QA,INSTRUMENT_REVIEW,NO
WS:XTSE:BCE,BCE.TO,PASS_HISTORY_CURRENT,v0.38,500,500,2024-09-03,2026-08-31,NO,NO,CSV_UNIQUE_ONLY,YES,YES,PASS_BAR_QA,INSTRUMENT_REVIEW,NO
WS:XTSE:BDGI,BDGI.TO,PASS_HISTORY_CURRENT,v0.38,500,500,2024-09-03,2026-08-31,NO,NO,CSV_UNIQUE_ONLY,YES,YES,PASS_BAR_QA,INSTRUMENT_REVIEW,NO
WS:XTSE:BDT,BDT.TO,PASS_HISTORY_CURRENT,v0.38,500,500,2024-09-03,2026-08-31,NO,NO,CSV_UNIQUE_ONLY,YES,YES,PASS_BAR_QA,INSTRUMENT_REVIEW,NO
WS:XTSE:BEI.UN,BEI-UN.TO,PASS_HISTORY_CURRENT,v0.38,501,500,2024-09-03,2026-08-28,NO,NO,CSV_UNIQUE_ONLY,YES,YES,PASS_BAR_QA,INSTRUMENT_REVIEW,NO
WS:XTSE:BEP.UN,BEP-UN.TO,PASS_HISTORY_CURRENT,v0.38,501,500,2024-09-03,2026-08-28,NO,NO,CSV_UNIQUE_ONLY,YES,YES,PASS_BAR_QA,INSTRUMENT_REVIEW,NO
WS:XTSE:BHC,BHC.TO,PASS_HISTORY_CURRENT,v0.38,500,500,2024-09-03,2026-08-31,NO,NO,CSV_UNIQUE_ONLY,YES,YES,PASS_BAR_QA,INSTRUMENT_REVIEW,NO
WS:XTSE:BIP.UN,BIP-UN.TO,PASS_HISTORY_CURRENT,v0.38,501,500,2024-09-03,2026-08-28,NO,NO,CSV_UNIQUE_ONLY,YES,YES,PASS_BAR_QA,INSTRUMENT_REVIEW,NO
WS:XTSE:BIR,BIR.TO,PASS_HISTORY_CURRENT,v0.38,500,500,2024-09-03,2026-08-31,NO,NO,CSV_UNIQUE_ONLY,YES,YES,PASS_BAR_QA,INSTRUMENT_REVIEW,NO
WS:XTSE:BMO,BMO.TO,PASS_HISTORY_CURRENT,v0.38,500,500,2024-09-03,2026-08-31,NO,NO,CSV_UNIQUE_ONLY,YES,YES,PASS_BAR_QA,INSTRUMENT_REVIEW,NO
WS:XTSE:BN,BN.TO,PASS_HISTORY_CURRENT,v0.38,500,500,2024-09-03,2026-08-31,NO,NO,CSV_UNIQUE_ONLY,YES,YES,PASS_BAR_QA,INSTRUMENT_REVIEW,NO
WS:XTSE:BNS,BNS.TO,PASS_HISTORY_CURRENT,v0.38,500,500,2024-09-03,2026-08-31,NO,NO,CSV_UNIQUE_ONLY,YES,YES,PASS_BAR_QA,INSTRUMENT_REVIEW,NO
WS:XTSE:BTE,BTE.TO,PASS_HISTORY_CURRENT,v0.38,500,500,2024-09-03,2026-08-31,NO,NO,CSV_UNIQUE_ONLY,YES,YES,PASS_BAR_QA,INSTRUMENT_REVIEW,NO
WS:XTSE:BTO,BTO.TO,PASS_HISTORY_CURRENT,v0.38,500,500,2024-09-03,2026-08-31,NO,NO,CSV_UNIQUE_ONLY,YES,YES,PASS_BAR_QA,INSTRUMENT_REVIEW,NO
WS:XTSE:BYD,BYD.TO,PASS_HISTORY_CURRENT,v0.38,500,500,2024-09-03,2026-08-31,NO,NO,CSV_UNIQUE_ONLY,YES,YES,PASS_BAR_QA,INSTRUMENT_REVIEW,NO
WS:XTSE:CAE,CAE.TO,PASS_HISTORY_CURRENT,v0.38,500,500,2024-09-03,2026-08-31,NO,NO,CSV_UNIQUE_ONLY,YES,YES,PASS_BAR_QA,INSTRUMENT_REVIEW,NO
WS:XTSE:CAR.UN,CAR-UN.TO,PASS_HISTORY_CURRENT,v0.38,501,500,2024-09-03,2026-08-28,NO,NO,CSV_UNIQUE_ONLY,YES,YES,PASS_BAR_QA,INSTRUMENT_REVIEW,NO
WS:XTSE:CCA,CCA.TO,PASS_HISTORY_CURRENT,v0.38,500,500,2024-09-03,2026-08-31,NO,NO,CSV_UNIQUE_ONLY,YES,YES,PASS_BAR_QA,INSTRUMENT_REVIEW,NO
WS:XTSE:CCL.B,CCL-B.TO,PASS_HISTORY_CURRENT,v0.38,500,500,2024-09-03,2026-08-31,NO,NO,CSV_UNIQUE_ONLY,YES,YES,PASS_BAR_QA,INSTRUMENT_REVIEW,NO
WS:XTSE:CCO,CCO.TO,PASS_HISTORY_CURRENT,v0.38,500,500,2024-09-03,2026-08-31,NO,NO,CSV_UNIQUE_ONLY,YES,YES,PASS_BAR_QA,INSTRUMENT_REVIEW,NO
WS:XTSE:CEU,CEU.TO,PASS_HISTORY_CURRENT,v0.38,500,500,2024-09-03,2026-08-31,NO,NO,CSV_UNIQUE_ONLY,YES,YES,PASS_BAR_QA,INSTRUMENT_REVIEW,NO
WS:XTSE:CG,CG.TO,PASS_HISTORY_CURRENT,v0.38,500,500,2024-09-03,2026-08-31,NO,NO,CSV_UNIQUE_ONLY,YES,YES,PASS_BAR_QA,INSTRUMENT_REVIEW,NO
WS:XTSE:CHP.UN,CHP-UN.TO,PASS_HISTORY_CURRENT,v0.38,500,500,2024-09-03,2026-08-31,NO,NO,CSV_UNIQUE_ONLY,YES,YES,PASS_BAR_QA,INSTRUMENT_REVIEW,NO
WS:XTSE:CIGI,CIGI.TO,PASS_HISTORY_CURRENT,v0.38,500,500,2024-09-03,2026-08-31,NO,NO,CSV_UNIQUE_ONLY,YES,YES,PASS_BAR_QA,INSTRUMENT_REVIEW,NO
WS:XTSE:CJT,CJT.TO,PASS_HISTORY_CURRENT,v0.38,500,500,2024-09-03,2026-08-31,NO,NO,CSV_UNIQUE_ONLY,YES,YES,PASS_BAR_QA,INSTRUMENT_REVIEW,NO
WS:XTSE:CLS,CLS.TO,PASS_HISTORY_CURRENT,v0.38,500,500,2024-09-03,2026-08-31,NO,NO,CSV_UNIQUE_ONLY,YES,YES,PASS_BAR_QA,INSTRUMENT_REVIEW,NO
WS:XTSE:CM,CM.TO,PASS_HISTORY_CURRENT,v0.38,500,500,2024-09-03,2026-08-31,NO,NO,CSV_UNIQUE_ONLY,YES,YES,PASS_BAR_QA,INSTRUMENT_REVIEW,NO
WS:XTSE:CNQ,CNQ.TO,PASS_HISTORY_CURRENT,v0.38,500,500,2024-09-03,2026-08-31,NO,NO,CSV_UNIQUE_ONLY,YES,YES,PASS_BAR_QA,INSTRUMENT_REVIEW,NO
WS:XTSE:CNR,CNR.TO,PASS_HISTORY_CURRENT,v0.38,500,500,2024-09-03,2026-08-31,NO,NO,CSV_UNIQUE_ONLY,YES,YES,PASS_BAR_QA,INSTRUMENT_REVIEW,NO
WS:XTSE:CP,CP.TO,PASS_HISTORY_CURRENT,v0.38,500,500,2024-09-03,2026-08-31,NO,NO,CSV_UNIQUE_ONLY,YES,YES,PASS_BAR_QA,INSTRUMENT_REVIEW,NO
WS:XTSE:CPX,CPX.TO,PASS_HISTORY_CURRENT,v0.38,500,500,2024-09-03,2026-08-31,NO,NO,CSV_UNIQUE_ONLY,YES,YES,PASS_BAR_QA,INSTRUMENT_REVIEW,NO
WS:XTSE:CRR.UN,CRR-UN.TO,PASS_HISTORY_CURRENT,v0.38,500,500,2024-09-03,2026-08-31,NO,NO,CSV_UNIQUE_ONLY,YES,YES,PASS_BAR_QA,INSTRUMENT_REVIEW,NO
WS:XTSE:CRT.UN,CRT-UN.TO,PASS_HISTORY_CURRENT,v0.38,500,500,2024-09-03,2026-08-31,NO,NO,CSV_UNIQUE_ONLY,YES,YES,PASS_BAR_QA,INSTRUMENT_REVIEW,NO
WS:XTSE:CS,CS.TO,PASS_HISTORY_CURRENT,v0.38,500,500,2024-09-03,2026-08-31,NO,NO,CSV_UNIQUE_ONLY,YES,YES,PASS_BAR_QA,INSTRUMENT_REVIEW,NO
WS:XTSE:CSH.UN,CSH-UN.TO,PASS_HISTORY_CURRENT,v0.38,501,500,2024-09-03,2026-08-28,NO,NO,CSV_UNIQUE_ONLY,YES,YES,PASS_BAR_QA,INSTRUMENT_REVIEW,NO
WS:XTSE:CSU,CSU.TO,PASS_HISTORY_CURRENT,v0.38,500,500,2024-09-03,2026-08-31,NO,NO,CSV_UNIQUE_ONLY,YES,YES,PASS_BAR_QA,INSTRUMENT_REVIEW,NO
WS:XTSE:CTC.A,CTC-A.TO,PASS_HISTORY_CURRENT,v0.38,500,500,2024-09-03,2026-08-31,NO,NO,CSV_UNIQUE_ONLY,YES,YES,PASS_BAR_QA,INSTRUMENT_REVIEW,NO
WS:XTSE:CU,CU.TO,PASS_HISTORY_CURRENT,v0.38,500,500,2024-09-03,2026-08-31,NO,NO,CSV_UNIQUE_ONLY,YES,YES,PASS_BAR_QA,INSTRUMENT_REVIEW,NO
WS:XTSE:CURA,CURA.TO,PASS_HISTORY_CURRENT,v0.38,500,500,2024-09-03,2026-08-31,NO,NO,CSV_UNIQUE_ONLY,YES,YES,PASS_BAR_QA,INSTRUMENT_REVIEW,NO
WS:XTSE:CVE,CVE.TO,PASS_HISTORY_CURRENT,v0.38,500,500,2024-09-03,2026-08-31,NO,NO,CSV_UNIQUE_ONLY,YES,YES,PASS_BAR_QA,INSTRUMENT_REVIEW,NO
WS:XTSE:DFY,DFY.TO,PASS_HISTORY_CURRENT,v0.38,500,500,2024-09-03,2026-08-31,NO,NO,CSV_UNIQUE_ONLY,YES,YES,PASS_BAR_QA,INSTRUMENT_REVIEW,NO
WS:XTSE:DIR.UN,DIR-UN.TO,PASS_HISTORY_CURRENT,v0.38,501,500,2024-09-03,2026-08-28,NO,NO,CSV_UNIQUE_ONLY,YES,YES,PASS_BAR_QA,INSTRUMENT_REVIEW,NO
WS:XTSE:DML,DML.TO,PASS_HISTORY_CURRENT,v0.38,500,500,2024-09-03,2026-08-31,NO,NO,CSV_UNIQUE_ONLY,YES,YES,PASS_BAR_QA,INSTRUMENT_REVIEW,NO
WS:XTSE:DOL,DOL.TO,PASS_HISTORY_CURRENT,v0.38,500,500,2024-09-03,2026-08-31,NO,NO,CSV_UNIQUE_ONLY,YES,YES,PASS_BAR_QA,INSTRUMENT_REVIEW,NO
WS:XTSE:DOO,DOO.TO,PASS_HISTORY_CURRENT,v0.38,500,500,2024-09-03,2026-08-31,NO,NO,CSV_UNIQUE_ONLY,YES,YES,PASS_BAR_QA,INSTRUMENT_REVIEW,NO
WS:XTSE:DPM,DPM.TO,PASS_HISTORY_CURRENT,v0.38,500,500,2024-09-03,2026-08-31,NO,NO,CSV_UNIQUE_ONLY,YES,YES,PASS_BAR_QA,INSTRUMENT_REVIEW,NO
WS:XTSE:DSG,DSG.TO,PASS_HISTORY_CURRENT,v0.38,500,500,2024-09-03,2026-08-31,NO,NO,CSV_UNIQUE_ONLY,YES,YES,PASS_BAR_QA,INSTRUMENT_REVIEW,NO
WS:XTSE:DSV,DSV.TO,PASS_HISTORY_CURRENT,v0.38,500,500,2024-09-03,2026-08-31,NO,NO,CSV_UNIQUE_ONLY,YES,YES,PASS_BAR_QA,INSTRUMENT_REVIEW,NO
WS:XTSE:EDR,EDR.TO,PASS_HISTORY_CURRENT,v0.38,500,500,2024-09-03,2026-08-31,NO,NO,CSV_UNIQUE_ONLY,YES,YES,PASS_BAR_QA,INSTRUMENT_REVIEW,NO
WS:XTSE:EFN,EFN.TO,PASS_HISTORY_CURRENT,v0.38,500,500,2024-09-03,2026-08-31,NO,NO,CSV_UNIQUE_ONLY,YES,YES,PASS_BAR_QA,INSTRUMENT_REVIEW,NO
WS:XTSE:EFR,EFR.TO,PASS_HISTORY_CURRENT,v0.38,500,500,2024-09-03,2026-08-31,NO,NO,CSV_UNIQUE_ONLY,YES,YES,PASS_BAR_QA,INSTRUMENT_REVIEW,NO
WS:XTSE:EFX,EFX.TO,PASS_HISTORY_CURRENT,v0.38,500,500,2024-09-03,2026-08-31,NO,NO,CSV_UNIQUE_ONLY,YES,YES,PASS_BAR_QA,INSTRUMENT_REVIEW,NO
WS:XTSE:EIF,EIF.TO,PASS_HISTORY_CURRENT,v0.38,500,500,2024-09-03,2026-08-31,NO,NO,CSV_UNIQUE_ONLY,YES,YES,PASS_BAR_QA,INSTRUMENT_REVIEW,NO
WS:XTSE:ELD,ELD.TO,PASS_HISTORY_CURRENT,v0.38,500,500,2024-09-03,2026-08-31,NO,NO,CSV_UNIQUE_ONLY,YES,YES,PASS_BAR_QA,INSTRUMENT_REVIEW,NO
WS:XTSE:EMA,EMA.TO,PASS_HISTORY_CURRENT,v0.38,500,500,2024-09-03,2026-08-31,NO,NO,CSV_UNIQUE_ONLY,YES,YES,PASS_BAR_QA,INSTRUMENT_REVIEW,NO
WS:XTSE:EMP.A,EMP-A.TO,PASS_HISTORY_CURRENT,v0.38,500,500,2024-09-03,2026-08-31,NO,NO,CSV_UNIQUE_ONLY,YES,YES,PASS_BAR_QA,INSTRUMENT_REVIEW,NO
WS:XTSE:ENB,ENB.TO,PASS_HISTORY_CURRENT,v0.38,500,500,2024-09-03,2026-08-31,NO,NO,CSV_UNIQUE_ONLY,YES,YES,PASS_BAR_QA,INSTRUMENT_REVIEW,NO
WS:XTSE:EQB,EQB.TO,PASS_HISTORY_CURRENT,v0.38,500,500,2024-09-03,2026-08-31,NO,NO,CSV_UNIQUE_ONLY,YES,YES,PASS_BAR_QA,INSTRUMENT_REVIEW,NO
WS:XTSE:EQX,EQX.TO,PASS_HISTORY_CURRENT,v0.38,500,500,2024-09-03,2026-08-31,NO,NO,CSV_UNIQUE_ONLY,YES,YES,PASS_BAR_QA,INSTRUMENT_REVIEW,NO
WS:XTSE:ERO,ERO.TO,PASS_HISTORY_CURRENT,v0.38,500,500,2024-09-03,2026-08-31,NO,NO,CSV_UNIQUE_ONLY,YES,YES,PASS_BAR_QA,INSTRUMENT_REVIEW,NO
WS:XTSE:EXE,EXE.TO,PASS_HISTORY_CURRENT,v0.38,500,500,2024-09-03,2026-08-31,NO,NO,CSV_UNIQUE_ONLY,YES,YES,PASS_BAR_QA,INSTRUMENT_REVIEW,NO
WS:XTSE:FCR.UN,FCR-UN.TO,PASS_HISTORY_CURRENT,v0.38,500,500,2024-09-03,2026-08-31,NO,NO,CSV_UNIQUE_ONLY,YES,YES,PASS_BAR_QA,INSTRUMENT_REVIEW,NO
WS:XTSE:FFH,FFH.TO,PASS_HISTORY_CURRENT,v0.38,500,500,2024-09-03,2026-08-31,NO,NO,CSV_UNIQUE_ONLY,YES,YES,PASS_BAR_QA,INSTRUMENT_REVIEW,NO
WS:XTSE:FM,FM.TO,PASS_HISTORY_CURRENT,v0.38,500,500,2024-09-03,2026-08-31,NO,NO,CSV_UNIQUE_ONLY,YES,YES,PASS_BAR_QA,INSTRUMENT_REVIEW,NO
WS:XTSE:FNV,FNV.TO,PASS_HISTORY_CURRENT,v0.38,500,500,2024-09-03,2026-08-31,NO,NO,CSV_UNIQUE_ONLY,YES,YES,PASS_BAR_QA,INSTRUMENT_REVIEW,NO
WS:XTSE:FRU,FRU.TO,PASS_HISTORY_CURRENT,v0.38,500,500,2024-09-03,2026-08-31,NO,NO,CSV_UNIQUE_ONLY,YES,YES,PASS_BAR_QA,INSTRUMENT_REVIEW,NO
WS:XTSE:FSV,FSV.TO,PASS_HISTORY_CURRENT,v0.38,500,500,2024-09-03,2026-08-31,NO,NO,CSV_UNIQUE_ONLY,YES,YES,PASS_BAR_QA,INSTRUMENT_REVIEW,NO
WS:XTSE:FTS,FTS.TO,PASS_HISTORY_CURRENT,v0.38,500,500,2024-09-03,2026-08-31,NO,NO,CSV_UNIQUE_ONLY,YES,YES,PASS_BAR_QA,INSTRUMENT_REVIEW,NO
WS:XTSE:FTT,FTT.TO,PASS_HISTORY_CURRENT,v0.38,500,500,2024-09-03,2026-08-31,NO,NO,CSV_UNIQUE_ONLY,YES,YES,PASS_BAR_QA,INSTRUMENT_REVIEW,NO
WS:XTSE:FVI,FVI.TO,PASS_HISTORY_CURRENT,v0.38,500,500,2024-09-03,2026-08-31,NO,NO,CSV_UNIQUE_ONLY,YES,YES,PASS_BAR_QA,INSTRUMENT_REVIEW,NO
WS:XTSE:GEI,GEI.TO,PASS_HISTORY_CURRENT,v0.38,500,500,2024-09-03,2026-08-31,NO,NO,CSV_UNIQUE_ONLY,YES,YES,PASS_BAR_QA,INSTRUMENT_REVIEW,NO
WS:XTSE:GFL,GFL.TO,PASS_HISTORY_CURRENT,v0.38,500,500,2024-09-03,2026-08-31,NO,NO,CSV_UNIQUE_ONLY,YES,YES,PASS_BAR_QA,INSTRUMENT_REVIEW,NO
WS:XTSE:GIB.A,GIB-A.TO,PASS_HISTORY_CURRENT,v0.38,500,500,2024-09-03,2026-08-31,NO,NO,CSV_UNIQUE_ONLY,YES,YES,PASS_BAR_QA,INSTRUMENT_REVIEW,NO
WS:XTSE:GIL,GIL.TO,PASS_HISTORY_CURRENT,v0.38,500,500,2024-09-03,2026-08-31,NO,NO,CSV_UNIQUE_ONLY,YES,YES,PASS_BAR_QA,INSTRUMENT_REVIEW,NO
WS:XTSE:GMIN,GMIN.TO,PASS_HISTORY_CURRENT,v0.38,500,500,2024-09-03,2026-08-31,NO,NO,CSV_UNIQUE_ONLY,YES,YES,PASS_BAR_QA,INSTRUMENT_REVIEW,NO
WS:XTSE:GRT.UN,GRT-UN.TO,PASS_HISTORY_CURRENT,v0.38,500,500,2024-09-03,2026-08-31,NO,NO,CSV_UNIQUE_ONLY,YES,YES,PASS_BAR_QA,INSTRUMENT_REVIEW,NO
WS:XTSE:GWO,GWO.TO,PASS_HISTORY_CURRENT,v0.38,500,500,2024-09-03,2026-08-31,NO,NO,CSV_UNIQUE_ONLY,YES,YES,PASS_BAR_QA,INSTRUMENT_REVIEW,NO
WS:XTSE:H,H.TO,PASS_HISTORY_CURRENT,v0.38,500,500,2024-09-03,2026-08-31,NO,NO,CSV_UNIQUE_ONLY,YES,YES,PASS_BAR_QA,INSTRUMENT_REVIEW,NO
WS:XTSE:HBM,HBM.TO,PASS_HISTORY_CURRENT,v0.38,500,500,2024-09-03,2026-08-31,NO,NO,CSV_UNIQUE_ONLY,YES,YES,PASS_BAR_QA,INSTRUMENT_REVIEW,NO
WS:XTSE:HPS.A,HPS-A.TO,PASS_HISTORY_CURRENT,v0.38,500,500,2024-09-03,2026-08-31,NO,NO,CSV_UNIQUE_ONLY,YES,YES,PASS_BAR_QA,INSTRUMENT_REVIEW,NO
WS:XTSE:HR.UN,HR-UN.TO,PASS_HISTORY_CURRENT,v0.38,500,500,2024-09-03,2026-08-31,NO,NO,CSV_UNIQUE_ONLY,YES,YES,PASS_BAR_QA,INSTRUMENT_REVIEW,NO
WS:XTSE:HWX,HWX.TO,PASS_HISTORY_CURRENT,v0.38,500,500,2024-09-03,2026-08-31,NO,NO,CSV_UNIQUE_ONLY,YES,YES,PASS_BAR_QA,INSTRUMENT_REVIEW,NO
WS:XTSE:IAG,IAG.TO,PASS_HISTORY_CURRENT,v0.38,500,500,2024-09-03,2026-08-31,NO,NO,CSV_UNIQUE_ONLY,YES,YES,PASS_BAR_QA,INSTRUMENT_REVIEW,NO
WS:XTSE:IAU,IAU.TO,DATA_QUALITY_FAIL,v0.38,500,500,2024-09-03,2026-08-31,NO,NO,CSV_UNIQUE_ONLY,YES,YES,PASS_BAR_QA,DATA_QUALITY_FAIL,NO
WS:XTSE:IFC,IFC.TO,PASS_HISTORY_CURRENT,v0.38,500,500,2024-09-03,2026-08-31,NO,NO,CSV_UNIQUE_ONLY,YES,YES,PASS_BAR_QA,INSTRUMENT_REVIEW,NO
WS:XTSE:IGM,IGM.TO,PASS_HISTORY_CURRENT,v0.38,500,500,2024-09-03,2026-08-31,NO,NO,CSV_UNIQUE_ONLY,YES,YES,PASS_BAR_QA,INSTRUMENT_REVIEW,NO
WS:XTSE:IMG,IMG.TO,PASS_HISTORY_CURRENT,v0.38,500,500,2024-09-03,2026-08-31,NO,NO,CSV_UNIQUE_ONLY,YES,YES,PASS_BAR_QA,INSTRUMENT_REVIEW,NO
WS:XTSE:IMO,IMO.TO,PASS_HISTORY_CURRENT,v0.38,500,500,2024-09-03,2026-08-31,NO,NO,CSV_UNIQUE_ONLY,YES,YES,PASS_BAR_QA,INSTRUMENT_REVIEW,NO
WS:XTSE:IPCO,IPCO.TO,PASS_HISTORY_CURRENT,v0.38,500,500,2024-09-03,2026-08-31,NO,NO,CSV_UNIQUE_ONLY,YES,YES,PASS_BAR_QA,INSTRUMENT_REVIEW,NO
WS:XTSE:IVN,IVN.TO,PASS_HISTORY_CURRENT,v0.38,500,500,2024-09-03,2026-08-31,NO,NO,CSV_UNIQUE_ONLY,YES,YES,PASS_BAR_QA,INSTRUMENT_REVIEW,NO
WS:XTSE:JWEL,JWEL.TO,PASS_HISTORY_CURRENT,v0.38,500,500,2024-09-03,2026-08-31,NO,NO,CSV_UNIQUE_ONLY,YES,YES,PASS_BAR_QA,INSTRUMENT_REVIEW,NO
WS:XTSE:K,K.TO,PASS_HISTORY_CURRENT,v0.38,500,500,2024-09-03,2026-08-31,NO,NO,CSV_UNIQUE_ONLY,YES,YES,PASS_BAR_QA,INSTRUMENT_REVIEW,NO
WS:XTSE:KEL,KEL.TO,PASS_HISTORY_CURRENT,v0.38,500,500,2024-09-03,2026-08-31,NO,NO,CSV_UNIQUE_ONLY,YES,YES,PASS_BAR_QA,INSTRUMENT_REVIEW,NO
WS:XTSE:KEY,KEY.TO,PASS_HISTORY_CURRENT,v0.38,500,500,2024-09-03,2026-08-31,NO,NO,CSV_UNIQUE_ONLY,YES,YES,PASS_BAR_QA,INSTRUMENT_REVIEW,NO
WS:XTSE:KMP.UN,KMP-UN.TO,PASS_HISTORY_CURRENT,v0.38,501,500,2024-09-03,2026-08-28,NO,NO,CSV_UNIQUE_ONLY,YES,YES,PASS_BAR_QA,INSTRUMENT_REVIEW,NO
WS:XTSE:KNT,KNT.TO,PASS_HISTORY_CURRENT,v0.38,500,500,2024-09-03,2026-08-31,NO,NO,CSV_UNIQUE_ONLY,YES,YES,PASS_BAR_QA,INSTRUMENT_REVIEW,NO
WS:XTSE:KXS,KXS.TO,PASS_HISTORY_CURRENT,v0.38,500,500,2024-09-03,2026-08-31,NO,NO,CSV_UNIQUE_ONLY,YES,YES,PASS_BAR_QA,INSTRUMENT_REVIEW,NO
WS:XTSE:L,L.TO,PASS_HISTORY_CURRENT,v0.38,500,500,2024-09-03,2026-08-31,NO,NO,CSV_UNIQUE_ONLY,YES,YES,PASS_BAR_QA,INSTRUMENT_REVIEW,NO
WS:XTSE:LAC,LAC.TO,DATA_QUALITY_FAIL,v0.38,500,500,2024-09-03,2026-08-31,NO,NO,CSV_UNIQUE_ONLY,YES,YES,PASS_BAR_QA,DATA_QUALITY_FAIL,NO
WS:XTSE:LB,LB.TO,PASS_HISTORY_CURRENT,v0.38,500,500,2024-09-03,2026-08-31,NO,NO,CSV_UNIQUE_ONLY,YES,YES,PASS_BAR_QA,INSTRUMENT_REVIEW,NO
WS:XTSE:LIF,LIF.TO,PASS_HISTORY_CURRENT,v0.38,500,500,2024-09-03,2026-08-31,NO,NO,CSV_UNIQUE_ONLY,YES,YES,PASS_BAR_QA,INSTRUMENT_REVIEW,NO
WS:XTSE:LNR,LNR.TO,PASS_HISTORY_CURRENT,v0.38,500,500,2024-09-03,2026-08-31,NO,NO,CSV_UNIQUE_ONLY,YES,YES,PASS_BAR_QA,INSTRUMENT_REVIEW,NO
WS:XTSE:LSPD,LSPD.TO,PASS_HISTORY_CURRENT,v0.38,500,500,2024-09-03,2026-08-31,NO,NO,CSV_UNIQUE_ONLY,YES,YES,PASS_BAR_QA,INSTRUMENT_REVIEW,NO
WS:XTSE:LUG,LUG.TO,PASS_HISTORY_CURRENT,v0.38,500,500,2024-09-03,2026-08-31,NO,NO,CSV_UNIQUE_ONLY,YES,YES,PASS_BAR_QA,INSTRUMENT_REVIEW,NO
WS:XTSE:LUN,LUN.TO,PASS_HISTORY_CURRENT,v0.38,500,500,2024-09-03,2026-08-31,NO,NO,CSV_UNIQUE_ONLY,YES,YES,PASS_BAR_QA,INSTRUMENT_REVIEW,NO
WS:XTSE:MAU,MAU.TO,PASS_HISTORY_CURRENT,v0.38,500,500,2024-09-03,2026-08-31,NO,NO,CSV_UNIQUE_ONLY,YES,YES,PASS_BAR_QA,INSTRUMENT_REVIEW,NO
WS:XTSE:MDA,MDA.TO,PASS_HISTORY_CURRENT,v0.38,500,500,2024-09-03,2026-08-31,NO,NO,CSV_UNIQUE_ONLY,YES,YES,PASS_BAR_QA,INSTRUMENT_REVIEW,NO
WS:XTSE:MFC,MFC.TO,PASS_HISTORY_CURRENT,v0.38,500,500,2024-09-03,2026-08-31,NO,NO,CSV_UNIQUE_ONLY,YES,YES,PASS_BAR_QA,INSTRUMENT_REVIEW,NO
WS:XTSE:MFI,MFI.TO,PASS_HISTORY_CURRENT,v0.38,500,500,2024-09-03,2026-08-31,NO,NO,CSV_UNIQUE_ONLY,YES,YES,PASS_BAR_QA,INSTRUMENT_REVIEW,NO
WS:XTSE:MG,MG.TO,PASS_HISTORY_CURRENT,v0.38,500,500,2024-09-03,2026-08-31,NO,NO,CSV_UNIQUE_ONLY,YES,YES,PASS_BAR_QA,INSTRUMENT_REVIEW,NO
WS:XTSE:MRU,MRU.TO,PASS_HISTORY_CURRENT,v0.38,500,500,2024-09-03,2026-08-31,NO,NO,CSV_UNIQUE_ONLY,YES,YES,PASS_BAR_QA,INSTRUMENT_REVIEW,NO
WS:XTSE:MTL,MTL.TO,PASS_HISTORY_CURRENT,v0.38,500,500,2024-09-03,2026-08-31,NO,NO,CSV_UNIQUE_ONLY,YES,YES,PASS_BAR_QA,INSTRUMENT_REVIEW,NO
WS:XTSE:MX,MX.TO,PASS_HISTORY_CURRENT,v0.38,500,500,2024-09-03,2026-08-31,NO,NO,CSV_UNIQUE_ONLY,YES,YES,PASS_BAR_QA,INSTRUMENT_REVIEW,NO
WS:XTSE:NA,NA.TO,PASS_HISTORY_CURRENT,v0.38,500,500,2024-09-03,2026-08-31,NO,NO,CSV_UNIQUE_ONLY,YES,YES,PASS_BAR_QA,INSTRUMENT_REVIEW,NO
WS:XTSE:NFI,NFI.TO,PASS_HISTORY_CURRENT,v0.38,500,500,2024-09-03,2026-08-31,NO,NO,CSV_UNIQUE_ONLY,YES,YES,PASS_BAR_QA,INSTRUMENT_REVIEW,NO
WS:XTSE:NG,NG.TO,PASS_HISTORY_CURRENT,v0.38,500,500,2024-09-03,2026-08-31,NO,NO,CSV_UNIQUE_ONLY,YES,YES,PASS_BAR_QA,INSTRUMENT_REVIEW,NO
WS:XTSE:NGEX,NGEX.TO,PASS_HISTORY_CURRENT,v0.38,500,500,2024-09-03,2026-08-31,NO,NO,CSV_UNIQUE_ONLY,YES,YES,PASS_BAR_QA,INSTRUMENT_REVIEW,NO
WS:XTSE:NPI,NPI.TO,PASS_HISTORY_CURRENT,v0.38,500,500,2024-09-03,2026-08-31,NO,NO,CSV_UNIQUE_ONLY,YES,YES,PASS_BAR_QA,INSTRUMENT_REVIEW,NO
WS:XTSE:NTR,NTR.TO,PASS_HISTORY_CURRENT,v0.38,500,500,2024-09-03,2026-08-31,NO,NO,CSV_UNIQUE_ONLY,YES,YES,PASS_BAR_QA,INSTRUMENT_REVIEW,NO
WS:XTSE:NWC,NWC.TO,PASS_HISTORY_CURRENT,v0.38,500,500,2024-09-03,2026-08-31,NO,NO,CSV_UNIQUE_ONLY,YES,YES,PASS_BAR_QA,INSTRUMENT_REVIEW,NO
WS:XTSE:NXE,NXE.TO,PASS_HISTORY_CURRENT,v0.38,500,500,2024-09-03,2026-08-31,NO,NO,CSV_UNIQUE_ONLY,YES,YES,PASS_BAR_QA,INSTRUMENT_REVIEW,NO
WS:XTSE:OGC,OGC.TO,PASS_HISTORY_CURRENT,v0.38,500,500,2024-09-03,2026-08-31,NO,NO,CSV_UNIQUE_ONLY,YES,YES,PASS_BAR_QA,INSTRUMENT_REVIEW,NO
WS:XTSE:ONEX,ONEX.TO,PASS_HISTORY_CURRENT,v0.38,500,500,2024-09-03,2026-08-31,NO,NO,CSV_UNIQUE_ONLY,YES,YES,PASS_BAR_QA,INSTRUMENT_REVIEW,NO
WS:XTSE:OR,OR.TO,PASS_HISTORY_CURRENT,v0.38,500,500,2024-09-03,2026-08-31,NO,NO,CSV_UNIQUE_ONLY,YES,YES,PASS_BAR_QA,INSTRUMENT_REVIEW,NO
WS:XTSE:OTEX,OTEX.TO,PASS_HISTORY_CURRENT,v0.38,500,500,2024-09-03,2026-08-31,NO,NO,CSV_UNIQUE_ONLY,YES,YES,PASS_BAR_QA,INSTRUMENT_REVIEW,NO
WS:XTSE:PAAS,PAAS.TO,PASS_HISTORY_CURRENT,v0.38,500,500,2024-09-03,2026-08-31,NO,NO,CSV_UNIQUE_ONLY,YES,YES,PASS_BAR_QA,INSTRUMENT_REVIEW,NO
WS:XTSE:PBH,PBH.TO,PASS_HISTORY_CURRENT,v0.38,500,500,2024-09-03,2026-08-31,NO,NO,CSV_UNIQUE_ONLY,YES,YES,PASS_BAR_QA,INSTRUMENT_REVIEW,NO
WS:XTSE:PEY,PEY.TO,PASS_HISTORY_CURRENT,v0.38,500,500,2024-09-03,2026-08-31,NO,NO,CSV_UNIQUE_ONLY,YES,YES,PASS_BAR_QA,INSTRUMENT_REVIEW,NO
WS:XTSE:PMZ.UN,PMZ-UN.TO,PASS_HISTORY_CURRENT,v0.38,500,500,2024-09-03,2026-08-31,NO,NO,CSV_UNIQUE_ONLY,YES,YES,PASS_BAR_QA,INSTRUMENT_REVIEW,NO
WS:XTSE:POU,POU.TO,PASS_HISTORY_CURRENT,v0.38,500,500,2024-09-03,2026-08-31,NO,NO,CSV_UNIQUE_ONLY,YES,YES,PASS_BAR_QA,INSTRUMENT_REVIEW,NO
WS:XTSE:POW,POW.TO,PASS_HISTORY_CURRENT,v0.38,500,500,2024-09-03,2026-08-31,NO,NO,CSV_UNIQUE_ONLY,YES,YES,PASS_BAR_QA,INSTRUMENT_REVIEW,NO
WS:XTSE:PPL,PPL.TO,PASS_HISTORY_CURRENT,v0.38,500,500,2024-09-03,2026-08-31,NO,NO,CSV_UNIQUE_ONLY,YES,YES,PASS_BAR_QA,INSTRUMENT_REVIEW,NO
WS:XTSE:PPTA,PPTA.TO,PASS_HISTORY_CURRENT,v0.38,500,500,2024-09-03,2026-08-31,NO,NO,CSV_UNIQUE_ONLY,YES,YES,PASS_BAR_QA,INSTRUMENT_REVIEW,NO
WS:XTSE:PSK,PSK.TO,PASS_HISTORY_CURRENT,v0.38,500,500,2024-09-03,2026-08-31,NO,NO,CSV_UNIQUE_ONLY,YES,YES,PASS_BAR_QA,INSTRUMENT_REVIEW,NO
WS:XTSE:PXT,PXT.TO,PASS_HISTORY_CURRENT,v0.38,500,500,2024-09-03,2026-08-31,NO,NO,CSV_UNIQUE_ONLY,YES,YES,PASS_BAR_QA,INSTRUMENT_REVIEW,NO
WS:XTSE:QBR.B,QBR-B.TO,PASS_HISTORY_CURRENT,v0.38,500,500,2024-09-03,2026-08-31,NO,NO,CSV_UNIQUE_ONLY,YES,YES,PASS_BAR_QA,INSTRUMENT_REVIEW,NO
WS:XTSE:QSR,QSR.TO,PASS_HISTORY_CURRENT,v0.38,500,500,2024-09-03,2026-08-31,NO,NO,CSV_UNIQUE_ONLY,YES,YES,PASS_BAR_QA,INSTRUMENT_REVIEW,NO
WS:XTSE:RBA,RBA.TO,PASS_HISTORY_CURRENT,v0.38,500,500,2024-09-03,2026-08-31,NO,NO,CSV_UNIQUE_ONLY,YES,YES,PASS_BAR_QA,INSTRUMENT_REVIEW,NO
WS:XTSE:RCH,RCH.TO,PASS_HISTORY_CURRENT,v0.38,500,500,2024-09-03,2026-08-31,NO,NO,CSV_UNIQUE_ONLY,YES,YES,PASS_BAR_QA,INSTRUMENT_REVIEW,NO
WS:XTSE:RCI.B,RCI-B.TO,PASS_HISTORY_CURRENT,v0.38,500,500,2024-09-03,2026-08-31,NO,NO,CSV_UNIQUE_ONLY,YES,YES,PASS_BAR_QA,INSTRUMENT_REVIEW,NO
WS:XTSE:REI.UN,REI-UN.TO,PASS_HISTORY_CURRENT,v0.38,501,500,2024-09-03,2026-08-28,NO,NO,CSV_UNIQUE_ONLY,YES,YES,PASS_BAR_QA,INSTRUMENT_REVIEW,NO
WS:XTSE:RUS,RUS.TO,PASS_HISTORY_CURRENT,v0.38,500,500,2024-09-03,2026-08-31,NO,NO,CSV_UNIQUE_ONLY,YES,YES,PASS_BAR_QA,INSTRUMENT_REVIEW,NO
WS:XTSE:RY,RY.TO,PASS_HISTORY_CURRENT,v0.38,500,500,2024-09-03,2026-08-31,NO,NO,CSV_UNIQUE_ONLY,YES,YES,PASS_BAR_QA,INSTRUMENT_REVIEW,NO
WS:XTSE:SAP,SAP.TO,PASS_HISTORY_CURRENT,v0.38,500,500,2024-09-03,2026-08-31,NO,NO,CSV_UNIQUE_ONLY,YES,YES,PASS_BAR_QA,INSTRUMENT_REVIEW,NO
WS:XTSE:SCR,SCR.TO,PASS_HISTORY_CURRENT,v0.38,500,500,2024-09-03,2026-08-31,NO,NO,CSV_UNIQUE_ONLY,YES,YES,PASS_BAR_QA,INSTRUMENT_REVIEW,NO
WS:XTSE:SDE,SDE.TO,PASS_HISTORY_CURRENT,v0.38,500,500,2024-09-03,2026-08-31,NO,NO,CSV_UNIQUE_ONLY,YES,YES,PASS_BAR_QA,INSTRUMENT_REVIEW,NO
WS:XTSE:SEA,SEA.TO,PASS_HISTORY_CURRENT,v0.38,500,500,2024-09-03,2026-08-31,NO,NO,CSV_UNIQUE_ONLY,YES,YES,PASS_BAR_QA,INSTRUMENT_REVIEW,NO
WS:XTSE:SES,SES.TO,PASS_HISTORY_CURRENT,v0.38,500,500,2024-09-03,2026-08-31,NO,NO,CSV_UNIQUE_ONLY,YES,YES,PASS_BAR_QA,INSTRUMENT_REVIEW,NO
WS:XTSE:SHOP,SHOP.TO,PASS_HISTORY_CURRENT,v0.38,500,500,2024-09-03,2026-08-31,NO,NO,CSV_UNIQUE_ONLY,YES,YES,PASS_BAR_QA,INSTRUMENT_REVIEW,NO
WS:XTSE:SIA,SIA.TO,PASS_HISTORY_CURRENT,v0.38,500,500,2024-09-03,2026-08-31,NO,NO,CSV_UNIQUE_ONLY,YES,YES,PASS_BAR_QA,INSTRUMENT_REVIEW,NO
WS:XTSE:SII,SII.TO,PASS_HISTORY_CURRENT,v0.38,500,500,2024-09-03,2026-08-31,NO,NO,CSV_UNIQUE_ONLY,YES,YES,PASS_BAR_QA,INSTRUMENT_REVIEW,NO
WS:XTSE:SJ,SJ.TO,PASS_HISTORY_CURRENT,v0.38,500,500,2024-09-03,2026-08-31,NO,NO,CSV_UNIQUE_ONLY,YES,YES,PASS_BAR_QA,INSTRUMENT_REVIEW,NO
WS:XTSE:SKE,SKE.TO,PASS_HISTORY_CURRENT,v0.38,500,500,2024-09-03,2026-08-31,NO,NO,CSV_UNIQUE_ONLY,YES,YES,PASS_BAR_QA,INSTRUMENT_REVIEW,NO
WS:XTSE:SLF,SLF.TO,PASS_HISTORY_CURRENT,v0.38,500,500,2024-09-03,2026-08-31,NO,NO,CSV_UNIQUE_ONLY,YES,YES,PASS_BAR_QA,INSTRUMENT_REVIEW,NO
WS:XTSE:SOBO,SOBO.TO,PASS_HISTORY_CURRENT,v0.38,484,484,2024-09-25,2026-08-31,NO,NO,CSV_UNIQUE_ONLY,YES,YES,PASS_BAR_QA,INSTRUMENT_REVIEW,NO
WS:XTSE:SPB,SPB.TO,PASS_HISTORY_CURRENT,v0.38,500,500,2024-09-03,2026-08-31,NO,NO,CSV_UNIQUE_ONLY,YES,YES,PASS_BAR_QA,INSTRUMENT_REVIEW,NO
WS:XTSE:SRU.UN,SRU-UN.TO,PASS_HISTORY_CURRENT,v0.38,500,500,2024-09-03,2026-08-31,NO,NO,CSV_UNIQUE_ONLY,YES,YES,PASS_BAR_QA,INSTRUMENT_REVIEW,NO
WS:XTSE:SSRM,SSRM.TO,PASS_HISTORY_CURRENT,v0.38,500,500,2024-09-03,2026-08-31,NO,NO,CSV_UNIQUE_ONLY,YES,YES,PASS_BAR_QA,INSTRUMENT_REVIEW,NO
WS:XTSE:STN,STN.TO,PASS_HISTORY_CURRENT,v0.38,500,500,2024-09-03,2026-08-31,NO,NO,CSV_UNIQUE_ONLY,YES,YES,PASS_BAR_QA,INSTRUMENT_REVIEW,NO
WS:XTSE:SU,SU.TO,PASS_HISTORY_CURRENT,v0.38,500,500,2024-09-03,2026-08-31,NO,NO,CSV_UNIQUE_ONLY,YES,YES,PASS_BAR_QA,INSTRUMENT_REVIEW,NO
WS:XTSE:SVM,SVM.TO,PASS_HISTORY_CURRENT,v0.38,500,500,2024-09-03,2026-08-31,NO,NO,CSV_UNIQUE_ONLY,YES,YES,PASS_BAR_QA,INSTRUMENT_REVIEW,NO
WS:XTSE:SXGC,SXGC.TO,PASS_HISTORY_CURRENT,v0.38,500,500,2024-09-03,2026-08-31,NO,NO,CSV_UNIQUE_ONLY,YES,YES,PASS_BAR_QA,INSTRUMENT_REVIEW,NO
WS:XTSE:T,T.TO,PASS_HISTORY_CURRENT,v0.38,500,500,2024-09-03,2026-08-31,NO,NO,CSV_UNIQUE_ONLY,YES,YES,PASS_BAR_QA,INSTRUMENT_REVIEW,NO
WS:XTSE:TA,TA.TO,PASS_HISTORY_CURRENT,v0.38,500,500,2024-09-03,2026-08-31,NO,NO,CSV_UNIQUE_ONLY,YES,YES,PASS_BAR_QA,INSTRUMENT_REVIEW,NO
WS:XTSE:TD,TD.TO,PASS_HISTORY_CURRENT,v0.38,500,500,2024-09-03,2026-08-31,NO,NO,CSV_UNIQUE_ONLY,YES,YES,PASS_BAR_QA,INSTRUMENT_REVIEW,NO
WS:XTSE:TECK.B,TECK-B.TO,PASS_HISTORY_CURRENT,v0.38,501,500,2024-09-03,2026-08-28,NO,NO,CSV_UNIQUE_ONLY,YES,YES,PASS_BAR_QA,INSTRUMENT_REVIEW,NO
WS:XTSE:TFII,TFII.TO,PASS_HISTORY_CURRENT,v0.38,500,500,2024-09-03,2026-08-31,NO,NO,CSV_UNIQUE_ONLY,YES,YES,PASS_BAR_QA,INSTRUMENT_REVIEW,NO
WS:XTSE:TFPM,TFPM.TO,PASS_HISTORY_CURRENT,v0.38,500,500,2024-09-03,2026-08-31,NO,NO,CSV_UNIQUE_ONLY,YES,YES,PASS_BAR_QA,INSTRUMENT_REVIEW,NO
WS:XTSE:TIH,TIH.TO,PASS_HISTORY_CURRENT,v0.38,500,500,2024-09-03,2026-08-31,NO,NO,CSV_UNIQUE_ONLY,YES,YES,PASS_BAR_QA,INSTRUMENT_REVIEW,NO
WS:XTSE:TKO,TKO.TO,PASS_HISTORY_CURRENT,v0.38,500,500,2024-09-03,2026-08-31,NO,NO,CSV_UNIQUE_ONLY,YES,YES,PASS_BAR_QA,INSTRUMENT_REVIEW,NO
WS:XTSE:TOU,TOU.TO,PASS_HISTORY_CURRENT,v0.38,500,500,2024-09-03,2026-08-31,NO,NO,CSV_UNIQUE_ONLY,YES,YES,PASS_BAR_QA,INSTRUMENT_REVIEW,NO
WS:XTSE:TPZ,TPZ.TO,PASS_HISTORY_CURRENT,v0.38,500,500,2024-09-03,2026-08-31,NO,NO,CSV_UNIQUE_ONLY,YES,YES,PASS_BAR_QA,INSTRUMENT_REVIEW,NO
WS:XTSE:TRI,TRI.TO,PASS_HISTORY_CURRENT,v0.38,500,500,2024-09-03,2026-08-31,NO,NO,CSV_UNIQUE_ONLY,YES,YES,PASS_BAR_QA,INSTRUMENT_REVIEW,NO
WS:XTSE:TRP,TRP.TO,PASS_HISTORY_CURRENT,v0.38,500,500,2024-09-03,2026-08-31,NO,NO,CSV_UNIQUE_ONLY,YES,YES,PASS_BAR_QA,INSTRUMENT_REVIEW,NO
WS:XTSE:TSU,TSU.TO,PASS_HISTORY_CURRENT,v0.38,500,500,2024-09-03,2026-08-31,NO,NO,CSV_UNIQUE_ONLY,YES,YES,PASS_BAR_QA,INSTRUMENT_REVIEW,NO
WS:XTSE:TVE,TVE.TO,PASS_HISTORY_CURRENT,v0.38,500,500,2024-09-03,2026-08-31,NO,NO,CSV_UNIQUE_ONLY,YES,YES,PASS_BAR_QA,INSTRUMENT_REVIEW,NO
WS:XTSE:TVK,TVK.TO,PASS_HISTORY_CURRENT,v0.38,500,500,2024-09-03,2026-08-31,NO,NO,CSV_UNIQUE_ONLY,YES,YES,PASS_BAR_QA,INSTRUMENT_REVIEW,NO
WS:XTSE:TXG,TXG.TO,PASS_HISTORY_CURRENT,v0.38,500,500,2024-09-03,2026-08-31,NO,NO,CSV_UNIQUE_ONLY,YES,YES,PASS_BAR_QA,INSTRUMENT_REVIEW,NO
WS:XTSE:USA,USA.TO,PASS_HISTORY_CURRENT,v0.38,500,500,2024-09-03,2026-08-31,NO,NO,CSV_UNIQUE_ONLY,YES,YES,PASS_BAR_QA,INSTRUMENT_REVIEW,NO
WS:XTSE:VET,VET.TO,PASS_HISTORY_CURRENT,v0.38,500,500,2024-09-03,2026-08-31,NO,NO,CSV_UNIQUE_ONLY,YES,YES,PASS_BAR_QA,INSTRUMENT_REVIEW,NO
WS:XTSE:VNP,VNP.TO,PASS_HISTORY_CURRENT,v0.38,500,500,2024-09-03,2026-08-31,NO,NO,CSV_UNIQUE_ONLY,YES,YES,PASS_BAR_QA,INSTRUMENT_REVIEW,NO
WS:XTSE:VZLA,VZLA.TO,PASS_HISTORY_CURRENT,v0.38,500,500,2024-09-03,2026-08-31,NO,NO,CSV_UNIQUE_ONLY,YES,YES,PASS_BAR_QA,INSTRUMENT_REVIEW,NO
WS:XTSE:WCN,WCN.TO,PASS_HISTORY_CURRENT,v0.38,500,500,2024-09-03,2026-08-31,NO,NO,CSV_UNIQUE_ONLY,YES,YES,PASS_BAR_QA,INSTRUMENT_REVIEW,NO
WS:XTSE:WCP,WCP.TO,PASS_HISTORY_CURRENT,v0.38,500,500,2024-09-03,2026-08-31,NO,NO,CSV_UNIQUE_ONLY,YES,YES,PASS_BAR_QA,INSTRUMENT_REVIEW,NO
WS:XTSE:WDO,WDO.TO,PASS_HISTORY_CURRENT,v0.38,500,500,2024-09-03,2026-08-31,NO,NO,CSV_UNIQUE_ONLY,YES,YES,PASS_BAR_QA,INSTRUMENT_REVIEW,NO
WS:XTSE:WFG,WFG.TO,PASS_HISTORY_CURRENT,v0.38,500,500,2024-09-03,2026-08-31,NO,NO,CSV_UNIQUE_ONLY,YES,YES,PASS_BAR_QA,INSTRUMENT_REVIEW,NO
WS:XTSE:WN,WN.TO,PASS_HISTORY_CURRENT,v0.38,500,500,2024-09-03,2026-08-31,NO,NO,CSV_UNIQUE_ONLY,YES,YES,PASS_BAR_QA,INSTRUMENT_REVIEW,NO
WS:XTSE:WPM,WPM.TO,PASS_HISTORY_CURRENT,v0.38,500,500,2024-09-03,2026-08-31,NO,NO,CSV_UNIQUE_ONLY,YES,YES,PASS_BAR_QA,INSTRUMENT_REVIEW,NO
WS:XTSE:WSP,WSP.TO,PASS_HISTORY_CURRENT,v0.38,500,500,2024-09-03,2026-08-31,NO,NO,CSV_UNIQUE_ONLY,YES,YES,PASS_BAR_QA,INSTRUMENT_REVIEW,NO
WS:XTSE:X,X.TO,PASS_HISTORY_CURRENT,v0.38,500,500,2024-09-03,2026-08-31,NO,NO,CSV_UNIQUE_ONLY,YES,YES,PASS_BAR_QA,INSTRUMENT_REVIEW,NO
WS:XWAR:ACPP.WA,ACP.WA,PASS_HISTORY_CURRENT,v0.47,499,499,2024-09-04,2026-09-04,NO,NO,SQLITE,YES,YES,PASS_BAR_QA,LOW_LIQUIDITY_EXCEPTION,YES
WS:XWAR:ALEP.WA,ALE.WA,PASS_HISTORY_CURRENT,v0.47,499,499,2024-09-04,2026-09-04,NO,NO,SQLITE,YES,YES,PASS_BAR_QA,PASS_STRICT_CANDIDATE,YES
WS:XWAR:BFT.WA,BFT.WA,PASS_HISTORY_CURRENT,v0.38,497,496,2024-09-02,2026-08-28,NO,NO,CSV_UNIQUE_ONLY,YES,YES,PASS_BAR_QA,INSTRUMENT_REVIEW,NO
WS:XWAR:CDR.WA,CDR.WA,PASS_HISTORY_CURRENT,v0.38,497,496,2024-09-02,2026-08-28,NO,NO,CSV_UNIQUE_ONLY,YES,YES,PASS_BAR_QA,INSTRUMENT_REVIEW,NO
WS:XWAR:DNP.WA,DNP.WA,PASS_HISTORY_CURRENT,v0.38,497,496,2024-09-02,2026-08-28,NO,NO,CSV_UNIQUE_ONLY,YES,YES,PASS_BAR_QA,INSTRUMENT_REVIEW,NO
WS:XWAR:EBP.WA,EBP.WA,PASS_HISTORY_CURRENT,v0.38,497,496,2024-09-02,2026-08-28,NO,NO,CSV_UNIQUE_ONLY,YES,YES,PASS_BAR_QA,INSTRUMENT_REVIEW,NO
WS:XWAR:INGP.WA,ING.WA,PASS_HISTORY_CURRENT,v0.38,497,496,2024-09-02,2026-08-28,NO,NO,CSV_UNIQUE_ONLY,YES,YES,PASS_BAR_QA,INSTRUMENT_REVIEW,NO
WS:XWAR:KGH.WA,KGH.WA,PASS_HISTORY_CURRENT,v0.38,497,496,2024-09-02,2026-08-28,NO,NO,CSV_UNIQUE_ONLY,YES,YES,PASS_BAR_QA,INSTRUMENT_REVIEW,NO
WS:XWAR:KTY.WA,KTY.WA,PASS_HISTORY_CURRENT,v0.38,497,496,2024-09-02,2026-08-28,NO,NO,CSV_UNIQUE_ONLY,YES,YES,PASS_BAR_QA,INSTRUMENT_REVIEW,NO
WS:XWAR:LPPP.WA,LPP.WA,PASS_HISTORY_CURRENT,v0.47,499,499,2024-09-04,2026-09-04,NO,NO,SQLITE,YES,YES,PASS_BAR_QA,LOW_LIQUIDITY_EXCEPTION,YES
WS:XWAR:MBK.WA,MBK.WA,PASS_HISTORY_CURRENT,v0.38,497,496,2024-09-02,2026-08-28,NO,NO,CSV_UNIQUE_ONLY,YES,YES,PASS_BAR_QA,INSTRUMENT_REVIEW,NO
WS:XWAR:MILP.WA,MIL.WA,PASS_HISTORY_CURRENT,v0.47,499,499,2024-09-04,2026-09-04,NO,NO,SQLITE,YES,YES,PASS_BAR_QA,FAIL_LIQUIDITY,YES
WS:XWAR:PEO.WA,PEO.WA,PASS_HISTORY_CURRENT,v0.38,497,496,2024-09-02,2026-08-28,NO,NO,CSV_UNIQUE_ONLY,YES,YES,PASS_BAR_QA,INSTRUMENT_REVIEW,NO
WS:XWAR:PKN.WA,PKN.WA,PASS_HISTORY_CURRENT,v0.38,497,496,2024-09-02,2026-08-28,NO,NO,CSV_UNIQUE_ONLY,YES,YES,PASS_BAR_QA,INSTRUMENT_REVIEW,NO
WS:XWAR:PKO.WA,PKO.WA,PASS_HISTORY_CURRENT,v0.38,497,496,2024-09-02,2026-08-28,NO,NO,CSV_UNIQUE_ONLY,YES,YES,PASS_BAR_QA,INSTRUMENT_REVIEW,NO
WS:XWAR:PZU.WA,PZU.WA,PASS_HISTORY_CURRENT,v0.38,497,496,2024-09-02,2026-08-28,NO,NO,CSV_UNIQUE_ONLY,YES,YES,PASS_BAR_QA,INSTRUMENT_REVIEW,NO
WS:XWAR:TPE.WA,TPE.WA,PASS_HISTORY_CURRENT,v0.38,497,496,2024-09-02,2026-08-28,NO,NO,CSV_UNIQUE_ONLY,YES,YES,PASS_BAR_QA,INSTRUMENT_REVIEW,NO
WS:XWAR:ZAB.WA,ZAB.WA,PASS_HISTORY_CURRENT,v0.38,464,463,2024-10-17,2026-08-28,NO,NO,CSV_UNIQUE_ONLY,YES,YES,PASS_BAR_QA,INSTRUMENT_REVIEW,NO
WS:XWBO:ANDR.VI,ANDR.VI,PASS_HISTORY_CURRENT,v0.38,505,504,2024-09-02,2026-08-28,NO,NO,CSV_UNIQUE_ONLY,YES,YES,PASS_BAR_QA,INSTRUMENT_REVIEW,NO
WS:XWBO:ATSV.VI,ATS.VI,PASS_HISTORY_CURRENT,v0.47,507,507,2024-09-04,2026-09-04,NO,NO,SQLITE,YES,YES,PASS_BAR_QA,PASS_STRICT_CANDIDATE,YES
WS:XWBO:BAWG.VI,BG.VI,PASS_HISTORY_CURRENT,v0.47,507,507,2024-09-04,2026-09-04,NO,NO,SQLITE,YES,YES,PASS_BAR_QA,PASS_STRICT_CANDIDATE,YES
WS:XWBO:ERST.VI,EBS.VI,PASS_HISTORY_CURRENT,v0.47,507,507,2024-09-04,2026-09-04,NO,NO,SQLITE,YES,YES,PASS_BAR_QA,PASS_STRICT_CANDIDATE,YES
WS:XWBO:OMVV.VI,OMV.VI,PASS_HISTORY_CURRENT,v0.47,507,507,2024-09-04,2026-09-04,NO,NO,SQLITE,YES,YES,PASS_BAR_QA,PASS_STRICT_CANDIDATE,YES
WS:XWBO:RBIV.VI,RBI.VI,PASS_HISTORY_CURRENT,v0.47,507,507,2024-09-04,2026-09-04,NO,NO,SQLITE,YES,YES,PASS_BAR_QA,LOW_LIQUIDITY_EXCEPTION,YES
WS:XWBO:VERB.VI,VER.VI,PASS_HISTORY_CURRENT,v0.47,507,507,2024-09-04,2026-09-04,NO,NO,SQLITE,YES,YES,PASS_BAR_QA,LOW_LIQUIDITY_EXCEPTION,YES
WS:XWBO:VOES.VI,VOE.VI,PASS_HISTORY_CURRENT,v0.47,507,507,2024-09-04,2026-09-04,NO,NO,SQLITE,YES,YES,PASS_BAR_QA,LOW_LIQUIDITY_EXCEPTION,YES
WS:XWBO:WBSV.VI,WIE.VI,PASS_HISTORY_CURRENT,v0.47,507,507,2024-09-04,2026-09-04,NO,NO,SQLITE,YES,YES,PASS_BAR_QA,LOW_LIQUIDITY_EXCEPTION,YES
WS:BVMF:ABEV3,ABEV3.SA,PASS_HISTORY_CURRENT,v0.38,498,498,2024-09-02,2026-08-31,NO,NO,CSV_UNIQUE_ONLY,YES,YES,PASS_BAR_QA,PASS_STRICT_CANDIDATE,NO
WS:BVMF:ALOS3,ALOS3.SA,PASS_HISTORY_CURRENT,v0.38,497,497,2024-09-02,2026-08-28,NO,NO,CSV_UNIQUE_ONLY,YES,YES,PASS_BAR_QA,PASS_STRICT_CANDIDATE,NO
WS:BVMF:ANIM3,ANIM3.SA,PASS_HISTORY_CURRENT,v0.38,497,497,2024-09-02,2026-08-28,NO,NO,CSV_UNIQUE_ONLY,YES,YES,PASS_BAR_QA,FAIL_LIQUIDITY,NO
WS:BVMF:ASAI3,ASAI3.SA,PASS_HISTORY_CURRENT,v0.38,498,498,2024-09-02,2026-08-31,NO,NO,CSV_UNIQUE_ONLY,YES,YES,PASS_BAR_QA,LOW_LIQUIDITY_EXCEPTION,NO
WS:BVMF:AUAU3,AUAU3.SA,INSUFFICIENT_HISTORY,v0.38,165,165,2026-01-05,2026-08-31,NO,NO,CSV_UNIQUE_ONLY,NO,NO,FAIL_LT_260+LT_252,INSUFFICIENT_HISTORY,NO
WS:BVMF:AURE3,AURE3.SA,PASS_HISTORY_CURRENT,v0.38,498,498,2024-09-02,2026-08-31,NO,NO,CSV_UNIQUE_ONLY,YES,YES,PASS_BAR_QA,LOW_LIQUIDITY_EXCEPTION,NO
WS:BVMF:AXIA3,AXIA3.SA,PASS_HISTORY_CURRENT,v0.38,498,498,2024-09-02,2026-08-31,NO,NO,CSV_UNIQUE_ONLY,YES,YES,PASS_BAR_QA,PASS_STRICT_CANDIDATE,NO
WS:BVMF:AZZA3,AZZA3.SA,PASS_HISTORY_CURRENT,v0.38,498,498,2024-09-02,2026-08-31,NO,NO,CSV_UNIQUE_ONLY,YES,YES,PASS_BAR_QA,LOW_LIQUIDITY_EXCEPTION,NO
WS:BVMF:B3SA3,B3SA3.SA,PASS_HISTORY_CURRENT,v0.38,497,497,2024-09-02,2026-08-28,NO,NO,CSV_UNIQUE_ONLY,YES,YES,PASS_BAR_QA,PASS_STRICT_CANDIDATE,NO
WS:BVMF:BBAS3,BBAS3.SA,PASS_HISTORY_CURRENT,v0.38,497,497,2024-09-02,2026-08-28,NO,NO,CSV_UNIQUE_ONLY,YES,YES,PASS_BAR_QA,PASS_STRICT_CANDIDATE,NO
WS:BVMF:BBDC3,BBDC3.SA,PASS_HISTORY_CURRENT,v0.38,498,498,2024-09-02,2026-08-31,NO,NO,CSV_UNIQUE_ONLY,YES,YES,PASS_BAR_QA,LOW_LIQUIDITY_EXCEPTION,NO
WS:BVMF:BBDC4,BBDC4.SA,NOT_VERIFIED,v0.38,0,0,,,NO,NO,CSV_UNIQUE_ONLY,NO,NO,NO_BARS,NOT_VERIFIED,NO
WS:BVMF:BBSE3,BBSE3.SA,PASS_HISTORY_CURRENT,v0.38,497,497,2024-09-02,2026-08-28,NO,NO,CSV_UNIQUE_ONLY,YES,YES,PASS_BAR_QA,PASS_STRICT_CANDIDATE,NO
WS:BVMF:BEEF3,BEEF3.SA,PASS_HISTORY_CURRENT,v0.38,498,498,2024-09-02,2026-08-31,NO,NO,CSV_UNIQUE_ONLY,YES,YES,PASS_BAR_QA,LOW_LIQUIDITY_EXCEPTION,NO
WS:BVMF:BPAC11,BPAC11.SA,NOT_VERIFIED,v0.38,0,0,,,NO,NO,CSV_UNIQUE_ONLY,NO,NO,NO_BARS,NOT_VERIFIED,NO
WS:BVMF:BRAP4,BRAP4.SA,NOT_VERIFIED,v0.38,0,0,,,NO,NO,CSV_UNIQUE_ONLY,NO,NO,NO_BARS,NOT_VERIFIED,NO
WS:BVMF:BRAV3,BRAV3.SA,PASS_HISTORY_CURRENT,v0.38,498,498,2024-09-02,2026-08-31,NO,NO,CSV_UNIQUE_ONLY,YES,YES,PASS_BAR_QA,LOW_LIQUIDITY_EXCEPTION,NO
WS:BVMF:CBAV3,CBAV3.SA,PASS_HISTORY_CURRENT,v0.38,497,497,2024-09-02,2026-08-28,NO,NO,CSV_UNIQUE_ONLY,YES,YES,PASS_BAR_QA,FAIL_LIQUIDITY,NO
WS:BVMF:CEAB3,CEAB3.SA,PASS_HISTORY_CURRENT,v0.38,497,497,2024-09-02,2026-08-28,NO,NO,CSV_UNIQUE_ONLY,YES,YES,PASS_BAR_QA,LOW_LIQUIDITY_EXCEPTION,NO
WS:BVMF:CMIG4,CMIG4.SA,NOT_VERIFIED,v0.38,0,0,,,NO,NO,CSV_UNIQUE_ONLY,NO,NO,NO_BARS,NOT_VERIFIED,NO
WS:BVMF:CMIN3,CMIN3.SA,PASS_HISTORY_CURRENT,v0.38,498,498,2024-09-02,2026-08-31,NO,NO,CSV_UNIQUE_ONLY,YES,YES,PASS_BAR_QA,LOW_LIQUIDITY_EXCEPTION,NO
WS:BVMF:COGN3,COGN3.SA,PASS_HISTORY_CURRENT,v0.38,497,497,2024-09-02,2026-08-28,NO,NO,CSV_UNIQUE_ONLY,YES,YES,PASS_BAR_QA,LOW_LIQUIDITY_EXCEPTION,NO
WS:BVMF:CPFE3,CPFE3.SA,PASS_HISTORY_CURRENT,v0.38,497,497,2024-09-02,2026-08-28,NO,NO,CSV_UNIQUE_ONLY,YES,YES,PASS_BAR_QA,LOW_LIQUIDITY_EXCEPTION,NO
WS:BVMF:CPLE3,CPLE3.SA,PASS_HISTORY_CURRENT,v0.38,498,498,2024-09-02,2026-08-31,NO,NO,CSV_UNIQUE_ONLY,YES,YES,PASS_BAR_QA,PASS_STRICT_CANDIDATE,NO
WS:BVMF:CSAN3,CSAN3.SA,PASS_HISTORY_CURRENT,v0.38,498,498,2024-09-02,2026-08-31,NO,NO,CSV_UNIQUE_ONLY,YES,YES,PASS_BAR_QA,PASS_STRICT_CANDIDATE,NO
WS:BVMF:CSMG3,CSMG3.SA,PASS_HISTORY_CURRENT,v0.38,497,497,2024-09-02,2026-08-28,NO,NO,CSV_UNIQUE_ONLY,YES,YES,PASS_BAR_QA,PASS_STRICT_CANDIDATE,NO
WS:BVMF:CSNA3,CSNA3.SA,PASS_HISTORY_CURRENT,v0.38,498,498,2024-09-02,2026-08-31,NO,NO,CSV_UNIQUE_ONLY,YES,YES,PASS_BAR_QA,LOW_LIQUIDITY_EXCEPTION,NO
WS:BVMF:CURY3,CURY3.SA,PASS_HISTORY_CURRENT,v0.38,498,498,2024-09-02,2026-08-31,NO,NO,CSV_UNIQUE_ONLY,YES,YES,PASS_BAR_QA,PASS_STRICT_CANDIDATE,NO
WS:BVMF:CVCB3,CVCB3.SA,PASS_HISTORY_CURRENT,v0.38,498,498,2024-09-02,2026-08-31,NO,NO,CSV_UNIQUE_ONLY,YES,YES,PASS_BAR_QA,FAIL_LIQUIDITY,NO
WS:BVMF:CXSE3,CXSE3.SA,PASS_HISTORY_CURRENT,v0.38,497,497,2024-09-02,2026-08-28,NO,NO,CSV_UNIQUE_ONLY,YES,YES,PASS_BAR_QA,PASS_STRICT_CANDIDATE,NO
WS:BVMF:CYRE3,CYRE3.SA,PASS_HISTORY_CURRENT,v0.38,497,497,2024-09-02,2026-08-28,NO,NO,CSV_UNIQUE_ONLY,YES,YES,PASS_BAR_QA,PASS_STRICT_CANDIDATE,NO
WS:BVMF:DIRR3,DIRR3.SA,PASS_HISTORY_CURRENT,v0.38,497,497,2024-09-02,2026-08-28,NO,NO,CSV_UNIQUE_ONLY,YES,YES,PASS_BAR_QA,LOW_LIQUIDITY_EXCEPTION,NO
WS:BVMF:ECOR3,ECOR3.SA,PASS_HISTORY_CURRENT,v0.38,497,497,2024-09-02,2026-08-28,NO,NO,CSV_UNIQUE_ONLY,YES,YES,PASS_BAR_QA,FAIL_LIQUIDITY,NO
WS:BVMF:EGIE3,EGIE3.SA,PASS_HISTORY_CURRENT,v0.38,497,497,2024-09-02,2026-08-28,NO,NO,CSV_UNIQUE_ONLY,YES,YES,PASS_BAR_QA,PASS_STRICT_CANDIDATE,NO
WS:BVMF:EMBJ3,EMBJ3.SA,PASS_HISTORY_CURRENT,v0.38,498,498,2024-09-02,2026-08-31,NO,NO,CSV_UNIQUE_ONLY,YES,YES,PASS_BAR_QA,PASS_STRICT_CANDIDATE,NO
WS:BVMF:ENEV3,ENEV3.SA,PASS_HISTORY_CURRENT,v0.38,497,497,2024-09-02,2026-08-28,NO,NO,CSV_UNIQUE_ONLY,YES,YES,PASS_BAR_QA,PASS_STRICT_CANDIDATE,NO
WS:BVMF:ENGI11,ENGI11.SA,NOT_VERIFIED,v0.38,0,0,,,NO,NO,CSV_UNIQUE_ONLY,NO,NO,NO_BARS,NOT_VERIFIED,NO
WS:BVMF:EQTL3,EQTL3.SA,PASS_HISTORY_CURRENT,v0.38,498,498,2024-09-02,2026-08-31,NO,NO,CSV_UNIQUE_ONLY,YES,YES,PASS_BAR_QA,PASS_STRICT_CANDIDATE,NO
WS:BVMF:EZTC3,EZTC3.SA,PASS_HISTORY_CURRENT,v0.38,497,497,2024-09-02,2026-08-28,NO,NO,CSV_UNIQUE_ONLY,YES,YES,PASS_BAR_QA,FAIL_LIQUIDITY,NO
WS:BVMF:FLRY3,FLRY3.SA,PASS_HISTORY_CURRENT,v0.38,497,497,2024-09-02,2026-08-28,NO,NO,CSV_UNIQUE_ONLY,YES,YES,PASS_BAR_QA,LOW_LIQUIDITY_EXCEPTION,NO
WS:BVMF:GGBR4,GGBR4.SA,NOT_VERIFIED,v0.38,0,0,,,NO,NO,CSV_UNIQUE_ONLY,NO,NO,NO_BARS,NOT_VERIFIED,NO
WS:BVMF:GGPS3,GGPS3.SA,PASS_HISTORY_CURRENT,v0.38,497,497,2024-09-02,2026-08-28,NO,NO,CSV_UNIQUE_ONLY,YES,YES,PASS_BAR_QA,LOW_LIQUIDITY_EXCEPTION,NO
WS:BVMF:GMAT3,GMAT3.SA,PASS_HISTORY_CURRENT,v0.38,497,497,2024-09-02,2026-08-28,NO,NO,CSV_UNIQUE_ONLY,YES,YES,PASS_BAR_QA,FAIL_LIQUIDITY,NO
WS:BVMF:GOAU4,GOAU4.SA,NOT_VERIFIED,v0.38,0,0,,,NO,NO,CSV_UNIQUE_ONLY,NO,NO,NO_BARS,NOT_VERIFIED,NO
WS:BVMF:HAPV3,HAPV3.SA,PASS_HISTORY_CURRENT,v0.38,497,497,2024-09-02,2026-08-28,NO,NO,CSV_UNIQUE_ONLY,YES,YES,PASS_BAR_QA,LOW_LIQUIDITY_EXCEPTION,NO
WS:BVMF:HYPE3,HYPE3.SA,PASS_HISTORY_CURRENT,v0.38,497,497,2024-09-02,2026-08-28,NO,NO,CSV_UNIQUE_ONLY,YES,YES,PASS_BAR_QA,LOW_LIQUIDITY_EXCEPTION,NO
WS:BVMF:IGTI11,IGTI11.SA,NOT_VERIFIED,v0.38,0,0,,,NO,NO,CSV_UNIQUE_ONLY,NO,NO,NO_BARS,NOT_VERIFIED,NO
WS:BVMF:INTB3,INTB3.SA,PASS_HISTORY_CURRENT,v0.38,497,497,2024-09-02,2026-08-28,NO,NO,CSV_UNIQUE_ONLY,YES,YES,PASS_BAR_QA,FAIL_LIQUIDITY,NO
WS:BVMF:IRBR3,IRBR3.SA,PASS_HISTORY_CURRENT,v0.38,498,498,2024-09-02,2026-08-31,NO,NO,CSV_UNIQUE_ONLY,YES,YES,PASS_BAR_QA,FAIL_LIQUIDITY,NO
WS:BVMF:ISAE4,ISAE4.SA,NOT_VERIFIED,v0.38,0,0,,,NO,NO,CSV_UNIQUE_ONLY,NO,NO,NO_BARS,NOT_VERIFIED,NO
WS:BVMF:ITSA4,ITSA4.SA,NOT_VERIFIED,v0.38,0,0,,,NO,NO,CSV_UNIQUE_ONLY,NO,NO,NO_BARS,NOT_VERIFIED,NO
WS:BVMF:ITUB3,ITUB3.SA,PASS_HISTORY_CURRENT,v0.38,498,498,2024-09-02,2026-08-31,NO,NO,CSV_UNIQUE_ONLY,YES,YES,PASS_BAR_QA,LOW_LIQUIDITY_EXCEPTION,NO
WS:BVMF:ITUB4,ITUB4.SA,NOT_VERIFIED,v0.38,0,0,,,NO,NO,CSV_UNIQUE_ONLY,NO,NO,NO_BARS,NOT_VERIFIED,NO
WS:BVMF:JHSF3,JHSF3.SA,PASS_HISTORY_CURRENT,v0.38,498,497,2024-09-02,2026-08-28,NO,NO,CSV_UNIQUE_ONLY,YES,YES,PASS_BAR_QA,LOW_LIQUIDITY_EXCEPTION,NO
WS:BVMF:KLBN11,KLBN11.SA,NOT_VERIFIED,v0.38,0,0,,,NO,NO,CSV_UNIQUE_ONLY,NO,NO,NO_BARS,NOT_VERIFIED,NO
WS:BVMF:LREN3,LREN3.SA,PASS_HISTORY_CURRENT,v0.38,497,497,2024-09-02,2026-08-28,NO,NO,CSV_UNIQUE_ONLY,YES,YES,PASS_BAR_QA,PASS_STRICT_CANDIDATE,NO
WS:BVMF:MBRF3,MBRF3.SA,PASS_HISTORY_CURRENT,v0.38,498,498,2024-09-02,2026-08-31,NO,NO,CSV_UNIQUE_ONLY,YES,YES,PASS_BAR_QA,PASS_STRICT_CANDIDATE,NO
WS:BVMF:MDNE3,MDNE3.SA,PASS_HISTORY_CURRENT,v0.38,498,498,2024-09-02,2026-08-31,NO,NO,CSV_UNIQUE_ONLY,YES,YES,PASS_BAR_QA,FAIL_LIQUIDITY,NO
WS:BVMF:MGLU3,MGLU3.SA,PASS_HISTORY_CURRENT,v0.38,498,498,2024-09-02,2026-08-31,NO,NO,CSV_UNIQUE_ONLY,YES,YES,PASS_BAR_QA,PASS_STRICT_CANDIDATE,NO
WS:BVMF:MOTV3,MOTV3.SA,PASS_HISTORY_CURRENT,v0.38,497,497,2024-09-02,2026-08-28,NO,NO,CSV_UNIQUE_ONLY,YES,YES,PASS_BAR_QA,PASS_STRICT_CANDIDATE,NO
WS:BVMF:MOVI3,MOVI3.SA,PASS_HISTORY_CURRENT,v0.38,497,497,2024-09-02,2026-08-28,NO,NO,CSV_UNIQUE_ONLY,YES,YES,PASS_BAR_QA,LOW_LIQUIDITY_EXCEPTION,NO
WS:BVMF:MRVE3,MRVE3.SA,PASS_HISTORY_CURRENT,v0.38,497,497,2024-09-02,2026-08-28,NO,NO,CSV_UNIQUE_ONLY,YES,YES,PASS_BAR_QA,LOW_LIQUIDITY_EXCEPTION,NO
WS:BVMF:MULT3,MULT3.SA,PASS_HISTORY_CURRENT,v0.38,497,497,2024-09-02,2026-08-28,NO,NO,CSV_UNIQUE_ONLY,YES,YES,PASS_BAR_QA,PASS_STRICT_CANDIDATE,NO
WS:BVMF:NATU3,NATU3.SA,DATA_QUALITY_FAIL,v0.38,296,296,2025-06-26,2026-08-28,NO,NO,CSV_UNIQUE_ONLY,YES,YES,PASS_BAR_QA,DATA_QUALITY_FAIL,NO
WS:BVMF:ORVR3,ORVR3.SA,PASS_HISTORY_CURRENT,v0.38,497,497,2024-09-02,2026-08-28,NO,NO,CSV_UNIQUE_ONLY,YES,YES,PASS_BAR_QA,LOW_LIQUIDITY_EXCEPTION,NO
WS:BVMF:PETR3,PETR3.SA,PASS_HISTORY_CURRENT,v0.38,497,497,2024-09-02,2026-08-28,NO,NO,CSV_UNIQUE_ONLY,YES,YES,PASS_BAR_QA,PASS_STRICT_CANDIDATE,NO
WS:BVMF:PETR4,PETR4.SA,NOT_VERIFIED,v0.38,0,0,,,NO,NO,CSV_UNIQUE_ONLY,NO,NO,NO_BARS,NOT_VERIFIED,NO
WS:BVMF:POMO4,POMO4.SA,NOT_VERIFIED,v0.38,0,0,,,NO,NO,CSV_UNIQUE_ONLY,NO,NO,NO_BARS,NOT_VERIFIED,NO
WS:BVMF:PRIO3,PRIO3.SA,PASS_HISTORY_CURRENT,v0.38,498,498,2024-09-02,2026-08-31,NO,NO,CSV_UNIQUE_ONLY,YES,YES,PASS_BAR_QA,PASS_STRICT_CANDIDATE,NO
WS:BVMF:PSSA3,PSSA3.SA,PASS_HISTORY_CURRENT,v0.38,497,497,2024-09-02,2026-08-28,NO,NO,CSV_UNIQUE_ONLY,YES,YES,PASS_BAR_QA,LOW_LIQUIDITY_EXCEPTION,NO
WS:BVMF:RADL3,RADL3.SA,PASS_HISTORY_CURRENT,v0.38,498,498,2024-09-02,2026-08-31,NO,NO,CSV_UNIQUE_ONLY,YES,YES,PASS_BAR_QA,PASS_STRICT_CANDIDATE,NO
WS:BVMF:RAIL3,RAIL3.SA,PASS_HISTORY_CURRENT,v0.38,497,497,2024-09-02,2026-08-28,NO,NO,CSV_UNIQUE_ONLY,YES,YES,PASS_BAR_QA,PASS_STRICT_CANDIDATE,NO
WS:BVMF:RAPT4,RAPT4.SA,NOT_VERIFIED,v0.38,0,0,,,NO,NO,CSV_UNIQUE_ONLY,NO,NO,NO_BARS,NOT_VERIFIED,NO
WS:BVMF:RDOR3,RDOR3.SA,PASS_HISTORY_CURRENT,v0.38,498,498,2024-09-02,2026-08-31,NO,NO,CSV_UNIQUE_ONLY,YES,YES,PASS_BAR_QA,PASS_STRICT_CANDIDATE,NO
WS:BVMF:RECV3,RECV3.SA,PASS_HISTORY_CURRENT,v0.38,498,498,2024-09-02,2026-08-31,NO,NO,CSV_UNIQUE_ONLY,YES,YES,PASS_BAR_QA,FAIL_LIQUIDITY,NO
WS:BVMF:RENT3,RENT3.SA,PASS_HISTORY_CURRENT,v0.38,497,497,2024-09-02,2026-08-28,NO,NO,CSV_UNIQUE_ONLY,YES,YES,PASS_BAR_QA,PASS_STRICT_CANDIDATE,NO
WS:BVMF:SANB11,SANB11.SA,NOT_VERIFIED,v0.38,0,0,,,NO,NO,CSV_UNIQUE_ONLY,NO,NO,NO_BARS,NOT_VERIFIED,NO
WS:BVMF:SAPR11,SAPR11.SA,NOT_VERIFIED,v0.38,0,0,,,NO,NO,CSV_UNIQUE_ONLY,NO,NO,NO_BARS,NOT_VERIFIED,NO
WS:BVMF:SAUD3,SAUD3.SA,PASS_HISTORY_CURRENT,v0.38,497,497,2024-09-02,2026-08-28,NO,NO,CSV_UNIQUE_ONLY,YES,YES,PASS_BAR_QA,LOW_LIQUIDITY_EXCEPTION,NO
WS:BVMF:SBSP3,SBSP3.SA,PASS_HISTORY_CURRENT,v0.38,498,498,2024-09-02,2026-08-31,NO,NO,CSV_UNIQUE_ONLY,YES,YES,PASS_BAR_QA,PASS_STRICT_CANDIDATE,NO
WS:BVMF:SIMH3,SIMH3.SA,PASS_HISTORY_CURRENT,v0.38,498,498,2024-09-02,2026-08-31,NO,NO,CSV_UNIQUE_ONLY,YES,YES,PASS_BAR_QA,FAIL_LIQUIDITY,NO
WS:BVMF:SLCE3,SLCE3.SA,PASS_HISTORY_CURRENT,v0.38,497,497,2024-09-02,2026-08-28,NO,NO,CSV_UNIQUE_ONLY,YES,YES,PASS_BAR_QA,LOW_LIQUIDITY_EXCEPTION,NO
WS:BVMF:SMFT3,SMFT3.SA,PASS_HISTORY_CURRENT,v0.38,497,497,2024-09-02,2026-08-28,NO,NO,CSV_UNIQUE_ONLY,YES,YES,PASS_BAR_QA,PASS_STRICT_CANDIDATE,NO
WS:BVMF:SMTO3,SMTO3.SA,PASS_HISTORY_CURRENT,v0.38,497,497,2024-09-02,2026-08-28,NO,NO,CSV_UNIQUE_ONLY,YES,YES,PASS_BAR_QA,FAIL_LIQUIDITY,NO
WS:BVMF:SUZB3,SUZB3.SA,PASS_HISTORY_CURRENT,v0.38,498,498,2024-09-02,2026-08-31,NO,NO,CSV_UNIQUE_ONLY,YES,YES,PASS_BAR_QA,PASS_STRICT_CANDIDATE,NO
WS:BVMF:TAEE11,TAEE11.SA,NOT_VERIFIED,v0.38,0,0,,,NO,NO,CSV_UNIQUE_ONLY,NO,NO,NO_BARS,NOT_VERIFIED,NO
WS:BVMF:TEND3,TEND3.SA,PASS_HISTORY_CURRENT,v0.38,497,497,2024-09-02,2026-08-28,NO,NO,CSV_UNIQUE_ONLY,YES,YES,PASS_BAR_QA,LOW_LIQUIDITY_EXCEPTION,NO
WS:BVMF:TIMS3,TIMS3.SA,PASS_HISTORY_CURRENT,v0.38,497,497,2024-09-02,2026-08-28,NO,NO,CSV_UNIQUE_ONLY,YES,YES,PASS_BAR_QA,PASS_STRICT_CANDIDATE,NO
WS:BVMF:TOTS3,TOTS3.SA,PASS_HISTORY_CURRENT,v0.38,497,497,2024-09-02,2026-08-28,NO,NO,CSV_UNIQUE_ONLY,YES,YES,PASS_BAR_QA,PASS_STRICT_CANDIDATE,NO
WS:BVMF:UGPA3,UGPA3.SA,PASS_HISTORY_CURRENT,v0.38,498,498,2024-09-02,2026-08-31,NO,NO,CSV_UNIQUE_ONLY,YES,YES,PASS_BAR_QA,PASS_STRICT_CANDIDATE,NO
WS:BVMF:USIM5,USIM5.SA,NOT_VERIFIED,v0.38,0,0,,,NO,NO,CSV_UNIQUE_ONLY,NO,NO,NO_BARS,NOT_VERIFIED,NO
WS:BVMF:VALE3,VALE3.SA,PASS_HISTORY_CURRENT,v0.38,497,497,2024-09-02,2026-08-28,NO,NO,CSV_UNIQUE_ONLY,YES,YES,PASS_BAR_QA,PASS_STRICT_CANDIDATE,NO
WS:BVMF:VAMO3,VAMO3.SA,PASS_HISTORY_CURRENT,v0.38,498,498,2024-09-02,2026-08-31,NO,NO,CSV_UNIQUE_ONLY,YES,YES,PASS_BAR_QA,LOW_LIQUIDITY_EXCEPTION,NO
WS:BVMF:VBBR3,VBBR3.SA,PASS_HISTORY_CURRENT,v0.38,497,497,2024-09-02,2026-08-28,NO,NO,CSV_UNIQUE_ONLY,YES,YES,PASS_BAR_QA,PASS_STRICT_CANDIDATE,NO
WS:BVMF:VIVA3,VIVA3.SA,PASS_HISTORY_CURRENT,v0.38,498,498,2024-09-02,2026-08-31,NO,NO,CSV_UNIQUE_ONLY,YES,YES,PASS_BAR_QA,LOW_LIQUIDITY_EXCEPTION,NO
WS:BVMF:VIVT3,VIVT3.SA,PASS_HISTORY_CURRENT,v0.38,497,497,2024-09-02,2026-08-28,NO,NO,CSV_UNIQUE_ONLY,YES,YES,PASS_BAR_QA,PASS_STRICT_CANDIDATE,NO
WS:BVMF:WEGE3,WEGE3.SA,PASS_HISTORY_CURRENT,v0.38,497,497,2024-09-02,2026-08-28,NO,NO,CSV_UNIQUE_ONLY,YES,YES,PASS_BAR_QA,PASS_STRICT_CANDIDATE,NO
WS:BVMF:YDUQ3,YDUQ3.SA,PASS_HISTORY_CURRENT,v0.38,497,497,2024-09-02,2026-08-28,NO,NO,CSV_UNIQUE_ONLY,YES,YES,PASS_BAR_QA,LOW_LIQUIDITY_EXCEPTION,NO
