WS_ID,Name,Country,Primary_Universe_Index,Primary_MIC,Primary_Ticker,Yahoo_Symbol,Primary_Currency,Currency_Normalized,Quote_Scale_To_Major_Currency,Instrument_Type,Instrument_Gate,Instrument_Gate_Reason,Scalable_Tradeability_Status,Cache_Status,Cache_Reason,Unique_Bars,Valid_Bars,FreeFloatMarketCap_EUR,FreeFloatMarketCap_Status,Usable20,Usable60,MedianTurnover20_EUR,MedianTurnover60_EUR,FX_Coverage20,FX_Coverage60,Liquidity_Data_Status,Liquidity_Last_Session,Liquidity_Gate,Liquidity_Bucket,Scalable_Gate,Strict_Eligibility,Blocking_Reasons,Instrument_Decision_v0_6,Instrument_Type_Resolved_v0_6,Instrument_Resolution_Method_v0_6,Instrument_Resolution_Reason_v0_6,Instrument_Evidence_URL_v0_6,Instrument_Evidence_Note_v0_6,Strict_Eligibility_v0_6,Instrument_Decision_v0_7,Instrument_Type_Resolved_v0_7,Instrument_Resolution_Method_v0_7,Instrument_Resolution_Reason_v0_7,Instrument_Evidence_URL_v0_7,Instrument_Evidence_Note_v0_7,Strict_Eligibility_v0_7,TMX_Target_Symbol,TMX_Suffix_Pattern
WS:XTSE:AAUC,Allied Gold Corporation,Canada,CA_TSX,XTSE,AAUC,AAUC.TO,CAD,CAD,1.0,UNKNOWN,NOT_VERIFIED,INSTRUMENT_TYPE_NOT_STRICTLY_VERIFIED,NOT_VERIFIED,READY,,503,503,,NOT_COLLECTED_BULK_RELIABLY_QA_ONLY,20,60,26474139.294227973,20968041.319845285,20,60,OK,2026-08-21,PASS,PREFERRED_GE_20M,PASS_OR_NOT_VERIFIED,NOT_VERIFIED,INSTRUMENT_NOT_VERIFIED,NOT_VERIFIED,UNKNOWN,TARGETED_REVIEW_REQUIRED,COMPOSITE_INCLUDES_COMMON_STOCKS_AND_INCOME_TRUST_UNITS,https://www.spglobal.com/spdji/en/methodology/article/sp-tsx-canadian-indices-methodology/,Official methodology explicitly states that the S&P/TSX Composite includes common stocks and income trust units. No group-wide PASS.,NOT_VERIFIED,NOT_VERIFIED,UNKNOWN,TARGETED_REVIEW_REQUIRED,COMPOSITE_INCLUDES_COMMON_STOCKS_AND_INCOME_TRUST_UNITS,https://www.spglobal.com/spdji/en/methodology/article/sp-tsx-canadian-indices-methodology/,Official methodology explicitly states that the S&P/TSX Composite includes common stocks and income trust units. No group-wide PASS.,NOT_VERIFIED,AAUC,NO_DOT_SUFFIX
WS:XTSE:ABX,Barrick Mining Corporation,Canada,CA_TSX,XTSE,ABX,ABX.TO,CAD,CAD,1.0,UNKNOWN,NOT_VERIFIED,INSTRUMENT_TYPE_NOT_STRICTLY_VERIFIED,NOT_VERIFIED,READY,,503,503,,NOT_COLLECTED_BULK_RELIABLY_QA_ONLY,20,60,151281898.72350404,154689950.22072002,20,60,OK,2026-08-21,PASS,PREFERRED_GE_20M,PASS_OR_NOT_VERIFIED,NOT_VERIFIED,INSTRUMENT_NOT_VERIFIED,NOT_VERIFIED,UNKNOWN,TARGETED_REVIEW_REQUIRED,COMPOSITE_INCLUDES_COMMON_STOCKS_AND_INCOME_TRUST_UNITS,https://www.spglobal.com/spdji/en/methodology/article/sp-tsx-canadian-indices-methodology/,Official methodology explicitly states that the S&P/TSX Composite includes common stocks and income trust units. No group-wide PASS.,NOT_VERIFIED,NOT_VERIFIED,UNKNOWN,TARGETED_REVIEW_REQUIRED,COMPOSITE_INCLUDES_COMMON_STOCKS_AND_INCOME_TRUST_UNITS,https://www.spglobal.com/spdji/en/methodology/article/sp-tsx-canadian-indices-methodology/,Official methodology explicitly states that the S&P/TSX Composite includes common stocks and income trust units. No group-wide PASS.,NOT_VERIFIED,ABX,NO_DOT_SUFFIX
WS:XTSE:AC,Air Canada Voting and Variable Voting Shares,Canada,CA_TSX,XTSE,AC,AC.TO,CAD,CAD,1.0,UNKNOWN,NOT_VERIFIED,INSTRUMENT_TYPE_NOT_STRICTLY_VERIFIED,NOT_VERIFIED,READY,,503,503,,NOT_COLLECTED_BULK_RELIABLY_QA_ONLY,20,60,40451475.66516411,32271228.187154993,20,60,OK,2026-08-21,PASS,PREFERRED_GE_20M,PASS_OR_NOT_VERIFIED,NOT_VERIFIED,INSTRUMENT_NOT_VERIFIED,NOT_VERIFIED,UNKNOWN,TARGETED_REVIEW_REQUIRED,COMPOSITE_INCLUDES_COMMON_STOCKS_AND_INCOME_TRUST_UNITS,https://www.spglobal.com/spdji/en/methodology/article/sp-tsx-canadian-indices-methodology/,Official methodology explicitly states that the S&P/TSX Composite includes common stocks and income trust units. No group-wide PASS.,NOT_VERIFIED,NOT_VERIFIED,UNKNOWN,TARGETED_REVIEW_REQUIRED,COMPOSITE_INCLUDES_COMMON_STOCKS_AND_INCOME_TRUST_UNITS,https://www.spglobal.com/spdji/en/methodology/article/sp-tsx-canadian-indices-methodology/,Official methodology explicitly states that the S&P/TSX Composite includes common stocks and income trust units. No group-wide PASS.,NOT_VERIFIED,AC,NO_DOT_SUFFIX
WS:XTSE:AEM,Agnico Eagle Mines Limited,Canada,CA_TSX,XTSE,AEM,AEM.TO,CAD,CAD,1.0,UNKNOWN,NOT_VERIFIED,INSTRUMENT_TYPE_NOT_STRICTLY_VERIFIED,NOT_VERIFIED,READY,,503,503,,NOT_COLLECTED_BULK_RELIABLY_QA_ONLY,20,60,181902969.64327163,148565987.14161032,20,60,OK,2026-08-21,PASS,PREFERRED_GE_20M,PASS_OR_NOT_VERIFIED,NOT_VERIFIED,INSTRUMENT_NOT_VERIFIED,NOT_VERIFIED,UNKNOWN,TARGETED_REVIEW_REQUIRED,COMPOSITE_INCLUDES_COMMON_STOCKS_AND_INCOME_TRUST_UNITS,https://www.spglobal.com/spdji/en/methodology/article/sp-tsx-canadian-indices-methodology/,Official methodology explicitly states that the S&P/TSX Composite includes common stocks and income trust units. No group-wide PASS.,NOT_VERIFIED,NOT_VERIFIED,UNKNOWN,TARGETED_REVIEW_REQUIRED,COMPOSITE_INCLUDES_COMMON_STOCKS_AND_INCOME_TRUST_UNITS,https://www.spglobal.com/spdji/en/methodology/article/sp-tsx-canadian-indices-methodology/,Official methodology explicitly states that the S&P/TSX Composite includes common stocks and income trust units. No group-wide PASS.,NOT_VERIFIED,AEM,NO_DOT_SUFFIX
WS:XTSE:AG,First Majestic Silver Corp.,Canada,CA_TSX,XTSE,AG,AG.TO,CAD,CAD,1.0,UNKNOWN,NOT_VERIFIED,INSTRUMENT_TYPE_NOT_STRICTLY_VERIFIED,NOT_VERIFIED,READY,,503,503,,NOT_COLLECTED_BULK_RELIABLY_QA_ONLY,20,60,25918973.44256874,22040722.760413993,20,60,OK,2026-08-21,PASS,PREFERRED_GE_20M,PASS_OR_NOT_VERIFIED,NOT_VERIFIED,INSTRUMENT_NOT_VERIFIED,NOT_VERIFIED,UNKNOWN,TARGETED_REVIEW_REQUIRED,COMPOSITE_INCLUDES_COMMON_STOCKS_AND_INCOME_TRUST_UNITS,https://www.spglobal.com/spdji/en/methodology/article/sp-tsx-canadian-indices-methodology/,Official methodology explicitly states that the S&P/TSX Composite includes common stocks and income trust units. No group-wide PASS.,NOT_VERIFIED,NOT_VERIFIED,UNKNOWN,TARGETED_REVIEW_REQUIRED,COMPOSITE_INCLUDES_COMMON_STOCKS_AND_INCOME_TRUST_UNITS,https://www.spglobal.com/spdji/en/methodology/article/sp-tsx-canadian-indices-methodology/,Official methodology explicitly states that the S&P/TSX Composite includes common stocks and income trust units. No group-wide PASS.,NOT_VERIFIED,AG,NO_DOT_SUFFIX
WS:XTSE:AGI,Alamos Gold Inc.,Canada,CA_TSX,XTSE,AGI,AGI.TO,CAD,CAD,1.0,UNKNOWN,NOT_VERIFIED,INSTRUMENT_TYPE_NOT_STRICTLY_VERIFIED,NOT_VERIFIED,READY,,503,503,,NOT_COLLECTED_BULK_RELIABLY_QA_ONLY,20,60,34979063.9240562,36261483.17127511,20,60,OK,2026-08-21,PASS,PREFERRED_GE_20M,PASS_OR_NOT_VERIFIED,NOT_VERIFIED,INSTRUMENT_NOT_VERIFIED,NOT_VERIFIED,UNKNOWN,TARGETED_REVIEW_REQUIRED,COMPOSITE_INCLUDES_COMMON_STOCKS_AND_INCOME_TRUST_UNITS,https://www.spglobal.com/spdji/en/methodology/article/sp-tsx-canadian-indices-methodology/,Official methodology explicitly states that the S&P/TSX Composite includes common stocks and income trust units. No group-wide PASS.,NOT_VERIFIED,NOT_VERIFIED,UNKNOWN,TARGETED_REVIEW_REQUIRED,COMPOSITE_INCLUDES_COMMON_STOCKS_AND_INCOME_TRUST_UNITS,https://www.spglobal.com/spdji/en/methodology/article/sp-tsx-canadian-indices-methodology/,Official methodology explicitly states that the S&P/TSX Composite includes common stocks and income trust units. No group-wide PASS.,NOT_VERIFIED,AGI,NO_DOT_SUFFIX
WS:XTSE:ALA,AltaGas Ltd.,Canada,CA_TSX,XTSE,ALA,ALA.TO,CAD,CAD,1.0,UNKNOWN,NOT_VERIFIED,INSTRUMENT_TYPE_NOT_STRICTLY_VERIFIED,NOT_VERIFIED,READY,,503,503,,NOT_COLLECTED_BULK_RELIABLY_QA_ONLY,20,60,26419581.723484278,31224973.64712521,20,60,OK,2026-08-21,PASS,PREFERRED_GE_20M,PASS_OR_NOT_VERIFIED,NOT_VERIFIED,INSTRUMENT_NOT_VERIFIED,NOT_VERIFIED,UNKNOWN,TARGETED_REVIEW_REQUIRED,COMPOSITE_INCLUDES_COMMON_STOCKS_AND_INCOME_TRUST_UNITS,https://www.spglobal.com/spdji/en/methodology/article/sp-tsx-canadian-indices-methodology/,Official methodology explicitly states that the S&P/TSX Composite includes common stocks and income trust units. No group-wide PASS.,NOT_VERIFIED,NOT_VERIFIED,UNKNOWN,TARGETED_REVIEW_REQUIRED,COMPOSITE_INCLUDES_COMMON_STOCKS_AND_INCOME_TRUST_UNITS,https://www.spglobal.com/spdji/en/methodology/article/sp-tsx-canadian-indices-methodology/,Official methodology explicitly states that the S&P/TSX Composite includes common stocks and income trust units. No group-wide PASS.,NOT_VERIFIED,ALA,NO_DOT_SUFFIX
WS:XTSE:ARX,ARC Resources Ltd.,Canada,CA_TSX,XTSE,ARX,ARX.TO,CAD,CAD,1.0,UNKNOWN,NOT_VERIFIED,INSTRUMENT_TYPE_NOT_STRICTLY_VERIFIED,NOT_VERIFIED,READY,,503,503,,NOT_COLLECTED_BULK_RELIABLY_QA_ONLY,20,60,29996830.50977601,53809728.97438213,20,60,OK,2026-08-21,PASS,PREFERRED_GE_20M,PASS_OR_NOT_VERIFIED,NOT_VERIFIED,INSTRUMENT_NOT_VERIFIED,NOT_VERIFIED,UNKNOWN,TARGETED_REVIEW_REQUIRED,COMPOSITE_INCLUDES_COMMON_STOCKS_AND_INCOME_TRUST_UNITS,https://www.spglobal.com/spdji/en/methodology/article/sp-tsx-canadian-indices-methodology/,Official methodology explicitly states that the S&P/TSX Composite includes common stocks and income trust units. No group-wide PASS.,NOT_VERIFIED,NOT_VERIFIED,UNKNOWN,TARGETED_REVIEW_REQUIRED,COMPOSITE_INCLUDES_COMMON_STOCKS_AND_INCOME_TRUST_UNITS,https://www.spglobal.com/spdji/en/methodology/article/sp-tsx-canadian-indices-methodology/,Official methodology explicitly states that the S&P/TSX Composite includes common stocks and income trust units. No group-wide PASS.,NOT_VERIFIED,ARX,NO_DOT_SUFFIX
WS:XTSE:ATD,Alimentation Couche-Tard Inc.,Canada,CA_TSX,XTSE,ATD,ATD.TO,CAD,CAD,1.0,UNKNOWN,NOT_VERIFIED,INSTRUMENT_TYPE_NOT_STRICTLY_VERIFIED,NOT_VERIFIED,READY,,503,503,,NOT_COLLECTED_BULK_RELIABLY_QA_ONLY,20,60,73092435.92023054,72200509.98378296,20,60,OK,2026-08-21,PASS,PREFERRED_GE_20M,PASS_OR_NOT_VERIFIED,NOT_VERIFIED,INSTRUMENT_NOT_VERIFIED,NOT_VERIFIED,UNKNOWN,TARGETED_REVIEW_REQUIRED,COMPOSITE_INCLUDES_COMMON_STOCKS_AND_INCOME_TRUST_UNITS,https://www.spglobal.com/spdji/en/methodology/article/sp-tsx-canadian-indices-methodology/,Official methodology explicitly states that the S&P/TSX Composite includes common stocks and income trust units. No group-wide PASS.,NOT_VERIFIED,NOT_VERIFIED,UNKNOWN,TARGETED_REVIEW_REQUIRED,COMPOSITE_INCLUDES_COMMON_STOCKS_AND_INCOME_TRUST_UNITS,https://www.spglobal.com/spdji/en/methodology/article/sp-tsx-canadian-indices-methodology/,Official methodology explicitly states that the S&P/TSX Composite includes common stocks and income trust units. No group-wide PASS.,NOT_VERIFIED,ATD,NO_DOT_SUFFIX
WS:XTSE:ATRL,AtkinsRéalis Group Inc.,Canada,CA_TSX,XTSE,ATRL,ATRL.TO,CAD,CAD,1.0,UNKNOWN,NOT_VERIFIED,INSTRUMENT_TYPE_NOT_STRICTLY_VERIFIED,NOT_VERIFIED,READY,,503,503,,NOT_COLLECTED_BULK_RELIABLY_QA_ONLY,20,60,28814494.6347598,28814494.6347598,20,60,OK,2026-08-21,PASS,PREFERRED_GE_20M,PASS_OR_NOT_VERIFIED,NOT_VERIFIED,INSTRUMENT_NOT_VERIFIED,NOT_VERIFIED,UNKNOWN,TARGETED_REVIEW_REQUIRED,COMPOSITE_INCLUDES_COMMON_STOCKS_AND_INCOME_TRUST_UNITS,https://www.spglobal.com/spdji/en/methodology/article/sp-tsx-canadian-indices-methodology/,Official methodology explicitly states that the S&P/TSX Composite includes common stocks and income trust units. No group-wide PASS.,NOT_VERIFIED,NOT_VERIFIED,UNKNOWN,TARGETED_REVIEW_REQUIRED,COMPOSITE_INCLUDES_COMMON_STOCKS_AND_INCOME_TRUST_UNITS,https://www.spglobal.com/spdji/en/methodology/article/sp-tsx-canadian-indices-methodology/,Official methodology explicitly states that the S&P/TSX Composite includes common stocks and income trust units. No group-wide PASS.,NOT_VERIFIED,ATRL,NO_DOT_SUFFIX
WS:XTSE:ATZ,Aritzia Inc. Subordinate Voting Shares,Canada,CA_TSX,XTSE,ATZ,ATZ.TO,CAD,CAD,1.0,UNKNOWN,NOT_VERIFIED,INSTRUMENT_TYPE_NOT_STRICTLY_VERIFIED,NOT_VERIFIED,READY,,503,503,,NOT_COLLECTED_BULK_RELIABLY_QA_ONLY,20,60,54727014.83865336,59629691.5597409,20,60,OK,2026-08-21,PASS,PREFERRED_GE_20M,PASS_OR_NOT_VERIFIED,NOT_VERIFIED,INSTRUMENT_NOT_VERIFIED,NOT_VERIFIED,UNKNOWN,TARGETED_REVIEW_REQUIRED,COMPOSITE_INCLUDES_COMMON_STOCKS_AND_INCOME_TRUST_UNITS,https://www.spglobal.com/spdji/en/methodology/article/sp-tsx-canadian-indices-methodology/,Official methodology explicitly states that the S&P/TSX Composite includes common stocks and income trust units. No group-wide PASS.,NOT_VERIFIED,NOT_VERIFIED,UNKNOWN,TARGETED_REVIEW_REQUIRED,COMPOSITE_INCLUDES_COMMON_STOCKS_AND_INCOME_TRUST_UNITS,https://www.spglobal.com/spdji/en/methodology/article/sp-tsx-canadian-indices-methodology/,Official methodology explicitly states that the S&P/TSX Composite includes common stocks and income trust units. No group-wide PASS.,NOT_VERIFIED,ATZ,NO_DOT_SUFFIX
WS:XTSE:AYA,Aya Gold & Silver Inc.,Canada,CA_TSX,XTSE,AYA,AYA.TO,CAD,CAD,1.0,UNKNOWN,NOT_VERIFIED,INSTRUMENT_TYPE_NOT_STRICTLY_VERIFIED,NOT_VERIFIED,READY,,503,503,,NOT_COLLECTED_BULK_RELIABLY_QA_ONLY,20,60,24820027.10784158,20353372.343289755,20,60,OK,2026-08-21,PASS,PREFERRED_GE_20M,PASS_OR_NOT_VERIFIED,NOT_VERIFIED,INSTRUMENT_NOT_VERIFIED,NOT_VERIFIED,UNKNOWN,TARGETED_REVIEW_REQUIRED,COMPOSITE_INCLUDES_COMMON_STOCKS_AND_INCOME_TRUST_UNITS,https://www.spglobal.com/spdji/en/methodology/article/sp-tsx-canadian-indices-methodology/,Official methodology explicitly states that the S&P/TSX Composite includes common stocks and income trust units. No group-wide PASS.,NOT_VERIFIED,NOT_VERIFIED,UNKNOWN,TARGETED_REVIEW_REQUIRED,COMPOSITE_INCLUDES_COMMON_STOCKS_AND_INCOME_TRUST_UNITS,https://www.spglobal.com/spdji/en/methodology/article/sp-tsx-canadian-indices-methodology/,Official methodology explicitly states that the S&P/TSX Composite includes common stocks and income trust units. No group-wide PASS.,NOT_VERIFIED,AYA,NO_DOT_SUFFIX
WS:XTSE:BAM,Brookfield Asset Management Ltd. Class A Limited Voting Shares,Canada,CA_TSX,XTSE,BAM,BAM.TO,CAD,CAD,1.0,UNKNOWN,NOT_VERIFIED,INSTRUMENT_TYPE_NOT_STRICTLY_VERIFIED,NOT_VERIFIED,READY,,503,503,,NOT_COLLECTED_BULK_RELIABLY_QA_ONLY,20,60,58140022.3869778,55306113.64542352,20,60,OK,2026-08-21,PASS,PREFERRED_GE_20M,PASS_OR_NOT_VERIFIED,NOT_VERIFIED,INSTRUMENT_NOT_VERIFIED,NOT_VERIFIED,UNKNOWN,TARGETED_REVIEW_REQUIRED,COMPOSITE_INCLUDES_COMMON_STOCKS_AND_INCOME_TRUST_UNITS,https://www.spglobal.com/spdji/en/methodology/article/sp-tsx-canadian-indices-methodology/,Official methodology explicitly states that the S&P/TSX Composite includes common stocks and income trust units. No group-wide PASS.,NOT_VERIFIED,NOT_VERIFIED,UNKNOWN,TARGETED_REVIEW_REQUIRED,COMPOSITE_INCLUDES_COMMON_STOCKS_AND_INCOME_TRUST_UNITS,https://www.spglobal.com/spdji/en/methodology/article/sp-tsx-canadian-indices-methodology/,Official methodology explicitly states that the S&P/TSX Composite includes common stocks and income trust units. No group-wide PASS.,NOT_VERIFIED,BAM,NO_DOT_SUFFIX
WS:XTSE:BB,BlackBerry Limited,Canada,CA_TSX,XTSE,BB,BB.TO,CAD,CAD,1.0,UNKNOWN,NOT_VERIFIED,INSTRUMENT_TYPE_NOT_STRICTLY_VERIFIED,NOT_VERIFIED,READY,,503,503,,NOT_COLLECTED_BULK_RELIABLY_QA_ONLY,20,60,18329248.608583808,37269550.139951676,20,60,OK,2026-08-21,PASS,STANDARD_15_TO_20M,PASS_OR_NOT_VERIFIED,NOT_VERIFIED,INSTRUMENT_NOT_VERIFIED,NOT_VERIFIED,UNKNOWN,TARGETED_REVIEW_REQUIRED,COMPOSITE_INCLUDES_COMMON_STOCKS_AND_INCOME_TRUST_UNITS,https://www.spglobal.com/spdji/en/methodology/article/sp-tsx-canadian-indices-methodology/,Official methodology explicitly states that the S&P/TSX Composite includes common stocks and income trust units. No group-wide PASS.,NOT_VERIFIED,NOT_VERIFIED,UNKNOWN,TARGETED_REVIEW_REQUIRED,COMPOSITE_INCLUDES_COMMON_STOCKS_AND_INCOME_TRUST_UNITS,https://www.spglobal.com/spdji/en/methodology/article/sp-tsx-canadian-indices-methodology/,Official methodology explicitly states that the S&P/TSX Composite includes common stocks and income trust units. No group-wide PASS.,NOT_VERIFIED,BB,NO_DOT_SUFFIX
WS:XTSE:BBD.B,Bombardier Inc. Class B Subordinate Voting Shares,Canada,CA_TSX,XTSE,BBD.B,BBD-B.TO,CAD,CAD,1.0,UNKNOWN,NOT_VERIFIED,INSTRUMENT_TYPE_NOT_STRICTLY_VERIFIED,NOT_VERIFIED,READY,,503,503,,NOT_COLLECTED_BULK_RELIABLY_QA_ONLY,20,60,56872500.718660094,60279698.674822584,20,60,OK,2026-08-21,PASS,PREFERRED_GE_20M,PASS_OR_NOT_VERIFIED,NOT_VERIFIED,INSTRUMENT_NOT_VERIFIED,NOT_VERIFIED,UNKNOWN,TARGETED_REVIEW_REQUIRED,COMPOSITE_INCLUDES_COMMON_STOCKS_AND_INCOME_TRUST_UNITS,https://www.spglobal.com/spdji/en/methodology/article/sp-tsx-canadian-indices-methodology/,Official methodology explicitly states that the S&P/TSX Composite includes common stocks and income trust units. No group-wide PASS.,NOT_VERIFIED,NOT_VERIFIED,UNKNOWN,TARGETED_REVIEW_REQUIRED,COMPOSITE_INCLUDES_COMMON_STOCKS_AND_INCOME_TRUST_UNITS,https://www.spglobal.com/spdji/en/methodology/article/sp-tsx-canadian-indices-methodology/,Official methodology explicitly states that the S&P/TSX Composite includes common stocks and income trust units. No group-wide PASS.,NOT_VERIFIED,BBD.B,DOT_CLASS_LIKE
WS:XTSE:BCE,BCE Inc.,Canada,CA_TSX,XTSE,BCE,BCE.TO,CAD,CAD,1.0,UNKNOWN,NOT_VERIFIED,INSTRUMENT_TYPE_NOT_STRICTLY_VERIFIED,NOT_VERIFIED,READY,,503,503,,NOT_COLLECTED_BULK_RELIABLY_QA_ONLY,20,60,77822517.16005056,84047773.60240024,20,60,OK,2026-08-21,PASS,PREFERRED_GE_20M,PASS_OR_NOT_VERIFIED,NOT_VERIFIED,INSTRUMENT_NOT_VERIFIED,NOT_VERIFIED,UNKNOWN,TARGETED_REVIEW_REQUIRED,COMPOSITE_INCLUDES_COMMON_STOCKS_AND_INCOME_TRUST_UNITS,https://www.spglobal.com/spdji/en/methodology/article/sp-tsx-canadian-indices-methodology/,Official methodology explicitly states that the S&P/TSX Composite includes common stocks and income trust units. No group-wide PASS.,NOT_VERIFIED,NOT_VERIFIED,UNKNOWN,TARGETED_REVIEW_REQUIRED,COMPOSITE_INCLUDES_COMMON_STOCKS_AND_INCOME_TRUST_UNITS,https://www.spglobal.com/spdji/en/methodology/article/sp-tsx-canadian-indices-methodology/,Official methodology explicitly states that the S&P/TSX Composite includes common stocks and income trust units. No group-wide PASS.,NOT_VERIFIED,BCE,NO_DOT_SUFFIX
WS:XTSE:BMO,Bank of Montreal,Canada,CA_TSX,XTSE,BMO,BMO.TO,CAD,CAD,1.0,UNKNOWN,NOT_VERIFIED,INSTRUMENT_TYPE_NOT_STRICTLY_VERIFIED,NOT_VERIFIED,READY,,503,503,,NOT_COLLECTED_BULK_RELIABLY_QA_ONLY,20,60,346807521.8454844,303108191.56887275,20,60,OK,2026-08-21,PASS,PREFERRED_GE_20M,PASS_OR_NOT_VERIFIED,NOT_VERIFIED,INSTRUMENT_NOT_VERIFIED,NOT_VERIFIED,UNKNOWN,TARGETED_REVIEW_REQUIRED,COMPOSITE_INCLUDES_COMMON_STOCKS_AND_INCOME_TRUST_UNITS,https://www.spglobal.com/spdji/en/methodology/article/sp-tsx-canadian-indices-methodology/,Official methodology explicitly states that the S&P/TSX Composite includes common stocks and income trust units. No group-wide PASS.,NOT_VERIFIED,NOT_VERIFIED,UNKNOWN,TARGETED_REVIEW_REQUIRED,COMPOSITE_INCLUDES_COMMON_STOCKS_AND_INCOME_TRUST_UNITS,https://www.spglobal.com/spdji/en/methodology/article/sp-tsx-canadian-indices-methodology/,Official methodology explicitly states that the S&P/TSX Composite includes common stocks and income trust units. No group-wide PASS.,NOT_VERIFIED,BMO,NO_DOT_SUFFIX
WS:XTSE:BN,Brookfield Corporation Class A Limited Voting Shares,Canada,CA_TSX,XTSE,BN,BN.TO,CAD,CAD,1.0,UNKNOWN,NOT_VERIFIED,INSTRUMENT_TYPE_NOT_STRICTLY_VERIFIED,NOT_VERIFIED,READY,,503,503,,NOT_COLLECTED_BULK_RELIABLY_QA_ONLY,20,60,105714155.4391059,96772468.09838101,20,60,OK,2026-08-21,PASS,PREFERRED_GE_20M,PASS_OR_NOT_VERIFIED,NOT_VERIFIED,INSTRUMENT_NOT_VERIFIED,NOT_VERIFIED,UNKNOWN,TARGETED_REVIEW_REQUIRED,COMPOSITE_INCLUDES_COMMON_STOCKS_AND_INCOME_TRUST_UNITS,https://www.spglobal.com/spdji/en/methodology/article/sp-tsx-canadian-indices-methodology/,Official methodology explicitly states that the S&P/TSX Composite includes common stocks and income trust units. No group-wide PASS.,NOT_VERIFIED,NOT_VERIFIED,UNKNOWN,TARGETED_REVIEW_REQUIRED,COMPOSITE_INCLUDES_COMMON_STOCKS_AND_INCOME_TRUST_UNITS,https://www.spglobal.com/spdji/en/methodology/article/sp-tsx-canadian-indices-methodology/,Official methodology explicitly states that the S&P/TSX Composite includes common stocks and income trust units. No group-wide PASS.,NOT_VERIFIED,BN,NO_DOT_SUFFIX
WS:XTSE:BNS,Bank of Nova Scotia (The),Canada,CA_TSX,XTSE,BNS,BNS.TO,CAD,CAD,1.0,UNKNOWN,NOT_VERIFIED,INSTRUMENT_TYPE_NOT_STRICTLY_VERIFIED,NOT_VERIFIED,READY,,503,503,,NOT_COLLECTED_BULK_RELIABLY_QA_ONLY,20,60,235701244.0546587,253565134.97508097,20,60,OK,2026-08-21,PASS,PREFERRED_GE_20M,PASS_OR_NOT_VERIFIED,NOT_VERIFIED,INSTRUMENT_NOT_VERIFIED,NOT_VERIFIED,UNKNOWN,TARGETED_REVIEW_REQUIRED,COMPOSITE_INCLUDES_COMMON_STOCKS_AND_INCOME_TRUST_UNITS,https://www.spglobal.com/spdji/en/methodology/article/sp-tsx-canadian-indices-methodology/,Official methodology explicitly states that the S&P/TSX Composite includes common stocks and income trust units. No group-wide PASS.,NOT_VERIFIED,NOT_VERIFIED,UNKNOWN,TARGETED_REVIEW_REQUIRED,COMPOSITE_INCLUDES_COMMON_STOCKS_AND_INCOME_TRUST_UNITS,https://www.spglobal.com/spdji/en/methodology/article/sp-tsx-canadian-indices-methodology/,Official methodology explicitly states that the S&P/TSX Composite includes common stocks and income trust units. No group-wide PASS.,NOT_VERIFIED,BNS,NO_DOT_SUFFIX
WS:XTSE:BTO,B2Gold Corp.,Canada,CA_TSX,XTSE,BTO,BTO.TO,CAD,CAD,1.0,UNKNOWN,NOT_VERIFIED,INSTRUMENT_TYPE_NOT_STRICTLY_VERIFIED,NOT_VERIFIED,READY,,503,503,,NOT_COLLECTED_BULK_RELIABLY_QA_ONLY,20,60,16688794.273016531,15515887.186499007,20,60,OK,2026-08-21,PASS,STANDARD_15_TO_20M,PASS_OR_NOT_VERIFIED,NOT_VERIFIED,INSTRUMENT_NOT_VERIFIED,NOT_VERIFIED,UNKNOWN,TARGETED_REVIEW_REQUIRED,COMPOSITE_INCLUDES_COMMON_STOCKS_AND_INCOME_TRUST_UNITS,https://www.spglobal.com/spdji/en/methodology/article/sp-tsx-canadian-indices-methodology/,Official methodology explicitly states that the S&P/TSX Composite includes common stocks and income trust units. No group-wide PASS.,NOT_VERIFIED,NOT_VERIFIED,UNKNOWN,TARGETED_REVIEW_REQUIRED,COMPOSITE_INCLUDES_COMMON_STOCKS_AND_INCOME_TRUST_UNITS,https://www.spglobal.com/spdji/en/methodology/article/sp-tsx-canadian-indices-methodology/,Official methodology explicitly states that the S&P/TSX Composite includes common stocks and income trust units. No group-wide PASS.,NOT_VERIFIED,BTO,NO_DOT_SUFFIX
WS:XTSE:CAE,CAE Inc.,Canada,CA_TSX,XTSE,CAE,CAE.TO,CAD,CAD,1.0,UNKNOWN,NOT_VERIFIED,INSTRUMENT_TYPE_NOT_STRICTLY_VERIFIED,NOT_VERIFIED,READY,,503,503,,NOT_COLLECTED_BULK_RELIABLY_QA_ONLY,20,60,20028380.51544448,18118204.27870393,20,60,OK,2026-08-21,PASS,PREFERRED_GE_20M,PASS_OR_NOT_VERIFIED,NOT_VERIFIED,INSTRUMENT_NOT_VERIFIED,NOT_VERIFIED,UNKNOWN,TARGETED_REVIEW_REQUIRED,COMPOSITE_INCLUDES_COMMON_STOCKS_AND_INCOME_TRUST_UNITS,https://www.spglobal.com/spdji/en/methodology/article/sp-tsx-canadian-indices-methodology/,Official methodology explicitly states that the S&P/TSX Composite includes common stocks and income trust units. No group-wide PASS.,NOT_VERIFIED,NOT_VERIFIED,UNKNOWN,TARGETED_REVIEW_REQUIRED,COMPOSITE_INCLUDES_COMMON_STOCKS_AND_INCOME_TRUST_UNITS,https://www.spglobal.com/spdji/en/methodology/article/sp-tsx-canadian-indices-methodology/,Official methodology explicitly states that the S&P/TSX Composite includes common stocks and income trust units. No group-wide PASS.,NOT_VERIFIED,CAE,NO_DOT_SUFFIX
WS:XTSE:CCL.B,CCL Industries Inc. Unlimited Class B Non-Voting Shares,Canada,CA_TSX,XTSE,CCL.B,CCL-B.TO,CAD,CAD,1.0,UNKNOWN,NOT_VERIFIED,INSTRUMENT_TYPE_NOT_STRICTLY_VERIFIED,NOT_VERIFIED,READY,,503,503,,NOT_COLLECTED_BULK_RELIABLY_QA_ONLY,20,60,21897176.51011035,22002136.93991848,20,60,OK,2026-08-21,PASS,PREFERRED_GE_20M,PASS_OR_NOT_VERIFIED,NOT_VERIFIED,INSTRUMENT_NOT_VERIFIED,NOT_VERIFIED,UNKNOWN,TARGETED_REVIEW_REQUIRED,COMPOSITE_INCLUDES_COMMON_STOCKS_AND_INCOME_TRUST_UNITS,https://www.spglobal.com/spdji/en/methodology/article/sp-tsx-canadian-indices-methodology/,Official methodology explicitly states that the S&P/TSX Composite includes common stocks and income trust units. No group-wide PASS.,NOT_VERIFIED,NOT_VERIFIED,UNKNOWN,TARGETED_REVIEW_REQUIRED,COMPOSITE_INCLUDES_COMMON_STOCKS_AND_INCOME_TRUST_UNITS,https://www.spglobal.com/spdji/en/methodology/article/sp-tsx-canadian-indices-methodology/,Official methodology explicitly states that the S&P/TSX Composite includes common stocks and income trust units. No group-wide PASS.,NOT_VERIFIED,CCL.B,DOT_CLASS_LIKE
WS:XTSE:CCO,Cameco Corporation,Canada,CA_TSX,XTSE,CCO,CCO.TO,CAD,CAD,1.0,UNKNOWN,NOT_VERIFIED,INSTRUMENT_TYPE_NOT_STRICTLY_VERIFIED,NOT_VERIFIED,READY,,503,503,,NOT_COLLECTED_BULK_RELIABLY_QA_ONLY,20,60,76690775.20800842,80216045.00960676,20,60,OK,2026-08-21,PASS,PREFERRED_GE_20M,PASS_OR_NOT_VERIFIED,NOT_VERIFIED,INSTRUMENT_NOT_VERIFIED,NOT_VERIFIED,UNKNOWN,TARGETED_REVIEW_REQUIRED,COMPOSITE_INCLUDES_COMMON_STOCKS_AND_INCOME_TRUST_UNITS,https://www.spglobal.com/spdji/en/methodology/article/sp-tsx-canadian-indices-methodology/,Official methodology explicitly states that the S&P/TSX Composite includes common stocks and income trust units. No group-wide PASS.,NOT_VERIFIED,NOT_VERIFIED,UNKNOWN,TARGETED_REVIEW_REQUIRED,COMPOSITE_INCLUDES_COMMON_STOCKS_AND_INCOME_TRUST_UNITS,https://www.spglobal.com/spdji/en/methodology/article/sp-tsx-canadian-indices-methodology/,Official methodology explicitly states that the S&P/TSX Composite includes common stocks and income trust units. No group-wide PASS.,NOT_VERIFIED,CCO,NO_DOT_SUFFIX
WS:XTSE:CLS,Celestica Inc.,Canada,CA_TSX,XTSE,CLS,CLS.TO,CAD,CAD,1.0,UNKNOWN,NOT_VERIFIED,INSTRUMENT_TYPE_NOT_STRICTLY_VERIFIED,NOT_VERIFIED,READY,,503,503,,NOT_COLLECTED_BULK_RELIABLY_QA_ONLY,20,60,144176545.15165,115713331.37575349,20,60,OK,2026-08-21,PASS,PREFERRED_GE_20M,PASS_OR_NOT_VERIFIED,NOT_VERIFIED,INSTRUMENT_NOT_VERIFIED,NOT_VERIFIED,UNKNOWN,TARGETED_REVIEW_REQUIRED,COMPOSITE_INCLUDES_COMMON_STOCKS_AND_INCOME_TRUST_UNITS,https://www.spglobal.com/spdji/en/methodology/article/sp-tsx-canadian-indices-methodology/,Official methodology explicitly states that the S&P/TSX Composite includes common stocks and income trust units. No group-wide PASS.,NOT_VERIFIED,NOT_VERIFIED,UNKNOWN,TARGETED_REVIEW_REQUIRED,COMPOSITE_INCLUDES_COMMON_STOCKS_AND_INCOME_TRUST_UNITS,https://www.spglobal.com/spdji/en/methodology/article/sp-tsx-canadian-indices-methodology/,Official methodology explicitly states that the S&P/TSX Composite includes common stocks and income trust units. No group-wide PASS.,NOT_VERIFIED,CLS,NO_DOT_SUFFIX
WS:XTSE:CM,Canadian Imperial Bank Of Commerce,Canada,CA_TSX,XTSE,CM,CM.TO,CAD,CAD,1.0,UNKNOWN,NOT_VERIFIED,INSTRUMENT_TYPE_NOT_STRICTLY_VERIFIED,NOT_VERIFIED,READY,,503,503,,NOT_COLLECTED_BULK_RELIABLY_QA_ONLY,20,60,199927085.1671573,240345647.7478184,20,60,OK,2026-08-21,PASS,PREFERRED_GE_20M,PASS_OR_NOT_VERIFIED,NOT_VERIFIED,INSTRUMENT_NOT_VERIFIED,NOT_VERIFIED,UNKNOWN,TARGETED_REVIEW_REQUIRED,COMPOSITE_INCLUDES_COMMON_STOCKS_AND_INCOME_TRUST_UNITS,https://www.spglobal.com/spdji/en/methodology/article/sp-tsx-canadian-indices-methodology/,Official methodology explicitly states that the S&P/TSX Composite includes common stocks and income trust units. No group-wide PASS.,NOT_VERIFIED,NOT_VERIFIED,UNKNOWN,TARGETED_REVIEW_REQUIRED,COMPOSITE_INCLUDES_COMMON_STOCKS_AND_INCOME_TRUST_UNITS,https://www.spglobal.com/spdji/en/methodology/article/sp-tsx-canadian-indices-methodology/,Official methodology explicitly states that the S&P/TSX Composite includes common stocks and income trust units. No group-wide PASS.,NOT_VERIFIED,CM,NO_DOT_SUFFIX
WS:XTSE:CNQ,Canadian Natural Resources Limited,Canada,CA_TSX,XTSE,CNQ,CNQ.TO,CAD,CAD,1.0,UNKNOWN,NOT_VERIFIED,INSTRUMENT_TYPE_NOT_STRICTLY_VERIFIED,NOT_VERIFIED,READY,,503,503,,NOT_COLLECTED_BULK_RELIABLY_QA_ONLY,20,60,288360443.9832796,458520501.89027643,20,60,OK,2026-08-21,PASS,PREFERRED_GE_20M,PASS_OR_NOT_VERIFIED,NOT_VERIFIED,INSTRUMENT_NOT_VERIFIED,NOT_VERIFIED,UNKNOWN,TARGETED_REVIEW_REQUIRED,COMPOSITE_INCLUDES_COMMON_STOCKS_AND_INCOME_TRUST_UNITS,https://www.spglobal.com/spdji/en/methodology/article/sp-tsx-canadian-indices-methodology/,Official methodology explicitly states that the S&P/TSX Composite includes common stocks and income trust units. No group-wide PASS.,NOT_VERIFIED,NOT_VERIFIED,UNKNOWN,TARGETED_REVIEW_REQUIRED,COMPOSITE_INCLUDES_COMMON_STOCKS_AND_INCOME_TRUST_UNITS,https://www.spglobal.com/spdji/en/methodology/article/sp-tsx-canadian-indices-methodology/,Official methodology explicitly states that the S&P/TSX Composite includes common stocks and income trust units. No group-wide PASS.,NOT_VERIFIED,CNQ,NO_DOT_SUFFIX
WS:XTSE:CNR,Canadian National Railway Company,Canada,CA_TSX,XTSE,CNR,CNR.TO,CAD,CAD,1.0,UNKNOWN,NOT_VERIFIED,INSTRUMENT_TYPE_NOT_STRICTLY_VERIFIED,NOT_VERIFIED,READY,,503,503,,NOT_COLLECTED_BULK_RELIABLY_QA_ONLY,20,60,157542181.73902822,159249506.00755244,20,60,OK,2026-08-21,PASS,PREFERRED_GE_20M,PASS_OR_NOT_VERIFIED,NOT_VERIFIED,INSTRUMENT_NOT_VERIFIED,NOT_VERIFIED,UNKNOWN,TARGETED_REVIEW_REQUIRED,COMPOSITE_INCLUDES_COMMON_STOCKS_AND_INCOME_TRUST_UNITS,https://www.spglobal.com/spdji/en/methodology/article/sp-tsx-canadian-indices-methodology/,Official methodology explicitly states that the S&P/TSX Composite includes common stocks and income trust units. No group-wide PASS.,NOT_VERIFIED,NOT_VERIFIED,UNKNOWN,TARGETED_REVIEW_REQUIRED,COMPOSITE_INCLUDES_COMMON_STOCKS_AND_INCOME_TRUST_UNITS,https://www.spglobal.com/spdji/en/methodology/article/sp-tsx-canadian-indices-methodology/,Official methodology explicitly states that the S&P/TSX Composite includes common stocks and income trust units. No group-wide PASS.,NOT_VERIFIED,CNR,NO_DOT_SUFFIX
WS:XTSE:CP,Canadian Pacific Kansas City Limited,Canada,CA_TSX,XTSE,CP,CP.TO,CAD,CAD,1.0,UNKNOWN,NOT_VERIFIED,INSTRUMENT_TYPE_NOT_STRICTLY_VERIFIED,NOT_VERIFIED,READY,,503,503,,NOT_COLLECTED_BULK_RELIABLY_QA_ONLY,20,60,97442006.31655854,94535739.30296649,20,60,OK,2026-08-21,PASS,PREFERRED_GE_20M,PASS_OR_NOT_VERIFIED,NOT_VERIFIED,INSTRUMENT_NOT_VERIFIED,NOT_VERIFIED,UNKNOWN,TARGETED_REVIEW_REQUIRED,COMPOSITE_INCLUDES_COMMON_STOCKS_AND_INCOME_TRUST_UNITS,https://www.spglobal.com/spdji/en/methodology/article/sp-tsx-canadian-indices-methodology/,Official methodology explicitly states that the S&P/TSX Composite includes common stocks and income trust units. No group-wide PASS.,NOT_VERIFIED,NOT_VERIFIED,UNKNOWN,TARGETED_REVIEW_REQUIRED,COMPOSITE_INCLUDES_COMMON_STOCKS_AND_INCOME_TRUST_UNITS,https://www.spglobal.com/spdji/en/methodology/article/sp-tsx-canadian-indices-methodology/,Official methodology explicitly states that the S&P/TSX Composite includes common stocks and income trust units. No group-wide PASS.,NOT_VERIFIED,CP,NO_DOT_SUFFIX
WS:XTSE:CPX,Capital Power Corporation,Canada,CA_TSX,XTSE,CPX,CPX.TO,CAD,CAD,1.0,UNKNOWN,NOT_VERIFIED,INSTRUMENT_TYPE_NOT_STRICTLY_VERIFIED,NOT_VERIFIED,READY,,503,503,,NOT_COLLECTED_BULK_RELIABLY_QA_ONLY,20,60,26272494.450017698,26180087.602611937,20,60,OK,2026-08-21,PASS,PREFERRED_GE_20M,PASS_OR_NOT_VERIFIED,NOT_VERIFIED,INSTRUMENT_NOT_VERIFIED,NOT_VERIFIED,UNKNOWN,TARGETED_REVIEW_REQUIRED,COMPOSITE_INCLUDES_COMMON_STOCKS_AND_INCOME_TRUST_UNITS,https://www.spglobal.com/spdji/en/methodology/article/sp-tsx-canadian-indices-methodology/,Official methodology explicitly states that the S&P/TSX Composite includes common stocks and income trust units. No group-wide PASS.,NOT_VERIFIED,NOT_VERIFIED,UNKNOWN,TARGETED_REVIEW_REQUIRED,COMPOSITE_INCLUDES_COMMON_STOCKS_AND_INCOME_TRUST_UNITS,https://www.spglobal.com/spdji/en/methodology/article/sp-tsx-canadian-indices-methodology/,Official methodology explicitly states that the S&P/TSX Composite includes common stocks and income trust units. No group-wide PASS.,NOT_VERIFIED,CPX,NO_DOT_SUFFIX
WS:XTSE:CS,Capstone Copper Corp.,Canada,CA_TSX,XTSE,CS,CS.TO,CAD,CAD,1.0,UNKNOWN,NOT_VERIFIED,INSTRUMENT_TYPE_NOT_STRICTLY_VERIFIED,NOT_VERIFIED,READY,,503,503,,NOT_COLLECTED_BULK_RELIABLY_QA_ONLY,20,60,29744996.296188228,29320278.000793066,20,60,OK,2026-08-21,PASS,PREFERRED_GE_20M,PASS_OR_NOT_VERIFIED,NOT_VERIFIED,INSTRUMENT_NOT_VERIFIED,NOT_VERIFIED,UNKNOWN,TARGETED_REVIEW_REQUIRED,COMPOSITE_INCLUDES_COMMON_STOCKS_AND_INCOME_TRUST_UNITS,https://www.spglobal.com/spdji/en/methodology/article/sp-tsx-canadian-indices-methodology/,Official methodology explicitly states that the S&P/TSX Composite includes common stocks and income trust units. No group-wide PASS.,NOT_VERIFIED,NOT_VERIFIED,UNKNOWN,TARGETED_REVIEW_REQUIRED,COMPOSITE_INCLUDES_COMMON_STOCKS_AND_INCOME_TRUST_UNITS,https://www.spglobal.com/spdji/en/methodology/article/sp-tsx-canadian-indices-methodology/,Official methodology explicitly states that the S&P/TSX Composite includes common stocks and income trust units. No group-wide PASS.,NOT_VERIFIED,CS,NO_DOT_SUFFIX
WS:XTSE:CSU,Constellation Software Inc.,Canada,CA_TSX,XTSE,CSU,CSU.TO,CAD,CAD,1.0,UNKNOWN,NOT_VERIFIED,INSTRUMENT_TYPE_NOT_STRICTLY_VERIFIED,NOT_VERIFIED,READY,,503,503,,NOT_COLLECTED_BULK_RELIABLY_QA_ONLY,20,60,107370599.78695607,102773009.94718084,20,60,OK,2026-08-21,PASS,PREFERRED_GE_20M,PASS_OR_NOT_VERIFIED,NOT_VERIFIED,INSTRUMENT_NOT_VERIFIED,NOT_VERIFIED,UNKNOWN,TARGETED_REVIEW_REQUIRED,COMPOSITE_INCLUDES_COMMON_STOCKS_AND_INCOME_TRUST_UNITS,https://www.spglobal.com/spdji/en/methodology/article/sp-tsx-canadian-indices-methodology/,Official methodology explicitly states that the S&P/TSX Composite includes common stocks and income trust units. No group-wide PASS.,NOT_VERIFIED,NOT_VERIFIED,UNKNOWN,TARGETED_REVIEW_REQUIRED,COMPOSITE_INCLUDES_COMMON_STOCKS_AND_INCOME_TRUST_UNITS,https://www.spglobal.com/spdji/en/methodology/article/sp-tsx-canadian-indices-methodology/,Official methodology explicitly states that the S&P/TSX Composite includes common stocks and income trust units. No group-wide PASS.,NOT_VERIFIED,CSU,NO_DOT_SUFFIX
WS:XTSE:CTC.A,Canadian Tire Corporation Limited Class A Non-Voting Shares,Canada,CA_TSX,XTSE,CTC.A,CTC-A.TO,CAD,CAD,1.0,UNKNOWN,NOT_VERIFIED,INSTRUMENT_TYPE_NOT_STRICTLY_VERIFIED,NOT_VERIFIED,READY,,503,503,,NOT_COLLECTED_BULK_RELIABLY_QA_ONLY,20,60,26043605.82743664,22799421.930151477,20,60,OK,2026-08-21,PASS,PREFERRED_GE_20M,PASS_OR_NOT_VERIFIED,NOT_VERIFIED,INSTRUMENT_NOT_VERIFIED,NOT_VERIFIED,UNKNOWN,TARGETED_REVIEW_REQUIRED,COMPOSITE_INCLUDES_COMMON_STOCKS_AND_INCOME_TRUST_UNITS,https://www.spglobal.com/spdji/en/methodology/article/sp-tsx-canadian-indices-methodology/,Official methodology explicitly states that the S&P/TSX Composite includes common stocks and income trust units. No group-wide PASS.,NOT_VERIFIED,NOT_VERIFIED,UNKNOWN,TARGETED_REVIEW_REQUIRED,COMPOSITE_INCLUDES_COMMON_STOCKS_AND_INCOME_TRUST_UNITS,https://www.spglobal.com/spdji/en/methodology/article/sp-tsx-canadian-indices-methodology/,Official methodology explicitly states that the S&P/TSX Composite includes common stocks and income trust units. No group-wide PASS.,NOT_VERIFIED,CTC.A,DOT_CLASS_LIKE
WS:XTSE:CU,Canadian Utilities Limited Class A Non-Voting Shares,Canada,CA_TSX,XTSE,CU,CU.TO,CAD,CAD,1.0,UNKNOWN,NOT_VERIFIED,INSTRUMENT_TYPE_NOT_STRICTLY_VERIFIED,NOT_VERIFIED,READY,,503,503,,NOT_COLLECTED_BULK_RELIABLY_QA_ONLY,20,60,21124453.885820687,17331592.481782075,20,60,OK,2026-08-21,PASS,PREFERRED_GE_20M,PASS_OR_NOT_VERIFIED,NOT_VERIFIED,INSTRUMENT_NOT_VERIFIED,NOT_VERIFIED,UNKNOWN,TARGETED_REVIEW_REQUIRED,COMPOSITE_INCLUDES_COMMON_STOCKS_AND_INCOME_TRUST_UNITS,https://www.spglobal.com/spdji/en/methodology/article/sp-tsx-canadian-indices-methodology/,Official methodology explicitly states that the S&P/TSX Composite includes common stocks and income trust units. No group-wide PASS.,NOT_VERIFIED,NOT_VERIFIED,UNKNOWN,TARGETED_REVIEW_REQUIRED,COMPOSITE_INCLUDES_COMMON_STOCKS_AND_INCOME_TRUST_UNITS,https://www.spglobal.com/spdji/en/methodology/article/sp-tsx-canadian-indices-methodology/,Official methodology explicitly states that the S&P/TSX Composite includes common stocks and income trust units. No group-wide PASS.,NOT_VERIFIED,CU,NO_DOT_SUFFIX
WS:XTSE:CVE,Cenovus Energy Inc.,Canada,CA_TSX,XTSE,CVE,CVE.TO,CAD,CAD,1.0,UNKNOWN,NOT_VERIFIED,INSTRUMENT_TYPE_NOT_STRICTLY_VERIFIED,NOT_VERIFIED,READY,,503,503,,NOT_COLLECTED_BULK_RELIABLY_QA_ONLY,20,60,120374638.99681692,120152102.45554748,20,60,OK,2026-08-21,PASS,PREFERRED_GE_20M,PASS_OR_NOT_VERIFIED,NOT_VERIFIED,INSTRUMENT_NOT_VERIFIED,NOT_VERIFIED,UNKNOWN,TARGETED_REVIEW_REQUIRED,COMPOSITE_INCLUDES_COMMON_STOCKS_AND_INCOME_TRUST_UNITS,https://www.spglobal.com/spdji/en/methodology/article/sp-tsx-canadian-indices-methodology/,Official methodology explicitly states that the S&P/TSX Composite includes common stocks and income trust units. No group-wide PASS.,NOT_VERIFIED,NOT_VERIFIED,UNKNOWN,TARGETED_REVIEW_REQUIRED,COMPOSITE_INCLUDES_COMMON_STOCKS_AND_INCOME_TRUST_UNITS,https://www.spglobal.com/spdji/en/methodology/article/sp-tsx-canadian-indices-methodology/,Official methodology explicitly states that the S&P/TSX Composite includes common stocks and income trust units. No group-wide PASS.,NOT_VERIFIED,CVE,NO_DOT_SUFFIX
WS:XTSE:DOL,Dollarama Inc.,Canada,CA_TSX,XTSE,DOL,DOL.TO,CAD,CAD,1.0,UNKNOWN,NOT_VERIFIED,INSTRUMENT_TYPE_NOT_STRICTLY_VERIFIED,NOT_VERIFIED,READY,,503,503,,NOT_COLLECTED_BULK_RELIABLY_QA_ONLY,20,60,61423819.255750105,70732905.86612162,20,60,OK,2026-08-21,PASS,PREFERRED_GE_20M,PASS_OR_NOT_VERIFIED,NOT_VERIFIED,INSTRUMENT_NOT_VERIFIED,NOT_VERIFIED,UNKNOWN,TARGETED_REVIEW_REQUIRED,COMPOSITE_INCLUDES_COMMON_STOCKS_AND_INCOME_TRUST_UNITS,https://www.spglobal.com/spdji/en/methodology/article/sp-tsx-canadian-indices-methodology/,Official methodology explicitly states that the S&P/TSX Composite includes common stocks and income trust units. No group-wide PASS.,NOT_VERIFIED,NOT_VERIFIED,UNKNOWN,TARGETED_REVIEW_REQUIRED,COMPOSITE_INCLUDES_COMMON_STOCKS_AND_INCOME_TRUST_UNITS,https://www.spglobal.com/spdji/en/methodology/article/sp-tsx-canadian-indices-methodology/,Official methodology explicitly states that the S&P/TSX Composite includes common stocks and income trust units. No group-wide PASS.,NOT_VERIFIED,DOL,NO_DOT_SUFFIX
WS:XTSE:DPM,DPM Metals Inc.,Canada,CA_TSX,XTSE,DPM,DPM.TO,CAD,CAD,1.0,UNKNOWN,NOT_VERIFIED,INSTRUMENT_TYPE_NOT_STRICTLY_VERIFIED,NOT_VERIFIED,READY,,503,503,,NOT_COLLECTED_BULK_RELIABLY_QA_ONLY,20,60,27166376.20342237,23791408.03773723,20,60,OK,2026-08-21,PASS,PREFERRED_GE_20M,PASS_OR_NOT_VERIFIED,NOT_VERIFIED,INSTRUMENT_NOT_VERIFIED,NOT_VERIFIED,UNKNOWN,TARGETED_REVIEW_REQUIRED,COMPOSITE_INCLUDES_COMMON_STOCKS_AND_INCOME_TRUST_UNITS,https://www.spglobal.com/spdji/en/methodology/article/sp-tsx-canadian-indices-methodology/,Official methodology explicitly states that the S&P/TSX Composite includes common stocks and income trust units. No group-wide PASS.,NOT_VERIFIED,NOT_VERIFIED,UNKNOWN,TARGETED_REVIEW_REQUIRED,COMPOSITE_INCLUDES_COMMON_STOCKS_AND_INCOME_TRUST_UNITS,https://www.spglobal.com/spdji/en/methodology/article/sp-tsx-canadian-indices-methodology/,Official methodology explicitly states that the S&P/TSX Composite includes common stocks and income trust units. No group-wide PASS.,NOT_VERIFIED,DPM,NO_DOT_SUFFIX
WS:XTSE:DSG,Descartes Systems Group Inc. (The),Canada,CA_TSX,XTSE,DSG,DSG.TO,CAD,CAD,1.0,UNKNOWN,NOT_VERIFIED,INSTRUMENT_TYPE_NOT_STRICTLY_VERIFIED,NOT_VERIFIED,READY,,503,503,,NOT_COLLECTED_BULK_RELIABLY_QA_ONLY,20,60,19914597.853169076,18168002.44032785,20,60,OK,2026-08-21,PASS,STANDARD_15_TO_20M,PASS_OR_NOT_VERIFIED,NOT_VERIFIED,INSTRUMENT_NOT_VERIFIED,NOT_VERIFIED,UNKNOWN,TARGETED_REVIEW_REQUIRED,COMPOSITE_INCLUDES_COMMON_STOCKS_AND_INCOME_TRUST_UNITS,https://www.spglobal.com/spdji/en/methodology/article/sp-tsx-canadian-indices-methodology/,Official methodology explicitly states that the S&P/TSX Composite includes common stocks and income trust units. No group-wide PASS.,NOT_VERIFIED,NOT_VERIFIED,UNKNOWN,TARGETED_REVIEW_REQUIRED,COMPOSITE_INCLUDES_COMMON_STOCKS_AND_INCOME_TRUST_UNITS,https://www.spglobal.com/spdji/en/methodology/article/sp-tsx-canadian-indices-methodology/,Official methodology explicitly states that the S&P/TSX Composite includes common stocks and income trust units. No group-wide PASS.,NOT_VERIFIED,DSG,NO_DOT_SUFFIX
WS:XTSE:DSV,Discovery Mining Ltd.,Canada,CA_TSX,XTSE,DSV,DSV.TO,CAD,CAD,1.0,UNKNOWN,NOT_VERIFIED,INSTRUMENT_TYPE_NOT_STRICTLY_VERIFIED,NOT_VERIFIED,READY,,503,503,,NOT_COLLECTED_BULK_RELIABLY_QA_ONLY,20,60,16382737.947863996,13589673.001473479,20,60,OK,2026-08-21,PASS,STANDARD_15_TO_20M,PASS_OR_NOT_VERIFIED,NOT_VERIFIED,INSTRUMENT_NOT_VERIFIED,NOT_VERIFIED,UNKNOWN,TARGETED_REVIEW_REQUIRED,COMPOSITE_INCLUDES_COMMON_STOCKS_AND_INCOME_TRUST_UNITS,https://www.spglobal.com/spdji/en/methodology/article/sp-tsx-canadian-indices-methodology/,Official methodology explicitly states that the S&P/TSX Composite includes common stocks and income trust units. No group-wide PASS.,NOT_VERIFIED,NOT_VERIFIED,UNKNOWN,TARGETED_REVIEW_REQUIRED,COMPOSITE_INCLUDES_COMMON_STOCKS_AND_INCOME_TRUST_UNITS,https://www.spglobal.com/spdji/en/methodology/article/sp-tsx-canadian-indices-methodology/,Official methodology explicitly states that the S&P/TSX Composite includes common stocks and income trust units. No group-wide PASS.,NOT_VERIFIED,DSV,NO_DOT_SUFFIX
WS:XTSE:EFX,Enerflex Ltd.,Canada,CA_TSX,XTSE,EFX,EFX.TO,CAD,CAD,1.0,UNKNOWN,NOT_VERIFIED,INSTRUMENT_TYPE_NOT_STRICTLY_VERIFIED,NOT_VERIFIED,READY,,503,503,,NOT_COLLECTED_BULK_RELIABLY_QA_ONLY,20,60,15969372.274271954,12484878.999469124,20,60,OK,2026-08-21,PASS,STANDARD_15_TO_20M,PASS_OR_NOT_VERIFIED,NOT_VERIFIED,INSTRUMENT_NOT_VERIFIED,NOT_VERIFIED,UNKNOWN,TARGETED_REVIEW_REQUIRED,COMPOSITE_INCLUDES_COMMON_STOCKS_AND_INCOME_TRUST_UNITS,https://www.spglobal.com/spdji/en/methodology/article/sp-tsx-canadian-indices-methodology/,Official methodology explicitly states that the S&P/TSX Composite includes common stocks and income trust units. No group-wide PASS.,NOT_VERIFIED,NOT_VERIFIED,UNKNOWN,TARGETED_REVIEW_REQUIRED,COMPOSITE_INCLUDES_COMMON_STOCKS_AND_INCOME_TRUST_UNITS,https://www.spglobal.com/spdji/en/methodology/article/sp-tsx-canadian-indices-methodology/,Official methodology explicitly states that the S&P/TSX Composite includes common stocks and income trust units. No group-wide PASS.,NOT_VERIFIED,EFX,NO_DOT_SUFFIX
WS:XTSE:ELD,Eldorado Gold Corporation,Canada,CA_TSX,XTSE,ELD,ELD.TO,CAD,CAD,1.0,UNKNOWN,NOT_VERIFIED,INSTRUMENT_TYPE_NOT_STRICTLY_VERIFIED,NOT_VERIFIED,READY,,503,503,,NOT_COLLECTED_BULK_RELIABLY_QA_ONLY,20,60,25107692.420216583,19241927.489149332,20,60,OK,2026-08-21,PASS,PREFERRED_GE_20M,PASS_OR_NOT_VERIFIED,NOT_VERIFIED,INSTRUMENT_NOT_VERIFIED,NOT_VERIFIED,UNKNOWN,TARGETED_REVIEW_REQUIRED,COMPOSITE_INCLUDES_COMMON_STOCKS_AND_INCOME_TRUST_UNITS,https://www.spglobal.com/spdji/en/methodology/article/sp-tsx-canadian-indices-methodology/,Official methodology explicitly states that the S&P/TSX Composite includes common stocks and income trust units. No group-wide PASS.,NOT_VERIFIED,NOT_VERIFIED,UNKNOWN,TARGETED_REVIEW_REQUIRED,COMPOSITE_INCLUDES_COMMON_STOCKS_AND_INCOME_TRUST_UNITS,https://www.spglobal.com/spdji/en/methodology/article/sp-tsx-canadian-indices-methodology/,Official methodology explicitly states that the S&P/TSX Composite includes common stocks and income trust units. No group-wide PASS.,NOT_VERIFIED,ELD,NO_DOT_SUFFIX
WS:XTSE:EMA,Emera Incorporated,Canada,CA_TSX,XTSE,EMA,EMA.TO,CAD,CAD,1.0,UNKNOWN,NOT_VERIFIED,INSTRUMENT_TYPE_NOT_STRICTLY_VERIFIED,NOT_VERIFIED,READY,,503,503,,NOT_COLLECTED_BULK_RELIABLY_QA_ONLY,20,60,59884671.2159213,46515044.566199616,20,60,OK,2026-08-21,PASS,PREFERRED_GE_20M,PASS_OR_NOT_VERIFIED,NOT_VERIFIED,INSTRUMENT_NOT_VERIFIED,NOT_VERIFIED,UNKNOWN,TARGETED_REVIEW_REQUIRED,COMPOSITE_INCLUDES_COMMON_STOCKS_AND_INCOME_TRUST_UNITS,https://www.spglobal.com/spdji/en/methodology/article/sp-tsx-canadian-indices-methodology/,Official methodology explicitly states that the S&P/TSX Composite includes common stocks and income trust units. No group-wide PASS.,NOT_VERIFIED,NOT_VERIFIED,UNKNOWN,TARGETED_REVIEW_REQUIRED,COMPOSITE_INCLUDES_COMMON_STOCKS_AND_INCOME_TRUST_UNITS,https://www.spglobal.com/spdji/en/methodology/article/sp-tsx-canadian-indices-methodology/,Official methodology explicitly states that the S&P/TSX Composite includes common stocks and income trust units. No group-wide PASS.,NOT_VERIFIED,EMA,NO_DOT_SUFFIX
WS:XTSE:ENB,Enbridge Inc.,Canada,CA_TSX,XTSE,ENB,ENB.TO,CAD,CAD,1.0,UNKNOWN,NOT_VERIFIED,INSTRUMENT_TYPE_NOT_STRICTLY_VERIFIED,NOT_VERIFIED,READY,,503,503,,NOT_COLLECTED_BULK_RELIABLY_QA_ONLY,20,60,567080356.0396025,331143793.7155508,20,60,OK,2026-08-21,PASS,PREFERRED_GE_20M,PASS_OR_NOT_VERIFIED,NOT_VERIFIED,INSTRUMENT_NOT_VERIFIED,NOT_VERIFIED,UNKNOWN,TARGETED_REVIEW_REQUIRED,COMPOSITE_INCLUDES_COMMON_STOCKS_AND_INCOME_TRUST_UNITS,https://www.spglobal.com/spdji/en/methodology/article/sp-tsx-canadian-indices-methodology/,Official methodology explicitly states that the S&P/TSX Composite includes common stocks and income trust units. No group-wide PASS.,NOT_VERIFIED,NOT_VERIFIED,UNKNOWN,TARGETED_REVIEW_REQUIRED,COMPOSITE_INCLUDES_COMMON_STOCKS_AND_INCOME_TRUST_UNITS,https://www.spglobal.com/spdji/en/methodology/article/sp-tsx-canadian-indices-methodology/,Official methodology explicitly states that the S&P/TSX Composite includes common stocks and income trust units. No group-wide PASS.,NOT_VERIFIED,ENB,NO_DOT_SUFFIX
WS:XTSE:EQX,Equinox Gold Corp.,Canada,CA_TSX,XTSE,EQX,EQX.TO,CAD,CAD,1.0,UNKNOWN,NOT_VERIFIED,INSTRUMENT_TYPE_NOT_STRICTLY_VERIFIED,NOT_VERIFIED,READY,,503,503,,NOT_COLLECTED_BULK_RELIABLY_QA_ONLY,20,60,43849650.57091005,35950633.322288826,20,60,OK,2026-08-21,PASS,PREFERRED_GE_20M,PASS_OR_NOT_VERIFIED,NOT_VERIFIED,INSTRUMENT_NOT_VERIFIED,NOT_VERIFIED,UNKNOWN,TARGETED_REVIEW_REQUIRED,COMPOSITE_INCLUDES_COMMON_STOCKS_AND_INCOME_TRUST_UNITS,https://www.spglobal.com/spdji/en/methodology/article/sp-tsx-canadian-indices-methodology/,Official methodology explicitly states that the S&P/TSX Composite includes common stocks and income trust units. No group-wide PASS.,NOT_VERIFIED,NOT_VERIFIED,UNKNOWN,TARGETED_REVIEW_REQUIRED,COMPOSITE_INCLUDES_COMMON_STOCKS_AND_INCOME_TRUST_UNITS,https://www.spglobal.com/spdji/en/methodology/article/sp-tsx-canadian-indices-methodology/,Official methodology explicitly states that the S&P/TSX Composite includes common stocks and income trust units. No group-wide PASS.,NOT_VERIFIED,EQX,NO_DOT_SUFFIX
WS:XTSE:FFH,Fairfax Financial Holdings Limited Subordinate Voting Shares,Canada,CA_TSX,XTSE,FFH,FFH.TO,CAD,CAD,1.0,UNKNOWN,NOT_VERIFIED,INSTRUMENT_TYPE_NOT_STRICTLY_VERIFIED,NOT_VERIFIED,READY,,503,503,,NOT_COLLECTED_BULK_RELIABLY_QA_ONLY,20,60,82887168.11638457,72506908.89763108,20,60,OK,2026-08-21,PASS,PREFERRED_GE_20M,PASS_OR_NOT_VERIFIED,NOT_VERIFIED,INSTRUMENT_NOT_VERIFIED,NOT_VERIFIED,UNKNOWN,TARGETED_REVIEW_REQUIRED,COMPOSITE_INCLUDES_COMMON_STOCKS_AND_INCOME_TRUST_UNITS,https://www.spglobal.com/spdji/en/methodology/article/sp-tsx-canadian-indices-methodology/,Official methodology explicitly states that the S&P/TSX Composite includes common stocks and income trust units. No group-wide PASS.,NOT_VERIFIED,NOT_VERIFIED,UNKNOWN,TARGETED_REVIEW_REQUIRED,COMPOSITE_INCLUDES_COMMON_STOCKS_AND_INCOME_TRUST_UNITS,https://www.spglobal.com/spdji/en/methodology/article/sp-tsx-canadian-indices-methodology/,Official methodology explicitly states that the S&P/TSX Composite includes common stocks and income trust units. No group-wide PASS.,NOT_VERIFIED,FFH,NO_DOT_SUFFIX
WS:XTSE:FM,First Quantum Minerals Ltd.,Canada,CA_TSX,XTSE,FM,FM.TO,CAD,CAD,1.0,UNKNOWN,NOT_VERIFIED,INSTRUMENT_TYPE_NOT_STRICTLY_VERIFIED,NOT_VERIFIED,READY,,503,503,,NOT_COLLECTED_BULK_RELIABLY_QA_ONLY,20,60,64540342.805934384,70711569.50757545,20,60,OK,2026-08-21,PASS,PREFERRED_GE_20M,PASS_OR_NOT_VERIFIED,NOT_VERIFIED,INSTRUMENT_NOT_VERIFIED,NOT_VERIFIED,UNKNOWN,TARGETED_REVIEW_REQUIRED,COMPOSITE_INCLUDES_COMMON_STOCKS_AND_INCOME_TRUST_UNITS,https://www.spglobal.com/spdji/en/methodology/article/sp-tsx-canadian-indices-methodology/,Official methodology explicitly states that the S&P/TSX Composite includes common stocks and income trust units. No group-wide PASS.,NOT_VERIFIED,NOT_VERIFIED,UNKNOWN,TARGETED_REVIEW_REQUIRED,COMPOSITE_INCLUDES_COMMON_STOCKS_AND_INCOME_TRUST_UNITS,https://www.spglobal.com/spdji/en/methodology/article/sp-tsx-canadian-indices-methodology/,Official methodology explicitly states that the S&P/TSX Composite includes common stocks and income trust units. No group-wide PASS.,NOT_VERIFIED,FM,NO_DOT_SUFFIX
WS:XTSE:FNV,Franco-Nevada Corporation,Canada,CA_TSX,XTSE,FNV,FNV.TO,CAD,CAD,1.0,UNKNOWN,NOT_VERIFIED,INSTRUMENT_TYPE_NOT_STRICTLY_VERIFIED,NOT_VERIFIED,READY,,503,503,,NOT_COLLECTED_BULK_RELIABLY_QA_ONLY,20,60,74961547.19538307,73788232.81983075,20,60,OK,2026-08-21,PASS,PREFERRED_GE_20M,PASS_OR_NOT_VERIFIED,NOT_VERIFIED,INSTRUMENT_NOT_VERIFIED,NOT_VERIFIED,UNKNOWN,TARGETED_REVIEW_REQUIRED,COMPOSITE_INCLUDES_COMMON_STOCKS_AND_INCOME_TRUST_UNITS,https://www.spglobal.com/spdji/en/methodology/article/sp-tsx-canadian-indices-methodology/,Official methodology explicitly states that the S&P/TSX Composite includes common stocks and income trust units. No group-wide PASS.,NOT_VERIFIED,NOT_VERIFIED,UNKNOWN,TARGETED_REVIEW_REQUIRED,COMPOSITE_INCLUDES_COMMON_STOCKS_AND_INCOME_TRUST_UNITS,https://www.spglobal.com/spdji/en/methodology/article/sp-tsx-canadian-indices-methodology/,Official methodology explicitly states that the S&P/TSX Composite includes common stocks and income trust units. No group-wide PASS.,NOT_VERIFIED,FNV,NO_DOT_SUFFIX
WS:XTSE:FSV,FirstService Corporation,Canada,CA_TSX,XTSE,FSV,FSV.TO,CAD,CAD,1.0,UNKNOWN,NOT_VERIFIED,INSTRUMENT_TYPE_NOT_STRICTLY_VERIFIED,NOT_VERIFIED,READY,,503,503,,NOT_COLLECTED_BULK_RELIABLY_QA_ONLY,20,60,19599517.912469804,16268505.182214549,20,60,OK,2026-08-21,PASS,STANDARD_15_TO_20M,PASS_OR_NOT_VERIFIED,NOT_VERIFIED,INSTRUMENT_NOT_VERIFIED,NOT_VERIFIED,UNKNOWN,TARGETED_REVIEW_REQUIRED,COMPOSITE_INCLUDES_COMMON_STOCKS_AND_INCOME_TRUST_UNITS,https://www.spglobal.com/spdji/en/methodology/article/sp-tsx-canadian-indices-methodology/,Official methodology explicitly states that the S&P/TSX Composite includes common stocks and income trust units. No group-wide PASS.,NOT_VERIFIED,NOT_VERIFIED,UNKNOWN,TARGETED_REVIEW_REQUIRED,COMPOSITE_INCLUDES_COMMON_STOCKS_AND_INCOME_TRUST_UNITS,https://www.spglobal.com/spdji/en/methodology/article/sp-tsx-canadian-indices-methodology/,Official methodology explicitly states that the S&P/TSX Composite includes common stocks and income trust units. No group-wide PASS.,NOT_VERIFIED,FSV,NO_DOT_SUFFIX
WS:XTSE:FTS,Fortis Inc.,Canada,CA_TSX,XTSE,FTS,FTS.TO,CAD,CAD,1.0,UNKNOWN,NOT_VERIFIED,INSTRUMENT_TYPE_NOT_STRICTLY_VERIFIED,NOT_VERIFIED,READY,,503,503,,NOT_COLLECTED_BULK_RELIABLY_QA_ONLY,20,60,72650057.96834712,69095488.34139222,20,60,OK,2026-08-21,PASS,PREFERRED_GE_20M,PASS_OR_NOT_VERIFIED,NOT_VERIFIED,INSTRUMENT_NOT_VERIFIED,NOT_VERIFIED,UNKNOWN,TARGETED_REVIEW_REQUIRED,COMPOSITE_INCLUDES_COMMON_STOCKS_AND_INCOME_TRUST_UNITS,https://www.spglobal.com/spdji/en/methodology/article/sp-tsx-canadian-indices-methodology/,Official methodology explicitly states that the S&P/TSX Composite includes common stocks and income trust units. No group-wide PASS.,NOT_VERIFIED,NOT_VERIFIED,UNKNOWN,TARGETED_REVIEW_REQUIRED,COMPOSITE_INCLUDES_COMMON_STOCKS_AND_INCOME_TRUST_UNITS,https://www.spglobal.com/spdji/en/methodology/article/sp-tsx-canadian-indices-methodology/,Official methodology explicitly states that the S&P/TSX Composite includes common stocks and income trust units. No group-wide PASS.,NOT_VERIFIED,FTS,NO_DOT_SUFFIX
WS:XTSE:FTT,Finning International Inc.,Canada,CA_TSX,XTSE,FTT,FTT.TO,CAD,CAD,1.0,UNKNOWN,NOT_VERIFIED,INSTRUMENT_TYPE_NOT_STRICTLY_VERIFIED,NOT_VERIFIED,READY,,503,503,,NOT_COLLECTED_BULK_RELIABLY_QA_ONLY,20,60,25800518.528316557,27988392.421441298,20,60,OK,2026-08-21,PASS,PREFERRED_GE_20M,PASS_OR_NOT_VERIFIED,NOT_VERIFIED,INSTRUMENT_NOT_VERIFIED,NOT_VERIFIED,UNKNOWN,TARGETED_REVIEW_REQUIRED,COMPOSITE_INCLUDES_COMMON_STOCKS_AND_INCOME_TRUST_UNITS,https://www.spglobal.com/spdji/en/methodology/article/sp-tsx-canadian-indices-methodology/,Official methodology explicitly states that the S&P/TSX Composite includes common stocks and income trust units. No group-wide PASS.,NOT_VERIFIED,NOT_VERIFIED,UNKNOWN,TARGETED_REVIEW_REQUIRED,COMPOSITE_INCLUDES_COMMON_STOCKS_AND_INCOME_TRUST_UNITS,https://www.spglobal.com/spdji/en/methodology/article/sp-tsx-canadian-indices-methodology/,Official methodology explicitly states that the S&P/TSX Composite includes common stocks and income trust units. No group-wide PASS.,NOT_VERIFIED,FTT,NO_DOT_SUFFIX
WS:XTSE:GFL,GFL Environmental Inc. subordinate voting shares,Canada,CA_TSX,XTSE,GFL,GFL.TO,CAD,CAD,1.0,UNKNOWN,NOT_VERIFIED,INSTRUMENT_TYPE_NOT_STRICTLY_VERIFIED,NOT_VERIFIED,READY,,503,503,,NOT_COLLECTED_BULK_RELIABLY_QA_ONLY,20,60,20993715.427167095,20039129.143141337,20,60,OK,2026-08-21,PASS,PREFERRED_GE_20M,PASS_OR_NOT_VERIFIED,NOT_VERIFIED,INSTRUMENT_NOT_VERIFIED,NOT_VERIFIED,UNKNOWN,TARGETED_REVIEW_REQUIRED,COMPOSITE_INCLUDES_COMMON_STOCKS_AND_INCOME_TRUST_UNITS,https://www.spglobal.com/spdji/en/methodology/article/sp-tsx-canadian-indices-methodology/,Official methodology explicitly states that the S&P/TSX Composite includes common stocks and income trust units. No group-wide PASS.,NOT_VERIFIED,NOT_VERIFIED,UNKNOWN,TARGETED_REVIEW_REQUIRED,COMPOSITE_INCLUDES_COMMON_STOCKS_AND_INCOME_TRUST_UNITS,https://www.spglobal.com/spdji/en/methodology/article/sp-tsx-canadian-indices-methodology/,Official methodology explicitly states that the S&P/TSX Composite includes common stocks and income trust units. No group-wide PASS.,NOT_VERIFIED,GFL,NO_DOT_SUFFIX
WS:XTSE:GIB.A,CGI Inc. Class A Subordinate Voting Shares,Canada,CA_TSX,XTSE,GIB.A,GIB-A.TO,CAD,CAD,1.0,UNKNOWN,NOT_VERIFIED,INSTRUMENT_TYPE_NOT_STRICTLY_VERIFIED,NOT_VERIFIED,READY,,503,503,,NOT_COLLECTED_BULK_RELIABLY_QA_ONLY,20,60,37418545.37178655,36255647.832212254,20,60,OK,2026-08-21,PASS,PREFERRED_GE_20M,PASS_OR_NOT_VERIFIED,NOT_VERIFIED,INSTRUMENT_NOT_VERIFIED,NOT_VERIFIED,UNKNOWN,TARGETED_REVIEW_REQUIRED,COMPOSITE_INCLUDES_COMMON_STOCKS_AND_INCOME_TRUST_UNITS,https://www.spglobal.com/spdji/en/methodology/article/sp-tsx-canadian-indices-methodology/,Official methodology explicitly states that the S&P/TSX Composite includes common stocks and income trust units. No group-wide PASS.,NOT_VERIFIED,NOT_VERIFIED,UNKNOWN,TARGETED_REVIEW_REQUIRED,COMPOSITE_INCLUDES_COMMON_STOCKS_AND_INCOME_TRUST_UNITS,https://www.spglobal.com/spdji/en/methodology/article/sp-tsx-canadian-indices-methodology/,Official methodology explicitly states that the S&P/TSX Composite includes common stocks and income trust units. No group-wide PASS.,NOT_VERIFIED,GIB.A,DOT_CLASS_LIKE
WS:XTSE:GIL,Gildan Activewear Inc.,Canada,CA_TSX,XTSE,GIL,GIL.TO,CAD,CAD,1.0,UNKNOWN,NOT_VERIFIED,INSTRUMENT_TYPE_NOT_STRICTLY_VERIFIED,NOT_VERIFIED,READY,,503,503,,NOT_COLLECTED_BULK_RELIABLY_QA_ONLY,20,60,30821040.282161698,30608628.253273077,20,60,OK,2026-08-21,PASS,PREFERRED_GE_20M,PASS_OR_NOT_VERIFIED,NOT_VERIFIED,INSTRUMENT_NOT_VERIFIED,NOT_VERIFIED,UNKNOWN,TARGETED_REVIEW_REQUIRED,COMPOSITE_INCLUDES_COMMON_STOCKS_AND_INCOME_TRUST_UNITS,https://www.spglobal.com/spdji/en/methodology/article/sp-tsx-canadian-indices-methodology/,Official methodology explicitly states that the S&P/TSX Composite includes common stocks and income trust units. No group-wide PASS.,NOT_VERIFIED,NOT_VERIFIED,UNKNOWN,TARGETED_REVIEW_REQUIRED,COMPOSITE_INCLUDES_COMMON_STOCKS_AND_INCOME_TRUST_UNITS,https://www.spglobal.com/spdji/en/methodology/article/sp-tsx-canadian-indices-methodology/,Official methodology explicitly states that the S&P/TSX Composite includes common stocks and income trust units. No group-wide PASS.,NOT_VERIFIED,GIL,NO_DOT_SUFFIX
WS:XTSE:GMIN,G Mining Ventures Corp.,Canada,CA_TSX,XTSE,GMIN,GMIN.TO,CAD,CAD,1.0,UNKNOWN,NOT_VERIFIED,INSTRUMENT_TYPE_NOT_STRICTLY_VERIFIED,NOT_VERIFIED,READY,,503,503,,NOT_COLLECTED_BULK_RELIABLY_QA_ONLY,20,60,30687696.73203416,20738183.56867495,20,60,OK,2026-08-21,PASS,PREFERRED_GE_20M,PASS_OR_NOT_VERIFIED,NOT_VERIFIED,INSTRUMENT_NOT_VERIFIED,NOT_VERIFIED,UNKNOWN,TARGETED_REVIEW_REQUIRED,COMPOSITE_INCLUDES_COMMON_STOCKS_AND_INCOME_TRUST_UNITS,https://www.spglobal.com/spdji/en/methodology/article/sp-tsx-canadian-indices-methodology/,Official methodology explicitly states that the S&P/TSX Composite includes common stocks and income trust units. No group-wide PASS.,NOT_VERIFIED,NOT_VERIFIED,UNKNOWN,TARGETED_REVIEW_REQUIRED,COMPOSITE_INCLUDES_COMMON_STOCKS_AND_INCOME_TRUST_UNITS,https://www.spglobal.com/spdji/en/methodology/article/sp-tsx-canadian-indices-methodology/,Official methodology explicitly states that the S&P/TSX Composite includes common stocks and income trust units. No group-wide PASS.,NOT_VERIFIED,GMIN,NO_DOT_SUFFIX
WS:XTSE:GWO,Great-West Lifeco Inc.,Canada,CA_TSX,XTSE,GWO,GWO.TO,CAD,CAD,1.0,UNKNOWN,NOT_VERIFIED,INSTRUMENT_TYPE_NOT_STRICTLY_VERIFIED,NOT_VERIFIED,READY,,503,503,,NOT_COLLECTED_BULK_RELIABLY_QA_ONLY,20,60,70435077.8431175,70435077.8431175,20,60,OK,2026-08-21,PASS,PREFERRED_GE_20M,PASS_OR_NOT_VERIFIED,NOT_VERIFIED,INSTRUMENT_NOT_VERIFIED,NOT_VERIFIED,UNKNOWN,TARGETED_REVIEW_REQUIRED,COMPOSITE_INCLUDES_COMMON_STOCKS_AND_INCOME_TRUST_UNITS,https://www.spglobal.com/spdji/en/methodology/article/sp-tsx-canadian-indices-methodology/,Official methodology explicitly states that the S&P/TSX Composite includes common stocks and income trust units. No group-wide PASS.,NOT_VERIFIED,NOT_VERIFIED,UNKNOWN,TARGETED_REVIEW_REQUIRED,COMPOSITE_INCLUDES_COMMON_STOCKS_AND_INCOME_TRUST_UNITS,https://www.spglobal.com/spdji/en/methodology/article/sp-tsx-canadian-indices-methodology/,Official methodology explicitly states that the S&P/TSX Composite includes common stocks and income trust units. No group-wide PASS.,NOT_VERIFIED,GWO,NO_DOT_SUFFIX
WS:XTSE:H,Hydro One Limited,Canada,CA_TSX,XTSE,H,H.TO,CAD,CAD,1.0,UNKNOWN,NOT_VERIFIED,INSTRUMENT_TYPE_NOT_STRICTLY_VERIFIED,NOT_VERIFIED,READY,,503,503,,NOT_COLLECTED_BULK_RELIABLY_QA_ONLY,20,60,41721013.484550714,41223741.33373434,20,60,OK,2026-08-21,PASS,PREFERRED_GE_20M,PASS_OR_NOT_VERIFIED,NOT_VERIFIED,INSTRUMENT_NOT_VERIFIED,NOT_VERIFIED,UNKNOWN,TARGETED_REVIEW_REQUIRED,COMPOSITE_INCLUDES_COMMON_STOCKS_AND_INCOME_TRUST_UNITS,https://www.spglobal.com/spdji/en/methodology/article/sp-tsx-canadian-indices-methodology/,Official methodology explicitly states that the S&P/TSX Composite includes common stocks and income trust units. No group-wide PASS.,NOT_VERIFIED,NOT_VERIFIED,UNKNOWN,TARGETED_REVIEW_REQUIRED,COMPOSITE_INCLUDES_COMMON_STOCKS_AND_INCOME_TRUST_UNITS,https://www.spglobal.com/spdji/en/methodology/article/sp-tsx-canadian-indices-methodology/,Official methodology explicitly states that the S&P/TSX Composite includes common stocks and income trust units. No group-wide PASS.,NOT_VERIFIED,H,NO_DOT_SUFFIX
WS:XTSE:HBM,Hudbay Minerals Inc.,Canada,CA_TSX,XTSE,HBM,HBM.TO,CAD,CAD,1.0,UNKNOWN,NOT_VERIFIED,INSTRUMENT_TYPE_NOT_STRICTLY_VERIFIED,NOT_VERIFIED,READY,,503,503,,NOT_COLLECTED_BULK_RELIABLY_QA_ONLY,20,60,55560633.805727,51750384.11505738,20,60,OK,2026-08-21,PASS,PREFERRED_GE_20M,PASS_OR_NOT_VERIFIED,NOT_VERIFIED,INSTRUMENT_NOT_VERIFIED,NOT_VERIFIED,UNKNOWN,TARGETED_REVIEW_REQUIRED,COMPOSITE_INCLUDES_COMMON_STOCKS_AND_INCOME_TRUST_UNITS,https://www.spglobal.com/spdji/en/methodology/article/sp-tsx-canadian-indices-methodology/,Official methodology explicitly states that the S&P/TSX Composite includes common stocks and income trust units. No group-wide PASS.,NOT_VERIFIED,NOT_VERIFIED,UNKNOWN,TARGETED_REVIEW_REQUIRED,COMPOSITE_INCLUDES_COMMON_STOCKS_AND_INCOME_TRUST_UNITS,https://www.spglobal.com/spdji/en/methodology/article/sp-tsx-canadian-indices-methodology/,Official methodology explicitly states that the S&P/TSX Composite includes common stocks and income trust units. No group-wide PASS.,NOT_VERIFIED,HBM,NO_DOT_SUFFIX
WS:XTSE:IAG,iA Financial Corporation Inc.,Canada,CA_TSX,XTSE,IAG,IAG.TO,CAD,CAD,1.0,UNKNOWN,NOT_VERIFIED,INSTRUMENT_TYPE_NOT_STRICTLY_VERIFIED,NOT_VERIFIED,READY,,503,503,,NOT_COLLECTED_BULK_RELIABLY_QA_ONLY,20,60,40742576.379469305,36189648.743334346,20,60,OK,2026-08-21,PASS,PREFERRED_GE_20M,PASS_OR_NOT_VERIFIED,NOT_VERIFIED,INSTRUMENT_NOT_VERIFIED,NOT_VERIFIED,UNKNOWN,TARGETED_REVIEW_REQUIRED,COMPOSITE_INCLUDES_COMMON_STOCKS_AND_INCOME_TRUST_UNITS,https://www.spglobal.com/spdji/en/methodology/article/sp-tsx-canadian-indices-methodology/,Official methodology explicitly states that the S&P/TSX Composite includes common stocks and income trust units. No group-wide PASS.,NOT_VERIFIED,NOT_VERIFIED,UNKNOWN,TARGETED_REVIEW_REQUIRED,COMPOSITE_INCLUDES_COMMON_STOCKS_AND_INCOME_TRUST_UNITS,https://www.spglobal.com/spdji/en/methodology/article/sp-tsx-canadian-indices-methodology/,Official methodology explicitly states that the S&P/TSX Composite includes common stocks and income trust units. No group-wide PASS.,NOT_VERIFIED,IAG,NO_DOT_SUFFIX
WS:XTSE:IFC,Intact Financial Corporation,Canada,CA_TSX,XTSE,IFC,IFC.TO,CAD,CAD,1.0,UNKNOWN,NOT_VERIFIED,INSTRUMENT_TYPE_NOT_STRICTLY_VERIFIED,NOT_VERIFIED,READY,,503,503,,NOT_COLLECTED_BULK_RELIABLY_QA_ONLY,20,60,90181668.46647203,70089733.4596653,20,60,OK,2026-08-21,PASS,PREFERRED_GE_20M,PASS_OR_NOT_VERIFIED,NOT_VERIFIED,INSTRUMENT_NOT_VERIFIED,NOT_VERIFIED,UNKNOWN,TARGETED_REVIEW_REQUIRED,COMPOSITE_INCLUDES_COMMON_STOCKS_AND_INCOME_TRUST_UNITS,https://www.spglobal.com/spdji/en/methodology/article/sp-tsx-canadian-indices-methodology/,Official methodology explicitly states that the S&P/TSX Composite includes common stocks and income trust units. No group-wide PASS.,NOT_VERIFIED,NOT_VERIFIED,UNKNOWN,TARGETED_REVIEW_REQUIRED,COMPOSITE_INCLUDES_COMMON_STOCKS_AND_INCOME_TRUST_UNITS,https://www.spglobal.com/spdji/en/methodology/article/sp-tsx-canadian-indices-methodology/,Official methodology explicitly states that the S&P/TSX Composite includes common stocks and income trust units. No group-wide PASS.,NOT_VERIFIED,IFC,NO_DOT_SUFFIX
WS:XTSE:IGM,IGM Financial Inc.,Canada,CA_TSX,XTSE,IGM,IGM.TO,CAD,CAD,1.0,UNKNOWN,NOT_VERIFIED,INSTRUMENT_TYPE_NOT_STRICTLY_VERIFIED,NOT_VERIFIED,READY,,503,503,,NOT_COLLECTED_BULK_RELIABLY_QA_ONLY,20,60,22890957.925170615,22632329.259075172,20,60,OK,2026-08-21,PASS,PREFERRED_GE_20M,PASS_OR_NOT_VERIFIED,NOT_VERIFIED,INSTRUMENT_NOT_VERIFIED,NOT_VERIFIED,UNKNOWN,TARGETED_REVIEW_REQUIRED,COMPOSITE_INCLUDES_COMMON_STOCKS_AND_INCOME_TRUST_UNITS,https://www.spglobal.com/spdji/en/methodology/article/sp-tsx-canadian-indices-methodology/,Official methodology explicitly states that the S&P/TSX Composite includes common stocks and income trust units. No group-wide PASS.,NOT_VERIFIED,NOT_VERIFIED,UNKNOWN,TARGETED_REVIEW_REQUIRED,COMPOSITE_INCLUDES_COMMON_STOCKS_AND_INCOME_TRUST_UNITS,https://www.spglobal.com/spdji/en/methodology/article/sp-tsx-canadian-indices-methodology/,Official methodology explicitly states that the S&P/TSX Composite includes common stocks and income trust units. No group-wide PASS.,NOT_VERIFIED,IGM,NO_DOT_SUFFIX
WS:XTSE:IMG,IAMGOLD Corporation,Canada,CA_TSX,XTSE,IMG,IMG.TO,CAD,CAD,1.0,UNKNOWN,NOT_VERIFIED,INSTRUMENT_TYPE_NOT_STRICTLY_VERIFIED,NOT_VERIFIED,READY,,503,503,,NOT_COLLECTED_BULK_RELIABLY_QA_ONLY,20,60,22966985.370271213,22286020.613929074,20,60,OK,2026-08-21,PASS,PREFERRED_GE_20M,PASS_OR_NOT_VERIFIED,NOT_VERIFIED,INSTRUMENT_NOT_VERIFIED,NOT_VERIFIED,UNKNOWN,TARGETED_REVIEW_REQUIRED,COMPOSITE_INCLUDES_COMMON_STOCKS_AND_INCOME_TRUST_UNITS,https://www.spglobal.com/spdji/en/methodology/article/sp-tsx-canadian-indices-methodology/,Official methodology explicitly states that the S&P/TSX Composite includes common stocks and income trust units. No group-wide PASS.,NOT_VERIFIED,NOT_VERIFIED,UNKNOWN,TARGETED_REVIEW_REQUIRED,COMPOSITE_INCLUDES_COMMON_STOCKS_AND_INCOME_TRUST_UNITS,https://www.spglobal.com/spdji/en/methodology/article/sp-tsx-canadian-indices-methodology/,Official methodology explicitly states that the S&P/TSX Composite includes common stocks and income trust units. No group-wide PASS.,NOT_VERIFIED,IMG,NO_DOT_SUFFIX
WS:XTSE:IMO,Imperial Oil Limited,Canada,CA_TSX,XTSE,IMO,IMO.TO,CAD,CAD,1.0,UNKNOWN,NOT_VERIFIED,INSTRUMENT_TYPE_NOT_STRICTLY_VERIFIED,NOT_VERIFIED,READY,,503,503,,NOT_COLLECTED_BULK_RELIABLY_QA_ONLY,20,60,91752740.519354,70879240.26345563,20,60,OK,2026-08-21,PASS,PREFERRED_GE_20M,PASS_OR_NOT_VERIFIED,NOT_VERIFIED,INSTRUMENT_NOT_VERIFIED,NOT_VERIFIED,UNKNOWN,TARGETED_REVIEW_REQUIRED,COMPOSITE_INCLUDES_COMMON_STOCKS_AND_INCOME_TRUST_UNITS,https://www.spglobal.com/spdji/en/methodology/article/sp-tsx-canadian-indices-methodology/,Official methodology explicitly states that the S&P/TSX Composite includes common stocks and income trust units. No group-wide PASS.,NOT_VERIFIED,NOT_VERIFIED,UNKNOWN,TARGETED_REVIEW_REQUIRED,COMPOSITE_INCLUDES_COMMON_STOCKS_AND_INCOME_TRUST_UNITS,https://www.spglobal.com/spdji/en/methodology/article/sp-tsx-canadian-indices-methodology/,Official methodology explicitly states that the S&P/TSX Composite includes common stocks and income trust units. No group-wide PASS.,NOT_VERIFIED,IMO,NO_DOT_SUFFIX
WS:XTSE:IVN,Ivanhoe Mines Ltd.,Canada,CA_TSX,XTSE,IVN,IVN.TO,CAD,CAD,1.0,UNKNOWN,NOT_VERIFIED,INSTRUMENT_TYPE_NOT_STRICTLY_VERIFIED,NOT_VERIFIED,READY,,503,503,,NOT_COLLECTED_BULK_RELIABLY_QA_ONLY,20,60,31739878.307705924,27000863.472792402,20,60,OK,2026-08-21,PASS,PREFERRED_GE_20M,PASS_OR_NOT_VERIFIED,NOT_VERIFIED,INSTRUMENT_NOT_VERIFIED,NOT_VERIFIED,UNKNOWN,TARGETED_REVIEW_REQUIRED,COMPOSITE_INCLUDES_COMMON_STOCKS_AND_INCOME_TRUST_UNITS,https://www.spglobal.com/spdji/en/methodology/article/sp-tsx-canadian-indices-methodology/,Official methodology explicitly states that the S&P/TSX Composite includes common stocks and income trust units. No group-wide PASS.,NOT_VERIFIED,NOT_VERIFIED,UNKNOWN,TARGETED_REVIEW_REQUIRED,COMPOSITE_INCLUDES_COMMON_STOCKS_AND_INCOME_TRUST_UNITS,https://www.spglobal.com/spdji/en/methodology/article/sp-tsx-canadian-indices-methodology/,Official methodology explicitly states that the S&P/TSX Composite includes common stocks and income trust units. No group-wide PASS.,NOT_VERIFIED,IVN,NO_DOT_SUFFIX
WS:XTSE:K,Kinross Gold Corporation,Canada,CA_TSX,XTSE,K,K.TO,CAD,CAD,1.0,UNKNOWN,NOT_VERIFIED,INSTRUMENT_TYPE_NOT_STRICTLY_VERIFIED,NOT_VERIFIED,READY,,503,503,,NOT_COLLECTED_BULK_RELIABLY_QA_ONLY,20,60,74304091.99282962,74361144.70152548,20,60,OK,2026-08-21,PASS,PREFERRED_GE_20M,PASS_OR_NOT_VERIFIED,NOT_VERIFIED,INSTRUMENT_NOT_VERIFIED,NOT_VERIFIED,UNKNOWN,TARGETED_REVIEW_REQUIRED,COMPOSITE_INCLUDES_COMMON_STOCKS_AND_INCOME_TRUST_UNITS,https://www.spglobal.com/spdji/en/methodology/article/sp-tsx-canadian-indices-methodology/,Official methodology explicitly states that the S&P/TSX Composite includes common stocks and income trust units. No group-wide PASS.,NOT_VERIFIED,NOT_VERIFIED,UNKNOWN,TARGETED_REVIEW_REQUIRED,COMPOSITE_INCLUDES_COMMON_STOCKS_AND_INCOME_TRUST_UNITS,https://www.spglobal.com/spdji/en/methodology/article/sp-tsx-canadian-indices-methodology/,Official methodology explicitly states that the S&P/TSX Composite includes common stocks and income trust units. No group-wide PASS.,NOT_VERIFIED,K,NO_DOT_SUFFIX
WS:XTSE:KEY,Keyera Corp.,Canada,CA_TSX,XTSE,KEY,KEY.TO,CAD,CAD,1.0,UNKNOWN,NOT_VERIFIED,INSTRUMENT_TYPE_NOT_STRICTLY_VERIFIED,NOT_VERIFIED,READY,,503,503,,NOT_COLLECTED_BULK_RELIABLY_QA_ONLY,20,60,33879088.5894908,39663017.0036093,20,60,OK,2026-08-21,PASS,PREFERRED_GE_20M,PASS_OR_NOT_VERIFIED,NOT_VERIFIED,INSTRUMENT_NOT_VERIFIED,NOT_VERIFIED,UNKNOWN,TARGETED_REVIEW_REQUIRED,COMPOSITE_INCLUDES_COMMON_STOCKS_AND_INCOME_TRUST_UNITS,https://www.spglobal.com/spdji/en/methodology/article/sp-tsx-canadian-indices-methodology/,Official methodology explicitly states that the S&P/TSX Composite includes common stocks and income trust units. No group-wide PASS.,NOT_VERIFIED,NOT_VERIFIED,UNKNOWN,TARGETED_REVIEW_REQUIRED,COMPOSITE_INCLUDES_COMMON_STOCKS_AND_INCOME_TRUST_UNITS,https://www.spglobal.com/spdji/en/methodology/article/sp-tsx-canadian-indices-methodology/,Official methodology explicitly states that the S&P/TSX Composite includes common stocks and income trust units. No group-wide PASS.,NOT_VERIFIED,KEY,NO_DOT_SUFFIX
WS:XTSE:L,Loblaw Companies Limited,Canada,CA_TSX,XTSE,L,L.TO,CAD,CAD,1.0,UNKNOWN,NOT_VERIFIED,INSTRUMENT_TYPE_NOT_STRICTLY_VERIFIED,NOT_VERIFIED,READY,,503,503,,NOT_COLLECTED_BULK_RELIABLY_QA_ONLY,20,60,44826693.46551041,44976049.62821922,20,60,OK,2026-08-21,PASS,PREFERRED_GE_20M,PASS_OR_NOT_VERIFIED,NOT_VERIFIED,INSTRUMENT_NOT_VERIFIED,NOT_VERIFIED,UNKNOWN,TARGETED_REVIEW_REQUIRED,COMPOSITE_INCLUDES_COMMON_STOCKS_AND_INCOME_TRUST_UNITS,https://www.spglobal.com/spdji/en/methodology/article/sp-tsx-canadian-indices-methodology/,Official methodology explicitly states that the S&P/TSX Composite includes common stocks and income trust units. No group-wide PASS.,NOT_VERIFIED,NOT_VERIFIED,UNKNOWN,TARGETED_REVIEW_REQUIRED,COMPOSITE_INCLUDES_COMMON_STOCKS_AND_INCOME_TRUST_UNITS,https://www.spglobal.com/spdji/en/methodology/article/sp-tsx-canadian-indices-methodology/,Official methodology explicitly states that the S&P/TSX Composite includes common stocks and income trust units. No group-wide PASS.,NOT_VERIFIED,L,NO_DOT_SUFFIX
WS:XTSE:LUG,Lundin Gold Inc.,Canada,CA_TSX,XTSE,LUG,LUG.TO,CAD,CAD,1.0,UNKNOWN,NOT_VERIFIED,INSTRUMENT_TYPE_NOT_STRICTLY_VERIFIED,NOT_VERIFIED,READY,,503,503,,NOT_COLLECTED_BULK_RELIABLY_QA_ONLY,20,60,28117224.120343104,31432125.56935759,20,60,OK,2026-08-21,PASS,PREFERRED_GE_20M,PASS_OR_NOT_VERIFIED,NOT_VERIFIED,INSTRUMENT_NOT_VERIFIED,NOT_VERIFIED,UNKNOWN,TARGETED_REVIEW_REQUIRED,COMPOSITE_INCLUDES_COMMON_STOCKS_AND_INCOME_TRUST_UNITS,https://www.spglobal.com/spdji/en/methodology/article/sp-tsx-canadian-indices-methodology/,Official methodology explicitly states that the S&P/TSX Composite includes common stocks and income trust units. No group-wide PASS.,NOT_VERIFIED,NOT_VERIFIED,UNKNOWN,TARGETED_REVIEW_REQUIRED,COMPOSITE_INCLUDES_COMMON_STOCKS_AND_INCOME_TRUST_UNITS,https://www.spglobal.com/spdji/en/methodology/article/sp-tsx-canadian-indices-methodology/,Official methodology explicitly states that the S&P/TSX Composite includes common stocks and income trust units. No group-wide PASS.,NOT_VERIFIED,LUG,NO_DOT_SUFFIX
WS:XTSE:LUN,Lundin Mining Corporation,Canada,CA_TSX,XTSE,LUN,LUN.TO,CAD,CAD,1.0,UNKNOWN,NOT_VERIFIED,INSTRUMENT_TYPE_NOT_STRICTLY_VERIFIED,NOT_VERIFIED,READY,,503,503,,NOT_COLLECTED_BULK_RELIABLY_QA_ONLY,20,60,52491000.62424876,52597042.938596174,20,60,OK,2026-08-21,PASS,PREFERRED_GE_20M,PASS_OR_NOT_VERIFIED,NOT_VERIFIED,INSTRUMENT_NOT_VERIFIED,NOT_VERIFIED,UNKNOWN,TARGETED_REVIEW_REQUIRED,COMPOSITE_INCLUDES_COMMON_STOCKS_AND_INCOME_TRUST_UNITS,https://www.spglobal.com/spdji/en/methodology/article/sp-tsx-canadian-indices-methodology/,Official methodology explicitly states that the S&P/TSX Composite includes common stocks and income trust units. No group-wide PASS.,NOT_VERIFIED,NOT_VERIFIED,UNKNOWN,TARGETED_REVIEW_REQUIRED,COMPOSITE_INCLUDES_COMMON_STOCKS_AND_INCOME_TRUST_UNITS,https://www.spglobal.com/spdji/en/methodology/article/sp-tsx-canadian-indices-methodology/,Official methodology explicitly states that the S&P/TSX Composite includes common stocks and income trust units. No group-wide PASS.,NOT_VERIFIED,LUN,NO_DOT_SUFFIX
WS:XTSE:MDA,MDA Space Ltd.,Canada,CA_TSX,XTSE,MDA,MDA.TO,CAD,CAD,1.0,UNKNOWN,NOT_VERIFIED,INSTRUMENT_TYPE_NOT_STRICTLY_VERIFIED,NOT_VERIFIED,READY,,503,503,,NOT_COLLECTED_BULK_RELIABLY_QA_ONLY,20,60,27044159.51913069,36885789.644051746,20,60,OK,2026-08-21,PASS,PREFERRED_GE_20M,PASS_OR_NOT_VERIFIED,NOT_VERIFIED,INSTRUMENT_NOT_VERIFIED,NOT_VERIFIED,UNKNOWN,TARGETED_REVIEW_REQUIRED,COMPOSITE_INCLUDES_COMMON_STOCKS_AND_INCOME_TRUST_UNITS,https://www.spglobal.com/spdji/en/methodology/article/sp-tsx-canadian-indices-methodology/,Official methodology explicitly states that the S&P/TSX Composite includes common stocks and income trust units. No group-wide PASS.,NOT_VERIFIED,NOT_VERIFIED,UNKNOWN,TARGETED_REVIEW_REQUIRED,COMPOSITE_INCLUDES_COMMON_STOCKS_AND_INCOME_TRUST_UNITS,https://www.spglobal.com/spdji/en/methodology/article/sp-tsx-canadian-indices-methodology/,Official methodology explicitly states that the S&P/TSX Composite includes common stocks and income trust units. No group-wide PASS.,NOT_VERIFIED,MDA,NO_DOT_SUFFIX
WS:XTSE:MFC,Manulife Financial Corporation,Canada,CA_TSX,XTSE,MFC,MFC.TO,CAD,CAD,1.0,UNKNOWN,NOT_VERIFIED,INSTRUMENT_TYPE_NOT_STRICTLY_VERIFIED,NOT_VERIFIED,READY,,503,503,,NOT_COLLECTED_BULK_RELIABLY_QA_ONLY,20,60,198013672.83437338,174424877.6450252,20,60,OK,2026-08-21,PASS,PREFERRED_GE_20M,PASS_OR_NOT_VERIFIED,NOT_VERIFIED,INSTRUMENT_NOT_VERIFIED,NOT_VERIFIED,UNKNOWN,TARGETED_REVIEW_REQUIRED,COMPOSITE_INCLUDES_COMMON_STOCKS_AND_INCOME_TRUST_UNITS,https://www.spglobal.com/spdji/en/methodology/article/sp-tsx-canadian-indices-methodology/,Official methodology explicitly states that the S&P/TSX Composite includes common stocks and income trust units. No group-wide PASS.,NOT_VERIFIED,NOT_VERIFIED,UNKNOWN,TARGETED_REVIEW_REQUIRED,COMPOSITE_INCLUDES_COMMON_STOCKS_AND_INCOME_TRUST_UNITS,https://www.spglobal.com/spdji/en/methodology/article/sp-tsx-canadian-indices-methodology/,Official methodology explicitly states that the S&P/TSX Composite includes common stocks and income trust units. No group-wide PASS.,NOT_VERIFIED,MFC,NO_DOT_SUFFIX
WS:XTSE:MG,Magna International Inc.,Canada,CA_TSX,XTSE,MG,MG.TO,CAD,CAD,1.0,UNKNOWN,NOT_VERIFIED,INSTRUMENT_TYPE_NOT_STRICTLY_VERIFIED,NOT_VERIFIED,READY,,503,503,,NOT_COLLECTED_BULK_RELIABLY_QA_ONLY,20,60,73500954.64893527,55180650.96708894,20,60,OK,2026-08-21,PASS,PREFERRED_GE_20M,PASS_OR_NOT_VERIFIED,NOT_VERIFIED,INSTRUMENT_NOT_VERIFIED,NOT_VERIFIED,UNKNOWN,TARGETED_REVIEW_REQUIRED,COMPOSITE_INCLUDES_COMMON_STOCKS_AND_INCOME_TRUST_UNITS,https://www.spglobal.com/spdji/en/methodology/article/sp-tsx-canadian-indices-methodology/,Official methodology explicitly states that the S&P/TSX Composite includes common stocks and income trust units. No group-wide PASS.,NOT_VERIFIED,NOT_VERIFIED,UNKNOWN,TARGETED_REVIEW_REQUIRED,COMPOSITE_INCLUDES_COMMON_STOCKS_AND_INCOME_TRUST_UNITS,https://www.spglobal.com/spdji/en/methodology/article/sp-tsx-canadian-indices-methodology/,Official methodology explicitly states that the S&P/TSX Composite includes common stocks and income trust units. No group-wide PASS.,NOT_VERIFIED,MG,NO_DOT_SUFFIX
WS:XTSE:MRU,Metro Inc.,Canada,CA_TSX,XTSE,MRU,MRU.TO,CAD,CAD,1.0,UNKNOWN,NOT_VERIFIED,INSTRUMENT_TYPE_NOT_STRICTLY_VERIFIED,NOT_VERIFIED,READY,,503,503,,NOT_COLLECTED_BULK_RELIABLY_QA_ONLY,20,60,35126744.09592728,31657726.114164077,20,60,OK,2026-08-21,PASS,PREFERRED_GE_20M,PASS_OR_NOT_VERIFIED,NOT_VERIFIED,INSTRUMENT_NOT_VERIFIED,NOT_VERIFIED,UNKNOWN,TARGETED_REVIEW_REQUIRED,COMPOSITE_INCLUDES_COMMON_STOCKS_AND_INCOME_TRUST_UNITS,https://www.spglobal.com/spdji/en/methodology/article/sp-tsx-canadian-indices-methodology/,Official methodology explicitly states that the S&P/TSX Composite includes common stocks and income trust units. No group-wide PASS.,NOT_VERIFIED,NOT_VERIFIED,UNKNOWN,TARGETED_REVIEW_REQUIRED,COMPOSITE_INCLUDES_COMMON_STOCKS_AND_INCOME_TRUST_UNITS,https://www.spglobal.com/spdji/en/methodology/article/sp-tsx-canadian-indices-methodology/,Official methodology explicitly states that the S&P/TSX Composite includes common stocks and income trust units. No group-wide PASS.,NOT_VERIFIED,MRU,NO_DOT_SUFFIX
WS:XTSE:NA,National Bank of Canada,Canada,CA_TSX,XTSE,NA,NA.TO,CAD,CAD,1.0,UNKNOWN,NOT_VERIFIED,INSTRUMENT_TYPE_NOT_STRICTLY_VERIFIED,NOT_VERIFIED,READY,,503,503,,NOT_COLLECTED_BULK_RELIABLY_QA_ONLY,20,60,145154375.60974222,163736533.9952045,20,60,OK,2026-08-21,PASS,PREFERRED_GE_20M,PASS_OR_NOT_VERIFIED,NOT_VERIFIED,INSTRUMENT_NOT_VERIFIED,NOT_VERIFIED,UNKNOWN,TARGETED_REVIEW_REQUIRED,COMPOSITE_INCLUDES_COMMON_STOCKS_AND_INCOME_TRUST_UNITS,https://www.spglobal.com/spdji/en/methodology/article/sp-tsx-canadian-indices-methodology/,Official methodology explicitly states that the S&P/TSX Composite includes common stocks and income trust units. No group-wide PASS.,NOT_VERIFIED,NOT_VERIFIED,UNKNOWN,TARGETED_REVIEW_REQUIRED,COMPOSITE_INCLUDES_COMMON_STOCKS_AND_INCOME_TRUST_UNITS,https://www.spglobal.com/spdji/en/methodology/article/sp-tsx-canadian-indices-methodology/,Official methodology explicitly states that the S&P/TSX Composite includes common stocks and income trust units. No group-wide PASS.,NOT_VERIFIED,NA,NO_DOT_SUFFIX
WS:XTSE:NTR,Nutrien Ltd.,Canada,CA_TSX,XTSE,NTR,NTR.TO,CAD,CAD,1.0,UNKNOWN,NOT_VERIFIED,INSTRUMENT_TYPE_NOT_STRICTLY_VERIFIED,NOT_VERIFIED,READY,,503,503,,NOT_COLLECTED_BULK_RELIABLY_QA_ONLY,20,60,76944549.66727592,89407841.47202873,20,60,OK,2026-08-21,PASS,PREFERRED_GE_20M,PASS_OR_NOT_VERIFIED,NOT_VERIFIED,INSTRUMENT_NOT_VERIFIED,NOT_VERIFIED,UNKNOWN,TARGETED_REVIEW_REQUIRED,COMPOSITE_INCLUDES_COMMON_STOCKS_AND_INCOME_TRUST_UNITS,https://www.spglobal.com/spdji/en/methodology/article/sp-tsx-canadian-indices-methodology/,Official methodology explicitly states that the S&P/TSX Composite includes common stocks and income trust units. No group-wide PASS.,NOT_VERIFIED,NOT_VERIFIED,UNKNOWN,TARGETED_REVIEW_REQUIRED,COMPOSITE_INCLUDES_COMMON_STOCKS_AND_INCOME_TRUST_UNITS,https://www.spglobal.com/spdji/en/methodology/article/sp-tsx-canadian-indices-methodology/,Official methodology explicitly states that the S&P/TSX Composite includes common stocks and income trust units. No group-wide PASS.,NOT_VERIFIED,NTR,NO_DOT_SUFFIX
WS:XTSE:OGC,OceanaGold Corporation,Canada,CA_TSX,XTSE,OGC,OGC.TO,CAD,CAD,1.0,UNKNOWN,NOT_VERIFIED,INSTRUMENT_TYPE_NOT_STRICTLY_VERIFIED,NOT_VERIFIED,READY,,503,503,,NOT_COLLECTED_BULK_RELIABLY_QA_ONLY,20,60,22658114.283555936,21861702.076165795,20,60,OK,2026-08-21,PASS,PREFERRED_GE_20M,PASS_OR_NOT_VERIFIED,NOT_VERIFIED,INSTRUMENT_NOT_VERIFIED,NOT_VERIFIED,UNKNOWN,TARGETED_REVIEW_REQUIRED,COMPOSITE_INCLUDES_COMMON_STOCKS_AND_INCOME_TRUST_UNITS,https://www.spglobal.com/spdji/en/methodology/article/sp-tsx-canadian-indices-methodology/,Official methodology explicitly states that the S&P/TSX Composite includes common stocks and income trust units. No group-wide PASS.,NOT_VERIFIED,NOT_VERIFIED,UNKNOWN,TARGETED_REVIEW_REQUIRED,COMPOSITE_INCLUDES_COMMON_STOCKS_AND_INCOME_TRUST_UNITS,https://www.spglobal.com/spdji/en/methodology/article/sp-tsx-canadian-indices-methodology/,Official methodology explicitly states that the S&P/TSX Composite includes common stocks and income trust units. No group-wide PASS.,NOT_VERIFIED,OGC,NO_DOT_SUFFIX
WS:XTSE:OTEX,Open Text Corporation,Canada,CA_TSX,XTSE,OTEX,OTEX.TO,CAD,CAD,1.0,UNKNOWN,NOT_VERIFIED,INSTRUMENT_TYPE_NOT_STRICTLY_VERIFIED,NOT_VERIFIED,READY,,503,503,,NOT_COLLECTED_BULK_RELIABLY_QA_ONLY,20,60,23548153.484060764,27849328.05063549,20,60,OK,2026-08-21,PASS,PREFERRED_GE_20M,PASS_OR_NOT_VERIFIED,NOT_VERIFIED,INSTRUMENT_NOT_VERIFIED,NOT_VERIFIED,UNKNOWN,TARGETED_REVIEW_REQUIRED,COMPOSITE_INCLUDES_COMMON_STOCKS_AND_INCOME_TRUST_UNITS,https://www.spglobal.com/spdji/en/methodology/article/sp-tsx-canadian-indices-methodology/,Official methodology explicitly states that the S&P/TSX Composite includes common stocks and income trust units. No group-wide PASS.,NOT_VERIFIED,NOT_VERIFIED,UNKNOWN,TARGETED_REVIEW_REQUIRED,COMPOSITE_INCLUDES_COMMON_STOCKS_AND_INCOME_TRUST_UNITS,https://www.spglobal.com/spdji/en/methodology/article/sp-tsx-canadian-indices-methodology/,Official methodology explicitly states that the S&P/TSX Composite includes common stocks and income trust units. No group-wide PASS.,NOT_VERIFIED,OTEX,NO_DOT_SUFFIX
WS:XTSE:PAAS,Pan American Silver Corp.,Canada,CA_TSX,XTSE,PAAS,PAAS.TO,CAD,CAD,1.0,UNKNOWN,NOT_VERIFIED,INSTRUMENT_TYPE_NOT_STRICTLY_VERIFIED,NOT_VERIFIED,READY,,503,503,,NOT_COLLECTED_BULK_RELIABLY_QA_ONLY,20,60,37683404.10156296,34785217.80332925,20,60,OK,2026-08-21,PASS,PREFERRED_GE_20M,PASS_OR_NOT_VERIFIED,NOT_VERIFIED,INSTRUMENT_NOT_VERIFIED,NOT_VERIFIED,UNKNOWN,TARGETED_REVIEW_REQUIRED,COMPOSITE_INCLUDES_COMMON_STOCKS_AND_INCOME_TRUST_UNITS,https://www.spglobal.com/spdji/en/methodology/article/sp-tsx-canadian-indices-methodology/,Official methodology explicitly states that the S&P/TSX Composite includes common stocks and income trust units. No group-wide PASS.,NOT_VERIFIED,NOT_VERIFIED,UNKNOWN,TARGETED_REVIEW_REQUIRED,COMPOSITE_INCLUDES_COMMON_STOCKS_AND_INCOME_TRUST_UNITS,https://www.spglobal.com/spdji/en/methodology/article/sp-tsx-canadian-indices-methodology/,Official methodology explicitly states that the S&P/TSX Composite includes common stocks and income trust units. No group-wide PASS.,NOT_VERIFIED,PAAS,NO_DOT_SUFFIX
WS:XTSE:PBH,Premium Brands Holdings Corporation,Canada,CA_TSX,XTSE,PBH,PBH.TO,CAD,CAD,1.0,UNKNOWN,NOT_VERIFIED,INSTRUMENT_TYPE_NOT_STRICTLY_VERIFIED,NOT_VERIFIED,READY,,503,503,,NOT_COLLECTED_BULK_RELIABLY_QA_ONLY,20,60,16757799.780074172,8634878.000484873,20,60,OK,2026-08-21,PASS,STANDARD_15_TO_20M,PASS_OR_NOT_VERIFIED,NOT_VERIFIED,INSTRUMENT_NOT_VERIFIED,NOT_VERIFIED,UNKNOWN,TARGETED_REVIEW_REQUIRED,COMPOSITE_INCLUDES_COMMON_STOCKS_AND_INCOME_TRUST_UNITS,https://www.spglobal.com/spdji/en/methodology/article/sp-tsx-canadian-indices-methodology/,Official methodology explicitly states that the S&P/TSX Composite includes common stocks and income trust units. No group-wide PASS.,NOT_VERIFIED,NOT_VERIFIED,UNKNOWN,TARGETED_REVIEW_REQUIRED,COMPOSITE_INCLUDES_COMMON_STOCKS_AND_INCOME_TRUST_UNITS,https://www.spglobal.com/spdji/en/methodology/article/sp-tsx-canadian-indices-methodology/,Official methodology explicitly states that the S&P/TSX Composite includes common stocks and income trust units. No group-wide PASS.,NOT_VERIFIED,PBH,NO_DOT_SUFFIX
WS:XTSE:POW,Power Corporation of Canada Subordinate Voting Shares,Canada,CA_TSX,XTSE,POW,POW.TO,CAD,CAD,1.0,UNKNOWN,NOT_VERIFIED,INSTRUMENT_TYPE_NOT_STRICTLY_VERIFIED,NOT_VERIFIED,READY,,503,503,,NOT_COLLECTED_BULK_RELIABLY_QA_ONLY,20,60,96119816.20778707,116353328.5571117,20,60,OK,2026-08-21,PASS,PREFERRED_GE_20M,PASS_OR_NOT_VERIFIED,NOT_VERIFIED,INSTRUMENT_NOT_VERIFIED,NOT_VERIFIED,UNKNOWN,TARGETED_REVIEW_REQUIRED,COMPOSITE_INCLUDES_COMMON_STOCKS_AND_INCOME_TRUST_UNITS,https://www.spglobal.com/spdji/en/methodology/article/sp-tsx-canadian-indices-methodology/,Official methodology explicitly states that the S&P/TSX Composite includes common stocks and income trust units. No group-wide PASS.,NOT_VERIFIED,NOT_VERIFIED,UNKNOWN,TARGETED_REVIEW_REQUIRED,COMPOSITE_INCLUDES_COMMON_STOCKS_AND_INCOME_TRUST_UNITS,https://www.spglobal.com/spdji/en/methodology/article/sp-tsx-canadian-indices-methodology/,Official methodology explicitly states that the S&P/TSX Composite includes common stocks and income trust units. No group-wide PASS.,NOT_VERIFIED,POW,NO_DOT_SUFFIX
WS:XTSE:PPL,Pembina Pipeline Corporation,Canada,CA_TSX,XTSE,PPL,PPL.TO,CAD,CAD,1.0,UNKNOWN,NOT_VERIFIED,INSTRUMENT_TYPE_NOT_STRICTLY_VERIFIED,NOT_VERIFIED,READY,,503,503,,NOT_COLLECTED_BULK_RELIABLY_QA_ONLY,20,60,73662523.591467,97666542.19565138,20,60,OK,2026-08-21,PASS,PREFERRED_GE_20M,PASS_OR_NOT_VERIFIED,NOT_VERIFIED,INSTRUMENT_NOT_VERIFIED,NOT_VERIFIED,UNKNOWN,TARGETED_REVIEW_REQUIRED,COMPOSITE_INCLUDES_COMMON_STOCKS_AND_INCOME_TRUST_UNITS,https://www.spglobal.com/spdji/en/methodology/article/sp-tsx-canadian-indices-methodology/,Official methodology explicitly states that the S&P/TSX Composite includes common stocks and income trust units. No group-wide PASS.,NOT_VERIFIED,NOT_VERIFIED,UNKNOWN,TARGETED_REVIEW_REQUIRED,COMPOSITE_INCLUDES_COMMON_STOCKS_AND_INCOME_TRUST_UNITS,https://www.spglobal.com/spdji/en/methodology/article/sp-tsx-canadian-indices-methodology/,Official methodology explicitly states that the S&P/TSX Composite includes common stocks and income trust units. No group-wide PASS.,NOT_VERIFIED,PPL,NO_DOT_SUFFIX
WS:XTSE:QBR.B,Quebecor Inc. Class B Subordinate Voting Shares,Canada,CA_TSX,XTSE,QBR.B,QBR-B.TO,CAD,CAD,1.0,UNKNOWN,NOT_VERIFIED,INSTRUMENT_TYPE_NOT_STRICTLY_VERIFIED,NOT_VERIFIED,READY,,503,503,,NOT_COLLECTED_BULK_RELIABLY_QA_ONLY,20,60,44891041.65937934,35600040.71690817,20,60,OK,2026-08-21,PASS,PREFERRED_GE_20M,PASS_OR_NOT_VERIFIED,NOT_VERIFIED,INSTRUMENT_NOT_VERIFIED,NOT_VERIFIED,UNKNOWN,TARGETED_REVIEW_REQUIRED,COMPOSITE_INCLUDES_COMMON_STOCKS_AND_INCOME_TRUST_UNITS,https://www.spglobal.com/spdji/en/methodology/article/sp-tsx-canadian-indices-methodology/,Official methodology explicitly states that the S&P/TSX Composite includes common stocks and income trust units. No group-wide PASS.,NOT_VERIFIED,NOT_VERIFIED,UNKNOWN,TARGETED_REVIEW_REQUIRED,COMPOSITE_INCLUDES_COMMON_STOCKS_AND_INCOME_TRUST_UNITS,https://www.spglobal.com/spdji/en/methodology/article/sp-tsx-canadian-indices-methodology/,Official methodology explicitly states that the S&P/TSX Composite includes common stocks and income trust units. No group-wide PASS.,NOT_VERIFIED,QBR.B,DOT_CLASS_LIKE
WS:XTSE:QSR,Restaurant Brands International Inc.,Canada,CA_TSX,XTSE,QSR,QSR.TO,CAD,CAD,1.0,UNKNOWN,NOT_VERIFIED,INSTRUMENT_TYPE_NOT_STRICTLY_VERIFIED,NOT_VERIFIED,READY,,503,503,,NOT_COLLECTED_BULK_RELIABLY_QA_ONLY,20,60,36496953.182407185,48654458.96611379,20,60,OK,2026-08-21,PASS,PREFERRED_GE_20M,PASS_OR_NOT_VERIFIED,NOT_VERIFIED,INSTRUMENT_NOT_VERIFIED,NOT_VERIFIED,UNKNOWN,TARGETED_REVIEW_REQUIRED,COMPOSITE_INCLUDES_COMMON_STOCKS_AND_INCOME_TRUST_UNITS,https://www.spglobal.com/spdji/en/methodology/article/sp-tsx-canadian-indices-methodology/,Official methodology explicitly states that the S&P/TSX Composite includes common stocks and income trust units. No group-wide PASS.,NOT_VERIFIED,NOT_VERIFIED,UNKNOWN,TARGETED_REVIEW_REQUIRED,COMPOSITE_INCLUDES_COMMON_STOCKS_AND_INCOME_TRUST_UNITS,https://www.spglobal.com/spdji/en/methodology/article/sp-tsx-canadian-indices-methodology/,Official methodology explicitly states that the S&P/TSX Composite includes common stocks and income trust units. No group-wide PASS.,NOT_VERIFIED,QSR,NO_DOT_SUFFIX
WS:XTSE:RBA,RB Global Inc.,Canada,CA_TSX,XTSE,RBA,RBA.TO,CAD,CAD,1.0,UNKNOWN,NOT_VERIFIED,INSTRUMENT_TYPE_NOT_STRICTLY_VERIFIED,NOT_VERIFIED,READY,,503,503,,NOT_COLLECTED_BULK_RELIABLY_QA_ONLY,20,60,31798687.245406866,22025009.232283317,20,60,OK,2026-08-21,PASS,PREFERRED_GE_20M,PASS_OR_NOT_VERIFIED,NOT_VERIFIED,INSTRUMENT_NOT_VERIFIED,NOT_VERIFIED,UNKNOWN,TARGETED_REVIEW_REQUIRED,COMPOSITE_INCLUDES_COMMON_STOCKS_AND_INCOME_TRUST_UNITS,https://www.spglobal.com/spdji/en/methodology/article/sp-tsx-canadian-indices-methodology/,Official methodology explicitly states that the S&P/TSX Composite includes common stocks and income trust units. No group-wide PASS.,NOT_VERIFIED,NOT_VERIFIED,UNKNOWN,TARGETED_REVIEW_REQUIRED,COMPOSITE_INCLUDES_COMMON_STOCKS_AND_INCOME_TRUST_UNITS,https://www.spglobal.com/spdji/en/methodology/article/sp-tsx-canadian-indices-methodology/,Official methodology explicitly states that the S&P/TSX Composite includes common stocks and income trust units. No group-wide PASS.,NOT_VERIFIED,RBA,NO_DOT_SUFFIX
WS:XTSE:RCI.B,Rogers Communications Inc. Class B Non-voting Shares,Canada,CA_TSX,XTSE,RCI.B,RCI-B.TO,CAD,CAD,1.0,UNKNOWN,NOT_VERIFIED,INSTRUMENT_TYPE_NOT_STRICTLY_VERIFIED,NOT_VERIFIED,READY,,503,503,,NOT_COLLECTED_BULK_RELIABLY_QA_ONLY,20,60,62447130.342980884,60461359.02685708,20,60,OK,2026-08-21,PASS,PREFERRED_GE_20M,PASS_OR_NOT_VERIFIED,NOT_VERIFIED,INSTRUMENT_NOT_VERIFIED,NOT_VERIFIED,UNKNOWN,TARGETED_REVIEW_REQUIRED,COMPOSITE_INCLUDES_COMMON_STOCKS_AND_INCOME_TRUST_UNITS,https://www.spglobal.com/spdji/en/methodology/article/sp-tsx-canadian-indices-methodology/,Official methodology explicitly states that the S&P/TSX Composite includes common stocks and income trust units. No group-wide PASS.,NOT_VERIFIED,NOT_VERIFIED,UNKNOWN,TARGETED_REVIEW_REQUIRED,COMPOSITE_INCLUDES_COMMON_STOCKS_AND_INCOME_TRUST_UNITS,https://www.spglobal.com/spdji/en/methodology/article/sp-tsx-canadian-indices-methodology/,Official methodology explicitly states that the S&P/TSX Composite includes common stocks and income trust units. No group-wide PASS.,NOT_VERIFIED,RCI.B,DOT_CLASS_LIKE
WS:XTSE:RY,Royal Bank of Canada,Canada,CA_TSX,XTSE,RY,RY.TO,CAD,CAD,1.0,UNKNOWN,NOT_VERIFIED,INSTRUMENT_TYPE_NOT_STRICTLY_VERIFIED,NOT_VERIFIED,READY,,503,503,,NOT_COLLECTED_BULK_RELIABLY_QA_ONLY,20,60,495674876.6820951,500425044.56537616,20,60,OK,2026-08-21,PASS,PREFERRED_GE_20M,PASS_OR_NOT_VERIFIED,NOT_VERIFIED,INSTRUMENT_NOT_VERIFIED,NOT_VERIFIED,UNKNOWN,TARGETED_REVIEW_REQUIRED,COMPOSITE_INCLUDES_COMMON_STOCKS_AND_INCOME_TRUST_UNITS,https://www.spglobal.com/spdji/en/methodology/article/sp-tsx-canadian-indices-methodology/,Official methodology explicitly states that the S&P/TSX Composite includes common stocks and income trust units. No group-wide PASS.,NOT_VERIFIED,NOT_VERIFIED,UNKNOWN,TARGETED_REVIEW_REQUIRED,COMPOSITE_INCLUDES_COMMON_STOCKS_AND_INCOME_TRUST_UNITS,https://www.spglobal.com/spdji/en/methodology/article/sp-tsx-canadian-indices-methodology/,Official methodology explicitly states that the S&P/TSX Composite includes common stocks and income trust units. No group-wide PASS.,NOT_VERIFIED,RY,NO_DOT_SUFFIX
WS:XTSE:SAP,Saputo Inc.,Canada,CA_TSX,XTSE,SAP,SAP.TO,CAD,CAD,1.0,UNKNOWN,NOT_VERIFIED,INSTRUMENT_TYPE_NOT_STRICTLY_VERIFIED,NOT_VERIFIED,READY,,503,503,,NOT_COLLECTED_BULK_RELIABLY_QA_ONLY,20,60,19285807.680008844,20266318.299083285,20,60,OK,2026-08-21,PASS,STANDARD_15_TO_20M,PASS_OR_NOT_VERIFIED,NOT_VERIFIED,INSTRUMENT_NOT_VERIFIED,NOT_VERIFIED,UNKNOWN,TARGETED_REVIEW_REQUIRED,COMPOSITE_INCLUDES_COMMON_STOCKS_AND_INCOME_TRUST_UNITS,https://www.spglobal.com/spdji/en/methodology/article/sp-tsx-canadian-indices-methodology/,Official methodology explicitly states that the S&P/TSX Composite includes common stocks and income trust units. No group-wide PASS.,NOT_VERIFIED,NOT_VERIFIED,UNKNOWN,TARGETED_REVIEW_REQUIRED,COMPOSITE_INCLUDES_COMMON_STOCKS_AND_INCOME_TRUST_UNITS,https://www.spglobal.com/spdji/en/methodology/article/sp-tsx-canadian-indices-methodology/,Official methodology explicitly states that the S&P/TSX Composite includes common stocks and income trust units. No group-wide PASS.,NOT_VERIFIED,SAP,NO_DOT_SUFFIX
WS:XTSE:SHOP,Shopify Inc. Class A Subordinate Voting Shares,Canada,CA_TSX,XTSE,SHOP,SHOP.TO,CAD,CAD,1.0,UNKNOWN,NOT_VERIFIED,INSTRUMENT_TYPE_NOT_STRICTLY_VERIFIED,NOT_VERIFIED,READY,,503,503,,NOT_COLLECTED_BULK_RELIABLY_QA_ONLY,20,60,255127258.84808424,202384599.78926122,20,60,OK,2026-08-21,PASS,PREFERRED_GE_20M,PASS_OR_NOT_VERIFIED,NOT_VERIFIED,INSTRUMENT_NOT_VERIFIED,NOT_VERIFIED,UNKNOWN,TARGETED_REVIEW_REQUIRED,COMPOSITE_INCLUDES_COMMON_STOCKS_AND_INCOME_TRUST_UNITS,https://www.spglobal.com/spdji/en/methodology/article/sp-tsx-canadian-indices-methodology/,Official methodology explicitly states that the S&P/TSX Composite includes common stocks and income trust units. No group-wide PASS.,NOT_VERIFIED,NOT_VERIFIED,UNKNOWN,TARGETED_REVIEW_REQUIRED,COMPOSITE_INCLUDES_COMMON_STOCKS_AND_INCOME_TRUST_UNITS,https://www.spglobal.com/spdji/en/methodology/article/sp-tsx-canadian-indices-methodology/,Official methodology explicitly states that the S&P/TSX Composite includes common stocks and income trust units. No group-wide PASS.,NOT_VERIFIED,SHOP,NO_DOT_SUFFIX
WS:XTSE:SLF,Sun Life Financial Inc.,Canada,CA_TSX,XTSE,SLF,SLF.TO,CAD,CAD,1.0,UNKNOWN,NOT_VERIFIED,INSTRUMENT_TYPE_NOT_STRICTLY_VERIFIED,NOT_VERIFIED,READY,,503,503,,NOT_COLLECTED_BULK_RELIABLY_QA_ONLY,20,60,155622944.67234486,106286717.95433776,20,60,OK,2026-08-21,PASS,PREFERRED_GE_20M,PASS_OR_NOT_VERIFIED,NOT_VERIFIED,INSTRUMENT_NOT_VERIFIED,NOT_VERIFIED,UNKNOWN,TARGETED_REVIEW_REQUIRED,COMPOSITE_INCLUDES_COMMON_STOCKS_AND_INCOME_TRUST_UNITS,https://www.spglobal.com/spdji/en/methodology/article/sp-tsx-canadian-indices-methodology/,Official methodology explicitly states that the S&P/TSX Composite includes common stocks and income trust units. No group-wide PASS.,NOT_VERIFIED,NOT_VERIFIED,UNKNOWN,TARGETED_REVIEW_REQUIRED,COMPOSITE_INCLUDES_COMMON_STOCKS_AND_INCOME_TRUST_UNITS,https://www.spglobal.com/spdji/en/methodology/article/sp-tsx-canadian-indices-methodology/,Official methodology explicitly states that the S&P/TSX Composite includes common stocks and income trust units. No group-wide PASS.,NOT_VERIFIED,SLF,NO_DOT_SUFFIX
WS:XTSE:SOBO,South Bow Corporation,Canada,CA_TSX,XTSE,SOBO,SOBO.TO,CAD,CAD,1.0,UNKNOWN,NOT_VERIFIED,INSTRUMENT_TYPE_NOT_STRICTLY_VERIFIED,NOT_VERIFIED,READY,,479,479,,NOT_COLLECTED_BULK_RELIABLY_QA_ONLY,20,60,16348980.87950917,20667037.05488863,20,60,OK,2026-08-21,PASS,STANDARD_15_TO_20M,PASS_OR_NOT_VERIFIED,NOT_VERIFIED,INSTRUMENT_NOT_VERIFIED,NOT_VERIFIED,UNKNOWN,TARGETED_REVIEW_REQUIRED,COMPOSITE_INCLUDES_COMMON_STOCKS_AND_INCOME_TRUST_UNITS,https://www.spglobal.com/spdji/en/methodology/article/sp-tsx-canadian-indices-methodology/,Official methodology explicitly states that the S&P/TSX Composite includes common stocks and income trust units. No group-wide PASS.,NOT_VERIFIED,NOT_VERIFIED,UNKNOWN,TARGETED_REVIEW_REQUIRED,COMPOSITE_INCLUDES_COMMON_STOCKS_AND_INCOME_TRUST_UNITS,https://www.spglobal.com/spdji/en/methodology/article/sp-tsx-canadian-indices-methodology/,Official methodology explicitly states that the S&P/TSX Composite includes common stocks and income trust units. No group-wide PASS.,NOT_VERIFIED,SOBO,NO_DOT_SUFFIX
WS:XTSE:STN,Stantec Inc.,Canada,CA_TSX,XTSE,STN,STN.TO,CAD,CAD,1.0,UNKNOWN,NOT_VERIFIED,INSTRUMENT_TYPE_NOT_STRICTLY_VERIFIED,NOT_VERIFIED,READY,,503,503,,NOT_COLLECTED_BULK_RELIABLY_QA_ONLY,20,60,30606353.46383919,31908207.858859368,20,60,OK,2026-08-21,PASS,PREFERRED_GE_20M,PASS_OR_NOT_VERIFIED,NOT_VERIFIED,INSTRUMENT_NOT_VERIFIED,NOT_VERIFIED,UNKNOWN,TARGETED_REVIEW_REQUIRED,COMPOSITE_INCLUDES_COMMON_STOCKS_AND_INCOME_TRUST_UNITS,https://www.spglobal.com/spdji/en/methodology/article/sp-tsx-canadian-indices-methodology/,Official methodology explicitly states that the S&P/TSX Composite includes common stocks and income trust units. No group-wide PASS.,NOT_VERIFIED,NOT_VERIFIED,UNKNOWN,TARGETED_REVIEW_REQUIRED,COMPOSITE_INCLUDES_COMMON_STOCKS_AND_INCOME_TRUST_UNITS,https://www.spglobal.com/spdji/en/methodology/article/sp-tsx-canadian-indices-methodology/,Official methodology explicitly states that the S&P/TSX Composite includes common stocks and income trust units. No group-wide PASS.,NOT_VERIFIED,STN,NO_DOT_SUFFIX
WS:XTSE:SU,Suncor Energy Inc.,Canada,CA_TSX,XTSE,SU,SU.TO,CAD,CAD,1.0,UNKNOWN,NOT_VERIFIED,INSTRUMENT_TYPE_NOT_STRICTLY_VERIFIED,NOT_VERIFIED,READY,,503,503,,NOT_COLLECTED_BULK_RELIABLY_QA_ONLY,20,60,253803922.18280894,289098570.2610545,20,60,OK,2026-08-21,PASS,PREFERRED_GE_20M,PASS_OR_NOT_VERIFIED,NOT_VERIFIED,INSTRUMENT_NOT_VERIFIED,NOT_VERIFIED,UNKNOWN,TARGETED_REVIEW_REQUIRED,COMPOSITE_INCLUDES_COMMON_STOCKS_AND_INCOME_TRUST_UNITS,https://www.spglobal.com/spdji/en/methodology/article/sp-tsx-canadian-indices-methodology/,Official methodology explicitly states that the S&P/TSX Composite includes common stocks and income trust units. No group-wide PASS.,NOT_VERIFIED,NOT_VERIFIED,UNKNOWN,TARGETED_REVIEW_REQUIRED,COMPOSITE_INCLUDES_COMMON_STOCKS_AND_INCOME_TRUST_UNITS,https://www.spglobal.com/spdji/en/methodology/article/sp-tsx-canadian-indices-methodology/,Official methodology explicitly states that the S&P/TSX Composite includes common stocks and income trust units. No group-wide PASS.,NOT_VERIFIED,SU,NO_DOT_SUFFIX
WS:XTSE:T,TELUS Corporation,Canada,CA_TSX,XTSE,T,T.TO,CAD,CAD,1.0,UNKNOWN,NOT_VERIFIED,INSTRUMENT_TYPE_NOT_STRICTLY_VERIFIED,NOT_VERIFIED,READY,,503,503,,NOT_COLLECTED_BULK_RELIABLY_QA_ONLY,20,60,71860441.84814908,72921860.63994196,20,60,OK,2026-08-21,PASS,PREFERRED_GE_20M,PASS_OR_NOT_VERIFIED,NOT_VERIFIED,INSTRUMENT_NOT_VERIFIED,NOT_VERIFIED,UNKNOWN,TARGETED_REVIEW_REQUIRED,COMPOSITE_INCLUDES_COMMON_STOCKS_AND_INCOME_TRUST_UNITS,https://www.spglobal.com/spdji/en/methodology/article/sp-tsx-canadian-indices-methodology/,Official methodology explicitly states that the S&P/TSX Composite includes common stocks and income trust units. No group-wide PASS.,NOT_VERIFIED,NOT_VERIFIED,UNKNOWN,TARGETED_REVIEW_REQUIRED,COMPOSITE_INCLUDES_COMMON_STOCKS_AND_INCOME_TRUST_UNITS,https://www.spglobal.com/spdji/en/methodology/article/sp-tsx-canadian-indices-methodology/,Official methodology explicitly states that the S&P/TSX Composite includes common stocks and income trust units. No group-wide PASS.,NOT_VERIFIED,T,NO_DOT_SUFFIX
WS:XTSE:TA,TransAlta Corporation,Canada,CA_TSX,XTSE,TA,TA.TO,CAD,CAD,1.0,UNKNOWN,NOT_VERIFIED,INSTRUMENT_TYPE_NOT_STRICTLY_VERIFIED,NOT_VERIFIED,READY,,503,503,,NOT_COLLECTED_BULK_RELIABLY_QA_ONLY,20,60,21926689.677899156,22961781.817045033,20,60,OK,2026-08-21,PASS,PREFERRED_GE_20M,PASS_OR_NOT_VERIFIED,NOT_VERIFIED,INSTRUMENT_NOT_VERIFIED,NOT_VERIFIED,UNKNOWN,TARGETED_REVIEW_REQUIRED,COMPOSITE_INCLUDES_COMMON_STOCKS_AND_INCOME_TRUST_UNITS,https://www.spglobal.com/spdji/en/methodology/article/sp-tsx-canadian-indices-methodology/,Official methodology explicitly states that the S&P/TSX Composite includes common stocks and income trust units. No group-wide PASS.,NOT_VERIFIED,NOT_VERIFIED,UNKNOWN,TARGETED_REVIEW_REQUIRED,COMPOSITE_INCLUDES_COMMON_STOCKS_AND_INCOME_TRUST_UNITS,https://www.spglobal.com/spdji/en/methodology/article/sp-tsx-canadian-indices-methodology/,Official methodology explicitly states that the S&P/TSX Composite includes common stocks and income trust units. No group-wide PASS.,NOT_VERIFIED,TA,NO_DOT_SUFFIX
WS:XTSE:TD,Toronto-Dominion Bank (The),Canada,CA_TSX,XTSE,TD,TD.TO,CAD,CAD,1.0,UNKNOWN,NOT_VERIFIED,INSTRUMENT_TYPE_NOT_STRICTLY_VERIFIED,NOT_VERIFIED,READY,,503,503,,NOT_COLLECTED_BULK_RELIABLY_QA_ONLY,20,60,391788106.14384615,385142744.93388695,20,60,OK,2026-08-21,PASS,PREFERRED_GE_20M,PASS_OR_NOT_VERIFIED,NOT_VERIFIED,INSTRUMENT_NOT_VERIFIED,NOT_VERIFIED,UNKNOWN,TARGETED_REVIEW_REQUIRED,COMPOSITE_INCLUDES_COMMON_STOCKS_AND_INCOME_TRUST_UNITS,https://www.spglobal.com/spdji/en/methodology/article/sp-tsx-canadian-indices-methodology/,Official methodology explicitly states that the S&P/TSX Composite includes common stocks and income trust units. No group-wide PASS.,NOT_VERIFIED,NOT_VERIFIED,UNKNOWN,TARGETED_REVIEW_REQUIRED,COMPOSITE_INCLUDES_COMMON_STOCKS_AND_INCOME_TRUST_UNITS,https://www.spglobal.com/spdji/en/methodology/article/sp-tsx-canadian-indices-methodology/,Official methodology explicitly states that the S&P/TSX Composite includes common stocks and income trust units. No group-wide PASS.,NOT_VERIFIED,TD,NO_DOT_SUFFIX
WS:XTSE:TECK.B,Teck Resources Limited Class B Subordinate Voting Shares,Canada,CA_TSX,XTSE,TECK.B,TECK-B.TO,CAD,CAD,1.0,UNKNOWN,NOT_VERIFIED,INSTRUMENT_TYPE_NOT_STRICTLY_VERIFIED,NOT_VERIFIED,READY,,503,503,,NOT_COLLECTED_BULK_RELIABLY_QA_ONLY,20,60,52066048.841955185,53764131.98939985,20,60,OK,2026-08-21,PASS,PREFERRED_GE_20M,PASS_OR_NOT_VERIFIED,NOT_VERIFIED,INSTRUMENT_NOT_VERIFIED,NOT_VERIFIED,UNKNOWN,TARGETED_REVIEW_REQUIRED,COMPOSITE_INCLUDES_COMMON_STOCKS_AND_INCOME_TRUST_UNITS,https://www.spglobal.com/spdji/en/methodology/article/sp-tsx-canadian-indices-methodology/,Official methodology explicitly states that the S&P/TSX Composite includes common stocks and income trust units. No group-wide PASS.,NOT_VERIFIED,NOT_VERIFIED,UNKNOWN,TARGETED_REVIEW_REQUIRED,COMPOSITE_INCLUDES_COMMON_STOCKS_AND_INCOME_TRUST_UNITS,https://www.spglobal.com/spdji/en/methodology/article/sp-tsx-canadian-indices-methodology/,Official methodology explicitly states that the S&P/TSX Composite includes common stocks and income trust units. No group-wide PASS.,NOT_VERIFIED,TECK.B,DOT_CLASS_LIKE
WS:XTSE:TFII,TFI International Inc.,Canada,CA_TSX,XTSE,TFII,TFII.TO,CAD,CAD,1.0,UNKNOWN,NOT_VERIFIED,INSTRUMENT_TYPE_NOT_STRICTLY_VERIFIED,NOT_VERIFIED,READY,,503,503,,NOT_COLLECTED_BULK_RELIABLY_QA_ONLY,20,60,28399616.71342931,30085254.266466506,20,60,OK,2026-08-21,PASS,PREFERRED_GE_20M,PASS_OR_NOT_VERIFIED,NOT_VERIFIED,INSTRUMENT_NOT_VERIFIED,NOT_VERIFIED,UNKNOWN,TARGETED_REVIEW_REQUIRED,COMPOSITE_INCLUDES_COMMON_STOCKS_AND_INCOME_TRUST_UNITS,https://www.spglobal.com/spdji/en/methodology/article/sp-tsx-canadian-indices-methodology/,Official methodology explicitly states that the S&P/TSX Composite includes common stocks and income trust units. No group-wide PASS.,NOT_VERIFIED,NOT_VERIFIED,UNKNOWN,TARGETED_REVIEW_REQUIRED,COMPOSITE_INCLUDES_COMMON_STOCKS_AND_INCOME_TRUST_UNITS,https://www.spglobal.com/spdji/en/methodology/article/sp-tsx-canadian-indices-methodology/,Official methodology explicitly states that the S&P/TSX Composite includes common stocks and income trust units. No group-wide PASS.,NOT_VERIFIED,TFII,NO_DOT_SUFFIX
WS:XTSE:TIH,Toromont Industries Ltd.,Canada,CA_TSX,XTSE,TIH,TIH.TO,CAD,CAD,1.0,UNKNOWN,NOT_VERIFIED,INSTRUMENT_TYPE_NOT_STRICTLY_VERIFIED,NOT_VERIFIED,READY,,503,503,,NOT_COLLECTED_BULK_RELIABLY_QA_ONLY,20,60,33825442.03888157,35885618.88760047,20,60,OK,2026-08-21,PASS,PREFERRED_GE_20M,PASS_OR_NOT_VERIFIED,NOT_VERIFIED,INSTRUMENT_NOT_VERIFIED,NOT_VERIFIED,UNKNOWN,TARGETED_REVIEW_REQUIRED,COMPOSITE_INCLUDES_COMMON_STOCKS_AND_INCOME_TRUST_UNITS,https://www.spglobal.com/spdji/en/methodology/article/sp-tsx-canadian-indices-methodology/,Official methodology explicitly states that the S&P/TSX Composite includes common stocks and income trust units. No group-wide PASS.,NOT_VERIFIED,NOT_VERIFIED,UNKNOWN,TARGETED_REVIEW_REQUIRED,COMPOSITE_INCLUDES_COMMON_STOCKS_AND_INCOME_TRUST_UNITS,https://www.spglobal.com/spdji/en/methodology/article/sp-tsx-canadian-indices-methodology/,Official methodology explicitly states that the S&P/TSX Composite includes common stocks and income trust units. No group-wide PASS.,NOT_VERIFIED,TIH,NO_DOT_SUFFIX
WS:XTSE:TOU,Tourmaline Oil Corp.,Canada,CA_TSX,XTSE,TOU,TOU.TO,CAD,CAD,1.0,UNKNOWN,NOT_VERIFIED,INSTRUMENT_TYPE_NOT_STRICTLY_VERIFIED,NOT_VERIFIED,READY,,503,503,,NOT_COLLECTED_BULK_RELIABLY_QA_ONLY,20,60,68430211.47109962,81778106.78724396,20,60,OK,2026-08-21,PASS,PREFERRED_GE_20M,PASS_OR_NOT_VERIFIED,NOT_VERIFIED,INSTRUMENT_NOT_VERIFIED,NOT_VERIFIED,UNKNOWN,TARGETED_REVIEW_REQUIRED,COMPOSITE_INCLUDES_COMMON_STOCKS_AND_INCOME_TRUST_UNITS,https://www.spglobal.com/spdji/en/methodology/article/sp-tsx-canadian-indices-methodology/,Official methodology explicitly states that the S&P/TSX Composite includes common stocks and income trust units. No group-wide PASS.,NOT_VERIFIED,NOT_VERIFIED,UNKNOWN,TARGETED_REVIEW_REQUIRED,COMPOSITE_INCLUDES_COMMON_STOCKS_AND_INCOME_TRUST_UNITS,https://www.spglobal.com/spdji/en/methodology/article/sp-tsx-canadian-indices-methodology/,Official methodology explicitly states that the S&P/TSX Composite includes common stocks and income trust units. No group-wide PASS.,NOT_VERIFIED,TOU,NO_DOT_SUFFIX
WS:XTSE:TRI,Thomson Reuters Corporation,Canada,CA_TSX,XTSE,TRI,TRI.TO,CAD,CAD,1.0,UNKNOWN,NOT_VERIFIED,INSTRUMENT_TYPE_NOT_STRICTLY_VERIFIED,NOT_VERIFIED,READY,,503,503,,NOT_COLLECTED_BULK_RELIABLY_QA_ONLY,20,60,62845338.10944581,57307562.659350425,20,60,OK,2026-08-21,PASS,PREFERRED_GE_20M,PASS_OR_NOT_VERIFIED,NOT_VERIFIED,INSTRUMENT_NOT_VERIFIED,NOT_VERIFIED,UNKNOWN,TARGETED_REVIEW_REQUIRED,COMPOSITE_INCLUDES_COMMON_STOCKS_AND_INCOME_TRUST_UNITS,https://www.spglobal.com/spdji/en/methodology/article/sp-tsx-canadian-indices-methodology/,Official methodology explicitly states that the S&P/TSX Composite includes common stocks and income trust units. No group-wide PASS.,NOT_VERIFIED,NOT_VERIFIED,UNKNOWN,TARGETED_REVIEW_REQUIRED,COMPOSITE_INCLUDES_COMMON_STOCKS_AND_INCOME_TRUST_UNITS,https://www.spglobal.com/spdji/en/methodology/article/sp-tsx-canadian-indices-methodology/,Official methodology explicitly states that the S&P/TSX Composite includes common stocks and income trust units. No group-wide PASS.,NOT_VERIFIED,TRI,NO_DOT_SUFFIX
WS:XTSE:TRP,TC Energy Corporation,Canada,CA_TSX,XTSE,TRP,TRP.TO,CAD,CAD,1.0,UNKNOWN,NOT_VERIFIED,INSTRUMENT_TYPE_NOT_STRICTLY_VERIFIED,NOT_VERIFIED,READY,,503,503,,NOT_COLLECTED_BULK_RELIABLY_QA_ONLY,20,60,150618998.9069788,201752771.4506256,20,60,OK,2026-08-21,PASS,PREFERRED_GE_20M,PASS_OR_NOT_VERIFIED,NOT_VERIFIED,INSTRUMENT_NOT_VERIFIED,NOT_VERIFIED,UNKNOWN,TARGETED_REVIEW_REQUIRED,COMPOSITE_INCLUDES_COMMON_STOCKS_AND_INCOME_TRUST_UNITS,https://www.spglobal.com/spdji/en/methodology/article/sp-tsx-canadian-indices-methodology/,Official methodology explicitly states that the S&P/TSX Composite includes common stocks and income trust units. No group-wide PASS.,NOT_VERIFIED,NOT_VERIFIED,UNKNOWN,TARGETED_REVIEW_REQUIRED,COMPOSITE_INCLUDES_COMMON_STOCKS_AND_INCOME_TRUST_UNITS,https://www.spglobal.com/spdji/en/methodology/article/sp-tsx-canadian-indices-methodology/,Official methodology explicitly states that the S&P/TSX Composite includes common stocks and income trust units. No group-wide PASS.,NOT_VERIFIED,TRP,NO_DOT_SUFFIX
WS:XTSE:TXG,Torex Gold Resources Inc.,Canada,CA_TSX,XTSE,TXG,TXG.TO,CAD,CAD,1.0,UNKNOWN,NOT_VERIFIED,INSTRUMENT_TYPE_NOT_STRICTLY_VERIFIED,NOT_VERIFIED,READY,,503,503,,NOT_COLLECTED_BULK_RELIABLY_QA_ONLY,20,60,24037578.77566521,19752533.590219304,20,60,OK,2026-08-21,PASS,PREFERRED_GE_20M,PASS_OR_NOT_VERIFIED,NOT_VERIFIED,INSTRUMENT_NOT_VERIFIED,NOT_VERIFIED,UNKNOWN,TARGETED_REVIEW_REQUIRED,COMPOSITE_INCLUDES_COMMON_STOCKS_AND_INCOME_TRUST_UNITS,https://www.spglobal.com/spdji/en/methodology/article/sp-tsx-canadian-indices-methodology/,Official methodology explicitly states that the S&P/TSX Composite includes common stocks and income trust units. No group-wide PASS.,NOT_VERIFIED,NOT_VERIFIED,UNKNOWN,TARGETED_REVIEW_REQUIRED,COMPOSITE_INCLUDES_COMMON_STOCKS_AND_INCOME_TRUST_UNITS,https://www.spglobal.com/spdji/en/methodology/article/sp-tsx-canadian-indices-methodology/,Official methodology explicitly states that the S&P/TSX Composite includes common stocks and income trust units. No group-wide PASS.,NOT_VERIFIED,TXG,NO_DOT_SUFFIX
WS:XTSE:WCN,Waste Connections Inc.,Canada,CA_TSX,XTSE,WCN,WCN.TO,CAD,CAD,1.0,UNKNOWN,NOT_VERIFIED,INSTRUMENT_TYPE_NOT_STRICTLY_VERIFIED,NOT_VERIFIED,READY,,503,503,,NOT_COLLECTED_BULK_RELIABLY_QA_ONLY,20,60,46667264.12796737,52240241.44905973,20,60,OK,2026-08-21,PASS,PREFERRED_GE_20M,PASS_OR_NOT_VERIFIED,NOT_VERIFIED,INSTRUMENT_NOT_VERIFIED,NOT_VERIFIED,UNKNOWN,TARGETED_REVIEW_REQUIRED,COMPOSITE_INCLUDES_COMMON_STOCKS_AND_INCOME_TRUST_UNITS,https://www.spglobal.com/spdji/en/methodology/article/sp-tsx-canadian-indices-methodology/,Official methodology explicitly states that the S&P/TSX Composite includes common stocks and income trust units. No group-wide PASS.,NOT_VERIFIED,NOT_VERIFIED,UNKNOWN,TARGETED_REVIEW_REQUIRED,COMPOSITE_INCLUDES_COMMON_STOCKS_AND_INCOME_TRUST_UNITS,https://www.spglobal.com/spdji/en/methodology/article/sp-tsx-canadian-indices-methodology/,Official methodology explicitly states that the S&P/TSX Composite includes common stocks and income trust units. No group-wide PASS.,NOT_VERIFIED,WCN,NO_DOT_SUFFIX
WS:XTSE:WCP,Whitecap Resources Inc.,Canada,CA_TSX,XTSE,WCP,WCP.TO,CAD,CAD,1.0,UNKNOWN,NOT_VERIFIED,INSTRUMENT_TYPE_NOT_STRICTLY_VERIFIED,NOT_VERIFIED,READY,,503,503,,NOT_COLLECTED_BULK_RELIABLY_QA_ONLY,20,60,52653548.08921644,50377821.527782395,20,60,OK,2026-08-21,PASS,PREFERRED_GE_20M,PASS_OR_NOT_VERIFIED,NOT_VERIFIED,INSTRUMENT_NOT_VERIFIED,NOT_VERIFIED,UNKNOWN,TARGETED_REVIEW_REQUIRED,COMPOSITE_INCLUDES_COMMON_STOCKS_AND_INCOME_TRUST_UNITS,https://www.spglobal.com/spdji/en/methodology/article/sp-tsx-canadian-indices-methodology/,Official methodology explicitly states that the S&P/TSX Composite includes common stocks and income trust units. No group-wide PASS.,NOT_VERIFIED,NOT_VERIFIED,UNKNOWN,TARGETED_REVIEW_REQUIRED,COMPOSITE_INCLUDES_COMMON_STOCKS_AND_INCOME_TRUST_UNITS,https://www.spglobal.com/spdji/en/methodology/article/sp-tsx-canadian-indices-methodology/,Official methodology explicitly states that the S&P/TSX Composite includes common stocks and income trust units. No group-wide PASS.,NOT_VERIFIED,WCP,NO_DOT_SUFFIX
WS:XTSE:WPM,Wheaton Precious Metals Corp.,Canada,CA_TSX,XTSE,WPM,WPM.TO,CAD,CAD,1.0,UNKNOWN,NOT_VERIFIED,INSTRUMENT_TYPE_NOT_STRICTLY_VERIFIED,NOT_VERIFIED,READY,,503,503,,NOT_COLLECTED_BULK_RELIABLY_QA_ONLY,20,60,89299343.84420933,79248700.18020502,20,60,OK,2026-08-21,PASS,PREFERRED_GE_20M,PASS_OR_NOT_VERIFIED,NOT_VERIFIED,INSTRUMENT_NOT_VERIFIED,NOT_VERIFIED,UNKNOWN,TARGETED_REVIEW_REQUIRED,COMPOSITE_INCLUDES_COMMON_STOCKS_AND_INCOME_TRUST_UNITS,https://www.spglobal.com/spdji/en/methodology/article/sp-tsx-canadian-indices-methodology/,Official methodology explicitly states that the S&P/TSX Composite includes common stocks and income trust units. No group-wide PASS.,NOT_VERIFIED,NOT_VERIFIED,UNKNOWN,TARGETED_REVIEW_REQUIRED,COMPOSITE_INCLUDES_COMMON_STOCKS_AND_INCOME_TRUST_UNITS,https://www.spglobal.com/spdji/en/methodology/article/sp-tsx-canadian-indices-methodology/,Official methodology explicitly states that the S&P/TSX Composite includes common stocks and income trust units. No group-wide PASS.,NOT_VERIFIED,WPM,NO_DOT_SUFFIX
WS:XTSE:WSP,WSP Global Inc.,Canada,CA_TSX,XTSE,WSP,WSP.TO,CAD,CAD,1.0,UNKNOWN,NOT_VERIFIED,INSTRUMENT_TYPE_NOT_STRICTLY_VERIFIED,NOT_VERIFIED,READY,,503,503,,NOT_COLLECTED_BULK_RELIABLY_QA_ONLY,20,60,87698196.39193171,62158297.00357385,20,60,OK,2026-08-21,PASS,PREFERRED_GE_20M,PASS_OR_NOT_VERIFIED,NOT_VERIFIED,INSTRUMENT_NOT_VERIFIED,NOT_VERIFIED,UNKNOWN,TARGETED_REVIEW_REQUIRED,COMPOSITE_INCLUDES_COMMON_STOCKS_AND_INCOME_TRUST_UNITS,https://www.spglobal.com/spdji/en/methodology/article/sp-tsx-canadian-indices-methodology/,Official methodology explicitly states that the S&P/TSX Composite includes common stocks and income trust units. No group-wide PASS.,NOT_VERIFIED,NOT_VERIFIED,UNKNOWN,TARGETED_REVIEW_REQUIRED,COMPOSITE_INCLUDES_COMMON_STOCKS_AND_INCOME_TRUST_UNITS,https://www.spglobal.com/spdji/en/methodology/article/sp-tsx-canadian-indices-methodology/,Official methodology explicitly states that the S&P/TSX Composite includes common stocks and income trust units. No group-wide PASS.,NOT_VERIFIED,WSP,NO_DOT_SUFFIX
WS:XTSE:X,TMX Group Limited,Canada,CA_TSX,XTSE,X,X.TO,CAD,CAD,1.0,UNKNOWN,NOT_VERIFIED,INSTRUMENT_TYPE_NOT_STRICTLY_VERIFIED,NOT_VERIFIED,READY,,503,503,,NOT_COLLECTED_BULK_RELIABLY_QA_ONLY,20,60,25836535.038829662,27406151.657731846,20,60,OK,2026-08-21,PASS,PREFERRED_GE_20M,PASS_OR_NOT_VERIFIED,NOT_VERIFIED,INSTRUMENT_NOT_VERIFIED,NOT_VERIFIED,UNKNOWN,TARGETED_REVIEW_REQUIRED,COMPOSITE_INCLUDES_COMMON_STOCKS_AND_INCOME_TRUST_UNITS,https://www.spglobal.com/spdji/en/methodology/article/sp-tsx-canadian-indices-methodology/,Official methodology explicitly states that the S&P/TSX Composite includes common stocks and income trust units. No group-wide PASS.,NOT_VERIFIED,NOT_VERIFIED,UNKNOWN,TARGETED_REVIEW_REQUIRED,COMPOSITE_INCLUDES_COMMON_STOCKS_AND_INCOME_TRUST_UNITS,https://www.spglobal.com/spdji/en/methodology/article/sp-tsx-canadian-indices-methodology/,Official methodology explicitly states that the S&P/TSX Composite includes common stocks and income trust units. No group-wide PASS.,NOT_VERIFIED,X,NO_DOT_SUFFIX
