Security_Key,Source_WS_ID,Price_Cache_Status,Reason_Code,Unique_Bars,Valid_Bars,Strict_Invalid_Bars,Suspicious_Returns,Repaired_Rows,Zero_Volume_Share,First_Bar_Date,Last_Bar_Date,Currency_Binding,Provider_Symbol,Source
WSSEC:WS:BVMF:ABEV3,WS:BVMF:ABEV3,READY,,505,505,0,0,0,0.0,2024-09-16,2026-09-24,BRL,ABEV3.SA,YFINANCE_FREE_REFRESH_V0_45
WSSEC:WS:BVMF:ALOS3,WS:BVMF:ALOS3,READY,,505,505,0,0,0,0.0,2024-09-16,2026-09-24,BRL,ALOS3.SA,YFINANCE_FREE_REFRESH_V0_45
WSSEC:WS:BVMF:AXIA3,WS:BVMF:AXIA3,READY,,505,505,0,0,0,0.0,2024-09-16,2026-09-24,BRL,AXIA3.SA,YFINANCE_FREE_REFRESH_V0_45
WSSEC:WS:BVMF:B3SA3,WS:BVMF:B3SA3,READY,,505,505,0,0,0,0.0,2024-09-16,2026-09-24,BRL,B3SA3.SA,YFINANCE_FREE_REFRESH_V0_45
WSSEC:WS:BVMF:BBAS3,WS:BVMF:BBAS3,READY,,505,505,0,0,0,0.0,2024-09-16,2026-09-24,BRL,BBAS3.SA,YFINANCE_FREE_REFRESH_V0_45
WSSEC:WS:BVMF:BBSE3,WS:BVMF:BBSE3,READY,,505,505,0,0,0,0.0,2024-09-16,2026-09-24,BRL,BBSE3.SA,YFINANCE_FREE_REFRESH_V0_45
WSSEC:WS:BVMF:CPLE3,WS:BVMF:CPLE3,READY,,505,505,0,0,0,0.0,2024-09-16,2026-09-24,BRL,CPLE3.SA,YFINANCE_FREE_REFRESH_V0_45
WSSEC:WS:BVMF:CSAN3,WS:BVMF:CSAN3,READY,,505,505,0,0,0,0.0,2024-09-16,2026-09-24,BRL,CSAN3.SA,YFINANCE_FREE_REFRESH_V0_45
WSSEC:WS:BVMF:CSMG3,WS:BVMF:CSMG3,READY,,505,505,0,0,0,0.0,2024-09-16,2026-09-24,BRL,CSMG3.SA,YFINANCE_FREE_REFRESH_V0_45
WSSEC:WS:BVMF:CURY3,WS:BVMF:CURY3,READY,,505,505,0,0,0,0.0,2024-09-16,2026-09-24,BRL,CURY3.SA,YFINANCE_FREE_REFRESH_V0_45
WSSEC:WS:BVMF:CXSE3,WS:BVMF:CXSE3,READY,,505,505,0,0,0,0.0,2024-09-16,2026-09-24,BRL,CXSE3.SA,YFINANCE_FREE_REFRESH_V0_45
WSSEC:WS:BVMF:CYRE3,WS:BVMF:CYRE3,READY,,505,505,0,0,0,0.0,2024-09-16,2026-09-24,BRL,CYRE3.SA,YFINANCE_FREE_REFRESH_V0_45
WSSEC:WS:BVMF:EGIE3,WS:BVMF:EGIE3,READY,,505,505,0,0,0,0.0,2024-09-16,2026-09-24,BRL,EGIE3.SA,YFINANCE_FREE_REFRESH_V0_45
WSSEC:WS:BVMF:EMBJ3,WS:BVMF:EMBJ3,READY,,505,505,0,0,0,0.0019801980198019802,2024-09-16,2026-09-24,BRL,EMBJ3.SA,YFINANCE_FREE_REFRESH_V0_45
WSSEC:WS:BVMF:ENEV3,WS:BVMF:ENEV3,READY,,505,505,0,0,0,0.0,2024-09-16,2026-09-24,BRL,ENEV3.SA,YFINANCE_FREE_REFRESH_V0_45
WSSEC:WS:BVMF:EQTL3,WS:BVMF:EQTL3,READY,,505,505,0,0,0,0.0,2024-09-16,2026-09-24,BRL,EQTL3.SA,YFINANCE_FREE_REFRESH_V0_45
WSSEC:WS:BVMF:LREN3,WS:BVMF:LREN3,READY,,505,505,0,0,0,0.0,2024-09-16,2026-09-24,BRL,LREN3.SA,YFINANCE_FREE_REFRESH_V0_45
WSSEC:WS:BVMF:MBRF3,WS:BVMF:MBRF3,READY,,505,505,0,0,0,0.0,2024-09-16,2026-09-24,BRL,MBRF3.SA,YFINANCE_FREE_REFRESH_V0_45
WSSEC:WS:BVMF:MGLU3,WS:BVMF:MGLU3,READY,,505,505,0,0,0,0.0,2024-09-16,2026-09-24,BRL,MGLU3.SA,YFINANCE_FREE_REFRESH_V0_45
WSSEC:WS:BVMF:MOTV3,WS:BVMF:MOTV3,READY,,505,505,0,0,0,0.0,2024-09-16,2026-09-24,BRL,MOTV3.SA,YFINANCE_FREE_REFRESH_V0_45
WSSEC:WS:BVMF:MULT3,WS:BVMF:MULT3,READY,,505,505,0,0,0,0.0,2024-09-16,2026-09-24,BRL,MULT3.SA,YFINANCE_FREE_REFRESH_V0_45
WSSEC:WS:BVMF:PETR3,WS:BVMF:PETR3,READY,,505,505,0,0,0,0.0,2024-09-16,2026-09-24,BRL,PETR3.SA,YFINANCE_FREE_REFRESH_V0_45
WSSEC:WS:BVMF:PRIO3,WS:BVMF:PRIO3,READY,,505,505,0,0,0,0.0,2024-09-16,2026-09-24,BRL,PRIO3.SA,YFINANCE_FREE_REFRESH_V0_45
WSSEC:WS:BVMF:RADL3,WS:BVMF:RADL3,READY,,505,505,0,0,0,0.0,2024-09-16,2026-09-24,BRL,RADL3.SA,YFINANCE_FREE_REFRESH_V0_45
WSSEC:WS:BVMF:RAIL3,WS:BVMF:RAIL3,READY,,505,505,0,0,0,0.0,2024-09-16,2026-09-24,BRL,RAIL3.SA,YFINANCE_FREE_REFRESH_V0_45
WSSEC:WS:BVMF:RDOR3,WS:BVMF:RDOR3,READY,,505,505,0,0,0,0.0,2024-09-16,2026-09-24,BRL,RDOR3.SA,YFINANCE_FREE_REFRESH_V0_45
WSSEC:WS:BVMF:RENT3,WS:BVMF:RENT3,READY,,505,505,0,0,0,0.0,2024-09-16,2026-09-24,BRL,RENT3.SA,YFINANCE_FREE_REFRESH_V0_45
WSSEC:WS:BVMF:SBSP3,WS:BVMF:SBSP3,READY,,505,505,0,0,0,0.0,2024-09-16,2026-09-24,BRL,SBSP3.SA,YFINANCE_FREE_REFRESH_V0_45
WSSEC:WS:BVMF:SMFT3,WS:BVMF:SMFT3,READY,,505,505,0,0,0,0.0,2024-09-16,2026-09-24,BRL,SMFT3.SA,YFINANCE_FREE_REFRESH_V0_45
WSSEC:WS:BVMF:SUZB3,WS:BVMF:SUZB3,READY,,505,505,0,0,0,0.0,2024-09-16,2026-09-24,BRL,SUZB3.SA,YFINANCE_FREE_REFRESH_V0_45
WSSEC:WS:BVMF:TIMS3,WS:BVMF:TIMS3,READY,,505,505,0,0,0,0.0,2024-09-16,2026-09-24,BRL,TIMS3.SA,YFINANCE_FREE_REFRESH_V0_45
WSSEC:WS:BVMF:TOTS3,WS:BVMF:TOTS3,READY,,505,505,0,0,0,0.0,2024-09-16,2026-09-24,BRL,TOTS3.SA,YFINANCE_FREE_REFRESH_V0_45
WSSEC:WS:BVMF:UGPA3,WS:BVMF:UGPA3,READY,,505,505,0,0,0,0.0,2024-09-16,2026-09-24,BRL,UGPA3.SA,YFINANCE_FREE_REFRESH_V0_45
WSSEC:WS:BVMF:VALE3,WS:BVMF:VALE3,READY,,505,505,0,0,0,0.0,2024-09-16,2026-09-24,BRL,VALE3.SA,YFINANCE_FREE_REFRESH_V0_45
WSSEC:WS:BVMF:VBBR3,WS:BVMF:VBBR3,READY,,505,505,0,0,0,0.0,2024-09-16,2026-09-24,BRL,VBBR3.SA,YFINANCE_FREE_REFRESH_V0_45
WSSEC:WS:BVMF:VIVT3,WS:BVMF:VIVT3,READY,,505,505,0,0,0,0.0,2024-09-16,2026-09-24,BRL,VIVT3.SA,YFINANCE_FREE_REFRESH_V0_45
WSSEC:WS:BVMF:WEGE3,WS:BVMF:WEGE3,READY,,505,505,0,0,0,0.0,2024-09-16,2026-09-24,BRL,WEGE3.SA,YFINANCE_FREE_REFRESH_V0_45
WSSEC:WS:ISIN:INE002A01018,WS:ISIN:INE002A01018,READY,,507,507,0,0,0,0.011834319526627219,2024-09-16,2026-09-24,INR,RELIANCE.NS,YFINANCE_FREE_REFRESH_V0_45
WSSEC:WS:ISIN:INE009A01021,WS:ISIN:INE009A01021,READY,,507,507,0,0,0,0.011834319526627219,2024-09-16,2026-09-24,INR,INFY.NS,YFINANCE_FREE_REFRESH_V0_45
WSSEC:WS:ISIN:INE018A01030,WS:ISIN:INE018A01030,READY,,507,507,0,0,0,0.011834319526627219,2024-09-16,2026-09-24,INR,LT.NS,YFINANCE_FREE_REFRESH_V0_45
WSSEC:WS:ISIN:INE019A01038,WS:ISIN:INE019A01038,READY,,507,507,0,0,0,0.011834319526627219,2024-09-16,2026-09-24,INR,JSWSTEEL.NS,YFINANCE_FREE_REFRESH_V0_45
WSSEC:WS:ISIN:INE021A01026,WS:ISIN:INE021A01026,READY,,507,507,0,0,0,0.011834319526627219,2024-09-16,2026-09-24,INR,ASIANPAINT.NS,YFINANCE_FREE_REFRESH_V0_45
WSSEC:WS:ISIN:INE027H01010,WS:ISIN:INE027H01010,READY,,507,507,0,0,0,0.011834319526627219,2024-09-16,2026-09-24,INR,MAXHEALTH.NS,YFINANCE_FREE_REFRESH_V0_45
WSSEC:WS:ISIN:INE030A01027,WS:ISIN:INE030A01027,READY,,507,507,0,0,0,0.011834319526627219,2024-09-16,2026-09-24,INR,HINDUNILVR.NS,YFINANCE_FREE_REFRESH_V0_45
WSSEC:WS:ISIN:INE038A01020,WS:ISIN:INE038A01020,READY,,507,507,0,0,0,0.011834319526627219,2024-09-16,2026-09-24,INR,HINDALCO.NS,YFINANCE_FREE_REFRESH_V0_45
WSSEC:WS:ISIN:INE040A01034,WS:ISIN:INE040A01034,READY,,507,507,0,0,0,0.011834319526627219,2024-09-16,2026-09-24,INR,HDFCBANK.NS,YFINANCE_FREE_REFRESH_V0_45
WSSEC:WS:ISIN:INE044A01036,WS:ISIN:INE044A01036,READY,,507,507,0,0,0,0.011834319526627219,2024-09-16,2026-09-24,INR,SUNPHARMA.NS,YFINANCE_FREE_REFRESH_V0_45
WSSEC:WS:ISIN:INE047A01021,WS:ISIN:INE047A01021,READY,,507,507,0,0,0,0.011834319526627219,2024-09-16,2026-09-24,INR,GRASIM.NS,YFINANCE_FREE_REFRESH_V0_45
WSSEC:WS:ISIN:INE062A01020,WS:ISIN:INE062A01020,READY,,507,507,0,0,0,0.011834319526627219,2024-09-16,2026-09-24,INR,SBIN.NS,YFINANCE_FREE_REFRESH_V0_45
WSSEC:WS:ISIN:INE066A01021,WS:ISIN:INE066A01021,READY,,507,507,0,0,0,0.011834319526627219,2024-09-16,2026-09-24,INR,EICHERMOT.NS,YFINANCE_FREE_REFRESH_V0_45
WSSEC:WS:ISIN:INE081A01020,WS:ISIN:INE081A01020,READY,,507,507,0,0,0,0.011834319526627219,2024-09-16,2026-09-24,INR,TATASTEEL.NS,YFINANCE_FREE_REFRESH_V0_45
WSSEC:WS:ISIN:INE089A01031,WS:ISIN:INE089A01031,READY,,507,507,0,0,0,0.011834319526627219,2024-09-16,2026-09-24,INR,DRREDDY.NS,YFINANCE_FREE_REFRESH_V0_45
WSSEC:WS:ISIN:INE090A01021,WS:ISIN:INE090A01021,READY,,507,507,0,0,0,0.011834319526627219,2024-09-16,2026-09-24,INR,ICICIBANK.NS,YFINANCE_FREE_REFRESH_V0_45
WSSEC:WS:ISIN:INE101A01026,WS:ISIN:INE101A01026,READY,,507,507,0,0,0,0.013806706114398421,2024-09-16,2026-09-24,INR,M&M.NS,YFINANCE_FREE_REFRESH_V0_45
WSSEC:WS:ISIN:INE154A01025,WS:ISIN:INE154A01025,READY,,507,507,0,0,0,0.009861932938856016,2024-09-16,2026-09-24,INR,ITC.NS,YFINANCE_FREE_REFRESH_V0_45
WSSEC:WS:ISIN:INE155A01022,WS:ISIN:INE155A01022,READY,,507,507,0,0,0,0.011834319526627219,2024-09-16,2026-09-24,INR,TMPV.NS,YFINANCE_FREE_REFRESH_V0_45
WSSEC:WS:ISIN:INE213A01029,WS:ISIN:INE213A01029,READY,,507,507,0,0,0,0.011834319526627219,2024-09-16,2026-09-24,INR,ONGC.NS,YFINANCE_FREE_REFRESH_V0_45
WSSEC:WS:ISIN:INE237A01036,WS:ISIN:INE237A01036,READY,,507,507,0,0,0,0.011834319526627219,2024-09-16,2026-09-24,INR,KOTAKBANK.NS,YFINANCE_FREE_REFRESH_V0_45
WSSEC:WS:ISIN:INE238A01034,WS:ISIN:INE238A01034,READY,,507,507,0,0,0,0.011834319526627219,2024-09-16,2026-09-24,INR,AXISBANK.NS,YFINANCE_FREE_REFRESH_V0_45
WSSEC:WS:ISIN:INE239A01024,WS:ISIN:INE239A01024,READY,,507,507,0,0,0,0.011834319526627219,2024-09-16,2026-09-24,INR,NESTLEIND.NS,YFINANCE_FREE_REFRESH_V0_45
WSSEC:WS:ISIN:INE263A01024,WS:ISIN:INE263A01024,READY,,507,507,0,0,0,0.011834319526627219,2024-09-16,2026-09-24,INR,BEL.NS,YFINANCE_FREE_REFRESH_V0_45
WSSEC:WS:ISIN:INE280A01028,WS:ISIN:INE280A01028,READY,,507,507,0,0,0,0.011834319526627219,2024-09-16,2026-09-24,INR,TITAN.NS,YFINANCE_FREE_REFRESH_V0_45
WSSEC:WS:ISIN:INE296A01032,WS:ISIN:INE296A01032,READY,,507,507,0,0,0,0.011834319526627219,2024-09-16,2026-09-24,INR,BAJFINANCE.NS,YFINANCE_FREE_REFRESH_V0_45
WSSEC:WS:ISIN:INE397D01024,WS:ISIN:INE397D01024,READY,,507,507,0,0,0,0.011834319526627219,2024-09-16,2026-09-24,INR,BHARTIARTL.NS,YFINANCE_FREE_REFRESH_V0_45
WSSEC:WS:ISIN:INE423A01024,WS:ISIN:INE423A01024,READY,,507,507,0,0,0,0.011834319526627219,2024-09-16,2026-09-24,INR,ADANIENT.NS,YFINANCE_FREE_REFRESH_V0_45
WSSEC:WS:ISIN:INE437A01024,WS:ISIN:INE437A01024,READY,,507,507,0,0,0,0.011834319526627219,2024-09-16,2026-09-24,INR,APOLLOHOSP.NS,YFINANCE_FREE_REFRESH_V0_45
WSSEC:WS:ISIN:INE467B01029,WS:ISIN:INE467B01029,READY,,507,507,0,0,0,0.011834319526627219,2024-09-16,2026-09-24,INR,TCS.NS,YFINANCE_FREE_REFRESH_V0_45
WSSEC:WS:ISIN:INE481G01011,WS:ISIN:INE481G01011,READY,,507,507,0,0,0,0.011834319526627219,2024-09-16,2026-09-24,INR,ULTRACEMCO.NS,YFINANCE_FREE_REFRESH_V0_45
WSSEC:WS:ISIN:INE522F01014,WS:ISIN:INE522F01014,READY,,507,507,0,0,0,0.011834319526627219,2024-09-16,2026-09-24,INR,COALINDIA.NS,YFINANCE_FREE_REFRESH_V0_45
WSSEC:WS:ISIN:INE585B01010,WS:ISIN:INE585B01010,READY,,507,507,0,0,0,0.011834319526627219,2024-09-16,2026-09-24,INR,MARUTI.NS,YFINANCE_FREE_REFRESH_V0_45
WSSEC:WS:ISIN:INE646L01027,WS:ISIN:INE646L01027,READY,,506,506,0,0,0,0.009881422924901186,2024-09-16,2026-09-24,INR,INDIGO.NS,YFINANCE_FREE_REFRESH_V0_45
WSSEC:WS:ISIN:INE669C01036,WS:ISIN:INE669C01036,READY,,507,507,0,0,0,0.011834319526627219,2024-09-16,2026-09-24,INR,TECHM.NS,YFINANCE_FREE_REFRESH_V0_45
WSSEC:WS:ISIN:INE721A01047,WS:ISIN:INE721A01047,READY,,507,507,0,0,0,0.011834319526627219,2024-09-16,2026-09-24,INR,SHRIRAMFIN.NS,YFINANCE_FREE_REFRESH_V0_45
WSSEC:WS:ISIN:INE733E01010,WS:ISIN:INE733E01010,READY,,507,507,0,0,0,0.011834319526627219,2024-09-16,2026-09-24,INR,NTPC.NS,YFINANCE_FREE_REFRESH_V0_45
WSSEC:WS:ISIN:INE742F01042,WS:ISIN:INE742F01042,READY,,507,507,0,0,0,0.011834319526627219,2024-09-16,2026-09-24,INR,ADANIPORTS.NS,YFINANCE_FREE_REFRESH_V0_45
WSSEC:WS:ISIN:INE752E01010,WS:ISIN:INE752E01010,READY,,507,507,0,0,0,0.011834319526627219,2024-09-16,2026-09-24,INR,POWERGRID.NS,YFINANCE_FREE_REFRESH_V0_45
WSSEC:WS:ISIN:INE758E01017,WS:ISIN:INE758E01017,READY,,507,507,0,0,0,0.011834319526627219,2024-09-16,2026-09-24,INR,JIOFIN.NS,YFINANCE_FREE_REFRESH_V0_45
WSSEC:WS:ISIN:INE758T01015,WS:ISIN:INE758T01015,READY,,507,507,0,0,0,0.015779092702169626,2024-09-16,2026-09-24,INR,ETERNAL.NS,YFINANCE_FREE_REFRESH_V0_45
WSSEC:WS:ISIN:INE849A01020,WS:ISIN:INE849A01020,READY,,507,507,0,0,0,0.011834319526627219,2024-09-16,2026-09-24,INR,TRENT.NS,YFINANCE_FREE_REFRESH_V0_45
WSSEC:WS:ISIN:INE860A01027,WS:ISIN:INE860A01027,READY,,507,507,0,0,0,0.011834319526627219,2024-09-16,2026-09-24,INR,HCLTECH.NS,YFINANCE_FREE_REFRESH_V0_45
WSSEC:WS:ISIN:INE917I01010,WS:ISIN:INE917I01010,READY,,507,507,0,0,0,0.011834319526627219,2024-09-16,2026-09-24,INR,BAJAJ-AUTO.NS,YFINANCE_FREE_REFRESH_V0_45
WSSEC:WS:ISIN:INE918I01026,WS:ISIN:INE918I01026,READY,,507,507,0,0,0,0.011834319526627219,2024-09-16,2026-09-24,INR,BAJAJFINSV.NS,YFINANCE_FREE_REFRESH_V0_45
WSSEC:WS:ISIN:KYG022421088,WS:ISIN:KYG022421088,READY,,492,492,0,0,0,0.0020325203252032522,2024-09-16,2026-09-24,TWD,3661.TW,YFINANCE_FREE_REFRESH_V0_45
WSSEC:WS:ISIN:KYG114741062,WS:ISIN:KYG114741062,READY,,492,492,0,0,0,0.0040650406504065045,2024-09-16,2026-09-24,TWD,3665.TW,YFINANCE_FREE_REFRESH_V0_45
WSSEC:WS:ISIN:KYG989221000,WS:ISIN:KYG989221000,READY,,492,492,0,0,0,0.0020325203252032522,2024-09-16,2026-09-24,TWD,4958.TW,YFINANCE_FREE_REFRESH_V0_45
WSSEC:WS:ISIN:TW0001216000,WS:ISIN:TW0001216000,READY,,492,492,0,0,0,0.0020325203252032522,2024-09-16,2026-09-24,TWD,1216.TW,YFINANCE_FREE_REFRESH_V0_45
WSSEC:WS:ISIN:TW0001303006,WS:ISIN:TW0001303006,READY,,492,492,0,0,0,0.0020325203252032522,2024-09-16,2026-09-24,TWD,1303.TW,YFINANCE_FREE_REFRESH_V0_45
WSSEC:WS:ISIN:TW0002059003,WS:ISIN:TW0002059003,READY,,492,492,0,0,0,0.0020325203252032522,2024-09-16,2026-09-24,TWD,2059.TW,YFINANCE_FREE_REFRESH_V0_45
WSSEC:WS:ISIN:TW0002301009,WS:ISIN:TW0002301009,READY,,492,492,0,0,0,0.0020325203252032522,2024-09-16,2026-09-24,TWD,2301.TW,YFINANCE_FREE_REFRESH_V0_45
WSSEC:WS:ISIN:TW0002303005,WS:ISIN:TW0002303005,READY,,492,492,0,0,0,0.0020325203252032522,2024-09-16,2026-09-24,TWD,2303.TW,YFINANCE_FREE_REFRESH_V0_45
WSSEC:WS:ISIN:TW0002308004,WS:ISIN:TW0002308004,READY,,492,492,0,0,0,0.0020325203252032522,2024-09-16,2026-09-24,TWD,2308.TW,YFINANCE_FREE_REFRESH_V0_45
WSSEC:WS:ISIN:TW0002317005,WS:ISIN:TW0002317005,READY,,492,492,0,0,0,0.0040650406504065045,2024-09-16,2026-09-24,TWD,2317.TW,YFINANCE_FREE_REFRESH_V0_45
WSSEC:WS:ISIN:TW0002327004,WS:ISIN:TW0002327004,READY,,492,492,0,0,0,0.016260162601626018,2024-09-16,2026-09-24,TWD,2327.TW,YFINANCE_FREE_REFRESH_V0_45
WSSEC:WS:ISIN:TW0002330008,WS:ISIN:TW0002330008,READY,,492,492,0,0,0,0.0020325203252032522,2024-09-16,2026-09-24,TWD,2330.TW,YFINANCE_FREE_REFRESH_V0_45
WSSEC:WS:ISIN:TW0002344009,WS:ISIN:TW0002344009,READY,,492,492,0,0,0,0.0020325203252032522,2024-09-16,2026-09-24,TWD,2344.TW,YFINANCE_FREE_REFRESH_V0_45
WSSEC:WS:ISIN:TW0002345006,WS:ISIN:TW0002345006,READY,,492,492,0,0,0,0.0020325203252032522,2024-09-16,2026-09-24,TWD,2345.TW,YFINANCE_FREE_REFRESH_V0_45
WSSEC:WS:ISIN:TW0002357001,WS:ISIN:TW0002357001,READY,,492,492,0,0,0,0.0020325203252032522,2024-09-16,2026-09-24,TWD,2357.TW,YFINANCE_FREE_REFRESH_V0_45
WSSEC:WS:ISIN:TW0002360005,WS:ISIN:TW0002360005,READY,,492,492,0,0,0,0.0020325203252032522,2024-09-16,2026-09-24,TWD,2360.TW,YFINANCE_FREE_REFRESH_V0_45
WSSEC:WS:ISIN:TW0002368008,WS:ISIN:TW0002368008,READY,,492,492,0,0,0,0.0020325203252032522,2024-09-16,2026-09-24,TWD,2368.TW,YFINANCE_FREE_REFRESH_V0_45
WSSEC:WS:ISIN:TW0002382009,WS:ISIN:TW0002382009,READY,,492,492,0,0,0,0.0020325203252032522,2024-09-16,2026-09-24,TWD,2382.TW,YFINANCE_FREE_REFRESH_V0_45
WSSEC:WS:ISIN:TW0002383007,WS:ISIN:TW0002383007,READY,,492,492,0,0,0,0.0020325203252032522,2024-09-16,2026-09-24,TWD,2383.TW,YFINANCE_FREE_REFRESH_V0_45
WSSEC:WS:ISIN:TW0002395001,WS:ISIN:TW0002395001,READY,,492,492,0,0,0,0.0020325203252032522,2024-09-16,2026-09-24,TWD,2395.TW,YFINANCE_FREE_REFRESH_V0_45
WSSEC:WS:ISIN:TW0002408002,WS:ISIN:TW0002408002,READY,,492,492,0,0,0,0.0020325203252032522,2024-09-16,2026-09-24,TWD,2408.TW,YFINANCE_FREE_REFRESH_V0_45
WSSEC:WS:ISIN:TW0002412004,WS:ISIN:TW0002412004,READY,,492,492,0,0,0,0.0020325203252032522,2024-09-16,2026-09-24,TWD,2412.TW,YFINANCE_FREE_REFRESH_V0_45
WSSEC:WS:ISIN:TW0002449006,WS:ISIN:TW0002449006,READY,,492,492,0,0,0,0.0020325203252032522,2024-09-16,2026-09-24,TWD,2449.TW,YFINANCE_FREE_REFRESH_V0_45
WSSEC:WS:ISIN:TW0002454006,WS:ISIN:TW0002454006,READY,,492,492,0,0,0,0.0020325203252032522,2024-09-16,2026-09-24,TWD,2454.TW,YFINANCE_FREE_REFRESH_V0_45
WSSEC:WS:ISIN:TW0002603008,WS:ISIN:TW0002603008,READY,,492,492,0,0,0,0.0020325203252032522,2024-09-16,2026-09-24,TWD,2603.TW,YFINANCE_FREE_REFRESH_V0_45
WSSEC:WS:ISIN:TW0002880002,WS:ISIN:TW0002880002,READY,,492,492,0,0,0,0.0020325203252032522,2024-09-16,2026-09-24,TWD,2880.TW,YFINANCE_FREE_REFRESH_V0_45
WSSEC:WS:ISIN:TW0002881000,WS:ISIN:TW0002881000,READY,,492,492,0,0,0,0.0020325203252032522,2024-09-16,2026-09-24,TWD,2881.TW,YFINANCE_FREE_REFRESH_V0_45
WSSEC:WS:ISIN:TW0002882008,WS:ISIN:TW0002882008,READY,,492,492,0,0,0,0.0020325203252032522,2024-09-16,2026-09-24,TWD,2882.TW,YFINANCE_FREE_REFRESH_V0_45
WSSEC:WS:ISIN:TW0002883006,WS:ISIN:TW0002883006,READY,,492,492,0,0,0,0.0020325203252032522,2024-09-16,2026-09-24,TWD,2883.TW,YFINANCE_FREE_REFRESH_V0_45
WSSEC:WS:ISIN:TW0002884004,WS:ISIN:TW0002884004,READY,,492,492,0,0,0,0.0040650406504065045,2024-09-16,2026-09-24,TWD,2884.TW,YFINANCE_FREE_REFRESH_V0_45
WSSEC:WS:ISIN:TW0002885001,WS:ISIN:TW0002885001,READY,,492,492,0,0,0,0.0020325203252032522,2024-09-16,2026-09-24,TWD,2885.TW,YFINANCE_FREE_REFRESH_V0_45
WSSEC:WS:ISIN:TW0002886009,WS:ISIN:TW0002886009,READY,,492,492,0,0,0,0.0020325203252032522,2024-09-16,2026-09-24,TWD,2886.TW,YFINANCE_FREE_REFRESH_V0_45
WSSEC:WS:ISIN:TW0002887007,WS:ISIN:TW0002887007,READY,,492,492,0,0,0,0.0020325203252032522,2024-09-16,2026-09-24,TWD,2887.TW,YFINANCE_FREE_REFRESH_V0_45
WSSEC:WS:ISIN:TW0002890001,WS:ISIN:TW0002890001,READY,,492,492,0,0,0,0.0020325203252032522,2024-09-16,2026-09-24,TWD,2890.TW,YFINANCE_FREE_REFRESH_V0_45
WSSEC:WS:ISIN:TW0002891009,WS:ISIN:TW0002891009,READY,,492,492,0,0,0,0.0020325203252032522,2024-09-16,2026-09-24,TWD,2891.TW,YFINANCE_FREE_REFRESH_V0_45
WSSEC:WS:ISIN:TW0002892007,WS:ISIN:TW0002892007,READY,,492,492,0,0,0,0.0020325203252032522,2024-09-16,2026-09-24,TWD,2892.TW,YFINANCE_FREE_REFRESH_V0_45
WSSEC:WS:ISIN:TW0003008009,WS:ISIN:TW0003008009,READY,,492,492,0,0,0,0.0020325203252032522,2024-09-16,2026-09-24,TWD,3008.TW,YFINANCE_FREE_REFRESH_V0_45
WSSEC:WS:ISIN:TW0003017000,WS:ISIN:TW0003017000,READY,,492,492,0,0,0,0.0020325203252032522,2024-09-16,2026-09-24,TWD,3017.TW,YFINANCE_FREE_REFRESH_V0_45
WSSEC:WS:ISIN:TW0003037008,WS:ISIN:TW0003037008,READY,,492,492,0,0,0,0.0020325203252032522,2024-09-16,2026-09-24,TWD,3037.TW,YFINANCE_FREE_REFRESH_V0_45
WSSEC:WS:ISIN:TW0003045001,WS:ISIN:TW0003045001,READY,,492,492,0,0,0,0.0020325203252032522,2024-09-16,2026-09-24,TWD,3045.TW,YFINANCE_FREE_REFRESH_V0_45
WSSEC:WS:ISIN:TW0003231007,WS:ISIN:TW0003231007,READY,,492,492,0,0,0,0.0020325203252032522,2024-09-16,2026-09-24,TWD,3231.TW,YFINANCE_FREE_REFRESH_V0_45
WSSEC:WS:ISIN:TW0003443008,WS:ISIN:TW0003443008,READY,,492,492,0,0,0,0.0020325203252032522,2024-09-16,2026-09-24,TWD,3443.TW,YFINANCE_FREE_REFRESH_V0_45
WSSEC:WS:ISIN:TW0003653002,WS:ISIN:TW0003653002,READY,,492,492,0,0,0,0.0020325203252032522,2024-09-16,2026-09-24,TWD,3653.TW,YFINANCE_FREE_REFRESH_V0_45
WSSEC:WS:ISIN:TW0004904008,WS:ISIN:TW0004904008,READY,,492,492,0,0,0,0.0020325203252032522,2024-09-16,2026-09-24,TWD,4904.TW,YFINANCE_FREE_REFRESH_V0_45
WSSEC:WS:ISIN:TW0006505001,WS:ISIN:TW0006505001,READY,,492,492,0,0,0,0.0020325203252032522,2024-09-16,2026-09-24,TWD,6505.TW,YFINANCE_FREE_REFRESH_V0_45
WSSEC:WS:ISIN:TW0008046004,WS:ISIN:TW0008046004,READY,,492,492,0,0,0,0.0020325203252032522,2024-09-16,2026-09-24,TWD,8046.TW,YFINANCE_FREE_REFRESH_V0_45
WSSEC:WS:XASX:ALD,WS:XASX:ALD,READY,,507,507,0,0,0,0.0,2024-09-23,2026-09-22,AUD,ALD.AX,YFINANCE_FREE_REUSED_MARKET_EVIDENCE_522
WSSEC:WS:XASX:ALL,WS:XASX:ALL,READY,,507,507,0,0,0,0.0,2024-09-23,2026-09-22,AUD,ALL.AX,YFINANCE_FREE_REUSED_MARKET_EVIDENCE_522
WSSEC:WS:XASX:ALQ,WS:XASX:ALQ,READY,,507,507,0,0,0,0.0019723865877712033,2024-09-23,2026-09-22,AUD,ALQ.AX,YFINANCE_FREE_REUSED_MARKET_EVIDENCE_522
WSSEC:WS:XASX:ANZ,WS:XASX:ANZ,QUARANTINE,STRICT_OHLC_RELATION_FAIL,507,506,1,0,0,0.0,2024-09-23,2026-09-22,AUD,ANZ.AX,YFINANCE_FREE_REUSED_MARKET_EVIDENCE_522
WSSEC:WS:XASX:ASX,WS:XASX:ASX,READY,,507,507,0,0,0,0.0,2024-09-23,2026-09-22,AUD,ASX.AX,YFINANCE_FREE_REUSED_MARKET_EVIDENCE_522
WSSEC:WS:XASX:AZJ,WS:XASX:AZJ,READY,,507,507,0,0,0,0.0,2024-09-23,2026-09-22,AUD,AZJ.AX,YFINANCE_FREE_REUSED_MARKET_EVIDENCE_522
WSSEC:WS:XASX:BHP,WS:XASX:BHP,READY,,507,507,0,0,0,0.0,2024-09-23,2026-09-22,AUD,BHP.AX,YFINANCE_FREE_REUSED_MARKET_EVIDENCE_522
WSSEC:WS:XASX:BSL,WS:XASX:BSL,QUARANTINE,STRICT_OHLC_RELATION_FAIL,507,506,1,0,0,0.0,2024-09-23,2026-09-22,AUD,BSL.AX,YFINANCE_FREE_REUSED_MARKET_EVIDENCE_522
WSSEC:WS:XASX:BXB,WS:XASX:BXB,QUARANTINE,STRICT_OHLC_RELATION_FAIL,507,506,1,0,0,0.0,2024-09-23,2026-09-22,AUD,BXB.AX,YFINANCE_FREE_REUSED_MARKET_EVIDENCE_522
WSSEC:WS:XASX:CAR,WS:XASX:CAR,READY,,507,507,0,0,0,0.0,2024-09-23,2026-09-22,AUD,CAR.AX,YFINANCE_FREE_REUSED_MARKET_EVIDENCE_522
WSSEC:WS:XASX:CBA,WS:XASX:CBA,QUARANTINE,STRICT_OHLC_RELATION_FAIL,507,506,1,0,0,0.0,2024-09-23,2026-09-22,AUD,CBA.AX,YFINANCE_FREE_REUSED_MARKET_EVIDENCE_522
WSSEC:WS:XASX:CMM,WS:XASX:CMM,READY,,507,507,0,0,0,0.0039447731755424065,2024-09-23,2026-09-22,AUD,CMM.AX,YFINANCE_FREE_REUSED_MARKET_EVIDENCE_522
WSSEC:WS:XASX:COH,WS:XASX:COH,READY,,507,507,0,0,0,0.0,2024-09-23,2026-09-22,AUD,COH.AX,YFINANCE_FREE_REUSED_MARKET_EVIDENCE_522
WSSEC:WS:XASX:COL,WS:XASX:COL,READY,,507,507,0,0,0,0.0,2024-09-23,2026-09-22,AUD,COL.AX,YFINANCE_FREE_REUSED_MARKET_EVIDENCE_522
WSSEC:WS:XASX:CPU,WS:XASX:CPU,READY,,507,507,0,0,0,0.0,2024-09-23,2026-09-22,AUD,CPU.AX,YFINANCE_FREE_REUSED_MARKET_EVIDENCE_522
WSSEC:WS:XASX:CSL,WS:XASX:CSL,READY,,507,507,0,0,0,0.0,2024-09-23,2026-09-22,AUD,CSL.AX,YFINANCE_FREE_REUSED_MARKET_EVIDENCE_522
WSSEC:WS:XASX:CWY,WS:XASX:CWY,READY,,507,507,0,0,0,0.0,2024-09-23,2026-09-22,AUD,CWY.AX,YFINANCE_FREE_REUSED_MARKET_EVIDENCE_522
WSSEC:WS:XASX:EVN,WS:XASX:EVN,READY,,507,507,0,0,0,0.0,2024-09-23,2026-09-22,AUD,EVN.AX,YFINANCE_FREE_REUSED_MARKET_EVIDENCE_522
WSSEC:WS:XASX:FMG,WS:XASX:FMG,READY,,507,507,0,0,0,0.0,2024-09-23,2026-09-22,AUD,FMG.AX,YFINANCE_FREE_REUSED_MARKET_EVIDENCE_522
WSSEC:WS:XASX:GMD,WS:XASX:GMD,READY,,507,507,0,0,0,0.0,2024-09-23,2026-09-22,AUD,GMD.AX,YFINANCE_FREE_REUSED_MARKET_EVIDENCE_522
WSSEC:WS:XASX:IAG,WS:XASX:IAG,READY,,507,507,0,0,0,0.0,2024-09-23,2026-09-22,AUD,IAG.AX,YFINANCE_FREE_REUSED_MARKET_EVIDENCE_522
WSSEC:WS:XASX:IGO,WS:XASX:IGO,READY,,507,507,0,0,0,0.0,2024-09-23,2026-09-22,AUD,IGO.AX,YFINANCE_FREE_REUSED_MARKET_EVIDENCE_522
WSSEC:WS:XASX:JBH,WS:XASX:JBH,READY,,507,507,0,0,0,0.0,2024-09-23,2026-09-22,AUD,JBH.AX,YFINANCE_FREE_REUSED_MARKET_EVIDENCE_522
WSSEC:WS:XASX:LTR,WS:XASX:LTR,READY,,507,507,0,0,0,0.0019723865877712033,2024-09-23,2026-09-22,AUD,LTR.AX,YFINANCE_FREE_REUSED_MARKET_EVIDENCE_522
WSSEC:WS:XASX:LYC,WS:XASX:LYC,READY,,507,507,0,0,0,0.0019723865877712033,2024-09-23,2026-09-22,AUD,LYC.AX,YFINANCE_FREE_REUSED_MARKET_EVIDENCE_522
WSSEC:WS:XASX:MIN,WS:XASX:MIN,READY,,507,507,0,0,0,0.0,2024-09-23,2026-09-22,AUD,MIN.AX,YFINANCE_FREE_REUSED_MARKET_EVIDENCE_522
WSSEC:WS:XASX:MP1,WS:XASX:MP1,READY,,507,507,0,0,0,0.007889546351084813,2024-09-23,2026-09-22,AUD,MP1.AX,YFINANCE_FREE_REUSED_MARKET_EVIDENCE_522
WSSEC:WS:XASX:MPL,WS:XASX:MPL,READY,,507,507,0,0,0,0.0,2024-09-23,2026-09-22,AUD,MPL.AX,YFINANCE_FREE_REUSED_MARKET_EVIDENCE_522
WSSEC:WS:XASX:MQG,WS:XASX:MQG,READY,,507,507,0,0,0,0.0,2024-09-23,2026-09-22,AUD,MQG.AX,YFINANCE_FREE_REUSED_MARKET_EVIDENCE_522
WSSEC:WS:XASX:NAB,WS:XASX:NAB,READY,,507,507,0,0,0,0.0,2024-09-23,2026-09-22,AUD,NAB.AX,YFINANCE_FREE_REUSED_MARKET_EVIDENCE_522
WSSEC:WS:XASX:NST,WS:XASX:NST,READY,,507,507,0,0,0,0.0,2024-09-23,2026-09-22,AUD,NST.AX,YFINANCE_FREE_REUSED_MARKET_EVIDENCE_522
WSSEC:WS:XASX:NXT,WS:XASX:NXT,QUARANTINE,STRICT_OHLC_RELATION_FAIL,507,506,1,0,0,0.003952569169960474,2024-09-23,2026-09-22,AUD,NXT.AX,YFINANCE_FREE_REUSED_MARKET_EVIDENCE_522
WSSEC:WS:XASX:ORG,WS:XASX:ORG,READY,,507,507,0,0,0,0.0,2024-09-23,2026-09-22,AUD,ORG.AX,YFINANCE_FREE_REUSED_MARKET_EVIDENCE_522
WSSEC:WS:XASX:ORI,WS:XASX:ORI,READY,,507,507,0,0,0,0.0,2024-09-23,2026-09-22,AUD,ORI.AX,YFINANCE_FREE_REUSED_MARKET_EVIDENCE_522
WSSEC:WS:XASX:PDN,WS:XASX:PDN,READY,,507,507,0,0,0,0.0019723865877712033,2024-09-23,2026-09-22,AUD,PDN.AX,YFINANCE_FREE_REUSED_MARKET_EVIDENCE_522
WSSEC:WS:XASX:PLS,WS:XASX:PLS,READY,,507,507,0,0,0,0.0,2024-09-23,2026-09-22,AUD,PLS.AX,YFINANCE_FREE_REUSED_MARKET_EVIDENCE_522
WSSEC:WS:XASX:PME,WS:XASX:PME,QUARANTINE,STRICT_OHLC_RELATION_FAIL,507,506,1,0,0,0.0,2024-09-23,2026-09-22,AUD,PME.AX,YFINANCE_FREE_REUSED_MARKET_EVIDENCE_522
WSSEC:WS:XASX:PRU,WS:XASX:PRU,READY,,507,507,0,0,0,0.0,2024-09-23,2026-09-22,AUD,PRU.AX,YFINANCE_FREE_REUSED_MARKET_EVIDENCE_522
WSSEC:WS:XASX:QAN,WS:XASX:QAN,QUARANTINE,STRICT_OHLC_RELATION_FAIL,507,506,1,0,0,0.0,2024-09-23,2026-09-22,AUD,QAN.AX,YFINANCE_FREE_REUSED_MARKET_EVIDENCE_522
WSSEC:WS:XASX:QBE,WS:XASX:QBE,READY,,507,507,0,0,0,0.0,2024-09-23,2026-09-22,AUD,QBE.AX,YFINANCE_FREE_REUSED_MARKET_EVIDENCE_522
WSSEC:WS:XASX:REA,WS:XASX:REA,READY,,507,507,0,0,0,0.0,2024-09-23,2026-09-22,AUD,REA.AX,YFINANCE_FREE_REUSED_MARKET_EVIDENCE_522
WSSEC:WS:XASX:RHC,WS:XASX:RHC,READY,,507,507,0,0,0,0.0,2024-09-23,2026-09-22,AUD,RHC.AX,YFINANCE_FREE_REUSED_MARKET_EVIDENCE_522
WSSEC:WS:XASX:RIO,WS:XASX:RIO,READY,,507,507,0,0,0,0.0,2024-09-23,2026-09-22,AUD,RIO.AX,YFINANCE_FREE_REUSED_MARKET_EVIDENCE_522
WSSEC:WS:XASX:RMS,WS:XASX:RMS,READY,,507,507,0,0,0,0.0,2024-09-23,2026-09-22,AUD,RMS.AX,YFINANCE_FREE_REUSED_MARKET_EVIDENCE_522
WSSEC:WS:XASX:RRL,WS:XASX:RRL,READY,,507,507,0,0,0,0.0,2024-09-23,2026-09-22,AUD,RRL.AX,YFINANCE_FREE_REUSED_MARKET_EVIDENCE_522
WSSEC:WS:XASX:S32,WS:XASX:S32,READY,,507,507,0,0,0,0.0,2024-09-23,2026-09-22,AUD,S32.AX,YFINANCE_FREE_REUSED_MARKET_EVIDENCE_522
WSSEC:WS:XASX:SDF,WS:XASX:SDF,QUARANTINE,STRICT_OHLC_RELATION_FAIL,507,506,1,0,0,0.001976284584980237,2024-09-23,2026-09-22,AUD,SDF.AX,YFINANCE_FREE_REUSED_MARKET_EVIDENCE_522
WSSEC:WS:XASX:SFR,WS:XASX:SFR,READY,,507,507,0,0,0,0.0,2024-09-23,2026-09-22,AUD,SFR.AX,YFINANCE_FREE_REUSED_MARKET_EVIDENCE_522
WSSEC:WS:XASX:SHL,WS:XASX:SHL,READY,,507,507,0,0,0,0.0,2024-09-23,2026-09-22,AUD,SHL.AX,YFINANCE_FREE_REUSED_MARKET_EVIDENCE_522
WSSEC:WS:XASX:SIG,WS:XASX:SIG,READY,,507,507,0,0,0,0.0019723865877712033,2024-09-23,2026-09-22,AUD,SIG.AX,YFINANCE_FREE_REUSED_MARKET_EVIDENCE_522
WSSEC:WS:XASX:STO,WS:XASX:STO,READY,,507,507,0,0,0,0.0,2024-09-23,2026-09-22,AUD,STO.AX,YFINANCE_FREE_REUSED_MARKET_EVIDENCE_522
WSSEC:WS:XASX:SUN,WS:XASX:SUN,READY,,507,507,0,0,0,0.0019723865877712033,2024-09-23,2026-09-22,AUD,SUN.AX,YFINANCE_FREE_REUSED_MARKET_EVIDENCE_522
WSSEC:WS:XASX:TLC,WS:XASX:TLC,READY,,507,507,0,0,0,0.0,2024-09-23,2026-09-22,AUD,TLC.AX,YFINANCE_FREE_REUSED_MARKET_EVIDENCE_522
WSSEC:WS:XASX:TLS,WS:XASX:TLS,READY,,507,507,0,0,0,0.0,2024-09-23,2026-09-22,AUD,TLS.AX,YFINANCE_FREE_REUSED_MARKET_EVIDENCE_522
WSSEC:WS:XASX:TLX,WS:XASX:TLX,READY,,507,507,0,0,0,0.0,2024-09-23,2026-09-22,AUD,TLX.AX,YFINANCE_FREE_REUSED_MARKET_EVIDENCE_522
WSSEC:WS:XASX:WBC,WS:XASX:WBC,READY,,507,507,0,0,0,0.0,2024-09-23,2026-09-22,AUD,WBC.AX,YFINANCE_FREE_REUSED_MARKET_EVIDENCE_522
WSSEC:WS:XASX:WDS,WS:XASX:WDS,READY,,507,507,0,0,0,0.0,2024-09-23,2026-09-22,AUD,WDS.AX,YFINANCE_FREE_REUSED_MARKET_EVIDENCE_522
WSSEC:WS:XASX:WES,WS:XASX:WES,READY,,507,507,0,0,0,0.0,2024-09-23,2026-09-22,AUD,WES.AX,YFINANCE_FREE_REUSED_MARKET_EVIDENCE_522
WSSEC:WS:XASX:WGX,WS:XASX:WGX,READY,,507,507,0,0,0,0.0,2024-09-23,2026-09-22,AUD,WGX.AX,YFINANCE_FREE_REUSED_MARKET_EVIDENCE_522
WSSEC:WS:XASX:WHC,WS:XASX:WHC,READY,,507,507,0,0,0,0.0,2024-09-23,2026-09-22,AUD,WHC.AX,YFINANCE_FREE_REUSED_MARKET_EVIDENCE_522
WSSEC:WS:XASX:WOW,WS:XASX:WOW,READY,,507,507,0,0,0,0.0,2024-09-23,2026-09-22,AUD,WOW.AX,YFINANCE_FREE_REUSED_MARKET_EVIDENCE_522
WSSEC:WS:XASX:WTC,WS:XASX:WTC,READY,,507,507,0,0,0,0.0039447731755424065,2024-09-23,2026-09-22,AUD,WTC.AX,YFINANCE_FREE_REUSED_MARKET_EVIDENCE_522
WSSEC:WS:XASX:ZIP,WS:XASX:ZIP,READY,,507,507,0,0,0,0.0,2024-09-23,2026-09-22,AUD,ZIP.AX,YFINANCE_FREE_REUSED_MARKET_EVIDENCE_522
WSSEC:WS:XNAS:AAL,WS:XNAS:AAL,READY,,500,500,0,0,0,0.0,2024-09-23,2026-09-21,USD,AAL,YFINANCE_FREE_REUSED_MARKET_EVIDENCE_522
WSSEC:WS:XNAS:AAON,WS:XNAS:AAON,READY,,500,500,0,0,0,0.0,2024-09-23,2026-09-21,USD,AAON,YFINANCE_FREE_REUSED_MARKET_EVIDENCE_522
WSSEC:WS:XNAS:AAPL,WS:XNAS:AAPL,READY,,508,508,0,0,0,0.0,2024-09-16,2026-09-24,USD,AAPL,YFINANCE_FREE_REFRESH_V0_45
WSSEC:WS:XNAS:ABNB,WS:XNAS:ABNB,READY,,508,508,0,0,0,0.0,2024-09-16,2026-09-24,USD,ABNB,YFINANCE_FREE_REFRESH_V0_45
WSSEC:WS:XNAS:ADBE,WS:XNAS:ADBE,READY,,508,508,0,0,0,0.0,2024-09-16,2026-09-24,USD,ADBE,YFINANCE_FREE_REFRESH_V0_45
WSSEC:WS:XNAS:ADI,WS:XNAS:ADI,READY,,508,508,0,0,0,0.0,2024-09-16,2026-09-24,USD,ADI,YFINANCE_FREE_REFRESH_V0_45
WSSEC:WS:XNAS:ADP,WS:XNAS:ADP,READY,,508,508,0,0,0,0.0,2024-09-16,2026-09-24,USD,ADP,YFINANCE_FREE_REFRESH_V0_45
WSSEC:WS:XNAS:ADSK,WS:XNAS:ADSK,READY,,508,508,0,0,0,0.0,2024-09-16,2026-09-24,USD,ADSK,YFINANCE_FREE_REFRESH_V0_45
WSSEC:WS:XNAS:AEIS,WS:XNAS:AEIS,READY,,500,500,0,0,0,0.0,2024-09-23,2026-09-21,USD,AEIS,YFINANCE_FREE_REUSED_MARKET_EVIDENCE_522
WSSEC:WS:XNAS:AKAM,WS:XNAS:AKAM,READY,,508,508,0,0,0,0.0,2024-09-16,2026-09-24,USD,AKAM,YFINANCE_FREE_REFRESH_V0_45
WSSEC:WS:XNAS:ALGM,WS:XNAS:ALGM,READY,,500,500,0,0,0,0.0,2024-09-23,2026-09-21,USD,ALGM,YFINANCE_FREE_REUSED_MARKET_EVIDENCE_522
WSSEC:WS:XNAS:ALGN,WS:XNAS:ALGN,READY,,508,508,0,0,0,0.0,2024-09-16,2026-09-24,USD,ALGN,YFINANCE_FREE_REFRESH_V0_45
WSSEC:WS:XNAS:AMAT,WS:XNAS:AMAT,READY,,508,508,0,0,0,0.0,2024-09-16,2026-09-24,USD,AMAT,YFINANCE_FREE_REFRESH_V0_45
WSSEC:WS:XNAS:AMGN,WS:XNAS:AMGN,READY,,508,508,0,0,0,0.0,2024-09-16,2026-09-24,USD,AMGN,YFINANCE_FREE_REFRESH_V0_45
WSSEC:WS:XNAS:AMKR,WS:XNAS:AMKR,READY,,500,500,0,0,0,0.0,2024-09-23,2026-09-21,USD,AMKR,YFINANCE_FREE_REUSED_MARKET_EVIDENCE_522
WSSEC:WS:XNAS:AMZN,WS:XNAS:AMZN,READY,,508,508,0,0,0,0.0,2024-09-16,2026-09-24,USD,AMZN,YFINANCE_FREE_REFRESH_V0_45
WSSEC:WS:XNAS:APP,WS:XNAS:APP,READY,,508,508,0,0,0,0.0,2024-09-16,2026-09-24,USD,APP,YFINANCE_FREE_REFRESH_V0_45
WSSEC:WS:XNAS:APPF,WS:XNAS:APPF,READY,,500,500,0,0,0,0.0,2024-09-23,2026-09-21,USD,APPF,YFINANCE_FREE_REUSED_MARKET_EVIDENCE_522
WSSEC:WS:XNAS:ARWR,WS:XNAS:ARWR,READY,,500,500,0,0,0,0.0,2024-09-23,2026-09-21,USD,ARWR,YFINANCE_FREE_REUSED_MARKET_EVIDENCE_522
WSSEC:WS:XNAS:AVAV,WS:XNAS:AVAV,READY,,500,500,0,0,0,0.0,2024-09-23,2026-09-21,USD,AVAV,YFINANCE_FREE_REUSED_MARKET_EVIDENCE_522
WSSEC:WS:XNAS:AVGO,WS:XNAS:AVGO,READY,,508,508,0,0,0,0.0,2024-09-16,2026-09-24,USD,AVGO,YFINANCE_FREE_REFRESH_V0_45
WSSEC:WS:XNAS:AVT,WS:XNAS:AVT,READY,,500,500,0,0,0,0.0,2024-09-23,2026-09-21,USD,AVT,YFINANCE_FREE_REUSED_MARKET_EVIDENCE_522
WSSEC:WS:XNAS:BHF,WS:XNAS:BHF,READY,,500,500,0,0,0,0.0,2024-09-23,2026-09-21,USD,BHF,YFINANCE_FREE_REUSED_MARKET_EVIDENCE_522
WSSEC:WS:XNAS:BIIB,WS:XNAS:BIIB,READY,,508,508,0,0,0,0.0,2024-09-16,2026-09-24,USD,BIIB,YFINANCE_FREE_REFRESH_V0_45
WSSEC:WS:XNAS:BKNG,WS:XNAS:BKNG,READY,,508,508,0,0,0,0.0,2024-09-16,2026-09-24,USD,BKNG,YFINANCE_FREE_REFRESH_V0_45
WSSEC:WS:XNAS:BMRN,WS:XNAS:BMRN,READY,,500,500,0,0,0,0.0,2024-09-23,2026-09-21,USD,BMRN,YFINANCE_FREE_REUSED_MARKET_EVIDENCE_522
WSSEC:WS:XNAS:BRKR,WS:XNAS:BRKR,READY,,500,500,0,0,0,0.0,2024-09-23,2026-09-21,USD,BRKR,YFINANCE_FREE_REUSED_MARKET_EVIDENCE_522
WSSEC:WS:XNAS:BSY,WS:XNAS:BSY,READY,,500,500,0,0,0,0.0,2024-09-23,2026-09-21,USD,BSY,YFINANCE_FREE_REUSED_MARKET_EVIDENCE_522
WSSEC:WS:XNAS:BTSG,WS:XNAS:BTSG,READY,,500,500,0,0,0,0.0,2024-09-23,2026-09-21,USD,BTSG,YFINANCE_FREE_REUSED_MARKET_EVIDENCE_522
WSSEC:WS:XNAS:CAR,WS:XNAS:CAR,READY,,500,500,0,0,0,0.0,2024-09-23,2026-09-21,USD,CAR,YFINANCE_FREE_REUSED_MARKET_EVIDENCE_522
WSSEC:WS:XNAS:CART,WS:XNAS:CART,READY,,500,500,0,0,0,0.0,2024-09-23,2026-09-21,USD,CART,YFINANCE_FREE_REUSED_MARKET_EVIDENCE_522
WSSEC:WS:XNAS:CASY,WS:XNAS:CASY,READY,,508,508,0,0,0,0.0,2024-09-16,2026-09-24,USD,CASY,YFINANCE_FREE_REFRESH_V0_45
WSSEC:WS:XNAS:CBOE,WS:XNAS:CBOE,READY,,508,508,0,0,0,0.0,2024-09-16,2026-09-24,USD,CBOE,YFINANCE_FREE_REFRESH_V0_45
WSSEC:WS:XNAS:CBSH,WS:XNAS:CBSH,READY,,500,500,0,0,0,0.0,2024-09-23,2026-09-21,USD,CBSH,YFINANCE_FREE_REUSED_MARKET_EVIDENCE_522
WSSEC:WS:XNAS:CDNS,WS:XNAS:CDNS,READY,,508,508,0,0,0,0.0,2024-09-16,2026-09-24,USD,CDNS,YFINANCE_FREE_REFRESH_V0_45
WSSEC:WS:XNAS:CDW,WS:XNAS:CDW,READY,,508,508,0,0,0,0.0,2024-09-16,2026-09-24,USD,CDW,YFINANCE_FREE_REFRESH_V0_45
WSSEC:WS:XNAS:CELH,WS:XNAS:CELH,READY,,500,500,0,0,0,0.0,2024-09-23,2026-09-21,USD,CELH,YFINANCE_FREE_REUSED_MARKET_EVIDENCE_522
WSSEC:WS:XNAS:CG,WS:XNAS:CG,READY,,500,500,0,0,0,0.0,2024-09-23,2026-09-21,USD,CG,YFINANCE_FREE_REUSED_MARKET_EVIDENCE_522
WSSEC:WS:XNAS:CGNX,WS:XNAS:CGNX,READY,,500,500,0,0,0,0.0,2024-09-23,2026-09-21,USD,CGNX,YFINANCE_FREE_REUSED_MARKET_EVIDENCE_522
WSSEC:WS:XNAS:CHDN,WS:XNAS:CHDN,READY,,500,500,0,0,0,0.0,2024-09-23,2026-09-21,USD,CHDN,YFINANCE_FREE_REUSED_MARKET_EVIDENCE_522
WSSEC:WS:XNAS:CHRD,WS:XNAS:CHRD,READY,,500,500,0,0,0,0.0,2024-09-23,2026-09-21,USD,CHRD,YFINANCE_FREE_REUSED_MARKET_EVIDENCE_522
WSSEC:WS:XNAS:CHRW,WS:XNAS:CHRW,READY,,508,508,0,0,0,0.0,2024-09-16,2026-09-24,USD,CHRW,YFINANCE_FREE_REFRESH_V0_45
WSSEC:WS:XNAS:CINF,WS:XNAS:CINF,READY,,508,508,0,0,0,0.0,2024-09-16,2026-09-24,USD,CINF,YFINANCE_FREE_REFRESH_V0_45
WSSEC:WS:XNAS:CME,WS:XNAS:CME,READY,,508,508,0,0,0,0.0,2024-09-16,2026-09-24,USD,CME,YFINANCE_FREE_REFRESH_V0_45
WSSEC:WS:XNAS:COIN,WS:XNAS:COIN,READY,,508,508,0,0,0,0.0,2024-09-16,2026-09-24,USD,COIN,YFINANCE_FREE_REFRESH_V0_45
WSSEC:WS:XNAS:COKE,WS:XNAS:COKE,READY,,500,500,0,0,0,0.0,2024-09-23,2026-09-21,USD,COKE,YFINANCE_FREE_REUSED_MARKET_EVIDENCE_522
WSSEC:WS:XNAS:COLB,WS:XNAS:COLB,READY,,500,500,0,0,0,0.0,2024-09-23,2026-09-21,USD,COLB,YFINANCE_FREE_REUSED_MARKET_EVIDENCE_522
WSSEC:WS:XNAS:COLM,WS:XNAS:COLM,READY,,500,500,0,0,0,0.0,2024-09-23,2026-09-21,USD,COLM,YFINANCE_FREE_REUSED_MARKET_EVIDENCE_522
WSSEC:WS:XNAS:COST,WS:XNAS:COST,READY,,508,508,0,0,0,0.0,2024-09-16,2026-09-24,USD,COST,YFINANCE_FREE_REFRESH_V0_45
WSSEC:WS:XNAS:CPRT,WS:XNAS:CPRT,READY,,508,508,0,0,0,0.0,2024-09-16,2026-09-24,USD,CPRT,YFINANCE_FREE_REFRESH_V0_45
WSSEC:WS:XNAS:CROX,WS:XNAS:CROX,READY,,500,500,0,0,0,0.0,2024-09-23,2026-09-21,USD,CROX,YFINANCE_FREE_REUSED_MARKET_EVIDENCE_522
WSSEC:WS:XNAS:CRUS,WS:XNAS:CRUS,READY,,500,500,0,0,0,0.0,2024-09-23,2026-09-21,USD,CRUS,YFINANCE_FREE_REUSED_MARKET_EVIDENCE_522
WSSEC:WS:XNAS:CRWD,WS:XNAS:CRWD,READY,,508,508,0,0,0,0.0,2024-09-16,2026-09-24,USD,CRWD,YFINANCE_FREE_REFRESH_V0_45
WSSEC:WS:XNAS:CSCO,WS:XNAS:CSCO,READY,,508,508,0,0,0,0.0,2024-09-16,2026-09-24,USD,CSCO,YFINANCE_FREE_REFRESH_V0_45
WSSEC:WS:XNAS:CTAS,WS:XNAS:CTAS,READY,,508,508,0,0,0,0.0,2024-09-16,2026-09-24,USD,CTAS,YFINANCE_FREE_REFRESH_V0_45
WSSEC:WS:XNAS:CTSH,WS:XNAS:CTSH,READY,,508,508,0,0,0,0.0,2024-09-16,2026-09-24,USD,CTSH,YFINANCE_FREE_REFRESH_V0_45
WSSEC:WS:XNAS:CVLT,WS:XNAS:CVLT,READY,,500,500,0,0,0,0.0,2024-09-23,2026-09-21,USD,CVLT,YFINANCE_FREE_REUSED_MARKET_EVIDENCE_522
WSSEC:WS:XNAS:CYTK,WS:XNAS:CYTK,READY,,500,500,0,0,0,0.0,2024-09-23,2026-09-21,USD,CYTK,YFINANCE_FREE_REUSED_MARKET_EVIDENCE_522
WSSEC:WS:XNAS:DBX,WS:XNAS:DBX,READY,,500,500,0,0,0,0.0,2024-09-23,2026-09-21,USD,DBX,YFINANCE_FREE_REUSED_MARKET_EVIDENCE_522
WSSEC:WS:XNAS:DDOG,WS:XNAS:DDOG,READY,,508,508,0,0,0,0.0,2024-09-16,2026-09-24,USD,DDOG,YFINANCE_FREE_REFRESH_V0_45
WSSEC:WS:XNAS:DLTR,WS:XNAS:DLTR,READY,,508,508,0,0,0,0.0,2024-09-16,2026-09-24,USD,DLTR,YFINANCE_FREE_REFRESH_V0_45
WSSEC:WS:XNAS:DOCU,WS:XNAS:DOCU,READY,,500,500,0,0,0,0.0,2024-09-23,2026-09-21,USD,DOCU,YFINANCE_FREE_REUSED_MARKET_EVIDENCE_522
WSSEC:WS:XNAS:DUOL,WS:XNAS:DUOL,READY,,500,500,0,0,0,0.0,2024-09-23,2026-09-21,USD,DUOL,YFINANCE_FREE_REUSED_MARKET_EVIDENCE_522
WSSEC:WS:XNAS:DXCM,WS:XNAS:DXCM,READY,,508,508,0,0,0,0.0,2024-09-16,2026-09-24,USD,DXCM,YFINANCE_FREE_REFRESH_V0_45
WSSEC:WS:XNAS:EBAY,WS:XNAS:EBAY,READY,,508,508,0,0,0,0.0,2024-09-16,2026-09-24,USD,EBAY,YFINANCE_FREE_REFRESH_V0_45
WSSEC:WS:XNAS:ECHO,WS:XNAS:ECHO,QUARANTINE,SUSPICIOUS_RETURN_NEEDS_REPAIR,508,508,0,1,0,0.0,2024-09-16,2026-09-24,USD,ECHO,YFINANCE_FREE_REFRESH_V0_45
WSSEC:WS:XNAS:EEFT,WS:XNAS:EEFT,READY,,500,500,0,0,0,0.0,2024-09-23,2026-09-21,USD,EEFT,YFINANCE_FREE_REUSED_MARKET_EVIDENCE_522
WSSEC:WS:XNAS:ENSG,WS:XNAS:ENSG,READY,,500,500,0,0,0,0.0,2024-09-23,2026-09-21,USD,ENSG,YFINANCE_FREE_REUSED_MARKET_EVIDENCE_522
WSSEC:WS:XNAS:ENTG,WS:XNAS:ENTG,READY,,500,500,0,0,0,0.0,2024-09-23,2026-09-21,USD,ENTG,YFINANCE_FREE_REUSED_MARKET_EVIDENCE_522
WSSEC:WS:XNAS:EWBC,WS:XNAS:EWBC,READY,,500,500,0,0,0,0.0,2024-09-23,2026-09-21,USD,EWBC,YFINANCE_FREE_REUSED_MARKET_EVIDENCE_522
WSSEC:WS:XNAS:EXEL,WS:XNAS:EXEL,READY,,500,500,0,0,0,0.0,2024-09-23,2026-09-21,USD,EXEL,YFINANCE_FREE_REUSED_MARKET_EVIDENCE_522
WSSEC:WS:XNAS:EXLS,WS:XNAS:EXLS,READY,,500,500,0,0,0,0.0,2024-09-23,2026-09-21,USD,EXLS,YFINANCE_FREE_REUSED_MARKET_EVIDENCE_522
WSSEC:WS:XNAS:EXPD,WS:XNAS:EXPD,READY,,508,508,0,0,0,0.0,2024-09-16,2026-09-24,USD,EXPD,YFINANCE_FREE_REFRESH_V0_45
WSSEC:WS:XNAS:EXPE,WS:XNAS:EXPE,READY,,508,508,0,0,0,0.0,2024-09-16,2026-09-24,USD,EXPE,YFINANCE_FREE_REFRESH_V0_45
WSSEC:WS:XNAS:EXPO,WS:XNAS:EXPO,READY,,500,500,0,0,0,0.0,2024-09-23,2026-09-21,USD,EXPO,YFINANCE_FREE_REUSED_MARKET_EVIDENCE_522
WSSEC:WS:XNAS:FANG,WS:XNAS:FANG,READY,,508,508,0,0,0,0.0,2024-09-16,2026-09-24,USD,FANG,YFINANCE_FREE_REFRESH_V0_45
WSSEC:WS:XNAS:FAST,WS:XNAS:FAST,READY,,508,508,0,0,0,0.0,2024-09-16,2026-09-24,USD,FAST,YFINANCE_FREE_REFRESH_V0_45
WSSEC:WS:XNAS:FCFS,WS:XNAS:FCFS,READY,,500,500,0,0,0,0.0,2024-09-23,2026-09-21,USD,FCFS,YFINANCE_FREE_REUSED_MARKET_EVIDENCE_522
WSSEC:WS:XNAS:FFIN,WS:XNAS:FFIN,READY,,500,500,0,0,0,0.0,2024-09-23,2026-09-21,USD,FFIN,YFINANCE_FREE_REUSED_MARKET_EVIDENCE_522
WSSEC:WS:XNAS:FFIV,WS:XNAS:FFIV,READY,,508,508,0,0,0,0.0,2024-09-16,2026-09-24,USD,FFIV,YFINANCE_FREE_REFRESH_V0_45
WSSEC:WS:XNAS:FISV,WS:XNAS:FISV,READY,,507,507,0,0,0,0.0,2024-09-16,2026-09-24,USD,FISV,YFINANCE_FREE_REFRESH_V0_45
WSSEC:WS:XNAS:FIVE,WS:XNAS:FIVE,READY,,500,500,0,0,0,0.0,2024-09-23,2026-09-21,USD,FIVE,YFINANCE_FREE_REUSED_MARKET_EVIDENCE_522
WSSEC:WS:XNAS:FSLR,WS:XNAS:FSLR,READY,,508,508,0,0,0,0.0,2024-09-16,2026-09-24,USD,FSLR,YFINANCE_FREE_REFRESH_V0_45
WSSEC:WS:XNAS:FTNT,WS:XNAS:FTNT,READY,,508,508,0,0,0,0.0,2024-09-16,2026-09-24,USD,FTNT,YFINANCE_FREE_REFRESH_V0_45
WSSEC:WS:XNAS:GEHC,WS:XNAS:GEHC,READY,,508,508,0,0,0,0.0,2024-09-16,2026-09-24,USD,GEHC,YFINANCE_FREE_REFRESH_V0_45
WSSEC:WS:XNAS:GILD,WS:XNAS:GILD,READY,,508,508,0,0,0,0.0,2024-09-16,2026-09-24,USD,GILD,YFINANCE_FREE_REFRESH_V0_45
WSSEC:WS:XNAS:GNTX,WS:XNAS:GNTX,READY,,500,500,0,0,0,0.0,2024-09-23,2026-09-21,USD,GNTX,YFINANCE_FREE_REUSED_MARKET_EVIDENCE_522
WSSEC:WS:XNAS:HALO,WS:XNAS:HALO,READY,,500,500,0,0,0,0.0,2024-09-23,2026-09-21,USD,HALO,YFINANCE_FREE_REUSED_MARKET_EVIDENCE_522
WSSEC:WS:XNAS:HAS,WS:XNAS:HAS,READY,,508,508,0,0,0,0.0,2024-09-16,2026-09-24,USD,HAS,YFINANCE_FREE_REFRESH_V0_45
WSSEC:WS:XNAS:HLNE,WS:XNAS:HLNE,READY,,500,500,0,0,0,0.0,2024-09-23,2026-09-21,USD,HLNE,YFINANCE_FREE_REUSED_MARKET_EVIDENCE_522
WSSEC:WS:XNAS:HOOD,WS:XNAS:HOOD,READY,,508,508,0,0,0,0.0,2024-09-16,2026-09-24,USD,HOOD,YFINANCE_FREE_REFRESH_V0_45
WSSEC:WS:XNAS:HQY,WS:XNAS:HQY,READY,,500,500,0,0,0,0.0,2024-09-23,2026-09-21,USD,HQY,YFINANCE_FREE_REUSED_MARKET_EVIDENCE_522
WSSEC:WS:XNAS:HSIC,WS:XNAS:HSIC,READY,,508,508,0,0,0,0.0,2024-09-16,2026-09-24,USD,HSIC,YFINANCE_FREE_REFRESH_V0_45
WSSEC:WS:XNAS:HWC,WS:XNAS:HWC,READY,,500,500,0,0,0,0.0,2024-09-23,2026-09-21,USD,HWC,YFINANCE_FREE_REUSED_MARKET_EVIDENCE_522
WSSEC:WS:XNAS:IBKR,WS:XNAS:IBKR,READY,,508,508,0,0,0,0.0,2024-09-16,2026-09-24,USD,IBKR,YFINANCE_FREE_REFRESH_V0_45
WSSEC:WS:XNAS:IBOC,WS:XNAS:IBOC,READY,,500,500,0,0,0,0.0,2024-09-23,2026-09-21,USD,IBOC,YFINANCE_FREE_REUSED_MARKET_EVIDENCE_522
WSSEC:WS:XNAS:IDCC,WS:XNAS:IDCC,READY,,500,500,0,0,0,0.0,2024-09-23,2026-09-21,USD,IDCC,YFINANCE_FREE_REUSED_MARKET_EVIDENCE_522
WSSEC:WS:XNAS:IDXX,WS:XNAS:IDXX,READY,,508,508,0,0,0,0.0,2024-09-16,2026-09-24,USD,IDXX,YFINANCE_FREE_REFRESH_V0_45
WSSEC:WS:XNAS:IESC,WS:XNAS:IESC,READY,,500,500,0,0,0,0.0,2024-09-23,2026-09-21,USD,IESC,YFINANCE_FREE_REUSED_MARKET_EVIDENCE_522
WSSEC:WS:XNAS:ILMN,WS:XNAS:ILMN,READY,,500,500,0,0,0,0.0,2024-09-23,2026-09-21,USD,ILMN,YFINANCE_FREE_REUSED_MARKET_EVIDENCE_522
WSSEC:WS:XNAS:INCY,WS:XNAS:INCY,READY,,508,508,0,0,0,0.0,2024-09-16,2026-09-24,USD,INCY,YFINANCE_FREE_REFRESH_V0_45
WSSEC:WS:XNAS:INTC,WS:XNAS:INTC,READY,,508,508,0,0,0,0.0,2024-09-16,2026-09-24,USD,INTC,YFINANCE_FREE_REFRESH_V0_45
WSSEC:WS:XNAS:INTU,WS:XNAS:INTU,READY,,508,508,0,0,0,0.0,2024-09-16,2026-09-24,USD,INTU,YFINANCE_FREE_REFRESH_V0_45
WSSEC:WS:XNAS:IPGP,WS:XNAS:IPGP,READY,,500,500,0,0,0,0.0,2024-09-23,2026-09-21,USD,IPGP,YFINANCE_FREE_REUSED_MARKET_EVIDENCE_522
WSSEC:WS:XNAS:ISRG,WS:XNAS:ISRG,READY,,508,508,0,0,0,0.0,2024-09-16,2026-09-24,USD,ISRG,YFINANCE_FREE_REFRESH_V0_45
WSSEC:WS:XNAS:JAZZ,WS:XNAS:JAZZ,READY,,500,500,0,0,0,0.0,2024-09-23,2026-09-21,USD,JAZZ,YFINANCE_FREE_REUSED_MARKET_EVIDENCE_522
WSSEC:WS:XNAS:JBHT,WS:XNAS:JBHT,READY,,508,508,0,0,0,0.0,2024-09-16,2026-09-24,USD,JBHT,YFINANCE_FREE_REFRESH_V0_45
WSSEC:WS:XNAS:JKHY,WS:XNAS:JKHY,READY,,508,508,0,0,0,0.0,2024-09-16,2026-09-24,USD,JKHY,YFINANCE_FREE_REFRESH_V0_45
WSSEC:WS:XNAS:KHC,WS:XNAS:KHC,READY,,508,508,0,0,0,0.0,2024-09-16,2026-09-24,USD,KHC,YFINANCE_FREE_REFRESH_V0_45
WSSEC:WS:XNAS:KLAC,WS:XNAS:KLAC,READY,,508,508,0,0,0,0.0,2024-09-16,2026-09-24,USD,KLAC,YFINANCE_FREE_REFRESH_V0_45
WSSEC:WS:XNAS:KRYS,WS:XNAS:KRYS,READY,,500,500,0,0,0,0.0,2024-09-23,2026-09-21,USD,KRYS,YFINANCE_FREE_REUSED_MARKET_EVIDENCE_522
WSSEC:WS:XNAS:KTOS,WS:XNAS:KTOS,READY,,500,500,0,0,0,0.0,2024-09-23,2026-09-21,USD,KTOS,YFINANCE_FREE_REUSED_MARKET_EVIDENCE_522
WSSEC:WS:XNAS:LECO,WS:XNAS:LECO,READY,,500,500,0,0,0,0.0,2024-09-23,2026-09-21,USD,LECO,YFINANCE_FREE_REUSED_MARKET_EVIDENCE_522
WSSEC:WS:XNAS:LFUS,WS:XNAS:LFUS,READY,,500,500,0,0,0,0.0,2024-09-23,2026-09-21,USD,LFUS,YFINANCE_FREE_REUSED_MARKET_EVIDENCE_522
WSSEC:WS:XNAS:LITE,WS:XNAS:LITE,READY,,508,508,0,0,0,0.0,2024-09-16,2026-09-24,USD,LITE,YFINANCE_FREE_REFRESH_V0_45
WSSEC:WS:XNAS:LIVN,WS:XNAS:LIVN,READY,,500,500,0,0,0,0.0,2024-09-23,2026-09-21,USD,LIVN,YFINANCE_FREE_REUSED_MARKET_EVIDENCE_522
WSSEC:WS:XNAS:LNT,WS:XNAS:LNT,READY,,508,508,0,0,0,0.0,2024-09-16,2026-09-24,USD,LNT,YFINANCE_FREE_REFRESH_V0_45
WSSEC:WS:XNAS:LNTH,WS:XNAS:LNTH,READY,,500,500,0,0,0,0.0,2024-09-23,2026-09-21,USD,LNTH,YFINANCE_FREE_REUSED_MARKET_EVIDENCE_522
WSSEC:WS:XNAS:LOPE,WS:XNAS:LOPE,READY,,500,500,0,0,0,0.0,2024-09-23,2026-09-21,USD,LOPE,YFINANCE_FREE_REUSED_MARKET_EVIDENCE_522
WSSEC:WS:XNAS:LSCC,WS:XNAS:LSCC,READY,,500,500,0,0,0,0.0,2024-09-23,2026-09-21,USD,LSCC,YFINANCE_FREE_REUSED_MARKET_EVIDENCE_522
WSSEC:WS:XNAS:LSTR,WS:XNAS:LSTR,READY,,500,500,0,0,0,0.0,2024-09-23,2026-09-21,USD,LSTR,YFINANCE_FREE_REUSED_MARKET_EVIDENCE_522
WSSEC:WS:XNAS:LULU,WS:XNAS:LULU,READY,,508,508,0,0,0,0.0,2024-09-16,2026-09-24,USD,LULU,YFINANCE_FREE_REFRESH_V0_45
WSSEC:WS:XNAS:MANH,WS:XNAS:MANH,READY,,500,500,0,0,0,0.0,2024-09-23,2026-09-21,USD,MANH,YFINANCE_FREE_REUSED_MARKET_EVIDENCE_522
WSSEC:WS:XNAS:MAR,WS:XNAS:MAR,READY,,508,508,0,0,0,0.0,2024-09-16,2026-09-24,USD,MAR,YFINANCE_FREE_REFRESH_V0_45
WSSEC:WS:XNAS:MAT,WS:XNAS:MAT,READY,,500,500,0,0,0,0.0,2024-09-23,2026-09-21,USD,MAT,YFINANCE_FREE_REUSED_MARKET_EVIDENCE_522
WSSEC:WS:XNAS:MCHP,WS:XNAS:MCHP,READY,,508,508,0,0,0,0.0,2024-09-16,2026-09-24,USD,MCHP,YFINANCE_FREE_REFRESH_V0_45
WSSEC:WS:XNAS:MDLZ,WS:XNAS:MDLZ,READY,,508,508,0,0,0,0.0,2024-09-16,2026-09-24,USD,MDLZ,YFINANCE_FREE_REFRESH_V0_45
WSSEC:WS:XNAS:MEDP,WS:XNAS:MEDP,READY,VALIDATED_522_RECONCILIATION,500,500,0,1,0,0.0,2024-09-23,2026-09-21,USD,MEDP,YFINANCE_FREE_REUSED_MARKET_EVIDENCE_522
WSSEC:WS:XNAS:META,WS:XNAS:META,READY,,508,508,0,0,0,0.0,2024-09-16,2026-09-24,USD,META,YFINANCE_FREE_REFRESH_V0_45
WSSEC:WS:XNAS:MIDD,WS:XNAS:MIDD,READY,,500,500,0,0,0,0.0,2024-09-23,2026-09-21,USD,MIDD,YFINANCE_FREE_REUSED_MARKET_EVIDENCE_522
WSSEC:WS:XNAS:MKSI,WS:XNAS:MKSI,READY,,500,500,0,0,0,0.0,2024-09-23,2026-09-21,USD,MKSI,YFINANCE_FREE_REUSED_MARKET_EVIDENCE_522
WSSEC:WS:XNAS:MORN,WS:XNAS:MORN,READY,,500,500,0,0,0,0.0,2024-09-23,2026-09-21,USD,MORN,YFINANCE_FREE_REUSED_MARKET_EVIDENCE_522
WSSEC:WS:XNAS:MPWR,WS:XNAS:MPWR,READY,,508,508,0,0,0,0.0,2024-09-16,2026-09-24,USD,MPWR,YFINANCE_FREE_REFRESH_V0_45
WSSEC:WS:XNAS:MRNA,WS:XNAS:MRNA,QUARANTINE,SUSPICIOUS_RETURN_NEEDS_REPAIR,508,508,0,1,0,0.0,2024-09-16,2026-09-24,USD,MRNA,YFINANCE_FREE_REFRESH_V0_45
WSSEC:WS:XNAS:MRVL,WS:XNAS:MRVL,READY,,508,508,0,0,0,0.0,2024-09-16,2026-09-24,USD,MRVL,YFINANCE_FREE_REFRESH_V0_45
WSSEC:WS:XNAS:MSFT,WS:XNAS:MSFT,READY,,508,508,0,0,0,0.0,2024-09-16,2026-09-24,USD,MSFT,YFINANCE_FREE_REFRESH_V0_45
WSSEC:WS:XNAS:MTSI,WS:XNAS:MTSI,READY,,500,500,0,0,0,0.0,2024-09-23,2026-09-21,USD,MTSI,YFINANCE_FREE_REUSED_MARKET_EVIDENCE_522
WSSEC:WS:XNAS:MU,WS:XNAS:MU,READY,,508,508,0,0,0,0.0,2024-09-16,2026-09-24,USD,MU,YFINANCE_FREE_REFRESH_V0_45
WSSEC:WS:XNAS:MZTI,WS:XNAS:MZTI,READY,,500,500,0,0,0,0.0,2024-09-23,2026-09-21,USD,MZTI,YFINANCE_FREE_REUSED_MARKET_EVIDENCE_522
WSSEC:WS:XNAS:NBIX,WS:XNAS:NBIX,READY,,500,500,0,0,0,0.0,2024-09-23,2026-09-21,USD,NBIX,YFINANCE_FREE_REUSED_MARKET_EVIDENCE_522
WSSEC:WS:XNAS:NDAQ,WS:XNAS:NDAQ,READY,,508,508,0,0,0,0.0,2024-09-16,2026-09-24,USD,NDAQ,YFINANCE_FREE_REFRESH_V0_45
WSSEC:WS:XNAS:NDSN,WS:XNAS:NDSN,READY,,508,508,0,0,0,0.0,2024-09-16,2026-09-24,USD,NDSN,YFINANCE_FREE_REFRESH_V0_45
WSSEC:WS:XNAS:NFLX,WS:XNAS:NFLX,READY,,508,508,0,0,0,0.0,2024-09-16,2026-09-24,USD,NFLX,YFINANCE_FREE_REFRESH_V0_45
WSSEC:WS:XNAS:NOVT,WS:XNAS:NOVT,READY,,500,500,0,0,0,0.0,2024-09-23,2026-09-21,USD,NOVT,YFINANCE_FREE_REUSED_MARKET_EVIDENCE_522
WSSEC:WS:XNAS:NTNX,WS:XNAS:NTNX,READY,,500,500,0,0,0,0.0,2024-09-23,2026-09-21,USD,NTNX,YFINANCE_FREE_REUSED_MARKET_EVIDENCE_522
WSSEC:WS:XNAS:NTRS,WS:XNAS:NTRS,READY,,508,508,0,0,0,0.0,2024-09-16,2026-09-24,USD,NTRS,YFINANCE_FREE_REFRESH_V0_45
WSSEC:WS:XNAS:NVDA,WS:XNAS:NVDA,READY,,508,508,0,0,0,0.0,2024-09-16,2026-09-24,USD,NVDA,YFINANCE_FREE_REFRESH_V0_45
WSSEC:WS:XNAS:NWE,WS:XNAS:NWE,READY,,500,500,0,0,0,0.0,2024-09-23,2026-09-21,USD,NWE,YFINANCE_FREE_REUSED_MARKET_EVIDENCE_522
WSSEC:WS:XNAS:NXST,WS:XNAS:NXST,READY,,500,500,0,0,0,0.0,2024-09-23,2026-09-21,USD,NXST,YFINANCE_FREE_REUSED_MARKET_EVIDENCE_522
WSSEC:WS:XNAS:NXT,WS:XNAS:NXT,READY,,500,500,0,0,0,0.0,2024-09-23,2026-09-21,USD,NXT,YFINANCE_FREE_REUSED_MARKET_EVIDENCE_522
WSSEC:WS:XNAS:ODFL,WS:XNAS:ODFL,READY,,508,508,0,0,0,0.0,2024-09-16,2026-09-24,USD,ODFL,YFINANCE_FREE_REFRESH_V0_45
WSSEC:WS:XNAS:OKTA,WS:XNAS:OKTA,READY,,500,500,0,0,0,0.0,2024-09-23,2026-09-21,USD,OKTA,YFINANCE_FREE_REUSED_MARKET_EVIDENCE_522
WSSEC:WS:XNAS:OLED,WS:XNAS:OLED,READY,,500,500,0,0,0,0.0,2024-09-23,2026-09-21,USD,OLED,YFINANCE_FREE_REUSED_MARKET_EVIDENCE_522
WSSEC:WS:XNAS:OLLI,WS:XNAS:OLLI,READY,,500,500,0,0,0,0.0,2024-09-23,2026-09-21,USD,OLLI,YFINANCE_FREE_REUSED_MARKET_EVIDENCE_522
WSSEC:WS:XNAS:ON,WS:XNAS:ON,READY,,508,508,0,0,0,0.0,2024-09-16,2026-09-24,USD,ON,YFINANCE_FREE_REFRESH_V0_45
WSSEC:WS:XNAS:ONB,WS:XNAS:ONB,READY,,500,500,0,0,0,0.0,2024-09-23,2026-09-21,USD,ONB,YFINANCE_FREE_REUSED_MARKET_EVIDENCE_522
WSSEC:WS:XNAS:OPCH,WS:XNAS:OPCH,READY,,500,500,0,0,0,0.0,2024-09-23,2026-09-21,USD,OPCH,YFINANCE_FREE_REUSED_MARKET_EVIDENCE_522
WSSEC:WS:XNAS:ORLY,WS:XNAS:ORLY,READY,,508,508,0,0,0,0.0,2024-09-16,2026-09-24,USD,ORLY,YFINANCE_FREE_REFRESH_V0_45
WSSEC:WS:XNAS:OZK,WS:XNAS:OZK,READY,,500,500,0,0,0,0.0,2024-09-23,2026-09-21,USD,OZK,YFINANCE_FREE_REUSED_MARKET_EVIDENCE_522
WSSEC:WS:XNAS:PANW,WS:XNAS:PANW,READY,,508,508,0,0,0,0.0,2024-09-16,2026-09-24,USD,PANW,YFINANCE_FREE_REFRESH_V0_45
WSSEC:WS:XNAS:PAYX,WS:XNAS:PAYX,READY,,508,508,0,0,0,0.0,2024-09-16,2026-09-24,USD,PAYX,YFINANCE_FREE_REFRESH_V0_45
WSSEC:WS:XNAS:PCAR,WS:XNAS:PCAR,READY,,508,508,0,0,0,0.0,2024-09-16,2026-09-24,USD,PCAR,YFINANCE_FREE_REFRESH_V0_45
WSSEC:WS:XNAS:PCTY,WS:XNAS:PCTY,READY,,500,500,0,0,0,0.0,2024-09-23,2026-09-21,USD,PCTY,YFINANCE_FREE_REUSED_MARKET_EVIDENCE_522
WSSEC:WS:XNAS:PEGA,WS:XNAS:PEGA,READY,,500,500,0,0,0,0.0,2024-09-23,2026-09-21,USD,PEGA,YFINANCE_FREE_REUSED_MARKET_EVIDENCE_522
WSSEC:WS:XNAS:PPC,WS:XNAS:PPC,READY,,500,500,0,0,0,0.0,2024-09-23,2026-09-21,USD,PPC,YFINANCE_FREE_REUSED_MARKET_EVIDENCE_522
WSSEC:WS:XNAS:PTC,WS:XNAS:PTC,READY,,508,508,0,0,0,0.0,2024-09-16,2026-09-24,USD,PTC,YFINANCE_FREE_REFRESH_V0_45
WSSEC:WS:XNAS:PYPL,WS:XNAS:PYPL,READY,,508,508,0,0,0,0.0,2024-09-16,2026-09-24,USD,PYPL,YFINANCE_FREE_REFRESH_V0_45
WSSEC:WS:XNAS:QCOM,WS:XNAS:QCOM,READY,,508,508,0,0,0,0.0,2024-09-16,2026-09-24,USD,QCOM,YFINANCE_FREE_REFRESH_V0_45
WSSEC:WS:XNAS:QLYS,WS:XNAS:QLYS,READY,,500,500,0,0,0,0.0,2024-09-23,2026-09-21,USD,QLYS,YFINANCE_FREE_REUSED_MARKET_EVIDENCE_522
WSSEC:WS:XNAS:REGN,WS:XNAS:REGN,READY,,508,508,0,0,0,0.0,2024-09-16,2026-09-24,USD,REGN,YFINANCE_FREE_REFRESH_V0_45
WSSEC:WS:XNAS:RGEN,WS:XNAS:RGEN,READY,,500,500,0,0,0,0.0,2024-09-23,2026-09-21,USD,RGEN,YFINANCE_FREE_REUSED_MARKET_EVIDENCE_522
WSSEC:WS:XNAS:RGLD,WS:XNAS:RGLD,READY,,500,500,0,0,0,0.0,2024-09-23,2026-09-21,USD,RGLD,YFINANCE_FREE_REUSED_MARKET_EVIDENCE_522
WSSEC:WS:XNAS:RMBS,WS:XNAS:RMBS,READY,,500,500,0,0,0,0.0,2024-09-23,2026-09-21,USD,RMBS,YFINANCE_FREE_REUSED_MARKET_EVIDENCE_522
WSSEC:WS:XNAS:ROIV,WS:XNAS:ROIV,READY,,500,500,0,0,0,0.0,2024-09-23,2026-09-21,USD,ROIV,YFINANCE_FREE_REUSED_MARKET_EVIDENCE_522
WSSEC:WS:XNAS:ROKU,WS:XNAS:ROKU,READY,,500,500,0,0,0,0.0,2024-09-23,2026-09-21,USD,ROKU,YFINANCE_FREE_REUSED_MARKET_EVIDENCE_522
WSSEC:WS:XNAS:ROST,WS:XNAS:ROST,READY,,508,508,0,0,0,0.0,2024-09-16,2026-09-24,USD,ROST,YFINANCE_FREE_REFRESH_V0_45
WSSEC:WS:XNAS:SAIA,WS:XNAS:SAIA,READY,,500,500,0,0,0,0.0,2024-09-23,2026-09-21,USD,SAIA,YFINANCE_FREE_REUSED_MARKET_EVIDENCE_522
WSSEC:WS:XNAS:SAIC,WS:XNAS:SAIC,READY,,500,500,0,0,0,0.0,2024-09-23,2026-09-21,USD,SAIC,YFINANCE_FREE_REUSED_MARKET_EVIDENCE_522
WSSEC:WS:XNAS:SANM,WS:XNAS:SANM,READY,,500,500,0,0,0,0.0,2024-09-23,2026-09-21,USD,SANM,YFINANCE_FREE_REUSED_MARKET_EVIDENCE_522
WSSEC:WS:XNAS:SBUX,WS:XNAS:SBUX,READY,,508,508,0,0,0,0.0,2024-09-16,2026-09-24,USD,SBUX,YFINANCE_FREE_REFRESH_V0_45
WSSEC:WS:XNAS:SEIC,WS:XNAS:SEIC,READY,,500,500,0,0,0,0.0,2024-09-23,2026-09-21,USD,SEIC,YFINANCE_FREE_REUSED_MARKET_EVIDENCE_522
WSSEC:WS:XNAS:SFM,WS:XNAS:SFM,READY,,500,500,0,0,0,0.0,2024-09-23,2026-09-21,USD,SFM,YFINANCE_FREE_REUSED_MARKET_EVIDENCE_522
WSSEC:WS:XNAS:SHC,WS:XNAS:SHC,READY,,500,500,0,0,0,0.0,2024-09-23,2026-09-21,USD,SHC,YFINANCE_FREE_REUSED_MARKET_EVIDENCE_522
WSSEC:WS:XNAS:SIGI,WS:XNAS:SIGI,READY,,500,500,0,0,0,0.0,2024-09-23,2026-09-21,USD,SIGI,YFINANCE_FREE_REUSED_MARKET_EVIDENCE_522
WSSEC:WS:XNAS:SIRI,WS:XNAS:SIRI,READY,,500,500,0,0,0,0.0,2024-09-23,2026-09-21,USD,SIRI,YFINANCE_FREE_REUSED_MARKET_EVIDENCE_522
WSSEC:WS:XNAS:SITM,WS:XNAS:SITM,READY,,500,500,0,0,0,0.0,2024-09-23,2026-09-21,USD,SITM,YFINANCE_FREE_REUSED_MARKET_EVIDENCE_522
WSSEC:WS:XNAS:SLAB,WS:XNAS:SLAB,READY,,500,500,0,0,0,0.0,2024-09-23,2026-09-21,USD,SLAB,YFINANCE_FREE_REUSED_MARKET_EVIDENCE_522
WSSEC:WS:XNAS:SLM,WS:XNAS:SLM,READY,,500,500,0,0,0,0.0,2024-09-23,2026-09-21,USD,SLM,YFINANCE_FREE_REUSED_MARKET_EVIDENCE_522
WSSEC:WS:XNAS:SMTC,WS:XNAS:SMTC,READY,,500,500,0,0,0,0.0,2024-09-23,2026-09-21,USD,SMTC,YFINANCE_FREE_REUSED_MARKET_EVIDENCE_522
WSSEC:WS:XNAS:SNDK,WS:XNAS:SNDK,READY,,405,405,0,0,0,0.0,2025-02-13,2026-09-24,USD,SNDK,YFINANCE_FREE_REFRESH_V0_45
WSSEC:WS:XNAS:SNPS,WS:XNAS:SNPS,READY,,508,508,0,0,0,0.0,2024-09-16,2026-09-24,USD,SNPS,YFINANCE_FREE_REFRESH_V0_45
WSSEC:WS:XNAS:STLD,WS:XNAS:STLD,READY,,508,508,0,0,0,0.0,2024-09-16,2026-09-24,USD,STLD,YFINANCE_FREE_REFRESH_V0_45
WSSEC:WS:XNAS:STRL,WS:XNAS:STRL,READY,VALIDATED_522_RECONCILIATION,500,500,0,1,0,0.0,2024-09-23,2026-09-21,USD,STRL,YFINANCE_FREE_REUSED_MARKET_EVIDENCE_522
WSSEC:WS:XNAS:SWKS,WS:XNAS:SWKS,READY,,508,508,0,0,0,0.0,2024-09-16,2026-09-24,USD,SWKS,YFINANCE_FREE_REFRESH_V0_45
WSSEC:WS:XNAS:SYNA,WS:XNAS:SYNA,READY,,500,500,0,0,0,0.0,2024-09-23,2026-09-21,USD,SYNA,YFINANCE_FREE_REUSED_MARKET_EVIDENCE_522
WSSEC:WS:XNAS:TCBI,WS:XNAS:TCBI,READY,,500,500,0,0,0,0.0,2024-09-23,2026-09-21,USD,TCBI,YFINANCE_FREE_REUSED_MARKET_EVIDENCE_522
WSSEC:WS:XNAS:TECH,WS:XNAS:TECH,READY,,508,508,0,0,0,0.0,2024-09-16,2026-09-24,USD,TECH,YFINANCE_FREE_REFRESH_V0_45
WSSEC:WS:XNAS:TLN,WS:XNAS:TLN,READY,,500,500,0,0,0,0.0,2024-09-23,2026-09-21,USD,TLN,YFINANCE_FREE_REUSED_MARKET_EVIDENCE_522
WSSEC:WS:XNAS:TMUS,WS:XNAS:TMUS,READY,,508,508,0,0,0,0.0,2024-09-16,2026-09-24,USD,TMUS,YFINANCE_FREE_REFRESH_V0_45
WSSEC:WS:XNAS:TROW,WS:XNAS:TROW,READY,,508,508,0,0,0,0.0,2024-09-16,2026-09-24,USD,TROW,YFINANCE_FREE_REFRESH_V0_45
WSSEC:WS:XNAS:TSCO,WS:XNAS:TSCO,READY,,508,508,0,0,0,0.0,2024-09-16,2026-09-24,USD,TSCO,YFINANCE_FREE_REFRESH_V0_45
WSSEC:WS:XNAS:TSLA,WS:XNAS:TSLA,READY,,508,508,0,0,0,0.0,2024-09-16,2026-09-24,USD,TSLA,YFINANCE_FREE_REFRESH_V0_45
WSSEC:WS:XNAS:TTD,WS:XNAS:TTD,READY,,508,508,0,0,0,0.0,2024-09-16,2026-09-24,USD,TTD,YFINANCE_FREE_REFRESH_V0_45
WSSEC:WS:XNAS:TTEK,WS:XNAS:TTEK,READY,,500,500,0,0,0,0.0,2024-09-23,2026-09-21,USD,TTEK,YFINANCE_FREE_REUSED_MARKET_EVIDENCE_522
WSSEC:WS:XNAS:TTMI,WS:XNAS:TTMI,READY,,500,500,0,0,0,0.0,2024-09-23,2026-09-21,USD,TTMI,YFINANCE_FREE_REUSED_MARKET_EVIDENCE_522
WSSEC:WS:XNAS:TTWO,WS:XNAS:TTWO,READY,,508,508,0,0,0,0.0,2024-09-16,2026-09-24,USD,TTWO,YFINANCE_FREE_REFRESH_V0_45
WSSEC:WS:XNAS:TXN,WS:XNAS:TXN,READY,,508,508,0,0,0,0.0,2024-09-16,2026-09-24,USD,TXN,YFINANCE_FREE_REFRESH_V0_45
WSSEC:WS:XNAS:TXRH,WS:XNAS:TXRH,READY,,500,500,0,0,0,0.0,2024-09-23,2026-09-21,USD,TXRH,YFINANCE_FREE_REUSED_MARKET_EVIDENCE_522
WSSEC:WS:XNAS:UBSI,WS:XNAS:UBSI,READY,,500,500,0,0,0,0.0,2024-09-23,2026-09-21,USD,UBSI,YFINANCE_FREE_REUSED_MARKET_EVIDENCE_522
WSSEC:WS:XNAS:UFPI,WS:XNAS:UFPI,READY,,500,500,0,0,0,0.0,2024-09-23,2026-09-21,USD,UFPI,YFINANCE_FREE_REUSED_MARKET_EVIDENCE_522
WSSEC:WS:XNAS:ULTA,WS:XNAS:ULTA,READY,,508,508,0,0,0,0.0,2024-09-16,2026-09-24,USD,ULTA,YFINANCE_FREE_REFRESH_V0_45
WSSEC:WS:XNAS:UMBF,WS:XNAS:UMBF,READY,,500,500,0,0,0,0.0,2024-09-23,2026-09-21,USD,UMBF,YFINANCE_FREE_REUSED_MARKET_EVIDENCE_522
WSSEC:WS:XNAS:UTHR,WS:XNAS:UTHR,READY,,500,500,0,0,0,0.0,2024-09-23,2026-09-21,USD,UTHR,YFINANCE_FREE_REUSED_MARKET_EVIDENCE_522
WSSEC:WS:XNAS:VC,WS:XNAS:VC,READY,,500,500,0,0,0,0.0,2024-09-23,2026-09-21,USD,VC,YFINANCE_FREE_REUSED_MARKET_EVIDENCE_522
WSSEC:WS:XNAS:VIAV,WS:XNAS:VIAV,READY,,500,500,0,0,0,0.0,2024-09-23,2026-09-21,USD,VIAV,YFINANCE_FREE_REUSED_MARKET_EVIDENCE_522
WSSEC:WS:XNAS:VICR,WS:XNAS:VICR,READY,,500,500,0,0,0,0.0,2024-09-23,2026-09-21,USD,VICR,YFINANCE_FREE_REUSED_MARKET_EVIDENCE_522
WSSEC:WS:XNAS:VLY,WS:XNAS:VLY,READY,,500,500,0,0,0,0.0,2024-09-23,2026-09-21,USD,VLY,YFINANCE_FREE_REUSED_MARKET_EVIDENCE_522
WSSEC:WS:XNAS:VNOM,WS:XNAS:VNOM,READY,,500,500,0,0,0,0.0,2024-09-23,2026-09-21,USD,VNOM,YFINANCE_FREE_REUSED_MARKET_EVIDENCE_522
WSSEC:WS:XNAS:VRSK,WS:XNAS:VRSK,READY,,508,508,0,0,0,0.0,2024-09-16,2026-09-24,USD,VRSK,YFINANCE_FREE_REFRESH_V0_45
WSSEC:WS:XNAS:VRSN,WS:XNAS:VRSN,READY,,508,508,0,0,0,0.0,2024-09-16,2026-09-24,USD,VRSN,YFINANCE_FREE_REFRESH_V0_45
WSSEC:WS:XNAS:VRTX,WS:XNAS:VRTX,READY,,508,508,0,0,0,0.0,2024-09-16,2026-09-24,USD,VRTX,YFINANCE_FREE_REFRESH_V0_45
WSSEC:WS:XNAS:VTRS,WS:XNAS:VTRS,READY,,508,508,0,0,0,0.0,2024-09-16,2026-09-24,USD,VTRS,YFINANCE_FREE_REFRESH_V0_45
WSSEC:WS:XNAS:WBD,WS:XNAS:WBD,READY,,508,508,0,0,0,0.0,2024-09-16,2026-09-24,USD,WBD,YFINANCE_FREE_REFRESH_V0_45
WSSEC:WS:XNAS:WDC,WS:XNAS:WDC,READY,,508,508,0,0,0,0.0,2024-09-16,2026-09-24,USD,WDC,YFINANCE_FREE_REFRESH_V0_45
WSSEC:WS:XNAS:WFRD,WS:XNAS:WFRD,READY,,500,500,0,0,0,0.0,2024-09-23,2026-09-21,USD,WFRD,YFINANCE_FREE_REUSED_MARKET_EVIDENCE_522
WSSEC:WS:XNAS:WING,WS:XNAS:WING,READY,,500,500,0,0,0,0.0,2024-09-23,2026-09-21,USD,WING,YFINANCE_FREE_REUSED_MARKET_EVIDENCE_522
WSSEC:WS:XNAS:WMG,WS:XNAS:WMG,READY,,500,500,0,0,0,0.0,2024-09-23,2026-09-21,USD,WMG,YFINANCE_FREE_REUSED_MARKET_EVIDENCE_522
WSSEC:WS:XNAS:WMT,WS:XNAS:WMT,READY,,508,508,0,0,0,0.0,2024-09-16,2026-09-24,USD,WMT,YFINANCE_FREE_REFRESH_V0_45
WSSEC:WS:XNAS:WTFC,WS:XNAS:WTFC,READY,,500,500,0,0,0,0.0,2024-09-23,2026-09-21,USD,WTFC,YFINANCE_FREE_REUSED_MARKET_EVIDENCE_522
WSSEC:WS:XNAS:WWD,WS:XNAS:WWD,READY,,500,500,0,0,0,0.0,2024-09-23,2026-09-21,USD,WWD,YFINANCE_FREE_REUSED_MARKET_EVIDENCE_522
WSSEC:WS:XNAS:WYNN,WS:XNAS:WYNN,READY,,508,508,0,0,0,0.0,2024-09-16,2026-09-24,USD,WYNN,YFINANCE_FREE_REFRESH_V0_45
WSSEC:WS:XNAS:XRAY,WS:XNAS:XRAY,READY,,500,500,0,0,0,0.0,2024-09-23,2026-09-21,USD,XRAY,YFINANCE_FREE_REUSED_MARKET_EVIDENCE_522
WSSEC:WS:XNAS:ZBRA,WS:XNAS:ZBRA,READY,,508,508,0,0,0,0.0,2024-09-16,2026-09-24,USD,ZBRA,YFINANCE_FREE_REFRESH_V0_45
WSSEC:WS:XNAS:ZION,WS:XNAS:ZION,READY,,500,500,0,0,0,0.0,2024-09-23,2026-09-21,USD,ZION,YFINANCE_FREE_REUSED_MARKET_EVIDENCE_522
WSSEC:WS:XNYS:A,WS:XNYS:A,READY,,508,508,0,0,0,0.0,2024-09-16,2026-09-24,USD,A,YFINANCE_FREE_REFRESH_V0_45
WSSEC:WS:XNYS:AA,WS:XNYS:AA,READY,,500,500,0,0,0,0.0,2024-09-23,2026-09-21,USD,AA,YFINANCE_FREE_REUSED_MARKET_EVIDENCE_522
WSSEC:WS:XNYS:ABBV,WS:XNYS:ABBV,READY,,508,508,0,0,0,0.0,2024-09-16,2026-09-24,USD,ABBV,YFINANCE_FREE_REFRESH_V0_45
WSSEC:WS:XNYS:ABT,WS:XNYS:ABT,READY,,508,508,0,0,0,0.0,2024-09-16,2026-09-24,USD,ABT,YFINANCE_FREE_REFRESH_V0_45
WSSEC:WS:XNYS:ACI,WS:XNYS:ACI,READY,,500,500,0,0,0,0.0,2024-09-23,2026-09-21,USD,ACI,YFINANCE_FREE_REUSED_MARKET_EVIDENCE_522
WSSEC:WS:XNYS:ACM,WS:XNYS:ACM,READY,,500,500,0,0,0,0.0,2024-09-23,2026-09-21,USD,ACM,YFINANCE_FREE_REUSED_MARKET_EVIDENCE_522
WSSEC:WS:XNYS:ADM,WS:XNYS:ADM,READY,,508,508,0,0,0,0.0,2024-09-16,2026-09-24,USD,ADM,YFINANCE_FREE_REFRESH_V0_45
WSSEC:WS:XNYS:AEE,WS:XNYS:AEE,READY,,508,508,0,0,0,0.0,2024-09-16,2026-09-24,USD,AEE,YFINANCE_FREE_REFRESH_V0_45
WSSEC:WS:XNYS:AEP,WS:XNYS:AEP,READY,,508,508,0,0,0,0.0,2024-09-16,2026-09-24,USD,AEP,YFINANCE_FREE_REFRESH_V0_45
WSSEC:WS:XNYS:AES,WS:XNYS:AES,READY,,508,508,0,0,0,0.0,2024-09-16,2026-09-24,USD,AES,YFINANCE_FREE_REFRESH_V0_45
WSSEC:WS:XNYS:AFG,WS:XNYS:AFG,READY,,500,500,0,0,0,0.0,2024-09-23,2026-09-21,USD,AFG,YFINANCE_FREE_REUSED_MARKET_EVIDENCE_522
WSSEC:WS:XNYS:AFL,WS:XNYS:AFL,READY,,508,508,0,0,0,0.0,2024-09-16,2026-09-24,USD,AFL,YFINANCE_FREE_REFRESH_V0_45
WSSEC:WS:XNYS:AGCO,WS:XNYS:AGCO,READY,,500,500,0,0,0,0.0,2024-09-23,2026-09-21,USD,AGCO,YFINANCE_FREE_REUSED_MARKET_EVIDENCE_522
WSSEC:WS:XNYS:AIG,WS:XNYS:AIG,READY,,508,508,0,0,0,0.0,2024-09-16,2026-09-24,USD,AIG,YFINANCE_FREE_REFRESH_V0_45
WSSEC:WS:XNYS:AIT,WS:XNYS:AIT,READY,,500,500,0,0,0,0.0,2024-09-23,2026-09-21,USD,AIT,YFINANCE_FREE_REUSED_MARKET_EVIDENCE_522
WSSEC:WS:XNYS:AIZ,WS:XNYS:AIZ,READY,,508,508,0,0,0,0.0,2024-09-16,2026-09-24,USD,AIZ,YFINANCE_FREE_REFRESH_V0_45
WSSEC:WS:XNYS:AJG,WS:XNYS:AJG,READY,,508,508,0,0,0,0.0,2024-09-16,2026-09-24,USD,AJG,YFINANCE_FREE_REFRESH_V0_45
WSSEC:WS:XNYS:ALB,WS:XNYS:ALB,READY,,508,508,0,0,0,0.0,2024-09-16,2026-09-24,USD,ALB,YFINANCE_FREE_REFRESH_V0_45
WSSEC:WS:XNYS:ALK,WS:XNYS:ALK,READY,,500,500,0,0,0,0.0,2024-09-23,2026-09-21,USD,ALK,YFINANCE_FREE_REUSED_MARKET_EVIDENCE_522
WSSEC:WS:XNYS:ALL,WS:XNYS:ALL,READY,,508,508,0,0,0,0.0,2024-09-16,2026-09-24,USD,ALL,YFINANCE_FREE_REFRESH_V0_45
WSSEC:WS:XNYS:ALLY,WS:XNYS:ALLY,READY,,500,500,0,0,0,0.0,2024-09-23,2026-09-21,USD,ALLY,YFINANCE_FREE_REUSED_MARKET_EVIDENCE_522
WSSEC:WS:XNYS:ALSN,WS:XNYS:ALSN,READY,,500,500,0,0,0,0.0,2024-09-23,2026-09-21,USD,ALSN,YFINANCE_FREE_REUSED_MARKET_EVIDENCE_522
WSSEC:WS:XNYS:ALV,WS:XNYS:ALV,READY,,500,500,0,0,0,0.0,2024-09-23,2026-09-21,USD,ALV,YFINANCE_FREE_REUSED_MARKET_EVIDENCE_522
WSSEC:WS:XNYS:AM,WS:XNYS:AM,READY,,500,500,0,0,0,0.0,2024-09-23,2026-09-21,USD,AM,YFINANCE_FREE_REUSED_MARKET_EVIDENCE_522
WSSEC:WS:XNYS:AME,WS:XNYS:AME,READY,,508,508,0,0,0,0.0,2024-09-16,2026-09-24,USD,AME,YFINANCE_FREE_REFRESH_V0_45
WSSEC:WS:XNYS:AMG,WS:XNYS:AMG,READY,,500,500,0,0,0,0.0,2024-09-23,2026-09-21,USD,AMG,YFINANCE_FREE_REUSED_MARKET_EVIDENCE_522
WSSEC:WS:XNYS:AMP,WS:XNYS:AMP,READY,,508,508,0,0,0,0.0,2024-09-16,2026-09-24,USD,AMP,YFINANCE_FREE_REFRESH_V0_45
WSSEC:WS:XNYS:AN,WS:XNYS:AN,READY,,500,500,0,0,0,0.0,2024-09-23,2026-09-21,USD,AN,YFINANCE_FREE_REUSED_MARKET_EVIDENCE_522
WSSEC:WS:XNYS:ANF,WS:XNYS:ANF,READY,,500,500,0,0,0,0.0,2024-09-23,2026-09-21,USD,ANF,YFINANCE_FREE_REUSED_MARKET_EVIDENCE_522
WSSEC:WS:XNYS:AOS,WS:XNYS:AOS,READY,,508,508,0,0,0,0.0,2024-09-16,2026-09-24,USD,AOS,YFINANCE_FREE_REFRESH_V0_45
WSSEC:WS:XNYS:APD,WS:XNYS:APD,READY,,508,508,0,0,0,0.0,2024-09-16,2026-09-24,USD,APD,YFINANCE_FREE_REFRESH_V0_45
WSSEC:WS:XNYS:APG,WS:XNYS:APG,READY,,500,500,0,0,0,0.0,2024-09-23,2026-09-21,USD,APG,YFINANCE_FREE_REUSED_MARKET_EVIDENCE_522
WSSEC:WS:XNYS:APH,WS:XNYS:APH,READY,,508,508,0,0,0,0.0,2024-09-16,2026-09-24,USD,APH,YFINANCE_FREE_REFRESH_V0_45
WSSEC:WS:XNYS:AR,WS:XNYS:AR,READY,,500,500,0,0,0,0.0,2024-09-23,2026-09-21,USD,AR,YFINANCE_FREE_REUSED_MARKET_EVIDENCE_522
WSSEC:WS:XNYS:ARES,WS:XNYS:ARES,READY,,508,508,0,0,0,0.0,2024-09-16,2026-09-24,USD,ARES,YFINANCE_FREE_REFRESH_V0_45
WSSEC:WS:XNYS:ARMK,WS:XNYS:ARMK,READY,,500,500,0,0,0,0.0,2024-09-23,2026-09-21,USD,ARMK,YFINANCE_FREE_REUSED_MARKET_EVIDENCE_522
WSSEC:WS:XNYS:ARW,WS:XNYS:ARW,READY,,500,500,0,0,0,0.0,2024-09-23,2026-09-21,USD,ARW,YFINANCE_FREE_REUSED_MARKET_EVIDENCE_522
WSSEC:WS:XNYS:ASB,WS:XNYS:ASB,READY,,500,500,0,0,0,0.0,2024-09-23,2026-09-21,USD,ASB,YFINANCE_FREE_REUSED_MARKET_EVIDENCE_522
WSSEC:WS:XNYS:ASH,WS:XNYS:ASH,READY,,500,500,0,0,0,0.0,2024-09-23,2026-09-21,USD,ASH,YFINANCE_FREE_REUSED_MARKET_EVIDENCE_522
WSSEC:WS:XNYS:ATI,WS:XNYS:ATI,READY,,500,500,0,0,0,0.0,2024-09-23,2026-09-21,USD,ATI,YFINANCE_FREE_REUSED_MARKET_EVIDENCE_522
WSSEC:WS:XNYS:ATO,WS:XNYS:ATO,READY,,508,508,0,0,0,0.0,2024-09-16,2026-09-24,USD,ATO,YFINANCE_FREE_REFRESH_V0_45
WSSEC:WS:XNYS:ATR,WS:XNYS:ATR,READY,,500,500,0,0,0,0.0,2024-09-23,2026-09-21,USD,ATR,YFINANCE_FREE_REUSED_MARKET_EVIDENCE_522
WSSEC:WS:XNYS:AVNT,WS:XNYS:AVNT,READY,,500,500,0,0,0,0.0,2024-09-23,2026-09-21,USD,AVNT,YFINANCE_FREE_REUSED_MARKET_EVIDENCE_522
WSSEC:WS:XNYS:AVTR,WS:XNYS:AVTR,READY,,500,500,0,0,0,0.0,2024-09-23,2026-09-21,USD,AVTR,YFINANCE_FREE_REUSED_MARKET_EVIDENCE_522
WSSEC:WS:XNYS:AVY,WS:XNYS:AVY,READY,,508,508,0,0,0,0.0,2024-09-16,2026-09-24,USD,AVY,YFINANCE_FREE_REFRESH_V0_45
WSSEC:WS:XNYS:AWK,WS:XNYS:AWK,READY,,508,508,0,0,0,0.0,2024-09-16,2026-09-24,USD,AWK,YFINANCE_FREE_REFRESH_V0_45
WSSEC:WS:XNYS:AXP,WS:XNYS:AXP,READY,,508,508,0,0,0,0.0,2024-09-16,2026-09-24,USD,AXP,YFINANCE_FREE_REFRESH_V0_45
WSSEC:WS:XNYS:AXTA,WS:XNYS:AXTA,READY,,500,500,0,0,0,0.0,2024-09-23,2026-09-21,USD,AXTA,YFINANCE_FREE_REUSED_MARKET_EVIDENCE_522
WSSEC:WS:XNYS:AYI,WS:XNYS:AYI,READY,,500,500,0,0,0,0.0,2024-09-23,2026-09-21,USD,AYI,YFINANCE_FREE_REUSED_MARKET_EVIDENCE_522
WSSEC:WS:XNYS:AZO,WS:XNYS:AZO,READY,,508,508,0,0,0,0.0,2024-09-16,2026-09-24,USD,AZO,YFINANCE_FREE_REFRESH_V0_45
WSSEC:WS:XNYS:BA,WS:XNYS:BA,READY,,508,508,0,0,0,0.0,2024-09-16,2026-09-24,USD,BA,YFINANCE_FREE_REFRESH_V0_45
WSSEC:WS:XNYS:BAC,WS:XNYS:BAC,READY,,508,508,0,0,0,0.0,2024-09-16,2026-09-24,USD,BAC,YFINANCE_FREE_REFRESH_V0_45
WSSEC:WS:XNYS:BAH,WS:XNYS:BAH,READY,,500,500,0,0,0,0.0,2024-09-23,2026-09-21,USD,BAH,YFINANCE_FREE_REUSED_MARKET_EVIDENCE_522
WSSEC:WS:XNYS:BALL,WS:XNYS:BALL,READY,,508,508,0,0,0,0.0,2024-09-16,2026-09-24,USD,BALL,YFINANCE_FREE_REFRESH_V0_45
WSSEC:WS:XNYS:BAX,WS:XNYS:BAX,READY,,508,508,0,0,0,0.0,2024-09-16,2026-09-24,USD,BAX,YFINANCE_FREE_REFRESH_V0_45
WSSEC:WS:XNYS:BBWI,WS:XNYS:BBWI,READY,,500,500,0,0,0,0.0,2024-09-23,2026-09-21,USD,BBWI,YFINANCE_FREE_REUSED_MARKET_EVIDENCE_522
WSSEC:WS:XNYS:BBY,WS:XNYS:BBY,READY,,508,508,0,0,0,0.0,2024-09-16,2026-09-24,USD,BBY,YFINANCE_FREE_REFRESH_V0_45
WSSEC:WS:XNYS:BC,WS:XNYS:BC,READY,,500,500,0,0,0,0.0,2024-09-23,2026-09-21,USD,BC,YFINANCE_FREE_REUSED_MARKET_EVIDENCE_522
WSSEC:WS:XNYS:BCO,WS:XNYS:BCO,READY,,500,500,0,0,0,0.0,2024-09-23,2026-09-21,USD,BCO,YFINANCE_FREE_REUSED_MARKET_EVIDENCE_522
WSSEC:WS:XNYS:BDC,WS:XNYS:BDC,READY,,500,500,0,0,0,0.0,2024-09-23,2026-09-21,USD,BDC,YFINANCE_FREE_REUSED_MARKET_EVIDENCE_522
WSSEC:WS:XNYS:BDX,WS:XNYS:BDX,READY,,508,508,0,0,0,0.0,2024-09-16,2026-09-24,USD,BDX,YFINANCE_FREE_REFRESH_V0_45
WSSEC:WS:XNYS:BEN,WS:XNYS:BEN,READY,,508,508,0,0,0,0.0,2024-09-16,2026-09-24,USD,BEN,YFINANCE_FREE_REFRESH_V0_45
WSSEC:WS:XNYS:BILL,WS:XNYS:BILL,READY,,500,500,0,0,0,0.0,2024-09-23,2026-09-21,USD,BILL,YFINANCE_FREE_REUSED_MARKET_EVIDENCE_522
WSSEC:WS:XNYS:BIO,WS:XNYS:BIO,READY,,500,500,0,0,0,0.0,2024-09-23,2026-09-21,USD,BIO,YFINANCE_FREE_REUSED_MARKET_EVIDENCE_522
WSSEC:WS:XNYS:BJ,WS:XNYS:BJ,READY,,500,500,0,0,0,0.0,2024-09-23,2026-09-21,USD,BJ,YFINANCE_FREE_REUSED_MARKET_EVIDENCE_522
WSSEC:WS:XNYS:BKH,WS:XNYS:BKH,READY,,500,500,0,0,0,0.0,2024-09-23,2026-09-21,USD,BKH,YFINANCE_FREE_REUSED_MARKET_EVIDENCE_522
WSSEC:WS:XNYS:BKR,WS:XNYS:BKR,READY,,508,508,0,0,0,0.0,2024-09-16,2026-09-24,USD,BKR,YFINANCE_FREE_REFRESH_V0_45
WSSEC:WS:XNYS:BLDR,WS:XNYS:BLDR,READY,,508,508,0,0,0,0.0,2024-09-16,2026-09-24,USD,BLDR,YFINANCE_FREE_REFRESH_V0_45
WSSEC:WS:XNYS:BMY,WS:XNYS:BMY,READY,,508,508,0,0,0,0.0,2024-09-16,2026-09-24,USD,BMY,YFINANCE_FREE_REFRESH_V0_45
WSSEC:WS:XNYS:BNY,WS:XNYS:BNY,READY,,508,508,0,0,0,0.0,2024-09-16,2026-09-24,USD,BNY,YFINANCE_FREE_REFRESH_V0_45
WSSEC:WS:XNYS:BR,WS:XNYS:BR,READY,,508,508,0,0,0,0.0,2024-09-16,2026-09-24,USD,BR,YFINANCE_FREE_REFRESH_V0_45
WSSEC:WS:XNYS:BRO,WS:XNYS:BRO,READY,,508,508,0,0,0,0.0,2024-09-16,2026-09-24,USD,BRO,YFINANCE_FREE_REFRESH_V0_45
WSSEC:WS:XNYS:BROS,WS:XNYS:BROS,READY,,500,500,0,0,0,0.0,2024-09-23,2026-09-21,USD,BROS,YFINANCE_FREE_REUSED_MARKET_EVIDENCE_522
WSSEC:WS:XNYS:BSX,WS:XNYS:BSX,READY,,508,508,0,0,0,0.0,2024-09-16,2026-09-24,USD,BSX,YFINANCE_FREE_REFRESH_V0_45
WSSEC:WS:XNYS:BURL,WS:XNYS:BURL,READY,,500,500,0,0,0,0.0,2024-09-23,2026-09-21,USD,BURL,YFINANCE_FREE_REUSED_MARKET_EVIDENCE_522
WSSEC:WS:XNYS:BWA,WS:XNYS:BWA,READY,,500,500,0,0,0,0.0,2024-09-23,2026-09-21,USD,BWA,YFINANCE_FREE_REUSED_MARKET_EVIDENCE_522
WSSEC:WS:XNYS:BWXT,WS:XNYS:BWXT,READY,,500,500,0,0,0,0.0,2024-09-23,2026-09-21,USD,BWXT,YFINANCE_FREE_REUSED_MARKET_EVIDENCE_522
WSSEC:WS:XNYS:BYD,WS:XNYS:BYD,READY,,500,500,0,0,0,0.0,2024-09-23,2026-09-21,USD,BYD,YFINANCE_FREE_REUSED_MARKET_EVIDENCE_522
WSSEC:WS:XNYS:C,WS:XNYS:C,READY,,508,508,0,0,0,0.0,2024-09-16,2026-09-24,USD,C,YFINANCE_FREE_REFRESH_V0_45
WSSEC:WS:XNYS:CACI,WS:XNYS:CACI,READY,,500,500,0,0,0,0.0,2024-09-23,2026-09-21,USD,CACI,YFINANCE_FREE_REUSED_MARKET_EVIDENCE_522
WSSEC:WS:XNYS:CAH,WS:XNYS:CAH,READY,,508,508,0,0,0,0.0,2024-09-16,2026-09-24,USD,CAH,YFINANCE_FREE_REFRESH_V0_45
WSSEC:WS:XNYS:CARR,WS:XNYS:CARR,READY,,508,508,0,0,0,0.0,2024-09-16,2026-09-24,USD,CARR,YFINANCE_FREE_REFRESH_V0_45
WSSEC:WS:XNYS:CAT,WS:XNYS:CAT,READY,,508,508,0,0,0,0.0,2024-09-16,2026-09-24,USD,CAT,YFINANCE_FREE_REFRESH_V0_45
WSSEC:WS:XNYS:CAVA,WS:XNYS:CAVA,READY,,500,500,0,0,0,0.0,2024-09-23,2026-09-21,USD,CAVA,YFINANCE_FREE_REUSED_MARKET_EVIDENCE_522
WSSEC:WS:XNYS:CBT,WS:XNYS:CBT,READY,,500,500,0,0,0,0.0,2024-09-23,2026-09-21,USD,CBT,YFINANCE_FREE_REUSED_MARKET_EVIDENCE_522
WSSEC:WS:XNYS:CCK,WS:XNYS:CCK,READY,,500,500,0,0,0,0.0,2024-09-23,2026-09-21,USD,CCK,YFINANCE_FREE_REUSED_MARKET_EVIDENCE_522
WSSEC:WS:XNYS:CDE,WS:XNYS:CDE,READY,,500,500,0,0,0,0.0,2024-09-23,2026-09-21,USD,CDE,YFINANCE_FREE_REUSED_MARKET_EVIDENCE_522
WSSEC:WS:XNYS:CF,WS:XNYS:CF,READY,,508,508,0,0,0,0.0,2024-09-16,2026-09-24,USD,CF,YFINANCE_FREE_REFRESH_V0_45
WSSEC:WS:XNYS:CFG,WS:XNYS:CFG,READY,,508,508,0,0,0,0.0,2024-09-16,2026-09-24,USD,CFG,YFINANCE_FREE_REFRESH_V0_45
WSSEC:WS:XNYS:CFR,WS:XNYS:CFR,READY,,500,500,0,0,0,0.0,2024-09-23,2026-09-21,USD,CFR,YFINANCE_FREE_REUSED_MARKET_EVIDENCE_522
WSSEC:WS:XNYS:CHD,WS:XNYS:CHD,READY,,508,508,0,0,0,0.0,2024-09-16,2026-09-24,USD,CHD,YFINANCE_FREE_REFRESH_V0_45
WSSEC:WS:XNYS:CHE,WS:XNYS:CHE,READY,,500,500,0,0,0,0.0,2024-09-23,2026-09-21,USD,CHE,YFINANCE_FREE_REUSED_MARKET_EVIDENCE_522
WSSEC:WS:XNYS:CHH,WS:XNYS:CHH,READY,,500,500,0,0,0,0.0,2024-09-23,2026-09-21,USD,CHH,YFINANCE_FREE_REUSED_MARKET_EVIDENCE_522
WSSEC:WS:XNYS:CHWY,WS:XNYS:CHWY,READY,,500,500,0,0,0,0.0,2024-09-23,2026-09-21,USD,CHWY,YFINANCE_FREE_REUSED_MARKET_EVIDENCE_522
WSSEC:WS:XNYS:CL,WS:XNYS:CL,READY,,508,508,0,0,0,0.0,2024-09-16,2026-09-24,USD,CL,YFINANCE_FREE_REFRESH_V0_45
WSSEC:WS:XNYS:CLF,WS:XNYS:CLF,READY,,500,500,0,0,0,0.0,2024-09-23,2026-09-21,USD,CLF,YFINANCE_FREE_REUSED_MARKET_EVIDENCE_522
WSSEC:WS:XNYS:CLH,WS:XNYS:CLH,READY,,500,500,0,0,0,0.0,2024-09-23,2026-09-21,USD,CLH,YFINANCE_FREE_REUSED_MARKET_EVIDENCE_522
WSSEC:WS:XNYS:CLX,WS:XNYS:CLX,READY,,508,508,0,0,0,0.0,2024-09-16,2026-09-24,USD,CLX,YFINANCE_FREE_REFRESH_V0_45
WSSEC:WS:XNYS:CMC,WS:XNYS:CMC,READY,,500,500,0,0,0,0.0,2024-09-23,2026-09-21,USD,CMC,YFINANCE_FREE_REUSED_MARKET_EVIDENCE_522
WSSEC:WS:XNYS:CMG,WS:XNYS:CMG,READY,,508,508,0,0,0,0.0,2024-09-16,2026-09-24,USD,CMG,YFINANCE_FREE_REFRESH_V0_45
WSSEC:WS:XNYS:CMI,WS:XNYS:CMI,READY,,508,508,0,0,0,0.0,2024-09-16,2026-09-24,USD,CMI,YFINANCE_FREE_REFRESH_V0_45
WSSEC:WS:XNYS:CMS,WS:XNYS:CMS,READY,,508,508,0,0,0,0.0,2024-09-16,2026-09-24,USD,CMS,YFINANCE_FREE_REFRESH_V0_45
WSSEC:WS:XNYS:CNC,WS:XNYS:CNC,READY,,508,508,0,0,0,0.0,2024-09-16,2026-09-24,USD,CNC,YFINANCE_FREE_REFRESH_V0_45
WSSEC:WS:XNYS:CNH,WS:XNYS:CNH,READY,,500,500,0,0,0,0.0,2024-09-23,2026-09-21,USD,CNH,YFINANCE_FREE_REUSED_MARKET_EVIDENCE_522
WSSEC:WS:XNYS:CNM,WS:XNYS:CNM,READY,,500,500,0,0,0,0.0,2024-09-23,2026-09-21,USD,CNM,YFINANCE_FREE_REUSED_MARKET_EVIDENCE_522
WSSEC:WS:XNYS:CNO,WS:XNYS:CNO,READY,,500,500,0,0,0,0.0,2024-09-23,2026-09-21,USD,CNO,YFINANCE_FREE_REUSED_MARKET_EVIDENCE_522
WSSEC:WS:XNYS:CNP,WS:XNYS:CNP,READY,,508,508,0,0,0,0.0,2024-09-16,2026-09-24,USD,CNP,YFINANCE_FREE_REFRESH_V0_45
WSSEC:WS:XNYS:CNX,WS:XNYS:CNX,READY,,500,500,0,0,0,0.0,2024-09-23,2026-09-21,USD,CNX,YFINANCE_FREE_REUSED_MARKET_EVIDENCE_522
WSSEC:WS:XNYS:COF,WS:XNYS:COF,READY,,508,508,0,0,0,0.0,2024-09-16,2026-09-24,USD,COF,YFINANCE_FREE_REFRESH_V0_45
WSSEC:WS:XNYS:COP,WS:XNYS:COP,READY,,508,508,0,0,0,0.0,2024-09-16,2026-09-24,USD,COP,YFINANCE_FREE_REFRESH_V0_45
WSSEC:WS:XNYS:COR,WS:XNYS:COR,READY,,508,508,0,0,0,0.0,2024-09-16,2026-09-24,USD,COR,YFINANCE_FREE_REFRESH_V0_45
WSSEC:WS:XNYS:CPRI,WS:XNYS:CPRI,READY,,500,500,0,0,0,0.0,2024-09-23,2026-09-21,USD,CPRI,YFINANCE_FREE_REUSED_MARKET_EVIDENCE_522
WSSEC:WS:XNYS:CR,WS:XNYS:CR,READY,,500,500,0,0,0,0.0,2024-09-23,2026-09-21,USD,CR,YFINANCE_FREE_REUSED_MARKET_EVIDENCE_522
WSSEC:WS:XNYS:CRBG,WS:XNYS:CRBG,READY,,500,500,0,0,0,0.0,2024-09-23,2026-09-21,USD,CRBG,YFINANCE_FREE_REUSED_MARKET_EVIDENCE_522
WSSEC:WS:XNYS:CRL,WS:XNYS:CRL,READY,,508,508,0,0,0,0.0,2024-09-16,2026-09-24,USD,CRL,YFINANCE_FREE_REFRESH_V0_45
WSSEC:WS:XNYS:CRM,WS:XNYS:CRM,READY,,508,508,0,0,0,0.0,2024-09-16,2026-09-24,USD,CRM,YFINANCE_FREE_REFRESH_V0_45
WSSEC:WS:XNYS:CRS,WS:XNYS:CRS,READY,,500,500,0,0,0,0.0,2024-09-23,2026-09-21,USD,CRS,YFINANCE_FREE_REUSED_MARKET_EVIDENCE_522
WSSEC:WS:XNYS:CSL,WS:XNYS:CSL,READY,,500,500,0,0,0,0.0,2024-09-23,2026-09-21,USD,CSL,YFINANCE_FREE_REUSED_MARKET_EVIDENCE_522
WSSEC:WS:XNYS:CTVA,WS:XNYS:CTVA,READY,,508,508,0,0,0,0.0,2024-09-16,2026-09-24,USD,CTVA,YFINANCE_FREE_REFRESH_V0_45
WSSEC:WS:XNYS:CVNA,WS:XNYS:CVNA,READY,,508,508,0,0,0,0.0,2024-09-16,2026-09-24,USD,CVNA,YFINANCE_FREE_REFRESH_V0_45
WSSEC:WS:XNYS:CVS,WS:XNYS:CVS,READY,,508,508,0,0,0,0.0,2024-09-16,2026-09-24,USD,CVS,YFINANCE_FREE_REFRESH_V0_45
WSSEC:WS:XNYS:CVX,WS:XNYS:CVX,READY,,508,508,0,0,0,0.0,2024-09-16,2026-09-24,USD,CVX,YFINANCE_FREE_REFRESH_V0_45
WSSEC:WS:XNYS:CW,WS:XNYS:CW,READY,,500,500,0,0,0,0.0,2024-09-23,2026-09-21,USD,CW,YFINANCE_FREE_REUSED_MARKET_EVIDENCE_522
WSSEC:WS:XNYS:CXT,WS:XNYS:CXT,READY,,500,500,0,0,0,0.0,2024-09-23,2026-09-21,USD,CXT,YFINANCE_FREE_REUSED_MARKET_EVIDENCE_522
WSSEC:WS:XNYS:D,WS:XNYS:D,READY,,508,508,0,0,0,0.0,2024-09-16,2026-09-24,USD,D,YFINANCE_FREE_REFRESH_V0_45
WSSEC:WS:XNYS:DAL,WS:XNYS:DAL,READY,,508,508,0,0,0,0.0,2024-09-16,2026-09-24,USD,DAL,YFINANCE_FREE_REFRESH_V0_45
WSSEC:WS:XNYS:DAR,WS:XNYS:DAR,READY,,500,500,0,0,0,0.0,2024-09-23,2026-09-21,USD,DAR,YFINANCE_FREE_REUSED_MARKET_EVIDENCE_522
WSSEC:WS:XNYS:DCI,WS:XNYS:DCI,READY,,500,500,0,0,0,0.0,2024-09-23,2026-09-21,USD,DCI,YFINANCE_FREE_REUSED_MARKET_EVIDENCE_522
WSSEC:WS:XNYS:DE,WS:XNYS:DE,READY,,508,508,0,0,0,0.0,2024-09-16,2026-09-24,USD,DE,YFINANCE_FREE_REFRESH_V0_45
WSSEC:WS:XNYS:DG,WS:XNYS:DG,READY,,508,508,0,0,0,0.0,2024-09-16,2026-09-24,USD,DG,YFINANCE_FREE_REFRESH_V0_45
WSSEC:WS:XNYS:DHI,WS:XNYS:DHI,READY,,508,508,0,0,0,0.0,2024-09-16,2026-09-24,USD,DHI,YFINANCE_FREE_REFRESH_V0_45
WSSEC:WS:XNYS:DHR,WS:XNYS:DHR,READY,,508,508,0,0,0,0.0,2024-09-16,2026-09-24,USD,DHR,YFINANCE_FREE_REFRESH_V0_45
WSSEC:WS:XNYS:DINO,WS:XNYS:DINO,READY,,500,500,0,0,0,0.0,2024-09-23,2026-09-21,USD,DINO,YFINANCE_FREE_REUSED_MARKET_EVIDENCE_522
WSSEC:WS:XNYS:DIS,WS:XNYS:DIS,READY,,508,508,0,0,0,0.0,2024-09-16,2026-09-24,USD,DIS,YFINANCE_FREE_REFRESH_V0_45
WSSEC:WS:XNYS:DKS,WS:XNYS:DKS,READY,,500,500,0,0,0,0.0,2024-09-23,2026-09-21,USD,DKS,YFINANCE_FREE_REUSED_MARKET_EVIDENCE_522
WSSEC:WS:XNYS:DLB,WS:XNYS:DLB,READY,,500,500,0,0,0,0.0,2024-09-23,2026-09-21,USD,DLB,YFINANCE_FREE_REUSED_MARKET_EVIDENCE_522
WSSEC:WS:XNYS:DOCN,WS:XNYS:DOCN,READY,,500,500,0,0,0,0.0,2024-09-23,2026-09-21,USD,DOCN,YFINANCE_FREE_REUSED_MARKET_EVIDENCE_522
WSSEC:WS:XNYS:DOCS,WS:XNYS:DOCS,READY,,500,500,0,0,0,0.0,2024-09-23,2026-09-21,USD,DOCS,YFINANCE_FREE_REUSED_MARKET_EVIDENCE_522
WSSEC:WS:XNYS:DOV,WS:XNYS:DOV,READY,,508,508,0,0,0,0.0,2024-09-16,2026-09-24,USD,DOV,YFINANCE_FREE_REFRESH_V0_45
WSSEC:WS:XNYS:DPZ,WS:XNYS:DPZ,READY,,508,508,0,0,0,0.0,2024-09-16,2026-09-24,USD,DPZ,YFINANCE_FREE_REFRESH_V0_45
WSSEC:WS:XNYS:DRI,WS:XNYS:DRI,READY,,508,508,0,0,0,0.0,2024-09-16,2026-09-24,USD,DRI,YFINANCE_FREE_REFRESH_V0_45
WSSEC:WS:XNYS:DT,WS:XNYS:DT,READY,,500,500,0,0,0,0.0,2024-09-23,2026-09-21,USD,DT,YFINANCE_FREE_REUSED_MARKET_EVIDENCE_522
WSSEC:WS:XNYS:DTM,WS:XNYS:DTM,READY,,500,500,0,0,0,0.0,2024-09-23,2026-09-21,USD,DTM,YFINANCE_FREE_REUSED_MARKET_EVIDENCE_522
WSSEC:WS:XNYS:DUK,WS:XNYS:DUK,READY,,508,508,0,0,0,0.0,2024-09-16,2026-09-24,USD,DUK,YFINANCE_FREE_REFRESH_V0_45
WSSEC:WS:XNYS:DVA,WS:XNYS:DVA,READY,,508,508,0,0,0,0.0,2024-09-16,2026-09-24,USD,DVA,YFINANCE_FREE_REFRESH_V0_45
WSSEC:WS:XNYS:DVN,WS:XNYS:DVN,READY,,508,508,0,0,0,0.0,2024-09-16,2026-09-24,USD,DVN,YFINANCE_FREE_REFRESH_V0_45
WSSEC:WS:XNYS:DY,WS:XNYS:DY,READY,,500,500,0,0,0,0.0,2024-09-23,2026-09-21,USD,DY,YFINANCE_FREE_REUSED_MARKET_EVIDENCE_522
WSSEC:WS:XNYS:ECL,WS:XNYS:ECL,READY,,508,508,0,0,0,0.0,2024-09-16,2026-09-24,USD,ECL,YFINANCE_FREE_REFRESH_V0_45
WSSEC:WS:XNYS:ED,WS:XNYS:ED,READY,,508,508,0,0,0,0.0,2024-09-16,2026-09-24,USD,ED,YFINANCE_FREE_REFRESH_V0_45
WSSEC:WS:XNYS:EFX,WS:XNYS:EFX,READY,,508,508,0,0,0,0.0,2024-09-16,2026-09-24,USD,EFX,YFINANCE_FREE_REFRESH_V0_45
WSSEC:WS:XNYS:EHC,WS:XNYS:EHC,READY,,500,500,0,0,0,0.0,2024-09-23,2026-09-21,USD,EHC,YFINANCE_FREE_REUSED_MARKET_EVIDENCE_522
WSSEC:WS:XNYS:EIX,WS:XNYS:EIX,READY,,508,508,0,0,0,0.0,2024-09-16,2026-09-24,USD,EIX,YFINANCE_FREE_REFRESH_V0_45
WSSEC:WS:XNYS:EL,WS:XNYS:EL,READY,,508,508,0,0,0,0.0,2024-09-16,2026-09-24,USD,EL,YFINANCE_FREE_REFRESH_V0_45
WSSEC:WS:XNYS:ELAN,WS:XNYS:ELAN,READY,,500,500,0,0,0,0.0,2024-09-23,2026-09-21,USD,ELAN,YFINANCE_FREE_REUSED_MARKET_EVIDENCE_522
WSSEC:WS:XNYS:ELF,WS:XNYS:ELF,READY,,500,500,0,0,0,0.0,2024-09-23,2026-09-21,USD,ELF,YFINANCE_FREE_REUSED_MARKET_EVIDENCE_522
WSSEC:WS:XNYS:ELV,WS:XNYS:ELV,READY,,508,508,0,0,0,0.0,2024-09-16,2026-09-24,USD,ELV,YFINANCE_FREE_REFRESH_V0_45
WSSEC:WS:XNYS:EME,WS:XNYS:EME,READY,,508,508,0,0,0,0.0,2024-09-16,2026-09-24,USD,EME,YFINANCE_FREE_REFRESH_V0_45
WSSEC:WS:XNYS:EMR,WS:XNYS:EMR,READY,,508,508,0,0,0,0.0,2024-09-16,2026-09-24,USD,EMR,YFINANCE_FREE_REFRESH_V0_45
WSSEC:WS:XNYS:ENS,WS:XNYS:ENS,READY,,500,500,0,0,0,0.0,2024-09-23,2026-09-21,USD,ENS,YFINANCE_FREE_REUSED_MARKET_EVIDENCE_522
WSSEC:WS:XNYS:EOG,WS:XNYS:EOG,READY,,508,508,0,0,0,0.0,2024-09-16,2026-09-24,USD,EOG,YFINANCE_FREE_REFRESH_V0_45
WSSEC:WS:XNYS:EQH,WS:XNYS:EQH,READY,,500,500,0,0,0,0.0,2024-09-23,2026-09-21,USD,EQH,YFINANCE_FREE_REUSED_MARKET_EVIDENCE_522
WSSEC:WS:XNYS:EQT,WS:XNYS:EQT,READY,,508,508,0,0,0,0.0,2024-09-16,2026-09-24,USD,EQT,YFINANCE_FREE_REFRESH_V0_45
WSSEC:WS:XNYS:ES,WS:XNYS:ES,READY,,508,508,0,0,0,0.0,2024-09-16,2026-09-24,USD,ES,YFINANCE_FREE_REFRESH_V0_45
WSSEC:WS:XNYS:ESAB,WS:XNYS:ESAB,READY,,500,500,0,0,0,0.0,2024-09-23,2026-09-21,USD,ESAB,YFINANCE_FREE_REUSED_MARKET_EVIDENCE_522
WSSEC:WS:XNYS:ESNT,WS:XNYS:ESNT,READY,,500,500,0,0,0,0.0,2024-09-23,2026-09-21,USD,ESNT,YFINANCE_FREE_REUSED_MARKET_EVIDENCE_522
WSSEC:WS:XNYS:ETR,WS:XNYS:ETR,READY,,508,508,0,0,0,0.0,2024-09-16,2026-09-24,USD,ETR,YFINANCE_FREE_REFRESH_V0_45
WSSEC:WS:XNYS:EVR,WS:XNYS:EVR,READY,,500,500,0,0,0,0.0,2024-09-23,2026-09-21,USD,EVR,YFINANCE_FREE_REUSED_MARKET_EVIDENCE_522
WSSEC:WS:XNYS:EVRG,WS:XNYS:EVRG,READY,,508,508,0,0,0,0.0,2024-09-16,2026-09-24,USD,EVRG,YFINANCE_FREE_REFRESH_V0_45
WSSEC:WS:XNYS:EW,WS:XNYS:EW,READY,,508,508,0,0,0,0.0,2024-09-16,2026-09-24,USD,EW,YFINANCE_FREE_REFRESH_V0_45
WSSEC:WS:XNYS:EXC,WS:XNYS:EXC,READY,,508,508,0,0,0,0.0,2024-09-16,2026-09-24,USD,EXC,YFINANCE_FREE_REFRESH_V0_45
WSSEC:WS:XNYS:EXP,WS:XNYS:EXP,READY,,500,500,0,0,0,0.0,2024-09-23,2026-09-21,USD,EXP,YFINANCE_FREE_REUSED_MARKET_EVIDENCE_522
WSSEC:WS:XNYS:F,WS:XNYS:F,READY,,508,508,0,0,0,0.0,2024-09-16,2026-09-24,USD,F,YFINANCE_FREE_REFRESH_V0_45
WSSEC:WS:XNYS:FAF,WS:XNYS:FAF,READY,,500,500,0,0,0,0.0,2024-09-23,2026-09-21,USD,FAF,YFINANCE_FREE_REUSED_MARKET_EVIDENCE_522
WSSEC:WS:XNYS:FBIN,WS:XNYS:FBIN,READY,,500,500,0,0,0,0.0,2024-09-23,2026-09-21,USD,FBIN,YFINANCE_FREE_REUSED_MARKET_EVIDENCE_522
WSSEC:WS:XNYS:FCN,WS:XNYS:FCN,READY,,500,500,0,0,0,0.0,2024-09-23,2026-09-21,USD,FCN,YFINANCE_FREE_REUSED_MARKET_EVIDENCE_522
WSSEC:WS:XNYS:FCX,WS:XNYS:FCX,READY,,508,508,0,0,0,0.0,2024-09-16,2026-09-24,USD,FCX,YFINANCE_FREE_REFRESH_V0_45
WSSEC:WS:XNYS:FDS,WS:XNYS:FDS,READY,,508,508,0,0,0,0.0,2024-09-16,2026-09-24,USD,FDS,YFINANCE_FREE_REFRESH_V0_45
WSSEC:WS:XNYS:FDX,WS:XNYS:FDX,READY,,508,508,0,0,0,0.0,2024-09-16,2026-09-24,USD,FDX,YFINANCE_FREE_REFRESH_V0_45
WSSEC:WS:XNYS:FE,WS:XNYS:FE,READY,,508,508,0,0,0,0.0,2024-09-16,2026-09-24,USD,FE,YFINANCE_FREE_REFRESH_V0_45
WSSEC:WS:XNYS:FERG,WS:XNYS:FERG,READY,,508,508,0,0,0,0.0,2024-09-16,2026-09-24,USD,FERG,YFINANCE_FREE_REFRESH_V0_45
WSSEC:WS:XNYS:FHI,WS:XNYS:FHI,READY,,500,500,0,0,0,0.0,2024-09-23,2026-09-21,USD,FHI,YFINANCE_FREE_REUSED_MARKET_EVIDENCE_522
WSSEC:WS:XNYS:FHN,WS:XNYS:FHN,READY,,500,500,0,0,0,0.0,2024-09-23,2026-09-21,USD,FHN,YFINANCE_FREE_REUSED_MARKET_EVIDENCE_522
WSSEC:WS:XNYS:FICO,WS:XNYS:FICO,READY,,508,508,0,0,0,0.0,2024-09-16,2026-09-24,USD,FICO,YFINANCE_FREE_REFRESH_V0_45
WSSEC:WS:XNYS:FIS,WS:XNYS:FIS,READY,,508,508,0,0,0,0.0,2024-09-16,2026-09-24,USD,FIS,YFINANCE_FREE_REFRESH_V0_45
WSSEC:WS:XNYS:FIX,WS:XNYS:FIX,READY,,508,508,0,0,0,0.0,2024-09-16,2026-09-24,USD,FIX,YFINANCE_FREE_REFRESH_V0_45
WSSEC:WS:XNYS:FLG,WS:XNYS:FLG,READY,,500,500,0,0,0,0.0,2024-09-23,2026-09-21,USD,FLG,YFINANCE_FREE_REUSED_MARKET_EVIDENCE_522
WSSEC:WS:XNYS:FLR,WS:XNYS:FLR,READY,,500,500,0,0,0,0.0,2024-09-23,2026-09-21,USD,FLR,YFINANCE_FREE_REUSED_MARKET_EVIDENCE_522
WSSEC:WS:XNYS:FLS,WS:XNYS:FLS,READY,,500,500,0,0,0,0.0,2024-09-23,2026-09-21,USD,FLS,YFINANCE_FREE_REUSED_MARKET_EVIDENCE_522
WSSEC:WS:XNYS:FN,WS:XNYS:FN,READY,,500,500,0,0,0,0.0,2024-09-23,2026-09-21,USD,FN,YFINANCE_FREE_REUSED_MARKET_EVIDENCE_522
WSSEC:WS:XNYS:FNB,WS:XNYS:FNB,READY,,500,500,0,0,0,0.0,2024-09-23,2026-09-21,USD,FNB,YFINANCE_FREE_REUSED_MARKET_EVIDENCE_522
WSSEC:WS:XNYS:FND,WS:XNYS:FND,READY,,500,500,0,0,0,0.0,2024-09-23,2026-09-21,USD,FND,YFINANCE_FREE_REUSED_MARKET_EVIDENCE_522
WSSEC:WS:XNYS:FNF,WS:XNYS:FNF,READY,,500,500,0,0,0,0.0,2024-09-23,2026-09-21,USD,FNF,YFINANCE_FREE_REUSED_MARKET_EVIDENCE_522
WSSEC:WS:XNYS:FOUR,WS:XNYS:FOUR,READY,,500,500,0,0,0,0.0,2024-09-23,2026-09-21,USD,FOUR,YFINANCE_FREE_REUSED_MARKET_EVIDENCE_522
WSSEC:WS:XNYS:FTI,WS:XNYS:FTI,READY,,500,500,0,0,0,0.0,2024-09-23,2026-09-21,USD,FTI,YFINANCE_FREE_REUSED_MARKET_EVIDENCE_522
WSSEC:WS:XNYS:FTV,WS:XNYS:FTV,READY,,508,508,0,0,0,0.0,2024-09-16,2026-09-24,USD,FTV,YFINANCE_FREE_REFRESH_V0_45
WSSEC:WS:XNYS:G,WS:XNYS:G,READY,,500,500,0,0,0,0.0,2024-09-23,2026-09-21,USD,G,YFINANCE_FREE_REUSED_MARKET_EVIDENCE_522
WSSEC:WS:XNYS:GAP,WS:XNYS:GAP,READY,,500,500,0,0,0,0.0,2024-09-23,2026-09-21,USD,GAP,YFINANCE_FREE_REUSED_MARKET_EVIDENCE_522
WSSEC:WS:XNYS:GATX,WS:XNYS:GATX,READY,,500,500,0,0,0,0.0,2024-09-23,2026-09-21,USD,GATX,YFINANCE_FREE_REUSED_MARKET_EVIDENCE_522
WSSEC:WS:XNYS:GBCI,WS:XNYS:GBCI,READY,,500,500,0,0,0,0.0,2024-09-23,2026-09-21,USD,GBCI,YFINANCE_FREE_REUSED_MARKET_EVIDENCE_522
WSSEC:WS:XNYS:GD,WS:XNYS:GD,READY,,508,508,0,0,0,0.0,2024-09-16,2026-09-24,USD,GD,YFINANCE_FREE_REFRESH_V0_45
WSSEC:WS:XNYS:GEF,WS:XNYS:GEF,READY,,500,500,0,0,0,0.0,2024-09-23,2026-09-21,USD,GEF,YFINANCE_FREE_REUSED_MARKET_EVIDENCE_522
WSSEC:WS:XNYS:GEV,WS:XNYS:GEV,READY,,508,508,0,0,0,0.0,2024-09-16,2026-09-24,USD,GEV,YFINANCE_FREE_REFRESH_V0_45
WSSEC:WS:XNYS:GGG,WS:XNYS:GGG,READY,,500,500,0,0,0,0.0,2024-09-23,2026-09-21,USD,GGG,YFINANCE_FREE_REUSED_MARKET_EVIDENCE_522
WSSEC:WS:XNYS:GHC,WS:XNYS:GHC,READY,,500,500,0,0,0,0.0,2024-09-23,2026-09-21,USD,GHC,YFINANCE_FREE_REUSED_MARKET_EVIDENCE_522
WSSEC:WS:XNYS:GL,WS:XNYS:GL,READY,,508,508,0,0,0,0.0,2024-09-16,2026-09-24,USD,GL,YFINANCE_FREE_REFRESH_V0_45
WSSEC:WS:XNYS:GLW,WS:XNYS:GLW,READY,,508,508,0,0,0,0.0,2024-09-16,2026-09-24,USD,GLW,YFINANCE_FREE_REFRESH_V0_45
WSSEC:WS:XNYS:GM,WS:XNYS:GM,READY,,508,508,0,0,0,0.0,2024-09-16,2026-09-24,USD,GM,YFINANCE_FREE_REFRESH_V0_45
WSSEC:WS:XNYS:GME,WS:XNYS:GME,READY,,500,500,0,0,0,0.0,2024-09-23,2026-09-21,USD,GME,YFINANCE_FREE_REUSED_MARKET_EVIDENCE_522
WSSEC:WS:XNYS:GMED,WS:XNYS:GMED,READY,,500,500,0,0,0,0.0,2024-09-23,2026-09-21,USD,GMED,YFINANCE_FREE_REUSED_MARKET_EVIDENCE_522
WSSEC:WS:XNYS:GNRC,WS:XNYS:GNRC,READY,,508,508,0,0,0,0.0,2024-09-16,2026-09-24,USD,GNRC,YFINANCE_FREE_REFRESH_V0_45
WSSEC:WS:XNYS:GPC,WS:XNYS:GPC,READY,,508,508,0,0,0,0.0,2024-09-16,2026-09-24,USD,GPC,YFINANCE_FREE_REFRESH_V0_45
WSSEC:WS:XNYS:GPK,WS:XNYS:GPK,READY,,500,500,0,0,0,0.0,2024-09-23,2026-09-21,USD,GPK,YFINANCE_FREE_REUSED_MARKET_EVIDENCE_522
WSSEC:WS:XNYS:GPN,WS:XNYS:GPN,READY,,508,508,0,0,0,0.0,2024-09-16,2026-09-24,USD,GPN,YFINANCE_FREE_REFRESH_V0_45
WSSEC:WS:XNYS:GS,WS:XNYS:GS,READY,,508,508,0,0,0,0.0,2024-09-16,2026-09-24,USD,GS,YFINANCE_FREE_REFRESH_V0_45
WSSEC:WS:XNYS:GWRE,WS:XNYS:GWRE,READY,,500,500,0,0,0,0.0,2024-09-23,2026-09-21,USD,GWRE,YFINANCE_FREE_REUSED_MARKET_EVIDENCE_522
WSSEC:WS:XNYS:GWW,WS:XNYS:GWW,READY,,508,508,0,0,0,0.0,2024-09-16,2026-09-24,USD,GWW,YFINANCE_FREE_REFRESH_V0_45
WSSEC:WS:XNYS:GXO,WS:XNYS:GXO,READY,,500,500,0,0,0,0.0,2024-09-23,2026-09-21,USD,GXO,YFINANCE_FREE_REUSED_MARKET_EVIDENCE_522
WSSEC:WS:XNYS:H,WS:XNYS:H,READY,,500,500,0,0,0,0.0,2024-09-23,2026-09-21,USD,H,YFINANCE_FREE_REUSED_MARKET_EVIDENCE_522
WSSEC:WS:XNYS:HAE,WS:XNYS:HAE,READY,,500,500,0,0,0,0.0,2024-09-23,2026-09-21,USD,HAE,YFINANCE_FREE_REUSED_MARKET_EVIDENCE_522
WSSEC:WS:XNYS:HAL,WS:XNYS:HAL,READY,,508,508,0,0,0,0.0,2024-09-16,2026-09-24,USD,HAL,YFINANCE_FREE_REFRESH_V0_45
WSSEC:WS:XNYS:HCA,WS:XNYS:HCA,READY,,508,508,0,0,0,0.0,2024-09-16,2026-09-24,USD,HCA,YFINANCE_FREE_REFRESH_V0_45
WSSEC:WS:XNYS:HD,WS:XNYS:HD,READY,,508,508,0,0,0,0.0,2024-09-16,2026-09-24,USD,HD,YFINANCE_FREE_REFRESH_V0_45
WSSEC:WS:XNYS:HGV,WS:XNYS:HGV,READY,,500,500,0,0,0,0.0,2024-09-23,2026-09-21,USD,HGV,YFINANCE_FREE_REUSED_MARKET_EVIDENCE_522
WSSEC:WS:XNYS:HIG,WS:XNYS:HIG,READY,,508,508,0,0,0,0.0,2024-09-16,2026-09-24,USD,HIG,YFINANCE_FREE_REFRESH_V0_45
WSSEC:WS:XNYS:HII,WS:XNYS:HII,READY,,508,508,0,0,0,0.0,2024-09-16,2026-09-24,USD,HII,YFINANCE_FREE_REFRESH_V0_45
WSSEC:WS:XNYS:HIMS,WS:XNYS:HIMS,READY,,500,500,0,0,0,0.0,2024-09-23,2026-09-21,USD,HIMS,YFINANCE_FREE_REUSED_MARKET_EVIDENCE_522
WSSEC:WS:XNYS:HL,WS:XNYS:HL,READY,,500,500,0,0,0,0.0,2024-09-23,2026-09-21,USD,HL,YFINANCE_FREE_REUSED_MARKET_EVIDENCE_522
WSSEC:WS:XNYS:HLI,WS:XNYS:HLI,READY,,500,500,0,0,0,0.0,2024-09-23,2026-09-21,USD,HLI,YFINANCE_FREE_REUSED_MARKET_EVIDENCE_522
WSSEC:WS:XNYS:HLT,WS:XNYS:HLT,READY,,508,508,0,0,0,0.0,2024-09-16,2026-09-24,USD,HLT,YFINANCE_FREE_REFRESH_V0_45
WSSEC:WS:XNYS:HOG,WS:XNYS:HOG,READY,,500,500,0,0,0,0.0,2024-09-23,2026-09-21,USD,HOG,YFINANCE_FREE_REUSED_MARKET_EVIDENCE_522
WSSEC:WS:XNYS:HOMB,WS:XNYS:HOMB,READY,,500,500,0,0,0,0.0,2024-09-23,2026-09-21,USD,HOMB,YFINANCE_FREE_REUSED_MARKET_EVIDENCE_522
WSSEC:WS:XNYS:HPE,WS:XNYS:HPE,READY,,508,508,0,0,0,0.0,2024-09-16,2026-09-24,USD,HPE,YFINANCE_FREE_REFRESH_V0_45
WSSEC:WS:XNYS:HRB,WS:XNYS:HRB,READY,,500,500,0,0,0,0.0,2024-09-23,2026-09-21,USD,HRB,YFINANCE_FREE_REUSED_MARKET_EVIDENCE_522
WSSEC:WS:XNYS:HRL,WS:XNYS:HRL,READY,,508,508,0,0,0,0.0,2024-09-16,2026-09-24,USD,HRL,YFINANCE_FREE_REFRESH_V0_45
WSSEC:WS:XNYS:HSY,WS:XNYS:HSY,READY,,508,508,0,0,0,0.0,2024-09-16,2026-09-24,USD,HSY,YFINANCE_FREE_REFRESH_V0_45
WSSEC:WS:XNYS:HUBB,WS:XNYS:HUBB,READY,,508,508,0,0,0,0.0,2024-09-16,2026-09-24,USD,HUBB,YFINANCE_FREE_REFRESH_V0_45
WSSEC:WS:XNYS:HUM,WS:XNYS:HUM,READY,,508,508,0,0,0,0.0,2024-09-16,2026-09-24,USD,HUM,YFINANCE_FREE_REFRESH_V0_45
WSSEC:WS:XNYS:HXL,WS:XNYS:HXL,READY,,500,500,0,0,0,0.0,2024-09-23,2026-09-21,USD,HXL,YFINANCE_FREE_REUSED_MARKET_EVIDENCE_522
WSSEC:WS:XNYS:IBM,WS:XNYS:IBM,READY,,508,508,0,0,0,0.0,2024-09-16,2026-09-24,USD,IBM,YFINANCE_FREE_REFRESH_V0_45
WSSEC:WS:XNYS:ICE,WS:XNYS:ICE,READY,,508,508,0,0,0,0.0,2024-09-16,2026-09-24,USD,ICE,YFINANCE_FREE_REFRESH_V0_45
WSSEC:WS:XNYS:IDA,WS:XNYS:IDA,READY,,500,500,0,0,0,0.0,2024-09-23,2026-09-21,USD,IDA,YFINANCE_FREE_REUSED_MARKET_EVIDENCE_522
WSSEC:WS:XNYS:IEX,WS:XNYS:IEX,READY,,508,508,0,0,0,0.0,2024-09-16,2026-09-24,USD,IEX,YFINANCE_FREE_REFRESH_V0_45
WSSEC:WS:XNYS:IFF,WS:XNYS:IFF,READY,,508,508,0,0,0,0.0,2024-09-16,2026-09-24,USD,IFF,YFINANCE_FREE_REFRESH_V0_45
WSSEC:WS:XNYS:INGR,WS:XNYS:INGR,READY,,500,500,0,0,0,0.0,2024-09-23,2026-09-21,USD,INGR,YFINANCE_FREE_REUSED_MARKET_EVIDENCE_522
WSSEC:WS:XNYS:IP,WS:XNYS:IP,READY,,508,508,0,0,0,0.0,2024-09-16,2026-09-24,USD,IP,YFINANCE_FREE_REFRESH_V0_45
WSSEC:WS:XNYS:IQV,WS:XNYS:IQV,READY,,508,508,0,0,0,0.0,2024-09-16,2026-09-24,USD,IQV,YFINANCE_FREE_REFRESH_V0_45
WSSEC:WS:XNYS:IT,WS:XNYS:IT,READY,,508,508,0,0,0,0.0,2024-09-16,2026-09-24,USD,IT,YFINANCE_FREE_REFRESH_V0_45
WSSEC:WS:XNYS:ITT,WS:XNYS:ITT,READY,,500,500,0,0,0,0.0,2024-09-23,2026-09-21,USD,ITT,YFINANCE_FREE_REUSED_MARKET_EVIDENCE_522
WSSEC:WS:XNYS:ITW,WS:XNYS:ITW,READY,,508,508,0,0,0,0.0,2024-09-16,2026-09-24,USD,ITW,YFINANCE_FREE_REFRESH_V0_45
WSSEC:WS:XNYS:JBL,WS:XNYS:JBL,READY,,508,508,0,0,0,0.0,2024-09-16,2026-09-24,USD,JBL,YFINANCE_FREE_REFRESH_V0_45
WSSEC:WS:XNYS:JEF,WS:XNYS:JEF,READY,,500,500,0,0,0,0.0,2024-09-23,2026-09-21,USD,JEF,YFINANCE_FREE_REUSED_MARKET_EVIDENCE_522
WSSEC:WS:XNYS:JNJ,WS:XNYS:JNJ,READY,,508,508,0,0,0,0.0,2024-09-16,2026-09-24,USD,JNJ,YFINANCE_FREE_REFRESH_V0_45
WSSEC:WS:XNYS:JPM,WS:XNYS:JPM,READY,,508,508,0,0,0,0.0,2024-09-16,2026-09-24,USD,JPM,YFINANCE_FREE_REFRESH_V0_45
WSSEC:WS:XNYS:KBH,WS:XNYS:KBH,READY,,500,500,0,0,0,0.0,2024-09-23,2026-09-21,USD,KBH,YFINANCE_FREE_REUSED_MARKET_EVIDENCE_522
WSSEC:WS:XNYS:KBR,WS:XNYS:KBR,READY,,500,500,0,0,0,0.0,2024-09-23,2026-09-21,USD,KBR,YFINANCE_FREE_REUSED_MARKET_EVIDENCE_522
WSSEC:WS:XNYS:KD,WS:XNYS:KD,READY,VALIDATED_522_RECONCILIATION,500,500,0,1,0,0.0,2024-09-23,2026-09-21,USD,KD,YFINANCE_FREE_REUSED_MARKET_EVIDENCE_522
WSSEC:WS:XNYS:KEX,WS:XNYS:KEX,READY,,500,500,0,0,0,0.0,2024-09-23,2026-09-21,USD,KEX,YFINANCE_FREE_REUSED_MARKET_EVIDENCE_522
WSSEC:WS:XNYS:KEY,WS:XNYS:KEY,READY,,508,508,0,0,0,0.0,2024-09-16,2026-09-24,USD,KEY,YFINANCE_FREE_REFRESH_V0_45
WSSEC:WS:XNYS:KEYS,WS:XNYS:KEYS,READY,,508,508,0,0,0,0.0,2024-09-16,2026-09-24,USD,KEYS,YFINANCE_FREE_REFRESH_V0_45
WSSEC:WS:XNYS:KMB,WS:XNYS:KMB,READY,,508,508,0,0,0,0.0,2024-09-16,2026-09-24,USD,KMB,YFINANCE_FREE_REFRESH_V0_45
WSSEC:WS:XNYS:KMI,WS:XNYS:KMI,READY,,508,508,0,0,0,0.0,2024-09-16,2026-09-24,USD,KMI,YFINANCE_FREE_REFRESH_V0_45
WSSEC:WS:XNYS:KNF,WS:XNYS:KNF,READY,,500,500,0,0,0,0.0,2024-09-23,2026-09-21,USD,KNF,YFINANCE_FREE_REUSED_MARKET_EVIDENCE_522
WSSEC:WS:XNYS:KNSL,WS:XNYS:KNSL,READY,,500,500,0,0,0,0.0,2024-09-23,2026-09-21,USD,KNSL,YFINANCE_FREE_REUSED_MARKET_EVIDENCE_522
WSSEC:WS:XNYS:KNX,WS:XNYS:KNX,READY,,500,500,0,0,0,0.0,2024-09-23,2026-09-21,USD,KNX,YFINANCE_FREE_REUSED_MARKET_EVIDENCE_522
WSSEC:WS:XNYS:KO,WS:XNYS:KO,READY,,508,508,0,0,0,0.0,2024-09-16,2026-09-24,USD,KO,YFINANCE_FREE_REFRESH_V0_45
WSSEC:WS:XNYS:KR,WS:XNYS:KR,READY,,508,508,0,0,0,0.0,2024-09-16,2026-09-24,USD,KR,YFINANCE_FREE_REFRESH_V0_45
WSSEC:WS:XNYS:KVUE,WS:XNYS:KVUE,READY,,508,508,0,0,0,0.0,2024-09-16,2026-09-24,USD,KVUE,YFINANCE_FREE_REFRESH_V0_45
WSSEC:WS:XNYS:L,WS:XNYS:L,READY,,508,508,0,0,0,0.0,2024-09-16,2026-09-24,USD,L,YFINANCE_FREE_REFRESH_V0_45
WSSEC:WS:XNYS:LAD,WS:XNYS:LAD,READY,,500,500,0,0,0,0.0,2024-09-23,2026-09-21,USD,LAD,YFINANCE_FREE_REUSED_MARKET_EVIDENCE_522
WSSEC:WS:XNYS:LDOS,WS:XNYS:LDOS,READY,,508,508,0,0,0,0.0,2024-09-16,2026-09-24,USD,LDOS,YFINANCE_FREE_REFRESH_V0_45
WSSEC:WS:XNYS:LEA,WS:XNYS:LEA,READY,,500,500,0,0,0,0.0,2024-09-23,2026-09-21,USD,LEA,YFINANCE_FREE_REUSED_MARKET_EVIDENCE_522
WSSEC:WS:XNYS:LEN,WS:XNYS:LEN,READY,,508,508,0,0,0,0.0,2024-09-16,2026-09-24,USD,LEN,YFINANCE_FREE_REFRESH_V0_45
WSSEC:WS:XNYS:LHX,WS:XNYS:LHX,READY,,508,508,0,0,0,0.0,2024-09-16,2026-09-24,USD,LHX,YFINANCE_FREE_REFRESH_V0_45
WSSEC:WS:XNYS:LII,WS:XNYS:LII,READY,,508,508,0,0,0,0.0,2024-09-16,2026-09-24,USD,LII,YFINANCE_FREE_REFRESH_V0_45
WSSEC:WS:XNYS:LLY,WS:XNYS:LLY,READY,,508,508,0,0,0,0.0,2024-09-16,2026-09-24,USD,LLY,YFINANCE_FREE_REFRESH_V0_45
WSSEC:WS:XNYS:LMT,WS:XNYS:LMT,READY,,508,508,0,0,0,0.0,2024-09-16,2026-09-24,USD,LMT,YFINANCE_FREE_REFRESH_V0_45
WSSEC:WS:XNYS:LOW,WS:XNYS:LOW,READY,,508,508,0,0,0,0.0,2024-09-16,2026-09-24,USD,LOW,YFINANCE_FREE_REFRESH_V0_45
WSSEC:WS:XNYS:LPX,WS:XNYS:LPX,READY,,500,500,0,0,0,0.0,2024-09-23,2026-09-21,USD,LPX,YFINANCE_FREE_REUSED_MARKET_EVIDENCE_522
WSSEC:WS:XNYS:LUV,WS:XNYS:LUV,READY,,508,508,0,0,0,0.0,2024-09-16,2026-09-24,USD,LUV,YFINANCE_FREE_REFRESH_V0_45
WSSEC:WS:XNYS:LVS,WS:XNYS:LVS,READY,,508,508,0,0,0,0.0,2024-09-16,2026-09-24,USD,LVS,YFINANCE_FREE_REFRESH_V0_45
WSSEC:WS:XNYS:LYV,WS:XNYS:LYV,READY,,508,508,0,0,0,0.0,2024-09-16,2026-09-24,USD,LYV,YFINANCE_FREE_REFRESH_V0_45
WSSEC:WS:XNYS:M,WS:XNYS:M,READY,,500,500,0,0,0,0.0,2024-09-23,2026-09-21,USD,M,YFINANCE_FREE_REUSED_MARKET_EVIDENCE_522
WSSEC:WS:XNYS:MA,WS:XNYS:MA,READY,,508,508,0,0,0,0.0,2024-09-16,2026-09-24,USD,MA,YFINANCE_FREE_REFRESH_V0_45
WSSEC:WS:XNYS:MAS,WS:XNYS:MAS,READY,,508,508,0,0,0,0.0,2024-09-16,2026-09-24,USD,MAS,YFINANCE_FREE_REFRESH_V0_45
WSSEC:WS:XNYS:MCD,WS:XNYS:MCD,READY,,508,508,0,0,0,0.0,2024-09-16,2026-09-24,USD,MCD,YFINANCE_FREE_REFRESH_V0_45
WSSEC:WS:XNYS:MCK,WS:XNYS:MCK,READY,,508,508,0,0,0,0.0,2024-09-16,2026-09-24,USD,MCK,YFINANCE_FREE_REFRESH_V0_45
WSSEC:WS:XNYS:MCO,WS:XNYS:MCO,READY,,508,508,0,0,0,0.0,2024-09-16,2026-09-24,USD,MCO,YFINANCE_FREE_REFRESH_V0_45
WSSEC:WS:XNYS:MET,WS:XNYS:MET,READY,,508,508,0,0,0,0.0,2024-09-16,2026-09-24,USD,MET,YFINANCE_FREE_REFRESH_V0_45
WSSEC:WS:XNYS:MGM,WS:XNYS:MGM,READY,,508,508,0,0,0,0.0,2024-09-16,2026-09-24,USD,MGM,YFINANCE_FREE_REFRESH_V0_45
WSSEC:WS:XNYS:MKC,WS:XNYS:MKC,READY,,508,508,0,0,0,0.0,2024-09-16,2026-09-24,USD,MKC,YFINANCE_FREE_REFRESH_V0_45
WSSEC:WS:XNYS:MLI,WS:XNYS:MLI,READY,,500,500,0,0,0,0.0,2024-09-23,2026-09-21,USD,MLI,YFINANCE_FREE_REUSED_MARKET_EVIDENCE_522
WSSEC:WS:XNYS:MLM,WS:XNYS:MLM,READY,,508,508,0,0,0,0.0,2024-09-16,2026-09-24,USD,MLM,YFINANCE_FREE_REFRESH_V0_45
WSSEC:WS:XNYS:MMM,WS:XNYS:MMM,READY,,508,508,0,0,0,0.0,2024-09-16,2026-09-24,USD,MMM,YFINANCE_FREE_REFRESH_V0_45
WSSEC:WS:XNYS:MMS,WS:XNYS:MMS,READY,,500,500,0,0,0,0.0,2024-09-23,2026-09-21,USD,MMS,YFINANCE_FREE_REUSED_MARKET_EVIDENCE_522
WSSEC:WS:XNYS:MO,WS:XNYS:MO,READY,,508,508,0,0,0,0.0,2024-09-16,2026-09-24,USD,MO,YFINANCE_FREE_REFRESH_V0_45
WSSEC:WS:XNYS:MOGA,WS:XNYS:MOGA,READY,,500,500,0,0,0,0.0,2024-09-23,2026-09-21,USD,MOG-A,YFINANCE_FREE_REUSED_MARKET_EVIDENCE_522
WSSEC:WS:XNYS:MOH,WS:XNYS:MOH,READY,,500,500,0,0,0,0.0,2024-09-23,2026-09-21,USD,MOH,YFINANCE_FREE_REUSED_MARKET_EVIDENCE_522
WSSEC:WS:XNYS:MOS,WS:XNYS:MOS,READY,,508,508,0,0,0,0.0,2024-09-16,2026-09-24,USD,MOS,YFINANCE_FREE_REFRESH_V0_45
WSSEC:WS:XNYS:MP,WS:XNYS:MP,READY,VALIDATED_522_RECONCILIATION,500,500,0,1,0,0.0,2024-09-23,2026-09-21,USD,MP,YFINANCE_FREE_REUSED_MARKET_EVIDENCE_522
WSSEC:WS:XNYS:MPC,WS:XNYS:MPC,READY,,508,508,0,0,0,0.0,2024-09-16,2026-09-24,USD,MPC,YFINANCE_FREE_REFRESH_V0_45
WSSEC:WS:XNYS:MRK,WS:XNYS:MRK,READY,,508,508,0,0,0,0.0,2024-09-16,2026-09-24,USD,MRK,YFINANCE_FREE_REFRESH_V0_45
WSSEC:WS:XNYS:MS,WS:XNYS:MS,READY,,508,508,0,0,0,0.0,2024-09-16,2026-09-24,USD,MS,YFINANCE_FREE_REFRESH_V0_45
WSSEC:WS:XNYS:MSA,WS:XNYS:MSA,READY,,500,500,0,0,0,0.0,2024-09-23,2026-09-21,USD,MSA,YFINANCE_FREE_REUSED_MARKET_EVIDENCE_522
WSSEC:WS:XNYS:MSCI,WS:XNYS:MSCI,READY,,508,508,0,0,0,0.0,2024-09-16,2026-09-24,USD,MSCI,YFINANCE_FREE_REFRESH_V0_45
WSSEC:WS:XNYS:MSI,WS:XNYS:MSI,READY,,508,508,0,0,0,0.0,2024-09-16,2026-09-24,USD,MSI,YFINANCE_FREE_REFRESH_V0_45
WSSEC:WS:XNYS:MSM,WS:XNYS:MSM,READY,,500,500,0,0,0,0.0,2024-09-23,2026-09-21,USD,MSM,YFINANCE_FREE_REUSED_MARKET_EVIDENCE_522
WSSEC:WS:XNYS:MTB,WS:XNYS:MTB,READY,,508,508,0,0,0,0.0,2024-09-16,2026-09-24,USD,MTB,YFINANCE_FREE_REFRESH_V0_45
WSSEC:WS:XNYS:MTD,WS:XNYS:MTD,READY,,508,508,0,0,0,0.0,2024-09-16,2026-09-24,USD,MTD,YFINANCE_FREE_REFRESH_V0_45
WSSEC:WS:XNYS:MTDR,WS:XNYS:MTDR,READY,,500,500,0,0,0,0.0,2024-09-23,2026-09-21,USD,MTDR,YFINANCE_FREE_REUSED_MARKET_EVIDENCE_522
WSSEC:WS:XNYS:MTG,WS:XNYS:MTG,READY,,500,500,0,0,0,0.0,2024-09-23,2026-09-21,USD,MTG,YFINANCE_FREE_REUSED_MARKET_EVIDENCE_522
WSSEC:WS:XNYS:MTN,WS:XNYS:MTN,READY,,500,500,0,0,0,0.0,2024-09-23,2026-09-21,USD,MTN,YFINANCE_FREE_REUSED_MARKET_EVIDENCE_522
WSSEC:WS:XNYS:MTZ,WS:XNYS:MTZ,READY,,500,500,0,0,0,0.0,2024-09-23,2026-09-21,USD,MTZ,YFINANCE_FREE_REUSED_MARKET_EVIDENCE_522
WSSEC:WS:XNYS:MUR,WS:XNYS:MUR,READY,,500,500,0,0,0,0.0,2024-09-23,2026-09-21,USD,MUR,YFINANCE_FREE_REUSED_MARKET_EVIDENCE_522
WSSEC:WS:XNYS:MUSA,WS:XNYS:MUSA,READY,,500,500,0,0,0,0.0,2024-09-23,2026-09-21,USD,MUSA,YFINANCE_FREE_REUSED_MARKET_EVIDENCE_522
WSSEC:WS:XNYS:NEM,WS:XNYS:NEM,READY,,508,508,0,0,0,0.0,2024-09-16,2026-09-24,USD,NEM,YFINANCE_FREE_REFRESH_V0_45
WSSEC:WS:XNYS:NEU,WS:XNYS:NEU,READY,,500,500,0,0,0,0.0,2024-09-23,2026-09-21,USD,NEU,YFINANCE_FREE_REUSED_MARKET_EVIDENCE_522
WSSEC:WS:XNYS:NFG,WS:XNYS:NFG,READY,,500,500,0,0,0,0.0,2024-09-23,2026-09-21,USD,NFG,YFINANCE_FREE_REUSED_MARKET_EVIDENCE_522
WSSEC:WS:XNYS:NI,WS:XNYS:NI,READY,,508,508,0,0,0,0.0,2024-09-16,2026-09-24,USD,NI,YFINANCE_FREE_REFRESH_V0_45
WSSEC:WS:XNYS:NJR,WS:XNYS:NJR,READY,,500,500,0,0,0,0.0,2024-09-23,2026-09-21,USD,NJR,YFINANCE_FREE_REUSED_MARKET_EVIDENCE_522
WSSEC:WS:XNYS:NKE,WS:XNYS:NKE,READY,,508,508,0,0,0,0.0,2024-09-16,2026-09-24,USD,NKE,YFINANCE_FREE_REFRESH_V0_45
WSSEC:WS:XNYS:NOC,WS:XNYS:NOC,READY,,508,508,0,0,0,0.0,2024-09-16,2026-09-24,USD,NOC,YFINANCE_FREE_REFRESH_V0_45
WSSEC:WS:XNYS:NOV,WS:XNYS:NOV,READY,,500,500,0,0,0,0.0,2024-09-23,2026-09-21,USD,NOV,YFINANCE_FREE_REUSED_MARKET_EVIDENCE_522
WSSEC:WS:XNYS:NOW,WS:XNYS:NOW,READY,,508,508,0,0,0,0.0,2024-09-16,2026-09-24,USD,NOW,YFINANCE_FREE_REFRESH_V0_45
WSSEC:WS:XNYS:NRG,WS:XNYS:NRG,READY,,508,508,0,0,0,0.0,2024-09-16,2026-09-24,USD,NRG,YFINANCE_FREE_REFRESH_V0_45
WSSEC:WS:XNYS:NSC,WS:XNYS:NSC,READY,,508,508,0,0,0,0.0,2024-09-16,2026-09-24,USD,NSC,YFINANCE_FREE_REFRESH_V0_45
WSSEC:WS:XNYS:NUE,WS:XNYS:NUE,READY,,508,508,0,0,0,0.0,2024-09-16,2026-09-24,USD,NUE,YFINANCE_FREE_REFRESH_V0_45
WSSEC:WS:XNYS:NVR,WS:XNYS:NVR,READY,,508,508,0,0,0,0.0,2024-09-16,2026-09-24,USD,NVR,YFINANCE_FREE_REFRESH_V0_45
WSSEC:WS:XNYS:NVST,WS:XNYS:NVST,READY,,500,500,0,0,0,0.0,2024-09-23,2026-09-21,USD,NVST,YFINANCE_FREE_REUSED_MARKET_EVIDENCE_522
WSSEC:WS:XNYS:NVT,WS:XNYS:NVT,READY,,500,500,0,0,0,0.0,2024-09-23,2026-09-21,USD,NVT,YFINANCE_FREE_REUSED_MARKET_EVIDENCE_522
WSSEC:WS:XNYS:NYT,WS:XNYS:NYT,READY,,500,500,0,0,0,0.0,2024-09-23,2026-09-21,USD,NYT,YFINANCE_FREE_REUSED_MARKET_EVIDENCE_522
WSSEC:WS:XNYS:OC,WS:XNYS:OC,READY,,500,500,0,0,0,0.0,2024-09-23,2026-09-21,USD,OC,YFINANCE_FREE_REUSED_MARKET_EVIDENCE_522
WSSEC:WS:XNYS:OGE,WS:XNYS:OGE,READY,,500,500,0,0,0,0.0,2024-09-23,2026-09-21,USD,OGE,YFINANCE_FREE_REUSED_MARKET_EVIDENCE_522
WSSEC:WS:XNYS:OGS,WS:XNYS:OGS,READY,,500,500,0,0,0,0.0,2024-09-23,2026-09-21,USD,OGS,YFINANCE_FREE_REUSED_MARKET_EVIDENCE_522
WSSEC:WS:XNYS:OKE,WS:XNYS:OKE,READY,,508,508,0,0,0,0.0,2024-09-16,2026-09-24,USD,OKE,YFINANCE_FREE_REFRESH_V0_45
WSSEC:WS:XNYS:OLN,WS:XNYS:OLN,READY,,500,500,0,0,0,0.0,2024-09-23,2026-09-21,USD,OLN,YFINANCE_FREE_REUSED_MARKET_EVIDENCE_522
WSSEC:WS:XNYS:OMC,WS:XNYS:OMC,READY,,508,508,0,0,0,0.0,2024-09-16,2026-09-24,USD,OMC,YFINANCE_FREE_REFRESH_V0_45
WSSEC:WS:XNYS:ONTO,WS:XNYS:ONTO,READY,,500,500,0,0,0,0.0,2024-09-23,2026-09-21,USD,ONTO,YFINANCE_FREE_REUSED_MARKET_EVIDENCE_522
WSSEC:WS:XNYS:ORA,WS:XNYS:ORA,READY,,500,500,0,0,0,0.0,2024-09-23,2026-09-21,USD,ORA,YFINANCE_FREE_REUSED_MARKET_EVIDENCE_522
WSSEC:WS:XNYS:ORI,WS:XNYS:ORI,READY,,500,500,0,0,0,0.0,2024-09-23,2026-09-21,USD,ORI,YFINANCE_FREE_REUSED_MARKET_EVIDENCE_522
WSSEC:WS:XNYS:OSK,WS:XNYS:OSK,READY,,500,500,0,0,0,0.0,2024-09-23,2026-09-21,USD,OSK,YFINANCE_FREE_REUSED_MARKET_EVIDENCE_522
WSSEC:WS:XNYS:OTIS,WS:XNYS:OTIS,READY,,508,508,0,0,0,0.0,2024-09-16,2026-09-24,USD,OTIS,YFINANCE_FREE_REFRESH_V0_45
WSSEC:WS:XNYS:OVV,WS:XNYS:OVV,READY,,500,500,0,0,0,0.0,2024-09-23,2026-09-21,USD,OVV,YFINANCE_FREE_REUSED_MARKET_EVIDENCE_522
WSSEC:WS:XNYS:OXY,WS:XNYS:OXY,READY,,508,508,0,0,0,0.0,2024-09-16,2026-09-24,USD,OXY,YFINANCE_FREE_REFRESH_V0_45
WSSEC:WS:XNYS:P,WS:XNYS:P,READY,,500,500,0,0,0,0.0,2024-09-23,2026-09-21,USD,P,YFINANCE_FREE_REUSED_MARKET_EVIDENCE_522
WSSEC:WS:XNYS:PAG,WS:XNYS:PAG,READY,,500,500,0,0,0,0.0,2024-09-23,2026-09-21,USD,PAG,YFINANCE_FREE_REUSED_MARKET_EVIDENCE_522
WSSEC:WS:XNYS:PATH,WS:XNYS:PATH,READY,,500,500,0,0,0,0.0,2024-09-23,2026-09-21,USD,PATH,YFINANCE_FREE_REUSED_MARKET_EVIDENCE_522
WSSEC:WS:XNYS:PB,WS:XNYS:PB,READY,,500,500,0,0,0,0.0,2024-09-23,2026-09-21,USD,PB,YFINANCE_FREE_REUSED_MARKET_EVIDENCE_522
WSSEC:WS:XNYS:PBF,WS:XNYS:PBF,READY,,500,500,0,0,0,0.0,2024-09-23,2026-09-21,USD,PBF,YFINANCE_FREE_REUSED_MARKET_EVIDENCE_522
WSSEC:WS:XNYS:PCG,WS:XNYS:PCG,READY,,508,508,0,0,0,0.0,2024-09-16,2026-09-24,USD,PCG,YFINANCE_FREE_REFRESH_V0_45
WSSEC:WS:XNYS:PEG,WS:XNYS:PEG,READY,,508,508,0,0,0,0.0,2024-09-16,2026-09-24,USD,PEG,YFINANCE_FREE_REFRESH_V0_45
WSSEC:WS:XNYS:PEN,WS:XNYS:PEN,READY,,500,500,0,0,0,0.0,2024-09-23,2026-09-21,USD,PEN,YFINANCE_FREE_REUSED_MARKET_EVIDENCE_522
WSSEC:WS:XNYS:PEP,WS:XNYS:PEP,READY,,508,508,0,0,0,0.0,2024-09-16,2026-09-24,USD,PEP,YFINANCE_FREE_REFRESH_V0_45
WSSEC:WS:XNYS:PFE,WS:XNYS:PFE,READY,,508,508,0,0,0,0.0,2024-09-16,2026-09-24,USD,PFE,YFINANCE_FREE_REFRESH_V0_45
WSSEC:WS:XNYS:PFGC,WS:XNYS:PFGC,READY,,500,500,0,0,0,0.0,2024-09-23,2026-09-21,USD,PFGC,YFINANCE_FREE_REUSED_MARKET_EVIDENCE_522
WSSEC:WS:XNYS:PG,WS:XNYS:PG,READY,,508,508,0,0,0,0.0,2024-09-16,2026-09-24,USD,PG,YFINANCE_FREE_REFRESH_V0_45
WSSEC:WS:XNYS:PGR,WS:XNYS:PGR,READY,,508,508,0,0,0,0.0,2024-09-16,2026-09-24,USD,PGR,YFINANCE_FREE_REFRESH_V0_45
WSSEC:WS:XNYS:PH,WS:XNYS:PH,READY,,508,508,0,0,0,0.0,2024-09-16,2026-09-24,USD,PH,YFINANCE_FREE_REFRESH_V0_45
WSSEC:WS:XNYS:PHM,WS:XNYS:PHM,READY,,508,508,0,0,0,0.0,2024-09-16,2026-09-24,USD,PHM,YFINANCE_FREE_REFRESH_V0_45
WSSEC:WS:XNYS:PII,WS:XNYS:PII,READY,,500,500,0,0,0,0.0,2024-09-23,2026-09-21,USD,PII,YFINANCE_FREE_REUSED_MARKET_EVIDENCE_522
WSSEC:WS:XNYS:PINS,WS:XNYS:PINS,READY,,500,500,0,0,0,0.0,2024-09-23,2026-09-21,USD,PINS,YFINANCE_FREE_REUSED_MARKET_EVIDENCE_522
WSSEC:WS:XNYS:PKG,WS:XNYS:PKG,READY,,508,508,0,0,0,0.0,2024-09-16,2026-09-24,USD,PKG,YFINANCE_FREE_REFRESH_V0_45
WSSEC:WS:XNYS:PLNT,WS:XNYS:PLNT,READY,,500,500,0,0,0,0.0,2024-09-23,2026-09-21,USD,PLNT,YFINANCE_FREE_REUSED_MARKET_EVIDENCE_522
WSSEC:WS:XNYS:PLTR,WS:XNYS:PLTR,READY,,508,508,0,0,0,0.0,2024-09-16,2026-09-24,USD,PLTR,YFINANCE_FREE_REFRESH_V0_45
WSSEC:WS:XNYS:PM,WS:XNYS:PM,READY,,508,508,0,0,0,0.0,2024-09-16,2026-09-24,USD,PM,YFINANCE_FREE_REFRESH_V0_45
WSSEC:WS:XNYS:PNC,WS:XNYS:PNC,READY,,508,508,0,0,0,0.0,2024-09-16,2026-09-24,USD,PNC,YFINANCE_FREE_REFRESH_V0_45
WSSEC:WS:XNYS:PNFP,WS:XNYS:PNFP,READY,,500,500,0,0,0,0.0,2024-09-23,2026-09-21,USD,PNFP,YFINANCE_FREE_REUSED_MARKET_EVIDENCE_522
WSSEC:WS:XNYS:PNW,WS:XNYS:PNW,READY,,508,508,0,0,0,0.0,2024-09-16,2026-09-24,USD,PNW,YFINANCE_FREE_REFRESH_V0_45
WSSEC:WS:XNYS:POR,WS:XNYS:POR,READY,,500,500,0,0,0,0.0,2024-09-23,2026-09-21,USD,POR,YFINANCE_FREE_REUSED_MARKET_EVIDENCE_522
WSSEC:WS:XNYS:POST,WS:XNYS:POST,READY,,500,500,0,0,0,0.0,2024-09-23,2026-09-21,USD,POST,YFINANCE_FREE_REUSED_MARKET_EVIDENCE_522
WSSEC:WS:XNYS:PPG,WS:XNYS:PPG,READY,,508,508,0,0,0,0.0,2024-09-16,2026-09-24,USD,PPG,YFINANCE_FREE_REFRESH_V0_45
WSSEC:WS:XNYS:PPL,WS:XNYS:PPL,READY,,508,508,0,0,0,0.0,2024-09-16,2026-09-24,USD,PPL,YFINANCE_FREE_REFRESH_V0_45
WSSEC:WS:XNYS:PR,WS:XNYS:PR,READY,,500,500,0,0,0,0.0,2024-09-23,2026-09-21,USD,PR,YFINANCE_FREE_REUSED_MARKET_EVIDENCE_522
WSSEC:WS:XNYS:PRI,WS:XNYS:PRI,READY,,500,500,0,0,0,0.0,2024-09-23,2026-09-21,USD,PRI,YFINANCE_FREE_REUSED_MARKET_EVIDENCE_522
WSSEC:WS:XNYS:PSN,WS:XNYS:PSN,READY,,500,500,0,0,0,0.0,2024-09-23,2026-09-21,USD,PSN,YFINANCE_FREE_REUSED_MARKET_EVIDENCE_522
WSSEC:WS:XNYS:PSX,WS:XNYS:PSX,READY,,508,508,0,0,0,0.0,2024-09-16,2026-09-24,USD,PSX,YFINANCE_FREE_REFRESH_V0_45
WSSEC:WS:XNYS:PVH,WS:XNYS:PVH,READY,,500,500,0,0,0,0.0,2024-09-23,2026-09-21,USD,PVH,YFINANCE_FREE_REUSED_MARKET_EVIDENCE_522
WSSEC:WS:XNYS:PWR,WS:XNYS:PWR,READY,,508,508,0,0,0,0.0,2024-09-16,2026-09-24,USD,PWR,YFINANCE_FREE_REFRESH_V0_45
WSSEC:WS:XNYS:R,WS:XNYS:R,READY,,500,500,0,0,0,0.0,2024-09-23,2026-09-21,USD,R,YFINANCE_FREE_REUSED_MARKET_EVIDENCE_522
WSSEC:WS:XNYS:RBA,WS:XNYS:RBA,READY,,500,500,0,0,0,0.0,2024-09-23,2026-09-21,USD,RBA,YFINANCE_FREE_REUSED_MARKET_EVIDENCE_522
WSSEC:WS:XNYS:RBC,WS:XNYS:RBC,READY,,500,500,0,0,0,0.0,2024-09-23,2026-09-21,USD,RBC,YFINANCE_FREE_REUSED_MARKET_EVIDENCE_522
WSSEC:WS:XNYS:RF,WS:XNYS:RF,READY,,508,508,0,0,0,0.0,2024-09-16,2026-09-24,USD,RF,YFINANCE_FREE_REFRESH_V0_45
WSSEC:WS:XNYS:RGA,WS:XNYS:RGA,READY,,500,500,0,0,0,0.0,2024-09-23,2026-09-21,USD,RGA,YFINANCE_FREE_REUSED_MARKET_EVIDENCE_522
WSSEC:WS:XNYS:RH,WS:XNYS:RH,READY,,500,500,0,0,0,0.0,2024-09-23,2026-09-21,USD,RH,YFINANCE_FREE_REUSED_MARKET_EVIDENCE_522
WSSEC:WS:XNYS:RJF,WS:XNYS:RJF,READY,,508,508,0,0,0,0.0,2024-09-16,2026-09-24,USD,RJF,YFINANCE_FREE_REFRESH_V0_45
WSSEC:WS:XNYS:RL,WS:XNYS:RL,READY,,508,508,0,0,0,0.0,2024-09-16,2026-09-24,USD,RL,YFINANCE_FREE_REFRESH_V0_45
WSSEC:WS:XNYS:RLI,WS:XNYS:RLI,READY,,500,500,0,0,0,0.0,2024-09-23,2026-09-21,USD,RLI,YFINANCE_FREE_REUSED_MARKET_EVIDENCE_522
WSSEC:WS:XNYS:RMD,WS:XNYS:RMD,READY,,508,508,0,0,0,0.0,2024-09-16,2026-09-24,USD,RMD,YFINANCE_FREE_REFRESH_V0_45
WSSEC:WS:XNYS:RNR,WS:XNYS:RNR,READY,,500,500,0,0,0,0.0,2024-09-23,2026-09-21,USD,RNR,YFINANCE_FREE_REUSED_MARKET_EVIDENCE_522
WSSEC:WS:XNYS:ROK,WS:XNYS:ROK,READY,,508,508,0,0,0,0.0,2024-09-16,2026-09-24,USD,ROK,YFINANCE_FREE_REFRESH_V0_45
WSSEC:WS:XNYS:ROL,WS:XNYS:ROL,READY,,508,508,0,0,0,0.0,2024-09-16,2026-09-24,USD,ROL,YFINANCE_FREE_REFRESH_V0_45
WSSEC:WS:XNYS:ROP,WS:XNYS:ROP,READY,,508,508,0,0,0,0.0,2024-09-16,2026-09-24,USD,ROP,YFINANCE_FREE_REFRESH_V0_45
WSSEC:WS:XNYS:RPM,WS:XNYS:RPM,READY,,500,500,0,0,0,0.0,2024-09-23,2026-09-21,USD,RPM,YFINANCE_FREE_REUSED_MARKET_EVIDENCE_522
WSSEC:WS:XNYS:RRC,WS:XNYS:RRC,READY,,500,500,0,0,0,0.0,2024-09-23,2026-09-21,USD,RRC,YFINANCE_FREE_REUSED_MARKET_EVIDENCE_522
WSSEC:WS:XNYS:RRX,WS:XNYS:RRX,READY,,500,500,0,0,0,0.0,2024-09-23,2026-09-21,USD,RRX,YFINANCE_FREE_REUSED_MARKET_EVIDENCE_522
WSSEC:WS:XNYS:RS,WS:XNYS:RS,READY,,500,500,0,0,0,0.0,2024-09-23,2026-09-21,USD,RS,YFINANCE_FREE_REUSED_MARKET_EVIDENCE_522
WSSEC:WS:XNYS:RSG,WS:XNYS:RSG,READY,,508,508,0,0,0,0.0,2024-09-16,2026-09-24,USD,RSG,YFINANCE_FREE_REFRESH_V0_45
WSSEC:WS:XNYS:RTX,WS:XNYS:RTX,READY,,508,508,0,0,0,0.0,2024-09-16,2026-09-24,USD,RTX,YFINANCE_FREE_REFRESH_V0_45
WSSEC:WS:XNYS:RYAN,WS:XNYS:RYAN,READY,,500,500,0,0,0,0.0,2024-09-23,2026-09-21,USD,RYAN,YFINANCE_FREE_REUSED_MARKET_EVIDENCE_522
WSSEC:WS:XNYS:SAM,WS:XNYS:SAM,READY,,500,500,0,0,0,0.0,2024-09-23,2026-09-21,USD,SAM,YFINANCE_FREE_REUSED_MARKET_EVIDENCE_522
WSSEC:WS:XNYS:SARO,WS:XNYS:SARO,READY,,493,493,0,0,0,0.0,2024-10-02,2026-09-21,USD,SARO,YFINANCE_FREE_REUSED_MARKET_EVIDENCE_522
WSSEC:WS:XNYS:SCHW,WS:XNYS:SCHW,READY,,508,508,0,0,0,0.0,2024-09-16,2026-09-24,USD,SCHW,YFINANCE_FREE_REFRESH_V0_45
WSSEC:WS:XNYS:SCI,WS:XNYS:SCI,READY,,500,500,0,0,0,0.0,2024-09-23,2026-09-21,USD,SCI,YFINANCE_FREE_REUSED_MARKET_EVIDENCE_522
WSSEC:WS:XNYS:SF,WS:XNYS:SF,READY,,500,500,0,0,0,0.0,2024-09-23,2026-09-21,USD,SF,YFINANCE_FREE_REUSED_MARKET_EVIDENCE_522
WSSEC:WS:XNYS:SGI,WS:XNYS:SGI,READY,,500,500,0,0,0,0.0,2024-09-23,2026-09-21,USD,SGI,YFINANCE_FREE_REUSED_MARKET_EVIDENCE_522
WSSEC:WS:XNYS:SHW,WS:XNYS:SHW,READY,,508,508,0,0,0,0.0,2024-09-16,2026-09-24,USD,SHW,YFINANCE_FREE_REFRESH_V0_45
WSSEC:WS:XNYS:SJM,WS:XNYS:SJM,READY,,508,508,0,0,0,0.0,2024-09-16,2026-09-24,USD,SJM,YFINANCE_FREE_REFRESH_V0_45
WSSEC:WS:XNYS:SLGN,WS:XNYS:SLGN,READY,,500,500,0,0,0,0.0,2024-09-23,2026-09-21,USD,SLGN,YFINANCE_FREE_REUSED_MARKET_EVIDENCE_522
WSSEC:WS:XNYS:SMG,WS:XNYS:SMG,READY,,500,500,0,0,0,0.0,2024-09-23,2026-09-21,USD,SMG,YFINANCE_FREE_REUSED_MARKET_EVIDENCE_522
WSSEC:WS:XNYS:SN,WS:XNYS:SN,READY,,500,500,0,0,0,0.0,2024-09-23,2026-09-21,USD,SN,YFINANCE_FREE_REUSED_MARKET_EVIDENCE_522
WSSEC:WS:XNYS:SNA,WS:XNYS:SNA,READY,,508,508,0,0,0,0.0,2024-09-16,2026-09-24,USD,SNA,YFINANCE_FREE_REFRESH_V0_45
WSSEC:WS:XNYS:SNX,WS:XNYS:SNX,READY,,500,500,0,0,0,0.0,2024-09-23,2026-09-21,USD,SNX,YFINANCE_FREE_REUSED_MARKET_EVIDENCE_522
WSSEC:WS:XNYS:SO,WS:XNYS:SO,READY,,508,508,0,0,0,0.0,2024-09-16,2026-09-24,USD,SO,YFINANCE_FREE_REFRESH_V0_45
WSSEC:WS:XNYS:SOLV,WS:XNYS:SOLV,READY,,508,508,0,0,0,0.0,2024-09-16,2026-09-24,USD,SOLV,YFINANCE_FREE_REFRESH_V0_45
WSSEC:WS:XNYS:SON,WS:XNYS:SON,READY,,500,500,0,0,0,0.0,2024-09-23,2026-09-21,USD,SON,YFINANCE_FREE_REUSED_MARKET_EVIDENCE_522
WSSEC:WS:XNYS:SPGI,WS:XNYS:SPGI,READY,,508,508,0,0,0,0.0,2024-09-16,2026-09-24,USD,SPGI,YFINANCE_FREE_REFRESH_V0_45
WSSEC:WS:XNYS:SPXC,WS:XNYS:SPXC,READY,,500,500,0,0,0,0.0,2024-09-23,2026-09-21,USD,SPXC,YFINANCE_FREE_REUSED_MARKET_EVIDENCE_522
WSSEC:WS:XNYS:SR,WS:XNYS:SR,READY,,500,500,0,0,0,0.0,2024-09-23,2026-09-21,USD,SR,YFINANCE_FREE_REUSED_MARKET_EVIDENCE_522
WSSEC:WS:XNYS:SSB,WS:XNYS:SSB,READY,,500,500,0,0,0,0.0,2024-09-23,2026-09-21,USD,SSB,YFINANCE_FREE_REUSED_MARKET_EVIDENCE_522
WSSEC:WS:XNYS:SSD,WS:XNYS:SSD,READY,,500,500,0,0,0,0.0,2024-09-23,2026-09-21,USD,SSD,YFINANCE_FREE_REUSED_MARKET_EVIDENCE_522
WSSEC:WS:XNYS:ST,WS:XNYS:ST,READY,,500,500,0,0,0,0.0,2024-09-23,2026-09-21,USD,ST,YFINANCE_FREE_REUSED_MARKET_EVIDENCE_522
WSSEC:WS:XNYS:STT,WS:XNYS:STT,READY,,508,508,0,0,0,0.0,2024-09-16,2026-09-24,USD,STT,YFINANCE_FREE_REFRESH_V0_45
WSSEC:WS:XNYS:STZ,WS:XNYS:STZ,READY,,508,508,0,0,0,0.0,2024-09-16,2026-09-24,USD,STZ,YFINANCE_FREE_REFRESH_V0_45
WSSEC:WS:XNYS:SWK,WS:XNYS:SWK,READY,,508,508,0,0,0,0.0,2024-09-16,2026-09-24,USD,SWK,YFINANCE_FREE_REFRESH_V0_45
WSSEC:WS:XNYS:SWX,WS:XNYS:SWX,READY,,500,500,0,0,0,0.0,2024-09-23,2026-09-21,USD,SWX,YFINANCE_FREE_REUSED_MARKET_EVIDENCE_522
WSSEC:WS:XNYS:SYF,WS:XNYS:SYF,READY,,508,508,0,0,0,0.0,2024-09-16,2026-09-24,USD,SYF,YFINANCE_FREE_REFRESH_V0_45
WSSEC:WS:XNYS:SYK,WS:XNYS:SYK,READY,,508,508,0,0,0,0.0,2024-09-16,2026-09-24,USD,SYK,YFINANCE_FREE_REFRESH_V0_45
WSSEC:WS:XNYS:SYY,WS:XNYS:SYY,READY,,508,508,0,0,0,0.0,2024-09-16,2026-09-24,USD,SYY,YFINANCE_FREE_REFRESH_V0_45
WSSEC:WS:XNYS:T,WS:XNYS:T,READY,,508,508,0,0,0,0.0,2024-09-16,2026-09-24,USD,T,YFINANCE_FREE_REFRESH_V0_45
WSSEC:WS:XNYS:TAP,WS:XNYS:TAP,READY,,508,508,0,0,0,0.0,2024-09-16,2026-09-24,USD,TAP,YFINANCE_FREE_REFRESH_V0_45
WSSEC:WS:XNYS:TDG,WS:XNYS:TDG,READY,,508,508,0,0,0,0.0,2024-09-16,2026-09-24,USD,TDG,YFINANCE_FREE_REFRESH_V0_45
WSSEC:WS:XNYS:TDY,WS:XNYS:TDY,READY,,508,508,0,0,0,0.0,2024-09-16,2026-09-24,USD,TDY,YFINANCE_FREE_REFRESH_V0_45
WSSEC:WS:XNYS:TEX,WS:XNYS:TEX,READY,,500,500,0,0,0,0.0,2024-09-23,2026-09-21,USD,TEX,YFINANCE_FREE_REUSED_MARKET_EVIDENCE_522
WSSEC:WS:XNYS:TFC,WS:XNYS:TFC,READY,,508,508,0,0,0,0.0,2024-09-16,2026-09-24,USD,TFC,YFINANCE_FREE_REFRESH_V0_45
WSSEC:WS:XNYS:TGT,WS:XNYS:TGT,READY,,508,508,0,0,0,0.0,2024-09-16,2026-09-24,USD,TGT,YFINANCE_FREE_REFRESH_V0_45
WSSEC:WS:XNYS:THC,WS:XNYS:THC,READY,,500,500,0,0,0,0.0,2024-09-23,2026-09-21,USD,THC,YFINANCE_FREE_REUSED_MARKET_EVIDENCE_522
WSSEC:WS:XNYS:THG,WS:XNYS:THG,READY,,500,500,0,0,0,0.0,2024-09-23,2026-09-21,USD,THG,YFINANCE_FREE_REUSED_MARKET_EVIDENCE_522
WSSEC:WS:XNYS:THO,WS:XNYS:THO,READY,,500,500,0,0,0,0.0,2024-09-23,2026-09-21,USD,THO,YFINANCE_FREE_REUSED_MARKET_EVIDENCE_522
WSSEC:WS:XNYS:TJX,WS:XNYS:TJX,READY,,508,508,0,0,0,0.0,2024-09-16,2026-09-24,USD,TJX,YFINANCE_FREE_REFRESH_V0_45
WSSEC:WS:XNYS:TKO,WS:XNYS:TKO,READY,,508,508,0,0,0,0.0,2024-09-16,2026-09-24,USD,TKO,YFINANCE_FREE_REFRESH_V0_45
WSSEC:WS:XNYS:TKR,WS:XNYS:TKR,READY,,500,500,0,0,0,0.0,2024-09-23,2026-09-21,USD,TKR,YFINANCE_FREE_REUSED_MARKET_EVIDENCE_522
WSSEC:WS:XNYS:TMO,WS:XNYS:TMO,READY,,508,508,0,0,0,0.0,2024-09-16,2026-09-24,USD,TMO,YFINANCE_FREE_REFRESH_V0_45
WSSEC:WS:XNYS:TNL,WS:XNYS:TNL,READY,,500,500,0,0,0,0.0,2024-09-23,2026-09-21,USD,TNL,YFINANCE_FREE_REUSED_MARKET_EVIDENCE_522
WSSEC:WS:XNYS:TOL,WS:XNYS:TOL,READY,,500,500,0,0,0,0.0,2024-09-23,2026-09-21,USD,TOL,YFINANCE_FREE_REUSED_MARKET_EVIDENCE_522
WSSEC:WS:XNYS:TOST,WS:XNYS:TOST,READY,,500,500,0,0,0,0.0,2024-09-23,2026-09-21,USD,TOST,YFINANCE_FREE_REUSED_MARKET_EVIDENCE_522
WSSEC:WS:XNYS:TPL,WS:XNYS:TPL,READY,,508,508,0,0,0,0.0,2024-09-16,2026-09-24,USD,TPL,YFINANCE_FREE_REFRESH_V0_45
WSSEC:WS:XNYS:TPR,WS:XNYS:TPR,READY,,508,508,0,0,0,0.0,2024-09-16,2026-09-24,USD,TPR,YFINANCE_FREE_REFRESH_V0_45
WSSEC:WS:XNYS:TREX,WS:XNYS:TREX,READY,,500,500,0,0,0,0.0,2024-09-23,2026-09-21,USD,TREX,YFINANCE_FREE_REUSED_MARKET_EVIDENCE_522
WSSEC:WS:XNYS:TRGP,WS:XNYS:TRGP,READY,,508,508,0,0,0,0.0,2024-09-16,2026-09-24,USD,TRGP,YFINANCE_FREE_REFRESH_V0_45
WSSEC:WS:XNYS:TRU,WS:XNYS:TRU,READY,,500,500,0,0,0,0.0,2024-09-23,2026-09-21,USD,TRU,YFINANCE_FREE_REUSED_MARKET_EVIDENCE_522
WSSEC:WS:XNYS:TRV,WS:XNYS:TRV,READY,,508,508,0,0,0,0.0,2024-09-16,2026-09-24,USD,TRV,YFINANCE_FREE_REFRESH_V0_45
WSSEC:WS:XNYS:TSN,WS:XNYS:TSN,READY,,508,508,0,0,0,0.0,2024-09-16,2026-09-24,USD,TSN,YFINANCE_FREE_REFRESH_V0_45
WSSEC:WS:XNYS:TTC,WS:XNYS:TTC,READY,,500,500,0,0,0,0.0,2024-09-23,2026-09-21,USD,TTC,YFINANCE_FREE_REUSED_MARKET_EVIDENCE_522
WSSEC:WS:XNYS:TWLO,WS:XNYS:TWLO,READY,,500,500,0,0,0,0.0,2024-09-23,2026-09-21,USD,TWLO,YFINANCE_FREE_REUSED_MARKET_EVIDENCE_522
WSSEC:WS:XNYS:TXNM,WS:XNYS:TXNM,READY,,500,500,0,0,0,0.0,2024-09-23,2026-09-21,USD,TXNM,YFINANCE_FREE_REUSED_MARKET_EVIDENCE_522
WSSEC:WS:XNYS:TXT,WS:XNYS:TXT,READY,,508,508,0,0,0,0.0,2024-09-16,2026-09-24,USD,TXT,YFINANCE_FREE_REFRESH_V0_45
WSSEC:WS:XNYS:TYL,WS:XNYS:TYL,READY,,508,508,0,0,0,0.0,2024-09-16,2026-09-24,USD,TYL,YFINANCE_FREE_REFRESH_V0_45
WSSEC:WS:XNYS:UBER,WS:XNYS:UBER,READY,,508,508,0,0,0,0.0,2024-09-16,2026-09-24,USD,UBER,YFINANCE_FREE_REFRESH_V0_45
WSSEC:WS:XNYS:UGI,WS:XNYS:UGI,READY,,500,500,0,0,0,0.0,2024-09-23,2026-09-21,USD,UGI,YFINANCE_FREE_REUSED_MARKET_EVIDENCE_522
WSSEC:WS:XNYS:UHS,WS:XNYS:UHS,READY,,508,508,0,0,0,0.0,2024-09-16,2026-09-24,USD,UHS,YFINANCE_FREE_REFRESH_V0_45
WSSEC:WS:XNYS:ULS,WS:XNYS:ULS,READY,,500,500,0,0,0,0.0,2024-09-23,2026-09-21,USD,ULS,YFINANCE_FREE_REUSED_MARKET_EVIDENCE_522
WSSEC:WS:XNYS:UNH,WS:XNYS:UNH,READY,,508,508,0,0,0,0.0,2024-09-16,2026-09-24,USD,UNH,YFINANCE_FREE_REFRESH_V0_45
WSSEC:WS:XNYS:UNM,WS:XNYS:UNM,READY,,500,500,0,0,0,0.0,2024-09-23,2026-09-21,USD,UNM,YFINANCE_FREE_REUSED_MARKET_EVIDENCE_522
WSSEC:WS:XNYS:UNP,WS:XNYS:UNP,READY,,508,508,0,0,0,0.0,2024-09-16,2026-09-24,USD,UNP,YFINANCE_FREE_REFRESH_V0_45
WSSEC:WS:XNYS:UPS,WS:XNYS:UPS,READY,,508,508,0,0,0,0.0,2024-09-16,2026-09-24,USD,UPS,YFINANCE_FREE_REFRESH_V0_45
WSSEC:WS:XNYS:URI,WS:XNYS:URI,READY,,508,508,0,0,0,0.0,2024-09-16,2026-09-24,USD,URI,YFINANCE_FREE_REFRESH_V0_45
WSSEC:WS:XNYS:USB,WS:XNYS:USB,READY,,508,508,0,0,0,0.0,2024-09-16,2026-09-24,USD,USB,YFINANCE_FREE_REFRESH_V0_45
WSSEC:WS:XNYS:USFD,WS:XNYS:USFD,READY,,500,500,0,0,0,0.0,2024-09-23,2026-09-21,USD,USFD,YFINANCE_FREE_REUSED_MARKET_EVIDENCE_522
WSSEC:WS:XNYS:V,WS:XNYS:V,READY,,508,508,0,0,0,0.0,2024-09-16,2026-09-24,USD,V,YFINANCE_FREE_REFRESH_V0_45
WSSEC:WS:XNYS:VAL,WS:XNYS:VAL,READY,,500,500,0,0,0,0.0,2024-09-23,2026-09-21,USD,VAL,YFINANCE_FREE_REUSED_MARKET_EVIDENCE_522
WSSEC:WS:XNYS:VEEV,WS:XNYS:VEEV,READY,,508,508,0,0,0,0.0,2024-09-16,2026-09-24,USD,VEEV,YFINANCE_FREE_REFRESH_V0_45
WSSEC:WS:XNYS:VFC,WS:XNYS:VFC,READY,,500,500,0,0,0,0.0,2024-09-23,2026-09-21,USD,VFC,YFINANCE_FREE_REUSED_MARKET_EVIDENCE_522
WSSEC:WS:XNYS:VLO,WS:XNYS:VLO,READY,,508,508,0,0,0,0.0,2024-09-16,2026-09-24,USD,VLO,YFINANCE_FREE_REFRESH_V0_45
WSSEC:WS:XNYS:VLTO,WS:XNYS:VLTO,READY,,508,508,0,0,0,0.0,2024-09-16,2026-09-24,USD,VLTO,YFINANCE_FREE_REFRESH_V0_45
WSSEC:WS:XNYS:VMC,WS:XNYS:VMC,READY,,508,508,0,0,0,0.0,2024-09-16,2026-09-24,USD,VMC,YFINANCE_FREE_REFRESH_V0_45
WSSEC:WS:XNYS:VMI,WS:XNYS:VMI,READY,,500,500,0,0,0,0.0,2024-09-23,2026-09-21,USD,VMI,YFINANCE_FREE_REUSED_MARKET_EVIDENCE_522
WSSEC:WS:XNYS:VNT,WS:XNYS:VNT,READY,,500,500,0,0,0,0.0,2024-09-23,2026-09-21,USD,VNT,YFINANCE_FREE_REUSED_MARKET_EVIDENCE_522
WSSEC:WS:XNYS:VOYA,WS:XNYS:VOYA,READY,,500,500,0,0,0,0.0,2024-09-23,2026-09-21,USD,VOYA,YFINANCE_FREE_REUSED_MARKET_EVIDENCE_522
WSSEC:WS:XNYS:VRT,WS:XNYS:VRT,READY,,508,508,0,0,0,0.0,2024-09-16,2026-09-24,USD,VRT,YFINANCE_FREE_REFRESH_V0_45
WSSEC:WS:XNYS:VST,WS:XNYS:VST,READY,,508,508,0,0,0,0.0,2024-09-16,2026-09-24,USD,VST,YFINANCE_FREE_REFRESH_V0_45
WSSEC:WS:XNYS:VVV,WS:XNYS:VVV,READY,,500,500,0,0,0,0.0,2024-09-23,2026-09-21,USD,VVV,YFINANCE_FREE_REUSED_MARKET_EVIDENCE_522
WSSEC:WS:XNYS:WAB,WS:XNYS:WAB,READY,,508,508,0,0,0,0.0,2024-09-16,2026-09-24,USD,WAB,YFINANCE_FREE_REFRESH_V0_45
WSSEC:WS:XNYS:WAL,WS:XNYS:WAL,READY,,500,500,0,0,0,0.0,2024-09-23,2026-09-21,USD,WAL,YFINANCE_FREE_REUSED_MARKET_EVIDENCE_522
WSSEC:WS:XNYS:WAT,WS:XNYS:WAT,READY,,508,508,0,0,0,0.0,2024-09-16,2026-09-24,USD,WAT,YFINANCE_FREE_REFRESH_V0_45
WSSEC:WS:XNYS:WCC,WS:XNYS:WCC,READY,,500,500,0,0,0,0.0,2024-09-23,2026-09-21,USD,WCC,YFINANCE_FREE_REUSED_MARKET_EVIDENCE_522
WSSEC:WS:XNYS:WEC,WS:XNYS:WEC,READY,,508,508,0,0,0,0.0,2024-09-16,2026-09-24,USD,WEC,YFINANCE_FREE_REFRESH_V0_45
WSSEC:WS:XNYS:WEX,WS:XNYS:WEX,READY,,500,500,0,0,0,0.0,2024-09-23,2026-09-21,USD,WEX,YFINANCE_FREE_REUSED_MARKET_EVIDENCE_522
WSSEC:WS:XNYS:WFC,WS:XNYS:WFC,READY,,508,508,0,0,0,0.0,2024-09-16,2026-09-24,USD,WFC,YFINANCE_FREE_REFRESH_V0_45
WSSEC:WS:XNYS:WH,WS:XNYS:WH,READY,,500,500,0,0,0,0.0,2024-09-23,2026-09-21,USD,WH,YFINANCE_FREE_REUSED_MARKET_EVIDENCE_522
WSSEC:WS:XNYS:WHR,WS:XNYS:WHR,READY,,500,500,0,0,0,0.0,2024-09-23,2026-09-21,USD,WHR,YFINANCE_FREE_REUSED_MARKET_EVIDENCE_522
WSSEC:WS:XNYS:WLK,WS:XNYS:WLK,READY,,500,500,0,0,0,0.0,2024-09-23,2026-09-21,USD,WLK,YFINANCE_FREE_REUSED_MARKET_EVIDENCE_522
WSSEC:WS:XNYS:WM,WS:XNYS:WM,READY,,508,508,0,0,0,0.0,2024-09-16,2026-09-24,USD,WM,YFINANCE_FREE_REFRESH_V0_45
WSSEC:WS:XNYS:WMB,WS:XNYS:WMB,READY,,508,508,0,0,0,0.0,2024-09-16,2026-09-24,USD,WMB,YFINANCE_FREE_REFRESH_V0_45
WSSEC:WS:XNYS:WMS,WS:XNYS:WMS,READY,,500,500,0,0,0,0.0,2024-09-23,2026-09-21,USD,WMS,YFINANCE_FREE_REUSED_MARKET_EVIDENCE_522
WSSEC:WS:XNYS:WRB,WS:XNYS:WRB,READY,,508,508,0,0,0,0.0,2024-09-16,2026-09-24,USD,WRB,YFINANCE_FREE_REFRESH_V0_45
WSSEC:WS:XNYS:WSM,WS:XNYS:WSM,READY,,508,508,0,0,0,0.0,2024-09-16,2026-09-24,USD,WSM,YFINANCE_FREE_REFRESH_V0_45
WSSEC:WS:XNYS:WSO,WS:XNYS:WSO,READY,,500,500,0,0,0,0.0,2024-09-23,2026-09-21,USD,WSO,YFINANCE_FREE_REUSED_MARKET_EVIDENCE_522
WSSEC:WS:XNYS:WST,WS:XNYS:WST,READY,,508,508,0,0,0,0.0,2024-09-16,2026-09-24,USD,WST,YFINANCE_FREE_REFRESH_V0_45
WSSEC:WS:XNYS:WTRG,WS:XNYS:WTRG,READY,,500,500,0,0,0,0.0,2024-09-23,2026-09-21,USD,WTRG,YFINANCE_FREE_REUSED_MARKET_EVIDENCE_522
WSSEC:WS:XNYS:WTS,WS:XNYS:WTS,READY,,500,500,0,0,0,0.0,2024-09-23,2026-09-21,USD,WTS,YFINANCE_FREE_REUSED_MARKET_EVIDENCE_522
WSSEC:WS:XNYS:XPO,WS:XNYS:XPO,READY,,500,500,0,0,0,0.0,2024-09-23,2026-09-21,USD,XPO,YFINANCE_FREE_REUSED_MARKET_EVIDENCE_522
WSSEC:WS:XNYS:XYL,WS:XNYS:XYL,READY,,508,508,0,0,0,0.0,2024-09-16,2026-09-24,USD,XYL,YFINANCE_FREE_REFRESH_V0_45
WSSEC:WS:XNYS:XYZ,WS:XNYS:XYZ,READY,,508,508,0,0,0,0.0,2024-09-16,2026-09-24,USD,XYZ,YFINANCE_FREE_REFRESH_V0_45
WSSEC:WS:XNYS:YETI,WS:XNYS:YETI,READY,,500,500,0,0,0,0.0,2024-09-23,2026-09-21,USD,YETI,YFINANCE_FREE_REUSED_MARKET_EVIDENCE_522
WSSEC:WS:XNYS:YUM,WS:XNYS:YUM,READY,,508,508,0,0,0,0.0,2024-09-16,2026-09-24,USD,YUM,YFINANCE_FREE_REFRESH_V0_45
WSSEC:WS:XNYS:ZBH,WS:XNYS:ZBH,READY,,508,508,0,0,0,0.0,2024-09-16,2026-09-24,USD,ZBH,YFINANCE_FREE_REFRESH_V0_45
WSSEC:WS:XNYS:ZTS,WS:XNYS:ZTS,READY,,508,508,0,0,0,0.0,2024-09-16,2026-09-24,USD,ZTS,YFINANCE_FREE_REFRESH_V0_45
WSSEC:WS:XSHE:000001,WS:XSHE:000001,READY,,491,491,0,0,0,0.0,2024-09-18,2026-09-24,CNY,000001.SZ,YFINANCE_FREE_REFRESH_V0_45
WSSEC:WS:XSHE:000002,WS:XSHE:000002,READY,,491,491,0,0,0,0.0,2024-09-18,2026-09-24,CNY,000002.SZ,YFINANCE_FREE_REFRESH_V0_45
WSSEC:WS:XSHE:000063,WS:XSHE:000063,READY,,491,491,0,0,0,0.0,2024-09-18,2026-09-24,CNY,000063.SZ,YFINANCE_FREE_REFRESH_V0_45
WSSEC:WS:XSHE:000100,WS:XSHE:000100,READY,,491,491,0,0,0,0.0,2024-09-18,2026-09-24,CNY,000100.SZ,YFINANCE_FREE_REFRESH_V0_45
WSSEC:WS:XSHE:000157,WS:XSHE:000157,READY,,491,491,0,0,0,0.0,2024-09-18,2026-09-24,CNY,000157.SZ,YFINANCE_FREE_REFRESH_V0_45
WSSEC:WS:XSHE:000166,WS:XSHE:000166,READY,,491,491,0,0,0,0.0,2024-09-18,2026-09-24,CNY,000166.SZ,YFINANCE_FREE_REFRESH_V0_45
WSSEC:WS:XSHE:000301,WS:XSHE:000301,READY,,491,491,0,0,0,0.0,2024-09-18,2026-09-24,CNY,000301.SZ,YFINANCE_FREE_REFRESH_V0_45
WSSEC:WS:XSHE:000333,WS:XSHE:000333,READY,,491,491,0,0,0,0.0,2024-09-18,2026-09-24,CNY,000333.SZ,YFINANCE_FREE_REFRESH_V0_45
WSSEC:WS:XSHE:000338,WS:XSHE:000338,READY,,491,491,0,0,0,0.0,2024-09-18,2026-09-24,CNY,000338.SZ,YFINANCE_FREE_REFRESH_V0_45
WSSEC:WS:XSHE:000408,WS:XSHE:000408,READY,,491,491,0,0,0,0.010183299389002037,2024-09-18,2026-09-24,CNY,000408.SZ,YFINANCE_FREE_REFRESH_V0_45
WSSEC:WS:XSHE:000425,WS:XSHE:000425,READY,,491,491,0,0,0,0.0,2024-09-18,2026-09-24,CNY,000425.SZ,YFINANCE_FREE_REFRESH_V0_45
WSSEC:WS:XSHE:000538,WS:XSHE:000538,READY,,491,491,0,0,0,0.0,2024-09-18,2026-09-24,CNY,000538.SZ,YFINANCE_FREE_REFRESH_V0_45
WSSEC:WS:XSHE:000568,WS:XSHE:000568,READY,,491,491,0,0,0,0.0,2024-09-18,2026-09-24,CNY,000568.SZ,YFINANCE_FREE_REFRESH_V0_45
WSSEC:WS:XSHE:000596,WS:XSHE:000596,READY,,491,491,0,0,0,0.0,2024-09-18,2026-09-24,CNY,000596.SZ,YFINANCE_FREE_REFRESH_V0_45
WSSEC:WS:XSHE:000617,WS:XSHE:000617,READY,,491,491,0,0,0,0.0,2024-09-18,2026-09-24,CNY,000617.SZ,YFINANCE_FREE_REFRESH_V0_45
WSSEC:WS:XSHE:000625,WS:XSHE:000625,READY,,491,491,0,0,0,0.0,2024-09-18,2026-09-24,CNY,000625.SZ,YFINANCE_FREE_REFRESH_V0_45
WSSEC:WS:XSHE:000630,WS:XSHE:000630,READY,,491,491,0,0,0,0.0,2024-09-18,2026-09-24,CNY,000630.SZ,YFINANCE_FREE_REFRESH_V0_45
WSSEC:WS:XSHE:000651,WS:XSHE:000651,READY,,491,491,0,0,0,0.0,2024-09-18,2026-09-24,CNY,000651.SZ,YFINANCE_FREE_REFRESH_V0_45
WSSEC:WS:XSHE:000657,WS:XSHE:000657,READY,,491,491,0,0,0,0.0,2024-09-18,2026-09-24,CNY,000657.SZ,YFINANCE_FREE_REFRESH_V0_45
WSSEC:WS:XSHE:000708,WS:XSHE:000708,READY,,491,491,0,0,0,0.0,2024-09-18,2026-09-24,CNY,000708.SZ,YFINANCE_FREE_REFRESH_V0_45
WSSEC:WS:XSHE:000725,WS:XSHE:000725,READY,,491,491,0,0,0,0.0,2024-09-18,2026-09-24,CNY,000725.SZ,YFINANCE_FREE_REFRESH_V0_45
WSSEC:WS:XSHE:000768,WS:XSHE:000768,READY,,491,491,0,0,0,0.0,2024-09-18,2026-09-24,CNY,000768.SZ,YFINANCE_FREE_REFRESH_V0_45
WSSEC:WS:XSHE:000776,WS:XSHE:000776,READY,,491,491,0,0,0,0.0,2024-09-18,2026-09-24,CNY,000776.SZ,YFINANCE_FREE_REFRESH_V0_45
WSSEC:WS:XSHE:000792,WS:XSHE:000792,READY,,491,491,0,0,0,0.0,2024-09-18,2026-09-24,CNY,000792.SZ,YFINANCE_FREE_REFRESH_V0_45
WSSEC:WS:XSHE:000807,WS:XSHE:000807,READY,,491,491,0,0,0,0.0,2024-09-18,2026-09-24,CNY,000807.SZ,YFINANCE_FREE_REFRESH_V0_45
WSSEC:WS:XSHE:000858,WS:XSHE:000858,READY,,491,491,0,0,0,0.0,2024-09-18,2026-09-24,CNY,000858.SZ,YFINANCE_FREE_REFRESH_V0_45
WSSEC:WS:XSHE:000895,WS:XSHE:000895,READY,,491,491,0,0,0,0.0,2024-09-18,2026-09-24,CNY,000895.SZ,YFINANCE_FREE_REFRESH_V0_45
WSSEC:WS:XSHE:000938,WS:XSHE:000938,READY,,491,491,0,0,0,0.0,2024-09-18,2026-09-24,CNY,000938.SZ,YFINANCE_FREE_REFRESH_V0_45
WSSEC:WS:XSHE:000963,WS:XSHE:000963,READY,,491,491,0,0,0,0.0,2024-09-18,2026-09-24,CNY,000963.SZ,YFINANCE_FREE_REFRESH_V0_45
WSSEC:WS:XSHE:000975,WS:XSHE:000975,READY,,491,491,0,0,0,0.0,2024-09-18,2026-09-24,CNY,000975.SZ,YFINANCE_FREE_REFRESH_V0_45
WSSEC:WS:XSHE:000977,WS:XSHE:000977,READY,,491,491,0,0,0,0.0,2024-09-18,2026-09-24,CNY,000977.SZ,YFINANCE_FREE_REFRESH_V0_45
WSSEC:WS:XSHE:000988,WS:XSHE:000988,READY,,491,491,0,0,0,0.0,2024-09-18,2026-09-24,CNY,000988.SZ,YFINANCE_FREE_REFRESH_V0_45
WSSEC:WS:XSHE:000999,WS:XSHE:000999,READY,,491,491,0,0,0,0.0,2024-09-18,2026-09-24,CNY,000999.SZ,YFINANCE_FREE_REFRESH_V0_45
WSSEC:WS:XSHE:001965,WS:XSHE:001965,READY,,491,491,0,0,0,0.0,2024-09-18,2026-09-24,CNY,001965.SZ,YFINANCE_FREE_REFRESH_V0_45
WSSEC:WS:XSHE:001979,WS:XSHE:001979,READY,,491,491,0,0,0,0.0,2024-09-18,2026-09-24,CNY,001979.SZ,YFINANCE_FREE_REFRESH_V0_45
WSSEC:WS:XSHE:002001,WS:XSHE:002001,READY,,491,491,0,0,0,0.0,2024-09-18,2026-09-24,CNY,002001.SZ,YFINANCE_FREE_REFRESH_V0_45
WSSEC:WS:XSHE:002027,WS:XSHE:002027,READY,,491,491,0,0,0,0.0,2024-09-18,2026-09-24,CNY,002027.SZ,YFINANCE_FREE_REFRESH_V0_45
WSSEC:WS:XSHE:002028,WS:XSHE:002028,READY,,491,491,0,0,0,0.0,2024-09-18,2026-09-24,CNY,002028.SZ,YFINANCE_FREE_REFRESH_V0_45
WSSEC:WS:XSHE:002049,WS:XSHE:002049,READY,,491,491,0,0,0,0.020366598778004074,2024-09-18,2026-09-24,CNY,002049.SZ,YFINANCE_FREE_REFRESH_V0_45
WSSEC:WS:XSHE:002050,WS:XSHE:002050,READY,,491,491,0,0,0,0.0,2024-09-18,2026-09-24,CNY,002050.SZ,YFINANCE_FREE_REFRESH_V0_45
WSSEC:WS:XSHE:002074,WS:XSHE:002074,READY,,491,491,0,0,0,0.0,2024-09-18,2026-09-24,CNY,002074.SZ,YFINANCE_FREE_REFRESH_V0_45
WSSEC:WS:XSHE:002142,WS:XSHE:002142,READY,,491,491,0,0,0,0.0,2024-09-18,2026-09-24,CNY,002142.SZ,YFINANCE_FREE_REFRESH_V0_45
WSSEC:WS:XSHE:002179,WS:XSHE:002179,READY,,491,491,0,0,0,0.0,2024-09-18,2026-09-24,CNY,002179.SZ,YFINANCE_FREE_REFRESH_V0_45
WSSEC:WS:XSHE:002202,WS:XSHE:002202,READY,,491,491,0,0,0,0.0,2024-09-18,2026-09-24,CNY,002202.SZ,YFINANCE_FREE_REFRESH_V0_45
WSSEC:WS:XSHE:002230,WS:XSHE:002230,READY,,491,491,0,0,0,0.0,2024-09-18,2026-09-24,CNY,002230.SZ,YFINANCE_FREE_REFRESH_V0_45
WSSEC:WS:XSHE:002236,WS:XSHE:002236,READY,,491,491,0,0,0,0.0,2024-09-18,2026-09-24,CNY,002236.SZ,YFINANCE_FREE_REFRESH_V0_45
WSSEC:WS:XSHE:002241,WS:XSHE:002241,READY,,491,491,0,0,0,0.0,2024-09-18,2026-09-24,CNY,002241.SZ,YFINANCE_FREE_REFRESH_V0_45
WSSEC:WS:XSHE:002304,WS:XSHE:002304,READY,,491,491,0,0,0,0.0,2024-09-18,2026-09-24,CNY,002304.SZ,YFINANCE_FREE_REFRESH_V0_45
WSSEC:WS:XSHE:002311,WS:XSHE:002311,READY,,491,491,0,0,0,0.0,2024-09-18,2026-09-24,CNY,002311.SZ,YFINANCE_FREE_REFRESH_V0_45
WSSEC:WS:XSHE:002352,WS:XSHE:002352,READY,,491,491,0,0,0,0.0,2024-09-18,2026-09-24,CNY,002352.SZ,YFINANCE_FREE_REFRESH_V0_45
WSSEC:WS:XSHE:002353,WS:XSHE:002353,READY,,491,491,0,0,0,0.0,2024-09-18,2026-09-24,CNY,002353.SZ,YFINANCE_FREE_REFRESH_V0_45
WSSEC:WS:XSHE:002371,WS:XSHE:002371,READY,,491,491,0,0,0,0.0,2024-09-18,2026-09-24,CNY,002371.SZ,YFINANCE_FREE_REFRESH_V0_45
WSSEC:WS:XSHE:002384,WS:XSHE:002384,READY,,491,491,0,0,0,0.0,2024-09-18,2026-09-24,CNY,002384.SZ,YFINANCE_FREE_REFRESH_V0_45
WSSEC:WS:XSHE:002415,WS:XSHE:002415,READY,,491,491,0,0,0,0.0,2024-09-18,2026-09-24,CNY,002415.SZ,YFINANCE_FREE_REFRESH_V0_45
WSSEC:WS:XSHE:002422,WS:XSHE:002422,READY,,491,491,0,0,0,0.0,2024-09-18,2026-09-24,CNY,002422.SZ,YFINANCE_FREE_REFRESH_V0_45
WSSEC:WS:XSHE:002460,WS:XSHE:002460,READY,,491,491,0,0,0,0.0,2024-09-18,2026-09-24,CNY,002460.SZ,YFINANCE_FREE_REFRESH_V0_45
WSSEC:WS:XSHE:002463,WS:XSHE:002463,READY,,491,491,0,0,0,0.0,2024-09-18,2026-09-24,CNY,002463.SZ,YFINANCE_FREE_REFRESH_V0_45
WSSEC:WS:XSHE:002466,WS:XSHE:002466,READY,,491,491,0,0,0,0.0,2024-09-18,2026-09-24,CNY,002466.SZ,YFINANCE_FREE_REFRESH_V0_45
WSSEC:WS:XSHE:002475,WS:XSHE:002475,READY,,491,491,0,0,0,0.0,2024-09-18,2026-09-24,CNY,002475.SZ,YFINANCE_FREE_REFRESH_V0_45
WSSEC:WS:XSHE:002493,WS:XSHE:002493,READY,,491,491,0,0,0,0.0,2024-09-18,2026-09-24,CNY,002493.SZ,YFINANCE_FREE_REFRESH_V0_45
WSSEC:WS:XSHE:002532,WS:XSHE:002532,READY,,491,491,0,0,0,0.0,2024-09-18,2026-09-24,CNY,002532.SZ,YFINANCE_FREE_REFRESH_V0_45
WSSEC:WS:XSHE:002558,WS:XSHE:002558,READY,,491,491,0,0,0,0.0,2024-09-18,2026-09-24,CNY,002558.SZ,YFINANCE_FREE_REFRESH_V0_45
WSSEC:WS:XSHE:002594,WS:XSHE:002594,READY,,491,491,0,0,0,0.0,2024-09-18,2026-09-24,CNY,002594.SZ,YFINANCE_FREE_REFRESH_V0_45
WSSEC:WS:XSHE:002600,WS:XSHE:002600,READY,,491,491,0,0,0,0.0,2024-09-18,2026-09-24,CNY,002600.SZ,YFINANCE_FREE_REFRESH_V0_45
WSSEC:WS:XSHE:002602,WS:XSHE:002602,READY,,491,491,0,0,0,0.004073319755600814,2024-09-18,2026-09-24,CNY,002602.SZ,YFINANCE_FREE_REFRESH_V0_45
WSSEC:WS:XSHE:002625,WS:XSHE:002625,READY,,491,491,0,0,0,0.0,2024-09-18,2026-09-24,CNY,002625.SZ,YFINANCE_FREE_REFRESH_V0_45
WSSEC:WS:XSHE:002648,WS:XSHE:002648,READY,,491,491,0,0,0,0.0,2024-09-18,2026-09-24,CNY,002648.SZ,YFINANCE_FREE_REFRESH_V0_45
WSSEC:WS:XSHE:002709,WS:XSHE:002709,READY,,491,491,0,0,0,0.0,2024-09-18,2026-09-24,CNY,002709.SZ,YFINANCE_FREE_REFRESH_V0_45
WSSEC:WS:XSHE:002714,WS:XSHE:002714,READY,,491,491,0,0,0,0.0,2024-09-18,2026-09-24,CNY,002714.SZ,YFINANCE_FREE_REFRESH_V0_45
WSSEC:WS:XSHE:002736,WS:XSHE:002736,READY,,491,491,0,0,0,0.0,2024-09-18,2026-09-24,CNY,002736.SZ,YFINANCE_FREE_REFRESH_V0_45
WSSEC:WS:XSHE:002837,WS:XSHE:002837,READY,,491,491,0,0,0,0.0,2024-09-18,2026-09-24,CNY,002837.SZ,YFINANCE_FREE_REFRESH_V0_45
WSSEC:WS:XSHE:002916,WS:XSHE:002916,READY,,491,491,0,0,0,0.0,2024-09-18,2026-09-24,CNY,002916.SZ,YFINANCE_FREE_REFRESH_V0_45
WSSEC:WS:XSHE:002920,WS:XSHE:002920,READY,,491,491,0,0,0,0.0,2024-09-18,2026-09-24,CNY,002920.SZ,YFINANCE_FREE_REFRESH_V0_45
WSSEC:WS:XSHE:002938,WS:XSHE:002938,READY,,491,491,0,0,0,0.0,2024-09-18,2026-09-24,CNY,002938.SZ,YFINANCE_FREE_REFRESH_V0_45
WSSEC:WS:XSHE:003816,WS:XSHE:003816,READY,,491,491,0,0,0,0.0,2024-09-18,2026-09-24,CNY,003816.SZ,YFINANCE_FREE_REFRESH_V0_45
WSSEC:WS:XSHE:300014,WS:XSHE:300014,READY,,491,491,0,0,0,0.0,2024-09-18,2026-09-24,CNY,300014.SZ,YFINANCE_FREE_REFRESH_V0_45
WSSEC:WS:XSHE:300015,WS:XSHE:300015,READY,,491,491,0,0,0,0.0,2024-09-18,2026-09-24,CNY,300015.SZ,YFINANCE_FREE_REFRESH_V0_45
WSSEC:WS:XSHE:300033,WS:XSHE:300033,READY,,491,491,0,0,0,0.0,2024-09-18,2026-09-24,CNY,300033.SZ,YFINANCE_FREE_REFRESH_V0_45
WSSEC:WS:XSHE:300059,WS:XSHE:300059,READY,,491,491,0,0,0,0.0,2024-09-18,2026-09-24,CNY,300059.SZ,YFINANCE_FREE_REFRESH_V0_45
WSSEC:WS:XSHE:300122,WS:XSHE:300122,READY,,491,491,0,0,0,0.0,2024-09-18,2026-09-24,CNY,300122.SZ,YFINANCE_FREE_REFRESH_V0_45
WSSEC:WS:XSHE:300124,WS:XSHE:300124,READY,,491,491,0,0,0,0.0,2024-09-18,2026-09-24,CNY,300124.SZ,YFINANCE_FREE_REFRESH_V0_45
WSSEC:WS:XSHE:300251,WS:XSHE:300251,READY,,491,491,0,0,0,0.0,2024-09-18,2026-09-24,CNY,300251.SZ,YFINANCE_FREE_REFRESH_V0_45
WSSEC:WS:XSHE:300274,WS:XSHE:300274,READY,,491,491,0,0,0,0.0,2024-09-18,2026-09-24,CNY,300274.SZ,YFINANCE_FREE_REFRESH_V0_45
WSSEC:WS:XSHE:300308,WS:XSHE:300308,READY,,491,491,0,0,0,0.0,2024-09-18,2026-09-24,CNY,300308.SZ,YFINANCE_FREE_REFRESH_V0_45
WSSEC:WS:XSHE:300316,WS:XSHE:300316,READY,,491,491,0,0,0,0.0,2024-09-18,2026-09-24,CNY,300316.SZ,YFINANCE_FREE_REFRESH_V0_45
WSSEC:WS:XSHE:300394,WS:XSHE:300394,READY,,491,491,0,0,0,0.0,2024-09-18,2026-09-24,CNY,300394.SZ,YFINANCE_FREE_REFRESH_V0_45
WSSEC:WS:XSHE:300408,WS:XSHE:300408,READY,,491,491,0,0,0,0.0,2024-09-18,2026-09-24,CNY,300408.SZ,YFINANCE_FREE_REFRESH_V0_45
WSSEC:WS:XSHE:300413,WS:XSHE:300413,READY,,491,491,0,0,0,0.0,2024-09-18,2026-09-24,CNY,300413.SZ,YFINANCE_FREE_REFRESH_V0_45
WSSEC:WS:XSHE:300418,WS:XSHE:300418,READY,,491,491,0,0,0,0.0,2024-09-18,2026-09-24,CNY,300418.SZ,YFINANCE_FREE_REFRESH_V0_45
WSSEC:WS:XSHE:300433,WS:XSHE:300433,READY,,491,491,0,0,0,0.0,2024-09-18,2026-09-24,CNY,300433.SZ,YFINANCE_FREE_REFRESH_V0_45
WSSEC:WS:XSHE:300442,WS:XSHE:300442,READY,,491,491,0,0,0,0.012219959266802444,2024-09-18,2026-09-24,CNY,300442.SZ,YFINANCE_FREE_REFRESH_V0_45
WSSEC:WS:XSHE:300450,WS:XSHE:300450,READY,,491,491,0,0,0,0.0,2024-09-18,2026-09-24,CNY,300450.SZ,YFINANCE_FREE_REFRESH_V0_45
WSSEC:WS:XSHE:300476,WS:XSHE:300476,READY,,491,491,0,0,0,0.0,2024-09-18,2026-09-24,CNY,300476.SZ,YFINANCE_FREE_REFRESH_V0_45
WSSEC:WS:XSHE:300498,WS:XSHE:300498,READY,,491,491,0,0,0,0.0,2024-09-18,2026-09-24,CNY,300498.SZ,YFINANCE_FREE_REFRESH_V0_45
WSSEC:WS:XSHE:300502,WS:XSHE:300502,READY,,491,491,0,0,0,0.0,2024-09-18,2026-09-24,CNY,300502.SZ,YFINANCE_FREE_REFRESH_V0_45
WSSEC:WS:XSHE:300628,WS:XSHE:300628,READY,,491,491,0,0,0,0.0,2024-09-18,2026-09-24,CNY,300628.SZ,YFINANCE_FREE_REFRESH_V0_45
WSSEC:WS:XSHE:300661,WS:XSHE:300661,READY,,491,491,0,0,0,0.0,2024-09-18,2026-09-24,CNY,300661.SZ,YFINANCE_FREE_REFRESH_V0_45
WSSEC:WS:XSHE:300750,WS:XSHE:300750,READY,,491,491,0,0,0,0.0,2024-09-18,2026-09-24,CNY,300750.SZ,YFINANCE_FREE_REFRESH_V0_45
WSSEC:WS:XSHE:300760,WS:XSHE:300760,READY,,491,491,0,0,0,0.0,2024-09-18,2026-09-24,CNY,300760.SZ,YFINANCE_FREE_REFRESH_V0_45
WSSEC:WS:XSHE:300803,WS:XSHE:300803,READY,,491,491,0,0,0,0.0,2024-09-18,2026-09-24,CNY,300803.SZ,YFINANCE_FREE_REFRESH_V0_45
WSSEC:WS:XSHE:300832,WS:XSHE:300832,READY,,491,491,0,0,0,0.0,2024-09-18,2026-09-24,CNY,300832.SZ,YFINANCE_FREE_REFRESH_V0_45
WSSEC:WS:XSHE:300866,WS:XSHE:300866,READY,,491,491,0,0,0,0.0,2024-09-18,2026-09-24,CNY,300866.SZ,YFINANCE_FREE_REFRESH_V0_45
WSSEC:WS:XSHE:300896,WS:XSHE:300896,READY,,491,491,0,0,0,0.0,2024-09-18,2026-09-24,CNY,300896.SZ,YFINANCE_FREE_REFRESH_V0_45
WSSEC:WS:XSHE:300999,WS:XSHE:300999,READY,,491,491,0,0,0,0.0,2024-09-18,2026-09-24,CNY,300999.SZ,YFINANCE_FREE_REFRESH_V0_45
WSSEC:WS:XSHE:301165,WS:XSHE:301165,READY,,491,491,0,0,0,0.0,2024-09-18,2026-09-24,CNY,301165.SZ,YFINANCE_FREE_REFRESH_V0_45
WSSEC:WS:XSHE:301236,WS:XSHE:301236,READY,,491,491,0,0,0,0.0,2024-09-18,2026-09-24,CNY,301236.SZ,YFINANCE_FREE_REFRESH_V0_45
WSSEC:WS:XSHE:301269,WS:XSHE:301269,READY,,491,491,0,0,0,0.020366598778004074,2024-09-18,2026-09-24,CNY,301269.SZ,YFINANCE_FREE_REFRESH_V0_45
WSSEC:WS:XSHE:301308,WS:XSHE:301308,READY,,491,491,0,0,0,0.0,2024-09-18,2026-09-24,CNY,301308.SZ,YFINANCE_FREE_REFRESH_V0_45
WSSEC:WS:XSHG:600000,WS:XSHG:600000,READY,,491,491,0,0,0,0.0,2024-09-18,2026-09-24,CNY,600000.SS,YFINANCE_FREE_REFRESH_V0_45
WSSEC:WS:XSHG:600009,WS:XSHG:600009,READY,,491,491,0,0,0,0.0,2024-09-18,2026-09-24,CNY,600009.SS,YFINANCE_FREE_REFRESH_V0_45
WSSEC:WS:XSHG:600010,WS:XSHG:600010,READY,,491,491,0,0,0,0.0,2024-09-18,2026-09-24,CNY,600010.SS,YFINANCE_FREE_REFRESH_V0_45
WSSEC:WS:XSHG:600011,WS:XSHG:600011,READY,,491,491,0,0,0,0.0,2024-09-18,2026-09-24,CNY,600011.SS,YFINANCE_FREE_REFRESH_V0_45
WSSEC:WS:XSHG:600015,WS:XSHG:600015,READY,,491,491,0,0,0,0.0,2024-09-18,2026-09-24,CNY,600015.SS,YFINANCE_FREE_REFRESH_V0_45
WSSEC:WS:XSHG:600016,WS:XSHG:600016,READY,,491,491,0,0,0,0.0,2024-09-18,2026-09-24,CNY,600016.SS,YFINANCE_FREE_REFRESH_V0_45
WSSEC:WS:XSHG:600018,WS:XSHG:600018,READY,,491,491,0,0,0,0.0,2024-09-18,2026-09-24,CNY,600018.SS,YFINANCE_FREE_REFRESH_V0_45
WSSEC:WS:XSHG:600019,WS:XSHG:600019,READY,,491,491,0,0,0,0.0,2024-09-18,2026-09-24,CNY,600019.SS,YFINANCE_FREE_REFRESH_V0_45
WSSEC:WS:XSHG:600023,WS:XSHG:600023,READY,,491,491,0,0,0,0.0,2024-09-18,2026-09-24,CNY,600023.SS,YFINANCE_FREE_REFRESH_V0_45
WSSEC:WS:XSHG:600025,WS:XSHG:600025,READY,,491,491,0,0,0,0.0,2024-09-18,2026-09-24,CNY,600025.SS,YFINANCE_FREE_REFRESH_V0_45
WSSEC:WS:XSHG:600026,WS:XSHG:600026,READY,,491,491,0,0,0,0.0,2024-09-18,2026-09-24,CNY,600026.SS,YFINANCE_FREE_REFRESH_V0_45
WSSEC:WS:XSHG:600027,WS:XSHG:600027,READY,,491,491,0,0,0,0.0,2024-09-18,2026-09-24,CNY,600027.SS,YFINANCE_FREE_REFRESH_V0_45
WSSEC:WS:XSHG:600028,WS:XSHG:600028,READY,,491,491,0,0,0,0.0,2024-09-18,2026-09-24,CNY,600028.SS,YFINANCE_FREE_REFRESH_V0_45
WSSEC:WS:XSHG:600029,WS:XSHG:600029,READY,,491,491,0,0,0,0.0,2024-09-18,2026-09-24,CNY,600029.SS,YFINANCE_FREE_REFRESH_V0_45
WSSEC:WS:XSHG:600030,WS:XSHG:600030,READY,,491,491,0,0,0,0.0,2024-09-18,2026-09-24,CNY,600030.SS,YFINANCE_FREE_REFRESH_V0_45
WSSEC:WS:XSHG:600031,WS:XSHG:600031,READY,,491,491,0,0,0,0.0,2024-09-18,2026-09-24,CNY,600031.SS,YFINANCE_FREE_REFRESH_V0_45
WSSEC:WS:XSHG:600036,WS:XSHG:600036,READY,,491,491,0,0,0,0.0,2024-09-18,2026-09-24,CNY,600036.SS,YFINANCE_FREE_REFRESH_V0_45
WSSEC:WS:XSHG:600039,WS:XSHG:600039,READY,,491,491,0,0,0,0.0,2024-09-18,2026-09-24,CNY,600039.SS,YFINANCE_FREE_REFRESH_V0_45
WSSEC:WS:XSHG:600048,WS:XSHG:600048,READY,,491,491,0,0,0,0.0,2024-09-18,2026-09-24,CNY,600048.SS,YFINANCE_FREE_REFRESH_V0_45
WSSEC:WS:XSHG:600050,WS:XSHG:600050,READY,,491,491,0,0,0,0.0,2024-09-18,2026-09-24,CNY,600050.SS,YFINANCE_FREE_REFRESH_V0_45
WSSEC:WS:XSHG:600061,WS:XSHG:600061,READY,,491,491,0,0,0,0.0,2024-09-18,2026-09-24,CNY,600061.SS,YFINANCE_FREE_REFRESH_V0_45
WSSEC:WS:XSHG:600066,WS:XSHG:600066,READY,,491,491,0,0,0,0.0,2024-09-18,2026-09-24,CNY,600066.SS,YFINANCE_FREE_REFRESH_V0_45
WSSEC:WS:XSHG:600085,WS:XSHG:600085,READY,,491,491,0,0,0,0.0,2024-09-18,2026-09-24,CNY,600085.SS,YFINANCE_FREE_REFRESH_V0_45
WSSEC:WS:XSHG:600089,WS:XSHG:600089,READY,,491,491,0,0,0,0.0,2024-09-18,2026-09-24,CNY,600089.SS,YFINANCE_FREE_REFRESH_V0_45
WSSEC:WS:XSHG:600104,WS:XSHG:600104,READY,,491,491,0,0,0,0.0,2024-09-18,2026-09-24,CNY,600104.SS,YFINANCE_FREE_REFRESH_V0_45
WSSEC:WS:XSHG:600111,WS:XSHG:600111,READY,,491,491,0,0,0,0.0,2024-09-18,2026-09-24,CNY,600111.SS,YFINANCE_FREE_REFRESH_V0_45
WSSEC:WS:XSHG:600115,WS:XSHG:600115,READY,,491,491,0,0,0,0.0,2024-09-18,2026-09-24,CNY,600115.SS,YFINANCE_FREE_REFRESH_V0_45
WSSEC:WS:XSHG:600118,WS:XSHG:600118,READY,,491,491,0,0,0,0.0,2024-09-18,2026-09-24,CNY,600118.SS,YFINANCE_FREE_REFRESH_V0_45
WSSEC:WS:XSHG:600150,WS:XSHG:600150,READY,,491,491,0,0,0,0.010183299389002037,2024-09-18,2026-09-24,CNY,600150.SS,YFINANCE_FREE_REFRESH_V0_45
WSSEC:WS:XSHG:600160,WS:XSHG:600160,READY,,491,491,0,0,0,0.0,2024-09-18,2026-09-24,CNY,600160.SS,YFINANCE_FREE_REFRESH_V0_45
WSSEC:WS:XSHG:600176,WS:XSHG:600176,READY,,491,491,0,0,0,0.0,2024-09-18,2026-09-24,CNY,600176.SS,YFINANCE_FREE_REFRESH_V0_45
WSSEC:WS:XSHG:600183,WS:XSHG:600183,READY,,491,491,0,0,0,0.0,2024-09-18,2026-09-24,CNY,600183.SS,YFINANCE_FREE_REFRESH_V0_45
WSSEC:WS:XSHG:600188,WS:XSHG:600188,READY,,491,491,0,0,0,0.0,2024-09-18,2026-09-24,CNY,600188.SS,YFINANCE_FREE_REFRESH_V0_45
WSSEC:WS:XSHG:600196,WS:XSHG:600196,READY,,491,491,0,0,0,0.0,2024-09-18,2026-09-24,CNY,600196.SS,YFINANCE_FREE_REFRESH_V0_45
WSSEC:WS:XSHG:600219,WS:XSHG:600219,READY,,491,491,0,0,0,0.0,2024-09-18,2026-09-24,CNY,600219.SS,YFINANCE_FREE_REFRESH_V0_45
WSSEC:WS:XSHG:600221,WS:XSHG:600221,READY,,491,491,0,0,0,0.0,2024-09-18,2026-09-24,CNY,600221.SS,YFINANCE_FREE_REFRESH_V0_45
WSSEC:WS:XSHG:600233,WS:XSHG:600233,READY,,491,491,0,0,0,0.0,2024-09-18,2026-09-24,CNY,600233.SS,YFINANCE_FREE_REFRESH_V0_45
WSSEC:WS:XSHG:600276,WS:XSHG:600276,READY,,491,491,0,0,0,0.0,2024-09-18,2026-09-24,CNY,600276.SS,YFINANCE_FREE_REFRESH_V0_45
WSSEC:WS:XSHG:600309,WS:XSHG:600309,READY,,491,491,0,0,0,0.0,2024-09-18,2026-09-24,CNY,600309.SS,YFINANCE_FREE_REFRESH_V0_45
WSSEC:WS:XSHG:600346,WS:XSHG:600346,READY,,491,491,0,0,0,0.0,2024-09-18,2026-09-24,CNY,600346.SS,YFINANCE_FREE_REFRESH_V0_45
WSSEC:WS:XSHG:600362,WS:XSHG:600362,READY,,491,491,0,0,0,0.0,2024-09-18,2026-09-24,CNY,600362.SS,YFINANCE_FREE_REFRESH_V0_45
WSSEC:WS:XSHG:600372,WS:XSHG:600372,READY,,491,491,0,0,0,0.0,2024-09-18,2026-09-24,CNY,600372.SS,YFINANCE_FREE_REFRESH_V0_45
WSSEC:WS:XSHG:600406,WS:XSHG:600406,READY,,491,491,0,0,0,0.0,2024-09-18,2026-09-24,CNY,600406.SS,YFINANCE_FREE_REFRESH_V0_45
WSSEC:WS:XSHG:600415,WS:XSHG:600415,READY,,491,491,0,0,0,0.0,2024-09-18,2026-09-24,CNY,600415.SS,YFINANCE_FREE_REFRESH_V0_45
WSSEC:WS:XSHG:600426,WS:XSHG:600426,READY,,491,491,0,0,0,0.0,2024-09-18,2026-09-24,CNY,600426.SS,YFINANCE_FREE_REFRESH_V0_45
WSSEC:WS:XSHG:600436,WS:XSHG:600436,READY,,491,491,0,0,0,0.0,2024-09-18,2026-09-24,CNY,600436.SS,YFINANCE_FREE_REFRESH_V0_45
WSSEC:WS:XSHG:600438,WS:XSHG:600438,READY,,491,491,0,0,0,0.020366598778004074,2024-09-18,2026-09-24,CNY,600438.SS,YFINANCE_FREE_REFRESH_V0_45
WSSEC:WS:XSHG:600460,WS:XSHG:600460,READY,,491,491,0,0,0,0.0,2024-09-18,2026-09-24,CNY,600460.SS,YFINANCE_FREE_REFRESH_V0_45
WSSEC:WS:XSHG:600482,WS:XSHG:600482,READY,,491,491,0,0,0,0.020366598778004074,2024-09-18,2026-09-24,CNY,600482.SS,YFINANCE_FREE_REFRESH_V0_45
WSSEC:WS:XSHG:600489,WS:XSHG:600489,READY,,491,491,0,0,0,0.0,2024-09-18,2026-09-24,CNY,600489.SS,YFINANCE_FREE_REFRESH_V0_45
WSSEC:WS:XSHG:600515,WS:XSHG:600515,READY,,491,491,0,0,0,0.0,2024-09-18,2026-09-24,CNY,600515.SS,YFINANCE_FREE_REFRESH_V0_45
WSSEC:WS:XSHG:600519,WS:XSHG:600519,READY,,491,491,0,0,0,0.0,2024-09-18,2026-09-24,CNY,600519.SS,YFINANCE_FREE_REFRESH_V0_45
WSSEC:WS:XSHG:600522,WS:XSHG:600522,READY,,491,491,0,0,0,0.0,2024-09-18,2026-09-24,CNY,600522.SS,YFINANCE_FREE_REFRESH_V0_45
WSSEC:WS:XSHG:600547,WS:XSHG:600547,READY,,491,491,0,0,0,0.0,2024-09-18,2026-09-24,CNY,600547.SS,YFINANCE_FREE_REFRESH_V0_45
WSSEC:WS:XSHG:600549,WS:XSHG:600549,READY,,491,491,0,0,0,0.0,2024-09-18,2026-09-24,CNY,600549.SS,YFINANCE_FREE_REFRESH_V0_45
WSSEC:WS:XSHG:600570,WS:XSHG:600570,READY,,491,491,0,0,0,0.0,2024-09-18,2026-09-24,CNY,600570.SS,YFINANCE_FREE_REFRESH_V0_45
WSSEC:WS:XSHG:600584,WS:XSHG:600584,READY,,491,491,0,0,0,0.0,2024-09-18,2026-09-24,CNY,600584.SS,YFINANCE_FREE_REFRESH_V0_45
WSSEC:WS:XSHG:600585,WS:XSHG:600585,READY,,491,491,0,0,0,0.0,2024-09-18,2026-09-24,CNY,600585.SS,YFINANCE_FREE_REFRESH_V0_45
WSSEC:WS:XSHG:600588,WS:XSHG:600588,READY,,491,491,0,0,0,0.0,2024-09-18,2026-09-24,CNY,600588.SS,YFINANCE_FREE_REFRESH_V0_45
WSSEC:WS:XSHG:600600,WS:XSHG:600600,READY,,491,491,0,0,0,0.0,2024-09-18,2026-09-24,CNY,600600.SS,YFINANCE_FREE_REFRESH_V0_45
WSSEC:WS:XSHG:600660,WS:XSHG:600660,READY,,491,491,0,0,0,0.0,2024-09-18,2026-09-24,CNY,600660.SS,YFINANCE_FREE_REFRESH_V0_45
WSSEC:WS:XSHG:600674,WS:XSHG:600674,READY,,491,491,0,0,0,0.0,2024-09-18,2026-09-24,CNY,600674.SS,YFINANCE_FREE_REFRESH_V0_45
WSSEC:WS:XSHG:600690,WS:XSHG:600690,READY,,491,491,0,0,0,0.0,2024-09-18,2026-09-24,CNY,600690.SS,YFINANCE_FREE_REFRESH_V0_45
WSSEC:WS:XSHG:600741,WS:XSHG:600741,READY,,491,491,0,0,0,0.0,2024-09-18,2026-09-24,CNY,600741.SS,YFINANCE_FREE_REFRESH_V0_45
WSSEC:WS:XSHG:600760,WS:XSHG:600760,READY,,491,491,0,0,0,0.0,2024-09-18,2026-09-24,CNY,600760.SS,YFINANCE_FREE_REFRESH_V0_45
WSSEC:WS:XSHG:600795,WS:XSHG:600795,READY,,491,491,0,0,0,0.0,2024-09-18,2026-09-24,CNY,600795.SS,YFINANCE_FREE_REFRESH_V0_45
WSSEC:WS:XSHG:600809,WS:XSHG:600809,READY,,491,491,0,0,0,0.0,2024-09-18,2026-09-24,CNY,600809.SS,YFINANCE_FREE_REFRESH_V0_45
WSSEC:WS:XSHG:600845,WS:XSHG:600845,READY,,491,491,0,0,0,0.0,2024-09-18,2026-09-24,CNY,600845.SS,YFINANCE_FREE_REFRESH_V0_45
WSSEC:WS:XSHG:600875,WS:XSHG:600875,READY,,491,491,0,0,0,0.0,2024-09-18,2026-09-24,CNY,600875.SS,YFINANCE_FREE_REFRESH_V0_45
WSSEC:WS:XSHG:600886,WS:XSHG:600886,READY,,491,491,0,0,0,0.0,2024-09-18,2026-09-24,CNY,600886.SS,YFINANCE_FREE_REFRESH_V0_45
WSSEC:WS:XSHG:600887,WS:XSHG:600887,READY,,491,491,0,0,0,0.0,2024-09-18,2026-09-24,CNY,600887.SS,YFINANCE_FREE_REFRESH_V0_45
WSSEC:WS:XSHG:600893,WS:XSHG:600893,READY,,491,491,0,0,0,0.0,2024-09-18,2026-09-24,CNY,600893.SS,YFINANCE_FREE_REFRESH_V0_45
WSSEC:WS:XSHG:600900,WS:XSHG:600900,READY,,491,491,0,0,0,0.0,2024-09-18,2026-09-24,CNY,600900.SS,YFINANCE_FREE_REFRESH_V0_45
WSSEC:WS:XSHG:600905,WS:XSHG:600905,READY,,491,491,0,0,0,0.0,2024-09-18,2026-09-24,CNY,600905.SS,YFINANCE_FREE_REFRESH_V0_45
WSSEC:WS:XSHG:600918,WS:XSHG:600918,READY,,491,491,0,0,0,0.0,2024-09-18,2026-09-24,CNY,600918.SS,YFINANCE_FREE_REFRESH_V0_45
WSSEC:WS:XSHG:600919,WS:XSHG:600919,READY,,491,491,0,0,0,0.0,2024-09-18,2026-09-24,CNY,600919.SS,YFINANCE_FREE_REFRESH_V0_45
WSSEC:WS:XSHG:600926,WS:XSHG:600926,READY,,491,491,0,0,0,0.0,2024-09-18,2026-09-24,CNY,600926.SS,YFINANCE_FREE_REFRESH_V0_45
WSSEC:WS:XSHG:600930,WS:XSHG:600930,READY,,293,293,0,0,0,0.0,2025-07-16,2026-09-24,CNY,600930.SS,YFINANCE_FREE_REFRESH_V0_45
WSSEC:WS:XSHG:600938,WS:XSHG:600938,READY,,491,491,0,0,0,0.0,2024-09-18,2026-09-24,CNY,600938.SS,YFINANCE_FREE_REFRESH_V0_45
WSSEC:WS:XSHG:600941,WS:XSHG:600941,READY,,491,491,0,0,0,0.0,2024-09-18,2026-09-24,CNY,600941.SS,YFINANCE_FREE_REFRESH_V0_45
WSSEC:WS:XSHG:600958,WS:XSHG:600958,READY,,491,491,0,0,0,0.020366598778004074,2024-09-18,2026-09-24,CNY,600958.SS,YFINANCE_FREE_REFRESH_V0_45
WSSEC:WS:XSHG:600989,WS:XSHG:600989,READY,,491,491,0,0,0,0.0,2024-09-18,2026-09-24,CNY,600989.SS,YFINANCE_FREE_REFRESH_V0_45
WSSEC:WS:XSHG:600999,WS:XSHG:600999,READY,,491,491,0,0,0,0.0,2024-09-18,2026-09-24,CNY,600999.SS,YFINANCE_FREE_REFRESH_V0_45
WSSEC:WS:XSHG:601006,WS:XSHG:601006,READY,,491,491,0,0,0,0.0,2024-09-18,2026-09-24,CNY,601006.SS,YFINANCE_FREE_REFRESH_V0_45
WSSEC:WS:XSHG:601009,WS:XSHG:601009,READY,,491,491,0,0,0,0.0,2024-09-18,2026-09-24,CNY,601009.SS,YFINANCE_FREE_REFRESH_V0_45
WSSEC:WS:XSHG:601012,WS:XSHG:601012,READY,,491,491,0,0,0,0.0,2024-09-18,2026-09-24,CNY,601012.SS,YFINANCE_FREE_REFRESH_V0_45
WSSEC:WS:XSHG:601018,WS:XSHG:601018,READY,,491,491,0,0,0,0.0,2024-09-18,2026-09-24,CNY,601018.SS,YFINANCE_FREE_REFRESH_V0_45
WSSEC:WS:XSHG:601021,WS:XSHG:601021,READY,,491,491,0,0,0,0.0,2024-09-18,2026-09-24,CNY,601021.SS,YFINANCE_FREE_REFRESH_V0_45
WSSEC:WS:XSHG:601058,WS:XSHG:601058,READY,,491,491,0,0,0,0.0,2024-09-18,2026-09-24,CNY,601058.SS,YFINANCE_FREE_REFRESH_V0_45
WSSEC:WS:XSHG:601066,WS:XSHG:601066,READY,,491,491,0,0,0,0.0,2024-09-18,2026-09-24,CNY,601066.SS,YFINANCE_FREE_REFRESH_V0_45
WSSEC:WS:XSHG:601077,WS:XSHG:601077,READY,,491,491,0,0,0,0.0,2024-09-18,2026-09-24,CNY,601077.SS,YFINANCE_FREE_REFRESH_V0_45
WSSEC:WS:XSHG:601088,WS:XSHG:601088,READY,,491,491,0,0,0,0.020366598778004074,2024-09-18,2026-09-24,CNY,601088.SS,YFINANCE_FREE_REFRESH_V0_45
WSSEC:WS:XSHG:601100,WS:XSHG:601100,READY,,491,491,0,0,0,0.0,2024-09-18,2026-09-24,CNY,601100.SS,YFINANCE_FREE_REFRESH_V0_45
WSSEC:WS:XSHG:601111,WS:XSHG:601111,READY,,491,491,0,0,0,0.0,2024-09-18,2026-09-24,CNY,601111.SS,YFINANCE_FREE_REFRESH_V0_45
WSSEC:WS:XSHG:601117,WS:XSHG:601117,READY,,491,491,0,0,0,0.0,2024-09-18,2026-09-24,CNY,601117.SS,YFINANCE_FREE_REFRESH_V0_45
WSSEC:WS:XSHG:601127,WS:XSHG:601127,READY,,491,491,0,0,0,0.0,2024-09-18,2026-09-24,CNY,601127.SS,YFINANCE_FREE_REFRESH_V0_45
WSSEC:WS:XSHG:601136,WS:XSHG:601136,READY,,491,491,0,0,0,0.0,2024-09-18,2026-09-24,CNY,601136.SS,YFINANCE_FREE_REFRESH_V0_45
WSSEC:WS:XSHG:601138,WS:XSHG:601138,READY,,491,491,0,0,0,0.0,2024-09-18,2026-09-24,CNY,601138.SS,YFINANCE_FREE_REFRESH_V0_45
WSSEC:WS:XSHG:601166,WS:XSHG:601166,READY,,491,491,0,0,0,0.0,2024-09-18,2026-09-24,CNY,601166.SS,YFINANCE_FREE_REFRESH_V0_45
WSSEC:WS:XSHG:601169,WS:XSHG:601169,READY,,491,491,0,0,0,0.0,2024-09-18,2026-09-24,CNY,601169.SS,YFINANCE_FREE_REFRESH_V0_45
WSSEC:WS:XSHG:601186,WS:XSHG:601186,READY,,491,491,0,0,0,0.0,2024-09-18,2026-09-24,CNY,601186.SS,YFINANCE_FREE_REFRESH_V0_45
WSSEC:WS:XSHG:601211,WS:XSHG:601211,READY,,491,491,0,0,0,0.026476578411405296,2024-09-18,2026-09-24,CNY,601211.SS,YFINANCE_FREE_REFRESH_V0_45
WSSEC:WS:XSHG:601225,WS:XSHG:601225,READY,,491,491,0,0,0,0.0,2024-09-18,2026-09-24,CNY,601225.SS,YFINANCE_FREE_REFRESH_V0_45
WSSEC:WS:XSHG:601229,WS:XSHG:601229,READY,,491,491,0,0,0,0.0,2024-09-18,2026-09-24,CNY,601229.SS,YFINANCE_FREE_REFRESH_V0_45
WSSEC:WS:XSHG:601238,WS:XSHG:601238,READY,,491,491,0,0,0,0.018329938900203666,2024-09-18,2026-09-24,CNY,601238.SS,YFINANCE_FREE_REFRESH_V0_45
WSSEC:WS:XSHG:601288,WS:XSHG:601288,READY,,491,491,0,0,0,0.0,2024-09-18,2026-09-24,CNY,601288.SS,YFINANCE_FREE_REFRESH_V0_45
WSSEC:WS:XSHG:601318,WS:XSHG:601318,READY,,491,491,0,0,0,0.0,2024-09-18,2026-09-24,CNY,601318.SS,YFINANCE_FREE_REFRESH_V0_45
WSSEC:WS:XSHG:601319,WS:XSHG:601319,READY,,491,491,0,0,0,0.0,2024-09-18,2026-09-24,CNY,601319.SS,YFINANCE_FREE_REFRESH_V0_45
WSSEC:WS:XSHG:601328,WS:XSHG:601328,READY,,491,491,0,0,0,0.0,2024-09-18,2026-09-24,CNY,601328.SS,YFINANCE_FREE_REFRESH_V0_45
WSSEC:WS:XSHG:601336,WS:XSHG:601336,READY,,491,491,0,0,0,0.0,2024-09-18,2026-09-24,CNY,601336.SS,YFINANCE_FREE_REFRESH_V0_45
WSSEC:WS:XSHG:601360,WS:XSHG:601360,READY,,491,491,0,0,0,0.0,2024-09-18,2026-09-24,CNY,601360.SS,YFINANCE_FREE_REFRESH_V0_45
WSSEC:WS:XSHG:601377,WS:XSHG:601377,READY,,491,491,0,0,0,0.0,2024-09-18,2026-09-24,CNY,601377.SS,YFINANCE_FREE_REFRESH_V0_45
WSSEC:WS:XSHG:601390,WS:XSHG:601390,READY,,491,491,0,0,0,0.0,2024-09-18,2026-09-24,CNY,601390.SS,YFINANCE_FREE_REFRESH_V0_45
WSSEC:WS:XSHG:601398,WS:XSHG:601398,READY,,491,491,0,0,0,0.0,2024-09-18,2026-09-24,CNY,601398.SS,YFINANCE_FREE_REFRESH_V0_45
WSSEC:WS:XSHG:601456,WS:XSHG:601456,READY,,491,491,0,0,0,0.0,2024-09-18,2026-09-24,CNY,601456.SS,YFINANCE_FREE_REFRESH_V0_45
WSSEC:WS:XSHG:601600,WS:XSHG:601600,READY,,491,491,0,0,0,0.0,2024-09-18,2026-09-24,CNY,601600.SS,YFINANCE_FREE_REFRESH_V0_45
WSSEC:WS:XSHG:601601,WS:XSHG:601601,READY,,491,491,0,0,0,0.0,2024-09-18,2026-09-24,CNY,601601.SS,YFINANCE_FREE_REFRESH_V0_45
WSSEC:WS:XSHG:601607,WS:XSHG:601607,READY,,491,491,0,0,0,0.0,2024-09-18,2026-09-24,CNY,601607.SS,YFINANCE_FREE_REFRESH_V0_45
WSSEC:WS:XSHG:601618,WS:XSHG:601618,READY,,491,491,0,0,0,0.0,2024-09-18,2026-09-24,CNY,601618.SS,YFINANCE_FREE_REFRESH_V0_45
WSSEC:WS:XSHG:601628,WS:XSHG:601628,READY,,491,491,0,0,0,0.0,2024-09-18,2026-09-24,CNY,601628.SS,YFINANCE_FREE_REFRESH_V0_45
WSSEC:WS:XSHG:601633,WS:XSHG:601633,READY,,491,491,0,0,0,0.0,2024-09-18,2026-09-24,CNY,601633.SS,YFINANCE_FREE_REFRESH_V0_45
WSSEC:WS:XSHG:601658,WS:XSHG:601658,READY,,491,491,0,0,0,0.0,2024-09-18,2026-09-24,CNY,601658.SS,YFINANCE_FREE_REFRESH_V0_45
WSSEC:WS:XSHG:601668,WS:XSHG:601668,READY,,491,491,0,0,0,0.0,2024-09-18,2026-09-24,CNY,601668.SS,YFINANCE_FREE_REFRESH_V0_45
WSSEC:WS:XSHG:601669,WS:XSHG:601669,READY,,491,491,0,0,0,0.0,2024-09-18,2026-09-24,CNY,601669.SS,YFINANCE_FREE_REFRESH_V0_45
WSSEC:WS:XSHG:601688,WS:XSHG:601688,READY,,491,491,0,0,0,0.0,2024-09-18,2026-09-24,CNY,601688.SS,YFINANCE_FREE_REFRESH_V0_45
WSSEC:WS:XSHG:601689,WS:XSHG:601689,READY,,491,491,0,0,0,0.0,2024-09-18,2026-09-24,CNY,601689.SS,YFINANCE_FREE_REFRESH_V0_45
WSSEC:WS:XSHG:601698,WS:XSHG:601698,READY,,491,491,0,0,0,0.0,2024-09-18,2026-09-24,CNY,601698.SS,YFINANCE_FREE_REFRESH_V0_45
WSSEC:WS:XSHG:601727,WS:XSHG:601727,READY,,491,491,0,0,0,0.0,2024-09-18,2026-09-24,CNY,601727.SS,YFINANCE_FREE_REFRESH_V0_45
WSSEC:WS:XSHG:601728,WS:XSHG:601728,READY,,491,491,0,0,0,0.0,2024-09-18,2026-09-24,CNY,601728.SS,YFINANCE_FREE_REFRESH_V0_45
WSSEC:WS:XSHG:601766,WS:XSHG:601766,READY,,491,491,0,0,0,0.0,2024-09-18,2026-09-24,CNY,601766.SS,YFINANCE_FREE_REFRESH_V0_45
WSSEC:WS:XSHG:601788,WS:XSHG:601788,READY,,491,491,0,0,0,0.0,2024-09-18,2026-09-24,CNY,601788.SS,YFINANCE_FREE_REFRESH_V0_45
WSSEC:WS:XSHG:601800,WS:XSHG:601800,READY,,491,491,0,0,0,0.0,2024-09-18,2026-09-24,CNY,601800.SS,YFINANCE_FREE_REFRESH_V0_45
WSSEC:WS:XSHG:601816,WS:XSHG:601816,READY,,491,491,0,0,0,0.0,2024-09-18,2026-09-24,CNY,601816.SS,YFINANCE_FREE_REFRESH_V0_45
WSSEC:WS:XSHG:601818,WS:XSHG:601818,READY,,491,491,0,0,0,0.0,2024-09-18,2026-09-24,CNY,601818.SS,YFINANCE_FREE_REFRESH_V0_45
WSSEC:WS:XSHG:601825,WS:XSHG:601825,READY,,491,491,0,0,0,0.0,2024-09-18,2026-09-24,CNY,601825.SS,YFINANCE_FREE_REFRESH_V0_45
WSSEC:WS:XSHG:601838,WS:XSHG:601838,READY,,491,491,0,0,0,0.0,2024-09-18,2026-09-24,CNY,601838.SS,YFINANCE_FREE_REFRESH_V0_45
WSSEC:WS:XSHG:601857,WS:XSHG:601857,READY,,491,491,0,0,0,0.0,2024-09-18,2026-09-24,CNY,601857.SS,YFINANCE_FREE_REFRESH_V0_45
WSSEC:WS:XSHG:601868,WS:XSHG:601868,READY,,491,491,0,0,0,0.0,2024-09-18,2026-09-24,CNY,601868.SS,YFINANCE_FREE_REFRESH_V0_45
WSSEC:WS:XSHG:601872,WS:XSHG:601872,READY,,491,491,0,0,0,0.0,2024-09-18,2026-09-24,CNY,601872.SS,YFINANCE_FREE_REFRESH_V0_45
WSSEC:WS:XSHG:601877,WS:XSHG:601877,READY,,491,491,0,0,0,0.0,2024-09-18,2026-09-24,CNY,601877.SS,YFINANCE_FREE_REFRESH_V0_45
WSSEC:WS:XSHG:601878,WS:XSHG:601878,READY,,491,491,0,0,0,0.0,2024-09-18,2026-09-24,CNY,601878.SS,YFINANCE_FREE_REFRESH_V0_45
WSSEC:WS:XSHG:601881,WS:XSHG:601881,READY,,491,491,0,0,0,0.0,2024-09-18,2026-09-24,CNY,601881.SS,YFINANCE_FREE_REFRESH_V0_45
WSSEC:WS:XSHG:601888,WS:XSHG:601888,READY,,491,491,0,0,0,0.0,2024-09-18,2026-09-24,CNY,601888.SS,YFINANCE_FREE_REFRESH_V0_45
WSSEC:WS:XSHG:601898,WS:XSHG:601898,READY,,491,491,0,0,0,0.0,2024-09-18,2026-09-24,CNY,601898.SS,YFINANCE_FREE_REFRESH_V0_45
WSSEC:WS:XSHG:601899,WS:XSHG:601899,READY,,491,491,0,0,0,0.0,2024-09-18,2026-09-24,CNY,601899.SS,YFINANCE_FREE_REFRESH_V0_45
WSSEC:WS:XSHG:601901,WS:XSHG:601901,READY,,491,491,0,0,0,0.0,2024-09-18,2026-09-24,CNY,601901.SS,YFINANCE_FREE_REFRESH_V0_45
WSSEC:WS:XSHG:601916,WS:XSHG:601916,READY,,491,491,0,0,0,0.0,2024-09-18,2026-09-24,CNY,601916.SS,YFINANCE_FREE_REFRESH_V0_45
WSSEC:WS:XSHG:601919,WS:XSHG:601919,READY,,491,491,0,0,0,0.0,2024-09-18,2026-09-24,CNY,601919.SS,YFINANCE_FREE_REFRESH_V0_45
WSSEC:WS:XSHG:601939,WS:XSHG:601939,READY,,491,491,0,0,0,0.0,2024-09-18,2026-09-24,CNY,601939.SS,YFINANCE_FREE_REFRESH_V0_45
WSSEC:WS:XSHG:601985,WS:XSHG:601985,READY,,491,491,0,0,0,0.0,2024-09-18,2026-09-24,CNY,601985.SS,YFINANCE_FREE_REFRESH_V0_45
WSSEC:WS:XSHG:601988,WS:XSHG:601988,READY,,491,491,0,0,0,0.0,2024-09-18,2026-09-24,CNY,601988.SS,YFINANCE_FREE_REFRESH_V0_45
WSSEC:WS:XSHG:601995,WS:XSHG:601995,READY,,491,491,0,0,0,0.05295315682281059,2024-09-18,2026-09-24,CNY,601995.SS,YFINANCE_FREE_REFRESH_V0_45
WSSEC:WS:XSHG:601998,WS:XSHG:601998,READY,,491,491,0,0,0,0.0,2024-09-18,2026-09-24,CNY,601998.SS,YFINANCE_FREE_REFRESH_V0_45
WSSEC:WS:XSHG:603019,WS:XSHG:603019,READY,,491,491,0,0,0,0.020366598778004074,2024-09-18,2026-09-24,CNY,603019.SS,YFINANCE_FREE_REFRESH_V0_45
WSSEC:WS:XSHG:603259,WS:XSHG:603259,READY,,491,491,0,0,0,0.0,2024-09-18,2026-09-24,CNY,603259.SS,YFINANCE_FREE_REFRESH_V0_45
WSSEC:WS:XSHG:603260,WS:XSHG:603260,READY,,491,491,0,0,0,0.0,2024-09-18,2026-09-24,CNY,603260.SS,YFINANCE_FREE_REFRESH_V0_45
WSSEC:WS:XSHG:603288,WS:XSHG:603288,READY,,491,491,0,0,0,0.0,2024-09-18,2026-09-24,CNY,603288.SS,YFINANCE_FREE_REFRESH_V0_45
WSSEC:WS:XSHG:603296,WS:XSHG:603296,READY,,491,491,0,0,0,0.0,2024-09-18,2026-09-24,CNY,603296.SS,YFINANCE_FREE_REFRESH_V0_45
WSSEC:WS:XSHG:603369,WS:XSHG:603369,READY,,491,491,0,0,0,0.0,2024-09-18,2026-09-24,CNY,603369.SS,YFINANCE_FREE_REFRESH_V0_45
WSSEC:WS:XSHG:603392,WS:XSHG:603392,READY,,491,491,0,0,0,0.0,2024-09-18,2026-09-24,CNY,603392.SS,YFINANCE_FREE_REFRESH_V0_45
WSSEC:WS:XSHG:603501,WS:XSHG:603501,READY,,491,491,0,0,0,0.0,2024-09-18,2026-09-24,CNY,603501.SS,YFINANCE_FREE_REFRESH_V0_45
WSSEC:WS:XSHG:603799,WS:XSHG:603799,READY,,491,491,0,0,0,0.0,2024-09-18,2026-09-24,CNY,603799.SS,YFINANCE_FREE_REFRESH_V0_45
WSSEC:WS:XSHG:603893,WS:XSHG:603893,READY,,491,491,0,0,0,0.0,2024-09-18,2026-09-24,CNY,603893.SS,YFINANCE_FREE_REFRESH_V0_45
WSSEC:WS:XSHG:603986,WS:XSHG:603986,READY,,491,491,0,0,0,0.0,2024-09-18,2026-09-24,CNY,603986.SS,YFINANCE_FREE_REFRESH_V0_45
WSSEC:WS:XSHG:603993,WS:XSHG:603993,READY,,491,491,0,0,0,0.0,2024-09-18,2026-09-24,CNY,603993.SS,YFINANCE_FREE_REFRESH_V0_45
WSSEC:WS:XSHG:605117,WS:XSHG:605117,READY,,491,491,0,0,0,0.0,2024-09-18,2026-09-24,CNY,605117.SS,YFINANCE_FREE_REFRESH_V0_45
WSSEC:WS:XSHG:605499,WS:XSHG:605499,READY,,491,491,0,0,0,0.0,2024-09-18,2026-09-24,CNY,605499.SS,YFINANCE_FREE_REFRESH_V0_45
WSSEC:WS:XSHG:688008,WS:XSHG:688008,READY,,491,491,0,0,0,0.0,2024-09-18,2026-09-24,CNY,688008.SS,YFINANCE_FREE_REFRESH_V0_45
WSSEC:WS:XSHG:688012,WS:XSHG:688012,READY,,491,491,0,0,0,0.018329938900203666,2024-09-18,2026-09-24,CNY,688012.SS,YFINANCE_FREE_REFRESH_V0_45
WSSEC:WS:XSHG:688036,WS:XSHG:688036,READY,,491,491,0,0,0,0.0,2024-09-18,2026-09-24,CNY,688036.SS,YFINANCE_FREE_REFRESH_V0_45
WSSEC:WS:XSHG:688041,WS:XSHG:688041,READY,,491,491,0,0,0,0.020366598778004074,2024-09-18,2026-09-24,CNY,688041.SS,YFINANCE_FREE_REFRESH_V0_45
WSSEC:WS:XSHG:688047,WS:XSHG:688047,READY,,491,491,0,0,0,0.0,2024-09-18,2026-09-24,CNY,688047.SS,YFINANCE_FREE_REFRESH_V0_45
WSSEC:WS:XSHG:688072,WS:XSHG:688072,READY,,491,491,0,0,0,0.020366598778004074,2024-09-18,2026-09-24,CNY,688072.SS,YFINANCE_FREE_REFRESH_V0_45
WSSEC:WS:XSHG:688082,WS:XSHG:688082,READY,,491,491,0,0,0,0.0,2024-09-18,2026-09-24,CNY,688082.SS,YFINANCE_FREE_REFRESH_V0_45
WSSEC:WS:XSHG:688111,WS:XSHG:688111,READY,,491,491,0,0,0,0.0,2024-09-18,2026-09-24,CNY,688111.SS,YFINANCE_FREE_REFRESH_V0_45
WSSEC:WS:XSHG:688126,WS:XSHG:688126,READY,,491,491,0,0,0,0.020366598778004074,2024-09-18,2026-09-24,CNY,688126.SS,YFINANCE_FREE_REFRESH_V0_45
WSSEC:WS:XSHG:688183,WS:XSHG:688183,READY,,491,491,0,0,0,0.0,2024-09-18,2026-09-24,CNY,688183.SS,YFINANCE_FREE_REFRESH_V0_45
WSSEC:WS:XSHG:688223,WS:XSHG:688223,READY,,491,491,0,0,0,0.0,2024-09-18,2026-09-24,CNY,688223.SS,YFINANCE_FREE_REFRESH_V0_45
WSSEC:WS:XSHG:688256,WS:XSHG:688256,READY,,491,491,0,0,0,0.0,2024-09-18,2026-09-24,CNY,688256.SS,YFINANCE_FREE_REFRESH_V0_45
WSSEC:WS:XSHG:688271,WS:XSHG:688271,READY,,491,491,0,0,0,0.0,2024-09-18,2026-09-24,CNY,688271.SS,YFINANCE_FREE_REFRESH_V0_45
WSSEC:WS:XSHG:688303,WS:XSHG:688303,READY,,491,491,0,0,0,0.0,2024-09-18,2026-09-24,CNY,688303.SS,YFINANCE_FREE_REFRESH_V0_45
WSSEC:WS:XSHG:688396,WS:XSHG:688396,READY,,491,491,0,0,0,0.0,2024-09-18,2026-09-24,CNY,688396.SS,YFINANCE_FREE_REFRESH_V0_45
WSSEC:WS:XSHG:688472,WS:XSHG:688472,READY,,491,491,0,0,0,0.0,2024-09-18,2026-09-24,CNY,688472.SS,YFINANCE_FREE_REFRESH_V0_45
WSSEC:WS:XSHG:688506,WS:XSHG:688506,READY,,491,491,0,0,0,0.0,2024-09-18,2026-09-24,CNY,688506.SS,YFINANCE_FREE_REFRESH_V0_45
WSSEC:WS:XSHG:688521,WS:XSHG:688521,READY,,491,491,0,0,0,0.020366598778004074,2024-09-18,2026-09-24,CNY,688521.SS,YFINANCE_FREE_REFRESH_V0_45
WSSEC:WS:XSHG:688981,WS:XSHG:688981,READY,,491,491,0,0,0,0.012219959266802444,2024-09-18,2026-09-24,CNY,688981.SS,YFINANCE_FREE_REFRESH_V0_45
WSSEC:WS:XTAI:3711,WS:XTAI:3711,READY,,492,492,0,0,0,0.0020325203252032522,2024-09-16,2026-09-24,TWD,3711.TW,YFINANCE_FREE_REFRESH_V0_45
WSSEC:WS:XTAI:6669,WS:XTAI:6669,READY,,492,492,0,0,0,0.0020325203252032522,2024-09-16,2026-09-24,TWD,6669.TW,YFINANCE_FREE_REFRESH_V0_45
WSSEC:WS:XTAI:7769,WS:XTAI:7769,READY,,463,463,0,0,0,0.004319654427645789,2024-11-01,2026-09-24,TWD,7769.TW,YFINANCE_FREE_REFRESH_V0_45
WSSEC:WS:XTKS:1605,WS:XTKS:1605,READY,,491,491,0,0,0,0.0,2024-09-17,2026-09-24,JPY,1605.T,YFINANCE_FREE_REFRESH_V0_45
WSSEC:WS:XTKS:1801,WS:XTKS:1801,READY,,491,491,0,0,0,0.0,2024-09-17,2026-09-24,JPY,1801.T,YFINANCE_FREE_REFRESH_V0_45
WSSEC:WS:XTKS:1802,WS:XTKS:1802,READY,,491,491,0,0,0,0.0,2024-09-17,2026-09-24,JPY,1802.T,YFINANCE_FREE_REFRESH_V0_45
WSSEC:WS:XTKS:1803,WS:XTKS:1803,READY,,491,491,0,0,0,0.0,2024-09-17,2026-09-24,JPY,1803.T,YFINANCE_FREE_REFRESH_V0_45
WSSEC:WS:XTKS:1812,WS:XTKS:1812,READY,,491,491,0,0,0,0.0,2024-09-17,2026-09-24,JPY,1812.T,YFINANCE_FREE_REFRESH_V0_45
WSSEC:WS:XTKS:1925,WS:XTKS:1925,READY,,491,491,0,0,0,0.0,2024-09-17,2026-09-24,JPY,1925.T,YFINANCE_FREE_REFRESH_V0_45
WSSEC:WS:XTKS:1928,WS:XTKS:1928,READY,,491,491,0,0,0,0.0,2024-09-17,2026-09-24,JPY,1928.T,YFINANCE_FREE_REFRESH_V0_45
WSSEC:WS:XTKS:1963,WS:XTKS:1963,READY,,491,491,0,0,0,0.0,2024-09-17,2026-09-24,JPY,1963.T,YFINANCE_FREE_REFRESH_V0_45
WSSEC:WS:XTKS:2269,WS:XTKS:2269,READY,,491,491,0,0,0,0.0,2024-09-17,2026-09-24,JPY,2269.T,YFINANCE_FREE_REFRESH_V0_45
WSSEC:WS:XTKS:2282,WS:XTKS:2282,READY,,491,491,0,0,0,0.0,2024-09-17,2026-09-24,JPY,2282.T,YFINANCE_FREE_REFRESH_V0_45
WSSEC:WS:XTKS:2413,WS:XTKS:2413,READY,,491,491,0,0,0,0.0,2024-09-17,2026-09-24,JPY,2413.T,YFINANCE_FREE_REFRESH_V0_45
WSSEC:WS:XTKS:2502,WS:XTKS:2502,READY,,491,491,0,0,0,0.0,2024-09-17,2026-09-24,JPY,2502.T,YFINANCE_FREE_REFRESH_V0_45
WSSEC:WS:XTKS:2503,WS:XTKS:2503,READY,,491,491,0,0,0,0.0,2024-09-17,2026-09-24,JPY,2503.T,YFINANCE_FREE_REFRESH_V0_45
WSSEC:WS:XTKS:2768,WS:XTKS:2768,READY,,491,491,0,0,0,0.0,2024-09-17,2026-09-24,JPY,2768.T,YFINANCE_FREE_REFRESH_V0_45
WSSEC:WS:XTKS:2801,WS:XTKS:2801,READY,,491,491,0,0,0,0.0,2024-09-17,2026-09-24,JPY,2801.T,YFINANCE_FREE_REFRESH_V0_45
WSSEC:WS:XTKS:2802,WS:XTKS:2802,READY,,491,491,0,0,0,0.0,2024-09-17,2026-09-24,JPY,2802.T,YFINANCE_FREE_REFRESH_V0_45
WSSEC:WS:XTKS:285A,WS:XTKS:285A,READY,,428,428,0,0,0,0.0,2024-12-18,2026-09-24,JPY,285A.T,YFINANCE_FREE_REFRESH_V0_45
WSSEC:WS:XTKS:2914,WS:XTKS:2914,READY,,491,491,0,0,0,0.0,2024-09-17,2026-09-24,JPY,2914.T,YFINANCE_FREE_REFRESH_V0_45
WSSEC:WS:XTKS:3086,WS:XTKS:3086,READY,,491,491,0,0,0,0.0,2024-09-17,2026-09-24,JPY,3086.T,YFINANCE_FREE_REFRESH_V0_45
WSSEC:WS:XTKS:3099,WS:XTKS:3099,READY,,491,491,0,0,0,0.0,2024-09-17,2026-09-24,JPY,3099.T,YFINANCE_FREE_REFRESH_V0_45
WSSEC:WS:XTKS:3289,WS:XTKS:3289,READY,,491,491,0,0,0,0.0,2024-09-17,2026-09-24,JPY,3289.T,YFINANCE_FREE_REFRESH_V0_45
WSSEC:WS:XTKS:3382,WS:XTKS:3382,READY,,491,491,0,0,0,0.0,2024-09-17,2026-09-24,JPY,3382.T,YFINANCE_FREE_REFRESH_V0_45
WSSEC:WS:XTKS:3402,WS:XTKS:3402,READY,,491,491,0,0,0,0.0,2024-09-17,2026-09-24,JPY,3402.T,YFINANCE_FREE_REFRESH_V0_45
WSSEC:WS:XTKS:3405,WS:XTKS:3405,READY,,491,491,0,0,0,0.0,2024-09-17,2026-09-24,JPY,3405.T,YFINANCE_FREE_REFRESH_V0_45
WSSEC:WS:XTKS:3407,WS:XTKS:3407,READY,,491,491,0,0,0,0.0,2024-09-17,2026-09-24,JPY,3407.T,YFINANCE_FREE_REFRESH_V0_45
WSSEC:WS:XTKS:3436,WS:XTKS:3436,READY,,491,491,0,0,0,0.0,2024-09-17,2026-09-24,JPY,3436.T,YFINANCE_FREE_REFRESH_V0_45
WSSEC:WS:XTKS:3659,WS:XTKS:3659,READY,,491,491,0,0,0,0.0,2024-09-17,2026-09-24,JPY,3659.T,YFINANCE_FREE_REFRESH_V0_45
WSSEC:WS:XTKS:3697,WS:XTKS:3697,READY,,491,491,0,0,0,0.0,2024-09-17,2026-09-24,JPY,3697.T,YFINANCE_FREE_REFRESH_V0_45
WSSEC:WS:XTKS:4004,WS:XTKS:4004,READY,,491,491,0,0,0,0.0,2024-09-17,2026-09-24,JPY,4004.T,YFINANCE_FREE_REFRESH_V0_45
WSSEC:WS:XTKS:4005,WS:XTKS:4005,READY,,491,491,0,0,0,0.0,2024-09-17,2026-09-24,JPY,4005.T,YFINANCE_FREE_REFRESH_V0_45
WSSEC:WS:XTKS:4021,WS:XTKS:4021,READY,,491,491,0,0,0,0.0,2024-09-17,2026-09-24,JPY,4021.T,YFINANCE_FREE_REFRESH_V0_45
WSSEC:WS:XTKS:4042,WS:XTKS:4042,READY,,491,491,0,0,0,0.0,2024-09-17,2026-09-24,JPY,4042.T,YFINANCE_FREE_REFRESH_V0_45
WSSEC:WS:XTKS:4043,WS:XTKS:4043,READY,,491,491,0,0,0,0.0,2024-09-17,2026-09-24,JPY,4043.T,YFINANCE_FREE_REFRESH_V0_45
WSSEC:WS:XTKS:4062,WS:XTKS:4062,READY,,491,491,0,0,0,0.0,2024-09-17,2026-09-24,JPY,4062.T,YFINANCE_FREE_REFRESH_V0_45
WSSEC:WS:XTKS:4063,WS:XTKS:4063,READY,,491,491,0,0,0,0.0,2024-09-17,2026-09-24,JPY,4063.T,YFINANCE_FREE_REFRESH_V0_45
WSSEC:WS:XTKS:4151,WS:XTKS:4151,READY,,491,491,0,0,0,0.0,2024-09-17,2026-09-24,JPY,4151.T,YFINANCE_FREE_REFRESH_V0_45
WSSEC:WS:XTKS:4183,WS:XTKS:4183,READY,,491,491,0,0,0,0.0,2024-09-17,2026-09-24,JPY,4183.T,YFINANCE_FREE_REFRESH_V0_45
WSSEC:WS:XTKS:4188,WS:XTKS:4188,READY,,491,491,0,0,0,0.0,2024-09-17,2026-09-24,JPY,4188.T,YFINANCE_FREE_REFRESH_V0_45
WSSEC:WS:XTKS:4208,WS:XTKS:4208,READY,,491,491,0,0,0,0.0,2024-09-17,2026-09-24,JPY,4208.T,YFINANCE_FREE_REFRESH_V0_45
WSSEC:WS:XTKS:4307,WS:XTKS:4307,READY,,491,491,0,0,0,0.0,2024-09-17,2026-09-24,JPY,4307.T,YFINANCE_FREE_REFRESH_V0_45
WSSEC:WS:XTKS:4324,WS:XTKS:4324,READY,,491,491,0,0,0,0.0,2024-09-17,2026-09-24,JPY,4324.T,YFINANCE_FREE_REFRESH_V0_45
WSSEC:WS:XTKS:4385,WS:XTKS:4385,READY,,491,491,0,0,0,0.0,2024-09-17,2026-09-24,JPY,4385.T,YFINANCE_FREE_REFRESH_V0_45
WSSEC:WS:XTKS:4452,WS:XTKS:4452,READY,,491,491,0,0,0,0.0,2024-09-17,2026-09-24,JPY,4452.T,YFINANCE_FREE_REFRESH_V0_45
WSSEC:WS:XTKS:4502,WS:XTKS:4502,READY,,491,491,0,0,0,0.0,2024-09-17,2026-09-24,JPY,4502.T,YFINANCE_FREE_REFRESH_V0_45
WSSEC:WS:XTKS:4503,WS:XTKS:4503,READY,,491,491,0,0,0,0.0,2024-09-17,2026-09-24,JPY,4503.T,YFINANCE_FREE_REFRESH_V0_45
WSSEC:WS:XTKS:4506,WS:XTKS:4506,READY,,491,491,0,0,0,0.0,2024-09-17,2026-09-24,JPY,4506.T,YFINANCE_FREE_REFRESH_V0_45
WSSEC:WS:XTKS:4507,WS:XTKS:4507,READY,,491,491,0,0,0,0.0,2024-09-17,2026-09-24,JPY,4507.T,YFINANCE_FREE_REFRESH_V0_45
WSSEC:WS:XTKS:4519,WS:XTKS:4519,READY,,491,491,0,0,0,0.0,2024-09-17,2026-09-24,JPY,4519.T,YFINANCE_FREE_REFRESH_V0_45
WSSEC:WS:XTKS:4523,WS:XTKS:4523,READY,,491,491,0,0,0,0.0,2024-09-17,2026-09-24,JPY,4523.T,YFINANCE_FREE_REFRESH_V0_45
WSSEC:WS:XTKS:4543,WS:XTKS:4543,READY,,491,491,0,0,0,0.0,2024-09-17,2026-09-24,JPY,4543.T,YFINANCE_FREE_REFRESH_V0_45
WSSEC:WS:XTKS:4568,WS:XTKS:4568,READY,,491,491,0,0,0,0.0,2024-09-17,2026-09-24,JPY,4568.T,YFINANCE_FREE_REFRESH_V0_45
WSSEC:WS:XTKS:4578,WS:XTKS:4578,READY,,491,491,0,0,0,0.0,2024-09-17,2026-09-24,JPY,4578.T,YFINANCE_FREE_REFRESH_V0_45
WSSEC:WS:XTKS:4661,WS:XTKS:4661,READY,,491,491,0,0,0,0.0,2024-09-17,2026-09-24,JPY,4661.T,YFINANCE_FREE_REFRESH_V0_45
WSSEC:WS:XTKS:4689,WS:XTKS:4689,READY,,491,491,0,0,0,0.0,2024-09-17,2026-09-24,JPY,4689.T,YFINANCE_FREE_REFRESH_V0_45
WSSEC:WS:XTKS:4704,WS:XTKS:4704,READY,,491,491,0,0,0,0.0,2024-09-17,2026-09-24,JPY,4704.T,YFINANCE_FREE_REFRESH_V0_45
WSSEC:WS:XTKS:4751,WS:XTKS:4751,READY,,491,491,0,0,0,0.0,2024-09-17,2026-09-24,JPY,4751.T,YFINANCE_FREE_REFRESH_V0_45
WSSEC:WS:XTKS:4755,WS:XTKS:4755,READY,,491,491,0,0,0,0.0,2024-09-17,2026-09-24,JPY,4755.T,YFINANCE_FREE_REFRESH_V0_45
WSSEC:WS:XTKS:4901,WS:XTKS:4901,READY,,491,491,0,0,0,0.0,2024-09-17,2026-09-24,JPY,4901.T,YFINANCE_FREE_REFRESH_V0_45
WSSEC:WS:XTKS:4911,WS:XTKS:4911,READY,,491,491,0,0,0,0.0,2024-09-17,2026-09-24,JPY,4911.T,YFINANCE_FREE_REFRESH_V0_45
WSSEC:WS:XTKS:5019,WS:XTKS:5019,READY,,491,491,0,0,0,0.0,2024-09-17,2026-09-24,JPY,5019.T,YFINANCE_FREE_REFRESH_V0_45
WSSEC:WS:XTKS:5020,WS:XTKS:5020,READY,,491,491,0,0,0,0.0,2024-09-17,2026-09-24,JPY,5020.T,YFINANCE_FREE_REFRESH_V0_45
WSSEC:WS:XTKS:5101,WS:XTKS:5101,READY,,491,491,0,0,0,0.0,2024-09-17,2026-09-24,JPY,5101.T,YFINANCE_FREE_REFRESH_V0_45
WSSEC:WS:XTKS:5108,WS:XTKS:5108,READY,,491,491,0,0,0,0.0,2024-09-17,2026-09-24,JPY,5108.T,YFINANCE_FREE_REFRESH_V0_45
WSSEC:WS:XTKS:5201,WS:XTKS:5201,READY,,491,491,0,0,0,0.0,2024-09-17,2026-09-24,JPY,5201.T,YFINANCE_FREE_REFRESH_V0_45
WSSEC:WS:XTKS:5214,WS:XTKS:5214,READY,,491,491,0,0,0,0.0,2024-09-17,2026-09-24,JPY,5214.T,YFINANCE_FREE_REFRESH_V0_45
WSSEC:WS:XTKS:5332,WS:XTKS:5332,READY,,491,491,0,0,0,0.0,2024-09-17,2026-09-24,JPY,5332.T,YFINANCE_FREE_REFRESH_V0_45
WSSEC:WS:XTKS:5333,WS:XTKS:5333,READY,,491,491,0,0,0,0.0,2024-09-17,2026-09-24,JPY,5333.T,YFINANCE_FREE_REFRESH_V0_45
WSSEC:WS:XTKS:5401,WS:XTKS:5401,READY,,491,491,0,0,0,0.0,2024-09-17,2026-09-24,JPY,5401.T,YFINANCE_FREE_REFRESH_V0_45
WSSEC:WS:XTKS:5406,WS:XTKS:5406,READY,,491,491,0,0,0,0.0,2024-09-17,2026-09-24,JPY,5406.T,YFINANCE_FREE_REFRESH_V0_45
WSSEC:WS:XTKS:5411,WS:XTKS:5411,READY,,491,491,0,0,0,0.0,2024-09-17,2026-09-24,JPY,5411.T,YFINANCE_FREE_REFRESH_V0_45
WSSEC:WS:XTKS:543A,WS:XTKS:543A,READY,,491,491,0,0,0,0.004073319755600814,2024-09-17,2026-09-24,JPY,543A.T,YFINANCE_FREE_REFRESH_V0_45
WSSEC:WS:XTKS:5631,WS:XTKS:5631,READY,,491,491,0,0,0,0.0,2024-09-17,2026-09-24,JPY,5631.T,YFINANCE_FREE_REFRESH_V0_45
WSSEC:WS:XTKS:5706,WS:XTKS:5706,READY,,491,491,0,0,0,0.0,2024-09-17,2026-09-24,JPY,5706.T,YFINANCE_FREE_REFRESH_V0_45
WSSEC:WS:XTKS:5711,WS:XTKS:5711,READY,,491,491,0,0,0,0.0,2024-09-17,2026-09-24,JPY,5711.T,YFINANCE_FREE_REFRESH_V0_45
WSSEC:WS:XTKS:5713,WS:XTKS:5713,READY,,491,491,0,0,0,0.0,2024-09-17,2026-09-24,JPY,5713.T,YFINANCE_FREE_REFRESH_V0_45
WSSEC:WS:XTKS:5714,WS:XTKS:5714,READY,,491,491,0,0,0,0.0,2024-09-17,2026-09-24,JPY,5714.T,YFINANCE_FREE_REFRESH_V0_45
WSSEC:WS:XTKS:5801,WS:XTKS:5801,READY,,491,491,0,0,0,0.0,2024-09-17,2026-09-24,JPY,5801.T,YFINANCE_FREE_REFRESH_V0_45
WSSEC:WS:XTKS:5802,WS:XTKS:5802,READY,,491,491,0,0,0,0.0,2024-09-17,2026-09-24,JPY,5802.T,YFINANCE_FREE_REFRESH_V0_45
WSSEC:WS:XTKS:5803,WS:XTKS:5803,READY,,491,491,0,0,0,0.0,2024-09-17,2026-09-24,JPY,5803.T,YFINANCE_FREE_REFRESH_V0_45
WSSEC:WS:XTKS:5831,WS:XTKS:5831,READY,,491,491,0,0,0,0.0,2024-09-17,2026-09-24,JPY,5831.T,YFINANCE_FREE_REFRESH_V0_45
WSSEC:WS:XTKS:6098,WS:XTKS:6098,READY,,491,491,0,0,0,0.0,2024-09-17,2026-09-24,JPY,6098.T,YFINANCE_FREE_REFRESH_V0_45
WSSEC:WS:XTKS:6113,WS:XTKS:6113,READY,,491,491,0,0,0,0.0,2024-09-17,2026-09-24,JPY,6113.T,YFINANCE_FREE_REFRESH_V0_45
WSSEC:WS:XTKS:6146,WS:XTKS:6146,READY,,491,491,0,0,0,0.0,2024-09-17,2026-09-24,JPY,6146.T,YFINANCE_FREE_REFRESH_V0_45
WSSEC:WS:XTKS:6178,WS:XTKS:6178,READY,,491,491,0,0,0,0.0,2024-09-17,2026-09-24,JPY,6178.T,YFINANCE_FREE_REFRESH_V0_45
WSSEC:WS:XTKS:6273,WS:XTKS:6273,READY,,491,491,0,0,0,0.0,2024-09-17,2026-09-24,JPY,6273.T,YFINANCE_FREE_REFRESH_V0_45
WSSEC:WS:XTKS:6301,WS:XTKS:6301,READY,,491,491,0,0,0,0.0,2024-09-17,2026-09-24,JPY,6301.T,YFINANCE_FREE_REFRESH_V0_45
WSSEC:WS:XTKS:6302,WS:XTKS:6302,READY,,491,491,0,0,0,0.0,2024-09-17,2026-09-24,JPY,6302.T,YFINANCE_FREE_REFRESH_V0_45
WSSEC:WS:XTKS:6305,WS:XTKS:6305,READY,,491,491,0,0,0,0.0,2024-09-17,2026-09-24,JPY,6305.T,YFINANCE_FREE_REFRESH_V0_45
WSSEC:WS:XTKS:6326,WS:XTKS:6326,READY,,491,491,0,0,0,0.0,2024-09-17,2026-09-24,JPY,6326.T,YFINANCE_FREE_REFRESH_V0_45
WSSEC:WS:XTKS:6361,WS:XTKS:6361,READY,,491,491,0,0,0,0.0,2024-09-17,2026-09-24,JPY,6361.T,YFINANCE_FREE_REFRESH_V0_45
WSSEC:WS:XTKS:6367,WS:XTKS:6367,READY,,491,491,0,0,0,0.0,2024-09-17,2026-09-24,JPY,6367.T,YFINANCE_FREE_REFRESH_V0_45
WSSEC:WS:XTKS:6479,WS:XTKS:6479,READY,,491,491,0,0,0,0.0,2024-09-17,2026-09-24,JPY,6479.T,YFINANCE_FREE_REFRESH_V0_45
WSSEC:WS:XTKS:6501,WS:XTKS:6501,READY,,491,491,0,0,0,0.0,2024-09-17,2026-09-24,JPY,6501.T,YFINANCE_FREE_REFRESH_V0_45
WSSEC:WS:XTKS:6503,WS:XTKS:6503,READY,,491,491,0,0,0,0.0,2024-09-17,2026-09-24,JPY,6503.T,YFINANCE_FREE_REFRESH_V0_45
WSSEC:WS:XTKS:6504,WS:XTKS:6504,READY,,491,491,0,0,0,0.0,2024-09-17,2026-09-24,JPY,6504.T,YFINANCE_FREE_REFRESH_V0_45
WSSEC:WS:XTKS:6506,WS:XTKS:6506,READY,,491,491,0,0,0,0.0,2024-09-17,2026-09-24,JPY,6506.T,YFINANCE_FREE_REFRESH_V0_45
WSSEC:WS:XTKS:6526,WS:XTKS:6526,READY,,491,491,0,0,0,0.0,2024-09-17,2026-09-24,JPY,6526.T,YFINANCE_FREE_REFRESH_V0_45
WSSEC:WS:XTKS:6532,WS:XTKS:6532,READY,,491,491,0,0,0,0.0,2024-09-17,2026-09-24,JPY,6532.T,YFINANCE_FREE_REFRESH_V0_45
WSSEC:WS:XTKS:6645,WS:XTKS:6645,READY,,491,491,0,0,0,0.0,2024-09-17,2026-09-24,JPY,6645.T,YFINANCE_FREE_REFRESH_V0_45
WSSEC:WS:XTKS:6701,WS:XTKS:6701,READY,,491,491,0,0,0,0.0,2024-09-17,2026-09-24,JPY,6701.T,YFINANCE_FREE_REFRESH_V0_45
WSSEC:WS:XTKS:6702,WS:XTKS:6702,READY,,491,491,0,0,0,0.0,2024-09-17,2026-09-24,JPY,6702.T,YFINANCE_FREE_REFRESH_V0_45
WSSEC:WS:XTKS:6723,WS:XTKS:6723,READY,,491,491,0,0,0,0.0,2024-09-17,2026-09-24,JPY,6723.T,YFINANCE_FREE_REFRESH_V0_45
WSSEC:WS:XTKS:6724,WS:XTKS:6724,READY,,491,491,0,0,0,0.0,2024-09-17,2026-09-24,JPY,6724.T,YFINANCE_FREE_REFRESH_V0_45
WSSEC:WS:XTKS:6752,WS:XTKS:6752,READY,,491,491,0,0,0,0.0,2024-09-17,2026-09-24,JPY,6752.T,YFINANCE_FREE_REFRESH_V0_45
WSSEC:WS:XTKS:6758,WS:XTKS:6758,READY,,491,491,0,0,0,0.0,2024-09-17,2026-09-24,JPY,6758.T,YFINANCE_FREE_REFRESH_V0_45
WSSEC:WS:XTKS:6762,WS:XTKS:6762,READY,,491,491,0,0,0,0.0,2024-09-17,2026-09-24,JPY,6762.T,YFINANCE_FREE_REFRESH_V0_45
WSSEC:WS:XTKS:6770,WS:XTKS:6770,READY,,491,491,0,0,0,0.0,2024-09-17,2026-09-24,JPY,6770.T,YFINANCE_FREE_REFRESH_V0_45
WSSEC:WS:XTKS:6841,WS:XTKS:6841,READY,,491,491,0,0,0,0.0,2024-09-17,2026-09-24,JPY,6841.T,YFINANCE_FREE_REFRESH_V0_45
WSSEC:WS:XTKS:6857,WS:XTKS:6857,READY,,491,491,0,0,0,0.0,2024-09-17,2026-09-24,JPY,6857.T,YFINANCE_FREE_REFRESH_V0_45
WSSEC:WS:XTKS:6861,WS:XTKS:6861,READY,,491,491,0,0,0,0.0,2024-09-17,2026-09-24,JPY,6861.T,YFINANCE_FREE_REFRESH_V0_45
WSSEC:WS:XTKS:6902,WS:XTKS:6902,READY,,491,491,0,0,0,0.0,2024-09-17,2026-09-24,JPY,6902.T,YFINANCE_FREE_REFRESH_V0_45
WSSEC:WS:XTKS:6920,WS:XTKS:6920,READY,,491,491,0,0,0,0.0,2024-09-17,2026-09-24,JPY,6920.T,YFINANCE_FREE_REFRESH_V0_45
WSSEC:WS:XTKS:6954,WS:XTKS:6954,READY,,491,491,0,0,0,0.0,2024-09-17,2026-09-24,JPY,6954.T,YFINANCE_FREE_REFRESH_V0_45
WSSEC:WS:XTKS:6963,WS:XTKS:6963,READY,,491,491,0,0,0,0.0,2024-09-17,2026-09-24,JPY,6963.T,YFINANCE_FREE_REFRESH_V0_45
WSSEC:WS:XTKS:6971,WS:XTKS:6971,READY,,491,491,0,0,0,0.0,2024-09-17,2026-09-24,JPY,6971.T,YFINANCE_FREE_REFRESH_V0_45
WSSEC:WS:XTKS:6976,WS:XTKS:6976,READY,,491,491,0,0,0,0.0,2024-09-17,2026-09-24,JPY,6976.T,YFINANCE_FREE_REFRESH_V0_45
WSSEC:WS:XTKS:6981,WS:XTKS:6981,READY,,491,491,0,0,0,0.0,2024-09-17,2026-09-24,JPY,6981.T,YFINANCE_FREE_REFRESH_V0_45
WSSEC:WS:XTKS:6988,WS:XTKS:6988,READY,,491,491,0,0,0,0.0,2024-09-17,2026-09-24,JPY,6988.T,YFINANCE_FREE_REFRESH_V0_45
WSSEC:WS:XTKS:7011,WS:XTKS:7011,READY,,491,491,0,0,0,0.0,2024-09-17,2026-09-24,JPY,7011.T,YFINANCE_FREE_REFRESH_V0_45
WSSEC:WS:XTKS:7012,WS:XTKS:7012,READY,,491,491,0,0,0,0.0,2024-09-17,2026-09-24,JPY,7012.T,YFINANCE_FREE_REFRESH_V0_45
WSSEC:WS:XTKS:7013,WS:XTKS:7013,READY,,491,491,0,0,0,0.0,2024-09-17,2026-09-24,JPY,7013.T,YFINANCE_FREE_REFRESH_V0_45
WSSEC:WS:XTKS:7186,WS:XTKS:7186,READY,,491,491,0,0,0,0.0,2024-09-17,2026-09-24,JPY,7186.T,YFINANCE_FREE_REFRESH_V0_45
WSSEC:WS:XTKS:7201,WS:XTKS:7201,READY,,491,491,0,0,0,0.0,2024-09-17,2026-09-24,JPY,7201.T,YFINANCE_FREE_REFRESH_V0_45
WSSEC:WS:XTKS:7202,WS:XTKS:7202,READY,,491,491,0,0,0,0.0,2024-09-17,2026-09-24,JPY,7202.T,YFINANCE_FREE_REFRESH_V0_45
WSSEC:WS:XTKS:7203,WS:XTKS:7203,READY,,491,491,0,0,0,0.0,2024-09-17,2026-09-24,JPY,7203.T,YFINANCE_FREE_REFRESH_V0_45
WSSEC:WS:XTKS:7211,WS:XTKS:7211,READY,,491,491,0,0,0,0.0,2024-09-17,2026-09-24,JPY,7211.T,YFINANCE_FREE_REFRESH_V0_45
WSSEC:WS:XTKS:7261,WS:XTKS:7261,READY,,491,491,0,0,0,0.0,2024-09-17,2026-09-24,JPY,7261.T,YFINANCE_FREE_REFRESH_V0_45
WSSEC:WS:XTKS:7267,WS:XTKS:7267,READY,,491,491,0,0,0,0.0,2024-09-17,2026-09-24,JPY,7267.T,YFINANCE_FREE_REFRESH_V0_45
WSSEC:WS:XTKS:7269,WS:XTKS:7269,READY,,491,491,0,0,0,0.0,2024-09-17,2026-09-24,JPY,7269.T,YFINANCE_FREE_REFRESH_V0_45
WSSEC:WS:XTKS:7270,WS:XTKS:7270,READY,,491,491,0,0,0,0.0,2024-09-17,2026-09-24,JPY,7270.T,YFINANCE_FREE_REFRESH_V0_45
WSSEC:WS:XTKS:7272,WS:XTKS:7272,READY,,491,491,0,0,0,0.0,2024-09-17,2026-09-24,JPY,7272.T,YFINANCE_FREE_REFRESH_V0_45
WSSEC:WS:XTKS:7453,WS:XTKS:7453,READY,,491,491,0,0,0,0.0,2024-09-17,2026-09-24,JPY,7453.T,YFINANCE_FREE_REFRESH_V0_45
WSSEC:WS:XTKS:7532,WS:XTKS:7532,READY,,491,491,0,0,0,0.0,2024-09-17,2026-09-24,JPY,7532.T,YFINANCE_FREE_REFRESH_V0_45
WSSEC:WS:XTKS:7731,WS:XTKS:7731,READY,,491,491,0,0,0,0.0,2024-09-17,2026-09-24,JPY,7731.T,YFINANCE_FREE_REFRESH_V0_45
WSSEC:WS:XTKS:7733,WS:XTKS:7733,READY,,491,491,0,0,0,0.0,2024-09-17,2026-09-24,JPY,7733.T,YFINANCE_FREE_REFRESH_V0_45
WSSEC:WS:XTKS:7735,WS:XTKS:7735,READY,,491,491,0,0,0,0.0,2024-09-17,2026-09-24,JPY,7735.T,YFINANCE_FREE_REFRESH_V0_45
WSSEC:WS:XTKS:7741,WS:XTKS:7741,READY,,491,491,0,0,0,0.0,2024-09-17,2026-09-24,JPY,7741.T,YFINANCE_FREE_REFRESH_V0_45
WSSEC:WS:XTKS:7751,WS:XTKS:7751,READY,,491,491,0,0,0,0.0,2024-09-17,2026-09-24,JPY,7751.T,YFINANCE_FREE_REFRESH_V0_45
WSSEC:WS:XTKS:7752,WS:XTKS:7752,READY,,491,491,0,0,0,0.0,2024-09-17,2026-09-24,JPY,7752.T,YFINANCE_FREE_REFRESH_V0_45
WSSEC:WS:XTKS:7832,WS:XTKS:7832,READY,,491,491,0,0,0,0.0,2024-09-17,2026-09-24,JPY,7832.T,YFINANCE_FREE_REFRESH_V0_45
WSSEC:WS:XTKS:7911,WS:XTKS:7911,READY,,491,491,0,0,0,0.0,2024-09-17,2026-09-24,JPY,7911.T,YFINANCE_FREE_REFRESH_V0_45
WSSEC:WS:XTKS:7912,WS:XTKS:7912,READY,,491,491,0,0,0,0.0,2024-09-17,2026-09-24,JPY,7912.T,YFINANCE_FREE_REFRESH_V0_45
WSSEC:WS:XTKS:7951,WS:XTKS:7951,READY,,491,491,0,0,0,0.0,2024-09-17,2026-09-24,JPY,7951.T,YFINANCE_FREE_REFRESH_V0_45
WSSEC:WS:XTKS:7974,WS:XTKS:7974,READY,,491,491,0,0,0,0.0,2024-09-17,2026-09-24,JPY,7974.T,YFINANCE_FREE_REFRESH_V0_45
WSSEC:WS:XTKS:8001,WS:XTKS:8001,READY,,491,491,0,0,0,0.0,2024-09-17,2026-09-24,JPY,8001.T,YFINANCE_FREE_REFRESH_V0_45
WSSEC:WS:XTKS:8002,WS:XTKS:8002,READY,,491,491,0,0,0,0.0,2024-09-17,2026-09-24,JPY,8002.T,YFINANCE_FREE_REFRESH_V0_45
WSSEC:WS:XTKS:8015,WS:XTKS:8015,READY,,491,491,0,0,0,0.0,2024-09-17,2026-09-24,JPY,8015.T,YFINANCE_FREE_REFRESH_V0_45
WSSEC:WS:XTKS:8031,WS:XTKS:8031,READY,,491,491,0,0,0,0.0,2024-09-17,2026-09-24,JPY,8031.T,YFINANCE_FREE_REFRESH_V0_45
WSSEC:WS:XTKS:8035,WS:XTKS:8035,READY,,491,491,0,0,0,0.0,2024-09-17,2026-09-24,JPY,8035.T,YFINANCE_FREE_REFRESH_V0_45
WSSEC:WS:XTKS:8053,WS:XTKS:8053,READY,,491,491,0,0,0,0.0,2024-09-17,2026-09-24,JPY,8053.T,YFINANCE_FREE_REFRESH_V0_45
WSSEC:WS:XTKS:8058,WS:XTKS:8058,READY,,491,491,0,0,0,0.0,2024-09-17,2026-09-24,JPY,8058.T,YFINANCE_FREE_REFRESH_V0_45
WSSEC:WS:XTKS:8233,WS:XTKS:8233,READY,,491,491,0,0,0,0.0,2024-09-17,2026-09-24,JPY,8233.T,YFINANCE_FREE_REFRESH_V0_45
WSSEC:WS:XTKS:8267,WS:XTKS:8267,READY,,491,491,0,0,0,0.0,2024-09-17,2026-09-24,JPY,8267.T,YFINANCE_FREE_REFRESH_V0_45
WSSEC:WS:XTKS:8304,WS:XTKS:8304,READY,,491,491,0,0,0,0.0,2024-09-17,2026-09-24,JPY,8304.T,YFINANCE_FREE_REFRESH_V0_45
WSSEC:WS:XTKS:8306,WS:XTKS:8306,READY,,491,491,0,0,0,0.0,2024-09-17,2026-09-24,JPY,8306.T,YFINANCE_FREE_REFRESH_V0_45
WSSEC:WS:XTKS:8308,WS:XTKS:8308,READY,,491,491,0,0,0,0.0,2024-09-17,2026-09-24,JPY,8308.T,YFINANCE_FREE_REFRESH_V0_45
WSSEC:WS:XTKS:8309,WS:XTKS:8309,READY,,491,491,0,0,0,0.0,2024-09-17,2026-09-24,JPY,8309.T,YFINANCE_FREE_REFRESH_V0_45
WSSEC:WS:XTKS:8316,WS:XTKS:8316,READY,,491,491,0,0,0,0.0,2024-09-17,2026-09-24,JPY,8316.T,YFINANCE_FREE_REFRESH_V0_45
WSSEC:WS:XTKS:8331,WS:XTKS:8331,READY,,491,491,0,0,0,0.0,2024-09-17,2026-09-24,JPY,8331.T,YFINANCE_FREE_REFRESH_V0_45
WSSEC:WS:XTKS:8354,WS:XTKS:8354,READY,,491,491,0,0,0,0.0,2024-09-17,2026-09-24,JPY,8354.T,YFINANCE_FREE_REFRESH_V0_45
WSSEC:WS:XTKS:8411,WS:XTKS:8411,READY,,491,491,0,0,0,0.0,2024-09-17,2026-09-24,JPY,8411.T,YFINANCE_FREE_REFRESH_V0_45
WSSEC:WS:XTKS:8591,WS:XTKS:8591,READY,,491,491,0,0,0,0.0,2024-09-17,2026-09-24,JPY,8591.T,YFINANCE_FREE_REFRESH_V0_45
WSSEC:WS:XTKS:8601,WS:XTKS:8601,READY,,491,491,0,0,0,0.0,2024-09-17,2026-09-24,JPY,8601.T,YFINANCE_FREE_REFRESH_V0_45
WSSEC:WS:XTKS:8604,WS:XTKS:8604,READY,,491,491,0,0,0,0.0,2024-09-17,2026-09-24,JPY,8604.T,YFINANCE_FREE_REFRESH_V0_45
WSSEC:WS:XTKS:8630,WS:XTKS:8630,READY,,491,491,0,0,0,0.0,2024-09-17,2026-09-24,JPY,8630.T,YFINANCE_FREE_REFRESH_V0_45
WSSEC:WS:XTKS:8697,WS:XTKS:8697,READY,,491,491,0,0,0,0.0,2024-09-17,2026-09-24,JPY,8697.T,YFINANCE_FREE_REFRESH_V0_45
WSSEC:WS:XTKS:8725,WS:XTKS:8725,READY,,491,491,0,0,0,0.0,2024-09-17,2026-09-24,JPY,8725.T,YFINANCE_FREE_REFRESH_V0_45
WSSEC:WS:XTKS:8750,WS:XTKS:8750,READY,,491,491,0,0,0,0.0,2024-09-17,2026-09-24,JPY,8750.T,YFINANCE_FREE_REFRESH_V0_45
WSSEC:WS:XTKS:8766,WS:XTKS:8766,READY,,491,491,0,0,0,0.0,2024-09-17,2026-09-24,JPY,8766.T,YFINANCE_FREE_REFRESH_V0_45
WSSEC:WS:XTKS:8795,WS:XTKS:8795,READY,,491,491,0,0,0,0.0,2024-09-17,2026-09-24,JPY,8795.T,YFINANCE_FREE_REFRESH_V0_45
WSSEC:WS:XTKS:8801,WS:XTKS:8801,READY,,491,491,0,0,0,0.0,2024-09-17,2026-09-24,JPY,8801.T,YFINANCE_FREE_REFRESH_V0_45
WSSEC:WS:XTKS:8802,WS:XTKS:8802,READY,,491,491,0,0,0,0.0,2024-09-17,2026-09-24,JPY,8802.T,YFINANCE_FREE_REFRESH_V0_45
WSSEC:WS:XTKS:8830,WS:XTKS:8830,READY,,491,491,0,0,0,0.0,2024-09-17,2026-09-24,JPY,8830.T,YFINANCE_FREE_REFRESH_V0_45
WSSEC:WS:XTKS:9005,WS:XTKS:9005,READY,,491,491,0,0,0,0.0,2024-09-17,2026-09-24,JPY,9005.T,YFINANCE_FREE_REFRESH_V0_45
WSSEC:WS:XTKS:9020,WS:XTKS:9020,READY,,491,491,0,0,0,0.0,2024-09-17,2026-09-24,JPY,9020.T,YFINANCE_FREE_REFRESH_V0_45
WSSEC:WS:XTKS:9021,WS:XTKS:9021,READY,,491,491,0,0,0,0.0,2024-09-17,2026-09-24,JPY,9021.T,YFINANCE_FREE_REFRESH_V0_45
WSSEC:WS:XTKS:9022,WS:XTKS:9022,READY,,491,491,0,0,0,0.0,2024-09-17,2026-09-24,JPY,9022.T,YFINANCE_FREE_REFRESH_V0_45
WSSEC:WS:XTKS:9101,WS:XTKS:9101,READY,,491,491,0,0,0,0.0,2024-09-17,2026-09-24,JPY,9101.T,YFINANCE_FREE_REFRESH_V0_45
WSSEC:WS:XTKS:9104,WS:XTKS:9104,READY,,491,491,0,0,0,0.0,2024-09-17,2026-09-24,JPY,9104.T,YFINANCE_FREE_REFRESH_V0_45
WSSEC:WS:XTKS:9107,WS:XTKS:9107,READY,,491,491,0,0,0,0.0,2024-09-17,2026-09-24,JPY,9107.T,YFINANCE_FREE_REFRESH_V0_45
WSSEC:WS:XTKS:9147,WS:XTKS:9147,READY,,491,491,0,0,0,0.0,2024-09-17,2026-09-24,JPY,9147.T,YFINANCE_FREE_REFRESH_V0_45
WSSEC:WS:XTKS:9201,WS:XTKS:9201,READY,,491,491,0,0,0,0.0,2024-09-17,2026-09-24,JPY,9201.T,YFINANCE_FREE_REFRESH_V0_45
WSSEC:WS:XTKS:9202,WS:XTKS:9202,READY,,491,491,0,0,0,0.0,2024-09-17,2026-09-24,JPY,9202.T,YFINANCE_FREE_REFRESH_V0_45
WSSEC:WS:XTKS:9432,WS:XTKS:9432,READY,,491,491,0,0,0,0.0,2024-09-17,2026-09-24,JPY,9432.T,YFINANCE_FREE_REFRESH_V0_45
WSSEC:WS:XTKS:9433,WS:XTKS:9433,READY,,491,491,0,0,0,0.0,2024-09-17,2026-09-24,JPY,9433.T,YFINANCE_FREE_REFRESH_V0_45
WSSEC:WS:XTKS:9434,WS:XTKS:9434,READY,,491,491,0,0,0,0.0,2024-09-17,2026-09-24,JPY,9434.T,YFINANCE_FREE_REFRESH_V0_45
WSSEC:WS:XTKS:9501,WS:XTKS:9501,READY,,491,491,0,0,0,0.0,2024-09-17,2026-09-24,JPY,9501.T,YFINANCE_FREE_REFRESH_V0_45
WSSEC:WS:XTKS:9502,WS:XTKS:9502,READY,,491,491,0,0,0,0.0,2024-09-17,2026-09-24,JPY,9502.T,YFINANCE_FREE_REFRESH_V0_45
WSSEC:WS:XTKS:9503,WS:XTKS:9503,READY,,491,491,0,0,0,0.0,2024-09-17,2026-09-24,JPY,9503.T,YFINANCE_FREE_REFRESH_V0_45
WSSEC:WS:XTKS:9531,WS:XTKS:9531,READY,,491,491,0,0,0,0.0,2024-09-17,2026-09-24,JPY,9531.T,YFINANCE_FREE_REFRESH_V0_45
WSSEC:WS:XTKS:9532,WS:XTKS:9532,READY,,491,491,0,0,0,0.0,2024-09-17,2026-09-24,JPY,9532.T,YFINANCE_FREE_REFRESH_V0_45
WSSEC:WS:XTKS:9602,WS:XTKS:9602,READY,,491,491,0,0,0,0.0,2024-09-17,2026-09-24,JPY,9602.T,YFINANCE_FREE_REFRESH_V0_45
WSSEC:WS:XTKS:9735,WS:XTKS:9735,READY,,491,491,0,0,0,0.0,2024-09-17,2026-09-24,JPY,9735.T,YFINANCE_FREE_REFRESH_V0_45
WSSEC:WS:XTKS:9766,WS:XTKS:9766,READY,,491,491,0,0,0,0.0,2024-09-17,2026-09-24,JPY,9766.T,YFINANCE_FREE_REFRESH_V0_45
WSSEC:WS:XTKS:9843,WS:XTKS:9843,READY,,491,491,0,0,0,0.0,2024-09-17,2026-09-24,JPY,9843.T,YFINANCE_FREE_REFRESH_V0_45
WSSEC:WS:XTKS:9983,WS:XTKS:9983,READY,,491,491,0,0,0,0.0,2024-09-17,2026-09-24,JPY,9983.T,YFINANCE_FREE_REFRESH_V0_45
WSSEC:WS:XTKS:9984,WS:XTKS:9984,READY,,491,491,0,0,0,0.0,2024-09-17,2026-09-24,JPY,9984.T,YFINANCE_FREE_REFRESH_V0_45
