WS_ID,Name,Primary_Universe_Index,Country,Primary_MIC,Primary_Ticker_Source,Yahoo_Symbol_Before,Yahoo_Status_Before,Yahoo_Symbol_After,Yahoo_Status_After,Remediation_Method,Changed,Detail_Reason,Detail_Result_Name,Detail_Exchange,Detail_Name_Score,Detail_Margin,Detail_Candidate_Count,Canonical_WS_ID_Candidate,Provider_Unresolved,Same_Venue_Duplicate_Review,Needs_Review
WS:XASX:360,Life360,AU_ASX200,Australia,XASX,360,360.AX,DERIVED_RULE,360.AX,DERIVED_RULE,CARRY_FORWARD,False,,,,,,,,False,False,False
WS:XASX:4DX,4DMedical,AU_ASX200,Australia,XASX,4DX,4DX.AX,DERIVED_RULE,4DX.AX,DERIVED_RULE,CARRY_FORWARD,False,,,,,,,,False,False,False
WS:XASX:A2M,a2 Milk Company,AU_ASX200,Australia,XASX,A2M,A2M.AX,DERIVED_RULE,A2M.AX,DERIVED_RULE,CARRY_FORWARD,False,,,,,,,,False,False,False
WS:XASX:AAI,Alcoa,AU_ASX200,Australia,XASX,AAI,AAI.AX,DERIVED_RULE,AAI.AX,DERIVED_RULE,CARRY_FORWARD,False,,,,,,,,False,False,False
WS:XASX:AFI,Australian Foundation Investment Company,AU_ASX200,Australia,XASX,AFI,AFI.AX,DERIVED_RULE,AFI.AX,DERIVED_RULE,CARRY_FORWARD,False,,,,,,,,False,False,False
WS:XASX:AGL,AGL Energy,AU_ASX200,Australia,XASX,AGL,AGL.AX,DERIVED_RULE,AGL.AX,DERIVED_RULE,CARRY_FORWARD,False,,,,,,,,False,False,False
WS:XASX:AIA,Auckland International Airport Limited,AU_ASX200,Australia,XASX,AIA,AIA.AX,DERIVED_RULE,AIA.AX,DERIVED_RULE,CARRY_FORWARD,False,,,,,,,,False,False,False
WS:XASX:ALD,Ampol,AU_ASX200,Australia,XASX,ALD,ALD.AX,DERIVED_RULE,ALD.AX,DERIVED_RULE,CARRY_FORWARD,False,,,,,,,,False,False,False
WS:XASX:ALK,Alkane Resources,AU_ASX200,Australia,XASX,ALK,ALK.AX,DERIVED_RULE,ALK.AX,DERIVED_RULE,CARRY_FORWARD,False,,,,,,,,False,False,False
WS:XASX:ALL,Aristocrat Leisure,AU_ASX200,Australia,XASX,ALL,ALL.AX,DERIVED_RULE,ALL.AX,DERIVED_RULE,CARRY_FORWARD,False,,,,,,,,False,False,False
WS:XASX:ALQ,ALS,AU_ASX200,Australia,XASX,ALQ,ALQ.AX,DERIVED_RULE,ALQ.AX,DERIVED_RULE,CARRY_FORWARD,False,,,,,,,,False,False,False
WS:XASX:ALX,Atlas Arteria,AU_ASX200,Australia,XASX,ALX,ALX.AX,DERIVED_RULE,ALX.AX,DERIVED_RULE,CARRY_FORWARD,False,,,,,,,,False,False,False
WS:XASX:AMC,Amcor,AU_ASX200,Australia,XASX,AMC,AMC.AX,DERIVED_RULE,AMC.AX,DERIVED_RULE,CARRY_FORWARD,False,,,,,,,,False,False,False
WS:XASX:AMP,AMP,AU_ASX200,Australia,XASX,AMP,AMP.AX,DERIVED_RULE,AMP.AX,DERIVED_RULE,CARRY_FORWARD,False,,,,,,,,False,False,False
WS:XASX:ANN,Ansell,AU_ASX200,Australia,XASX,ANN,ANN.AX,DERIVED_RULE,ANN.AX,DERIVED_RULE,CARRY_FORWARD,False,,,,,,,,False,False,False
WS:XASX:ANZ,Australia & New Zealand Banking Group,AU_ASX200,Australia,XASX,ANZ,ANZ.AX,DERIVED_RULE,ANZ.AX,DERIVED_RULE,CARRY_FORWARD,False,,,,,,,,False,False,False
WS:XASX:APA,APA Group,AU_ASX200,Australia,XASX,APA,APA.AX,DERIVED_RULE,APA.AX,DERIVED_RULE,CARRY_FORWARD,False,,,,,,,,False,False,False
WS:XASX:APE,Eagers Automotive,AU_ASX200,Australia,XASX,APE,APE.AX,DERIVED_RULE,APE.AX,DERIVED_RULE,CARRY_FORWARD,False,,,,,,,,False,False,False
WS:XASX:ARB,ARB Corporation,AU_ASX200,Australia,XASX,ARB,ARB.AX,DERIVED_RULE,ARB.AX,DERIVED_RULE,CARRY_FORWARD,False,,,,,,,,False,False,False
WS:XASX:ARG,Argo Investments,AU_ASX200,Australia,XASX,ARG,ARG.AX,DERIVED_RULE,ARG.AX,DERIVED_RULE,CARRY_FORWARD,False,,,,,,,,False,False,False
WS:XASX:ASB,Austal,AU_ASX200,Australia,XASX,ASB,ASB.AX,DERIVED_RULE,ASB.AX,DERIVED_RULE,CARRY_FORWARD,False,,,,,,,,False,False,False
WS:XASX:ASK,Abacus Storage King,AU_ASX200,Australia,XASX,ASK,ASK.AX,DERIVED_RULE,ASK.AX,DERIVED_RULE,CARRY_FORWARD,False,,,,,,,,False,False,False
WS:XASX:ASX,ASX,AU_ASX200,Australia,XASX,ASX,ASX.AX,DERIVED_RULE,ASX.AX,DERIVED_RULE,CARRY_FORWARD,False,,,,,,,,False,False,False
WS:XASX:AUB,AUB Group,AU_ASX200,Australia,XASX,AUB,AUB.AX,DERIVED_RULE,AUB.AX,DERIVED_RULE,CARRY_FORWARD,False,,,,,,,,False,False,False
WS:XASX:AZJ,Aurizon,AU_ASX200,Australia,XASX,AZJ,AZJ.AX,DERIVED_RULE,AZJ.AX,DERIVED_RULE,CARRY_FORWARD,False,,,,,,,,False,False,False
WS:XASX:BEN,Bendigo & Adelaide Bank,AU_ASX200,Australia,XASX,BEN,BEN.AX,DERIVED_RULE,BEN.AX,DERIVED_RULE,CARRY_FORWARD,False,,,,,,,,False,False,False
WS:XASX:BFL,BSP Financial Group,AU_ASX200,Australia,XASX,BFL,BFL.AX,DERIVED_RULE,BFL.AX,DERIVED_RULE,CARRY_FORWARD,False,,,,,,,,False,False,False
WS:XASX:BGA,Bega Cheese,AU_ASX200,Australia,XASX,BGA,BGA.AX,DERIVED_RULE,BGA.AX,DERIVED_RULE,CARRY_FORWARD,False,,,,,,,,False,False,False
WS:XASX:BGL,Bellevue Gold,AU_ASX200,Australia,XASX,BGL,BGL.AX,DERIVED_RULE,BGL.AX,DERIVED_RULE,CARRY_FORWARD,False,,,,,,,,False,False,False
WS:XASX:BHP,BHP,AU_ASX200,Australia,XASX,BHP,BHP.AX,DERIVED_RULE,BHP.AX,DERIVED_RULE,CARRY_FORWARD,False,,,,,,,,False,False,False
WS:XASX:BOQ,Bank of Queensland,AU_ASX200,Australia,XASX,BOQ,BOQ.AX,DERIVED_RULE,BOQ.AX,DERIVED_RULE,CARRY_FORWARD,False,,,,,,,,False,False,False
WS:XASX:BPT,Beach Energy,AU_ASX200,Australia,XASX,BPT,BPT.AX,DERIVED_RULE,BPT.AX,DERIVED_RULE,CARRY_FORWARD,False,,,,,,,,False,False,False
WS:XASX:BRG,Breville Group,AU_ASX200,Australia,XASX,BRG,BRG.AX,DERIVED_RULE,BRG.AX,DERIVED_RULE,CARRY_FORWARD,False,,,,,,,,False,False,False
WS:XASX:BSL,BlueScope,AU_ASX200,Australia,XASX,BSL,BSL.AX,DERIVED_RULE,BSL.AX,DERIVED_RULE,CARRY_FORWARD,False,,,,,,,,False,False,False
WS:XASX:BWP,BWP Trust,AU_ASX200,Australia,XASX,BWP,BWP.AX,DERIVED_RULE,BWP.AX,DERIVED_RULE,CARRY_FORWARD,False,,,,,,,,False,False,False
WS:XASX:BXB,Brambles,AU_ASX200,Australia,XASX,BXB,BXB.AX,DERIVED_RULE,BXB.AX,DERIVED_RULE,CARRY_FORWARD,False,,,,,,,,False,False,False
WS:XASX:CAR,CAR Group,AU_ASX200,Australia,XASX,CAR,CAR.AX,DERIVED_RULE,CAR.AX,DERIVED_RULE,CARRY_FORWARD,False,,,,,,,,False,False,False
WS:XASX:CBA,Commonwealth Bank,AU_ASX200,Australia,XASX,CBA,CBA.AX,DERIVED_RULE,CBA.AX,DERIVED_RULE,CARRY_FORWARD,False,,,,,,,,False,False,False
WS:XASX:CDA,Codan,AU_ASX200,Australia,XASX,CDA,CDA.AX,DERIVED_RULE,CDA.AX,DERIVED_RULE,CARRY_FORWARD,False,,,,,,,,False,False,False
WS:XASX:CEN,Contact Energy,AU_ASX200,Australia,XASX,CEN,CEN.AX,DERIVED_RULE,CEN.AX,DERIVED_RULE,CARRY_FORWARD,False,,,,,,,,False,False,False
WS:XASX:CGF,Challenger,AU_ASX200,Australia,XASX,CGF,CGF.AX,DERIVED_RULE,CGF.AX,DERIVED_RULE,CARRY_FORWARD,False,,,,,,,,False,False,False
WS:XASX:CHC,Charter Hall,AU_ASX200,Australia,XASX,CHC,CHC.AX,DERIVED_RULE,CHC.AX,DERIVED_RULE,CARRY_FORWARD,False,,,,,,,,False,False,False
WS:XASX:CIA,Champion Iron,AU_ASX200,Australia,XASX,CIA,CIA.AX,DERIVED_RULE,CIA.AX,DERIVED_RULE,CARRY_FORWARD,False,,,,,,,,False,False,False
WS:XASX:CIP,Centuria Industrial REIT,AU_ASX200,Australia,XASX,CIP,CIP.AX,DERIVED_RULE,CIP.AX,DERIVED_RULE,CARRY_FORWARD,False,,,,,,,,False,False,False
WS:XASX:CLW,Charter Hall Long WALE REIT,AU_ASX200,Australia,XASX,CLW,CLW.AX,DERIVED_RULE,CLW.AX,DERIVED_RULE,CARRY_FORWARD,False,,,,,,,,False,False,False
WS:XASX:CMM,Capricorn Metals,AU_ASX200,Australia,XASX,CMM,CMM.AX,DERIVED_RULE,CMM.AX,DERIVED_RULE,CARRY_FORWARD,False,,,,,,,,False,False,False
WS:XASX:CNU,Chorus,AU_ASX200,Australia,XASX,CNU,CNU.AX,DERIVED_RULE,CNU.AX,DERIVED_RULE,CARRY_FORWARD,False,,,,,,,,False,False,False
WS:XASX:COH,Cochlear,AU_ASX200,Australia,XASX,COH,COH.AX,DERIVED_RULE,COH.AX,DERIVED_RULE,CARRY_FORWARD,False,,,,,,,,False,False,False
WS:XASX:COL,Coles Group,AU_ASX200,Australia,XASX,COL,COL.AX,DERIVED_RULE,COL.AX,DERIVED_RULE,CARRY_FORWARD,False,,,,,,,,False,False,False
WS:XASX:CPU,Computershare,AU_ASX200,Australia,XASX,CPU,CPU.AX,DERIVED_RULE,CPU.AX,DERIVED_RULE,CARRY_FORWARD,False,,,,,,,,False,False,False
WS:XASX:CQR,Charter Hall Retail REIT,AU_ASX200,Australia,XASX,CQR,CQR.AX,DERIVED_RULE,CQR.AX,DERIVED_RULE,CARRY_FORWARD,False,,,,,,,,False,False,False
WS:XASX:CSC,Capstone Copper,AU_ASX200,Australia,XASX,CSC,CSC.AX,DERIVED_RULE,CSC.AX,DERIVED_RULE,CARRY_FORWARD,False,,,,,,,,False,False,False
WS:XASX:CSL,CSL,AU_ASX200,Australia,XASX,CSL,CSL.AX,DERIVED_RULE,CSL.AX,DERIVED_RULE,CARRY_FORWARD,False,,,,,,,,False,False,False
WS:XASX:CTD,Corporate Travel Management,AU_ASX200,Australia,XASX,CTD,CTD.AX,DERIVED_RULE,CTD.AX,DERIVED_RULE,CARRY_FORWARD,False,,,,,,,,False,False,False
WS:XASX:CWY,Cleanaway,AU_ASX200,Australia,XASX,CWY,CWY.AX,DERIVED_RULE,CWY.AX,DERIVED_RULE,CARRY_FORWARD,False,,,,,,,,False,False,False
WS:XASX:CYL,Catalyst Metals,AU_ASX200,Australia,XASX,CYL,CYL.AX,DERIVED_RULE,CYL.AX,DERIVED_RULE,CARRY_FORWARD,False,,,,,,,,False,False,False
WS:XASX:DBI,Dalrymple Bay Infrastructure,AU_ASX200,Australia,XASX,DBI,DBI.AX,DERIVED_RULE,DBI.AX,DERIVED_RULE,CARRY_FORWARD,False,,,,,,,,False,False,False
WS:XASX:DNL,Dyno Nobel,AU_ASX200,Australia,XASX,DNL,DNL.AX,DERIVED_RULE,DNL.AX,DERIVED_RULE,CARRY_FORWARD,False,,,,,,,,False,False,False
WS:XASX:DOW,Downer Group,AU_ASX200,Australia,XASX,DOW,DOW.AX,DERIVED_RULE,DOW.AX,DERIVED_RULE,CARRY_FORWARD,False,,,,,,,,False,False,False
WS:XASX:DRO,Droneshield,AU_ASX200,Australia,XASX,DRO,DRO.AX,DERIVED_RULE,DRO.AX,DERIVED_RULE,CARRY_FORWARD,False,,,,,,,,False,False,False
WS:XASX:DRR,Deterra Royalties,AU_ASX200,Australia,XASX,DRR,DRR.AX,DERIVED_RULE,DRR.AX,DERIVED_RULE,CARRY_FORWARD,False,,,,,,,,False,False,False
WS:XASX:DXS,Dexus,AU_ASX200,Australia,XASX,DXS,DXS.AX,DERIVED_RULE,DXS.AX,DERIVED_RULE,CARRY_FORWARD,False,,,,,,,,False,False,False
WS:XASX:DYL,Deep Yellow,AU_ASX200,Australia,XASX,DYL,DYL.AX,DERIVED_RULE,DYL.AX,DERIVED_RULE,CARRY_FORWARD,False,,,,,,,,False,False,False
WS:XASX:EBO,EBOS Group,AU_ASX200,Australia,XASX,EBO,EBO.AX,DERIVED_RULE,EBO.AX,DERIVED_RULE,CARRY_FORWARD,False,,,,,,,,False,False,False
WS:XASX:EDV,Endeavour Group,AU_ASX200,Australia,XASX,EDV,EDV.AX,DERIVED_RULE,EDV.AX,DERIVED_RULE,CARRY_FORWARD,False,,,,,,,,False,False,False
WS:XASX:EMR,Emerald Resources,AU_ASX200,Australia,XASX,EMR,EMR.AX,DERIVED_RULE,EMR.AX,DERIVED_RULE,CARRY_FORWARD,False,,,,,,,,False,False,False
WS:XASX:EOS,Electro Optic Systems Holdings,AU_ASX200,Australia,XASX,EOS,EOS.AX,DERIVED_RULE,EOS.AX,DERIVED_RULE,CARRY_FORWARD,False,,,,,,,,False,False,False
WS:XASX:EVN,Evolution Mining,AU_ASX200,Australia,XASX,EVN,EVN.AX,DERIVED_RULE,EVN.AX,DERIVED_RULE,CARRY_FORWARD,False,,,,,,,,False,False,False
WS:XASX:EVT,EVT,AU_ASX200,Australia,XASX,EVT,EVT.AX,DERIVED_RULE,EVT.AX,DERIVED_RULE,CARRY_FORWARD,False,,,,,,,,False,False,False
WS:XASX:FBU,Fletcher Building,AU_ASX200,Australia,XASX,FBU,FBU.AX,DERIVED_RULE,FBU.AX,DERIVED_RULE,CARRY_FORWARD,False,,,,,,,,False,False,False
WS:XASX:FLT,Flight Centre Travel Group,AU_ASX200,Australia,XASX,FLT,FLT.AX,DERIVED_RULE,FLT.AX,DERIVED_RULE,CARRY_FORWARD,False,,,,,,,,False,False,False
WS:XASX:FMG,Fortescue,AU_ASX200,Australia,XASX,FMG,FMG.AX,DERIVED_RULE,FMG.AX,DERIVED_RULE,CARRY_FORWARD,False,,,,,,,,False,False,False
WS:XASX:FPH,Fisher & Paykel Healthcare,AU_ASX200,Australia,XASX,FPH,FPH.AX,DERIVED_RULE,FPH.AX,DERIVED_RULE,CARRY_FORWARD,False,,,,,,,,False,False,False
WS:XASX:FRW,Freightways Group,AU_ASX200,Australia,XASX,FRW,FRW.AX,DERIVED_RULE,FRW.AX,DERIVED_RULE,CARRY_FORWARD,False,,,,,,,,False,False,False
WS:XASX:GDG,Generation Development Group,AU_ASX200,Australia,XASX,GDG,GDG.AX,DERIVED_RULE,GDG.AX,DERIVED_RULE,CARRY_FORWARD,False,,,,,,,,False,False,False
WS:XASX:GGP,Greatland Resources,AU_ASX200,Australia,XASX,GGP,GGP.AX,DERIVED_RULE,GGP.AX,DERIVED_RULE,CARRY_FORWARD,False,,,,,,,,False,False,False
WS:XASX:GMD,Genesis Minerals,AU_ASX200,Australia,XASX,GMD,GMD.AX,DERIVED_RULE,GMD.AX,DERIVED_RULE,CARRY_FORWARD,False,,,,,,,,False,False,False
WS:XASX:GMG,Goodman Group,AU_ASX200,Australia,XASX,GMG,GMG.AX,DERIVED_RULE,GMG.AX,DERIVED_RULE,CARRY_FORWARD,False,,,,,,,,False,False,False
WS:XASX:GNE,Genesis Energy,AU_ASX200,Australia,XASX,GNE,GNE.AX,DERIVED_RULE,GNE.AX,DERIVED_RULE,CARRY_FORWARD,False,,,,,,,,False,False,False
WS:XASX:GPT,GPT Group,AU_ASX200,Australia,XASX,GPT,GPT.AX,DERIVED_RULE,GPT.AX,DERIVED_RULE,CARRY_FORWARD,False,,,,,,,,False,False,False
WS:XASX:GQG,GQG Partners,AU_ASX200,Australia,XASX,GQG,GQG.AX,DERIVED_RULE,GQG.AX,DERIVED_RULE,CARRY_FORWARD,False,,,,,,,,False,False,False
WS:XASX:HDN,HomeCo Daily Needs REIT,AU_ASX200,Australia,XASX,HDN,HDN.AX,DERIVED_RULE,HDN.AX,DERIVED_RULE,CARRY_FORWARD,False,,,,,,,,False,False,False
WS:XASX:HUB,HUB24,AU_ASX200,Australia,XASX,HUB,HUB.AX,DERIVED_RULE,HUB.AX,DERIVED_RULE,CARRY_FORWARD,False,,,,,,,,False,False,False
WS:XASX:HVN,Harvey Norman,AU_ASX200,Australia,XASX,HVN,HVN.AX,DERIVED_RULE,HVN.AX,DERIVED_RULE,CARRY_FORWARD,False,,,,,,,,False,False,False
WS:XASX:IAG,Insurance Australia Group,AU_ASX200,Australia,XASX,IAG,IAG.AX,DERIVED_RULE,IAG.AX,DERIVED_RULE,CARRY_FORWARD,False,,,,,,,,False,False,False
WS:XASX:IFL,Insignia Financial,AU_ASX200,Australia,XASX,IFL,IFL.AX,DERIVED_RULE,IFL.AX,DERIVED_RULE,CARRY_FORWARD,False,,,,,,,,False,False,False
WS:XASX:IFT,Infratil,AU_ASX200,Australia,XASX,IFT,IFT.AX,DERIVED_RULE,IFT.AX,DERIVED_RULE,CARRY_FORWARD,False,,,,,,,,False,False,False
WS:XASX:IGO,IGO,AU_ASX200,Australia,XASX,IGO,IGO.AX,DERIVED_RULE,IGO.AX,DERIVED_RULE,CARRY_FORWARD,False,,,,,,,,False,False,False
WS:XASX:ILU,Iluka Resources,AU_ASX200,Australia,XASX,ILU,ILU.AX,DERIVED_RULE,ILU.AX,DERIVED_RULE,CARRY_FORWARD,False,,,,,,,,False,False,False
WS:XASX:IMD,IMDEX,AU_ASX200,Australia,XASX,IMD,IMD.AX,DERIVED_RULE,IMD.AX,DERIVED_RULE,CARRY_FORWARD,False,,,,,,,,False,False,False
WS:XASX:JBH,JB Hi-Fi,AU_ASX200,Australia,XASX,JBH,JBH.AX,DERIVED_RULE,JBH.AX,DERIVED_RULE,CARRY_FORWARD,False,,,,,,,,False,False,False
WS:XASX:JHX,James Hardie,AU_ASX200,Australia,XASX,JHX,JHX.AX,DERIVED_RULE,JHX.AX,DERIVED_RULE,CARRY_FORWARD,False,,,,,,,,False,False,False
WS:XASX:L1G,L1 Group,AU_ASX200,Australia,XASX,L1G,L1G.AX,DERIVED_RULE,L1G.AX,DERIVED_RULE,CARRY_FORWARD,False,,,,,,,,False,False,False
WS:XASX:LLC,Lendlease,AU_ASX200,Australia,XASX,LLC,LLC.AX,DERIVED_RULE,LLC.AX,DERIVED_RULE,CARRY_FORWARD,False,,,,,,,,False,False,False
WS:XASX:LNW,Light & Wonder,AU_ASX200,Australia,XASX,LNW,LNW.AX,DERIVED_RULE,LNW.AX,DERIVED_RULE,CARRY_FORWARD,False,,,,,,,,False,False,False
WS:XASX:LOV,Lovisa,AU_ASX200,Australia,XASX,LOV,LOV.AX,DERIVED_RULE,LOV.AX,DERIVED_RULE,CARRY_FORWARD,False,,,,,,,,False,False,False
WS:XASX:LSF,L1 Long Short Fund,AU_ASX200,Australia,XASX,LSF,LSF.AX,DERIVED_RULE,LSF.AX,DERIVED_RULE,CARRY_FORWARD,False,,,,,,,,False,False,False
WS:XASX:LTR,Liontown Resources,AU_ASX200,Australia,XASX,LTR,LTR.AX,DERIVED_RULE,LTR.AX,DERIVED_RULE,CARRY_FORWARD,False,,,,,,,,False,False,False
WS:XASX:LYC,Lynas Rare Earths,AU_ASX200,Australia,XASX,LYC,LYC.AX,DERIVED_RULE,LYC.AX,DERIVED_RULE,CARRY_FORWARD,False,,,,,,,,False,False,False
WS:XASX:MCY,Mercury NZ,AU_ASX200,Australia,XASX,MCY,MCY.AX,DERIVED_RULE,MCY.AX,DERIVED_RULE,CARRY_FORWARD,False,,,,,,,,False,False,False
WS:XASX:MEZ,Meridian Energy,AU_ASX200,Australia,XASX,MEZ,MEZ.AX,DERIVED_RULE,MEZ.AX,DERIVED_RULE,CARRY_FORWARD,False,,,,,,,,False,False,False
WS:XASX:MFF,MFF Capital Investments,AU_ASX200,Australia,XASX,MFF,MFF.AX,DERIVED_RULE,MFF.AX,DERIVED_RULE,CARRY_FORWARD,False,,,,,,,,False,False,False
WS:XASX:MFG,Magellan Financial Group,AU_ASX200,Australia,XASX,MFG,MFG.AX,DERIVED_RULE,MFG.AX,DERIVED_RULE,CARRY_FORWARD,False,,,,,,,,False,False,False
WS:XASX:MGR,Mirvac,AU_ASX200,Australia,XASX,MGR,MGR.AX,DERIVED_RULE,MGR.AX,DERIVED_RULE,CARRY_FORWARD,False,,,,,,,,False,False,False
WS:XASX:MIN,Mineral Resources,AU_ASX200,Australia,XASX,MIN,MIN.AX,DERIVED_RULE,MIN.AX,DERIVED_RULE,CARRY_FORWARD,False,,,,,,,,False,False,False
WS:XASX:MND,Monadelphous Group,AU_ASX200,Australia,XASX,MND,MND.AX,DERIVED_RULE,MND.AX,DERIVED_RULE,CARRY_FORWARD,False,,,,,,,,False,False,False
WS:XASX:MPL,Medibank,AU_ASX200,Australia,XASX,MPL,MPL.AX,DERIVED_RULE,MPL.AX,DERIVED_RULE,CARRY_FORWARD,False,,,,,,,,False,False,False
WS:XASX:MQG,Macquarie Group,AU_ASX200,Australia,XASX,MQG,MQG.AX,DERIVED_RULE,MQG.AX,DERIVED_RULE,CARRY_FORWARD,False,,,,,,,,False,False,False
WS:XASX:MSB,Mesoblast,AU_ASX200,Australia,XASX,MSB,MSB.AX,DERIVED_RULE,MSB.AX,DERIVED_RULE,CARRY_FORWARD,False,,,,,,,,False,False,False
WS:XASX:MTS,Metcash,AU_ASX200,Australia,XASX,MTS,MTS.AX,DERIVED_RULE,MTS.AX,DERIVED_RULE,CARRY_FORWARD,False,,,,,,,,False,False,False
WS:XASX:MXT,Metrics Master Income Trust,AU_ASX200,Australia,XASX,MXT,MXT.AX,DERIVED_RULE,MXT.AX,DERIVED_RULE,CARRY_FORWARD,False,,,,,,,,False,False,False
WS:XASX:NAB,National Australia Bank,AU_ASX200,Australia,XASX,NAB,NAB.AX,DERIVED_RULE,NAB.AX,DERIVED_RULE,CARRY_FORWARD,False,,,,,,,,False,False,False
WS:XASX:NEM,Newmont,AU_ASX200,Australia,XASX,NEM,NEM.AX,DERIVED_RULE,NEM.AX,DERIVED_RULE,CARRY_FORWARD,False,,,,,,,,False,False,False
WS:XASX:NHC,New Hope,AU_ASX200,Australia,XASX,NHC,NHC.AX,DERIVED_RULE,NHC.AX,DERIVED_RULE,CARRY_FORWARD,False,,,,,,,,False,False,False
WS:XASX:NHF,Nib,AU_ASX200,Australia,XASX,NHF,NHF.AX,DERIVED_RULE,NHF.AX,DERIVED_RULE,CARRY_FORWARD,False,,,,,,,,False,False,False
WS:XASX:NIC,Nickel Industries,AU_ASX200,Australia,XASX,NIC,NIC.AX,DERIVED_RULE,NIC.AX,DERIVED_RULE,CARRY_FORWARD,False,,,,,,,,False,False,False
WS:XASX:NSR,National Storage,AU_ASX200,Australia,XASX,NSR,NSR.AX,DERIVED_RULE,NSR.AX,DERIVED_RULE,CARRY_FORWARD,False,,,,,,,,False,False,False
WS:XASX:NST,Northern Star Resources,AU_ASX200,Australia,XASX,NST,NST.AX,DERIVED_RULE,NST.AX,DERIVED_RULE,CARRY_FORWARD,False,,,,,,,,False,False,False
WS:XASX:NWH,NRW Holdings,AU_ASX200,Australia,XASX,NWH,NWH.AX,DERIVED_RULE,NWH.AX,DERIVED_RULE,CARRY_FORWARD,False,,,,,,,,False,False,False
WS:XASX:NWL,Netwealth Group,AU_ASX200,Australia,XASX,NWL,NWL.AX,DERIVED_RULE,NWL.AX,DERIVED_RULE,CARRY_FORWARD,False,,,,,,,,False,False,False
WS:XASX:NWS,News Corp Class B,AU_ASX200,Australia,XASX,NWS,NWS.AX,DERIVED_RULE,NWS.AX,DERIVED_RULE,CARRY_FORWARD,False,,,,,,,,False,False,False
WS:XASX:NXG,Nexgen Energy,AU_ASX200,Australia,XASX,NXG,NXG.AX,DERIVED_RULE,NXG.AX,DERIVED_RULE,CARRY_FORWARD,False,,,,,,,,False,False,False
WS:XASX:NXT,NextDC,AU_ASX200,Australia,XASX,NXT,NXT.AX,DERIVED_RULE,NXT.AX,DERIVED_RULE,CARRY_FORWARD,False,,,,,,,,False,False,False
WS:XASX:OBM,Ora Banda Mining,AU_ASX200,Australia,XASX,OBM,OBM.AX,DERIVED_RULE,OBM.AX,DERIVED_RULE,CARRY_FORWARD,False,,,,,,,,False,False,False
WS:XASX:ORA,Orora,AU_ASX200,Australia,XASX,ORA,ORA.AX,DERIVED_RULE,ORA.AX,DERIVED_RULE,CARRY_FORWARD,False,,,,,,,,False,False,False
WS:XASX:ORG,Origin Energy,AU_ASX200,Australia,XASX,ORG,ORG.AX,DERIVED_RULE,ORG.AX,DERIVED_RULE,CARRY_FORWARD,False,,,,,,,,False,False,False
WS:XASX:ORI,Orica,AU_ASX200,Australia,XASX,ORI,ORI.AX,DERIVED_RULE,ORI.AX,DERIVED_RULE,CARRY_FORWARD,False,,,,,,,,False,False,False
WS:XASX:PDI,Predictive Discovery,AU_ASX200,Australia,XASX,PDI,PDI.AX,DERIVED_RULE,PDI.AX,DERIVED_RULE,CARRY_FORWARD,False,,,,,,,,False,False,False
WS:XASX:PDN,Paladin Energy,AU_ASX200,Australia,XASX,PDN,PDN.AX,DERIVED_RULE,PDN.AX,DERIVED_RULE,CARRY_FORWARD,False,,,,,,,,False,False,False
WS:XASX:PLS,PLS Group,AU_ASX200,Australia,XASX,PLS,PLS.AX,DERIVED_RULE,PLS.AX,DERIVED_RULE,CARRY_FORWARD,False,,,,,,,,False,False,False
WS:XASX:PME,Pro Medicus,AU_ASX200,Australia,XASX,PME,PME.AX,DERIVED_RULE,PME.AX,DERIVED_RULE,CARRY_FORWARD,False,,,,,,,,False,False,False
WS:XASX:PMV,Premier Investments,AU_ASX200,Australia,XASX,PMV,PMV.AX,DERIVED_RULE,PMV.AX,DERIVED_RULE,CARRY_FORWARD,False,,,,,,,,False,False,False
WS:XASX:PNI,Pinnacle Investment Management,AU_ASX200,Australia,XASX,PNI,PNI.AX,DERIVED_RULE,PNI.AX,DERIVED_RULE,CARRY_FORWARD,False,,,,,,,,False,False,False
WS:XASX:PPT,Perpetual,AU_ASX200,Australia,XASX,PPT,PPT.AX,DERIVED_RULE,PPT.AX,DERIVED_RULE,CARRY_FORWARD,False,,,,,,,,False,False,False
WS:XASX:PRN,Perenti,AU_ASX200,Australia,XASX,PRN,PRN.AX,DERIVED_RULE,PRN.AX,DERIVED_RULE,CARRY_FORWARD,False,,,,,,,,False,False,False
WS:XASX:PRU,Perseus Mining,AU_ASX200,Australia,XASX,PRU,PRU.AX,DERIVED_RULE,PRU.AX,DERIVED_RULE,CARRY_FORWARD,False,,,,,,,,False,False,False
WS:XASX:PXA,Pexa Group,AU_ASX200,Australia,XASX,PXA,PXA.AX,DERIVED_RULE,PXA.AX,DERIVED_RULE,CARRY_FORWARD,False,,,,,,,,False,False,False
WS:XASX:QAN,Qantas,AU_ASX200,Australia,XASX,QAN,QAN.AX,DERIVED_RULE,QAN.AX,DERIVED_RULE,CARRY_FORWARD,False,,,,,,,,False,False,False
WS:XASX:QBE,QBE Insurance,AU_ASX200,Australia,XASX,QBE,QBE.AX,DERIVED_RULE,QBE.AX,DERIVED_RULE,CARRY_FORWARD,False,,,,,,,,False,False,False
WS:XASX:QUB,Qube Holdings,AU_ASX200,Australia,XASX,QUB,QUB.AX,DERIVED_RULE,QUB.AX,DERIVED_RULE,CARRY_FORWARD,False,,,,,,,,False,False,False
WS:XASX:RDX,Redox,AU_ASX200,Australia,XASX,RDX,RDX.AX,DERIVED_RULE,RDX.AX,DERIVED_RULE,CARRY_FORWARD,False,,,,,,,,False,False,False
WS:XASX:REA,REA Group,AU_ASX200,Australia,XASX,REA,REA.AX,DERIVED_RULE,REA.AX,DERIVED_RULE,CARRY_FORWARD,False,,,,,,,,False,False,False
WS:XASX:REG,Regis Healthcare,AU_ASX200,Australia,XASX,REG,REG.AX,DERIVED_RULE,REG.AX,DERIVED_RULE,CARRY_FORWARD,False,,,,,,,,False,False,False
WS:XASX:REH,Reece Group,AU_ASX200,Australia,XASX,REH,REH.AX,DERIVED_RULE,REH.AX,DERIVED_RULE,CARRY_FORWARD,False,,,,,,,,False,False,False
WS:XASX:RGN,Region Group,AU_ASX200,Australia,XASX,RGN,RGN.AX,DERIVED_RULE,RGN.AX,DERIVED_RULE,CARRY_FORWARD,False,,,,,,,,False,False,False
WS:XASX:RHC,Ramsay Health Care,AU_ASX200,Australia,XASX,RHC,RHC.AX,DERIVED_RULE,RHC.AX,DERIVED_RULE,CARRY_FORWARD,False,,,,,,,,False,False,False
WS:XASX:RIO,Rio Tinto,AU_ASX200,Australia,XASX,RIO,RIO.AX,DERIVED_RULE,RIO.AX,DERIVED_RULE,CARRY_FORWARD,False,,,,,,,,False,False,False
WS:XASX:RMD,ResMed,AU_ASX200,Australia,XASX,RMD,RMD.AX,DERIVED_RULE,RMD.AX,DERIVED_RULE,CARRY_FORWARD,False,,,,,,,,False,False,False
WS:XASX:RMS,Ramelius Resources,AU_ASX200,Australia,XASX,RMS,RMS.AX,DERIVED_RULE,RMS.AX,DERIVED_RULE,CARRY_FORWARD,False,,,,,,,,False,False,False
WS:XASX:RRL,Regis Resources,AU_ASX200,Australia,XASX,RRL,RRL.AX,DERIVED_RULE,RRL.AX,DERIVED_RULE,CARRY_FORWARD,False,,,,,,,,False,False,False
WS:XASX:RSG,Resolute Mining,AU_ASX200,Australia,XASX,RSG,RSG.AX,DERIVED_RULE,RSG.AX,DERIVED_RULE,CARRY_FORWARD,False,,,,,,,,False,False,False
WS:XASX:RWC,Reliance Worldwide Corporation,AU_ASX200,Australia,XASX,RWC,RWC.AX,DERIVED_RULE,RWC.AX,DERIVED_RULE,CARRY_FORWARD,False,,,,,,,,False,False,False
WS:XASX:RYM,Ryman Healthcare,AU_ASX200,Australia,XASX,RYM,RYM.AX,DERIVED_RULE,RYM.AX,DERIVED_RULE,CARRY_FORWARD,False,,,,,,,,False,False,False
WS:XASX:S32,South32,AU_ASX200,Australia,XASX,S32,S32.AX,DERIVED_RULE,S32.AX,DERIVED_RULE,CARRY_FORWARD,False,,,,,,,,False,False,False
WS:XASX:SCG,Scentre Group,AU_ASX200,Australia,XASX,SCG,SCG.AX,DERIVED_RULE,SCG.AX,DERIVED_RULE,CARRY_FORWARD,False,,,,,,,,False,False,False
WS:XASX:SDF,Steadfast Group,AU_ASX200,Australia,XASX,SDF,SDF.AX,DERIVED_RULE,SDF.AX,DERIVED_RULE,CARRY_FORWARD,False,,,,,,,,False,False,False
WS:XASX:SEK,Seek,AU_ASX200,Australia,XASX,SEK,SEK.AX,DERIVED_RULE,SEK.AX,DERIVED_RULE,CARRY_FORWARD,False,,,,,,,,False,False,False
WS:XASX:SFR,Sandfire Resources,AU_ASX200,Australia,XASX,SFR,SFR.AX,DERIVED_RULE,SFR.AX,DERIVED_RULE,CARRY_FORWARD,False,,,,,,,,False,False,False
WS:XASX:SGH,SGH,AU_ASX200,Australia,XASX,SGH,SGH.AX,DERIVED_RULE,SGH.AX,DERIVED_RULE,CARRY_FORWARD,False,,,,,,,,False,False,False
WS:XASX:SGM,Sims Metal,AU_ASX200,Australia,XASX,SGM,SGM.AX,DERIVED_RULE,SGM.AX,DERIVED_RULE,CARRY_FORWARD,False,,,,,,,,False,False,False
WS:XASX:SGP,Stockland,AU_ASX200,Australia,XASX,SGP,SGP.AX,DERIVED_RULE,SGP.AX,DERIVED_RULE,CARRY_FORWARD,False,,,,,,,,False,False,False
WS:XASX:SHL,Sonic Healthcare,AU_ASX200,Australia,XASX,SHL,SHL.AX,DERIVED_RULE,SHL.AX,DERIVED_RULE,CARRY_FORWARD,False,,,,,,,,False,False,False
WS:XASX:SIG,Sigma Healthcare,AU_ASX200,Australia,XASX,SIG,SIG.AX,DERIVED_RULE,SIG.AX,DERIVED_RULE,CARRY_FORWARD,False,,,,,,,,False,False,False
WS:XASX:SMR,Stanmore Resources,AU_ASX200,Australia,XASX,SMR,SMR.AX,DERIVED_RULE,SMR.AX,DERIVED_RULE,CARRY_FORWARD,False,,,,,,,,False,False,False
WS:XASX:SNZ,Summerset Group Holdings,AU_ASX200,Australia,XASX,SNZ,SNZ.AX,DERIVED_RULE,SNZ.AX,DERIVED_RULE,CARRY_FORWARD,False,,,,,,,,False,False,False
WS:XASX:SOL,Soul Patts,AU_ASX200,Australia,XASX,SOL,SOL.AX,DERIVED_RULE,SOL.AX,DERIVED_RULE,CARRY_FORWARD,False,,,,,,,,False,False,False
WS:XASX:SPK,Spark New Zealand,AU_ASX200,Australia,XASX,SPK,SPK.AX,DERIVED_RULE,SPK.AX,DERIVED_RULE,CARRY_FORWARD,False,,,,,,,,False,False,False
WS:XASX:STO,Santos,AU_ASX200,Australia,XASX,STO,STO.AX,DERIVED_RULE,STO.AX,DERIVED_RULE,CARRY_FORWARD,False,,,,,,,,False,False,False
WS:XASX:SUL,Super Retail Group,AU_ASX200,Australia,XASX,SUL,SUL.AX,DERIVED_RULE,SUL.AX,DERIVED_RULE,CARRY_FORWARD,False,,,,,,,,False,False,False
WS:XASX:SUN,Suncorp,AU_ASX200,Australia,XASX,SUN,SUN.AX,DERIVED_RULE,SUN.AX,DERIVED_RULE,CARRY_FORWARD,False,,,,,,,,False,False,False
WS:XASX:TAH,Tabcorp,AU_ASX200,Australia,XASX,TAH,TAH.AX,DERIVED_RULE,TAH.AX,DERIVED_RULE,CARRY_FORWARD,False,,,,,,,,False,False,False
WS:XASX:TCL,Transurban,AU_ASX200,Australia,XASX,TCL,TCL.AX,DERIVED_RULE,TCL.AX,DERIVED_RULE,CARRY_FORWARD,False,,,,,,,,False,False,False
WS:XASX:TLC,The Lottery Corporation,AU_ASX200,Australia,XASX,TLC,TLC.AX,DERIVED_RULE,TLC.AX,DERIVED_RULE,CARRY_FORWARD,False,,,,,,,,False,False,False
WS:XASX:TLS,Telstra,AU_ASX200,Australia,XASX,TLS,TLS.AX,DERIVED_RULE,TLS.AX,DERIVED_RULE,CARRY_FORWARD,False,,,,,,,,False,False,False
WS:XASX:TLX,Telix Pharmaceuticals,AU_ASX200,Australia,XASX,TLX,TLX.AX,DERIVED_RULE,TLX.AX,DERIVED_RULE,CARRY_FORWARD,False,,,,,,,,False,False,False
WS:XASX:TNE,TechnologyOne,AU_ASX200,Australia,XASX,TNE,TNE.AX,DERIVED_RULE,TNE.AX,DERIVED_RULE,CARRY_FORWARD,False,,,,,,,,False,False,False
WS:XASX:TPG,TPG Telecom,AU_ASX200,Australia,XASX,TPG,TPG.AX,DERIVED_RULE,TPG.AX,DERIVED_RULE,CARRY_FORWARD,False,,,,,,,,False,False,False
WS:XASX:TUA,Tuas,AU_ASX200,Australia,XASX,TUA,TUA.AX,DERIVED_RULE,TUA.AX,DERIVED_RULE,CARRY_FORWARD,False,,,,,,,,False,False,False
WS:XASX:TWE,Treasury Wine Estates,AU_ASX200,Australia,XASX,TWE,TWE.AX,DERIVED_RULE,TWE.AX,DERIVED_RULE,CARRY_FORWARD,False,,,,,,,,False,False,False
WS:XASX:VAU,Vault Minerals,AU_ASX200,Australia,XASX,VAU,VAU.AX,DERIVED_RULE,VAU.AX,DERIVED_RULE,CARRY_FORWARD,False,,,,,,,,False,False,False
WS:XASX:VCX,Vicinity Centres,AU_ASX200,Australia,XASX,VCX,VCX.AX,DERIVED_RULE,VCX.AX,DERIVED_RULE,CARRY_FORWARD,False,,,,,,,,False,False,False
WS:XASX:VEA,Viva Energy,AU_ASX200,Australia,XASX,VEA,VEA.AX,DERIVED_RULE,VEA.AX,DERIVED_RULE,CARRY_FORWARD,False,,,,,,,,False,False,False
WS:XASX:VGN,Virgin Australia Holdings,AU_ASX200,Australia,XASX,VGN,VGN.AX,DERIVED_RULE,VGN.AX,DERIVED_RULE,CARRY_FORWARD,False,,,,,,,,False,False,False
WS:XASX:VNT,Ventia Services Group,AU_ASX200,Australia,XASX,VNT,VNT.AX,DERIVED_RULE,VNT.AX,DERIVED_RULE,CARRY_FORWARD,False,,,,,,,,False,False,False
WS:XASX:WAF,West African Resources,AU_ASX200,Australia,XASX,WAF,WAF.AX,DERIVED_RULE,WAF.AX,DERIVED_RULE,CARRY_FORWARD,False,,,,,,,,False,False,False
WS:XASX:WAM,WAM Capital,AU_ASX200,Australia,XASX,WAM,WAM.AX,DERIVED_RULE,WAM.AX,DERIVED_RULE,CARRY_FORWARD,False,,,,,,,,False,False,False
WS:XASX:WBC,Westpac,AU_ASX200,Australia,XASX,WBC,WBC.AX,DERIVED_RULE,WBC.AX,DERIVED_RULE,CARRY_FORWARD,False,,,,,,,,False,False,False
WS:XASX:WDS,Woodside Energy Group,AU_ASX200,Australia,XASX,WDS,WDS.AX,DERIVED_RULE,WDS.AX,DERIVED_RULE,CARRY_FORWARD,False,,,,,,,,False,False,False
WS:XASX:WES,Wesfarmers,AU_ASX200,Australia,XASX,WES,WES.AX,DERIVED_RULE,WES.AX,DERIVED_RULE,CARRY_FORWARD,False,,,,,,,,False,False,False
WS:XASX:WGX,Westgold Resources,AU_ASX200,Australia,XASX,WGX,WGX.AX,DERIVED_RULE,WGX.AX,DERIVED_RULE,CARRY_FORWARD,False,,,,,,,,False,False,False
WS:XASX:WHC,Whitehaven Coal,AU_ASX200,Australia,XASX,WHC,WHC.AX,DERIVED_RULE,WHC.AX,DERIVED_RULE,CARRY_FORWARD,False,,,,,,,,False,False,False
WS:XASX:WLE,WAM Leaders,AU_ASX200,Australia,XASX,WLE,WLE.AX,DERIVED_RULE,WLE.AX,DERIVED_RULE,CARRY_FORWARD,False,,,,,,,,False,False,False
WS:XASX:WOR,Worley,AU_ASX200,Australia,XASX,WOR,WOR.AX,DERIVED_RULE,WOR.AX,DERIVED_RULE,CARRY_FORWARD,False,,,,,,,,False,False,False
WS:XASX:WOW,Woolworths Group,AU_ASX200,Australia,XASX,WOW,WOW.AX,DERIVED_RULE,WOW.AX,DERIVED_RULE,CARRY_FORWARD,False,,,,,,,,False,False,False
WS:XASX:WTC,Wisetech Global,AU_ASX200,Australia,XASX,WTC,WTC.AX,DERIVED_RULE,WTC.AX,DERIVED_RULE,CARRY_FORWARD,False,,,,,,,,False,False,False
WS:XASX:XRO,Xero,AU_ASX200,Australia,XASX,XRO,XRO.AX,DERIVED_RULE,XRO.AX,DERIVED_RULE,CARRY_FORWARD,False,,,,,,,,False,False,False
WS:XASX:XYX,"Block, Inc.",AU_ASX200,Australia,XASX,XYX,XYX.AX,DERIVED_RULE,XYX.AX,DERIVED_RULE,CARRY_FORWARD,False,,,,,,,,False,False,False
WS:XASX:YAL,Yancoal Australia,AU_ASX200,Australia,XASX,YAL,YAL.AX,DERIVED_RULE,YAL.AX,DERIVED_RULE,CARRY_FORWARD,False,,,,,,,,False,False,False
WS:XASX:ZIM,Zimplats Holdings,AU_ASX200,Australia,XASX,ZIM,ZIM.AX,DERIVED_RULE,ZIM.AX,DERIVED_RULE,CARRY_FORWARD,False,,,,,,,,False,False,False
WS:XASX:ZIP,Zip,AU_ASX200,Australia,XASX,ZIP,ZIP.AX,DERIVED_RULE,ZIP.AX,DERIVED_RULE,CARRY_FORWARD,False,,,,,,,,False,False,False
WS:BVMF:ABEV3,ABEV3,BR_IBRX100,Brazil,BVMF,ABEV3,ABEV3.SA,DERIVED_RULE,ABEV3.SA,DERIVED_RULE,CARRY_FORWARD,False,,,,,,,,False,False,False
WS:BVMF:ALOS3,ALOS3,BR_IBRX100,Brazil,BVMF,ALOS3,ALOS3.SA,DERIVED_RULE,ALOS3.SA,DERIVED_RULE,CARRY_FORWARD,False,,,,,,,,False,False,False
WS:BVMF:ANIM3,ANIM3,BR_IBRX100,Brazil,BVMF,ANIM3,ANIM3.SA,DERIVED_RULE,ANIM3.SA,DERIVED_RULE,CARRY_FORWARD,False,,,,,,,,False,False,False
WS:BVMF:ASAI3,ASAI3,BR_IBRX100,Brazil,BVMF,ASAI3,ASAI3.SA,DERIVED_RULE,ASAI3.SA,DERIVED_RULE,CARRY_FORWARD,False,,,,,,,,False,False,False
WS:BVMF:AUAU3,AUAU3,BR_IBRX100,Brazil,BVMF,AUAU3,AUAU3.SA,DERIVED_RULE,AUAU3.SA,DERIVED_RULE,CARRY_FORWARD,False,,,,,,,,False,False,False
WS:BVMF:AURE3,AURE3,BR_IBRX100,Brazil,BVMF,AURE3,AURE3.SA,DERIVED_RULE,AURE3.SA,DERIVED_RULE,CARRY_FORWARD,False,,,,,,,,False,False,False
WS:BVMF:AXIA3,AXIA3,BR_IBRX100,Brazil,BVMF,AXIA3,AXIA3.SA,DERIVED_RULE,AXIA3.SA,DERIVED_RULE,CARRY_FORWARD,False,,,,,,,,False,False,False
WS:BVMF:AZZA3,AZZA3,BR_IBRX100,Brazil,BVMF,AZZA3,AZZA3.SA,DERIVED_RULE,AZZA3.SA,DERIVED_RULE,CARRY_FORWARD,False,,,,,,,,False,False,False
WS:BVMF:B3SA3,B3SA3,BR_IBRX100,Brazil,BVMF,B3SA3,B3SA3.SA,DERIVED_RULE,B3SA3.SA,DERIVED_RULE,CARRY_FORWARD,False,,,,,,,,False,False,False
WS:BVMF:BBAS3,BBAS3,BR_IBRX100,Brazil,BVMF,BBAS3,BBAS3.SA,DERIVED_RULE,BBAS3.SA,DERIVED_RULE,CARRY_FORWARD,False,,,,,,,,False,False,False
WS:BVMF:BBDC3,BBDC3,BR_IBRX100,Brazil,BVMF,BBDC3,BBDC3.SA,DERIVED_RULE,BBDC3.SA,DERIVED_RULE,CARRY_FORWARD,False,,,,,,,,False,False,False
WS:BVMF:BBDC4,BBDC4,BR_IBRX100,Brazil,BVMF,BBDC4,BBDC4.SA,DERIVED_RULE,BBDC4.SA,DERIVED_RULE,CARRY_FORWARD,False,,,,,,,,False,False,False
WS:BVMF:BBSE3,BBSE3,BR_IBRX100,Brazil,BVMF,BBSE3,BBSE3.SA,DERIVED_RULE,BBSE3.SA,DERIVED_RULE,CARRY_FORWARD,False,,,,,,,,False,False,False
WS:BVMF:BEEF3,BEEF3,BR_IBRX100,Brazil,BVMF,BEEF3,BEEF3.SA,DERIVED_RULE,BEEF3.SA,DERIVED_RULE,CARRY_FORWARD,False,,,,,,,,False,False,False
WS:BVMF:BPAC11,BPAC11,BR_IBRX100,Brazil,BVMF,BPAC11,BPAC11.SA,DERIVED_RULE,BPAC11.SA,DERIVED_RULE,CARRY_FORWARD,False,,,,,,,,False,False,False
WS:BVMF:BRAP4,BRAP4,BR_IBRX100,Brazil,BVMF,BRAP4,BRAP4.SA,DERIVED_RULE,BRAP4.SA,DERIVED_RULE,CARRY_FORWARD,False,,,,,,,,False,False,False
WS:BVMF:BRAV3,BRAV3,BR_IBRX100,Brazil,BVMF,BRAV3,BRAV3.SA,DERIVED_RULE,BRAV3.SA,DERIVED_RULE,CARRY_FORWARD,False,,,,,,,,False,False,False
WS:BVMF:BRKM5,BRKM5,BR_IBRX100,Brazil,BVMF,BRKM5,BRKM5.SA,DERIVED_RULE,BRKM5.SA,DERIVED_RULE,CARRY_FORWARD,False,,,,,,,,False,False,False
WS:BVMF:CBAV3,CBAV3,BR_IBRX100,Brazil,BVMF,CBAV3,CBAV3.SA,DERIVED_RULE,CBAV3.SA,DERIVED_RULE,CARRY_FORWARD,False,,,,,,,,False,False,False
WS:BVMF:CEAB3,CEAB3,BR_IBRX100,Brazil,BVMF,CEAB3,CEAB3.SA,DERIVED_RULE,CEAB3.SA,DERIVED_RULE,CARRY_FORWARD,False,,,,,,,,False,False,False
WS:BVMF:CMIG4,CMIG4,BR_IBRX100,Brazil,BVMF,CMIG4,CMIG4.SA,DERIVED_RULE,CMIG4.SA,DERIVED_RULE,CARRY_FORWARD,False,,,,,,,,False,False,False
WS:BVMF:CMIN3,CMIN3,BR_IBRX100,Brazil,BVMF,CMIN3,CMIN3.SA,DERIVED_RULE,CMIN3.SA,DERIVED_RULE,CARRY_FORWARD,False,,,,,,,,False,False,False
WS:BVMF:COGN3,COGN3,BR_IBRX100,Brazil,BVMF,COGN3,COGN3.SA,DERIVED_RULE,COGN3.SA,DERIVED_RULE,CARRY_FORWARD,False,,,,,,,,False,False,False
WS:BVMF:CPFE3,CPFE3,BR_IBRX100,Brazil,BVMF,CPFE3,CPFE3.SA,DERIVED_RULE,CPFE3.SA,DERIVED_RULE,CARRY_FORWARD,False,,,,,,,,False,False,False
WS:BVMF:CPLE3,CPLE3,BR_IBRX100,Brazil,BVMF,CPLE3,CPLE3.SA,DERIVED_RULE,CPLE3.SA,DERIVED_RULE,CARRY_FORWARD,False,,,,,,,,False,False,False
WS:BVMF:CSAN3,CSAN3,BR_IBRX100,Brazil,BVMF,CSAN3,CSAN3.SA,DERIVED_RULE,CSAN3.SA,DERIVED_RULE,CARRY_FORWARD,False,,,,,,,,False,False,False
WS:BVMF:CSMG3,CSMG3,BR_IBRX100,Brazil,BVMF,CSMG3,CSMG3.SA,DERIVED_RULE,CSMG3.SA,DERIVED_RULE,CARRY_FORWARD,False,,,,,,,,False,False,False
WS:BVMF:CSNA3,CSNA3,BR_IBRX100,Brazil,BVMF,CSNA3,CSNA3.SA,DERIVED_RULE,CSNA3.SA,DERIVED_RULE,CARRY_FORWARD,False,,,,,,,,False,False,False
WS:BVMF:CURY3,CURY3,BR_IBRX100,Brazil,BVMF,CURY3,CURY3.SA,DERIVED_RULE,CURY3.SA,DERIVED_RULE,CARRY_FORWARD,False,,,,,,,,False,False,False
WS:BVMF:CVCB3,CVCB3,BR_IBRX100,Brazil,BVMF,CVCB3,CVCB3.SA,DERIVED_RULE,CVCB3.SA,DERIVED_RULE,CARRY_FORWARD,False,,,,,,,,False,False,False
WS:BVMF:CXSE3,CXSE3,BR_IBRX100,Brazil,BVMF,CXSE3,CXSE3.SA,DERIVED_RULE,CXSE3.SA,DERIVED_RULE,CARRY_FORWARD,False,,,,,,,,False,False,False
WS:BVMF:CYRE3,CYRE3,BR_IBRX100,Brazil,BVMF,CYRE3,CYRE3.SA,DERIVED_RULE,CYRE3.SA,DERIVED_RULE,CARRY_FORWARD,False,,,,,,,,False,False,False
WS:BVMF:DIRR3,DIRR3,BR_IBRX100,Brazil,BVMF,DIRR3,DIRR3.SA,DERIVED_RULE,DIRR3.SA,DERIVED_RULE,CARRY_FORWARD,False,,,,,,,,False,False,False
WS:BVMF:ECOR3,ECOR3,BR_IBRX100,Brazil,BVMF,ECOR3,ECOR3.SA,DERIVED_RULE,ECOR3.SA,DERIVED_RULE,CARRY_FORWARD,False,,,,,,,,False,False,False
WS:BVMF:EGIE3,EGIE3,BR_IBRX100,Brazil,BVMF,EGIE3,EGIE3.SA,DERIVED_RULE,EGIE3.SA,DERIVED_RULE,CARRY_FORWARD,False,,,,,,,,False,False,False
WS:BVMF:EMBJ3,EMBJ3,BR_IBRX100,Brazil,BVMF,EMBJ3,EMBJ3.SA,DERIVED_RULE,EMBJ3.SA,DERIVED_RULE,CARRY_FORWARD,False,,,,,,,,False,False,False
WS:BVMF:ENEV3,ENEV3,BR_IBRX100,Brazil,BVMF,ENEV3,ENEV3.SA,DERIVED_RULE,ENEV3.SA,DERIVED_RULE,CARRY_FORWARD,False,,,,,,,,False,False,False
WS:BVMF:ENGI11,ENGI11,BR_IBRX100,Brazil,BVMF,ENGI11,ENGI11.SA,DERIVED_RULE,ENGI11.SA,DERIVED_RULE,CARRY_FORWARD,False,,,,,,,,False,False,False
WS:BVMF:EQTL3,EQTL3,BR_IBRX100,Brazil,BVMF,EQTL3,EQTL3.SA,DERIVED_RULE,EQTL3.SA,DERIVED_RULE,CARRY_FORWARD,False,,,,,,,,False,False,False
WS:BVMF:EZTC3,EZTC3,BR_IBRX100,Brazil,BVMF,EZTC3,EZTC3.SA,DERIVED_RULE,EZTC3.SA,DERIVED_RULE,CARRY_FORWARD,False,,,,,,,,False,False,False
WS:BVMF:FLRY3,FLRY3,BR_IBRX100,Brazil,BVMF,FLRY3,FLRY3.SA,DERIVED_RULE,FLRY3.SA,DERIVED_RULE,CARRY_FORWARD,False,,,,,,,,False,False,False
WS:BVMF:GGBR4,GGBR4,BR_IBRX100,Brazil,BVMF,GGBR4,GGBR4.SA,DERIVED_RULE,GGBR4.SA,DERIVED_RULE,CARRY_FORWARD,False,,,,,,,,False,False,False
WS:BVMF:GGPS3,GGPS3,BR_IBRX100,Brazil,BVMF,GGPS3,GGPS3.SA,DERIVED_RULE,GGPS3.SA,DERIVED_RULE,CARRY_FORWARD,False,,,,,,,,False,False,False
WS:BVMF:GMAT3,GMAT3,BR_IBRX100,Brazil,BVMF,GMAT3,GMAT3.SA,DERIVED_RULE,GMAT3.SA,DERIVED_RULE,CARRY_FORWARD,False,,,,,,,,False,False,False
WS:BVMF:GOAU4,GOAU4,BR_IBRX100,Brazil,BVMF,GOAU4,GOAU4.SA,DERIVED_RULE,GOAU4.SA,DERIVED_RULE,CARRY_FORWARD,False,,,,,,,,False,False,False
WS:BVMF:HAPV3,HAPV3,BR_IBRX100,Brazil,BVMF,HAPV3,HAPV3.SA,DERIVED_RULE,HAPV3.SA,DERIVED_RULE,CARRY_FORWARD,False,,,,,,,,False,False,False
WS:BVMF:HYPE3,HYPE3,BR_IBRX100,Brazil,BVMF,HYPE3,HYPE3.SA,DERIVED_RULE,HYPE3.SA,DERIVED_RULE,CARRY_FORWARD,False,,,,,,,,False,False,False
WS:BVMF:IGTI11,IGTI11,BR_IBRX100,Brazil,BVMF,IGTI11,IGTI11.SA,DERIVED_RULE,IGTI11.SA,DERIVED_RULE,CARRY_FORWARD,False,,,,,,,,False,False,False
WS:BVMF:INTB3,INTB3,BR_IBRX100,Brazil,BVMF,INTB3,INTB3.SA,DERIVED_RULE,INTB3.SA,DERIVED_RULE,CARRY_FORWARD,False,,,,,,,,False,False,False
WS:BVMF:IRBR3,IRBR3,BR_IBRX100,Brazil,BVMF,IRBR3,IRBR3.SA,DERIVED_RULE,IRBR3.SA,DERIVED_RULE,CARRY_FORWARD,False,,,,,,,,False,False,False
WS:BVMF:ISAE4,ISAE4,BR_IBRX100,Brazil,BVMF,ISAE4,ISAE4.SA,DERIVED_RULE,ISAE4.SA,DERIVED_RULE,CARRY_FORWARD,False,,,,,,,,False,False,False
WS:BVMF:ITSA4,ITSA4,BR_IBRX100,Brazil,BVMF,ITSA4,ITSA4.SA,DERIVED_RULE,ITSA4.SA,DERIVED_RULE,CARRY_FORWARD,False,,,,,,,,False,False,False
WS:BVMF:ITUB3,ITUB3,BR_IBRX100,Brazil,BVMF,ITUB3,ITUB3.SA,DERIVED_RULE,ITUB3.SA,DERIVED_RULE,CARRY_FORWARD,False,,,,,,,,False,False,False
WS:BVMF:ITUB4,ITUB4,BR_IBRX100,Brazil,BVMF,ITUB4,ITUB4.SA,DERIVED_RULE,ITUB4.SA,DERIVED_RULE,CARRY_FORWARD,False,,,,,,,,False,False,False
WS:BVMF:JHSF3,JHSF3,BR_IBRX100,Brazil,BVMF,JHSF3,JHSF3.SA,DERIVED_RULE,JHSF3.SA,DERIVED_RULE,CARRY_FORWARD,False,,,,,,,,False,False,False
WS:BVMF:KLBN11,KLBN11,BR_IBRX100,Brazil,BVMF,KLBN11,KLBN11.SA,DERIVED_RULE,KLBN11.SA,DERIVED_RULE,CARRY_FORWARD,False,,,,,,,,False,False,False
WS:BVMF:LREN3,LREN3,BR_IBRX100,Brazil,BVMF,LREN3,LREN3.SA,DERIVED_RULE,LREN3.SA,DERIVED_RULE,CARRY_FORWARD,False,,,,,,,,False,False,False
WS:BVMF:MBRF3,MBRF3,BR_IBRX100,Brazil,BVMF,MBRF3,MBRF3.SA,DERIVED_RULE,MBRF3.SA,DERIVED_RULE,CARRY_FORWARD,False,,,,,,,,False,False,False
WS:BVMF:MDNE3,MDNE3,BR_IBRX100,Brazil,BVMF,MDNE3,MDNE3.SA,DERIVED_RULE,MDNE3.SA,DERIVED_RULE,CARRY_FORWARD,False,,,,,,,,False,False,False
WS:BVMF:MGLU3,MGLU3,BR_IBRX100,Brazil,BVMF,MGLU3,MGLU3.SA,DERIVED_RULE,MGLU3.SA,DERIVED_RULE,CARRY_FORWARD,False,,,,,,,,False,False,False
WS:BVMF:MOTV3,MOTV3,BR_IBRX100,Brazil,BVMF,MOTV3,MOTV3.SA,DERIVED_RULE,MOTV3.SA,DERIVED_RULE,CARRY_FORWARD,False,,,,,,,,False,False,False
WS:BVMF:MOVI3,MOVI3,BR_IBRX100,Brazil,BVMF,MOVI3,MOVI3.SA,DERIVED_RULE,MOVI3.SA,DERIVED_RULE,CARRY_FORWARD,False,,,,,,,,False,False,False
WS:BVMF:MRVE3,MRVE3,BR_IBRX100,Brazil,BVMF,MRVE3,MRVE3.SA,DERIVED_RULE,MRVE3.SA,DERIVED_RULE,CARRY_FORWARD,False,,,,,,,,False,False,False
WS:BVMF:MULT3,MULT3,BR_IBRX100,Brazil,BVMF,MULT3,MULT3.SA,DERIVED_RULE,MULT3.SA,DERIVED_RULE,CARRY_FORWARD,False,,,,,,,,False,False,False
WS:BVMF:NATU3,NATU3,BR_IBRX100,Brazil,BVMF,NATU3,NATU3.SA,DERIVED_RULE,NATU3.SA,DERIVED_RULE,CARRY_FORWARD,False,,,,,,,,False,False,False
WS:BVMF:ORVR3,ORVR3,BR_IBRX100,Brazil,BVMF,ORVR3,ORVR3.SA,DERIVED_RULE,ORVR3.SA,DERIVED_RULE,CARRY_FORWARD,False,,,,,,,,False,False,False
WS:BVMF:PETR3,PETR3,BR_IBRX100,Brazil,BVMF,PETR3,PETR3.SA,DERIVED_RULE,PETR3.SA,DERIVED_RULE,CARRY_FORWARD,False,,,,,,,,False,False,False
WS:BVMF:PETR4,PETR4,BR_IBRX100,Brazil,BVMF,PETR4,PETR4.SA,DERIVED_RULE,PETR4.SA,DERIVED_RULE,CARRY_FORWARD,False,,,,,,,,False,False,False
WS:BVMF:POMO4,POMO4,BR_IBRX100,Brazil,BVMF,POMO4,POMO4.SA,DERIVED_RULE,POMO4.SA,DERIVED_RULE,CARRY_FORWARD,False,,,,,,,,False,False,False
WS:BVMF:PRIO3,PRIO3,BR_IBRX100,Brazil,BVMF,PRIO3,PRIO3.SA,DERIVED_RULE,PRIO3.SA,DERIVED_RULE,CARRY_FORWARD,False,,,,,,,,False,False,False
WS:BVMF:PSSA3,PSSA3,BR_IBRX100,Brazil,BVMF,PSSA3,PSSA3.SA,DERIVED_RULE,PSSA3.SA,DERIVED_RULE,CARRY_FORWARD,False,,,,,,,,False,False,False
WS:BVMF:RADL3,RADL3,BR_IBRX100,Brazil,BVMF,RADL3,RADL3.SA,DERIVED_RULE,RADL3.SA,DERIVED_RULE,CARRY_FORWARD,False,,,,,,,,False,False,False
WS:BVMF:RAIL3,RAIL3,BR_IBRX100,Brazil,BVMF,RAIL3,RAIL3.SA,DERIVED_RULE,RAIL3.SA,DERIVED_RULE,CARRY_FORWARD,False,,,,,,,,False,False,False
WS:BVMF:RAPT4,RAPT4,BR_IBRX100,Brazil,BVMF,RAPT4,RAPT4.SA,DERIVED_RULE,RAPT4.SA,DERIVED_RULE,CARRY_FORWARD,False,,,,,,,,False,False,False
WS:BVMF:RDOR3,RDOR3,BR_IBRX100,Brazil,BVMF,RDOR3,RDOR3.SA,DERIVED_RULE,RDOR3.SA,DERIVED_RULE,CARRY_FORWARD,False,,,,,,,,False,False,False
WS:BVMF:RECV3,RECV3,BR_IBRX100,Brazil,BVMF,RECV3,RECV3.SA,DERIVED_RULE,RECV3.SA,DERIVED_RULE,CARRY_FORWARD,False,,,,,,,,False,False,False
WS:BVMF:RENT3,RENT3,BR_IBRX100,Brazil,BVMF,RENT3,RENT3.SA,DERIVED_RULE,RENT3.SA,DERIVED_RULE,CARRY_FORWARD,False,,,,,,,,False,False,False
WS:BVMF:SANB11,SANB11,BR_IBRX100,Brazil,BVMF,SANB11,SANB11.SA,DERIVED_RULE,SANB11.SA,DERIVED_RULE,CARRY_FORWARD,False,,,,,,,,False,False,False
WS:BVMF:SAPR11,SAPR11,BR_IBRX100,Brazil,BVMF,SAPR11,SAPR11.SA,DERIVED_RULE,SAPR11.SA,DERIVED_RULE,CARRY_FORWARD,False,,,,,,,,False,False,False
WS:BVMF:SAUD3,SAUD3,BR_IBRX100,Brazil,BVMF,SAUD3,SAUD3.SA,DERIVED_RULE,SAUD3.SA,DERIVED_RULE,CARRY_FORWARD,False,,,,,,,,False,False,False
WS:BVMF:SBSP3,SBSP3,BR_IBRX100,Brazil,BVMF,SBSP3,SBSP3.SA,DERIVED_RULE,SBSP3.SA,DERIVED_RULE,CARRY_FORWARD,False,,,,,,,,False,False,False
WS:BVMF:SIMH3,SIMH3,BR_IBRX100,Brazil,BVMF,SIMH3,SIMH3.SA,DERIVED_RULE,SIMH3.SA,DERIVED_RULE,CARRY_FORWARD,False,,,,,,,,False,False,False
WS:BVMF:SLCE3,SLCE3,BR_IBRX100,Brazil,BVMF,SLCE3,SLCE3.SA,DERIVED_RULE,SLCE3.SA,DERIVED_RULE,CARRY_FORWARD,False,,,,,,,,False,False,False
WS:BVMF:SMFT3,SMFT3,BR_IBRX100,Brazil,BVMF,SMFT3,SMFT3.SA,DERIVED_RULE,SMFT3.SA,DERIVED_RULE,CARRY_FORWARD,False,,,,,,,,False,False,False
WS:BVMF:SMTO3,SMTO3,BR_IBRX100,Brazil,BVMF,SMTO3,SMTO3.SA,DERIVED_RULE,SMTO3.SA,DERIVED_RULE,CARRY_FORWARD,False,,,,,,,,False,False,False
WS:BVMF:SUZB3,SUZB3,BR_IBRX100,Brazil,BVMF,SUZB3,SUZB3.SA,DERIVED_RULE,SUZB3.SA,DERIVED_RULE,CARRY_FORWARD,False,,,,,,,,False,False,False
WS:BVMF:TAEE11,TAEE11,BR_IBRX100,Brazil,BVMF,TAEE11,TAEE11.SA,DERIVED_RULE,TAEE11.SA,DERIVED_RULE,CARRY_FORWARD,False,,,,,,,,False,False,False
WS:BVMF:TEND3,TEND3,BR_IBRX100,Brazil,BVMF,TEND3,TEND3.SA,DERIVED_RULE,TEND3.SA,DERIVED_RULE,CARRY_FORWARD,False,,,,,,,,False,False,False
WS:BVMF:TIMS3,TIMS3,BR_IBRX100,Brazil,BVMF,TIMS3,TIMS3.SA,DERIVED_RULE,TIMS3.SA,DERIVED_RULE,CARRY_FORWARD,False,,,,,,,,False,False,False
WS:BVMF:TOTS3,TOTS3,BR_IBRX100,Brazil,BVMF,TOTS3,TOTS3.SA,DERIVED_RULE,TOTS3.SA,DERIVED_RULE,CARRY_FORWARD,False,,,,,,,,False,False,False
WS:BVMF:UGPA3,UGPA3,BR_IBRX100,Brazil,BVMF,UGPA3,UGPA3.SA,DERIVED_RULE,UGPA3.SA,DERIVED_RULE,CARRY_FORWARD,False,,,,,,,,False,False,False
WS:BVMF:USIM5,USIM5,BR_IBRX100,Brazil,BVMF,USIM5,USIM5.SA,DERIVED_RULE,USIM5.SA,DERIVED_RULE,CARRY_FORWARD,False,,,,,,,,False,False,False
WS:BVMF:VALE3,VALE3,BR_IBRX100,Brazil,BVMF,VALE3,VALE3.SA,DERIVED_RULE,VALE3.SA,DERIVED_RULE,CARRY_FORWARD,False,,,,,,,,False,False,False
WS:BVMF:VAMO3,VAMO3,BR_IBRX100,Brazil,BVMF,VAMO3,VAMO3.SA,DERIVED_RULE,VAMO3.SA,DERIVED_RULE,CARRY_FORWARD,False,,,,,,,,False,False,False
WS:BVMF:VBBR3,VBBR3,BR_IBRX100,Brazil,BVMF,VBBR3,VBBR3.SA,DERIVED_RULE,VBBR3.SA,DERIVED_RULE,CARRY_FORWARD,False,,,,,,,,False,False,False
WS:BVMF:VIVA3,VIVA3,BR_IBRX100,Brazil,BVMF,VIVA3,VIVA3.SA,DERIVED_RULE,VIVA3.SA,DERIVED_RULE,CARRY_FORWARD,False,,,,,,,,False,False,False
WS:BVMF:VIVT3,VIVT3,BR_IBRX100,Brazil,BVMF,VIVT3,VIVT3.SA,DERIVED_RULE,VIVT3.SA,DERIVED_RULE,CARRY_FORWARD,False,,,,,,,,False,False,False
WS:BVMF:WEGE3,WEGE3,BR_IBRX100,Brazil,BVMF,WEGE3,WEGE3.SA,DERIVED_RULE,WEGE3.SA,DERIVED_RULE,CARRY_FORWARD,False,,,,,,,,False,False,False
WS:BVMF:YDUQ3,YDUQ3,BR_IBRX100,Brazil,BVMF,YDUQ3,YDUQ3.SA,DERIVED_RULE,YDUQ3.SA,DERIVED_RULE,CARRY_FORWARD,False,,,,,,,,False,False,False
WS:XTSE:AAUC,Allied Gold Corporation,CA_TSX,Canada,XTSE,AAUC,AAUC.TO,DERIVED_RULE,AAUC.TO,DERIVED_RULE,CARRY_FORWARD,False,,,,,,,,False,False,False
WS:XTSE:AAV,Advantage Energy Ltd.,CA_TSX,Canada,XTSE,AAV,AAV.TO,DERIVED_RULE,AAV.TO,DERIVED_RULE,CARRY_FORWARD,False,,,,,,,,False,False,False
WS:XTSE:ABRA,AbraSilver Resource Corp.,CA_TSX,Canada,XTSE,ABRA,ABRA.TO,DERIVED_RULE,ABRA.TO,DERIVED_RULE,CARRY_FORWARD,False,,,,,,,,False,False,False
WS:XTSE:ABX,Barrick Mining Corporation,CA_TSX,Canada,XTSE,ABX,ABX.TO,DERIVED_RULE,ABX.TO,DERIVED_RULE,CARRY_FORWARD,False,,,,,,,,False,False,False
WS:XTSE:AC,Air Canada Voting and Variable Voting Shares,CA_TSX,Canada,XTSE,AC,AC.TO,DERIVED_RULE,AC.TO,DERIVED_RULE,CARRY_FORWARD,False,,,,,,,,False,False,False
WS:XTSE:ACO.X,ATCO Ltd. Class I Non-voting Shares,CA_TSX,Canada,XTSE,ACO.X,ACO-X.TO,DERIVED_RULE_NORMALIZED,ACO-X.TO,DERIVED_RULE_NORMALIZED,CARRY_FORWARD,False,,,,,,,,False,False,False
WS:XTSE:AEM,Agnico Eagle Mines Limited,CA_TSX,Canada,XTSE,AEM,AEM.TO,DERIVED_RULE,AEM.TO,DERIVED_RULE,CARRY_FORWARD,False,,,,,,,,False,False,False
WS:XTSE:AG,First Majestic Silver Corp.,CA_TSX,Canada,XTSE,AG,AG.TO,DERIVED_RULE,AG.TO,DERIVED_RULE,CARRY_FORWARD,False,,,,,,,,False,False,False
WS:XTSE:AGI,Alamos Gold Inc.,CA_TSX,Canada,XTSE,AGI,AGI.TO,DERIVED_RULE,AGI.TO,DERIVED_RULE,CARRY_FORWARD,False,,,,,,,,False,False,False
WS:XTSE:AIF,Altus Group Limited,CA_TSX,Canada,XTSE,AIF,AIF.TO,DERIVED_RULE,AIF.TO,DERIVED_RULE,CARRY_FORWARD,False,,,,,,,,False,False,False
WS:XTSE:ALA,AltaGas Ltd.,CA_TSX,Canada,XTSE,ALA,ALA.TO,DERIVED_RULE,ALA.TO,DERIVED_RULE,CARRY_FORWARD,False,,,,,,,,False,False,False
WS:XTSE:ALS,Altius Minerals Corporation,CA_TSX,Canada,XTSE,ALS,ALS.TO,DERIVED_RULE,ALS.TO,DERIVED_RULE,CARRY_FORWARD,False,,,,,,,,False,False,False
WS:XTSE:AP.UN,Allied Properties Real Estate Investment Trust,CA_TSX,Canada,XTSE,AP.UN,AP-UN.TO,DERIVED_RULE_NORMALIZED,AP-UN.TO,DERIVED_RULE_NORMALIZED,CARRY_FORWARD,False,,,,,,,,False,False,False
WS:XTSE:AQN,Algonquin Power & Utilities Corp.,CA_TSX,Canada,XTSE,AQN,AQN.TO,DERIVED_RULE,AQN.TO,DERIVED_RULE,CARRY_FORWARD,False,,,,,,,,False,False,False
WS:XTSE:ARE,Aecon Group Inc.,CA_TSX,Canada,XTSE,ARE,ARE.TO,DERIVED_RULE,ARE.TO,DERIVED_RULE,CARRY_FORWARD,False,,,,,,,,False,False,False
WS:XTSE:ARIS,Aris Mining Corporation,CA_TSX,Canada,XTSE,ARIS,ARIS.TO,DERIVED_RULE,ARIS.TO,DERIVED_RULE,CARRY_FORWARD,False,,,,,,,,False,False,False
WS:XTSE:ARX,ARC Resources Ltd.,CA_TSX,Canada,XTSE,ARX,ARX.TO,DERIVED_RULE,ARX.TO,DERIVED_RULE,CARRY_FORWARD,False,,,,,,,,False,False,False
WS:XTSE:ASM,Avino Silver & Gold Mines Ltd.,CA_TSX,Canada,XTSE,ASM,ASM.TO,DERIVED_RULE,ASM.TO,DERIVED_RULE,CARRY_FORWARD,False,,,,,,,,False,False,False
WS:XTSE:ATD,Alimentation Couche-Tard Inc.,CA_TSX,Canada,XTSE,ATD,ATD.TO,DERIVED_RULE,ATD.TO,DERIVED_RULE,CARRY_FORWARD,False,,,,,,,,False,False,False
WS:XTSE:ATH,Athabasca Oil Corporation,CA_TSX,Canada,XTSE,ATH,ATH.TO,DERIVED_RULE,ATH.TO,DERIVED_RULE,CARRY_FORWARD,False,,,,,,,,False,False,False
WS:XTSE:ATRL,AtkinsRéalis Group Inc.,CA_TSX,Canada,XTSE,ATRL,ATRL.TO,DERIVED_RULE,ATRL.TO,DERIVED_RULE,CARRY_FORWARD,False,,,,,,,,False,False,False
WS:XTSE:ATS,ATS Corporation,CA_TSX,Canada,XTSE,ATS,ATS.TO,DERIVED_RULE,ATS.TO,DERIVED_RULE,CARRY_FORWARD,False,,,,,,,,False,False,False
WS:XTSE:ATZ,Aritzia Inc. Subordinate Voting Shares,CA_TSX,Canada,XTSE,ATZ,ATZ.TO,DERIVED_RULE,ATZ.TO,DERIVED_RULE,CARRY_FORWARD,False,,,,,,,,False,False,False
WS:XTSE:AYA,Aya Gold & Silver Inc.,CA_TSX,Canada,XTSE,AYA,AYA.TO,DERIVED_RULE,AYA.TO,DERIVED_RULE,CARRY_FORWARD,False,,,,,,,,False,False,False
WS:XTSE:BAM,Brookfield Asset Management Ltd. Class A Limited Voting Shares,CA_TSX,Canada,XTSE,BAM,BAM.TO,DERIVED_RULE,BAM.TO,DERIVED_RULE,CARRY_FORWARD,False,,,,,,,,False,False,False
WS:XTSE:BB,BlackBerry Limited,CA_TSX,Canada,XTSE,BB,BB.TO,DERIVED_RULE,BB.TO,DERIVED_RULE,CARRY_FORWARD,False,,,,,,,,False,False,False
WS:XTSE:BBD.B,Bombardier Inc. Class B Subordinate Voting Shares,CA_TSX,Canada,XTSE,BBD.B,BBD-B.TO,DERIVED_RULE_NORMALIZED,BBD-B.TO,DERIVED_RULE_NORMALIZED,CARRY_FORWARD,False,,,,,,,,False,False,False
WS:XTSE:BBUC,Brookfield Business Corporation Class A Subordinate Voting Shares,CA_TSX,Canada,XTSE,BBUC,BBUC.TO,DERIVED_RULE,BBUC.TO,DERIVED_RULE,CARRY_FORWARD,False,,,,,,,,False,False,False
WS:XTSE:BCE,BCE Inc.,CA_TSX,Canada,XTSE,BCE,BCE.TO,DERIVED_RULE,BCE.TO,DERIVED_RULE,CARRY_FORWARD,False,,,,,,,,False,False,False
WS:XTSE:BDGI,Badger Infrastructure Solutions Ltd.,CA_TSX,Canada,XTSE,BDGI,BDGI.TO,DERIVED_RULE,BDGI.TO,DERIVED_RULE,CARRY_FORWARD,False,,,,,,,,False,False,False
WS:XTSE:BDT,Bird Construction Inc.,CA_TSX,Canada,XTSE,BDT,BDT.TO,DERIVED_RULE,BDT.TO,DERIVED_RULE,CARRY_FORWARD,False,,,,,,,,False,False,False
WS:XTSE:BEI.UN,Boardwalk Real Estate Investment Trust,CA_TSX,Canada,XTSE,BEI.UN,BEI-UN.TO,DERIVED_RULE_NORMALIZED,BEI-UN.TO,DERIVED_RULE_NORMALIZED,CARRY_FORWARD,False,,,,,,,,False,False,False
WS:XTSE:BEP.UN,Brookfield Renewable Partners L.P.,CA_TSX,Canada,XTSE,BEP.UN,BEP-UN.TO,DERIVED_RULE_NORMALIZED,BEP-UN.TO,DERIVED_RULE_NORMALIZED,CARRY_FORWARD,False,,,,,,,,False,False,False
WS:XTSE:BHC,Bausch Health Companies Inc.,CA_TSX,Canada,XTSE,BHC,BHC.TO,DERIVED_RULE,BHC.TO,DERIVED_RULE,CARRY_FORWARD,False,,,,,,,,False,False,False
WS:XTSE:BIP.UN,Brookfield Infrastructure Partners L.P.,CA_TSX,Canada,XTSE,BIP.UN,BIP-UN.TO,DERIVED_RULE_NORMALIZED,BIP-UN.TO,DERIVED_RULE_NORMALIZED,CARRY_FORWARD,False,,,,,,,,False,False,False
WS:XTSE:BIR,Birchcliff Energy Ltd.,CA_TSX,Canada,XTSE,BIR,BIR.TO,DERIVED_RULE,BIR.TO,DERIVED_RULE,CARRY_FORWARD,False,,,,,,,,False,False,False
WS:XTSE:BMO,Bank of Montreal,CA_TSX,Canada,XTSE,BMO,BMO.TO,DERIVED_RULE,BMO.TO,DERIVED_RULE,CARRY_FORWARD,False,,,,,,,,False,False,False
WS:XTSE:BN,Brookfield Corporation Class A Limited Voting Shares,CA_TSX,Canada,XTSE,BN,BN.TO,DERIVED_RULE,BN.TO,DERIVED_RULE,CARRY_FORWARD,False,,,,,,,,False,False,False
WS:XTSE:BNS,Bank of Nova Scotia (The),CA_TSX,Canada,XTSE,BNS,BNS.TO,DERIVED_RULE,BNS.TO,DERIVED_RULE,CARRY_FORWARD,False,,,,,,,,False,False,False
WS:XTSE:BTE,Baytex Energy Corp.,CA_TSX,Canada,XTSE,BTE,BTE.TO,DERIVED_RULE,BTE.TO,DERIVED_RULE,CARRY_FORWARD,False,,,,,,,,False,False,False
WS:XTSE:BTO,B2Gold Corp.,CA_TSX,Canada,XTSE,BTO,BTO.TO,DERIVED_RULE,BTO.TO,DERIVED_RULE,CARRY_FORWARD,False,,,,,,,,False,False,False
WS:XTSE:BYD,Boyd Group Services Inc.,CA_TSX,Canada,XTSE,BYD,BYD.TO,DERIVED_RULE,BYD.TO,DERIVED_RULE,CARRY_FORWARD,False,,,,,,,,False,False,False
WS:XTSE:CAE,CAE Inc.,CA_TSX,Canada,XTSE,CAE,CAE.TO,DERIVED_RULE,CAE.TO,DERIVED_RULE,CARRY_FORWARD,False,,,,,,,,False,False,False
WS:XTSE:CAR.UN,Canadian Apartment Properties Real Estate Investment Trust,CA_TSX,Canada,XTSE,CAR.UN,CAR-UN.TO,DERIVED_RULE_NORMALIZED,CAR-UN.TO,DERIVED_RULE_NORMALIZED,CARRY_FORWARD,False,,,,,,,,False,False,False
WS:XTSE:CCA,Cogeco Communications Inc. Subordinate Voting Shares,CA_TSX,Canada,XTSE,CCA,CCA.TO,DERIVED_RULE,CCA.TO,DERIVED_RULE,CARRY_FORWARD,False,,,,,,,,False,False,False
WS:XTSE:CCL.B,CCL Industries Inc. Unlimited Class B Non-Voting Shares,CA_TSX,Canada,XTSE,CCL.B,CCL-B.TO,DERIVED_RULE_NORMALIZED,CCL-B.TO,DERIVED_RULE_NORMALIZED,CARRY_FORWARD,False,,,,,,,,False,False,False
WS:XTSE:CCO,Cameco Corporation,CA_TSX,Canada,XTSE,CCO,CCO.TO,DERIVED_RULE,CCO.TO,DERIVED_RULE,CARRY_FORWARD,False,,,,,,,,False,False,False
WS:XTSE:CEU,CES Energy Solutions Corp.,CA_TSX,Canada,XTSE,CEU,CEU.TO,DERIVED_RULE,CEU.TO,DERIVED_RULE,CARRY_FORWARD,False,,,,,,,,False,False,False
WS:XTSE:CG,Centerra Gold Inc.,CA_TSX,Canada,XTSE,CG,CG.TO,DERIVED_RULE,CG.TO,DERIVED_RULE,CARRY_FORWARD,False,,,,,,,,False,False,False
WS:XTSE:CHP.UN,Choice Properties Real Estate Investment Trust,CA_TSX,Canada,XTSE,CHP.UN,CHP-UN.TO,DERIVED_RULE_NORMALIZED,CHP-UN.TO,DERIVED_RULE_NORMALIZED,CARRY_FORWARD,False,,,,,,,,False,False,False
WS:XTSE:CIGI,Colliers International Group Inc. Subordinate Voting Shares,CA_TSX,Canada,XTSE,CIGI,CIGI.TO,DERIVED_RULE,CIGI.TO,DERIVED_RULE,CARRY_FORWARD,False,,,,,,,,False,False,False
WS:XTSE:CJT,Cargojet Inc. Common and Variable Voting Shares,CA_TSX,Canada,XTSE,CJT,CJT.TO,DERIVED_RULE,CJT.TO,DERIVED_RULE,CARRY_FORWARD,False,,,,,,,,False,False,False
WS:XTSE:CLS,Celestica Inc.,CA_TSX,Canada,XTSE,CLS,CLS.TO,DERIVED_RULE,CLS.TO,DERIVED_RULE,CARRY_FORWARD,False,,,,,,,,False,False,False
WS:XTSE:CM,Canadian Imperial Bank Of Commerce,CA_TSX,Canada,XTSE,CM,CM.TO,DERIVED_RULE,CM.TO,DERIVED_RULE,CARRY_FORWARD,False,,,,,,,,False,False,False
WS:XTSE:CNQ,Canadian Natural Resources Limited,CA_TSX,Canada,XTSE,CNQ,CNQ.TO,DERIVED_RULE,CNQ.TO,DERIVED_RULE,CARRY_FORWARD,False,,,,,,,,False,False,False
WS:XTSE:CNR,Canadian National Railway Company,CA_TSX,Canada,XTSE,CNR,CNR.TO,DERIVED_RULE,CNR.TO,DERIVED_RULE,CARRY_FORWARD,False,,,,,,,,False,False,False
WS:XTSE:CP,Canadian Pacific Kansas City Limited,CA_TSX,Canada,XTSE,CP,CP.TO,DERIVED_RULE,CP.TO,DERIVED_RULE,CARRY_FORWARD,False,,,,,,,,False,False,False
WS:XTSE:CPX,Capital Power Corporation,CA_TSX,Canada,XTSE,CPX,CPX.TO,DERIVED_RULE,CPX.TO,DERIVED_RULE,CARRY_FORWARD,False,,,,,,,,False,False,False
WS:XTSE:CRR.UN,Crombie Real Estate Investment Trust,CA_TSX,Canada,XTSE,CRR.UN,CRR-UN.TO,DERIVED_RULE_NORMALIZED,CRR-UN.TO,DERIVED_RULE_NORMALIZED,CARRY_FORWARD,False,,,,,,,,False,False,False
WS:XTSE:CRT.UN,CT Real Estate Investment Trust,CA_TSX,Canada,XTSE,CRT.UN,CRT-UN.TO,DERIVED_RULE_NORMALIZED,CRT-UN.TO,DERIVED_RULE_NORMALIZED,CARRY_FORWARD,False,,,,,,,,False,False,False
WS:XTSE:CS,Capstone Copper Corp.,CA_TSX,Canada,XTSE,CS,CS.TO,DERIVED_RULE,CS.TO,DERIVED_RULE,CARRY_FORWARD,False,,,,,,,,False,False,False
WS:XTSE:CSH.UN,Chartwell Retirement Residences,CA_TSX,Canada,XTSE,CSH.UN,CSH-UN.TO,DERIVED_RULE_NORMALIZED,CSH-UN.TO,DERIVED_RULE_NORMALIZED,CARRY_FORWARD,False,,,,,,,,False,False,False
WS:XTSE:CSU,Constellation Software Inc.,CA_TSX,Canada,XTSE,CSU,CSU.TO,DERIVED_RULE,CSU.TO,DERIVED_RULE,CARRY_FORWARD,False,,,,,,,,False,False,False
WS:XTSE:CTC.A,Canadian Tire Corporation Limited Class A Non-Voting Shares,CA_TSX,Canada,XTSE,CTC.A,CTC-A.TO,DERIVED_RULE_NORMALIZED,CTC-A.TO,DERIVED_RULE_NORMALIZED,CARRY_FORWARD,False,,,,,,,,False,False,False
WS:XTSE:CU,Canadian Utilities Limited Class A Non-Voting Shares,CA_TSX,Canada,XTSE,CU,CU.TO,DERIVED_RULE,CU.TO,DERIVED_RULE,CARRY_FORWARD,False,,,,,,,,False,False,False
WS:XTSE:CURA,Curaleaf Holdings Inc. Subordinate Voting Shares,CA_TSX,Canada,XTSE,CURA,CURA.TO,DERIVED_RULE,CURA.TO,DERIVED_RULE,CARRY_FORWARD,False,,,,,,,,False,False,False
WS:XTSE:CVE,Cenovus Energy Inc.,CA_TSX,Canada,XTSE,CVE,CVE.TO,DERIVED_RULE,CVE.TO,DERIVED_RULE,CARRY_FORWARD,False,,,,,,,,False,False,False
WS:XTSE:DFY,Definity Financial Corporation,CA_TSX,Canada,XTSE,DFY,DFY.TO,DERIVED_RULE,DFY.TO,DERIVED_RULE,CARRY_FORWARD,False,,,,,,,,False,False,False
WS:XTSE:DIR.UN,Dream Industrial Real Estate Investment Trust,CA_TSX,Canada,XTSE,DIR.UN,DIR-UN.TO,DERIVED_RULE_NORMALIZED,DIR-UN.TO,DERIVED_RULE_NORMALIZED,CARRY_FORWARD,False,,,,,,,,False,False,False
WS:XTSE:DML,Denison Mines Corp.,CA_TSX,Canada,XTSE,DML,DML.TO,DERIVED_RULE,DML.TO,DERIVED_RULE,CARRY_FORWARD,False,,,,,,,,False,False,False
WS:XTSE:DOL,Dollarama Inc.,CA_TSX,Canada,XTSE,DOL,DOL.TO,DERIVED_RULE,DOL.TO,DERIVED_RULE,CARRY_FORWARD,False,,,,,,,,False,False,False
WS:XTSE:DOO,BRP Inc. Subordinate Voting Shares,CA_TSX,Canada,XTSE,DOO,DOO.TO,DERIVED_RULE,DOO.TO,DERIVED_RULE,CARRY_FORWARD,False,,,,,,,,False,False,False
WS:XTSE:DPM,DPM Metals Inc.,CA_TSX,Canada,XTSE,DPM,DPM.TO,DERIVED_RULE,DPM.TO,DERIVED_RULE,CARRY_FORWARD,False,,,,,,,,False,False,False
WS:XTSE:DSG,Descartes Systems Group Inc. (The),CA_TSX,Canada,XTSE,DSG,DSG.TO,DERIVED_RULE,DSG.TO,DERIVED_RULE,CARRY_FORWARD,False,,,,,,,,False,False,False
WS:XTSE:DSV,Discovery Mining Ltd.,CA_TSX,Canada,XTSE,DSV,DSV.TO,DERIVED_RULE,DSV.TO,DERIVED_RULE,CARRY_FORWARD,False,,,,,,,,False,False,False
WS:XTSE:EDR,Endeavour Silver Corp.,CA_TSX,Canada,XTSE,EDR,EDR.TO,DERIVED_RULE,EDR.TO,DERIVED_RULE,CARRY_FORWARD,False,,,,,,,,False,False,False
WS:XTSE:EFN,Element Fleet Management Corp.,CA_TSX,Canada,XTSE,EFN,EFN.TO,DERIVED_RULE,EFN.TO,DERIVED_RULE,CARRY_FORWARD,False,,,,,,,,False,False,False
WS:XTSE:EFR,Energy Fuels Inc.,CA_TSX,Canada,XTSE,EFR,EFR.TO,DERIVED_RULE,EFR.TO,DERIVED_RULE,CARRY_FORWARD,False,,,,,,,,False,False,False
WS:XTSE:EFX,Enerflex Ltd.,CA_TSX,Canada,XTSE,EFX,EFX.TO,DERIVED_RULE,EFX.TO,DERIVED_RULE,CARRY_FORWARD,False,,,,,,,,False,False,False
WS:XTSE:EIF,Exchange Income Corporation,CA_TSX,Canada,XTSE,EIF,EIF.TO,DERIVED_RULE,EIF.TO,DERIVED_RULE,CARRY_FORWARD,False,,,,,,,,False,False,False
WS:XTSE:ELD,Eldorado Gold Corporation,CA_TSX,Canada,XTSE,ELD,ELD.TO,DERIVED_RULE,ELD.TO,DERIVED_RULE,CARRY_FORWARD,False,,,,,,,,False,False,False
WS:XTSE:EMA,Emera Incorporated,CA_TSX,Canada,XTSE,EMA,EMA.TO,DERIVED_RULE,EMA.TO,DERIVED_RULE,CARRY_FORWARD,False,,,,,,,,False,False,False
WS:XTSE:EMP.A,Empire Company Limited Non-Voting Class A Shares,CA_TSX,Canada,XTSE,EMP.A,EMP-A.TO,DERIVED_RULE_NORMALIZED,EMP-A.TO,DERIVED_RULE_NORMALIZED,CARRY_FORWARD,False,,,,,,,,False,False,False
WS:XTSE:ENB,Enbridge Inc.,CA_TSX,Canada,XTSE,ENB,ENB.TO,DERIVED_RULE,ENB.TO,DERIVED_RULE,CARRY_FORWARD,False,,,,,,,,False,False,False
WS:XTSE:EQB,EQB Inc.,CA_TSX,Canada,XTSE,EQB,EQB.TO,DERIVED_RULE,EQB.TO,DERIVED_RULE,CARRY_FORWARD,False,,,,,,,,False,False,False
WS:XTSE:EQX,Equinox Gold Corp.,CA_TSX,Canada,XTSE,EQX,EQX.TO,DERIVED_RULE,EQX.TO,DERIVED_RULE,CARRY_FORWARD,False,,,,,,,,False,False,False
WS:XTSE:ERO,Ero Copper Corp.,CA_TSX,Canada,XTSE,ERO,ERO.TO,DERIVED_RULE,ERO.TO,DERIVED_RULE,CARRY_FORWARD,False,,,,,,,,False,False,False
WS:XTSE:EXE,Extendicare Inc.,CA_TSX,Canada,XTSE,EXE,EXE.TO,DERIVED_RULE,EXE.TO,DERIVED_RULE,CARRY_FORWARD,False,,,,,,,,False,False,False
WS:XTSE:FCR.UN,First Capital Real Estate Investment Trust,CA_TSX,Canada,XTSE,FCR.UN,FCR-UN.TO,DERIVED_RULE_NORMALIZED,FCR-UN.TO,DERIVED_RULE_NORMALIZED,CARRY_FORWARD,False,,,,,,,,False,False,False
WS:XTSE:FFH,Fairfax Financial Holdings Limited Subordinate Voting Shares,CA_TSX,Canada,XTSE,FFH,FFH.TO,DERIVED_RULE,FFH.TO,DERIVED_RULE,CARRY_FORWARD,False,,,,,,,,False,False,False
WS:XTSE:FM,First Quantum Minerals Ltd.,CA_TSX,Canada,XTSE,FM,FM.TO,DERIVED_RULE,FM.TO,DERIVED_RULE,CARRY_FORWARD,False,,,,,,,,False,False,False
WS:XTSE:FNV,Franco-Nevada Corporation,CA_TSX,Canada,XTSE,FNV,FNV.TO,DERIVED_RULE,FNV.TO,DERIVED_RULE,CARRY_FORWARD,False,,,,,,,,False,False,False
WS:XTSE:FRU,Freehold Royalties Ltd.,CA_TSX,Canada,XTSE,FRU,FRU.TO,DERIVED_RULE,FRU.TO,DERIVED_RULE,CARRY_FORWARD,False,,,,,,,,False,False,False
WS:XTSE:FSV,FirstService Corporation,CA_TSX,Canada,XTSE,FSV,FSV.TO,DERIVED_RULE,FSV.TO,DERIVED_RULE,CARRY_FORWARD,False,,,,,,,,False,False,False
WS:XTSE:FTS,Fortis Inc.,CA_TSX,Canada,XTSE,FTS,FTS.TO,DERIVED_RULE,FTS.TO,DERIVED_RULE,CARRY_FORWARD,False,,,,,,,,False,False,False
WS:XTSE:FTT,Finning International Inc.,CA_TSX,Canada,XTSE,FTT,FTT.TO,DERIVED_RULE,FTT.TO,DERIVED_RULE,CARRY_FORWARD,False,,,,,,,,False,False,False
WS:XTSE:FVI,Fortuna Mining Corp.,CA_TSX,Canada,XTSE,FVI,FVI.TO,DERIVED_RULE,FVI.TO,DERIVED_RULE,CARRY_FORWARD,False,,,,,,,,False,False,False
WS:XTSE:GEI,Gibson Energy Inc.,CA_TSX,Canada,XTSE,GEI,GEI.TO,DERIVED_RULE,GEI.TO,DERIVED_RULE,CARRY_FORWARD,False,,,,,,,,False,False,False
WS:XTSE:GFL,GFL Environmental Inc. subordinate voting shares,CA_TSX,Canada,XTSE,GFL,GFL.TO,DERIVED_RULE,GFL.TO,DERIVED_RULE,CARRY_FORWARD,False,,,,,,,,False,False,False
WS:XTSE:GIB.A,CGI Inc. Class A Subordinate Voting Shares,CA_TSX,Canada,XTSE,GIB.A,GIB-A.TO,DERIVED_RULE_NORMALIZED,GIB-A.TO,DERIVED_RULE_NORMALIZED,CARRY_FORWARD,False,,,,,,,,False,False,False
WS:XTSE:GIL,Gildan Activewear Inc.,CA_TSX,Canada,XTSE,GIL,GIL.TO,DERIVED_RULE,GIL.TO,DERIVED_RULE,CARRY_FORWARD,False,,,,,,,,False,False,False
WS:XTSE:GMIN,G Mining Ventures Corp.,CA_TSX,Canada,XTSE,GMIN,GMIN.TO,DERIVED_RULE,GMIN.TO,DERIVED_RULE,CARRY_FORWARD,False,,,,,,,,False,False,False
WS:XTSE:GRT.UN,Granite Real Estate Investment Trust,CA_TSX,Canada,XTSE,GRT.UN,GRT-UN.TO,DERIVED_RULE_NORMALIZED,GRT-UN.TO,DERIVED_RULE_NORMALIZED,CARRY_FORWARD,False,,,,,,,,False,False,False
WS:XTSE:GWO,Great-West Lifeco Inc.,CA_TSX,Canada,XTSE,GWO,GWO.TO,DERIVED_RULE,GWO.TO,DERIVED_RULE,CARRY_FORWARD,False,,,,,,,,False,False,False
WS:XTSE:H,Hydro One Limited,CA_TSX,Canada,XTSE,H,H.TO,DERIVED_RULE,H.TO,DERIVED_RULE,CARRY_FORWARD,False,,,,,,,,False,False,False
WS:XTSE:HBM,Hudbay Minerals Inc.,CA_TSX,Canada,XTSE,HBM,HBM.TO,DERIVED_RULE,HBM.TO,DERIVED_RULE,CARRY_FORWARD,False,,,,,,,,False,False,False
WS:XTSE:HPS.A,Hammond Power Solutions Inc. Class A Subordinate Voting Shares,CA_TSX,Canada,XTSE,HPS.A,HPS-A.TO,DERIVED_RULE_NORMALIZED,HPS-A.TO,DERIVED_RULE_NORMALIZED,CARRY_FORWARD,False,,,,,,,,False,False,False
WS:XTSE:HR.UN,H&R Real Estate Investment Trust,CA_TSX,Canada,XTSE,HR.UN,HR-UN.TO,DERIVED_RULE_NORMALIZED,HR-UN.TO,DERIVED_RULE_NORMALIZED,CARRY_FORWARD,False,,,,,,,,False,False,False
WS:XTSE:HWX,Headwater Exploration Inc.,CA_TSX,Canada,XTSE,HWX,HWX.TO,DERIVED_RULE,HWX.TO,DERIVED_RULE,CARRY_FORWARD,False,,,,,,,,False,False,False
WS:XTSE:IAG,iA Financial Corporation Inc.,CA_TSX,Canada,XTSE,IAG,IAG.TO,DERIVED_RULE,IAG.TO,DERIVED_RULE,CARRY_FORWARD,False,,,,,,,,False,False,False
WS:XTSE:IAU,i-80 Gold Corp.,CA_TSX,Canada,XTSE,IAU,IAU.TO,DERIVED_RULE,IAU.TO,DERIVED_RULE,CARRY_FORWARD,False,,,,,,,,False,False,False
WS:XTSE:IFC,Intact Financial Corporation,CA_TSX,Canada,XTSE,IFC,IFC.TO,DERIVED_RULE,IFC.TO,DERIVED_RULE,CARRY_FORWARD,False,,,,,,,,False,False,False
WS:XTSE:IGM,IGM Financial Inc.,CA_TSX,Canada,XTSE,IGM,IGM.TO,DERIVED_RULE,IGM.TO,DERIVED_RULE,CARRY_FORWARD,False,,,,,,,,False,False,False
WS:XTSE:IMG,IAMGOLD Corporation,CA_TSX,Canada,XTSE,IMG,IMG.TO,DERIVED_RULE,IMG.TO,DERIVED_RULE,CARRY_FORWARD,False,,,,,,,,False,False,False
WS:XTSE:IMO,Imperial Oil Limited,CA_TSX,Canada,XTSE,IMO,IMO.TO,DERIVED_RULE,IMO.TO,DERIVED_RULE,CARRY_FORWARD,False,,,,,,,,False,False,False
WS:XTSE:IPCO,International Petroleum Corporation,CA_TSX,Canada,XTSE,IPCO,IPCO.TO,DERIVED_RULE,IPCO.TO,DERIVED_RULE,CARRY_FORWARD,False,,,,,,,,False,False,False
WS:XTSE:IVN,Ivanhoe Mines Ltd.,CA_TSX,Canada,XTSE,IVN,IVN.TO,DERIVED_RULE,IVN.TO,DERIVED_RULE,CARRY_FORWARD,False,,,,,,,,False,False,False
WS:XTSE:JWEL,Jamieson Wellness Inc.,CA_TSX,Canada,XTSE,JWEL,JWEL.TO,DERIVED_RULE,JWEL.TO,DERIVED_RULE,CARRY_FORWARD,False,,,,,,,,False,False,False
WS:XTSE:K,Kinross Gold Corporation,CA_TSX,Canada,XTSE,K,K.TO,DERIVED_RULE,K.TO,DERIVED_RULE,CARRY_FORWARD,False,,,,,,,,False,False,False
WS:XTSE:KEL,Kelt Exploration Ltd.,CA_TSX,Canada,XTSE,KEL,KEL.TO,DERIVED_RULE,KEL.TO,DERIVED_RULE,CARRY_FORWARD,False,,,,,,,,False,False,False
WS:XTSE:KEY,Keyera Corp.,CA_TSX,Canada,XTSE,KEY,KEY.TO,DERIVED_RULE,KEY.TO,DERIVED_RULE,CARRY_FORWARD,False,,,,,,,,False,False,False
WS:XTSE:KMP.UN,Killam Apartment Real Estate Investment Trust,CA_TSX,Canada,XTSE,KMP.UN,KMP-UN.TO,DERIVED_RULE_NORMALIZED,KMP-UN.TO,DERIVED_RULE_NORMALIZED,CARRY_FORWARD,False,,,,,,,,False,False,False
WS:XTSE:KNT,K92 Mining Inc.,CA_TSX,Canada,XTSE,KNT,KNT.TO,DERIVED_RULE,KNT.TO,DERIVED_RULE,CARRY_FORWARD,False,,,,,,,,False,False,False
WS:XTSE:KXS,Kinaxis Inc.,CA_TSX,Canada,XTSE,KXS,KXS.TO,DERIVED_RULE,KXS.TO,DERIVED_RULE,CARRY_FORWARD,False,,,,,,,,False,False,False
WS:XTSE:L,Loblaw Companies Limited,CA_TSX,Canada,XTSE,L,L.TO,DERIVED_RULE,L.TO,DERIVED_RULE,CARRY_FORWARD,False,,,,,,,,False,False,False
WS:XTSE:LAC,Lithium Americas Corp.,CA_TSX,Canada,XTSE,LAC,LAC.TO,DERIVED_RULE,LAC.TO,DERIVED_RULE,CARRY_FORWARD,False,,,,,,,,False,False,False
WS:XTSE:LB,Laurentian Bank of Canada,CA_TSX,Canada,XTSE,LB,LB.TO,DERIVED_RULE,LB.TO,DERIVED_RULE,CARRY_FORWARD,False,,,,,,,,False,False,False
WS:XTSE:LIF,Labrador Iron Ore Royalty Corporation,CA_TSX,Canada,XTSE,LIF,LIF.TO,DERIVED_RULE,LIF.TO,DERIVED_RULE,CARRY_FORWARD,False,,,,,,,,False,False,False
WS:XTSE:LNR,Linamar Corporation,CA_TSX,Canada,XTSE,LNR,LNR.TO,DERIVED_RULE,LNR.TO,DERIVED_RULE,CARRY_FORWARD,False,,,,,,,,False,False,False
WS:XTSE:LSPD,Lightspeed Commerce Inc. Subordinate Voting Shares,CA_TSX,Canada,XTSE,LSPD,LSPD.TO,DERIVED_RULE,LSPD.TO,DERIVED_RULE,CARRY_FORWARD,False,,,,,,,,False,False,False
WS:XTSE:LUG,Lundin Gold Inc.,CA_TSX,Canada,XTSE,LUG,LUG.TO,DERIVED_RULE,LUG.TO,DERIVED_RULE,CARRY_FORWARD,False,,,,,,,,False,False,False
WS:XTSE:LUN,Lundin Mining Corporation,CA_TSX,Canada,XTSE,LUN,LUN.TO,DERIVED_RULE,LUN.TO,DERIVED_RULE,CARRY_FORWARD,False,,,,,,,,False,False,False
WS:XTSE:MAU,Montage Gold Corp.,CA_TSX,Canada,XTSE,MAU,MAU.TO,DERIVED_RULE,MAU.TO,DERIVED_RULE,CARRY_FORWARD,False,,,,,,,,False,False,False
WS:XTSE:MDA,MDA Space Ltd.,CA_TSX,Canada,XTSE,MDA,MDA.TO,DERIVED_RULE,MDA.TO,DERIVED_RULE,CARRY_FORWARD,False,,,,,,,,False,False,False
WS:XTSE:MFC,Manulife Financial Corporation,CA_TSX,Canada,XTSE,MFC,MFC.TO,DERIVED_RULE,MFC.TO,DERIVED_RULE,CARRY_FORWARD,False,,,,,,,,False,False,False
WS:XTSE:MFI,Maple Leaf Foods Inc.,CA_TSX,Canada,XTSE,MFI,MFI.TO,DERIVED_RULE,MFI.TO,DERIVED_RULE,CARRY_FORWARD,False,,,,,,,,False,False,False
WS:XTSE:MG,Magna International Inc.,CA_TSX,Canada,XTSE,MG,MG.TO,DERIVED_RULE,MG.TO,DERIVED_RULE,CARRY_FORWARD,False,,,,,,,,False,False,False
WS:XTSE:MRU,Metro Inc.,CA_TSX,Canada,XTSE,MRU,MRU.TO,DERIVED_RULE,MRU.TO,DERIVED_RULE,CARRY_FORWARD,False,,,,,,,,False,False,False
WS:XTSE:MTL,Mullen Group Ltd.,CA_TSX,Canada,XTSE,MTL,MTL.TO,DERIVED_RULE,MTL.TO,DERIVED_RULE,CARRY_FORWARD,False,,,,,,,,False,False,False
WS:XTSE:MX,Methanex Corporation,CA_TSX,Canada,XTSE,MX,MX.TO,DERIVED_RULE,MX.TO,DERIVED_RULE,CARRY_FORWARD,False,,,,,,,,False,False,False
WS:XTSE:NA,National Bank of Canada,CA_TSX,Canada,XTSE,NA,,SEARCH_AMBIGUOUS,NA.TO,MARKET_RULE_VERIFIED_CA_NA,CA_LEGITIMATE_NA_TICKER,True,CANONICAL_WS_ID_PLUS_MIC_RULE,,,,,,,False,False,False
WS:XTSE:NFI,NFI Group Inc.,CA_TSX,Canada,XTSE,NFI,NFI.TO,DERIVED_RULE,NFI.TO,DERIVED_RULE,CARRY_FORWARD,False,,,,,,,,False,False,False
WS:XTSE:NG,NovaGold Resources Inc.,CA_TSX,Canada,XTSE,NG,NG.TO,DERIVED_RULE,NG.TO,DERIVED_RULE,CARRY_FORWARD,False,,,,,,,,False,False,False
WS:XTSE:NGEX,NGEx Minerals Ltd.,CA_TSX,Canada,XTSE,NGEX,NGEX.TO,DERIVED_RULE,NGEX.TO,DERIVED_RULE,CARRY_FORWARD,False,,,,,,,,False,False,False
WS:XTSE:NPI,Northland Power Inc.,CA_TSX,Canada,XTSE,NPI,NPI.TO,DERIVED_RULE,NPI.TO,DERIVED_RULE,CARRY_FORWARD,False,,,,,,,,False,False,False
WS:XTSE:NTR,Nutrien Ltd.,CA_TSX,Canada,XTSE,NTR,NTR.TO,DERIVED_RULE,NTR.TO,DERIVED_RULE,CARRY_FORWARD,False,,,,,,,,False,False,False
WS:XTSE:NWC,North West Company Inc. (The),CA_TSX,Canada,XTSE,NWC,NWC.TO,DERIVED_RULE,NWC.TO,DERIVED_RULE,CARRY_FORWARD,False,,,,,,,,False,False,False
WS:XTSE:NXE,NexGen Energy Ltd.,CA_TSX,Canada,XTSE,NXE,NXE.TO,DERIVED_RULE,NXE.TO,DERIVED_RULE,CARRY_FORWARD,False,,,,,,,,False,False,False
WS:XTSE:OGC,OceanaGold Corporation,CA_TSX,Canada,XTSE,OGC,OGC.TO,DERIVED_RULE,OGC.TO,DERIVED_RULE,CARRY_FORWARD,False,,,,,,,,False,False,False
WS:XTSE:ONEX,ONEX Corporation Subordinate Voting Shares,CA_TSX,Canada,XTSE,ONEX,ONEX.TO,DERIVED_RULE,ONEX.TO,DERIVED_RULE,CARRY_FORWARD,False,,,,,,,,False,False,False
WS:XTSE:OR,OR Royalties Inc.,CA_TSX,Canada,XTSE,OR,OR.TO,DERIVED_RULE,OR.TO,DERIVED_RULE,CARRY_FORWARD,False,,,,,,,,False,False,False
WS:XTSE:OTEX,Open Text Corporation,CA_TSX,Canada,XTSE,OTEX,OTEX.TO,DERIVED_RULE,OTEX.TO,DERIVED_RULE,CARRY_FORWARD,False,,,,,,,,False,False,False
WS:XTSE:PAAS,Pan American Silver Corp.,CA_TSX,Canada,XTSE,PAAS,PAAS.TO,DERIVED_RULE,PAAS.TO,DERIVED_RULE,CARRY_FORWARD,False,,,,,,,,False,False,False
WS:XTSE:PBH,Premium Brands Holdings Corporation,CA_TSX,Canada,XTSE,PBH,PBH.TO,DERIVED_RULE,PBH.TO,DERIVED_RULE,CARRY_FORWARD,False,,,,,,,,False,False,False
WS:XTSE:PEY,Peyto Exploration & Development Corp.,CA_TSX,Canada,XTSE,PEY,PEY.TO,DERIVED_RULE,PEY.TO,DERIVED_RULE,CARRY_FORWARD,False,,,,,,,,False,False,False
WS:XTSE:PMZ.UN,Primaris Real Estate Investment Trust,CA_TSX,Canada,XTSE,PMZ.UN,PMZ-UN.TO,DERIVED_RULE_NORMALIZED,PMZ-UN.TO,DERIVED_RULE_NORMALIZED,CARRY_FORWARD,False,,,,,,,,False,False,False
WS:XTSE:POU,Paramount Resources Ltd. Class A Common Shares,CA_TSX,Canada,XTSE,POU,POU.TO,DERIVED_RULE,POU.TO,DERIVED_RULE,CARRY_FORWARD,False,,,,,,,,False,False,False
WS:XTSE:POW,Power Corporation of Canada Subordinate Voting Shares,CA_TSX,Canada,XTSE,POW,POW.TO,DERIVED_RULE,POW.TO,DERIVED_RULE,CARRY_FORWARD,False,,,,,,,,False,False,False
WS:XTSE:PPL,Pembina Pipeline Corporation,CA_TSX,Canada,XTSE,PPL,PPL.TO,DERIVED_RULE,PPL.TO,DERIVED_RULE,CARRY_FORWARD,False,,,,,,,,False,False,False
WS:XTSE:PPTA,Perpetua Resources Corp.,CA_TSX,Canada,XTSE,PPTA,PPTA.TO,DERIVED_RULE,PPTA.TO,DERIVED_RULE,CARRY_FORWARD,False,,,,,,,,False,False,False
WS:XTSE:PSK,PrairieSky Royalty Ltd.,CA_TSX,Canada,XTSE,PSK,PSK.TO,DERIVED_RULE,PSK.TO,DERIVED_RULE,CARRY_FORWARD,False,,,,,,,,False,False,False
WS:XTSE:PXT,Parex Resources Inc.,CA_TSX,Canada,XTSE,PXT,PXT.TO,DERIVED_RULE,PXT.TO,DERIVED_RULE,CARRY_FORWARD,False,,,,,,,,False,False,False
WS:XTSE:QBR.B,Quebecor Inc. Class B Subordinate Voting Shares,CA_TSX,Canada,XTSE,QBR.B,QBR-B.TO,DERIVED_RULE_NORMALIZED,QBR-B.TO,DERIVED_RULE_NORMALIZED,CARRY_FORWARD,False,,,,,,,,False,False,False
WS:XTSE:QSR,Restaurant Brands International Inc.,CA_TSX,Canada,XTSE,QSR,QSR.TO,DERIVED_RULE,QSR.TO,DERIVED_RULE,CARRY_FORWARD,False,,,,,,,,False,False,False
WS:XTSE:RBA,RB Global Inc.,CA_TSX,Canada,XTSE,RBA,RBA.TO,DERIVED_RULE,RBA.TO,DERIVED_RULE,CARRY_FORWARD,False,,,,,,,,False,False,False
WS:XTSE:RCH,Richelieu Hardware Ltd.,CA_TSX,Canada,XTSE,RCH,RCH.TO,DERIVED_RULE,RCH.TO,DERIVED_RULE,CARRY_FORWARD,False,,,,,,,,False,False,False
WS:XTSE:RCI.B,Rogers Communications Inc. Class B Non-voting Shares,CA_TSX,Canada,XTSE,RCI.B,RCI-B.TO,DERIVED_RULE_NORMALIZED,RCI-B.TO,DERIVED_RULE_NORMALIZED,CARRY_FORWARD,False,,,,,,,,False,False,False
WS:XTSE:REI.UN,RioCan Real Estate Investment Trust,CA_TSX,Canada,XTSE,REI.UN,REI-UN.TO,DERIVED_RULE_NORMALIZED,REI-UN.TO,DERIVED_RULE_NORMALIZED,CARRY_FORWARD,False,,,,,,,,False,False,False
WS:XTSE:RUS,Russel Metals Inc.,CA_TSX,Canada,XTSE,RUS,RUS.TO,DERIVED_RULE,RUS.TO,DERIVED_RULE,CARRY_FORWARD,False,,,,,,,,False,False,False
WS:XTSE:RY,Royal Bank of Canada,CA_TSX,Canada,XTSE,RY,RY.TO,DERIVED_RULE,RY.TO,DERIVED_RULE,CARRY_FORWARD,False,,,,,,,,False,False,False
WS:XTSE:SAP,Saputo Inc.,CA_TSX,Canada,XTSE,SAP,SAP.TO,DERIVED_RULE,SAP.TO,DERIVED_RULE,CARRY_FORWARD,False,,,,,,,,False,False,False
WS:XTSE:SCR,Strathcona Resources Ltd.,CA_TSX,Canada,XTSE,SCR,SCR.TO,DERIVED_RULE,SCR.TO,DERIVED_RULE,CARRY_FORWARD,False,,,,,,,,False,False,False
WS:XTSE:SDE,Spartan Delta Corp.,CA_TSX,Canada,XTSE,SDE,SDE.TO,DERIVED_RULE,SDE.TO,DERIVED_RULE,CARRY_FORWARD,False,,,,,,,,False,False,False
WS:XTSE:SEA,Seabridge Gold Inc.,CA_TSX,Canada,XTSE,SEA,SEA.TO,DERIVED_RULE,SEA.TO,DERIVED_RULE,CARRY_FORWARD,False,,,,,,,,False,False,False
WS:XTSE:SES,Secure Waste Infrastructure Corp.,CA_TSX,Canada,XTSE,SES,SES.TO,DERIVED_RULE,SES.TO,DERIVED_RULE,CARRY_FORWARD,False,,,,,,,,False,False,False
WS:XTSE:SHOP,Shopify Inc. Class A Subordinate Voting Shares,CA_TSX,Canada,XTSE,SHOP,SHOP.TO,DERIVED_RULE,SHOP.TO,DERIVED_RULE,CARRY_FORWARD,False,,,,,,,,False,False,False
WS:XTSE:SIA,Sienna Senior Living Inc.,CA_TSX,Canada,XTSE,SIA,SIA.TO,DERIVED_RULE,SIA.TO,DERIVED_RULE,CARRY_FORWARD,False,,,,,,,,False,False,False
WS:XTSE:SII,Sprott Inc.,CA_TSX,Canada,XTSE,SII,SII.TO,DERIVED_RULE,SII.TO,DERIVED_RULE,CARRY_FORWARD,False,,,,,,,,False,False,False
WS:XTSE:SJ,Stella-Jones Inc.,CA_TSX,Canada,XTSE,SJ,SJ.TO,DERIVED_RULE,SJ.TO,DERIVED_RULE,CARRY_FORWARD,False,,,,,,,,False,False,False
WS:XTSE:SKE,Skeena Resources Limited,CA_TSX,Canada,XTSE,SKE,SKE.TO,DERIVED_RULE,SKE.TO,DERIVED_RULE,CARRY_FORWARD,False,,,,,,,,False,False,False
WS:XTSE:SLF,Sun Life Financial Inc.,CA_TSX,Canada,XTSE,SLF,SLF.TO,DERIVED_RULE,SLF.TO,DERIVED_RULE,CARRY_FORWARD,False,,,,,,,,False,False,False
WS:XTSE:SOBO,South Bow Corporation,CA_TSX,Canada,XTSE,SOBO,SOBO.TO,DERIVED_RULE,SOBO.TO,DERIVED_RULE,CARRY_FORWARD,False,,,,,,,,False,False,False
WS:XTSE:SPB,Superior Plus Corp.,CA_TSX,Canada,XTSE,SPB,SPB.TO,DERIVED_RULE,SPB.TO,DERIVED_RULE,CARRY_FORWARD,False,,,,,,,,False,False,False
WS:XTSE:SRU.UN,SmartCentres Real Estate Investment Trust,CA_TSX,Canada,XTSE,SRU.UN,SRU-UN.TO,DERIVED_RULE_NORMALIZED,SRU-UN.TO,DERIVED_RULE_NORMALIZED,CARRY_FORWARD,False,,,,,,,,False,False,False
WS:XTSE:SSRM,SSR Mining Inc.,CA_TSX,Canada,XTSE,SSRM,SSRM.TO,DERIVED_RULE,SSRM.TO,DERIVED_RULE,CARRY_FORWARD,False,,,,,,,,False,False,False
WS:XTSE:STN,Stantec Inc.,CA_TSX,Canada,XTSE,STN,STN.TO,DERIVED_RULE,STN.TO,DERIVED_RULE,CARRY_FORWARD,False,,,,,,,,False,False,False
WS:XTSE:SU,Suncor Energy Inc.,CA_TSX,Canada,XTSE,SU,SU.TO,DERIVED_RULE,SU.TO,DERIVED_RULE,CARRY_FORWARD,False,,,,,,,,False,False,False
WS:XTSE:SVM,Silvercorp Metals Inc.,CA_TSX,Canada,XTSE,SVM,SVM.TO,DERIVED_RULE,SVM.TO,DERIVED_RULE,CARRY_FORWARD,False,,,,,,,,False,False,False
WS:XTSE:SXGC,Southern Cross Gold Consolidated Ltd.,CA_TSX,Canada,XTSE,SXGC,SXGC.TO,DERIVED_RULE,SXGC.TO,DERIVED_RULE,CARRY_FORWARD,False,,,,,,,,False,False,False
WS:XTSE:T,TELUS Corporation,CA_TSX,Canada,XTSE,T,T.TO,DERIVED_RULE,T.TO,DERIVED_RULE,CARRY_FORWARD,False,,,,,,,,False,False,False
WS:XTSE:TA,TransAlta Corporation,CA_TSX,Canada,XTSE,TA,TA.TO,DERIVED_RULE,TA.TO,DERIVED_RULE,CARRY_FORWARD,False,,,,,,,,False,False,False
WS:XTSE:TD,Toronto-Dominion Bank (The),CA_TSX,Canada,XTSE,TD,TD.TO,DERIVED_RULE,TD.TO,DERIVED_RULE,CARRY_FORWARD,False,,,,,,,,False,False,False
WS:XTSE:TECK.B,Teck Resources Limited Class B Subordinate Voting Shares,CA_TSX,Canada,XTSE,TECK.B,TECK-B.TO,DERIVED_RULE_NORMALIZED,TECK-B.TO,DERIVED_RULE_NORMALIZED,CARRY_FORWARD,False,,,,,,,,False,False,False
WS:XTSE:TFII,TFI International Inc.,CA_TSX,Canada,XTSE,TFII,TFII.TO,DERIVED_RULE,TFII.TO,DERIVED_RULE,CARRY_FORWARD,False,,,,,,,,False,False,False
WS:XTSE:TFPM,Triple Flag Precious Metals Corp.,CA_TSX,Canada,XTSE,TFPM,TFPM.TO,DERIVED_RULE,TFPM.TO,DERIVED_RULE,CARRY_FORWARD,False,,,,,,,,False,False,False
WS:XTSE:TIH,Toromont Industries Ltd.,CA_TSX,Canada,XTSE,TIH,TIH.TO,DERIVED_RULE,TIH.TO,DERIVED_RULE,CARRY_FORWARD,False,,,,,,,,False,False,False
WS:XTSE:TKO,Trekor Metals Limited,CA_TSX,Canada,XTSE,TKO,TKO.TO,DERIVED_RULE,TKO.TO,DERIVED_RULE,CARRY_FORWARD,False,,,,,,,,False,False,False
WS:XTSE:TOU,Tourmaline Oil Corp.,CA_TSX,Canada,XTSE,TOU,TOU.TO,DERIVED_RULE,TOU.TO,DERIVED_RULE,CARRY_FORWARD,False,,,,,,,,False,False,False
WS:XTSE:TPZ,Topaz Energy Corp.,CA_TSX,Canada,XTSE,TPZ,TPZ.TO,DERIVED_RULE,TPZ.TO,DERIVED_RULE,CARRY_FORWARD,False,,,,,,,,False,False,False
WS:XTSE:TRI,Thomson Reuters Corporation,CA_TSX,Canada,XTSE,TRI,TRI.TO,DERIVED_RULE,TRI.TO,DERIVED_RULE,CARRY_FORWARD,False,,,,,,,,False,False,False
WS:XTSE:TRP,TC Energy Corporation,CA_TSX,Canada,XTSE,TRP,TRP.TO,DERIVED_RULE,TRP.TO,DERIVED_RULE,CARRY_FORWARD,False,,,,,,,,False,False,False
WS:XTSE:TSU,Trisura Group Ltd.,CA_TSX,Canada,XTSE,TSU,TSU.TO,DERIVED_RULE,TSU.TO,DERIVED_RULE,CARRY_FORWARD,False,,,,,,,,False,False,False
WS:XTSE:TVE,Tamarack Valley Energy Ltd.,CA_TSX,Canada,XTSE,TVE,TVE.TO,DERIVED_RULE,TVE.TO,DERIVED_RULE,CARRY_FORWARD,False,,,,,,,,False,False,False
WS:XTSE:TVK,TerraVest Industries Inc.,CA_TSX,Canada,XTSE,TVK,TVK.TO,DERIVED_RULE,TVK.TO,DERIVED_RULE,CARRY_FORWARD,False,,,,,,,,False,False,False
WS:XTSE:TXG,Torex Gold Resources Inc.,CA_TSX,Canada,XTSE,TXG,TXG.TO,DERIVED_RULE,TXG.TO,DERIVED_RULE,CARRY_FORWARD,False,,,,,,,,False,False,False
WS:XTSE:USA,Americas Gold and Silver Corporation,CA_TSX,Canada,XTSE,USA,USA.TO,DERIVED_RULE,USA.TO,DERIVED_RULE,CARRY_FORWARD,False,,,,,,,,False,False,False
WS:XTSE:VET,Vermilion Energy Inc.,CA_TSX,Canada,XTSE,VET,VET.TO,DERIVED_RULE,VET.TO,DERIVED_RULE,CARRY_FORWARD,False,,,,,,,,False,False,False
WS:XTSE:VNP,5N Plus Inc.,CA_TSX,Canada,XTSE,VNP,VNP.TO,DERIVED_RULE,VNP.TO,DERIVED_RULE,CARRY_FORWARD,False,,,,,,,,False,False,False
WS:XTSE:VZLA,Vizsla Silver Corp.,CA_TSX,Canada,XTSE,VZLA,VZLA.TO,DERIVED_RULE,VZLA.TO,DERIVED_RULE,CARRY_FORWARD,False,,,,,,,,False,False,False
WS:XTSE:WCN,Waste Connections Inc.,CA_TSX,Canada,XTSE,WCN,WCN.TO,DERIVED_RULE,WCN.TO,DERIVED_RULE,CARRY_FORWARD,False,,,,,,,,False,False,False
WS:XTSE:WCP,Whitecap Resources Inc.,CA_TSX,Canada,XTSE,WCP,WCP.TO,DERIVED_RULE,WCP.TO,DERIVED_RULE,CARRY_FORWARD,False,,,,,,,,False,False,False
WS:XTSE:WDO,Wesdome Gold Mines Ltd.,CA_TSX,Canada,XTSE,WDO,WDO.TO,DERIVED_RULE,WDO.TO,DERIVED_RULE,CARRY_FORWARD,False,,,,,,,,False,False,False
WS:XTSE:WFG,West Fraser Timber Co. Ltd.,CA_TSX,Canada,XTSE,WFG,WFG.TO,DERIVED_RULE,WFG.TO,DERIVED_RULE,CARRY_FORWARD,False,,,,,,,,False,False,False
WS:XTSE:WN,George Weston Limited,CA_TSX,Canada,XTSE,WN,WN.TO,DERIVED_RULE,WN.TO,DERIVED_RULE,CARRY_FORWARD,False,,,,,,,,False,False,False
WS:XTSE:WPM,Wheaton Precious Metals Corp.,CA_TSX,Canada,XTSE,WPM,WPM.TO,DERIVED_RULE,WPM.TO,DERIVED_RULE,CARRY_FORWARD,False,,,,,,,,False,False,False
WS:XTSE:WSP,WSP Global Inc.,CA_TSX,Canada,XTSE,WSP,WSP.TO,DERIVED_RULE,WSP.TO,DERIVED_RULE,CARRY_FORWARD,False,,,,,,,,False,False,False
WS:XTSE:X,TMX Group Limited,CA_TSX,Canada,XTSE,X,X.TO,DERIVED_RULE,X.TO,DERIVED_RULE,CARRY_FORWARD,False,,,,,,,,False,False,False
WS:XSHE:000001,"Ping An Bank Co., Ltd.",CN_CSI300,China,XSHE,000001,000001.SZ,DERIVED_RULE,000001.SZ,DERIVED_RULE,CARRY_FORWARD,False,,,,,,,,False,False,False
WS:XSHE:000002,China Vanke Co Ltd,CN_CSI300,China,XSHE,000002,000002.SZ,DERIVED_RULE,000002.SZ,DERIVED_RULE,CARRY_FORWARD,False,,,,,,,,False,False,False
WS:XSHE:000063,ZTE Corporation,CN_CSI300,China,XSHE,000063,000063.SZ,DERIVED_RULE,000063.SZ,DERIVED_RULE,CARRY_FORWARD,False,,,,,,,,False,False,False
WS:XSHE:000100,TCL Technology Group Corporation,CN_CSI300,China,XSHE,000100,000100.SZ,DERIVED_RULE,000100.SZ,DERIVED_RULE,CARRY_FORWARD,False,,,,,,,,False,False,False
WS:XSHE:000157,Zoomlion Heavy Industry Science & Technology Co Ltd,CN_CSI300,China,XSHE,000157,000157.SZ,DERIVED_RULE,000157.SZ,DERIVED_RULE,CARRY_FORWARD,False,,,,,,,,False,False,False
WS:XSHE:000166,"Shenwan Hongyuan Group CO., LTD",CN_CSI300,China,XSHE,000166,000166.SZ,DERIVED_RULE,000166.SZ,DERIVED_RULE,CARRY_FORWARD,False,,,,,,,,False,False,False
WS:XSHE:000301,"Jiangsu Eastern Shenghong Co.,Ltd.",CN_CSI300,China,XSHE,000301,000301.SZ,DERIVED_RULE,000301.SZ,DERIVED_RULE,CARRY_FORWARD,False,,,,,,,,False,False,False
WS:XSHE:000333,"Midea Group CO., LTD",CN_CSI300,China,XSHE,000333,000333.SZ,DERIVED_RULE,000333.SZ,DERIVED_RULE,CARRY_FORWARD,False,,,,,,,,False,False,False
WS:XSHE:000338,Wei Chai Power Co Ltd,CN_CSI300,China,XSHE,000338,000338.SZ,DERIVED_RULE,000338.SZ,DERIVED_RULE,CARRY_FORWARD,False,,,,,,,,False,False,False
WS:XSHE:000408,ZANGGE MINING COMPANY LIMITED,CN_CSI300,China,XSHE,000408,000408.SZ,DERIVED_RULE,000408.SZ,DERIVED_RULE,CARRY_FORWARD,False,,,,,,,,False,False,False
WS:XSHE:000425,XCMG Construction Machinery Co Ltd,CN_CSI300,China,XSHE,000425,000425.SZ,DERIVED_RULE,000425.SZ,DERIVED_RULE,CARRY_FORWARD,False,,,,,,,,False,False,False
WS:XSHE:000538,"Yunnan Baiyao Group Co., Ltd.",CN_CSI300,China,XSHE,000538,000538.SZ,DERIVED_RULE,000538.SZ,DERIVED_RULE,CARRY_FORWARD,False,,,,,,,,False,False,False
WS:XSHE:000568,Luzhou Lao Jiao Co Ltd,CN_CSI300,China,XSHE,000568,000568.SZ,DERIVED_RULE,000568.SZ,DERIVED_RULE,CARRY_FORWARD,False,,,,,,,,False,False,False
WS:XSHE:000596,Anhui Gujing Distillery Co Ltd,CN_CSI300,China,XSHE,000596,000596.SZ,DERIVED_RULE,000596.SZ,DERIVED_RULE,CARRY_FORWARD,False,,,,,,,,False,False,False
WS:XSHE:000617,CNPC Capital Company Limited,CN_CSI300,China,XSHE,000617,000617.SZ,DERIVED_RULE,000617.SZ,DERIVED_RULE,CARRY_FORWARD,False,,,,,,,,False,False,False
WS:XSHE:000625,Chongqing Changan Automobile Co Ltd,CN_CSI300,China,XSHE,000625,000625.SZ,DERIVED_RULE,000625.SZ,DERIVED_RULE,CARRY_FORWARD,False,,,,,,,,False,False,False
WS:XSHE:000630,Tongling Nonferrous Metals Group Co. Ltd,CN_CSI300,China,XSHE,000630,000630.SZ,DERIVED_RULE,000630.SZ,DERIVED_RULE,CARRY_FORWARD,False,,,,,,,,False,False,False
WS:XSHE:000651,"Gree Electric Appliances,Inc. of Zhuhai",CN_CSI300,China,XSHE,000651,000651.SZ,DERIVED_RULE,000651.SZ,DERIVED_RULE,CARRY_FORWARD,False,,,,,,,,False,False,False
WS:XSHE:000657,China Tungsten and Hightech Materials Co Ltd,CN_CSI300,China,XSHE,000657,000657.SZ,DERIVED_RULE,000657.SZ,DERIVED_RULE,CARRY_FORWARD,False,,,,,,,,False,False,False
WS:XSHE:000708,"CITIC Pacific Special Steel Group Co., Ltd",CN_CSI300,China,XSHE,000708,000708.SZ,DERIVED_RULE,000708.SZ,DERIVED_RULE,CARRY_FORWARD,False,,,,,,,,False,False,False
WS:XSHE:000725,BOE Technology Group Co Ltd,CN_CSI300,China,XSHE,000725,000725.SZ,DERIVED_RULE,000725.SZ,DERIVED_RULE,CARRY_FORWARD,False,,,,,,,,False,False,False
WS:XSHE:000768,AVIC XI'AN AIRCRAFT INDUSTRY GROUP COMPANY LTD.,CN_CSI300,China,XSHE,000768,000768.SZ,DERIVED_RULE,000768.SZ,DERIVED_RULE,CARRY_FORWARD,False,,,,,,,,False,False,False
WS:XSHE:000776,"GF Securities Co., Ltd.",CN_CSI300,China,XSHE,000776,000776.SZ,DERIVED_RULE,000776.SZ,DERIVED_RULE,CARRY_FORWARD,False,,,,,,,,False,False,False
WS:XSHE:000792,Qinghai Salt Lake Industry Co Ltd,CN_CSI300,China,XSHE,000792,000792.SZ,DERIVED_RULE,000792.SZ,DERIVED_RULE,CARRY_FORWARD,False,,,,,,,,False,False,False
WS:XSHE:000807,Yunnan Aluminium Co Ltd,CN_CSI300,China,XSHE,000807,000807.SZ,DERIVED_RULE,000807.SZ,DERIVED_RULE,CARRY_FORWARD,False,,,,,,,,False,False,False
WS:XSHE:000858,Wuliangye Yibin Co Ltd,CN_CSI300,China,XSHE,000858,000858.SZ,DERIVED_RULE,000858.SZ,DERIVED_RULE,CARRY_FORWARD,False,,,,,,,,False,False,False
WS:XSHE:000895,Henan Shuanghui Investment & Development Co Ltd,CN_CSI300,China,XSHE,000895,000895.SZ,DERIVED_RULE,000895.SZ,DERIVED_RULE,CARRY_FORWARD,False,,,,,,,,False,False,False
WS:XSHE:000938,"Unisplendour Co., Ltd.",CN_CSI300,China,XSHE,000938,000938.SZ,DERIVED_RULE,000938.SZ,DERIVED_RULE,CARRY_FORWARD,False,,,,,,,,False,False,False
WS:XSHE:000963,Huadong Medicine Co Ltd,CN_CSI300,China,XSHE,000963,000963.SZ,DERIVED_RULE,000963.SZ,DERIVED_RULE,CARRY_FORWARD,False,,,,,,,,False,False,False
WS:XSHE:000975,"Shanjin International Gold Co.,Ltd.",CN_CSI300,China,XSHE,000975,000975.SZ,DERIVED_RULE,000975.SZ,DERIVED_RULE,CARRY_FORWARD,False,,,,,,,,False,False,False
WS:XSHE:000977,"Inspur Electronic Information Industry Co.,Ltd",CN_CSI300,China,XSHE,000977,000977.SZ,DERIVED_RULE,000977.SZ,DERIVED_RULE,CARRY_FORWARD,False,,,,,,,,False,False,False
WS:XSHE:000988,Huagong Tech Co Ltd,CN_CSI300,China,XSHE,000988,000988.SZ,DERIVED_RULE,000988.SZ,DERIVED_RULE,CARRY_FORWARD,False,,,,,,,,False,False,False
WS:XSHE:000999,China Resources Sanjiu Medical & Pharmaceutical Co Ltd,CN_CSI300,China,XSHE,000999,000999.SZ,DERIVED_RULE,000999.SZ,DERIVED_RULE,CARRY_FORWARD,False,,,,,,,,False,False,False
WS:XSHE:001280,"China National Uranium Co., Ltd.",CN_CSI300,China,XSHE,001280,001280.SZ,DERIVED_RULE,001280.SZ,DERIVED_RULE,CARRY_FORWARD,False,,,,,,,,False,False,False
WS:XSHE:001391,"Air China Cargo Co., Ltd.",CN_CSI300,China,XSHE,001391,001391.SZ,DERIVED_RULE,001391.SZ,DERIVED_RULE,CARRY_FORWARD,False,,,,,,,,False,False,False
WS:XSHE:001965,"China Merchants Expressway Network Technology Holdings Co., Ltd.",CN_CSI300,China,XSHE,001965,001965.SZ,DERIVED_RULE,001965.SZ,DERIVED_RULE,CARRY_FORWARD,False,,,,,,,,False,False,False
WS:XSHE:001979,"CHINA MERCHANTS SHEKOU INDUSTRIAL ZONE HOLDINGS CO.,LTD",CN_CSI300,China,XSHE,001979,001979.SZ,DERIVED_RULE,001979.SZ,DERIVED_RULE,CARRY_FORWARD,False,,,,,,,,False,False,False
WS:XSHE:002001,Zhejiang NHU Co Ltd,CN_CSI300,China,XSHE,002001,002001.SZ,DERIVED_RULE,002001.SZ,DERIVED_RULE,CARRY_FORWARD,False,,,,,,,,False,False,False
WS:XSHE:002027,"Focus Media Information Technology Co., Ltd.",CN_CSI300,China,XSHE,002027,002027.SZ,DERIVED_RULE,002027.SZ,DERIVED_RULE,CARRY_FORWARD,False,,,,,,,,False,False,False
WS:XSHE:002028,"Siyuan Electric Co., Ltd.",CN_CSI300,China,XSHE,002028,002028.SZ,DERIVED_RULE,002028.SZ,DERIVED_RULE,CARRY_FORWARD,False,,,,,,,,False,False,False
WS:XSHE:002049,"Unigroup Guoxin Microelectronics Co., Ltd.",CN_CSI300,China,XSHE,002049,002049.SZ,DERIVED_RULE,002049.SZ,DERIVED_RULE,CARRY_FORWARD,False,,,,,,,,False,False,False
WS:XSHE:002050,"ZHEJIANG SANHUA INTELLIGENT CONTROLS CO.,LTD.",CN_CSI300,China,XSHE,002050,002050.SZ,DERIVED_RULE,002050.SZ,DERIVED_RULE,CARRY_FORWARD,False,,,,,,,,False,False,False
WS:XSHE:002074,"GUOXUAN HIGH-TECH CO.,LTD.",CN_CSI300,China,XSHE,002074,002074.SZ,DERIVED_RULE,002074.SZ,DERIVED_RULE,CARRY_FORWARD,False,,,,,,,,False,False,False
WS:XSHE:002142,Bank of Ningbo Co Ltd,CN_CSI300,China,XSHE,002142,002142.SZ,DERIVED_RULE,002142.SZ,DERIVED_RULE,CARRY_FORWARD,False,,,,,,,,False,False,False
WS:XSHE:002179,"Jonhon Optronic Technology Co.,Ltd",CN_CSI300,China,XSHE,002179,002179.SZ,DERIVED_RULE,002179.SZ,DERIVED_RULE,CARRY_FORWARD,False,,,,,,,,False,False,False
WS:XSHE:002202,"GOLDWIND SCIENCE & TECHNOLOGY CO.,LTD.",CN_CSI300,China,XSHE,002202,002202.SZ,DERIVED_RULE,002202.SZ,DERIVED_RULE,CARRY_FORWARD,False,,,,,,,,False,False,False
WS:XSHE:002230,"Iflytek Co.,Ltd.",CN_CSI300,China,XSHE,002230,002230.SZ,DERIVED_RULE,002230.SZ,DERIVED_RULE,CARRY_FORWARD,False,,,,,,,,False,False,False
WS:XSHE:002236,Zhejiang Dahua Technology Co Ltd,CN_CSI300,China,XSHE,002236,002236.SZ,DERIVED_RULE,002236.SZ,DERIVED_RULE,CARRY_FORWARD,False,,,,,,,,False,False,False
WS:XSHE:002241,GoerTek Inc,CN_CSI300,China,XSHE,002241,002241.SZ,DERIVED_RULE,002241.SZ,DERIVED_RULE,CARRY_FORWARD,False,,,,,,,,False,False,False
WS:XSHE:002304,Jiangsu Yanghe Brewery Joint-Stock Co Ltd,CN_CSI300,China,XSHE,002304,002304.SZ,DERIVED_RULE,002304.SZ,DERIVED_RULE,CARRY_FORWARD,False,,,,,,,,False,False,False
WS:XSHE:002311,Guangdong Haid Group Co Ltd,CN_CSI300,China,XSHE,002311,002311.SZ,DERIVED_RULE,002311.SZ,DERIVED_RULE,CARRY_FORWARD,False,,,,,,,,False,False,False
WS:XSHE:002352,"S.F. Holding Co., Ltd.",CN_CSI300,China,XSHE,002352,002352.SZ,DERIVED_RULE,002352.SZ,DERIVED_RULE,CARRY_FORWARD,False,,,,,,,,False,False,False
WS:XSHE:002353,Yantai Jereh Oilfield Services Group Co Ltd,CN_CSI300,China,XSHE,002353,002353.SZ,DERIVED_RULE,002353.SZ,DERIVED_RULE,CARRY_FORWARD,False,,,,,,,,False,False,False
WS:XSHE:002371,"NAURA Technology Group Co.,Ltd.",CN_CSI300,China,XSHE,002371,002371.SZ,DERIVED_RULE,002371.SZ,DERIVED_RULE,CARRY_FORWARD,False,,,,,,,,False,False,False
WS:XSHE:002384,Suzhou Dongshan Precision Manufacturing Co Ltd,CN_CSI300,China,XSHE,002384,002384.SZ,DERIVED_RULE,002384.SZ,DERIVED_RULE,CARRY_FORWARD,False,,,,,,,,False,False,False
WS:XSHE:002415,Hangzhou Hikvision Digital Technology Co Ltd,CN_CSI300,China,XSHE,002415,002415.SZ,DERIVED_RULE,002415.SZ,DERIVED_RULE,CARRY_FORWARD,False,,,,,,,,False,False,False
WS:XSHE:002422,Sichuan Kelun Pharmaceutical Co Ltd,CN_CSI300,China,XSHE,002422,002422.SZ,DERIVED_RULE,002422.SZ,DERIVED_RULE,CARRY_FORWARD,False,,,,,,,,False,False,False
WS:XSHE:002460,Ganfeng Lithium Co Ltd,CN_CSI300,China,XSHE,002460,002460.SZ,DERIVED_RULE,002460.SZ,DERIVED_RULE,CARRY_FORWARD,False,,,,,,,,False,False,False
WS:XSHE:002463,Wus Printed Circuit (Kunshan) Co Ltd,CN_CSI300,China,XSHE,002463,002463.SZ,DERIVED_RULE,002463.SZ,DERIVED_RULE,CARRY_FORWARD,False,,,,,,,,False,False,False
WS:XSHE:002466,"Tianqi Lithium Industries, Inc.",CN_CSI300,China,XSHE,002466,002466.SZ,DERIVED_RULE,002466.SZ,DERIVED_RULE,CARRY_FORWARD,False,,,,,,,,False,False,False
WS:XSHE:002475,"Luxshare Precision Industry Co., Ltd.",CN_CSI300,China,XSHE,002475,002475.SZ,DERIVED_RULE,002475.SZ,DERIVED_RULE,CARRY_FORWARD,False,,,,,,,,False,False,False
WS:XSHE:002493,Rongsheng Petro Chemical Co Ltd,CN_CSI300,China,XSHE,002493,002493.SZ,DERIVED_RULE,002493.SZ,DERIVED_RULE,CARRY_FORWARD,False,,,,,,,,False,False,False
WS:XSHE:002532,"TIANSHAN ALUMINUM GROUP CO.,LTD.",CN_CSI300,China,XSHE,002532,002532.SZ,DERIVED_RULE,002532.SZ,DERIVED_RULE,CARRY_FORWARD,False,,,,,,,,False,False,False
WS:XSHE:002558,"Giant Network Group Co., Ltd.",CN_CSI300,China,XSHE,002558,002558.SZ,DERIVED_RULE,002558.SZ,DERIVED_RULE,CARRY_FORWARD,False,,,,,,,,False,False,False
WS:XSHE:002594,BYD Co Ltd,CN_CSI300,China,XSHE,002594,002594.SZ,DERIVED_RULE,002594.SZ,DERIVED_RULE,CARRY_FORWARD,False,,,,,,,,False,False,False
WS:XSHE:002600,LINGYI iTECH (GUANGDONG) COMPANY,CN_CSI300,China,XSHE,002600,002600.SZ,DERIVED_RULE,002600.SZ,DERIVED_RULE,CARRY_FORWARD,False,,,,,,,,False,False,False
WS:XSHE:002602,"ZHEJIANG CENTURY HUATONG GROUP CO., LTD",CN_CSI300,China,XSHE,002602,002602.SZ,DERIVED_RULE,002602.SZ,DERIVED_RULE,CARRY_FORWARD,False,,,,,,,,False,False,False
WS:XSHE:002625,"Kuang-Chi Technologies Co., Ltd.",CN_CSI300,China,XSHE,002625,002625.SZ,DERIVED_RULE,002625.SZ,DERIVED_RULE,CARRY_FORWARD,False,,,,,,,,False,False,False
WS:XSHE:002648,"SATELLITE CHEMICAL CO., LTD.",CN_CSI300,China,XSHE,002648,002648.SZ,DERIVED_RULE,002648.SZ,DERIVED_RULE,CARRY_FORWARD,False,,,,,,,,False,False,False
WS:XSHE:002709,"Guangzhou Tinci Materials Technology Co., Ltd",CN_CSI300,China,XSHE,002709,002709.SZ,DERIVED_RULE,002709.SZ,DERIVED_RULE,CARRY_FORWARD,False,,,,,,,,False,False,False
WS:XSHE:002714,"MUYUAN FOODS GROUP CO., LTD.",CN_CSI300,China,XSHE,002714,002714.SZ,DERIVED_RULE,002714.SZ,DERIVED_RULE,CARRY_FORWARD,False,,,,,,,,False,False,False
WS:XSHE:002736,"GUOSEN SECURITIES CO., LTD.",CN_CSI300,China,XSHE,002736,002736.SZ,DERIVED_RULE,002736.SZ,DERIVED_RULE,CARRY_FORWARD,False,,,,,,,,False,False,False
WS:XSHE:002837,"SHENZHEN ENVICOOL TECHNOLOGY CO.,LTD.",CN_CSI300,China,XSHE,002837,002837.SZ,DERIVED_RULE,002837.SZ,DERIVED_RULE,CARRY_FORWARD,False,,,,,,,,False,False,False
WS:XSHE:002916,"Shennan Circuits Co., Ltd.",CN_CSI300,China,XSHE,002916,002916.SZ,DERIVED_RULE,002916.SZ,DERIVED_RULE,CARRY_FORWARD,False,,,,,,,,False,False,False
WS:XSHE:002920,"Huizhou Desay SV Automotive Co., Ltd.",CN_CSI300,China,XSHE,002920,002920.SZ,DERIVED_RULE,002920.SZ,DERIVED_RULE,CARRY_FORWARD,False,,,,,,,,False,False,False
WS:XSHE:002938,"Avary Holding (Shenzhen) Co., Limited",CN_CSI300,China,XSHE,002938,002938.SZ,DERIVED_RULE,002938.SZ,DERIVED_RULE,CARRY_FORWARD,False,,,,,,,,False,False,False
WS:XSHE:003816,"CGN Power Co., Ltd.",CN_CSI300,China,XSHE,003816,003816.SZ,DERIVED_RULE,003816.SZ,DERIVED_RULE,CARRY_FORWARD,False,,,,,,,,False,False,False
WS:XSHE:300014,Eve Energy Co Ltd,CN_CSI300,China,XSHE,300014,300014.SZ,DERIVED_RULE,300014.SZ,DERIVED_RULE,CARRY_FORWARD,False,,,,,,,,False,False,False
WS:XSHE:300015,Aier Eye Hospital Group Co Ltd,CN_CSI300,China,XSHE,300015,300015.SZ,DERIVED_RULE,300015.SZ,DERIVED_RULE,CARRY_FORWARD,False,,,,,,,,False,False,False
WS:XSHE:300033,"Hithink Royalflush Information Network Co.,Ltd.",CN_CSI300,China,XSHE,300033,300033.SZ,DERIVED_RULE,300033.SZ,DERIVED_RULE,CARRY_FORWARD,False,,,,,,,,False,False,False
WS:XSHE:300059,East Money Information Co Ltd,CN_CSI300,China,XSHE,300059,300059.SZ,DERIVED_RULE,300059.SZ,DERIVED_RULE,CARRY_FORWARD,False,,,,,,,,False,False,False
WS:XSHE:300122,Chongqing Zhifei Biological Products Co Ltd,CN_CSI300,China,XSHE,300122,300122.SZ,DERIVED_RULE,300122.SZ,DERIVED_RULE,CARRY_FORWARD,False,,,,,,,,False,False,False
WS:XSHE:300124,Shenzhen Inovance Technology Co Ltd,CN_CSI300,China,XSHE,300124,300124.SZ,DERIVED_RULE,300124.SZ,DERIVED_RULE,CARRY_FORWARD,False,,,,,,,,False,False,False
WS:XSHE:300251,Beijing Enlight Media Co Ltd,CN_CSI300,China,XSHE,300251,300251.SZ,DERIVED_RULE,300251.SZ,DERIVED_RULE,CARRY_FORWARD,False,,,,,,,,False,False,False
WS:XSHE:300274,Sungrow Power Supply Co Ltd,CN_CSI300,China,XSHE,300274,300274.SZ,DERIVED_RULE,300274.SZ,DERIVED_RULE,CARRY_FORWARD,False,,,,,,,,False,False,False
WS:XSHE:300308,"ZHONGJI INNOLIGHT CO., LTD.",CN_CSI300,China,XSHE,300308,300308.SZ,DERIVED_RULE,300308.SZ,DERIVED_RULE,CARRY_FORWARD,False,,,,,,,,False,False,False
WS:XSHE:300316,"Zhejiang Jingsheng Mechanical & Electrical Co., Ltd.",CN_CSI300,China,XSHE,300316,300316.SZ,DERIVED_RULE,300316.SZ,DERIVED_RULE,CARRY_FORWARD,False,,,,,,,,False,False,False
WS:XSHE:300394,"Suzhou TFC Optical Communication Co., Ltd.",CN_CSI300,China,XSHE,300394,300394.SZ,DERIVED_RULE,300394.SZ,DERIVED_RULE,CARRY_FORWARD,False,,,,,,,,False,False,False
WS:XSHE:300408,"CHAOZHOU THREE-CIRCLE(GROUP)CO.,LTD",CN_CSI300,China,XSHE,300408,300408.SZ,DERIVED_RULE,300408.SZ,DERIVED_RULE,CARRY_FORWARD,False,,,,,,,,False,False,False
WS:XSHE:300413,"Mango Excellent Media Co., Ltd.",CN_CSI300,China,XSHE,300413,300413.SZ,DERIVED_RULE,300413.SZ,DERIVED_RULE,CARRY_FORWARD,False,,,,,,,,False,False,False
WS:XSHE:300418,"Beijing Kunlun Tech Co., Ltd.",CN_CSI300,China,XSHE,300418,300418.SZ,DERIVED_RULE,300418.SZ,DERIVED_RULE,CARRY_FORWARD,False,,,,,,,,False,False,False
WS:XSHE:300433,"Lens Technology Co., Ltd.",CN_CSI300,China,XSHE,300433,300433.SZ,DERIVED_RULE,300433.SZ,DERIVED_RULE,CARRY_FORWARD,False,,,,,,,,False,False,False
WS:XSHE:300442,Range Intelligent Computing Technology Group Company Limited,CN_CSI300,China,XSHE,300442,300442.SZ,DERIVED_RULE,300442.SZ,DERIVED_RULE,CARRY_FORWARD,False,,,,,,,,False,False,False
WS:XSHE:300450,"WUXI LEAD INTELLIGENT EQUIPMENT CO., LTD.",CN_CSI300,China,XSHE,300450,300450.SZ,DERIVED_RULE,300450.SZ,DERIVED_RULE,CARRY_FORWARD,False,,,,,,,,False,False,False
WS:XSHE:300476,"Victory Giant Technology (HuiZhou)Co.,Ltd.",CN_CSI300,China,XSHE,300476,300476.SZ,DERIVED_RULE,300476.SZ,DERIVED_RULE,CARRY_FORWARD,False,,,,,,,,False,False,False
WS:XSHE:300498,"GUANGDONGWENSFOODSTUFFGROUPCO.,LTD",CN_CSI300,China,XSHE,300498,300498.SZ,DERIVED_RULE,300498.SZ,DERIVED_RULE,CARRY_FORWARD,False,,,,,,,,False,False,False
WS:XSHE:300502,"Eoptolink Technology Inc., Ltd",CN_CSI300,China,XSHE,300502,300502.SZ,DERIVED_RULE,300502.SZ,DERIVED_RULE,CARRY_FORWARD,False,,,,,,,,False,False,False
WS:XSHE:300628,YEALINK NETWORK TECHNOLOGY CORPORATION LIMITED,CN_CSI300,China,XSHE,300628,300628.SZ,DERIVED_RULE,300628.SZ,DERIVED_RULE,CARRY_FORWARD,False,,,,,,,,False,False,False
WS:XSHE:300661,SG Micro Corp.,CN_CSI300,China,XSHE,300661,300661.SZ,DERIVED_RULE,300661.SZ,DERIVED_RULE,CARRY_FORWARD,False,,,,,,,,False,False,False
WS:XSHE:300750,"Contemporary Amperex Technology Co., Limited.",CN_CSI300,China,XSHE,300750,300750.SZ,DERIVED_RULE,300750.SZ,DERIVED_RULE,CARRY_FORWARD,False,,,,,,,,False,False,False
WS:XSHE:300760,"Shenzhen Mindray Bio-Medical Electronics Co., Ltd.",CN_CSI300,China,XSHE,300760,300760.SZ,DERIVED_RULE,300760.SZ,DERIVED_RULE,CARRY_FORWARD,False,,,,,,,,False,False,False
WS:XSHE:300803,"Beijing Compass Technology Development Co., Ltd.",CN_CSI300,China,XSHE,300803,300803.SZ,DERIVED_RULE,300803.SZ,DERIVED_RULE,CARRY_FORWARD,False,,,,,,,,False,False,False
WS:XSHE:300832,"Shenzhen New Industries Biomedical Engineering Co., Ltd.",CN_CSI300,China,XSHE,300832,300832.SZ,DERIVED_RULE,300832.SZ,DERIVED_RULE,CARRY_FORWARD,False,,,,,,,,False,False,False
WS:XSHE:300866,"Anker Innovations Technology Co., Ltd",CN_CSI300,China,XSHE,300866,300866.SZ,DERIVED_RULE,300866.SZ,DERIVED_RULE,CARRY_FORWARD,False,,,,,,,,False,False,False
WS:XSHE:300896,"IMEIK TECHNOLOGY DEVELOPMENT CO.,LTD.",CN_CSI300,China,XSHE,300896,300896.SZ,DERIVED_RULE,300896.SZ,DERIVED_RULE,CARRY_FORWARD,False,,,,,,,,False,False,False
WS:XSHE:300999,"Yihai Kerry Arawana Holdings Co., Ltd",CN_CSI300,China,XSHE,300999,300999.SZ,DERIVED_RULE,300999.SZ,DERIVED_RULE,CARRY_FORWARD,False,,,,,,,,False,False,False
WS:XSHE:301165,"Ruijie Networks Co., Ltd.",CN_CSI300,China,XSHE,301165,301165.SZ,DERIVED_RULE,301165.SZ,DERIVED_RULE,CARRY_FORWARD,False,,,,,,,,False,False,False
WS:XSHE:301236,"iSoftStone Information Technology (Group) Co., Ltd.",CN_CSI300,China,XSHE,301236,301236.SZ,DERIVED_RULE,301236.SZ,DERIVED_RULE,CARRY_FORWARD,False,,,,,,,,False,False,False
WS:XSHE:301269,"Empyrean Technology Co., Ltd.",CN_CSI300,China,XSHE,301269,301269.SZ,DERIVED_RULE,301269.SZ,DERIVED_RULE,CARRY_FORWARD,False,,,,,,,,False,False,False
WS:XSHE:301308,"Shenzhen Longsys Electronics Co., Ltd.",CN_CSI300,China,XSHE,301308,301308.SZ,DERIVED_RULE,301308.SZ,DERIVED_RULE,CARRY_FORWARD,False,,,,,,,,False,False,False
WS:XSHE:302132,AVIC CHENGDU AIRCRAFT COMPANY LIMITED,CN_CSI300,China,XSHE,302132,302132.SZ,DERIVED_RULE,302132.SZ,DERIVED_RULE,CARRY_FORWARD,False,,,,,,,,False,False,False
WS:XSHG:600000,Shanghai Pudong Development Bank Co Ltd,CN_CSI300,China,XSHG,600000,600000.SS,DERIVED_RULE,600000.SS,DERIVED_RULE,CARRY_FORWARD,False,,,,,,,,False,False,False
WS:XSHG:600009,Shanghai International Airport Co Ltd,CN_CSI300,China,XSHG,600009,600009.SS,DERIVED_RULE,600009.SS,DERIVED_RULE,CARRY_FORWARD,False,,,,,,,,False,False,False
WS:XSHG:600010,Inner Mongolia Baotou Steel Union Co Ltd,CN_CSI300,China,XSHG,600010,600010.SS,DERIVED_RULE,600010.SS,DERIVED_RULE,CARRY_FORWARD,False,,,,,,,,False,False,False
WS:XSHG:600011,Huaneng Power International Inc,CN_CSI300,China,XSHG,600011,600011.SS,DERIVED_RULE,600011.SS,DERIVED_RULE,CARRY_FORWARD,False,,,,,,,,False,False,False
WS:XSHG:600015,Hua Xia Bank Co Ltd,CN_CSI300,China,XSHG,600015,600015.SS,DERIVED_RULE,600015.SS,DERIVED_RULE,CARRY_FORWARD,False,,,,,,,,False,False,False
WS:XSHG:600016,China Minsheng Banking Corp Ltd,CN_CSI300,China,XSHG,600016,600016.SS,DERIVED_RULE,600016.SS,DERIVED_RULE,CARRY_FORWARD,False,,,,,,,,False,False,False
WS:XSHG:600018,Shanghai International Port (Group) Co Ltd,CN_CSI300,China,XSHG,600018,600018.SS,DERIVED_RULE,600018.SS,DERIVED_RULE,CARRY_FORWARD,False,,,,,,,,False,False,False
WS:XSHG:600019,Baoshan Iron &Steel Co Ltd,CN_CSI300,China,XSHG,600019,600019.SS,DERIVED_RULE,600019.SS,DERIVED_RULE,CARRY_FORWARD,False,,,,,,,,False,False,False
WS:XSHG:600023,"Zhejiang Zheneng Electric Power Co., Ltd.",CN_CSI300,China,XSHG,600023,600023.SS,DERIVED_RULE,600023.SS,DERIVED_RULE,CARRY_FORWARD,False,,,,,,,,False,False,False
WS:XSHG:600025,HuanengLancang River Hydropower Inc.,CN_CSI300,China,XSHG,600025,600025.SS,DERIVED_RULE,600025.SS,DERIVED_RULE,CARRY_FORWARD,False,,,,,,,,False,False,False
WS:XSHG:600026,"COSCO SHIPPING Energy Transportation Co., Ltd.",CN_CSI300,China,XSHG,600026,600026.SS,DERIVED_RULE,600026.SS,DERIVED_RULE,CARRY_FORWARD,False,,,,,,,,False,False,False
WS:XSHG:600027,Huadian Power International Corporation Ltd,CN_CSI300,China,XSHG,600027,600027.SS,DERIVED_RULE,600027.SS,DERIVED_RULE,CARRY_FORWARD,False,,,,,,,,False,False,False
WS:XSHG:600028,China Petroleum & Chemical Corporation,CN_CSI300,China,XSHG,600028,600028.SS,DERIVED_RULE,600028.SS,DERIVED_RULE,CARRY_FORWARD,False,,,,,,,,False,False,False
WS:XSHG:600029,China Southern Airlines Co Ltd,CN_CSI300,China,XSHG,600029,600029.SS,DERIVED_RULE,600029.SS,DERIVED_RULE,CARRY_FORWARD,False,,,,,,,,False,False,False
WS:XSHG:600030,CITIC Securities Co Ltd,CN_CSI300,China,XSHG,600030,600030.SS,DERIVED_RULE,600030.SS,DERIVED_RULE,CARRY_FORWARD,False,,,,,,,,False,False,False
WS:XSHG:600031,Sany Heavy Industry Co Ltd,CN_CSI300,China,XSHG,600031,600031.SS,DERIVED_RULE,600031.SS,DERIVED_RULE,CARRY_FORWARD,False,,,,,,,,False,False,False
WS:XSHG:600036,China Merchants Bank Co Ltd,CN_CSI300,China,XSHG,600036,600036.SS,DERIVED_RULE,600036.SS,DERIVED_RULE,CARRY_FORWARD,False,,,,,,,,False,False,False
WS:XSHG:600039,Sichuan Road&Bridge Co Ltd,CN_CSI300,China,XSHG,600039,600039.SS,DERIVED_RULE,600039.SS,DERIVED_RULE,CARRY_FORWARD,False,,,,,,,,False,False,False
WS:XSHG:600048,"Poly Developments and Holdings Group Co., Ltd.",CN_CSI300,China,XSHG,600048,600048.SS,DERIVED_RULE,600048.SS,DERIVED_RULE,CARRY_FORWARD,False,,,,,,,,False,False,False
WS:XSHG:600050,China United Network Communications Co Ltd,CN_CSI300,China,XSHG,600050,600050.SS,DERIVED_RULE,600050.SS,DERIVED_RULE,CARRY_FORWARD,False,,,,,,,,False,False,False
WS:XSHG:600061,"SDIC Capital Co., Ltd",CN_CSI300,China,XSHG,600061,600061.SS,DERIVED_RULE,600061.SS,DERIVED_RULE,CARRY_FORWARD,False,,,,,,,,False,False,False
WS:XSHG:600066,Zhengzhou Yutong Bus Co Ltd,CN_CSI300,China,XSHG,600066,600066.SS,DERIVED_RULE,600066.SS,DERIVED_RULE,CARRY_FORWARD,False,,,,,,,,False,False,False
WS:XSHG:600085,Beijing Tongrentang Co Ltd,CN_CSI300,China,XSHG,600085,600085.SS,DERIVED_RULE,600085.SS,DERIVED_RULE,CARRY_FORWARD,False,,,,,,,,False,False,False
WS:XSHG:600089,TBEA Co Ltd,CN_CSI300,China,XSHG,600089,600089.SS,DERIVED_RULE,600089.SS,DERIVED_RULE,CARRY_FORWARD,False,,,,,,,,False,False,False
WS:XSHG:600104,SAIC Motor Co Ltd,CN_CSI300,China,XSHG,600104,600104.SS,DERIVED_RULE,600104.SS,DERIVED_RULE,CARRY_FORWARD,False,,,,,,,,False,False,False
WS:XSHG:600111,"China Northern Rare Earth (Group) High-Tech Co.,Ltd",CN_CSI300,China,XSHG,600111,600111.SS,DERIVED_RULE,600111.SS,DERIVED_RULE,CARRY_FORWARD,False,,,,,,,,False,False,False
WS:XSHG:600115,"China Eastern Airlines Co., Ltd.",CN_CSI300,China,XSHG,600115,600115.SS,DERIVED_RULE,600115.SS,DERIVED_RULE,CARRY_FORWARD,False,,,,,,,,False,False,False
WS:XSHG:600118,China Spacesat Co Ltd,CN_CSI300,China,XSHG,600118,600118.SS,DERIVED_RULE,600118.SS,DERIVED_RULE,CARRY_FORWARD,False,,,,,,,,False,False,False
WS:XSHG:600150,China CSSC Holdings Limited,CN_CSI300,China,XSHG,600150,600150.SS,DERIVED_RULE,600150.SS,DERIVED_RULE,CARRY_FORWARD,False,,,,,,,,False,False,False
WS:XSHG:600160,Zhejiang Ju Hua Co Ltd,CN_CSI300,China,XSHG,600160,600160.SS,DERIVED_RULE,600160.SS,DERIVED_RULE,CARRY_FORWARD,False,,,,,,,,False,False,False
WS:XSHG:600176,"CHINA JUSHI CO., LTD.",CN_CSI300,China,XSHG,600176,600176.SS,DERIVED_RULE,600176.SS,DERIVED_RULE,CARRY_FORWARD,False,,,,,,,,False,False,False
WS:XSHG:600183,"Shengyi Technology Co.,Ltd.",CN_CSI300,China,XSHG,600183,600183.SS,DERIVED_RULE,600183.SS,DERIVED_RULE,CARRY_FORWARD,False,,,,,,,,False,False,False
WS:XSHG:600188,Yankuang Energy Group Company Limited,CN_CSI300,China,XSHG,600188,600188.SS,DERIVED_RULE,600188.SS,DERIVED_RULE,CARRY_FORWARD,False,,,,,,,,False,False,False
WS:XSHG:600196,Shanghai Fosun Pharmaceutical (Group) Co Ltd,CN_CSI300,China,XSHG,600196,600196.SS,DERIVED_RULE,600196.SS,DERIVED_RULE,CARRY_FORWARD,False,,,,,,,,False,False,False
WS:XSHG:600219,"Shandong Nanshan Aluminium Co., Ltd.",CN_CSI300,China,XSHG,600219,600219.SS,DERIVED_RULE,600219.SS,DERIVED_RULE,CARRY_FORWARD,False,,,,,,,,False,False,False
WS:XSHG:600221,"Hainan Airlines Holding Co., Ltd.",CN_CSI300,China,XSHG,600221,600221.SS,DERIVED_RULE,600221.SS,DERIVED_RULE,CARRY_FORWARD,False,,,,,,,,False,False,False
WS:XSHG:600233,"YTO Express Group Co.,Ltd.",CN_CSI300,China,XSHG,600233,600233.SS,DERIVED_RULE,600233.SS,DERIVED_RULE,CARRY_FORWARD,False,,,,,,,,False,False,False
WS:XSHG:600276,Jiangsu Hengrui Medicine Co Ltd,CN_CSI300,China,XSHG,600276,600276.SS,DERIVED_RULE,600276.SS,DERIVED_RULE,CARRY_FORWARD,False,,,,,,,,False,False,False
WS:XSHG:600309,"Wanhua Chemical Group Co., Ltd.",CN_CSI300,China,XSHG,600309,600309.SS,DERIVED_RULE,600309.SS,DERIVED_RULE,CARRY_FORWARD,False,,,,,,,,False,False,False
WS:XSHG:600346,"Hengli Petrochemical Co.,Ltd.",CN_CSI300,China,XSHG,600346,600346.SS,DERIVED_RULE,600346.SS,DERIVED_RULE,CARRY_FORWARD,False,,,,,,,,False,False,False
WS:XSHG:600362,Jiangxi Copper Co Ltd,CN_CSI300,China,XSHG,600362,600362.SS,DERIVED_RULE,600362.SS,DERIVED_RULE,CARRY_FORWARD,False,,,,,,,,False,False,False
WS:XSHG:600372,"AVIC Airborne Systems Co., Ltd.",CN_CSI300,China,XSHG,600372,600372.SS,DERIVED_RULE,600372.SS,DERIVED_RULE,CARRY_FORWARD,False,,,,,,,,False,False,False
WS:XSHG:600406,"NARI Technology Co., Ltd.",CN_CSI300,China,XSHG,600406,600406.SS,DERIVED_RULE,600406.SS,DERIVED_RULE,CARRY_FORWARD,False,,,,,,,,False,False,False
WS:XSHG:600415,Zhejiang China Commodities City Group Co Ltd,CN_CSI300,China,XSHG,600415,600415.SS,DERIVED_RULE,600415.SS,DERIVED_RULE,CARRY_FORWARD,False,,,,,,,,False,False,False
WS:XSHG:600426,Shandong Hualu-Hengsheng Chemical Co Ltd,CN_CSI300,China,XSHG,600426,600426.SS,DERIVED_RULE,600426.SS,DERIVED_RULE,CARRY_FORWARD,False,,,,,,,,False,False,False
WS:XSHG:600436,Zhangzhou Pientzehuang Pharmaceutical Co Ltd,CN_CSI300,China,XSHG,600436,600436.SS,DERIVED_RULE,600436.SS,DERIVED_RULE,CARRY_FORWARD,False,,,,,,,,False,False,False
WS:XSHG:600438,Tongwei Co Ltd,CN_CSI300,China,XSHG,600438,600438.SS,DERIVED_RULE,600438.SS,DERIVED_RULE,CARRY_FORWARD,False,,,,,,,,False,False,False
WS:XSHG:600460,Hangzhou Silan Microelectronics Co Ltd,CN_CSI300,China,XSHG,600460,600460.SS,DERIVED_RULE,600460.SS,DERIVED_RULE,CARRY_FORWARD,False,,,,,,,,False,False,False
WS:XSHG:600482,"China Shipbuilding Industry Group Power Co.,Ltd",CN_CSI300,China,XSHG,600482,600482.SS,DERIVED_RULE,600482.SS,DERIVED_RULE,CARRY_FORWARD,False,,,,,,,,False,False,False
WS:XSHG:600489,Zhongjin Gold Co Ltd,CN_CSI300,China,XSHG,600489,600489.SS,DERIVED_RULE,600489.SS,DERIVED_RULE,CARRY_FORWARD,False,,,,,,,,False,False,False
WS:XSHG:600515,"Hainan Airport Infrastructure Co., Ltd",CN_CSI300,China,XSHG,600515,600515.SS,DERIVED_RULE,600515.SS,DERIVED_RULE,CARRY_FORWARD,False,,,,,,,,False,False,False
WS:XSHG:600519,Kweichow Moutai Co Ltd,CN_CSI300,China,XSHG,600519,600519.SS,DERIVED_RULE,600519.SS,DERIVED_RULE,CARRY_FORWARD,False,,,,,,,,False,False,False
WS:XSHG:600522,Jiangsu Zhongtian Technologies Co Ltd,CN_CSI300,China,XSHG,600522,600522.SS,DERIVED_RULE,600522.SS,DERIVED_RULE,CARRY_FORWARD,False,,,,,,,,False,False,False
WS:XSHG:600547,Shandong Gold-Mining Co Ltd,CN_CSI300,China,XSHG,600547,600547.SS,DERIVED_RULE,600547.SS,DERIVED_RULE,CARRY_FORWARD,False,,,,,,,,False,False,False
WS:XSHG:600549,Xiamen Tungsten Co Ltd,CN_CSI300,China,XSHG,600549,600549.SS,DERIVED_RULE,600549.SS,DERIVED_RULE,CARRY_FORWARD,False,,,,,,,,False,False,False
WS:XSHG:600570,Hundsun Technologies Inc.,CN_CSI300,China,XSHG,600570,600570.SS,DERIVED_RULE,600570.SS,DERIVED_RULE,CARRY_FORWARD,False,,,,,,,,False,False,False
WS:XSHG:600584,"JCET Group Co., Ltd.",CN_CSI300,China,XSHG,600584,600584.SS,DERIVED_RULE,600584.SS,DERIVED_RULE,CARRY_FORWARD,False,,,,,,,,False,False,False
WS:XSHG:600585,Anhui Conch Cement Co Ltd,CN_CSI300,China,XSHG,600585,600585.SS,DERIVED_RULE,600585.SS,DERIVED_RULE,CARRY_FORWARD,False,,,,,,,,False,False,False
WS:XSHG:600588,"Yonyou Network Technology Co., Ltd.",CN_CSI300,China,XSHG,600588,600588.SS,DERIVED_RULE,600588.SS,DERIVED_RULE,CARRY_FORWARD,False,,,,,,,,False,False,False
WS:XSHG:600600,Tsingtao Brewery Co Ltd,CN_CSI300,China,XSHG,600600,600600.SS,DERIVED_RULE,600600.SS,DERIVED_RULE,CARRY_FORWARD,False,,,,,,,,False,False,False
WS:XSHG:600660,"Fuyao Glass Industry Group Co.,Ltd",CN_CSI300,China,XSHG,600660,600660.SS,DERIVED_RULE,600660.SS,DERIVED_RULE,CARRY_FORWARD,False,,,,,,,,False,False,False
WS:XSHG:600674,Sichuan Chuantou Energy Co Ltd,CN_CSI300,China,XSHG,600674,600674.SS,DERIVED_RULE,600674.SS,DERIVED_RULE,CARRY_FORWARD,False,,,,,,,,False,False,False
WS:XSHG:600690,"Haier Smart Home Co., Ltd.",CN_CSI300,China,XSHG,600690,600690.SS,DERIVED_RULE,600690.SS,DERIVED_RULE,CARRY_FORWARD,False,,,,,,,,False,False,False
WS:XSHG:600741,HUAYU Automotive Systems Company Limited,CN_CSI300,China,XSHG,600741,600741.SS,DERIVED_RULE,600741.SS,DERIVED_RULE,CARRY_FORWARD,False,,,,,,,,False,False,False
WS:XSHG:600760,AVIC SHENYANG AIRCRAFT COMPANY LIMITED,CN_CSI300,China,XSHG,600760,600760.SS,DERIVED_RULE,600760.SS,DERIVED_RULE,CARRY_FORWARD,False,,,,,,,,False,False,False
WS:XSHG:600795,GD Power Development Co Ltd,CN_CSI300,China,XSHG,600795,600795.SS,DERIVED_RULE,600795.SS,DERIVED_RULE,CARRY_FORWARD,False,,,,,,,,False,False,False
WS:XSHG:600803,"ENN Ecological Holdings Co., Ltd.",CN_CSI300,China,XSHG,600803,600803.SS,DERIVED_RULE,600803.SS,DERIVED_RULE,CARRY_FORWARD,False,,,,,,,,False,False,False
WS:XSHG:600809,Shanxi Xinghuacun Fen Wine Factory Co Ltd,CN_CSI300,China,XSHG,600809,600809.SS,DERIVED_RULE,600809.SS,DERIVED_RULE,CARRY_FORWARD,False,,,,,,,,False,False,False
WS:XSHG:600845,Shanghai Baosight Software Co Ltd,CN_CSI300,China,XSHG,600845,600845.SS,DERIVED_RULE,600845.SS,DERIVED_RULE,CARRY_FORWARD,False,,,,,,,,False,False,False
WS:XSHG:600875,Dongfang Electric Corporation Limited,CN_CSI300,China,XSHG,600875,600875.SS,DERIVED_RULE,600875.SS,DERIVED_RULE,CARRY_FORWARD,False,,,,,,,,False,False,False
WS:XSHG:600886,"SDIC Power Holdings Co.,Ltd.",CN_CSI300,China,XSHG,600886,600886.SS,DERIVED_RULE,600886.SS,DERIVED_RULE,CARRY_FORWARD,False,,,,,,,,False,False,False
WS:XSHG:600887,Inner Mongolia Yili Industrial Group Co Ltd,CN_CSI300,China,XSHG,600887,600887.SS,DERIVED_RULE,600887.SS,DERIVED_RULE,CARRY_FORWARD,False,,,,,,,,False,False,False
WS:XSHG:600893,AVIC AVIATION ENGINE CORPORATION PLC.,CN_CSI300,China,XSHG,600893,600893.SS,DERIVED_RULE,600893.SS,DERIVED_RULE,CARRY_FORWARD,False,,,,,,,,False,False,False
WS:XSHG:600900,China Yangtze Power Co Ltd,CN_CSI300,China,XSHG,600900,600900.SS,DERIVED_RULE,600900.SS,DERIVED_RULE,CARRY_FORWARD,False,,,,,,,,False,False,False
WS:XSHG:600905,"China Three Gorges Renewables (Group) Co.,Ltd.",CN_CSI300,China,XSHG,600905,600905.SS,DERIVED_RULE,600905.SS,DERIVED_RULE,CARRY_FORWARD,False,,,,,,,,False,False,False
WS:XSHG:600918,"ZHONGTAI SECURITIES CO., LTD.",CN_CSI300,China,XSHG,600918,600918.SS,DERIVED_RULE,600918.SS,DERIVED_RULE,CARRY_FORWARD,False,,,,,,,,False,False,False
WS:XSHG:600919,"Bank of Jiangsu Co., Ltd",CN_CSI300,China,XSHG,600919,600919.SS,DERIVED_RULE,600919.SS,DERIVED_RULE,CARRY_FORWARD,False,,,,,,,,False,False,False
WS:XSHG:600926,"BANK OF HANGZHOU CO., LTD",CN_CSI300,China,XSHG,600926,600926.SS,DERIVED_RULE,600926.SS,DERIVED_RULE,CARRY_FORWARD,False,,,,,,,,False,False,False
WS:XSHG:600930,Huadian New Energy Group Corporation Limited,CN_CSI300,China,XSHG,600930,600930.SS,DERIVED_RULE,600930.SS,DERIVED_RULE,CARRY_FORWARD,False,,,,,,,,False,False,False
WS:XSHG:600938,CNOOC Limited,CN_CSI300,China,XSHG,600938,600938.SS,DERIVED_RULE,600938.SS,DERIVED_RULE,CARRY_FORWARD,False,,,,,,,,False,False,False
WS:XSHG:600941,China Mobile Limited,CN_CSI300,China,XSHG,600941,600941.SS,DERIVED_RULE,600941.SS,DERIVED_RULE,CARRY_FORWARD,False,,,,,,,,False,False,False
WS:XSHG:600958,ORIENT SECURITIES COMPANY LIMITED,CN_CSI300,China,XSHG,600958,600958.SS,DERIVED_RULE,600958.SS,DERIVED_RULE,CARRY_FORWARD,False,,,,,,,,False,False,False
WS:XSHG:600989,"Ningxia Baofeng Energy Group Co., Ltd.",CN_CSI300,China,XSHG,600989,600989.SS,DERIVED_RULE,600989.SS,DERIVED_RULE,CARRY_FORWARD,False,,,,,,,,False,False,False
WS:XSHG:600999,China Merchants Securities Co Ltd,CN_CSI300,China,XSHG,600999,600999.SS,DERIVED_RULE,600999.SS,DERIVED_RULE,CARRY_FORWARD,False,,,,,,,,False,False,False
WS:XSHG:601006,Daqin Railway Co Ltd,CN_CSI300,China,XSHG,601006,601006.SS,DERIVED_RULE,601006.SS,DERIVED_RULE,CARRY_FORWARD,False,,,,,,,,False,False,False
WS:XSHG:601009,Bank of Nanjing Co Ltd,CN_CSI300,China,XSHG,601009,601009.SS,DERIVED_RULE,601009.SS,DERIVED_RULE,CARRY_FORWARD,False,,,,,,,,False,False,False
WS:XSHG:601012,"Longi Green Energy Technology Co., Ltd.",CN_CSI300,China,XSHG,601012,601012.SS,DERIVED_RULE,601012.SS,DERIVED_RULE,CARRY_FORWARD,False,,,,,,,,False,False,False
WS:XSHG:601018,Ningbo Port Co Ltd,CN_CSI300,China,XSHG,601018,601018.SS,DERIVED_RULE,601018.SS,DERIVED_RULE,CARRY_FORWARD,False,,,,,,,,False,False,False
WS:XSHG:601021,"Spring Airlines Co., Ltd.",CN_CSI300,China,XSHG,601021,601021.SS,DERIVED_RULE,601021.SS,DERIVED_RULE,CARRY_FORWARD,False,,,,,,,,False,False,False
WS:XSHG:601058,"Sailun Group Co.,Ltd.",CN_CSI300,China,XSHG,601058,601058.SS,DERIVED_RULE,601058.SS,DERIVED_RULE,CARRY_FORWARD,False,,,,,,,,False,False,False
WS:XSHG:601059,"CINDA SECURITIES CO., LTD.",CN_CSI300,China,XSHG,601059,601059.SS,DERIVED_RULE,601059.SS,DERIVED_RULE,CARRY_FORWARD,False,,,,,,,,False,False,False
WS:XSHG:601066,"China Securities Co., Ltd.",CN_CSI300,China,XSHG,601066,601066.SS,DERIVED_RULE,601066.SS,DERIVED_RULE,CARRY_FORWARD,False,,,,,,,,False,False,False
WS:XSHG:601077,"Chongqing Rural Commercial Bank Co., Ltd.",CN_CSI300,China,XSHG,601077,601077.SS,DERIVED_RULE,601077.SS,DERIVED_RULE,CARRY_FORWARD,False,,,,,,,,False,False,False
WS:XSHG:601088,China Shenhua Energy Co Ltd,CN_CSI300,China,XSHG,601088,601088.SS,DERIVED_RULE,601088.SS,DERIVED_RULE,CARRY_FORWARD,False,,,,,,,,False,False,False
WS:XSHG:601100,"Jiangsu Hengli Hydraulic CO., Ltd.",CN_CSI300,China,XSHG,601100,601100.SS,DERIVED_RULE,601100.SS,DERIVED_RULE,CARRY_FORWARD,False,,,,,,,,False,False,False
WS:XSHG:601111,Air China Ltd,CN_CSI300,China,XSHG,601111,601111.SS,DERIVED_RULE,601111.SS,DERIVED_RULE,CARRY_FORWARD,False,,,,,,,,False,False,False
WS:XSHG:601117,China National Chemical Engineering Co Ltd,CN_CSI300,China,XSHG,601117,601117.SS,DERIVED_RULE,601117.SS,DERIVED_RULE,CARRY_FORWARD,False,,,,,,,,False,False,False
WS:XSHG:601127,"Seres Group Co., Ltd.",CN_CSI300,China,XSHG,601127,601127.SS,DERIVED_RULE,601127.SS,DERIVED_RULE,CARRY_FORWARD,False,,,,,,,,False,False,False
WS:XSHG:601136,Capital Securities Corporation Limited,CN_CSI300,China,XSHG,601136,601136.SS,DERIVED_RULE,601136.SS,DERIVED_RULE,CARRY_FORWARD,False,,,,,,,,False,False,False
WS:XSHG:601138,"Foxconn Industrial Internet Co., Ltd.",CN_CSI300,China,XSHG,601138,601138.SS,DERIVED_RULE,601138.SS,DERIVED_RULE,CARRY_FORWARD,False,,,,,,,,False,False,False
WS:XSHG:601166,Industrial Bank,CN_CSI300,China,XSHG,601166,601166.SS,DERIVED_RULE,601166.SS,DERIVED_RULE,CARRY_FORWARD,False,,,,,,,,False,False,False
WS:XSHG:601169,Bank of Beijing Co Ltd,CN_CSI300,China,XSHG,601169,601169.SS,DERIVED_RULE,601169.SS,DERIVED_RULE,CARRY_FORWARD,False,,,,,,,,False,False,False
WS:XSHG:601186,China Railway Construction Co Ltd,CN_CSI300,China,XSHG,601186,601186.SS,DERIVED_RULE,601186.SS,DERIVED_RULE,CARRY_FORWARD,False,,,,,,,,False,False,False
WS:XSHG:601211,"GUOTAI HAITONG SECURITIES CO., LTD.",CN_CSI300,China,XSHG,601211,601211.SS,DERIVED_RULE,601211.SS,DERIVED_RULE,CARRY_FORWARD,False,,,,,,,,False,False,False
WS:XSHG:601225,Shaanxi Coal Industry Company Limited,CN_CSI300,China,XSHG,601225,601225.SS,DERIVED_RULE,601225.SS,DERIVED_RULE,CARRY_FORWARD,False,,,,,,,,False,False,False
WS:XSHG:601229,"Bank of Shanghai Co., Ltd.",CN_CSI300,China,XSHG,601229,601229.SS,DERIVED_RULE,601229.SS,DERIVED_RULE,CARRY_FORWARD,False,,,,,,,,False,False,False
WS:XSHG:601238,"Guangzhou Automobile Group Co., Ltd.",CN_CSI300,China,XSHG,601238,601238.SS,DERIVED_RULE,601238.SS,DERIVED_RULE,CARRY_FORWARD,False,,,,,,,,False,False,False
WS:XSHG:601288,Agricultural Bank of China Co Ltd,CN_CSI300,China,XSHG,601288,601288.SS,DERIVED_RULE,601288.SS,DERIVED_RULE,CARRY_FORWARD,False,,,,,,,,False,False,False
WS:XSHG:601318,Ping An Insurance (Group) Company of China Ltd,CN_CSI300,China,XSHG,601318,601318.SS,DERIVED_RULE,601318.SS,DERIVED_RULE,CARRY_FORWARD,False,,,,,,,,False,False,False
WS:XSHG:601319,The People's Insurance Company (Group) of China Limited,CN_CSI300,China,XSHG,601319,601319.SS,DERIVED_RULE,601319.SS,DERIVED_RULE,CARRY_FORWARD,False,,,,,,,,False,False,False
WS:XSHG:601328,Bank of Communications Co LTD,CN_CSI300,China,XSHG,601328,601328.SS,DERIVED_RULE,601328.SS,DERIVED_RULE,CARRY_FORWARD,False,,,,,,,,False,False,False
WS:XSHG:601336,New China Life Insurance Co Ltd,CN_CSI300,China,XSHG,601336,601336.SS,DERIVED_RULE,601336.SS,DERIVED_RULE,CARRY_FORWARD,False,,,,,,,,False,False,False
WS:XSHG:601360,360 Security Technology Inc.,CN_CSI300,China,XSHG,601360,601360.SS,DERIVED_RULE,601360.SS,DERIVED_RULE,CARRY_FORWARD,False,,,,,,,,False,False,False
WS:XSHG:601377,Industrial Securities Co Ltd,CN_CSI300,China,XSHG,601377,601377.SS,DERIVED_RULE,601377.SS,DERIVED_RULE,CARRY_FORWARD,False,,,,,,,,False,False,False
WS:XSHG:601390,China Railway Group Limited,CN_CSI300,China,XSHG,601390,601390.SS,DERIVED_RULE,601390.SS,DERIVED_RULE,CARRY_FORWARD,False,,,,,,,,False,False,False
WS:XSHG:601398,Industrial and Commercial Bank of China Ltd,CN_CSI300,China,XSHG,601398,601398.SS,DERIVED_RULE,601398.SS,DERIVED_RULE,CARRY_FORWARD,False,,,,,,,,False,False,False
WS:XSHG:601456,Guolian Minsheng Securities Company Limited,CN_CSI300,China,XSHG,601456,601456.SS,DERIVED_RULE,601456.SS,DERIVED_RULE,CARRY_FORWARD,False,,,,,,,,False,False,False
WS:XSHG:601600,Aluminum Corporation of China Limited,CN_CSI300,China,XSHG,601600,601600.SS,DERIVED_RULE,601600.SS,DERIVED_RULE,CARRY_FORWARD,False,,,,,,,,False,False,False
WS:XSHG:601601,China Pacific Insurance (Group) Co Ltd,CN_CSI300,China,XSHG,601601,601601.SS,DERIVED_RULE,601601.SS,DERIVED_RULE,CARRY_FORWARD,False,,,,,,,,False,False,False
WS:XSHG:601607,"Shanghai Pharmaceuticals Holding Co.,Ltd",CN_CSI300,China,XSHG,601607,601607.SS,DERIVED_RULE,601607.SS,DERIVED_RULE,CARRY_FORWARD,False,,,,,,,,False,False,False
WS:XSHG:601618,Metallurgical Corporation of China Co Ltd,CN_CSI300,China,XSHG,601618,601618.SS,DERIVED_RULE,601618.SS,DERIVED_RULE,CARRY_FORWARD,False,,,,,,,,False,False,False
WS:XSHG:601628,China Life Insurance Company Limited,CN_CSI300,China,XSHG,601628,601628.SS,DERIVED_RULE,601628.SS,DERIVED_RULE,CARRY_FORWARD,False,,,,,,,,False,False,False
WS:XSHG:601633,Great Wall Motor Co Ltd,CN_CSI300,China,XSHG,601633,601633.SS,DERIVED_RULE,601633.SS,DERIVED_RULE,CARRY_FORWARD,False,,,,,,,,False,False,False
WS:XSHG:601658,"POSTAL SAVINGS BANK OF CHINA CO., LTD.",CN_CSI300,China,XSHG,601658,601658.SS,DERIVED_RULE,601658.SS,DERIVED_RULE,CARRY_FORWARD,False,,,,,,,,False,False,False
WS:XSHG:601668,China State Construction Engineering Co Ltd,CN_CSI300,China,XSHG,601668,601668.SS,DERIVED_RULE,601668.SS,DERIVED_RULE,CARRY_FORWARD,False,,,,,,,,False,False,False
WS:XSHG:601669,"Power Construction Corporation of China,Ltd",CN_CSI300,China,XSHG,601669,601669.SS,DERIVED_RULE,601669.SS,DERIVED_RULE,CARRY_FORWARD,False,,,,,,,,False,False,False
WS:XSHG:601688,Huatai Securities Co Ltd,CN_CSI300,China,XSHG,601688,601688.SS,DERIVED_RULE,601688.SS,DERIVED_RULE,CARRY_FORWARD,False,,,,,,,,False,False,False
WS:XSHG:601689,"Ningbo Tuopu Group Co., Ltd.",CN_CSI300,China,XSHG,601689,601689.SS,DERIVED_RULE,601689.SS,DERIVED_RULE,CARRY_FORWARD,False,,,,,,,,False,False,False
WS:XSHG:601698,"China Satellite Communications Co.,Ltd.",CN_CSI300,China,XSHG,601698,601698.SS,DERIVED_RULE,601698.SS,DERIVED_RULE,CARRY_FORWARD,False,,,,,,,,False,False,False
WS:XSHG:601727,Shanghai Electric Group Co Ltd,CN_CSI300,China,XSHG,601727,601727.SS,DERIVED_RULE,601727.SS,DERIVED_RULE,CARRY_FORWARD,False,,,,,,,,False,False,False
WS:XSHG:601728,China Telecom Corporation Limited,CN_CSI300,China,XSHG,601728,601728.SS,DERIVED_RULE,601728.SS,DERIVED_RULE,CARRY_FORWARD,False,,,,,,,,False,False,False
WS:XSHG:601766,CRRC Corporation Limited,CN_CSI300,China,XSHG,601766,601766.SS,DERIVED_RULE,601766.SS,DERIVED_RULE,CARRY_FORWARD,False,,,,,,,,False,False,False
WS:XSHG:601788,Everbright Securities Co Ltd,CN_CSI300,China,XSHG,601788,601788.SS,DERIVED_RULE,601788.SS,DERIVED_RULE,CARRY_FORWARD,False,,,,,,,,False,False,False
WS:XSHG:601800,China Communications Construction Company Limited,CN_CSI300,China,XSHG,601800,601800.SS,DERIVED_RULE,601800.SS,DERIVED_RULE,CARRY_FORWARD,False,,,,,,,,False,False,False
WS:XSHG:601816,"Beijing-Shanghai High Speed Railway Co.,Ltd",CN_CSI300,China,XSHG,601816,601816.SS,DERIVED_RULE,601816.SS,DERIVED_RULE,CARRY_FORWARD,False,,,,,,,,False,False,False
WS:XSHG:601818,China Everbright Bank Co Ltd,CN_CSI300,China,XSHG,601818,601818.SS,DERIVED_RULE,601818.SS,DERIVED_RULE,CARRY_FORWARD,False,,,,,,,,False,False,False
WS:XSHG:601825,"Shanghai Rural Commercial Bank Co.,Ltd.",CN_CSI300,China,XSHG,601825,601825.SS,DERIVED_RULE,601825.SS,DERIVED_RULE,CARRY_FORWARD,False,,,,,,,,False,False,False
WS:XSHG:601838,"BANK OF CHENGDU CO., LTD.",CN_CSI300,China,XSHG,601838,601838.SS,DERIVED_RULE,601838.SS,DERIVED_RULE,CARRY_FORWARD,False,,,,,,,,False,False,False
WS:XSHG:601857,PetroChina Co Ltd,CN_CSI300,China,XSHG,601857,601857.SS,DERIVED_RULE,601857.SS,DERIVED_RULE,CARRY_FORWARD,False,,,,,,,,False,False,False
WS:XSHG:601868,China Energy Engineering Corporation Limited,CN_CSI300,China,XSHG,601868,601868.SS,DERIVED_RULE,601868.SS,DERIVED_RULE,CARRY_FORWARD,False,,,,,,,,False,False,False
WS:XSHG:601872,"China Merchants Energy Shipping Co., Ltd.",CN_CSI300,China,XSHG,601872,601872.SS,DERIVED_RULE,601872.SS,DERIVED_RULE,CARRY_FORWARD,False,,,,,,,,False,False,False
WS:XSHG:601877,Zhejiang Chint Electrics Co Ltd,CN_CSI300,China,XSHG,601877,601877.SS,DERIVED_RULE,601877.SS,DERIVED_RULE,CARRY_FORWARD,False,,,,,,,,False,False,False
WS:XSHG:601878,"ZHESHANG SECURITIES CO., LTD.",CN_CSI300,China,XSHG,601878,601878.SS,DERIVED_RULE,601878.SS,DERIVED_RULE,CARRY_FORWARD,False,,,,,,,,False,False,False
WS:XSHG:601881,"China Galaxy Securities Co., Ltd.",CN_CSI300,China,XSHG,601881,601881.SS,DERIVED_RULE,601881.SS,DERIVED_RULE,CARRY_FORWARD,False,,,,,,,,False,False,False
WS:XSHG:601888,China Tourism Group Duty Free Corporation Limited,CN_CSI300,China,XSHG,601888,601888.SS,DERIVED_RULE,601888.SS,DERIVED_RULE,CARRY_FORWARD,False,,,,,,,,False,False,False
WS:XSHG:601898,China Coal Energy Co Ltd,CN_CSI300,China,XSHG,601898,601898.SS,DERIVED_RULE,601898.SS,DERIVED_RULE,CARRY_FORWARD,False,,,,,,,,False,False,False
WS:XSHG:601899,Zijin Mining Group Co Ltd,CN_CSI300,China,XSHG,601899,601899.SS,DERIVED_RULE,601899.SS,DERIVED_RULE,CARRY_FORWARD,False,,,,,,,,False,False,False
WS:XSHG:601901,Founder Securities Co Ltd,CN_CSI300,China,XSHG,601901,601901.SS,DERIVED_RULE,601901.SS,DERIVED_RULE,CARRY_FORWARD,False,,,,,,,,False,False,False
WS:XSHG:601916,"CHINA ZHESHANG BANK CO.,LTD",CN_CSI300,China,XSHG,601916,601916.SS,DERIVED_RULE,601916.SS,DERIVED_RULE,CARRY_FORWARD,False,,,,,,,,False,False,False
WS:XSHG:601919,"COSCO SHIPPING Holdings Co., Ltd.",CN_CSI300,China,XSHG,601919,601919.SS,DERIVED_RULE,601919.SS,DERIVED_RULE,CARRY_FORWARD,False,,,,,,,,False,False,False
WS:XSHG:601939,China Construction Bank,CN_CSI300,China,XSHG,601939,601939.SS,DERIVED_RULE,601939.SS,DERIVED_RULE,CARRY_FORWARD,False,,,,,,,,False,False,False
WS:XSHG:601985,"China National Nuclear Power Co.,Ltd.",CN_CSI300,China,XSHG,601985,601985.SS,DERIVED_RULE,601985.SS,DERIVED_RULE,CARRY_FORWARD,False,,,,,,,,False,False,False
WS:XSHG:601988,Bank of China Ltd,CN_CSI300,China,XSHG,601988,601988.SS,DERIVED_RULE,601988.SS,DERIVED_RULE,CARRY_FORWARD,False,,,,,,,,False,False,False
WS:XSHG:601995,China International Capital Corporation Limited,CN_CSI300,China,XSHG,601995,601995.SS,DERIVED_RULE,601995.SS,DERIVED_RULE,CARRY_FORWARD,False,,,,,,,,False,False,False
WS:XSHG:601998,China Citic Bank Corporation Limited,CN_CSI300,China,XSHG,601998,601998.SS,DERIVED_RULE,601998.SS,DERIVED_RULE,CARRY_FORWARD,False,,,,,,,,False,False,False
WS:XSHG:603019,"Dawning Information Industry Co., Ltd.",CN_CSI300,China,XSHG,603019,603019.SS,DERIVED_RULE,603019.SS,DERIVED_RULE,CARRY_FORWARD,False,,,,,,,,False,False,False
WS:XSHG:603259,"WuXi AppTec Co., Ltd.",CN_CSI300,China,XSHG,603259,603259.SS,DERIVED_RULE,603259.SS,DERIVED_RULE,CARRY_FORWARD,False,,,,,,,,False,False,False
WS:XSHG:603260,"HOSHINE SILICON INDUSTRY CO.,LTD",CN_CSI300,China,XSHG,603260,603260.SS,DERIVED_RULE,603260.SS,DERIVED_RULE,CARRY_FORWARD,False,,,,,,,,False,False,False
WS:XSHG:603288,Foshan Haitian Flavouring and Food Company Ltd.,CN_CSI300,China,XSHG,603288,603288.SS,DERIVED_RULE,603288.SS,DERIVED_RULE,CARRY_FORWARD,False,,,,,,,,False,False,False
WS:XSHG:603296,"Huaqin Technology Co., Ltd.",CN_CSI300,China,XSHG,603296,603296.SS,DERIVED_RULE,603296.SS,DERIVED_RULE,CARRY_FORWARD,False,,,,,,,,False,False,False
WS:XSHG:603369,"Jiangsu King's Luck Brewery Joint-Stock Co., Ltd.",CN_CSI300,China,XSHG,603369,603369.SS,DERIVED_RULE,603369.SS,DERIVED_RULE,CARRY_FORWARD,False,,,,,,,,False,False,False
WS:XSHG:603392,"BEIJING WANTAI BIOLOGICAL PHARMACY ENTERPRISE CO., LTD.",CN_CSI300,China,XSHG,603392,603392.SS,DERIVED_RULE,603392.SS,DERIVED_RULE,CARRY_FORWARD,False,,,,,,,,False,False,False
WS:XSHG:603501,"Omni Vision Integrated Circuits Group, Inc.",CN_CSI300,China,XSHG,603501,603501.SS,DERIVED_RULE,603501.SS,DERIVED_RULE,CARRY_FORWARD,False,,,,,,,,False,False,False
WS:XSHG:603799,"ZHEJIANG HUAYOU COBALT CO., LTD.",CN_CSI300,China,XSHG,603799,603799.SS,DERIVED_RULE,603799.SS,DERIVED_RULE,CARRY_FORWARD,False,,,,,,,,False,False,False
WS:XSHG:603893,"Fuzhou Rockchip Electronics Co., Ltd.",CN_CSI300,China,XSHG,603893,603893.SS,DERIVED_RULE,603893.SS,DERIVED_RULE,CARRY_FORWARD,False,,,,,,,,False,False,False
WS:XSHG:603986,GigaDevice Semiconductor (Beijing) Inc.,CN_CSI300,China,XSHG,603986,603986.SS,DERIVED_RULE,603986.SS,DERIVED_RULE,CARRY_FORWARD,False,,,,,,,,False,False,False
WS:XSHG:603993,"China Molybdenum Co., Ltd.",CN_CSI300,China,XSHG,603993,603993.SS,DERIVED_RULE,603993.SS,DERIVED_RULE,CARRY_FORWARD,False,,,,,,,,False,False,False
WS:XSHG:605117,"Ningbo Deye Technology Co., Ltd.",CN_CSI300,China,XSHG,605117,605117.SS,DERIVED_RULE,605117.SS,DERIVED_RULE,CARRY_FORWARD,False,,,,,,,,False,False,False
WS:XSHG:605499,"Eastroc Beverage (Group) Co.,Ltd.",CN_CSI300,China,XSHG,605499,605499.SS,DERIVED_RULE,605499.SS,DERIVED_RULE,CARRY_FORWARD,False,,,,,,,,False,False,False
WS:XSHG:688008,"Montage Technology Co., Ltd.",CN_CSI300,China,XSHG,688008,688008.SS,DERIVED_RULE,688008.SS,DERIVED_RULE,CARRY_FORWARD,False,,,,,,,,False,False,False
WS:XSHG:688009,China Railway Signal & Communication Corporation Limited,CN_CSI300,China,XSHG,688009,688009.SS,DERIVED_RULE,688009.SS,DERIVED_RULE,CARRY_FORWARD,False,,,,,,,,False,False,False
WS:XSHG:688012,Advanced Micro-Fabrication Equipment Inc. China,CN_CSI300,China,XSHG,688012,688012.SS,DERIVED_RULE,688012.SS,DERIVED_RULE,CARRY_FORWARD,False,,,,,,,,False,False,False
WS:XSHG:688036,"SHENZHEN TRANSSION HOLDINGS CO., LTD.",CN_CSI300,China,XSHG,688036,688036.SS,DERIVED_RULE,688036.SS,DERIVED_RULE,CARRY_FORWARD,False,,,,,,,,False,False,False
WS:XSHG:688041,"Hygon Information Technology Co., Ltd.",CN_CSI300,China,XSHG,688041,688041.SS,DERIVED_RULE,688041.SS,DERIVED_RULE,CARRY_FORWARD,False,,,,,,,,False,False,False
WS:XSHG:688047,Loongson Technology Corporation Limited,CN_CSI300,China,XSHG,688047,688047.SS,DERIVED_RULE,688047.SS,DERIVED_RULE,CARRY_FORWARD,False,,,,,,,,False,False,False
WS:XSHG:688072,Piotech Inc.,CN_CSI300,China,XSHG,688072,688072.SS,DERIVED_RULE,688072.SS,DERIVED_RULE,CARRY_FORWARD,False,,,,,,,,False,False,False
WS:XSHG:688082,"ACM Research (Shanghai) ,Inc.",CN_CSI300,China,XSHG,688082,688082.SS,DERIVED_RULE,688082.SS,DERIVED_RULE,CARRY_FORWARD,False,,,,,,,,False,False,False
WS:XSHG:688111,"Beijing Kingsoft Office Software, Inc.",CN_CSI300,China,XSHG,688111,688111.SS,DERIVED_RULE,688111.SS,DERIVED_RULE,CARRY_FORWARD,False,,,,,,,,False,False,False
WS:XSHG:688126,"National Silicon Industry Group Co.,Ltd.",CN_CSI300,China,XSHG,688126,688126.SS,DERIVED_RULE,688126.SS,DERIVED_RULE,CARRY_FORWARD,False,,,,,,,,False,False,False
WS:XSHG:688183,"SHENGYI ELECTRONICS CO., LTD.",CN_CSI300,China,XSHG,688183,688183.SS,DERIVED_RULE,688183.SS,DERIVED_RULE,CARRY_FORWARD,False,,,,,,,,False,False,False
WS:XSHG:688223,"Jinko Solar Co., Ltd.",CN_CSI300,China,XSHG,688223,688223.SS,DERIVED_RULE,688223.SS,DERIVED_RULE,CARRY_FORWARD,False,,,,,,,,False,False,False
WS:XSHG:688256,Cambricon Technologies Corporation Limited,CN_CSI300,China,XSHG,688256,688256.SS,DERIVED_RULE,688256.SS,DERIVED_RULE,CARRY_FORWARD,False,,,,,,,,False,False,False
WS:XSHG:688271,"Shanghai United Imaging Healthcare Co., Ltd.",CN_CSI300,China,XSHG,688271,688271.SS,DERIVED_RULE,688271.SS,DERIVED_RULE,CARRY_FORWARD,False,,,,,,,,False,False,False
WS:XSHG:688303,"XinJiang Daqo New Energy Co.,Ltd",CN_CSI300,China,XSHG,688303,688303.SS,DERIVED_RULE,688303.SS,DERIVED_RULE,CARRY_FORWARD,False,,,,,,,,False,False,False
WS:XSHG:688396,China Resources Microelectronics Limited,CN_CSI300,China,XSHG,688396,688396.SS,DERIVED_RULE,688396.SS,DERIVED_RULE,CARRY_FORWARD,False,,,,,,,,False,False,False
WS:XSHG:688472,"CSI Solar Co., Ltd.",CN_CSI300,China,XSHG,688472,688472.SS,DERIVED_RULE,688472.SS,DERIVED_RULE,CARRY_FORWARD,False,,,,,,,,False,False,False
WS:XSHG:688506,"Sichuan Biokin Pharmaceutical Co.,Ltd.",CN_CSI300,China,XSHG,688506,688506.SS,DERIVED_RULE,688506.SS,DERIVED_RULE,CARRY_FORWARD,False,,,,,,,,False,False,False
WS:XSHG:688521,"VeriSilicon Microelectronics (Shanghai) Co., Ltd.",CN_CSI300,China,XSHG,688521,688521.SS,DERIVED_RULE,688521.SS,DERIVED_RULE,CARRY_FORWARD,False,,,,,,,,False,False,False
WS:XSHG:688981,Semiconductor Manufacturing International Corporation,CN_CSI300,China,XSHG,688981,688981.SS,DERIVED_RULE,688981.SS,DERIVED_RULE,CARRY_FORWARD,False,,,,,,,,False,False,False
WS:XAMS:AALB.AS,AALBERTS,EU_STOXX600,NL,XAMS,AALB.AS,AALB.AS,DERIVED_RULE_NORMALIZED,AALB.AS,DERIVED_RULE_NORMALIZED,CARRY_FORWARD,False,,,,,,,,False,False,False
WS:XAMS:ABND.AS,ABN AMRO BANK,EU_STOXX600,NL,XAMS,ABNd.AS,ABN.AS,SEARCH_HIGH_CONFIDENCE,ABN.AS,SEARCH_HIGH_CONFIDENCE,CARRY_FORWARD,False,,,,,,,,False,False,False
WS:XAMS:AD.AS,AHOLD DELHAIZE,EU_STOXX600,NL,XAMS,AD.AS,AD.AS,DERIVED_RULE_NORMALIZED,AD.AS,DERIVED_RULE_NORMALIZED,CARRY_FORWARD,False,,,,,,,,False,False,False
WS:XAMS:ADYEN.AS,ADYEN,EU_STOXX600,NL,XAMS,ADYEN.AS,ADYEN.AS,DERIVED_RULE_NORMALIZED,ADYEN.AS,DERIVED_RULE_NORMALIZED,CARRY_FORWARD,False,,,,,,,,False,False,False
WS:XAMS:AEGN.AS,AEGON,EU_STOXX600,NL,XAMS,AEGN.AS,AGN.AS,SEARCH_HIGH_CONFIDENCE,AGN.AS,SEARCH_HIGH_CONFIDENCE,CARRY_FORWARD,False,,,,,,,,False,False,False
WS:XAMS:AKZO.AS,AKZO NOBEL,EU_STOXX600,NL,XAMS,AKZO.AS,,SEARCH_AMBIGUOUS,,SEARCH_AMBIGUOUS,CARRY_FORWARD,False,EU_REVIEW_REQUIRED,,,,,,,True,False,True
WS:XAMS:ALLFG.AS,ALLFUNDS GROUP,EU_STOXX600,NL,XAMS,ALLFG.AS,ALLFG.AS,DERIVED_RULE_NORMALIZED,ALLFG.AS,DERIVED_RULE_NORMALIZED,CARRY_FORWARD,False,,,,,,,,False,False,False
WS:XAMS:ARDS.AS,ARCADIS,EU_STOXX600,NL,XAMS,ARDS.AS,,SEARCH_AMBIGUOUS,,SEARCH_AMBIGUOUS,CARRY_FORWARD,False,EU_REVIEW_REQUIRED,,,,,,,True,False,True
WS:XAMS:ASMI.AS,ASM INTERNATIONAL,EU_STOXX600,NL,XAMS,ASMI.AS,ASM.AS,SEARCH_HIGH_CONFIDENCE,ASM.AS,SEARCH_HIGH_CONFIDENCE,CARRY_FORWARD,False,,,,,,,,False,False,False
WS:XAMS:ASML.AS,ASML HLDG,EU_STOXX600,NL,XAMS,ASML.AS,ASML.AS,DERIVED_RULE_NORMALIZED,ASML.AS,DERIVED_RULE_NORMALIZED,CARRY_FORWARD,False,,,,,,,,False,False,False
WS:XAMS:ASRNL.AS,ASR NEDERLAND NV,EU_STOXX600,NL,XAMS,ASRNL.AS,ASRNL.AS,DERIVED_RULE_NORMALIZED,ASRNL.AS,DERIVED_RULE_NORMALIZED,CARRY_FORWARD,False,,,,,,,,False,False,False
WS:XAMS:BAMN.AS,BAM GROEP KON.,EU_STOXX600,NL,XAMS,BAMN.AS,,SEARCH_NO_QUOTES,,SEARCH_NO_QUOTES,CARRY_FORWARD,False,EU_REVIEW_REQUIRED,,,,,,,True,False,True
WS:XAMS:BESI.AS,BE SEMICONDUCTOR,EU_STOXX600,NL,XAMS,BESI.AS,BESI.AS,DERIVED_RULE_NORMALIZED,BESI.AS,DERIVED_RULE_NORMALIZED,CARRY_FORWARD,False,,,,,,,,False,False,False
WS:XAMS:CSG.AS,CSG A,EU_STOXX600,NL,XAMS,CSG.AS,CSG.AS,DERIVED_RULE_NORMALIZED,CSG.AS,DERIVED_RULE_NORMALIZED,CARRY_FORWARD,False,,,,,,,,False,False,False
WS:XAMS:CVC.AS,CVC CAPITAL PARTNERS,EU_STOXX600,NL,XAMS,CVC.AS,CVC.AS,DERIVED_RULE_NORMALIZED,CVC.AS,DERIVED_RULE_NORMALIZED,CARRY_FORWARD,False,,,,,,,,False,False,False
WS:XAMS:DSFIR.AS,DSM FIRMENICH AG,EU_STOXX600,NL,XAMS,DSFIR.AS,DSFIR.AS,DERIVED_RULE_NORMALIZED,DSFIR.AS,DERIVED_RULE_NORMALIZED,CARRY_FORWARD,False,,,,,,,,False,False,False
WS:XAMS:EXOR.AS,EXOR NV,EU_STOXX600,NL,XAMS,EXOR.AS,,SEARCH_AMBIGUOUS,,SEARCH_AMBIGUOUS,CARRY_FORWARD,False,EU_REVIEW_REQUIRED,,,,,,,True,False,True
WS:XAMS:HEIN.AS,HEINEKEN,EU_STOXX600,NL,XAMS,HEIN.AS,HEIA.AS,PROJECT_OVERRIDE,HEIA.AS,PROJECT_OVERRIDE,CARRY_FORWARD,False,,,,,,,,False,False,False
WS:XAMS:HEIO.AS,HEINEKEN HLDG,EU_STOXX600,NL,XAMS,HEIO.AS,HEIO.AS,DERIVED_RULE_NORMALIZED,HEIO.AS,DERIVED_RULE_NORMALIZED,CARRY_FORWARD,False,,,,,,,,False,False,False
WS:XAMS:IMCD.AS,IMCD,EU_STOXX600,NL,XAMS,IMCD.AS,IMCD.AS,DERIVED_RULE_NORMALIZED,IMCD.AS,DERIVED_RULE_NORMALIZED,CARRY_FORWARD,False,,,,,,,,False,False,False
WS:XAMS:INGA.AS,ING GRP,EU_STOXX600,NL,XAMS,INGA.AS,INGA.AS,DERIVED_RULE_NORMALIZED,INGA.AS,DERIVED_RULE_NORMALIZED,CARRY_FORWARD,False,,,,,,,,False,False,False
WS:XAMS:INPST.AS,INPOST,EU_STOXX600,NL,XAMS,INPST.AS,INPST.AS,DERIVED_RULE_NORMALIZED,INPST.AS,DERIVED_RULE_NORMALIZED,CARRY_FORWARD,False,,,,,,,,False,False,False
WS:XAMS:KPN.AS,KPN,EU_STOXX600,NL,XAMS,KPN.AS,KPN.AS,DERIVED_RULE_NORMALIZED,KPN.AS,DERIVED_RULE_NORMALIZED,CARRY_FORWARD,False,,,,,,,,False,False,False
WS:XAMS:LIGHT.AS,SIGNIFY,EU_STOXX600,NL,XAMS,LIGHT.AS,LIGHT.AS,DERIVED_RULE_NORMALIZED,LIGHT.AS,DERIVED_RULE_NORMALIZED,CARRY_FORWARD,False,,,,,,,,False,False,False
WS:XAMS:MICCT.AS,THE MAGNUM ICE CREAM COMPANY,EU_STOXX600,NL,XAMS,MICCT.AS,MICC.AS,SEARCH_HIGH_CONFIDENCE,MICC.AS,SEARCH_HIGH_CONFIDENCE,CARRY_FORWARD,False,,,,,,,,False,False,False
WS:XAMS:MT.AS,ARCELORMITTAL,EU_STOXX600,FR,XAMS,MT.AS,MT.AS,DERIVED_RULE_NORMALIZED,MT.AS,DERIVED_RULE_NORMALIZED,CARRY_FORWARD,False,,,,,,,,False,False,False
WS:XAMS:NN.AS,NN GROUP,EU_STOXX600,NL,XAMS,NN.AS,NN.AS,DERIVED_RULE_NORMALIZED,NN.AS,DERIVED_RULE_NORMALIZED,CARRY_FORWARD,False,,,,,,,,False,False,False
WS:XAMS:PHG.AS,PHILIPS,EU_STOXX600,NL,XAMS,PHG.AS,,SEARCH_AMBIGUOUS,,SEARCH_AMBIGUOUS,CARRY_FORWARD,False,EU_REVIEW_REQUIRED,,,,,,,True,False,True
WS:XAMS:PRX.AS,Prosus,EU_STOXX600,NL,XAMS,PRX.AS,PRX.AS,DERIVED_RULE_NORMALIZED,PRX.AS,DERIVED_RULE_NORMALIZED,CARRY_FORWARD,False,,,,,,,,False,False,False
WS:XAMS:RAND.AS,RANDSTAD,EU_STOXX600,NL,XAMS,RAND.AS,RAND.AS,DERIVED_RULE_NORMALIZED,RAND.AS,DERIVED_RULE_NORMALIZED,CARRY_FORWARD,False,,,,,,,,False,False,False
WS:XAMS:SBMO.AS,SBM OFFSHORE,EU_STOXX600,NL,XAMS,SBMO.AS,SBMO.AS,DERIVED_RULE_NORMALIZED,SBMO.AS,DERIVED_RULE_NORMALIZED,CARRY_FORWARD,False,,,,,,,,False,False,False
WS:XAMS:SHEL.AS,SHELL,EU_STOXX600,GB,XAMS,SHEL.AS,SHELL.AS,SEARCH_HIGH_CONFIDENCE,SHELL.AS,SEARCH_HIGH_CONFIDENCE,CARRY_FORWARD,False,,,,,,,,False,False,False
WS:XAMS:UMG.AS,UMG,EU_STOXX600,NL,XAMS,UMG.AS,UMG.AS,DERIVED_RULE_NORMALIZED,UMG.AS,DERIVED_RULE_NORMALIZED,CARRY_FORWARD,False,,,,,,,,False,False,False
WS:XAMS:VOPA.AS,VOPAK,EU_STOXX600,NL,XAMS,VOPA.AS,,SEARCH_AMBIGUOUS,,SEARCH_AMBIGUOUS,CARRY_FORWARD,False,EU_REVIEW_REQUIRED,,,,,,,True,False,True
WS:XAMS:WLSNC.AS,WOLTERS KLUWER,EU_STOXX600,NL,XAMS,WLSNc.AS,WKL.AS,PROJECT_OVERRIDE,WKL.AS,PROJECT_OVERRIDE,CARRY_FORWARD,False,,,,,,,,False,False,False
WS:XBRU:ABI.BR,ANHEUSER-BUSCH INBEV,EU_STOXX600,BE,XBRU,ABI.BR,ABI.BR,DERIVED_RULE_NORMALIZED,ABI.BR,DERIVED_RULE_NORMALIZED,CARRY_FORWARD,False,,,,,,,,False,False,False
WS:XBRU:ACKB.BR,ACKERMANS & VAN HAAREN,EU_STOXX600,BE,XBRU,ACKB.BR,ACKB.BR,DERIVED_RULE_NORMALIZED,ACKB.BR,DERIVED_RULE_NORMALIZED,CARRY_FORWARD,False,,,,,,,,False,False,False
WS:XBRU:AGES.BR,AGEAS,EU_STOXX600,BE,XBRU,AGES.BR,AGS.BR,SEARCH_HIGH_CONFIDENCE,AGS.BR,SEARCH_HIGH_CONFIDENCE,CARRY_FORWARD,False,,,,,,,,False,False,False
WS:XBRU:AOO.BR,AEDIFICA,EU_STOXX600,BE,XBRU,AOO.BR,AED.BR,SEARCH_HIGH_CONFIDENCE,AED.BR,SEARCH_HIGH_CONFIDENCE,CARRY_FORWARD,False,,,,,,,,False,False,False
WS:XBRU:ARGX.BR,ARGENX,EU_STOXX600,BE,XBRU,ARGX.BR,ARGX.BR,DERIVED_RULE_NORMALIZED,ARGX.BR,DERIVED_RULE_NORMALIZED,CARRY_FORWARD,False,,,,,,,,False,False,False
WS:XBRU:ELI.BR,ELIA GROUP,EU_STOXX600,BE,XBRU,ELI.BR,ELI.BR,DERIVED_RULE_NORMALIZED,ELI.BR,DERIVED_RULE_NORMALIZED,CARRY_FORWARD,False,,,,,,,,False,False,False
WS:XBRU:GBLB.BR,GRP BRUXELLES LAMBERT,EU_STOXX600,BE,XBRU,GBLB.BR,GBLB.BR,DERIVED_RULE_NORMALIZED,GBLB.BR,DERIVED_RULE_NORMALIZED,CARRY_FORWARD,False,,,,,,,,False,False,False
WS:XBRU:IETB.BR,D'IETEREN GROUP,EU_STOXX600,BE,XBRU,IETB.BR,DIE.BR,SEARCH_HIGH_CONFIDENCE,DIE.BR,SEARCH_HIGH_CONFIDENCE,CARRY_FORWARD,False,,,,,,,,False,False,False
WS:XBRU:KBC.BR,KBC GRP,EU_STOXX600,BE,XBRU,KBC.BR,KBC.BR,DERIVED_RULE_NORMALIZED,KBC.BR,DERIVED_RULE_NORMALIZED,CARRY_FORWARD,False,,,,,,,,False,False,False
WS:XBRU:KBCA.BR,KBC ANCORA,EU_STOXX600,BE,XBRU,KBCA.BR,KBCA.BR,DERIVED_RULE_NORMALIZED,KBCA.BR,DERIVED_RULE_NORMALIZED,CARRY_FORWARD,False,,,,,,,,False,False,False
WS:XBRU:LOTB.BR,LOTUS BAKERIES,EU_STOXX600,BE,XBRU,LOTB.BR,LOTB.BR,DERIVED_RULE_NORMALIZED,LOTB.BR,DERIVED_RULE_NORMALIZED,CARRY_FORWARD,False,,,,,,,,False,False,False
WS:XBRU:SOF.BR,SOFINA,EU_STOXX600,BE,XBRU,SOF.BR,SOF.BR,DERIVED_RULE_NORMALIZED,SOF.BR,DERIVED_RULE_NORMALIZED,CARRY_FORWARD,False,,,,,,,,False,False,False
WS:XBRU:SYENS.BR,SYENSQO,EU_STOXX600,BE,XBRU,SYENS.BR,SYENS.BR,DERIVED_RULE_NORMALIZED,SYENS.BR,DERIVED_RULE_NORMALIZED,CARRY_FORWARD,False,,,,,,,,False,False,False
WS:XBRU:TUB.BR,FINANCIERE DE TUBIZE,EU_STOXX600,BE,XBRU,TUB.BR,TUB.BR,DERIVED_RULE_NORMALIZED,TUB.BR,DERIVED_RULE_NORMALIZED,CARRY_FORWARD,False,,,,,,,,False,False,False
WS:XBRU:UCB.BR,UCB,EU_STOXX600,BE,XBRU,UCB.BR,UCB.BR,DERIVED_RULE_NORMALIZED,UCB.BR,DERIVED_RULE_NORMALIZED,CARRY_FORWARD,False,,,,,,,,False,False,False
WS:XBRU:UMI.BR,UMICORE,EU_STOXX600,BE,XBRU,UMI.BR,UMI.BR,DERIVED_RULE_NORMALIZED,UMI.BR,DERIVED_RULE_NORMALIZED,CARRY_FORWARD,False,,,,,,,,False,False,False
WS:XBRU:WDPP.BR,WDP,EU_STOXX600,BE,XBRU,WDPP.BR,,SEARCH_AMBIGUOUS,,SEARCH_AMBIGUOUS,CARRY_FORWARD,False,EU_REVIEW_REQUIRED,,,,,,,True,False,True
WS:XCSE:ALKB.CO,ALK-ABELLO B,EU_STOXX600,DK,XCSE,ALKb.CO,,SEARCH_AMBIGUOUS,,SEARCH_AMBIGUOUS,CARRY_FORWARD,False,EU_REVIEW_REQUIRED,,,,,,,True,False,True
WS:XCSE:ALSYDB.CO,AL SYDBANK,EU_STOXX600,DK,XCSE,ALSYDB.CO,ALSYDB.CO,DERIVED_RULE_NORMALIZED,ALSYDB.CO,DERIVED_RULE_NORMALIZED,CARRY_FORWARD,False,,,,,,,,False,False,False
WS:XCSE:CARLB.CO,CARLSBERG B,EU_STOXX600,DK,XCSE,CARLb.CO,,SEARCH_AMBIGUOUS,CARL-B.CO,EXPECTED_MARKET_VERIFIED_EU,EU_EXPECTED_MARKET_FILTER,True,EXPECTED_MARKET_UNIQUE,Carlsberg A/S,CPH,0.833333,1.0,1,,False,False,False
WS:XCSE:COLOB.CO,COLOPLAST B,EU_STOXX600,DK,XCSE,COLOb.CO,,SEARCH_AMBIGUOUS,COLO-B.CO,EXPECTED_MARKET_VERIFIED_EU,EU_EXPECTED_MARKET_FILTER,True,EXPECTED_MARKET_UNIQUE,Coloplast A/S,CPH,0.833333,1.0,1,,False,False,False
WS:XCSE:DANSKE.CO,DANSKE BANK,EU_STOXX600,DK,XCSE,DANSKE.CO,DANSKE.CO,DERIVED_RULE_NORMALIZED,DANSKE.CO,DERIVED_RULE_NORMALIZED,CARRY_FORWARD,False,,,,,,,,False,False,False
WS:XCSE:DEMANT.CO,DEMANT,EU_STOXX600,DK,XCSE,DEMANT.CO,DEMANT.CO,DERIVED_RULE_NORMALIZED,DEMANT.CO,DERIVED_RULE_NORMALIZED,CARRY_FORWARD,False,,,,,,,,False,False,False
WS:XCSE:DSV.CO,DSV,EU_STOXX600,DK,XCSE,DSV.CO,DSV.CO,DERIVED_RULE_NORMALIZED,DSV.CO,DERIVED_RULE_NORMALIZED,CARRY_FORWARD,False,,,,,,,,False,False,False
WS:XCSE:FLS.CO,FLSMIDTH & COMPANY,EU_STOXX600,DK,XCSE,FLS.CO,FLS.CO,DERIVED_RULE_NORMALIZED,FLS.CO,DERIVED_RULE_NORMALIZED,CARRY_FORWARD,False,,,,,,,,False,False,False
WS:XCSE:GMAB.CO,GENMAB,EU_STOXX600,DK,XCSE,GMAB.CO,GMAB.CO,DERIVED_RULE_NORMALIZED,GMAB.CO,DERIVED_RULE_NORMALIZED,CARRY_FORWARD,False,,,,,,,,False,False,False
WS:XCSE:ISS.CO,ISS AS,EU_STOXX600,DK,XCSE,ISS.CO,ISS.CO,DERIVED_RULE_NORMALIZED,ISS.CO,DERIVED_RULE_NORMALIZED,CARRY_FORWARD,False,,,,,,,,False,False,False
WS:XCSE:JYSK.CO,JYSKE BANK,EU_STOXX600,DK,XCSE,JYSK.CO,JYSK.CO,DERIVED_RULE_NORMALIZED,JYSK.CO,DERIVED_RULE_NORMALIZED,CARRY_FORWARD,False,,,,,,,,False,False,False
WS:XCSE:MAERSKB.CO,A.P.MOLLER-MAERSK B,EU_STOXX600,DK,XCSE,MAERSKb.CO,,SEARCH_NO_QUOTES,,SEARCH_NO_QUOTES,CARRY_FORWARD,False,EU_REVIEW_REQUIRED,,,,,,,True,False,True
WS:XCSE:NKT.CO,NKT,EU_STOXX600,DK,XCSE,NKT.CO,NKT.CO,DERIVED_RULE_NORMALIZED,NKT.CO,DERIVED_RULE_NORMALIZED,CARRY_FORWARD,False,,,,,,,,False,False,False
WS:XCSE:NOVOB.CO,NOVO NORDISK B,EU_STOXX600,DK,XCSE,NOVOb.CO,NOVO-B.CO,SEARCH_HIGH_CONFIDENCE,NOVO-B.CO,SEARCH_HIGH_CONFIDENCE,CARRY_FORWARD,False,,,,,,,,False,False,False
WS:XCSE:NSISB.CO,NOVONESIS,EU_STOXX600,DK,XCSE,NSISb.CO,,SEARCH_AMBIGUOUS,NSIS-B.CO,EXPECTED_MARKET_VERIFIED_EU,EU_EXPECTED_MARKET_FILTER,True,EXPECTED_MARKET_UNIQUE,Novozymes A/S,CPH,0.636364,0.886364,1,,False,False,False
WS:XCSE:ORSTED.CO,ORSTED,EU_STOXX600,DK,XCSE,ORSTED.CO,ORSTED.CO,DERIVED_RULE_NORMALIZED,ORSTED.CO,DERIVED_RULE_NORMALIZED,CARRY_FORWARD,False,,,,,,,,False,False,False
WS:XCSE:PNDORA.CO,PANDORA,EU_STOXX600,DK,XCSE,PNDORA.CO,PNDORA.CO,DERIVED_RULE_NORMALIZED,PNDORA.CO,DERIVED_RULE_NORMALIZED,CARRY_FORWARD,False,,,,,,,,False,False,False
WS:XCSE:RBREW.CO,ROYAL UNIBREW,EU_STOXX600,DK,XCSE,RBREW.CO,RBREW.CO,DERIVED_RULE_NORMALIZED,RBREW.CO,DERIVED_RULE_NORMALIZED,CARRY_FORWARD,False,,,,,,,,False,False,False
WS:XCSE:RILBA.CO,RINGKJOBING LANDBOBANK,EU_STOXX600,DK,XCSE,RILBA.CO,RILBA.CO,DERIVED_RULE_NORMALIZED,RILBA.CO,DERIVED_RULE_NORMALIZED,CARRY_FORWARD,False,,,,,,,,False,False,False
WS:XCSE:ROCKB.CO,ROCKWOOL B,EU_STOXX600,DK,XCSE,ROCKb.CO,,SEARCH_NO_QUOTES,,SEARCH_NO_QUOTES,CARRY_FORWARD,False,EU_REVIEW_REQUIRED,,,,,,,True,False,True
WS:XCSE:TRYG.CO,TRYG,EU_STOXX600,DK,XCSE,TRYG.CO,TRYG.CO,DERIVED_RULE_NORMALIZED,TRYG.CO,DERIVED_RULE_NORMALIZED,CARRY_FORWARD,False,,,,,,,,False,False,False
WS:XCSE:VWS.CO,VESTAS WIND SYSTEMS,EU_STOXX600,DK,XCSE,VWS.CO,VWS.CO,DERIVED_RULE_NORMALIZED,VWS.CO,DERIVED_RULE_NORMALIZED,CARRY_FORWARD,False,,,,,,,,False,False,False
WS:XCSE:ZELA.CO,ZEALAND PHARMA,EU_STOXX600,DK,XCSE,ZELA.CO,ZEAL.CO,SEARCH_HIGH_CONFIDENCE,ZEAL.CO,SEARCH_HIGH_CONFIDENCE,CARRY_FORWARD,False,,,,,,,,False,False,False
WS:XDUB:AIBG.I,AIB GROUP,EU_STOXX600,IE,XDUB,AIBG.I,A5G.IR,SEARCH_HIGH_CONFIDENCE,A5G.IR,SEARCH_HIGH_CONFIDENCE,CARRY_FORWARD,False,,,,,,,,False,False,False
WS:XDUB:BIRG.I,BANK OF IRELAND GROUP,EU_STOXX600,IE,XDUB,BIRG.I,BIRG.IR,DERIVED_RULE_NORMALIZED,BIRG.IR,DERIVED_RULE_NORMALIZED,CARRY_FORWARD,False,,,,,,,,False,False,False
WS:XDUB:GL9.I,GLANBIA,EU_STOXX600,IE,XDUB,GL9.I,GL9.IR,DERIVED_RULE_NORMALIZED,GL9.IR,DERIVED_RULE_NORMALIZED,CARRY_FORWARD,False,,,,,,,,False,False,False
WS:XDUB:KSP.I,KINGSPAN GRP,EU_STOXX600,IE,XDUB,KSP.I,,SEARCH_NO_QUOTES,,SEARCH_NO_QUOTES,CARRY_FORWARD,False,EU_REVIEW_REQUIRED,,,,,,,True,False,True
WS:XDUB:KYGA.I,KERRY GRP,EU_STOXX600,IE,XDUB,KYGa.I,,SEARCH_NO_QUOTES,,SEARCH_NO_QUOTES,CARRY_FORWARD,False,EU_REVIEW_REQUIRED,,,,,,,True,False,True
WS:XDUB:RYA.I,RYANAIR,EU_STOXX600,IE,XDUB,RYA.I,RYA.IR,DERIVED_RULE_NORMALIZED,RYA.IR,DERIVED_RULE_NORMALIZED,CARRY_FORWARD,False,,,,,,,,False,False,False
WS:XETR:ADSGN.DE,ADIDAS,EU_STOXX600,DE,XETR,ADSGn.DE,ADS.DE,SEARCH_HIGH_CONFIDENCE,ADS.DE,SEARCH_HIGH_CONFIDENCE,CARRY_FORWARD,False,,,,,,,,False,False,False
WS:XETR:AG1G.DE,AUTO1 GROUP,EU_STOXX600,DE,XETR,AG1G.DE,,SEARCH_AMBIGUOUS,,SEARCH_AMBIGUOUS,CARRY_FORWARD,False,EU_REVIEW_REQUIRED,,,,,,,True,False,True
WS:XETR:AIXGN.DE,AIXTRON,EU_STOXX600,DE,XETR,AIXGn.DE,AIXA.DE,SEARCH_HIGH_CONFIDENCE,AIXA.DE,SEARCH_HIGH_CONFIDENCE,CARRY_FORWARD,False,,,,,,,,False,False,False
WS:XETR:ALVG.DE,ALLIANZ,EU_STOXX600,DE,XETR,ALVG.DE,ALV.DE,SEARCH_HIGH_CONFIDENCE,ALV.DE,SEARCH_HIGH_CONFIDENCE,CARRY_FORWARD,False,,,,,,,,False,False,False
WS:XETR:AMV0N.DE,AUMOVIO,EU_STOXX600,DE,XETR,AMV0n.DE,AMV0.DE,SEARCH_HIGH_CONFIDENCE,AMV0.DE,SEARCH_HIGH_CONFIDENCE,CARRY_FORWARD,False,,,,,,,,False,False,False
WS:XETR:BASFN.DE,BASF,EU_STOXX600,DE,XETR,BASFn.DE,BAS.DE,SEARCH_HIGH_CONFIDENCE,BAS.DE,SEARCH_HIGH_CONFIDENCE,CARRY_FORWARD,False,,,,,,,,False,False,False
WS:XETR:BAYGN.DE,BAYER,EU_STOXX600,DE,XETR,BAYGn.DE,,SEARCH_AMBIGUOUS,BAYN.DE,EXPECTED_MARKET_VERIFIED_EU,EU_EXPECTED_MARKET_FILTER,True,EXPECTED_MARKET_CLEAR_WINNER,Bayer Aktiengesellschaft,GER,0.725,0.516667,2,,False,False,False
WS:XETR:BC8G.DE,BECHTLE,EU_STOXX600,DE,XETR,BC8G.DE,BC8.DE,SEARCH_HIGH_CONFIDENCE,BC8.DE,SEARCH_HIGH_CONFIDENCE,CARRY_FORWARD,False,,,,,,,,False,False,False
WS:XETR:BEIG.DE,BEIERSDORF,EU_STOXX600,DE,XETR,BEIG.DE,,SEARCH_AMBIGUOUS,,SEARCH_AMBIGUOUS,CARRY_FORWARD,False,EU_REVIEW_REQUIRED,,,,,,,True,False,True
WS:XETR:BMWG.DE,BMW,EU_STOXX600,DE,XETR,BMWG.DE,,SEARCH_AMBIGUOUS,,SEARCH_AMBIGUOUS,CARRY_FORWARD,False,EU_REVIEW_REQUIRED,,,,,,,True,False,True
WS:XETR:BNRGN.DE,BRENNTAG,EU_STOXX600,DE,XETR,BNRGn.DE,BNR.DE,SEARCH_HIGH_CONFIDENCE,BNR.DE,SEARCH_HIGH_CONFIDENCE,CARRY_FORWARD,False,,,,,,,,False,False,False
WS:XETR:CBKG.DE,COMMERZBANK,EU_STOXX600,DE,XETR,CBKG.DE,CBK.DE,SEARCH_HIGH_CONFIDENCE,CBK.DE,SEARCH_HIGH_CONFIDENCE,CARRY_FORWARD,False,,,,,,,,False,False,False
WS:XETR:CONG.DE,CONTINENTAL,EU_STOXX600,DE,XETR,CONG.DE,,SEARCH_AMBIGUOUS,CON.DE,EXPECTED_MARKET_VERIFIED_EU,EU_EXPECTED_MARKET_FILTER,True,EXPECTED_MARKET_UNIQUE,Continental Aktiengesellschaft,GER,0.725,0.725,1,,False,False,False
WS:XETR:DB1GN.DE,DEUTSCHE BOERSE,EU_STOXX600,DE,XETR,DB1Gn.DE,,SEARCH_AMBIGUOUS,,SEARCH_AMBIGUOUS,CARRY_FORWARD,False,EU_REVIEW_REQUIRED,,,,,,,True,False,True
WS:XETR:DBKGN.DE,DEUTSCHE BANK,EU_STOXX600,DE,XETR,DBKGn.DE,,SEARCH_AMBIGUOUS,DBK.DE,EXPECTED_MARKET_VERIFIED_EU,EU_EXPECTED_MARKET_FILTER,True,EXPECTED_MARKET_UNIQUE,Deutsche Bank Aktiengesellschaft,GER,0.816667,0.816667,1,,False,False,False
WS:XETR:DHER.DE,DELIVERY HERO,EU_STOXX600,DE,XETR,DHER.DE,DHER.DE,DERIVED_RULE_NORMALIZED,DHER.DE,DERIVED_RULE_NORMALIZED,CARRY_FORWARD,False,,,,,,,,False,False,False
WS:XETR:DHLN.DE,DEUTSCHE POST,EU_STOXX600,DE,XETR,DHLn.DE,DHL.DE,SEARCH_HIGH_CONFIDENCE,DHL.DE,SEARCH_HIGH_CONFIDENCE,CARRY_FORWARD,False,,,,,,,,False,False,False
WS:XETR:DTEGN.DE,DEUTSCHE TELEKOM,EU_STOXX600,DE,XETR,DTEGn.DE,DTE.DE,SEARCH_HIGH_CONFIDENCE,DTE.DE,SEARCH_HIGH_CONFIDENCE,CARRY_FORWARD,False,,,,,,,,False,False,False
WS:XETR:DTGGE.DE,DAIMLER TRUCK,EU_STOXX600,DE,XETR,DTGGe.DE,DTG.DE,SEARCH_HIGH_CONFIDENCE,DTG.DE,SEARCH_HIGH_CONFIDENCE,CARRY_FORWARD,False,,,,,,,,False,False,False
WS:XETR:ENR1N.DE,SIEMENS ENERGY,EU_STOXX600,DE,XETR,ENR1n.DE,ENR.DE,SEARCH_HIGH_CONFIDENCE,ENR.DE,SEARCH_HIGH_CONFIDENCE,CARRY_FORWARD,False,,,,,,,,False,False,False
WS:XETR:EONGN.DE,E.ON,EU_STOXX600,DE,XETR,EONGn.DE,,SEARCH_AMBIGUOUS,,SEARCH_AMBIGUOUS,CARRY_FORWARD,False,EU_REVIEW_REQUIRED,,,,,,,True,False,True
WS:XETR:EVDG.DE,CTS EVENTIM,EU_STOXX600,DE,XETR,EVDG.DE,,SEARCH_AMBIGUOUS,EVD.DE,EXPECTED_MARKET_VERIFIED_EU,EU_EXPECTED_MARKET_FILTER,True,EXPECTED_MARKET_UNIQUE,CTS Eventim AG & Co. KGaA,GER,0.633333,0.633333,1,,False,False,False
WS:XETR:EVKN.DE,EVONIK INDUSTRIES,EU_STOXX600,DE,XETR,EVKn.DE,EVK.DE,SEARCH_HIGH_CONFIDENCE,EVK.DE,SEARCH_HIGH_CONFIDENCE,CARRY_FORWARD,False,,,,,,,,False,False,False
WS:XETR:FMEG.DE,FRESENIUS MEDICAL CARE,EU_STOXX600,DE,XETR,FMEG.DE,,SEARCH_AMBIGUOUS,,SEARCH_AMBIGUOUS,CARRY_FORWARD,False,EU_REVIEW_REQUIRED,,,,,,,True,False,True
WS:XETR:FNTGN.DE,FREENET,EU_STOXX600,DE,XETR,FNTGn.DE,FNTN.DE,SEARCH_HIGH_CONFIDENCE,FNTN.DE,SEARCH_HIGH_CONFIDENCE,CARRY_FORWARD,False,,,,,,,,False,False,False
WS:XETR:FPE3_P.DE,FUCHS PREF,EU_STOXX600,DE,XETR,FPE3_p.DE,,SEARCH_NO_QUOTES,,SEARCH_NO_QUOTES,CARRY_FORWARD,False,EU_REVIEW_REQUIRED,,,,,,,True,False,True
WS:XETR:FRAG.DE,FRAPORT,EU_STOXX600,DE,XETR,FRAG.DE,FRA.DE,SEARCH_HIGH_CONFIDENCE,FRA.DE,SEARCH_HIGH_CONFIDENCE,CARRY_FORWARD,False,,,,,,,,False,False,False
WS:XETR:FREG.DE,FRESENIUS,EU_STOXX600,DE,XETR,FREG.DE,,SEARCH_AMBIGUOUS,,SEARCH_AMBIGUOUS,CARRY_FORWARD,False,EU_REVIEW_REQUIRED,,,,,,,True,False,True
WS:XETR:FTKN.DE,FLATEXDEGIRO N,EU_STOXX600,DE,XETR,FTKn.DE,,SEARCH_NO_QUOTES,,SEARCH_NO_QUOTES,CARRY_FORWARD,False,EU_REVIEW_REQUIRED,,,,,,,True,False,True
WS:XETR:G1AG.DE,GEA GRP,EU_STOXX600,DE,XETR,G1AG.DE,,SEARCH_NO_QUOTES,,SEARCH_NO_QUOTES,CARRY_FORWARD,False,EU_REVIEW_REQUIRED,,,,,,,True,False,True
WS:XETR:G24N.DE,SCOUT24,EU_STOXX600,DE,XETR,G24n.DE,G24.DE,SEARCH_HIGH_CONFIDENCE,G24.DE,SEARCH_HIGH_CONFIDENCE,CARRY_FORWARD,False,,,,,,,,False,False,False
WS:XETR:GBFG.DE,BILFINGER,EU_STOXX600,DE,XETR,GBFG.DE,GBF.DE,SEARCH_HIGH_CONFIDENCE,GBF.DE,SEARCH_HIGH_CONFIDENCE,CARRY_FORWARD,False,,,,,,,,False,False,False
WS:XETR:HAGG.DE,HENSOLDT,EU_STOXX600,DE,XETR,HAGG.DE,HAG.DE,SEARCH_HIGH_CONFIDENCE,HAG.DE,SEARCH_HIGH_CONFIDENCE,CARRY_FORWARD,False,,,,,,,,False,False,False
WS:XETR:HEIG.DE,HEIDELBERG MATERIALS,EU_STOXX600,DE,XETR,HEIG.DE,HEI.DE,SEARCH_HIGH_CONFIDENCE,HEI.DE,SEARCH_HIGH_CONFIDENCE,CARRY_FORWARD,False,,,,,,,,False,False,False
WS:XETR:HNKG_P.DE,HENKEL PREF,EU_STOXX600,DE,XETR,HNKG_p.DE,,SEARCH_NO_QUOTES,,SEARCH_NO_QUOTES,CARRY_FORWARD,False,EU_REVIEW_REQUIRED,,,,,,,True,False,True
WS:XETR:HNRGN.DE,HANNOVER RUECK,EU_STOXX600,DE,XETR,HNRGn.DE,HNR1.DE,SEARCH_HIGH_CONFIDENCE,HNR1.DE,SEARCH_HIGH_CONFIDENCE,CARRY_FORWARD,False,,,,,,,,False,False,False
WS:XETR:HOTG.DE,HOCHTIEF,EU_STOXX600,DE,XETR,HOTG.DE,,SEARCH_AMBIGUOUS,HOT.DE,EXPECTED_MARKET_VERIFIED_EU,EU_EXPECTED_MARKET_FILTER,True,EXPECTED_MARKET_UNIQUE,HOCHTIEF Aktiengesellschaft,GER,0.725,0.725,1,,False,False,False
WS:XETR:IFXGN.DE,INFINEON TECHNOLOGIES,EU_STOXX600,DE,XETR,IFXGn.DE,IFX.DE,SEARCH_HIGH_CONFIDENCE,IFX.DE,SEARCH_HIGH_CONFIDENCE,CARRY_FORWARD,False,,,,,,,,False,False,False
WS:XETR:KBX.DE,KNORR BREMSE,EU_STOXX600,DE,XETR,KBX.DE,KBX.DE,DERIVED_RULE_NORMALIZED,KBX.DE,DERIVED_RULE_NORMALIZED,CARRY_FORWARD,False,,,,,,,,False,False,False
WS:XETR:KGX.DE,KION GROUP,EU_STOXX600,DE,XETR,KGX.DE,KGX.DE,DERIVED_RULE_NORMALIZED,KGX.DE,DERIVED_RULE_NORMALIZED,CARRY_FORWARD,False,,,,,,,,False,False,False
WS:XETR:LEGN.DE,LEG IMMOBILIEN,EU_STOXX600,DE,XETR,LEGn.DE,LEG.DE,SEARCH_HIGH_CONFIDENCE,LEG.DE,SEARCH_HIGH_CONFIDENCE,CARRY_FORWARD,False,,,,,,,,False,False,False
WS:XETR:LHAG.DE,LUFTHANSA,EU_STOXX600,DE,XETR,LHAG.DE,,SEARCH_AMBIGUOUS,LHA.DE,EXPECTED_MARKET_VERIFIED_EU,EU_EXPECTED_MARKET_FILTER,True,EXPECTED_MARKET_UNIQUE,Deutsche Lufthansa AG,GER,0.725,0.725,1,,False,False,False
WS:XETR:MBGN.DE,MERCEDES-BENZ GROUP,EU_STOXX600,DE,XETR,MBGn.DE,MBG.DE,SEARCH_HIGH_CONFIDENCE,MBG.DE,SEARCH_HIGH_CONFIDENCE,CARRY_FORWARD,False,,,,,,,,False,False,False
WS:XETR:MRCG.DE,MERCK,EU_STOXX600,DE,XETR,MRCG.DE,MRK.DE,PROJECT_OVERRIDE,MRK.DE,PROJECT_OVERRIDE,CARRY_FORWARD,False,,,,,,,,False,False,False
WS:XETR:MTXGN.DE,MTU AERO ENGINES,EU_STOXX600,DE,XETR,MTXGn.DE,MTX.DE,SEARCH_HIGH_CONFIDENCE,MTX.DE,SEARCH_HIGH_CONFIDENCE,CARRY_FORWARD,False,,,,,,,,False,False,False
WS:XETR:MUVGN.DE,MUENCHENER RUECK,EU_STOXX600,DE,XETR,MUVGn.DE,,SEARCH_AMBIGUOUS,,SEARCH_AMBIGUOUS,CARRY_FORWARD,False,EU_REVIEW_REQUIRED,,,,,,,True,False,True
WS:XETR:NAFG.DE,AURUBIS,EU_STOXX600,DE,XETR,NAFG.DE,NDA.DE,SEARCH_HIGH_CONFIDENCE,NDA.DE,SEARCH_HIGH_CONFIDENCE,CARRY_FORWARD,False,,,,,,,,False,False,False
WS:XETR:NDXG.DE,NORDEX,EU_STOXX600,DE,XETR,NDXG.DE,NDX1.DE,SEARCH_HIGH_CONFIDENCE,NDX1.DE,SEARCH_HIGH_CONFIDENCE,CARRY_FORWARD,False,,,,,,,,False,False,False
WS:XETR:NEKG.DE,NEMETSCHEK,EU_STOXX600,DE,XETR,NEKG.DE,NEM.DE,SEARCH_HIGH_CONFIDENCE,NEM.DE,SEARCH_HIGH_CONFIDENCE,CARRY_FORWARD,False,,,,,,,,False,False,False
WS:XETR:P911_P.DE,DR ING HC F PORSCHE PREF.,EU_STOXX600,DE,XETR,P911_p.DE,P911.DE,PROJECT_OVERRIDE,P911.DE,PROJECT_OVERRIDE,CARRY_FORWARD,False,,,,,,,,False,False,False
WS:XETR:PSHG_P.DE,PORSCHE AUTOMOBIL HLDG PREF,EU_STOXX600,DE,XETR,PSHG_p.DE,,SEARCH_NO_QUOTES,,SEARCH_NO_QUOTES,CARRY_FORWARD,False,EU_REVIEW_REQUIRED,,,,,,,True,False,True
WS:XETR:PUMG.DE,PUMA,EU_STOXX600,DE,XETR,PUMG.DE,PUM.DE,SEARCH_HIGH_CONFIDENCE,PUM.DE,SEARCH_HIGH_CONFIDENCE,CARRY_FORWARD,False,,,,,,,,False,False,False
WS:XETR:QIA.DE,QIAGEN,EU_STOXX600,DE,XETR,QIA.DE,QIA.DE,DERIVED_RULE_NORMALIZED,QIA.DE,DERIVED_RULE_NORMALIZED,CARRY_FORWARD,False,,,,,,,,False,False,False
WS:XETR:R3NK.DE,RENK,EU_STOXX600,DE,XETR,R3NK.DE,R3NK.DE,DERIVED_RULE_NORMALIZED,R3NK.DE,DERIVED_RULE_NORMALIZED,CARRY_FORWARD,False,,,,,,,,False,False,False
WS:XETR:RAAG.DE,RATIONAL,EU_STOXX600,DE,XETR,RAAG.DE,,SEARCH_AMBIGUOUS,,SEARCH_AMBIGUOUS,CARRY_FORWARD,False,EU_REVIEW_REQUIRED,,,,,,,True,False,True
WS:XETR:RHMG.DE,RHEINMETALL,EU_STOXX600,DE,XETR,RHMG.DE,RHM.DE,SEARCH_HIGH_CONFIDENCE,RHM.DE,SEARCH_HIGH_CONFIDENCE,CARRY_FORWARD,False,,,,,,,,False,False,False
WS:XETR:RWEG.DE,RWE,EU_STOXX600,DE,XETR,RWEG.DE,,SEARCH_AMBIGUOUS,RWE.DE,EXPECTED_MARKET_VERIFIED_EU,EU_EXPECTED_MARKET_FILTER,True,EXPECTED_MARKET_UNIQUE,RWE Aktiengesellschaft,GER,0.725,0.725,1,,False,False,False
WS:XETR:SAPG.DE,SAP,EU_STOXX600,DE,XETR,SAPG.DE,SAP.DE,SEARCH_HIGH_CONFIDENCE,SAP.DE,SEARCH_HIGH_CONFIDENCE,CARRY_FORWARD,False,,,,,,,,False,False,False
WS:XETR:SATG_P.DE,SARTORIUS PREF.,EU_STOXX600,DE,XETR,SATG_p.DE,,SEARCH_AMBIGUOUS,,SEARCH_AMBIGUOUS,CARRY_FORWARD,False,EU_REVIEW_REQUIRED,,,,,,,True,False,True
WS:XETR:SDFGN.DE,K + S,EU_STOXX600,DE,XETR,SDFGn.DE,,SEARCH_AMBIGUOUS,,SEARCH_AMBIGUOUS,CARRY_FORWARD,False,EU_REVIEW_REQUIRED,,,,,,,True,False,True
WS:XETR:SHLG.DE,SIEMENS HEALTHINEERS,EU_STOXX600,DE,XETR,SHLG.DE,SHL.DE,SEARCH_HIGH_CONFIDENCE,SHL.DE,SEARCH_HIGH_CONFIDENCE,CARRY_FORWARD,False,,,,,,,,False,False,False
WS:XETR:SIEGN.DE,SIEMENS,EU_STOXX600,DE,XETR,SIEGn.DE,,SEARCH_AMBIGUOUS,,SEARCH_AMBIGUOUS,CARRY_FORWARD,False,EU_REVIEW_REQUIRED,,,,,,,True,False,True
WS:XETR:SY1G.DE,SYMRISE,EU_STOXX600,DE,XETR,SY1G.DE,SY1.DE,SEARCH_HIGH_CONFIDENCE,SY1.DE,SEARCH_HIGH_CONFIDENCE,CARRY_FORWARD,False,,,,,,,,False,False,False
WS:XETR:TEGG.DE,TAG IMMOBILIEN AG,EU_STOXX600,DE,XETR,TEGG.DE,TEG.DE,SEARCH_HIGH_CONFIDENCE,TEG.DE,SEARCH_HIGH_CONFIDENCE,CARRY_FORWARD,False,,,,,,,,False,False,False
WS:XETR:TKAG.DE,THYSSENKRUPP,EU_STOXX600,DE,XETR,TKAG.DE,TKA.DE,SEARCH_HIGH_CONFIDENCE,TKA.DE,SEARCH_HIGH_CONFIDENCE,CARRY_FORWARD,False,,,,,,,,False,False,False
WS:XETR:TLXGN.DE,TALANX,EU_STOXX600,DE,XETR,TLXGn.DE,TLX.DE,SEARCH_HIGH_CONFIDENCE,TLX.DE,SEARCH_HIGH_CONFIDENCE,CARRY_FORWARD,False,,,,,,,,False,False,False
WS:XETR:TUI1N.DE,TUI,EU_STOXX600,DE,XETR,TUI1n.DE,TUI1.DE,SEARCH_HIGH_CONFIDENCE,TUI1.DE,SEARCH_HIGH_CONFIDENCE,CARRY_FORWARD,False,,,,,,,,False,False,False
WS:XETR:VNAN.DE,Vonovia SE,EU_STOXX600,DE,XETR,VNAn.DE,VNA.DE,SEARCH_HIGH_CONFIDENCE,VNA.DE,SEARCH_HIGH_CONFIDENCE,CARRY_FORWARD,False,,,,,,,,False,False,False
WS:XETR:VOWG_P.DE,VOLKSWAGEN PREF,EU_STOXX600,DE,XETR,VOWG_p.DE,,SEARCH_NO_QUOTES,,SEARCH_NO_QUOTES,CARRY_FORWARD,False,EU_REVIEW_REQUIRED,,,,,,,True,False,True
WS:XETR:ZALG.DE,ZALANDO,EU_STOXX600,DE,XETR,ZALG.DE,ZAL.DE,SEARCH_HIGH_CONFIDENCE,ZAL.DE,SEARCH_HIGH_CONFIDENCE,CARRY_FORWARD,False,,,,,,,,False,False,False
WS:XHEL:ELISA.HE,ELISA CORPORATION,EU_STOXX600,FI,XHEL,ELISA.HE,ELISA.HE,DERIVED_RULE_NORMALIZED,ELISA.HE,DERIVED_RULE_NORMALIZED,CARRY_FORWARD,False,,,,,,,,False,False,False
WS:XHEL:FORTUM.HE,FORTUM,EU_STOXX600,FI,XHEL,FORTUM.HE,FORTUM.HE,DERIVED_RULE_NORMALIZED,FORTUM.HE,DERIVED_RULE_NORMALIZED,CARRY_FORWARD,False,,,,,,,,False,False,False
WS:XHEL:HIAB.HE,HIAB,EU_STOXX600,FI,XHEL,HIAB.HE,HIAB.HE,DERIVED_RULE_NORMALIZED,HIAB.HE,DERIVED_RULE_NORMALIZED,CARRY_FORWARD,False,,,,,,,,False,False,False
WS:XHEL:HUH1V.HE,HUHTAMAKI,EU_STOXX600,FI,XHEL,HUH1V.HE,HUH1V.HE,DERIVED_RULE_NORMALIZED,HUH1V.HE,DERIVED_RULE_NORMALIZED,CARRY_FORWARD,False,,,,,,,,False,False,False
WS:XHEL:KCRA.HE,KONECRANES,EU_STOXX600,FI,XHEL,KCRA.HE,KCR.HE,SEARCH_HIGH_CONFIDENCE,KCR.HE,SEARCH_HIGH_CONFIDENCE,CARRY_FORWARD,False,,,,,,,,False,False,False
WS:XHEL:KEMIRA.HE,KEMIRA,EU_STOXX600,FI,XHEL,KEMIRA.HE,KEMIRA.HE,DERIVED_RULE_NORMALIZED,KEMIRA.HE,DERIVED_RULE_NORMALIZED,CARRY_FORWARD,False,,,,,,,,False,False,False
WS:XHEL:KESKOB.HE,KESKO,EU_STOXX600,FI,XHEL,KESKOB.HE,KESKOB.HE,DERIVED_RULE_NORMALIZED,KESKOB.HE,DERIVED_RULE_NORMALIZED,CARRY_FORWARD,False,,,,,,,,False,False,False
WS:XHEL:KNEBV.HE,KONE B,EU_STOXX600,FI,XHEL,KNEBV.HE,KNEBV.HE,DERIVED_RULE_NORMALIZED,KNEBV.HE,DERIVED_RULE_NORMALIZED,CARRY_FORWARD,False,,,,,,,,False,False,False
WS:XHEL:MANTA.HE,Mandatum,EU_STOXX600,FI,XHEL,MANTA.HE,MANTA.HE,DERIVED_RULE_NORMALIZED,MANTA.HE,DERIVED_RULE_NORMALIZED,CARRY_FORWARD,False,,,,,,,,False,False,False
WS:XHEL:METSO.HE,METSO,EU_STOXX600,FI,XHEL,METSO.HE,METSO.HE,DERIVED_RULE_NORMALIZED,METSO.HE,DERIVED_RULE_NORMALIZED,CARRY_FORWARD,False,,,,,,,,False,False,False
WS:XHEL:NDAFI.HE,NORDEA BANK,EU_STOXX600,FI,XHEL,NDAFI.HE,,SEARCH_AMBIGUOUS,NDA-FI.HE,EXPECTED_MARKET_VERIFIED_EU,EU_EXPECTED_MARKET_FILTER,True,EXPECTED_MARKET_UNIQUE,Nordea Bank Abp,HEL,0.846154,0.846154,1,,False,False,False
WS:XHEL:NESTE.HE,NESTE,EU_STOXX600,FI,XHEL,NESTE.HE,NESTE.HE,DERIVED_RULE_NORMALIZED,NESTE.HE,DERIVED_RULE_NORMALIZED,CARRY_FORWARD,False,,,,,,,,False,False,False
WS:XHEL:NOKIA.HE,NOKIA,EU_STOXX600,FI,XHEL,NOKIA.HE,NOKIA.HE,DERIVED_RULE_NORMALIZED,NOKIA.HE,DERIVED_RULE_NORMALIZED,CARRY_FORWARD,False,,,,,,,,False,False,False
WS:XHEL:ORNBV.HE,ORION B,EU_STOXX600,FI,XHEL,ORNBV.HE,ORNBV.HE,DERIVED_RULE_NORMALIZED,ORNBV.HE,DERIVED_RULE_NORMALIZED,CARRY_FORWARD,False,,,,,,,,False,False,False
WS:XHEL:SAMPO.HE,SAMPO,EU_STOXX600,FI,XHEL,SAMPO.HE,SAMPO.HE,DERIVED_RULE_NORMALIZED,SAMPO.HE,DERIVED_RULE_NORMALIZED,CARRY_FORWARD,False,,,,,,,,False,False,False
WS:XHEL:STERV.HE,STORA ENSO R,EU_STOXX600,FI,XHEL,STERV.HE,STERV.HE,DERIVED_RULE_NORMALIZED,STERV.HE,DERIVED_RULE_NORMALIZED,CARRY_FORWARD,False,,,,,,,,False,False,False
WS:XHEL:UPM.HE,UPM KYMMENE,EU_STOXX600,FI,XHEL,UPM.HE,UPM.HE,DERIVED_RULE_NORMALIZED,UPM.HE,DERIVED_RULE_NORMALIZED,CARRY_FORWARD,False,,,,,,,,False,False,False
WS:XHEL:VALMT.HE,Valmet,EU_STOXX600,FI,XHEL,VALMT.HE,VALMT.HE,DERIVED_RULE_NORMALIZED,VALMT.HE,DERIVED_RULE_NORMALIZED,CARRY_FORWARD,False,,,,,,,,False,False,False
WS:XHEL:WRT1V.HE,WARTSILA,EU_STOXX600,FI,XHEL,WRT1V.HE,WRT1V.HE,DERIVED_RULE_NORMALIZED,WRT1V.HE,DERIVED_RULE_NORMALIZED,CARRY_FORWARD,False,,,,,,,,False,False,False
WS:XLIS:BCP.LS,BCO COMERCIAL PORTUGUES,EU_STOXX600,PT,XLIS,BCP.LS,BCP.LS,DERIVED_RULE_NORMALIZED,BCP.LS,DERIVED_RULE_NORMALIZED,CARRY_FORWARD,False,,,,,,,,False,False,False
WS:XLIS:EDP.LS,EDP (PT),EU_STOXX600,PT,XLIS,EDP.LS,EDP.LS,DERIVED_RULE_NORMALIZED,EDP.LS,DERIVED_RULE_NORMALIZED,CARRY_FORWARD,False,,,,,,,,False,False,False
WS:XLIS:EDPR.LS,EDP RENEWABLES,EU_STOXX600,PT,XLIS,EDPR.LS,EDPR.LS,DERIVED_RULE_NORMALIZED,EDPR.LS,DERIVED_RULE_NORMALIZED,CARRY_FORWARD,False,,,,,,,,False,False,False
WS:XLIS:GALP.LS,GALP ENERGIA,EU_STOXX600,PT,XLIS,GALP.LS,GALP.LS,DERIVED_RULE_NORMALIZED,GALP.LS,DERIVED_RULE_NORMALIZED,CARRY_FORWARD,False,,,,,,,,False,False,False
WS:XLIS:JMT.LS,JERONIMO MARTINS,EU_STOXX600,PT,XLIS,JMT.LS,JMT.LS,DERIVED_RULE_NORMALIZED,JMT.LS,DERIVED_RULE_NORMALIZED,CARRY_FORWARD,False,,,,,,,,False,False,False
WS:XLON:AAF.L,AIRTEL AFRICA PLC,EU_STOXX600,GB,XLON,AAF.L,AAF.L,DERIVED_RULE_NORMALIZED,AAF.L,DERIVED_RULE_NORMALIZED,CARRY_FORWARD,False,,,,,,,,False,False,False
WS:XLON:AAL.L,ANGLO AMERICAN,EU_STOXX600,GB,XLON,AAL.L,AAL.L,DERIVED_RULE_NORMALIZED,AAL.L,DERIVED_RULE_NORMALIZED,CARRY_FORWARD,False,,,,,,,,False,False,False
WS:XLON:ABDN.L,ABERDEEN GROUP,EU_STOXX600,GB,XLON,ABDN.L,ABDN.L,DERIVED_RULE_NORMALIZED,ABDN.L,DERIVED_RULE_NORMALIZED,CARRY_FORWARD,False,,,,,,,,False,False,False
WS:XLON:ABF.L,ASSOCIATED BRITISH FOODS,EU_STOXX600,GB,XLON,ABF.L,ABF.L,DERIVED_RULE_NORMALIZED,ABF.L,DERIVED_RULE_NORMALIZED,CARRY_FORWARD,False,,,,,,,,False,False,False
WS:XLON:ADML.L,ADMIRAL GRP,EU_STOXX600,GB,XLON,ADML.L,,SEARCH_NO_QUOTES,,SEARCH_NO_QUOTES,CARRY_FORWARD,False,EU_REVIEW_REQUIRED,,,,,,,True,False,True
WS:XLON:ANTO.L,ANTOFAGASTA,EU_STOXX600,GB,XLON,ANTO.L,ANTO.L,DERIVED_RULE_NORMALIZED,ANTO.L,DERIVED_RULE_NORMALIZED,CARRY_FORWARD,False,,,,,,,,False,False,False
WS:XLON:AUTOA.L,AUTOTRADER GROUP,EU_STOXX600,GB,XLON,AUTOA.L,AUTO.L,SEARCH_HIGH_CONFIDENCE,AUTO.L,SEARCH_HIGH_CONFIDENCE,CARRY_FORWARD,False,,,,,,,,False,False,False
WS:XLON:AV.L,AVIVA,EU_STOXX600,GB,XLON,AV.L,AV.L,DERIVED_RULE_NORMALIZED,AV.L,DERIVED_RULE_NORMALIZED,CARRY_FORWARD,False,,,,,,,,False,False,False
WS:XLON:AZN.L,ASTRAZENECA,EU_STOXX600,GB,XLON,AZN.L,AZN.L,DERIVED_RULE_NORMALIZED,AZN.L,DERIVED_RULE_NORMALIZED,CARRY_FORWARD,False,,,,,,,,False,False,False
WS:XLON:BAB.L,BABCOCK INTERNATIONAL,EU_STOXX600,GB,XLON,BAB.L,BAB.L,DERIVED_RULE_NORMALIZED,BAB.L,DERIVED_RULE_NORMALIZED,CARRY_FORWARD,False,,,,,,,,False,False,False
WS:XLON:BAES.L,BAE SYSTEMS,EU_STOXX600,GB,XLON,BAES.L,BA.L,PROJECT_OVERRIDE,BA.L,PROJECT_OVERRIDE,CARRY_FORWARD,False,,,,,,,,False,False,False
WS:XLON:BALF.L,BALFOUR BEATTY,EU_STOXX600,GB,XLON,BALF.L,BBY.L,SEARCH_HIGH_CONFIDENCE,BBY.L,SEARCH_HIGH_CONFIDENCE,CARRY_FORWARD,False,,,,,,,,False,False,False
WS:XLON:BARC.L,BARCLAYS,EU_STOXX600,GB,XLON,BARC.L,BARC.L,DERIVED_RULE_NORMALIZED,BARC.L,DERIVED_RULE_NORMALIZED,CARRY_FORWARD,False,,,,,,,,False,False,False
WS:XLON:BATS.L,BRITISH AMERICAN TOBACCO,EU_STOXX600,GB,XLON,BATS.L,BATS.L,DERIVED_RULE_NORMALIZED,BATS.L,DERIVED_RULE_NORMALIZED,CARRY_FORWARD,False,,,,,,,,False,False,False
WS:XLON:BBOXT.L,TRITAX BIG BOX REIT,EU_STOXX600,GB,XLON,BBOXT.L,BBOX.L,SEARCH_HIGH_CONFIDENCE,BBOX.L,SEARCH_HIGH_CONFIDENCE,CARRY_FORWARD,False,,,,,,,,False,False,False
WS:XLON:BEZG.L,BEAZLEY,EU_STOXX600,GB,XLON,BEZG.L,BEZ.L,SEARCH_HIGH_CONFIDENCE,BEZ.L,SEARCH_HIGH_CONFIDENCE,CARRY_FORWARD,False,,,,,,,,False,False,False
WS:XLON:BGEO.L,LION FINANCE GROUP,EU_STOXX600,GB,XLON,BGEO.L,BGEO.L,DERIVED_RULE_NORMALIZED,BGEO.L,DERIVED_RULE_NORMALIZED,CARRY_FORWARD,False,,,,,,,,False,False,False
WS:XLON:BKGH.L,BERKELEY GRP HLDG,EU_STOXX600,GB,XLON,BKGH.L,,SEARCH_NO_QUOTES,,SEARCH_NO_QUOTES,CARRY_FORWARD,False,EU_REVIEW_REQUIRED,,,,,,,True,False,True
WS:XLON:BLND.L,BRITISH LAND COMPANY,EU_STOXX600,GB,XLON,BLND.L,BLND.L,DERIVED_RULE_NORMALIZED,BLND.L,DERIVED_RULE_NORMALIZED,CARRY_FORWARD,False,,,,,,,,False,False,False
WS:XLON:BNZL.L,BUNZL,EU_STOXX600,GB,XLON,BNZL.L,BNZL.L,DERIVED_RULE_NORMALIZED,BNZL.L,DERIVED_RULE_NORMALIZED,CARRY_FORWARD,False,,,,,,,,False,False,False
WS:XLON:BP.L,BP,EU_STOXX600,GB,XLON,BP.L,BP.L,DERIVED_RULE_NORMALIZED,BP.L,DERIVED_RULE_NORMALIZED,CARRY_FORWARD,False,,,,,,,,False,False,False
WS:XLON:BPTB.L,BRIDGEPOINT GROUP,EU_STOXX600,GB,XLON,BPTB.L,BPT.L,SEARCH_HIGH_CONFIDENCE,BPT.L,SEARCH_HIGH_CONFIDENCE,CARRY_FORWARD,False,,,,,,,,False,False,False
WS:XLON:BRBY.L,BURBERRY,EU_STOXX600,GB,XLON,BRBY.L,BRBY.L,DERIVED_RULE_NORMALIZED,BRBY.L,DERIVED_RULE_NORMALIZED,CARRY_FORWARD,False,,,,,,,,False,False,False
WS:XLON:BT.L,BT GRP,EU_STOXX600,GB,XLON,BT.L,,SEARCH_NO_QUOTES,,SEARCH_NO_QUOTES,CARRY_FORWARD,False,EU_REVIEW_REQUIRED,,,,,,,True,False,True
WS:XLON:BTRW.L,BARRATT REDROW,EU_STOXX600,GB,XLON,BTRW.L,BTRW.L,DERIVED_RULE_NORMALIZED,BTRW.L,DERIVED_RULE_NORMALIZED,CARRY_FORWARD,False,,,,,,,,False,False,False
WS:XLON:BWY.L,BELLWAY,EU_STOXX600,GB,XLON,BWY.L,BWY.L,DERIVED_RULE_NORMALIZED,BWY.L,DERIVED_RULE_NORMALIZED,CARRY_FORWARD,False,,,,,,,,False,False,False
WS:XLON:CCC.L,COMPUTACENTER,EU_STOXX600,GB,XLON,CCC.L,CCC.L,DERIVED_RULE_NORMALIZED,CCC.L,DERIVED_RULE_NORMALIZED,CARRY_FORWARD,False,,,,,,,,False,False,False
WS:XLON:CCH.L,COCA-COLA HBC,EU_STOXX600,GB,XLON,CCH.L,CCH.L,DERIVED_RULE_NORMALIZED,CCH.L,DERIVED_RULE_NORMALIZED,CARRY_FORWARD,False,,,,,,,,False,False,False
WS:XLON:CNA.L,CENTRICA,EU_STOXX600,GB,XLON,CNA.L,CNA.L,DERIVED_RULE_NORMALIZED,CNA.L,DERIVED_RULE_NORMALIZED,CARRY_FORWARD,False,,,,,,,,False,False,False
WS:XLON:CPG.L,COMPASS GRP,EU_STOXX600,GB,XLON,CPG.L,CPG.L,DERIVED_RULE_NORMALIZED,CPG.L,DERIVED_RULE_NORMALIZED,CARRY_FORWARD,False,,,,,,,,False,False,False
WS:XLON:CRDA.L,CRODA INTERNATIONAL,EU_STOXX600,GB,XLON,CRDA.L,CRDA.L,DERIVED_RULE_NORMALIZED,CRDA.L,DERIVED_RULE_NORMALIZED,CARRY_FORWARD,False,,,,,,,,False,False,False
WS:XLON:CTEC.L,CONVATEC PLC,EU_STOXX600,GB,XLON,CTEC.L,CTEC.L,DERIVED_RULE_NORMALIZED,CTEC.L,DERIVED_RULE_NORMALIZED,CARRY_FORWARD,False,,,,,,,,False,False,False
WS:XLON:CWK.L,CRANSWICK,EU_STOXX600,GB,XLON,CWK.L,CWK.L,DERIVED_RULE_NORMALIZED,CWK.L,DERIVED_RULE_NORMALIZED,CARRY_FORWARD,False,,,,,,,,False,False,False
WS:XLON:DCC.L,DCC ENERGY,EU_STOXX600,GB,XLON,DCC.L,DCC.L,DERIVED_RULE_NORMALIZED,DCC.L,DERIVED_RULE_NORMALIZED,CARRY_FORWARD,False,,,,,,,,False,False,False
WS:XLON:DGE.L,DIAGEO,EU_STOXX600,GB,XLON,DGE.L,DGE.L,DERIVED_RULE_NORMALIZED,DGE.L,DERIVED_RULE_NORMALIZED,CARRY_FORWARD,False,,,,,,,,False,False,False
WS:XLON:DLN.L,DERWENT LONDON,EU_STOXX600,GB,XLON,DLN.L,DLN.L,DERIVED_RULE_NORMALIZED,DLN.L,DERIVED_RULE_NORMALIZED,CARRY_FORWARD,False,,,,,,,,False,False,False
WS:XLON:DPLM.L,DIPLOMA,EU_STOXX600,GB,XLON,DPLM.L,DPLM.L,DERIVED_RULE_NORMALIZED,DPLM.L,DERIVED_RULE_NORMALIZED,CARRY_FORWARD,False,,,,,,,,False,False,False
WS:XLON:DRX.L,DRAX GRP,EU_STOXX600,GB,XLON,DRX.L,DRX.L,DERIVED_RULE_NORMALIZED,DRX.L,DERIVED_RULE_NORMALIZED,CARRY_FORWARD,False,,,,,,,,False,False,False
WS:XLON:EMG.L,MAN GRP,EU_STOXX600,GB,XLON,EMG.L,EMG.L,DERIVED_RULE_NORMALIZED,EMG.L,DERIVED_RULE_NORMALIZED,CARRY_FORWARD,False,,,,,,,,False,False,False
WS:XLON:ENT.L,ENTAIN,EU_STOXX600,GB,XLON,ENT.L,ENT.L,DERIVED_RULE_NORMALIZED,ENT.L,DERIVED_RULE_NORMALIZED,CARRY_FORWARD,False,,,,,,,,False,False,False
WS:XLON:EXPN.L,EXPERIAN,EU_STOXX600,GB,XLON,EXPN.L,EXPN.L,DERIVED_RULE_NORMALIZED,EXPN.L,DERIVED_RULE_NORMALIZED,CARRY_FORWARD,False,,,,,,,,False,False,False
WS:XLON:FRES.L,FRESNILLO,EU_STOXX600,GB,XLON,FRES.L,FRES.L,DERIVED_RULE_NORMALIZED,FRES.L,DERIVED_RULE_NORMALIZED,CARRY_FORWARD,False,,,,,,,,False,False,False
WS:XLON:GAW.L,GAMES WORKSHOP,EU_STOXX600,GB,XLON,GAW.L,GAW.L,DERIVED_RULE_NORMALIZED,GAW.L,DERIVED_RULE_NORMALIZED,CARRY_FORWARD,False,,,,,,,,False,False,False
WS:XLON:GLEN.L,GLENCORE PLC,EU_STOXX600,GB,XLON,GLEN.L,GLEN.L,DERIVED_RULE_NORMALIZED,GLEN.L,DERIVED_RULE_NORMALIZED,CARRY_FORWARD,False,,,,,,,,False,False,False
WS:XLON:GSK.L,GSK,EU_STOXX600,GB,XLON,GSK.L,GSK.L,DERIVED_RULE_NORMALIZED,GSK.L,DERIVED_RULE_NORMALIZED,CARRY_FORWARD,False,,,,,,,,False,False,False
WS:XLON:HIK.L,HIKMA PHARMACEUTICALS,EU_STOXX600,GB,XLON,HIK.L,HIK.L,DERIVED_RULE_NORMALIZED,HIK.L,DERIVED_RULE_NORMALIZED,CARRY_FORWARD,False,,,,,,,,False,False,False
WS:XLON:HLMA.L,HALMA,EU_STOXX600,GB,XLON,HLMA.L,HLMA.L,DERIVED_RULE_NORMALIZED,HLMA.L,DERIVED_RULE_NORMALIZED,CARRY_FORWARD,False,,,,,,,,False,False,False
WS:XLON:HLN.L,HALEON,EU_STOXX600,GB,XLON,HLN.L,HLN.L,DERIVED_RULE_NORMALIZED,HLN.L,DERIVED_RULE_NORMALIZED,CARRY_FORWARD,False,,,,,,,,False,False,False
WS:XLON:HOCM.L,HOCHSCHILD MINING,EU_STOXX600,GB,XLON,HOCM.L,HOC.L,SEARCH_HIGH_CONFIDENCE,HOC.L,SEARCH_HIGH_CONFIDENCE,CARRY_FORWARD,False,,,,,,,,False,False,False
WS:XLON:HSBA.L,HSBC,EU_STOXX600,GB,XLON,HSBA.L,HSBA.L,DERIVED_RULE_NORMALIZED,HSBA.L,DERIVED_RULE_NORMALIZED,CARRY_FORWARD,False,,,,,,,,False,False,False
WS:XLON:HSX.L,HISCOX,EU_STOXX600,GB,XLON,HSX.L,HSX.L,DERIVED_RULE_NORMALIZED,HSX.L,DERIVED_RULE_NORMALIZED,CARRY_FORWARD,False,,,,,,,,False,False,False
WS:XLON:HWDN.L,HOWDEN JOINERY GRP,EU_STOXX600,GB,XLON,HWDN.L,HWDN.L,DERIVED_RULE_NORMALIZED,HWDN.L,DERIVED_RULE_NORMALIZED,CARRY_FORWARD,False,,,,,,,,False,False,False
WS:XLON:ICAG.L,IAG,EU_STOXX600,GB,XLON,ICAG.L,,SEARCH_AMBIGUOUS,,SEARCH_AMBIGUOUS,CARRY_FORWARD,False,EU_REVIEW_REQUIRED,,,,,,,True,False,True
WS:XLON:ICGIN.L,ICG,EU_STOXX600,GB,XLON,ICGIN.L,,SEARCH_AMBIGUOUS,,SEARCH_AMBIGUOUS,CARRY_FORWARD,False,EU_REVIEW_REQUIRED,,,,,,,True,False,True
WS:XLON:IGG.L,IG GRP HLDG,EU_STOXX600,GB,XLON,IGG.L,IGG.L,DERIVED_RULE_NORMALIZED,IGG.L,DERIVED_RULE_NORMALIZED,CARRY_FORWARD,False,,,,,,,,False,False,False
WS:XLON:IHG.L,INTERCONTINENTAL HOTELS GRP,EU_STOXX600,GB,XLON,IHG.L,IHG.L,DERIVED_RULE_NORMALIZED,IHG.L,DERIVED_RULE_NORMALIZED,CARRY_FORWARD,False,,,,,,,,False,False,False
WS:XLON:III.L,3I GROUP PLC.,EU_STOXX600,GB,XLON,III.L,III.L,DERIVED_RULE_NORMALIZED,III.L,DERIVED_RULE_NORMALIZED,CARRY_FORWARD,False,,,,,,,,False,False,False
WS:XLON:IMB.L,IMPERIAL BRANDS,EU_STOXX600,GB,XLON,IMB.L,IMB.L,DERIVED_RULE_NORMALIZED,IMB.L,DERIVED_RULE_NORMALIZED,CARRY_FORWARD,False,,,,,,,,False,False,False
WS:XLON:IMI.L,IMI,EU_STOXX600,GB,XLON,IMI.L,IMI.L,DERIVED_RULE_NORMALIZED,IMI.L,DERIVED_RULE_NORMALIZED,CARRY_FORWARD,False,,,,,,,,False,False,False
WS:XLON:INCH.L,INCHCAPE,EU_STOXX600,GB,XLON,INCH.L,INCH.L,DERIVED_RULE_NORMALIZED,INCH.L,DERIVED_RULE_NORMALIZED,CARRY_FORWARD,False,,,,,,,,False,False,False
WS:XLON:INF.L,INFORMA,EU_STOXX600,GB,XLON,INF.L,INF.L,DERIVED_RULE_NORMALIZED,INF.L,DERIVED_RULE_NORMALIZED,CARRY_FORWARD,False,,,,,,,,False,False,False
WS:XLON:INVP.L,INVESTEC,EU_STOXX600,GB,XLON,INVP.L,INVP.L,DERIVED_RULE_NORMALIZED,INVP.L,DERIVED_RULE_NORMALIZED,CARRY_FORWARD,False,,,,,,,,False,False,False
WS:XLON:ITRK.L,INTERTEK GRP,EU_STOXX600,GB,XLON,ITRK.L,ITRK.L,DERIVED_RULE_NORMALIZED,ITRK.L,DERIVED_RULE_NORMALIZED,CARRY_FORWARD,False,,,,,,,,False,False,False
WS:XLON:ITV.L,ITV,EU_STOXX600,GB,XLON,ITV.L,ITV.L,DERIVED_RULE_NORMALIZED,ITV.L,DERIVED_RULE_NORMALIZED,CARRY_FORWARD,False,,,,,,,,False,False,False
WS:XLON:JD.L,JD SPORTS FASHION,EU_STOXX600,GB,XLON,JD.L,JD.L,DERIVED_RULE_NORMALIZED,JD.L,DERIVED_RULE_NORMALIZED,CARRY_FORWARD,False,,,,,,,,False,False,False
WS:XLON:JMAT.L,JOHNSON MATTHEY,EU_STOXX600,GB,XLON,JMAT.L,JMAT.L,DERIVED_RULE_NORMALIZED,JMAT.L,DERIVED_RULE_NORMALIZED,CARRY_FORWARD,False,,,,,,,,False,False,False
WS:XLON:KGF.L,KINGFISHER,EU_STOXX600,GB,XLON,KGF.L,KGF.L,DERIVED_RULE_NORMALIZED,KGF.L,DERIVED_RULE_NORMALIZED,CARRY_FORWARD,False,,,,,,,,False,False,False
WS:XLON:LAND.L,LAND SECURITIES,EU_STOXX600,GB,XLON,LAND.L,LAND.L,DERIVED_RULE_NORMALIZED,LAND.L,DERIVED_RULE_NORMALIZED,CARRY_FORWARD,False,,,,,,,,False,False,False
WS:XLON:LGEN.L,LEGAL & GENERAL GRP,EU_STOXX600,GB,XLON,LGEN.L,LGEN.L,DERIVED_RULE_NORMALIZED,LGEN.L,DERIVED_RULE_NORMALIZED,CARRY_FORWARD,False,,,,,,,,False,False,False
WS:XLON:LLOY.L,LLOYDS BANKING GRP,EU_STOXX600,GB,XLON,LLOY.L,LLOY.L,DERIVED_RULE_NORMALIZED,LLOY.L,DERIVED_RULE_NORMALIZED,CARRY_FORWARD,False,,,,,,,,False,False,False
WS:XLON:LMPL.L,LONDONMETRIC PROPERTY PLC,EU_STOXX600,GB,XLON,LMPL.L,LMP.L,PROJECT_OVERRIDE,LMP.L,PROJECT_OVERRIDE,CARRY_FORWARD,False,,,,,,,,False,False,False
WS:XLON:LSEG.L,LONDON STOCK EXCHANGE,EU_STOXX600,GB,XLON,LSEG.L,LSEG.L,DERIVED_RULE_NORMALIZED,LSEG.L,DERIVED_RULE_NORMALIZED,CARRY_FORWARD,False,,,,,,,,False,False,False
WS:XLON:MKS.L,MARKS & SPENCER GRP,EU_STOXX600,GB,XLON,MKS.L,MKS.L,DERIVED_RULE_NORMALIZED,MKS.L,DERIVED_RULE_NORMALIZED,CARRY_FORWARD,False,,,,,,,,False,False,False
WS:XLON:MNDI.L,MONDI,EU_STOXX600,GB,XLON,MNDI.L,MNDI.L,DERIVED_RULE_NORMALIZED,MNDI.L,DERIVED_RULE_NORMALIZED,CARRY_FORWARD,False,,,,,,,,False,False,False
WS:XLON:MNG.L,M&G,EU_STOXX600,GB,XLON,MNG.L,MNG.L,DERIVED_RULE_NORMALIZED,MNG.L,DERIVED_RULE_NORMALIZED,CARRY_FORWARD,False,,,,,,,,False,False,False
WS:XLON:MRON.L,MELROSE INDUSTRIES,EU_STOXX600,GB,XLON,MRON.L,MRO.L,SEARCH_HIGH_CONFIDENCE,MRO.L,SEARCH_HIGH_CONFIDENCE,CARRY_FORWARD,False,,,,,,,,False,False,False
WS:XLON:MTO.L,MITIE GROUP,EU_STOXX600,GB,XLON,MTO.L,MTO.L,DERIVED_RULE_NORMALIZED,MTO.L,DERIVED_RULE_NORMALIZED,CARRY_FORWARD,False,,,,,,,,False,False,False
WS:XLON:NG.L,NATIONAL GRID,EU_STOXX600,GB,XLON,NG.L,NG.L,DERIVED_RULE_NORMALIZED,NG.L,DERIVED_RULE_NORMALIZED,CARRY_FORWARD,False,,,,,,,,False,False,False
WS:XLON:NWG.L,NATWEST GROUP,EU_STOXX600,GB,XLON,NWG.L,NWG.L,DERIVED_RULE_NORMALIZED,NWG.L,DERIVED_RULE_NORMALIZED,CARRY_FORWARD,False,,,,,,,,False,False,False
WS:XLON:NXT.L,NEXT,EU_STOXX600,GB,XLON,NXT.L,NXT.L,DERIVED_RULE_NORMALIZED,NXT.L,DERIVED_RULE_NORMALIZED,CARRY_FORWARD,False,,,,,,,,False,False,False
WS:XLON:PAFR.L,PAN AFRICAN RESOURCES,EU_STOXX600,GB,XLON,PAFR.L,PAF.L,SEARCH_HIGH_CONFIDENCE,PAF.L,SEARCH_HIGH_CONFIDENCE,CARRY_FORWARD,False,,,,,,,,False,False,False
WS:XLON:PHP.L,PRIMARY HEALTH PROPS.,EU_STOXX600,GB,XLON,PHP.L,PHP.L,DERIVED_RULE_NORMALIZED,PHP.L,DERIVED_RULE_NORMALIZED,CARRY_FORWARD,False,,,,,,,,False,False,False
WS:XLON:PLUSP.L,PLUS500,EU_STOXX600,GB,XLON,PLUSP.L,PLUS.L,SEARCH_HIGH_CONFIDENCE,PLUS.L,SEARCH_HIGH_CONFIDENCE,CARRY_FORWARD,False,,,,,,,,False,False,False
WS:XLON:PNN.L,PENNON GRP,EU_STOXX600,GB,XLON,PNN.L,PNN.L,DERIVED_RULE_NORMALIZED,PNN.L,DERIVED_RULE_NORMALIZED,CARRY_FORWARD,False,,,,,,,,False,False,False
WS:XLON:PRU.L,PRUDENTIAL,EU_STOXX600,GB,XLON,PRU.L,PRU.L,DERIVED_RULE_NORMALIZED,PRU.L,DERIVED_RULE_NORMALIZED,CARRY_FORWARD,False,,,,,,,,False,False,False
WS:XLON:PSN.L,PERSIMMON,EU_STOXX600,GB,XLON,PSN.L,PSN.L,DERIVED_RULE_NORMALIZED,PSN.L,DERIVED_RULE_NORMALIZED,CARRY_FORWARD,False,,,,,,,,False,False,False
WS:XLON:PSON.L,PEARSON,EU_STOXX600,GB,XLON,PSON.L,PSON.L,DERIVED_RULE_NORMALIZED,PSON.L,DERIVED_RULE_NORMALIZED,CARRY_FORWARD,False,,,,,,,,False,False,False
WS:XLON:QLT.L,QUILTER,EU_STOXX600,GB,XLON,QLT.L,QLT.L,DERIVED_RULE_NORMALIZED,QLT.L,DERIVED_RULE_NORMALIZED,CARRY_FORWARD,False,,,,,,,,False,False,False
WS:XLON:QQ.L,QINETIQ GRP,EU_STOXX600,GB,XLON,QQ.L,QQ.L,DERIVED_RULE_NORMALIZED,QQ.L,DERIVED_RULE_NORMALIZED,CARRY_FORWARD,False,,,,,,,,False,False,False
WS:XLON:REL.L,RELX PLC,EU_STOXX600,GB,XLON,REL.L,REL.L,DERIVED_RULE_NORMALIZED,REL.L,DERIVED_RULE_NORMALIZED,CARRY_FORWARD,False,,,,,,,,False,False,False
WS:XLON:RIO.L,RIO TINTO,EU_STOXX600,GB,XLON,RIO.L,RIO.L,DERIVED_RULE_NORMALIZED,RIO.L,DERIVED_RULE_NORMALIZED,CARRY_FORWARD,False,,,,,,,,False,False,False
WS:XLON:RKT.L,RECKITT BENCKISER GRP,EU_STOXX600,GB,XLON,RKT.L,RKT.L,DERIVED_RULE_NORMALIZED,RKT.L,DERIVED_RULE_NORMALIZED,CARRY_FORWARD,False,,,,,,,,False,False,False
WS:XLON:RMV.L,RIGHTMOVE GRP,EU_STOXX600,GB,XLON,RMV.L,RMV.L,DERIVED_RULE_NORMALIZED,RMV.L,DERIVED_RULE_NORMALIZED,CARRY_FORWARD,False,,,,,,,,False,False,False
WS:XLON:ROR.L,ROTORK,EU_STOXX600,GB,XLON,ROR.L,ROR.L,DERIVED_RULE_NORMALIZED,ROR.L,DERIVED_RULE_NORMALIZED,CARRY_FORWARD,False,,,,,,,,False,False,False
WS:XLON:RR.L,ROLLS ROYCE HLDG,EU_STOXX600,GB,XLON,RR.L,RR.L,DERIVED_RULE_NORMALIZED,RR.L,DERIVED_RULE_NORMALIZED,CARRY_FORWARD,False,,,,,,,,False,False,False
WS:XLON:RS1R.L,RS Group,EU_STOXX600,GB,XLON,RS1R.L,RS1.L,SEARCH_HIGH_CONFIDENCE,RS1.L,SEARCH_HIGH_CONFIDENCE,CARRY_FORWARD,False,,,,,,,,False,False,False
WS:XLON:RTO.L,RENTOKIL INITIAL,EU_STOXX600,GB,XLON,RTO.L,RTO.L,DERIVED_RULE_NORMALIZED,RTO.L,DERIVED_RULE_NORMALIZED,CARRY_FORWARD,False,,,,,,,,False,False,False
WS:XLON:SBRY.L,SAINSBURY (J),EU_STOXX600,GB,XLON,SBRY.L,SBRY.L,DERIVED_RULE_NORMALIZED,SBRY.L,DERIVED_RULE_NORMALIZED,CARRY_FORWARD,False,,,,,,,,False,False,False
WS:XLON:SDLF.L,STANDARD LIFE,EU_STOXX600,GB,XLON,SDLF.L,SDLF.L,DERIVED_RULE_NORMALIZED,SDLF.L,DERIVED_RULE_NORMALIZED,CARRY_FORWARD,False,,,,,,,,False,False,False
WS:XLON:SDR.L,SCHRODERS,EU_STOXX600,GB,XLON,SDR.L,SDR.L,DERIVED_RULE_NORMALIZED,SDR.L,DERIVED_RULE_NORMALIZED,CARRY_FORWARD,False,,,,,,,,False,False,False
WS:XLON:SGE.L,SAGE GRP,EU_STOXX600,GB,XLON,SGE.L,SGE.L,DERIVED_RULE_NORMALIZED,SGE.L,DERIVED_RULE_NORMALIZED,CARRY_FORWARD,False,,,,,,,,False,False,False
WS:XLON:SGRO.L,SEGRO,EU_STOXX600,GB,XLON,SGRO.L,SGRO.L,DERIVED_RULE_NORMALIZED,SGRO.L,DERIVED_RULE_NORMALIZED,CARRY_FORWARD,False,,,,,,,,False,False,False
WS:XLON:SHCS.L,SHAFTESBURY CAPITAL,EU_STOXX600,GB,XLON,SHCS.L,SHC.L,SEARCH_HIGH_CONFIDENCE,SHC.L,SEARCH_HIGH_CONFIDENCE,CARRY_FORWARD,False,,,,,,,,False,False,False
WS:XLON:SJP.L,ST.JAMES'S PLACE CAPITAL,EU_STOXX600,GB,XLON,SJP.L,,SEARCH_NO_QUOTES,,SEARCH_NO_QUOTES,CARRY_FORWARD,False,EU_REVIEW_REQUIRED,,,,,,,True,False,True
WS:XLON:SMIN.L,SMITHS GRP,EU_STOXX600,GB,XLON,SMIN.L,SMIN.L,DERIVED_RULE_NORMALIZED,SMIN.L,DERIVED_RULE_NORMALIZED,CARRY_FORWARD,False,,,,,,,,False,False,False
WS:XLON:SN.L,SMITH & NEPHEW,EU_STOXX600,GB,XLON,SN.L,SN.L,DERIVED_RULE_NORMALIZED,SN.L,DERIVED_RULE_NORMALIZED,CARRY_FORWARD,False,,,,,,,,False,False,False
WS:XLON:SPX.L,SPIRAX,EU_STOXX600,GB,XLON,SPX.L,SPX.L,DERIVED_RULE_NORMALIZED,SPX.L,DERIVED_RULE_NORMALIZED,CARRY_FORWARD,False,,,,,,,,False,False,False
WS:XLON:SRP.L,SERCO GRP,EU_STOXX600,GB,XLON,SRP.L,SRP.L,DERIVED_RULE_NORMALIZED,SRP.L,DERIVED_RULE_NORMALIZED,CARRY_FORWARD,False,,,,,,,,False,False,False
WS:XLON:SSE.L,SCOTTISH & SOUTHERN ENERGY,EU_STOXX600,GB,XLON,SSE.L,SSE.L,DERIVED_RULE_NORMALIZED,SSE.L,DERIVED_RULE_NORMALIZED,CARRY_FORWARD,False,,,,,,,,False,False,False
WS:XLON:STAN.L,STANDARD CHARTERED,EU_STOXX600,GB,XLON,STAN.L,STAN.L,DERIVED_RULE_NORMALIZED,STAN.L,DERIVED_RULE_NORMALIZED,CARRY_FORWARD,False,,,,,,,,False,False,False
WS:XLON:SVT.L,SEVERN TRENT,EU_STOXX600,GB,XLON,SVT.L,SVT.L,DERIVED_RULE_NORMALIZED,SVT.L,DERIVED_RULE_NORMALIZED,CARRY_FORWARD,False,,,,,,,,False,False,False
WS:XLON:TBCG.L,TBC BANK GROUP,EU_STOXX600,GB,XLON,TBCG.L,TBCG.L,DERIVED_RULE_NORMALIZED,TBCG.L,DERIVED_RULE_NORMALIZED,CARRY_FORWARD,False,,,,,,,,False,False,False
WS:XLON:TCAPI.L,TP ICAP,EU_STOXX600,GB,XLON,TCAPI.L,TCAP.L,SEARCH_HIGH_CONFIDENCE,TCAP.L,SEARCH_HIGH_CONFIDENCE,CARRY_FORWARD,False,,,,,,,,False,False,False
WS:XLON:TSCO.L,TESCO,EU_STOXX600,GB,XLON,TSCO.L,TSCO.L,DERIVED_RULE_NORMALIZED,TSCO.L,DERIVED_RULE_NORMALIZED,CARRY_FORWARD,False,,,,,,,,False,False,False
WS:XLON:TW.L,TAYLOR WIMPEY,EU_STOXX600,GB,XLON,TW.L,TW.L,DERIVED_RULE_NORMALIZED,TW.L,DERIVED_RULE_NORMALIZED,CARRY_FORWARD,False,,,,,,,,False,False,False
WS:XLON:ULVR.L,UNILEVER PLC,EU_STOXX600,GB,XLON,ULVR.L,ULVR.L,DERIVED_RULE_NORMALIZED,ULVR.L,DERIVED_RULE_NORMALIZED,CARRY_FORWARD,False,,,,,,,,False,False,False
WS:XLON:UTG.L,UNITE GROUP PLC,EU_STOXX600,GB,XLON,UTG.L,UTG.L,DERIVED_RULE_NORMALIZED,UTG.L,DERIVED_RULE_NORMALIZED,CARRY_FORWARD,False,,,,,,,,False,False,False
WS:XLON:UU.L,UNITED UTILITIES GRP,EU_STOXX600,GB,XLON,UU.L,UU.L,DERIVED_RULE_NORMALIZED,UU.L,DERIVED_RULE_NORMALIZED,CARRY_FORWARD,False,,,,,,,,False,False,False
WS:XLON:VOD.L,VODAFONE GRP,EU_STOXX600,GB,XLON,VOD.L,VOD.L,DERIVED_RULE_NORMALIZED,VOD.L,DERIVED_RULE_NORMALIZED,CARRY_FORWARD,False,,,,,,,,False,False,False
WS:XLON:WEIR.L,WEIR GRP,EU_STOXX600,GB,XLON,WEIR.L,WEIR.L,DERIVED_RULE_NORMALIZED,WEIR.L,DERIVED_RULE_NORMALIZED,CARRY_FORWARD,False,,,,,,,,False,False,False
WS:XLON:WISEA.L,WISE GROUP A,EU_STOXX600,GB,XLON,WISEa.L,WISE.L,PROJECT_OVERRIDE,WISE.L,PROJECT_OVERRIDE,CARRY_FORWARD,False,,,,,,,,False,False,False
WS:XLON:WPP.L,WPP,EU_STOXX600,GB,XLON,WPP.L,WPP.L,DERIVED_RULE_NORMALIZED,WPP.L,DERIVED_RULE_NORMALIZED,CARRY_FORWARD,False,,,,,,,,False,False,False
WS:XLON:WTB.L,WHITBREAD,EU_STOXX600,GB,XLON,WTB.L,WTB.L,DERIVED_RULE_NORMALIZED,WTB.L,DERIVED_RULE_NORMALIZED,CARRY_FORWARD,False,,,,,,,,False,False,False
WS:XLON:ZEG.L,ZEGONA COMMUNICATIONS,EU_STOXX600,GB,XLON,ZEG.L,ZEG.L,DERIVED_RULE_NORMALIZED,ZEG.L,DERIVED_RULE_NORMALIZED,CARRY_FORWARD,False,,,,,,,,False,False,False
WS:XMAD:ACS.MC,ACS,EU_STOXX600,ES,XMAD,ACS.MC,ACS.MC,DERIVED_RULE_NORMALIZED,ACS.MC,DERIVED_RULE_NORMALIZED,CARRY_FORWARD,False,,,,,,,,False,False,False
WS:XMAD:ACX.MC,ACERINOX,EU_STOXX600,ES,XMAD,ACX.MC,ACX.MC,DERIVED_RULE_NORMALIZED,ACX.MC,DERIVED_RULE_NORMALIZED,CARRY_FORWARD,False,,,,,,,,False,False,False
WS:XMAD:AENA.MC,AENA SME,EU_STOXX600,ES,XMAD,AENA.MC,AENA.MC,DERIVED_RULE_NORMALIZED,AENA.MC,DERIVED_RULE_NORMALIZED,CARRY_FORWARD,False,,,,,,,,False,False,False
WS:XMAD:AMA.MC,AMADEUS IT GROUP,EU_STOXX600,ES,XMAD,AMA.MC,,SEARCH_AMBIGUOUS,,SEARCH_AMBIGUOUS,CARRY_FORWARD,False,EU_REVIEW_REQUIRED,,,,,,,True,False,True
WS:XMAD:ANA.MC,ACCIONA S.A.,EU_STOXX600,ES,XMAD,ANA.MC,ANA.MC,DERIVED_RULE_NORMALIZED,ANA.MC,DERIVED_RULE_NORMALIZED,CARRY_FORWARD,False,,,,,,,,False,False,False
WS:XMAD:BBVA.MC,BCO BILBAO VIZCAYA ARGENTARIA,EU_STOXX600,ES,XMAD,BBVA.MC,BBVA.MC,DERIVED_RULE_NORMALIZED,BBVA.MC,DERIVED_RULE_NORMALIZED,CARRY_FORWARD,False,,,,,,,,False,False,False
WS:XMAD:BKT.MC,BANKINTER,EU_STOXX600,ES,XMAD,BKT.MC,BKT.MC,DERIVED_RULE_NORMALIZED,BKT.MC,DERIVED_RULE_NORMALIZED,CARRY_FORWARD,False,,,,,,,,False,False,False
WS:XMAD:CABK.MC,CAIXABANK,EU_STOXX600,ES,XMAD,CABK.MC,CABK.MC,DERIVED_RULE_NORMALIZED,CABK.MC,DERIVED_RULE_NORMALIZED,CARRY_FORWARD,False,,,,,,,,False,False,False
WS:XMAD:CLNX.MC,CELLNEX TELECOM,EU_STOXX600,ES,XMAD,CLNX.MC,CLNX.MC,DERIVED_RULE_NORMALIZED,CLNX.MC,DERIVED_RULE_NORMALIZED,CARRY_FORWARD,False,,,,,,,,False,False,False
WS:XMAD:ELE.MC,ENDESA,EU_STOXX600,ES,XMAD,ELE.MC,ELE.MC,DERIVED_RULE_NORMALIZED,ELE.MC,DERIVED_RULE_NORMALIZED,CARRY_FORWARD,False,,,,,,,,False,False,False
WS:XMAD:ENAG.MC,ENAGAS,EU_STOXX600,ES,XMAD,ENAG.MC,,SEARCH_AMBIGUOUS,ENG.MC,EXPECTED_MARKET_VERIFIED_EU,EU_EXPECTED_MARKET_FILTER,True,EXPECTED_MARKET_UNIQUE,"Enagás, S.A.",MCE,0.75,0.75,1,,False,False,False
WS:XMAD:FER.MC,FERROVIAL,EU_STOXX600,ES,XMAD,FER.MC,FER.MC,DERIVED_RULE_NORMALIZED,FER.MC,DERIVED_RULE_NORMALIZED,CARRY_FORWARD,False,,,,,,,,False,False,False
WS:XMAD:GRLS.MC,GRIFOLS,EU_STOXX600,ES,XMAD,GRLS.MC,,SEARCH_AMBIGUOUS,GRF.MC,EXPECTED_MARKET_VERIFIED_EU,EU_EXPECTED_MARKET_FILTER,True,EXPECTED_MARKET_UNIQUE,"Grifols, S.A.",MCE,0.777778,0.777778,1,,False,False,False
WS:XMAD:IBE.MC,IBERDROLA,EU_STOXX600,ES,XMAD,IBE.MC,IBE.MC,DERIVED_RULE_NORMALIZED,IBE.MC,DERIVED_RULE_NORMALIZED,CARRY_FORWARD,False,,,,,,,,False,False,False
WS:XMAD:IDR.MC,INDRA SISTEMAS,EU_STOXX600,ES,XMAD,IDR.MC,IDR.MC,DERIVED_RULE_NORMALIZED,IDR.MC,DERIVED_RULE_NORMALIZED,CARRY_FORWARD,False,,,,,,,,False,False,False
WS:XMAD:ITX.MC,Industria de Diseno Textil SA,EU_STOXX600,ES,XMAD,ITX.MC,ITX.MC,DERIVED_RULE_NORMALIZED,ITX.MC,DERIVED_RULE_NORMALIZED,CARRY_FORWARD,False,,,,,,,,False,False,False
WS:XMAD:MAP.MC,MAPFRE,EU_STOXX600,ES,XMAD,MAP.MC,MAP.MC,DERIVED_RULE_NORMALIZED,MAP.MC,DERIVED_RULE_NORMALIZED,CARRY_FORWARD,False,,,,,,,,False,False,False
WS:XMAD:MRL.MC,MERLIN PROPERTIES SOCIMI,EU_STOXX600,ES,XMAD,MRL.MC,MRL.MC,DERIVED_RULE_NORMALIZED,MRL.MC,DERIVED_RULE_NORMALIZED,CARRY_FORWARD,False,,,,,,,,False,False,False
WS:XMAD:NTGY.MC,Naturgy Energy Group,EU_STOXX600,ES,XMAD,NTGY.MC,NTGY.MC,DERIVED_RULE_NORMALIZED,NTGY.MC,DERIVED_RULE_NORMALIZED,CARRY_FORWARD,False,,,,,,,,False,False,False
WS:XMAD:PUIGB.MC,PUIG BRANDS B,EU_STOXX600,ES,XMAD,PUIGb.MC,,SEARCH_NO_QUOTES,,SEARCH_NO_QUOTES,CARRY_FORWARD,False,EU_REVIEW_REQUIRED,,,,,,,True,False,True
WS:XMAD:REDE.MC,Redeia Corporacion,EU_STOXX600,ES,XMAD,REDE.MC,RED.MC,SEARCH_HIGH_CONFIDENCE,RED.MC,SEARCH_HIGH_CONFIDENCE,CARRY_FORWARD,False,,,,,,,,False,False,False
WS:XMAD:REP.MC,REPSOL,EU_STOXX600,ES,XMAD,REP.MC,REP.MC,DERIVED_RULE_NORMALIZED,REP.MC,DERIVED_RULE_NORMALIZED,CARRY_FORWARD,False,,,,,,,,False,False,False
WS:XMAD:SABE.MC,BCO SABADELL,EU_STOXX600,ES,XMAD,SABE.MC,,SEARCH_NO_QUOTES,,SEARCH_NO_QUOTES,CARRY_FORWARD,False,EU_REVIEW_REQUIRED,,,,,,,True,False,True
WS:XMAD:SAN.MC,BCO SANTANDER,EU_STOXX600,ES,XMAD,SAN.MC,SAN.MC,DERIVED_RULE_NORMALIZED,SAN.MC,DERIVED_RULE_NORMALIZED,CARRY_FORWARD,False,,,,,,,,False,False,False
WS:XMAD:SCYR.MC,SACYR,EU_STOXX600,ES,XMAD,SCYR.MC,SCYR.MC,DERIVED_RULE_NORMALIZED,SCYR.MC,DERIVED_RULE_NORMALIZED,CARRY_FORWARD,False,,,,,,,,False,False,False
WS:XMAD:TEF.MC,TELEFONICA,EU_STOXX600,ES,XMAD,TEF.MC,TEF.MC,DERIVED_RULE_NORMALIZED,TEF.MC,DERIVED_RULE_NORMALIZED,CARRY_FORWARD,False,,,,,,,,False,False,False
WS:XMAD:UNI.MC,UNICAJA BANCO S.A.,EU_STOXX600,ES,XMAD,UNI.MC,UNI.MC,DERIVED_RULE_NORMALIZED,UNI.MC,DERIVED_RULE_NORMALIZED,CARRY_FORWARD,False,,,,,,,,False,False,False
WS:XMAD:VIS.MC,VISCOFAN,EU_STOXX600,ES,XMAD,VIS.MC,VIS.MC,DERIVED_RULE_NORMALIZED,VIS.MC,DERIVED_RULE_NORMALIZED,CARRY_FORWARD,False,,,,,,,,False,False,False
WS:XMIL:A2.MI,A2A,EU_STOXX600,IT,XMIL,A2.MI,,SEARCH_AMBIGUOUS,,SEARCH_AMBIGUOUS,CARRY_FORWARD,False,EU_REVIEW_REQUIRED,,,,,,,True,False,True
WS:XMIL:AZMT.MI,AZIMUT HLDG,EU_STOXX600,IT,XMIL,AZMT.MI,,SEARCH_NO_QUOTES,,SEARCH_NO_QUOTES,CARRY_FORWARD,False,EU_REVIEW_REQUIRED,,,,,,,True,False,True
WS:XMIL:BAMI.MI,BANCO BPM,EU_STOXX600,IT,XMIL,BAMI.MI,BAMI.MI,DERIVED_RULE_NORMALIZED,BAMI.MI,DERIVED_RULE_NORMALIZED,CARRY_FORWARD,False,,,,,,,,False,False,False
WS:XMIL:BCU.MI,BRUNELLO CUCINELLI,EU_STOXX600,IT,XMIL,BCU.MI,,SEARCH_AMBIGUOUS,,SEARCH_AMBIGUOUS,CARRY_FORWARD,False,EU_REVIEW_REQUIRED,,,,,,,True,False,True
WS:XMIL:BGN.MI,BCA GENERALI,EU_STOXX600,IT,XMIL,BGN.MI,BGN.MI,DERIVED_RULE_NORMALIZED,BGN.MI,DERIVED_RULE_NORMALIZED,CARRY_FORWARD,False,,,,,,,,False,False,False
WS:XMIL:BMED.MI,BANCA MEDIOLANUM,EU_STOXX600,IT,XMIL,BMED.MI,BMED.MI,DERIVED_RULE_NORMALIZED,BMED.MI,DERIVED_RULE_NORMALIZED,CARRY_FORWARD,False,,,,,,,,False,False,False
WS:XMIL:BMPS.MI,BANCA MONTE DEI PASCHI,EU_STOXX600,IT,XMIL,BMPS.MI,BMPS.MI,DERIVED_RULE_NORMALIZED,BMPS.MI,DERIVED_RULE_NORMALIZED,CARRY_FORWARD,False,,,,,,,,False,False,False
WS:XMIL:BZU.MI,BUZZI,EU_STOXX600,IT,XMIL,BZU.MI,BZU.MI,DERIVED_RULE_NORMALIZED,BZU.MI,DERIVED_RULE_NORMALIZED,CARRY_FORWARD,False,,,,,,,,False,False,False
WS:XMIL:CPRI.MI,DAVIDE CAMPARI,EU_STOXX600,IT,XMIL,CPRI.MI,,SEARCH_AMBIGUOUS,CPR.MI,EXPECTED_MARKET_VERIFIED_EU,EU_EXPECTED_MARKET_FILTER,True,EXPECTED_MARKET_UNIQUE,Davide Campari-Milano N.V.,MIL,0.717949,0.717949,1,,False,False,False
WS:XMIL:CRDI.MI,UNICREDIT,EU_STOXX600,IT,XMIL,CRDI.MI,,SEARCH_AMBIGUOUS,UCG.MI,EXPECTED_MARKET_VERIFIED_EU,EU_EXPECTED_MARKET_FILTER,True,EXPECTED_MARKET_UNIQUE,UniCredit S.p.A.,MIL,0.75,0.75,1,,False,False,False
WS:XMIL:DLG.MI,DE LONGHI,EU_STOXX600,IT,XMIL,DLG.MI,DLG.MI,DERIVED_RULE_NORMALIZED,DLG.MI,DERIVED_RULE_NORMALIZED,CARRY_FORWARD,False,,,,,,,,False,False,False
WS:XMIL:EMII.MI,BPER Banca,EU_STOXX600,IT,XMIL,EMII.MI,BPE.MI,SEARCH_HIGH_CONFIDENCE,BPE.MI,SEARCH_HIGH_CONFIDENCE,CARRY_FORWARD,False,,,,,,,,False,False,False
WS:XMIL:ENEI.MI,ENEL,EU_STOXX600,IT,XMIL,ENEI.MI,ENEL.MI,SEARCH_HIGH_CONFIDENCE,ENEL.MI,SEARCH_HIGH_CONFIDENCE,CARRY_FORWARD,False,,,,,,,,False,False,False
WS:XMIL:ENI.MI,ENI,EU_STOXX600,IT,XMIL,ENI.MI,ENI.MI,DERIVED_RULE_NORMALIZED,ENI.MI,DERIVED_RULE_NORMALIZED,CARRY_FORWARD,False,,,,,,,,False,False,False
WS:XMIL:FBK.MI,FINECOBANK,EU_STOXX600,IT,XMIL,FBK.MI,FBK.MI,DERIVED_RULE_NORMALIZED,FBK.MI,DERIVED_RULE_NORMALIZED,CARRY_FORWARD,False,,,,,,,,False,False,False
WS:XMIL:GASI.MI,ASSICURAZIONI GENERALI,EU_STOXX600,IT,XMIL,GASI.MI,,SEARCH_AMBIGUOUS,,SEARCH_AMBIGUOUS,CARRY_FORWARD,False,EU_REVIEW_REQUIRED,,,,,,,True,False,True
WS:XMIL:HRA.MI,HERA,EU_STOXX600,IT,XMIL,HRA.MI,,SEARCH_AMBIGUOUS,,SEARCH_AMBIGUOUS,CARRY_FORWARD,False,EU_REVIEW_REQUIRED,,,,,,,True,False,True
WS:XMIL:IG.MI,ITALGAS,EU_STOXX600,IT,XMIL,IG.MI,IG.MI,DERIVED_RULE_NORMALIZED,IG.MI,DERIVED_RULE_NORMALIZED,CARRY_FORWARD,False,,,,,,,,False,False,False
WS:XMIL:ISP.MI,INTESA SANPAOLO,EU_STOXX600,IT,XMIL,ISP.MI,ISP.MI,DERIVED_RULE_NORMALIZED,ISP.MI,DERIVED_RULE_NORMALIZED,CARRY_FORWARD,False,,,,,,,,False,False,False
WS:XMIL:ITPG.MI,INTERPUMP GRP,EU_STOXX600,IT,XMIL,ITPG.MI,,SEARCH_NO_QUOTES,,SEARCH_NO_QUOTES,CARRY_FORWARD,False,EU_REVIEW_REQUIRED,,,,,,,True,False,True
WS:XMIL:IVG.MI,IVECO GROUP,EU_STOXX600,IT,XMIL,IVG.MI,IVG.MI,DERIVED_RULE_NORMALIZED,IVG.MI,DERIVED_RULE_NORMALIZED,CARRY_FORWARD,False,,,,,,,,False,False,False
WS:XMIL:LDOF.MI,LEONARDO,EU_STOXX600,IT,XMIL,LDOF.MI,,SEARCH_AMBIGUOUS,LDO.MI,EXPECTED_MARKET_VERIFIED_EU,EU_EXPECTED_MARKET_FILTER,True,EXPECTED_MARKET_UNIQUE,Leonardo S.p.a.,MIL,0.727273,0.727273,1,,False,False,False
WS:XMIL:LTMC.MI,LOTTOMATICA GROUP,EU_STOXX600,IT,XMIL,LTMC.MI,LTMC.MI,DERIVED_RULE_NORMALIZED,LTMC.MI,DERIVED_RULE_NORMALIZED,CARRY_FORWARD,False,,,,,,,,False,False,False
WS:XMIL:MONC.MI,MONCLER,EU_STOXX600,IT,XMIL,MONC.MI,MONC.MI,DERIVED_RULE_NORMALIZED,MONC.MI,DERIVED_RULE_NORMALIZED,CARRY_FORWARD,False,,,,,,,,False,False,False
WS:XMIL:NEXII.MI,NEXI SPA,EU_STOXX600,IT,XMIL,NEXII.MI,,SEARCH_AMBIGUOUS,,SEARCH_AMBIGUOUS,CARRY_FORWARD,False,EU_REVIEW_REQUIRED,,,,,,,True,False,True
WS:XMIL:PIRC.MI,PIRELLI & C. S.P.A.,EU_STOXX600,IT,XMIL,PIRC.MI,PIRC.MI,DERIVED_RULE_NORMALIZED,PIRC.MI,DERIVED_RULE_NORMALIZED,CARRY_FORWARD,False,,,,,,,,False,False,False
WS:XMIL:PRY.MI,PRYSMIAN,EU_STOXX600,IT,XMIL,PRY.MI,PRY.MI,DERIVED_RULE_NORMALIZED,PRY.MI,DERIVED_RULE_NORMALIZED,CARRY_FORWARD,False,,,,,,,,False,False,False
WS:XMIL:PST.MI,POSTE ITALIANE,EU_STOXX600,IT,XMIL,PST.MI,PST.MI,DERIVED_RULE_NORMALIZED,PST.MI,DERIVED_RULE_NORMALIZED,CARRY_FORWARD,False,,,,,,,,False,False,False
WS:XMIL:RACE.MI,FERRARI,EU_STOXX600,IT,XMIL,RACE.MI,RACE.MI,DERIVED_RULE_NORMALIZED,RACE.MI,DERIVED_RULE_NORMALIZED,CARRY_FORWARD,False,,,,,,,,False,False,False
WS:XMIL:RECI.MI,RECORDATI,EU_STOXX600,IT,XMIL,RECI.MI,,SEARCH_AMBIGUOUS,,SEARCH_AMBIGUOUS,CARRY_FORWARD,False,EU_REVIEW_REQUIRED,,,,,,,True,False,True
WS:XMIL:REY.MI,REPLY,EU_STOXX600,IT,XMIL,REY.MI,REY.MI,DERIVED_RULE_NORMALIZED,REY.MI,DERIVED_RULE_NORMALIZED,CARRY_FORWARD,False,,,,,,,,False,False,False
WS:XMIL:SPMI.MI,SAIPEM,EU_STOXX600,IT,XMIL,SPMI.MI,SPM.MI,SEARCH_HIGH_CONFIDENCE,SPM.MI,SEARCH_HIGH_CONFIDENCE,CARRY_FORWARD,False,,,,,,,,False,False,False
WS:XMIL:SRG.MI,SNAM RETE GAS,EU_STOXX600,IT,XMIL,SRG.MI,SRG.MI,DERIVED_RULE_NORMALIZED,SRG.MI,DERIVED_RULE_NORMALIZED,CARRY_FORWARD,False,,,,,,,,False,False,False
WS:XMIL:STLAM.MI,STELLANTIS,EU_STOXX600,IT,XMIL,STLAM.MI,STLAM.MI,DERIVED_RULE_NORMALIZED,STLAM.MI,DERIVED_RULE_NORMALIZED,CARRY_FORWARD,False,,,,,,,,False,False,False
WS:XMIL:STMMI.MI,STMICROELECTRONICS,EU_STOXX600,IT,XMIL,STMMI.MI,STMMI.MI,DERIVED_RULE_NORMALIZED,STMMI.MI,DERIVED_RULE_NORMALIZED,CARRY_FORWARD,False,,,,,,,,False,False,False
WS:XMIL:TENR.MI,TENARIS,EU_STOXX600,IT,XMIL,TENR.MI,,SEARCH_AMBIGUOUS,,SEARCH_AMBIGUOUS,CARRY_FORWARD,False,EU_REVIEW_REQUIRED,,,,,,,True,False,True
WS:XMIL:TLIT.MI,TELECOM ITALIA,EU_STOXX600,IT,XMIL,TLIT.MI,,SEARCH_AMBIGUOUS,TIT.MI,EXPECTED_MARKET_VERIFIED_EU,EU_EXPECTED_MARKET_FILTER,True,EXPECTED_MARKET_UNIQUE,Telecom Italia S.p.A.,MIL,0.823529,0.823529,1,,False,False,False
WS:XMIL:TPRO.MI,TECHNOPROBE SPA,EU_STOXX600,IT,XMIL,TPRO.MI,TPRO.MI,DERIVED_RULE_NORMALIZED,TPRO.MI,DERIVED_RULE_NORMALIZED,CARRY_FORWARD,False,,,,,,,,False,False,False
WS:XMIL:TRN.MI,TERNA,EU_STOXX600,IT,XMIL,TRN.MI,TRN.MI,DERIVED_RULE_NORMALIZED,TRN.MI,DERIVED_RULE_NORMALIZED,CARRY_FORWARD,False,,,,,,,,False,False,False
WS:XMIL:UNPI.MI,UNIPOL ASSICURAZIONI,EU_STOXX600,IT,XMIL,UNPI.MI,UNI.MI,SEARCH_HIGH_CONFIDENCE,UNI.MI,SEARCH_HIGH_CONFIDENCE,CARRY_FORWARD,False,,,,,,,,False,False,False
WS:XOSL:AKER.OL,AKER A,EU_STOXX600,NO,XOSL,AKER.OL,AKER.OL,DERIVED_RULE_NORMALIZED,AKER.OL,DERIVED_RULE_NORMALIZED,CARRY_FORWARD,False,,,,,,,,False,False,False
WS:XOSL:AKRBP.OL,AKER BP,EU_STOXX600,NO,XOSL,AKRBP.OL,AKRBP.OL,DERIVED_RULE_NORMALIZED,AKRBP.OL,DERIVED_RULE_NORMALIZED,CARRY_FORWARD,False,,,,,,,,False,False,False
WS:XOSL:BAKKA.OL,BAKKAFROST,EU_STOXX600,NO,XOSL,BAKKA.OL,BAKKA.OL,DERIVED_RULE_NORMALIZED,BAKKA.OL,DERIVED_RULE_NORMALIZED,CARRY_FORWARD,False,,,,,,,,False,False,False
WS:XOSL:DNB.OL,DNB BANK,EU_STOXX600,NO,XOSL,DNB.OL,DNB.OL,DERIVED_RULE_NORMALIZED,DNB.OL,DERIVED_RULE_NORMALIZED,CARRY_FORWARD,False,,,,,,,,False,False,False
WS:XOSL:EQNR.OL,EQUINOR,EU_STOXX600,NO,XOSL,EQNR.OL,EQNR.OL,DERIVED_RULE_NORMALIZED,EQNR.OL,DERIVED_RULE_NORMALIZED,CARRY_FORWARD,False,,,,,,,,False,False,False
WS:XOSL:FRO.OL,FRONTLINE,EU_STOXX600,NO,XOSL,FRO.OL,FRO.OL,DERIVED_RULE_NORMALIZED,FRO.OL,DERIVED_RULE_NORMALIZED,CARRY_FORWARD,False,,,,,,,,False,False,False
WS:XOSL:GJFG.OL,GJENSIDIGE FORSIKRING,EU_STOXX600,NO,XOSL,GJFG.OL,,SEARCH_AMBIGUOUS,,SEARCH_AMBIGUOUS,CARRY_FORWARD,False,EU_REVIEW_REQUIRED,,,,,,,True,False,True
WS:XOSL:KMAR.OL,KONGSBERG MARITIME,EU_STOXX600,NO,XOSL,KMAR.OL,KMAR.OL,DERIVED_RULE_NORMALIZED,KMAR.OL,DERIVED_RULE_NORMALIZED,CARRY_FORWARD,False,,,,,,,,False,False,False
WS:XOSL:KOG.OL,KONGSBERG GRUPPEN,EU_STOXX600,NO,XOSL,KOG.OL,KOG.OL,DERIVED_RULE_NORMALIZED,KOG.OL,DERIVED_RULE_NORMALIZED,CARRY_FORWARD,False,,,,,,,,False,False,False
WS:XOSL:MOWI.OL,MOWI,EU_STOXX600,NO,XOSL,MOWI.OL,MOWI.OL,DERIVED_RULE_NORMALIZED,MOWI.OL,DERIVED_RULE_NORMALIZED,CARRY_FORWARD,False,,,,,,,,False,False,False
WS:XOSL:NHY.OL,NORSK HYDRO,EU_STOXX600,NO,XOSL,NHY.OL,NHY.OL,DERIVED_RULE_NORMALIZED,NHY.OL,DERIVED_RULE_NORMALIZED,CARRY_FORWARD,False,,,,,,,,False,False,False
WS:XOSL:NOD.OL,NORDIC SEMICONDUCTOR,EU_STOXX600,NO,XOSL,NOD.OL,NOD.OL,DERIVED_RULE_NORMALIZED,NOD.OL,DERIVED_RULE_NORMALIZED,CARRY_FORWARD,False,,,,,,,,False,False,False
WS:XOSL:ORK.OL,ORKLA,EU_STOXX600,NO,XOSL,ORK.OL,ORK.OL,DERIVED_RULE_NORMALIZED,ORK.OL,DERIVED_RULE_NORMALIZED,CARRY_FORWARD,False,,,,,,,,False,False,False
WS:XOSL:SALM.OL,SALMAR,EU_STOXX600,NO,XOSL,SALM.OL,SALM.OL,DERIVED_RULE_NORMALIZED,SALM.OL,DERIVED_RULE_NORMALIZED,CARRY_FORWARD,False,,,,,,,,False,False,False
WS:XOSL:SB1NO.OL,SPAREBANK 1 SOR-NORGE ASA,EU_STOXX600,NO,XOSL,SB1NO.OL,SB1NO.OL,DERIVED_RULE_NORMALIZED,SB1NO.OL,DERIVED_RULE_NORMALIZED,CARRY_FORWARD,False,,,,,,,,False,False,False
WS:XOSL:SBNOR.OL,SPAREBANKEN NORGE,EU_STOXX600,NO,XOSL,SBNOR.OL,SBNOR.OL,DERIVED_RULE_NORMALIZED,SBNOR.OL,DERIVED_RULE_NORMALIZED,CARRY_FORWARD,False,,,,,,,,False,False,False
WS:XOSL:STB.OL,STOREBRAND,EU_STOXX600,NO,XOSL,STB.OL,STB.OL,DERIVED_RULE_NORMALIZED,STB.OL,DERIVED_RULE_NORMALIZED,CARRY_FORWARD,False,,,,,,,,False,False,False
WS:XOSL:SUBC.OL,SUBSEA7,EU_STOXX600,NO,XOSL,SUBC.OL,SUBC.OL,DERIVED_RULE_NORMALIZED,SUBC.OL,DERIVED_RULE_NORMALIZED,CARRY_FORWARD,False,,,,,,,,False,False,False
WS:XOSL:TEL.OL,TELENOR,EU_STOXX600,NO,XOSL,TEL.OL,TEL.OL,DERIVED_RULE_NORMALIZED,TEL.OL,DERIVED_RULE_NORMALIZED,CARRY_FORWARD,False,,,,,,,,False,False,False
WS:XOSL:TGS.OL,TGS ASA,EU_STOXX600,NO,XOSL,TGS.OL,TGS.OL,DERIVED_RULE_NORMALIZED,TGS.OL,DERIVED_RULE_NORMALIZED,CARRY_FORWARD,False,,,,,,,,False,False,False
WS:XOSL:TOM.OL,TOMRA SYSTEMS,EU_STOXX600,NO,XOSL,TOM.OL,TOM.OL,DERIVED_RULE_NORMALIZED,TOM.OL,DERIVED_RULE_NORMALIZED,CARRY_FORWARD,False,,,,,,,,False,False,False
WS:XOSL:VAR.OL,VAR ENERGI,EU_STOXX600,NO,XOSL,VAR.OL,VAR.OL,DERIVED_RULE_NORMALIZED,VAR.OL,DERIVED_RULE_NORMALIZED,CARRY_FORWARD,False,,,,,,,,False,False,False
WS:XOSL:VEND.OL,VEND MARKETPLACES,EU_STOXX600,NO,XOSL,VEND.OL,VEND.OL,DERIVED_RULE_NORMALIZED,VEND.OL,DERIVED_RULE_NORMALIZED,CARRY_FORWARD,False,,,,,,,,False,False,False
WS:XOSL:YAR.OL,YARA,EU_STOXX600,NO,XOSL,YAR.OL,YAR.OL,DERIVED_RULE_NORMALIZED,YAR.OL,DERIVED_RULE_NORMALIZED,CARRY_FORWARD,False,,,,,,,,False,False,False
WS:XPAR:ABVX.PA,ABIVAX,EU_STOXX600,FR,XPAR,ABVX.PA,ABVX.PA,DERIVED_RULE_NORMALIZED,ABVX.PA,DERIVED_RULE_NORMALIZED,CARRY_FORWARD,False,,,,,,,,False,False,False
WS:XPAR:ACCP.PA,ACCOR,EU_STOXX600,FR,XPAR,ACCP.PA,AC.PA,SEARCH_HIGH_CONFIDENCE,AC.PA,SEARCH_HIGH_CONFIDENCE,CARRY_FORWARD,False,,,,,,,,False,False,False
WS:XPAR:ADP.PA,ADP,EU_STOXX600,FR,XPAR,ADP.PA,ADP.PA,DERIVED_RULE_NORMALIZED,ADP.PA,DERIVED_RULE_NORMALIZED,CARRY_FORWARD,False,,,,,,,,False,False,False
WS:XPAR:AIR.PA,AIRBUS,EU_STOXX600,FR,XPAR,AIR.PA,AIR.PA,DERIVED_RULE_NORMALIZED,AIR.PA,DERIVED_RULE_NORMALIZED,CARRY_FORWARD,False,,,,,,,,False,False,False
WS:XPAR:AIRP.PA,AIR LIQUIDE,EU_STOXX600,FR,XPAR,AIRP.PA,,SEARCH_AMBIGUOUS,AI.PA,EXPECTED_MARKET_VERIFIED_EU,EU_EXPECTED_MARKET_FILTER,True,EXPECTED_MARKET_UNIQUE,L'Air Liquide S.A.,PAR,0.785714,0.785714,1,,False,False,False
WS:XPAR:AKE.PA,ARKEMA,EU_STOXX600,FR,XPAR,AKE.PA,AKE.PA,DERIVED_RULE_NORMALIZED,AKE.PA,DERIVED_RULE_NORMALIZED,CARRY_FORWARD,False,,,,,,,,False,False,False
WS:XPAR:ALSO.PA,ALSTOM,EU_STOXX600,FR,XPAR,ALSO.PA,ALO.PA,SEARCH_HIGH_CONFIDENCE,ALO.PA,SEARCH_HIGH_CONFIDENCE,CARRY_FORWARD,False,,,,,,,,False,False,False
WS:XPAR:AM.PA,DASSAULT AVIATION,EU_STOXX600,FR,XPAR,AM.PA,AM.PA,DERIVED_RULE_NORMALIZED,AM.PA,DERIVED_RULE_NORMALIZED,CARRY_FORWARD,False,,,,,,,,False,False,False
WS:XPAR:AMUN.PA,AMUNDI,EU_STOXX600,FR,XPAR,AMUN.PA,AMUN.PA,DERIVED_RULE_NORMALIZED,AMUN.PA,DERIVED_RULE_NORMALIZED,CARRY_FORWARD,False,,,,,,,,False,False,False
WS:XPAR:AXAF.PA,AXA,EU_STOXX600,FR,XPAR,AXAF.PA,CS.PA,SEARCH_HIGH_CONFIDENCE,CS.PA,SEARCH_HIGH_CONFIDENCE,CARRY_FORWARD,False,,,,,,,,False,False,False
WS:XPAR:AYV.PA,Ayvens,EU_STOXX600,FR,XPAR,AYV.PA,AYV.PA,DERIVED_RULE_NORMALIZED,AYV.PA,DERIVED_RULE_NORMALIZED,CARRY_FORWARD,False,,,,,,,,False,False,False
WS:XPAR:BIOX.PA,BIOMERIEUX,EU_STOXX600,FR,XPAR,BIOX.PA,,SEARCH_AMBIGUOUS,BIM.PA,EXPECTED_MARKET_VERIFIED_EU,EU_EXPECTED_MARKET_FILTER,True,EXPECTED_MARKET_UNIQUE,bioMérieux S.A.,PAR,0.833333,0.833333,1,,False,False,False
WS:XPAR:BNPP.PA,BNP PARIBAS,EU_STOXX600,FR,XPAR,BNPP.PA,BNP.PA,SEARCH_HIGH_CONFIDENCE,BNP.PA,SEARCH_HIGH_CONFIDENCE,CARRY_FORWARD,False,,,,,,,,False,False,False
WS:XPAR:BOLL.PA,BOLLORE,EU_STOXX600,FR,XPAR,BOLL.PA,BOL.PA,SEARCH_HIGH_CONFIDENCE,BOL.PA,SEARCH_HIGH_CONFIDENCE,CARRY_FORWARD,False,,,,,,,,False,False,False
WS:XPAR:BOUY.PA,BOUYGUES,EU_STOXX600,FR,XPAR,BOUY.PA,,SEARCH_AMBIGUOUS,,SEARCH_AMBIGUOUS,CARRY_FORWARD,False,EU_REVIEW_REQUIRED,,,,,,,True,False,True
WS:XPAR:BVI.PA,BUREAU VERITAS,EU_STOXX600,FR,XPAR,BVI.PA,BVI.PA,DERIVED_RULE_NORMALIZED,BVI.PA,DERIVED_RULE_NORMALIZED,CARRY_FORWARD,False,,,,,,,,False,False,False
WS:XPAR:CAGR.PA,CREDIT AGRICOLE,EU_STOXX600,FR,XPAR,CAGR.PA,,SEARCH_AMBIGUOUS,,SEARCH_AMBIGUOUS,CARRY_FORWARD,False,EU_REVIEW_REQUIRED,,,,,,,True,False,True
WS:XPAR:CAPP.PA,CAP GEMINI,EU_STOXX600,FR,XPAR,CAPP.PA,,SEARCH_NO_QUOTES,,SEARCH_NO_QUOTES,CARRY_FORWARD,False,EU_REVIEW_REQUIRED,,,,,,,True,False,True
WS:XPAR:CARR.PA,CARREFOUR,EU_STOXX600,FR,XPAR,CARR.PA,CA.PA,SEARCH_HIGH_CONFIDENCE,CA.PA,SEARCH_HIGH_CONFIDENCE,CARRY_FORWARD,False,,,,,,,,False,False,False
WS:XPAR:CVO.PA,COVIVIO,EU_STOXX600,FR,XPAR,CVO.PA,COV.PA,SEARCH_HIGH_CONFIDENCE,COV.PA,SEARCH_HIGH_CONFIDENCE,CARRY_FORWARD,False,,,,,,,,False,False,False
WS:XPAR:DANO.PA,DANONE,EU_STOXX600,FR,XPAR,DANO.PA,,SEARCH_AMBIGUOUS,BN.PA,EXPECTED_MARKET_VERIFIED_EU,EU_EXPECTED_MARKET_FILTER,True,EXPECTED_MARKET_UNIQUE,Danone S.A.,PAR,0.75,0.75,1,,False,False,False
WS:XPAR:DAST.PA,DASSAULT SYSTEMS,EU_STOXX600,FR,XPAR,DAST.PA,,SEARCH_NO_QUOTES,,SEARCH_NO_QUOTES,CARRY_FORWARD,False,EU_REVIEW_REQUIRED,,,,,,,True,False,True
WS:XPAR:EDEN.PA,EDENRED,EU_STOXX600,FR,XPAR,EDEN.PA,EDEN.PA,DERIVED_RULE_NORMALIZED,EDEN.PA,DERIVED_RULE_NORMALIZED,CARRY_FORWARD,False,,,,,,,,False,False,False
WS:XPAR:ELIS.PA,ELIS,EU_STOXX600,FR,XPAR,ELIS.PA,ELIS.PA,DERIVED_RULE_NORMALIZED,ELIS.PA,DERIVED_RULE_NORMALIZED,CARRY_FORWARD,False,,,,,,,,False,False,False
WS:XPAR:ENGIE.PA,ENGIE,EU_STOXX600,FR,XPAR,ENGIE.PA,ENGI.PA,SEARCH_HIGH_CONFIDENCE,ENGI.PA,SEARCH_HIGH_CONFIDENCE,CARRY_FORWARD,False,,,,,,,,False,False,False
WS:XPAR:ENX.PA,EURONEXT,EU_STOXX600,FR,XPAR,ENX.PA,ENX.PA,DERIVED_RULE_NORMALIZED,ENX.PA,DERIVED_RULE_NORMALIZED,CARRY_FORWARD,False,,,,,,,,False,False,False
WS:XPAR:ESLX.PA,ESSILORLUXOTTICA,EU_STOXX600,FR,XPAR,ESLX.PA,,SEARCH_AMBIGUOUS,EL.PA,EXPECTED_MARKET_VERIFIED_EU,EU_EXPECTED_MARKET_FILTER,True,EXPECTED_MARKET_UNIQUE,EssilorLuxottica Société anonyme,PAR,0.666667,0.666667,1,,False,False,False
WS:XPAR:EUFI.PA,EUROFINS SCIENTIFIC,EU_STOXX600,FR,XPAR,EUFI.PA,ERF.PA,SEARCH_HIGH_CONFIDENCE,ERF.PA,SEARCH_HIGH_CONFIDENCE,CARRY_FORWARD,False,,,,,,,,False,False,False
WS:XPAR:EXHO.PA,SODEXO,EU_STOXX600,FR,XPAR,EXHO.PA,,SEARCH_AMBIGUOUS,SW.PA,EXPECTED_MARKET_VERIFIED_EU,EU_EXPECTED_MARKET_FILTER,True,EXPECTED_MARKET_UNIQUE,Sodexo S.A.,PAR,0.75,0.75,1,,False,False,False
WS:XPAR:FDJU.PA,FDJ UNITED,EU_STOXX600,FR,XPAR,FDJU.PA,FDJU.PA,DERIVED_RULE_NORMALIZED,FDJU.PA,DERIVED_RULE_NORMALIZED,CARRY_FORWARD,False,,,,,,,,False,False,False
WS:XPAR:FOUG.PA,EIFFAGE,EU_STOXX600,FR,XPAR,FOUG.PA,FGR.PA,SEARCH_HIGH_CONFIDENCE,FGR.PA,SEARCH_HIGH_CONFIDENCE,CARRY_FORWARD,False,,,,,,,,False,False,False
WS:XPAR:GETP.PA,Getlink,EU_STOXX600,FR,XPAR,GETP.PA,GET.PA,SEARCH_HIGH_CONFIDENCE,GET.PA,SEARCH_HIGH_CONFIDENCE,CARRY_FORWARD,False,,,,,,,,False,False,False
WS:XPAR:GFCP.PA,GECINA,EU_STOXX600,FR,XPAR,GFCP.PA,GFC.PA,SEARCH_HIGH_CONFIDENCE,GFC.PA,SEARCH_HIGH_CONFIDENCE,CARRY_FORWARD,False,,,,,,,,False,False,False
WS:XPAR:GTT.PA,GAZTRANSPORT ET TECHNIGAZ,EU_STOXX600,FR,XPAR,GTT.PA,GTT.PA,DERIVED_RULE_NORMALIZED,GTT.PA,DERIVED_RULE_NORMALIZED,CARRY_FORWARD,False,,,,,,,,False,False,False
WS:XPAR:HRMS.PA,HERMES INTERNATIONAL,EU_STOXX600,FR,XPAR,HRMS.PA,,SEARCH_AMBIGUOUS,,SEARCH_AMBIGUOUS,CARRY_FORWARD,False,EU_REVIEW_REQUIRED,,,,,,,True,False,True
WS:XPAR:IPN.PA,IPSEN,EU_STOXX600,FR,XPAR,IPN.PA,IPN.PA,DERIVED_RULE_NORMALIZED,IPN.PA,DERIVED_RULE_NORMALIZED,CARRY_FORWARD,False,,,,,,,,False,False,False
WS:XPAR:LEGD.PA,LEGRAND,EU_STOXX600,FR,XPAR,LEGD.PA,LR.PA,SEARCH_HIGH_CONFIDENCE,LR.PA,SEARCH_HIGH_CONFIDENCE,CARRY_FORWARD,False,,,,,,,,False,False,False
WS:XPAR:LOIM.PA,KLEPIERRE,EU_STOXX600,FR,XPAR,LOIM.PA,LI.PA,SEARCH_HIGH_CONFIDENCE,LI.PA,SEARCH_HIGH_CONFIDENCE,CARRY_FORWARD,False,,,,,,,,False,False,False
WS:XPAR:LVMH.PA,LVMH MOET HENNESSY,EU_STOXX600,FR,XPAR,LVMH.PA,,SEARCH_AMBIGUOUS,,SEARCH_AMBIGUOUS,CARRY_FORWARD,False,EU_REVIEW_REQUIRED,,,,,,,True,False,True
WS:XPAR:MICP.PA,MICHELIN,EU_STOXX600,FR,XPAR,MICP.PA,,SEARCH_AMBIGUOUS,,SEARCH_AMBIGUOUS,CARRY_FORWARD,False,EU_REVIEW_REQUIRED,,,,,,,True,False,True
WS:XPAR:NEXS.PA,NEXANS,EU_STOXX600,FR,XPAR,NEXS.PA,,SEARCH_AMBIGUOUS,NEX.PA,EXPECTED_MARKET_VERIFIED_EU,EU_EXPECTED_MARKET_FILTER,True,EXPECTED_MARKET_UNIQUE,Nexans S.A.,PAR,0.75,0.75,1,,False,False,False
WS:XPAR:ORAN.PA,ORANGE,EU_STOXX600,FR,XPAR,ORAN.PA,,SEARCH_AMBIGUOUS,ORA.PA,EXPECTED_MARKET_VERIFIED_EU,EU_EXPECTED_MARKET_FILTER,True,EXPECTED_MARKET_UNIQUE,Orange S.A.,PAR,0.75,0.75,1,,False,False,False
WS:XPAR:OREP.PA,L'OREAL,EU_STOXX600,FR,XPAR,OREP.PA,,SEARCH_AMBIGUOUS,OR.PA,EXPECTED_MARKET_VERIFIED_EU,EU_EXPECTED_MARKET_FILTER,True,EXPECTED_MARKET_UNIQUE,L'Oréal S.A.,PAR,0.777778,0.777778,1,,False,False,False
WS:XPAR:PERP.PA,PERNOD RICARD,EU_STOXX600,FR,XPAR,PERP.PA,RI.PA,SEARCH_HIGH_CONFIDENCE,RI.PA,SEARCH_HIGH_CONFIDENCE,CARRY_FORWARD,False,,,,,,,,False,False,False
WS:XPAR:PRTP.PA,Kering,EU_STOXX600,FR,XPAR,PRTP.PA,KER.PA,SEARCH_HIGH_CONFIDENCE,KER.PA,SEARCH_HIGH_CONFIDENCE,CARRY_FORWARD,False,,,,,,,,False,False,False
WS:XPAR:PUBP.PA,PUBLICIS GRP,EU_STOXX600,FR,XPAR,PUBP.PA,,SEARCH_NO_QUOTES,,SEARCH_NO_QUOTES,CARRY_FORWARD,False,EU_REVIEW_REQUIRED,,,,,,,True,False,True
WS:XPAR:RENA.PA,RENAULT,EU_STOXX600,FR,XPAR,RENA.PA,RNO.PA,SEARCH_HIGH_CONFIDENCE,RNO.PA,SEARCH_HIGH_CONFIDENCE,CARRY_FORWARD,False,,,,,,,,False,False,False
WS:XPAR:RUBF.PA,RUBIS,EU_STOXX600,FR,XPAR,RUBF.PA,RUI.PA,SEARCH_HIGH_CONFIDENCE,RUI.PA,SEARCH_HIGH_CONFIDENCE,CARRY_FORWARD,False,,,,,,,,False,False,False
WS:XPAR:RXL.PA,REXEL,EU_STOXX600,FR,XPAR,RXL.PA,RXL.PA,DERIVED_RULE_NORMALIZED,RXL.PA,DERIVED_RULE_NORMALIZED,CARRY_FORWARD,False,,,,,,,,False,False,False
WS:XPAR:SAF.PA,SAFRAN,EU_STOXX600,FR,XPAR,SAF.PA,SAF.PA,DERIVED_RULE_NORMALIZED,SAF.PA,DERIVED_RULE_NORMALIZED,CARRY_FORWARD,False,,,,,,,,False,False,False
WS:XPAR:SASY.PA,SANOFI,EU_STOXX600,FR,XPAR,SASY.PA,SAN.PA,SEARCH_HIGH_CONFIDENCE,SAN.PA,SEARCH_HIGH_CONFIDENCE,CARRY_FORWARD,False,,,,,,,,False,False,False
WS:XPAR:SCHN.PA,SCHNEIDER ELECTRIC,EU_STOXX600,FR,XPAR,SCHN.PA,SU.PA,SEARCH_HIGH_CONFIDENCE,SU.PA,SEARCH_HIGH_CONFIDENCE,CARRY_FORWARD,False,,,,,,,,False,False,False
WS:XPAR:SCOR.PA,SCOR,EU_STOXX600,FR,XPAR,SCOR.PA,,SEARCH_AMBIGUOUS,,SEARCH_AMBIGUOUS,CARRY_FORWARD,False,EU_REVIEW_REQUIRED,,,,,,,True,False,True
WS:XPAR:SESFD.PA,SES,EU_STOXX600,FR,XPAR,SESFd.PA,,SEARCH_AMBIGUOUS,SESG.PA,EXPECTED_MARKET_VERIFIED_EU,EU_EXPECTED_MARKET_FILTER,True,EXPECTED_MARKET_UNIQUE,SES S.A.,PAR,0.633333,0.633333,1,,False,False,False
WS:XPAR:SGEF.PA,VINCI,EU_STOXX600,FR,XPAR,SGEF.PA,DG.PA,SEARCH_HIGH_CONFIDENCE,DG.PA,SEARCH_HIGH_CONFIDENCE,CARRY_FORWARD,False,,,,,,,,False,False,False
WS:XPAR:SGOB.PA,SAINT GOBAIN,EU_STOXX600,FR,XPAR,SGOB.PA,,SEARCH_AMBIGUOUS,SGO.PA,EXPECTED_MARKET_VERIFIED_EU,EU_EXPECTED_MARKET_FILTER,True,EXPECTED_MARKET_UNIQUE,Compagnie de Saint-Gobain S.A.,PAR,0.633333,0.633333,1,,False,False,False
WS:XPAR:SOGN.PA,GRP SOCIETE GENERALE,EU_STOXX600,FR,XPAR,SOGN.PA,,SEARCH_NO_QUOTES,,SEARCH_NO_QUOTES,CARRY_FORWARD,False,EU_REVIEW_REQUIRED,,,,,,,True,False,True
WS:XPAR:SOIT.PA,SOITEC,EU_STOXX600,FR,XPAR,SOIT.PA,SOI.PA,SEARCH_HIGH_CONFIDENCE,SOI.PA,SEARCH_HIGH_CONFIDENCE,CARRY_FORWARD,False,,,,,,,,False,False,False
WS:XPAR:SOPR.PA,SOPRA STERIA GROUP,EU_STOXX600,FR,XPAR,SOPR.PA,SOP.PA,SEARCH_HIGH_CONFIDENCE,SOP.PA,SEARCH_HIGH_CONFIDENCE,CARRY_FORWARD,False,,,,,,,,False,False,False
WS:XPAR:SPIE.PA,SPIE,EU_STOXX600,FR,XPAR,SPIE.PA,SPIE.PA,DERIVED_RULE_NORMALIZED,SPIE.PA,DERIVED_RULE_NORMALIZED,CARRY_FORWARD,False,,,,,,,,False,False,False
WS:XPAR:STDM.PA,SARTORIUS STEDIM BIOTECH,EU_STOXX600,FR,XPAR,STDM.PA,DIM.PA,SEARCH_HIGH_CONFIDENCE,DIM.PA,SEARCH_HIGH_CONFIDENCE,CARRY_FORWARD,False,,,,,,,,False,False,False
WS:XPAR:TCFP.PA,THALES,EU_STOXX600,FR,XPAR,TCFP.PA,,SEARCH_AMBIGUOUS,HO.PA,EXPECTED_MARKET_VERIFIED_EU,EU_EXPECTED_MARKET_FILTER,True,EXPECTED_MARKET_UNIQUE,Thales S.A.,PAR,0.75,0.75,1,,False,False,False
WS:XPAR:TE.PA,Technip Energies,EU_STOXX600,FR,XPAR,TE.PA,TE.PA,DERIVED_RULE_NORMALIZED,TE.PA,DERIVED_RULE_NORMALIZED,CARRY_FORWARD,False,,,,,,,,False,False,False
WS:XPAR:TEPRF.PA,TELEPERFORMANCE,EU_STOXX600,FR,XPAR,TEPRF.PA,TEP.PA,SEARCH_HIGH_CONFIDENCE,TEP.PA,SEARCH_HIGH_CONFIDENCE,CARRY_FORWARD,False,,,,,,,,False,False,False
WS:XPAR:TTEF.PA,TOTALENERGIES,EU_STOXX600,FR,XPAR,TTEF.PA,TTE.PA,SEARCH_HIGH_CONFIDENCE,TTE.PA,SEARCH_HIGH_CONFIDENCE,CARRY_FORWARD,False,,,,,,,,False,False,False
WS:XPAR:URW.PA,UNIBAIL-RODAMCO-WESTFIELD,EU_STOXX600,FR,XPAR,URW.PA,URW.PA,DERIVED_RULE_NORMALIZED,URW.PA,DERIVED_RULE_NORMALIZED,CARRY_FORWARD,False,,,,,,,,False,False,False
WS:XPAR:VIE.PA,VEOLIA ENVIRONNEMENT,EU_STOXX600,FR,XPAR,VIE.PA,VIE.PA,DERIVED_RULE_NORMALIZED,VIE.PA,DERIVED_RULE_NORMALIZED,CARRY_FORWARD,False,,,,,,,,False,False,False
WS:XPAR:VLLP.PA,VALLOUREC,EU_STOXX600,FR,XPAR,VLLP.PA,,SEARCH_AMBIGUOUS,VK.PA,EXPECTED_MARKET_VERIFIED_EU,EU_EXPECTED_MARKET_FILTER,True,EXPECTED_MARKET_UNIQUE,Vallourec S.A.,PAR,0.818182,0.818182,1,,False,False,False
WS:XPAR:VLOF.PA,VALEO,EU_STOXX600,FR,XPAR,VLOF.PA,FR.PA,SEARCH_HIGH_CONFIDENCE,FR.PA,SEARCH_HIGH_CONFIDENCE,CARRY_FORWARD,False,,,,,,,,False,False,False
WS:XSTO:AAK.ST,AAK,EU_STOXX600,SE,XSTO,AAK.ST,AAK.ST,DERIVED_RULE_NORMALIZED,AAK.ST,DERIVED_RULE_NORMALIZED,CARRY_FORWARD,False,,,,,,,,False,False,False
WS:XSTO:ADDTB.ST,ADDTECH B,EU_STOXX600,SE,XSTO,ADDTb.ST,,SEARCH_AMBIGUOUS,,SEARCH_AMBIGUOUS,CARRY_FORWARD,False,EU_REVIEW_REQUIRED,,,,,,,True,False,True
WS:XSTO:ALFA.ST,ALFA LAVAL,EU_STOXX600,SE,XSTO,ALFA.ST,ALFA.ST,DERIVED_RULE_NORMALIZED,ALFA.ST,DERIVED_RULE_NORMALIZED,CARRY_FORWARD,False,,,,,,,,False,False,False
WS:XSTO:ASSAB.ST,ASSA ABLOY,EU_STOXX600,SE,XSTO,ASSAb.ST,,SEARCH_AMBIGUOUS,ASSA-B.ST,EXPECTED_MARKET_VERIFIED_EU,EU_EXPECTED_MARKET_FILTER,True,EXPECTED_MARKET_UNIQUE,ASSA ABLOY AB (publ),STO,0.725,0.975,1,,False,False,False
WS:XSTO:ATCOA.ST,ATLAS COPCO A,EU_STOXX600,SE,XSTO,ATCOa.ST,,SEARCH_AMBIGUOUS,ATCO-A.ST,EXPECTED_MARKET_VERIFIED_EU,EU_EXPECTED_MARKET_FILTER,True,EXPECTED_MARKET_UNIQUE,Atlas Copco AB (publ),STO,0.8125,1.0,1,,False,False,False
WS:XSTO:AVANZ.ST,AVANZA BANK HLDG,EU_STOXX600,SE,XSTO,AVANZ.ST,,SEARCH_NO_QUOTES,,SEARCH_NO_QUOTES,CARRY_FORWARD,False,EU_REVIEW_REQUIRED,,,,,,,True,False,True
WS:XSTO:AXFO.ST,AXFOOD,EU_STOXX600,SE,XSTO,AXFO.ST,AXFO.ST,DERIVED_RULE_NORMALIZED,AXFO.ST,DERIVED_RULE_NORMALIZED,CARRY_FORWARD,False,,,,,,,,False,False,False
WS:XSTO:BALDB.ST,FASTIGHETS BALDER B,EU_STOXX600,SE,XSTO,BALDb.ST,,SEARCH_NO_QUOTES,,SEARCH_NO_QUOTES,CARRY_FORWARD,False,EU_REVIEW_REQUIRED,,,,,,,True,False,True
WS:XSTO:BEIJB.ST,BEIJER REF AB,EU_STOXX600,SE,XSTO,BEIJb.ST,,SEARCH_AMBIGUOUS,,SEARCH_AMBIGUOUS,CARRY_FORWARD,False,EU_REVIEW_REQUIRED,,,,,,,True,False,True
WS:XSTO:BOL.ST,BOLIDEN,EU_STOXX600,SE,XSTO,BOL.ST,BOL.ST,DERIVED_RULE_NORMALIZED,BOL.ST,DERIVED_RULE_NORMALIZED,CARRY_FORWARD,False,,,,,,,,False,False,False
WS:XSTO:CAST.ST,CASTELLUM,EU_STOXX600,SE,XSTO,CAST.ST,CAST.ST,DERIVED_RULE_NORMALIZED,CAST.ST,DERIVED_RULE_NORMALIZED,CARRY_FORWARD,False,,,,,,,,False,False,False
WS:XSTO:EPIRA.ST,EPIROC A,EU_STOXX600,SE,XSTO,EPIRa.ST,,SEARCH_AMBIGUOUS,,SEARCH_AMBIGUOUS,CARRY_FORWARD,False,EU_REVIEW_REQUIRED,,,,,,,True,False,True
WS:XSTO:EQTAB.ST,EQT,EU_STOXX600,SE,XSTO,EQTAB.ST,EQT.ST,PROJECT_OVERRIDE,EQT.ST,PROJECT_OVERRIDE,CARRY_FORWARD,False,,,,,,,,False,False,False
WS:XSTO:ERICB.ST,ERICSSON LM B,EU_STOXX600,SE,XSTO,ERICb.ST,,SEARCH_NO_QUOTES,,SEARCH_NO_QUOTES,CARRY_FORWARD,False,EU_REVIEW_REQUIRED,,,,,,,True,False,True
WS:XSTO:ESSITYB.ST,Essity B,EU_STOXX600,SE,XSTO,ESSITYb.ST,,SEARCH_NO_QUOTES,,SEARCH_NO_QUOTES,CARRY_FORWARD,False,EU_REVIEW_REQUIRED,,,,,,,True,False,True
WS:XSTO:EVOG.ST,EVOLUTION,EU_STOXX600,SE,XSTO,EVOG.ST,,SEARCH_AMBIGUOUS,EVO.ST,EXPECTED_MARKET_VERIFIED_EU,EU_EXPECTED_MARKET_FILTER,True,EXPECTED_MARKET_UNIQUE,Evolution AB (publ),STO,0.692308,0.692308,1,,False,False,False
WS:XSTO:GETIB.ST,GETINGE B,EU_STOXX600,SE,XSTO,GETIb.ST,,SEARCH_AMBIGUOUS,,SEARCH_AMBIGUOUS,CARRY_FORWARD,False,EU_REVIEW_REQUIRED,,,,,,,True,False,True
WS:XSTO:HEXAB.ST,HEXAGON B,EU_STOXX600,SE,XSTO,HEXAb.ST,,SEARCH_AMBIGUOUS,,SEARCH_AMBIGUOUS,CARRY_FORWARD,False,EU_REVIEW_REQUIRED,,,,,,,True,False,True
WS:XSTO:HMB.ST,HENNES & MAURITZ B,EU_STOXX600,SE,XSTO,HMb.ST,,SEARCH_NO_QUOTES,,SEARCH_NO_QUOTES,CARRY_FORWARD,False,EU_REVIEW_REQUIRED,,,,,,,True,False,True
WS:XSTO:HOLMB.ST,HOLMEN B,EU_STOXX600,SE,XSTO,HOLMb.ST,,SEARCH_AMBIGUOUS,,SEARCH_AMBIGUOUS,CARRY_FORWARD,False,EU_REVIEW_REQUIRED,,,,,,,True,False,True
WS:XSTO:INDT.ST,INDUTRADE,EU_STOXX600,SE,XSTO,INDT.ST,INDT.ST,DERIVED_RULE_NORMALIZED,INDT.ST,DERIVED_RULE_NORMALIZED,CARRY_FORWARD,False,,,,,,,,False,False,False
WS:XSTO:INDUC.ST,INDUSTRIVARDEN C,EU_STOXX600,SE,XSTO,INDUc.ST,,SEARCH_NO_QUOTES,,SEARCH_NO_QUOTES,CARRY_FORWARD,False,EU_REVIEW_REQUIRED,,,,,,,True,False,True
WS:XSTO:INVEB.ST,INVESTOR B,EU_STOXX600,SE,XSTO,INVEb.ST,,SEARCH_AMBIGUOUS,,SEARCH_AMBIGUOUS,CARRY_FORWARD,False,EU_REVIEW_REQUIRED,,,,,,,True,False,True
WS:XSTO:LAGRB.ST,LAGERCRANTZ GROUP 'B',EU_STOXX600,SE,XSTO,LAGRb.ST,,SEARCH_NO_QUOTES,,SEARCH_NO_QUOTES,CARRY_FORWARD,False,EU_REVIEW_REQUIRED,,,,,,,True,False,True
WS:XSTO:LATOB.ST,LATOUR INVESTMENT B,EU_STOXX600,SE,XSTO,LATOb.ST,,SEARCH_NO_QUOTES,,SEARCH_NO_QUOTES,CARRY_FORWARD,False,EU_REVIEW_REQUIRED,,,,,,,True,False,True
WS:XSTO:LIFCOB.ST,LIFCO B,EU_STOXX600,SE,XSTO,LIFCOb.ST,,SEARCH_NO_QUOTES,,SEARCH_NO_QUOTES,CARRY_FORWARD,False,EU_REVIEW_REQUIRED,,,,,,,True,False,True
WS:XSTO:LOOMIS.ST,LOOMIS,EU_STOXX600,SE,XSTO,LOOMIS.ST,LOOMIS.ST,DERIVED_RULE_NORMALIZED,LOOMIS.ST,DERIVED_RULE_NORMALIZED,CARRY_FORWARD,False,,,,,,,,False,False,False
WS:XSTO:LUNDB.ST,LUNDBERGFORETAGEN B,EU_STOXX600,SE,XSTO,LUNDb.ST,,SEARCH_NO_QUOTES,,SEARCH_NO_QUOTES,CARRY_FORWARD,False,EU_REVIEW_REQUIRED,,,,,,,True,False,True
WS:XSTO:MYCR.ST,MYCRONIC,EU_STOXX600,SE,XSTO,MYCR.ST,MYCR.ST,DERIVED_RULE_NORMALIZED,MYCR.ST,DERIVED_RULE_NORMALIZED,CARRY_FORWARD,False,,,,,,,,False,False,False
WS:XSTO:NIBEB.ST,NIBE INDUSTRIER B,EU_STOXX600,SE,XSTO,NIBEb.ST,,SEARCH_AMBIGUOUS,,SEARCH_AMBIGUOUS,CARRY_FORWARD,False,EU_REVIEW_REQUIRED,,,,,,,True,False,True
WS:XSTO:OCTVSDB.ST,OCTAVE INTELLIGENCE SDR,EU_STOXX600,SE,XSTO,OCTVsdb.ST,,SEARCH_NO_QUOTES,,SEARCH_NO_QUOTES,CARRY_FORWARD,False,EU_REVIEW_REQUIRED,,,,,,,True,False,True
WS:XSTO:SAABB.ST,SAAB B,EU_STOXX600,SE,XSTO,SAABb.ST,,SEARCH_AMBIGUOUS,,SEARCH_AMBIGUOUS,CARRY_FORWARD,False,EU_REVIEW_REQUIRED,,,,,,,True,False,True
WS:XSTO:SAGAB.ST,SAGAX 'B',EU_STOXX600,SE,XSTO,SAGAb.ST,,SEARCH_NO_QUOTES,,SEARCH_NO_QUOTES,CARRY_FORWARD,False,EU_REVIEW_REQUIRED,,,,,,,True,False,True
WS:XSTO:SAND.ST,SANDVIK,EU_STOXX600,SE,XSTO,SAND.ST,SAND.ST,DERIVED_RULE_NORMALIZED,SAND.ST,DERIVED_RULE_NORMALIZED,CARRY_FORWARD,False,,,,,,,,False,False,False
WS:XSTO:SAVE.ST,NORDNET,EU_STOXX600,SE,XSTO,SAVE.ST,SAVE.ST,DERIVED_RULE_NORMALIZED,SAVE.ST,DERIVED_RULE_NORMALIZED,CARRY_FORWARD,False,,,,,,,,False,False,False
WS:XSTO:SCAB.ST,SVENSKA CELLULOSA AKTIE. SCA B,EU_STOXX600,SE,XSTO,SCAb.ST,,SEARCH_NO_QUOTES,,SEARCH_NO_QUOTES,CARRY_FORWARD,False,EU_REVIEW_REQUIRED,,,,,,,True,False,True
WS:XSTO:SEBA.ST,SKANDINAVISKA ENSKILDA BK A,EU_STOXX600,SE,XSTO,SEBa.ST,,SEARCH_NO_QUOTES,,SEARCH_NO_QUOTES,CARRY_FORWARD,False,EU_REVIEW_REQUIRED,,,,,,,True,False,True
WS:XSTO:SECTB.ST,SECTRA 'B',EU_STOXX600,SE,XSTO,SECTb.ST,,SEARCH_NO_QUOTES,,SEARCH_NO_QUOTES,CARRY_FORWARD,False,EU_REVIEW_REQUIRED,,,,,,,True,False,True
WS:XSTO:SECUB.ST,SECURITAS B,EU_STOXX600,SE,XSTO,SECUb.ST,,SEARCH_AMBIGUOUS,,SEARCH_AMBIGUOUS,CARRY_FORWARD,False,EU_REVIEW_REQUIRED,,,,,,,True,False,True
WS:XSTO:SHBA.ST,SVENSKA HANDELSBANKEN A,EU_STOXX600,SE,XSTO,SHBa.ST,SHB-A.ST,SEARCH_HIGH_CONFIDENCE,SHB-A.ST,SEARCH_HIGH_CONFIDENCE,CARRY_FORWARD,False,,,,,,,,False,False,False
WS:XSTO:SKAB.ST,SKANSKA B,EU_STOXX600,SE,XSTO,SKAb.ST,,SEARCH_AMBIGUOUS,,SEARCH_AMBIGUOUS,CARRY_FORWARD,False,EU_REVIEW_REQUIRED,,,,,,,True,False,True
WS:XSTO:SKFB.ST,SKF B,EU_STOXX600,SE,XSTO,SKFb.ST,,SEARCH_AMBIGUOUS,,SEARCH_AMBIGUOUS,CARRY_FORWARD,False,EU_REVIEW_REQUIRED,,,,,,,True,False,True
WS:XSTO:SOBIV.ST,SWEDISH ORPHAN BIOVITRUM,EU_STOXX600,SE,XSTO,SOBIV.ST,SOBI.ST,SEARCH_HIGH_CONFIDENCE,SOBI.ST,SEARCH_HIGH_CONFIDENCE,CARRY_FORWARD,False,,,,,,,,False,False,False
WS:XSTO:SSABB.ST,SSAB B,EU_STOXX600,SE,XSTO,SSABb.ST,,SEARCH_NO_QUOTES,,SEARCH_NO_QUOTES,CARRY_FORWARD,False,EU_REVIEW_REQUIRED,,,,,,,True,False,True
WS:XSTO:SWECB.ST,SWECO 'B',EU_STOXX600,SE,XSTO,SWECb.ST,,SEARCH_AMBIGUOUS,,SEARCH_AMBIGUOUS,CARRY_FORWARD,False,EU_REVIEW_REQUIRED,,,,,,,True,False,True
WS:XSTO:SWEDA.ST,SWEDBANK,EU_STOXX600,SE,XSTO,SWEDa.ST,,SEARCH_AMBIGUOUS,SWED-A.ST,EXPECTED_MARKET_VERIFIED_EU,EU_EXPECTED_MARKET_FILTER,True,EXPECTED_MARKET_UNIQUE,Swedbank AB (publ),STO,0.666667,0.916667,1,,False,False,False
WS:XSTO:TEL2B.ST,TELE2 B,EU_STOXX600,SE,XSTO,TEL2b.ST,,SEARCH_AMBIGUOUS,,SEARCH_AMBIGUOUS,CARRY_FORWARD,False,EU_REVIEW_REQUIRED,,,,,,,True,False,True
WS:XSTO:TELIA.ST,TELIA COMPANY,EU_STOXX600,SE,XSTO,TELIA.ST,TELIA.ST,DERIVED_RULE_NORMALIZED,TELIA.ST,DERIVED_RULE_NORMALIZED,CARRY_FORWARD,False,,,,,,,,False,False,False
WS:XSTO:THULE.ST,THULE GROUP,EU_STOXX600,SE,XSTO,THULE.ST,THULE.ST,DERIVED_RULE_NORMALIZED,THULE.ST,DERIVED_RULE_NORMALIZED,CARRY_FORWARD,False,,,,,,,,False,False,False
WS:XSTO:TRELB.ST,TRELLEBORG B,EU_STOXX600,SE,XSTO,TRELb.ST,,SEARCH_AMBIGUOUS,,SEARCH_AMBIGUOUS,CARRY_FORWARD,False,EU_REVIEW_REQUIRED,,,,,,,True,False,True
WS:XSTO:VOLVB.ST,VOLVO B,EU_STOXX600,SE,XSTO,VOLVb.ST,,SEARCH_AMBIGUOUS,,SEARCH_AMBIGUOUS,CARRY_FORWARD,False,EU_REVIEW_REQUIRED,,,,,,,True,False,True
WS:XSTO:VSURE.ST,VERISURE,EU_STOXX600,SE,XSTO,VSURE.ST,VSURE.ST,DERIVED_RULE_NORMALIZED,VSURE.ST,DERIVED_RULE_NORMALIZED,CARRY_FORWARD,False,,,,,,,,False,False,False
WS:XSTO:WIHL.ST,WIHLBORGS FASTIGHETER,EU_STOXX600,SE,XSTO,WIHL.ST,WIHL.ST,DERIVED_RULE_NORMALIZED,WIHL.ST,DERIVED_RULE_NORMALIZED,CARRY_FORWARD,False,,,,,,,,False,False,False
WS:XSWX:ABBN.S,ABB,EU_STOXX600,CH,XSWX,ABBN.S,ABBN.SW,DERIVED_RULE_NORMALIZED,ABBN.SW,DERIVED_RULE_NORMALIZED,CARRY_FORWARD,False,,,,,,,,False,False,False
WS:XSWX:ACLN.S,ACCELLERON INDUSTRIES,EU_STOXX600,CH,XSWX,ACLN.S,ACLN.SW,DERIVED_RULE_NORMALIZED,ACLN.SW,DERIVED_RULE_NORMALIZED,CARRY_FORWARD,False,,,,,,,,False,False,False
WS:XSWX:ADEN.S,ADECCO,EU_STOXX600,CH,XSWX,ADEN.S,ADEN.SW,DERIVED_RULE_NORMALIZED,ADEN.SW,DERIVED_RULE_NORMALIZED,CARRY_FORWARD,False,,,,,,,,False,False,False
WS:XSWX:ALCC.S,ALCON,EU_STOXX600,CH,XSWX,ALCC.S,,SEARCH_AMBIGUOUS,,SEARCH_AMBIGUOUS,CARRY_FORWARD,False,EU_REVIEW_REQUIRED,,,,,,,True,False,True
WS:XSWX:ALLN.S,ALLREAL HLDG,EU_STOXX600,CH,XSWX,ALLN.S,ALLN.SW,DERIVED_RULE_NORMALIZED,ALLN.SW,DERIVED_RULE_NORMALIZED,CARRY_FORWARD,False,,,,,,,,False,False,False
WS:XSWX:AVOL.S,AVOLTA,EU_STOXX600,CH,XSWX,AVOL.S,AVOL.SW,DERIVED_RULE_NORMALIZED,AVOL.SW,DERIVED_RULE_NORMALIZED,CARRY_FORWARD,False,,,,,,,,False,False,False
WS:XSWX:BAER.S,JULIUS BAER GRP,EU_STOXX600,CH,XSWX,BAER.S,BAER.SW,DERIVED_RULE_NORMALIZED,BAER.SW,DERIVED_RULE_NORMALIZED,CARRY_FORWARD,False,,,,,,,,False,False,False
WS:XSWX:BARN.S,BARRY CALLEBAUT,EU_STOXX600,CH,XSWX,BARN.S,BARN.SW,DERIVED_RULE_NORMALIZED,BARN.SW,DERIVED_RULE_NORMALIZED,CARRY_FORWARD,False,,,,,,,,False,False,False
WS:XSWX:BCVN.S,BANQUE CANTONALE VAUDOISE,EU_STOXX600,CH,XSWX,BCVN.S,BCVN.SW,DERIVED_RULE_NORMALIZED,BCVN.SW,DERIVED_RULE_NORMALIZED,CARRY_FORWARD,False,,,,,,,,False,False,False
WS:XSWX:BEAN.S,BELIMO HOLDING,EU_STOXX600,CH,XSWX,BEAN.S,BEAN.SW,DERIVED_RULE_NORMALIZED,BEAN.SW,DERIVED_RULE_NORMALIZED,CARRY_FORWARD,False,,,,,,,,False,False,False
WS:XSWX:BKWB.S,BKW,EU_STOXX600,CH,XSWX,BKWB.S,BKW.SW,SEARCH_HIGH_CONFIDENCE,BKW.SW,SEARCH_HIGH_CONFIDENCE,CARRY_FORWARD,False,,,,,,,,False,False,False
WS:XSWX:BUCN.S,BUCHER INDUSTRIES,EU_STOXX600,CH,XSWX,BUCN.S,BUCN.SW,DERIVED_RULE_NORMALIZED,BUCN.SW,DERIVED_RULE_NORMALIZED,CARRY_FORWARD,False,,,,,,,,False,False,False
WS:XSWX:CFR.S,CIE FINANCIERE RICHEMONT,EU_STOXX600,CH,XSWX,CFR.S,CFR.SW,DERIVED_RULE_NORMALIZED,CFR.SW,DERIVED_RULE_NORMALIZED,CARRY_FORWARD,False,,,,,,,,False,False,False
WS:XSWX:CMBN.S,CEMBRA MONEY BANK,EU_STOXX600,CH,XSWX,CMBN.S,CMBN.SW,DERIVED_RULE_NORMALIZED,CMBN.SW,DERIVED_RULE_NORMALIZED,CARRY_FORWARD,False,,,,,,,,False,False,False
WS:XSWX:COTNE.S,COMET HOLDINGS 'R',EU_STOXX600,CH,XSWX,COTNE.S,,SEARCH_NO_QUOTES,,SEARCH_NO_QUOTES,CARRY_FORWARD,False,EU_REVIEW_REQUIRED,,,,,,,True,False,True
WS:XSWX:DKSH.S,DKSH HOLDING,EU_STOXX600,CH,XSWX,DKSH.S,DKSH.SW,DERIVED_RULE_NORMALIZED,DKSH.SW,DERIVED_RULE_NORMALIZED,CARRY_FORWARD,False,,,,,,,,False,False,False
WS:XSWX:EMSN.S,EMS-CHEMIE HLDG,EU_STOXX600,CH,XSWX,EMSN.S,EMSN.SW,DERIVED_RULE_NORMALIZED,EMSN.SW,DERIVED_RULE_NORMALIZED,CARRY_FORWARD,False,,,,,,,,False,False,False
WS:XSWX:FHZN.S,FLUGHAFEN ZURICH,EU_STOXX600,CH,XSWX,FHZN.S,FHZN.SW,DERIVED_RULE_NORMALIZED,FHZN.SW,DERIVED_RULE_NORMALIZED,CARRY_FORWARD,False,,,,,,,,False,False,False
WS:XSWX:GALD.S,GALDERMA GROUP N,EU_STOXX600,CH,XSWX,GALD.S,GALD.SW,DERIVED_RULE_NORMALIZED,GALD.SW,DERIVED_RULE_NORMALIZED,CARRY_FORWARD,False,,,,,,,,False,False,False
WS:XSWX:GALE.S,GALENICA SANTE AG,EU_STOXX600,CH,XSWX,GALE.S,GALE.SW,DERIVED_RULE_NORMALIZED,GALE.SW,DERIVED_RULE_NORMALIZED,CARRY_FORWARD,False,,,,,,,,False,False,False
WS:XSWX:GEBN.S,GEBERIT,EU_STOXX600,CH,XSWX,GEBN.S,GEBN.SW,DERIVED_RULE_NORMALIZED,GEBN.SW,DERIVED_RULE_NORMALIZED,CARRY_FORWARD,False,,,,,,,,False,False,False
WS:XSWX:GF.S,GEORG FISCHER,EU_STOXX600,CH,XSWX,GF.S,GF.SW,DERIVED_RULE_NORMALIZED,GF.SW,DERIVED_RULE_NORMALIZED,CARRY_FORWARD,False,,,,,,,,False,False,False
WS:XSWX:GIVN.S,GIVAUDAN,EU_STOXX600,CH,XSWX,GIVN.S,GIVN.SW,DERIVED_RULE_NORMALIZED,GIVN.SW,DERIVED_RULE_NORMALIZED,CARRY_FORWARD,False,,,,,,,,False,False,False
WS:XSWX:HBANC.S,HELVETIA BALOISE HLDG,EU_STOXX600,CH,XSWX,HBANC.S,,SEARCH_NO_QUOTES,,SEARCH_NO_QUOTES,CARRY_FORWARD,False,EU_REVIEW_REQUIRED,,,,,,,True,False,True
WS:XSWX:HOLN.S,Holcim,EU_STOXX600,CH,XSWX,HOLN.S,HOLN.SW,DERIVED_RULE_NORMALIZED,HOLN.SW,DERIVED_RULE_NORMALIZED,CARRY_FORWARD,False,,,,,,,,False,False,False
WS:XSWX:HUBN.S,HUBER+SUHNER 'R',EU_STOXX600,CH,XSWX,HUBN.S,HUBN.SW,DERIVED_RULE_NORMALIZED,HUBN.SW,DERIVED_RULE_NORMALIZED,CARRY_FORWARD,False,,,,,,,,False,False,False
WS:XSWX:IFCN.S,INFICON,EU_STOXX600,CH,XSWX,IFCN.S,IFCN.SW,DERIVED_RULE_NORMALIZED,IFCN.SW,DERIVED_RULE_NORMALIZED,CARRY_FORWARD,False,,,,,,,,False,False,False
WS:XSWX:KNIN.S,KUEHNE + NAGEL,EU_STOXX600,CH,XSWX,KNIN.S,KNIN.SW,DERIVED_RULE_NORMALIZED,KNIN.SW,DERIVED_RULE_NORMALIZED,CARRY_FORWARD,False,,,,,,,,False,False,False
WS:XSWX:LISP.S,LINDT & SPRUENGLI P,EU_STOXX600,CH,XSWX,LISP.S,LISP.SW,DERIVED_RULE_NORMALIZED,LISP.SW,DERIVED_RULE_NORMALIZED,CARRY_FORWARD,False,,,,,,,,False,False,False
WS:XSWX:LOGN.S,LOGITECH INTERNATIONAL,EU_STOXX600,CH,XSWX,LOGN.S,LOGN.SW,DERIVED_RULE_NORMALIZED,LOGN.SW,DERIVED_RULE_NORMALIZED,CARRY_FORWARD,False,,,,,,,,False,False,False
WS:XSWX:LONN.S,LONZA,EU_STOXX600,CH,XSWX,LONN.S,LONN.SW,DERIVED_RULE_NORMALIZED,LONN.SW,DERIVED_RULE_NORMALIZED,CARRY_FORWARD,False,,,,,,,,False,False,False
WS:XSWX:MOBN.S,MOBIMO HLDG,EU_STOXX600,CH,XSWX,MOBN.S,MOBN.SW,DERIVED_RULE_NORMALIZED,MOBN.SW,DERIVED_RULE_NORMALIZED,CARRY_FORWARD,False,,,,,,,,False,False,False
WS:XSWX:NESN.S,NESTLE,EU_STOXX600,CH,XSWX,NESN.S,NESN.SW,DERIVED_RULE_NORMALIZED,NESN.SW,DERIVED_RULE_NORMALIZED,CARRY_FORWARD,False,,,,,,,,False,False,False
WS:XSWX:NOVN.S,NOVARTIS,EU_STOXX600,CH,XSWX,NOVN.S,NOVN.SW,DERIVED_RULE_NORMALIZED,NOVN.SW,DERIVED_RULE_NORMALIZED,CARRY_FORWARD,False,,,,,,,,False,False,False
WS:XSWX:PGHN.S,PARTNERS GRP HLDG,EU_STOXX600,CH,XSWX,PGHN.S,PGHN.SW,DERIVED_RULE_NORMALIZED,PGHN.SW,DERIVED_RULE_NORMALIZED,CARRY_FORWARD,False,,,,,,,,False,False,False
WS:XSWX:PSPN.S,PSP SWISS PROPERTY,EU_STOXX600,CH,XSWX,PSPN.S,PSPN.SW,DERIVED_RULE_NORMALIZED,PSPN.SW,DERIVED_RULE_NORMALIZED,CARRY_FORWARD,False,,,,,,,,False,False,False
WS:XSWX:ROPC.S,ROCHE PS,EU_STOXX600,CH,XSWX,ROPC.S,,SEARCH_AMBIGUOUS,,SEARCH_AMBIGUOUS,CARRY_FORWARD,False,EU_REVIEW_REQUIRED,,,,,,,True,False,True
WS:XSWX:SCHP.S,SCHINDLER P,EU_STOXX600,CH,XSWX,SCHP.S,SCHP.SW,DERIVED_RULE_NORMALIZED,SCHP.SW,DERIVED_RULE_NORMALIZED,CARRY_FORWARD,False,,,,,,,,False,False,False
WS:XSWX:SCMN.S,SWISSCOM,EU_STOXX600,CH,XSWX,SCMN.S,SCMN.SW,DERIVED_RULE_NORMALIZED,SCMN.SW,DERIVED_RULE_NORMALIZED,CARRY_FORWARD,False,,,,,,,,False,False,False
WS:XSWX:SDZ.S,SANDOZ GROUP,EU_STOXX600,CH,XSWX,SDZ.S,SDZ.SW,DERIVED_RULE_NORMALIZED,SDZ.SW,DERIVED_RULE_NORMALIZED,CARRY_FORWARD,False,,,,,,,,False,False,False
WS:XSWX:SFSN.S,SFS GROUP,EU_STOXX600,CH,XSWX,SFSN.S,SFSN.SW,DERIVED_RULE_NORMALIZED,SFSN.SW,DERIVED_RULE_NORMALIZED,CARRY_FORWARD,False,,,,,,,,False,False,False
WS:XSWX:SFZN.S,SIEGFRIED 'R',EU_STOXX600,CH,XSWX,SFZN.S,SFZN.SW,DERIVED_RULE_NORMALIZED,SFZN.SW,DERIVED_RULE_NORMALIZED,CARRY_FORWARD,False,,,,,,,,False,False,False
WS:XSWX:SGSN.S,SGS,EU_STOXX600,CH,XSWX,SGSN.S,SGSN.SW,DERIVED_RULE_NORMALIZED,SGSN.SW,DERIVED_RULE_NORMALIZED,CARRY_FORWARD,False,,,,,,,,False,False,False
WS:XSWX:SIGNC.S,SIG GROUP AG,EU_STOXX600,CH,XSWX,SIGNC.S,SIGN.SW,SEARCH_HIGH_CONFIDENCE,SIGN.SW,SEARCH_HIGH_CONFIDENCE,CARRY_FORWARD,False,,,,,,,,False,False,False
WS:XSWX:SIKA.S,SIKA,EU_STOXX600,CH,XSWX,SIKA.S,SIKA.SW,DERIVED_RULE_NORMALIZED,SIKA.SW,DERIVED_RULE_NORMALIZED,CARRY_FORWARD,False,,,,,,,,False,False,False
WS:XSWX:SLHN.S,SWISS LIFE HLDG,EU_STOXX600,CH,XSWX,SLHN.S,SLHN.SW,DERIVED_RULE_NORMALIZED,SLHN.SW,DERIVED_RULE_NORMALIZED,CARRY_FORWARD,False,,,,,,,,False,False,False
WS:XSWX:SOON.S,SONOVA,EU_STOXX600,CH,XSWX,SOON.S,SOON.SW,DERIVED_RULE_NORMALIZED,SOON.SW,DERIVED_RULE_NORMALIZED,CARRY_FORWARD,False,,,,,,,,False,False,False
WS:XSWX:SPSN.S,SWISS PRIME SITE,EU_STOXX600,CH,XSWX,SPSN.S,SPSN.SW,DERIVED_RULE_NORMALIZED,SPSN.SW,DERIVED_RULE_NORMALIZED,CARRY_FORWARD,False,,,,,,,,False,False,False
WS:XSWX:SQN.S,SWISSQUOTE 'R',EU_STOXX600,CH,XSWX,SQN.S,SQN.SW,DERIVED_RULE_NORMALIZED,SQN.SW,DERIVED_RULE_NORMALIZED,CARRY_FORWARD,False,,,,,,,,False,False,False
WS:XSWX:SRENH.S,SWISS REINSURANCE COMPANY,EU_STOXX600,CH,XSWX,SRENH.S,,SEARCH_NO_QUOTES,,SEARCH_NO_QUOTES,CARRY_FORWARD,False,EU_REVIEW_REQUIRED,,,,,,,True,False,True
WS:XSWX:STMN.S,STRAUMANN,EU_STOXX600,CH,XSWX,STMN.S,STMN.SW,DERIVED_RULE_NORMALIZED,STMN.SW,DERIVED_RULE_NORMALIZED,CARRY_FORWARD,False,,,,,,,,False,False,False
WS:XSWX:SUN.S,SULZER,EU_STOXX600,CH,XSWX,SUN.S,SUN.SW,DERIVED_RULE_NORMALIZED,SUN.SW,DERIVED_RULE_NORMALIZED,CARRY_FORWARD,False,,,,,,,,False,False,False
WS:XSWX:SUNN.S,SUNRISE N A,EU_STOXX600,CH,XSWX,SUNN.S,SUNN.SW,DERIVED_RULE_NORMALIZED,SUNN.SW,DERIVED_RULE_NORMALIZED,CARRY_FORWARD,False,,,,,,,,False,False,False
WS:XSWX:TEMN.S,TEMENOS,EU_STOXX600,CH,XSWX,TEMN.S,TEMN.SW,DERIVED_RULE_NORMALIZED,TEMN.SW,DERIVED_RULE_NORMALIZED,CARRY_FORWARD,False,,,,,,,,False,False,False
WS:XSWX:UBSG.S,UBS GROUP,EU_STOXX600,CH,XSWX,UBSG.S,UBSG.SW,DERIVED_RULE_NORMALIZED,UBSG.SW,DERIVED_RULE_NORMALIZED,CARRY_FORWARD,False,,,,,,,,False,False,False
WS:XSWX:UHR.S,SWATCH BEARER,EU_STOXX600,CH,XSWX,UHR.S,UHR.SW,DERIVED_RULE_NORMALIZED,UHR.SW,DERIVED_RULE_NORMALIZED,CARRY_FORWARD,False,,,,,,,,False,False,False
WS:XSWX:VACN.S,VAT GROUP AG,EU_STOXX600,CH,XSWX,VACN.S,VACN.SW,DERIVED_RULE_NORMALIZED,VACN.SW,DERIVED_RULE_NORMALIZED,CARRY_FORWARD,False,,,,,,,,False,False,False
WS:XSWX:VATN.S,VALIANT,EU_STOXX600,CH,XSWX,VATN.S,VATN.SW,DERIVED_RULE_NORMALIZED,VATN.SW,DERIVED_RULE_NORMALIZED,CARRY_FORWARD,False,,,,,,,,False,False,False
WS:XSWX:VZN.S,VZ HOLDING 'N',EU_STOXX600,CH,XSWX,VZN.S,VZN.SW,DERIVED_RULE_NORMALIZED,VZN.SW,DERIVED_RULE_NORMALIZED,CARRY_FORWARD,False,,,,,,,,False,False,False
WS:XSWX:ZURN.S,ZURICH INSURANCE GROUP,EU_STOXX600,CH,XSWX,ZURN.S,ZURN.SW,DERIVED_RULE_NORMALIZED,ZURN.SW,DERIVED_RULE_NORMALIZED,CARRY_FORWARD,False,,,,,,,,False,False,False
WS:XWAR:ACPP.WA,ASSECO POLAND,EU_STOXX600,PL,XWAR,ACPP.WA,ACP.WA,SEARCH_HIGH_CONFIDENCE,ACP.WA,SEARCH_HIGH_CONFIDENCE,CARRY_FORWARD,False,,,,,,,,False,False,False
WS:XWAR:ALEP.WA,ALLEGRO.EU,EU_STOXX600,PL,XWAR,ALEP.WA,,SEARCH_AMBIGUOUS,ALE.WA,EXPECTED_MARKET_VERIFIED_EU,EU_EXPECTED_MARKET_FILTER,True,EXPECTED_MARKET_UNIQUE,Allegro.eu S.A.,WSE,0.833333,0.833333,1,,False,False,False
WS:XWAR:BFT.WA,BENEFIT SYSTEMS,EU_STOXX600,PL,XWAR,BFT.WA,BFT.WA,DERIVED_RULE_NORMALIZED,BFT.WA,DERIVED_RULE_NORMALIZED,CARRY_FORWARD,False,,,,,,,,False,False,False
WS:XWAR:CDR.WA,CD PROJECT SA,EU_STOXX600,PL,XWAR,CDR.WA,CDR.WA,DERIVED_RULE_NORMALIZED,CDR.WA,DERIVED_RULE_NORMALIZED,CARRY_FORWARD,False,,,,,,,,False,False,False
WS:XWAR:DNP.WA,DINO POLSKA SA,EU_STOXX600,PL,XWAR,DNP.WA,DNP.WA,DERIVED_RULE_NORMALIZED,DNP.WA,DERIVED_RULE_NORMALIZED,CARRY_FORWARD,False,,,,,,,,False,False,False
WS:XWAR:EBP.WA,ERSTE BANK POLSKA,EU_STOXX600,PL,XWAR,EBP.WA,EBP.WA,DERIVED_RULE_NORMALIZED,EBP.WA,DERIVED_RULE_NORMALIZED,CARRY_FORWARD,False,,,,,,,,False,False,False
WS:XWAR:INGP.WA,ING BANK SLASKI BSK,EU_STOXX600,PL,XWAR,INGP.WA,ING.WA,PROJECT_OVERRIDE,ING.WA,PROJECT_OVERRIDE,CARRY_FORWARD,False,,,,,,,,False,False,False
WS:XWAR:KGH.WA,KGHM,EU_STOXX600,PL,XWAR,KGH.WA,KGH.WA,DERIVED_RULE_NORMALIZED,KGH.WA,DERIVED_RULE_NORMALIZED,CARRY_FORWARD,False,,,,,,,,False,False,False
WS:XWAR:KTY.WA,KETY,EU_STOXX600,PL,XWAR,KTY.WA,KTY.WA,DERIVED_RULE_NORMALIZED,KTY.WA,DERIVED_RULE_NORMALIZED,CARRY_FORWARD,False,,,,,,,,False,False,False
WS:XWAR:LPPP.WA,LPP,EU_STOXX600,PL,XWAR,LPPP.WA,LPP.WA,SEARCH_HIGH_CONFIDENCE,LPP.WA,SEARCH_HIGH_CONFIDENCE,CARRY_FORWARD,False,,,,,,,,False,False,False
WS:XWAR:MBK.WA,MBANK,EU_STOXX600,PL,XWAR,MBK.WA,MBK.WA,DERIVED_RULE_NORMALIZED,MBK.WA,DERIVED_RULE_NORMALIZED,CARRY_FORWARD,False,,,,,,,,False,False,False
WS:XWAR:MILP.WA,BANK MILLENNIUM,EU_STOXX600,PL,XWAR,MILP.WA,MIL.WA,SEARCH_HIGH_CONFIDENCE,MIL.WA,SEARCH_HIGH_CONFIDENCE,CARRY_FORWARD,False,,,,,,,,False,False,False
WS:XWAR:PEO.WA,PEKAO,EU_STOXX600,PL,XWAR,PEO.WA,PEO.WA,DERIVED_RULE_NORMALIZED,PEO.WA,DERIVED_RULE_NORMALIZED,CARRY_FORWARD,False,,,,,,,,False,False,False
WS:XWAR:PKN.WA,ORLEN,EU_STOXX600,PL,XWAR,PKN.WA,PKN.WA,DERIVED_RULE_NORMALIZED,PKN.WA,DERIVED_RULE_NORMALIZED,CARRY_FORWARD,False,,,,,,,,False,False,False
WS:XWAR:PKO.WA,PKO BANK,EU_STOXX600,PL,XWAR,PKO.WA,PKO.WA,DERIVED_RULE_NORMALIZED,PKO.WA,DERIVED_RULE_NORMALIZED,CARRY_FORWARD,False,,,,,,,,False,False,False
WS:XWAR:PZU.WA,PZU GROUP,EU_STOXX600,PL,XWAR,PZU.WA,PZU.WA,DERIVED_RULE_NORMALIZED,PZU.WA,DERIVED_RULE_NORMALIZED,CARRY_FORWARD,False,,,,,,,,False,False,False
WS:XWAR:TPE.WA,TAURON,EU_STOXX600,PL,XWAR,TPE.WA,TPE.WA,DERIVED_RULE_NORMALIZED,TPE.WA,DERIVED_RULE_NORMALIZED,CARRY_FORWARD,False,,,,,,,,False,False,False
WS:XWAR:ZAB.WA,ZABKA GROUP,EU_STOXX600,PL,XWAR,ZAB.WA,ZAB.WA,DERIVED_RULE_NORMALIZED,ZAB.WA,DERIVED_RULE_NORMALIZED,CARRY_FORWARD,False,,,,,,,,False,False,False
WS:XWBO:ANDR.VI,ANDRITZ,EU_STOXX600,AT,XWBO,ANDR.VI,ANDR.VI,DERIVED_RULE_NORMALIZED,ANDR.VI,DERIVED_RULE_NORMALIZED,CARRY_FORWARD,False,,,,,,,,False,False,False
WS:XWBO:ATSV.VI,AT&S AUSTRIA TECH.&SYSTEMTECH,EU_STOXX600,AT,XWBO,ATSV.VI,,SEARCH_AMBIGUOUS,ATS.VI,EXPECTED_MARKET_VERIFIED_EU,EU_EXPECTED_MARKET_FILTER,True,EXPECTED_MARKET_UNIQUE,AT & S Austria Technologie & Systemtechnik Aktiengesellschaft,VIE,0.712871,0.712871,1,,False,False,False
WS:XWBO:BAWG.VI,BAWAG GROUP AG,EU_STOXX600,AT,XWBO,BAWG.VI,BG.VI,SEARCH_HIGH_CONFIDENCE,BG.VI,SEARCH_HIGH_CONFIDENCE,CARRY_FORWARD,False,,,,,,,,False,False,False
WS:XWBO:ERST.VI,ERSTE GROUP BANK,EU_STOXX600,AT,XWBO,ERST.VI,EBS.VI,SEARCH_HIGH_CONFIDENCE,EBS.VI,SEARCH_HIGH_CONFIDENCE,CARRY_FORWARD,False,,,,,,,,False,False,False
WS:XWBO:OMVV.VI,OMV,EU_STOXX600,AT,XWBO,OMVV.VI,,SEARCH_AMBIGUOUS,,SEARCH_AMBIGUOUS,CARRY_FORWARD,False,EU_REVIEW_REQUIRED,,,,,,,True,False,True
WS:XWBO:RBIV.VI,RAIFFEISEN BANK INTERNATIONAL,EU_STOXX600,AT,XWBO,RBIV.VI,RBI.VI,SEARCH_HIGH_CONFIDENCE,RBI.VI,SEARCH_HIGH_CONFIDENCE,CARRY_FORWARD,False,,,,,,,,False,False,False
WS:XWBO:VERB.VI,VERBUND,EU_STOXX600,AT,XWBO,VERB.VI,VER.VI,SEARCH_HIGH_CONFIDENCE,VER.VI,SEARCH_HIGH_CONFIDENCE,CARRY_FORWARD,False,,,,,,,,False,False,False
WS:XWBO:VOES.VI,VOESTALPINE,EU_STOXX600,AT,XWBO,VOES.VI,VOE.VI,SEARCH_HIGH_CONFIDENCE,VOE.VI,SEARCH_HIGH_CONFIDENCE,CARRY_FORWARD,False,,,,,,,,False,False,False
WS:XWBO:WBSV.VI,WIENERBERGER,EU_STOXX600,AT,XWBO,WBSV.VI,WIE.VI,SEARCH_HIGH_CONFIDENCE,WIE.VI,SEARCH_HIGH_CONFIDENCE,CARRY_FORWARD,False,,,,,,,,False,False,False
WS:XHKG:1,CKH HOLDINGS,HK_HSI,Hong Kong,XHKG,1,0001.HK,DERIVED_RULE,0001.HK,DERIVED_RULE,CARRY_FORWARD,False,,,,,,,,False,False,False
WS:XHKG:101,HANG LUNG PPT,HK_HSI,Hong Kong,XHKG,101,0101.HK,DERIVED_RULE,0101.HK,DERIVED_RULE,CARRY_FORWARD,False,,,,,,,,False,False,False
WS:XHKG:1024,KUAISHOU - W,HK_HSI,Hong Kong,XHKG,1024,1024.HK,DERIVED_RULE,1024.HK,DERIVED_RULE,CARRY_FORWARD,False,,,,,,,,False,False,False
WS:XHKG:1038,CKI HOLDINGS,HK_HSI,Hong Kong,XHKG,1038,1038.HK,DERIVED_RULE,1038.HK,DERIVED_RULE,CARRY_FORWARD,False,,,,,,,,False,False,False
WS:XHKG:1044,HENGAN INT'L,HK_HSI,Hong Kong,XHKG,1044,1044.HK,DERIVED_RULE,1044.HK,DERIVED_RULE,CARRY_FORWARD,False,,,,,,,,False,False,False
WS:XHKG:1088,CHINA SHENHUA,HK_HSI,Hong Kong,XHKG,1088,1088.HK,DERIVED_RULE,1088.HK,DERIVED_RULE,CARRY_FORWARD,False,,,,,,,,False,False,False
WS:XHKG:1093,CSPC PHARMA,HK_HSI,Hong Kong,XHKG,1093,1093.HK,DERIVED_RULE,1093.HK,DERIVED_RULE,CARRY_FORWARD,False,,,,,,,,False,False,False
WS:XHKG:1099,SINOPHARM,HK_HSI,Hong Kong,XHKG,1099,1099.HK,DERIVED_RULE,1099.HK,DERIVED_RULE,CARRY_FORWARD,False,,,,,,,,False,False,False
WS:XHKG:1109,CHINA RES LAND,HK_HSI,Hong Kong,XHKG,1109,1109.HK,DERIVED_RULE,1109.HK,DERIVED_RULE,CARRY_FORWARD,False,,,,,,,,False,False,False
WS:XHKG:1113,CK ASSET,HK_HSI,Hong Kong,XHKG,1113,1113.HK,DERIVED_RULE,1113.HK,DERIVED_RULE,CARRY_FORWARD,False,,,,,,,,False,False,False
WS:XHKG:1177,SBP GROUP,HK_HSI,Hong Kong,XHKG,1177,1177.HK,DERIVED_RULE,1177.HK,DERIVED_RULE,CARRY_FORWARD,False,,,,,,,,False,False,False
WS:XHKG:12,HENDERSON LAND,HK_HSI,Hong Kong,XHKG,12,0012.HK,DERIVED_RULE,0012.HK,DERIVED_RULE,CARRY_FORWARD,False,,,,,,,,False,False,False
WS:XHKG:1209,CHINA RES MIXC,HK_HSI,Hong Kong,XHKG,1209,1209.HK,DERIVED_RULE,1209.HK,DERIVED_RULE,CARRY_FORWARD,False,,,,,,,,False,False,False
WS:XHKG:1211,BYD COMPANY,HK_HSI,Hong Kong,XHKG,1211,1211.HK,DERIVED_RULE,1211.HK,DERIVED_RULE,CARRY_FORWARD,False,,,,,,,,False,False,False
WS:XHKG:1299,AIA,HK_HSI,Hong Kong,XHKG,1299,1299.HK,DERIVED_RULE,1299.HK,DERIVED_RULE,CARRY_FORWARD,False,,,,,,,,False,False,False
WS:XHKG:1378,CHINAHONGQIAO,HK_HSI,Hong Kong,XHKG,1378,1378.HK,DERIVED_RULE,1378.HK,DERIVED_RULE,CARRY_FORWARD,False,,,,,,,,False,False,False
WS:XHKG:1398,ICBC,HK_HSI,Hong Kong,XHKG,1398,1398.HK,DERIVED_RULE,1398.HK,DERIVED_RULE,CARRY_FORWARD,False,,,,,,,,False,False,False
WS:XHKG:1519,J&T EXPRESS - W,HK_HSI,Hong Kong,XHKG,1519,1519.HK,DERIVED_RULE,1519.HK,DERIVED_RULE,CARRY_FORWARD,False,,,,,,,,False,False,False
WS:XHKG:16,SHK PPT,HK_HSI,Hong Kong,XHKG,16,0016.HK,DERIVED_RULE,0016.HK,DERIVED_RULE,CARRY_FORWARD,False,,,,,,,,False,False,False
WS:XHKG:175,GEELY AUTO,HK_HSI,Hong Kong,XHKG,175,0175.HK,DERIVED_RULE,0175.HK,DERIVED_RULE,CARRY_FORWARD,False,,,,,,,,False,False,False
WS:XHKG:1801,INNOVENT BIO,HK_HSI,Hong Kong,XHKG,1801,1801.HK,DERIVED_RULE,1801.HK,DERIVED_RULE,CARRY_FORWARD,False,,,,,,,,False,False,False
WS:XHKG:1810,XIAOMI - W,HK_HSI,Hong Kong,XHKG,1810,1810.HK,DERIVED_RULE,1810.HK,DERIVED_RULE,CARRY_FORWARD,False,,,,,,,,False,False,False
WS:XHKG:1876,BUD APAC,HK_HSI,Hong Kong,XHKG,1876,1876.HK,DERIVED_RULE,1876.HK,DERIVED_RULE,CARRY_FORWARD,False,,,,,,,,False,False,False
WS:XHKG:1928,SANDS CHINA LTD,HK_HSI,Hong Kong,XHKG,1928,1928.HK,DERIVED_RULE,1928.HK,DERIVED_RULE,CARRY_FORWARD,False,,,,,,,,False,False,False
WS:XHKG:1929,CHOW TAI FOOK,HK_HSI,Hong Kong,XHKG,1929,1929.HK,DERIVED_RULE,1929.HK,DERIVED_RULE,CARRY_FORWARD,False,,,,,,,,False,False,False
WS:XHKG:1997,WHARF REIC,HK_HSI,Hong Kong,XHKG,1997,1997.HK,DERIVED_RULE,1997.HK,DERIVED_RULE,CARRY_FORWARD,False,,,,,,,,False,False,False
WS:XHKG:2,CLP HOLDINGS,HK_HSI,Hong Kong,XHKG,2,0002.HK,DERIVED_RULE,0002.HK,DERIVED_RULE,CARRY_FORWARD,False,,,,,,,,False,False,False
WS:XHKG:2015,LI AUTO - W,HK_HSI,Hong Kong,XHKG,2015,2015.HK,DERIVED_RULE,2015.HK,DERIVED_RULE,CARRY_FORWARD,False,,,,,,,,False,False,False
WS:XHKG:2020,ANTA SPORTS,HK_HSI,Hong Kong,XHKG,2020,2020.HK,DERIVED_RULE,2020.HK,DERIVED_RULE,CARRY_FORWARD,False,,,,,,,,False,False,False
WS:XHKG:2057,ZTO EXPRESS - W,HK_HSI,Hong Kong,XHKG,2057,2057.HK,DERIVED_RULE,2057.HK,DERIVED_RULE,CARRY_FORWARD,False,,,,,,,,False,False,False
WS:XHKG:2269,WUXI BIO,HK_HSI,Hong Kong,XHKG,2269,2269.HK,DERIVED_RULE,2269.HK,DERIVED_RULE,CARRY_FORWARD,False,,,,,,,,False,False,False
WS:XHKG:2313,SHENZHOU INTL,HK_HSI,Hong Kong,XHKG,2313,2313.HK,DERIVED_RULE,2313.HK,DERIVED_RULE,CARRY_FORWARD,False,,,,,,,,False,False,False
WS:XHKG:2318,PING AN,HK_HSI,Hong Kong,XHKG,2318,2318.HK,DERIVED_RULE,2318.HK,DERIVED_RULE,CARRY_FORWARD,False,,,,,,,,False,False,False
WS:XHKG:2319,MENGNIU DAIRY,HK_HSI,Hong Kong,XHKG,2319,2319.HK,DERIVED_RULE,2319.HK,DERIVED_RULE,CARRY_FORWARD,False,,,,,,,,False,False,False
WS:XHKG:2331,LI NING,HK_HSI,Hong Kong,XHKG,2331,2331.HK,DERIVED_RULE,2331.HK,DERIVED_RULE,CARRY_FORWARD,False,,,,,,,,False,False,False
WS:XHKG:2359,WUXI APPTEC,HK_HSI,Hong Kong,XHKG,2359,2359.HK,DERIVED_RULE,2359.HK,DERIVED_RULE,CARRY_FORWARD,False,,,,,,,,False,False,False
WS:XHKG:2382,SUNNY OPTICAL,HK_HSI,Hong Kong,XHKG,2382,2382.HK,DERIVED_RULE,2382.HK,DERIVED_RULE,CARRY_FORWARD,False,,,,,,,,False,False,False
WS:XHKG:2388,BOC HONG KONG,HK_HSI,Hong Kong,XHKG,2388,2388.HK,DERIVED_RULE,2388.HK,DERIVED_RULE,CARRY_FORWARD,False,,,,,,,,False,False,False
WS:XHKG:241,ALI HEALTH,HK_HSI,Hong Kong,XHKG,241,0241.HK,DERIVED_RULE,0241.HK,DERIVED_RULE,CARRY_FORWARD,False,,,,,,,,False,False,False
WS:XHKG:2600,CHALCO,HK_HSI,Hong Kong,XHKG,2600,2600.HK,DERIVED_RULE,2600.HK,DERIVED_RULE,CARRY_FORWARD,False,,,,,,,,False,False,False
WS:XHKG:2618,JD LOGISTICS,HK_HSI,Hong Kong,XHKG,2618,2618.HK,DERIVED_RULE,2618.HK,DERIVED_RULE,CARRY_FORWARD,False,,,,,,,,False,False,False
WS:XHKG:2628,CHINA LIFE,HK_HSI,Hong Kong,XHKG,2628,2628.HK,DERIVED_RULE,2628.HK,DERIVED_RULE,CARRY_FORWARD,False,,,,,,,,False,False,False
WS:XHKG:267,CITIC,HK_HSI,Hong Kong,XHKG,267,0267.HK,DERIVED_RULE,0267.HK,DERIVED_RULE,CARRY_FORWARD,False,,,,,,,,False,False,False
WS:XHKG:2688,ENN ENERGY,HK_HSI,Hong Kong,XHKG,2688,2688.HK,DERIVED_RULE,2688.HK,DERIVED_RULE,CARRY_FORWARD,False,,,,,,,,False,False,False
WS:XHKG:27,GALAXY ENT,HK_HSI,Hong Kong,XHKG,27,0027.HK,DERIVED_RULE,0027.HK,DERIVED_RULE,CARRY_FORWARD,False,,,,,,,,False,False,False
WS:XHKG:285,BYD ELECTRONIC,HK_HSI,Hong Kong,XHKG,285,0285.HK,DERIVED_RULE,0285.HK,DERIVED_RULE,CARRY_FORWARD,False,,,,,,,,False,False,False
WS:XHKG:288,WH GROUP,HK_HSI,Hong Kong,XHKG,288,0288.HK,DERIVED_RULE,0288.HK,DERIVED_RULE,CARRY_FORWARD,False,,,,,,,,False,False,False
WS:XHKG:2899,ZIJIN MINING,HK_HSI,Hong Kong,XHKG,2899,2899.HK,DERIVED_RULE,2899.HK,DERIVED_RULE,CARRY_FORWARD,False,,,,,,,,False,False,False
WS:XHKG:291,CHINA RES BEER,HK_HSI,Hong Kong,XHKG,291,0291.HK,DERIVED_RULE,0291.HK,DERIVED_RULE,CARRY_FORWARD,False,,,,,,,,False,False,False
WS:XHKG:3,HK & CHINA GAS,HK_HSI,Hong Kong,XHKG,3,0003.HK,DERIVED_RULE,0003.HK,DERIVED_RULE,CARRY_FORWARD,False,,,,,,,,False,False,False
WS:XHKG:300,MIDEA GROUP,HK_HSI,Hong Kong,XHKG,300,0300.HK,DERIVED_RULE,0300.HK,DERIVED_RULE,CARRY_FORWARD,False,,,,,,,,False,False,False
WS:XHKG:316,OOIL,HK_HSI,Hong Kong,XHKG,316,0316.HK,DERIVED_RULE,0316.HK,DERIVED_RULE,CARRY_FORWARD,False,,,,,,,,False,False,False
WS:XHKG:322,TINGYI,HK_HSI,Hong Kong,XHKG,322,0322.HK,DERIVED_RULE,0322.HK,DERIVED_RULE,CARRY_FORWARD,False,,,,,,,,False,False,False
WS:XHKG:3690,MEITUAN - W,HK_HSI,Hong Kong,XHKG,3690,3690.HK,DERIVED_RULE,3690.HK,DERIVED_RULE,CARRY_FORWARD,False,,,,,,,,False,False,False
WS:XHKG:3692,HANSOH PHARMA,HK_HSI,Hong Kong,XHKG,3692,3692.HK,DERIVED_RULE,3692.HK,DERIVED_RULE,CARRY_FORWARD,False,,,,,,,,False,False,False
WS:XHKG:3750,CATL,HK_HSI,Hong Kong,XHKG,3750,3750.HK,DERIVED_RULE,3750.HK,DERIVED_RULE,CARRY_FORWARD,False,,,,,,,,False,False,False
WS:XHKG:386,SINOPEC CORP,HK_HSI,Hong Kong,XHKG,386,0386.HK,DERIVED_RULE,0386.HK,DERIVED_RULE,CARRY_FORWARD,False,,,,,,,,False,False,False
WS:XHKG:388,HKEX,HK_HSI,Hong Kong,XHKG,388,0388.HK,DERIVED_RULE,0388.HK,DERIVED_RULE,CARRY_FORWARD,False,,,,,,,,False,False,False
WS:XHKG:3968,CM BANK,HK_HSI,Hong Kong,XHKG,3968,3968.HK,DERIVED_RULE,3968.HK,DERIVED_RULE,CARRY_FORWARD,False,,,,,,,,False,False,False
WS:XHKG:3988,BANK OF CHINA,HK_HSI,Hong Kong,XHKG,3988,3988.HK,DERIVED_RULE,3988.HK,DERIVED_RULE,CARRY_FORWARD,False,,,,,,,,False,False,False
WS:XHKG:3993,CMOC,HK_HSI,Hong Kong,XHKG,3993,3993.HK,DERIVED_RULE,3993.HK,DERIVED_RULE,CARRY_FORWARD,False,,,,,,,,False,False,False
WS:XHKG:5,HSBC HOLDINGS,HK_HSI,Hong Kong,XHKG,5,0005.HK,DERIVED_RULE,0005.HK,DERIVED_RULE,CARRY_FORWARD,False,,,,,,,,False,False,False
WS:XHKG:6,POWER ASSETS,HK_HSI,Hong Kong,XHKG,6,0006.HK,DERIVED_RULE,0006.HK,DERIVED_RULE,CARRY_FORWARD,False,,,,,,,,False,False,False
WS:XHKG:6160,BEONE MEDICINES,HK_HSI,Hong Kong,XHKG,6160,6160.HK,DERIVED_RULE,6160.HK,DERIVED_RULE,CARRY_FORWARD,False,,,,,,,,False,False,False
WS:XHKG:6181,LAOPU GOLD,HK_HSI,Hong Kong,XHKG,6181,6181.HK,DERIVED_RULE,6181.HK,DERIVED_RULE,CARRY_FORWARD,False,,,,,,,,False,False,False
WS:XHKG:66,MTR CORPORATION,HK_HSI,Hong Kong,XHKG,66,0066.HK,DERIVED_RULE,0066.HK,DERIVED_RULE,CARRY_FORWARD,False,,,,,,,,False,False,False
WS:XHKG:6618,JD HEALTH,HK_HSI,Hong Kong,XHKG,6618,6618.HK,DERIVED_RULE,6618.HK,DERIVED_RULE,CARRY_FORWARD,False,,,,,,,,False,False,False
WS:XHKG:669,TECHTRONIC IND,HK_HSI,Hong Kong,XHKG,669,0669.HK,DERIVED_RULE,0669.HK,DERIVED_RULE,CARRY_FORWARD,False,,,,,,,,False,False,False
WS:XHKG:6690,HAIER SMARTHOME,HK_HSI,Hong Kong,XHKG,6690,6690.HK,DERIVED_RULE,6690.HK,DERIVED_RULE,CARRY_FORWARD,False,,,,,,,,False,False,False
WS:XHKG:6862,HAIDILAO,HK_HSI,Hong Kong,XHKG,6862,6862.HK,DERIVED_RULE,6862.HK,DERIVED_RULE,CARRY_FORWARD,False,,,,,,,,False,False,False
WS:XHKG:688,CHINA OVERSEAS,HK_HSI,Hong Kong,XHKG,688,0688.HK,DERIVED_RULE,0688.HK,DERIVED_RULE,CARRY_FORWARD,False,,,,,,,,False,False,False
WS:XHKG:700,TENCENT,HK_HSI,Hong Kong,XHKG,700,0700.HK,DERIVED_RULE,0700.HK,DERIVED_RULE,CARRY_FORWARD,False,,,,,,,,False,False,False
WS:XHKG:728,CHINA TELECOM,HK_HSI,Hong Kong,XHKG,728,0728.HK,DERIVED_RULE,0728.HK,DERIVED_RULE,CARRY_FORWARD,False,,,,,,,,False,False,False
WS:XHKG:762,CHINA UNICOM,HK_HSI,Hong Kong,XHKG,762,0762.HK,DERIVED_RULE,0762.HK,DERIVED_RULE,CARRY_FORWARD,False,,,,,,,,False,False,False
WS:XHKG:823,LINK REIT,HK_HSI,Hong Kong,XHKG,823,0823.HK,DERIVED_RULE,0823.HK,DERIVED_RULE,CARRY_FORWARD,False,,,,,,,,False,False,False
WS:XHKG:836,CHINA RES POWER,HK_HSI,Hong Kong,XHKG,836,0836.HK,DERIVED_RULE,0836.HK,DERIVED_RULE,CARRY_FORWARD,False,,,,,,,,False,False,False
WS:XHKG:857,PETROCHINA,HK_HSI,Hong Kong,XHKG,857,0857.HK,DERIVED_RULE,0857.HK,DERIVED_RULE,CARRY_FORWARD,False,,,,,,,,False,False,False
WS:XHKG:868,XINYI GLASS,HK_HSI,Hong Kong,XHKG,868,0868.HK,DERIVED_RULE,0868.HK,DERIVED_RULE,CARRY_FORWARD,False,,,,,,,,False,False,False
WS:XHKG:883,CNOOC,HK_HSI,Hong Kong,XHKG,883,0883.HK,DERIVED_RULE,0883.HK,DERIVED_RULE,CARRY_FORWARD,False,,,,,,,,False,False,False
WS:XHKG:939,CCB,HK_HSI,Hong Kong,XHKG,939,0939.HK,DERIVED_RULE,0939.HK,DERIVED_RULE,CARRY_FORWARD,False,,,,,,,,False,False,False
WS:XHKG:941,CHINA MOBILE,HK_HSI,Hong Kong,XHKG,941,0941.HK,DERIVED_RULE,0941.HK,DERIVED_RULE,CARRY_FORWARD,False,,,,,,,,False,False,False
WS:XHKG:960,LONGFOR GROUP,HK_HSI,Hong Kong,XHKG,960,0960.HK,DERIVED_RULE,0960.HK,DERIVED_RULE,CARRY_FORWARD,False,,,,,,,,False,False,False
WS:XHKG:9618,JD - SW,HK_HSI,Hong Kong,XHKG,9618,9618.HK,DERIVED_RULE,9618.HK,DERIVED_RULE,CARRY_FORWARD,False,,,,,,,,False,False,False
WS:XHKG:9633,NONGFU SPRING,HK_HSI,Hong Kong,XHKG,9633,9633.HK,DERIVED_RULE,9633.HK,DERIVED_RULE,CARRY_FORWARD,False,,,,,,,,False,False,False
WS:XHKG:968,XINYI SOLAR,HK_HSI,Hong Kong,XHKG,968,0968.HK,DERIVED_RULE,0968.HK,DERIVED_RULE,CARRY_FORWARD,False,,,,,,,,False,False,False
WS:XHKG:981,SMIC,HK_HSI,Hong Kong,XHKG,981,0981.HK,DERIVED_RULE,0981.HK,DERIVED_RULE,CARRY_FORWARD,False,,,,,,,,False,False,False
WS:XHKG:9888,BIDU - SW,HK_HSI,Hong Kong,XHKG,9888,9888.HK,DERIVED_RULE,9888.HK,DERIVED_RULE,CARRY_FORWARD,False,,,,,,,,False,False,False
WS:XHKG:9901,NEW ORIENTAL - S,HK_HSI,Hong Kong,XHKG,9901,9901.HK,DERIVED_RULE,9901.HK,DERIVED_RULE,CARRY_FORWARD,False,,,,,,,,False,False,False
WS:XHKG:992,LENOVO GROUP,HK_HSI,Hong Kong,XHKG,992,0992.HK,DERIVED_RULE,0992.HK,DERIVED_RULE,CARRY_FORWARD,False,,,,,,,,False,False,False
WS:XHKG:9961,TRIP.COM - S,HK_HSI,Hong Kong,XHKG,9961,9961.HK,DERIVED_RULE,9961.HK,DERIVED_RULE,CARRY_FORWARD,False,,,,,,,,False,False,False
WS:XHKG:9988,BABA - W,HK_HSI,Hong Kong,XHKG,9988,9988.HK,DERIVED_RULE,9988.HK,DERIVED_RULE,CARRY_FORWARD,False,,,,,,,,False,False,False
WS:XHKG:9992,POP MART,HK_HSI,Hong Kong,XHKG,9992,9992.HK,DERIVED_RULE,9992.HK,DERIVED_RULE,CARRY_FORWARD,False,,,,,,,,False,False,False
WS:XHKG:9999,NTES,HK_HSI,Hong Kong,XHKG,9999,9999.HK,DERIVED_RULE,9999.HK,DERIVED_RULE,CARRY_FORWARD,False,,,,,,,,False,False,False
WS:ISIN:INE423A01024,Adani Enterprises Ltd.,IN_NIFTY50,India,XNSE,ADANIENT,ADANIENT.NS,DERIVED_RULE,ADANIENT.NS,DERIVED_RULE,CARRY_FORWARD,False,,,,,,,,False,False,False
WS:ISIN:INE742F01042,Adani Ports and Special Economic Zone Ltd.,IN_NIFTY50,India,XNSE,ADANIPORTS,ADANIPORTS.NS,DERIVED_RULE,ADANIPORTS.NS,DERIVED_RULE,CARRY_FORWARD,False,,,,,,,,False,False,False
WS:ISIN:INE437A01024,Apollo Hospitals Enterprise Ltd.,IN_NIFTY50,India,XNSE,APOLLOHOSP,APOLLOHOSP.NS,DERIVED_RULE,APOLLOHOSP.NS,DERIVED_RULE,CARRY_FORWARD,False,,,,,,,,False,False,False
WS:ISIN:INE021A01026,Asian Paints Ltd.,IN_NIFTY50,India,XNSE,ASIANPAINT,ASIANPAINT.NS,DERIVED_RULE,ASIANPAINT.NS,DERIVED_RULE,CARRY_FORWARD,False,,,,,,,,False,False,False
WS:ISIN:INE238A01034,Axis Bank Ltd.,IN_NIFTY50,India,XNSE,AXISBANK,AXISBANK.NS,DERIVED_RULE,AXISBANK.NS,DERIVED_RULE,CARRY_FORWARD,False,,,,,,,,False,False,False
WS:ISIN:INE917I01010,Bajaj Auto Ltd.,IN_NIFTY50,India,XNSE,BAJAJ-AUTO,BAJAJ-AUTO.NS,DERIVED_RULE,BAJAJ-AUTO.NS,DERIVED_RULE,CARRY_FORWARD,False,,,,,,,,False,False,False
WS:ISIN:INE918I01026,Bajaj Finserv Ltd.,IN_NIFTY50,India,XNSE,BAJAJFINSV,BAJAJFINSV.NS,DERIVED_RULE,BAJAJFINSV.NS,DERIVED_RULE,CARRY_FORWARD,False,,,,,,,,False,False,False
WS:ISIN:INE296A01032,Bajaj Finance Ltd.,IN_NIFTY50,India,XNSE,BAJFINANCE,BAJFINANCE.NS,DERIVED_RULE,BAJFINANCE.NS,DERIVED_RULE,CARRY_FORWARD,False,,,,,,,,False,False,False
WS:ISIN:INE263A01024,Bharat Electronics Ltd.,IN_NIFTY50,India,XNSE,BEL,BEL.NS,DERIVED_RULE,BEL.NS,DERIVED_RULE,CARRY_FORWARD,False,,,,,,,,False,False,False
WS:ISIN:INE397D01024,Bharti Airtel Ltd.,IN_NIFTY50,India,XNSE,BHARTIARTL,BHARTIARTL.NS,DERIVED_RULE,BHARTIARTL.NS,DERIVED_RULE,CARRY_FORWARD,False,,,,,,,,False,False,False
WS:ISIN:INE059A01026,Cipla Ltd.,IN_NIFTY50,India,XNSE,CIPLA,CIPLA.NS,DERIVED_RULE,CIPLA.NS,DERIVED_RULE,CARRY_FORWARD,False,,,,,,,,False,False,False
WS:ISIN:INE522F01014,Coal India Ltd.,IN_NIFTY50,India,XNSE,COALINDIA,COALINDIA.NS,DERIVED_RULE,COALINDIA.NS,DERIVED_RULE,CARRY_FORWARD,False,,,,,,,,False,False,False
WS:ISIN:INE089A01031,Dr. Reddy's Laboratories Ltd.,IN_NIFTY50,India,XNSE,DRREDDY,DRREDDY.NS,DERIVED_RULE,DRREDDY.NS,DERIVED_RULE,CARRY_FORWARD,False,,,,,,,,False,False,False
WS:ISIN:INE066A01021,Eicher Motors Ltd.,IN_NIFTY50,India,XNSE,EICHERMOT,EICHERMOT.NS,DERIVED_RULE,EICHERMOT.NS,DERIVED_RULE,CARRY_FORWARD,False,,,,,,,,False,False,False
WS:ISIN:INE758T01015,Eternal Ltd.,IN_NIFTY50,India,XNSE,ETERNAL,ETERNAL.NS,DERIVED_RULE,ETERNAL.NS,DERIVED_RULE,CARRY_FORWARD,False,,,,,,,,False,False,False
WS:ISIN:INE047A01021,Grasim Industries Ltd.,IN_NIFTY50,India,XNSE,GRASIM,GRASIM.NS,DERIVED_RULE,GRASIM.NS,DERIVED_RULE,CARRY_FORWARD,False,,,,,,,,False,False,False
WS:ISIN:INE860A01027,HCL Technologies Ltd.,IN_NIFTY50,India,XNSE,HCLTECH,HCLTECH.NS,DERIVED_RULE,HCLTECH.NS,DERIVED_RULE,CARRY_FORWARD,False,,,,,,,,False,False,False
WS:ISIN:INE040A01034,HDFC Bank Ltd.,IN_NIFTY50,India,XNSE,HDFCBANK,HDFCBANK.NS,DERIVED_RULE,HDFCBANK.NS,DERIVED_RULE,CARRY_FORWARD,False,,,,,,,,False,False,False
WS:ISIN:INE795G01014,HDFC Life Insurance Company Ltd.,IN_NIFTY50,India,XNSE,HDFCLIFE,HDFCLIFE.NS,DERIVED_RULE,HDFCLIFE.NS,DERIVED_RULE,CARRY_FORWARD,False,,,,,,,,False,False,False
WS:ISIN:INE038A01020,Hindalco Industries Ltd.,IN_NIFTY50,India,XNSE,HINDALCO,HINDALCO.NS,DERIVED_RULE,HINDALCO.NS,DERIVED_RULE,CARRY_FORWARD,False,,,,,,,,False,False,False
WS:ISIN:INE030A01027,Hindustan Unilever Ltd.,IN_NIFTY50,India,XNSE,HINDUNILVR,HINDUNILVR.NS,DERIVED_RULE,HINDUNILVR.NS,DERIVED_RULE,CARRY_FORWARD,False,,,,,,,,False,False,False
WS:ISIN:INE090A01021,ICICI Bank Ltd.,IN_NIFTY50,India,XNSE,ICICIBANK,ICICIBANK.NS,DERIVED_RULE,ICICIBANK.NS,DERIVED_RULE,CARRY_FORWARD,False,,,,,,,,False,False,False
WS:ISIN:INE646L01027,InterGlobe Aviation Ltd.,IN_NIFTY50,India,XNSE,INDIGO,INDIGO.NS,DERIVED_RULE,INDIGO.NS,DERIVED_RULE,CARRY_FORWARD,False,,,,,,,,False,False,False
WS:ISIN:INE009A01021,Infosys Ltd.,IN_NIFTY50,India,XNSE,INFY,INFY.NS,DERIVED_RULE,INFY.NS,DERIVED_RULE,CARRY_FORWARD,False,,,,,,,,False,False,False
WS:ISIN:INE154A01025,ITC Ltd.,IN_NIFTY50,India,XNSE,ITC,ITC.NS,DERIVED_RULE,ITC.NS,DERIVED_RULE,CARRY_FORWARD,False,,,,,,,,False,False,False
WS:ISIN:INE758E01017,Jio Financial Services Ltd.,IN_NIFTY50,India,XNSE,JIOFIN,JIOFIN.NS,DERIVED_RULE,JIOFIN.NS,DERIVED_RULE,CARRY_FORWARD,False,,,,,,,,False,False,False
WS:ISIN:INE019A01038,JSW Steel Ltd.,IN_NIFTY50,India,XNSE,JSWSTEEL,JSWSTEEL.NS,DERIVED_RULE,JSWSTEEL.NS,DERIVED_RULE,CARRY_FORWARD,False,,,,,,,,False,False,False
WS:ISIN:INE237A01036,Kotak Mahindra Bank Ltd.,IN_NIFTY50,India,XNSE,KOTAKBANK,KOTAKBANK.NS,DERIVED_RULE,KOTAKBANK.NS,DERIVED_RULE,CARRY_FORWARD,False,,,,,,,,False,False,False
WS:ISIN:INE018A01030,Larsen & Toubro Ltd.,IN_NIFTY50,India,XNSE,LT,LT.NS,DERIVED_RULE,LT.NS,DERIVED_RULE,CARRY_FORWARD,False,,,,,,,,False,False,False
WS:ISIN:INE101A01026,Mahindra & Mahindra Ltd.,IN_NIFTY50,India,XNSE,M&M,M&M.NS,DERIVED_RULE,M&M.NS,DERIVED_RULE,CARRY_FORWARD,False,,,,,,,,False,False,False
WS:ISIN:INE585B01010,Maruti Suzuki India Ltd.,IN_NIFTY50,India,XNSE,MARUTI,MARUTI.NS,DERIVED_RULE,MARUTI.NS,DERIVED_RULE,CARRY_FORWARD,False,,,,,,,,False,False,False
WS:ISIN:INE027H01010,Max Healthcare Institute Ltd.,IN_NIFTY50,India,XNSE,MAXHEALTH,MAXHEALTH.NS,DERIVED_RULE,MAXHEALTH.NS,DERIVED_RULE,CARRY_FORWARD,False,,,,,,,,False,False,False
WS:ISIN:INE239A01024,Nestle India Ltd.,IN_NIFTY50,India,XNSE,NESTLEIND,NESTLEIND.NS,DERIVED_RULE,NESTLEIND.NS,DERIVED_RULE,CARRY_FORWARD,False,,,,,,,,False,False,False
WS:ISIN:INE733E01010,NTPC Ltd.,IN_NIFTY50,India,XNSE,NTPC,NTPC.NS,DERIVED_RULE,NTPC.NS,DERIVED_RULE,CARRY_FORWARD,False,,,,,,,,False,False,False
WS:ISIN:INE213A01029,Oil & Natural Gas Corporation Ltd.,IN_NIFTY50,India,XNSE,ONGC,ONGC.NS,DERIVED_RULE,ONGC.NS,DERIVED_RULE,CARRY_FORWARD,False,,,,,,,,False,False,False
WS:ISIN:INE752E01010,Power Grid Corporation of India Ltd.,IN_NIFTY50,India,XNSE,POWERGRID,POWERGRID.NS,DERIVED_RULE,POWERGRID.NS,DERIVED_RULE,CARRY_FORWARD,False,,,,,,,,False,False,False
WS:ISIN:INE002A01018,Reliance Industries Ltd.,IN_NIFTY50,India,XNSE,RELIANCE,RELIANCE.NS,DERIVED_RULE,RELIANCE.NS,DERIVED_RULE,CARRY_FORWARD,False,,,,,,,,False,False,False
WS:ISIN:INE123W01016,SBI Life Insurance Company Ltd.,IN_NIFTY50,India,XNSE,SBILIFE,SBILIFE.NS,DERIVED_RULE,SBILIFE.NS,DERIVED_RULE,CARRY_FORWARD,False,,,,,,,,False,False,False
WS:ISIN:INE062A01020,State Bank of India,IN_NIFTY50,India,XNSE,SBIN,SBIN.NS,DERIVED_RULE,SBIN.NS,DERIVED_RULE,CARRY_FORWARD,False,,,,,,,,False,False,False
WS:ISIN:INE721A01047,Shriram Finance Ltd.,IN_NIFTY50,India,XNSE,SHRIRAMFIN,SHRIRAMFIN.NS,DERIVED_RULE,SHRIRAMFIN.NS,DERIVED_RULE,CARRY_FORWARD,False,,,,,,,,False,False,False
WS:ISIN:INE044A01036,Sun Pharmaceutical Industries Ltd.,IN_NIFTY50,India,XNSE,SUNPHARMA,SUNPHARMA.NS,DERIVED_RULE,SUNPHARMA.NS,DERIVED_RULE,CARRY_FORWARD,False,,,,,,,,False,False,False
WS:ISIN:INE192A01025,Tata Consumer Products Ltd.,IN_NIFTY50,India,XNSE,TATACONSUM,TATACONSUM.NS,DERIVED_RULE,TATACONSUM.NS,DERIVED_RULE,CARRY_FORWARD,False,,,,,,,,False,False,False
WS:ISIN:INE081A01020,Tata Steel Ltd.,IN_NIFTY50,India,XNSE,TATASTEEL,TATASTEEL.NS,DERIVED_RULE,TATASTEEL.NS,DERIVED_RULE,CARRY_FORWARD,False,,,,,,,,False,False,False
WS:ISIN:INE467B01029,Tata Consultancy Services Ltd.,IN_NIFTY50,India,XNSE,TCS,TCS.NS,DERIVED_RULE,TCS.NS,DERIVED_RULE,CARRY_FORWARD,False,,,,,,,,False,False,False
WS:ISIN:INE669C01036,Tech Mahindra Ltd.,IN_NIFTY50,India,XNSE,TECHM,TECHM.NS,DERIVED_RULE,TECHM.NS,DERIVED_RULE,CARRY_FORWARD,False,,,,,,,,False,False,False
WS:ISIN:INE280A01028,Titan Company Ltd.,IN_NIFTY50,India,XNSE,TITAN,TITAN.NS,DERIVED_RULE,TITAN.NS,DERIVED_RULE,CARRY_FORWARD,False,,,,,,,,False,False,False
WS:ISIN:INE155A01022,Tata Motors Passenger Vehicles Ltd.,IN_NIFTY50,India,XNSE,TMPV,TMPV.NS,DERIVED_RULE,TMPV.NS,DERIVED_RULE,CARRY_FORWARD,False,,,,,,,,False,False,False
WS:ISIN:INE849A01020,Trent Ltd.,IN_NIFTY50,India,XNSE,TRENT,TRENT.NS,DERIVED_RULE,TRENT.NS,DERIVED_RULE,CARRY_FORWARD,False,,,,,,,,False,False,False
WS:ISIN:INE481G01011,UltraTech Cement Ltd.,IN_NIFTY50,India,XNSE,ULTRACEMCO,ULTRACEMCO.NS,DERIVED_RULE,ULTRACEMCO.NS,DERIVED_RULE,CARRY_FORWARD,False,,,,,,,,False,False,False
WS:ISIN:INE075A01022,Wipro Ltd.,IN_NIFTY50,India,XNSE,WIPRO,WIPRO.NS,DERIVED_RULE,WIPRO.NS,DERIVED_RULE,CARRY_FORWARD,False,,,,,,,,False,False,False
WS:XTKS:1332,NISSUI CORP.,JP_N225,Japan,XTKS,1332,1332.T,DERIVED_RULE,1332.T,DERIVED_RULE,CARRY_FORWARD,False,,,,,,,,False,False,False
WS:XTKS:1605,INPEX CORP.,JP_N225,Japan,XTKS,1605,1605.T,DERIVED_RULE,1605.T,DERIVED_RULE,CARRY_FORWARD,False,,,,,,,,False,False,False
WS:XTKS:1721,COMSYS HOLDINGS CORP.,JP_N225,Japan,XTKS,1721,1721.T,DERIVED_RULE,1721.T,DERIVED_RULE,CARRY_FORWARD,False,,,,,,,,False,False,False
WS:XTKS:1801,TAISEI CORP.,JP_N225,Japan,XTKS,1801,1801.T,DERIVED_RULE,1801.T,DERIVED_RULE,CARRY_FORWARD,False,,,,,,,,False,False,False
WS:XTKS:1802,OBAYASHI CORP.,JP_N225,Japan,XTKS,1802,1802.T,DERIVED_RULE,1802.T,DERIVED_RULE,CARRY_FORWARD,False,,,,,,,,False,False,False
WS:XTKS:1803,SHIMIZU CORP.,JP_N225,Japan,XTKS,1803,1803.T,DERIVED_RULE,1803.T,DERIVED_RULE,CARRY_FORWARD,False,,,,,,,,False,False,False
WS:XTKS:1808,HASEKO CORP.,JP_N225,Japan,XTKS,1808,1808.T,DERIVED_RULE,1808.T,DERIVED_RULE,CARRY_FORWARD,False,,,,,,,,False,False,False
WS:XTKS:1812,KAJIMA CORP.,JP_N225,Japan,XTKS,1812,1812.T,DERIVED_RULE,1812.T,DERIVED_RULE,CARRY_FORWARD,False,,,,,,,,False,False,False
WS:XTKS:1925,"DAIWA HOUSE IND. CO., LTD.",JP_N225,Japan,XTKS,1925,1925.T,DERIVED_RULE,1925.T,DERIVED_RULE,CARRY_FORWARD,False,,,,,,,,False,False,False
WS:XTKS:1928,"SEKISUI HOUSE, LTD.",JP_N225,Japan,XTKS,1928,1928.T,DERIVED_RULE,1928.T,DERIVED_RULE,CARRY_FORWARD,False,,,,,,,,False,False,False
WS:XTKS:1963,JGC HOLDINGS CORP.,JP_N225,Japan,XTKS,1963,1963.T,DERIVED_RULE,1963.T,DERIVED_RULE,CARRY_FORWARD,False,,,,,,,,False,False,False
WS:XTKS:2002,NISSHIN SEIFUN GROUP INC.,JP_N225,Japan,XTKS,2002,2002.T,DERIVED_RULE,2002.T,DERIVED_RULE,CARRY_FORWARD,False,,,,,,,,False,False,False
WS:XTKS:2269,"MEIJI HOLDINGS CO., LTD.",JP_N225,Japan,XTKS,2269,2269.T,DERIVED_RULE,2269.T,DERIVED_RULE,CARRY_FORWARD,False,,,,,,,,False,False,False
WS:XTKS:2282,NH FOODS LTD.,JP_N225,Japan,XTKS,2282,2282.T,DERIVED_RULE,2282.T,DERIVED_RULE,CARRY_FORWARD,False,,,,,,,,False,False,False
WS:XTKS:2413,"M3, INC.",JP_N225,Japan,XTKS,2413,2413.T,DERIVED_RULE,2413.T,DERIVED_RULE,CARRY_FORWARD,False,,,,,,,,False,False,False
WS:XTKS:2432,"DENA CO., LTD.",JP_N225,Japan,XTKS,2432,2432.T,DERIVED_RULE,2432.T,DERIVED_RULE,CARRY_FORWARD,False,,,,,,,,False,False,False
WS:XTKS:2501,SAPPORO BREWERIES LTD.,JP_N225,Japan,XTKS,2501,2501.T,DERIVED_RULE,2501.T,DERIVED_RULE,CARRY_FORWARD,False,,,,,,,,False,False,False
WS:XTKS:2502,"ASAHI GROUP HOLDINGS, LTD.",JP_N225,Japan,XTKS,2502,2502.T,DERIVED_RULE,2502.T,DERIVED_RULE,CARRY_FORWARD,False,,,,,,,,False,False,False
WS:XTKS:2503,"KIRIN HOLDINGS CO., LTD.",JP_N225,Japan,XTKS,2503,2503.T,DERIVED_RULE,2503.T,DERIVED_RULE,CARRY_FORWARD,False,,,,,,,,False,False,False
WS:XTKS:2768,SOJITZ CORP.,JP_N225,Japan,XTKS,2768,2768.T,DERIVED_RULE,2768.T,DERIVED_RULE,CARRY_FORWARD,False,,,,,,,,False,False,False
WS:XTKS:2801,KIKKOMAN CORP.,JP_N225,Japan,XTKS,2801,2801.T,DERIVED_RULE,2801.T,DERIVED_RULE,CARRY_FORWARD,False,,,,,,,,False,False,False
WS:XTKS:2802,"AJINOMOTO CO., INC.",JP_N225,Japan,XTKS,2802,2802.T,DERIVED_RULE,2802.T,DERIVED_RULE,CARRY_FORWARD,False,,,,,,,,False,False,False
WS:XTKS:285A,KIOXIA HOLDINGS CORP.,JP_N225,Japan,XTKS,285A,285A.T,DERIVED_RULE,285A.T,DERIVED_RULE,CARRY_FORWARD,False,,,,,,,,False,False,False
WS:XTKS:2871,NICHIREI CORP.,JP_N225,Japan,XTKS,2871,2871.T,DERIVED_RULE,2871.T,DERIVED_RULE,CARRY_FORWARD,False,,,,,,,,False,False,False
WS:XTKS:2914,JAPAN TOBACCO INC.,JP_N225,Japan,XTKS,2914,2914.T,DERIVED_RULE,2914.T,DERIVED_RULE,CARRY_FORWARD,False,,,,,,,,False,False,False
WS:XTKS:3086,"J.FRONT RETAILING CO., LTD.",JP_N225,Japan,XTKS,3086,3086.T,DERIVED_RULE,3086.T,DERIVED_RULE,CARRY_FORWARD,False,,,,,,,,False,False,False
WS:XTKS:3092,"ZOZO, INC.",JP_N225,Japan,XTKS,3092,3092.T,DERIVED_RULE,3092.T,DERIVED_RULE,CARRY_FORWARD,False,,,,,,,,False,False,False
WS:XTKS:3099,ISETAN MITSUKOSHI HOLDINGS LTD.,JP_N225,Japan,XTKS,3099,3099.T,DERIVED_RULE,3099.T,DERIVED_RULE,CARRY_FORWARD,False,,,,,,,,False,False,False
WS:XTKS:3289,TOKYU FUDOSAN HOLDINGS CORP.,JP_N225,Japan,XTKS,3289,3289.T,DERIVED_RULE,3289.T,DERIVED_RULE,CARRY_FORWARD,False,,,,,,,,False,False,False
WS:XTKS:3382,"SEVEN & I HOLDINGS CO., LTD.",JP_N225,Japan,XTKS,3382,3382.T,DERIVED_RULE,3382.T,DERIVED_RULE,CARRY_FORWARD,False,,,,,,,,False,False,False
WS:XTKS:3401,TEIJIN LTD.,JP_N225,Japan,XTKS,3401,3401.T,DERIVED_RULE,3401.T,DERIVED_RULE,CARRY_FORWARD,False,,,,,,,,False,False,False
WS:XTKS:3402,"TORAY INDUSTRIES, INC.",JP_N225,Japan,XTKS,3402,3402.T,DERIVED_RULE,3402.T,DERIVED_RULE,CARRY_FORWARD,False,,,,,,,,False,False,False
WS:XTKS:3405,"KURARAY CO., LTD.",JP_N225,Japan,XTKS,3405,3405.T,DERIVED_RULE,3405.T,DERIVED_RULE,CARRY_FORWARD,False,,,,,,,,False,False,False
WS:XTKS:3407,ASAHI KASEI CORP.,JP_N225,Japan,XTKS,3407,3407.T,DERIVED_RULE,3407.T,DERIVED_RULE,CARRY_FORWARD,False,,,,,,,,False,False,False
WS:XTKS:3436,SUMCO CORP.,JP_N225,Japan,XTKS,3436,3436.T,DERIVED_RULE,3436.T,DERIVED_RULE,CARRY_FORWARD,False,,,,,,,,False,False,False
WS:XTKS:3659,"NEXON CO., LTD.",JP_N225,Japan,XTKS,3659,3659.T,DERIVED_RULE,3659.T,DERIVED_RULE,CARRY_FORWARD,False,,,,,,,,False,False,False
WS:XTKS:3697,SHIFT INC.,JP_N225,Japan,XTKS,3697,3697.T,DERIVED_RULE,3697.T,DERIVED_RULE,CARRY_FORWARD,False,,,,,,,,False,False,False
WS:XTKS:3861,OJI HOLDINGS CORP.,JP_N225,Japan,XTKS,3861,3861.T,DERIVED_RULE,3861.T,DERIVED_RULE,CARRY_FORWARD,False,,,,,,,,False,False,False
WS:XTKS:4004,RESONAC HOLDINGS CORP.,JP_N225,Japan,XTKS,4004,4004.T,DERIVED_RULE,4004.T,DERIVED_RULE,CARRY_FORWARD,False,,,,,,,,False,False,False
WS:XTKS:4005,"SUMITOMO CHEMICAL CO., LTD.",JP_N225,Japan,XTKS,4005,4005.T,DERIVED_RULE,4005.T,DERIVED_RULE,CARRY_FORWARD,False,,,,,,,,False,False,False
WS:XTKS:4021,NISSAN CHEMICAL CORP.,JP_N225,Japan,XTKS,4021,4021.T,DERIVED_RULE,4021.T,DERIVED_RULE,CARRY_FORWARD,False,,,,,,,,False,False,False
WS:XTKS:4042,TOSOH CORP.,JP_N225,Japan,XTKS,4042,4042.T,DERIVED_RULE,4042.T,DERIVED_RULE,CARRY_FORWARD,False,,,,,,,,False,False,False
WS:XTKS:4043,TOKUYAMA CORP.,JP_N225,Japan,XTKS,4043,4043.T,DERIVED_RULE,4043.T,DERIVED_RULE,CARRY_FORWARD,False,,,,,,,,False,False,False
WS:XTKS:4061,"DENKA CO., LTD.",JP_N225,Japan,XTKS,4061,4061.T,DERIVED_RULE,4061.T,DERIVED_RULE,CARRY_FORWARD,False,,,,,,,,False,False,False
WS:XTKS:4062,"IBIDEN CO., LTD.",JP_N225,Japan,XTKS,4062,4062.T,DERIVED_RULE,4062.T,DERIVED_RULE,CARRY_FORWARD,False,,,,,,,,False,False,False
WS:XTKS:4063,"SHIN-ETSU CHEMICAL CO., LTD.",JP_N225,Japan,XTKS,4063,4063.T,DERIVED_RULE,4063.T,DERIVED_RULE,CARRY_FORWARD,False,,,,,,,,False,False,False
WS:XTKS:4151,"KYOWA KIRIN CO., LTD.",JP_N225,Japan,XTKS,4151,4151.T,DERIVED_RULE,4151.T,DERIVED_RULE,CARRY_FORWARD,False,,,,,,,,False,False,False
WS:XTKS:4183,"MITSUI CHEMICALS, INC.",JP_N225,Japan,XTKS,4183,4183.T,DERIVED_RULE,4183.T,DERIVED_RULE,CARRY_FORWARD,False,,,,,,,,False,False,False
WS:XTKS:4188,MITSUBISHI CHEMICAL GROUP CORP.,JP_N225,Japan,XTKS,4188,4188.T,DERIVED_RULE,4188.T,DERIVED_RULE,CARRY_FORWARD,False,,,,,,,,False,False,False
WS:XTKS:4208,UBE CORP.,JP_N225,Japan,XTKS,4208,4208.T,DERIVED_RULE,4208.T,DERIVED_RULE,CARRY_FORWARD,False,,,,,,,,False,False,False
WS:XTKS:4307,"NOMURA RESEARCH INSTITUTE, LTD.",JP_N225,Japan,XTKS,4307,4307.T,DERIVED_RULE,4307.T,DERIVED_RULE,CARRY_FORWARD,False,,,,,,,,False,False,False
WS:XTKS:4324,DENTSU GROUP INC.,JP_N225,Japan,XTKS,4324,4324.T,DERIVED_RULE,4324.T,DERIVED_RULE,CARRY_FORWARD,False,,,,,,,,False,False,False
WS:XTKS:4385,"MERCARI, INC.",JP_N225,Japan,XTKS,4385,4385.T,DERIVED_RULE,4385.T,DERIVED_RULE,CARRY_FORWARD,False,,,,,,,,False,False,False
WS:XTKS:4452,KAO CORP.,JP_N225,Japan,XTKS,4452,4452.T,DERIVED_RULE,4452.T,DERIVED_RULE,CARRY_FORWARD,False,,,,,,,,False,False,False
WS:XTKS:4502,"TAKEDA PHARMACEUTICAL CO., LTD.",JP_N225,Japan,XTKS,4502,4502.T,DERIVED_RULE,4502.T,DERIVED_RULE,CARRY_FORWARD,False,,,,,,,,False,False,False
WS:XTKS:4503,ASTELLAS PHARMA INC.,JP_N225,Japan,XTKS,4503,4503.T,DERIVED_RULE,4503.T,DERIVED_RULE,CARRY_FORWARD,False,,,,,,,,False,False,False
WS:XTKS:4506,"SUMITOMO PHARMA CO., LTD.",JP_N225,Japan,XTKS,4506,4506.T,DERIVED_RULE,4506.T,DERIVED_RULE,CARRY_FORWARD,False,,,,,,,,False,False,False
WS:XTKS:4507,"SHIONOGI & CO., LTD.",JP_N225,Japan,XTKS,4507,4507.T,DERIVED_RULE,4507.T,DERIVED_RULE,CARRY_FORWARD,False,,,,,,,,False,False,False
WS:XTKS:4519,"CHUGAI PHARMACEUTICAL CO., LTD.",JP_N225,Japan,XTKS,4519,4519.T,DERIVED_RULE,4519.T,DERIVED_RULE,CARRY_FORWARD,False,,,,,,,,False,False,False
WS:XTKS:4523,"EISAI CO., LTD.",JP_N225,Japan,XTKS,4523,4523.T,DERIVED_RULE,4523.T,DERIVED_RULE,CARRY_FORWARD,False,,,,,,,,False,False,False
WS:XTKS:4543,TERUMO CORP.,JP_N225,Japan,XTKS,4543,4543.T,DERIVED_RULE,4543.T,DERIVED_RULE,CARRY_FORWARD,False,,,,,,,,False,False,False
WS:XTKS:4568,"DAIICHI SANKYO CO., LTD.",JP_N225,Japan,XTKS,4568,4568.T,DERIVED_RULE,4568.T,DERIVED_RULE,CARRY_FORWARD,False,,,,,,,,False,False,False
WS:XTKS:4578,"OTSUKA HOLDINGS CO., LTD.",JP_N225,Japan,XTKS,4578,4578.T,DERIVED_RULE,4578.T,DERIVED_RULE,CARRY_FORWARD,False,,,,,,,,False,False,False
WS:XTKS:4661,"ORIENTAL LAND CO., LTD.",JP_N225,Japan,XTKS,4661,4661.T,DERIVED_RULE,4661.T,DERIVED_RULE,CARRY_FORWARD,False,,,,,,,,False,False,False
WS:XTKS:4689,LY CORP.,JP_N225,Japan,XTKS,4689,4689.T,DERIVED_RULE,4689.T,DERIVED_RULE,CARRY_FORWARD,False,,,,,,,,False,False,False
WS:XTKS:4704,TREND MICRO INC.,JP_N225,Japan,XTKS,4704,4704.T,DERIVED_RULE,4704.T,DERIVED_RULE,CARRY_FORWARD,False,,,,,,,,False,False,False
WS:XTKS:4751,"CYBERAGENT, INC.",JP_N225,Japan,XTKS,4751,4751.T,DERIVED_RULE,4751.T,DERIVED_RULE,CARRY_FORWARD,False,,,,,,,,False,False,False
WS:XTKS:4755,"RAKUTEN GROUP, INC.",JP_N225,Japan,XTKS,4755,4755.T,DERIVED_RULE,4755.T,DERIVED_RULE,CARRY_FORWARD,False,,,,,,,,False,False,False
WS:XTKS:4901,FUJIFILM HOLDINGS CORP.,JP_N225,Japan,XTKS,4901,4901.T,DERIVED_RULE,4901.T,DERIVED_RULE,CARRY_FORWARD,False,,,,,,,,False,False,False
WS:XTKS:4902,"KONICA MINOLTA, INC.",JP_N225,Japan,XTKS,4902,4902.T,DERIVED_RULE,4902.T,DERIVED_RULE,CARRY_FORWARD,False,,,,,,,,False,False,False
WS:XTKS:4911,"SHISEIDO CO., LTD.",JP_N225,Japan,XTKS,4911,4911.T,DERIVED_RULE,4911.T,DERIVED_RULE,CARRY_FORWARD,False,,,,,,,,False,False,False
WS:XTKS:5019,"IDEMITSU KOSAN CO., LTD.",JP_N225,Japan,XTKS,5019,5019.T,DERIVED_RULE,5019.T,DERIVED_RULE,CARRY_FORWARD,False,,,,,,,,False,False,False
WS:XTKS:5020,"ENEOS HOLDINGS, INC.",JP_N225,Japan,XTKS,5020,5020.T,DERIVED_RULE,5020.T,DERIVED_RULE,CARRY_FORWARD,False,,,,,,,,False,False,False
WS:XTKS:5101,"THE YOKOHAMA RUBBER CO., LTD.",JP_N225,Japan,XTKS,5101,5101.T,DERIVED_RULE,5101.T,DERIVED_RULE,CARRY_FORWARD,False,,,,,,,,False,False,False
WS:XTKS:5108,BRIDGESTONE CORP.,JP_N225,Japan,XTKS,5108,5108.T,DERIVED_RULE,5108.T,DERIVED_RULE,CARRY_FORWARD,False,,,,,,,,False,False,False
WS:XTKS:5201,AGC INC.,JP_N225,Japan,XTKS,5201,5201.T,DERIVED_RULE,5201.T,DERIVED_RULE,CARRY_FORWARD,False,,,,,,,,False,False,False
WS:XTKS:5214,"NIPPON ELECTRIC GLASS CO., LTD.",JP_N225,Japan,XTKS,5214,5214.T,DERIVED_RULE,5214.T,DERIVED_RULE,CARRY_FORWARD,False,,,,,,,,False,False,False
WS:XTKS:5233,TAIHEIYO CEMENT CORP.,JP_N225,Japan,XTKS,5233,5233.T,DERIVED_RULE,5233.T,DERIVED_RULE,CARRY_FORWARD,False,,,,,,,,False,False,False
WS:XTKS:5301,"TOKAI CARBON CO., LTD.",JP_N225,Japan,XTKS,5301,5301.T,DERIVED_RULE,5301.T,DERIVED_RULE,CARRY_FORWARD,False,,,,,,,,False,False,False
WS:XTKS:5332,TOTO LTD.,JP_N225,Japan,XTKS,5332,5332.T,DERIVED_RULE,5332.T,DERIVED_RULE,CARRY_FORWARD,False,,,,,,,,False,False,False
WS:XTKS:5333,NGK CORP.,JP_N225,Japan,XTKS,5333,5333.T,DERIVED_RULE,5333.T,DERIVED_RULE,CARRY_FORWARD,False,,,,,,,,False,False,False
WS:XTKS:5401,NIPPON STEEL CORP.,JP_N225,Japan,XTKS,5401,5401.T,DERIVED_RULE,5401.T,DERIVED_RULE,CARRY_FORWARD,False,,,,,,,,False,False,False
WS:XTKS:5406,"KOBE STEEL, LTD.",JP_N225,Japan,XTKS,5406,5406.T,DERIVED_RULE,5406.T,DERIVED_RULE,CARRY_FORWARD,False,,,,,,,,False,False,False
WS:XTKS:5411,"JFE HOLDINGS, INC.",JP_N225,Japan,XTKS,5411,5411.T,DERIVED_RULE,5411.T,DERIVED_RULE,CARRY_FORWARD,False,,,,,,,,False,False,False
WS:XTKS:543A,ARCHION CORP.,JP_N225,Japan,XTKS,543A,543A.T,DERIVED_RULE,543A.T,DERIVED_RULE,CARRY_FORWARD,False,,,,,,,,False,False,False
WS:XTKS:5631,"THE JAPAN STEEL WORKS, LTD.",JP_N225,Japan,XTKS,5631,5631.T,DERIVED_RULE,5631.T,DERIVED_RULE,CARRY_FORWARD,False,,,,,,,,False,False,False
WS:XTKS:5706,"MITSUI KINZOKU CO., LTD.",JP_N225,Japan,XTKS,5706,5706.T,DERIVED_RULE,5706.T,DERIVED_RULE,CARRY_FORWARD,False,,,,,,,,False,False,False
WS:XTKS:5711,MITSUBISHI MATERIALS CORP.,JP_N225,Japan,XTKS,5711,5711.T,DERIVED_RULE,5711.T,DERIVED_RULE,CARRY_FORWARD,False,,,,,,,,False,False,False
WS:XTKS:5713,"SUMITOMO METAL MINING CO., LTD.",JP_N225,Japan,XTKS,5713,5713.T,DERIVED_RULE,5713.T,DERIVED_RULE,CARRY_FORWARD,False,,,,,,,,False,False,False
WS:XTKS:5714,"DOWA HOLDINGS CO., LTD.",JP_N225,Japan,XTKS,5714,5714.T,DERIVED_RULE,5714.T,DERIVED_RULE,CARRY_FORWARD,False,,,,,,,,False,False,False
WS:XTKS:5801,"FURUKAWA ELECTRIC CO., LTD.",JP_N225,Japan,XTKS,5801,5801.T,DERIVED_RULE,5801.T,DERIVED_RULE,CARRY_FORWARD,False,,,,,,,,False,False,False
WS:XTKS:5802,"SUMITOMO ELECTRIC IND., LTD.",JP_N225,Japan,XTKS,5802,5802.T,DERIVED_RULE,5802.T,DERIVED_RULE,CARRY_FORWARD,False,,,,,,,,False,False,False
WS:XTKS:5803,FUJIKURA LTD.,JP_N225,Japan,XTKS,5803,5803.T,DERIVED_RULE,5803.T,DERIVED_RULE,CARRY_FORWARD,False,,,,,,,,False,False,False
WS:XTKS:5831,"SHIZUOKA FINANCIAL GROUP, INC.",JP_N225,Japan,XTKS,5831,5831.T,DERIVED_RULE,5831.T,DERIVED_RULE,CARRY_FORWARD,False,,,,,,,,False,False,False
WS:XTKS:6098,"RECRUIT HOLDINGS CO., LTD.",JP_N225,Japan,XTKS,6098,6098.T,DERIVED_RULE,6098.T,DERIVED_RULE,CARRY_FORWARD,False,,,,,,,,False,False,False
WS:XTKS:6103,OKUMA CORP.,JP_N225,Japan,XTKS,6103,6103.T,DERIVED_RULE,6103.T,DERIVED_RULE,CARRY_FORWARD,False,,,,,,,,False,False,False
WS:XTKS:6113,"AMADA CO., LTD.",JP_N225,Japan,XTKS,6113,6113.T,DERIVED_RULE,6113.T,DERIVED_RULE,CARRY_FORWARD,False,,,,,,,,False,False,False
WS:XTKS:6146,DISCO CORP.,JP_N225,Japan,XTKS,6146,6146.T,DERIVED_RULE,6146.T,DERIVED_RULE,CARRY_FORWARD,False,,,,,,,,False,False,False
WS:XTKS:6178,"JAPAN POST HOLDINGS CO., LTD.",JP_N225,Japan,XTKS,6178,6178.T,DERIVED_RULE,6178.T,DERIVED_RULE,CARRY_FORWARD,False,,,,,,,,False,False,False
WS:XTKS:6273,SMC CORP.,JP_N225,Japan,XTKS,6273,6273.T,DERIVED_RULE,6273.T,DERIVED_RULE,CARRY_FORWARD,False,,,,,,,,False,False,False
WS:XTKS:6301,KOMATSU LTD.,JP_N225,Japan,XTKS,6301,6301.T,DERIVED_RULE,6301.T,DERIVED_RULE,CARRY_FORWARD,False,,,,,,,,False,False,False
WS:XTKS:6302,"SUMITOMO HEAVY IND., LTD.",JP_N225,Japan,XTKS,6302,6302.T,DERIVED_RULE,6302.T,DERIVED_RULE,CARRY_FORWARD,False,,,,,,,,False,False,False
WS:XTKS:6305,"HITACHI CONST. MACH. CO., LTD.",JP_N225,Japan,XTKS,6305,6305.T,DERIVED_RULE,6305.T,DERIVED_RULE,CARRY_FORWARD,False,,,,,,,,False,False,False
WS:XTKS:6326,KUBOTA CORP.,JP_N225,Japan,XTKS,6326,6326.T,DERIVED_RULE,6326.T,DERIVED_RULE,CARRY_FORWARD,False,,,,,,,,False,False,False
WS:XTKS:6361,EBARA CORP.,JP_N225,Japan,XTKS,6361,6361.T,DERIVED_RULE,6361.T,DERIVED_RULE,CARRY_FORWARD,False,,,,,,,,False,False,False
WS:XTKS:6367,"DAIKIN INDUSTRIES, LTD.",JP_N225,Japan,XTKS,6367,6367.T,DERIVED_RULE,6367.T,DERIVED_RULE,CARRY_FORWARD,False,,,,,,,,False,False,False
WS:XTKS:6471,NSK LTD.,JP_N225,Japan,XTKS,6471,6471.T,DERIVED_RULE,6471.T,DERIVED_RULE,CARRY_FORWARD,False,,,,,,,,False,False,False
WS:XTKS:6472,NTN CORP.,JP_N225,Japan,XTKS,6472,6472.T,DERIVED_RULE,6472.T,DERIVED_RULE,CARRY_FORWARD,False,,,,,,,,False,False,False
WS:XTKS:6473,JTEKT CORP.,JP_N225,Japan,XTKS,6473,6473.T,DERIVED_RULE,6473.T,DERIVED_RULE,CARRY_FORWARD,False,,,,,,,,False,False,False
WS:XTKS:6479,MINEBEA MITSUMI INC.,JP_N225,Japan,XTKS,6479,6479.T,DERIVED_RULE,6479.T,DERIVED_RULE,CARRY_FORWARD,False,,,,,,,,False,False,False
WS:XTKS:6501,"HITACHI, LTD.",JP_N225,Japan,XTKS,6501,6501.T,DERIVED_RULE,6501.T,DERIVED_RULE,CARRY_FORWARD,False,,,,,,,,False,False,False
WS:XTKS:6503,MITSUBISHI ELECTRIC CORP.,JP_N225,Japan,XTKS,6503,6503.T,DERIVED_RULE,6503.T,DERIVED_RULE,CARRY_FORWARD,False,,,,,,,,False,False,False
WS:XTKS:6504,"FUJI ELECTRIC CO., LTD.",JP_N225,Japan,XTKS,6504,6504.T,DERIVED_RULE,6504.T,DERIVED_RULE,CARRY_FORWARD,False,,,,,,,,False,False,False
WS:XTKS:6506,YASKAWA ELECTRIC CORP.,JP_N225,Japan,XTKS,6506,6506.T,DERIVED_RULE,6506.T,DERIVED_RULE,CARRY_FORWARD,False,,,,,,,,False,False,False
WS:XTKS:6526,SOCIONEXT INC.,JP_N225,Japan,XTKS,6526,6526.T,DERIVED_RULE,6526.T,DERIVED_RULE,CARRY_FORWARD,False,,,,,,,,False,False,False
WS:XTKS:6532,"BAYCURRENT, INC.",JP_N225,Japan,XTKS,6532,6532.T,DERIVED_RULE,6532.T,DERIVED_RULE,CARRY_FORWARD,False,,,,,,,,False,False,False
WS:XTKS:6645,OMRON CORP.,JP_N225,Japan,XTKS,6645,6645.T,DERIVED_RULE,6645.T,DERIVED_RULE,CARRY_FORWARD,False,,,,,,,,False,False,False
WS:XTKS:6701,NEC CORP.,JP_N225,Japan,XTKS,6701,6701.T,DERIVED_RULE,6701.T,DERIVED_RULE,CARRY_FORWARD,False,,,,,,,,False,False,False
WS:XTKS:6702,FUJITSU LTD.,JP_N225,Japan,XTKS,6702,6702.T,DERIVED_RULE,6702.T,DERIVED_RULE,CARRY_FORWARD,False,,,,,,,,False,False,False
WS:XTKS:6723,RENESAS ELECTRONICS CORP.,JP_N225,Japan,XTKS,6723,6723.T,DERIVED_RULE,6723.T,DERIVED_RULE,CARRY_FORWARD,False,,,,,,,,False,False,False
WS:XTKS:6724,SEIKO EPSON CORP.,JP_N225,Japan,XTKS,6724,6724.T,DERIVED_RULE,6724.T,DERIVED_RULE,CARRY_FORWARD,False,,,,,,,,False,False,False
WS:XTKS:6752,PANASONIC HOLDINGS CORP.,JP_N225,Japan,XTKS,6752,6752.T,DERIVED_RULE,6752.T,DERIVED_RULE,CARRY_FORWARD,False,,,,,,,,False,False,False
WS:XTKS:6753,SHARP CORP.,JP_N225,Japan,XTKS,6753,6753.T,DERIVED_RULE,6753.T,DERIVED_RULE,CARRY_FORWARD,False,,,,,,,,False,False,False
WS:XTKS:6758,SONY GROUP CORP.,JP_N225,Japan,XTKS,6758,6758.T,DERIVED_RULE,6758.T,DERIVED_RULE,CARRY_FORWARD,False,,,,,,,,False,False,False
WS:XTKS:6762,TDK CORP.,JP_N225,Japan,XTKS,6762,6762.T,DERIVED_RULE,6762.T,DERIVED_RULE,CARRY_FORWARD,False,,,,,,,,False,False,False
WS:XTKS:6770,"ALPS ALPINE CO., LTD.",JP_N225,Japan,XTKS,6770,6770.T,DERIVED_RULE,6770.T,DERIVED_RULE,CARRY_FORWARD,False,,,,,,,,False,False,False
WS:XTKS:6841,YOKOGAWA ELECTRIC CORP.,JP_N225,Japan,XTKS,6841,6841.T,DERIVED_RULE,6841.T,DERIVED_RULE,CARRY_FORWARD,False,,,,,,,,False,False,False
WS:XTKS:6857,ADVANTEST CORP.,JP_N225,Japan,XTKS,6857,6857.T,DERIVED_RULE,6857.T,DERIVED_RULE,CARRY_FORWARD,False,,,,,,,,False,False,False
WS:XTKS:6861,KEYENCE CORP.,JP_N225,Japan,XTKS,6861,6861.T,DERIVED_RULE,6861.T,DERIVED_RULE,CARRY_FORWARD,False,,,,,,,,False,False,False
WS:XTKS:6902,DENSO CORP.,JP_N225,Japan,XTKS,6902,6902.T,DERIVED_RULE,6902.T,DERIVED_RULE,CARRY_FORWARD,False,,,,,,,,False,False,False
WS:XTKS:6920,LASERTEC CORP.,JP_N225,Japan,XTKS,6920,6920.T,DERIVED_RULE,6920.T,DERIVED_RULE,CARRY_FORWARD,False,,,,,,,,False,False,False
WS:XTKS:6954,FANUC CORP.,JP_N225,Japan,XTKS,6954,6954.T,DERIVED_RULE,6954.T,DERIVED_RULE,CARRY_FORWARD,False,,,,,,,,False,False,False
WS:XTKS:6963,"ROHM CO., LTD.",JP_N225,Japan,XTKS,6963,6963.T,DERIVED_RULE,6963.T,DERIVED_RULE,CARRY_FORWARD,False,,,,,,,,False,False,False
WS:XTKS:6971,KYOCERA CORP.,JP_N225,Japan,XTKS,6971,6971.T,DERIVED_RULE,6971.T,DERIVED_RULE,CARRY_FORWARD,False,,,,,,,,False,False,False
WS:XTKS:6976,"TAIYO YUDEN CO., LTD.",JP_N225,Japan,XTKS,6976,6976.T,DERIVED_RULE,6976.T,DERIVED_RULE,CARRY_FORWARD,False,,,,,,,,False,False,False
WS:XTKS:6981,"MURATA MANUFACTURING CO., LTD.",JP_N225,Japan,XTKS,6981,6981.T,DERIVED_RULE,6981.T,DERIVED_RULE,CARRY_FORWARD,False,,,,,,,,False,False,False
WS:XTKS:6988,NITTO DENKO CORP.,JP_N225,Japan,XTKS,6988,6988.T,DERIVED_RULE,6988.T,DERIVED_RULE,CARRY_FORWARD,False,,,,,,,,False,False,False
WS:XTKS:7004,KANADEVIA CORP.,JP_N225,Japan,XTKS,7004,7004.T,DERIVED_RULE,7004.T,DERIVED_RULE,CARRY_FORWARD,False,,,,,,,,False,False,False
WS:XTKS:7011,"MITSUBISHI HEAVY IND., LTD.",JP_N225,Japan,XTKS,7011,7011.T,DERIVED_RULE,7011.T,DERIVED_RULE,CARRY_FORWARD,False,,,,,,,,False,False,False
WS:XTKS:7012,"KAWASAKI HEAVY IND., LTD.",JP_N225,Japan,XTKS,7012,7012.T,DERIVED_RULE,7012.T,DERIVED_RULE,CARRY_FORWARD,False,,,,,,,,False,False,False
WS:XTKS:7013,IHI CORP.,JP_N225,Japan,XTKS,7013,7013.T,DERIVED_RULE,7013.T,DERIVED_RULE,CARRY_FORWARD,False,,,,,,,,False,False,False
WS:XTKS:7186,"YOKOHAMA FINANCIAL GROUP, INC.",JP_N225,Japan,XTKS,7186,7186.T,DERIVED_RULE,7186.T,DERIVED_RULE,CARRY_FORWARD,False,,,,,,,,False,False,False
WS:XTKS:7201,"NISSAN MOTOR CO., LTD.",JP_N225,Japan,XTKS,7201,7201.T,DERIVED_RULE,7201.T,DERIVED_RULE,CARRY_FORWARD,False,,,,,,,,False,False,False
WS:XTKS:7202,ISUZU MOTORS LTD.,JP_N225,Japan,XTKS,7202,7202.T,DERIVED_RULE,7202.T,DERIVED_RULE,CARRY_FORWARD,False,,,,,,,,False,False,False
WS:XTKS:7203,TOYOTA MOTOR CORP.,JP_N225,Japan,XTKS,7203,7203.T,DERIVED_RULE,7203.T,DERIVED_RULE,CARRY_FORWARD,False,,,,,,,,False,False,False
WS:XTKS:7211,MITSUBISHI MOTORS CORP.,JP_N225,Japan,XTKS,7211,7211.T,DERIVED_RULE,7211.T,DERIVED_RULE,CARRY_FORWARD,False,,,,,,,,False,False,False
WS:XTKS:7261,MAZDA MOTOR CORP.,JP_N225,Japan,XTKS,7261,7261.T,DERIVED_RULE,7261.T,DERIVED_RULE,CARRY_FORWARD,False,,,,,,,,False,False,False
WS:XTKS:7267,"HONDA MOTOR CO., LTD.",JP_N225,Japan,XTKS,7267,7267.T,DERIVED_RULE,7267.T,DERIVED_RULE,CARRY_FORWARD,False,,,,,,,,False,False,False
WS:XTKS:7269,SUZUKI MOTOR CORP.,JP_N225,Japan,XTKS,7269,7269.T,DERIVED_RULE,7269.T,DERIVED_RULE,CARRY_FORWARD,False,,,,,,,,False,False,False
WS:XTKS:7270,SUBARU CORP.,JP_N225,Japan,XTKS,7270,7270.T,DERIVED_RULE,7270.T,DERIVED_RULE,CARRY_FORWARD,False,,,,,,,,False,False,False
WS:XTKS:7272,"YAMAHA MOTOR CO., LTD.",JP_N225,Japan,XTKS,7272,7272.T,DERIVED_RULE,7272.T,DERIVED_RULE,CARRY_FORWARD,False,,,,,,,,False,False,False
WS:XTKS:7453,"RYOHIN KEIKAKU CO., LTD.",JP_N225,Japan,XTKS,7453,7453.T,DERIVED_RULE,7453.T,DERIVED_RULE,CARRY_FORWARD,False,,,,,,,,False,False,False
WS:XTKS:7532,PAN PACIFIC INTERNATIONAL HOLDINGS CORP.,JP_N225,Japan,XTKS,7532,7532.T,DERIVED_RULE,7532.T,DERIVED_RULE,CARRY_FORWARD,False,,,,,,,,False,False,False
WS:XTKS:7731,NIKON CORP.,JP_N225,Japan,XTKS,7731,7731.T,DERIVED_RULE,7731.T,DERIVED_RULE,CARRY_FORWARD,False,,,,,,,,False,False,False
WS:XTKS:7733,OLYMPUS CORP.,JP_N225,Japan,XTKS,7733,7733.T,DERIVED_RULE,7733.T,DERIVED_RULE,CARRY_FORWARD,False,,,,,,,,False,False,False
WS:XTKS:7735,"SCREEN HOLDINGS CO., LTD.",JP_N225,Japan,XTKS,7735,7735.T,DERIVED_RULE,7735.T,DERIVED_RULE,CARRY_FORWARD,False,,,,,,,,False,False,False
WS:XTKS:7741,HOYA CORP.,JP_N225,Japan,XTKS,7741,7741.T,DERIVED_RULE,7741.T,DERIVED_RULE,CARRY_FORWARD,False,,,,,,,,False,False,False
WS:XTKS:7751,CANON INC.,JP_N225,Japan,XTKS,7751,7751.T,DERIVED_RULE,7751.T,DERIVED_RULE,CARRY_FORWARD,False,,,,,,,,False,False,False
WS:XTKS:7752,"RICOH CO., LTD.",JP_N225,Japan,XTKS,7752,7752.T,DERIVED_RULE,7752.T,DERIVED_RULE,CARRY_FORWARD,False,,,,,,,,False,False,False
WS:XTKS:7832,BANDAI NAMCO HOLDINGS INC.,JP_N225,Japan,XTKS,7832,7832.T,DERIVED_RULE,7832.T,DERIVED_RULE,CARRY_FORWARD,False,,,,,,,,False,False,False
WS:XTKS:7911,TOPPAN HOLDINGS INC.,JP_N225,Japan,XTKS,7911,7911.T,DERIVED_RULE,7911.T,DERIVED_RULE,CARRY_FORWARD,False,,,,,,,,False,False,False
WS:XTKS:7912,"DAI NIPPON PRINTING CO., LTD.",JP_N225,Japan,XTKS,7912,7912.T,DERIVED_RULE,7912.T,DERIVED_RULE,CARRY_FORWARD,False,,,,,,,,False,False,False
WS:XTKS:7951,YAMAHA CORP.,JP_N225,Japan,XTKS,7951,7951.T,DERIVED_RULE,7951.T,DERIVED_RULE,CARRY_FORWARD,False,,,,,,,,False,False,False
WS:XTKS:7974,"NINTENDO CO., LTD.",JP_N225,Japan,XTKS,7974,7974.T,DERIVED_RULE,7974.T,DERIVED_RULE,CARRY_FORWARD,False,,,,,,,,False,False,False
WS:XTKS:8001,ITOCHU CORP.,JP_N225,Japan,XTKS,8001,8001.T,DERIVED_RULE,8001.T,DERIVED_RULE,CARRY_FORWARD,False,,,,,,,,False,False,False
WS:XTKS:8002,MARUBENI CORP.,JP_N225,Japan,XTKS,8002,8002.T,DERIVED_RULE,8002.T,DERIVED_RULE,CARRY_FORWARD,False,,,,,,,,False,False,False
WS:XTKS:8015,TOYOTA TSUSHO CORP.,JP_N225,Japan,XTKS,8015,8015.T,DERIVED_RULE,8015.T,DERIVED_RULE,CARRY_FORWARD,False,,,,,,,,False,False,False
WS:XTKS:8031,"MITSUI & CO., LTD.",JP_N225,Japan,XTKS,8031,8031.T,DERIVED_RULE,8031.T,DERIVED_RULE,CARRY_FORWARD,False,,,,,,,,False,False,False
WS:XTKS:8035,TOKYO ELECTRON LTD.,JP_N225,Japan,XTKS,8035,8035.T,DERIVED_RULE,8035.T,DERIVED_RULE,CARRY_FORWARD,False,,,,,,,,False,False,False
WS:XTKS:8053,SUMITOMO CORP.,JP_N225,Japan,XTKS,8053,8053.T,DERIVED_RULE,8053.T,DERIVED_RULE,CARRY_FORWARD,False,,,,,,,,False,False,False
WS:XTKS:8058,MITSUBISHI CORP.,JP_N225,Japan,XTKS,8058,8058.T,DERIVED_RULE,8058.T,DERIVED_RULE,CARRY_FORWARD,False,,,,,,,,False,False,False
WS:XTKS:8233,"TAKASHIMAYA CO., LTD.",JP_N225,Japan,XTKS,8233,8233.T,DERIVED_RULE,8233.T,DERIVED_RULE,CARRY_FORWARD,False,,,,,,,,False,False,False
WS:XTKS:8252,"MARUI GROUP CO., LTD.",JP_N225,Japan,XTKS,8252,8252.T,DERIVED_RULE,8252.T,DERIVED_RULE,CARRY_FORWARD,False,,,,,,,,False,False,False
WS:XTKS:8253,"CREDIT SAISON CO., LTD.",JP_N225,Japan,XTKS,8253,8253.T,DERIVED_RULE,8253.T,DERIVED_RULE,CARRY_FORWARD,False,,,,,,,,False,False,False
WS:XTKS:8267,"AEON CO., LTD.",JP_N225,Japan,XTKS,8267,8267.T,DERIVED_RULE,8267.T,DERIVED_RULE,CARRY_FORWARD,False,,,,,,,,False,False,False
WS:XTKS:8304,"AOZORA BANK, LTD.",JP_N225,Japan,XTKS,8304,8304.T,DERIVED_RULE,8304.T,DERIVED_RULE,CARRY_FORWARD,False,,,,,,,,False,False,False
WS:XTKS:8306,"MITSUBISHI UFJ FINANCIAL GROUP, INC.",JP_N225,Japan,XTKS,8306,8306.T,DERIVED_RULE,8306.T,DERIVED_RULE,CARRY_FORWARD,False,,,,,,,,False,False,False
WS:XTKS:8308,"RESONA HOLDINGS, INC.",JP_N225,Japan,XTKS,8308,8308.T,DERIVED_RULE,8308.T,DERIVED_RULE,CARRY_FORWARD,False,,,,,,,,False,False,False
WS:XTKS:8309,"SUMITOMO MITSUI TRUST GROUP, INC.",JP_N225,Japan,XTKS,8309,8309.T,DERIVED_RULE,8309.T,DERIVED_RULE,CARRY_FORWARD,False,,,,,,,,False,False,False
WS:XTKS:8316,"SUMITOMO MITSUI FINANCIAL GROUP, INC.",JP_N225,Japan,XTKS,8316,8316.T,DERIVED_RULE,8316.T,DERIVED_RULE,CARRY_FORWARD,False,,,,,,,,False,False,False
WS:XTKS:8331,"THE CHIBA BANK, LTD.",JP_N225,Japan,XTKS,8331,8331.T,DERIVED_RULE,8331.T,DERIVED_RULE,CARRY_FORWARD,False,,,,,,,,False,False,False
WS:XTKS:8354,"FUKUOKA FINANCIAL GROUP, INC.",JP_N225,Japan,XTKS,8354,8354.T,DERIVED_RULE,8354.T,DERIVED_RULE,CARRY_FORWARD,False,,,,,,,,False,False,False
WS:XTKS:8411,"MIZUHO FINANCIAL GROUP, INC.",JP_N225,Japan,XTKS,8411,8411.T,DERIVED_RULE,8411.T,DERIVED_RULE,CARRY_FORWARD,False,,,,,,,,False,False,False
WS:XTKS:8591,ORIX CORP.,JP_N225,Japan,XTKS,8591,8591.T,DERIVED_RULE,8591.T,DERIVED_RULE,CARRY_FORWARD,False,,,,,,,,False,False,False
WS:XTKS:8601,DAIWA SECURITIES GROUP INC.,JP_N225,Japan,XTKS,8601,8601.T,DERIVED_RULE,8601.T,DERIVED_RULE,CARRY_FORWARD,False,,,,,,,,False,False,False
WS:XTKS:8604,"NOMURA HOLDINGS, INC.",JP_N225,Japan,XTKS,8604,8604.T,DERIVED_RULE,8604.T,DERIVED_RULE,CARRY_FORWARD,False,,,,,,,,False,False,False
WS:XTKS:8630,"SOMPO HOLDINGS, INC.",JP_N225,Japan,XTKS,8630,8630.T,DERIVED_RULE,8630.T,DERIVED_RULE,CARRY_FORWARD,False,,,,,,,,False,False,False
WS:XTKS:8697,"JAPAN EXCHANGE GROUP, INC.",JP_N225,Japan,XTKS,8697,8697.T,DERIVED_RULE,8697.T,DERIVED_RULE,CARRY_FORWARD,False,,,,,,,,False,False,False
WS:XTKS:8725,"MS&AD INSURANCE GROUP HOLDINGS, INC.",JP_N225,Japan,XTKS,8725,8725.T,DERIVED_RULE,8725.T,DERIVED_RULE,CARRY_FORWARD,False,,,,,,,,False,False,False
WS:XTKS:8750,"DAIICHI LIFE GROUP, INC.",JP_N225,Japan,XTKS,8750,8750.T,DERIVED_RULE,8750.T,DERIVED_RULE,CARRY_FORWARD,False,,,,,,,,False,False,False
WS:XTKS:8766,"TOKIO MARINE HOLDINGS, INC.",JP_N225,Japan,XTKS,8766,8766.T,DERIVED_RULE,8766.T,DERIVED_RULE,CARRY_FORWARD,False,,,,,,,,False,False,False
WS:XTKS:8795,"T&D HOLDINGS, INC.",JP_N225,Japan,XTKS,8795,8795.T,DERIVED_RULE,8795.T,DERIVED_RULE,CARRY_FORWARD,False,,,,,,,,False,False,False
WS:XTKS:8801,"MITSUI FUDOSAN CO., LTD.",JP_N225,Japan,XTKS,8801,8801.T,DERIVED_RULE,8801.T,DERIVED_RULE,CARRY_FORWARD,False,,,,,,,,False,False,False
WS:XTKS:8802,"MITSUBISHI ESTATE CO., LTD.",JP_N225,Japan,XTKS,8802,8802.T,DERIVED_RULE,8802.T,DERIVED_RULE,CARRY_FORWARD,False,,,,,,,,False,False,False
WS:XTKS:8804,"TOKYO TATEMONO CO., LTD.",JP_N225,Japan,XTKS,8804,8804.T,DERIVED_RULE,8804.T,DERIVED_RULE,CARRY_FORWARD,False,,,,,,,,False,False,False
WS:XTKS:8830,"SUMITOMO REALTY & DEVELOPMENT CO., LTD.",JP_N225,Japan,XTKS,8830,8830.T,DERIVED_RULE,8830.T,DERIVED_RULE,CARRY_FORWARD,False,,,,,,,,False,False,False
WS:XTKS:9001,"TOBU RAILWAY CO., LTD.",JP_N225,Japan,XTKS,9001,9001.T,DERIVED_RULE,9001.T,DERIVED_RULE,CARRY_FORWARD,False,,,,,,,,False,False,False
WS:XTKS:9005,TOKYU CORP.,JP_N225,Japan,XTKS,9005,9005.T,DERIVED_RULE,9005.T,DERIVED_RULE,CARRY_FORWARD,False,,,,,,,,False,False,False
WS:XTKS:9007,"ODAKYU ELECTRIC RAILWAY CO., LTD.",JP_N225,Japan,XTKS,9007,9007.T,DERIVED_RULE,9007.T,DERIVED_RULE,CARRY_FORWARD,False,,,,,,,,False,False,False
WS:XTKS:9008,KEIO CORP.,JP_N225,Japan,XTKS,9008,9008.T,DERIVED_RULE,9008.T,DERIVED_RULE,CARRY_FORWARD,False,,,,,,,,False,False,False
WS:XTKS:9009,"KEISEI ELECTRIC RAILWAY CO., LTD.",JP_N225,Japan,XTKS,9009,9009.T,DERIVED_RULE,9009.T,DERIVED_RULE,CARRY_FORWARD,False,,,,,,,,False,False,False
WS:XTKS:9020,EAST JAPAN RAILWAY CO.,JP_N225,Japan,XTKS,9020,9020.T,DERIVED_RULE,9020.T,DERIVED_RULE,CARRY_FORWARD,False,,,,,,,,False,False,False
WS:XTKS:9021,WEST JAPAN RAILWAY CO.,JP_N225,Japan,XTKS,9021,9021.T,DERIVED_RULE,9021.T,DERIVED_RULE,CARRY_FORWARD,False,,,,,,,,False,False,False
WS:XTKS:9022,"CENTRAL JAPAN RAILWAY CO., LTD.",JP_N225,Japan,XTKS,9022,9022.T,DERIVED_RULE,9022.T,DERIVED_RULE,CARRY_FORWARD,False,,,,,,,,False,False,False
WS:XTKS:9064,"YAMATO HOLDINGS CO., LTD.",JP_N225,Japan,XTKS,9064,9064.T,DERIVED_RULE,9064.T,DERIVED_RULE,CARRY_FORWARD,False,,,,,,,,False,False,False
WS:XTKS:9101,NIPPON YUSEN K.K.,JP_N225,Japan,XTKS,9101,9101.T,DERIVED_RULE,9101.T,DERIVED_RULE,CARRY_FORWARD,False,,,,,,,,False,False,False
WS:XTKS:9104,"MITSUI O.S.K.LINES, LTD.",JP_N225,Japan,XTKS,9104,9104.T,DERIVED_RULE,9104.T,DERIVED_RULE,CARRY_FORWARD,False,,,,,,,,False,False,False
WS:XTKS:9107,"KAWASAKI KISEN KAISHA, LTD.",JP_N225,Japan,XTKS,9107,9107.T,DERIVED_RULE,9107.T,DERIVED_RULE,CARRY_FORWARD,False,,,,,,,,False,False,False
WS:XTKS:9147,"NIPPON EXPRESS HOLDINGS, INC.",JP_N225,Japan,XTKS,9147,9147.T,DERIVED_RULE,9147.T,DERIVED_RULE,CARRY_FORWARD,False,,,,,,,,False,False,False
WS:XTKS:9201,"JAPAN AIRLINES CO., LTD.",JP_N225,Japan,XTKS,9201,9201.T,DERIVED_RULE,9201.T,DERIVED_RULE,CARRY_FORWARD,False,,,,,,,,False,False,False
WS:XTKS:9202,ANA HOLDINGS INC.,JP_N225,Japan,XTKS,9202,9202.T,DERIVED_RULE,9202.T,DERIVED_RULE,CARRY_FORWARD,False,,,,,,,,False,False,False
WS:XTKS:9432,"NTT, INC.",JP_N225,Japan,XTKS,9432,9432.T,DERIVED_RULE,9432.T,DERIVED_RULE,CARRY_FORWARD,False,,,,,,,,False,False,False
WS:XTKS:9433,KDDI CORP.,JP_N225,Japan,XTKS,9433,9433.T,DERIVED_RULE,9433.T,DERIVED_RULE,CARRY_FORWARD,False,,,,,,,,False,False,False
WS:XTKS:9434,SOFTBANK CORP.,JP_N225,Japan,XTKS,9434,9434.T,DERIVED_RULE,9434.T,DERIVED_RULE,CARRY_FORWARD,False,,,,,,,,False,False,False
WS:XTKS:9501,"TOKYO ELECTRIC POWER COMPANY HOLDINGS, I",JP_N225,Japan,XTKS,9501,9501.T,DERIVED_RULE,9501.T,DERIVED_RULE,CARRY_FORWARD,False,,,,,,,,False,False,False
WS:XTKS:9502,"CHUBU ELECTRIC POWER CO., INC.",JP_N225,Japan,XTKS,9502,9502.T,DERIVED_RULE,9502.T,DERIVED_RULE,CARRY_FORWARD,False,,,,,,,,False,False,False
WS:XTKS:9503,"THE KANSAI ELECTRIC POWER CO., INC.",JP_N225,Japan,XTKS,9503,9503.T,DERIVED_RULE,9503.T,DERIVED_RULE,CARRY_FORWARD,False,,,,,,,,False,False,False
WS:XTKS:9531,"TOKYO GAS CO., LTD.",JP_N225,Japan,XTKS,9531,9531.T,DERIVED_RULE,9531.T,DERIVED_RULE,CARRY_FORWARD,False,,,,,,,,False,False,False
WS:XTKS:9532,"OSAKA GAS CO., LTD.",JP_N225,Japan,XTKS,9532,9532.T,DERIVED_RULE,9532.T,DERIVED_RULE,CARRY_FORWARD,False,,,,,,,,False,False,False
WS:XTKS:9602,"TOHO CO., LTD",JP_N225,Japan,XTKS,9602,9602.T,DERIVED_RULE,9602.T,DERIVED_RULE,CARRY_FORWARD,False,,,,,,,,False,False,False
WS:XTKS:9735,"SECOM CO., LTD.",JP_N225,Japan,XTKS,9735,9735.T,DERIVED_RULE,9735.T,DERIVED_RULE,CARRY_FORWARD,False,,,,,,,,False,False,False
WS:XTKS:9766,KONAMI GROUP CORP.,JP_N225,Japan,XTKS,9766,9766.T,DERIVED_RULE,9766.T,DERIVED_RULE,CARRY_FORWARD,False,,,,,,,,False,False,False
WS:XTKS:9843,"NITORI HOLDINGS CO., LTD.",JP_N225,Japan,XTKS,9843,9843.T,DERIVED_RULE,9843.T,DERIVED_RULE,CARRY_FORWARD,False,,,,,,,,False,False,False
WS:XTKS:9983,"FAST RETAILING CO., LTD.",JP_N225,Japan,XTKS,9983,9983.T,DERIVED_RULE,9983.T,DERIVED_RULE,CARRY_FORWARD,False,,,,,,,,False,False,False
WS:XTKS:9984,SOFTBANK GROUP CORP.,JP_N225,Japan,XTKS,9984,9984.T,DERIVED_RULE,9984.T,DERIVED_RULE,CARRY_FORWARD,False,,,,,,,,False,False,False
WS:XKRX:000080,HiteJinro,KR_KOSPI200,South Korea,XKRX,000080,000080.KS,DERIVED_RULE,000080.KS,DERIVED_RULE,CARRY_FORWARD,False,,,,,,,,False,False,False
WS:XKRX:000100,Yuhan,KR_KOSPI200,South Korea,XKRX,000100,000100.KS,DERIVED_RULE,000100.KS,DERIVED_RULE,CARRY_FORWARD,False,,,,,,,,False,False,False
WS:XKRX:000120,CJ Logistics,KR_KOSPI200,South Korea,XKRX,000120,000120.KS,DERIVED_RULE,000120.KS,DERIVED_RULE,CARRY_FORWARD,False,,,,,,,,False,False,False
WS:XKRX:000150,Doosan,KR_KOSPI200,South Korea,XKRX,000150,000150.KS,DERIVED_RULE,000150.KS,DERIVED_RULE,CARRY_FORWARD,False,,,,,,,,False,False,False
WS:XKRX:000210,DL,KR_KOSPI200,South Korea,XKRX,000210,000210.KS,DERIVED_RULE,000210.KS,DERIVED_RULE,CARRY_FORWARD,False,,,,,,,,False,False,False
WS:XKRX:000240,Hankook & Company,KR_KOSPI200,South Korea,XKRX,000240,000240.KS,DERIVED_RULE,000240.KS,DERIVED_RULE,CARRY_FORWARD,False,,,,,,,,False,False,False
WS:XKRX:000270,Kia,KR_KOSPI200,South Korea,XKRX,000270,000270.KS,DERIVED_RULE,000270.KS,DERIVED_RULE,CARRY_FORWARD,False,,,,,,,,False,False,False
WS:XKRX:000660,SK Hynix,KR_KOSPI200,South Korea,XKRX,000660,000660.KS,DERIVED_RULE,000660.KS,DERIVED_RULE,CARRY_FORWARD,False,,,,,,,,False,False,False
WS:XKRX:000670,Young Poong,KR_KOSPI200,South Korea,XKRX,000670,000670.KS,DERIVED_RULE,000670.KS,DERIVED_RULE,CARRY_FORWARD,False,,,,,,,,False,False,False
WS:XKRX:000720,Hyundai E&C,KR_KOSPI200,South Korea,XKRX,000720,000720.KS,DERIVED_RULE,000720.KS,DERIVED_RULE,CARRY_FORWARD,False,,,,,,,,False,False,False
WS:XKRX:000810,Samsung Fire & Marine,KR_KOSPI200,South Korea,XKRX,000810,000810.KS,DERIVED_RULE,000810.KS,DERIVED_RULE,CARRY_FORWARD,False,,,,,,,,False,False,False
WS:XKRX:000880,Hanwha,KR_KOSPI200,South Korea,XKRX,000880,000880.KS,DERIVED_RULE,000880.KS,DERIVED_RULE,CARRY_FORWARD,False,,,,,,,,False,False,False
WS:XKRX:000990,DB HiTek,KR_KOSPI200,South Korea,XKRX,000990,000990.KS,DERIVED_RULE,000990.KS,DERIVED_RULE,CARRY_FORWARD,False,,,,,,,,False,False,False
WS:XKRX:001040,CJ,KR_KOSPI200,South Korea,XKRX,001040,001040.KS,DERIVED_RULE,001040.KS,DERIVED_RULE,CARRY_FORWARD,False,,,,,,,,False,False,False
WS:XKRX:001430,Seah Besteel,KR_KOSPI200,South Korea,XKRX,001430,001430.KS,DERIVED_RULE,001430.KS,DERIVED_RULE,CARRY_FORWARD,False,,,,,,,,False,False,False
WS:XKRX:001440,Taihan Cable & Solution,KR_KOSPI200,South Korea,XKRX,001440,001440.KS,DERIVED_RULE,001440.KS,DERIVED_RULE,CARRY_FORWARD,False,,,,,,,,False,False,False
WS:XKRX:001450,Hyundai Marine & Fire,KR_KOSPI200,South Korea,XKRX,001450,001450.KS,DERIVED_RULE,001450.KS,DERIVED_RULE,CARRY_FORWARD,False,,,,,,,,False,False,False
WS:XKRX:001680,Daesang,KR_KOSPI200,South Korea,XKRX,001680,001680.KS,DERIVED_RULE,001680.KS,DERIVED_RULE,CARRY_FORWARD,False,,,,,,,,False,False,False
WS:XKRX:001800,Orion Holdings,KR_KOSPI200,South Korea,XKRX,001800,001800.KS,DERIVED_RULE,001800.KS,DERIVED_RULE,CARRY_FORWARD,False,,,,,,,,False,False,False
WS:XKRX:002030,Asia Holdings,KR_KOSPI200,South Korea,XKRX,002030,002030.KS,DERIVED_RULE,002030.KS,DERIVED_RULE,CARRY_FORWARD,False,,,,,,,,False,False,False
WS:XKRX:002380,KCC,KR_KOSPI200,South Korea,XKRX,002380,002380.KS,DERIVED_RULE,002380.KS,DERIVED_RULE,CARRY_FORWARD,False,,,,,,,,False,False,False
WS:XKRX:002790,Amorepacific Holdings,KR_KOSPI200,South Korea,XKRX,002790,002790.KS,DERIVED_RULE,002790.KS,DERIVED_RULE,CARRY_FORWARD,False,,,,,,,,False,False,False
WS:XKRX:002840,Miwon Commercial,KR_KOSPI200,South Korea,XKRX,002840,002840.KS,DERIVED_RULE,002840.KS,DERIVED_RULE,CARRY_FORWARD,False,,,,,,,,False,False,False
WS:XKRX:003030,Seah Steel Holdings,KR_KOSPI200,South Korea,XKRX,003030,003030.KS,DERIVED_RULE,003030.KS,DERIVED_RULE,CARRY_FORWARD,False,,,,,,,,False,False,False
WS:XKRX:003090,Daewoong,KR_KOSPI200,South Korea,XKRX,003090,003090.KS,DERIVED_RULE,003090.KS,DERIVED_RULE,CARRY_FORWARD,False,,,,,,,,False,False,False
WS:XKRX:003230,Samyang Foods,KR_KOSPI200,South Korea,XKRX,003230,003230.KS,DERIVED_RULE,003230.KS,DERIVED_RULE,CARRY_FORWARD,False,,,,,,,,False,False,False
WS:XKRX:003240,Taekwang Industrial,KR_KOSPI200,South Korea,XKRX,003240,003240.KS,DERIVED_RULE,003240.KS,DERIVED_RULE,CARRY_FORWARD,False,,,,,,,,False,False,False
WS:XKRX:003490,Korean Air,KR_KOSPI200,South Korea,XKRX,003490,003490.KS,DERIVED_RULE,003490.KS,DERIVED_RULE,CARRY_FORWARD,False,,,,,,,,False,False,False
WS:XKRX:003550,LG,KR_KOSPI200,South Korea,XKRX,003550,003550.KS,DERIVED_RULE,003550.KS,DERIVED_RULE,CARRY_FORWARD,False,,,,,,,,False,False,False
WS:XKRX:003670,POSCO Future M,KR_KOSPI200,South Korea,XKRX,003670,003670.KS,DERIVED_RULE,003670.KS,DERIVED_RULE,CARRY_FORWARD,False,,,,,,,,False,False,False
WS:XKRX:004000,Lotte Fine Chemical,KR_KOSPI200,South Korea,XKRX,004000,004000.KS,DERIVED_RULE,004000.KS,DERIVED_RULE,CARRY_FORWARD,False,,,,,,,,False,False,False
WS:XKRX:004020,Hyundai Steel,KR_KOSPI200,South Korea,XKRX,004020,004020.KS,DERIVED_RULE,004020.KS,DERIVED_RULE,CARRY_FORWARD,False,,,,,,,,False,False,False
WS:XKRX:004170,Shinsegae,KR_KOSPI200,South Korea,XKRX,004170,004170.KS,DERIVED_RULE,004170.KS,DERIVED_RULE,CARRY_FORWARD,False,,,,,,,,False,False,False
WS:XKRX:004370,Nongshim,KR_KOSPI200,South Korea,XKRX,004370,004370.KS,DERIVED_RULE,004370.KS,DERIVED_RULE,CARRY_FORWARD,False,,,,,,,,False,False,False
WS:XKRX:004990,Lotte,KR_KOSPI200,South Korea,XKRX,004990,004990.KS,DERIVED_RULE,004990.KS,DERIVED_RULE,CARRY_FORWARD,False,,,,,,,,False,False,False
WS:XKRX:005300,Lotte Chilsung,KR_KOSPI200,South Korea,XKRX,005300,005300.KS,DERIVED_RULE,005300.KS,DERIVED_RULE,CARRY_FORWARD,False,,,,,,,,False,False,False
WS:XKRX:005380,Hyundai Motor,KR_KOSPI200,South Korea,XKRX,005380,005380.KS,DERIVED_RULE,005380.KS,DERIVED_RULE,CARRY_FORWARD,False,,,,,,,,False,False,False
WS:XKRX:005420,Cosmo Chemical,KR_KOSPI200,South Korea,XKRX,005420,005420.KS,DERIVED_RULE,005420.KS,DERIVED_RULE,CARRY_FORWARD,False,,,,,,,,False,False,False
WS:XKRX:005490,POSCO,KR_KOSPI200,South Korea,XKRX,005490,005490.KS,DERIVED_RULE,005490.KS,DERIVED_RULE,CARRY_FORWARD,False,,,,,,,,False,False,False
WS:XKRX:005830,DB Insurance,KR_KOSPI200,South Korea,XKRX,005830,005830.KS,DERIVED_RULE,005830.KS,DERIVED_RULE,CARRY_FORWARD,False,,,,,,,,False,False,False
WS:XKRX:005850,SL,KR_KOSPI200,South Korea,XKRX,005850,005850.KS,DERIVED_RULE,005850.KS,DERIVED_RULE,CARRY_FORWARD,False,,,,,,,,False,False,False
WS:XKRX:005930,Samsung Electronics,KR_KOSPI200,South Korea,XKRX,005930,005930.KS,DERIVED_RULE,005930.KS,DERIVED_RULE,CARRY_FORWARD,False,,,,,,,,False,False,False
WS:XKRX:005940,NH Investment & Securities,KR_KOSPI200,South Korea,XKRX,005940,005940.KS,DERIVED_RULE,005940.KS,DERIVED_RULE,CARRY_FORWARD,False,,,,,,,,False,False,False
WS:XKRX:006040,Dongwon Industries,KR_KOSPI200,South Korea,XKRX,006040,006040.KS,DERIVED_RULE,006040.KS,DERIVED_RULE,CARRY_FORWARD,False,,,,,,,,False,False,False
WS:XKRX:006260,LS,KR_KOSPI200,South Korea,XKRX,006260,006260.KS,DERIVED_RULE,006260.KS,DERIVED_RULE,CARRY_FORWARD,False,,,,,,,,False,False,False
WS:XKRX:006280,Green Cross,KR_KOSPI200,South Korea,XKRX,006280,006280.KS,DERIVED_RULE,006280.KS,DERIVED_RULE,CARRY_FORWARD,False,,,,,,,,False,False,False
WS:XKRX:006400,Samsung SDI,KR_KOSPI200,South Korea,XKRX,006400,006400.KS,DERIVED_RULE,006400.KS,DERIVED_RULE,CARRY_FORWARD,False,,,,,,,,False,False,False
WS:XKRX:006650,Korea Petrochemical,KR_KOSPI200,South Korea,XKRX,006650,006650.KS,DERIVED_RULE,006650.KS,DERIVED_RULE,CARRY_FORWARD,False,,,,,,,,False,False,False
WS:XKRX:006800,Mirae Asset Securities,KR_KOSPI200,South Korea,XKRX,006800,006800.KS,DERIVED_RULE,006800.KS,DERIVED_RULE,CARRY_FORWARD,False,,,,,,,,False,False,False
WS:XKRX:007070,GS Retail,KR_KOSPI200,South Korea,XKRX,007070,007070.KS,DERIVED_RULE,007070.KS,DERIVED_RULE,CARRY_FORWARD,False,,,,,,,,False,False,False
WS:XKRX:007310,Ottogi,KR_KOSPI200,South Korea,XKRX,007310,007310.KS,DERIVED_RULE,007310.KS,DERIVED_RULE,CARRY_FORWARD,False,,,,,,,,False,False,False
WS:XKRX:007340,DN Automotive,KR_KOSPI200,South Korea,XKRX,007340,007340.KS,DERIVED_RULE,007340.KS,DERIVED_RULE,CARRY_FORWARD,False,,,,,,,,False,False,False
WS:XKRX:007660,Isu Petasys,KR_KOSPI200,South Korea,XKRX,007660,007660.KS,DERIVED_RULE,007660.KS,DERIVED_RULE,CARRY_FORWARD,False,,,,,,,,False,False,False
WS:XKRX:008730,Youlchon Chemical,KR_KOSPI200,South Korea,XKRX,008730,008730.KS,DERIVED_RULE,008730.KS,DERIVED_RULE,CARRY_FORWARD,False,,,,,,,,False,False,False
WS:XKRX:008770,Hotel Shilla,KR_KOSPI200,South Korea,XKRX,008770,008770.KS,DERIVED_RULE,008770.KS,DERIVED_RULE,CARRY_FORWARD,False,,,,,,,,False,False,False
WS:XKRX:008930,Hanmi Science,KR_KOSPI200,South Korea,XKRX,008930,008930.KS,DERIVED_RULE,008930.KS,DERIVED_RULE,CARRY_FORWARD,False,,,,,,,,False,False,False
WS:XKRX:009150,Samsung Electro-Mechanics,KR_KOSPI200,South Korea,XKRX,009150,009150.KS,DERIVED_RULE,009150.KS,DERIVED_RULE,CARRY_FORWARD,False,,,,,,,,False,False,False
WS:XKRX:009240,Hanssem,KR_KOSPI200,South Korea,XKRX,009240,009240.KS,DERIVED_RULE,009240.KS,DERIVED_RULE,CARRY_FORWARD,False,,,,,,,,False,False,False
WS:XKRX:009420,Hanall Biopharma,KR_KOSPI200,South Korea,XKRX,009420,009420.KS,DERIVED_RULE,009420.KS,DERIVED_RULE,CARRY_FORWARD,False,,,,,,,,False,False,False
WS:XKRX:009540,HD KSOE,KR_KOSPI200,South Korea,XKRX,009540,009540.KS,DERIVED_RULE,009540.KS,DERIVED_RULE,CARRY_FORWARD,False,,,,,,,,False,False,False
WS:XKRX:009830,Hanwha Solutions,KR_KOSPI200,South Korea,XKRX,009830,009830.KS,DERIVED_RULE,009830.KS,DERIVED_RULE,CARRY_FORWARD,False,,,,,,,,False,False,False
WS:XKRX:009970,Youngone Holdings,KR_KOSPI200,South Korea,XKRX,009970,009970.KS,DERIVED_RULE,009970.KS,DERIVED_RULE,CARRY_FORWARD,False,,,,,,,,False,False,False
WS:XKRX:010060,OCI Holdings,KR_KOSPI200,South Korea,XKRX,010060,010060.KS,DERIVED_RULE,010060.KS,DERIVED_RULE,CARRY_FORWARD,False,,,,,,,,False,False,False
WS:XKRX:010120,LS Electric,KR_KOSPI200,South Korea,XKRX,010120,010120.KS,DERIVED_RULE,010120.KS,DERIVED_RULE,CARRY_FORWARD,False,,,,,,,,False,False,False
WS:XKRX:010130,Korea Zinc,KR_KOSPI200,South Korea,XKRX,010130,010130.KS,DERIVED_RULE,010130.KS,DERIVED_RULE,CARRY_FORWARD,False,,,,,,,,False,False,False
WS:XKRX:010140,Samsung Heavy Industries,KR_KOSPI200,South Korea,XKRX,010140,010140.KS,DERIVED_RULE,010140.KS,DERIVED_RULE,CARRY_FORWARD,False,,,,,,,,False,False,False
WS:XKRX:010950,S-Oil,KR_KOSPI200,South Korea,XKRX,010950,010950.KS,DERIVED_RULE,010950.KS,DERIVED_RULE,CARRY_FORWARD,False,,,,,,,,False,False,False
WS:XKRX:011070,LG Innotek,KR_KOSPI200,South Korea,XKRX,011070,011070.KS,DERIVED_RULE,011070.KS,DERIVED_RULE,CARRY_FORWARD,False,,,,,,,,False,False,False
WS:XKRX:011170,Lotte Chemical,KR_KOSPI200,South Korea,XKRX,011170,011170.KS,DERIVED_RULE,011170.KS,DERIVED_RULE,CARRY_FORWARD,False,,,,,,,,False,False,False
WS:XKRX:011200,HMM,KR_KOSPI200,South Korea,XKRX,011200,011200.KS,DERIVED_RULE,011200.KS,DERIVED_RULE,CARRY_FORWARD,False,,,,,,,,False,False,False
WS:XKRX:011210,Hyundai WIA,KR_KOSPI200,South Korea,XKRX,011210,011210.KS,DERIVED_RULE,011210.KS,DERIVED_RULE,CARRY_FORWARD,False,,,,,,,,False,False,False
WS:XKRX:011780,Kumho Petrochemical,KR_KOSPI200,South Korea,XKRX,011780,011780.KS,DERIVED_RULE,011780.KS,DERIVED_RULE,CARRY_FORWARD,False,,,,,,,,False,False,False
WS:XKRX:011790,SKC,KR_KOSPI200,South Korea,XKRX,011790,011790.KS,DERIVED_RULE,011790.KS,DERIVED_RULE,CARRY_FORWARD,False,,,,,,,,False,False,False
WS:XKRX:012330,Hyundai Mobis,KR_KOSPI200,South Korea,XKRX,012330,012330.KS,DERIVED_RULE,012330.KS,DERIVED_RULE,CARRY_FORWARD,False,,,,,,,,False,False,False
WS:XKRX:012450,Hanwha Aerospace,KR_KOSPI200,South Korea,XKRX,012450,012450.KS,DERIVED_RULE,012450.KS,DERIVED_RULE,CARRY_FORWARD,False,,,,,,,,False,False,False
WS:XKRX:0126Z0,Samsung Epis,KR_KOSPI200,South Korea,XKRX,0126Z0,0126Z0.KS,DERIVED_RULE,0126Z0.KS,DERIVED_RULE,CARRY_FORWARD,False,,,,,,,,False,False,False
WS:XKRX:012750,S-1,KR_KOSPI200,South Korea,XKRX,012750,012750.KS,DERIVED_RULE,012750.KS,DERIVED_RULE,CARRY_FORWARD,False,,,,,,,,False,False,False
WS:XKRX:014680,Hansol Chemical,KR_KOSPI200,South Korea,XKRX,014680,014680.KS,DERIVED_RULE,014680.KS,DERIVED_RULE,CARRY_FORWARD,False,,,,,,,,False,False,False
WS:XKRX:014820,Dongwon Systems,KR_KOSPI200,South Korea,XKRX,014820,014820.KS,DERIVED_RULE,014820.KS,DERIVED_RULE,CARRY_FORWARD,False,,,,,,,,False,False,False
WS:XKRX:015760,KEPCO,KR_KOSPI200,South Korea,XKRX,015760,015760.KS,DERIVED_RULE,015760.KS,DERIVED_RULE,CARRY_FORWARD,False,,,,,,,,False,False,False
WS:XKRX:016360,Samsung Securities,KR_KOSPI200,South Korea,XKRX,016360,016360.KS,DERIVED_RULE,016360.KS,DERIVED_RULE,CARRY_FORWARD,False,,,,,,,,False,False,False
WS:XKRX:017670,SK Telecom,KR_KOSPI200,South Korea,XKRX,017670,017670.KS,DERIVED_RULE,017670.KS,DERIVED_RULE,CARRY_FORWARD,False,,,,,,,,False,False,False
WS:XKRX:017800,Hyundai Elevator,KR_KOSPI200,South Korea,XKRX,017800,017800.KS,DERIVED_RULE,017800.KS,DERIVED_RULE,CARRY_FORWARD,False,,,,,,,,False,False,False
WS:XKRX:017960,Hankuk Carbon,KR_KOSPI200,South Korea,XKRX,017960,017960.KS,DERIVED_RULE,017960.KS,DERIVED_RULE,CARRY_FORWARD,False,,,,,,,,False,False,False
WS:XKRX:018260,Samsung SDS,KR_KOSPI200,South Korea,XKRX,018260,018260.KS,DERIVED_RULE,018260.KS,DERIVED_RULE,CARRY_FORWARD,False,,,,,,,,False,False,False
WS:XKRX:018880,Hanon Systems,KR_KOSPI200,South Korea,XKRX,018880,018880.KS,DERIVED_RULE,018880.KS,DERIVED_RULE,CARRY_FORWARD,False,,,,,,,,False,False,False
WS:XKRX:021240,Coway,KR_KOSPI200,South Korea,XKRX,021240,021240.KS,DERIVED_RULE,021240.KS,DERIVED_RULE,CARRY_FORWARD,False,,,,,,,,False,False,False
WS:XKRX:022100,POSCO DX,KR_KOSPI200,South Korea,XKRX,022100,022100.KS,DERIVED_RULE,022100.KS,DERIVED_RULE,CARRY_FORWARD,False,,,,,,,,False,False,False
WS:XKRX:023530,Lotte Shopping,KR_KOSPI200,South Korea,XKRX,023530,023530.KS,DERIVED_RULE,023530.KS,DERIVED_RULE,CARRY_FORWARD,False,,,,,,,,False,False,False
WS:XKRX:024110,Industrial Bank of Korea,KR_KOSPI200,South Korea,XKRX,024110,024110.KS,DERIVED_RULE,024110.KS,DERIVED_RULE,CARRY_FORWARD,False,,,,,,,,False,False,False
WS:XKRX:026960,Dongsuh,KR_KOSPI200,South Korea,XKRX,026960,026960.KS,DERIVED_RULE,026960.KS,DERIVED_RULE,CARRY_FORWARD,False,,,,,,,,False,False,False
WS:XKRX:028050,Samsung E&A,KR_KOSPI200,South Korea,XKRX,028050,028050.KS,DERIVED_RULE,028050.KS,DERIVED_RULE,CARRY_FORWARD,False,,,,,,,,False,False,False
WS:XKRX:028260,Samsung C&T,KR_KOSPI200,South Korea,XKRX,028260,028260.KS,DERIVED_RULE,028260.KS,DERIVED_RULE,CARRY_FORWARD,False,,,,,,,,False,False,False
WS:XKRX:028670,Pan Ocean,KR_KOSPI200,South Korea,XKRX,028670,028670.KS,DERIVED_RULE,028670.KS,DERIVED_RULE,CARRY_FORWARD,False,,,,,,,,False,False,False
WS:XKRX:029780,Samsung Card,KR_KOSPI200,South Korea,XKRX,029780,029780.KS,DERIVED_RULE,029780.KS,DERIVED_RULE,CARRY_FORWARD,False,,,,,,,,False,False,False
WS:XKRX:030000,Cheil Worldwide,KR_KOSPI200,South Korea,XKRX,030000,030000.KS,DERIVED_RULE,030000.KS,DERIVED_RULE,CARRY_FORWARD,False,,,,,,,,False,False,False
WS:XKRX:030200,KT,KR_KOSPI200,South Korea,XKRX,030200,030200.KS,DERIVED_RULE,030200.KS,DERIVED_RULE,CARRY_FORWARD,False,,,,,,,,False,False,False
WS:XKRX:032640,LG Uplus,KR_KOSPI200,South Korea,XKRX,032640,032640.KS,DERIVED_RULE,032640.KS,DERIVED_RULE,CARRY_FORWARD,False,,,,,,,,False,False,False
WS:XKRX:032830,Samsung Life,KR_KOSPI200,South Korea,XKRX,032830,032830.KS,DERIVED_RULE,032830.KS,DERIVED_RULE,CARRY_FORWARD,False,,,,,,,,False,False,False
WS:XKRX:033780,KT&G,KR_KOSPI200,South Korea,XKRX,033780,033780.KS,DERIVED_RULE,033780.KS,DERIVED_RULE,CARRY_FORWARD,False,,,,,,,,False,False,False
WS:XKRX:034020,Doosan Enerbility,KR_KOSPI200,South Korea,XKRX,034020,034020.KS,DERIVED_RULE,034020.KS,DERIVED_RULE,CARRY_FORWARD,False,,,,,,,,False,False,False
WS:XKRX:034220,LG Display,KR_KOSPI200,South Korea,XKRX,034220,034220.KS,DERIVED_RULE,034220.KS,DERIVED_RULE,CARRY_FORWARD,False,,,,,,,,False,False,False
WS:XKRX:034230,Paradise,KR_KOSPI200,South Korea,XKRX,034230,034230.KS,DERIVED_RULE,034230.KS,DERIVED_RULE,CARRY_FORWARD,False,,,,,,,,False,False,False
WS:XKRX:034730,SK,KR_KOSPI200,South Korea,XKRX,034730,034730.KS,DERIVED_RULE,034730.KS,DERIVED_RULE,CARRY_FORWARD,False,,,,,,,,False,False,False
WS:XKRX:035250,Kangwon Land,KR_KOSPI200,South Korea,XKRX,035250,035250.KS,DERIVED_RULE,035250.KS,DERIVED_RULE,CARRY_FORWARD,False,,,,,,,,False,False,False
WS:XKRX:035420,Naver,KR_KOSPI200,South Korea,XKRX,035420,035420.KS,DERIVED_RULE,035420.KS,DERIVED_RULE,CARRY_FORWARD,False,,,,,,,,False,False,False
WS:XKRX:035720,Kakao,KR_KOSPI200,South Korea,XKRX,035720,035720.KS,DERIVED_RULE,035720.KS,DERIVED_RULE,CARRY_FORWARD,False,,,,,,,,False,False,False
WS:XKRX:036460,Korea Gas,KR_KOSPI200,South Korea,XKRX,036460,036460.KS,DERIVED_RULE,036460.KS,DERIVED_RULE,CARRY_FORWARD,False,,,,,,,,False,False,False
WS:XKRX:036570,NC,KR_KOSPI200,South Korea,XKRX,036570,036570.KS,DERIVED_RULE,036570.KS,DERIVED_RULE,CARRY_FORWARD,False,,,,,,,,False,False,False
WS:XKRX:039490,Kiwoom Securities,KR_KOSPI200,South Korea,XKRX,039490,039490.KS,DERIVED_RULE,039490.KS,DERIVED_RULE,CARRY_FORWARD,False,,,,,,,,False,False,False
WS:XKRX:042660,Hanwha Ocean,KR_KOSPI200,South Korea,XKRX,042660,042660.KS,DERIVED_RULE,042660.KS,DERIVED_RULE,CARRY_FORWARD,False,,,,,,,,False,False,False
WS:XKRX:042700,Hanmi Semiconductor,KR_KOSPI200,South Korea,XKRX,042700,042700.KS,DERIVED_RULE,042700.KS,DERIVED_RULE,CARRY_FORWARD,False,,,,,,,,False,False,False
WS:XKRX:047040,Daewoo E&C,KR_KOSPI200,South Korea,XKRX,047040,047040.KS,DERIVED_RULE,047040.KS,DERIVED_RULE,CARRY_FORWARD,False,,,,,,,,False,False,False
WS:XKRX:047050,POSCO International,KR_KOSPI200,South Korea,XKRX,047050,047050.KS,DERIVED_RULE,047050.KS,DERIVED_RULE,CARRY_FORWARD,False,,,,,,,,False,False,False
WS:XKRX:047810,Korea Aerospace,KR_KOSPI200,South Korea,XKRX,047810,047810.KS,DERIVED_RULE,047810.KS,DERIVED_RULE,CARRY_FORWARD,False,,,,,,,,False,False,False
WS:XKRX:051600,KEPCO KPS,KR_KOSPI200,South Korea,XKRX,051600,051600.KS,DERIVED_RULE,051600.KS,DERIVED_RULE,CARRY_FORWARD,False,,,,,,,,False,False,False
WS:XKRX:051900,LG H&H,KR_KOSPI200,South Korea,XKRX,051900,051900.KS,DERIVED_RULE,051900.KS,DERIVED_RULE,CARRY_FORWARD,False,,,,,,,,False,False,False
WS:XKRX:051910,LG Chem,KR_KOSPI200,South Korea,XKRX,051910,051910.KS,DERIVED_RULE,051910.KS,DERIVED_RULE,CARRY_FORWARD,False,,,,,,,,False,False,False
WS:XKRX:052690,KEPCO E&C,KR_KOSPI200,South Korea,XKRX,052690,052690.KS,DERIVED_RULE,052690.KS,DERIVED_RULE,CARRY_FORWARD,False,,,,,,,,False,False,False
WS:XKRX:055550,Shinhan Financial,KR_KOSPI200,South Korea,XKRX,055550,055550.KS,DERIVED_RULE,055550.KS,DERIVED_RULE,CARRY_FORWARD,False,,,,,,,,False,False,False
WS:XKRX:062040,Sanil Electric,KR_KOSPI200,South Korea,XKRX,062040,062040.KS,DERIVED_RULE,062040.KS,DERIVED_RULE,CARRY_FORWARD,False,,,,,,,,False,False,False
WS:XKRX:064350,Hyundai Rotem,KR_KOSPI200,South Korea,XKRX,064350,064350.KS,DERIVED_RULE,064350.KS,DERIVED_RULE,CARRY_FORWARD,False,,,,,,,,False,False,False
WS:XKRX:064400,LG CNS,KR_KOSPI200,South Korea,XKRX,064400,064400.KS,DERIVED_RULE,064400.KS,DERIVED_RULE,CARRY_FORWARD,False,,,,,,,,False,False,False
WS:XKRX:066570,LG Electronics,KR_KOSPI200,South Korea,XKRX,066570,066570.KS,DERIVED_RULE,066570.KS,DERIVED_RULE,CARRY_FORWARD,False,,,,,,,,False,False,False
WS:XKRX:066970,L&F,KR_KOSPI200,South Korea,XKRX,066970,066970.KS,DERIVED_RULE,066970.KS,DERIVED_RULE,CARRY_FORWARD,False,,,,,,,,False,False,False
WS:XKRX:068270,Celltrion,KR_KOSPI200,South Korea,XKRX,068270,068270.KS,DERIVED_RULE,068270.KS,DERIVED_RULE,CARRY_FORWARD,False,,,,,,,,False,False,False
WS:XKRX:069260,TKG Huchems,KR_KOSPI200,South Korea,XKRX,069260,069260.KS,DERIVED_RULE,069260.KS,DERIVED_RULE,CARRY_FORWARD,False,,,,,,,,False,False,False
WS:XKRX:069620,Daewoong Pharmaceutical,KR_KOSPI200,South Korea,XKRX,069620,069620.KS,DERIVED_RULE,069620.KS,DERIVED_RULE,CARRY_FORWARD,False,,,,,,,,False,False,False
WS:XKRX:069960,Hyundai Department Store,KR_KOSPI200,South Korea,XKRX,069960,069960.KS,DERIVED_RULE,069960.KS,DERIVED_RULE,CARRY_FORWARD,False,,,,,,,,False,False,False
WS:XKRX:071050,Korea Investment,KR_KOSPI200,South Korea,XKRX,071050,071050.KS,DERIVED_RULE,071050.KS,DERIVED_RULE,CARRY_FORWARD,False,,,,,,,,False,False,False
WS:XKRX:071320,Korea District Heating,KR_KOSPI200,South Korea,XKRX,071320,071320.KS,DERIVED_RULE,071320.KS,DERIVED_RULE,CARRY_FORWARD,False,,,,,,,,False,False,False
WS:XKRX:071970,HD Hyundai Marine Engine,KR_KOSPI200,South Korea,XKRX,071970,071970.KS,DERIVED_RULE,071970.KS,DERIVED_RULE,CARRY_FORWARD,False,,,,,,,,False,False,False
WS:XKRX:073240,Kumho Tire,KR_KOSPI200,South Korea,XKRX,073240,073240.KS,DERIVED_RULE,073240.KS,DERIVED_RULE,CARRY_FORWARD,False,,,,,,,,False,False,False
WS:XKRX:078930,GS,KR_KOSPI200,South Korea,XKRX,078930,078930.KS,DERIVED_RULE,078930.KS,DERIVED_RULE,CARRY_FORWARD,False,,,,,,,,False,False,False
WS:XKRX:079550,LIG Nex1,KR_KOSPI200,South Korea,XKRX,079550,079550.KS,DERIVED_RULE,079550.KS,DERIVED_RULE,CARRY_FORWARD,False,,,,,,,,False,False,False
WS:XKRX:081660,Misto,KR_KOSPI200,South Korea,XKRX,081660,081660.KS,DERIVED_RULE,081660.KS,DERIVED_RULE,CARRY_FORWARD,False,,,,,,,,False,False,False
WS:XKRX:082740,Hanwha Engine,KR_KOSPI200,South Korea,XKRX,082740,082740.KS,DERIVED_RULE,082740.KS,DERIVED_RULE,CARRY_FORWARD,False,,,,,,,,False,False,False
WS:XKRX:086280,Hyundai Glovis,KR_KOSPI200,South Korea,XKRX,086280,086280.KS,DERIVED_RULE,086280.KS,DERIVED_RULE,CARRY_FORWARD,False,,,,,,,,False,False,False
WS:XKRX:086790,Hana Financial,KR_KOSPI200,South Korea,XKRX,086790,086790.KS,DERIVED_RULE,086790.KS,DERIVED_RULE,CARRY_FORWARD,False,,,,,,,,False,False,False
WS:XKRX:088350,Hanwha Life,KR_KOSPI200,South Korea,XKRX,088350,088350.KS,DERIVED_RULE,088350.KS,DERIVED_RULE,CARRY_FORWARD,False,,,,,,,,False,False,False
WS:XKRX:090430,Amorepacific,KR_KOSPI200,South Korea,XKRX,090430,090430.KS,DERIVED_RULE,090430.KS,DERIVED_RULE,CARRY_FORWARD,False,,,,,,,,False,False,False
WS:XKRX:093370,Foosung,KR_KOSPI200,South Korea,XKRX,093370,093370.KS,DERIVED_RULE,093370.KS,DERIVED_RULE,CARRY_FORWARD,False,,,,,,,,False,False,False
WS:XKRX:096770,SK Innovation,KR_KOSPI200,South Korea,XKRX,096770,096770.KS,DERIVED_RULE,096770.KS,DERIVED_RULE,CARRY_FORWARD,False,,,,,,,,False,False,False
WS:XKRX:097950,CJ CheilJedang,KR_KOSPI200,South Korea,XKRX,097950,097950.KS,DERIVED_RULE,097950.KS,DERIVED_RULE,CARRY_FORWARD,False,,,,,,,,False,False,False
WS:XKRX:103140,Poongsan,KR_KOSPI200,South Korea,XKRX,103140,103140.KS,DERIVED_RULE,103140.KS,DERIVED_RULE,CARRY_FORWARD,False,,,,,,,,False,False,False
WS:XKRX:105560,KB Financial,KR_KOSPI200,South Korea,XKRX,105560,105560.KS,DERIVED_RULE,105560.KS,DERIVED_RULE,CARRY_FORWARD,False,,,,,,,,False,False,False
WS:XKRX:111770,Youngone,KR_KOSPI200,South Korea,XKRX,111770,111770.KS,DERIVED_RULE,111770.KS,DERIVED_RULE,CARRY_FORWARD,False,,,,,,,,False,False,False
WS:XKRX:112610,CS Wind,KR_KOSPI200,South Korea,XKRX,112610,112610.KS,DERIVED_RULE,112610.KS,DERIVED_RULE,CARRY_FORWARD,False,,,,,,,,False,False,False
WS:XKRX:120110,Kolon Industries,KR_KOSPI200,South Korea,XKRX,120110,120110.KS,DERIVED_RULE,120110.KS,DERIVED_RULE,CARRY_FORWARD,False,,,,,,,,False,False,False
WS:XKRX:128940,Hanmi Pharm,KR_KOSPI200,South Korea,XKRX,128940,128940.KS,DERIVED_RULE,128940.KS,DERIVED_RULE,CARRY_FORWARD,False,,,,,,,,False,False,False
WS:XKRX:137310,SD Biosensor,KR_KOSPI200,South Korea,XKRX,137310,137310.KS,DERIVED_RULE,137310.KS,DERIVED_RULE,CARRY_FORWARD,False,,,,,,,,False,False,False
WS:XKRX:138040,Meritz Financial,KR_KOSPI200,South Korea,XKRX,138040,138040.KS,DERIVED_RULE,138040.KS,DERIVED_RULE,CARRY_FORWARD,False,,,,,,,,False,False,False
WS:XKRX:138930,BNK Financial,KR_KOSPI200,South Korea,XKRX,138930,138930.KS,DERIVED_RULE,138930.KS,DERIVED_RULE,CARRY_FORWARD,False,,,,,,,,False,False,False
WS:XKRX:139130,IM Financial,KR_KOSPI200,South Korea,XKRX,139130,139130.KS,DERIVED_RULE,139130.KS,DERIVED_RULE,CARRY_FORWARD,False,,,,,,,,False,False,False
WS:XKRX:139480,Emart,KR_KOSPI200,South Korea,XKRX,139480,139480.KS,DERIVED_RULE,139480.KS,DERIVED_RULE,CARRY_FORWARD,False,,,,,,,,False,False,False
WS:XKRX:161390,Hankook,KR_KOSPI200,South Korea,XKRX,161390,161390.KS,DERIVED_RULE,161390.KS,DERIVED_RULE,CARRY_FORWARD,False,,,,,,,,False,False,False
WS:XKRX:161890,Kolmar Korea,KR_KOSPI200,South Korea,XKRX,161890,161890.KS,DERIVED_RULE,161890.KS,DERIVED_RULE,CARRY_FORWARD,False,,,,,,,,False,False,False
WS:XKRX:175330,JB Financial,KR_KOSPI200,South Korea,XKRX,175330,175330.KS,DERIVED_RULE,175330.KS,DERIVED_RULE,CARRY_FORWARD,False,,,,,,,,False,False,False
WS:XKRX:180640,Hanjin KAL,KR_KOSPI200,South Korea,XKRX,180640,180640.KS,DERIVED_RULE,180640.KS,DERIVED_RULE,CARRY_FORWARD,False,,,,,,,,False,False,False
WS:XKRX:185750,Chong Kun Dang,KR_KOSPI200,South Korea,XKRX,185750,185750.KS,DERIVED_RULE,185750.KS,DERIVED_RULE,CARRY_FORWARD,False,,,,,,,,False,False,False
WS:XKRX:192080,DoubleU Games,KR_KOSPI200,South Korea,XKRX,192080,192080.KS,DERIVED_RULE,192080.KS,DERIVED_RULE,CARRY_FORWARD,False,,,,,,,,False,False,False
WS:XKRX:192820,Cosmax,KR_KOSPI200,South Korea,XKRX,192820,192820.KS,DERIVED_RULE,192820.KS,DERIVED_RULE,CARRY_FORWARD,False,,,,,,,,False,False,False
WS:XKRX:204320,HL Mando,KR_KOSPI200,South Korea,XKRX,204320,204320.KS,DERIVED_RULE,204320.KS,DERIVED_RULE,CARRY_FORWARD,False,,,,,,,,False,False,False
WS:XKRX:207940,Samsung Biologics,KR_KOSPI200,South Korea,XKRX,207940,207940.KS,DERIVED_RULE,207940.KS,DERIVED_RULE,CARRY_FORWARD,False,,,,,,,,False,False,False
WS:XKRX:241560,Doosan Bobcat,KR_KOSPI200,South Korea,XKRX,241560,241560.KS,DERIVED_RULE,241560.KS,DERIVED_RULE,CARRY_FORWARD,False,,,,,,,,False,False,False
WS:XKRX:251270,Netmarble,KR_KOSPI200,South Korea,XKRX,251270,251270.KS,DERIVED_RULE,251270.KS,DERIVED_RULE,CARRY_FORWARD,False,,,,,,,,False,False,False
WS:XKRX:259960,Krafton,KR_KOSPI200,South Korea,XKRX,259960,259960.KS,DERIVED_RULE,259960.KS,DERIVED_RULE,CARRY_FORWARD,False,,,,,,,,False,False,False
WS:XKRX:267250,HD Hyundai,KR_KOSPI200,South Korea,XKRX,267250,267250.KS,DERIVED_RULE,267250.KS,DERIVED_RULE,CARRY_FORWARD,False,,,,,,,,False,False,False
WS:XKRX:267260,HD Hyundai Electric,KR_KOSPI200,South Korea,XKRX,267260,267260.KS,DERIVED_RULE,267260.KS,DERIVED_RULE,CARRY_FORWARD,False,,,,,,,,False,False,False
WS:XKRX:267270,HD Construction Equipment,KR_KOSPI200,South Korea,XKRX,267270,267270.KS,DERIVED_RULE,267270.KS,DERIVED_RULE,CARRY_FORWARD,False,,,,,,,,False,False,False
WS:XKRX:268280,Miwon Specialty Chemical,KR_KOSPI200,South Korea,XKRX,268280,268280.KS,DERIVED_RULE,268280.KS,DERIVED_RULE,CARRY_FORWARD,False,,,,,,,,False,False,False
WS:XKRX:271560,Orion,KR_KOSPI200,South Korea,XKRX,271560,271560.KS,DERIVED_RULE,271560.KS,DERIVED_RULE,CARRY_FORWARD,False,,,,,,,,False,False,False
WS:XKRX:272210,Hanwha Systems,KR_KOSPI200,South Korea,XKRX,272210,272210.KS,DERIVED_RULE,272210.KS,DERIVED_RULE,CARRY_FORWARD,False,,,,,,,,False,False,False
WS:XKRX:278470,APR,KR_KOSPI200,South Korea,XKRX,278470,278470.KS,DERIVED_RULE,278470.KS,DERIVED_RULE,CARRY_FORWARD,False,,,,,,,,False,False,False
WS:XKRX:280360,Lotte Wellfood,KR_KOSPI200,South Korea,XKRX,280360,280360.KS,DERIVED_RULE,280360.KS,DERIVED_RULE,CARRY_FORWARD,False,,,,,,,,False,False,False
WS:XKRX:282330,BGF Retail,KR_KOSPI200,South Korea,XKRX,282330,282330.KS,DERIVED_RULE,282330.KS,DERIVED_RULE,CARRY_FORWARD,False,,,,,,,,False,False,False
WS:XKRX:285130,SK Chemicals,KR_KOSPI200,South Korea,XKRX,285130,285130.KS,DERIVED_RULE,285130.KS,DERIVED_RULE,CARRY_FORWARD,False,,,,,,,,False,False,False
WS:XKRX:298020,Hyosung TNC,KR_KOSPI200,South Korea,XKRX,298020,298020.KS,DERIVED_RULE,298020.KS,DERIVED_RULE,CARRY_FORWARD,False,,,,,,,,False,False,False
WS:XKRX:298040,Hyosung Heavy Industries,KR_KOSPI200,South Korea,XKRX,298040,298040.KS,DERIVED_RULE,298040.KS,DERIVED_RULE,CARRY_FORWARD,False,,,,,,,,False,False,False
WS:XKRX:298050,HS Hyosung Advanced Materials,KR_KOSPI200,South Korea,XKRX,298050,298050.KS,DERIVED_RULE,298050.KS,DERIVED_RULE,CARRY_FORWARD,False,,,,,,,,False,False,False
WS:XKRX:300720,Hanil Cement,KR_KOSPI200,South Korea,XKRX,300720,300720.KS,DERIVED_RULE,300720.KS,DERIVED_RULE,CARRY_FORWARD,False,,,,,,,,False,False,False
WS:XKRX:302440,SK Bioscience,KR_KOSPI200,South Korea,XKRX,302440,302440.KS,DERIVED_RULE,302440.KS,DERIVED_RULE,CARRY_FORWARD,False,,,,,,,,False,False,False
WS:XKRX:307950,Hyundai AutoEver,KR_KOSPI200,South Korea,XKRX,307950,307950.KS,DERIVED_RULE,307950.KS,DERIVED_RULE,CARRY_FORWARD,False,,,,,,,,False,False,False
WS:XKRX:316140,Woori Financial,KR_KOSPI200,South Korea,XKRX,316140,316140.KS,DERIVED_RULE,316140.KS,DERIVED_RULE,CARRY_FORWARD,False,,,,,,,,False,False,False
WS:XKRX:323410,KakaoBank,KR_KOSPI200,South Korea,XKRX,323410,323410.KS,DERIVED_RULE,323410.KS,DERIVED_RULE,CARRY_FORWARD,False,,,,,,,,False,False,False
WS:XKRX:326030,SK Biopharm,KR_KOSPI200,South Korea,XKRX,326030,326030.KS,DERIVED_RULE,326030.KS,DERIVED_RULE,CARRY_FORWARD,False,,,,,,,,False,False,False
WS:XKRX:329180,HD Hyundai Heavy Industries,KR_KOSPI200,South Korea,XKRX,329180,329180.KS,DERIVED_RULE,329180.KS,DERIVED_RULE,CARRY_FORWARD,False,,,,,,,,False,False,False
WS:XKRX:352820,Hybe,KR_KOSPI200,South Korea,XKRX,352820,352820.KS,DERIVED_RULE,352820.KS,DERIVED_RULE,CARRY_FORWARD,False,,,,,,,,False,False,False
WS:XKRX:361610,SK IE Technology,KR_KOSPI200,South Korea,XKRX,361610,361610.KS,DERIVED_RULE,361610.KS,DERIVED_RULE,CARRY_FORWARD,False,,,,,,,,False,False,False
WS:XKRX:373220,LG Energy Solution,KR_KOSPI200,South Korea,XKRX,373220,373220.KS,DERIVED_RULE,373220.KS,DERIVED_RULE,CARRY_FORWARD,False,,,,,,,,False,False,False
WS:XKRX:375500,DL E&C,KR_KOSPI200,South Korea,XKRX,375500,375500.KS,DERIVED_RULE,375500.KS,DERIVED_RULE,CARRY_FORWARD,False,,,,,,,,False,False,False
WS:XKRX:377300,KakaoPay,KR_KOSPI200,South Korea,XKRX,377300,377300.KS,DERIVED_RULE,377300.KS,DERIVED_RULE,CARRY_FORWARD,False,,,,,,,,False,False,False
WS:XKRX:383220,F&F,KR_KOSPI200,South Korea,XKRX,383220,383220.KS,DERIVED_RULE,383220.KS,DERIVED_RULE,CARRY_FORWARD,False,,,,,,,,False,False,False
WS:XKRX:402340,SK Square,KR_KOSPI200,South Korea,XKRX,402340,402340.KS,DERIVED_RULE,402340.KS,DERIVED_RULE,CARRY_FORWARD,False,,,,,,,,False,False,False
WS:XKRX:443060,HD Hyundai Marine Solution,KR_KOSPI200,South Korea,XKRX,443060,443060.KS,DERIVED_RULE,443060.KS,DERIVED_RULE,CARRY_FORWARD,False,,,,,,,,False,False,False
WS:XKRX:450080,Ecopro Materials,KR_KOSPI200,South Korea,XKRX,450080,450080.KS,DERIVED_RULE,450080.KS,DERIVED_RULE,CARRY_FORWARD,False,,,,,,,,False,False,False
WS:XKRX:454910,Doosan Robotics,KR_KOSPI200,South Korea,XKRX,454910,454910.KS,DERIVED_RULE,454910.KS,DERIVED_RULE,CARRY_FORWARD,False,,,,,,,,False,False,False
WS:XKRX:456040,OCI,KR_KOSPI200,South Korea,XKRX,456040,456040.KS,DERIVED_RULE,456040.KS,DERIVED_RULE,CARRY_FORWARD,False,,,,,,,,False,False,False
WS:XKRX:457190,Isu Specialty Chemical,KR_KOSPI200,South Korea,XKRX,457190,457190.KS,DERIVED_RULE,457190.KS,DERIVED_RULE,CARRY_FORWARD,False,,,,,,,,False,False,False
WS:XKRX:483650,d'Alba Global,KR_KOSPI200,South Korea,XKRX,483650,483650.KS,DERIVED_RULE,483650.KS,DERIVED_RULE,CARRY_FORWARD,False,,,,,,,,False,False,False
WS:XMEX:AC,Arca Continental,MX_IPC,Mexico,XMEX,AC,AC.MX,DERIVED_RULE,AC.MX,DERIVED_RULE,CARRY_FORWARD,False,,,,,,,,False,False,False
WS:XMEX:ALFAA,ALFA,MX_IPC,Mexico,XMEX,ALFA A,,SEARCH_AMBIGUOUS,,SEARCH_AMBIGUOUS,CARRY_FORWARD,False,MX_REVIEW_REQUIRED,,,,,,,True,False,True
WS:XMEX:ALSEA,Alsea,MX_IPC,Mexico,XMEX,ALSEA,ALSEA.MX,DERIVED_RULE,ALSEA.MX,DERIVED_RULE,CARRY_FORWARD,False,,,,,,,,False,False,False
WS:XMEX:AMXB,América Móvil,MX_IPC,Mexico,XMEX,AMXB,AMXB.MX,DERIVED_RULE,AMXB.MX,DERIVED_RULE,CARRY_FORWARD,False,,,,,,,,False,False,False
WS:XMEX:ASURB,Grupo Aeroportuario del Sureste,MX_IPC,Mexico,XMEX,ASUR B,ASURB.MX,SEARCH_HIGH_CONFIDENCE,ASURB.MX,MARKET_RULE_VERIFIED_MX,MX_SPACE_CLASS_NORMALIZATION,True,EXACT_SYMBOL_VERIFIED,"Grupo Aeroportuario del Sureste, S. A. B. de C. V.",MEX,0.826667,,,,False,False,False
WS:XMEX:BBAJIOO,Banco del Bajío,MX_IPC,Mexico,XMEX,BBAJIO O,,SEARCH_NO_QUOTES,BBAJIOO.MX,MARKET_RULE_VERIFIED_MX,MX_SPACE_CLASS_NORMALIZATION,True,EXACT_SYMBOL_VERIFIED,"Banco del Bajío, S.A., Institución de Banca Múltiple",MEX,0.633333,,,,False,False,False
WS:XMEX:BIMBOA,Grupo Bimbo,MX_IPC,Mexico,XMEX,BIMBO A,,SEARCH_AMBIGUOUS,BIMBOA.MX,MARKET_RULE_VERIFIED_MX,MX_SPACE_CLASS_NORMALIZATION,True,EXACT_SYMBOL_VERIFIED,"Grupo Bimbo, S.A.B. de C.V.",MEX,0.628571,,,,False,False,False
WS:XMEX:BOLSAA,Bolsa Mexicana de Valores,MX_IPC,Mexico,XMEX,BOLSA A,,SEARCH_AMBIGUOUS,BOLSAA.MX,MARKET_RULE_VERIFIED_MX,MX_SPACE_CLASS_NORMALIZATION,True,EXACT_SYMBOL_VERIFIED,"Bolsa Mexicana de Valores, S.A.B. de C.V.",MEX,0.793651,,,,False,False,False
WS:XMEX:CEMEXCPO,Cemex,MX_IPC,Mexico,XMEX,CEMEX CPO,,SEARCH_AMBIGUOUS,CEMEXCPO.MX,MARKET_RULE_VERIFIED_MX,MX_SPACE_CLASS_NORMALIZATION,True,EXACT_SYMBOL_VERIFIED,"CEMEX, S.A.B. de C.V.",MEX,0.528571,,,,False,False,False
WS:XMEX:CUERVO,Becle,MX_IPC,Mexico,XMEX,CUERVO,CUERVO.MX,DERIVED_RULE,CUERVO.MX,DERIVED_RULE,CARRY_FORWARD,False,,,,,,,,False,False,False
WS:XMEX:ELEKTRA,Grupo Elektra,MX_IPC,Mexico,XMEX,ELEKTRA,ELEKTRA.MX,DERIVED_RULE,ELEKTRA.MX,DERIVED_RULE,CARRY_FORWARD,False,,,,,,,,False,False,False
WS:XMEX:FEMSAUBD,FEMSA,MX_IPC,Mexico,XMEX,FEMSA UBD,,SEARCH_AMBIGUOUS,,SEARCH_AMBIGUOUS,CARRY_FORWARD,False,MX_REVIEW_REQUIRED,,,,,,,True,False,True
WS:XMEX:GAPB,Grupo Aeroportuario del Pacífico,MX_IPC,Mexico,XMEX,GAP B,,SEARCH_NO_QUOTES,GAPB.MX,MARKET_RULE_VERIFIED_MX,MX_SPACE_CLASS_NORMALIZATION,True,EXACT_SYMBOL_VERIFIED,"Grupo Aeroportuario del Pacífico, S.A.B. de C.V.",MEX,0.831169,,,,False,False,False
WS:XMEX:GCARSOA1,Grupo Carso,MX_IPC,Mexico,XMEX,GCARSO A1,,SEARCH_AMBIGUOUS,GCARSOA1.MX,MARKET_RULE_VERIFIED_MX,MX_SPACE_CLASS_NORMALIZATION,True,EXACT_SYMBOL_VERIFIED,"Grupo Carso, S.A.B. de C.V.",MEX,0.628571,,,,False,False,False
WS:XMEX:GCC,Grupo Cementos de Chihuahua,MX_IPC,Mexico,XMEX,GCC,GCC.MX,DERIVED_RULE,GCC.MX,DERIVED_RULE,CARRY_FORWARD,False,,,,,,,,False,False,False
WS:XMEX:GFINBURO,Inbursa,MX_IPC,Mexico,XMEX,GFINBUR O,,SEARCH_AMBIGUOUS,,SEARCH_AMBIGUOUS,CARRY_FORWARD,False,MX_REVIEW_REQUIRED,,,,,,,True,False,True
WS:XMEX:GFNORTEO,Banorte,MX_IPC,Mexico,XMEX,GFNORTE O,,SEARCH_AMBIGUOUS,,SEARCH_AMBIGUOUS,CARRY_FORWARD,False,MX_REVIEW_REQUIRED,,,,,,,True,False,True
WS:XMEX:GMEXICOB,Grupo México,MX_IPC,Mexico,XMEX,GMEXICO B,,SEARCH_NO_QUOTES,GMEXICOB.MX,MARKET_RULE_VERIFIED_MX,MX_SPACE_CLASS_NORMALIZATION,True,EXACT_SYMBOL_VERIFIED,"Grupo México, S.A.B. de C.V.",MEX,0.648649,,,,False,False,False
WS:XMEX:GRUMAB,Gruma,MX_IPC,Mexico,XMEX,GRUMA B,,SEARCH_AMBIGUOUS,GRUMAB.MX,MARKET_RULE_VERIFIED_MX,MX_SPACE_CLASS_NORMALIZATION,True,EXACT_SYMBOL_VERIFIED,"Gruma, S.A.B. de C.V.",MEX,0.528571,,,,False,False,False
WS:XMEX:KIMBERA,Kimberly-Clark de México,MX_IPC,Mexico,XMEX,KIMBER A,,SEARCH_NO_QUOTES,KIMBERA.MX,MARKET_RULE_VERIFIED_MX,MX_SPACE_CLASS_NORMALIZATION,True,EXACT_SYMBOL_VERIFIED,"Kimberly-Clark de México, S. A. B. de C. V.",MEX,0.786885,,,,False,False,False
WS:XMEX:KOFUBL,Coca-Cola FEMSA,MX_IPC,Mexico,XMEX,KOFUBL,KOFUBL.MX,DERIVED_RULE,KOFUBL.MX,DERIVED_RULE,CARRY_FORWARD,False,,,,,,,,False,False,False
WS:XMEX:LABB,Genomma Lab Internacional,MX_IPC,Mexico,XMEX,LAB B,,SEARCH_AMBIGUOUS,LABB.MX,MARKET_RULE_VERIFIED_MX,MX_SPACE_CLASS_NORMALIZATION,True,EXACT_SYMBOL_VERIFIED,"Genomma Lab Internacional, S.A.B. de C.V.",MEX,0.793651,,,,False,False,False
WS:XMEX:LIVEPOLC-1,El Puerto de Liverpool,MX_IPC,Mexico,XMEX,LIVEPOL C-1,,SEARCH_AMBIGUOUS,LIVEPOLC-1.MX,MARKET_RULE_VERIFIED_MX,MX_SPACE_CLASS_NORMALIZATION,True,EXACT_SYMBOL_VERIFIED,"El Puerto de Liverpool, S.A.B. de C.V.",MEX,0.77193,,,,False,False,False
WS:XMEX:MEGACPO,Megacable,MX_IPC,Mexico,XMEX,MEGA CPO,,SEARCH_AMBIGUOUS,,SEARCH_AMBIGUOUS,CARRY_FORWARD,False,MX_REVIEW_REQUIRED,,,,,,,True,False,True
WS:XMEX:OMAB,Grupo Aeroportuario Centro Norte,MX_IPC,Mexico,XMEX,OMA B,,SEARCH_AMBIGUOUS,OMAB.MX,MARKET_RULE_VERIFIED_MX,MX_SPACE_CLASS_NORMALIZATION,True,EXACT_SYMBOL_VERIFIED,"Grupo Aeroportuario del Centro Norte, S.A.B. de C.V.",MEX,0.790123,,,,False,False,False
WS:XMEX:ORBIA,Orbia,MX_IPC,Mexico,XMEX,ORBIA,ORBIA.MX,DERIVED_RULE,ORBIA.MX,DERIVED_RULE,CARRY_FORWARD,False,,,,,,,,False,False,False
WS:XMEX:PE&OLES,Peñoles,MX_IPC,Mexico,XMEX,PE&OLES,PE&OLES.MX,DERIVED_RULE,PE&OLES.MX,DERIVED_RULE,CARRY_FORWARD,False,,,,,,,,False,False,False
WS:XMEX:PINFRA,Pinfra,MX_IPC,Mexico,XMEX,PINFRA,PINFRA.MX,DERIVED_RULE,PINFRA.MX,DERIVED_RULE,CARRY_FORWARD,False,,,,,,,,False,False,False
WS:XMEX:Q,Quálitas,MX_IPC,Mexico,XMEX,Q,Q.MX,DERIVED_RULE,Q.MX,DERIVED_RULE,CARRY_FORWARD,False,,,,,,,,False,False,False
WS:XMEX:RA,Regional,MX_IPC,Mexico,XMEX,R A,,SEARCH_AMBIGUOUS,RA.MX,MARKET_RULE_VERIFIED_MX,MX_SPACE_CLASS_NORMALIZATION,True,EXACT_SYMBOL_VERIFIED,Regional S.A.B. de C.V.,MEX,0.551724,,,,False,False,False
WS:XMEX:TLEVISACPO,Televisa,MX_IPC,Mexico,XMEX,TLEVISA CPO,,SEARCH_AMBIGUOUS,TLEVISACPO.MX,MARKET_RULE_VERIFIED_MX,MX_SPACE_CLASS_NORMALIZATION,True,EXACT_SYMBOL_VERIFIED,"Grupo Televisa, S.A.B.",MEX,0.571429,,,,False,False,False
WS:XMEX:VESTA,Corporación Inmobiliaria Vesta,MX_IPC,Mexico,XMEX,VESTA,VESTA.MX,DERIVED_RULE,VESTA.MX,DERIVED_RULE,CARRY_FORWARD,False,,,,,,,,False,False,False
WS:XMEX:VOLARA,Volaris,MX_IPC,Mexico,XMEX,VOLAR A,,SEARCH_NO_QUOTES,,SEARCH_NO_QUOTES,CARRY_FORWARD,False,MX_REVIEW_REQUIRED,,,,,,,True,False,True
WS:XMEX:WALMEX,Walmart de México y Centroamérica,MX_IPC,Mexico,XMEX,WALMEX,WALMEX.MX,DERIVED_RULE,WALMEX.MX,DERIVED_RULE,CARRY_FORWARD,False,,,,,,,,False,False,False
WS:XNZE:AIA,Auckland International Airport Limited,NZ_NZX50,New Zealand,XNZE,AIA,AIA.NZ,DERIVED_RULE,AIA.NZ,DERIVED_RULE,CARRY_FORWARD,False,,,,,,,,False,False,False
WS:XNZE:AIR,Air New Zealand Limited,NZ_NZX50,New Zealand,XNZE,AIR,AIR.NZ,DERIVED_RULE,AIR.NZ,DERIVED_RULE,CARRY_FORWARD,False,,,,,,,,False,False,False
WS:XNZE:ANZ,ANZ Group Holdings Limited,NZ_NZX50,New Zealand,XNZE,ANZ,ANZ.NZ,DERIVED_RULE,ANZ.NZ,DERIVED_RULE,CARRY_FORWARD,False,,,,,,,,False,False,False
WS:XNZE:ARG,Argosy Property Limited,NZ_NZX50,New Zealand,XNZE,ARG,ARG.NZ,DERIVED_RULE,ARG.NZ,DERIVED_RULE,CARRY_FORWARD,False,,,,,,,,False,False,False
WS:XNZE:ARV,Arvida Group Limited,NZ_NZX50,New Zealand,XNZE,ARV,ARV.NZ,DERIVED_RULE,ARV.NZ,DERIVED_RULE,CARRY_FORWARD,False,,,,,,,,False,False,False
WS:XNZE:ATM,The a2 Milk Company Limited,NZ_NZX50,New Zealand,XNZE,ATM,ATM.NZ,DERIVED_RULE,ATM.NZ,DERIVED_RULE,CARRY_FORWARD,False,,,,,,,,False,False,False
WS:XNZE:CEN,Contact Energy Limited,NZ_NZX50,New Zealand,XNZE,CEN,CEN.NZ,DERIVED_RULE,CEN.NZ,DERIVED_RULE,CARRY_FORWARD,False,,,,,,,,False,False,False
WS:XNZE:CHI,Channel Infrastructure NZ Limited,NZ_NZX50,New Zealand,XNZE,CHI,CHI.NZ,DERIVED_RULE,CHI.NZ,DERIVED_RULE,CARRY_FORWARD,False,,,,,,,,False,False,False
WS:XNZE:CNU,Chorus Limited,NZ_NZX50,New Zealand,XNZE,CNU,CNU.NZ,DERIVED_RULE,CNU.NZ,DERIVED_RULE,CARRY_FORWARD,False,,,,,,,,False,False,False
WS:XNZE:EBO,EBOS Group Limited,NZ_NZX50,New Zealand,XNZE,EBO,EBO.NZ,DERIVED_RULE,EBO.NZ,DERIVED_RULE,CARRY_FORWARD,False,,,,,,,,False,False,False
WS:XNZE:FBU,Fletcher Building Limited,NZ_NZX50,New Zealand,XNZE,FBU,FBU.NZ,DERIVED_RULE,FBU.NZ,DERIVED_RULE,CARRY_FORWARD,False,,,,,,,,False,False,False
WS:XNZE:FPH,Fisher & Paykel Healthcare Corporation Limited,NZ_NZX50,New Zealand,XNZE,FPH,FPH.NZ,DERIVED_RULE,FPH.NZ,DERIVED_RULE,CARRY_FORWARD,False,,,,,,,,False,False,False
WS:XNZE:FRW,Freightways Group Limited,NZ_NZX50,New Zealand,XNZE,FRW,FRW.NZ,DERIVED_RULE,FRW.NZ,DERIVED_RULE,CARRY_FORWARD,False,,,,,,,,False,False,False
WS:XNZE:FSF,Fonterra Shareholders' Fund,NZ_NZX50,New Zealand,XNZE,FSF,FSF.NZ,DERIVED_RULE,FSF.NZ,DERIVED_RULE,CARRY_FORWARD,False,,,,,,,,False,False,False
WS:XNZE:GMT,Goodman Property Trust,NZ_NZX50,New Zealand,XNZE,GMT,GMT.NZ,DERIVED_RULE,GMT.NZ,DERIVED_RULE,CARRY_FORWARD,False,,,,,,,,False,False,False
WS:XNZE:GNE,Genesis Energy Limited,NZ_NZX50,New Zealand,XNZE,GNE,GNE.NZ,DERIVED_RULE,GNE.NZ,DERIVED_RULE,CARRY_FORWARD,False,,,,,,,,False,False,False
WS:XNZE:GTK,Gentrack Group Limited,NZ_NZX50,New Zealand,XNZE,GTK,GTK.NZ,DERIVED_RULE,GTK.NZ,DERIVED_RULE,CARRY_FORWARD,False,,,,,,,,False,False,False
WS:XNZE:HGH,Heartland Group Holdings Limited,NZ_NZX50,New Zealand,XNZE,HGH,HGH.NZ,DERIVED_RULE,HGH.NZ,DERIVED_RULE,CARRY_FORWARD,False,,,,,,,,False,False,False
WS:XNZE:HLG,Hallenstein Glasson Holdings Limited,NZ_NZX50,New Zealand,XNZE,HLG,HLG.NZ,DERIVED_RULE,HLG.NZ,DERIVED_RULE,CARRY_FORWARD,False,,,,,,,,False,False,False
WS:XNZE:IFT,Infratil Limited,NZ_NZX50,New Zealand,XNZE,IFT,IFT.NZ,DERIVED_RULE,IFT.NZ,DERIVED_RULE,CARRY_FORWARD,False,,,,,,,,False,False,False
WS:XNZE:IPL,Investore Property Limited,NZ_NZX50,New Zealand,XNZE,IPL,IPL.NZ,DERIVED_RULE,IPL.NZ,DERIVED_RULE,CARRY_FORWARD,False,,,,,,,,False,False,False
WS:XNZE:KMD,KMD Brands Limited,NZ_NZX50,New Zealand,XNZE,KMD,KMD.NZ,DERIVED_RULE,KMD.NZ,DERIVED_RULE,CARRY_FORWARD,False,,,,,,,,False,False,False
WS:XNZE:KPG,Kiwi Property Group Limited,NZ_NZX50,New Zealand,XNZE,KPG,KPG.NZ,DERIVED_RULE,KPG.NZ,DERIVED_RULE,CARRY_FORWARD,False,,,,,,,,False,False,False
WS:XNZE:MCY,Mercury NZ Limited,NZ_NZX50,New Zealand,XNZE,MCY,MCY.NZ,DERIVED_RULE,MCY.NZ,DERIVED_RULE,CARRY_FORWARD,False,,,,,,,,False,False,False
WS:XNZE:MEL,Meridian Energy Limited,NZ_NZX50,New Zealand,XNZE,MEL,MEL.NZ,DERIVED_RULE,MEL.NZ,DERIVED_RULE,CARRY_FORWARD,False,,,,,,,,False,False,False
WS:XNZE:MFT,Mainfreight Limited,NZ_NZX50,New Zealand,XNZE,MFT,MFT.NZ,DERIVED_RULE,MFT.NZ,DERIVED_RULE,CARRY_FORWARD,False,,,,,,,,False,False,False
WS:XNZE:MNW,Manawa Energy Limited,NZ_NZX50,New Zealand,XNZE,MNW,MNW.NZ,DERIVED_RULE,MNW.NZ,DERIVED_RULE,CARRY_FORWARD,False,,,,,,,,False,False,False
WS:XNZE:NZX,NZX Limited,NZ_NZX50,New Zealand,XNZE,NZX,NZX.NZ,DERIVED_RULE,NZX.NZ,DERIVED_RULE,CARRY_FORWARD,False,,,,,,,,False,False,False
WS:XNZE:OCA,Oceania Healthcare Limited,NZ_NZX50,New Zealand,XNZE,OCA,OCA.NZ,DERIVED_RULE,OCA.NZ,DERIVED_RULE,CARRY_FORWARD,False,,,,,,,,False,False,False
WS:XNZE:PCT,Precinct Properties NZ & Precinct Properties Investments Ltd,NZ_NZX50,New Zealand,XNZE,PCT,PCT.NZ,DERIVED_RULE,PCT.NZ,DERIVED_RULE,CARRY_FORWARD,False,,,,,,,,False,False,False
WS:XNZE:PFI,Property for Industry Limited,NZ_NZX50,New Zealand,XNZE,PFI,PFI.NZ,DERIVED_RULE,PFI.NZ,DERIVED_RULE,CARRY_FORWARD,False,,,,,,,,False,False,False
WS:XNZE:POT,Port of Tauranga Limited,NZ_NZX50,New Zealand,XNZE,POT,POT.NZ,DERIVED_RULE,POT.NZ,DERIVED_RULE,CARRY_FORWARD,False,,,,,,,,False,False,False
WS:XNZE:RYM,Ryman Healthcare Limited,NZ_NZX50,New Zealand,XNZE,RYM,RYM.NZ,DERIVED_RULE,RYM.NZ,DERIVED_RULE,CARRY_FORWARD,False,,,,,,,,False,False,False
WS:XNZE:SAN,Sanford Limited,NZ_NZX50,New Zealand,XNZE,SAN,SAN.NZ,DERIVED_RULE,SAN.NZ,DERIVED_RULE,CARRY_FORWARD,False,,,,,,,,False,False,False
WS:XNZE:SCL,Scales Corporation Limited,NZ_NZX50,New Zealand,XNZE,SCL,SCL.NZ,DERIVED_RULE,SCL.NZ,DERIVED_RULE,CARRY_FORWARD,False,,,,,,,,False,False,False
WS:XNZE:SKC,SkyCity Entertainment Group Limited,NZ_NZX50,New Zealand,XNZE,SKC,SKC.NZ,DERIVED_RULE,SKC.NZ,DERIVED_RULE,CARRY_FORWARD,False,,,,,,,,False,False,False
WS:XNZE:SKL,Skellerup Holdings Limited,NZ_NZX50,New Zealand,XNZE,SKL,SKL.NZ,DERIVED_RULE,SKL.NZ,DERIVED_RULE,CARRY_FORWARD,False,,,,,,,,False,False,False
WS:XNZE:SKO,Serko Limited,NZ_NZX50,New Zealand,XNZE,SKO,SKO.NZ,DERIVED_RULE,SKO.NZ,DERIVED_RULE,CARRY_FORWARD,False,,,,,,,,False,False,False
WS:XNZE:SKT,Sky Network Television Limited,NZ_NZX50,New Zealand,XNZE,SKT,SKT.NZ,DERIVED_RULE,SKT.NZ,DERIVED_RULE,CARRY_FORWARD,False,,,,,,,,False,False,False
WS:XNZE:SPG,Stride Property Ltd & Stride Investment Management Ltd,NZ_NZX50,New Zealand,XNZE,SPG,SPG.NZ,DERIVED_RULE,SPG.NZ,DERIVED_RULE,CARRY_FORWARD,False,,,,,,,,False,False,False
WS:XNZE:SPK,Spark New Zealand Limited,NZ_NZX50,New Zealand,XNZE,SPK,SPK.NZ,DERIVED_RULE,SPK.NZ,DERIVED_RULE,CARRY_FORWARD,False,,,,,,,,False,False,False
WS:XNZE:SUM,Summerset Group Holdings Limited,NZ_NZX50,New Zealand,XNZE,SUM,SUM.NZ,DERIVED_RULE,SUM.NZ,DERIVED_RULE,CARRY_FORWARD,False,,,,,,,,False,False,False
WS:XNZE:THL,Tourism Holdings Limited,NZ_NZX50,New Zealand,XNZE,THL,THL.NZ,DERIVED_RULE,THL.NZ,DERIVED_RULE,CARRY_FORWARD,False,,,,,,,,False,False,False
WS:XNZE:TRA,Turners Automotive Group Limited,NZ_NZX50,New Zealand,XNZE,TRA,TRA.NZ,DERIVED_RULE,TRA.NZ,DERIVED_RULE,CARRY_FORWARD,False,,,,,,,,False,False,False
WS:XNZE:VCT,Vector Limited,NZ_NZX50,New Zealand,XNZE,VCT,VCT.NZ,DERIVED_RULE,VCT.NZ,DERIVED_RULE,CARRY_FORWARD,False,,,,,,,,False,False,False
WS:XNZE:VGL,Vista Group International Limited,NZ_NZX50,New Zealand,XNZE,VGL,VGL.NZ,DERIVED_RULE,VGL.NZ,DERIVED_RULE,CARRY_FORWARD,False,,,,,,,,False,False,False
WS:XNZE:VHP,Vital Healthcare Property Trust,NZ_NZX50,New Zealand,XNZE,VHP,VHP.NZ,DERIVED_RULE,VHP.NZ,DERIVED_RULE,CARRY_FORWARD,False,,,,,,,,False,False,False
WS:XNZE:VSL,Vulcan Steel Limited,NZ_NZX50,New Zealand,XNZE,VSL,VSL.NZ,DERIVED_RULE,VSL.NZ,DERIVED_RULE,CARRY_FORWARD,False,,,,,,,,False,False,False
WS:XNZE:WBC,Westpac Banking Corporation,NZ_NZX50,New Zealand,XNZE,WBC,WBC.NZ,DERIVED_RULE,WBC.NZ,DERIVED_RULE,CARRY_FORWARD,False,,,,,,,,False,False,False
WS:XNZE:WHS,The Warehouse Group Limited,NZ_NZX50,New Zealand,XNZE,WHS,WHS.NZ,DERIVED_RULE,WHS.NZ,DERIVED_RULE,CARRY_FORWARD,False,,,,,,,,False,False,False
WS:ISIN:TW0001216000,UNI-PRESIDENT ENTERPRISES CORP.,TW_TW50,Taiwan,XTAI,1216,1216.TW,DERIVED_RULE,1216.TW,DERIVED_RULE,CARRY_FORWARD,False,,,,,,,,False,False,False
WS:ISIN:TW0001303006,NAN YA PLASTICS CORPORATION,TW_TW50,Taiwan,XTAI,1303,1303.TW,DERIVED_RULE,1303.TW,DERIVED_RULE,CARRY_FORWARD,False,,,,,,,,False,False,False
WS:ISIN:TW0002059003,KING SLIDE WORKS CO. LTD,TW_TW50,Taiwan,XTAI,2059,2059.TW,DERIVED_RULE,2059.TW,DERIVED_RULE,CARRY_FORWARD,False,,,,,,,,False,False,False
WS:ISIN:TW0002301009,LITE-ON TECHNOLOGY CORP.,TW_TW50,Taiwan,XTAI,2301,2301.TW,DERIVED_RULE,2301.TW,DERIVED_RULE,CARRY_FORWARD,False,,,,,,,,False,False,False
WS:ISIN:TW0002303005,UNITED MICROELECTRONICS CORP.,TW_TW50,Taiwan,XTAI,2303,2303.TW,DERIVED_RULE,2303.TW,DERIVED_RULE,CARRY_FORWARD,False,,,,,,,,False,False,False
WS:ISIN:TW0002308004,"DELTA ELECTRONICS, INC.",TW_TW50,Taiwan,XTAI,2308,2308.TW,DERIVED_RULE,2308.TW,DERIVED_RULE,CARRY_FORWARD,False,,,,,,,,False,False,False
WS:ISIN:TW0002317005,HON HAI PRECISION IND. CO. LTD.,TW_TW50,Taiwan,XTAI,2317,2317.TW,DERIVED_RULE,2317.TW,DERIVED_RULE,CARRY_FORWARD,False,,,,,,,,False,False,False
WS:ISIN:TW0002327004,YAGEO CORPORATION,TW_TW50,Taiwan,XTAI,2327,2327.TW,DERIVED_RULE,2327.TW,DERIVED_RULE,CARRY_FORWARD,False,,,,,,,,False,False,False
WS:ISIN:TW0002330008,"TAIWAN SEMICONDUCTOR MANUFACTURING CO., LTD.",TW_TW50,Taiwan,XTAI,2330,2330.TW,DERIVED_RULE,2330.TW,DERIVED_RULE,CARRY_FORWARD,False,,,,,,,,False,False,False
WS:ISIN:TW0002344009,WINBOND ELECTRONICS CORPORATION,TW_TW50,Taiwan,XTAI,2344,2344.TW,DERIVED_RULE,2344.TW,DERIVED_RULE,CARRY_FORWARD,False,,,,,,,,False,False,False
WS:ISIN:TW0002345006,ACCTON TECHNOLOGY CORP.,TW_TW50,Taiwan,XTAI,2345,2345.TW,DERIVED_RULE,2345.TW,DERIVED_RULE,CARRY_FORWARD,False,,,,,,,,False,False,False
WS:ISIN:TW0002357001,ASUSTEK COMPUTER INC.,TW_TW50,Taiwan,XTAI,2357,2357.TW,DERIVED_RULE,2357.TW,DERIVED_RULE,CARRY_FORWARD,False,,,,,,,,False,False,False
WS:ISIN:TW0002360005,CHROMA ATE INC.,TW_TW50,Taiwan,XTAI,2360,2360.TW,DERIVED_RULE,2360.TW,DERIVED_RULE,CARRY_FORWARD,False,,,,,,,,False,False,False
WS:ISIN:TW0002368008,GOLD CIRCUIT ELECTRONICS LTD,TW_TW50,Taiwan,XTAI,2368,2368.TW,DERIVED_RULE,2368.TW,DERIVED_RULE,CARRY_FORWARD,False,,,,,,,,False,False,False
WS:ISIN:TW0002382009,QUANTA COMPUTER INC.,TW_TW50,Taiwan,XTAI,2382,2382.TW,DERIVED_RULE,2382.TW,DERIVED_RULE,CARRY_FORWARD,False,,,,,,,,False,False,False
WS:ISIN:TW0002383007,"ELITE MATERIAL CO., LTD.",TW_TW50,Taiwan,XTAI,2383,2383.TW,DERIVED_RULE,2383.TW,DERIVED_RULE,CARRY_FORWARD,False,,,,,,,,False,False,False
WS:ISIN:TW0002395001,"ADVANTECH CO., LTD.",TW_TW50,Taiwan,XTAI,2395,2395.TW,DERIVED_RULE,2395.TW,DERIVED_RULE,CARRY_FORWARD,False,,,,,,,,False,False,False
WS:ISIN:TW0002408002,NANYA TECHNOLOGY CORPORATION,TW_TW50,Taiwan,XTAI,2408,2408.TW,DERIVED_RULE,2408.TW,DERIVED_RULE,CARRY_FORWARD,False,,,,,,,,False,False,False
WS:ISIN:TW0002412004,CHUNGHWA TELECOM CO. LTD,TW_TW50,Taiwan,XTAI,2412,2412.TW,DERIVED_RULE,2412.TW,DERIVED_RULE,CARRY_FORWARD,False,,,,,,,,False,False,False
WS:ISIN:TW0002449006,KING YUAN ELECTRONICS CO. LTD.,TW_TW50,Taiwan,XTAI,2449,2449.TW,DERIVED_RULE,2449.TW,DERIVED_RULE,CARRY_FORWARD,False,,,,,,,,False,False,False
WS:ISIN:TW0002454006,MEDIATEK INC.,TW_TW50,Taiwan,XTAI,2454,2454.TW,DERIVED_RULE,2454.TW,DERIVED_RULE,CARRY_FORWARD,False,,,,,,,,False,False,False
WS:ISIN:TW0002603008,EVERGREEN MARINE CORP. (TAIWAN) LTD.,TW_TW50,Taiwan,XTAI,2603,2603.TW,DERIVED_RULE,2603.TW,DERIVED_RULE,CARRY_FORWARD,False,,,,,,,,False,False,False
WS:ISIN:TW0002880002,HUA NAN FINANCIAL HOLDINDS CO. LTD.,TW_TW50,Taiwan,XTAI,2880,2880.TW,DERIVED_RULE,2880.TW,DERIVED_RULE,CARRY_FORWARD,False,,,,,,,,False,False,False
WS:ISIN:TW0002881000,"FUBON FINANCIAL HOLDING CO., LTD.",TW_TW50,Taiwan,XTAI,2881,2881.TW,DERIVED_RULE,2881.TW,DERIVED_RULE,CARRY_FORWARD,False,,,,,,,,False,False,False
WS:ISIN:TW0002882008,"CATHAY FINANCIAL HOLDING CO., LTD.",TW_TW50,Taiwan,XTAI,2882,2882.TW,DERIVED_RULE,2882.TW,DERIVED_RULE,CARRY_FORWARD,False,,,,,,,,False,False,False
WS:ISIN:TW0002883006,"KGI FINANCIAL HOLDING CO., LTD.",TW_TW50,Taiwan,XTAI,2883,2883.TW,DERIVED_RULE,2883.TW,DERIVED_RULE,CARRY_FORWARD,False,,,,,,,,False,False,False
WS:ISIN:TW0002884004,"E.SUN FINANCIAL HOLDING COMPANY,LTD.",TW_TW50,Taiwan,XTAI,2884,2884.TW,DERIVED_RULE,2884.TW,DERIVED_RULE,CARRY_FORWARD,False,,,,,,,,False,False,False
WS:ISIN:TW0002885001,YUANTA FINANCIAL HOLDING CO. LTD.,TW_TW50,Taiwan,XTAI,2885,2885.TW,DERIVED_RULE,2885.TW,DERIVED_RULE,CARRY_FORWARD,False,,,,,,,,False,False,False
WS:ISIN:TW0002886009,MEGA FINANCIAL HOLDING COMPANY,TW_TW50,Taiwan,XTAI,2886,2886.TW,DERIVED_RULE,2886.TW,DERIVED_RULE,CARRY_FORWARD,False,,,,,,,,False,False,False
WS:ISIN:TW0002887007,"TS FINANCIAL HOLDING CO., LTD.",TW_TW50,Taiwan,XTAI,2887,2887.TW,DERIVED_RULE,2887.TW,DERIVED_RULE,CARRY_FORWARD,False,,,,,,,,False,False,False
WS:ISIN:TW0002890001,SINOPAC FINANCIAL HOLDINGS COMPANY LIMITED,TW_TW50,Taiwan,XTAI,2890,2890.TW,DERIVED_RULE,2890.TW,DERIVED_RULE,CARRY_FORWARD,False,,,,,,,,False,False,False
WS:ISIN:TW0002891009,"CTBC FINANCIAL HOLDING CO., LTD.",TW_TW50,Taiwan,XTAI,2891,2891.TW,DERIVED_RULE,2891.TW,DERIVED_RULE,CARRY_FORWARD,False,,,,,,,,False,False,False
WS:ISIN:TW0002892007,FIRST HOLDINGS,TW_TW50,Taiwan,XTAI,2892,2892.TW,DERIVED_RULE,2892.TW,DERIVED_RULE,CARRY_FORWARD,False,,,,,,,,False,False,False
WS:ISIN:TW0003008009,LARGAN PRECISION CO. LTD.,TW_TW50,Taiwan,XTAI,3008,3008.TW,DERIVED_RULE,3008.TW,DERIVED_RULE,CARRY_FORWARD,False,,,,,,,,False,False,False
WS:ISIN:TW0003017000,"ASIA VITAL COMPONENTS CO., LTD.",TW_TW50,Taiwan,XTAI,3017,3017.TW,DERIVED_RULE,3017.TW,DERIVED_RULE,CARRY_FORWARD,False,,,,,,,,False,False,False
WS:ISIN:TW0003037008,UNIMICRON TECHNOLOGY CORP.,TW_TW50,Taiwan,XTAI,3037,3037.TW,DERIVED_RULE,3037.TW,DERIVED_RULE,CARRY_FORWARD,False,,,,,,,,False,False,False
WS:ISIN:TW0003045001,"TAIWAN MOBILE CO., LTD.",TW_TW50,Taiwan,XTAI,3045,3045.TW,DERIVED_RULE,3045.TW,DERIVED_RULE,CARRY_FORWARD,False,,,,,,,,False,False,False
WS:ISIN:TW0003231007,WISTRON CORPORATION,TW_TW50,Taiwan,XTAI,3231,3231.TW,DERIVED_RULE,3231.TW,DERIVED_RULE,CARRY_FORWARD,False,,,,,,,,False,False,False
WS:ISIN:TW0003443008,GLOBAL UNICHIP CORP.,TW_TW50,Taiwan,XTAI,3443,3443.TW,DERIVED_RULE,3443.TW,DERIVED_RULE,CARRY_FORWARD,False,,,,,,,,False,False,False
WS:ISIN:TW0003653002,JENTECH PRECISION INDUSTRIAL CO. LTD.,TW_TW50,Taiwan,XTAI,3653,3653.TW,DERIVED_RULE,3653.TW,DERIVED_RULE,CARRY_FORWARD,False,,,,,,,,False,False,False
WS:ISIN:KYG022421088,ALCHIP TECHNOLOGIES LIMITED,TW_TW50,Taiwan,XTAI,3661,3661.TW,DERIVED_RULE,3661.TW,DERIVED_RULE,CARRY_FORWARD,False,,,,,,,,False,False,False
WS:ISIN:KYG114741062,BIZLINK HOLDING INC.,TW_TW50,Taiwan,XTAI,3665,3665.TW,DERIVED_RULE,3665.TW,DERIVED_RULE,CARRY_FORWARD,False,,,,,,,,False,False,False
WS:XTAI:3711,"ASE TECHNOLOGY HOLDING CO., LTD.",TW_TW50,Taiwan,XTAI,3711,3711.TW,DERIVED_RULE,3711.TW,DERIVED_RULE,CARRY_FORWARD,False,,,,,,,,False,False,False
WS:ISIN:TW0004904008,"FAR EASTONE TELECOMMUNICATIONS CO., LTD.",TW_TW50,Taiwan,XTAI,4904,4904.TW,DERIVED_RULE,4904.TW,DERIVED_RULE,CARRY_FORWARD,False,,,,,,,,False,False,False
WS:ISIN:KYG989221000,ZHEN DING TECHNOLOGY HOLDING LIMITED,TW_TW50,Taiwan,XTAI,4958,4958.TW,DERIVED_RULE,4958.TW,DERIVED_RULE,CARRY_FORWARD,False,,,,,,,,False,False,False
WS:ISIN:TW0005880009,TAIWAN COOPERATIVE FINANCIAL HOLDING COMPANY LIMITED,TW_TW50,Taiwan,XTAI,5880,5880.TW,DERIVED_RULE,5880.TW,DERIVED_RULE,CARRY_FORWARD,False,,,,,,,,False,False,False
WS:ISIN:TW0006505001,FORMOSA PETROCHEMICAL CORP,TW_TW50,Taiwan,XTAI,6505,6505.TW,DERIVED_RULE,6505.TW,DERIVED_RULE,CARRY_FORWARD,False,,,,,,,,False,False,False
WS:XTAI:6669,WIWYNN CORPORATION,TW_TW50,Taiwan,XTAI,6669,6669.TW,DERIVED_RULE,6669.TW,DERIVED_RULE,CARRY_FORWARD,False,,,,,,,,False,False,False
WS:XTAI:7769,"HON. PRECISION, INC.",TW_TW50,Taiwan,XTAI,7769,7769.TW,DERIVED_RULE,7769.TW,DERIVED_RULE,CARRY_FORWARD,False,,,,,,,,False,False,False
WS:ISIN:TW0008046004,NAN YA PRINTED CIRCUIT BOARD CORPORATION,TW_TW50,Taiwan,XTAI,8046,8046.TW,DERIVED_RULE,8046.TW,DERIVED_RULE,CARRY_FORWARD,False,,,,,,,,False,False,False
WS:US:A,Agilent Technologies,US_SP1500,,,A,A,US_SOURCE_DIRECT,A,US_SOURCE_DIRECT,CARRY_FORWARD,False,,,,,,,,False,False,False
WS:US:AA,Alcoa,US_SP1500,,,AA,AA,US_SOURCE_DIRECT,AA,US_SOURCE_DIRECT,CARRY_FORWARD,False,,,,,,,,False,False,False
WS:US:AAL,American Airlines Group,US_SP1500,,,AAL,AAL,US_SOURCE_DIRECT,AAL,US_SOURCE_DIRECT,CARRY_FORWARD,False,,,,,,,,False,False,False
WS:US:AAMI,Acadian Asset Management Inc.,US_SP1500,,,AAMI,AAMI,US_SOURCE_DIRECT,AAMI,US_SOURCE_DIRECT,CARRY_FORWARD,False,,,,,,,,False,False,False
WS:US:AAON,AAON,US_SP1500,,,AAON,AAON,US_SOURCE_DIRECT,AAON,US_SOURCE_DIRECT,CARRY_FORWARD,False,,,,,,,,False,False,False
WS:US:AAP,"Advance Auto Parts, Inc.",US_SP1500,,,AAP,AAP,US_SOURCE_DIRECT,AAP,US_SOURCE_DIRECT,CARRY_FORWARD,False,,,,,,,,False,False,False
WS:US:AAPL,Apple Inc.,US_SP1500,,,AAPL,AAPL,US_SOURCE_DIRECT,AAPL,US_SOURCE_DIRECT,CARRY_FORWARD,False,,,,,,,,False,False,False
WS:US:AAT,American Assets Trust,US_SP1500,,,AAT,AAT,US_SOURCE_DIRECT,AAT,US_SOURCE_DIRECT,CARRY_FORWARD,False,,,,,,,,False,False,False
WS:US:ABBV,AbbVie,US_SP1500,,,ABBV,ABBV,US_SOURCE_DIRECT,ABBV,US_SOURCE_DIRECT,CARRY_FORWARD,False,,,,,,,,False,False,False
WS:US:ABCB,Ameris Bancorp,US_SP1500,,,ABCB,ABCB,US_SOURCE_DIRECT,ABCB,US_SOURCE_DIRECT,CARRY_FORWARD,False,,,,,,,,False,False,False
WS:US:ABG,Asbury Automotive Group,US_SP1500,,,ABG,ABG,US_SOURCE_DIRECT,ABG,US_SOURCE_DIRECT,CARRY_FORWARD,False,,,,,,,,False,False,False
WS:US:ABM,"ABM Industries, Inc.",US_SP1500,,,ABM,ABM,US_SOURCE_DIRECT,ABM,US_SOURCE_DIRECT,CARRY_FORWARD,False,,,,,,,,False,False,False
WS:US:ABNB,Airbnb,US_SP1500,,,ABNB,ABNB,US_SOURCE_DIRECT,ABNB,US_SOURCE_DIRECT,CARRY_FORWARD,False,,,,,,,,False,False,False
WS:US:ABR,Arbor Realty Trust,US_SP1500,,,ABR,ABR,US_SOURCE_DIRECT,ABR,US_SOURCE_DIRECT,CARRY_FORWARD,False,,,,,,,,False,False,False
WS:US:ABT,Abbott Laboratories,US_SP1500,,,ABT,ABT,US_SOURCE_DIRECT,ABT,US_SOURCE_DIRECT,CARRY_FORWARD,False,,,,,,,,False,False,False
WS:US:ACA,"Arcosa, Inc.",US_SP1500,,,ACA,ACA,US_SOURCE_DIRECT,ACA,US_SOURCE_DIRECT,CARRY_FORWARD,False,,,,,,,,False,False,False
WS:US:ACAD,Acadia Pharmaceuticals,US_SP1500,,,ACAD,ACAD,US_SOURCE_DIRECT,ACAD,US_SOURCE_DIRECT,CARRY_FORWARD,False,,,,,,,,False,False,False
WS:US:ACGL,Arch Capital Group,US_SP1500,,,ACGL,ACGL,US_SOURCE_DIRECT,ACGL,US_SOURCE_DIRECT,CARRY_FORWARD,False,,,,,,,,False,False,False
WS:US:ACHC,Acadia Healthcare,US_SP1500,,,ACHC,ACHC,US_SOURCE_DIRECT,ACHC,US_SOURCE_DIRECT,CARRY_FORWARD,False,,,,,,,,False,False,False
WS:US:ACI,Albertsons,US_SP1500,,,ACI,ACI,US_SOURCE_DIRECT,ACI,US_SOURCE_DIRECT,CARRY_FORWARD,False,,,,,,,,False,False,False
WS:US:ACIW,ACI Worldwide,US_SP1500,,,ACIW,ACIW,US_SOURCE_DIRECT,ACIW,US_SOURCE_DIRECT,CARRY_FORWARD,False,,,,,,,,False,False,False
WS:US:ACLS,"Axcelis Technologies, Inc.",US_SP1500,,,ACLS,ACLS,US_SOURCE_DIRECT,ACLS,US_SOURCE_DIRECT,CARRY_FORWARD,False,,,,,,,,False,False,False
WS:US:ACM,AECOM,US_SP1500,,,ACM,ACM,US_SOURCE_DIRECT,ACM,US_SOURCE_DIRECT,CARRY_FORWARD,False,,,,,,,,False,False,False
WS:US:ACMR,"ACM Research, Inc.",US_SP1500,,,ACMR,ACMR,US_SOURCE_DIRECT,ACMR,US_SOURCE_DIRECT,CARRY_FORWARD,False,,,,,,,,False,False,False
WS:US:ACN,Accenture,US_SP1500,,,ACN,ACN,US_SOURCE_DIRECT,ACN,US_SOURCE_DIRECT,CARRY_FORWARD,False,,,,,,,,False,False,False
WS:US:ACT,"Enact Holdings, Inc.",US_SP1500,,,ACT,ACT,US_SOURCE_DIRECT,ACT,US_SOURCE_DIRECT,CARRY_FORWARD,False,,,,,,,,False,False,False
WS:US:ADAM,"Adamas Trust, Inc.",US_SP1500,,,ADAM,ADAM,US_SOURCE_DIRECT,ADAM,US_SOURCE_DIRECT,CARRY_FORWARD,False,,,,,,,,False,False,False
WS:US:ADBE,Adobe Inc.,US_SP1500,,,ADBE,ADBE,US_SOURCE_DIRECT,ADBE,US_SOURCE_DIRECT,CARRY_FORWARD,False,,,,,,,,False,False,False
WS:US:ADC,Agree Realty,US_SP1500,,,ADC,ADC,US_SOURCE_DIRECT,ADC,US_SOURCE_DIRECT,CARRY_FORWARD,False,,,,,,,,False,False,False
WS:US:ADEA,"Adeia, Inc.",US_SP1500,,,ADEA,ADEA,US_SOURCE_DIRECT,ADEA,US_SOURCE_DIRECT,CARRY_FORWARD,False,,,,,,,,False,False,False
WS:US:ADI,Analog Devices,US_SP1500,,,ADI,ADI,US_SOURCE_DIRECT,ADI,US_SOURCE_DIRECT,CARRY_FORWARD,False,,,,,,,,False,False,False
WS:US:ADIG,ADI Global Distribution,US_SP1500,,,ADIG,ADIG,US_SOURCE_DIRECT,ADIG,US_SOURCE_DIRECT,CARRY_FORWARD,False,,,,,,,,False,False,False
WS:US:ADM,Archer Daniels Midland,US_SP1500,,,ADM,ADM,US_SOURCE_DIRECT,ADM,US_SOURCE_DIRECT,CARRY_FORWARD,False,,,,,,,,False,False,False
WS:US:ADMA,"ADMA Biologics, Inc.",US_SP1500,,,ADMA,ADMA,US_SOURCE_DIRECT,ADMA,US_SOURCE_DIRECT,CARRY_FORWARD,False,,,,,,,,False,False,False
WS:US:ADNT,Adient,US_SP1500,,,ADNT,ADNT,US_SOURCE_DIRECT,ADNT,US_SOURCE_DIRECT,CARRY_FORWARD,False,,,,,,,,False,False,False
WS:US:ADP,Automatic Data Processing,US_SP1500,,,ADP,ADP,US_SOURCE_DIRECT,ADP,US_SOURCE_DIRECT,CARRY_FORWARD,False,,,,,,,,False,False,False
WS:US:ADSK,Autodesk,US_SP1500,,,ADSK,ADSK,US_SOURCE_DIRECT,ADSK,US_SOURCE_DIRECT,CARRY_FORWARD,False,,,,,,,,False,False,False
WS:US:ADT,ADT Inc.,US_SP1500,,,ADT,ADT,US_SOURCE_DIRECT,ADT,US_SOURCE_DIRECT,CARRY_FORWARD,False,,,,,,,,False,False,False
WS:US:ADUS,Addus HomeCare Corp.,US_SP1500,,,ADUS,ADUS,US_SOURCE_DIRECT,ADUS,US_SOURCE_DIRECT,CARRY_FORWARD,False,,,,,,,,False,False,False
WS:US:AEE,Ameren,US_SP1500,,,AEE,AEE,US_SOURCE_DIRECT,AEE,US_SOURCE_DIRECT,CARRY_FORWARD,False,,,,,,,,False,False,False
WS:US:AEIS,Advanced Energy,US_SP1500,,,AEIS,AEIS,US_SOURCE_DIRECT,AEIS,US_SOURCE_DIRECT,CARRY_FORWARD,False,,,,,,,,False,False,False
WS:US:AEO,American Eagle Outfitters,US_SP1500,,,AEO,AEO,US_SOURCE_DIRECT,AEO,US_SOURCE_DIRECT,CARRY_FORWARD,False,,,,,,,,False,False,False
WS:US:AEP,American Electric Power,US_SP1500,,,AEP,AEP,US_SOURCE_DIRECT,AEP,US_SOURCE_DIRECT,CARRY_FORWARD,False,,,,,,,,False,False,False
WS:US:AES,AES Corporation,US_SP1500,,,AES,AES,US_SOURCE_DIRECT,AES,US_SOURCE_DIRECT,CARRY_FORWARD,False,,,,,,,,False,False,False
WS:US:AESI,"Atlas Energy Solutions, Inc.",US_SP1500,,,AESI,AESI,US_SOURCE_DIRECT,AESI,US_SOURCE_DIRECT,CARRY_FORWARD,False,,,,,,,,False,False,False
WS:US:AFG,American Financial Group,US_SP1500,,,AFG,AFG,US_SOURCE_DIRECT,AFG,US_SOURCE_DIRECT,CARRY_FORWARD,False,,,,,,,,False,False,False
WS:US:AFL,Aflac,US_SP1500,,,AFL,AFL,US_SOURCE_DIRECT,AFL,US_SOURCE_DIRECT,CARRY_FORWARD,False,,,,,,,,False,False,False
WS:US:AGCO,AGCO,US_SP1500,,,AGCO,AGCO,US_SOURCE_DIRECT,AGCO,US_SOURCE_DIRECT,CARRY_FORWARD,False,,,,,,,,False,False,False
WS:US:AGNT,"eXp World Holdings, Inc.",US_SP1500,,,AGNT,AGNT,US_SOURCE_DIRECT,AGNT,US_SOURCE_DIRECT,CARRY_FORWARD,False,,,,,,,,False,False,False
WS:US:AGO,Assured Guaranty Ltd.,US_SP1500,,,AGO,AGO,US_SOURCE_DIRECT,AGO,US_SOURCE_DIRECT,CARRY_FORWARD,False,,,,,,,,False,False,False
WS:US:AGX,"Argan, Inc.",US_SP1500,,,AGX,AGX,US_SOURCE_DIRECT,AGX,US_SOURCE_DIRECT,CARRY_FORWARD,False,,,,,,,,False,False,False
WS:US:AGYS,"Agilysys, Inc.",US_SP1500,,,AGYS,AGYS,US_SOURCE_DIRECT,AGYS,US_SOURCE_DIRECT,CARRY_FORWARD,False,,,,,,,,False,False,False
WS:US:AHCO,AdaptHealth Corp.,US_SP1500,,,AHCO,AHCO,US_SOURCE_DIRECT,AHCO,US_SOURCE_DIRECT,CARRY_FORWARD,False,,,,,,,,False,False,False
WS:US:AHR,American Healthcare REIT,US_SP1500,,,AHR,AHR,US_SOURCE_DIRECT,AHR,US_SOURCE_DIRECT,CARRY_FORWARD,False,,,,,,,,False,False,False
WS:US:AIG,American International Group,US_SP1500,,,AIG,AIG,US_SOURCE_DIRECT,AIG,US_SOURCE_DIRECT,CARRY_FORWARD,False,,,,,,,,False,False,False
WS:US:AIN,Albany International Corp.,US_SP1500,,,AIN,AIN,US_SOURCE_DIRECT,AIN,US_SOURCE_DIRECT,CARRY_FORWARD,False,,,,,,,,False,False,False
WS:US:AIR,AAR Corp.,US_SP1500,,,AIR,AIR,US_SOURCE_DIRECT,AIR,US_SOURCE_DIRECT,CARRY_FORWARD,False,,,,,,,,False,False,False
WS:US:AIT,Applied Industrial Technologies,US_SP1500,,,AIT,AIT,US_SOURCE_DIRECT,AIT,US_SOURCE_DIRECT,CARRY_FORWARD,False,,,,,,,,False,False,False
WS:US:AIZ,Assurant,US_SP1500,,,AIZ,AIZ,US_SOURCE_DIRECT,AIZ,US_SOURCE_DIRECT,CARRY_FORWARD,False,,,,,,,,False,False,False
WS:US:AJG,Arthur J. Gallagher & Co.,US_SP1500,,,AJG,AJG,US_SOURCE_DIRECT,AJG,US_SOURCE_DIRECT,CARRY_FORWARD,False,,,,,,,,False,False,False
WS:US:AKAM,Akamai Technologies,US_SP1500,,,AKAM,AKAM,US_SOURCE_DIRECT,AKAM,US_SOURCE_DIRECT,CARRY_FORWARD,False,,,,,,,,False,False,False
WS:US:AKR,Acadia Realty Trust,US_SP1500,,,AKR,AKR,US_SOURCE_DIRECT,AKR,US_SOURCE_DIRECT,CARRY_FORWARD,False,,,,,,,,False,False,False
WS:US:ALB,Albemarle Corporation,US_SP1500,,,ALB,ALB,US_SOURCE_DIRECT,ALB,US_SOURCE_DIRECT,CARRY_FORWARD,False,,,,,,,,False,False,False
WS:US:ALG,Alamo Group,US_SP1500,,,ALG,ALG,US_SOURCE_DIRECT,ALG,US_SOURCE_DIRECT,CARRY_FORWARD,False,,,,,,,,False,False,False
WS:US:ALGM,Allegro MicroSystems,US_SP1500,,,ALGM,ALGM,US_SOURCE_DIRECT,ALGM,US_SOURCE_DIRECT,CARRY_FORWARD,False,,,,,,,,False,False,False
WS:US:ALGN,Align Technology,US_SP1500,,,ALGN,ALGN,US_SOURCE_DIRECT,ALGN,US_SOURCE_DIRECT,CARRY_FORWARD,False,,,,,,,,False,False,False
WS:US:ALGT,Allegiant Travel Company,US_SP1500,,,ALGT,ALGT,US_SOURCE_DIRECT,ALGT,US_SOURCE_DIRECT,CARRY_FORWARD,False,,,,,,,,False,False,False
WS:US:ALHC,"Alignment Healthcare, Inc.",US_SP1500,,,ALHC,ALHC,US_SOURCE_DIRECT,ALHC,US_SOURCE_DIRECT,CARRY_FORWARD,False,,,,,,,,False,False,False
WS:US:ALK,Alaska Air Group,US_SP1500,,,ALK,ALK,US_SOURCE_DIRECT,ALK,US_SOURCE_DIRECT,CARRY_FORWARD,False,,,,,,,,False,False,False
WS:US:ALKS,Alkermes plc,US_SP1500,,,ALKS,ALKS,US_SOURCE_DIRECT,ALKS,US_SOURCE_DIRECT,CARRY_FORWARD,False,,,,,,,,False,False,False
WS:US:ALL,Allstate,US_SP1500,,,ALL,ALL,US_SOURCE_DIRECT,ALL,US_SOURCE_DIRECT,CARRY_FORWARD,False,,,,,,,,False,False,False
WS:US:ALLE,Allegion,US_SP1500,,,ALLE,ALLE,US_SOURCE_DIRECT,ALLE,US_SOURCE_DIRECT,CARRY_FORWARD,False,,,,,,,,False,False,False
WS:US:ALLY,Ally Financial,US_SP1500,,,ALLY,ALLY,US_SOURCE_DIRECT,ALLY,US_SOURCE_DIRECT,CARRY_FORWARD,False,,,,,,,,False,False,False
WS:US:ALRM,"Alarm.Com, Inc.",US_SP1500,,,ALRM,ALRM,US_SOURCE_DIRECT,ALRM,US_SOURCE_DIRECT,CARRY_FORWARD,False,,,,,,,,False,False,False
WS:US:ALSN,Allison Transmission,US_SP1500,,,ALSN,ALSN,US_SOURCE_DIRECT,ALSN,US_SOURCE_DIRECT,CARRY_FORWARD,False,,,,,,,,False,False,False
WS:US:ALV,Autoliv,US_SP1500,,,ALV,ALV,US_SOURCE_DIRECT,ALV,US_SOURCE_DIRECT,CARRY_FORWARD,False,,,,,,,,False,False,False
WS:US:AM,Antero Midstream,US_SP1500,,,AM,AM,US_SOURCE_DIRECT,AM,US_SOURCE_DIRECT,CARRY_FORWARD,False,,,,,,,,False,False,False
WS:US:AMAT,Applied Materials,US_SP1500,,,AMAT,AMAT,US_SOURCE_DIRECT,AMAT,US_SOURCE_DIRECT,CARRY_FORWARD,False,,,,,,,,False,False,False
WS:US:AMCR,Amcor,US_SP1500,,,AMCR,AMCR,US_SOURCE_DIRECT,AMCR,US_SOURCE_DIRECT,CARRY_FORWARD,False,,,,,,,,False,False,False
WS:US:AMD,Advanced Micro Devices,US_SP1500,,,AMD,AMD,US_SOURCE_DIRECT,AMD,US_SOURCE_DIRECT,CARRY_FORWARD,False,,,,,,,,False,False,False
WS:US:AME,Ametek,US_SP1500,,,AME,AME,US_SOURCE_DIRECT,AME,US_SOURCE_DIRECT,CARRY_FORWARD,False,,,,,,,,False,False,False
WS:US:AMG,Affiliated Managers Group,US_SP1500,,,AMG,AMG,US_SOURCE_DIRECT,AMG,US_SOURCE_DIRECT,CARRY_FORWARD,False,,,,,,,,False,False,False
WS:US:AMGN,Amgen,US_SP1500,,,AMGN,AMGN,US_SOURCE_DIRECT,AMGN,US_SOURCE_DIRECT,CARRY_FORWARD,False,,,,,,,,False,False,False
WS:US:AMH,American Homes 4 Rent,US_SP1500,,,AMH,AMH,US_SOURCE_DIRECT,AMH,US_SOURCE_DIRECT,CARRY_FORWARD,False,,,,,,,,False,False,False
WS:US:AMKR,Amkor Technology,US_SP1500,,,AMKR,AMKR,US_SOURCE_DIRECT,AMKR,US_SOURCE_DIRECT,CARRY_FORWARD,False,,,,,,,,False,False,False
WS:US:AMN,"Amn Healthcare Services, Inc.",US_SP1500,,,AMN,AMN,US_SOURCE_DIRECT,AMN,US_SOURCE_DIRECT,CARRY_FORWARD,False,,,,,,,,False,False,False
WS:US:AMP,Ameriprise Financial,US_SP1500,,,AMP,AMP,US_SOURCE_DIRECT,AMP,US_SOURCE_DIRECT,CARRY_FORWARD,False,,,,,,,,False,False,False
WS:US:AMPH,"Amphstar Pharmaceuticals, Inc.",US_SP1500,,,AMPH,AMPH,US_SOURCE_DIRECT,AMPH,US_SOURCE_DIRECT,CARRY_FORWARD,False,,,,,,,,False,False,False
WS:US:AMR,"Alpha Metallurgical Resources, Inc.",US_SP1500,,,AMR,AMR,US_SOURCE_DIRECT,AMR,US_SOURCE_DIRECT,CARRY_FORWARD,False,,,,,,,,False,False,False
WS:US:AMRX,Amneal Pharmaceuticals,US_SP1500,,,AMRX,AMRX,US_SOURCE_DIRECT,AMRX,US_SOURCE_DIRECT,CARRY_FORWARD,False,,,,,,,,False,False,False
WS:US:AMSF,"Amerisafe, Inc.",US_SP1500,,,AMSF,AMSF,US_SOURCE_DIRECT,AMSF,US_SOURCE_DIRECT,CARRY_FORWARD,False,,,,,,,,False,False,False
WS:US:AMT,American Tower,US_SP1500,,,AMT,AMT,US_SOURCE_DIRECT,AMT,US_SOURCE_DIRECT,CARRY_FORWARD,False,,,,,,,,False,False,False
WS:US:AMTM,Amentum,US_SP1500,,,AMTM,AMTM,US_SOURCE_DIRECT,AMTM,US_SOURCE_DIRECT,CARRY_FORWARD,False,,,,,,,,False,False,False
WS:US:AMZN,Amazon,US_SP1500,,,AMZN,AMZN,US_SOURCE_DIRECT,AMZN,US_SOURCE_DIRECT,CARRY_FORWARD,False,,,,,,,,False,False,False
WS:US:AN,AutoNation,US_SP1500,,,AN,AN,US_SOURCE_DIRECT,AN,US_SOURCE_DIRECT,CARRY_FORWARD,False,,,,,,,,False,False,False
WS:US:ANDE,"The Andersons, Inc.",US_SP1500,,,ANDE,ANDE,US_SOURCE_DIRECT,ANDE,US_SOURCE_DIRECT,CARRY_FORWARD,False,,,,,,,,False,False,False
WS:US:ANET,Arista Networks,US_SP1500,,,ANET,ANET,US_SOURCE_DIRECT,ANET,US_SOURCE_DIRECT,CARRY_FORWARD,False,,,,,,,,False,False,False
WS:US:ANF,Abercrombie & Fitch,US_SP1500,,,ANF,ANF,US_SOURCE_DIRECT,ANF,US_SOURCE_DIRECT,CARRY_FORWARD,False,,,,,,,,False,False,False
WS:US:ANIP,"ANI Pharmaceuticals, Inc.",US_SP1500,,,ANIP,ANIP,US_SOURCE_DIRECT,ANIP,US_SOURCE_DIRECT,CARRY_FORWARD,False,,,,,,,,False,False,False
WS:US:AON,Aon plc,US_SP1500,,,AON,AON,US_SOURCE_DIRECT,AON,US_SOURCE_DIRECT,CARRY_FORWARD,False,,,,,,,,False,False,False
WS:US:AORT,Artivion,US_SP1500,,,AORT,AORT,US_SOURCE_DIRECT,AORT,US_SOURCE_DIRECT,CARRY_FORWARD,False,,,,,,,,False,False,False
WS:US:AOS,A. O. Smith,US_SP1500,,,AOS,AOS,US_SOURCE_DIRECT,AOS,US_SOURCE_DIRECT,CARRY_FORWARD,False,,,,,,,,False,False,False
WS:US:AOSL,"Alpha and Omega Semiconductor, Ltd.",US_SP1500,,,AOSL,AOSL,US_SOURCE_DIRECT,AOSL,US_SOURCE_DIRECT,CARRY_FORWARD,False,,,,,,,,False,False,False
WS:US:APA,APA Corporation,US_SP1500,,,APA,APA,US_SOURCE_DIRECT,APA,US_SOURCE_DIRECT,CARRY_FORWARD,False,,,,,,,,False,False,False
WS:US:APAM,"Artisan Partners Asset Management, Inc.",US_SP1500,,,APAM,APAM,US_SOURCE_DIRECT,APAM,US_SOURCE_DIRECT,CARRY_FORWARD,False,,,,,,,,False,False,False
WS:US:APD,Air Products,US_SP1500,,,APD,APD,US_SOURCE_DIRECT,APD,US_SOURCE_DIRECT,CARRY_FORWARD,False,,,,,,,,False,False,False
WS:US:APG,APi Group,US_SP1500,,,APG,APG,US_SOURCE_DIRECT,APG,US_SOURCE_DIRECT,CARRY_FORWARD,False,,,,,,,,False,False,False
WS:US:APH,Amphenol,US_SP1500,,,APH,APH,US_SOURCE_DIRECT,APH,US_SOURCE_DIRECT,CARRY_FORWARD,False,,,,,,,,False,False,False
WS:US:APLE,"Apple Hospitality REIT, Inc.",US_SP1500,,,APLE,APLE,US_SOURCE_DIRECT,APLE,US_SOURCE_DIRECT,CARRY_FORWARD,False,,,,,,,,False,False,False
WS:US:APO,Apollo Global Management,US_SP1500,,,APO,APO,US_SOURCE_DIRECT,APO,US_SOURCE_DIRECT,CARRY_FORWARD,False,,,,,,,,False,False,False
WS:US:APOG,"Apogee Enterprises, Inc.",US_SP1500,,,APOG,APOG,US_SOURCE_DIRECT,APOG,US_SOURCE_DIRECT,CARRY_FORWARD,False,,,,,,,,False,False,False
WS:US:APP,AppLovin,US_SP1500,,,APP,APP,US_SOURCE_DIRECT,APP,US_SOURCE_DIRECT,CARRY_FORWARD,False,,,,,,,,False,False,False
WS:US:APPF,AppFolio,US_SP1500,,,APPF,APPF,US_SOURCE_DIRECT,APPF,US_SOURCE_DIRECT,CARRY_FORWARD,False,,,,,,,,False,False,False
WS:US:APTV,Aptiv,US_SP1500,,,APTV,APTV,US_SOURCE_DIRECT,APTV,US_SOURCE_DIRECT,CARRY_FORWARD,False,,,,,,,,False,False,False
WS:US:AR,Antero Resources,US_SP1500,,,AR,AR,US_SOURCE_DIRECT,AR,US_SOURCE_DIRECT,CARRY_FORWARD,False,,,,,,,,False,False,False
WS:US:ARCB,ArcBest Corp.,US_SP1500,,,ARCB,ARCB,US_SOURCE_DIRECT,ARCB,US_SOURCE_DIRECT,CARRY_FORWARD,False,,,,,,,,False,False,False
WS:US:ARE,Alexandria Real Estate Equities,US_SP1500,,,ARE,ARE,US_SOURCE_DIRECT,ARE,US_SOURCE_DIRECT,CARRY_FORWARD,False,,,,,,,,False,False,False
WS:US:ARES,Ares Management,US_SP1500,,,ARES,ARES,US_SOURCE_DIRECT,ARES,US_SOURCE_DIRECT,CARRY_FORWARD,False,,,,,,,,False,False,False
WS:US:ARLO,Arlo Technologies,US_SP1500,,,ARLO,ARLO,US_SOURCE_DIRECT,ARLO,US_SOURCE_DIRECT,CARRY_FORWARD,False,,,,,,,,False,False,False
WS:US:ARMK,Aramark,US_SP1500,,,ARMK,ARMK,US_SOURCE_DIRECT,ARMK,US_SOURCE_DIRECT,CARRY_FORWARD,False,,,,,,,,False,False,False
WS:US:AROC,"Archrock, Inc.",US_SP1500,,,AROC,AROC,US_SOURCE_DIRECT,AROC,US_SOURCE_DIRECT,CARRY_FORWARD,False,,,,,,,,False,False,False
WS:US:ARR,Armour Residential REIT,US_SP1500,,,ARR,ARR,US_SOURCE_DIRECT,ARR,US_SOURCE_DIRECT,CARRY_FORWARD,False,,,,,,,,False,False,False
WS:US:ARW,Arrow Electronics,US_SP1500,,,ARW,ARW,US_SOURCE_DIRECT,ARW,US_SOURCE_DIRECT,CARRY_FORWARD,False,,,,,,,,False,False,False
WS:US:ARWR,Arrowhead Pharmaceuticals,US_SP1500,,,ARWR,ARWR,US_SOURCE_DIRECT,ARWR,US_SOURCE_DIRECT,CARRY_FORWARD,False,,,,,,,,False,False,False
WS:US:ASB,Associated Bank,US_SP1500,,,ASB,ASB,US_SOURCE_DIRECT,ASB,US_SOURCE_DIRECT,CARRY_FORWARD,False,,,,,,,,False,False,False
WS:US:ASH,Ashland Global,US_SP1500,,,ASH,ASH,US_SOURCE_DIRECT,ASH,US_SOURCE_DIRECT,CARRY_FORWARD,False,,,,,,,,False,False,False
WS:US:ASO,Academy Sports + Outdoors,US_SP1500,,,ASO,ASO,US_SOURCE_DIRECT,ASO,US_SOURCE_DIRECT,CARRY_FORWARD,False,,,,,,,,False,False,False
WS:US:ASTE,"Astec Industries, Inc.",US_SP1500,,,ASTE,ASTE,US_SOURCE_DIRECT,ASTE,US_SOURCE_DIRECT,CARRY_FORWARD,False,,,,,,,,False,False,False
WS:US:ASTH,"Astrana Health, Inc.",US_SP1500,,,ASTH,ASTH,US_SOURCE_DIRECT,ASTH,US_SOURCE_DIRECT,CARRY_FORWARD,False,,,,,,,,False,False,False
WS:US:ATEN,"A10 Networks, Inc.",US_SP1500,,,ATEN,ATEN,US_SOURCE_DIRECT,ATEN,US_SOURCE_DIRECT,CARRY_FORWARD,False,,,,,,,,False,False,False
WS:US:ATI,ATI Inc.,US_SP1500,,,ATI,ATI,US_SOURCE_DIRECT,ATI,US_SOURCE_DIRECT,CARRY_FORWARD,False,,,,,,,,False,False,False
WS:US:ATMU,Atmus Filtration Technologies Inc.,US_SP1500,,,ATMU,ATMU,US_SOURCE_DIRECT,ATMU,US_SOURCE_DIRECT,CARRY_FORWARD,False,,,,,,,,False,False,False
WS:US:ATO,Atmos Energy,US_SP1500,,,ATO,ATO,US_SOURCE_DIRECT,ATO,US_SOURCE_DIRECT,CARRY_FORWARD,False,,,,,,,,False,False,False
WS:US:ATR,AptarGroup,US_SP1500,,,ATR,ATR,US_SOURCE_DIRECT,ATR,US_SOURCE_DIRECT,CARRY_FORWARD,False,,,,,,,,False,False,False
WS:US:AUB,"Atlantic Union Bankshares, Corp.",US_SP1500,,,AUB,AUB,US_SOURCE_DIRECT,AUB,US_SOURCE_DIRECT,CARRY_FORWARD,False,,,,,,,,False,False,False
WS:US:AVA,Avista Corporation,US_SP1500,,,AVA,AVA,US_SOURCE_DIRECT,AVA,US_SOURCE_DIRECT,CARRY_FORWARD,False,,,,,,,,False,False,False
WS:US:AVAV,AeroVironment,US_SP1500,,,AVAV,AVAV,US_SOURCE_DIRECT,AVAV,US_SOURCE_DIRECT,CARRY_FORWARD,False,,,,,,,,False,False,False
WS:US:AVGO,Broadcom,US_SP1500,,,AVGO,AVGO,US_SOURCE_DIRECT,AVGO,US_SOURCE_DIRECT,CARRY_FORWARD,False,,,,,,,,False,False,False
WS:US:AVNT,Avient,US_SP1500,,,AVNT,AVNT,US_SOURCE_DIRECT,AVNT,US_SOURCE_DIRECT,CARRY_FORWARD,False,,,,,,,,False,False,False
WS:US:AVT,Avnet,US_SP1500,,,AVT,AVT,US_SOURCE_DIRECT,AVT,US_SOURCE_DIRECT,CARRY_FORWARD,False,,,,,,,,False,False,False
WS:US:AVTR,Avantor,US_SP1500,,,AVTR,AVTR,US_SOURCE_DIRECT,AVTR,US_SOURCE_DIRECT,CARRY_FORWARD,False,,,,,,,,False,False,False
WS:US:AVY,Avery Dennison,US_SP1500,,,AVY,AVY,US_SOURCE_DIRECT,AVY,US_SOURCE_DIRECT,CARRY_FORWARD,False,,,,,,,,False,False,False
WS:US:AWI,"Armstrong World Industries, Inc.",US_SP1500,,,AWI,AWI,US_SOURCE_DIRECT,AWI,US_SOURCE_DIRECT,CARRY_FORWARD,False,,,,,,,,False,False,False
WS:US:AWK,American Water Works,US_SP1500,,,AWK,AWK,US_SOURCE_DIRECT,AWK,US_SOURCE_DIRECT,CARRY_FORWARD,False,,,,,,,,False,False,False
WS:US:AWR,American States Water Company,US_SP1500,,,AWR,AWR,US_SOURCE_DIRECT,AWR,US_SOURCE_DIRECT,CARRY_FORWARD,False,,,,,,,,False,False,False
WS:US:AX,"Axos Financial, Inc.",US_SP1500,,,AX,AX,US_SOURCE_DIRECT,AX,US_SOURCE_DIRECT,CARRY_FORWARD,False,,,,,,,,False,False,False
WS:US:AXON,Axon Enterprise,US_SP1500,,,AXON,AXON,US_SOURCE_DIRECT,AXON,US_SOURCE_DIRECT,CARRY_FORWARD,False,,,,,,,,False,False,False
WS:US:AXP,American Express,US_SP1500,,,AXP,AXP,US_SOURCE_DIRECT,AXP,US_SOURCE_DIRECT,CARRY_FORWARD,False,,,,,,,,False,False,False
WS:US:AXTA,Axalta,US_SP1500,,,AXTA,AXTA,US_SOURCE_DIRECT,AXTA,US_SOURCE_DIRECT,CARRY_FORWARD,False,,,,,,,,False,False,False
WS:US:AYI,Acuity Brands,US_SP1500,,,AYI,AYI,US_SOURCE_DIRECT,AYI,US_SOURCE_DIRECT,CARRY_FORWARD,False,,,,,,,,False,False,False
WS:US:AZO,AutoZone,US_SP1500,,,AZO,AZO,US_SOURCE_DIRECT,AZO,US_SOURCE_DIRECT,CARRY_FORWARD,False,,,,,,,,False,False,False
WS:US:AZTA,"Azenta, Inc.",US_SP1500,,,AZTA,AZTA,US_SOURCE_DIRECT,AZTA,US_SOURCE_DIRECT,CARRY_FORWARD,False,,,,,,,,False,False,False
WS:US:AZZ,"AZZ, Inc.",US_SP1500,,,AZZ,AZZ,US_SOURCE_DIRECT,AZZ,US_SOURCE_DIRECT,CARRY_FORWARD,False,,,,,,,,False,False,False
WS:US:BA,Boeing,US_SP1500,,,BA,BA,US_SOURCE_DIRECT,BA,US_SOURCE_DIRECT,CARRY_FORWARD,False,,,,,,,,False,False,False
WS:US:BAC,Bank of America,US_SP1500,,,BAC,BAC,US_SOURCE_DIRECT,BAC,US_SOURCE_DIRECT,CARRY_FORWARD,False,,,,,,,,False,False,False
WS:US:BAH,Booz Allen Hamilton,US_SP1500,,,BAH,BAH,US_SOURCE_DIRECT,BAH,US_SOURCE_DIRECT,CARRY_FORWARD,False,,,,,,,,False,False,False
WS:US:BALL,Ball Corporation,US_SP1500,,,BALL,BALL,US_SOURCE_DIRECT,BALL,US_SOURCE_DIRECT,CARRY_FORWARD,False,,,,,,,,False,False,False
WS:US:BANC,"Banc Of California, Inc.",US_SP1500,,,BANC,BANC,US_SOURCE_DIRECT,BANC,US_SOURCE_DIRECT,CARRY_FORWARD,False,,,,,,,,False,False,False
WS:US:BANF,Bancfirst Corp,US_SP1500,,,BANF,BANF,US_SOURCE_DIRECT,BANF,US_SOURCE_DIRECT,CARRY_FORWARD,False,,,,,,,,False,False,False
WS:US:BANR,Banner Corporation,US_SP1500,,,BANR,BANR,US_SOURCE_DIRECT,BANR,US_SOURCE_DIRECT,CARRY_FORWARD,False,,,,,,,,False,False,False
WS:US:BAX,Baxter International,US_SP1500,,,BAX,BAX,US_SOURCE_DIRECT,BAX,US_SOURCE_DIRECT,CARRY_FORWARD,False,,,,,,,,False,False,False
WS:US:BBT,Beacon Financial Corp.,US_SP1500,,,BBT,BBT,US_SOURCE_DIRECT,BBT,US_SOURCE_DIRECT,CARRY_FORWARD,False,,,,,,,,False,False,False
WS:US:BBWI,"Bath & Body Works, Inc.",US_SP1500,,,BBWI,BBWI,US_SOURCE_DIRECT,BBWI,US_SOURCE_DIRECT,CARRY_FORWARD,False,,,,,,,,False,False,False
WS:US:BBY,Best Buy,US_SP1500,,,BBY,BBY,US_SOURCE_DIRECT,BBY,US_SOURCE_DIRECT,CARRY_FORWARD,False,,,,,,,,False,False,False
WS:US:BC,Brunswick,US_SP1500,,,BC,BC,US_SOURCE_DIRECT,BC,US_SOURCE_DIRECT,CARRY_FORWARD,False,,,,,,,,False,False,False
WS:US:BCC,Boise Cascade,US_SP1500,,,BCC,BCC,US_SOURCE_DIRECT,BCC,US_SOURCE_DIRECT,CARRY_FORWARD,False,,,,,,,,False,False,False
WS:US:BCO,Brink's,US_SP1500,,,BCO,BCO,US_SOURCE_DIRECT,BCO,US_SOURCE_DIRECT,CARRY_FORWARD,False,,,,,,,,False,False,False
WS:US:BCPC,Balchem Corporation,US_SP1500,,,BCPC,BCPC,US_SOURCE_DIRECT,BCPC,US_SOURCE_DIRECT,CARRY_FORWARD,False,,,,,,,,False,False,False
WS:US:BDC,Belden Inc.,US_SP1500,,,BDC,BDC,US_SOURCE_DIRECT,BDC,US_SOURCE_DIRECT,CARRY_FORWARD,False,,,,,,,,False,False,False
WS:US:BDX,Becton Dickinson,US_SP1500,,,BDX,BDX,US_SOURCE_DIRECT,BDX,US_SOURCE_DIRECT,CARRY_FORWARD,False,,,,,,,,False,False,False
WS:US:BEN,Franklin Resources,US_SP1500,,,BEN,BEN,US_SOURCE_DIRECT,BEN,US_SOURCE_DIRECT,CARRY_FORWARD,False,,,,,,,,False,False,False
WS:US:BF.B,Brown–Forman,US_SP1500,,,BF.B,BF-B,US_SOURCE_DIRECT,BF-B,US_SOURCE_DIRECT,CARRY_FORWARD,False,,,,,,,,False,False,False
WS:US:BFAM,Bright Horizons Family Solutions Inc.,US_SP1500,,,BFAM,BFAM,US_SOURCE_DIRECT,BFAM,US_SOURCE_DIRECT,CARRY_FORWARD,False,,,,,,,,False,False,False
WS:US:BFH,"Bread Financial Holdings, Inc.",US_SP1500,,,BFH,BFH,US_SOURCE_DIRECT,BFH,US_SOURCE_DIRECT,CARRY_FORWARD,False,,,,,,,,False,False,False
WS:US:BFS,"Saul Centers, Inc.",US_SP1500,,,BFS,BFS,US_SOURCE_DIRECT,BFS,US_SOURCE_DIRECT,CARRY_FORWARD,False,,,,,,,,False,False,False
WS:US:BG,Bunge Global,US_SP1500,,,BG,BG,US_SOURCE_DIRECT,BG,US_SOURCE_DIRECT,CARRY_FORWARD,False,,,,,,,,False,False,False
WS:US:BGC,"BGC Group, Inc.",US_SP1500,,,BGC,BGC,US_SOURCE_DIRECT,BGC,US_SOURCE_DIRECT,CARRY_FORWARD,False,,,,,,,,False,False,False
WS:US:BHE,"Benchmark Electronics, Inc.",US_SP1500,,,BHE,BHE,US_SOURCE_DIRECT,BHE,US_SOURCE_DIRECT,CARRY_FORWARD,False,,,,,,,,False,False,False
WS:US:BHF,Brighthouse Financial,US_SP1500,,,BHF,BHF,US_SOURCE_DIRECT,BHF,US_SOURCE_DIRECT,CARRY_FORWARD,False,,,,,,,,False,False,False
WS:US:BIIB,Biogen,US_SP1500,,,BIIB,BIIB,US_SOURCE_DIRECT,BIIB,US_SOURCE_DIRECT,CARRY_FORWARD,False,,,,,,,,False,False,False
WS:US:BILL,Bill Holdings,US_SP1500,,,BILL,BILL,US_SOURCE_DIRECT,BILL,US_SOURCE_DIRECT,CARRY_FORWARD,False,,,,,,,,False,False,False
WS:US:BIO,Bio-Rad Laboratories,US_SP1500,,,BIO,BIO,US_SOURCE_DIRECT,BIO,US_SOURCE_DIRECT,CARRY_FORWARD,False,,,,,,,,False,False,False
WS:US:BJ,BJ's Wholesale Club,US_SP1500,,,BJ,BJ,US_SOURCE_DIRECT,BJ,US_SOURCE_DIRECT,CARRY_FORWARD,False,,,,,,,,False,False,False
WS:US:BJRI,"BJ's Restaurants, Inc.",US_SP1500,,,BJRI,BJRI,US_SOURCE_DIRECT,BJRI,US_SOURCE_DIRECT,CARRY_FORWARD,False,,,,,,,,False,False,False
WS:US:BKE,"The Buckle, Inc.",US_SP1500,,,BKE,BKE,US_SOURCE_DIRECT,BKE,US_SOURCE_DIRECT,CARRY_FORWARD,False,,,,,,,,False,False,False
WS:US:BKH,Black Hills Corporation,US_SP1500,,,BKH,BKH,US_SOURCE_DIRECT,BKH,US_SOURCE_DIRECT,CARRY_FORWARD,False,,,,,,,,False,False,False
WS:US:BKNG,Booking Holdings,US_SP1500,,,BKNG,BKNG,US_SOURCE_DIRECT,BKNG,US_SOURCE_DIRECT,CARRY_FORWARD,False,,,,,,,,False,False,False
WS:US:BKR,Baker Hughes,US_SP1500,,,BKR,BKR,US_SOURCE_DIRECT,BKR,US_SOURCE_DIRECT,CARRY_FORWARD,False,,,,,,,,False,False,False
WS:US:BKU,"BankUnited, Inc.",US_SP1500,,,BKU,BKU,US_SOURCE_DIRECT,BKU,US_SOURCE_DIRECT,CARRY_FORWARD,False,,,,,,,,False,False,False
WS:US:BL,"BlackLine Systems, Inc.",US_SP1500,,,BL,BL,US_SOURCE_DIRECT,BL,US_SOURCE_DIRECT,CARRY_FORWARD,False,,,,,,,,False,False,False
WS:US:BLDR,Builders FirstSource,US_SP1500,,,BLDR,BLDR,US_SOURCE_DIRECT,BLDR,US_SOURCE_DIRECT,CARRY_FORWARD,False,,,,,,,,False,False,False
WS:US:BLFS,"BioLife Solutions, Inc.",US_SP1500,,,BLFS,BLFS,US_SOURCE_DIRECT,BLFS,US_SOURCE_DIRECT,CARRY_FORWARD,False,,,,,,,,False,False,False
WS:US:BLK,BlackRock,US_SP1500,,,BLK,BLK,US_SOURCE_DIRECT,BLK,US_SOURCE_DIRECT,CARRY_FORWARD,False,,,,,,,,False,False,False
WS:US:BLKB,Blackbaud,US_SP1500,,,BLKB,BLKB,US_SOURCE_DIRECT,BLKB,US_SOURCE_DIRECT,CARRY_FORWARD,False,,,,,,,,False,False,False
WS:US:BMI,"Badger Meter, Inc.",US_SP1500,,,BMI,BMI,US_SOURCE_DIRECT,BMI,US_SOURCE_DIRECT,CARRY_FORWARD,False,,,,,,,,False,False,False
WS:US:BMRN,BioMarin Pharmaceutical,US_SP1500,,,BMRN,BMRN,US_SOURCE_DIRECT,BMRN,US_SOURCE_DIRECT,CARRY_FORWARD,False,,,,,,,,False,False,False
WS:US:BMY,Bristol Myers Squibb,US_SP1500,,,BMY,BMY,US_SOURCE_DIRECT,BMY,US_SOURCE_DIRECT,CARRY_FORWARD,False,,,,,,,,False,False,False
WS:US:BNL,"Broadstone Net Lease, Inc.",US_SP1500,,,BNL,BNL,US_SOURCE_DIRECT,BNL,US_SOURCE_DIRECT,CARRY_FORWARD,False,,,,,,,,False,False,False
WS:US:BNY,BNY Mellon,US_SP1500,,,BNY,BNY,US_SOURCE_DIRECT,BNY,US_SOURCE_DIRECT,CARRY_FORWARD,False,,,,,,,,False,False,False
WS:US:BOH,Bank of Hawaii,US_SP1500,,,BOH,BOH,US_SOURCE_DIRECT,BOH,US_SOURCE_DIRECT,CARRY_FORWARD,False,,,,,,,,False,False,False
WS:US:BOOT,"Boot Barn Holdings, Inc.",US_SP1500,,,BOOT,BOOT,US_SOURCE_DIRECT,BOOT,US_SOURCE_DIRECT,CARRY_FORWARD,False,,,,,,,,False,False,False
WS:US:BOX,"Box, Inc.",US_SP1500,,,BOX,BOX,US_SOURCE_DIRECT,BOX,US_SOURCE_DIRECT,CARRY_FORWARD,False,,,,,,,,False,False,False
WS:US:BR,Broadridge Financial Solutions,US_SP1500,,,BR,BR,US_SOURCE_DIRECT,BR,US_SOURCE_DIRECT,CARRY_FORWARD,False,,,,,,,,False,False,False
WS:US:BRC,Brady Corporation,US_SP1500,,,BRC,BRC,US_SOURCE_DIRECT,BRC,US_SOURCE_DIRECT,CARRY_FORWARD,False,,,,,,,,False,False,False
WS:US:BRK.B,Berkshire Hathaway,US_SP1500,,,BRK.B,BRK-B,US_SOURCE_DIRECT,BRK-B,US_SOURCE_DIRECT,CARRY_FORWARD,False,,,,,,,,False,False,False
WS:US:BRKR,Bruker,US_SP1500,,,BRKR,BRKR,US_SOURCE_DIRECT,BRKR,US_SOURCE_DIRECT,CARRY_FORWARD,False,,,,,,,,False,False,False
WS:US:BRO,Brown & Brown,US_SP1500,,,BRO,BRO,US_SOURCE_DIRECT,BRO,US_SOURCE_DIRECT,CARRY_FORWARD,False,,,,,,,,False,False,False
WS:US:BROS,Dutch Bros Inc.,US_SP1500,,,BROS,BROS,US_SOURCE_DIRECT,BROS,US_SOURCE_DIRECT,CARRY_FORWARD,False,,,,,,,,False,False,False
WS:US:BRX,Brixmor Property Group,US_SP1500,,,BRX,BRX,US_SOURCE_DIRECT,BRX,US_SOURCE_DIRECT,CARRY_FORWARD,False,,,,,,,,False,False,False
WS:US:BSX,Boston Scientific,US_SP1500,,,BSX,BSX,US_SOURCE_DIRECT,BSX,US_SOURCE_DIRECT,CARRY_FORWARD,False,,,,,,,,False,False,False
WS:US:BSY,Bentley Systems,US_SP1500,,,BSY,BSY,US_SOURCE_DIRECT,BSY,US_SOURCE_DIRECT,CARRY_FORWARD,False,,,,,,,,False,False,False
WS:US:BTSG,BrightSpring Health Services,US_SP1500,,,BTSG,BTSG,US_SOURCE_DIRECT,BTSG,US_SOURCE_DIRECT,CARRY_FORWARD,False,,,,,,,,False,False,False
WS:US:BTU,"Peabody Energy, Inc.",US_SP1500,,,BTU,BTU,US_SOURCE_DIRECT,BTU,US_SOURCE_DIRECT,CARRY_FORWARD,False,,,,,,,,False,False,False
WS:US:BURL,Burlington Stores,US_SP1500,,,BURL,BURL,US_SOURCE_DIRECT,BURL,US_SOURCE_DIRECT,CARRY_FORWARD,False,,,,,,,,False,False,False
WS:US:BWA,BorgWarner,US_SP1500,,,BWA,BWA,US_SOURCE_DIRECT,BWA,US_SOURCE_DIRECT,CARRY_FORWARD,False,,,,,,,,False,False,False
WS:US:BWXT,BWX Technologies,US_SP1500,,,BWXT,BWXT,US_SOURCE_DIRECT,BWXT,US_SOURCE_DIRECT,CARRY_FORWARD,False,,,,,,,,False,False,False
WS:US:BX,Blackstone Inc.,US_SP1500,,,BX,BX,US_SOURCE_DIRECT,BX,US_SOURCE_DIRECT,CARRY_FORWARD,False,,,,,,,,False,False,False
WS:US:BXMT,"Blackstone Mortgage Trust, Inc.",US_SP1500,,,BXMT,BXMT,US_SOURCE_DIRECT,BXMT,US_SOURCE_DIRECT,CARRY_FORWARD,False,,,,,,,,False,False,False
WS:US:BXP,"BXP, Inc.",US_SP1500,,,BXP,BXP,US_SOURCE_DIRECT,BXP,US_SOURCE_DIRECT,CARRY_FORWARD,False,,,,,,,,False,False,False
WS:US:BYD,Boyd Gaming,US_SP1500,,,BYD,BYD,US_SOURCE_DIRECT,BYD,US_SOURCE_DIRECT,CARRY_FORWARD,False,,,,,,,,False,False,False
WS:US:C,Citigroup,US_SP1500,,,C,C,US_SOURCE_DIRECT,C,US_SOURCE_DIRECT,CARRY_FORWARD,False,,,,,,,,False,False,False
WS:US:CACC,Credit Acceptance,US_SP1500,,,CACC,CACC,US_SOURCE_DIRECT,CACC,US_SOURCE_DIRECT,CARRY_FORWARD,False,,,,,,,,False,False,False
WS:US:CACI,CACI International,US_SP1500,,,CACI,CACI,US_SOURCE_DIRECT,CACI,US_SOURCE_DIRECT,CARRY_FORWARD,False,,,,,,,,False,False,False
WS:US:CAG,Conagra Brands,US_SP1500,,,CAG,CAG,US_SOURCE_DIRECT,CAG,US_SOURCE_DIRECT,CARRY_FORWARD,False,,,,,,,,False,False,False
WS:US:CAH,Cardinal Health,US_SP1500,,,CAH,CAH,US_SOURCE_DIRECT,CAH,US_SOURCE_DIRECT,CARRY_FORWARD,False,,,,,,,,False,False,False
WS:US:CAKE,"The Cheesecake Factory, Inc.",US_SP1500,,,CAKE,CAKE,US_SOURCE_DIRECT,CAKE,US_SOURCE_DIRECT,CARRY_FORWARD,False,,,,,,,,False,False,False
WS:US:CALM,"Cal-Maine Foods, Inc.",US_SP1500,,,CALM,CALM,US_SOURCE_DIRECT,CALM,US_SOURCE_DIRECT,CARRY_FORWARD,False,,,,,,,,False,False,False
WS:US:CALX,Calix,US_SP1500,,,CALX,CALX,US_SOURCE_DIRECT,CALX,US_SOURCE_DIRECT,CARRY_FORWARD,False,,,,,,,,False,False,False
WS:US:CALY,Callaway Golf Company,US_SP1500,,,CALY,CALY,US_SOURCE_DIRECT,CALY,US_SOURCE_DIRECT,CARRY_FORWARD,False,,,,,,,,False,False,False
WS:US:CAR,Avis Budget Group,US_SP1500,,,CAR,CAR,US_SOURCE_DIRECT,CAR,US_SOURCE_DIRECT,CARRY_FORWARD,False,,,,,,,,False,False,False
WS:US:CARG,CarGurus,US_SP1500,,,CARG,CARG,US_SOURCE_DIRECT,CARG,US_SOURCE_DIRECT,CARRY_FORWARD,False,,,,,,,,False,False,False
WS:US:CARR,Carrier Global,US_SP1500,,,CARR,CARR,US_SOURCE_DIRECT,CARR,US_SOURCE_DIRECT,CARRY_FORWARD,False,,,,,,,,False,False,False
WS:US:CART,Maplebear Inc.,US_SP1500,,,CART,CART,US_SOURCE_DIRECT,CART,US_SOURCE_DIRECT,CARRY_FORWARD,False,,,,,,,,False,False,False
WS:US:CASH,"Pathward Financial, Inc.",US_SP1500,,,CASH,CASH,US_SOURCE_DIRECT,CASH,US_SOURCE_DIRECT,CARRY_FORWARD,False,,,,,,,,False,False,False
WS:US:CASY,Casey's,US_SP1500,,,CASY,CASY,US_SOURCE_DIRECT,CASY,US_SOURCE_DIRECT,CARRY_FORWARD,False,,,,,,,,False,False,False
WS:US:CAT,Caterpillar Inc.,US_SP1500,,,CAT,CAT,US_SOURCE_DIRECT,CAT,US_SOURCE_DIRECT,CARRY_FORWARD,False,,,,,,,,False,False,False
WS:US:CATY,Cathay General Bancorp,US_SP1500,,,CATY,CATY,US_SOURCE_DIRECT,CATY,US_SOURCE_DIRECT,CARRY_FORWARD,False,,,,,,,,False,False,False
WS:US:CAVA,Cava Group,US_SP1500,,,CAVA,CAVA,US_SOURCE_DIRECT,CAVA,US_SOURCE_DIRECT,CARRY_FORWARD,False,,,,,,,,False,False,False
WS:US:CB,Chubb Limited,US_SP1500,,,CB,CB,US_SOURCE_DIRECT,CB,US_SOURCE_DIRECT,CARRY_FORWARD,False,,,,,,,,False,False,False
WS:US:CBOE,Cboe Global Markets,US_SP1500,,,CBOE,CBOE,US_SOURCE_DIRECT,CBOE,US_SOURCE_DIRECT,CARRY_FORWARD,False,,,,,,,,False,False,False
WS:US:CBRE,CBRE Group,US_SP1500,,,CBRE,CBRE,US_SOURCE_DIRECT,CBRE,US_SOURCE_DIRECT,CARRY_FORWARD,False,,,,,,,,False,False,False
WS:US:CBRL,Cracker Barrel,US_SP1500,,,CBRL,CBRL,US_SOURCE_DIRECT,CBRL,US_SOURCE_DIRECT,CARRY_FORWARD,False,,,,,,,,False,False,False
WS:US:CBSH,Commerce Bancshares,US_SP1500,,,CBSH,CBSH,US_SOURCE_DIRECT,CBSH,US_SOURCE_DIRECT,CARRY_FORWARD,False,,,,,,,,False,False,False
WS:US:CBT,Cabot Corp,US_SP1500,,,CBT,CBT,US_SOURCE_DIRECT,CBT,US_SOURCE_DIRECT,CARRY_FORWARD,False,,,,,,,,False,False,False
WS:US:CBU,"Community Bank System, Inc.",US_SP1500,,,CBU,CBU,US_SOURCE_DIRECT,CBU,US_SOURCE_DIRECT,CARRY_FORWARD,False,,,,,,,,False,False,False
WS:US:CC,Chemours,US_SP1500,,,CC,CC,US_SOURCE_DIRECT,CC,US_SOURCE_DIRECT,CARRY_FORWARD,False,,,,,,,,False,False,False
WS:US:CCI,Crown Castle,US_SP1500,,,CCI,CCI,US_SOURCE_DIRECT,CCI,US_SOURCE_DIRECT,CARRY_FORWARD,False,,,,,,,,False,False,False
WS:US:CCK,Crown Holdings,US_SP1500,,,CCK,CCK,US_SOURCE_DIRECT,CCK,US_SOURCE_DIRECT,CARRY_FORWARD,False,,,,,,,,False,False,False
WS:US:CCL,Carnival Corporation,US_SP1500,,,CCL,CCL,US_SOURCE_DIRECT,CCL,US_SOURCE_DIRECT,CARRY_FORWARD,False,,,,,,,,False,False,False
WS:US:CCOI,"Cogent Communications Holdings, Inc.",US_SP1500,,,CCOI,CCOI,US_SOURCE_DIRECT,CCOI,US_SOURCE_DIRECT,CARRY_FORWARD,False,,,,,,,,False,False,False
WS:US:CCS,"Century Communities, Inc.",US_SP1500,,,CCS,CCS,US_SOURCE_DIRECT,CCS,US_SOURCE_DIRECT,CARRY_FORWARD,False,,,,,,,,False,False,False
WS:US:CDE,Coeur Mining,US_SP1500,,,CDE,CDE,US_SOURCE_DIRECT,CDE,US_SOURCE_DIRECT,CARRY_FORWARD,False,,,,,,,,False,False,False
WS:US:CDNS,Cadence Design Systems,US_SP1500,,,CDNS,CDNS,US_SOURCE_DIRECT,CDNS,US_SOURCE_DIRECT,CARRY_FORWARD,False,,,,,,,,False,False,False
WS:US:CDP,COPT Defense Properties,US_SP1500,,,CDP,CDP,US_SOURCE_DIRECT,CDP,US_SOURCE_DIRECT,CARRY_FORWARD,False,,,,,,,,False,False,False
WS:US:CDW,CDW Corporation,US_SP1500,,,CDW,CDW,US_SOURCE_DIRECT,CDW,US_SOURCE_DIRECT,CARRY_FORWARD,False,,,,,,,,False,False,False
WS:US:CE,Celanese,US_SP1500,,,CE,CE,US_SOURCE_DIRECT,CE,US_SOURCE_DIRECT,CARRY_FORWARD,False,,,,,,,,False,False,False
WS:US:CEG,Constellation Energy,US_SP1500,,,CEG,CEG,US_SOURCE_DIRECT,CEG,US_SOURCE_DIRECT,CARRY_FORWARD,False,,,,,,,,False,False,False
WS:US:CELH,Celsius Holdings,US_SP1500,,,CELH,CELH,US_SOURCE_DIRECT,CELH,US_SOURCE_DIRECT,CARRY_FORWARD,False,,,,,,,,False,False,False
WS:US:CENT,Central Garden & Pet Company,US_SP1500,,,CENT,CENT,US_SOURCE_DIRECT,CENT,US_SOURCE_DIRECT,CARRY_FORWARD,False,,,,,,,,False,False,False
WS:US:CENTA,Central Garden & Pet Company (Class A),US_SP1500,,,CENTA,CENTA,US_SOURCE_DIRECT,CENTA,US_SOURCE_DIRECT,CARRY_FORWARD,False,,,,,,,,False,False,False
WS:US:CENX,Century Aluminum Company,US_SP1500,,,CENX,CENX,US_SOURCE_DIRECT,CENX,US_SOURCE_DIRECT,CARRY_FORWARD,False,,,,,,,,False,False,False
WS:US:CERT,"Certara, Inc.",US_SP1500,,,CERT,CERT,US_SOURCE_DIRECT,CERT,US_SOURCE_DIRECT,CARRY_FORWARD,False,,,,,,,,False,False,False
WS:US:CF,CF Industries,US_SP1500,,,CF,CF,US_SOURCE_DIRECT,CF,US_SOURCE_DIRECT,CARRY_FORWARD,False,,,,,,,,False,False,False
WS:US:CFFN,Capitol Federal Savings Bank,US_SP1500,,,CFFN,CFFN,US_SOURCE_DIRECT,CFFN,US_SOURCE_DIRECT,CARRY_FORWARD,False,,,,,,,,False,False,False
WS:US:CFG,Citizens Financial Group,US_SP1500,,,CFG,CFG,US_SOURCE_DIRECT,CFG,US_SOURCE_DIRECT,CARRY_FORWARD,False,,,,,,,,False,False,False
WS:US:CFR,Frost Bank,US_SP1500,,,CFR,CFR,US_SOURCE_DIRECT,CFR,US_SOURCE_DIRECT,CARRY_FORWARD,False,,,,,,,,False,False,False
WS:US:CG,Carlyle Group (The),US_SP1500,,,CG,CG,US_SOURCE_DIRECT,CG,US_SOURCE_DIRECT,CARRY_FORWARD,False,,,,,,,,False,False,False
WS:US:CGNX,Cognex,US_SP1500,,,CGNX,CGNX,US_SOURCE_DIRECT,CGNX,US_SOURCE_DIRECT,CARRY_FORWARD,False,,,,,,,,False,False,False
WS:US:CHCO,City Holding Company,US_SP1500,,,CHCO,CHCO,US_SOURCE_DIRECT,CHCO,US_SOURCE_DIRECT,CARRY_FORWARD,False,,,,,,,,False,False,False
WS:US:CHD,Church & Dwight,US_SP1500,,,CHD,CHD,US_SOURCE_DIRECT,CHD,US_SOURCE_DIRECT,CARRY_FORWARD,False,,,,,,,,False,False,False
WS:US:CHDN,Churchill Downs Inc.,US_SP1500,,,CHDN,CHDN,US_SOURCE_DIRECT,CHDN,US_SOURCE_DIRECT,CARRY_FORWARD,False,,,,,,,,False,False,False
WS:US:CHE,Chemed Corp.,US_SP1500,,,CHE,CHE,US_SOURCE_DIRECT,CHE,US_SOURCE_DIRECT,CARRY_FORWARD,False,,,,,,,,False,False,False
WS:US:CHEF,"Chefs' Warehouse, Inc.",US_SP1500,,,CHEF,CHEF,US_SOURCE_DIRECT,CHEF,US_SOURCE_DIRECT,CARRY_FORWARD,False,,,,,,,,False,False,False
WS:US:CHH,Choice Hotels,US_SP1500,,,CHH,CHH,US_SOURCE_DIRECT,CHH,US_SOURCE_DIRECT,CARRY_FORWARD,False,,,,,,,,False,False,False
WS:US:CHRD,Chord Energy,US_SP1500,,,CHRD,CHRD,US_SOURCE_DIRECT,CHRD,US_SOURCE_DIRECT,CARRY_FORWARD,False,,,,,,,,False,False,False
WS:US:CHRW,C.H. Robinson,US_SP1500,,,CHRW,CHRW,US_SOURCE_DIRECT,CHRW,US_SOURCE_DIRECT,CARRY_FORWARD,False,,,,,,,,False,False,False
WS:US:CHTR,Charter Communications,US_SP1500,,,CHTR,CHTR,US_SOURCE_DIRECT,CHTR,US_SOURCE_DIRECT,CARRY_FORWARD,False,,,,,,,,False,False,False
WS:US:CHWY,Chewy,US_SP1500,,,CHWY,CHWY,US_SOURCE_DIRECT,CHWY,US_SOURCE_DIRECT,CARRY_FORWARD,False,,,,,,,,False,False,False
WS:US:CI,Cigna,US_SP1500,,,CI,CI,US_SOURCE_DIRECT,CI,US_SOURCE_DIRECT,CARRY_FORWARD,False,,,,,,,,False,False,False
WS:US:CIEN,Ciena,US_SP1500,,,CIEN,CIEN,US_SOURCE_DIRECT,CIEN,US_SOURCE_DIRECT,CARRY_FORWARD,False,,,,,,,,False,False,False
WS:US:CINF,Cincinnati Financial,US_SP1500,,,CINF,CINF,US_SOURCE_DIRECT,CINF,US_SOURCE_DIRECT,CARRY_FORWARD,False,,,,,,,,False,False,False
WS:US:CL,Colgate-Palmolive,US_SP1500,,,CL,CL,US_SOURCE_DIRECT,CL,US_SOURCE_DIRECT,CARRY_FORWARD,False,,,,,,,,False,False,False
WS:US:CLF,Cleveland-Cliffs,US_SP1500,,,CLF,CLF,US_SOURCE_DIRECT,CLF,US_SOURCE_DIRECT,CARRY_FORWARD,False,,,,,,,,False,False,False
WS:US:CLH,Clean Harbors,US_SP1500,,,CLH,CLH,US_SOURCE_DIRECT,CLH,US_SOURCE_DIRECT,CARRY_FORWARD,False,,,,,,,,False,False,False
WS:US:CLSK,"CleanSpark, Inc.",US_SP1500,,,CLSK,CLSK,US_SOURCE_DIRECT,CLSK,US_SOURCE_DIRECT,CARRY_FORWARD,False,,,,,,,,False,False,False
WS:US:CLX,Clorox,US_SP1500,,,CLX,CLX,US_SOURCE_DIRECT,CLX,US_SOURCE_DIRECT,CARRY_FORWARD,False,,,,,,,,False,False,False
WS:US:CMC,Commercial Metals,US_SP1500,,,CMC,CMC,US_SOURCE_DIRECT,CMC,US_SOURCE_DIRECT,CARRY_FORWARD,False,,,,,,,,False,False,False
WS:US:CMCSA,Comcast,US_SP1500,,,CMCSA,CMCSA,US_SOURCE_DIRECT,CMCSA,US_SOURCE_DIRECT,CARRY_FORWARD,False,,,,,,,,False,False,False
WS:US:CME,CME Group,US_SP1500,,,CME,CME,US_SOURCE_DIRECT,CME,US_SOURCE_DIRECT,CARRY_FORWARD,False,,,,,,,,False,False,False
WS:US:CMG,Chipotle Mexican Grill,US_SP1500,,,CMG,CMG,US_SOURCE_DIRECT,CMG,US_SOURCE_DIRECT,CARRY_FORWARD,False,,,,,,,,False,False,False
WS:US:CMI,Cummins,US_SP1500,,,CMI,CMI,US_SOURCE_DIRECT,CMI,US_SOURCE_DIRECT,CARRY_FORWARD,False,,,,,,,,False,False,False
WS:US:CMS,CMS Energy,US_SP1500,,,CMS,CMS,US_SOURCE_DIRECT,CMS,US_SOURCE_DIRECT,CARRY_FORWARD,False,,,,,,,,False,False,False
WS:US:CNC,Centene Corporation,US_SP1500,,,CNC,CNC,US_SOURCE_DIRECT,CNC,US_SOURCE_DIRECT,CARRY_FORWARD,False,,,,,,,,False,False,False
WS:US:CNH,CNH Industrial,US_SP1500,,,CNH,CNH,US_SOURCE_DIRECT,CNH,US_SOURCE_DIRECT,CARRY_FORWARD,False,,,,,,,,False,False,False
WS:US:CNK,"Cinemark Holdings, Inc.",US_SP1500,,,CNK,CNK,US_SOURCE_DIRECT,CNK,US_SOURCE_DIRECT,CARRY_FORWARD,False,,,,,,,,False,False,False
WS:US:CNM,Core & Main,US_SP1500,,,CNM,CNM,US_SOURCE_DIRECT,CNM,US_SOURCE_DIRECT,CARRY_FORWARD,False,,,,,,,,False,False,False
WS:US:CNMD,CONMED Corporation,US_SP1500,,,CNMD,CNMD,US_SOURCE_DIRECT,CNMD,US_SOURCE_DIRECT,CARRY_FORWARD,False,,,,,,,,False,False,False
WS:US:CNO,CNO Financial Group,US_SP1500,,,CNO,CNO,US_SOURCE_DIRECT,CNO,US_SOURCE_DIRECT,CARRY_FORWARD,False,,,,,,,,False,False,False
WS:US:CNP,CenterPoint Energy,US_SP1500,,,CNP,CNP,US_SOURCE_DIRECT,CNP,US_SOURCE_DIRECT,CARRY_FORWARD,False,,,,,,,,False,False,False
WS:US:CNR,"Core Natural Resources, Inc.",US_SP1500,,,CNR,CNR,US_SOURCE_DIRECT,CNR,US_SOURCE_DIRECT,CARRY_FORWARD,False,,,,,,,,False,False,False
WS:US:CNS,"Cohen & Steers, Inc.",US_SP1500,,,CNS,CNS,US_SOURCE_DIRECT,CNS,US_SOURCE_DIRECT,CARRY_FORWARD,False,,,,,,,,False,False,False
WS:US:CNX,CNX Resources,US_SP1500,,,CNX,CNX,US_SOURCE_DIRECT,CNX,US_SOURCE_DIRECT,CARRY_FORWARD,False,,,,,,,,False,False,False
WS:US:CNXC,Concentrix,US_SP1500,,,CNXC,CNXC,US_SOURCE_DIRECT,CNXC,US_SOURCE_DIRECT,CARRY_FORWARD,False,,,,,,,,False,False,False
WS:US:CNXN,"PC Connection, Inc.",US_SP1500,,,CNXN,CNXN,US_SOURCE_DIRECT,CNXN,US_SOURCE_DIRECT,CARRY_FORWARD,False,,,,,,,,False,False,False
WS:US:COCO,The Vita Coco Company,US_SP1500,,,COCO,COCO,US_SOURCE_DIRECT,COCO,US_SOURCE_DIRECT,CARRY_FORWARD,False,,,,,,,,False,False,False
WS:US:COF,Capital One,US_SP1500,,,COF,COF,US_SOURCE_DIRECT,COF,US_SOURCE_DIRECT,CARRY_FORWARD,False,,,,,,,,False,False,False
WS:US:COHR,Coherent Corp.,US_SP1500,,,COHR,COHR,US_SOURCE_DIRECT,COHR,US_SOURCE_DIRECT,CARRY_FORWARD,False,,,,,,,,False,False,False
WS:US:COHU,"Cohu, Inc.",US_SP1500,,,COHU,COHU,US_SOURCE_DIRECT,COHU,US_SOURCE_DIRECT,CARRY_FORWARD,False,,,,,,,,False,False,False
WS:US:COIN,Coinbase,US_SP1500,,,COIN,COIN,US_SOURCE_DIRECT,COIN,US_SOURCE_DIRECT,CARRY_FORWARD,False,,,,,,,,False,False,False
WS:US:COKE,Coca-Cola Consolidated,US_SP1500,,,COKE,COKE,US_SOURCE_DIRECT,COKE,US_SOURCE_DIRECT,CARRY_FORWARD,False,,,,,,,,False,False,False
WS:US:COLB,Columbia Banking System,US_SP1500,,,COLB,COLB,US_SOURCE_DIRECT,COLB,US_SOURCE_DIRECT,CARRY_FORWARD,False,,,,,,,,False,False,False
WS:US:COLL,"Collegium Pharmaceutical, Inc.",US_SP1500,,,COLL,COLL,US_SOURCE_DIRECT,COLL,US_SOURCE_DIRECT,CARRY_FORWARD,False,,,,,,,,False,False,False
WS:US:COLM,Columbia Sportswear,US_SP1500,,,COLM,COLM,US_SOURCE_DIRECT,COLM,US_SOURCE_DIRECT,CARRY_FORWARD,False,,,,,,,,False,False,False
WS:US:CON,"Concentra Group Holdings Parent, Inc.",US_SP1500,,,CON,CON,US_SOURCE_DIRECT,CON,US_SOURCE_DIRECT,CARRY_FORWARD,False,,,,,,,,False,False,False
WS:US:COO,Cooper Companies (The),US_SP1500,,,COO,COO,US_SOURCE_DIRECT,COO,US_SOURCE_DIRECT,CARRY_FORWARD,False,,,,,,,,False,False,False
WS:US:COP,ConocoPhillips,US_SP1500,,,COP,COP,US_SOURCE_DIRECT,COP,US_SOURCE_DIRECT,CARRY_FORWARD,False,,,,,,,,False,False,False
WS:US:COR,Cencora,US_SP1500,,,COR,COR,US_SOURCE_DIRECT,COR,US_SOURCE_DIRECT,CARRY_FORWARD,False,,,,,,,,False,False,False
WS:US:CORT,Corcept Therapeutics Incorporated,US_SP1500,,,CORT,CORT,US_SOURCE_DIRECT,CORT,US_SOURCE_DIRECT,CARRY_FORWARD,False,,,,,,,,False,False,False
WS:US:COST,Costco,US_SP1500,,,COST,COST,US_SOURCE_DIRECT,COST,US_SOURCE_DIRECT,CARRY_FORWARD,False,,,,,,,,False,False,False
WS:US:COTY,Coty,US_SP1500,,,COTY,COTY,US_SOURCE_DIRECT,COTY,US_SOURCE_DIRECT,CARRY_FORWARD,False,,,,,,,,False,False,False
WS:US:CPAY,Corpay,US_SP1500,,,CPAY,CPAY,US_SOURCE_DIRECT,CPAY,US_SOURCE_DIRECT,CARRY_FORWARD,False,,,,,,,,False,False,False
WS:US:CPB,The Campbell's Company,US_SP1500,,,CPB,CPB,US_SOURCE_DIRECT,CPB,US_SOURCE_DIRECT,CARRY_FORWARD,False,,,,,,,,False,False,False
WS:US:CPF,Central Pacific Financial Corp.,US_SP1500,,,CPF,CPF,US_SOURCE_DIRECT,CPF,US_SOURCE_DIRECT,CARRY_FORWARD,False,,,,,,,,False,False,False
WS:US:CPK,Chesapeake Utilities Corp.,US_SP1500,,,CPK,CPK,US_SOURCE_DIRECT,CPK,US_SOURCE_DIRECT,CARRY_FORWARD,False,,,,,,,,False,False,False
WS:US:CPRI,Capri Holdings,US_SP1500,,,CPRI,CPRI,US_SOURCE_DIRECT,CPRI,US_SOURCE_DIRECT,CARRY_FORWARD,False,,,,,,,,False,False,False
WS:US:CPRT,Copart,US_SP1500,,,CPRT,CPRT,US_SOURCE_DIRECT,CPRT,US_SOURCE_DIRECT,CARRY_FORWARD,False,,,,,,,,False,False,False
WS:US:CPT,Camden Property Trust,US_SP1500,,,CPT,CPT,US_SOURCE_DIRECT,CPT,US_SOURCE_DIRECT,CARRY_FORWARD,False,,,,,,,,False,False,False
WS:US:CR,Crane,US_SP1500,,,CR,CR,US_SOURCE_DIRECT,CR,US_SOURCE_DIRECT,CARRY_FORWARD,False,,,,,,,,False,False,False
WS:US:CRBG,Corebridge Financial,US_SP1500,,,CRBG,CRBG,US_SOURCE_DIRECT,CRBG,US_SOURCE_DIRECT,CARRY_FORWARD,False,,,,,,,,False,False,False
WS:US:CRC,California Resources Corporation,US_SP1500,,,CRC,CRC,US_SOURCE_DIRECT,CRC,US_SOURCE_DIRECT,CARRY_FORWARD,False,,,,,,,,False,False,False
WS:US:CRGY,Crescent Energy Company,US_SP1500,,,CRGY,CRGY,US_SOURCE_DIRECT,CRGY,US_SOURCE_DIRECT,CARRY_FORWARD,False,,,,,,,,False,False,False
WS:US:CRH,CRH plc,US_SP1500,,,CRH,CRH,US_SOURCE_DIRECT,CRH,US_SOURCE_DIRECT,CARRY_FORWARD,False,,,,,,,,False,False,False
WS:US:CRI,"Carter's, Inc.",US_SP1500,,,CRI,CRI,US_SOURCE_DIRECT,CRI,US_SOURCE_DIRECT,CARRY_FORWARD,False,,,,,,,,False,False,False
WS:US:CRK,"Comstock Resources, Inc.",US_SP1500,,,CRK,CRK,US_SOURCE_DIRECT,CRK,US_SOURCE_DIRECT,CARRY_FORWARD,False,,,,,,,,False,False,False
WS:US:CRL,Charles River Laboratories,US_SP1500,,,CRL,CRL,US_SOURCE_DIRECT,CRL,US_SOURCE_DIRECT,CARRY_FORWARD,False,,,,,,,,False,False,False
WS:US:CRM,Salesforce,US_SP1500,,,CRM,CRM,US_SOURCE_DIRECT,CRM,US_SOURCE_DIRECT,CARRY_FORWARD,False,,,,,,,,False,False,False
WS:US:CROX,Crocs,US_SP1500,,,CROX,CROX,US_SOURCE_DIRECT,CROX,US_SOURCE_DIRECT,CARRY_FORWARD,False,,,,,,,,False,False,False
WS:US:CRS,Carpenter Technology,US_SP1500,,,CRS,CRS,US_SOURCE_DIRECT,CRS,US_SOURCE_DIRECT,CARRY_FORWARD,False,,,,,,,,False,False,False
WS:US:CRSR,Corsair Gaming,US_SP1500,,,CRSR,CRSR,US_SOURCE_DIRECT,CRSR,US_SOURCE_DIRECT,CARRY_FORWARD,False,,,,,,,,False,False,False
WS:US:CRUS,Cirrus Logic,US_SP1500,,,CRUS,CRUS,US_SOURCE_DIRECT,CRUS,US_SOURCE_DIRECT,CARRY_FORWARD,False,,,,,,,,False,False,False
WS:US:CRVL,CorVel Corporation,US_SP1500,,,CRVL,CRVL,US_SOURCE_DIRECT,CRVL,US_SOURCE_DIRECT,CARRY_FORWARD,False,,,,,,,,False,False,False
WS:US:CRWD,CrowdStrike,US_SP1500,,,CRWD,CRWD,US_SOURCE_DIRECT,CRWD,US_SOURCE_DIRECT,CARRY_FORWARD,False,,,,,,,,False,False,False
WS:US:CSCO,Cisco,US_SP1500,,,CSCO,CSCO,US_SOURCE_DIRECT,CSCO,US_SOURCE_DIRECT,CARRY_FORWARD,False,,,,,,,,False,False,False
WS:US:CSGP,CoStar Group,US_SP1500,,,CSGP,CSGP,US_SOURCE_DIRECT,CSGP,US_SOURCE_DIRECT,CARRY_FORWARD,False,,,,,,,,False,False,False
WS:US:CSL,Carlisle Companies,US_SP1500,,,CSL,CSL,US_SOURCE_DIRECT,CSL,US_SOURCE_DIRECT,CARRY_FORWARD,False,,,,,,,,False,False,False
WS:US:CSR,Centerspace Trust,US_SP1500,,,CSR,CSR,US_SOURCE_DIRECT,CSR,US_SOURCE_DIRECT,CARRY_FORWARD,False,,,,,,,,False,False,False
WS:US:CSW,"CSW Industrials, Inc.",US_SP1500,,,CSW,CSW,US_SOURCE_DIRECT,CSW,US_SOURCE_DIRECT,CARRY_FORWARD,False,,,,,,,,False,False,False
WS:US:CSX,CSX Corporation,US_SP1500,,,CSX,CSX,US_SOURCE_DIRECT,CSX,US_SOURCE_DIRECT,CARRY_FORWARD,False,,,,,,,,False,False,False
WS:US:CTAS,Cintas,US_SP1500,,,CTAS,CTAS,US_SOURCE_DIRECT,CTAS,US_SOURCE_DIRECT,CARRY_FORWARD,False,,,,,,,,False,False,False
WS:US:CTRE,CareTrust REIT,US_SP1500,,,CTRE,CTRE,US_SOURCE_DIRECT,CTRE,US_SOURCE_DIRECT,CARRY_FORWARD,False,,,,,,,,False,False,False
WS:US:CTS,CTS Corporation,US_SP1500,,,CTS,CTS,US_SOURCE_DIRECT,CTS,US_SOURCE_DIRECT,CARRY_FORWARD,False,,,,,,,,False,False,False
WS:US:CTSH,Cognizant,US_SP1500,,,CTSH,CTSH,US_SOURCE_DIRECT,CTSH,US_SOURCE_DIRECT,CARRY_FORWARD,False,,,,,,,,False,False,False
WS:US:CTVA,Corteva,US_SP1500,,,CTVA,CTVA,US_SOURCE_DIRECT,CTVA,US_SOURCE_DIRECT,CARRY_FORWARD,False,,,,,,,,False,False,False
WS:US:CUBE,CubeSmart,US_SP1500,,,CUBE,CUBE,US_SOURCE_DIRECT,CUBE,US_SOURCE_DIRECT,CARRY_FORWARD,False,,,,,,,,False,False,False
WS:US:CUBI,"Customers Bancorp, Inc.",US_SP1500,,,CUBI,CUBI,US_SOURCE_DIRECT,CUBI,US_SOURCE_DIRECT,CARRY_FORWARD,False,,,,,,,,False,False,False
WS:US:CURB,Curbline Properties Corp.,US_SP1500,,,CURB,CURB,US_SOURCE_DIRECT,CURB,US_SOURCE_DIRECT,CARRY_FORWARD,False,,,,,,,,False,False,False
WS:US:CUZ,Cousins Properties,US_SP1500,,,CUZ,CUZ,US_SOURCE_DIRECT,CUZ,US_SOURCE_DIRECT,CARRY_FORWARD,False,,,,,,,,False,False,False
WS:US:CVBF,CVB Financial Corp.,US_SP1500,,,CVBF,CVBF,US_SOURCE_DIRECT,CVBF,US_SOURCE_DIRECT,CARRY_FORWARD,False,,,,,,,,False,False,False
WS:US:CVCO,"Cavco Industries, Inc.",US_SP1500,,,CVCO,CVCO,US_SOURCE_DIRECT,CVCO,US_SOURCE_DIRECT,CARRY_FORWARD,False,,,,,,,,False,False,False
WS:US:CVI,"CVR Energy, Inc.",US_SP1500,,,CVI,CVI,US_SOURCE_DIRECT,CVI,US_SOURCE_DIRECT,CARRY_FORWARD,False,,,,,,,,False,False,False
WS:US:CVLT,CommVault Systems,US_SP1500,,,CVLT,CVLT,US_SOURCE_DIRECT,CVLT,US_SOURCE_DIRECT,CARRY_FORWARD,False,,,,,,,,False,False,False
WS:US:CVNA,Carvana,US_SP1500,,,CVNA,CVNA,US_SOURCE_DIRECT,CVNA,US_SOURCE_DIRECT,CARRY_FORWARD,False,,,,,,,,False,False,False
WS:US:CVS,CVS Health,US_SP1500,,,CVS,CVS,US_SOURCE_DIRECT,CVS,US_SOURCE_DIRECT,CARRY_FORWARD,False,,,,,,,,False,False,False
WS:US:CVSA,Covista Inc.,US_SP1500,,,CVSA,CVSA,US_SOURCE_DIRECT,CVSA,US_SOURCE_DIRECT,CARRY_FORWARD,False,,,,,,,,False,False,False
WS:US:CVX,Chevron Corporation,US_SP1500,,,CVX,CVX,US_SOURCE_DIRECT,CVX,US_SOURCE_DIRECT,CARRY_FORWARD,False,,,,,,,,False,False,False
WS:US:CW,Curtiss-Wright,US_SP1500,,,CW,CW,US_SOURCE_DIRECT,CW,US_SOURCE_DIRECT,CARRY_FORWARD,False,,,,,,,,False,False,False
WS:US:CWEN,"Clearway Energy, Inc. (Class C)",US_SP1500,,,CWEN,CWEN,US_SOURCE_DIRECT,CWEN,US_SOURCE_DIRECT,CARRY_FORWARD,False,,,,,,,,False,False,False
WS:US:CWEN.A,"Clearway Energy, Inc. (Class A)",US_SP1500,,,CWEN.A,CWEN-A,US_SOURCE_DIRECT,CWEN-A,US_SOURCE_DIRECT,CARRY_FORWARD,False,,,,,,,,False,False,False
WS:US:CWK,Cushman & Wakefield plc,US_SP1500,,,CWK,CWK,US_SOURCE_DIRECT,CWK,US_SOURCE_DIRECT,CARRY_FORWARD,False,,,,,,,,False,False,False
WS:US:CWST,"Casella Waste Systems, Inc.",US_SP1500,,,CWST,CWST,US_SOURCE_DIRECT,CWST,US_SOURCE_DIRECT,CARRY_FORWARD,False,,,,,,,,False,False,False
WS:US:CWT,California Water Service Group,US_SP1500,,,CWT,CWT,US_SOURCE_DIRECT,CWT,US_SOURCE_DIRECT,CARRY_FORWARD,False,,,,,,,,False,False,False
WS:US:CXM,"Sprinklr, Inc.",US_SP1500,,,CXM,CXM,US_SOURCE_DIRECT,CXM,US_SOURCE_DIRECT,CARRY_FORWARD,False,,,,,,,,False,False,False
WS:US:CXT,Crane NXT,US_SP1500,,,CXT,CXT,US_SOURCE_DIRECT,CXT,US_SOURCE_DIRECT,CARRY_FORWARD,False,,,,,,,,False,False,False
WS:US:CXW,CoreCivic,US_SP1500,,,CXW,CXW,US_SOURCE_DIRECT,CXW,US_SOURCE_DIRECT,CARRY_FORWARD,False,,,,,,,,False,False,False
WS:US:CYTK,Cytokinetics,US_SP1500,,,CYTK,CYTK,US_SOURCE_DIRECT,CYTK,US_SOURCE_DIRECT,CARRY_FORWARD,False,,,,,,,,False,False,False
WS:US:CZR,Caesars Entertainment,US_SP1500,,,CZR,CZR,US_SOURCE_DIRECT,CZR,US_SOURCE_DIRECT,CARRY_FORWARD,False,,,,,,,,False,False,False
WS:US:D,Dominion Energy,US_SP1500,,,D,D,US_SOURCE_DIRECT,D,US_SOURCE_DIRECT,CARRY_FORWARD,False,,,,,,,,False,False,False
WS:US:DAL,Delta Air Lines,US_SP1500,,,DAL,DAL,US_SOURCE_DIRECT,DAL,US_SOURCE_DIRECT,CARRY_FORWARD,False,,,,,,,,False,False,False
WS:US:DAN,Dana Incorporated,US_SP1500,,,DAN,DAN,US_SOURCE_DIRECT,DAN,US_SOURCE_DIRECT,CARRY_FORWARD,False,,,,,,,,False,False,False
WS:US:DAR,Darling Ingredients,US_SP1500,,,DAR,DAR,US_SOURCE_DIRECT,DAR,US_SOURCE_DIRECT,CARRY_FORWARD,False,,,,,,,,False,False,False
WS:US:DASH,DoorDash,US_SP1500,,,DASH,DASH,US_SOURCE_DIRECT,DASH,US_SOURCE_DIRECT,CARRY_FORWARD,False,,,,,,,,False,False,False
WS:US:DAVE,"Dave, Inc.",US_SP1500,,,DAVE,DAVE,US_SOURCE_DIRECT,DAVE,US_SOURCE_DIRECT,CARRY_FORWARD,False,,,,,,,,False,False,False
WS:US:DBD,Diebold Nixdorf,US_SP1500,,,DBD,DBD,US_SOURCE_DIRECT,DBD,US_SOURCE_DIRECT,CARRY_FORWARD,False,,,,,,,,False,False,False
WS:US:DBX,Dropbox,US_SP1500,,,DBX,DBX,US_SOURCE_DIRECT,DBX,US_SOURCE_DIRECT,CARRY_FORWARD,False,,,,,,,,False,False,False
WS:US:DCH,Dauch Corporation,US_SP1500,,,DCH,DCH,US_SOURCE_DIRECT,DCH,US_SOURCE_DIRECT,CARRY_FORWARD,False,,,,,,,,False,False,False
WS:US:DCI,Donaldson Company,US_SP1500,,,DCI,DCI,US_SOURCE_DIRECT,DCI,US_SOURCE_DIRECT,CARRY_FORWARD,False,,,,,,,,False,False,False
WS:US:DCOM,"Dime Community Bancshares, Inc.",US_SP1500,,,DCOM,DCOM,US_SOURCE_DIRECT,DCOM,US_SOURCE_DIRECT,CARRY_FORWARD,False,,,,,,,,False,False,False
WS:US:DD,DuPont,US_SP1500,,,DD,DD,US_SOURCE_DIRECT,DD,US_SOURCE_DIRECT,CARRY_FORWARD,False,,,,,,,,False,False,False
WS:US:DDOG,Datadog,US_SP1500,,,DDOG,DDOG,US_SOURCE_DIRECT,DDOG,US_SOURCE_DIRECT,CARRY_FORWARD,False,,,,,,,,False,False,False
WS:US:DE,Deere & Company,US_SP1500,,,DE,DE,US_SOURCE_DIRECT,DE,US_SOURCE_DIRECT,CARRY_FORWARD,False,,,,,,,,False,False,False
WS:US:DEA,"Easterly Government Properties, Inc.",US_SP1500,,,DEA,DEA,US_SOURCE_DIRECT,DEA,US_SOURCE_DIRECT,CARRY_FORWARD,False,,,,,,,,False,False,False
WS:US:DECK,Deckers Brands,US_SP1500,,,DECK,DECK,US_SOURCE_DIRECT,DECK,US_SOURCE_DIRECT,CARRY_FORWARD,False,,,,,,,,False,False,False
WS:US:DEI,Douglas Emmett,US_SP1500,,,DEI,DEI,US_SOURCE_DIRECT,DEI,US_SOURCE_DIRECT,CARRY_FORWARD,False,,,,,,,,False,False,False
WS:US:DELL,Dell Technologies,US_SP1500,,,DELL,DELL,US_SOURCE_DIRECT,DELL,US_SOURCE_DIRECT,CARRY_FORWARD,False,,,,,,,,False,False,False
WS:US:DFH,"Dream Finders Homes, Inc.",US_SP1500,,,DFH,DFH,US_SOURCE_DIRECT,DFH,US_SOURCE_DIRECT,CARRY_FORWARD,False,,,,,,,,False,False,False
WS:US:DFIN,"Donnelley Financial Solutions, Inc.",US_SP1500,,,DFIN,DFIN,US_SOURCE_DIRECT,DFIN,US_SOURCE_DIRECT,CARRY_FORWARD,False,,,,,,,,False,False,False
WS:US:DG,Dollar General,US_SP1500,,,DG,DG,US_SOURCE_DIRECT,DG,US_SOURCE_DIRECT,CARRY_FORWARD,False,,,,,,,,False,False,False
WS:US:DGII,Digi International Inc.,US_SP1500,,,DGII,DGII,US_SOURCE_DIRECT,DGII,US_SOURCE_DIRECT,CARRY_FORWARD,False,,,,,,,,False,False,False
WS:US:DGX,Quest Diagnostics,US_SP1500,,,DGX,DGX,US_SOURCE_DIRECT,DGX,US_SOURCE_DIRECT,CARRY_FORWARD,False,,,,,,,,False,False,False
WS:US:DHI,D. R. Horton,US_SP1500,,,DHI,DHI,US_SOURCE_DIRECT,DHI,US_SOURCE_DIRECT,CARRY_FORWARD,False,,,,,,,,False,False,False
WS:US:DHR,Danaher Corporation,US_SP1500,,,DHR,DHR,US_SOURCE_DIRECT,DHR,US_SOURCE_DIRECT,CARRY_FORWARD,False,,,,,,,,False,False,False
WS:US:DINO,HF Sinclair,US_SP1500,,,DINO,DINO,US_SOURCE_DIRECT,DINO,US_SOURCE_DIRECT,CARRY_FORWARD,False,,,,,,,,False,False,False
WS:US:DIOD,Diodes Incorporated,US_SP1500,,,DIOD,DIOD,US_SOURCE_DIRECT,DIOD,US_SOURCE_DIRECT,CARRY_FORWARD,False,,,,,,,,False,False,False
WS:US:DIS,Walt Disney Company (The),US_SP1500,,,DIS,DIS,US_SOURCE_DIRECT,DIS,US_SOURCE_DIRECT,CARRY_FORWARD,False,,,,,,,,False,False,False
WS:US:DKS,Dick's Sporting Goods,US_SP1500,,,DKS,DKS,US_SOURCE_DIRECT,DKS,US_SOURCE_DIRECT,CARRY_FORWARD,False,,,,,,,,False,False,False
WS:US:DLB,Dolby,US_SP1500,,,DLB,DLB,US_SOURCE_DIRECT,DLB,US_SOURCE_DIRECT,CARRY_FORWARD,False,,,,,,,,False,False,False
WS:US:DLR,Digital Realty,US_SP1500,,,DLR,DLR,US_SOURCE_DIRECT,DLR,US_SOURCE_DIRECT,CARRY_FORWARD,False,,,,,,,,False,False,False
WS:US:DLTR,Dollar Tree,US_SP1500,,,DLTR,DLTR,US_SOURCE_DIRECT,DLTR,US_SOURCE_DIRECT,CARRY_FORWARD,False,,,,,,,,False,False,False
WS:US:DLX,Deluxe Corporation,US_SP1500,,,DLX,DLX,US_SOURCE_DIRECT,DLX,US_SOURCE_DIRECT,CARRY_FORWARD,False,,,,,,,,False,False,False
WS:US:DMC,Del Monte Corporation,US_SP1500,,,DMC,DMC,US_SOURCE_DIRECT,DMC,US_SOURCE_DIRECT,CARRY_FORWARD,False,,,,,,,,False,False,False
WS:US:DNOW,NOW Inc,US_SP1500,,,DNOW,DNOW,US_SOURCE_DIRECT,DNOW,US_SOURCE_DIRECT,CARRY_FORWARD,False,,,,,,,,False,False,False
WS:US:DOC,Healthpeak Properties,US_SP1500,,,DOC,DOC,US_SOURCE_DIRECT,DOC,US_SOURCE_DIRECT,CARRY_FORWARD,False,,,,,,,,False,False,False
WS:US:DOCN,DigitalOcean,US_SP1500,,,DOCN,DOCN,US_SOURCE_DIRECT,DOCN,US_SOURCE_DIRECT,CARRY_FORWARD,False,,,,,,,,False,False,False
WS:US:DOCS,Doximity,US_SP1500,,,DOCS,DOCS,US_SOURCE_DIRECT,DOCS,US_SOURCE_DIRECT,CARRY_FORWARD,False,,,,,,,,False,False,False
WS:US:DOCU,Docusign,US_SP1500,,,DOCU,DOCU,US_SOURCE_DIRECT,DOCU,US_SOURCE_DIRECT,CARRY_FORWARD,False,,,,,,,,False,False,False
WS:US:DORM,"Dorman Products, Inc.",US_SP1500,,,DORM,DORM,US_SOURCE_DIRECT,DORM,US_SOURCE_DIRECT,CARRY_FORWARD,False,,,,,,,,False,False,False
WS:US:DOV,Dover Corporation,US_SP1500,,,DOV,DOV,US_SOURCE_DIRECT,DOV,US_SOURCE_DIRECT,CARRY_FORWARD,False,,,,,,,,False,False,False
WS:US:DOW,Dow Inc.,US_SP1500,,,DOW,DOW,US_SOURCE_DIRECT,DOW,US_SOURCE_DIRECT,CARRY_FORWARD,False,,,,,,,,False,False,False
WS:US:DPZ,Domino's,US_SP1500,,,DPZ,DPZ,US_SOURCE_DIRECT,DPZ,US_SOURCE_DIRECT,CARRY_FORWARD,False,,,,,,,,False,False,False
WS:US:DRH,DiamondRock Hospitality Company,US_SP1500,,,DRH,DRH,US_SOURCE_DIRECT,DRH,US_SOURCE_DIRECT,CARRY_FORWARD,False,,,,,,,,False,False,False
WS:US:DRI,Darden Restaurants,US_SP1500,,,DRI,DRI,US_SOURCE_DIRECT,DRI,US_SOURCE_DIRECT,CARRY_FORWARD,False,,,,,,,,False,False,False
WS:US:DT,Dynatrace,US_SP1500,,,DT,DT,US_SOURCE_DIRECT,DT,US_SOURCE_DIRECT,CARRY_FORWARD,False,,,,,,,,False,False,False
WS:US:DTE,DTE Energy,US_SP1500,,,DTE,DTE,US_SOURCE_DIRECT,DTE,US_SOURCE_DIRECT,CARRY_FORWARD,False,,,,,,,,False,False,False
WS:US:DTM,DT Midstream,US_SP1500,,,DTM,DTM,US_SOURCE_DIRECT,DTM,US_SOURCE_DIRECT,CARRY_FORWARD,False,,,,,,,,False,False,False
WS:US:DUK,Duke Energy,US_SP1500,,,DUK,DUK,US_SOURCE_DIRECT,DUK,US_SOURCE_DIRECT,CARRY_FORWARD,False,,,,,,,,False,False,False
WS:US:DUOL,Duolingo,US_SP1500,,,DUOL,DUOL,US_SOURCE_DIRECT,DUOL,US_SOURCE_DIRECT,CARRY_FORWARD,False,,,,,,,,False,False,False
WS:US:DV,DoubleVerify Holdings Inc.,US_SP1500,,,DV,DV,US_SOURCE_DIRECT,DV,US_SOURCE_DIRECT,CARRY_FORWARD,False,,,,,,,,False,False,False
WS:US:DVA,DaVita,US_SP1500,,,DVA,DVA,US_SOURCE_DIRECT,DVA,US_SOURCE_DIRECT,CARRY_FORWARD,False,,,,,,,,False,False,False
WS:US:DVN,Devon Energy,US_SP1500,,,DVN,DVN,US_SOURCE_DIRECT,DVN,US_SOURCE_DIRECT,CARRY_FORWARD,False,,,,,,,,False,False,False
WS:US:DXC,DXC Technology,US_SP1500,,,DXC,DXC,US_SOURCE_DIRECT,DXC,US_SOURCE_DIRECT,CARRY_FORWARD,False,,,,,,,,False,False,False
WS:US:DXCM,Dexcom,US_SP1500,,,DXCM,DXCM,US_SOURCE_DIRECT,DXCM,US_SOURCE_DIRECT,CARRY_FORWARD,False,,,,,,,,False,False,False
WS:US:DXPE,"DXP Enterprises, Inc.",US_SP1500,,,DXPE,DXPE,US_SOURCE_DIRECT,DXPE,US_SOURCE_DIRECT,CARRY_FORWARD,False,,,,,,,,False,False,False
WS:US:DY,Dycom Industries,US_SP1500,,,DY,DY,US_SOURCE_DIRECT,DY,US_SOURCE_DIRECT,CARRY_FORWARD,False,,,,,,,,False,False,False
WS:US:EAT,"Brinker International, Inc.",US_SP1500,,,EAT,EAT,US_SOURCE_DIRECT,EAT,US_SOURCE_DIRECT,CARRY_FORWARD,False,,,,,,,,False,False,False
WS:US:EBAY,eBay Inc.,US_SP1500,,,EBAY,EBAY,US_SOURCE_DIRECT,EBAY,US_SOURCE_DIRECT,CARRY_FORWARD,False,,,,,,,,False,False,False
WS:US:EBC,"Eastern Bankshares, Inc.",US_SP1500,,,EBC,EBC,US_SOURCE_DIRECT,EBC,US_SOURCE_DIRECT,CARRY_FORWARD,False,,,,,,,,False,False,False
WS:US:ECG,"Everus Construction Group, Inc.",US_SP1500,,,ECG,ECG,US_SOURCE_DIRECT,ECG,US_SOURCE_DIRECT,CARRY_FORWARD,False,,,,,,,,False,False,False
WS:US:ECHO,EchoStar,US_SP1500,,,ECHO,ECHO,US_SOURCE_DIRECT,ECHO,US_SOURCE_DIRECT,CARRY_FORWARD,False,,,,,,,,False,False,False
WS:US:ECL,Ecolab,US_SP1500,,,ECL,ECL,US_SOURCE_DIRECT,ECL,US_SOURCE_DIRECT,CARRY_FORWARD,False,,,,,,,,False,False,False
WS:US:ECPG,"Encore Capital Group, Inc.",US_SP1500,,,ECPG,ECPG,US_SOURCE_DIRECT,ECPG,US_SOURCE_DIRECT,CARRY_FORWARD,False,,,,,,,,False,False,False
WS:US:ED,Consolidated Edison,US_SP1500,,,ED,ED,US_SOURCE_DIRECT,ED,US_SOURCE_DIRECT,CARRY_FORWARD,False,,,,,,,,False,False,False
WS:US:EEFT,Euronet Worldwide,US_SP1500,,,EEFT,EEFT,US_SOURCE_DIRECT,EEFT,US_SOURCE_DIRECT,CARRY_FORWARD,False,,,,,,,,False,False,False
WS:US:EFC,"Ellington Financial, Inc.",US_SP1500,,,EFC,EFC,US_SOURCE_DIRECT,EFC,US_SOURCE_DIRECT,CARRY_FORWARD,False,,,,,,,,False,False,False
WS:US:EFOR,Everforth Inc.,US_SP1500,,,EFOR,EFOR,US_SOURCE_DIRECT,EFOR,US_SOURCE_DIRECT,CARRY_FORWARD,False,,,,,,,,False,False,False
WS:US:EFX,Equifax,US_SP1500,,,EFX,EFX,US_SOURCE_DIRECT,EFX,US_SOURCE_DIRECT,CARRY_FORWARD,False,,,,,,,,False,False,False
WS:US:EG,Everest Group,US_SP1500,,,EG,EG,US_SOURCE_DIRECT,EG,US_SOURCE_DIRECT,CARRY_FORWARD,False,,,,,,,,False,False,False
WS:US:EGBN,Eagle Bancorp Inc,US_SP1500,,,EGBN,EGBN,US_SOURCE_DIRECT,EGBN,US_SOURCE_DIRECT,CARRY_FORWARD,False,,,,,,,,False,False,False
WS:US:EGP,EastGroup Properties,US_SP1500,,,EGP,EGP,US_SOURCE_DIRECT,EGP,US_SOURCE_DIRECT,CARRY_FORWARD,False,,,,,,,,False,False,False
WS:US:EHC,Encompass Health,US_SP1500,,,EHC,EHC,US_SOURCE_DIRECT,EHC,US_SOURCE_DIRECT,CARRY_FORWARD,False,,,,,,,,False,False,False
WS:US:EIG,"Employers Holdings, Inc.",US_SP1500,,,EIG,EIG,US_SOURCE_DIRECT,EIG,US_SOURCE_DIRECT,CARRY_FORWARD,False,,,,,,,,False,False,False
WS:US:EIX,Edison International,US_SP1500,,,EIX,EIX,US_SOURCE_DIRECT,EIX,US_SOURCE_DIRECT,CARRY_FORWARD,False,,,,,,,,False,False,False
WS:US:EL,Estée Lauder Companies (The),US_SP1500,,,EL,EL,US_SOURCE_DIRECT,EL,US_SOURCE_DIRECT,CARRY_FORWARD,False,,,,,,,,False,False,False
WS:US:ELAN,Elanco,US_SP1500,,,ELAN,ELAN,US_SOURCE_DIRECT,ELAN,US_SOURCE_DIRECT,CARRY_FORWARD,False,,,,,,,,False,False,False
WS:US:ELF,e.l.f. Beauty,US_SP1500,,,ELF,ELF,US_SOURCE_DIRECT,ELF,US_SOURCE_DIRECT,CARRY_FORWARD,False,,,,,,,,False,False,False
WS:US:ELS,Equity Lifestyle Properties,US_SP1500,,,ELS,ELS,US_SOURCE_DIRECT,ELS,US_SOURCE_DIRECT,CARRY_FORWARD,False,,,,,,,,False,False,False
WS:US:ELV,Elevance Health,US_SP1500,,,ELV,ELV,US_SOURCE_DIRECT,ELV,US_SOURCE_DIRECT,CARRY_FORWARD,False,,,,,,,,False,False,False
WS:US:EME,Emcor,US_SP1500,,,EME,EME,US_SOURCE_DIRECT,EME,US_SOURCE_DIRECT,CARRY_FORWARD,False,,,,,,,,False,False,False
WS:US:EMN,Eastman Chemical Company,US_SP1500,,,EMN,EMN,US_SOURCE_DIRECT,EMN,US_SOURCE_DIRECT,CARRY_FORWARD,False,,,,,,,,False,False,False
WS:US:EMR,Emerson Electric,US_SP1500,,,EMR,EMR,US_SOURCE_DIRECT,EMR,US_SOURCE_DIRECT,CARRY_FORWARD,False,,,,,,,,False,False,False
WS:US:ENOV,Enovis,US_SP1500,,,ENOV,ENOV,US_SOURCE_DIRECT,ENOV,US_SOURCE_DIRECT,CARRY_FORWARD,False,,,,,,,,False,False,False
WS:US:ENPH,Enphase Energy,US_SP1500,,,ENPH,ENPH,US_SOURCE_DIRECT,ENPH,US_SOURCE_DIRECT,CARRY_FORWARD,False,,,,,,,,False,False,False
WS:US:ENR,Energizer,US_SP1500,,,ENR,ENR,US_SOURCE_DIRECT,ENR,US_SOURCE_DIRECT,CARRY_FORWARD,False,,,,,,,,False,False,False
WS:US:ENS,EnerSys,US_SP1500,,,ENS,ENS,US_SOURCE_DIRECT,ENS,US_SOURCE_DIRECT,CARRY_FORWARD,False,,,,,,,,False,False,False
WS:US:ENSG,Ensign Group,US_SP1500,,,ENSG,ENSG,US_SOURCE_DIRECT,ENSG,US_SOURCE_DIRECT,CARRY_FORWARD,False,,,,,,,,False,False,False
WS:US:ENTG,Entegris,US_SP1500,,,ENTG,ENTG,US_SOURCE_DIRECT,ENTG,US_SOURCE_DIRECT,CARRY_FORWARD,False,,,,,,,,False,False,False
WS:US:ENVA,"Enova International, Inc.",US_SP1500,,,ENVA,ENVA,US_SOURCE_DIRECT,ENVA,US_SOURCE_DIRECT,CARRY_FORWARD,False,,,,,,,,False,False,False
WS:US:EOG,EOG Resources,US_SP1500,,,EOG,EOG,US_SOURCE_DIRECT,EOG,US_SOURCE_DIRECT,CARRY_FORWARD,False,,,,,,,,False,False,False
WS:US:EPAC,Enerpac Tool Group,US_SP1500,,,EPAC,EPAC,US_SOURCE_DIRECT,EPAC,US_SOURCE_DIRECT,CARRY_FORWARD,False,,,,,,,,False,False,False
WS:US:EPAM,EPAM Systems,US_SP1500,,,EPAM,EPAM,US_SOURCE_DIRECT,EPAM,US_SOURCE_DIRECT,CARRY_FORWARD,False,,,,,,,,False,False,False
WS:US:EPC,Edgewell Personal Care,US_SP1500,,,EPC,EPC,US_SOURCE_DIRECT,EPC,US_SOURCE_DIRECT,CARRY_FORWARD,False,,,,,,,,False,False,False
WS:US:EPR,EPR Properties,US_SP1500,,,EPR,EPR,US_SOURCE_DIRECT,EPR,US_SOURCE_DIRECT,CARRY_FORWARD,False,,,,,,,,False,False,False
WS:US:EPRT,"Essential Properties Realty Trust, Inc.",US_SP1500,,,EPRT,EPRT,US_SOURCE_DIRECT,EPRT,US_SOURCE_DIRECT,CARRY_FORWARD,False,,,,,,,,False,False,False
WS:US:EQH,Equitable Holdings,US_SP1500,,,EQH,EQH,US_SOURCE_DIRECT,EQH,US_SOURCE_DIRECT,CARRY_FORWARD,False,,,,,,,,False,False,False
WS:US:EQIX,Equinix,US_SP1500,,,EQIX,EQIX,US_SOURCE_DIRECT,EQIX,US_SOURCE_DIRECT,CARRY_FORWARD,False,,,,,,,,False,False,False
WS:US:EQT,EQT Corporation,US_SP1500,,,EQT,EQT,US_SOURCE_DIRECT,EQT,US_SOURCE_DIRECT,CARRY_FORWARD,False,,,,,,,,False,False,False
WS:US:ERIE,Erie Indemnity,US_SP1500,,,ERIE,ERIE,US_SOURCE_DIRECT,ERIE,US_SOURCE_DIRECT,CARRY_FORWARD,False,,,,,,,,False,False,False
WS:US:ES,Eversource Energy,US_SP1500,,,ES,ES,US_SOURCE_DIRECT,ES,US_SOURCE_DIRECT,CARRY_FORWARD,False,,,,,,,,False,False,False
WS:US:ESAB,ESAB,US_SP1500,,,ESAB,ESAB,US_SOURCE_DIRECT,ESAB,US_SOURCE_DIRECT,CARRY_FORWARD,False,,,,,,,,False,False,False
WS:US:ESE,ESCO Technologies Inc.,US_SP1500,,,ESE,ESE,US_SOURCE_DIRECT,ESE,US_SOURCE_DIRECT,CARRY_FORWARD,False,,,,,,,,False,False,False
WS:US:ESI,Element Solutions,US_SP1500,,,ESI,ESI,US_SOURCE_DIRECT,ESI,US_SOURCE_DIRECT,CARRY_FORWARD,False,,,,,,,,False,False,False
WS:US:ESNT,Essent Group Ltd.,US_SP1500,,,ESNT,ESNT,US_SOURCE_DIRECT,ESNT,US_SOURCE_DIRECT,CARRY_FORWARD,False,,,,,,,,False,False,False
WS:US:ESS,Essex Property Trust,US_SP1500,,,ESS,ESS,US_SOURCE_DIRECT,ESS,US_SOURCE_DIRECT,CARRY_FORWARD,False,,,,,,,,False,False,False
WS:US:ETN,Eaton Corporation,US_SP1500,,,ETN,ETN,US_SOURCE_DIRECT,ETN,US_SOURCE_DIRECT,CARRY_FORWARD,False,,,,,,,,False,False,False
WS:US:ETR,Entergy,US_SP1500,,,ETR,ETR,US_SOURCE_DIRECT,ETR,US_SOURCE_DIRECT,CARRY_FORWARD,False,,,,,,,,False,False,False
WS:US:ETSY,Etsy,US_SP1500,,,ETSY,ETSY,US_SOURCE_DIRECT,ETSY,US_SOURCE_DIRECT,CARRY_FORWARD,False,,,,,,,,False,False,False
WS:US:EVR,Evercore,US_SP1500,,,EVR,EVR,US_SOURCE_DIRECT,EVR,US_SOURCE_DIRECT,CARRY_FORWARD,False,,,,,,,,False,False,False
WS:US:EVRG,Evergy,US_SP1500,,,EVRG,EVRG,US_SOURCE_DIRECT,EVRG,US_SOURCE_DIRECT,CARRY_FORWARD,False,,,,,,,,False,False,False
WS:US:EVTC,"EVERTEC, Inc.",US_SP1500,,,EVTC,EVTC,US_SOURCE_DIRECT,EVTC,US_SOURCE_DIRECT,CARRY_FORWARD,False,,,,,,,,False,False,False
WS:US:EW,Edwards Lifesciences,US_SP1500,,,EW,EW,US_SOURCE_DIRECT,EW,US_SOURCE_DIRECT,CARRY_FORWARD,False,,,,,,,,False,False,False
WS:US:EWBC,East West Bancorp,US_SP1500,,,EWBC,EWBC,US_SOURCE_DIRECT,EWBC,US_SOURCE_DIRECT,CARRY_FORWARD,False,,,,,,,,False,False,False
WS:US:EXC,Exelon,US_SP1500,,,EXC,EXC,US_SOURCE_DIRECT,EXC,US_SOURCE_DIRECT,CARRY_FORWARD,False,,,,,,,,False,False,False
WS:US:EXE,Expand Energy,US_SP1500,,,EXE,EXE,US_SOURCE_DIRECT,EXE,US_SOURCE_DIRECT,CARRY_FORWARD,False,,,,,,,,False,False,False
WS:US:EXEL,Exelixis,US_SP1500,,,EXEL,EXEL,US_SOURCE_DIRECT,EXEL,US_SOURCE_DIRECT,CARRY_FORWARD,False,,,,,,,,False,False,False
WS:US:EXLS,EXL Service,US_SP1500,,,EXLS,EXLS,US_SOURCE_DIRECT,EXLS,US_SOURCE_DIRECT,CARRY_FORWARD,False,,,,,,,,False,False,False
WS:US:EXP,Eagle Materials,US_SP1500,,,EXP,EXP,US_SOURCE_DIRECT,EXP,US_SOURCE_DIRECT,CARRY_FORWARD,False,,,,,,,,False,False,False
WS:US:EXPD,Expeditors International,US_SP1500,,,EXPD,EXPD,US_SOURCE_DIRECT,EXPD,US_SOURCE_DIRECT,CARRY_FORWARD,False,,,,,,,,False,False,False
WS:US:EXPE,Expedia Group,US_SP1500,,,EXPE,EXPE,US_SOURCE_DIRECT,EXPE,US_SOURCE_DIRECT,CARRY_FORWARD,False,,,,,,,,False,False,False
WS:US:EXPO,"Exponent, Inc.",US_SP1500,,,EXPO,EXPO,US_SOURCE_DIRECT,EXPO,US_SOURCE_DIRECT,CARRY_FORWARD,False,,,,,,,,False,False,False
WS:US:EXR,Extra Space Storage,US_SP1500,,,EXR,EXR,US_SOURCE_DIRECT,EXR,US_SOURCE_DIRECT,CARRY_FORWARD,False,,,,,,,,False,False,False
WS:US:EXTR,"Extreme Networks, Inc.",US_SP1500,,,EXTR,EXTR,US_SOURCE_DIRECT,EXTR,US_SOURCE_DIRECT,CARRY_FORWARD,False,,,,,,,,False,False,False
WS:US:EYE,National Vision Holdings,US_SP1500,,,EYE,EYE,US_SOURCE_DIRECT,EYE,US_SOURCE_DIRECT,CARRY_FORWARD,False,,,,,,,,False,False,False
WS:US:EZPW,"EZCORP, Inc.",US_SP1500,,,EZPW,EZPW,US_SOURCE_DIRECT,EZPW,US_SOURCE_DIRECT,CARRY_FORWARD,False,,,,,,,,False,False,False
WS:US:F,Ford Motor Company,US_SP1500,,,F,F,US_SOURCE_DIRECT,F,US_SOURCE_DIRECT,CARRY_FORWARD,False,,,,,,,,False,False,False
WS:US:FA,First Advantage Corporation,US_SP1500,,,FA,FA,US_SOURCE_DIRECT,FA,US_SOURCE_DIRECT,CARRY_FORWARD,False,,,,,,,,False,False,False
WS:US:FAF,First American Financial Corporation,US_SP1500,,,FAF,FAF,US_SOURCE_DIRECT,FAF,US_SOURCE_DIRECT,CARRY_FORWARD,False,,,,,,,,False,False,False
WS:US:FANG,Diamondback Energy,US_SP1500,,,FANG,FANG,US_SOURCE_DIRECT,FANG,US_SOURCE_DIRECT,CARRY_FORWARD,False,,,,,,,,False,False,False
WS:US:FAST,Fastenal,US_SP1500,,,FAST,FAST,US_SOURCE_DIRECT,FAST,US_SOURCE_DIRECT,CARRY_FORWARD,False,,,,,,,,False,False,False
WS:US:FBIN,Fortune Brands Innovations,US_SP1500,,,FBIN,FBIN,US_SOURCE_DIRECT,FBIN,US_SOURCE_DIRECT,CARRY_FORWARD,False,,,,,,,,False,False,False
WS:US:FBK,FB Financial Corp.,US_SP1500,,,FBK,FBK,US_SOURCE_DIRECT,FBK,US_SOURCE_DIRECT,CARRY_FORWARD,False,,,,,,,,False,False,False
WS:US:FBNC,First Bancorp (Southern Pines NC),US_SP1500,,,FBNC,FBNC,US_SOURCE_DIRECT,FBNC,US_SOURCE_DIRECT,CARRY_FORWARD,False,,,,,,,,False,False,False
WS:US:FBP,First BanCorp (Puerto Rico),US_SP1500,,,FBP,FBP,US_SOURCE_DIRECT,FBP,US_SOURCE_DIRECT,CARRY_FORWARD,False,,,,,,,,False,False,False
WS:US:FBRT,"Franklin BSP Realty Trust, Inc.",US_SP1500,,,FBRT,FBRT,US_SOURCE_DIRECT,FBRT,US_SOURCE_DIRECT,CARRY_FORWARD,False,,,,,,,,False,False,False
WS:US:FCF,"First Commonwealth Financial, Corp.",US_SP1500,,,FCF,FCF,US_SOURCE_DIRECT,FCF,US_SOURCE_DIRECT,CARRY_FORWARD,False,,,,,,,,False,False,False
WS:US:FCFS,FirstCash,US_SP1500,,,FCFS,FCFS,US_SOURCE_DIRECT,FCFS,US_SOURCE_DIRECT,CARRY_FORWARD,False,,,,,,,,False,False,False
WS:US:FCN,FTI Consulting,US_SP1500,,,FCN,FCN,US_SOURCE_DIRECT,FCN,US_SOURCE_DIRECT,CARRY_FORWARD,False,,,,,,,,False,False,False
WS:US:FCPT,"Four Corners Property Trust, Inc.",US_SP1500,,,FCPT,FCPT,US_SOURCE_DIRECT,FCPT,US_SOURCE_DIRECT,CARRY_FORWARD,False,,,,,,,,False,False,False
WS:US:FCX,Freeport-McMoRan,US_SP1500,,,FCX,FCX,US_SOURCE_DIRECT,FCX,US_SOURCE_DIRECT,CARRY_FORWARD,False,,,,,,,,False,False,False
WS:US:FDS,FactSet,US_SP1500,,,FDS,FDS,US_SOURCE_DIRECT,FDS,US_SOURCE_DIRECT,CARRY_FORWARD,False,,,,,,,,False,False,False
WS:US:FDX,FedEx,US_SP1500,,,FDX,FDX,US_SOURCE_DIRECT,FDX,US_SOURCE_DIRECT,CARRY_FORWARD,False,,,,,,,,False,False,False
WS:US:FDXF,FedEx Freight,US_SP1500,,,FDXF,FDXF,US_SOURCE_DIRECT,FDXF,US_SOURCE_DIRECT,CARRY_FORWARD,False,,,,,,,,False,False,False
WS:US:FE,FirstEnergy,US_SP1500,,,FE,FE,US_SOURCE_DIRECT,FE,US_SOURCE_DIRECT,CARRY_FORWARD,False,,,,,,,,False,False,False
WS:US:FELE,Franklin Electric,US_SP1500,,,FELE,FELE,US_SOURCE_DIRECT,FELE,US_SOURCE_DIRECT,CARRY_FORWARD,False,,,,,,,,False,False,False
WS:US:FERG,Ferguson Enterprises,US_SP1500,,,FERG,FERG,US_SOURCE_DIRECT,FERG,US_SOURCE_DIRECT,CARRY_FORWARD,False,,,,,,,,False,False,False
WS:US:FFBC,First Financial Bancorp,US_SP1500,,,FFBC,FFBC,US_SOURCE_DIRECT,FFBC,US_SOURCE_DIRECT,CARRY_FORWARD,False,,,,,,,,False,False,False
WS:US:FFIN,First Financial Bankshares,US_SP1500,,,FFIN,FFIN,US_SOURCE_DIRECT,FFIN,US_SOURCE_DIRECT,CARRY_FORWARD,False,,,,,,,,False,False,False
WS:US:FFIV,"F5, Inc.",US_SP1500,,,FFIV,FFIV,US_SOURCE_DIRECT,FFIV,US_SOURCE_DIRECT,CARRY_FORWARD,False,,,,,,,,False,False,False
WS:US:FG,"F&G Annuities & Life, Inc.",US_SP1500,,,FG,FG,US_SOURCE_DIRECT,FG,US_SOURCE_DIRECT,CARRY_FORWARD,False,,,,,,,,False,False,False
WS:US:FHB,"First Hawaiian, Inc.",US_SP1500,,,FHB,FHB,US_SOURCE_DIRECT,FHB,US_SOURCE_DIRECT,CARRY_FORWARD,False,,,,,,,,False,False,False
WS:US:FHI,Federated Hermes,US_SP1500,,,FHI,FHI,US_SOURCE_DIRECT,FHI,US_SOURCE_DIRECT,CARRY_FORWARD,False,,,,,,,,False,False,False
WS:US:FHN,First Horizon,US_SP1500,,,FHN,FHN,US_SOURCE_DIRECT,FHN,US_SOURCE_DIRECT,CARRY_FORWARD,False,,,,,,,,False,False,False
WS:US:FIBK,"First Interstate BancSystem, Inc.",US_SP1500,,,FIBK,FIBK,US_SOURCE_DIRECT,FIBK,US_SOURCE_DIRECT,CARRY_FORWARD,False,,,,,,,,False,False,False
WS:US:FICO,Fair Isaac,US_SP1500,,,FICO,FICO,US_SOURCE_DIRECT,FICO,US_SOURCE_DIRECT,CARRY_FORWARD,False,,,,,,,,False,False,False
WS:US:FIS,Fidelity National Information Services,US_SP1500,,,FIS,FIS,US_SOURCE_DIRECT,FIS,US_SOURCE_DIRECT,CARRY_FORWARD,False,,,,,,,,False,False,False
WS:US:FISV,Fiserv,US_SP1500,,,FISV,FISV,US_SOURCE_DIRECT,FISV,US_SOURCE_DIRECT,CARRY_FORWARD,False,,,,,,,,False,False,False
WS:US:FITB,Fifth Third Bancorp,US_SP1500,,,FITB,FITB,US_SOURCE_DIRECT,FITB,US_SOURCE_DIRECT,CARRY_FORWARD,False,,,,,,,,False,False,False
WS:US:FIVE,Five Below,US_SP1500,,,FIVE,FIVE,US_SOURCE_DIRECT,FIVE,US_SOURCE_DIRECT,CARRY_FORWARD,False,,,,,,,,False,False,False
WS:US:FIVN,"Five9, Inc.",US_SP1500,,,FIVN,FIVN,US_SOURCE_DIRECT,FIVN,US_SOURCE_DIRECT,CARRY_FORWARD,False,,,,,,,,False,False,False
WS:US:FIX,Comfort Systems USA,US_SP1500,,,FIX,FIX,US_SOURCE_DIRECT,FIX,US_SOURCE_DIRECT,CARRY_FORWARD,False,,,,,,,,False,False,False
WS:US:FIZZ,National Beverage Corp.,US_SP1500,,,FIZZ,FIZZ,US_SOURCE_DIRECT,FIZZ,US_SOURCE_DIRECT,CARRY_FORWARD,False,,,,,,,,False,False,False
WS:US:FLEX,Flex Ltd.,US_SP1500,,,FLEX,FLEX,US_SOURCE_DIRECT,FLEX,US_SOURCE_DIRECT,CARRY_FORWARD,False,,,,,,,,False,False,False
WS:US:FLG,Flagstar Bank,US_SP1500,,,FLG,FLG,US_SOURCE_DIRECT,FLG,US_SOURCE_DIRECT,CARRY_FORWARD,False,,,,,,,,False,False,False
WS:US:FLO,Flowers Foods,US_SP1500,,,FLO,FLO,US_SOURCE_DIRECT,FLO,US_SOURCE_DIRECT,CARRY_FORWARD,False,,,,,,,,False,False,False
WS:US:FLR,Fluor,US_SP1500,,,FLR,FLR,US_SOURCE_DIRECT,FLR,US_SOURCE_DIRECT,CARRY_FORWARD,False,,,,,,,,False,False,False
WS:US:FLS,Flowserve,US_SP1500,,,FLS,FLS,US_SOURCE_DIRECT,FLS,US_SOURCE_DIRECT,CARRY_FORWARD,False,,,,,,,,False,False,False
WS:US:FMC,FMC Corporation,US_SP1500,,,FMC,FMC,US_SOURCE_DIRECT,FMC,US_SOURCE_DIRECT,CARRY_FORWARD,False,,,,,,,,False,False,False
WS:US:FN,Fabrinet,US_SP1500,,,FN,FN,US_SOURCE_DIRECT,FN,US_SOURCE_DIRECT,CARRY_FORWARD,False,,,,,,,,False,False,False
WS:US:FNB,FNB Corporation,US_SP1500,,,FNB,FNB,US_SOURCE_DIRECT,FNB,US_SOURCE_DIRECT,CARRY_FORWARD,False,,,,,,,,False,False,False
WS:US:FND,Floor & Decor,US_SP1500,,,FND,FND,US_SOURCE_DIRECT,FND,US_SOURCE_DIRECT,CARRY_FORWARD,False,,,,,,,,False,False,False
WS:US:FNF,Fidelity National Financial,US_SP1500,,,FNF,FNF,US_SOURCE_DIRECT,FNF,US_SOURCE_DIRECT,CARRY_FORWARD,False,,,,,,,,False,False,False
WS:US:FORM,"FormFactor, Inc.",US_SP1500,,,FORM,FORM,US_SOURCE_DIRECT,FORM,US_SOURCE_DIRECT,CARRY_FORWARD,False,,,,,,,,False,False,False
WS:US:FOUR,Shift4,US_SP1500,,,FOUR,FOUR,US_SOURCE_DIRECT,FOUR,US_SOURCE_DIRECT,CARRY_FORWARD,False,,,,,,,,False,False,False
WS:US:FOX,Fox Corporation (Class B),US_SP1500,,,FOX,FOX,US_SOURCE_DIRECT,FOX,US_SOURCE_DIRECT,CARRY_FORWARD,False,,,,,,,,False,False,False
WS:US:FOXA,Fox Corporation (Class A),US_SP1500,,,FOXA,FOXA,US_SOURCE_DIRECT,FOXA,US_SOURCE_DIRECT,CARRY_FORWARD,False,,,,,,,,False,False,False
WS:US:FOXF,Fox Factory,US_SP1500,,,FOXF,FOXF,US_SOURCE_DIRECT,FOXF,US_SOURCE_DIRECT,CARRY_FORWARD,False,,,,,,,,False,False,False
WS:US:FR,First Industrial Realty Trust,US_SP1500,,,FR,FR,US_SOURCE_DIRECT,FR,US_SOURCE_DIRECT,CARRY_FORWARD,False,,,,,,,,False,False,False
WS:US:FRPT,Freshpet,US_SP1500,,,FRPT,FRPT,US_SOURCE_DIRECT,FRPT,US_SOURCE_DIRECT,CARRY_FORWARD,False,,,,,,,,False,False,False
WS:US:FRT,Federal Realty Investment Trust,US_SP1500,,,FRT,FRT,US_SOURCE_DIRECT,FRT,US_SOURCE_DIRECT,CARRY_FORWARD,False,,,,,,,,False,False,False
WS:US:FSLR,First Solar,US_SP1500,,,FSLR,FSLR,US_SOURCE_DIRECT,FSLR,US_SOURCE_DIRECT,CARRY_FORWARD,False,,,,,,,,False,False,False
WS:US:FSS,Federal Signal Corporation,US_SP1500,,,FSS,FSS,US_SOURCE_DIRECT,FSS,US_SOURCE_DIRECT,CARRY_FORWARD,False,,,,,,,,False,False,False
WS:US:FTDR,"Frontdoor, Inc.",US_SP1500,,,FTDR,FTDR,US_SOURCE_DIRECT,FTDR,US_SOURCE_DIRECT,CARRY_FORWARD,False,,,,,,,,False,False,False
WS:US:FTI,TechnipFMC,US_SP1500,,,FTI,FTI,US_SOURCE_DIRECT,FTI,US_SOURCE_DIRECT,CARRY_FORWARD,False,,,,,,,,False,False,False
WS:US:FTNT,Fortinet,US_SP1500,,,FTNT,FTNT,US_SOURCE_DIRECT,FTNT,US_SOURCE_DIRECT,CARRY_FORWARD,False,,,,,,,,False,False,False
WS:US:FTRE,Fortrea,US_SP1500,,,FTRE,FTRE,US_SOURCE_DIRECT,FTRE,US_SOURCE_DIRECT,CARRY_FORWARD,False,,,,,,,,False,False,False
WS:US:FTV,Fortive,US_SP1500,,,FTV,FTV,US_SOURCE_DIRECT,FTV,US_SOURCE_DIRECT,CARRY_FORWARD,False,,,,,,,,False,False,False
WS:US:FUL,H.B. Fuller Company,US_SP1500,,,FUL,FUL,US_SOURCE_DIRECT,FUL,US_SOURCE_DIRECT,CARRY_FORWARD,False,,,,,,,,False,False,False
WS:US:FULT,Fulton Financial Corporation,US_SP1500,,,FULT,FULT,US_SOURCE_DIRECT,FULT,US_SOURCE_DIRECT,CARRY_FORWARD,False,,,,,,,,False,False,False
WS:US:FUN,Six Flags,US_SP1500,,,FUN,FUN,US_SOURCE_DIRECT,FUN,US_SOURCE_DIRECT,CARRY_FORWARD,False,,,,,,,,False,False,False
WS:US:G,Genpact,US_SP1500,,,G,G,US_SOURCE_DIRECT,G,US_SOURCE_DIRECT,CARRY_FORWARD,False,,,,,,,,False,False,False
WS:US:GAP,Gap Inc.,US_SP1500,,,GAP,GAP,US_SOURCE_DIRECT,GAP,US_SOURCE_DIRECT,CARRY_FORWARD,False,,,,,,,,False,False,False
WS:US:GATX,GATX,US_SP1500,,,GATX,GATX,US_SOURCE_DIRECT,GATX,US_SOURCE_DIRECT,CARRY_FORWARD,False,,,,,,,,False,False,False
WS:US:GBCI,Glacier Bancorp,US_SP1500,,,GBCI,GBCI,US_SOURCE_DIRECT,GBCI,US_SOURCE_DIRECT,CARRY_FORWARD,False,,,,,,,,False,False,False
WS:US:GBX,"The Greenbrier Companies, Inc.",US_SP1500,,,GBX,GBX,US_SOURCE_DIRECT,GBX,US_SOURCE_DIRECT,CARRY_FORWARD,False,,,,,,,,False,False,False
WS:US:GD,General Dynamics,US_SP1500,,,GD,GD,US_SOURCE_DIRECT,GD,US_SOURCE_DIRECT,CARRY_FORWARD,False,,,,,,,,False,False,False
WS:US:GDDY,GoDaddy,US_SP1500,,,GDDY,GDDY,US_SOURCE_DIRECT,GDDY,US_SOURCE_DIRECT,CARRY_FORWARD,False,,,,,,,,False,False,False
WS:US:GE,GE Aerospace,US_SP1500,,,GE,GE,US_SOURCE_DIRECT,GE,US_SOURCE_DIRECT,CARRY_FORWARD,False,,,,,,,,False,False,False
WS:US:GEF,"Greif, Inc.",US_SP1500,,,GEF,GEF,US_SOURCE_DIRECT,GEF,US_SOURCE_DIRECT,CARRY_FORWARD,False,,,,,,,,False,False,False
WS:US:GEHC,GE HealthCare,US_SP1500,,,GEHC,GEHC,US_SOURCE_DIRECT,GEHC,US_SOURCE_DIRECT,CARRY_FORWARD,False,,,,,,,,False,False,False
WS:US:GEN,Gen Digital,US_SP1500,,,GEN,GEN,US_SOURCE_DIRECT,GEN,US_SOURCE_DIRECT,CARRY_FORWARD,False,,,,,,,,False,False,False
WS:US:GEO,"GEO Group, Inc.",US_SP1500,,,GEO,GEO,US_SOURCE_DIRECT,GEO,US_SOURCE_DIRECT,CARRY_FORWARD,False,,,,,,,,False,False,False
WS:US:GEV,GE Vernova,US_SP1500,,,GEV,GEV,US_SOURCE_DIRECT,GEV,US_SOURCE_DIRECT,CARRY_FORWARD,False,,,,,,,,False,False,False
WS:US:GFF,Griffon Corporation,US_SP1500,,,GFF,GFF,US_SOURCE_DIRECT,GFF,US_SOURCE_DIRECT,CARRY_FORWARD,False,,,,,,,,False,False,False
WS:US:GGG,Graco Inc.,US_SP1500,,,GGG,GGG,US_SOURCE_DIRECT,GGG,US_SOURCE_DIRECT,CARRY_FORWARD,False,,,,,,,,False,False,False
WS:US:GHC,Graham Holdings,US_SP1500,,,GHC,GHC,US_SOURCE_DIRECT,GHC,US_SOURCE_DIRECT,CARRY_FORWARD,False,,,,,,,,False,False,False
WS:US:GIII,"G-III Apparel Group, Ltd.",US_SP1500,,,GIII,GIII,US_SOURCE_DIRECT,GIII,US_SOURCE_DIRECT,CARRY_FORWARD,False,,,,,,,,False,False,False
WS:US:GILD,Gilead Sciences,US_SP1500,,,GILD,GILD,US_SOURCE_DIRECT,GILD,US_SOURCE_DIRECT,CARRY_FORWARD,False,,,,,,,,False,False,False
WS:US:GIS,General Mills,US_SP1500,,,GIS,GIS,US_SOURCE_DIRECT,GIS,US_SOURCE_DIRECT,CARRY_FORWARD,False,,,,,,,,False,False,False
WS:US:GKOS,Glaukos Corp.,US_SP1500,,,GKOS,GKOS,US_SOURCE_DIRECT,GKOS,US_SOURCE_DIRECT,CARRY_FORWARD,False,,,,,,,,False,False,False
WS:US:GL,Globe Life,US_SP1500,,,GL,GL,US_SOURCE_DIRECT,GL,US_SOURCE_DIRECT,CARRY_FORWARD,False,,,,,,,,False,False,False
WS:US:GLPI,Gaming and Leisure Properties,US_SP1500,,,GLPI,GLPI,US_SOURCE_DIRECT,GLPI,US_SOURCE_DIRECT,CARRY_FORWARD,False,,,,,,,,False,False,False
WS:US:GLW,Corning Inc.,US_SP1500,,,GLW,GLW,US_SOURCE_DIRECT,GLW,US_SOURCE_DIRECT,CARRY_FORWARD,False,,,,,,,,False,False,False
WS:US:GM,General Motors,US_SP1500,,,GM,GM,US_SOURCE_DIRECT,GM,US_SOURCE_DIRECT,CARRY_FORWARD,False,,,,,,,,False,False,False
WS:US:GME,GameStop,US_SP1500,,,GME,GME,US_SOURCE_DIRECT,GME,US_SOURCE_DIRECT,CARRY_FORWARD,False,,,,,,,,False,False,False
WS:US:GMED,Globus Medical,US_SP1500,,,GMED,GMED,US_SOURCE_DIRECT,GMED,US_SOURCE_DIRECT,CARRY_FORWARD,False,,,,,,,,False,False,False
WS:US:GNL,"Global Net Lease, Inc.",US_SP1500,,,GNL,GNL,US_SOURCE_DIRECT,GNL,US_SOURCE_DIRECT,CARRY_FORWARD,False,,,,,,,,False,False,False
WS:US:GNRC,Generac,US_SP1500,,,GNRC,GNRC,US_SOURCE_DIRECT,GNRC,US_SOURCE_DIRECT,CARRY_FORWARD,False,,,,,,,,False,False,False
WS:US:GNTX,Gentex,US_SP1500,,,GNTX,GNTX,US_SOURCE_DIRECT,GNTX,US_SOURCE_DIRECT,CARRY_FORWARD,False,,,,,,,,False,False,False
WS:US:GNW,"Genworth Financial, Inc.",US_SP1500,,,GNW,GNW,US_SOURCE_DIRECT,GNW,US_SOURCE_DIRECT,CARRY_FORWARD,False,,,,,,,,False,False,False
WS:US:GO,Grocery Outlet,US_SP1500,,,GO,GO,US_SOURCE_DIRECT,GO,US_SOURCE_DIRECT,CARRY_FORWARD,False,,,,,,,,False,False,False
WS:US:GOLF,Acushnet Company,US_SP1500,,,GOLF,GOLF,US_SOURCE_DIRECT,GOLF,US_SOURCE_DIRECT,CARRY_FORWARD,False,,,,,,,,False,False,False
WS:US:GOOG,Alphabet Inc. (Class C),US_SP1500,,,GOOG,GOOG,US_SOURCE_DIRECT,GOOG,US_SOURCE_DIRECT,CARRY_FORWARD,False,,,,,,,,False,False,False
WS:US:GOOGL,Alphabet Inc. (Class A),US_SP1500,,,GOOGL,GOOGL,US_SOURCE_DIRECT,GOOGL,US_SOURCE_DIRECT,CARRY_FORWARD,False,,,,,,,,False,False,False
WS:US:GPC,Genuine Parts Company,US_SP1500,,,GPC,GPC,US_SOURCE_DIRECT,GPC,US_SOURCE_DIRECT,CARRY_FORWARD,False,,,,,,,,False,False,False
WS:US:GPI,"Group 1 Automotive, Inc.",US_SP1500,,,GPI,GPI,US_SOURCE_DIRECT,GPI,US_SOURCE_DIRECT,CARRY_FORWARD,False,,,,,,,,False,False,False
WS:US:GPK,Graphic Packaging,US_SP1500,,,GPK,GPK,US_SOURCE_DIRECT,GPK,US_SOURCE_DIRECT,CARRY_FORWARD,False,,,,,,,,False,False,False
WS:US:GPN,Global Payments,US_SP1500,,,GPN,GPN,US_SOURCE_DIRECT,GPN,US_SOURCE_DIRECT,CARRY_FORWARD,False,,,,,,,,False,False,False
WS:US:GPOR,Gulfport Energy Corporation,US_SP1500,,,GPOR,GPOR,US_SOURCE_DIRECT,GPOR,US_SOURCE_DIRECT,CARRY_FORWARD,False,,,,,,,,False,False,False
WS:US:GRBK,"Green Brick Partners, Inc.",US_SP1500,,,GRBK,GRBK,US_SOURCE_DIRECT,GRBK,US_SOURCE_DIRECT,CARRY_FORWARD,False,,,,,,,,False,False,False
WS:US:GRMN,Garmin,US_SP1500,,,GRMN,GRMN,US_SOURCE_DIRECT,GRMN,US_SOURCE_DIRECT,CARRY_FORWARD,False,,,,,,,,False,False,False
WS:US:GS,Goldman Sachs,US_SP1500,,,GS,GS,US_SOURCE_DIRECT,GS,US_SOURCE_DIRECT,CARRY_FORWARD,False,,,,,,,,False,False,False
WS:US:GSHD,"Goosehead Insurance, Inc.",US_SP1500,,,GSHD,GSHD,US_SOURCE_DIRECT,GSHD,US_SOURCE_DIRECT,CARRY_FORWARD,False,,,,,,,,False,False,False
WS:US:GT,Goodyear Tire and Rubber Company,US_SP1500,,,GT,GT,US_SOURCE_DIRECT,GT,US_SOURCE_DIRECT,CARRY_FORWARD,False,,,,,,,,False,False,False
WS:US:GTES,Gates Corporation,US_SP1500,,,GTES,GTES,US_SOURCE_DIRECT,GTES,US_SOURCE_DIRECT,CARRY_FORWARD,False,,,,,,,,False,False,False
WS:US:GTM,ZoomInfo,US_SP1500,,,GTM,GTM,US_SOURCE_DIRECT,GTM,US_SOURCE_DIRECT,CARRY_FORWARD,False,,,,,,,,False,False,False
WS:US:GTY,Getty Realty Corp.,US_SP1500,,,GTY,GTY,US_SOURCE_DIRECT,GTY,US_SOURCE_DIRECT,CARRY_FORWARD,False,,,,,,,,False,False,False
WS:US:GVA,"Granite Construction, Inc.",US_SP1500,,,GVA,GVA,US_SOURCE_DIRECT,GVA,US_SOURCE_DIRECT,CARRY_FORWARD,False,,,,,,,,False,False,False
WS:US:GWRE,Guidewire Software,US_SP1500,,,GWRE,GWRE,US_SOURCE_DIRECT,GWRE,US_SOURCE_DIRECT,CARRY_FORWARD,False,,,,,,,,False,False,False
WS:US:GWW,W. W. Grainger,US_SP1500,,,GWW,GWW,US_SOURCE_DIRECT,GWW,US_SOURCE_DIRECT,CARRY_FORWARD,False,,,,,,,,False,False,False
WS:US:GXO,GXO Logistics,US_SP1500,,,GXO,GXO,US_SOURCE_DIRECT,GXO,US_SOURCE_DIRECT,CARRY_FORWARD,False,,,,,,,,False,False,False
WS:US:H,Hyatt,US_SP1500,,,H,H,US_SOURCE_DIRECT,H,US_SOURCE_DIRECT,CARRY_FORWARD,False,,,,,,,,False,False,False
WS:US:HAE,Haemonetics,US_SP1500,,,HAE,HAE,US_SOURCE_DIRECT,HAE,US_SOURCE_DIRECT,CARRY_FORWARD,False,,,,,,,,False,False,False
WS:US:HAFC,Hanmi Financial Corporation,US_SP1500,,,HAFC,HAFC,US_SOURCE_DIRECT,HAFC,US_SOURCE_DIRECT,CARRY_FORWARD,False,,,,,,,,False,False,False
WS:US:HAL,Halliburton,US_SP1500,,,HAL,HAL,US_SOURCE_DIRECT,HAL,US_SOURCE_DIRECT,CARRY_FORWARD,False,,,,,,,,False,False,False
WS:US:HALO,Halozyme,US_SP1500,,,HALO,HALO,US_SOURCE_DIRECT,HALO,US_SOURCE_DIRECT,CARRY_FORWARD,False,,,,,,,,False,False,False
WS:US:HAS,Hasbro,US_SP1500,,,HAS,HAS,US_SOURCE_DIRECT,HAS,US_SOURCE_DIRECT,CARRY_FORWARD,False,,,,,,,,False,False,False
WS:US:HASI,"Hannon Armstrong Sustainable Infrastructure Capital, Inc.",US_SP1500,,,HASI,HASI,US_SOURCE_DIRECT,HASI,US_SOURCE_DIRECT,CARRY_FORWARD,False,,,,,,,,False,False,False
WS:US:HAYW,"Hayward Holdings, Inc.",US_SP1500,,,HAYW,HAYW,US_SOURCE_DIRECT,HAYW,US_SOURCE_DIRECT,CARRY_FORWARD,False,,,,,,,,False,False,False
WS:US:HBAN,Huntington Bancshares,US_SP1500,,,HBAN,HBAN,US_SOURCE_DIRECT,HBAN,US_SOURCE_DIRECT,CARRY_FORWARD,False,,,,,,,,False,False,False
WS:US:HCA,HCA Healthcare,US_SP1500,,,HCA,HCA,US_SOURCE_DIRECT,HCA,US_SOURCE_DIRECT,CARRY_FORWARD,False,,,,,,,,False,False,False
WS:US:HCC,"Warrior Met Coal, Inc.",US_SP1500,,,HCC,HCC,US_SOURCE_DIRECT,HCC,US_SOURCE_DIRECT,CARRY_FORWARD,False,,,,,,,,False,False,False
WS:US:HCI,"HCI Group, Inc.",US_SP1500,,,HCI,HCI,US_SOURCE_DIRECT,HCI,US_SOURCE_DIRECT,CARRY_FORWARD,False,,,,,,,,False,False,False
WS:US:HCSG,"Healthcare Services Group, Inc.",US_SP1500,,,HCSG,HCSG,US_SOURCE_DIRECT,HCSG,US_SOURCE_DIRECT,CARRY_FORWARD,False,,,,,,,,False,False,False
WS:US:HD,Home Depot (The),US_SP1500,,,HD,HD,US_SOURCE_DIRECT,HD,US_SOURCE_DIRECT,CARRY_FORWARD,False,,,,,,,,False,False,False
WS:US:HE,"Hawaiian Electric Industries, Inc.",US_SP1500,,,HE,HE,US_SOURCE_DIRECT,HE,US_SOURCE_DIRECT,CARRY_FORWARD,False,,,,,,,,False,False,False
WS:US:HFWA,Heritage Financial Corporation,US_SP1500,,,HFWA,HFWA,US_SOURCE_DIRECT,HFWA,US_SOURCE_DIRECT,CARRY_FORWARD,False,,,,,,,,False,False,False
WS:US:HGV,Hilton Grand Vacations,US_SP1500,,,HGV,HGV,US_SOURCE_DIRECT,HGV,US_SOURCE_DIRECT,CARRY_FORWARD,False,,,,,,,,False,False,False
WS:US:HIG,Hartford (The),US_SP1500,,,HIG,HIG,US_SOURCE_DIRECT,HIG,US_SOURCE_DIRECT,CARRY_FORWARD,False,,,,,,,,False,False,False
WS:US:HII,Huntington Ingalls Industries,US_SP1500,,,HII,HII,US_SOURCE_DIRECT,HII,US_SOURCE_DIRECT,CARRY_FORWARD,False,,,,,,,,False,False,False
WS:US:HIMS,Hims & Hers Health,US_SP1500,,,HIMS,HIMS,US_SOURCE_DIRECT,HIMS,US_SOURCE_DIRECT,CARRY_FORWARD,False,,,,,,,,False,False,False
WS:US:HIW,Highwoods Properties,US_SP1500,,,HIW,HIW,US_SOURCE_DIRECT,HIW,US_SOURCE_DIRECT,CARRY_FORWARD,False,,,,,,,,False,False,False
WS:US:HL,Hecla Mining,US_SP1500,,,HL,HL,US_SOURCE_DIRECT,HL,US_SOURCE_DIRECT,CARRY_FORWARD,False,,,,,,,,False,False,False
WS:US:HLI,Houlihan Lokey,US_SP1500,,,HLI,HLI,US_SOURCE_DIRECT,HLI,US_SOURCE_DIRECT,CARRY_FORWARD,False,,,,,,,,False,False,False
WS:US:HLIT,Harmonic Inc.,US_SP1500,,,HLIT,HLIT,US_SOURCE_DIRECT,HLIT,US_SOURCE_DIRECT,CARRY_FORWARD,False,,,,,,,,False,False,False
WS:US:HLNE,Hamilton Lane,US_SP1500,,,HLNE,HLNE,US_SOURCE_DIRECT,HLNE,US_SOURCE_DIRECT,CARRY_FORWARD,False,,,,,,,,False,False,False
WS:US:HLT,Hilton Worldwide,US_SP1500,,,HLT,HLT,US_SOURCE_DIRECT,HLT,US_SOURCE_DIRECT,CARRY_FORWARD,False,,,,,,,,False,False,False
WS:US:HLX,"Helix Energy Solutions Group, Inc.",US_SP1500,,,HLX,HLX,US_SOURCE_DIRECT,HLX,US_SOURCE_DIRECT,CARRY_FORWARD,False,,,,,,,,False,False,False
WS:US:HMN,Horace Mann Educators Corporation,US_SP1500,,,HMN,HMN,US_SOURCE_DIRECT,HMN,US_SOURCE_DIRECT,CARRY_FORWARD,False,,,,,,,,False,False,False
WS:US:HNI,HNI Corporation,US_SP1500,,,HNI,HNI,US_SOURCE_DIRECT,HNI,US_SOURCE_DIRECT,CARRY_FORWARD,False,,,,,,,,False,False,False
WS:US:HOG,Harley-Davidson,US_SP1500,,,HOG,HOG,US_SOURCE_DIRECT,HOG,US_SOURCE_DIRECT,CARRY_FORWARD,False,,,,,,,,False,False,False
WS:US:HOMB,Home BancShares,US_SP1500,,,HOMB,HOMB,US_SOURCE_DIRECT,HOMB,US_SOURCE_DIRECT,CARRY_FORWARD,False,,,,,,,,False,False,False
WS:US:HON,Honeywell Technologies,US_SP1500,,,HON,HON,US_SOURCE_DIRECT,HON,US_SOURCE_DIRECT,CARRY_FORWARD,False,,,,,,,,False,False,False
WS:US:HONA,Honeywell Aerospace,US_SP1500,,,HONA,HONA,US_SOURCE_DIRECT,HONA,US_SOURCE_DIRECT,CARRY_FORWARD,False,,,,,,,,False,False,False
WS:US:HOOD,Robinhood Markets,US_SP1500,,,HOOD,HOOD,US_SOURCE_DIRECT,HOOD,US_SOURCE_DIRECT,CARRY_FORWARD,False,,,,,,,,False,False,False
WS:US:HOPE,"Hope Bancorp, Inc.",US_SP1500,,,HOPE,HOPE,US_SOURCE_DIRECT,HOPE,US_SOURCE_DIRECT,CARRY_FORWARD,False,,,,,,,,False,False,False
WS:US:HP,"Helmerich & Payne, Inc.",US_SP1500,,,HP,HP,US_SOURCE_DIRECT,HP,US_SOURCE_DIRECT,CARRY_FORWARD,False,,,,,,,,False,False,False
WS:US:HPE,Hewlett Packard Enterprise,US_SP1500,,,HPE,HPE,US_SOURCE_DIRECT,HPE,US_SOURCE_DIRECT,CARRY_FORWARD,False,,,,,,,,False,False,False
WS:US:HPQ,HP Inc.,US_SP1500,,,HPQ,HPQ,US_SOURCE_DIRECT,HPQ,US_SOURCE_DIRECT,CARRY_FORWARD,False,,,,,,,,False,False,False
WS:US:HQY,HealthEquity,US_SP1500,,,HQY,HQY,US_SOURCE_DIRECT,HQY,US_SOURCE_DIRECT,CARRY_FORWARD,False,,,,,,,,False,False,False
WS:US:HR,Healthcare Realty Trust,US_SP1500,,,HR,HR,US_SOURCE_DIRECT,HR,US_SOURCE_DIRECT,CARRY_FORWARD,False,,,,,,,,False,False,False
WS:US:HRB,H&R Block,US_SP1500,,,HRB,HRB,US_SOURCE_DIRECT,HRB,US_SOURCE_DIRECT,CARRY_FORWARD,False,,,,,,,,False,False,False
WS:US:HRL,Hormel Foods,US_SP1500,,,HRL,HRL,US_SOURCE_DIRECT,HRL,US_SOURCE_DIRECT,CARRY_FORWARD,False,,,,,,,,False,False,False
WS:US:HRMY,"Harmony Biosciences Holdings, Inc.",US_SP1500,,,HRMY,HRMY,US_SOURCE_DIRECT,HRMY,US_SOURCE_DIRECT,CARRY_FORWARD,False,,,,,,,,False,False,False
WS:US:HSIC,Henry Schein,US_SP1500,,,HSIC,HSIC,US_SOURCE_DIRECT,HSIC,US_SOURCE_DIRECT,CARRY_FORWARD,False,,,,,,,,False,False,False
WS:US:HST,Host Hotels & Resorts,US_SP1500,,,HST,HST,US_SOURCE_DIRECT,HST,US_SOURCE_DIRECT,CARRY_FORWARD,False,,,,,,,,False,False,False
WS:US:HSTM,"HealthStream, Inc.",US_SP1500,,,HSTM,HSTM,US_SOURCE_DIRECT,HSTM,US_SOURCE_DIRECT,CARRY_FORWARD,False,,,,,,,,False,False,False
WS:US:HSY,Hershey Company (The),US_SP1500,,,HSY,HSY,US_SOURCE_DIRECT,HSY,US_SOURCE_DIRECT,CARRY_FORWARD,False,,,,,,,,False,False,False
WS:US:HTH,Hilltop Holdings Inc.,US_SP1500,,,HTH,HTH,US_SOURCE_DIRECT,HTH,US_SOURCE_DIRECT,CARRY_FORWARD,False,,,,,,,,False,False,False
WS:US:HTLD,"Heartland Express, Inc.",US_SP1500,,,HTLD,HTLD,US_SOURCE_DIRECT,HTLD,US_SOURCE_DIRECT,CARRY_FORWARD,False,,,,,,,,False,False,False
WS:US:HTO,H2O America,US_SP1500,,,HTO,HTO,US_SOURCE_DIRECT,HTO,US_SOURCE_DIRECT,CARRY_FORWARD,False,,,,,,,,False,False,False
WS:US:HUBB,Hubbell Incorporated,US_SP1500,,,HUBB,HUBB,US_SOURCE_DIRECT,HUBB,US_SOURCE_DIRECT,CARRY_FORWARD,False,,,,,,,,False,False,False
WS:US:HUBG,"Hub Group, Inc.",US_SP1500,,,HUBG,HUBG,US_SOURCE_DIRECT,HUBG,US_SOURCE_DIRECT,CARRY_FORWARD,False,,,,,,,,False,False,False
WS:US:HUM,Humana,US_SP1500,,,HUM,HUM,US_SOURCE_DIRECT,HUM,US_SOURCE_DIRECT,CARRY_FORWARD,False,,,,,,,,False,False,False
WS:US:HWC,Hancock Whitney,US_SP1500,,,HWC,HWC,US_SOURCE_DIRECT,HWC,US_SOURCE_DIRECT,CARRY_FORWARD,False,,,,,,,,False,False,False
WS:US:HWKN,"Hawkins, Inc.",US_SP1500,,,HWKN,HWKN,US_SOURCE_DIRECT,HWKN,US_SOURCE_DIRECT,CARRY_FORWARD,False,,,,,,,,False,False,False
WS:US:HWM,Howmet Aerospace,US_SP1500,,,HWM,HWM,US_SOURCE_DIRECT,HWM,US_SOURCE_DIRECT,CARRY_FORWARD,False,,,,,,,,False,False,False
WS:US:HXL,Hexcel,US_SP1500,,,HXL,HXL,US_SOURCE_DIRECT,HXL,US_SOURCE_DIRECT,CARRY_FORWARD,False,,,,,,,,False,False,False
WS:US:HZO,"MarineMax, Inc.",US_SP1500,,,HZO,HZO,US_SOURCE_DIRECT,HZO,US_SOURCE_DIRECT,CARRY_FORWARD,False,,,,,,,,False,False,False
WS:US:IART,Integra Lifesciences Holdings,US_SP1500,,,IART,IART,US_SOURCE_DIRECT,IART,US_SOURCE_DIRECT,CARRY_FORWARD,False,,,,,,,,False,False,False
WS:US:IBKR,Interactive Brokers,US_SP1500,,,IBKR,IBKR,US_SOURCE_DIRECT,IBKR,US_SOURCE_DIRECT,CARRY_FORWARD,False,,,,,,,,False,False,False
WS:US:IBM,IBM,US_SP1500,,,IBM,IBM,US_SOURCE_DIRECT,IBM,US_SOURCE_DIRECT,CARRY_FORWARD,False,,,,,,,,False,False,False
WS:US:IBOC,Intl Bancshares Corp,US_SP1500,,,IBOC,IBOC,US_SOURCE_DIRECT,IBOC,US_SOURCE_DIRECT,CARRY_FORWARD,False,,,,,,,,False,False,False
WS:US:IBP,"Installed Building Products, Inc.",US_SP1500,,,IBP,IBP,US_SOURCE_DIRECT,IBP,US_SOURCE_DIRECT,CARRY_FORWARD,False,,,,,,,,False,False,False
WS:US:ICE,Intercontinental Exchange,US_SP1500,,,ICE,ICE,US_SOURCE_DIRECT,ICE,US_SOURCE_DIRECT,CARRY_FORWARD,False,,,,,,,,False,False,False
WS:US:ICHR,"Ichor Holdings, Ltd.",US_SP1500,,,ICHR,ICHR,US_SOURCE_DIRECT,ICHR,US_SOURCE_DIRECT,CARRY_FORWARD,False,,,,,,,,False,False,False
WS:US:ICUI,ICU Medical,US_SP1500,,,ICUI,ICUI,US_SOURCE_DIRECT,ICUI,US_SOURCE_DIRECT,CARRY_FORWARD,False,,,,,,,,False,False,False
WS:US:IDA,Idacorp,US_SP1500,,,IDA,IDA,US_SOURCE_DIRECT,IDA,US_SOURCE_DIRECT,CARRY_FORWARD,False,,,,,,,,False,False,False
WS:US:IDCC,InterDigital,US_SP1500,,,IDCC,IDCC,US_SOURCE_DIRECT,IDCC,US_SOURCE_DIRECT,CARRY_FORWARD,False,,,,,,,,False,False,False
WS:US:IDXX,Idexx Laboratories,US_SP1500,,,IDXX,IDXX,US_SOURCE_DIRECT,IDXX,US_SOURCE_DIRECT,CARRY_FORWARD,False,,,,,,,,False,False,False
WS:US:IESC,IES Holdings,US_SP1500,,,IESC,IESC,US_SOURCE_DIRECT,IESC,US_SOURCE_DIRECT,CARRY_FORWARD,False,,,,,,,,False,False,False
WS:US:IEX,IDEX Corporation,US_SP1500,,,IEX,IEX,US_SOURCE_DIRECT,IEX,US_SOURCE_DIRECT,CARRY_FORWARD,False,,,,,,,,False,False,False
WS:US:IFF,International Flavors & Fragrances,US_SP1500,,,IFF,IFF,US_SOURCE_DIRECT,IFF,US_SOURCE_DIRECT,CARRY_FORWARD,False,,,,,,,,False,False,False
WS:US:IIPR,"Innovative Industrial Properties, Inc.",US_SP1500,,,IIPR,IIPR,US_SOURCE_DIRECT,IIPR,US_SOURCE_DIRECT,CARRY_FORWARD,False,,,,,,,,False,False,False
WS:US:ILMN,"Illumina, Inc.",US_SP1500,,,ILMN,ILMN,US_SOURCE_DIRECT,ILMN,US_SOURCE_DIRECT,CARRY_FORWARD,False,,,,,,,,False,False,False
WS:US:INCY,Incyte,US_SP1500,,,INCY,INCY,US_SOURCE_DIRECT,INCY,US_SOURCE_DIRECT,CARRY_FORWARD,False,,,,,,,,False,False,False
WS:US:INDB,Independent Bank Corp.,US_SP1500,,,INDB,INDB,US_SOURCE_DIRECT,INDB,US_SOURCE_DIRECT,CARRY_FORWARD,False,,,,,,,,False,False,False
WS:US:INDV,Indivior,US_SP1500,,,INDV,INDV,US_SOURCE_DIRECT,INDV,US_SOURCE_DIRECT,CARRY_FORWARD,False,,,,,,,,False,False,False
WS:US:INGR,Ingredion,US_SP1500,,,INGR,INGR,US_SOURCE_DIRECT,INGR,US_SOURCE_DIRECT,CARRY_FORWARD,False,,,,,,,,False,False,False
WS:US:INSP,"Inspire Medical Systems, Inc.",US_SP1500,,,INSP,INSP,US_SOURCE_DIRECT,INSP,US_SOURCE_DIRECT,CARRY_FORWARD,False,,,,,,,,False,False,False
WS:US:INSW,"International Seaways, Inc.",US_SP1500,,,INSW,INSW,US_SOURCE_DIRECT,INSW,US_SOURCE_DIRECT,CARRY_FORWARD,False,,,,,,,,False,False,False
WS:US:INTC,Intel,US_SP1500,,,INTC,INTC,US_SOURCE_DIRECT,INTC,US_SOURCE_DIRECT,CARRY_FORWARD,False,,,,,,,,False,False,False
WS:US:INTU,Intuit,US_SP1500,,,INTU,INTU,US_SOURCE_DIRECT,INTU,US_SOURCE_DIRECT,CARRY_FORWARD,False,,,,,,,,False,False,False
WS:US:INVA,"Innoviva, Inc.",US_SP1500,,,INVA,INVA,US_SOURCE_DIRECT,INVA,US_SOURCE_DIRECT,CARRY_FORWARD,False,,,,,,,,False,False,False
WS:US:INVH,Invitation Homes,US_SP1500,,,INVH,INVH,US_SOURCE_DIRECT,INVH,US_SOURCE_DIRECT,CARRY_FORWARD,False,,,,,,,,False,False,False
WS:US:INVX,"Innovex International, Inc.",US_SP1500,,,INVX,INVX,US_SOURCE_DIRECT,INVX,US_SOURCE_DIRECT,CARRY_FORWARD,False,,,,,,,,False,False,False
WS:US:IOSP,"Innospec, Inc.",US_SP1500,,,IOSP,IOSP,US_SOURCE_DIRECT,IOSP,US_SOURCE_DIRECT,CARRY_FORWARD,False,,,,,,,,False,False,False
WS:US:IP,International Paper,US_SP1500,,,IP,IP,US_SOURCE_DIRECT,IP,US_SOURCE_DIRECT,CARRY_FORWARD,False,,,,,,,,False,False,False
WS:US:IPAR,"Inter Parfums, Inc.",US_SP1500,,,IPAR,IPAR,US_SOURCE_DIRECT,IPAR,US_SOURCE_DIRECT,CARRY_FORWARD,False,,,,,,,,False,False,False
WS:US:IPGP,IPG Photonics,US_SP1500,,,IPGP,IPGP,US_SOURCE_DIRECT,IPGP,US_SOURCE_DIRECT,CARRY_FORWARD,False,,,,,,,,False,False,False
WS:US:IQV,IQVIA,US_SP1500,,,IQV,IQV,US_SOURCE_DIRECT,IQV,US_SOURCE_DIRECT,CARRY_FORWARD,False,,,,,,,,False,False,False
WS:US:IR,Ingersoll Rand,US_SP1500,,,IR,IR,US_SOURCE_DIRECT,IR,US_SOURCE_DIRECT,CARRY_FORWARD,False,,,,,,,,False,False,False
WS:US:IRDM,Iridium Communications,US_SP1500,,,IRDM,IRDM,US_SOURCE_DIRECT,IRDM,US_SOURCE_DIRECT,CARRY_FORWARD,False,,,,,,,,False,False,False
WS:US:IRM,Iron Mountain,US_SP1500,,,IRM,IRM,US_SOURCE_DIRECT,IRM,US_SOURCE_DIRECT,CARRY_FORWARD,False,,,,,,,,False,False,False
WS:US:IRT,Independence Realty Trust,US_SP1500,,,IRT,IRT,US_SOURCE_DIRECT,IRT,US_SOURCE_DIRECT,CARRY_FORWARD,False,,,,,,,,False,False,False
WS:US:ISRG,Intuitive Surgical,US_SP1500,,,ISRG,ISRG,US_SOURCE_DIRECT,ISRG,US_SOURCE_DIRECT,CARRY_FORWARD,False,,,,,,,,False,False,False
WS:US:IT,Gartner,US_SP1500,,,IT,IT,US_SOURCE_DIRECT,IT,US_SOURCE_DIRECT,CARRY_FORWARD,False,,,,,,,,False,False,False
WS:US:ITGR,Integer Holdings Corporation,US_SP1500,,,ITGR,ITGR,US_SOURCE_DIRECT,ITGR,US_SOURCE_DIRECT,CARRY_FORWARD,False,,,,,,,,False,False,False
WS:US:ITRI,"Itron, Inc.",US_SP1500,,,ITRI,ITRI,US_SOURCE_DIRECT,ITRI,US_SOURCE_DIRECT,CARRY_FORWARD,False,,,,,,,,False,False,False
WS:US:ITT,ITT Inc.,US_SP1500,,,ITT,ITT,US_SOURCE_DIRECT,ITT,US_SOURCE_DIRECT,CARRY_FORWARD,False,,,,,,,,False,False,False
WS:US:ITW,Illinois Tool Works,US_SP1500,,,ITW,ITW,US_SOURCE_DIRECT,ITW,US_SOURCE_DIRECT,CARRY_FORWARD,False,,,,,,,,False,False,False
WS:US:IVT,InvenTrust Properties,US_SP1500,,,IVT,IVT,US_SOURCE_DIRECT,IVT,US_SOURCE_DIRECT,CARRY_FORWARD,False,,,,,,,,False,False,False
WS:US:IVZ,Invesco,US_SP1500,,,IVZ,IVZ,US_SOURCE_DIRECT,IVZ,US_SOURCE_DIRECT,CARRY_FORWARD,False,,,,,,,,False,False,False
WS:US:J,Jacobs Solutions,US_SP1500,,,J,J,US_SOURCE_DIRECT,J,US_SOURCE_DIRECT,CARRY_FORWARD,False,,,,,,,,False,False,False
WS:US:JAZZ,Jazz Pharmaceuticals,US_SP1500,,,JAZZ,JAZZ,US_SOURCE_DIRECT,JAZZ,US_SOURCE_DIRECT,CARRY_FORWARD,False,,,,,,,,False,False,False
WS:US:JBGS,JBG Smith,US_SP1500,,,JBGS,JBGS,US_SOURCE_DIRECT,JBGS,US_SOURCE_DIRECT,CARRY_FORWARD,False,,,,,,,,False,False,False
WS:US:JBHT,J.B. Hunt,US_SP1500,,,JBHT,JBHT,US_SOURCE_DIRECT,JBHT,US_SOURCE_DIRECT,CARRY_FORWARD,False,,,,,,,,False,False,False
WS:US:JBL,Jabil,US_SP1500,,,JBL,JBL,US_SOURCE_DIRECT,JBL,US_SOURCE_DIRECT,CARRY_FORWARD,False,,,,,,,,False,False,False
WS:US:JBLU,JetBlue,US_SP1500,,,JBLU,JBLU,US_SOURCE_DIRECT,JBLU,US_SOURCE_DIRECT,CARRY_FORWARD,False,,,,,,,,False,False,False
WS:US:JBSS,"John B. Sanfilippo & Son, Inc.",US_SP1500,,,JBSS,JBSS,US_SOURCE_DIRECT,JBSS,US_SOURCE_DIRECT,CARRY_FORWARD,False,,,,,,,,False,False,False
WS:US:JBTM,JBT Marel Corporation,US_SP1500,,,JBTM,JBTM,US_SOURCE_DIRECT,JBTM,US_SOURCE_DIRECT,CARRY_FORWARD,False,,,,,,,,False,False,False
WS:US:JCI,Johnson Controls,US_SP1500,,,JCI,JCI,US_SOURCE_DIRECT,JCI,US_SOURCE_DIRECT,CARRY_FORWARD,False,,,,,,,,False,False,False
WS:US:JEF,Jefferies,US_SP1500,,,JEF,JEF,US_SOURCE_DIRECT,JEF,US_SOURCE_DIRECT,CARRY_FORWARD,False,,,,,,,,False,False,False
WS:US:JJSF,J&J Snack Foods Corp.,US_SP1500,,,JJSF,JJSF,US_SOURCE_DIRECT,JJSF,US_SOURCE_DIRECT,CARRY_FORWARD,False,,,,,,,,False,False,False
WS:US:JKHY,Jack Henry & Associates,US_SP1500,,,JKHY,JKHY,US_SOURCE_DIRECT,JKHY,US_SOURCE_DIRECT,CARRY_FORWARD,False,,,,,,,,False,False,False
WS:US:JLL,Jones Lang LaSalle,US_SP1500,,,JLL,JLL,US_SOURCE_DIRECT,JLL,US_SOURCE_DIRECT,CARRY_FORWARD,False,,,,,,,,False,False,False
WS:US:JNJ,Johnson & Johnson,US_SP1500,,,JNJ,JNJ,US_SOURCE_DIRECT,JNJ,US_SOURCE_DIRECT,CARRY_FORWARD,False,,,,,,,,False,False,False
WS:US:JOE,St. Joe Company,US_SP1500,,,JOE,JOE,US_SOURCE_DIRECT,JOE,US_SOURCE_DIRECT,CARRY_FORWARD,False,,,,,,,,False,False,False
WS:US:JPM,JPMorgan Chase,US_SP1500,,,JPM,JPM,US_SOURCE_DIRECT,JPM,US_SOURCE_DIRECT,CARRY_FORWARD,False,,,,,,,,False,False,False
WS:US:JXN,"Jackson Financial, Inc.",US_SP1500,,,JXN,JXN,US_SOURCE_DIRECT,JXN,US_SOURCE_DIRECT,CARRY_FORWARD,False,,,,,,,,False,False,False
WS:US:KAI,Kadant Inc.,US_SP1500,,,KAI,KAI,US_SOURCE_DIRECT,KAI,US_SOURCE_DIRECT,CARRY_FORWARD,False,,,,,,,,False,False,False
WS:US:KALU,Kaiser Aluminum Corporation,US_SP1500,,,KALU,KALU,US_SOURCE_DIRECT,KALU,US_SOURCE_DIRECT,CARRY_FORWARD,False,,,,,,,,False,False,False
WS:US:KBH,KB Home,US_SP1500,,,KBH,KBH,US_SOURCE_DIRECT,KBH,US_SOURCE_DIRECT,CARRY_FORWARD,False,,,,,,,,False,False,False
WS:US:KBR,"KBR, Inc.",US_SP1500,,,KBR,KBR,US_SOURCE_DIRECT,KBR,US_SOURCE_DIRECT,CARRY_FORWARD,False,,,,,,,,False,False,False
WS:US:KD,Kyndryl,US_SP1500,,,KD,KD,US_SOURCE_DIRECT,KD,US_SOURCE_DIRECT,CARRY_FORWARD,False,,,,,,,,False,False,False
WS:US:KDP,Keurig Dr Pepper,US_SP1500,,,KDP,KDP,US_SOURCE_DIRECT,KDP,US_SOURCE_DIRECT,CARRY_FORWARD,False,,,,,,,,False,False,False
WS:US:KEX,Kirby Corporation,US_SP1500,,,KEX,KEX,US_SOURCE_DIRECT,KEX,US_SOURCE_DIRECT,CARRY_FORWARD,False,,,,,,,,False,False,False
WS:US:KEY,KeyCorp,US_SP1500,,,KEY,KEY,US_SOURCE_DIRECT,KEY,US_SOURCE_DIRECT,CARRY_FORWARD,False,,,,,,,,False,False,False
WS:US:KEYS,Keysight Technologies,US_SP1500,,,KEYS,KEYS,US_SOURCE_DIRECT,KEYS,US_SOURCE_DIRECT,CARRY_FORWARD,False,,,,,,,,False,False,False
WS:US:KFY,Korn/Ferry International,US_SP1500,,,KFY,KFY,US_SOURCE_DIRECT,KFY,US_SOURCE_DIRECT,CARRY_FORWARD,False,,,,,,,,False,False,False
WS:US:KGS,"Kodiak Gas Services, Inc.",US_SP1500,,,KGS,KGS,US_SOURCE_DIRECT,KGS,US_SOURCE_DIRECT,CARRY_FORWARD,False,,,,,,,,False,False,False
WS:US:KHC,Kraft Heinz,US_SP1500,,,KHC,KHC,US_SOURCE_DIRECT,KHC,US_SOURCE_DIRECT,CARRY_FORWARD,False,,,,,,,,False,False,False
WS:US:KIM,Kimco Realty,US_SP1500,,,KIM,KIM,US_SOURCE_DIRECT,KIM,US_SOURCE_DIRECT,CARRY_FORWARD,False,,,,,,,,False,False,False
WS:US:KKR,KKR & Co.,US_SP1500,,,KKR,KKR,US_SOURCE_DIRECT,KKR,US_SOURCE_DIRECT,CARRY_FORWARD,False,,,,,,,,False,False,False
WS:US:KLAC,KLA Corporation,US_SP1500,,,KLAC,KLAC,US_SOURCE_DIRECT,KLAC,US_SOURCE_DIRECT,CARRY_FORWARD,False,,,,,,,,False,False,False
WS:US:KLIC,"Kulicke and Soffa Industries, Inc.",US_SP1500,,,KLIC,KLIC,US_SOURCE_DIRECT,KLIC,US_SOURCE_DIRECT,CARRY_FORWARD,False,,,,,,,,False,False,False
WS:US:KMB,Kimberly-Clark,US_SP1500,,,KMB,KMB,US_SOURCE_DIRECT,KMB,US_SOURCE_DIRECT,CARRY_FORWARD,False,,,,,,,,False,False,False
WS:US:KMI,Kinder Morgan,US_SP1500,,,KMI,KMI,US_SOURCE_DIRECT,KMI,US_SOURCE_DIRECT,CARRY_FORWARD,False,,,,,,,,False,False,False
WS:US:KMPR,Kemper Corporation,US_SP1500,,,KMPR,KMPR,US_SOURCE_DIRECT,KMPR,US_SOURCE_DIRECT,CARRY_FORWARD,False,,,,,,,,False,False,False
WS:US:KMT,Kennametal,US_SP1500,,,KMT,KMT,US_SOURCE_DIRECT,KMT,US_SOURCE_DIRECT,CARRY_FORWARD,False,,,,,,,,False,False,False
WS:US:KMX,"CarMax, Inc.",US_SP1500,,,KMX,KMX,US_SOURCE_DIRECT,KMX,US_SOURCE_DIRECT,CARRY_FORWARD,False,,,,,,,,False,False,False
WS:US:KN,Knowles Corporation,US_SP1500,,,KN,KN,US_SOURCE_DIRECT,KN,US_SOURCE_DIRECT,CARRY_FORWARD,False,,,,,,,,False,False,False
WS:US:KNF,Knife River Corporation,US_SP1500,,,KNF,KNF,US_SOURCE_DIRECT,KNF,US_SOURCE_DIRECT,CARRY_FORWARD,False,,,,,,,,False,False,False
WS:US:KNSL,Kinsale Capital Group,US_SP1500,,,KNSL,KNSL,US_SOURCE_DIRECT,KNSL,US_SOURCE_DIRECT,CARRY_FORWARD,False,,,,,,,,False,False,False
WS:US:KNTK,"Kinetik Holdings, Inc.",US_SP1500,,,KNTK,KNTK,US_SOURCE_DIRECT,KNTK,US_SOURCE_DIRECT,CARRY_FORWARD,False,,,,,,,,False,False,False
WS:US:KNX,Knight-Swift,US_SP1500,,,KNX,KNX,US_SOURCE_DIRECT,KNX,US_SOURCE_DIRECT,CARRY_FORWARD,False,,,,,,,,False,False,False
WS:US:KO,Coca-Cola Company (The),US_SP1500,,,KO,KO,US_SOURCE_DIRECT,KO,US_SOURCE_DIRECT,CARRY_FORWARD,False,,,,,,,,False,False,False
WS:US:KOP,"Koppers Holdings, Inc.",US_SP1500,,,KOP,KOP,US_SOURCE_DIRECT,KOP,US_SOURCE_DIRECT,CARRY_FORWARD,False,,,,,,,,False,False,False
WS:US:KR,Kroger,US_SP1500,,,KR,KR,US_SOURCE_DIRECT,KR,US_SOURCE_DIRECT,CARRY_FORWARD,False,,,,,,,,False,False,False
WS:US:KRC,Kilroy Realty Corp,US_SP1500,,,KRC,KRC,US_SOURCE_DIRECT,KRC,US_SOURCE_DIRECT,CARRY_FORWARD,False,,,,,,,,False,False,False
WS:US:KRG,Kite Realty Group Trust,US_SP1500,,,KRG,KRG,US_SOURCE_DIRECT,KRG,US_SOURCE_DIRECT,CARRY_FORWARD,False,,,,,,,,False,False,False
WS:US:KRMN,Karman Holdings,US_SP1500,,,KRMN,KRMN,US_SOURCE_DIRECT,KRMN,US_SOURCE_DIRECT,CARRY_FORWARD,False,,,,,,,,False,False,False
WS:US:KRYS,Krystal Biotech,US_SP1500,,,KRYS,KRYS,US_SOURCE_DIRECT,KRYS,US_SOURCE_DIRECT,CARRY_FORWARD,False,,,,,,,,False,False,False
WS:US:KSS,Kohl's Corp.,US_SP1500,,,KSS,KSS,US_SOURCE_DIRECT,KSS,US_SOURCE_DIRECT,CARRY_FORWARD,False,,,,,,,,False,False,False
WS:US:KTB,Kontoor Brands,US_SP1500,,,KTB,KTB,US_SOURCE_DIRECT,KTB,US_SOURCE_DIRECT,CARRY_FORWARD,False,,,,,,,,False,False,False
WS:US:KTOS,Kratos Defense & Security Solutions,US_SP1500,,,KTOS,KTOS,US_SOURCE_DIRECT,KTOS,US_SOURCE_DIRECT,CARRY_FORWARD,False,,,,,,,,False,False,False
WS:US:KVUE,Kenvue,US_SP1500,,,KVUE,KVUE,US_SOURCE_DIRECT,KVUE,US_SOURCE_DIRECT,CARRY_FORWARD,False,,,,,,,,False,False,False
WS:US:KWR,Quaker Chemical Corporation,US_SP1500,,,KWR,KWR,US_SOURCE_DIRECT,KWR,US_SOURCE_DIRECT,CARRY_FORWARD,False,,,,,,,,False,False,False
WS:US:L,Loews Corporation,US_SP1500,,,L,L,US_SOURCE_DIRECT,L,US_SOURCE_DIRECT,CARRY_FORWARD,False,,,,,,,,False,False,False
WS:US:LAD,Lithia Motors,US_SP1500,,,LAD,LAD,US_SOURCE_DIRECT,LAD,US_SOURCE_DIRECT,CARRY_FORWARD,False,,,,,,,,False,False,False
WS:US:LAMR,Lamar Advertising Company,US_SP1500,,,LAMR,LAMR,US_SOURCE_DIRECT,LAMR,US_SOURCE_DIRECT,CARRY_FORWARD,False,,,,,,,,False,False,False
WS:US:LAUR,"Laureate Education, Inc.",US_SP1500,,,LAUR,LAUR,US_SOURCE_DIRECT,LAUR,US_SOURCE_DIRECT,CARRY_FORWARD,False,,,,,,,,False,False,False
WS:US:LAZ,Lazard,US_SP1500,,,LAZ,LAZ,US_SOURCE_DIRECT,LAZ,US_SOURCE_DIRECT,CARRY_FORWARD,False,,,,,,,,False,False,False
WS:US:LBRT,"Liberty Energy, Inc.",US_SP1500,,,LBRT,LBRT,US_SOURCE_DIRECT,LBRT,US_SOURCE_DIRECT,CARRY_FORWARD,False,,,,,,,,False,False,False
WS:US:LCII,LCI Industries,US_SP1500,,,LCII,LCII,US_SOURCE_DIRECT,LCII,US_SOURCE_DIRECT,CARRY_FORWARD,False,,,,,,,,False,False,False
WS:US:LDOS,Leidos,US_SP1500,,,LDOS,LDOS,US_SOURCE_DIRECT,LDOS,US_SOURCE_DIRECT,CARRY_FORWARD,False,,,,,,,,False,False,False
WS:US:LEA,Lear,US_SP1500,,,LEA,LEA,US_SOURCE_DIRECT,LEA,US_SOURCE_DIRECT,CARRY_FORWARD,False,,,,,,,,False,False,False
WS:US:LECO,Lincoln Electric,US_SP1500,,,LECO,LECO,US_SOURCE_DIRECT,LECO,US_SOURCE_DIRECT,CARRY_FORWARD,False,,,,,,,,False,False,False
WS:US:LEG,Leggett & Platt,US_SP1500,,,LEG,LEG,US_SOURCE_DIRECT,LEG,US_SOURCE_DIRECT,CARRY_FORWARD,False,,,,,,,,False,False,False
WS:US:LEN,Lennar,US_SP1500,,,LEN,LEN,US_SOURCE_DIRECT,LEN,US_SOURCE_DIRECT,CARRY_FORWARD,False,,,,,,,,False,False,False
WS:US:LEU,Centrus Energy Corp.,US_SP1500,,,LEU,LEU,US_SOURCE_DIRECT,LEU,US_SOURCE_DIRECT,CARRY_FORWARD,False,,,,,,,,False,False,False
WS:US:LFST,Lifestance Health,US_SP1500,,,LFST,LFST,US_SOURCE_DIRECT,LFST,US_SOURCE_DIRECT,CARRY_FORWARD,False,,,,,,,,False,False,False
WS:US:LFUS,Littelfuse,US_SP1500,,,LFUS,LFUS,US_SOURCE_DIRECT,LFUS,US_SOURCE_DIRECT,CARRY_FORWARD,False,,,,,,,,False,False,False
WS:US:LGIH,LGI Homes,US_SP1500,,,LGIH,LGIH,US_SOURCE_DIRECT,LGIH,US_SOURCE_DIRECT,CARRY_FORWARD,False,,,,,,,,False,False,False
WS:US:LGND,"Ligand Pharmaceuticals, Inc.",US_SP1500,,,LGND,LGND,US_SOURCE_DIRECT,LGND,US_SOURCE_DIRECT,CARRY_FORWARD,False,,,,,,,,False,False,False
WS:US:LH,Labcorp,US_SP1500,,,LH,LH,US_SOURCE_DIRECT,LH,US_SOURCE_DIRECT,CARRY_FORWARD,False,,,,,,,,False,False,False
WS:US:LHX,L3Harris,US_SP1500,,,LHX,LHX,US_SOURCE_DIRECT,LHX,US_SOURCE_DIRECT,CARRY_FORWARD,False,,,,,,,,False,False,False
WS:US:LIF,Life360,US_SP1500,,,LIF,LIF,US_SOURCE_DIRECT,LIF,US_SOURCE_DIRECT,CARRY_FORWARD,False,,,,,,,,False,False,False
WS:US:LII,Lennox International,US_SP1500,,,LII,LII,US_SOURCE_DIRECT,LII,US_SOURCE_DIRECT,CARRY_FORWARD,False,,,,,,,,False,False,False
WS:US:LIN,Linde plc,US_SP1500,,,LIN,LIN,US_SOURCE_DIRECT,LIN,US_SOURCE_DIRECT,CARRY_FORWARD,False,,,,,,,,False,False,False
WS:US:LITE,Lumentum,US_SP1500,,,LITE,LITE,US_SOURCE_DIRECT,LITE,US_SOURCE_DIRECT,CARRY_FORWARD,False,,,,,,,,False,False,False
WS:US:LIVN,LivaNova,US_SP1500,,,LIVN,LIVN,US_SOURCE_DIRECT,LIVN,US_SOURCE_DIRECT,CARRY_FORWARD,False,,,,,,,,False,False,False
WS:US:LKFN,Lakeland Financial,US_SP1500,,,LKFN,LKFN,US_SOURCE_DIRECT,LKFN,US_SOURCE_DIRECT,CARRY_FORWARD,False,,,,,,,,False,False,False
WS:US:LKQ,LKQ Corporation,US_SP1500,,,LKQ,LKQ,US_SOURCE_DIRECT,LKQ,US_SOURCE_DIRECT,CARRY_FORWARD,False,,,,,,,,False,False,False
WS:US:LLY,Lilly (Eli),US_SP1500,,,LLY,LLY,US_SOURCE_DIRECT,LLY,US_SOURCE_DIRECT,CARRY_FORWARD,False,,,,,,,,False,False,False
WS:US:LMAT,LeMaitre Vascular,US_SP1500,,,LMAT,LMAT,US_SOURCE_DIRECT,LMAT,US_SOURCE_DIRECT,CARRY_FORWARD,False,,,,,,,,False,False,False
WS:US:LMT,Lockheed Martin,US_SP1500,,,LMT,LMT,US_SOURCE_DIRECT,LMT,US_SOURCE_DIRECT,CARRY_FORWARD,False,,,,,,,,False,False,False
WS:US:LNC,Lincoln Financial,US_SP1500,,,LNC,LNC,US_SOURCE_DIRECT,LNC,US_SOURCE_DIRECT,CARRY_FORWARD,False,,,,,,,,False,False,False
WS:US:LNN,Lindsay Corporation,US_SP1500,,,LNN,LNN,US_SOURCE_DIRECT,LNN,US_SOURCE_DIRECT,CARRY_FORWARD,False,,,,,,,,False,False,False
WS:US:LNT,Alliant Energy,US_SP1500,,,LNT,LNT,US_SOURCE_DIRECT,LNT,US_SOURCE_DIRECT,CARRY_FORWARD,False,,,,,,,,False,False,False
WS:US:LNTH,Lantheus Holdings,US_SP1500,,,LNTH,LNTH,US_SOURCE_DIRECT,LNTH,US_SOURCE_DIRECT,CARRY_FORWARD,False,,,,,,,,False,False,False
WS:US:LOPE,Grand Canyon Education,US_SP1500,,,LOPE,LOPE,US_SOURCE_DIRECT,LOPE,US_SOURCE_DIRECT,CARRY_FORWARD,False,,,,,,,,False,False,False
WS:US:LOW,Lowe's,US_SP1500,,,LOW,LOW,US_SOURCE_DIRECT,LOW,US_SOURCE_DIRECT,CARRY_FORWARD,False,,,,,,,,False,False,False
WS:US:LPG,Dorian LPG Ltd.,US_SP1500,,,LPG,LPG,US_SOURCE_DIRECT,LPG,US_SOURCE_DIRECT,CARRY_FORWARD,False,,,,,,,,False,False,False
WS:US:LPX,Louisiana-Pacific,US_SP1500,,,LPX,LPX,US_SOURCE_DIRECT,LPX,US_SOURCE_DIRECT,CARRY_FORWARD,False,,,,,,,,False,False,False
WS:US:LQDA,Liquidia Corporation,US_SP1500,,,LQDA,LQDA,US_SOURCE_DIRECT,LQDA,US_SOURCE_DIRECT,CARRY_FORWARD,False,,,,,,,,False,False,False
WS:US:LQDT,"Liquidity Services, Inc.",US_SP1500,,,LQDT,LQDT,US_SOURCE_DIRECT,LQDT,US_SOURCE_DIRECT,CARRY_FORWARD,False,,,,,,,,False,False,False
WS:US:LRCX,Lam Research,US_SP1500,,,LRCX,LRCX,US_SOURCE_DIRECT,LRCX,US_SOURCE_DIRECT,CARRY_FORWARD,False,,,,,,,,False,False,False
WS:US:LRN,"Stride, Inc.",US_SP1500,,,LRN,LRN,US_SOURCE_DIRECT,LRN,US_SOURCE_DIRECT,CARRY_FORWARD,False,,,,,,,,False,False,False
WS:US:LSCC,Lattice Semiconductor,US_SP1500,,,LSCC,LSCC,US_SOURCE_DIRECT,LSCC,US_SOURCE_DIRECT,CARRY_FORWARD,False,,,,,,,,False,False,False
WS:US:LSTR,Landstar System,US_SP1500,,,LSTR,LSTR,US_SOURCE_DIRECT,LSTR,US_SOURCE_DIRECT,CARRY_FORWARD,False,,,,,,,,False,False,False
WS:US:LTC,"LTC Properties, Inc.",US_SP1500,,,LTC,LTC,US_SOURCE_DIRECT,LTC,US_SOURCE_DIRECT,CARRY_FORWARD,False,,,,,,,,False,False,False
WS:US:LTH,"Life Time Group Holdings, Inc.",US_SP1500,,,LTH,LTH,US_SOURCE_DIRECT,LTH,US_SOURCE_DIRECT,CARRY_FORWARD,False,,,,,,,,False,False,False
WS:US:LULU,Lululemon Athletica,US_SP1500,,,LULU,LULU,US_SOURCE_DIRECT,LULU,US_SOURCE_DIRECT,CARRY_FORWARD,False,,,,,,,,False,False,False
WS:US:LUMN,Lumen Technologies,US_SP1500,,,LUMN,LUMN,US_SOURCE_DIRECT,LUMN,US_SOURCE_DIRECT,CARRY_FORWARD,False,,,,,,,,False,False,False
WS:US:LUV,Southwest Airlines,US_SP1500,,,LUV,LUV,US_SOURCE_DIRECT,LUV,US_SOURCE_DIRECT,CARRY_FORWARD,False,,,,,,,,False,False,False
WS:US:LVS,Las Vegas Sands,US_SP1500,,,LVS,LVS,US_SOURCE_DIRECT,LVS,US_SOURCE_DIRECT,CARRY_FORWARD,False,,,,,,,,False,False,False
WS:US:LW,Lamb Weston,US_SP1500,,,LW,LW,US_SOURCE_DIRECT,LW,US_SOURCE_DIRECT,CARRY_FORWARD,False,,,,,,,,False,False,False
WS:US:LXP,Lexington Realty Trust,US_SP1500,,,LXP,LXP,US_SOURCE_DIRECT,LXP,US_SOURCE_DIRECT,CARRY_FORWARD,False,,,,,,,,False,False,False
WS:US:LYB,LyondellBasell,US_SP1500,,,LYB,LYB,US_SOURCE_DIRECT,LYB,US_SOURCE_DIRECT,CARRY_FORWARD,False,,,,,,,,False,False,False
WS:US:LYFT,"Lyft, Inc.",US_SP1500,,,LYFT,LYFT,US_SOURCE_DIRECT,LYFT,US_SOURCE_DIRECT,CARRY_FORWARD,False,,,,,,,,False,False,False
WS:US:LYV,Live Nation Entertainment,US_SP1500,,,LYV,LYV,US_SOURCE_DIRECT,LYV,US_SOURCE_DIRECT,CARRY_FORWARD,False,,,,,,,,False,False,False
WS:US:LZ,"LegalZoom.com, Inc.",US_SP1500,,,LZ,LZ,US_SOURCE_DIRECT,LZ,US_SOURCE_DIRECT,CARRY_FORWARD,False,,,,,,,,False,False,False
WS:US:LZB,"La-Z-Boy, Inc.",US_SP1500,,,LZB,LZB,US_SOURCE_DIRECT,LZB,US_SOURCE_DIRECT,CARRY_FORWARD,False,,,,,,,,False,False,False
WS:US:M,Macy's,US_SP1500,,,M,M,US_SOURCE_DIRECT,M,US_SOURCE_DIRECT,CARRY_FORWARD,False,,,,,,,,False,False,False
WS:US:MA,Mastercard,US_SP1500,,,MA,MA,US_SOURCE_DIRECT,MA,US_SOURCE_DIRECT,CARRY_FORWARD,False,,,,,,,,False,False,False
WS:US:MAA,Mid-America Apartment Communities,US_SP1500,,,MAA,MAA,US_SOURCE_DIRECT,MAA,US_SOURCE_DIRECT,CARRY_FORWARD,False,,,,,,,,False,False,False
WS:US:MAC,Macerich,US_SP1500,,,MAC,MAC,US_SOURCE_DIRECT,MAC,US_SOURCE_DIRECT,CARRY_FORWARD,False,,,,,,,,False,False,False
WS:US:MAN,ManpowerGroup,US_SP1500,,,MAN,MAN,US_SOURCE_DIRECT,MAN,US_SOURCE_DIRECT,CARRY_FORWARD,False,,,,,,,,False,False,False
WS:US:MANH,Manhattan Associates,US_SP1500,,,MANH,MANH,US_SOURCE_DIRECT,MANH,US_SOURCE_DIRECT,CARRY_FORWARD,False,,,,,,,,False,False,False
WS:US:MAR,Marriott International,US_SP1500,,,MAR,MAR,US_SOURCE_DIRECT,MAR,US_SOURCE_DIRECT,CARRY_FORWARD,False,,,,,,,,False,False,False
WS:US:MARA,"MARA Holdings, Inc.",US_SP1500,,,MARA,MARA,US_SOURCE_DIRECT,MARA,US_SOURCE_DIRECT,CARRY_FORWARD,False,,,,,,,,False,False,False
WS:US:MAS,Masco,US_SP1500,,,MAS,MAS,US_SOURCE_DIRECT,MAS,US_SOURCE_DIRECT,CARRY_FORWARD,False,,,,,,,,False,False,False
WS:US:MAT,Mattel,US_SP1500,,,MAT,MAT,US_SOURCE_DIRECT,MAT,US_SOURCE_DIRECT,CARRY_FORWARD,False,,,,,,,,False,False,False
WS:US:MATW,Matthews International Corporation,US_SP1500,,,MATW,MATW,US_SOURCE_DIRECT,MATW,US_SOURCE_DIRECT,CARRY_FORWARD,False,,,,,,,,False,False,False
WS:US:MATX,"Matson, Inc.",US_SP1500,,,MATX,MATX,US_SOURCE_DIRECT,MATX,US_SOURCE_DIRECT,CARRY_FORWARD,False,,,,,,,,False,False,False
WS:US:MBC,"MasterBrand, Inc.",US_SP1500,,,MBC,MBC,US_SOURCE_DIRECT,MBC,US_SOURCE_DIRECT,CARRY_FORWARD,False,,,,,,,,False,False,False
WS:US:MBGL,"Mobility Global, Inc.",US_SP1500,,,MBGL,MBGL,US_SOURCE_DIRECT,MBGL,US_SOURCE_DIRECT,CARRY_FORWARD,False,,,,,,,,False,False,False
WS:US:MBIN,Merchants Bancorp,US_SP1500,,,MBIN,MBIN,US_SOURCE_DIRECT,MBIN,US_SOURCE_DIRECT,CARRY_FORWARD,False,,,,,,,,False,False,False
WS:US:MC,Moelis & Company,US_SP1500,,,MC,MC,US_SOURCE_DIRECT,MC,US_SOURCE_DIRECT,CARRY_FORWARD,False,,,,,,,,False,False,False
WS:US:MCD,McDonald's,US_SP1500,,,MCD,MCD,US_SOURCE_DIRECT,MCD,US_SOURCE_DIRECT,CARRY_FORWARD,False,,,,,,,,False,False,False
WS:US:MCHP,Microchip Technology,US_SP1500,,,MCHP,MCHP,US_SOURCE_DIRECT,MCHP,US_SOURCE_DIRECT,CARRY_FORWARD,False,,,,,,,,False,False,False
WS:US:MCK,McKesson Corporation,US_SP1500,,,MCK,MCK,US_SOURCE_DIRECT,MCK,US_SOURCE_DIRECT,CARRY_FORWARD,False,,,,,,,,False,False,False
WS:US:MCO,Moody's Corporation,US_SP1500,,,MCO,MCO,US_SOURCE_DIRECT,MCO,US_SOURCE_DIRECT,CARRY_FORWARD,False,,,,,,,,False,False,False
WS:US:MCRI,"Monarch Casino & Resort, Inc.",US_SP1500,,,MCRI,MCRI,US_SOURCE_DIRECT,MCRI,US_SOURCE_DIRECT,CARRY_FORWARD,False,,,,,,,,False,False,False
WS:US:MCY,Mercury General,US_SP1500,,,MCY,MCY,US_SOURCE_DIRECT,MCY,US_SOURCE_DIRECT,CARRY_FORWARD,False,,,,,,,,False,False,False
WS:US:MD,Pediatrix Medical Group,US_SP1500,,,MD,MD,US_SOURCE_DIRECT,MD,US_SOURCE_DIRECT,CARRY_FORWARD,False,,,,,,,,False,False,False
WS:US:MDLZ,Mondelez International,US_SP1500,,,MDLZ,MDLZ,US_SOURCE_DIRECT,MDLZ,US_SOURCE_DIRECT,CARRY_FORWARD,False,,,,,,,,False,False,False
WS:US:MDT,Medtronic,US_SP1500,,,MDT,MDT,US_SOURCE_DIRECT,MDT,US_SOURCE_DIRECT,CARRY_FORWARD,False,,,,,,,,False,False,False
WS:US:MDU,"MDU Resources Group, Inc.",US_SP1500,,,MDU,MDU,US_SOURCE_DIRECT,MDU,US_SOURCE_DIRECT,CARRY_FORWARD,False,,,,,,,,False,False,False
WS:US:MEDP,Medpace,US_SP1500,,,MEDP,MEDP,US_SOURCE_DIRECT,MEDP,US_SOURCE_DIRECT,CARRY_FORWARD,False,,,,,,,,False,False,False
WS:US:MET,MetLife,US_SP1500,,,MET,MET,US_SOURCE_DIRECT,MET,US_SOURCE_DIRECT,CARRY_FORWARD,False,,,,,,,,False,False,False
WS:US:META,Meta Platforms,US_SP1500,,,META,META,US_SOURCE_DIRECT,META,US_SOURCE_DIRECT,CARRY_FORWARD,False,,,,,,,,False,False,False
WS:US:MFP,"Midera Food Processing, Inc.",US_SP1500,,,MFP,MFP,US_SOURCE_DIRECT,MFP,US_SOURCE_DIRECT,CARRY_FORWARD,False,,,,,,,,False,False,False
WS:US:MGEE,"MGE Energy, Inc.",US_SP1500,,,MGEE,MGEE,US_SOURCE_DIRECT,MGEE,US_SOURCE_DIRECT,CARRY_FORWARD,False,,,,,,,,False,False,False
WS:US:MGM,MGM Resorts,US_SP1500,,,MGM,MGM,US_SOURCE_DIRECT,MGM,US_SOURCE_DIRECT,CARRY_FORWARD,False,,,,,,,,False,False,False
WS:US:MGY,"Magnolia Oil & Gas, Corp.",US_SP1500,,,MGY,MGY,US_SOURCE_DIRECT,MGY,US_SOURCE_DIRECT,CARRY_FORWARD,False,,,,,,,,False,False,False
WS:US:MHK,Mohawk Industries,US_SP1500,,,MHK,MHK,US_SOURCE_DIRECT,MHK,US_SOURCE_DIRECT,CARRY_FORWARD,False,,,,,,,,False,False,False
WS:US:MHO,"M/I Homes, Inc.",US_SP1500,,,MHO,MHO,US_SOURCE_DIRECT,MHO,US_SOURCE_DIRECT,CARRY_FORWARD,False,,,,,,,,False,False,False
WS:US:MIDD,Middleby,US_SP1500,,,MIDD,MIDD,US_SOURCE_DIRECT,MIDD,US_SOURCE_DIRECT,CARRY_FORWARD,False,,,,,,,,False,False,False
WS:US:MIR,"Mirion Technologies, Inc.",US_SP1500,,,MIR,MIR,US_SOURCE_DIRECT,MIR,US_SOURCE_DIRECT,CARRY_FORWARD,False,,,,,,,,False,False,False
WS:US:MKC,McCormick & Company,US_SP1500,,,MKC,MKC,US_SOURCE_DIRECT,MKC,US_SOURCE_DIRECT,CARRY_FORWARD,False,,,,,,,,False,False,False
WS:US:MKSI,MKS Instruments,US_SP1500,,,MKSI,MKSI,US_SOURCE_DIRECT,MKSI,US_SOURCE_DIRECT,CARRY_FORWARD,False,,,,,,,,False,False,False
WS:US:MKTX,MarketAxess,US_SP1500,,,MKTX,MKTX,US_SOURCE_DIRECT,MKTX,US_SOURCE_DIRECT,CARRY_FORWARD,False,,,,,,,,False,False,False
WS:US:MLI,Mueller Industries,US_SP1500,,,MLI,MLI,US_SOURCE_DIRECT,MLI,US_SOURCE_DIRECT,CARRY_FORWARD,False,,,,,,,,False,False,False
WS:US:MLKN,"MillerKnoll, Inc.",US_SP1500,,,MLKN,MLKN,US_SOURCE_DIRECT,MLKN,US_SOURCE_DIRECT,CARRY_FORWARD,False,,,,,,,,False,False,False
WS:US:MLM,Martin Marietta Materials,US_SP1500,,,MLM,MLM,US_SOURCE_DIRECT,MLM,US_SOURCE_DIRECT,CARRY_FORWARD,False,,,,,,,,False,False,False
WS:US:MMI,"Marcus & Millichap, Inc.",US_SP1500,,,MMI,MMI,US_SOURCE_DIRECT,MMI,US_SOURCE_DIRECT,CARRY_FORWARD,False,,,,,,,,False,False,False
WS:US:MMM,3M,US_SP1500,,,MMM,MMM,US_SOURCE_DIRECT,MMM,US_SOURCE_DIRECT,CARRY_FORWARD,False,,,,,,,,False,False,False
WS:US:MMS,Maximus Inc.,US_SP1500,,,MMS,MMS,US_SOURCE_DIRECT,MMS,US_SOURCE_DIRECT,CARRY_FORWARD,False,,,,,,,,False,False,False
WS:US:MMSI,"Merit Medical Systems, Inc.",US_SP1500,,,MMSI,MMSI,US_SOURCE_DIRECT,MMSI,US_SOURCE_DIRECT,CARRY_FORWARD,False,,,,,,,,False,False,False
WS:US:MNST,Monster Beverage,US_SP1500,,,MNST,MNST,US_SOURCE_DIRECT,MNST,US_SOURCE_DIRECT,CARRY_FORWARD,False,,,,,,,,False,False,False
WS:US:MO,Altria,US_SP1500,,,MO,MO,US_SOURCE_DIRECT,MO,US_SOURCE_DIRECT,CARRY_FORWARD,False,,,,,,,,False,False,False
WS:US:MOG.A,Moog Inc.,US_SP1500,,,MOG.A,MOG-A,US_SOURCE_DIRECT,MOG-A,US_SOURCE_DIRECT,CARRY_FORWARD,False,,,,,,,,False,False,False
WS:US:MOH,Molina Healthcare,US_SP1500,,,MOH,MOH,US_SOURCE_DIRECT,MOH,US_SOURCE_DIRECT,CARRY_FORWARD,False,,,,,,,,False,False,False
WS:US:MORN,"Morningstar, Inc.",US_SP1500,,,MORN,MORN,US_SOURCE_DIRECT,MORN,US_SOURCE_DIRECT,CARRY_FORWARD,False,,,,,,,,False,False,False
WS:US:MOS,Mosaic Company (The),US_SP1500,,,MOS,MOS,US_SOURCE_DIRECT,MOS,US_SOURCE_DIRECT,CARRY_FORWARD,False,,,,,,,,False,False,False
WS:US:MP,MP Materials,US_SP1500,,,MP,MP,US_SOURCE_DIRECT,MP,US_SOURCE_DIRECT,CARRY_FORWARD,False,,,,,,,,False,False,False
WS:US:MPC,Marathon Petroleum,US_SP1500,,,MPC,MPC,US_SOURCE_DIRECT,MPC,US_SOURCE_DIRECT,CARRY_FORWARD,False,,,,,,,,False,False,False
WS:US:MPT,Medical Properties Trust,US_SP1500,,,MPT,MPT,US_SOURCE_DIRECT,MPT,US_SOURCE_DIRECT,CARRY_FORWARD,False,,,,,,,,False,False,False
WS:US:MPWR,Monolithic Power Systems,US_SP1500,,,MPWR,MPWR,US_SOURCE_DIRECT,MPWR,US_SOURCE_DIRECT,CARRY_FORWARD,False,,,,,,,,False,False,False
WS:US:MRCY,Mercury Systems,US_SP1500,,,MRCY,MRCY,US_SOURCE_DIRECT,MRCY,US_SOURCE_DIRECT,CARRY_FORWARD,False,,,,,,,,False,False,False
WS:US:MRK,Merck & Co.,US_SP1500,,,MRK,MRK,US_SOURCE_DIRECT,MRK,US_SOURCE_DIRECT,CARRY_FORWARD,False,,,,,,,,False,False,False
WS:US:MRNA,Moderna,US_SP1500,,,MRNA,MRNA,US_SOURCE_DIRECT,MRNA,US_SOURCE_DIRECT,CARRY_FORWARD,False,,,,,,,,False,False,False
WS:US:MRP,"Millrose Properties, Inc.",US_SP1500,,,MRP,MRP,US_SOURCE_DIRECT,MRP,US_SOURCE_DIRECT,CARRY_FORWARD,False,,,,,,,,False,False,False
WS:US:MRSH,Marsh McLennan,US_SP1500,,,MRSH,MRSH,US_SOURCE_DIRECT,MRSH,US_SOURCE_DIRECT,CARRY_FORWARD,False,,,,,,,,False,False,False
WS:US:MRTN,"Marten Transport, Ltd.",US_SP1500,,,MRTN,MRTN,US_SOURCE_DIRECT,MRTN,US_SOURCE_DIRECT,CARRY_FORWARD,False,,,,,,,,False,False,False
WS:US:MRVL,Marvell Technology,US_SP1500,,,MRVL,MRVL,US_SOURCE_DIRECT,MRVL,US_SOURCE_DIRECT,CARRY_FORWARD,False,,,,,,,,False,False,False
WS:US:MS,Morgan Stanley,US_SP1500,,,MS,MS,US_SOURCE_DIRECT,MS,US_SOURCE_DIRECT,CARRY_FORWARD,False,,,,,,,,False,False,False
WS:US:MSA,MSA Safety,US_SP1500,,,MSA,MSA,US_SOURCE_DIRECT,MSA,US_SOURCE_DIRECT,CARRY_FORWARD,False,,,,,,,,False,False,False
WS:US:MSCI,MSCI,US_SP1500,,,MSCI,MSCI,US_SOURCE_DIRECT,MSCI,US_SOURCE_DIRECT,CARRY_FORWARD,False,,,,,,,,False,False,False
WS:US:MSEX,Middlesex Water Company,US_SP1500,,,MSEX,MSEX,US_SOURCE_DIRECT,MSEX,US_SOURCE_DIRECT,CARRY_FORWARD,False,,,,,,,,False,False,False
WS:US:MSFT,Microsoft,US_SP1500,,,MSFT,MSFT,US_SOURCE_DIRECT,MSFT,US_SOURCE_DIRECT,CARRY_FORWARD,False,,,,,,,,False,False,False
WS:US:MSGS,Madison Square Garden Sports Corp.,US_SP1500,,,MSGS,MSGS,US_SOURCE_DIRECT,MSGS,US_SOURCE_DIRECT,CARRY_FORWARD,False,,,,,,,,False,False,False
WS:US:MSI,Motorola Solutions,US_SP1500,,,MSI,MSI,US_SOURCE_DIRECT,MSI,US_SOURCE_DIRECT,CARRY_FORWARD,False,,,,,,,,False,False,False
WS:US:MSM,MSC Industrial Direct,US_SP1500,,,MSM,MSM,US_SOURCE_DIRECT,MSM,US_SOURCE_DIRECT,CARRY_FORWARD,False,,,,,,,,False,False,False
WS:US:MTB,M&T Bank,US_SP1500,,,MTB,MTB,US_SOURCE_DIRECT,MTB,US_SOURCE_DIRECT,CARRY_FORWARD,False,,,,,,,,False,False,False
WS:US:MTCH,Match Group,US_SP1500,,,MTCH,MTCH,US_SOURCE_DIRECT,MTCH,US_SOURCE_DIRECT,CARRY_FORWARD,False,,,,,,,,False,False,False
WS:US:MTD,Mettler Toledo,US_SP1500,,,MTD,MTD,US_SOURCE_DIRECT,MTD,US_SOURCE_DIRECT,CARRY_FORWARD,False,,,,,,,,False,False,False
WS:US:MTDR,Matador Resources,US_SP1500,,,MTDR,MTDR,US_SOURCE_DIRECT,MTDR,US_SOURCE_DIRECT,CARRY_FORWARD,False,,,,,,,,False,False,False
WS:US:MTG,MGIC Investment Corporation,US_SP1500,,,MTG,MTG,US_SOURCE_DIRECT,MTG,US_SOURCE_DIRECT,CARRY_FORWARD,False,,,,,,,,False,False,False
WS:US:MTH,Meritage Homes Corporation,US_SP1500,,,MTH,MTH,US_SOURCE_DIRECT,MTH,US_SOURCE_DIRECT,CARRY_FORWARD,False,,,,,,,,False,False,False
WS:US:MTN,Vail Resorts,US_SP1500,,,MTN,MTN,US_SOURCE_DIRECT,MTN,US_SOURCE_DIRECT,CARRY_FORWARD,False,,,,,,,,False,False,False
WS:US:MTRN,Materion Corp.,US_SP1500,,,MTRN,MTRN,US_SOURCE_DIRECT,MTRN,US_SOURCE_DIRECT,CARRY_FORWARD,False,,,,,,,,False,False,False
WS:US:MTSI,MACOM Technology Solutions,US_SP1500,,,MTSI,MTSI,US_SOURCE_DIRECT,MTSI,US_SOURCE_DIRECT,CARRY_FORWARD,False,,,,,,,,False,False,False
WS:US:MTUS,Metallus Inc,US_SP1500,,,MTUS,MTUS,US_SOURCE_DIRECT,MTUS,US_SOURCE_DIRECT,CARRY_FORWARD,False,,,,,,,,False,False,False
WS:US:MTX,Minerals Technologies,US_SP1500,,,MTX,MTX,US_SOURCE_DIRECT,MTX,US_SOURCE_DIRECT,CARRY_FORWARD,False,,,,,,,,False,False,False
WS:US:MTZ,MasTec,US_SP1500,,,MTZ,MTZ,US_SOURCE_DIRECT,MTZ,US_SOURCE_DIRECT,CARRY_FORWARD,False,,,,,,,,False,False,False
WS:US:MU,Micron Technology,US_SP1500,,,MU,MU,US_SOURCE_DIRECT,MU,US_SOURCE_DIRECT,CARRY_FORWARD,False,,,,,,,,False,False,False
WS:US:MUR,Murphy Oil,US_SP1500,,,MUR,MUR,US_SOURCE_DIRECT,MUR,US_SOURCE_DIRECT,CARRY_FORWARD,False,,,,,,,,False,False,False
WS:US:MUSA,Murphy USA,US_SP1500,,,MUSA,MUSA,US_SOURCE_DIRECT,MUSA,US_SOURCE_DIRECT,CARRY_FORWARD,False,,,,,,,,False,False,False
WS:US:MWA,Mueller Water Products,US_SP1500,,,MWA,MWA,US_SOURCE_DIRECT,MWA,US_SOURCE_DIRECT,CARRY_FORWARD,False,,,,,,,,False,False,False
WS:US:MXL,"MaxLinear, Inc.",US_SP1500,,,MXL,MXL,US_SOURCE_DIRECT,MXL,US_SOURCE_DIRECT,CARRY_FORWARD,False,,,,,,,,False,False,False
WS:US:MYRG,"MYR Group, Inc.",US_SP1500,,,MYRG,MYRG,US_SOURCE_DIRECT,MYRG,US_SOURCE_DIRECT,CARRY_FORWARD,False,,,,,,,,False,False,False
WS:US:MZTI,The Marzetti Company,US_SP1500,,,MZTI,MZTI,US_SOURCE_DIRECT,MZTI,US_SOURCE_DIRECT,CARRY_FORWARD,False,,,,,,,,False,False,False
WS:US:NABL,"N-able, Inc.",US_SP1500,,,NABL,NABL,US_SOURCE_DIRECT,NABL,US_SOURCE_DIRECT,CARRY_FORWARD,False,,,,,,,,False,False,False
WS:US:NATL,NCR Atleos,US_SP1500,,,NATL,NATL,US_SOURCE_DIRECT,NATL,US_SOURCE_DIRECT,CARRY_FORWARD,False,,,,,,,,False,False,False
WS:US:NAVI,Navient,US_SP1500,,,NAVI,NAVI,US_SOURCE_DIRECT,NAVI,US_SOURCE_DIRECT,CARRY_FORWARD,False,,,,,,,,False,False,False
WS:US:NBHC,National Bank Holdings Corporation,US_SP1500,,,NBHC,NBHC,US_SOURCE_DIRECT,NBHC,US_SOURCE_DIRECT,CARRY_FORWARD,False,,,,,,,,False,False,False
WS:US:NBIX,Neurocrine Biosciences,US_SP1500,,,NBIX,NBIX,US_SOURCE_DIRECT,NBIX,US_SOURCE_DIRECT,CARRY_FORWARD,False,,,,,,,,False,False,False
WS:US:NBTB,"NBT Bancorp, Inc.",US_SP1500,,,NBTB,NBTB,US_SOURCE_DIRECT,NBTB,US_SOURCE_DIRECT,CARRY_FORWARD,False,,,,,,,,False,False,False
WS:US:NCLH,Norwegian Cruise Line Holdings,US_SP1500,,,NCLH,NCLH,US_SOURCE_DIRECT,NCLH,US_SOURCE_DIRECT,CARRY_FORWARD,False,,,,,,,,False,False,False
WS:US:NDAQ,"Nasdaq, Inc.",US_SP1500,,,NDAQ,NDAQ,US_SOURCE_DIRECT,NDAQ,US_SOURCE_DIRECT,CARRY_FORWARD,False,,,,,,,,False,False,False
WS:US:NDSN,Nordson Corporation,US_SP1500,,,NDSN,NDSN,US_SOURCE_DIRECT,NDSN,US_SOURCE_DIRECT,CARRY_FORWARD,False,,,,,,,,False,False,False
WS:US:NE,Noble Corporation,US_SP1500,,,NE,NE,US_SOURCE_DIRECT,NE,US_SOURCE_DIRECT,CARRY_FORWARD,False,,,,,,,,False,False,False
WS:US:NEE,NextEra Energy,US_SP1500,,,NEE,NEE,US_SOURCE_DIRECT,NEE,US_SOURCE_DIRECT,CARRY_FORWARD,False,,,,,,,,False,False,False
WS:US:NEM,Newmont,US_SP1500,,,NEM,NEM,US_SOURCE_DIRECT,NEM,US_SOURCE_DIRECT,CARRY_FORWARD,False,,,,,,,,False,False,False
WS:US:NEO,"NeoGenomics Laboratories, Inc.",US_SP1500,,,NEO,NEO,US_SOURCE_DIRECT,NEO,US_SOURCE_DIRECT,CARRY_FORWARD,False,,,,,,,,False,False,False
WS:US:NEOG,Neogen,US_SP1500,,,NEOG,NEOG,US_SOURCE_DIRECT,NEOG,US_SOURCE_DIRECT,CARRY_FORWARD,False,,,,,,,,False,False,False
WS:US:NEU,NewMarket Corporation,US_SP1500,,,NEU,NEU,US_SOURCE_DIRECT,NEU,US_SOURCE_DIRECT,CARRY_FORWARD,False,,,,,,,,False,False,False
WS:US:NFG,National Fuel Gas,US_SP1500,,,NFG,NFG,US_SOURCE_DIRECT,NFG,US_SOURCE_DIRECT,CARRY_FORWARD,False,,,,,,,,False,False,False
WS:US:NFLX,Netflix,US_SP1500,,,NFLX,NFLX,US_SOURCE_DIRECT,NFLX,US_SOURCE_DIRECT,CARRY_FORWARD,False,,,,,,,,False,False,False
WS:US:NGVT,"Ingevity, Corp.",US_SP1500,,,NGVT,NGVT,US_SOURCE_DIRECT,NGVT,US_SOURCE_DIRECT,CARRY_FORWARD,False,,,,,,,,False,False,False
WS:US:NHC,"National Healthcare, Corp.",US_SP1500,,,NHC,NHC,US_SOURCE_DIRECT,NHC,US_SOURCE_DIRECT,CARRY_FORWARD,False,,,,,,,,False,False,False
WS:US:NHI,"National Health Investors, Inc.",US_SP1500,,,NHI,NHI,US_SOURCE_DIRECT,NHI,US_SOURCE_DIRECT,CARRY_FORWARD,False,,,,,,,,False,False,False
WS:US:NI,NiSource,US_SP1500,,,NI,NI,US_SOURCE_DIRECT,NI,US_SOURCE_DIRECT,CARRY_FORWARD,False,,,,,,,,False,False,False
WS:US:NIC,Nicolet Bankshares,US_SP1500,,,NIC,NIC,US_SOURCE_DIRECT,NIC,US_SOURCE_DIRECT,CARRY_FORWARD,False,,,,,,,,False,False,False
WS:US:NJR,New Jersey Resources,US_SP1500,,,NJR,NJR,US_SOURCE_DIRECT,NJR,US_SOURCE_DIRECT,CARRY_FORWARD,False,,,,,,,,False,False,False
WS:US:NKE,"Nike, Inc.",US_SP1500,,,NKE,NKE,US_SOURCE_DIRECT,NKE,US_SOURCE_DIRECT,CARRY_FORWARD,False,,,,,,,,False,False,False
WS:US:NLY,Annaly Capital Management,US_SP1500,,,NLY,NLY,US_SOURCE_DIRECT,NLY,US_SOURCE_DIRECT,CARRY_FORWARD,False,,,,,,,,False,False,False
WS:US:NMIH,"NMI Holdings, Inc.",US_SP1500,,,NMIH,NMIH,US_SOURCE_DIRECT,NMIH,US_SOURCE_DIRECT,CARRY_FORWARD,False,,,,,,,,False,False,False
WS:US:NNN,NNN Reit,US_SP1500,,,NNN,NNN,US_SOURCE_DIRECT,NNN,US_SOURCE_DIRECT,CARRY_FORWARD,False,,,,,,,,False,False,False
WS:US:NOC,Northrop Grumman,US_SP1500,,,NOC,NOC,US_SOURCE_DIRECT,NOC,US_SOURCE_DIRECT,CARRY_FORWARD,False,,,,,,,,False,False,False
WS:US:NOG,"Northern Oil and Gas, Inc.",US_SP1500,,,NOG,NOG,US_SOURCE_DIRECT,NOG,US_SOURCE_DIRECT,CARRY_FORWARD,False,,,,,,,,False,False,False
WS:US:NOV,NOV Inc.,US_SP1500,,,NOV,NOV,US_SOURCE_DIRECT,NOV,US_SOURCE_DIRECT,CARRY_FORWARD,False,,,,,,,,False,False,False
WS:US:NOVT,Novanta,US_SP1500,,,NOVT,NOVT,US_SOURCE_DIRECT,NOVT,US_SOURCE_DIRECT,CARRY_FORWARD,False,,,,,,,,False,False,False
WS:US:NOW,ServiceNow,US_SP1500,,,NOW,NOW,US_SOURCE_DIRECT,NOW,US_SOURCE_DIRECT,CARRY_FORWARD,False,,,,,,,,False,False,False
WS:US:NPK,"National Presto Industries, Inc.",US_SP1500,,,NPK,NPK,US_SOURCE_DIRECT,NPK,US_SOURCE_DIRECT,CARRY_FORWARD,False,,,,,,,,False,False,False
WS:US:NPO,"EnPro Industries, Inc.",US_SP1500,,,NPO,NPO,US_SOURCE_DIRECT,NPO,US_SOURCE_DIRECT,CARRY_FORWARD,False,,,,,,,,False,False,False
WS:US:NRG,NRG Energy,US_SP1500,,,NRG,NRG,US_SOURCE_DIRECT,NRG,US_SOURCE_DIRECT,CARRY_FORWARD,False,,,,,,,,False,False,False
WS:US:NSC,Norfolk Southern,US_SP1500,,,NSC,NSC,US_SOURCE_DIRECT,NSC,US_SOURCE_DIRECT,CARRY_FORWARD,False,,,,,,,,False,False,False
WS:US:NSIT,"Insight Enterprises, Inc.",US_SP1500,,,NSIT,NSIT,US_SOURCE_DIRECT,NSIT,US_SOURCE_DIRECT,CARRY_FORWARD,False,,,,,,,,False,False,False
WS:US:NSP,Insperity,US_SP1500,,,NSP,NSP,US_SOURCE_DIRECT,NSP,US_SOURCE_DIRECT,CARRY_FORWARD,False,,,,,,,,False,False,False
WS:US:NSSC,Napco Security Technologies,US_SP1500,,,NSSC,NSSC,US_SOURCE_DIRECT,NSSC,US_SOURCE_DIRECT,CARRY_FORWARD,False,,,,,,,,False,False,False
WS:US:NTAP,NetApp,US_SP1500,,,NTAP,NTAP,US_SOURCE_DIRECT,NTAP,US_SOURCE_DIRECT,CARRY_FORWARD,False,,,,,,,,False,False,False
WS:US:NTCT,"NETSCOUT Systems, Inc.",US_SP1500,,,NTCT,NTCT,US_SOURCE_DIRECT,NTCT,US_SOURCE_DIRECT,CARRY_FORWARD,False,,,,,,,,False,False,False
WS:US:NTNX,Nutanix,US_SP1500,,,NTNX,NTNX,US_SOURCE_DIRECT,NTNX,US_SOURCE_DIRECT,CARRY_FORWARD,False,,,,,,,,False,False,False
WS:US:NTRS,Northern Trust,US_SP1500,,,NTRS,NTRS,US_SOURCE_DIRECT,NTRS,US_SOURCE_DIRECT,CARRY_FORWARD,False,,,,,,,,False,False,False
WS:US:NTST,NETSTREIT Corp.,US_SP1500,,,NTST,NTST,US_SOURCE_DIRECT,NTST,US_SOURCE_DIRECT,CARRY_FORWARD,False,,,,,,,,False,False,False
WS:US:NUE,Nucor,US_SP1500,,,NUE,NUE,US_SOURCE_DIRECT,NUE,US_SOURCE_DIRECT,CARRY_FORWARD,False,,,,,,,,False,False,False
WS:US:NVDA,Nvidia,US_SP1500,,,NVDA,NVDA,US_SOURCE_DIRECT,NVDA,US_SOURCE_DIRECT,CARRY_FORWARD,False,,,,,,,,False,False,False
WS:US:NVR,"NVR, Inc.",US_SP1500,,,NVR,NVR,US_SOURCE_DIRECT,NVR,US_SOURCE_DIRECT,CARRY_FORWARD,False,,,,,,,,False,False,False
WS:US:NVST,Envista Holdings,US_SP1500,,,NVST,NVST,US_SOURCE_DIRECT,NVST,US_SOURCE_DIRECT,CARRY_FORWARD,False,,,,,,,,False,False,False
WS:US:NVT,nVent Electric plc,US_SP1500,,,NVT,NVT,US_SOURCE_DIRECT,NVT,US_SOURCE_DIRECT,CARRY_FORWARD,False,,,,,,,,False,False,False
WS:US:NWBI,"Northwest Bancshares, Inc.",US_SP1500,,,NWBI,NWBI,US_SOURCE_DIRECT,NWBI,US_SOURCE_DIRECT,CARRY_FORWARD,False,,,,,,,,False,False,False
WS:US:NWE,NorthWestern Energy,US_SP1500,,,NWE,NWE,US_SOURCE_DIRECT,NWE,US_SOURCE_DIRECT,CARRY_FORWARD,False,,,,,,,,False,False,False
WS:US:NWL,Newell Brands,US_SP1500,,,NWL,NWL,US_SOURCE_DIRECT,NWL,US_SOURCE_DIRECT,CARRY_FORWARD,False,,,,,,,,False,False,False
WS:US:NWN,NW Natural,US_SP1500,,,NWN,NWN,US_SOURCE_DIRECT,NWN,US_SOURCE_DIRECT,CARRY_FORWARD,False,,,,,,,,False,False,False
WS:US:NWS,News Corp (Class B),US_SP1500,,,NWS,NWS,US_SOURCE_DIRECT,NWS,US_SOURCE_DIRECT,CARRY_FORWARD,False,,,,,,,,False,False,False
WS:US:NWSA,News Corp (Class A),US_SP1500,,,NWSA,NWSA,US_SOURCE_DIRECT,NWSA,US_SOURCE_DIRECT,CARRY_FORWARD,False,,,,,,,,False,False,False
WS:US:NX,Quanex Building Products Corporation,US_SP1500,,,NX,NX,US_SOURCE_DIRECT,NX,US_SOURCE_DIRECT,CARRY_FORWARD,False,,,,,,,,False,False,False
WS:US:NXPI,NXP Semiconductors,US_SP1500,,,NXPI,NXPI,US_SOURCE_DIRECT,NXPI,US_SOURCE_DIRECT,CARRY_FORWARD,False,,,,,,,,False,False,False
WS:US:NXRT,"NexPoint Residential Trust, Inc.",US_SP1500,,,NXRT,NXRT,US_SOURCE_DIRECT,NXRT,US_SOURCE_DIRECT,CARRY_FORWARD,False,,,,,,,,False,False,False
WS:US:NXST,Nexstar Media Group,US_SP1500,,,NXST,NXST,US_SOURCE_DIRECT,NXST,US_SOURCE_DIRECT,CARRY_FORWARD,False,,,,,,,,False,False,False
WS:US:NXT,Nextpower,US_SP1500,,,NXT,NXT,US_SOURCE_DIRECT,NXT,US_SOURCE_DIRECT,CARRY_FORWARD,False,,,,,,,,False,False,False
WS:US:NYT,New York Times Company,US_SP1500,,,NYT,NYT,US_SOURCE_DIRECT,NYT,US_SOURCE_DIRECT,CARRY_FORWARD,False,,,,,,,,False,False,False
WS:US:O,Realty Income,US_SP1500,,,O,O,US_SOURCE_DIRECT,O,US_SOURCE_DIRECT,CARRY_FORWARD,False,,,,,,,,False,False,False
WS:US:OC,Owens Corning,US_SP1500,,,OC,OC,US_SOURCE_DIRECT,OC,US_SOURCE_DIRECT,CARRY_FORWARD,False,,,,,,,,False,False,False
WS:US:ODFL,Old Dominion,US_SP1500,,,ODFL,ODFL,US_SOURCE_DIRECT,ODFL,US_SOURCE_DIRECT,CARRY_FORWARD,False,,,,,,,,False,False,False
WS:US:OFG,OFG Bancorp,US_SP1500,,,OFG,OFG,US_SOURCE_DIRECT,OFG,US_SOURCE_DIRECT,CARRY_FORWARD,False,,,,,,,,False,False,False
WS:US:OGE,OGE Energy,US_SP1500,,,OGE,OGE,US_SOURCE_DIRECT,OGE,US_SOURCE_DIRECT,CARRY_FORWARD,False,,,,,,,,False,False,False
WS:US:OGN,Organon & Co.,US_SP1500,,,OGN,OGN,US_SOURCE_DIRECT,OGN,US_SOURCE_DIRECT,CARRY_FORWARD,False,,,,,,,,False,False,False
WS:US:OGS,One Gas,US_SP1500,,,OGS,OGS,US_SOURCE_DIRECT,OGS,US_SOURCE_DIRECT,CARRY_FORWARD,False,,,,,,,,False,False,False
WS:US:OHI,Omega Healthcare Investors,US_SP1500,,,OHI,OHI,US_SOURCE_DIRECT,OHI,US_SOURCE_DIRECT,CARRY_FORWARD,False,,,,,,,,False,False,False
WS:US:OI,"O-I Glass, Inc.",US_SP1500,,,OI,OI,US_SOURCE_DIRECT,OI,US_SOURCE_DIRECT,CARRY_FORWARD,False,,,,,,,,False,False,False
WS:US:OII,"Oceaneering International, Inc.",US_SP1500,,,OII,OII,US_SOURCE_DIRECT,OII,US_SOURCE_DIRECT,CARRY_FORWARD,False,,,,,,,,False,False,False
WS:US:OKE,Oneok,US_SP1500,,,OKE,OKE,US_SOURCE_DIRECT,OKE,US_SOURCE_DIRECT,CARRY_FORWARD,False,,,,,,,,False,False,False
WS:US:OKTA,"Okta, Inc.",US_SP1500,,,OKTA,OKTA,US_SOURCE_DIRECT,OKTA,US_SOURCE_DIRECT,CARRY_FORWARD,False,,,,,,,,False,False,False
WS:US:OLED,Universal Display,US_SP1500,,,OLED,OLED,US_SOURCE_DIRECT,OLED,US_SOURCE_DIRECT,CARRY_FORWARD,False,,,,,,,,False,False,False
WS:US:OLLI,Ollie's Bargain Outlet,US_SP1500,,,OLLI,OLLI,US_SOURCE_DIRECT,OLLI,US_SOURCE_DIRECT,CARRY_FORWARD,False,,,,,,,,False,False,False
WS:US:OLN,Olin Corporation,US_SP1500,,,OLN,OLN,US_SOURCE_DIRECT,OLN,US_SOURCE_DIRECT,CARRY_FORWARD,False,,,,,,,,False,False,False
WS:US:OMC,Omnicom Group,US_SP1500,,,OMC,OMC,US_SOURCE_DIRECT,OMC,US_SOURCE_DIRECT,CARRY_FORWARD,False,,,,,,,,False,False,False
WS:US:OMCL,Omnicell,US_SP1500,,,OMCL,OMCL,US_SOURCE_DIRECT,OMCL,US_SOURCE_DIRECT,CARRY_FORWARD,False,,,,,,,,False,False,False
WS:US:ON,ON Semiconductor,US_SP1500,,,ON,ON,US_SOURCE_DIRECT,ON,US_SOURCE_DIRECT,CARRY_FORWARD,False,,,,,,,,False,False,False
WS:US:ONB,Old National Bank,US_SP1500,,,ONB,ONB,US_SOURCE_DIRECT,ONB,US_SOURCE_DIRECT,CARRY_FORWARD,False,,,,,,,,False,False,False
WS:US:ONTO,Onto Innovation,US_SP1500,,,ONTO,ONTO,US_SOURCE_DIRECT,ONTO,US_SOURCE_DIRECT,CARRY_FORWARD,False,,,,,,,,False,False,False
WS:US:OPCH,Option Care Health,US_SP1500,,,OPCH,OPCH,US_SOURCE_DIRECT,OPCH,US_SOURCE_DIRECT,CARRY_FORWARD,False,,,,,,,,False,False,False
WS:US:OPLN,"OPENLANE, Inc.",US_SP1500,,,OPLN,OPLN,US_SOURCE_DIRECT,OPLN,US_SOURCE_DIRECT,CARRY_FORWARD,False,,,,,,,,False,False,False
WS:US:ORA,Ormat Technologies,US_SP1500,,,ORA,ORA,US_SOURCE_DIRECT,ORA,US_SOURCE_DIRECT,CARRY_FORWARD,False,,,,,,,,False,False,False
WS:US:ORCL,Oracle Corporation,US_SP1500,,,ORCL,ORCL,US_SOURCE_DIRECT,ORCL,US_SOURCE_DIRECT,CARRY_FORWARD,False,,,,,,,,False,False,False
WS:US:ORI,Old Republic International,US_SP1500,,,ORI,ORI,US_SOURCE_DIRECT,ORI,US_SOURCE_DIRECT,CARRY_FORWARD,False,,,,,,,,False,False,False
WS:US:ORLY,O'Reilly Automotive,US_SP1500,,,ORLY,ORLY,US_SOURCE_DIRECT,ORLY,US_SOURCE_DIRECT,CARRY_FORWARD,False,,,,,,,,False,False,False
WS:US:OSIS,"OSI Systems, Inc.",US_SP1500,,,OSIS,OSIS,US_SOURCE_DIRECT,OSIS,US_SOURCE_DIRECT,CARRY_FORWARD,False,,,,,,,,False,False,False
WS:US:OSK,Oshkosh,US_SP1500,,,OSK,OSK,US_SOURCE_DIRECT,OSK,US_SOURCE_DIRECT,CARRY_FORWARD,False,,,,,,,,False,False,False
WS:US:OSW,OneSpaWorld Holdings Limited,US_SP1500,,,OSW,OSW,US_SOURCE_DIRECT,OSW,US_SOURCE_DIRECT,CARRY_FORWARD,False,,,,,,,,False,False,False
WS:US:OTIS,Otis Worldwide,US_SP1500,,,OTIS,OTIS,US_SOURCE_DIRECT,OTIS,US_SOURCE_DIRECT,CARRY_FORWARD,False,,,,,,,,False,False,False
WS:US:OTTR,Otter Tail Corporation,US_SP1500,,,OTTR,OTTR,US_SOURCE_DIRECT,OTTR,US_SOURCE_DIRECT,CARRY_FORWARD,False,,,,,,,,False,False,False
WS:US:OUT,Outfront Media,US_SP1500,,,OUT,OUT,US_SOURCE_DIRECT,OUT,US_SOURCE_DIRECT,CARRY_FORWARD,False,,,,,,,,False,False,False
WS:US:OVV,Ovintiv,US_SP1500,,,OVV,OVV,US_SOURCE_DIRECT,OVV,US_SOURCE_DIRECT,CARRY_FORWARD,False,,,,,,,,False,False,False
WS:US:OXY,Occidental Petroleum,US_SP1500,,,OXY,OXY,US_SOURCE_DIRECT,OXY,US_SOURCE_DIRECT,CARRY_FORWARD,False,,,,,,,,False,False,False
WS:US:OZK,Bank OZK,US_SP1500,,,OZK,OZK,US_SOURCE_DIRECT,OZK,US_SOURCE_DIRECT,CARRY_FORWARD,False,,,,,,,,False,False,False
WS:US:P,Everpure,US_SP1500,,,P,P,US_SOURCE_DIRECT,P,US_SOURCE_DIRECT,CARRY_FORWARD,False,,,,,,,,False,False,False
WS:US:PAG,Penske Automotive Group,US_SP1500,,,PAG,PAG,US_SOURCE_DIRECT,PAG,US_SOURCE_DIRECT,CARRY_FORWARD,False,,,,,,,,False,False,False
WS:US:PAHC,Phibro Animal Health,US_SP1500,,,PAHC,PAHC,US_SOURCE_DIRECT,PAHC,US_SOURCE_DIRECT,CARRY_FORWARD,False,,,,,,,,False,False,False
WS:US:PANW,Palo Alto Networks,US_SP1500,,,PANW,PANW,US_SOURCE_DIRECT,PANW,US_SOURCE_DIRECT,CARRY_FORWARD,False,,,,,,,,False,False,False
WS:US:PARR,"Par Pacific Holdings, Inc.",US_SP1500,,,PARR,PARR,US_SOURCE_DIRECT,PARR,US_SOURCE_DIRECT,CARRY_FORWARD,False,,,,,,,,False,False,False
WS:US:PATH,UiPath,US_SP1500,,,PATH,PATH,US_SOURCE_DIRECT,PATH,US_SOURCE_DIRECT,CARRY_FORWARD,False,,,,,,,,False,False,False
WS:US:PATK,"Patrick Industries, Inc.",US_SP1500,,,PATK,PATK,US_SOURCE_DIRECT,PATK,US_SOURCE_DIRECT,CARRY_FORWARD,False,,,,,,,,False,False,False
WS:US:PAYC,Paycom,US_SP1500,,,PAYC,PAYC,US_SOURCE_DIRECT,PAYC,US_SOURCE_DIRECT,CARRY_FORWARD,False,,,,,,,,False,False,False
WS:US:PAYO,Payoneer Global Inc.,US_SP1500,,,PAYO,PAYO,US_SOURCE_DIRECT,PAYO,US_SOURCE_DIRECT,CARRY_FORWARD,False,,,,,,,,False,False,False
WS:US:PAYX,Paychex,US_SP1500,,,PAYX,PAYX,US_SOURCE_DIRECT,PAYX,US_SOURCE_DIRECT,CARRY_FORWARD,False,,,,,,,,False,False,False
WS:US:PB,Prosperity Bancshares,US_SP1500,,,PB,PB,US_SOURCE_DIRECT,PB,US_SOURCE_DIRECT,CARRY_FORWARD,False,,,,,,,,False,False,False
WS:US:PBF,PBF Energy,US_SP1500,,,PBF,PBF,US_SOURCE_DIRECT,PBF,US_SOURCE_DIRECT,CARRY_FORWARD,False,,,,,,,,False,False,False
WS:US:PBH,Prestige Consumer Healthcare,US_SP1500,,,PBH,PBH,US_SOURCE_DIRECT,PBH,US_SOURCE_DIRECT,CARRY_FORWARD,False,,,,,,,,False,False,False
WS:US:PBI,"Pitney Bowes, Inc.",US_SP1500,,,PBI,PBI,US_SOURCE_DIRECT,PBI,US_SOURCE_DIRECT,CARRY_FORWARD,False,,,,,,,,False,False,False
WS:US:PCAR,Paccar,US_SP1500,,,PCAR,PCAR,US_SOURCE_DIRECT,PCAR,US_SOURCE_DIRECT,CARRY_FORWARD,False,,,,,,,,False,False,False
WS:US:PCG,PG&E Corporation,US_SP1500,,,PCG,PCG,US_SOURCE_DIRECT,PCG,US_SOURCE_DIRECT,CARRY_FORWARD,False,,,,,,,,False,False,False
WS:US:PCRX,"Pacira BioSciences, Inc.",US_SP1500,,,PCRX,PCRX,US_SOURCE_DIRECT,PCRX,US_SOURCE_DIRECT,CARRY_FORWARD,False,,,,,,,,False,False,False
WS:US:PCTY,Paylocity,US_SP1500,,,PCTY,PCTY,US_SOURCE_DIRECT,PCTY,US_SOURCE_DIRECT,CARRY_FORWARD,False,,,,,,,,False,False,False
WS:US:PDFS,"PDF Solutions, Inc.",US_SP1500,,,PDFS,PDFS,US_SOURCE_DIRECT,PDFS,US_SOURCE_DIRECT,CARRY_FORWARD,False,,,,,,,,False,False,False
WS:US:PEB,Pebblebrook Hotel Trust,US_SP1500,,,PEB,PEB,US_SOURCE_DIRECT,PEB,US_SOURCE_DIRECT,CARRY_FORWARD,False,,,,,,,,False,False,False
WS:US:PECO,Phillips Edison & Company,US_SP1500,,,PECO,PECO,US_SOURCE_DIRECT,PECO,US_SOURCE_DIRECT,CARRY_FORWARD,False,,,,,,,,False,False,False
WS:US:PEG,Public Service Enterprise Group,US_SP1500,,,PEG,PEG,US_SOURCE_DIRECT,PEG,US_SOURCE_DIRECT,CARRY_FORWARD,False,,,,,,,,False,False,False
WS:US:PEGA,Pegasystems,US_SP1500,,,PEGA,PEGA,US_SOURCE_DIRECT,PEGA,US_SOURCE_DIRECT,CARRY_FORWARD,False,,,,,,,,False,False,False
WS:US:PEN,"Penumbra, Inc.",US_SP1500,,,PEN,PEN,US_SOURCE_DIRECT,PEN,US_SOURCE_DIRECT,CARRY_FORWARD,False,,,,,,,,False,False,False
WS:US:PENG,"Penguin Solutions, Inc.",US_SP1500,,,PENG,PENG,US_SOURCE_DIRECT,PENG,US_SOURCE_DIRECT,CARRY_FORWARD,False,,,,,,,,False,False,False
WS:US:PENN,Penn Entertainment,US_SP1500,,,PENN,PENN,US_SOURCE_DIRECT,PENN,US_SOURCE_DIRECT,CARRY_FORWARD,False,,,,,,,,False,False,False
WS:US:PEP,PepsiCo,US_SP1500,,,PEP,PEP,US_SOURCE_DIRECT,PEP,US_SOURCE_DIRECT,CARRY_FORWARD,False,,,,,,,,False,False,False
WS:US:PFBC,Preferred Bank,US_SP1500,,,PFBC,PFBC,US_SOURCE_DIRECT,PFBC,US_SOURCE_DIRECT,CARRY_FORWARD,False,,,,,,,,False,False,False
WS:US:PFE,Pfizer,US_SP1500,,,PFE,PFE,US_SOURCE_DIRECT,PFE,US_SOURCE_DIRECT,CARRY_FORWARD,False,,,,,,,,False,False,False
WS:US:PFG,Principal Financial Group,US_SP1500,,,PFG,PFG,US_SOURCE_DIRECT,PFG,US_SOURCE_DIRECT,CARRY_FORWARD,False,,,,,,,,False,False,False
WS:US:PFGC,Performance Food Group,US_SP1500,,,PFGC,PFGC,US_SOURCE_DIRECT,PFGC,US_SOURCE_DIRECT,CARRY_FORWARD,False,,,,,,,,False,False,False
WS:US:PFS,"Provident Financial Services, Inc.",US_SP1500,,,PFS,PFS,US_SOURCE_DIRECT,PFS,US_SOURCE_DIRECT,CARRY_FORWARD,False,,,,,,,,False,False,False
WS:US:PG,Procter & Gamble,US_SP1500,,,PG,PG,US_SOURCE_DIRECT,PG,US_SOURCE_DIRECT,CARRY_FORWARD,False,,,,,,,,False,False,False
WS:US:PGNY,"Progyny, Inc.",US_SP1500,,,PGNY,PGNY,US_SOURCE_DIRECT,PGNY,US_SOURCE_DIRECT,CARRY_FORWARD,False,,,,,,,,False,False,False
WS:US:PGR,Progressive Corporation,US_SP1500,,,PGR,PGR,US_SOURCE_DIRECT,PGR,US_SOURCE_DIRECT,CARRY_FORWARD,False,,,,,,,,False,False,False
WS:US:PH,Parker Hannifin,US_SP1500,,,PH,PH,US_SOURCE_DIRECT,PH,US_SOURCE_DIRECT,CARRY_FORWARD,False,,,,,,,,False,False,False
WS:US:PHIN,"PHINIA, Inc.",US_SP1500,,,PHIN,PHIN,US_SOURCE_DIRECT,PHIN,US_SOURCE_DIRECT,CARRY_FORWARD,False,,,,,,,,False,False,False
WS:US:PHM,PulteGroup,US_SP1500,,,PHM,PHM,US_SOURCE_DIRECT,PHM,US_SOURCE_DIRECT,CARRY_FORWARD,False,,,,,,,,False,False,False
WS:US:PI,"Impinj, Inc.",US_SP1500,,,PI,PI,US_SOURCE_DIRECT,PI,US_SOURCE_DIRECT,CARRY_FORWARD,False,,,,,,,,False,False,False
WS:US:PII,Polaris,US_SP1500,,,PII,PII,US_SOURCE_DIRECT,PII,US_SOURCE_DIRECT,CARRY_FORWARD,False,,,,,,,,False,False,False
WS:US:PINS,Pinterest,US_SP1500,,,PINS,PINS,US_SOURCE_DIRECT,PINS,US_SOURCE_DIRECT,CARRY_FORWARD,False,,,,,,,,False,False,False
WS:US:PIPR,Piper Sandler Companies,US_SP1500,,,PIPR,PIPR,US_SOURCE_DIRECT,PIPR,US_SOURCE_DIRECT,CARRY_FORWARD,False,,,,,,,,False,False,False
WS:US:PJT,"PJT Partners, Inc.",US_SP1500,,,PJT,PJT,US_SOURCE_DIRECT,PJT,US_SOURCE_DIRECT,CARRY_FORWARD,False,,,,,,,,False,False,False
WS:US:PK,Park Hotels & Resorts,US_SP1500,,,PK,PK,US_SOURCE_DIRECT,PK,US_SOURCE_DIRECT,CARRY_FORWARD,False,,,,,,,,False,False,False
WS:US:PKG,Packaging Corporation of America,US_SP1500,,,PKG,PKG,US_SOURCE_DIRECT,PKG,US_SOURCE_DIRECT,CARRY_FORWARD,False,,,,,,,,False,False,False
WS:US:PLAB,"Photronics, Inc.",US_SP1500,,,PLAB,PLAB,US_SOURCE_DIRECT,PLAB,US_SOURCE_DIRECT,CARRY_FORWARD,False,,,,,,,,False,False,False
WS:US:PLD,Prologis,US_SP1500,,,PLD,PLD,US_SOURCE_DIRECT,PLD,US_SOURCE_DIRECT,CARRY_FORWARD,False,,,,,,,,False,False,False
WS:US:PLMR,"Palomar Holdings, Inc.",US_SP1500,,,PLMR,PLMR,US_SOURCE_DIRECT,PLMR,US_SOURCE_DIRECT,CARRY_FORWARD,False,,,,,,,,False,False,False
WS:US:PLNT,Planet Fitness,US_SP1500,,,PLNT,PLNT,US_SOURCE_DIRECT,PLNT,US_SOURCE_DIRECT,CARRY_FORWARD,False,,,,,,,,False,False,False
WS:US:PLTR,Palantir Technologies,US_SP1500,,,PLTR,PLTR,US_SOURCE_DIRECT,PLTR,US_SOURCE_DIRECT,CARRY_FORWARD,False,,,,,,,,False,False,False
WS:US:PLUS,"ePlus, Inc.",US_SP1500,,,PLUS,PLUS,US_SOURCE_DIRECT,PLUS,US_SOURCE_DIRECT,CARRY_FORWARD,False,,,,,,,,False,False,False
WS:US:PLXS,Plexus Corp.,US_SP1500,,,PLXS,PLXS,US_SOURCE_DIRECT,PLXS,US_SOURCE_DIRECT,CARRY_FORWARD,False,,,,,,,,False,False,False
WS:US:PM,Philip Morris International,US_SP1500,,,PM,PM,US_SOURCE_DIRECT,PM,US_SOURCE_DIRECT,CARRY_FORWARD,False,,,,,,,,False,False,False
WS:US:PMT,PennyMac Mortgage Investment Trust,US_SP1500,,,PMT,PMT,US_SOURCE_DIRECT,PMT,US_SOURCE_DIRECT,CARRY_FORWARD,False,,,,,,,,False,False,False
WS:US:PNC,PNC Financial Services,US_SP1500,,,PNC,PNC,US_SOURCE_DIRECT,PNC,US_SOURCE_DIRECT,CARRY_FORWARD,False,,,,,,,,False,False,False
WS:US:PNFP,Pinnacle Financial Partners,US_SP1500,,,PNFP,PNFP,US_SOURCE_DIRECT,PNFP,US_SOURCE_DIRECT,CARRY_FORWARD,False,,,,,,,,False,False,False
WS:US:PNR,Pentair,US_SP1500,,,PNR,PNR,US_SOURCE_DIRECT,PNR,US_SOURCE_DIRECT,CARRY_FORWARD,False,,,,,,,,False,False,False
WS:US:PNW,Pinnacle West Capital,US_SP1500,,,PNW,PNW,US_SOURCE_DIRECT,PNW,US_SOURCE_DIRECT,CARRY_FORWARD,False,,,,,,,,False,False,False
WS:US:PODD,Insulet Corporation,US_SP1500,,,PODD,PODD,US_SOURCE_DIRECT,PODD,US_SOURCE_DIRECT,CARRY_FORWARD,False,,,,,,,,False,False,False
WS:US:POOL,Pool Corporation,US_SP1500,,,POOL,POOL,US_SOURCE_DIRECT,POOL,US_SOURCE_DIRECT,CARRY_FORWARD,False,,,,,,,,False,False,False
WS:US:POR,Portland General Electric,US_SP1500,,,POR,POR,US_SOURCE_DIRECT,POR,US_SOURCE_DIRECT,CARRY_FORWARD,False,,,,,,,,False,False,False
WS:US:POST,Post Holdings,US_SP1500,,,POST,POST,US_SOURCE_DIRECT,POST,US_SOURCE_DIRECT,CARRY_FORWARD,False,,,,,,,,False,False,False
WS:US:POWI,Power Integrations,US_SP1500,,,POWI,POWI,US_SOURCE_DIRECT,POWI,US_SOURCE_DIRECT,CARRY_FORWARD,False,,,,,,,,False,False,False
WS:US:POWL,"Powell Industries, Inc.",US_SP1500,,,POWL,POWL,US_SOURCE_DIRECT,POWL,US_SOURCE_DIRECT,CARRY_FORWARD,False,,,,,,,,False,False,False
WS:US:PPC,Pilgrim's Pride,US_SP1500,,,PPC,PPC,US_SOURCE_DIRECT,PPC,US_SOURCE_DIRECT,CARRY_FORWARD,False,,,,,,,,False,False,False
WS:US:PPG,PPG Industries,US_SP1500,,,PPG,PPG,US_SOURCE_DIRECT,PPG,US_SOURCE_DIRECT,CARRY_FORWARD,False,,,,,,,,False,False,False
WS:US:PPL,PPL Corporation,US_SP1500,,,PPL,PPL,US_SOURCE_DIRECT,PPL,US_SOURCE_DIRECT,CARRY_FORWARD,False,,,,,,,,False,False,False
WS:US:PPLI,People Inc.,US_SP1500,,,PPLI,PPLI,US_SOURCE_DIRECT,PPLI,US_SOURCE_DIRECT,CARRY_FORWARD,False,,,,,,,,False,False,False
WS:US:PR,Permian Resources,US_SP1500,,,PR,PR,US_SOURCE_DIRECT,PR,US_SOURCE_DIRECT,CARRY_FORWARD,False,,,,,,,,False,False,False
WS:US:PRDO,Perdoceo Education Corp.,US_SP1500,,,PRDO,PRDO,US_SOURCE_DIRECT,PRDO,US_SOURCE_DIRECT,CARRY_FORWARD,False,,,,,,,,False,False,False
WS:US:PRG,"PROG Holdings, Inc.",US_SP1500,,,PRG,PRG,US_SOURCE_DIRECT,PRG,US_SOURCE_DIRECT,CARRY_FORWARD,False,,,,,,,,False,False,False
WS:US:PRGO,Perrigo,US_SP1500,,,PRGO,PRGO,US_SOURCE_DIRECT,PRGO,US_SOURCE_DIRECT,CARRY_FORWARD,False,,,,,,,,False,False,False
WS:US:PRGS,Progress Software Corporation,US_SP1500,,,PRGS,PRGS,US_SOURCE_DIRECT,PRGS,US_SOURCE_DIRECT,CARRY_FORWARD,False,,,,,,,,False,False,False
WS:US:PRI,Primerica,US_SP1500,,,PRI,PRI,US_SOURCE_DIRECT,PRI,US_SOURCE_DIRECT,CARRY_FORWARD,False,,,,,,,,False,False,False
WS:US:PRIM,Primoris Services Corporation,US_SP1500,,,PRIM,PRIM,US_SOURCE_DIRECT,PRIM,US_SOURCE_DIRECT,CARRY_FORWARD,False,,,,,,,,False,False,False
WS:US:PRK,Park National Corp.,US_SP1500,,,PRK,PRK,US_SOURCE_DIRECT,PRK,US_SOURCE_DIRECT,CARRY_FORWARD,False,,,,,,,,False,False,False
WS:US:PRKS,United Parks & Resorts,US_SP1500,,,PRKS,PRKS,US_SOURCE_DIRECT,PRKS,US_SOURCE_DIRECT,CARRY_FORWARD,False,,,,,,,,False,False,False
WS:US:PRLB,Protolabs,US_SP1500,,,PRLB,PRLB,US_SOURCE_DIRECT,PRLB,US_SOURCE_DIRECT,CARRY_FORWARD,False,,,,,,,,False,False,False
WS:US:PRSU,"Pursuit Attractions & Hospitality, Inc.",US_SP1500,,,PRSU,PRSU,US_SOURCE_DIRECT,PRSU,US_SOURCE_DIRECT,CARRY_FORWARD,False,,,,,,,,False,False,False
WS:US:PRU,Prudential Financial,US_SP1500,,,PRU,PRU,US_SOURCE_DIRECT,PRU,US_SOURCE_DIRECT,CARRY_FORWARD,False,,,,,,,,False,False,False
WS:US:PRVA,"Privia Health Group, Inc.",US_SP1500,,,PRVA,PRVA,US_SOURCE_DIRECT,PRVA,US_SOURCE_DIRECT,CARRY_FORWARD,False,,,,,,,,False,False,False
WS:US:PSA,Public Storage,US_SP1500,,,PSA,PSA,US_SOURCE_DIRECT,PSA,US_SOURCE_DIRECT,CARRY_FORWARD,False,,,,,,,,False,False,False
WS:US:PSKY,Paramount Skydance Corporation,US_SP1500,,,PSKY,PSKY,US_SOURCE_DIRECT,PSKY,US_SOURCE_DIRECT,CARRY_FORWARD,False,,,,,,,,False,False,False
WS:US:PSMT,PriceSmart,US_SP1500,,,PSMT,PSMT,US_SOURCE_DIRECT,PSMT,US_SOURCE_DIRECT,CARRY_FORWARD,False,,,,,,,,False,False,False
WS:US:PSN,Parsons Corporation,US_SP1500,,,PSN,PSN,US_SOURCE_DIRECT,PSN,US_SOURCE_DIRECT,CARRY_FORWARD,False,,,,,,,,False,False,False
WS:US:PSX,Phillips 66,US_SP1500,,,PSX,PSX,US_SOURCE_DIRECT,PSX,US_SOURCE_DIRECT,CARRY_FORWARD,False,,,,,,,,False,False,False
WS:US:PTC,PTC Inc.,US_SP1500,,,PTC,PTC,US_SOURCE_DIRECT,PTC,US_SOURCE_DIRECT,CARRY_FORWARD,False,,,,,,,,False,False,False
WS:US:PTCT,"PTC Therapeutics, Inc.",US_SP1500,,,PTCT,PTCT,US_SOURCE_DIRECT,PTCT,US_SOURCE_DIRECT,CARRY_FORWARD,False,,,,,,,,False,False,False
WS:US:PTEN,"Patterson-UTI Energy, Inc.",US_SP1500,,,PTEN,PTEN,US_SOURCE_DIRECT,PTEN,US_SOURCE_DIRECT,CARRY_FORWARD,False,,,,,,,,False,False,False
WS:US:PTGX,"Protagonist Therapeutics, Inc.",US_SP1500,,,PTGX,PTGX,US_SOURCE_DIRECT,PTGX,US_SOURCE_DIRECT,CARRY_FORWARD,False,,,,,,,,False,False,False
WS:US:PTON,"Peloton Interactive, Inc.",US_SP1500,,,PTON,PTON,US_SOURCE_DIRECT,PTON,US_SOURCE_DIRECT,CARRY_FORWARD,False,,,,,,,,False,False,False
WS:US:PVH,PVH Corp.,US_SP1500,,,PVH,PVH,US_SOURCE_DIRECT,PVH,US_SOURCE_DIRECT,CARRY_FORWARD,False,,,,,,,,False,False,False
WS:US:PWR,Quanta Services,US_SP1500,,,PWR,PWR,US_SOURCE_DIRECT,PWR,US_SOURCE_DIRECT,CARRY_FORWARD,False,,,,,,,,False,False,False
WS:US:PYPL,PayPal,US_SP1500,,,PYPL,PYPL,US_SOURCE_DIRECT,PYPL,US_SOURCE_DIRECT,CARRY_FORWARD,False,,,,,,,,False,False,False
WS:US:PZZA,Papa John's Pizza,US_SP1500,,,PZZA,PZZA,US_SOURCE_DIRECT,PZZA,US_SOURCE_DIRECT,CARRY_FORWARD,False,,,,,,,,False,False,False
WS:US:Q,Qnity Electronics,US_SP1500,,,Q,Q,US_SOURCE_DIRECT,Q,US_SOURCE_DIRECT,CARRY_FORWARD,False,,,,,,,,False,False,False
WS:US:QCOM,Qualcomm,US_SP1500,,,QCOM,QCOM,US_SOURCE_DIRECT,QCOM,US_SOURCE_DIRECT,CARRY_FORWARD,False,,,,,,,,False,False,False
WS:US:QDEL,QuidelOrtho,US_SP1500,,,QDEL,QDEL,US_SOURCE_DIRECT,QDEL,US_SOURCE_DIRECT,CARRY_FORWARD,False,,,,,,,,False,False,False
WS:US:QLYS,Qualys,US_SP1500,,,QLYS,QLYS,US_SOURCE_DIRECT,QLYS,US_SOURCE_DIRECT,CARRY_FORWARD,False,,,,,,,,False,False,False
WS:US:QNST,"QuinStreet, Inc.",US_SP1500,,,QNST,QNST,US_SOURCE_DIRECT,QNST,US_SOURCE_DIRECT,CARRY_FORWARD,False,,,,,,,,False,False,False
WS:US:QRVO,Qorvo,US_SP1500,,,QRVO,QRVO,US_SOURCE_DIRECT,QRVO,US_SOURCE_DIRECT,CARRY_FORWARD,False,,,,,,,,False,False,False
WS:US:QTWO,"Q2 Holdings, Inc.",US_SP1500,,,QTWO,QTWO,US_SOURCE_DIRECT,QTWO,US_SOURCE_DIRECT,CARRY_FORWARD,False,,,,,,,,False,False,False
WS:US:R,Ryder,US_SP1500,,,R,R,US_SOURCE_DIRECT,R,US_SOURCE_DIRECT,CARRY_FORWARD,False,,,,,,,,False,False,False
WS:US:RAL,Ralliant Corp,US_SP1500,,,RAL,RAL,US_SOURCE_DIRECT,RAL,US_SOURCE_DIRECT,CARRY_FORWARD,False,,,,,,,,False,False,False
WS:US:RAMP,"LiveRamp Holdings, Inc.",US_SP1500,,,RAMP,RAMP,US_SOURCE_DIRECT,RAMP,US_SOURCE_DIRECT,CARRY_FORWARD,False,,,,,,,,False,False,False
WS:US:RBA,RB Global,US_SP1500,,,RBA,RBA,US_SOURCE_DIRECT,RBA,US_SOURCE_DIRECT,CARRY_FORWARD,False,,,,,,,,False,False,False
WS:US:RBC,RBC Bearings,US_SP1500,,,RBC,RBC,US_SOURCE_DIRECT,RBC,US_SOURCE_DIRECT,CARRY_FORWARD,False,,,,,,,,False,False,False
WS:US:RCL,Royal Caribbean Group,US_SP1500,,,RCL,RCL,US_SOURCE_DIRECT,RCL,US_SOURCE_DIRECT,CARRY_FORWARD,False,,,,,,,,False,False,False
WS:US:RCUS,"Arcus Biosciences, Inc.",US_SP1500,,,RCUS,RCUS,US_SOURCE_DIRECT,RCUS,US_SOURCE_DIRECT,CARRY_FORWARD,False,,,,,,,,False,False,False
WS:US:RDDT,Reddit,US_SP1500,,,RDDT,RDDT,US_SOURCE_DIRECT,RDDT,US_SOURCE_DIRECT,CARRY_FORWARD,False,,,,,,,,False,False,False
WS:US:RDN,"Radian Group, Inc.",US_SP1500,,,RDN,RDN,US_SOURCE_DIRECT,RDN,US_SOURCE_DIRECT,CARRY_FORWARD,False,,,,,,,,False,False,False
WS:US:RDNT,"RadNet, Inc.",US_SP1500,,,RDNT,RDNT,US_SOURCE_DIRECT,RDNT,US_SOURCE_DIRECT,CARRY_FORWARD,False,,,,,,,,False,False,False
WS:US:REG,Regency Centers,US_SP1500,,,REG,REG,US_SOURCE_DIRECT,REG,US_SOURCE_DIRECT,CARRY_FORWARD,False,,,,,,,,False,False,False
WS:US:REGN,Regeneron Pharmaceuticals,US_SP1500,,,REGN,REGN,US_SOURCE_DIRECT,REGN,US_SOURCE_DIRECT,CARRY_FORWARD,False,,,,,,,,False,False,False
WS:US:RELY,Remitly,US_SP1500,,,RELY,RELY,US_SOURCE_DIRECT,RELY,US_SOURCE_DIRECT,CARRY_FORWARD,False,,,,,,,,False,False,False
WS:US:RES,"RPC, Inc.",US_SP1500,,,RES,RES,US_SOURCE_DIRECT,RES,US_SOURCE_DIRECT,CARRY_FORWARD,False,,,,,,,,False,False,False
WS:US:REX,REX American Resources Corporation,US_SP1500,,,REX,REX,US_SOURCE_DIRECT,REX,US_SOURCE_DIRECT,CARRY_FORWARD,False,,,,,,,,False,False,False
WS:US:REXR,Rexford Industrial Realty,US_SP1500,,,REXR,REXR,US_SOURCE_DIRECT,REXR,US_SOURCE_DIRECT,CARRY_FORWARD,False,,,,,,,,False,False,False
WS:US:REYN,Reynolds Consumer Products,US_SP1500,,,REYN,REYN,US_SOURCE_DIRECT,REYN,US_SOURCE_DIRECT,CARRY_FORWARD,False,,,,,,,,False,False,False
WS:US:REZI,"Resideo Technologies, Inc.",US_SP1500,,,REZI,REZI,US_SOURCE_DIRECT,REZI,US_SOURCE_DIRECT,CARRY_FORWARD,False,,,,,,,,False,False,False
WS:US:RF,Regions Financial Corporation,US_SP1500,,,RF,RF,US_SOURCE_DIRECT,RF,US_SOURCE_DIRECT,CARRY_FORWARD,False,,,,,,,,False,False,False
WS:US:RGA,Reinsurance Group of America,US_SP1500,,,RGA,RGA,US_SOURCE_DIRECT,RGA,US_SOURCE_DIRECT,CARRY_FORWARD,False,,,,,,,,False,False,False
WS:US:RGEN,Repligen,US_SP1500,,,RGEN,RGEN,US_SOURCE_DIRECT,RGEN,US_SOURCE_DIRECT,CARRY_FORWARD,False,,,,,,,,False,False,False
WS:US:RGLD,Royal Gold,US_SP1500,,,RGLD,RGLD,US_SOURCE_DIRECT,RGLD,US_SOURCE_DIRECT,CARRY_FORWARD,False,,,,,,,,False,False,False
WS:US:RH,RH,US_SP1500,,,RH,RH,US_SOURCE_DIRECT,RH,US_SOURCE_DIRECT,CARRY_FORWARD,False,,,,,,,,False,False,False
WS:US:RHI,Robert Half,US_SP1500,,,RHI,RHI,US_SOURCE_DIRECT,RHI,US_SOURCE_DIRECT,CARRY_FORWARD,False,,,,,,,,False,False,False
WS:US:RHP,Ryman Hospitality Properties,US_SP1500,,,RHP,RHP,US_SOURCE_DIRECT,RHP,US_SOURCE_DIRECT,CARRY_FORWARD,False,,,,,,,,False,False,False
WS:US:RITM,Rithm Capital,US_SP1500,,,RITM,RITM,US_SOURCE_DIRECT,RITM,US_SOURCE_DIRECT,CARRY_FORWARD,False,,,,,,,,False,False,False
WS:US:RJF,Raymond James Financial,US_SP1500,,,RJF,RJF,US_SOURCE_DIRECT,RJF,US_SOURCE_DIRECT,CARRY_FORWARD,False,,,,,,,,False,False,False
WS:US:RL,Ralph Lauren Corporation,US_SP1500,,,RL,RL,US_SOURCE_DIRECT,RL,US_SOURCE_DIRECT,CARRY_FORWARD,False,,,,,,,,False,False,False
WS:US:RLI,RLI Corp.,US_SP1500,,,RLI,RLI,US_SOURCE_DIRECT,RLI,US_SOURCE_DIRECT,CARRY_FORWARD,False,,,,,,,,False,False,False
WS:US:RMBS,Rambus,US_SP1500,,,RMBS,RMBS,US_SOURCE_DIRECT,RMBS,US_SOURCE_DIRECT,CARRY_FORWARD,False,,,,,,,,False,False,False
WS:US:RMD,ResMed|,US_SP1500,,,RMD,RMD,US_SOURCE_DIRECT,RMD,US_SOURCE_DIRECT,CARRY_FORWARD,False,,,,,,,,False,False,False
WS:US:RNG,"RingCentral, Inc.",US_SP1500,,,RNG,RNG,US_SOURCE_DIRECT,RNG,US_SOURCE_DIRECT,CARRY_FORWARD,False,,,,,,,,False,False,False
WS:US:RNR,RenaissanceRe,US_SP1500,,,RNR,RNR,US_SOURCE_DIRECT,RNR,US_SOURCE_DIRECT,CARRY_FORWARD,False,,,,,,,,False,False,False
WS:US:RNST,Renasant Corp.,US_SP1500,,,RNST,RNST,US_SOURCE_DIRECT,RNST,US_SOURCE_DIRECT,CARRY_FORWARD,False,,,,,,,,False,False,False
WS:US:ROAD,"Construction Partners, Inc.",US_SP1500,,,ROAD,ROAD,US_SOURCE_DIRECT,ROAD,US_SOURCE_DIRECT,CARRY_FORWARD,False,,,,,,,,False,False,False
WS:US:ROCK,"Gibraltar Industries, Inc.",US_SP1500,,,ROCK,ROCK,US_SOURCE_DIRECT,ROCK,US_SOURCE_DIRECT,CARRY_FORWARD,False,,,,,,,,False,False,False
WS:US:ROG,Rogers Corporation,US_SP1500,,,ROG,ROG,US_SOURCE_DIRECT,ROG,US_SOURCE_DIRECT,CARRY_FORWARD,False,,,,,,,,False,False,False
WS:US:ROIV,Roivant Sciences,US_SP1500,,,ROIV,ROIV,US_SOURCE_DIRECT,ROIV,US_SOURCE_DIRECT,CARRY_FORWARD,False,,,,,,,,False,False,False
WS:US:ROK,Rockwell Automation,US_SP1500,,,ROK,ROK,US_SOURCE_DIRECT,ROK,US_SOURCE_DIRECT,CARRY_FORWARD,False,,,,,,,,False,False,False
WS:US:ROKU,"Roku, Inc.",US_SP1500,,,ROKU,ROKU,US_SOURCE_DIRECT,ROKU,US_SOURCE_DIRECT,CARRY_FORWARD,False,,,,,,,,False,False,False
WS:US:ROL,"Rollins, Inc.",US_SP1500,,,ROL,ROL,US_SOURCE_DIRECT,ROL,US_SOURCE_DIRECT,CARRY_FORWARD,False,,,,,,,,False,False,False
WS:US:ROP,Roper Technologies,US_SP1500,,,ROP,ROP,US_SOURCE_DIRECT,ROP,US_SOURCE_DIRECT,CARRY_FORWARD,False,,,,,,,,False,False,False
WS:US:ROST,Ross Stores,US_SP1500,,,ROST,ROST,US_SOURCE_DIRECT,ROST,US_SOURCE_DIRECT,CARRY_FORWARD,False,,,,,,,,False,False,False
WS:US:RPM,RPM International,US_SP1500,,,RPM,RPM,US_SOURCE_DIRECT,RPM,US_SOURCE_DIRECT,CARRY_FORWARD,False,,,,,,,,False,False,False
WS:US:RRC,Range Resources,US_SP1500,,,RRC,RRC,US_SOURCE_DIRECT,RRC,US_SOURCE_DIRECT,CARRY_FORWARD,False,,,,,,,,False,False,False
WS:US:RRR,"Red Rock Resorts, Inc.",US_SP1500,,,RRR,RRR,US_SOURCE_DIRECT,RRR,US_SOURCE_DIRECT,CARRY_FORWARD,False,,,,,,,,False,False,False
WS:US:RRX,Regal Rexnord,US_SP1500,,,RRX,RRX,US_SOURCE_DIRECT,RRX,US_SOURCE_DIRECT,CARRY_FORWARD,False,,,,,,,,False,False,False
WS:US:RS,"Reliance, Inc.",US_SP1500,,,RS,RS,US_SOURCE_DIRECT,RS,US_SOURCE_DIRECT,CARRY_FORWARD,False,,,,,,,,False,False,False
WS:US:RSG,Republic Services,US_SP1500,,,RSG,RSG,US_SOURCE_DIRECT,RSG,US_SOURCE_DIRECT,CARRY_FORWARD,False,,,,,,,,False,False,False
WS:US:RSI,"Rush Street Interactive, Inc.",US_SP1500,,,RSI,RSI,US_SOURCE_DIRECT,RSI,US_SOURCE_DIRECT,CARRY_FORWARD,False,,,,,,,,False,False,False
WS:US:RTX,RTX Corporation,US_SP1500,,,RTX,RTX,US_SOURCE_DIRECT,RTX,US_SOURCE_DIRECT,CARRY_FORWARD,False,,,,,,,,False,False,False
WS:US:RUN,Sunrun,US_SP1500,,,RUN,RUN,US_SOURCE_DIRECT,RUN,US_SOURCE_DIRECT,CARRY_FORWARD,False,,,,,,,,False,False,False
WS:US:RUSHA,Rush Enterprises,US_SP1500,,,RUSHA,RUSHA,US_SOURCE_DIRECT,RUSHA,US_SOURCE_DIRECT,CARRY_FORWARD,False,,,,,,,,False,False,False
WS:US:RVTY,Revvity,US_SP1500,,,RVTY,RVTY,US_SOURCE_DIRECT,RVTY,US_SOURCE_DIRECT,CARRY_FORWARD,False,,,,,,,,False,False,False
WS:US:RXO,"RXO, Inc.",US_SP1500,,,RXO,RXO,US_SOURCE_DIRECT,RXO,US_SOURCE_DIRECT,CARRY_FORWARD,False,,,,,,,,False,False,False
WS:US:RYAN,Ryan Specialty,US_SP1500,,,RYAN,RYAN,US_SOURCE_DIRECT,RYAN,US_SOURCE_DIRECT,CARRY_FORWARD,False,,,,,,,,False,False,False
WS:US:RYN,Rayonier,US_SP1500,,,RYN,RYN,US_SOURCE_DIRECT,RYN,US_SOURCE_DIRECT,CARRY_FORWARD,False,,,,,,,,False,False,False
WS:US:SABR,Sabre,US_SP1500,,,SABR,SABR,US_SOURCE_DIRECT,SABR,US_SOURCE_DIRECT,CARRY_FORWARD,False,,,,,,,,False,False,False
WS:US:SAFE,"Safehold, Inc.",US_SP1500,,,SAFE,SAFE,US_SOURCE_DIRECT,SAFE,US_SOURCE_DIRECT,CARRY_FORWARD,False,,,,,,,,False,False,False
WS:US:SAFT,"Safety Insurance Group, Inc.",US_SP1500,,,SAFT,SAFT,US_SOURCE_DIRECT,SAFT,US_SOURCE_DIRECT,CARRY_FORWARD,False,,,,,,,,False,False,False
WS:US:SAH,"Sonic Automotive, Inc.",US_SP1500,,,SAH,SAH,US_SOURCE_DIRECT,SAH,US_SOURCE_DIRECT,CARRY_FORWARD,False,,,,,,,,False,False,False
WS:US:SAIA,Saia,US_SP1500,,,SAIA,SAIA,US_SOURCE_DIRECT,SAIA,US_SOURCE_DIRECT,CARRY_FORWARD,False,,,,,,,,False,False,False
WS:US:SAIC,Science Applications Intl Corp,US_SP1500,,,SAIC,SAIC,US_SOURCE_DIRECT,SAIC,US_SOURCE_DIRECT,CARRY_FORWARD,False,,,,,,,,False,False,False
WS:US:SAM,Boston Beer Company,US_SP1500,,,SAM,SAM,US_SOURCE_DIRECT,SAM,US_SOURCE_DIRECT,CARRY_FORWARD,False,,,,,,,,False,False,False
WS:US:SANM,Sanmina Corporation,US_SP1500,,,SANM,SANM,US_SOURCE_DIRECT,SANM,US_SOURCE_DIRECT,CARRY_FORWARD,False,,,,,,,,False,False,False
WS:US:SARO,StandardAero,US_SP1500,,,SARO,SARO,US_SOURCE_DIRECT,SARO,US_SOURCE_DIRECT,CARRY_FORWARD,False,,,,,,,,False,False,False
WS:US:SBAC,SBA Communications,US_SP1500,,,SBAC,SBAC,US_SOURCE_DIRECT,SBAC,US_SOURCE_DIRECT,CARRY_FORWARD,False,,,,,,,,False,False,False
WS:US:SBCF,Seacoast Banking Corporation of Florida,US_SP1500,,,SBCF,SBCF,US_SOURCE_DIRECT,SBCF,US_SOURCE_DIRECT,CARRY_FORWARD,False,,,,,,,,False,False,False
WS:US:SBH,"Sally Beauty Holdings, Inc.",US_SP1500,,,SBH,SBH,US_SOURCE_DIRECT,SBH,US_SOURCE_DIRECT,CARRY_FORWARD,False,,,,,,,,False,False,False
WS:US:SBRA,Sabra Health Care REIT,US_SP1500,,,SBRA,SBRA,US_SOURCE_DIRECT,SBRA,US_SOURCE_DIRECT,CARRY_FORWARD,False,,,,,,,,False,False,False
WS:US:SBSI,"Southside Bancshares, Inc.",US_SP1500,,,SBSI,SBSI,US_SOURCE_DIRECT,SBSI,US_SOURCE_DIRECT,CARRY_FORWARD,False,,,,,,,,False,False,False
WS:US:SBUX,Starbucks,US_SP1500,,,SBUX,SBUX,US_SOURCE_DIRECT,SBUX,US_SOURCE_DIRECT,CARRY_FORWARD,False,,,,,,,,False,False,False
WS:US:SCHL,Scholastic Corporation,US_SP1500,,,SCHL,SCHL,US_SOURCE_DIRECT,SCHL,US_SOURCE_DIRECT,CARRY_FORWARD,False,,,,,,,,False,False,False
WS:US:SCHW,Charles Schwab Corporation,US_SP1500,,,SCHW,SCHW,US_SOURCE_DIRECT,SCHW,US_SOURCE_DIRECT,CARRY_FORWARD,False,,,,,,,,False,False,False
WS:US:SCI,Service Corp Intl,US_SP1500,,,SCI,SCI,US_SOURCE_DIRECT,SCI,US_SOURCE_DIRECT,CARRY_FORWARD,False,,,,,,,,False,False,False
WS:US:SCL,Stepan Company,US_SP1500,,,SCL,SCL,US_SOURCE_DIRECT,SCL,US_SOURCE_DIRECT,CARRY_FORWARD,False,,,,,,,,False,False,False
WS:US:SCSC,"ScanSource, Inc.",US_SP1500,,,SCSC,SCSC,US_SOURCE_DIRECT,SCSC,US_SOURCE_DIRECT,CARRY_FORWARD,False,,,,,,,,False,False,False
WS:US:SDGR,"Schrödinger, Inc.",US_SP1500,,,SDGR,SDGR,US_SOURCE_DIRECT,SDGR,US_SOURCE_DIRECT,CARRY_FORWARD,False,,,,,,,,False,False,False
WS:US:SEDG,SolarEdge,US_SP1500,,,SEDG,SEDG,US_SOURCE_DIRECT,SEDG,US_SOURCE_DIRECT,CARRY_FORWARD,False,,,,,,,,False,False,False
WS:US:SEI,"Solaris Energy Infrastructure, Inc.",US_SP1500,,,SEI,SEI,US_SOURCE_DIRECT,SEI,US_SOURCE_DIRECT,CARRY_FORWARD,False,,,,,,,,False,False,False
WS:US:SEIC,SEI Investments Company,US_SP1500,,,SEIC,SEIC,US_SOURCE_DIRECT,SEIC,US_SOURCE_DIRECT,CARRY_FORWARD,False,,,,,,,,False,False,False
WS:US:SEZL,Sezzle,US_SP1500,,,SEZL,SEZL,US_SOURCE_DIRECT,SEZL,US_SOURCE_DIRECT,CARRY_FORWARD,False,,,,,,,,False,False,False
WS:US:SF,Stifel,US_SP1500,,,SF,SF,US_SOURCE_DIRECT,SF,US_SOURCE_DIRECT,CARRY_FORWARD,False,,,,,,,,False,False,False
WS:US:SFBS,"ServisFirst Bancshares, Inc.",US_SP1500,,,SFBS,SFBS,US_SOURCE_DIRECT,SFBS,US_SOURCE_DIRECT,CARRY_FORWARD,False,,,,,,,,False,False,False
WS:US:SFM,Sprouts Farmers Market,US_SP1500,,,SFM,SFM,US_SOURCE_DIRECT,SFM,US_SOURCE_DIRECT,CARRY_FORWARD,False,,,,,,,,False,False,False
WS:US:SFNC,Simmons First National Corporation,US_SP1500,,,SFNC,SFNC,US_SOURCE_DIRECT,SFNC,US_SOURCE_DIRECT,CARRY_FORWARD,False,,,,,,,,False,False,False
WS:US:SGI,Somnigroup International,US_SP1500,,,SGI,SGI,US_SOURCE_DIRECT,SGI,US_SOURCE_DIRECT,CARRY_FORWARD,False,,,,,,,,False,False,False
WS:US:SHAK,"Shake Shack, Inc.",US_SP1500,,,SHAK,SHAK,US_SOURCE_DIRECT,SHAK,US_SOURCE_DIRECT,CARRY_FORWARD,False,,,,,,,,False,False,False
WS:US:SHC,Sotera Health,US_SP1500,,,SHC,SHC,US_SOURCE_DIRECT,SHC,US_SOURCE_DIRECT,CARRY_FORWARD,False,,,,,,,,False,False,False
WS:US:SHEN,Shenandoah Telecommunications Co,US_SP1500,,,SHEN,SHEN,US_SOURCE_DIRECT,SHEN,US_SOURCE_DIRECT,CARRY_FORWARD,False,,,,,,,,False,False,False
WS:US:SHO,"Sunstone Hotel Investors, Inc.",US_SP1500,,,SHO,SHO,US_SOURCE_DIRECT,SHO,US_SOURCE_DIRECT,CARRY_FORWARD,False,,,,,,,,False,False,False
WS:US:SHOO,"Steven Madden, Ltd.",US_SP1500,,,SHOO,SHOO,US_SOURCE_DIRECT,SHOO,US_SOURCE_DIRECT,CARRY_FORWARD,False,,,,,,,,False,False,False
WS:US:SHW,Sherwin-Williams,US_SP1500,,,SHW,SHW,US_SOURCE_DIRECT,SHW,US_SOURCE_DIRECT,CARRY_FORWARD,False,,,,,,,,False,False,False
WS:US:SIG,Signet Jewelers,US_SP1500,,,SIG,SIG,US_SOURCE_DIRECT,SIG,US_SOURCE_DIRECT,CARRY_FORWARD,False,,,,,,,,False,False,False
WS:US:SIGI,Selective Insurance Group,US_SP1500,,,SIGI,SIGI,US_SOURCE_DIRECT,SIGI,US_SOURCE_DIRECT,CARRY_FORWARD,False,,,,,,,,False,False,False
WS:US:SIRI,SiriusXM,US_SP1500,,,SIRI,SIRI,US_SOURCE_DIRECT,SIRI,US_SOURCE_DIRECT,CARRY_FORWARD,False,,,,,,,,False,False,False
WS:US:SITM,SiTime,US_SP1500,,,SITM,SITM,US_SOURCE_DIRECT,SITM,US_SOURCE_DIRECT,CARRY_FORWARD,False,,,,,,,,False,False,False
WS:US:SJM,J.M. Smucker Company (The),US_SP1500,,,SJM,SJM,US_SOURCE_DIRECT,SJM,US_SOURCE_DIRECT,CARRY_FORWARD,False,,,,,,,,False,False,False
WS:US:SKT,"Tanger Factory Outlet Centers, Inc.",US_SP1500,,,SKT,SKT,US_SOURCE_DIRECT,SKT,US_SOURCE_DIRECT,CARRY_FORWARD,False,,,,,,,,False,False,False
WS:US:SKY,"Champion Homes, Inc.",US_SP1500,,,SKY,SKY,US_SOURCE_DIRECT,SKY,US_SOURCE_DIRECT,CARRY_FORWARD,False,,,,,,,,False,False,False
WS:US:SKYW,"SkyWest, Inc.",US_SP1500,,,SKYW,SKYW,US_SOURCE_DIRECT,SKYW,US_SOURCE_DIRECT,CARRY_FORWARD,False,,,,,,,,False,False,False
WS:US:SLAB,Silicon Labs,US_SP1500,,,SLAB,SLAB,US_SOURCE_DIRECT,SLAB,US_SOURCE_DIRECT,CARRY_FORWARD,False,,,,,,,,False,False,False
WS:US:SLB,Schlumberger,US_SP1500,,,SLB,SLB,US_SOURCE_DIRECT,SLB,US_SOURCE_DIRECT,CARRY_FORWARD,False,,,,,,,,False,False,False
WS:US:SLG,SL Green Realty,US_SP1500,,,SLG,SLG,US_SOURCE_DIRECT,SLG,US_SOURCE_DIRECT,CARRY_FORWARD,False,,,,,,,,False,False,False
WS:US:SLGN,Silgan Holdings,US_SP1500,,,SLGN,SLGN,US_SOURCE_DIRECT,SLGN,US_SOURCE_DIRECT,CARRY_FORWARD,False,,,,,,,,False,False,False
WS:US:SLM,SLM Corp,US_SP1500,,,SLM,SLM,US_SOURCE_DIRECT,SLM,US_SOURCE_DIRECT,CARRY_FORWARD,False,,,,,,,,False,False,False
WS:US:SLVM,Sylvamo Corp.,US_SP1500,,,SLVM,SLVM,US_SOURCE_DIRECT,SLVM,US_SOURCE_DIRECT,CARRY_FORWARD,False,,,,,,,,False,False,False
WS:US:SM,SM Energy Company,US_SP1500,,,SM,SM,US_SOURCE_DIRECT,SM,US_SOURCE_DIRECT,CARRY_FORWARD,False,,,,,,,,False,False,False
WS:US:SMCI,Supermicro,US_SP1500,,,SMCI,SMCI,US_SOURCE_DIRECT,SMCI,US_SOURCE_DIRECT,CARRY_FORWARD,False,,,,,,,,False,False,False
WS:US:SMG,Scotts Miracle-Gro Company,US_SP1500,,,SMG,SMG,US_SOURCE_DIRECT,SMG,US_SOURCE_DIRECT,CARRY_FORWARD,False,,,,,,,,False,False,False
WS:US:SMP,"Standard Motor Products, Inc.",US_SP1500,,,SMP,SMP,US_SOURCE_DIRECT,SMP,US_SOURCE_DIRECT,CARRY_FORWARD,False,,,,,,,,False,False,False
WS:US:SMPL,Simply Good Foods Company,US_SP1500,,,SMPL,SMPL,US_SOURCE_DIRECT,SMPL,US_SOURCE_DIRECT,CARRY_FORWARD,False,,,,,,,,False,False,False
WS:US:SMTC,Semtech,US_SP1500,,,SMTC,SMTC,US_SOURCE_DIRECT,SMTC,US_SOURCE_DIRECT,CARRY_FORWARD,False,,,,,,,,False,False,False
WS:US:SN,SharkNinja,US_SP1500,,,SN,SN,US_SOURCE_DIRECT,SN,US_SOURCE_DIRECT,CARRY_FORWARD,False,,,,,,,,False,False,False
WS:US:SNA,Snap-on,US_SP1500,,,SNA,SNA,US_SOURCE_DIRECT,SNA,US_SOURCE_DIRECT,CARRY_FORWARD,False,,,,,,,,False,False,False
WS:US:SNDK,Sandisk,US_SP1500,,,SNDK,SNDK,US_SOURCE_DIRECT,SNDK,US_SOURCE_DIRECT,CARRY_FORWARD,False,,,,,,,,False,False,False
WS:US:SNDR,Schneider National,US_SP1500,,,SNDR,SNDR,US_SOURCE_DIRECT,SNDR,US_SOURCE_DIRECT,CARRY_FORWARD,False,,,,,,,,False,False,False
WS:US:SNEX,StoneX Group Inc.,US_SP1500,,,SNEX,SNEX,US_SOURCE_DIRECT,SNEX,US_SOURCE_DIRECT,CARRY_FORWARD,False,,,,,,,,False,False,False
WS:US:SNPS,Synopsys,US_SP1500,,,SNPS,SNPS,US_SOURCE_DIRECT,SNPS,US_SOURCE_DIRECT,CARRY_FORWARD,False,,,,,,,,False,False,False
WS:US:SNX,TD Synnex,US_SP1500,,,SNX,SNX,US_SOURCE_DIRECT,SNX,US_SOURCE_DIRECT,CARRY_FORWARD,False,,,,,,,,False,False,False
WS:US:SO,Southern Company,US_SP1500,,,SO,SO,US_SOURCE_DIRECT,SO,US_SOURCE_DIRECT,CARRY_FORWARD,False,,,,,,,,False,False,False
WS:US:SOLS,Solstice Advanced Materials,US_SP1500,,,SOLS,SOLS,US_SOURCE_DIRECT,SOLS,US_SOURCE_DIRECT,CARRY_FORWARD,False,,,,,,,,False,False,False
WS:US:SOLV,Solventum,US_SP1500,,,SOLV,SOLV,US_SOURCE_DIRECT,SOLV,US_SOURCE_DIRECT,CARRY_FORWARD,False,,,,,,,,False,False,False
WS:US:SON,Sonoco,US_SP1500,,,SON,SON,US_SOURCE_DIRECT,SON,US_SOURCE_DIRECT,CARRY_FORWARD,False,,,,,,,,False,False,False
WS:US:SONO,"Sonos, Inc.",US_SP1500,,,SONO,SONO,US_SOURCE_DIRECT,SONO,US_SOURCE_DIRECT,CARRY_FORWARD,False,,,,,,,,False,False,False
WS:US:SPG,Simon Property Group,US_SP1500,,,SPG,SPG,US_SOURCE_DIRECT,SPG,US_SOURCE_DIRECT,CARRY_FORWARD,False,,,,,,,,False,False,False
WS:US:SPGI,S&P Global,US_SP1500,,,SPGI,SPGI,US_SOURCE_DIRECT,SPGI,US_SOURCE_DIRECT,CARRY_FORWARD,False,,,,,,,,False,False,False
WS:US:SPHR,Sphere Entertainment,US_SP1500,,,SPHR,SPHR,US_SOURCE_DIRECT,SPHR,US_SOURCE_DIRECT,CARRY_FORWARD,False,,,,,,,,False,False,False
WS:US:SPNT,SiriusPoint Ltd.,US_SP1500,,,SPNT,SPNT,US_SOURCE_DIRECT,SPNT,US_SOURCE_DIRECT,CARRY_FORWARD,False,,,,,,,,False,False,False
WS:US:SPSC,"SPS Commerce, Inc.",US_SP1500,,,SPSC,SPSC,US_SOURCE_DIRECT,SPSC,US_SOURCE_DIRECT,CARRY_FORWARD,False,,,,,,,,False,False,False
WS:US:SPXC,SPX Technologies,US_SP1500,,,SPXC,SPXC,US_SOURCE_DIRECT,SPXC,US_SOURCE_DIRECT,CARRY_FORWARD,False,,,,,,,,False,False,False
WS:US:SR,Spire,US_SP1500,,,SR,SR,US_SOURCE_DIRECT,SR,US_SOURCE_DIRECT,CARRY_FORWARD,False,,,,,,,,False,False,False
WS:US:SRE,Sempra,US_SP1500,,,SRE,SRE,US_SOURCE_DIRECT,SRE,US_SOURCE_DIRECT,CARRY_FORWARD,False,,,,,,,,False,False,False
WS:US:SRPT,Sarepta Therapeutics,US_SP1500,,,SRPT,SRPT,US_SOURCE_DIRECT,SRPT,US_SOURCE_DIRECT,CARRY_FORWARD,False,,,,,,,,False,False,False
WS:US:SSB,South State Bank,US_SP1500,,,SSB,SSB,US_SOURCE_DIRECT,SSB,US_SOURCE_DIRECT,CARRY_FORWARD,False,,,,,,,,False,False,False
WS:US:SSD,Simpson Manufacturing,US_SP1500,,,SSD,SSD,US_SOURCE_DIRECT,SSD,US_SOURCE_DIRECT,CARRY_FORWARD,False,,,,,,,,False,False,False
WS:US:ST,Sensata Technologies,US_SP1500,,,ST,ST,US_SOURCE_DIRECT,ST,US_SOURCE_DIRECT,CARRY_FORWARD,False,,,,,,,,False,False,False
WS:US:STAA,STAAR Surgical Company,US_SP1500,,,STAA,STAA,US_SOURCE_DIRECT,STAA,US_SOURCE_DIRECT,CARRY_FORWARD,False,,,,,,,,False,False,False
WS:US:STAG,STAG Industrial,US_SP1500,,,STAG,STAG,US_SOURCE_DIRECT,STAG,US_SOURCE_DIRECT,CARRY_FORWARD,False,,,,,,,,False,False,False
WS:US:STBA,"S&T Bancorp, Inc.",US_SP1500,,,STBA,STBA,US_SOURCE_DIRECT,STBA,US_SOURCE_DIRECT,CARRY_FORWARD,False,,,,,,,,False,False,False
WS:US:STC,Stewart Information Services Corporation,US_SP1500,,,STC,STC,US_SOURCE_DIRECT,STC,US_SOURCE_DIRECT,CARRY_FORWARD,False,,,,,,,,False,False,False
WS:US:STE,Steris,US_SP1500,,,STE,STE,US_SOURCE_DIRECT,STE,US_SOURCE_DIRECT,CARRY_FORWARD,False,,,,,,,,False,False,False
WS:US:STEP,StepStone Group,US_SP1500,,,STEP,STEP,US_SOURCE_DIRECT,STEP,US_SOURCE_DIRECT,CARRY_FORWARD,False,,,,,,,,False,False,False
WS:US:STLD,Steel Dynamics,US_SP1500,,,STLD,STLD,US_SOURCE_DIRECT,STLD,US_SOURCE_DIRECT,CARRY_FORWARD,False,,,,,,,,False,False,False
WS:US:STRA,"Strategic Education, Inc.",US_SP1500,,,STRA,STRA,US_SOURCE_DIRECT,STRA,US_SOURCE_DIRECT,CARRY_FORWARD,False,,,,,,,,False,False,False
WS:US:STRL,Sterling Infrastructure,US_SP1500,,,STRL,STRL,US_SOURCE_DIRECT,STRL,US_SOURCE_DIRECT,CARRY_FORWARD,False,,,,,,,,False,False,False
WS:US:STT,State Street Corporation,US_SP1500,,,STT,STT,US_SOURCE_DIRECT,STT,US_SOURCE_DIRECT,CARRY_FORWARD,False,,,,,,,,False,False,False
WS:US:STWD,Starwood Property Trust,US_SP1500,,,STWD,STWD,US_SOURCE_DIRECT,STWD,US_SOURCE_DIRECT,CARRY_FORWARD,False,,,,,,,,False,False,False
WS:US:STX,Seagate Technology,US_SP1500,,,STX,STX,US_SOURCE_DIRECT,STX,US_SOURCE_DIRECT,CARRY_FORWARD,False,,,,,,,,False,False,False
WS:US:STZ,Constellation Brands,US_SP1500,,,STZ,STZ,US_SOURCE_DIRECT,STZ,US_SOURCE_DIRECT,CARRY_FORWARD,False,,,,,,,,False,False,False
WS:US:SUPN,"Supernus Pharmaceuticals, Inc.",US_SP1500,,,SUPN,SUPN,US_SOURCE_DIRECT,SUPN,US_SOURCE_DIRECT,CARRY_FORWARD,False,,,,,,,,False,False,False
WS:US:SW,Smurfit Westrock,US_SP1500,,,SW,SW,US_SOURCE_DIRECT,SW,US_SOURCE_DIRECT,CARRY_FORWARD,False,,,,,,,,False,False,False
WS:US:SWK,Stanley Black & Decker,US_SP1500,,,SWK,SWK,US_SOURCE_DIRECT,SWK,US_SOURCE_DIRECT,CARRY_FORWARD,False,,,,,,,,False,False,False
WS:US:SWKS,Skyworks Solutions,US_SP1500,,,SWKS,SWKS,US_SOURCE_DIRECT,SWKS,US_SOURCE_DIRECT,CARRY_FORWARD,False,,,,,,,,False,False,False
WS:US:SWX,Southwest Gas Corp,US_SP1500,,,SWX,SWX,US_SOURCE_DIRECT,SWX,US_SOURCE_DIRECT,CARRY_FORWARD,False,,,,,,,,False,False,False
WS:US:SXI,Standex International Corporation,US_SP1500,,,SXI,SXI,US_SOURCE_DIRECT,SXI,US_SOURCE_DIRECT,CARRY_FORWARD,False,,,,,,,,False,False,False
WS:US:SXT,Sensient Technologies,US_SP1500,,,SXT,SXT,US_SOURCE_DIRECT,SXT,US_SOURCE_DIRECT,CARRY_FORWARD,False,,,,,,,,False,False,False
WS:US:SYF,Synchrony Financial,US_SP1500,,,SYF,SYF,US_SOURCE_DIRECT,SYF,US_SOURCE_DIRECT,CARRY_FORWARD,False,,,,,,,,False,False,False
WS:US:SYK,Stryker Corporation,US_SP1500,,,SYK,SYK,US_SOURCE_DIRECT,SYK,US_SOURCE_DIRECT,CARRY_FORWARD,False,,,,,,,,False,False,False
WS:US:SYNA,Synaptics,US_SP1500,,,SYNA,SYNA,US_SOURCE_DIRECT,SYNA,US_SOURCE_DIRECT,CARRY_FORWARD,False,,,,,,,,False,False,False
WS:US:SYY,Sysco,US_SP1500,,,SYY,SYY,US_SOURCE_DIRECT,SYY,US_SOURCE_DIRECT,CARRY_FORWARD,False,,,,,,,,False,False,False
WS:US:T,AT&T,US_SP1500,,,T,T,US_SOURCE_DIRECT,T,US_SOURCE_DIRECT,CARRY_FORWARD,False,,,,,,,,False,False,False
WS:US:TALO,"Talos Energy, Inc.",US_SP1500,,,TALO,TALO,US_SOURCE_DIRECT,TALO,US_SOURCE_DIRECT,CARRY_FORWARD,False,,,,,,,,False,False,False
WS:US:TAP,Molson Coors Beverage Company,US_SP1500,,,TAP,TAP,US_SOURCE_DIRECT,TAP,US_SOURCE_DIRECT,CARRY_FORWARD,False,,,,,,,,False,False,False
WS:US:TBBK,"The Bancorp, Inc.",US_SP1500,,,TBBK,TBBK,US_SOURCE_DIRECT,TBBK,US_SOURCE_DIRECT,CARRY_FORWARD,False,,,,,,,,False,False,False
WS:US:TCBI,Texas Capital Bancshares,US_SP1500,,,TCBI,TCBI,US_SOURCE_DIRECT,TCBI,US_SOURCE_DIRECT,CARRY_FORWARD,False,,,,,,,,False,False,False
WS:US:TDC,Teradata,US_SP1500,,,TDC,TDC,US_SOURCE_DIRECT,TDC,US_SOURCE_DIRECT,CARRY_FORWARD,False,,,,,,,,False,False,False
WS:US:TDG,TransDigm Group,US_SP1500,,,TDG,TDG,US_SOURCE_DIRECT,TDG,US_SOURCE_DIRECT,CARRY_FORWARD,False,,,,,,,,False,False,False
WS:US:TDS,"Telephone and Data Systems, Inc.",US_SP1500,,,TDS,TDS,US_SOURCE_DIRECT,TDS,US_SOURCE_DIRECT,CARRY_FORWARD,False,,,,,,,,False,False,False
WS:US:TDW,"Tidewater, Inc.",US_SP1500,,,TDW,TDW,US_SOURCE_DIRECT,TDW,US_SOURCE_DIRECT,CARRY_FORWARD,False,,,,,,,,False,False,False
WS:US:TDY,Teledyne Technologies,US_SP1500,,,TDY,TDY,US_SOURCE_DIRECT,TDY,US_SOURCE_DIRECT,CARRY_FORWARD,False,,,,,,,,False,False,False
WS:US:TECH,Bio-Techne,US_SP1500,,,TECH,TECH,US_SOURCE_DIRECT,TECH,US_SOURCE_DIRECT,CARRY_FORWARD,False,,,,,,,,False,False,False
WS:US:TEL,TE Connectivity,US_SP1500,,,TEL,TEL,US_SOURCE_DIRECT,TEL,US_SOURCE_DIRECT,CARRY_FORWARD,False,,,,,,,,False,False,False
WS:US:TER,Teradyne,US_SP1500,,,TER,TER,US_SOURCE_DIRECT,TER,US_SOURCE_DIRECT,CARRY_FORWARD,False,,,,,,,,False,False,False
WS:US:TEX,Terex,US_SP1500,,,TEX,TEX,US_SOURCE_DIRECT,TEX,US_SOURCE_DIRECT,CARRY_FORWARD,False,,,,,,,,False,False,False
WS:US:TFC,Truist Financial,US_SP1500,,,TFC,TFC,US_SOURCE_DIRECT,TFC,US_SOURCE_DIRECT,CARRY_FORWARD,False,,,,,,,,False,False,False
WS:US:TFIN,"Triumph Bancorp, Inc.",US_SP1500,,,TFIN,TFIN,US_SOURCE_DIRECT,TFIN,US_SOURCE_DIRECT,CARRY_FORWARD,False,,,,,,,,False,False,False
WS:US:TFX,Teleflex,US_SP1500,,,TFX,TFX,US_SOURCE_DIRECT,TFX,US_SOURCE_DIRECT,CARRY_FORWARD,False,,,,,,,,False,False,False
WS:US:TGT,Target Corporation,US_SP1500,,,TGT,TGT,US_SOURCE_DIRECT,TGT,US_SOURCE_DIRECT,CARRY_FORWARD,False,,,,,,,,False,False,False
WS:US:TGTX,"TG Therapeutics, Inc.",US_SP1500,,,TGTX,TGTX,US_SOURCE_DIRECT,TGTX,US_SOURCE_DIRECT,CARRY_FORWARD,False,,,,,,,,False,False,False
WS:US:THC,Tenet Health,US_SP1500,,,THC,THC,US_SOURCE_DIRECT,THC,US_SOURCE_DIRECT,CARRY_FORWARD,False,,,,,,,,False,False,False
WS:US:THG,Hanover Insurance,US_SP1500,,,THG,THG,US_SOURCE_DIRECT,THG,US_SOURCE_DIRECT,CARRY_FORWARD,False,,,,,,,,False,False,False
WS:US:THO,Thor Industries,US_SP1500,,,THO,THO,US_SOURCE_DIRECT,THO,US_SOURCE_DIRECT,CARRY_FORWARD,False,,,,,,,,False,False,False
WS:US:THRM,Gentherm Incorporated,US_SP1500,,,THRM,THRM,US_SOURCE_DIRECT,THRM,US_SOURCE_DIRECT,CARRY_FORWARD,False,,,,,,,,False,False,False
WS:US:TILE,"Interface, Inc.",US_SP1500,,,TILE,TILE,US_SOURCE_DIRECT,TILE,US_SOURCE_DIRECT,CARRY_FORWARD,False,,,,,,,,False,False,False
WS:US:TJX,TJX Companies,US_SP1500,,,TJX,TJX,US_SOURCE_DIRECT,TJX,US_SOURCE_DIRECT,CARRY_FORWARD,False,,,,,,,,False,False,False
WS:US:TKO,TKO Group Holdings,US_SP1500,,,TKO,TKO,US_SOURCE_DIRECT,TKO,US_SOURCE_DIRECT,CARRY_FORWARD,False,,,,,,,,False,False,False
WS:US:TKR,Timken,US_SP1500,,,TKR,TKR,US_SOURCE_DIRECT,TKR,US_SOURCE_DIRECT,CARRY_FORWARD,False,,,,,,,,False,False,False
WS:US:TLN,Talen Energy,US_SP1500,,,TLN,TLN,US_SOURCE_DIRECT,TLN,US_SOURCE_DIRECT,CARRY_FORWARD,False,,,,,,,,False,False,False
WS:US:TMDX,"TransMedics Group, Inc.",US_SP1500,,,TMDX,TMDX,US_SOURCE_DIRECT,TMDX,US_SOURCE_DIRECT,CARRY_FORWARD,False,,,,,,,,False,False,False
WS:US:TMO,Thermo Fisher Scientific,US_SP1500,,,TMO,TMO,US_SOURCE_DIRECT,TMO,US_SOURCE_DIRECT,CARRY_FORWARD,False,,,,,,,,False,False,False
WS:US:TMP,Tompkins Financial Corporation,US_SP1500,,,TMP,TMP,US_SOURCE_DIRECT,TMP,US_SOURCE_DIRECT,CARRY_FORWARD,False,,,,,,,,False,False,False
WS:US:TMUS,T-Mobile US,US_SP1500,,,TMUS,TMUS,US_SOURCE_DIRECT,TMUS,US_SOURCE_DIRECT,CARRY_FORWARD,False,,,,,,,,False,False,False
WS:US:TNC,Tennant Company,US_SP1500,,,TNC,TNC,US_SOURCE_DIRECT,TNC,US_SOURCE_DIRECT,CARRY_FORWARD,False,,,,,,,,False,False,False
WS:US:TNDM,Tandem Diabetes Care,US_SP1500,,,TNDM,TNDM,US_SOURCE_DIRECT,TNDM,US_SOURCE_DIRECT,CARRY_FORWARD,False,,,,,,,,False,False,False
WS:US:TNL,Travel + Leisure Co.,US_SP1500,,,TNL,TNL,US_SOURCE_DIRECT,TNL,US_SOURCE_DIRECT,CARRY_FORWARD,False,,,,,,,,False,False,False
WS:US:TOL,Toll Brothers,US_SP1500,,,TOL,TOL,US_SOURCE_DIRECT,TOL,US_SOURCE_DIRECT,CARRY_FORWARD,False,,,,,,,,False,False,False
WS:US:TOST,"Toast, Inc.",US_SP1500,,,TOST,TOST,US_SOURCE_DIRECT,TOST,US_SOURCE_DIRECT,CARRY_FORWARD,False,,,,,,,,False,False,False
WS:US:TPC,Tutor Perini Corporation,US_SP1500,,,TPC,TPC,US_SOURCE_DIRECT,TPC,US_SOURCE_DIRECT,CARRY_FORWARD,False,,,,,,,,False,False,False
WS:US:TPL,Texas Pacific Land Corporation,US_SP1500,,,TPL,TPL,US_SOURCE_DIRECT,TPL,US_SOURCE_DIRECT,CARRY_FORWARD,False,,,,,,,,False,False,False
WS:US:TPR,"Tapestry, Inc.",US_SP1500,,,TPR,TPR,US_SOURCE_DIRECT,TPR,US_SOURCE_DIRECT,CARRY_FORWARD,False,,,,,,,,False,False,False
WS:US:TR,"Tootsie Roll Industries, Inc.",US_SP1500,,,TR,TR,US_SOURCE_DIRECT,TR,US_SOURCE_DIRECT,CARRY_FORWARD,False,,,,,,,,False,False,False
WS:US:TREX,Trex,US_SP1500,,,TREX,TREX,US_SOURCE_DIRECT,TREX,US_SOURCE_DIRECT,CARRY_FORWARD,False,,,,,,,,False,False,False
WS:US:TRGP,Targa Resources,US_SP1500,,,TRGP,TRGP,US_SOURCE_DIRECT,TRGP,US_SOURCE_DIRECT,CARRY_FORWARD,False,,,,,,,,False,False,False
WS:US:TRIP,TripAdvisor,US_SP1500,,,TRIP,TRIP,US_SOURCE_DIRECT,TRIP,US_SOURCE_DIRECT,CARRY_FORWARD,False,,,,,,,,False,False,False
WS:US:TRMB,Trimble Inc.,US_SP1500,,,TRMB,TRMB,US_SOURCE_DIRECT,TRMB,US_SOURCE_DIRECT,CARRY_FORWARD,False,,,,,,,,False,False,False
WS:US:TRMK,Trustmark Corp.,US_SP1500,,,TRMK,TRMK,US_SOURCE_DIRECT,TRMK,US_SOURCE_DIRECT,CARRY_FORWARD,False,,,,,,,,False,False,False
WS:US:TRN,"Trinity Industries, Inc.",US_SP1500,,,TRN,TRN,US_SOURCE_DIRECT,TRN,US_SOURCE_DIRECT,CARRY_FORWARD,False,,,,,,,,False,False,False
WS:US:TRNO,Terreno Realty Corporation,US_SP1500,,,TRNO,TRNO,US_SOURCE_DIRECT,TRNO,US_SOURCE_DIRECT,CARRY_FORWARD,False,,,,,,,,False,False,False
WS:US:TROW,T. Rowe Price,US_SP1500,,,TROW,TROW,US_SOURCE_DIRECT,TROW,US_SOURCE_DIRECT,CARRY_FORWARD,False,,,,,,,,False,False,False
WS:US:TRST,TrustCo Bank Corp NY,US_SP1500,,,TRST,TRST,US_SOURCE_DIRECT,TRST,US_SOURCE_DIRECT,CARRY_FORWARD,False,,,,,,,,False,False,False
WS:US:TRU,TransUnion,US_SP1500,,,TRU,TRU,US_SOURCE_DIRECT,TRU,US_SOURCE_DIRECT,CARRY_FORWARD,False,,,,,,,,False,False,False
WS:US:TRUP,Trupanion,US_SP1500,,,TRUP,TRUP,US_SOURCE_DIRECT,TRUP,US_SOURCE_DIRECT,CARRY_FORWARD,False,,,,,,,,False,False,False
WS:US:TRV,Travelers Companies (The),US_SP1500,,,TRV,TRV,US_SOURCE_DIRECT,TRV,US_SOURCE_DIRECT,CARRY_FORWARD,False,,,,,,,,False,False,False
WS:US:TSCO,Tractor Supply,US_SP1500,,,TSCO,TSCO,US_SOURCE_DIRECT,TSCO,US_SOURCE_DIRECT,CARRY_FORWARD,False,,,,,,,,False,False,False
WS:US:TSLA,"Tesla, Inc.",US_SP1500,,,TSLA,TSLA,US_SOURCE_DIRECT,TSLA,US_SOURCE_DIRECT,CARRY_FORWARD,False,,,,,,,,False,False,False
WS:US:TSN,Tyson Foods,US_SP1500,,,TSN,TSN,US_SOURCE_DIRECT,TSN,US_SOURCE_DIRECT,CARRY_FORWARD,False,,,,,,,,False,False,False
WS:US:TT,Trane Technologies,US_SP1500,,,TT,TT,US_SOURCE_DIRECT,TT,US_SOURCE_DIRECT,CARRY_FORWARD,False,,,,,,,,False,False,False
WS:US:TTC,Toro,US_SP1500,,,TTC,TTC,US_SOURCE_DIRECT,TTC,US_SOURCE_DIRECT,CARRY_FORWARD,False,,,,,,,,False,False,False
WS:US:TTD,Trade Desk (The),US_SP1500,,,TTD,TTD,US_SOURCE_DIRECT,TTD,US_SOURCE_DIRECT,CARRY_FORWARD,False,,,,,,,,False,False,False
WS:US:TTEK,Tetra Tech,US_SP1500,,,TTEK,TTEK,US_SOURCE_DIRECT,TTEK,US_SOURCE_DIRECT,CARRY_FORWARD,False,,,,,,,,False,False,False
WS:US:TTMI,TTM Technologies,US_SP1500,,,TTMI,TTMI,US_SOURCE_DIRECT,TTMI,US_SOURCE_DIRECT,CARRY_FORWARD,False,,,,,,,,False,False,False
WS:US:TTWO,Take-Two Interactive,US_SP1500,,,TTWO,TTWO,US_SOURCE_DIRECT,TTWO,US_SOURCE_DIRECT,CARRY_FORWARD,False,,,,,,,,False,False,False
WS:US:TWLO,Twilio,US_SP1500,,,TWLO,TWLO,US_SOURCE_DIRECT,TWLO,US_SOURCE_DIRECT,CARRY_FORWARD,False,,,,,,,,False,False,False
WS:US:TXN,Texas Instruments,US_SP1500,,,TXN,TXN,US_SOURCE_DIRECT,TXN,US_SOURCE_DIRECT,CARRY_FORWARD,False,,,,,,,,False,False,False
WS:US:TXNM,TXNM Energy,US_SP1500,,,TXNM,TXNM,US_SOURCE_DIRECT,TXNM,US_SOURCE_DIRECT,CARRY_FORWARD,False,,,,,,,,False,False,False
WS:US:TXRH,Texas Roadhouse,US_SP1500,,,TXRH,TXRH,US_SOURCE_DIRECT,TXRH,US_SOURCE_DIRECT,CARRY_FORWARD,False,,,,,,,,False,False,False
WS:US:TXT,Textron,US_SP1500,,,TXT,TXT,US_SOURCE_DIRECT,TXT,US_SOURCE_DIRECT,CARRY_FORWARD,False,,,,,,,,False,False,False
WS:US:TYL,Tyler Technologies,US_SP1500,,,TYL,TYL,US_SOURCE_DIRECT,TYL,US_SOURCE_DIRECT,CARRY_FORWARD,False,,,,,,,,False,False,False
WS:US:UA,Under Armour (Class C),US_SP1500,,,UA,UA,US_SOURCE_DIRECT,UA,US_SOURCE_DIRECT,CARRY_FORWARD,False,,,,,,,,False,False,False
WS:US:UAA,Under Armour (Class A),US_SP1500,,,UAA,UAA,US_SOURCE_DIRECT,UAA,US_SOURCE_DIRECT,CARRY_FORWARD,False,,,,,,,,False,False,False
WS:US:UAL,United Airlines Holdings,US_SP1500,,,UAL,UAL,US_SOURCE_DIRECT,UAL,US_SOURCE_DIRECT,CARRY_FORWARD,False,,,,,,,,False,False,False
WS:US:UBER,Uber,US_SP1500,,,UBER,UBER,US_SOURCE_DIRECT,UBER,US_SOURCE_DIRECT,CARRY_FORWARD,False,,,,,,,,False,False,False
WS:US:UBSI,United Bankshares,US_SP1500,,,UBSI,UBSI,US_SOURCE_DIRECT,UBSI,US_SOURCE_DIRECT,CARRY_FORWARD,False,,,,,,,,False,False,False
WS:US:UCB,"United Community Banks, Inc.",US_SP1500,,,UCB,UCB,US_SOURCE_DIRECT,UCB,US_SOURCE_DIRECT,CARRY_FORWARD,False,,,,,,,,False,False,False
WS:US:UCTT,"Ultra Clean Holdings, Inc.",US_SP1500,,,UCTT,UCTT,US_SOURCE_DIRECT,UCTT,US_SOURCE_DIRECT,CARRY_FORWARD,False,,,,,,,,False,False,False
WS:US:UDR,"UDR, Inc.",US_SP1500,,,UDR,UDR,US_SOURCE_DIRECT,UDR,US_SOURCE_DIRECT,CARRY_FORWARD,False,,,,,,,,False,False,False
WS:US:UE,Urban Edge Properties,US_SP1500,,,UE,UE,US_SOURCE_DIRECT,UE,US_SOURCE_DIRECT,CARRY_FORWARD,False,,,,,,,,False,False,False
WS:US:UFCS,"United Fire Group, Inc.",US_SP1500,,,UFCS,UFCS,US_SOURCE_DIRECT,UFCS,US_SOURCE_DIRECT,CARRY_FORWARD,False,,,,,,,,False,False,False
WS:US:UFPI,UFP Industries,US_SP1500,,,UFPI,UFPI,US_SOURCE_DIRECT,UFPI,US_SOURCE_DIRECT,CARRY_FORWARD,False,,,,,,,,False,False,False
WS:US:UFPT,"UFP Technologies, Inc.",US_SP1500,,,UFPT,UFPT,US_SOURCE_DIRECT,UFPT,US_SOURCE_DIRECT,CARRY_FORWARD,False,,,,,,,,False,False,False
WS:US:UGI,UGI Corp,US_SP1500,,,UGI,UGI,US_SOURCE_DIRECT,UGI,US_SOURCE_DIRECT,CARRY_FORWARD,False,,,,,,,,False,False,False
WS:US:UHS,Universal Health Services,US_SP1500,,,UHS,UHS,US_SOURCE_DIRECT,UHS,US_SOURCE_DIRECT,CARRY_FORWARD,False,,,,,,,,False,False,False
WS:US:ULS,UL Solutions,US_SP1500,,,ULS,ULS,US_SOURCE_DIRECT,ULS,US_SOURCE_DIRECT,CARRY_FORWARD,False,,,,,,,,False,False,False
WS:US:ULTA,Ulta Beauty,US_SP1500,,,ULTA,ULTA,US_SOURCE_DIRECT,ULTA,US_SOURCE_DIRECT,CARRY_FORWARD,False,,,,,,,,False,False,False
WS:US:UMBF,UMB Financial Corp.,US_SP1500,,,UMBF,UMBF,US_SOURCE_DIRECT,UMBF,US_SOURCE_DIRECT,CARRY_FORWARD,False,,,,,,,,False,False,False
WS:US:UNF,UniFirst Corporation,US_SP1500,,,UNF,UNF,US_SOURCE_DIRECT,UNF,US_SOURCE_DIRECT,CARRY_FORWARD,False,,,,,,,,False,False,False
WS:US:UNFI,United Natural Foods Inc,US_SP1500,,,UNFI,UNFI,US_SOURCE_DIRECT,UNFI,US_SOURCE_DIRECT,CARRY_FORWARD,False,,,,,,,,False,False,False
WS:US:UNH,UnitedHealth Group,US_SP1500,,,UNH,UNH,US_SOURCE_DIRECT,UNH,US_SOURCE_DIRECT,CARRY_FORWARD,False,,,,,,,,False,False,False
WS:US:UNIT,Uniti Group,US_SP1500,,,UNIT,UNIT,US_SOURCE_DIRECT,UNIT,US_SOURCE_DIRECT,CARRY_FORWARD,False,,,,,,,,False,False,False
WS:US:UNM,Unum,US_SP1500,,,UNM,UNM,US_SOURCE_DIRECT,UNM,US_SOURCE_DIRECT,CARRY_FORWARD,False,,,,,,,,False,False,False
WS:US:UNP,Union Pacific Corporation,US_SP1500,,,UNP,UNP,US_SOURCE_DIRECT,UNP,US_SOURCE_DIRECT,CARRY_FORWARD,False,,,,,,,,False,False,False
WS:US:UPBD,"Upbound Group, Inc.",US_SP1500,,,UPBD,UPBD,US_SOURCE_DIRECT,UPBD,US_SOURCE_DIRECT,CARRY_FORWARD,False,,,,,,,,False,False,False
WS:US:UPS,United Parcel Service,US_SP1500,,,UPS,UPS,US_SOURCE_DIRECT,UPS,US_SOURCE_DIRECT,CARRY_FORWARD,False,,,,,,,,False,False,False
WS:US:UPWK,"Upwork, Inc.",US_SP1500,,,UPWK,UPWK,US_SOURCE_DIRECT,UPWK,US_SOURCE_DIRECT,CARRY_FORWARD,False,,,,,,,,False,False,False
WS:US:URBN,"Urban Outfitters, Inc.",US_SP1500,,,URBN,URBN,US_SOURCE_DIRECT,URBN,US_SOURCE_DIRECT,CARRY_FORWARD,False,,,,,,,,False,False,False
WS:US:URI,United Rentals,US_SP1500,,,URI,URI,US_SOURCE_DIRECT,URI,US_SOURCE_DIRECT,CARRY_FORWARD,False,,,,,,,,False,False,False
WS:US:USB,U.S. Bancorp,US_SP1500,,,USB,USB,US_SOURCE_DIRECT,USB,US_SOURCE_DIRECT,CARRY_FORWARD,False,,,,,,,,False,False,False
WS:US:USFD,US Foods,US_SP1500,,,USFD,USFD,US_SOURCE_DIRECT,USFD,US_SOURCE_DIRECT,CARRY_FORWARD,False,,,,,,,,False,False,False
WS:US:USLM,"United States Lime & Minerals, Inc.",US_SP1500,,,USLM,USLM,US_SOURCE_DIRECT,USLM,US_SOURCE_DIRECT,CARRY_FORWARD,False,,,,,,,,False,False,False
WS:US:USPH,"U.S. Physical Therapy, Inc.",US_SP1500,,,USPH,USPH,US_SOURCE_DIRECT,USPH,US_SOURCE_DIRECT,CARRY_FORWARD,False,,,,,,,,False,False,False
WS:US:UTHR,United Therapeutics,US_SP1500,,,UTHR,UTHR,US_SOURCE_DIRECT,UTHR,US_SOURCE_DIRECT,CARRY_FORWARD,False,,,,,,,,False,False,False
WS:US:UTI,Universal Technical Institute,US_SP1500,,,UTI,UTI,US_SOURCE_DIRECT,UTI,US_SOURCE_DIRECT,CARRY_FORWARD,False,,,,,,,,False,False,False
WS:US:UTL,Unitil Corporation,US_SP1500,,,UTL,UTL,US_SOURCE_DIRECT,UTL,US_SOURCE_DIRECT,CARRY_FORWARD,False,,,,,,,,False,False,False
WS:US:UVV,Universal Corporation,US_SP1500,,,UVV,UVV,US_SOURCE_DIRECT,UVV,US_SOURCE_DIRECT,CARRY_FORWARD,False,,,,,,,,False,False,False
WS:US:V,Visa Inc.,US_SP1500,,,V,V,US_SOURCE_DIRECT,V,US_SOURCE_DIRECT,CARRY_FORWARD,False,,,,,,,,False,False,False
WS:US:VAC,Marriott Vacations Worldwide,US_SP1500,,,VAC,VAC,US_SOURCE_DIRECT,VAC,US_SOURCE_DIRECT,CARRY_FORWARD,False,,,,,,,,False,False,False
WS:US:VAL,Valaris,US_SP1500,,,VAL,VAL,US_SOURCE_DIRECT,VAL,US_SOURCE_DIRECT,CARRY_FORWARD,False,,,,,,,,False,False,False
WS:US:VC,Visteon,US_SP1500,,,VC,VC,US_SOURCE_DIRECT,VC,US_SOURCE_DIRECT,CARRY_FORWARD,False,,,,,,,,False,False,False
WS:US:VCEL,Vericel,US_SP1500,,,VCEL,VCEL,US_SOURCE_DIRECT,VCEL,US_SOURCE_DIRECT,CARRY_FORWARD,False,,,,,,,,False,False,False
WS:US:VCTR,"Victory Capital Holdings, Inc.",US_SP1500,,,VCTR,VCTR,US_SOURCE_DIRECT,VCTR,US_SOURCE_DIRECT,CARRY_FORWARD,False,,,,,,,,False,False,False
WS:US:VCYT,"Veracyte, Inc.",US_SP1500,,,VCYT,VCYT,US_SOURCE_DIRECT,VCYT,US_SOURCE_DIRECT,CARRY_FORWARD,False,,,,,,,,False,False,False
WS:US:VECO,Veeco Instruments Inc.,US_SP1500,,,VECO,VECO,US_SOURCE_DIRECT,VECO,US_SOURCE_DIRECT,CARRY_FORWARD,False,,,,,,,,False,False,False
WS:US:VEEV,Veeva Systems,US_SP1500,,,VEEV,VEEV,US_SOURCE_DIRECT,VEEV,US_SOURCE_DIRECT,CARRY_FORWARD,False,,,,,,,,False,False,False
WS:US:VFC,VF Corporation,US_SP1500,,,VFC,VFC,US_SOURCE_DIRECT,VFC,US_SOURCE_DIRECT,CARRY_FORWARD,False,,,,,,,,False,False,False
WS:US:VGNT,Versigent PLC,US_SP1500,,,VGNT,VGNT,US_SOURCE_DIRECT,VGNT,US_SOURCE_DIRECT,CARRY_FORWARD,False,,,,,,,,False,False,False
WS:US:VIAV,Viavi Solutions,US_SP1500,,,VIAV,VIAV,US_SOURCE_DIRECT,VIAV,US_SOURCE_DIRECT,CARRY_FORWARD,False,,,,,,,,False,False,False
WS:US:VICI,Vici Properties,US_SP1500,,,VICI,VICI,US_SOURCE_DIRECT,VICI,US_SOURCE_DIRECT,CARRY_FORWARD,False,,,,,,,,False,False,False
WS:US:VICR,Vicor Corporation,US_SP1500,,,VICR,VICR,US_SOURCE_DIRECT,VICR,US_SOURCE_DIRECT,CARRY_FORWARD,False,,,,,,,,False,False,False
WS:US:VIR,"Vir Biotechnology, Inc.",US_SP1500,,,VIR,VIR,US_SOURCE_DIRECT,VIR,US_SOURCE_DIRECT,CARRY_FORWARD,False,,,,,,,,False,False,False
WS:US:VIRT,"Virtu Financial, Inc.",US_SP1500,,,VIRT,VIRT,US_SOURCE_DIRECT,VIRT,US_SOURCE_DIRECT,CARRY_FORWARD,False,,,,,,,,False,False,False
WS:US:VLO,Valero Energy,US_SP1500,,,VLO,VLO,US_SOURCE_DIRECT,VLO,US_SOURCE_DIRECT,CARRY_FORWARD,False,,,,,,,,False,False,False
WS:US:VLTO,Veralto,US_SP1500,,,VLTO,VLTO,US_SOURCE_DIRECT,VLTO,US_SOURCE_DIRECT,CARRY_FORWARD,False,,,,,,,,False,False,False
WS:US:VLY,Valley Bank,US_SP1500,,,VLY,VLY,US_SOURCE_DIRECT,VLY,US_SOURCE_DIRECT,CARRY_FORWARD,False,,,,,,,,False,False,False
WS:US:VMC,Vulcan Materials Company,US_SP1500,,,VMC,VMC,US_SOURCE_DIRECT,VMC,US_SOURCE_DIRECT,CARRY_FORWARD,False,,,,,,,,False,False,False
WS:US:VMI,Valmont Industries,US_SP1500,,,VMI,VMI,US_SOURCE_DIRECT,VMI,US_SOURCE_DIRECT,CARRY_FORWARD,False,,,,,,,,False,False,False
WS:US:VMRK,Vivmark Residential,US_SP1500,,,VMRK,VMRK,US_SOURCE_DIRECT,VMRK,US_SOURCE_DIRECT,CARRY_FORWARD,False,,,,,,,,False,False,False
WS:US:VNO,Vornado Realty Trust,US_SP1500,,,VNO,VNO,US_SOURCE_DIRECT,VNO,US_SOURCE_DIRECT,CARRY_FORWARD,False,,,,,,,,False,False,False
WS:US:VNOM,Viper Energy,US_SP1500,,,VNOM,VNOM,US_SOURCE_DIRECT,VNOM,US_SOURCE_DIRECT,CARRY_FORWARD,False,,,,,,,,False,False,False
WS:US:VNT,Vontier,US_SP1500,,,VNT,VNT,US_SOURCE_DIRECT,VNT,US_SOURCE_DIRECT,CARRY_FORWARD,False,,,,,,,,False,False,False
WS:US:VOYA,Voya Financial,US_SP1500,,,VOYA,VOYA,US_SOURCE_DIRECT,VOYA,US_SOURCE_DIRECT,CARRY_FORWARD,False,,,,,,,,False,False,False
WS:US:VRRM,Verra Mobility Corporation,US_SP1500,,,VRRM,VRRM,US_SOURCE_DIRECT,VRRM,US_SOURCE_DIRECT,CARRY_FORWARD,False,,,,,,,,False,False,False
WS:US:VRSK,Verisk Analytics,US_SP1500,,,VRSK,VRSK,US_SOURCE_DIRECT,VRSK,US_SOURCE_DIRECT,CARRY_FORWARD,False,,,,,,,,False,False,False
WS:US:VRSN,Verisign,US_SP1500,,,VRSN,VRSN,US_SOURCE_DIRECT,VRSN,US_SOURCE_DIRECT,CARRY_FORWARD,False,,,,,,,,False,False,False
WS:US:VRT,Vertiv,US_SP1500,,,VRT,VRT,US_SOURCE_DIRECT,VRT,US_SOURCE_DIRECT,CARRY_FORWARD,False,,,,,,,,False,False,False
WS:US:VRTS,"Virtus Investment Partners, Inc.",US_SP1500,,,VRTS,VRTS,US_SOURCE_DIRECT,VRTS,US_SOURCE_DIRECT,CARRY_FORWARD,False,,,,,,,,False,False,False
WS:US:VRTX,Vertex Pharmaceuticals,US_SP1500,,,VRTX,VRTX,US_SOURCE_DIRECT,VRTX,US_SOURCE_DIRECT,CARRY_FORWARD,False,,,,,,,,False,False,False
WS:US:VSAT,"Viasat, Inc.",US_SP1500,,,VSAT,VSAT,US_SOURCE_DIRECT,VSAT,US_SOURCE_DIRECT,CARRY_FORWARD,False,,,,,,,,False,False,False
WS:US:VSEC,VSE Corporation,US_SP1500,,,VSEC,VSEC,US_SOURCE_DIRECT,VSEC,US_SOURCE_DIRECT,CARRY_FORWARD,False,,,,,,,,False,False,False
WS:US:VSH,Vishay Intertechnology,US_SP1500,,,VSH,VSH,US_SOURCE_DIRECT,VSH,US_SOURCE_DIRECT,CARRY_FORWARD,False,,,,,,,,False,False,False
WS:US:VSNT,"Versant Media Group, Inc.",US_SP1500,,,VSNT,VSNT,US_SOURCE_DIRECT,VSNT,US_SOURCE_DIRECT,CARRY_FORWARD,False,,,,,,,,False,False,False
WS:US:VST,Vistra Corp.,US_SP1500,,,VST,VST,US_SOURCE_DIRECT,VST,US_SOURCE_DIRECT,CARRY_FORWARD,False,,,,,,,,False,False,False
WS:US:VSTS,Vestis,US_SP1500,,,VSTS,VSTS,US_SOURCE_DIRECT,VSTS,US_SOURCE_DIRECT,CARRY_FORWARD,False,,,,,,,,False,False,False
WS:US:VSXY,Victoria's Secret,US_SP1500,,,VSXY,VSXY,US_SOURCE_DIRECT,VSXY,US_SOURCE_DIRECT,CARRY_FORWARD,False,,,,,,,,False,False,False
WS:US:VTOL,Bristow Group Inc.,US_SP1500,,,VTOL,VTOL,US_SOURCE_DIRECT,VTOL,US_SOURCE_DIRECT,CARRY_FORWARD,False,,,,,,,,False,False,False
WS:US:VTR,Ventas,US_SP1500,,,VTR,VTR,US_SOURCE_DIRECT,VTR,US_SOURCE_DIRECT,CARRY_FORWARD,False,,,,,,,,False,False,False
WS:US:VTRS,Viatris,US_SP1500,,,VTRS,VTRS,US_SOURCE_DIRECT,VTRS,US_SOURCE_DIRECT,CARRY_FORWARD,False,,,,,,,,False,False,False
WS:US:VVV,Valvoline,US_SP1500,,,VVV,VVV,US_SOURCE_DIRECT,VVV,US_SOURCE_DIRECT,CARRY_FORWARD,False,,,,,,,,False,False,False
WS:US:VVX,"V2X, Inc.",US_SP1500,,,VVX,VVX,US_SOURCE_DIRECT,VVX,US_SOURCE_DIRECT,CARRY_FORWARD,False,,,,,,,,False,False,False
WS:US:VYX,NCR Voyix,US_SP1500,,,VYX,VYX,US_SOURCE_DIRECT,VYX,US_SOURCE_DIRECT,CARRY_FORWARD,False,,,,,,,,False,False,False
WS:US:VZ,Verizon,US_SP1500,,,VZ,VZ,US_SOURCE_DIRECT,VZ,US_SOURCE_DIRECT,CARRY_FORWARD,False,,,,,,,,False,False,False
WS:US:WAB,Wabtec,US_SP1500,,,WAB,WAB,US_SOURCE_DIRECT,WAB,US_SOURCE_DIRECT,CARRY_FORWARD,False,,,,,,,,False,False,False
WS:US:WABC,Westamerica Bank,US_SP1500,,,WABC,WABC,US_SOURCE_DIRECT,WABC,US_SOURCE_DIRECT,CARRY_FORWARD,False,,,,,,,,False,False,False
WS:US:WAFD,"WaFd, Inc.",US_SP1500,,,WAFD,WAFD,US_SOURCE_DIRECT,WAFD,US_SOURCE_DIRECT,CARRY_FORWARD,False,,,,,,,,False,False,False
WS:US:WAL,Western Alliance Bancorporation,US_SP1500,,,WAL,WAL,US_SOURCE_DIRECT,WAL,US_SOURCE_DIRECT,CARRY_FORWARD,False,,,,,,,,False,False,False
WS:US:WAT,Waters Corporation,US_SP1500,,,WAT,WAT,US_SOURCE_DIRECT,WAT,US_SOURCE_DIRECT,CARRY_FORWARD,False,,,,,,,,False,False,False
WS:US:WAY,Waystar Holding Corp,US_SP1500,,,WAY,WAY,US_SOURCE_DIRECT,WAY,US_SOURCE_DIRECT,CARRY_FORWARD,False,,,,,,,,False,False,False
WS:US:WBD,Warner Bros. Discovery,US_SP1500,,,WBD,WBD,US_SOURCE_DIRECT,WBD,US_SOURCE_DIRECT,CARRY_FORWARD,False,,,,,,,,False,False,False
WS:US:WBS,Webster Bank,US_SP1500,,,WBS,WBS,US_SOURCE_DIRECT,WBS,US_SOURCE_DIRECT,CARRY_FORWARD,False,,,,,,,,False,False,False
WS:US:WCC,WESCO International,US_SP1500,,,WCC,WCC,US_SOURCE_DIRECT,WCC,US_SOURCE_DIRECT,CARRY_FORWARD,False,,,,,,,,False,False,False
WS:US:WD,"Walker & Dunlop, Inc.",US_SP1500,,,WD,WD,US_SOURCE_DIRECT,WD,US_SOURCE_DIRECT,CARRY_FORWARD,False,,,,,,,,False,False,False
WS:US:WDAY,"Workday, Inc.",US_SP1500,,,WDAY,WDAY,US_SOURCE_DIRECT,WDAY,US_SOURCE_DIRECT,CARRY_FORWARD,False,,,,,,,,False,False,False
WS:US:WDC,Western Digital,US_SP1500,,,WDC,WDC,US_SOURCE_DIRECT,WDC,US_SOURCE_DIRECT,CARRY_FORWARD,False,,,,,,,,False,False,False
WS:US:WDFC,WD-40 Company,US_SP1500,,,WDFC,WDFC,US_SOURCE_DIRECT,WDFC,US_SOURCE_DIRECT,CARRY_FORWARD,False,,,,,,,,False,False,False
WS:US:WEC,WEC Energy Group,US_SP1500,,,WEC,WEC,US_SOURCE_DIRECT,WEC,US_SOURCE_DIRECT,CARRY_FORWARD,False,,,,,,,,False,False,False
WS:US:WELL,Welltower,US_SP1500,,,WELL,WELL,US_SOURCE_DIRECT,WELL,US_SOURCE_DIRECT,CARRY_FORWARD,False,,,,,,,,False,False,False
WS:US:WEN,The Wendy's Company,US_SP1500,,,WEN,WEN,US_SOURCE_DIRECT,WEN,US_SOURCE_DIRECT,CARRY_FORWARD,False,,,,,,,,False,False,False
WS:US:WERN,Werner Enterprises,US_SP1500,,,WERN,WERN,US_SOURCE_DIRECT,WERN,US_SOURCE_DIRECT,CARRY_FORWARD,False,,,,,,,,False,False,False
WS:US:WEX,WEX Inc.,US_SP1500,,,WEX,WEX,US_SOURCE_DIRECT,WEX,US_SOURCE_DIRECT,CARRY_FORWARD,False,,,,,,,,False,False,False
WS:US:WFC,Wells Fargo,US_SP1500,,,WFC,WFC,US_SOURCE_DIRECT,WFC,US_SOURCE_DIRECT,CARRY_FORWARD,False,,,,,,,,False,False,False
WS:US:WFRD,Weatherford International,US_SP1500,,,WFRD,WFRD,US_SOURCE_DIRECT,WFRD,US_SOURCE_DIRECT,CARRY_FORWARD,False,,,,,,,,False,False,False
WS:US:WGO,"Winnebago Industries, Inc.",US_SP1500,,,WGO,WGO,US_SOURCE_DIRECT,WGO,US_SOURCE_DIRECT,CARRY_FORWARD,False,,,,,,,,False,False,False
WS:US:WH,Wyndham Hotels & Resorts,US_SP1500,,,WH,WH,US_SOURCE_DIRECT,WH,US_SOURCE_DIRECT,CARRY_FORWARD,False,,,,,,,,False,False,False
WS:US:WHD,"Cactus, Inc.",US_SP1500,,,WHD,WHD,US_SOURCE_DIRECT,WHD,US_SOURCE_DIRECT,CARRY_FORWARD,False,,,,,,,,False,False,False
WS:US:WHR,Whirlpool Corporation,US_SP1500,,,WHR,WHR,US_SOURCE_DIRECT,WHR,US_SOURCE_DIRECT,CARRY_FORWARD,False,,,,,,,,False,False,False
WS:US:WINA,Winmark,US_SP1500,,,WINA,WINA,US_SOURCE_DIRECT,WINA,US_SOURCE_DIRECT,CARRY_FORWARD,False,,,,,,,,False,False,False
WS:US:WING,Wingstop,US_SP1500,,,WING,WING,US_SOURCE_DIRECT,WING,US_SOURCE_DIRECT,CARRY_FORWARD,False,,,,,,,,False,False,False
WS:US:WKC,World Kinect Corporation,US_SP1500,,,WKC,WKC,US_SOURCE_DIRECT,WKC,US_SOURCE_DIRECT,CARRY_FORWARD,False,,,,,,,,False,False,False
WS:US:WLK,Westlake Corporation,US_SP1500,,,WLK,WLK,US_SOURCE_DIRECT,WLK,US_SOURCE_DIRECT,CARRY_FORWARD,False,,,,,,,,False,False,False
WS:US:WLY,John Wiley & Sons,US_SP1500,,,WLY,WLY,US_SOURCE_DIRECT,WLY,US_SOURCE_DIRECT,CARRY_FORWARD,False,,,,,,,,False,False,False
WS:US:WM,Waste Management,US_SP1500,,,WM,WM,US_SOURCE_DIRECT,WM,US_SOURCE_DIRECT,CARRY_FORWARD,False,,,,,,,,False,False,False
WS:US:WMB,Williams Companies,US_SP1500,,,WMB,WMB,US_SOURCE_DIRECT,WMB,US_SOURCE_DIRECT,CARRY_FORWARD,False,,,,,,,,False,False,False
WS:US:WMG,Warner Music Group,US_SP1500,,,WMG,WMG,US_SOURCE_DIRECT,WMG,US_SOURCE_DIRECT,CARRY_FORWARD,False,,,,,,,,False,False,False
WS:US:WMS,Advanced Drainage Systems,US_SP1500,,,WMS,WMS,US_SOURCE_DIRECT,WMS,US_SOURCE_DIRECT,CARRY_FORWARD,False,,,,,,,,False,False,False
WS:US:WMT,Walmart,US_SP1500,,,WMT,WMT,US_SOURCE_DIRECT,WMT,US_SOURCE_DIRECT,CARRY_FORWARD,False,,,,,,,,False,False,False
WS:US:WOR,Worthington Enterprises,US_SP1500,,,WOR,WOR,US_SOURCE_DIRECT,WOR,US_SOURCE_DIRECT,CARRY_FORWARD,False,,,,,,,,False,False,False
WS:US:WPC,W. P. Carey,US_SP1500,,,WPC,WPC,US_SOURCE_DIRECT,WPC,US_SOURCE_DIRECT,CARRY_FORWARD,False,,,,,,,,False,False,False
WS:US:WRB,W. R. Berkley Corporation,US_SP1500,,,WRB,WRB,US_SOURCE_DIRECT,WRB,US_SOURCE_DIRECT,CARRY_FORWARD,False,,,,,,,,False,False,False
WS:US:WRBY,Warby Parker,US_SP1500,,,WRBY,WRBY,US_SOURCE_DIRECT,WRBY,US_SOURCE_DIRECT,CARRY_FORWARD,False,,,,,,,,False,False,False
WS:US:WRLD,World Acceptance Corporation,US_SP1500,,,WRLD,WRLD,US_SOURCE_DIRECT,WRLD,US_SOURCE_DIRECT,CARRY_FORWARD,False,,,,,,,,False,False,False
WS:US:WS,Worthington Steel,US_SP1500,,,WS,WS,US_SOURCE_DIRECT,WS,US_SOURCE_DIRECT,CARRY_FORWARD,False,,,,,,,,False,False,False
WS:US:WSBC,WesBanco,US_SP1500,,,WSBC,WSBC,US_SOURCE_DIRECT,WSBC,US_SOURCE_DIRECT,CARRY_FORWARD,False,,,,,,,,False,False,False
WS:US:WSC,WillScot Holdings Corp.,US_SP1500,,,WSC,WSC,US_SOURCE_DIRECT,WSC,US_SOURCE_DIRECT,CARRY_FORWARD,False,,,,,,,,False,False,False
WS:US:WSFS,WSFS Financial Corporation,US_SP1500,,,WSFS,WSFS,US_SOURCE_DIRECT,WSFS,US_SOURCE_DIRECT,CARRY_FORWARD,False,,,,,,,,False,False,False
WS:US:WSM,"Williams-Sonoma, Inc.",US_SP1500,,,WSM,WSM,US_SOURCE_DIRECT,WSM,US_SOURCE_DIRECT,CARRY_FORWARD,False,,,,,,,,False,False,False
WS:US:WSO,Watsco,US_SP1500,,,WSO,WSO,US_SOURCE_DIRECT,WSO,US_SOURCE_DIRECT,CARRY_FORWARD,False,,,,,,,,False,False,False
WS:US:WST,West Pharmaceutical Services,US_SP1500,,,WST,WST,US_SOURCE_DIRECT,WST,US_SOURCE_DIRECT,CARRY_FORWARD,False,,,,,,,,False,False,False
WS:US:WT,"WisdomTree Investments, Inc.",US_SP1500,,,WT,WT,US_SOURCE_DIRECT,WT,US_SOURCE_DIRECT,CARRY_FORWARD,False,,,,,,,,False,False,False
WS:US:WTFC,Wintrust Financial,US_SP1500,,,WTFC,WTFC,US_SOURCE_DIRECT,WTFC,US_SOURCE_DIRECT,CARRY_FORWARD,False,,,,,,,,False,False,False
WS:US:WTRG,Essential Utilities,US_SP1500,,,WTRG,WTRG,US_SOURCE_DIRECT,WTRG,US_SOURCE_DIRECT,CARRY_FORWARD,False,,,,,,,,False,False,False
WS:US:WTS,Watts Water Technologies,US_SP1500,,,WTS,WTS,US_SOURCE_DIRECT,WTS,US_SOURCE_DIRECT,CARRY_FORWARD,False,,,,,,,,False,False,False
WS:US:WTW,Willis Towers Watson,US_SP1500,,,WTW,WTW,US_SOURCE_DIRECT,WTW,US_SOURCE_DIRECT,CARRY_FORWARD,False,,,,,,,,False,False,False
WS:US:WU,Western Union,US_SP1500,,,WU,WU,US_SOURCE_DIRECT,WU,US_SOURCE_DIRECT,CARRY_FORWARD,False,,,,,,,,False,False,False
WS:US:WWD,"Woodward, Inc.",US_SP1500,,,WWD,WWD,US_SOURCE_DIRECT,WWD,US_SOURCE_DIRECT,CARRY_FORWARD,False,,,,,,,,False,False,False
WS:US:WWW,"Wolverine World Wide, Inc.",US_SP1500,,,WWW,WWW,US_SOURCE_DIRECT,WWW,US_SOURCE_DIRECT,CARRY_FORWARD,False,,,,,,,,False,False,False
WS:US:WY,Weyerhaeuser,US_SP1500,,,WY,WY,US_SOURCE_DIRECT,WY,US_SOURCE_DIRECT,CARRY_FORWARD,False,,,,,,,,False,False,False
WS:US:WYNN,Wynn Resorts,US_SP1500,,,WYNN,WYNN,US_SOURCE_DIRECT,WYNN,US_SOURCE_DIRECT,CARRY_FORWARD,False,,,,,,,,False,False,False
WS:US:XEL,Xcel Energy,US_SP1500,,,XEL,XEL,US_SOURCE_DIRECT,XEL,US_SOURCE_DIRECT,CARRY_FORWARD,False,,,,,,,,False,False,False
WS:US:XHR,"Xenia Hotels & Resorts, Inc.",US_SP1500,,,XHR,XHR,US_SOURCE_DIRECT,XHR,US_SOURCE_DIRECT,CARRY_FORWARD,False,,,,,,,,False,False,False
WS:US:XNCR,Xencor Inc,US_SP1500,,,XNCR,XNCR,US_SOURCE_DIRECT,XNCR,US_SOURCE_DIRECT,CARRY_FORWARD,False,,,,,,,,False,False,False
WS:US:XOM,ExxonMobil,US_SP1500,,,XOM,XOM,US_SOURCE_DIRECT,XOM,US_SOURCE_DIRECT,CARRY_FORWARD,False,,,,,,,,False,False,False
WS:US:XPEL,"XPEL, Inc.",US_SP1500,,,XPEL,XPEL,US_SOURCE_DIRECT,XPEL,US_SOURCE_DIRECT,CARRY_FORWARD,False,,,,,,,,False,False,False
WS:US:XPO,"XPO, Inc.",US_SP1500,,,XPO,XPO,US_SOURCE_DIRECT,XPO,US_SOURCE_DIRECT,CARRY_FORWARD,False,,,,,,,,False,False,False
WS:US:XRAY,Dentsply Sirona,US_SP1500,,,XRAY,XRAY,US_SOURCE_DIRECT,XRAY,US_SOURCE_DIRECT,CARRY_FORWARD,False,,,,,,,,False,False,False
WS:US:XYL,Xylem Inc.,US_SP1500,,,XYL,XYL,US_SOURCE_DIRECT,XYL,US_SOURCE_DIRECT,CARRY_FORWARD,False,,,,,,,,False,False,False
WS:US:XYZ,"Block, Inc.",US_SP1500,,,XYZ,XYZ,US_SOURCE_DIRECT,XYZ,US_SOURCE_DIRECT,CARRY_FORWARD,False,,,,,,,,False,False,False
WS:US:YELP,"Yelp, Inc.",US_SP1500,,,YELP,YELP,US_SOURCE_DIRECT,YELP,US_SOURCE_DIRECT,CARRY_FORWARD,False,,,,,,,,False,False,False
WS:US:YETI,Yeti Holdings,US_SP1500,,,YETI,YETI,US_SOURCE_DIRECT,YETI,US_SOURCE_DIRECT,CARRY_FORWARD,False,,,,,,,,False,False,False
WS:US:YOU,"Clear Secure, Inc.",US_SP1500,,,YOU,YOU,US_SOURCE_DIRECT,YOU,US_SOURCE_DIRECT,CARRY_FORWARD,False,,,,,,,,False,False,False
WS:US:YUM,Yum! Brands,US_SP1500,,,YUM,YUM,US_SOURCE_DIRECT,YUM,US_SOURCE_DIRECT,CARRY_FORWARD,False,,,,,,,,False,False,False
WS:US:ZBH,Zimmer Biomet,US_SP1500,,,ZBH,ZBH,US_SOURCE_DIRECT,ZBH,US_SOURCE_DIRECT,CARRY_FORWARD,False,,,,,,,,False,False,False
WS:US:ZBRA,Zebra Technologies,US_SP1500,,,ZBRA,ZBRA,US_SOURCE_DIRECT,ZBRA,US_SOURCE_DIRECT,CARRY_FORWARD,False,,,,,,,,False,False,False
WS:US:ZD,Ziff Davis,US_SP1500,,,ZD,ZD,US_SOURCE_DIRECT,ZD,US_SOURCE_DIRECT,CARRY_FORWARD,False,,,,,,,,False,False,False
WS:US:ZION,Zions Bancorporation,US_SP1500,,,ZION,ZION,US_SOURCE_DIRECT,ZION,US_SOURCE_DIRECT,CARRY_FORWARD,False,,,,,,,,False,False,False
WS:US:ZTS,Zoetis,US_SP1500,,,ZTS,ZTS,US_SOURCE_DIRECT,ZTS,US_SOURCE_DIRECT,CARRY_FORWARD,False,,,,,,,,False,False,False
WS:US:ZWS,Zurn Elkay Water Solutions Corp.,US_SP1500,,,ZWS,ZWS,US_SOURCE_DIRECT,ZWS,US_SOURCE_DIRECT,CARRY_FORWARD,False,,,,,,,,False,False,False
WS:SRC:ZA_TOP40:119B9827CB58256B,Valterra Platinum,ZA_TOP40,South Africa,XJSE,,VAL.JO,SEARCH_HIGH_CONFIDENCE,VAL.JO,SECOND_PASS_REVALIDATED_JSE,JSE_UNIQUE_MARKET_SEARCH,True,JSE_UNIQUE_MARKET_EQUITY,Valterra Platinum Limited,JNB,1.0,,1,WS:XJSE:VAL,False,False,False
WS:SRC:ZA_TOP40:13F6B84E5B9DFB4E,Investec PLC,ZA_TOP40,South Africa,XJSE,,INP.JO,SEARCH_HIGH_CONFIDENCE,INP.JO,SECOND_PASS_REVALIDATED_JSE,JSE_UNIQUE_MARKET_SEARCH,True,JSE_UNIQUE_MARKET_EQUITY,Investec Group,JNB,0.727273,,1,WS:XJSE:INP,False,False,False
WS:SRC:ZA_TOP40:1A236465C92C27FB,Bidvest Group,ZA_TOP40,South Africa,XJSE,,BVT.JO,SEARCH_HIGH_CONFIDENCE,BVT.JO,SECOND_PASS_REVALIDATED_JSE,JSE_UNIQUE_MARKET_SEARCH,True,JSE_UNIQUE_MARKET_EQUITY,The Bidvest Group Limited,JNB,1.0,,1,WS:XJSE:BVT,False,False,False
WS:SRC:ZA_TOP40:1A460F7B08BC8A81,Anglogold Ashanti,ZA_TOP40,South Africa,XJSE,,ANG.JO,SEARCH_HIGH_CONFIDENCE,ANG.JO,SECOND_PASS_REVALIDATED_JSE,JSE_UNIQUE_MARKET_SEARCH,True,JSE_UNIQUE_MARKET_EQUITY,AngloGold Ashanti plc,JNB,1.0,,1,WS:XJSE:ANG,False,False,False
WS:SRC:ZA_TOP40:1EFE66E75F1BEAE6,NEPI Rockcastle,ZA_TOP40,South Africa,XJSE,,NRP.JO,SEARCH_HIGH_CONFIDENCE,NRP.JO,SECOND_PASS_REVALIDATED_JSE,JSE_UNIQUE_MARKET_SEARCH,True,JSE_UNIQUE_MARKET_EQUITY,NEPI Rockcastle N.V.,JNB,0.882353,,1,WS:XJSE:NRP,False,False,False
WS:SRC:ZA_TOP40:226ACE3524DC99B3,Investec Ltd,ZA_TOP40,South Africa,XJSE,,,SEARCH_AMBIGUOUS,,JSE_MULTI_SECURITY_REVIEW,JSE_REVALIDATION_REVIEW,True,JSE_MULTI_SECURITY_REVIEW,,,,,2,,True,False,True
WS:SRC:ZA_TOP40:269DEF2006BCDC3A,Implats,ZA_TOP40,South Africa,XJSE,,,SEARCH_NO_QUOTES,,JSE_NO_UNIQUE_MARKET_EQUITY,JSE_REVALIDATION_REVIEW,True,JSE_NO_UNIQUE_MARKET_EQUITY,,,,,0,,True,False,True
WS:SRC:ZA_TOP40:2DF0FDC7A9EB6AF3,AB InBev,ZA_TOP40,South Africa,XJSE,,,SEARCH_AMBIGUOUS,,JSE_NO_UNIQUE_MARKET_EQUITY,JSE_REVALIDATION_REVIEW,True,JSE_NO_UNIQUE_MARKET_EQUITY,,,,,0,,True,False,True
WS:SRC:ZA_TOP40:302AA746912AD383,Prosus,ZA_TOP40,South Africa,XJSE,,,SEARCH_AMBIGUOUS,PRX.JO,SECOND_PASS_REVALIDATED_JSE,JSE_UNIQUE_MARKET_SEARCH,True,JSE_UNIQUE_MARKET_EQUITY,Prosus N.V.,JNB,0.75,,1,WS:XJSE:PRX,False,False,False
WS:SRC:ZA_TOP40:3372028E3DD353C9,Absa Group,ZA_TOP40,South Africa,XJSE,,,SEARCH_AMBIGUOUS,,JSE_NO_UNIQUE_MARKET_EQUITY,JSE_REVALIDATION_REVIEW,True,JSE_NO_UNIQUE_MARKET_EQUITY,,,,,0,,True,False,True
WS:SRC:ZA_TOP40:3598A879F2EA6E99,Sanlam,ZA_TOP40,South Africa,XJSE,,,SEARCH_AMBIGUOUS,,JSE_NO_UNIQUE_MARKET_EQUITY,JSE_REVALIDATION_REVIEW,True,JSE_NO_UNIQUE_MARKET_EQUITY,,,,,0,,True,False,True
WS:SRC:ZA_TOP40:3A0242B9DA294CBC,Nedbank,ZA_TOP40,South Africa,XJSE,,NED.JO,SEARCH_HIGH_CONFIDENCE,NED.JO,SECOND_PASS_REVALIDATED_JSE,JSE_UNIQUE_MARKET_SEARCH,True,JSE_UNIQUE_MARKET_EQUITY,Nedbank Group Limited,JNB,0.725,,1,WS:XJSE:NED,False,False,False
WS:SRC:ZA_TOP40:3CA42D3A25639D8E,Sasol,ZA_TOP40,South Africa,XJSE,,SOLBE1.JO,SEARCH_HIGH_CONFIDENCE,SOLBE1.JO,SECOND_PASS_REVALIDATED_JSE,JSE_UNIQUE_MARKET_SEARCH,True,JSE_UNIQUE_MARKET_EQUITY,Sasol Limited,JNB,1.0,,1,WS:XJSE:SOLBE1,False,False,False
WS:SRC:ZA_TOP40:5F247CB49B9B155E,Vodacom,ZA_TOP40,South Africa,XJSE,,VOD.JO,SEARCH_HIGH_CONFIDENCE,VOD.JO,SECOND_PASS_REVALIDATED_JSE,JSE_UNIQUE_MARKET_SEARCH,True,JSE_UNIQUE_MARKET_EQUITY,Vodacom Group Limited,JNB,0.725,,1,WS:XJSE:VOD,False,False,False
WS:SRC:ZA_TOP40:670585B513E60D68,Woolworths Holdings,ZA_TOP40,South Africa,XJSE,,WHL.JO,SEARCH_HIGH_CONFIDENCE,WHL.JO,SECOND_PASS_REVALIDATED_JSE,JSE_UNIQUE_MARKET_SEARCH,True,JSE_UNIQUE_MARKET_EQUITY,Woolworths Holdings Limited,JNB,1.0,,1,WS:XJSE:WHL,False,False,False
WS:SRC:ZA_TOP40:72B40FB15EDACCA3,Clicks,ZA_TOP40,South Africa,XJSE,,CLS.JO,SEARCH_HIGH_CONFIDENCE,CLS.JO,SECOND_PASS_REVALIDATED_JSE,JSE_UNIQUE_MARKET_SEARCH,True,JSE_UNIQUE_MARKET_EQUITY,Clicks Group Limited,JNB,0.725,,1,WS:XJSE:CLS,False,False,False
WS:SRC:ZA_TOP40:8096AB44770BB485,MultiChoice,ZA_TOP40,South Africa,XJSE,,,SEARCH_NO_QUOTES,,JSE_NO_UNIQUE_MARKET_EQUITY,JSE_REVALIDATION_REVIEW,True,JSE_NO_UNIQUE_MARKET_EQUITY,,,,,0,,True,False,True
WS:SRC:ZA_TOP40:826AEDDC44AC58D6,RMH,ZA_TOP40,South Africa,XJSE,,,SEARCH_AMBIGUOUS,,JSE_NO_UNIQUE_MARKET_EQUITY,JSE_REVALIDATION_REVIEW,True,JSE_NO_UNIQUE_MARKET_EQUITY,,,,,0,,True,False,True
WS:SRC:ZA_TOP40:856ED7B9E6CBDE42,Glencore,ZA_TOP40,South Africa,XJSE,,GLN.JO,SEARCH_HIGH_CONFIDENCE,GLN.JO,SECOND_PASS_REVALIDATED_JSE,JSE_UNIQUE_MARKET_SEARCH,True,JSE_UNIQUE_MARKET_EQUITY,Glencore plc,JNB,1.0,,1,WS:XJSE:GLN,False,False,False
WS:SRC:ZA_TOP40:8D915874D6D1F74D,Growthpoint Properties,ZA_TOP40,South Africa,XJSE,,,SEARCH_AMBIGUOUS,,JSE_NO_UNIQUE_MARKET_EQUITY,JSE_REVALIDATION_REVIEW,True,JSE_NO_UNIQUE_MARKET_EQUITY,,,,,0,,True,False,True
WS:SRC:ZA_TOP40:92DB8C1EE0FA61A7,Exxaro,ZA_TOP40,South Africa,XJSE,,,SEARCH_AMBIGUOUS,EXX.JO,SECOND_PASS_REVALIDATED_JSE,JSE_UNIQUE_MARKET_SEARCH,True,JSE_UNIQUE_MARKET_EQUITY,Exxaro Resources Limited,JNB,0.725,,1,WS:XJSE:EXX,False,False,False
WS:SRC:ZA_TOP40:9CADEA732F4AE055,Remgro,ZA_TOP40,South Africa,XJSE,,REM.JO,SEARCH_HIGH_CONFIDENCE,REM.JO,SECOND_PASS_REVALIDATED_JSE,JSE_UNIQUE_MARKET_SEARCH,True,JSE_UNIQUE_MARKET_EQUITY,Remgro Limited,JNB,1.0,,1,WS:XJSE:REM,False,False,False
WS:SRC:ZA_TOP40:A5EBFF44983C436F,Bidcorp,ZA_TOP40,South Africa,XJSE,,,SEARCH_NO_QUOTES,,JSE_NO_UNIQUE_MARKET_EQUITY,JSE_REVALIDATION_REVIEW,True,JSE_NO_UNIQUE_MARKET_EQUITY,,,,,0,,True,False,True
WS:SRC:ZA_TOP40:A707BAE04D25DE84,Gold Fields,ZA_TOP40,South Africa,XJSE,,,SEARCH_AMBIGUOUS,,JSE_NO_UNIQUE_MARKET_EQUITY,JSE_REVALIDATION_REVIEW,True,JSE_NO_UNIQUE_MARKET_EQUITY,,,,,0,,True,False,True
WS:SRC:ZA_TOP40:B9672938BA6AA893,FirstRand,ZA_TOP40,South Africa,XJSE,,,SEARCH_AMBIGUOUS,,JSE_MULTI_SECURITY_REVIEW,JSE_REVALIDATION_REVIEW,True,JSE_MULTI_SECURITY_REVIEW,,,,,2,,True,False,True
WS:SRC:ZA_TOP40:C3D446CB310D4D8C,Capitec,ZA_TOP40,South Africa,XJSE,,,SEARCH_AMBIGUOUS,,JSE_MULTI_SECURITY_REVIEW,JSE_REVALIDATION_REVIEW,True,JSE_MULTI_SECURITY_REVIEW,,,,,2,,True,False,True
WS:SRC:ZA_TOP40:C46C9A1E2438665A,Anglo American,ZA_TOP40,South Africa,XJSE,,AGL.JO,SEARCH_HIGH_CONFIDENCE,AGL.JO,SECOND_PASS_REVALIDATED_JSE,JSE_UNIQUE_MARKET_SEARCH,True,JSE_UNIQUE_MARKET_EQUITY,Anglo American plc,JNB,1.0,,1,WS:XJSE:AGL,False,False,False
WS:SRC:ZA_TOP40:C4F89DB729DA585F,BHP,ZA_TOP40,South Africa,XJSE,,,SEARCH_AMBIGUOUS,,JSE_NO_UNIQUE_MARKET_EQUITY,JSE_REVALIDATION_REVIEW,True,JSE_NO_UNIQUE_MARKET_EQUITY,,,,,0,,True,False,True
WS:SRC:ZA_TOP40:CA5BCEC12F716F44,BAT,ZA_TOP40,South Africa,XJSE,,,SEARCH_AMBIGUOUS,,JSE_NO_UNIQUE_MARKET_EQUITY,JSE_REVALIDATION_REVIEW,True,JSE_NO_UNIQUE_MARKET_EQUITY,,,,,0,,True,False,True
WS:SRC:ZA_TOP40:CBBAA587AD49B821,Shoprite,ZA_TOP40,South Africa,XJSE,,SHP.JO,SEARCH_HIGH_CONFIDENCE,SHP.JO,SECOND_PASS_REVALIDATED_JSE,JSE_UNIQUE_MARKET_SEARCH,True,JSE_UNIQUE_MARKET_EQUITY,Shoprite Holdings Ltd,JNB,0.725,,1,WS:XJSE:SHP,False,False,False
WS:SRC:ZA_TOP40:CCFFACA1ACD941D3,Standard Bank,ZA_TOP40,South Africa,XJSE,,,SEARCH_AMBIGUOUS,,JSE_MULTI_SECURITY_REVIEW,JSE_REVALIDATION_REVIEW,True,JSE_MULTI_SECURITY_REVIEW,,,,,3,,True,False,True
WS:SRC:ZA_TOP40:D7462C43096E07C0,Reinet Investments,ZA_TOP40,South Africa,XJSE,,RNI.JO,SEARCH_HIGH_CONFIDENCE,RNI.JO,SECOND_PASS_REVALIDATED_JSE,JSE_UNIQUE_MARKET_SEARCH,True,JSE_UNIQUE_MARKET_EQUITY,Reinet Investments S.C.A.,JNB,0.857143,,1,WS:XJSE:RNI,False,False,False
WS:SRC:ZA_TOP40:DE0F69D92EFF3FE9,Old Mutual,ZA_TOP40,South Africa,XJSE,,OMU.JO,SEARCH_HIGH_CONFIDENCE,OMU.JO,SECOND_PASS_REVALIDATED_JSE,JSE_UNIQUE_MARKET_SEARCH,True,JSE_UNIQUE_MARKET_EQUITY,Old Mutual Limited,JNB,1.0,,1,WS:XJSE:OMU,False,False,False
WS:SRC:ZA_TOP40:DFFDE2958F9E4E6C,Mondi,ZA_TOP40,South Africa,XJSE,,,SEARCH_AMBIGUOUS,,JSE_NO_UNIQUE_MARKET_EQUITY,JSE_REVALIDATION_REVIEW,True,JSE_NO_UNIQUE_MARKET_EQUITY,,,,,0,,True,False,True
WS:SRC:ZA_TOP40:E375AA9FC9B15D90,Mr Price Group,ZA_TOP40,South Africa,XJSE,,MRP.JO,SEARCH_HIGH_CONFIDENCE,MRP.JO,SECOND_PASS_REVALIDATED_JSE,JSE_UNIQUE_MARKET_SEARCH,True,JSE_UNIQUE_MARKET_EQUITY,Mr Price Group Limited,JNB,1.0,,1,WS:XJSE:MRP,False,False,False
WS:SRC:ZA_TOP40:E73C0A06AFFB5795,Northam Platinum,ZA_TOP40,South Africa,XJSE,,NPH.JO,SEARCH_HIGH_CONFIDENCE,NPH.JO,SECOND_PASS_REVALIDATED_JSE,JSE_UNIQUE_MARKET_SEARCH,True,JSE_UNIQUE_MARKET_EQUITY,Northam Platinum Holdings Limited,JNB,0.816667,,1,WS:XJSE:NPH,False,False,False
WS:SRC:ZA_TOP40:EAB90E933A288100,Naspers,ZA_TOP40,South Africa,XJSE,,NPN.JO,SEARCH_HIGH_CONFIDENCE,NPN.JO,SECOND_PASS_REVALIDATED_JSE,JSE_UNIQUE_MARKET_SEARCH,True,JSE_UNIQUE_MARKET_EQUITY,Naspers Limited,JNB,1.0,,1,WS:XJSE:NPN,False,False,False
WS:SRC:ZA_TOP40:EEEF37437472AD5D,Aspen Pharmacare,ZA_TOP40,South Africa,XJSE,,,SEARCH_AMBIGUOUS,,JSE_NO_UNIQUE_MARKET_EQUITY,JSE_REVALIDATION_REVIEW,True,JSE_NO_UNIQUE_MARKET_EQUITY,,,,,0,,True,False,True
WS:SRC:ZA_TOP40:FA44132B238E6795,Discovery,ZA_TOP40,South Africa,XJSE,,,SEARCH_AMBIGUOUS,,JSE_NO_UNIQUE_MARKET_EQUITY,JSE_REVALIDATION_REVIEW,True,JSE_NO_UNIQUE_MARKET_EQUITY,,,,,0,,True,False,True
WS:SRC:ZA_TOP40:FBAF8D9D0C6FF09E,MTN Group,ZA_TOP40,South Africa,XJSE,,MTN.JO,SEARCH_HIGH_CONFIDENCE,MTN.JO,SECOND_PASS_REVALIDATED_JSE,JSE_UNIQUE_MARKET_SEARCH,True,JSE_UNIQUE_MARKET_EQUITY,MTN Group Limited,JNB,1.0,,1,WS:XJSE:MTN,False,False,False
