WS_ID,Primary_Universe_Index,Name,Yahoo_Symbol,Country,Lineage_Class_v0_22,In_Active_Source_v0_22,In_Full_Eligibility_v0_14,In_Strict_v0_14,In_Unresolved_Queue_v0_15,In_Research_Partial_v0_16
WS:XASX:360,AU_ASX200,Life360,360.AX,Australia,EXCLUDED_OTHER_NON_STRICT_REASON_NOT_CLASSIFIED_V0_22,True,True,False,False,False
WS:XASX:4DX,AU_ASX200,4DMedical,4DX.AX,Australia,EXCLUDED_OTHER_NON_STRICT_REASON_NOT_CLASSIFIED_V0_22,True,True,False,False,False
WS:XASX:A2M,AU_ASX200,a2 Milk Company,A2M.AX,Australia,EXCLUDED_OTHER_NON_STRICT_REASON_NOT_CLASSIFIED_V0_22,True,True,False,False,False
WS:XASX:AAI,AU_ASX200,Alcoa,AAI.AX,Australia,EXCLUDED_OTHER_NON_STRICT_REASON_NOT_CLASSIFIED_V0_22,True,True,False,False,False
WS:XASX:AFI,AU_ASX200,Australian Foundation Investment Company,AFI.AX,Australia,EXCLUDED_OTHER_NON_STRICT_REASON_NOT_CLASSIFIED_V0_22,True,True,False,False,False
WS:XASX:AGL,AU_ASX200,AGL Energy,AGL.AX,Australia,INCLUDED_RESEARCH_PARTIAL_VERIFIED_STRICT,True,True,True,False,True
WS:XASX:AIA,AU_ASX200,Auckland International Airport Limited,AIA.AX,Australia,EXCLUDED_OTHER_NON_STRICT_REASON_NOT_CLASSIFIED_V0_22,True,True,False,False,False
WS:XASX:ALD,AU_ASX200,Ampol,ALD.AX,Australia,INCLUDED_RESEARCH_PARTIAL_VERIFIED_STRICT,True,True,True,False,True
WS:XASX:ALK,AU_ASX200,Alkane Resources,ALK.AX,Australia,EXCLUDED_OTHER_NON_STRICT_REASON_NOT_CLASSIFIED_V0_22,True,True,False,False,False
WS:XASX:ALL,AU_ASX200,Aristocrat Leisure,ALL.AX,Australia,INCLUDED_RESEARCH_PARTIAL_VERIFIED_STRICT,True,True,True,False,True
WS:XASX:ALQ,AU_ASX200,ALS,ALQ.AX,Australia,INCLUDED_RESEARCH_PARTIAL_VERIFIED_STRICT,True,True,True,False,True
WS:XASX:ALX,AU_ASX200,Atlas Arteria,ALX.AX,Australia,EXCLUDED_OTHER_NON_STRICT_REASON_NOT_CLASSIFIED_V0_22,True,True,False,False,False
WS:XASX:AMC,AU_ASX200,Amcor,AMC.AX,Australia,EXCLUDED_OTHER_NON_STRICT_REASON_NOT_CLASSIFIED_V0_22,True,True,False,False,False
WS:XASX:AMP,AU_ASX200,AMP,AMP.AX,Australia,EXCLUDED_OTHER_NON_STRICT_REASON_NOT_CLASSIFIED_V0_22,True,True,False,False,False
WS:XASX:ANN,AU_ASX200,Ansell,ANN.AX,Australia,EXCLUDED_OTHER_NON_STRICT_REASON_NOT_CLASSIFIED_V0_22,True,True,False,False,False
WS:XASX:ANZ,AU_ASX200,Australia & New Zealand Banking Group,ANZ.AX,Australia,INCLUDED_RESEARCH_PARTIAL_VERIFIED_STRICT,True,True,True,False,True
WS:XASX:APA,AU_ASX200,APA Group,APA.AX,Australia,EXCLUDED_OTHER_NON_STRICT_REASON_NOT_CLASSIFIED_V0_22,True,True,False,False,False
WS:XASX:APE,AU_ASX200,Eagers Automotive,APE.AX,Australia,EXCLUDED_OTHER_NON_STRICT_REASON_NOT_CLASSIFIED_V0_22,True,True,False,False,False
WS:XASX:ARB,AU_ASX200,ARB Corporation,ARB.AX,Australia,EXCLUDED_OTHER_NON_STRICT_REASON_NOT_CLASSIFIED_V0_22,True,True,False,False,False
WS:XASX:ARG,AU_ASX200,Argo Investments,ARG.AX,Australia,EXCLUDED_OTHER_NON_STRICT_REASON_NOT_CLASSIFIED_V0_22,True,True,False,False,False
WS:XASX:ASB,AU_ASX200,Austal,ASB.AX,Australia,EXCLUDED_OTHER_NON_STRICT_REASON_NOT_CLASSIFIED_V0_22,True,True,False,False,False
WS:XASX:ASK,AU_ASX200,Abacus Storage King,ASK.AX,Australia,EXCLUDED_OTHER_NON_STRICT_REASON_NOT_CLASSIFIED_V0_22,True,True,False,False,False
WS:XASX:ASX,AU_ASX200,ASX,ASX.AX,Australia,INCLUDED_RESEARCH_PARTIAL_VERIFIED_STRICT,True,True,True,False,True
WS:XASX:AUB,AU_ASX200,AUB Group,AUB.AX,Australia,EXCLUDED_OTHER_NON_STRICT_REASON_NOT_CLASSIFIED_V0_22,True,True,False,False,False
WS:XASX:AZJ,AU_ASX200,Aurizon,AZJ.AX,Australia,INCLUDED_RESEARCH_PARTIAL_VERIFIED_STRICT,True,True,True,False,True
WS:XASX:BEN,AU_ASX200,Bendigo & Adelaide Bank,BEN.AX,Australia,EXCLUDED_OTHER_NON_STRICT_REASON_NOT_CLASSIFIED_V0_22,True,True,False,False,False
WS:XASX:BFL,AU_ASX200,BSP Financial Group,BFL.AX,Australia,EXCLUDED_OTHER_NON_STRICT_REASON_NOT_CLASSIFIED_V0_22,True,True,False,False,False
WS:XASX:BGA,AU_ASX200,Bega Cheese,BGA.AX,Australia,EXCLUDED_OTHER_NON_STRICT_REASON_NOT_CLASSIFIED_V0_22,True,True,False,False,False
WS:XASX:BGL,AU_ASX200,Bellevue Gold,BGL.AX,Australia,EXCLUDED_OTHER_NON_STRICT_REASON_NOT_CLASSIFIED_V0_22,True,True,False,False,False
WS:XASX:BHP,AU_ASX200,BHP,BHP.AX,Australia,INCLUDED_RESEARCH_PARTIAL_VERIFIED_STRICT,True,True,True,False,True
WS:XASX:BOQ,AU_ASX200,Bank of Queensland,BOQ.AX,Australia,EXCLUDED_OTHER_NON_STRICT_REASON_NOT_CLASSIFIED_V0_22,True,True,False,False,False
WS:XASX:BPT,AU_ASX200,Beach Energy,BPT.AX,Australia,EXCLUDED_OTHER_NON_STRICT_REASON_NOT_CLASSIFIED_V0_22,True,True,False,False,False
WS:XASX:BRG,AU_ASX200,Breville Group,BRG.AX,Australia,EXCLUDED_OTHER_NON_STRICT_REASON_NOT_CLASSIFIED_V0_22,True,True,False,False,False
WS:XASX:BSL,AU_ASX200,BlueScope,BSL.AX,Australia,INCLUDED_RESEARCH_PARTIAL_VERIFIED_STRICT,True,True,True,False,True
WS:XASX:BWP,AU_ASX200,BWP Trust,BWP.AX,Australia,EXCLUDED_OTHER_NON_STRICT_REASON_NOT_CLASSIFIED_V0_22,True,True,False,False,False
WS:XASX:BXB,AU_ASX200,Brambles,BXB.AX,Australia,INCLUDED_RESEARCH_PARTIAL_VERIFIED_STRICT,True,True,True,False,True
WS:XASX:CAR,AU_ASX200,CAR Group,CAR.AX,Australia,INCLUDED_RESEARCH_PARTIAL_VERIFIED_STRICT,True,True,True,False,True
WS:XASX:CBA,AU_ASX200,Commonwealth Bank,CBA.AX,Australia,INCLUDED_RESEARCH_PARTIAL_VERIFIED_STRICT,True,True,True,False,True
WS:XASX:CDA,AU_ASX200,Codan,CDA.AX,Australia,EXCLUDED_OTHER_NON_STRICT_REASON_NOT_CLASSIFIED_V0_22,True,True,False,False,False
WS:XASX:CEN,AU_ASX200,Contact Energy,CEN.AX,Australia,EXCLUDED_OTHER_NON_STRICT_REASON_NOT_CLASSIFIED_V0_22,True,True,False,False,False
WS:XASX:CGF,AU_ASX200,Challenger,CGF.AX,Australia,EXCLUDED_OTHER_NON_STRICT_REASON_NOT_CLASSIFIED_V0_22,True,True,False,False,False
WS:XASX:CHC,AU_ASX200,Charter Hall,CHC.AX,Australia,EXCLUDED_OTHER_NON_STRICT_REASON_NOT_CLASSIFIED_V0_22,True,True,False,False,False
WS:XASX:CIA,AU_ASX200,Champion Iron,CIA.AX,Australia,EXCLUDED_OTHER_NON_STRICT_REASON_NOT_CLASSIFIED_V0_22,True,True,False,False,False
WS:XASX:CIP,AU_ASX200,Centuria Industrial REIT,CIP.AX,Australia,EXCLUDED_OTHER_NON_STRICT_REASON_NOT_CLASSIFIED_V0_22,True,True,False,False,False
WS:XASX:CLW,AU_ASX200,Charter Hall Long WALE REIT,CLW.AX,Australia,EXCLUDED_OTHER_NON_STRICT_REASON_NOT_CLASSIFIED_V0_22,True,True,False,False,False
WS:XASX:CMM,AU_ASX200,Capricorn Metals,CMM.AX,Australia,INCLUDED_RESEARCH_PARTIAL_VERIFIED_STRICT,True,True,True,False,True
WS:XASX:CNU,AU_ASX200,Chorus,CNU.AX,Australia,EXCLUDED_OTHER_NON_STRICT_REASON_NOT_CLASSIFIED_V0_22,True,True,False,False,False
WS:XASX:COH,AU_ASX200,Cochlear,COH.AX,Australia,INCLUDED_RESEARCH_PARTIAL_VERIFIED_STRICT,True,True,True,False,True
WS:XASX:COL,AU_ASX200,Coles Group,COL.AX,Australia,INCLUDED_RESEARCH_PARTIAL_VERIFIED_STRICT,True,True,True,False,True
WS:XASX:CPU,AU_ASX200,Computershare,CPU.AX,Australia,INCLUDED_RESEARCH_PARTIAL_VERIFIED_STRICT,True,True,True,False,True
WS:XASX:CQR,AU_ASX200,Charter Hall Retail REIT,CQR.AX,Australia,EXCLUDED_OTHER_NON_STRICT_REASON_NOT_CLASSIFIED_V0_22,True,True,False,False,False
WS:XASX:CSC,AU_ASX200,Capstone Copper,CSC.AX,Australia,EXCLUDED_OTHER_NON_STRICT_REASON_NOT_CLASSIFIED_V0_22,True,True,False,False,False
WS:XASX:CSL,AU_ASX200,CSL,CSL.AX,Australia,INCLUDED_RESEARCH_PARTIAL_VERIFIED_STRICT,True,True,True,False,True
WS:XASX:CTD,AU_ASX200,Corporate Travel Management,CTD.AX,Australia,EXCLUDED_OTHER_NON_STRICT_REASON_NOT_CLASSIFIED_V0_22,True,True,False,False,False
WS:XASX:CWY,AU_ASX200,Cleanaway,CWY.AX,Australia,EXCLUDED_OTHER_NON_STRICT_REASON_NOT_CLASSIFIED_V0_22,True,True,False,False,False
WS:XASX:CYL,AU_ASX200,Catalyst Metals,CYL.AX,Australia,EXCLUDED_OTHER_NON_STRICT_REASON_NOT_CLASSIFIED_V0_22,True,True,False,False,False
WS:XASX:DBI,AU_ASX200,Dalrymple Bay Infrastructure,DBI.AX,Australia,EXCLUDED_OTHER_NON_STRICT_REASON_NOT_CLASSIFIED_V0_22,True,True,False,False,False
WS:XASX:DNL,AU_ASX200,Dyno Nobel,DNL.AX,Australia,EXCLUDED_OTHER_NON_STRICT_REASON_NOT_CLASSIFIED_V0_22,True,True,False,False,False
WS:XASX:DOW,AU_ASX200,Downer Group,DOW.AX,Australia,EXCLUDED_OTHER_NON_STRICT_REASON_NOT_CLASSIFIED_V0_22,True,True,False,False,False
WS:XASX:DRO,AU_ASX200,Droneshield,DRO.AX,Australia,INCLUDED_RESEARCH_PARTIAL_VERIFIED_STRICT,True,True,True,False,True
WS:XASX:DRR,AU_ASX200,Deterra Royalties,DRR.AX,Australia,EXCLUDED_OTHER_NON_STRICT_REASON_NOT_CLASSIFIED_V0_22,True,True,False,False,False
WS:XASX:DXS,AU_ASX200,Dexus,DXS.AX,Australia,EXCLUDED_OTHER_NON_STRICT_REASON_NOT_CLASSIFIED_V0_22,True,True,False,False,False
WS:XASX:DYL,AU_ASX200,Deep Yellow,DYL.AX,Australia,EXCLUDED_OTHER_NON_STRICT_REASON_NOT_CLASSIFIED_V0_22,True,True,False,False,False
WS:XASX:EBO,AU_ASX200,EBOS Group,EBO.AX,Australia,EXCLUDED_OTHER_NON_STRICT_REASON_NOT_CLASSIFIED_V0_22,True,True,False,False,False
WS:XASX:EDV,AU_ASX200,Endeavour Group,EDV.AX,Australia,EXCLUDED_OTHER_NON_STRICT_REASON_NOT_CLASSIFIED_V0_22,True,True,False,False,False
WS:XASX:EMR,AU_ASX200,Emerald Resources,EMR.AX,Australia,EXCLUDED_OTHER_NON_STRICT_REASON_NOT_CLASSIFIED_V0_22,True,True,False,False,False
WS:XASX:EOS,AU_ASX200,Electro Optic Systems Holdings,EOS.AX,Australia,EXCLUDED_OTHER_NON_STRICT_REASON_NOT_CLASSIFIED_V0_22,True,True,False,False,False
WS:XASX:EVN,AU_ASX200,Evolution Mining,EVN.AX,Australia,INCLUDED_RESEARCH_PARTIAL_VERIFIED_STRICT,True,True,True,False,True
WS:XASX:EVT,AU_ASX200,EVT,EVT.AX,Australia,EXCLUDED_OTHER_NON_STRICT_REASON_NOT_CLASSIFIED_V0_22,True,True,False,False,False
WS:XASX:FBU,AU_ASX200,Fletcher Building,FBU.AX,Australia,EXCLUDED_OTHER_NON_STRICT_REASON_NOT_CLASSIFIED_V0_22,True,True,False,False,False
WS:XASX:FLT,AU_ASX200,Flight Centre Travel Group,FLT.AX,Australia,EXCLUDED_OTHER_NON_STRICT_REASON_NOT_CLASSIFIED_V0_22,True,True,False,False,False
WS:XASX:FMG,AU_ASX200,Fortescue,FMG.AX,Australia,INCLUDED_RESEARCH_PARTIAL_VERIFIED_STRICT,True,True,True,False,True
WS:XASX:FPH,AU_ASX200,Fisher & Paykel Healthcare,FPH.AX,Australia,EXCLUDED_OTHER_NON_STRICT_REASON_NOT_CLASSIFIED_V0_22,True,True,False,False,False
WS:XASX:FRW,AU_ASX200,Freightways Group,FRW.AX,Australia,EXCLUDED_OTHER_NON_STRICT_REASON_NOT_CLASSIFIED_V0_22,True,True,False,False,False
WS:XASX:GDG,AU_ASX200,Generation Development Group,GDG.AX,Australia,EXCLUDED_OTHER_NON_STRICT_REASON_NOT_CLASSIFIED_V0_22,True,True,False,False,False
WS:XASX:GGP,AU_ASX200,Greatland Resources,GGP.AX,Australia,EXCLUDED_OTHER_NON_STRICT_REASON_NOT_CLASSIFIED_V0_22,True,True,False,False,False
WS:XASX:GMD,AU_ASX200,Genesis Minerals,GMD.AX,Australia,INCLUDED_RESEARCH_PARTIAL_VERIFIED_STRICT,True,True,True,False,True
WS:XASX:GMG,AU_ASX200,Goodman Group,GMG.AX,Australia,EXCLUDED_OTHER_NON_STRICT_REASON_NOT_CLASSIFIED_V0_22,True,True,False,False,False
WS:XASX:GNE,AU_ASX200,Genesis Energy,GNE.AX,Australia,EXCLUDED_OTHER_NON_STRICT_REASON_NOT_CLASSIFIED_V0_22,True,True,False,False,False
WS:XASX:GPT,AU_ASX200,GPT Group,GPT.AX,Australia,EXCLUDED_OTHER_NON_STRICT_REASON_NOT_CLASSIFIED_V0_22,True,True,False,False,False
WS:XASX:GQG,AU_ASX200,GQG Partners,GQG.AX,Australia,EXCLUDED_OTHER_NON_STRICT_REASON_NOT_CLASSIFIED_V0_22,True,True,False,False,False
WS:XASX:HDN,AU_ASX200,HomeCo Daily Needs REIT,HDN.AX,Australia,EXCLUDED_OTHER_NON_STRICT_REASON_NOT_CLASSIFIED_V0_22,True,True,False,False,False
WS:XASX:HUB,AU_ASX200,HUB24,HUB.AX,Australia,EXCLUDED_OTHER_NON_STRICT_REASON_NOT_CLASSIFIED_V0_22,True,True,False,False,False
WS:XASX:HVN,AU_ASX200,Harvey Norman,HVN.AX,Australia,EXCLUDED_OTHER_NON_STRICT_REASON_NOT_CLASSIFIED_V0_22,True,True,False,False,False
WS:XASX:IAG,AU_ASX200,Insurance Australia Group,IAG.AX,Australia,INCLUDED_RESEARCH_PARTIAL_VERIFIED_STRICT,True,True,True,False,True
WS:XASX:IFL,AU_ASX200,Insignia Financial,IFL.AX,Australia,ABSENT_FROM_V0_14_FULL_ELIGIBILITY_REASON_NOT_CLASSIFIED_V0_22,True,False,False,False,False
WS:XASX:IFT,AU_ASX200,Infratil,IFT.AX,Australia,EXCLUDED_OTHER_NON_STRICT_REASON_NOT_CLASSIFIED_V0_22,True,True,False,False,False
WS:XASX:IGO,AU_ASX200,IGO,IGO.AX,Australia,EXCLUDED_OTHER_NON_STRICT_REASON_NOT_CLASSIFIED_V0_22,True,True,False,False,False
WS:XASX:ILU,AU_ASX200,Iluka Resources,ILU.AX,Australia,EXCLUDED_OTHER_NON_STRICT_REASON_NOT_CLASSIFIED_V0_22,True,True,False,False,False
WS:XASX:IMD,AU_ASX200,IMDEX,IMD.AX,Australia,EXCLUDED_OTHER_NON_STRICT_REASON_NOT_CLASSIFIED_V0_22,True,True,False,False,False
WS:XASX:JBH,AU_ASX200,JB Hi-Fi,JBH.AX,Australia,INCLUDED_RESEARCH_PARTIAL_VERIFIED_STRICT,True,True,True,False,True
WS:XASX:JHX,AU_ASX200,James Hardie,JHX.AX,Australia,EXCLUDED_OTHER_NON_STRICT_REASON_NOT_CLASSIFIED_V0_22,True,True,False,False,False
WS:XASX:L1G,AU_ASX200,L1 Group,L1G.AX,Australia,EXCLUDED_OTHER_NON_STRICT_REASON_NOT_CLASSIFIED_V0_22,True,True,False,False,False
WS:XASX:LLC,AU_ASX200,Lendlease,LLC.AX,Australia,EXCLUDED_OTHER_NON_STRICT_REASON_NOT_CLASSIFIED_V0_22,True,True,False,False,False
WS:XASX:LNW,AU_ASX200,Light & Wonder,LNW.AX,Australia,EXCLUDED_OTHER_NON_STRICT_REASON_NOT_CLASSIFIED_V0_22,True,True,False,False,False
WS:XASX:LOV,AU_ASX200,Lovisa,LOV.AX,Australia,EXCLUDED_OTHER_NON_STRICT_REASON_NOT_CLASSIFIED_V0_22,True,True,False,False,False
WS:XASX:LSF,AU_ASX200,L1 Long Short Fund,LSF.AX,Australia,EXCLUDED_OTHER_NON_STRICT_REASON_NOT_CLASSIFIED_V0_22,True,True,False,False,False
WS:XASX:LTR,AU_ASX200,Liontown Resources,LTR.AX,Australia,INCLUDED_RESEARCH_PARTIAL_VERIFIED_STRICT,True,True,True,False,True
WS:XASX:LYC,AU_ASX200,Lynas Rare Earths,LYC.AX,Australia,INCLUDED_RESEARCH_PARTIAL_VERIFIED_STRICT,True,True,True,False,True
WS:XASX:MCY,AU_ASX200,Mercury NZ,MCY.AX,Australia,EXCLUDED_OTHER_NON_STRICT_REASON_NOT_CLASSIFIED_V0_22,True,True,False,False,False
WS:XASX:MEZ,AU_ASX200,Meridian Energy,MEZ.AX,Australia,EXCLUDED_OTHER_NON_STRICT_REASON_NOT_CLASSIFIED_V0_22,True,True,False,False,False
WS:XASX:MFF,AU_ASX200,MFF Capital Investments,MFF.AX,Australia,EXCLUDED_OTHER_NON_STRICT_REASON_NOT_CLASSIFIED_V0_22,True,True,False,False,False
WS:XASX:MFG,AU_ASX200,Magellan Financial Group,MFG.AX,Australia,EXCLUDED_OTHER_NON_STRICT_REASON_NOT_CLASSIFIED_V0_22,True,True,False,False,False
WS:XASX:MGR,AU_ASX200,Mirvac,MGR.AX,Australia,EXCLUDED_OTHER_NON_STRICT_REASON_NOT_CLASSIFIED_V0_22,True,True,False,False,False
WS:XASX:MIN,AU_ASX200,Mineral Resources,MIN.AX,Australia,INCLUDED_RESEARCH_PARTIAL_VERIFIED_STRICT,True,True,True,False,True
WS:XASX:MND,AU_ASX200,Monadelphous Group,MND.AX,Australia,EXCLUDED_OTHER_NON_STRICT_REASON_NOT_CLASSIFIED_V0_22,True,True,False,False,False
WS:XASX:MPL,AU_ASX200,Medibank,MPL.AX,Australia,INCLUDED_RESEARCH_PARTIAL_VERIFIED_STRICT,True,True,True,False,True
WS:XASX:MQG,AU_ASX200,Macquarie Group,MQG.AX,Australia,INCLUDED_RESEARCH_PARTIAL_VERIFIED_STRICT,True,True,True,False,True
WS:XASX:MSB,AU_ASX200,Mesoblast,MSB.AX,Australia,EXCLUDED_OTHER_NON_STRICT_REASON_NOT_CLASSIFIED_V0_22,True,True,False,False,False
WS:XASX:MTS,AU_ASX200,Metcash,MTS.AX,Australia,EXCLUDED_OTHER_NON_STRICT_REASON_NOT_CLASSIFIED_V0_22,True,True,False,False,False
WS:XASX:MXT,AU_ASX200,Metrics Master Income Trust,MXT.AX,Australia,EXCLUDED_OTHER_NON_STRICT_REASON_NOT_CLASSIFIED_V0_22,True,True,False,False,False
WS:XASX:NAB,AU_ASX200,National Australia Bank,NAB.AX,Australia,INCLUDED_RESEARCH_PARTIAL_VERIFIED_STRICT,True,True,True,False,True
WS:XASX:NEM,AU_ASX200,Newmont,NEM.AX,Australia,EXCLUDED_OTHER_NON_STRICT_REASON_NOT_CLASSIFIED_V0_22,True,True,False,False,False
WS:XASX:NHC,AU_ASX200,New Hope,NHC.AX,Australia,EXCLUDED_OTHER_NON_STRICT_REASON_NOT_CLASSIFIED_V0_22,True,True,False,False,False
WS:XASX:NHF,AU_ASX200,Nib,NHF.AX,Australia,EXCLUDED_OTHER_NON_STRICT_REASON_NOT_CLASSIFIED_V0_22,True,True,False,False,False
WS:XASX:NIC,AU_ASX200,Nickel Industries,NIC.AX,Australia,EXCLUDED_OTHER_NON_STRICT_REASON_NOT_CLASSIFIED_V0_22,True,True,False,False,False
WS:XASX:NSR,AU_ASX200,National Storage,NSR.AX,Australia,ABSENT_FROM_V0_14_FULL_ELIGIBILITY_REASON_NOT_CLASSIFIED_V0_22,True,False,False,False,False
WS:XASX:NST,AU_ASX200,Northern Star Resources,NST.AX,Australia,INCLUDED_RESEARCH_PARTIAL_VERIFIED_STRICT,True,True,True,False,True
WS:XASX:NWH,AU_ASX200,NRW Holdings,NWH.AX,Australia,EXCLUDED_OTHER_NON_STRICT_REASON_NOT_CLASSIFIED_V0_22,True,True,False,False,False
WS:XASX:NWL,AU_ASX200,Netwealth Group,NWL.AX,Australia,EXCLUDED_OTHER_NON_STRICT_REASON_NOT_CLASSIFIED_V0_22,True,True,False,False,False
WS:XASX:NWS,AU_ASX200,News Corp Class B,NWS.AX,Australia,EXCLUDED_OTHER_NON_STRICT_REASON_NOT_CLASSIFIED_V0_22,True,True,False,False,False
WS:XASX:NXG,AU_ASX200,Nexgen Energy,NXG.AX,Australia,EXCLUDED_OTHER_NON_STRICT_REASON_NOT_CLASSIFIED_V0_22,True,True,False,False,False
WS:XASX:NXT,AU_ASX200,NextDC,NXT.AX,Australia,EXCLUDED_OTHER_NON_STRICT_REASON_NOT_CLASSIFIED_V0_22,True,True,False,False,False
WS:XASX:OBM,AU_ASX200,Ora Banda Mining,OBM.AX,Australia,EXCLUDED_OTHER_NON_STRICT_REASON_NOT_CLASSIFIED_V0_22,True,True,False,False,False
WS:XASX:ORA,AU_ASX200,Orora,ORA.AX,Australia,EXCLUDED_OTHER_NON_STRICT_REASON_NOT_CLASSIFIED_V0_22,True,True,False,False,False
WS:XASX:ORG,AU_ASX200,Origin Energy,ORG.AX,Australia,INCLUDED_RESEARCH_PARTIAL_VERIFIED_STRICT,True,True,True,False,True
WS:XASX:ORI,AU_ASX200,Orica,ORI.AX,Australia,EXCLUDED_OTHER_NON_STRICT_REASON_NOT_CLASSIFIED_V0_22,True,True,False,False,False
WS:XASX:PDI,AU_ASX200,Predictive Discovery,PDI.AX,Australia,EXCLUDED_OTHER_NON_STRICT_REASON_NOT_CLASSIFIED_V0_22,True,True,False,False,False
WS:XASX:PDN,AU_ASX200,Paladin Energy,PDN.AX,Australia,EXCLUDED_OTHER_NON_STRICT_REASON_NOT_CLASSIFIED_V0_22,True,True,False,False,False
WS:XASX:PLS,AU_ASX200,PLS Group,PLS.AX,Australia,INCLUDED_RESEARCH_PARTIAL_VERIFIED_STRICT,True,True,True,False,True
WS:XASX:PME,AU_ASX200,Pro Medicus,PME.AX,Australia,INCLUDED_RESEARCH_PARTIAL_VERIFIED_STRICT,True,True,True,False,True
WS:XASX:PMV,AU_ASX200,Premier Investments,PMV.AX,Australia,EXCLUDED_OTHER_NON_STRICT_REASON_NOT_CLASSIFIED_V0_22,True,True,False,False,False
WS:XASX:PNI,AU_ASX200,Pinnacle Investment Management,PNI.AX,Australia,EXCLUDED_OTHER_NON_STRICT_REASON_NOT_CLASSIFIED_V0_22,True,True,False,False,False
WS:XASX:PPT,AU_ASX200,Perpetual,PPT.AX,Australia,EXCLUDED_OTHER_NON_STRICT_REASON_NOT_CLASSIFIED_V0_22,True,True,False,False,False
WS:XASX:PRN,AU_ASX200,Perenti,PRN.AX,Australia,EXCLUDED_OTHER_NON_STRICT_REASON_NOT_CLASSIFIED_V0_22,True,True,False,False,False
WS:XASX:PRU,AU_ASX200,Perseus Mining,PRU.AX,Australia,EXCLUDED_OTHER_NON_STRICT_REASON_NOT_CLASSIFIED_V0_22,True,True,False,False,False
WS:XASX:PXA,AU_ASX200,Pexa Group,PXA.AX,Australia,EXCLUDED_OTHER_NON_STRICT_REASON_NOT_CLASSIFIED_V0_22,True,True,False,False,False
WS:XASX:QAN,AU_ASX200,Qantas,QAN.AX,Australia,INCLUDED_RESEARCH_PARTIAL_VERIFIED_STRICT,True,True,True,False,True
WS:XASX:QBE,AU_ASX200,QBE Insurance,QBE.AX,Australia,INCLUDED_RESEARCH_PARTIAL_VERIFIED_STRICT,True,True,True,False,True
WS:XASX:QUB,AU_ASX200,Qube Holdings,QUB.AX,Australia,EXCLUDED_OTHER_NON_STRICT_REASON_NOT_CLASSIFIED_V0_22,True,True,False,False,False
WS:XASX:RDX,AU_ASX200,Redox,RDX.AX,Australia,EXCLUDED_OTHER_NON_STRICT_REASON_NOT_CLASSIFIED_V0_22,True,True,False,False,False
WS:XASX:REA,AU_ASX200,REA Group,REA.AX,Australia,INCLUDED_RESEARCH_PARTIAL_VERIFIED_STRICT,True,True,True,False,True
WS:XASX:REG,AU_ASX200,Regis Healthcare,REG.AX,Australia,EXCLUDED_OTHER_NON_STRICT_REASON_NOT_CLASSIFIED_V0_22,True,True,False,False,False
WS:XASX:REH,AU_ASX200,Reece Group,REH.AX,Australia,EXCLUDED_OTHER_NON_STRICT_REASON_NOT_CLASSIFIED_V0_22,True,True,False,False,False
WS:XASX:RGN,AU_ASX200,Region Group,RGN.AX,Australia,EXCLUDED_OTHER_NON_STRICT_REASON_NOT_CLASSIFIED_V0_22,True,True,False,False,False
WS:XASX:RHC,AU_ASX200,Ramsay Health Care,RHC.AX,Australia,INCLUDED_RESEARCH_PARTIAL_VERIFIED_STRICT,True,True,True,False,True
WS:XASX:RIO,AU_ASX200,Rio Tinto,RIO.AX,Australia,INCLUDED_RESEARCH_PARTIAL_VERIFIED_STRICT,True,True,True,False,True
WS:XASX:RMD,AU_ASX200,ResMed,RMD.AX,Australia,EXCLUDED_OTHER_NON_STRICT_REASON_NOT_CLASSIFIED_V0_22,True,True,False,False,False
WS:XASX:RMS,AU_ASX200,Ramelius Resources,RMS.AX,Australia,EXCLUDED_OTHER_NON_STRICT_REASON_NOT_CLASSIFIED_V0_22,True,True,False,False,False
WS:XASX:RRL,AU_ASX200,Regis Resources,RRL.AX,Australia,EXCLUDED_OTHER_NON_STRICT_REASON_NOT_CLASSIFIED_V0_22,True,True,False,False,False
WS:XASX:RSG,AU_ASX200,Resolute Mining,RSG.AX,Australia,EXCLUDED_OTHER_NON_STRICT_REASON_NOT_CLASSIFIED_V0_22,True,True,False,False,False
WS:XASX:RWC,AU_ASX200,Reliance Worldwide Corporation,RWC.AX,Australia,EXCLUDED_OTHER_NON_STRICT_REASON_NOT_CLASSIFIED_V0_22,True,True,False,False,False
WS:XASX:RYM,AU_ASX200,Ryman Healthcare,RYM.AX,Australia,EXCLUDED_OTHER_NON_STRICT_REASON_NOT_CLASSIFIED_V0_22,True,True,False,False,False
WS:XASX:S32,AU_ASX200,South32,S32.AX,Australia,INCLUDED_RESEARCH_PARTIAL_VERIFIED_STRICT,True,True,True,False,True
WS:XASX:SCG,AU_ASX200,Scentre Group,SCG.AX,Australia,EXCLUDED_OTHER_NON_STRICT_REASON_NOT_CLASSIFIED_V0_22,True,True,False,False,False
WS:XASX:SDF,AU_ASX200,Steadfast Group,SDF.AX,Australia,EXCLUDED_OTHER_NON_STRICT_REASON_NOT_CLASSIFIED_V0_22,True,True,False,False,False
WS:XASX:SEK,AU_ASX200,Seek,SEK.AX,Australia,EXCLUDED_OTHER_NON_STRICT_REASON_NOT_CLASSIFIED_V0_22,True,True,False,False,False
WS:XASX:SFR,AU_ASX200,Sandfire Resources,SFR.AX,Australia,INCLUDED_RESEARCH_PARTIAL_VERIFIED_STRICT,True,True,True,False,True
WS:XASX:SGH,AU_ASX200,SGH,SGH.AX,Australia,EXCLUDED_OTHER_NON_STRICT_REASON_NOT_CLASSIFIED_V0_22,True,True,False,False,False
WS:XASX:SGM,AU_ASX200,Sims Metal,SGM.AX,Australia,EXCLUDED_OTHER_NON_STRICT_REASON_NOT_CLASSIFIED_V0_22,True,True,False,False,False
WS:XASX:SGP,AU_ASX200,Stockland,SGP.AX,Australia,EXCLUDED_OTHER_NON_STRICT_REASON_NOT_CLASSIFIED_V0_22,True,True,False,False,False
WS:XASX:SHL,AU_ASX200,Sonic Healthcare,SHL.AX,Australia,INCLUDED_RESEARCH_PARTIAL_VERIFIED_STRICT,True,True,True,False,True
WS:XASX:SIG,AU_ASX200,Sigma Healthcare,SIG.AX,Australia,INCLUDED_RESEARCH_PARTIAL_VERIFIED_STRICT,True,True,True,False,True
WS:XASX:SMR,AU_ASX200,Stanmore Resources,SMR.AX,Australia,EXCLUDED_OTHER_NON_STRICT_REASON_NOT_CLASSIFIED_V0_22,True,True,False,False,False
WS:XASX:SNZ,AU_ASX200,Summerset Group Holdings,SNZ.AX,Australia,EXCLUDED_OTHER_NON_STRICT_REASON_NOT_CLASSIFIED_V0_22,True,True,False,False,False
WS:XASX:SOL,AU_ASX200,Soul Patts,SOL.AX,Australia,EXCLUDED_OTHER_NON_STRICT_REASON_NOT_CLASSIFIED_V0_22,True,True,False,False,False
WS:XASX:SPK,AU_ASX200,Spark New Zealand,SPK.AX,Australia,EXCLUDED_OTHER_NON_STRICT_REASON_NOT_CLASSIFIED_V0_22,True,True,False,False,False
WS:XASX:STO,AU_ASX200,Santos,STO.AX,Australia,INCLUDED_RESEARCH_PARTIAL_VERIFIED_STRICT,True,True,True,False,True
WS:XASX:SUL,AU_ASX200,Super Retail Group,SUL.AX,Australia,EXCLUDED_OTHER_NON_STRICT_REASON_NOT_CLASSIFIED_V0_22,True,True,False,False,False
WS:XASX:SUN,AU_ASX200,Suncorp,SUN.AX,Australia,INCLUDED_RESEARCH_PARTIAL_VERIFIED_STRICT,True,True,True,False,True
WS:XASX:TAH,AU_ASX200,Tabcorp,TAH.AX,Australia,EXCLUDED_OTHER_NON_STRICT_REASON_NOT_CLASSIFIED_V0_22,True,True,False,False,False
WS:XASX:TCL,AU_ASX200,Transurban,TCL.AX,Australia,EXCLUDED_OTHER_NON_STRICT_REASON_NOT_CLASSIFIED_V0_22,True,True,False,False,False
WS:XASX:TLC,AU_ASX200,The Lottery Corporation,TLC.AX,Australia,EXCLUDED_OTHER_NON_STRICT_REASON_NOT_CLASSIFIED_V0_22,True,True,False,False,False
WS:XASX:TLS,AU_ASX200,Telstra,TLS.AX,Australia,INCLUDED_RESEARCH_PARTIAL_VERIFIED_STRICT,True,True,True,False,True
WS:XASX:TLX,AU_ASX200,Telix Pharmaceuticals,TLX.AX,Australia,EXCLUDED_OTHER_NON_STRICT_REASON_NOT_CLASSIFIED_V0_22,True,True,False,False,False
WS:XASX:TNE,AU_ASX200,TechnologyOne,TNE.AX,Australia,EXCLUDED_OTHER_NON_STRICT_REASON_NOT_CLASSIFIED_V0_22,True,True,False,False,False
WS:XASX:TPG,AU_ASX200,TPG Telecom,TPG.AX,Australia,EXCLUDED_OTHER_NON_STRICT_REASON_NOT_CLASSIFIED_V0_22,True,True,False,False,False
WS:XASX:TUA,AU_ASX200,Tuas,TUA.AX,Australia,EXCLUDED_OTHER_NON_STRICT_REASON_NOT_CLASSIFIED_V0_22,True,True,False,False,False
WS:XASX:TWE,AU_ASX200,Treasury Wine Estates,TWE.AX,Australia,EXCLUDED_OTHER_NON_STRICT_REASON_NOT_CLASSIFIED_V0_22,True,True,False,False,False
WS:XASX:VAU,AU_ASX200,Vault Minerals,VAU.AX,Australia,INCLUDED_RESEARCH_PARTIAL_VERIFIED_STRICT,True,True,True,False,True
WS:XASX:VCX,AU_ASX200,Vicinity Centres,VCX.AX,Australia,EXCLUDED_OTHER_NON_STRICT_REASON_NOT_CLASSIFIED_V0_22,True,True,False,False,False
WS:XASX:VEA,AU_ASX200,Viva Energy,VEA.AX,Australia,EXCLUDED_OTHER_NON_STRICT_REASON_NOT_CLASSIFIED_V0_22,True,True,False,False,False
WS:XASX:VGN,AU_ASX200,Virgin Australia Holdings,VGN.AX,Australia,EXCLUDED_OTHER_NON_STRICT_REASON_NOT_CLASSIFIED_V0_22,True,True,False,False,False
WS:XASX:VNT,AU_ASX200,Ventia Services Group,VNT.AX,Australia,EXCLUDED_OTHER_NON_STRICT_REASON_NOT_CLASSIFIED_V0_22,True,True,False,False,False
WS:XASX:WAF,AU_ASX200,West African Resources,WAF.AX,Australia,EXCLUDED_OTHER_NON_STRICT_REASON_NOT_CLASSIFIED_V0_22,True,True,False,False,False
WS:XASX:WAM,AU_ASX200,WAM Capital,WAM.AX,Australia,EXCLUDED_OTHER_NON_STRICT_REASON_NOT_CLASSIFIED_V0_22,True,True,False,False,False
WS:XASX:WBC,AU_ASX200,Westpac,WBC.AX,Australia,INCLUDED_RESEARCH_PARTIAL_VERIFIED_STRICT,True,True,True,False,True
WS:XASX:WDS,AU_ASX200,Woodside Energy Group,WDS.AX,Australia,INCLUDED_RESEARCH_PARTIAL_VERIFIED_STRICT,True,True,True,False,True
WS:XASX:WES,AU_ASX200,Wesfarmers,WES.AX,Australia,INCLUDED_RESEARCH_PARTIAL_VERIFIED_STRICT,True,True,True,False,True
WS:XASX:WGX,AU_ASX200,Westgold Resources,WGX.AX,Australia,EXCLUDED_OTHER_NON_STRICT_REASON_NOT_CLASSIFIED_V0_22,True,True,False,False,False
WS:XASX:WHC,AU_ASX200,Whitehaven Coal,WHC.AX,Australia,EXCLUDED_OTHER_NON_STRICT_REASON_NOT_CLASSIFIED_V0_22,True,True,False,False,False
WS:XASX:WLE,AU_ASX200,WAM Leaders,WLE.AX,Australia,EXCLUDED_OTHER_NON_STRICT_REASON_NOT_CLASSIFIED_V0_22,True,True,False,False,False
WS:XASX:WOR,AU_ASX200,Worley,WOR.AX,Australia,EXCLUDED_OTHER_NON_STRICT_REASON_NOT_CLASSIFIED_V0_22,True,True,False,False,False
WS:XASX:WOW,AU_ASX200,Woolworths Group,WOW.AX,Australia,INCLUDED_RESEARCH_PARTIAL_VERIFIED_STRICT,True,True,True,False,True
WS:XASX:WTC,AU_ASX200,Wisetech Global,WTC.AX,Australia,INCLUDED_RESEARCH_PARTIAL_VERIFIED_STRICT,True,True,True,False,True
WS:XASX:XRO,AU_ASX200,Xero,XRO.AX,Australia,INCLUDED_RESEARCH_PARTIAL_VERIFIED_STRICT,True,True,True,False,True
WS:XASX:XYX,AU_ASX200,"Block, Inc.",XYX.AX,Australia,EXCLUDED_OTHER_NON_STRICT_REASON_NOT_CLASSIFIED_V0_22,True,True,False,False,False
WS:XASX:YAL,AU_ASX200,Yancoal Australia,YAL.AX,Australia,EXCLUDED_OTHER_NON_STRICT_REASON_NOT_CLASSIFIED_V0_22,True,True,False,False,False
WS:XASX:ZIM,AU_ASX200,Zimplats Holdings,ZIM.AX,Australia,EXCLUDED_OTHER_NON_STRICT_REASON_NOT_CLASSIFIED_V0_22,True,True,False,False,False
WS:XASX:ZIP,AU_ASX200,Zip,ZIP.AX,Australia,INCLUDED_RESEARCH_PARTIAL_VERIFIED_STRICT,True,True,True,False,True
WS:BVMF:ABEV3,BR_IBRX100,ABEV3,ABEV3.SA,Brazil,INCLUDED_RESEARCH_PARTIAL_VERIFIED_STRICT,True,True,True,False,True
WS:BVMF:ALOS3,BR_IBRX100,ALOS3,ALOS3.SA,Brazil,INCLUDED_RESEARCH_PARTIAL_VERIFIED_STRICT,True,True,True,False,True
WS:BVMF:ANIM3,BR_IBRX100,ANIM3,ANIM3.SA,Brazil,EXCLUDED_OTHER_NON_STRICT_REASON_NOT_CLASSIFIED_V0_22,True,True,False,False,False
WS:BVMF:ASAI3,BR_IBRX100,ASAI3,ASAI3.SA,Brazil,EXCLUDED_OTHER_NON_STRICT_REASON_NOT_CLASSIFIED_V0_22,True,True,False,False,False
WS:BVMF:AUAU3,BR_IBRX100,AUAU3,AUAU3.SA,Brazil,EXCLUDED_OTHER_NON_STRICT_REASON_NOT_CLASSIFIED_V0_22,True,True,False,False,False
WS:BVMF:AURE3,BR_IBRX100,AURE3,AURE3.SA,Brazil,EXCLUDED_OTHER_NON_STRICT_REASON_NOT_CLASSIFIED_V0_22,True,True,False,False,False
WS:BVMF:AXIA3,BR_IBRX100,AXIA3,AXIA3.SA,Brazil,INCLUDED_RESEARCH_PARTIAL_VERIFIED_STRICT,True,True,True,False,True
WS:BVMF:AZZA3,BR_IBRX100,AZZA3,AZZA3.SA,Brazil,EXCLUDED_OTHER_NON_STRICT_REASON_NOT_CLASSIFIED_V0_22,True,True,False,False,False
WS:BVMF:B3SA3,BR_IBRX100,B3SA3,B3SA3.SA,Brazil,INCLUDED_RESEARCH_PARTIAL_VERIFIED_STRICT,True,True,True,False,True
WS:BVMF:BBAS3,BR_IBRX100,BBAS3,BBAS3.SA,Brazil,INCLUDED_RESEARCH_PARTIAL_VERIFIED_STRICT,True,True,True,False,True
WS:BVMF:BBDC3,BR_IBRX100,BBDC3,BBDC3.SA,Brazil,EXCLUDED_OTHER_NON_STRICT_REASON_NOT_CLASSIFIED_V0_22,True,True,False,False,False
WS:BVMF:BBDC4,BR_IBRX100,BBDC4,BBDC4.SA,Brazil,EXCLUDED_OTHER_NON_STRICT_REASON_NOT_CLASSIFIED_V0_22,True,True,False,False,False
WS:BVMF:BBSE3,BR_IBRX100,BBSE3,BBSE3.SA,Brazil,INCLUDED_RESEARCH_PARTIAL_VERIFIED_STRICT,True,True,True,False,True
WS:BVMF:BEEF3,BR_IBRX100,BEEF3,BEEF3.SA,Brazil,EXCLUDED_OTHER_NON_STRICT_REASON_NOT_CLASSIFIED_V0_22,True,True,False,False,False
WS:BVMF:BPAC11,BR_IBRX100,BPAC11,BPAC11.SA,Brazil,EXCLUDED_OTHER_NON_STRICT_REASON_NOT_CLASSIFIED_V0_22,True,True,False,False,False
WS:BVMF:BRAP4,BR_IBRX100,BRAP4,BRAP4.SA,Brazil,EXCLUDED_OTHER_NON_STRICT_REASON_NOT_CLASSIFIED_V0_22,True,True,False,False,False
WS:BVMF:BRAV3,BR_IBRX100,BRAV3,BRAV3.SA,Brazil,INCLUDED_RESEARCH_PARTIAL_VERIFIED_STRICT,True,True,True,False,True
WS:BVMF:BRKM5,BR_IBRX100,BRKM5,BRKM5.SA,Brazil,EXCLUDED_OTHER_NON_STRICT_REASON_NOT_CLASSIFIED_V0_22,True,True,False,False,False
WS:BVMF:CBAV3,BR_IBRX100,CBAV3,CBAV3.SA,Brazil,EXCLUDED_OTHER_NON_STRICT_REASON_NOT_CLASSIFIED_V0_22,True,True,False,False,False
WS:BVMF:CEAB3,BR_IBRX100,CEAB3,CEAB3.SA,Brazil,EXCLUDED_OTHER_NON_STRICT_REASON_NOT_CLASSIFIED_V0_22,True,True,False,False,False
WS:BVMF:CMIG4,BR_IBRX100,CMIG4,CMIG4.SA,Brazil,EXCLUDED_OTHER_NON_STRICT_REASON_NOT_CLASSIFIED_V0_22,True,True,False,False,False
WS:BVMF:CMIN3,BR_IBRX100,CMIN3,CMIN3.SA,Brazil,EXCLUDED_OTHER_NON_STRICT_REASON_NOT_CLASSIFIED_V0_22,True,True,False,False,False
WS:BVMF:COGN3,BR_IBRX100,COGN3,COGN3.SA,Brazil,EXCLUDED_OTHER_NON_STRICT_REASON_NOT_CLASSIFIED_V0_22,True,True,False,False,False
WS:BVMF:CPFE3,BR_IBRX100,CPFE3,CPFE3.SA,Brazil,EXCLUDED_OTHER_NON_STRICT_REASON_NOT_CLASSIFIED_V0_22,True,True,False,False,False
WS:BVMF:CPLE3,BR_IBRX100,CPLE3,CPLE3.SA,Brazil,INCLUDED_RESEARCH_PARTIAL_VERIFIED_STRICT,True,True,True,False,True
WS:BVMF:CSAN3,BR_IBRX100,CSAN3,CSAN3.SA,Brazil,INCLUDED_RESEARCH_PARTIAL_VERIFIED_STRICT,True,True,True,False,True
WS:BVMF:CSMG3,BR_IBRX100,CSMG3,CSMG3.SA,Brazil,INCLUDED_RESEARCH_PARTIAL_VERIFIED_STRICT,True,True,True,False,True
WS:BVMF:CSNA3,BR_IBRX100,CSNA3,CSNA3.SA,Brazil,EXCLUDED_OTHER_NON_STRICT_REASON_NOT_CLASSIFIED_V0_22,True,True,False,False,False
WS:BVMF:CURY3,BR_IBRX100,CURY3,CURY3.SA,Brazil,INCLUDED_RESEARCH_PARTIAL_VERIFIED_STRICT,True,True,True,False,True
WS:BVMF:CVCB3,BR_IBRX100,CVCB3,CVCB3.SA,Brazil,EXCLUDED_OTHER_NON_STRICT_REASON_NOT_CLASSIFIED_V0_22,True,True,False,False,False
WS:BVMF:CXSE3,BR_IBRX100,CXSE3,CXSE3.SA,Brazil,INCLUDED_RESEARCH_PARTIAL_VERIFIED_STRICT,True,True,True,False,True
WS:BVMF:CYRE3,BR_IBRX100,CYRE3,CYRE3.SA,Brazil,INCLUDED_RESEARCH_PARTIAL_VERIFIED_STRICT,True,True,True,False,True
WS:BVMF:DIRR3,BR_IBRX100,DIRR3,DIRR3.SA,Brazil,EXCLUDED_OTHER_NON_STRICT_REASON_NOT_CLASSIFIED_V0_22,True,True,False,False,False
WS:BVMF:ECOR3,BR_IBRX100,ECOR3,ECOR3.SA,Brazil,EXCLUDED_OTHER_NON_STRICT_REASON_NOT_CLASSIFIED_V0_22,True,True,False,False,False
WS:BVMF:EGIE3,BR_IBRX100,EGIE3,EGIE3.SA,Brazil,INCLUDED_RESEARCH_PARTIAL_VERIFIED_STRICT,True,True,True,False,True
WS:BVMF:EMBJ3,BR_IBRX100,EMBJ3,EMBJ3.SA,Brazil,INCLUDED_RESEARCH_PARTIAL_VERIFIED_STRICT,True,True,True,False,True
WS:BVMF:ENEV3,BR_IBRX100,ENEV3,ENEV3.SA,Brazil,INCLUDED_RESEARCH_PARTIAL_VERIFIED_STRICT,True,True,True,False,True
WS:BVMF:ENGI11,BR_IBRX100,ENGI11,ENGI11.SA,Brazil,EXCLUDED_OTHER_NON_STRICT_REASON_NOT_CLASSIFIED_V0_22,True,True,False,False,False
WS:BVMF:EQTL3,BR_IBRX100,EQTL3,EQTL3.SA,Brazil,INCLUDED_RESEARCH_PARTIAL_VERIFIED_STRICT,True,True,True,False,True
WS:BVMF:EZTC3,BR_IBRX100,EZTC3,EZTC3.SA,Brazil,EXCLUDED_OTHER_NON_STRICT_REASON_NOT_CLASSIFIED_V0_22,True,True,False,False,False
WS:BVMF:FLRY3,BR_IBRX100,FLRY3,FLRY3.SA,Brazil,EXCLUDED_OTHER_NON_STRICT_REASON_NOT_CLASSIFIED_V0_22,True,True,False,False,False
WS:BVMF:GGBR4,BR_IBRX100,GGBR4,GGBR4.SA,Brazil,EXCLUDED_OTHER_NON_STRICT_REASON_NOT_CLASSIFIED_V0_22,True,True,False,False,False
WS:BVMF:GGPS3,BR_IBRX100,GGPS3,GGPS3.SA,Brazil,EXCLUDED_OTHER_NON_STRICT_REASON_NOT_CLASSIFIED_V0_22,True,True,False,False,False
WS:BVMF:GMAT3,BR_IBRX100,GMAT3,GMAT3.SA,Brazil,EXCLUDED_OTHER_NON_STRICT_REASON_NOT_CLASSIFIED_V0_22,True,True,False,False,False
WS:BVMF:GOAU4,BR_IBRX100,GOAU4,GOAU4.SA,Brazil,EXCLUDED_OTHER_NON_STRICT_REASON_NOT_CLASSIFIED_V0_22,True,True,False,False,False
WS:BVMF:HAPV3,BR_IBRX100,HAPV3,HAPV3.SA,Brazil,EXCLUDED_OTHER_NON_STRICT_REASON_NOT_CLASSIFIED_V0_22,True,True,False,False,False
WS:BVMF:HYPE3,BR_IBRX100,HYPE3,HYPE3.SA,Brazil,EXCLUDED_OTHER_NON_STRICT_REASON_NOT_CLASSIFIED_V0_22,True,True,False,False,False
WS:BVMF:IGTI11,BR_IBRX100,IGTI11,IGTI11.SA,Brazil,EXCLUDED_OTHER_NON_STRICT_REASON_NOT_CLASSIFIED_V0_22,True,True,False,False,False
WS:BVMF:INTB3,BR_IBRX100,INTB3,INTB3.SA,Brazil,EXCLUDED_OTHER_NON_STRICT_REASON_NOT_CLASSIFIED_V0_22,True,True,False,False,False
WS:BVMF:IRBR3,BR_IBRX100,IRBR3,IRBR3.SA,Brazil,EXCLUDED_OTHER_NON_STRICT_REASON_NOT_CLASSIFIED_V0_22,True,True,False,False,False
WS:BVMF:ISAE4,BR_IBRX100,ISAE4,ISAE4.SA,Brazil,EXCLUDED_OTHER_NON_STRICT_REASON_NOT_CLASSIFIED_V0_22,True,True,False,False,False
WS:BVMF:ITSA4,BR_IBRX100,ITSA4,ITSA4.SA,Brazil,EXCLUDED_OTHER_NON_STRICT_REASON_NOT_CLASSIFIED_V0_22,True,True,False,False,False
WS:BVMF:ITUB3,BR_IBRX100,ITUB3,ITUB3.SA,Brazil,EXCLUDED_OTHER_NON_STRICT_REASON_NOT_CLASSIFIED_V0_22,True,True,False,False,False
WS:BVMF:ITUB4,BR_IBRX100,ITUB4,ITUB4.SA,Brazil,EXCLUDED_OTHER_NON_STRICT_REASON_NOT_CLASSIFIED_V0_22,True,True,False,False,False
WS:BVMF:JHSF3,BR_IBRX100,JHSF3,JHSF3.SA,Brazil,EXCLUDED_OTHER_NON_STRICT_REASON_NOT_CLASSIFIED_V0_22,True,True,False,False,False
WS:BVMF:KLBN11,BR_IBRX100,KLBN11,KLBN11.SA,Brazil,EXCLUDED_OTHER_NON_STRICT_REASON_NOT_CLASSIFIED_V0_22,True,True,False,False,False
WS:BVMF:LREN3,BR_IBRX100,LREN3,LREN3.SA,Brazil,INCLUDED_RESEARCH_PARTIAL_VERIFIED_STRICT,True,True,True,False,True
WS:BVMF:MBRF3,BR_IBRX100,MBRF3,MBRF3.SA,Brazil,INCLUDED_RESEARCH_PARTIAL_VERIFIED_STRICT,True,True,True,False,True
WS:BVMF:MDNE3,BR_IBRX100,MDNE3,MDNE3.SA,Brazil,EXCLUDED_OTHER_NON_STRICT_REASON_NOT_CLASSIFIED_V0_22,True,True,False,False,False
WS:BVMF:MGLU3,BR_IBRX100,MGLU3,MGLU3.SA,Brazil,INCLUDED_RESEARCH_PARTIAL_VERIFIED_STRICT,True,True,True,False,True
WS:BVMF:MOTV3,BR_IBRX100,MOTV3,MOTV3.SA,Brazil,INCLUDED_RESEARCH_PARTIAL_VERIFIED_STRICT,True,True,True,False,True
WS:BVMF:MOVI3,BR_IBRX100,MOVI3,MOVI3.SA,Brazil,EXCLUDED_OTHER_NON_STRICT_REASON_NOT_CLASSIFIED_V0_22,True,True,False,False,False
WS:BVMF:MRVE3,BR_IBRX100,MRVE3,MRVE3.SA,Brazil,EXCLUDED_OTHER_NON_STRICT_REASON_NOT_CLASSIFIED_V0_22,True,True,False,False,False
WS:BVMF:MULT3,BR_IBRX100,MULT3,MULT3.SA,Brazil,INCLUDED_RESEARCH_PARTIAL_VERIFIED_STRICT,True,True,True,False,True
WS:BVMF:NATU3,BR_IBRX100,NATU3,NATU3.SA,Brazil,EXCLUDED_OTHER_NON_STRICT_REASON_NOT_CLASSIFIED_V0_22,True,True,False,False,False
WS:BVMF:ORVR3,BR_IBRX100,ORVR3,ORVR3.SA,Brazil,EXCLUDED_OTHER_NON_STRICT_REASON_NOT_CLASSIFIED_V0_22,True,True,False,False,False
WS:BVMF:PETR3,BR_IBRX100,PETR3,PETR3.SA,Brazil,INCLUDED_RESEARCH_PARTIAL_VERIFIED_STRICT,True,True,True,False,True
WS:BVMF:PETR4,BR_IBRX100,PETR4,PETR4.SA,Brazil,EXCLUDED_OTHER_NON_STRICT_REASON_NOT_CLASSIFIED_V0_22,True,True,False,False,False
WS:BVMF:POMO4,BR_IBRX100,POMO4,POMO4.SA,Brazil,EXCLUDED_OTHER_NON_STRICT_REASON_NOT_CLASSIFIED_V0_22,True,True,False,False,False
WS:BVMF:PRIO3,BR_IBRX100,PRIO3,PRIO3.SA,Brazil,INCLUDED_RESEARCH_PARTIAL_VERIFIED_STRICT,True,True,True,False,True
WS:BVMF:PSSA3,BR_IBRX100,PSSA3,PSSA3.SA,Brazil,EXCLUDED_OTHER_NON_STRICT_REASON_NOT_CLASSIFIED_V0_22,True,True,False,False,False
WS:BVMF:RADL3,BR_IBRX100,RADL3,RADL3.SA,Brazil,INCLUDED_RESEARCH_PARTIAL_VERIFIED_STRICT,True,True,True,False,True
WS:BVMF:RAIL3,BR_IBRX100,RAIL3,RAIL3.SA,Brazil,INCLUDED_RESEARCH_PARTIAL_VERIFIED_STRICT,True,True,True,False,True
WS:BVMF:RAPT4,BR_IBRX100,RAPT4,RAPT4.SA,Brazil,EXCLUDED_OTHER_NON_STRICT_REASON_NOT_CLASSIFIED_V0_22,True,True,False,False,False
WS:BVMF:RDOR3,BR_IBRX100,RDOR3,RDOR3.SA,Brazil,INCLUDED_RESEARCH_PARTIAL_VERIFIED_STRICT,True,True,True,False,True
WS:BVMF:RECV3,BR_IBRX100,RECV3,RECV3.SA,Brazil,EXCLUDED_OTHER_NON_STRICT_REASON_NOT_CLASSIFIED_V0_22,True,True,False,False,False
WS:BVMF:RENT3,BR_IBRX100,RENT3,RENT3.SA,Brazil,INCLUDED_RESEARCH_PARTIAL_VERIFIED_STRICT,True,True,True,False,True
WS:BVMF:SANB11,BR_IBRX100,SANB11,SANB11.SA,Brazil,EXCLUDED_OTHER_NON_STRICT_REASON_NOT_CLASSIFIED_V0_22,True,True,False,False,False
WS:BVMF:SAPR11,BR_IBRX100,SAPR11,SAPR11.SA,Brazil,EXCLUDED_OTHER_NON_STRICT_REASON_NOT_CLASSIFIED_V0_22,True,True,False,False,False
WS:BVMF:SAUD3,BR_IBRX100,SAUD3,SAUD3.SA,Brazil,EXCLUDED_OTHER_NON_STRICT_REASON_NOT_CLASSIFIED_V0_22,True,True,False,False,False
WS:BVMF:SBSP3,BR_IBRX100,SBSP3,SBSP3.SA,Brazil,INCLUDED_RESEARCH_PARTIAL_VERIFIED_STRICT,True,True,True,False,True
WS:BVMF:SIMH3,BR_IBRX100,SIMH3,SIMH3.SA,Brazil,EXCLUDED_OTHER_NON_STRICT_REASON_NOT_CLASSIFIED_V0_22,True,True,False,False,False
WS:BVMF:SLCE3,BR_IBRX100,SLCE3,SLCE3.SA,Brazil,EXCLUDED_OTHER_NON_STRICT_REASON_NOT_CLASSIFIED_V0_22,True,True,False,False,False
WS:BVMF:SMFT3,BR_IBRX100,SMFT3,SMFT3.SA,Brazil,INCLUDED_RESEARCH_PARTIAL_VERIFIED_STRICT,True,True,True,False,True
WS:BVMF:SMTO3,BR_IBRX100,SMTO3,SMTO3.SA,Brazil,EXCLUDED_OTHER_NON_STRICT_REASON_NOT_CLASSIFIED_V0_22,True,True,False,False,False
WS:BVMF:SUZB3,BR_IBRX100,SUZB3,SUZB3.SA,Brazil,INCLUDED_RESEARCH_PARTIAL_VERIFIED_STRICT,True,True,True,False,True
WS:BVMF:TAEE11,BR_IBRX100,TAEE11,TAEE11.SA,Brazil,EXCLUDED_OTHER_NON_STRICT_REASON_NOT_CLASSIFIED_V0_22,True,True,False,False,False
WS:BVMF:TEND3,BR_IBRX100,TEND3,TEND3.SA,Brazil,EXCLUDED_OTHER_NON_STRICT_REASON_NOT_CLASSIFIED_V0_22,True,True,False,False,False
WS:BVMF:TIMS3,BR_IBRX100,TIMS3,TIMS3.SA,Brazil,INCLUDED_RESEARCH_PARTIAL_VERIFIED_STRICT,True,True,True,False,True
WS:BVMF:TOTS3,BR_IBRX100,TOTS3,TOTS3.SA,Brazil,INCLUDED_RESEARCH_PARTIAL_VERIFIED_STRICT,True,True,True,False,True
WS:BVMF:UGPA3,BR_IBRX100,UGPA3,UGPA3.SA,Brazil,INCLUDED_RESEARCH_PARTIAL_VERIFIED_STRICT,True,True,True,False,True
WS:BVMF:USIM5,BR_IBRX100,USIM5,USIM5.SA,Brazil,EXCLUDED_OTHER_NON_STRICT_REASON_NOT_CLASSIFIED_V0_22,True,True,False,False,False
WS:BVMF:VALE3,BR_IBRX100,VALE3,VALE3.SA,Brazil,INCLUDED_RESEARCH_PARTIAL_VERIFIED_STRICT,True,True,True,False,True
WS:BVMF:VAMO3,BR_IBRX100,VAMO3,VAMO3.SA,Brazil,EXCLUDED_OTHER_NON_STRICT_REASON_NOT_CLASSIFIED_V0_22,True,True,False,False,False
WS:BVMF:VBBR3,BR_IBRX100,VBBR3,VBBR3.SA,Brazil,INCLUDED_RESEARCH_PARTIAL_VERIFIED_STRICT,True,True,True,False,True
WS:BVMF:VIVA3,BR_IBRX100,VIVA3,VIVA3.SA,Brazil,EXCLUDED_OTHER_NON_STRICT_REASON_NOT_CLASSIFIED_V0_22,True,True,False,False,False
WS:BVMF:VIVT3,BR_IBRX100,VIVT3,VIVT3.SA,Brazil,INCLUDED_RESEARCH_PARTIAL_VERIFIED_STRICT,True,True,True,False,True
WS:BVMF:WEGE3,BR_IBRX100,WEGE3,WEGE3.SA,Brazil,INCLUDED_RESEARCH_PARTIAL_VERIFIED_STRICT,True,True,True,False,True
WS:BVMF:YDUQ3,BR_IBRX100,YDUQ3,YDUQ3.SA,Brazil,EXCLUDED_OTHER_NON_STRICT_REASON_NOT_CLASSIFIED_V0_22,True,True,False,False,False
WS:XTSE:AAUC,CA_TSX,Allied Gold Corporation,AAUC.TO,Canada,EXCLUDED_INSTRUMENT_TYPE_NOT_YET_STRICTLY_VERIFIED,True,True,False,True,False
WS:XTSE:AAV,CA_TSX,Advantage Energy Ltd.,AAV.TO,Canada,EXCLUDED_OTHER_NON_STRICT_REASON_NOT_CLASSIFIED_V0_22,True,True,False,False,False
WS:XTSE:ABRA,CA_TSX,AbraSilver Resource Corp.,ABRA.TO,Canada,EXCLUDED_OTHER_NON_STRICT_REASON_NOT_CLASSIFIED_V0_22,True,True,False,False,False
WS:XTSE:ABX,CA_TSX,Barrick Mining Corporation,ABX.TO,Canada,EXCLUDED_INSTRUMENT_TYPE_NOT_YET_STRICTLY_VERIFIED,True,True,False,True,False
WS:XTSE:AC,CA_TSX,Air Canada Voting and Variable Voting Shares,AC.TO,Canada,EXCLUDED_INSTRUMENT_TYPE_NOT_YET_STRICTLY_VERIFIED,True,True,False,True,False
WS:XTSE:ACO.X,CA_TSX,ATCO Ltd. Class I Non-voting Shares,ACO-X.TO,Canada,EXCLUDED_OTHER_NON_STRICT_REASON_NOT_CLASSIFIED_V0_22,True,True,False,False,False
WS:XTSE:AEM,CA_TSX,Agnico Eagle Mines Limited,AEM.TO,Canada,EXCLUDED_INSTRUMENT_TYPE_NOT_YET_STRICTLY_VERIFIED,True,True,False,True,False
WS:XTSE:AG,CA_TSX,First Majestic Silver Corp.,AG.TO,Canada,EXCLUDED_INSTRUMENT_TYPE_NOT_YET_STRICTLY_VERIFIED,True,True,False,True,False
WS:XTSE:AGI,CA_TSX,Alamos Gold Inc.,AGI.TO,Canada,EXCLUDED_INSTRUMENT_TYPE_NOT_YET_STRICTLY_VERIFIED,True,True,False,True,False
WS:XTSE:AIF,CA_TSX,Altus Group Limited,AIF.TO,Canada,EXCLUDED_OTHER_NON_STRICT_REASON_NOT_CLASSIFIED_V0_22,True,True,False,False,False
WS:XTSE:ALA,CA_TSX,AltaGas Ltd.,ALA.TO,Canada,EXCLUDED_INSTRUMENT_TYPE_NOT_YET_STRICTLY_VERIFIED,True,True,False,True,False
WS:XTSE:ALS,CA_TSX,Altius Minerals Corporation,ALS.TO,Canada,EXCLUDED_OTHER_NON_STRICT_REASON_NOT_CLASSIFIED_V0_22,True,True,False,False,False
WS:XTSE:AP.UN,CA_TSX,Allied Properties Real Estate Investment Trust,AP-UN.TO,Canada,EXCLUDED_OTHER_NON_STRICT_REASON_NOT_CLASSIFIED_V0_22,True,True,False,False,False
WS:XTSE:AQN,CA_TSX,Algonquin Power & Utilities Corp.,AQN.TO,Canada,EXCLUDED_OTHER_NON_STRICT_REASON_NOT_CLASSIFIED_V0_22,True,True,False,False,False
WS:XTSE:ARE,CA_TSX,Aecon Group Inc.,ARE.TO,Canada,EXCLUDED_OTHER_NON_STRICT_REASON_NOT_CLASSIFIED_V0_22,True,True,False,False,False
WS:XTSE:ARIS,CA_TSX,Aris Mining Corporation,ARIS.TO,Canada,EXCLUDED_OTHER_NON_STRICT_REASON_NOT_CLASSIFIED_V0_22,True,True,False,False,False
WS:XTSE:ARX,CA_TSX,ARC Resources Ltd.,ARX.TO,Canada,EXCLUDED_INSTRUMENT_TYPE_NOT_YET_STRICTLY_VERIFIED,True,True,False,True,False
WS:XTSE:ASM,CA_TSX,Avino Silver & Gold Mines Ltd.,ASM.TO,Canada,EXCLUDED_OTHER_NON_STRICT_REASON_NOT_CLASSIFIED_V0_22,True,True,False,False,False
WS:XTSE:ATD,CA_TSX,Alimentation Couche-Tard Inc.,ATD.TO,Canada,EXCLUDED_INSTRUMENT_TYPE_NOT_YET_STRICTLY_VERIFIED,True,True,False,True,False
WS:XTSE:ATH,CA_TSX,Athabasca Oil Corporation,ATH.TO,Canada,EXCLUDED_OTHER_NON_STRICT_REASON_NOT_CLASSIFIED_V0_22,True,True,False,False,False
WS:XTSE:ATRL,CA_TSX,AtkinsRéalis Group Inc.,ATRL.TO,Canada,EXCLUDED_INSTRUMENT_TYPE_NOT_YET_STRICTLY_VERIFIED,True,True,False,True,False
WS:XTSE:ATS,CA_TSX,ATS Corporation,ATS.TO,Canada,EXCLUDED_OTHER_NON_STRICT_REASON_NOT_CLASSIFIED_V0_22,True,True,False,False,False
WS:XTSE:ATZ,CA_TSX,Aritzia Inc. Subordinate Voting Shares,ATZ.TO,Canada,EXCLUDED_INSTRUMENT_TYPE_NOT_YET_STRICTLY_VERIFIED,True,True,False,True,False
WS:XTSE:AYA,CA_TSX,Aya Gold & Silver Inc.,AYA.TO,Canada,EXCLUDED_INSTRUMENT_TYPE_NOT_YET_STRICTLY_VERIFIED,True,True,False,True,False
WS:XTSE:BAM,CA_TSX,Brookfield Asset Management Ltd. Class A Limited Voting Shares,BAM.TO,Canada,EXCLUDED_INSTRUMENT_TYPE_NOT_YET_STRICTLY_VERIFIED,True,True,False,True,False
WS:XTSE:BB,CA_TSX,BlackBerry Limited,BB.TO,Canada,EXCLUDED_INSTRUMENT_TYPE_NOT_YET_STRICTLY_VERIFIED,True,True,False,True,False
WS:XTSE:BBD.B,CA_TSX,Bombardier Inc. Class B Subordinate Voting Shares,BBD-B.TO,Canada,EXCLUDED_INSTRUMENT_TYPE_NOT_YET_STRICTLY_VERIFIED,True,True,False,True,False
WS:XTSE:BBUC,CA_TSX,Brookfield Business Corporation Class A Subordinate Voting Shares,BBUC.TO,Canada,EXCLUDED_OTHER_NON_STRICT_REASON_NOT_CLASSIFIED_V0_22,True,True,False,False,False
WS:XTSE:BCE,CA_TSX,BCE Inc.,BCE.TO,Canada,EXCLUDED_INSTRUMENT_TYPE_NOT_YET_STRICTLY_VERIFIED,True,True,False,True,False
WS:XTSE:BDGI,CA_TSX,Badger Infrastructure Solutions Ltd.,BDGI.TO,Canada,EXCLUDED_OTHER_NON_STRICT_REASON_NOT_CLASSIFIED_V0_22,True,True,False,False,False
WS:XTSE:BDT,CA_TSX,Bird Construction Inc.,BDT.TO,Canada,EXCLUDED_OTHER_NON_STRICT_REASON_NOT_CLASSIFIED_V0_22,True,True,False,False,False
WS:XTSE:BEI.UN,CA_TSX,Boardwalk Real Estate Investment Trust,BEI-UN.TO,Canada,EXCLUDED_OTHER_NON_STRICT_REASON_NOT_CLASSIFIED_V0_22,True,True,False,False,False
WS:XTSE:BEP.UN,CA_TSX,Brookfield Renewable Partners L.P.,BEP-UN.TO,Canada,EXCLUDED_OTHER_NON_STRICT_REASON_NOT_CLASSIFIED_V0_22,True,True,False,False,False
WS:XTSE:BHC,CA_TSX,Bausch Health Companies Inc.,BHC.TO,Canada,EXCLUDED_OTHER_NON_STRICT_REASON_NOT_CLASSIFIED_V0_22,True,True,False,False,False
WS:XTSE:BIP.UN,CA_TSX,Brookfield Infrastructure Partners L.P.,BIP-UN.TO,Canada,EXCLUDED_OTHER_NON_STRICT_REASON_NOT_CLASSIFIED_V0_22,True,True,False,False,False
WS:XTSE:BIR,CA_TSX,Birchcliff Energy Ltd.,BIR.TO,Canada,EXCLUDED_OTHER_NON_STRICT_REASON_NOT_CLASSIFIED_V0_22,True,True,False,False,False
WS:XTSE:BMO,CA_TSX,Bank of Montreal,BMO.TO,Canada,EXCLUDED_INSTRUMENT_TYPE_NOT_YET_STRICTLY_VERIFIED,True,True,False,True,False
WS:XTSE:BN,CA_TSX,Brookfield Corporation Class A Limited Voting Shares,BN.TO,Canada,EXCLUDED_INSTRUMENT_TYPE_NOT_YET_STRICTLY_VERIFIED,True,True,False,True,False
WS:XTSE:BNS,CA_TSX,Bank of Nova Scotia (The),BNS.TO,Canada,EXCLUDED_INSTRUMENT_TYPE_NOT_YET_STRICTLY_VERIFIED,True,True,False,True,False
WS:XTSE:BTE,CA_TSX,Baytex Energy Corp.,BTE.TO,Canada,EXCLUDED_OTHER_NON_STRICT_REASON_NOT_CLASSIFIED_V0_22,True,True,False,False,False
WS:XTSE:BTO,CA_TSX,B2Gold Corp.,BTO.TO,Canada,EXCLUDED_INSTRUMENT_TYPE_NOT_YET_STRICTLY_VERIFIED,True,True,False,True,False
WS:XTSE:BYD,CA_TSX,Boyd Group Services Inc.,BYD.TO,Canada,EXCLUDED_OTHER_NON_STRICT_REASON_NOT_CLASSIFIED_V0_22,True,True,False,False,False
WS:XTSE:CAE,CA_TSX,CAE Inc.,CAE.TO,Canada,EXCLUDED_INSTRUMENT_TYPE_NOT_YET_STRICTLY_VERIFIED,True,True,False,True,False
WS:XTSE:CAR.UN,CA_TSX,Canadian Apartment Properties Real Estate Investment Trust,CAR-UN.TO,Canada,EXCLUDED_OTHER_NON_STRICT_REASON_NOT_CLASSIFIED_V0_22,True,True,False,False,False
WS:XTSE:CCA,CA_TSX,Cogeco Communications Inc. Subordinate Voting Shares,CCA.TO,Canada,EXCLUDED_OTHER_NON_STRICT_REASON_NOT_CLASSIFIED_V0_22,True,True,False,False,False
WS:XTSE:CCL.B,CA_TSX,CCL Industries Inc. Unlimited Class B Non-Voting Shares,CCL-B.TO,Canada,EXCLUDED_INSTRUMENT_TYPE_NOT_YET_STRICTLY_VERIFIED,True,True,False,True,False
WS:XTSE:CCO,CA_TSX,Cameco Corporation,CCO.TO,Canada,EXCLUDED_INSTRUMENT_TYPE_NOT_YET_STRICTLY_VERIFIED,True,True,False,True,False
WS:XTSE:CEU,CA_TSX,CES Energy Solutions Corp.,CEU.TO,Canada,EXCLUDED_OTHER_NON_STRICT_REASON_NOT_CLASSIFIED_V0_22,True,True,False,False,False
WS:XTSE:CG,CA_TSX,Centerra Gold Inc.,CG.TO,Canada,EXCLUDED_OTHER_NON_STRICT_REASON_NOT_CLASSIFIED_V0_22,True,True,False,False,False
WS:XTSE:CHP.UN,CA_TSX,Choice Properties Real Estate Investment Trust,CHP-UN.TO,Canada,EXCLUDED_OTHER_NON_STRICT_REASON_NOT_CLASSIFIED_V0_22,True,True,False,False,False
WS:XTSE:CIGI,CA_TSX,Colliers International Group Inc. Subordinate Voting Shares,CIGI.TO,Canada,EXCLUDED_OTHER_NON_STRICT_REASON_NOT_CLASSIFIED_V0_22,True,True,False,False,False
WS:XTSE:CJT,CA_TSX,Cargojet Inc. Common and Variable Voting Shares,CJT.TO,Canada,EXCLUDED_OTHER_NON_STRICT_REASON_NOT_CLASSIFIED_V0_22,True,True,False,False,False
WS:XTSE:CLS,CA_TSX,Celestica Inc.,CLS.TO,Canada,EXCLUDED_INSTRUMENT_TYPE_NOT_YET_STRICTLY_VERIFIED,True,True,False,True,False
WS:XTSE:CM,CA_TSX,Canadian Imperial Bank Of Commerce,CM.TO,Canada,EXCLUDED_INSTRUMENT_TYPE_NOT_YET_STRICTLY_VERIFIED,True,True,False,True,False
WS:XTSE:CNQ,CA_TSX,Canadian Natural Resources Limited,CNQ.TO,Canada,EXCLUDED_INSTRUMENT_TYPE_NOT_YET_STRICTLY_VERIFIED,True,True,False,True,False
WS:XTSE:CNR,CA_TSX,Canadian National Railway Company,CNR.TO,Canada,EXCLUDED_INSTRUMENT_TYPE_NOT_YET_STRICTLY_VERIFIED,True,True,False,True,False
WS:XTSE:CP,CA_TSX,Canadian Pacific Kansas City Limited,CP.TO,Canada,EXCLUDED_INSTRUMENT_TYPE_NOT_YET_STRICTLY_VERIFIED,True,True,False,True,False
WS:XTSE:CPX,CA_TSX,Capital Power Corporation,CPX.TO,Canada,EXCLUDED_INSTRUMENT_TYPE_NOT_YET_STRICTLY_VERIFIED,True,True,False,True,False
WS:XTSE:CRR.UN,CA_TSX,Crombie Real Estate Investment Trust,CRR-UN.TO,Canada,EXCLUDED_OTHER_NON_STRICT_REASON_NOT_CLASSIFIED_V0_22,True,True,False,False,False
WS:XTSE:CRT.UN,CA_TSX,CT Real Estate Investment Trust,CRT-UN.TO,Canada,EXCLUDED_OTHER_NON_STRICT_REASON_NOT_CLASSIFIED_V0_22,True,True,False,False,False
WS:XTSE:CS,CA_TSX,Capstone Copper Corp.,CS.TO,Canada,EXCLUDED_INSTRUMENT_TYPE_NOT_YET_STRICTLY_VERIFIED,True,True,False,True,False
WS:XTSE:CSH.UN,CA_TSX,Chartwell Retirement Residences,CSH-UN.TO,Canada,EXCLUDED_OTHER_NON_STRICT_REASON_NOT_CLASSIFIED_V0_22,True,True,False,False,False
WS:XTSE:CSU,CA_TSX,Constellation Software Inc.,CSU.TO,Canada,EXCLUDED_INSTRUMENT_TYPE_NOT_YET_STRICTLY_VERIFIED,True,True,False,True,False
WS:XTSE:CTC.A,CA_TSX,Canadian Tire Corporation Limited Class A Non-Voting Shares,CTC-A.TO,Canada,EXCLUDED_INSTRUMENT_TYPE_NOT_YET_STRICTLY_VERIFIED,True,True,False,True,False
WS:XTSE:CU,CA_TSX,Canadian Utilities Limited Class A Non-Voting Shares,CU.TO,Canada,EXCLUDED_INSTRUMENT_TYPE_NOT_YET_STRICTLY_VERIFIED,True,True,False,True,False
WS:XTSE:CURA,CA_TSX,Curaleaf Holdings Inc. Subordinate Voting Shares,CURA.TO,Canada,EXCLUDED_OTHER_NON_STRICT_REASON_NOT_CLASSIFIED_V0_22,True,True,False,False,False
WS:XTSE:CVE,CA_TSX,Cenovus Energy Inc.,CVE.TO,Canada,EXCLUDED_INSTRUMENT_TYPE_NOT_YET_STRICTLY_VERIFIED,True,True,False,True,False
WS:XTSE:DFY,CA_TSX,Definity Financial Corporation,DFY.TO,Canada,EXCLUDED_OTHER_NON_STRICT_REASON_NOT_CLASSIFIED_V0_22,True,True,False,False,False
WS:XTSE:DIR.UN,CA_TSX,Dream Industrial Real Estate Investment Trust,DIR-UN.TO,Canada,EXCLUDED_OTHER_NON_STRICT_REASON_NOT_CLASSIFIED_V0_22,True,True,False,False,False
WS:XTSE:DML,CA_TSX,Denison Mines Corp.,DML.TO,Canada,EXCLUDED_OTHER_NON_STRICT_REASON_NOT_CLASSIFIED_V0_22,True,True,False,False,False
WS:XTSE:DOL,CA_TSX,Dollarama Inc.,DOL.TO,Canada,EXCLUDED_INSTRUMENT_TYPE_NOT_YET_STRICTLY_VERIFIED,True,True,False,True,False
WS:XTSE:DOO,CA_TSX,BRP Inc. Subordinate Voting Shares,DOO.TO,Canada,EXCLUDED_OTHER_NON_STRICT_REASON_NOT_CLASSIFIED_V0_22,True,True,False,False,False
WS:XTSE:DPM,CA_TSX,DPM Metals Inc.,DPM.TO,Canada,EXCLUDED_INSTRUMENT_TYPE_NOT_YET_STRICTLY_VERIFIED,True,True,False,True,False
WS:XTSE:DSG,CA_TSX,Descartes Systems Group Inc. (The),DSG.TO,Canada,EXCLUDED_INSTRUMENT_TYPE_NOT_YET_STRICTLY_VERIFIED,True,True,False,True,False
WS:XTSE:DSV,CA_TSX,Discovery Mining Ltd.,DSV.TO,Canada,EXCLUDED_INSTRUMENT_TYPE_NOT_YET_STRICTLY_VERIFIED,True,True,False,True,False
WS:XTSE:EDR,CA_TSX,Endeavour Silver Corp.,EDR.TO,Canada,EXCLUDED_OTHER_NON_STRICT_REASON_NOT_CLASSIFIED_V0_22,True,True,False,False,False
WS:XTSE:EFN,CA_TSX,Element Fleet Management Corp.,EFN.TO,Canada,EXCLUDED_OTHER_NON_STRICT_REASON_NOT_CLASSIFIED_V0_22,True,True,False,False,False
WS:XTSE:EFR,CA_TSX,Energy Fuels Inc.,EFR.TO,Canada,EXCLUDED_OTHER_NON_STRICT_REASON_NOT_CLASSIFIED_V0_22,True,True,False,False,False
WS:XTSE:EFX,CA_TSX,Enerflex Ltd.,EFX.TO,Canada,EXCLUDED_INSTRUMENT_TYPE_NOT_YET_STRICTLY_VERIFIED,True,True,False,True,False
WS:XTSE:EIF,CA_TSX,Exchange Income Corporation,EIF.TO,Canada,EXCLUDED_OTHER_NON_STRICT_REASON_NOT_CLASSIFIED_V0_22,True,True,False,False,False
WS:XTSE:ELD,CA_TSX,Eldorado Gold Corporation,ELD.TO,Canada,EXCLUDED_INSTRUMENT_TYPE_NOT_YET_STRICTLY_VERIFIED,True,True,False,True,False
WS:XTSE:EMA,CA_TSX,Emera Incorporated,EMA.TO,Canada,EXCLUDED_INSTRUMENT_TYPE_NOT_YET_STRICTLY_VERIFIED,True,True,False,True,False
WS:XTSE:EMP.A,CA_TSX,Empire Company Limited Non-Voting Class A Shares,EMP-A.TO,Canada,EXCLUDED_OTHER_NON_STRICT_REASON_NOT_CLASSIFIED_V0_22,True,True,False,False,False
WS:XTSE:ENB,CA_TSX,Enbridge Inc.,ENB.TO,Canada,EXCLUDED_INSTRUMENT_TYPE_NOT_YET_STRICTLY_VERIFIED,True,True,False,True,False
WS:XTSE:EQB,CA_TSX,EQB Inc.,EQB.TO,Canada,EXCLUDED_OTHER_NON_STRICT_REASON_NOT_CLASSIFIED_V0_22,True,True,False,False,False
WS:XTSE:EQX,CA_TSX,Equinox Gold Corp.,EQX.TO,Canada,EXCLUDED_INSTRUMENT_TYPE_NOT_YET_STRICTLY_VERIFIED,True,True,False,True,False
WS:XTSE:ERO,CA_TSX,Ero Copper Corp.,ERO.TO,Canada,EXCLUDED_OTHER_NON_STRICT_REASON_NOT_CLASSIFIED_V0_22,True,True,False,False,False
WS:XTSE:EXE,CA_TSX,Extendicare Inc.,EXE.TO,Canada,EXCLUDED_OTHER_NON_STRICT_REASON_NOT_CLASSIFIED_V0_22,True,True,False,False,False
WS:XTSE:FCR.UN,CA_TSX,First Capital Real Estate Investment Trust,FCR-UN.TO,Canada,EXCLUDED_OTHER_NON_STRICT_REASON_NOT_CLASSIFIED_V0_22,True,True,False,False,False
WS:XTSE:FFH,CA_TSX,Fairfax Financial Holdings Limited Subordinate Voting Shares,FFH.TO,Canada,EXCLUDED_INSTRUMENT_TYPE_NOT_YET_STRICTLY_VERIFIED,True,True,False,True,False
WS:XTSE:FM,CA_TSX,First Quantum Minerals Ltd.,FM.TO,Canada,EXCLUDED_INSTRUMENT_TYPE_NOT_YET_STRICTLY_VERIFIED,True,True,False,True,False
WS:XTSE:FNV,CA_TSX,Franco-Nevada Corporation,FNV.TO,Canada,EXCLUDED_INSTRUMENT_TYPE_NOT_YET_STRICTLY_VERIFIED,True,True,False,True,False
WS:XTSE:FRU,CA_TSX,Freehold Royalties Ltd.,FRU.TO,Canada,EXCLUDED_OTHER_NON_STRICT_REASON_NOT_CLASSIFIED_V0_22,True,True,False,False,False
WS:XTSE:FSV,CA_TSX,FirstService Corporation,FSV.TO,Canada,EXCLUDED_INSTRUMENT_TYPE_NOT_YET_STRICTLY_VERIFIED,True,True,False,True,False
WS:XTSE:FTS,CA_TSX,Fortis Inc.,FTS.TO,Canada,EXCLUDED_INSTRUMENT_TYPE_NOT_YET_STRICTLY_VERIFIED,True,True,False,True,False
WS:XTSE:FTT,CA_TSX,Finning International Inc.,FTT.TO,Canada,EXCLUDED_INSTRUMENT_TYPE_NOT_YET_STRICTLY_VERIFIED,True,True,False,True,False
WS:XTSE:FVI,CA_TSX,Fortuna Mining Corp.,FVI.TO,Canada,EXCLUDED_OTHER_NON_STRICT_REASON_NOT_CLASSIFIED_V0_22,True,True,False,False,False
WS:XTSE:GEI,CA_TSX,Gibson Energy Inc.,GEI.TO,Canada,EXCLUDED_OTHER_NON_STRICT_REASON_NOT_CLASSIFIED_V0_22,True,True,False,False,False
WS:XTSE:GFL,CA_TSX,GFL Environmental Inc. subordinate voting shares,GFL.TO,Canada,EXCLUDED_INSTRUMENT_TYPE_NOT_YET_STRICTLY_VERIFIED,True,True,False,True,False
WS:XTSE:GIB.A,CA_TSX,CGI Inc. Class A Subordinate Voting Shares,GIB-A.TO,Canada,EXCLUDED_INSTRUMENT_TYPE_NOT_YET_STRICTLY_VERIFIED,True,True,False,True,False
WS:XTSE:GIL,CA_TSX,Gildan Activewear Inc.,GIL.TO,Canada,EXCLUDED_INSTRUMENT_TYPE_NOT_YET_STRICTLY_VERIFIED,True,True,False,True,False
WS:XTSE:GMIN,CA_TSX,G Mining Ventures Corp.,GMIN.TO,Canada,EXCLUDED_INSTRUMENT_TYPE_NOT_YET_STRICTLY_VERIFIED,True,True,False,True,False
WS:XTSE:GRT.UN,CA_TSX,Granite Real Estate Investment Trust,GRT-UN.TO,Canada,EXCLUDED_OTHER_NON_STRICT_REASON_NOT_CLASSIFIED_V0_22,True,True,False,False,False
WS:XTSE:GWO,CA_TSX,Great-West Lifeco Inc.,GWO.TO,Canada,EXCLUDED_INSTRUMENT_TYPE_NOT_YET_STRICTLY_VERIFIED,True,True,False,True,False
WS:XTSE:H,CA_TSX,Hydro One Limited,H.TO,Canada,EXCLUDED_INSTRUMENT_TYPE_NOT_YET_STRICTLY_VERIFIED,True,True,False,True,False
WS:XTSE:HBM,CA_TSX,Hudbay Minerals Inc.,HBM.TO,Canada,EXCLUDED_INSTRUMENT_TYPE_NOT_YET_STRICTLY_VERIFIED,True,True,False,True,False
WS:XTSE:HPS.A,CA_TSX,Hammond Power Solutions Inc. Class A Subordinate Voting Shares,HPS-A.TO,Canada,EXCLUDED_OTHER_NON_STRICT_REASON_NOT_CLASSIFIED_V0_22,True,True,False,False,False
WS:XTSE:HR.UN,CA_TSX,H&R Real Estate Investment Trust,HR-UN.TO,Canada,EXCLUDED_OTHER_NON_STRICT_REASON_NOT_CLASSIFIED_V0_22,True,True,False,False,False
WS:XTSE:HWX,CA_TSX,Headwater Exploration Inc.,HWX.TO,Canada,EXCLUDED_OTHER_NON_STRICT_REASON_NOT_CLASSIFIED_V0_22,True,True,False,False,False
WS:XTSE:IAG,CA_TSX,iA Financial Corporation Inc.,IAG.TO,Canada,EXCLUDED_INSTRUMENT_TYPE_NOT_YET_STRICTLY_VERIFIED,True,True,False,True,False
WS:XTSE:IAU,CA_TSX,i-80 Gold Corp.,IAU.TO,Canada,EXCLUDED_OTHER_NON_STRICT_REASON_NOT_CLASSIFIED_V0_22,True,True,False,False,False
WS:XTSE:IFC,CA_TSX,Intact Financial Corporation,IFC.TO,Canada,EXCLUDED_INSTRUMENT_TYPE_NOT_YET_STRICTLY_VERIFIED,True,True,False,True,False
WS:XTSE:IGM,CA_TSX,IGM Financial Inc.,IGM.TO,Canada,EXCLUDED_INSTRUMENT_TYPE_NOT_YET_STRICTLY_VERIFIED,True,True,False,True,False
WS:XTSE:IMG,CA_TSX,IAMGOLD Corporation,IMG.TO,Canada,EXCLUDED_INSTRUMENT_TYPE_NOT_YET_STRICTLY_VERIFIED,True,True,False,True,False
WS:XTSE:IMO,CA_TSX,Imperial Oil Limited,IMO.TO,Canada,EXCLUDED_INSTRUMENT_TYPE_NOT_YET_STRICTLY_VERIFIED,True,True,False,True,False
WS:XTSE:IPCO,CA_TSX,International Petroleum Corporation,IPCO.TO,Canada,EXCLUDED_OTHER_NON_STRICT_REASON_NOT_CLASSIFIED_V0_22,True,True,False,False,False
WS:XTSE:IVN,CA_TSX,Ivanhoe Mines Ltd.,IVN.TO,Canada,EXCLUDED_INSTRUMENT_TYPE_NOT_YET_STRICTLY_VERIFIED,True,True,False,True,False
WS:XTSE:JWEL,CA_TSX,Jamieson Wellness Inc.,JWEL.TO,Canada,EXCLUDED_OTHER_NON_STRICT_REASON_NOT_CLASSIFIED_V0_22,True,True,False,False,False
WS:XTSE:K,CA_TSX,Kinross Gold Corporation,K.TO,Canada,EXCLUDED_INSTRUMENT_TYPE_NOT_YET_STRICTLY_VERIFIED,True,True,False,True,False
WS:XTSE:KEL,CA_TSX,Kelt Exploration Ltd.,KEL.TO,Canada,EXCLUDED_OTHER_NON_STRICT_REASON_NOT_CLASSIFIED_V0_22,True,True,False,False,False
WS:XTSE:KEY,CA_TSX,Keyera Corp.,KEY.TO,Canada,EXCLUDED_INSTRUMENT_TYPE_NOT_YET_STRICTLY_VERIFIED,True,True,False,True,False
WS:XTSE:KMP.UN,CA_TSX,Killam Apartment Real Estate Investment Trust,KMP-UN.TO,Canada,EXCLUDED_OTHER_NON_STRICT_REASON_NOT_CLASSIFIED_V0_22,True,True,False,False,False
WS:XTSE:KNT,CA_TSX,K92 Mining Inc.,KNT.TO,Canada,EXCLUDED_OTHER_NON_STRICT_REASON_NOT_CLASSIFIED_V0_22,True,True,False,False,False
WS:XTSE:KXS,CA_TSX,Kinaxis Inc.,KXS.TO,Canada,EXCLUDED_OTHER_NON_STRICT_REASON_NOT_CLASSIFIED_V0_22,True,True,False,False,False
WS:XTSE:L,CA_TSX,Loblaw Companies Limited,L.TO,Canada,EXCLUDED_INSTRUMENT_TYPE_NOT_YET_STRICTLY_VERIFIED,True,True,False,True,False
WS:XTSE:LAC,CA_TSX,Lithium Americas Corp.,LAC.TO,Canada,EXCLUDED_OTHER_NON_STRICT_REASON_NOT_CLASSIFIED_V0_22,True,True,False,False,False
WS:XTSE:LB,CA_TSX,Laurentian Bank of Canada,LB.TO,Canada,EXCLUDED_OTHER_NON_STRICT_REASON_NOT_CLASSIFIED_V0_22,True,True,False,False,False
WS:XTSE:LIF,CA_TSX,Labrador Iron Ore Royalty Corporation,LIF.TO,Canada,EXCLUDED_OTHER_NON_STRICT_REASON_NOT_CLASSIFIED_V0_22,True,True,False,False,False
WS:XTSE:LNR,CA_TSX,Linamar Corporation,LNR.TO,Canada,EXCLUDED_OTHER_NON_STRICT_REASON_NOT_CLASSIFIED_V0_22,True,True,False,False,False
WS:XTSE:LSPD,CA_TSX,Lightspeed Commerce Inc. Subordinate Voting Shares,LSPD.TO,Canada,EXCLUDED_OTHER_NON_STRICT_REASON_NOT_CLASSIFIED_V0_22,True,True,False,False,False
WS:XTSE:LUG,CA_TSX,Lundin Gold Inc.,LUG.TO,Canada,EXCLUDED_INSTRUMENT_TYPE_NOT_YET_STRICTLY_VERIFIED,True,True,False,True,False
WS:XTSE:LUN,CA_TSX,Lundin Mining Corporation,LUN.TO,Canada,EXCLUDED_INSTRUMENT_TYPE_NOT_YET_STRICTLY_VERIFIED,True,True,False,True,False
WS:XTSE:MAU,CA_TSX,Montage Gold Corp.,MAU.TO,Canada,EXCLUDED_OTHER_NON_STRICT_REASON_NOT_CLASSIFIED_V0_22,True,True,False,False,False
WS:XTSE:MDA,CA_TSX,MDA Space Ltd.,MDA.TO,Canada,EXCLUDED_INSTRUMENT_TYPE_NOT_YET_STRICTLY_VERIFIED,True,True,False,True,False
WS:XTSE:MFC,CA_TSX,Manulife Financial Corporation,MFC.TO,Canada,EXCLUDED_INSTRUMENT_TYPE_NOT_YET_STRICTLY_VERIFIED,True,True,False,True,False
WS:XTSE:MFI,CA_TSX,Maple Leaf Foods Inc.,MFI.TO,Canada,EXCLUDED_OTHER_NON_STRICT_REASON_NOT_CLASSIFIED_V0_22,True,True,False,False,False
WS:XTSE:MG,CA_TSX,Magna International Inc.,MG.TO,Canada,EXCLUDED_INSTRUMENT_TYPE_NOT_YET_STRICTLY_VERIFIED,True,True,False,True,False
WS:XTSE:MRU,CA_TSX,Metro Inc.,MRU.TO,Canada,EXCLUDED_INSTRUMENT_TYPE_NOT_YET_STRICTLY_VERIFIED,True,True,False,True,False
WS:XTSE:MTL,CA_TSX,Mullen Group Ltd.,MTL.TO,Canada,EXCLUDED_OTHER_NON_STRICT_REASON_NOT_CLASSIFIED_V0_22,True,True,False,False,False
WS:XTSE:MX,CA_TSX,Methanex Corporation,MX.TO,Canada,EXCLUDED_OTHER_NON_STRICT_REASON_NOT_CLASSIFIED_V0_22,True,True,False,False,False
WS:XTSE:NA,CA_TSX,National Bank of Canada,NA.TO,Canada,EXCLUDED_INSTRUMENT_TYPE_NOT_YET_STRICTLY_VERIFIED,True,True,False,True,False
WS:XTSE:NFI,CA_TSX,NFI Group Inc.,NFI.TO,Canada,EXCLUDED_OTHER_NON_STRICT_REASON_NOT_CLASSIFIED_V0_22,True,True,False,False,False
WS:XTSE:NG,CA_TSX,NovaGold Resources Inc.,NG.TO,Canada,EXCLUDED_OTHER_NON_STRICT_REASON_NOT_CLASSIFIED_V0_22,True,True,False,False,False
WS:XTSE:NGEX,CA_TSX,NGEx Minerals Ltd.,NGEX.TO,Canada,EXCLUDED_OTHER_NON_STRICT_REASON_NOT_CLASSIFIED_V0_22,True,True,False,False,False
WS:XTSE:NPI,CA_TSX,Northland Power Inc.,NPI.TO,Canada,EXCLUDED_OTHER_NON_STRICT_REASON_NOT_CLASSIFIED_V0_22,True,True,False,False,False
WS:XTSE:NTR,CA_TSX,Nutrien Ltd.,NTR.TO,Canada,EXCLUDED_INSTRUMENT_TYPE_NOT_YET_STRICTLY_VERIFIED,True,True,False,True,False
WS:XTSE:NWC,CA_TSX,North West Company Inc. (The),NWC.TO,Canada,EXCLUDED_OTHER_NON_STRICT_REASON_NOT_CLASSIFIED_V0_22,True,True,False,False,False
WS:XTSE:NXE,CA_TSX,NexGen Energy Ltd.,NXE.TO,Canada,EXCLUDED_OTHER_NON_STRICT_REASON_NOT_CLASSIFIED_V0_22,True,True,False,False,False
WS:XTSE:OGC,CA_TSX,OceanaGold Corporation,OGC.TO,Canada,EXCLUDED_INSTRUMENT_TYPE_NOT_YET_STRICTLY_VERIFIED,True,True,False,True,False
WS:XTSE:ONEX,CA_TSX,ONEX Corporation Subordinate Voting Shares,ONEX.TO,Canada,EXCLUDED_OTHER_NON_STRICT_REASON_NOT_CLASSIFIED_V0_22,True,True,False,False,False
WS:XTSE:OR,CA_TSX,OR Royalties Inc.,OR.TO,Canada,EXCLUDED_OTHER_NON_STRICT_REASON_NOT_CLASSIFIED_V0_22,True,True,False,False,False
WS:XTSE:OTEX,CA_TSX,Open Text Corporation,OTEX.TO,Canada,EXCLUDED_INSTRUMENT_TYPE_NOT_YET_STRICTLY_VERIFIED,True,True,False,True,False
WS:XTSE:PAAS,CA_TSX,Pan American Silver Corp.,PAAS.TO,Canada,EXCLUDED_INSTRUMENT_TYPE_NOT_YET_STRICTLY_VERIFIED,True,True,False,True,False
WS:XTSE:PBH,CA_TSX,Premium Brands Holdings Corporation,PBH.TO,Canada,EXCLUDED_INSTRUMENT_TYPE_NOT_YET_STRICTLY_VERIFIED,True,True,False,True,False
WS:XTSE:PEY,CA_TSX,Peyto Exploration & Development Corp.,PEY.TO,Canada,EXCLUDED_OTHER_NON_STRICT_REASON_NOT_CLASSIFIED_V0_22,True,True,False,False,False
WS:XTSE:PMZ.UN,CA_TSX,Primaris Real Estate Investment Trust,PMZ-UN.TO,Canada,EXCLUDED_OTHER_NON_STRICT_REASON_NOT_CLASSIFIED_V0_22,True,True,False,False,False
WS:XTSE:POU,CA_TSX,Paramount Resources Ltd. Class A Common Shares,POU.TO,Canada,EXCLUDED_OTHER_NON_STRICT_REASON_NOT_CLASSIFIED_V0_22,True,True,False,False,False
WS:XTSE:POW,CA_TSX,Power Corporation of Canada Subordinate Voting Shares,POW.TO,Canada,EXCLUDED_INSTRUMENT_TYPE_NOT_YET_STRICTLY_VERIFIED,True,True,False,True,False
WS:XTSE:PPL,CA_TSX,Pembina Pipeline Corporation,PPL.TO,Canada,EXCLUDED_INSTRUMENT_TYPE_NOT_YET_STRICTLY_VERIFIED,True,True,False,True,False
WS:XTSE:PPTA,CA_TSX,Perpetua Resources Corp.,PPTA.TO,Canada,EXCLUDED_OTHER_NON_STRICT_REASON_NOT_CLASSIFIED_V0_22,True,True,False,False,False
WS:XTSE:PSK,CA_TSX,PrairieSky Royalty Ltd.,PSK.TO,Canada,EXCLUDED_OTHER_NON_STRICT_REASON_NOT_CLASSIFIED_V0_22,True,True,False,False,False
WS:XTSE:PXT,CA_TSX,Parex Resources Inc.,PXT.TO,Canada,EXCLUDED_OTHER_NON_STRICT_REASON_NOT_CLASSIFIED_V0_22,True,True,False,False,False
WS:XTSE:QBR.B,CA_TSX,Quebecor Inc. Class B Subordinate Voting Shares,QBR-B.TO,Canada,EXCLUDED_INSTRUMENT_TYPE_NOT_YET_STRICTLY_VERIFIED,True,True,False,True,False
WS:XTSE:QSR,CA_TSX,Restaurant Brands International Inc.,QSR.TO,Canada,EXCLUDED_INSTRUMENT_TYPE_NOT_YET_STRICTLY_VERIFIED,True,True,False,True,False
WS:XTSE:RBA,CA_TSX,RB Global Inc.,RBA.TO,Canada,EXCLUDED_INSTRUMENT_TYPE_NOT_YET_STRICTLY_VERIFIED,True,True,False,True,False
WS:XTSE:RCH,CA_TSX,Richelieu Hardware Ltd.,RCH.TO,Canada,EXCLUDED_OTHER_NON_STRICT_REASON_NOT_CLASSIFIED_V0_22,True,True,False,False,False
WS:XTSE:RCI.B,CA_TSX,Rogers Communications Inc. Class B Non-voting Shares,RCI-B.TO,Canada,EXCLUDED_INSTRUMENT_TYPE_NOT_YET_STRICTLY_VERIFIED,True,True,False,True,False
WS:XTSE:REI.UN,CA_TSX,RioCan Real Estate Investment Trust,REI-UN.TO,Canada,EXCLUDED_OTHER_NON_STRICT_REASON_NOT_CLASSIFIED_V0_22,True,True,False,False,False
WS:XTSE:RUS,CA_TSX,Russel Metals Inc.,RUS.TO,Canada,EXCLUDED_OTHER_NON_STRICT_REASON_NOT_CLASSIFIED_V0_22,True,True,False,False,False
WS:XTSE:RY,CA_TSX,Royal Bank of Canada,RY.TO,Canada,EXCLUDED_INSTRUMENT_TYPE_NOT_YET_STRICTLY_VERIFIED,True,True,False,True,False
WS:XTSE:SAP,CA_TSX,Saputo Inc.,SAP.TO,Canada,EXCLUDED_INSTRUMENT_TYPE_NOT_YET_STRICTLY_VERIFIED,True,True,False,True,False
WS:XTSE:SCR,CA_TSX,Strathcona Resources Ltd.,SCR.TO,Canada,EXCLUDED_OTHER_NON_STRICT_REASON_NOT_CLASSIFIED_V0_22,True,True,False,False,False
WS:XTSE:SDE,CA_TSX,Spartan Delta Corp.,SDE.TO,Canada,EXCLUDED_OTHER_NON_STRICT_REASON_NOT_CLASSIFIED_V0_22,True,True,False,False,False
WS:XTSE:SEA,CA_TSX,Seabridge Gold Inc.,SEA.TO,Canada,EXCLUDED_OTHER_NON_STRICT_REASON_NOT_CLASSIFIED_V0_22,True,True,False,False,False
WS:XTSE:SES,CA_TSX,Secure Waste Infrastructure Corp.,SES.TO,Canada,EXCLUDED_OTHER_NON_STRICT_REASON_NOT_CLASSIFIED_V0_22,True,True,False,False,False
WS:XTSE:SHOP,CA_TSX,Shopify Inc. Class A Subordinate Voting Shares,SHOP.TO,Canada,EXCLUDED_INSTRUMENT_TYPE_NOT_YET_STRICTLY_VERIFIED,True,True,False,True,False
WS:XTSE:SIA,CA_TSX,Sienna Senior Living Inc.,SIA.TO,Canada,EXCLUDED_OTHER_NON_STRICT_REASON_NOT_CLASSIFIED_V0_22,True,True,False,False,False
WS:XTSE:SII,CA_TSX,Sprott Inc.,SII.TO,Canada,EXCLUDED_OTHER_NON_STRICT_REASON_NOT_CLASSIFIED_V0_22,True,True,False,False,False
WS:XTSE:SJ,CA_TSX,Stella-Jones Inc.,SJ.TO,Canada,EXCLUDED_OTHER_NON_STRICT_REASON_NOT_CLASSIFIED_V0_22,True,True,False,False,False
WS:XTSE:SKE,CA_TSX,Skeena Resources Limited,SKE.TO,Canada,EXCLUDED_OTHER_NON_STRICT_REASON_NOT_CLASSIFIED_V0_22,True,True,False,False,False
WS:XTSE:SLF,CA_TSX,Sun Life Financial Inc.,SLF.TO,Canada,EXCLUDED_INSTRUMENT_TYPE_NOT_YET_STRICTLY_VERIFIED,True,True,False,True,False
WS:XTSE:SOBO,CA_TSX,South Bow Corporation,SOBO.TO,Canada,EXCLUDED_INSTRUMENT_TYPE_NOT_YET_STRICTLY_VERIFIED,True,True,False,True,False
WS:XTSE:SPB,CA_TSX,Superior Plus Corp.,SPB.TO,Canada,EXCLUDED_OTHER_NON_STRICT_REASON_NOT_CLASSIFIED_V0_22,True,True,False,False,False
WS:XTSE:SRU.UN,CA_TSX,SmartCentres Real Estate Investment Trust,SRU-UN.TO,Canada,EXCLUDED_OTHER_NON_STRICT_REASON_NOT_CLASSIFIED_V0_22,True,True,False,False,False
WS:XTSE:SSRM,CA_TSX,SSR Mining Inc.,SSRM.TO,Canada,EXCLUDED_OTHER_NON_STRICT_REASON_NOT_CLASSIFIED_V0_22,True,True,False,False,False
WS:XTSE:STN,CA_TSX,Stantec Inc.,STN.TO,Canada,EXCLUDED_INSTRUMENT_TYPE_NOT_YET_STRICTLY_VERIFIED,True,True,False,True,False
WS:XTSE:SU,CA_TSX,Suncor Energy Inc.,SU.TO,Canada,EXCLUDED_INSTRUMENT_TYPE_NOT_YET_STRICTLY_VERIFIED,True,True,False,True,False
WS:XTSE:SVM,CA_TSX,Silvercorp Metals Inc.,SVM.TO,Canada,EXCLUDED_OTHER_NON_STRICT_REASON_NOT_CLASSIFIED_V0_22,True,True,False,False,False
WS:XTSE:SXGC,CA_TSX,Southern Cross Gold Consolidated Ltd.,SXGC.TO,Canada,EXCLUDED_OTHER_NON_STRICT_REASON_NOT_CLASSIFIED_V0_22,True,True,False,False,False
WS:XTSE:T,CA_TSX,TELUS Corporation,T.TO,Canada,EXCLUDED_INSTRUMENT_TYPE_NOT_YET_STRICTLY_VERIFIED,True,True,False,True,False
WS:XTSE:TA,CA_TSX,TransAlta Corporation,TA.TO,Canada,EXCLUDED_INSTRUMENT_TYPE_NOT_YET_STRICTLY_VERIFIED,True,True,False,True,False
WS:XTSE:TD,CA_TSX,Toronto-Dominion Bank (The),TD.TO,Canada,EXCLUDED_INSTRUMENT_TYPE_NOT_YET_STRICTLY_VERIFIED,True,True,False,True,False
WS:XTSE:TECK.B,CA_TSX,Teck Resources Limited Class B Subordinate Voting Shares,TECK-B.TO,Canada,EXCLUDED_INSTRUMENT_TYPE_NOT_YET_STRICTLY_VERIFIED,True,True,False,True,False
WS:XTSE:TFII,CA_TSX,TFI International Inc.,TFII.TO,Canada,EXCLUDED_INSTRUMENT_TYPE_NOT_YET_STRICTLY_VERIFIED,True,True,False,True,False
WS:XTSE:TFPM,CA_TSX,Triple Flag Precious Metals Corp.,TFPM.TO,Canada,EXCLUDED_OTHER_NON_STRICT_REASON_NOT_CLASSIFIED_V0_22,True,True,False,False,False
WS:XTSE:TIH,CA_TSX,Toromont Industries Ltd.,TIH.TO,Canada,EXCLUDED_INSTRUMENT_TYPE_NOT_YET_STRICTLY_VERIFIED,True,True,False,True,False
WS:XTSE:TKO,CA_TSX,Trekor Metals Limited,TKO.TO,Canada,EXCLUDED_OTHER_NON_STRICT_REASON_NOT_CLASSIFIED_V0_22,True,True,False,False,False
WS:XTSE:TOU,CA_TSX,Tourmaline Oil Corp.,TOU.TO,Canada,EXCLUDED_INSTRUMENT_TYPE_NOT_YET_STRICTLY_VERIFIED,True,True,False,True,False
WS:XTSE:TPZ,CA_TSX,Topaz Energy Corp.,TPZ.TO,Canada,EXCLUDED_OTHER_NON_STRICT_REASON_NOT_CLASSIFIED_V0_22,True,True,False,False,False
WS:XTSE:TRI,CA_TSX,Thomson Reuters Corporation,TRI.TO,Canada,EXCLUDED_INSTRUMENT_TYPE_NOT_YET_STRICTLY_VERIFIED,True,True,False,True,False
WS:XTSE:TRP,CA_TSX,TC Energy Corporation,TRP.TO,Canada,EXCLUDED_INSTRUMENT_TYPE_NOT_YET_STRICTLY_VERIFIED,True,True,False,True,False
WS:XTSE:TSU,CA_TSX,Trisura Group Ltd.,TSU.TO,Canada,EXCLUDED_OTHER_NON_STRICT_REASON_NOT_CLASSIFIED_V0_22,True,True,False,False,False
WS:XTSE:TVE,CA_TSX,Tamarack Valley Energy Ltd.,TVE.TO,Canada,EXCLUDED_OTHER_NON_STRICT_REASON_NOT_CLASSIFIED_V0_22,True,True,False,False,False
WS:XTSE:TVK,CA_TSX,TerraVest Industries Inc.,TVK.TO,Canada,EXCLUDED_OTHER_NON_STRICT_REASON_NOT_CLASSIFIED_V0_22,True,True,False,False,False
WS:XTSE:TXG,CA_TSX,Torex Gold Resources Inc.,TXG.TO,Canada,EXCLUDED_INSTRUMENT_TYPE_NOT_YET_STRICTLY_VERIFIED,True,True,False,True,False
WS:XTSE:USA,CA_TSX,Americas Gold and Silver Corporation,USA.TO,Canada,EXCLUDED_OTHER_NON_STRICT_REASON_NOT_CLASSIFIED_V0_22,True,True,False,False,False
WS:XTSE:VET,CA_TSX,Vermilion Energy Inc.,VET.TO,Canada,EXCLUDED_OTHER_NON_STRICT_REASON_NOT_CLASSIFIED_V0_22,True,True,False,False,False
WS:XTSE:VNP,CA_TSX,5N Plus Inc.,VNP.TO,Canada,EXCLUDED_OTHER_NON_STRICT_REASON_NOT_CLASSIFIED_V0_22,True,True,False,False,False
WS:XTSE:VZLA,CA_TSX,Vizsla Silver Corp.,VZLA.TO,Canada,EXCLUDED_OTHER_NON_STRICT_REASON_NOT_CLASSIFIED_V0_22,True,True,False,False,False
WS:XTSE:WCN,CA_TSX,Waste Connections Inc.,WCN.TO,Canada,EXCLUDED_INSTRUMENT_TYPE_NOT_YET_STRICTLY_VERIFIED,True,True,False,True,False
WS:XTSE:WCP,CA_TSX,Whitecap Resources Inc.,WCP.TO,Canada,EXCLUDED_INSTRUMENT_TYPE_NOT_YET_STRICTLY_VERIFIED,True,True,False,True,False
WS:XTSE:WDO,CA_TSX,Wesdome Gold Mines Ltd.,WDO.TO,Canada,EXCLUDED_OTHER_NON_STRICT_REASON_NOT_CLASSIFIED_V0_22,True,True,False,False,False
WS:XTSE:WFG,CA_TSX,West Fraser Timber Co. Ltd.,WFG.TO,Canada,EXCLUDED_OTHER_NON_STRICT_REASON_NOT_CLASSIFIED_V0_22,True,True,False,False,False
WS:XTSE:WN,CA_TSX,George Weston Limited,WN.TO,Canada,EXCLUDED_OTHER_NON_STRICT_REASON_NOT_CLASSIFIED_V0_22,True,True,False,False,False
WS:XTSE:WPM,CA_TSX,Wheaton Precious Metals Corp.,WPM.TO,Canada,EXCLUDED_INSTRUMENT_TYPE_NOT_YET_STRICTLY_VERIFIED,True,True,False,True,False
WS:XTSE:WSP,CA_TSX,WSP Global Inc.,WSP.TO,Canada,EXCLUDED_INSTRUMENT_TYPE_NOT_YET_STRICTLY_VERIFIED,True,True,False,True,False
WS:XTSE:X,CA_TSX,TMX Group Limited,X.TO,Canada,EXCLUDED_INSTRUMENT_TYPE_NOT_YET_STRICTLY_VERIFIED,True,True,False,True,False
WS:XSHE:000001,CN_CSI300,"Ping An Bank Co., Ltd.",000001.SZ,China,INCLUDED_RESEARCH_PARTIAL_VERIFIED_STRICT,True,True,True,False,True
WS:XSHE:000002,CN_CSI300,China Vanke Co Ltd,000002.SZ,China,INCLUDED_RESEARCH_PARTIAL_VERIFIED_STRICT,True,True,True,False,True
WS:XSHE:000063,CN_CSI300,ZTE Corporation,000063.SZ,China,INCLUDED_RESEARCH_PARTIAL_VERIFIED_STRICT,True,True,True,False,True
WS:XSHE:000100,CN_CSI300,TCL Technology Group Corporation,000100.SZ,China,INCLUDED_RESEARCH_PARTIAL_VERIFIED_STRICT,True,True,True,False,True
WS:XSHE:000157,CN_CSI300,Zoomlion Heavy Industry Science & Technology Co Ltd,000157.SZ,China,INCLUDED_RESEARCH_PARTIAL_VERIFIED_STRICT,True,True,True,False,True
WS:XSHE:000166,CN_CSI300,"Shenwan Hongyuan Group CO., LTD",000166.SZ,China,INCLUDED_RESEARCH_PARTIAL_VERIFIED_STRICT,True,True,True,False,True
WS:XSHE:000301,CN_CSI300,"Jiangsu Eastern Shenghong Co.,Ltd.",000301.SZ,China,INCLUDED_RESEARCH_PARTIAL_VERIFIED_STRICT,True,True,True,False,True
WS:XSHE:000333,CN_CSI300,"Midea Group CO., LTD",000333.SZ,China,INCLUDED_RESEARCH_PARTIAL_VERIFIED_STRICT,True,True,True,False,True
WS:XSHE:000338,CN_CSI300,Wei Chai Power Co Ltd,000338.SZ,China,INCLUDED_RESEARCH_PARTIAL_VERIFIED_STRICT,True,True,True,False,True
WS:XSHE:000408,CN_CSI300,ZANGGE MINING COMPANY LIMITED,000408.SZ,China,INCLUDED_RESEARCH_PARTIAL_VERIFIED_STRICT,True,True,True,False,True
WS:XSHE:000425,CN_CSI300,XCMG Construction Machinery Co Ltd,000425.SZ,China,INCLUDED_RESEARCH_PARTIAL_VERIFIED_STRICT,True,True,True,False,True
WS:XSHE:000538,CN_CSI300,"Yunnan Baiyao Group Co., Ltd.",000538.SZ,China,INCLUDED_RESEARCH_PARTIAL_VERIFIED_STRICT,True,True,True,False,True
WS:XSHE:000568,CN_CSI300,Luzhou Lao Jiao Co Ltd,000568.SZ,China,INCLUDED_RESEARCH_PARTIAL_VERIFIED_STRICT,True,True,True,False,True
WS:XSHE:000596,CN_CSI300,Anhui Gujing Distillery Co Ltd,000596.SZ,China,INCLUDED_RESEARCH_PARTIAL_VERIFIED_STRICT,True,True,True,False,True
WS:XSHE:000617,CN_CSI300,CNPC Capital Company Limited,000617.SZ,China,INCLUDED_RESEARCH_PARTIAL_VERIFIED_STRICT,True,True,True,False,True
WS:XSHE:000625,CN_CSI300,Chongqing Changan Automobile Co Ltd,000625.SZ,China,INCLUDED_RESEARCH_PARTIAL_VERIFIED_STRICT,True,True,True,False,True
WS:XSHE:000630,CN_CSI300,Tongling Nonferrous Metals Group Co. Ltd,000630.SZ,China,INCLUDED_RESEARCH_PARTIAL_VERIFIED_STRICT,True,True,True,False,True
WS:XSHE:000651,CN_CSI300,"Gree Electric Appliances,Inc. of Zhuhai",000651.SZ,China,INCLUDED_RESEARCH_PARTIAL_VERIFIED_STRICT,True,True,True,False,True
WS:XSHE:000657,CN_CSI300,China Tungsten and Hightech Materials Co Ltd,000657.SZ,China,INCLUDED_RESEARCH_PARTIAL_VERIFIED_STRICT,True,True,True,False,True
WS:XSHE:000708,CN_CSI300,"CITIC Pacific Special Steel Group Co., Ltd",000708.SZ,China,INCLUDED_RESEARCH_PARTIAL_VERIFIED_STRICT,True,True,True,False,True
WS:XSHE:000725,CN_CSI300,BOE Technology Group Co Ltd,000725.SZ,China,INCLUDED_RESEARCH_PARTIAL_VERIFIED_STRICT,True,True,True,False,True
WS:XSHE:000768,CN_CSI300,AVIC XI'AN AIRCRAFT INDUSTRY GROUP COMPANY LTD.,000768.SZ,China,INCLUDED_RESEARCH_PARTIAL_VERIFIED_STRICT,True,True,True,False,True
WS:XSHE:000776,CN_CSI300,"GF Securities Co., Ltd.",000776.SZ,China,INCLUDED_RESEARCH_PARTIAL_VERIFIED_STRICT,True,True,True,False,True
WS:XSHE:000792,CN_CSI300,Qinghai Salt Lake Industry Co Ltd,000792.SZ,China,INCLUDED_RESEARCH_PARTIAL_VERIFIED_STRICT,True,True,True,False,True
WS:XSHE:000807,CN_CSI300,Yunnan Aluminium Co Ltd,000807.SZ,China,INCLUDED_RESEARCH_PARTIAL_VERIFIED_STRICT,True,True,True,False,True
WS:XSHE:000858,CN_CSI300,Wuliangye Yibin Co Ltd,000858.SZ,China,INCLUDED_RESEARCH_PARTIAL_VERIFIED_STRICT,True,True,True,False,True
WS:XSHE:000895,CN_CSI300,Henan Shuanghui Investment & Development Co Ltd,000895.SZ,China,INCLUDED_RESEARCH_PARTIAL_VERIFIED_STRICT,True,True,True,False,True
WS:XSHE:000938,CN_CSI300,"Unisplendour Co., Ltd.",000938.SZ,China,INCLUDED_RESEARCH_PARTIAL_VERIFIED_STRICT,True,True,True,False,True
WS:XSHE:000963,CN_CSI300,Huadong Medicine Co Ltd,000963.SZ,China,INCLUDED_RESEARCH_PARTIAL_VERIFIED_STRICT,True,True,True,False,True
WS:XSHE:000975,CN_CSI300,"Shanjin International Gold Co.,Ltd.",000975.SZ,China,INCLUDED_RESEARCH_PARTIAL_VERIFIED_STRICT,True,True,True,False,True
WS:XSHE:000977,CN_CSI300,"Inspur Electronic Information Industry Co.,Ltd",000977.SZ,China,INCLUDED_RESEARCH_PARTIAL_VERIFIED_STRICT,True,True,True,False,True
WS:XSHE:000988,CN_CSI300,Huagong Tech Co Ltd,000988.SZ,China,INCLUDED_RESEARCH_PARTIAL_VERIFIED_STRICT,True,True,True,False,True
WS:XSHE:000999,CN_CSI300,China Resources Sanjiu Medical & Pharmaceutical Co Ltd,000999.SZ,China,INCLUDED_RESEARCH_PARTIAL_VERIFIED_STRICT,True,True,True,False,True
WS:XSHE:001280,CN_CSI300,"China National Uranium Co., Ltd.",001280.SZ,China,EXCLUDED_OTHER_NON_STRICT_REASON_NOT_CLASSIFIED_V0_22,True,True,False,False,False
WS:XSHE:001391,CN_CSI300,"Air China Cargo Co., Ltd.",001391.SZ,China,EXCLUDED_OTHER_NON_STRICT_REASON_NOT_CLASSIFIED_V0_22,True,True,False,False,False
WS:XSHE:001965,CN_CSI300,"China Merchants Expressway Network Technology Holdings Co., Ltd.",001965.SZ,China,INCLUDED_RESEARCH_PARTIAL_VERIFIED_STRICT,True,True,True,False,True
WS:XSHE:001979,CN_CSI300,"CHINA MERCHANTS SHEKOU INDUSTRIAL ZONE HOLDINGS CO.,LTD",001979.SZ,China,INCLUDED_RESEARCH_PARTIAL_VERIFIED_STRICT,True,True,True,False,True
WS:XSHE:002001,CN_CSI300,Zhejiang NHU Co Ltd,002001.SZ,China,INCLUDED_RESEARCH_PARTIAL_VERIFIED_STRICT,True,True,True,False,True
WS:XSHE:002027,CN_CSI300,"Focus Media Information Technology Co., Ltd.",002027.SZ,China,INCLUDED_RESEARCH_PARTIAL_VERIFIED_STRICT,True,True,True,False,True
WS:XSHE:002028,CN_CSI300,"Siyuan Electric Co., Ltd.",002028.SZ,China,INCLUDED_RESEARCH_PARTIAL_VERIFIED_STRICT,True,True,True,False,True
WS:XSHE:002049,CN_CSI300,"Unigroup Guoxin Microelectronics Co., Ltd.",002049.SZ,China,INCLUDED_RESEARCH_PARTIAL_VERIFIED_STRICT,True,True,True,False,True
WS:XSHE:002050,CN_CSI300,"ZHEJIANG SANHUA INTELLIGENT CONTROLS CO.,LTD.",002050.SZ,China,INCLUDED_RESEARCH_PARTIAL_VERIFIED_STRICT,True,True,True,False,True
WS:XSHE:002074,CN_CSI300,"GUOXUAN HIGH-TECH CO.,LTD.",002074.SZ,China,INCLUDED_RESEARCH_PARTIAL_VERIFIED_STRICT,True,True,True,False,True
WS:XSHE:002142,CN_CSI300,Bank of Ningbo Co Ltd,002142.SZ,China,INCLUDED_RESEARCH_PARTIAL_VERIFIED_STRICT,True,True,True,False,True
WS:XSHE:002179,CN_CSI300,"Jonhon Optronic Technology Co.,Ltd",002179.SZ,China,INCLUDED_RESEARCH_PARTIAL_VERIFIED_STRICT,True,True,True,False,True
WS:XSHE:002202,CN_CSI300,"GOLDWIND SCIENCE & TECHNOLOGY CO.,LTD.",002202.SZ,China,INCLUDED_RESEARCH_PARTIAL_VERIFIED_STRICT,True,True,True,False,True
WS:XSHE:002230,CN_CSI300,"Iflytek Co.,Ltd.",002230.SZ,China,INCLUDED_RESEARCH_PARTIAL_VERIFIED_STRICT,True,True,True,False,True
WS:XSHE:002236,CN_CSI300,Zhejiang Dahua Technology Co Ltd,002236.SZ,China,INCLUDED_RESEARCH_PARTIAL_VERIFIED_STRICT,True,True,True,False,True
WS:XSHE:002241,CN_CSI300,GoerTek Inc,002241.SZ,China,INCLUDED_RESEARCH_PARTIAL_VERIFIED_STRICT,True,True,True,False,True
WS:XSHE:002304,CN_CSI300,Jiangsu Yanghe Brewery Joint-Stock Co Ltd,002304.SZ,China,INCLUDED_RESEARCH_PARTIAL_VERIFIED_STRICT,True,True,True,False,True
WS:XSHE:002311,CN_CSI300,Guangdong Haid Group Co Ltd,002311.SZ,China,INCLUDED_RESEARCH_PARTIAL_VERIFIED_STRICT,True,True,True,False,True
WS:XSHE:002352,CN_CSI300,"S.F. Holding Co., Ltd.",002352.SZ,China,INCLUDED_RESEARCH_PARTIAL_VERIFIED_STRICT,True,True,True,False,True
WS:XSHE:002353,CN_CSI300,Yantai Jereh Oilfield Services Group Co Ltd,002353.SZ,China,INCLUDED_RESEARCH_PARTIAL_VERIFIED_STRICT,True,True,True,False,True
WS:XSHE:002371,CN_CSI300,"NAURA Technology Group Co.,Ltd.",002371.SZ,China,INCLUDED_RESEARCH_PARTIAL_VERIFIED_STRICT,True,True,True,False,True
WS:XSHE:002384,CN_CSI300,Suzhou Dongshan Precision Manufacturing Co Ltd,002384.SZ,China,INCLUDED_RESEARCH_PARTIAL_VERIFIED_STRICT,True,True,True,False,True
WS:XSHE:002415,CN_CSI300,Hangzhou Hikvision Digital Technology Co Ltd,002415.SZ,China,INCLUDED_RESEARCH_PARTIAL_VERIFIED_STRICT,True,True,True,False,True
WS:XSHE:002422,CN_CSI300,Sichuan Kelun Pharmaceutical Co Ltd,002422.SZ,China,INCLUDED_RESEARCH_PARTIAL_VERIFIED_STRICT,True,True,True,False,True
WS:XSHE:002460,CN_CSI300,Ganfeng Lithium Co Ltd,002460.SZ,China,INCLUDED_RESEARCH_PARTIAL_VERIFIED_STRICT,True,True,True,False,True
WS:XSHE:002463,CN_CSI300,Wus Printed Circuit (Kunshan) Co Ltd,002463.SZ,China,INCLUDED_RESEARCH_PARTIAL_VERIFIED_STRICT,True,True,True,False,True
WS:XSHE:002466,CN_CSI300,"Tianqi Lithium Industries, Inc.",002466.SZ,China,INCLUDED_RESEARCH_PARTIAL_VERIFIED_STRICT,True,True,True,False,True
WS:XSHE:002475,CN_CSI300,"Luxshare Precision Industry Co., Ltd.",002475.SZ,China,INCLUDED_RESEARCH_PARTIAL_VERIFIED_STRICT,True,True,True,False,True
WS:XSHE:002493,CN_CSI300,Rongsheng Petro Chemical Co Ltd,002493.SZ,China,INCLUDED_RESEARCH_PARTIAL_VERIFIED_STRICT,True,True,True,False,True
WS:XSHE:002532,CN_CSI300,"TIANSHAN ALUMINUM GROUP CO.,LTD.",002532.SZ,China,INCLUDED_RESEARCH_PARTIAL_VERIFIED_STRICT,True,True,True,False,True
WS:XSHE:002558,CN_CSI300,"Giant Network Group Co., Ltd.",002558.SZ,China,INCLUDED_RESEARCH_PARTIAL_VERIFIED_STRICT,True,True,True,False,True
WS:XSHE:002594,CN_CSI300,BYD Co Ltd,002594.SZ,China,INCLUDED_RESEARCH_PARTIAL_VERIFIED_STRICT,True,True,True,False,True
WS:XSHE:002600,CN_CSI300,LINGYI iTECH (GUANGDONG) COMPANY,002600.SZ,China,INCLUDED_RESEARCH_PARTIAL_VERIFIED_STRICT,True,True,True,False,True
WS:XSHE:002602,CN_CSI300,"ZHEJIANG CENTURY HUATONG GROUP CO., LTD",002602.SZ,China,INCLUDED_RESEARCH_PARTIAL_VERIFIED_STRICT,True,True,True,False,True
WS:XSHE:002625,CN_CSI300,"Kuang-Chi Technologies Co., Ltd.",002625.SZ,China,INCLUDED_RESEARCH_PARTIAL_VERIFIED_STRICT,True,True,True,False,True
WS:XSHE:002648,CN_CSI300,"SATELLITE CHEMICAL CO., LTD.",002648.SZ,China,INCLUDED_RESEARCH_PARTIAL_VERIFIED_STRICT,True,True,True,False,True
WS:XSHE:002709,CN_CSI300,"Guangzhou Tinci Materials Technology Co., Ltd",002709.SZ,China,INCLUDED_RESEARCH_PARTIAL_VERIFIED_STRICT,True,True,True,False,True
WS:XSHE:002714,CN_CSI300,"MUYUAN FOODS GROUP CO., LTD.",002714.SZ,China,INCLUDED_RESEARCH_PARTIAL_VERIFIED_STRICT,True,True,True,False,True
WS:XSHE:002736,CN_CSI300,"GUOSEN SECURITIES CO., LTD.",002736.SZ,China,INCLUDED_RESEARCH_PARTIAL_VERIFIED_STRICT,True,True,True,False,True
WS:XSHE:002837,CN_CSI300,"SHENZHEN ENVICOOL TECHNOLOGY CO.,LTD.",002837.SZ,China,INCLUDED_RESEARCH_PARTIAL_VERIFIED_STRICT,True,True,True,False,True
WS:XSHE:002916,CN_CSI300,"Shennan Circuits Co., Ltd.",002916.SZ,China,INCLUDED_RESEARCH_PARTIAL_VERIFIED_STRICT,True,True,True,False,True
WS:XSHE:002920,CN_CSI300,"Huizhou Desay SV Automotive Co., Ltd.",002920.SZ,China,INCLUDED_RESEARCH_PARTIAL_VERIFIED_STRICT,True,True,True,False,True
WS:XSHE:002938,CN_CSI300,"Avary Holding (Shenzhen) Co., Limited",002938.SZ,China,INCLUDED_RESEARCH_PARTIAL_VERIFIED_STRICT,True,True,True,False,True
WS:XSHE:003816,CN_CSI300,"CGN Power Co., Ltd.",003816.SZ,China,INCLUDED_RESEARCH_PARTIAL_VERIFIED_STRICT,True,True,True,False,True
WS:XSHE:300014,CN_CSI300,Eve Energy Co Ltd,300014.SZ,China,INCLUDED_RESEARCH_PARTIAL_VERIFIED_STRICT,True,True,True,False,True
WS:XSHE:300015,CN_CSI300,Aier Eye Hospital Group Co Ltd,300015.SZ,China,INCLUDED_RESEARCH_PARTIAL_VERIFIED_STRICT,True,True,True,False,True
WS:XSHE:300033,CN_CSI300,"Hithink Royalflush Information Network Co.,Ltd.",300033.SZ,China,INCLUDED_RESEARCH_PARTIAL_VERIFIED_STRICT,True,True,True,False,True
WS:XSHE:300059,CN_CSI300,East Money Information Co Ltd,300059.SZ,China,INCLUDED_RESEARCH_PARTIAL_VERIFIED_STRICT,True,True,True,False,True
WS:XSHE:300122,CN_CSI300,Chongqing Zhifei Biological Products Co Ltd,300122.SZ,China,INCLUDED_RESEARCH_PARTIAL_VERIFIED_STRICT,True,True,True,False,True
WS:XSHE:300124,CN_CSI300,Shenzhen Inovance Technology Co Ltd,300124.SZ,China,INCLUDED_RESEARCH_PARTIAL_VERIFIED_STRICT,True,True,True,False,True
WS:XSHE:300251,CN_CSI300,Beijing Enlight Media Co Ltd,300251.SZ,China,INCLUDED_RESEARCH_PARTIAL_VERIFIED_STRICT,True,True,True,False,True
WS:XSHE:300274,CN_CSI300,Sungrow Power Supply Co Ltd,300274.SZ,China,INCLUDED_RESEARCH_PARTIAL_VERIFIED_STRICT,True,True,True,False,True
WS:XSHE:300308,CN_CSI300,"ZHONGJI INNOLIGHT CO., LTD.",300308.SZ,China,INCLUDED_RESEARCH_PARTIAL_VERIFIED_STRICT,True,True,True,False,True
WS:XSHE:300316,CN_CSI300,"Zhejiang Jingsheng Mechanical & Electrical Co., Ltd.",300316.SZ,China,INCLUDED_RESEARCH_PARTIAL_VERIFIED_STRICT,True,True,True,False,True
WS:XSHE:300394,CN_CSI300,"Suzhou TFC Optical Communication Co., Ltd.",300394.SZ,China,INCLUDED_RESEARCH_PARTIAL_VERIFIED_STRICT,True,True,True,False,True
WS:XSHE:300408,CN_CSI300,"CHAOZHOU THREE-CIRCLE(GROUP)CO.,LTD",300408.SZ,China,INCLUDED_RESEARCH_PARTIAL_VERIFIED_STRICT,True,True,True,False,True
WS:XSHE:300413,CN_CSI300,"Mango Excellent Media Co., Ltd.",300413.SZ,China,INCLUDED_RESEARCH_PARTIAL_VERIFIED_STRICT,True,True,True,False,True
WS:XSHE:300418,CN_CSI300,"Beijing Kunlun Tech Co., Ltd.",300418.SZ,China,INCLUDED_RESEARCH_PARTIAL_VERIFIED_STRICT,True,True,True,False,True
WS:XSHE:300433,CN_CSI300,"Lens Technology Co., Ltd.",300433.SZ,China,INCLUDED_RESEARCH_PARTIAL_VERIFIED_STRICT,True,True,True,False,True
WS:XSHE:300442,CN_CSI300,Range Intelligent Computing Technology Group Company Limited,300442.SZ,China,INCLUDED_RESEARCH_PARTIAL_VERIFIED_STRICT,True,True,True,False,True
WS:XSHE:300450,CN_CSI300,"WUXI LEAD INTELLIGENT EQUIPMENT CO., LTD.",300450.SZ,China,INCLUDED_RESEARCH_PARTIAL_VERIFIED_STRICT,True,True,True,False,True
WS:XSHE:300476,CN_CSI300,"Victory Giant Technology (HuiZhou)Co.,Ltd.",300476.SZ,China,INCLUDED_RESEARCH_PARTIAL_VERIFIED_STRICT,True,True,True,False,True
WS:XSHE:300498,CN_CSI300,"GUANGDONGWENSFOODSTUFFGROUPCO.,LTD",300498.SZ,China,INCLUDED_RESEARCH_PARTIAL_VERIFIED_STRICT,True,True,True,False,True
WS:XSHE:300502,CN_CSI300,"Eoptolink Technology Inc., Ltd",300502.SZ,China,INCLUDED_RESEARCH_PARTIAL_VERIFIED_STRICT,True,True,True,False,True
WS:XSHE:300628,CN_CSI300,YEALINK NETWORK TECHNOLOGY CORPORATION LIMITED,300628.SZ,China,INCLUDED_RESEARCH_PARTIAL_VERIFIED_STRICT,True,True,True,False,True
WS:XSHE:300661,CN_CSI300,SG Micro Corp.,300661.SZ,China,INCLUDED_RESEARCH_PARTIAL_VERIFIED_STRICT,True,True,True,False,True
WS:XSHE:300750,CN_CSI300,"Contemporary Amperex Technology Co., Limited.",300750.SZ,China,INCLUDED_RESEARCH_PARTIAL_VERIFIED_STRICT,True,True,True,False,True
WS:XSHE:300760,CN_CSI300,"Shenzhen Mindray Bio-Medical Electronics Co., Ltd.",300760.SZ,China,INCLUDED_RESEARCH_PARTIAL_VERIFIED_STRICT,True,True,True,False,True
WS:XSHE:300803,CN_CSI300,"Beijing Compass Technology Development Co., Ltd.",300803.SZ,China,INCLUDED_RESEARCH_PARTIAL_VERIFIED_STRICT,True,True,True,False,True
WS:XSHE:300832,CN_CSI300,"Shenzhen New Industries Biomedical Engineering Co., Ltd.",300832.SZ,China,INCLUDED_RESEARCH_PARTIAL_VERIFIED_STRICT,True,True,True,False,True
WS:XSHE:300866,CN_CSI300,"Anker Innovations Technology Co., Ltd",300866.SZ,China,INCLUDED_RESEARCH_PARTIAL_VERIFIED_STRICT,True,True,True,False,True
WS:XSHE:300896,CN_CSI300,"IMEIK TECHNOLOGY DEVELOPMENT CO.,LTD.",300896.SZ,China,INCLUDED_RESEARCH_PARTIAL_VERIFIED_STRICT,True,True,True,False,True
WS:XSHE:300999,CN_CSI300,"Yihai Kerry Arawana Holdings Co., Ltd",300999.SZ,China,INCLUDED_RESEARCH_PARTIAL_VERIFIED_STRICT,True,True,True,False,True
WS:XSHE:301165,CN_CSI300,"Ruijie Networks Co., Ltd.",301165.SZ,China,INCLUDED_RESEARCH_PARTIAL_VERIFIED_STRICT,True,True,True,False,True
WS:XSHE:301236,CN_CSI300,"iSoftStone Information Technology (Group) Co., Ltd.",301236.SZ,China,INCLUDED_RESEARCH_PARTIAL_VERIFIED_STRICT,True,True,True,False,True
WS:XSHE:301269,CN_CSI300,"Empyrean Technology Co., Ltd.",301269.SZ,China,INCLUDED_RESEARCH_PARTIAL_VERIFIED_STRICT,True,True,True,False,True
WS:XSHE:301308,CN_CSI300,"Shenzhen Longsys Electronics Co., Ltd.",301308.SZ,China,INCLUDED_RESEARCH_PARTIAL_VERIFIED_STRICT,True,True,True,False,True
WS:XSHE:302132,CN_CSI300,AVIC CHENGDU AIRCRAFT COMPANY LIMITED,302132.SZ,China,EXCLUDED_OTHER_NON_STRICT_REASON_NOT_CLASSIFIED_V0_22,True,True,False,False,False
WS:XSHG:600000,CN_CSI300,Shanghai Pudong Development Bank Co Ltd,600000.SS,China,INCLUDED_RESEARCH_PARTIAL_VERIFIED_STRICT,True,True,True,False,True
WS:XSHG:600009,CN_CSI300,Shanghai International Airport Co Ltd,600009.SS,China,INCLUDED_RESEARCH_PARTIAL_VERIFIED_STRICT,True,True,True,False,True
WS:XSHG:600010,CN_CSI300,Inner Mongolia Baotou Steel Union Co Ltd,600010.SS,China,INCLUDED_RESEARCH_PARTIAL_VERIFIED_STRICT,True,True,True,False,True
WS:XSHG:600011,CN_CSI300,Huaneng Power International Inc,600011.SS,China,INCLUDED_RESEARCH_PARTIAL_VERIFIED_STRICT,True,True,True,False,True
WS:XSHG:600015,CN_CSI300,Hua Xia Bank Co Ltd,600015.SS,China,INCLUDED_RESEARCH_PARTIAL_VERIFIED_STRICT,True,True,True,False,True
WS:XSHG:600016,CN_CSI300,China Minsheng Banking Corp Ltd,600016.SS,China,INCLUDED_RESEARCH_PARTIAL_VERIFIED_STRICT,True,True,True,False,True
WS:XSHG:600018,CN_CSI300,Shanghai International Port (Group) Co Ltd,600018.SS,China,INCLUDED_RESEARCH_PARTIAL_VERIFIED_STRICT,True,True,True,False,True
WS:XSHG:600019,CN_CSI300,Baoshan Iron &Steel Co Ltd,600019.SS,China,INCLUDED_RESEARCH_PARTIAL_VERIFIED_STRICT,True,True,True,False,True
WS:XSHG:600023,CN_CSI300,"Zhejiang Zheneng Electric Power Co., Ltd.",600023.SS,China,INCLUDED_RESEARCH_PARTIAL_VERIFIED_STRICT,True,True,True,False,True
WS:XSHG:600025,CN_CSI300,HuanengLancang River Hydropower Inc.,600025.SS,China,INCLUDED_RESEARCH_PARTIAL_VERIFIED_STRICT,True,True,True,False,True
WS:XSHG:600026,CN_CSI300,"COSCO SHIPPING Energy Transportation Co., Ltd.",600026.SS,China,INCLUDED_RESEARCH_PARTIAL_VERIFIED_STRICT,True,True,True,False,True
WS:XSHG:600027,CN_CSI300,Huadian Power International Corporation Ltd,600027.SS,China,INCLUDED_RESEARCH_PARTIAL_VERIFIED_STRICT,True,True,True,False,True
WS:XSHG:600028,CN_CSI300,China Petroleum & Chemical Corporation,600028.SS,China,INCLUDED_RESEARCH_PARTIAL_VERIFIED_STRICT,True,True,True,False,True
WS:XSHG:600029,CN_CSI300,China Southern Airlines Co Ltd,600029.SS,China,INCLUDED_RESEARCH_PARTIAL_VERIFIED_STRICT,True,True,True,False,True
WS:XSHG:600030,CN_CSI300,CITIC Securities Co Ltd,600030.SS,China,INCLUDED_RESEARCH_PARTIAL_VERIFIED_STRICT,True,True,True,False,True
WS:XSHG:600031,CN_CSI300,Sany Heavy Industry Co Ltd,600031.SS,China,INCLUDED_RESEARCH_PARTIAL_VERIFIED_STRICT,True,True,True,False,True
WS:XSHG:600036,CN_CSI300,China Merchants Bank Co Ltd,600036.SS,China,INCLUDED_RESEARCH_PARTIAL_VERIFIED_STRICT,True,True,True,False,True
WS:XSHG:600039,CN_CSI300,Sichuan Road&Bridge Co Ltd,600039.SS,China,INCLUDED_RESEARCH_PARTIAL_VERIFIED_STRICT,True,True,True,False,True
WS:XSHG:600048,CN_CSI300,"Poly Developments and Holdings Group Co., Ltd.",600048.SS,China,INCLUDED_RESEARCH_PARTIAL_VERIFIED_STRICT,True,True,True,False,True
WS:XSHG:600050,CN_CSI300,China United Network Communications Co Ltd,600050.SS,China,INCLUDED_RESEARCH_PARTIAL_VERIFIED_STRICT,True,True,True,False,True
WS:XSHG:600061,CN_CSI300,"SDIC Capital Co., Ltd",600061.SS,China,INCLUDED_RESEARCH_PARTIAL_VERIFIED_STRICT,True,True,True,False,True
WS:XSHG:600066,CN_CSI300,Zhengzhou Yutong Bus Co Ltd,600066.SS,China,INCLUDED_RESEARCH_PARTIAL_VERIFIED_STRICT,True,True,True,False,True
WS:XSHG:600085,CN_CSI300,Beijing Tongrentang Co Ltd,600085.SS,China,INCLUDED_RESEARCH_PARTIAL_VERIFIED_STRICT,True,True,True,False,True
WS:XSHG:600089,CN_CSI300,TBEA Co Ltd,600089.SS,China,INCLUDED_RESEARCH_PARTIAL_VERIFIED_STRICT,True,True,True,False,True
WS:XSHG:600104,CN_CSI300,SAIC Motor Co Ltd,600104.SS,China,INCLUDED_RESEARCH_PARTIAL_VERIFIED_STRICT,True,True,True,False,True
WS:XSHG:600111,CN_CSI300,"China Northern Rare Earth (Group) High-Tech Co.,Ltd",600111.SS,China,INCLUDED_RESEARCH_PARTIAL_VERIFIED_STRICT,True,True,True,False,True
WS:XSHG:600115,CN_CSI300,"China Eastern Airlines Co., Ltd.",600115.SS,China,INCLUDED_RESEARCH_PARTIAL_VERIFIED_STRICT,True,True,True,False,True
WS:XSHG:600118,CN_CSI300,China Spacesat Co Ltd,600118.SS,China,INCLUDED_RESEARCH_PARTIAL_VERIFIED_STRICT,True,True,True,False,True
WS:XSHG:600150,CN_CSI300,China CSSC Holdings Limited,600150.SS,China,INCLUDED_RESEARCH_PARTIAL_VERIFIED_STRICT,True,True,True,False,True
WS:XSHG:600160,CN_CSI300,Zhejiang Ju Hua Co Ltd,600160.SS,China,INCLUDED_RESEARCH_PARTIAL_VERIFIED_STRICT,True,True,True,False,True
WS:XSHG:600176,CN_CSI300,"CHINA JUSHI CO., LTD.",600176.SS,China,INCLUDED_RESEARCH_PARTIAL_VERIFIED_STRICT,True,True,True,False,True
WS:XSHG:600183,CN_CSI300,"Shengyi Technology Co.,Ltd.",600183.SS,China,INCLUDED_RESEARCH_PARTIAL_VERIFIED_STRICT,True,True,True,False,True
WS:XSHG:600188,CN_CSI300,Yankuang Energy Group Company Limited,600188.SS,China,INCLUDED_RESEARCH_PARTIAL_VERIFIED_STRICT,True,True,True,False,True
WS:XSHG:600196,CN_CSI300,Shanghai Fosun Pharmaceutical (Group) Co Ltd,600196.SS,China,INCLUDED_RESEARCH_PARTIAL_VERIFIED_STRICT,True,True,True,False,True
WS:XSHG:600219,CN_CSI300,"Shandong Nanshan Aluminium Co., Ltd.",600219.SS,China,INCLUDED_RESEARCH_PARTIAL_VERIFIED_STRICT,True,True,True,False,True
WS:XSHG:600221,CN_CSI300,"Hainan Airlines Holding Co., Ltd.",600221.SS,China,INCLUDED_RESEARCH_PARTIAL_VERIFIED_STRICT,True,True,True,False,True
WS:XSHG:600233,CN_CSI300,"YTO Express Group Co.,Ltd.",600233.SS,China,INCLUDED_RESEARCH_PARTIAL_VERIFIED_STRICT,True,True,True,False,True
WS:XSHG:600276,CN_CSI300,Jiangsu Hengrui Medicine Co Ltd,600276.SS,China,INCLUDED_RESEARCH_PARTIAL_VERIFIED_STRICT,True,True,True,False,True
WS:XSHG:600309,CN_CSI300,"Wanhua Chemical Group Co., Ltd.",600309.SS,China,INCLUDED_RESEARCH_PARTIAL_VERIFIED_STRICT,True,True,True,False,True
WS:XSHG:600346,CN_CSI300,"Hengli Petrochemical Co.,Ltd.",600346.SS,China,INCLUDED_RESEARCH_PARTIAL_VERIFIED_STRICT,True,True,True,False,True
WS:XSHG:600362,CN_CSI300,Jiangxi Copper Co Ltd,600362.SS,China,INCLUDED_RESEARCH_PARTIAL_VERIFIED_STRICT,True,True,True,False,True
WS:XSHG:600372,CN_CSI300,"AVIC Airborne Systems Co., Ltd.",600372.SS,China,INCLUDED_RESEARCH_PARTIAL_VERIFIED_STRICT,True,True,True,False,True
WS:XSHG:600406,CN_CSI300,"NARI Technology Co., Ltd.",600406.SS,China,INCLUDED_RESEARCH_PARTIAL_VERIFIED_STRICT,True,True,True,False,True
WS:XSHG:600415,CN_CSI300,Zhejiang China Commodities City Group Co Ltd,600415.SS,China,INCLUDED_RESEARCH_PARTIAL_VERIFIED_STRICT,True,True,True,False,True
WS:XSHG:600426,CN_CSI300,Shandong Hualu-Hengsheng Chemical Co Ltd,600426.SS,China,INCLUDED_RESEARCH_PARTIAL_VERIFIED_STRICT,True,True,True,False,True
WS:XSHG:600436,CN_CSI300,Zhangzhou Pientzehuang Pharmaceutical Co Ltd,600436.SS,China,INCLUDED_RESEARCH_PARTIAL_VERIFIED_STRICT,True,True,True,False,True
WS:XSHG:600438,CN_CSI300,Tongwei Co Ltd,600438.SS,China,INCLUDED_RESEARCH_PARTIAL_VERIFIED_STRICT,True,True,True,False,True
WS:XSHG:600460,CN_CSI300,Hangzhou Silan Microelectronics Co Ltd,600460.SS,China,INCLUDED_RESEARCH_PARTIAL_VERIFIED_STRICT,True,True,True,False,True
WS:XSHG:600482,CN_CSI300,"China Shipbuilding Industry Group Power Co.,Ltd",600482.SS,China,INCLUDED_RESEARCH_PARTIAL_VERIFIED_STRICT,True,True,True,False,True
WS:XSHG:600489,CN_CSI300,Zhongjin Gold Co Ltd,600489.SS,China,INCLUDED_RESEARCH_PARTIAL_VERIFIED_STRICT,True,True,True,False,True
WS:XSHG:600515,CN_CSI300,"Hainan Airport Infrastructure Co., Ltd",600515.SS,China,INCLUDED_RESEARCH_PARTIAL_VERIFIED_STRICT,True,True,True,False,True
WS:XSHG:600519,CN_CSI300,Kweichow Moutai Co Ltd,600519.SS,China,INCLUDED_RESEARCH_PARTIAL_VERIFIED_STRICT,True,True,True,False,True
WS:XSHG:600522,CN_CSI300,Jiangsu Zhongtian Technologies Co Ltd,600522.SS,China,INCLUDED_RESEARCH_PARTIAL_VERIFIED_STRICT,True,True,True,False,True
WS:XSHG:600547,CN_CSI300,Shandong Gold-Mining Co Ltd,600547.SS,China,INCLUDED_RESEARCH_PARTIAL_VERIFIED_STRICT,True,True,True,False,True
WS:XSHG:600549,CN_CSI300,Xiamen Tungsten Co Ltd,600549.SS,China,INCLUDED_RESEARCH_PARTIAL_VERIFIED_STRICT,True,True,True,False,True
WS:XSHG:600570,CN_CSI300,Hundsun Technologies Inc.,600570.SS,China,INCLUDED_RESEARCH_PARTIAL_VERIFIED_STRICT,True,True,True,False,True
WS:XSHG:600584,CN_CSI300,"JCET Group Co., Ltd.",600584.SS,China,INCLUDED_RESEARCH_PARTIAL_VERIFIED_STRICT,True,True,True,False,True
WS:XSHG:600585,CN_CSI300,Anhui Conch Cement Co Ltd,600585.SS,China,INCLUDED_RESEARCH_PARTIAL_VERIFIED_STRICT,True,True,True,False,True
WS:XSHG:600588,CN_CSI300,"Yonyou Network Technology Co., Ltd.",600588.SS,China,INCLUDED_RESEARCH_PARTIAL_VERIFIED_STRICT,True,True,True,False,True
WS:XSHG:600600,CN_CSI300,Tsingtao Brewery Co Ltd,600600.SS,China,INCLUDED_RESEARCH_PARTIAL_VERIFIED_STRICT,True,True,True,False,True
WS:XSHG:600660,CN_CSI300,"Fuyao Glass Industry Group Co.,Ltd",600660.SS,China,INCLUDED_RESEARCH_PARTIAL_VERIFIED_STRICT,True,True,True,False,True
WS:XSHG:600674,CN_CSI300,Sichuan Chuantou Energy Co Ltd,600674.SS,China,INCLUDED_RESEARCH_PARTIAL_VERIFIED_STRICT,True,True,True,False,True
WS:XSHG:600690,CN_CSI300,"Haier Smart Home Co., Ltd.",600690.SS,China,INCLUDED_RESEARCH_PARTIAL_VERIFIED_STRICT,True,True,True,False,True
WS:XSHG:600741,CN_CSI300,HUAYU Automotive Systems Company Limited,600741.SS,China,INCLUDED_RESEARCH_PARTIAL_VERIFIED_STRICT,True,True,True,False,True
WS:XSHG:600760,CN_CSI300,AVIC SHENYANG AIRCRAFT COMPANY LIMITED,600760.SS,China,INCLUDED_RESEARCH_PARTIAL_VERIFIED_STRICT,True,True,True,False,True
WS:XSHG:600795,CN_CSI300,GD Power Development Co Ltd,600795.SS,China,INCLUDED_RESEARCH_PARTIAL_VERIFIED_STRICT,True,True,True,False,True
WS:XSHG:600803,CN_CSI300,"ENN Ecological Holdings Co., Ltd.",600803.SS,China,EXCLUDED_OTHER_NON_STRICT_REASON_NOT_CLASSIFIED_V0_22,True,True,False,False,False
WS:XSHG:600809,CN_CSI300,Shanxi Xinghuacun Fen Wine Factory Co Ltd,600809.SS,China,INCLUDED_RESEARCH_PARTIAL_VERIFIED_STRICT,True,True,True,False,True
WS:XSHG:600845,CN_CSI300,Shanghai Baosight Software Co Ltd,600845.SS,China,INCLUDED_RESEARCH_PARTIAL_VERIFIED_STRICT,True,True,True,False,True
WS:XSHG:600875,CN_CSI300,Dongfang Electric Corporation Limited,600875.SS,China,INCLUDED_RESEARCH_PARTIAL_VERIFIED_STRICT,True,True,True,False,True
WS:XSHG:600886,CN_CSI300,"SDIC Power Holdings Co.,Ltd.",600886.SS,China,INCLUDED_RESEARCH_PARTIAL_VERIFIED_STRICT,True,True,True,False,True
WS:XSHG:600887,CN_CSI300,Inner Mongolia Yili Industrial Group Co Ltd,600887.SS,China,INCLUDED_RESEARCH_PARTIAL_VERIFIED_STRICT,True,True,True,False,True
WS:XSHG:600893,CN_CSI300,AVIC AVIATION ENGINE CORPORATION PLC.,600893.SS,China,INCLUDED_RESEARCH_PARTIAL_VERIFIED_STRICT,True,True,True,False,True
WS:XSHG:600900,CN_CSI300,China Yangtze Power Co Ltd,600900.SS,China,INCLUDED_RESEARCH_PARTIAL_VERIFIED_STRICT,True,True,True,False,True
WS:XSHG:600905,CN_CSI300,"China Three Gorges Renewables (Group) Co.,Ltd.",600905.SS,China,INCLUDED_RESEARCH_PARTIAL_VERIFIED_STRICT,True,True,True,False,True
WS:XSHG:600918,CN_CSI300,"ZHONGTAI SECURITIES CO., LTD.",600918.SS,China,INCLUDED_RESEARCH_PARTIAL_VERIFIED_STRICT,True,True,True,False,True
WS:XSHG:600919,CN_CSI300,"Bank of Jiangsu Co., Ltd",600919.SS,China,INCLUDED_RESEARCH_PARTIAL_VERIFIED_STRICT,True,True,True,False,True
WS:XSHG:600926,CN_CSI300,"BANK OF HANGZHOU CO., LTD",600926.SS,China,INCLUDED_RESEARCH_PARTIAL_VERIFIED_STRICT,True,True,True,False,True
WS:XSHG:600930,CN_CSI300,Huadian New Energy Group Corporation Limited,600930.SS,China,INCLUDED_RESEARCH_PARTIAL_VERIFIED_STRICT,True,True,True,False,True
WS:XSHG:600938,CN_CSI300,CNOOC Limited,600938.SS,China,INCLUDED_RESEARCH_PARTIAL_VERIFIED_STRICT,True,True,True,False,True
WS:XSHG:600941,CN_CSI300,China Mobile Limited,600941.SS,China,INCLUDED_RESEARCH_PARTIAL_VERIFIED_STRICT,True,True,True,False,True
WS:XSHG:600958,CN_CSI300,ORIENT SECURITIES COMPANY LIMITED,600958.SS,China,INCLUDED_RESEARCH_PARTIAL_VERIFIED_STRICT,True,True,True,False,True
WS:XSHG:600989,CN_CSI300,"Ningxia Baofeng Energy Group Co., Ltd.",600989.SS,China,INCLUDED_RESEARCH_PARTIAL_VERIFIED_STRICT,True,True,True,False,True
WS:XSHG:600999,CN_CSI300,China Merchants Securities Co Ltd,600999.SS,China,INCLUDED_RESEARCH_PARTIAL_VERIFIED_STRICT,True,True,True,False,True
WS:XSHG:601006,CN_CSI300,Daqin Railway Co Ltd,601006.SS,China,INCLUDED_RESEARCH_PARTIAL_VERIFIED_STRICT,True,True,True,False,True
WS:XSHG:601009,CN_CSI300,Bank of Nanjing Co Ltd,601009.SS,China,INCLUDED_RESEARCH_PARTIAL_VERIFIED_STRICT,True,True,True,False,True
WS:XSHG:601012,CN_CSI300,"Longi Green Energy Technology Co., Ltd.",601012.SS,China,INCLUDED_RESEARCH_PARTIAL_VERIFIED_STRICT,True,True,True,False,True
WS:XSHG:601018,CN_CSI300,Ningbo Port Co Ltd,601018.SS,China,INCLUDED_RESEARCH_PARTIAL_VERIFIED_STRICT,True,True,True,False,True
WS:XSHG:601021,CN_CSI300,"Spring Airlines Co., Ltd.",601021.SS,China,INCLUDED_RESEARCH_PARTIAL_VERIFIED_STRICT,True,True,True,False,True
WS:XSHG:601058,CN_CSI300,"Sailun Group Co.,Ltd.",601058.SS,China,INCLUDED_RESEARCH_PARTIAL_VERIFIED_STRICT,True,True,True,False,True
WS:XSHG:601059,CN_CSI300,"CINDA SECURITIES CO., LTD.",601059.SS,China,EXCLUDED_OTHER_NON_STRICT_REASON_NOT_CLASSIFIED_V0_22,True,True,False,False,False
WS:XSHG:601066,CN_CSI300,"China Securities Co., Ltd.",601066.SS,China,INCLUDED_RESEARCH_PARTIAL_VERIFIED_STRICT,True,True,True,False,True
WS:XSHG:601077,CN_CSI300,"Chongqing Rural Commercial Bank Co., Ltd.",601077.SS,China,INCLUDED_RESEARCH_PARTIAL_VERIFIED_STRICT,True,True,True,False,True
WS:XSHG:601088,CN_CSI300,China Shenhua Energy Co Ltd,601088.SS,China,INCLUDED_RESEARCH_PARTIAL_VERIFIED_STRICT,True,True,True,False,True
WS:XSHG:601100,CN_CSI300,"Jiangsu Hengli Hydraulic CO., Ltd.",601100.SS,China,INCLUDED_RESEARCH_PARTIAL_VERIFIED_STRICT,True,True,True,False,True
WS:XSHG:601111,CN_CSI300,Air China Ltd,601111.SS,China,INCLUDED_RESEARCH_PARTIAL_VERIFIED_STRICT,True,True,True,False,True
WS:XSHG:601117,CN_CSI300,China National Chemical Engineering Co Ltd,601117.SS,China,INCLUDED_RESEARCH_PARTIAL_VERIFIED_STRICT,True,True,True,False,True
WS:XSHG:601127,CN_CSI300,"Seres Group Co., Ltd.",601127.SS,China,INCLUDED_RESEARCH_PARTIAL_VERIFIED_STRICT,True,True,True,False,True
WS:XSHG:601136,CN_CSI300,Capital Securities Corporation Limited,601136.SS,China,INCLUDED_RESEARCH_PARTIAL_VERIFIED_STRICT,True,True,True,False,True
WS:XSHG:601138,CN_CSI300,"Foxconn Industrial Internet Co., Ltd.",601138.SS,China,INCLUDED_RESEARCH_PARTIAL_VERIFIED_STRICT,True,True,True,False,True
WS:XSHG:601166,CN_CSI300,Industrial Bank,601166.SS,China,INCLUDED_RESEARCH_PARTIAL_VERIFIED_STRICT,True,True,True,False,True
WS:XSHG:601169,CN_CSI300,Bank of Beijing Co Ltd,601169.SS,China,INCLUDED_RESEARCH_PARTIAL_VERIFIED_STRICT,True,True,True,False,True
WS:XSHG:601186,CN_CSI300,China Railway Construction Co Ltd,601186.SS,China,INCLUDED_RESEARCH_PARTIAL_VERIFIED_STRICT,True,True,True,False,True
WS:XSHG:601211,CN_CSI300,"GUOTAI HAITONG SECURITIES CO., LTD.",601211.SS,China,INCLUDED_RESEARCH_PARTIAL_VERIFIED_STRICT,True,True,True,False,True
WS:XSHG:601225,CN_CSI300,Shaanxi Coal Industry Company Limited,601225.SS,China,INCLUDED_RESEARCH_PARTIAL_VERIFIED_STRICT,True,True,True,False,True
WS:XSHG:601229,CN_CSI300,"Bank of Shanghai Co., Ltd.",601229.SS,China,INCLUDED_RESEARCH_PARTIAL_VERIFIED_STRICT,True,True,True,False,True
WS:XSHG:601238,CN_CSI300,"Guangzhou Automobile Group Co., Ltd.",601238.SS,China,INCLUDED_RESEARCH_PARTIAL_VERIFIED_STRICT,True,True,True,False,True
WS:XSHG:601288,CN_CSI300,Agricultural Bank of China Co Ltd,601288.SS,China,INCLUDED_RESEARCH_PARTIAL_VERIFIED_STRICT,True,True,True,False,True
WS:XSHG:601318,CN_CSI300,Ping An Insurance (Group) Company of China Ltd,601318.SS,China,INCLUDED_RESEARCH_PARTIAL_VERIFIED_STRICT,True,True,True,False,True
WS:XSHG:601319,CN_CSI300,The People's Insurance Company (Group) of China Limited,601319.SS,China,INCLUDED_RESEARCH_PARTIAL_VERIFIED_STRICT,True,True,True,False,True
WS:XSHG:601328,CN_CSI300,Bank of Communications Co LTD,601328.SS,China,INCLUDED_RESEARCH_PARTIAL_VERIFIED_STRICT,True,True,True,False,True
WS:XSHG:601336,CN_CSI300,New China Life Insurance Co Ltd,601336.SS,China,INCLUDED_RESEARCH_PARTIAL_VERIFIED_STRICT,True,True,True,False,True
WS:XSHG:601360,CN_CSI300,360 Security Technology Inc.,601360.SS,China,INCLUDED_RESEARCH_PARTIAL_VERIFIED_STRICT,True,True,True,False,True
WS:XSHG:601377,CN_CSI300,Industrial Securities Co Ltd,601377.SS,China,INCLUDED_RESEARCH_PARTIAL_VERIFIED_STRICT,True,True,True,False,True
WS:XSHG:601390,CN_CSI300,China Railway Group Limited,601390.SS,China,INCLUDED_RESEARCH_PARTIAL_VERIFIED_STRICT,True,True,True,False,True
WS:XSHG:601398,CN_CSI300,Industrial and Commercial Bank of China Ltd,601398.SS,China,INCLUDED_RESEARCH_PARTIAL_VERIFIED_STRICT,True,True,True,False,True
WS:XSHG:601456,CN_CSI300,Guolian Minsheng Securities Company Limited,601456.SS,China,INCLUDED_RESEARCH_PARTIAL_VERIFIED_STRICT,True,True,True,False,True
WS:XSHG:601600,CN_CSI300,Aluminum Corporation of China Limited,601600.SS,China,INCLUDED_RESEARCH_PARTIAL_VERIFIED_STRICT,True,True,True,False,True
WS:XSHG:601601,CN_CSI300,China Pacific Insurance (Group) Co Ltd,601601.SS,China,INCLUDED_RESEARCH_PARTIAL_VERIFIED_STRICT,True,True,True,False,True
WS:XSHG:601607,CN_CSI300,"Shanghai Pharmaceuticals Holding Co.,Ltd",601607.SS,China,INCLUDED_RESEARCH_PARTIAL_VERIFIED_STRICT,True,True,True,False,True
WS:XSHG:601618,CN_CSI300,Metallurgical Corporation of China Co Ltd,601618.SS,China,INCLUDED_RESEARCH_PARTIAL_VERIFIED_STRICT,True,True,True,False,True
WS:XSHG:601628,CN_CSI300,China Life Insurance Company Limited,601628.SS,China,INCLUDED_RESEARCH_PARTIAL_VERIFIED_STRICT,True,True,True,False,True
WS:XSHG:601633,CN_CSI300,Great Wall Motor Co Ltd,601633.SS,China,INCLUDED_RESEARCH_PARTIAL_VERIFIED_STRICT,True,True,True,False,True
WS:XSHG:601658,CN_CSI300,"POSTAL SAVINGS BANK OF CHINA CO., LTD.",601658.SS,China,INCLUDED_RESEARCH_PARTIAL_VERIFIED_STRICT,True,True,True,False,True
WS:XSHG:601668,CN_CSI300,China State Construction Engineering Co Ltd,601668.SS,China,INCLUDED_RESEARCH_PARTIAL_VERIFIED_STRICT,True,True,True,False,True
WS:XSHG:601669,CN_CSI300,"Power Construction Corporation of China,Ltd",601669.SS,China,INCLUDED_RESEARCH_PARTIAL_VERIFIED_STRICT,True,True,True,False,True
WS:XSHG:601688,CN_CSI300,Huatai Securities Co Ltd,601688.SS,China,INCLUDED_RESEARCH_PARTIAL_VERIFIED_STRICT,True,True,True,False,True
WS:XSHG:601689,CN_CSI300,"Ningbo Tuopu Group Co., Ltd.",601689.SS,China,INCLUDED_RESEARCH_PARTIAL_VERIFIED_STRICT,True,True,True,False,True
WS:XSHG:601698,CN_CSI300,"China Satellite Communications Co.,Ltd.",601698.SS,China,INCLUDED_RESEARCH_PARTIAL_VERIFIED_STRICT,True,True,True,False,True
WS:XSHG:601727,CN_CSI300,Shanghai Electric Group Co Ltd,601727.SS,China,INCLUDED_RESEARCH_PARTIAL_VERIFIED_STRICT,True,True,True,False,True
WS:XSHG:601728,CN_CSI300,China Telecom Corporation Limited,601728.SS,China,INCLUDED_RESEARCH_PARTIAL_VERIFIED_STRICT,True,True,True,False,True
WS:XSHG:601766,CN_CSI300,CRRC Corporation Limited,601766.SS,China,INCLUDED_RESEARCH_PARTIAL_VERIFIED_STRICT,True,True,True,False,True
WS:XSHG:601788,CN_CSI300,Everbright Securities Co Ltd,601788.SS,China,INCLUDED_RESEARCH_PARTIAL_VERIFIED_STRICT,True,True,True,False,True
WS:XSHG:601800,CN_CSI300,China Communications Construction Company Limited,601800.SS,China,INCLUDED_RESEARCH_PARTIAL_VERIFIED_STRICT,True,True,True,False,True
WS:XSHG:601816,CN_CSI300,"Beijing-Shanghai High Speed Railway Co.,Ltd",601816.SS,China,INCLUDED_RESEARCH_PARTIAL_VERIFIED_STRICT,True,True,True,False,True
WS:XSHG:601818,CN_CSI300,China Everbright Bank Co Ltd,601818.SS,China,INCLUDED_RESEARCH_PARTIAL_VERIFIED_STRICT,True,True,True,False,True
WS:XSHG:601825,CN_CSI300,"Shanghai Rural Commercial Bank Co.,Ltd.",601825.SS,China,INCLUDED_RESEARCH_PARTIAL_VERIFIED_STRICT,True,True,True,False,True
WS:XSHG:601838,CN_CSI300,"BANK OF CHENGDU CO., LTD.",601838.SS,China,INCLUDED_RESEARCH_PARTIAL_VERIFIED_STRICT,True,True,True,False,True
WS:XSHG:601857,CN_CSI300,PetroChina Co Ltd,601857.SS,China,INCLUDED_RESEARCH_PARTIAL_VERIFIED_STRICT,True,True,True,False,True
WS:XSHG:601868,CN_CSI300,China Energy Engineering Corporation Limited,601868.SS,China,INCLUDED_RESEARCH_PARTIAL_VERIFIED_STRICT,True,True,True,False,True
WS:XSHG:601872,CN_CSI300,"China Merchants Energy Shipping Co., Ltd.",601872.SS,China,INCLUDED_RESEARCH_PARTIAL_VERIFIED_STRICT,True,True,True,False,True
WS:XSHG:601877,CN_CSI300,Zhejiang Chint Electrics Co Ltd,601877.SS,China,INCLUDED_RESEARCH_PARTIAL_VERIFIED_STRICT,True,True,True,False,True
WS:XSHG:601878,CN_CSI300,"ZHESHANG SECURITIES CO., LTD.",601878.SS,China,INCLUDED_RESEARCH_PARTIAL_VERIFIED_STRICT,True,True,True,False,True
WS:XSHG:601881,CN_CSI300,"China Galaxy Securities Co., Ltd.",601881.SS,China,INCLUDED_RESEARCH_PARTIAL_VERIFIED_STRICT,True,True,True,False,True
WS:XSHG:601888,CN_CSI300,China Tourism Group Duty Free Corporation Limited,601888.SS,China,INCLUDED_RESEARCH_PARTIAL_VERIFIED_STRICT,True,True,True,False,True
WS:XSHG:601898,CN_CSI300,China Coal Energy Co Ltd,601898.SS,China,INCLUDED_RESEARCH_PARTIAL_VERIFIED_STRICT,True,True,True,False,True
WS:XSHG:601899,CN_CSI300,Zijin Mining Group Co Ltd,601899.SS,China,INCLUDED_RESEARCH_PARTIAL_VERIFIED_STRICT,True,True,True,False,True
WS:XSHG:601901,CN_CSI300,Founder Securities Co Ltd,601901.SS,China,INCLUDED_RESEARCH_PARTIAL_VERIFIED_STRICT,True,True,True,False,True
WS:XSHG:601916,CN_CSI300,"CHINA ZHESHANG BANK CO.,LTD",601916.SS,China,INCLUDED_RESEARCH_PARTIAL_VERIFIED_STRICT,True,True,True,False,True
WS:XSHG:601919,CN_CSI300,"COSCO SHIPPING Holdings Co., Ltd.",601919.SS,China,INCLUDED_RESEARCH_PARTIAL_VERIFIED_STRICT,True,True,True,False,True
WS:XSHG:601939,CN_CSI300,China Construction Bank,601939.SS,China,INCLUDED_RESEARCH_PARTIAL_VERIFIED_STRICT,True,True,True,False,True
WS:XSHG:601985,CN_CSI300,"China National Nuclear Power Co.,Ltd.",601985.SS,China,INCLUDED_RESEARCH_PARTIAL_VERIFIED_STRICT,True,True,True,False,True
WS:XSHG:601988,CN_CSI300,Bank of China Ltd,601988.SS,China,INCLUDED_RESEARCH_PARTIAL_VERIFIED_STRICT,True,True,True,False,True
WS:XSHG:601995,CN_CSI300,China International Capital Corporation Limited,601995.SS,China,INCLUDED_RESEARCH_PARTIAL_VERIFIED_STRICT,True,True,True,False,True
WS:XSHG:601998,CN_CSI300,China Citic Bank Corporation Limited,601998.SS,China,INCLUDED_RESEARCH_PARTIAL_VERIFIED_STRICT,True,True,True,False,True
WS:XSHG:603019,CN_CSI300,"Dawning Information Industry Co., Ltd.",603019.SS,China,INCLUDED_RESEARCH_PARTIAL_VERIFIED_STRICT,True,True,True,False,True
WS:XSHG:603259,CN_CSI300,"WuXi AppTec Co., Ltd.",603259.SS,China,INCLUDED_RESEARCH_PARTIAL_VERIFIED_STRICT,True,True,True,False,True
WS:XSHG:603260,CN_CSI300,"HOSHINE SILICON INDUSTRY CO.,LTD",603260.SS,China,INCLUDED_RESEARCH_PARTIAL_VERIFIED_STRICT,True,True,True,False,True
WS:XSHG:603288,CN_CSI300,Foshan Haitian Flavouring and Food Company Ltd.,603288.SS,China,INCLUDED_RESEARCH_PARTIAL_VERIFIED_STRICT,True,True,True,False,True
WS:XSHG:603296,CN_CSI300,"Huaqin Technology Co., Ltd.",603296.SS,China,INCLUDED_RESEARCH_PARTIAL_VERIFIED_STRICT,True,True,True,False,True
WS:XSHG:603369,CN_CSI300,"Jiangsu King's Luck Brewery Joint-Stock Co., Ltd.",603369.SS,China,INCLUDED_RESEARCH_PARTIAL_VERIFIED_STRICT,True,True,True,False,True
WS:XSHG:603392,CN_CSI300,"BEIJING WANTAI BIOLOGICAL PHARMACY ENTERPRISE CO., LTD.",603392.SS,China,INCLUDED_RESEARCH_PARTIAL_VERIFIED_STRICT,True,True,True,False,True
WS:XSHG:603501,CN_CSI300,"Omni Vision Integrated Circuits Group, Inc.",603501.SS,China,INCLUDED_RESEARCH_PARTIAL_VERIFIED_STRICT,True,True,True,False,True
WS:XSHG:603799,CN_CSI300,"ZHEJIANG HUAYOU COBALT CO., LTD.",603799.SS,China,INCLUDED_RESEARCH_PARTIAL_VERIFIED_STRICT,True,True,True,False,True
WS:XSHG:603893,CN_CSI300,"Fuzhou Rockchip Electronics Co., Ltd.",603893.SS,China,INCLUDED_RESEARCH_PARTIAL_VERIFIED_STRICT,True,True,True,False,True
WS:XSHG:603986,CN_CSI300,GigaDevice Semiconductor (Beijing) Inc.,603986.SS,China,INCLUDED_RESEARCH_PARTIAL_VERIFIED_STRICT,True,True,True,False,True
WS:XSHG:603993,CN_CSI300,"China Molybdenum Co., Ltd.",603993.SS,China,INCLUDED_RESEARCH_PARTIAL_VERIFIED_STRICT,True,True,True,False,True
WS:XSHG:605117,CN_CSI300,"Ningbo Deye Technology Co., Ltd.",605117.SS,China,INCLUDED_RESEARCH_PARTIAL_VERIFIED_STRICT,True,True,True,False,True
WS:XSHG:605499,CN_CSI300,"Eastroc Beverage (Group) Co.,Ltd.",605499.SS,China,INCLUDED_RESEARCH_PARTIAL_VERIFIED_STRICT,True,True,True,False,True
WS:XSHG:688008,CN_CSI300,"Montage Technology Co., Ltd.",688008.SS,China,INCLUDED_RESEARCH_PARTIAL_VERIFIED_STRICT,True,True,True,False,True
WS:XSHG:688009,CN_CSI300,China Railway Signal & Communication Corporation Limited,688009.SS,China,INCLUDED_RESEARCH_PARTIAL_VERIFIED_STRICT,True,True,True,False,True
WS:XSHG:688012,CN_CSI300,Advanced Micro-Fabrication Equipment Inc. China,688012.SS,China,INCLUDED_RESEARCH_PARTIAL_VERIFIED_STRICT,True,True,True,False,True
WS:XSHG:688036,CN_CSI300,"SHENZHEN TRANSSION HOLDINGS CO., LTD.",688036.SS,China,INCLUDED_RESEARCH_PARTIAL_VERIFIED_STRICT,True,True,True,False,True
WS:XSHG:688041,CN_CSI300,"Hygon Information Technology Co., Ltd.",688041.SS,China,INCLUDED_RESEARCH_PARTIAL_VERIFIED_STRICT,True,True,True,False,True
WS:XSHG:688047,CN_CSI300,Loongson Technology Corporation Limited,688047.SS,China,INCLUDED_RESEARCH_PARTIAL_VERIFIED_STRICT,True,True,True,False,True
WS:XSHG:688072,CN_CSI300,Piotech Inc.,688072.SS,China,INCLUDED_RESEARCH_PARTIAL_VERIFIED_STRICT,True,True,True,False,True
WS:XSHG:688082,CN_CSI300,"ACM Research (Shanghai) ,Inc.",688082.SS,China,INCLUDED_RESEARCH_PARTIAL_VERIFIED_STRICT,True,True,True,False,True
WS:XSHG:688111,CN_CSI300,"Beijing Kingsoft Office Software, Inc.",688111.SS,China,INCLUDED_RESEARCH_PARTIAL_VERIFIED_STRICT,True,True,True,False,True
WS:XSHG:688126,CN_CSI300,"National Silicon Industry Group Co.,Ltd.",688126.SS,China,INCLUDED_RESEARCH_PARTIAL_VERIFIED_STRICT,True,True,True,False,True
WS:XSHG:688183,CN_CSI300,"SHENGYI ELECTRONICS CO., LTD.",688183.SS,China,INCLUDED_RESEARCH_PARTIAL_VERIFIED_STRICT,True,True,True,False,True
WS:XSHG:688223,CN_CSI300,"Jinko Solar Co., Ltd.",688223.SS,China,INCLUDED_RESEARCH_PARTIAL_VERIFIED_STRICT,True,True,True,False,True
WS:XSHG:688256,CN_CSI300,Cambricon Technologies Corporation Limited,688256.SS,China,INCLUDED_RESEARCH_PARTIAL_VERIFIED_STRICT,True,True,True,False,True
WS:XSHG:688271,CN_CSI300,"Shanghai United Imaging Healthcare Co., Ltd.",688271.SS,China,INCLUDED_RESEARCH_PARTIAL_VERIFIED_STRICT,True,True,True,False,True
WS:XSHG:688303,CN_CSI300,"XinJiang Daqo New Energy Co.,Ltd",688303.SS,China,INCLUDED_RESEARCH_PARTIAL_VERIFIED_STRICT,True,True,True,False,True
WS:XSHG:688396,CN_CSI300,China Resources Microelectronics Limited,688396.SS,China,INCLUDED_RESEARCH_PARTIAL_VERIFIED_STRICT,True,True,True,False,True
WS:XSHG:688472,CN_CSI300,"CSI Solar Co., Ltd.",688472.SS,China,INCLUDED_RESEARCH_PARTIAL_VERIFIED_STRICT,True,True,True,False,True
WS:XSHG:688506,CN_CSI300,"Sichuan Biokin Pharmaceutical Co.,Ltd.",688506.SS,China,INCLUDED_RESEARCH_PARTIAL_VERIFIED_STRICT,True,True,True,False,True
WS:XSHG:688521,CN_CSI300,"VeriSilicon Microelectronics (Shanghai) Co., Ltd.",688521.SS,China,INCLUDED_RESEARCH_PARTIAL_VERIFIED_STRICT,True,True,True,False,True
WS:XSHG:688981,CN_CSI300,Semiconductor Manufacturing International Corporation,688981.SS,China,INCLUDED_RESEARCH_PARTIAL_VERIFIED_STRICT,True,True,True,False,True
WS:XAMS:AALB.AS,EU_STOXX600,AALBERTS,AALB.AS,NL,EXCLUDED_OTHER_NON_STRICT_REASON_NOT_CLASSIFIED_V0_22,True,True,False,False,False
WS:XAMS:ABND.AS,EU_STOXX600,ABN AMRO BANK,ABN.AS,NL,EXCLUDED_INSTRUMENT_TYPE_NOT_YET_STRICTLY_VERIFIED,True,True,False,True,False
WS:XAMS:AD.AS,EU_STOXX600,AHOLD DELHAIZE,AD.AS,NL,EXCLUDED_INSTRUMENT_TYPE_NOT_YET_STRICTLY_VERIFIED,True,True,False,True,False
WS:XAMS:ADYEN.AS,EU_STOXX600,ADYEN,ADYEN.AS,NL,EXCLUDED_INSTRUMENT_TYPE_NOT_YET_STRICTLY_VERIFIED,True,True,False,True,False
WS:XAMS:AEGN.AS,EU_STOXX600,AEGON,AGN.AS,NL,EXCLUDED_INSTRUMENT_TYPE_NOT_YET_STRICTLY_VERIFIED,True,True,False,True,False
WS:XAMS:AKZO.AS,EU_STOXX600,AKZO NOBEL,AKZA.AS,NL,EXCLUDED_INSTRUMENT_TYPE_NOT_YET_STRICTLY_VERIFIED,True,True,False,True,False
WS:XAMS:ALLFG.AS,EU_STOXX600,ALLFUNDS GROUP,ALLFG.AS,NL,EXCLUDED_OTHER_NON_STRICT_REASON_NOT_CLASSIFIED_V0_22,True,True,False,False,False
WS:XAMS:ARDS.AS,EU_STOXX600,ARCADIS,ARCAD.AS,NL,EXCLUDED_OTHER_NON_STRICT_REASON_NOT_CLASSIFIED_V0_22,True,True,False,False,False
WS:XAMS:ASMI.AS,EU_STOXX600,ASM INTERNATIONAL,ASM.AS,NL,EXCLUDED_INSTRUMENT_TYPE_NOT_YET_STRICTLY_VERIFIED,True,True,False,True,False
WS:XAMS:ASML.AS,EU_STOXX600,ASML HLDG,ASML.AS,NL,EXCLUDED_INSTRUMENT_TYPE_NOT_YET_STRICTLY_VERIFIED,True,True,False,True,False
WS:XAMS:ASRNL.AS,EU_STOXX600,ASR NEDERLAND NV,ASRNL.AS,NL,EXCLUDED_INSTRUMENT_TYPE_NOT_YET_STRICTLY_VERIFIED,True,True,False,True,False
WS:XAMS:BAMN.AS,EU_STOXX600,BAM GROEP KON.,BAMNB.AS,NL,EXCLUDED_OTHER_NON_STRICT_REASON_NOT_CLASSIFIED_V0_22,True,True,False,False,False
WS:XAMS:BESI.AS,EU_STOXX600,BE SEMICONDUCTOR,BESI.AS,NL,EXCLUDED_INSTRUMENT_TYPE_NOT_YET_STRICTLY_VERIFIED,True,True,False,True,False
WS:XAMS:CSG.AS,EU_STOXX600,CSG A,CSG.AS,NL,EXCLUDED_OTHER_NON_STRICT_REASON_NOT_CLASSIFIED_V0_22,True,True,False,False,False
WS:XAMS:CVC.AS,EU_STOXX600,CVC CAPITAL PARTNERS,CVC.AS,NL,EXCLUDED_OTHER_NON_STRICT_REASON_NOT_CLASSIFIED_V0_22,True,True,False,False,False
WS:XAMS:DSFIR.AS,EU_STOXX600,DSM FIRMENICH AG,DSFIR.AS,NL,EXCLUDED_INSTRUMENT_TYPE_NOT_YET_STRICTLY_VERIFIED,True,True,False,True,False
WS:XAMS:EXOR.AS,EU_STOXX600,EXOR NV,EXO.AS,NL,EXCLUDED_OTHER_NON_STRICT_REASON_NOT_CLASSIFIED_V0_22,True,True,False,False,False
WS:XAMS:HEIN.AS,EU_STOXX600,HEINEKEN,HEIA.AS,NL,EXCLUDED_INSTRUMENT_TYPE_NOT_YET_STRICTLY_VERIFIED,True,True,False,True,False
WS:XAMS:HEIO.AS,EU_STOXX600,HEINEKEN HLDG,HEIO.AS,NL,EXCLUDED_OTHER_NON_STRICT_REASON_NOT_CLASSIFIED_V0_22,True,True,False,False,False
WS:XAMS:IMCD.AS,EU_STOXX600,IMCD,IMCD.AS,NL,EXCLUDED_OTHER_NON_STRICT_REASON_NOT_CLASSIFIED_V0_22,True,True,False,False,False
WS:XAMS:INGA.AS,EU_STOXX600,ING GRP,INGA.AS,NL,EXCLUDED_INSTRUMENT_TYPE_NOT_YET_STRICTLY_VERIFIED,True,True,False,True,False
WS:XAMS:INPST.AS,EU_STOXX600,INPOST,INPST.AS,NL,EXCLUDED_OTHER_NON_STRICT_REASON_NOT_CLASSIFIED_V0_22,True,True,False,False,False
WS:XAMS:KPN.AS,EU_STOXX600,KPN,KPN.AS,NL,EXCLUDED_INSTRUMENT_TYPE_NOT_YET_STRICTLY_VERIFIED,True,True,False,True,False
WS:XAMS:LIGHT.AS,EU_STOXX600,SIGNIFY,LIGHT.AS,NL,EXCLUDED_OTHER_NON_STRICT_REASON_NOT_CLASSIFIED_V0_22,True,True,False,False,False
WS:XAMS:MICCT.AS,EU_STOXX600,THE MAGNUM ICE CREAM COMPANY,MICC.AS,NL,EXCLUDED_OTHER_NON_STRICT_REASON_NOT_CLASSIFIED_V0_22,True,True,False,False,False
WS:XAMS:MT.AS,EU_STOXX600,ARCELORMITTAL,MT.AS,FR,EXCLUDED_INSTRUMENT_TYPE_NOT_YET_STRICTLY_VERIFIED,True,True,False,True,False
WS:XAMS:NN.AS,EU_STOXX600,NN GROUP,NN.AS,NL,EXCLUDED_INSTRUMENT_TYPE_NOT_YET_STRICTLY_VERIFIED,True,True,False,True,False
WS:XAMS:PHG.AS,EU_STOXX600,PHILIPS,PHIA.AS,NL,EXCLUDED_INSTRUMENT_TYPE_NOT_YET_STRICTLY_VERIFIED,True,True,False,True,False
WS:XAMS:PRX.AS,EU_STOXX600,Prosus,PRX.AS,NL,EXCLUDED_INSTRUMENT_TYPE_NOT_YET_STRICTLY_VERIFIED,True,True,False,True,False
WS:XAMS:RAND.AS,EU_STOXX600,RANDSTAD,RAND.AS,NL,EXCLUDED_OTHER_NON_STRICT_REASON_NOT_CLASSIFIED_V0_22,True,True,False,False,False
WS:XAMS:SBMO.AS,EU_STOXX600,SBM OFFSHORE,SBMO.AS,NL,EXCLUDED_INSTRUMENT_TYPE_NOT_YET_STRICTLY_VERIFIED,True,True,False,True,False
WS:XAMS:SHEL.AS,EU_STOXX600,SHELL,SHELL.AS,GB,EXCLUDED_INSTRUMENT_TYPE_NOT_YET_STRICTLY_VERIFIED,True,True,False,True,False
WS:XAMS:UMG.AS,EU_STOXX600,UMG,UMG.AS,NL,EXCLUDED_INSTRUMENT_TYPE_NOT_YET_STRICTLY_VERIFIED,True,True,False,True,False
WS:XAMS:VOPA.AS,EU_STOXX600,VOPAK,VPK.AS,NL,EXCLUDED_OTHER_NON_STRICT_REASON_NOT_CLASSIFIED_V0_22,True,True,False,False,False
WS:XAMS:WLSNC.AS,EU_STOXX600,WOLTERS KLUWER,WKL.AS,NL,EXCLUDED_INSTRUMENT_TYPE_NOT_YET_STRICTLY_VERIFIED,True,True,False,True,False
WS:XBRU:ABI.BR,EU_STOXX600,ANHEUSER-BUSCH INBEV,ABI.BR,BE,EXCLUDED_INSTRUMENT_TYPE_NOT_YET_STRICTLY_VERIFIED,True,True,False,True,False
WS:XBRU:ACKB.BR,EU_STOXX600,ACKERMANS & VAN HAAREN,ACKB.BR,BE,EXCLUDED_OTHER_NON_STRICT_REASON_NOT_CLASSIFIED_V0_22,True,True,False,False,False
WS:XBRU:AGES.BR,EU_STOXX600,AGEAS,AGS.BR,BE,EXCLUDED_OTHER_NON_STRICT_REASON_NOT_CLASSIFIED_V0_22,True,True,False,False,False
WS:XBRU:AOO.BR,EU_STOXX600,AEDIFICA,AED.BR,BE,EXCLUDED_OTHER_NON_STRICT_REASON_NOT_CLASSIFIED_V0_22,True,True,False,False,False
WS:XBRU:ARGX.BR,EU_STOXX600,ARGENX,ARGX.BR,BE,EXCLUDED_INSTRUMENT_TYPE_NOT_YET_STRICTLY_VERIFIED,True,True,False,True,False
WS:XBRU:ELI.BR,EU_STOXX600,ELIA GROUP,ELI.BR,BE,EXCLUDED_OTHER_NON_STRICT_REASON_NOT_CLASSIFIED_V0_22,True,True,False,False,False
WS:XBRU:GBLB.BR,EU_STOXX600,GRP BRUXELLES LAMBERT,GBLB.BR,BE,EXCLUDED_OTHER_NON_STRICT_REASON_NOT_CLASSIFIED_V0_22,True,True,False,False,False
WS:XBRU:IETB.BR,EU_STOXX600,D'IETEREN GROUP,DIE.BR,BE,EXCLUDED_OTHER_NON_STRICT_REASON_NOT_CLASSIFIED_V0_22,True,True,False,False,False
WS:XBRU:KBC.BR,EU_STOXX600,KBC GRP,KBC.BR,BE,EXCLUDED_INSTRUMENT_TYPE_NOT_YET_STRICTLY_VERIFIED,True,True,False,True,False
WS:XBRU:KBCA.BR,EU_STOXX600,KBC ANCORA,KBCA.BR,BE,EXCLUDED_OTHER_NON_STRICT_REASON_NOT_CLASSIFIED_V0_22,True,True,False,False,False
WS:XBRU:LOTB.BR,EU_STOXX600,LOTUS BAKERIES,LOTB.BR,BE,EXCLUDED_OTHER_NON_STRICT_REASON_NOT_CLASSIFIED_V0_22,True,True,False,False,False
WS:XBRU:SOF.BR,EU_STOXX600,SOFINA,SOF.BR,BE,EXCLUDED_OTHER_NON_STRICT_REASON_NOT_CLASSIFIED_V0_22,True,True,False,False,False
WS:XBRU:SYENS.BR,EU_STOXX600,SYENSQO,SYENS.BR,BE,EXCLUDED_OTHER_NON_STRICT_REASON_NOT_CLASSIFIED_V0_22,True,True,False,False,False
WS:XBRU:TUB.BR,EU_STOXX600,FINANCIERE DE TUBIZE,TUB.BR,BE,EXCLUDED_OTHER_NON_STRICT_REASON_NOT_CLASSIFIED_V0_22,True,True,False,False,False
WS:XBRU:UCB.BR,EU_STOXX600,UCB,UCB.BR,BE,EXCLUDED_INSTRUMENT_TYPE_NOT_YET_STRICTLY_VERIFIED,True,True,False,True,False
WS:XBRU:UMI.BR,EU_STOXX600,UMICORE,UMI.BR,BE,EXCLUDED_OTHER_NON_STRICT_REASON_NOT_CLASSIFIED_V0_22,True,True,False,False,False
WS:XBRU:WDPP.BR,EU_STOXX600,WDP,WDP.BR,BE,EXCLUDED_OTHER_NON_STRICT_REASON_NOT_CLASSIFIED_V0_22,True,True,False,False,False
WS:XCSE:ALKB.CO,EU_STOXX600,ALK-ABELLO B,ALK-B.CO,DK,EXCLUDED_OTHER_NON_STRICT_REASON_NOT_CLASSIFIED_V0_22,True,True,False,False,False
WS:XCSE:ALSYDB.CO,EU_STOXX600,AL SYDBANK,ALSYDB.CO,DK,EXCLUDED_OTHER_NON_STRICT_REASON_NOT_CLASSIFIED_V0_22,True,True,False,False,False
WS:XCSE:CARLB.CO,EU_STOXX600,CARLSBERG B,CARL-B.CO,DK,EXCLUDED_INSTRUMENT_TYPE_NOT_YET_STRICTLY_VERIFIED,True,True,False,True,False
WS:XCSE:COLOB.CO,EU_STOXX600,COLOPLAST B,COLO-B.CO,DK,EXCLUDED_OTHER_NON_STRICT_REASON_NOT_CLASSIFIED_V0_22,True,True,False,False,False
WS:XCSE:DANSKE.CO,EU_STOXX600,DANSKE BANK,DANSKE.CO,DK,EXCLUDED_INSTRUMENT_TYPE_NOT_YET_STRICTLY_VERIFIED,True,True,False,True,False
WS:XCSE:DEMANT.CO,EU_STOXX600,DEMANT,DEMANT.CO,DK,EXCLUDED_OTHER_NON_STRICT_REASON_NOT_CLASSIFIED_V0_22,True,True,False,False,False
WS:XCSE:DSV.CO,EU_STOXX600,DSV,DSV.CO,DK,EXCLUDED_INSTRUMENT_TYPE_NOT_YET_STRICTLY_VERIFIED,True,True,False,True,False
WS:XCSE:FLS.CO,EU_STOXX600,FLSMIDTH & COMPANY,FLS.CO,DK,EXCLUDED_OTHER_NON_STRICT_REASON_NOT_CLASSIFIED_V0_22,True,True,False,False,False
WS:XCSE:GMAB.CO,EU_STOXX600,GENMAB,GMAB.CO,DK,EXCLUDED_INSTRUMENT_TYPE_NOT_YET_STRICTLY_VERIFIED,True,True,False,True,False
WS:XCSE:ISS.CO,EU_STOXX600,ISS AS,ISS.CO,DK,EXCLUDED_OTHER_NON_STRICT_REASON_NOT_CLASSIFIED_V0_22,True,True,False,False,False
WS:XCSE:JYSK.CO,EU_STOXX600,JYSKE BANK,JYSK.CO,DK,EXCLUDED_OTHER_NON_STRICT_REASON_NOT_CLASSIFIED_V0_22,True,True,False,False,False
WS:XCSE:MAERSKB.CO,EU_STOXX600,A.P.MOLLER-MAERSK B,MAERSK-B.CO,DK,EXCLUDED_INSTRUMENT_TYPE_NOT_YET_STRICTLY_VERIFIED,True,True,False,True,False
WS:XCSE:NKT.CO,EU_STOXX600,NKT,NKT.CO,DK,EXCLUDED_INSTRUMENT_TYPE_NOT_YET_STRICTLY_VERIFIED,True,True,False,True,False
WS:XCSE:NOVOB.CO,EU_STOXX600,NOVO NORDISK B,NOVO-B.CO,DK,EXCLUDED_INSTRUMENT_TYPE_NOT_YET_STRICTLY_VERIFIED,True,True,False,True,False
WS:XCSE:NSISB.CO,EU_STOXX600,NOVONESIS,NSIS-B.CO,DK,EXCLUDED_INSTRUMENT_TYPE_NOT_YET_STRICTLY_VERIFIED,True,True,False,True,False
WS:XCSE:ORSTED.CO,EU_STOXX600,ORSTED,ORSTED.CO,DK,EXCLUDED_INSTRUMENT_TYPE_NOT_YET_STRICTLY_VERIFIED,True,True,False,True,False
WS:XCSE:PNDORA.CO,EU_STOXX600,PANDORA,PNDORA.CO,DK,EXCLUDED_INSTRUMENT_TYPE_NOT_YET_STRICTLY_VERIFIED,True,True,False,True,False
WS:XCSE:RBREW.CO,EU_STOXX600,ROYAL UNIBREW,RBREW.CO,DK,EXCLUDED_OTHER_NON_STRICT_REASON_NOT_CLASSIFIED_V0_22,True,True,False,False,False
WS:XCSE:RILBA.CO,EU_STOXX600,RINGKJOBING LANDBOBANK,RILBA.CO,DK,EXCLUDED_OTHER_NON_STRICT_REASON_NOT_CLASSIFIED_V0_22,True,True,False,False,False
WS:XCSE:ROCKB.CO,EU_STOXX600,ROCKWOOL B,ROCK-B.CO,DK,EXCLUDED_OTHER_NON_STRICT_REASON_NOT_CLASSIFIED_V0_22,True,True,False,False,False
WS:XCSE:TRYG.CO,EU_STOXX600,TRYG,TRYG.CO,DK,EXCLUDED_OTHER_NON_STRICT_REASON_NOT_CLASSIFIED_V0_22,True,True,False,False,False
WS:XCSE:VWS.CO,EU_STOXX600,VESTAS WIND SYSTEMS,VWS.CO,DK,EXCLUDED_INSTRUMENT_TYPE_NOT_YET_STRICTLY_VERIFIED,True,True,False,True,False
WS:XCSE:ZELA.CO,EU_STOXX600,ZEALAND PHARMA,ZEAL.CO,DK,EXCLUDED_OTHER_NON_STRICT_REASON_NOT_CLASSIFIED_V0_22,True,True,False,False,False
WS:XDUB:AIBG.I,EU_STOXX600,AIB GROUP,A5G.IR,IE,EXCLUDED_INSTRUMENT_TYPE_NOT_YET_STRICTLY_VERIFIED,True,True,False,True,False
WS:XDUB:BIRG.I,EU_STOXX600,BANK OF IRELAND GROUP,BIRG.IR,IE,EXCLUDED_INSTRUMENT_TYPE_NOT_YET_STRICTLY_VERIFIED,True,True,False,True,False
WS:XDUB:GL9.I,EU_STOXX600,GLANBIA,GL9.IR,IE,EXCLUDED_OTHER_NON_STRICT_REASON_NOT_CLASSIFIED_V0_22,True,True,False,False,False
WS:XDUB:KSP.I,EU_STOXX600,KINGSPAN GRP,KRX.IR,IE,EXCLUDED_INSTRUMENT_TYPE_NOT_YET_STRICTLY_VERIFIED,True,True,False,True,False
WS:XDUB:KYGA.I,EU_STOXX600,KERRY GRP,KRZ.IR,IE,EXCLUDED_INSTRUMENT_TYPE_NOT_YET_STRICTLY_VERIFIED,True,True,False,True,False
WS:XDUB:RYA.I,EU_STOXX600,RYANAIR,RYA.IR,IE,EXCLUDED_INSTRUMENT_TYPE_NOT_YET_STRICTLY_VERIFIED,True,True,False,True,False
WS:XETR:ADSGN.DE,EU_STOXX600,ADIDAS,ADS.DE,DE,EXCLUDED_INSTRUMENT_TYPE_NOT_YET_STRICTLY_VERIFIED,True,True,False,True,False
WS:XETR:AG1G.DE,EU_STOXX600,AUTO1 GROUP,AG1.DE,DE,EXCLUDED_OTHER_NON_STRICT_REASON_NOT_CLASSIFIED_V0_22,True,True,False,False,False
WS:XETR:AIXGN.DE,EU_STOXX600,AIXTRON,AIXA.DE,DE,EXCLUDED_INSTRUMENT_TYPE_NOT_YET_STRICTLY_VERIFIED,True,True,False,True,False
WS:XETR:ALVG.DE,EU_STOXX600,ALLIANZ,ALV.DE,DE,EXCLUDED_INSTRUMENT_TYPE_NOT_YET_STRICTLY_VERIFIED,True,True,False,True,False
WS:XETR:AMV0N.DE,EU_STOXX600,AUMOVIO,AMV0.DE,DE,EXCLUDED_OTHER_NON_STRICT_REASON_NOT_CLASSIFIED_V0_22,True,True,False,False,False
WS:XETR:BASFN.DE,EU_STOXX600,BASF,BAS.DE,DE,EXCLUDED_INSTRUMENT_TYPE_NOT_YET_STRICTLY_VERIFIED,True,True,False,True,False
WS:XETR:BAYGN.DE,EU_STOXX600,BAYER,BAYN.DE,DE,EXCLUDED_INSTRUMENT_TYPE_NOT_YET_STRICTLY_VERIFIED,True,True,False,True,False
WS:XETR:BC8G.DE,EU_STOXX600,BECHTLE,BC8.DE,DE,EXCLUDED_OTHER_NON_STRICT_REASON_NOT_CLASSIFIED_V0_22,True,True,False,False,False
WS:XETR:BEIG.DE,EU_STOXX600,BEIERSDORF,BEI.DE,DE,EXCLUDED_INSTRUMENT_TYPE_NOT_YET_STRICTLY_VERIFIED,True,True,False,True,False
WS:XETR:BMWG.DE,EU_STOXX600,BMW,BMW.DE,DE,EXCLUDED_INSTRUMENT_TYPE_NOT_YET_STRICTLY_VERIFIED,True,True,False,True,False
WS:XETR:BNRGN.DE,EU_STOXX600,BRENNTAG,BNR.DE,DE,EXCLUDED_INSTRUMENT_TYPE_NOT_YET_STRICTLY_VERIFIED,True,True,False,True,False
WS:XETR:CBKG.DE,EU_STOXX600,COMMERZBANK,CBK.DE,DE,EXCLUDED_INSTRUMENT_TYPE_NOT_YET_STRICTLY_VERIFIED,True,True,False,True,False
WS:XETR:CONG.DE,EU_STOXX600,CONTINENTAL,CON.DE,DE,EXCLUDED_INSTRUMENT_TYPE_NOT_YET_STRICTLY_VERIFIED,True,True,False,True,False
WS:XETR:DB1GN.DE,EU_STOXX600,DEUTSCHE BOERSE,DB1.DE,DE,EXCLUDED_INSTRUMENT_TYPE_NOT_YET_STRICTLY_VERIFIED,True,True,False,True,False
WS:XETR:DBKGN.DE,EU_STOXX600,DEUTSCHE BANK,DBK.DE,DE,EXCLUDED_INSTRUMENT_TYPE_NOT_YET_STRICTLY_VERIFIED,True,True,False,True,False
WS:XETR:DHER.DE,EU_STOXX600,DELIVERY HERO,DHER.DE,DE,EXCLUDED_OTHER_NON_STRICT_REASON_NOT_CLASSIFIED_V0_22,True,True,False,False,False
WS:XETR:DHLN.DE,EU_STOXX600,DEUTSCHE POST,DHL.DE,DE,EXCLUDED_INSTRUMENT_TYPE_NOT_YET_STRICTLY_VERIFIED,True,True,False,True,False
WS:XETR:DTEGN.DE,EU_STOXX600,DEUTSCHE TELEKOM,DTE.DE,DE,EXCLUDED_INSTRUMENT_TYPE_NOT_YET_STRICTLY_VERIFIED,True,True,False,True,False
WS:XETR:DTGGE.DE,EU_STOXX600,DAIMLER TRUCK,DTG.DE,DE,EXCLUDED_INSTRUMENT_TYPE_NOT_YET_STRICTLY_VERIFIED,True,True,False,True,False
WS:XETR:ENR1N.DE,EU_STOXX600,SIEMENS ENERGY,ENR.DE,DE,EXCLUDED_INSTRUMENT_TYPE_NOT_YET_STRICTLY_VERIFIED,True,True,False,True,False
WS:XETR:EONGN.DE,EU_STOXX600,E.ON,EOAN.DE,DE,EXCLUDED_INSTRUMENT_TYPE_NOT_YET_STRICTLY_VERIFIED,True,True,False,True,False
WS:XETR:EVDG.DE,EU_STOXX600,CTS EVENTIM,EVD.DE,DE,EXCLUDED_OTHER_NON_STRICT_REASON_NOT_CLASSIFIED_V0_22,True,True,False,False,False
WS:XETR:EVKN.DE,EU_STOXX600,EVONIK INDUSTRIES,EVK.DE,DE,EXCLUDED_INSTRUMENT_TYPE_NOT_YET_STRICTLY_VERIFIED,True,True,False,True,False
WS:XETR:FMEG.DE,EU_STOXX600,FRESENIUS MEDICAL CARE,FME.DE,DE,EXCLUDED_INSTRUMENT_TYPE_NOT_YET_STRICTLY_VERIFIED,True,True,False,True,False
WS:XETR:FNTGN.DE,EU_STOXX600,FREENET,FNTN.DE,DE,EXCLUDED_OTHER_NON_STRICT_REASON_NOT_CLASSIFIED_V0_22,True,True,False,False,False
WS:XETR:FPE3_P.DE,EU_STOXX600,FUCHS PREF,FPE3.DE,DE,EXCLUDED_OTHER_NON_STRICT_REASON_NOT_CLASSIFIED_V0_22,True,True,False,False,False
WS:XETR:FRAG.DE,EU_STOXX600,FRAPORT,FRA.DE,DE,EXCLUDED_OTHER_NON_STRICT_REASON_NOT_CLASSIFIED_V0_22,True,True,False,False,False
WS:XETR:FREG.DE,EU_STOXX600,FRESENIUS,FRE.DE,DE,EXCLUDED_INSTRUMENT_TYPE_NOT_YET_STRICTLY_VERIFIED,True,True,False,True,False
WS:XETR:FTKN.DE,EU_STOXX600,FLATEXDEGIRO N,FTK.DE,DE,EXCLUDED_OTHER_NON_STRICT_REASON_NOT_CLASSIFIED_V0_22,True,True,False,False,False
WS:XETR:G1AG.DE,EU_STOXX600,GEA GRP,G1A.DE,DE,EXCLUDED_INSTRUMENT_TYPE_NOT_YET_STRICTLY_VERIFIED,True,True,False,True,False
WS:XETR:G24N.DE,EU_STOXX600,SCOUT24,G24.DE,DE,EXCLUDED_INSTRUMENT_TYPE_NOT_YET_STRICTLY_VERIFIED,True,True,False,True,False
WS:XETR:GBFG.DE,EU_STOXX600,BILFINGER,GBF.DE,DE,EXCLUDED_OTHER_NON_STRICT_REASON_NOT_CLASSIFIED_V0_22,True,True,False,False,False
WS:XETR:HAGG.DE,EU_STOXX600,HENSOLDT,HAG.DE,DE,EXCLUDED_INSTRUMENT_TYPE_NOT_YET_STRICTLY_VERIFIED,True,True,False,True,False
WS:XETR:HEIG.DE,EU_STOXX600,HEIDELBERG MATERIALS,HEI.DE,DE,EXCLUDED_INSTRUMENT_TYPE_NOT_YET_STRICTLY_VERIFIED,True,True,False,True,False
WS:XETR:HNKG_P.DE,EU_STOXX600,HENKEL PREF,HEN3.DE,DE,EXCLUDED_INSTRUMENT_TYPE_NOT_YET_STRICTLY_VERIFIED,True,True,False,True,False
WS:XETR:HNRGN.DE,EU_STOXX600,HANNOVER RUECK,HNR1.DE,DE,EXCLUDED_INSTRUMENT_TYPE_NOT_YET_STRICTLY_VERIFIED,True,True,False,True,False
WS:XETR:HOTG.DE,EU_STOXX600,HOCHTIEF,HOT.DE,DE,EXCLUDED_INSTRUMENT_TYPE_NOT_YET_STRICTLY_VERIFIED,True,True,False,True,False
WS:XETR:IFXGN.DE,EU_STOXX600,INFINEON TECHNOLOGIES,IFX.DE,DE,EXCLUDED_INSTRUMENT_TYPE_NOT_YET_STRICTLY_VERIFIED,True,True,False,True,False
WS:XETR:KBX.DE,EU_STOXX600,KNORR BREMSE,KBX.DE,DE,EXCLUDED_OTHER_NON_STRICT_REASON_NOT_CLASSIFIED_V0_22,True,True,False,False,False
WS:XETR:KGX.DE,EU_STOXX600,KION GROUP,KGX.DE,DE,EXCLUDED_OTHER_NON_STRICT_REASON_NOT_CLASSIFIED_V0_22,True,True,False,False,False
WS:XETR:LEGN.DE,EU_STOXX600,LEG IMMOBILIEN,LEG.DE,DE,EXCLUDED_OTHER_NON_STRICT_REASON_NOT_CLASSIFIED_V0_22,True,True,False,False,False
WS:XETR:LHAG.DE,EU_STOXX600,LUFTHANSA,LHA.DE,DE,EXCLUDED_INSTRUMENT_TYPE_NOT_YET_STRICTLY_VERIFIED,True,True,False,True,False
WS:XETR:MBGN.DE,EU_STOXX600,MERCEDES-BENZ GROUP,MBG.DE,DE,EXCLUDED_INSTRUMENT_TYPE_NOT_YET_STRICTLY_VERIFIED,True,True,False,True,False
WS:XETR:MRCG.DE,EU_STOXX600,MERCK,MRK.DE,DE,EXCLUDED_INSTRUMENT_TYPE_NOT_YET_STRICTLY_VERIFIED,True,True,False,True,False
WS:XETR:MTXGN.DE,EU_STOXX600,MTU AERO ENGINES,MTX.DE,DE,EXCLUDED_INSTRUMENT_TYPE_NOT_YET_STRICTLY_VERIFIED,True,True,False,True,False
WS:XETR:MUVGN.DE,EU_STOXX600,MUENCHENER RUECK,MUV2.DE,DE,EXCLUDED_INSTRUMENT_TYPE_NOT_YET_STRICTLY_VERIFIED,True,True,False,True,False
WS:XETR:NAFG.DE,EU_STOXX600,AURUBIS,NDA.DE,DE,EXCLUDED_INSTRUMENT_TYPE_NOT_YET_STRICTLY_VERIFIED,True,True,False,True,False
WS:XETR:NDXG.DE,EU_STOXX600,NORDEX,NDX1.DE,DE,EXCLUDED_INSTRUMENT_TYPE_NOT_YET_STRICTLY_VERIFIED,True,True,False,True,False
WS:XETR:NEKG.DE,EU_STOXX600,NEMETSCHEK,NEM.DE,DE,EXCLUDED_INSTRUMENT_TYPE_NOT_YET_STRICTLY_VERIFIED,True,True,False,True,False
WS:XETR:P911_P.DE,EU_STOXX600,DR ING HC F PORSCHE PREF.,P911.DE,DE,EXCLUDED_INSTRUMENT_TYPE_NOT_YET_STRICTLY_VERIFIED,True,True,False,True,False
WS:XETR:PSHG_P.DE,EU_STOXX600,PORSCHE AUTOMOBIL HLDG PREF,PAH3.DE,DE,EXCLUDED_INSTRUMENT_TYPE_NOT_YET_STRICTLY_VERIFIED,True,True,False,True,False
WS:XETR:PUMG.DE,EU_STOXX600,PUMA,PUM.DE,DE,EXCLUDED_OTHER_NON_STRICT_REASON_NOT_CLASSIFIED_V0_22,True,True,False,False,False
WS:XETR:QIA.DE,EU_STOXX600,QIAGEN,QIA.DE,DE,EXCLUDED_INSTRUMENT_TYPE_NOT_YET_STRICTLY_VERIFIED,True,True,False,True,False
WS:XETR:R3NK.DE,EU_STOXX600,RENK,R3NK.DE,DE,EXCLUDED_INSTRUMENT_TYPE_NOT_YET_STRICTLY_VERIFIED,True,True,False,True,False
WS:XETR:RAAG.DE,EU_STOXX600,RATIONAL,RAA.DE,DE,EXCLUDED_OTHER_NON_STRICT_REASON_NOT_CLASSIFIED_V0_22,True,True,False,False,False
WS:XETR:RHMG.DE,EU_STOXX600,RHEINMETALL,RHM.DE,DE,EXCLUDED_INSTRUMENT_TYPE_NOT_YET_STRICTLY_VERIFIED,True,True,False,True,False
WS:XETR:RWEG.DE,EU_STOXX600,RWE,RWE.DE,DE,EXCLUDED_INSTRUMENT_TYPE_NOT_YET_STRICTLY_VERIFIED,True,True,False,True,False
WS:XETR:SAPG.DE,EU_STOXX600,SAP,SAP.DE,DE,EXCLUDED_INSTRUMENT_TYPE_NOT_YET_STRICTLY_VERIFIED,True,True,False,True,False
WS:XETR:SATG_P.DE,EU_STOXX600,SARTORIUS PREF.,SRT3.DE,DE,EXCLUDED_INSTRUMENT_TYPE_NOT_YET_STRICTLY_VERIFIED,True,True,False,True,False
WS:XETR:SDFGN.DE,EU_STOXX600,K + S,SDF.DE,DE,EXCLUDED_OTHER_NON_STRICT_REASON_NOT_CLASSIFIED_V0_22,True,True,False,False,False
WS:XETR:SHLG.DE,EU_STOXX600,SIEMENS HEALTHINEERS,SHL.DE,DE,EXCLUDED_INSTRUMENT_TYPE_NOT_YET_STRICTLY_VERIFIED,True,True,False,True,False
WS:XETR:SIEGN.DE,EU_STOXX600,SIEMENS,SIE.DE,DE,EXCLUDED_INSTRUMENT_TYPE_NOT_YET_STRICTLY_VERIFIED,True,True,False,True,False
WS:XETR:SY1G.DE,EU_STOXX600,SYMRISE,SY1.DE,DE,EXCLUDED_INSTRUMENT_TYPE_NOT_YET_STRICTLY_VERIFIED,True,True,False,True,False
WS:XETR:TEGG.DE,EU_STOXX600,TAG IMMOBILIEN AG,TEG.DE,DE,EXCLUDED_OTHER_NON_STRICT_REASON_NOT_CLASSIFIED_V0_22,True,True,False,False,False
WS:XETR:TKAG.DE,EU_STOXX600,THYSSENKRUPP,TKA.DE,DE,EXCLUDED_INSTRUMENT_TYPE_NOT_YET_STRICTLY_VERIFIED,True,True,False,True,False
WS:XETR:TLXGN.DE,EU_STOXX600,TALANX,TLX.DE,DE,EXCLUDED_INSTRUMENT_TYPE_NOT_YET_STRICTLY_VERIFIED,True,True,False,True,False
WS:XETR:TUI1N.DE,EU_STOXX600,TUI,TUI1.DE,DE,EXCLUDED_INSTRUMENT_TYPE_NOT_YET_STRICTLY_VERIFIED,True,True,False,True,False
WS:XETR:VNAN.DE,EU_STOXX600,Vonovia SE,VNA.DE,DE,EXCLUDED_INSTRUMENT_TYPE_NOT_YET_STRICTLY_VERIFIED,True,True,False,True,False
WS:XETR:VOWG_P.DE,EU_STOXX600,VOLKSWAGEN PREF,VOW3.DE,DE,EXCLUDED_INSTRUMENT_TYPE_NOT_YET_STRICTLY_VERIFIED,True,True,False,True,False
WS:XETR:ZALG.DE,EU_STOXX600,ZALANDO,ZAL.DE,DE,EXCLUDED_INSTRUMENT_TYPE_NOT_YET_STRICTLY_VERIFIED,True,True,False,True,False
WS:XHEL:ELISA.HE,EU_STOXX600,ELISA CORPORATION,ELISA.HE,FI,EXCLUDED_OTHER_NON_STRICT_REASON_NOT_CLASSIFIED_V0_22,True,True,False,False,False
WS:XHEL:FORTUM.HE,EU_STOXX600,FORTUM,FORTUM.HE,FI,EXCLUDED_OTHER_NON_STRICT_REASON_NOT_CLASSIFIED_V0_22,True,True,False,False,False
WS:XHEL:HIAB.HE,EU_STOXX600,HIAB,HIAB.HE,FI,EXCLUDED_OTHER_NON_STRICT_REASON_NOT_CLASSIFIED_V0_22,True,True,False,False,False
WS:XHEL:HUH1V.HE,EU_STOXX600,HUHTAMAKI,HUH1V.HE,FI,EXCLUDED_OTHER_NON_STRICT_REASON_NOT_CLASSIFIED_V0_22,True,True,False,False,False
WS:XHEL:KCRA.HE,EU_STOXX600,KONECRANES,KCR.HE,FI,EXCLUDED_OTHER_NON_STRICT_REASON_NOT_CLASSIFIED_V0_22,True,True,False,False,False
WS:XHEL:KEMIRA.HE,EU_STOXX600,KEMIRA,KEMIRA.HE,FI,EXCLUDED_OTHER_NON_STRICT_REASON_NOT_CLASSIFIED_V0_22,True,True,False,False,False
WS:XHEL:KESKOB.HE,EU_STOXX600,KESKO,KESKOB.HE,FI,EXCLUDED_OTHER_NON_STRICT_REASON_NOT_CLASSIFIED_V0_22,True,True,False,False,False
WS:XHEL:KNEBV.HE,EU_STOXX600,KONE B,KNEBV.HE,FI,EXCLUDED_INSTRUMENT_TYPE_NOT_YET_STRICTLY_VERIFIED,True,True,False,True,False
WS:XHEL:MANTA.HE,EU_STOXX600,Mandatum,MANTA.HE,FI,EXCLUDED_OTHER_NON_STRICT_REASON_NOT_CLASSIFIED_V0_22,True,True,False,False,False
WS:XHEL:METSO.HE,EU_STOXX600,METSO,METSO.HE,FI,EXCLUDED_OTHER_NON_STRICT_REASON_NOT_CLASSIFIED_V0_22,True,True,False,False,False
WS:XHEL:NDAFI.HE,EU_STOXX600,NORDEA BANK,NDA-FI.HE,FI,EXCLUDED_INSTRUMENT_TYPE_NOT_YET_STRICTLY_VERIFIED,True,True,False,True,False
WS:XHEL:NESTE.HE,EU_STOXX600,NESTE,NESTE.HE,FI,EXCLUDED_INSTRUMENT_TYPE_NOT_YET_STRICTLY_VERIFIED,True,True,False,True,False
WS:XHEL:NOKIA.HE,EU_STOXX600,NOKIA,NOKIA.HE,FI,EXCLUDED_INSTRUMENT_TYPE_NOT_YET_STRICTLY_VERIFIED,True,True,False,True,False
WS:XHEL:ORNBV.HE,EU_STOXX600,ORION B,ORNBV.HE,FI,EXCLUDED_OTHER_NON_STRICT_REASON_NOT_CLASSIFIED_V0_22,True,True,False,False,False
WS:XHEL:SAMPO.HE,EU_STOXX600,SAMPO,SAMPO.HE,FI,EXCLUDED_INSTRUMENT_TYPE_NOT_YET_STRICTLY_VERIFIED,True,True,False,True,False
WS:XHEL:STERV.HE,EU_STOXX600,STORA ENSO R,STERV.HE,FI,EXCLUDED_OTHER_NON_STRICT_REASON_NOT_CLASSIFIED_V0_22,True,True,False,False,False
WS:XHEL:UPM.HE,EU_STOXX600,UPM KYMMENE,UPM.HE,FI,EXCLUDED_INSTRUMENT_TYPE_NOT_YET_STRICTLY_VERIFIED,True,True,False,True,False
WS:XHEL:VALMT.HE,EU_STOXX600,Valmet,VALMT.HE,FI,EXCLUDED_OTHER_NON_STRICT_REASON_NOT_CLASSIFIED_V0_22,True,True,False,False,False
WS:XHEL:WRT1V.HE,EU_STOXX600,WARTSILA,WRT1V.HE,FI,EXCLUDED_INSTRUMENT_TYPE_NOT_YET_STRICTLY_VERIFIED,True,True,False,True,False
WS:XLIS:BCP.LS,EU_STOXX600,BCO COMERCIAL PORTUGUES,BCP.LS,PT,EXCLUDED_INSTRUMENT_TYPE_NOT_YET_STRICTLY_VERIFIED,True,True,False,True,False
WS:XLIS:EDP.LS,EU_STOXX600,EDP (PT),EDP.LS,PT,EXCLUDED_INSTRUMENT_TYPE_NOT_YET_STRICTLY_VERIFIED,True,True,False,True,False
WS:XLIS:EDPR.LS,EU_STOXX600,EDP RENEWABLES,EDPR.LS,PT,EXCLUDED_OTHER_NON_STRICT_REASON_NOT_CLASSIFIED_V0_22,True,True,False,False,False
WS:XLIS:GALP.LS,EU_STOXX600,GALP ENERGIA,GALP.LS,PT,EXCLUDED_INSTRUMENT_TYPE_NOT_YET_STRICTLY_VERIFIED,True,True,False,True,False
WS:XLIS:JMT.LS,EU_STOXX600,JERONIMO MARTINS,JMT.LS,PT,EXCLUDED_INSTRUMENT_TYPE_NOT_YET_STRICTLY_VERIFIED,True,True,False,True,False
WS:XLON:AAF.L,EU_STOXX600,AIRTEL AFRICA PLC,AAF.L,GB,EXCLUDED_OTHER_NON_STRICT_REASON_NOT_CLASSIFIED_V0_22,True,True,False,False,False
WS:XLON:AAL.L,EU_STOXX600,ANGLO AMERICAN,AAL.L,GB,EXCLUDED_INSTRUMENT_TYPE_NOT_YET_STRICTLY_VERIFIED,True,True,False,True,False
WS:XLON:ABDN.L,EU_STOXX600,ABERDEEN GROUP,ABDN.L,GB,EXCLUDED_OTHER_NON_STRICT_REASON_NOT_CLASSIFIED_V0_22,True,True,False,False,False
WS:XLON:ABF.L,EU_STOXX600,ASSOCIATED BRITISH FOODS,ABF.L,GB,EXCLUDED_INSTRUMENT_TYPE_NOT_YET_STRICTLY_VERIFIED,True,True,False,True,False
WS:XLON:ADML.L,EU_STOXX600,ADMIRAL GRP,ADM.L,GB,EXCLUDED_INSTRUMENT_TYPE_NOT_YET_STRICTLY_VERIFIED,True,True,False,True,False
WS:XLON:ANTO.L,EU_STOXX600,ANTOFAGASTA,ANTO.L,GB,EXCLUDED_INSTRUMENT_TYPE_NOT_YET_STRICTLY_VERIFIED,True,True,False,True,False
WS:XLON:AUTOA.L,EU_STOXX600,AUTOTRADER GROUP,AUTO.L,GB,EXCLUDED_INSTRUMENT_TYPE_NOT_YET_STRICTLY_VERIFIED,True,True,False,True,False
WS:XLON:AV.L,EU_STOXX600,AVIVA,AV.L,GB,EXCLUDED_INSTRUMENT_TYPE_NOT_YET_STRICTLY_VERIFIED,True,True,False,True,False
WS:XLON:AZN.L,EU_STOXX600,ASTRAZENECA,AZN.L,GB,EXCLUDED_INSTRUMENT_TYPE_NOT_YET_STRICTLY_VERIFIED,True,True,False,True,False
WS:XLON:BAB.L,EU_STOXX600,BABCOCK INTERNATIONAL,BAB.L,GB,EXCLUDED_INSTRUMENT_TYPE_NOT_YET_STRICTLY_VERIFIED,True,True,False,True,False
WS:XLON:BAES.L,EU_STOXX600,BAE SYSTEMS,BA.L,GB,EXCLUDED_INSTRUMENT_TYPE_NOT_YET_STRICTLY_VERIFIED,True,True,False,True,False
WS:XLON:BALF.L,EU_STOXX600,BALFOUR BEATTY,BBY.L,GB,EXCLUDED_OTHER_NON_STRICT_REASON_NOT_CLASSIFIED_V0_22,True,True,False,False,False
WS:XLON:BARC.L,EU_STOXX600,BARCLAYS,BARC.L,GB,EXCLUDED_INSTRUMENT_TYPE_NOT_YET_STRICTLY_VERIFIED,True,True,False,True,False
WS:XLON:BATS.L,EU_STOXX600,BRITISH AMERICAN TOBACCO,BATS.L,GB,EXCLUDED_INSTRUMENT_TYPE_NOT_YET_STRICTLY_VERIFIED,True,True,False,True,False
WS:XLON:BBOXT.L,EU_STOXX600,TRITAX BIG BOX REIT,BBOX.L,GB,EXCLUDED_OTHER_NON_STRICT_REASON_NOT_CLASSIFIED_V0_22,True,True,False,False,False
WS:XLON:BEZG.L,EU_STOXX600,BEAZLEY,BEZ.L,GB,EXCLUDED_INSTRUMENT_TYPE_NOT_YET_STRICTLY_VERIFIED,True,True,False,True,False
WS:XLON:BGEO.L,EU_STOXX600,LION FINANCE GROUP,BGEO.L,GB,EXCLUDED_OTHER_NON_STRICT_REASON_NOT_CLASSIFIED_V0_22,True,True,False,False,False
WS:XLON:BKGH.L,EU_STOXX600,BERKELEY GRP HLDG,BKG.L,GB,EXCLUDED_OTHER_NON_STRICT_REASON_NOT_CLASSIFIED_V0_22,True,True,False,False,False
WS:XLON:BLND.L,EU_STOXX600,BRITISH LAND COMPANY,BLND.L,GB,EXCLUDED_OTHER_NON_STRICT_REASON_NOT_CLASSIFIED_V0_22,True,True,False,False,False
WS:XLON:BNZL.L,EU_STOXX600,BUNZL,BNZL.L,GB,EXCLUDED_INSTRUMENT_TYPE_NOT_YET_STRICTLY_VERIFIED,True,True,False,True,False
WS:XLON:BP.L,EU_STOXX600,BP,BP.L,GB,EXCLUDED_INSTRUMENT_TYPE_NOT_YET_STRICTLY_VERIFIED,True,True,False,True,False
WS:XLON:BPTB.L,EU_STOXX600,BRIDGEPOINT GROUP,BPT.L,GB,EXCLUDED_OTHER_NON_STRICT_REASON_NOT_CLASSIFIED_V0_22,True,True,False,False,False
WS:XLON:BRBY.L,EU_STOXX600,BURBERRY,BRBY.L,GB,EXCLUDED_INSTRUMENT_TYPE_NOT_YET_STRICTLY_VERIFIED,True,True,False,True,False
WS:XLON:BT.L,EU_STOXX600,BT GRP,BT-A.L,GB,EXCLUDED_INSTRUMENT_TYPE_NOT_YET_STRICTLY_VERIFIED,True,True,False,True,False
WS:XLON:BTRW.L,EU_STOXX600,BARRATT REDROW,BTRW.L,GB,EXCLUDED_INSTRUMENT_TYPE_NOT_YET_STRICTLY_VERIFIED,True,True,False,True,False
WS:XLON:BWY.L,EU_STOXX600,BELLWAY,BWY.L,GB,EXCLUDED_OTHER_NON_STRICT_REASON_NOT_CLASSIFIED_V0_22,True,True,False,False,False
WS:XLON:CCC.L,EU_STOXX600,COMPUTACENTER,CCC.L,GB,EXCLUDED_OTHER_NON_STRICT_REASON_NOT_CLASSIFIED_V0_22,True,True,False,False,False
WS:XLON:CCH.L,EU_STOXX600,COCA-COLA HBC,CCH.L,GB,EXCLUDED_INSTRUMENT_TYPE_NOT_YET_STRICTLY_VERIFIED,True,True,False,True,False
WS:XLON:CNA.L,EU_STOXX600,CENTRICA,CNA.L,GB,EXCLUDED_INSTRUMENT_TYPE_NOT_YET_STRICTLY_VERIFIED,True,True,False,True,False
WS:XLON:CPG.L,EU_STOXX600,COMPASS GRP,CPG.L,GB,EXCLUDED_OTHER_NON_STRICT_REASON_NOT_CLASSIFIED_V0_22,True,True,False,False,False
WS:XLON:CRDA.L,EU_STOXX600,CRODA INTERNATIONAL,CRDA.L,GB,EXCLUDED_OTHER_NON_STRICT_REASON_NOT_CLASSIFIED_V0_22,True,True,False,False,False
WS:XLON:CTEC.L,EU_STOXX600,CONVATEC PLC,CTEC.L,GB,EXCLUDED_INSTRUMENT_TYPE_NOT_YET_STRICTLY_VERIFIED,True,True,False,True,False
WS:XLON:CWK.L,EU_STOXX600,CRANSWICK,CWK.L,GB,EXCLUDED_OTHER_NON_STRICT_REASON_NOT_CLASSIFIED_V0_22,True,True,False,False,False
WS:XLON:DCC.L,EU_STOXX600,DCC ENERGY,DCC.L,GB,EXCLUDED_INSTRUMENT_TYPE_NOT_YET_STRICTLY_VERIFIED,True,True,False,True,False
WS:XLON:DGE.L,EU_STOXX600,DIAGEO,DGE.L,GB,EXCLUDED_INSTRUMENT_TYPE_NOT_YET_STRICTLY_VERIFIED,True,True,False,True,False
WS:XLON:DLN.L,EU_STOXX600,DERWENT LONDON,DLN.L,GB,EXCLUDED_OTHER_NON_STRICT_REASON_NOT_CLASSIFIED_V0_22,True,True,False,False,False
WS:XLON:DPLM.L,EU_STOXX600,DIPLOMA,DPLM.L,GB,EXCLUDED_INSTRUMENT_TYPE_NOT_YET_STRICTLY_VERIFIED,True,True,False,True,False
WS:XLON:DRX.L,EU_STOXX600,DRAX GRP,DRX.L,GB,EXCLUDED_OTHER_NON_STRICT_REASON_NOT_CLASSIFIED_V0_22,True,True,False,False,False
WS:XLON:EMG.L,EU_STOXX600,MAN GRP,EMG.L,GB,EXCLUDED_OTHER_NON_STRICT_REASON_NOT_CLASSIFIED_V0_22,True,True,False,False,False
WS:XLON:ENT.L,EU_STOXX600,ENTAIN,ENT.L,GB,EXCLUDED_INSTRUMENT_TYPE_NOT_YET_STRICTLY_VERIFIED,True,True,False,True,False
WS:XLON:EXPN.L,EU_STOXX600,EXPERIAN,EXPN.L,GB,EXCLUDED_INSTRUMENT_TYPE_NOT_YET_STRICTLY_VERIFIED,True,True,False,True,False
WS:XLON:FRES.L,EU_STOXX600,FRESNILLO,FRES.L,GB,EXCLUDED_INSTRUMENT_TYPE_NOT_YET_STRICTLY_VERIFIED,True,True,False,True,False
WS:XLON:GAW.L,EU_STOXX600,GAMES WORKSHOP,GAW.L,GB,EXCLUDED_INSTRUMENT_TYPE_NOT_YET_STRICTLY_VERIFIED,True,True,False,True,False
WS:XLON:GLEN.L,EU_STOXX600,GLENCORE PLC,GLEN.L,GB,EXCLUDED_INSTRUMENT_TYPE_NOT_YET_STRICTLY_VERIFIED,True,True,False,True,False
WS:XLON:GSK.L,EU_STOXX600,GSK,GSK.L,GB,EXCLUDED_INSTRUMENT_TYPE_NOT_YET_STRICTLY_VERIFIED,True,True,False,True,False
WS:XLON:HIK.L,EU_STOXX600,HIKMA PHARMACEUTICALS,HIK.L,GB,EXCLUDED_OTHER_NON_STRICT_REASON_NOT_CLASSIFIED_V0_22,True,True,False,False,False
WS:XLON:HLMA.L,EU_STOXX600,HALMA,HLMA.L,GB,EXCLUDED_INSTRUMENT_TYPE_NOT_YET_STRICTLY_VERIFIED,True,True,False,True,False
WS:XLON:HLN.L,EU_STOXX600,HALEON,HLN.L,GB,EXCLUDED_INSTRUMENT_TYPE_NOT_YET_STRICTLY_VERIFIED,True,True,False,True,False
WS:XLON:HOCM.L,EU_STOXX600,HOCHSCHILD MINING,HOC.L,GB,EXCLUDED_OTHER_NON_STRICT_REASON_NOT_CLASSIFIED_V0_22,True,True,False,False,False
WS:XLON:HSBA.L,EU_STOXX600,HSBC,HSBA.L,GB,EXCLUDED_INSTRUMENT_TYPE_NOT_YET_STRICTLY_VERIFIED,True,True,False,True,False
WS:XLON:HSX.L,EU_STOXX600,HISCOX,HSX.L,GB,EXCLUDED_INSTRUMENT_TYPE_NOT_YET_STRICTLY_VERIFIED,True,True,False,True,False
WS:XLON:HWDN.L,EU_STOXX600,HOWDEN JOINERY GRP,HWDN.L,GB,EXCLUDED_OTHER_NON_STRICT_REASON_NOT_CLASSIFIED_V0_22,True,True,False,False,False
WS:XLON:ICAG.L,EU_STOXX600,IAG,IAG.L,GB,EXCLUDED_INSTRUMENT_TYPE_NOT_YET_STRICTLY_VERIFIED,True,True,False,True,False
WS:XLON:ICGIN.L,EU_STOXX600,ICG,ICG.L,GB,EXCLUDED_INSTRUMENT_TYPE_NOT_YET_STRICTLY_VERIFIED,True,True,False,True,False
WS:XLON:IGG.L,EU_STOXX600,IG GRP HLDG,IGG.L,GB,EXCLUDED_INSTRUMENT_TYPE_NOT_YET_STRICTLY_VERIFIED,True,True,False,True,False
WS:XLON:IHG.L,EU_STOXX600,INTERCONTINENTAL HOTELS GRP,IHG.L,GB,EXCLUDED_OTHER_NON_STRICT_REASON_NOT_CLASSIFIED_V0_22,True,True,False,False,False
WS:XLON:III.L,EU_STOXX600,3I GROUP PLC.,III.L,GB,EXCLUDED_INSTRUMENT_TYPE_NOT_YET_STRICTLY_VERIFIED,True,True,False,True,False
WS:XLON:IMB.L,EU_STOXX600,IMPERIAL BRANDS,IMB.L,GB,EXCLUDED_INSTRUMENT_TYPE_NOT_YET_STRICTLY_VERIFIED,True,True,False,True,False
WS:XLON:IMI.L,EU_STOXX600,IMI,IMI.L,GB,EXCLUDED_INSTRUMENT_TYPE_NOT_YET_STRICTLY_VERIFIED,True,True,False,True,False
WS:XLON:INCH.L,EU_STOXX600,INCHCAPE,INCH.L,GB,EXCLUDED_OTHER_NON_STRICT_REASON_NOT_CLASSIFIED_V0_22,True,True,False,False,False
WS:XLON:INF.L,EU_STOXX600,INFORMA,INF.L,GB,EXCLUDED_INSTRUMENT_TYPE_NOT_YET_STRICTLY_VERIFIED,True,True,False,True,False
WS:XLON:INVP.L,EU_STOXX600,INVESTEC,INVP.L,GB,EXCLUDED_INSTRUMENT_TYPE_NOT_YET_STRICTLY_VERIFIED,True,True,False,True,False
WS:XLON:ITRK.L,EU_STOXX600,INTERTEK GRP,ITRK.L,GB,EXCLUDED_INSTRUMENT_TYPE_NOT_YET_STRICTLY_VERIFIED,True,True,False,True,False
WS:XLON:ITV.L,EU_STOXX600,ITV,ITV.L,GB,EXCLUDED_OTHER_NON_STRICT_REASON_NOT_CLASSIFIED_V0_22,True,True,False,False,False
WS:XLON:JD.L,EU_STOXX600,JD SPORTS FASHION,JD.L,GB,EXCLUDED_INSTRUMENT_TYPE_NOT_YET_STRICTLY_VERIFIED,True,True,False,True,False
WS:XLON:JMAT.L,EU_STOXX600,JOHNSON MATTHEY,JMAT.L,GB,EXCLUDED_OTHER_NON_STRICT_REASON_NOT_CLASSIFIED_V0_22,True,True,False,False,False
WS:XLON:KGF.L,EU_STOXX600,KINGFISHER,KGF.L,GB,EXCLUDED_INSTRUMENT_TYPE_NOT_YET_STRICTLY_VERIFIED,True,True,False,True,False
WS:XLON:LAND.L,EU_STOXX600,LAND SECURITIES,LAND.L,GB,EXCLUDED_INSTRUMENT_TYPE_NOT_YET_STRICTLY_VERIFIED,True,True,False,True,False
WS:XLON:LGEN.L,EU_STOXX600,LEGAL & GENERAL GRP,LGEN.L,GB,EXCLUDED_INSTRUMENT_TYPE_NOT_YET_STRICTLY_VERIFIED,True,True,False,True,False
WS:XLON:LLOY.L,EU_STOXX600,LLOYDS BANKING GRP,LLOY.L,GB,EXCLUDED_INSTRUMENT_TYPE_NOT_YET_STRICTLY_VERIFIED,True,True,False,True,False
WS:XLON:LMPL.L,EU_STOXX600,LONDONMETRIC PROPERTY PLC,LMP.L,GB,EXCLUDED_OTHER_NON_STRICT_REASON_NOT_CLASSIFIED_V0_22,True,True,False,False,False
WS:XLON:LSEG.L,EU_STOXX600,LONDON STOCK EXCHANGE,LSEG.L,GB,EXCLUDED_INSTRUMENT_TYPE_NOT_YET_STRICTLY_VERIFIED,True,True,False,True,False
WS:XLON:MKS.L,EU_STOXX600,MARKS & SPENCER GRP,MKS.L,GB,EXCLUDED_INSTRUMENT_TYPE_NOT_YET_STRICTLY_VERIFIED,True,True,False,True,False
WS:XLON:MNDI.L,EU_STOXX600,MONDI,MNDI.L,GB,EXCLUDED_OTHER_NON_STRICT_REASON_NOT_CLASSIFIED_V0_22,True,True,False,False,False
WS:XLON:MNG.L,EU_STOXX600,M&G,MNG.L,GB,EXCLUDED_INSTRUMENT_TYPE_NOT_YET_STRICTLY_VERIFIED,True,True,False,True,False
WS:XLON:MRON.L,EU_STOXX600,MELROSE INDUSTRIES,MRO.L,GB,EXCLUDED_INSTRUMENT_TYPE_NOT_YET_STRICTLY_VERIFIED,True,True,False,True,False
WS:XLON:MTO.L,EU_STOXX600,MITIE GROUP,MTO.L,GB,EXCLUDED_INSTRUMENT_TYPE_NOT_YET_STRICTLY_VERIFIED,True,True,False,True,False
WS:XLON:NG.L,EU_STOXX600,NATIONAL GRID,NG.L,GB,EXCLUDED_INSTRUMENT_TYPE_NOT_YET_STRICTLY_VERIFIED,True,True,False,True,False
WS:XLON:NWG.L,EU_STOXX600,NATWEST GROUP,NWG.L,GB,EXCLUDED_INSTRUMENT_TYPE_NOT_YET_STRICTLY_VERIFIED,True,True,False,True,False
WS:XLON:NXT.L,EU_STOXX600,NEXT,NXT.L,GB,EXCLUDED_INSTRUMENT_TYPE_NOT_YET_STRICTLY_VERIFIED,True,True,False,True,False
WS:XLON:PAFR.L,EU_STOXX600,PAN AFRICAN RESOURCES,PAF.L,GB,EXCLUDED_OTHER_NON_STRICT_REASON_NOT_CLASSIFIED_V0_22,True,True,False,False,False
WS:XLON:PHP.L,EU_STOXX600,PRIMARY HEALTH PROPS.,PHP.L,GB,EXCLUDED_OTHER_NON_STRICT_REASON_NOT_CLASSIFIED_V0_22,True,True,False,False,False
WS:XLON:PLUSP.L,EU_STOXX600,PLUS500,PLUS.L,GB,EXCLUDED_OTHER_NON_STRICT_REASON_NOT_CLASSIFIED_V0_22,True,True,False,False,False
WS:XLON:PNN.L,EU_STOXX600,PENNON GRP,PNN.L,GB,EXCLUDED_OTHER_NON_STRICT_REASON_NOT_CLASSIFIED_V0_22,True,True,False,False,False
WS:XLON:PRU.L,EU_STOXX600,PRUDENTIAL,PRU.L,GB,EXCLUDED_INSTRUMENT_TYPE_NOT_YET_STRICTLY_VERIFIED,True,True,False,True,False
WS:XLON:PSN.L,EU_STOXX600,PERSIMMON,PSN.L,GB,EXCLUDED_INSTRUMENT_TYPE_NOT_YET_STRICTLY_VERIFIED,True,True,False,True,False
WS:XLON:PSON.L,EU_STOXX600,PEARSON,PSON.L,GB,EXCLUDED_INSTRUMENT_TYPE_NOT_YET_STRICTLY_VERIFIED,True,True,False,True,False
WS:XLON:QLT.L,EU_STOXX600,QUILTER,QLT.L,GB,EXCLUDED_OTHER_NON_STRICT_REASON_NOT_CLASSIFIED_V0_22,True,True,False,False,False
WS:XLON:QQ.L,EU_STOXX600,QINETIQ GRP,QQ.L,GB,EXCLUDED_OTHER_NON_STRICT_REASON_NOT_CLASSIFIED_V0_22,True,True,False,False,False
WS:XLON:REL.L,EU_STOXX600,RELX PLC,REL.L,GB,EXCLUDED_INSTRUMENT_TYPE_NOT_YET_STRICTLY_VERIFIED,True,True,False,True,False
WS:XLON:RIO.L,EU_STOXX600,RIO TINTO,RIO.L,GB,EXCLUDED_INSTRUMENT_TYPE_NOT_YET_STRICTLY_VERIFIED,True,True,False,True,False
WS:XLON:RKT.L,EU_STOXX600,RECKITT BENCKISER GRP,RKT.L,GB,EXCLUDED_INSTRUMENT_TYPE_NOT_YET_STRICTLY_VERIFIED,True,True,False,True,False
WS:XLON:RMV.L,EU_STOXX600,RIGHTMOVE GRP,RMV.L,GB,EXCLUDED_INSTRUMENT_TYPE_NOT_YET_STRICTLY_VERIFIED,True,True,False,True,False
WS:XLON:ROR.L,EU_STOXX600,ROTORK,ROR.L,GB,EXCLUDED_OTHER_NON_STRICT_REASON_NOT_CLASSIFIED_V0_22,True,True,False,False,False
WS:XLON:RR.L,EU_STOXX600,ROLLS ROYCE HLDG,RR.L,GB,EXCLUDED_INSTRUMENT_TYPE_NOT_YET_STRICTLY_VERIFIED,True,True,False,True,False
WS:XLON:RS1R.L,EU_STOXX600,RS Group,RS1.L,GB,EXCLUDED_OTHER_NON_STRICT_REASON_NOT_CLASSIFIED_V0_22,True,True,False,False,False
WS:XLON:RTO.L,EU_STOXX600,RENTOKIL INITIAL,RTO.L,GB,EXCLUDED_INSTRUMENT_TYPE_NOT_YET_STRICTLY_VERIFIED,True,True,False,True,False
WS:XLON:SBRY.L,EU_STOXX600,SAINSBURY (J),SBRY.L,GB,EXCLUDED_INSTRUMENT_TYPE_NOT_YET_STRICTLY_VERIFIED,True,True,False,True,False
WS:XLON:SDLF.L,EU_STOXX600,STANDARD LIFE,SDLF.L,GB,EXCLUDED_INSTRUMENT_TYPE_NOT_YET_STRICTLY_VERIFIED,True,True,False,True,False
WS:XLON:SDR.L,EU_STOXX600,SCHRODERS,SDR.L,GB,EXCLUDED_OTHER_NON_STRICT_REASON_NOT_CLASSIFIED_V0_22,True,True,False,False,False
WS:XLON:SGE.L,EU_STOXX600,SAGE GRP,SGE.L,GB,EXCLUDED_INSTRUMENT_TYPE_NOT_YET_STRICTLY_VERIFIED,True,True,False,True,False
WS:XLON:SGRO.L,EU_STOXX600,SEGRO,SGRO.L,GB,EXCLUDED_INSTRUMENT_TYPE_NOT_YET_STRICTLY_VERIFIED,True,True,False,True,False
WS:XLON:SHCS.L,EU_STOXX600,SHAFTESBURY CAPITAL,SHC.L,GB,EXCLUDED_OTHER_NON_STRICT_REASON_NOT_CLASSIFIED_V0_22,True,True,False,False,False
WS:XLON:SJP.L,EU_STOXX600,ST.JAMES'S PLACE CAPITAL,STJ.L,GB,EXCLUDED_INSTRUMENT_TYPE_NOT_YET_STRICTLY_VERIFIED,True,True,False,True,False
WS:XLON:SMIN.L,EU_STOXX600,SMITHS GRP,SMIN.L,GB,EXCLUDED_INSTRUMENT_TYPE_NOT_YET_STRICTLY_VERIFIED,True,True,False,True,False
WS:XLON:SN.L,EU_STOXX600,SMITH & NEPHEW,SN.L,GB,EXCLUDED_INSTRUMENT_TYPE_NOT_YET_STRICTLY_VERIFIED,True,True,False,True,False
WS:XLON:SPX.L,EU_STOXX600,SPIRAX,SPX.L,GB,EXCLUDED_INSTRUMENT_TYPE_NOT_YET_STRICTLY_VERIFIED,True,True,False,True,False
WS:XLON:SRP.L,EU_STOXX600,SERCO GRP,SRP.L,GB,EXCLUDED_OTHER_NON_STRICT_REASON_NOT_CLASSIFIED_V0_22,True,True,False,False,False
WS:XLON:SSE.L,EU_STOXX600,SCOTTISH & SOUTHERN ENERGY,SSE.L,GB,EXCLUDED_INSTRUMENT_TYPE_NOT_YET_STRICTLY_VERIFIED,True,True,False,True,False
WS:XLON:STAN.L,EU_STOXX600,STANDARD CHARTERED,STAN.L,GB,EXCLUDED_INSTRUMENT_TYPE_NOT_YET_STRICTLY_VERIFIED,True,True,False,True,False
WS:XLON:SVT.L,EU_STOXX600,SEVERN TRENT,SVT.L,GB,EXCLUDED_INSTRUMENT_TYPE_NOT_YET_STRICTLY_VERIFIED,True,True,False,True,False
WS:XLON:TBCG.L,EU_STOXX600,TBC BANK GROUP,TBCG.L,GB,EXCLUDED_OTHER_NON_STRICT_REASON_NOT_CLASSIFIED_V0_22,True,True,False,False,False
WS:XLON:TCAPI.L,EU_STOXX600,TP ICAP,TCAP.L,GB,EXCLUDED_OTHER_NON_STRICT_REASON_NOT_CLASSIFIED_V0_22,True,True,False,False,False
WS:XLON:TSCO.L,EU_STOXX600,TESCO,TSCO.L,GB,EXCLUDED_INSTRUMENT_TYPE_NOT_YET_STRICTLY_VERIFIED,True,True,False,True,False
WS:XLON:TW.L,EU_STOXX600,TAYLOR WIMPEY,TW.L,GB,EXCLUDED_INSTRUMENT_TYPE_NOT_YET_STRICTLY_VERIFIED,True,True,False,True,False
WS:XLON:ULVR.L,EU_STOXX600,UNILEVER PLC,ULVR.L,GB,EXCLUDED_INSTRUMENT_TYPE_NOT_YET_STRICTLY_VERIFIED,True,True,False,True,False
WS:XLON:UTG.L,EU_STOXX600,UNITE GROUP PLC,UTG.L,GB,EXCLUDED_OTHER_NON_STRICT_REASON_NOT_CLASSIFIED_V0_22,True,True,False,False,False
WS:XLON:UU.L,EU_STOXX600,UNITED UTILITIES GRP,UU.L,GB,EXCLUDED_INSTRUMENT_TYPE_NOT_YET_STRICTLY_VERIFIED,True,True,False,True,False
WS:XLON:VOD.L,EU_STOXX600,VODAFONE GRP,VOD.L,GB,EXCLUDED_INSTRUMENT_TYPE_NOT_YET_STRICTLY_VERIFIED,True,True,False,True,False
WS:XLON:WEIR.L,EU_STOXX600,WEIR GRP,WEIR.L,GB,EXCLUDED_INSTRUMENT_TYPE_NOT_YET_STRICTLY_VERIFIED,True,True,False,True,False
WS:XLON:WISEA.L,EU_STOXX600,WISE GROUP A,WISE.L,GB,EXCLUDED_OTHER_NON_STRICT_REASON_NOT_CLASSIFIED_V0_22,True,True,False,False,False
WS:XLON:WPP.L,EU_STOXX600,WPP,WPP.L,GB,EXCLUDED_INSTRUMENT_TYPE_NOT_YET_STRICTLY_VERIFIED,True,True,False,True,False
WS:XLON:WTB.L,EU_STOXX600,WHITBREAD,WTB.L,GB,EXCLUDED_OTHER_NON_STRICT_REASON_NOT_CLASSIFIED_V0_22,True,True,False,False,False
WS:XLON:ZEG.L,EU_STOXX600,ZEGONA COMMUNICATIONS,ZEG.L,GB,EXCLUDED_OTHER_NON_STRICT_REASON_NOT_CLASSIFIED_V0_22,True,True,False,False,False
WS:XMAD:ACS.MC,EU_STOXX600,ACS,ACS.MC,ES,EXCLUDED_INSTRUMENT_TYPE_NOT_YET_STRICTLY_VERIFIED,True,True,False,True,False
WS:XMAD:ACX.MC,EU_STOXX600,ACERINOX,ACX.MC,ES,EXCLUDED_OTHER_NON_STRICT_REASON_NOT_CLASSIFIED_V0_22,True,True,False,False,False
WS:XMAD:AENA.MC,EU_STOXX600,AENA SME,AENA.MC,ES,EXCLUDED_INSTRUMENT_TYPE_NOT_YET_STRICTLY_VERIFIED,True,True,False,True,False
WS:XMAD:AMA.MC,EU_STOXX600,AMADEUS IT GROUP,AMS.MC,ES,EXCLUDED_INSTRUMENT_TYPE_NOT_YET_STRICTLY_VERIFIED,True,True,False,True,False
WS:XMAD:ANA.MC,EU_STOXX600,ACCIONA S.A.,ANA.MC,ES,EXCLUDED_OTHER_NON_STRICT_REASON_NOT_CLASSIFIED_V0_22,True,True,False,False,False
WS:XMAD:BBVA.MC,EU_STOXX600,BCO BILBAO VIZCAYA ARGENTARIA,BBVA.MC,ES,EXCLUDED_INSTRUMENT_TYPE_NOT_YET_STRICTLY_VERIFIED,True,True,False,True,False
WS:XMAD:BKT.MC,EU_STOXX600,BANKINTER,BKT.MC,ES,EXCLUDED_INSTRUMENT_TYPE_NOT_YET_STRICTLY_VERIFIED,True,True,False,True,False
WS:XMAD:CABK.MC,EU_STOXX600,CAIXABANK,CABK.MC,ES,EXCLUDED_INSTRUMENT_TYPE_NOT_YET_STRICTLY_VERIFIED,True,True,False,True,False
WS:XMAD:CLNX.MC,EU_STOXX600,CELLNEX TELECOM,CLNX.MC,ES,EXCLUDED_INSTRUMENT_TYPE_NOT_YET_STRICTLY_VERIFIED,True,True,False,True,False
WS:XMAD:ELE.MC,EU_STOXX600,ENDESA,ELE.MC,ES,EXCLUDED_INSTRUMENT_TYPE_NOT_YET_STRICTLY_VERIFIED,True,True,False,True,False
WS:XMAD:ENAG.MC,EU_STOXX600,ENAGAS,ENG.MC,ES,EXCLUDED_OTHER_NON_STRICT_REASON_NOT_CLASSIFIED_V0_22,True,True,False,False,False
WS:XMAD:FER.MC,EU_STOXX600,FERROVIAL,FER.MC,ES,EXCLUDED_INSTRUMENT_TYPE_NOT_YET_STRICTLY_VERIFIED,True,True,False,True,False
WS:XMAD:GRLS.MC,EU_STOXX600,GRIFOLS,GRF.MC,ES,EXCLUDED_OTHER_NON_STRICT_REASON_NOT_CLASSIFIED_V0_22,True,True,False,False,False
WS:XMAD:IBE.MC,EU_STOXX600,IBERDROLA,IBE.MC,ES,EXCLUDED_INSTRUMENT_TYPE_NOT_YET_STRICTLY_VERIFIED,True,True,False,True,False
WS:XMAD:IDR.MC,EU_STOXX600,INDRA SISTEMAS,IDR.MC,ES,EXCLUDED_INSTRUMENT_TYPE_NOT_YET_STRICTLY_VERIFIED,True,True,False,True,False
WS:XMAD:ITX.MC,EU_STOXX600,Industria de Diseno Textil SA,ITX.MC,ES,EXCLUDED_INSTRUMENT_TYPE_NOT_YET_STRICTLY_VERIFIED,True,True,False,True,False
WS:XMAD:MAP.MC,EU_STOXX600,MAPFRE,MAP.MC,ES,EXCLUDED_OTHER_NON_STRICT_REASON_NOT_CLASSIFIED_V0_22,True,True,False,False,False
WS:XMAD:MRL.MC,EU_STOXX600,MERLIN PROPERTIES SOCIMI,MRL.MC,ES,EXCLUDED_OTHER_NON_STRICT_REASON_NOT_CLASSIFIED_V0_22,True,True,False,False,False
WS:XMAD:NTGY.MC,EU_STOXX600,Naturgy Energy Group,NTGY.MC,ES,EXCLUDED_INSTRUMENT_TYPE_NOT_YET_STRICTLY_VERIFIED,True,True,False,True,False
WS:XMAD:PUIGB.MC,EU_STOXX600,PUIG BRANDS B,PUIG.MC,ES,EXCLUDED_OTHER_NON_STRICT_REASON_NOT_CLASSIFIED_V0_22,True,True,False,False,False
WS:XMAD:REDE.MC,EU_STOXX600,Redeia Corporacion,RED.MC,ES,EXCLUDED_OTHER_NON_STRICT_REASON_NOT_CLASSIFIED_V0_22,True,True,False,False,False
WS:XMAD:REP.MC,EU_STOXX600,REPSOL,REP.MC,ES,EXCLUDED_INSTRUMENT_TYPE_NOT_YET_STRICTLY_VERIFIED,True,True,False,True,False
WS:XMAD:SABE.MC,EU_STOXX600,BCO SABADELL,SAB.MC,ES,EXCLUDED_INSTRUMENT_TYPE_NOT_YET_STRICTLY_VERIFIED,True,True,False,True,False
WS:XMAD:SAN.MC,EU_STOXX600,BCO SANTANDER,SAN.MC,ES,EXCLUDED_INSTRUMENT_TYPE_NOT_YET_STRICTLY_VERIFIED,True,True,False,True,False
WS:XMAD:SCYR.MC,EU_STOXX600,SACYR,SCYR.MC,ES,EXCLUDED_OTHER_NON_STRICT_REASON_NOT_CLASSIFIED_V0_22,True,True,False,False,False
WS:XMAD:TEF.MC,EU_STOXX600,TELEFONICA,TEF.MC,ES,EXCLUDED_INSTRUMENT_TYPE_NOT_YET_STRICTLY_VERIFIED,True,True,False,True,False
WS:XMAD:UNI.MC,EU_STOXX600,UNICAJA BANCO S.A.,UNI.MC,ES,EXCLUDED_OTHER_NON_STRICT_REASON_NOT_CLASSIFIED_V0_22,True,True,False,False,False
WS:XMAD:VIS.MC,EU_STOXX600,VISCOFAN,VIS.MC,ES,EXCLUDED_OTHER_NON_STRICT_REASON_NOT_CLASSIFIED_V0_22,True,True,False,False,False
WS:XMIL:A2.MI,EU_STOXX600,A2A,A2A.MI,IT,EXCLUDED_INSTRUMENT_TYPE_NOT_YET_STRICTLY_VERIFIED,True,True,False,True,False
WS:XMIL:AZMT.MI,EU_STOXX600,AZIMUT HLDG,AZM.MI,IT,EXCLUDED_INSTRUMENT_TYPE_NOT_YET_STRICTLY_VERIFIED,True,True,False,True,False
WS:XMIL:BAMI.MI,EU_STOXX600,BANCO BPM,BAMI.MI,IT,EXCLUDED_INSTRUMENT_TYPE_NOT_YET_STRICTLY_VERIFIED,True,True,False,True,False
WS:XMIL:BCU.MI,EU_STOXX600,BRUNELLO CUCINELLI,BC.MI,IT,EXCLUDED_INSTRUMENT_TYPE_NOT_YET_STRICTLY_VERIFIED,True,True,False,True,False
WS:XMIL:BGN.MI,EU_STOXX600,BCA GENERALI,BGN.MI,IT,EXCLUDED_OTHER_NON_STRICT_REASON_NOT_CLASSIFIED_V0_22,True,True,False,False,False
WS:XMIL:BMED.MI,EU_STOXX600,BANCA MEDIOLANUM,BMED.MI,IT,EXCLUDED_INSTRUMENT_TYPE_NOT_YET_STRICTLY_VERIFIED,True,True,False,True,False
WS:XMIL:BMPS.MI,EU_STOXX600,BANCA MONTE DEI PASCHI,BMPS.MI,IT,EXCLUDED_INSTRUMENT_TYPE_NOT_YET_STRICTLY_VERIFIED,True,True,False,True,False
WS:XMIL:BZU.MI,EU_STOXX600,BUZZI,BZU.MI,IT,EXCLUDED_INSTRUMENT_TYPE_NOT_YET_STRICTLY_VERIFIED,True,True,False,True,False
WS:XMIL:CPRI.MI,EU_STOXX600,DAVIDE CAMPARI,CPR.MI,IT,EXCLUDED_INSTRUMENT_TYPE_NOT_YET_STRICTLY_VERIFIED,True,True,False,True,False
WS:XMIL:CRDI.MI,EU_STOXX600,UNICREDIT,UCG.MI,IT,EXCLUDED_INSTRUMENT_TYPE_NOT_YET_STRICTLY_VERIFIED,True,True,False,True,False
WS:XMIL:DLG.MI,EU_STOXX600,DE LONGHI,DLG.MI,IT,EXCLUDED_OTHER_NON_STRICT_REASON_NOT_CLASSIFIED_V0_22,True,True,False,False,False
WS:XMIL:EMII.MI,EU_STOXX600,BPER Banca,BPE.MI,IT,EXCLUDED_INSTRUMENT_TYPE_NOT_YET_STRICTLY_VERIFIED,True,True,False,True,False
WS:XMIL:ENEI.MI,EU_STOXX600,ENEL,ENEL.MI,IT,EXCLUDED_INSTRUMENT_TYPE_NOT_YET_STRICTLY_VERIFIED,True,True,False,True,False
WS:XMIL:ENI.MI,EU_STOXX600,ENI,ENI.MI,IT,EXCLUDED_INSTRUMENT_TYPE_NOT_YET_STRICTLY_VERIFIED,True,True,False,True,False
WS:XMIL:FBK.MI,EU_STOXX600,FINECOBANK,FBK.MI,IT,EXCLUDED_INSTRUMENT_TYPE_NOT_YET_STRICTLY_VERIFIED,True,True,False,True,False
WS:XMIL:GASI.MI,EU_STOXX600,ASSICURAZIONI GENERALI,G.MI,IT,EXCLUDED_INSTRUMENT_TYPE_NOT_YET_STRICTLY_VERIFIED,True,True,False,True,False
WS:XMIL:HRA.MI,EU_STOXX600,HERA,HER.MI,IT,EXCLUDED_INSTRUMENT_TYPE_NOT_YET_STRICTLY_VERIFIED,True,True,False,True,False
WS:XMIL:IG.MI,EU_STOXX600,ITALGAS,IG.MI,IT,EXCLUDED_INSTRUMENT_TYPE_NOT_YET_STRICTLY_VERIFIED,True,True,False,True,False
WS:XMIL:ISP.MI,EU_STOXX600,INTESA SANPAOLO,ISP.MI,IT,EXCLUDED_INSTRUMENT_TYPE_NOT_YET_STRICTLY_VERIFIED,True,True,False,True,False
WS:XMIL:ITPG.MI,EU_STOXX600,INTERPUMP GRP,IP.MI,IT,EXCLUDED_OTHER_NON_STRICT_REASON_NOT_CLASSIFIED_V0_22,True,True,False,False,False
WS:XMIL:IVG.MI,EU_STOXX600,IVECO GROUP,IVG.MI,IT,EXCLUDED_OTHER_NON_STRICT_REASON_NOT_CLASSIFIED_V0_22,True,True,False,False,False
WS:XMIL:LDOF.MI,EU_STOXX600,LEONARDO,LDO.MI,IT,EXCLUDED_INSTRUMENT_TYPE_NOT_YET_STRICTLY_VERIFIED,True,True,False,True,False
WS:XMIL:LTMC.MI,EU_STOXX600,LOTTOMATICA GROUP,LTMC.MI,IT,EXCLUDED_OTHER_NON_STRICT_REASON_NOT_CLASSIFIED_V0_22,True,True,False,False,False
WS:XMIL:MONC.MI,EU_STOXX600,MONCLER,MONC.MI,IT,EXCLUDED_INSTRUMENT_TYPE_NOT_YET_STRICTLY_VERIFIED,True,True,False,True,False
WS:XMIL:NEXII.MI,EU_STOXX600,NEXI SPA,NEXI.MI,IT,EXCLUDED_INSTRUMENT_TYPE_NOT_YET_STRICTLY_VERIFIED,True,True,False,True,False
WS:XMIL:PIRC.MI,EU_STOXX600,PIRELLI & C. S.P.A.,PIRC.MI,IT,EXCLUDED_OTHER_NON_STRICT_REASON_NOT_CLASSIFIED_V0_22,True,True,False,False,False
WS:XMIL:PRY.MI,EU_STOXX600,PRYSMIAN,PRY.MI,IT,EXCLUDED_INSTRUMENT_TYPE_NOT_YET_STRICTLY_VERIFIED,True,True,False,True,False
WS:XMIL:PST.MI,EU_STOXX600,POSTE ITALIANE,PST.MI,IT,EXCLUDED_INSTRUMENT_TYPE_NOT_YET_STRICTLY_VERIFIED,True,True,False,True,False
WS:XMIL:RACE.MI,EU_STOXX600,FERRARI,RACE.MI,IT,EXCLUDED_INSTRUMENT_TYPE_NOT_YET_STRICTLY_VERIFIED,True,True,False,True,False
WS:XMIL:RECI.MI,EU_STOXX600,RECORDATI,REC.MI,IT,EXCLUDED_OTHER_NON_STRICT_REASON_NOT_CLASSIFIED_V0_22,True,True,False,False,False
WS:XMIL:REY.MI,EU_STOXX600,REPLY,REY.MI,IT,EXCLUDED_OTHER_NON_STRICT_REASON_NOT_CLASSIFIED_V0_22,True,True,False,False,False
WS:XMIL:SPMI.MI,EU_STOXX600,SAIPEM,SPM.MI,IT,EXCLUDED_INSTRUMENT_TYPE_NOT_YET_STRICTLY_VERIFIED,True,True,False,True,False
WS:XMIL:SRG.MI,EU_STOXX600,SNAM RETE GAS,SRG.MI,IT,EXCLUDED_INSTRUMENT_TYPE_NOT_YET_STRICTLY_VERIFIED,True,True,False,True,False
WS:XMIL:STLAM.MI,EU_STOXX600,STELLANTIS,STLAM.MI,IT,EXCLUDED_INSTRUMENT_TYPE_NOT_YET_STRICTLY_VERIFIED,True,True,False,True,False
WS:XMIL:STMMI.MI,EU_STOXX600,STMICROELECTRONICS,STMMI.MI,IT,EXCLUDED_INSTRUMENT_TYPE_NOT_YET_STRICTLY_VERIFIED,True,True,False,True,False
WS:XMIL:TENR.MI,EU_STOXX600,TENARIS,TEN.MI,IT,EXCLUDED_INSTRUMENT_TYPE_NOT_YET_STRICTLY_VERIFIED,True,True,False,True,False
WS:XMIL:TLIT.MI,EU_STOXX600,TELECOM ITALIA,TIT.MI,IT,EXCLUDED_INSTRUMENT_TYPE_NOT_YET_STRICTLY_VERIFIED,True,True,False,True,False
WS:XMIL:TPRO.MI,EU_STOXX600,TECHNOPROBE SPA,TPRO.MI,IT,EXCLUDED_INSTRUMENT_TYPE_NOT_YET_STRICTLY_VERIFIED,True,True,False,True,False
WS:XMIL:TRN.MI,EU_STOXX600,TERNA,TRN.MI,IT,EXCLUDED_INSTRUMENT_TYPE_NOT_YET_STRICTLY_VERIFIED,True,True,False,True,False
WS:XMIL:UNPI.MI,EU_STOXX600,UNIPOL ASSICURAZIONI,UNI.MI,IT,EXCLUDED_INSTRUMENT_TYPE_NOT_YET_STRICTLY_VERIFIED,True,True,False,True,False
WS:XOSL:AKER.OL,EU_STOXX600,AKER A,AKER.OL,NO,EXCLUDED_OTHER_NON_STRICT_REASON_NOT_CLASSIFIED_V0_22,True,True,False,False,False
WS:XOSL:AKRBP.OL,EU_STOXX600,AKER BP,AKRBP.OL,NO,EXCLUDED_INSTRUMENT_TYPE_NOT_YET_STRICTLY_VERIFIED,True,True,False,True,False
WS:XOSL:BAKKA.OL,EU_STOXX600,BAKKAFROST,BAKKA.OL,NO,EXCLUDED_OTHER_NON_STRICT_REASON_NOT_CLASSIFIED_V0_22,True,True,False,False,False
WS:XOSL:DNB.OL,EU_STOXX600,DNB BANK,DNB.OL,NO,EXCLUDED_INSTRUMENT_TYPE_NOT_YET_STRICTLY_VERIFIED,True,True,False,True,False
WS:XOSL:EQNR.OL,EU_STOXX600,EQUINOR,EQNR.OL,NO,EXCLUDED_INSTRUMENT_TYPE_NOT_YET_STRICTLY_VERIFIED,True,True,False,True,False
WS:XOSL:FRO.OL,EU_STOXX600,FRONTLINE,FRO.OL,NO,EXCLUDED_INSTRUMENT_TYPE_NOT_YET_STRICTLY_VERIFIED,True,True,False,True,False
WS:XOSL:GJFG.OL,EU_STOXX600,GJENSIDIGE FORSIKRING,GJF.OL,NO,EXCLUDED_OTHER_NON_STRICT_REASON_NOT_CLASSIFIED_V0_22,True,True,False,False,False
WS:XOSL:KMAR.OL,EU_STOXX600,KONGSBERG MARITIME,KMAR.OL,NO,EXCLUDED_OTHER_NON_STRICT_REASON_NOT_CLASSIFIED_V0_22,True,True,False,False,False
WS:XOSL:KOG.OL,EU_STOXX600,KONGSBERG GRUPPEN,KOG.OL,NO,EXCLUDED_INSTRUMENT_TYPE_NOT_YET_STRICTLY_VERIFIED,True,True,False,True,False
WS:XOSL:MOWI.OL,EU_STOXX600,MOWI,MOWI.OL,NO,EXCLUDED_INSTRUMENT_TYPE_NOT_YET_STRICTLY_VERIFIED,True,True,False,True,False
WS:XOSL:NHY.OL,EU_STOXX600,NORSK HYDRO,NHY.OL,NO,EXCLUDED_INSTRUMENT_TYPE_NOT_YET_STRICTLY_VERIFIED,True,True,False,True,False
WS:XOSL:NOD.OL,EU_STOXX600,NORDIC SEMICONDUCTOR,NOD.OL,NO,EXCLUDED_INSTRUMENT_TYPE_NOT_YET_STRICTLY_VERIFIED,True,True,False,True,False
WS:XOSL:ORK.OL,EU_STOXX600,ORKLA,ORK.OL,NO,EXCLUDED_OTHER_NON_STRICT_REASON_NOT_CLASSIFIED_V0_22,True,True,False,False,False
WS:XOSL:SALM.OL,EU_STOXX600,SALMAR,SALM.OL,NO,EXCLUDED_OTHER_NON_STRICT_REASON_NOT_CLASSIFIED_V0_22,True,True,False,False,False
WS:XOSL:SB1NO.OL,EU_STOXX600,SPAREBANK 1 SOR-NORGE ASA,SB1NO.OL,NO,EXCLUDED_OTHER_NON_STRICT_REASON_NOT_CLASSIFIED_V0_22,True,True,False,False,False
WS:XOSL:SBNOR.OL,EU_STOXX600,SPAREBANKEN NORGE,SBNOR.OL,NO,EXCLUDED_OTHER_NON_STRICT_REASON_NOT_CLASSIFIED_V0_22,True,True,False,False,False
WS:XOSL:STB.OL,EU_STOXX600,STOREBRAND,STB.OL,NO,EXCLUDED_OTHER_NON_STRICT_REASON_NOT_CLASSIFIED_V0_22,True,True,False,False,False
WS:XOSL:SUBC.OL,EU_STOXX600,SUBSEA7,SUBC.OL,NO,EXCLUDED_OTHER_NON_STRICT_REASON_NOT_CLASSIFIED_V0_22,True,True,False,False,False
WS:XOSL:TEL.OL,EU_STOXX600,TELENOR,TEL.OL,NO,EXCLUDED_INSTRUMENT_TYPE_NOT_YET_STRICTLY_VERIFIED,True,True,False,True,False
WS:XOSL:TGS.OL,EU_STOXX600,TGS ASA,TGS.OL,NO,EXCLUDED_OTHER_NON_STRICT_REASON_NOT_CLASSIFIED_V0_22,True,True,False,False,False
WS:XOSL:TOM.OL,EU_STOXX600,TOMRA SYSTEMS,TOM.OL,NO,EXCLUDED_OTHER_NON_STRICT_REASON_NOT_CLASSIFIED_V0_22,True,True,False,False,False
WS:XOSL:VAR.OL,EU_STOXX600,VAR ENERGI,VAR.OL,NO,EXCLUDED_INSTRUMENT_TYPE_NOT_YET_STRICTLY_VERIFIED,True,True,False,True,False
WS:XOSL:VEND.OL,EU_STOXX600,VEND MARKETPLACES,VEND.OL,NO,EXCLUDED_OTHER_NON_STRICT_REASON_NOT_CLASSIFIED_V0_22,True,True,False,False,False
WS:XOSL:YAR.OL,EU_STOXX600,YARA,YAR.OL,NO,EXCLUDED_INSTRUMENT_TYPE_NOT_YET_STRICTLY_VERIFIED,True,True,False,True,False
WS:XPAR:ABVX.PA,EU_STOXX600,ABIVAX,ABVX.PA,FR,EXCLUDED_OTHER_NON_STRICT_REASON_NOT_CLASSIFIED_V0_22,True,True,False,False,False
WS:XPAR:ACCP.PA,EU_STOXX600,ACCOR,AC.PA,FR,EXCLUDED_INSTRUMENT_TYPE_NOT_YET_STRICTLY_VERIFIED,True,True,False,True,False
WS:XPAR:ADP.PA,EU_STOXX600,ADP,ADP.PA,FR,EXCLUDED_OTHER_NON_STRICT_REASON_NOT_CLASSIFIED_V0_22,True,True,False,False,False
WS:XPAR:AIR.PA,EU_STOXX600,AIRBUS,AIR.PA,FR,EXCLUDED_INSTRUMENT_TYPE_NOT_YET_STRICTLY_VERIFIED,True,True,False,True,False
WS:XPAR:AIRP.PA,EU_STOXX600,AIR LIQUIDE,AI.PA,FR,EXCLUDED_INSTRUMENT_TYPE_NOT_YET_STRICTLY_VERIFIED,True,True,False,True,False
WS:XPAR:AKE.PA,EU_STOXX600,ARKEMA,AKE.PA,FR,EXCLUDED_OTHER_NON_STRICT_REASON_NOT_CLASSIFIED_V0_22,True,True,False,False,False
WS:XPAR:ALSO.PA,EU_STOXX600,ALSTOM,ALO.PA,FR,EXCLUDED_INSTRUMENT_TYPE_NOT_YET_STRICTLY_VERIFIED,True,True,False,True,False
WS:XPAR:AM.PA,EU_STOXX600,DASSAULT AVIATION,AM.PA,FR,EXCLUDED_OTHER_NON_STRICT_REASON_NOT_CLASSIFIED_V0_22,True,True,False,False,False
WS:XPAR:AMUN.PA,EU_STOXX600,AMUNDI,AMUN.PA,FR,EXCLUDED_OTHER_NON_STRICT_REASON_NOT_CLASSIFIED_V0_22,True,True,False,False,False
WS:XPAR:AXAF.PA,EU_STOXX600,AXA,CS.PA,FR,EXCLUDED_INSTRUMENT_TYPE_NOT_YET_STRICTLY_VERIFIED,True,True,False,True,False
WS:XPAR:AYV.PA,EU_STOXX600,Ayvens,AYV.PA,FR,EXCLUDED_OTHER_NON_STRICT_REASON_NOT_CLASSIFIED_V0_22,True,True,False,False,False
WS:XPAR:BIOX.PA,EU_STOXX600,BIOMERIEUX,BIM.PA,FR,EXCLUDED_OTHER_NON_STRICT_REASON_NOT_CLASSIFIED_V0_22,True,True,False,False,False
WS:XPAR:BNPP.PA,EU_STOXX600,BNP PARIBAS,BNP.PA,FR,EXCLUDED_INSTRUMENT_TYPE_NOT_YET_STRICTLY_VERIFIED,True,True,False,True,False
WS:XPAR:BOLL.PA,EU_STOXX600,BOLLORE,BOL.PA,FR,EXCLUDED_OTHER_NON_STRICT_REASON_NOT_CLASSIFIED_V0_22,True,True,False,False,False
WS:XPAR:BOUY.PA,EU_STOXX600,BOUYGUES,EN.PA,FR,EXCLUDED_INSTRUMENT_TYPE_NOT_YET_STRICTLY_VERIFIED,True,True,False,True,False
WS:XPAR:BVI.PA,EU_STOXX600,BUREAU VERITAS,BVI.PA,FR,EXCLUDED_INSTRUMENT_TYPE_NOT_YET_STRICTLY_VERIFIED,True,True,False,True,False
WS:XPAR:CAGR.PA,EU_STOXX600,CREDIT AGRICOLE,ACA.PA,FR,EXCLUDED_INSTRUMENT_TYPE_NOT_YET_STRICTLY_VERIFIED,True,True,False,True,False
WS:XPAR:CAPP.PA,EU_STOXX600,CAP GEMINI,CAP.PA,FR,EXCLUDED_INSTRUMENT_TYPE_NOT_YET_STRICTLY_VERIFIED,True,True,False,True,False
WS:XPAR:CARR.PA,EU_STOXX600,CARREFOUR,CA.PA,FR,EXCLUDED_INSTRUMENT_TYPE_NOT_YET_STRICTLY_VERIFIED,True,True,False,True,False
WS:XPAR:CVO.PA,EU_STOXX600,COVIVIO,COV.PA,FR,EXCLUDED_OTHER_NON_STRICT_REASON_NOT_CLASSIFIED_V0_22,True,True,False,False,False
WS:XPAR:DANO.PA,EU_STOXX600,DANONE,BN.PA,FR,EXCLUDED_INSTRUMENT_TYPE_NOT_YET_STRICTLY_VERIFIED,True,True,False,True,False
WS:XPAR:DAST.PA,EU_STOXX600,DASSAULT SYSTEMS,DSY.PA,FR,EXCLUDED_INSTRUMENT_TYPE_NOT_YET_STRICTLY_VERIFIED,True,True,False,True,False
WS:XPAR:EDEN.PA,EU_STOXX600,EDENRED,EDEN.PA,FR,EXCLUDED_OTHER_NON_STRICT_REASON_NOT_CLASSIFIED_V0_22,True,True,False,False,False
WS:XPAR:ELIS.PA,EU_STOXX600,ELIS,ELIS.PA,FR,EXCLUDED_OTHER_NON_STRICT_REASON_NOT_CLASSIFIED_V0_22,True,True,False,False,False
WS:XPAR:ENGIE.PA,EU_STOXX600,ENGIE,ENGI.PA,FR,EXCLUDED_INSTRUMENT_TYPE_NOT_YET_STRICTLY_VERIFIED,True,True,False,True,False
WS:XPAR:ENX.PA,EU_STOXX600,EURONEXT,ENX.PA,FR,EXCLUDED_INSTRUMENT_TYPE_NOT_YET_STRICTLY_VERIFIED,True,True,False,True,False
WS:XPAR:ESLX.PA,EU_STOXX600,ESSILORLUXOTTICA,EL.PA,FR,EXCLUDED_INSTRUMENT_TYPE_NOT_YET_STRICTLY_VERIFIED,True,True,False,True,False
WS:XPAR:EUFI.PA,EU_STOXX600,EUROFINS SCIENTIFIC,ERF.PA,FR,EXCLUDED_OTHER_NON_STRICT_REASON_NOT_CLASSIFIED_V0_22,True,True,False,False,False
WS:XPAR:EXHO.PA,EU_STOXX600,SODEXO,SW.PA,FR,EXCLUDED_OTHER_NON_STRICT_REASON_NOT_CLASSIFIED_V0_22,True,True,False,False,False
WS:XPAR:FDJU.PA,EU_STOXX600,FDJ UNITED,FDJU.PA,FR,EXCLUDED_OTHER_NON_STRICT_REASON_NOT_CLASSIFIED_V0_22,True,True,False,False,False
WS:XPAR:FOUG.PA,EU_STOXX600,EIFFAGE,FGR.PA,FR,EXCLUDED_INSTRUMENT_TYPE_NOT_YET_STRICTLY_VERIFIED,True,True,False,True,False
WS:XPAR:GETP.PA,EU_STOXX600,Getlink,GET.PA,FR,EXCLUDED_OTHER_NON_STRICT_REASON_NOT_CLASSIFIED_V0_22,True,True,False,False,False
WS:XPAR:GFCP.PA,EU_STOXX600,GECINA,GFC.PA,FR,EXCLUDED_OTHER_NON_STRICT_REASON_NOT_CLASSIFIED_V0_22,True,True,False,False,False
WS:XPAR:GTT.PA,EU_STOXX600,GAZTRANSPORT ET TECHNIGAZ,GTT.PA,FR,EXCLUDED_INSTRUMENT_TYPE_NOT_YET_STRICTLY_VERIFIED,True,True,False,True,False
WS:XPAR:HRMS.PA,EU_STOXX600,HERMES INTERNATIONAL,RMS.PA,FR,EXCLUDED_INSTRUMENT_TYPE_NOT_YET_STRICTLY_VERIFIED,True,True,False,True,False
WS:XPAR:IPN.PA,EU_STOXX600,IPSEN,IPN.PA,FR,EXCLUDED_INSTRUMENT_TYPE_NOT_YET_STRICTLY_VERIFIED,True,True,False,True,False
WS:XPAR:LEGD.PA,EU_STOXX600,LEGRAND,LR.PA,FR,EXCLUDED_INSTRUMENT_TYPE_NOT_YET_STRICTLY_VERIFIED,True,True,False,True,False
WS:XPAR:LOIM.PA,EU_STOXX600,KLEPIERRE,LI.PA,FR,EXCLUDED_INSTRUMENT_TYPE_NOT_YET_STRICTLY_VERIFIED,True,True,False,True,False
WS:XPAR:LVMH.PA,EU_STOXX600,LVMH MOET HENNESSY,MC.PA,FR,EXCLUDED_INSTRUMENT_TYPE_NOT_YET_STRICTLY_VERIFIED,True,True,False,True,False
WS:XPAR:MICP.PA,EU_STOXX600,MICHELIN,ML.PA,FR,EXCLUDED_INSTRUMENT_TYPE_NOT_YET_STRICTLY_VERIFIED,True,True,False,True,False
WS:XPAR:NEXS.PA,EU_STOXX600,NEXANS,NEX.PA,FR,EXCLUDED_INSTRUMENT_TYPE_NOT_YET_STRICTLY_VERIFIED,True,True,False,True,False
WS:XPAR:ORAN.PA,EU_STOXX600,ORANGE,ORA.PA,FR,EXCLUDED_INSTRUMENT_TYPE_NOT_YET_STRICTLY_VERIFIED,True,True,False,True,False
WS:XPAR:OREP.PA,EU_STOXX600,L'OREAL,OR.PA,FR,EXCLUDED_INSTRUMENT_TYPE_NOT_YET_STRICTLY_VERIFIED,True,True,False,True,False
WS:XPAR:PERP.PA,EU_STOXX600,PERNOD RICARD,RI.PA,FR,EXCLUDED_INSTRUMENT_TYPE_NOT_YET_STRICTLY_VERIFIED,True,True,False,True,False
WS:XPAR:PRTP.PA,EU_STOXX600,Kering,KER.PA,FR,EXCLUDED_INSTRUMENT_TYPE_NOT_YET_STRICTLY_VERIFIED,True,True,False,True,False
WS:XPAR:PUBP.PA,EU_STOXX600,PUBLICIS GRP,PUB.PA,FR,EXCLUDED_INSTRUMENT_TYPE_NOT_YET_STRICTLY_VERIFIED,True,True,False,True,False
WS:XPAR:RENA.PA,EU_STOXX600,RENAULT,RNO.PA,FR,EXCLUDED_INSTRUMENT_TYPE_NOT_YET_STRICTLY_VERIFIED,True,True,False,True,False
WS:XPAR:RUBF.PA,EU_STOXX600,RUBIS,RUI.PA,FR,EXCLUDED_OTHER_NON_STRICT_REASON_NOT_CLASSIFIED_V0_22,True,True,False,False,False
WS:XPAR:RXL.PA,EU_STOXX600,REXEL,RXL.PA,FR,EXCLUDED_INSTRUMENT_TYPE_NOT_YET_STRICTLY_VERIFIED,True,True,False,True,False
WS:XPAR:SAF.PA,EU_STOXX600,SAFRAN,SAF.PA,FR,EXCLUDED_INSTRUMENT_TYPE_NOT_YET_STRICTLY_VERIFIED,True,True,False,True,False
WS:XPAR:SASY.PA,EU_STOXX600,SANOFI,SAN.PA,FR,EXCLUDED_INSTRUMENT_TYPE_NOT_YET_STRICTLY_VERIFIED,True,True,False,True,False
WS:XPAR:SCHN.PA,EU_STOXX600,SCHNEIDER ELECTRIC,SU.PA,FR,EXCLUDED_INSTRUMENT_TYPE_NOT_YET_STRICTLY_VERIFIED,True,True,False,True,False
WS:XPAR:SCOR.PA,EU_STOXX600,SCOR,SCR.PA,FR,EXCLUDED_OTHER_NON_STRICT_REASON_NOT_CLASSIFIED_V0_22,True,True,False,False,False
WS:XPAR:SESFD.PA,EU_STOXX600,SES,SESG.PA,FR,EXCLUDED_OTHER_NON_STRICT_REASON_NOT_CLASSIFIED_V0_22,True,True,False,False,False
WS:XPAR:SGEF.PA,EU_STOXX600,VINCI,DG.PA,FR,EXCLUDED_INSTRUMENT_TYPE_NOT_YET_STRICTLY_VERIFIED,True,True,False,True,False
WS:XPAR:SGOB.PA,EU_STOXX600,SAINT GOBAIN,SGO.PA,FR,EXCLUDED_INSTRUMENT_TYPE_NOT_YET_STRICTLY_VERIFIED,True,True,False,True,False
WS:XPAR:SOGN.PA,EU_STOXX600,GRP SOCIETE GENERALE,GLE.PA,FR,EXCLUDED_INSTRUMENT_TYPE_NOT_YET_STRICTLY_VERIFIED,True,True,False,True,False
WS:XPAR:SOIT.PA,EU_STOXX600,SOITEC,SOI.PA,FR,EXCLUDED_INSTRUMENT_TYPE_NOT_YET_STRICTLY_VERIFIED,True,True,False,True,False
WS:XPAR:SOPR.PA,EU_STOXX600,SOPRA STERIA GROUP,SOP.PA,FR,EXCLUDED_OTHER_NON_STRICT_REASON_NOT_CLASSIFIED_V0_22,True,True,False,False,False
WS:XPAR:SPIE.PA,EU_STOXX600,SPIE,SPIE.PA,FR,EXCLUDED_OTHER_NON_STRICT_REASON_NOT_CLASSIFIED_V0_22,True,True,False,False,False
WS:XPAR:STDM.PA,EU_STOXX600,SARTORIUS STEDIM BIOTECH,DIM.PA,FR,EXCLUDED_OTHER_NON_STRICT_REASON_NOT_CLASSIFIED_V0_22,True,True,False,False,False
WS:XPAR:TCFP.PA,EU_STOXX600,THALES,HO.PA,FR,EXCLUDED_INSTRUMENT_TYPE_NOT_YET_STRICTLY_VERIFIED,True,True,False,True,False
WS:XPAR:TE.PA,EU_STOXX600,Technip Energies,TE.PA,FR,EXCLUDED_OTHER_NON_STRICT_REASON_NOT_CLASSIFIED_V0_22,True,True,False,False,False
WS:XPAR:TEPRF.PA,EU_STOXX600,TELEPERFORMANCE,TEP.PA,FR,EXCLUDED_INSTRUMENT_TYPE_NOT_YET_STRICTLY_VERIFIED,True,True,False,True,False
WS:XPAR:TTEF.PA,EU_STOXX600,TOTALENERGIES,TTE.PA,FR,EXCLUDED_INSTRUMENT_TYPE_NOT_YET_STRICTLY_VERIFIED,True,True,False,True,False
WS:XPAR:URW.PA,EU_STOXX600,UNIBAIL-RODAMCO-WESTFIELD,URW.PA,FR,EXCLUDED_INSTRUMENT_TYPE_NOT_YET_STRICTLY_VERIFIED,True,True,False,True,False
WS:XPAR:VIE.PA,EU_STOXX600,VEOLIA ENVIRONNEMENT,VIE.PA,FR,EXCLUDED_INSTRUMENT_TYPE_NOT_YET_STRICTLY_VERIFIED,True,True,False,True,False
WS:XPAR:VLLP.PA,EU_STOXX600,VALLOUREC,VK.PA,FR,EXCLUDED_INSTRUMENT_TYPE_NOT_YET_STRICTLY_VERIFIED,True,True,False,True,False
WS:XPAR:VLOF.PA,EU_STOXX600,VALEO,FR.PA,FR,EXCLUDED_OTHER_NON_STRICT_REASON_NOT_CLASSIFIED_V0_22,True,True,False,False,False
WS:XSTO:AAK.ST,EU_STOXX600,AAK,AAK.ST,SE,EXCLUDED_OTHER_NON_STRICT_REASON_NOT_CLASSIFIED_V0_22,True,True,False,False,False
WS:XSTO:ADDTB.ST,EU_STOXX600,ADDTECH B,ADDT-B.ST,SE,EXCLUDED_OTHER_NON_STRICT_REASON_NOT_CLASSIFIED_V0_22,True,True,False,False,False
WS:XSTO:ALFA.ST,EU_STOXX600,ALFA LAVAL,ALFA.ST,SE,EXCLUDED_INSTRUMENT_TYPE_NOT_YET_STRICTLY_VERIFIED,True,True,False,True,False
WS:XSTO:ASSAB.ST,EU_STOXX600,ASSA ABLOY,ASSA-B.ST,SE,EXCLUDED_INSTRUMENT_TYPE_NOT_YET_STRICTLY_VERIFIED,True,True,False,True,False
WS:XSTO:ATCOA.ST,EU_STOXX600,ATLAS COPCO A,ATCO-A.ST,SE,EXCLUDED_INSTRUMENT_TYPE_NOT_YET_STRICTLY_VERIFIED,True,True,False,True,False
WS:XSTO:AVANZ.ST,EU_STOXX600,AVANZA BANK HLDG,AZA.ST,SE,EXCLUDED_OTHER_NON_STRICT_REASON_NOT_CLASSIFIED_V0_22,True,True,False,False,False
WS:XSTO:AXFO.ST,EU_STOXX600,AXFOOD,AXFO.ST,SE,EXCLUDED_OTHER_NON_STRICT_REASON_NOT_CLASSIFIED_V0_22,True,True,False,False,False
WS:XSTO:BALDB.ST,EU_STOXX600,FASTIGHETS BALDER B,BALD-B.ST,SE,EXCLUDED_OTHER_NON_STRICT_REASON_NOT_CLASSIFIED_V0_22,True,True,False,False,False
WS:XSTO:BEIJB.ST,EU_STOXX600,BEIJER REF AB,BEIJ-B.ST,SE,EXCLUDED_OTHER_NON_STRICT_REASON_NOT_CLASSIFIED_V0_22,True,True,False,False,False
WS:XSTO:BOL.ST,EU_STOXX600,BOLIDEN,BOL.ST,SE,EXCLUDED_INSTRUMENT_TYPE_NOT_YET_STRICTLY_VERIFIED,True,True,False,True,False
WS:XSTO:CAST.ST,EU_STOXX600,CASTELLUM,CAST.ST,SE,EXCLUDED_OTHER_NON_STRICT_REASON_NOT_CLASSIFIED_V0_22,True,True,False,False,False
WS:XSTO:EPIRA.ST,EU_STOXX600,EPIROC A,EPI-A.ST,SE,EXCLUDED_INSTRUMENT_TYPE_NOT_YET_STRICTLY_VERIFIED,True,True,False,True,False
WS:XSTO:EQTAB.ST,EU_STOXX600,EQT,EQT.ST,SE,EXCLUDED_INSTRUMENT_TYPE_NOT_YET_STRICTLY_VERIFIED,True,True,False,True,False
WS:XSTO:ERICB.ST,EU_STOXX600,ERICSSON LM B,ERIC-B.ST,SE,EXCLUDED_INSTRUMENT_TYPE_NOT_YET_STRICTLY_VERIFIED,True,True,False,True,False
WS:XSTO:ESSITYB.ST,EU_STOXX600,Essity B,ESSITY-B.ST,SE,EXCLUDED_INSTRUMENT_TYPE_NOT_YET_STRICTLY_VERIFIED,True,True,False,True,False
WS:XSTO:EVOG.ST,EU_STOXX600,EVOLUTION,EVO.ST,SE,EXCLUDED_INSTRUMENT_TYPE_NOT_YET_STRICTLY_VERIFIED,True,True,False,True,False
WS:XSTO:GETIB.ST,EU_STOXX600,GETINGE B,GETI-B.ST,SE,EXCLUDED_OTHER_NON_STRICT_REASON_NOT_CLASSIFIED_V0_22,True,True,False,False,False
WS:XSTO:HEXAB.ST,EU_STOXX600,HEXAGON B,HEXA-B.ST,SE,EXCLUDED_INSTRUMENT_TYPE_NOT_YET_STRICTLY_VERIFIED,True,True,False,True,False
WS:XSTO:HMB.ST,EU_STOXX600,HENNES & MAURITZ B,HM-B.ST,SE,EXCLUDED_INSTRUMENT_TYPE_NOT_YET_STRICTLY_VERIFIED,True,True,False,True,False
WS:XSTO:HOLMB.ST,EU_STOXX600,HOLMEN B,HOLM-B.ST,SE,EXCLUDED_OTHER_NON_STRICT_REASON_NOT_CLASSIFIED_V0_22,True,True,False,False,False
WS:XSTO:INDT.ST,EU_STOXX600,INDUTRADE,INDT.ST,SE,EXCLUDED_OTHER_NON_STRICT_REASON_NOT_CLASSIFIED_V0_22,True,True,False,False,False
WS:XSTO:INDUC.ST,EU_STOXX600,INDUSTRIVARDEN C,INDU-C.ST,SE,EXCLUDED_INSTRUMENT_TYPE_NOT_YET_STRICTLY_VERIFIED,True,True,False,True,False
WS:XSTO:INVEB.ST,EU_STOXX600,INVESTOR B,INVE-B.ST,SE,EXCLUDED_INSTRUMENT_TYPE_NOT_YET_STRICTLY_VERIFIED,True,True,False,True,False
WS:XSTO:LAGRB.ST,EU_STOXX600,LAGERCRANTZ GROUP 'B',LAGR-B.ST,SE,EXCLUDED_OTHER_NON_STRICT_REASON_NOT_CLASSIFIED_V0_22,True,True,False,False,False
WS:XSTO:LATOB.ST,EU_STOXX600,LATOUR INVESTMENT B,LATO-B.ST,SE,EXCLUDED_OTHER_NON_STRICT_REASON_NOT_CLASSIFIED_V0_22,True,True,False,False,False
WS:XSTO:LIFCOB.ST,EU_STOXX600,LIFCO B,LIFCO-B.ST,SE,EXCLUDED_OTHER_NON_STRICT_REASON_NOT_CLASSIFIED_V0_22,True,True,False,False,False
WS:XSTO:LOOMIS.ST,EU_STOXX600,LOOMIS,LOOMIS.ST,SE,EXCLUDED_OTHER_NON_STRICT_REASON_NOT_CLASSIFIED_V0_22,True,True,False,False,False
WS:XSTO:LUNDB.ST,EU_STOXX600,LUNDBERGFORETAGEN B,LUND-B.ST,SE,EXCLUDED_OTHER_NON_STRICT_REASON_NOT_CLASSIFIED_V0_22,True,True,False,False,False
WS:XSTO:MYCR.ST,EU_STOXX600,MYCRONIC,MYCR.ST,SE,EXCLUDED_OTHER_NON_STRICT_REASON_NOT_CLASSIFIED_V0_22,True,True,False,False,False
WS:XSTO:NIBEB.ST,EU_STOXX600,NIBE INDUSTRIER B,NIBE-B.ST,SE,EXCLUDED_INSTRUMENT_TYPE_NOT_YET_STRICTLY_VERIFIED,True,True,False,True,False
WS:XSTO:OCTVSDB.ST,EU_STOXX600,OCTAVE INTELLIGENCE SDR,OCTV,SE,EXCLUDED_OTHER_NON_STRICT_REASON_NOT_CLASSIFIED_V0_22,True,True,False,False,False
WS:XSTO:SAABB.ST,EU_STOXX600,SAAB B,SAAB-B.ST,SE,EXCLUDED_INSTRUMENT_TYPE_NOT_YET_STRICTLY_VERIFIED,True,True,False,True,False
WS:XSTO:SAGAB.ST,EU_STOXX600,SAGAX 'B',SAGA-B.ST,SE,EXCLUDED_OTHER_NON_STRICT_REASON_NOT_CLASSIFIED_V0_22,True,True,False,False,False
WS:XSTO:SAND.ST,EU_STOXX600,SANDVIK,SAND.ST,SE,EXCLUDED_INSTRUMENT_TYPE_NOT_YET_STRICTLY_VERIFIED,True,True,False,True,False
WS:XSTO:SAVE.ST,EU_STOXX600,NORDNET,SAVE.ST,SE,EXCLUDED_OTHER_NON_STRICT_REASON_NOT_CLASSIFIED_V0_22,True,True,False,False,False
WS:XSTO:SCAB.ST,EU_STOXX600,SVENSKA CELLULOSA AKTIE. SCA B,SCA-B.ST,SE,EXCLUDED_OTHER_NON_STRICT_REASON_NOT_CLASSIFIED_V0_22,True,True,False,False,False
WS:XSTO:SEBA.ST,EU_STOXX600,SKANDINAVISKA ENSKILDA BK A,SEB-A.ST,SE,EXCLUDED_INSTRUMENT_TYPE_NOT_YET_STRICTLY_VERIFIED,True,True,False,True,False
WS:XSTO:SECTB.ST,EU_STOXX600,SECTRA 'B',SECT-B.ST,SE,EXCLUDED_OTHER_NON_STRICT_REASON_NOT_CLASSIFIED_V0_22,True,True,False,False,False
WS:XSTO:SECUB.ST,EU_STOXX600,SECURITAS B,SECU-B.ST,SE,EXCLUDED_INSTRUMENT_TYPE_NOT_YET_STRICTLY_VERIFIED,True,True,False,True,False
WS:XSTO:SHBA.ST,EU_STOXX600,SVENSKA HANDELSBANKEN A,SHB-A.ST,SE,EXCLUDED_INSTRUMENT_TYPE_NOT_YET_STRICTLY_VERIFIED,True,True,False,True,False
WS:XSTO:SKAB.ST,EU_STOXX600,SKANSKA B,SKA-B.ST,SE,EXCLUDED_OTHER_NON_STRICT_REASON_NOT_CLASSIFIED_V0_22,True,True,False,False,False
WS:XSTO:SKFB.ST,EU_STOXX600,SKF B,SKF-B.ST,SE,EXCLUDED_INSTRUMENT_TYPE_NOT_YET_STRICTLY_VERIFIED,True,True,False,True,False
WS:XSTO:SOBIV.ST,EU_STOXX600,SWEDISH ORPHAN BIOVITRUM,SOBI.ST,SE,EXCLUDED_OTHER_NON_STRICT_REASON_NOT_CLASSIFIED_V0_22,True,True,False,False,False
WS:XSTO:SSABB.ST,EU_STOXX600,SSAB B,SSAB-B.ST,SE,EXCLUDED_INSTRUMENT_TYPE_NOT_YET_STRICTLY_VERIFIED,True,True,False,True,False
WS:XSTO:SWECB.ST,EU_STOXX600,SWECO 'B',SWEC-B.ST,SE,EXCLUDED_OTHER_NON_STRICT_REASON_NOT_CLASSIFIED_V0_22,True,True,False,False,False
WS:XSTO:SWEDA.ST,EU_STOXX600,SWEDBANK,SWED-A.ST,SE,EXCLUDED_INSTRUMENT_TYPE_NOT_YET_STRICTLY_VERIFIED,True,True,False,True,False
WS:XSTO:TEL2B.ST,EU_STOXX600,TELE2 B,TEL2-B.ST,SE,EXCLUDED_INSTRUMENT_TYPE_NOT_YET_STRICTLY_VERIFIED,True,True,False,True,False
WS:XSTO:TELIA.ST,EU_STOXX600,TELIA COMPANY,TELIA.ST,SE,EXCLUDED_INSTRUMENT_TYPE_NOT_YET_STRICTLY_VERIFIED,True,True,False,True,False
WS:XSTO:THULE.ST,EU_STOXX600,THULE GROUP,THULE.ST,SE,EXCLUDED_OTHER_NON_STRICT_REASON_NOT_CLASSIFIED_V0_22,True,True,False,False,False
WS:XSTO:TRELB.ST,EU_STOXX600,TRELLEBORG B,TREL-B.ST,SE,EXCLUDED_OTHER_NON_STRICT_REASON_NOT_CLASSIFIED_V0_22,True,True,False,False,False
WS:XSTO:VOLVB.ST,EU_STOXX600,VOLVO B,VOLV-B.ST,SE,EXCLUDED_INSTRUMENT_TYPE_NOT_YET_STRICTLY_VERIFIED,True,True,False,True,False
WS:XSTO:VSURE.ST,EU_STOXX600,VERISURE,VSURE.ST,SE,EXCLUDED_OTHER_NON_STRICT_REASON_NOT_CLASSIFIED_V0_22,True,True,False,False,False
WS:XSTO:WIHL.ST,EU_STOXX600,WIHLBORGS FASTIGHETER,WIHL.ST,SE,EXCLUDED_OTHER_NON_STRICT_REASON_NOT_CLASSIFIED_V0_22,True,True,False,False,False
WS:XSWX:ABBN.S,EU_STOXX600,ABB,ABBN.SW,CH,EXCLUDED_INSTRUMENT_TYPE_NOT_YET_STRICTLY_VERIFIED,True,True,False,True,False
WS:XSWX:ACLN.S,EU_STOXX600,ACCELLERON INDUSTRIES,ACLN.SW,CH,EXCLUDED_OTHER_NON_STRICT_REASON_NOT_CLASSIFIED_V0_22,True,True,False,False,False
WS:XSWX:ADEN.S,EU_STOXX600,ADECCO,ADEN.SW,CH,EXCLUDED_INSTRUMENT_TYPE_NOT_YET_STRICTLY_VERIFIED,True,True,False,True,False
WS:XSWX:ALCC.S,EU_STOXX600,ALCON,ALC.SW,CH,EXCLUDED_INSTRUMENT_TYPE_NOT_YET_STRICTLY_VERIFIED,True,True,False,True,False
WS:XSWX:ALLN.S,EU_STOXX600,ALLREAL HLDG,ALLN.SW,CH,EXCLUDED_OTHER_NON_STRICT_REASON_NOT_CLASSIFIED_V0_22,True,True,False,False,False
WS:XSWX:AVOL.S,EU_STOXX600,AVOLTA,AVOL.SW,CH,EXCLUDED_OTHER_NON_STRICT_REASON_NOT_CLASSIFIED_V0_22,True,True,False,False,False
WS:XSWX:BAER.S,EU_STOXX600,JULIUS BAER GRP,BAER.SW,CH,EXCLUDED_INSTRUMENT_TYPE_NOT_YET_STRICTLY_VERIFIED,True,True,False,True,False
WS:XSWX:BARN.S,EU_STOXX600,BARRY CALLEBAUT,BARN.SW,CH,EXCLUDED_OTHER_NON_STRICT_REASON_NOT_CLASSIFIED_V0_22,True,True,False,False,False
WS:XSWX:BCVN.S,EU_STOXX600,BANQUE CANTONALE VAUDOISE,BCVN.SW,CH,EXCLUDED_OTHER_NON_STRICT_REASON_NOT_CLASSIFIED_V0_22,True,True,False,False,False
WS:XSWX:BEAN.S,EU_STOXX600,BELIMO HOLDING,BEAN.SW,CH,EXCLUDED_OTHER_NON_STRICT_REASON_NOT_CLASSIFIED_V0_22,True,True,False,False,False
WS:XSWX:BKWB.S,EU_STOXX600,BKW,BKW.SW,CH,EXCLUDED_OTHER_NON_STRICT_REASON_NOT_CLASSIFIED_V0_22,True,True,False,False,False
WS:XSWX:BUCN.S,EU_STOXX600,BUCHER INDUSTRIES,BUCN.SW,CH,EXCLUDED_OTHER_NON_STRICT_REASON_NOT_CLASSIFIED_V0_22,True,True,False,False,False
WS:XSWX:CFR.S,EU_STOXX600,CIE FINANCIERE RICHEMONT,CFR.SW,CH,EXCLUDED_INSTRUMENT_TYPE_NOT_YET_STRICTLY_VERIFIED,True,True,False,True,False
WS:XSWX:CMBN.S,EU_STOXX600,CEMBRA MONEY BANK,CMBN.SW,CH,EXCLUDED_OTHER_NON_STRICT_REASON_NOT_CLASSIFIED_V0_22,True,True,False,False,False
WS:XSWX:COTNE.S,EU_STOXX600,COMET HOLDINGS 'R',COTN.SW,CH,EXCLUDED_OTHER_NON_STRICT_REASON_NOT_CLASSIFIED_V0_22,True,True,False,False,False
WS:XSWX:DKSH.S,EU_STOXX600,DKSH HOLDING,DKSH.SW,CH,EXCLUDED_OTHER_NON_STRICT_REASON_NOT_CLASSIFIED_V0_22,True,True,False,False,False
WS:XSWX:EMSN.S,EU_STOXX600,EMS-CHEMIE HLDG,EMSN.SW,CH,EXCLUDED_OTHER_NON_STRICT_REASON_NOT_CLASSIFIED_V0_22,True,True,False,False,False
WS:XSWX:FHZN.S,EU_STOXX600,FLUGHAFEN ZURICH,FHZN.SW,CH,EXCLUDED_OTHER_NON_STRICT_REASON_NOT_CLASSIFIED_V0_22,True,True,False,False,False
WS:XSWX:GALD.S,EU_STOXX600,GALDERMA GROUP N,GALD.SW,CH,EXCLUDED_INSTRUMENT_TYPE_NOT_YET_STRICTLY_VERIFIED,True,True,False,True,False
WS:XSWX:GALE.S,EU_STOXX600,GALENICA SANTE AG,GALE.SW,CH,EXCLUDED_OTHER_NON_STRICT_REASON_NOT_CLASSIFIED_V0_22,True,True,False,False,False
WS:XSWX:GEBN.S,EU_STOXX600,GEBERIT,GEBN.SW,CH,EXCLUDED_INSTRUMENT_TYPE_NOT_YET_STRICTLY_VERIFIED,True,True,False,True,False
WS:XSWX:GF.S,EU_STOXX600,GEORG FISCHER,GF.SW,CH,EXCLUDED_OTHER_NON_STRICT_REASON_NOT_CLASSIFIED_V0_22,True,True,False,False,False
WS:XSWX:GIVN.S,EU_STOXX600,GIVAUDAN,GIVN.SW,CH,EXCLUDED_INSTRUMENT_TYPE_NOT_YET_STRICTLY_VERIFIED,True,True,False,True,False
WS:XSWX:HBANC.S,EU_STOXX600,HELVETIA BALOISE HLDG,HBAN.SW,CH,EXCLUDED_INSTRUMENT_TYPE_NOT_YET_STRICTLY_VERIFIED,True,True,False,True,False
WS:XSWX:HOLN.S,EU_STOXX600,Holcim,HOLN.SW,CH,EXCLUDED_INSTRUMENT_TYPE_NOT_YET_STRICTLY_VERIFIED,True,True,False,True,False
WS:XSWX:HUBN.S,EU_STOXX600,HUBER+SUHNER 'R',HUBN.SW,CH,EXCLUDED_OTHER_NON_STRICT_REASON_NOT_CLASSIFIED_V0_22,True,True,False,False,False
WS:XSWX:IFCN.S,EU_STOXX600,INFICON,IFCN.SW,CH,EXCLUDED_OTHER_NON_STRICT_REASON_NOT_CLASSIFIED_V0_22,True,True,False,False,False
WS:XSWX:KNIN.S,EU_STOXX600,KUEHNE + NAGEL,KNIN.SW,CH,EXCLUDED_INSTRUMENT_TYPE_NOT_YET_STRICTLY_VERIFIED,True,True,False,True,False
WS:XSWX:LISP.S,EU_STOXX600,LINDT & SPRUENGLI P,LISP.SW,CH,EXCLUDED_INSTRUMENT_TYPE_NOT_YET_STRICTLY_VERIFIED,True,True,False,True,False
WS:XSWX:LOGN.S,EU_STOXX600,LOGITECH INTERNATIONAL,LOGN.SW,CH,EXCLUDED_INSTRUMENT_TYPE_NOT_YET_STRICTLY_VERIFIED,True,True,False,True,False
WS:XSWX:LONN.S,EU_STOXX600,LONZA,LONN.SW,CH,EXCLUDED_INSTRUMENT_TYPE_NOT_YET_STRICTLY_VERIFIED,True,True,False,True,False
WS:XSWX:MOBN.S,EU_STOXX600,MOBIMO HLDG,MOBN.SW,CH,EXCLUDED_OTHER_NON_STRICT_REASON_NOT_CLASSIFIED_V0_22,True,True,False,False,False
WS:XSWX:NESN.S,EU_STOXX600,NESTLE,NESN.SW,CH,EXCLUDED_INSTRUMENT_TYPE_NOT_YET_STRICTLY_VERIFIED,True,True,False,True,False
WS:XSWX:NOVN.S,EU_STOXX600,NOVARTIS,NOVN.SW,CH,EXCLUDED_INSTRUMENT_TYPE_NOT_YET_STRICTLY_VERIFIED,True,True,False,True,False
WS:XSWX:PGHN.S,EU_STOXX600,PARTNERS GRP HLDG,PGHN.SW,CH,EXCLUDED_INSTRUMENT_TYPE_NOT_YET_STRICTLY_VERIFIED,True,True,False,True,False
WS:XSWX:PSPN.S,EU_STOXX600,PSP SWISS PROPERTY,PSPN.SW,CH,EXCLUDED_OTHER_NON_STRICT_REASON_NOT_CLASSIFIED_V0_22,True,True,False,False,False
WS:XSWX:ROPC.S,EU_STOXX600,ROCHE PS,ROP.SW,CH,EXCLUDED_INSTRUMENT_TYPE_NOT_YET_STRICTLY_VERIFIED,True,True,False,True,False
WS:XSWX:SCHP.S,EU_STOXX600,SCHINDLER P,SCHP.SW,CH,EXCLUDED_INSTRUMENT_TYPE_NOT_YET_STRICTLY_VERIFIED,True,True,False,True,False
WS:XSWX:SCMN.S,EU_STOXX600,SWISSCOM,SCMN.SW,CH,EXCLUDED_INSTRUMENT_TYPE_NOT_YET_STRICTLY_VERIFIED,True,True,False,True,False
WS:XSWX:SDZ.S,EU_STOXX600,SANDOZ GROUP,SDZ.SW,CH,EXCLUDED_INSTRUMENT_TYPE_NOT_YET_STRICTLY_VERIFIED,True,True,False,True,False
WS:XSWX:SFSN.S,EU_STOXX600,SFS GROUP,SFSN.SW,CH,EXCLUDED_OTHER_NON_STRICT_REASON_NOT_CLASSIFIED_V0_22,True,True,False,False,False
WS:XSWX:SFZN.S,EU_STOXX600,SIEGFRIED 'R',SFZN.SW,CH,EXCLUDED_OTHER_NON_STRICT_REASON_NOT_CLASSIFIED_V0_22,True,True,False,False,False
WS:XSWX:SGSN.S,EU_STOXX600,SGS,SGSN.SW,CH,EXCLUDED_INSTRUMENT_TYPE_NOT_YET_STRICTLY_VERIFIED,True,True,False,True,False
WS:XSWX:SIGNC.S,EU_STOXX600,SIG GROUP AG,SIGN.SW,CH,EXCLUDED_INSTRUMENT_TYPE_NOT_YET_STRICTLY_VERIFIED,True,True,False,True,False
WS:XSWX:SIKA.S,EU_STOXX600,SIKA,SIKA.SW,CH,EXCLUDED_INSTRUMENT_TYPE_NOT_YET_STRICTLY_VERIFIED,True,True,False,True,False
WS:XSWX:SLHN.S,EU_STOXX600,SWISS LIFE HLDG,SLHN.SW,CH,EXCLUDED_INSTRUMENT_TYPE_NOT_YET_STRICTLY_VERIFIED,True,True,False,True,False
WS:XSWX:SOON.S,EU_STOXX600,SONOVA,SOON.SW,CH,EXCLUDED_INSTRUMENT_TYPE_NOT_YET_STRICTLY_VERIFIED,True,True,False,True,False
WS:XSWX:SPSN.S,EU_STOXX600,SWISS PRIME SITE,SPSN.SW,CH,EXCLUDED_OTHER_NON_STRICT_REASON_NOT_CLASSIFIED_V0_22,True,True,False,False,False
WS:XSWX:SQN.S,EU_STOXX600,SWISSQUOTE 'R',SQN.SW,CH,EXCLUDED_INSTRUMENT_TYPE_NOT_YET_STRICTLY_VERIFIED,True,True,False,True,False
WS:XSWX:SRENH.S,EU_STOXX600,SWISS REINSURANCE COMPANY,SREN.SW,CH,EXCLUDED_INSTRUMENT_TYPE_NOT_YET_STRICTLY_VERIFIED,True,True,False,True,False
WS:XSWX:STMN.S,EU_STOXX600,STRAUMANN,STMN.SW,CH,EXCLUDED_INSTRUMENT_TYPE_NOT_YET_STRICTLY_VERIFIED,True,True,False,True,False
WS:XSWX:SUN.S,EU_STOXX600,SULZER,SUN.SW,CH,EXCLUDED_OTHER_NON_STRICT_REASON_NOT_CLASSIFIED_V0_22,True,True,False,False,False
WS:XSWX:SUNN.S,EU_STOXX600,SUNRISE N A,SUNN.SW,CH,EXCLUDED_OTHER_NON_STRICT_REASON_NOT_CLASSIFIED_V0_22,True,True,False,False,False
WS:XSWX:TEMN.S,EU_STOXX600,TEMENOS,TEMN.SW,CH,EXCLUDED_INSTRUMENT_TYPE_NOT_YET_STRICTLY_VERIFIED,True,True,False,True,False
WS:XSWX:UBSG.S,EU_STOXX600,UBS GROUP,UBSG.SW,CH,EXCLUDED_INSTRUMENT_TYPE_NOT_YET_STRICTLY_VERIFIED,True,True,False,True,False
WS:XSWX:UHR.S,EU_STOXX600,SWATCH BEARER,UHR.SW,CH,EXCLUDED_INSTRUMENT_TYPE_NOT_YET_STRICTLY_VERIFIED,True,True,False,True,False
WS:XSWX:VACN.S,EU_STOXX600,VAT GROUP AG,VACN.SW,CH,EXCLUDED_INSTRUMENT_TYPE_NOT_YET_STRICTLY_VERIFIED,True,True,False,True,False
WS:XSWX:VATN.S,EU_STOXX600,VALIANT,VATN.SW,CH,EXCLUDED_OTHER_NON_STRICT_REASON_NOT_CLASSIFIED_V0_22,True,True,False,False,False
WS:XSWX:VZN.S,EU_STOXX600,VZ HOLDING 'N',VZN.SW,CH,EXCLUDED_OTHER_NON_STRICT_REASON_NOT_CLASSIFIED_V0_22,True,True,False,False,False
WS:XSWX:ZURN.S,EU_STOXX600,ZURICH INSURANCE GROUP,ZURN.SW,CH,EXCLUDED_INSTRUMENT_TYPE_NOT_YET_STRICTLY_VERIFIED,True,True,False,True,False
WS:XWAR:ACPP.WA,EU_STOXX600,ASSECO POLAND,ACP.WA,PL,EXCLUDED_OTHER_NON_STRICT_REASON_NOT_CLASSIFIED_V0_22,True,True,False,False,False
WS:XWAR:ALEP.WA,EU_STOXX600,ALLEGRO.EU,ALE.WA,PL,EXCLUDED_INSTRUMENT_TYPE_NOT_YET_STRICTLY_VERIFIED,True,True,False,True,False
WS:XWAR:BFT.WA,EU_STOXX600,BENEFIT SYSTEMS,BFT.WA,PL,EXCLUDED_OTHER_NON_STRICT_REASON_NOT_CLASSIFIED_V0_22,True,True,False,False,False
WS:XWAR:CDR.WA,EU_STOXX600,CD PROJECT SA,CDR.WA,PL,EXCLUDED_INSTRUMENT_TYPE_NOT_YET_STRICTLY_VERIFIED,True,True,False,True,False
WS:XWAR:DNP.WA,EU_STOXX600,DINO POLSKA SA,DNP.WA,PL,EXCLUDED_INSTRUMENT_TYPE_NOT_YET_STRICTLY_VERIFIED,True,True,False,True,False
WS:XWAR:EBP.WA,EU_STOXX600,ERSTE BANK POLSKA,EBP.WA,PL,EXCLUDED_OTHER_NON_STRICT_REASON_NOT_CLASSIFIED_V0_22,True,True,False,False,False
WS:XWAR:INGP.WA,EU_STOXX600,ING BANK SLASKI BSK,ING.WA,PL,EXCLUDED_OTHER_NON_STRICT_REASON_NOT_CLASSIFIED_V0_22,True,True,False,False,False
WS:XWAR:KGH.WA,EU_STOXX600,KGHM,KGH.WA,PL,EXCLUDED_INSTRUMENT_TYPE_NOT_YET_STRICTLY_VERIFIED,True,True,False,True,False
WS:XWAR:KTY.WA,EU_STOXX600,KETY,KTY.WA,PL,EXCLUDED_OTHER_NON_STRICT_REASON_NOT_CLASSIFIED_V0_22,True,True,False,False,False
WS:XWAR:LPPP.WA,EU_STOXX600,LPP,LPP.WA,PL,EXCLUDED_INSTRUMENT_TYPE_NOT_YET_STRICTLY_VERIFIED,True,True,False,True,False
WS:XWAR:MBK.WA,EU_STOXX600,MBANK,MBK.WA,PL,EXCLUDED_OTHER_NON_STRICT_REASON_NOT_CLASSIFIED_V0_22,True,True,False,False,False
WS:XWAR:MILP.WA,EU_STOXX600,BANK MILLENNIUM,MIL.WA,PL,EXCLUDED_OTHER_NON_STRICT_REASON_NOT_CLASSIFIED_V0_22,True,True,False,False,False
WS:XWAR:PEO.WA,EU_STOXX600,PEKAO,PEO.WA,PL,EXCLUDED_INSTRUMENT_TYPE_NOT_YET_STRICTLY_VERIFIED,True,True,False,True,False
WS:XWAR:PKN.WA,EU_STOXX600,ORLEN,PKN.WA,PL,EXCLUDED_INSTRUMENT_TYPE_NOT_YET_STRICTLY_VERIFIED,True,True,False,True,False
WS:XWAR:PKO.WA,EU_STOXX600,PKO BANK,PKO.WA,PL,EXCLUDED_INSTRUMENT_TYPE_NOT_YET_STRICTLY_VERIFIED,True,True,False,True,False
WS:XWAR:PZU.WA,EU_STOXX600,PZU GROUP,PZU.WA,PL,EXCLUDED_INSTRUMENT_TYPE_NOT_YET_STRICTLY_VERIFIED,True,True,False,True,False
WS:XWAR:TPE.WA,EU_STOXX600,TAURON,TPE.WA,PL,EXCLUDED_OTHER_NON_STRICT_REASON_NOT_CLASSIFIED_V0_22,True,True,False,False,False
WS:XWAR:ZAB.WA,EU_STOXX600,ZABKA GROUP,ZAB.WA,PL,EXCLUDED_INSTRUMENT_TYPE_NOT_YET_STRICTLY_VERIFIED,True,True,False,True,False
WS:XWBO:ANDR.VI,EU_STOXX600,ANDRITZ,ANDR.VI,AT,EXCLUDED_OTHER_NON_STRICT_REASON_NOT_CLASSIFIED_V0_22,True,True,False,False,False
WS:XWBO:ATSV.VI,EU_STOXX600,AT&S AUSTRIA TECH.&SYSTEMTECH,ATS.VI,AT,EXCLUDED_INSTRUMENT_TYPE_NOT_YET_STRICTLY_VERIFIED,True,True,False,True,False
WS:XWBO:BAWG.VI,EU_STOXX600,BAWAG GROUP AG,BG.VI,AT,EXCLUDED_INSTRUMENT_TYPE_NOT_YET_STRICTLY_VERIFIED,True,True,False,True,False
WS:XWBO:ERST.VI,EU_STOXX600,ERSTE GROUP BANK,EBS.VI,AT,EXCLUDED_INSTRUMENT_TYPE_NOT_YET_STRICTLY_VERIFIED,True,True,False,True,False
WS:XWBO:OMVV.VI,EU_STOXX600,OMV,OMV.VI,AT,EXCLUDED_INSTRUMENT_TYPE_NOT_YET_STRICTLY_VERIFIED,True,True,False,True,False
WS:XWBO:RBIV.VI,EU_STOXX600,RAIFFEISEN BANK INTERNATIONAL,RBI.VI,AT,EXCLUDED_OTHER_NON_STRICT_REASON_NOT_CLASSIFIED_V0_22,True,True,False,False,False
WS:XWBO:VERB.VI,EU_STOXX600,VERBUND,VER.VI,AT,EXCLUDED_OTHER_NON_STRICT_REASON_NOT_CLASSIFIED_V0_22,True,True,False,False,False
WS:XWBO:VOES.VI,EU_STOXX600,VOESTALPINE,VOE.VI,AT,EXCLUDED_OTHER_NON_STRICT_REASON_NOT_CLASSIFIED_V0_22,True,True,False,False,False
WS:XWBO:WBSV.VI,EU_STOXX600,WIENERBERGER,WIE.VI,AT,EXCLUDED_OTHER_NON_STRICT_REASON_NOT_CLASSIFIED_V0_22,True,True,False,False,False
WS:XHKG:1,HK_HSI,CKH HOLDINGS,0001.HK,Hong Kong,EXCLUDED_INSTRUMENT_TYPE_NOT_YET_STRICTLY_VERIFIED,True,True,False,True,False
WS:XHKG:101,HK_HSI,HANG LUNG PPT,0101.HK,Hong Kong,EXCLUDED_OTHER_NON_STRICT_REASON_NOT_CLASSIFIED_V0_22,True,True,False,False,False
WS:XHKG:1024,HK_HSI,KUAISHOU - W,1024.HK,Hong Kong,EXCLUDED_INSTRUMENT_TYPE_NOT_YET_STRICTLY_VERIFIED,True,True,False,True,False
WS:XHKG:1038,HK_HSI,CKI HOLDINGS,1038.HK,Hong Kong,EXCLUDED_OTHER_NON_STRICT_REASON_NOT_CLASSIFIED_V0_22,True,True,False,False,False
WS:XHKG:1044,HK_HSI,HENGAN INT'L,1044.HK,Hong Kong,EXCLUDED_OTHER_NON_STRICT_REASON_NOT_CLASSIFIED_V0_22,True,True,False,False,False
WS:XHKG:1088,HK_HSI,CHINA SHENHUA,1088.HK,Hong Kong,EXCLUDED_INSTRUMENT_TYPE_NOT_YET_STRICTLY_VERIFIED,True,True,False,True,False
WS:XHKG:1093,HK_HSI,CSPC PHARMA,1093.HK,Hong Kong,EXCLUDED_INSTRUMENT_TYPE_NOT_YET_STRICTLY_VERIFIED,True,True,False,True,False
WS:XHKG:1099,HK_HSI,SINOPHARM,1099.HK,Hong Kong,EXCLUDED_OTHER_NON_STRICT_REASON_NOT_CLASSIFIED_V0_22,True,True,False,False,False
WS:XHKG:1109,HK_HSI,CHINA RES LAND,1109.HK,Hong Kong,EXCLUDED_INSTRUMENT_TYPE_NOT_YET_STRICTLY_VERIFIED,True,True,False,True,False
WS:XHKG:1113,HK_HSI,CK ASSET,1113.HK,Hong Kong,EXCLUDED_INSTRUMENT_TYPE_NOT_YET_STRICTLY_VERIFIED,True,True,False,True,False
WS:XHKG:1177,HK_HSI,SBP GROUP,1177.HK,Hong Kong,EXCLUDED_INSTRUMENT_TYPE_NOT_YET_STRICTLY_VERIFIED,True,True,False,True,False
WS:XHKG:12,HK_HSI,HENDERSON LAND,0012.HK,Hong Kong,EXCLUDED_INSTRUMENT_TYPE_NOT_YET_STRICTLY_VERIFIED,True,True,False,True,False
WS:XHKG:1209,HK_HSI,CHINA RES MIXC,1209.HK,Hong Kong,EXCLUDED_INSTRUMENT_TYPE_NOT_YET_STRICTLY_VERIFIED,True,True,False,True,False
WS:XHKG:1211,HK_HSI,BYD COMPANY,1211.HK,Hong Kong,EXCLUDED_INSTRUMENT_TYPE_NOT_YET_STRICTLY_VERIFIED,True,True,False,True,False
WS:XHKG:1299,HK_HSI,AIA,1299.HK,Hong Kong,EXCLUDED_INSTRUMENT_TYPE_NOT_YET_STRICTLY_VERIFIED,True,True,False,True,False
WS:XHKG:1378,HK_HSI,CHINAHONGQIAO,1378.HK,Hong Kong,EXCLUDED_INSTRUMENT_TYPE_NOT_YET_STRICTLY_VERIFIED,True,True,False,True,False
WS:XHKG:1398,HK_HSI,ICBC,1398.HK,Hong Kong,EXCLUDED_INSTRUMENT_TYPE_NOT_YET_STRICTLY_VERIFIED,True,True,False,True,False
WS:XHKG:1519,HK_HSI,J&T EXPRESS - W,1519.HK,Hong Kong,EXCLUDED_INSTRUMENT_TYPE_NOT_YET_STRICTLY_VERIFIED,True,True,False,True,False
WS:XHKG:16,HK_HSI,SHK PPT,0016.HK,Hong Kong,EXCLUDED_INSTRUMENT_TYPE_NOT_YET_STRICTLY_VERIFIED,True,True,False,True,False
WS:XHKG:175,HK_HSI,GEELY AUTO,0175.HK,Hong Kong,EXCLUDED_INSTRUMENT_TYPE_NOT_YET_STRICTLY_VERIFIED,True,True,False,True,False
WS:XHKG:1801,HK_HSI,INNOVENT BIO,1801.HK,Hong Kong,EXCLUDED_INSTRUMENT_TYPE_NOT_YET_STRICTLY_VERIFIED,True,True,False,True,False
WS:XHKG:1810,HK_HSI,XIAOMI - W,1810.HK,Hong Kong,EXCLUDED_INSTRUMENT_TYPE_NOT_YET_STRICTLY_VERIFIED,True,True,False,True,False
WS:XHKG:1876,HK_HSI,BUD APAC,1876.HK,Hong Kong,EXCLUDED_OTHER_NON_STRICT_REASON_NOT_CLASSIFIED_V0_22,True,True,False,False,False
WS:XHKG:1928,HK_HSI,SANDS CHINA LTD,1928.HK,Hong Kong,EXCLUDED_INSTRUMENT_TYPE_NOT_YET_STRICTLY_VERIFIED,True,True,False,True,False
WS:XHKG:1929,HK_HSI,CHOW TAI FOOK,1929.HK,Hong Kong,EXCLUDED_INSTRUMENT_TYPE_NOT_YET_STRICTLY_VERIFIED,True,True,False,True,False
WS:XHKG:1997,HK_HSI,WHARF REIC,1997.HK,Hong Kong,EXCLUDED_OTHER_NON_STRICT_REASON_NOT_CLASSIFIED_V0_22,True,True,False,False,False
WS:XHKG:2,HK_HSI,CLP HOLDINGS,0002.HK,Hong Kong,EXCLUDED_INSTRUMENT_TYPE_NOT_YET_STRICTLY_VERIFIED,True,True,False,True,False
WS:XHKG:2015,HK_HSI,LI AUTO - W,2015.HK,Hong Kong,EXCLUDED_INSTRUMENT_TYPE_NOT_YET_STRICTLY_VERIFIED,True,True,False,True,False
WS:XHKG:2020,HK_HSI,ANTA SPORTS,2020.HK,Hong Kong,EXCLUDED_INSTRUMENT_TYPE_NOT_YET_STRICTLY_VERIFIED,True,True,False,True,False
WS:XHKG:2057,HK_HSI,ZTO EXPRESS - W,2057.HK,Hong Kong,EXCLUDED_INSTRUMENT_TYPE_NOT_YET_STRICTLY_VERIFIED,True,True,False,True,False
WS:XHKG:2269,HK_HSI,WUXI BIO,2269.HK,Hong Kong,EXCLUDED_INSTRUMENT_TYPE_NOT_YET_STRICTLY_VERIFIED,True,True,False,True,False
WS:XHKG:2313,HK_HSI,SHENZHOU INTL,2313.HK,Hong Kong,EXCLUDED_INSTRUMENT_TYPE_NOT_YET_STRICTLY_VERIFIED,True,True,False,True,False
WS:XHKG:2318,HK_HSI,PING AN,2318.HK,Hong Kong,EXCLUDED_INSTRUMENT_TYPE_NOT_YET_STRICTLY_VERIFIED,True,True,False,True,False
WS:XHKG:2319,HK_HSI,MENGNIU DAIRY,2319.HK,Hong Kong,EXCLUDED_INSTRUMENT_TYPE_NOT_YET_STRICTLY_VERIFIED,True,True,False,True,False
WS:XHKG:2331,HK_HSI,LI NING,2331.HK,Hong Kong,EXCLUDED_INSTRUMENT_TYPE_NOT_YET_STRICTLY_VERIFIED,True,True,False,True,False
WS:XHKG:2359,HK_HSI,WUXI APPTEC,2359.HK,Hong Kong,EXCLUDED_INSTRUMENT_TYPE_NOT_YET_STRICTLY_VERIFIED,True,True,False,True,False
WS:XHKG:2382,HK_HSI,SUNNY OPTICAL,2382.HK,Hong Kong,EXCLUDED_INSTRUMENT_TYPE_NOT_YET_STRICTLY_VERIFIED,True,True,False,True,False
WS:XHKG:2388,HK_HSI,BOC HONG KONG,2388.HK,Hong Kong,EXCLUDED_INSTRUMENT_TYPE_NOT_YET_STRICTLY_VERIFIED,True,True,False,True,False
WS:XHKG:241,HK_HSI,ALI HEALTH,0241.HK,Hong Kong,EXCLUDED_INSTRUMENT_TYPE_NOT_YET_STRICTLY_VERIFIED,True,True,False,True,False
WS:XHKG:2600,HK_HSI,CHALCO,2600.HK,Hong Kong,EXCLUDED_INSTRUMENT_TYPE_NOT_YET_STRICTLY_VERIFIED,True,True,False,True,False
WS:XHKG:2618,HK_HSI,JD LOGISTICS,2618.HK,Hong Kong,EXCLUDED_INSTRUMENT_TYPE_NOT_YET_STRICTLY_VERIFIED,True,True,False,True,False
WS:XHKG:2628,HK_HSI,CHINA LIFE,2628.HK,Hong Kong,EXCLUDED_INSTRUMENT_TYPE_NOT_YET_STRICTLY_VERIFIED,True,True,False,True,False
WS:XHKG:267,HK_HSI,CITIC,0267.HK,Hong Kong,EXCLUDED_INSTRUMENT_TYPE_NOT_YET_STRICTLY_VERIFIED,True,True,False,True,False
WS:XHKG:2688,HK_HSI,ENN ENERGY,2688.HK,Hong Kong,EXCLUDED_INSTRUMENT_TYPE_NOT_YET_STRICTLY_VERIFIED,True,True,False,True,False
WS:XHKG:27,HK_HSI,GALAXY ENT,0027.HK,Hong Kong,EXCLUDED_INSTRUMENT_TYPE_NOT_YET_STRICTLY_VERIFIED,True,True,False,True,False
WS:XHKG:285,HK_HSI,BYD ELECTRONIC,0285.HK,Hong Kong,EXCLUDED_INSTRUMENT_TYPE_NOT_YET_STRICTLY_VERIFIED,True,True,False,True,False
WS:XHKG:288,HK_HSI,WH GROUP,0288.HK,Hong Kong,EXCLUDED_INSTRUMENT_TYPE_NOT_YET_STRICTLY_VERIFIED,True,True,False,True,False
WS:XHKG:2899,HK_HSI,ZIJIN MINING,2899.HK,Hong Kong,EXCLUDED_INSTRUMENT_TYPE_NOT_YET_STRICTLY_VERIFIED,True,True,False,True,False
WS:XHKG:291,HK_HSI,CHINA RES BEER,0291.HK,Hong Kong,EXCLUDED_INSTRUMENT_TYPE_NOT_YET_STRICTLY_VERIFIED,True,True,False,True,False
WS:XHKG:3,HK_HSI,HK & CHINA GAS,0003.HK,Hong Kong,EXCLUDED_INSTRUMENT_TYPE_NOT_YET_STRICTLY_VERIFIED,True,True,False,True,False
WS:XHKG:300,HK_HSI,MIDEA GROUP,0300.HK,Hong Kong,EXCLUDED_INSTRUMENT_TYPE_NOT_YET_STRICTLY_VERIFIED,True,True,False,True,False
WS:XHKG:316,HK_HSI,OOIL,0316.HK,Hong Kong,EXCLUDED_INSTRUMENT_TYPE_NOT_YET_STRICTLY_VERIFIED,True,True,False,True,False
WS:XHKG:322,HK_HSI,TINGYI,0322.HK,Hong Kong,EXCLUDED_INSTRUMENT_TYPE_NOT_YET_STRICTLY_VERIFIED,True,True,False,True,False
WS:XHKG:3690,HK_HSI,MEITUAN - W,3690.HK,Hong Kong,EXCLUDED_INSTRUMENT_TYPE_NOT_YET_STRICTLY_VERIFIED,True,True,False,True,False
WS:XHKG:3692,HK_HSI,HANSOH PHARMA,3692.HK,Hong Kong,EXCLUDED_INSTRUMENT_TYPE_NOT_YET_STRICTLY_VERIFIED,True,True,False,True,False
WS:XHKG:3750,HK_HSI,CATL,3750.HK,Hong Kong,EXCLUDED_INSTRUMENT_TYPE_NOT_YET_STRICTLY_VERIFIED,True,True,False,True,False
WS:XHKG:386,HK_HSI,SINOPEC CORP,0386.HK,Hong Kong,EXCLUDED_INSTRUMENT_TYPE_NOT_YET_STRICTLY_VERIFIED,True,True,False,True,False
WS:XHKG:388,HK_HSI,HKEX,0388.HK,Hong Kong,EXCLUDED_INSTRUMENT_TYPE_NOT_YET_STRICTLY_VERIFIED,True,True,False,True,False
WS:XHKG:3968,HK_HSI,CM BANK,3968.HK,Hong Kong,EXCLUDED_INSTRUMENT_TYPE_NOT_YET_STRICTLY_VERIFIED,True,True,False,True,False
WS:XHKG:3988,HK_HSI,BANK OF CHINA,3988.HK,Hong Kong,EXCLUDED_INSTRUMENT_TYPE_NOT_YET_STRICTLY_VERIFIED,True,True,False,True,False
WS:XHKG:3993,HK_HSI,CMOC,3993.HK,Hong Kong,EXCLUDED_INSTRUMENT_TYPE_NOT_YET_STRICTLY_VERIFIED,True,True,False,True,False
WS:XHKG:5,HK_HSI,HSBC HOLDINGS,0005.HK,Hong Kong,EXCLUDED_INSTRUMENT_TYPE_NOT_YET_STRICTLY_VERIFIED,True,True,False,True,False
WS:XHKG:6,HK_HSI,POWER ASSETS,0006.HK,Hong Kong,EXCLUDED_INSTRUMENT_TYPE_NOT_YET_STRICTLY_VERIFIED,True,True,False,True,False
WS:XHKG:6160,HK_HSI,BEONE MEDICINES,6160.HK,Hong Kong,EXCLUDED_INSTRUMENT_TYPE_NOT_YET_STRICTLY_VERIFIED,True,True,False,True,False
WS:XHKG:6181,HK_HSI,LAOPU GOLD,6181.HK,Hong Kong,EXCLUDED_INSTRUMENT_TYPE_NOT_YET_STRICTLY_VERIFIED,True,True,False,True,False
WS:XHKG:66,HK_HSI,MTR CORPORATION,0066.HK,Hong Kong,EXCLUDED_INSTRUMENT_TYPE_NOT_YET_STRICTLY_VERIFIED,True,True,False,True,False
WS:XHKG:6618,HK_HSI,JD HEALTH,6618.HK,Hong Kong,EXCLUDED_INSTRUMENT_TYPE_NOT_YET_STRICTLY_VERIFIED,True,True,False,True,False
WS:XHKG:669,HK_HSI,TECHTRONIC IND,0669.HK,Hong Kong,EXCLUDED_INSTRUMENT_TYPE_NOT_YET_STRICTLY_VERIFIED,True,True,False,True,False
WS:XHKG:6690,HK_HSI,HAIER SMARTHOME,6690.HK,Hong Kong,EXCLUDED_INSTRUMENT_TYPE_NOT_YET_STRICTLY_VERIFIED,True,True,False,True,False
WS:XHKG:6862,HK_HSI,HAIDILAO,6862.HK,Hong Kong,EXCLUDED_OTHER_NON_STRICT_REASON_NOT_CLASSIFIED_V0_22,True,True,False,False,False
WS:XHKG:688,HK_HSI,CHINA OVERSEAS,0688.HK,Hong Kong,EXCLUDED_INSTRUMENT_TYPE_NOT_YET_STRICTLY_VERIFIED,True,True,False,True,False
WS:XHKG:700,HK_HSI,TENCENT,0700.HK,Hong Kong,EXCLUDED_INSTRUMENT_TYPE_NOT_YET_STRICTLY_VERIFIED,True,True,False,True,False
WS:XHKG:728,HK_HSI,CHINA TELECOM,0728.HK,Hong Kong,EXCLUDED_INSTRUMENT_TYPE_NOT_YET_STRICTLY_VERIFIED,True,True,False,True,False
WS:XHKG:762,HK_HSI,CHINA UNICOM,0762.HK,Hong Kong,EXCLUDED_INSTRUMENT_TYPE_NOT_YET_STRICTLY_VERIFIED,True,True,False,True,False
WS:XHKG:823,HK_HSI,LINK REIT,0823.HK,Hong Kong,EXCLUDED_OTHER_NON_STRICT_REASON_NOT_CLASSIFIED_V0_22,True,True,False,False,False
WS:XHKG:836,HK_HSI,CHINA RES POWER,0836.HK,Hong Kong,EXCLUDED_INSTRUMENT_TYPE_NOT_YET_STRICTLY_VERIFIED,True,True,False,True,False
WS:XHKG:857,HK_HSI,PETROCHINA,0857.HK,Hong Kong,EXCLUDED_INSTRUMENT_TYPE_NOT_YET_STRICTLY_VERIFIED,True,True,False,True,False
WS:XHKG:868,HK_HSI,XINYI GLASS,0868.HK,Hong Kong,EXCLUDED_OTHER_NON_STRICT_REASON_NOT_CLASSIFIED_V0_22,True,True,False,False,False
WS:XHKG:883,HK_HSI,CNOOC,0883.HK,Hong Kong,EXCLUDED_INSTRUMENT_TYPE_NOT_YET_STRICTLY_VERIFIED,True,True,False,True,False
WS:XHKG:939,HK_HSI,CCB,0939.HK,Hong Kong,EXCLUDED_INSTRUMENT_TYPE_NOT_YET_STRICTLY_VERIFIED,True,True,False,True,False
WS:XHKG:941,HK_HSI,CHINA MOBILE,0941.HK,Hong Kong,EXCLUDED_INSTRUMENT_TYPE_NOT_YET_STRICTLY_VERIFIED,True,True,False,True,False
WS:XHKG:960,HK_HSI,LONGFOR GROUP,0960.HK,Hong Kong,EXCLUDED_OTHER_NON_STRICT_REASON_NOT_CLASSIFIED_V0_22,True,True,False,False,False
WS:XHKG:9618,HK_HSI,JD - SW,9618.HK,Hong Kong,EXCLUDED_INSTRUMENT_TYPE_NOT_YET_STRICTLY_VERIFIED,True,True,False,True,False
WS:XHKG:9633,HK_HSI,NONGFU SPRING,9633.HK,Hong Kong,EXCLUDED_INSTRUMENT_TYPE_NOT_YET_STRICTLY_VERIFIED,True,True,False,True,False
WS:XHKG:968,HK_HSI,XINYI SOLAR,0968.HK,Hong Kong,EXCLUDED_OTHER_NON_STRICT_REASON_NOT_CLASSIFIED_V0_22,True,True,False,False,False
WS:XHKG:981,HK_HSI,SMIC,0981.HK,Hong Kong,EXCLUDED_INSTRUMENT_TYPE_NOT_YET_STRICTLY_VERIFIED,True,True,False,True,False
WS:XHKG:9888,HK_HSI,BIDU - SW,9888.HK,Hong Kong,EXCLUDED_INSTRUMENT_TYPE_NOT_YET_STRICTLY_VERIFIED,True,True,False,True,False
WS:XHKG:9901,HK_HSI,NEW ORIENTAL - S,9901.HK,Hong Kong,EXCLUDED_INSTRUMENT_TYPE_NOT_YET_STRICTLY_VERIFIED,True,True,False,True,False
WS:XHKG:992,HK_HSI,LENOVO GROUP,0992.HK,Hong Kong,EXCLUDED_INSTRUMENT_TYPE_NOT_YET_STRICTLY_VERIFIED,True,True,False,True,False
WS:XHKG:9961,HK_HSI,TRIP.COM - S,9961.HK,Hong Kong,EXCLUDED_INSTRUMENT_TYPE_NOT_YET_STRICTLY_VERIFIED,True,True,False,True,False
WS:XHKG:9988,HK_HSI,BABA - W,9988.HK,Hong Kong,EXCLUDED_INSTRUMENT_TYPE_NOT_YET_STRICTLY_VERIFIED,True,True,False,True,False
WS:XHKG:9992,HK_HSI,POP MART,9992.HK,Hong Kong,EXCLUDED_INSTRUMENT_TYPE_NOT_YET_STRICTLY_VERIFIED,True,True,False,True,False
WS:XHKG:9999,HK_HSI,NTES,9999.HK,Hong Kong,EXCLUDED_INSTRUMENT_TYPE_NOT_YET_STRICTLY_VERIFIED,True,True,False,True,False
WS:ISIN:INE002A01018,IN_NIFTY50,Reliance Industries Ltd.,RELIANCE.NS,India,INCLUDED_RESEARCH_PARTIAL_VERIFIED_STRICT,True,True,True,False,True
WS:ISIN:INE009A01021,IN_NIFTY50,Infosys Ltd.,INFY.NS,India,INCLUDED_RESEARCH_PARTIAL_VERIFIED_STRICT,True,True,True,False,True
WS:ISIN:INE018A01030,IN_NIFTY50,Larsen & Toubro Ltd.,LT.NS,India,INCLUDED_RESEARCH_PARTIAL_VERIFIED_STRICT,True,True,True,False,True
WS:ISIN:INE019A01038,IN_NIFTY50,JSW Steel Ltd.,JSWSTEEL.NS,India,INCLUDED_RESEARCH_PARTIAL_VERIFIED_STRICT,True,True,True,False,True
WS:ISIN:INE021A01026,IN_NIFTY50,Asian Paints Ltd.,ASIANPAINT.NS,India,INCLUDED_RESEARCH_PARTIAL_VERIFIED_STRICT,True,True,True,False,True
WS:ISIN:INE027H01010,IN_NIFTY50,Max Healthcare Institute Ltd.,MAXHEALTH.NS,India,INCLUDED_RESEARCH_PARTIAL_VERIFIED_STRICT,True,True,True,False,True
WS:ISIN:INE030A01027,IN_NIFTY50,Hindustan Unilever Ltd.,HINDUNILVR.NS,India,INCLUDED_RESEARCH_PARTIAL_VERIFIED_STRICT,True,True,True,False,True
WS:ISIN:INE038A01020,IN_NIFTY50,Hindalco Industries Ltd.,HINDALCO.NS,India,INCLUDED_RESEARCH_PARTIAL_VERIFIED_STRICT,True,True,True,False,True
WS:ISIN:INE040A01034,IN_NIFTY50,HDFC Bank Ltd.,HDFCBANK.NS,India,INCLUDED_RESEARCH_PARTIAL_VERIFIED_STRICT,True,True,True,False,True
WS:ISIN:INE044A01036,IN_NIFTY50,Sun Pharmaceutical Industries Ltd.,SUNPHARMA.NS,India,INCLUDED_RESEARCH_PARTIAL_VERIFIED_STRICT,True,True,True,False,True
WS:ISIN:INE047A01021,IN_NIFTY50,Grasim Industries Ltd.,GRASIM.NS,India,INCLUDED_RESEARCH_PARTIAL_VERIFIED_STRICT,True,True,True,False,True
WS:ISIN:INE059A01026,IN_NIFTY50,Cipla Ltd.,CIPLA.NS,India,EXCLUDED_OTHER_NON_STRICT_REASON_NOT_CLASSIFIED_V0_22,True,True,False,False,False
WS:ISIN:INE062A01020,IN_NIFTY50,State Bank of India,SBIN.NS,India,INCLUDED_RESEARCH_PARTIAL_VERIFIED_STRICT,True,True,True,False,True
WS:ISIN:INE066A01021,IN_NIFTY50,Eicher Motors Ltd.,EICHERMOT.NS,India,INCLUDED_RESEARCH_PARTIAL_VERIFIED_STRICT,True,True,True,False,True
WS:ISIN:INE075A01022,IN_NIFTY50,Wipro Ltd.,WIPRO.NS,India,EXCLUDED_OTHER_NON_STRICT_REASON_NOT_CLASSIFIED_V0_22,True,True,False,False,False
WS:ISIN:INE081A01020,IN_NIFTY50,Tata Steel Ltd.,TATASTEEL.NS,India,INCLUDED_RESEARCH_PARTIAL_VERIFIED_STRICT,True,True,True,False,True
WS:ISIN:INE089A01031,IN_NIFTY50,Dr. Reddy's Laboratories Ltd.,DRREDDY.NS,India,INCLUDED_RESEARCH_PARTIAL_VERIFIED_STRICT,True,True,True,False,True
WS:ISIN:INE090A01021,IN_NIFTY50,ICICI Bank Ltd.,ICICIBANK.NS,India,INCLUDED_RESEARCH_PARTIAL_VERIFIED_STRICT,True,True,True,False,True
WS:ISIN:INE101A01026,IN_NIFTY50,Mahindra & Mahindra Ltd.,M&M.NS,India,INCLUDED_RESEARCH_PARTIAL_VERIFIED_STRICT,True,True,True,False,True
WS:ISIN:INE123W01016,IN_NIFTY50,SBI Life Insurance Company Ltd.,SBILIFE.NS,India,EXCLUDED_OTHER_NON_STRICT_REASON_NOT_CLASSIFIED_V0_22,True,True,False,False,False
WS:ISIN:INE154A01025,IN_NIFTY50,ITC Ltd.,ITC.NS,India,INCLUDED_RESEARCH_PARTIAL_VERIFIED_STRICT,True,True,True,False,True
WS:ISIN:INE155A01022,IN_NIFTY50,Tata Motors Passenger Vehicles Ltd.,TMPV.NS,India,INCLUDED_RESEARCH_PARTIAL_VERIFIED_STRICT,True,True,True,False,True
WS:ISIN:INE192A01025,IN_NIFTY50,Tata Consumer Products Ltd.,TATACONSUM.NS,India,EXCLUDED_OTHER_NON_STRICT_REASON_NOT_CLASSIFIED_V0_22,True,True,False,False,False
WS:ISIN:INE213A01029,IN_NIFTY50,Oil & Natural Gas Corporation Ltd.,ONGC.NS,India,INCLUDED_RESEARCH_PARTIAL_VERIFIED_STRICT,True,True,True,False,True
WS:ISIN:INE237A01036,IN_NIFTY50,Kotak Mahindra Bank Ltd.,KOTAKBANK.NS,India,INCLUDED_RESEARCH_PARTIAL_VERIFIED_STRICT,True,True,True,False,True
WS:ISIN:INE238A01034,IN_NIFTY50,Axis Bank Ltd.,AXISBANK.NS,India,INCLUDED_RESEARCH_PARTIAL_VERIFIED_STRICT,True,True,True,False,True
WS:ISIN:INE239A01024,IN_NIFTY50,Nestle India Ltd.,NESTLEIND.NS,India,INCLUDED_RESEARCH_PARTIAL_VERIFIED_STRICT,True,True,True,False,True
WS:ISIN:INE263A01024,IN_NIFTY50,Bharat Electronics Ltd.,BEL.NS,India,INCLUDED_RESEARCH_PARTIAL_VERIFIED_STRICT,True,True,True,False,True
WS:ISIN:INE280A01028,IN_NIFTY50,Titan Company Ltd.,TITAN.NS,India,INCLUDED_RESEARCH_PARTIAL_VERIFIED_STRICT,True,True,True,False,True
WS:ISIN:INE296A01032,IN_NIFTY50,Bajaj Finance Ltd.,BAJFINANCE.NS,India,INCLUDED_RESEARCH_PARTIAL_VERIFIED_STRICT,True,True,True,False,True
WS:ISIN:INE397D01024,IN_NIFTY50,Bharti Airtel Ltd.,BHARTIARTL.NS,India,INCLUDED_RESEARCH_PARTIAL_VERIFIED_STRICT,True,True,True,False,True
WS:ISIN:INE423A01024,IN_NIFTY50,Adani Enterprises Ltd.,ADANIENT.NS,India,INCLUDED_RESEARCH_PARTIAL_VERIFIED_STRICT,True,True,True,False,True
WS:ISIN:INE437A01024,IN_NIFTY50,Apollo Hospitals Enterprise Ltd.,APOLLOHOSP.NS,India,INCLUDED_RESEARCH_PARTIAL_VERIFIED_STRICT,True,True,True,False,True
WS:ISIN:INE467B01029,IN_NIFTY50,Tata Consultancy Services Ltd.,TCS.NS,India,INCLUDED_RESEARCH_PARTIAL_VERIFIED_STRICT,True,True,True,False,True
WS:ISIN:INE481G01011,IN_NIFTY50,UltraTech Cement Ltd.,ULTRACEMCO.NS,India,INCLUDED_RESEARCH_PARTIAL_VERIFIED_STRICT,True,True,True,False,True
WS:ISIN:INE522F01014,IN_NIFTY50,Coal India Ltd.,COALINDIA.NS,India,INCLUDED_RESEARCH_PARTIAL_VERIFIED_STRICT,True,True,True,False,True
WS:ISIN:INE585B01010,IN_NIFTY50,Maruti Suzuki India Ltd.,MARUTI.NS,India,INCLUDED_RESEARCH_PARTIAL_VERIFIED_STRICT,True,True,True,False,True
WS:ISIN:INE646L01027,IN_NIFTY50,InterGlobe Aviation Ltd.,INDIGO.NS,India,INCLUDED_RESEARCH_PARTIAL_VERIFIED_STRICT,True,True,True,False,True
WS:ISIN:INE669C01036,IN_NIFTY50,Tech Mahindra Ltd.,TECHM.NS,India,INCLUDED_RESEARCH_PARTIAL_VERIFIED_STRICT,True,True,True,False,True
WS:ISIN:INE721A01047,IN_NIFTY50,Shriram Finance Ltd.,SHRIRAMFIN.NS,India,INCLUDED_RESEARCH_PARTIAL_VERIFIED_STRICT,True,True,True,False,True
WS:ISIN:INE733E01010,IN_NIFTY50,NTPC Ltd.,NTPC.NS,India,INCLUDED_RESEARCH_PARTIAL_VERIFIED_STRICT,True,True,True,False,True
WS:ISIN:INE742F01042,IN_NIFTY50,Adani Ports and Special Economic Zone Ltd.,ADANIPORTS.NS,India,INCLUDED_RESEARCH_PARTIAL_VERIFIED_STRICT,True,True,True,False,True
WS:ISIN:INE752E01010,IN_NIFTY50,Power Grid Corporation of India Ltd.,POWERGRID.NS,India,INCLUDED_RESEARCH_PARTIAL_VERIFIED_STRICT,True,True,True,False,True
WS:ISIN:INE758E01017,IN_NIFTY50,Jio Financial Services Ltd.,JIOFIN.NS,India,INCLUDED_RESEARCH_PARTIAL_VERIFIED_STRICT,True,True,True,False,True
WS:ISIN:INE758T01015,IN_NIFTY50,Eternal Ltd.,ETERNAL.NS,India,INCLUDED_RESEARCH_PARTIAL_VERIFIED_STRICT,True,True,True,False,True
WS:ISIN:INE795G01014,IN_NIFTY50,HDFC Life Insurance Company Ltd.,HDFCLIFE.NS,India,EXCLUDED_OTHER_NON_STRICT_REASON_NOT_CLASSIFIED_V0_22,True,True,False,False,False
WS:ISIN:INE849A01020,IN_NIFTY50,Trent Ltd.,TRENT.NS,India,INCLUDED_RESEARCH_PARTIAL_VERIFIED_STRICT,True,True,True,False,True
WS:ISIN:INE860A01027,IN_NIFTY50,HCL Technologies Ltd.,HCLTECH.NS,India,INCLUDED_RESEARCH_PARTIAL_VERIFIED_STRICT,True,True,True,False,True
WS:ISIN:INE917I01010,IN_NIFTY50,Bajaj Auto Ltd.,BAJAJ-AUTO.NS,India,INCLUDED_RESEARCH_PARTIAL_VERIFIED_STRICT,True,True,True,False,True
WS:ISIN:INE918I01026,IN_NIFTY50,Bajaj Finserv Ltd.,BAJAJFINSV.NS,India,INCLUDED_RESEARCH_PARTIAL_VERIFIED_STRICT,True,True,True,False,True
WS:XTKS:1332,JP_N225,NISSUI CORP.,1332.T,Japan,EXCLUDED_OTHER_NON_STRICT_REASON_NOT_CLASSIFIED_V0_22,True,True,False,False,False
WS:XTKS:1605,JP_N225,INPEX CORP.,1605.T,Japan,INCLUDED_RESEARCH_PARTIAL_VERIFIED_STRICT,True,True,True,False,True
WS:XTKS:1721,JP_N225,COMSYS HOLDINGS CORP.,1721.T,Japan,EXCLUDED_OTHER_NON_STRICT_REASON_NOT_CLASSIFIED_V0_22,True,True,False,False,False
WS:XTKS:1801,JP_N225,TAISEI CORP.,1801.T,Japan,INCLUDED_RESEARCH_PARTIAL_VERIFIED_STRICT,True,True,True,False,True
WS:XTKS:1802,JP_N225,OBAYASHI CORP.,1802.T,Japan,INCLUDED_RESEARCH_PARTIAL_VERIFIED_STRICT,True,True,True,False,True
WS:XTKS:1803,JP_N225,SHIMIZU CORP.,1803.T,Japan,INCLUDED_RESEARCH_PARTIAL_VERIFIED_STRICT,True,True,True,False,True
WS:XTKS:1808,JP_N225,HASEKO CORP.,1808.T,Japan,EXCLUDED_OTHER_NON_STRICT_REASON_NOT_CLASSIFIED_V0_22,True,True,False,False,False
WS:XTKS:1812,JP_N225,KAJIMA CORP.,1812.T,Japan,INCLUDED_RESEARCH_PARTIAL_VERIFIED_STRICT,True,True,True,False,True
WS:XTKS:1925,JP_N225,"DAIWA HOUSE IND. CO., LTD.",1925.T,Japan,INCLUDED_RESEARCH_PARTIAL_VERIFIED_STRICT,True,True,True,False,True
WS:XTKS:1928,JP_N225,"SEKISUI HOUSE, LTD.",1928.T,Japan,INCLUDED_RESEARCH_PARTIAL_VERIFIED_STRICT,True,True,True,False,True
WS:XTKS:1963,JP_N225,JGC HOLDINGS CORP.,1963.T,Japan,INCLUDED_RESEARCH_PARTIAL_VERIFIED_STRICT,True,True,True,False,True
WS:XTKS:2002,JP_N225,NISSHIN SEIFUN GROUP INC.,2002.T,Japan,EXCLUDED_OTHER_NON_STRICT_REASON_NOT_CLASSIFIED_V0_22,True,True,False,False,False
WS:XTKS:2269,JP_N225,"MEIJI HOLDINGS CO., LTD.",2269.T,Japan,INCLUDED_RESEARCH_PARTIAL_VERIFIED_STRICT,True,True,True,False,True
WS:XTKS:2282,JP_N225,NH FOODS LTD.,2282.T,Japan,INCLUDED_RESEARCH_PARTIAL_VERIFIED_STRICT,True,True,True,False,True
WS:XTKS:2413,JP_N225,"M3, INC.",2413.T,Japan,INCLUDED_RESEARCH_PARTIAL_VERIFIED_STRICT,True,True,True,False,True
WS:XTKS:2432,JP_N225,"DENA CO., LTD.",2432.T,Japan,EXCLUDED_OTHER_NON_STRICT_REASON_NOT_CLASSIFIED_V0_22,True,True,False,False,False
WS:XTKS:2501,JP_N225,SAPPORO BREWERIES LTD.,2501.T,Japan,INCLUDED_RESEARCH_PARTIAL_VERIFIED_STRICT,True,True,True,False,True
WS:XTKS:2502,JP_N225,"ASAHI GROUP HOLDINGS, LTD.",2502.T,Japan,INCLUDED_RESEARCH_PARTIAL_VERIFIED_STRICT,True,True,True,False,True
WS:XTKS:2503,JP_N225,"KIRIN HOLDINGS CO., LTD.",2503.T,Japan,INCLUDED_RESEARCH_PARTIAL_VERIFIED_STRICT,True,True,True,False,True
WS:XTKS:2768,JP_N225,SOJITZ CORP.,2768.T,Japan,INCLUDED_RESEARCH_PARTIAL_VERIFIED_STRICT,True,True,True,False,True
WS:XTKS:2801,JP_N225,KIKKOMAN CORP.,2801.T,Japan,INCLUDED_RESEARCH_PARTIAL_VERIFIED_STRICT,True,True,True,False,True
WS:XTKS:2802,JP_N225,"AJINOMOTO CO., INC.",2802.T,Japan,INCLUDED_RESEARCH_PARTIAL_VERIFIED_STRICT,True,True,True,False,True
WS:XTKS:285A,JP_N225,KIOXIA HOLDINGS CORP.,285A.T,Japan,INCLUDED_RESEARCH_PARTIAL_VERIFIED_STRICT,True,True,True,False,True
WS:XTKS:2871,JP_N225,NICHIREI CORP.,2871.T,Japan,INCLUDED_RESEARCH_PARTIAL_VERIFIED_STRICT,True,True,True,False,True
WS:XTKS:2914,JP_N225,JAPAN TOBACCO INC.,2914.T,Japan,INCLUDED_RESEARCH_PARTIAL_VERIFIED_STRICT,True,True,True,False,True
WS:XTKS:3086,JP_N225,"J.FRONT RETAILING CO., LTD.",3086.T,Japan,INCLUDED_RESEARCH_PARTIAL_VERIFIED_STRICT,True,True,True,False,True
WS:XTKS:3092,JP_N225,"ZOZO, INC.",3092.T,Japan,INCLUDED_RESEARCH_PARTIAL_VERIFIED_STRICT,True,True,True,False,True
WS:XTKS:3099,JP_N225,ISETAN MITSUKOSHI HOLDINGS LTD.,3099.T,Japan,INCLUDED_RESEARCH_PARTIAL_VERIFIED_STRICT,True,True,True,False,True
WS:XTKS:3289,JP_N225,TOKYU FUDOSAN HOLDINGS CORP.,3289.T,Japan,INCLUDED_RESEARCH_PARTIAL_VERIFIED_STRICT,True,True,True,False,True
WS:XTKS:3382,JP_N225,"SEVEN & I HOLDINGS CO., LTD.",3382.T,Japan,INCLUDED_RESEARCH_PARTIAL_VERIFIED_STRICT,True,True,True,False,True
WS:XTKS:3401,JP_N225,TEIJIN LTD.,3401.T,Japan,EXCLUDED_OTHER_NON_STRICT_REASON_NOT_CLASSIFIED_V0_22,True,True,False,False,False
WS:XTKS:3402,JP_N225,"TORAY INDUSTRIES, INC.",3402.T,Japan,INCLUDED_RESEARCH_PARTIAL_VERIFIED_STRICT,True,True,True,False,True
WS:XTKS:3405,JP_N225,"KURARAY CO., LTD.",3405.T,Japan,INCLUDED_RESEARCH_PARTIAL_VERIFIED_STRICT,True,True,True,False,True
WS:XTKS:3407,JP_N225,ASAHI KASEI CORP.,3407.T,Japan,INCLUDED_RESEARCH_PARTIAL_VERIFIED_STRICT,True,True,True,False,True
WS:XTKS:3436,JP_N225,SUMCO CORP.,3436.T,Japan,INCLUDED_RESEARCH_PARTIAL_VERIFIED_STRICT,True,True,True,False,True
WS:XTKS:3659,JP_N225,"NEXON CO., LTD.",3659.T,Japan,INCLUDED_RESEARCH_PARTIAL_VERIFIED_STRICT,True,True,True,False,True
WS:XTKS:3697,JP_N225,SHIFT INC.,3697.T,Japan,INCLUDED_RESEARCH_PARTIAL_VERIFIED_STRICT,True,True,True,False,True
WS:XTKS:3861,JP_N225,OJI HOLDINGS CORP.,3861.T,Japan,INCLUDED_RESEARCH_PARTIAL_VERIFIED_STRICT,True,True,True,False,True
WS:XTKS:4004,JP_N225,RESONAC HOLDINGS CORP.,4004.T,Japan,INCLUDED_RESEARCH_PARTIAL_VERIFIED_STRICT,True,True,True,False,True
WS:XTKS:4005,JP_N225,"SUMITOMO CHEMICAL CO., LTD.",4005.T,Japan,INCLUDED_RESEARCH_PARTIAL_VERIFIED_STRICT,True,True,True,False,True
WS:XTKS:4021,JP_N225,NISSAN CHEMICAL CORP.,4021.T,Japan,INCLUDED_RESEARCH_PARTIAL_VERIFIED_STRICT,True,True,True,False,True
WS:XTKS:4042,JP_N225,TOSOH CORP.,4042.T,Japan,INCLUDED_RESEARCH_PARTIAL_VERIFIED_STRICT,True,True,True,False,True
WS:XTKS:4043,JP_N225,TOKUYAMA CORP.,4043.T,Japan,INCLUDED_RESEARCH_PARTIAL_VERIFIED_STRICT,True,True,True,False,True
WS:XTKS:4061,JP_N225,"DENKA CO., LTD.",4061.T,Japan,INCLUDED_RESEARCH_PARTIAL_VERIFIED_STRICT,True,True,True,False,True
WS:XTKS:4062,JP_N225,"IBIDEN CO., LTD.",4062.T,Japan,INCLUDED_RESEARCH_PARTIAL_VERIFIED_STRICT,True,True,True,False,True
WS:XTKS:4063,JP_N225,"SHIN-ETSU CHEMICAL CO., LTD.",4063.T,Japan,INCLUDED_RESEARCH_PARTIAL_VERIFIED_STRICT,True,True,True,False,True
WS:XTKS:4151,JP_N225,"KYOWA KIRIN CO., LTD.",4151.T,Japan,INCLUDED_RESEARCH_PARTIAL_VERIFIED_STRICT,True,True,True,False,True
WS:XTKS:4183,JP_N225,"MITSUI CHEMICALS, INC.",4183.T,Japan,INCLUDED_RESEARCH_PARTIAL_VERIFIED_STRICT,True,True,True,False,True
WS:XTKS:4188,JP_N225,MITSUBISHI CHEMICAL GROUP CORP.,4188.T,Japan,INCLUDED_RESEARCH_PARTIAL_VERIFIED_STRICT,True,True,True,False,True
WS:XTKS:4208,JP_N225,UBE CORP.,4208.T,Japan,INCLUDED_RESEARCH_PARTIAL_VERIFIED_STRICT,True,True,True,False,True
WS:XTKS:4307,JP_N225,"NOMURA RESEARCH INSTITUTE, LTD.",4307.T,Japan,INCLUDED_RESEARCH_PARTIAL_VERIFIED_STRICT,True,True,True,False,True
WS:XTKS:4324,JP_N225,DENTSU GROUP INC.,4324.T,Japan,INCLUDED_RESEARCH_PARTIAL_VERIFIED_STRICT,True,True,True,False,True
WS:XTKS:4385,JP_N225,"MERCARI, INC.",4385.T,Japan,INCLUDED_RESEARCH_PARTIAL_VERIFIED_STRICT,True,True,True,False,True
WS:XTKS:4452,JP_N225,KAO CORP.,4452.T,Japan,INCLUDED_RESEARCH_PARTIAL_VERIFIED_STRICT,True,True,True,False,True
WS:XTKS:4502,JP_N225,"TAKEDA PHARMACEUTICAL CO., LTD.",4502.T,Japan,INCLUDED_RESEARCH_PARTIAL_VERIFIED_STRICT,True,True,True,False,True
WS:XTKS:4503,JP_N225,ASTELLAS PHARMA INC.,4503.T,Japan,INCLUDED_RESEARCH_PARTIAL_VERIFIED_STRICT,True,True,True,False,True
WS:XTKS:4506,JP_N225,"SUMITOMO PHARMA CO., LTD.",4506.T,Japan,INCLUDED_RESEARCH_PARTIAL_VERIFIED_STRICT,True,True,True,False,True
WS:XTKS:4507,JP_N225,"SHIONOGI & CO., LTD.",4507.T,Japan,INCLUDED_RESEARCH_PARTIAL_VERIFIED_STRICT,True,True,True,False,True
WS:XTKS:4519,JP_N225,"CHUGAI PHARMACEUTICAL CO., LTD.",4519.T,Japan,INCLUDED_RESEARCH_PARTIAL_VERIFIED_STRICT,True,True,True,False,True
WS:XTKS:4523,JP_N225,"EISAI CO., LTD.",4523.T,Japan,INCLUDED_RESEARCH_PARTIAL_VERIFIED_STRICT,True,True,True,False,True
WS:XTKS:4543,JP_N225,TERUMO CORP.,4543.T,Japan,INCLUDED_RESEARCH_PARTIAL_VERIFIED_STRICT,True,True,True,False,True
WS:XTKS:4568,JP_N225,"DAIICHI SANKYO CO., LTD.",4568.T,Japan,INCLUDED_RESEARCH_PARTIAL_VERIFIED_STRICT,True,True,True,False,True
WS:XTKS:4578,JP_N225,"OTSUKA HOLDINGS CO., LTD.",4578.T,Japan,INCLUDED_RESEARCH_PARTIAL_VERIFIED_STRICT,True,True,True,False,True
WS:XTKS:4661,JP_N225,"ORIENTAL LAND CO., LTD.",4661.T,Japan,INCLUDED_RESEARCH_PARTIAL_VERIFIED_STRICT,True,True,True,False,True
WS:XTKS:4689,JP_N225,LY CORP.,4689.T,Japan,INCLUDED_RESEARCH_PARTIAL_VERIFIED_STRICT,True,True,True,False,True
WS:XTKS:4704,JP_N225,TREND MICRO INC.,4704.T,Japan,INCLUDED_RESEARCH_PARTIAL_VERIFIED_STRICT,True,True,True,False,True
WS:XTKS:4751,JP_N225,"CYBERAGENT, INC.",4751.T,Japan,INCLUDED_RESEARCH_PARTIAL_VERIFIED_STRICT,True,True,True,False,True
WS:XTKS:4755,JP_N225,"RAKUTEN GROUP, INC.",4755.T,Japan,INCLUDED_RESEARCH_PARTIAL_VERIFIED_STRICT,True,True,True,False,True
WS:XTKS:4901,JP_N225,FUJIFILM HOLDINGS CORP.,4901.T,Japan,INCLUDED_RESEARCH_PARTIAL_VERIFIED_STRICT,True,True,True,False,True
WS:XTKS:4902,JP_N225,"KONICA MINOLTA, INC.",4902.T,Japan,INCLUDED_RESEARCH_PARTIAL_VERIFIED_STRICT,True,True,True,False,True
WS:XTKS:4911,JP_N225,"SHISEIDO CO., LTD.",4911.T,Japan,INCLUDED_RESEARCH_PARTIAL_VERIFIED_STRICT,True,True,True,False,True
WS:XTKS:5019,JP_N225,"IDEMITSU KOSAN CO., LTD.",5019.T,Japan,INCLUDED_RESEARCH_PARTIAL_VERIFIED_STRICT,True,True,True,False,True
WS:XTKS:5020,JP_N225,"ENEOS HOLDINGS, INC.",5020.T,Japan,INCLUDED_RESEARCH_PARTIAL_VERIFIED_STRICT,True,True,True,False,True
WS:XTKS:5101,JP_N225,"THE YOKOHAMA RUBBER CO., LTD.",5101.T,Japan,INCLUDED_RESEARCH_PARTIAL_VERIFIED_STRICT,True,True,True,False,True
WS:XTKS:5108,JP_N225,BRIDGESTONE CORP.,5108.T,Japan,INCLUDED_RESEARCH_PARTIAL_VERIFIED_STRICT,True,True,True,False,True
WS:XTKS:5201,JP_N225,AGC INC.,5201.T,Japan,INCLUDED_RESEARCH_PARTIAL_VERIFIED_STRICT,True,True,True,False,True
WS:XTKS:5214,JP_N225,"NIPPON ELECTRIC GLASS CO., LTD.",5214.T,Japan,INCLUDED_RESEARCH_PARTIAL_VERIFIED_STRICT,True,True,True,False,True
WS:XTKS:5233,JP_N225,TAIHEIYO CEMENT CORP.,5233.T,Japan,EXCLUDED_OTHER_NON_STRICT_REASON_NOT_CLASSIFIED_V0_22,True,True,False,False,False
WS:XTKS:5301,JP_N225,"TOKAI CARBON CO., LTD.",5301.T,Japan,EXCLUDED_OTHER_NON_STRICT_REASON_NOT_CLASSIFIED_V0_22,True,True,False,False,False
WS:XTKS:5332,JP_N225,TOTO LTD.,5332.T,Japan,INCLUDED_RESEARCH_PARTIAL_VERIFIED_STRICT,True,True,True,False,True
WS:XTKS:5333,JP_N225,NGK CORP.,5333.T,Japan,INCLUDED_RESEARCH_PARTIAL_VERIFIED_STRICT,True,True,True,False,True
WS:XTKS:5401,JP_N225,NIPPON STEEL CORP.,5401.T,Japan,INCLUDED_RESEARCH_PARTIAL_VERIFIED_STRICT,True,True,True,False,True
WS:XTKS:5406,JP_N225,"KOBE STEEL, LTD.",5406.T,Japan,INCLUDED_RESEARCH_PARTIAL_VERIFIED_STRICT,True,True,True,False,True
WS:XTKS:5411,JP_N225,"JFE HOLDINGS, INC.",5411.T,Japan,INCLUDED_RESEARCH_PARTIAL_VERIFIED_STRICT,True,True,True,False,True
WS:XTKS:543A,JP_N225,ARCHION CORP.,543A.T,Japan,INCLUDED_RESEARCH_PARTIAL_VERIFIED_STRICT,True,True,True,False,True
WS:XTKS:5631,JP_N225,"THE JAPAN STEEL WORKS, LTD.",5631.T,Japan,INCLUDED_RESEARCH_PARTIAL_VERIFIED_STRICT,True,True,True,False,True
WS:XTKS:5706,JP_N225,"MITSUI KINZOKU CO., LTD.",5706.T,Japan,INCLUDED_RESEARCH_PARTIAL_VERIFIED_STRICT,True,True,True,False,True
WS:XTKS:5711,JP_N225,MITSUBISHI MATERIALS CORP.,5711.T,Japan,INCLUDED_RESEARCH_PARTIAL_VERIFIED_STRICT,True,True,True,False,True
WS:XTKS:5713,JP_N225,"SUMITOMO METAL MINING CO., LTD.",5713.T,Japan,INCLUDED_RESEARCH_PARTIAL_VERIFIED_STRICT,True,True,True,False,True
WS:XTKS:5714,JP_N225,"DOWA HOLDINGS CO., LTD.",5714.T,Japan,INCLUDED_RESEARCH_PARTIAL_VERIFIED_STRICT,True,True,True,False,True
WS:XTKS:5801,JP_N225,"FURUKAWA ELECTRIC CO., LTD.",5801.T,Japan,INCLUDED_RESEARCH_PARTIAL_VERIFIED_STRICT,True,True,True,False,True
WS:XTKS:5802,JP_N225,"SUMITOMO ELECTRIC IND., LTD.",5802.T,Japan,INCLUDED_RESEARCH_PARTIAL_VERIFIED_STRICT,True,True,True,False,True
WS:XTKS:5803,JP_N225,FUJIKURA LTD.,5803.T,Japan,INCLUDED_RESEARCH_PARTIAL_VERIFIED_STRICT,True,True,True,False,True
WS:XTKS:5831,JP_N225,"SHIZUOKA FINANCIAL GROUP, INC.",5831.T,Japan,INCLUDED_RESEARCH_PARTIAL_VERIFIED_STRICT,True,True,True,False,True
WS:XTKS:6098,JP_N225,"RECRUIT HOLDINGS CO., LTD.",6098.T,Japan,INCLUDED_RESEARCH_PARTIAL_VERIFIED_STRICT,True,True,True,False,True
WS:XTKS:6103,JP_N225,OKUMA CORP.,6103.T,Japan,EXCLUDED_OTHER_NON_STRICT_REASON_NOT_CLASSIFIED_V0_22,True,True,False,False,False
WS:XTKS:6113,JP_N225,"AMADA CO., LTD.",6113.T,Japan,INCLUDED_RESEARCH_PARTIAL_VERIFIED_STRICT,True,True,True,False,True
WS:XTKS:6146,JP_N225,DISCO CORP.,6146.T,Japan,INCLUDED_RESEARCH_PARTIAL_VERIFIED_STRICT,True,True,True,False,True
WS:XTKS:6178,JP_N225,"JAPAN POST HOLDINGS CO., LTD.",6178.T,Japan,INCLUDED_RESEARCH_PARTIAL_VERIFIED_STRICT,True,True,True,False,True
WS:XTKS:6273,JP_N225,SMC CORP.,6273.T,Japan,INCLUDED_RESEARCH_PARTIAL_VERIFIED_STRICT,True,True,True,False,True
WS:XTKS:6301,JP_N225,KOMATSU LTD.,6301.T,Japan,INCLUDED_RESEARCH_PARTIAL_VERIFIED_STRICT,True,True,True,False,True
WS:XTKS:6302,JP_N225,"SUMITOMO HEAVY IND., LTD.",6302.T,Japan,INCLUDED_RESEARCH_PARTIAL_VERIFIED_STRICT,True,True,True,False,True
WS:XTKS:6305,JP_N225,"HITACHI CONST. MACH. CO., LTD.",6305.T,Japan,INCLUDED_RESEARCH_PARTIAL_VERIFIED_STRICT,True,True,True,False,True
WS:XTKS:6326,JP_N225,KUBOTA CORP.,6326.T,Japan,INCLUDED_RESEARCH_PARTIAL_VERIFIED_STRICT,True,True,True,False,True
WS:XTKS:6361,JP_N225,EBARA CORP.,6361.T,Japan,INCLUDED_RESEARCH_PARTIAL_VERIFIED_STRICT,True,True,True,False,True
WS:XTKS:6367,JP_N225,"DAIKIN INDUSTRIES, LTD.",6367.T,Japan,INCLUDED_RESEARCH_PARTIAL_VERIFIED_STRICT,True,True,True,False,True
WS:XTKS:6471,JP_N225,NSK LTD.,6471.T,Japan,INCLUDED_RESEARCH_PARTIAL_VERIFIED_STRICT,True,True,True,False,True
WS:XTKS:6472,JP_N225,NTN CORP.,6472.T,Japan,EXCLUDED_OTHER_NON_STRICT_REASON_NOT_CLASSIFIED_V0_22,True,True,False,False,False
WS:XTKS:6473,JP_N225,JTEKT CORP.,6473.T,Japan,EXCLUDED_OTHER_NON_STRICT_REASON_NOT_CLASSIFIED_V0_22,True,True,False,False,False
WS:XTKS:6479,JP_N225,MINEBEA MITSUMI INC.,6479.T,Japan,INCLUDED_RESEARCH_PARTIAL_VERIFIED_STRICT,True,True,True,False,True
WS:XTKS:6501,JP_N225,"HITACHI, LTD.",6501.T,Japan,INCLUDED_RESEARCH_PARTIAL_VERIFIED_STRICT,True,True,True,False,True
WS:XTKS:6503,JP_N225,MITSUBISHI ELECTRIC CORP.,6503.T,Japan,INCLUDED_RESEARCH_PARTIAL_VERIFIED_STRICT,True,True,True,False,True
WS:XTKS:6504,JP_N225,"FUJI ELECTRIC CO., LTD.",6504.T,Japan,INCLUDED_RESEARCH_PARTIAL_VERIFIED_STRICT,True,True,True,False,True
WS:XTKS:6506,JP_N225,YASKAWA ELECTRIC CORP.,6506.T,Japan,INCLUDED_RESEARCH_PARTIAL_VERIFIED_STRICT,True,True,True,False,True
WS:XTKS:6526,JP_N225,SOCIONEXT INC.,6526.T,Japan,INCLUDED_RESEARCH_PARTIAL_VERIFIED_STRICT,True,True,True,False,True
WS:XTKS:6532,JP_N225,"BAYCURRENT, INC.",6532.T,Japan,INCLUDED_RESEARCH_PARTIAL_VERIFIED_STRICT,True,True,True,False,True
WS:XTKS:6645,JP_N225,OMRON CORP.,6645.T,Japan,INCLUDED_RESEARCH_PARTIAL_VERIFIED_STRICT,True,True,True,False,True
WS:XTKS:6701,JP_N225,NEC CORP.,6701.T,Japan,INCLUDED_RESEARCH_PARTIAL_VERIFIED_STRICT,True,True,True,False,True
WS:XTKS:6702,JP_N225,FUJITSU LTD.,6702.T,Japan,INCLUDED_RESEARCH_PARTIAL_VERIFIED_STRICT,True,True,True,False,True
WS:XTKS:6723,JP_N225,RENESAS ELECTRONICS CORP.,6723.T,Japan,INCLUDED_RESEARCH_PARTIAL_VERIFIED_STRICT,True,True,True,False,True
WS:XTKS:6724,JP_N225,SEIKO EPSON CORP.,6724.T,Japan,INCLUDED_RESEARCH_PARTIAL_VERIFIED_STRICT,True,True,True,False,True
WS:XTKS:6752,JP_N225,PANASONIC HOLDINGS CORP.,6752.T,Japan,INCLUDED_RESEARCH_PARTIAL_VERIFIED_STRICT,True,True,True,False,True
WS:XTKS:6753,JP_N225,SHARP CORP.,6753.T,Japan,EXCLUDED_OTHER_NON_STRICT_REASON_NOT_CLASSIFIED_V0_22,True,True,False,False,False
WS:XTKS:6758,JP_N225,SONY GROUP CORP.,6758.T,Japan,INCLUDED_RESEARCH_PARTIAL_VERIFIED_STRICT,True,True,True,False,True
WS:XTKS:6762,JP_N225,TDK CORP.,6762.T,Japan,INCLUDED_RESEARCH_PARTIAL_VERIFIED_STRICT,True,True,True,False,True
WS:XTKS:6770,JP_N225,"ALPS ALPINE CO., LTD.",6770.T,Japan,INCLUDED_RESEARCH_PARTIAL_VERIFIED_STRICT,True,True,True,False,True
WS:XTKS:6841,JP_N225,YOKOGAWA ELECTRIC CORP.,6841.T,Japan,INCLUDED_RESEARCH_PARTIAL_VERIFIED_STRICT,True,True,True,False,True
WS:XTKS:6857,JP_N225,ADVANTEST CORP.,6857.T,Japan,INCLUDED_RESEARCH_PARTIAL_VERIFIED_STRICT,True,True,True,False,True
WS:XTKS:6861,JP_N225,KEYENCE CORP.,6861.T,Japan,INCLUDED_RESEARCH_PARTIAL_VERIFIED_STRICT,True,True,True,False,True
WS:XTKS:6902,JP_N225,DENSO CORP.,6902.T,Japan,INCLUDED_RESEARCH_PARTIAL_VERIFIED_STRICT,True,True,True,False,True
WS:XTKS:6920,JP_N225,LASERTEC CORP.,6920.T,Japan,INCLUDED_RESEARCH_PARTIAL_VERIFIED_STRICT,True,True,True,False,True
WS:XTKS:6954,JP_N225,FANUC CORP.,6954.T,Japan,INCLUDED_RESEARCH_PARTIAL_VERIFIED_STRICT,True,True,True,False,True
WS:XTKS:6963,JP_N225,"ROHM CO., LTD.",6963.T,Japan,INCLUDED_RESEARCH_PARTIAL_VERIFIED_STRICT,True,True,True,False,True
WS:XTKS:6971,JP_N225,KYOCERA CORP.,6971.T,Japan,INCLUDED_RESEARCH_PARTIAL_VERIFIED_STRICT,True,True,True,False,True
WS:XTKS:6976,JP_N225,"TAIYO YUDEN CO., LTD.",6976.T,Japan,INCLUDED_RESEARCH_PARTIAL_VERIFIED_STRICT,True,True,True,False,True
WS:XTKS:6981,JP_N225,"MURATA MANUFACTURING CO., LTD.",6981.T,Japan,INCLUDED_RESEARCH_PARTIAL_VERIFIED_STRICT,True,True,True,False,True
WS:XTKS:6988,JP_N225,NITTO DENKO CORP.,6988.T,Japan,INCLUDED_RESEARCH_PARTIAL_VERIFIED_STRICT,True,True,True,False,True
WS:XTKS:7004,JP_N225,KANADEVIA CORP.,7004.T,Japan,EXCLUDED_OTHER_NON_STRICT_REASON_NOT_CLASSIFIED_V0_22,True,True,False,False,False
WS:XTKS:7011,JP_N225,"MITSUBISHI HEAVY IND., LTD.",7011.T,Japan,INCLUDED_RESEARCH_PARTIAL_VERIFIED_STRICT,True,True,True,False,True
WS:XTKS:7012,JP_N225,"KAWASAKI HEAVY IND., LTD.",7012.T,Japan,INCLUDED_RESEARCH_PARTIAL_VERIFIED_STRICT,True,True,True,False,True
WS:XTKS:7013,JP_N225,IHI CORP.,7013.T,Japan,INCLUDED_RESEARCH_PARTIAL_VERIFIED_STRICT,True,True,True,False,True
WS:XTKS:7186,JP_N225,"YOKOHAMA FINANCIAL GROUP, INC.",7186.T,Japan,INCLUDED_RESEARCH_PARTIAL_VERIFIED_STRICT,True,True,True,False,True
WS:XTKS:7201,JP_N225,"NISSAN MOTOR CO., LTD.",7201.T,Japan,INCLUDED_RESEARCH_PARTIAL_VERIFIED_STRICT,True,True,True,False,True
WS:XTKS:7202,JP_N225,ISUZU MOTORS LTD.,7202.T,Japan,INCLUDED_RESEARCH_PARTIAL_VERIFIED_STRICT,True,True,True,False,True
WS:XTKS:7203,JP_N225,TOYOTA MOTOR CORP.,7203.T,Japan,INCLUDED_RESEARCH_PARTIAL_VERIFIED_STRICT,True,True,True,False,True
WS:XTKS:7211,JP_N225,MITSUBISHI MOTORS CORP.,7211.T,Japan,INCLUDED_RESEARCH_PARTIAL_VERIFIED_STRICT,True,True,True,False,True
WS:XTKS:7261,JP_N225,MAZDA MOTOR CORP.,7261.T,Japan,INCLUDED_RESEARCH_PARTIAL_VERIFIED_STRICT,True,True,True,False,True
WS:XTKS:7267,JP_N225,"HONDA MOTOR CO., LTD.",7267.T,Japan,INCLUDED_RESEARCH_PARTIAL_VERIFIED_STRICT,True,True,True,False,True
WS:XTKS:7269,JP_N225,SUZUKI MOTOR CORP.,7269.T,Japan,INCLUDED_RESEARCH_PARTIAL_VERIFIED_STRICT,True,True,True,False,True
WS:XTKS:7270,JP_N225,SUBARU CORP.,7270.T,Japan,INCLUDED_RESEARCH_PARTIAL_VERIFIED_STRICT,True,True,True,False,True
WS:XTKS:7272,JP_N225,"YAMAHA MOTOR CO., LTD.",7272.T,Japan,INCLUDED_RESEARCH_PARTIAL_VERIFIED_STRICT,True,True,True,False,True
WS:XTKS:7453,JP_N225,"RYOHIN KEIKAKU CO., LTD.",7453.T,Japan,INCLUDED_RESEARCH_PARTIAL_VERIFIED_STRICT,True,True,True,False,True
WS:XTKS:7532,JP_N225,PAN PACIFIC INTERNATIONAL HOLDINGS CORP.,7532.T,Japan,INCLUDED_RESEARCH_PARTIAL_VERIFIED_STRICT,True,True,True,False,True
WS:XTKS:7731,JP_N225,NIKON CORP.,7731.T,Japan,INCLUDED_RESEARCH_PARTIAL_VERIFIED_STRICT,True,True,True,False,True
WS:XTKS:7733,JP_N225,OLYMPUS CORP.,7733.T,Japan,INCLUDED_RESEARCH_PARTIAL_VERIFIED_STRICT,True,True,True,False,True
WS:XTKS:7735,JP_N225,"SCREEN HOLDINGS CO., LTD.",7735.T,Japan,INCLUDED_RESEARCH_PARTIAL_VERIFIED_STRICT,True,True,True,False,True
WS:XTKS:7741,JP_N225,HOYA CORP.,7741.T,Japan,INCLUDED_RESEARCH_PARTIAL_VERIFIED_STRICT,True,True,True,False,True
WS:XTKS:7751,JP_N225,CANON INC.,7751.T,Japan,INCLUDED_RESEARCH_PARTIAL_VERIFIED_STRICT,True,True,True,False,True
WS:XTKS:7752,JP_N225,"RICOH CO., LTD.",7752.T,Japan,INCLUDED_RESEARCH_PARTIAL_VERIFIED_STRICT,True,True,True,False,True
WS:XTKS:7832,JP_N225,BANDAI NAMCO HOLDINGS INC.,7832.T,Japan,INCLUDED_RESEARCH_PARTIAL_VERIFIED_STRICT,True,True,True,False,True
WS:XTKS:7911,JP_N225,TOPPAN HOLDINGS INC.,7911.T,Japan,INCLUDED_RESEARCH_PARTIAL_VERIFIED_STRICT,True,True,True,False,True
WS:XTKS:7912,JP_N225,"DAI NIPPON PRINTING CO., LTD.",7912.T,Japan,INCLUDED_RESEARCH_PARTIAL_VERIFIED_STRICT,True,True,True,False,True
WS:XTKS:7951,JP_N225,YAMAHA CORP.,7951.T,Japan,INCLUDED_RESEARCH_PARTIAL_VERIFIED_STRICT,True,True,True,False,True
WS:XTKS:7974,JP_N225,"NINTENDO CO., LTD.",7974.T,Japan,INCLUDED_RESEARCH_PARTIAL_VERIFIED_STRICT,True,True,True,False,True
WS:XTKS:8001,JP_N225,ITOCHU CORP.,8001.T,Japan,INCLUDED_RESEARCH_PARTIAL_VERIFIED_STRICT,True,True,True,False,True
WS:XTKS:8002,JP_N225,MARUBENI CORP.,8002.T,Japan,INCLUDED_RESEARCH_PARTIAL_VERIFIED_STRICT,True,True,True,False,True
WS:XTKS:8015,JP_N225,TOYOTA TSUSHO CORP.,8015.T,Japan,INCLUDED_RESEARCH_PARTIAL_VERIFIED_STRICT,True,True,True,False,True
WS:XTKS:8031,JP_N225,"MITSUI & CO., LTD.",8031.T,Japan,INCLUDED_RESEARCH_PARTIAL_VERIFIED_STRICT,True,True,True,False,True
WS:XTKS:8035,JP_N225,TOKYO ELECTRON LTD.,8035.T,Japan,INCLUDED_RESEARCH_PARTIAL_VERIFIED_STRICT,True,True,True,False,True
WS:XTKS:8053,JP_N225,SUMITOMO CORP.,8053.T,Japan,INCLUDED_RESEARCH_PARTIAL_VERIFIED_STRICT,True,True,True,False,True
WS:XTKS:8058,JP_N225,MITSUBISHI CORP.,8058.T,Japan,INCLUDED_RESEARCH_PARTIAL_VERIFIED_STRICT,True,True,True,False,True
WS:XTKS:8233,JP_N225,"TAKASHIMAYA CO., LTD.",8233.T,Japan,INCLUDED_RESEARCH_PARTIAL_VERIFIED_STRICT,True,True,True,False,True
WS:XTKS:8252,JP_N225,"MARUI GROUP CO., LTD.",8252.T,Japan,EXCLUDED_OTHER_NON_STRICT_REASON_NOT_CLASSIFIED_V0_22,True,True,False,False,False
WS:XTKS:8253,JP_N225,"CREDIT SAISON CO., LTD.",8253.T,Japan,INCLUDED_RESEARCH_PARTIAL_VERIFIED_STRICT,True,True,True,False,True
WS:XTKS:8267,JP_N225,"AEON CO., LTD.",8267.T,Japan,INCLUDED_RESEARCH_PARTIAL_VERIFIED_STRICT,True,True,True,False,True
WS:XTKS:8304,JP_N225,"AOZORA BANK, LTD.",8304.T,Japan,INCLUDED_RESEARCH_PARTIAL_VERIFIED_STRICT,True,True,True,False,True
WS:XTKS:8306,JP_N225,"MITSUBISHI UFJ FINANCIAL GROUP, INC.",8306.T,Japan,INCLUDED_RESEARCH_PARTIAL_VERIFIED_STRICT,True,True,True,False,True
WS:XTKS:8308,JP_N225,"RESONA HOLDINGS, INC.",8308.T,Japan,INCLUDED_RESEARCH_PARTIAL_VERIFIED_STRICT,True,True,True,False,True
WS:XTKS:8309,JP_N225,"SUMITOMO MITSUI TRUST GROUP, INC.",8309.T,Japan,INCLUDED_RESEARCH_PARTIAL_VERIFIED_STRICT,True,True,True,False,True
WS:XTKS:8316,JP_N225,"SUMITOMO MITSUI FINANCIAL GROUP, INC.",8316.T,Japan,INCLUDED_RESEARCH_PARTIAL_VERIFIED_STRICT,True,True,True,False,True
WS:XTKS:8331,JP_N225,"THE CHIBA BANK, LTD.",8331.T,Japan,INCLUDED_RESEARCH_PARTIAL_VERIFIED_STRICT,True,True,True,False,True
WS:XTKS:8354,JP_N225,"FUKUOKA FINANCIAL GROUP, INC.",8354.T,Japan,INCLUDED_RESEARCH_PARTIAL_VERIFIED_STRICT,True,True,True,False,True
WS:XTKS:8411,JP_N225,"MIZUHO FINANCIAL GROUP, INC.",8411.T,Japan,INCLUDED_RESEARCH_PARTIAL_VERIFIED_STRICT,True,True,True,False,True
WS:XTKS:8591,JP_N225,ORIX CORP.,8591.T,Japan,INCLUDED_RESEARCH_PARTIAL_VERIFIED_STRICT,True,True,True,False,True
WS:XTKS:8601,JP_N225,DAIWA SECURITIES GROUP INC.,8601.T,Japan,INCLUDED_RESEARCH_PARTIAL_VERIFIED_STRICT,True,True,True,False,True
WS:XTKS:8604,JP_N225,"NOMURA HOLDINGS, INC.",8604.T,Japan,INCLUDED_RESEARCH_PARTIAL_VERIFIED_STRICT,True,True,True,False,True
WS:XTKS:8630,JP_N225,"SOMPO HOLDINGS, INC.",8630.T,Japan,INCLUDED_RESEARCH_PARTIAL_VERIFIED_STRICT,True,True,True,False,True
WS:XTKS:8697,JP_N225,"JAPAN EXCHANGE GROUP, INC.",8697.T,Japan,INCLUDED_RESEARCH_PARTIAL_VERIFIED_STRICT,True,True,True,False,True
WS:XTKS:8725,JP_N225,"MS&AD INSURANCE GROUP HOLDINGS, INC.",8725.T,Japan,INCLUDED_RESEARCH_PARTIAL_VERIFIED_STRICT,True,True,True,False,True
WS:XTKS:8750,JP_N225,"DAIICHI LIFE GROUP, INC.",8750.T,Japan,INCLUDED_RESEARCH_PARTIAL_VERIFIED_STRICT,True,True,True,False,True
WS:XTKS:8766,JP_N225,"TOKIO MARINE HOLDINGS, INC.",8766.T,Japan,INCLUDED_RESEARCH_PARTIAL_VERIFIED_STRICT,True,True,True,False,True
WS:XTKS:8795,JP_N225,"T&D HOLDINGS, INC.",8795.T,Japan,INCLUDED_RESEARCH_PARTIAL_VERIFIED_STRICT,True,True,True,False,True
WS:XTKS:8801,JP_N225,"MITSUI FUDOSAN CO., LTD.",8801.T,Japan,INCLUDED_RESEARCH_PARTIAL_VERIFIED_STRICT,True,True,True,False,True
WS:XTKS:8802,JP_N225,"MITSUBISHI ESTATE CO., LTD.",8802.T,Japan,INCLUDED_RESEARCH_PARTIAL_VERIFIED_STRICT,True,True,True,False,True
WS:XTKS:8804,JP_N225,"TOKYO TATEMONO CO., LTD.",8804.T,Japan,INCLUDED_RESEARCH_PARTIAL_VERIFIED_STRICT,True,True,True,False,True
WS:XTKS:8830,JP_N225,"SUMITOMO REALTY & DEVELOPMENT CO., LTD.",8830.T,Japan,INCLUDED_RESEARCH_PARTIAL_VERIFIED_STRICT,True,True,True,False,True
WS:XTKS:9001,JP_N225,"TOBU RAILWAY CO., LTD.",9001.T,Japan,EXCLUDED_OTHER_NON_STRICT_REASON_NOT_CLASSIFIED_V0_22,True,True,False,False,False
WS:XTKS:9005,JP_N225,TOKYU CORP.,9005.T,Japan,INCLUDED_RESEARCH_PARTIAL_VERIFIED_STRICT,True,True,True,False,True
WS:XTKS:9007,JP_N225,"ODAKYU ELECTRIC RAILWAY CO., LTD.",9007.T,Japan,EXCLUDED_OTHER_NON_STRICT_REASON_NOT_CLASSIFIED_V0_22,True,True,False,False,False
WS:XTKS:9008,JP_N225,KEIO CORP.,9008.T,Japan,EXCLUDED_OTHER_NON_STRICT_REASON_NOT_CLASSIFIED_V0_22,True,True,False,False,False
WS:XTKS:9009,JP_N225,"KEISEI ELECTRIC RAILWAY CO., LTD.",9009.T,Japan,EXCLUDED_OTHER_NON_STRICT_REASON_NOT_CLASSIFIED_V0_22,True,True,False,False,False
WS:XTKS:9020,JP_N225,EAST JAPAN RAILWAY CO.,9020.T,Japan,INCLUDED_RESEARCH_PARTIAL_VERIFIED_STRICT,True,True,True,False,True
WS:XTKS:9021,JP_N225,WEST JAPAN RAILWAY CO.,9021.T,Japan,INCLUDED_RESEARCH_PARTIAL_VERIFIED_STRICT,True,True,True,False,True
WS:XTKS:9022,JP_N225,"CENTRAL JAPAN RAILWAY CO., LTD.",9022.T,Japan,INCLUDED_RESEARCH_PARTIAL_VERIFIED_STRICT,True,True,True,False,True
WS:XTKS:9064,JP_N225,"YAMATO HOLDINGS CO., LTD.",9064.T,Japan,INCLUDED_RESEARCH_PARTIAL_VERIFIED_STRICT,True,True,True,False,True
WS:XTKS:9101,JP_N225,NIPPON YUSEN K.K.,9101.T,Japan,INCLUDED_RESEARCH_PARTIAL_VERIFIED_STRICT,True,True,True,False,True
WS:XTKS:9104,JP_N225,"MITSUI O.S.K.LINES, LTD.",9104.T,Japan,INCLUDED_RESEARCH_PARTIAL_VERIFIED_STRICT,True,True,True,False,True
WS:XTKS:9107,JP_N225,"KAWASAKI KISEN KAISHA, LTD.",9107.T,Japan,INCLUDED_RESEARCH_PARTIAL_VERIFIED_STRICT,True,True,True,False,True
WS:XTKS:9147,JP_N225,"NIPPON EXPRESS HOLDINGS, INC.",9147.T,Japan,INCLUDED_RESEARCH_PARTIAL_VERIFIED_STRICT,True,True,True,False,True
WS:XTKS:9201,JP_N225,"JAPAN AIRLINES CO., LTD.",9201.T,Japan,INCLUDED_RESEARCH_PARTIAL_VERIFIED_STRICT,True,True,True,False,True
WS:XTKS:9202,JP_N225,ANA HOLDINGS INC.,9202.T,Japan,INCLUDED_RESEARCH_PARTIAL_VERIFIED_STRICT,True,True,True,False,True
WS:XTKS:9432,JP_N225,"NTT, INC.",9432.T,Japan,INCLUDED_RESEARCH_PARTIAL_VERIFIED_STRICT,True,True,True,False,True
WS:XTKS:9433,JP_N225,KDDI CORP.,9433.T,Japan,INCLUDED_RESEARCH_PARTIAL_VERIFIED_STRICT,True,True,True,False,True
WS:XTKS:9434,JP_N225,SOFTBANK CORP.,9434.T,Japan,INCLUDED_RESEARCH_PARTIAL_VERIFIED_STRICT,True,True,True,False,True
WS:XTKS:9501,JP_N225,"TOKYO ELECTRIC POWER COMPANY HOLDINGS, I",9501.T,Japan,INCLUDED_RESEARCH_PARTIAL_VERIFIED_STRICT,True,True,True,False,True
WS:XTKS:9502,JP_N225,"CHUBU ELECTRIC POWER CO., INC.",9502.T,Japan,INCLUDED_RESEARCH_PARTIAL_VERIFIED_STRICT,True,True,True,False,True
WS:XTKS:9503,JP_N225,"THE KANSAI ELECTRIC POWER CO., INC.",9503.T,Japan,INCLUDED_RESEARCH_PARTIAL_VERIFIED_STRICT,True,True,True,False,True
WS:XTKS:9531,JP_N225,"TOKYO GAS CO., LTD.",9531.T,Japan,INCLUDED_RESEARCH_PARTIAL_VERIFIED_STRICT,True,True,True,False,True
WS:XTKS:9532,JP_N225,"OSAKA GAS CO., LTD.",9532.T,Japan,INCLUDED_RESEARCH_PARTIAL_VERIFIED_STRICT,True,True,True,False,True
WS:XTKS:9602,JP_N225,"TOHO CO., LTD",9602.T,Japan,INCLUDED_RESEARCH_PARTIAL_VERIFIED_STRICT,True,True,True,False,True
WS:XTKS:9735,JP_N225,"SECOM CO., LTD.",9735.T,Japan,INCLUDED_RESEARCH_PARTIAL_VERIFIED_STRICT,True,True,True,False,True
WS:XTKS:9766,JP_N225,KONAMI GROUP CORP.,9766.T,Japan,INCLUDED_RESEARCH_PARTIAL_VERIFIED_STRICT,True,True,True,False,True
WS:XTKS:9843,JP_N225,"NITORI HOLDINGS CO., LTD.",9843.T,Japan,INCLUDED_RESEARCH_PARTIAL_VERIFIED_STRICT,True,True,True,False,True
WS:XTKS:9983,JP_N225,"FAST RETAILING CO., LTD.",9983.T,Japan,INCLUDED_RESEARCH_PARTIAL_VERIFIED_STRICT,True,True,True,False,True
WS:XTKS:9984,JP_N225,SOFTBANK GROUP CORP.,9984.T,Japan,INCLUDED_RESEARCH_PARTIAL_VERIFIED_STRICT,True,True,True,False,True
WS:XKRX:000080,KR_KOSPI200,HiteJinro,000080.KS,South Korea,EXCLUDED_OTHER_NON_STRICT_REASON_NOT_CLASSIFIED_V0_22,True,True,False,False,False
WS:XKRX:000100,KR_KOSPI200,Yuhan,000100.KS,South Korea,EXCLUDED_OTHER_NON_STRICT_REASON_NOT_CLASSIFIED_V0_22,True,True,False,False,False
WS:XKRX:000120,KR_KOSPI200,CJ Logistics,000120.KS,South Korea,EXCLUDED_OTHER_NON_STRICT_REASON_NOT_CLASSIFIED_V0_22,True,True,False,False,False
WS:XKRX:000150,KR_KOSPI200,Doosan,000150.KS,South Korea,EXCLUDED_INSTRUMENT_TYPE_NOT_YET_STRICTLY_VERIFIED,True,True,False,True,False
WS:XKRX:000210,KR_KOSPI200,DL,000210.KS,South Korea,EXCLUDED_OTHER_NON_STRICT_REASON_NOT_CLASSIFIED_V0_22,True,True,False,False,False
WS:XKRX:000240,KR_KOSPI200,Hankook & Company,000240.KS,South Korea,EXCLUDED_OTHER_NON_STRICT_REASON_NOT_CLASSIFIED_V0_22,True,True,False,False,False
WS:XKRX:000270,KR_KOSPI200,Kia,000270.KS,South Korea,EXCLUDED_INSTRUMENT_TYPE_NOT_YET_STRICTLY_VERIFIED,True,True,False,True,False
WS:XKRX:000660,KR_KOSPI200,SK Hynix,000660.KS,South Korea,EXCLUDED_INSTRUMENT_TYPE_NOT_YET_STRICTLY_VERIFIED,True,True,False,True,False
WS:XKRX:000670,KR_KOSPI200,Young Poong,000670.KS,South Korea,EXCLUDED_OTHER_NON_STRICT_REASON_NOT_CLASSIFIED_V0_22,True,True,False,False,False
WS:XKRX:000720,KR_KOSPI200,Hyundai E&C,000720.KS,South Korea,EXCLUDED_INSTRUMENT_TYPE_NOT_YET_STRICTLY_VERIFIED,True,True,False,True,False
WS:XKRX:000810,KR_KOSPI200,Samsung Fire & Marine,000810.KS,South Korea,EXCLUDED_INSTRUMENT_TYPE_NOT_YET_STRICTLY_VERIFIED,True,True,False,True,False
WS:XKRX:000880,KR_KOSPI200,Hanwha,000880.KS,South Korea,EXCLUDED_OTHER_NON_STRICT_REASON_NOT_CLASSIFIED_V0_22,True,True,False,False,False
WS:XKRX:000990,KR_KOSPI200,DB HiTek,000990.KS,South Korea,EXCLUDED_INSTRUMENT_TYPE_NOT_YET_STRICTLY_VERIFIED,True,True,False,True,False
WS:XKRX:001040,KR_KOSPI200,CJ,001040.KS,South Korea,EXCLUDED_OTHER_NON_STRICT_REASON_NOT_CLASSIFIED_V0_22,True,True,False,False,False
WS:XKRX:001430,KR_KOSPI200,Seah Besteel,001430.KS,South Korea,EXCLUDED_OTHER_NON_STRICT_REASON_NOT_CLASSIFIED_V0_22,True,True,False,False,False
WS:XKRX:001440,KR_KOSPI200,Taihan Cable & Solution,001440.KS,South Korea,EXCLUDED_INSTRUMENT_TYPE_NOT_YET_STRICTLY_VERIFIED,True,True,False,True,False
WS:XKRX:001450,KR_KOSPI200,Hyundai Marine & Fire,001450.KS,South Korea,EXCLUDED_INSTRUMENT_TYPE_NOT_YET_STRICTLY_VERIFIED,True,True,False,True,False
WS:XKRX:001680,KR_KOSPI200,Daesang,001680.KS,South Korea,EXCLUDED_OTHER_NON_STRICT_REASON_NOT_CLASSIFIED_V0_22,True,True,False,False,False
WS:XKRX:001800,KR_KOSPI200,Orion Holdings,001800.KS,South Korea,EXCLUDED_OTHER_NON_STRICT_REASON_NOT_CLASSIFIED_V0_22,True,True,False,False,False
WS:XKRX:002030,KR_KOSPI200,Asia Holdings,002030.KS,South Korea,EXCLUDED_OTHER_NON_STRICT_REASON_NOT_CLASSIFIED_V0_22,True,True,False,False,False
WS:XKRX:002380,KR_KOSPI200,KCC,002380.KS,South Korea,EXCLUDED_OTHER_NON_STRICT_REASON_NOT_CLASSIFIED_V0_22,True,True,False,False,False
WS:XKRX:002790,KR_KOSPI200,Amorepacific Holdings,002790.KS,South Korea,EXCLUDED_OTHER_NON_STRICT_REASON_NOT_CLASSIFIED_V0_22,True,True,False,False,False
WS:XKRX:002840,KR_KOSPI200,Miwon Commercial,002840.KS,South Korea,EXCLUDED_OTHER_NON_STRICT_REASON_NOT_CLASSIFIED_V0_22,True,True,False,False,False
WS:XKRX:003030,KR_KOSPI200,Seah Steel Holdings,003030.KS,South Korea,EXCLUDED_OTHER_NON_STRICT_REASON_NOT_CLASSIFIED_V0_22,True,True,False,False,False
WS:XKRX:003090,KR_KOSPI200,Daewoong,003090.KS,South Korea,EXCLUDED_OTHER_NON_STRICT_REASON_NOT_CLASSIFIED_V0_22,True,True,False,False,False
WS:XKRX:003230,KR_KOSPI200,Samyang Foods,003230.KS,South Korea,EXCLUDED_INSTRUMENT_TYPE_NOT_YET_STRICTLY_VERIFIED,True,True,False,True,False
WS:XKRX:003240,KR_KOSPI200,Taekwang Industrial,003240.KS,South Korea,EXCLUDED_OTHER_NON_STRICT_REASON_NOT_CLASSIFIED_V0_22,True,True,False,False,False
WS:XKRX:003490,KR_KOSPI200,Korean Air,003490.KS,South Korea,EXCLUDED_INSTRUMENT_TYPE_NOT_YET_STRICTLY_VERIFIED,True,True,False,True,False
WS:XKRX:003550,KR_KOSPI200,LG,003550.KS,South Korea,EXCLUDED_INSTRUMENT_TYPE_NOT_YET_STRICTLY_VERIFIED,True,True,False,True,False
WS:XKRX:003670,KR_KOSPI200,POSCO Future M,003670.KS,South Korea,EXCLUDED_INSTRUMENT_TYPE_NOT_YET_STRICTLY_VERIFIED,True,True,False,True,False
WS:XKRX:004000,KR_KOSPI200,Lotte Fine Chemical,004000.KS,South Korea,EXCLUDED_OTHER_NON_STRICT_REASON_NOT_CLASSIFIED_V0_22,True,True,False,False,False
WS:XKRX:004020,KR_KOSPI200,Hyundai Steel,004020.KS,South Korea,EXCLUDED_OTHER_NON_STRICT_REASON_NOT_CLASSIFIED_V0_22,True,True,False,False,False
WS:XKRX:004170,KR_KOSPI200,Shinsegae,004170.KS,South Korea,EXCLUDED_INSTRUMENT_TYPE_NOT_YET_STRICTLY_VERIFIED,True,True,False,True,False
WS:XKRX:004370,KR_KOSPI200,Nongshim,004370.KS,South Korea,EXCLUDED_OTHER_NON_STRICT_REASON_NOT_CLASSIFIED_V0_22,True,True,False,False,False
WS:XKRX:004990,KR_KOSPI200,Lotte,004990.KS,South Korea,EXCLUDED_OTHER_NON_STRICT_REASON_NOT_CLASSIFIED_V0_22,True,True,False,False,False
WS:XKRX:005300,KR_KOSPI200,Lotte Chilsung,005300.KS,South Korea,EXCLUDED_OTHER_NON_STRICT_REASON_NOT_CLASSIFIED_V0_22,True,True,False,False,False
WS:XKRX:005380,KR_KOSPI200,Hyundai Motor,005380.KS,South Korea,EXCLUDED_INSTRUMENT_TYPE_NOT_YET_STRICTLY_VERIFIED,True,True,False,True,False
WS:XKRX:005420,KR_KOSPI200,Cosmo Chemical,005420.KS,South Korea,EXCLUDED_OTHER_NON_STRICT_REASON_NOT_CLASSIFIED_V0_22,True,True,False,False,False
WS:XKRX:005490,KR_KOSPI200,POSCO,005490.KS,South Korea,EXCLUDED_INSTRUMENT_TYPE_NOT_YET_STRICTLY_VERIFIED,True,True,False,True,False
WS:XKRX:005830,KR_KOSPI200,DB Insurance,005830.KS,South Korea,EXCLUDED_INSTRUMENT_TYPE_NOT_YET_STRICTLY_VERIFIED,True,True,False,True,False
WS:XKRX:005850,KR_KOSPI200,SL,005850.KS,South Korea,EXCLUDED_OTHER_NON_STRICT_REASON_NOT_CLASSIFIED_V0_22,True,True,False,False,False
WS:XKRX:005930,KR_KOSPI200,Samsung Electronics,005930.KS,South Korea,EXCLUDED_INSTRUMENT_TYPE_NOT_YET_STRICTLY_VERIFIED,True,True,False,True,False
WS:XKRX:005940,KR_KOSPI200,NH Investment & Securities,005940.KS,South Korea,EXCLUDED_OTHER_NON_STRICT_REASON_NOT_CLASSIFIED_V0_22,True,True,False,False,False
WS:XKRX:006040,KR_KOSPI200,Dongwon Industries,006040.KS,South Korea,EXCLUDED_OTHER_NON_STRICT_REASON_NOT_CLASSIFIED_V0_22,True,True,False,False,False
WS:XKRX:006260,KR_KOSPI200,LS,006260.KS,South Korea,EXCLUDED_INSTRUMENT_TYPE_NOT_YET_STRICTLY_VERIFIED,True,True,False,True,False
WS:XKRX:006280,KR_KOSPI200,Green Cross,006280.KS,South Korea,EXCLUDED_OTHER_NON_STRICT_REASON_NOT_CLASSIFIED_V0_22,True,True,False,False,False
WS:XKRX:006400,KR_KOSPI200,Samsung SDI,006400.KS,South Korea,EXCLUDED_INSTRUMENT_TYPE_NOT_YET_STRICTLY_VERIFIED,True,True,False,True,False
WS:XKRX:006650,KR_KOSPI200,Korea Petrochemical,006650.KS,South Korea,EXCLUDED_OTHER_NON_STRICT_REASON_NOT_CLASSIFIED_V0_22,True,True,False,False,False
WS:XKRX:006800,KR_KOSPI200,Mirae Asset Securities,006800.KS,South Korea,EXCLUDED_INSTRUMENT_TYPE_NOT_YET_STRICTLY_VERIFIED,True,True,False,True,False
WS:XKRX:007070,KR_KOSPI200,GS Retail,007070.KS,South Korea,EXCLUDED_OTHER_NON_STRICT_REASON_NOT_CLASSIFIED_V0_22,True,True,False,False,False
WS:XKRX:007310,KR_KOSPI200,Ottogi,007310.KS,South Korea,EXCLUDED_OTHER_NON_STRICT_REASON_NOT_CLASSIFIED_V0_22,True,True,False,False,False
WS:XKRX:007340,KR_KOSPI200,DN Automotive,007340.KS,South Korea,EXCLUDED_OTHER_NON_STRICT_REASON_NOT_CLASSIFIED_V0_22,True,True,False,False,False
WS:XKRX:007660,KR_KOSPI200,Isu Petasys,007660.KS,South Korea,EXCLUDED_INSTRUMENT_TYPE_NOT_YET_STRICTLY_VERIFIED,True,True,False,True,False
WS:XKRX:008730,KR_KOSPI200,Youlchon Chemical,008730.KS,South Korea,EXCLUDED_OTHER_NON_STRICT_REASON_NOT_CLASSIFIED_V0_22,True,True,False,False,False
WS:XKRX:008770,KR_KOSPI200,Hotel Shilla,008770.KS,South Korea,EXCLUDED_OTHER_NON_STRICT_REASON_NOT_CLASSIFIED_V0_22,True,True,False,False,False
WS:XKRX:008930,KR_KOSPI200,Hanmi Science,008930.KS,South Korea,EXCLUDED_OTHER_NON_STRICT_REASON_NOT_CLASSIFIED_V0_22,True,True,False,False,False
WS:XKRX:009150,KR_KOSPI200,Samsung Electro-Mechanics,009150.KS,South Korea,EXCLUDED_INSTRUMENT_TYPE_NOT_YET_STRICTLY_VERIFIED,True,True,False,True,False
WS:XKRX:009240,KR_KOSPI200,Hanssem,009240.KS,South Korea,EXCLUDED_OTHER_NON_STRICT_REASON_NOT_CLASSIFIED_V0_22,True,True,False,False,False
WS:XKRX:009420,KR_KOSPI200,Hanall Biopharma,009420.KS,South Korea,EXCLUDED_OTHER_NON_STRICT_REASON_NOT_CLASSIFIED_V0_22,True,True,False,False,False
WS:XKRX:009540,KR_KOSPI200,HD KSOE,009540.KS,South Korea,EXCLUDED_INSTRUMENT_TYPE_NOT_YET_STRICTLY_VERIFIED,True,True,False,True,False
WS:XKRX:009830,KR_KOSPI200,Hanwha Solutions,009830.KS,South Korea,EXCLUDED_INSTRUMENT_TYPE_NOT_YET_STRICTLY_VERIFIED,True,True,False,True,False
WS:XKRX:009970,KR_KOSPI200,Youngone Holdings,009970.KS,South Korea,EXCLUDED_OTHER_NON_STRICT_REASON_NOT_CLASSIFIED_V0_22,True,True,False,False,False
WS:XKRX:010060,KR_KOSPI200,OCI Holdings,010060.KS,South Korea,EXCLUDED_INSTRUMENT_TYPE_NOT_YET_STRICTLY_VERIFIED,True,True,False,True,False
WS:XKRX:010120,KR_KOSPI200,LS Electric,010120.KS,South Korea,EXCLUDED_INSTRUMENT_TYPE_NOT_YET_STRICTLY_VERIFIED,True,True,False,True,False
WS:XKRX:010130,KR_KOSPI200,Korea Zinc,010130.KS,South Korea,EXCLUDED_INSTRUMENT_TYPE_NOT_YET_STRICTLY_VERIFIED,True,True,False,True,False
WS:XKRX:010140,KR_KOSPI200,Samsung Heavy Industries,010140.KS,South Korea,EXCLUDED_INSTRUMENT_TYPE_NOT_YET_STRICTLY_VERIFIED,True,True,False,True,False
WS:XKRX:010950,KR_KOSPI200,S-Oil,010950.KS,South Korea,EXCLUDED_INSTRUMENT_TYPE_NOT_YET_STRICTLY_VERIFIED,True,True,False,True,False
WS:XKRX:011070,KR_KOSPI200,LG Innotek,011070.KS,South Korea,EXCLUDED_INSTRUMENT_TYPE_NOT_YET_STRICTLY_VERIFIED,True,True,False,True,False
WS:XKRX:011170,KR_KOSPI200,Lotte Chemical,011170.KS,South Korea,EXCLUDED_OTHER_NON_STRICT_REASON_NOT_CLASSIFIED_V0_22,True,True,False,False,False
WS:XKRX:011200,KR_KOSPI200,HMM,011200.KS,South Korea,EXCLUDED_INSTRUMENT_TYPE_NOT_YET_STRICTLY_VERIFIED,True,True,False,True,False
WS:XKRX:011210,KR_KOSPI200,Hyundai WIA,011210.KS,South Korea,EXCLUDED_OTHER_NON_STRICT_REASON_NOT_CLASSIFIED_V0_22,True,True,False,False,False
WS:XKRX:011780,KR_KOSPI200,Kumho Petrochemical,011780.KS,South Korea,EXCLUDED_OTHER_NON_STRICT_REASON_NOT_CLASSIFIED_V0_22,True,True,False,False,False
WS:XKRX:011790,KR_KOSPI200,SKC,011790.KS,South Korea,EXCLUDED_OTHER_NON_STRICT_REASON_NOT_CLASSIFIED_V0_22,True,True,False,False,False
WS:XKRX:012330,KR_KOSPI200,Hyundai Mobis,012330.KS,South Korea,EXCLUDED_INSTRUMENT_TYPE_NOT_YET_STRICTLY_VERIFIED,True,True,False,True,False
WS:XKRX:012450,KR_KOSPI200,Hanwha Aerospace,012450.KS,South Korea,EXCLUDED_INSTRUMENT_TYPE_NOT_YET_STRICTLY_VERIFIED,True,True,False,True,False
WS:XKRX:0126Z0,KR_KOSPI200,Samsung Epis,0126Z0.KS,South Korea,EXCLUDED_OTHER_NON_STRICT_REASON_NOT_CLASSIFIED_V0_22,True,True,False,False,False
WS:XKRX:012750,KR_KOSPI200,S-1,012750.KS,South Korea,EXCLUDED_OTHER_NON_STRICT_REASON_NOT_CLASSIFIED_V0_22,True,True,False,False,False
WS:XKRX:014680,KR_KOSPI200,Hansol Chemical,014680.KS,South Korea,EXCLUDED_OTHER_NON_STRICT_REASON_NOT_CLASSIFIED_V0_22,True,True,False,False,False
WS:XKRX:014820,KR_KOSPI200,Dongwon Systems,014820.KS,South Korea,EXCLUDED_OTHER_NON_STRICT_REASON_NOT_CLASSIFIED_V0_22,True,True,False,False,False
WS:XKRX:015760,KR_KOSPI200,KEPCO,015760.KS,South Korea,EXCLUDED_INSTRUMENT_TYPE_NOT_YET_STRICTLY_VERIFIED,True,True,False,True,False
WS:XKRX:016360,KR_KOSPI200,Samsung Securities,016360.KS,South Korea,EXCLUDED_INSTRUMENT_TYPE_NOT_YET_STRICTLY_VERIFIED,True,True,False,True,False
WS:XKRX:017670,KR_KOSPI200,SK Telecom,017670.KS,South Korea,EXCLUDED_INSTRUMENT_TYPE_NOT_YET_STRICTLY_VERIFIED,True,True,False,True,False
WS:XKRX:017800,KR_KOSPI200,Hyundai Elevator,017800.KS,South Korea,EXCLUDED_OTHER_NON_STRICT_REASON_NOT_CLASSIFIED_V0_22,True,True,False,False,False
WS:XKRX:017960,KR_KOSPI200,Hankuk Carbon,017960.KS,South Korea,EXCLUDED_OTHER_NON_STRICT_REASON_NOT_CLASSIFIED_V0_22,True,True,False,False,False
WS:XKRX:018260,KR_KOSPI200,Samsung SDS,018260.KS,South Korea,EXCLUDED_INSTRUMENT_TYPE_NOT_YET_STRICTLY_VERIFIED,True,True,False,True,False
WS:XKRX:018880,KR_KOSPI200,Hanon Systems,018880.KS,South Korea,EXCLUDED_OTHER_NON_STRICT_REASON_NOT_CLASSIFIED_V0_22,True,True,False,False,False
WS:XKRX:021240,KR_KOSPI200,Coway,021240.KS,South Korea,EXCLUDED_OTHER_NON_STRICT_REASON_NOT_CLASSIFIED_V0_22,True,True,False,False,False
WS:XKRX:022100,KR_KOSPI200,POSCO DX,022100.KS,South Korea,EXCLUDED_OTHER_NON_STRICT_REASON_NOT_CLASSIFIED_V0_22,True,True,False,False,False
WS:XKRX:023530,KR_KOSPI200,Lotte Shopping,023530.KS,South Korea,EXCLUDED_OTHER_NON_STRICT_REASON_NOT_CLASSIFIED_V0_22,True,True,False,False,False
WS:XKRX:024110,KR_KOSPI200,Industrial Bank of Korea,024110.KS,South Korea,EXCLUDED_OTHER_NON_STRICT_REASON_NOT_CLASSIFIED_V0_22,True,True,False,False,False
WS:XKRX:026960,KR_KOSPI200,Dongsuh,026960.KS,South Korea,EXCLUDED_OTHER_NON_STRICT_REASON_NOT_CLASSIFIED_V0_22,True,True,False,False,False
WS:XKRX:028050,KR_KOSPI200,Samsung E&A,028050.KS,South Korea,EXCLUDED_INSTRUMENT_TYPE_NOT_YET_STRICTLY_VERIFIED,True,True,False,True,False
WS:XKRX:028260,KR_KOSPI200,Samsung C&T,028260.KS,South Korea,EXCLUDED_INSTRUMENT_TYPE_NOT_YET_STRICTLY_VERIFIED,True,True,False,True,False
WS:XKRX:028670,KR_KOSPI200,Pan Ocean,028670.KS,South Korea,EXCLUDED_OTHER_NON_STRICT_REASON_NOT_CLASSIFIED_V0_22,True,True,False,False,False
WS:XKRX:029780,KR_KOSPI200,Samsung Card,029780.KS,South Korea,EXCLUDED_OTHER_NON_STRICT_REASON_NOT_CLASSIFIED_V0_22,True,True,False,False,False
WS:XKRX:030000,KR_KOSPI200,Cheil Worldwide,030000.KS,South Korea,EXCLUDED_OTHER_NON_STRICT_REASON_NOT_CLASSIFIED_V0_22,True,True,False,False,False
WS:XKRX:030200,KR_KOSPI200,KT,030200.KS,South Korea,EXCLUDED_OTHER_NON_STRICT_REASON_NOT_CLASSIFIED_V0_22,True,True,False,False,False
WS:XKRX:032640,KR_KOSPI200,LG Uplus,032640.KS,South Korea,EXCLUDED_OTHER_NON_STRICT_REASON_NOT_CLASSIFIED_V0_22,True,True,False,False,False
WS:XKRX:032830,KR_KOSPI200,Samsung Life,032830.KS,South Korea,EXCLUDED_INSTRUMENT_TYPE_NOT_YET_STRICTLY_VERIFIED,True,True,False,True,False
WS:XKRX:033780,KR_KOSPI200,KT&G,033780.KS,South Korea,EXCLUDED_INSTRUMENT_TYPE_NOT_YET_STRICTLY_VERIFIED,True,True,False,True,False
WS:XKRX:034020,KR_KOSPI200,Doosan Enerbility,034020.KS,South Korea,EXCLUDED_INSTRUMENT_TYPE_NOT_YET_STRICTLY_VERIFIED,True,True,False,True,False
WS:XKRX:034220,KR_KOSPI200,LG Display,034220.KS,South Korea,EXCLUDED_INSTRUMENT_TYPE_NOT_YET_STRICTLY_VERIFIED,True,True,False,True,False
WS:XKRX:034230,KR_KOSPI200,Paradise,034230.KS,South Korea,EXCLUDED_OTHER_NON_STRICT_REASON_NOT_CLASSIFIED_V0_22,True,True,False,False,False
WS:XKRX:034730,KR_KOSPI200,SK,034730.KS,South Korea,EXCLUDED_INSTRUMENT_TYPE_NOT_YET_STRICTLY_VERIFIED,True,True,False,True,False
WS:XKRX:035250,KR_KOSPI200,Kangwon Land,035250.KS,South Korea,EXCLUDED_OTHER_NON_STRICT_REASON_NOT_CLASSIFIED_V0_22,True,True,False,False,False
WS:XKRX:035420,KR_KOSPI200,Naver,035420.KS,South Korea,EXCLUDED_INSTRUMENT_TYPE_NOT_YET_STRICTLY_VERIFIED,True,True,False,True,False
WS:XKRX:035720,KR_KOSPI200,Kakao,035720.KS,South Korea,EXCLUDED_INSTRUMENT_TYPE_NOT_YET_STRICTLY_VERIFIED,True,True,False,True,False
WS:XKRX:036460,KR_KOSPI200,Korea Gas,036460.KS,South Korea,EXCLUDED_OTHER_NON_STRICT_REASON_NOT_CLASSIFIED_V0_22,True,True,False,False,False
WS:XKRX:036570,KR_KOSPI200,NC,036570.KS,South Korea,EXCLUDED_OTHER_NON_STRICT_REASON_NOT_CLASSIFIED_V0_22,True,True,False,False,False
WS:XKRX:039490,KR_KOSPI200,Kiwoom Securities,039490.KS,South Korea,EXCLUDED_INSTRUMENT_TYPE_NOT_YET_STRICTLY_VERIFIED,True,True,False,True,False
WS:XKRX:042660,KR_KOSPI200,Hanwha Ocean,042660.KS,South Korea,EXCLUDED_INSTRUMENT_TYPE_NOT_YET_STRICTLY_VERIFIED,True,True,False,True,False
WS:XKRX:042700,KR_KOSPI200,Hanmi Semiconductor,042700.KS,South Korea,EXCLUDED_INSTRUMENT_TYPE_NOT_YET_STRICTLY_VERIFIED,True,True,False,True,False
WS:XKRX:047040,KR_KOSPI200,Daewoo E&C,047040.KS,South Korea,EXCLUDED_INSTRUMENT_TYPE_NOT_YET_STRICTLY_VERIFIED,True,True,False,True,False
WS:XKRX:047050,KR_KOSPI200,POSCO International,047050.KS,South Korea,EXCLUDED_OTHER_NON_STRICT_REASON_NOT_CLASSIFIED_V0_22,True,True,False,False,False
WS:XKRX:047810,KR_KOSPI200,Korea Aerospace,047810.KS,South Korea,EXCLUDED_INSTRUMENT_TYPE_NOT_YET_STRICTLY_VERIFIED,True,True,False,True,False
WS:XKRX:051600,KR_KOSPI200,KEPCO KPS,051600.KS,South Korea,EXCLUDED_OTHER_NON_STRICT_REASON_NOT_CLASSIFIED_V0_22,True,True,False,False,False
WS:XKRX:051900,KR_KOSPI200,LG H&H,051900.KS,South Korea,EXCLUDED_INSTRUMENT_TYPE_NOT_YET_STRICTLY_VERIFIED,True,True,False,True,False
WS:XKRX:051910,KR_KOSPI200,LG Chem,051910.KS,South Korea,EXCLUDED_INSTRUMENT_TYPE_NOT_YET_STRICTLY_VERIFIED,True,True,False,True,False
WS:XKRX:052690,KR_KOSPI200,KEPCO E&C,052690.KS,South Korea,EXCLUDED_OTHER_NON_STRICT_REASON_NOT_CLASSIFIED_V0_22,True,True,False,False,False
WS:XKRX:055550,KR_KOSPI200,Shinhan Financial,055550.KS,South Korea,EXCLUDED_INSTRUMENT_TYPE_NOT_YET_STRICTLY_VERIFIED,True,True,False,True,False
WS:XKRX:062040,KR_KOSPI200,Sanil Electric,062040.KS,South Korea,EXCLUDED_INSTRUMENT_TYPE_NOT_YET_STRICTLY_VERIFIED,True,True,False,True,False
WS:XKRX:064350,KR_KOSPI200,Hyundai Rotem,064350.KS,South Korea,EXCLUDED_INSTRUMENT_TYPE_NOT_YET_STRICTLY_VERIFIED,True,True,False,True,False
WS:XKRX:064400,KR_KOSPI200,LG CNS,064400.KS,South Korea,EXCLUDED_INSTRUMENT_TYPE_NOT_YET_STRICTLY_VERIFIED,True,True,False,True,False
WS:XKRX:066570,KR_KOSPI200,LG Electronics,066570.KS,South Korea,EXCLUDED_INSTRUMENT_TYPE_NOT_YET_STRICTLY_VERIFIED,True,True,False,True,False
WS:XKRX:066970,KR_KOSPI200,L&F,066970.KS,South Korea,EXCLUDED_INSTRUMENT_TYPE_NOT_YET_STRICTLY_VERIFIED,True,True,False,True,False
WS:XKRX:068270,KR_KOSPI200,Celltrion,068270.KS,South Korea,EXCLUDED_INSTRUMENT_TYPE_NOT_YET_STRICTLY_VERIFIED,True,True,False,True,False
WS:XKRX:069260,KR_KOSPI200,TKG Huchems,069260.KS,South Korea,EXCLUDED_OTHER_NON_STRICT_REASON_NOT_CLASSIFIED_V0_22,True,True,False,False,False
WS:XKRX:069620,KR_KOSPI200,Daewoong Pharmaceutical,069620.KS,South Korea,EXCLUDED_OTHER_NON_STRICT_REASON_NOT_CLASSIFIED_V0_22,True,True,False,False,False
WS:XKRX:069960,KR_KOSPI200,Hyundai Department Store,069960.KS,South Korea,EXCLUDED_OTHER_NON_STRICT_REASON_NOT_CLASSIFIED_V0_22,True,True,False,False,False
WS:XKRX:071050,KR_KOSPI200,Korea Investment,071050.KS,South Korea,EXCLUDED_INSTRUMENT_TYPE_NOT_YET_STRICTLY_VERIFIED,True,True,False,True,False
WS:XKRX:071320,KR_KOSPI200,Korea District Heating,071320.KS,South Korea,EXCLUDED_OTHER_NON_STRICT_REASON_NOT_CLASSIFIED_V0_22,True,True,False,False,False
WS:XKRX:071970,KR_KOSPI200,HD Hyundai Marine Engine,071970.KS,South Korea,EXCLUDED_OTHER_NON_STRICT_REASON_NOT_CLASSIFIED_V0_22,True,True,False,False,False
WS:XKRX:073240,KR_KOSPI200,Kumho Tire,073240.KS,South Korea,EXCLUDED_INSTRUMENT_TYPE_NOT_YET_STRICTLY_VERIFIED,True,True,False,True,False
WS:XKRX:078930,KR_KOSPI200,GS,078930.KS,South Korea,EXCLUDED_INSTRUMENT_TYPE_NOT_YET_STRICTLY_VERIFIED,True,True,False,True,False
WS:XKRX:079550,KR_KOSPI200,LIG Nex1,079550.KS,South Korea,EXCLUDED_INSTRUMENT_TYPE_NOT_YET_STRICTLY_VERIFIED,True,True,False,True,False
WS:XKRX:081660,KR_KOSPI200,Misto,081660.KS,South Korea,EXCLUDED_OTHER_NON_STRICT_REASON_NOT_CLASSIFIED_V0_22,True,True,False,False,False
WS:XKRX:082740,KR_KOSPI200,Hanwha Engine,082740.KS,South Korea,EXCLUDED_INSTRUMENT_TYPE_NOT_YET_STRICTLY_VERIFIED,True,True,False,True,False
WS:XKRX:086280,KR_KOSPI200,Hyundai Glovis,086280.KS,South Korea,EXCLUDED_INSTRUMENT_TYPE_NOT_YET_STRICTLY_VERIFIED,True,True,False,True,False
WS:XKRX:086790,KR_KOSPI200,Hana Financial,086790.KS,South Korea,EXCLUDED_INSTRUMENT_TYPE_NOT_YET_STRICTLY_VERIFIED,True,True,False,True,False
WS:XKRX:088350,KR_KOSPI200,Hanwha Life,088350.KS,South Korea,EXCLUDED_OTHER_NON_STRICT_REASON_NOT_CLASSIFIED_V0_22,True,True,False,False,False
WS:XKRX:090430,KR_KOSPI200,Amorepacific,090430.KS,South Korea,EXCLUDED_INSTRUMENT_TYPE_NOT_YET_STRICTLY_VERIFIED,True,True,False,True,False
WS:XKRX:093370,KR_KOSPI200,Foosung,093370.KS,South Korea,EXCLUDED_INSTRUMENT_TYPE_NOT_YET_STRICTLY_VERIFIED,True,True,False,True,False
WS:XKRX:096770,KR_KOSPI200,SK Innovation,096770.KS,South Korea,EXCLUDED_INSTRUMENT_TYPE_NOT_YET_STRICTLY_VERIFIED,True,True,False,True,False
WS:XKRX:097950,KR_KOSPI200,CJ CheilJedang,097950.KS,South Korea,EXCLUDED_OTHER_NON_STRICT_REASON_NOT_CLASSIFIED_V0_22,True,True,False,False,False
WS:XKRX:103140,KR_KOSPI200,Poongsan,103140.KS,South Korea,EXCLUDED_OTHER_NON_STRICT_REASON_NOT_CLASSIFIED_V0_22,True,True,False,False,False
WS:XKRX:105560,KR_KOSPI200,KB Financial,105560.KS,South Korea,EXCLUDED_INSTRUMENT_TYPE_NOT_YET_STRICTLY_VERIFIED,True,True,False,True,False
WS:XKRX:111770,KR_KOSPI200,Youngone,111770.KS,South Korea,EXCLUDED_OTHER_NON_STRICT_REASON_NOT_CLASSIFIED_V0_22,True,True,False,False,False
WS:XKRX:112610,KR_KOSPI200,CS Wind,112610.KS,South Korea,EXCLUDED_OTHER_NON_STRICT_REASON_NOT_CLASSIFIED_V0_22,True,True,False,False,False
WS:XKRX:120110,KR_KOSPI200,Kolon Industries,120110.KS,South Korea,EXCLUDED_OTHER_NON_STRICT_REASON_NOT_CLASSIFIED_V0_22,True,True,False,False,False
WS:XKRX:128940,KR_KOSPI200,Hanmi Pharm,128940.KS,South Korea,EXCLUDED_INSTRUMENT_TYPE_NOT_YET_STRICTLY_VERIFIED,True,True,False,True,False
WS:XKRX:137310,KR_KOSPI200,SD Biosensor,137310.KS,South Korea,EXCLUDED_OTHER_NON_STRICT_REASON_NOT_CLASSIFIED_V0_22,True,True,False,False,False
WS:XKRX:138040,KR_KOSPI200,Meritz Financial,138040.KS,South Korea,EXCLUDED_INSTRUMENT_TYPE_NOT_YET_STRICTLY_VERIFIED,True,True,False,True,False
WS:XKRX:138930,KR_KOSPI200,BNK Financial,138930.KS,South Korea,EXCLUDED_OTHER_NON_STRICT_REASON_NOT_CLASSIFIED_V0_22,True,True,False,False,False
WS:XKRX:139130,KR_KOSPI200,IM Financial,139130.KS,South Korea,EXCLUDED_OTHER_NON_STRICT_REASON_NOT_CLASSIFIED_V0_22,True,True,False,False,False
WS:XKRX:139480,KR_KOSPI200,Emart,139480.KS,South Korea,EXCLUDED_OTHER_NON_STRICT_REASON_NOT_CLASSIFIED_V0_22,True,True,False,False,False
WS:XKRX:161390,KR_KOSPI200,Hankook,161390.KS,South Korea,EXCLUDED_OTHER_NON_STRICT_REASON_NOT_CLASSIFIED_V0_22,True,True,False,False,False
WS:XKRX:161890,KR_KOSPI200,Kolmar Korea,161890.KS,South Korea,EXCLUDED_INSTRUMENT_TYPE_NOT_YET_STRICTLY_VERIFIED,True,True,False,True,False
WS:XKRX:175330,KR_KOSPI200,JB Financial,175330.KS,South Korea,EXCLUDED_OTHER_NON_STRICT_REASON_NOT_CLASSIFIED_V0_22,True,True,False,False,False
WS:XKRX:180640,KR_KOSPI200,Hanjin KAL,180640.KS,South Korea,EXCLUDED_OTHER_NON_STRICT_REASON_NOT_CLASSIFIED_V0_22,True,True,False,False,False
WS:XKRX:185750,KR_KOSPI200,Chong Kun Dang,185750.KS,South Korea,EXCLUDED_OTHER_NON_STRICT_REASON_NOT_CLASSIFIED_V0_22,True,True,False,False,False
WS:XKRX:192080,KR_KOSPI200,DoubleU Games,192080.KS,South Korea,EXCLUDED_OTHER_NON_STRICT_REASON_NOT_CLASSIFIED_V0_22,True,True,False,False,False
WS:XKRX:192820,KR_KOSPI200,Cosmax,192820.KS,South Korea,EXCLUDED_INSTRUMENT_TYPE_NOT_YET_STRICTLY_VERIFIED,True,True,False,True,False
WS:XKRX:204320,KR_KOSPI200,HL Mando,204320.KS,South Korea,EXCLUDED_INSTRUMENT_TYPE_NOT_YET_STRICTLY_VERIFIED,True,True,False,True,False
WS:XKRX:207940,KR_KOSPI200,Samsung Biologics,207940.KS,South Korea,EXCLUDED_INSTRUMENT_TYPE_NOT_YET_STRICTLY_VERIFIED,True,True,False,True,False
WS:XKRX:241560,KR_KOSPI200,Doosan Bobcat,241560.KS,South Korea,EXCLUDED_OTHER_NON_STRICT_REASON_NOT_CLASSIFIED_V0_22,True,True,False,False,False
WS:XKRX:251270,KR_KOSPI200,Netmarble,251270.KS,South Korea,EXCLUDED_OTHER_NON_STRICT_REASON_NOT_CLASSIFIED_V0_22,True,True,False,False,False
WS:XKRX:259960,KR_KOSPI200,Krafton,259960.KS,South Korea,EXCLUDED_INSTRUMENT_TYPE_NOT_YET_STRICTLY_VERIFIED,True,True,False,True,False
WS:XKRX:267250,KR_KOSPI200,HD Hyundai,267250.KS,South Korea,EXCLUDED_INSTRUMENT_TYPE_NOT_YET_STRICTLY_VERIFIED,True,True,False,True,False
WS:XKRX:267260,KR_KOSPI200,HD Hyundai Electric,267260.KS,South Korea,EXCLUDED_INSTRUMENT_TYPE_NOT_YET_STRICTLY_VERIFIED,True,True,False,True,False
WS:XKRX:267270,KR_KOSPI200,HD Construction Equipment,267270.KS,South Korea,EXCLUDED_INSTRUMENT_TYPE_NOT_YET_STRICTLY_VERIFIED,True,True,False,True,False
WS:XKRX:268280,KR_KOSPI200,Miwon Specialty Chemical,268280.KS,South Korea,EXCLUDED_OTHER_NON_STRICT_REASON_NOT_CLASSIFIED_V0_22,True,True,False,False,False
WS:XKRX:271560,KR_KOSPI200,Orion,271560.KS,South Korea,EXCLUDED_OTHER_NON_STRICT_REASON_NOT_CLASSIFIED_V0_22,True,True,False,False,False
WS:XKRX:272210,KR_KOSPI200,Hanwha Systems,272210.KS,South Korea,EXCLUDED_INSTRUMENT_TYPE_NOT_YET_STRICTLY_VERIFIED,True,True,False,True,False
WS:XKRX:278470,KR_KOSPI200,APR,278470.KS,South Korea,EXCLUDED_INSTRUMENT_TYPE_NOT_YET_STRICTLY_VERIFIED,True,True,False,True,False
WS:XKRX:280360,KR_KOSPI200,Lotte Wellfood,280360.KS,South Korea,EXCLUDED_OTHER_NON_STRICT_REASON_NOT_CLASSIFIED_V0_22,True,True,False,False,False
WS:XKRX:282330,KR_KOSPI200,BGF Retail,282330.KS,South Korea,EXCLUDED_OTHER_NON_STRICT_REASON_NOT_CLASSIFIED_V0_22,True,True,False,False,False
WS:XKRX:285130,KR_KOSPI200,SK Chemicals,285130.KS,South Korea,EXCLUDED_OTHER_NON_STRICT_REASON_NOT_CLASSIFIED_V0_22,True,True,False,False,False
WS:XKRX:298020,KR_KOSPI200,Hyosung TNC,298020.KS,South Korea,EXCLUDED_OTHER_NON_STRICT_REASON_NOT_CLASSIFIED_V0_22,True,True,False,False,False
WS:XKRX:298040,KR_KOSPI200,Hyosung Heavy Industries,298040.KS,South Korea,EXCLUDED_INSTRUMENT_TYPE_NOT_YET_STRICTLY_VERIFIED,True,True,False,True,False
WS:XKRX:298050,KR_KOSPI200,HS Hyosung Advanced Materials,298050.KS,South Korea,EXCLUDED_OTHER_NON_STRICT_REASON_NOT_CLASSIFIED_V0_22,True,True,False,False,False
WS:XKRX:300720,KR_KOSPI200,Hanil Cement,300720.KS,South Korea,EXCLUDED_OTHER_NON_STRICT_REASON_NOT_CLASSIFIED_V0_22,True,True,False,False,False
WS:XKRX:302440,KR_KOSPI200,SK Bioscience,302440.KS,South Korea,EXCLUDED_OTHER_NON_STRICT_REASON_NOT_CLASSIFIED_V0_22,True,True,False,False,False
WS:XKRX:307950,KR_KOSPI200,Hyundai AutoEver,307950.KS,South Korea,EXCLUDED_INSTRUMENT_TYPE_NOT_YET_STRICTLY_VERIFIED,True,True,False,True,False
WS:XKRX:316140,KR_KOSPI200,Woori Financial,316140.KS,South Korea,EXCLUDED_INSTRUMENT_TYPE_NOT_YET_STRICTLY_VERIFIED,True,True,False,True,False
WS:XKRX:323410,KR_KOSPI200,KakaoBank,323410.KS,South Korea,EXCLUDED_OTHER_NON_STRICT_REASON_NOT_CLASSIFIED_V0_22,True,True,False,False,False
WS:XKRX:326030,KR_KOSPI200,SK Biopharm,326030.KS,South Korea,EXCLUDED_OTHER_NON_STRICT_REASON_NOT_CLASSIFIED_V0_22,True,True,False,False,False
WS:XKRX:329180,KR_KOSPI200,HD Hyundai Heavy Industries,329180.KS,South Korea,EXCLUDED_INSTRUMENT_TYPE_NOT_YET_STRICTLY_VERIFIED,True,True,False,True,False
WS:XKRX:352820,KR_KOSPI200,Hybe,352820.KS,South Korea,EXCLUDED_INSTRUMENT_TYPE_NOT_YET_STRICTLY_VERIFIED,True,True,False,True,False
WS:XKRX:361610,KR_KOSPI200,SK IE Technology,361610.KS,South Korea,EXCLUDED_OTHER_NON_STRICT_REASON_NOT_CLASSIFIED_V0_22,True,True,False,False,False
WS:XKRX:373220,KR_KOSPI200,LG Energy Solution,373220.KS,South Korea,EXCLUDED_INSTRUMENT_TYPE_NOT_YET_STRICTLY_VERIFIED,True,True,False,True,False
WS:XKRX:375500,KR_KOSPI200,DL E&C,375500.KS,South Korea,EXCLUDED_OTHER_NON_STRICT_REASON_NOT_CLASSIFIED_V0_22,True,True,False,False,False
WS:XKRX:377300,KR_KOSPI200,KakaoPay,377300.KS,South Korea,EXCLUDED_OTHER_NON_STRICT_REASON_NOT_CLASSIFIED_V0_22,True,True,False,False,False
WS:XKRX:383220,KR_KOSPI200,F&F,383220.KS,South Korea,EXCLUDED_OTHER_NON_STRICT_REASON_NOT_CLASSIFIED_V0_22,True,True,False,False,False
WS:XKRX:402340,KR_KOSPI200,SK Square,402340.KS,South Korea,EXCLUDED_INSTRUMENT_TYPE_NOT_YET_STRICTLY_VERIFIED,True,True,False,True,False
WS:XKRX:443060,KR_KOSPI200,HD Hyundai Marine Solution,443060.KS,South Korea,EXCLUDED_OTHER_NON_STRICT_REASON_NOT_CLASSIFIED_V0_22,True,True,False,False,False
WS:XKRX:450080,KR_KOSPI200,Ecopro Materials,450080.KS,South Korea,EXCLUDED_OTHER_NON_STRICT_REASON_NOT_CLASSIFIED_V0_22,True,True,False,False,False
WS:XKRX:454910,KR_KOSPI200,Doosan Robotics,454910.KS,South Korea,EXCLUDED_INSTRUMENT_TYPE_NOT_YET_STRICTLY_VERIFIED,True,True,False,True,False
WS:XKRX:456040,KR_KOSPI200,OCI,456040.KS,South Korea,EXCLUDED_OTHER_NON_STRICT_REASON_NOT_CLASSIFIED_V0_22,True,True,False,False,False
WS:XKRX:457190,KR_KOSPI200,Isu Specialty Chemical,457190.KS,South Korea,EXCLUDED_OTHER_NON_STRICT_REASON_NOT_CLASSIFIED_V0_22,True,True,False,False,False
WS:XKRX:483650,KR_KOSPI200,d'Alba Global,483650.KS,South Korea,EXCLUDED_INSTRUMENT_TYPE_NOT_YET_STRICTLY_VERIFIED,True,True,False,True,False
WS:XMEX:AC,MX_IPC,Arca Continental,AC.MX,Mexico,EXCLUDED_INSTRUMENT_TYPE_NOT_YET_STRICTLY_VERIFIED,True,True,False,True,False
WS:XMEX:ALFAA,MX_IPC,ALFA,ALFAA.MX,Mexico,EXCLUDED_OTHER_NON_STRICT_REASON_NOT_CLASSIFIED_V0_22,True,True,False,False,False
WS:XMEX:ALSEA,MX_IPC,Alsea,ALSEA.MX,Mexico,EXCLUDED_OTHER_NON_STRICT_REASON_NOT_CLASSIFIED_V0_22,True,True,False,False,False
WS:XMEX:AMXB,MX_IPC,América Móvil,AMXB.MX,Mexico,EXCLUDED_INSTRUMENT_TYPE_NOT_YET_STRICTLY_VERIFIED,True,True,False,True,False
WS:XMEX:ASURB,MX_IPC,Grupo Aeroportuario del Sureste,ASURB.MX,Mexico,EXCLUDED_OTHER_NON_STRICT_REASON_NOT_CLASSIFIED_V0_22,True,True,False,False,False
WS:XMEX:BBAJIOO,MX_IPC,Banco del Bajío,BBAJIOO.MX,Mexico,EXCLUDED_OTHER_NON_STRICT_REASON_NOT_CLASSIFIED_V0_22,True,True,False,False,False
WS:XMEX:BIMBOA,MX_IPC,Grupo Bimbo,BIMBOA.MX,Mexico,EXCLUDED_OTHER_NON_STRICT_REASON_NOT_CLASSIFIED_V0_22,True,True,False,False,False
WS:XMEX:BOLSAA,MX_IPC,Bolsa Mexicana de Valores,BOLSAA.MX,Mexico,EXCLUDED_OTHER_NON_STRICT_REASON_NOT_CLASSIFIED_V0_22,True,True,False,False,False
WS:XMEX:CEMEXCPO,MX_IPC,Cemex,CEMEXCPO.MX,Mexico,EXCLUDED_OTHER_NON_STRICT_REASON_NOT_CLASSIFIED_V0_22,True,True,False,False,False
WS:XMEX:CUERVO,MX_IPC,Becle,CUERVO.MX,Mexico,EXCLUDED_OTHER_NON_STRICT_REASON_NOT_CLASSIFIED_V0_22,True,True,False,False,False
WS:XMEX:ELEKTRA,MX_IPC,Grupo Elektra,ELEKTRA.MX,Mexico,ABSENT_FROM_V0_14_FULL_ELIGIBILITY_REASON_NOT_CLASSIFIED_V0_22,True,False,False,False,False
WS:XMEX:FEMSAUBD,MX_IPC,FEMSA,FEMSAUBD.MX,Mexico,EXCLUDED_INSTRUMENT_TYPE_NOT_YET_STRICTLY_VERIFIED,True,True,False,True,False
WS:XMEX:GAPB,MX_IPC,Grupo Aeroportuario del Pacífico,GAPB.MX,Mexico,EXCLUDED_OTHER_NON_STRICT_REASON_NOT_CLASSIFIED_V0_22,True,True,False,False,False
WS:XMEX:GCARSOA1,MX_IPC,Grupo Carso,GCARSOA1.MX,Mexico,EXCLUDED_OTHER_NON_STRICT_REASON_NOT_CLASSIFIED_V0_22,True,True,False,False,False
WS:XMEX:GCC,MX_IPC,Grupo Cementos de Chihuahua,GCC.MX,Mexico,EXCLUDED_OTHER_NON_STRICT_REASON_NOT_CLASSIFIED_V0_22,True,True,False,False,False
WS:XMEX:GFINBURO,MX_IPC,Inbursa,GFINBURO.MX,Mexico,EXCLUDED_OTHER_NON_STRICT_REASON_NOT_CLASSIFIED_V0_22,True,True,False,False,False
WS:XMEX:GFNORTEO,MX_IPC,Banorte,GFNORTEO.MX,Mexico,EXCLUDED_INSTRUMENT_TYPE_NOT_YET_STRICTLY_VERIFIED,True,True,False,True,False
WS:XMEX:GMEXICOB,MX_IPC,Grupo México,GMEXICOB.MX,Mexico,EXCLUDED_INSTRUMENT_TYPE_NOT_YET_STRICTLY_VERIFIED,True,True,False,True,False
WS:XMEX:GRUMAB,MX_IPC,Gruma,GRUMAB.MX,Mexico,EXCLUDED_OTHER_NON_STRICT_REASON_NOT_CLASSIFIED_V0_22,True,True,False,False,False
WS:XMEX:KIMBERA,MX_IPC,Kimberly-Clark de México,KIMBERA.MX,Mexico,EXCLUDED_OTHER_NON_STRICT_REASON_NOT_CLASSIFIED_V0_22,True,True,False,False,False
WS:XMEX:KOFUBL,MX_IPC,Coca-Cola FEMSA,KOFUBL.MX,Mexico,EXCLUDED_OTHER_NON_STRICT_REASON_NOT_CLASSIFIED_V0_22,True,True,False,False,False
WS:XMEX:LABB,MX_IPC,Genomma Lab Internacional,LABB.MX,Mexico,EXCLUDED_OTHER_NON_STRICT_REASON_NOT_CLASSIFIED_V0_22,True,True,False,False,False
WS:XMEX:LIVEPOLC-1,MX_IPC,El Puerto de Liverpool,LIVEPOLC-1.MX,Mexico,EXCLUDED_OTHER_NON_STRICT_REASON_NOT_CLASSIFIED_V0_22,True,True,False,False,False
WS:XMEX:MEGACPO,MX_IPC,Megacable,MEGACPO.MX,Mexico,EXCLUDED_OTHER_NON_STRICT_REASON_NOT_CLASSIFIED_V0_22,True,True,False,False,False
WS:XMEX:OMAB,MX_IPC,Grupo Aeroportuario Centro Norte,OMAB.MX,Mexico,EXCLUDED_OTHER_NON_STRICT_REASON_NOT_CLASSIFIED_V0_22,True,True,False,False,False
WS:XMEX:ORBIA,MX_IPC,Orbia,ORBIA.MX,Mexico,EXCLUDED_OTHER_NON_STRICT_REASON_NOT_CLASSIFIED_V0_22,True,True,False,False,False
WS:XMEX:PE&OLES,MX_IPC,Peñoles,PE&OLES.MX,Mexico,EXCLUDED_OTHER_NON_STRICT_REASON_NOT_CLASSIFIED_V0_22,True,True,False,False,False
WS:XMEX:PINFRA,MX_IPC,Pinfra,PINFRA.MX,Mexico,EXCLUDED_OTHER_NON_STRICT_REASON_NOT_CLASSIFIED_V0_22,True,True,False,False,False
WS:XMEX:Q,MX_IPC,Quálitas,Q.MX,Mexico,EXCLUDED_OTHER_NON_STRICT_REASON_NOT_CLASSIFIED_V0_22,True,True,False,False,False
WS:XMEX:RA,MX_IPC,Regional,RA.MX,Mexico,EXCLUDED_OTHER_NON_STRICT_REASON_NOT_CLASSIFIED_V0_22,True,True,False,False,False
WS:XMEX:TLEVISACPO,MX_IPC,Televisa,TLEVISACPO.MX,Mexico,EXCLUDED_OTHER_NON_STRICT_REASON_NOT_CLASSIFIED_V0_22,True,True,False,False,False
WS:XMEX:VESTA,MX_IPC,Corporación Inmobiliaria Vesta,VESTA.MX,Mexico,EXCLUDED_OTHER_NON_STRICT_REASON_NOT_CLASSIFIED_V0_22,True,True,False,False,False
WS:XMEX:VOLARA,MX_IPC,Volaris,VOLARA.MX,Mexico,EXCLUDED_OTHER_NON_STRICT_REASON_NOT_CLASSIFIED_V0_22,True,True,False,False,False
WS:XMEX:WALMEX,MX_IPC,Walmart de México y Centroamérica,WALMEX.MX,Mexico,EXCLUDED_INSTRUMENT_TYPE_NOT_YET_STRICTLY_VERIFIED,True,True,False,True,False
WS:XNZE:AIA,NZ_NZX50,Auckland International Airport Limited,AIA.NZ,New Zealand,EXCLUDED_OTHER_NON_STRICT_REASON_NOT_CLASSIFIED_V0_22,True,True,False,False,False
WS:XNZE:AIR,NZ_NZX50,Air New Zealand Limited,AIR.NZ,New Zealand,EXCLUDED_OTHER_NON_STRICT_REASON_NOT_CLASSIFIED_V0_22,True,True,False,False,False
WS:XNZE:ANZ,NZ_NZX50,ANZ Group Holdings Limited,ANZ.NZ,New Zealand,EXCLUDED_OTHER_NON_STRICT_REASON_NOT_CLASSIFIED_V0_22,True,True,False,False,False
WS:XNZE:ARG,NZ_NZX50,Argosy Property Limited,ARG.NZ,New Zealand,EXCLUDED_OTHER_NON_STRICT_REASON_NOT_CLASSIFIED_V0_22,True,True,False,False,False
WS:XNZE:ARV,NZ_NZX50,Arvida Group Limited,ARV.NZ,New Zealand,ABSENT_FROM_V0_14_FULL_ELIGIBILITY_REASON_NOT_CLASSIFIED_V0_22,True,False,False,False,False
WS:XNZE:ATM,NZ_NZX50,The a2 Milk Company Limited,ATM.NZ,New Zealand,EXCLUDED_OTHER_NON_STRICT_REASON_NOT_CLASSIFIED_V0_22,True,True,False,False,False
WS:XNZE:CEN,NZ_NZX50,Contact Energy Limited,CEN.NZ,New Zealand,EXCLUDED_OTHER_NON_STRICT_REASON_NOT_CLASSIFIED_V0_22,True,True,False,False,False
WS:XNZE:CHI,NZ_NZX50,Channel Infrastructure NZ Limited,CHI.NZ,New Zealand,EXCLUDED_OTHER_NON_STRICT_REASON_NOT_CLASSIFIED_V0_22,True,True,False,False,False
WS:XNZE:CNU,NZ_NZX50,Chorus Limited,CNU.NZ,New Zealand,EXCLUDED_OTHER_NON_STRICT_REASON_NOT_CLASSIFIED_V0_22,True,True,False,False,False
WS:XNZE:EBO,NZ_NZX50,EBOS Group Limited,EBO.NZ,New Zealand,EXCLUDED_OTHER_NON_STRICT_REASON_NOT_CLASSIFIED_V0_22,True,True,False,False,False
WS:XNZE:FBU,NZ_NZX50,Fletcher Building Limited,FBU.NZ,New Zealand,EXCLUDED_OTHER_NON_STRICT_REASON_NOT_CLASSIFIED_V0_22,True,True,False,False,False
WS:XNZE:FPH,NZ_NZX50,Fisher & Paykel Healthcare Corporation Limited,FPH.NZ,New Zealand,EXCLUDED_OTHER_NON_STRICT_REASON_NOT_CLASSIFIED_V0_22,True,True,False,False,False
WS:XNZE:FRW,NZ_NZX50,Freightways Group Limited,FRW.NZ,New Zealand,EXCLUDED_OTHER_NON_STRICT_REASON_NOT_CLASSIFIED_V0_22,True,True,False,False,False
WS:XNZE:FSF,NZ_NZX50,Fonterra Shareholders' Fund,FSF.NZ,New Zealand,EXCLUDED_OTHER_NON_STRICT_REASON_NOT_CLASSIFIED_V0_22,True,True,False,False,False
WS:XNZE:GMT,NZ_NZX50,Goodman Property Trust,GMT.NZ,New Zealand,EXCLUDED_OTHER_NON_STRICT_REASON_NOT_CLASSIFIED_V0_22,True,True,False,False,False
WS:XNZE:GNE,NZ_NZX50,Genesis Energy Limited,GNE.NZ,New Zealand,EXCLUDED_OTHER_NON_STRICT_REASON_NOT_CLASSIFIED_V0_22,True,True,False,False,False
WS:XNZE:GTK,NZ_NZX50,Gentrack Group Limited,GTK.NZ,New Zealand,EXCLUDED_OTHER_NON_STRICT_REASON_NOT_CLASSIFIED_V0_22,True,True,False,False,False
WS:XNZE:HGH,NZ_NZX50,Heartland Group Holdings Limited,HGH.NZ,New Zealand,EXCLUDED_OTHER_NON_STRICT_REASON_NOT_CLASSIFIED_V0_22,True,True,False,False,False
WS:XNZE:HLG,NZ_NZX50,Hallenstein Glasson Holdings Limited,HLG.NZ,New Zealand,EXCLUDED_OTHER_NON_STRICT_REASON_NOT_CLASSIFIED_V0_22,True,True,False,False,False
WS:XNZE:IFT,NZ_NZX50,Infratil Limited,IFT.NZ,New Zealand,EXCLUDED_OTHER_NON_STRICT_REASON_NOT_CLASSIFIED_V0_22,True,True,False,False,False
WS:XNZE:IPL,NZ_NZX50,Investore Property Limited,IPL.NZ,New Zealand,EXCLUDED_OTHER_NON_STRICT_REASON_NOT_CLASSIFIED_V0_22,True,True,False,False,False
WS:XNZE:KMD,NZ_NZX50,KMD Brands Limited,KMD.NZ,New Zealand,EXCLUDED_OTHER_NON_STRICT_REASON_NOT_CLASSIFIED_V0_22,True,True,False,False,False
WS:XNZE:KPG,NZ_NZX50,Kiwi Property Group Limited,KPG.NZ,New Zealand,EXCLUDED_OTHER_NON_STRICT_REASON_NOT_CLASSIFIED_V0_22,True,True,False,False,False
WS:XNZE:MCY,NZ_NZX50,Mercury NZ Limited,MCY.NZ,New Zealand,EXCLUDED_OTHER_NON_STRICT_REASON_NOT_CLASSIFIED_V0_22,True,True,False,False,False
WS:XNZE:MEL,NZ_NZX50,Meridian Energy Limited,MEL.NZ,New Zealand,EXCLUDED_OTHER_NON_STRICT_REASON_NOT_CLASSIFIED_V0_22,True,True,False,False,False
WS:XNZE:MFT,NZ_NZX50,Mainfreight Limited,MFT.NZ,New Zealand,EXCLUDED_OTHER_NON_STRICT_REASON_NOT_CLASSIFIED_V0_22,True,True,False,False,False
WS:XNZE:MNW,NZ_NZX50,Manawa Energy Limited,MNW.NZ,New Zealand,ABSENT_FROM_V0_14_FULL_ELIGIBILITY_REASON_NOT_CLASSIFIED_V0_22,True,False,False,False,False
WS:XNZE:NZX,NZ_NZX50,NZX Limited,NZX.NZ,New Zealand,EXCLUDED_OTHER_NON_STRICT_REASON_NOT_CLASSIFIED_V0_22,True,True,False,False,False
WS:XNZE:OCA,NZ_NZX50,Oceania Healthcare Limited,OCA.NZ,New Zealand,EXCLUDED_OTHER_NON_STRICT_REASON_NOT_CLASSIFIED_V0_22,True,True,False,False,False
WS:XNZE:PCT,NZ_NZX50,Precinct Properties NZ & Precinct Properties Investments Ltd,PCT.NZ,New Zealand,EXCLUDED_OTHER_NON_STRICT_REASON_NOT_CLASSIFIED_V0_22,True,True,False,False,False
WS:XNZE:PFI,NZ_NZX50,Property for Industry Limited,PFI.NZ,New Zealand,EXCLUDED_OTHER_NON_STRICT_REASON_NOT_CLASSIFIED_V0_22,True,True,False,False,False
WS:XNZE:POT,NZ_NZX50,Port of Tauranga Limited,POT.NZ,New Zealand,EXCLUDED_OTHER_NON_STRICT_REASON_NOT_CLASSIFIED_V0_22,True,True,False,False,False
WS:XNZE:RYM,NZ_NZX50,Ryman Healthcare Limited,RYM.NZ,New Zealand,EXCLUDED_OTHER_NON_STRICT_REASON_NOT_CLASSIFIED_V0_22,True,True,False,False,False
WS:XNZE:SAN,NZ_NZX50,Sanford Limited,SAN.NZ,New Zealand,EXCLUDED_OTHER_NON_STRICT_REASON_NOT_CLASSIFIED_V0_22,True,True,False,False,False
WS:XNZE:SCL,NZ_NZX50,Scales Corporation Limited,SCL.NZ,New Zealand,EXCLUDED_OTHER_NON_STRICT_REASON_NOT_CLASSIFIED_V0_22,True,True,False,False,False
WS:XNZE:SKC,NZ_NZX50,SkyCity Entertainment Group Limited,SKC.NZ,New Zealand,EXCLUDED_OTHER_NON_STRICT_REASON_NOT_CLASSIFIED_V0_22,True,True,False,False,False
WS:XNZE:SKL,NZ_NZX50,Skellerup Holdings Limited,SKL.NZ,New Zealand,EXCLUDED_OTHER_NON_STRICT_REASON_NOT_CLASSIFIED_V0_22,True,True,False,False,False
WS:XNZE:SKO,NZ_NZX50,Serko Limited,SKO.NZ,New Zealand,EXCLUDED_OTHER_NON_STRICT_REASON_NOT_CLASSIFIED_V0_22,True,True,False,False,False
WS:XNZE:SKT,NZ_NZX50,Sky Network Television Limited,SKT.NZ,New Zealand,EXCLUDED_OTHER_NON_STRICT_REASON_NOT_CLASSIFIED_V0_22,True,True,False,False,False
WS:XNZE:SPG,NZ_NZX50,Stride Property Ltd & Stride Investment Management Ltd,SPG.NZ,New Zealand,EXCLUDED_OTHER_NON_STRICT_REASON_NOT_CLASSIFIED_V0_22,True,True,False,False,False
WS:XNZE:SPK,NZ_NZX50,Spark New Zealand Limited,SPK.NZ,New Zealand,EXCLUDED_OTHER_NON_STRICT_REASON_NOT_CLASSIFIED_V0_22,True,True,False,False,False
WS:XNZE:SUM,NZ_NZX50,Summerset Group Holdings Limited,SUM.NZ,New Zealand,EXCLUDED_OTHER_NON_STRICT_REASON_NOT_CLASSIFIED_V0_22,True,True,False,False,False
WS:XNZE:THL,NZ_NZX50,Tourism Holdings Limited,THL.NZ,New Zealand,EXCLUDED_OTHER_NON_STRICT_REASON_NOT_CLASSIFIED_V0_22,True,True,False,False,False
WS:XNZE:TRA,NZ_NZX50,Turners Automotive Group Limited,TRA.NZ,New Zealand,EXCLUDED_OTHER_NON_STRICT_REASON_NOT_CLASSIFIED_V0_22,True,True,False,False,False
WS:XNZE:VCT,NZ_NZX50,Vector Limited,VCT.NZ,New Zealand,EXCLUDED_OTHER_NON_STRICT_REASON_NOT_CLASSIFIED_V0_22,True,True,False,False,False
WS:XNZE:VGL,NZ_NZX50,Vista Group International Limited,VGL.NZ,New Zealand,EXCLUDED_OTHER_NON_STRICT_REASON_NOT_CLASSIFIED_V0_22,True,True,False,False,False
WS:XNZE:VHP,NZ_NZX50,Vital Healthcare Property Trust,VHP.NZ,New Zealand,EXCLUDED_OTHER_NON_STRICT_REASON_NOT_CLASSIFIED_V0_22,True,True,False,False,False
WS:XNZE:VSL,NZ_NZX50,Vulcan Steel Limited,VSL.NZ,New Zealand,EXCLUDED_OTHER_NON_STRICT_REASON_NOT_CLASSIFIED_V0_22,True,True,False,False,False
WS:XNZE:WBC,NZ_NZX50,Westpac Banking Corporation,WBC.NZ,New Zealand,EXCLUDED_OTHER_NON_STRICT_REASON_NOT_CLASSIFIED_V0_22,True,True,False,False,False
WS:XNZE:WHS,NZ_NZX50,The Warehouse Group Limited,WHS.NZ,New Zealand,EXCLUDED_OTHER_NON_STRICT_REASON_NOT_CLASSIFIED_V0_22,True,True,False,False,False
WS:ISIN:KYG022421088,TW_TW50,ALCHIP TECHNOLOGIES LIMITED,3661.TW,Taiwan,INCLUDED_RESEARCH_PARTIAL_VERIFIED_STRICT,True,True,True,False,True
WS:ISIN:KYG114741062,TW_TW50,BIZLINK HOLDING INC.,3665.TW,Taiwan,INCLUDED_RESEARCH_PARTIAL_VERIFIED_STRICT,True,True,True,False,True
WS:ISIN:KYG989221000,TW_TW50,ZHEN DING TECHNOLOGY HOLDING LIMITED,4958.TW,Taiwan,INCLUDED_RESEARCH_PARTIAL_VERIFIED_STRICT,True,True,True,False,True
WS:ISIN:TW0001216000,TW_TW50,UNI-PRESIDENT ENTERPRISES CORP.,1216.TW,Taiwan,INCLUDED_RESEARCH_PARTIAL_VERIFIED_STRICT,True,True,True,False,True
WS:ISIN:TW0001303006,TW_TW50,NAN YA PLASTICS CORPORATION,1303.TW,Taiwan,INCLUDED_RESEARCH_PARTIAL_VERIFIED_STRICT,True,True,True,False,True
WS:ISIN:TW0002059003,TW_TW50,KING SLIDE WORKS CO. LTD,2059.TW,Taiwan,INCLUDED_RESEARCH_PARTIAL_VERIFIED_STRICT,True,True,True,False,True
WS:ISIN:TW0002301009,TW_TW50,LITE-ON TECHNOLOGY CORP.,2301.TW,Taiwan,INCLUDED_RESEARCH_PARTIAL_VERIFIED_STRICT,True,True,True,False,True
WS:ISIN:TW0002303005,TW_TW50,UNITED MICROELECTRONICS CORP.,2303.TW,Taiwan,INCLUDED_RESEARCH_PARTIAL_VERIFIED_STRICT,True,True,True,False,True
WS:ISIN:TW0002308004,TW_TW50,"DELTA ELECTRONICS, INC.",2308.TW,Taiwan,INCLUDED_RESEARCH_PARTIAL_VERIFIED_STRICT,True,True,True,False,True
WS:ISIN:TW0002317005,TW_TW50,HON HAI PRECISION IND. CO. LTD.,2317.TW,Taiwan,INCLUDED_RESEARCH_PARTIAL_VERIFIED_STRICT,True,True,True,False,True
WS:ISIN:TW0002327004,TW_TW50,YAGEO CORPORATION,2327.TW,Taiwan,INCLUDED_RESEARCH_PARTIAL_VERIFIED_STRICT,True,True,True,False,True
WS:ISIN:TW0002330008,TW_TW50,"TAIWAN SEMICONDUCTOR MANUFACTURING CO., LTD.",2330.TW,Taiwan,INCLUDED_RESEARCH_PARTIAL_VERIFIED_STRICT,True,True,True,False,True
WS:ISIN:TW0002344009,TW_TW50,WINBOND ELECTRONICS CORPORATION,2344.TW,Taiwan,INCLUDED_RESEARCH_PARTIAL_VERIFIED_STRICT,True,True,True,False,True
WS:ISIN:TW0002345006,TW_TW50,ACCTON TECHNOLOGY CORP.,2345.TW,Taiwan,INCLUDED_RESEARCH_PARTIAL_VERIFIED_STRICT,True,True,True,False,True
WS:ISIN:TW0002357001,TW_TW50,ASUSTEK COMPUTER INC.,2357.TW,Taiwan,INCLUDED_RESEARCH_PARTIAL_VERIFIED_STRICT,True,True,True,False,True
WS:ISIN:TW0002360005,TW_TW50,CHROMA ATE INC.,2360.TW,Taiwan,INCLUDED_RESEARCH_PARTIAL_VERIFIED_STRICT,True,True,True,False,True
WS:ISIN:TW0002368008,TW_TW50,GOLD CIRCUIT ELECTRONICS LTD,2368.TW,Taiwan,INCLUDED_RESEARCH_PARTIAL_VERIFIED_STRICT,True,True,True,False,True
WS:ISIN:TW0002382009,TW_TW50,QUANTA COMPUTER INC.,2382.TW,Taiwan,INCLUDED_RESEARCH_PARTIAL_VERIFIED_STRICT,True,True,True,False,True
WS:ISIN:TW0002383007,TW_TW50,"ELITE MATERIAL CO., LTD.",2383.TW,Taiwan,INCLUDED_RESEARCH_PARTIAL_VERIFIED_STRICT,True,True,True,False,True
WS:ISIN:TW0002395001,TW_TW50,"ADVANTECH CO., LTD.",2395.TW,Taiwan,INCLUDED_RESEARCH_PARTIAL_VERIFIED_STRICT,True,True,True,False,True
WS:ISIN:TW0002408002,TW_TW50,NANYA TECHNOLOGY CORPORATION,2408.TW,Taiwan,INCLUDED_RESEARCH_PARTIAL_VERIFIED_STRICT,True,True,True,False,True
WS:ISIN:TW0002412004,TW_TW50,CHUNGHWA TELECOM CO. LTD,2412.TW,Taiwan,INCLUDED_RESEARCH_PARTIAL_VERIFIED_STRICT,True,True,True,False,True
WS:ISIN:TW0002449006,TW_TW50,KING YUAN ELECTRONICS CO. LTD.,2449.TW,Taiwan,INCLUDED_RESEARCH_PARTIAL_VERIFIED_STRICT,True,True,True,False,True
WS:ISIN:TW0002454006,TW_TW50,MEDIATEK INC.,2454.TW,Taiwan,INCLUDED_RESEARCH_PARTIAL_VERIFIED_STRICT,True,True,True,False,True
WS:ISIN:TW0002603008,TW_TW50,EVERGREEN MARINE CORP. (TAIWAN) LTD.,2603.TW,Taiwan,INCLUDED_RESEARCH_PARTIAL_VERIFIED_STRICT,True,True,True,False,True
WS:ISIN:TW0002880002,TW_TW50,HUA NAN FINANCIAL HOLDINDS CO. LTD.,2880.TW,Taiwan,INCLUDED_RESEARCH_PARTIAL_VERIFIED_STRICT,True,True,True,False,True
WS:ISIN:TW0002881000,TW_TW50,"FUBON FINANCIAL HOLDING CO., LTD.",2881.TW,Taiwan,INCLUDED_RESEARCH_PARTIAL_VERIFIED_STRICT,True,True,True,False,True
WS:ISIN:TW0002882008,TW_TW50,"CATHAY FINANCIAL HOLDING CO., LTD.",2882.TW,Taiwan,INCLUDED_RESEARCH_PARTIAL_VERIFIED_STRICT,True,True,True,False,True
WS:ISIN:TW0002883006,TW_TW50,"KGI FINANCIAL HOLDING CO., LTD.",2883.TW,Taiwan,INCLUDED_RESEARCH_PARTIAL_VERIFIED_STRICT,True,True,True,False,True
WS:ISIN:TW0002884004,TW_TW50,"E.SUN FINANCIAL HOLDING COMPANY,LTD.",2884.TW,Taiwan,INCLUDED_RESEARCH_PARTIAL_VERIFIED_STRICT,True,True,True,False,True
WS:ISIN:TW0002885001,TW_TW50,YUANTA FINANCIAL HOLDING CO. LTD.,2885.TW,Taiwan,INCLUDED_RESEARCH_PARTIAL_VERIFIED_STRICT,True,True,True,False,True
WS:ISIN:TW0002886009,TW_TW50,MEGA FINANCIAL HOLDING COMPANY,2886.TW,Taiwan,INCLUDED_RESEARCH_PARTIAL_VERIFIED_STRICT,True,True,True,False,True
WS:ISIN:TW0002887007,TW_TW50,"TS FINANCIAL HOLDING CO., LTD.",2887.TW,Taiwan,INCLUDED_RESEARCH_PARTIAL_VERIFIED_STRICT,True,True,True,False,True
WS:ISIN:TW0002890001,TW_TW50,SINOPAC FINANCIAL HOLDINGS COMPANY LIMITED,2890.TW,Taiwan,INCLUDED_RESEARCH_PARTIAL_VERIFIED_STRICT,True,True,True,False,True
WS:ISIN:TW0002891009,TW_TW50,"CTBC FINANCIAL HOLDING CO., LTD.",2891.TW,Taiwan,INCLUDED_RESEARCH_PARTIAL_VERIFIED_STRICT,True,True,True,False,True
WS:ISIN:TW0002892007,TW_TW50,FIRST HOLDINGS,2892.TW,Taiwan,INCLUDED_RESEARCH_PARTIAL_VERIFIED_STRICT,True,True,True,False,True
WS:ISIN:TW0003008009,TW_TW50,LARGAN PRECISION CO. LTD.,3008.TW,Taiwan,INCLUDED_RESEARCH_PARTIAL_VERIFIED_STRICT,True,True,True,False,True
WS:ISIN:TW0003017000,TW_TW50,"ASIA VITAL COMPONENTS CO., LTD.",3017.TW,Taiwan,INCLUDED_RESEARCH_PARTIAL_VERIFIED_STRICT,True,True,True,False,True
WS:ISIN:TW0003037008,TW_TW50,UNIMICRON TECHNOLOGY CORP.,3037.TW,Taiwan,INCLUDED_RESEARCH_PARTIAL_VERIFIED_STRICT,True,True,True,False,True
WS:ISIN:TW0003045001,TW_TW50,"TAIWAN MOBILE CO., LTD.",3045.TW,Taiwan,INCLUDED_RESEARCH_PARTIAL_VERIFIED_STRICT,True,True,True,False,True
WS:ISIN:TW0003231007,TW_TW50,WISTRON CORPORATION,3231.TW,Taiwan,INCLUDED_RESEARCH_PARTIAL_VERIFIED_STRICT,True,True,True,False,True
WS:ISIN:TW0003443008,TW_TW50,GLOBAL UNICHIP CORP.,3443.TW,Taiwan,INCLUDED_RESEARCH_PARTIAL_VERIFIED_STRICT,True,True,True,False,True
WS:ISIN:TW0003653002,TW_TW50,JENTECH PRECISION INDUSTRIAL CO. LTD.,3653.TW,Taiwan,INCLUDED_RESEARCH_PARTIAL_VERIFIED_STRICT,True,True,True,False,True
WS:ISIN:TW0004904008,TW_TW50,"FAR EASTONE TELECOMMUNICATIONS CO., LTD.",4904.TW,Taiwan,INCLUDED_RESEARCH_PARTIAL_VERIFIED_STRICT,True,True,True,False,True
WS:ISIN:TW0005880009,TW_TW50,TAIWAN COOPERATIVE FINANCIAL HOLDING COMPANY LIMITED,5880.TW,Taiwan,INCLUDED_RESEARCH_PARTIAL_VERIFIED_STRICT,True,True,True,False,True
WS:ISIN:TW0006505001,TW_TW50,FORMOSA PETROCHEMICAL CORP,6505.TW,Taiwan,INCLUDED_RESEARCH_PARTIAL_VERIFIED_STRICT,True,True,True,False,True
WS:ISIN:TW0008046004,TW_TW50,NAN YA PRINTED CIRCUIT BOARD CORPORATION,8046.TW,Taiwan,INCLUDED_RESEARCH_PARTIAL_VERIFIED_STRICT,True,True,True,False,True
WS:XTAI:3711,TW_TW50,"ASE TECHNOLOGY HOLDING CO., LTD.",3711.TW,Taiwan,INCLUDED_RESEARCH_PARTIAL_VERIFIED_STRICT,True,True,True,False,True
WS:XTAI:6669,TW_TW50,WIWYNN CORPORATION,6669.TW,Taiwan,INCLUDED_RESEARCH_PARTIAL_VERIFIED_STRICT,True,True,True,False,True
WS:XTAI:7769,TW_TW50,"HON. PRECISION, INC.",7769.TW,Taiwan,INCLUDED_RESEARCH_PARTIAL_VERIFIED_STRICT,True,True,True,False,True
WS:US:A,US_SP1500,Agilent Technologies,A,,INCLUDED_RESEARCH_PARTIAL_VERIFIED_STRICT,True,True,True,False,True
WS:US:AA,US_SP1500,Alcoa,AA,,INCLUDED_RESEARCH_PARTIAL_VERIFIED_STRICT,True,True,True,False,True
WS:US:AAL,US_SP1500,American Airlines Group,AAL,,INCLUDED_RESEARCH_PARTIAL_VERIFIED_STRICT,True,True,True,False,True
WS:US:AAMI,US_SP1500,Acadian Asset Management Inc.,AAMI,,INCLUDED_RESEARCH_PARTIAL_VERIFIED_STRICT,True,True,True,False,True
WS:US:AAON,US_SP1500,AAON,AAON,,INCLUDED_RESEARCH_PARTIAL_VERIFIED_STRICT,True,True,True,False,True
WS:US:AAP,US_SP1500,"Advance Auto Parts, Inc.",AAP,,EXCLUDED_OTHER_NON_STRICT_REASON_NOT_CLASSIFIED_V0_22,True,True,False,False,False
WS:US:AAPL,US_SP1500,Apple Inc.,AAPL,,INCLUDED_RESEARCH_PARTIAL_VERIFIED_STRICT,True,True,True,False,True
WS:US:AAT,US_SP1500,American Assets Trust,AAT,,EXCLUDED_OTHER_NON_STRICT_REASON_NOT_CLASSIFIED_V0_22,True,True,False,False,False
WS:US:ABBV,US_SP1500,AbbVie,ABBV,,INCLUDED_RESEARCH_PARTIAL_VERIFIED_STRICT,True,True,True,False,True
WS:US:ABCB,US_SP1500,Ameris Bancorp,ABCB,,INCLUDED_RESEARCH_PARTIAL_VERIFIED_STRICT,True,True,True,False,True
WS:US:ABG,US_SP1500,Asbury Automotive Group,ABG,,INCLUDED_RESEARCH_PARTIAL_VERIFIED_STRICT,True,True,True,False,True
WS:US:ABM,US_SP1500,"ABM Industries, Inc.",ABM,,INCLUDED_RESEARCH_PARTIAL_VERIFIED_STRICT,True,True,True,False,True
WS:US:ABNB,US_SP1500,Airbnb,ABNB,,INCLUDED_RESEARCH_PARTIAL_VERIFIED_STRICT,True,True,True,False,True
WS:US:ABR,US_SP1500,Arbor Realty Trust,ABR,,INCLUDED_RESEARCH_PARTIAL_VERIFIED_STRICT,True,True,True,False,True
WS:US:ABT,US_SP1500,Abbott Laboratories,ABT,,INCLUDED_RESEARCH_PARTIAL_VERIFIED_STRICT,True,True,True,False,True
WS:US:ACA,US_SP1500,"Arcosa, Inc.",ACA,,INCLUDED_RESEARCH_PARTIAL_VERIFIED_STRICT,True,True,True,False,True
WS:US:ACAD,US_SP1500,Acadia Pharmaceuticals,ACAD,,INCLUDED_RESEARCH_PARTIAL_VERIFIED_STRICT,True,True,True,False,True
WS:US:ACGL,US_SP1500,Arch Capital Group,ACGL,,INCLUDED_RESEARCH_PARTIAL_VERIFIED_STRICT,True,True,True,False,True
WS:US:ACHC,US_SP1500,Acadia Healthcare,ACHC,,INCLUDED_RESEARCH_PARTIAL_VERIFIED_STRICT,True,True,True,False,True
WS:US:ACI,US_SP1500,Albertsons,ACI,,INCLUDED_RESEARCH_PARTIAL_VERIFIED_STRICT,True,True,True,False,True
WS:US:ACIW,US_SP1500,ACI Worldwide,ACIW,,INCLUDED_RESEARCH_PARTIAL_VERIFIED_STRICT,True,True,True,False,True
WS:US:ACLS,US_SP1500,"Axcelis Technologies, Inc.",ACLS,,INCLUDED_RESEARCH_PARTIAL_VERIFIED_STRICT,True,True,True,False,True
WS:US:ACM,US_SP1500,AECOM,ACM,,INCLUDED_RESEARCH_PARTIAL_VERIFIED_STRICT,True,True,True,False,True
WS:US:ACMR,US_SP1500,"ACM Research, Inc.",ACMR,,INCLUDED_RESEARCH_PARTIAL_VERIFIED_STRICT,True,True,True,False,True
WS:US:ACN,US_SP1500,Accenture,ACN,,INCLUDED_RESEARCH_PARTIAL_VERIFIED_STRICT,True,True,True,False,True
WS:US:ACT,US_SP1500,"Enact Holdings, Inc.",ACT,,EXCLUDED_OTHER_NON_STRICT_REASON_NOT_CLASSIFIED_V0_22,True,True,False,False,False
WS:US:ADAM,US_SP1500,"Adamas Trust, Inc.",ADAM,,EXCLUDED_OTHER_NON_STRICT_REASON_NOT_CLASSIFIED_V0_22,True,True,False,False,False
WS:US:ADBE,US_SP1500,Adobe Inc.,ADBE,,INCLUDED_RESEARCH_PARTIAL_VERIFIED_STRICT,True,True,True,False,True
WS:US:ADC,US_SP1500,Agree Realty,ADC,,INCLUDED_RESEARCH_PARTIAL_VERIFIED_STRICT,True,True,True,False,True
WS:US:ADEA,US_SP1500,"Adeia, Inc.",ADEA,,INCLUDED_RESEARCH_PARTIAL_VERIFIED_STRICT,True,True,True,False,True
WS:US:ADI,US_SP1500,Analog Devices,ADI,,INCLUDED_RESEARCH_PARTIAL_VERIFIED_STRICT,True,True,True,False,True
WS:US:ADIG,US_SP1500,ADI Global Distribution,ADIG,,EXCLUDED_OTHER_NON_STRICT_REASON_NOT_CLASSIFIED_V0_22,True,True,False,False,False
WS:US:ADM,US_SP1500,Archer Daniels Midland,ADM,,INCLUDED_RESEARCH_PARTIAL_VERIFIED_STRICT,True,True,True,False,True
WS:US:ADMA,US_SP1500,"ADMA Biologics, Inc.",ADMA,,INCLUDED_RESEARCH_PARTIAL_VERIFIED_STRICT,True,True,True,False,True
WS:US:ADNT,US_SP1500,Adient,ADNT,,INCLUDED_RESEARCH_PARTIAL_VERIFIED_STRICT,True,True,True,False,True
WS:US:ADP,US_SP1500,Automatic Data Processing,ADP,,INCLUDED_RESEARCH_PARTIAL_VERIFIED_STRICT,True,True,True,False,True
WS:US:ADSK,US_SP1500,Autodesk,ADSK,,INCLUDED_RESEARCH_PARTIAL_VERIFIED_STRICT,True,True,True,False,True
WS:US:ADT,US_SP1500,ADT Inc.,ADT,,INCLUDED_RESEARCH_PARTIAL_VERIFIED_STRICT,True,True,True,False,True
WS:US:ADUS,US_SP1500,Addus HomeCare Corp.,ADUS,,INCLUDED_RESEARCH_PARTIAL_VERIFIED_STRICT,True,True,True,False,True
WS:US:AEE,US_SP1500,Ameren,AEE,,INCLUDED_RESEARCH_PARTIAL_VERIFIED_STRICT,True,True,True,False,True
WS:US:AEIS,US_SP1500,Advanced Energy,AEIS,,INCLUDED_RESEARCH_PARTIAL_VERIFIED_STRICT,True,True,True,False,True
WS:US:AEO,US_SP1500,American Eagle Outfitters,AEO,,INCLUDED_RESEARCH_PARTIAL_VERIFIED_STRICT,True,True,True,False,True
WS:US:AEP,US_SP1500,American Electric Power,AEP,,INCLUDED_RESEARCH_PARTIAL_VERIFIED_STRICT,True,True,True,False,True
WS:US:AES,US_SP1500,AES Corporation,AES,,INCLUDED_RESEARCH_PARTIAL_VERIFIED_STRICT,True,True,True,False,True
WS:US:AESI,US_SP1500,"Atlas Energy Solutions, Inc.",AESI,,INCLUDED_RESEARCH_PARTIAL_VERIFIED_STRICT,True,True,True,False,True
WS:US:AFG,US_SP1500,American Financial Group,AFG,,INCLUDED_RESEARCH_PARTIAL_VERIFIED_STRICT,True,True,True,False,True
WS:US:AFL,US_SP1500,Aflac,AFL,,INCLUDED_RESEARCH_PARTIAL_VERIFIED_STRICT,True,True,True,False,True
WS:US:AGCO,US_SP1500,AGCO,AGCO,,INCLUDED_RESEARCH_PARTIAL_VERIFIED_STRICT,True,True,True,False,True
WS:US:AGNT,US_SP1500,"eXp World Holdings, Inc.",AGNT,,EXCLUDED_OTHER_NON_STRICT_REASON_NOT_CLASSIFIED_V0_22,True,True,False,False,False
WS:US:AGO,US_SP1500,Assured Guaranty Ltd.,AGO,,INCLUDED_RESEARCH_PARTIAL_VERIFIED_STRICT,True,True,True,False,True
WS:US:AGX,US_SP1500,"Argan, Inc.",AGX,,INCLUDED_RESEARCH_PARTIAL_VERIFIED_STRICT,True,True,True,False,True
WS:US:AGYS,US_SP1500,"Agilysys, Inc.",AGYS,,INCLUDED_RESEARCH_PARTIAL_VERIFIED_STRICT,True,True,True,False,True
WS:US:AHCO,US_SP1500,AdaptHealth Corp.,AHCO,,EXCLUDED_OTHER_NON_STRICT_REASON_NOT_CLASSIFIED_V0_22,True,True,False,False,False
WS:US:AHR,US_SP1500,American Healthcare REIT,AHR,,INCLUDED_RESEARCH_PARTIAL_VERIFIED_STRICT,True,True,True,False,True
WS:US:AIG,US_SP1500,American International Group,AIG,,INCLUDED_RESEARCH_PARTIAL_VERIFIED_STRICT,True,True,True,False,True
WS:US:AIN,US_SP1500,Albany International Corp.,AIN,,EXCLUDED_OTHER_NON_STRICT_REASON_NOT_CLASSIFIED_V0_22,True,True,False,False,False
WS:US:AIR,US_SP1500,AAR Corp.,AIR,,INCLUDED_RESEARCH_PARTIAL_VERIFIED_STRICT,True,True,True,False,True
WS:US:AIT,US_SP1500,Applied Industrial Technologies,AIT,,INCLUDED_RESEARCH_PARTIAL_VERIFIED_STRICT,True,True,True,False,True
WS:US:AIZ,US_SP1500,Assurant,AIZ,,INCLUDED_RESEARCH_PARTIAL_VERIFIED_STRICT,True,True,True,False,True
WS:US:AJG,US_SP1500,Arthur J. Gallagher & Co.,AJG,,INCLUDED_RESEARCH_PARTIAL_VERIFIED_STRICT,True,True,True,False,True
WS:US:AKAM,US_SP1500,Akamai Technologies,AKAM,,INCLUDED_RESEARCH_PARTIAL_VERIFIED_STRICT,True,True,True,False,True
WS:US:AKR,US_SP1500,Acadia Realty Trust,AKR,,INCLUDED_RESEARCH_PARTIAL_VERIFIED_STRICT,True,True,True,False,True
WS:US:ALB,US_SP1500,Albemarle Corporation,ALB,,INCLUDED_RESEARCH_PARTIAL_VERIFIED_STRICT,True,True,True,False,True
WS:US:ALG,US_SP1500,Alamo Group,ALG,,INCLUDED_RESEARCH_PARTIAL_VERIFIED_STRICT,True,True,True,False,True
WS:US:ALGM,US_SP1500,Allegro MicroSystems,ALGM,,INCLUDED_RESEARCH_PARTIAL_VERIFIED_STRICT,True,True,True,False,True
WS:US:ALGN,US_SP1500,Align Technology,ALGN,,INCLUDED_RESEARCH_PARTIAL_VERIFIED_STRICT,True,True,True,False,True
WS:US:ALGT,US_SP1500,Allegiant Travel Company,ALGT,,INCLUDED_RESEARCH_PARTIAL_VERIFIED_STRICT,True,True,True,False,True
WS:US:ALHC,US_SP1500,"Alignment Healthcare, Inc.",ALHC,,INCLUDED_RESEARCH_PARTIAL_VERIFIED_STRICT,True,True,True,False,True
WS:US:ALK,US_SP1500,Alaska Air Group,ALK,,INCLUDED_RESEARCH_PARTIAL_VERIFIED_STRICT,True,True,True,False,True
WS:US:ALKS,US_SP1500,Alkermes plc,ALKS,,INCLUDED_RESEARCH_PARTIAL_VERIFIED_STRICT,True,True,True,False,True
WS:US:ALL,US_SP1500,Allstate,ALL,,INCLUDED_RESEARCH_PARTIAL_VERIFIED_STRICT,True,True,True,False,True
WS:US:ALLE,US_SP1500,Allegion,ALLE,,INCLUDED_RESEARCH_PARTIAL_VERIFIED_STRICT,True,True,True,False,True
WS:US:ALLY,US_SP1500,Ally Financial,ALLY,,INCLUDED_RESEARCH_PARTIAL_VERIFIED_STRICT,True,True,True,False,True
WS:US:ALRM,US_SP1500,"Alarm.Com, Inc.",ALRM,,INCLUDED_RESEARCH_PARTIAL_VERIFIED_STRICT,True,True,True,False,True
WS:US:ALSN,US_SP1500,Allison Transmission,ALSN,,INCLUDED_RESEARCH_PARTIAL_VERIFIED_STRICT,True,True,True,False,True
WS:US:ALV,US_SP1500,Autoliv,ALV,,INCLUDED_RESEARCH_PARTIAL_VERIFIED_STRICT,True,True,True,False,True
WS:US:AM,US_SP1500,Antero Midstream,AM,,INCLUDED_RESEARCH_PARTIAL_VERIFIED_STRICT,True,True,True,False,True
WS:US:AMAT,US_SP1500,Applied Materials,AMAT,,INCLUDED_RESEARCH_PARTIAL_VERIFIED_STRICT,True,True,True,False,True
WS:US:AMCR,US_SP1500,Amcor,AMCR,,INCLUDED_RESEARCH_PARTIAL_VERIFIED_STRICT,True,True,True,False,True
WS:US:AMD,US_SP1500,Advanced Micro Devices,AMD,,INCLUDED_RESEARCH_PARTIAL_VERIFIED_STRICT,True,True,True,False,True
WS:US:AME,US_SP1500,Ametek,AME,,INCLUDED_RESEARCH_PARTIAL_VERIFIED_STRICT,True,True,True,False,True
WS:US:AMG,US_SP1500,Affiliated Managers Group,AMG,,INCLUDED_RESEARCH_PARTIAL_VERIFIED_STRICT,True,True,True,False,True
WS:US:AMGN,US_SP1500,Amgen,AMGN,,INCLUDED_RESEARCH_PARTIAL_VERIFIED_STRICT,True,True,True,False,True
WS:US:AMH,US_SP1500,American Homes 4 Rent,AMH,,INCLUDED_RESEARCH_PARTIAL_VERIFIED_STRICT,True,True,True,False,True
WS:US:AMKR,US_SP1500,Amkor Technology,AMKR,,INCLUDED_RESEARCH_PARTIAL_VERIFIED_STRICT,True,True,True,False,True
WS:US:AMN,US_SP1500,"Amn Healthcare Services, Inc.",AMN,,INCLUDED_RESEARCH_PARTIAL_VERIFIED_STRICT,True,True,True,False,True
WS:US:AMP,US_SP1500,Ameriprise Financial,AMP,,INCLUDED_RESEARCH_PARTIAL_VERIFIED_STRICT,True,True,True,False,True
WS:US:AMPH,US_SP1500,"Amphstar Pharmaceuticals, Inc.",AMPH,,EXCLUDED_OTHER_NON_STRICT_REASON_NOT_CLASSIFIED_V0_22,True,True,False,False,False
WS:US:AMR,US_SP1500,"Alpha Metallurgical Resources, Inc.",AMR,,INCLUDED_RESEARCH_PARTIAL_VERIFIED_STRICT,True,True,True,False,True
WS:US:AMRX,US_SP1500,Amneal Pharmaceuticals,AMRX,,INCLUDED_RESEARCH_PARTIAL_VERIFIED_STRICT,True,True,True,False,True
WS:US:AMSF,US_SP1500,"Amerisafe, Inc.",AMSF,,EXCLUDED_OTHER_NON_STRICT_REASON_NOT_CLASSIFIED_V0_22,True,True,False,False,False
WS:US:AMT,US_SP1500,American Tower,AMT,,INCLUDED_RESEARCH_PARTIAL_VERIFIED_STRICT,True,True,True,False,True
WS:US:AMTM,US_SP1500,Amentum,AMTM,,INCLUDED_RESEARCH_PARTIAL_VERIFIED_STRICT,True,True,True,False,True
WS:US:AMZN,US_SP1500,Amazon,AMZN,,INCLUDED_RESEARCH_PARTIAL_VERIFIED_STRICT,True,True,True,False,True
WS:US:AN,US_SP1500,AutoNation,AN,,INCLUDED_RESEARCH_PARTIAL_VERIFIED_STRICT,True,True,True,False,True
WS:US:ANDE,US_SP1500,"The Andersons, Inc.",ANDE,,INCLUDED_RESEARCH_PARTIAL_VERIFIED_STRICT,True,True,True,False,True
WS:US:ANET,US_SP1500,Arista Networks,ANET,,INCLUDED_RESEARCH_PARTIAL_VERIFIED_STRICT,True,True,True,False,True
WS:US:ANF,US_SP1500,Abercrombie & Fitch,ANF,,INCLUDED_RESEARCH_PARTIAL_VERIFIED_STRICT,True,True,True,False,True
WS:US:ANIP,US_SP1500,"ANI Pharmaceuticals, Inc.",ANIP,,INCLUDED_RESEARCH_PARTIAL_VERIFIED_STRICT,True,True,True,False,True
WS:US:AON,US_SP1500,Aon plc,AON,,INCLUDED_RESEARCH_PARTIAL_VERIFIED_STRICT,True,True,True,False,True
WS:US:AORT,US_SP1500,Artivion,AORT,,INCLUDED_RESEARCH_PARTIAL_VERIFIED_STRICT,True,True,True,False,True
WS:US:AOS,US_SP1500,A. O. Smith,AOS,,INCLUDED_RESEARCH_PARTIAL_VERIFIED_STRICT,True,True,True,False,True
WS:US:AOSL,US_SP1500,"Alpha and Omega Semiconductor, Ltd.",AOSL,,EXCLUDED_OTHER_NON_STRICT_REASON_NOT_CLASSIFIED_V0_22,True,True,False,False,False
WS:US:APA,US_SP1500,APA Corporation,APA,,INCLUDED_RESEARCH_PARTIAL_VERIFIED_STRICT,True,True,True,False,True
WS:US:APAM,US_SP1500,"Artisan Partners Asset Management, Inc.",APAM,,INCLUDED_RESEARCH_PARTIAL_VERIFIED_STRICT,True,True,True,False,True
WS:US:APD,US_SP1500,Air Products,APD,,INCLUDED_RESEARCH_PARTIAL_VERIFIED_STRICT,True,True,True,False,True
WS:US:APG,US_SP1500,APi Group,APG,,INCLUDED_RESEARCH_PARTIAL_VERIFIED_STRICT,True,True,True,False,True
WS:US:APH,US_SP1500,Amphenol,APH,,INCLUDED_RESEARCH_PARTIAL_VERIFIED_STRICT,True,True,True,False,True
WS:US:APLE,US_SP1500,"Apple Hospitality REIT, Inc.",APLE,,INCLUDED_RESEARCH_PARTIAL_VERIFIED_STRICT,True,True,True,False,True
WS:US:APO,US_SP1500,Apollo Global Management,APO,,INCLUDED_RESEARCH_PARTIAL_VERIFIED_STRICT,True,True,True,False,True
WS:US:APOG,US_SP1500,"Apogee Enterprises, Inc.",APOG,,EXCLUDED_OTHER_NON_STRICT_REASON_NOT_CLASSIFIED_V0_22,True,True,False,False,False
WS:US:APP,US_SP1500,AppLovin,APP,,INCLUDED_RESEARCH_PARTIAL_VERIFIED_STRICT,True,True,True,False,True
WS:US:APPF,US_SP1500,AppFolio,APPF,,INCLUDED_RESEARCH_PARTIAL_VERIFIED_STRICT,True,True,True,False,True
WS:US:APTV,US_SP1500,Aptiv,APTV,,INCLUDED_RESEARCH_PARTIAL_VERIFIED_STRICT,True,True,True,False,True
WS:US:AR,US_SP1500,Antero Resources,AR,,INCLUDED_RESEARCH_PARTIAL_VERIFIED_STRICT,True,True,True,False,True
WS:US:ARCB,US_SP1500,ArcBest Corp.,ARCB,,INCLUDED_RESEARCH_PARTIAL_VERIFIED_STRICT,True,True,True,False,True
WS:US:ARE,US_SP1500,Alexandria Real Estate Equities,ARE,,INCLUDED_RESEARCH_PARTIAL_VERIFIED_STRICT,True,True,True,False,True
WS:US:ARES,US_SP1500,Ares Management,ARES,,INCLUDED_RESEARCH_PARTIAL_VERIFIED_STRICT,True,True,True,False,True
WS:US:ARLO,US_SP1500,Arlo Technologies,ARLO,,INCLUDED_RESEARCH_PARTIAL_VERIFIED_STRICT,True,True,True,False,True
WS:US:ARMK,US_SP1500,Aramark,ARMK,,INCLUDED_RESEARCH_PARTIAL_VERIFIED_STRICT,True,True,True,False,True
WS:US:AROC,US_SP1500,"Archrock, Inc.",AROC,,INCLUDED_RESEARCH_PARTIAL_VERIFIED_STRICT,True,True,True,False,True
WS:US:ARR,US_SP1500,Armour Residential REIT,ARR,,INCLUDED_RESEARCH_PARTIAL_VERIFIED_STRICT,True,True,True,False,True
WS:US:ARW,US_SP1500,Arrow Electronics,ARW,,INCLUDED_RESEARCH_PARTIAL_VERIFIED_STRICT,True,True,True,False,True
WS:US:ARWR,US_SP1500,Arrowhead Pharmaceuticals,ARWR,,INCLUDED_RESEARCH_PARTIAL_VERIFIED_STRICT,True,True,True,False,True
WS:US:ASB,US_SP1500,Associated Bank,ASB,,INCLUDED_RESEARCH_PARTIAL_VERIFIED_STRICT,True,True,True,False,True
WS:US:ASH,US_SP1500,Ashland Global,ASH,,INCLUDED_RESEARCH_PARTIAL_VERIFIED_STRICT,True,True,True,False,True
WS:US:ASO,US_SP1500,Academy Sports + Outdoors,ASO,,INCLUDED_RESEARCH_PARTIAL_VERIFIED_STRICT,True,True,True,False,True
WS:US:ASTE,US_SP1500,"Astec Industries, Inc.",ASTE,,EXCLUDED_OTHER_NON_STRICT_REASON_NOT_CLASSIFIED_V0_22,True,True,False,False,False
WS:US:ASTH,US_SP1500,"Astrana Health, Inc.",ASTH,,INCLUDED_RESEARCH_PARTIAL_VERIFIED_STRICT,True,True,True,False,True
WS:US:ATEN,US_SP1500,"A10 Networks, Inc.",ATEN,,INCLUDED_RESEARCH_PARTIAL_VERIFIED_STRICT,True,True,True,False,True
WS:US:ATI,US_SP1500,ATI Inc.,ATI,,INCLUDED_RESEARCH_PARTIAL_VERIFIED_STRICT,True,True,True,False,True
WS:US:ATMU,US_SP1500,Atmus Filtration Technologies Inc.,ATMU,,INCLUDED_RESEARCH_PARTIAL_VERIFIED_STRICT,True,True,True,False,True
WS:US:ATO,US_SP1500,Atmos Energy,ATO,,INCLUDED_RESEARCH_PARTIAL_VERIFIED_STRICT,True,True,True,False,True
WS:US:ATR,US_SP1500,AptarGroup,ATR,,INCLUDED_RESEARCH_PARTIAL_VERIFIED_STRICT,True,True,True,False,True
WS:US:AUB,US_SP1500,"Atlantic Union Bankshares, Corp.",AUB,,INCLUDED_RESEARCH_PARTIAL_VERIFIED_STRICT,True,True,True,False,True
WS:US:AVA,US_SP1500,Avista Corporation,AVA,,INCLUDED_RESEARCH_PARTIAL_VERIFIED_STRICT,True,True,True,False,True
WS:US:AVAV,US_SP1500,AeroVironment,AVAV,,INCLUDED_RESEARCH_PARTIAL_VERIFIED_STRICT,True,True,True,False,True
WS:US:AVGO,US_SP1500,Broadcom,AVGO,,INCLUDED_RESEARCH_PARTIAL_VERIFIED_STRICT,True,True,True,False,True
WS:US:AVNT,US_SP1500,Avient,AVNT,,INCLUDED_RESEARCH_PARTIAL_VERIFIED_STRICT,True,True,True,False,True
WS:US:AVT,US_SP1500,Avnet,AVT,,INCLUDED_RESEARCH_PARTIAL_VERIFIED_STRICT,True,True,True,False,True
WS:US:AVTR,US_SP1500,Avantor,AVTR,,INCLUDED_RESEARCH_PARTIAL_VERIFIED_STRICT,True,True,True,False,True
WS:US:AVY,US_SP1500,Avery Dennison,AVY,,INCLUDED_RESEARCH_PARTIAL_VERIFIED_STRICT,True,True,True,False,True
WS:US:AWI,US_SP1500,"Armstrong World Industries, Inc.",AWI,,INCLUDED_RESEARCH_PARTIAL_VERIFIED_STRICT,True,True,True,False,True
WS:US:AWK,US_SP1500,American Water Works,AWK,,INCLUDED_RESEARCH_PARTIAL_VERIFIED_STRICT,True,True,True,False,True
WS:US:AWR,US_SP1500,American States Water Company,AWR,,INCLUDED_RESEARCH_PARTIAL_VERIFIED_STRICT,True,True,True,False,True
WS:US:AX,US_SP1500,"Axos Financial, Inc.",AX,,INCLUDED_RESEARCH_PARTIAL_VERIFIED_STRICT,True,True,True,False,True
WS:US:AXON,US_SP1500,Axon Enterprise,AXON,,INCLUDED_RESEARCH_PARTIAL_VERIFIED_STRICT,True,True,True,False,True
WS:US:AXP,US_SP1500,American Express,AXP,,INCLUDED_RESEARCH_PARTIAL_VERIFIED_STRICT,True,True,True,False,True
WS:US:AXTA,US_SP1500,Axalta,AXTA,,INCLUDED_RESEARCH_PARTIAL_VERIFIED_STRICT,True,True,True,False,True
WS:US:AYI,US_SP1500,Acuity Brands,AYI,,INCLUDED_RESEARCH_PARTIAL_VERIFIED_STRICT,True,True,True,False,True
WS:US:AZO,US_SP1500,AutoZone,AZO,,INCLUDED_RESEARCH_PARTIAL_VERIFIED_STRICT,True,True,True,False,True
WS:US:AZTA,US_SP1500,"Azenta, Inc.",AZTA,,INCLUDED_RESEARCH_PARTIAL_VERIFIED_STRICT,True,True,True,False,True
WS:US:AZZ,US_SP1500,"AZZ, Inc.",AZZ,,INCLUDED_RESEARCH_PARTIAL_VERIFIED_STRICT,True,True,True,False,True
WS:US:BA,US_SP1500,Boeing,BA,,INCLUDED_RESEARCH_PARTIAL_VERIFIED_STRICT,True,True,True,False,True
WS:US:BAC,US_SP1500,Bank of America,BAC,,INCLUDED_RESEARCH_PARTIAL_VERIFIED_STRICT,True,True,True,False,True
WS:US:BAH,US_SP1500,Booz Allen Hamilton,BAH,,INCLUDED_RESEARCH_PARTIAL_VERIFIED_STRICT,True,True,True,False,True
WS:US:BALL,US_SP1500,Ball Corporation,BALL,,INCLUDED_RESEARCH_PARTIAL_VERIFIED_STRICT,True,True,True,False,True
WS:US:BANC,US_SP1500,"Banc Of California, Inc.",BANC,,INCLUDED_RESEARCH_PARTIAL_VERIFIED_STRICT,True,True,True,False,True
WS:US:BANF,US_SP1500,Bancfirst Corp,BANF,,EXCLUDED_OTHER_NON_STRICT_REASON_NOT_CLASSIFIED_V0_22,True,True,False,False,False
WS:US:BANR,US_SP1500,Banner Corporation,BANR,,INCLUDED_RESEARCH_PARTIAL_VERIFIED_STRICT,True,True,True,False,True
WS:US:BAX,US_SP1500,Baxter International,BAX,,INCLUDED_RESEARCH_PARTIAL_VERIFIED_STRICT,True,True,True,False,True
WS:US:BBT,US_SP1500,Beacon Financial Corp.,BBT,,INCLUDED_RESEARCH_PARTIAL_VERIFIED_STRICT,True,True,True,False,True
WS:US:BBWI,US_SP1500,"Bath & Body Works, Inc.",BBWI,,INCLUDED_RESEARCH_PARTIAL_VERIFIED_STRICT,True,True,True,False,True
WS:US:BBY,US_SP1500,Best Buy,BBY,,INCLUDED_RESEARCH_PARTIAL_VERIFIED_STRICT,True,True,True,False,True
WS:US:BC,US_SP1500,Brunswick,BC,,INCLUDED_RESEARCH_PARTIAL_VERIFIED_STRICT,True,True,True,False,True
WS:US:BCC,US_SP1500,Boise Cascade,BCC,,INCLUDED_RESEARCH_PARTIAL_VERIFIED_STRICT,True,True,True,False,True
WS:US:BCO,US_SP1500,Brink's,BCO,,INCLUDED_RESEARCH_PARTIAL_VERIFIED_STRICT,True,True,True,False,True
WS:US:BCPC,US_SP1500,Balchem Corporation,BCPC,,INCLUDED_RESEARCH_PARTIAL_VERIFIED_STRICT,True,True,True,False,True
WS:US:BDC,US_SP1500,Belden Inc.,BDC,,INCLUDED_RESEARCH_PARTIAL_VERIFIED_STRICT,True,True,True,False,True
WS:US:BDX,US_SP1500,Becton Dickinson,BDX,,INCLUDED_RESEARCH_PARTIAL_VERIFIED_STRICT,True,True,True,False,True
WS:US:BEN,US_SP1500,Franklin Resources,BEN,,INCLUDED_RESEARCH_PARTIAL_VERIFIED_STRICT,True,True,True,False,True
WS:US:BF.B,US_SP1500,Brown–Forman,BF-B,,INCLUDED_RESEARCH_PARTIAL_VERIFIED_STRICT,True,True,True,False,True
WS:US:BFAM,US_SP1500,Bright Horizons Family Solutions Inc.,BFAM,,INCLUDED_RESEARCH_PARTIAL_VERIFIED_STRICT,True,True,True,False,True
WS:US:BFH,US_SP1500,"Bread Financial Holdings, Inc.",BFH,,INCLUDED_RESEARCH_PARTIAL_VERIFIED_STRICT,True,True,True,False,True
WS:US:BFS,US_SP1500,"Saul Centers, Inc.",BFS,,EXCLUDED_OTHER_NON_STRICT_REASON_NOT_CLASSIFIED_V0_22,True,True,False,False,False
WS:US:BG,US_SP1500,Bunge Global,BG,,INCLUDED_RESEARCH_PARTIAL_VERIFIED_STRICT,True,True,True,False,True
WS:US:BGC,US_SP1500,"BGC Group, Inc.",BGC,,INCLUDED_RESEARCH_PARTIAL_VERIFIED_STRICT,True,True,True,False,True
WS:US:BHE,US_SP1500,"Benchmark Electronics, Inc.",BHE,,INCLUDED_RESEARCH_PARTIAL_VERIFIED_STRICT,True,True,True,False,True
WS:US:BHF,US_SP1500,Brighthouse Financial,BHF,,INCLUDED_RESEARCH_PARTIAL_VERIFIED_STRICT,True,True,True,False,True
WS:US:BIIB,US_SP1500,Biogen,BIIB,,INCLUDED_RESEARCH_PARTIAL_VERIFIED_STRICT,True,True,True,False,True
WS:US:BILL,US_SP1500,Bill Holdings,BILL,,INCLUDED_RESEARCH_PARTIAL_VERIFIED_STRICT,True,True,True,False,True
WS:US:BIO,US_SP1500,Bio-Rad Laboratories,BIO,,INCLUDED_RESEARCH_PARTIAL_VERIFIED_STRICT,True,True,True,False,True
WS:US:BJ,US_SP1500,BJ's Wholesale Club,BJ,,INCLUDED_RESEARCH_PARTIAL_VERIFIED_STRICT,True,True,True,False,True
WS:US:BJRI,US_SP1500,"BJ's Restaurants, Inc.",BJRI,,INCLUDED_RESEARCH_PARTIAL_VERIFIED_STRICT,True,True,True,False,True
WS:US:BKE,US_SP1500,"The Buckle, Inc.",BKE,,INCLUDED_RESEARCH_PARTIAL_VERIFIED_STRICT,True,True,True,False,True
WS:US:BKH,US_SP1500,Black Hills Corporation,BKH,,INCLUDED_RESEARCH_PARTIAL_VERIFIED_STRICT,True,True,True,False,True
WS:US:BKNG,US_SP1500,Booking Holdings,BKNG,,INCLUDED_RESEARCH_PARTIAL_VERIFIED_STRICT,True,True,True,False,True
WS:US:BKR,US_SP1500,Baker Hughes,BKR,,INCLUDED_RESEARCH_PARTIAL_VERIFIED_STRICT,True,True,True,False,True
WS:US:BKU,US_SP1500,"BankUnited, Inc.",BKU,,INCLUDED_RESEARCH_PARTIAL_VERIFIED_STRICT,True,True,True,False,True
WS:US:BL,US_SP1500,"BlackLine Systems, Inc.",BL,,INCLUDED_RESEARCH_PARTIAL_VERIFIED_STRICT,True,True,True,False,True
WS:US:BLDR,US_SP1500,Builders FirstSource,BLDR,,INCLUDED_RESEARCH_PARTIAL_VERIFIED_STRICT,True,True,True,False,True
WS:US:BLFS,US_SP1500,"BioLife Solutions, Inc.",BLFS,,INCLUDED_RESEARCH_PARTIAL_VERIFIED_STRICT,True,True,True,False,True
WS:US:BLK,US_SP1500,BlackRock,BLK,,INCLUDED_RESEARCH_PARTIAL_VERIFIED_STRICT,True,True,True,False,True
WS:US:BLKB,US_SP1500,Blackbaud,BLKB,,INCLUDED_RESEARCH_PARTIAL_VERIFIED_STRICT,True,True,True,False,True
WS:US:BMI,US_SP1500,"Badger Meter, Inc.",BMI,,INCLUDED_RESEARCH_PARTIAL_VERIFIED_STRICT,True,True,True,False,True
WS:US:BMRN,US_SP1500,BioMarin Pharmaceutical,BMRN,,INCLUDED_RESEARCH_PARTIAL_VERIFIED_STRICT,True,True,True,False,True
WS:US:BMY,US_SP1500,Bristol Myers Squibb,BMY,,INCLUDED_RESEARCH_PARTIAL_VERIFIED_STRICT,True,True,True,False,True
WS:US:BNL,US_SP1500,"Broadstone Net Lease, Inc.",BNL,,INCLUDED_RESEARCH_PARTIAL_VERIFIED_STRICT,True,True,True,False,True
WS:US:BNY,US_SP1500,BNY Mellon,BNY,,INCLUDED_RESEARCH_PARTIAL_VERIFIED_STRICT,True,True,True,False,True
WS:US:BOH,US_SP1500,Bank of Hawaii,BOH,,INCLUDED_RESEARCH_PARTIAL_VERIFIED_STRICT,True,True,True,False,True
WS:US:BOOT,US_SP1500,"Boot Barn Holdings, Inc.",BOOT,,INCLUDED_RESEARCH_PARTIAL_VERIFIED_STRICT,True,True,True,False,True
WS:US:BOX,US_SP1500,"Box, Inc.",BOX,,INCLUDED_RESEARCH_PARTIAL_VERIFIED_STRICT,True,True,True,False,True
WS:US:BR,US_SP1500,Broadridge Financial Solutions,BR,,INCLUDED_RESEARCH_PARTIAL_VERIFIED_STRICT,True,True,True,False,True
WS:US:BRC,US_SP1500,Brady Corporation,BRC,,EXCLUDED_OTHER_NON_STRICT_REASON_NOT_CLASSIFIED_V0_22,True,True,False,False,False
WS:US:BRK.B,US_SP1500,Berkshire Hathaway,BRK-B,,INCLUDED_RESEARCH_PARTIAL_VERIFIED_STRICT,True,True,True,False,True
WS:US:BRKR,US_SP1500,Bruker,BRKR,,INCLUDED_RESEARCH_PARTIAL_VERIFIED_STRICT,True,True,True,False,True
WS:US:BRO,US_SP1500,Brown & Brown,BRO,,INCLUDED_RESEARCH_PARTIAL_VERIFIED_STRICT,True,True,True,False,True
WS:US:BROS,US_SP1500,Dutch Bros Inc.,BROS,,INCLUDED_RESEARCH_PARTIAL_VERIFIED_STRICT,True,True,True,False,True
WS:US:BRX,US_SP1500,Brixmor Property Group,BRX,,INCLUDED_RESEARCH_PARTIAL_VERIFIED_STRICT,True,True,True,False,True
WS:US:BSX,US_SP1500,Boston Scientific,BSX,,INCLUDED_RESEARCH_PARTIAL_VERIFIED_STRICT,True,True,True,False,True
WS:US:BSY,US_SP1500,Bentley Systems,BSY,,INCLUDED_RESEARCH_PARTIAL_VERIFIED_STRICT,True,True,True,False,True
WS:US:BTSG,US_SP1500,BrightSpring Health Services,BTSG,,INCLUDED_RESEARCH_PARTIAL_VERIFIED_STRICT,True,True,True,False,True
WS:US:BTU,US_SP1500,"Peabody Energy, Inc.",BTU,,INCLUDED_RESEARCH_PARTIAL_VERIFIED_STRICT,True,True,True,False,True
WS:US:BURL,US_SP1500,Burlington Stores,BURL,,INCLUDED_RESEARCH_PARTIAL_VERIFIED_STRICT,True,True,True,False,True
WS:US:BWA,US_SP1500,BorgWarner,BWA,,INCLUDED_RESEARCH_PARTIAL_VERIFIED_STRICT,True,True,True,False,True
WS:US:BWXT,US_SP1500,BWX Technologies,BWXT,,INCLUDED_RESEARCH_PARTIAL_VERIFIED_STRICT,True,True,True,False,True
WS:US:BX,US_SP1500,Blackstone Inc.,BX,,INCLUDED_RESEARCH_PARTIAL_VERIFIED_STRICT,True,True,True,False,True
WS:US:BXMT,US_SP1500,"Blackstone Mortgage Trust, Inc.",BXMT,,INCLUDED_RESEARCH_PARTIAL_VERIFIED_STRICT,True,True,True,False,True
WS:US:BXP,US_SP1500,"BXP, Inc.",BXP,,INCLUDED_RESEARCH_PARTIAL_VERIFIED_STRICT,True,True,True,False,True
WS:US:BYD,US_SP1500,Boyd Gaming,BYD,,INCLUDED_RESEARCH_PARTIAL_VERIFIED_STRICT,True,True,True,False,True
WS:US:C,US_SP1500,Citigroup,C,,INCLUDED_RESEARCH_PARTIAL_VERIFIED_STRICT,True,True,True,False,True
WS:US:CACC,US_SP1500,Credit Acceptance,CACC,,INCLUDED_RESEARCH_PARTIAL_VERIFIED_STRICT,True,True,True,False,True
WS:US:CACI,US_SP1500,CACI International,CACI,,INCLUDED_RESEARCH_PARTIAL_VERIFIED_STRICT,True,True,True,False,True
WS:US:CAG,US_SP1500,Conagra Brands,CAG,,INCLUDED_RESEARCH_PARTIAL_VERIFIED_STRICT,True,True,True,False,True
WS:US:CAH,US_SP1500,Cardinal Health,CAH,,INCLUDED_RESEARCH_PARTIAL_VERIFIED_STRICT,True,True,True,False,True
WS:US:CAKE,US_SP1500,"The Cheesecake Factory, Inc.",CAKE,,INCLUDED_RESEARCH_PARTIAL_VERIFIED_STRICT,True,True,True,False,True
WS:US:CALM,US_SP1500,"Cal-Maine Foods, Inc.",CALM,,INCLUDED_RESEARCH_PARTIAL_VERIFIED_STRICT,True,True,True,False,True
WS:US:CALX,US_SP1500,Calix,CALX,,INCLUDED_RESEARCH_PARTIAL_VERIFIED_STRICT,True,True,True,False,True
WS:US:CALY,US_SP1500,Callaway Golf Company,CALY,,INCLUDED_RESEARCH_PARTIAL_VERIFIED_STRICT,True,True,True,False,True
WS:US:CAR,US_SP1500,Avis Budget Group,CAR,,INCLUDED_RESEARCH_PARTIAL_VERIFIED_STRICT,True,True,True,False,True
WS:US:CARG,US_SP1500,CarGurus,CARG,,INCLUDED_RESEARCH_PARTIAL_VERIFIED_STRICT,True,True,True,False,True
WS:US:CARR,US_SP1500,Carrier Global,CARR,,INCLUDED_RESEARCH_PARTIAL_VERIFIED_STRICT,True,True,True,False,True
WS:US:CART,US_SP1500,Maplebear Inc.,CART,,INCLUDED_RESEARCH_PARTIAL_VERIFIED_STRICT,True,True,True,False,True
WS:US:CASH,US_SP1500,"Pathward Financial, Inc.",CASH,,EXCLUDED_OTHER_NON_STRICT_REASON_NOT_CLASSIFIED_V0_22,True,True,False,False,False
WS:US:CASY,US_SP1500,Casey's,CASY,,INCLUDED_RESEARCH_PARTIAL_VERIFIED_STRICT,True,True,True,False,True
WS:US:CAT,US_SP1500,Caterpillar Inc.,CAT,,INCLUDED_RESEARCH_PARTIAL_VERIFIED_STRICT,True,True,True,False,True
WS:US:CATY,US_SP1500,Cathay General Bancorp,CATY,,INCLUDED_RESEARCH_PARTIAL_VERIFIED_STRICT,True,True,True,False,True
WS:US:CAVA,US_SP1500,Cava Group,CAVA,,INCLUDED_RESEARCH_PARTIAL_VERIFIED_STRICT,True,True,True,False,True
WS:US:CB,US_SP1500,Chubb Limited,CB,,INCLUDED_RESEARCH_PARTIAL_VERIFIED_STRICT,True,True,True,False,True
WS:US:CBOE,US_SP1500,Cboe Global Markets,CBOE,,INCLUDED_RESEARCH_PARTIAL_VERIFIED_STRICT,True,True,True,False,True
WS:US:CBRE,US_SP1500,CBRE Group,CBRE,,INCLUDED_RESEARCH_PARTIAL_VERIFIED_STRICT,True,True,True,False,True
WS:US:CBRL,US_SP1500,Cracker Barrel,CBRL,,INCLUDED_RESEARCH_PARTIAL_VERIFIED_STRICT,True,True,True,False,True
WS:US:CBSH,US_SP1500,Commerce Bancshares,CBSH,,INCLUDED_RESEARCH_PARTIAL_VERIFIED_STRICT,True,True,True,False,True
WS:US:CBT,US_SP1500,Cabot Corp,CBT,,INCLUDED_RESEARCH_PARTIAL_VERIFIED_STRICT,True,True,True,False,True
WS:US:CBU,US_SP1500,"Community Bank System, Inc.",CBU,,EXCLUDED_OTHER_NON_STRICT_REASON_NOT_CLASSIFIED_V0_22,True,True,False,False,False
WS:US:CC,US_SP1500,Chemours,CC,,INCLUDED_RESEARCH_PARTIAL_VERIFIED_STRICT,True,True,True,False,True
WS:US:CCI,US_SP1500,Crown Castle,CCI,,INCLUDED_RESEARCH_PARTIAL_VERIFIED_STRICT,True,True,True,False,True
WS:US:CCK,US_SP1500,Crown Holdings,CCK,,INCLUDED_RESEARCH_PARTIAL_VERIFIED_STRICT,True,True,True,False,True
WS:US:CCL,US_SP1500,Carnival Corporation,CCL,,INCLUDED_RESEARCH_PARTIAL_VERIFIED_STRICT,True,True,True,False,True
WS:US:CCOI,US_SP1500,"Cogent Communications Holdings, Inc.",CCOI,,INCLUDED_RESEARCH_PARTIAL_VERIFIED_STRICT,True,True,True,False,True
WS:US:CCS,US_SP1500,"Century Communities, Inc.",CCS,,EXCLUDED_OTHER_NON_STRICT_REASON_NOT_CLASSIFIED_V0_22,True,True,False,False,False
WS:US:CDE,US_SP1500,Coeur Mining,CDE,,INCLUDED_RESEARCH_PARTIAL_VERIFIED_STRICT,True,True,True,False,True
WS:US:CDNS,US_SP1500,Cadence Design Systems,CDNS,,INCLUDED_RESEARCH_PARTIAL_VERIFIED_STRICT,True,True,True,False,True
WS:US:CDP,US_SP1500,COPT Defense Properties,CDP,,INCLUDED_RESEARCH_PARTIAL_VERIFIED_STRICT,True,True,True,False,True
WS:US:CDW,US_SP1500,CDW Corporation,CDW,,INCLUDED_RESEARCH_PARTIAL_VERIFIED_STRICT,True,True,True,False,True
WS:US:CE,US_SP1500,Celanese,CE,,INCLUDED_RESEARCH_PARTIAL_VERIFIED_STRICT,True,True,True,False,True
WS:US:CEG,US_SP1500,Constellation Energy,CEG,,INCLUDED_RESEARCH_PARTIAL_VERIFIED_STRICT,True,True,True,False,True
WS:US:CELH,US_SP1500,Celsius Holdings,CELH,,INCLUDED_RESEARCH_PARTIAL_VERIFIED_STRICT,True,True,True,False,True
WS:US:CENT,US_SP1500,Central Garden & Pet Company,CENT,,EXCLUDED_OTHER_NON_STRICT_REASON_NOT_CLASSIFIED_V0_22,True,True,False,False,False
WS:US:CENTA,US_SP1500,Central Garden & Pet Company (Class A),CENTA,,EXCLUDED_OTHER_NON_STRICT_REASON_NOT_CLASSIFIED_V0_22,True,True,False,False,False
WS:US:CENX,US_SP1500,Century Aluminum Company,CENX,,INCLUDED_RESEARCH_PARTIAL_VERIFIED_STRICT,True,True,True,False,True
WS:US:CERT,US_SP1500,"Certara, Inc.",CERT,,INCLUDED_RESEARCH_PARTIAL_VERIFIED_STRICT,True,True,True,False,True
WS:US:CF,US_SP1500,CF Industries,CF,,INCLUDED_RESEARCH_PARTIAL_VERIFIED_STRICT,True,True,True,False,True
WS:US:CFFN,US_SP1500,Capitol Federal Savings Bank,CFFN,,EXCLUDED_OTHER_NON_STRICT_REASON_NOT_CLASSIFIED_V0_22,True,True,False,False,False
WS:US:CFG,US_SP1500,Citizens Financial Group,CFG,,INCLUDED_RESEARCH_PARTIAL_VERIFIED_STRICT,True,True,True,False,True
WS:US:CFR,US_SP1500,Frost Bank,CFR,,INCLUDED_RESEARCH_PARTIAL_VERIFIED_STRICT,True,True,True,False,True
WS:US:CG,US_SP1500,Carlyle Group (The),CG,,INCLUDED_RESEARCH_PARTIAL_VERIFIED_STRICT,True,True,True,False,True
WS:US:CGNX,US_SP1500,Cognex,CGNX,,INCLUDED_RESEARCH_PARTIAL_VERIFIED_STRICT,True,True,True,False,True
WS:US:CHCO,US_SP1500,City Holding Company,CHCO,,EXCLUDED_OTHER_NON_STRICT_REASON_NOT_CLASSIFIED_V0_22,True,True,False,False,False
WS:US:CHD,US_SP1500,Church & Dwight,CHD,,INCLUDED_RESEARCH_PARTIAL_VERIFIED_STRICT,True,True,True,False,True
WS:US:CHDN,US_SP1500,Churchill Downs Inc.,CHDN,,INCLUDED_RESEARCH_PARTIAL_VERIFIED_STRICT,True,True,True,False,True
WS:US:CHE,US_SP1500,Chemed Corp.,CHE,,INCLUDED_RESEARCH_PARTIAL_VERIFIED_STRICT,True,True,True,False,True
WS:US:CHEF,US_SP1500,"Chefs' Warehouse, Inc.",CHEF,,INCLUDED_RESEARCH_PARTIAL_VERIFIED_STRICT,True,True,True,False,True
WS:US:CHH,US_SP1500,Choice Hotels,CHH,,INCLUDED_RESEARCH_PARTIAL_VERIFIED_STRICT,True,True,True,False,True
WS:US:CHRD,US_SP1500,Chord Energy,CHRD,,INCLUDED_RESEARCH_PARTIAL_VERIFIED_STRICT,True,True,True,False,True
WS:US:CHRW,US_SP1500,C.H. Robinson,CHRW,,INCLUDED_RESEARCH_PARTIAL_VERIFIED_STRICT,True,True,True,False,True
WS:US:CHTR,US_SP1500,Charter Communications,CHTR,,INCLUDED_RESEARCH_PARTIAL_VERIFIED_STRICT,True,True,True,False,True
WS:US:CHWY,US_SP1500,Chewy,CHWY,,INCLUDED_RESEARCH_PARTIAL_VERIFIED_STRICT,True,True,True,False,True
WS:US:CI,US_SP1500,Cigna,CI,,INCLUDED_RESEARCH_PARTIAL_VERIFIED_STRICT,True,True,True,False,True
WS:US:CIEN,US_SP1500,Ciena,CIEN,,INCLUDED_RESEARCH_PARTIAL_VERIFIED_STRICT,True,True,True,False,True
WS:US:CINF,US_SP1500,Cincinnati Financial,CINF,,INCLUDED_RESEARCH_PARTIAL_VERIFIED_STRICT,True,True,True,False,True
WS:US:CL,US_SP1500,Colgate-Palmolive,CL,,INCLUDED_RESEARCH_PARTIAL_VERIFIED_STRICT,True,True,True,False,True
WS:US:CLF,US_SP1500,Cleveland-Cliffs,CLF,,INCLUDED_RESEARCH_PARTIAL_VERIFIED_STRICT,True,True,True,False,True
WS:US:CLH,US_SP1500,Clean Harbors,CLH,,INCLUDED_RESEARCH_PARTIAL_VERIFIED_STRICT,True,True,True,False,True
WS:US:CLSK,US_SP1500,"CleanSpark, Inc.",CLSK,,INCLUDED_RESEARCH_PARTIAL_VERIFIED_STRICT,True,True,True,False,True
WS:US:CLX,US_SP1500,Clorox,CLX,,INCLUDED_RESEARCH_PARTIAL_VERIFIED_STRICT,True,True,True,False,True
WS:US:CMC,US_SP1500,Commercial Metals,CMC,,INCLUDED_RESEARCH_PARTIAL_VERIFIED_STRICT,True,True,True,False,True
WS:US:CMCSA,US_SP1500,Comcast,CMCSA,,INCLUDED_RESEARCH_PARTIAL_VERIFIED_STRICT,True,True,True,False,True
WS:US:CME,US_SP1500,CME Group,CME,,INCLUDED_RESEARCH_PARTIAL_VERIFIED_STRICT,True,True,True,False,True
WS:US:CMG,US_SP1500,Chipotle Mexican Grill,CMG,,INCLUDED_RESEARCH_PARTIAL_VERIFIED_STRICT,True,True,True,False,True
WS:US:CMI,US_SP1500,Cummins,CMI,,INCLUDED_RESEARCH_PARTIAL_VERIFIED_STRICT,True,True,True,False,True
WS:US:CMS,US_SP1500,CMS Energy,CMS,,INCLUDED_RESEARCH_PARTIAL_VERIFIED_STRICT,True,True,True,False,True
WS:US:CNC,US_SP1500,Centene Corporation,CNC,,INCLUDED_RESEARCH_PARTIAL_VERIFIED_STRICT,True,True,True,False,True
WS:US:CNH,US_SP1500,CNH Industrial,CNH,,INCLUDED_RESEARCH_PARTIAL_VERIFIED_STRICT,True,True,True,False,True
WS:US:CNK,US_SP1500,"Cinemark Holdings, Inc.",CNK,,INCLUDED_RESEARCH_PARTIAL_VERIFIED_STRICT,True,True,True,False,True
WS:US:CNM,US_SP1500,Core & Main,CNM,,INCLUDED_RESEARCH_PARTIAL_VERIFIED_STRICT,True,True,True,False,True
WS:US:CNMD,US_SP1500,CONMED Corporation,CNMD,,INCLUDED_RESEARCH_PARTIAL_VERIFIED_STRICT,True,True,True,False,True
WS:US:CNO,US_SP1500,CNO Financial Group,CNO,,INCLUDED_RESEARCH_PARTIAL_VERIFIED_STRICT,True,True,True,False,True
WS:US:CNP,US_SP1500,CenterPoint Energy,CNP,,INCLUDED_RESEARCH_PARTIAL_VERIFIED_STRICT,True,True,True,False,True
WS:US:CNR,US_SP1500,"Core Natural Resources, Inc.",CNR,,INCLUDED_RESEARCH_PARTIAL_VERIFIED_STRICT,True,True,True,False,True
WS:US:CNS,US_SP1500,"Cohen & Steers, Inc.",CNS,,INCLUDED_RESEARCH_PARTIAL_VERIFIED_STRICT,True,True,True,False,True
WS:US:CNX,US_SP1500,CNX Resources,CNX,,INCLUDED_RESEARCH_PARTIAL_VERIFIED_STRICT,True,True,True,False,True
WS:US:CNXC,US_SP1500,Concentrix,CNXC,,INCLUDED_RESEARCH_PARTIAL_VERIFIED_STRICT,True,True,True,False,True
WS:US:CNXN,US_SP1500,"PC Connection, Inc.",CNXN,,EXCLUDED_OTHER_NON_STRICT_REASON_NOT_CLASSIFIED_V0_22,True,True,False,False,False
WS:US:COCO,US_SP1500,The Vita Coco Company,COCO,,INCLUDED_RESEARCH_PARTIAL_VERIFIED_STRICT,True,True,True,False,True
WS:US:COF,US_SP1500,Capital One,COF,,INCLUDED_RESEARCH_PARTIAL_VERIFIED_STRICT,True,True,True,False,True
WS:US:COHR,US_SP1500,Coherent Corp.,COHR,,INCLUDED_RESEARCH_PARTIAL_VERIFIED_STRICT,True,True,True,False,True
WS:US:COHU,US_SP1500,"Cohu, Inc.",COHU,,INCLUDED_RESEARCH_PARTIAL_VERIFIED_STRICT,True,True,True,False,True
WS:US:COIN,US_SP1500,Coinbase,COIN,,INCLUDED_RESEARCH_PARTIAL_VERIFIED_STRICT,True,True,True,False,True
WS:US:COKE,US_SP1500,Coca-Cola Consolidated,COKE,,INCLUDED_RESEARCH_PARTIAL_VERIFIED_STRICT,True,True,True,False,True
WS:US:COLB,US_SP1500,Columbia Banking System,COLB,,INCLUDED_RESEARCH_PARTIAL_VERIFIED_STRICT,True,True,True,False,True
WS:US:COLL,US_SP1500,"Collegium Pharmaceutical, Inc.",COLL,,INCLUDED_RESEARCH_PARTIAL_VERIFIED_STRICT,True,True,True,False,True
WS:US:COLM,US_SP1500,Columbia Sportswear,COLM,,INCLUDED_RESEARCH_PARTIAL_VERIFIED_STRICT,True,True,True,False,True
WS:US:CON,US_SP1500,"Concentra Group Holdings Parent, Inc.",CON,,INCLUDED_RESEARCH_PARTIAL_VERIFIED_STRICT,True,True,True,False,True
WS:US:COO,US_SP1500,Cooper Companies (The),COO,,INCLUDED_RESEARCH_PARTIAL_VERIFIED_STRICT,True,True,True,False,True
WS:US:COP,US_SP1500,ConocoPhillips,COP,,INCLUDED_RESEARCH_PARTIAL_VERIFIED_STRICT,True,True,True,False,True
WS:US:COR,US_SP1500,Cencora,COR,,INCLUDED_RESEARCH_PARTIAL_VERIFIED_STRICT,True,True,True,False,True
WS:US:CORT,US_SP1500,Corcept Therapeutics Incorporated,CORT,,EXCLUDED_OTHER_NON_STRICT_REASON_NOT_CLASSIFIED_V0_22,True,True,False,False,False
WS:US:COST,US_SP1500,Costco,COST,,INCLUDED_RESEARCH_PARTIAL_VERIFIED_STRICT,True,True,True,False,True
WS:US:COTY,US_SP1500,Coty,COTY,,INCLUDED_RESEARCH_PARTIAL_VERIFIED_STRICT,True,True,True,False,True
WS:US:CPAY,US_SP1500,Corpay,CPAY,,INCLUDED_RESEARCH_PARTIAL_VERIFIED_STRICT,True,True,True,False,True
WS:US:CPB,US_SP1500,The Campbell's Company,CPB,,INCLUDED_RESEARCH_PARTIAL_VERIFIED_STRICT,True,True,True,False,True
WS:US:CPF,US_SP1500,Central Pacific Financial Corp.,CPF,,EXCLUDED_OTHER_NON_STRICT_REASON_NOT_CLASSIFIED_V0_22,True,True,False,False,False
WS:US:CPK,US_SP1500,Chesapeake Utilities Corp.,CPK,,INCLUDED_RESEARCH_PARTIAL_VERIFIED_STRICT,True,True,True,False,True
WS:US:CPRI,US_SP1500,Capri Holdings,CPRI,,INCLUDED_RESEARCH_PARTIAL_VERIFIED_STRICT,True,True,True,False,True
WS:US:CPRT,US_SP1500,Copart,CPRT,,INCLUDED_RESEARCH_PARTIAL_VERIFIED_STRICT,True,True,True,False,True
WS:US:CPT,US_SP1500,Camden Property Trust,CPT,,INCLUDED_RESEARCH_PARTIAL_VERIFIED_STRICT,True,True,True,False,True
WS:US:CR,US_SP1500,Crane,CR,,INCLUDED_RESEARCH_PARTIAL_VERIFIED_STRICT,True,True,True,False,True
WS:US:CRBG,US_SP1500,Corebridge Financial,CRBG,,INCLUDED_RESEARCH_PARTIAL_VERIFIED_STRICT,True,True,True,False,True
WS:US:CRC,US_SP1500,California Resources Corporation,CRC,,INCLUDED_RESEARCH_PARTIAL_VERIFIED_STRICT,True,True,True,False,True
WS:US:CRGY,US_SP1500,Crescent Energy Company,CRGY,,INCLUDED_RESEARCH_PARTIAL_VERIFIED_STRICT,True,True,True,False,True
WS:US:CRH,US_SP1500,CRH plc,CRH,,INCLUDED_RESEARCH_PARTIAL_VERIFIED_STRICT,True,True,True,False,True
WS:US:CRI,US_SP1500,"Carter's, Inc.",CRI,,INCLUDED_RESEARCH_PARTIAL_VERIFIED_STRICT,True,True,True,False,True
WS:US:CRK,US_SP1500,"Comstock Resources, Inc.",CRK,,INCLUDED_RESEARCH_PARTIAL_VERIFIED_STRICT,True,True,True,False,True
WS:US:CRL,US_SP1500,Charles River Laboratories,CRL,,INCLUDED_RESEARCH_PARTIAL_VERIFIED_STRICT,True,True,True,False,True
WS:US:CRM,US_SP1500,Salesforce,CRM,,INCLUDED_RESEARCH_PARTIAL_VERIFIED_STRICT,True,True,True,False,True
WS:US:CROX,US_SP1500,Crocs,CROX,,INCLUDED_RESEARCH_PARTIAL_VERIFIED_STRICT,True,True,True,False,True
WS:US:CRS,US_SP1500,Carpenter Technology,CRS,,INCLUDED_RESEARCH_PARTIAL_VERIFIED_STRICT,True,True,True,False,True
WS:US:CRSR,US_SP1500,Corsair Gaming,CRSR,,INCLUDED_RESEARCH_PARTIAL_VERIFIED_STRICT,True,True,True,False,True
WS:US:CRUS,US_SP1500,Cirrus Logic,CRUS,,INCLUDED_RESEARCH_PARTIAL_VERIFIED_STRICT,True,True,True,False,True
WS:US:CRVL,US_SP1500,CorVel Corporation,CRVL,,EXCLUDED_OTHER_NON_STRICT_REASON_NOT_CLASSIFIED_V0_22,True,True,False,False,False
WS:US:CRWD,US_SP1500,CrowdStrike,CRWD,,INCLUDED_RESEARCH_PARTIAL_VERIFIED_STRICT,True,True,True,False,True
WS:US:CSCO,US_SP1500,Cisco,CSCO,,INCLUDED_RESEARCH_PARTIAL_VERIFIED_STRICT,True,True,True,False,True
WS:US:CSGP,US_SP1500,CoStar Group,CSGP,,INCLUDED_RESEARCH_PARTIAL_VERIFIED_STRICT,True,True,True,False,True
WS:US:CSL,US_SP1500,Carlisle Companies,CSL,,INCLUDED_RESEARCH_PARTIAL_VERIFIED_STRICT,True,True,True,False,True
WS:US:CSR,US_SP1500,Centerspace Trust,CSR,,EXCLUDED_OTHER_NON_STRICT_REASON_NOT_CLASSIFIED_V0_22,True,True,False,False,False
WS:US:CSW,US_SP1500,"CSW Industrials, Inc.",CSW,,INCLUDED_RESEARCH_PARTIAL_VERIFIED_STRICT,True,True,True,False,True
WS:US:CSX,US_SP1500,CSX Corporation,CSX,,INCLUDED_RESEARCH_PARTIAL_VERIFIED_STRICT,True,True,True,False,True
WS:US:CTAS,US_SP1500,Cintas,CTAS,,INCLUDED_RESEARCH_PARTIAL_VERIFIED_STRICT,True,True,True,False,True
WS:US:CTRE,US_SP1500,CareTrust REIT,CTRE,,INCLUDED_RESEARCH_PARTIAL_VERIFIED_STRICT,True,True,True,False,True
WS:US:CTS,US_SP1500,CTS Corporation,CTS,,EXCLUDED_OTHER_NON_STRICT_REASON_NOT_CLASSIFIED_V0_22,True,True,False,False,False
WS:US:CTSH,US_SP1500,Cognizant,CTSH,,INCLUDED_RESEARCH_PARTIAL_VERIFIED_STRICT,True,True,True,False,True
WS:US:CTVA,US_SP1500,Corteva,CTVA,,INCLUDED_RESEARCH_PARTIAL_VERIFIED_STRICT,True,True,True,False,True
WS:US:CUBE,US_SP1500,CubeSmart,CUBE,,INCLUDED_RESEARCH_PARTIAL_VERIFIED_STRICT,True,True,True,False,True
WS:US:CUBI,US_SP1500,"Customers Bancorp, Inc.",CUBI,,INCLUDED_RESEARCH_PARTIAL_VERIFIED_STRICT,True,True,True,False,True
WS:US:CURB,US_SP1500,Curbline Properties Corp.,CURB,,INCLUDED_RESEARCH_PARTIAL_VERIFIED_STRICT,True,True,True,False,True
WS:US:CUZ,US_SP1500,Cousins Properties,CUZ,,INCLUDED_RESEARCH_PARTIAL_VERIFIED_STRICT,True,True,True,False,True
WS:US:CVBF,US_SP1500,CVB Financial Corp.,CVBF,,INCLUDED_RESEARCH_PARTIAL_VERIFIED_STRICT,True,True,True,False,True
WS:US:CVCO,US_SP1500,"Cavco Industries, Inc.",CVCO,,INCLUDED_RESEARCH_PARTIAL_VERIFIED_STRICT,True,True,True,False,True
WS:US:CVI,US_SP1500,"CVR Energy, Inc.",CVI,,INCLUDED_RESEARCH_PARTIAL_VERIFIED_STRICT,True,True,True,False,True
WS:US:CVLT,US_SP1500,CommVault Systems,CVLT,,INCLUDED_RESEARCH_PARTIAL_VERIFIED_STRICT,True,True,True,False,True
WS:US:CVNA,US_SP1500,Carvana,CVNA,,INCLUDED_RESEARCH_PARTIAL_VERIFIED_STRICT,True,True,True,False,True
WS:US:CVS,US_SP1500,CVS Health,CVS,,INCLUDED_RESEARCH_PARTIAL_VERIFIED_STRICT,True,True,True,False,True
WS:US:CVSA,US_SP1500,Covista Inc.,CVSA,,INCLUDED_RESEARCH_PARTIAL_VERIFIED_STRICT,True,True,True,False,True
WS:US:CVX,US_SP1500,Chevron Corporation,CVX,,INCLUDED_RESEARCH_PARTIAL_VERIFIED_STRICT,True,True,True,False,True
WS:US:CW,US_SP1500,Curtiss-Wright,CW,,INCLUDED_RESEARCH_PARTIAL_VERIFIED_STRICT,True,True,True,False,True
WS:US:CWEN,US_SP1500,"Clearway Energy, Inc. (Class C)",CWEN,,INCLUDED_RESEARCH_PARTIAL_VERIFIED_STRICT,True,True,True,False,True
WS:US:CWEN.A,US_SP1500,"Clearway Energy, Inc. (Class A)",CWEN-A,,ABSENT_FROM_V0_14_FULL_ELIGIBILITY_REASON_NOT_CLASSIFIED_V0_22,True,False,False,False,False
WS:US:CWK,US_SP1500,Cushman & Wakefield plc,CWK,,INCLUDED_RESEARCH_PARTIAL_VERIFIED_STRICT,True,True,True,False,True
WS:US:CWST,US_SP1500,"Casella Waste Systems, Inc.",CWST,,INCLUDED_RESEARCH_PARTIAL_VERIFIED_STRICT,True,True,True,False,True
WS:US:CWT,US_SP1500,California Water Service Group,CWT,,INCLUDED_RESEARCH_PARTIAL_VERIFIED_STRICT,True,True,True,False,True
WS:US:CXM,US_SP1500,"Sprinklr, Inc.",CXM,,EXCLUDED_OTHER_NON_STRICT_REASON_NOT_CLASSIFIED_V0_22,True,True,False,False,False
WS:US:CXT,US_SP1500,Crane NXT,CXT,,INCLUDED_RESEARCH_PARTIAL_VERIFIED_STRICT,True,True,True,False,True
WS:US:CXW,US_SP1500,CoreCivic,CXW,,INCLUDED_RESEARCH_PARTIAL_VERIFIED_STRICT,True,True,True,False,True
WS:US:CYTK,US_SP1500,Cytokinetics,CYTK,,INCLUDED_RESEARCH_PARTIAL_VERIFIED_STRICT,True,True,True,False,True
WS:US:CZR,US_SP1500,Caesars Entertainment,CZR,,INCLUDED_RESEARCH_PARTIAL_VERIFIED_STRICT,True,True,True,False,True
WS:US:D,US_SP1500,Dominion Energy,D,,INCLUDED_RESEARCH_PARTIAL_VERIFIED_STRICT,True,True,True,False,True
WS:US:DAL,US_SP1500,Delta Air Lines,DAL,,INCLUDED_RESEARCH_PARTIAL_VERIFIED_STRICT,True,True,True,False,True
WS:US:DAN,US_SP1500,Dana Incorporated,DAN,,INCLUDED_RESEARCH_PARTIAL_VERIFIED_STRICT,True,True,True,False,True
WS:US:DAR,US_SP1500,Darling Ingredients,DAR,,INCLUDED_RESEARCH_PARTIAL_VERIFIED_STRICT,True,True,True,False,True
WS:US:DASH,US_SP1500,DoorDash,DASH,,INCLUDED_RESEARCH_PARTIAL_VERIFIED_STRICT,True,True,True,False,True
WS:US:DAVE,US_SP1500,"Dave, Inc.",DAVE,,INCLUDED_RESEARCH_PARTIAL_VERIFIED_STRICT,True,True,True,False,True
WS:US:DBD,US_SP1500,Diebold Nixdorf,DBD,,INCLUDED_RESEARCH_PARTIAL_VERIFIED_STRICT,True,True,True,False,True
WS:US:DBX,US_SP1500,Dropbox,DBX,,INCLUDED_RESEARCH_PARTIAL_VERIFIED_STRICT,True,True,True,False,True
WS:US:DCH,US_SP1500,Dauch Corporation,DCH,,EXCLUDED_OTHER_NON_STRICT_REASON_NOT_CLASSIFIED_V0_22,True,True,False,False,False
WS:US:DCI,US_SP1500,Donaldson Company,DCI,,INCLUDED_RESEARCH_PARTIAL_VERIFIED_STRICT,True,True,True,False,True
WS:US:DCOM,US_SP1500,"Dime Community Bancshares, Inc.",DCOM,,EXCLUDED_OTHER_NON_STRICT_REASON_NOT_CLASSIFIED_V0_22,True,True,False,False,False
WS:US:DD,US_SP1500,DuPont,DD,,INCLUDED_RESEARCH_PARTIAL_VERIFIED_STRICT,True,True,True,False,True
WS:US:DDOG,US_SP1500,Datadog,DDOG,,INCLUDED_RESEARCH_PARTIAL_VERIFIED_STRICT,True,True,True,False,True
WS:US:DE,US_SP1500,Deere & Company,DE,,INCLUDED_RESEARCH_PARTIAL_VERIFIED_STRICT,True,True,True,False,True
WS:US:DEA,US_SP1500,"Easterly Government Properties, Inc.",DEA,,EXCLUDED_OTHER_NON_STRICT_REASON_NOT_CLASSIFIED_V0_22,True,True,False,False,False
WS:US:DECK,US_SP1500,Deckers Brands,DECK,,INCLUDED_RESEARCH_PARTIAL_VERIFIED_STRICT,True,True,True,False,True
WS:US:DEI,US_SP1500,Douglas Emmett,DEI,,INCLUDED_RESEARCH_PARTIAL_VERIFIED_STRICT,True,True,True,False,True
WS:US:DELL,US_SP1500,Dell Technologies,DELL,,INCLUDED_RESEARCH_PARTIAL_VERIFIED_STRICT,True,True,True,False,True
WS:US:DFH,US_SP1500,"Dream Finders Homes, Inc.",DFH,,EXCLUDED_OTHER_NON_STRICT_REASON_NOT_CLASSIFIED_V0_22,True,True,False,False,False
WS:US:DFIN,US_SP1500,"Donnelley Financial Solutions, Inc.",DFIN,,EXCLUDED_OTHER_NON_STRICT_REASON_NOT_CLASSIFIED_V0_22,True,True,False,False,False
WS:US:DG,US_SP1500,Dollar General,DG,,INCLUDED_RESEARCH_PARTIAL_VERIFIED_STRICT,True,True,True,False,True
WS:US:DGII,US_SP1500,Digi International Inc.,DGII,,INCLUDED_RESEARCH_PARTIAL_VERIFIED_STRICT,True,True,True,False,True
WS:US:DGX,US_SP1500,Quest Diagnostics,DGX,,INCLUDED_RESEARCH_PARTIAL_VERIFIED_STRICT,True,True,True,False,True
WS:US:DHI,US_SP1500,D. R. Horton,DHI,,INCLUDED_RESEARCH_PARTIAL_VERIFIED_STRICT,True,True,True,False,True
WS:US:DHR,US_SP1500,Danaher Corporation,DHR,,INCLUDED_RESEARCH_PARTIAL_VERIFIED_STRICT,True,True,True,False,True
WS:US:DINO,US_SP1500,HF Sinclair,DINO,,INCLUDED_RESEARCH_PARTIAL_VERIFIED_STRICT,True,True,True,False,True
WS:US:DIOD,US_SP1500,Diodes Incorporated,DIOD,,INCLUDED_RESEARCH_PARTIAL_VERIFIED_STRICT,True,True,True,False,True
WS:US:DIS,US_SP1500,Walt Disney Company (The),DIS,,INCLUDED_RESEARCH_PARTIAL_VERIFIED_STRICT,True,True,True,False,True
WS:US:DKS,US_SP1500,Dick's Sporting Goods,DKS,,INCLUDED_RESEARCH_PARTIAL_VERIFIED_STRICT,True,True,True,False,True
WS:US:DLB,US_SP1500,Dolby,DLB,,INCLUDED_RESEARCH_PARTIAL_VERIFIED_STRICT,True,True,True,False,True
WS:US:DLR,US_SP1500,Digital Realty,DLR,,INCLUDED_RESEARCH_PARTIAL_VERIFIED_STRICT,True,True,True,False,True
WS:US:DLTR,US_SP1500,Dollar Tree,DLTR,,INCLUDED_RESEARCH_PARTIAL_VERIFIED_STRICT,True,True,True,False,True
WS:US:DLX,US_SP1500,Deluxe Corporation,DLX,,EXCLUDED_OTHER_NON_STRICT_REASON_NOT_CLASSIFIED_V0_22,True,True,False,False,False
WS:US:DMC,US_SP1500,Del Monte Corporation,DMC,,EXCLUDED_OTHER_NON_STRICT_REASON_NOT_CLASSIFIED_V0_22,True,True,False,False,False
WS:US:DNOW,US_SP1500,NOW Inc,DNOW,,INCLUDED_RESEARCH_PARTIAL_VERIFIED_STRICT,True,True,True,False,True
WS:US:DOC,US_SP1500,Healthpeak Properties,DOC,,INCLUDED_RESEARCH_PARTIAL_VERIFIED_STRICT,True,True,True,False,True
WS:US:DOCN,US_SP1500,DigitalOcean,DOCN,,INCLUDED_RESEARCH_PARTIAL_VERIFIED_STRICT,True,True,True,False,True
WS:US:DOCS,US_SP1500,Doximity,DOCS,,INCLUDED_RESEARCH_PARTIAL_VERIFIED_STRICT,True,True,True,False,True
WS:US:DOCU,US_SP1500,Docusign,DOCU,,INCLUDED_RESEARCH_PARTIAL_VERIFIED_STRICT,True,True,True,False,True
WS:US:DORM,US_SP1500,"Dorman Products, Inc.",DORM,,INCLUDED_RESEARCH_PARTIAL_VERIFIED_STRICT,True,True,True,False,True
WS:US:DOV,US_SP1500,Dover Corporation,DOV,,INCLUDED_RESEARCH_PARTIAL_VERIFIED_STRICT,True,True,True,False,True
WS:US:DOW,US_SP1500,Dow Inc.,DOW,,INCLUDED_RESEARCH_PARTIAL_VERIFIED_STRICT,True,True,True,False,True
WS:US:DPZ,US_SP1500,Domino's,DPZ,,INCLUDED_RESEARCH_PARTIAL_VERIFIED_STRICT,True,True,True,False,True
WS:US:DRH,US_SP1500,DiamondRock Hospitality Company,DRH,,INCLUDED_RESEARCH_PARTIAL_VERIFIED_STRICT,True,True,True,False,True
WS:US:DRI,US_SP1500,Darden Restaurants,DRI,,INCLUDED_RESEARCH_PARTIAL_VERIFIED_STRICT,True,True,True,False,True
WS:US:DT,US_SP1500,Dynatrace,DT,,INCLUDED_RESEARCH_PARTIAL_VERIFIED_STRICT,True,True,True,False,True
WS:US:DTE,US_SP1500,DTE Energy,DTE,,INCLUDED_RESEARCH_PARTIAL_VERIFIED_STRICT,True,True,True,False,True
WS:US:DTM,US_SP1500,DT Midstream,DTM,,INCLUDED_RESEARCH_PARTIAL_VERIFIED_STRICT,True,True,True,False,True
WS:US:DUK,US_SP1500,Duke Energy,DUK,,INCLUDED_RESEARCH_PARTIAL_VERIFIED_STRICT,True,True,True,False,True
WS:US:DUOL,US_SP1500,Duolingo,DUOL,,INCLUDED_RESEARCH_PARTIAL_VERIFIED_STRICT,True,True,True,False,True
WS:US:DV,US_SP1500,DoubleVerify Holdings Inc.,DV,,INCLUDED_RESEARCH_PARTIAL_VERIFIED_STRICT,True,True,True,False,True
WS:US:DVA,US_SP1500,DaVita,DVA,,INCLUDED_RESEARCH_PARTIAL_VERIFIED_STRICT,True,True,True,False,True
WS:US:DVN,US_SP1500,Devon Energy,DVN,,INCLUDED_RESEARCH_PARTIAL_VERIFIED_STRICT,True,True,True,False,True
WS:US:DXC,US_SP1500,DXC Technology,DXC,,INCLUDED_RESEARCH_PARTIAL_VERIFIED_STRICT,True,True,True,False,True
WS:US:DXCM,US_SP1500,Dexcom,DXCM,,INCLUDED_RESEARCH_PARTIAL_VERIFIED_STRICT,True,True,True,False,True
WS:US:DXPE,US_SP1500,"DXP Enterprises, Inc.",DXPE,,INCLUDED_RESEARCH_PARTIAL_VERIFIED_STRICT,True,True,True,False,True
WS:US:DY,US_SP1500,Dycom Industries,DY,,INCLUDED_RESEARCH_PARTIAL_VERIFIED_STRICT,True,True,True,False,True
WS:US:EAT,US_SP1500,"Brinker International, Inc.",EAT,,INCLUDED_RESEARCH_PARTIAL_VERIFIED_STRICT,True,True,True,False,True
WS:US:EBAY,US_SP1500,eBay Inc.,EBAY,,INCLUDED_RESEARCH_PARTIAL_VERIFIED_STRICT,True,True,True,False,True
WS:US:EBC,US_SP1500,"Eastern Bankshares, Inc.",EBC,,INCLUDED_RESEARCH_PARTIAL_VERIFIED_STRICT,True,True,True,False,True
WS:US:ECG,US_SP1500,"Everus Construction Group, Inc.",ECG,,INCLUDED_RESEARCH_PARTIAL_VERIFIED_STRICT,True,True,True,False,True
WS:US:ECHO,US_SP1500,EchoStar,ECHO,,EXCLUDED_OTHER_NON_STRICT_REASON_NOT_CLASSIFIED_V0_22,True,True,False,False,False
WS:US:ECL,US_SP1500,Ecolab,ECL,,INCLUDED_RESEARCH_PARTIAL_VERIFIED_STRICT,True,True,True,False,True
WS:US:ECPG,US_SP1500,"Encore Capital Group, Inc.",ECPG,,INCLUDED_RESEARCH_PARTIAL_VERIFIED_STRICT,True,True,True,False,True
WS:US:ED,US_SP1500,Consolidated Edison,ED,,INCLUDED_RESEARCH_PARTIAL_VERIFIED_STRICT,True,True,True,False,True
WS:US:EEFT,US_SP1500,Euronet Worldwide,EEFT,,INCLUDED_RESEARCH_PARTIAL_VERIFIED_STRICT,True,True,True,False,True
WS:US:EFC,US_SP1500,"Ellington Financial, Inc.",EFC,,EXCLUDED_OTHER_NON_STRICT_REASON_NOT_CLASSIFIED_V0_22,True,True,False,False,False
WS:US:EFOR,US_SP1500,Everforth Inc.,EFOR,,EXCLUDED_OTHER_NON_STRICT_REASON_NOT_CLASSIFIED_V0_22,True,True,False,False,False
WS:US:EFX,US_SP1500,Equifax,EFX,,INCLUDED_RESEARCH_PARTIAL_VERIFIED_STRICT,True,True,True,False,True
WS:US:EG,US_SP1500,Everest Group,EG,,INCLUDED_RESEARCH_PARTIAL_VERIFIED_STRICT,True,True,True,False,True
WS:US:EGBN,US_SP1500,Eagle Bancorp Inc,EGBN,,EXCLUDED_OTHER_NON_STRICT_REASON_NOT_CLASSIFIED_V0_22,True,True,False,False,False
WS:US:EGP,US_SP1500,EastGroup Properties,EGP,,INCLUDED_RESEARCH_PARTIAL_VERIFIED_STRICT,True,True,True,False,True
WS:US:EHC,US_SP1500,Encompass Health,EHC,,INCLUDED_RESEARCH_PARTIAL_VERIFIED_STRICT,True,True,True,False,True
WS:US:EIG,US_SP1500,"Employers Holdings, Inc.",EIG,,EXCLUDED_OTHER_NON_STRICT_REASON_NOT_CLASSIFIED_V0_22,True,True,False,False,False
WS:US:EIX,US_SP1500,Edison International,EIX,,INCLUDED_RESEARCH_PARTIAL_VERIFIED_STRICT,True,True,True,False,True
WS:US:EL,US_SP1500,Estée Lauder Companies (The),EL,,INCLUDED_RESEARCH_PARTIAL_VERIFIED_STRICT,True,True,True,False,True
WS:US:ELAN,US_SP1500,Elanco,ELAN,,INCLUDED_RESEARCH_PARTIAL_VERIFIED_STRICT,True,True,True,False,True
WS:US:ELF,US_SP1500,e.l.f. Beauty,ELF,,INCLUDED_RESEARCH_PARTIAL_VERIFIED_STRICT,True,True,True,False,True
WS:US:ELS,US_SP1500,Equity Lifestyle Properties,ELS,,INCLUDED_RESEARCH_PARTIAL_VERIFIED_STRICT,True,True,True,False,True
WS:US:ELV,US_SP1500,Elevance Health,ELV,,INCLUDED_RESEARCH_PARTIAL_VERIFIED_STRICT,True,True,True,False,True
WS:US:EME,US_SP1500,Emcor,EME,,INCLUDED_RESEARCH_PARTIAL_VERIFIED_STRICT,True,True,True,False,True
WS:US:EMN,US_SP1500,Eastman Chemical Company,EMN,,INCLUDED_RESEARCH_PARTIAL_VERIFIED_STRICT,True,True,True,False,True
WS:US:EMR,US_SP1500,Emerson Electric,EMR,,INCLUDED_RESEARCH_PARTIAL_VERIFIED_STRICT,True,True,True,False,True
WS:US:ENOV,US_SP1500,Enovis,ENOV,,INCLUDED_RESEARCH_PARTIAL_VERIFIED_STRICT,True,True,True,False,True
WS:US:ENPH,US_SP1500,Enphase Energy,ENPH,,INCLUDED_RESEARCH_PARTIAL_VERIFIED_STRICT,True,True,True,False,True
WS:US:ENR,US_SP1500,Energizer,ENR,,INCLUDED_RESEARCH_PARTIAL_VERIFIED_STRICT,True,True,True,False,True
WS:US:ENS,US_SP1500,EnerSys,ENS,,INCLUDED_RESEARCH_PARTIAL_VERIFIED_STRICT,True,True,True,False,True
WS:US:ENSG,US_SP1500,Ensign Group,ENSG,,INCLUDED_RESEARCH_PARTIAL_VERIFIED_STRICT,True,True,True,False,True
WS:US:ENTG,US_SP1500,Entegris,ENTG,,INCLUDED_RESEARCH_PARTIAL_VERIFIED_STRICT,True,True,True,False,True
WS:US:ENVA,US_SP1500,"Enova International, Inc.",ENVA,,INCLUDED_RESEARCH_PARTIAL_VERIFIED_STRICT,True,True,True,False,True
WS:US:EOG,US_SP1500,EOG Resources,EOG,,INCLUDED_RESEARCH_PARTIAL_VERIFIED_STRICT,True,True,True,False,True
WS:US:EPAC,US_SP1500,Enerpac Tool Group,EPAC,,EXCLUDED_OTHER_NON_STRICT_REASON_NOT_CLASSIFIED_V0_22,True,True,False,False,False
WS:US:EPAM,US_SP1500,EPAM Systems,EPAM,,INCLUDED_RESEARCH_PARTIAL_VERIFIED_STRICT,True,True,True,False,True
WS:US:EPC,US_SP1500,Edgewell Personal Care,EPC,,EXCLUDED_OTHER_NON_STRICT_REASON_NOT_CLASSIFIED_V0_22,True,True,False,False,False
WS:US:EPR,US_SP1500,EPR Properties,EPR,,INCLUDED_RESEARCH_PARTIAL_VERIFIED_STRICT,True,True,True,False,True
WS:US:EPRT,US_SP1500,"Essential Properties Realty Trust, Inc.",EPRT,,INCLUDED_RESEARCH_PARTIAL_VERIFIED_STRICT,True,True,True,False,True
WS:US:EQH,US_SP1500,Equitable Holdings,EQH,,INCLUDED_RESEARCH_PARTIAL_VERIFIED_STRICT,True,True,True,False,True
WS:US:EQIX,US_SP1500,Equinix,EQIX,,INCLUDED_RESEARCH_PARTIAL_VERIFIED_STRICT,True,True,True,False,True
WS:US:EQT,US_SP1500,EQT Corporation,EQT,,INCLUDED_RESEARCH_PARTIAL_VERIFIED_STRICT,True,True,True,False,True
WS:US:ERIE,US_SP1500,Erie Indemnity,ERIE,,INCLUDED_RESEARCH_PARTIAL_VERIFIED_STRICT,True,True,True,False,True
WS:US:ES,US_SP1500,Eversource Energy,ES,,INCLUDED_RESEARCH_PARTIAL_VERIFIED_STRICT,True,True,True,False,True
WS:US:ESAB,US_SP1500,ESAB,ESAB,,INCLUDED_RESEARCH_PARTIAL_VERIFIED_STRICT,True,True,True,False,True
WS:US:ESE,US_SP1500,ESCO Technologies Inc.,ESE,,INCLUDED_RESEARCH_PARTIAL_VERIFIED_STRICT,True,True,True,False,True
WS:US:ESI,US_SP1500,Element Solutions,ESI,,INCLUDED_RESEARCH_PARTIAL_VERIFIED_STRICT,True,True,True,False,True
WS:US:ESNT,US_SP1500,Essent Group Ltd.,ESNT,,INCLUDED_RESEARCH_PARTIAL_VERIFIED_STRICT,True,True,True,False,True
WS:US:ESS,US_SP1500,Essex Property Trust,ESS,,INCLUDED_RESEARCH_PARTIAL_VERIFIED_STRICT,True,True,True,False,True
WS:US:ETN,US_SP1500,Eaton Corporation,ETN,,INCLUDED_RESEARCH_PARTIAL_VERIFIED_STRICT,True,True,True,False,True
WS:US:ETR,US_SP1500,Entergy,ETR,,INCLUDED_RESEARCH_PARTIAL_VERIFIED_STRICT,True,True,True,False,True
WS:US:ETSY,US_SP1500,Etsy,ETSY,,INCLUDED_RESEARCH_PARTIAL_VERIFIED_STRICT,True,True,True,False,True
WS:US:EVR,US_SP1500,Evercore,EVR,,INCLUDED_RESEARCH_PARTIAL_VERIFIED_STRICT,True,True,True,False,True
WS:US:EVRG,US_SP1500,Evergy,EVRG,,INCLUDED_RESEARCH_PARTIAL_VERIFIED_STRICT,True,True,True,False,True
WS:US:EVTC,US_SP1500,"EVERTEC, Inc.",EVTC,,EXCLUDED_OTHER_NON_STRICT_REASON_NOT_CLASSIFIED_V0_22,True,True,False,False,False
WS:US:EW,US_SP1500,Edwards Lifesciences,EW,,INCLUDED_RESEARCH_PARTIAL_VERIFIED_STRICT,True,True,True,False,True
WS:US:EWBC,US_SP1500,East West Bancorp,EWBC,,INCLUDED_RESEARCH_PARTIAL_VERIFIED_STRICT,True,True,True,False,True
WS:US:EXC,US_SP1500,Exelon,EXC,,INCLUDED_RESEARCH_PARTIAL_VERIFIED_STRICT,True,True,True,False,True
WS:US:EXE,US_SP1500,Expand Energy,EXE,,INCLUDED_RESEARCH_PARTIAL_VERIFIED_STRICT,True,True,True,False,True
WS:US:EXEL,US_SP1500,Exelixis,EXEL,,INCLUDED_RESEARCH_PARTIAL_VERIFIED_STRICT,True,True,True,False,True
WS:US:EXLS,US_SP1500,EXL Service,EXLS,,INCLUDED_RESEARCH_PARTIAL_VERIFIED_STRICT,True,True,True,False,True
WS:US:EXP,US_SP1500,Eagle Materials,EXP,,INCLUDED_RESEARCH_PARTIAL_VERIFIED_STRICT,True,True,True,False,True
WS:US:EXPD,US_SP1500,Expeditors International,EXPD,,INCLUDED_RESEARCH_PARTIAL_VERIFIED_STRICT,True,True,True,False,True
WS:US:EXPE,US_SP1500,Expedia Group,EXPE,,INCLUDED_RESEARCH_PARTIAL_VERIFIED_STRICT,True,True,True,False,True
WS:US:EXPO,US_SP1500,"Exponent, Inc.",EXPO,,INCLUDED_RESEARCH_PARTIAL_VERIFIED_STRICT,True,True,True,False,True
WS:US:EXR,US_SP1500,Extra Space Storage,EXR,,INCLUDED_RESEARCH_PARTIAL_VERIFIED_STRICT,True,True,True,False,True
WS:US:EXTR,US_SP1500,"Extreme Networks, Inc.",EXTR,,INCLUDED_RESEARCH_PARTIAL_VERIFIED_STRICT,True,True,True,False,True
WS:US:EYE,US_SP1500,National Vision Holdings,EYE,,INCLUDED_RESEARCH_PARTIAL_VERIFIED_STRICT,True,True,True,False,True
WS:US:EZPW,US_SP1500,"EZCORP, Inc.",EZPW,,INCLUDED_RESEARCH_PARTIAL_VERIFIED_STRICT,True,True,True,False,True
WS:US:F,US_SP1500,Ford Motor Company,F,,INCLUDED_RESEARCH_PARTIAL_VERIFIED_STRICT,True,True,True,False,True
WS:US:FA,US_SP1500,First Advantage Corporation,FA,,INCLUDED_RESEARCH_PARTIAL_VERIFIED_STRICT,True,True,True,False,True
WS:US:FAF,US_SP1500,First American Financial Corporation,FAF,,INCLUDED_RESEARCH_PARTIAL_VERIFIED_STRICT,True,True,True,False,True
WS:US:FANG,US_SP1500,Diamondback Energy,FANG,,INCLUDED_RESEARCH_PARTIAL_VERIFIED_STRICT,True,True,True,False,True
WS:US:FAST,US_SP1500,Fastenal,FAST,,INCLUDED_RESEARCH_PARTIAL_VERIFIED_STRICT,True,True,True,False,True
WS:US:FBIN,US_SP1500,Fortune Brands Innovations,FBIN,,INCLUDED_RESEARCH_PARTIAL_VERIFIED_STRICT,True,True,True,False,True
WS:US:FBK,US_SP1500,FB Financial Corp.,FBK,,INCLUDED_RESEARCH_PARTIAL_VERIFIED_STRICT,True,True,True,False,True
WS:US:FBNC,US_SP1500,First Bancorp (Southern Pines NC),FBNC,,EXCLUDED_OTHER_NON_STRICT_REASON_NOT_CLASSIFIED_V0_22,True,True,False,False,False
WS:US:FBP,US_SP1500,First BanCorp (Puerto Rico),FBP,,INCLUDED_RESEARCH_PARTIAL_VERIFIED_STRICT,True,True,True,False,True
WS:US:FBRT,US_SP1500,"Franklin BSP Realty Trust, Inc.",FBRT,,EXCLUDED_OTHER_NON_STRICT_REASON_NOT_CLASSIFIED_V0_22,True,True,False,False,False
WS:US:FCF,US_SP1500,"First Commonwealth Financial, Corp.",FCF,,INCLUDED_RESEARCH_PARTIAL_VERIFIED_STRICT,True,True,True,False,True
WS:US:FCFS,US_SP1500,FirstCash,FCFS,,INCLUDED_RESEARCH_PARTIAL_VERIFIED_STRICT,True,True,True,False,True
WS:US:FCN,US_SP1500,FTI Consulting,FCN,,INCLUDED_RESEARCH_PARTIAL_VERIFIED_STRICT,True,True,True,False,True
WS:US:FCPT,US_SP1500,"Four Corners Property Trust, Inc.",FCPT,,INCLUDED_RESEARCH_PARTIAL_VERIFIED_STRICT,True,True,True,False,True
WS:US:FCX,US_SP1500,Freeport-McMoRan,FCX,,INCLUDED_RESEARCH_PARTIAL_VERIFIED_STRICT,True,True,True,False,True
WS:US:FDS,US_SP1500,FactSet,FDS,,INCLUDED_RESEARCH_PARTIAL_VERIFIED_STRICT,True,True,True,False,True
WS:US:FDX,US_SP1500,FedEx,FDX,,INCLUDED_RESEARCH_PARTIAL_VERIFIED_STRICT,True,True,True,False,True
WS:US:FDXF,US_SP1500,FedEx Freight,FDXF,,EXCLUDED_OTHER_NON_STRICT_REASON_NOT_CLASSIFIED_V0_22,True,True,False,False,False
WS:US:FE,US_SP1500,FirstEnergy,FE,,INCLUDED_RESEARCH_PARTIAL_VERIFIED_STRICT,True,True,True,False,True
WS:US:FELE,US_SP1500,Franklin Electric,FELE,,INCLUDED_RESEARCH_PARTIAL_VERIFIED_STRICT,True,True,True,False,True
WS:US:FERG,US_SP1500,Ferguson Enterprises,FERG,,INCLUDED_RESEARCH_PARTIAL_VERIFIED_STRICT,True,True,True,False,True
WS:US:FFBC,US_SP1500,First Financial Bancorp,FFBC,,INCLUDED_RESEARCH_PARTIAL_VERIFIED_STRICT,True,True,True,False,True
WS:US:FFIN,US_SP1500,First Financial Bankshares,FFIN,,INCLUDED_RESEARCH_PARTIAL_VERIFIED_STRICT,True,True,True,False,True
WS:US:FFIV,US_SP1500,"F5, Inc.",FFIV,,INCLUDED_RESEARCH_PARTIAL_VERIFIED_STRICT,True,True,True,False,True
WS:US:FG,US_SP1500,"F&G Annuities & Life, Inc.",FG,,INCLUDED_RESEARCH_PARTIAL_VERIFIED_STRICT,True,True,True,False,True
WS:US:FHB,US_SP1500,"First Hawaiian, Inc.",FHB,,INCLUDED_RESEARCH_PARTIAL_VERIFIED_STRICT,True,True,True,False,True
WS:US:FHI,US_SP1500,Federated Hermes,FHI,,INCLUDED_RESEARCH_PARTIAL_VERIFIED_STRICT,True,True,True,False,True
WS:US:FHN,US_SP1500,First Horizon,FHN,,INCLUDED_RESEARCH_PARTIAL_VERIFIED_STRICT,True,True,True,False,True
WS:US:FIBK,US_SP1500,"First Interstate BancSystem, Inc.",FIBK,,INCLUDED_RESEARCH_PARTIAL_VERIFIED_STRICT,True,True,True,False,True
WS:US:FICO,US_SP1500,Fair Isaac,FICO,,INCLUDED_RESEARCH_PARTIAL_VERIFIED_STRICT,True,True,True,False,True
WS:US:FIS,US_SP1500,Fidelity National Information Services,FIS,,INCLUDED_RESEARCH_PARTIAL_VERIFIED_STRICT,True,True,True,False,True
WS:US:FISV,US_SP1500,Fiserv,FISV,,INCLUDED_RESEARCH_PARTIAL_VERIFIED_STRICT,True,True,True,False,True
WS:US:FITB,US_SP1500,Fifth Third Bancorp,FITB,,INCLUDED_RESEARCH_PARTIAL_VERIFIED_STRICT,True,True,True,False,True
WS:US:FIVE,US_SP1500,Five Below,FIVE,,INCLUDED_RESEARCH_PARTIAL_VERIFIED_STRICT,True,True,True,False,True
WS:US:FIVN,US_SP1500,"Five9, Inc.",FIVN,,INCLUDED_RESEARCH_PARTIAL_VERIFIED_STRICT,True,True,True,False,True
WS:US:FIX,US_SP1500,Comfort Systems USA,FIX,,INCLUDED_RESEARCH_PARTIAL_VERIFIED_STRICT,True,True,True,False,True
WS:US:FIZZ,US_SP1500,National Beverage Corp.,FIZZ,,EXCLUDED_OTHER_NON_STRICT_REASON_NOT_CLASSIFIED_V0_22,True,True,False,False,False
WS:US:FLEX,US_SP1500,Flex Ltd.,FLEX,,INCLUDED_RESEARCH_PARTIAL_VERIFIED_STRICT,True,True,True,False,True
WS:US:FLG,US_SP1500,Flagstar Bank,FLG,,INCLUDED_RESEARCH_PARTIAL_VERIFIED_STRICT,True,True,True,False,True
WS:US:FLO,US_SP1500,Flowers Foods,FLO,,INCLUDED_RESEARCH_PARTIAL_VERIFIED_STRICT,True,True,True,False,True
WS:US:FLR,US_SP1500,Fluor,FLR,,INCLUDED_RESEARCH_PARTIAL_VERIFIED_STRICT,True,True,True,False,True
WS:US:FLS,US_SP1500,Flowserve,FLS,,INCLUDED_RESEARCH_PARTIAL_VERIFIED_STRICT,True,True,True,False,True
WS:US:FMC,US_SP1500,FMC Corporation,FMC,,INCLUDED_RESEARCH_PARTIAL_VERIFIED_STRICT,True,True,True,False,True
WS:US:FN,US_SP1500,Fabrinet,FN,,INCLUDED_RESEARCH_PARTIAL_VERIFIED_STRICT,True,True,True,False,True
WS:US:FNB,US_SP1500,FNB Corporation,FNB,,INCLUDED_RESEARCH_PARTIAL_VERIFIED_STRICT,True,True,True,False,True
WS:US:FND,US_SP1500,Floor & Decor,FND,,INCLUDED_RESEARCH_PARTIAL_VERIFIED_STRICT,True,True,True,False,True
WS:US:FNF,US_SP1500,Fidelity National Financial,FNF,,INCLUDED_RESEARCH_PARTIAL_VERIFIED_STRICT,True,True,True,False,True
WS:US:FORM,US_SP1500,"FormFactor, Inc.",FORM,,INCLUDED_RESEARCH_PARTIAL_VERIFIED_STRICT,True,True,True,False,True
WS:US:FOUR,US_SP1500,Shift4,FOUR,,INCLUDED_RESEARCH_PARTIAL_VERIFIED_STRICT,True,True,True,False,True
WS:US:FOX,US_SP1500,Fox Corporation (Class B),FOX,,INCLUDED_RESEARCH_PARTIAL_VERIFIED_STRICT,True,True,True,False,True
WS:US:FOXA,US_SP1500,Fox Corporation (Class A),FOXA,,INCLUDED_RESEARCH_PARTIAL_VERIFIED_STRICT,True,True,True,False,True
WS:US:FOXF,US_SP1500,Fox Factory,FOXF,,EXCLUDED_OTHER_NON_STRICT_REASON_NOT_CLASSIFIED_V0_22,True,True,False,False,False
WS:US:FR,US_SP1500,First Industrial Realty Trust,FR,,INCLUDED_RESEARCH_PARTIAL_VERIFIED_STRICT,True,True,True,False,True
WS:US:FRPT,US_SP1500,Freshpet,FRPT,,INCLUDED_RESEARCH_PARTIAL_VERIFIED_STRICT,True,True,True,False,True
WS:US:FRT,US_SP1500,Federal Realty Investment Trust,FRT,,INCLUDED_RESEARCH_PARTIAL_VERIFIED_STRICT,True,True,True,False,True
WS:US:FSLR,US_SP1500,First Solar,FSLR,,INCLUDED_RESEARCH_PARTIAL_VERIFIED_STRICT,True,True,True,False,True
WS:US:FSS,US_SP1500,Federal Signal Corporation,FSS,,INCLUDED_RESEARCH_PARTIAL_VERIFIED_STRICT,True,True,True,False,True
WS:US:FTDR,US_SP1500,"Frontdoor, Inc.",FTDR,,INCLUDED_RESEARCH_PARTIAL_VERIFIED_STRICT,True,True,True,False,True
WS:US:FTI,US_SP1500,TechnipFMC,FTI,,INCLUDED_RESEARCH_PARTIAL_VERIFIED_STRICT,True,True,True,False,True
WS:US:FTNT,US_SP1500,Fortinet,FTNT,,INCLUDED_RESEARCH_PARTIAL_VERIFIED_STRICT,True,True,True,False,True
WS:US:FTRE,US_SP1500,Fortrea,FTRE,,INCLUDED_RESEARCH_PARTIAL_VERIFIED_STRICT,True,True,True,False,True
WS:US:FTV,US_SP1500,Fortive,FTV,,INCLUDED_RESEARCH_PARTIAL_VERIFIED_STRICT,True,True,True,False,True
WS:US:FUL,US_SP1500,H.B. Fuller Company,FUL,,INCLUDED_RESEARCH_PARTIAL_VERIFIED_STRICT,True,True,True,False,True
WS:US:FULT,US_SP1500,Fulton Financial Corporation,FULT,,INCLUDED_RESEARCH_PARTIAL_VERIFIED_STRICT,True,True,True,False,True
WS:US:FUN,US_SP1500,Six Flags,FUN,,INCLUDED_RESEARCH_PARTIAL_VERIFIED_STRICT,True,True,True,False,True
WS:US:G,US_SP1500,Genpact,G,,INCLUDED_RESEARCH_PARTIAL_VERIFIED_STRICT,True,True,True,False,True
WS:US:GAP,US_SP1500,Gap Inc.,GAP,,INCLUDED_RESEARCH_PARTIAL_VERIFIED_STRICT,True,True,True,False,True
WS:US:GATX,US_SP1500,GATX,GATX,,INCLUDED_RESEARCH_PARTIAL_VERIFIED_STRICT,True,True,True,False,True
WS:US:GBCI,US_SP1500,Glacier Bancorp,GBCI,,INCLUDED_RESEARCH_PARTIAL_VERIFIED_STRICT,True,True,True,False,True
WS:US:GBX,US_SP1500,"The Greenbrier Companies, Inc.",GBX,,EXCLUDED_OTHER_NON_STRICT_REASON_NOT_CLASSIFIED_V0_22,True,True,False,False,False
WS:US:GD,US_SP1500,General Dynamics,GD,,INCLUDED_RESEARCH_PARTIAL_VERIFIED_STRICT,True,True,True,False,True
WS:US:GDDY,US_SP1500,GoDaddy,GDDY,,INCLUDED_RESEARCH_PARTIAL_VERIFIED_STRICT,True,True,True,False,True
WS:US:GE,US_SP1500,GE Aerospace,GE,,INCLUDED_RESEARCH_PARTIAL_VERIFIED_STRICT,True,True,True,False,True
WS:US:GEF,US_SP1500,"Greif, Inc.",GEF,,INCLUDED_RESEARCH_PARTIAL_VERIFIED_STRICT,True,True,True,False,True
WS:US:GEHC,US_SP1500,GE HealthCare,GEHC,,INCLUDED_RESEARCH_PARTIAL_VERIFIED_STRICT,True,True,True,False,True
WS:US:GEN,US_SP1500,Gen Digital,GEN,,INCLUDED_RESEARCH_PARTIAL_VERIFIED_STRICT,True,True,True,False,True
WS:US:GEO,US_SP1500,"GEO Group, Inc.",GEO,,INCLUDED_RESEARCH_PARTIAL_VERIFIED_STRICT,True,True,True,False,True
WS:US:GEV,US_SP1500,GE Vernova,GEV,,INCLUDED_RESEARCH_PARTIAL_VERIFIED_STRICT,True,True,True,False,True
WS:US:GFF,US_SP1500,Griffon Corporation,GFF,,INCLUDED_RESEARCH_PARTIAL_VERIFIED_STRICT,True,True,True,False,True
WS:US:GGG,US_SP1500,Graco Inc.,GGG,,INCLUDED_RESEARCH_PARTIAL_VERIFIED_STRICT,True,True,True,False,True
WS:US:GHC,US_SP1500,Graham Holdings,GHC,,INCLUDED_RESEARCH_PARTIAL_VERIFIED_STRICT,True,True,True,False,True
WS:US:GIII,US_SP1500,"G-III Apparel Group, Ltd.",GIII,,EXCLUDED_OTHER_NON_STRICT_REASON_NOT_CLASSIFIED_V0_22,True,True,False,False,False
WS:US:GILD,US_SP1500,Gilead Sciences,GILD,,INCLUDED_RESEARCH_PARTIAL_VERIFIED_STRICT,True,True,True,False,True
WS:US:GIS,US_SP1500,General Mills,GIS,,INCLUDED_RESEARCH_PARTIAL_VERIFIED_STRICT,True,True,True,False,True
WS:US:GKOS,US_SP1500,Glaukos Corp.,GKOS,,INCLUDED_RESEARCH_PARTIAL_VERIFIED_STRICT,True,True,True,False,True
WS:US:GL,US_SP1500,Globe Life,GL,,INCLUDED_RESEARCH_PARTIAL_VERIFIED_STRICT,True,True,True,False,True
WS:US:GLPI,US_SP1500,Gaming and Leisure Properties,GLPI,,INCLUDED_RESEARCH_PARTIAL_VERIFIED_STRICT,True,True,True,False,True
WS:US:GLW,US_SP1500,Corning Inc.,GLW,,INCLUDED_RESEARCH_PARTIAL_VERIFIED_STRICT,True,True,True,False,True
WS:US:GM,US_SP1500,General Motors,GM,,INCLUDED_RESEARCH_PARTIAL_VERIFIED_STRICT,True,True,True,False,True
WS:US:GME,US_SP1500,GameStop,GME,,INCLUDED_RESEARCH_PARTIAL_VERIFIED_STRICT,True,True,True,False,True
WS:US:GMED,US_SP1500,Globus Medical,GMED,,INCLUDED_RESEARCH_PARTIAL_VERIFIED_STRICT,True,True,True,False,True
WS:US:GNL,US_SP1500,"Global Net Lease, Inc.",GNL,,INCLUDED_RESEARCH_PARTIAL_VERIFIED_STRICT,True,True,True,False,True
WS:US:GNRC,US_SP1500,Generac,GNRC,,INCLUDED_RESEARCH_PARTIAL_VERIFIED_STRICT,True,True,True,False,True
WS:US:GNTX,US_SP1500,Gentex,GNTX,,INCLUDED_RESEARCH_PARTIAL_VERIFIED_STRICT,True,True,True,False,True
WS:US:GNW,US_SP1500,"Genworth Financial, Inc.",GNW,,INCLUDED_RESEARCH_PARTIAL_VERIFIED_STRICT,True,True,True,False,True
WS:US:GO,US_SP1500,Grocery Outlet,GO,,INCLUDED_RESEARCH_PARTIAL_VERIFIED_STRICT,True,True,True,False,True
WS:US:GOLF,US_SP1500,Acushnet Company,GOLF,,INCLUDED_RESEARCH_PARTIAL_VERIFIED_STRICT,True,True,True,False,True
WS:US:GOOG,US_SP1500,Alphabet Inc. (Class C),GOOG,,INCLUDED_RESEARCH_PARTIAL_VERIFIED_STRICT,True,True,True,False,True
WS:US:GOOGL,US_SP1500,Alphabet Inc. (Class A),GOOGL,,INCLUDED_RESEARCH_PARTIAL_VERIFIED_STRICT,True,True,True,False,True
WS:US:GPC,US_SP1500,Genuine Parts Company,GPC,,INCLUDED_RESEARCH_PARTIAL_VERIFIED_STRICT,True,True,True,False,True
WS:US:GPI,US_SP1500,"Group 1 Automotive, Inc.",GPI,,INCLUDED_RESEARCH_PARTIAL_VERIFIED_STRICT,True,True,True,False,True
WS:US:GPK,US_SP1500,Graphic Packaging,GPK,,INCLUDED_RESEARCH_PARTIAL_VERIFIED_STRICT,True,True,True,False,True
WS:US:GPN,US_SP1500,Global Payments,GPN,,INCLUDED_RESEARCH_PARTIAL_VERIFIED_STRICT,True,True,True,False,True
WS:US:GPOR,US_SP1500,Gulfport Energy Corporation,GPOR,,INCLUDED_RESEARCH_PARTIAL_VERIFIED_STRICT,True,True,True,False,True
WS:US:GRBK,US_SP1500,"Green Brick Partners, Inc.",GRBK,,EXCLUDED_OTHER_NON_STRICT_REASON_NOT_CLASSIFIED_V0_22,True,True,False,False,False
WS:US:GRMN,US_SP1500,Garmin,GRMN,,INCLUDED_RESEARCH_PARTIAL_VERIFIED_STRICT,True,True,True,False,True
WS:US:GS,US_SP1500,Goldman Sachs,GS,,INCLUDED_RESEARCH_PARTIAL_VERIFIED_STRICT,True,True,True,False,True
WS:US:GSHD,US_SP1500,"Goosehead Insurance, Inc.",GSHD,,INCLUDED_RESEARCH_PARTIAL_VERIFIED_STRICT,True,True,True,False,True
WS:US:GT,US_SP1500,Goodyear Tire and Rubber Company,GT,,INCLUDED_RESEARCH_PARTIAL_VERIFIED_STRICT,True,True,True,False,True
WS:US:GTES,US_SP1500,Gates Corporation,GTES,,INCLUDED_RESEARCH_PARTIAL_VERIFIED_STRICT,True,True,True,False,True
WS:US:GTM,US_SP1500,ZoomInfo,GTM,,INCLUDED_RESEARCH_PARTIAL_VERIFIED_STRICT,True,True,True,False,True
WS:US:GTY,US_SP1500,Getty Realty Corp.,GTY,,EXCLUDED_OTHER_NON_STRICT_REASON_NOT_CLASSIFIED_V0_22,True,True,False,False,False
WS:US:GVA,US_SP1500,"Granite Construction, Inc.",GVA,,INCLUDED_RESEARCH_PARTIAL_VERIFIED_STRICT,True,True,True,False,True
WS:US:GWRE,US_SP1500,Guidewire Software,GWRE,,INCLUDED_RESEARCH_PARTIAL_VERIFIED_STRICT,True,True,True,False,True
WS:US:GWW,US_SP1500,W. W. Grainger,GWW,,INCLUDED_RESEARCH_PARTIAL_VERIFIED_STRICT,True,True,True,False,True
WS:US:GXO,US_SP1500,GXO Logistics,GXO,,INCLUDED_RESEARCH_PARTIAL_VERIFIED_STRICT,True,True,True,False,True
WS:US:H,US_SP1500,Hyatt,H,,INCLUDED_RESEARCH_PARTIAL_VERIFIED_STRICT,True,True,True,False,True
WS:US:HAE,US_SP1500,Haemonetics,HAE,,INCLUDED_RESEARCH_PARTIAL_VERIFIED_STRICT,True,True,True,False,True
WS:US:HAFC,US_SP1500,Hanmi Financial Corporation,HAFC,,EXCLUDED_OTHER_NON_STRICT_REASON_NOT_CLASSIFIED_V0_22,True,True,False,False,False
WS:US:HAL,US_SP1500,Halliburton,HAL,,INCLUDED_RESEARCH_PARTIAL_VERIFIED_STRICT,True,True,True,False,True
WS:US:HALO,US_SP1500,Halozyme,HALO,,INCLUDED_RESEARCH_PARTIAL_VERIFIED_STRICT,True,True,True,False,True
WS:US:HAS,US_SP1500,Hasbro,HAS,,INCLUDED_RESEARCH_PARTIAL_VERIFIED_STRICT,True,True,True,False,True
WS:US:HASI,US_SP1500,"Hannon Armstrong Sustainable Infrastructure Capital, Inc.",HASI,,INCLUDED_RESEARCH_PARTIAL_VERIFIED_STRICT,True,True,True,False,True
WS:US:HAYW,US_SP1500,"Hayward Holdings, Inc.",HAYW,,INCLUDED_RESEARCH_PARTIAL_VERIFIED_STRICT,True,True,True,False,True
WS:US:HBAN,US_SP1500,Huntington Bancshares,HBAN,,INCLUDED_RESEARCH_PARTIAL_VERIFIED_STRICT,True,True,True,False,True
WS:US:HCA,US_SP1500,HCA Healthcare,HCA,,INCLUDED_RESEARCH_PARTIAL_VERIFIED_STRICT,True,True,True,False,True
WS:US:HCC,US_SP1500,"Warrior Met Coal, Inc.",HCC,,INCLUDED_RESEARCH_PARTIAL_VERIFIED_STRICT,True,True,True,False,True
WS:US:HCI,US_SP1500,"HCI Group, Inc.",HCI,,INCLUDED_RESEARCH_PARTIAL_VERIFIED_STRICT,True,True,True,False,True
WS:US:HCSG,US_SP1500,"Healthcare Services Group, Inc.",HCSG,,EXCLUDED_OTHER_NON_STRICT_REASON_NOT_CLASSIFIED_V0_22,True,True,False,False,False
WS:US:HD,US_SP1500,Home Depot (The),HD,,INCLUDED_RESEARCH_PARTIAL_VERIFIED_STRICT,True,True,True,False,True
WS:US:HE,US_SP1500,"Hawaiian Electric Industries, Inc.",HE,,INCLUDED_RESEARCH_PARTIAL_VERIFIED_STRICT,True,True,True,False,True
WS:US:HFWA,US_SP1500,Heritage Financial Corporation,HFWA,,EXCLUDED_OTHER_NON_STRICT_REASON_NOT_CLASSIFIED_V0_22,True,True,False,False,False
WS:US:HGV,US_SP1500,Hilton Grand Vacations,HGV,,INCLUDED_RESEARCH_PARTIAL_VERIFIED_STRICT,True,True,True,False,True
WS:US:HIG,US_SP1500,Hartford (The),HIG,,INCLUDED_RESEARCH_PARTIAL_VERIFIED_STRICT,True,True,True,False,True
WS:US:HII,US_SP1500,Huntington Ingalls Industries,HII,,INCLUDED_RESEARCH_PARTIAL_VERIFIED_STRICT,True,True,True,False,True
WS:US:HIMS,US_SP1500,Hims & Hers Health,HIMS,,INCLUDED_RESEARCH_PARTIAL_VERIFIED_STRICT,True,True,True,False,True
WS:US:HIW,US_SP1500,Highwoods Properties,HIW,,INCLUDED_RESEARCH_PARTIAL_VERIFIED_STRICT,True,True,True,False,True
WS:US:HL,US_SP1500,Hecla Mining,HL,,INCLUDED_RESEARCH_PARTIAL_VERIFIED_STRICT,True,True,True,False,True
WS:US:HLI,US_SP1500,Houlihan Lokey,HLI,,INCLUDED_RESEARCH_PARTIAL_VERIFIED_STRICT,True,True,True,False,True
WS:US:HLIT,US_SP1500,Harmonic Inc.,HLIT,,EXCLUDED_OTHER_NON_STRICT_REASON_NOT_CLASSIFIED_V0_22,True,True,False,False,False
WS:US:HLNE,US_SP1500,Hamilton Lane,HLNE,,INCLUDED_RESEARCH_PARTIAL_VERIFIED_STRICT,True,True,True,False,True
WS:US:HLT,US_SP1500,Hilton Worldwide,HLT,,INCLUDED_RESEARCH_PARTIAL_VERIFIED_STRICT,True,True,True,False,True
WS:US:HLX,US_SP1500,"Helix Energy Solutions Group, Inc.",HLX,,EXCLUDED_OTHER_NON_STRICT_REASON_NOT_CLASSIFIED_V0_22,True,True,False,False,False
WS:US:HMN,US_SP1500,Horace Mann Educators Corporation,HMN,,EXCLUDED_OTHER_NON_STRICT_REASON_NOT_CLASSIFIED_V0_22,True,True,False,False,False
WS:US:HNI,US_SP1500,HNI Corporation,HNI,,INCLUDED_RESEARCH_PARTIAL_VERIFIED_STRICT,True,True,True,False,True
WS:US:HOG,US_SP1500,Harley-Davidson,HOG,,INCLUDED_RESEARCH_PARTIAL_VERIFIED_STRICT,True,True,True,False,True
WS:US:HOMB,US_SP1500,Home BancShares,HOMB,,INCLUDED_RESEARCH_PARTIAL_VERIFIED_STRICT,True,True,True,False,True
WS:US:HON,US_SP1500,Honeywell Technologies,HON,,INCLUDED_RESEARCH_PARTIAL_VERIFIED_STRICT,True,True,True,False,True
WS:US:HONA,US_SP1500,Honeywell Aerospace,HONA,,EXCLUDED_OTHER_NON_STRICT_REASON_NOT_CLASSIFIED_V0_22,True,True,False,False,False
WS:US:HOOD,US_SP1500,Robinhood Markets,HOOD,,INCLUDED_RESEARCH_PARTIAL_VERIFIED_STRICT,True,True,True,False,True
WS:US:HOPE,US_SP1500,"Hope Bancorp, Inc.",HOPE,,EXCLUDED_OTHER_NON_STRICT_REASON_NOT_CLASSIFIED_V0_22,True,True,False,False,False
WS:US:HP,US_SP1500,"Helmerich & Payne, Inc.",HP,,INCLUDED_RESEARCH_PARTIAL_VERIFIED_STRICT,True,True,True,False,True
WS:US:HPE,US_SP1500,Hewlett Packard Enterprise,HPE,,INCLUDED_RESEARCH_PARTIAL_VERIFIED_STRICT,True,True,True,False,True
WS:US:HPQ,US_SP1500,HP Inc.,HPQ,,INCLUDED_RESEARCH_PARTIAL_VERIFIED_STRICT,True,True,True,False,True
WS:US:HQY,US_SP1500,HealthEquity,HQY,,INCLUDED_RESEARCH_PARTIAL_VERIFIED_STRICT,True,True,True,False,True
WS:US:HR,US_SP1500,Healthcare Realty Trust,HR,,INCLUDED_RESEARCH_PARTIAL_VERIFIED_STRICT,True,True,True,False,True
WS:US:HRB,US_SP1500,H&R Block,HRB,,INCLUDED_RESEARCH_PARTIAL_VERIFIED_STRICT,True,True,True,False,True
WS:US:HRL,US_SP1500,Hormel Foods,HRL,,INCLUDED_RESEARCH_PARTIAL_VERIFIED_STRICT,True,True,True,False,True
WS:US:HRMY,US_SP1500,"Harmony Biosciences Holdings, Inc.",HRMY,,INCLUDED_RESEARCH_PARTIAL_VERIFIED_STRICT,True,True,True,False,True
WS:US:HSIC,US_SP1500,Henry Schein,HSIC,,INCLUDED_RESEARCH_PARTIAL_VERIFIED_STRICT,True,True,True,False,True
WS:US:HST,US_SP1500,Host Hotels & Resorts,HST,,INCLUDED_RESEARCH_PARTIAL_VERIFIED_STRICT,True,True,True,False,True
WS:US:HSTM,US_SP1500,"HealthStream, Inc.",HSTM,,EXCLUDED_OTHER_NON_STRICT_REASON_NOT_CLASSIFIED_V0_22,True,True,False,False,False
WS:US:HSY,US_SP1500,Hershey Company (The),HSY,,INCLUDED_RESEARCH_PARTIAL_VERIFIED_STRICT,True,True,True,False,True
WS:US:HTH,US_SP1500,Hilltop Holdings Inc.,HTH,,EXCLUDED_OTHER_NON_STRICT_REASON_NOT_CLASSIFIED_V0_22,True,True,False,False,False
WS:US:HTLD,US_SP1500,"Heartland Express, Inc.",HTLD,,EXCLUDED_OTHER_NON_STRICT_REASON_NOT_CLASSIFIED_V0_22,True,True,False,False,False
WS:US:HTO,US_SP1500,H2O America,HTO,,INCLUDED_RESEARCH_PARTIAL_VERIFIED_STRICT,True,True,True,False,True
WS:US:HUBB,US_SP1500,Hubbell Incorporated,HUBB,,INCLUDED_RESEARCH_PARTIAL_VERIFIED_STRICT,True,True,True,False,True
WS:US:HUBG,US_SP1500,"Hub Group, Inc.",HUBG,,INCLUDED_RESEARCH_PARTIAL_VERIFIED_STRICT,True,True,True,False,True
WS:US:HUM,US_SP1500,Humana,HUM,,INCLUDED_RESEARCH_PARTIAL_VERIFIED_STRICT,True,True,True,False,True
WS:US:HWC,US_SP1500,Hancock Whitney,HWC,,INCLUDED_RESEARCH_PARTIAL_VERIFIED_STRICT,True,True,True,False,True
WS:US:HWKN,US_SP1500,"Hawkins, Inc.",HWKN,,INCLUDED_RESEARCH_PARTIAL_VERIFIED_STRICT,True,True,True,False,True
WS:US:HWM,US_SP1500,Howmet Aerospace,HWM,,INCLUDED_RESEARCH_PARTIAL_VERIFIED_STRICT,True,True,True,False,True
WS:US:HXL,US_SP1500,Hexcel,HXL,,INCLUDED_RESEARCH_PARTIAL_VERIFIED_STRICT,True,True,True,False,True
WS:US:HZO,US_SP1500,"MarineMax, Inc.",HZO,,INCLUDED_RESEARCH_PARTIAL_VERIFIED_STRICT,True,True,True,False,True
WS:US:IART,US_SP1500,Integra Lifesciences Holdings,IART,,EXCLUDED_OTHER_NON_STRICT_REASON_NOT_CLASSIFIED_V0_22,True,True,False,False,False
WS:US:IBKR,US_SP1500,Interactive Brokers,IBKR,,INCLUDED_RESEARCH_PARTIAL_VERIFIED_STRICT,True,True,True,False,True
WS:US:IBM,US_SP1500,IBM,IBM,,INCLUDED_RESEARCH_PARTIAL_VERIFIED_STRICT,True,True,True,False,True
WS:US:IBOC,US_SP1500,Intl Bancshares Corp,IBOC,,INCLUDED_RESEARCH_PARTIAL_VERIFIED_STRICT,True,True,True,False,True
WS:US:IBP,US_SP1500,"Installed Building Products, Inc.",IBP,,INCLUDED_RESEARCH_PARTIAL_VERIFIED_STRICT,True,True,True,False,True
WS:US:ICE,US_SP1500,Intercontinental Exchange,ICE,,INCLUDED_RESEARCH_PARTIAL_VERIFIED_STRICT,True,True,True,False,True
WS:US:ICHR,US_SP1500,"Ichor Holdings, Ltd.",ICHR,,INCLUDED_RESEARCH_PARTIAL_VERIFIED_STRICT,True,True,True,False,True
WS:US:ICUI,US_SP1500,ICU Medical,ICUI,,INCLUDED_RESEARCH_PARTIAL_VERIFIED_STRICT,True,True,True,False,True
WS:US:IDA,US_SP1500,Idacorp,IDA,,INCLUDED_RESEARCH_PARTIAL_VERIFIED_STRICT,True,True,True,False,True
WS:US:IDCC,US_SP1500,InterDigital,IDCC,,INCLUDED_RESEARCH_PARTIAL_VERIFIED_STRICT,True,True,True,False,True
WS:US:IDXX,US_SP1500,Idexx Laboratories,IDXX,,INCLUDED_RESEARCH_PARTIAL_VERIFIED_STRICT,True,True,True,False,True
WS:US:IESC,US_SP1500,IES Holdings,IESC,,EXCLUDED_OTHER_NON_STRICT_REASON_NOT_CLASSIFIED_V0_22,True,True,False,False,False
WS:US:IEX,US_SP1500,IDEX Corporation,IEX,,INCLUDED_RESEARCH_PARTIAL_VERIFIED_STRICT,True,True,True,False,True
WS:US:IFF,US_SP1500,International Flavors & Fragrances,IFF,,INCLUDED_RESEARCH_PARTIAL_VERIFIED_STRICT,True,True,True,False,True
WS:US:IIPR,US_SP1500,"Innovative Industrial Properties, Inc.",IIPR,,EXCLUDED_OTHER_NON_STRICT_REASON_NOT_CLASSIFIED_V0_22,True,True,False,False,False
WS:US:ILMN,US_SP1500,"Illumina, Inc.",ILMN,,INCLUDED_RESEARCH_PARTIAL_VERIFIED_STRICT,True,True,True,False,True
WS:US:INCY,US_SP1500,Incyte,INCY,,INCLUDED_RESEARCH_PARTIAL_VERIFIED_STRICT,True,True,True,False,True
WS:US:INDB,US_SP1500,Independent Bank Corp.,INDB,,INCLUDED_RESEARCH_PARTIAL_VERIFIED_STRICT,True,True,True,False,True
WS:US:INDV,US_SP1500,Indivior,INDV,,INCLUDED_RESEARCH_PARTIAL_VERIFIED_STRICT,True,True,True,False,True
WS:US:INGR,US_SP1500,Ingredion,INGR,,INCLUDED_RESEARCH_PARTIAL_VERIFIED_STRICT,True,True,True,False,True
WS:US:INSP,US_SP1500,"Inspire Medical Systems, Inc.",INSP,,INCLUDED_RESEARCH_PARTIAL_VERIFIED_STRICT,True,True,True,False,True
WS:US:INSW,US_SP1500,"International Seaways, Inc.",INSW,,INCLUDED_RESEARCH_PARTIAL_VERIFIED_STRICT,True,True,True,False,True
WS:US:INTC,US_SP1500,Intel,INTC,,INCLUDED_RESEARCH_PARTIAL_VERIFIED_STRICT,True,True,True,False,True
WS:US:INTU,US_SP1500,Intuit,INTU,,INCLUDED_RESEARCH_PARTIAL_VERIFIED_STRICT,True,True,True,False,True
WS:US:INVA,US_SP1500,"Innoviva, Inc.",INVA,,EXCLUDED_OTHER_NON_STRICT_REASON_NOT_CLASSIFIED_V0_22,True,True,False,False,False
WS:US:INVH,US_SP1500,Invitation Homes,INVH,,INCLUDED_RESEARCH_PARTIAL_VERIFIED_STRICT,True,True,True,False,True
WS:US:INVX,US_SP1500,"Innovex International, Inc.",INVX,,EXCLUDED_OTHER_NON_STRICT_REASON_NOT_CLASSIFIED_V0_22,True,True,False,False,False
WS:US:IOSP,US_SP1500,"Innospec, Inc.",IOSP,,EXCLUDED_OTHER_NON_STRICT_REASON_NOT_CLASSIFIED_V0_22,True,True,False,False,False
WS:US:IP,US_SP1500,International Paper,IP,,INCLUDED_RESEARCH_PARTIAL_VERIFIED_STRICT,True,True,True,False,True
WS:US:IPAR,US_SP1500,"Inter Parfums, Inc.",IPAR,,INCLUDED_RESEARCH_PARTIAL_VERIFIED_STRICT,True,True,True,False,True
WS:US:IPGP,US_SP1500,IPG Photonics,IPGP,,INCLUDED_RESEARCH_PARTIAL_VERIFIED_STRICT,True,True,True,False,True
WS:US:IQV,US_SP1500,IQVIA,IQV,,INCLUDED_RESEARCH_PARTIAL_VERIFIED_STRICT,True,True,True,False,True
WS:US:IR,US_SP1500,Ingersoll Rand,IR,,INCLUDED_RESEARCH_PARTIAL_VERIFIED_STRICT,True,True,True,False,True
WS:US:IRDM,US_SP1500,Iridium Communications,IRDM,,INCLUDED_RESEARCH_PARTIAL_VERIFIED_STRICT,True,True,True,False,True
WS:US:IRM,US_SP1500,Iron Mountain,IRM,,INCLUDED_RESEARCH_PARTIAL_VERIFIED_STRICT,True,True,True,False,True
WS:US:IRT,US_SP1500,Independence Realty Trust,IRT,,INCLUDED_RESEARCH_PARTIAL_VERIFIED_STRICT,True,True,True,False,True
WS:US:ISRG,US_SP1500,Intuitive Surgical,ISRG,,INCLUDED_RESEARCH_PARTIAL_VERIFIED_STRICT,True,True,True,False,True
WS:US:IT,US_SP1500,Gartner,IT,,INCLUDED_RESEARCH_PARTIAL_VERIFIED_STRICT,True,True,True,False,True
WS:US:ITGR,US_SP1500,Integer Holdings Corporation,ITGR,,INCLUDED_RESEARCH_PARTIAL_VERIFIED_STRICT,True,True,True,False,True
WS:US:ITRI,US_SP1500,"Itron, Inc.",ITRI,,INCLUDED_RESEARCH_PARTIAL_VERIFIED_STRICT,True,True,True,False,True
WS:US:ITT,US_SP1500,ITT Inc.,ITT,,INCLUDED_RESEARCH_PARTIAL_VERIFIED_STRICT,True,True,True,False,True
WS:US:ITW,US_SP1500,Illinois Tool Works,ITW,,INCLUDED_RESEARCH_PARTIAL_VERIFIED_STRICT,True,True,True,False,True
WS:US:IVT,US_SP1500,InvenTrust Properties,IVT,,INCLUDED_RESEARCH_PARTIAL_VERIFIED_STRICT,True,True,True,False,True
WS:US:IVZ,US_SP1500,Invesco,IVZ,,INCLUDED_RESEARCH_PARTIAL_VERIFIED_STRICT,True,True,True,False,True
WS:US:J,US_SP1500,Jacobs Solutions,J,,INCLUDED_RESEARCH_PARTIAL_VERIFIED_STRICT,True,True,True,False,True
WS:US:JAZZ,US_SP1500,Jazz Pharmaceuticals,JAZZ,,INCLUDED_RESEARCH_PARTIAL_VERIFIED_STRICT,True,True,True,False,True
WS:US:JBGS,US_SP1500,JBG Smith,JBGS,,EXCLUDED_OTHER_NON_STRICT_REASON_NOT_CLASSIFIED_V0_22,True,True,False,False,False
WS:US:JBHT,US_SP1500,J.B. Hunt,JBHT,,INCLUDED_RESEARCH_PARTIAL_VERIFIED_STRICT,True,True,True,False,True
WS:US:JBL,US_SP1500,Jabil,JBL,,INCLUDED_RESEARCH_PARTIAL_VERIFIED_STRICT,True,True,True,False,True
WS:US:JBLU,US_SP1500,JetBlue,JBLU,,INCLUDED_RESEARCH_PARTIAL_VERIFIED_STRICT,True,True,True,False,True
WS:US:JBSS,US_SP1500,"John B. Sanfilippo & Son, Inc.",JBSS,,EXCLUDED_OTHER_NON_STRICT_REASON_NOT_CLASSIFIED_V0_22,True,True,False,False,False
WS:US:JBTM,US_SP1500,JBT Marel Corporation,JBTM,,INCLUDED_RESEARCH_PARTIAL_VERIFIED_STRICT,True,True,True,False,True
WS:US:JCI,US_SP1500,Johnson Controls,JCI,,INCLUDED_RESEARCH_PARTIAL_VERIFIED_STRICT,True,True,True,False,True
WS:US:JEF,US_SP1500,Jefferies,JEF,,INCLUDED_RESEARCH_PARTIAL_VERIFIED_STRICT,True,True,True,False,True
WS:US:JJSF,US_SP1500,J&J Snack Foods Corp.,JJSF,,INCLUDED_RESEARCH_PARTIAL_VERIFIED_STRICT,True,True,True,False,True
WS:US:JKHY,US_SP1500,Jack Henry & Associates,JKHY,,INCLUDED_RESEARCH_PARTIAL_VERIFIED_STRICT,True,True,True,False,True
WS:US:JLL,US_SP1500,Jones Lang LaSalle,JLL,,INCLUDED_RESEARCH_PARTIAL_VERIFIED_STRICT,True,True,True,False,True
WS:US:JNJ,US_SP1500,Johnson & Johnson,JNJ,,INCLUDED_RESEARCH_PARTIAL_VERIFIED_STRICT,True,True,True,False,True
WS:US:JOE,US_SP1500,St. Joe Company,JOE,,EXCLUDED_OTHER_NON_STRICT_REASON_NOT_CLASSIFIED_V0_22,True,True,False,False,False
WS:US:JPM,US_SP1500,JPMorgan Chase,JPM,,INCLUDED_RESEARCH_PARTIAL_VERIFIED_STRICT,True,True,True,False,True
WS:US:JXN,US_SP1500,"Jackson Financial, Inc.",JXN,,INCLUDED_RESEARCH_PARTIAL_VERIFIED_STRICT,True,True,True,False,True
WS:US:KAI,US_SP1500,Kadant Inc.,KAI,,INCLUDED_RESEARCH_PARTIAL_VERIFIED_STRICT,True,True,True,False,True
WS:US:KALU,US_SP1500,Kaiser Aluminum Corporation,KALU,,INCLUDED_RESEARCH_PARTIAL_VERIFIED_STRICT,True,True,True,False,True
WS:US:KBH,US_SP1500,KB Home,KBH,,INCLUDED_RESEARCH_PARTIAL_VERIFIED_STRICT,True,True,True,False,True
WS:US:KBR,US_SP1500,"KBR, Inc.",KBR,,INCLUDED_RESEARCH_PARTIAL_VERIFIED_STRICT,True,True,True,False,True
WS:US:KD,US_SP1500,Kyndryl,KD,,EXCLUDED_OTHER_NON_STRICT_REASON_NOT_CLASSIFIED_V0_22,True,True,False,False,False
WS:US:KDP,US_SP1500,Keurig Dr Pepper,KDP,,INCLUDED_RESEARCH_PARTIAL_VERIFIED_STRICT,True,True,True,False,True
WS:US:KEX,US_SP1500,Kirby Corporation,KEX,,INCLUDED_RESEARCH_PARTIAL_VERIFIED_STRICT,True,True,True,False,True
WS:US:KEY,US_SP1500,KeyCorp,KEY,,INCLUDED_RESEARCH_PARTIAL_VERIFIED_STRICT,True,True,True,False,True
WS:US:KEYS,US_SP1500,Keysight Technologies,KEYS,,INCLUDED_RESEARCH_PARTIAL_VERIFIED_STRICT,True,True,True,False,True
WS:US:KFY,US_SP1500,Korn/Ferry International,KFY,,INCLUDED_RESEARCH_PARTIAL_VERIFIED_STRICT,True,True,True,False,True
WS:US:KGS,US_SP1500,"Kodiak Gas Services, Inc.",KGS,,INCLUDED_RESEARCH_PARTIAL_VERIFIED_STRICT,True,True,True,False,True
WS:US:KHC,US_SP1500,Kraft Heinz,KHC,,INCLUDED_RESEARCH_PARTIAL_VERIFIED_STRICT,True,True,True,False,True
WS:US:KIM,US_SP1500,Kimco Realty,KIM,,INCLUDED_RESEARCH_PARTIAL_VERIFIED_STRICT,True,True,True,False,True
WS:US:KKR,US_SP1500,KKR & Co.,KKR,,INCLUDED_RESEARCH_PARTIAL_VERIFIED_STRICT,True,True,True,False,True
WS:US:KLAC,US_SP1500,KLA Corporation,KLAC,,INCLUDED_RESEARCH_PARTIAL_VERIFIED_STRICT,True,True,True,False,True
WS:US:KLIC,US_SP1500,"Kulicke and Soffa Industries, Inc.",KLIC,,INCLUDED_RESEARCH_PARTIAL_VERIFIED_STRICT,True,True,True,False,True
WS:US:KMB,US_SP1500,Kimberly-Clark,KMB,,INCLUDED_RESEARCH_PARTIAL_VERIFIED_STRICT,True,True,True,False,True
WS:US:KMI,US_SP1500,Kinder Morgan,KMI,,INCLUDED_RESEARCH_PARTIAL_VERIFIED_STRICT,True,True,True,False,True
WS:US:KMPR,US_SP1500,Kemper Corporation,KMPR,,INCLUDED_RESEARCH_PARTIAL_VERIFIED_STRICT,True,True,True,False,True
WS:US:KMT,US_SP1500,Kennametal,KMT,,INCLUDED_RESEARCH_PARTIAL_VERIFIED_STRICT,True,True,True,False,True
WS:US:KMX,US_SP1500,"CarMax, Inc.",KMX,,INCLUDED_RESEARCH_PARTIAL_VERIFIED_STRICT,True,True,True,False,True
WS:US:KN,US_SP1500,Knowles Corporation,KN,,INCLUDED_RESEARCH_PARTIAL_VERIFIED_STRICT,True,True,True,False,True
WS:US:KNF,US_SP1500,Knife River Corporation,KNF,,INCLUDED_RESEARCH_PARTIAL_VERIFIED_STRICT,True,True,True,False,True
WS:US:KNSL,US_SP1500,Kinsale Capital Group,KNSL,,INCLUDED_RESEARCH_PARTIAL_VERIFIED_STRICT,True,True,True,False,True
WS:US:KNTK,US_SP1500,"Kinetik Holdings, Inc.",KNTK,,INCLUDED_RESEARCH_PARTIAL_VERIFIED_STRICT,True,True,True,False,True
WS:US:KNX,US_SP1500,Knight-Swift,KNX,,INCLUDED_RESEARCH_PARTIAL_VERIFIED_STRICT,True,True,True,False,True
WS:US:KO,US_SP1500,Coca-Cola Company (The),KO,,INCLUDED_RESEARCH_PARTIAL_VERIFIED_STRICT,True,True,True,False,True
WS:US:KOP,US_SP1500,"Koppers Holdings, Inc.",KOP,,EXCLUDED_OTHER_NON_STRICT_REASON_NOT_CLASSIFIED_V0_22,True,True,False,False,False
WS:US:KR,US_SP1500,Kroger,KR,,INCLUDED_RESEARCH_PARTIAL_VERIFIED_STRICT,True,True,True,False,True
WS:US:KRC,US_SP1500,Kilroy Realty Corp,KRC,,INCLUDED_RESEARCH_PARTIAL_VERIFIED_STRICT,True,True,True,False,True
WS:US:KRG,US_SP1500,Kite Realty Group Trust,KRG,,INCLUDED_RESEARCH_PARTIAL_VERIFIED_STRICT,True,True,True,False,True
WS:US:KRMN,US_SP1500,Karman Holdings,KRMN,,INCLUDED_RESEARCH_PARTIAL_VERIFIED_STRICT,True,True,True,False,True
WS:US:KRYS,US_SP1500,Krystal Biotech,KRYS,,INCLUDED_RESEARCH_PARTIAL_VERIFIED_STRICT,True,True,True,False,True
WS:US:KSS,US_SP1500,Kohl's Corp.,KSS,,INCLUDED_RESEARCH_PARTIAL_VERIFIED_STRICT,True,True,True,False,True
WS:US:KTB,US_SP1500,Kontoor Brands,KTB,,INCLUDED_RESEARCH_PARTIAL_VERIFIED_STRICT,True,True,True,False,True
WS:US:KTOS,US_SP1500,Kratos Defense & Security Solutions,KTOS,,INCLUDED_RESEARCH_PARTIAL_VERIFIED_STRICT,True,True,True,False,True
WS:US:KVUE,US_SP1500,Kenvue,KVUE,,INCLUDED_RESEARCH_PARTIAL_VERIFIED_STRICT,True,True,True,False,True
WS:US:KWR,US_SP1500,Quaker Chemical Corporation,KWR,,INCLUDED_RESEARCH_PARTIAL_VERIFIED_STRICT,True,True,True,False,True
WS:US:L,US_SP1500,Loews Corporation,L,,INCLUDED_RESEARCH_PARTIAL_VERIFIED_STRICT,True,True,True,False,True
WS:US:LAD,US_SP1500,Lithia Motors,LAD,,INCLUDED_RESEARCH_PARTIAL_VERIFIED_STRICT,True,True,True,False,True
WS:US:LAMR,US_SP1500,Lamar Advertising Company,LAMR,,INCLUDED_RESEARCH_PARTIAL_VERIFIED_STRICT,True,True,True,False,True
WS:US:LAUR,US_SP1500,"Laureate Education, Inc.",LAUR,,INCLUDED_RESEARCH_PARTIAL_VERIFIED_STRICT,True,True,True,False,True
WS:US:LAZ,US_SP1500,Lazard,LAZ,,INCLUDED_RESEARCH_PARTIAL_VERIFIED_STRICT,True,True,True,False,True
WS:US:LBRT,US_SP1500,"Liberty Energy, Inc.",LBRT,,INCLUDED_RESEARCH_PARTIAL_VERIFIED_STRICT,True,True,True,False,True
WS:US:LCII,US_SP1500,LCI Industries,LCII,,INCLUDED_RESEARCH_PARTIAL_VERIFIED_STRICT,True,True,True,False,True
WS:US:LDOS,US_SP1500,Leidos,LDOS,,INCLUDED_RESEARCH_PARTIAL_VERIFIED_STRICT,True,True,True,False,True
WS:US:LEA,US_SP1500,Lear,LEA,,INCLUDED_RESEARCH_PARTIAL_VERIFIED_STRICT,True,True,True,False,True
WS:US:LECO,US_SP1500,Lincoln Electric,LECO,,INCLUDED_RESEARCH_PARTIAL_VERIFIED_STRICT,True,True,True,False,True
WS:US:LEG,US_SP1500,Leggett & Platt,LEG,,INCLUDED_RESEARCH_PARTIAL_VERIFIED_STRICT,True,True,True,False,True
WS:US:LEN,US_SP1500,Lennar,LEN,,INCLUDED_RESEARCH_PARTIAL_VERIFIED_STRICT,True,True,True,False,True
WS:US:LEU,US_SP1500,Centrus Energy Corp.,LEU,,INCLUDED_RESEARCH_PARTIAL_VERIFIED_STRICT,True,True,True,False,True
WS:US:LFST,US_SP1500,Lifestance Health,LFST,,INCLUDED_RESEARCH_PARTIAL_VERIFIED_STRICT,True,True,True,False,True
WS:US:LFUS,US_SP1500,Littelfuse,LFUS,,INCLUDED_RESEARCH_PARTIAL_VERIFIED_STRICT,True,True,True,False,True
WS:US:LGIH,US_SP1500,LGI Homes,LGIH,,EXCLUDED_OTHER_NON_STRICT_REASON_NOT_CLASSIFIED_V0_22,True,True,False,False,False
WS:US:LGND,US_SP1500,"Ligand Pharmaceuticals, Inc.",LGND,,INCLUDED_RESEARCH_PARTIAL_VERIFIED_STRICT,True,True,True,False,True
WS:US:LH,US_SP1500,Labcorp,LH,,INCLUDED_RESEARCH_PARTIAL_VERIFIED_STRICT,True,True,True,False,True
WS:US:LHX,US_SP1500,L3Harris,LHX,,INCLUDED_RESEARCH_PARTIAL_VERIFIED_STRICT,True,True,True,False,True
WS:US:LIF,US_SP1500,Life360,LIF,,INCLUDED_RESEARCH_PARTIAL_VERIFIED_STRICT,True,True,True,False,True
WS:US:LII,US_SP1500,Lennox International,LII,,INCLUDED_RESEARCH_PARTIAL_VERIFIED_STRICT,True,True,True,False,True
WS:US:LIN,US_SP1500,Linde plc,LIN,,INCLUDED_RESEARCH_PARTIAL_VERIFIED_STRICT,True,True,True,False,True
WS:US:LITE,US_SP1500,Lumentum,LITE,,INCLUDED_RESEARCH_PARTIAL_VERIFIED_STRICT,True,True,True,False,True
WS:US:LIVN,US_SP1500,LivaNova,LIVN,,INCLUDED_RESEARCH_PARTIAL_VERIFIED_STRICT,True,True,True,False,True
WS:US:LKFN,US_SP1500,Lakeland Financial,LKFN,,EXCLUDED_OTHER_NON_STRICT_REASON_NOT_CLASSIFIED_V0_22,True,True,False,False,False
WS:US:LKQ,US_SP1500,LKQ Corporation,LKQ,,INCLUDED_RESEARCH_PARTIAL_VERIFIED_STRICT,True,True,True,False,True
WS:US:LLY,US_SP1500,Lilly (Eli),LLY,,INCLUDED_RESEARCH_PARTIAL_VERIFIED_STRICT,True,True,True,False,True
WS:US:LMAT,US_SP1500,LeMaitre Vascular,LMAT,,INCLUDED_RESEARCH_PARTIAL_VERIFIED_STRICT,True,True,True,False,True
WS:US:LMT,US_SP1500,Lockheed Martin,LMT,,INCLUDED_RESEARCH_PARTIAL_VERIFIED_STRICT,True,True,True,False,True
WS:US:LNC,US_SP1500,Lincoln Financial,LNC,,INCLUDED_RESEARCH_PARTIAL_VERIFIED_STRICT,True,True,True,False,True
WS:US:LNN,US_SP1500,Lindsay Corporation,LNN,,EXCLUDED_OTHER_NON_STRICT_REASON_NOT_CLASSIFIED_V0_22,True,True,False,False,False
WS:US:LNT,US_SP1500,Alliant Energy,LNT,,INCLUDED_RESEARCH_PARTIAL_VERIFIED_STRICT,True,True,True,False,True
WS:US:LNTH,US_SP1500,Lantheus Holdings,LNTH,,INCLUDED_RESEARCH_PARTIAL_VERIFIED_STRICT,True,True,True,False,True
WS:US:LOPE,US_SP1500,Grand Canyon Education,LOPE,,INCLUDED_RESEARCH_PARTIAL_VERIFIED_STRICT,True,True,True,False,True
WS:US:LOW,US_SP1500,Lowe's,LOW,,INCLUDED_RESEARCH_PARTIAL_VERIFIED_STRICT,True,True,True,False,True
WS:US:LPG,US_SP1500,Dorian LPG Ltd.,LPG,,INCLUDED_RESEARCH_PARTIAL_VERIFIED_STRICT,True,True,True,False,True
WS:US:LPX,US_SP1500,Louisiana-Pacific,LPX,,INCLUDED_RESEARCH_PARTIAL_VERIFIED_STRICT,True,True,True,False,True
WS:US:LQDA,US_SP1500,Liquidia Corporation,LQDA,,INCLUDED_RESEARCH_PARTIAL_VERIFIED_STRICT,True,True,True,False,True
WS:US:LQDT,US_SP1500,"Liquidity Services, Inc.",LQDT,,EXCLUDED_OTHER_NON_STRICT_REASON_NOT_CLASSIFIED_V0_22,True,True,False,False,False
WS:US:LRCX,US_SP1500,Lam Research,LRCX,,INCLUDED_RESEARCH_PARTIAL_VERIFIED_STRICT,True,True,True,False,True
WS:US:LRN,US_SP1500,"Stride, Inc.",LRN,,EXCLUDED_OTHER_NON_STRICT_REASON_NOT_CLASSIFIED_V0_22,True,True,False,False,False
WS:US:LSCC,US_SP1500,Lattice Semiconductor,LSCC,,INCLUDED_RESEARCH_PARTIAL_VERIFIED_STRICT,True,True,True,False,True
WS:US:LSTR,US_SP1500,Landstar System,LSTR,,INCLUDED_RESEARCH_PARTIAL_VERIFIED_STRICT,True,True,True,False,True
WS:US:LTC,US_SP1500,"LTC Properties, Inc.",LTC,,INCLUDED_RESEARCH_PARTIAL_VERIFIED_STRICT,True,True,True,False,True
WS:US:LTH,US_SP1500,"Life Time Group Holdings, Inc.",LTH,,INCLUDED_RESEARCH_PARTIAL_VERIFIED_STRICT,True,True,True,False,True
WS:US:LULU,US_SP1500,Lululemon Athletica,LULU,,INCLUDED_RESEARCH_PARTIAL_VERIFIED_STRICT,True,True,True,False,True
WS:US:LUMN,US_SP1500,Lumen Technologies,LUMN,,INCLUDED_RESEARCH_PARTIAL_VERIFIED_STRICT,True,True,True,False,True
WS:US:LUV,US_SP1500,Southwest Airlines,LUV,,INCLUDED_RESEARCH_PARTIAL_VERIFIED_STRICT,True,True,True,False,True
WS:US:LVS,US_SP1500,Las Vegas Sands,LVS,,INCLUDED_RESEARCH_PARTIAL_VERIFIED_STRICT,True,True,True,False,True
WS:US:LW,US_SP1500,Lamb Weston,LW,,INCLUDED_RESEARCH_PARTIAL_VERIFIED_STRICT,True,True,True,False,True
WS:US:LXP,US_SP1500,Lexington Realty Trust,LXP,,INCLUDED_RESEARCH_PARTIAL_VERIFIED_STRICT,True,True,True,False,True
WS:US:LYB,US_SP1500,LyondellBasell,LYB,,INCLUDED_RESEARCH_PARTIAL_VERIFIED_STRICT,True,True,True,False,True
WS:US:LYFT,US_SP1500,"Lyft, Inc.",LYFT,,INCLUDED_RESEARCH_PARTIAL_VERIFIED_STRICT,True,True,True,False,True
WS:US:LYV,US_SP1500,Live Nation Entertainment,LYV,,INCLUDED_RESEARCH_PARTIAL_VERIFIED_STRICT,True,True,True,False,True
WS:US:LZ,US_SP1500,"LegalZoom.com, Inc.",LZ,,INCLUDED_RESEARCH_PARTIAL_VERIFIED_STRICT,True,True,True,False,True
WS:US:LZB,US_SP1500,"La-Z-Boy, Inc.",LZB,,EXCLUDED_OTHER_NON_STRICT_REASON_NOT_CLASSIFIED_V0_22,True,True,False,False,False
WS:US:M,US_SP1500,Macy's,M,,INCLUDED_RESEARCH_PARTIAL_VERIFIED_STRICT,True,True,True,False,True
WS:US:MA,US_SP1500,Mastercard,MA,,INCLUDED_RESEARCH_PARTIAL_VERIFIED_STRICT,True,True,True,False,True
WS:US:MAA,US_SP1500,Mid-America Apartment Communities,MAA,,INCLUDED_RESEARCH_PARTIAL_VERIFIED_STRICT,True,True,True,False,True
WS:US:MAC,US_SP1500,Macerich,MAC,,INCLUDED_RESEARCH_PARTIAL_VERIFIED_STRICT,True,True,True,False,True
WS:US:MAN,US_SP1500,ManpowerGroup,MAN,,INCLUDED_RESEARCH_PARTIAL_VERIFIED_STRICT,True,True,True,False,True
WS:US:MANH,US_SP1500,Manhattan Associates,MANH,,INCLUDED_RESEARCH_PARTIAL_VERIFIED_STRICT,True,True,True,False,True
WS:US:MAR,US_SP1500,Marriott International,MAR,,INCLUDED_RESEARCH_PARTIAL_VERIFIED_STRICT,True,True,True,False,True
WS:US:MARA,US_SP1500,"MARA Holdings, Inc.",MARA,,INCLUDED_RESEARCH_PARTIAL_VERIFIED_STRICT,True,True,True,False,True
WS:US:MAS,US_SP1500,Masco,MAS,,INCLUDED_RESEARCH_PARTIAL_VERIFIED_STRICT,True,True,True,False,True
WS:US:MAT,US_SP1500,Mattel,MAT,,INCLUDED_RESEARCH_PARTIAL_VERIFIED_STRICT,True,True,True,False,True
WS:US:MATW,US_SP1500,Matthews International Corporation,MATW,,EXCLUDED_OTHER_NON_STRICT_REASON_NOT_CLASSIFIED_V0_22,True,True,False,False,False
WS:US:MATX,US_SP1500,"Matson, Inc.",MATX,,INCLUDED_RESEARCH_PARTIAL_VERIFIED_STRICT,True,True,True,False,True
WS:US:MBC,US_SP1500,"MasterBrand, Inc.",MBC,,EXCLUDED_OTHER_NON_STRICT_REASON_NOT_CLASSIFIED_V0_22,True,True,False,False,False
WS:US:MBGL,US_SP1500,"Mobility Global, Inc.",MBGL,,EXCLUDED_OTHER_NON_STRICT_REASON_NOT_CLASSIFIED_V0_22,True,True,False,False,False
WS:US:MBIN,US_SP1500,Merchants Bancorp,MBIN,,EXCLUDED_OTHER_NON_STRICT_REASON_NOT_CLASSIFIED_V0_22,True,True,False,False,False
WS:US:MC,US_SP1500,Moelis & Company,MC,,INCLUDED_RESEARCH_PARTIAL_VERIFIED_STRICT,True,True,True,False,True
WS:US:MCD,US_SP1500,McDonald's,MCD,,INCLUDED_RESEARCH_PARTIAL_VERIFIED_STRICT,True,True,True,False,True
WS:US:MCHP,US_SP1500,Microchip Technology,MCHP,,INCLUDED_RESEARCH_PARTIAL_VERIFIED_STRICT,True,True,True,False,True
WS:US:MCK,US_SP1500,McKesson Corporation,MCK,,INCLUDED_RESEARCH_PARTIAL_VERIFIED_STRICT,True,True,True,False,True
WS:US:MCO,US_SP1500,Moody's Corporation,MCO,,INCLUDED_RESEARCH_PARTIAL_VERIFIED_STRICT,True,True,True,False,True
WS:US:MCRI,US_SP1500,"Monarch Casino & Resort, Inc.",MCRI,,EXCLUDED_OTHER_NON_STRICT_REASON_NOT_CLASSIFIED_V0_22,True,True,False,False,False
WS:US:MCY,US_SP1500,Mercury General,MCY,,INCLUDED_RESEARCH_PARTIAL_VERIFIED_STRICT,True,True,True,False,True
WS:US:MD,US_SP1500,Pediatrix Medical Group,MD,,INCLUDED_RESEARCH_PARTIAL_VERIFIED_STRICT,True,True,True,False,True
WS:US:MDLZ,US_SP1500,Mondelez International,MDLZ,,INCLUDED_RESEARCH_PARTIAL_VERIFIED_STRICT,True,True,True,False,True
WS:US:MDT,US_SP1500,Medtronic,MDT,,INCLUDED_RESEARCH_PARTIAL_VERIFIED_STRICT,True,True,True,False,True
WS:US:MDU,US_SP1500,"MDU Resources Group, Inc.",MDU,,INCLUDED_RESEARCH_PARTIAL_VERIFIED_STRICT,True,True,True,False,True
WS:US:MEDP,US_SP1500,Medpace,MEDP,,EXCLUDED_OTHER_NON_STRICT_REASON_NOT_CLASSIFIED_V0_22,True,True,False,False,False
WS:US:MET,US_SP1500,MetLife,MET,,INCLUDED_RESEARCH_PARTIAL_VERIFIED_STRICT,True,True,True,False,True
WS:US:META,US_SP1500,Meta Platforms,META,,INCLUDED_RESEARCH_PARTIAL_VERIFIED_STRICT,True,True,True,False,True
WS:US:MFP,US_SP1500,"Midera Food Processing, Inc.",MFP,,EXCLUDED_OTHER_NON_STRICT_REASON_NOT_CLASSIFIED_V0_22,True,True,False,False,False
WS:US:MGEE,US_SP1500,"MGE Energy, Inc.",MGEE,,EXCLUDED_OTHER_NON_STRICT_REASON_NOT_CLASSIFIED_V0_22,True,True,False,False,False
WS:US:MGM,US_SP1500,MGM Resorts,MGM,,INCLUDED_RESEARCH_PARTIAL_VERIFIED_STRICT,True,True,True,False,True
WS:US:MGY,US_SP1500,"Magnolia Oil & Gas, Corp.",MGY,,INCLUDED_RESEARCH_PARTIAL_VERIFIED_STRICT,True,True,True,False,True
WS:US:MHK,US_SP1500,Mohawk Industries,MHK,,INCLUDED_RESEARCH_PARTIAL_VERIFIED_STRICT,True,True,True,False,True
WS:US:MHO,US_SP1500,"M/I Homes, Inc.",MHO,,INCLUDED_RESEARCH_PARTIAL_VERIFIED_STRICT,True,True,True,False,True
WS:US:MIDD,US_SP1500,Middleby,MIDD,,INCLUDED_RESEARCH_PARTIAL_VERIFIED_STRICT,True,True,True,False,True
WS:US:MIR,US_SP1500,"Mirion Technologies, Inc.",MIR,,INCLUDED_RESEARCH_PARTIAL_VERIFIED_STRICT,True,True,True,False,True
WS:US:MKC,US_SP1500,McCormick & Company,MKC,,INCLUDED_RESEARCH_PARTIAL_VERIFIED_STRICT,True,True,True,False,True
WS:US:MKSI,US_SP1500,MKS Instruments,MKSI,,INCLUDED_RESEARCH_PARTIAL_VERIFIED_STRICT,True,True,True,False,True
WS:US:MKTX,US_SP1500,MarketAxess,MKTX,,INCLUDED_RESEARCH_PARTIAL_VERIFIED_STRICT,True,True,True,False,True
WS:US:MLI,US_SP1500,Mueller Industries,MLI,,INCLUDED_RESEARCH_PARTIAL_VERIFIED_STRICT,True,True,True,False,True
WS:US:MLKN,US_SP1500,"MillerKnoll, Inc.",MLKN,,EXCLUDED_OTHER_NON_STRICT_REASON_NOT_CLASSIFIED_V0_22,True,True,False,False,False
WS:US:MLM,US_SP1500,Martin Marietta Materials,MLM,,INCLUDED_RESEARCH_PARTIAL_VERIFIED_STRICT,True,True,True,False,True
WS:US:MMI,US_SP1500,"Marcus & Millichap, Inc.",MMI,,EXCLUDED_OTHER_NON_STRICT_REASON_NOT_CLASSIFIED_V0_22,True,True,False,False,False
WS:US:MMM,US_SP1500,3M,MMM,,INCLUDED_RESEARCH_PARTIAL_VERIFIED_STRICT,True,True,True,False,True
WS:US:MMS,US_SP1500,Maximus Inc.,MMS,,INCLUDED_RESEARCH_PARTIAL_VERIFIED_STRICT,True,True,True,False,True
WS:US:MMSI,US_SP1500,"Merit Medical Systems, Inc.",MMSI,,INCLUDED_RESEARCH_PARTIAL_VERIFIED_STRICT,True,True,True,False,True
WS:US:MNST,US_SP1500,Monster Beverage,MNST,,EXCLUDED_OTHER_NON_STRICT_REASON_NOT_CLASSIFIED_V0_22,True,True,False,False,False
WS:US:MO,US_SP1500,Altria,MO,,INCLUDED_RESEARCH_PARTIAL_VERIFIED_STRICT,True,True,True,False,True
WS:US:MOG.A,US_SP1500,Moog Inc.,MOG-A,,INCLUDED_RESEARCH_PARTIAL_VERIFIED_STRICT,True,True,True,False,True
WS:US:MOH,US_SP1500,Molina Healthcare,MOH,,INCLUDED_RESEARCH_PARTIAL_VERIFIED_STRICT,True,True,True,False,True
WS:US:MORN,US_SP1500,"Morningstar, Inc.",MORN,,INCLUDED_RESEARCH_PARTIAL_VERIFIED_STRICT,True,True,True,False,True
WS:US:MOS,US_SP1500,Mosaic Company (The),MOS,,INCLUDED_RESEARCH_PARTIAL_VERIFIED_STRICT,True,True,True,False,True
WS:US:MP,US_SP1500,MP Materials,MP,,EXCLUDED_OTHER_NON_STRICT_REASON_NOT_CLASSIFIED_V0_22,True,True,False,False,False
WS:US:MPC,US_SP1500,Marathon Petroleum,MPC,,INCLUDED_RESEARCH_PARTIAL_VERIFIED_STRICT,True,True,True,False,True
WS:US:MPT,US_SP1500,Medical Properties Trust,MPT,,INCLUDED_RESEARCH_PARTIAL_VERIFIED_STRICT,True,True,True,False,True
WS:US:MPWR,US_SP1500,Monolithic Power Systems,MPWR,,INCLUDED_RESEARCH_PARTIAL_VERIFIED_STRICT,True,True,True,False,True
WS:US:MRCY,US_SP1500,Mercury Systems,MRCY,,INCLUDED_RESEARCH_PARTIAL_VERIFIED_STRICT,True,True,True,False,True
WS:US:MRK,US_SP1500,Merck & Co.,MRK,,INCLUDED_RESEARCH_PARTIAL_VERIFIED_STRICT,True,True,True,False,True
WS:US:MRNA,US_SP1500,Moderna,MRNA,,EXCLUDED_OTHER_NON_STRICT_REASON_NOT_CLASSIFIED_V0_22,True,True,False,False,False
WS:US:MRP,US_SP1500,"Millrose Properties, Inc.",MRP,,INCLUDED_RESEARCH_PARTIAL_VERIFIED_STRICT,True,True,True,False,True
WS:US:MRSH,US_SP1500,Marsh McLennan,MRSH,,INCLUDED_RESEARCH_PARTIAL_VERIFIED_STRICT,True,True,True,False,True
WS:US:MRTN,US_SP1500,"Marten Transport, Ltd.",MRTN,,EXCLUDED_OTHER_NON_STRICT_REASON_NOT_CLASSIFIED_V0_22,True,True,False,False,False
WS:US:MRVL,US_SP1500,Marvell Technology,MRVL,,INCLUDED_RESEARCH_PARTIAL_VERIFIED_STRICT,True,True,True,False,True
WS:US:MS,US_SP1500,Morgan Stanley,MS,,INCLUDED_RESEARCH_PARTIAL_VERIFIED_STRICT,True,True,True,False,True
WS:US:MSA,US_SP1500,MSA Safety,MSA,,INCLUDED_RESEARCH_PARTIAL_VERIFIED_STRICT,True,True,True,False,True
WS:US:MSCI,US_SP1500,MSCI,MSCI,,INCLUDED_RESEARCH_PARTIAL_VERIFIED_STRICT,True,True,True,False,True
WS:US:MSEX,US_SP1500,Middlesex Water Company,MSEX,,EXCLUDED_OTHER_NON_STRICT_REASON_NOT_CLASSIFIED_V0_22,True,True,False,False,False
WS:US:MSFT,US_SP1500,Microsoft,MSFT,,INCLUDED_RESEARCH_PARTIAL_VERIFIED_STRICT,True,True,True,False,True
WS:US:MSGS,US_SP1500,Madison Square Garden Sports Corp.,MSGS,,INCLUDED_RESEARCH_PARTIAL_VERIFIED_STRICT,True,True,True,False,True
WS:US:MSI,US_SP1500,Motorola Solutions,MSI,,INCLUDED_RESEARCH_PARTIAL_VERIFIED_STRICT,True,True,True,False,True
WS:US:MSM,US_SP1500,MSC Industrial Direct,MSM,,INCLUDED_RESEARCH_PARTIAL_VERIFIED_STRICT,True,True,True,False,True
WS:US:MTB,US_SP1500,M&T Bank,MTB,,INCLUDED_RESEARCH_PARTIAL_VERIFIED_STRICT,True,True,True,False,True
WS:US:MTCH,US_SP1500,Match Group,MTCH,,INCLUDED_RESEARCH_PARTIAL_VERIFIED_STRICT,True,True,True,False,True
WS:US:MTD,US_SP1500,Mettler Toledo,MTD,,INCLUDED_RESEARCH_PARTIAL_VERIFIED_STRICT,True,True,True,False,True
WS:US:MTDR,US_SP1500,Matador Resources,MTDR,,INCLUDED_RESEARCH_PARTIAL_VERIFIED_STRICT,True,True,True,False,True
WS:US:MTG,US_SP1500,MGIC Investment Corporation,MTG,,INCLUDED_RESEARCH_PARTIAL_VERIFIED_STRICT,True,True,True,False,True
WS:US:MTH,US_SP1500,Meritage Homes Corporation,MTH,,INCLUDED_RESEARCH_PARTIAL_VERIFIED_STRICT,True,True,True,False,True
WS:US:MTN,US_SP1500,Vail Resorts,MTN,,INCLUDED_RESEARCH_PARTIAL_VERIFIED_STRICT,True,True,True,False,True
WS:US:MTRN,US_SP1500,Materion Corp.,MTRN,,INCLUDED_RESEARCH_PARTIAL_VERIFIED_STRICT,True,True,True,False,True
WS:US:MTSI,US_SP1500,MACOM Technology Solutions,MTSI,,INCLUDED_RESEARCH_PARTIAL_VERIFIED_STRICT,True,True,True,False,True
WS:US:MTUS,US_SP1500,Metallus Inc,MTUS,,EXCLUDED_OTHER_NON_STRICT_REASON_NOT_CLASSIFIED_V0_22,True,True,False,False,False
WS:US:MTX,US_SP1500,Minerals Technologies,MTX,,EXCLUDED_OTHER_NON_STRICT_REASON_NOT_CLASSIFIED_V0_22,True,True,False,False,False
WS:US:MTZ,US_SP1500,MasTec,MTZ,,INCLUDED_RESEARCH_PARTIAL_VERIFIED_STRICT,True,True,True,False,True
WS:US:MU,US_SP1500,Micron Technology,MU,,INCLUDED_RESEARCH_PARTIAL_VERIFIED_STRICT,True,True,True,False,True
WS:US:MUR,US_SP1500,Murphy Oil,MUR,,INCLUDED_RESEARCH_PARTIAL_VERIFIED_STRICT,True,True,True,False,True
WS:US:MUSA,US_SP1500,Murphy USA,MUSA,,INCLUDED_RESEARCH_PARTIAL_VERIFIED_STRICT,True,True,True,False,True
WS:US:MWA,US_SP1500,Mueller Water Products,MWA,,INCLUDED_RESEARCH_PARTIAL_VERIFIED_STRICT,True,True,True,False,True
WS:US:MXL,US_SP1500,"MaxLinear, Inc.",MXL,,EXCLUDED_OTHER_NON_STRICT_REASON_NOT_CLASSIFIED_V0_22,True,True,False,False,False
WS:US:MYRG,US_SP1500,"MYR Group, Inc.",MYRG,,INCLUDED_RESEARCH_PARTIAL_VERIFIED_STRICT,True,True,True,False,True
WS:US:MZTI,US_SP1500,The Marzetti Company,MZTI,,INCLUDED_RESEARCH_PARTIAL_VERIFIED_STRICT,True,True,True,False,True
WS:US:NABL,US_SP1500,"N-able, Inc.",NABL,,EXCLUDED_OTHER_NON_STRICT_REASON_NOT_CLASSIFIED_V0_22,True,True,False,False,False
WS:US:NATL,US_SP1500,NCR Atleos,NATL,,INCLUDED_RESEARCH_PARTIAL_VERIFIED_STRICT,True,True,True,False,True
WS:US:NAVI,US_SP1500,Navient,NAVI,,EXCLUDED_OTHER_NON_STRICT_REASON_NOT_CLASSIFIED_V0_22,True,True,False,False,False
WS:US:NBHC,US_SP1500,National Bank Holdings Corporation,NBHC,,EXCLUDED_OTHER_NON_STRICT_REASON_NOT_CLASSIFIED_V0_22,True,True,False,False,False
WS:US:NBIX,US_SP1500,Neurocrine Biosciences,NBIX,,INCLUDED_RESEARCH_PARTIAL_VERIFIED_STRICT,True,True,True,False,True
WS:US:NBTB,US_SP1500,"NBT Bancorp, Inc.",NBTB,,EXCLUDED_OTHER_NON_STRICT_REASON_NOT_CLASSIFIED_V0_22,True,True,False,False,False
WS:US:NCLH,US_SP1500,Norwegian Cruise Line Holdings,NCLH,,INCLUDED_RESEARCH_PARTIAL_VERIFIED_STRICT,True,True,True,False,True
WS:US:NDAQ,US_SP1500,"Nasdaq, Inc.",NDAQ,,INCLUDED_RESEARCH_PARTIAL_VERIFIED_STRICT,True,True,True,False,True
WS:US:NDSN,US_SP1500,Nordson Corporation,NDSN,,INCLUDED_RESEARCH_PARTIAL_VERIFIED_STRICT,True,True,True,False,True
WS:US:NE,US_SP1500,Noble Corporation,NE,,INCLUDED_RESEARCH_PARTIAL_VERIFIED_STRICT,True,True,True,False,True
WS:US:NEE,US_SP1500,NextEra Energy,NEE,,INCLUDED_RESEARCH_PARTIAL_VERIFIED_STRICT,True,True,True,False,True
WS:US:NEM,US_SP1500,Newmont,NEM,,INCLUDED_RESEARCH_PARTIAL_VERIFIED_STRICT,True,True,True,False,True
WS:US:NEO,US_SP1500,"NeoGenomics Laboratories, Inc.",NEO,,INCLUDED_RESEARCH_PARTIAL_VERIFIED_STRICT,True,True,True,False,True
WS:US:NEOG,US_SP1500,Neogen,NEOG,,INCLUDED_RESEARCH_PARTIAL_VERIFIED_STRICT,True,True,True,False,True
WS:US:NEU,US_SP1500,NewMarket Corporation,NEU,,INCLUDED_RESEARCH_PARTIAL_VERIFIED_STRICT,True,True,True,False,True
WS:US:NFG,US_SP1500,National Fuel Gas,NFG,,INCLUDED_RESEARCH_PARTIAL_VERIFIED_STRICT,True,True,True,False,True
WS:US:NFLX,US_SP1500,Netflix,NFLX,,INCLUDED_RESEARCH_PARTIAL_VERIFIED_STRICT,True,True,True,False,True
WS:US:NGVT,US_SP1500,"Ingevity, Corp.",NGVT,,INCLUDED_RESEARCH_PARTIAL_VERIFIED_STRICT,True,True,True,False,True
WS:US:NHC,US_SP1500,"National Healthcare, Corp.",NHC,,INCLUDED_RESEARCH_PARTIAL_VERIFIED_STRICT,True,True,True,False,True
WS:US:NHI,US_SP1500,"National Health Investors, Inc.",NHI,,INCLUDED_RESEARCH_PARTIAL_VERIFIED_STRICT,True,True,True,False,True
WS:US:NI,US_SP1500,NiSource,NI,,INCLUDED_RESEARCH_PARTIAL_VERIFIED_STRICT,True,True,True,False,True
WS:US:NIC,US_SP1500,Nicolet Bankshares,NIC,,INCLUDED_RESEARCH_PARTIAL_VERIFIED_STRICT,True,True,True,False,True
WS:US:NJR,US_SP1500,New Jersey Resources,NJR,,INCLUDED_RESEARCH_PARTIAL_VERIFIED_STRICT,True,True,True,False,True
WS:US:NKE,US_SP1500,"Nike, Inc.",NKE,,INCLUDED_RESEARCH_PARTIAL_VERIFIED_STRICT,True,True,True,False,True
WS:US:NLY,US_SP1500,Annaly Capital Management,NLY,,INCLUDED_RESEARCH_PARTIAL_VERIFIED_STRICT,True,True,True,False,True
WS:US:NMIH,US_SP1500,"NMI Holdings, Inc.",NMIH,,INCLUDED_RESEARCH_PARTIAL_VERIFIED_STRICT,True,True,True,False,True
WS:US:NNN,US_SP1500,NNN Reit,NNN,,INCLUDED_RESEARCH_PARTIAL_VERIFIED_STRICT,True,True,True,False,True
WS:US:NOC,US_SP1500,Northrop Grumman,NOC,,INCLUDED_RESEARCH_PARTIAL_VERIFIED_STRICT,True,True,True,False,True
WS:US:NOG,US_SP1500,"Northern Oil and Gas, Inc.",NOG,,INCLUDED_RESEARCH_PARTIAL_VERIFIED_STRICT,True,True,True,False,True
WS:US:NOV,US_SP1500,NOV Inc.,NOV,,INCLUDED_RESEARCH_PARTIAL_VERIFIED_STRICT,True,True,True,False,True
WS:US:NOVT,US_SP1500,Novanta,NOVT,,INCLUDED_RESEARCH_PARTIAL_VERIFIED_STRICT,True,True,True,False,True
WS:US:NOW,US_SP1500,ServiceNow,NOW,,INCLUDED_RESEARCH_PARTIAL_VERIFIED_STRICT,True,True,True,False,True
WS:US:NPK,US_SP1500,"National Presto Industries, Inc.",NPK,,EXCLUDED_OTHER_NON_STRICT_REASON_NOT_CLASSIFIED_V0_22,True,True,False,False,False
WS:US:NPO,US_SP1500,"EnPro Industries, Inc.",NPO,,INCLUDED_RESEARCH_PARTIAL_VERIFIED_STRICT,True,True,True,False,True
WS:US:NRG,US_SP1500,NRG Energy,NRG,,INCLUDED_RESEARCH_PARTIAL_VERIFIED_STRICT,True,True,True,False,True
WS:US:NSC,US_SP1500,Norfolk Southern,NSC,,INCLUDED_RESEARCH_PARTIAL_VERIFIED_STRICT,True,True,True,False,True
WS:US:NSIT,US_SP1500,"Insight Enterprises, Inc.",NSIT,,INCLUDED_RESEARCH_PARTIAL_VERIFIED_STRICT,True,True,True,False,True
WS:US:NSP,US_SP1500,Insperity,NSP,,INCLUDED_RESEARCH_PARTIAL_VERIFIED_STRICT,True,True,True,False,True
WS:US:NSSC,US_SP1500,Napco Security Technologies,NSSC,,EXCLUDED_OTHER_NON_STRICT_REASON_NOT_CLASSIFIED_V0_22,True,True,False,False,False
WS:US:NTAP,US_SP1500,NetApp,NTAP,,INCLUDED_RESEARCH_PARTIAL_VERIFIED_STRICT,True,True,True,False,True
WS:US:NTCT,US_SP1500,"NETSCOUT Systems, Inc.",NTCT,,INCLUDED_RESEARCH_PARTIAL_VERIFIED_STRICT,True,True,True,False,True
WS:US:NTNX,US_SP1500,Nutanix,NTNX,,INCLUDED_RESEARCH_PARTIAL_VERIFIED_STRICT,True,True,True,False,True
WS:US:NTRS,US_SP1500,Northern Trust,NTRS,,INCLUDED_RESEARCH_PARTIAL_VERIFIED_STRICT,True,True,True,False,True
WS:US:NTST,US_SP1500,NETSTREIT Corp.,NTST,,INCLUDED_RESEARCH_PARTIAL_VERIFIED_STRICT,True,True,True,False,True
WS:US:NUE,US_SP1500,Nucor,NUE,,INCLUDED_RESEARCH_PARTIAL_VERIFIED_STRICT,True,True,True,False,True
WS:US:NVDA,US_SP1500,Nvidia,NVDA,,INCLUDED_RESEARCH_PARTIAL_VERIFIED_STRICT,True,True,True,False,True
WS:US:NVR,US_SP1500,"NVR, Inc.",NVR,,INCLUDED_RESEARCH_PARTIAL_VERIFIED_STRICT,True,True,True,False,True
WS:US:NVST,US_SP1500,Envista Holdings,NVST,,INCLUDED_RESEARCH_PARTIAL_VERIFIED_STRICT,True,True,True,False,True
WS:US:NVT,US_SP1500,nVent Electric plc,NVT,,INCLUDED_RESEARCH_PARTIAL_VERIFIED_STRICT,True,True,True,False,True
WS:US:NWBI,US_SP1500,"Northwest Bancshares, Inc.",NWBI,,EXCLUDED_OTHER_NON_STRICT_REASON_NOT_CLASSIFIED_V0_22,True,True,False,False,False
WS:US:NWE,US_SP1500,NorthWestern Energy,NWE,,INCLUDED_RESEARCH_PARTIAL_VERIFIED_STRICT,True,True,True,False,True
WS:US:NWL,US_SP1500,Newell Brands,NWL,,INCLUDED_RESEARCH_PARTIAL_VERIFIED_STRICT,True,True,True,False,True
WS:US:NWN,US_SP1500,NW Natural,NWN,,EXCLUDED_OTHER_NON_STRICT_REASON_NOT_CLASSIFIED_V0_22,True,True,False,False,False
WS:US:NWS,US_SP1500,News Corp (Class B),NWS,,INCLUDED_RESEARCH_PARTIAL_VERIFIED_STRICT,True,True,True,False,True
WS:US:NWSA,US_SP1500,News Corp (Class A),NWSA,,INCLUDED_RESEARCH_PARTIAL_VERIFIED_STRICT,True,True,True,False,True
WS:US:NX,US_SP1500,Quanex Building Products Corporation,NX,,EXCLUDED_OTHER_NON_STRICT_REASON_NOT_CLASSIFIED_V0_22,True,True,False,False,False
WS:US:NXPI,US_SP1500,NXP Semiconductors,NXPI,,INCLUDED_RESEARCH_PARTIAL_VERIFIED_STRICT,True,True,True,False,True
WS:US:NXRT,US_SP1500,"NexPoint Residential Trust, Inc.",NXRT,,EXCLUDED_OTHER_NON_STRICT_REASON_NOT_CLASSIFIED_V0_22,True,True,False,False,False
WS:US:NXST,US_SP1500,Nexstar Media Group,NXST,,INCLUDED_RESEARCH_PARTIAL_VERIFIED_STRICT,True,True,True,False,True
WS:US:NXT,US_SP1500,Nextpower,NXT,,INCLUDED_RESEARCH_PARTIAL_VERIFIED_STRICT,True,True,True,False,True
WS:US:NYT,US_SP1500,New York Times Company,NYT,,INCLUDED_RESEARCH_PARTIAL_VERIFIED_STRICT,True,True,True,False,True
WS:US:O,US_SP1500,Realty Income,O,,INCLUDED_RESEARCH_PARTIAL_VERIFIED_STRICT,True,True,True,False,True
WS:US:OC,US_SP1500,Owens Corning,OC,,INCLUDED_RESEARCH_PARTIAL_VERIFIED_STRICT,True,True,True,False,True
WS:US:ODFL,US_SP1500,Old Dominion,ODFL,,INCLUDED_RESEARCH_PARTIAL_VERIFIED_STRICT,True,True,True,False,True
WS:US:OFG,US_SP1500,OFG Bancorp,OFG,,EXCLUDED_OTHER_NON_STRICT_REASON_NOT_CLASSIFIED_V0_22,True,True,False,False,False
WS:US:OGE,US_SP1500,OGE Energy,OGE,,INCLUDED_RESEARCH_PARTIAL_VERIFIED_STRICT,True,True,True,False,True
WS:US:OGN,US_SP1500,Organon & Co.,OGN,,INCLUDED_RESEARCH_PARTIAL_VERIFIED_STRICT,True,True,True,False,True
WS:US:OGS,US_SP1500,One Gas,OGS,,INCLUDED_RESEARCH_PARTIAL_VERIFIED_STRICT,True,True,True,False,True
WS:US:OHI,US_SP1500,Omega Healthcare Investors,OHI,,INCLUDED_RESEARCH_PARTIAL_VERIFIED_STRICT,True,True,True,False,True
WS:US:OI,US_SP1500,"O-I Glass, Inc.",OI,,INCLUDED_RESEARCH_PARTIAL_VERIFIED_STRICT,True,True,True,False,True
WS:US:OII,US_SP1500,"Oceaneering International, Inc.",OII,,INCLUDED_RESEARCH_PARTIAL_VERIFIED_STRICT,True,True,True,False,True
WS:US:OKE,US_SP1500,Oneok,OKE,,INCLUDED_RESEARCH_PARTIAL_VERIFIED_STRICT,True,True,True,False,True
WS:US:OKTA,US_SP1500,"Okta, Inc.",OKTA,,INCLUDED_RESEARCH_PARTIAL_VERIFIED_STRICT,True,True,True,False,True
WS:US:OLED,US_SP1500,Universal Display,OLED,,INCLUDED_RESEARCH_PARTIAL_VERIFIED_STRICT,True,True,True,False,True
WS:US:OLLI,US_SP1500,Ollie's Bargain Outlet,OLLI,,INCLUDED_RESEARCH_PARTIAL_VERIFIED_STRICT,True,True,True,False,True
WS:US:OLN,US_SP1500,Olin Corporation,OLN,,INCLUDED_RESEARCH_PARTIAL_VERIFIED_STRICT,True,True,True,False,True
WS:US:OMC,US_SP1500,Omnicom Group,OMC,,INCLUDED_RESEARCH_PARTIAL_VERIFIED_STRICT,True,True,True,False,True
WS:US:OMCL,US_SP1500,Omnicell,OMCL,,INCLUDED_RESEARCH_PARTIAL_VERIFIED_STRICT,True,True,True,False,True
WS:US:ON,US_SP1500,ON Semiconductor,ON,,INCLUDED_RESEARCH_PARTIAL_VERIFIED_STRICT,True,True,True,False,True
WS:US:ONB,US_SP1500,Old National Bank,ONB,,INCLUDED_RESEARCH_PARTIAL_VERIFIED_STRICT,True,True,True,False,True
WS:US:ONTO,US_SP1500,Onto Innovation,ONTO,,INCLUDED_RESEARCH_PARTIAL_VERIFIED_STRICT,True,True,True,False,True
WS:US:OPCH,US_SP1500,Option Care Health,OPCH,,INCLUDED_RESEARCH_PARTIAL_VERIFIED_STRICT,True,True,True,False,True
WS:US:OPLN,US_SP1500,"OPENLANE, Inc.",OPLN,,INCLUDED_RESEARCH_PARTIAL_VERIFIED_STRICT,True,True,True,False,True
WS:US:ORA,US_SP1500,Ormat Technologies,ORA,,INCLUDED_RESEARCH_PARTIAL_VERIFIED_STRICT,True,True,True,False,True
WS:US:ORCL,US_SP1500,Oracle Corporation,ORCL,,INCLUDED_RESEARCH_PARTIAL_VERIFIED_STRICT,True,True,True,False,True
WS:US:ORI,US_SP1500,Old Republic International,ORI,,INCLUDED_RESEARCH_PARTIAL_VERIFIED_STRICT,True,True,True,False,True
WS:US:ORLY,US_SP1500,O'Reilly Automotive,ORLY,,INCLUDED_RESEARCH_PARTIAL_VERIFIED_STRICT,True,True,True,False,True
WS:US:OSIS,US_SP1500,"OSI Systems, Inc.",OSIS,,INCLUDED_RESEARCH_PARTIAL_VERIFIED_STRICT,True,True,True,False,True
WS:US:OSK,US_SP1500,Oshkosh,OSK,,INCLUDED_RESEARCH_PARTIAL_VERIFIED_STRICT,True,True,True,False,True
WS:US:OSW,US_SP1500,OneSpaWorld Holdings Limited,OSW,,INCLUDED_RESEARCH_PARTIAL_VERIFIED_STRICT,True,True,True,False,True
WS:US:OTIS,US_SP1500,Otis Worldwide,OTIS,,INCLUDED_RESEARCH_PARTIAL_VERIFIED_STRICT,True,True,True,False,True
WS:US:OTTR,US_SP1500,Otter Tail Corporation,OTTR,,INCLUDED_RESEARCH_PARTIAL_VERIFIED_STRICT,True,True,True,False,True
WS:US:OUT,US_SP1500,Outfront Media,OUT,,INCLUDED_RESEARCH_PARTIAL_VERIFIED_STRICT,True,True,True,False,True
WS:US:OVV,US_SP1500,Ovintiv,OVV,,INCLUDED_RESEARCH_PARTIAL_VERIFIED_STRICT,True,True,True,False,True
WS:US:OXY,US_SP1500,Occidental Petroleum,OXY,,INCLUDED_RESEARCH_PARTIAL_VERIFIED_STRICT,True,True,True,False,True
WS:US:OZK,US_SP1500,Bank OZK,OZK,,INCLUDED_RESEARCH_PARTIAL_VERIFIED_STRICT,True,True,True,False,True
WS:US:P,US_SP1500,Everpure,P,,INCLUDED_RESEARCH_PARTIAL_VERIFIED_STRICT,True,True,True,False,True
WS:US:PAG,US_SP1500,Penske Automotive Group,PAG,,INCLUDED_RESEARCH_PARTIAL_VERIFIED_STRICT,True,True,True,False,True
WS:US:PAHC,US_SP1500,Phibro Animal Health,PAHC,,EXCLUDED_OTHER_NON_STRICT_REASON_NOT_CLASSIFIED_V0_22,True,True,False,False,False
WS:US:PANW,US_SP1500,Palo Alto Networks,PANW,,INCLUDED_RESEARCH_PARTIAL_VERIFIED_STRICT,True,True,True,False,True
WS:US:PARR,US_SP1500,"Par Pacific Holdings, Inc.",PARR,,INCLUDED_RESEARCH_PARTIAL_VERIFIED_STRICT,True,True,True,False,True
WS:US:PATH,US_SP1500,UiPath,PATH,,INCLUDED_RESEARCH_PARTIAL_VERIFIED_STRICT,True,True,True,False,True
WS:US:PATK,US_SP1500,"Patrick Industries, Inc.",PATK,,INCLUDED_RESEARCH_PARTIAL_VERIFIED_STRICT,True,True,True,False,True
WS:US:PAYC,US_SP1500,Paycom,PAYC,,INCLUDED_RESEARCH_PARTIAL_VERIFIED_STRICT,True,True,True,False,True
WS:US:PAYO,US_SP1500,Payoneer Global Inc.,PAYO,,INCLUDED_RESEARCH_PARTIAL_VERIFIED_STRICT,True,True,True,False,True
WS:US:PAYX,US_SP1500,Paychex,PAYX,,INCLUDED_RESEARCH_PARTIAL_VERIFIED_STRICT,True,True,True,False,True
WS:US:PB,US_SP1500,Prosperity Bancshares,PB,,INCLUDED_RESEARCH_PARTIAL_VERIFIED_STRICT,True,True,True,False,True
WS:US:PBF,US_SP1500,PBF Energy,PBF,,INCLUDED_RESEARCH_PARTIAL_VERIFIED_STRICT,True,True,True,False,True
WS:US:PBH,US_SP1500,Prestige Consumer Healthcare,PBH,,INCLUDED_RESEARCH_PARTIAL_VERIFIED_STRICT,True,True,True,False,True
WS:US:PBI,US_SP1500,"Pitney Bowes, Inc.",PBI,,INCLUDED_RESEARCH_PARTIAL_VERIFIED_STRICT,True,True,True,False,True
WS:US:PCAR,US_SP1500,Paccar,PCAR,,INCLUDED_RESEARCH_PARTIAL_VERIFIED_STRICT,True,True,True,False,True
WS:US:PCG,US_SP1500,PG&E Corporation,PCG,,INCLUDED_RESEARCH_PARTIAL_VERIFIED_STRICT,True,True,True,False,True
WS:US:PCRX,US_SP1500,"Pacira BioSciences, Inc.",PCRX,,EXCLUDED_OTHER_NON_STRICT_REASON_NOT_CLASSIFIED_V0_22,True,True,False,False,False
WS:US:PCTY,US_SP1500,Paylocity,PCTY,,INCLUDED_RESEARCH_PARTIAL_VERIFIED_STRICT,True,True,True,False,True
WS:US:PDFS,US_SP1500,"PDF Solutions, Inc.",PDFS,,INCLUDED_RESEARCH_PARTIAL_VERIFIED_STRICT,True,True,True,False,True
WS:US:PEB,US_SP1500,Pebblebrook Hotel Trust,PEB,,INCLUDED_RESEARCH_PARTIAL_VERIFIED_STRICT,True,True,True,False,True
WS:US:PECO,US_SP1500,Phillips Edison & Company,PECO,,INCLUDED_RESEARCH_PARTIAL_VERIFIED_STRICT,True,True,True,False,True
WS:US:PEG,US_SP1500,Public Service Enterprise Group,PEG,,INCLUDED_RESEARCH_PARTIAL_VERIFIED_STRICT,True,True,True,False,True
WS:US:PEGA,US_SP1500,Pegasystems,PEGA,,INCLUDED_RESEARCH_PARTIAL_VERIFIED_STRICT,True,True,True,False,True
WS:US:PEN,US_SP1500,"Penumbra, Inc.",PEN,,INCLUDED_RESEARCH_PARTIAL_VERIFIED_STRICT,True,True,True,False,True
WS:US:PENG,US_SP1500,"Penguin Solutions, Inc.",PENG,,INCLUDED_RESEARCH_PARTIAL_VERIFIED_STRICT,True,True,True,False,True
WS:US:PENN,US_SP1500,Penn Entertainment,PENN,,INCLUDED_RESEARCH_PARTIAL_VERIFIED_STRICT,True,True,True,False,True
WS:US:PEP,US_SP1500,PepsiCo,PEP,,INCLUDED_RESEARCH_PARTIAL_VERIFIED_STRICT,True,True,True,False,True
WS:US:PFBC,US_SP1500,Preferred Bank,PFBC,,EXCLUDED_OTHER_NON_STRICT_REASON_NOT_CLASSIFIED_V0_22,True,True,False,False,False
WS:US:PFE,US_SP1500,Pfizer,PFE,,INCLUDED_RESEARCH_PARTIAL_VERIFIED_STRICT,True,True,True,False,True
WS:US:PFG,US_SP1500,Principal Financial Group,PFG,,INCLUDED_RESEARCH_PARTIAL_VERIFIED_STRICT,True,True,True,False,True
WS:US:PFGC,US_SP1500,Performance Food Group,PFGC,,INCLUDED_RESEARCH_PARTIAL_VERIFIED_STRICT,True,True,True,False,True
WS:US:PFS,US_SP1500,"Provident Financial Services, Inc.",PFS,,INCLUDED_RESEARCH_PARTIAL_VERIFIED_STRICT,True,True,True,False,True
WS:US:PG,US_SP1500,Procter & Gamble,PG,,INCLUDED_RESEARCH_PARTIAL_VERIFIED_STRICT,True,True,True,False,True
WS:US:PGNY,US_SP1500,"Progyny, Inc.",PGNY,,INCLUDED_RESEARCH_PARTIAL_VERIFIED_STRICT,True,True,True,False,True
WS:US:PGR,US_SP1500,Progressive Corporation,PGR,,INCLUDED_RESEARCH_PARTIAL_VERIFIED_STRICT,True,True,True,False,True
WS:US:PH,US_SP1500,Parker Hannifin,PH,,INCLUDED_RESEARCH_PARTIAL_VERIFIED_STRICT,True,True,True,False,True
WS:US:PHIN,US_SP1500,"PHINIA, Inc.",PHIN,,INCLUDED_RESEARCH_PARTIAL_VERIFIED_STRICT,True,True,True,False,True
WS:US:PHM,US_SP1500,PulteGroup,PHM,,INCLUDED_RESEARCH_PARTIAL_VERIFIED_STRICT,True,True,True,False,True
WS:US:PI,US_SP1500,"Impinj, Inc.",PI,,INCLUDED_RESEARCH_PARTIAL_VERIFIED_STRICT,True,True,True,False,True
WS:US:PII,US_SP1500,Polaris,PII,,INCLUDED_RESEARCH_PARTIAL_VERIFIED_STRICT,True,True,True,False,True
WS:US:PINS,US_SP1500,Pinterest,PINS,,INCLUDED_RESEARCH_PARTIAL_VERIFIED_STRICT,True,True,True,False,True
WS:US:PIPR,US_SP1500,Piper Sandler Companies,PIPR,,INCLUDED_RESEARCH_PARTIAL_VERIFIED_STRICT,True,True,True,False,True
WS:US:PJT,US_SP1500,"PJT Partners, Inc.",PJT,,INCLUDED_RESEARCH_PARTIAL_VERIFIED_STRICT,True,True,True,False,True
WS:US:PK,US_SP1500,Park Hotels & Resorts,PK,,INCLUDED_RESEARCH_PARTIAL_VERIFIED_STRICT,True,True,True,False,True
WS:US:PKG,US_SP1500,Packaging Corporation of America,PKG,,INCLUDED_RESEARCH_PARTIAL_VERIFIED_STRICT,True,True,True,False,True
WS:US:PLAB,US_SP1500,"Photronics, Inc.",PLAB,,INCLUDED_RESEARCH_PARTIAL_VERIFIED_STRICT,True,True,True,False,True
WS:US:PLD,US_SP1500,Prologis,PLD,,INCLUDED_RESEARCH_PARTIAL_VERIFIED_STRICT,True,True,True,False,True
WS:US:PLMR,US_SP1500,"Palomar Holdings, Inc.",PLMR,,INCLUDED_RESEARCH_PARTIAL_VERIFIED_STRICT,True,True,True,False,True
WS:US:PLNT,US_SP1500,Planet Fitness,PLNT,,INCLUDED_RESEARCH_PARTIAL_VERIFIED_STRICT,True,True,True,False,True
WS:US:PLTR,US_SP1500,Palantir Technologies,PLTR,,INCLUDED_RESEARCH_PARTIAL_VERIFIED_STRICT,True,True,True,False,True
WS:US:PLUS,US_SP1500,"ePlus, Inc.",PLUS,,INCLUDED_RESEARCH_PARTIAL_VERIFIED_STRICT,True,True,True,False,True
WS:US:PLXS,US_SP1500,Plexus Corp.,PLXS,,INCLUDED_RESEARCH_PARTIAL_VERIFIED_STRICT,True,True,True,False,True
WS:US:PM,US_SP1500,Philip Morris International,PM,,INCLUDED_RESEARCH_PARTIAL_VERIFIED_STRICT,True,True,True,False,True
WS:US:PMT,US_SP1500,PennyMac Mortgage Investment Trust,PMT,,EXCLUDED_OTHER_NON_STRICT_REASON_NOT_CLASSIFIED_V0_22,True,True,False,False,False
WS:US:PNC,US_SP1500,PNC Financial Services,PNC,,INCLUDED_RESEARCH_PARTIAL_VERIFIED_STRICT,True,True,True,False,True
WS:US:PNFP,US_SP1500,Pinnacle Financial Partners,PNFP,,INCLUDED_RESEARCH_PARTIAL_VERIFIED_STRICT,True,True,True,False,True
WS:US:PNR,US_SP1500,Pentair,PNR,,INCLUDED_RESEARCH_PARTIAL_VERIFIED_STRICT,True,True,True,False,True
WS:US:PNW,US_SP1500,Pinnacle West Capital,PNW,,INCLUDED_RESEARCH_PARTIAL_VERIFIED_STRICT,True,True,True,False,True
WS:US:PODD,US_SP1500,Insulet Corporation,PODD,,INCLUDED_RESEARCH_PARTIAL_VERIFIED_STRICT,True,True,True,False,True
WS:US:POOL,US_SP1500,Pool Corporation,POOL,,INCLUDED_RESEARCH_PARTIAL_VERIFIED_STRICT,True,True,True,False,True
WS:US:POR,US_SP1500,Portland General Electric,POR,,INCLUDED_RESEARCH_PARTIAL_VERIFIED_STRICT,True,True,True,False,True
WS:US:POST,US_SP1500,Post Holdings,POST,,INCLUDED_RESEARCH_PARTIAL_VERIFIED_STRICT,True,True,True,False,True
WS:US:POWI,US_SP1500,Power Integrations,POWI,,INCLUDED_RESEARCH_PARTIAL_VERIFIED_STRICT,True,True,True,False,True
WS:US:POWL,US_SP1500,"Powell Industries, Inc.",POWL,,INCLUDED_RESEARCH_PARTIAL_VERIFIED_STRICT,True,True,True,False,True
WS:US:PPC,US_SP1500,Pilgrim's Pride,PPC,,INCLUDED_RESEARCH_PARTIAL_VERIFIED_STRICT,True,True,True,False,True
WS:US:PPG,US_SP1500,PPG Industries,PPG,,INCLUDED_RESEARCH_PARTIAL_VERIFIED_STRICT,True,True,True,False,True
WS:US:PPL,US_SP1500,PPL Corporation,PPL,,INCLUDED_RESEARCH_PARTIAL_VERIFIED_STRICT,True,True,True,False,True
WS:US:PPLI,US_SP1500,People Inc.,PPLI,,INCLUDED_RESEARCH_PARTIAL_VERIFIED_STRICT,True,True,True,False,True
WS:US:PR,US_SP1500,Permian Resources,PR,,INCLUDED_RESEARCH_PARTIAL_VERIFIED_STRICT,True,True,True,False,True
WS:US:PRDO,US_SP1500,Perdoceo Education Corp.,PRDO,,INCLUDED_RESEARCH_PARTIAL_VERIFIED_STRICT,True,True,True,False,True
WS:US:PRG,US_SP1500,"PROG Holdings, Inc.",PRG,,INCLUDED_RESEARCH_PARTIAL_VERIFIED_STRICT,True,True,True,False,True
WS:US:PRGO,US_SP1500,Perrigo,PRGO,,INCLUDED_RESEARCH_PARTIAL_VERIFIED_STRICT,True,True,True,False,True
WS:US:PRGS,US_SP1500,Progress Software Corporation,PRGS,,EXCLUDED_OTHER_NON_STRICT_REASON_NOT_CLASSIFIED_V0_22,True,True,False,False,False
WS:US:PRI,US_SP1500,Primerica,PRI,,INCLUDED_RESEARCH_PARTIAL_VERIFIED_STRICT,True,True,True,False,True
WS:US:PRIM,US_SP1500,Primoris Services Corporation,PRIM,,EXCLUDED_OTHER_NON_STRICT_REASON_NOT_CLASSIFIED_V0_22,True,True,False,False,False
WS:US:PRK,US_SP1500,Park National Corp.,PRK,,EXCLUDED_OTHER_NON_STRICT_REASON_NOT_CLASSIFIED_V0_22,True,True,False,False,False
WS:US:PRKS,US_SP1500,United Parks & Resorts,PRKS,,INCLUDED_RESEARCH_PARTIAL_VERIFIED_STRICT,True,True,True,False,True
WS:US:PRLB,US_SP1500,Protolabs,PRLB,,EXCLUDED_OTHER_NON_STRICT_REASON_NOT_CLASSIFIED_V0_22,True,True,False,False,False
WS:US:PRSU,US_SP1500,"Pursuit Attractions & Hospitality, Inc.",PRSU,,EXCLUDED_OTHER_NON_STRICT_REASON_NOT_CLASSIFIED_V0_22,True,True,False,False,False
WS:US:PRU,US_SP1500,Prudential Financial,PRU,,INCLUDED_RESEARCH_PARTIAL_VERIFIED_STRICT,True,True,True,False,True
WS:US:PRVA,US_SP1500,"Privia Health Group, Inc.",PRVA,,INCLUDED_RESEARCH_PARTIAL_VERIFIED_STRICT,True,True,True,False,True
WS:US:PSA,US_SP1500,Public Storage,PSA,,INCLUDED_RESEARCH_PARTIAL_VERIFIED_STRICT,True,True,True,False,True
WS:US:PSKY,US_SP1500,Paramount Skydance Corporation,PSKY,,INCLUDED_RESEARCH_PARTIAL_VERIFIED_STRICT,True,True,True,False,True
WS:US:PSMT,US_SP1500,PriceSmart,PSMT,,INCLUDED_RESEARCH_PARTIAL_VERIFIED_STRICT,True,True,True,False,True
WS:US:PSN,US_SP1500,Parsons Corporation,PSN,,INCLUDED_RESEARCH_PARTIAL_VERIFIED_STRICT,True,True,True,False,True
WS:US:PSX,US_SP1500,Phillips 66,PSX,,INCLUDED_RESEARCH_PARTIAL_VERIFIED_STRICT,True,True,True,False,True
WS:US:PTC,US_SP1500,PTC Inc.,PTC,,INCLUDED_RESEARCH_PARTIAL_VERIFIED_STRICT,True,True,True,False,True
WS:US:PTCT,US_SP1500,"PTC Therapeutics, Inc.",PTCT,,INCLUDED_RESEARCH_PARTIAL_VERIFIED_STRICT,True,True,True,False,True
WS:US:PTEN,US_SP1500,"Patterson-UTI Energy, Inc.",PTEN,,INCLUDED_RESEARCH_PARTIAL_VERIFIED_STRICT,True,True,True,False,True
WS:US:PTGX,US_SP1500,"Protagonist Therapeutics, Inc.",PTGX,,INCLUDED_RESEARCH_PARTIAL_VERIFIED_STRICT,True,True,True,False,True
WS:US:PTON,US_SP1500,"Peloton Interactive, Inc.",PTON,,INCLUDED_RESEARCH_PARTIAL_VERIFIED_STRICT,True,True,True,False,True
WS:US:PVH,US_SP1500,PVH Corp.,PVH,,INCLUDED_RESEARCH_PARTIAL_VERIFIED_STRICT,True,True,True,False,True
WS:US:PWR,US_SP1500,Quanta Services,PWR,,INCLUDED_RESEARCH_PARTIAL_VERIFIED_STRICT,True,True,True,False,True
WS:US:PYPL,US_SP1500,PayPal,PYPL,,INCLUDED_RESEARCH_PARTIAL_VERIFIED_STRICT,True,True,True,False,True
WS:US:PZZA,US_SP1500,Papa John's Pizza,PZZA,,INCLUDED_RESEARCH_PARTIAL_VERIFIED_STRICT,True,True,True,False,True
WS:US:Q,US_SP1500,Qnity Electronics,Q,,EXCLUDED_OTHER_NON_STRICT_REASON_NOT_CLASSIFIED_V0_22,True,True,False,False,False
WS:US:QCOM,US_SP1500,Qualcomm,QCOM,,INCLUDED_RESEARCH_PARTIAL_VERIFIED_STRICT,True,True,True,False,True
WS:US:QDEL,US_SP1500,QuidelOrtho,QDEL,,INCLUDED_RESEARCH_PARTIAL_VERIFIED_STRICT,True,True,True,False,True
WS:US:QLYS,US_SP1500,Qualys,QLYS,,INCLUDED_RESEARCH_PARTIAL_VERIFIED_STRICT,True,True,True,False,True
WS:US:QNST,US_SP1500,"QuinStreet, Inc.",QNST,,EXCLUDED_OTHER_NON_STRICT_REASON_NOT_CLASSIFIED_V0_22,True,True,False,False,False
WS:US:QRVO,US_SP1500,Qorvo,QRVO,,INCLUDED_RESEARCH_PARTIAL_VERIFIED_STRICT,True,True,True,False,True
WS:US:QTWO,US_SP1500,"Q2 Holdings, Inc.",QTWO,,INCLUDED_RESEARCH_PARTIAL_VERIFIED_STRICT,True,True,True,False,True
WS:US:R,US_SP1500,Ryder,R,,INCLUDED_RESEARCH_PARTIAL_VERIFIED_STRICT,True,True,True,False,True
WS:US:RAL,US_SP1500,Ralliant Corp,RAL,,INCLUDED_RESEARCH_PARTIAL_VERIFIED_STRICT,True,True,True,False,True
WS:US:RAMP,US_SP1500,"LiveRamp Holdings, Inc.",RAMP,,INCLUDED_RESEARCH_PARTIAL_VERIFIED_STRICT,True,True,True,False,True
WS:US:RBA,US_SP1500,RB Global,RBA,,INCLUDED_RESEARCH_PARTIAL_VERIFIED_STRICT,True,True,True,False,True
WS:US:RBC,US_SP1500,RBC Bearings,RBC,,INCLUDED_RESEARCH_PARTIAL_VERIFIED_STRICT,True,True,True,False,True
WS:US:RCL,US_SP1500,Royal Caribbean Group,RCL,,INCLUDED_RESEARCH_PARTIAL_VERIFIED_STRICT,True,True,True,False,True
WS:US:RCUS,US_SP1500,"Arcus Biosciences, Inc.",RCUS,,INCLUDED_RESEARCH_PARTIAL_VERIFIED_STRICT,True,True,True,False,True
WS:US:RDDT,US_SP1500,Reddit,RDDT,,INCLUDED_RESEARCH_PARTIAL_VERIFIED_STRICT,True,True,True,False,True
WS:US:RDN,US_SP1500,"Radian Group, Inc.",RDN,,INCLUDED_RESEARCH_PARTIAL_VERIFIED_STRICT,True,True,True,False,True
WS:US:RDNT,US_SP1500,"RadNet, Inc.",RDNT,,INCLUDED_RESEARCH_PARTIAL_VERIFIED_STRICT,True,True,True,False,True
WS:US:REG,US_SP1500,Regency Centers,REG,,INCLUDED_RESEARCH_PARTIAL_VERIFIED_STRICT,True,True,True,False,True
WS:US:REGN,US_SP1500,Regeneron Pharmaceuticals,REGN,,INCLUDED_RESEARCH_PARTIAL_VERIFIED_STRICT,True,True,True,False,True
WS:US:RELY,US_SP1500,Remitly,RELY,,INCLUDED_RESEARCH_PARTIAL_VERIFIED_STRICT,True,True,True,False,True
WS:US:RES,US_SP1500,"RPC, Inc.",RES,,EXCLUDED_OTHER_NON_STRICT_REASON_NOT_CLASSIFIED_V0_22,True,True,False,False,False
WS:US:REX,US_SP1500,REX American Resources Corporation,REX,,EXCLUDED_OTHER_NON_STRICT_REASON_NOT_CLASSIFIED_V0_22,True,True,False,False,False
WS:US:REXR,US_SP1500,Rexford Industrial Realty,REXR,,INCLUDED_RESEARCH_PARTIAL_VERIFIED_STRICT,True,True,True,False,True
WS:US:REYN,US_SP1500,Reynolds Consumer Products,REYN,,INCLUDED_RESEARCH_PARTIAL_VERIFIED_STRICT,True,True,True,False,True
WS:US:REZI,US_SP1500,"Resideo Technologies, Inc.",REZI,,INCLUDED_RESEARCH_PARTIAL_VERIFIED_STRICT,True,True,True,False,True
WS:US:RF,US_SP1500,Regions Financial Corporation,RF,,INCLUDED_RESEARCH_PARTIAL_VERIFIED_STRICT,True,True,True,False,True
WS:US:RGA,US_SP1500,Reinsurance Group of America,RGA,,INCLUDED_RESEARCH_PARTIAL_VERIFIED_STRICT,True,True,True,False,True
WS:US:RGEN,US_SP1500,Repligen,RGEN,,INCLUDED_RESEARCH_PARTIAL_VERIFIED_STRICT,True,True,True,False,True
WS:US:RGLD,US_SP1500,Royal Gold,RGLD,,INCLUDED_RESEARCH_PARTIAL_VERIFIED_STRICT,True,True,True,False,True
WS:US:RH,US_SP1500,RH,RH,,INCLUDED_RESEARCH_PARTIAL_VERIFIED_STRICT,True,True,True,False,True
WS:US:RHI,US_SP1500,Robert Half,RHI,,INCLUDED_RESEARCH_PARTIAL_VERIFIED_STRICT,True,True,True,False,True
WS:US:RHP,US_SP1500,Ryman Hospitality Properties,RHP,,INCLUDED_RESEARCH_PARTIAL_VERIFIED_STRICT,True,True,True,False,True
WS:US:RITM,US_SP1500,Rithm Capital,RITM,,INCLUDED_RESEARCH_PARTIAL_VERIFIED_STRICT,True,True,True,False,True
WS:US:RJF,US_SP1500,Raymond James Financial,RJF,,INCLUDED_RESEARCH_PARTIAL_VERIFIED_STRICT,True,True,True,False,True
WS:US:RL,US_SP1500,Ralph Lauren Corporation,RL,,INCLUDED_RESEARCH_PARTIAL_VERIFIED_STRICT,True,True,True,False,True
WS:US:RLI,US_SP1500,RLI Corp.,RLI,,INCLUDED_RESEARCH_PARTIAL_VERIFIED_STRICT,True,True,True,False,True
WS:US:RMBS,US_SP1500,Rambus,RMBS,,INCLUDED_RESEARCH_PARTIAL_VERIFIED_STRICT,True,True,True,False,True
WS:US:RMD,US_SP1500,ResMed|,RMD,,INCLUDED_RESEARCH_PARTIAL_VERIFIED_STRICT,True,True,True,False,True
WS:US:RNG,US_SP1500,"RingCentral, Inc.",RNG,,INCLUDED_RESEARCH_PARTIAL_VERIFIED_STRICT,True,True,True,False,True
WS:US:RNR,US_SP1500,RenaissanceRe,RNR,,INCLUDED_RESEARCH_PARTIAL_VERIFIED_STRICT,True,True,True,False,True
WS:US:RNST,US_SP1500,Renasant Corp.,RNST,,INCLUDED_RESEARCH_PARTIAL_VERIFIED_STRICT,True,True,True,False,True
WS:US:ROAD,US_SP1500,"Construction Partners, Inc.",ROAD,,INCLUDED_RESEARCH_PARTIAL_VERIFIED_STRICT,True,True,True,False,True
WS:US:ROCK,US_SP1500,"Gibraltar Industries, Inc.",ROCK,,EXCLUDED_OTHER_NON_STRICT_REASON_NOT_CLASSIFIED_V0_22,True,True,False,False,False
WS:US:ROG,US_SP1500,Rogers Corporation,ROG,,INCLUDED_RESEARCH_PARTIAL_VERIFIED_STRICT,True,True,True,False,True
WS:US:ROIV,US_SP1500,Roivant Sciences,ROIV,,INCLUDED_RESEARCH_PARTIAL_VERIFIED_STRICT,True,True,True,False,True
WS:US:ROK,US_SP1500,Rockwell Automation,ROK,,INCLUDED_RESEARCH_PARTIAL_VERIFIED_STRICT,True,True,True,False,True
WS:US:ROKU,US_SP1500,"Roku, Inc.",ROKU,,INCLUDED_RESEARCH_PARTIAL_VERIFIED_STRICT,True,True,True,False,True
WS:US:ROL,US_SP1500,"Rollins, Inc.",ROL,,INCLUDED_RESEARCH_PARTIAL_VERIFIED_STRICT,True,True,True,False,True
WS:US:ROP,US_SP1500,Roper Technologies,ROP,,INCLUDED_RESEARCH_PARTIAL_VERIFIED_STRICT,True,True,True,False,True
WS:US:ROST,US_SP1500,Ross Stores,ROST,,INCLUDED_RESEARCH_PARTIAL_VERIFIED_STRICT,True,True,True,False,True
WS:US:RPM,US_SP1500,RPM International,RPM,,INCLUDED_RESEARCH_PARTIAL_VERIFIED_STRICT,True,True,True,False,True
WS:US:RRC,US_SP1500,Range Resources,RRC,,INCLUDED_RESEARCH_PARTIAL_VERIFIED_STRICT,True,True,True,False,True
WS:US:RRR,US_SP1500,"Red Rock Resorts, Inc.",RRR,,INCLUDED_RESEARCH_PARTIAL_VERIFIED_STRICT,True,True,True,False,True
WS:US:RRX,US_SP1500,Regal Rexnord,RRX,,INCLUDED_RESEARCH_PARTIAL_VERIFIED_STRICT,True,True,True,False,True
WS:US:RS,US_SP1500,"Reliance, Inc.",RS,,INCLUDED_RESEARCH_PARTIAL_VERIFIED_STRICT,True,True,True,False,True
WS:US:RSG,US_SP1500,Republic Services,RSG,,INCLUDED_RESEARCH_PARTIAL_VERIFIED_STRICT,True,True,True,False,True
WS:US:RSI,US_SP1500,"Rush Street Interactive, Inc.",RSI,,INCLUDED_RESEARCH_PARTIAL_VERIFIED_STRICT,True,True,True,False,True
WS:US:RTX,US_SP1500,RTX Corporation,RTX,,INCLUDED_RESEARCH_PARTIAL_VERIFIED_STRICT,True,True,True,False,True
WS:US:RUN,US_SP1500,Sunrun,RUN,,INCLUDED_RESEARCH_PARTIAL_VERIFIED_STRICT,True,True,True,False,True
WS:US:RUSHA,US_SP1500,Rush Enterprises,RUSHA,,INCLUDED_RESEARCH_PARTIAL_VERIFIED_STRICT,True,True,True,False,True
WS:US:RVTY,US_SP1500,Revvity,RVTY,,INCLUDED_RESEARCH_PARTIAL_VERIFIED_STRICT,True,True,True,False,True
WS:US:RXO,US_SP1500,"RXO, Inc.",RXO,,INCLUDED_RESEARCH_PARTIAL_VERIFIED_STRICT,True,True,True,False,True
WS:US:RYAN,US_SP1500,Ryan Specialty,RYAN,,INCLUDED_RESEARCH_PARTIAL_VERIFIED_STRICT,True,True,True,False,True
WS:US:RYN,US_SP1500,Rayonier,RYN,,INCLUDED_RESEARCH_PARTIAL_VERIFIED_STRICT,True,True,True,False,True
WS:US:SABR,US_SP1500,Sabre,SABR,,EXCLUDED_OTHER_NON_STRICT_REASON_NOT_CLASSIFIED_V0_22,True,True,False,False,False
WS:US:SAFE,US_SP1500,"Safehold, Inc.",SAFE,,EXCLUDED_OTHER_NON_STRICT_REASON_NOT_CLASSIFIED_V0_22,True,True,False,False,False
WS:US:SAFT,US_SP1500,"Safety Insurance Group, Inc.",SAFT,,INCLUDED_RESEARCH_PARTIAL_VERIFIED_STRICT,True,True,True,False,True
WS:US:SAH,US_SP1500,"Sonic Automotive, Inc.",SAH,,INCLUDED_RESEARCH_PARTIAL_VERIFIED_STRICT,True,True,True,False,True
WS:US:SAIA,US_SP1500,Saia,SAIA,,INCLUDED_RESEARCH_PARTIAL_VERIFIED_STRICT,True,True,True,False,True
WS:US:SAIC,US_SP1500,Science Applications Intl Corp,SAIC,,INCLUDED_RESEARCH_PARTIAL_VERIFIED_STRICT,True,True,True,False,True
WS:US:SAM,US_SP1500,Boston Beer Company,SAM,,INCLUDED_RESEARCH_PARTIAL_VERIFIED_STRICT,True,True,True,False,True
WS:US:SANM,US_SP1500,Sanmina Corporation,SANM,,INCLUDED_RESEARCH_PARTIAL_VERIFIED_STRICT,True,True,True,False,True
WS:US:SARO,US_SP1500,StandardAero,SARO,,INCLUDED_RESEARCH_PARTIAL_VERIFIED_STRICT,True,True,True,False,True
WS:US:SBAC,US_SP1500,SBA Communications,SBAC,,INCLUDED_RESEARCH_PARTIAL_VERIFIED_STRICT,True,True,True,False,True
WS:US:SBCF,US_SP1500,Seacoast Banking Corporation of Florida,SBCF,,INCLUDED_RESEARCH_PARTIAL_VERIFIED_STRICT,True,True,True,False,True
WS:US:SBH,US_SP1500,"Sally Beauty Holdings, Inc.",SBH,,INCLUDED_RESEARCH_PARTIAL_VERIFIED_STRICT,True,True,True,False,True
WS:US:SBRA,US_SP1500,Sabra Health Care REIT,SBRA,,INCLUDED_RESEARCH_PARTIAL_VERIFIED_STRICT,True,True,True,False,True
WS:US:SBSI,US_SP1500,"Southside Bancshares, Inc.",SBSI,,EXCLUDED_OTHER_NON_STRICT_REASON_NOT_CLASSIFIED_V0_22,True,True,False,False,False
WS:US:SBUX,US_SP1500,Starbucks,SBUX,,INCLUDED_RESEARCH_PARTIAL_VERIFIED_STRICT,True,True,True,False,True
WS:US:SCHL,US_SP1500,Scholastic Corporation,SCHL,,EXCLUDED_OTHER_NON_STRICT_REASON_NOT_CLASSIFIED_V0_22,True,True,False,False,False
WS:US:SCHW,US_SP1500,Charles Schwab Corporation,SCHW,,INCLUDED_RESEARCH_PARTIAL_VERIFIED_STRICT,True,True,True,False,True
WS:US:SCI,US_SP1500,Service Corp Intl,SCI,,INCLUDED_RESEARCH_PARTIAL_VERIFIED_STRICT,True,True,True,False,True
WS:US:SCL,US_SP1500,Stepan Company,SCL,,EXCLUDED_OTHER_NON_STRICT_REASON_NOT_CLASSIFIED_V0_22,True,True,False,False,False
WS:US:SCSC,US_SP1500,"ScanSource, Inc.",SCSC,,EXCLUDED_OTHER_NON_STRICT_REASON_NOT_CLASSIFIED_V0_22,True,True,False,False,False
WS:US:SDGR,US_SP1500,"Schrödinger, Inc.",SDGR,,INCLUDED_RESEARCH_PARTIAL_VERIFIED_STRICT,True,True,True,False,True
WS:US:SEDG,US_SP1500,SolarEdge,SEDG,,INCLUDED_RESEARCH_PARTIAL_VERIFIED_STRICT,True,True,True,False,True
WS:US:SEI,US_SP1500,"Solaris Energy Infrastructure, Inc.",SEI,,INCLUDED_RESEARCH_PARTIAL_VERIFIED_STRICT,True,True,True,False,True
WS:US:SEIC,US_SP1500,SEI Investments Company,SEIC,,INCLUDED_RESEARCH_PARTIAL_VERIFIED_STRICT,True,True,True,False,True
WS:US:SEZL,US_SP1500,Sezzle,SEZL,,EXCLUDED_OTHER_NON_STRICT_REASON_NOT_CLASSIFIED_V0_22,True,True,False,False,False
WS:US:SF,US_SP1500,Stifel,SF,,INCLUDED_RESEARCH_PARTIAL_VERIFIED_STRICT,True,True,True,False,True
WS:US:SFBS,US_SP1500,"ServisFirst Bancshares, Inc.",SFBS,,INCLUDED_RESEARCH_PARTIAL_VERIFIED_STRICT,True,True,True,False,True
WS:US:SFM,US_SP1500,Sprouts Farmers Market,SFM,,INCLUDED_RESEARCH_PARTIAL_VERIFIED_STRICT,True,True,True,False,True
WS:US:SFNC,US_SP1500,Simmons First National Corporation,SFNC,,INCLUDED_RESEARCH_PARTIAL_VERIFIED_STRICT,True,True,True,False,True
WS:US:SGI,US_SP1500,Somnigroup International,SGI,,INCLUDED_RESEARCH_PARTIAL_VERIFIED_STRICT,True,True,True,False,True
WS:US:SHAK,US_SP1500,"Shake Shack, Inc.",SHAK,,INCLUDED_RESEARCH_PARTIAL_VERIFIED_STRICT,True,True,True,False,True
WS:US:SHC,US_SP1500,Sotera Health,SHC,,INCLUDED_RESEARCH_PARTIAL_VERIFIED_STRICT,True,True,True,False,True
WS:US:SHEN,US_SP1500,Shenandoah Telecommunications Co,SHEN,,EXCLUDED_OTHER_NON_STRICT_REASON_NOT_CLASSIFIED_V0_22,True,True,False,False,False
WS:US:SHO,US_SP1500,"Sunstone Hotel Investors, Inc.",SHO,,INCLUDED_RESEARCH_PARTIAL_VERIFIED_STRICT,True,True,True,False,True
WS:US:SHOO,US_SP1500,"Steven Madden, Ltd.",SHOO,,INCLUDED_RESEARCH_PARTIAL_VERIFIED_STRICT,True,True,True,False,True
WS:US:SHW,US_SP1500,Sherwin-Williams,SHW,,INCLUDED_RESEARCH_PARTIAL_VERIFIED_STRICT,True,True,True,False,True
WS:US:SIG,US_SP1500,Signet Jewelers,SIG,,INCLUDED_RESEARCH_PARTIAL_VERIFIED_STRICT,True,True,True,False,True
WS:US:SIGI,US_SP1500,Selective Insurance Group,SIGI,,INCLUDED_RESEARCH_PARTIAL_VERIFIED_STRICT,True,True,True,False,True
WS:US:SIRI,US_SP1500,SiriusXM,SIRI,,INCLUDED_RESEARCH_PARTIAL_VERIFIED_STRICT,True,True,True,False,True
WS:US:SITM,US_SP1500,SiTime,SITM,,INCLUDED_RESEARCH_PARTIAL_VERIFIED_STRICT,True,True,True,False,True
WS:US:SJM,US_SP1500,J.M. Smucker Company (The),SJM,,INCLUDED_RESEARCH_PARTIAL_VERIFIED_STRICT,True,True,True,False,True
WS:US:SKT,US_SP1500,"Tanger Factory Outlet Centers, Inc.",SKT,,INCLUDED_RESEARCH_PARTIAL_VERIFIED_STRICT,True,True,True,False,True
WS:US:SKY,US_SP1500,"Champion Homes, Inc.",SKY,,INCLUDED_RESEARCH_PARTIAL_VERIFIED_STRICT,True,True,True,False,True
WS:US:SKYW,US_SP1500,"SkyWest, Inc.",SKYW,,INCLUDED_RESEARCH_PARTIAL_VERIFIED_STRICT,True,True,True,False,True
WS:US:SLAB,US_SP1500,Silicon Labs,SLAB,,INCLUDED_RESEARCH_PARTIAL_VERIFIED_STRICT,True,True,True,False,True
WS:US:SLB,US_SP1500,Schlumberger,SLB,,INCLUDED_RESEARCH_PARTIAL_VERIFIED_STRICT,True,True,True,False,True
WS:US:SLG,US_SP1500,SL Green Realty,SLG,,INCLUDED_RESEARCH_PARTIAL_VERIFIED_STRICT,True,True,True,False,True
WS:US:SLGN,US_SP1500,Silgan Holdings,SLGN,,INCLUDED_RESEARCH_PARTIAL_VERIFIED_STRICT,True,True,True,False,True
WS:US:SLM,US_SP1500,SLM Corp,SLM,,INCLUDED_RESEARCH_PARTIAL_VERIFIED_STRICT,True,True,True,False,True
WS:US:SLVM,US_SP1500,Sylvamo Corp.,SLVM,,EXCLUDED_OTHER_NON_STRICT_REASON_NOT_CLASSIFIED_V0_22,True,True,False,False,False
WS:US:SM,US_SP1500,SM Energy Company,SM,,INCLUDED_RESEARCH_PARTIAL_VERIFIED_STRICT,True,True,True,False,True
WS:US:SMCI,US_SP1500,Supermicro,SMCI,,INCLUDED_RESEARCH_PARTIAL_VERIFIED_STRICT,True,True,True,False,True
WS:US:SMG,US_SP1500,Scotts Miracle-Gro Company,SMG,,INCLUDED_RESEARCH_PARTIAL_VERIFIED_STRICT,True,True,True,False,True
WS:US:SMP,US_SP1500,"Standard Motor Products, Inc.",SMP,,EXCLUDED_OTHER_NON_STRICT_REASON_NOT_CLASSIFIED_V0_22,True,True,False,False,False
WS:US:SMPL,US_SP1500,Simply Good Foods Company,SMPL,,INCLUDED_RESEARCH_PARTIAL_VERIFIED_STRICT,True,True,True,False,True
WS:US:SMTC,US_SP1500,Semtech,SMTC,,INCLUDED_RESEARCH_PARTIAL_VERIFIED_STRICT,True,True,True,False,True
WS:US:SN,US_SP1500,SharkNinja,SN,,INCLUDED_RESEARCH_PARTIAL_VERIFIED_STRICT,True,True,True,False,True
WS:US:SNA,US_SP1500,Snap-on,SNA,,INCLUDED_RESEARCH_PARTIAL_VERIFIED_STRICT,True,True,True,False,True
WS:US:SNDK,US_SP1500,Sandisk,SNDK,,INCLUDED_RESEARCH_PARTIAL_VERIFIED_STRICT,True,True,True,False,True
WS:US:SNDR,US_SP1500,Schneider National,SNDR,,INCLUDED_RESEARCH_PARTIAL_VERIFIED_STRICT,True,True,True,False,True
WS:US:SNEX,US_SP1500,StoneX Group Inc.,SNEX,,INCLUDED_RESEARCH_PARTIAL_VERIFIED_STRICT,True,True,True,False,True
WS:US:SNPS,US_SP1500,Synopsys,SNPS,,INCLUDED_RESEARCH_PARTIAL_VERIFIED_STRICT,True,True,True,False,True
WS:US:SNX,US_SP1500,TD Synnex,SNX,,INCLUDED_RESEARCH_PARTIAL_VERIFIED_STRICT,True,True,True,False,True
WS:US:SO,US_SP1500,Southern Company,SO,,INCLUDED_RESEARCH_PARTIAL_VERIFIED_STRICT,True,True,True,False,True
WS:US:SOLS,US_SP1500,Solstice Advanced Materials,SOLS,,EXCLUDED_OTHER_NON_STRICT_REASON_NOT_CLASSIFIED_V0_22,True,True,False,False,False
WS:US:SOLV,US_SP1500,Solventum,SOLV,,INCLUDED_RESEARCH_PARTIAL_VERIFIED_STRICT,True,True,True,False,True
WS:US:SON,US_SP1500,Sonoco,SON,,INCLUDED_RESEARCH_PARTIAL_VERIFIED_STRICT,True,True,True,False,True
WS:US:SONO,US_SP1500,"Sonos, Inc.",SONO,,INCLUDED_RESEARCH_PARTIAL_VERIFIED_STRICT,True,True,True,False,True
WS:US:SPG,US_SP1500,Simon Property Group,SPG,,INCLUDED_RESEARCH_PARTIAL_VERIFIED_STRICT,True,True,True,False,True
WS:US:SPGI,US_SP1500,S&P Global,SPGI,,INCLUDED_RESEARCH_PARTIAL_VERIFIED_STRICT,True,True,True,False,True
WS:US:SPHR,US_SP1500,Sphere Entertainment,SPHR,,INCLUDED_RESEARCH_PARTIAL_VERIFIED_STRICT,True,True,True,False,True
WS:US:SPNT,US_SP1500,SiriusPoint Ltd.,SPNT,,EXCLUDED_OTHER_NON_STRICT_REASON_NOT_CLASSIFIED_V0_22,True,True,False,False,False
WS:US:SPSC,US_SP1500,"SPS Commerce, Inc.",SPSC,,INCLUDED_RESEARCH_PARTIAL_VERIFIED_STRICT,True,True,True,False,True
WS:US:SPXC,US_SP1500,SPX Technologies,SPXC,,INCLUDED_RESEARCH_PARTIAL_VERIFIED_STRICT,True,True,True,False,True
WS:US:SR,US_SP1500,Spire,SR,,INCLUDED_RESEARCH_PARTIAL_VERIFIED_STRICT,True,True,True,False,True
WS:US:SRE,US_SP1500,Sempra,SRE,,INCLUDED_RESEARCH_PARTIAL_VERIFIED_STRICT,True,True,True,False,True
WS:US:SRPT,US_SP1500,Sarepta Therapeutics,SRPT,,INCLUDED_RESEARCH_PARTIAL_VERIFIED_STRICT,True,True,True,False,True
WS:US:SSB,US_SP1500,South State Bank,SSB,,INCLUDED_RESEARCH_PARTIAL_VERIFIED_STRICT,True,True,True,False,True
WS:US:SSD,US_SP1500,Simpson Manufacturing,SSD,,INCLUDED_RESEARCH_PARTIAL_VERIFIED_STRICT,True,True,True,False,True
WS:US:ST,US_SP1500,Sensata Technologies,ST,,INCLUDED_RESEARCH_PARTIAL_VERIFIED_STRICT,True,True,True,False,True
WS:US:STAA,US_SP1500,STAAR Surgical Company,STAA,,INCLUDED_RESEARCH_PARTIAL_VERIFIED_STRICT,True,True,True,False,True
WS:US:STAG,US_SP1500,STAG Industrial,STAG,,INCLUDED_RESEARCH_PARTIAL_VERIFIED_STRICT,True,True,True,False,True
WS:US:STBA,US_SP1500,"S&T Bancorp, Inc.",STBA,,EXCLUDED_OTHER_NON_STRICT_REASON_NOT_CLASSIFIED_V0_22,True,True,False,False,False
WS:US:STC,US_SP1500,Stewart Information Services Corporation,STC,,EXCLUDED_OTHER_NON_STRICT_REASON_NOT_CLASSIFIED_V0_22,True,True,False,False,False
WS:US:STE,US_SP1500,Steris,STE,,INCLUDED_RESEARCH_PARTIAL_VERIFIED_STRICT,True,True,True,False,True
WS:US:STEP,US_SP1500,StepStone Group,STEP,,INCLUDED_RESEARCH_PARTIAL_VERIFIED_STRICT,True,True,True,False,True
WS:US:STLD,US_SP1500,Steel Dynamics,STLD,,INCLUDED_RESEARCH_PARTIAL_VERIFIED_STRICT,True,True,True,False,True
WS:US:STRA,US_SP1500,"Strategic Education, Inc.",STRA,,INCLUDED_RESEARCH_PARTIAL_VERIFIED_STRICT,True,True,True,False,True
WS:US:STRL,US_SP1500,Sterling Infrastructure,STRL,,EXCLUDED_OTHER_NON_STRICT_REASON_NOT_CLASSIFIED_V0_22,True,True,False,False,False
WS:US:STT,US_SP1500,State Street Corporation,STT,,INCLUDED_RESEARCH_PARTIAL_VERIFIED_STRICT,True,True,True,False,True
WS:US:STWD,US_SP1500,Starwood Property Trust,STWD,,INCLUDED_RESEARCH_PARTIAL_VERIFIED_STRICT,True,True,True,False,True
WS:US:STX,US_SP1500,Seagate Technology,STX,,INCLUDED_RESEARCH_PARTIAL_VERIFIED_STRICT,True,True,True,False,True
WS:US:STZ,US_SP1500,Constellation Brands,STZ,,INCLUDED_RESEARCH_PARTIAL_VERIFIED_STRICT,True,True,True,False,True
WS:US:SUPN,US_SP1500,"Supernus Pharmaceuticals, Inc.",SUPN,,INCLUDED_RESEARCH_PARTIAL_VERIFIED_STRICT,True,True,True,False,True
WS:US:SW,US_SP1500,Smurfit Westrock,SW,,INCLUDED_RESEARCH_PARTIAL_VERIFIED_STRICT,True,True,True,False,True
WS:US:SWK,US_SP1500,Stanley Black & Decker,SWK,,INCLUDED_RESEARCH_PARTIAL_VERIFIED_STRICT,True,True,True,False,True
WS:US:SWKS,US_SP1500,Skyworks Solutions,SWKS,,INCLUDED_RESEARCH_PARTIAL_VERIFIED_STRICT,True,True,True,False,True
WS:US:SWX,US_SP1500,Southwest Gas Corp,SWX,,INCLUDED_RESEARCH_PARTIAL_VERIFIED_STRICT,True,True,True,False,True
WS:US:SXI,US_SP1500,Standex International Corporation,SXI,,INCLUDED_RESEARCH_PARTIAL_VERIFIED_STRICT,True,True,True,False,True
WS:US:SXT,US_SP1500,Sensient Technologies,SXT,,INCLUDED_RESEARCH_PARTIAL_VERIFIED_STRICT,True,True,True,False,True
WS:US:SYF,US_SP1500,Synchrony Financial,SYF,,INCLUDED_RESEARCH_PARTIAL_VERIFIED_STRICT,True,True,True,False,True
WS:US:SYK,US_SP1500,Stryker Corporation,SYK,,INCLUDED_RESEARCH_PARTIAL_VERIFIED_STRICT,True,True,True,False,True
WS:US:SYNA,US_SP1500,Synaptics,SYNA,,INCLUDED_RESEARCH_PARTIAL_VERIFIED_STRICT,True,True,True,False,True
WS:US:SYY,US_SP1500,Sysco,SYY,,INCLUDED_RESEARCH_PARTIAL_VERIFIED_STRICT,True,True,True,False,True
WS:US:T,US_SP1500,AT&T,T,,INCLUDED_RESEARCH_PARTIAL_VERIFIED_STRICT,True,True,True,False,True
WS:US:TALO,US_SP1500,"Talos Energy, Inc.",TALO,,INCLUDED_RESEARCH_PARTIAL_VERIFIED_STRICT,True,True,True,False,True
WS:US:TAP,US_SP1500,Molson Coors Beverage Company,TAP,,INCLUDED_RESEARCH_PARTIAL_VERIFIED_STRICT,True,True,True,False,True
WS:US:TBBK,US_SP1500,"The Bancorp, Inc.",TBBK,,INCLUDED_RESEARCH_PARTIAL_VERIFIED_STRICT,True,True,True,False,True
WS:US:TCBI,US_SP1500,Texas Capital Bancshares,TCBI,,INCLUDED_RESEARCH_PARTIAL_VERIFIED_STRICT,True,True,True,False,True
WS:US:TDC,US_SP1500,Teradata,TDC,,INCLUDED_RESEARCH_PARTIAL_VERIFIED_STRICT,True,True,True,False,True
WS:US:TDG,US_SP1500,TransDigm Group,TDG,,INCLUDED_RESEARCH_PARTIAL_VERIFIED_STRICT,True,True,True,False,True
WS:US:TDS,US_SP1500,"Telephone and Data Systems, Inc.",TDS,,INCLUDED_RESEARCH_PARTIAL_VERIFIED_STRICT,True,True,True,False,True
WS:US:TDW,US_SP1500,"Tidewater, Inc.",TDW,,INCLUDED_RESEARCH_PARTIAL_VERIFIED_STRICT,True,True,True,False,True
WS:US:TDY,US_SP1500,Teledyne Technologies,TDY,,INCLUDED_RESEARCH_PARTIAL_VERIFIED_STRICT,True,True,True,False,True
WS:US:TECH,US_SP1500,Bio-Techne,TECH,,INCLUDED_RESEARCH_PARTIAL_VERIFIED_STRICT,True,True,True,False,True
WS:US:TEL,US_SP1500,TE Connectivity,TEL,,INCLUDED_RESEARCH_PARTIAL_VERIFIED_STRICT,True,True,True,False,True
WS:US:TER,US_SP1500,Teradyne,TER,,INCLUDED_RESEARCH_PARTIAL_VERIFIED_STRICT,True,True,True,False,True
WS:US:TEX,US_SP1500,Terex,TEX,,INCLUDED_RESEARCH_PARTIAL_VERIFIED_STRICT,True,True,True,False,True
WS:US:TFC,US_SP1500,Truist Financial,TFC,,INCLUDED_RESEARCH_PARTIAL_VERIFIED_STRICT,True,True,True,False,True
WS:US:TFIN,US_SP1500,"Triumph Bancorp, Inc.",TFIN,,EXCLUDED_OTHER_NON_STRICT_REASON_NOT_CLASSIFIED_V0_22,True,True,False,False,False
WS:US:TFX,US_SP1500,Teleflex,TFX,,INCLUDED_RESEARCH_PARTIAL_VERIFIED_STRICT,True,True,True,False,True
WS:US:TGT,US_SP1500,Target Corporation,TGT,,INCLUDED_RESEARCH_PARTIAL_VERIFIED_STRICT,True,True,True,False,True
WS:US:TGTX,US_SP1500,"TG Therapeutics, Inc.",TGTX,,INCLUDED_RESEARCH_PARTIAL_VERIFIED_STRICT,True,True,True,False,True
WS:US:THC,US_SP1500,Tenet Health,THC,,INCLUDED_RESEARCH_PARTIAL_VERIFIED_STRICT,True,True,True,False,True
WS:US:THG,US_SP1500,Hanover Insurance,THG,,INCLUDED_RESEARCH_PARTIAL_VERIFIED_STRICT,True,True,True,False,True
WS:US:THO,US_SP1500,Thor Industries,THO,,INCLUDED_RESEARCH_PARTIAL_VERIFIED_STRICT,True,True,True,False,True
WS:US:THRM,US_SP1500,Gentherm Incorporated,THRM,,EXCLUDED_OTHER_NON_STRICT_REASON_NOT_CLASSIFIED_V0_22,True,True,False,False,False
WS:US:TILE,US_SP1500,"Interface, Inc.",TILE,,EXCLUDED_OTHER_NON_STRICT_REASON_NOT_CLASSIFIED_V0_22,True,True,False,False,False
WS:US:TJX,US_SP1500,TJX Companies,TJX,,INCLUDED_RESEARCH_PARTIAL_VERIFIED_STRICT,True,True,True,False,True
WS:US:TKO,US_SP1500,TKO Group Holdings,TKO,,INCLUDED_RESEARCH_PARTIAL_VERIFIED_STRICT,True,True,True,False,True
WS:US:TKR,US_SP1500,Timken,TKR,,INCLUDED_RESEARCH_PARTIAL_VERIFIED_STRICT,True,True,True,False,True
WS:US:TLN,US_SP1500,Talen Energy,TLN,,INCLUDED_RESEARCH_PARTIAL_VERIFIED_STRICT,True,True,True,False,True
WS:US:TMDX,US_SP1500,"TransMedics Group, Inc.",TMDX,,INCLUDED_RESEARCH_PARTIAL_VERIFIED_STRICT,True,True,True,False,True
WS:US:TMO,US_SP1500,Thermo Fisher Scientific,TMO,,INCLUDED_RESEARCH_PARTIAL_VERIFIED_STRICT,True,True,True,False,True
WS:US:TMP,US_SP1500,Tompkins Financial Corporation,TMP,,EXCLUDED_OTHER_NON_STRICT_REASON_NOT_CLASSIFIED_V0_22,True,True,False,False,False
WS:US:TMUS,US_SP1500,T-Mobile US,TMUS,,INCLUDED_RESEARCH_PARTIAL_VERIFIED_STRICT,True,True,True,False,True
WS:US:TNC,US_SP1500,Tennant Company,TNC,,EXCLUDED_OTHER_NON_STRICT_REASON_NOT_CLASSIFIED_V0_22,True,True,False,False,False
WS:US:TNDM,US_SP1500,Tandem Diabetes Care,TNDM,,INCLUDED_RESEARCH_PARTIAL_VERIFIED_STRICT,True,True,True,False,True
WS:US:TNL,US_SP1500,Travel + Leisure Co.,TNL,,INCLUDED_RESEARCH_PARTIAL_VERIFIED_STRICT,True,True,True,False,True
WS:US:TOL,US_SP1500,Toll Brothers,TOL,,INCLUDED_RESEARCH_PARTIAL_VERIFIED_STRICT,True,True,True,False,True
WS:US:TOST,US_SP1500,"Toast, Inc.",TOST,,INCLUDED_RESEARCH_PARTIAL_VERIFIED_STRICT,True,True,True,False,True
WS:US:TPC,US_SP1500,Tutor Perini Corporation,TPC,,INCLUDED_RESEARCH_PARTIAL_VERIFIED_STRICT,True,True,True,False,True
WS:US:TPL,US_SP1500,Texas Pacific Land Corporation,TPL,,INCLUDED_RESEARCH_PARTIAL_VERIFIED_STRICT,True,True,True,False,True
WS:US:TPR,US_SP1500,"Tapestry, Inc.",TPR,,INCLUDED_RESEARCH_PARTIAL_VERIFIED_STRICT,True,True,True,False,True
WS:US:TR,US_SP1500,"Tootsie Roll Industries, Inc.",TR,,EXCLUDED_OTHER_NON_STRICT_REASON_NOT_CLASSIFIED_V0_22,True,True,False,False,False
WS:US:TREX,US_SP1500,Trex,TREX,,INCLUDED_RESEARCH_PARTIAL_VERIFIED_STRICT,True,True,True,False,True
WS:US:TRGP,US_SP1500,Targa Resources,TRGP,,INCLUDED_RESEARCH_PARTIAL_VERIFIED_STRICT,True,True,True,False,True
WS:US:TRIP,US_SP1500,TripAdvisor,TRIP,,INCLUDED_RESEARCH_PARTIAL_VERIFIED_STRICT,True,True,True,False,True
WS:US:TRMB,US_SP1500,Trimble Inc.,TRMB,,INCLUDED_RESEARCH_PARTIAL_VERIFIED_STRICT,True,True,True,False,True
WS:US:TRMK,US_SP1500,Trustmark Corp.,TRMK,,EXCLUDED_OTHER_NON_STRICT_REASON_NOT_CLASSIFIED_V0_22,True,True,False,False,False
WS:US:TRN,US_SP1500,"Trinity Industries, Inc.",TRN,,INCLUDED_RESEARCH_PARTIAL_VERIFIED_STRICT,True,True,True,False,True
WS:US:TRNO,US_SP1500,Terreno Realty Corporation,TRNO,,INCLUDED_RESEARCH_PARTIAL_VERIFIED_STRICT,True,True,True,False,True
WS:US:TROW,US_SP1500,T. Rowe Price,TROW,,INCLUDED_RESEARCH_PARTIAL_VERIFIED_STRICT,True,True,True,False,True
WS:US:TRST,US_SP1500,TrustCo Bank Corp NY,TRST,,EXCLUDED_OTHER_NON_STRICT_REASON_NOT_CLASSIFIED_V0_22,True,True,False,False,False
WS:US:TRU,US_SP1500,TransUnion,TRU,,INCLUDED_RESEARCH_PARTIAL_VERIFIED_STRICT,True,True,True,False,True
WS:US:TRUP,US_SP1500,Trupanion,TRUP,,EXCLUDED_OTHER_NON_STRICT_REASON_NOT_CLASSIFIED_V0_22,True,True,False,False,False
WS:US:TRV,US_SP1500,Travelers Companies (The),TRV,,INCLUDED_RESEARCH_PARTIAL_VERIFIED_STRICT,True,True,True,False,True
WS:US:TSCO,US_SP1500,Tractor Supply,TSCO,,INCLUDED_RESEARCH_PARTIAL_VERIFIED_STRICT,True,True,True,False,True
WS:US:TSLA,US_SP1500,"Tesla, Inc.",TSLA,,INCLUDED_RESEARCH_PARTIAL_VERIFIED_STRICT,True,True,True,False,True
WS:US:TSN,US_SP1500,Tyson Foods,TSN,,INCLUDED_RESEARCH_PARTIAL_VERIFIED_STRICT,True,True,True,False,True
WS:US:TT,US_SP1500,Trane Technologies,TT,,INCLUDED_RESEARCH_PARTIAL_VERIFIED_STRICT,True,True,True,False,True
WS:US:TTC,US_SP1500,Toro,TTC,,INCLUDED_RESEARCH_PARTIAL_VERIFIED_STRICT,True,True,True,False,True
WS:US:TTD,US_SP1500,Trade Desk (The),TTD,,INCLUDED_RESEARCH_PARTIAL_VERIFIED_STRICT,True,True,True,False,True
WS:US:TTEK,US_SP1500,Tetra Tech,TTEK,,INCLUDED_RESEARCH_PARTIAL_VERIFIED_STRICT,True,True,True,False,True
WS:US:TTMI,US_SP1500,TTM Technologies,TTMI,,INCLUDED_RESEARCH_PARTIAL_VERIFIED_STRICT,True,True,True,False,True
WS:US:TTWO,US_SP1500,Take-Two Interactive,TTWO,,INCLUDED_RESEARCH_PARTIAL_VERIFIED_STRICT,True,True,True,False,True
WS:US:TWLO,US_SP1500,Twilio,TWLO,,INCLUDED_RESEARCH_PARTIAL_VERIFIED_STRICT,True,True,True,False,True
WS:US:TXN,US_SP1500,Texas Instruments,TXN,,INCLUDED_RESEARCH_PARTIAL_VERIFIED_STRICT,True,True,True,False,True
WS:US:TXNM,US_SP1500,TXNM Energy,TXNM,,INCLUDED_RESEARCH_PARTIAL_VERIFIED_STRICT,True,True,True,False,True
WS:US:TXRH,US_SP1500,Texas Roadhouse,TXRH,,INCLUDED_RESEARCH_PARTIAL_VERIFIED_STRICT,True,True,True,False,True
WS:US:TXT,US_SP1500,Textron,TXT,,INCLUDED_RESEARCH_PARTIAL_VERIFIED_STRICT,True,True,True,False,True
WS:US:TYL,US_SP1500,Tyler Technologies,TYL,,INCLUDED_RESEARCH_PARTIAL_VERIFIED_STRICT,True,True,True,False,True
WS:US:UA,US_SP1500,Under Armour (Class C),UA,,EXCLUDED_OTHER_NON_STRICT_REASON_NOT_CLASSIFIED_V0_22,True,True,False,False,False
WS:US:UAA,US_SP1500,Under Armour (Class A),UAA,,INCLUDED_RESEARCH_PARTIAL_VERIFIED_STRICT,True,True,True,False,True
WS:US:UAL,US_SP1500,United Airlines Holdings,UAL,,INCLUDED_RESEARCH_PARTIAL_VERIFIED_STRICT,True,True,True,False,True
WS:US:UBER,US_SP1500,Uber,UBER,,INCLUDED_RESEARCH_PARTIAL_VERIFIED_STRICT,True,True,True,False,True
WS:US:UBSI,US_SP1500,United Bankshares,UBSI,,INCLUDED_RESEARCH_PARTIAL_VERIFIED_STRICT,True,True,True,False,True
WS:US:UCB,US_SP1500,"United Community Banks, Inc.",UCB,,INCLUDED_RESEARCH_PARTIAL_VERIFIED_STRICT,True,True,True,False,True
WS:US:UCTT,US_SP1500,"Ultra Clean Holdings, Inc.",UCTT,,INCLUDED_RESEARCH_PARTIAL_VERIFIED_STRICT,True,True,True,False,True
WS:US:UDR,US_SP1500,"UDR, Inc.",UDR,,INCLUDED_RESEARCH_PARTIAL_VERIFIED_STRICT,True,True,True,False,True
WS:US:UE,US_SP1500,Urban Edge Properties,UE,,EXCLUDED_OTHER_NON_STRICT_REASON_NOT_CLASSIFIED_V0_22,True,True,False,False,False
WS:US:UFCS,US_SP1500,"United Fire Group, Inc.",UFCS,,EXCLUDED_OTHER_NON_STRICT_REASON_NOT_CLASSIFIED_V0_22,True,True,False,False,False
WS:US:UFPI,US_SP1500,UFP Industries,UFPI,,INCLUDED_RESEARCH_PARTIAL_VERIFIED_STRICT,True,True,True,False,True
WS:US:UFPT,US_SP1500,"UFP Technologies, Inc.",UFPT,,INCLUDED_RESEARCH_PARTIAL_VERIFIED_STRICT,True,True,True,False,True
WS:US:UGI,US_SP1500,UGI Corp,UGI,,INCLUDED_RESEARCH_PARTIAL_VERIFIED_STRICT,True,True,True,False,True
WS:US:UHS,US_SP1500,Universal Health Services,UHS,,INCLUDED_RESEARCH_PARTIAL_VERIFIED_STRICT,True,True,True,False,True
WS:US:ULS,US_SP1500,UL Solutions,ULS,,INCLUDED_RESEARCH_PARTIAL_VERIFIED_STRICT,True,True,True,False,True
WS:US:ULTA,US_SP1500,Ulta Beauty,ULTA,,INCLUDED_RESEARCH_PARTIAL_VERIFIED_STRICT,True,True,True,False,True
WS:US:UMBF,US_SP1500,UMB Financial Corp.,UMBF,,INCLUDED_RESEARCH_PARTIAL_VERIFIED_STRICT,True,True,True,False,True
WS:US:UNF,US_SP1500,UniFirst Corporation,UNF,,INCLUDED_RESEARCH_PARTIAL_VERIFIED_STRICT,True,True,True,False,True
WS:US:UNFI,US_SP1500,United Natural Foods Inc,UNFI,,INCLUDED_RESEARCH_PARTIAL_VERIFIED_STRICT,True,True,True,False,True
WS:US:UNH,US_SP1500,UnitedHealth Group,UNH,,INCLUDED_RESEARCH_PARTIAL_VERIFIED_STRICT,True,True,True,False,True
WS:US:UNIT,US_SP1500,Uniti Group,UNIT,,INCLUDED_RESEARCH_PARTIAL_VERIFIED_STRICT,True,True,True,False,True
WS:US:UNM,US_SP1500,Unum,UNM,,INCLUDED_RESEARCH_PARTIAL_VERIFIED_STRICT,True,True,True,False,True
WS:US:UNP,US_SP1500,Union Pacific Corporation,UNP,,INCLUDED_RESEARCH_PARTIAL_VERIFIED_STRICT,True,True,True,False,True
WS:US:UPBD,US_SP1500,"Upbound Group, Inc.",UPBD,,EXCLUDED_OTHER_NON_STRICT_REASON_NOT_CLASSIFIED_V0_22,True,True,False,False,False
WS:US:UPS,US_SP1500,United Parcel Service,UPS,,INCLUDED_RESEARCH_PARTIAL_VERIFIED_STRICT,True,True,True,False,True
WS:US:UPWK,US_SP1500,"Upwork, Inc.",UPWK,,INCLUDED_RESEARCH_PARTIAL_VERIFIED_STRICT,True,True,True,False,True
WS:US:URBN,US_SP1500,"Urban Outfitters, Inc.",URBN,,INCLUDED_RESEARCH_PARTIAL_VERIFIED_STRICT,True,True,True,False,True
WS:US:URI,US_SP1500,United Rentals,URI,,INCLUDED_RESEARCH_PARTIAL_VERIFIED_STRICT,True,True,True,False,True
WS:US:USB,US_SP1500,U.S. Bancorp,USB,,INCLUDED_RESEARCH_PARTIAL_VERIFIED_STRICT,True,True,True,False,True
WS:US:USFD,US_SP1500,US Foods,USFD,,INCLUDED_RESEARCH_PARTIAL_VERIFIED_STRICT,True,True,True,False,True
WS:US:USLM,US_SP1500,"United States Lime & Minerals, Inc.",USLM,,INCLUDED_RESEARCH_PARTIAL_VERIFIED_STRICT,True,True,True,False,True
WS:US:USPH,US_SP1500,"U.S. Physical Therapy, Inc.",USPH,,EXCLUDED_OTHER_NON_STRICT_REASON_NOT_CLASSIFIED_V0_22,True,True,False,False,False
WS:US:UTHR,US_SP1500,United Therapeutics,UTHR,,INCLUDED_RESEARCH_PARTIAL_VERIFIED_STRICT,True,True,True,False,True
WS:US:UTI,US_SP1500,Universal Technical Institute,UTI,,INCLUDED_RESEARCH_PARTIAL_VERIFIED_STRICT,True,True,True,False,True
WS:US:UTL,US_SP1500,Unitil Corporation,UTL,,EXCLUDED_OTHER_NON_STRICT_REASON_NOT_CLASSIFIED_V0_22,True,True,False,False,False
WS:US:UVV,US_SP1500,Universal Corporation,UVV,,EXCLUDED_OTHER_NON_STRICT_REASON_NOT_CLASSIFIED_V0_22,True,True,False,False,False
WS:US:V,US_SP1500,Visa Inc.,V,,INCLUDED_RESEARCH_PARTIAL_VERIFIED_STRICT,True,True,True,False,True
WS:US:VAC,US_SP1500,Marriott Vacations Worldwide,VAC,,INCLUDED_RESEARCH_PARTIAL_VERIFIED_STRICT,True,True,True,False,True
WS:US:VAL,US_SP1500,Valaris,VAL,,INCLUDED_RESEARCH_PARTIAL_VERIFIED_STRICT,True,True,True,False,True
WS:US:VC,US_SP1500,Visteon,VC,,INCLUDED_RESEARCH_PARTIAL_VERIFIED_STRICT,True,True,True,False,True
WS:US:VCEL,US_SP1500,Vericel,VCEL,,INCLUDED_RESEARCH_PARTIAL_VERIFIED_STRICT,True,True,True,False,True
WS:US:VCTR,US_SP1500,"Victory Capital Holdings, Inc.",VCTR,,INCLUDED_RESEARCH_PARTIAL_VERIFIED_STRICT,True,True,True,False,True
WS:US:VCYT,US_SP1500,"Veracyte, Inc.",VCYT,,INCLUDED_RESEARCH_PARTIAL_VERIFIED_STRICT,True,True,True,False,True
WS:US:VECO,US_SP1500,Veeco Instruments Inc.,VECO,,INCLUDED_RESEARCH_PARTIAL_VERIFIED_STRICT,True,True,True,False,True
WS:US:VEEV,US_SP1500,Veeva Systems,VEEV,,INCLUDED_RESEARCH_PARTIAL_VERIFIED_STRICT,True,True,True,False,True
WS:US:VFC,US_SP1500,VF Corporation,VFC,,INCLUDED_RESEARCH_PARTIAL_VERIFIED_STRICT,True,True,True,False,True
WS:US:VGNT,US_SP1500,Versigent PLC,VGNT,,EXCLUDED_OTHER_NON_STRICT_REASON_NOT_CLASSIFIED_V0_22,True,True,False,False,False
WS:US:VIAV,US_SP1500,Viavi Solutions,VIAV,,INCLUDED_RESEARCH_PARTIAL_VERIFIED_STRICT,True,True,True,False,True
WS:US:VICI,US_SP1500,Vici Properties,VICI,,INCLUDED_RESEARCH_PARTIAL_VERIFIED_STRICT,True,True,True,False,True
WS:US:VICR,US_SP1500,Vicor Corporation,VICR,,INCLUDED_RESEARCH_PARTIAL_VERIFIED_STRICT,True,True,True,False,True
WS:US:VIR,US_SP1500,"Vir Biotechnology, Inc.",VIR,,EXCLUDED_OTHER_NON_STRICT_REASON_NOT_CLASSIFIED_V0_22,True,True,False,False,False
WS:US:VIRT,US_SP1500,"Virtu Financial, Inc.",VIRT,,INCLUDED_RESEARCH_PARTIAL_VERIFIED_STRICT,True,True,True,False,True
WS:US:VLO,US_SP1500,Valero Energy,VLO,,INCLUDED_RESEARCH_PARTIAL_VERIFIED_STRICT,True,True,True,False,True
WS:US:VLTO,US_SP1500,Veralto,VLTO,,INCLUDED_RESEARCH_PARTIAL_VERIFIED_STRICT,True,True,True,False,True
WS:US:VLY,US_SP1500,Valley Bank,VLY,,INCLUDED_RESEARCH_PARTIAL_VERIFIED_STRICT,True,True,True,False,True
WS:US:VMC,US_SP1500,Vulcan Materials Company,VMC,,INCLUDED_RESEARCH_PARTIAL_VERIFIED_STRICT,True,True,True,False,True
WS:US:VMI,US_SP1500,Valmont Industries,VMI,,INCLUDED_RESEARCH_PARTIAL_VERIFIED_STRICT,True,True,True,False,True
WS:US:VMRK,US_SP1500,Vivmark Residential,VMRK,,INCLUDED_RESEARCH_PARTIAL_VERIFIED_STRICT,True,True,True,False,True
WS:US:VNO,US_SP1500,Vornado Realty Trust,VNO,,INCLUDED_RESEARCH_PARTIAL_VERIFIED_STRICT,True,True,True,False,True
WS:US:VNOM,US_SP1500,Viper Energy,VNOM,,INCLUDED_RESEARCH_PARTIAL_VERIFIED_STRICT,True,True,True,False,True
WS:US:VNT,US_SP1500,Vontier,VNT,,INCLUDED_RESEARCH_PARTIAL_VERIFIED_STRICT,True,True,True,False,True
WS:US:VOYA,US_SP1500,Voya Financial,VOYA,,INCLUDED_RESEARCH_PARTIAL_VERIFIED_STRICT,True,True,True,False,True
WS:US:VRRM,US_SP1500,Verra Mobility Corporation,VRRM,,EXCLUDED_OTHER_NON_STRICT_REASON_NOT_CLASSIFIED_V0_22,True,True,False,False,False
WS:US:VRSK,US_SP1500,Verisk Analytics,VRSK,,INCLUDED_RESEARCH_PARTIAL_VERIFIED_STRICT,True,True,True,False,True
WS:US:VRSN,US_SP1500,Verisign,VRSN,,INCLUDED_RESEARCH_PARTIAL_VERIFIED_STRICT,True,True,True,False,True
WS:US:VRT,US_SP1500,Vertiv,VRT,,INCLUDED_RESEARCH_PARTIAL_VERIFIED_STRICT,True,True,True,False,True
WS:US:VRTS,US_SP1500,"Virtus Investment Partners, Inc.",VRTS,,EXCLUDED_OTHER_NON_STRICT_REASON_NOT_CLASSIFIED_V0_22,True,True,False,False,False
WS:US:VRTX,US_SP1500,Vertex Pharmaceuticals,VRTX,,INCLUDED_RESEARCH_PARTIAL_VERIFIED_STRICT,True,True,True,False,True
WS:US:VSAT,US_SP1500,"Viasat, Inc.",VSAT,,INCLUDED_RESEARCH_PARTIAL_VERIFIED_STRICT,True,True,True,False,True
WS:US:VSEC,US_SP1500,VSE Corporation,VSEC,,INCLUDED_RESEARCH_PARTIAL_VERIFIED_STRICT,True,True,True,False,True
WS:US:VSH,US_SP1500,Vishay Intertechnology,VSH,,INCLUDED_RESEARCH_PARTIAL_VERIFIED_STRICT,True,True,True,False,True
WS:US:VSNT,US_SP1500,"Versant Media Group, Inc.",VSNT,,EXCLUDED_OTHER_NON_STRICT_REASON_NOT_CLASSIFIED_V0_22,True,True,False,False,False
WS:US:VST,US_SP1500,Vistra Corp.,VST,,INCLUDED_RESEARCH_PARTIAL_VERIFIED_STRICT,True,True,True,False,True
WS:US:VSTS,US_SP1500,Vestis,VSTS,,EXCLUDED_OTHER_NON_STRICT_REASON_NOT_CLASSIFIED_V0_22,True,True,False,False,False
WS:US:VSXY,US_SP1500,Victoria's Secret,VSXY,,INCLUDED_RESEARCH_PARTIAL_VERIFIED_STRICT,True,True,True,False,True
WS:US:VTOL,US_SP1500,Bristow Group Inc.,VTOL,,EXCLUDED_OTHER_NON_STRICT_REASON_NOT_CLASSIFIED_V0_22,True,True,False,False,False
WS:US:VTR,US_SP1500,Ventas,VTR,,INCLUDED_RESEARCH_PARTIAL_VERIFIED_STRICT,True,True,True,False,True
WS:US:VTRS,US_SP1500,Viatris,VTRS,,INCLUDED_RESEARCH_PARTIAL_VERIFIED_STRICT,True,True,True,False,True
WS:US:VVV,US_SP1500,Valvoline,VVV,,INCLUDED_RESEARCH_PARTIAL_VERIFIED_STRICT,True,True,True,False,True
WS:US:VVX,US_SP1500,"V2X, Inc.",VVX,,INCLUDED_RESEARCH_PARTIAL_VERIFIED_STRICT,True,True,True,False,True
WS:US:VYX,US_SP1500,NCR Voyix,VYX,,EXCLUDED_OTHER_NON_STRICT_REASON_NOT_CLASSIFIED_V0_22,True,True,False,False,False
WS:US:VZ,US_SP1500,Verizon,VZ,,INCLUDED_RESEARCH_PARTIAL_VERIFIED_STRICT,True,True,True,False,True
WS:US:WAB,US_SP1500,Wabtec,WAB,,INCLUDED_RESEARCH_PARTIAL_VERIFIED_STRICT,True,True,True,False,True
WS:US:WABC,US_SP1500,Westamerica Bank,WABC,,EXCLUDED_OTHER_NON_STRICT_REASON_NOT_CLASSIFIED_V0_22,True,True,False,False,False
WS:US:WAFD,US_SP1500,"WaFd, Inc.",WAFD,,INCLUDED_RESEARCH_PARTIAL_VERIFIED_STRICT,True,True,True,False,True
WS:US:WAL,US_SP1500,Western Alliance Bancorporation,WAL,,INCLUDED_RESEARCH_PARTIAL_VERIFIED_STRICT,True,True,True,False,True
WS:US:WAT,US_SP1500,Waters Corporation,WAT,,INCLUDED_RESEARCH_PARTIAL_VERIFIED_STRICT,True,True,True,False,True
WS:US:WAY,US_SP1500,Waystar Holding Corp,WAY,,INCLUDED_RESEARCH_PARTIAL_VERIFIED_STRICT,True,True,True,False,True
WS:US:WBD,US_SP1500,Warner Bros. Discovery,WBD,,INCLUDED_RESEARCH_PARTIAL_VERIFIED_STRICT,True,True,True,False,True
WS:US:WBS,US_SP1500,Webster Bank,WBS,,INCLUDED_RESEARCH_PARTIAL_VERIFIED_STRICT,True,True,True,False,True
WS:US:WCC,US_SP1500,WESCO International,WCC,,INCLUDED_RESEARCH_PARTIAL_VERIFIED_STRICT,True,True,True,False,True
WS:US:WD,US_SP1500,"Walker & Dunlop, Inc.",WD,,EXCLUDED_OTHER_NON_STRICT_REASON_NOT_CLASSIFIED_V0_22,True,True,False,False,False
WS:US:WDAY,US_SP1500,"Workday, Inc.",WDAY,,INCLUDED_RESEARCH_PARTIAL_VERIFIED_STRICT,True,True,True,False,True
WS:US:WDC,US_SP1500,Western Digital,WDC,,INCLUDED_RESEARCH_PARTIAL_VERIFIED_STRICT,True,True,True,False,True
WS:US:WDFC,US_SP1500,WD-40 Company,WDFC,,INCLUDED_RESEARCH_PARTIAL_VERIFIED_STRICT,True,True,True,False,True
WS:US:WEC,US_SP1500,WEC Energy Group,WEC,,INCLUDED_RESEARCH_PARTIAL_VERIFIED_STRICT,True,True,True,False,True
WS:US:WELL,US_SP1500,Welltower,WELL,,INCLUDED_RESEARCH_PARTIAL_VERIFIED_STRICT,True,True,True,False,True
WS:US:WEN,US_SP1500,The Wendy's Company,WEN,,INCLUDED_RESEARCH_PARTIAL_VERIFIED_STRICT,True,True,True,False,True
WS:US:WERN,US_SP1500,Werner Enterprises,WERN,,INCLUDED_RESEARCH_PARTIAL_VERIFIED_STRICT,True,True,True,False,True
WS:US:WEX,US_SP1500,WEX Inc.,WEX,,INCLUDED_RESEARCH_PARTIAL_VERIFIED_STRICT,True,True,True,False,True
WS:US:WFC,US_SP1500,Wells Fargo,WFC,,INCLUDED_RESEARCH_PARTIAL_VERIFIED_STRICT,True,True,True,False,True
WS:US:WFRD,US_SP1500,Weatherford International,WFRD,,INCLUDED_RESEARCH_PARTIAL_VERIFIED_STRICT,True,True,True,False,True
WS:US:WGO,US_SP1500,"Winnebago Industries, Inc.",WGO,,EXCLUDED_OTHER_NON_STRICT_REASON_NOT_CLASSIFIED_V0_22,True,True,False,False,False
WS:US:WH,US_SP1500,Wyndham Hotels & Resorts,WH,,INCLUDED_RESEARCH_PARTIAL_VERIFIED_STRICT,True,True,True,False,True
WS:US:WHD,US_SP1500,"Cactus, Inc.",WHD,,INCLUDED_RESEARCH_PARTIAL_VERIFIED_STRICT,True,True,True,False,True
WS:US:WHR,US_SP1500,Whirlpool Corporation,WHR,,INCLUDED_RESEARCH_PARTIAL_VERIFIED_STRICT,True,True,True,False,True
WS:US:WINA,US_SP1500,Winmark,WINA,,EXCLUDED_OTHER_NON_STRICT_REASON_NOT_CLASSIFIED_V0_22,True,True,False,False,False
WS:US:WING,US_SP1500,Wingstop,WING,,INCLUDED_RESEARCH_PARTIAL_VERIFIED_STRICT,True,True,True,False,True
WS:US:WKC,US_SP1500,World Kinect Corporation,WKC,,INCLUDED_RESEARCH_PARTIAL_VERIFIED_STRICT,True,True,True,False,True
WS:US:WLK,US_SP1500,Westlake Corporation,WLK,,INCLUDED_RESEARCH_PARTIAL_VERIFIED_STRICT,True,True,True,False,True
WS:US:WLY,US_SP1500,John Wiley & Sons,WLY,,INCLUDED_RESEARCH_PARTIAL_VERIFIED_STRICT,True,True,True,False,True
WS:US:WM,US_SP1500,Waste Management,WM,,INCLUDED_RESEARCH_PARTIAL_VERIFIED_STRICT,True,True,True,False,True
WS:US:WMB,US_SP1500,Williams Companies,WMB,,INCLUDED_RESEARCH_PARTIAL_VERIFIED_STRICT,True,True,True,False,True
WS:US:WMG,US_SP1500,Warner Music Group,WMG,,INCLUDED_RESEARCH_PARTIAL_VERIFIED_STRICT,True,True,True,False,True
WS:US:WMS,US_SP1500,Advanced Drainage Systems,WMS,,INCLUDED_RESEARCH_PARTIAL_VERIFIED_STRICT,True,True,True,False,True
WS:US:WMT,US_SP1500,Walmart,WMT,,INCLUDED_RESEARCH_PARTIAL_VERIFIED_STRICT,True,True,True,False,True
WS:US:WOR,US_SP1500,Worthington Enterprises,WOR,,EXCLUDED_OTHER_NON_STRICT_REASON_NOT_CLASSIFIED_V0_22,True,True,False,False,False
WS:US:WPC,US_SP1500,W. P. Carey,WPC,,INCLUDED_RESEARCH_PARTIAL_VERIFIED_STRICT,True,True,True,False,True
WS:US:WRB,US_SP1500,W. R. Berkley Corporation,WRB,,INCLUDED_RESEARCH_PARTIAL_VERIFIED_STRICT,True,True,True,False,True
WS:US:WRBY,US_SP1500,Warby Parker,WRBY,,INCLUDED_RESEARCH_PARTIAL_VERIFIED_STRICT,True,True,True,False,True
WS:US:WRLD,US_SP1500,World Acceptance Corporation,WRLD,,INCLUDED_RESEARCH_PARTIAL_VERIFIED_STRICT,True,True,True,False,True
WS:US:WS,US_SP1500,Worthington Steel,WS,,EXCLUDED_OTHER_NON_STRICT_REASON_NOT_CLASSIFIED_V0_22,True,True,False,False,False
WS:US:WSBC,US_SP1500,WesBanco,WSBC,,INCLUDED_RESEARCH_PARTIAL_VERIFIED_STRICT,True,True,True,False,True
WS:US:WSC,US_SP1500,WillScot Holdings Corp.,WSC,,INCLUDED_RESEARCH_PARTIAL_VERIFIED_STRICT,True,True,True,False,True
WS:US:WSFS,US_SP1500,WSFS Financial Corporation,WSFS,,INCLUDED_RESEARCH_PARTIAL_VERIFIED_STRICT,True,True,True,False,True
WS:US:WSM,US_SP1500,"Williams-Sonoma, Inc.",WSM,,INCLUDED_RESEARCH_PARTIAL_VERIFIED_STRICT,True,True,True,False,True
WS:US:WSO,US_SP1500,Watsco,WSO,,INCLUDED_RESEARCH_PARTIAL_VERIFIED_STRICT,True,True,True,False,True
WS:US:WST,US_SP1500,West Pharmaceutical Services,WST,,INCLUDED_RESEARCH_PARTIAL_VERIFIED_STRICT,True,True,True,False,True
WS:US:WT,US_SP1500,"WisdomTree Investments, Inc.",WT,,INCLUDED_RESEARCH_PARTIAL_VERIFIED_STRICT,True,True,True,False,True
WS:US:WTFC,US_SP1500,Wintrust Financial,WTFC,,INCLUDED_RESEARCH_PARTIAL_VERIFIED_STRICT,True,True,True,False,True
WS:US:WTRG,US_SP1500,Essential Utilities,WTRG,,INCLUDED_RESEARCH_PARTIAL_VERIFIED_STRICT,True,True,True,False,True
WS:US:WTS,US_SP1500,Watts Water Technologies,WTS,,INCLUDED_RESEARCH_PARTIAL_VERIFIED_STRICT,True,True,True,False,True
WS:US:WTW,US_SP1500,Willis Towers Watson,WTW,,INCLUDED_RESEARCH_PARTIAL_VERIFIED_STRICT,True,True,True,False,True
WS:US:WU,US_SP1500,Western Union,WU,,INCLUDED_RESEARCH_PARTIAL_VERIFIED_STRICT,True,True,True,False,True
WS:US:WWD,US_SP1500,"Woodward, Inc.",WWD,,INCLUDED_RESEARCH_PARTIAL_VERIFIED_STRICT,True,True,True,False,True
WS:US:WWW,US_SP1500,"Wolverine World Wide, Inc.",WWW,,EXCLUDED_OTHER_NON_STRICT_REASON_NOT_CLASSIFIED_V0_22,True,True,False,False,False
WS:US:WY,US_SP1500,Weyerhaeuser,WY,,INCLUDED_RESEARCH_PARTIAL_VERIFIED_STRICT,True,True,True,False,True
WS:US:WYNN,US_SP1500,Wynn Resorts,WYNN,,INCLUDED_RESEARCH_PARTIAL_VERIFIED_STRICT,True,True,True,False,True
WS:US:XEL,US_SP1500,Xcel Energy,XEL,,INCLUDED_RESEARCH_PARTIAL_VERIFIED_STRICT,True,True,True,False,True
WS:US:XHR,US_SP1500,"Xenia Hotels & Resorts, Inc.",XHR,,EXCLUDED_OTHER_NON_STRICT_REASON_NOT_CLASSIFIED_V0_22,True,True,False,False,False
WS:US:XNCR,US_SP1500,Xencor Inc,XNCR,,INCLUDED_RESEARCH_PARTIAL_VERIFIED_STRICT,True,True,True,False,True
WS:US:XOM,US_SP1500,ExxonMobil,XOM,,INCLUDED_RESEARCH_PARTIAL_VERIFIED_STRICT,True,True,True,False,True
WS:US:XPEL,US_SP1500,"XPEL, Inc.",XPEL,,EXCLUDED_OTHER_NON_STRICT_REASON_NOT_CLASSIFIED_V0_22,True,True,False,False,False
WS:US:XPO,US_SP1500,"XPO, Inc.",XPO,,INCLUDED_RESEARCH_PARTIAL_VERIFIED_STRICT,True,True,True,False,True
WS:US:XRAY,US_SP1500,Dentsply Sirona,XRAY,,INCLUDED_RESEARCH_PARTIAL_VERIFIED_STRICT,True,True,True,False,True
WS:US:XYL,US_SP1500,Xylem Inc.,XYL,,INCLUDED_RESEARCH_PARTIAL_VERIFIED_STRICT,True,True,True,False,True
WS:US:XYZ,US_SP1500,"Block, Inc.",XYZ,,INCLUDED_RESEARCH_PARTIAL_VERIFIED_STRICT,True,True,True,False,True
WS:US:YELP,US_SP1500,"Yelp, Inc.",YELP,,INCLUDED_RESEARCH_PARTIAL_VERIFIED_STRICT,True,True,True,False,True
WS:US:YETI,US_SP1500,Yeti Holdings,YETI,,INCLUDED_RESEARCH_PARTIAL_VERIFIED_STRICT,True,True,True,False,True
WS:US:YOU,US_SP1500,"Clear Secure, Inc.",YOU,,INCLUDED_RESEARCH_PARTIAL_VERIFIED_STRICT,True,True,True,False,True
WS:US:YUM,US_SP1500,Yum! Brands,YUM,,INCLUDED_RESEARCH_PARTIAL_VERIFIED_STRICT,True,True,True,False,True
WS:US:ZBH,US_SP1500,Zimmer Biomet,ZBH,,INCLUDED_RESEARCH_PARTIAL_VERIFIED_STRICT,True,True,True,False,True
WS:US:ZBRA,US_SP1500,Zebra Technologies,ZBRA,,INCLUDED_RESEARCH_PARTIAL_VERIFIED_STRICT,True,True,True,False,True
WS:US:ZD,US_SP1500,Ziff Davis,ZD,,INCLUDED_RESEARCH_PARTIAL_VERIFIED_STRICT,True,True,True,False,True
WS:US:ZION,US_SP1500,Zions Bancorporation,ZION,,INCLUDED_RESEARCH_PARTIAL_VERIFIED_STRICT,True,True,True,False,True
WS:US:ZTS,US_SP1500,Zoetis,ZTS,,INCLUDED_RESEARCH_PARTIAL_VERIFIED_STRICT,True,True,True,False,True
WS:US:ZWS,US_SP1500,Zurn Elkay Water Solutions Corp.,ZWS,,INCLUDED_RESEARCH_PARTIAL_VERIFIED_STRICT,True,True,True,False,True
WS:SRC:ZA_TOP40:119B9827CB58256B,ZA_TOP40,Valterra Platinum,VAL.JO,South Africa,INCLUDED_RESEARCH_PARTIAL_VERIFIED_STRICT,True,True,True,False,True
WS:SRC:ZA_TOP40:13F6B84E5B9DFB4E,ZA_TOP40,Investec PLC,INP.JO,South Africa,EXCLUDED_OTHER_NON_STRICT_REASON_NOT_CLASSIFIED_V0_22,True,True,False,False,False
WS:SRC:ZA_TOP40:1A236465C92C27FB,ZA_TOP40,Bidvest Group,BVT.JO,South Africa,EXCLUDED_OTHER_NON_STRICT_REASON_NOT_CLASSIFIED_V0_22,True,True,False,False,False
WS:SRC:ZA_TOP40:1A460F7B08BC8A81,ZA_TOP40,Anglogold Ashanti,ANG.JO,South Africa,INCLUDED_RESEARCH_PARTIAL_VERIFIED_STRICT,True,True,True,False,True
WS:SRC:ZA_TOP40:1EFE66E75F1BEAE6,ZA_TOP40,NEPI Rockcastle,NRP.JO,South Africa,EXCLUDED_OTHER_NON_STRICT_REASON_NOT_CLASSIFIED_V0_22,True,True,False,False,False
WS:SRC:ZA_TOP40:226ACE3524DC99B3,ZA_TOP40,Investec Ltd,INL.JO,South Africa,EXCLUDED_OTHER_NON_STRICT_REASON_NOT_CLASSIFIED_V0_22,True,True,False,False,False
WS:SRC:ZA_TOP40:269DEF2006BCDC3A,ZA_TOP40,Implats,IMP.JO,South Africa,INCLUDED_RESEARCH_PARTIAL_VERIFIED_STRICT,True,True,True,False,True
WS:SRC:ZA_TOP40:2DF0FDC7A9EB6AF3,ZA_TOP40,AB InBev,ANH.JO,South Africa,EXCLUDED_OTHER_NON_STRICT_REASON_NOT_CLASSIFIED_V0_22,True,True,False,False,False
WS:SRC:ZA_TOP40:302AA746912AD383,ZA_TOP40,Prosus,PRX.JO,South Africa,INCLUDED_RESEARCH_PARTIAL_VERIFIED_STRICT,True,True,True,False,True
WS:SRC:ZA_TOP40:3372028E3DD353C9,ZA_TOP40,Absa Group,ABG.JO,South Africa,INCLUDED_RESEARCH_PARTIAL_VERIFIED_STRICT,True,True,True,False,True
WS:SRC:ZA_TOP40:3598A879F2EA6E99,ZA_TOP40,Sanlam,SLM.JO,South Africa,EXCLUDED_OTHER_NON_STRICT_REASON_NOT_CLASSIFIED_V0_22,True,True,False,False,False
WS:SRC:ZA_TOP40:3A0242B9DA294CBC,ZA_TOP40,Nedbank,NED.JO,South Africa,INCLUDED_RESEARCH_PARTIAL_VERIFIED_STRICT,True,True,True,False,True
WS:SRC:ZA_TOP40:3CA42D3A25639D8E,ZA_TOP40,Sasol,SOLBE1.JO,South Africa,INCLUDED_RESEARCH_PARTIAL_VERIFIED_STRICT,True,True,True,False,True
WS:SRC:ZA_TOP40:5F247CB49B9B155E,ZA_TOP40,Vodacom,VOD.JO,South Africa,EXCLUDED_OTHER_NON_STRICT_REASON_NOT_CLASSIFIED_V0_22,True,True,False,False,False
WS:SRC:ZA_TOP40:670585B513E60D68,ZA_TOP40,Woolworths Holdings,WHL.JO,South Africa,EXCLUDED_OTHER_NON_STRICT_REASON_NOT_CLASSIFIED_V0_22,True,True,False,False,False
WS:SRC:ZA_TOP40:72B40FB15EDACCA3,ZA_TOP40,Clicks,CLS.JO,South Africa,EXCLUDED_OTHER_NON_STRICT_REASON_NOT_CLASSIFIED_V0_22,True,True,False,False,False
WS:SRC:ZA_TOP40:826AEDDC44AC58D6,ZA_TOP40,RMH,RMH.JO,South Africa,EXCLUDED_OTHER_NON_STRICT_REASON_NOT_CLASSIFIED_V0_22,True,True,False,False,False
WS:SRC:ZA_TOP40:856ED7B9E6CBDE42,ZA_TOP40,Glencore,GLN.JO,South Africa,INCLUDED_RESEARCH_PARTIAL_VERIFIED_STRICT,True,True,True,False,True
WS:SRC:ZA_TOP40:8D915874D6D1F74D,ZA_TOP40,Growthpoint Properties,GRT.JO,South Africa,EXCLUDED_OTHER_NON_STRICT_REASON_NOT_CLASSIFIED_V0_22,True,True,False,False,False
WS:SRC:ZA_TOP40:92DB8C1EE0FA61A7,ZA_TOP40,Exxaro,EXX.JO,South Africa,EXCLUDED_OTHER_NON_STRICT_REASON_NOT_CLASSIFIED_V0_22,True,True,False,False,False
WS:SRC:ZA_TOP40:9CADEA732F4AE055,ZA_TOP40,Remgro,REM.JO,South Africa,EXCLUDED_OTHER_NON_STRICT_REASON_NOT_CLASSIFIED_V0_22,True,True,False,False,False
WS:SRC:ZA_TOP40:A5EBFF44983C436F,ZA_TOP40,Bidcorp,BID.JO,South Africa,EXCLUDED_OTHER_NON_STRICT_REASON_NOT_CLASSIFIED_V0_22,True,True,False,False,False
WS:SRC:ZA_TOP40:A707BAE04D25DE84,ZA_TOP40,Gold Fields,GFI.JO,South Africa,INCLUDED_RESEARCH_PARTIAL_VERIFIED_STRICT,True,True,True,False,True
WS:SRC:ZA_TOP40:B9672938BA6AA893,ZA_TOP40,FirstRand,FSR.JO,South Africa,INCLUDED_RESEARCH_PARTIAL_VERIFIED_STRICT,True,True,True,False,True
WS:SRC:ZA_TOP40:C3D446CB310D4D8C,ZA_TOP40,Capitec,CPI.JO,South Africa,INCLUDED_RESEARCH_PARTIAL_VERIFIED_STRICT,True,True,True,False,True
WS:SRC:ZA_TOP40:C46C9A1E2438665A,ZA_TOP40,Anglo American,AGL.JO,South Africa,INCLUDED_RESEARCH_PARTIAL_VERIFIED_STRICT,True,True,True,False,True
WS:SRC:ZA_TOP40:C4F89DB729DA585F,ZA_TOP40,BHP,BHG.JO,South Africa,INCLUDED_RESEARCH_PARTIAL_VERIFIED_STRICT,True,True,True,False,True
WS:SRC:ZA_TOP40:CA5BCEC12F716F44,ZA_TOP40,BAT,BTI.JO,South Africa,INCLUDED_RESEARCH_PARTIAL_VERIFIED_STRICT,True,True,True,False,True
WS:SRC:ZA_TOP40:CBBAA587AD49B821,ZA_TOP40,Shoprite,SHP.JO,South Africa,INCLUDED_RESEARCH_PARTIAL_VERIFIED_STRICT,True,True,True,False,True
WS:SRC:ZA_TOP40:CCFFACA1ACD941D3,ZA_TOP40,Standard Bank,SBK.JO,South Africa,EXCLUDED_OTHER_NON_STRICT_REASON_NOT_CLASSIFIED_V0_22,True,True,False,False,False
WS:SRC:ZA_TOP40:D7462C43096E07C0,ZA_TOP40,Reinet Investments,RNI.JO,South Africa,EXCLUDED_OTHER_NON_STRICT_REASON_NOT_CLASSIFIED_V0_22,True,True,False,False,False
WS:SRC:ZA_TOP40:DE0F69D92EFF3FE9,ZA_TOP40,Old Mutual,OMU.JO,South Africa,EXCLUDED_OTHER_NON_STRICT_REASON_NOT_CLASSIFIED_V0_22,True,True,False,False,False
WS:SRC:ZA_TOP40:DFFDE2958F9E4E6C,ZA_TOP40,Mondi,MNP.JO,South Africa,EXCLUDED_OTHER_NON_STRICT_REASON_NOT_CLASSIFIED_V0_22,True,True,False,False,False
WS:SRC:ZA_TOP40:E375AA9FC9B15D90,ZA_TOP40,Mr Price Group,MRP.JO,South Africa,EXCLUDED_OTHER_NON_STRICT_REASON_NOT_CLASSIFIED_V0_22,True,True,False,False,False
WS:SRC:ZA_TOP40:E73C0A06AFFB5795,ZA_TOP40,Northam Platinum,NPH.JO,South Africa,INCLUDED_RESEARCH_PARTIAL_VERIFIED_STRICT,True,True,True,False,True
WS:SRC:ZA_TOP40:EAB90E933A288100,ZA_TOP40,Naspers,NPN.JO,South Africa,INCLUDED_RESEARCH_PARTIAL_VERIFIED_STRICT,True,True,True,False,True
WS:SRC:ZA_TOP40:EEEF37437472AD5D,ZA_TOP40,Aspen Pharmacare,APN.JO,South Africa,EXCLUDED_OTHER_NON_STRICT_REASON_NOT_CLASSIFIED_V0_22,True,True,False,False,False
WS:SRC:ZA_TOP40:FA44132B238E6795,ZA_TOP40,Discovery,DSY.JO,South Africa,EXCLUDED_OTHER_NON_STRICT_REASON_NOT_CLASSIFIED_V0_22,True,True,False,False,False
WS:SRC:ZA_TOP40:FBAF8D9D0C6FF09E,ZA_TOP40,MTN Group,MTN.JO,South Africa,EXCLUDED_OTHER_NON_STRICT_REASON_NOT_CLASSIFIED_V0_22,True,True,False,False,False
