Projection_Order,Security_Key,Source_WS_ID,Primary_MIC,Primary_Ticker,Primary_Universe_Index,feature_as_of_date,sync_cohort_size,peer_count,R20_num,R60_num,HomeMarket_PeerMedian_R20_v0_58,HomeMarket_PeerMedian_R60_v0_58,HomeMarket_RS20_Excess_v0_58,HomeMarket_RS60_Excess_v0_58,HomeMarket_RS_Reference_Type_v0_58
1,WSSEC:WS:BVMF:ABEV3,WS:BVMF:ABEV3,BVMF,ABEV3,BR_IBRX100,2026-09-24,37,36,0.0065617049193950998,-0.053086454929000701,0.051027940028708946,0.041666668937319698,-0.044466235109313842,-0.094753123866320399,LEAVE_ONE_OUT_PRIMARY_UNIVERSE_COHORT_MEDIAN_SAME_ASOF
2,WSSEC:WS:BVMF:ALOS3,WS:BVMF:ALOS3,BVMF,ALOS3,BR_IBRX100,2026-09-24,37,36,0.1017783012863164,0.040000029972621302,0.035596581517548354,0.039761906578427202,0.066181719768768049,0.00023812339419410078,LEAVE_ONE_OUT_PRIMARY_UNIVERSE_COHORT_MEDIAN_SAME_ASOF
3,WSSEC:WS:BVMF:AXIA3,WS:BVMF:AXIA3,BVMF,AXIA3,BR_IBRX100,2026-09-24,37,36,0.019846496467315899,0.0092644059420217001,0.051027940028708946,0.041666668937319698,-0.031181443561393046,-0.032402262995297998,LEAVE_ONE_OUT_PRIMARY_UNIVERSE_COHORT_MEDIAN_SAME_ASOF
4,WSSEC:WS:BVMF:B3SA3,WS:BVMF:B3SA3,BVMF,B3SA3,BR_IBRX100,2026-09-24,37,36,0.1314285520523312,0.2375000115897922,0.035596581517548354,0.038095267613728806,0.095831970534782845,0.19940474397606339,LEAVE_ONE_OUT_PRIMARY_UNIVERSE_COHORT_MEDIAN_SAME_ASOF
5,WSSEC:WS:BVMF:BBAS3,WS:BVMF:BBAS3,BVMF,BBAS3,BR_IBRX100,2026-09-24,37,36,0.10348362758158949,0.091738541068706797,0.035596581517548354,0.038095267613728806,0.06788704606404114,0.053643273454977991,LEAVE_ONE_OUT_PRIMARY_UNIVERSE_COHORT_MEDIAN_SAME_ASOF
6,WSSEC:WS:BVMF:BBSE3,WS:BVMF:BBSE3,BVMF,BBSE3,BR_IBRX100,2026-09-24,37,36,-0.016239517689073599,0.016784667498570102,0.051027940028708946,0.041666668937319698,-0.067267457717782544,-0.024882001438749596,LEAVE_ONE_OUT_PRIMARY_UNIVERSE_COHORT_MEDIAN_SAME_ASOF
7,WSSEC:WS:BVMF:CPLE3,WS:BVMF:CPLE3,BVMF,CPLE3,BR_IBRX100,2026-09-24,37,36,0.068259387442927505,0.043333307902018101,0.035596581517548354,0.038095267613728806,0.032662805925379151,0.0052380402882892946,LEAVE_ONE_OUT_PRIMARY_UNIVERSE_COHORT_MEDIAN_SAME_ASOF
8,WSSEC:WS:BVMF:CSAN3,WS:BVMF:CSAN3,BVMF,CSAN3,BR_IBRX100,2026-09-24,37,36,0.026954151914918699,0.0297297009941088,0.051027940028708946,0.041666668937319698,-0.024073788113790247,-0.011936967943210898,LEAVE_ONE_OUT_PRIMARY_UNIVERSE_COHORT_MEDIAN_SAME_ASOF
9,WSSEC:WS:BVMF:CSMG3,WS:BVMF:CSMG3,BVMF,CSMG3,BR_IBRX100,2026-09-24,37,36,0.040108946649207201,-0.062643082345301304,0.046515574897050098,0.041666668937319698,-0.0064066282478428965,-0.104309751282621,LEAVE_ONE_OUT_PRIMARY_UNIVERSE_COHORT_MEDIAN_SAME_ASOF
10,WSSEC:WS:BVMF:CURY3,WS:BVMF:CURY3,BVMF,CURY3,BR_IBRX100,2026-09-24,37,36,-0.14223192465191781,-0.2112676110390472,0.051027940028708946,0.041666668937319698,-0.19325986468062675,-0.25293427997636692,LEAVE_ONE_OUT_PRIMARY_UNIVERSE_COHORT_MEDIAN_SAME_ASOF
11,WSSEC:WS:BVMF:CXSE3,WS:BVMF:CXSE3,BVMF,CXSE3,BR_IBRX100,2026-09-24,37,36,0.061946933408210697,0.027190281550004001,0.035596581517548354,0.041666668937319698,0.026350351890662344,-0.014476387387315697,LEAVE_ONE_OUT_PRIMARY_UNIVERSE_COHORT_MEDIAN_SAME_ASOF
12,WSSEC:WS:BVMF:CYRE3,WS:BVMF:CYRE3,BVMF,CYRE3,BR_IBRX100,2026-09-24,37,36,0.1004566235353043,0.1606830145260798,0.035596581517548354,0.038095267613728806,0.064860042017755942,0.122587746912351,LEAVE_ONE_OUT_PRIMARY_UNIVERSE_COHORT_MEDIAN_SAME_ASOF
13,WSSEC:WS:BVMF:EGIE3,WS:BVMF:EGIE3,BVMF,EGIE3,BR_IBRX100,2026-09-24,37,36,0.0055478448878493996,-0.1128785188658317,0.051027940028708946,0.041666668937319698,-0.045480095140859544,-0.15454518780315141,LEAVE_ONE_OUT_PRIMARY_UNIVERSE_COHORT_MEDIAN_SAME_ASOF
14,WSSEC:WS:BVMF:EMBJ3,WS:BVMF:EMBJ3,BVMF,EMBJ3,BR_IBRX100,2026-09-24,37,36,0.0192326962112991,0.21045554109570849,0.051027940028708946,0.038095267613728806,-0.031795243817409849,0.17236027348197969,LEAVE_ONE_OUT_PRIMARY_UNIVERSE_COHORT_MEDIAN_SAME_ASOF
15,WSSEC:WS:BVMF:ENEV3,WS:BVMF:ENEV3,BVMF,ENEV3,BR_IBRX100,2026-09-24,37,36,0.031084216385889499,0.036190505254836303,0.051027940028708946,0.041666668937319698,-0.019943723642819447,-0.0054761636824833954,LEAVE_ONE_OUT_PRIMARY_UNIVERSE_COHORT_MEDIAN_SAME_ASOF
16,WSSEC:WS:BVMF:EQTL3,WS:BVMF:EQTL3,BVMF,EQTL3,BR_IBRX100,2026-09-24,37,36,0.0760249551413167,0.022973653874236399,0.035596581517548354,0.041666668937319698,0.040428373623768346,-0.018693015063083299,LEAVE_ONE_OUT_PRIMARY_UNIVERSE_COHORT_MEDIAN_SAME_ASOF
17,WSSEC:WS:BVMF:LREN3,WS:BVMF:LREN3,BVMF,LREN3,BR_IBRX100,2026-09-24,37,36,0.015740747527003201,-0.26177654640123021,0.051027940028708946,0.041666668937319698,-0.035287192501705741,-0.3034432153385499,LEAVE_ONE_OUT_PRIMARY_UNIVERSE_COHORT_MEDIAN_SAME_ASOF
18,WSSEC:WS:BVMF:MBRF3,WS:BVMF:MBRF3,BVMF,MBRF3,BR_IBRX100,2026-09-24,37,36,-0.094288795816575802,-0.0661111407809786,0.051027940028708946,0.041666668937319698,-0.14531673584528476,-0.1077778097182983,LEAVE_ONE_OUT_PRIMARY_UNIVERSE_COHORT_MEDIAN_SAME_ASOF
19,WSSEC:WS:BVMF:MGLU3,WS:BVMF:MGLU3,BVMF,MGLU3,BR_IBRX100,2026-09-24,37,36,0.3375796474968682,0.42212199432466868,0.035596581517548354,0.038095267613728806,0.30198306597931984,0.38402672671093985,LEAVE_ONE_OUT_PRIMARY_UNIVERSE_COHORT_MEDIAN_SAME_ASOF
20,WSSEC:WS:BVMF:MOTV3,WS:BVMF:MOTV3,BVMF,MOTV3,BR_IBRX100,2026-09-24,37,36,0.089403996514225703,0.14077674590187891,0.035596581517548354,0.038095267613728806,0.05380741499667735,0.10268147828815011,LEAVE_ONE_OUT_PRIMARY_UNIVERSE_COHORT_MEDIAN_SAME_ASOF
21,WSSEC:WS:BVMF:MULT3,WS:BVMF:MULT3,BVMF,MULT3,BR_IBRX100,2026-09-24,37,36,0.1363967819369771,0.078947394491024794,0.035596581517548354,0.038095267613728806,0.10080020041942875,0.040852126877295988,LEAVE_ONE_OUT_PRIMARY_UNIVERSE_COHORT_MEDIAN_SAME_ASOF
22,WSSEC:WS:BVMF:PETR3,WS:BVMF:PETR3,BVMF,PETR3,BR_IBRX100,2026-09-24,37,36,0.1783147958260751,0.3019003928119614,0.035596581517548354,0.038095267613728806,0.14271821430852674,0.26380512519823263,LEAVE_ONE_OUT_PRIMARY_UNIVERSE_COHORT_MEDIAN_SAME_ASOF
23,WSSEC:WS:BVMF:PRIO3,WS:BVMF:PRIO3,BVMF,PRIO3,BR_IBRX100,2026-09-24,37,36,-0.0008228972752098,0.15858773504977239,0.051027940028708946,0.038095267613728806,-0.051850837303918748,0.12049246743604358,LEAVE_ONE_OUT_PRIMARY_UNIVERSE_COHORT_MEDIAN_SAME_ASOF
24,WSSEC:WS:BVMF:RADL3,WS:BVMF:RADL3,BVMF,RADL3,BR_IBRX100,2026-09-24,37,36,-0.044536443645155702,0.10479041437432671,0.051027940028708946,0.038095267613728806,-0.095564383673864647,0.066695146760597901,LEAVE_ONE_OUT_PRIMARY_UNIVERSE_COHORT_MEDIAN_SAME_ASOF
25,WSSEC:WS:BVMF:RAIL3,WS:BVMF:RAIL3,BVMF,RAIL3,BR_IBRX100,2026-09-24,37,36,0.087731303604143801,0.2050113738514813,0.035596581517548354,0.038095267613728806,0.052134722086595447,0.16691610623775249,LEAVE_ONE_OUT_PRIMARY_UNIVERSE_COHORT_MEDIAN_SAME_ASOF
26,WSSEC:WS:BVMF:RDOR3,WS:BVMF:RDOR3,BVMF,RDOR3,BR_IBRX100,2026-09-24,37,36,0.066572304238215099,0.075099972408257901,0.035596581517548354,0.038095267613728806,0.030975722720666746,0.037004704794529095,LEAVE_ONE_OUT_PRIMARY_UNIVERSE_COHORT_MEDIAN_SAME_ASOF
27,WSSEC:WS:BVMF:RENT3,WS:BVMF:RENT3,BVMF,RENT3,BR_IBRX100,2026-09-24,37,36,0.093502751862143393,-0.057692371980139698,0.035596581517548354,0.041666668937319698,0.05790617034459504,-0.099359040917459396,LEAVE_ONE_OUT_PRIMARY_UNIVERSE_COHORT_MEDIAN_SAME_ASOF
28,WSSEC:WS:BVMF:SBSP3,WS:BVMF:SBSP3,BVMF,SBSP3,BR_IBRX100,2026-09-24,37,36,0.073423790574637701,-0.098827494982906397,0.035596581517548354,0.041666668937319698,0.037827209057089348,-0.1404941639202261,LEAVE_ONE_OUT_PRIMARY_UNIVERSE_COHORT_MEDIAN_SAME_ASOF
29,WSSEC:WS:BVMF:SMFT3,WS:BVMF:SMFT3,BVMF,SMFT3,BR_IBRX100,2026-09-24,37,36,0.0011560958754740999,-0.12789530903656801,0.051027940028708946,0.041666668937319698,-0.049871844153234847,-0.16956197797388772,LEAVE_ONE_OUT_PRIMARY_UNIVERSE_COHORT_MEDIAN_SAME_ASOF
30,WSSEC:WS:BVMF:SUZB3,WS:BVMF:SUZB3,BVMF,SUZB3,BR_IBRX100,2026-09-24,37,36,-0.012351022231377001,0.1229367248018757,0.051027940028708946,0.038095267613728806,-0.06337896226008595,0.084841457188146896,LEAVE_ONE_OUT_PRIMARY_UNIVERSE_COHORT_MEDIAN_SAME_ASOF
31,WSSEC:WS:BVMF:TIMS3,WS:BVMF:TIMS3,BVMF,TIMS3,BR_IBRX100,2026-09-24,37,36,0.0016008904488753,-0.15183004204355041,0.051027940028708946,0.041666668937319698,-0.049427049579833647,-0.19349671098087012,LEAVE_ONE_OUT_PRIMARY_UNIVERSE_COHORT_MEDIAN_SAME_ASOF
32,WSSEC:WS:BVMF:TOTS3,WS:BVMF:TOTS3,BVMF,TOTS3,BR_IBRX100,2026-09-24,37,36,0.077607445166064395,0.2122153769159211,0.035596581517548354,0.038095267613728806,0.042010863648516042,0.17412010930219229,LEAVE_ONE_OUT_PRIMARY_UNIVERSE_COHORT_MEDIAN_SAME_ASOF
33,WSSEC:WS:BVMF:UGPA3,WS:BVMF:UGPA3,BVMF,UGPA3,BR_IBRX100,2026-09-24,37,36,0.15959355345786469,0.49001527929765037,0.035596581517548354,0.038095267613728806,0.12399697194031634,0.4519200116839216,LEAVE_ONE_OUT_PRIMARY_UNIVERSE_COHORT_MEDIAN_SAME_ASOF
34,WSSEC:WS:BVMF:VALE3,WS:BVMF:VALE3,BVMF,VALE3,BR_IBRX100,2026-09-24,37,36,-0.099298834788639906,-0.093753975171834994,0.051027940028708946,0.041666668937319698,-0.15032677481734885,-0.13542064410915469,LEAVE_ONE_OUT_PRIMARY_UNIVERSE_COHORT_MEDIAN_SAME_ASOF
35,WSSEC:WS:BVMF:VBBR3,WS:BVMF:VBBR3,BVMF,VBBR3,BR_IBRX100,2026-09-24,37,36,0.16483191951567749,0.32801906831064431,0.035596581517548354,0.038095267613728806,0.12923533799812914,0.28992380069691548,LEAVE_ONE_OUT_PRIMARY_UNIVERSE_COHORT_MEDIAN_SAME_ASOF
36,WSSEC:WS:BVMF:VIVT3,WS:BVMF:VIVT3,BVMF,VIVT3,BR_IBRX100,2026-09-24,37,36,0.011643392803990901,-0.099763145460803601,0.051027940028708946,0.041666668937319698,-0.039384547224718042,-0.1414298143981233,LEAVE_ONE_OUT_PRIMARY_UNIVERSE_COHORT_MEDIAN_SAME_ASOF
37,WSSEC:WS:BVMF:WEGE3,WS:BVMF:WEGE3,BVMF,WEGE3,BR_IBRX100,2026-09-24,37,36,0.0063467576585232001,0.096844001718180597,0.051027940028708946,0.038095267613728806,-0.044681182370185743,0.058748734104451791,LEAVE_ONE_OUT_PRIMARY_UNIVERSE_COHORT_MEDIAN_SAME_ASOF
38,WSSEC:WS:ISIN:INE002A01018,WS:ISIN:INE002A01018,XNSE,RELIANCE,IN_NIFTY50,2026-09-24,45,44,-0.049134302292259999,-0.064672074283179795,-0.045520409097169645,-0.0499230339123201,-0.0036138931950903536,-0.014749040370859695,LEAVE_ONE_OUT_PRIMARY_UNIVERSE_COHORT_MEDIAN_SAME_ASOF
39,WSSEC:WS:ISIN:INE009A01021,WS:ISIN:INE009A01021,XNSE,INFY,IN_NIFTY50,2026-09-24,45,44,-0.086694314543575998,-0.025362689782742,-0.045520409097169645,-0.051158645413177703,-0.041173905446406353,0.025795955630435703,LEAVE_ONE_OUT_PRIMARY_UNIVERSE_COHORT_MEDIAN_SAME_ASOF
40,WSSEC:WS:ISIN:INE018A01030,WS:ISIN:INE018A01030,XNSE,LT,IN_NIFTY50,2026-09-24,45,44,-0.041867419333560897,-0.0495147077980541,-0.046003916079232252,-0.051158645413177703,0.0041364967456713544,0.0016439376151236029,LEAVE_ONE_OUT_PRIMARY_UNIVERSE_COHORT_MEDIAN_SAME_ASOF
41,WSSEC:WS:ISIN:INE019A01038,WS:ISIN:INE019A01038,XNSE,JSWSTEEL,IN_NIFTY50,2026-09-24,45,44,-0.0480748028621494,0.040365991479616101,-0.045520409097169645,-0.051158645413177703,-0.0025543937649797552,0.091524636892793804,LEAVE_ONE_OUT_PRIMARY_UNIVERSE_COHORT_MEDIAN_SAME_ASOF
42,WSSEC:WS:ISIN:INE021A01026,WS:ISIN:INE021A01026,XNSE,ASIANPAINT,IN_NIFTY50,2026-09-24,45,44,-0.090573944822548394,-0.12818365779855159,-0.045520409097169645,-0.0499230339123201,-0.045053535725378749,-0.078260623886231492,LEAVE_ONE_OUT_PRIMARY_UNIVERSE_COHORT_MEDIAN_SAME_ASOF
43,WSSEC:WS:ISIN:INE027H01010,WS:ISIN:INE027H01010,XNSE,MAXHEALTH,IN_NIFTY50,2026-09-24,45,44,0.036669970267591598,-0.072201545725855396,-0.046003916079232252,-0.0499230339123201,0.082673886346823849,-0.022278511813535296,LEAVE_ONE_OUT_PRIMARY_UNIVERSE_COHORT_MEDIAN_SAME_ASOF
44,WSSEC:WS:ISIN:INE030A01027,WS:ISIN:INE030A01027,XNSE,HINDUNILVR,IN_NIFTY50,2026-09-24,45,44,-0.037580886012941697,-0.12535062219079801,-0.046003916079232252,-0.0499230339123201,0.0084230300662905544,-0.075427588278477911,LEAVE_ONE_OUT_PRIMARY_UNIVERSE_COHORT_MEDIAN_SAME_ASOF
45,WSSEC:WS:ISIN:INE038A01020,WS:ISIN:INE038A01020,XNSE,HINDALCO,IN_NIFTY50,2026-09-24,45,44,-0.041015625,0.034555401781658002,-0.046003916079232252,-0.051158645413177703,0.0049882910792322516,0.085714047194835705,LEAVE_ONE_OUT_PRIMARY_UNIVERSE_COHORT_MEDIAN_SAME_ASOF
46,WSSEC:WS:ISIN:INE040A01034,WS:ISIN:INE040A01034,XNSE,HDFCBANK,IN_NIFTY50,2026-09-24,45,44,0.025175843057753101,-0.084181427245620402,-0.046003916079232252,-0.0499230339123201,0.071179759136985349,-0.034258393333300302,LEAVE_ONE_OUT_PRIMARY_UNIVERSE_COHORT_MEDIAN_SAME_ASOF
47,WSSEC:WS:ISIN:INE044A01036,WS:ISIN:INE044A01036,XNSE,SUNPHARMA,IN_NIFTY50,2026-09-24,45,44,-0.033136477706616999,-0.0112773787204368,-0.046003916079232252,-0.051158645413177703,0.012867438372615253,0.039881266692740905,LEAVE_ONE_OUT_PRIMARY_UNIVERSE_COHORT_MEDIAN_SAME_ASOF
48,WSSEC:WS:ISIN:INE047A01021,WS:ISIN:INE047A01021,XNSE,GRASIM,IN_NIFTY50,2026-09-24,45,44,-0.028084714548802899,-0.00085193462497570004,-0.046003916079232252,-0.051158645413177703,0.017919201530429352,0.050306710788202001,LEAVE_ONE_OUT_PRIMARY_UNIVERSE_COHORT_MEDIAN_SAME_ASOF
49,WSSEC:WS:ISIN:INE062A01020,WS:ISIN:INE062A01020,XNSE,SBIN,IN_NIFTY50,2026-09-24,45,44,-0.061750908914058801,-0.069513101258115897,-0.045520409097169645,-0.0499230339123201,-0.016230499816889156,-0.019590067345795797,LEAVE_ONE_OUT_PRIMARY_UNIVERSE_COHORT_MEDIAN_SAME_ASOF
50,WSSEC:WS:ISIN:INE066A01021,WS:ISIN:INE066A01021,XNSE,EICHERMOT,IN_NIFTY50,2026-09-24,45,44,-0.094012345679012302,0.0122068965517241,-0.045520409097169645,-0.051158645413177703,-0.048491936581842657,0.063365541964901809,LEAVE_ONE_OUT_PRIMARY_UNIVERSE_COHORT_MEDIAN_SAME_ASOF
51,WSSEC:WS:ISIN:INE081A01020,WS:ISIN:INE081A01020,XNSE,TATASTEEL,IN_NIFTY50,2026-09-24,45,44,0.0065310556786506001,0.0018650082961078,-0.046003916079232252,-0.051158645413177703,0.052534971757882853,0.053023653709285502,LEAVE_ONE_OUT_PRIMARY_UNIVERSE_COHORT_MEDIAN_SAME_ASOF
52,WSSEC:WS:ISIN:INE089A01031,WS:ISIN:INE089A01031,XNSE,DRREDDY,IN_NIFTY50,2026-09-24,45,44,0.019881074268532199,-0.107973494857662,-0.046003916079232252,-0.0499230339123201,0.065884990347764447,-0.0580504609453419,LEAVE_ONE_OUT_PRIMARY_UNIVERSE_COHORT_MEDIAN_SAME_ASOF
53,WSSEC:WS:ISIN:INE090A01021,WS:ISIN:INE090A01021,XNSE,ICICIBANK,IN_NIFTY50,2026-09-24,45,44,-0.075190575190575107,-0.046785714285714299,-0.045520409097169645,-0.051158645413177703,-0.029670166093405462,0.0043729311274634045,LEAVE_ONE_OUT_PRIMARY_UNIVERSE_COHORT_MEDIAN_SAME_ASOF
54,WSSEC:WS:ISIN:INE101A01026,WS:ISIN:INE101A01026,XNSE,M&M,IN_NIFTY50,2026-09-24,45,44,-0.1042943089573948,-0.060685254487047001,-0.045520409097169645,-0.0499230339123201,-0.058773899860225159,-0.010762220574726901,LEAVE_ONE_OUT_PRIMARY_UNIVERSE_COHORT_MEDIAN_SAME_ASOF
55,WSSEC:WS:ISIN:INE154A01025,WS:ISIN:INE154A01025,XNSE,ITC,IN_NIFTY50,2026-09-24,45,44,-0.0037174721189590998,-0.075543271326539901,-0.046003916079232252,-0.0499230339123201,0.042286443960273153,-0.025620237414219801,LEAVE_ONE_OUT_PRIMARY_UNIVERSE_COHORT_MEDIAN_SAME_ASOF
56,WSSEC:WS:ISIN:INE155A01022,WS:ISIN:INE155A01022,XNSE,TMPV,IN_NIFTY50,2026-09-24,45,44,-0.066455696202531597,-0.1472756479526891,-0.045520409097169645,-0.0499230339123201,-0.020935287105361952,-0.097352614040369004,LEAVE_ONE_OUT_PRIMARY_UNIVERSE_COHORT_MEDIAN_SAME_ASOF
57,WSSEC:WS:ISIN:INE213A01029,WS:ISIN:INE213A01029,XNSE,ONGC,IN_NIFTY50,2026-09-24,45,44,0.030172413793103401,0.0128835107629878,-0.046003916079232252,-0.051158645413177703,0.076176329872335649,0.064042156176165502,LEAVE_ONE_OUT_PRIMARY_UNIVERSE_COHORT_MEDIAN_SAME_ASOF
58,WSSEC:WS:ISIN:INE237A01036,WS:ISIN:INE237A01036,XNSE,KOTAKBANK,IN_NIFTY50,2026-09-24,45,44,-0.045261696498161898,0.014275012224610001,-0.046003916079232252,-0.051158645413177703,0.00074221958107035385,0.065433657637787704,LEAVE_ONE_OUT_PRIMARY_UNIVERSE_COHORT_MEDIAN_SAME_ASOF
59,WSSEC:WS:ISIN:INE238A01034,WS:ISIN:INE238A01034,XNSE,AXISBANK,IN_NIFTY50,2026-09-24,45,44,-0.055334394904458503,-0.12923820544632841,-0.045520409097169645,-0.0499230339123201,-0.0098139858072888581,-0.079315171534008314,LEAVE_ONE_OUT_PRIMARY_UNIVERSE_COHORT_MEDIAN_SAME_ASOF
60,WSSEC:WS:ISIN:INE239A01024,WS:ISIN:INE239A01024,XNSE,NESTLEIND,IN_NIFTY50,2026-09-24,45,44,-0.068275862068965507,-0.065827654809926597,-0.045520409097169645,-0.0499230339123201,-0.022755452971795861,-0.015904620897606497,LEAVE_ONE_OUT_PRIMARY_UNIVERSE_COHORT_MEDIAN_SAME_ASOF
61,WSSEC:WS:ISIN:INE263A01024,WS:ISIN:INE263A01024,XNSE,BEL,IN_NIFTY50,2026-09-24,45,44,-0.046228710462287097,-0.0555354498756577,-0.045520409097169645,-0.0499230339123201,-0.00070830136511745162,-0.0056124159633375997,LEAVE_ONE_OUT_PRIMARY_UNIVERSE_COHORT_MEDIAN_SAME_ASOF
62,WSSEC:WS:ISIN:INE280A01028,WS:ISIN:INE280A01028,XNSE,TITAN,IN_NIFTY50,2026-09-24,45,44,-0.0596968101389359,0.078418222018192096,-0.045520409097169645,-0.051158645413177703,-0.014176401041766255,0.12957686743136981,LEAVE_ONE_OUT_PRIMARY_UNIVERSE_COHORT_MEDIAN_SAME_ASOF
63,WSSEC:WS:ISIN:INE296A01032,WS:ISIN:INE296A01032,XNSE,BAJFINANCE,IN_NIFTY50,2026-09-24,45,44,-0.093259464450600099,-0.035742364043053899,-0.045520409097169645,-0.051158645413177703,-0.047739055353430454,0.015416281370123804,LEAVE_ONE_OUT_PRIMARY_UNIVERSE_COHORT_MEDIAN_SAME_ASOF
64,WSSEC:WS:ISIN:INE397D01024,WS:ISIN:INE397D01024,XNSE,BHARTIARTL,IN_NIFTY50,2026-09-24,45,44,-0.0439226949131327,-0.042239973958333302,-0.046003916079232252,-0.051158645413177703,0.0020812211660995519,0.0089186714548444013,LEAVE_ONE_OUT_PRIMARY_UNIVERSE_COHORT_MEDIAN_SAME_ASOF
65,WSSEC:WS:ISIN:INE423A01024,WS:ISIN:INE423A01024,XNSE,ADANIENT,IN_NIFTY50,2026-09-24,45,44,-0.084884821710318706,-0.087332808811958998,-0.045520409097169645,-0.0499230339123201,-0.039364412613149061,-0.037409774899638898,LEAVE_ONE_OUT_PRIMARY_UNIVERSE_COHORT_MEDIAN_SAME_ASOF
66,WSSEC:WS:ISIN:INE437A01024,WS:ISIN:INE437A01024,XNSE,APOLLOHOSP,IN_NIFTY50,2026-09-24,45,44,0.010056818181818101,0.022136614535418399,-0.046003916079232252,-0.051158645413177703,0.056060734261050349,0.073295259948596106,LEAVE_ONE_OUT_PRIMARY_UNIVERSE_COHORT_MEDIAN_SAME_ASOF
67,WSSEC:WS:ISIN:INE467B01029,WS:ISIN:INE467B01029,XNSE,TCS,IN_NIFTY50,2026-09-24,45,44,-0.0717843396877509,0.0091387754225091006,-0.045520409097169645,-0.051158645413177703,-0.026263930590581255,0.060297420835686802,LEAVE_ONE_OUT_PRIMARY_UNIVERSE_COHORT_MEDIAN_SAME_ASOF
68,WSSEC:WS:ISIN:INE481G01011,WS:ISIN:INE481G01011,XNSE,ULTRACEMCO,IN_NIFTY50,2026-09-24,45,44,-0.056413757787829602,-0.041608876560332797,-0.045520409097169645,-0.051158645413177703,-0.010893348690659957,0.009549768852844906,LEAVE_ONE_OUT_PRIMARY_UNIVERSE_COHORT_MEDIAN_SAME_ASOF
69,WSSEC:WS:ISIN:INE522F01014,WS:ISIN:INE522F01014,XNSE,COALINDIA,IN_NIFTY50,2026-09-24,45,44,0.054999999999999903,-0.038505340923905999,-0.046003916079232252,-0.051158645413177703,0.10100391607923215,0.012653304489271704,LEAVE_ONE_OUT_PRIMARY_UNIVERSE_COHORT_MEDIAN_SAME_ASOF
70,WSSEC:WS:ISIN:INE585B01010,WS:ISIN:INE585B01010,XNSE,MARUTI,IN_NIFTY50,2026-09-24,45,44,-0.1078869047619047,-0.16434346250348481,-0.045520409097169645,-0.0499230339123201,-0.062366495664735053,-0.11442042859116471,LEAVE_ONE_OUT_PRIMARY_UNIVERSE_COHORT_MEDIAN_SAME_ASOF
71,WSSEC:WS:ISIN:INE646L01027,WS:ISIN:INE646L01027,XNSE,INDIGO,IN_NIFTY50,2026-09-24,45,44,-0.057621892464829398,-0.1017634092578986,-0.045520409097169645,-0.0499230339123201,-0.012101483367659753,-0.051840375345578504,LEAVE_ONE_OUT_PRIMARY_UNIVERSE_COHORT_MEDIAN_SAME_ASOF
72,WSSEC:WS:ISIN:INE669C01036,WS:ISIN:INE669C01036,XNSE,TECHM,IN_NIFTY50,2026-09-24,45,44,-0.026498422712933699,0.085625798206520706,-0.046003916079232252,-0.051158645413177703,0.019505493366298553,0.13678444361969841,LEAVE_ONE_OUT_PRIMARY_UNIVERSE_COHORT_MEDIAN_SAME_ASOF
73,WSSEC:WS:ISIN:INE721A01047,WS:ISIN:INE721A01047,XNSE,SHRIRAMFIN,IN_NIFTY50,2026-09-24,45,44,-0.1008174386920981,-0.071903960516368798,-0.045520409097169645,-0.0499230339123201,-0.055297029594928451,-0.021980926604048698,LEAVE_ONE_OUT_PRIMARY_UNIVERSE_COHORT_MEDIAN_SAME_ASOF
74,WSSEC:WS:ISIN:INE733E01010,WS:ISIN:INE733E01010,XNSE,NTPC,IN_NIFTY50,2026-09-24,45,44,-0.0129948258455209,-0.088346109969251505,-0.046003916079232252,-0.0499230339123201,0.033009090233711354,-0.038423076056931404,LEAVE_ONE_OUT_PRIMARY_UNIVERSE_COHORT_MEDIAN_SAME_ASOF
75,WSSEC:WS:ISIN:INE742F01042,WS:ISIN:INE742F01042,XNSE,ADANIPORTS,IN_NIFTY50,2026-09-24,45,44,0.041598628254448697,-0.051985930799769299,-0.046003916079232252,-0.0499230339123201,0.087602544333680948,-0.002062896887449199,LEAVE_ONE_OUT_PRIMARY_UNIVERSE_COHORT_MEDIAN_SAME_ASOF
76,WSSEC:WS:ISIN:INE752E01010,WS:ISIN:INE752E01010,XNSE,POWERGRID,IN_NIFTY50,2026-09-24,45,44,0.0056625142867543004,-0.075641975666838696,-0.046003916079232252,-0.0499230339123201,0.051666430365986553,-0.025718941754518596,LEAVE_ONE_OUT_PRIMARY_UNIVERSE_COHORT_MEDIAN_SAME_ASOF
77,WSSEC:WS:ISIN:INE758E01017,WS:ISIN:INE758E01017,XNSE,JIOFIN,IN_NIFTY50,2026-09-24,45,44,-0.045779121696177399,-0.052267129698436297,-0.045745203480224497,-0.0499230339123201,-3.3918215952902231e-05,-0.0023440957861161973,LEAVE_ONE_OUT_PRIMARY_UNIVERSE_COHORT_MEDIAN_SAME_ASOF
78,WSSEC:WS:ISIN:INE758T01015,WS:ISIN:INE758T01015,XNSE,ETERNAL,IN_NIFTY50,2026-09-24,45,44,0.021308980213089902,0.1994994113610053,-0.046003916079232252,-0.051158645413177703,0.06731289629232215,0.25065805677418301,LEAVE_ONE_OUT_PRIMARY_UNIVERSE_COHORT_MEDIAN_SAME_ASOF
79,WSSEC:WS:ISIN:INE849A01020,WS:ISIN:INE849A01020,XNSE,TRENT,IN_NIFTY50,2026-09-24,45,44,-0.062011464304325102,-0.1862077399891344,-0.045520409097169645,-0.0499230339123201,-0.016491055207155457,-0.13628470607681431,LEAVE_ONE_OUT_PRIMARY_UNIVERSE_COHORT_MEDIAN_SAME_ASOF
80,WSSEC:WS:ISIN:INE860A01027,WS:ISIN:INE860A01027,XNSE,HCLTECH,IN_NIFTY50,2026-09-24,45,44,-0.0299532171716556,0.15351080952399829,-0.046003916079232252,-0.051158645413177703,0.016050698907576651,0.20466945493717598,LEAVE_ONE_OUT_PRIMARY_UNIVERSE_COHORT_MEDIAN_SAME_ASOF
81,WSSEC:WS:ISIN:INE917I01010,WS:ISIN:INE917I01010,XNSE,BAJAJ-AUTO,IN_NIFTY50,2026-09-24,45,44,-0.043686006825938498,0.13705995739068669,-0.046003916079232252,-0.051158645413177703,0.002317909253293754,0.18821860280386438,LEAVE_ONE_OUT_PRIMARY_UNIVERSE_COHORT_MEDIAN_SAME_ASOF
82,WSSEC:WS:ISIN:INE918I01026,WS:ISIN:INE918I01026,XNSE,BAJAJFINSV,IN_NIFTY50,2026-09-24,45,44,-0.1236697917314146,-0.0503313600265861,-0.045520409097169645,-0.050750319298911703,-0.078149382634244952,0.00041895927232560304,LEAVE_ONE_OUT_PRIMARY_UNIVERSE_COHORT_MEDIAN_SAME_ASOF
83,WSSEC:WS:ISIN:KYG022421088,WS:ISIN:KYG022421088,XTAI,3661,TW_TW50,2026-09-24,49,48,-0.0258397932816537,-0.229826353421859,0.0670004435573298,0.15554833920950079,-0.0928402368389835,-0.38537469263135982,LEAVE_ONE_OUT_PRIMARY_UNIVERSE_COHORT_MEDIAN_SAME_ASOF
84,WSSEC:WS:ISIN:KYG114741062,WS:ISIN:KYG114741062,XTAI,3665,TW_TW50,2026-09-24,49,48,0.1386861313868612,0.1470588235294116,0.062488659045545202,0.1507629832245839,0.076197472341315992,-0.0037041596951722933,LEAVE_ONE_OUT_PRIMARY_UNIVERSE_COHORT_MEDIAN_SAME_ASOF
85,WSSEC:WS:ISIN:KYG989221000,WS:ISIN:KYG989221000,XTAI,4958,TW_TW50,2026-09-24,49,48,-0.0031446540880502999,-0.2048494983277592,0.0670004435573298,0.15554833920950079,-0.0701450976453801,-0.36039783753725996,LEAVE_ONE_OUT_PRIMARY_UNIVERSE_COHORT_MEDIAN_SAME_ASOF
86,WSSEC:WS:ISIN:TW0001216000,WS:ISIN:TW0001216000,XTAI,1216,TW_TW50,2026-09-24,49,48,-0.033722419268189599,-0.0053404742020025002,0.0670004435573298,0.15554833920950079,-0.1007228628255194,-0.1608888134115033,LEAVE_ONE_OUT_PRIMARY_UNIVERSE_COHORT_MEDIAN_SAME_ASOF
87,WSSEC:WS:ISIN:TW0001303006,WS:ISIN:TW0001303006,XTAI,1303,TW_TW50,2026-09-24,49,48,0.046153846153846198,0.2081218274111675,0.0670004435573298,0.14227346754449471,-0.020846597403483602,0.065848359866672784,LEAVE_ONE_OUT_PRIMARY_UNIVERSE_COHORT_MEDIAN_SAME_ASOF
88,WSSEC:WS:ISIN:TW0002059003,WS:ISIN:TW0002059003,XTAI,2059,TW_TW50,2026-09-24,49,48,-0.13877266387726631,0.56725888324873075,0.0670004435573298,0.14227346754449471,-0.20577310743459609,0.42498541570423604,LEAVE_ONE_OUT_PRIMARY_UNIVERSE_COHORT_MEDIAN_SAME_ASOF
89,WSSEC:WS:ISIN:TW0002301009,WS:ISIN:TW0002301009,XTAI,2301,TW_TW50,2026-09-24,49,48,-0.046511627906976702,0.29571106094808131,0.0670004435573298,0.14227346754449471,-0.1135120714643065,0.15343759340358659,LEAVE_ONE_OUT_PRIMARY_UNIVERSE_COHORT_MEDIAN_SAME_ASOF
90,WSSEC:WS:ISIN:TW0002303005,WS:ISIN:TW0002303005,XTAI,2303,TW_TW50,2026-09-24,49,48,0.2995780590717298,-0.069486404833836807,0.062488659045545202,0.15554833920950079,0.23708940002618459,-0.22503474404333759,LEAVE_ONE_OUT_PRIMARY_UNIVERSE_COHORT_MEDIAN_SAME_ASOF
91,WSSEC:WS:ISIN:TW0002308004,WS:ISIN:TW0002308004,XTAI,2308,TW_TW50,2026-09-24,49,48,0.079096045197739995,-0.030456852791878101,0.062488659045545202,0.15554833920950079,0.016607386152194793,-0.18600519200137888,LEAVE_ONE_OUT_PRIMARY_UNIVERSE_COHORT_MEDIAN_SAME_ASOF
92,WSSEC:WS:ISIN:TW0002317005,WS:ISIN:TW0002317005,XTAI,2317,TW_TW50,2026-09-24,49,48,-0.0059523809523809,0.048117154811715399,0.0670004435573298,0.15554833920950079,-0.072952824509710704,-0.10743118439778539,LEAVE_ONE_OUT_PRIMARY_UNIVERSE_COHORT_MEDIAN_SAME_ASOF
93,WSSEC:WS:ISIN:TW0002327004,WS:ISIN:TW0002327004,XTAI,2327,TW_TW50,2026-09-24,49,48,0.045045045045045001,-0.45023696682464448,0.0670004435573298,0.15554833920950079,-0.021955398512284799,-0.60578530603414527,LEAVE_ONE_OUT_PRIMARY_UNIVERSE_COHORT_MEDIAN_SAME_ASOF
94,WSSEC:WS:ISIN:TW0002330008,WS:ISIN:TW0002330008,XTAI,2330,TW_TW50,2026-09-24,49,48,0.026970954356846301,0.0040567951318457003,0.0670004435573298,0.15554833920950079,-0.040029489200483499,-0.15149154407765508,LEAVE_ONE_OUT_PRIMARY_UNIVERSE_COHORT_MEDIAN_SAME_ASOF
95,WSSEC:WS:ISIN:TW0002344009,WS:ISIN:TW0002344009,XTAI,2344,TW_TW50,2026-09-24,49,48,-0.0779569892473118,-0.065395095367847295,0.0670004435573298,0.15554833920950079,-0.1449574328046416,-0.22094343457734808,LEAVE_ONE_OUT_PRIMARY_UNIVERSE_COHORT_MEDIAN_SAME_ASOF
96,WSSEC:WS:ISIN:TW0002345006,WS:ISIN:TW0002345006,XTAI,2345,TW_TW50,2026-09-24,49,48,-0.093301435406698496,-0.31090909090909091,0.0670004435573298,0.15554833920950079,-0.16030187896402831,-0.4664574301185917,LEAVE_ONE_OUT_PRIMARY_UNIVERSE_COHORT_MEDIAN_SAME_ASOF
97,WSSEC:WS:ISIN:TW0002357001,WS:ISIN:TW0002357001,XTAI,2357,TW_TW50,2026-09-24,49,48,-0.015495867768595,0.4287856071964018,0.0670004435573298,0.14227346754449471,-0.082496311325924804,0.28651213965190708,LEAVE_ONE_OUT_PRIMARY_UNIVERSE_COHORT_MEDIAN_SAME_ASOF
98,WSSEC:WS:ISIN:TW0002360005,WS:ISIN:TW0002360005,XTAI,2360,TW_TW50,2026-09-24,49,48,0.1532663316582914,0.038461538461538498,0.062488659045545202,0.15554833920950079,0.090777672612746191,-0.11708680074796229,LEAVE_ONE_OUT_PRIMARY_UNIVERSE_COHORT_MEDIAN_SAME_ASOF
99,WSSEC:WS:ISIN:TW0002368008,WS:ISIN:TW0002368008,XTAI,2368,TW_TW50,2026-09-24,49,48,0.072815533980582395,-0.10526315789473679,0.062488659045545202,0.15554833920950079,0.010326874935037193,-0.26081149710423757,LEAVE_ONE_OUT_PRIMARY_UNIVERSE_COHORT_MEDIAN_SAME_ASOF
100,WSSEC:WS:ISIN:TW0002382009,WS:ISIN:TW0002382009,XTAI,2382,TW_TW50,2026-09-24,49,48,0.014992503748125901,-0.082655826558265505,0.0670004435573298,0.15554833920950079,-0.052007939809203901,-0.23820416576776629,LEAVE_ONE_OUT_PRIMARY_UNIVERSE_COHORT_MEDIAN_SAME_ASOF
101,WSSEC:WS:ISIN:TW0002383007,WS:ISIN:TW0002383007,XTAI,2383,TW_TW50,2026-09-24,49,48,-0.081818181818181707,-0.10698496905393461,0.0670004435573298,0.15554833920950079,-0.14881862537551149,-0.26253330826343541,LEAVE_ONE_OUT_PRIMARY_UNIVERSE_COHORT_MEDIAN_SAME_ASOF
102,WSSEC:WS:ISIN:TW0002395001,WS:ISIN:TW0002395001,XTAI,2395,TW_TW50,2026-09-24,49,48,0.069629629629629694,0.415686274509804,0.062488659045545202,0.14227346754449471,0.0071409705840844925,0.27341280696530929,LEAVE_ONE_OUT_PRIMARY_UNIVERSE_COHORT_MEDIAN_SAME_ASOF
103,WSSEC:WS:ISIN:TW0002408002,WS:ISIN:TW0002408002,XTAI,2408,TW_TW50,2026-09-24,49,48,-0.070240295748613596,0.2358722358722358,0.0670004435573298,0.14227346754449471,-0.13724073930594338,0.093598768327741083,LEAVE_ONE_OUT_PRIMARY_UNIVERSE_COHORT_MEDIAN_SAME_ASOF
104,WSSEC:WS:ISIN:TW0002412004,WS:ISIN:TW0002412004,XTAI,2412,TW_TW50,2026-09-24,49,48,0.070110701107010995,0.028368794326241099,0.062488659045545202,0.15554833920950079,0.0076220420614657933,-0.12717954488325969,LEAVE_ONE_OUT_PRIMARY_UNIVERSE_COHORT_MEDIAN_SAME_ASOF
105,WSSEC:WS:ISIN:TW0002449006,WS:ISIN:TW0002449006,XTAI,2449,TW_TW50,2026-09-24,49,48,0.25656565656565661,-0.0133021929342473,0.062488659045545202,0.15554833920950079,0.1940769975201114,-0.16885053214374809,LEAVE_ONE_OUT_PRIMARY_UNIVERSE_COHORT_MEDIAN_SAME_ASOF
106,WSSEC:WS:ISIN:TW0002454006,WS:ISIN:TW0002454006,XTAI,2454,TW_TW50,2026-09-24,49,48,0.36739974126778779,0.2163406214039125,0.062488659045545202,0.14227346754449471,0.30491108222224261,0.074067153859417784,LEAVE_ONE_OUT_PRIMARY_UNIVERSE_COHORT_MEDIAN_SAME_ASOF
107,WSSEC:WS:ISIN:TW0002603008,WS:ISIN:TW0002603008,XTAI,2603,TW_TW50,2026-09-24,49,48,0.045161290322580601,0.30997304582210228,0.0670004435573298,0.14227346754449471,-0.021839153234749199,0.16769957827760756,LEAVE_ONE_OUT_PRIMARY_UNIVERSE_COHORT_MEDIAN_SAME_ASOF
108,WSSEC:WS:ISIN:TW0002880002,WS:ISIN:TW0002880002,XTAI,2880,TW_TW50,2026-09-24,49,48,0.16264299298735491,0.2751250863863528,0.062488659045545202,0.14227346754449471,0.1001543339418097,0.13285161884185809,LEAVE_ONE_OUT_PRIMARY_UNIVERSE_COHORT_MEDIAN_SAME_ASOF
109,WSSEC:WS:ISIN:TW0002881000,WS:ISIN:TW0002881000,XTAI,2881,TW_TW50,2026-09-24,49,48,0.0600706713780918,0.2552301255230125,0.0670004435573298,0.14227346754449471,-0.0069297721792380002,0.11295665797851778,LEAVE_ONE_OUT_PRIMARY_UNIVERSE_COHORT_MEDIAN_SAME_ASOF
110,WSSEC:WS:ISIN:TW0002882008,WS:ISIN:TW0002882008,XTAI,2882,TW_TW50,2026-09-24,49,48,0.078048780487804906,0.1818181818181818,0.062488659045545202,0.14227346754449471,0.015560121442259704,0.039544714273687082,LEAVE_ONE_OUT_PRIMARY_UNIVERSE_COHORT_MEDIAN_SAME_ASOF
111,WSSEC:WS:ISIN:TW0002883006,WS:ISIN:TW0002883006,XTAI,2883,TW_TW50,2026-09-24,49,48,0.2115085198856658,0.39605739410369478,0.062488659045545202,0.14227346754449471,0.14901986084012059,0.25378392655920007,LEAVE_ONE_OUT_PRIMARY_UNIVERSE_COHORT_MEDIAN_SAME_ASOF
112,WSSEC:WS:ISIN:TW0002884004,WS:ISIN:TW0002884004,XTAI,2884,TW_TW50,2026-09-24,49,48,0.18287936126034829,0.35311565109126941,0.062488659045545202,0.14227346754449471,0.12039070221480308,0.2108421835467747,LEAVE_ONE_OUT_PRIMARY_UNIVERSE_COHORT_MEDIAN_SAME_ASOF
113,WSSEC:WS:ISIN:TW0002885001,WS:ISIN:TW0002885001,XTAI,2885,TW_TW50,2026-09-24,49,48,0.094936647355566797,0.1374881115595778,0.062488659045545202,0.15554833920950079,0.032447988310021596,-0.018060227649922989,LEAVE_ONE_OUT_PRIMARY_UNIVERSE_COHORT_MEDIAN_SAME_ASOF
114,WSSEC:WS:ISIN:TW0002886009,WS:ISIN:TW0002886009,XTAI,2886,TW_TW50,2026-09-24,49,48,0.074756161087179598,0.078260836393936703,0.062488659045545202,0.15554833920950079,0.012267502041634397,-0.077287502815564083,LEAVE_ONE_OUT_PRIMARY_UNIVERSE_COHORT_MEDIAN_SAME_ASOF
115,WSSEC:WS:ISIN:TW0002887007,WS:ISIN:TW0002887007,XTAI,2887,TW_TW50,2026-09-24,49,48,0.1394102109732171,0.31376514999647992,0.062488659045545202,0.14227346754449471,0.076921551927671888,0.17149168245198521,LEAVE_ONE_OUT_PRIMARY_UNIVERSE_COHORT_MEDIAN_SAME_ASOF
116,WSSEC:WS:ISIN:TW0002890001,WS:ISIN:TW0002890001,XTAI,2890,TW_TW50,2026-09-24,49,48,0.14739525480724591,0.1892167375664362,0.062488659045545202,0.14227346754449471,0.084906595761700704,0.046943270021941486,LEAVE_ONE_OUT_PRIMARY_UNIVERSE_COHORT_MEDIAN_SAME_ASOF
117,WSSEC:WS:ISIN:TW0002891009,WS:ISIN:TW0002891009,XTAI,2891,TW_TW50,2026-09-24,49,48,0.073667724437985305,-0.0200286336955313,0.062488659045545202,0.15554833920950079,0.011179065392440103,-0.17557697290503207,LEAVE_ONE_OUT_PRIMARY_UNIVERSE_COHORT_MEDIAN_SAME_ASOF
118,WSSEC:WS:ISIN:TW0002892007,WS:ISIN:TW0002892007,XTAI,2892,TW_TW50,2026-09-24,49,48,0.1844078502927422,0.23052965350901061,0.062488659045545202,0.14227346754449471,0.121919191247197,0.088256185964515899,LEAVE_ONE_OUT_PRIMARY_UNIVERSE_COHORT_MEDIAN_SAME_ASOF
119,WSSEC:WS:ISIN:TW0003008009,WS:ISIN:TW0003008009,XTAI,3008,TW_TW50,2026-09-24,49,48,-0.096890817064352805,0.4540162980209545,0.0670004435573298,0.14227346754449471,-0.16389126062168261,0.31174283047645979,LEAVE_ONE_OUT_PRIMARY_UNIVERSE_COHORT_MEDIAN_SAME_ASOF
120,WSSEC:WS:ISIN:TW0003017000,WS:ISIN:TW0003017000,XTAI,3017,TW_TW50,2026-09-24,49,48,0.064371257485029906,0.29744525547445261,0.065117845117845102,0.14227346754449471,-0.00074658763281519602,0.15517178792995789,LEAVE_ONE_OUT_PRIMARY_UNIVERSE_COHORT_MEDIAN_SAME_ASOF
121,WSSEC:WS:ISIN:TW0003037008,WS:ISIN:TW0003037008,XTAI,3037,TW_TW50,2026-09-24,49,48,0.0042372881355932004,0.2104187946884577,0.0670004435573298,0.14227346754449471,-0.062763155421736605,0.068145327143962986,LEAVE_ONE_OUT_PRIMARY_UNIVERSE_COHORT_MEDIAN_SAME_ASOF
122,WSSEC:WS:ISIN:TW0003045001,WS:ISIN:TW0003045001,XTAI,3045,TW_TW50,2026-09-24,49,48,0.060606060606060497,0.0337552742616034,0.0670004435573298,0.15554833920950079,-0.0063943829512693035,-0.12179306494789738,LEAVE_ONE_OUT_PRIMARY_UNIVERSE_COHORT_MEDIAN_SAME_ASOF
123,WSSEC:WS:ISIN:TW0003231007,WS:ISIN:TW0003231007,XTAI,3231,TW_TW50,2026-09-24,49,48,0.0278551532033426,0.16403785488959,0.0670004435573298,0.14227346754449471,-0.0391452903539872,0.021764387345095282,LEAVE_ONE_OUT_PRIMARY_UNIVERSE_COHORT_MEDIAN_SAME_ASOF
124,WSSEC:WS:ISIN:TW0003443008,WS:ISIN:TW0003443008,XTAI,3443,TW_TW50,2026-09-24,49,48,0.44003378378378372,0.59943714821763594,0.062488659045545202,0.14227346754449471,0.37754512473823854,0.45716368067314123,LEAVE_ONE_OUT_PRIMARY_UNIVERSE_COHORT_MEDIAN_SAME_ASOF
125,WSSEC:WS:ISIN:TW0003653002,WS:ISIN:TW0003653002,XTAI,3653,TW_TW50,2026-09-24,49,48,0.2258635961027457,0.99136690647481995,0.062488659045545202,0.14227346754449471,0.16337493705720049,0.84909343893032529,LEAVE_ONE_OUT_PRIMARY_UNIVERSE_COHORT_MEDIAN_SAME_ASOF
126,WSSEC:WS:ISIN:TW0004904008,WS:ISIN:TW0004904008,XTAI,4904,TW_TW50,2026-09-24,49,48,0.039408866995073802,0.024271844660194102,0.0670004435573298,0.15554833920950079,-0.027591576562255998,-0.13127649454930668,LEAVE_ONE_OUT_PRIMARY_UNIVERSE_COHORT_MEDIAN_SAME_ASOF
127,WSSEC:WS:ISIN:TW0006505001,WS:ISIN:TW0006505001,XTAI,6505,TW_TW50,2026-09-24,49,48,0.1994498020450137,0.51388887601134181,0.062488659045545202,0.14227346754449471,0.13696114299946849,0.3716154084668471,LEAVE_ONE_OUT_PRIMARY_UNIVERSE_COHORT_MEDIAN_SAME_ASOF
128,WSSEC:WS:ISIN:TW0008046004,WS:ISIN:TW0008046004,XTAI,8046,TW_TW50,2026-09-24,49,48,-0.0424710424710424,0.082969432314410493,0.0670004435573298,0.15554833920950079,-0.1094714860283722,-0.072578906895090292,LEAVE_ONE_OUT_PRIMARY_UNIVERSE_COHORT_MEDIAN_SAME_ASOF
129,WSSEC:WS:XASX:ALD,WS:XASX:ALD,XASX,ALD,AU_SP_ASX200,2026-09-22,63,62,0.062307536724934602,0.36291787455745461,-0.042091703061814506,-0.0091086228667720502,0.10439923978674912,0.37202649742422667,LEAVE_ONE_OUT_PRIMARY_UNIVERSE_COHORT_MEDIAN_SAME_ASOF
130,WSSEC:WS:XASX:ALL,WS:XASX:ALL,XASX,ALL,AU_SP_ASX200,2026-09-22,63,62,0.0004847895730295,0.0104455587541512,-0.042091703061814506,-0.0091086228667720502,0.042576492634844004,0.019554181620923251,LEAVE_ONE_OUT_PRIMARY_UNIVERSE_COHORT_MEDIAN_SAME_ASOF
131,WSSEC:WS:XASX:ALQ,WS:XASX:ALQ,XASX,ALQ,AU_SP_ASX200,2026-09-22,63,62,-0.046366513659269103,-0.063485146814903096,-0.0403810679288003,-0.0054962648539326007,-0.0059854457304688025,-0.057988881960970497,LEAVE_ONE_OUT_PRIMARY_UNIVERSE_COHORT_MEDIAN_SAME_ASOF
132,WSSEC:WS:XASX:ANZ,WS:XASX:ANZ,XASX,ANZ,AU_SP_ASX200,2026-09-22,63,62,0.030245821860739899,0.079208010540866694,-0.042091703061814506,-0.0091086228667720502,0.072337524922554408,0.088316633407638748,LEAVE_ONE_OUT_PRIMARY_UNIVERSE_COHORT_MEDIAN_SAME_ASOF
133,WSSEC:WS:XASX:ASX,WS:XASX:ASX,XASX,ASX,AU_SP_ASX200,2026-09-22,63,62,0.028400082013638001,0.093398341536744894,-0.042091703061814506,-0.0091086228667720502,0.070491785075452507,0.10250696440351695,LEAVE_ONE_OUT_PRIMARY_UNIVERSE_COHORT_MEDIAN_SAME_ASOF
134,WSSEC:WS:XASX:AZJ,WS:XASX:AZJ,XASX,AZJ,AU_SP_ASX200,2026-09-22,63,62,-0.0133333206176757,-0.1148324881261269,-0.042091703061814506,-0.0054962648539326007,0.028758382444138808,-0.10933622327219429,LEAVE_ONE_OUT_PRIMARY_UNIVERSE_COHORT_MEDIAN_SAME_ASOF
135,WSSEC:WS:XASX:BHP,WS:XASX:BHP,XASX,BHP,AU_SP_ASX200,2026-09-22,63,62,-0.095315459180877901,0.0306397247150118,-0.0403810679288003,-0.0091086228667720502,-0.054934391252077601,0.039748347581783847,LEAVE_ONE_OUT_PRIMARY_UNIVERSE_COHORT_MEDIAN_SAME_ASOF
136,WSSEC:WS:XASX:BSL,WS:XASX:BSL,XASX,BSL,AU_SP_ASX200,2026-09-22,63,62,-0.035771852587463002,-0.0611860907307826,-0.042091703061814506,-0.0054962648539326007,0.0063198504743515044,-0.055689825876850001,LEAVE_ONE_OUT_PRIMARY_UNIVERSE_COHORT_MEDIAN_SAME_ASOF
137,WSSEC:WS:XASX:BXB,WS:XASX:BXB,XASX,BXB,AU_SP_ASX200,2026-09-22,63,62,-0.043724298257120903,-0.045687854751677401,-0.0403810679288003,-0.0054962648539326007,-0.0033432303283206025,-0.040191589897744802,LEAVE_ONE_OUT_PRIMARY_UNIVERSE_COHORT_MEDIAN_SAME_ASOF
138,WSSEC:WS:XASX:CAR,WS:XASX:CAR,XASX,CAR,AU_SP_ASX200,2026-09-22,63,62,-0.1959044341495354,-0.085403755566462902,-0.0403810679288003,-0.0054962648539326007,-0.15552336622073509,-0.079907490712530296,LEAVE_ONE_OUT_PRIMARY_UNIVERSE_COHORT_MEDIAN_SAME_ASOF
139,WSSEC:WS:XASX:CBA,WS:XASX:CBA,XASX,CBA,AU_SP_ASX200,2026-09-22,63,62,-0.029806973055957201,-0.074656746754147102,-0.042091703061814506,-0.0054962648539326007,0.012284730005857305,-0.069160481900214496,LEAVE_ONE_OUT_PRIMARY_UNIVERSE_COHORT_MEDIAN_SAME_ASOF
140,WSSEC:WS:XASX:CMM,WS:XASX:CMM,XASX,CMM,AU_SP_ASX200,2026-09-22,63,62,-0.1278873497331646,0.22468347482394191,-0.0403810679288003,-0.0091086228667720502,-0.087506281804364289,0.23379209769071396,LEAVE_ONE_OUT_PRIMARY_UNIVERSE_COHORT_MEDIAN_SAME_ASOF
141,WSSEC:WS:XASX:COH,WS:XASX:COH,XASX,COH,AU_SP_ASX200,2026-09-22,63,62,0.023505554115234899,0.15876798218525409,-0.042091703061814506,-0.0091086228667720502,0.065597257177049409,0.16787660505202615,LEAVE_ONE_OUT_PRIMARY_UNIVERSE_COHORT_MEDIAN_SAME_ASOF
142,WSSEC:WS:XASX:COL,WS:XASX:COL,XASX,COL,AU_SP_ASX200,2026-09-22,63,62,-0.033684178402549302,-0.058268363865128701,-0.042091703061814506,-0.0054962648539326007,0.0084075246592652045,-0.052772099011196102,LEAVE_ONE_OUT_PRIMARY_UNIVERSE_COHORT_MEDIAN_SAME_ASOF
143,WSSEC:WS:XASX:CPU,WS:XASX:CPU,XASX,CPU,AU_SP_ASX200,2026-09-22,63,62,0.059466334010833802,0.089080458624684,-0.042091703061814506,-0.0091086228667720502,0.10155803707264831,0.098189081491456054,LEAVE_ONE_OUT_PRIMARY_UNIVERSE_COHORT_MEDIAN_SAME_ASOF
144,WSSEC:WS:XASX:CSL,WS:XASX:CSL,XASX,CSL,AU_SP_ASX200,2026-09-22,63,62,0.040774025892312597,0.57503925906702102,-0.042091703061814506,-0.0091086228667720502,0.08286572895412711,0.58414788193379308,LEAVE_ONE_OUT_PRIMARY_UNIVERSE_COHORT_MEDIAN_SAME_ASOF
145,WSSEC:WS:XASX:CWY,WS:XASX:CWY,XASX,CWY,AU_SP_ASX200,2026-09-22,63,62,0.023166093894394502,0.12765966081252639,-0.042091703061814506,-0.0091086228667720502,0.065257796956209008,0.13676828367929844,LEAVE_ONE_OUT_PRIMARY_UNIVERSE_COHORT_MEDIAN_SAME_ASOF
146,WSSEC:WS:XASX:EVN,WS:XASX:EVN,XASX,EVN,AU_SP_ASX200,2026-09-22,63,62,-0.14042824180352059,0.1617020951940657,-0.0403810679288003,-0.0091086228667720502,-0.10004717387472029,0.17081071806083775,LEAVE_ONE_OUT_PRIMARY_UNIVERSE_COHORT_MEDIAN_SAME_ASOF
147,WSSEC:WS:XASX:FMG,WS:XASX:FMG,XASX,FMG,AU_SP_ASX200,2026-09-22,63,62,-0.054206614009051003,-0.1253263533336022,-0.0403810679288003,-0.0054962648539326007,-0.013825546080250703,-0.1198300884796696,LEAVE_ONE_OUT_PRIMARY_UNIVERSE_COHORT_MEDIAN_SAME_ASOF
148,WSSEC:WS:XASX:GMD,WS:XASX:GMD,XASX,GMD,AU_SP_ASX200,2026-09-22,63,62,-0.12918106986197789,0.44913630239053742,-0.0403810679288003,-0.0091086228667720502,-0.08880000193317758,0.45824492525730948,LEAVE_ONE_OUT_PRIMARY_UNIVERSE_COHORT_MEDIAN_SAME_ASOF
149,WSSEC:WS:XASX:IAG,WS:XASX:IAG,XASX,IAG,AU_SP_ASX200,2026-09-22,63,62,0.026717500985069,-0.0024722444235398002,-0.042091703061814506,-0.0091086228667720502,0.06880920404688351,0.0066363784432322496,LEAVE_ONE_OUT_PRIMARY_UNIVERSE_COHORT_MEDIAN_SAME_ASOF
150,WSSEC:WS:XASX:IGO,WS:XASX:IGO,XASX,IGO,AU_SP_ASX200,2026-09-22,63,62,-0.18585133841441229,-0.078697412851052806,-0.0403810679288003,-0.0054962648539326007,-0.14547027048561198,-0.0732011479971202,LEAVE_ONE_OUT_PRIMARY_UNIVERSE_COHORT_MEDIAN_SAME_ASOF
151,WSSEC:WS:XASX:JBH,WS:XASX:JBH,XASX,JBH,AU_SP_ASX200,2026-09-22,63,62,-0.040459107866508102,-0.16898615228926861,-0.042013663124106704,-0.0054962648539326007,0.0015545552575986013,-0.16348988743533602,LEAVE_ONE_OUT_PRIMARY_UNIVERSE_COHORT_MEDIAN_SAME_ASOF
152,WSSEC:WS:XASX:LTR,WS:XASX:LTR,XASX,LTR,AU_SP_ASX200,2026-09-22,63,62,-0.15702483572763379,-0.39465874447215538,-0.0403810679288003,-0.0054962648539326007,-0.11664376779883348,-0.38916247961822276,LEAVE_ONE_OUT_PRIMARY_UNIVERSE_COHORT_MEDIAN_SAME_ASOF
153,WSSEC:WS:XASX:LYC,WS:XASX:LYC,XASX,LYC,AU_SP_ASX200,2026-09-22,63,62,-0.12537672721971571,-0.1965669624606107,-0.0403810679288003,-0.0054962648539326007,-0.084995659290915404,-0.19107069760667811,LEAVE_ONE_OUT_PRIMARY_UNIVERSE_COHORT_MEDIAN_SAME_ASOF
154,WSSEC:WS:XASX:MIN,WS:XASX:MIN,XASX,MIN,AU_SP_ASX200,2026-09-22,63,62,-0.1885122921010022,-0.128242292953264,-0.0403810679288003,-0.0054962648539326007,-0.1481312241722019,-0.1227460280993314,LEAVE_ONE_OUT_PRIMARY_UNIVERSE_COHORT_MEDIAN_SAME_ASOF
155,WSSEC:WS:XASX:MP1,WS:XASX:MP1,XASX,MP1,AU_SP_ASX200,2026-09-22,63,62,0.1221460806926026,-0.088971273544110899,-0.042091703061814506,-0.0054962648539326007,0.16423778375441711,-0.083475008690178293,LEAVE_ONE_OUT_PRIMARY_UNIVERSE_COHORT_MEDIAN_SAME_ASOF
156,WSSEC:WS:XASX:MPL,WS:XASX:MPL,XASX,MPL,AU_SP_ASX200,2026-09-22,63,62,-0.049689394391131202,-0.076458682826042096,-0.0403810679288003,-0.0054962648539326007,-0.0093083264623309014,-0.07096241797210949,LEAVE_ONE_OUT_PRIMARY_UNIVERSE_COHORT_MEDIAN_SAME_ASOF
157,WSSEC:WS:XASX:MQG,WS:XASX:MQG,XASX,MQG,AU_SP_ASX200,2026-09-22,63,62,-0.038611094156900998,-0.032042787281964497,-0.042091703061814506,-0.0054962648539326007,0.0034806089049135083,-0.026546522428031898,LEAVE_ONE_OUT_PRIMARY_UNIVERSE_COHORT_MEDIAN_SAME_ASOF
158,WSSEC:WS:XASX:NAB,WS:XASX:NAB,XASX,NAB,AU_SP_ASX200,2026-09-22,63,62,0.0094117806627859995,0.019809825354174301,-0.042091703061814506,-0.0091086228667720502,0.051503483724600507,0.028918448220946351,LEAVE_ONE_OUT_PRIMARY_UNIVERSE_COHORT_MEDIAN_SAME_ASOF
159,WSSEC:WS:XASX:NST,WS:XASX:NST,XASX,NST,AU_SP_ASX200,2026-09-22,63,62,-0.1063569891189417,0.1572559061878413,-0.0403810679288003,-0.0091086228667720502,-0.065975921190141396,0.16636452905461335,LEAVE_ONE_OUT_PRIMARY_UNIVERSE_COHORT_MEDIAN_SAME_ASOF
160,WSSEC:WS:XASX:NXT,WS:XASX:NXT,XASX,NXT,AU_SP_ASX200,2026-09-22,63,62,-0.1611479403582334,-0.21810701795720339,-0.0403810679288003,-0.0054962648539326007,-0.1207668724294331,-0.21261075310327079,LEAVE_ONE_OUT_PRIMARY_UNIVERSE_COHORT_MEDIAN_SAME_ASOF
161,WSSEC:WS:XASX:ORG,WS:XASX:ORG,XASX,ORG,AU_SP_ASX200,2026-09-22,63,62,-0.0548060402484346,0.020947222723089302,-0.0403810679288003,-0.0091086228667720502,-0.014424972319634299,0.030055845589861352,LEAVE_ONE_OUT_PRIMARY_UNIVERSE_COHORT_MEDIAN_SAME_ASOF
162,WSSEC:WS:XASX:ORI,WS:XASX:ORI,XASX,ORI,AU_SP_ASX200,2026-09-22,63,62,0.0147915702198837,-0.043918957015386,-0.042091703061814506,-0.0054962648539326007,0.056883273281698205,-0.038422692161453401,LEAVE_ONE_OUT_PRIMARY_UNIVERSE_COHORT_MEDIAN_SAME_ASOF
163,WSSEC:WS:XASX:PDN,WS:XASX:PDN,XASX,PDN,AU_SP_ASX200,2026-09-22,63,62,-0.1396321129571407,0.1064515861090467,-0.0403810679288003,-0.0091086228667720502,-0.099251045028340396,0.11556020897581876,LEAVE_ONE_OUT_PRIMARY_UNIVERSE_COHORT_MEDIAN_SAME_ASOF
164,WSSEC:WS:XASX:PLS,WS:XASX:PLS,XASX,PLS,AU_SP_ASX200,2026-09-22,63,62,-0.19649801133851991,-0.1772908107305079,-0.0403810679288003,-0.0054962648539326007,-0.1561169434097196,-0.17179454587657531,LEAVE_ONE_OUT_PRIMARY_UNIVERSE_COHORT_MEDIAN_SAME_ASOF
165,WSSEC:WS:XASX:PME,WS:XASX:PME,XASX,PME,AU_SP_ASX200,2026-09-22,63,62,-0.1378279298595278,-0.1922036683501365,-0.0403810679288003,-0.0054962648539326007,-0.097446861930727491,-0.18670740349620391,LEAVE_ONE_OUT_PRIMARY_UNIVERSE_COHORT_MEDIAN_SAME_ASOF
166,WSSEC:WS:XASX:PRU,WS:XASX:PRU,XASX,PRU,AU_SP_ASX200,2026-09-22,63,62,0.086459987451326506,0.38749991307656301,-0.042091703061814506,-0.0091086228667720502,0.12855169051314103,0.39660853594333506,LEAVE_ONE_OUT_PRIMARY_UNIVERSE_COHORT_MEDIAN_SAME_ASOF
167,WSSEC:WS:XASX:QAN,WS:XASX:QAN,XASX,QAN,AU_SP_ASX200,2026-09-22,63,62,-0.032432453052417501,-0.1572504796883083,-0.042091703061814506,-0.0054962648539326007,0.0096592500093970052,-0.15175421483437571,LEAVE_ONE_OUT_PRIMARY_UNIVERSE_COHORT_MEDIAN_SAME_ASOF
168,WSSEC:WS:XASX:QBE,WS:XASX:QBE,XASX,QBE,AU_SP_ASX200,2026-09-22,63,62,0.052607704650730197,-0.0786026759669156,-0.042091703061814506,-0.0054962648539326007,0.094699407712544703,-0.073106411112982994,LEAVE_ONE_OUT_PRIMARY_UNIVERSE_COHORT_MEDIAN_SAME_ASOF
169,WSSEC:WS:XASX:REA,WS:XASX:REA,XASX,REA,AU_SP_ASX200,2026-09-22,63,62,-0.12038278144473789,0.12917591358695429,-0.0403810679288003,-0.0091086228667720502,-0.0800017135159376,0.13828453645372635,LEAVE_ONE_OUT_PRIMARY_UNIVERSE_COHORT_MEDIAN_SAME_ASOF
170,WSSEC:WS:XASX:RHC,WS:XASX:RHC,XASX,RHC,AU_SP_ASX200,2026-09-22,63,62,0.2511271243546575,0.26193725733672202,-0.042091703061814506,-0.0091086228667720502,0.29321882741647198,0.27104588020349407,LEAVE_ONE_OUT_PRIMARY_UNIVERSE_COHORT_MEDIAN_SAME_ASOF
171,WSSEC:WS:XASX:RIO,WS:XASX:RIO,XASX,RIO,AU_SP_ASX200,2026-09-22,63,62,-0.072452399580627894,-0.035997864777811701,-0.0403810679288003,-0.0054962648539326007,-0.032071331651827593,-0.030501599923879102,LEAVE_ONE_OUT_PRIMARY_UNIVERSE_COHORT_MEDIAN_SAME_ASOF
172,WSSEC:WS:XASX:RMS,WS:XASX:RMS,XASX,RMS,AU_SP_ASX200,2026-09-22,63,62,0.0025188892673024001,0.36301366954924508,-0.042091703061814506,-0.0091086228667720502,0.044610592329116905,0.37212229241601713,LEAVE_ONE_OUT_PRIMARY_UNIVERSE_COHORT_MEDIAN_SAME_ASOF
173,WSSEC:WS:XASX:RRL,WS:XASX:RRL,XASX,RRL,AU_SP_ASX200,2026-09-22,63,62,-0.082256200619899397,0.29519065854688659,-0.0403810679288003,-0.0091086228667720502,-0.041875132691099097,0.30429928141365864,LEAVE_ONE_OUT_PRIMARY_UNIVERSE_COHORT_MEDIAN_SAME_ASOF
174,WSSEC:WS:XASX:S32,WS:XASX:S32,XASX,S32,AU_SP_ASX200,2026-09-22,63,62,-0.048732942382642801,0.25128205002804171,-0.0403810679288003,-0.0091086228667720502,-0.0083518744538425005,0.26039067289481377,LEAVE_ONE_OUT_PRIMARY_UNIVERSE_COHORT_MEDIAN_SAME_ASOF
175,WSSEC:WS:XASX:SDF,WS:XASX:SDF,XASX,SDF,AU_SP_ASX200,2026-09-22,63,62,-0.0171526425285096,0.1235294365140398,-0.042091703061814506,-0.0091086228667720502,0.024939060533304906,0.13263805938081186,LEAVE_ONE_OUT_PRIMARY_UNIVERSE_COHORT_MEDIAN_SAME_ASOF
176,WSSEC:WS:XASX:SFR,WS:XASX:SFR,XASX,SFR,AU_SP_ASX200,2026-09-22,63,62,-0.018437228429943098,0.1651902026093203,-0.042091703061814506,-0.0091086228667720502,0.023654474631871408,0.17429882547609235,LEAVE_ONE_OUT_PRIMARY_UNIVERSE_COHORT_MEDIAN_SAME_ASOF
177,WSSEC:WS:XASX:SHL,WS:XASX:SHL,XASX,SHL,AU_SP_ASX200,2026-09-22,63,62,-0.064090085081370707,-0.080730434804924797,-0.0403810679288003,-0.0054962648539326007,-0.023709017152570407,-0.075234169950992191,LEAVE_ONE_OUT_PRIMARY_UNIVERSE_COHORT_MEDIAN_SAME_ASOF
178,WSSEC:WS:XASX:SIG,WS:XASX:SIG,XASX,SIG,AU_SP_ASX200,2026-09-22,63,62,-0.104895092070006,-0.069090929898348696,-0.0403810679288003,-0.0054962648539326007,-0.064514024141205689,-0.06359466504441609,LEAVE_ONE_OUT_PRIMARY_UNIVERSE_COHORT_MEDIAN_SAME_ASOF
179,WSSEC:WS:XASX:STO,WS:XASX:STO,XASX,STO,AU_SP_ASX200,2026-09-22,63,62,0.0466257830953671,0.1830790135700843,-0.042091703061814506,-0.0091086228667720502,0.088717486157181613,0.19218763643685635,LEAVE_ONE_OUT_PRIMARY_UNIVERSE_COHORT_MEDIAN_SAME_ASOF
180,WSSEC:WS:XASX:SUN,WS:XASX:SUN,XASX,SUN,AU_SP_ASX200,2026-09-22,63,62,0.001032449641124,0.0051839538297066999,-0.042091703061814506,-0.0091086228667720502,0.043124152702938505,0.014292576696478751,LEAVE_ONE_OUT_PRIMARY_UNIVERSE_COHORT_MEDIAN_SAME_ASOF
181,WSSEC:WS:XASX:TLC,WS:XASX:TLC,XASX,TLC,AU_SP_ASX200,2026-09-22,63,62,-0.062015446567252802,-0.15972222912090769,-0.0403810679288003,-0.0054962648539326007,-0.021634378638452502,-0.1542259642669751,LEAVE_ONE_OUT_PRIMARY_UNIVERSE_COHORT_MEDIAN_SAME_ASOF
182,WSSEC:WS:XASX:TLS,WS:XASX:TLS,XASX,TLS,AU_SP_ASX200,2026-09-22,63,62,0.027659599939695301,-0.049212599164295899,-0.042091703061814506,-0.0054962648539326007,0.069751303001509807,-0.0437163343103633,LEAVE_ONE_OUT_PRIMARY_UNIVERSE_COHORT_MEDIAN_SAME_ASOF
183,WSSEC:WS:XASX:TLX,WS:XASX:TLX,XASX,TLX,AU_SP_ASX200,2026-09-22,63,62,0.038985214979202001,0.0126659223635476,-0.042091703061814506,-0.0091086228667720502,0.081076918041016507,0.021774545230319652,LEAVE_ONE_OUT_PRIMARY_UNIVERSE_COHORT_MEDIAN_SAME_ASOF
184,WSSEC:WS:XASX:WBC,WS:XASX:WBC,XASX,WBC,AU_SP_ASX200,2026-09-22,63,62,0.026161063423658201,-0.0085202852843254007,-0.042091703061814506,-0.0060846024363792502,0.06825276648547271,-0.0024356828479461506,LEAVE_ONE_OUT_PRIMARY_UNIVERSE_COHORT_MEDIAN_SAME_ASOF
185,WSSEC:WS:XASX:WDS,WS:XASX:WDS,XASX,WDS,AU_SP_ASX200,2026-09-22,63,62,-0.040303027991092498,0.12265158114541511,-0.042091703061814506,-0.0091086228667720502,0.0017886750707220081,0.13176020401218716,LEAVE_ONE_OUT_PRIMARY_UNIVERSE_COHORT_MEDIAN_SAME_ASOF
186,WSSEC:WS:XASX:WES,WS:XASX:WES,XASX,WES,AU_SP_ASX200,2026-09-22,63,62,-0.1133148200500002,-0.18893807016325301,-0.0403810679288003,-0.0054962648539326007,-0.072933752121199902,-0.18344180530932042,LEAVE_ONE_OUT_PRIMARY_UNIVERSE_COHORT_MEDIAN_SAME_ASOF
187,WSSEC:WS:XASX:WGX,WS:XASX:WGX,XASX,WGX,AU_SP_ASX200,2026-09-22,63,62,-0.15184045613716121,0.17659583706940341,-0.0403810679288003,-0.0091086228667720502,-0.1114593882083609,0.18570445993617546,LEAVE_ONE_OUT_PRIMARY_UNIVERSE_COHORT_MEDIAN_SAME_ASOF
188,WSSEC:WS:XASX:WHC,WS:XASX:WHC,XASX,WHC,AU_SP_ASX200,2026-09-22,63,62,-0.047794102178725102,0.018348606079392399,-0.0403810679288003,-0.0091086228667720502,-0.007413034249924802,0.027457228946164449,LEAVE_ONE_OUT_PRIMARY_UNIVERSE_COHORT_MEDIAN_SAME_ASOF
189,WSSEC:WS:XASX:WOW,WS:XASX:WOW,XASX,WOW,AU_SP_ASX200,2026-09-22,63,62,-0.0236807774795189,-0.052460617990505401,-0.042091703061814506,-0.0054962648539326007,0.018410925582295606,-0.046964353136572802,LEAVE_ONE_OUT_PRIMARY_UNIVERSE_COHORT_MEDIAN_SAME_ASOF
190,WSSEC:WS:XASX:WTC,WS:XASX:WTC,XASX,WTC,AU_SP_ASX200,2026-09-22,63,62,-0.28128437589977179,-0.0096969604492186997,-0.0403810679288003,-0.0054962648539326007,-0.24090330797097148,-0.004200695595286099,LEAVE_ONE_OUT_PRIMARY_UNIVERSE_COHORT_MEDIAN_SAME_ASOF
191,WSSEC:WS:XASX:ZIP,WS:XASX:ZIP,XASX,ZIP,AU_SP_ASX200,2026-09-22,63,62,-0.15789476042922149,-0.30864197440017299,-0.0403810679288003,-0.0054962648539326007,-0.11751369250042118,-0.30314570954624037,LEAVE_ONE_OUT_PRIMARY_UNIVERSE_COHORT_MEDIAN_SAME_ASOF
192,WSSEC:WS:XNAS:AAL,WS:XNAS:AAL,XNAS,AAL,US_SP400,2026-09-21,368,367,-0.018089725435640101,-0.22766078938398171,-0.052212533000536201,-0.034115148633207401,0.0341228075648961,-0.19354564075077429,LEAVE_ONE_OUT_PRIMARY_UNIVERSE_COHORT_MEDIAN_SAME_ASOF
193,WSSEC:WS:XNAS:AAON,WS:XNAS:AAON,XNAS,AAON,US_SP400,2026-09-21,368,367,-0.0382678854745706,-0.42668464148886198,-0.052212533000536201,-0.034115148633207401,0.013944647525965602,-0.39256949285565457,LEAVE_ONE_OUT_PRIMARY_UNIVERSE_COHORT_MEDIAN_SAME_ASOF
194,WSSEC:WS:XNAS:AAPL,WS:XNAS:AAPL,XNAS,AAPL,US_SP500,2026-09-24,372,371,0.071686075436685204,0.16090693403790099,-0.060025304870584099,-0.024838988038786699,0.13171138030726931,0.18574592207668769,LEAVE_ONE_OUT_PRIMARY_UNIVERSE_COHORT_MEDIAN_SAME_ASOF
195,WSSEC:WS:XNAS:ABNB,WS:XNAS:ABNB,XNAS,ABNB,US_SP500,2026-09-24,372,371,-0.1950337986180683,0.057931467033872801,-0.059631449892692603,-0.024838988038786699,-0.13540234872537571,0.082770455072659496,LEAVE_ONE_OUT_PRIMARY_UNIVERSE_COHORT_MEDIAN_SAME_ASOF
196,WSSEC:WS:XNAS:ADBE,WS:XNAS:ADBE,XNAS,ADBE,US_SP500,2026-09-24,372,371,-0.12630273298988451,0.16539843769711221,-0.059631449892692603,-0.024838988038786699,-0.066671283097191905,0.19023742573589891,LEAVE_ONE_OUT_PRIMARY_UNIVERSE_COHORT_MEDIAN_SAME_ASOF
197,WSSEC:WS:XNAS:ADI,WS:XNAS:ADI,XNAS,ADI,US_SP500,2026-09-24,372,371,0.029074765770603399,-0.036659434458591302,-0.060025304870584099,-0.024789126457807901,0.089100070641187495,-0.011870308000783401,LEAVE_ONE_OUT_PRIMARY_UNIVERSE_COHORT_MEDIAN_SAME_ASOF
198,WSSEC:WS:XNAS:ADP,WS:XNAS:ADP,XNAS,ADP,US_SP500,2026-09-24,372,371,-0.0649633190421261,0.174860410524456,-0.059631449892692603,-0.024838988038786699,-0.0053318691494334963,0.1996993985632427,LEAVE_ONE_OUT_PRIMARY_UNIVERSE_COHORT_MEDIAN_SAME_ASOF
199,WSSEC:WS:XNAS:ADSK,WS:XNAS:ADSK,XNAS,ADSK,US_SP500,2026-09-24,372,371,-0.17042821933821631,0.087079560199659206,-0.059631449892692603,-0.024838988038786699,-0.1107967694455237,0.11191854823844591,LEAVE_ONE_OUT_PRIMARY_UNIVERSE_COHORT_MEDIAN_SAME_ASOF
200,WSSEC:WS:XNAS:AEIS,WS:XNAS:AEIS,XNAS,AEIS,US_SP400,2026-09-21,368,367,-0.080782274158113301,-0.299640158579149,-0.052040506991479503,-0.034115148633207401,-0.028741767166633798,-0.26552500994594158,LEAVE_ONE_OUT_PRIMARY_UNIVERSE_COHORT_MEDIAN_SAME_ASOF
201,WSSEC:WS:XNAS:AKAM,WS:XNAS:AKAM,XNAS,AKAM,US_SP500,2026-09-24,372,371,0.0217472344679756,-0.065984227077012403,-0.060025304870584099,-0.024789126457807901,0.081772539338559699,-0.041195100619204505,LEAVE_ONE_OUT_PRIMARY_UNIVERSE_COHORT_MEDIAN_SAME_ASOF
202,WSSEC:WS:XNAS:ALGM,WS:XNAS:ALGM,XNAS,ALGM,US_SP400,2026-09-21,368,367,-0.044671686066428101,-0.40990691339692381,-0.052212533000536201,-0.034115148633207401,0.0075408469341081003,-0.3757917647637164,LEAVE_ONE_OUT_PRIMARY_UNIVERSE_COHORT_MEDIAN_SAME_ASOF
203,WSSEC:WS:XNAS:ALGN,WS:XNAS:ALGN,XNAS,ALGN,US_SP500,2026-09-24,372,371,-0.084893770005347299,-0.13654688888442559,-0.059631449892692603,-0.024789126457807901,-0.025262320112654696,-0.1117577624266177,LEAVE_ONE_OUT_PRIMARY_UNIVERSE_COHORT_MEDIAN_SAME_ASOF
204,WSSEC:WS:XNAS:AMAT,WS:XNAS:AMAT,XNAS,AMAT,US_SP500,2026-09-24,372,371,-0.011484929242678601,-0.34405255878284918,-0.060025304870584099,-0.024789126457807901,0.048540375627905502,-0.31926343232504129,LEAVE_ONE_OUT_PRIMARY_UNIVERSE_COHORT_MEDIAN_SAME_ASOF
205,WSSEC:WS:XNAS:AMGN,WS:XNAS:AMGN,XNAS,AMGN,US_SP500,2026-09-24,372,371,-0.077894327288518597,0.12128580034229031,-0.059631449892692603,-0.024838988038786699,-0.018262877395825994,0.14612478838107701,LEAVE_ONE_OUT_PRIMARY_UNIVERSE_COHORT_MEDIAN_SAME_ASOF
206,WSSEC:WS:XNAS:AMKR,WS:XNAS:AMKR,XNAS,AMKR,US_SP400,2026-09-21,368,367,0.0384003256989544,-0.39044619303294248,-0.052212533000536201,-0.034115148633207401,0.090612858699490595,-0.35633104439973506,LEAVE_ONE_OUT_PRIMARY_UNIVERSE_COHORT_MEDIAN_SAME_ASOF
207,WSSEC:WS:XNAS:AMZN,WS:XNAS:AMZN,XNAS,AMZN,US_SP500,2026-09-24,372,371,-0.041877954309224301,0.046320419210171597,-0.060025304870584099,-0.024838988038786699,0.018147350561359799,0.071159407248958292,LEAVE_ONE_OUT_PRIMARY_UNIVERSE_COHORT_MEDIAN_SAME_ASOF
208,WSSEC:WS:XNAS:APP,WS:XNAS:APP,XNAS,APP,US_SP500,2026-09-24,372,371,0.014150842479725799,-0.39353295990962772,-0.060025304870584099,-0.024789126457807901,0.074176147350309904,-0.36874383345181982,LEAVE_ONE_OUT_PRIMARY_UNIVERSE_COHORT_MEDIAN_SAME_ASOF
209,WSSEC:WS:XNAS:APPF,WS:XNAS:APPF,XNAS,APPF,US_SP400,2026-09-21,368,367,-0.064884126357464406,0.44937144707240551,-0.052040506991479503,-0.034732470722386902,-0.012843619365984903,0.48410391779479239,LEAVE_ONE_OUT_PRIMARY_UNIVERSE_COHORT_MEDIAN_SAME_ASOF
210,WSSEC:WS:XNAS:ARWR,WS:XNAS:ARWR,XNAS,ARWR,US_SP400,2026-09-21,368,367,-0.2103087999823432,-0.1322063349482395,-0.052040506991479503,-0.034115148633207401,-0.1582682929908637,-0.098091186315032095,LEAVE_ONE_OUT_PRIMARY_UNIVERSE_COHORT_MEDIAN_SAME_ASOF
211,WSSEC:WS:XNAS:AVAV,WS:XNAS:AVAV,XNAS,AVAV,US_SP400,2026-09-21,368,367,0.0042441185282763999,0.17720224260002279,-0.052212533000536201,-0.034732470722386902,0.056456651528812601,0.21193471332240971,LEAVE_ONE_OUT_PRIMARY_UNIVERSE_COHORT_MEDIAN_SAME_ASOF
212,WSSEC:WS:XNAS:AVGO,WS:XNAS:AVGO,XNAS,AVGO,US_SP500,2026-09-24,372,371,-0.014707981214855099,-0.072508311445234896,-0.060025304870584099,-0.024789126457807901,0.045317323655728999,-0.047719184987426999,LEAVE_ONE_OUT_PRIMARY_UNIVERSE_COHORT_MEDIAN_SAME_ASOF
213,WSSEC:WS:XNAS:AVT,WS:XNAS:AVT,XNAS,AVT,US_SP400,2026-09-21,368,367,0.077166110270573102,0.051426119633210997,-0.052212533000536201,-0.034732470722386902,0.12937864327110932,0.086158590355597892,LEAVE_ONE_OUT_PRIMARY_UNIVERSE_COHORT_MEDIAN_SAME_ASOF
214,WSSEC:WS:XNAS:BHF,WS:XNAS:BHF,XNAS,BHF,US_SP400,2026-09-21,368,367,-0.046489387486026899,-0.2053571558902281,-0.052212533000536201,-0.034115148633207401,0.0057231455145093021,-0.17124200725702071,LEAVE_ONE_OUT_PRIMARY_UNIVERSE_COHORT_MEDIAN_SAME_ASOF
215,WSSEC:WS:XNAS:BIIB,WS:XNAS:BIIB,XNAS,BIIB,US_SP500,2026-09-24,372,371,0.023929041076904401,0.047671957642064298,-0.060025304870584099,-0.024838988038786699,0.083954345947488504,0.072510945680850994,LEAVE_ONE_OUT_PRIMARY_UNIVERSE_COHORT_MEDIAN_SAME_ASOF
216,WSSEC:WS:XNAS:BKNG,WS:XNAS:BKNG,XNAS,BKNG,US_SP500,2026-09-24,372,371,-0.24644547789725421,-0.11686490792805521,-0.059631449892692603,-0.024789126457807901,-0.18681402800456159,-0.092075781470247309,LEAVE_ONE_OUT_PRIMARY_UNIVERSE_COHORT_MEDIAN_SAME_ASOF
217,WSSEC:WS:XNAS:BMRN,WS:XNAS:BMRN,XNAS,BMRN,US_SP400,2026-09-21,368,367,-0.039580202555286798,0.1170008589886975,-0.052212533000536201,-0.034732470722386902,0.012632330445249404,0.15173332971108439,LEAVE_ONE_OUT_PRIMARY_UNIVERSE_COHORT_MEDIAN_SAME_ASOF
218,WSSEC:WS:XNAS:BRKR,WS:XNAS:BRKR,XNAS,BRKR,US_SP400,2026-09-21,368,367,0.033915386353055202,0.0113319502105884,-0.052212533000536201,-0.034732470722386902,0.086127919353591403,0.046064420932975303,LEAVE_ONE_OUT_PRIMARY_UNIVERSE_COHORT_MEDIAN_SAME_ASOF
219,WSSEC:WS:XNAS:BSY,WS:XNAS:BSY,XNAS,BSY,US_SP400,2026-09-21,368,367,-0.1380798946534571,0.1132009788797836,-0.052040506991479503,-0.034732470722386902,-0.086039387661977607,0.1479334496021705,LEAVE_ONE_OUT_PRIMARY_UNIVERSE_COHORT_MEDIAN_SAME_ASOF
220,WSSEC:WS:XNAS:BTSG,WS:XNAS:BTSG,XNAS,BTSG,US_SP400,2026-09-21,368,367,-0.051129580026252501,-0.19856523592343811,-0.052212533000536201,-0.034115148633207401,0.0010829529742837005,-0.1644500872902307,LEAVE_ONE_OUT_PRIMARY_UNIVERSE_COHORT_MEDIAN_SAME_ASOF
221,WSSEC:WS:XNAS:CAR,WS:XNAS:CAR,XNAS,CAR,US_SP400,2026-09-21,368,367,-0.20019097163859359,-0.29019367855697659,-0.052040506991479503,-0.034115148633207401,-0.14815046464711409,-0.25607852992376917,LEAVE_ONE_OUT_PRIMARY_UNIVERSE_COHORT_MEDIAN_SAME_ASOF
222,WSSEC:WS:XNAS:CART,WS:XNAS:CART,XNAS,CART,US_SP400,2026-09-21,368,367,-0.085691356629703105,-0.026495681281712199,-0.052040506991479503,-0.034732470722386902,-0.033650849638223602,0.0082367894406747029,LEAVE_ONE_OUT_PRIMARY_UNIVERSE_COHORT_MEDIAN_SAME_ASOF
223,WSSEC:WS:XNAS:CASY,WS:XNAS:CASY,XNAS,CASY,US_SP500,2026-09-24,372,371,-0.25804096143227218,-0.24653053996443969,-0.059631449892692603,-0.024789126457807901,-0.19840951153957959,-0.22174141350663179,LEAVE_ONE_OUT_PRIMARY_UNIVERSE_COHORT_MEDIAN_SAME_ASOF
224,WSSEC:WS:XNAS:CBOE,WS:XNAS:CBOE,XNAS,CBOE,US_SP500,2026-09-24,372,371,-0.14292576561788531,0.1026085191542227,-0.059631449892692603,-0.024838988038786699,-0.083294315725192705,0.1274475071930094,LEAVE_ONE_OUT_PRIMARY_UNIVERSE_COHORT_MEDIAN_SAME_ASOF
225,WSSEC:WS:XNAS:CBSH,WS:XNAS:CBSH,XNAS,CBSH,US_SP400,2026-09-21,368,367,-0.031346382281143101,-0.0154944187139064,-0.052212533000536201,-0.034732470722386902,0.020866150719393101,0.0192380520084805,LEAVE_ONE_OUT_PRIMARY_UNIVERSE_COHORT_MEDIAN_SAME_ASOF
226,WSSEC:WS:XNAS:CDNS,WS:XNAS:CDNS,XNAS,CDNS,US_SP500,2026-09-24,372,371,-0.037886915720309798,-0.14206545423558631,-0.060025304870584099,-0.024789126457807901,0.022138389150274301,-0.11727632777777841,LEAVE_ONE_OUT_PRIMARY_UNIVERSE_COHORT_MEDIAN_SAME_ASOF
227,WSSEC:WS:XNAS:CDW,WS:XNAS:CDW,XNAS,CDW,US_SP500,2026-09-24,372,371,-0.0141382716321046,-0.0083901641133546003,-0.060025304870584099,-0.024838988038786699,0.045887033238479501,0.0164488239254321,LEAVE_ONE_OUT_PRIMARY_UNIVERSE_COHORT_MEDIAN_SAME_ASOF
228,WSSEC:WS:XNAS:CELH,WS:XNAS:CELH,XNAS,CELH,US_SP400,2026-09-21,368,367,-0.1600719440913588,-0.0070871318376033001,-0.052040506991479503,-0.034732470722386902,-0.10803143709987931,0.027645338884783602,LEAVE_ONE_OUT_PRIMARY_UNIVERSE_COHORT_MEDIAN_SAME_ASOF
229,WSSEC:WS:XNAS:CG,WS:XNAS:CG,XNAS,CG,US_SP400,2026-09-21,368,367,-0.17237185549212489,-0.024821023333018201,-0.052040506991479503,-0.034732470722386902,-0.12033134850064539,0.0099114473893687008,LEAVE_ONE_OUT_PRIMARY_UNIVERSE_COHORT_MEDIAN_SAME_ASOF
230,WSSEC:WS:XNAS:CGNX,WS:XNAS:CGNX,XNAS,CGNX,US_SP400,2026-09-21,368,367,0.023951118946342099,-0.068379909444798201,-0.052212533000536201,-0.034115148633207401,0.076163651946878297,-0.0342647608115908,LEAVE_ONE_OUT_PRIMARY_UNIVERSE_COHORT_MEDIAN_SAME_ASOF
231,WSSEC:WS:XNAS:CHDN,WS:XNAS:CHDN,XNAS,CHDN,US_SP400,2026-09-21,368,367,-0.12581369150264871,-0.024529710712594299,-0.052040506991479503,-0.034732470722386902,-0.07377318451116921,0.010202760009792602,LEAVE_ONE_OUT_PRIMARY_UNIVERSE_COHORT_MEDIAN_SAME_ASOF
232,WSSEC:WS:XNAS:CHRD,WS:XNAS:CHRD,XNAS,CHRD,US_SP400,2026-09-21,368,367,-0.056949699561318901,0.166973457970613,-0.052040506991479503,-0.034732470722386902,-0.0049091925698393976,0.20170592869299991,LEAVE_ONE_OUT_PRIMARY_UNIVERSE_COHORT_MEDIAN_SAME_ASOF
233,WSSEC:WS:XNAS:CHRW,WS:XNAS:CHRW,XNAS,CHRW,US_SP500,2026-09-24,372,371,-0.036446312100522703,-0.22374429334726831,-0.060025304870584099,-0.024789126457807901,0.023578992770061397,-0.19895516688946041,LEAVE_ONE_OUT_PRIMARY_UNIVERSE_COHORT_MEDIAN_SAME_ASOF
234,WSSEC:WS:XNAS:CINF,WS:XNAS:CINF,XNAS,CINF,US_SP500,2026-09-24,372,371,-0.058301443131934,-0.1232040490104328,-0.060025304870584099,-0.024789126457807901,0.0017238617386500996,-0.098414922552624906,LEAVE_ONE_OUT_PRIMARY_UNIVERSE_COHORT_MEDIAN_SAME_ASOF
235,WSSEC:WS:XNAS:CME,WS:XNAS:CME,XNAS,CME,US_SP500,2026-09-24,372,371,-0.042956818464947803,0.2177240476039943,-0.060025304870584099,-0.024838988038786699,0.017068486405636296,0.24256303564278101,LEAVE_ONE_OUT_PRIMARY_UNIVERSE_COHORT_MEDIAN_SAME_ASOF
236,WSSEC:WS:XNAS:COIN,WS:XNAS:COIN,XNAS,COIN,US_SP500,2026-09-24,372,371,0.095885180171733003,0.36267872896241071,-0.060025304870584099,-0.024838988038786699,0.15591048504231711,0.38751771700119741,LEAVE_ONE_OUT_PRIMARY_UNIVERSE_COHORT_MEDIAN_SAME_ASOF
237,WSSEC:WS:XNAS:COKE,WS:XNAS:COKE,XNAS,COKE,US_SP400,2026-09-21,368,367,0.0042305011483226998,0.059532435548152102,-0.052212533000536201,-0.034732470722386902,0.0564430341488589,0.094264906270539003,LEAVE_ONE_OUT_PRIMARY_UNIVERSE_COHORT_MEDIAN_SAME_ASOF
238,WSSEC:WS:XNAS:COLB,WS:XNAS:COLB,XNAS,COLB,US_SP400,2026-09-21,368,367,-0.029535860538330402,-0.067664486964250301,-0.052212533000536201,-0.034115148633207401,0.0226766724622058,-0.033549338331042899,LEAVE_ONE_OUT_PRIMARY_UNIVERSE_COHORT_MEDIAN_SAME_ASOF
239,WSSEC:WS:XNAS:COLM,WS:XNAS:COLM,XNAS,COLM,US_SP400,2026-09-21,368,367,-0.059671841199336197,-0.1116505010956651,-0.052040506991479503,-0.034115148633207401,-0.0076313342078566937,-0.077535352462457699,LEAVE_ONE_OUT_PRIMARY_UNIVERSE_COHORT_MEDIAN_SAME_ASOF
240,WSSEC:WS:XNAS:COST,WS:XNAS:COST,XNAS,COST,US_SP500,2026-09-24,372,371,-0.062377123115313203,-0.041679574390901003,-0.059631449892692603,-0.024789126457807901,-0.0027456732226205996,-0.016890447933093102,LEAVE_ONE_OUT_PRIMARY_UNIVERSE_COHORT_MEDIAN_SAME_ASOF
241,WSSEC:WS:XNAS:CPRT,WS:XNAS:CPRT,XNAS,CPRT,US_SP500,2026-09-24,372,371,-0.14172015650184649,-0.0053210221954075997,-0.059631449892692603,-0.024838988038786699,-0.082088706609153891,0.019517965843379101,LEAVE_ONE_OUT_PRIMARY_UNIVERSE_COHORT_MEDIAN_SAME_ASOF
242,WSSEC:WS:XNAS:CROX,WS:XNAS:CROX,XNAS,CROX,US_SP400,2026-09-21,368,367,0.012939168152954201,0.040461013619765798,-0.052212533000536201,-0.034732470722386902,0.065151701153490407,0.0751934843421527,LEAVE_ONE_OUT_PRIMARY_UNIVERSE_COHORT_MEDIAN_SAME_ASOF
243,WSSEC:WS:XNAS:CRUS,WS:XNAS:CRUS,XNAS,CRUS,US_SP400,2026-09-21,368,367,0.040319096957014099,-0.22080785370826331,-0.052212533000536201,-0.034115148633207401,0.092531629957550293,-0.18669270507505592,LEAVE_ONE_OUT_PRIMARY_UNIVERSE_COHORT_MEDIAN_SAME_ASOF
244,WSSEC:WS:XNAS:CRWD,WS:XNAS:CRWD,XNAS,CRWD,US_SP500,2026-09-24,372,371,0.37260822222759937,4.4442436972168764,-0.060025304870584099,-0.024838988038786699,0.43263352709818348,4.4690826852556631,LEAVE_ONE_OUT_PRIMARY_UNIVERSE_COHORT_MEDIAN_SAME_ASOF
245,WSSEC:WS:XNAS:CSCO,WS:XNAS:CSCO,XNAS,CSCO,US_SP500,2026-09-24,372,371,-0.047970802424077801,-0.089306980636237904,-0.060025304870584099,-0.024789126457807901,0.012054502446506299,-0.064517854178430006,LEAVE_ONE_OUT_PRIMARY_UNIVERSE_COHORT_MEDIAN_SAME_ASOF
246,WSSEC:WS:XNAS:CTAS,WS:XNAS:CTAS,XNAS,CTAS,US_SP500,2026-09-24,372,371,-0.039362455785623002,0.16227652015280661,-0.060025304870584099,-0.024838988038786699,0.020662849084961098,0.18711550819159331,LEAVE_ONE_OUT_PRIMARY_UNIVERSE_COHORT_MEDIAN_SAME_ASOF
247,WSSEC:WS:XNAS:CTSH,WS:XNAS:CTSH,XNAS,CTSH,US_SP500,2026-09-24,372,371,-0.079239844927549305,0.47611667556565712,-0.059631449892692603,-0.024838988038786699,-0.019608395034856702,0.50095566360444377,LEAVE_ONE_OUT_PRIMARY_UNIVERSE_COHORT_MEDIAN_SAME_ASOF
248,WSSEC:WS:XNAS:CVLT,WS:XNAS:CVLT,XNAS,CVLT,US_SP400,2026-09-21,368,367,0.089006829679479899,0.087949817564399305,-0.052212533000536201,-0.034732470722386902,0.14121936268001611,0.12268228828678621,LEAVE_ONE_OUT_PRIMARY_UNIVERSE_COHORT_MEDIAN_SAME_ASOF
249,WSSEC:WS:XNAS:CYTK,WS:XNAS:CYTK,XNAS,CYTK,US_SP400,2026-09-21,368,367,-0.1207704219361188,-0.1638614479343887,-0.052040506991479503,-0.034115148633207401,-0.068729914944639287,-0.12974629930118131,LEAVE_ONE_OUT_PRIMARY_UNIVERSE_COHORT_MEDIAN_SAME_ASOF
250,WSSEC:WS:XNAS:DBX,WS:XNAS:DBX,XNAS,DBX,US_SP400,2026-09-21,368,367,0.044676444627020598,0.43580536009076781,-0.052212533000536201,-0.034732470722386902,0.096888977627556799,0.4705378308131547,LEAVE_ONE_OUT_PRIMARY_UNIVERSE_COHORT_MEDIAN_SAME_ASOF
251,WSSEC:WS:XNAS:DDOG,WS:XNAS:DDOG,XNAS,DDOG,US_SP500,2026-09-24,372,371,0.12847549301196781,-0.0132123679419599,-0.060025304870584099,-0.024838988038786699,0.18850079788255192,0.011626620096826799,LEAVE_ONE_OUT_PRIMARY_UNIVERSE_COHORT_MEDIAN_SAME_ASOF
252,WSSEC:WS:XNAS:DLTR,WS:XNAS:DLTR,XNAS,DLTR,US_SP500,2026-09-24,372,371,-0.14132239151806139,-0.061595677025359799,-0.059631449892692603,-0.024789126457807901,-0.081690941625368788,-0.036806550567551902,LEAVE_ONE_OUT_PRIMARY_UNIVERSE_COHORT_MEDIAN_SAME_ASOF
253,WSSEC:WS:XNAS:DOCU,WS:XNAS:DOCU,XNAS,DOCU,US_SP400,2026-09-21,368,367,0.1059677370132938,0.61493172805789853,-0.052212533000536201,-0.034732470722386902,0.15818027001383,0.64966419878028547,LEAVE_ONE_OUT_PRIMARY_UNIVERSE_COHORT_MEDIAN_SAME_ASOF
254,WSSEC:WS:XNAS:DUOL,WS:XNAS:DUOL,XNAS,DUOL,US_SP400,2026-09-21,368,367,0.022514152988437799,0.24578952082263611,-0.052212533000536201,-0.034732470722386902,0.074726685988974001,0.280521991545023,LEAVE_ONE_OUT_PRIMARY_UNIVERSE_COHORT_MEDIAN_SAME_ASOF
255,WSSEC:WS:XNAS:DXCM,WS:XNAS:DXCM,XNAS,DXCM,US_SP500,2026-09-24,372,371,-0.0167490768784146,0.29873798370334098,-0.060025304870584099,-0.024838988038786699,0.0432762279921695,0.32357697174212768,LEAVE_ONE_OUT_PRIMARY_UNIVERSE_COHORT_MEDIAN_SAME_ASOF
256,WSSEC:WS:XNAS:EBAY,WS:XNAS:EBAY,XNAS,EBAY,US_SP500,2026-09-24,372,371,0.034836900087584298,-0.0350782833910094,-0.060025304870584099,-0.024789126457807901,0.094862204958168397,-0.010289156933201499,LEAVE_ONE_OUT_PRIMARY_UNIVERSE_COHORT_MEDIAN_SAME_ASOF
257,WSSEC:WS:XNAS:ECHO,WS:XNAS:ECHO,XNAS,ECHO,US_SP500,2026-09-24,372,371,0.055717750368636701,-0.1095566773062268,-0.060025304870584099,-0.024789126457807901,0.11574305523922079,-0.084767550848418902,LEAVE_ONE_OUT_PRIMARY_UNIVERSE_COHORT_MEDIAN_SAME_ASOF
258,WSSEC:WS:XNAS:EEFT,WS:XNAS:EEFT,XNAS,EEFT,US_SP400,2026-09-21,368,367,-0.0566576457541553,-0.014315525192703,-0.052040506991479503,-0.034732470722386902,-0.0046171387626757973,0.0204169455296839,LEAVE_ONE_OUT_PRIMARY_UNIVERSE_COHORT_MEDIAN_SAME_ASOF
259,WSSEC:WS:XNAS:ENSG,WS:XNAS:ENSG,XNAS,ENSG,US_SP400,2026-09-21,368,367,-0.027913943760291701,0.052672833583917902,-0.052212533000536201,-0.034732470722386902,0.0242985892402445,0.087405304306304804,LEAVE_ONE_OUT_PRIMARY_UNIVERSE_COHORT_MEDIAN_SAME_ASOF
260,WSSEC:WS:XNAS:ENTG,WS:XNAS:ENTG,XNAS,ENTG,US_SP400,2026-09-21,368,367,-0.0036196871725271001,-0.18799636725173691,-0.052212533000536201,-0.034115148633207401,0.048592845828009101,-0.15388121861852949,LEAVE_ONE_OUT_PRIMARY_UNIVERSE_COHORT_MEDIAN_SAME_ASOF
261,WSSEC:WS:XNAS:EWBC,WS:XNAS:EWBC,XNAS,EWBC,US_SP400,2026-09-21,368,367,-0.0169270182116938,-0.018965054867318001,-0.052212533000536201,-0.034732470722386902,0.035285514788842398,0.015767415855068901,LEAVE_ONE_OUT_PRIMARY_UNIVERSE_COHORT_MEDIAN_SAME_ASOF
262,WSSEC:WS:XNAS:EXEL,WS:XNAS:EXEL,XNAS,EXEL,US_SP400,2026-09-21,368,367,0.058062116925545901,0.074957762780006404,-0.052212533000536201,-0.034732470722386902,0.1102746499260821,0.10969023350239331,LEAVE_ONE_OUT_PRIMARY_UNIVERSE_COHORT_MEDIAN_SAME_ASOF
263,WSSEC:WS:XNAS:EXLS,WS:XNAS:EXLS,XNAS,EXLS,US_SP400,2026-09-21,368,367,-0.060484959541642597,0.39809672012410918,-0.052040506991479503,-0.034732470722386902,-0.0084444525501630938,0.43282919084649607,LEAVE_ONE_OUT_PRIMARY_UNIVERSE_COHORT_MEDIAN_SAME_ASOF
264,WSSEC:WS:XNAS:EXPD,WS:XNAS:EXPD,XNAS,EXPD,US_SP500,2026-09-24,372,371,-0.034283254100167797,0.12688678657926819,-0.060025304870584099,-0.024838988038786699,0.025742050770416303,0.15172577461805489,LEAVE_ONE_OUT_PRIMARY_UNIVERSE_COHORT_MEDIAN_SAME_ASOF
265,WSSEC:WS:XNAS:EXPE,WS:XNAS:EXPE,XNAS,EXPE,US_SP500,2026-09-24,372,371,-0.2150012053637865,0.022940421311449601,-0.059631449892692603,-0.024838988038786699,-0.15536975547109388,0.0477794093502363,LEAVE_ONE_OUT_PRIMARY_UNIVERSE_COHORT_MEDIAN_SAME_ASOF
266,WSSEC:WS:XNAS:EXPO,WS:XNAS:EXPO,XNAS,EXPO,US_SP400,2026-09-21,368,367,-0.044010773083373998,0.1572414266652073,-0.052212533000536201,-0.034732470722386902,0.0082017599171622033,0.19197389738759418,LEAVE_ONE_OUT_PRIMARY_UNIVERSE_COHORT_MEDIAN_SAME_ASOF
267,WSSEC:WS:XNAS:FANG,WS:XNAS:FANG,XNAS,FANG,US_SP500,2026-09-24,372,371,-0.054193364839455103,0.075264511431418102,-0.060025304870584099,-0.024838988038786699,0.0058319400311289959,0.1001034994702048,LEAVE_ONE_OUT_PRIMARY_UNIVERSE_COHORT_MEDIAN_SAME_ASOF
268,WSSEC:WS:XNAS:FAST,WS:XNAS:FAST,XNAS,FAST,US_SP500,2026-09-24,372,371,-0.0082111822309541005,0.056214883022301397,-0.060025304870584099,-0.024838988038786699,0.051814122639629999,0.081053871061088092,LEAVE_ONE_OUT_PRIMARY_UNIVERSE_COHORT_MEDIAN_SAME_ASOF
269,WSSEC:WS:XNAS:FCFS,WS:XNAS:FCFS,XNAS,FCFS,US_SP400,2026-09-21,368,367,-0.0406605278397719,-0.0050640184943096999,-0.052212533000536201,-0.034732470722386902,0.011552005160764302,0.029668452228077201,LEAVE_ONE_OUT_PRIMARY_UNIVERSE_COHORT_MEDIAN_SAME_ASOF
270,WSSEC:WS:XNAS:FFIN,WS:XNAS:FFIN,XNAS,FFIN,US_SP400,2026-09-21,368,367,-0.040726614302599398,-0.0629649981314096,-0.052212533000536201,-0.034115148633207401,0.011485918697936803,-0.028849849498202199,LEAVE_ONE_OUT_PRIMARY_UNIVERSE_COHORT_MEDIAN_SAME_ASOF
271,WSSEC:WS:XNAS:FFIV,WS:XNAS:FFIV,XNAS,FFIV,US_SP500,2026-09-24,372,371,0.11752043816274391,0.073540717776445497,-0.060025304870584099,-0.024838988038786699,0.17754574303332801,0.098379705815232199,LEAVE_ONE_OUT_PRIMARY_UNIVERSE_COHORT_MEDIAN_SAME_ASOF
272,WSSEC:WS:XNAS:FISV,WS:XNAS:FISV,XNAS,FISV,US_SP500,2026-09-24,372,371,-0.1233555982190709,-0.062589189451090294,-0.059631449892692603,-0.024789126457807901,-0.063724148326378294,-0.037800062993282396,LEAVE_ONE_OUT_PRIMARY_UNIVERSE_COHORT_MEDIAN_SAME_ASOF
273,WSSEC:WS:XNAS:FIVE,WS:XNAS:FIVE,XNAS,FIVE,US_SP400,2026-09-21,368,367,-0.056345931082153897,0.26555551757463508,-0.052040506991479503,-0.034732470722386902,-0.0043054240906743937,0.30028798829702197,LEAVE_ONE_OUT_PRIMARY_UNIVERSE_COHORT_MEDIAN_SAME_ASOF
274,WSSEC:WS:XNAS:FSLR,WS:XNAS:FSLR,XNAS,FSLR,US_SP500,2026-09-24,372,371,-0.16398771531468831,-0.27038481622491117,-0.059631449892692603,-0.024789126457807901,-0.10435626542199571,-0.24559568976710328,LEAVE_ONE_OUT_PRIMARY_UNIVERSE_COHORT_MEDIAN_SAME_ASOF
275,WSSEC:WS:XNAS:FTNT,WS:XNAS:FTNT,XNAS,FTNT,US_SP500,2026-09-24,372,371,0.13412470346139341,0.16306473016516279,-0.060025304870584099,-0.024838988038786699,0.19415000833197751,0.18790371820394949,LEAVE_ONE_OUT_PRIMARY_UNIVERSE_COHORT_MEDIAN_SAME_ASOF
276,WSSEC:WS:XNAS:GEHC,WS:XNAS:GEHC,XNAS,GEHC,US_SP500,2026-09-24,372,371,-0.094530085062912605,0.037025387253440699,-0.059631449892692603,-0.024838988038786699,-0.034898635170220002,0.061864375292227394,LEAVE_ONE_OUT_PRIMARY_UNIVERSE_COHORT_MEDIAN_SAME_ASOF
277,WSSEC:WS:XNAS:GILD,WS:XNAS:GILD,XNAS,GILD,US_SP500,2026-09-24,372,371,0.0108042821465466,0.1848187967416674,-0.060025304870584099,-0.024838988038786699,0.070829587017130699,0.2096577847804541,LEAVE_ONE_OUT_PRIMARY_UNIVERSE_COHORT_MEDIAN_SAME_ASOF
278,WSSEC:WS:XNAS:GNTX,WS:XNAS:GNTX,XNAS,GNTX,US_SP400,2026-09-21,368,367,-0.063874799825208106,-0.1412495627605026,-0.052040506991479503,-0.034115148633207401,-0.011834292833728603,-0.1071344141272952,LEAVE_ONE_OUT_PRIMARY_UNIVERSE_COHORT_MEDIAN_SAME_ASOF
279,WSSEC:WS:XNAS:HALO,WS:XNAS:HALO,XNAS,HALO,US_SP400,2026-09-21,368,367,0.0303226295166798,0.53427860524079751,-0.052212533000536201,-0.034732470722386902,0.082535162517216001,0.56901107596318445,LEAVE_ONE_OUT_PRIMARY_UNIVERSE_COHORT_MEDIAN_SAME_ASOF
280,WSSEC:WS:XNAS:HAS,WS:XNAS:HAS,XNAS,HAS,US_SP500,2026-09-24,372,371,-0.098452625057612597,0.051095791352724303,-0.059631449892692603,-0.024838988038786699,-0.038821175164919994,0.075934779391510998,LEAVE_ONE_OUT_PRIMARY_UNIVERSE_COHORT_MEDIAN_SAME_ASOF
281,WSSEC:WS:XNAS:HLNE,WS:XNAS:HLNE,XNAS,HLNE,US_SP400,2026-09-21,368,367,-0.16146181663599099,0.15901331570558169,-0.052040506991479503,-0.034732470722386902,-0.10942130964451149,0.19374578642796858,LEAVE_ONE_OUT_PRIMARY_UNIVERSE_COHORT_MEDIAN_SAME_ASOF
282,WSSEC:WS:XNAS:HOOD,WS:XNAS:HOOD,XNAS,HOOD,US_SP500,2026-09-24,372,371,0.11313800143464101,0.2048264974627014,-0.060025304870584099,-0.024838988038786699,0.17316330630522511,0.2296654855014881,LEAVE_ONE_OUT_PRIMARY_UNIVERSE_COHORT_MEDIAN_SAME_ASOF
283,WSSEC:WS:XNAS:HQY,WS:XNAS:HQY,XNAS,HQY,US_SP400,2026-09-21,368,367,-0.1033109443193909,0.13292576168434481,-0.052040506991479503,-0.034732470722386902,-0.051270437327911401,0.16765823240673172,LEAVE_ONE_OUT_PRIMARY_UNIVERSE_COHORT_MEDIAN_SAME_ASOF
284,WSSEC:WS:XNAS:HSIC,WS:XNAS:HSIC,XNAS,HSIC,US_SP500,2026-09-24,372,371,-0.053662299419218802,0.024066118498788699,-0.060025304870584099,-0.024838988038786699,0.0063630054513652973,0.048905106537575398,LEAVE_ONE_OUT_PRIMARY_UNIVERSE_COHORT_MEDIAN_SAME_ASOF
285,WSSEC:WS:XNAS:HWC,WS:XNAS:HWC,XNAS,HWC,US_SP400,2026-09-21,368,367,-0.0115414585949464,0.0033665498627561,-0.052212533000536201,-0.034732470722386902,0.040671074405589799,0.038099020585143001,LEAVE_ONE_OUT_PRIMARY_UNIVERSE_COHORT_MEDIAN_SAME_ASOF
286,WSSEC:WS:XNAS:IBKR,WS:XNAS:IBKR,XNAS,IBKR,US_SP500,2026-09-24,372,371,-0.074211473895745006,0.031939323874719198,-0.059631449892692603,-0.024838988038786699,-0.014580024003052403,0.056778311913505894,LEAVE_ONE_OUT_PRIMARY_UNIVERSE_COHORT_MEDIAN_SAME_ASOF
287,WSSEC:WS:XNAS:IBOC,WS:XNAS:IBOC,XNAS,IBOC,US_SP400,2026-09-21,368,367,-0.018603920008426499,-0.090012904660966397,-0.052212533000536201,-0.034115148633207401,0.033608612992109703,-0.055897756027758996,LEAVE_ONE_OUT_PRIMARY_UNIVERSE_COHORT_MEDIAN_SAME_ASOF
288,WSSEC:WS:XNAS:IDCC,WS:XNAS:IDCC,XNAS,IDCC,US_SP400,2026-09-21,368,367,-0.045908535144721298,0.19582722404659941,-0.052212533000536201,-0.034732470722386902,0.0063039978558149037,0.2305596947689863,LEAVE_ONE_OUT_PRIMARY_UNIVERSE_COHORT_MEDIAN_SAME_ASOF
289,WSSEC:WS:XNAS:IDXX,WS:XNAS:IDXX,XNAS,IDXX,US_SP500,2026-09-24,372,371,-0.072365545707384807,-0.024789126457807901,-0.059631449892692603,-0.024838988038786699,-0.012734095814692203,4.9861580978798059e-05,LEAVE_ONE_OUT_PRIMARY_UNIVERSE_COHORT_MEDIAN_SAME_ASOF
290,WSSEC:WS:XNAS:IESC,WS:XNAS:IESC,XNAS,IESC,US_SP400,2026-09-21,368,367,0.87837214036910294,0.67866001337209325,-0.052212533000536201,-0.034732470722386902,0.93058467336963913,0.71339248409448019,LEAVE_ONE_OUT_PRIMARY_UNIVERSE_COHORT_MEDIAN_SAME_ASOF
291,WSSEC:WS:XNAS:ILMN,WS:XNAS:ILMN,XNAS,ILMN,US_SP400,2026-09-21,368,367,0.088514193108396103,0.34432882369462842,-0.052212533000536201,-0.034732470722386902,0.1407267261089323,0.3790612944170153,LEAVE_ONE_OUT_PRIMARY_UNIVERSE_COHORT_MEDIAN_SAME_ASOF
292,WSSEC:WS:XNAS:INCY,WS:XNAS:INCY,XNAS,INCY,US_SP500,2026-09-24,372,371,-0.028723016047692399,0.0977417234597555,-0.060025304870584099,-0.024838988038786699,0.031302288822891697,0.1225807114985422,LEAVE_ONE_OUT_PRIMARY_UNIVERSE_COHORT_MEDIAN_SAME_ASOF
293,WSSEC:WS:XNAS:INTC,WS:XNAS:INTC,XNAS,INTC,US_SP500,2026-09-24,372,371,0.44367636529548821,-0.087660281208446197,-0.060025304870584099,-0.024789126457807901,0.50370167016607226,-0.0628711547506383,LEAVE_ONE_OUT_PRIMARY_UNIVERSE_COHORT_MEDIAN_SAME_ASOF
294,WSSEC:WS:XNAS:INTU,WS:XNAS:INTU,XNAS,INTU,US_SP500,2026-09-24,372,371,-0.19876835616240141,0.061800784991618597,-0.059631449892692603,-0.024838988038786699,-0.13913690626970882,0.086639773030405293,LEAVE_ONE_OUT_PRIMARY_UNIVERSE_COHORT_MEDIAN_SAME_ASOF
295,WSSEC:WS:XNAS:IPGP,WS:XNAS:IPGP,XNAS,IPGP,US_SP400,2026-09-21,368,367,0.0612885303418386,-0.29465664853298362,-0.052212533000536201,-0.034115148633207401,0.11350106334237481,-0.26054149989977621,LEAVE_ONE_OUT_PRIMARY_UNIVERSE_COHORT_MEDIAN_SAME_ASOF
296,WSSEC:WS:XNAS:ISRG,WS:XNAS:ISRG,XNAS,ISRG,US_SP500,2026-09-24,372,371,0.078559404273696495,0.0046268265232812999,-0.060025304870584099,-0.024838988038786699,0.13858470914428059,0.029465814562068,LEAVE_ONE_OUT_PRIMARY_UNIVERSE_COHORT_MEDIAN_SAME_ASOF
297,WSSEC:WS:XNAS:JAZZ,WS:XNAS:JAZZ,XNAS,JAZZ,US_SP400,2026-09-21,368,367,-0.050416832338263599,0.067462466717524705,-0.052212533000536201,-0.034732470722386902,0.0017957006622726021,0.10219493743991161,LEAVE_ONE_OUT_PRIMARY_UNIVERSE_COHORT_MEDIAN_SAME_ASOF
298,WSSEC:WS:XNAS:JBHT,WS:XNAS:JBHT,XNAS,JBHT,US_SP500,2026-09-24,372,371,-0.13082240492948441,-0.2082714311050077,-0.059631449892692603,-0.024789126457807901,-0.071190955036791806,-0.18348230464719981,LEAVE_ONE_OUT_PRIMARY_UNIVERSE_COHORT_MEDIAN_SAME_ASOF
299,WSSEC:WS:XNAS:JKHY,WS:XNAS:JKHY,XNAS,JKHY,US_SP500,2026-09-24,372,371,-0.1429317215435178,0.072673109537030697,-0.059631449892692603,-0.024838988038786699,-0.083300271650825194,0.0975120975758174,LEAVE_ONE_OUT_PRIMARY_UNIVERSE_COHORT_MEDIAN_SAME_ASOF
300,WSSEC:WS:XNAS:KHC,WS:XNAS:KHC,XNAS,KHC,US_SP500,2026-09-24,372,371,-0.037515137992321299,0.010160870558459901,-0.060025304870584099,-0.024838988038786699,0.022510166878262801,0.034999858597246601,LEAVE_ONE_OUT_PRIMARY_UNIVERSE_COHORT_MEDIAN_SAME_ASOF
301,WSSEC:WS:XNAS:KLAC,WS:XNAS:KLAC,XNAS,KLAC,US_SP500,2026-09-24,372,371,0.017842565123353998,-0.37983492125016172,-0.060025304870584099,-0.024789126457807901,0.077867869993938105,-0.35504579479235382,LEAVE_ONE_OUT_PRIMARY_UNIVERSE_COHORT_MEDIAN_SAME_ASOF
302,WSSEC:WS:XNAS:KRYS,WS:XNAS:KRYS,XNAS,KRYS,US_SP400,2026-09-21,368,367,-0.036730281499089502,-0.072458497771698605,-0.052212533000536201,-0.034115148633207401,0.015482251501446699,-0.038343349138491203,LEAVE_ONE_OUT_PRIMARY_UNIVERSE_COHORT_MEDIAN_SAME_ASOF
303,WSSEC:WS:XNAS:KTOS,WS:XNAS:KTOS,XNAS,KTOS,US_SP400,2026-09-21,368,367,-0.15007868272100219,0.049006918668380799,-0.052040506991479503,-0.034732470722386902,-0.098038175729522697,0.083739389390767693,LEAVE_ONE_OUT_PRIMARY_UNIVERSE_COHORT_MEDIAN_SAME_ASOF
304,WSSEC:WS:XNAS:LECO,WS:XNAS:LECO,XNAS,LECO,US_SP400,2026-09-21,368,367,-0.083386556629261893,-0.056261850898017399,-0.052040506991479503,-0.034115148633207401,-0.03134604963778239,-0.022146702264809998,LEAVE_ONE_OUT_PRIMARY_UNIVERSE_COHORT_MEDIAN_SAME_ASOF
305,WSSEC:WS:XNAS:LFUS,WS:XNAS:LFUS,XNAS,LFUS,US_SP400,2026-09-21,368,367,-0.0065977809059127998,-0.14182136646129551,-0.052212533000536201,-0.034115148633207401,0.045614752094623401,-0.1077062178280881,LEAVE_ONE_OUT_PRIMARY_UNIVERSE_COHORT_MEDIAN_SAME_ASOF
306,WSSEC:WS:XNAS:LITE,WS:XNAS:LITE,XNAS,LITE,US_SP500,2026-09-24,372,371,-0.010638692009681001,0.082721465481093007,-0.060025304870584099,-0.024838988038786699,0.049386612860903095,0.10756045351987971,LEAVE_ONE_OUT_PRIMARY_UNIVERSE_COHORT_MEDIAN_SAME_ASOF
307,WSSEC:WS:XNAS:LIVN,WS:XNAS:LIVN,XNAS,LIVN,US_SP400,2026-09-21,368,367,-0.0072390107986843996,-0.035533680127974303,-0.052212533000536201,-0.034115148633207401,0.044973522201851801,-0.0014185314947669017,LEAVE_ONE_OUT_PRIMARY_UNIVERSE_COHORT_MEDIAN_SAME_ASOF
308,WSSEC:WS:XNAS:LNT,WS:XNAS:LNT,XNAS,LNT,US_SP500,2026-09-24,372,371,-0.0813986788261713,-0.17014024625073121,-0.059631449892692603,-0.024789126457807901,-0.021767228933478697,-0.14535111979292331,LEAVE_ONE_OUT_PRIMARY_UNIVERSE_COHORT_MEDIAN_SAME_ASOF
309,WSSEC:WS:XNAS:LNTH,WS:XNAS:LNTH,XNAS,LNTH,US_SP400,2026-09-21,368,367,0.0031009058198305001,-0.080084425152323696,-0.052212533000536201,-0.034115148633207401,0.055313438820366705,-0.045969276519116295,LEAVE_ONE_OUT_PRIMARY_UNIVERSE_COHORT_MEDIAN_SAME_ASOF
310,WSSEC:WS:XNAS:LOPE,WS:XNAS:LOPE,XNAS,LOPE,US_SP400,2026-09-21,368,367,0.020954809420878899,0.052576412896882599,-0.052212533000536201,-0.034732470722386902,0.073167342421415094,0.087308883619269501,LEAVE_ONE_OUT_PRIMARY_UNIVERSE_COHORT_MEDIAN_SAME_ASOF
311,WSSEC:WS:XNAS:LSCC,WS:XNAS:LSCC,XNAS,LSCC,US_SP400,2026-09-21,368,367,-0.0038236432007957002,-0.1869625496188424,-0.052212533000536201,-0.034115148633207401,0.0483888897997405,-0.15284740098563498,LEAVE_ONE_OUT_PRIMARY_UNIVERSE_COHORT_MEDIAN_SAME_ASOF
312,WSSEC:WS:XNAS:LSTR,WS:XNAS:LSTR,XNAS,LSTR,US_SP400,2026-09-21,368,367,-0.087147573948247195,-0.18941551836021889,-0.052040506991479503,-0.034115148633207401,-0.035107066956767692,-0.1553003697270115,LEAVE_ONE_OUT_PRIMARY_UNIVERSE_COHORT_MEDIAN_SAME_ASOF
313,WSSEC:WS:XNAS:LULU,WS:XNAS:LULU,XNAS,LULU,US_SP500,2026-09-24,372,371,-0.1264288721735092,-0.1098265973201166,-0.059631449892692603,-0.024789126457807901,-0.066797422280816601,-0.085037470862308701,LEAVE_ONE_OUT_PRIMARY_UNIVERSE_COHORT_MEDIAN_SAME_ASOF
314,WSSEC:WS:XNAS:MANH,WS:XNAS:MANH,XNAS,MANH,US_SP400,2026-09-21,368,367,-0.024282212501681898,0.63720967863286893,-0.052212533000536201,-0.034732470722386902,0.027930320498854303,0.67194214935525587,LEAVE_ONE_OUT_PRIMARY_UNIVERSE_COHORT_MEDIAN_SAME_ASOF
315,WSSEC:WS:XNAS:MAR,WS:XNAS:MAR,XNAS,MAR,US_SP500,2026-09-24,372,371,-0.019962649215312701,-0.051485433392187897,-0.060025304870584099,-0.024789126457807901,0.040062655655271395,-0.026696306934379996,LEAVE_ONE_OUT_PRIMARY_UNIVERSE_COHORT_MEDIAN_SAME_ASOF
316,WSSEC:WS:XNAS:MAT,WS:XNAS:MAT,XNAS,MAT,US_SP400,2026-09-21,368,367,-0.098552741738032301,-0.052860280501780398,-0.052040506991479503,-0.034115148633207401,-0.046512234746552798,-0.018745131868572996,LEAVE_ONE_OUT_PRIMARY_UNIVERSE_COHORT_MEDIAN_SAME_ASOF
317,WSSEC:WS:XNAS:MCHP,WS:XNAS:MCHP,XNAS,MCHP,US_SP500,2026-09-24,372,371,0.0086428003142834994,-0.1810306475800178,-0.060025304870584099,-0.024789126457807901,0.068668105184867601,-0.1562415211222099,LEAVE_ONE_OUT_PRIMARY_UNIVERSE_COHORT_MEDIAN_SAME_ASOF
318,WSSEC:WS:XNAS:MDLZ,WS:XNAS:MDLZ,XNAS,MDLZ,US_SP500,2026-09-24,372,371,-0.034121532589327,0.052213009159692098,-0.060025304870584099,-0.024838988038786699,0.025903772281257099,0.0770519971984788,LEAVE_ONE_OUT_PRIMARY_UNIVERSE_COHORT_MEDIAN_SAME_ASOF
319,WSSEC:WS:XNAS:MEDP,WS:XNAS:MEDP,XNAS,MEDP,US_SP400,2026-09-21,368,367,0.0055578126573196003,0.20047693251281681,-0.052212533000536201,-0.034732470722386902,0.057770345657855798,0.23520940323520373,LEAVE_ONE_OUT_PRIMARY_UNIVERSE_COHORT_MEDIAN_SAME_ASOF
320,WSSEC:WS:XNAS:META,WS:XNAS:META,XNAS,META,US_SP500,2026-09-24,372,371,0.34965461013839971,0.38044356758948461,-0.060025304870584099,-0.024838988038786699,0.40967991500898382,0.40528255562827131,LEAVE_ONE_OUT_PRIMARY_UNIVERSE_COHORT_MEDIAN_SAME_ASOF
321,WSSEC:WS:XNAS:MIDD,WS:XNAS:MIDD,XNAS,MIDD,US_SP400,2026-09-21,368,367,-0.036629747436525403,0.0006793905444442,-0.052212533000536201,-0.034732470722386902,0.015582785564010798,0.035411861266831102,LEAVE_ONE_OUT_PRIMARY_UNIVERSE_COHORT_MEDIAN_SAME_ASOF
322,WSSEC:WS:XNAS:MKSI,WS:XNAS:MKSI,XNAS,MKSI,US_SP400,2026-09-21,368,367,-0.079502608607420394,-0.3738392557908724,-0.052040506991479503,-0.034115148633207401,-0.027462101615940891,-0.33972410715766499,LEAVE_ONE_OUT_PRIMARY_UNIVERSE_COHORT_MEDIAN_SAME_ASOF
323,WSSEC:WS:XNAS:MORN,WS:XNAS:MORN,XNAS,MORN,US_SP400,2026-09-21,368,367,-0.067138954104937004,0.4204033165706107,-0.052040506991479503,-0.034732470722386902,-0.015098447113457501,0.45513578729299758,LEAVE_ONE_OUT_PRIMARY_UNIVERSE_COHORT_MEDIAN_SAME_ASOF
324,WSSEC:WS:XNAS:MPWR,WS:XNAS:MPWR,XNAS,MPWR,US_SP500,2026-09-24,372,371,0.0242890786166776,-0.033862334717054597,-0.060025304870584099,-0.024789126457807901,0.084314383487261696,-0.0090732082592466963,LEAVE_ONE_OUT_PRIMARY_UNIVERSE_COHORT_MEDIAN_SAME_ASOF
325,WSSEC:WS:XNAS:MRNA,WS:XNAS:MRNA,XNAS,MRNA,US_SP500,2026-09-24,372,371,0.30175065185798128,1.7819507456826318,-0.060025304870584099,-0.024838988038786699,0.36177595672856538,1.8067897337214185,LEAVE_ONE_OUT_PRIMARY_UNIVERSE_COHORT_MEDIAN_SAME_ASOF
326,WSSEC:WS:XNAS:MRVL,WS:XNAS:MRVL,XNAS,MRVL,US_SP500,2026-09-24,372,371,0.056464491706647899,-0.1307193948322245,-0.060025304870584099,-0.024789126457807901,0.11648979657723199,-0.1059302683744166,LEAVE_ONE_OUT_PRIMARY_UNIVERSE_COHORT_MEDIAN_SAME_ASOF
327,WSSEC:WS:XNAS:MSFT,WS:XNAS:MSFT,XNAS,MSFT,US_SP500,2026-09-24,372,371,0.0031428119627283,0.33486142121335799,-0.060025304870584099,-0.024838988038786699,0.063168116833312402,0.35970040925214469,LEAVE_ONE_OUT_PRIMARY_UNIVERSE_COHORT_MEDIAN_SAME_ASOF
328,WSSEC:WS:XNAS:MTSI,WS:XNAS:MTSI,XNAS,MTSI,US_SP400,2026-09-21,368,367,0.046884965630664598,-0.28468186369414811,-0.052212533000536201,-0.034115148633207401,0.099097498631200792,-0.25056671506094069,LEAVE_ONE_OUT_PRIMARY_UNIVERSE_COHORT_MEDIAN_SAME_ASOF
329,WSSEC:WS:XNAS:MU,WS:XNAS:MU,XNAS,MU,US_SP500,2026-09-24,372,371,0.15145993306165831,-0.063900759141551494,-0.060025304870584099,-0.024789126457807901,0.21148523793224241,-0.039111632683743597,LEAVE_ONE_OUT_PRIMARY_UNIVERSE_COHORT_MEDIAN_SAME_ASOF
330,WSSEC:WS:XNAS:MZTI,WS:XNAS:MZTI,XNAS,MZTI,US_SP400,2026-09-21,368,367,-0.0817880272154035,-0.088159446128101102,-0.052040506991479503,-0.034115148633207401,-0.029747520223923997,-0.0540442974948937,LEAVE_ONE_OUT_PRIMARY_UNIVERSE_COHORT_MEDIAN_SAME_ASOF
331,WSSEC:WS:XNAS:NBIX,WS:XNAS:NBIX,XNAS,NBIX,US_SP400,2026-09-21,368,367,-0.056433113960956099,-0.12315743003987099,-0.052040506991479503,-0.034115148633207401,-0.0043926069694765965,-0.089042281406663593,LEAVE_ONE_OUT_PRIMARY_UNIVERSE_COHORT_MEDIAN_SAME_ASOF
332,WSSEC:WS:XNAS:NDAQ,WS:XNAS:NDAQ,XNAS,NDAQ,US_SP500,2026-09-24,372,371,-0.049462130376663603,0.19956868076423651,-0.060025304870584099,-0.024838988038786699,0.010563174493920496,0.22440766880302321,LEAVE_ONE_OUT_PRIMARY_UNIVERSE_COHORT_MEDIAN_SAME_ASOF
333,WSSEC:WS:XNAS:NDSN,WS:XNAS:NDSN,XNAS,NDSN,US_SP500,2026-09-24,372,371,-0.033833394885965901,0.071497255956991898,-0.060025304870584099,-0.024838988038786699,0.026191909984618199,0.0963362439957786,LEAVE_ONE_OUT_PRIMARY_UNIVERSE_COHORT_MEDIAN_SAME_ASOF
334,WSSEC:WS:XNAS:NFLX,WS:XNAS:NFLX,XNAS,NFLX,US_SP500,2026-09-24,372,371,-0.11956786119859041,0.0044817883471366003,-0.059631449892692603,-0.024838988038786699,-0.059936411305897802,0.0293207763859233,LEAVE_ONE_OUT_PRIMARY_UNIVERSE_COHORT_MEDIAN_SAME_ASOF
335,WSSEC:WS:XNAS:NOVT,WS:XNAS:NOVT,XNAS,NOVT,US_SP400,2026-09-21,368,367,-0.075254802541884602,-0.16281241856050149,-0.052040506991479503,-0.034115148633207401,-0.023214295550405099,-0.12869726992729408,LEAVE_ONE_OUT_PRIMARY_UNIVERSE_COHORT_MEDIAN_SAME_ASOF
336,WSSEC:WS:XNAS:NTNX,WS:XNAS:NTNX,XNAS,NTNX,US_SP400,2026-09-21,368,367,0.035481986214302,0.49211766009030938,-0.052212533000536201,-0.034732470722386902,0.087694519214838201,0.52685013081269627,LEAVE_ONE_OUT_PRIMARY_UNIVERSE_COHORT_MEDIAN_SAME_ASOF
337,WSSEC:WS:XNAS:NTRS,WS:XNAS:NTRS,XNAS,NTRS,US_SP500,2026-09-24,372,371,-0.070126843255340507,0.0037966157156751998,-0.059631449892692603,-0.024838988038786699,-0.010495393362647903,0.028635603754461898,LEAVE_ONE_OUT_PRIMARY_UNIVERSE_COHORT_MEDIAN_SAME_ASOF
338,WSSEC:WS:XNAS:NVDA,WS:XNAS:NVDA,XNAS,NVDA,US_SP500,2026-09-24,372,371,0.071162825089856094,0.12239495197854849,-0.060025304870584099,-0.024838988038786699,0.13118812996044019,0.1472339400173352,LEAVE_ONE_OUT_PRIMARY_UNIVERSE_COHORT_MEDIAN_SAME_ASOF
339,WSSEC:WS:XNAS:NWE,WS:XNAS:NWE,XNAS,NWE,US_SP400,2026-09-21,368,367,0.0054716328223267004,-0.022536401950322599,-0.052212533000536201,-0.034732470722386902,0.057684165822862898,0.012196068772064302,LEAVE_ONE_OUT_PRIMARY_UNIVERSE_COHORT_MEDIAN_SAME_ASOF
340,WSSEC:WS:XNAS:NXST,WS:XNAS:NXST,XNAS,NXST,US_SP400,2026-09-21,368,367,-0.1073923152396644,0.074014202806177196,-0.052040506991479503,-0.034732470722386902,-0.055351808248184899,0.1087466735285641,LEAVE_ONE_OUT_PRIMARY_UNIVERSE_COHORT_MEDIAN_SAME_ASOF
341,WSSEC:WS:XNAS:NXT,WS:XNAS:NXT,XNAS,NXT,US_SP400,2026-09-21,368,367,-0.035158955309436198,-0.26532955202619468,-0.052212533000536201,-0.034115148633207401,0.017053577691100004,-0.23121440339298727,LEAVE_ONE_OUT_PRIMARY_UNIVERSE_COHORT_MEDIAN_SAME_ASOF
342,WSSEC:WS:XNAS:ODFL,WS:XNAS:ODFL,XNAS,ODFL,US_SP500,2026-09-24,372,371,-0.1228501273618873,-0.19238232804028541,-0.059631449892692603,-0.024789126457807901,-0.063218677469194698,-0.16759320158247751,LEAVE_ONE_OUT_PRIMARY_UNIVERSE_COHORT_MEDIAN_SAME_ASOF
343,WSSEC:WS:XNAS:OKTA,WS:XNAS:OKTA,XNAS,OKTA,US_SP400,2026-09-21,368,367,0.4157910514665159,0.6043098977350243,-0.052212533000536201,-0.034732470722386902,0.46800358446705209,0.63904236845741125,LEAVE_ONE_OUT_PRIMARY_UNIVERSE_COHORT_MEDIAN_SAME_ASOF
344,WSSEC:WS:XNAS:OLED,WS:XNAS:OLED,XNAS,OLED,US_SP400,2026-09-21,368,367,-0.091565625772138406,-0.1092071905256063,-0.052040506991479503,-0.034115148633207401,-0.039525118780658904,-0.075092041892398903,LEAVE_ONE_OUT_PRIMARY_UNIVERSE_COHORT_MEDIAN_SAME_ASOF
345,WSSEC:WS:XNAS:OLLI,WS:XNAS:OLLI,XNAS,OLLI,US_SP400,2026-09-21,368,367,0.047850656030646803,0.1162301497929667,-0.052212533000536201,-0.034732470722386902,0.100063189031183,0.15096262051535358,LEAVE_ONE_OUT_PRIMARY_UNIVERSE_COHORT_MEDIAN_SAME_ASOF
346,WSSEC:WS:XNAS:ON,WS:XNAS:ON,XNAS,ON,US_SP500,2026-09-24,372,371,-0.00095601876068290002,-0.22625342905127169,-0.060025304870584099,-0.024789126457807901,0.059069286109901198,-0.20146430259346379,LEAVE_ONE_OUT_PRIMARY_UNIVERSE_COHORT_MEDIAN_SAME_ASOF
347,WSSEC:WS:XNAS:ONB,WS:XNAS:ONB,XNAS,ONB,US_SP400,2026-09-21,368,367,-0.0216969964172735,-0.024343090463529199,-0.052212533000536201,-0.034732470722386902,0.030515536583262701,0.010389380258857703,LEAVE_ONE_OUT_PRIMARY_UNIVERSE_COHORT_MEDIAN_SAME_ASOF
348,WSSEC:WS:XNAS:OPCH,WS:XNAS:OPCH,XNAS,OPCH,US_SP400,2026-09-21,368,367,0.010548522867177701,0.1149907482933758,-0.052212533000536201,-0.034732470722386902,0.062761055867713897,0.14972321901576269,LEAVE_ONE_OUT_PRIMARY_UNIVERSE_COHORT_MEDIAN_SAME_ASOF
349,WSSEC:WS:XNAS:ORLY,WS:XNAS:ORLY,XNAS,ORLY,US_SP500,2026-09-24,372,371,-0.0369626474057759,-0.063524798639981006,-0.060025304870584099,-0.024789126457807901,0.023062657464808199,-0.038735672182173109,LEAVE_ONE_OUT_PRIMARY_UNIVERSE_COHORT_MEDIAN_SAME_ASOF
350,WSSEC:WS:XNAS:OZK,WS:XNAS:OZK,XNAS,OZK,US_SP400,2026-09-21,368,367,-0.033791951250914998,-0.078363274766945198,-0.052212533000536201,-0.034115148633207401,0.018420581749621204,-0.044248126133737797,LEAVE_ONE_OUT_PRIMARY_UNIVERSE_COHORT_MEDIAN_SAME_ASOF
351,WSSEC:WS:XNAS:PANW,WS:XNAS:PANW,XNAS,PANW,US_SP500,2026-09-24,372,371,0.14915568722787489,0.1433934255745403,-0.060025304870584099,-0.024838988038786699,0.209180992098459,0.168232413613327,LEAVE_ONE_OUT_PRIMARY_UNIVERSE_COHORT_MEDIAN_SAME_ASOF
352,WSSEC:WS:XNAS:PAYX,WS:XNAS:PAYX,XNAS,PAYX,US_SP500,2026-09-24,372,371,-0.1864990505105884,0.033153609744023899,-0.059631449892692603,-0.024838988038786699,-0.12686760061789581,0.057992597782810601,LEAVE_ONE_OUT_PRIMARY_UNIVERSE_COHORT_MEDIAN_SAME_ASOF
353,WSSEC:WS:XNAS:PCAR,WS:XNAS:PCAR,XNAS,PCAR,US_SP500,2026-09-24,372,371,-0.14361988835567679,-0.078671364981346595,-0.059631449892692603,-0.024789126457807901,-0.083988438462984191,-0.053882238523538697,LEAVE_ONE_OUT_PRIMARY_UNIVERSE_COHORT_MEDIAN_SAME_ASOF
354,WSSEC:WS:XNAS:PCTY,WS:XNAS:PCTY,XNAS,PCTY,US_SP400,2026-09-21,368,367,-0.058171373300999397,0.43730088917219012,-0.052040506991479503,-0.034732470722386902,-0.0061308663095198945,0.47203335989457701,LEAVE_ONE_OUT_PRIMARY_UNIVERSE_COHORT_MEDIAN_SAME_ASOF
355,WSSEC:WS:XNAS:PEGA,WS:XNAS:PEGA,XNAS,PEGA,US_SP400,2026-09-21,368,367,0.0420142964753948,0.2176184560158553,-0.052212533000536201,-0.034732470722386902,0.094226829475931001,0.25235092673824222,LEAVE_ONE_OUT_PRIMARY_UNIVERSE_COHORT_MEDIAN_SAME_ASOF
356,WSSEC:WS:XNAS:PPC,WS:XNAS:PPC,XNAS,PPC,US_SP400,2026-09-21,368,367,-0.085891487062439403,0.1012326872667914,-0.052040506991479503,-0.034732470722386902,-0.0338509800709599,0.1359651579891783,LEAVE_ONE_OUT_PRIMARY_UNIVERSE_COHORT_MEDIAN_SAME_ASOF
357,WSSEC:WS:XNAS:PTC,WS:XNAS:PTC,XNAS,PTC,US_SP500,2026-09-24,372,371,-0.093661347477579496,0.20948862709177099,-0.059631449892692603,-0.024838988038786699,-0.034029897584886892,0.23432761513055769,LEAVE_ONE_OUT_PRIMARY_UNIVERSE_COHORT_MEDIAN_SAME_ASOF
358,WSSEC:WS:XNAS:PYPL,WS:XNAS:PYPL,XNAS,PYPL,US_SP500,2026-09-24,372,371,-0.1490050589636403,0.21815651001318279,-0.059631449892692603,-0.024838988038786699,-0.089373609070947699,0.24299549805196949,LEAVE_ONE_OUT_PRIMARY_UNIVERSE_COHORT_MEDIAN_SAME_ASOF
359,WSSEC:WS:XNAS:QCOM,WS:XNAS:QCOM,XNAS,QCOM,US_SP500,2026-09-24,372,371,0.1865379492940713,0.051247370338065798,-0.060025304870584099,-0.024838988038786699,0.24656325416465541,0.0760863583768525,LEAVE_ONE_OUT_PRIMARY_UNIVERSE_COHORT_MEDIAN_SAME_ASOF
360,WSSEC:WS:XNAS:QLYS,WS:XNAS:QLYS,XNAS,QLYS,US_SP400,2026-09-21,368,367,-0.0052203372378606004,0.55805142417988096,-0.052212533000536201,-0.034732470722386902,0.046992195762675604,0.5927838949022679,LEAVE_ONE_OUT_PRIMARY_UNIVERSE_COHORT_MEDIAN_SAME_ASOF
361,WSSEC:WS:XNAS:REGN,WS:XNAS:REGN,XNAS,REGN,US_SP500,2026-09-24,372,371,-0.023036560343484998,0.27661424701198961,-0.060025304870584099,-0.024838988038786699,0.036988744527099104,0.30145323505077631,LEAVE_ONE_OUT_PRIMARY_UNIVERSE_COHORT_MEDIAN_SAME_ASOF
362,WSSEC:WS:XNAS:RGEN,WS:XNAS:RGEN,XNAS,RGEN,US_SP400,2026-09-21,368,367,-0.0023187663977429999,0.24430222426564649,-0.052212533000536201,-0.034732470722386902,0.049893766602793203,0.2790346949880334,LEAVE_ONE_OUT_PRIMARY_UNIVERSE_COHORT_MEDIAN_SAME_ASOF
363,WSSEC:WS:XNAS:RGLD,WS:XNAS:RGLD,XNAS,RGLD,US_SP400,2026-09-21,368,367,-0.034361641711557499,0.2223145664093657,-0.052212533000536201,-0.034732470722386902,0.017850891288978703,0.25704703713175259,LEAVE_ONE_OUT_PRIMARY_UNIVERSE_COHORT_MEDIAN_SAME_ASOF
364,WSSEC:WS:XNAS:RMBS,WS:XNAS:RMBS,XNAS,RMBS,US_SP400,2026-09-21,368,367,0.062691816688155294,-0.2161048009486132,-0.052212533000536201,-0.034115148633207401,0.1149043496886915,-0.18198965231540581,LEAVE_ONE_OUT_PRIMARY_UNIVERSE_COHORT_MEDIAN_SAME_ASOF
365,WSSEC:WS:XNAS:ROIV,WS:XNAS:ROIV,XNAS,ROIV,US_SP400,2026-09-21,368,367,0.074104752009467895,0.1460905688955958,-0.052212533000536201,-0.034732470722386902,0.12631728501000411,0.18082303961798268,LEAVE_ONE_OUT_PRIMARY_UNIVERSE_COHORT_MEDIAN_SAME_ASOF
366,WSSEC:WS:XNAS:ROKU,WS:XNAS:ROKU,XNAS,ROKU,US_SP400,2026-09-21,368,367,-0.020064788570005699,0.14547618737517221,-0.052212533000536201,-0.034732470722386902,0.032147744430530506,0.18020865809755909,LEAVE_ONE_OUT_PRIMARY_UNIVERSE_COHORT_MEDIAN_SAME_ASOF
367,WSSEC:WS:XNAS:ROST,WS:XNAS:ROST,XNAS,ROST,US_SP500,2026-09-24,372,371,-0.0036822718087110998,0.10594309206644791,-0.060025304870584099,-0.024838988038786699,0.056343033061873,0.13078208010523459,LEAVE_ONE_OUT_PRIMARY_UNIVERSE_COHORT_MEDIAN_SAME_ASOF
368,WSSEC:WS:XNAS:SAIA,WS:XNAS:SAIA,XNAS,SAIA,US_SP400,2026-09-21,368,367,-0.0389617163864861,-0.19749128044070169,-0.052212533000536201,-0.034115148633207401,0.013250816614050101,-0.16337613180749427,LEAVE_ONE_OUT_PRIMARY_UNIVERSE_COHORT_MEDIAN_SAME_ASOF
369,WSSEC:WS:XNAS:SAIC,WS:XNAS:SAIC,XNAS,SAIC,US_SP400,2026-09-21,368,367,0.041471517461863998,0.2505862284380877,-0.052212533000536201,-0.034732470722386902,0.093684050462400192,0.28531869916047459,LEAVE_ONE_OUT_PRIMARY_UNIVERSE_COHORT_MEDIAN_SAME_ASOF
370,WSSEC:WS:XNAS:SANM,WS:XNAS:SANM,XNAS,SANM,US_SP400,2026-09-21,368,367,0.1089523103264011,-0.173883880590045,-0.052212533000536201,-0.034115148633207401,0.16116484332693731,-0.13976873195683759,LEAVE_ONE_OUT_PRIMARY_UNIVERSE_COHORT_MEDIAN_SAME_ASOF
371,WSSEC:WS:XNAS:SBUX,WS:XNAS:SBUX,XNAS,SBUX,US_SP500,2026-09-24,372,371,-0.13678676956492469,-0.083569827884327597,-0.059631449892692603,-0.024789126457807901,-0.077155319672232089,-0.058780701426519699,LEAVE_ONE_OUT_PRIMARY_UNIVERSE_COHORT_MEDIAN_SAME_ASOF
372,WSSEC:WS:XNAS:SEIC,WS:XNAS:SEIC,XNAS,SEIC,US_SP400,2026-09-21,368,367,-0.037889177139873401,0.19845327974160179,-0.052212533000536201,-0.034732470722386902,0.014323355860662801,0.23318575046398871,LEAVE_ONE_OUT_PRIMARY_UNIVERSE_COHORT_MEDIAN_SAME_ASOF
373,WSSEC:WS:XNAS:SFM,WS:XNAS:SFM,XNAS,SFM,US_SP400,2026-09-21,368,367,-0.1531820163845666,-0.163193161384795,-0.052040506991479503,-0.034115148633207401,-0.10114150939308711,-0.12907801275158759,LEAVE_ONE_OUT_PRIMARY_UNIVERSE_COHORT_MEDIAN_SAME_ASOF
374,WSSEC:WS:XNAS:SHC,WS:XNAS:SHC,XNAS,SHC,US_SP400,2026-09-21,368,367,-0.044455745807439002,0.093567271682844802,-0.052212533000536201,-0.034732470722386902,0.0077567871930971991,0.1282997424052317,LEAVE_ONE_OUT_PRIMARY_UNIVERSE_COHORT_MEDIAN_SAME_ASOF
375,WSSEC:WS:XNAS:SIGI,WS:XNAS:SIGI,XNAS,SIGI,US_SP400,2026-09-21,368,367,-0.040341121593546699,-0.071209429740914501,-0.052212533000536201,-0.034115148633207401,0.011871411406989503,-0.0370942811077071,LEAVE_ONE_OUT_PRIMARY_UNIVERSE_COHORT_MEDIAN_SAME_ASOF
376,WSSEC:WS:XNAS:SIRI,WS:XNAS:SIRI,XNAS,SIRI,US_SP400,2026-09-21,368,367,-0.043569187059307901,-0.011527366433206499,-0.052212533000536201,-0.034732470722386902,0.0086433459412283004,0.023205104289180403,LEAVE_ONE_OUT_PRIMARY_UNIVERSE_COHORT_MEDIAN_SAME_ASOF
377,WSSEC:WS:XNAS:SITM,WS:XNAS:SITM,XNAS,SITM,US_SP400,2026-09-21,368,367,0.038205665926265897,-0.055320414692192503,-0.052212533000536201,-0.034115148633207401,0.090418198926802099,-0.021205266058985102,LEAVE_ONE_OUT_PRIMARY_UNIVERSE_COHORT_MEDIAN_SAME_ASOF
378,WSSEC:WS:XNAS:SLAB,WS:XNAS:SLAB,XNAS,SLAB,US_SP400,2026-09-21,368,367,0.013165115216456399,0.0133975600359321,-0.052212533000536201,-0.034732470722386902,0.065377648216992601,0.048130030758319002,LEAVE_ONE_OUT_PRIMARY_UNIVERSE_COHORT_MEDIAN_SAME_ASOF
379,WSSEC:WS:XNAS:SLM,WS:XNAS:SLM,XNAS,SLM,US_SP400,2026-09-21,368,367,-0.052532102711376198,0.018691551120042199,-0.052040506991479503,-0.034732470722386902,-0.00049159571989669526,0.053424021842429101,LEAVE_ONE_OUT_PRIMARY_UNIVERSE_COHORT_MEDIAN_SAME_ASOF
380,WSSEC:WS:XNAS:SMTC,WS:XNAS:SMTC,XNAS,SMTC,US_SP400,2026-09-21,368,367,0.4293657857335913,0.093054726364416501,-0.052212533000536201,-0.034732470722386902,0.48157831873412749,0.12778719708680342,LEAVE_ONE_OUT_PRIMARY_UNIVERSE_COHORT_MEDIAN_SAME_ASOF
381,WSSEC:WS:XNAS:SNDK,WS:XNAS:SNDK,XNAS,SNDK,US_SP500,2026-09-24,372,371,0.1695712204645847,-0.2287474721357797,-0.060025304870584099,-0.024789126457807901,0.22959652533516881,-0.2039583456779718,LEAVE_ONE_OUT_PRIMARY_UNIVERSE_COHORT_MEDIAN_SAME_ASOF
382,WSSEC:WS:XNAS:SNPS,WS:XNAS:SNPS,XNAS,SNPS,US_SP500,2026-09-24,372,371,0.036365862590510702,-0.047436508428439397,-0.060025304870584099,-0.024789126457807901,0.096391167461094801,-0.022647381970631496,LEAVE_ONE_OUT_PRIMARY_UNIVERSE_COHORT_MEDIAN_SAME_ASOF
383,WSSEC:WS:XNAS:STLD,WS:XNAS:STLD,XNAS,STLD,US_SP500,2026-09-24,372,371,-0.0029673461905612999,0.025015209912081501,-0.060025304870584099,-0.024838988038786699,0.057057958680022801,0.0498541979508682,LEAVE_ONE_OUT_PRIMARY_UNIVERSE_COHORT_MEDIAN_SAME_ASOF
384,WSSEC:WS:XNAS:STRL,WS:XNAS:STRL,XNAS,STRL,US_SP400,2026-09-21,368,367,-0.0080686962904262007,-0.41872275877361348,-0.052212533000536201,-0.034115148633207401,0.044143836710110004,-0.38460761014040606,LEAVE_ONE_OUT_PRIMARY_UNIVERSE_COHORT_MEDIAN_SAME_ASOF
385,WSSEC:WS:XNAS:SWKS,WS:XNAS:SWKS,XNAS,SWKS,US_SP500,2026-09-24,372,371,0.31807255986789768,0.29513264905844488,-0.060025304870584099,-0.024838988038786699,0.37809786473848178,0.31997163709723159,LEAVE_ONE_OUT_PRIMARY_UNIVERSE_COHORT_MEDIAN_SAME_ASOF
386,WSSEC:WS:XNAS:SYNA,WS:XNAS:SYNA,XNAS,SYNA,US_SP400,2026-09-21,368,367,-0.0235511260035942,-0.240885221100298,-0.052212533000536201,-0.034115148633207401,0.028661406996942002,-0.20677007246709062,LEAVE_ONE_OUT_PRIMARY_UNIVERSE_COHORT_MEDIAN_SAME_ASOF
387,WSSEC:WS:XNAS:TCBI,WS:XNAS:TCBI,XNAS,TCBI,US_SP400,2026-09-21,368,367,-0.033570731935992498,-0.082923029651161606,-0.052212533000536201,-0.034115148633207401,0.018641801064543703,-0.048807881017954205,LEAVE_ONE_OUT_PRIMARY_UNIVERSE_COHORT_MEDIAN_SAME_ASOF
388,WSSEC:WS:XNAS:TECH,WS:XNAS:TECH,XNAS,TECH,US_SP500,2026-09-24,372,371,0.0026250683699393,0.027176194302586301,-0.060025304870584099,-0.024838988038786699,0.062650373240523402,0.052015182341372999,LEAVE_ONE_OUT_PRIMARY_UNIVERSE_COHORT_MEDIAN_SAME_ASOF
389,WSSEC:WS:XNAS:TLN,WS:XNAS:TLN,XNAS,TLN,US_SP400,2026-09-21,368,367,-0.046078962755568602,-0.28030227925605639,-0.052212533000536201,-0.034115148633207401,0.0061335702449675997,-0.24618713062284897,LEAVE_ONE_OUT_PRIMARY_UNIVERSE_COHORT_MEDIAN_SAME_ASOF
390,WSSEC:WS:XNAS:TMUS,WS:XNAS:TMUS,XNAS,TMUS,US_SP500,2026-09-24,372,371,-0.079394212228592706,-0.0141894096741617,-0.059631449892692603,-0.024838988038786699,-0.019762762335900103,0.010649578364624998,LEAVE_ONE_OUT_PRIMARY_UNIVERSE_COHORT_MEDIAN_SAME_ASOF
391,WSSEC:WS:XNAS:TROW,WS:XNAS:TROW,XNAS,TROW,US_SP500,2026-09-24,372,371,-0.073567358366784893,-0.082856940769217999,-0.059631449892692603,-0.024789126457807901,-0.01393590847409229,-0.058067814311410101,LEAVE_ONE_OUT_PRIMARY_UNIVERSE_COHORT_MEDIAN_SAME_ASOF
392,WSSEC:WS:XNAS:TSCO,WS:XNAS:TSCO,XNAS,TSCO,US_SP500,2026-09-24,372,371,-0.1019708071588174,-0.0053780472322507,-0.059631449892692603,-0.024838988038786699,-0.042339357266124797,0.019460940806536001,LEAVE_ONE_OUT_PRIMARY_UNIVERSE_COHORT_MEDIAN_SAME_ASOF
393,WSSEC:WS:XNAS:TSLA,WS:XNAS:TSLA,XNAS,TSLA,US_SP500,2026-09-24,372,371,0.092880673289309906,-0.10142654075856131,-0.060025304870584099,-0.024789126457807901,0.15290597815989401,-0.076637414300753409,LEAVE_ONE_OUT_PRIMARY_UNIVERSE_COHORT_MEDIAN_SAME_ASOF
394,WSSEC:WS:XNAS:TTD,WS:XNAS:TTD,XNAS,TTD,US_SP500,2026-09-24,372,371,-0.030698359687461201,-0.301438043819858,-0.060025304870584099,-0.024789126457807901,0.029326945183122899,-0.27664891736205011,LEAVE_ONE_OUT_PRIMARY_UNIVERSE_COHORT_MEDIAN_SAME_ASOF
395,WSSEC:WS:XNAS:TTEK,WS:XNAS:TTEK,XNAS,TTEK,US_SP400,2026-09-21,368,367,-0.028108132852090299,0.26441625911397748,-0.052212533000536201,-0.034732470722386902,0.024104400148445903,0.29914872983636437,LEAVE_ONE_OUT_PRIMARY_UNIVERSE_COHORT_MEDIAN_SAME_ASOF
396,WSSEC:WS:XNAS:TTMI,WS:XNAS:TTMI,XNAS,TTMI,US_SP400,2026-09-21,368,367,0.1219467669250358,-0.41102724828180109,-0.052212533000536201,-0.034115148633207401,0.174159299925572,-0.37691209964859368,LEAVE_ONE_OUT_PRIMARY_UNIVERSE_COHORT_MEDIAN_SAME_ASOF
397,WSSEC:WS:XNAS:TTWO,WS:XNAS:TTWO,XNAS,TTWO,US_SP500,2026-09-24,372,371,-0.13052046099387429,-0.188015044416701,-0.059631449892692603,-0.024789126457807901,-0.07088901110118169,-0.1632259179588931,LEAVE_ONE_OUT_PRIMARY_UNIVERSE_COHORT_MEDIAN_SAME_ASOF
398,WSSEC:WS:XNAS:TXN,WS:XNAS:TXN,XNAS,TXN,US_SP500,2026-09-24,372,371,0.033922929501092297,-0.091991856791914198,-0.060025304870584099,-0.024789126457807901,0.093948234371676403,-0.0672027303341063,LEAVE_ONE_OUT_PRIMARY_UNIVERSE_COHORT_MEDIAN_SAME_ASOF
399,WSSEC:WS:XNAS:TXRH,WS:XNAS:TXRH,XNAS,TXRH,US_SP400,2026-09-21,368,367,-0.19043428821903999,-0.13152514161870929,-0.052040506991479503,-0.034115148633207401,-0.13839378122756049,-0.097409992985501889,LEAVE_ONE_OUT_PRIMARY_UNIVERSE_COHORT_MEDIAN_SAME_ASOF
400,WSSEC:WS:XNAS:UBSI,WS:XNAS:UBSI,XNAS,UBSI,US_SP400,2026-09-21,368,367,-0.021961995850190302,0.0125595065509866,-0.052212533000536201,-0.034732470722386902,0.0302505371503459,0.047291977273373503,LEAVE_ONE_OUT_PRIMARY_UNIVERSE_COHORT_MEDIAN_SAME_ASOF
401,WSSEC:WS:XNAS:UFPI,WS:XNAS:UFPI,XNAS,UFPI,US_SP400,2026-09-21,368,367,-0.096058627427294305,-0.12816338754067741,-0.052040506991479503,-0.034115148633207401,-0.044018120435814802,-0.094048238907470008,LEAVE_ONE_OUT_PRIMARY_UNIVERSE_COHORT_MEDIAN_SAME_ASOF
402,WSSEC:WS:XNAS:ULTA,WS:XNAS:ULTA,XNAS,ULTA,US_SP500,2026-09-24,372,371,0.0102911077713949,0.21686109345877799,-0.060025304870584099,-0.024838988038786699,0.070316412641978993,0.24170008149756469,LEAVE_ONE_OUT_PRIMARY_UNIVERSE_COHORT_MEDIAN_SAME_ASOF
403,WSSEC:WS:XNAS:UMBF,WS:XNAS:UMBF,XNAS,UMBF,US_SP400,2026-09-21,368,367,-0.079991736662357996,-0.068893414897965799,-0.052040506991479503,-0.034115148633207401,-0.027951229670878493,-0.034778266264758398,LEAVE_ONE_OUT_PRIMARY_UNIVERSE_COHORT_MEDIAN_SAME_ASOF
404,WSSEC:WS:XNAS:UTHR,WS:XNAS:UTHR,XNAS,UTHR,US_SP400,2026-09-21,368,367,-0.039016193491153303,-0.092548643127825,-0.052212533000536201,-0.034115148633207401,0.013196339509382898,-0.058433494494617599,LEAVE_ONE_OUT_PRIMARY_UNIVERSE_COHORT_MEDIAN_SAME_ASOF
405,WSSEC:WS:XNAS:VC,WS:XNAS:VC,XNAS,VC,US_SP400,2026-09-21,368,367,-0.1326222647533791,-0.17587444493588841,-0.052040506991479503,-0.034115148633207401,-0.080581757761899603,-0.14175929630268103,LEAVE_ONE_OUT_PRIMARY_UNIVERSE_COHORT_MEDIAN_SAME_ASOF
406,WSSEC:WS:XNAS:VIAV,WS:XNAS:VIAV,XNAS,VIAV,US_SP400,2026-09-21,368,367,-0.069408757250130904,-0.28231558785628452,-0.052040506991479503,-0.034115148633207401,-0.017368250258651401,-0.24820043922307711,LEAVE_ONE_OUT_PRIMARY_UNIVERSE_COHORT_MEDIAN_SAME_ASOF
407,WSSEC:WS:XNAS:VICR,WS:XNAS:VICR,XNAS,VICR,US_SP400,2026-09-21,368,367,0.1164854961225676,-0.32476855041088137,-0.052212533000536201,-0.034115148633207401,0.1686980291231038,-0.29065340177767396,LEAVE_ONE_OUT_PRIMARY_UNIVERSE_COHORT_MEDIAN_SAME_ASOF
408,WSSEC:WS:XNAS:VLY,WS:XNAS:VLY,XNAS,VLY,US_SP400,2026-09-21,368,367,-0.053672333126524301,-0.093369427562465801,-0.052040506991479503,-0.034115148633207401,-0.0016318261350447977,-0.0592542789292584,LEAVE_ONE_OUT_PRIMARY_UNIVERSE_COHORT_MEDIAN_SAME_ASOF
409,WSSEC:WS:XNAS:VNOM,WS:XNAS:VNOM,XNAS,VNOM,US_SP400,2026-09-21,368,367,-0.078418360971139106,-0.042020621088785501,-0.052040506991479503,-0.034115148633207401,-0.026377853979659603,-0.0079054724555780997,LEAVE_ONE_OUT_PRIMARY_UNIVERSE_COHORT_MEDIAN_SAME_ASOF
410,WSSEC:WS:XNAS:VRSK,WS:XNAS:VRSK,XNAS,VRSK,US_SP500,2026-09-24,372,371,-0.1023047943803601,-0.0606027123978745,-0.059631449892692603,-0.024789126457807901,-0.042673344487667492,-0.035813585940066603,LEAVE_ONE_OUT_PRIMARY_UNIVERSE_COHORT_MEDIAN_SAME_ASOF
411,WSSEC:WS:XNAS:VRSN,WS:XNAS:VRSN,XNAS,VRSN,US_SP500,2026-09-24,372,371,-0.0037884753355380998,0.16027988438355481,-0.060025304870584099,-0.024838988038786699,0.056236829535046003,0.18511887242234151,LEAVE_ONE_OUT_PRIMARY_UNIVERSE_COHORT_MEDIAN_SAME_ASOF
412,WSSEC:WS:XNAS:VRTX,WS:XNAS:VRTX,XNAS,VRTX,US_SP500,2026-09-24,372,371,-0.045515127527671798,0.051637697198026501,-0.060025304870584099,-0.024838988038786699,0.014510177342912302,0.076476685236813197,LEAVE_ONE_OUT_PRIMARY_UNIVERSE_COHORT_MEDIAN_SAME_ASOF
413,WSSEC:WS:XNAS:VTRS,WS:XNAS:VTRS,XNAS,VTRS,US_SP500,2026-09-24,372,371,0.0338278742979174,0.096977326873731201,-0.060025304870584099,-0.024838988038786699,0.093853179168501499,0.1218163149125179,LEAVE_ONE_OUT_PRIMARY_UNIVERSE_COHORT_MEDIAN_SAME_ASOF
414,WSSEC:WS:XNAS:WBD,WS:XNAS:WBD,XNAS,WBD,US_SP500,2026-09-24,372,371,0.072695657481317996,0.15678920964365781,-0.060025304870584099,-0.024838988038786699,0.13272096235190209,0.18162819768244451,LEAVE_ONE_OUT_PRIMARY_UNIVERSE_COHORT_MEDIAN_SAME_ASOF
415,WSSEC:WS:XNAS:WDC,WS:XNAS:WDC,XNAS,WDC,US_SP500,2026-09-24,372,371,-0.0396050314170679,-0.29498055765678188,-0.060025304870584099,-0.024789126457807901,0.020420273453516199,-0.27019143119897399,LEAVE_ONE_OUT_PRIMARY_UNIVERSE_COHORT_MEDIAN_SAME_ASOF
416,WSSEC:WS:XNAS:WFRD,WS:XNAS:WFRD,XNAS,WFRD,US_SP400,2026-09-21,368,367,-0.091813114482977604,-0.0311173916030613,-0.052040506991479503,-0.034732470722386902,-0.039772607491498101,0.0036150791193256017,LEAVE_ONE_OUT_PRIMARY_UNIVERSE_COHORT_MEDIAN_SAME_ASOF
417,WSSEC:WS:XNAS:WING,WS:XNAS:WING,XNAS,WING,US_SP400,2026-09-21,368,367,-0.070172385451842498,-0.35116670886770679,-0.052040506991479503,-0.034115148633207401,-0.018131878460362995,-0.31705156023449937,LEAVE_ONE_OUT_PRIMARY_UNIVERSE_COHORT_MEDIAN_SAME_ASOF
418,WSSEC:WS:XNAS:WMG,WS:XNAS:WMG,XNAS,WMG,US_SP400,2026-09-21,368,367,0.020641407689420299,0.053252170778868603,-0.052212533000536201,-0.034732470722386902,0.072853940689956501,0.087984641501255512,LEAVE_ONE_OUT_PRIMARY_UNIVERSE_COHORT_MEDIAN_SAME_ASOF
419,WSSEC:WS:XNAS:WMT,WS:XNAS:WMT,XNAS,WMT,US_SP500,2026-09-24,372,371,0.031148170539275499,-0.050061854947873699,-0.060025304870584099,-0.024789126457807901,0.091173475409859595,-0.025272728490065798,LEAVE_ONE_OUT_PRIMARY_UNIVERSE_COHORT_MEDIAN_SAME_ASOF
420,WSSEC:WS:XNAS:WTFC,WS:XNAS:WTFC,XNAS,WTFC,US_SP400,2026-09-21,368,367,-0.036614897523642498,-0.091425763561545303,-0.052212533000536201,-0.034115148633207401,0.015597635476893704,-0.057310614928337902,LEAVE_ONE_OUT_PRIMARY_UNIVERSE_COHORT_MEDIAN_SAME_ASOF
421,WSSEC:WS:XNAS:WWD,WS:XNAS:WWD,XNAS,WWD,US_SP400,2026-09-21,368,367,-0.052729725539174002,-0.25497204233527287,-0.052040506991479503,-0.034115148633207401,-0.00068921854769449925,-0.22085689370206546,LEAVE_ONE_OUT_PRIMARY_UNIVERSE_COHORT_MEDIAN_SAME_ASOF
422,WSSEC:WS:XNAS:WYNN,WS:XNAS:WYNN,XNAS,WYNN,US_SP500,2026-09-24,372,371,-0.17474525108065431,-0.1740652439378961,-0.059631449892692603,-0.024789126457807901,-0.1151138011879617,-0.14927611748008821,LEAVE_ONE_OUT_PRIMARY_UNIVERSE_COHORT_MEDIAN_SAME_ASOF
423,WSSEC:WS:XNAS:XRAY,WS:XNAS:XRAY,XNAS,XRAY,US_SP400,2026-09-21,368,367,-0.13553117999729261,-0.1243042843952426,-0.052040506991479503,-0.034115148633207401,-0.083490673005813115,-0.090189135762035202,LEAVE_ONE_OUT_PRIMARY_UNIVERSE_COHORT_MEDIAN_SAME_ASOF
424,WSSEC:WS:XNAS:ZBRA,WS:XNAS:ZBRA,XNAS,ZBRA,US_SP500,2026-09-24,372,371,0.0146176351132625,0.38684187708021678,-0.060025304870584099,-0.024838988038786699,0.074642939983846607,0.41168086511900348,LEAVE_ONE_OUT_PRIMARY_UNIVERSE_COHORT_MEDIAN_SAME_ASOF
425,WSSEC:WS:XNAS:ZION,WS:XNAS:ZION,XNAS,ZION,US_SP400,2026-09-21,368,367,-0.046375052260345301,-0.062743377459029803,-0.052212533000536201,-0.034115148633207401,0.0058374807401909007,-0.028628228825822402,LEAVE_ONE_OUT_PRIMARY_UNIVERSE_COHORT_MEDIAN_SAME_ASOF
426,WSSEC:WS:XNYS:A,WS:XNYS:A,XNYS,A,US_SP500,2026-09-24,372,371,0.11452150049742579,0.30121203007829739,-0.060025304870584099,-0.024838988038786699,0.1745468053680099,0.32605101811708409,LEAVE_ONE_OUT_PRIMARY_UNIVERSE_COHORT_MEDIAN_SAME_ASOF
427,WSSEC:WS:XNYS:AA,WS:XNYS:AA,XNYS,AA,US_SP400,2026-09-21,368,367,-0.1390549526837738,-0.1590053155662928,-0.052040506991479503,-0.034115148633207401,-0.087014445692294301,-0.1248901669330854,LEAVE_ONE_OUT_PRIMARY_UNIVERSE_COHORT_MEDIAN_SAME_ASOF
428,WSSEC:WS:XNYS:ABBV,WS:XNYS:ABBV,XNYS,ABBV,US_SP500,2026-09-24,372,371,0.0084442802291474998,0.053568573200742001,-0.060025304870584099,-0.024838988038786699,0.068469585099731597,0.078407561239528703,LEAVE_ONE_OUT_PRIMARY_UNIVERSE_COHORT_MEDIAN_SAME_ASOF
429,WSSEC:WS:XNYS:ABT,WS:XNYS:ABT,XNYS,ABT,US_SP500,2026-09-24,372,371,-0.11419806269543641,0.1138417685061377,-0.059631449892692603,-0.024838988038786699,-0.054566612802743802,0.1386807565449244,LEAVE_ONE_OUT_PRIMARY_UNIVERSE_COHORT_MEDIAN_SAME_ASOF
430,WSSEC:WS:XNYS:ACI,WS:XNYS:ACI,XNYS,ACI,US_SP400,2026-09-21,368,367,-0.021001633802777801,-0.11918606947988571,-0.052212533000536201,-0.034115148633207401,0.0312108991977584,-0.085070920846678305,LEAVE_ONE_OUT_PRIMARY_UNIVERSE_COHORT_MEDIAN_SAME_ASOF
431,WSSEC:WS:XNYS:ACM,WS:XNYS:ACM,XNYS,ACM,US_SP400,2026-09-21,368,367,-0.028708142986085299,-0.10279439901929539,-0.052212533000536201,-0.034115148633207401,0.023504390014450902,-0.068679250386087992,LEAVE_ONE_OUT_PRIMARY_UNIVERSE_COHORT_MEDIAN_SAME_ASOF
432,WSSEC:WS:XNYS:ADM,WS:XNYS:ADM,XNYS,ADM,US_SP500,2026-09-24,372,371,0.022349868864714701,0.071727691336273394,-0.060025304870584099,-0.024838988038786699,0.082375173735298804,0.096566679375060097,LEAVE_ONE_OUT_PRIMARY_UNIVERSE_COHORT_MEDIAN_SAME_ASOF
433,WSSEC:WS:XNYS:AEE,WS:XNYS:AEE,XNYS,AEE,US_SP500,2026-09-24,372,371,-0.079350376350420498,-0.1224345705519547,-0.059631449892692603,-0.024789126457807901,-0.019718926457727895,-0.097645444094146799,LEAVE_ONE_OUT_PRIMARY_UNIVERSE_COHORT_MEDIAN_SAME_ASOF
434,WSSEC:WS:XNYS:AEP,WS:XNYS:AEP,XNYS,AEP,US_SP500,2026-09-24,372,371,-0.046935804854734101,-0.1406329815591825,-0.060025304870584099,-0.024789126457807901,0.013089500015849999,-0.1158438551013746,LEAVE_ONE_OUT_PRIMARY_UNIVERSE_COHORT_MEDIAN_SAME_ASOF
435,WSSEC:WS:XNYS:AES,WS:XNYS:AES,XNYS,AES,US_SP500,2026-09-24,372,371,0.0081466967388093003,0.0129604731265504,-0.060025304870584099,-0.024838988038786699,0.068172001609393407,0.037799461165337098,LEAVE_ONE_OUT_PRIMARY_UNIVERSE_COHORT_MEDIAN_SAME_ASOF
436,WSSEC:WS:XNYS:AFG,WS:XNYS:AFG,XNYS,AFG,US_SP400,2026-09-21,368,367,-0.0171189388122545,0.039370123832108597,-0.052212533000536201,-0.034732470722386902,0.035093594188281702,0.074102594554495499,LEAVE_ONE_OUT_PRIMARY_UNIVERSE_COHORT_MEDIAN_SAME_ASOF
437,WSSEC:WS:XNYS:AFL,WS:XNYS:AFL,XNYS,AFL,US_SP500,2026-09-24,372,371,-0.029289015763258298,-0.027633244040678299,-0.060025304870584099,-0.024789126457807901,0.030736289107325801,-0.002844117582870398,LEAVE_ONE_OUT_PRIMARY_UNIVERSE_COHORT_MEDIAN_SAME_ASOF
438,WSSEC:WS:XNYS:AGCO,WS:XNYS:AGCO,XNYS,AGCO,US_SP400,2026-09-21,368,367,0.1225541079158274,0.0087497973261558004,-0.052212533000536201,-0.034732470722386902,0.1747666409163636,0.043482268048542702,LEAVE_ONE_OUT_PRIMARY_UNIVERSE_COHORT_MEDIAN_SAME_ASOF
439,WSSEC:WS:XNYS:AIG,WS:XNYS:AIG,XNYS,AIG,US_SP500,2026-09-24,372,371,-0.027932980275185499,0.0038910629313989998,-0.060025304870584099,-0.024838988038786699,0.032092324595398597,0.028730050970185699,LEAVE_ONE_OUT_PRIMARY_UNIVERSE_COHORT_MEDIAN_SAME_ASOF
440,WSSEC:WS:XNYS:AIT,WS:XNYS:AIT,XNYS,AIT,US_SP400,2026-09-21,368,367,-0.062145017189252499,-0.067386602202570603,-0.052040506991479503,-0.034115148633207401,-0.010104510197772996,-0.033271453569363202,LEAVE_ONE_OUT_PRIMARY_UNIVERSE_COHORT_MEDIAN_SAME_ASOF
441,WSSEC:WS:XNYS:AIZ,WS:XNYS:AIZ,XNYS,AIZ,US_SP500,2026-09-24,372,371,-0.092371229808324504,-0.024838988038786699,-0.059631449892692603,-0.024789126457807901,-0.0327397799156319,-4.9861580978798059e-05,LEAVE_ONE_OUT_PRIMARY_UNIVERSE_COHORT_MEDIAN_SAME_ASOF
442,WSSEC:WS:XNYS:AJG,WS:XNYS:AJG,XNYS,AJG,US_SP500,2026-09-24,372,371,-0.14300265657113589,-0.010628576745917301,-0.059631449892692603,-0.024838988038786699,-0.083371206678443291,0.014210411292869398,LEAVE_ONE_OUT_PRIMARY_UNIVERSE_COHORT_MEDIAN_SAME_ASOF
443,WSSEC:WS:XNYS:ALB,WS:XNYS:ALB,XNYS,ALB,US_SP500,2026-09-24,372,371,-0.19522708779459039,-0.198326290612415,-0.059631449892692603,-0.024789126457807901,-0.13559563790189777,-0.1735371641546071,LEAVE_ONE_OUT_PRIMARY_UNIVERSE_COHORT_MEDIAN_SAME_ASOF
444,WSSEC:WS:XNYS:ALK,WS:XNYS:ALK,XNYS,ALK,US_SP400,2026-09-21,368,367,0.036872103046103201,-0.213736145505107,-0.052212533000536201,-0.034115148633207401,0.089084636046639409,-0.17962099687189959,LEAVE_ONE_OUT_PRIMARY_UNIVERSE_COHORT_MEDIAN_SAME_ASOF
445,WSSEC:WS:XNYS:ALL,WS:XNYS:ALL,XNYS,ALL,US_SP500,2026-09-24,372,371,-0.13230968913590049,-0.045263529301312298,-0.059631449892692603,-0.024789126457807901,-0.07267823924320789,-0.020474402843504397,LEAVE_ONE_OUT_PRIMARY_UNIVERSE_COHORT_MEDIAN_SAME_ASOF
446,WSSEC:WS:XNYS:ALLY,WS:XNYS:ALLY,XNYS,ALLY,US_SP400,2026-09-21,368,367,-0.070812972138759298,-0.13881693323703251,-0.052040506991479503,-0.034115148633207401,-0.018772465147279795,-0.10470178460382511,LEAVE_ONE_OUT_PRIMARY_UNIVERSE_COHORT_MEDIAN_SAME_ASOF
447,WSSEC:WS:XNYS:ALSN,WS:XNYS:ALSN,XNYS,ALSN,US_SP400,2026-09-21,368,367,-0.1078585572169104,-0.045454514819327198,-0.052040506991479503,-0.034115148633207401,-0.055818050225430897,-0.011339366186119797,LEAVE_ONE_OUT_PRIMARY_UNIVERSE_COHORT_MEDIAN_SAME_ASOF
448,WSSEC:WS:XNYS:ALV,WS:XNYS:ALV,XNYS,ALV,US_SP400,2026-09-21,368,367,-0.060780111507094697,-0.025329009357107399,-0.052040506991479503,-0.034732470722386902,-0.0087396045156151944,0.0094034613652795029,LEAVE_ONE_OUT_PRIMARY_UNIVERSE_COHORT_MEDIAN_SAME_ASOF
449,WSSEC:WS:XNYS:AM,WS:XNYS:AM,XNYS,AM,US_SP400,2026-09-21,368,367,-0.049683762621755001,-0.072719241061877798,-0.052212533000536201,-0.034115148633207401,0.0025287703787812005,-0.038604092428670397,LEAVE_ONE_OUT_PRIMARY_UNIVERSE_COHORT_MEDIAN_SAME_ASOF
450,WSSEC:WS:XNYS:AME,WS:XNYS:AME,XNYS,AME,US_SP500,2026-09-24,372,371,0.010358925679179299,0.0239728982112517,-0.060025304870584099,-0.024838988038786699,0.070384230549763394,0.048811886250038398,LEAVE_ONE_OUT_PRIMARY_UNIVERSE_COHORT_MEDIAN_SAME_ASOF
451,WSSEC:WS:XNYS:AMG,WS:XNYS:AMG,XNYS,AMG,US_SP400,2026-09-21,368,367,0.0237219966023802,0.072277164374153893,-0.052212533000536201,-0.034732470722386902,0.075934529602916398,0.10700963509654079,LEAVE_ONE_OUT_PRIMARY_UNIVERSE_COHORT_MEDIAN_SAME_ASOF
452,WSSEC:WS:XNYS:AMP,WS:XNYS:AMP,XNYS,AMP,US_SP500,2026-09-24,372,371,-0.13409372362365871,0.057524595799755197,-0.059631449892692603,-0.024838988038786699,-0.074462273730966103,0.082363583838541893,LEAVE_ONE_OUT_PRIMARY_UNIVERSE_COHORT_MEDIAN_SAME_ASOF
453,WSSEC:WS:XNYS:AN,WS:XNYS:AN,XNYS,AN,US_SP400,2026-09-21,368,367,-0.15404285999371101,-0.1212705450394873,-0.052040506991479503,-0.034115148633207401,-0.10200235300223151,-0.087155396406279895,LEAVE_ONE_OUT_PRIMARY_UNIVERSE_COHORT_MEDIAN_SAME_ASOF
454,WSSEC:WS:XNYS:ANF,WS:XNYS:ANF,XNYS,ANF,US_SP400,2026-09-21,368,367,0.25456372650948239,0.5306099254880956,-0.052212533000536201,-0.034732470722386902,0.30677625951001858,0.56534239621048255,LEAVE_ONE_OUT_PRIMARY_UNIVERSE_COHORT_MEDIAN_SAME_ASOF
455,WSSEC:WS:XNYS:AOS,WS:XNYS:AOS,XNYS,AOS,US_SP500,2026-09-24,372,371,-0.076504462457071598,-0.080038271046886197,-0.059631449892692603,-0.024789126457807901,-0.016873012564378995,-0.0552491445890783,LEAVE_ONE_OUT_PRIMARY_UNIVERSE_COHORT_MEDIAN_SAME_ASOF
456,WSSEC:WS:XNYS:APD,WS:XNYS:APD,XNYS,APD,US_SP500,2026-09-24,372,371,-0.072295092816088896,-0.029640502962343201,-0.059631449892692603,-0.024789126457807901,-0.012663642923396293,-0.0048513765045352999,LEAVE_ONE_OUT_PRIMARY_UNIVERSE_COHORT_MEDIAN_SAME_ASOF
457,WSSEC:WS:XNYS:APG,WS:XNYS:APG,XNYS,APG,US_SP400,2026-09-21,368,367,-0.089893118966376404,-0.1012476293139347,-0.052040506991479503,-0.034115148633207401,-0.037852611974896901,-0.067132480680727302,LEAVE_ONE_OUT_PRIMARY_UNIVERSE_COHORT_MEDIAN_SAME_ASOF
458,WSSEC:WS:XNYS:APH,WS:XNYS:APH,XNYS,APH,US_SP500,2026-09-24,372,371,1.0597496892726377,0.88475495417344141,-0.060025304870584099,-0.024838988038786699,1.1197749941432218,0.90959394221222811,LEAVE_ONE_OUT_PRIMARY_UNIVERSE_COHORT_MEDIAN_SAME_ASOF
459,WSSEC:WS:XNYS:AR,WS:XNYS:AR,XNYS,AR,US_SP400,2026-09-21,368,367,-0.1049024693278319,-0.015652200450067901,-0.052040506991479503,-0.034732470722386902,-0.052861962336352396,0.019080270272319001,LEAVE_ONE_OUT_PRIMARY_UNIVERSE_COHORT_MEDIAN_SAME_ASOF
460,WSSEC:WS:XNYS:ARES,WS:XNYS:ARES,XNYS,ARES,US_SP500,2026-09-24,372,371,-0.15403574993167499,0.079058514462058804,-0.059631449892692603,-0.024838988038786699,-0.094404300038982383,0.10389750250084551,LEAVE_ONE_OUT_PRIMARY_UNIVERSE_COHORT_MEDIAN_SAME_ASOF
461,WSSEC:WS:XNYS:ARMK,WS:XNYS:ARMK,XNYS,ARMK,US_SP400,2026-09-21,368,367,-0.0550443515196593,0.031033238423180301,-0.052040506991479503,-0.034732470722386902,-0.0030038445281797971,0.065765709145567203,LEAVE_ONE_OUT_PRIMARY_UNIVERSE_COHORT_MEDIAN_SAME_ASOF
462,WSSEC:WS:XNYS:ARW,WS:XNYS:ARW,XNYS,ARW,US_SP400,2026-09-21,368,367,0.039127340579490903,-0.043356733741025,-0.052212533000536201,-0.034115148633207401,0.091339873580027098,-0.0092415851078175987,LEAVE_ONE_OUT_PRIMARY_UNIVERSE_COHORT_MEDIAN_SAME_ASOF
463,WSSEC:WS:XNYS:ASB,WS:XNYS:ASB,XNYS,ASB,US_SP400,2026-09-21,368,367,-0.047989608784490698,-0.050452763974551701,-0.052212533000536201,-0.034115148633207401,0.0042229242160455038,-0.0163376153413443,LEAVE_ONE_OUT_PRIMARY_UNIVERSE_COHORT_MEDIAN_SAME_ASOF
464,WSSEC:WS:XNYS:ASH,WS:XNYS:ASH,XNYS,ASH,US_SP400,2026-09-21,368,367,-0.049545911396546599,0.071860891378050004,-0.052212533000536201,-0.034732470722386902,0.0026666216039896024,0.10659336210043691,LEAVE_ONE_OUT_PRIMARY_UNIVERSE_COHORT_MEDIAN_SAME_ASOF
465,WSSEC:WS:XNYS:ATI,WS:XNYS:ATI,XNYS,ATI,US_SP400,2026-09-21,368,367,-0.086227676529584699,-0.051829555578399002,-0.052040506991479503,-0.034115148633207401,-0.034187169538105196,-0.017714406945191601,LEAVE_ONE_OUT_PRIMARY_UNIVERSE_COHORT_MEDIAN_SAME_ASOF
466,WSSEC:WS:XNYS:ATO,WS:XNYS:ATO,XNYS,ATO,US_SP500,2026-09-24,372,371,-0.076950360133880402,-0.092006766763918904,-0.059631449892692603,-0.024789126457807901,-0.017318910241187799,-0.067217640306111007,LEAVE_ONE_OUT_PRIMARY_UNIVERSE_COHORT_MEDIAN_SAME_ASOF
467,WSSEC:WS:XNYS:ATR,WS:XNYS:ATR,XNYS,ATR,US_SP400,2026-09-21,368,367,-0.084569742342674503,-0.023965821181547699,-0.052040506991479503,-0.034732470722386902,-0.032529235351195,0.010766649540839203,LEAVE_ONE_OUT_PRIMARY_UNIVERSE_COHORT_MEDIAN_SAME_ASOF
468,WSSEC:WS:XNYS:AVNT,WS:XNYS:AVNT,XNYS,AVNT,US_SP400,2026-09-21,368,367,-0.094491742837470097,0.092972935856999506,-0.052040506991479503,-0.034732470722386902,-0.042451235845990594,0.12770540657938639,LEAVE_ONE_OUT_PRIMARY_UNIVERSE_COHORT_MEDIAN_SAME_ASOF
469,WSSEC:WS:XNYS:AVTR,WS:XNYS:AVTR,XNYS,AVTR,US_SP400,2026-09-21,368,367,0.044260051288683697,0.4980159221983404,-0.052212533000536201,-0.034732470722386902,0.096472584289219898,0.53274839292072729,LEAVE_ONE_OUT_PRIMARY_UNIVERSE_COHORT_MEDIAN_SAME_ASOF
470,WSSEC:WS:XNYS:AVY,WS:XNYS:AVY,XNYS,AVY,US_SP500,2026-09-24,372,371,-0.073054391435595598,0.041022409318998303,-0.059631449892692603,-0.024838988038786699,-0.013422941542902994,0.065861397357784998,LEAVE_ONE_OUT_PRIMARY_UNIVERSE_COHORT_MEDIAN_SAME_ASOF
471,WSSEC:WS:XNYS:AWK,WS:XNYS:AWK,XNYS,AWK,US_SP500,2026-09-24,372,371,-0.043348654271190001,-0.00038002014790979998,-0.060025304870584099,-0.024838988038786699,0.016676650599394098,0.024458967890876898,LEAVE_ONE_OUT_PRIMARY_UNIVERSE_COHORT_MEDIAN_SAME_ASOF
472,WSSEC:WS:XNYS:AXP,WS:XNYS:AXP,XNYS,AXP,US_SP500,2026-09-24,372,371,-0.090703527556107097,-0.096348843570999501,-0.059631449892692603,-0.024789126457807901,-0.031072077663414494,-0.071559717113191604,LEAVE_ONE_OUT_PRIMARY_UNIVERSE_COHORT_MEDIAN_SAME_ASOF
473,WSSEC:WS:XNYS:AXTA,WS:XNYS:AXTA,XNYS,AXTA,US_SP400,2026-09-21,368,367,-0.1198895044508137,-0.082637459536803598,-0.052040506991479503,-0.034115148633207401,-0.067848997459334204,-0.048522310903596197,LEAVE_ONE_OUT_PRIMARY_UNIVERSE_COHORT_MEDIAN_SAME_ASOF
474,WSSEC:WS:XNYS:AYI,WS:XNYS:AYI,XNYS,AYI,US_SP400,2026-09-21,368,367,-0.1067910638199841,-0.14727738956558539,-0.052040506991479503,-0.034115148633207401,-0.054750556828504597,-0.11316224093237799,LEAVE_ONE_OUT_PRIMARY_UNIVERSE_COHORT_MEDIAN_SAME_ASOF
475,WSSEC:WS:XNYS:AZO,WS:XNYS:AZO,XNYS,AZO,US_SP500,2026-09-24,372,371,-0.045765255085028302,-0.10456702802093421,-0.060025304870584099,-0.024789126457807901,0.014260049785555798,-0.079777901563126308,LEAVE_ONE_OUT_PRIMARY_UNIVERSE_COHORT_MEDIAN_SAME_ASOF
476,WSSEC:WS:XNYS:BA,WS:XNYS:BA,XNYS,BA,US_SP500,2026-09-24,372,371,-0.072092005988691601,-0.090867085776428894,-0.059631449892692603,-0.024789126457807901,-0.012460556095998998,-0.066077959318620996,LEAVE_ONE_OUT_PRIMARY_UNIVERSE_COHORT_MEDIAN_SAME_ASOF
477,WSSEC:WS:XNYS:BAC,WS:XNYS:BAC,XNYS,BAC,US_SP500,2026-09-24,372,371,-0.099630416335314706,-0.0166725301960606,-0.059631449892692603,-0.024838988038786699,-0.039998966442622103,0.0081664578427260992,LEAVE_ONE_OUT_PRIMARY_UNIVERSE_COHORT_MEDIAN_SAME_ASOF
478,WSSEC:WS:XNYS:BAH,WS:XNYS:BAH,XNYS,BAH,US_SP400,2026-09-21,368,367,0.0042828577364038001,0.29593030379965829,-0.052212533000536201,-0.034732470722386902,0.056495390736940002,0.33066277452204518,LEAVE_ONE_OUT_PRIMARY_UNIVERSE_COHORT_MEDIAN_SAME_ASOF
479,WSSEC:WS:XNYS:BALL,WS:XNYS:BALL,XNYS,BALL,US_SP500,2026-09-24,372,371,-0.115378654992006,-0.0919872041363054,-0.059631449892692603,-0.024789126457807901,-0.055747205099313399,-0.067198077678497503,LEAVE_ONE_OUT_PRIMARY_UNIVERSE_COHORT_MEDIAN_SAME_ASOF
480,WSSEC:WS:XNYS:BAX,WS:XNYS:BAX,XNYS,BAX,US_SP500,2026-09-24,372,371,-0.11396228142504421,0.10131331511869041,-0.059631449892692603,-0.024838988038786699,-0.054330831532351603,0.12615230315747711,LEAVE_ONE_OUT_PRIMARY_UNIVERSE_COHORT_MEDIAN_SAME_ASOF
481,WSSEC:WS:XNYS:BBWI,WS:XNYS:BBWI,XNYS,BBWI,US_SP400,2026-09-21,368,367,-0.13059130158838489,-0.22502291091125809,-0.052040506991479503,-0.034115148633207401,-0.078550794596905393,-0.19090776227805067,LEAVE_ONE_OUT_PRIMARY_UNIVERSE_COHORT_MEDIAN_SAME_ASOF
482,WSSEC:WS:XNYS:BBY,WS:XNYS:BBY,XNYS,BBY,US_SP500,2026-09-24,372,371,0.040713603147247202,0.1992620360288819,-0.060025304870584099,-0.024838988038786699,0.10073890801783131,0.2241010240676686,LEAVE_ONE_OUT_PRIMARY_UNIVERSE_COHORT_MEDIAN_SAME_ASOF
483,WSSEC:WS:XNYS:BC,WS:XNYS:BC,XNYS,BC,US_SP400,2026-09-21,368,367,-0.18347150185708691,-0.2496589280700571,-0.052040506991479503,-0.034115148633207401,-0.13143099486560741,-0.21554377943684971,LEAVE_ONE_OUT_PRIMARY_UNIVERSE_COHORT_MEDIAN_SAME_ASOF
484,WSSEC:WS:XNYS:BCO,WS:XNYS:BCO,XNYS,BCO,US_SP400,2026-09-21,368,367,-0.039307163613231298,0.12471110221184301,-0.052212533000536201,-0.034732470722386902,0.012905369387304903,0.15944357293422989,LEAVE_ONE_OUT_PRIMARY_UNIVERSE_COHORT_MEDIAN_SAME_ASOF
485,WSSEC:WS:XNYS:BDC,WS:XNYS:BDC,XNYS,BDC,US_SP400,2026-09-21,368,367,-0.097256215268296295,-0.088773464145713105,-0.052040506991479503,-0.034115148633207401,-0.045215708276816792,-0.054658315512505704,LEAVE_ONE_OUT_PRIMARY_UNIVERSE_COHORT_MEDIAN_SAME_ASOF
486,WSSEC:WS:XNYS:BDX,WS:XNYS:BDX,XNYS,BDX,US_SP500,2026-09-24,372,371,-0.057725727347485697,0.184365251826482,-0.060025304870584099,-0.024838988038786699,0.002299577523098402,0.2092042398652687,LEAVE_ONE_OUT_PRIMARY_UNIVERSE_COHORT_MEDIAN_SAME_ASOF
487,WSSEC:WS:XNYS:BEN,WS:XNYS:BEN,XNYS,BEN,US_SP500,2026-09-24,372,371,-0.070265615607288098,-0.021641154517480901,-0.059631449892692603,-0.024838988038786699,-0.010634165714595495,0.0031978335213057978,LEAVE_ONE_OUT_PRIMARY_UNIVERSE_COHORT_MEDIAN_SAME_ASOF
488,WSSEC:WS:XNYS:BILL,WS:XNYS:BILL,XNYS,BILL,US_SP400,2026-09-21,368,367,-0.015892896829429699,0.4098262392880207,-0.052212533000536201,-0.034732470722386902,0.036319636171106506,0.44455871001040759,LEAVE_ONE_OUT_PRIMARY_UNIVERSE_COHORT_MEDIAN_SAME_ASOF
489,WSSEC:WS:XNYS:BIO,WS:XNYS:BIO,XNYS,BIO,US_SP400,2026-09-21,368,367,-0.0071047344043997001,0.26497695451787301,-0.052212533000536201,-0.034732470722386902,0.045107798596136499,0.2997094252402599,LEAVE_ONE_OUT_PRIMARY_UNIVERSE_COHORT_MEDIAN_SAME_ASOF
490,WSSEC:WS:XNYS:BJ,WS:XNYS:BJ,XNYS,BJ,US_SP400,2026-09-21,368,367,-0.042626018340615399,0.069516859804413106,-0.052212533000536201,-0.034732470722386902,0.0095865146599208029,0.10424933052680001,LEAVE_ONE_OUT_PRIMARY_UNIVERSE_COHORT_MEDIAN_SAME_ASOF
491,WSSEC:WS:XNYS:BKH,WS:XNYS:BKH,XNYS,BKH,US_SP400,2026-09-21,368,367,0.0037661686967729001,-0.031624257183807701,-0.052212533000536201,-0.034732470722386902,0.055978701697309105,0.0031082135385792006,LEAVE_ONE_OUT_PRIMARY_UNIVERSE_COHORT_MEDIAN_SAME_ASOF
492,WSSEC:WS:XNYS:BKR,WS:XNYS:BKR,XNYS,BKR,US_SP500,2026-09-24,372,371,-0.075967727168913701,0.032252268748240401,-0.059631449892692603,-0.024838988038786699,-0.016336277276221098,0.057091256787027103,LEAVE_ONE_OUT_PRIMARY_UNIVERSE_COHORT_MEDIAN_SAME_ASOF
493,WSSEC:WS:XNYS:BLDR,WS:XNYS:BLDR,XNYS,BLDR,US_SP500,2026-09-24,372,371,-0.15130332993582499,-0.34868130763451849,-0.059631449892692603,-0.024789126457807901,-0.091671880043132384,-0.32389218117671059,LEAVE_ONE_OUT_PRIMARY_UNIVERSE_COHORT_MEDIAN_SAME_ASOF
494,WSSEC:WS:XNYS:BMY,WS:XNYS:BMY,XNYS,BMY,US_SP500,2026-09-24,372,371,-0.089832761909708403,0.067337749740362801,-0.059631449892692603,-0.024838988038786699,-0.030201312017015799,0.092176737779149504,LEAVE_ONE_OUT_PRIMARY_UNIVERSE_COHORT_MEDIAN_SAME_ASOF
495,WSSEC:WS:XNYS:BNY,WS:XNYS:BNY,XNYS,BNY,US_SP500,2026-09-24,372,371,-0.079040956861173101,0.038586555615125598,-0.059631449892692603,-0.024838988038786699,-0.019409506968480497,0.0634255436539123,LEAVE_ONE_OUT_PRIMARY_UNIVERSE_COHORT_MEDIAN_SAME_ASOF
496,WSSEC:WS:XNYS:BR,WS:XNYS:BR,XNYS,BR,US_SP500,2026-09-24,372,371,-0.1042951641235632,0.18773280238614259,-0.059631449892692603,-0.024838988038786699,-0.044663714230870594,0.2125717904249293,LEAVE_ONE_OUT_PRIMARY_UNIVERSE_COHORT_MEDIAN_SAME_ASOF
497,WSSEC:WS:XNYS:BRO,WS:XNYS:BRO,XNYS,BRO,US_SP500,2026-09-24,372,371,-0.1710634399156343,-0.059547928354813498,-0.059631449892692603,-0.024789126457807901,-0.1114319900229417,-0.034758801897005601,LEAVE_ONE_OUT_PRIMARY_UNIVERSE_COHORT_MEDIAN_SAME_ASOF
498,WSSEC:WS:XNYS:BROS,WS:XNYS:BROS,XNYS,BROS,US_SP400,2026-09-21,368,367,-0.21495884571098209,-0.41216212578305828,-0.052040506991479503,-0.034115148633207401,-0.16291833871950259,-0.37804697714985086,LEAVE_ONE_OUT_PRIMARY_UNIVERSE_COHORT_MEDIAN_SAME_ASOF
499,WSSEC:WS:XNYS:BSX,WS:XNYS:BSX,XNYS,BSX,US_SP500,2026-09-24,372,371,-0.072451691850374395,0.046860355803640001,-0.059631449892692603,-0.024838988038786699,-0.012820241957681791,0.071699343842426697,LEAVE_ONE_OUT_PRIMARY_UNIVERSE_COHORT_MEDIAN_SAME_ASOF
500,WSSEC:WS:XNYS:BURL,WS:XNYS:BURL,XNYS,BURL,US_SP400,2026-09-21,368,367,-0.22879018973427931,-0.2239891687430714,-0.052040506991479503,-0.034115148633207401,-0.17674968274279981,-0.18987402010986398,LEAVE_ONE_OUT_PRIMARY_UNIVERSE_COHORT_MEDIAN_SAME_ASOF
501,WSSEC:WS:XNYS:BWA,WS:XNYS:BWA,XNYS,BWA,US_SP400,2026-09-21,368,367,-0.065801108952438403,-0.088527442317736904,-0.052040506991479503,-0.034115148633207401,-0.0137606019609589,-0.054412293684529503,LEAVE_ONE_OUT_PRIMARY_UNIVERSE_COHORT_MEDIAN_SAME_ASOF
502,WSSEC:WS:XNYS:BWXT,WS:XNYS:BWXT,XNYS,BWXT,US_SP400,2026-09-21,368,367,-0.0593825591981261,-0.27982615547302581,-0.052040506991479503,-0.034115148633207401,-0.0073420522066465974,-0.24571100683981839,LEAVE_ONE_OUT_PRIMARY_UNIVERSE_COHORT_MEDIAN_SAME_ASOF
503,WSSEC:WS:XNYS:BYD,WS:XNYS:BYD,XNYS,BYD,US_SP400,2026-09-21,368,367,-0.1015102385758363,-0.18274964726613199,-0.052040506991479503,-0.034115148633207401,-0.049469731584356795,-0.14863449863292461,LEAVE_ONE_OUT_PRIMARY_UNIVERSE_COHORT_MEDIAN_SAME_ASOF
504,WSSEC:WS:XNYS:C,WS:XNYS:C,XNYS,C,US_SP500,2026-09-24,372,371,-0.0109313528134621,-0.056158904210546798,-0.060025304870584099,-0.024789126457807901,0.049093952057121998,-0.0313697777527389,LEAVE_ONE_OUT_PRIMARY_UNIVERSE_COHORT_MEDIAN_SAME_ASOF
505,WSSEC:WS:XNYS:CACI,WS:XNYS:CACI,XNYS,CACI,US_SP400,2026-09-21,368,367,-0.0224285503370561,0.42776244455668211,-0.052212533000536201,-0.034732470722386902,0.029783982663480101,0.462494915279069,LEAVE_ONE_OUT_PRIMARY_UNIVERSE_COHORT_MEDIAN_SAME_ASOF
506,WSSEC:WS:XNYS:CAH,WS:XNYS:CAH,XNYS,CAH,US_SP500,2026-09-24,372,371,-0.066191271742014696,-0.062889386239033507,-0.059631449892692603,-0.024789126457807901,-0.0065598218493220922,-0.038100259781225609,LEAVE_ONE_OUT_PRIMARY_UNIVERSE_COHORT_MEDIAN_SAME_ASOF
507,WSSEC:WS:XNYS:CARR,WS:XNYS:CARR,XNYS,CARR,US_SP500,2026-09-24,372,371,-0.065883599523299197,-0.25194273928657712,-0.059631449892692603,-0.024789126457807901,-0.0062521496306065932,-0.22715361282876922,LEAVE_ONE_OUT_PRIMARY_UNIVERSE_COHORT_MEDIAN_SAME_ASOF
508,WSSEC:WS:XNYS:CAT,WS:XNYS:CAT,XNYS,CAT,US_SP500,2026-09-24,372,371,-0.0202936902466349,-0.24382572867056609,-0.060025304870584099,-0.024789126457807901,0.039731614623949196,-0.2190366022127582,LEAVE_ONE_OUT_PRIMARY_UNIVERSE_COHORT_MEDIAN_SAME_ASOF
509,WSSEC:WS:XNYS:CAVA,WS:XNYS:CAVA,XNYS,CAVA,US_SP400,2026-09-21,368,367,-0.29376610159270222,-0.3757503229899018,-0.052040506991479503,-0.034115148633207401,-0.24172559460122273,-0.34163517435669438,LEAVE_ONE_OUT_PRIMARY_UNIVERSE_COHORT_MEDIAN_SAME_ASOF
510,WSSEC:WS:XNYS:CBT,WS:XNYS:CBT,XNYS,CBT,US_SP400,2026-09-21,368,367,-0.1009508845762824,-0.1772478316586201,-0.052040506991479503,-0.034115148633207401,-0.048910377584802898,-0.14313268302541271,LEAVE_ONE_OUT_PRIMARY_UNIVERSE_COHORT_MEDIAN_SAME_ASOF
511,WSSEC:WS:XNYS:CCK,WS:XNYS:CCK,XNYS,CCK,US_SP400,2026-09-21,368,367,-0.089897026483903505,-0.0116352945590509,-0.052040506991479503,-0.034732470722386902,-0.037856519492424003,0.023097176163336001,LEAVE_ONE_OUT_PRIMARY_UNIVERSE_COHORT_MEDIAN_SAME_ASOF
512,WSSEC:WS:XNYS:CDE,WS:XNYS:CDE,XNYS,CDE,US_SP400,2026-09-21,368,367,-0.069146347309005707,0.22076302296273639,-0.052040506991479503,-0.034732470722386902,-0.017105840317526204,0.25549549368512331,LEAVE_ONE_OUT_PRIMARY_UNIVERSE_COHORT_MEDIAN_SAME_ASOF
513,WSSEC:WS:XNYS:CF,WS:XNYS:CF,XNYS,CF,US_SP500,2026-09-24,372,371,-0.057756520947452997,0.094032884761683505,-0.060025304870584099,-0.024838988038786699,0.0022687839231311027,0.11887187280047021,LEAVE_ONE_OUT_PRIMARY_UNIVERSE_COHORT_MEDIAN_SAME_ASOF
514,WSSEC:WS:XNYS:CFG,WS:XNYS:CFG,XNYS,CFG,US_SP500,2026-09-24,372,371,-0.081713642806002407,-0.076209452849263601,-0.059631449892692603,-0.024789126457807901,-0.022082192913309803,-0.051420326391455703,LEAVE_ONE_OUT_PRIMARY_UNIVERSE_COHORT_MEDIAN_SAME_ASOF
515,WSSEC:WS:XNYS:CFR,WS:XNYS:CFR,XNYS,CFR,US_SP400,2026-09-21,368,367,-0.033193232640258398,0.034136843603674603,-0.052212533000536201,-0.034732470722386902,0.019019300360277804,0.068869314326061498,LEAVE_ONE_OUT_PRIMARY_UNIVERSE_COHORT_MEDIAN_SAME_ASOF
516,WSSEC:WS:XNYS:CHD,WS:XNYS:CHD,XNYS,CHD,US_SP500,2026-09-24,372,371,-0.073206287522995406,-0.015999127439163801,-0.059631449892692603,-0.024838988038786699,-0.013574837630302802,0.0088398605996228979,LEAVE_ONE_OUT_PRIMARY_UNIVERSE_COHORT_MEDIAN_SAME_ASOF
517,WSSEC:WS:XNYS:CHE,WS:XNYS:CHE,XNYS,CHE,US_SP400,2026-09-21,368,367,-0.075753392996645796,0.1025488289674754,-0.052040506991479503,-0.034732470722386902,-0.023712886005166293,0.1372812996898623,LEAVE_ONE_OUT_PRIMARY_UNIVERSE_COHORT_MEDIAN_SAME_ASOF
518,WSSEC:WS:XNYS:CHH,WS:XNYS:CHH,XNYS,CHH,US_SP400,2026-09-21,368,367,-0.096424005017221107,-0.1091023315355511,-0.052040506991479503,-0.034115148633207401,-0.044383498025741604,-0.074987182902343699,LEAVE_ONE_OUT_PRIMARY_UNIVERSE_COHORT_MEDIAN_SAME_ASOF
519,WSSEC:WS:XNYS:CHWY,WS:XNYS:CHWY,XNYS,CHWY,US_SP400,2026-09-21,368,367,-0.1461282332218834,0.13065054680133209,-0.052040506991479503,-0.034732470722386902,-0.094087726230403901,0.16538301752371898,LEAVE_ONE_OUT_PRIMARY_UNIVERSE_COHORT_MEDIAN_SAME_ASOF
520,WSSEC:WS:XNYS:CL,WS:XNYS:CL,XNYS,CL,US_SP500,2026-09-24,372,371,-0.073213100613865406,-0.069371734175185204,-0.059631449892692603,-0.024789126457807901,-0.013581650721172803,-0.044582607717377307,LEAVE_ONE_OUT_PRIMARY_UNIVERSE_COHORT_MEDIAN_SAME_ASOF
521,WSSEC:WS:XNYS:CLF,WS:XNYS:CLF,XNYS,CLF,US_SP400,2026-09-21,368,367,0.070984845125666704,0.12174715967255299,-0.052212533000536201,-0.034732470722386902,0.12319737812620291,0.15647963039493989,LEAVE_ONE_OUT_PRIMARY_UNIVERSE_COHORT_MEDIAN_SAME_ASOF
522,WSSEC:WS:XNYS:CLH,WS:XNYS:CLH,XNYS,CLH,US_SP400,2026-09-21,368,367,-0.0143997029949586,0.040215028685849301,-0.052212533000536201,-0.034732470722386902,0.0378128300055776,0.074947499408236196,LEAVE_ONE_OUT_PRIMARY_UNIVERSE_COHORT_MEDIAN_SAME_ASOF
523,WSSEC:WS:XNYS:CLX,WS:XNYS:CLX,XNYS,CLX,US_SP500,2026-09-24,372,371,-0.21519715612369969,-0.14291700587520911,-0.059631449892692603,-0.024789126457807901,-0.15556570623100707,-0.11812787941740122,LEAVE_ONE_OUT_PRIMARY_UNIVERSE_COHORT_MEDIAN_SAME_ASOF
524,WSSEC:WS:XNYS:CMC,WS:XNYS:CMC,XNYS,CMC,US_SP400,2026-09-21,368,367,-0.035137959616098002,-0.13645562552800269,-0.052212533000536201,-0.034115148633207401,0.017074573384438199,-0.10234047689479529,LEAVE_ONE_OUT_PRIMARY_UNIVERSE_COHORT_MEDIAN_SAME_ASOF
525,WSSEC:WS:XNYS:CMG,WS:XNYS:CMG,XNYS,CMG,US_SP500,2026-09-24,372,371,-0.14274241588842859,-0.058529461131376297,-0.059631449892692603,-0.024789126457807901,-0.083110965995735989,-0.033740334673568392,LEAVE_ONE_OUT_PRIMARY_UNIVERSE_COHORT_MEDIAN_SAME_ASOF
526,WSSEC:WS:XNYS:CMI,WS:XNYS:CMI,XNYS,CMI,US_SP500,2026-09-24,372,371,-0.098713124638021302,-0.26940173122778122,-0.059631449892692603,-0.024789126457807901,-0.039081674745328698,-0.24461260476997332,LEAVE_ONE_OUT_PRIMARY_UNIVERSE_COHORT_MEDIAN_SAME_ASOF
527,WSSEC:WS:XNYS:CMS,WS:XNYS:CMS,XNYS,CMS,US_SP500,2026-09-24,372,371,-0.093312185265450098,-0.17947711819916759,-0.059631449892692603,-0.024789126457807901,-0.033680735372757495,-0.15468799174135969,LEAVE_ONE_OUT_PRIMARY_UNIVERSE_COHORT_MEDIAN_SAME_ASOF
528,WSSEC:WS:XNYS:CNC,WS:XNYS:CNC,XNYS,CNC,US_SP500,2026-09-24,372,371,-0.054223353987585002,-0.035363829040714501,-0.060025304870584099,-0.024789126457807901,0.0058019508829990976,-0.0105747025829066,LEAVE_ONE_OUT_PRIMARY_UNIVERSE_COHORT_MEDIAN_SAME_ASOF
529,WSSEC:WS:XNYS:CNH,WS:XNYS:CNH,XNYS,CNH,US_SP400,2026-09-21,368,367,0.1356360296714034,0.23330275991419899,-0.052212533000536201,-0.034732470722386902,0.18784856267193961,0.26803523063658591,LEAVE_ONE_OUT_PRIMARY_UNIVERSE_COHORT_MEDIAN_SAME_ASOF
530,WSSEC:WS:XNYS:CNM,WS:XNYS:CNM,XNYS,CNM,US_SP400,2026-09-21,368,367,-0.040552576905289503,-0.10774962969532451,-0.052212533000536201,-0.034115148633207401,0.011659956095246699,-0.073634481062117105,LEAVE_ONE_OUT_PRIMARY_UNIVERSE_COHORT_MEDIAN_SAME_ASOF
531,WSSEC:WS:XNYS:CNO,WS:XNYS:CNO,XNYS,CNO,US_SP400,2026-09-21,368,367,0.016442471236705201,0.048169555423874501,-0.052212533000536201,-0.034732470722386902,0.068655004237241399,0.082902026146261409,LEAVE_ONE_OUT_PRIMARY_UNIVERSE_COHORT_MEDIAN_SAME_ASOF
532,WSSEC:WS:XNYS:CNP,WS:XNYS:CNP,XNYS,CNP,US_SP500,2026-09-24,372,371,-0.069967174718048197,-0.1639418953362814,-0.059631449892692603,-0.024789126457807901,-0.010335724825355594,-0.1391527688784735,LEAVE_ONE_OUT_PRIMARY_UNIVERSE_COHORT_MEDIAN_SAME_ASOF
533,WSSEC:WS:XNYS:CNX,WS:XNYS:CNX,XNYS,CNX,US_SP400,2026-09-21,368,367,-0.098459894690856295,-0.0246950852717049,-0.052040506991479503,-0.034732470722386902,-0.046419387699376792,0.010037385450682001,LEAVE_ONE_OUT_PRIMARY_UNIVERSE_COHORT_MEDIAN_SAME_ASOF
534,WSSEC:WS:XNYS:COF,WS:XNYS:COF,XNYS,COF,US_SP500,2026-09-24,372,371,-0.094839120974072794,-0.019988010190577301,-0.059631449892692603,-0.024838988038786699,-0.03520767108138019,0.0048509778482093979,LEAVE_ONE_OUT_PRIMARY_UNIVERSE_COHORT_MEDIAN_SAME_ASOF
535,WSSEC:WS:XNYS:COP,WS:XNYS:COP,XNYS,COP,US_SP500,2026-09-24,372,371,-0.0097236372906064003,0.2441323343298171,-0.060025304870584099,-0.024838988038786699,0.050301667579977699,0.26897132236860377,LEAVE_ONE_OUT_PRIMARY_UNIVERSE_COHORT_MEDIAN_SAME_ASOF
536,WSSEC:WS:XNYS:COR,WS:XNYS:COR,XNYS,COR,US_SP500,2026-09-24,372,371,-0.054669187469387197,0.095024323580786593,-0.060025304870584099,-0.024838988038786699,0.0053561174011969026,0.1198633116195733,LEAVE_ONE_OUT_PRIMARY_UNIVERSE_COHORT_MEDIAN_SAME_ASOF
537,WSSEC:WS:XNYS:CPRI,WS:XNYS:CPRI,XNYS,CPRI,US_SP400,2026-09-21,368,367,0.048351708390559502,-0.24125132786249931,-0.052212533000536201,-0.034115148633207401,0.10056424139109571,-0.20713617922929189,LEAVE_ONE_OUT_PRIMARY_UNIVERSE_COHORT_MEDIAN_SAME_ASOF
538,WSSEC:WS:XNYS:CR,WS:XNYS:CR,XNYS,CR,US_SP400,2026-09-21,368,367,-0.045343298220767103,-0.1101569391628882,-0.052212533000536201,-0.034115148633207401,0.0068692347797690984,-0.076041790529680797,LEAVE_ONE_OUT_PRIMARY_UNIVERSE_COHORT_MEDIAN_SAME_ASOF
539,WSSEC:WS:XNYS:CRBG,WS:XNYS:CRBG,XNYS,CRBG,US_SP400,2026-09-21,368,367,0.089201828045868597,0.23667377369816339,-0.052212533000536201,-0.034732470722386902,0.14141436104640481,0.27140624442055028,LEAVE_ONE_OUT_PRIMARY_UNIVERSE_COHORT_MEDIAN_SAME_ASOF
540,WSSEC:WS:XNYS:CRL,WS:XNYS:CRL,XNYS,CRL,US_SP500,2026-09-24,372,371,-0.0022365423532992,0.2982936247540775,-0.060025304870584099,-0.024838988038786699,0.057788762517284903,0.3231326127928642,LEAVE_ONE_OUT_PRIMARY_UNIVERSE_COHORT_MEDIAN_SAME_ASOF
541,WSSEC:WS:XNYS:CRM,WS:XNYS:CRM,XNYS,CRM,US_SP500,2026-09-24,372,371,0.15854492207791421,0.52061787087982991,-0.060025304870584099,-0.024838988038786699,0.21857022694849831,0.54545685891861662,LEAVE_ONE_OUT_PRIMARY_UNIVERSE_COHORT_MEDIAN_SAME_ASOF
542,WSSEC:WS:XNYS:CRS,WS:XNYS:CRS,XNYS,CRS,US_SP400,2026-09-21,368,367,-0.18172957898163339,-0.32764835381079621,-0.052040506991479503,-0.034115148633207401,-0.12968907199015389,-0.2935332051775888,LEAVE_ONE_OUT_PRIMARY_UNIVERSE_COHORT_MEDIAN_SAME_ASOF
543,WSSEC:WS:XNYS:CSL,WS:XNYS:CSL,XNYS,CSL,US_SP400,2026-09-21,368,367,-0.13552542309857341,-0.1816426078826654,-0.052040506991479503,-0.034115148633207401,-0.083484916107093909,-0.14752745924945798,LEAVE_ONE_OUT_PRIMARY_UNIVERSE_COHORT_MEDIAN_SAME_ASOF
544,WSSEC:WS:XNYS:CTVA,WS:XNYS:CTVA,XNYS,CTVA,US_SP500,2026-09-24,372,371,-0.041385140188748303,-0.061872775323030801,-0.060025304870584099,-0.024789126457807901,0.018640164681835797,-0.037083648865222904,LEAVE_ONE_OUT_PRIMARY_UNIVERSE_COHORT_MEDIAN_SAME_ASOF
545,WSSEC:WS:XNYS:CVNA,WS:XNYS:CVNA,XNYS,CVNA,US_SP500,2026-09-24,372,371,-0.13211625485129441,-0.024916429614894001,-0.059631449892692603,-0.024789126457807901,-0.072484804958601809,-0.00012730315708609982,LEAVE_ONE_OUT_PRIMARY_UNIVERSE_COHORT_MEDIAN_SAME_ASOF
546,WSSEC:WS:XNYS:CVS,WS:XNYS:CVS,XNYS,CVS,US_SP500,2026-09-24,372,371,-0.098282407475188904,-0.1778636485189091,-0.059631449892692603,-0.024789126457807901,-0.038650957582496301,-0.1530745220611012,LEAVE_ONE_OUT_PRIMARY_UNIVERSE_COHORT_MEDIAN_SAME_ASOF
547,WSSEC:WS:XNYS:CVX,WS:XNYS:CVX,XNYS,CVX,US_SP500,2026-09-24,372,371,0.027171405025683,0.2406491355669258,-0.060025304870584099,-0.024838988038786699,0.087196709896267099,0.2654881236057125,LEAVE_ONE_OUT_PRIMARY_UNIVERSE_COHORT_MEDIAN_SAME_ASOF
548,WSSEC:WS:XNYS:CW,WS:XNYS:CW,XNYS,CW,US_SP400,2026-09-21,368,367,-0.1054661832990569,-0.26013047037131959,-0.052040506991479503,-0.034115148633207401,-0.053425676307577392,-0.22601532173811217,LEAVE_ONE_OUT_PRIMARY_UNIVERSE_COHORT_MEDIAN_SAME_ASOF
549,WSSEC:WS:XNYS:CXT,WS:XNYS:CXT,XNYS,CXT,US_SP400,2026-09-21,368,367,-0.088247016690212093,-0.047053890880117299,-0.052040506991479503,-0.034115148633207401,-0.03620650969873259,-0.012938742246909898,LEAVE_ONE_OUT_PRIMARY_UNIVERSE_COHORT_MEDIAN_SAME_ASOF
550,WSSEC:WS:XNYS:D,WS:XNYS:D,XNYS,D,US_SP500,2026-09-24,372,371,-0.097294900312746999,-0.1155366713116335,-0.059631449892692603,-0.024789126457807901,-0.037663450420054395,-0.090747544853825607,LEAVE_ONE_OUT_PRIMARY_UNIVERSE_COHORT_MEDIAN_SAME_ASOF
551,WSSEC:WS:XNYS:DAL,WS:XNYS:DAL,XNYS,DAL,US_SP500,2026-09-24,372,371,-0.0038517054377893,-0.1163784016622727,-0.060025304870584099,-0.024789126457807901,0.056173599432794798,-0.091589275204464804,LEAVE_ONE_OUT_PRIMARY_UNIVERSE_COHORT_MEDIAN_SAME_ASOF
552,WSSEC:WS:XNYS:DAR,WS:XNYS:DAR,XNYS,DAR,US_SP400,2026-09-21,368,367,-0.0377243629878957,0.1917859106877923,-0.052212533000536201,-0.034732470722386902,0.014488170012640501,0.22651838141017921,LEAVE_ONE_OUT_PRIMARY_UNIVERSE_COHORT_MEDIAN_SAME_ASOF
553,WSSEC:WS:XNYS:DCI,WS:XNYS:DCI,XNYS,DCI,US_SP400,2026-09-21,368,367,-0.076997322307515104,-0.034115148633207401,-0.052040506991479503,-0.034732470722386902,-0.024956815316035601,0.0006173220891795006,LEAVE_ONE_OUT_PRIMARY_UNIVERSE_COHORT_MEDIAN_SAME_ASOF
554,WSSEC:WS:XNYS:DE,WS:XNYS:DE,XNYS,DE,US_SP500,2026-09-24,372,371,0.095187106416579001,0.095549609380976203,-0.060025304870584099,-0.024838988038786699,0.15521241128716309,0.1203885974197629,LEAVE_ONE_OUT_PRIMARY_UNIVERSE_COHORT_MEDIAN_SAME_ASOF
555,WSSEC:WS:XNYS:DG,WS:XNYS:DG,XNYS,DG,US_SP500,2026-09-24,372,371,-0.0020361622616512998,0.064460065412231801,-0.060025304870584099,-0.024838988038786699,0.0579891426089328,0.089299053451018504,LEAVE_ONE_OUT_PRIMARY_UNIVERSE_COHORT_MEDIAN_SAME_ASOF
556,WSSEC:WS:XNYS:DHI,WS:XNYS:DHI,XNYS,DHI,US_SP500,2026-09-24,372,371,-0.059631449892692603,-0.1383226799109353,-0.060025304870584099,-0.024789126457807901,0.00039385497789149598,-0.11353355345312741,LEAVE_ONE_OUT_PRIMARY_UNIVERSE_COHORT_MEDIAN_SAME_ASOF
557,WSSEC:WS:XNYS:DHR,WS:XNYS:DHR,XNYS,DHR,US_SP500,2026-09-24,372,371,0.039050908424380602,0.17476905339991511,-0.060025304870584099,-0.024838988038786699,0.099076213294964702,0.19960804143870181,LEAVE_ONE_OUT_PRIMARY_UNIVERSE_COHORT_MEDIAN_SAME_ASOF
558,WSSEC:WS:XNYS:DINO,WS:XNYS:DINO,XNYS,DINO,US_SP400,2026-09-21,368,367,0.12299631379201199,0.61242258606988242,-0.052212533000536201,-0.034732470722386902,0.1752088467925482,0.64715505679226937,LEAVE_ONE_OUT_PRIMARY_UNIVERSE_COHORT_MEDIAN_SAME_ASOF
559,WSSEC:WS:XNYS:DIS,WS:XNYS:DIS,XNYS,DIS,US_SP500,2026-09-24,372,371,-0.037124872724534498,0.096727247362012797,-0.060025304870584099,-0.024838988038786699,0.022900432146049601,0.1215662354007995,LEAVE_ONE_OUT_PRIMARY_UNIVERSE_COHORT_MEDIAN_SAME_ASOF
560,WSSEC:WS:XNYS:DKS,WS:XNYS:DKS,XNYS,DKS,US_SP400,2026-09-21,368,367,-0.32527424474072247,-0.47899194761095348,-0.052040506991479503,-0.034115148633207401,-0.27323373774924298,-0.44487679897774607,LEAVE_ONE_OUT_PRIMARY_UNIVERSE_COHORT_MEDIAN_SAME_ASOF
561,WSSEC:WS:XNYS:DLB,WS:XNYS:DLB,XNYS,DLB,US_SP400,2026-09-21,368,367,-0.1216484636184699,0.093041010431469603,-0.052040506991479503,-0.034732470722386902,-0.069607956626990403,0.12777348115385651,LEAVE_ONE_OUT_PRIMARY_UNIVERSE_COHORT_MEDIAN_SAME_ASOF
562,WSSEC:WS:XNYS:DOCN,WS:XNYS:DOCN,XNYS,DOCN,US_SP400,2026-09-21,368,367,0.26392255649901841,0.0056419935659853997,-0.052212533000536201,-0.034732470722386902,0.3161350894995546,0.040374464288372304,LEAVE_ONE_OUT_PRIMARY_UNIVERSE_COHORT_MEDIAN_SAME_ASOF
563,WSSEC:WS:XNYS:DOCS,WS:XNYS:DOCS,XNYS,DOCS,US_SP400,2026-09-21,368,367,0.059613116203314401,0.35214103963662552,-0.052212533000536201,-0.034732470722386902,0.1118256492038506,0.38687351035901241,LEAVE_ONE_OUT_PRIMARY_UNIVERSE_COHORT_MEDIAN_SAME_ASOF
564,WSSEC:WS:XNYS:DOV,WS:XNYS:DOV,XNYS,DOV,US_SP500,2026-09-24,372,371,-0.081940799239640205,-0.1622525396277448,-0.059631449892692603,-0.024789126457807901,-0.022309349346947602,-0.1374634131699369,LEAVE_ONE_OUT_PRIMARY_UNIVERSE_COHORT_MEDIAN_SAME_ASOF
565,WSSEC:WS:XNYS:DPZ,WS:XNYS:DPZ,XNYS,DPZ,US_SP500,2026-09-24,372,371,-0.14955305068614061,-0.0101675776204021,-0.059631449892692603,-0.024838988038786699,-0.089921600793448006,0.014671410418384599,LEAVE_ONE_OUT_PRIMARY_UNIVERSE_COHORT_MEDIAN_SAME_ASOF
566,WSSEC:WS:XNYS:DRI,WS:XNYS:DRI,XNYS,DRI,US_SP500,2026-09-24,372,371,-0.0528768895138415,0.0059706374405408,-0.060025304870584099,-0.024838988038786699,0.007148415356742599,0.030809625479327498,LEAVE_ONE_OUT_PRIMARY_UNIVERSE_COHORT_MEDIAN_SAME_ASOF
567,WSSEC:WS:XNYS:DT,WS:XNYS:DT,XNYS,DT,US_SP400,2026-09-21,368,367,0.14401627583557911,0.4001986900473144,-0.052212533000536201,-0.034732470722386902,0.19622880883611532,0.43493116076970129,LEAVE_ONE_OUT_PRIMARY_UNIVERSE_COHORT_MEDIAN_SAME_ASOF
568,WSSEC:WS:XNYS:DTM,WS:XNYS:DTM,XNYS,DTM,US_SP400,2026-09-21,368,367,-0.0135678286412785,-0.16494154890311971,-0.052212533000536201,-0.034115148633207401,0.038644704359257702,-0.13082640026991232,LEAVE_ONE_OUT_PRIMARY_UNIVERSE_COHORT_MEDIAN_SAME_ASOF
569,WSSEC:WS:XNYS:DUK,WS:XNYS:DUK,XNYS,DUK,US_SP500,2026-09-24,372,371,-0.071047633735982205,-0.10546688482387,-0.059631449892692603,-0.024789126457807901,-0.011416183843289601,-0.080677758366062099,LEAVE_ONE_OUT_PRIMARY_UNIVERSE_COHORT_MEDIAN_SAME_ASOF
570,WSSEC:WS:XNYS:DVA,WS:XNYS:DVA,XNYS,DVA,US_SP500,2026-09-24,372,371,-0.029880615338095402,-0.2148957141168972,-0.060025304870584099,-0.024789126457807901,0.030144689532488698,-0.1901065876590893,LEAVE_ONE_OUT_PRIMARY_UNIVERSE_COHORT_MEDIAN_SAME_ASOF
571,WSSEC:WS:XNYS:DVN,WS:XNYS:DVN,XNYS,DVN,US_SP500,2026-09-24,372,371,0.044202426091974403,0.183446318660166,-0.060025304870584099,-0.024838988038786699,0.1042277309625585,0.2082853066989527,LEAVE_ONE_OUT_PRIMARY_UNIVERSE_COHORT_MEDIAN_SAME_ASOF
572,WSSEC:WS:XNYS:DY,WS:XNYS:DY,XNYS,DY,US_SP400,2026-09-21,368,367,-0.25804815183626578,-0.40935151952949472,-0.052040506991479503,-0.034115148633207401,-0.20600764484478629,-0.37523637089628731,LEAVE_ONE_OUT_PRIMARY_UNIVERSE_COHORT_MEDIAN_SAME_ASOF
573,WSSEC:WS:XNYS:ECL,WS:XNYS:ECL,XNYS,ECL,US_SP500,2026-09-24,372,371,-0.052408846064865497,-0.0116291245997038,-0.060025304870584099,-0.024838988038786699,0.0076164588057186025,0.013209863439082899,LEAVE_ONE_OUT_PRIMARY_UNIVERSE_COHORT_MEDIAN_SAME_ASOF
574,WSSEC:WS:XNYS:ED,WS:XNYS:ED,XNYS,ED,US_SP500,2026-09-24,372,371,-0.049421599411961101,-0.071589969859649605,-0.060025304870584099,-0.024789126457807901,0.010603705458622999,-0.046800843401841707,LEAVE_ONE_OUT_PRIMARY_UNIVERSE_COHORT_MEDIAN_SAME_ASOF
575,WSSEC:WS:XNYS:EFX,WS:XNYS:EFX,XNYS,EFX,US_SP500,2026-09-24,372,371,-0.21914355080738021,-0.062499987982934602,-0.059631449892692603,-0.024789126457807901,-0.15951210091468759,-0.037710861525126704,LEAVE_ONE_OUT_PRIMARY_UNIVERSE_COHORT_MEDIAN_SAME_ASOF
576,WSSEC:WS:XNYS:EHC,WS:XNYS:EHC,XNYS,EHC,US_SP400,2026-09-21,368,367,0.010389826492941401,0.21901319765885,-0.052212533000536201,-0.034732470722386902,0.062602359493477602,0.25374566838123691,LEAVE_ONE_OUT_PRIMARY_UNIVERSE_COHORT_MEDIAN_SAME_ASOF
577,WSSEC:WS:XNYS:EIX,WS:XNYS:EIX,XNYS,EIX,US_SP500,2026-09-24,372,371,-0.2948597582984126,-0.29429142956106119,-0.059631449892692603,-0.024789126457807901,-0.23522830840572001,-0.26950230310325329,LEAVE_ONE_OUT_PRIMARY_UNIVERSE_COHORT_MEDIAN_SAME_ASOF
578,WSSEC:WS:XNYS:EL,WS:XNYS:EL,XNYS,EL,US_SP500,2026-09-24,372,371,-0.092232962470872301,0.20797981549137251,-0.059631449892692603,-0.024838988038786699,-0.032601512578179698,0.23281880353015921,LEAVE_ONE_OUT_PRIMARY_UNIVERSE_COHORT_MEDIAN_SAME_ASOF
579,WSSEC:WS:XNYS:ELAN,WS:XNYS:ELAN,XNYS,ELAN,US_SP400,2026-09-21,368,367,-0.064246935848710093,-0.079606092213768007,-0.052040506991479503,-0.034115148633207401,-0.01220642885723059,-0.045490943580560605,LEAVE_ONE_OUT_PRIMARY_UNIVERSE_COHORT_MEDIAN_SAME_ASOF
580,WSSEC:WS:XNYS:ELF,WS:XNYS:ELF,XNYS,ELF,US_SP400,2026-09-21,368,367,-0.040710235692453203,0.50238141676774328,-0.052212533000536201,-0.034732470722386902,0.011502297308082998,0.53711388749013023,LEAVE_ONE_OUT_PRIMARY_UNIVERSE_COHORT_MEDIAN_SAME_ASOF
581,WSSEC:WS:XNYS:ELV,WS:XNYS:ELV,XNYS,ELV,US_SP500,2026-09-24,372,371,-0.010657346981307899,0.029788195088069101,-0.060025304870584099,-0.024838988038786699,0.049367957889276198,0.054627183126855799,LEAVE_ONE_OUT_PRIMARY_UNIVERSE_COHORT_MEDIAN_SAME_ASOF
582,WSSEC:WS:XNYS:EME,WS:XNYS:EME,XNYS,EME,US_SP500,2026-09-24,372,371,-0.015230692483905,-0.093893071831703298,-0.060025304870584099,-0.024789126457807901,0.044794612386679103,-0.069103945373895401,LEAVE_ONE_OUT_PRIMARY_UNIVERSE_COHORT_MEDIAN_SAME_ASOF
583,WSSEC:WS:XNYS:EMR,WS:XNYS:EMR,XNYS,EMR,US_SP500,2026-09-24,372,371,-0.0135826267463283,0.090744017094108204,-0.060025304870584099,-0.024838988038786699,0.046442678124255801,0.11558300513289491,LEAVE_ONE_OUT_PRIMARY_UNIVERSE_COHORT_MEDIAN_SAME_ASOF
584,WSSEC:WS:XNYS:ENS,WS:XNYS:ENS,XNYS,ENS,US_SP400,2026-09-21,368,367,-0.058916489246517698,-0.21100996412290141,-0.052040506991479503,-0.034115148633207401,-0.0068759822550381947,-0.17689481548969399,LEAVE_ONE_OUT_PRIMARY_UNIVERSE_COHORT_MEDIAN_SAME_ASOF
585,WSSEC:WS:XNYS:EOG,WS:XNYS:EOG,XNYS,EOG,US_SP500,2026-09-24,372,371,-0.0136702276829668,0.10121024678354509,-0.060025304870584099,-0.024838988038786699,0.046355077187617298,0.1260492348223318,LEAVE_ONE_OUT_PRIMARY_UNIVERSE_COHORT_MEDIAN_SAME_ASOF
586,WSSEC:WS:XNYS:EQH,WS:XNYS:EQH,XNYS,EQH,US_SP400,2026-09-21,368,367,0.10163593560167131,0.2287864677095536,-0.052212533000536201,-0.034732470722386902,0.15384846860220752,0.26351893843194052,LEAVE_ONE_OUT_PRIMARY_UNIVERSE_COHORT_MEDIAN_SAME_ASOF
587,WSSEC:WS:XNYS:EQT,WS:XNYS:EQT,XNYS,EQT,US_SP500,2026-09-24,372,371,-0.053294432101662098,-0.024449864243550501,-0.060025304870584099,-0.024838988038786699,0.0067308727689220013,0.00038912379523619797,LEAVE_ONE_OUT_PRIMARY_UNIVERSE_COHORT_MEDIAN_SAME_ASOF
588,WSSEC:WS:XNYS:ES,WS:XNYS:ES,XNYS,ES,US_SP500,2026-09-24,372,371,-0.1098088340023823,-0.1171993607227941,-0.059631449892692603,-0.024789126457807901,-0.050177384109689693,-0.092410234264986207,LEAVE_ONE_OUT_PRIMARY_UNIVERSE_COHORT_MEDIAN_SAME_ASOF
589,WSSEC:WS:XNYS:ESAB,WS:XNYS:ESAB,XNYS,ESAB,US_SP400,2026-09-21,368,367,-0.17678131596930649,-0.32189837742187138,-0.052040506991479503,-0.034115148633207401,-0.12474080897782699,-0.28778322878866397,LEAVE_ONE_OUT_PRIMARY_UNIVERSE_COHORT_MEDIAN_SAME_ASOF
590,WSSEC:WS:XNYS:ESNT,WS:XNYS:ESNT,XNYS,ESNT,US_SP400,2026-09-21,368,367,-0.023505192908686801,0.074696893460961006,-0.052212533000536201,-0.034732470722386902,0.028707340091849401,0.10942936418334791,LEAVE_ONE_OUT_PRIMARY_UNIVERSE_COHORT_MEDIAN_SAME_ASOF
591,WSSEC:WS:XNYS:ETR,WS:XNYS:ETR,XNYS,ETR,US_SP500,2026-09-24,372,371,-0.084584532415178201,-0.14539436583232199,-0.059631449892692603,-0.024789126457807901,-0.024953082522485598,-0.12060523937451409,LEAVE_ONE_OUT_PRIMARY_UNIVERSE_COHORT_MEDIAN_SAME_ASOF
592,WSSEC:WS:XNYS:EVR,WS:XNYS:EVR,XNYS,EVR,US_SP400,2026-09-21,368,367,-0.078385706035096703,-0.2254469734340398,-0.052040506991479503,-0.034115148633207401,-0.0263451990436172,-0.19133182480083238,LEAVE_ONE_OUT_PRIMARY_UNIVERSE_COHORT_MEDIAN_SAME_ASOF
593,WSSEC:WS:XNYS:EVRG,WS:XNYS:EVRG,XNYS,EVRG,US_SP500,2026-09-24,372,371,-0.055575817928491797,-0.1014693580018559,-0.060025304870584099,-0.024789126457807901,0.0044494869420923025,-0.076680231544048003,LEAVE_ONE_OUT_PRIMARY_UNIVERSE_COHORT_MEDIAN_SAME_ASOF
594,WSSEC:WS:XNYS:EW,WS:XNYS:EW,XNYS,EW,US_SP500,2026-09-24,372,371,-0.055628943492726401,-0.052288257521671301,-0.060025304870584099,-0.024789126457807901,0.0043963613778576979,-0.0274991310638634,LEAVE_ONE_OUT_PRIMARY_UNIVERSE_COHORT_MEDIAN_SAME_ASOF
595,WSSEC:WS:XNYS:EXC,WS:XNYS:EXC,XNYS,EXC,US_SP500,2026-09-24,372,371,-0.095409495832460195,-0.13770910158804159,-0.059631449892692603,-0.024789126457807901,-0.035778045939767592,-0.11291997513023369,LEAVE_ONE_OUT_PRIMARY_UNIVERSE_COHORT_MEDIAN_SAME_ASOF
596,WSSEC:WS:XNYS:EXP,WS:XNYS:EXP,XNYS,EXP,US_SP400,2026-09-21,368,367,-0.13471477348256369,-0.23912675190261751,-0.052040506991479503,-0.034115148633207401,-0.082674266491084197,-0.20501160326941009,LEAVE_ONE_OUT_PRIMARY_UNIVERSE_COHORT_MEDIAN_SAME_ASOF
597,WSSEC:WS:XNYS:F,WS:XNYS:F,XNYS,F,US_SP500,2026-09-24,372,371,-0.093525127535075595,-0.093525127535075595,-0.059631449892692603,-0.024789126457807901,-0.033893677642382991,-0.068736001077267697,LEAVE_ONE_OUT_PRIMARY_UNIVERSE_COHORT_MEDIAN_SAME_ASOF
598,WSSEC:WS:XNYS:FAF,WS:XNYS:FAF,XNYS,FAF,US_SP400,2026-09-21,368,367,-0.034838349018635098,0.058859474981979,-0.052212533000536201,-0.034732470722386902,0.017374183981901103,0.093591945704365909,LEAVE_ONE_OUT_PRIMARY_UNIVERSE_COHORT_MEDIAN_SAME_ASOF
599,WSSEC:WS:XNYS:FBIN,WS:XNYS:FBIN,XNYS,FBIN,US_SP400,2026-09-21,368,367,-0.110711889519922,-0.14544673405855391,-0.052040506991479503,-0.034115148633207401,-0.058671382528442499,-0.1113315854253465,LEAVE_ONE_OUT_PRIMARY_UNIVERSE_COHORT_MEDIAN_SAME_ASOF
600,WSSEC:WS:XNYS:FCN,WS:XNYS:FCN,XNYS,FCN,US_SP400,2026-09-21,368,367,-0.096314366706879304,0.0024217351243643998,-0.052040506991479503,-0.034732470722386902,-0.044273859715399801,0.037154205846751304,LEAVE_ONE_OUT_PRIMARY_UNIVERSE_COHORT_MEDIAN_SAME_ASOF
601,WSSEC:WS:XNYS:FCX,WS:XNYS:FCX,XNYS,FCX,US_SP500,2026-09-24,372,371,-0.087594913530953195,0.14612820051829911,-0.059631449892692603,-0.024838988038786699,-0.027963463638260591,0.17096718855708581,LEAVE_ONE_OUT_PRIMARY_UNIVERSE_COHORT_MEDIAN_SAME_ASOF
602,WSSEC:WS:XNYS:FDS,WS:XNYS:FDS,XNYS,FDS,US_SP500,2026-09-24,372,371,-0.081908990377951005,0.17893775139647289,-0.059631449892692603,-0.024838988038786699,-0.022277540485258401,0.20377673943525959,LEAVE_ONE_OUT_PRIMARY_UNIVERSE_COHORT_MEDIAN_SAME_ASOF
603,WSSEC:WS:XNYS:FDX,WS:XNYS:FDX,XNYS,FDX,US_SP500,2026-09-24,372,371,-0.16801090309290331,-0.1072717268038926,-0.059631449892692603,-0.024789126457807901,-0.10837945320021071,-0.082482600346084706,LEAVE_ONE_OUT_PRIMARY_UNIVERSE_COHORT_MEDIAN_SAME_ASOF
604,WSSEC:WS:XNYS:FE,WS:XNYS:FE,XNYS,FE,US_SP500,2026-09-24,372,371,-0.0757543537386033,-0.091501939525574894,-0.059631449892692603,-0.024789126457807901,-0.016122903845910697,-0.066712813067766996,LEAVE_ONE_OUT_PRIMARY_UNIVERSE_COHORT_MEDIAN_SAME_ASOF
605,WSSEC:WS:XNYS:FERG,WS:XNYS:FERG,XNYS,FERG,US_SP500,2026-09-24,372,371,-0.066007711536966399,-0.0723044011701683,-0.059631449892692603,-0.024789126457807901,-0.0063762616442737952,-0.047515274712360403,LEAVE_ONE_OUT_PRIMARY_UNIVERSE_COHORT_MEDIAN_SAME_ASOF
606,WSSEC:WS:XNYS:FHI,WS:XNYS:FHI,XNYS,FHI,US_SP400,2026-09-21,368,367,-0.086656207090270498,0.034863021023039099,-0.052040506991479503,-0.034732470722386902,-0.034615700098790995,0.069595491745426008,LEAVE_ONE_OUT_PRIMARY_UNIVERSE_COHORT_MEDIAN_SAME_ASOF
607,WSSEC:WS:XNYS:FHN,WS:XNYS:FHN,XNYS,FHN,US_SP400,2026-09-21,368,367,-0.0284205797581128,-0.063771486495471305,-0.052212533000536201,-0.034115148633207401,0.023791953242423402,-0.029656337862263904,LEAVE_ONE_OUT_PRIMARY_UNIVERSE_COHORT_MEDIAN_SAME_ASOF
608,WSSEC:WS:XNYS:FICO,WS:XNYS:FICO,XNYS,FICO,US_SP500,2026-09-24,372,371,-0.24452675544051161,-0.28314839596642211,-0.059631449892692603,-0.024789126457807901,-0.18489530554781902,-0.25835926950861421,LEAVE_ONE_OUT_PRIMARY_UNIVERSE_COHORT_MEDIAN_SAME_ASOF
609,WSSEC:WS:XNYS:FIS,WS:XNYS:FIS,XNYS,FIS,US_SP500,2026-09-24,372,371,-0.1390255363197857,-0.1000514218822528,-0.059631449892692603,-0.024789126457807901,-0.0793940864270931,-0.075262295424444903,LEAVE_ONE_OUT_PRIMARY_UNIVERSE_COHORT_MEDIAN_SAME_ASOF
610,WSSEC:WS:XNYS:FIX,WS:XNYS:FIX,XNYS,FIX,US_SP500,2026-09-24,372,371,0.017144423897371201,-0.1708216377125244,-0.060025304870584099,-0.024789126457807901,0.077169728767955303,-0.1460325112547165,LEAVE_ONE_OUT_PRIMARY_UNIVERSE_COHORT_MEDIAN_SAME_ASOF
611,WSSEC:WS:XNYS:FLG,WS:XNYS:FLG,XNYS,FLG,US_SP400,2026-09-21,368,367,-0.065330370972221705,-0.16897686669319739,-0.052040506991479503,-0.034115148633207401,-0.013289863980742202,-0.13486171805998998,LEAVE_ONE_OUT_PRIMARY_UNIVERSE_COHORT_MEDIAN_SAME_ASOF
612,WSSEC:WS:XNYS:FLR,WS:XNYS:FLR,XNYS,FLR,US_SP400,2026-09-21,368,367,0.044257985321638202,0.0208877800987055,-0.052212533000536201,-0.034732470722386902,0.096470518322174403,0.055620250821092398,LEAVE_ONE_OUT_PRIMARY_UNIVERSE_COHORT_MEDIAN_SAME_ASOF
613,WSSEC:WS:XNYS:FLS,WS:XNYS:FLS,XNYS,FLS,US_SP400,2026-09-21,368,367,-0.059453347486970197,-0.0042672316834245,-0.052040506991479503,-0.034732470722386902,-0.007412840495490694,0.030465239038962401,LEAVE_ONE_OUT_PRIMARY_UNIVERSE_COHORT_MEDIAN_SAME_ASOF
614,WSSEC:WS:XNYS:FN,WS:XNYS:FN,XNYS,FN,US_SP400,2026-09-21,368,367,-0.080381077299058495,-0.29274903949629089,-0.052040506991479503,-0.034115148633207401,-0.028340570307578992,-0.25863389086308347,LEAVE_ONE_OUT_PRIMARY_UNIVERSE_COHORT_MEDIAN_SAME_ASOF
615,WSSEC:WS:XNYS:FNB,WS:XNYS:FNB,XNYS,FNB,US_SP400,2026-09-21,368,367,-0.033459299312397203,-0.064263301016694502,-0.052212533000536201,-0.034115148633207401,0.018753233688138998,-0.030148152383487101,LEAVE_ONE_OUT_PRIMARY_UNIVERSE_COHORT_MEDIAN_SAME_ASOF
616,WSSEC:WS:XNYS:FND,WS:XNYS:FND,XNYS,FND,US_SP400,2026-09-21,368,367,-0.12919274858789051,-0.1898148105752932,-0.052040506991479503,-0.034115148633207401,-0.077152241596411014,-0.15569966194208579,LEAVE_ONE_OUT_PRIMARY_UNIVERSE_COHORT_MEDIAN_SAME_ASOF
617,WSSEC:WS:XNYS:FNF,WS:XNYS:FNF,XNYS,FNF,US_SP400,2026-09-21,368,367,-0.1023255862717995,-0.079158565984913304,-0.052040506991479503,-0.034115148633207401,-0.050285079280319993,-0.045043417351705903,LEAVE_ONE_OUT_PRIMARY_UNIVERSE_COHORT_MEDIAN_SAME_ASOF
618,WSSEC:WS:XNYS:FOUR,WS:XNYS:FOUR,XNYS,FOUR,US_SP400,2026-09-21,368,367,-0.17859381011451089,-0.1007309266874066,-0.052040506991479503,-0.034115148633207401,-0.1265533031230314,-0.066615778054199201,LEAVE_ONE_OUT_PRIMARY_UNIVERSE_COHORT_MEDIAN_SAME_ASOF
619,WSSEC:WS:XNYS:FTI,WS:XNYS:FTI,XNYS,FTI,US_SP400,2026-09-21,368,367,-0.079276948115977797,0.063851989515756893,-0.052040506991479503,-0.034732470722386902,-0.027236441124498294,0.098584460238143795,LEAVE_ONE_OUT_PRIMARY_UNIVERSE_COHORT_MEDIAN_SAME_ASOF
620,WSSEC:WS:XNYS:FTV,WS:XNYS:FTV,XNYS,FTV,US_SP500,2026-09-24,372,371,-0.079834047689477397,-0.0924865200812994,-0.059631449892692603,-0.024789126457807901,-0.020202597796784794,-0.067697393623491503,LEAVE_ONE_OUT_PRIMARY_UNIVERSE_COHORT_MEDIAN_SAME_ASOF
621,WSSEC:WS:XNYS:G,WS:XNYS:G,XNYS,G,US_SP400,2026-09-21,368,367,-0.082390888769013307,0.23165889906348289,-0.052040506991479503,-0.034732470722386902,-0.030350381777533804,0.2663913697858698,LEAVE_ONE_OUT_PRIMARY_UNIVERSE_COHORT_MEDIAN_SAME_ASOF
622,WSSEC:WS:XNYS:GAP,WS:XNYS:GAP,XNYS,GAP,US_SP400,2026-09-21,368,367,0.073232364586429802,0.050939699387884299,-0.052212533000536201,-0.034732470722386902,0.125444897586966,0.085672170110271201,LEAVE_ONE_OUT_PRIMARY_UNIVERSE_COHORT_MEDIAN_SAME_ASOF
623,WSSEC:WS:XNYS:GATX,WS:XNYS:GATX,XNYS,GATX,US_SP400,2026-09-21,368,367,0.0195546027316457,-0.0068813654940849001,-0.052212533000536201,-0.034732470722386902,0.071767135732181908,0.027851105228302003,LEAVE_ONE_OUT_PRIMARY_UNIVERSE_COHORT_MEDIAN_SAME_ASOF
624,WSSEC:WS:XNYS:GBCI,WS:XNYS:GBCI,XNYS,GBCI,US_SP400,2026-09-21,368,367,-0.051428577887318097,-0.11771652818989981,-0.052212533000536201,-0.034115148633207401,0.0007839551132181044,-0.083601379556692404,LEAVE_ONE_OUT_PRIMARY_UNIVERSE_COHORT_MEDIAN_SAME_ASOF
625,WSSEC:WS:XNYS:GD,WS:XNYS:GD,XNYS,GD,US_SP500,2026-09-24,372,371,-0.1197057268830856,-0.050671810592522099,-0.059631449892692603,-0.024789126457807901,-0.060074276990393,-0.025882684134714198,LEAVE_ONE_OUT_PRIMARY_UNIVERSE_COHORT_MEDIAN_SAME_ASOF
626,WSSEC:WS:XNYS:GEF,WS:XNYS:GEF,XNYS,GEF,US_SP400,2026-09-21,368,367,-0.052212533000536201,0.1221548780447705,-0.052040506991479503,-0.034732470722386902,-0.00017202600905669857,0.1568873487671574,LEAVE_ONE_OUT_PRIMARY_UNIVERSE_COHORT_MEDIAN_SAME_ASOF
627,WSSEC:WS:XNYS:GEV,WS:XNYS:GEV,XNYS,GEV,US_SP500,2026-09-24,372,371,0.0020459254812563001,-0.1871031527713834,-0.060025304870584099,-0.024789126457807901,0.062071230351840402,-0.1623140263135755,LEAVE_ONE_OUT_PRIMARY_UNIVERSE_COHORT_MEDIAN_SAME_ASOF
628,WSSEC:WS:XNYS:GGG,WS:XNYS:GGG,XNYS,GGG,US_SP400,2026-09-21,368,367,-0.050223252510065,0.0085593083432660005,-0.052212533000536201,-0.034732470722386902,0.0019892804904712014,0.043291779065652902,LEAVE_ONE_OUT_PRIMARY_UNIVERSE_COHORT_MEDIAN_SAME_ASOF
629,WSSEC:WS:XNYS:GHC,WS:XNYS:GHC,XNYS,GHC,US_SP400,2026-09-21,368,367,-0.017841744921356099,0.0074186197053946997,-0.052212533000536201,-0.034732470722386902,0.034370788079180106,0.042151090427781604,LEAVE_ONE_OUT_PRIMARY_UNIVERSE_COHORT_MEDIAN_SAME_ASOF
630,WSSEC:WS:XNYS:GL,WS:XNYS:GL,XNYS,GL,US_SP500,2026-09-24,372,371,-0.0468812052661291,-0.063577265598927096,-0.060025304870584099,-0.024789126457807901,0.013144099604454999,-0.038788139141119199,LEAVE_ONE_OUT_PRIMARY_UNIVERSE_COHORT_MEDIAN_SAME_ASOF
631,WSSEC:WS:XNYS:GLW,WS:XNYS:GLW,XNYS,GLW,US_SP500,2026-09-24,372,371,0.0089671104079961997,-0.3965078560991549,-0.060025304870584099,-0.024789126457807901,0.068992415278580299,-0.371718729641347,LEAVE_ONE_OUT_PRIMARY_UNIVERSE_COHORT_MEDIAN_SAME_ASOF
632,WSSEC:WS:XNYS:GM,WS:XNYS:GM,XNYS,GM,US_SP500,2026-09-24,372,371,-0.066720746137624506,0.045277604837360597,-0.059631449892692603,-0.024838988038786699,-0.007089296244931903,0.070116592876147299,LEAVE_ONE_OUT_PRIMARY_UNIVERSE_COHORT_MEDIAN_SAME_ASOF
633,WSSEC:WS:XNYS:GME,WS:XNYS:GME,XNYS,GME,US_SP400,2026-09-21,368,367,0.24986278820238289,0.083293668773707294,-0.052212533000536201,-0.034732470722386902,0.30207532120291908,0.1180261394960942,LEAVE_ONE_OUT_PRIMARY_UNIVERSE_COHORT_MEDIAN_SAME_ASOF
634,WSSEC:WS:XNYS:GMED,WS:XNYS:GMED,XNYS,GMED,US_SP400,2026-09-21,368,367,-0.1452077115960822,-0.12238630151925441,-0.052040506991479503,-0.034115148633207401,-0.093167204604602705,-0.088271152886047005,LEAVE_ONE_OUT_PRIMARY_UNIVERSE_COHORT_MEDIAN_SAME_ASOF
635,WSSEC:WS:XNYS:GNRC,WS:XNYS:GNRC,XNYS,GNRC,US_SP500,2026-09-24,372,371,-0.041477070312430697,-0.3236228110273921,-0.060025304870584099,-0.024789126457807901,0.018548234558153402,-0.2988336845695842,LEAVE_ONE_OUT_PRIMARY_UNIVERSE_COHORT_MEDIAN_SAME_ASOF
636,WSSEC:WS:XNYS:GPC,WS:XNYS:GPC,XNYS,GPC,US_SP500,2026-09-24,372,371,-0.073338666452554199,0.095609347592372398,-0.059631449892692603,-0.024838988038786699,-0.013707216559861596,0.1204483356311591,LEAVE_ONE_OUT_PRIMARY_UNIVERSE_COHORT_MEDIAN_SAME_ASOF
637,WSSEC:WS:XNYS:GPK,WS:XNYS:GPK,XNYS,GPK,US_SP400,2026-09-21,368,367,-0.22658863122937309,-0.1521539753097125,-0.052040506991479503,-0.034115148633207401,-0.17454812423789359,-0.1180388266765051,LEAVE_ONE_OUT_PRIMARY_UNIVERSE_COHORT_MEDIAN_SAME_ASOF
638,WSSEC:WS:XNYS:GPN,WS:XNYS:GPN,XNYS,GPN,US_SP500,2026-09-24,372,371,-0.082293476777332494,0.175716654203359,-0.059631449892692603,-0.024838988038786699,-0.022662026884639891,0.2005556422421457,LEAVE_ONE_OUT_PRIMARY_UNIVERSE_COHORT_MEDIAN_SAME_ASOF
639,WSSEC:WS:XNYS:GS,WS:XNYS:GS,XNYS,GS,US_SP500,2026-09-24,372,371,-0.1126136394567081,-0.087089806416135507,-0.059631449892692603,-0.024789126457807901,-0.0529821895640155,-0.062300679958327609,LEAVE_ONE_OUT_PRIMARY_UNIVERSE_COHORT_MEDIAN_SAME_ASOF
640,WSSEC:WS:XNYS:GWRE,WS:XNYS:GWRE,XNYS,GWRE,US_SP400,2026-09-21,368,367,-0.21042336827984989,0.35676663899249861,-0.052040506991479503,-0.034732470722386902,-0.1583828612883704,0.3914991097148855,LEAVE_ONE_OUT_PRIMARY_UNIVERSE_COHORT_MEDIAN_SAME_ASOF
641,WSSEC:WS:XNYS:GWW,WS:XNYS:GWW,XNYS,GWW,US_SP500,2026-09-24,372,371,-0.041875439633292599,-0.059489894338832297,-0.060025304870584099,-0.024789126457807901,0.0181498652372915,-0.0347007678810244,LEAVE_ONE_OUT_PRIMARY_UNIVERSE_COHORT_MEDIAN_SAME_ASOF
642,WSSEC:WS:XNYS:GXO,WS:XNYS:GXO,XNYS,GXO,US_SP400,2026-09-21,368,367,-0.0069991182476022004,-0.1089303072414782,-0.052212533000536201,-0.034115148633207401,0.045213414752934,-0.074815158608270801,LEAVE_ONE_OUT_PRIMARY_UNIVERSE_COHORT_MEDIAN_SAME_ASOF
643,WSSEC:WS:XNYS:H,WS:XNYS:H,XNYS,H,US_SP400,2026-09-21,368,367,-0.13128909869430799,-0.2033399252605112,-0.052040506991479503,-0.034115148633207401,-0.079248591702828497,-0.16922477662730379,LEAVE_ONE_OUT_PRIMARY_UNIVERSE_COHORT_MEDIAN_SAME_ASOF
644,WSSEC:WS:XNYS:HAE,WS:XNYS:HAE,XNYS,HAE,US_SP400,2026-09-21,368,367,-0.00064337952997040005,0.40079875688643257,-0.052212533000536201,-0.034732470722386902,0.051569153470565801,0.43553122760881946,LEAVE_ONE_OUT_PRIMARY_UNIVERSE_COHORT_MEDIAN_SAME_ASOF
645,WSSEC:WS:XNYS:HAL,WS:XNYS:HAL,XNYS,HAL,US_SP500,2026-09-24,372,371,-0.048780498611080102,-0.035051617515875898,-0.060025304870584099,-0.024789126457807901,0.011244806259503998,-0.010262491058067997,LEAVE_ONE_OUT_PRIMARY_UNIVERSE_COHORT_MEDIAN_SAME_ASOF
646,WSSEC:WS:XNYS:HCA,WS:XNYS:HCA,XNYS,HCA,US_SP500,2026-09-24,372,371,-0.0086150216411462997,0.086152491923083996,-0.060025304870584099,-0.024838988038786699,0.051410283229437803,0.1109914799618707,LEAVE_ONE_OUT_PRIMARY_UNIVERSE_COHORT_MEDIAN_SAME_ASOF
647,WSSEC:WS:XNYS:HD,WS:XNYS:HD,XNYS,HD,US_SP500,2026-09-24,372,371,-0.12743023040155879,-0.17154361249978151,-0.059631449892692603,-0.024789126457807901,-0.067798780508866188,-0.14675448604197361,LEAVE_ONE_OUT_PRIMARY_UNIVERSE_COHORT_MEDIAN_SAME_ASOF
648,WSSEC:WS:XNYS:HGV,WS:XNYS:HGV,XNYS,HGV,US_SP400,2026-09-21,368,367,-0.21170470201388281,-0.34123746434144908,-0.052040506991479503,-0.034115148633207401,-0.15966419502240331,-0.30712231570824167,LEAVE_ONE_OUT_PRIMARY_UNIVERSE_COHORT_MEDIAN_SAME_ASOF
649,WSSEC:WS:XNYS:HIG,WS:XNYS:HIG,XNYS,HIG,US_SP500,2026-09-24,372,371,-0.10131558778140411,-0.051539402436270698,-0.059631449892692603,-0.024789126457807901,-0.041684137888711503,-0.026750275978462797,LEAVE_ONE_OUT_PRIMARY_UNIVERSE_COHORT_MEDIAN_SAME_ASOF
650,WSSEC:WS:XNYS:HII,WS:XNYS:HII,XNYS,HII,US_SP500,2026-09-24,372,371,-0.10256408408396039,-0.049626688775890701,-0.059631449892692603,-0.024789126457807901,-0.042932634191267791,-0.0248375623180828,LEAVE_ONE_OUT_PRIMARY_UNIVERSE_COHORT_MEDIAN_SAME_ASOF
651,WSSEC:WS:XNYS:HIMS,WS:XNYS:HIMS,XNYS,HIMS,US_SP400,2026-09-21,368,367,-0.1311426452905087,-0.1027208436883726,-0.052040506991479503,-0.034115148633207401,-0.079102138299029207,-0.0686056950551652,LEAVE_ONE_OUT_PRIMARY_UNIVERSE_COHORT_MEDIAN_SAME_ASOF
652,WSSEC:WS:XNYS:HL,WS:XNYS:HL,XNYS,HL,US_SP400,2026-09-21,368,367,-0.11438219162281769,0.21122117778969879,-0.052040506991479503,-0.034732470722386902,-0.062341684631338191,0.24595364851208568,LEAVE_ONE_OUT_PRIMARY_UNIVERSE_COHORT_MEDIAN_SAME_ASOF
653,WSSEC:WS:XNYS:HLI,WS:XNYS:HLI,XNYS,HLI,US_SP400,2026-09-21,368,367,0.0275861873259,-0.027286739314454599,-0.052212533000536201,-0.034732470722386902,0.079798720326436201,0.0074457314079323031,LEAVE_ONE_OUT_PRIMARY_UNIVERSE_COHORT_MEDIAN_SAME_ASOF
654,WSSEC:WS:XNYS:HLT,WS:XNYS:HLT,XNYS,HLT,US_SP500,2026-09-24,372,371,-0.061432501881654202,-0.055468096127325998,-0.059631449892692603,-0.024789126457807901,-0.0018010519889615981,-0.030678969669518098,LEAVE_ONE_OUT_PRIMARY_UNIVERSE_COHORT_MEDIAN_SAME_ASOF
655,WSSEC:WS:XNYS:HOG,WS:XNYS:HOG,XNYS,HOG,US_SP400,2026-09-21,368,367,-0.070567433497450899,0.0294579743507297,-0.052040506991479503,-0.034732470722386902,-0.018526926505971396,0.064190445073116609,LEAVE_ONE_OUT_PRIMARY_UNIVERSE_COHORT_MEDIAN_SAME_ASOF
656,WSSEC:WS:XNYS:HOMB,WS:XNYS:HOMB,XNYS,HOMB,US_SP400,2026-09-21,368,367,-0.0218037607344281,0.031348016530089597,-0.052212533000536201,-0.034732470722386902,0.030408772266108101,0.066080487252476505,LEAVE_ONE_OUT_PRIMARY_UNIVERSE_COHORT_MEDIAN_SAME_ASOF
657,WSSEC:WS:XNYS:HPE,WS:XNYS:HPE,XNYS,HPE,US_SP500,2026-09-24,372,371,0.15009960138036371,0.40811349142805148,-0.060025304870584099,-0.024838988038786699,0.21012490625094782,0.43295247946683818,LEAVE_ONE_OUT_PRIMARY_UNIVERSE_COHORT_MEDIAN_SAME_ASOF
658,WSSEC:WS:XNYS:HRB,WS:XNYS:HRB,XNYS,HRB,US_SP400,2026-09-21,368,367,-0.17101341752955709,0.243711613141494,-0.052040506991479503,-0.034732470722386902,-0.1189729105380776,0.27844408386388092,LEAVE_ONE_OUT_PRIMARY_UNIVERSE_COHORT_MEDIAN_SAME_ASOF
659,WSSEC:WS:XNYS:HRL,WS:XNYS:HRL,XNYS,HRL,US_SP500,2026-09-24,372,371,-0.16322223033821931,-0.20064462544191,-0.059631449892692603,-0.024789126457807901,-0.10359078044552671,-0.1758554989841021,LEAVE_ONE_OUT_PRIMARY_UNIVERSE_COHORT_MEDIAN_SAME_ASOF
660,WSSEC:WS:XNYS:HSY,WS:XNYS:HSY,XNYS,HSY,US_SP500,2026-09-24,372,371,-0.099649315416735704,-0.048845780646880402,-0.059631449892692603,-0.024789126457807901,-0.0400178655240431,-0.024056654189072501,LEAVE_ONE_OUT_PRIMARY_UNIVERSE_COHORT_MEDIAN_SAME_ASOF
661,WSSEC:WS:XNYS:HUBB,WS:XNYS:HUBB,XNYS,HUBB,US_SP500,2026-09-24,372,371,-0.0139270767710947,-0.1095565863663189,-0.060025304870584099,-0.024789126457807901,0.046098228099489401,-0.084767459908511006,LEAVE_ONE_OUT_PRIMARY_UNIVERSE_COHORT_MEDIAN_SAME_ASOF
662,WSSEC:WS:XNYS:HUM,WS:XNYS:HUM,XNYS,HUM,US_SP500,2026-09-24,372,371,-0.027463791493441501,-0.042545677066987399,-0.060025304870584099,-0.024789126457807901,0.032561513377142595,-0.017756550609179498,LEAVE_ONE_OUT_PRIMARY_UNIVERSE_COHORT_MEDIAN_SAME_ASOF
663,WSSEC:WS:XNYS:HXL,WS:XNYS:HXL,XNYS,HXL,US_SP400,2026-09-21,368,367,-0.073726807201641098,-0.096351696614478899,-0.052040506991479503,-0.034115148633207401,-0.021686300210161595,-0.062236547981271498,LEAVE_ONE_OUT_PRIMARY_UNIVERSE_COHORT_MEDIAN_SAME_ASOF
664,WSSEC:WS:XNYS:IBM,WS:XNYS:IBM,XNYS,IBM,US_SP500,2026-09-24,372,371,-0.0122242903305462,-0.19256070389353341,-0.060025304870584099,-0.024789126457807901,0.047801014540037899,-0.16777157743572552,LEAVE_ONE_OUT_PRIMARY_UNIVERSE_COHORT_MEDIAN_SAME_ASOF
665,WSSEC:WS:XNYS:ICE,WS:XNYS:ICE,XNYS,ICE,US_SP500,2026-09-24,372,371,-0.030817722020707702,0.27471360488796848,-0.060025304870584099,-0.024838988038786699,0.029207582849876398,0.29955259292675518,LEAVE_ONE_OUT_PRIMARY_UNIVERSE_COHORT_MEDIAN_SAME_ASOF
666,WSSEC:WS:XNYS:IDA,WS:XNYS:IDA,XNYS,IDA,US_SP400,2026-09-21,368,367,-0.049052448084805002,-0.12793262022301019,-0.052212533000536201,-0.034115148633207401,0.0031600849157311997,-0.093817471589802789,LEAVE_ONE_OUT_PRIMARY_UNIVERSE_COHORT_MEDIAN_SAME_ASOF
667,WSSEC:WS:XNYS:IEX,WS:XNYS:IEX,XNYS,IEX,US_SP500,2026-09-24,372,371,-0.027204220725669699,0.0068297117100701004,-0.060025304870584099,-0.024838988038786699,0.0328210841449144,0.031668699748856798,LEAVE_ONE_OUT_PRIMARY_UNIVERSE_COHORT_MEDIAN_SAME_ASOF
668,WSSEC:WS:XNYS:IFF,WS:XNYS:IFF,XNYS,IFF,US_SP500,2026-09-24,372,371,-0.014577642704571099,0.083690951164556396,-0.060025304870584099,-0.024838988038786699,0.045447662166013002,0.1085299392033431,LEAVE_ONE_OUT_PRIMARY_UNIVERSE_COHORT_MEDIAN_SAME_ASOF
669,WSSEC:WS:XNYS:INGR,WS:XNYS:INGR,XNYS,INGR,US_SP400,2026-09-21,368,367,-0.091819523538439501,0.0021689639034763002,-0.052040506991479503,-0.034732470722386902,-0.039779016546959999,0.036901434625863205,LEAVE_ONE_OUT_PRIMARY_UNIVERSE_COHORT_MEDIAN_SAME_ASOF
670,WSSEC:WS:XNYS:IP,WS:XNYS:IP,XNYS,IP,US_SP500,2026-09-24,372,371,-0.15728432997177921,-0.084514370996444904,-0.059631449892692603,-0.024789126457807901,-0.09765288007908661,-0.059725244538637007,LEAVE_ONE_OUT_PRIMARY_UNIVERSE_COHORT_MEDIAN_SAME_ASOF
671,WSSEC:WS:XNYS:IQV,WS:XNYS:IQV,XNYS,IQV,US_SP500,2026-09-24,372,371,0.051661423056635597,0.42335155406366942,-0.060025304870584099,-0.024838988038786699,0.1116867279272197,0.44819054210245612,LEAVE_ONE_OUT_PRIMARY_UNIVERSE_COHORT_MEDIAN_SAME_ASOF
672,WSSEC:WS:XNYS:IT,WS:XNYS:IT,XNYS,IT,US_SP500,2026-09-24,372,371,-0.070688219916340694,0.38342859187811412,-0.059631449892692603,-0.024838988038786699,-0.011056770023648091,0.40826757991690082,LEAVE_ONE_OUT_PRIMARY_UNIVERSE_COHORT_MEDIAN_SAME_ASOF
673,WSSEC:WS:XNYS:ITT,WS:XNYS:ITT,XNYS,ITT,US_SP400,2026-09-21,368,367,-0.0116290886917638,0.027988758464002301,-0.052212533000536201,-0.034732470722386902,0.0405834443087724,0.062721229186389199,LEAVE_ONE_OUT_PRIMARY_UNIVERSE_COHORT_MEDIAN_SAME_ASOF
674,WSSEC:WS:XNYS:ITW,WS:XNYS:ITW,XNYS,ITW,US_SP500,2026-09-24,372,371,-0.047318865551212501,0.0056568150715110002,-0.060025304870584099,-0.024838988038786699,0.012706439319371599,0.0304958031102977,LEAVE_ONE_OUT_PRIMARY_UNIVERSE_COHORT_MEDIAN_SAME_ASOF
675,WSSEC:WS:XNYS:JBL,WS:XNYS:JBL,XNYS,JBL,US_SP500,2026-09-24,372,371,-0.00070760418806670004,-0.19401786451535211,-0.060025304870584099,-0.024789126457807901,0.059317700682517398,-0.16922873805754421,LEAVE_ONE_OUT_PRIMARY_UNIVERSE_COHORT_MEDIAN_SAME_ASOF
676,WSSEC:WS:XNYS:JEF,WS:XNYS:JEF,XNYS,JEF,US_SP400,2026-09-21,368,367,-0.085610609596328796,-0.090995459176796398,-0.052040506991479503,-0.034115148633207401,-0.033570102604849293,-0.056880310543588997,LEAVE_ONE_OUT_PRIMARY_UNIVERSE_COHORT_MEDIAN_SAME_ASOF
677,WSSEC:WS:XNYS:JNJ,WS:XNYS:JNJ,XNYS,JNJ,US_SP500,2026-09-24,372,371,0.0025184913917823001,0.065795138696546004,-0.060025304870584099,-0.024838988038786699,0.062543796262366405,0.090634126735332707,LEAVE_ONE_OUT_PRIMARY_UNIVERSE_COHORT_MEDIAN_SAME_ASOF
678,WSSEC:WS:XNYS:JPM,WS:XNYS:JPM,XNYS,JPM,US_SP500,2026-09-24,372,371,-0.050322587493425601,0.034307919979854301,-0.060025304870584099,-0.024838988038786699,0.0097027173771584985,0.059146908018641003,LEAVE_ONE_OUT_PRIMARY_UNIVERSE_COHORT_MEDIAN_SAME_ASOF
679,WSSEC:WS:XNYS:KBH,WS:XNYS:KBH,XNYS,KBH,US_SP400,2026-09-21,368,367,-0.13563298657043271,-0.21179183715112981,-0.052040506991479503,-0.034115148633207401,-0.083592479578953216,-0.1776766885179224,LEAVE_ONE_OUT_PRIMARY_UNIVERSE_COHORT_MEDIAN_SAME_ASOF
680,WSSEC:WS:XNYS:KBR,WS:XNYS:KBR,XNYS,KBR,US_SP400,2026-09-21,368,367,-0.073613271586261395,0.108217106309048,-0.052040506991479503,-0.034732470722386902,-0.021572764594781892,0.1429495770314349,LEAVE_ONE_OUT_PRIMARY_UNIVERSE_COHORT_MEDIAN_SAME_ASOF
681,WSSEC:WS:XNYS:KD,WS:XNYS:KD,XNYS,KD,US_SP400,2026-09-21,368,367,-0.0278884761872846,0.1306765386836907,-0.052212533000536201,-0.034732470722386902,0.024324056813251602,0.16540900940607761,LEAVE_ONE_OUT_PRIMARY_UNIVERSE_COHORT_MEDIAN_SAME_ASOF
682,WSSEC:WS:XNYS:KEX,WS:XNYS:KEX,XNYS,KEX,US_SP400,2026-09-21,368,367,-0.0307295649113042,-0.021075410354588701,-0.052212533000536201,-0.034732470722386902,0.021482968089232002,0.0136570603677982,LEAVE_ONE_OUT_PRIMARY_UNIVERSE_COHORT_MEDIAN_SAME_ASOF
683,WSSEC:WS:XNYS:KEY,WS:XNYS:KEY,XNYS,KEY,US_SP500,2026-09-24,372,371,-0.083295615204978996,-0.1214750251513507,-0.059631449892692603,-0.024789126457807901,-0.023664165312286392,-0.096685898693542799,LEAVE_ONE_OUT_PRIMARY_UNIVERSE_COHORT_MEDIAN_SAME_ASOF
684,WSSEC:WS:XNYS:KEYS,WS:XNYS:KEYS,XNYS,KEYS,US_SP500,2026-09-24,372,371,0.11082118236820281,0.0213385924655487,-0.060025304870584099,-0.024838988038786699,0.1708464872387869,0.046177580504335403,LEAVE_ONE_OUT_PRIMARY_UNIVERSE_COHORT_MEDIAN_SAME_ASOF
685,WSSEC:WS:XNYS:KMB,WS:XNYS:KMB,XNYS,KMB,US_SP500,2026-09-24,372,371,-0.11890516179654879,-0.1143299244434841,-0.059631449892692603,-0.024789126457807901,-0.059273711903856191,-0.089540797985676199,LEAVE_ONE_OUT_PRIMARY_UNIVERSE_COHORT_MEDIAN_SAME_ASOF
686,WSSEC:WS:XNYS:KMI,WS:XNYS:KMI,XNYS,KMI,US_SP500,2026-09-24,372,371,-0.024047484283435599,-0.0225210925498435,-0.060025304870584099,-0.024838988038786699,0.035977820587148504,0.0023178954889431988,LEAVE_ONE_OUT_PRIMARY_UNIVERSE_COHORT_MEDIAN_SAME_ASOF
687,WSSEC:WS:XNYS:KNF,WS:XNYS:KNF,XNYS,KNF,US_SP400,2026-09-21,368,367,-0.16261143447610141,-0.40355221811297071,-0.052040506991479503,-0.034115148633207401,-0.11057092748462191,-0.36943706947976329,LEAVE_ONE_OUT_PRIMARY_UNIVERSE_COHORT_MEDIAN_SAME_ASOF
688,WSSEC:WS:XNYS:KNSL,WS:XNYS:KNSL,XNYS,KNSL,US_SP400,2026-09-21,368,367,-0.066119113958233805,0.16133323913777811,-0.052040506991479503,-0.034732470722386902,-0.014078606966754302,0.19606570986016503,LEAVE_ONE_OUT_PRIMARY_UNIVERSE_COHORT_MEDIAN_SAME_ASOF
689,WSSEC:WS:XNYS:KNX,WS:XNYS:KNX,XNYS,KNX,US_SP400,2026-09-21,368,367,-0.069553014436711399,-0.13559098208928591,-0.052040506991479503,-0.034115148633207401,-0.017512507445231897,-0.10147583345607851,LEAVE_ONE_OUT_PRIMARY_UNIVERSE_COHORT_MEDIAN_SAME_ASOF
690,WSSEC:WS:XNYS:KO,WS:XNYS:KO,XNYS,KO,US_SP500,2026-09-24,372,371,-0.021980498631062301,0.084040877484610796,-0.060025304870584099,-0.024838988038786699,0.038044806239521799,0.1088798655233975,LEAVE_ONE_OUT_PRIMARY_UNIVERSE_COHORT_MEDIAN_SAME_ASOF
691,WSSEC:WS:XNYS:KR,WS:XNYS:KR,XNYS,KR,US_SP500,2026-09-24,372,371,0.0070073467642062003,0.061048072468395699,-0.060025304870584099,-0.024838988038786699,0.067032651634790302,0.085887060507182394,LEAVE_ONE_OUT_PRIMARY_UNIVERSE_COHORT_MEDIAN_SAME_ASOF
692,WSSEC:WS:XNYS:KVUE,WS:XNYS:KVUE,XNYS,KVUE,US_SP500,2026-09-24,372,371,-0.083766844980283903,-0.078492933128818193,-0.059631449892692603,-0.024789126457807901,-0.024135395087591299,-0.053703806671010296,LEAVE_ONE_OUT_PRIMARY_UNIVERSE_COHORT_MEDIAN_SAME_ASOF
693,WSSEC:WS:XNYS:L,WS:XNYS:L,XNYS,L,US_SP500,2026-09-24,372,371,-0.053082186718156302,-0.071901770651677993,-0.060025304870584099,-0.024789126457807901,0.0069431181524277977,-0.047112644193870096,LEAVE_ONE_OUT_PRIMARY_UNIVERSE_COHORT_MEDIAN_SAME_ASOF
694,WSSEC:WS:XNYS:LAD,WS:XNYS:LAD,XNYS,LAD,US_SP400,2026-09-21,368,367,-0.14722308815688659,0.065446642372318106,-0.052040506991479503,-0.034732470722386902,-0.095182581165407093,0.10017911309470501,LEAVE_ONE_OUT_PRIMARY_UNIVERSE_COHORT_MEDIAN_SAME_ASOF
695,WSSEC:WS:XNYS:LDOS,WS:XNYS:LDOS,XNYS,LDOS,US_SP500,2026-09-24,372,371,-0.1024521207308586,0.1979216957542424,-0.059631449892692603,-0.024838988038786699,-0.042820670838166,0.2227606837930291,LEAVE_ONE_OUT_PRIMARY_UNIVERSE_COHORT_MEDIAN_SAME_ASOF
696,WSSEC:WS:XNYS:LEA,WS:XNYS:LEA,XNYS,LEA,US_SP400,2026-09-21,368,367,-0.064726874902733197,-0.13022717292020891,-0.052040506991479503,-0.034115148633207401,-0.012686367911253695,-0.09611202428700151,LEAVE_ONE_OUT_PRIMARY_UNIVERSE_COHORT_MEDIAN_SAME_ASOF
697,WSSEC:WS:XNYS:LEN,WS:XNYS:LEN,XNYS,LEN,US_SP500,2026-09-24,372,371,-0.065174988017517393,-0.099679487855064294,-0.059631449892692603,-0.024789126457807901,-0.00554353812482479,-0.074890361397256397,LEAVE_ONE_OUT_PRIMARY_UNIVERSE_COHORT_MEDIAN_SAME_ASOF
698,WSSEC:WS:XNYS:LHX,WS:XNYS:LHX,XNYS,LHX,US_SP500,2026-09-24,372,371,-0.094767261099498595,-0.18083899554014241,-0.059631449892692603,-0.024789126457807901,-0.035135811206805992,-0.15604986908233451,LEAVE_ONE_OUT_PRIMARY_UNIVERSE_COHORT_MEDIAN_SAME_ASOF
699,WSSEC:WS:XNYS:LII,WS:XNYS:LII,XNYS,LII,US_SP500,2026-09-24,372,371,-0.065884390838618703,-0.35809409033330758,-0.059631449892692603,-0.024789126457807901,-0.0062529409459260998,-0.33330496387549968,LEAVE_ONE_OUT_PRIMARY_UNIVERSE_COHORT_MEDIAN_SAME_ASOF
700,WSSEC:WS:XNYS:LLY,WS:XNYS:LLY,XNYS,LLY,US_SP500,2026-09-24,372,371,-0.0063224786365926001,-0.014623644795486499,-0.060025304870584099,-0.024838988038786699,0.053702826233991502,0.010215343243300199,LEAVE_ONE_OUT_PRIMARY_UNIVERSE_COHORT_MEDIAN_SAME_ASOF
701,WSSEC:WS:XNYS:LMT,WS:XNYS:LMT,XNYS,LMT,US_SP500,2026-09-24,372,371,-0.074113332753505498,0.027951205179589999,-0.059631449892692603,-0.024838988038786699,-0.014481882860812895,0.052790193218376698,LEAVE_ONE_OUT_PRIMARY_UNIVERSE_COHORT_MEDIAN_SAME_ASOF
702,WSSEC:WS:XNYS:LOW,WS:XNYS:LOW,XNYS,LOW,US_SP500,2026-09-24,372,371,-0.1039646085459808,-0.1451312948558664,-0.059631449892692603,-0.024789126457807901,-0.044333158653288199,-0.1203421683980585,LEAVE_ONE_OUT_PRIMARY_UNIVERSE_COHORT_MEDIAN_SAME_ASOF
703,WSSEC:WS:XNYS:LPX,WS:XNYS:LPX,XNYS,LPX,US_SP400,2026-09-21,368,367,-0.1110958898539791,-0.2028185751450963,-0.052040506991479503,-0.034115148633207401,-0.059055382862499596,-0.16870342651188891,LEAVE_ONE_OUT_PRIMARY_UNIVERSE_COHORT_MEDIAN_SAME_ASOF
704,WSSEC:WS:XNYS:LUV,WS:XNYS:LUV,XNYS,LUV,US_SP500,2026-09-24,372,371,0.021637597928076201,-0.19194864417256369,-0.060025304870584099,-0.024789126457807901,0.0816629027986603,-0.16715951771475579,LEAVE_ONE_OUT_PRIMARY_UNIVERSE_COHORT_MEDIAN_SAME_ASOF
705,WSSEC:WS:XNYS:LVS,WS:XNYS:LVS,XNYS,LVS,US_SP500,2026-09-24,372,371,-0.16396275343745639,-0.16323873836337671,-0.059631449892692603,-0.024789126457807901,-0.10433130354476379,-0.13844961190556881,LEAVE_ONE_OUT_PRIMARY_UNIVERSE_COHORT_MEDIAN_SAME_ASOF
706,WSSEC:WS:XNYS:LYV,WS:XNYS:LYV,XNYS,LYV,US_SP500,2026-09-24,372,371,-0.063403426794530496,-0.065807454598831902,-0.059631449892692603,-0.024789126457807901,-0.0037719769018378924,-0.041018328141024005,LEAVE_ONE_OUT_PRIMARY_UNIVERSE_COHORT_MEDIAN_SAME_ASOF
707,WSSEC:WS:XNYS:M,WS:XNYS:M,XNYS,M,US_SP400,2026-09-21,368,367,-0.027607325556165099,-0.13657588033784859,-0.052212533000536201,-0.034115148633207401,0.024605207444371103,-0.10246073170464119,LEAVE_ONE_OUT_PRIMARY_UNIVERSE_COHORT_MEDIAN_SAME_ASOF
708,WSSEC:WS:XNYS:MA,WS:XNYS:MA,XNYS,MA,US_SP500,2026-09-24,372,371,-0.054121267897915097,0.1021807710252218,-0.060025304870584099,-0.024838988038786699,0.0059040369726690023,0.1270197590640085,LEAVE_ONE_OUT_PRIMARY_UNIVERSE_COHORT_MEDIAN_SAME_ASOF
709,WSSEC:WS:XNYS:MAS,WS:XNYS:MAS,XNYS,MAS,US_SP500,2026-09-24,372,371,-0.085461970732771106,-0.17279101282295181,-0.059631449892692603,-0.024789126457807901,-0.025830520840078502,-0.14800188636514391,LEAVE_ONE_OUT_PRIMARY_UNIVERSE_COHORT_MEDIAN_SAME_ASOF
710,WSSEC:WS:XNYS:MCD,WS:XNYS:MCD,XNYS,MCD,US_SP500,2026-09-24,372,371,-0.11205180842922211,-0.12315487250491609,-0.059631449892692603,-0.024789126457807901,-0.052420358536529502,-0.098365746047108196,LEAVE_ONE_OUT_PRIMARY_UNIVERSE_COHORT_MEDIAN_SAME_ASOF
711,WSSEC:WS:XNYS:MCK,WS:XNYS:MCK,XNYS,MCK,US_SP500,2026-09-24,372,371,-0.0304355526899509,0.150555867444819,-0.060025304870584099,-0.024838988038786699,0.0295897521806332,0.1753948554836057,LEAVE_ONE_OUT_PRIMARY_UNIVERSE_COHORT_MEDIAN_SAME_ASOF
712,WSSEC:WS:XNYS:MCO,WS:XNYS:MCO,XNYS,MCO,US_SP500,2026-09-24,372,371,-0.091730605012557503,0.031859913998001303,-0.059631449892692603,-0.024838988038786699,-0.0320991551198649,0.056698902036787999,LEAVE_ONE_OUT_PRIMARY_UNIVERSE_COHORT_MEDIAN_SAME_ASOF
713,WSSEC:WS:XNYS:MET,WS:XNYS:MET,XNYS,MET,US_SP500,2026-09-24,372,371,0.0075632343796401,0.14939131661112401,-0.060025304870584099,-0.024838988038786699,0.067588539250224206,0.17423030464991071,LEAVE_ONE_OUT_PRIMARY_UNIVERSE_COHORT_MEDIAN_SAME_ASOF
714,WSSEC:WS:XNYS:MGM,WS:XNYS:MGM,XNYS,MGM,US_SP500,2026-09-24,372,371,-0.2248044331242125,-0.29533575279230478,-0.059631449892692603,-0.024789126457807901,-0.16517298323151991,-0.27054662633449689,LEAVE_ONE_OUT_PRIMARY_UNIVERSE_COHORT_MEDIAN_SAME_ASOF
715,WSSEC:WS:XNYS:MKC,WS:XNYS:MKC,XNYS,MKC,US_SP500,2026-09-24,372,371,-0.13212339348277991,-0.051566810165464903,-0.059631449892692603,-0.024789126457807901,-0.072491943590087302,-0.026777683707657002,LEAVE_ONE_OUT_PRIMARY_UNIVERSE_COHORT_MEDIAN_SAME_ASOF
716,WSSEC:WS:XNYS:MLI,WS:XNYS:MLI,XNYS,MLI,US_SP400,2026-09-21,368,367,-0.052040506991479503,0.78376369007683666,-0.052212533000536201,-0.034732470722386902,0.00017202600905669857,0.8184961607992236,LEAVE_ONE_OUT_PRIMARY_UNIVERSE_COHORT_MEDIAN_SAME_ASOF
717,WSSEC:WS:XNYS:MLM,WS:XNYS:MLM,XNYS,MLM,US_SP500,2026-09-24,372,371,-0.097861601880990204,-0.16750477554842999,-0.059631449892692603,-0.024789126457807901,-0.0382301519882976,-0.14271564909062209,LEAVE_ONE_OUT_PRIMARY_UNIVERSE_COHORT_MEDIAN_SAME_ASOF
718,WSSEC:WS:XNYS:MMM,WS:XNYS:MMM,XNYS,MMM,US_SP500,2026-09-24,372,371,-0.069333309597439205,0.034648881992857601,-0.059631449892692603,-0.024838988038786699,-0.0097018597047466015,0.059487870031644297,LEAVE_ONE_OUT_PRIMARY_UNIVERSE_COHORT_MEDIAN_SAME_ASOF
719,WSSEC:WS:XNYS:MMS,WS:XNYS:MMS,XNYS,MMS,US_SP400,2026-09-21,368,367,-0.038646512415391202,0.016342864188602702,-0.052212533000536201,-0.034732470722386902,0.013566020585145,0.051075334910989603,LEAVE_ONE_OUT_PRIMARY_UNIVERSE_COHORT_MEDIAN_SAME_ASOF
720,WSSEC:WS:XNYS:MO,WS:XNYS:MO,XNYS,MO,US_SP500,2026-09-24,372,371,-0.0034723015571049998,-0.042668517373706603,-0.060025304870584099,-0.024789126457807901,0.056553003313479101,-0.017879390915898703,LEAVE_ONE_OUT_PRIMARY_UNIVERSE_COHORT_MEDIAN_SAME_ASOF
721,WSSEC:WS:XNYS:MOGA,WS:XNYS:MOGA,XNYS,MOGA,US_SP400,2026-09-21,368,367,-0.050675850538061097,-0.1125258137678512,-0.052212533000536201,-0.034115148633207401,0.0015366824624751044,-0.078410665134643801,LEAVE_ONE_OUT_PRIMARY_UNIVERSE_COHORT_MEDIAN_SAME_ASOF
722,WSSEC:WS:XNYS:MOH,WS:XNYS:MOH,XNYS,MOH,US_SP400,2026-09-21,368,367,-0.012431925297524999,-0.084428766900659702,-0.052212533000536201,-0.034115148633207401,0.0397806077030112,-0.050313618267452301,LEAVE_ONE_OUT_PRIMARY_UNIVERSE_COHORT_MEDIAN_SAME_ASOF
723,WSSEC:WS:XNYS:MOS,WS:XNYS:MOS,XNYS,MOS,US_SP500,2026-09-24,372,371,-0.019453614086211799,0.1179801763563845,-0.060025304870584099,-0.024838988038786699,0.040571690784372297,0.1428191643951712,LEAVE_ONE_OUT_PRIMARY_UNIVERSE_COHORT_MEDIAN_SAME_ASOF
724,WSSEC:WS:XNYS:MP,WS:XNYS:MP,XNYS,MP,US_SP400,2026-09-21,368,367,-0.1673605223105161,-0.1010427730997859,-0.052040506991479503,-0.034115148633207401,-0.1153200153190366,-0.066927624466578503,LEAVE_ONE_OUT_PRIMARY_UNIVERSE_COHORT_MEDIAN_SAME_ASOF
725,WSSEC:WS:XNYS:MPC,WS:XNYS:MPC,XNYS,MPC,US_SP500,2026-09-24,372,371,0.079167538198360005,0.52911962688986935,-0.060025304870584099,-0.024838988038786699,0.13919284306894411,0.55395861492865606,LEAVE_ONE_OUT_PRIMARY_UNIVERSE_COHORT_MEDIAN_SAME_ASOF
726,WSSEC:WS:XNYS:MRK,WS:XNYS:MRK,XNYS,MRK,US_SP500,2026-09-24,372,371,-0.033442261083352,0.15159529749057629,-0.060025304870584099,-0.024838988038786699,0.0265830437872321,0.17643428552936299,LEAVE_ONE_OUT_PRIMARY_UNIVERSE_COHORT_MEDIAN_SAME_ASOF
727,WSSEC:WS:XNYS:MS,WS:XNYS:MS,XNYS,MS,US_SP500,2026-09-24,372,371,-0.082959614886642094,-0.060849532962350503,-0.059631449892692603,-0.024789126457807901,-0.023328164993949491,-0.036060406504542605,LEAVE_ONE_OUT_PRIMARY_UNIVERSE_COHORT_MEDIAN_SAME_ASOF
728,WSSEC:WS:XNYS:MSA,WS:XNYS:MSA,XNYS,MSA,US_SP400,2026-09-21,368,367,-0.064298121452329299,0.057451408920993603,-0.052040506991479503,-0.034732470722386902,-0.012257614460849796,0.092183879643380512,LEAVE_ONE_OUT_PRIMARY_UNIVERSE_COHORT_MEDIAN_SAME_ASOF
729,WSSEC:WS:XNYS:MSCI,WS:XNYS:MSCI,XNYS,MSCI,US_SP500,2026-09-24,372,371,-0.014426915096850099,-0.0070708540334001998,-0.060025304870584099,-0.024838988038786699,0.045598389773733997,0.017768134005386498,LEAVE_ONE_OUT_PRIMARY_UNIVERSE_COHORT_MEDIAN_SAME_ASOF
730,WSSEC:WS:XNYS:MSI,WS:XNYS:MSI,XNYS,MSI,US_SP500,2026-09-24,372,371,-0.066429968802903402,0.095403198492558502,-0.059631449892692603,-0.024838988038786699,-0.006798518910210799,0.1202421865313452,LEAVE_ONE_OUT_PRIMARY_UNIVERSE_COHORT_MEDIAN_SAME_ASOF
731,WSSEC:WS:XNYS:MSM,WS:XNYS:MSM,XNYS,MSM,US_SP400,2026-09-21,368,367,0.015190716400224701,0.018932683713125301,-0.052212533000536201,-0.034732470722386902,0.067403249400760895,0.053665154435512202,LEAVE_ONE_OUT_PRIMARY_UNIVERSE_COHORT_MEDIAN_SAME_ASOF
732,WSSEC:WS:XNYS:MTB,WS:XNYS:MTB,XNYS,MTB,US_SP500,2026-09-24,372,371,-0.094725470977882101,-0.081299068490045298,-0.059631449892692603,-0.024789126457807901,-0.035094021085189497,-0.056509942032237401,LEAVE_ONE_OUT_PRIMARY_UNIVERSE_COHORT_MEDIAN_SAME_ASOF
733,WSSEC:WS:XNYS:MTD,WS:XNYS:MTD,XNYS,MTD,US_SP500,2026-09-24,372,371,0.086302122940762699,0.18914921433200299,-0.060025304870584099,-0.024838988038786699,0.14632742781134681,0.21398820237078969,LEAVE_ONE_OUT_PRIMARY_UNIVERSE_COHORT_MEDIAN_SAME_ASOF
734,WSSEC:WS:XNYS:MTDR,WS:XNYS:MTDR,XNYS,MTDR,US_SP400,2026-09-21,368,367,-0.073484084224698001,0.078349288619037699,-0.052040506991479503,-0.034732470722386902,-0.021443577233218498,0.1130817593414246,LEAVE_ONE_OUT_PRIMARY_UNIVERSE_COHORT_MEDIAN_SAME_ASOF
735,WSSEC:WS:XNYS:MTG,WS:XNYS:MTG,XNYS,MTG,US_SP400,2026-09-21,368,367,-0.046925529886455902,0.076388892761835206,-0.052212533000536201,-0.034732470722386902,0.0052870031140802992,0.11112136348422211,LEAVE_ONE_OUT_PRIMARY_UNIVERSE_COHORT_MEDIAN_SAME_ASOF
736,WSSEC:WS:XNYS:MTN,WS:XNYS:MTN,XNYS,MTN,US_SP400,2026-09-21,368,367,-0.081015673585528802,0.053172315378831901,-0.052040506991479503,-0.034732470722386902,-0.028975166594049299,0.087904786101218796,LEAVE_ONE_OUT_PRIMARY_UNIVERSE_COHORT_MEDIAN_SAME_ASOF
737,WSSEC:WS:XNYS:MTZ,WS:XNYS:MTZ,XNYS,MTZ,US_SP400,2026-09-21,368,367,-0.1628483973515519,-0.44767948595988771,-0.052040506991479503,-0.034115148633207401,-0.11080789036007241,-0.4135643373266803,LEAVE_ONE_OUT_PRIMARY_UNIVERSE_COHORT_MEDIAN_SAME_ASOF
738,WSSEC:WS:XNYS:MUR,WS:XNYS:MUR,XNYS,MUR,US_SP400,2026-09-21,368,367,-0.032878897280225798,0.0223227162800805,-0.052212533000536201,-0.034732470722386902,0.019333635720310403,0.057055187002467402,LEAVE_ONE_OUT_PRIMARY_UNIVERSE_COHORT_MEDIAN_SAME_ASOF
739,WSSEC:WS:XNYS:MUSA,WS:XNYS:MUSA,XNYS,MUSA,US_SP400,2026-09-21,368,367,-0.10661370996321951,-0.0281633094008105,-0.052040506991479503,-0.034732470722386902,-0.054573202971740002,0.0065691613215764014,LEAVE_ONE_OUT_PRIMARY_UNIVERSE_COHORT_MEDIAN_SAME_ASOF
740,WSSEC:WS:XNYS:NEM,WS:XNYS:NEM,XNYS,NEM,US_SP500,2026-09-24,372,371,-0.078267496763304897,0.29871521488303687,-0.059631449892692603,-0.024838988038786699,-0.018636046870612294,0.32355420292182357,LEAVE_ONE_OUT_PRIMARY_UNIVERSE_COHORT_MEDIAN_SAME_ASOF
741,WSSEC:WS:XNYS:NEU,WS:XNYS:NEU,XNYS,NEU,US_SP400,2026-09-21,368,367,-0.055860248027999999,0.1047887805151979,-0.052040506991479503,-0.034732470722386902,-0.0038197410365204965,0.1395212512375848,LEAVE_ONE_OUT_PRIMARY_UNIVERSE_COHORT_MEDIAN_SAME_ASOF
742,WSSEC:WS:XNYS:NFG,WS:XNYS:NFG,XNYS,NFG,US_SP400,2026-09-21,368,367,-0.0300679347235394,0.045614923099275,-0.052212533000536201,-0.034732470722386902,0.022144598276996802,0.080347393821661894,LEAVE_ONE_OUT_PRIMARY_UNIVERSE_COHORT_MEDIAN_SAME_ASOF
743,WSSEC:WS:XNYS:NI,WS:XNYS:NI,XNYS,NI,US_SP500,2026-09-24,372,371,-0.048869489035551203,-0.1772870755086243,-0.060025304870584099,-0.024789126457807901,0.011155815835032896,-0.1524979490508164,LEAVE_ONE_OUT_PRIMARY_UNIVERSE_COHORT_MEDIAN_SAME_ASOF
744,WSSEC:WS:XNYS:NJR,WS:XNYS:NJR,XNYS,NJR,US_SP400,2026-09-21,368,367,-0.0112108050016154,-0.066666711519073593,-0.052212533000536201,-0.034115148633207401,0.041001727998920802,-0.032551562885866192,LEAVE_ONE_OUT_PRIMARY_UNIVERSE_COHORT_MEDIAN_SAME_ASOF
745,WSSEC:WS:XNYS:NKE,WS:XNYS:NKE,XNYS,NKE,US_SP500,2026-09-24,372,371,-0.067374927800997506,-0.1232642546318371,-0.059631449892692603,-0.024789126457807901,-0.0077434779083049021,-0.098475128174029203,LEAVE_ONE_OUT_PRIMARY_UNIVERSE_COHORT_MEDIAN_SAME_ASOF
746,WSSEC:WS:XNYS:NOC,WS:XNYS:NOC,XNYS,NOC,US_SP500,2026-09-24,372,371,-0.074497682173484001,-0.00064790908061380004,-0.059631449892692603,-0.024838988038786699,-0.014866232280791397,0.0241910789581729,LEAVE_ONE_OUT_PRIMARY_UNIVERSE_COHORT_MEDIAN_SAME_ASOF
747,WSSEC:WS:XNYS:NOV,WS:XNYS:NOV,XNYS,NOV,US_SP400,2026-09-21,368,367,-0.0132223534160081,0.063885905509709601,-0.052212533000536201,-0.034732470722386902,0.038990179584528099,0.098618376232096502,LEAVE_ONE_OUT_PRIMARY_UNIVERSE_COHORT_MEDIAN_SAME_ASOF
748,WSSEC:WS:XNYS:NOW,WS:XNYS:NOW,XNYS,NOW,US_SP500,2026-09-24,372,371,0.095230488369782706,0.38779210791074781,-0.060025304870584099,-0.024838988038786699,0.15525579324036681,0.41263109594953451,LEAVE_ONE_OUT_PRIMARY_UNIVERSE_COHORT_MEDIAN_SAME_ASOF
749,WSSEC:WS:XNYS:NRG,WS:XNYS:NRG,XNYS,NRG,US_SP500,2026-09-24,372,371,-0.1574823575998531,-0.33006983356365333,-0.059631449892692603,-0.024789126457807901,-0.097850907707160498,-0.30528070710584543,LEAVE_ONE_OUT_PRIMARY_UNIVERSE_COHORT_MEDIAN_SAME_ASOF
750,WSSEC:WS:XNYS:NSC,WS:XNYS:NSC,XNYS,NSC,US_SP500,2026-09-24,372,371,-0.11202784413225381,-0.0045137573561973001,-0.059631449892692603,-0.024838988038786699,-0.052396394239561203,0.020325230682589398,LEAVE_ONE_OUT_PRIMARY_UNIVERSE_COHORT_MEDIAN_SAME_ASOF
751,WSSEC:WS:XNYS:NUE,WS:XNYS:NUE,XNYS,NUE,US_SP500,2026-09-24,372,371,-0.019145554902939201,0.1131762366503577,-0.060025304870584099,-0.024838988038786699,0.040879749967644902,0.1380152246891444,LEAVE_ONE_OUT_PRIMARY_UNIVERSE_COHORT_MEDIAN_SAME_ASOF
752,WSSEC:WS:XNYS:NVR,WS:XNYS:NVR,XNYS,NVR,US_SP500,2026-09-24,372,371,-0.020827164119365901,-0.0848195726438946,-0.060025304870584099,-0.024789126457807901,0.039198140751218198,-0.060030446186086703,LEAVE_ONE_OUT_PRIMARY_UNIVERSE_COHORT_MEDIAN_SAME_ASOF
753,WSSEC:WS:XNYS:NVST,WS:XNYS:NVST,XNYS,NVST,US_SP400,2026-09-21,368,367,-0.13860295411830911,-0.1204954638895364,-0.052040506991479503,-0.034115148633207401,-0.086562447126829617,-0.086380315256328999,LEAVE_ONE_OUT_PRIMARY_UNIVERSE_COHORT_MEDIAN_SAME_ASOF
754,WSSEC:WS:XNYS:NVT,WS:XNYS:NVT,XNYS,NVT,US_SP400,2026-09-21,368,367,0.049085451530351799,-0.072537961462748907,-0.052212533000536201,-0.034115148633207401,0.10129798453088801,-0.038422812829541506,LEAVE_ONE_OUT_PRIMARY_UNIVERSE_COHORT_MEDIAN_SAME_ASOF
755,WSSEC:WS:XNYS:NYT,WS:XNYS:NYT,XNYS,NYT,US_SP400,2026-09-21,368,367,0.073679344771036798,0.028583915607346799,-0.052212533000536201,-0.034732470722386902,0.12589187777157301,0.063316386329733701,LEAVE_ONE_OUT_PRIMARY_UNIVERSE_COHORT_MEDIAN_SAME_ASOF
756,WSSEC:WS:XNYS:OC,WS:XNYS:OC,XNYS,OC,US_SP400,2026-09-21,368,367,-0.1787788846222815,-0.10766181388778299,-0.052040506991479503,-0.034115148633207401,-0.12673837763080201,-0.073546665254575594,LEAVE_ONE_OUT_PRIMARY_UNIVERSE_COHORT_MEDIAN_SAME_ASOF
757,WSSEC:WS:XNYS:OGE,WS:XNYS:OGE,XNYS,OGE,US_SP400,2026-09-21,368,367,-0.012494513550411999,-0.0796731657833116,-0.052212533000536201,-0.034115148633207401,0.039718019450124202,-0.045558017150104199,LEAVE_ONE_OUT_PRIMARY_UNIVERSE_COHORT_MEDIAN_SAME_ASOF
758,WSSEC:WS:XNYS:OGS,WS:XNYS:OGS,XNYS,OGS,US_SP400,2026-09-21,368,367,-0.057338629550561501,-0.054940860304257898,-0.052040506991479503,-0.034115148633207401,-0.0052981225590819983,-0.020825711671050497,LEAVE_ONE_OUT_PRIMARY_UNIVERSE_COHORT_MEDIAN_SAME_ASOF
759,WSSEC:WS:XNYS:OKE,WS:XNYS:OKE,XNYS,OKE,US_SP500,2026-09-24,372,371,-0.039199169240146797,0.048769240219737699,-0.060025304870584099,-0.024838988038786699,0.020826135630437302,0.073608228258524394,LEAVE_ONE_OUT_PRIMARY_UNIVERSE_COHORT_MEDIAN_SAME_ASOF
760,WSSEC:WS:XNYS:OLN,WS:XNYS:OLN,XNYS,OLN,US_SP400,2026-09-21,368,367,-0.1010868881285064,-0.22674140310954011,-0.052040506991479503,-0.034115148633207401,-0.049046381137026897,-0.19262625447633269,LEAVE_ONE_OUT_PRIMARY_UNIVERSE_COHORT_MEDIAN_SAME_ASOF
761,WSSEC:WS:XNYS:OMC,WS:XNYS:OMC,XNYS,OMC,US_SP500,2026-09-24,372,371,-0.1500739849016286,0.025676164632336001,-0.059631449892692603,-0.024838988038786699,-0.090442535008935995,0.0505151526711227,LEAVE_ONE_OUT_PRIMARY_UNIVERSE_COHORT_MEDIAN_SAME_ASOF
762,WSSEC:WS:XNYS:ONTO,WS:XNYS:ONTO,XNYS,ONTO,US_SP400,2026-09-21,368,367,-0.059148318890551201,-0.19829183472138781,-0.052040506991479503,-0.034115148633207401,-0.0071078118990716976,-0.16417668608818042,LEAVE_ONE_OUT_PRIMARY_UNIVERSE_COHORT_MEDIAN_SAME_ASOF
763,WSSEC:WS:XNYS:ORA,WS:XNYS:ORA,XNYS,ORA,US_SP400,2026-09-21,368,367,-0.10942979249778061,-0.1958677195311738,-0.052040506991479503,-0.034115148633207401,-0.057389285506301103,-0.16175257089796641,LEAVE_ONE_OUT_PRIMARY_UNIVERSE_COHORT_MEDIAN_SAME_ASOF
764,WSSEC:WS:XNYS:ORI,WS:XNYS:ORI,XNYS,ORI,US_SP400,2026-09-21,368,367,-0.056758068937576601,-0.0197449921012594,-0.052040506991479503,-0.034732470722386902,-0.0047175619460970986,0.014987478621127502,LEAVE_ONE_OUT_PRIMARY_UNIVERSE_COHORT_MEDIAN_SAME_ASOF
765,WSSEC:WS:XNYS:OSK,WS:XNYS:OSK,XNYS,OSK,US_SP400,2026-09-21,368,367,-0.087274758257609206,-0.0504006909960414,-0.052040506991479503,-0.034115148633207401,-0.035234251266129703,-0.016285542362833999,LEAVE_ONE_OUT_PRIMARY_UNIVERSE_COHORT_MEDIAN_SAME_ASOF
766,WSSEC:WS:XNYS:OTIS,WS:XNYS:OTIS,XNYS,OTIS,US_SP500,2026-09-24,372,371,-0.0784964104099692,-0.068715059689890598,-0.059631449892692603,-0.024789126457807901,-0.018864960517276597,-0.043925933232082701,LEAVE_ONE_OUT_PRIMARY_UNIVERSE_COHORT_MEDIAN_SAME_ASOF
767,WSSEC:WS:XNYS:OVV,WS:XNYS:OVV,XNYS,OVV,US_SP400,2026-09-21,368,367,-0.0993714369945254,0.12380954551959709,-0.052040506991479503,-0.034732470722386902,-0.047330930003045897,0.158542016241984,LEAVE_ONE_OUT_PRIMARY_UNIVERSE_COHORT_MEDIAN_SAME_ASOF
768,WSSEC:WS:XNYS:OXY,WS:XNYS:OXY,XNYS,OXY,US_SP500,2026-09-24,372,371,-0.0097236387787476009,0.19518220304305561,-0.060025304870584099,-0.024838988038786699,0.050301666091836499,0.22002119108184232,LEAVE_ONE_OUT_PRIMARY_UNIVERSE_COHORT_MEDIAN_SAME_ASOF
769,WSSEC:WS:XNYS:P,WS:XNYS:P,XNYS,P,US_SP400,2026-09-21,368,367,0.047075084907321998,0.58543729657431787,-0.052212533000536201,-0.034732470722386902,0.0992876179078582,0.62016976729670481,LEAVE_ONE_OUT_PRIMARY_UNIVERSE_COHORT_MEDIAN_SAME_ASOF
770,WSSEC:WS:XNYS:PAG,WS:XNYS:PAG,XNYS,PAG,US_SP400,2026-09-21,368,367,-0.0217180410435894,0.15404704029784511,-0.052212533000536201,-0.034732470722386902,0.030494491956946802,0.18877951102023199,LEAVE_ONE_OUT_PRIMARY_UNIVERSE_COHORT_MEDIAN_SAME_ASOF
771,WSSEC:WS:XNYS:PATH,WS:XNYS:PATH,XNYS,PATH,US_SP400,2026-09-21,368,367,-0.1708358353465812,0.36858003372914488,-0.052040506991479503,-0.034732470722386902,-0.1187953283551017,0.40331250445153177,LEAVE_ONE_OUT_PRIMARY_UNIVERSE_COHORT_MEDIAN_SAME_ASOF
772,WSSEC:WS:XNYS:PB,WS:XNYS:PB,XNYS,PB,US_SP400,2026-09-21,368,367,-0.039301815485648102,-0.047288003831956603,-0.052212533000536201,-0.034115148633207401,0.0129107175148881,-0.013172855198749202,LEAVE_ONE_OUT_PRIMARY_UNIVERSE_COHORT_MEDIAN_SAME_ASOF
773,WSSEC:WS:XNYS:PBF,WS:XNYS:PBF,XNYS,PBF,US_SP400,2026-09-21,368,367,-0.014279823742618001,0.71388039223999122,-0.052212533000536201,-0.034732470722386902,0.037932709257918203,0.74861286296237817,LEAVE_ONE_OUT_PRIMARY_UNIVERSE_COHORT_MEDIAN_SAME_ASOF
774,WSSEC:WS:XNYS:PCG,WS:XNYS:PCG,XNYS,PCG,US_SP500,2026-09-24,372,371,-0.32381996931283202,-0.267538649324989,-0.059631449892692603,-0.024789126457807901,-0.26418851942013943,-0.2427495228671811,LEAVE_ONE_OUT_PRIMARY_UNIVERSE_COHORT_MEDIAN_SAME_ASOF
775,WSSEC:WS:XNYS:PEG,WS:XNYS:PEG,XNYS,PEG,US_SP500,2026-09-24,372,371,-0.1009050566510636,-0.17989163928946231,-0.059631449892692603,-0.024789126457807901,-0.041273606758370995,-0.15510251283165441,LEAVE_ONE_OUT_PRIMARY_UNIVERSE_COHORT_MEDIAN_SAME_ASOF
776,WSSEC:WS:XNYS:PEN,WS:XNYS:PEN,XNYS,PEN,US_SP400,2026-09-21,368,367,-0.019681388894259001,0.0043478415543465,-0.052212533000536201,-0.034732470722386902,0.0325311441062772,0.039080312276733399,LEAVE_ONE_OUT_PRIMARY_UNIVERSE_COHORT_MEDIAN_SAME_ASOF
777,WSSEC:WS:XNYS:PEP,WS:XNYS:PEP,XNYS,PEP,US_SP500,2026-09-24,372,371,-0.0987411794349429,-0.053545054112356501,-0.059631449892692603,-0.024789126457807901,-0.039109729542250296,-0.0287559276545486,LEAVE_ONE_OUT_PRIMARY_UNIVERSE_COHORT_MEDIAN_SAME_ASOF
778,WSSEC:WS:XNYS:PFE,WS:XNYS:PFE,XNYS,PFE,US_SP500,2026-09-24,372,371,0.0038869474670341999,0.1798172731488796,-0.060025304870584099,-0.024838988038786699,0.063912252337618297,0.20465626118766631,LEAVE_ONE_OUT_PRIMARY_UNIVERSE_COHORT_MEDIAN_SAME_ASOF
779,WSSEC:WS:XNYS:PFGC,WS:XNYS:PFGC,XNYS,PFGC,US_SP400,2026-09-21,368,367,-0.119737086043768,-0.1385288845528973,-0.052040506991479503,-0.034115148633207401,-0.067696579052288486,-0.1044137359196899,LEAVE_ONE_OUT_PRIMARY_UNIVERSE_COHORT_MEDIAN_SAME_ASOF
780,WSSEC:WS:XNYS:PG,WS:XNYS:PG,XNYS,PG,US_SP500,2026-09-24,372,371,0.0046896046605603998,-0.0065466906564576998,-0.060025304870584099,-0.024838988038786699,0.064714909531144504,0.018292297382329001,LEAVE_ONE_OUT_PRIMARY_UNIVERSE_COHORT_MEDIAN_SAME_ASOF
781,WSSEC:WS:XNYS:PGR,WS:XNYS:PGR,XNYS,PGR,US_SP500,2026-09-24,372,371,-0.091411607748099297,-0.074525058396563496,-0.059631449892692603,-0.024789126457807901,-0.031780157855406693,-0.049735931938755598,LEAVE_ONE_OUT_PRIMARY_UNIVERSE_COHORT_MEDIAN_SAME_ASOF
782,WSSEC:WS:XNYS:PH,WS:XNYS:PH,XNYS,PH,US_SP500,2026-09-24,372,371,-0.062059289047198797,-0.0032102550444859002,-0.059631449892692603,-0.024838988038786699,-0.0024278391545061936,0.021628732994300799,LEAVE_ONE_OUT_PRIMARY_UNIVERSE_COHORT_MEDIAN_SAME_ASOF
783,WSSEC:WS:XNYS:PHM,WS:XNYS:PHM,XNYS,PHM,US_SP500,2026-09-24,372,371,-0.091132804624834099,-0.13869255504356831,-0.059631449892692603,-0.024789126457807901,-0.031501354732141496,-0.11390342858576041,LEAVE_ONE_OUT_PRIMARY_UNIVERSE_COHORT_MEDIAN_SAME_ASOF
784,WSSEC:WS:XNYS:PII,WS:XNYS:PII,XNYS,PII,US_SP400,2026-09-21,368,367,-0.15499300569710431,-0.2458766639402464,-0.052040506991479503,-0.034115148633207401,-0.10295249870562481,-0.21176151530703902,LEAVE_ONE_OUT_PRIMARY_UNIVERSE_COHORT_MEDIAN_SAME_ASOF
785,WSSEC:WS:XNYS:PINS,WS:XNYS:PINS,XNYS,PINS,US_SP400,2026-09-21,368,367,-0.1726495330786017,-0.0061601095844271,-0.052040506991479503,-0.034732470722386902,-0.12060902608712221,0.028572361137959801,LEAVE_ONE_OUT_PRIMARY_UNIVERSE_COHORT_MEDIAN_SAME_ASOF
786,WSSEC:WS:XNYS:PKG,WS:XNYS:PKG,XNYS,PKG,US_SP500,2026-09-24,372,371,-0.034741334197676402,-0.00071343868480859996,-0.060025304870584099,-0.024838988038786699,0.025283970672907698,0.0241255493539781,LEAVE_ONE_OUT_PRIMARY_UNIVERSE_COHORT_MEDIAN_SAME_ASOF
787,WSSEC:WS:XNYS:PLNT,WS:XNYS:PLNT,XNYS,PLNT,US_SP400,2026-09-21,368,367,-0.13191884548400021,-0.094147083537539006,-0.052040506991479503,-0.034115148633207401,-0.079878338492520712,-0.060031934904331605,LEAVE_ONE_OUT_PRIMARY_UNIVERSE_COHORT_MEDIAN_SAME_ASOF
788,WSSEC:WS:XNYS:PLTR,WS:XNYS:PLTR,XNYS,PLTR,US_SP500,2026-09-24,372,371,0.085014063875440096,0.65072425953935886,-0.060025304870584099,-0.024838988038786699,0.14503936874602419,0.67556324757814556,LEAVE_ONE_OUT_PRIMARY_UNIVERSE_COHORT_MEDIAN_SAME_ASOF
789,WSSEC:WS:XNYS:PM,WS:XNYS:PM,XNYS,PM,US_SP500,2026-09-24,372,371,-0.013395188159494399,0.058537372856781497,-0.060025304870584099,-0.024838988038786699,0.0466301167110897,0.0833763608955682,LEAVE_ONE_OUT_PRIMARY_UNIVERSE_COHORT_MEDIAN_SAME_ASOF
790,WSSEC:WS:XNYS:PNC,WS:XNYS:PNC,XNYS,PNC,US_SP500,2026-09-24,372,371,-0.087178656928448797,-0.092925045769550005,-0.059631449892692603,-0.024789126457807901,-0.027547207035756194,-0.068135919311742107,LEAVE_ONE_OUT_PRIMARY_UNIVERSE_COHORT_MEDIAN_SAME_ASOF
791,WSSEC:WS:XNYS:PNFP,WS:XNYS:PNFP,XNYS,PNFP,US_SP400,2026-09-21,368,367,-0.056424840132255703,-0.022391075509673598,-0.052040506991479503,-0.034732470722386902,-0.0043843331407762004,0.012341395212713303,LEAVE_ONE_OUT_PRIMARY_UNIVERSE_COHORT_MEDIAN_SAME_ASOF
792,WSSEC:WS:XNYS:PNW,WS:XNYS:PNW,XNYS,PNW,US_SP500,2026-09-24,372,371,-0.0771101471485902,-0.14878502961631129,-0.059631449892692603,-0.024789126457807901,-0.017478697255897596,-0.1239959031585034,LEAVE_ONE_OUT_PRIMARY_UNIVERSE_COHORT_MEDIAN_SAME_ASOF
793,WSSEC:WS:XNYS:POR,WS:XNYS:POR,XNYS,POR,US_SP400,2026-09-21,368,367,-0.050816705989305398,-0.087790676613465402,-0.052212533000536201,-0.034115148633207401,0.0013958270112308033,-0.053675527980258,LEAVE_ONE_OUT_PRIMARY_UNIVERSE_COHORT_MEDIAN_SAME_ASOF
794,WSSEC:WS:XNYS:POST,WS:XNYS:POST,XNYS,POST,US_SP400,2026-09-21,368,367,-0.065093141164838803,-0.1568451676556416,-0.052040506991479503,-0.034115148633207401,-0.0130526341733593,-0.1227300190224342,LEAVE_ONE_OUT_PRIMARY_UNIVERSE_COHORT_MEDIAN_SAME_ASOF
795,WSSEC:WS:XNYS:PPG,WS:XNYS:PPG,XNYS,PPG,US_SP500,2026-09-24,372,371,-0.070791807409060895,-0.1234232097263237,-0.059631449892692603,-0.024789126457807901,-0.011160357516368291,-0.098634083268515804,LEAVE_ONE_OUT_PRIMARY_UNIVERSE_COHORT_MEDIAN_SAME_ASOF
796,WSSEC:WS:XNYS:PPL,WS:XNYS:PPL,XNYS,PPL,US_SP500,2026-09-24,372,371,-0.087093121203344101,-0.12049516766513441,-0.059631449892692603,-0.024789126457807901,-0.027461671310651498,-0.095706041207326509,LEAVE_ONE_OUT_PRIMARY_UNIVERSE_COHORT_MEDIAN_SAME_ASOF
797,WSSEC:WS:XNYS:PR,WS:XNYS:PR,XNYS,PR,US_SP400,2026-09-21,368,367,-0.074947397332442406,0.16489918358199659,-0.052040506991479503,-0.034732470722386902,-0.022906890340962903,0.19963165430438351,LEAVE_ONE_OUT_PRIMARY_UNIVERSE_COHORT_MEDIAN_SAME_ASOF
798,WSSEC:WS:XNYS:PRI,WS:XNYS:PRI,XNYS,PRI,US_SP400,2026-09-21,368,367,-0.034852265916192698,0.014713774461677201,-0.052212533000536201,-0.034732470722386902,0.017360267084343503,0.049446245184064104,LEAVE_ONE_OUT_PRIMARY_UNIVERSE_COHORT_MEDIAN_SAME_ASOF
799,WSSEC:WS:XNYS:PSN,WS:XNYS:PSN,XNYS,PSN,US_SP400,2026-09-21,368,367,-0.075840926888234197,-0.036556799870275901,-0.052040506991479503,-0.034115148633207401,-0.023800419896754695,-0.0024416512370684998,LEAVE_ONE_OUT_PRIMARY_UNIVERSE_COHORT_MEDIAN_SAME_ASOF
800,WSSEC:WS:XNYS:PSX,WS:XNYS:PSX,XNYS,PSX,US_SP500,2026-09-24,372,371,0.056310116955914501,0.51357580892115173,-0.060025304870584099,-0.024838988038786699,0.1163354218264986,0.53841479695993844,LEAVE_ONE_OUT_PRIMARY_UNIVERSE_COHORT_MEDIAN_SAME_ASOF
801,WSSEC:WS:XNYS:PVH,WS:XNYS:PVH,XNYS,PVH,US_SP400,2026-09-21,368,367,-0.064968133428294203,0.019302865552187999,-0.052040506991479503,-0.034732470722386902,-0.0129276264368147,0.054035336274574901,LEAVE_ONE_OUT_PRIMARY_UNIVERSE_COHORT_MEDIAN_SAME_ASOF
802,WSSEC:WS:XNYS:PWR,WS:XNYS:PWR,XNYS,PWR,US_SP500,2026-09-24,372,371,0.0434063859047411,-0.1062996227473873,-0.060025304870584099,-0.024789126457807901,0.1034316907753252,-0.081510496289579404,LEAVE_ONE_OUT_PRIMARY_UNIVERSE_COHORT_MEDIAN_SAME_ASOF
803,WSSEC:WS:XNYS:R,WS:XNYS:R,XNYS,R,US_SP400,2026-09-21,368,367,-0.050414433801643101,-0.1148850869492367,-0.052212533000536201,-0.034115148633207401,0.0017980991988931008,-0.080769938316029299,LEAVE_ONE_OUT_PRIMARY_UNIVERSE_COHORT_MEDIAN_SAME_ASOF
804,WSSEC:WS:XNYS:RBA,WS:XNYS:RBA,XNYS,RBA,US_SP400,2026-09-21,368,367,-0.038152146896097902,-0.27532470174682078,-0.052212533000536201,-0.034115148633207401,0.014060386104438299,-0.24120955311361336,LEAVE_ONE_OUT_PRIMARY_UNIVERSE_COHORT_MEDIAN_SAME_ASOF
805,WSSEC:WS:XNYS:RBC,WS:XNYS:RBC,XNYS,RBC,US_SP400,2026-09-21,368,367,-0.025848955160894499,-0.24091912891361381,-0.052212533000536201,-0.034115148633207401,0.026363577839641703,-0.20680398028040642,LEAVE_ONE_OUT_PRIMARY_UNIVERSE_COHORT_MEDIAN_SAME_ASOF
806,WSSEC:WS:XNYS:RF,WS:XNYS:RF,XNYS,RF,US_SP500,2026-09-24,372,371,-0.1120521318751994,-0.097351008602142006,-0.059631449892692603,-0.024789126457807901,-0.052420681982506795,-0.072561882144334108,LEAVE_ONE_OUT_PRIMARY_UNIVERSE_COHORT_MEDIAN_SAME_ASOF
807,WSSEC:WS:XNYS:RGA,WS:XNYS:RGA,XNYS,RGA,US_SP400,2026-09-21,368,367,0.0082260517411825006,0.17568347665617501,-0.052212533000536201,-0.034732470722386902,0.060438584741718704,0.2104159473785619,LEAVE_ONE_OUT_PRIMARY_UNIVERSE_COHORT_MEDIAN_SAME_ASOF
808,WSSEC:WS:XNYS:RH,WS:XNYS:RH,XNYS,RH,US_SP400,2026-09-21,368,367,-0.1697670427898415,-0.20460231112644531,-0.052040506991479503,-0.034115148633207401,-0.11772653579836201,-0.17048716249323792,LEAVE_ONE_OUT_PRIMARY_UNIVERSE_COHORT_MEDIAN_SAME_ASOF
809,WSSEC:WS:XNYS:RJF,WS:XNYS:RJF,XNYS,RJF,US_SP500,2026-09-24,372,371,-0.1014772068980883,0.044267551020039403,-0.059631449892692603,-0.024838988038786699,-0.041845757005395695,0.069106539058826105,LEAVE_ONE_OUT_PRIMARY_UNIVERSE_COHORT_MEDIAN_SAME_ASOF
810,WSSEC:WS:XNYS:RL,WS:XNYS:RL,XNYS,RL,US_SP500,2026-09-24,372,371,-0.028869567678320801,-0.12343991893200559,-0.060025304870584099,-0.024789126457807901,0.031155737192263298,-0.098650792474197696,LEAVE_ONE_OUT_PRIMARY_UNIVERSE_COHORT_MEDIAN_SAME_ASOF
811,WSSEC:WS:XNYS:RLI,WS:XNYS:RLI,XNYS,RLI,US_SP400,2026-09-21,368,367,-0.096512661726425295,0.071467414300263807,-0.052040506991479503,-0.034732470722386902,-0.044472154734945792,0.10619988502265071,LEAVE_ONE_OUT_PRIMARY_UNIVERSE_COHORT_MEDIAN_SAME_ASOF
812,WSSEC:WS:XNYS:RMD,WS:XNYS:RMD,XNYS,RMD,US_SP500,2026-09-24,372,371,-0.058551499464592503,0.1385980799983963,-0.060025304870584099,-0.024838988038786699,0.0014738054059915962,0.163437068037183,LEAVE_ONE_OUT_PRIMARY_UNIVERSE_COHORT_MEDIAN_SAME_ASOF
813,WSSEC:WS:XNYS:RNR,WS:XNYS:RNR,XNYS,RNR,US_SP400,2026-09-21,368,367,0.0087803253384106002,0.062349394358153197,-0.052212533000536201,-0.034732470722386902,0.060992858338946798,0.097081865080540092,LEAVE_ONE_OUT_PRIMARY_UNIVERSE_COHORT_MEDIAN_SAME_ASOF
814,WSSEC:WS:XNYS:ROK,WS:XNYS:ROK,XNYS,ROK,US_SP500,2026-09-24,372,371,0.0027330461512014002,-0.1255352581040205,-0.060025304870584099,-0.024789126457807901,0.062758351021785494,-0.1007461316462126,LEAVE_ONE_OUT_PRIMARY_UNIVERSE_COHORT_MEDIAN_SAME_ASOF
815,WSSEC:WS:XNYS:ROL,WS:XNYS:ROL,XNYS,ROL,US_SP500,2026-09-24,372,371,-0.17166215295480519,-0.27168187838829683,-0.059631449892692603,-0.024789126457807901,-0.11203070306211259,-0.24689275193048893,LEAVE_ONE_OUT_PRIMARY_UNIVERSE_COHORT_MEDIAN_SAME_ASOF
816,WSSEC:WS:XNYS:ROP,WS:XNYS:ROP,XNYS,ROP,US_SP500,2026-09-24,372,371,-0.1191928230524681,0.075740929861249195,-0.059631449892692603,-0.024838988038786699,-0.059561373159775499,0.1005799179000359,LEAVE_ONE_OUT_PRIMARY_UNIVERSE_COHORT_MEDIAN_SAME_ASOF
817,WSSEC:WS:XNYS:RPM,WS:XNYS:RPM,XNYS,RPM,US_SP400,2026-09-21,368,367,-0.088557446013235605,-0.1136078349034496,-0.052040506991479503,-0.034115148633207401,-0.036516939021756102,-0.079492686270242197,LEAVE_ONE_OUT_PRIMARY_UNIVERSE_COHORT_MEDIAN_SAME_ASOF
818,WSSEC:WS:XNYS:RRC,WS:XNYS:RRC,XNYS,RRC,US_SP400,2026-09-21,368,367,-0.078908952023912293,0.041586292052413203,-0.052040506991479503,-0.034732470722386902,-0.02686844503243279,0.076318762774800097,LEAVE_ONE_OUT_PRIMARY_UNIVERSE_COHORT_MEDIAN_SAME_ASOF
819,WSSEC:WS:XNYS:RRX,WS:XNYS:RRX,XNYS,RRX,US_SP400,2026-09-21,368,367,-0.0928076962708307,-0.33651729647402268,-0.052040506991479503,-0.034115148633207401,-0.040767189279351197,-0.30240214784081526,LEAVE_ONE_OUT_PRIMARY_UNIVERSE_COHORT_MEDIAN_SAME_ASOF
820,WSSEC:WS:XNYS:RS,WS:XNYS:RS,XNYS,RS,US_SP400,2026-09-21,368,367,-0.0083529367335987998,-0.052072563818762997,-0.052212533000536201,-0.034115148633207401,0.043859596266937403,-0.017957415185555596,LEAVE_ONE_OUT_PRIMARY_UNIVERSE_COHORT_MEDIAN_SAME_ASOF
821,WSSEC:WS:XNYS:RSG,WS:XNYS:RSG,XNYS,RSG,US_SP500,2026-09-24,372,371,-0.042578052781209401,-0.0016895091386238,-0.060025304870584099,-0.024838988038786699,0.017447252089374699,0.0231494789001629,LEAVE_ONE_OUT_PRIMARY_UNIVERSE_COHORT_MEDIAN_SAME_ASOF
822,WSSEC:WS:XNYS:RTX,WS:XNYS:RTX,XNYS,RTX,US_SP500,2026-09-24,372,371,-0.1102882413178975,-0.0059030998914681001,-0.059631449892692603,-0.024838988038786699,-0.050656791425204892,0.0189358881473186,LEAVE_ONE_OUT_PRIMARY_UNIVERSE_COHORT_MEDIAN_SAME_ASOF
823,WSSEC:WS:XNYS:RYAN,WS:XNYS:RYAN,XNYS,RYAN,US_SP400,2026-09-21,368,367,-0.074399202791709695,0.1143254665682378,-0.052040506991479503,-0.034732470722386902,-0.022358695800230192,0.14905793729062472,LEAVE_ONE_OUT_PRIMARY_UNIVERSE_COHORT_MEDIAN_SAME_ASOF
824,WSSEC:WS:XNYS:SAM,WS:XNYS:SAM,XNYS,SAM,US_SP400,2026-09-21,368,367,-0.078246858244411202,-0.048887478437149801,-0.052040506991479503,-0.034115148633207401,-0.026206351252931699,-0.014772329803942399,LEAVE_ONE_OUT_PRIMARY_UNIVERSE_COHORT_MEDIAN_SAME_ASOF
825,WSSEC:WS:XNYS:SARO,WS:XNYS:SARO,XNYS,SARO,US_SP400,2026-09-21,368,367,-0.086991235101121805,-0.1766823171285804,-0.052040506991479503,-0.034115148633207401,-0.034950728109642303,-0.14256716849537299,LEAVE_ONE_OUT_PRIMARY_UNIVERSE_COHORT_MEDIAN_SAME_ASOF
826,WSSEC:WS:XNYS:SCHW,WS:XNYS:SCHW,XNYS,SCHW,US_SP500,2026-09-24,372,371,-0.090501888482647994,0.078248634262258504,-0.059631449892692603,-0.024838988038786699,-0.03087043858995539,0.10308762230104521,LEAVE_ONE_OUT_PRIMARY_UNIVERSE_COHORT_MEDIAN_SAME_ASOF
827,WSSEC:WS:XNYS:SCI,WS:XNYS:SCI,XNYS,SCI,US_SP400,2026-09-21,368,367,-0.0687958133503319,0.067143605296193704,-0.052040506991479503,-0.034732470722386902,-0.016755306358852397,0.10187607601858061,LEAVE_ONE_OUT_PRIMARY_UNIVERSE_COHORT_MEDIAN_SAME_ASOF
828,WSSEC:WS:XNYS:SF,WS:XNYS:SF,XNYS,SF,US_SP400,2026-09-21,368,367,-0.064723294503773204,0.0594655089885303,-0.052040506991479503,-0.034732470722386902,-0.012682787512293701,0.094197979710917201,LEAVE_ONE_OUT_PRIMARY_UNIVERSE_COHORT_MEDIAN_SAME_ASOF
829,WSSEC:WS:XNYS:SGI,WS:XNYS:SGI,XNYS,SGI,US_SP400,2026-09-21,368,367,-0.020862285477068199,-0.19379051326149779,-0.052212533000536201,-0.034115148633207401,0.031350247523468003,-0.15967536462829041,LEAVE_ONE_OUT_PRIMARY_UNIVERSE_COHORT_MEDIAN_SAME_ASOF
830,WSSEC:WS:XNYS:SHW,WS:XNYS:SHW,XNYS,SHW,US_SP500,2026-09-24,372,371,-0.081053202170593905,-0.069470297743142104,-0.059631449892692603,-0.024789126457807901,-0.021421752277901301,-0.044681171285334206,LEAVE_ONE_OUT_PRIMARY_UNIVERSE_COHORT_MEDIAN_SAME_ASOF
831,WSSEC:WS:XNYS:SJM,WS:XNYS:SJM,XNYS,SJM,US_SP500,2026-09-24,372,371,-0.070588163981749094,0.081422254774305494,-0.059631449892692603,-0.024838988038786699,-0.010956714089056491,0.1062612428130922,LEAVE_ONE_OUT_PRIMARY_UNIVERSE_COHORT_MEDIAN_SAME_ASOF
832,WSSEC:WS:XNYS:SLGN,WS:XNYS:SLGN,XNYS,SLGN,US_SP400,2026-09-21,368,367,-0.12502947188894739,-0.1817781016020549,-0.052040506991479503,-0.034115148633207401,-0.072988964897467895,-0.14766295296884752,LEAVE_ONE_OUT_PRIMARY_UNIVERSE_COHORT_MEDIAN_SAME_ASOF
833,WSSEC:WS:XNYS:SMG,WS:XNYS:SMG,XNYS,SMG,US_SP400,2026-09-21,368,367,-0.1571873531621315,-0.2583297733894912,-0.052040506991479503,-0.034115148633207401,-0.10514684617065201,-0.22421462475628379,LEAVE_ONE_OUT_PRIMARY_UNIVERSE_COHORT_MEDIAN_SAME_ASOF
834,WSSEC:WS:XNYS:SN,WS:XNYS:SN,XNYS,SN,US_SP400,2026-09-21,368,367,-0.073356909215520405,0.17255857783178441,-0.052040506991479503,-0.034732470722386902,-0.021316402224040902,0.2072910485541713,LEAVE_ONE_OUT_PRIMARY_UNIVERSE_COHORT_MEDIAN_SAME_ASOF
835,WSSEC:WS:XNYS:SNA,WS:XNYS:SNA,XNYS,SNA,US_SP500,2026-09-24,372,371,-0.074896897223528505,-0.086207760853818705,-0.059631449892692603,-0.024789126457807901,-0.015265447330835902,-0.061418634396010807,LEAVE_ONE_OUT_PRIMARY_UNIVERSE_COHORT_MEDIAN_SAME_ASOF
836,WSSEC:WS:XNYS:SNX,WS:XNYS:SNX,XNYS,SNX,US_SP400,2026-09-21,368,367,0.11773405700848059,0.0070597248878247996,-0.052212533000536201,-0.034732470722386902,0.1699465900090168,0.041792195610211705,LEAVE_ONE_OUT_PRIMARY_UNIVERSE_COHORT_MEDIAN_SAME_ASOF
837,WSSEC:WS:XNYS:SO,WS:XNYS:SO,XNYS,SO,US_SP500,2026-09-24,372,371,-0.076537461932713602,-0.13394629419554599,-0.059631449892692603,-0.024789126457807901,-0.016906012040020998,-0.10915716773773809,LEAVE_ONE_OUT_PRIMARY_UNIVERSE_COHORT_MEDIAN_SAME_ASOF
838,WSSEC:WS:XNYS:SOLV,WS:XNYS:SOLV,XNYS,SOLV,US_SP500,2026-09-24,372,371,-0.032120643293084297,0.1482824962508178,-0.060025304870584099,-0.024838988038786699,0.027904661577499802,0.1731214842896045,LEAVE_ONE_OUT_PRIMARY_UNIVERSE_COHORT_MEDIAN_SAME_ASOF
839,WSSEC:WS:XNYS:SON,WS:XNYS:SON,XNYS,SON,US_SP400,2026-09-21,368,367,-0.1719905786981735,-0.093669490951326095,-0.052040506991479503,-0.034115148633207401,-0.119950071706694,-0.059554342318118694,LEAVE_ONE_OUT_PRIMARY_UNIVERSE_COHORT_MEDIAN_SAME_ASOF
840,WSSEC:WS:XNYS:SPGI,WS:XNYS:SPGI,XNYS,SPGI,US_SP500,2026-09-24,372,371,-0.076152926706352694,0.1062482686352836,-0.059631449892692603,-0.024838988038786699,-0.016521476813660091,0.13108725667407028,LEAVE_ONE_OUT_PRIMARY_UNIVERSE_COHORT_MEDIAN_SAME_ASOF
841,WSSEC:WS:XNYS:SPXC,WS:XNYS:SPXC,XNYS,SPXC,US_SP400,2026-09-21,368,367,-0.1255308633683673,-0.25911839936948311,-0.052040506991479503,-0.034115148633207401,-0.073490356376887805,-0.2250032507362757,LEAVE_ONE_OUT_PRIMARY_UNIVERSE_COHORT_MEDIAN_SAME_ASOF
842,WSSEC:WS:XNYS:SR,WS:XNYS:SR,XNYS,SR,US_SP400,2026-09-21,368,367,-0.014335097120158,0.0059276228436905996,-0.052212533000536201,-0.034732470722386902,0.037877435880378202,0.040660093566077499,LEAVE_ONE_OUT_PRIMARY_UNIVERSE_COHORT_MEDIAN_SAME_ASOF
843,WSSEC:WS:XNYS:SSB,WS:XNYS:SSB,XNYS,SSB,US_SP400,2026-09-21,368,367,-0.035092644381257199,0.0232212369280273,-0.052212533000536201,-0.034732470722386902,0.017119888619279003,0.057953707650414202,LEAVE_ONE_OUT_PRIMARY_UNIVERSE_COHORT_MEDIAN_SAME_ASOF
844,WSSEC:WS:XNYS:SSD,WS:XNYS:SSD,XNYS,SSD,US_SP400,2026-09-21,368,367,-0.079302859998329894,-0.17095972353671121,-0.052040506991479503,-0.034115148633207401,-0.027262353006850391,-0.13684457490350382,LEAVE_ONE_OUT_PRIMARY_UNIVERSE_COHORT_MEDIAN_SAME_ASOF
845,WSSEC:WS:XNYS:ST,WS:XNYS:ST,XNYS,ST,US_SP400,2026-09-21,368,367,-0.023114677472392198,-0.14924766382759491,-0.052212533000536201,-0.034115148633207401,0.029097855528144003,-0.11513251519438751,LEAVE_ONE_OUT_PRIMARY_UNIVERSE_COHORT_MEDIAN_SAME_ASOF
846,WSSEC:WS:XNYS:STT,WS:XNYS:STT,XNYS,STT,US_SP500,2026-09-24,372,371,-0.064714384336768294,0.067747581491017506,-0.059631449892692603,-0.024838988038786699,-0.0050829344440756902,0.092586569529804208,LEAVE_ONE_OUT_PRIMARY_UNIVERSE_COHORT_MEDIAN_SAME_ASOF
847,WSSEC:WS:XNYS:STZ,WS:XNYS:STZ,XNYS,STZ,US_SP500,2026-09-24,372,371,-0.1505392214442452,-0.1788769710869581,-0.059631449892692603,-0.024789126457807901,-0.090907771551552594,-0.15408784462915021,LEAVE_ONE_OUT_PRIMARY_UNIVERSE_COHORT_MEDIAN_SAME_ASOF
848,WSSEC:WS:XNYS:SWK,WS:XNYS:SWK,XNYS,SWK,US_SP500,2026-09-24,372,371,-0.096130751422691604,-0.041967748218963603,-0.059631449892692603,-0.024789126457807901,-0.036499301529999001,-0.017178621761155703,LEAVE_ONE_OUT_PRIMARY_UNIVERSE_COHORT_MEDIAN_SAME_ASOF
849,WSSEC:WS:XNYS:SWX,WS:XNYS:SWX,XNYS,SWX,US_SP400,2026-09-21,368,367,-0.047485102850021201,-0.049410459012803401,-0.052212533000536201,-0.034115148633207401,0.004727430150515001,-0.015295310379596,LEAVE_ONE_OUT_PRIMARY_UNIVERSE_COHORT_MEDIAN_SAME_ASOF
850,WSSEC:WS:XNYS:SYF,WS:XNYS:SYF,XNYS,SYF,US_SP500,2026-09-24,372,371,-0.1031586344129497,-0.059171595258680001,-0.059631449892692603,-0.024789126457807901,-0.043527184520257098,-0.034382468800872104,LEAVE_ONE_OUT_PRIMARY_UNIVERSE_COHORT_MEDIAN_SAME_ASOF
851,WSSEC:WS:XNYS:SYK,WS:XNYS:SYK,XNYS,SYK,US_SP500,2026-09-24,372,371,-0.18175754841854669,-0.14321559160958511,-0.059631449892692603,-0.024789126457807901,-0.12212609852585408,-0.11842646515177721,LEAVE_ONE_OUT_PRIMARY_UNIVERSE_COHORT_MEDIAN_SAME_ASOF
852,WSSEC:WS:XNYS:SYY,WS:XNYS:SYY,XNYS,SYY,US_SP500,2026-09-24,372,371,-0.061006297663675303,-0.064489103512387597,-0.059631449892692603,-0.024789126457807901,-0.0013748477709826998,-0.039699977054579699,LEAVE_ONE_OUT_PRIMARY_UNIVERSE_COHORT_MEDIAN_SAME_ASOF
853,WSSEC:WS:XNYS:T,WS:XNYS:T,XNYS,T,US_SP500,2026-09-24,372,371,-0.0162350236826042,0.2294685905762974,-0.060025304870584099,-0.024838988038786699,0.043790281187979896,0.25430757861508407,LEAVE_ONE_OUT_PRIMARY_UNIVERSE_COHORT_MEDIAN_SAME_ASOF
854,WSSEC:WS:XNYS:TAP,WS:XNYS:TAP,XNYS,TAP,US_SP500,2026-09-24,372,371,-0.13637447511660011,-0.066991803687997703,-0.059631449892692603,-0.024789126457807901,-0.07674302522390751,-0.042202677230189806,LEAVE_ONE_OUT_PRIMARY_UNIVERSE_COHORT_MEDIAN_SAME_ASOF
855,WSSEC:WS:XNYS:TDG,WS:XNYS:TDG,XNYS,TDG,US_SP500,2026-09-24,372,371,-0.084320600762360406,-0.1702351304133623,-0.059631449892692603,-0.024789126457807901,-0.024689150869667803,-0.1454460039555544,LEAVE_ONE_OUT_PRIMARY_UNIVERSE_COHORT_MEDIAN_SAME_ASOF
856,WSSEC:WS:XNYS:TDY,WS:XNYS:TDY,XNYS,TDY,US_SP500,2026-09-24,372,371,-0.033998323931983501,-0.082291202389788404,-0.060025304870584099,-0.024789126457807901,0.026026980938600598,-0.057502075931980506,LEAVE_ONE_OUT_PRIMARY_UNIVERSE_COHORT_MEDIAN_SAME_ASOF
857,WSSEC:WS:XNYS:TEX,WS:XNYS:TEX,XNYS,TEX,US_SP400,2026-09-21,368,367,-0.11371848384841871,-0.2099759087909896,-0.052040506991479503,-0.034115148633207401,-0.061677976856939203,-0.17586076015778218,LEAVE_ONE_OUT_PRIMARY_UNIVERSE_COHORT_MEDIAN_SAME_ASOF
858,WSSEC:WS:XNYS:TFC,WS:XNYS:TFC,XNYS,TFC,US_SP500,2026-09-24,372,371,-0.068877007891989306,-0.052990754833800301,-0.059631449892692603,-0.024789126457807901,-0.0092455579992967024,-0.0282016283759924,LEAVE_ONE_OUT_PRIMARY_UNIVERSE_COHORT_MEDIAN_SAME_ASOF
859,WSSEC:WS:XNYS:TGT,WS:XNYS:TGT,XNYS,TGT,US_SP500,2026-09-24,372,371,-0.048098023119801103,0.1955439335945354,-0.060025304870584099,-0.024838988038786699,0.011927281750782996,0.2203829216333221,LEAVE_ONE_OUT_PRIMARY_UNIVERSE_COHORT_MEDIAN_SAME_ASOF
860,WSSEC:WS:XNYS:THC,WS:XNYS:THC,XNYS,THC,US_SP400,2026-09-21,368,367,-0.070520314021184805,0.4187778501516255,-0.052040506991479503,-0.034732470722386902,-0.018479807029705302,0.45351032087401238,LEAVE_ONE_OUT_PRIMARY_UNIVERSE_COHORT_MEDIAN_SAME_ASOF
861,WSSEC:WS:XNYS:THG,WS:XNYS:THG,XNYS,THG,US_SP400,2026-09-21,368,367,0.00022406816157569999,0.075399929366714594,-0.052212533000536201,-0.034732470722386902,0.0524366011621119,0.1101324000891015,LEAVE_ONE_OUT_PRIMARY_UNIVERSE_COHORT_MEDIAN_SAME_ASOF
862,WSSEC:WS:XNYS:THO,WS:XNYS:THO,XNYS,THO,US_SP400,2026-09-21,368,367,-0.1201408438673017,-0.1027581118720821,-0.052040506991479503,-0.034115148633207401,-0.068100336875822204,-0.068642963238874699,LEAVE_ONE_OUT_PRIMARY_UNIVERSE_COHORT_MEDIAN_SAME_ASOF
863,WSSEC:WS:XNYS:TJX,WS:XNYS:TJX,XNYS,TJX,US_SP500,2026-09-24,372,371,-0.038003339024015197,-0.1311550832817657,-0.060025304870584099,-0.024789126457807901,0.022021965846568903,-0.1063659568239578,LEAVE_ONE_OUT_PRIMARY_UNIVERSE_COHORT_MEDIAN_SAME_ASOF
864,WSSEC:WS:XNYS:TKO,WS:XNYS:TKO,XNYS,TKO,US_SP500,2026-09-24,372,371,-0.015114403566480099,-0.080721276623483301,-0.060025304870584099,-0.024789126457807901,0.044910901304104002,-0.055932150165675404,LEAVE_ONE_OUT_PRIMARY_UNIVERSE_COHORT_MEDIAN_SAME_ASOF
865,WSSEC:WS:XNYS:TKR,WS:XNYS:TKR,XNYS,TKR,US_SP400,2026-09-21,368,367,-0.082014406565743506,-0.20255537311030619,-0.052040506991479503,-0.034115148633207401,-0.029973899574264003,-0.16844022447709878,LEAVE_ONE_OUT_PRIMARY_UNIVERSE_COHORT_MEDIAN_SAME_ASOF
866,WSSEC:WS:XNYS:TMO,WS:XNYS:TMO,XNYS,TMO,US_SP500,2026-09-24,372,371,0.070505422238231696,0.35309963792331439,-0.060025304870584099,-0.024838988038786699,0.1305307271088158,0.37793862596210109,LEAVE_ONE_OUT_PRIMARY_UNIVERSE_COHORT_MEDIAN_SAME_ASOF
867,WSSEC:WS:XNYS:TNL,WS:XNYS:TNL,XNYS,TNL,US_SP400,2026-09-21,368,367,-0.1206584074669091,-0.17313742547355229,-0.052040506991479503,-0.034115148633207401,-0.068617900475429594,-0.1390222768403449,LEAVE_ONE_OUT_PRIMARY_UNIVERSE_COHORT_MEDIAN_SAME_ASOF
868,WSSEC:WS:XNYS:TOL,WS:XNYS:TOL,XNYS,TOL,US_SP400,2026-09-21,368,367,-0.078795272462081206,-0.1639930992767421,-0.052040506991479503,-0.034115148633207401,-0.026754765470601703,-0.12987795064353469,LEAVE_ONE_OUT_PRIMARY_UNIVERSE_COHORT_MEDIAN_SAME_ASOF
869,WSSEC:WS:XNYS:TOST,WS:XNYS:TOST,XNYS,TOST,US_SP400,2026-09-21,368,367,-0.18668122998168851,0.15638334139349089,-0.052040506991479503,-0.034732470722386902,-0.13464072299020902,0.1911158121158778,LEAVE_ONE_OUT_PRIMARY_UNIVERSE_COHORT_MEDIAN_SAME_ASOF
870,WSSEC:WS:XNYS:TPL,WS:XNYS:TPL,XNYS,TPL,US_SP500,2026-09-24,372,371,-0.084325918817457796,-0.22710449529684559,-0.059631449892692603,-0.024789126457807901,-0.024694468924765192,-0.2023153688390377,LEAVE_ONE_OUT_PRIMARY_UNIVERSE_COHORT_MEDIAN_SAME_ASOF
871,WSSEC:WS:XNYS:TPR,WS:XNYS:TPR,XNYS,TPR,US_SP500,2026-09-24,372,371,-0.1391938368784488,-0.2340483740498438,-0.059631449892692603,-0.024789126457807901,-0.079562386985756198,-0.2092592475920359,LEAVE_ONE_OUT_PRIMARY_UNIVERSE_COHORT_MEDIAN_SAME_ASOF
872,WSSEC:WS:XNYS:TREX,WS:XNYS:TREX,XNYS,TREX,US_SP400,2026-09-21,368,367,-0.083920566976566996,-0.14165662427376299,-0.052040506991479503,-0.034115148633207401,-0.031880059985087493,-0.10754147564055559,LEAVE_ONE_OUT_PRIMARY_UNIVERSE_COHORT_MEDIAN_SAME_ASOF
873,WSSEC:WS:XNYS:TRGP,WS:XNYS:TRGP,XNYS,TRGP,US_SP500,2026-09-24,372,371,-0.037003043662150903,0.055978139882354602,-0.060025304870584099,-0.024838988038786699,0.023022261208433197,0.080817127921141305,LEAVE_ONE_OUT_PRIMARY_UNIVERSE_COHORT_MEDIAN_SAME_ASOF
874,WSSEC:WS:XNYS:TRU,WS:XNYS:TRU,XNYS,TRU,US_SP400,2026-09-21,368,367,-0.15600989071056981,0.065820950180736901,-0.052040506991479503,-0.034732470722386902,-0.10396938371909031,0.1005534209031238,LEAVE_ONE_OUT_PRIMARY_UNIVERSE_COHORT_MEDIAN_SAME_ASOF
875,WSSEC:WS:XNYS:TRV,WS:XNYS:TRV,XNYS,TRV,US_SP500,2026-09-24,372,371,-0.023602261598016001,0.097752393095106693,-0.060025304870584099,-0.024838988038786699,0.036423043272568095,0.1225913811338934,LEAVE_ONE_OUT_PRIMARY_UNIVERSE_COHORT_MEDIAN_SAME_ASOF
876,WSSEC:WS:XNYS:TSN,WS:XNYS:TSN,XNYS,TSN,US_SP500,2026-09-24,372,371,-0.095667549432372295,-0.106724901490857,-0.059631449892692603,-0.024789126457807901,-0.036036099539679692,-0.081935775033049107,LEAVE_ONE_OUT_PRIMARY_UNIVERSE_COHORT_MEDIAN_SAME_ASOF
877,WSSEC:WS:XNYS:TTC,WS:XNYS:TTC,XNYS,TTC,US_SP400,2026-09-21,368,367,-0.060840737160306198,-0.037712555868313097,-0.052040506991479503,-0.034115148633207401,-0.0088002301688266948,-0.0035974072351056957,LEAVE_ONE_OUT_PRIMARY_UNIVERSE_COHORT_MEDIAN_SAME_ASOF
878,WSSEC:WS:XNYS:TWLO,WS:XNYS:TWLO,XNYS,TWLO,US_SP400,2026-09-21,368,367,0.1809143096082079,0.39385996831850839,-0.052212533000536201,-0.034732470722386902,0.23312684260874411,0.42859243904089528,LEAVE_ONE_OUT_PRIMARY_UNIVERSE_COHORT_MEDIAN_SAME_ASOF
879,WSSEC:WS:XNYS:TXNM,WS:XNYS:TXNM,XNYS,TXNM,US_SP400,2026-09-21,368,367,0.023593122078309801,0.018785840751887401,-0.052212533000536201,-0.034732470722386902,0.075805655078845999,0.053518311474274299,LEAVE_ONE_OUT_PRIMARY_UNIVERSE_COHORT_MEDIAN_SAME_ASOF
880,WSSEC:WS:XNYS:TXT,WS:XNYS:TXT,XNYS,TXT,US_SP500,2026-09-24,372,371,-0.087504514814084902,-0.1712635576032574,-0.059631449892692603,-0.024789126457807901,-0.027873064921392299,-0.1464744311454495,LEAVE_ONE_OUT_PRIMARY_UNIVERSE_COHORT_MEDIAN_SAME_ASOF
881,WSSEC:WS:XNYS:TYL,WS:XNYS:TYL,XNYS,TYL,US_SP500,2026-09-24,372,371,-0.073160323945849801,0.117588783605363,-0.059631449892692603,-0.024838988038786699,-0.013528874053157197,0.14242777164414969,LEAVE_ONE_OUT_PRIMARY_UNIVERSE_COHORT_MEDIAN_SAME_ASOF
882,WSSEC:WS:XNYS:UBER,WS:XNYS:UBER,XNYS,UBER,US_SP500,2026-09-24,372,371,-0.1181041775431793,-0.040742825557117002,-0.059631449892692603,-0.024789126457807901,-0.058472727650486694,-0.015953699099309101,LEAVE_ONE_OUT_PRIMARY_UNIVERSE_COHORT_MEDIAN_SAME_ASOF
883,WSSEC:WS:XNYS:UGI,WS:XNYS:UGI,XNYS,UGI,US_SP400,2026-09-21,368,367,-0.0095770313618042998,0.058873711712390003,-0.052212533000536201,-0.034732470722386902,0.0426355016387319,0.093606182434776905,LEAVE_ONE_OUT_PRIMARY_UNIVERSE_COHORT_MEDIAN_SAME_ASOF
884,WSSEC:WS:XNYS:UHS,WS:XNYS:UHS,XNYS,UHS,US_SP500,2026-09-24,372,371,-0.0095136657060578,0.19032888954931509,-0.060025304870584099,-0.024838988038786699,0.050511639164526299,0.2151678775881018,LEAVE_ONE_OUT_PRIMARY_UNIVERSE_COHORT_MEDIAN_SAME_ASOF
885,WSSEC:WS:XNYS:ULS,WS:XNYS:ULS,XNYS,ULS,US_SP400,2026-09-21,368,367,-0.1164401565154177,-0.30794116218692852,-0.052040506991479503,-0.034115148633207401,-0.064399649523938202,-0.2738260135537211,LEAVE_ONE_OUT_PRIMARY_UNIVERSE_COHORT_MEDIAN_SAME_ASOF
886,WSSEC:WS:XNYS:UNH,WS:XNYS:UNH,XNYS,UNH,US_SP500,2026-09-24,372,371,-0.0648362867929307,-0.097731142217801104,-0.059631449892692603,-0.024789126457807901,-0.0052048369002380968,-0.072942015759993206,LEAVE_ONE_OUT_PRIMARY_UNIVERSE_COHORT_MEDIAN_SAME_ASOF
887,WSSEC:WS:XNYS:UNM,WS:XNYS:UNM,XNYS,UNM,US_SP400,2026-09-21,368,367,0.065967883524862006,0.052181730602744503,-0.052212533000536201,-0.034732470722386902,0.11818041652539821,0.086914201325131404,LEAVE_ONE_OUT_PRIMARY_UNIVERSE_COHORT_MEDIAN_SAME_ASOF
888,WSSEC:WS:XNYS:UNP,WS:XNYS:UNP,XNYS,UNP,US_SP500,2026-09-24,372,371,-0.11766785257716431,0.0076103210449218004,-0.059631449892692603,-0.024838988038786699,-0.058036402684471702,0.032449309083708501,LEAVE_ONE_OUT_PRIMARY_UNIVERSE_COHORT_MEDIAN_SAME_ASOF
889,WSSEC:WS:XNYS:UPS,WS:XNYS:UPS,XNYS,UPS,US_SP500,2026-09-24,372,371,-0.12872691223567831,-0.14372090184411329,-0.059631449892692603,-0.024789126457807901,-0.069095462342985706,-0.11893177538630539,LEAVE_ONE_OUT_PRIMARY_UNIVERSE_COHORT_MEDIAN_SAME_ASOF
890,WSSEC:WS:XNYS:URI,WS:XNYS:URI,XNYS,URI,US_SP500,2026-09-24,372,371,-0.034027995864895098,-0.098173724104007903,-0.060025304870584099,-0.024789126457807901,0.025997309005689001,-0.073384597646200006,LEAVE_ONE_OUT_PRIMARY_UNIVERSE_COHORT_MEDIAN_SAME_ASOF
891,WSSEC:WS:XNYS:USB,WS:XNYS:USB,XNYS,USB,US_SP500,2026-09-24,372,371,-0.070063658672547199,-0.0331125819449372,-0.059631449892692603,-0.024789126457807901,-0.010432208779854596,-0.0083234554871292991,LEAVE_ONE_OUT_PRIMARY_UNIVERSE_COHORT_MEDIAN_SAME_ASOF
892,WSSEC:WS:XNYS:USFD,WS:XNYS:USFD,XNYS,USFD,US_SP400,2026-09-21,368,367,-0.14048532329889099,-0.020785699175086499,-0.052040506991479503,-0.034732470722386902,-0.088444816307411495,0.013946771547300403,LEAVE_ONE_OUT_PRIMARY_UNIVERSE_COHORT_MEDIAN_SAME_ASOF
893,WSSEC:WS:XNYS:V,WS:XNYS:V,XNYS,V,US_SP500,2026-09-24,372,371,-0.041469088729521902,0.072546605596523095,-0.060025304870584099,-0.024838988038786699,0.018556216141062197,0.097385593635309797,LEAVE_ONE_OUT_PRIMARY_UNIVERSE_COHORT_MEDIAN_SAME_ASOF
894,WSSEC:WS:XNYS:VAL,WS:XNYS:VAL,XNYS,VAL,US_SP400,2026-09-21,368,367,-0.068026447987499405,0.057674886575284898,-0.052040506991479503,-0.034732470722386902,-0.015985940996019903,0.092407357297671799,LEAVE_ONE_OUT_PRIMARY_UNIVERSE_COHORT_MEDIAN_SAME_ASOF
895,WSSEC:WS:XNYS:VEEV,WS:XNYS:VEEV,XNYS,VEEV,US_SP500,2026-09-24,372,371,0.12220812636577411,0.54865607960467278,-0.060025304870584099,-0.024838988038786699,0.18223343123635821,0.57349506764345948,LEAVE_ONE_OUT_PRIMARY_UNIVERSE_COHORT_MEDIAN_SAME_ASOF
896,WSSEC:WS:XNYS:VFC,WS:XNYS:VFC,XNYS,VFC,US_SP400,2026-09-21,368,367,-0.091858017072827702,-0.23054240004750379,-0.052040506991479503,-0.034115148633207401,-0.039817510081348199,-0.1964272514142964,LEAVE_ONE_OUT_PRIMARY_UNIVERSE_COHORT_MEDIAN_SAME_ASOF
897,WSSEC:WS:XNYS:VLO,WS:XNYS:VLO,XNYS,VLO,US_SP500,2026-09-24,372,371,0.100077541287908,0.47005061343331173,-0.060025304870584099,-0.024838988038786699,0.1601028461584921,0.49488960147209843,LEAVE_ONE_OUT_PRIMARY_UNIVERSE_COHORT_MEDIAN_SAME_ASOF
898,WSSEC:WS:XNYS:VLTO,WS:XNYS:VLTO,XNYS,VLTO,US_SP500,2026-09-24,372,371,-0.025230574846144299,0.084799240157732603,-0.060025304870584099,-0.024838988038786699,0.0347947300244398,0.10963822819651931,LEAVE_ONE_OUT_PRIMARY_UNIVERSE_COHORT_MEDIAN_SAME_ASOF
899,WSSEC:WS:XNYS:VMC,WS:XNYS:VMC,XNYS,VMC,US_SP500,2026-09-24,372,371,-0.11704535116955429,-0.18070577625395051,-0.059631449892692603,-0.024789126457807901,-0.05741390127686169,-0.15591664979614261,LEAVE_ONE_OUT_PRIMARY_UNIVERSE_COHORT_MEDIAN_SAME_ASOF
900,WSSEC:WS:XNYS:VMI,WS:XNYS:VMI,XNYS,VMI,US_SP400,2026-09-21,368,367,-0.034332983012155302,-0.19604146395264949,-0.052212533000536201,-0.034115148633207401,0.017879549988380899,-0.16192631531944207,LEAVE_ONE_OUT_PRIMARY_UNIVERSE_COHORT_MEDIAN_SAME_ASOF
901,WSSEC:WS:XNYS:VNT,WS:XNYS:VNT,XNYS,VNT,US_SP400,2026-09-21,368,367,-0.052759241821389503,0.028646654851614599,-0.052040506991479503,-0.034732470722386902,-0.00071873482991000048,0.063379125574001494,LEAVE_ONE_OUT_PRIMARY_UNIVERSE_COHORT_MEDIAN_SAME_ASOF
902,WSSEC:WS:XNYS:VOYA,WS:XNYS:VOYA,XNYS,VOYA,US_SP400,2026-09-21,368,367,0.0283346622599942,0.1232402098245462,-0.052212533000536201,-0.034732470722386902,0.080547195260530405,0.15797268054693309,LEAVE_ONE_OUT_PRIMARY_UNIVERSE_COHORT_MEDIAN_SAME_ASOF
903,WSSEC:WS:XNYS:VRT,WS:XNYS:VRT,XNYS,VRT,US_SP500,2026-09-24,372,371,-0.070164113104639797,-0.26736754767995491,-0.059631449892692603,-0.024789126457807901,-0.010532663211947194,-0.24257842122214701,LEAVE_ONE_OUT_PRIMARY_UNIVERSE_COHORT_MEDIAN_SAME_ASOF
904,WSSEC:WS:XNYS:VST,WS:XNYS:VST,XNYS,VST,US_SP500,2026-09-24,372,371,-0.014925347112119101,-0.1304293122646685,-0.060025304870584099,-0.024789126457807901,0.045099957758464995,-0.1056401858068606,LEAVE_ONE_OUT_PRIMARY_UNIVERSE_COHORT_MEDIAN_SAME_ASOF
905,WSSEC:WS:XNYS:VVV,WS:XNYS:VVV,XNYS,VVV,US_SP400,2026-09-21,368,367,-0.21613658548640199,-0.3298086600924286,-0.052040506991479503,-0.034115148633207401,-0.1640960784949225,-0.29569351145922118,LEAVE_ONE_OUT_PRIMARY_UNIVERSE_COHORT_MEDIAN_SAME_ASOF
906,WSSEC:WS:XNYS:WAB,WS:XNYS:WAB,XNYS,WAB,US_SP500,2026-09-24,372,371,-0.034304908715848098,0.076520787892309497,-0.060025304870584099,-0.024838988038786699,0.025720396154736001,0.1013597759310962,LEAVE_ONE_OUT_PRIMARY_UNIVERSE_COHORT_MEDIAN_SAME_ASOF
907,WSSEC:WS:XNYS:WAL,WS:XNYS:WAL,XNYS,WAL,US_SP400,2026-09-21,368,367,-0.0128027697566082,-0.034732470722386902,-0.052212533000536201,-0.034115148633207401,0.039409763243928003,-0.0006173220891795006,LEAVE_ONE_OUT_PRIMARY_UNIVERSE_COHORT_MEDIAN_SAME_ASOF
908,WSSEC:WS:XNYS:WAT,WS:XNYS:WAT,XNYS,WAT,US_SP500,2026-09-24,372,371,0.038945297443772502,0.147344224586716,-0.060025304870584099,-0.024838988038786699,0.098970602314356601,0.17218321262550271,LEAVE_ONE_OUT_PRIMARY_UNIVERSE_COHORT_MEDIAN_SAME_ASOF
909,WSSEC:WS:XNYS:WCC,WS:XNYS:WCC,XNYS,WCC,US_SP400,2026-09-21,368,367,0.0176719443526662,-0.0062092725877067002,-0.052212533000536201,-0.034732470722386902,0.069884477353202398,0.028523198134680201,LEAVE_ONE_OUT_PRIMARY_UNIVERSE_COHORT_MEDIAN_SAME_ASOF
910,WSSEC:WS:XNYS:WEC,WS:XNYS:WEC,XNYS,WEC,US_SP500,2026-09-24,372,371,-0.061569896985431097,-0.1359081576896648,-0.059631449892692603,-0.024789126457807901,-0.0019384470927384934,-0.1111190312318569,LEAVE_ONE_OUT_PRIMARY_UNIVERSE_COHORT_MEDIAN_SAME_ASOF
911,WSSEC:WS:XNYS:WEX,WS:XNYS:WEX,XNYS,WEX,US_SP400,2026-09-21,368,367,-0.0631220706222545,0.40749921086102892,-0.052040506991479503,-0.034732470722386902,-0.011081563630774997,0.4422316815834158,LEAVE_ONE_OUT_PRIMARY_UNIVERSE_COHORT_MEDIAN_SAME_ASOF
912,WSSEC:WS:XNYS:WFC,WS:XNYS:WFC,XNYS,WFC,US_SP500,2026-09-24,372,371,-0.035785555926646402,-0.0055663006760655002,-0.060025304870584099,-0.024838988038786699,0.024239748943937697,0.019272687362721197,LEAVE_ONE_OUT_PRIMARY_UNIVERSE_COHORT_MEDIAN_SAME_ASOF
913,WSSEC:WS:XNYS:WH,WS:XNYS:WH,XNYS,WH,US_SP400,2026-09-21,368,367,-0.1001072225375291,-0.22027404337787271,-0.052040506991479503,-0.034115148633207401,-0.048066715546049597,-0.18615889474466529,LEAVE_ONE_OUT_PRIMARY_UNIVERSE_COHORT_MEDIAN_SAME_ASOF
914,WSSEC:WS:XNYS:WHR,WS:XNYS:WHR,XNYS,WHR,US_SP400,2026-09-21,368,367,-0.19107805145067219,-0.1351351897720835,-0.052040506991479503,-0.034115148633207401,-0.1390375444591927,-0.1010200411388761,LEAVE_ONE_OUT_PRIMARY_UNIVERSE_COHORT_MEDIAN_SAME_ASOF
915,WSSEC:WS:XNYS:WLK,WS:XNYS:WLK,XNYS,WLK,US_SP400,2026-09-21,368,367,-0.1413911518935794,-0.1145806658944238,-0.052040506991479503,-0.034115148633207401,-0.089350644902099902,-0.080465517261216396,LEAVE_ONE_OUT_PRIMARY_UNIVERSE_COHORT_MEDIAN_SAME_ASOF
916,WSSEC:WS:XNYS:WM,WS:XNYS:WM,XNYS,WM,US_SP500,2026-09-24,372,371,-0.060025304870584099,-0.066941842435753907,-0.059631449892692603,-0.024789126457807901,-0.00039385497789149598,-0.042152715977946009,LEAVE_ONE_OUT_PRIMARY_UNIVERSE_COHORT_MEDIAN_SAME_ASOF
917,WSSEC:WS:XNYS:WMB,WS:XNYS:WMB,XNYS,WMB,US_SP500,2026-09-24,372,371,-0.0514715984754745,-0.0505783520589103,-0.060025304870584099,-0.024789126457807901,0.008553706395109599,-0.025789225601102399,LEAVE_ONE_OUT_PRIMARY_UNIVERSE_COHORT_MEDIAN_SAME_ASOF
918,WSSEC:WS:XNYS:WMS,WS:XNYS:WMS,XNYS,WMS,US_SP400,2026-09-21,368,367,-0.11723369494884479,-0.1827901472208826,-0.052040506991479503,-0.034115148633207401,-0.065193187957365284,-0.14867499858767519,LEAVE_ONE_OUT_PRIMARY_UNIVERSE_COHORT_MEDIAN_SAME_ASOF
919,WSSEC:WS:XNYS:WRB,WS:XNYS:WRB,XNYS,WRB,US_SP500,2026-09-24,372,371,-0.0200960723782579,-0.045937869273302498,-0.060025304870584099,-0.024789126457807901,0.039929232492326203,-0.021148742815494597,LEAVE_ONE_OUT_PRIMARY_UNIVERSE_COHORT_MEDIAN_SAME_ASOF
920,WSSEC:WS:XNYS:WSM,WS:XNYS:WSM,XNYS,WSM,US_SP500,2026-09-24,372,371,-0.036937157411479897,-0.019047629022517099,-0.060025304870584099,-0.024838988038786699,0.023088147459104202,0.0057913590162695996,LEAVE_ONE_OUT_PRIMARY_UNIVERSE_COHORT_MEDIAN_SAME_ASOF
921,WSSEC:WS:XNYS:WSO,WS:XNYS:WSO,XNYS,WSO,US_SP400,2026-09-21,368,367,0.018433031849065501,-0.2292632025043678,-0.052212533000536201,-0.034115148633207401,0.070645564849601702,-0.19514805387116041,LEAVE_ONE_OUT_PRIMARY_UNIVERSE_COHORT_MEDIAN_SAME_ASOF
922,WSSEC:WS:XNYS:WST,WS:XNYS:WST,XNYS,WST,US_SP500,2026-09-24,372,371,0.067672587354514493,0.040668540678316399,-0.060025304870584099,-0.024838988038786699,0.12769789222509859,0.065507528717103095,LEAVE_ONE_OUT_PRIMARY_UNIVERSE_COHORT_MEDIAN_SAME_ASOF
923,WSSEC:WS:XNYS:WTRG,WS:XNYS:WTRG,XNYS,WTRG,US_SP400,2026-09-21,368,367,0.0074663821498751996,0.067229085593035906,-0.052212533000536201,-0.034732470722386902,0.059678915150411405,0.10196155631542281,LEAVE_ONE_OUT_PRIMARY_UNIVERSE_COHORT_MEDIAN_SAME_ASOF
924,WSSEC:WS:XNYS:WTS,WS:XNYS:WTS,XNYS,WTS,US_SP400,2026-09-21,368,367,-0.066432387359123199,-0.0652376801823846,-0.052040506991479503,-0.034115148633207401,-0.014391880367643696,-0.031122531549177199,LEAVE_ONE_OUT_PRIMARY_UNIVERSE_COHORT_MEDIAN_SAME_ASOF
925,WSSEC:WS:XNYS:XPO,WS:XNYS:XPO,XNYS,XPO,US_SP400,2026-09-21,368,367,-0.118337253490581,-0.14126690636889461,-0.052040506991479503,-0.034115148633207401,-0.0662967464991015,-0.10715175773568721,LEAVE_ONE_OUT_PRIMARY_UNIVERSE_COHORT_MEDIAN_SAME_ASOF
926,WSSEC:WS:XNYS:XYL,WS:XNYS:XYL,XNYS,XYL,US_SP500,2026-09-24,372,371,-0.094868582970776702,-0.13154551681580909,-0.059631449892692603,-0.024789126457807901,-0.035237133078084099,-0.10675639035800119,LEAVE_ONE_OUT_PRIMARY_UNIVERSE_COHORT_MEDIAN_SAME_ASOF
927,WSSEC:WS:XNYS:XYZ,WS:XNYS:XYZ,XNYS,XYZ,US_SP500,2026-09-24,372,371,-0.076534304778984902,0.0097368139969675003,-0.059631449892692603,-0.024838988038786699,-0.016902854886292298,0.034575802035754201,LEAVE_ONE_OUT_PRIMARY_UNIVERSE_COHORT_MEDIAN_SAME_ASOF
928,WSSEC:WS:XNYS:YETI,WS:XNYS:YETI,XNYS,YETI,US_SP400,2026-09-21,368,367,-0.0221663035468753,-0.14437107875080821,-0.052212533000536201,-0.034115148633207401,0.030046229453660901,-0.11025593011760081,LEAVE_ONE_OUT_PRIMARY_UNIVERSE_COHORT_MEDIAN_SAME_ASOF
929,WSSEC:WS:XNYS:YUM,WS:XNYS:YUM,XNYS,YUM,US_SP500,2026-09-24,372,371,-0.1105498796669451,-0.14087329029449949,-0.059631449892692603,-0.024789126457807901,-0.050918429774252497,-0.1160841638366916,LEAVE_ONE_OUT_PRIMARY_UNIVERSE_COHORT_MEDIAN_SAME_ASOF
930,WSSEC:WS:XNYS:ZBH,WS:XNYS:ZBH,XNYS,ZBH,US_SP500,2026-09-24,372,371,-0.1153086913465821,0.041816776125603798,-0.059631449892692603,-0.024838988038786699,-0.055677241453889498,0.066655764164390494,LEAVE_ONE_OUT_PRIMARY_UNIVERSE_COHORT_MEDIAN_SAME_ASOF
931,WSSEC:WS:XNYS:ZTS,WS:XNYS:ZTS,XNYS,ZTS,US_SP500,2026-09-24,372,371,-0.093524255855969005,-0.022126411825497599,-0.059631449892692603,-0.024838988038786699,-0.033892805963276401,0.0027125762132890995,LEAVE_ONE_OUT_PRIMARY_UNIVERSE_COHORT_MEDIAN_SAME_ASOF
932,WSSEC:WS:XSHE:000001,WS:XSHE:000001,XSHE,000001,CN_CSI300,2026-09-24,294,293,-0.0250215666984503,0.099221836990151802,-0.0390843533725991,-0.0291579745444722,0.0140627866741488,0.12837981153462399,LEAVE_ONE_OUT_PRIMARY_UNIVERSE_COHORT_MEDIAN_SAME_ASOF
933,WSSEC:WS:XSHE:000002,WS:XSHE:000002,XSHE,000002,CN_CSI300,2026-09-24,294,293,0.20900325314879259,0.22875818979521709,-0.0390843533725991,-0.0291579745444722,0.2480876065213917,0.25791616433968928,LEAVE_ONE_OUT_PRIMARY_UNIVERSE_COHORT_MEDIAN_SAME_ASOF
934,WSSEC:WS:XSHE:000063,WS:XSHE:000063,XSHE,000063,CN_CSI300,2026-09-24,294,293,-0.060070643791961899,-0.096262730688202902,-0.039062463620211103,-0.028761087387055701,-0.021008180171750795,-0.067501643301147204,LEAVE_ONE_OUT_PRIMARY_UNIVERSE_COHORT_MEDIAN_SAME_ASOF
935,WSSEC:WS:XSHE:000100,WS:XSHE:000100,XSHE,000100,CN_CSI300,2026-09-24,294,293,-0.020120706006853201,-0.17736489479780329,-0.0390843533725991,-0.028761087387055701,0.018963647365745899,-0.14860380741074758,LEAVE_ONE_OUT_PRIMARY_UNIVERSE_COHORT_MEDIAN_SAME_ASOF
936,WSSEC:WS:XSHE:000157,WS:XSHE:000157,XSHE,000157,CN_CSI300,2026-09-24,294,293,-0.14809593344671609,-0.13467049493579131,-0.039062463620211103,-0.028761087387055701,-0.109033469826505,-0.10590940754873561,LEAVE_ONE_OUT_PRIMARY_UNIVERSE_COHORT_MEDIAN_SAME_ASOF
937,WSSEC:WS:XSHE:000166,WS:XSHE:000166,XSHE,000166,CN_CSI300,2026-09-24,294,293,-0.039387373832492398,-0.028761087387055701,-0.039062463620211103,-0.0291579745444722,-0.00032491021228129441,0.00039688715741649852,LEAVE_ONE_OUT_PRIMARY_UNIVERSE_COHORT_MEDIAN_SAME_ASOF
938,WSSEC:WS:XSHE:000301,WS:XSHE:000301,XSHE,000301,CN_CSI300,2026-09-24,294,293,-0.019809277732698399,0.10231021310450809,-0.0390843533725991,-0.0291579745444722,0.019275075639900701,0.1314681876489803,LEAVE_ONE_OUT_PRIMARY_UNIVERSE_COHORT_MEDIAN_SAME_ASOF
939,WSSEC:WS:XSHE:000333,WS:XSHE:000333,XSHE,000333,CN_CSI300,2026-09-24,294,293,-0.0409607654536625,0.073237231959444496,-0.039062463620211103,-0.0291579745444722,-0.0018983018334513962,0.1023952065039167,LEAVE_ONE_OUT_PRIMARY_UNIVERSE_COHORT_MEDIAN_SAME_ASOF
940,WSSEC:WS:XSHE:000338,WS:XSHE:000338,XSHE,000338,CN_CSI300,2026-09-24,294,293,-0.062615803941802106,-0.041666681718344797,-0.039062463620211103,-0.028761087387055701,-0.023553340321591003,-0.012905594331289096,LEAVE_ONE_OUT_PRIMARY_UNIVERSE_COHORT_MEDIAN_SAME_ASOF
941,WSSEC:WS:XSHE:000408,WS:XSHE:000408,XSHE,000408,CN_CSI300,2026-09-24,294,293,-0.093492357927088696,0.023782177079332199,-0.039062463620211103,-0.0291579745444722,-0.054429894306877592,0.052940151623804402,LEAVE_ONE_OUT_PRIMARY_UNIVERSE_COHORT_MEDIAN_SAME_ASOF
942,WSSEC:WS:XSHE:000425,WS:XSHE:000425,XSHE,000425,CN_CSI300,2026-09-24,294,293,-0.1048689299107736,-0.14642852358266381,-0.039062463620211103,-0.028761087387055701,-0.065806466290562499,-0.11766743619560811,LEAVE_ONE_OUT_PRIMARY_UNIVERSE_COHORT_MEDIAN_SAME_ASOF
943,WSSEC:WS:XSHE:000538,WS:XSHE:000538,XSHE,000538,CN_CSI300,2026-09-24,294,293,-0.0024005349580478001,0.022764574416758599,-0.0390843533725991,-0.0291579745444722,0.036683818414551303,0.051922548961230802,LEAVE_ONE_OUT_PRIMARY_UNIVERSE_COHORT_MEDIAN_SAME_ASOF
944,WSSEC:WS:XSHE:000568,WS:XSHE:000568,XSHE,000568,CN_CSI300,2026-09-24,294,293,-0.1376784906295708,-0.084488749485161704,-0.039062463620211103,-0.028761087387055701,-0.098616027009359702,-0.055727662098106007,LEAVE_ONE_OUT_PRIMARY_UNIVERSE_COHORT_MEDIAN_SAME_ASOF
945,WSSEC:WS:XSHE:000596,WS:XSHE:000596,XSHE,000596,CN_CSI300,2026-09-24,294,293,-0.0055331942819519002,0.16128219064632171,-0.0390843533725991,-0.0291579745444722,0.033551159090647202,0.1904401651907939,LEAVE_ONE_OUT_PRIMARY_UNIVERSE_COHORT_MEDIAN_SAME_ASOF
946,WSSEC:WS:XSHE:000617,WS:XSHE:000617,XSHE,000617,CN_CSI300,2026-09-24,294,293,-0.10947926834206061,-0.0133136315888523,-0.039062463620211103,-0.0291579745444722,-0.070416804721849496,0.0158443429556199,LEAVE_ONE_OUT_PRIMARY_UNIVERSE_COHORT_MEDIAN_SAME_ASOF
947,WSSEC:WS:XSHE:000625,WS:XSHE:000625,XSHE,000625,CN_CSI300,2026-09-24,294,293,-0.0098591120795009004,-0.015406114668653201,-0.0390843533725991,-0.0291579745444722,0.029225241293098198,0.013751859875818999,LEAVE_ONE_OUT_PRIMARY_UNIVERSE_COHORT_MEDIAN_SAME_ASOF
948,WSSEC:WS:XSHE:000630,WS:XSHE:000630,XSHE,000630,CN_CSI300,2026-09-24,294,293,-0.12869827410348261,-0.051529817986420298,-0.039062463620211103,-0.028761087387055701,-0.089635810483271516,-0.022768730599364597,LEAVE_ONE_OUT_PRIMARY_UNIVERSE_COHORT_MEDIAN_SAME_ASOF
949,WSSEC:WS:XSHE:000651,WS:XSHE:000651,XSHE,000651,CN_CSI300,2026-09-24,294,293,-0.0196078545655183,0.013157894736842,-0.0390843533725991,-0.0291579745444722,0.0194764988070808,0.0423158692813142,LEAVE_ONE_OUT_PRIMARY_UNIVERSE_COHORT_MEDIAN_SAME_ASOF
950,WSSEC:WS:XSHE:000657,WS:XSHE:000657,XSHE,000657,CN_CSI300,2026-09-24,294,293,-0.1533905903156394,-0.41069771179491982,-0.039062463620211103,-0.028761087387055701,-0.1143281266954283,-0.38193662440786413,LEAVE_ONE_OUT_PRIMARY_UNIVERSE_COHORT_MEDIAN_SAME_ASOF
951,WSSEC:WS:XSHE:000708,WS:XSHE:000708,XSHE,000708,CN_CSI300,2026-09-24,294,293,-0.073835107315707499,0.0038850187396634998,-0.039062463620211103,-0.0291579745444722,-0.034772643695496395,0.033042993284135701,LEAVE_ONE_OUT_PRIMARY_UNIVERSE_COHORT_MEDIAN_SAME_ASOF
952,WSSEC:WS:XSHE:000725,WS:XSHE:000725,XSHE,000725,CN_CSI300,2026-09-24,294,293,-0.0151515406937563,-0.35714289457120391,-0.0390843533725991,-0.028761087387055701,0.023932812678842799,-0.32838180718414822,LEAVE_ONE_OUT_PRIMARY_UNIVERSE_COHORT_MEDIAN_SAME_ASOF
953,WSSEC:WS:XSHE:000768,WS:XSHE:000768,XSHE,000768,CN_CSI300,2026-09-24,294,293,0.042452810667044698,0.087598460304056894,-0.0390843533725991,-0.0291579745444722,0.081537164039643797,0.1167564348485291,LEAVE_ONE_OUT_PRIMARY_UNIVERSE_COHORT_MEDIAN_SAME_ASOF
954,WSSEC:WS:XSHE:000776,WS:XSHE:000776,XSHE,000776,CN_CSI300,2026-09-24,294,293,-0.0565076102238126,-0.1433978027312301,-0.039062463620211103,-0.028761087387055701,-0.017445146603601497,-0.1146367153441744,LEAVE_ONE_OUT_PRIMARY_UNIVERSE_COHORT_MEDIAN_SAME_ASOF
955,WSSEC:WS:XSHE:000792,WS:XSHE:000792,XSHE,000792,CN_CSI300,2026-09-24,294,293,-0.15987233136833359,-0.2147117122833504,-0.039062463620211103,-0.028761087387055701,-0.1208098677481225,-0.18595062489629469,LEAVE_ONE_OUT_PRIMARY_UNIVERSE_COHORT_MEDIAN_SAME_ASOF
956,WSSEC:WS:XSHE:000807,WS:XSHE:000807,XSHE,000807,CN_CSI300,2026-09-24,294,293,-0.0247283564708034,0.1956821377724236,-0.0390843533725991,-0.0291579745444722,0.0143559969017957,0.2248401123168958,LEAVE_ONE_OUT_PRIMARY_UNIVERSE_COHORT_MEDIAN_SAME_ASOF
957,WSSEC:WS:XSHE:000858,WS:XSHE:000858,XSHE,000858,CN_CSI300,2026-09-24,294,293,-0.020388140068040201,-0.052108868449723601,-0.0390843533725991,-0.028761087387055701,0.018696213304558899,-0.0233477810626679,LEAVE_ONE_OUT_PRIMARY_UNIVERSE_COHORT_MEDIAN_SAME_ASOF
958,WSSEC:WS:XSHE:000895,WS:XSHE:000895,XSHE,000895,CN_CSI300,2026-09-24,294,293,-0.070569374145698596,-0.0042955489055072002,-0.039062463620211103,-0.0291579745444722,-0.031506910525487493,0.024862425638964999,LEAVE_ONE_OUT_PRIMARY_UNIVERSE_COHORT_MEDIAN_SAME_ASOF
959,WSSEC:WS:XSHE:000938,WS:XSHE:000938,XSHE,000938,CN_CSI300,2026-09-24,294,293,-0.083173174688839793,0.15053395576541281,-0.039062463620211103,-0.0291579745444722,-0.04411071106862869,0.17969193030988501,LEAVE_ONE_OUT_PRIMARY_UNIVERSE_COHORT_MEDIAN_SAME_ASOF
960,WSSEC:WS:XSHE:000963,WS:XSHE:000963,XSHE,000963,CN_CSI300,2026-09-24,294,293,-0.058526041234561697,-0.11631062501855439,-0.039062463620211103,-0.028761087387055701,-0.019463577614350594,-0.087549537631498697,LEAVE_ONE_OUT_PRIMARY_UNIVERSE_COHORT_MEDIAN_SAME_ASOF
961,WSSEC:WS:XSHE:000975,WS:XSHE:000975,XSHE,000975,CN_CSI300,2026-09-24,294,293,-0.15437954748640331,0.2843680100011039,-0.039062463620211103,-0.0291579745444722,-0.11531708386619222,0.31352598454557612,LEAVE_ONE_OUT_PRIMARY_UNIVERSE_COHORT_MEDIAN_SAME_ASOF
962,WSSEC:WS:XSHE:000977,WS:XSHE:000977,XSHE,000977,CN_CSI300,2026-09-24,294,293,-0.10693746615778039,0.095783046287185494,-0.039062463620211103,-0.0291579745444722,-0.067875002537569284,0.1249410208316577,LEAVE_ONE_OUT_PRIMARY_UNIVERSE_COHORT_MEDIAN_SAME_ASOF
963,WSSEC:WS:XSHE:000988,WS:XSHE:000988,XSHE,000988,CN_CSI300,2026-09-24,294,293,-0.019065776653078501,-0.34122917070238201,-0.0390843533725991,-0.028761087387055701,0.020018576719520599,-0.31246808331532633,LEAVE_ONE_OUT_PRIMARY_UNIVERSE_COHORT_MEDIAN_SAME_ASOF
964,WSSEC:WS:XSHE:000999,WS:XSHE:000999,XSHE,000999,CN_CSI300,2026-09-24,294,293,-0.050730520737153097,-0.021338922051129101,-0.039062463620211103,-0.0291579745444722,-0.011668057116941993,0.007819052493343099,LEAVE_ONE_OUT_PRIMARY_UNIVERSE_COHORT_MEDIAN_SAME_ASOF
965,WSSEC:WS:XSHE:001965,WS:XSHE:001965,XSHE,001965,CN_CSI300,2026-09-24,294,293,0.029166637692187702,0.0692641081359361,-0.0390843533725991,-0.0291579745444722,0.068250991064786798,0.098422082680408307,LEAVE_ONE_OUT_PRIMARY_UNIVERSE_COHORT_MEDIAN_SAME_ASOF
966,WSSEC:WS:XSHE:001979,WS:XSHE:001979,XSHE,001979,CN_CSI300,2026-09-24,294,293,0,0.084592137833888706,-0.0390843533725991,-0.0291579745444722,0.0390843533725991,0.11375011237836091,LEAVE_ONE_OUT_PRIMARY_UNIVERSE_COHORT_MEDIAN_SAME_ASOF
967,WSSEC:WS:XSHE:002001,WS:XSHE:002001,XSHE,002001,CN_CSI300,2026-09-24,294,293,-0.046735844373929698,-0.1495697767411136,-0.039062463620211103,-0.028761087387055701,-0.007673380753718595,-0.1208086893540579,LEAVE_ONE_OUT_PRIMARY_UNIVERSE_COHORT_MEDIAN_SAME_ASOF
968,WSSEC:WS:XSHE:002027,WS:XSHE:002027,XSHE,002027,CN_CSI300,2026-09-24,294,293,-0.056680203758113702,-0.050916498527340301,-0.039062463620211103,-0.028761087387055701,-0.017617740137902599,-0.0221554111402846,LEAVE_ONE_OUT_PRIMARY_UNIVERSE_COHORT_MEDIAN_SAME_ASOF
969,WSSEC:WS:XSHE:002028,WS:XSHE:002028,XSHE,002028,CN_CSI300,2026-09-24,294,293,-0.1839155420469927,-0.1944158565752383,-0.039062463620211103,-0.028761087387055701,-0.14485307842678161,-0.16565476918818259,LEAVE_ONE_OUT_PRIMARY_UNIVERSE_COHORT_MEDIAN_SAME_ASOF
970,WSSEC:WS:XSHE:002049,WS:XSHE:002049,XSHE,002049,CN_CSI300,2026-09-24,294,293,-0.041897257326148601,-0.27468586163210051,-0.039062463620211103,-0.028761087387055701,-0.0028347937059374981,-0.2459247742450448,LEAVE_ONE_OUT_PRIMARY_UNIVERSE_COHORT_MEDIAN_SAME_ASOF
971,WSSEC:WS:XSHE:002050,WS:XSHE:002050,XSHE,002050,CN_CSI300,2026-09-24,294,293,-0.020097715097850799,-0.19679422747621581,-0.0390843533725991,-0.028761087387055701,0.018986638274748301,-0.16803314008916009,LEAVE_ONE_OUT_PRIMARY_UNIVERSE_COHORT_MEDIAN_SAME_ASOF
972,WSSEC:WS:XSHE:002074,WS:XSHE:002074,XSHE,002074,CN_CSI300,2026-09-24,294,293,-0.033586142551059801,0.0011223601630858001,-0.0390843533725991,-0.0291579745444722,0.0054982108215392983,0.030280334707558001,LEAVE_ONE_OUT_PRIMARY_UNIVERSE_COHORT_MEDIAN_SAME_ASOF
973,WSSEC:WS:XSHE:002142,WS:XSHE:002142,XSHE,002142,CN_CSI300,2026-09-24,294,293,0.034370365849247499,0.14835527254851569,-0.0390843533725991,-0.0291579745444722,0.073454719221846598,0.17751324709298788,LEAVE_ONE_OUT_PRIMARY_UNIVERSE_COHORT_MEDIAN_SAME_ASOF
974,WSSEC:WS:XSHE:002179,WS:XSHE:002179,XSHE,002179,CN_CSI300,2026-09-24,294,293,-0.035492910465723997,-0.22375875754507499,-0.0390843533725991,-0.028761087387055701,0.003591442906875103,-0.19499767015801928,LEAVE_ONE_OUT_PRIMARY_UNIVERSE_COHORT_MEDIAN_SAME_ASOF
975,WSSEC:WS:XSHE:002202,WS:XSHE:002202,XSHE,002202,CN_CSI300,2026-09-24,294,293,-0.044823914773066603,-0.2386218866752593,-0.039062463620211103,-0.028761087387055701,-0.0057614511528554999,-0.20986079928820359,LEAVE_ONE_OUT_PRIMARY_UNIVERSE_COHORT_MEDIAN_SAME_ASOF
976,WSSEC:WS:XSHE:002230,WS:XSHE:002230,XSHE,002230,CN_CSI300,2026-09-24,294,293,-0.036459661711077201,-0.067186027585422997,-0.0390843533725991,-0.028761087387055701,0.0026246916615218982,-0.038424940198367299,LEAVE_ONE_OUT_PRIMARY_UNIVERSE_COHORT_MEDIAN_SAME_ASOF
977,WSSEC:WS:XSHE:002236,WS:XSHE:002236,XSHE,002236,CN_CSI300,2026-09-24,294,293,-0.0460405716097552,-0.058752286709962201,-0.039062463620211103,-0.028761087387055701,-0.0069781079895440967,-0.0299911993229065,LEAVE_ONE_OUT_PRIMARY_UNIVERSE_COHORT_MEDIAN_SAME_ASOF
978,WSSEC:WS:XSHE:002241,WS:XSHE:002241,XSHE,002241,CN_CSI300,2026-09-24,294,293,0.0020929738671672999,0.10221000418439979,-0.0390843533725991,-0.0291579745444722,0.041177327239766401,0.13136797872887199,LEAVE_ONE_OUT_PRIMARY_UNIVERSE_COHORT_MEDIAN_SAME_ASOF
979,WSSEC:WS:XSHE:002304,WS:XSHE:002304,XSHE,002304,CN_CSI300,2026-09-24,294,293,-0.036265427177892301,-0.024472757887092599,-0.0390843533725991,-0.0291579745444722,0.0028189261947067987,0.0046852166573796011,LEAVE_ONE_OUT_PRIMARY_UNIVERSE_COHORT_MEDIAN_SAME_ASOF
980,WSSEC:WS:XSHE:002311,WS:XSHE:002311,XSHE,002311,CN_CSI300,2026-09-24,294,293,-0.094713720423703601,-0.105160065294195,-0.039062463620211103,-0.028761087387055701,-0.055651256803492498,-0.076398977907139301,LEAVE_ONE_OUT_PRIMARY_UNIVERSE_COHORT_MEDIAN_SAME_ASOF
981,WSSEC:WS:XSHE:002352,WS:XSHE:002352,XSHE,002352,CN_CSI300,2026-09-24,294,293,-0.0859023928462265,-0.057988814299773497,-0.039062463620211103,-0.028761087387055701,-0.046839929226015396,-0.029227726912717796,LEAVE_ONE_OUT_PRIMARY_UNIVERSE_COHORT_MEDIAN_SAME_ASOF
982,WSSEC:WS:XSHE:002353,WS:XSHE:002353,XSHE,002353,CN_CSI300,2026-09-24,294,293,-0.14841462151227089,-0.2095653521736445,-0.039062463620211103,-0.028761087387055701,-0.10935215789205979,-0.18080426478658879,LEAVE_ONE_OUT_PRIMARY_UNIVERSE_COHORT_MEDIAN_SAME_ASOF
983,WSSEC:WS:XSHE:002371,WS:XSHE:002371,XSHE,002371,CN_CSI300,2026-09-24,294,293,-0.090445685851540697,-0.22422846703966001,-0.039062463620211103,-0.028761087387055701,-0.051383222231329594,-0.1954673796526043,LEAVE_ONE_OUT_PRIMARY_UNIVERSE_COHORT_MEDIAN_SAME_ASOF
984,WSSEC:WS:XSHE:002384,WS:XSHE:002384,XSHE,002384,CN_CSI300,2026-09-24,294,293,-0.072831506310186006,-0.16099778221670941,-0.039062463620211103,-0.028761087387055701,-0.033769042689974903,-0.13223669482965369,LEAVE_ONE_OUT_PRIMARY_UNIVERSE_COHORT_MEDIAN_SAME_ASOF
985,WSSEC:WS:XSHE:002415,WS:XSHE:002415,XSHE,002415,CN_CSI300,2026-09-24,294,293,-0.075375454191097105,-0.0291579745444722,-0.039062463620211103,-0.028761087387055701,-0.036312990570886002,-0.00039688715741649852,LEAVE_ONE_OUT_PRIMARY_UNIVERSE_COHORT_MEDIAN_SAME_ASOF
986,WSSEC:WS:XSHE:002422,WS:XSHE:002422,XSHE,002422,CN_CSI300,2026-09-24,294,293,-0.080889268393734504,-0.13162009809270239,-0.039062463620211103,-0.028761087387055701,-0.0418268047735234,-0.10285901070564669,LEAVE_ONE_OUT_PRIMARY_UNIVERSE_COHORT_MEDIAN_SAME_ASOF
987,WSSEC:WS:XSHE:002460,WS:XSHE:002460,XSHE,002460,CN_CSI300,2026-09-24,294,293,-0.19305376975310881,-0.3173933558455509,-0.039062463620211103,-0.028761087387055701,-0.15399130613289772,-0.28863226845849521,LEAVE_ONE_OUT_PRIMARY_UNIVERSE_COHORT_MEDIAN_SAME_ASOF
988,WSSEC:WS:XSHE:002463,WS:XSHE:002463,XSHE,002463,CN_CSI300,2026-09-24,294,293,0.016636669927385599,-0.049498059359275703,-0.0390843533725991,-0.028761087387055701,0.055721023299984698,-0.020736971972220002,LEAVE_ONE_OUT_PRIMARY_UNIVERSE_COHORT_MEDIAN_SAME_ASOF
989,WSSEC:WS:XSHE:002466,WS:XSHE:002466,XSHE,002466,CN_CSI300,2026-09-24,294,293,-0.15198005568999309,-0.31844688102244312,-0.039062463620211103,-0.028761087387055701,-0.112917592069782,-0.28968579363538743,LEAVE_ONE_OUT_PRIMARY_UNIVERSE_COHORT_MEDIAN_SAME_ASOF
990,WSSEC:WS:XSHE:002475,WS:XSHE:002475,XSHE,002475,CN_CSI300,2026-09-24,294,293,-0.090591120628358904,-0.14614123650057589,-0.039062463620211103,-0.028761087387055701,-0.0515286570081478,-0.1173801491135202,LEAVE_ONE_OUT_PRIMARY_UNIVERSE_COHORT_MEDIAN_SAME_ASOF
991,WSSEC:WS:XSHE:002493,WS:XSHE:002493,XSHE,002493,CN_CSI300,2026-09-24,294,293,-0.087682688859869407,0.18001800736312121,-0.039062463620211103,-0.0291579745444722,-0.048620225239658303,0.2091759819075934,LEAVE_ONE_OUT_PRIMARY_UNIVERSE_COHORT_MEDIAN_SAME_ASOF
992,WSSEC:WS:XSHE:002532,WS:XSHE:002532,XSHE,002532,CN_CSI300,2026-09-24,294,293,-0.068461564870980998,0.1079596814780223,-0.039062463620211103,-0.0291579745444722,-0.029399101250769895,0.13711765602249451,LEAVE_ONE_OUT_PRIMARY_UNIVERSE_COHORT_MEDIAN_SAME_ASOF
993,WSSEC:WS:XSHE:002558,WS:XSHE:002558,XSHE,002558,CN_CSI300,2026-09-24,294,293,-0.13289276660431371,-0.14760008590296539,-0.039062463620211103,-0.028761087387055701,-0.093830302984102609,-0.11883899851590969,LEAVE_ONE_OUT_PRIMARY_UNIVERSE_COHORT_MEDIAN_SAME_ASOF
994,WSSEC:WS:XSHE:002594,WS:XSHE:002594,XSHE,002594,CN_CSI300,2026-09-24,294,293,-0.078150636056691106,0.0092137925796127,-0.039062463620211103,-0.0291579745444722,-0.039088172436480002,0.038371767124084896,LEAVE_ONE_OUT_PRIMARY_UNIVERSE_COHORT_MEDIAN_SAME_ASOF
995,WSSEC:WS:XSHE:002600,WS:XSHE:002600,XSHE,002600,CN_CSI300,2026-09-24,294,293,-0.0216000366210937,-0.28812576688070118,-0.0390843533725991,-0.028761087387055701,0.017484316751505399,-0.2593646794936455,LEAVE_ONE_OUT_PRIMARY_UNIVERSE_COHORT_MEDIAN_SAME_ASOF
996,WSSEC:WS:XSHE:002602,WS:XSHE:002602,XSHE,002602,CN_CSI300,2026-09-24,294,293,0.022270076454260899,0.042490838089012703,-0.0390843533725991,-0.0291579745444722,0.061354429826859999,0.07164881263348491,LEAVE_ONE_OUT_PRIMARY_UNIVERSE_COHORT_MEDIAN_SAME_ASOF
997,WSSEC:WS:XSHE:002625,WS:XSHE:002625,XSHE,002625,CN_CSI300,2026-09-24,294,293,-0.11516655134934781,-0.1805054192301685,-0.039062463620211103,-0.028761087387055701,-0.07610408772913671,-0.15174433184311278,LEAVE_ONE_OUT_PRIMARY_UNIVERSE_COHORT_MEDIAN_SAME_ASOF
998,WSSEC:WS:XSHE:002648,WS:XSHE:002648,XSHE,002648,CN_CSI300,2026-09-24,294,293,-0.0273822569080979,0.077234123848244296,-0.0390843533725991,-0.0291579745444722,0.0117020964645012,0.10639209839271649,LEAVE_ONE_OUT_PRIMARY_UNIVERSE_COHORT_MEDIAN_SAME_ASOF
999,WSSEC:WS:XSHE:002709,WS:XSHE:002709,XSHE,002709,CN_CSI300,2026-09-24,294,293,-0.14784009018529681,-0.4208606830687055,-0.039062463620211103,-0.028761087387055701,-0.10877762656508572,-0.39209959568164982,LEAVE_ONE_OUT_PRIMARY_UNIVERSE_COHORT_MEDIAN_SAME_ASOF
1000,WSSEC:WS:XSHE:002714,WS:XSHE:002714,XSHE,002714,CN_CSI300,2026-09-24,294,293,-0.0078431299217659005,0.083801906184385294,-0.0390843533725991,-0.0291579745444722,0.031241223450833199,0.11295988072885749,LEAVE_ONE_OUT_PRIMARY_UNIVERSE_COHORT_MEDIAN_SAME_ASOF
1001,WSSEC:WS:XSHE:002736,WS:XSHE:002736,XSHE,002736,CN_CSI300,2026-09-24,294,293,-0.039062463620211103,-0.040935679037476698,-0.0390843533725991,-0.028761087387055701,2.1889752387996286e-05,-0.012174591650420997,LEAVE_ONE_OUT_PRIMARY_UNIVERSE_COHORT_MEDIAN_SAME_ASOF
1002,WSSEC:WS:XSHE:002837,WS:XSHE:002837,XSHE,002837,CN_CSI300,2026-09-24,294,293,-0.13263604423360259,-0.19859943980584141,-0.039062463620211103,-0.028761087387055701,-0.093573580613391494,-0.1698383524187857,LEAVE_ONE_OUT_PRIMARY_UNIVERSE_COHORT_MEDIAN_SAME_ASOF
1003,WSSEC:WS:XSHE:002916,WS:XSHE:002916,XSHE,002916,CN_CSI300,2026-09-24,294,293,0.080525865256076495,-0.067596326378965704,-0.0390843533725991,-0.028761087387055701,0.1196102186286756,-0.038835238991910007,LEAVE_ONE_OUT_PRIMARY_UNIVERSE_COHORT_MEDIAN_SAME_ASOF
1004,WSSEC:WS:XSHE:002920,WS:XSHE:002920,XSHE,002920,CN_CSI300,2026-09-24,294,293,-0.038515079029732099,0.0220742507875899,-0.0390843533725991,-0.0291579745444722,0.00056927434286700024,0.051232225332062099,LEAVE_ONE_OUT_PRIMARY_UNIVERSE_COHORT_MEDIAN_SAME_ASOF
1005,WSSEC:WS:XSHE:002938,WS:XSHE:002938,XSHE,002938,CN_CSI300,2026-09-24,294,293,-0.070179313015764605,-0.10354512050642289,-0.039062463620211103,-0.028761087387055701,-0.031116849395553502,-0.074784033119367196,LEAVE_ONE_OUT_PRIMARY_UNIVERSE_COHORT_MEDIAN_SAME_ASOF
1006,WSSEC:WS:XSHE:003816,WS:XSHE:003816,XSHE,003816,CN_CSI300,2026-09-24,294,293,0.0023923993522771002,0.088311730132455399,-0.0390843533725991,-0.0291579745444722,0.041476752724876199,0.11746970467692761,LEAVE_ONE_OUT_PRIMARY_UNIVERSE_COHORT_MEDIAN_SAME_ASOF
1007,WSSEC:WS:XSHE:300014,WS:XSHE:300014,XSHE,300014,CN_CSI300,2026-09-24,294,293,-0.11826214582527569,-0.201730055785978,-0.039062463620211103,-0.028761087387055701,-0.079199682205064598,-0.17296896839892228,LEAVE_ONE_OUT_PRIMARY_UNIVERSE_COHORT_MEDIAN_SAME_ASOF
1008,WSSEC:WS:XSHE:300015,WS:XSHE:300015,XSHE,300015,CN_CSI300,2026-09-24,294,293,-0.071596311922226694,-0.065011842583316604,-0.039062463620211103,-0.028761087387055701,-0.03253384830201559,-0.036250755196260906,LEAVE_ONE_OUT_PRIMARY_UNIVERSE_COHORT_MEDIAN_SAME_ASOF
1009,WSSEC:WS:XSHE:300033,WS:XSHE:300033,XSHE,300033,CN_CSI300,2026-09-24,294,293,-0.12486062500973211,-0.1758529734152639,-0.039062463620211103,-0.028761087387055701,-0.08579816138952101,-0.14709188602820819,LEAVE_ONE_OUT_PRIMARY_UNIVERSE_COHORT_MEDIAN_SAME_ASOF
1010,WSSEC:WS:XSHE:300059,WS:XSHE:300059,XSHE,300059,CN_CSI300,2026-09-24,294,293,-0.0682976603093889,-0.1181861509740543,-0.039062463620211103,-0.028761087387055701,-0.029235196689177796,-0.089425063586998602,LEAVE_ONE_OUT_PRIMARY_UNIVERSE_COHORT_MEDIAN_SAME_ASOF
1011,WSSEC:WS:XSHE:300122,WS:XSHE:300122,XSHE,300122,CN_CSI300,2026-09-24,294,293,-0.13266665140787751,0.069022197807881297,-0.039062463620211103,-0.0291579745444722,-0.09360418778766641,0.09818017235235349,LEAVE_ONE_OUT_PRIMARY_UNIVERSE_COHORT_MEDIAN_SAME_ASOF
1012,WSSEC:WS:XSHE:300124,WS:XSHE:300124,XSHE,300124,CN_CSI300,2026-09-24,294,293,-0.1648422092698005,-0.2415204691408287,-0.039062463620211103,-0.028761087387055701,-0.12577974564958941,-0.21275938175377299,LEAVE_ONE_OUT_PRIMARY_UNIVERSE_COHORT_MEDIAN_SAME_ASOF
1013,WSSEC:WS:XSHE:300251,WS:XSHE:300251,XSHE,300251,CN_CSI300,2026-09-24,294,293,0.0073192974814621998,-0.059777951066164597,-0.0390843533725991,-0.028761087387055701,0.046403650854061299,-0.031016863679108896,LEAVE_ONE_OUT_PRIMARY_UNIVERSE_COHORT_MEDIAN_SAME_ASOF
1014,WSSEC:WS:XSHE:300274,WS:XSHE:300274,XSHE,300274,CN_CSI300,2026-09-24,294,293,-0.1480169748631355,-0.3412859707700604,-0.039062463620211103,-0.028761087387055701,-0.10895451124292441,-0.31252488338300471,LEAVE_ONE_OUT_PRIMARY_UNIVERSE_COHORT_MEDIAN_SAME_ASOF
1015,WSSEC:WS:XSHE:300308,WS:XSHE:300308,XSHE,300308,CN_CSI300,2026-09-24,294,293,0.034337032284252,-0.21622048525672569,-0.0390843533725991,-0.028761087387055701,0.073421385656851107,-0.18745939786966997,LEAVE_ONE_OUT_PRIMARY_UNIVERSE_COHORT_MEDIAN_SAME_ASOF
1016,WSSEC:WS:XSHE:300316,WS:XSHE:300316,XSHE,300316,CN_CSI300,2026-09-24,294,293,-0.099158909074267998,-0.2434943988827617,-0.039062463620211103,-0.028761087387055701,-0.060096445454056895,-0.21473331149570599,LEAVE_ONE_OUT_PRIMARY_UNIVERSE_COHORT_MEDIAN_SAME_ASOF
1017,WSSEC:WS:XSHE:300394,WS:XSHE:300394,XSHE,300394,CN_CSI300,2026-09-24,294,293,0.0028821268270594999,0.068429190536983098,-0.0390843533725991,-0.0291579745444722,0.041966480199658603,0.09758716508145529,LEAVE_ONE_OUT_PRIMARY_UNIVERSE_COHORT_MEDIAN_SAME_ASOF
1018,WSSEC:WS:XSHE:300408,WS:XSHE:300408,XSHE,300408,CN_CSI300,2026-09-24,294,293,0.096283729360260306,-0.1679487172887128,-0.0390843533725991,-0.028761087387055701,0.13536808273285941,-0.13918762990165709,LEAVE_ONE_OUT_PRIMARY_UNIVERSE_COHORT_MEDIAN_SAME_ASOF
1019,WSSEC:WS:XSHE:300413,WS:XSHE:300413,XSHE,300413,CN_CSI300,2026-09-24,294,293,0.33991534492879322,0.27090302624786039,-0.0390843533725991,-0.0291579745444722,0.3789996983013923,0.30006100079233261,LEAVE_ONE_OUT_PRIMARY_UNIVERSE_COHORT_MEDIAN_SAME_ASOF
1020,WSSEC:WS:XSHE:300418,WS:XSHE:300418,XSHE,300418,CN_CSI300,2026-09-24,294,293,0.0212765699405956,-0.083205290428275402,-0.0390843533725991,-0.028761087387055701,0.060360923313194703,-0.054444203041219705,LEAVE_ONE_OUT_PRIMARY_UNIVERSE_COHORT_MEDIAN_SAME_ASOF
1021,WSSEC:WS:XSHE:300433,WS:XSHE:300433,XSHE,300433,CN_CSI300,2026-09-24,294,293,-0.15825865367266451,-0.3515486324245965,-0.039062463620211103,-0.028761087387055701,-0.11919619005245341,-0.32278754503754081,LEAVE_ONE_OUT_PRIMARY_UNIVERSE_COHORT_MEDIAN_SAME_ASOF
1022,WSSEC:WS:XSHE:300442,WS:XSHE:300442,XSHE,300442,CN_CSI300,2026-09-24,294,293,0.067828601078189596,-0.2253986358504019,-0.0390843533725991,-0.028761087387055701,0.10691295445078869,-0.19663754846334619,LEAVE_ONE_OUT_PRIMARY_UNIVERSE_COHORT_MEDIAN_SAME_ASOF
1023,WSSEC:WS:XSHE:300450,WS:XSHE:300450,XSHE,300450,CN_CSI300,2026-09-24,294,293,-0.0491560504859418,-0.16640705532806341,-0.039062463620211103,-0.028761087387055701,-0.010093586865730697,-0.1376459679410077,LEAVE_ONE_OUT_PRIMARY_UNIVERSE_COHORT_MEDIAN_SAME_ASOF
1024,WSSEC:WS:XSHE:300476,WS:XSHE:300476,XSHE,300476,CN_CSI300,2026-09-24,294,293,-0.1154152699503527,-0.2397987349297708,-0.039062463620211103,-0.028761087387055701,-0.076352806330141604,-0.21103764754271509,LEAVE_ONE_OUT_PRIMARY_UNIVERSE_COHORT_MEDIAN_SAME_ASOF
1025,WSSEC:WS:XSHE:300498,WS:XSHE:300498,XSHE,300498,CN_CSI300,2026-09-24,294,293,0.0232722085052143,0.1009104622845695,-0.0390843533725991,-0.0291579745444722,0.062356561877813396,0.13006843682904171,LEAVE_ONE_OUT_PRIMARY_UNIVERSE_COHORT_MEDIAN_SAME_ASOF
1026,WSSEC:WS:XSHE:300502,WS:XSHE:300502,XSHE,300502,CN_CSI300,2026-09-24,294,293,0.063309688364880698,-0.14538310412573671,-0.0390843533725991,-0.028761087387055701,0.10239404173747979,-0.11662201673868101,LEAVE_ONE_OUT_PRIMARY_UNIVERSE_COHORT_MEDIAN_SAME_ASOF
1027,WSSEC:WS:XSHE:300628,WS:XSHE:300628,XSHE,300628,CN_CSI300,2026-09-24,294,293,0.027338855826158401,0.1896601429397963,-0.0390843533725991,-0.0291579745444722,0.066423209198757494,0.21881811748426849,LEAVE_ONE_OUT_PRIMARY_UNIVERSE_COHORT_MEDIAN_SAME_ASOF
1028,WSSEC:WS:XSHE:300661,WS:XSHE:300661,XSHE,300661,CN_CSI300,2026-09-24,294,293,0.031223280395517201,-0.15105631653691681,-0.0390843533725991,-0.028761087387055701,0.070307633768116301,-0.12229522914986111,LEAVE_ONE_OUT_PRIMARY_UNIVERSE_COHORT_MEDIAN_SAME_ASOF
1029,WSSEC:WS:XSHE:300750,WS:XSHE:300750,XSHE,300750,CN_CSI300,2026-09-24,294,293,-0.21313672922252011,-0.2323787228591303,-0.039062463620211103,-0.028761087387055701,-0.17407426560230901,-0.20361763547207459,LEAVE_ONE_OUT_PRIMARY_UNIVERSE_COHORT_MEDIAN_SAME_ASOF
1030,WSSEC:WS:XSHE:300760,WS:XSHE:300760,XSHE,300760,CN_CSI300,2026-09-24,294,293,-0.050422750296220002,0.105316120571183,-0.039062463620211103,-0.0291579745444722,-0.011360286676008899,0.1344740951156552,LEAVE_ONE_OUT_PRIMARY_UNIVERSE_COHORT_MEDIAN_SAME_ASOF
1031,WSSEC:WS:XSHE:300803,WS:XSHE:300803,XSHE,300803,CN_CSI300,2026-09-24,294,293,0.35839051182495613,0.3348831363695976,-0.0390843533725991,-0.0291579745444722,0.3974748651975552,0.36404111091406982,LEAVE_ONE_OUT_PRIMARY_UNIVERSE_COHORT_MEDIAN_SAME_ASOF
1032,WSSEC:WS:XSHE:300832,WS:XSHE:300832,XSHE,300832,CN_CSI300,2026-09-24,294,293,-0.060063003355250902,0.079864224397404995,-0.039062463620211103,-0.0291579745444722,-0.021000539735039798,0.1090221989418772,LEAVE_ONE_OUT_PRIMARY_UNIVERSE_COHORT_MEDIAN_SAME_ASOF
1033,WSSEC:WS:XSHE:300866,WS:XSHE:300866,XSHE,300866,CN_CSI300,2026-09-24,294,293,-0.028526137568747601,0.22099386517984279,-0.0390843533725991,-0.0291579745444722,0.010558215803851499,0.25015183972431498,LEAVE_ONE_OUT_PRIMARY_UNIVERSE_COHORT_MEDIAN_SAME_ASOF
1034,WSSEC:WS:XSHE:300896,WS:XSHE:300896,XSHE,300896,CN_CSI300,2026-09-24,294,293,-0.016732384782972402,0.0299173950702766,-0.0390843533725991,-0.0291579745444722,0.022351968589626698,0.059075369614748796,LEAVE_ONE_OUT_PRIMARY_UNIVERSE_COHORT_MEDIAN_SAME_ASOF
1035,WSSEC:WS:XSHE:300999,WS:XSHE:300999,XSHE,300999,CN_CSI300,2026-09-24,294,293,-0.064405508719468998,0.0207900214495437,-0.039062463620211103,-0.0291579745444722,-0.025343045099257895,0.049947995994015899,LEAVE_ONE_OUT_PRIMARY_UNIVERSE_COHORT_MEDIAN_SAME_ASOF
1036,WSSEC:WS:XSHE:301165,WS:XSHE:301165,XSHE,301165,CN_CSI300,2026-09-24,294,293,-0.0711018964803143,0.31026389382102271,-0.039062463620211103,-0.0291579745444722,-0.032039432860103197,0.33942186836549493,LEAVE_ONE_OUT_PRIMARY_UNIVERSE_COHORT_MEDIAN_SAME_ASOF
1037,WSSEC:WS:XSHE:301236,WS:XSHE:301236,XSHE,301236,CN_CSI300,2026-09-24,294,293,-0.038512935282573199,-0.13373492137495291,-0.0390843533725991,-0.028761087387055701,0.00057141809002590055,-0.10497383398789721,LEAVE_ONE_OUT_PRIMARY_UNIVERSE_COHORT_MEDIAN_SAME_ASOF
1038,WSSEC:WS:XSHE:301269,WS:XSHE:301269,XSHE,301269,CN_CSI300,2026-09-24,294,293,-0.0937694569493146,-0.1900092618451292,-0.039062463620211103,-0.028761087387055701,-0.054706993329103497,-0.16124817445807349,LEAVE_ONE_OUT_PRIMARY_UNIVERSE_COHORT_MEDIAN_SAME_ASOF
1039,WSSEC:WS:XSHE:301308,WS:XSHE:301308,XSHE,301308,CN_CSI300,2026-09-24,294,293,-0.14104857213288829,-0.44633022056262101,-0.039062463620211103,-0.028761087387055701,-0.1019861085126772,-0.41756913317556532,LEAVE_ONE_OUT_PRIMARY_UNIVERSE_COHORT_MEDIAN_SAME_ASOF
1040,WSSEC:WS:XSHG:600000,WS:XSHG:600000,XSHG,600000,CN_CSI300,2026-09-24,294,293,-0.0077177174398543004,0.0344827813002219,-0.0390843533725991,-0.0291579745444722,0.031366635932744802,0.0636407558446941,LEAVE_ONE_OUT_PRIMARY_UNIVERSE_COHORT_MEDIAN_SAME_ASOF
1041,WSSEC:WS:XSHG:600009,WS:XSHG:600009,XSHG,600009,CN_CSI300,2026-09-24,294,293,-0.042625747614025399,-0.024750394493187299,-0.039062463620211103,-0.0291579745444722,-0.0035632839938142952,0.0044075800512849012,LEAVE_ONE_OUT_PRIMARY_UNIVERSE_COHORT_MEDIAN_SAME_ASOF
1042,WSSEC:WS:XSHG:600010,WS:XSHG:600010,XSHG,600010,CN_CSI300,2026-09-24,294,293,-0.079295184259752294,-0.058558609353847997,-0.039062463620211103,-0.028761087387055701,-0.04023272063954119,-0.029797521966792296,LEAVE_ONE_OUT_PRIMARY_UNIVERSE_COHORT_MEDIAN_SAME_ASOF
1043,WSSEC:WS:XSHG:600011,WS:XSHG:600011,XSHG,600011,CN_CSI300,2026-09-24,294,293,-0.0029586474980016,-0.11432330448520781,-0.0390843533725991,-0.028761087387055701,0.0361257058745975,-0.085562217098152107,LEAVE_ONE_OUT_PRIMARY_UNIVERSE_COHORT_MEDIAN_SAME_ASOF
1044,WSSEC:WS:XSHG:600015,WS:XSHG:600015,XSHG,600015,CN_CSI300,2026-09-24,294,293,-0.058912367557036403,-0.057488669707314997,-0.039062463620211103,-0.028761087387055701,-0.0198499039368253,-0.028727582320259296,LEAVE_ONE_OUT_PRIMARY_UNIVERSE_COHORT_MEDIAN_SAME_ASOF
1045,WSSEC:WS:XSHG:600016,WS:XSHG:600016,XSHG,600016,CN_CSI300,2026-09-24,294,293,0.0058139478470454996,0.058103993372692501,-0.0390843533725991,-0.0291579745444722,0.044898301219644596,0.087261967917164701,LEAVE_ONE_OUT_PRIMARY_UNIVERSE_COHORT_MEDIAN_SAME_ASOF
1046,WSSEC:WS:XSHG:600018,WS:XSHG:600018,XSHG,600018,CN_CSI300,2026-09-24,294,293,0.034749094814837601,0.10973089403315781,-0.0390843533725991,-0.0291579745444722,0.073833448187436701,0.13888886857763,LEAVE_ONE_OUT_PRIMARY_UNIVERSE_COHORT_MEDIAN_SAME_ASOF
1047,WSSEC:WS:XSHG:600019,WS:XSHG:600019,XSHG,600019,CN_CSI300,2026-09-24,294,293,0.0034364227382494999,0.040998219892982801,-0.0390843533725991,-0.0291579745444722,0.042520776110848597,0.070156194437454994,LEAVE_ONE_OUT_PRIMARY_UNIVERSE_COHORT_MEDIAN_SAME_ASOF
1048,WSSEC:WS:XSHG:600023,WS:XSHG:600023,XSHG,600023,CN_CSI300,2026-09-24,294,293,0.0447154038171007,-0.058608089638398399,-0.0390843533725991,-0.028761087387055701,0.0837997571896998,-0.029847002251342698,LEAVE_ONE_OUT_PRIMARY_UNIVERSE_COHORT_MEDIAN_SAME_ASOF
1049,WSSEC:WS:XSHG:600025,WS:XSHG:600025,XSHG,600025,CN_CSI300,2026-09-24,294,293,0.0114107523609621,0.067907982233037206,-0.0390843533725991,-0.0291579745444722,0.050495105733561196,0.097065956777509399,LEAVE_ONE_OUT_PRIMARY_UNIVERSE_COHORT_MEDIAN_SAME_ASOF
1050,WSSEC:WS:XSHG:600026,WS:XSHG:600026,XSHG,600026,CN_CSI300,2026-09-24,294,293,0.14991933996105361,0.29696967385031953,-0.0390843533725991,-0.0291579745444722,0.18900369333365272,0.32612764839479175,LEAVE_ONE_OUT_PRIMARY_UNIVERSE_COHORT_MEDIAN_SAME_ASOF
1051,WSSEC:WS:XSHG:600027,WS:XSHG:600027,XSHG,600027,CN_CSI300,2026-09-24,294,293,0.047722295839487297,0.059210522876001502,-0.0390843533725991,-0.0291579745444722,0.08680664921208639,0.088368497420473702,LEAVE_ONE_OUT_PRIMARY_UNIVERSE_COHORT_MEDIAN_SAME_ASOF
1052,WSSEC:WS:XSHG:600028,WS:XSHG:600028,XSHG,600028,CN_CSI300,2026-09-24,294,293,0.0056711172069347998,0.15652180042519351,-0.0390843533725991,-0.0291579745444722,0.044755470579533899,0.1856797749696657,LEAVE_ONE_OUT_PRIMARY_UNIVERSE_COHORT_MEDIAN_SAME_ASOF
1053,WSSEC:WS:XSHG:600029,WS:XSHG:600029,XSHG,600029,CN_CSI300,2026-09-24,294,293,-0.033797230457853697,-0.076045642198092206,-0.0390843533725991,-0.028761087387055701,0.0052871229147454027,-0.047284554811036508,LEAVE_ONE_OUT_PRIMARY_UNIVERSE_COHORT_MEDIAN_SAME_ASOF
1054,WSSEC:WS:XSHG:600030,WS:XSHG:600030,XSHG,600030,CN_CSI300,2026-09-24,294,293,-0.058718201637274002,-0.0814115952265103,-0.039062463620211103,-0.028761087387055701,-0.019655738017062899,-0.052650507839454602,LEAVE_ONE_OUT_PRIMARY_UNIVERSE_COHORT_MEDIAN_SAME_ASOF
1055,WSSEC:WS:XSHG:600031,WS:XSHG:600031,XSHG,600031,CN_CSI300,2026-09-24,294,293,-0.097586503416565801,-0.032076515483441398,-0.039062463620211103,-0.028761087387055701,-0.058524039796354697,-0.0033154280963856968,LEAVE_ONE_OUT_PRIMARY_UNIVERSE_COHORT_MEDIAN_SAME_ASOF
1056,WSSEC:WS:XSHG:600036,WS:XSHG:600036,XSHG,600036,CN_CSI300,2026-09-24,294,293,0.028044384646374199,0.1117486427077263,-0.0390843533725991,-0.0291579745444722,0.067128738018973302,0.1409066172521985,LEAVE_ONE_OUT_PRIMARY_UNIVERSE_COHORT_MEDIAN_SAME_ASOF
1057,WSSEC:WS:XSHG:600039,WS:XSHG:600039,XSHG,600039,CN_CSI300,2026-09-24,294,293,-0.0103448453518406,0.039855064534843603,-0.0390843533725991,-0.0291579745444722,0.0287395080207585,0.069013039079315802,LEAVE_ONE_OUT_PRIMARY_UNIVERSE_COHORT_MEDIAN_SAME_ASOF
1058,WSSEC:WS:XSHG:600048,WS:XSHG:600048,XSHG,600048,CN_CSI300,2026-09-24,294,293,0.073359097882981006,0.19569888790296969,-0.0390843533725991,-0.0291579745444722,0.11244345125558011,0.22485686244744188,LEAVE_ONE_OUT_PRIMARY_UNIVERSE_COHORT_MEDIAN_SAME_ASOF
1059,WSSEC:WS:XSHG:600050,WS:XSHG:600050,XSHG,600050,CN_CSI300,2026-09-24,294,293,-0.032634001801977598,0.022167525580375901,-0.0390843533725991,-0.0291579745444722,0.0064503515706215014,0.0513255001248481,LEAVE_ONE_OUT_PRIMARY_UNIVERSE_COHORT_MEDIAN_SAME_ASOF
1060,WSSEC:WS:XSHG:600061,WS:XSHG:600061,XSHG,600061,CN_CSI300,2026-09-24,294,293,-0.0520674030112886,-0.053516805301845903,-0.039062463620211103,-0.028761087387055701,-0.013004939391077497,-0.024755717914790202,LEAVE_ONE_OUT_PRIMARY_UNIVERSE_COHORT_MEDIAN_SAME_ASOF
1061,WSSEC:WS:XSHG:600066,WS:XSHG:600066,XSHG,600066,CN_CSI300,2026-09-24,294,293,-0.13039116143184171,-0.0545256265910605,-0.039062463620211103,-0.028761087387055701,-0.09132869781163061,-0.025764539204004799,LEAVE_ONE_OUT_PRIMARY_UNIVERSE_COHORT_MEDIAN_SAME_ASOF
1062,WSSEC:WS:XSHG:600085,WS:XSHG:600085,XSHG,600085,CN_CSI300,2026-09-24,294,293,-0.041478448174910101,0.002577296570992,-0.039062463620211103,-0.0291579745444722,-0.002415984554698998,0.031735271115464203,LEAVE_ONE_OUT_PRIMARY_UNIVERSE_COHORT_MEDIAN_SAME_ASOF
1063,WSSEC:WS:XSHG:600089,WS:XSHG:600089,XSHG,600089,CN_CSI300,2026-09-24,294,293,-0.090909099865461002,-0.1937700209354011,-0.039062463620211103,-0.028761087387055701,-0.051846636245249898,-0.16500893354834539,LEAVE_ONE_OUT_PRIMARY_UNIVERSE_COHORT_MEDIAN_SAME_ASOF
1064,WSSEC:WS:XSHG:600104,WS:XSHG:600104,XSHG,600104,CN_CSI300,2026-09-24,294,293,0.046875049476512803,0.085020257374300995,-0.0390843533725991,-0.0291579745444722,0.08595940284911191,0.11417823191877319,LEAVE_ONE_OUT_PRIMARY_UNIVERSE_COHORT_MEDIAN_SAME_ASOF
1065,WSSEC:WS:XSHG:600111,WS:XSHG:600111,XSHG,600111,CN_CSI300,2026-09-24,294,293,-0.094108982852138395,-0.2311203156289964,-0.039062463620211103,-0.028761087387055701,-0.055046519231927292,-0.20235922824194069,LEAVE_ONE_OUT_PRIMARY_UNIVERSE_COHORT_MEDIAN_SAME_ASOF
1066,WSSEC:WS:XSHG:600115,WS:XSHG:600115,XSHG,600115,CN_CSI300,2026-09-24,294,293,-0.056338042357781101,-0.13212435345172349,-0.039062463620211103,-0.028761087387055701,-0.017275578737569998,-0.10336326606466779,LEAVE_ONE_OUT_PRIMARY_UNIVERSE_COHORT_MEDIAN_SAME_ASOF
1067,WSSEC:WS:XSHG:600118,WS:XSHG:600118,XSHG,600118,CN_CSI300,2026-09-24,294,293,-0.059902576592744498,-0.28944785463298017,-0.039062463620211103,-0.028761087387055701,-0.020840112972533395,-0.26068676724592449,LEAVE_ONE_OUT_PRIMARY_UNIVERSE_COHORT_MEDIAN_SAME_ASOF
1068,WSSEC:WS:XSHG:600150,WS:XSHG:600150,XSHG,600150,CN_CSI300,2026-09-24,294,293,0.103418298015153,0.1085564457502541,-0.0390843533725991,-0.0291579745444722,0.14250265138775209,0.1377144202947263,LEAVE_ONE_OUT_PRIMARY_UNIVERSE_COHORT_MEDIAN_SAME_ASOF
1069,WSSEC:WS:XSHG:600160,WS:XSHG:600160,XSHG,600160,CN_CSI300,2026-09-24,294,293,-0.14086999407824699,-0.38044865791955612,-0.039062463620211103,-0.028761087387055701,-0.10180753045803589,-0.35168757053250044,LEAVE_ONE_OUT_PRIMARY_UNIVERSE_COHORT_MEDIAN_SAME_ASOF
1070,WSSEC:WS:XSHG:600176,WS:XSHG:600176,XSHG,600176,CN_CSI300,2026-09-24,294,293,0.0098499528530607994,-0.36508402289808323,-0.0390843533725991,-0.028761087387055701,0.048934306225659897,-0.33632293551102754,LEAVE_ONE_OUT_PRIMARY_UNIVERSE_COHORT_MEDIAN_SAME_ASOF
1071,WSSEC:WS:XSHG:600183,WS:XSHG:600183,XSHG,600183,CN_CSI300,2026-09-24,294,293,-0.025821092133989799,-0.096215830278479103,-0.0390843533725991,-0.028761087387055701,0.013263261238609301,-0.067454742891423405,LEAVE_ONE_OUT_PRIMARY_UNIVERSE_COHORT_MEDIAN_SAME_ASOF
1072,WSSEC:WS:XSHG:600188,WS:XSHG:600188,XSHG,600188,CN_CSI300,2026-09-24,294,293,-0.12874779704599801,0.10886647403372771,-0.039062463620211103,-0.0291579745444722,-0.089685333425786912,0.1380244485781999,LEAVE_ONE_OUT_PRIMARY_UNIVERSE_COHORT_MEDIAN_SAME_ASOF
1073,WSSEC:WS:XSHG:600196,WS:XSHG:600196,XSHG,600196,CN_CSI300,2026-09-24,294,293,-0.0021843267100808998,-0.0082501314977291001,-0.0390843533725991,-0.0291579745444722,0.036900026662518202,0.020907843046743098,LEAVE_ONE_OUT_PRIMARY_UNIVERSE_COHORT_MEDIAN_SAME_ASOF
1074,WSSEC:WS:XSHG:600219,WS:XSHG:600219,XSHG,600219,CN_CSI300,2026-09-24,294,293,-0.045548611525203599,0.1326781177094149,-0.039062463620211103,-0.0291579745444722,-0.0064861479049924953,0.16183609225388709,LEAVE_ONE_OUT_PRIMARY_UNIVERSE_COHORT_MEDIAN_SAME_ASOF
1075,WSSEC:WS:XSHG:600221,WS:XSHG:600221,XSHG,600221,CN_CSI300,2026-09-24,294,293,-0.075757590809253095,-0.109489033310991,-0.039062463620211103,-0.028761087387055701,-0.036695127189041991,-0.080727945923935299,LEAVE_ONE_OUT_PRIMARY_UNIVERSE_COHORT_MEDIAN_SAME_ASOF
1076,WSSEC:WS:XSHG:600233,WS:XSHG:600233,XSHG,600233,CN_CSI300,2026-09-24,294,293,0.057227095557149402,-0.00055773723991229998,-0.0390843533725991,-0.0291579745444722,0.096311448929748494,0.028600237304559899,LEAVE_ONE_OUT_PRIMARY_UNIVERSE_COHORT_MEDIAN_SAME_ASOF
1077,WSSEC:WS:XSHG:600276,WS:XSHG:600276,XSHG,600276,CN_CSI300,2026-09-24,294,293,-0.057760973844685898,-0.16133858286247479,-0.039062463620211103,-0.028761087387055701,-0.018698510224474794,-0.13257749547541908,LEAVE_ONE_OUT_PRIMARY_UNIVERSE_COHORT_MEDIAN_SAME_ASOF
1078,WSSEC:WS:XSHG:600309,WS:XSHG:600309,XSHG,600309,CN_CSI300,2026-09-24,294,293,-0.085221303697945103,0.012390648586409999,-0.039062463620211103,-0.0291579745444722,-0.046158840077733999,0.041548623130882201,LEAVE_ONE_OUT_PRIMARY_UNIVERSE_COHORT_MEDIAN_SAME_ASOF
1079,WSSEC:WS:XSHG:600346,WS:XSHG:600346,XSHG,600346,CN_CSI300,2026-09-24,294,293,-0.1455026484394103,-0.087570682350172402,-0.039062463620211103,-0.028761087387055701,-0.1064401848191992,-0.058809594963116704,LEAVE_ONE_OUT_PRIMARY_UNIVERSE_COHORT_MEDIAN_SAME_ASOF
1080,WSSEC:WS:XSHG:600362,WS:XSHG:600362,XSHG,600362,CN_CSI300,2026-09-24,294,293,-0.13821136446369189,0.0114504622590652,-0.039062463620211103,-0.0291579745444722,-0.099148900843480797,0.040608436803537401,LEAVE_ONE_OUT_PRIMARY_UNIVERSE_COHORT_MEDIAN_SAME_ASOF
1081,WSSEC:WS:XSHG:600372,WS:XSHG:600372,XSHG,600372,CN_CSI300,2026-09-24,294,293,0.023486922859031301,0.048103560028149597,-0.0390843533725991,-0.0291579745444722,0.062571276231630404,0.077261534572621804,LEAVE_ONE_OUT_PRIMARY_UNIVERSE_COHORT_MEDIAN_SAME_ASOF
1082,WSSEC:WS:XSHG:600406,WS:XSHG:600406,XSHG,600406,CN_CSI300,2026-09-24,294,293,-0.034258413984157701,-0.0176444471629514,-0.0390843533725991,-0.0291579745444722,0.0048259393884413984,0.0115135273815208,LEAVE_ONE_OUT_PRIMARY_UNIVERSE_COHORT_MEDIAN_SAME_ASOF
1083,WSSEC:WS:XSHG:600415,WS:XSHG:600415,XSHG,600415,CN_CSI300,2026-09-24,294,293,-0.1172638120273711,0.044315995479326603,-0.039062463620211103,-0.0291579745444722,-0.078201348407160004,0.073473970023798796,LEAVE_ONE_OUT_PRIMARY_UNIVERSE_COHORT_MEDIAN_SAME_ASOF
1084,WSSEC:WS:XSHG:600426,WS:XSHG:600426,XSHG,600426,CN_CSI300,2026-09-24,294,293,-0.053314151134570102,0.34422510260427153,-0.039062463620211103,-0.0291579745444722,-0.014251687514358999,0.37338307714874375,LEAVE_ONE_OUT_PRIMARY_UNIVERSE_COHORT_MEDIAN_SAME_ASOF
1085,WSSEC:WS:XSHG:600436,WS:XSHG:600436,XSHG,600436,CN_CSI300,2026-09-24,294,293,-0.070982044992839402,0.0316344321404258,-0.039062463620211103,-0.0291579745444722,-0.031919581372628299,0.060792406684898,LEAVE_ONE_OUT_PRIMARY_UNIVERSE_COHORT_MEDIAN_SAME_ASOF
1086,WSSEC:WS:XSHG:600438,WS:XSHG:600438,XSHG,600438,CN_CSI300,2026-09-24,294,293,-0.065546198149166499,-0.080231617434775401,-0.039062463620211103,-0.028761087387055701,-0.026483734528955395,-0.051470530047719704,LEAVE_ONE_OUT_PRIMARY_UNIVERSE_COHORT_MEDIAN_SAME_ASOF
1087,WSSEC:WS:XSHG:600460,WS:XSHG:600460,XSHG,600460,CN_CSI300,2026-09-24,294,293,-0.061926599233582597,-0.35207918374845287,-0.039062463620211103,-0.028761087387055701,-0.022864135613371493,-0.32331809636139719,LEAVE_ONE_OUT_PRIMARY_UNIVERSE_COHORT_MEDIAN_SAME_ASOF
1088,WSSEC:WS:XSHG:600482,WS:XSHG:600482,XSHG,600482,CN_CSI300,2026-09-24,294,293,0.076367075062261494,0.072994984904040702,-0.0390843533725991,-0.0291579745444722,0.11545142843486059,0.10215295944851291,LEAVE_ONE_OUT_PRIMARY_UNIVERSE_COHORT_MEDIAN_SAME_ASOF
1089,WSSEC:WS:XSHG:600489,WS:XSHG:600489,XSHG,600489,CN_CSI300,2026-09-24,294,293,-0.17122516310903391,0.15872187859751011,-0.039062463620211103,-0.0291579745444722,-0.13216269948882281,0.1878798531419823,LEAVE_ONE_OUT_PRIMARY_UNIVERSE_COHORT_MEDIAN_SAME_ASOF
1090,WSSEC:WS:XSHG:600515,WS:XSHG:600515,XSHG,600515,CN_CSI300,2026-09-24,294,293,-0.042704586477814201,-0.035842260214997097,-0.039062463620211103,-0.028761087387055701,-0.0036421228576030973,-0.0070811728279413962,LEAVE_ONE_OUT_PRIMARY_UNIVERSE_COHORT_MEDIAN_SAME_ASOF
1091,WSSEC:WS:XSHG:600519,WS:XSHG:600519,XSHG,600519,CN_CSI300,2026-09-24,294,293,-0.0427919575475307,0.028262676641729101,-0.039062463620211103,-0.0291579745444722,-0.0037294939273195965,0.057420651186201301,LEAVE_ONE_OUT_PRIMARY_UNIVERSE_COHORT_MEDIAN_SAME_ASOF
1092,WSSEC:WS:XSHG:600522,WS:XSHG:600522,XSHG,600522,CN_CSI300,2026-09-24,294,293,-0.035476788498730497,-0.3253199301728491,-0.0390843533725991,-0.028761087387055701,0.0036075648738686031,-0.29655884278579342,LEAVE_ONE_OUT_PRIMARY_UNIVERSE_COHORT_MEDIAN_SAME_ASOF
1093,WSSEC:WS:XSHG:600547,WS:XSHG:600547,XSHG,600547,CN_CSI300,2026-09-24,294,293,-0.16680996837595141,0.20223322282596171,-0.039062463620211103,-0.0291579745444722,-0.12774750475574032,0.2313911973704339,LEAVE_ONE_OUT_PRIMARY_UNIVERSE_COHORT_MEDIAN_SAME_ASOF
1094,WSSEC:WS:XSHG:600549,WS:XSHG:600549,XSHG,600549,CN_CSI300,2026-09-24,294,293,-0.1441605441818869,-0.42909311436708292,-0.039062463620211103,-0.028761087387055701,-0.1050980805616758,-0.40033202698002723,LEAVE_ONE_OUT_PRIMARY_UNIVERSE_COHORT_MEDIAN_SAME_ASOF
1095,WSSEC:WS:XSHG:600570,WS:XSHG:600570,XSHG,600570,CN_CSI300,2026-09-24,294,293,-0.098145636200389005,-0.063410066858434699,-0.039062463620211103,-0.028761087387055701,-0.059083172580177902,-0.034648979471379002,LEAVE_ONE_OUT_PRIMARY_UNIVERSE_COHORT_MEDIAN_SAME_ASOF
1096,WSSEC:WS:XSHG:600584,WS:XSHG:600584,XSHG,600584,CN_CSI300,2026-09-24,294,293,-0.1013849234832741,-0.28339241119303199,-0.039062463620211103,-0.028761087387055701,-0.062322459863063,-0.25463132380597631,LEAVE_ONE_OUT_PRIMARY_UNIVERSE_COHORT_MEDIAN_SAME_ASOF
1097,WSSEC:WS:XSHG:600585,WS:XSHG:600585,XSHG,600585,CN_CSI300,2026-09-24,294,293,-0.060488353213014302,0.0047477698453961001,-0.039062463620211103,-0.0291579745444722,-0.021425889592803199,0.033905744389868299,LEAVE_ONE_OUT_PRIMARY_UNIVERSE_COHORT_MEDIAN_SAME_ASOF
1098,WSSEC:WS:XSHG:600588,WS:XSHG:600588,XSHG,600588,CN_CSI300,2026-09-24,294,293,-0.086444016508870097,-0.0053476137641614999,-0.039062463620211103,-0.0291579745444722,-0.047381552888658994,0.023810360780310701,LEAVE_ONE_OUT_PRIMARY_UNIVERSE_COHORT_MEDIAN_SAME_ASOF
1099,WSSEC:WS:XSHG:600600,WS:XSHG:600600,XSHG,600600,CN_CSI300,2026-09-24,294,293,-0.0215729016004895,-0.057078065894407302,-0.0390843533725991,-0.028761087387055701,0.017511451772109599,-0.028316978507351601,LEAVE_ONE_OUT_PRIMARY_UNIVERSE_COHORT_MEDIAN_SAME_ASOF
1100,WSSEC:WS:XSHG:600660,WS:XSHG:600660,XSHG,600660,CN_CSI300,2026-09-24,294,293,-0.076232360466867793,0.053402926602576797,-0.039062463620211103,-0.0291579745444722,-0.03716989684665669,0.082560901147049004,LEAVE_ONE_OUT_PRIMARY_UNIVERSE_COHORT_MEDIAN_SAME_ASOF
1101,WSSEC:WS:XSHG:600674,WS:XSHG:600674,XSHG,600674,CN_CSI300,2026-09-24,294,293,0.046302267408189803,0.1228433895626037,-0.0390843533725991,-0.0291579745444722,0.085386620780788902,0.1520013641070759,LEAVE_ONE_OUT_PRIMARY_UNIVERSE_COHORT_MEDIAN_SAME_ASOF
1102,WSSEC:WS:XSHG:600690,WS:XSHG:600690,XSHG,600690,CN_CSI300,2026-09-24,294,293,-0.046401581943333499,-0.0137120805876277,-0.039062463620211103,-0.0291579745444722,-0.0073391183231223955,0.0154458939568445,LEAVE_ONE_OUT_PRIMARY_UNIVERSE_COHORT_MEDIAN_SAME_ASOF
1103,WSSEC:WS:XSHG:600741,WS:XSHG:600741,XSHG,600741,CN_CSI300,2026-09-24,294,293,-0.040469967226470997,-0.054662403282553097,-0.039062463620211103,-0.028761087387055701,-0.0014075036062598939,-0.025901315895497396,LEAVE_ONE_OUT_PRIMARY_UNIVERSE_COHORT_MEDIAN_SAME_ASOF
1104,WSSEC:WS:XSHG:600760,WS:XSHG:600760,XSHG,600760,CN_CSI300,2026-09-24,294,293,-0.0465322898098052,0.055174106604982801,-0.039062463620211103,-0.0291579745444722,-0.0074698261895940962,0.084332081149455007,LEAVE_ONE_OUT_PRIMARY_UNIVERSE_COHORT_MEDIAN_SAME_ASOF
1105,WSSEC:WS:XSHG:600795,WS:XSHG:600795,XSHG,600795,CN_CSI300,2026-09-24,294,293,0.0019119984719328999,0.1148936135674989,-0.0390843533725991,-0.0291579745444722,0.040996351844532,0.14405158811197111,LEAVE_ONE_OUT_PRIMARY_UNIVERSE_COHORT_MEDIAN_SAME_ASOF
1106,WSSEC:WS:XSHG:600809,WS:XSHG:600809,XSHG,600809,CN_CSI300,2026-09-24,294,293,-0.044763288184500302,0.01841167142936,-0.039062463620211103,-0.0291579745444722,-0.0057008245642891989,0.047569645973832203,LEAVE_ONE_OUT_PRIMARY_UNIVERSE_COHORT_MEDIAN_SAME_ASOF
1107,WSSEC:WS:XSHG:600845,WS:XSHG:600845,XSHG,600845,CN_CSI300,2026-09-24,294,293,0.045220431973540302,0.0082826953879026992,-0.0390843533725991,-0.0291579745444722,0.084304785346139402,0.037440669932374895,LEAVE_ONE_OUT_PRIMARY_UNIVERSE_COHORT_MEDIAN_SAME_ASOF
1108,WSSEC:WS:XSHG:600875,WS:XSHG:600875,XSHG,600875,CN_CSI300,2026-09-24,294,293,-0.094412358031157606,-0.15800787787610879,-0.039062463620211103,-0.028761087387055701,-0.055349894410946503,-0.12924679048905308,LEAVE_ONE_OUT_PRIMARY_UNIVERSE_COHORT_MEDIAN_SAME_ASOF
1109,WSSEC:WS:XSHG:600886,WS:XSHG:600886,XSHG,600886,CN_CSI300,2026-09-24,294,293,0.068296176828634494,0.096678926014932901,-0.0390843533725991,-0.0291579745444722,0.10738053020123359,0.12583690055940511,LEAVE_ONE_OUT_PRIMARY_UNIVERSE_COHORT_MEDIAN_SAME_ASOF
1110,WSSEC:WS:XSHG:600887,WS:XSHG:600887,XSHG,600887,CN_CSI300,2026-09-24,294,293,0.0170131887565514,0.1002044490446172,-0.0390843533725991,-0.0291579745444722,0.056097542129150496,0.12936242358908939,LEAVE_ONE_OUT_PRIMARY_UNIVERSE_COHORT_MEDIAN_SAME_ASOF
1111,WSSEC:WS:XSHG:600893,WS:XSHG:600893,XSHG,600893,CN_CSI300,2026-09-24,294,293,0.018351129505527801,0.033189408976190098,-0.0390843533725991,-0.0291579745444722,0.057435482878126901,0.062347383520662297,LEAVE_ONE_OUT_PRIMARY_UNIVERSE_COHORT_MEDIAN_SAME_ASOF
1112,WSSEC:WS:XSHG:600900,WS:XSHG:600900,XSHG,600900,CN_CSI300,2026-09-24,294,293,0.0092526770587978997,0.052319102318953703,-0.0390843533725991,-0.0291579745444722,0.048337030431396998,0.081477076863425896,LEAVE_ONE_OUT_PRIMARY_UNIVERSE_COHORT_MEDIAN_SAME_ASOF
1113,WSSEC:WS:XSHG:600905,WS:XSHG:600905,XSHG,600905,CN_CSI300,2026-09-24,294,293,-0.0295699281366671,-0.0398936424861401,-0.0390843533725991,-0.028761087387055701,0.0095144252359319996,-0.011132555099084399,LEAVE_ONE_OUT_PRIMARY_UNIVERSE_COHORT_MEDIAN_SAME_ASOF
1114,WSSEC:WS:XSHG:600918,WS:XSHG:600918,XSHG,600918,CN_CSI300,2026-09-24,294,293,-0.063903262175612804,-0.0036764670434088998,-0.039062463620211103,-0.0291579745444722,-0.024840798555401701,0.025481507501063299,LEAVE_ONE_OUT_PRIMARY_UNIVERSE_COHORT_MEDIAN_SAME_ASOF
1115,WSSEC:WS:XSHG:600919,WS:XSHG:600919,XSHG,600919,CN_CSI300,2026-09-24,294,293,0.015741552515456201,0.089777798122829794,-0.0390843533725991,-0.0291579745444722,0.054825905888055304,0.11893577266730199,LEAVE_ONE_OUT_PRIMARY_UNIVERSE_COHORT_MEDIAN_SAME_ASOF
1116,WSSEC:WS:XSHG:600926,WS:XSHG:600926,XSHG,600926,CN_CSI300,2026-09-24,294,293,0.025595257422822201,0.15715239388580121,-0.0390843533725991,-0.0291579745444722,0.064679610795421297,0.1863103684302734,LEAVE_ONE_OUT_PRIMARY_UNIVERSE_COHORT_MEDIAN_SAME_ASOF
1117,WSSEC:WS:XSHG:600930,WS:XSHG:600930,XSHG,600930,CN_CSI300,2026-09-24,294,293,-0.0152284116518183,-0.2032853787232709,-0.0390843533725991,-0.028761087387055701,0.023855941720780802,-0.17452429133621519,LEAVE_ONE_OUT_PRIMARY_UNIVERSE_COHORT_MEDIAN_SAME_ASOF
1118,WSSEC:WS:XSHG:600938,WS:XSHG:600938,XSHG,600938,CN_CSI300,2026-09-24,294,293,-0.030159682642450499,0.2261681957779644,-0.0390843533725991,-0.0291579745444722,0.0089246707301486004,0.2553261703224366,LEAVE_ONE_OUT_PRIMARY_UNIVERSE_COHORT_MEDIAN_SAME_ASOF
1119,WSSEC:WS:XSHG:600941,WS:XSHG:600941,XSHG,600941,CN_CSI300,2026-09-24,294,293,-0.0060179922661720998,0.1042492572038775,-0.0390843533725991,-0.0291579745444722,0.033066361106427002,0.1334072317483497,LEAVE_ONE_OUT_PRIMARY_UNIVERSE_COHORT_MEDIAN_SAME_ASOF
1120,WSSEC:WS:XSHG:600958,WS:XSHG:600958,XSHG,600958,CN_CSI300,2026-09-24,294,293,-0.052230638101542597,-0.087958129404314994,-0.039062463620211103,-0.028761087387055701,-0.013168174481331493,-0.059197042017259296,LEAVE_ONE_OUT_PRIMARY_UNIVERSE_COHORT_MEDIAN_SAME_ASOF
1121,WSSEC:WS:XSHG:600989,WS:XSHG:600989,XSHG,600989,CN_CSI300,2026-09-24,294,293,-0.069583336512247601,0.087146978013304205,-0.039062463620211103,-0.0291579745444722,-0.030520872892036498,0.1163049525577764,LEAVE_ONE_OUT_PRIMARY_UNIVERSE_COHORT_MEDIAN_SAME_ASOF
1122,WSSEC:WS:XSHG:600999,WS:XSHG:600999,XSHG,600999,CN_CSI300,2026-09-24,294,293,-0.064879308805477001,-0.19631336770076599,-0.039062463620211103,-0.028761087387055701,-0.025816845185265898,-0.16755228031371028,LEAVE_ONE_OUT_PRIMARY_UNIVERSE_COHORT_MEDIAN_SAME_ASOF
1123,WSSEC:WS:XSHG:601006,WS:XSHG:601006,XSHG,601006,CN_CSI300,2026-09-24,294,293,-0.021008482491862698,0.0086580006155534007,-0.0390843533725991,-0.0291579745444722,0.018075870880736401,0.037815975160025599,LEAVE_ONE_OUT_PRIMARY_UNIVERSE_COHORT_MEDIAN_SAME_ASOF
1124,WSSEC:WS:XSHG:601009,WS:XSHG:601009,XSHG,601009,CN_CSI300,2026-09-24,294,293,0.028399305245791501,0.15570596063040629,-0.0390843533725991,-0.0291579745444722,0.067483658618390605,0.18486393517487848,LEAVE_ONE_OUT_PRIMARY_UNIVERSE_COHORT_MEDIAN_SAME_ASOF
1125,WSSEC:WS:XSHG:601012,WS:XSHG:601012,XSHG,601012,CN_CSI300,2026-09-24,294,293,-0.091357999302679599,-0.13615021967716701,-0.039062463620211103,-0.028761087387055701,-0.052295535682468496,-0.10738913229011131,LEAVE_ONE_OUT_PRIMARY_UNIVERSE_COHORT_MEDIAN_SAME_ASOF
1126,WSSEC:WS:XSHG:601018,WS:XSHG:601018,XSHG,601018,CN_CSI300,2026-09-24,294,293,-0.0116278956940911,0.049382742394980798,-0.0390843533725991,-0.0291579745444722,0.027456457678508,0.078540716939452998,LEAVE_ONE_OUT_PRIMARY_UNIVERSE_COHORT_MEDIAN_SAME_ASOF
1127,WSSEC:WS:XSHG:601021,WS:XSHG:601021,XSHG,601021,CN_CSI300,2026-09-24,294,293,-0.094112367501277994,-0.1479581337590917,-0.039062463620211103,-0.028761087387055701,-0.05504990388106689,-0.119197046372036,LEAVE_ONE_OUT_PRIMARY_UNIVERSE_COHORT_MEDIAN_SAME_ASOF
1128,WSSEC:WS:XSHG:601058,WS:XSHG:601058,XSHG,601058,CN_CSI300,2026-09-24,294,293,-0.0307361943199729,0.16195375586689481,-0.0390843533725991,-0.0291579745444722,0.0083481590526261994,0.191111730411367,LEAVE_ONE_OUT_PRIMARY_UNIVERSE_COHORT_MEDIAN_SAME_ASOF
1129,WSSEC:WS:XSHG:601066,WS:XSHG:601066,XSHG,601066,CN_CSI300,2026-09-24,294,293,-0.092319666591324595,-0.17518509248085809,-0.039062463620211103,-0.028761087387055701,-0.053257202971113492,-0.14642400509380238,LEAVE_ONE_OUT_PRIMARY_UNIVERSE_COHORT_MEDIAN_SAME_ASOF
1130,WSSEC:WS:XSHG:601077,WS:XSHG:601077,XSHG,601077,CN_CSI300,2026-09-24,294,293,-0.032070009146792998,0.060702815289135299,-0.0390843533725991,-0.0291579745444722,0.0070143442258061017,0.089860789833607499,LEAVE_ONE_OUT_PRIMARY_UNIVERSE_COHORT_MEDIAN_SAME_ASOF
1131,WSSEC:WS:XSHG:601088,WS:XSHG:601088,XSHG,601088,CN_CSI300,2026-09-24,294,293,0.0048117059813256998,0.17807206867839781,-0.0390843533725991,-0.0291579745444722,0.0438960593539248,0.20723004322287,LEAVE_ONE_OUT_PRIMARY_UNIVERSE_COHORT_MEDIAN_SAME_ASOF
1132,WSSEC:WS:XSHG:601100,WS:XSHG:601100,XSHG,601100,CN_CSI300,2026-09-24,294,293,-0.10388346551691439,-0.1654610820509661,-0.039062463620211103,-0.028761087387055701,-0.064821001896703284,-0.13669999466391039,LEAVE_ONE_OUT_PRIMARY_UNIVERSE_COHORT_MEDIAN_SAME_ASOF
1133,WSSEC:WS:XSHG:601111,WS:XSHG:601111,XSHG,601111,CN_CSI300,2026-09-24,294,293,-0.011904790867173699,-0.055284576799275197,-0.0390843533725991,-0.028761087387055701,0.0271795625054254,-0.026523489412219495,LEAVE_ONE_OUT_PRIMARY_UNIVERSE_COHORT_MEDIAN_SAME_ASOF
1134,WSSEC:WS:XSHG:601117,WS:XSHG:601117,XSHG,601117,CN_CSI300,2026-09-24,294,293,-0.051248401639994001,-0.036048062640488598,-0.039062463620211103,-0.028761087387055701,-0.012185938019782898,-0.0072869752534328973,LEAVE_ONE_OUT_PRIMARY_UNIVERSE_COHORT_MEDIAN_SAME_ASOF
1135,WSSEC:WS:XSHG:601127,WS:XSHG:601127,XSHG,601127,CN_CSI300,2026-09-24,294,293,-0.082937422580032505,-0.23269292793172711,-0.039062463620211103,-0.028761087387055701,-0.043874958959821402,-0.20393184054467139,LEAVE_ONE_OUT_PRIMARY_UNIVERSE_COHORT_MEDIAN_SAME_ASOF
1136,WSSEC:WS:XSHG:601136,WS:XSHG:601136,XSHG,601136,CN_CSI300,2026-09-24,294,293,-0.0083858026355398008,-0.024742309665452902,-0.0390843533725991,-0.0291579745444722,0.030698550737059301,0.004415664879019298,LEAVE_ONE_OUT_PRIMARY_UNIVERSE_COHORT_MEDIAN_SAME_ASOF
1137,WSSEC:WS:XSHG:601138,WS:XSHG:601138,XSHG,601138,CN_CSI300,2026-09-24,294,293,-0.044785477341319602,-0.047172708550797401,-0.039062463620211103,-0.028761087387055701,-0.0057230137211084983,-0.0184116211637417,LEAVE_ONE_OUT_PRIMARY_UNIVERSE_COHORT_MEDIAN_SAME_ASOF
1138,WSSEC:WS:XSHG:601166,WS:XSHG:601166,XSHG,601166,CN_CSI300,2026-09-24,294,293,-0.0072182713194394003,0.048065634261080702,-0.0390843533725991,-0.0291579745444722,0.031866082053159703,0.077223608805552901,LEAVE_ONE_OUT_PRIMARY_UNIVERSE_COHORT_MEDIAN_SAME_ASOF
1139,WSSEC:WS:XSHG:601169,WS:XSHG:601169,XSHG,601169,CN_CSI300,2026-09-24,294,293,0.078585384388820206,0.093625456569205998,-0.0390843533725991,-0.0291579745444722,0.11766973776141931,0.1227834311136782,LEAVE_ONE_OUT_PRIMARY_UNIVERSE_COHORT_MEDIAN_SAME_ASOF
1140,WSSEC:WS:XSHG:601186,WS:XSHG:601186,XSHG,601186,CN_CSI300,2026-09-24,294,293,-0.0148270428406359,-0.016447352942006801,-0.0390843533725991,-0.0291579745444722,0.0242573105319632,0.012710621602465399,LEAVE_ONE_OUT_PRIMARY_UNIVERSE_COHORT_MEDIAN_SAME_ASOF
1141,WSSEC:WS:XSHG:601211,WS:XSHG:601211,XSHG,601211,CN_CSI300,2026-09-24,294,293,-0.0390843533725991,-0.1022431394898673,-0.039062463620211103,-0.028761087387055701,-2.1889752387996286e-05,-0.073482052102811599,LEAVE_ONE_OUT_PRIMARY_UNIVERSE_COHORT_MEDIAN_SAME_ASOF
1142,WSSEC:WS:XSHG:601225,WS:XSHG:601225,XSHG,601225,CN_CSI300,2026-09-24,294,293,-0.043333336159035001,0.2013953452886536,-0.039062463620211103,-0.0291579745444722,-0.0042708725388238972,0.2305533198331258,LEAVE_ONE_OUT_PRIMARY_UNIVERSE_COHORT_MEDIAN_SAME_ASOF
1143,WSSEC:WS:XSHG:601229,WS:XSHG:601229,XSHG,601229,CN_CSI300,2026-09-24,294,293,-0.0041884775972920001,0.073363498576969305,-0.0390843533725991,-0.0291579745444722,0.034895875775307103,0.1025214731214415,LEAVE_ONE_OUT_PRIMARY_UNIVERSE_COHORT_MEDIAN_SAME_ASOF
1144,WSSEC:WS:XSHG:601238,WS:XSHG:601238,XSHG,601238,CN_CSI300,2026-09-24,294,293,-0.0154738728289152,-0.0116504741103815,-0.0390843533725991,-0.0291579745444722,0.0236104805436839,0.0175075004340907,LEAVE_ONE_OUT_PRIMARY_UNIVERSE_COHORT_MEDIAN_SAME_ASOF
1145,WSSEC:WS:XSHG:601288,WS:XSHG:601288,XSHG,601288,CN_CSI300,2026-09-24,294,293,0.011782021230560101,0.14882940863660529,-0.0390843533725991,-0.0291579745444722,0.050866374603159202,0.17798738318107749,LEAVE_ONE_OUT_PRIMARY_UNIVERSE_COHORT_MEDIAN_SAME_ASOF
1146,WSSEC:WS:XSHG:601318,WS:XSHG:601318,XSHG,601318,CN_CSI300,2026-09-24,294,293,-0.046894558474558,0.088511896834112896,-0.039062463620211103,-0.0291579745444722,-0.0078320948543468966,0.11766987137858509,LEAVE_ONE_OUT_PRIMARY_UNIVERSE_COHORT_MEDIAN_SAME_ASOF
1147,WSSEC:WS:XSHG:601319,WS:XSHG:601319,XSHG,601319,CN_CSI300,2026-09-24,294,293,0.1239554161231133,0.1177285220682819,-0.0390843533725991,-0.0291579745444722,0.16303976949571239,0.1468864966127541,LEAVE_ONE_OUT_PRIMARY_UNIVERSE_COHORT_MEDIAN_SAME_ASOF
1148,WSSEC:WS:XSHG:601328,WS:XSHG:601328,XSHG,601328,CN_CSI300,2026-09-24,294,293,0.069306896636611895,0.16129027296179591,-0.0390843533725991,-0.0291579745444722,0.10839125000921099,0.1904482475062681,LEAVE_ONE_OUT_PRIMARY_UNIVERSE_COHORT_MEDIAN_SAME_ASOF
1149,WSSEC:WS:XSHG:601336,WS:XSHG:601336,XSHG,601336,CN_CSI300,2026-09-24,294,293,-0.049678136886498102,-0.092942623719713194,-0.039062463620211103,-0.028761087387055701,-0.010615673266286998,-0.064181536332657496,LEAVE_ONE_OUT_PRIMARY_UNIVERSE_COHORT_MEDIAN_SAME_ASOF
1150,WSSEC:WS:XSHG:601360,WS:XSHG:601360,XSHG,601360,CN_CSI300,2026-09-24,294,293,0.026376093485453101,0.028735632813895001,-0.0390843533725991,-0.0291579745444722,0.065460446858052204,0.057893607358367197,LEAVE_ONE_OUT_PRIMARY_UNIVERSE_COHORT_MEDIAN_SAME_ASOF
1151,WSSEC:WS:XSHG:601377,WS:XSHG:601377,XSHG,601377,CN_CSI300,2026-09-24,294,293,-0.013445365759756999,-0.042414392174207803,-0.0390843533725991,-0.028761087387055701,0.025638987612842098,-0.013653304787152102,LEAVE_ONE_OUT_PRIMARY_UNIVERSE_COHORT_MEDIAN_SAME_ASOF
1152,WSSEC:WS:XSHG:601390,WS:XSHG:601390,XSHG,601390,CN_CSI300,2026-09-24,294,293,-0.036281145793236401,-0.0023474714423807001,-0.0390843533725991,-0.0291579745444722,0.0028032075793626987,0.026810503102091501,LEAVE_ONE_OUT_PRIMARY_UNIVERSE_COHORT_MEDIAN_SAME_ASOF
1153,WSSEC:WS:XSHG:601398,WS:XSHG:601398,XSHG,601398,CN_CSI300,2026-09-24,294,293,0.039641935546617699,0.15319147439533329,-0.0390843533725991,-0.0291579745444722,0.078726288919216791,0.18234944893980548,LEAVE_ONE_OUT_PRIMARY_UNIVERSE_COHORT_MEDIAN_SAME_ASOF
1154,WSSEC:WS:XSHG:601456,WS:XSHG:601456,XSHG,601456,CN_CSI300,2026-09-24,294,293,-0.044792895692596001,-0.051167969950877801,-0.039062463620211103,-0.028761087387055701,-0.0057304320723848973,-0.0224068825638221,LEAVE_ONE_OUT_PRIMARY_UNIVERSE_COHORT_MEDIAN_SAME_ASOF
1155,WSSEC:WS:XSHG:601600,WS:XSHG:601600,XSHG,601600,CN_CSI300,2026-09-24,294,293,-0.079792697878534102,0.086903308631184298,-0.039062463620211103,-0.0291579745444722,-0.040730234258322999,0.1160612831756565,LEAVE_ONE_OUT_PRIMARY_UNIVERSE_COHORT_MEDIAN_SAME_ASOF
1156,WSSEC:WS:XSHG:601601,WS:XSHG:601601,XSHG,601601,CN_CSI300,2026-09-24,294,293,-0.035000026226043701,0.042186973857736003,-0.0390843533725991,-0.0291579745444722,0.0040843271465553985,0.071344948402208203,LEAVE_ONE_OUT_PRIMARY_UNIVERSE_COHORT_MEDIAN_SAME_ASOF
1157,WSSEC:WS:XSHG:601607,WS:XSHG:601607,XSHG,601607,CN_CSI300,2026-09-24,294,293,-0.0153657033169107,0.0062814309667392999,-0.0390843533725991,-0.0291579745444722,0.023718650055688399,0.035439405511211497,LEAVE_ONE_OUT_PRIMARY_UNIVERSE_COHORT_MEDIAN_SAME_ASOF
1158,WSSEC:WS:XSHG:601618,WS:XSHG:601618,XSHG,601618,CN_CSI300,2026-09-24,294,293,-0.049618275458282297,0,-0.039062463620211103,-0.0291579745444722,-0.010555811838071194,0.0291579745444722,LEAVE_ONE_OUT_PRIMARY_UNIVERSE_COHORT_MEDIAN_SAME_ASOF
1159,WSSEC:WS:XSHG:601628,WS:XSHG:601628,XSHG,601628,CN_CSI300,2026-09-24,294,293,-0.030562037982962701,-0.0280446134362341,-0.0390843533725991,-0.0291579745444722,0.0085223153896363986,0.0011133611082380993,LEAVE_ONE_OUT_PRIMARY_UNIVERSE_COHORT_MEDIAN_SAME_ASOF
1160,WSSEC:WS:XSHG:601633,WS:XSHG:601633,XSHG,601633,CN_CSI300,2026-09-24,294,293,-0.090255076382202398,-0.072666676839192701,-0.039062463620211103,-0.028761087387055701,-0.051192612761991295,-0.043905589452137003,LEAVE_ONE_OUT_PRIMARY_UNIVERSE_COHORT_MEDIAN_SAME_ASOF
1161,WSSEC:WS:XSHG:601658,WS:XSHG:601658,XSHG,601658,CN_CSI300,2026-09-24,294,293,0.065999984741210896,0.0745967505470648,-0.0390843533725991,-0.0291579745444722,0.10508433811380999,0.10375472509153699,LEAVE_ONE_OUT_PRIMARY_UNIVERSE_COHORT_MEDIAN_SAME_ASOF
1162,WSSEC:WS:XSHG:601668,WS:XSHG:601668,XSHG,601668,CN_CSI300,2026-09-24,294,293,-0.038374628903888999,-0.040540501355602901,-0.0390843533725991,-0.028761087387055701,0.00070972446871010036,-0.0117794139685472,LEAVE_ONE_OUT_PRIMARY_UNIVERSE_COHORT_MEDIAN_SAME_ASOF
1163,WSSEC:WS:XSHG:601669,WS:XSHG:601669,XSHG,601669,CN_CSI300,2026-09-24,294,293,-0.021551704204748098,-0.042194054625018899,-0.0390843533725991,-0.028761087387055701,0.017532649167851001,-0.013432967237963198,LEAVE_ONE_OUT_PRIMARY_UNIVERSE_COHORT_MEDIAN_SAME_ASOF
1164,WSSEC:WS:XSHG:601688,WS:XSHG:601688,XSHG,601688,CN_CSI300,2026-09-24,294,293,-0.059067328223483498,-0.13647174253569611,-0.039062463620211103,-0.028761087387055701,-0.020004864603272395,-0.10771065514864041,LEAVE_ONE_OUT_PRIMARY_UNIVERSE_COHORT_MEDIAN_SAME_ASOF
1165,WSSEC:WS:XSHG:601689,WS:XSHG:601689,XSHG,601689,CN_CSI300,2026-09-24,294,293,-0.020872900529135301,-0.1816740330095333,-0.0390843533725991,-0.028761087387055701,0.018211452843463798,-0.15291294562247759,LEAVE_ONE_OUT_PRIMARY_UNIVERSE_COHORT_MEDIAN_SAME_ASOF
1166,WSSEC:WS:XSHG:601698,WS:XSHG:601698,XSHG,601698,CN_CSI300,2026-09-24,294,293,-0.031648189896351701,-0.20646685610811841,-0.0390843533725991,-0.028761087387055701,0.0074361634762473983,-0.1777057687210627,LEAVE_ONE_OUT_PRIMARY_UNIVERSE_COHORT_MEDIAN_SAME_ASOF
1167,WSSEC:WS:XSHG:601727,WS:XSHG:601727,XSHG,601727,CN_CSI300,2026-09-24,294,293,-0.012048181523292199,-0.046511652084090201,-0.0390843533725991,-0.028761087387055701,0.0270361718493069,-0.017750564697034499,LEAVE_ONE_OUT_PRIMARY_UNIVERSE_COHORT_MEDIAN_SAME_ASOF
1168,WSSEC:WS:XSHG:601728,WS:XSHG:601728,XSHG,601728,CN_CSI300,2026-09-24,294,293,-0.029921269302987899,0.1365313211626662,-0.0390843533725991,-0.0291579745444722,0.0091630840696112006,0.16568929570713839,LEAVE_ONE_OUT_PRIMARY_UNIVERSE_COHORT_MEDIAN_SAME_ASOF
1169,WSSEC:WS:XSHG:601766,WS:XSHG:601766,XSHG,601766,CN_CSI300,2026-09-24,294,293,-0.038647382686157999,0.1200750235734695,-0.0390843533725991,-0.0291579745444722,0.00043697068644110021,0.14923299811794169,LEAVE_ONE_OUT_PRIMARY_UNIVERSE_COHORT_MEDIAN_SAME_ASOF
1170,WSSEC:WS:XSHG:601788,WS:XSHG:601788,XSHG,601788,CN_CSI300,2026-09-24,294,293,-0.064538029349974393,-0.061349666929084098,-0.039062463620211103,-0.028761087387055701,-0.02547556572976329,-0.032588579542028401,LEAVE_ONE_OUT_PRIMARY_UNIVERSE_COHORT_MEDIAN_SAME_ASOF
1171,WSSEC:WS:XSHG:601800,WS:XSHG:601800,XSHG,601800,CN_CSI300,2026-09-24,294,293,-0.025210020729193799,-0.0119249908328663,-0.0390843533725991,-0.0291579745444722,0.013874332643405301,0.0172329837116059,LEAVE_ONE_OUT_PRIMARY_UNIVERSE_COHORT_MEDIAN_SAME_ASOF
1172,WSSEC:WS:XSHG:601816,WS:XSHG:601816,XSHG,601816,CN_CSI300,2026-09-24,294,293,-0.032989659908917203,0.024017496800609901,-0.0390843533725991,-0.0291579745444722,0.0060946934636818967,0.053175471345082104,LEAVE_ONE_OUT_PRIMARY_UNIVERSE_COHORT_MEDIAN_SAME_ASOF
1173,WSSEC:WS:XSHG:601818,WS:XSHG:601818,XSHG,601818,CN_CSI300,2026-09-24,294,293,-0.013157882353605399,0.010101000370632499,-0.0390843533725991,-0.0291579745444722,0.025926471018993702,0.039258974915104702,LEAVE_ONE_OUT_PRIMARY_UNIVERSE_COHORT_MEDIAN_SAME_ASOF
1174,WSSEC:WS:XSHG:601825,WS:XSHG:601825,XSHG,601825,CN_CSI300,2026-09-24,294,293,-0.037610636506927302,0.1492733965626529,-0.0390843533725991,-0.0291579745444722,0.001473716865671798,0.17843137110712509,LEAVE_ONE_OUT_PRIMARY_UNIVERSE_COHORT_MEDIAN_SAME_ASOF
1175,WSSEC:WS:XSHG:601838,WS:XSHG:601838,XSHG,601838,CN_CSI300,2026-09-24,294,293,0.014925409553803301,0.0359086934111272,-0.0390843533725991,-0.0291579745444722,0.054009762926402402,0.0650666679555994,LEAVE_ONE_OUT_PRIMARY_UNIVERSE_COHORT_MEDIAN_SAME_ASOF
1176,WSSEC:WS:XSHG:601857,WS:XSHG:601857,XSHG,601857,CN_CSI300,2026-09-24,294,293,-0.011732862394951599,0.24149661997050301,-0.0390843533725991,-0.0291579745444722,0.0273514909776475,0.2706545945149752,LEAVE_ONE_OUT_PRIMARY_UNIVERSE_COHORT_MEDIAN_SAME_ASOF
1177,WSSEC:WS:XSHG:601868,WS:XSHG:601868,XSHG,601868,CN_CSI300,2026-09-24,294,293,-0.043824659567238897,-0.0977443541630795,-0.039062463620211103,-0.028761087387055701,-0.0047621959470277933,-0.068983266776023802,LEAVE_ONE_OUT_PRIMARY_UNIVERSE_COHORT_MEDIAN_SAME_ASOF
1178,WSSEC:WS:XSHG:601872,WS:XSHG:601872,XSHG,601872,CN_CSI300,2026-09-24,294,293,0.1240601161024161,0.26618266399014778,-0.0390843533725991,-0.0291579745444722,0.16314446947501521,0.29534063853462,LEAVE_ONE_OUT_PRIMARY_UNIVERSE_COHORT_MEDIAN_SAME_ASOF
1179,WSSEC:WS:XSHG:601877,WS:XSHG:601877,XSHG,601877,CN_CSI300,2026-09-24,294,293,-0.032634038852262202,0.0072815659456162002,-0.0390843533725991,-0.0291579745444722,0.0064503145203368972,0.0364395404900884,LEAVE_ONE_OUT_PRIMARY_UNIVERSE_COHORT_MEDIAN_SAME_ASOF
1180,WSSEC:WS:XSHG:601878,WS:XSHG:601878,XSHG,601878,CN_CSI300,2026-09-24,294,293,-0.038379493847021398,-0.068181800269077997,-0.0390843533725991,-0.028761087387055701,0.00070485952557770154,-0.039420712882022299,LEAVE_ONE_OUT_PRIMARY_UNIVERSE_COHORT_MEDIAN_SAME_ASOF
1181,WSSEC:WS:XSHG:601881,WS:XSHG:601881,XSHG,601881,CN_CSI300,2026-09-24,294,293,-0.036555706547527898,-0.084169897192434201,-0.0390843533725991,-0.028761087387055701,0.0025286468250712013,-0.055408809805378503,LEAVE_ONE_OUT_PRIMARY_UNIVERSE_COHORT_MEDIAN_SAME_ASOF
1182,WSSEC:WS:XSHG:601888,WS:XSHG:601888,XSHG,601888,CN_CSI300,2026-09-24,294,293,-0.031796846526587201,-0.041534728986321399,-0.0390843533725991,-0.028761087387055701,0.0072875068460118986,-0.012773641599265698,LEAVE_ONE_OUT_PRIMARY_UNIVERSE_COHORT_MEDIAN_SAME_ASOF
1183,WSSEC:WS:XSHG:601898,WS:XSHG:601898,XSHG,601898,CN_CSI300,2026-09-24,294,293,-0.062876226914781799,0.1127879316190525,-0.039062463620211103,-0.0291579745444722,-0.023813763294570696,0.1419459061635247,LEAVE_ONE_OUT_PRIMARY_UNIVERSE_COHORT_MEDIAN_SAME_ASOF
1184,WSSEC:WS:XSHG:601899,WS:XSHG:601899,XSHG,601899,CN_CSI300,2026-09-24,294,293,-0.1319062628347405,0.14106468058726609,-0.039062463620211103,-0.0291579745444722,-0.092843799214529399,0.17022265513173829,LEAVE_ONE_OUT_PRIMARY_UNIVERSE_COHORT_MEDIAN_SAME_ASOF
1185,WSSEC:WS:XSHG:601901,WS:XSHG:601901,XSHG,601901,CN_CSI300,2026-09-24,294,293,-0.024602037633562699,-0.0817439194818248,-0.0390843533725991,-0.028761087387055701,0.014482315739036401,-0.052982832094769103,LEAVE_ONE_OUT_PRIMARY_UNIVERSE_COHORT_MEDIAN_SAME_ASOF
1186,WSSEC:WS:XSHG:601916,WS:XSHG:601916,XSHG,601916,CN_CSI300,2026-09-24,294,293,-0.017301103432493099,0.047970433281332797,-0.0390843533725991,-0.0291579745444722,0.021783249940106001,0.07712840782580499,LEAVE_ONE_OUT_PRIMARY_UNIVERSE_COHORT_MEDIAN_SAME_ASOF
1187,WSSEC:WS:XSHG:601919,WS:XSHG:601919,XSHG,601919,CN_CSI300,2026-09-24,294,293,-0.047340814985182597,0.2357846668397596,-0.039062463620211103,-0.0291579745444722,-0.0082783513649714938,0.26494264138423179,LEAVE_ONE_OUT_PRIMARY_UNIVERSE_COHORT_MEDIAN_SAME_ASOF
1188,WSSEC:WS:XSHG:601939,WS:XSHG:601939,XSHG,601939,CN_CSI300,2026-09-24,294,293,0.038789012227963701,0.14374990686774611,-0.0390843533725991,-0.0291579745444722,0.077873365600562794,0.1729078814122183,LEAVE_ONE_OUT_PRIMARY_UNIVERSE_COHORT_MEDIAN_SAME_ASOF
1189,WSSEC:WS:XSHG:601985,WS:XSHG:601985,XSHG,601985,CN_CSI300,2026-09-24,294,293,0,0.0102155726023778,-0.0390843533725991,-0.0291579745444722,0.0390843533725991,0.039373547146849999,LEAVE_ONE_OUT_PRIMARY_UNIVERSE_COHORT_MEDIAN_SAME_ASOF
1190,WSSEC:WS:XSHG:601988,WS:XSHG:601988,XSHG,601988,CN_CSI300,2026-09-24,294,293,0.078175900571839596,0.18637992402736331,-0.0390843533725991,-0.0291579745444722,0.1172602539444387,0.2155378985718355,LEAVE_ONE_OUT_PRIMARY_UNIVERSE_COHORT_MEDIAN_SAME_ASOF
1191,WSSEC:WS:XSHG:601995,WS:XSHG:601995,XSHG,601995,CN_CSI300,2026-09-24,294,293,-0.110154907784127,-0.14380345432792299,-0.039062463620211103,-0.028761087387055701,-0.071092444163915886,-0.11504236694086729,LEAVE_ONE_OUT_PRIMARY_UNIVERSE_COHORT_MEDIAN_SAME_ASOF
1192,WSSEC:WS:XSHG:601998,WS:XSHG:601998,XSHG,601998,CN_CSI300,2026-09-24,294,293,0.040415749149732103,0.29454025567514991,-0.0390843533725991,-0.0291579745444722,0.079500102522331195,0.32369823021962213,LEAVE_ONE_OUT_PRIMARY_UNIVERSE_COHORT_MEDIAN_SAME_ASOF
1193,WSSEC:WS:XSHG:603019,WS:XSHG:603019,XSHG,603019,CN_CSI300,2026-09-24,294,293,-0.0504969112589638,-0.13102791571003389,-0.039062463620211103,-0.028761087387055701,-0.011434447638752697,-0.10226682832297819,LEAVE_ONE_OUT_PRIMARY_UNIVERSE_COHORT_MEDIAN_SAME_ASOF
1194,WSSEC:WS:XSHG:603259,WS:XSHG:603259,XSHG,603259,CN_CSI300,2026-09-24,294,293,0.0153807141273449,0.33882926472136587,-0.0390843533725991,-0.0291579745444722,0.054465067499944002,0.3679872392658381,LEAVE_ONE_OUT_PRIMARY_UNIVERSE_COHORT_MEDIAN_SAME_ASOF
1195,WSSEC:WS:XSHG:603260,WS:XSHG:603260,XSHG,603260,CN_CSI300,2026-09-24,294,293,-0.082925401633366994,-0.34960180544156377,-0.039062463620211103,-0.028761087387055701,-0.04386293801315589,-0.32084071805450809,LEAVE_ONE_OUT_PRIMARY_UNIVERSE_COHORT_MEDIAN_SAME_ASOF
1196,WSSEC:WS:XSHG:603288,WS:XSHG:603288,XSHG,603288,CN_CSI300,2026-09-24,294,293,-0.0049852837698606996,0.0110249975191965,-0.0390843533725991,-0.0291579745444722,0.034099069602738397,0.0401829720636687,LEAVE_ONE_OUT_PRIMARY_UNIVERSE_COHORT_MEDIAN_SAME_ASOF
1197,WSSEC:WS:XSHG:603296,WS:XSHG:603296,XSHG,603296,CN_CSI300,2026-09-24,294,293,0.0078991306339202001,0.152031494390334,-0.0390843533725991,-0.0291579745444722,0.046983484006519298,0.1811894689348062,LEAVE_ONE_OUT_PRIMARY_UNIVERSE_COHORT_MEDIAN_SAME_ASOF
1198,WSSEC:WS:XSHG:603369,WS:XSHG:603369,XSHG,603369,CN_CSI300,2026-09-24,294,293,-0.055438593814247497,0.11239666229763,-0.039062463620211103,-0.0291579745444722,-0.016376130194036394,0.1415546368421022,LEAVE_ONE_OUT_PRIMARY_UNIVERSE_COHORT_MEDIAN_SAME_ASOF
1199,WSSEC:WS:XSHG:603392,WS:XSHG:603392,XSHG,603392,CN_CSI300,2026-09-24,294,293,-0.1582642299831552,-0.062544430243636304,-0.039062463620211103,-0.028761087387055701,-0.11920176636294411,-0.033783342856580606,LEAVE_ONE_OUT_PRIMARY_UNIVERSE_COHORT_MEDIAN_SAME_ASOF
1200,WSSEC:WS:XSHG:603501,WS:XSHG:603501,XSHG,603501,CN_CSI300,2026-09-24,294,293,-0.0371421735940827,-0.19620811470173899,-0.0390843533725991,-0.028761087387055701,0.0019421797785163994,-0.16744702731468328,LEAVE_ONE_OUT_PRIMARY_UNIVERSE_COHORT_MEDIAN_SAME_ASOF
1201,WSSEC:WS:XSHG:603799,WS:XSHG:603799,XSHG,603799,CN_CSI300,2026-09-24,294,293,-0.11846695122143409,-0.24718387368122341,-0.039062463620211103,-0.028761087387055701,-0.079404487601222984,-0.2184227862941677,LEAVE_ONE_OUT_PRIMARY_UNIVERSE_COHORT_MEDIAN_SAME_ASOF
1202,WSSEC:WS:XSHG:603893,WS:XSHG:603893,XSHG,603893,CN_CSI300,2026-09-24,294,293,0.20768550642218489,0.23512825211803329,-0.0390843533725991,-0.0291579745444722,0.246769859794784,0.26428622666250551,LEAVE_ONE_OUT_PRIMARY_UNIVERSE_COHORT_MEDIAN_SAME_ASOF
1203,WSSEC:WS:XSHG:603986,WS:XSHG:603986,XSHG,603986,CN_CSI300,2026-09-24,294,293,-0.066707252867368297,-0.44766196462032293,-0.039062463620211103,-0.028761087387055701,-0.027644789247157193,-0.41890087723326724,LEAVE_ONE_OUT_PRIMARY_UNIVERSE_COHORT_MEDIAN_SAME_ASOF
1204,WSSEC:WS:XSHG:603993,WS:XSHG:603993,XSHG,603993,CN_CSI300,2026-09-24,294,293,-0.12455152622594561,-0.0661564205168549,-0.039062463620211103,-0.028761087387055701,-0.085489062605734495,-0.037395333129799202,LEAVE_ONE_OUT_PRIMARY_UNIVERSE_COHORT_MEDIAN_SAME_ASOF
1205,WSSEC:WS:XSHG:605117,WS:XSHG:605117,XSHG,605117,CN_CSI300,2026-09-24,294,293,-0.20985738597610371,-0.1921614381754706,-0.039062463620211103,-0.028761087387055701,-0.17079492235589261,-0.16340035078841489,LEAVE_ONE_OUT_PRIMARY_UNIVERSE_COHORT_MEDIAN_SAME_ASOF
1206,WSSEC:WS:XSHG:605499,WS:XSHG:605499,XSHG,605499,CN_CSI300,2026-09-24,294,293,-0.079332078752744103,-0.10678594297605649,-0.039062463620211103,-0.028761087387055701,-0.040269615132533,-0.078024855589000797,LEAVE_ONE_OUT_PRIMARY_UNIVERSE_COHORT_MEDIAN_SAME_ASOF
1207,WSSEC:WS:XSHG:688008,WS:XSHG:688008,XSHG,688008,CN_CSI300,2026-09-24,294,293,-0.030377005621651701,-0.2030466102016813,-0.0390843533725991,-0.028761087387055701,0.0087073477509473987,-0.17428552281462559,LEAVE_ONE_OUT_PRIMARY_UNIVERSE_COHORT_MEDIAN_SAME_ASOF
1208,WSSEC:WS:XSHG:688012,WS:XSHG:688012,XSHG,688012,CN_CSI300,2026-09-24,294,293,-0.097630438071418302,-0.1702127834248276,-0.039062463620211103,-0.028761087387055701,-0.058567974451207198,-0.14145169603777188,LEAVE_ONE_OUT_PRIMARY_UNIVERSE_COHORT_MEDIAN_SAME_ASOF
1209,WSSEC:WS:XSHG:688036,WS:XSHG:688036,XSHG,688036,CN_CSI300,2026-09-24,294,293,-0.048674889928505299,-0.030538452080063699,-0.039062463620211103,-0.028761087387055701,-0.009612426308294196,-0.0017773646930079982,LEAVE_ONE_OUT_PRIMARY_UNIVERSE_COHORT_MEDIAN_SAME_ASOF
1210,WSSEC:WS:XSHG:688041,WS:XSHG:688041,XSHG,688041,CN_CSI300,2026-09-24,294,293,0.0094727073199630998,-0.22957585879628989,-0.0390843533725991,-0.028761087387055701,0.048557060692562201,-0.20081477140923418,LEAVE_ONE_OUT_PRIMARY_UNIVERSE_COHORT_MEDIAN_SAME_ASOF
1211,WSSEC:WS:XSHG:688047,WS:XSHG:688047,XSHG,688047,CN_CSI300,2026-09-24,294,293,-0.026680326807885301,-0.27538242807253788,-0.0390843533725991,-0.028761087387055701,0.012404026564713799,-0.24662134068548217,LEAVE_ONE_OUT_PRIMARY_UNIVERSE_COHORT_MEDIAN_SAME_ASOF
1212,WSSEC:WS:XSHG:688072,WS:XSHG:688072,XSHG,688072,CN_CSI300,2026-09-24,294,293,0.0113997466292388,-0.15757208604079029,-0.0390843533725991,-0.028761087387055701,0.050484100001837902,-0.12881099865373458,LEAVE_ONE_OUT_PRIMARY_UNIVERSE_COHORT_MEDIAN_SAME_ASOF
1213,WSSEC:WS:XSHG:688082,WS:XSHG:688082,XSHG,688082,CN_CSI300,2026-09-24,294,293,-0.0094460256076874995,-0.1780811206714526,-0.0390843533725991,-0.028761087387055701,0.029638327764911598,-0.14932003328439689,LEAVE_ONE_OUT_PRIMARY_UNIVERSE_COHORT_MEDIAN_SAME_ASOF
1214,WSSEC:WS:XSHG:688111,WS:XSHG:688111,XSHG,688111,CN_CSI300,2026-09-24,294,293,-0.067962397609118999,0.024785355055944001,-0.039062463620211103,-0.0291579745444722,-0.028899933988907896,0.053943329600416201,LEAVE_ONE_OUT_PRIMARY_UNIVERSE_COHORT_MEDIAN_SAME_ASOF
1215,WSSEC:WS:XSHG:688126,WS:XSHG:688126,XSHG,688126,CN_CSI300,2026-09-24,294,293,-0.0166534531216877,-0.33778374547851431,-0.0390843533725991,-0.028761087387055701,0.022430900250911399,-0.30902265809145862,LEAVE_ONE_OUT_PRIMARY_UNIVERSE_COHORT_MEDIAN_SAME_ASOF
1216,WSSEC:WS:XSHG:688183,WS:XSHG:688183,XSHG,688183,CN_CSI300,2026-09-24,294,293,-0.062535955770202101,-0.0105811031085183,-0.039062463620211103,-0.0291579745444722,-0.023473492149990997,0.0185768714359539,LEAVE_ONE_OUT_PRIMARY_UNIVERSE_COHORT_MEDIAN_SAME_ASOF
1217,WSSEC:WS:XSHG:688223,WS:XSHG:688223,XSHG,688223,CN_CSI300,2026-09-24,294,293,-0.098557659242984305,-0.19871791932709709,-0.039062463620211103,-0.028761087387055701,-0.059495195622773202,-0.16995683194004138,LEAVE_ONE_OUT_PRIMARY_UNIVERSE_COHORT_MEDIAN_SAME_ASOF
1218,WSSEC:WS:XSHG:688256,WS:XSHG:688256,XSHG,688256,CN_CSI300,2026-09-24,294,293,0.041488530981631702,-0.20446065563502189,-0.0390843533725991,-0.028761087387055701,0.080572884354230795,-0.17569956824796618,LEAVE_ONE_OUT_PRIMARY_UNIVERSE_COHORT_MEDIAN_SAME_ASOF
1219,WSSEC:WS:XSHG:688271,WS:XSHG:688271,XSHG,688271,CN_CSI300,2026-09-24,294,293,-0.027260592234656,-0.0141508820771577,-0.0390843533725991,-0.0291579745444722,0.0118237611379431,0.015007092467314499,LEAVE_ONE_OUT_PRIMARY_UNIVERSE_COHORT_MEDIAN_SAME_ASOF
1220,WSSEC:WS:XSHG:688303,WS:XSHG:688303,XSHG,688303,CN_CSI300,2026-09-24,294,293,-0.093875183406262705,-0.094911370448004406,-0.039062463620211103,-0.028761087387055701,-0.054812719786051602,-0.066150283060948709,LEAVE_ONE_OUT_PRIMARY_UNIVERSE_COHORT_MEDIAN_SAME_ASOF
1221,WSSEC:WS:XSHG:688396,WS:XSHG:688396,XSHG,688396,CN_CSI300,2026-09-24,294,293,-0.060793679858010798,-0.32284275544960822,-0.039062463620211103,-0.028761087387055701,-0.021731216237799694,-0.29408166806255254,LEAVE_ONE_OUT_PRIMARY_UNIVERSE_COHORT_MEDIAN_SAME_ASOF
1222,WSSEC:WS:XSHG:688472,WS:XSHG:688472,XSHG,688472,CN_CSI300,2026-09-24,294,293,-0.16716717863418171,-0.2113744507672197,-0.039062463620211103,-0.028761087387055701,-0.12810471501397061,-0.18261336338016398,LEAVE_ONE_OUT_PRIMARY_UNIVERSE_COHORT_MEDIAN_SAME_ASOF
1223,WSSEC:WS:XSHG:688506,WS:XSHG:688506,XSHG,688506,CN_CSI300,2026-09-24,294,293,-0.12018819940560339,-0.28673620550891848,-0.039062463620211103,-0.028761087387055701,-0.081125735785392283,-0.2579751181218628,LEAVE_ONE_OUT_PRIMARY_UNIVERSE_COHORT_MEDIAN_SAME_ASOF
1224,WSSEC:WS:XSHG:688521,WS:XSHG:688521,XSHG,688521,CN_CSI300,2026-09-24,294,293,0.0709860620373374,-0.32972537334978291,-0.0390843533725991,-0.028761087387055701,0.11007041540993651,-0.30096428596272723,LEAVE_ONE_OUT_PRIMARY_UNIVERSE_COHORT_MEDIAN_SAME_ASOF
1225,WSSEC:WS:XSHG:688981,WS:XSHG:688981,XSHG,688981,CN_CSI300,2026-09-24,294,293,-0.0502651656936818,-0.1673837732474153,-0.039062463620211103,-0.028761087387055701,-0.011202702073470697,-0.13862268586035958,LEAVE_ONE_OUT_PRIMARY_UNIVERSE_COHORT_MEDIAN_SAME_ASOF
1226,WSSEC:WS:XTAI:3711,WS:XTAI:3711,XTAI,3711,TW_TW50,2026-09-24,49,48,0.1553719008264462,-0.038514442916093503,0.062488659045545202,0.15554833920950079,0.092883241780900988,-0.1940627821255943,LEAVE_ONE_OUT_PRIMARY_UNIVERSE_COHORT_MEDIAN_SAME_ASOF
1227,WSSEC:WS:XTAI:6669,WS:XTAI:6669,XTAI,6669,TW_TW50,2026-09-24,49,48,1.7611579006075595,2.6187097147092024,0.062488659045545202,0.14227346754449471,1.6986692415620144,2.4764362471647079,LEAVE_ONE_OUT_PRIMARY_UNIVERSE_COHORT_MEDIAN_SAME_ASOF
1228,WSSEC:WS:XTAI:7769,WS:XTAI:7769,XTAI,7769,TW_TW50,2026-09-24,49,48,-0.1063829787234043,-0.19345661450924609,0.0670004435573298,0.15554833920950079,-0.17338342228073411,-0.34900495371874685,LEAVE_ONE_OUT_PRIMARY_UNIVERSE_COHORT_MEDIAN_SAME_ASOF
1229,WSSEC:WS:XTKS:1605,WS:XTKS:1605,XTKS,1605,JP_N225,2026-09-24,197,196,-0.014142453072769399,0.16641314268329771,-0.010192681855268899,0.056702504210927651,-0.0039497712175004997,0.10971063847237006,LEAVE_ONE_OUT_PRIMARY_UNIVERSE_COHORT_MEDIAN_SAME_ASOF
1230,WSSEC:WS:XTKS:1801,WS:XTKS:1801,XTKS,1801,JP_N225,2026-09-24,197,196,-0.0051100628930817998,-0.076614374315943007,-0.010572645773814549,0.05871579400991165,0.0054625828807327494,-0.13533016832585465,LEAVE_ONE_OUT_PRIMARY_UNIVERSE_COHORT_MEDIAN_SAME_ASOF
1231,WSSEC:WS:XTKS:1802,WS:XTKS:1802,XTKS,1802,JP_N225,2026-09-24,197,196,0.021347565043362299,-0.017645171639396801,-0.010572645773814549,0.05871579400991165,0.031920210817176844,-0.076360965649308443,LEAVE_ONE_OUT_PRIMARY_UNIVERSE_COHORT_MEDIAN_SAME_ASOF
1232,WSSEC:WS:XTKS:1803,WS:XTKS:1803,XTKS,1803,JP_N225,2026-09-24,197,196,-0.0109404586576898,-0.055455093429776899,-0.010192681855268899,0.05871579400991165,-0.0007477768024209009,-0.11417088743968855,LEAVE_ONE_OUT_PRIMARY_UNIVERSE_COHORT_MEDIAN_SAME_ASOF
1233,WSSEC:WS:XTKS:1812,WS:XTKS:1812,XTKS,1812,JP_N225,2026-09-24,197,196,0.031256468640033098,-0.1213403880070547,-0.010572645773814549,0.05871579400991165,0.041829114413847651,-0.18005618201696635,LEAVE_ONE_OUT_PRIMARY_UNIVERSE_COHORT_MEDIAN_SAME_ASOF
1234,WSSEC:WS:XTKS:1925,WS:XTKS:1925,XTKS,1925,JP_N225,2026-09-24,197,196,-0.035744680851063797,0.041599632268443897,-0.010192681855268899,0.05871579400991165,-0.025551998995794897,-0.017116161741467753,LEAVE_ONE_OUT_PRIMARY_UNIVERSE_COHORT_MEDIAN_SAME_ASOF
1235,WSSEC:WS:XTKS:1928,WS:XTKS:1928,XTKS,1928,JP_N225,2026-09-24,197,196,-0.037090281771132799,0.021036585365853601,-0.010192681855268899,0.05871579400991165,-0.0268975999158639,-0.037679208644058049,LEAVE_ONE_OUT_PRIMARY_UNIVERSE_COHORT_MEDIAN_SAME_ASOF
1236,WSSEC:WS:XTKS:1963,WS:XTKS:1963,XTKS,1963,JP_N225,2026-09-24,197,196,0.0087719298245613996,-0.094666404251131694,-0.010572645773814549,0.05871579400991165,0.019344575598375949,-0.15338219826104335,LEAVE_ONE_OUT_PRIMARY_UNIVERSE_COHORT_MEDIAN_SAME_ASOF
1237,WSSEC:WS:XTKS:2269,WS:XTKS:2269,XTKS,2269,JP_N225,2026-09-24,197,196,-0.017620137299771101,0.14480000000000001,-0.010192681855268899,0.056702504210927651,-0.0074274554445022019,0.088097495789072361,LEAVE_ONE_OUT_PRIMARY_UNIVERSE_COHORT_MEDIAN_SAME_ASOF
1238,WSSEC:WS:XTKS:2282,WS:XTKS:2282,XTKS,2282,JP_N225,2026-09-24,197,196,-0.055077452667814102,0.010035122930255901,-0.010192681855268899,0.05871579400991165,-0.044884770812545202,-0.048680671079655749,LEAVE_ONE_OUT_PRIMARY_UNIVERSE_COHORT_MEDIAN_SAME_ASOF
1239,WSSEC:WS:XTKS:2413,WS:XTKS:2413,XTKS,2413,JP_N225,2026-09-24,197,196,0.0063972084908403004,-0.0077408256880734001,-0.010572645773814549,0.05871579400991165,0.01696985426465485,-0.066456619697985053,LEAVE_ONE_OUT_PRIMARY_UNIVERSE_COHORT_MEDIAN_SAME_ASOF
1240,WSSEC:WS:XTKS:2502,WS:XTKS:2502,XTKS,2502,JP_N225,2026-09-24,197,196,-0.039772727272727203,0.042532467532467401,-0.010192681855268899,0.05871579400991165,-0.029580045417458303,-0.016183326477444249,LEAVE_ONE_OUT_PRIMARY_UNIVERSE_COHORT_MEDIAN_SAME_ASOF
1241,WSSEC:WS:XTKS:2503,WS:XTKS:2503,XTKS,2503,JP_N225,2026-09-24,197,196,-0.075990828693088805,0.0019534718522464002,-0.010192681855268899,0.05871579400991165,-0.065798146837819899,-0.056762322157665246,LEAVE_ONE_OUT_PRIMARY_UNIVERSE_COHORT_MEDIAN_SAME_ASOF
1242,WSSEC:WS:XTKS:2768,WS:XTKS:2768,XTKS,2768,JP_N225,2026-09-24,197,196,0.0077601410934744,0.091499522445081097,-0.010572645773814549,0.056702504210927651,0.018332786867288949,0.034797018234153446,LEAVE_ONE_OUT_PRIMARY_UNIVERSE_COHORT_MEDIAN_SAME_ASOF
1243,WSSEC:WS:XTKS:2801,WS:XTKS:2801,XTKS,2801,JP_N225,2026-09-24,197,196,-0.1065040650406503,0.0073327222731438,-0.010192681855268899,0.05871579400991165,-0.096311383185381405,-0.051383071736767851,LEAVE_ONE_OUT_PRIMARY_UNIVERSE_COHORT_MEDIAN_SAME_ASOF
1244,WSSEC:WS:XTKS:2802,WS:XTKS:2802,XTKS,2802,JP_N225,2026-09-24,197,196,-0.069273743016759801,-0.12957157784743981,-0.010192681855268899,0.05871579400991165,-0.059081061161490901,-0.18828737185735145,LEAVE_ONE_OUT_PRIMARY_UNIVERSE_COHORT_MEDIAN_SAME_ASOF
1245,WSSEC:WS:XTKS:285A,WS:XTKS:285A,XTKS,285A,JP_N225,2026-09-24,197,196,0.0716669939132141,-0.47443428021184392,-0.010572645773814549,0.05871579400991165,0.082239639687028646,-0.53315007422175553,LEAVE_ONE_OUT_PRIMARY_UNIVERSE_COHORT_MEDIAN_SAME_ASOF
1246,WSSEC:WS:XTKS:2914,WS:XTKS:2914,XTKS,2914,JP_N225,2026-09-24,197,196,-0.0026124818577648,0.15534633490248809,-0.010572645773814549,0.056702504210927651,0.0079601639160497492,0.098643830691560436,LEAVE_ONE_OUT_PRIMARY_UNIVERSE_COHORT_MEDIAN_SAME_ASOF
1247,WSSEC:WS:XTKS:3086,WS:XTKS:3086,XTKS,3086,JP_N225,2026-09-24,197,196,-0.1241819371727748,-0.1667185554171855,-0.010192681855268899,0.05871579400991165,-0.11398925531750589,-0.22543434942709714,LEAVE_ONE_OUT_PRIMARY_UNIVERSE_COHORT_MEDIAN_SAME_ASOF
1248,WSSEC:WS:XTKS:3099,WS:XTKS:3099,XTKS,3099,JP_N225,2026-09-24,197,196,-0.040334197637568403,-0.1938528557599225,-0.010192681855268899,0.05871579400991165,-0.030141515782299504,-0.25256864976983417,LEAVE_ONE_OUT_PRIMARY_UNIVERSE_COHORT_MEDIAN_SAME_ASOF
1249,WSSEC:WS:XTKS:3289,WS:XTKS:3289,XTKS,3289,JP_N225,2026-09-24,197,196,-0.055083179297596999,0.0066955494289089,-0.010192681855268899,0.05871579400991165,-0.044890497442328099,-0.052020244581002753,LEAVE_ONE_OUT_PRIMARY_UNIVERSE_COHORT_MEDIAN_SAME_ASOF
1250,WSSEC:WS:XTKS:3382,WS:XTKS:3382,XTKS,3382,JP_N225,2026-09-24,197,196,-0.022004889975550099,0.046846375294425403,-0.010192681855268899,0.05871579400991165,-0.011812208120281199,-0.011869418715486246,LEAVE_ONE_OUT_PRIMARY_UNIVERSE_COHORT_MEDIAN_SAME_ASOF
1251,WSSEC:WS:XTKS:3402,WS:XTKS:3402,XTKS,3402,JP_N225,2026-09-24,197,196,-0.033603707995365002,0.080310880829015593,-0.010192681855268899,0.056702504210927651,-0.023411026140096103,0.023608376618087942,LEAVE_ONE_OUT_PRIMARY_UNIVERSE_COHORT_MEDIAN_SAME_ASOF
1252,WSSEC:WS:XTKS:3405,WS:XTKS:3405,XTKS,3405,JP_N225,2026-09-24,197,196,-0.012318642211880599,0.061488673139158602,-0.010192681855268899,0.056702504210927651,-0.0021259603566116999,0.0047861689282309508,LEAVE_ONE_OUT_PRIMARY_UNIVERSE_COHORT_MEDIAN_SAME_ASOF
1253,WSSEC:WS:XTKS:3407,WS:XTKS:3407,XTKS,3407,JP_N225,2026-09-24,197,196,-0.0165289256198346,-0.104515050167224,-0.010192681855268899,0.05871579400991165,-0.0063362437645657008,-0.16323084417713565,LEAVE_ONE_OUT_PRIMARY_UNIVERSE_COHORT_MEDIAN_SAME_ASOF
1254,WSSEC:WS:XTKS:3436,WS:XTKS:3436,XTKS,3436,JP_N225,2026-09-24,197,196,-0.097101449275362295,-0.1789667896678967,-0.010192681855268899,0.05871579400991165,-0.086908767420093402,-0.23768258367780834,LEAVE_ONE_OUT_PRIMARY_UNIVERSE_COHORT_MEDIAN_SAME_ASOF
1255,WSSEC:WS:XTKS:3659,WS:XTKS:3659,XTKS,3659,JP_N225,2026-09-24,197,196,0.0138486312399355,0.47516401124648538,-0.010572645773814549,0.056702504210927651,0.024421277013750048,0.41846150703555773,LEAVE_ONE_OUT_PRIMARY_UNIVERSE_COHORT_MEDIAN_SAME_ASOF
1256,WSSEC:WS:XTKS:3697,WS:XTKS:3697,XTKS,3697,JP_N225,2026-09-24,197,196,-0.088089843551031194,0.44153090486309038,-0.010192681855268899,0.056702504210927651,-0.077897161695762301,0.38482840065216273,LEAVE_ONE_OUT_PRIMARY_UNIVERSE_COHORT_MEDIAN_SAME_ASOF
1257,WSSEC:WS:XTKS:4004,WS:XTKS:4004,XTKS,4004,JP_N225,2026-09-24,197,196,-0.058003169572107702,-0.16375914462577371,-0.010192681855268899,0.05871579400991165,-0.047810487716838802,-0.22247493863568535,LEAVE_ONE_OUT_PRIMARY_UNIVERSE_COHORT_MEDIAN_SAME_ASOF
1258,WSSEC:WS:XTKS:4005,WS:XTKS:4005,XTKS,4005,JP_N225,2026-09-24,197,196,0.062116332922207397,0.12985024931092171,-0.010572645773814549,0.056702504210927651,0.07268897869602195,0.073147745099994055,LEAVE_ONE_OUT_PRIMARY_UNIVERSE_COHORT_MEDIAN_SAME_ASOF
1259,WSSEC:WS:XTKS:4021,WS:XTKS:4021,XTKS,4021,JP_N225,2026-09-24,197,196,0.0275127029371669,-0.028474337942348198,-0.010572645773814549,0.05871579400991165,0.038085348710981445,-0.087190131952259844,LEAVE_ONE_OUT_PRIMARY_UNIVERSE_COHORT_MEDIAN_SAME_ASOF
1260,WSSEC:WS:XTKS:4042,WS:XTKS:4042,XTKS,4042,JP_N225,2026-09-24,197,196,0.0034110289937463001,-0.1033022861981371,-0.010572645773814549,0.05871579400991165,0.01398367476756085,-0.16201808020804875,LEAVE_ONE_OUT_PRIMARY_UNIVERSE_COHORT_MEDIAN_SAME_ASOF
1261,WSSEC:WS:XTKS:4043,WS:XTKS:4043,XTKS,4043,JP_N225,2026-09-24,197,196,0.057913130304543203,-0.1770873786407767,-0.010572645773814549,0.05871579400991165,0.068485776078357749,-0.23580317265068834,LEAVE_ONE_OUT_PRIMARY_UNIVERSE_COHORT_MEDIAN_SAME_ASOF
1262,WSSEC:WS:XTKS:4062,WS:XTKS:4062,XTKS,4062,JP_N225,2026-09-24,197,196,0.19207235967012501,-0.1503602578687902,-0.010572645773814549,0.05871579400991165,0.20264500544393957,-0.20907605187870185,LEAVE_ONE_OUT_PRIMARY_UNIVERSE_COHORT_MEDIAN_SAME_ASOF
1263,WSSEC:WS:XTKS:4063,WS:XTKS:4063,XTKS,4063,JP_N225,2026-09-24,197,196,-0.024458767145926302,-0.17440559440559439,-0.010192681855268899,0.05871579400991165,-0.014266085290657402,-0.23312138841550603,LEAVE_ONE_OUT_PRIMARY_UNIVERSE_COHORT_MEDIAN_SAME_ASOF
1264,WSSEC:WS:XTKS:4151,WS:XTKS:4151,XTKS,4151,JP_N225,2026-09-24,197,196,-0.1231097324544396,-0.1164289900371166,-0.010192681855268899,0.05871579400991165,-0.1129170505991707,-0.17514478404702824,LEAVE_ONE_OUT_PRIMARY_UNIVERSE_COHORT_MEDIAN_SAME_ASOF
1265,WSSEC:WS:XTKS:4183,WS:XTKS:4183,XTKS,4183,JP_N225,2026-09-24,197,196,0.0084427767354594997,-0.016918152720621801,-0.010572645773814549,0.05871579400991165,0.019015422509274051,-0.075633946730533447,LEAVE_ONE_OUT_PRIMARY_UNIVERSE_COHORT_MEDIAN_SAME_ASOF
1266,WSSEC:WS:XTKS:4188,WS:XTKS:4188,XTKS,4188,JP_N225,2026-09-24,197,196,0.031236251649801899,0.070319634703196202,-0.010572645773814549,0.056702504210927651,0.041808897423616445,0.01361713049226855,LEAVE_ONE_OUT_PRIMARY_UNIVERSE_COHORT_MEDIAN_SAME_ASOF
1267,WSSEC:WS:XTKS:4208,WS:XTKS:4208,XTKS,4208,JP_N225,2026-09-24,197,196,-0.0280930760499432,0.076705438541339196,-0.010192681855268899,0.056702504210927651,-0.017900394194674301,0.020002934330411545,LEAVE_ONE_OUT_PRIMARY_UNIVERSE_COHORT_MEDIAN_SAME_ASOF
1268,WSSEC:WS:XTKS:4307,WS:XTKS:4307,XTKS,4307,JP_N225,2026-09-24,197,196,-0.010029498525073699,0.1797515819076633,-0.010572645773814549,0.056702504210927651,0.00054314724874084987,0.12304907769673565,LEAVE_ONE_OUT_PRIMARY_UNIVERSE_COHORT_MEDIAN_SAME_ASOF
1269,WSSEC:WS:XTKS:4324,WS:XTKS:4324,XTKS,4324,JP_N225,2026-09-24,197,196,-0.0064174107142856004,0.17331136738056011,-0.010572645773814549,0.056702504210927651,0.0041552350595289488,0.11660886316963245,LEAVE_ONE_OUT_PRIMARY_UNIVERSE_COHORT_MEDIAN_SAME_ASOF
1270,WSSEC:WS:XTKS:4385,WS:XTKS:4385,XTKS,4385,JP_N225,2026-09-24,197,196,-0.2056325435851587,-0.090583418628454399,-0.010192681855268899,0.05871579400991165,-0.19543986172988981,-0.14929921263836604,LEAVE_ONE_OUT_PRIMARY_UNIVERSE_COHORT_MEDIAN_SAME_ASOF
1271,WSSEC:WS:XTKS:4452,WS:XTKS:4452,XTKS,4452,JP_N225,2026-09-24,197,196,-0.022988505747126398,1.2336164076269829,-0.010192681855268899,0.056702504210927651,-0.012795823891857499,1.1769139034160552,LEAVE_ONE_OUT_PRIMARY_UNIVERSE_COHORT_MEDIAN_SAME_ASOF
1272,WSSEC:WS:XTKS:4502,WS:XTKS:4502,XTKS,4502,JP_N225,2026-09-24,197,196,0.015180265654648899,0.16442421844083879,-0.010572645773814549,0.056702504210927651,0.025752911428463449,0.10772171422991114,LEAVE_ONE_OUT_PRIMARY_UNIVERSE_COHORT_MEDIAN_SAME_ASOF
1273,WSSEC:WS:XTKS:4503,WS:XTKS:4503,XTKS,4503,JP_N225,2026-09-24,197,196,-0.0197382090172449,0.098742431299487496,-0.010192681855268899,0.056702504210927651,-0.0095455271619760002,0.042039927088559845,LEAVE_ONE_OUT_PRIMARY_UNIVERSE_COHORT_MEDIAN_SAME_ASOF
1274,WSSEC:WS:XTKS:4506,WS:XTKS:4506,XTKS,4506,JP_N225,2026-09-24,197,196,0.1209449929478139,0.064278540341479798,-0.010572645773814549,0.056702504210927651,0.13151763872162844,0.0075760361305521468,LEAVE_ONE_OUT_PRIMARY_UNIVERSE_COHORT_MEDIAN_SAME_ASOF
1275,WSSEC:WS:XTKS:4507,WS:XTKS:4507,XTKS,4507,JP_N225,2026-09-24,197,196,-0.0013691596782474001,0.073202133529519806,-0.010572645773814549,0.056702504210927651,0.0092034860955671483,0.016499629318592154,LEAVE_ONE_OUT_PRIMARY_UNIVERSE_COHORT_MEDIAN_SAME_ASOF
1276,WSSEC:WS:XTKS:4519,WS:XTKS:4519,XTKS,4519,JP_N225,2026-09-24,197,196,-0.048232431658794803,-0.1173347491372445,-0.010192681855268899,0.05871579400991165,-0.038039749803525903,-0.17605054314715615,LEAVE_ONE_OUT_PRIMARY_UNIVERSE_COHORT_MEDIAN_SAME_ASOF
1277,WSSEC:WS:XTKS:4523,WS:XTKS:4523,XTKS,4523,JP_N225,2026-09-24,197,196,0.0132286068623397,0.24132691820714111,-0.010572645773814549,0.056702504210927651,0.023801252636154249,0.18462441399621346,LEAVE_ONE_OUT_PRIMARY_UNIVERSE_COHORT_MEDIAN_SAME_ASOF
1278,WSSEC:WS:XTKS:4543,WS:XTKS:4543,XTKS,4543,JP_N225,2026-09-24,197,196,-0.123675592371412,0.036927285160701998,-0.010192681855268899,0.05871579400991165,-0.11348291051614309,-0.021788508849209652,LEAVE_ONE_OUT_PRIMARY_UNIVERSE_COHORT_MEDIAN_SAME_ASOF
1279,WSSEC:WS:XTKS:4568,WS:XTKS:4568,XTKS,4568,JP_N225,2026-09-24,197,196,0.0076976906927920998,0.1221507890122735,-0.010572645773814549,0.056702504210927651,0.018270336466606647,0.065448284801345846,LEAVE_ONE_OUT_PRIMARY_UNIVERSE_COHORT_MEDIAN_SAME_ASOF
1280,WSSEC:WS:XTKS:4578,WS:XTKS:4578,XTKS,4578,JP_N225,2026-09-24,197,196,-0.0958230958230957,0.0184501845018449,-0.010192681855268899,0.05871579400991165,-0.085630413967826807,-0.040265609508066749,LEAVE_ONE_OUT_PRIMARY_UNIVERSE_COHORT_MEDIAN_SAME_ASOF
1281,WSSEC:WS:XTKS:4661,WS:XTKS:4661,XTKS,4661,JP_N225,2026-09-24,197,196,-0.0144999999999999,0.23547847889678231,-0.010192681855268899,0.056702504210927651,-0.0043073181447310007,0.17877597468585466,LEAVE_ONE_OUT_PRIMARY_UNIVERSE_COHORT_MEDIAN_SAME_ASOF
1282,WSSEC:WS:XTKS:4689,WS:XTKS:4689,XTKS,4689,JP_N225,2026-09-24,197,196,-0.026044639490602799,0.26873315183183671,-0.010192681855268899,0.056702504210927651,-0.0158519576353339,0.21203064762090906,LEAVE_ONE_OUT_PRIMARY_UNIVERSE_COHORT_MEDIAN_SAME_ASOF
1283,WSSEC:WS:XTKS:4704,WS:XTKS:4704,XTKS,4704,JP_N225,2026-09-24,197,196,0.17853309481216459,0.1561951561951562,-0.010572645773814549,0.056702504210927651,0.18910574058597915,0.099492651984228547,LEAVE_ONE_OUT_PRIMARY_UNIVERSE_COHORT_MEDIAN_SAME_ASOF
1284,WSSEC:WS:XTKS:4751,WS:XTKS:4751,XTKS,4751,JP_N225,2026-09-24,197,196,-0.065266316579144806,-0.036722071897951201,-0.010192681855268899,0.05871579400991165,-0.055073634723875907,-0.095437865907862851,LEAVE_ONE_OUT_PRIMARY_UNIVERSE_COHORT_MEDIAN_SAME_ASOF
1285,WSSEC:WS:XTKS:4755,WS:XTKS:4755,XTKS,4755,JP_N225,2026-09-24,197,196,-0.1024909201493381,-0.010441979756687,-0.010192681855268899,0.05871579400991165,-0.09229823829406919,-0.069157773766598651,LEAVE_ONE_OUT_PRIMARY_UNIVERSE_COHORT_MEDIAN_SAME_ASOF
1286,WSSEC:WS:XTKS:4901,WS:XTKS:4901,XTKS,4901,JP_N225,2026-09-24,197,196,0.0268210911307529,-0.0128918839730441,-0.010572645773814549,0.05871579400991165,0.037393736904567446,-0.071607677982955753,LEAVE_ONE_OUT_PRIMARY_UNIVERSE_COHORT_MEDIAN_SAME_ASOF
1287,WSSEC:WS:XTKS:4911,WS:XTKS:4911,XTKS,4911,JP_N225,2026-09-24,197,196,-0.037622682660850497,0.41199999999999992,-0.010192681855268899,0.056702504210927651,-0.027430000805581597,0.35529749578907227,LEAVE_ONE_OUT_PRIMARY_UNIVERSE_COHORT_MEDIAN_SAME_ASOF
1288,WSSEC:WS:XTKS:5019,WS:XTKS:5019,XTKS,5019,JP_N225,2026-09-24,197,196,0.19731592310482399,0.3646134766432409,-0.010572645773814549,0.056702504210927651,0.20788856887863855,0.30791097243231325,LEAVE_ONE_OUT_PRIMARY_UNIVERSE_COHORT_MEDIAN_SAME_ASOF
1289,WSSEC:WS:XTKS:5020,WS:XTKS:5020,XTKS,5020,JP_N225,2026-09-24,197,196,0.060798209623274799,0.19395465994962219,-0.010572645773814549,0.056702504210927651,0.071370855397089344,0.13725215573869454,LEAVE_ONE_OUT_PRIMARY_UNIVERSE_COHORT_MEDIAN_SAME_ASOF
1290,WSSEC:WS:XTKS:5101,WS:XTKS:5101,XTKS,5101,JP_N225,2026-09-24,197,196,-0.097450498252879506,-0.079582948396462905,-0.010192681855268899,0.05871579400991165,-0.087257816397610599,-0.13829874240637455,LEAVE_ONE_OUT_PRIMARY_UNIVERSE_COHORT_MEDIAN_SAME_ASOF
1291,WSSEC:WS:XTKS:5108,WS:XTKS:5108,XTKS,5108,JP_N225,2026-09-24,197,196,-0.081218274111675107,0.1097810218978101,-0.010192681855268899,0.056702504210927651,-0.0710255922564062,0.053078517686882445,LEAVE_ONE_OUT_PRIMARY_UNIVERSE_COHORT_MEDIAN_SAME_ASOF
1292,WSSEC:WS:XTKS:5201,WS:XTKS:5201,XTKS,5201,JP_N225,2026-09-24,197,196,-0.011985409067222501,-0.2169603524229074,-0.010192681855268899,0.05871579400991165,-0.0017927272119536014,-0.27567614643281907,LEAVE_ONE_OUT_PRIMARY_UNIVERSE_COHORT_MEDIAN_SAME_ASOF
1293,WSSEC:WS:XTKS:5214,WS:XTKS:5214,XTKS,5214,JP_N225,2026-09-24,197,196,0.021876314682372801,-0.27460056741824701,-0.010572645773814549,0.05871579400991165,0.032448960456187351,-0.33331636142815868,LEAVE_ONE_OUT_PRIMARY_UNIVERSE_COHORT_MEDIAN_SAME_ASOF
1294,WSSEC:WS:XTKS:5332,WS:XTKS:5332,XTKS,5332,JP_N225,2026-09-24,197,196,-0.074553782972674107,-0.33930987821380237,-0.010192681855268899,0.05871579400991165,-0.064361101117405201,-0.39802567222371404,LEAVE_ONE_OUT_PRIMARY_UNIVERSE_COHORT_MEDIAN_SAME_ASOF
1295,WSSEC:WS:XTKS:5333,WS:XTKS:5333,XTKS,5333,JP_N225,2026-09-24,197,196,-0.0073991860895300998,-0.31669425697185788,-0.010572645773814549,0.05871579400991165,0.0031734596842844494,-0.37541005098176955,LEAVE_ONE_OUT_PRIMARY_UNIVERSE_COHORT_MEDIAN_SAME_ASOF
1296,WSSEC:WS:XTKS:5401,WS:XTKS:5401,XTKS,5401,JP_N225,2026-09-24,197,196,0.022369051133736401,0.2449725776965265,-0.010572645773814549,0.056702504210927651,0.032941696907550951,0.18827007348559885,LEAVE_ONE_OUT_PRIMARY_UNIVERSE_COHORT_MEDIAN_SAME_ASOF
1297,WSSEC:WS:XTKS:5406,WS:XTKS:5406,XTKS,5406,JP_N225,2026-09-24,197,196,0.016057312252964299,0.0967999999999999,-0.010572645773814549,0.056702504210927651,0.026629958026778849,0.040097495789072249,LEAVE_ONE_OUT_PRIMARY_UNIVERSE_COHORT_MEDIAN_SAME_ASOF
1298,WSSEC:WS:XTKS:5411,WS:XTKS:5411,XTKS,5411,JP_N225,2026-09-24,197,196,-0.0018918918918917999,0.19437257438551089,-0.010572645773814549,0.056702504210927651,0.0086807538819227495,0.13767007017458324,LEAVE_ONE_OUT_PRIMARY_UNIVERSE_COHORT_MEDIAN_SAME_ASOF
1299,WSSEC:WS:XTKS:543A,WS:XTKS:543A,XTKS,543A,JP_N225,2026-09-24,197,196,0.047619047619047603,0.014184397163120499,-0.010572645773814549,0.05871579400991165,0.058191693392862148,-0.044531396846791152,LEAVE_ONE_OUT_PRIMARY_UNIVERSE_COHORT_MEDIAN_SAME_ASOF
1300,WSSEC:WS:XTKS:5631,WS:XTKS:5631,XTKS,5631,JP_N225,2026-09-24,197,196,-0.0113982770046388,-0.061170547514159797,-0.010192681855268899,0.05871579400991165,-0.0012055951493699004,-0.11988634152407145,LEAVE_ONE_OUT_PRIMARY_UNIVERSE_COHORT_MEDIAN_SAME_ASOF
1301,WSSEC:WS:XTKS:5706,WS:XTKS:5706,XTKS,5706,JP_N225,2026-09-24,197,196,-0.1911118917969436,-0.50366458288424232,-0.010192681855268899,0.05871579400991165,-0.18091920994167471,-0.56238037689415399,LEAVE_ONE_OUT_PRIMARY_UNIVERSE_COHORT_MEDIAN_SAME_ASOF
1302,WSSEC:WS:XTKS:5711,WS:XTKS:5711,XTKS,5711,JP_N225,2026-09-24,197,196,-0.10637560637560629,0.16591320072332719,-0.010192681855268899,0.056702504210927651,-0.096182924520337387,0.10921069651239954,LEAVE_ONE_OUT_PRIMARY_UNIVERSE_COHORT_MEDIAN_SAME_ASOF
1303,WSSEC:WS:XTKS:5713,WS:XTKS:5713,XTKS,5713,JP_N225,2026-09-24,197,196,-0.1688017429193899,0.24630863713576359,-0.010192681855268899,0.056702504210927651,-0.15860906106412101,0.18960613292483594,LEAVE_ONE_OUT_PRIMARY_UNIVERSE_COHORT_MEDIAN_SAME_ASOF
1304,WSSEC:WS:XTKS:5714,WS:XTKS:5714,XTKS,5714,JP_N225,2026-09-24,197,196,-0.133494441759304,0.026216370921579898,-0.010192681855268899,0.05871579400991165,-0.12330175990403511,-0.032499423088331751,LEAVE_ONE_OUT_PRIMARY_UNIVERSE_COHORT_MEDIAN_SAME_ASOF
1305,WSSEC:WS:XTKS:5801,WS:XTKS:5801,XTKS,5801,JP_N225,2026-09-24,197,196,0.050206896551724098,6.6262019230769234,-0.010572645773814549,0.056702504210927651,0.060779542325538644,6.5694994188659956,LEAVE_ONE_OUT_PRIMARY_UNIVERSE_COHORT_MEDIAN_SAME_ASOF
1306,WSSEC:WS:XTKS:5802,WS:XTKS:5802,XTKS,5802,JP_N225,2026-09-24,197,196,0.0227748082732976,1.8764705882352939,-0.010572645773814549,0.056702504210927651,0.033347454047112146,1.8197680840243662,LEAVE_ONE_OUT_PRIMARY_UNIVERSE_COHORT_MEDIAN_SAME_ASOF
1307,WSSEC:WS:XTKS:5803,WS:XTKS:5803,XTKS,5803,JP_N225,2026-09-24,197,196,-0.020933014354067001,-0.2369484151646985,-0.010192681855268899,0.05871579400991165,-0.010740332498798102,-0.29566420917461017,LEAVE_ONE_OUT_PRIMARY_UNIVERSE_COHORT_MEDIAN_SAME_ASOF
1308,WSSEC:WS:XTKS:5831,WS:XTKS:5831,XTKS,5831,JP_N225,2026-09-24,197,196,0.012287887653598501,0.1568037445670345,-0.010572645773814549,0.056702504210927651,0.022860533427413052,0.10010124035610685,LEAVE_ONE_OUT_PRIMARY_UNIVERSE_COHORT_MEDIAN_SAME_ASOF
1309,WSSEC:WS:XTKS:6098,WS:XTKS:6098,XTKS,6098,JP_N225,2026-09-24,197,196,-0.0311837723281864,0.42348754448398579,-0.010192681855268899,0.056702504210927651,-0.020991090472917501,0.36678504027305814,LEAVE_ONE_OUT_PRIMARY_UNIVERSE_COHORT_MEDIAN_SAME_ASOF
1310,WSSEC:WS:XTKS:6113,WS:XTKS:6113,XTKS,6113,JP_N225,2026-09-24,197,196,-0.034937888198757698,-0.19494818652849741,-0.010192681855268899,0.05871579400991165,-0.024745206343488799,-0.25366398053840905,LEAVE_ONE_OUT_PRIMARY_UNIVERSE_COHORT_MEDIAN_SAME_ASOF
1311,WSSEC:WS:XTKS:6146,WS:XTKS:6146,XTKS,6146,JP_N225,2026-09-24,197,196,-0.13187886681862579,-0.37978364545771781,-0.010192681855268899,0.05871579400991165,-0.1216861849633569,-0.43849943946762948,LEAVE_ONE_OUT_PRIMARY_UNIVERSE_COHORT_MEDIAN_SAME_ASOF
1312,WSSEC:WS:XTKS:6178,WS:XTKS:6178,XTKS,6178,JP_N225,2026-09-24,197,196,0.060832443970117299,0.13808106251431179,-0.010572645773814549,0.056702504210927651,0.071405089743931852,0.081378558303384141,LEAVE_ONE_OUT_PRIMARY_UNIVERSE_COHORT_MEDIAN_SAME_ASOF
1313,WSSEC:WS:XTKS:6273,WS:XTKS:6273,XTKS,6273,JP_N225,2026-09-24,197,196,-0.045821727019498597,-0.060606060606060497,-0.010192681855268899,0.05871579400991165,-0.035629045164229697,-0.11932185461597214,LEAVE_ONE_OUT_PRIMARY_UNIVERSE_COHORT_MEDIAN_SAME_ASOF
1314,WSSEC:WS:XTKS:6301,WS:XTKS:6301,XTKS,6301,JP_N225,2026-09-24,197,196,-0.027650391151874801,0.15343999999999999,-0.010192681855268899,0.056702504210927651,-0.017457709296605901,0.096737495789072342,LEAVE_ONE_OUT_PRIMARY_UNIVERSE_COHORT_MEDIAN_SAME_ASOF
1315,WSSEC:WS:XTKS:6302,WS:XTKS:6302,XTKS,6302,JP_N225,2026-09-24,197,196,0.0056046195652172002,0.1197049924357034,-0.010572645773814549,0.056702504210927651,0.01617726533903175,0.063002488224775749,LEAVE_ONE_OUT_PRIMARY_UNIVERSE_COHORT_MEDIAN_SAME_ASOF
1316,WSSEC:WS:XTKS:6305,WS:XTKS:6305,XTKS,6305,JP_N225,2026-09-24,197,196,-0.059950041631973303,0.068926339708388504,-0.010192681855268899,0.056702504210927651,-0.049757359776704403,0.012223835497460853,LEAVE_ONE_OUT_PRIMARY_UNIVERSE_COHORT_MEDIAN_SAME_ASOF
1317,WSSEC:WS:XTKS:6326,WS:XTKS:6326,XTKS,6326,JP_N225,2026-09-24,197,196,-0.010789426362165001,-0.001633393829401,-0.010192681855268899,0.05871579400991165,-0.00059674450689610123,-0.060349187839312653,LEAVE_ONE_OUT_PRIMARY_UNIVERSE_COHORT_MEDIAN_SAME_ASOF
1318,WSSEC:WS:XTKS:6361,WS:XTKS:6361,XTKS,6361,JP_N225,2026-09-24,197,196,-0.090725806451612795,-0.302289603960396,-0.010192681855268899,0.05871579400991165,-0.080533124596343902,-0.36100539797030767,LEAVE_ONE_OUT_PRIMARY_UNIVERSE_COHORT_MEDIAN_SAME_ASOF
1319,WSSEC:WS:XTKS:6367,WS:XTKS:6367,XTKS,6367,JP_N225,2026-09-24,197,196,-0.0064732678014864002,-0.13123689727463311,-0.010572645773814549,0.05871579400991165,0.004099377972328149,-0.18995269128454476,LEAVE_ONE_OUT_PRIMARY_UNIVERSE_COHORT_MEDIAN_SAME_ASOF
1320,WSSEC:WS:XTKS:6479,WS:XTKS:6479,XTKS,6479,JP_N225,2026-09-24,197,196,0.078349282296650696,-0.31261913839115513,-0.010572645773814549,0.05871579400991165,0.088921928070465242,-0.3713349324010668,LEAVE_ONE_OUT_PRIMARY_UNIVERSE_COHORT_MEDIAN_SAME_ASOF
1321,WSSEC:WS:XTKS:6501,WS:XTKS:6501,XTKS,6501,JP_N225,2026-09-24,197,196,0.043866312191416602,0.20707070707070691,-0.010572645773814549,0.056702504210927651,0.054438957965231155,0.15036820285977925,LEAVE_ONE_OUT_PRIMARY_UNIVERSE_COHORT_MEDIAN_SAME_ASOF
1322,WSSEC:WS:XTKS:6503,WS:XTKS:6503,XTKS,6503,JP_N225,2026-09-24,197,196,-0.052801724137931001,-0.11894420314066149,-0.010192681855268899,0.05871579400991165,-0.042609042282662102,-0.17765999715057315,LEAVE_ONE_OUT_PRIMARY_UNIVERSE_COHORT_MEDIAN_SAME_ASOF
1323,WSSEC:WS:XTKS:6504,WS:XTKS:6504,XTKS,6504,JP_N225,2026-09-24,197,196,-0.049413437611091397,-0.064380685794261705,-0.010192681855268899,0.05871579400991165,-0.039220755755822498,-0.12309647980417335,LEAVE_ONE_OUT_PRIMARY_UNIVERSE_COHORT_MEDIAN_SAME_ASOF
1324,WSSEC:WS:XTKS:6506,WS:XTKS:6506,XTKS,6506,JP_N225,2026-09-24,197,196,-0.089494949494949502,-0.37602104388758117,-0.010192681855268899,0.05871579400991165,-0.079302267639680596,-0.43473683789749284,LEAVE_ONE_OUT_PRIMARY_UNIVERSE_COHORT_MEDIAN_SAME_ASOF
1325,WSSEC:WS:XTKS:6526,WS:XTKS:6526,XTKS,6526,JP_N225,2026-09-24,197,196,0.19449493638016091,-0.14735866543095449,-0.010572645773814549,0.05871579400991165,0.20506758215397547,-0.20607445944086614,LEAVE_ONE_OUT_PRIMARY_UNIVERSE_COHORT_MEDIAN_SAME_ASOF
1326,WSSEC:WS:XTKS:6532,WS:XTKS:6532,XTKS,6532,JP_N225,2026-09-24,197,196,-0.015907633098139799,0.39320741009807492,-0.010192681855268899,0.056702504210927651,-0.0057149512428708998,0.33650490588714727,LEAVE_ONE_OUT_PRIMARY_UNIVERSE_COHORT_MEDIAN_SAME_ASOF
1327,WSSEC:WS:XTKS:6645,WS:XTKS:6645,XTKS,6645,JP_N225,2026-09-24,197,196,0.0033296337402886002,0.085234093637454905,-0.010572645773814549,0.056702504210927651,0.013902279514103149,0.028531589426527254,LEAVE_ONE_OUT_PRIMARY_UNIVERSE_COHORT_MEDIAN_SAME_ASOF
1328,WSSEC:WS:XTKS:6701,WS:XTKS:6701,XTKS,6701,JP_N225,2026-09-24,197,196,0.018058211174845899,0.27548575991482571,-0.010572645773814549,0.056702504210927651,0.028630856948660448,0.21878325570389806,LEAVE_ONE_OUT_PRIMARY_UNIVERSE_COHORT_MEDIAN_SAME_ASOF
1329,WSSEC:WS:XTKS:6702,WS:XTKS:6702,XTKS,6702,JP_N225,2026-09-24,197,196,0.079189189189189102,0.25290241606526498,-0.010572645773814549,0.056702504210927651,0.089761834963003648,0.19619991185433733,LEAVE_ONE_OUT_PRIMARY_UNIVERSE_COHORT_MEDIAN_SAME_ASOF
1330,WSSEC:WS:XTKS:6723,WS:XTKS:6723,XTKS,6723,JP_N225,2026-09-24,197,196,0.018086347724620599,-0.2795210569777043,-0.010572645773814549,0.05871579400991165,0.028658993498435148,-0.33823685098761597,LEAVE_ONE_OUT_PRIMARY_UNIVERSE_COHORT_MEDIAN_SAME_ASOF
1331,WSSEC:WS:XTKS:6724,WS:XTKS:6724,XTKS,6724,JP_N225,2026-09-24,197,196,0.040194489465153999,0.15953026196928641,-0.010572645773814549,0.056702504210927651,0.050767135238968544,0.10282775775835876,LEAVE_ONE_OUT_PRIMARY_UNIVERSE_COHORT_MEDIAN_SAME_ASOF
1332,WSSEC:WS:XTKS:6752,WS:XTKS:6752,XTKS,6752,JP_N225,2026-09-24,197,196,0.036798528058877601,-0.022125813449023798,-0.010572645773814549,0.05871579400991165,0.047371173832692154,-0.080841607458935455,LEAVE_ONE_OUT_PRIMARY_UNIVERSE_COHORT_MEDIAN_SAME_ASOF
1333,WSSEC:WS:XTKS:6758,WS:XTKS:6758,XTKS,6758,JP_N225,2026-09-24,197,196,-0.048571428571428502,0.1457616515483266,-0.010192681855268899,0.056702504210927651,-0.038378746716159602,0.089059147337398947,LEAVE_ONE_OUT_PRIMARY_UNIVERSE_COHORT_MEDIAN_SAME_ASOF
1334,WSSEC:WS:XTKS:6762,WS:XTKS:6762,XTKS,6762,JP_N225,2026-09-24,197,196,-0.0287639710716633,-0.24398669396110531,-0.010192681855268899,0.05871579400991165,-0.0185712892163944,-0.30270248797101695,LEAVE_ONE_OUT_PRIMARY_UNIVERSE_COHORT_MEDIAN_SAME_ASOF
1335,WSSEC:WS:XTKS:6770,WS:XTKS:6770,XTKS,6770,JP_N225,2026-09-24,197,196,0.0015862225243599001,0.045906294368196897,-0.010572645773814549,0.05871579400991165,0.01215886829817445,-0.012809499641714753,LEAVE_ONE_OUT_PRIMARY_UNIVERSE_COHORT_MEDIAN_SAME_ASOF
1336,WSSEC:WS:XTKS:6841,WS:XTKS:6841,XTKS,6841,JP_N225,2026-09-24,197,196,-0.0799843168006273,-0.1588098225488439,-0.010192681855268899,0.05871579400991165,-0.069791634945358394,-0.21752561655875555,LEAVE_ONE_OUT_PRIMARY_UNIVERSE_COHORT_MEDIAN_SAME_ASOF
1337,WSSEC:WS:XTKS:6857,WS:XTKS:6857,XTKS,6857,JP_N225,2026-09-24,197,196,-0.041739130434782598,-0.079108635097492899,-0.010192681855268899,0.05871579400991165,-0.031546448579513699,-0.13782442910740456,LEAVE_ONE_OUT_PRIMARY_UNIVERSE_COHORT_MEDIAN_SAME_ASOF
1338,WSSEC:WS:XTKS:6861,WS:XTKS:6861,XTKS,6861,JP_N225,2026-09-24,197,196,-0.044870210135970298,-0.0012924906294429,-0.010192681855268899,0.05871579400991165,-0.034677528280701399,-0.06000828463935455,LEAVE_ONE_OUT_PRIMARY_UNIVERSE_COHORT_MEDIAN_SAME_ASOF
1339,WSSEC:WS:XTKS:6902,WS:XTKS:6902,XTKS,6902,JP_N225,2026-09-24,197,196,-0.014944601906725001,0.0274119860252619,-0.010192681855268899,0.05871579400991165,-0.0047519200514561013,-0.031303807984649754,LEAVE_ONE_OUT_PRIMARY_UNIVERSE_COHORT_MEDIAN_SAME_ASOF
1340,WSSEC:WS:XTKS:6920,WS:XTKS:6920,XTKS,6920,JP_N225,2026-09-24,197,196,0.14277506463659859,-0.2519744264761189,-0.010572645773814549,0.05871579400991165,0.15334771041041315,-0.31069022048603057,LEAVE_ONE_OUT_PRIMARY_UNIVERSE_COHORT_MEDIAN_SAME_ASOF
1341,WSSEC:WS:XTKS:6954,WS:XTKS:6954,XTKS,6954,JP_N225,2026-09-24,197,196,-0.0051222736285525001,-0.1815957591409541,-0.010572645773814549,0.05871579400991165,0.0054503721452620491,-0.24031155315086575,LEAVE_ONE_OUT_PRIMARY_UNIVERSE_COHORT_MEDIAN_SAME_ASOF
1342,WSSEC:WS:XTKS:6963,WS:XTKS:6963,XTKS,6963,JP_N225,2026-09-24,197,196,0.0156350396230455,-0.16219081272084801,-0.010572645773814549,0.05871579400991165,0.02620768539686005,-0.22090660673075965,LEAVE_ONE_OUT_PRIMARY_UNIVERSE_COHORT_MEDIAN_SAME_ASOF
1343,WSSEC:WS:XTKS:6971,WS:XTKS:6971,XTKS,6971,JP_N225,2026-09-24,197,196,0.020979020979021001,0.0258572231590781,-0.010572645773814549,0.05871579400991165,0.03155166675283555,-0.032858570850833546,LEAVE_ONE_OUT_PRIMARY_UNIVERSE_COHORT_MEDIAN_SAME_ASOF
1344,WSSEC:WS:XTKS:6976,WS:XTKS:6976,XTKS,6976,JP_N225,2026-09-24,197,196,-0.023390534484643101,-0.5252391073326248,-0.010192681855268899,0.05871579400991165,-0.013197852629374202,-0.58395490134253647,LEAVE_ONE_OUT_PRIMARY_UNIVERSE_COHORT_MEDIAN_SAME_ASOF
1345,WSSEC:WS:XTKS:6981,WS:XTKS:6981,XTKS,6981,JP_N225,2026-09-24,197,196,0.1069760860336777,-0.33843551797040172,-0.010572645773814549,0.05871579400991165,0.11754873180749224,-0.39715131198031339,LEAVE_ONE_OUT_PRIMARY_UNIVERSE_COHORT_MEDIAN_SAME_ASOF
1346,WSSEC:WS:XTKS:6988,WS:XTKS:6988,XTKS,6988,JP_N225,2026-09-24,197,196,0.031112415614910498,0.0933706816059756,-0.010572645773814549,0.056702504210927651,0.041685061388725048,0.036668177395047949,LEAVE_ONE_OUT_PRIMARY_UNIVERSE_COHORT_MEDIAN_SAME_ASOF
1347,WSSEC:WS:XTKS:7011,WS:XTKS:7011,XTKS,7011,JP_N225,2026-09-24,197,196,-0.0065739570164349004,0.085959093421779903,-0.010572645773814549,0.056702504210927651,0.0039986887573796488,0.029256589210852252,LEAVE_ONE_OUT_PRIMARY_UNIVERSE_COHORT_MEDIAN_SAME_ASOF
1348,WSSEC:WS:XTKS:7012,WS:XTKS:7012,XTKS,7012,JP_N225,2026-09-24,197,196,-0.073359073359073296,-0.18408975012748591,-0.010192681855268899,0.05871579400991165,-0.063166391503804403,-0.24280554413739755,LEAVE_ONE_OUT_PRIMARY_UNIVERSE_COHORT_MEDIAN_SAME_ASOF
1349,WSSEC:WS:XTKS:7013,WS:XTKS:7013,XTKS,7013,JP_N225,2026-09-24,197,196,0.054627370001877298,0.033100404560500098,-0.010572645773814549,0.05871579400991165,0.065200015775691844,-0.025615389449411552,LEAVE_ONE_OUT_PRIMARY_UNIVERSE_COHORT_MEDIAN_SAME_ASOF
1350,WSSEC:WS:XTKS:7186,WS:XTKS:7186,XTKS,7186,JP_N225,2026-09-24,197,196,-0.0082799145299145005,0.085990055571804697,-0.010572645773814549,0.056702504210927651,0.0022927312439000487,0.029287551360877045,LEAVE_ONE_OUT_PRIMARY_UNIVERSE_COHORT_MEDIAN_SAME_ASOF
1351,WSSEC:WS:XTKS:7201,WS:XTKS:7201,XTKS,7201,JP_N225,2026-09-24,197,196,-0.091317365269461104,0.0049668874172185996,-0.010192681855268899,0.05871579400991165,-0.081124683414192211,-0.053748906592693046,LEAVE_ONE_OUT_PRIMARY_UNIVERSE_COHORT_MEDIAN_SAME_ASOF
1352,WSSEC:WS:XTKS:7202,WS:XTKS:7202,XTKS,7202,JP_N225,2026-09-24,197,196,-0.017206703910614501,0.014065021904542299,-0.010192681855268899,0.05871579400991165,-0.0070140220553456013,-0.04465077210536935,LEAVE_ONE_OUT_PRIMARY_UNIVERSE_COHORT_MEDIAN_SAME_ASOF
1353,WSSEC:WS:XTKS:7203,WS:XTKS:7203,XTKS,7203,JP_N225,2026-09-24,197,196,-0.049919999999999902,0.099426032216256302,-0.010192681855268899,0.056702504210927651,-0.039727318144731003,0.042723528005328651,LEAVE_ONE_OUT_PRIMARY_UNIVERSE_COHORT_MEDIAN_SAME_ASOF
1354,WSSEC:WS:XTKS:7211,WS:XTKS:7211,XTKS,7211,JP_N225,2026-09-24,197,196,0.0146327653626343,0.18778282886118619,-0.010572645773814549,0.056702504210927651,0.025205411136448849,0.13108032465025854,LEAVE_ONE_OUT_PRIMARY_UNIVERSE_COHORT_MEDIAN_SAME_ASOF
1355,WSSEC:WS:XTKS:7261,WS:XTKS:7261,XTKS,7261,JP_N225,2026-09-24,197,196,-0.049732840115084199,0.058608058608058601,-0.010192681855268899,0.0568102396127807,-0.0395401582598153,0.0017978189952779014,LEAVE_ONE_OUT_PRIMARY_UNIVERSE_COHORT_MEDIAN_SAME_ASOF
1356,WSSEC:WS:XTKS:7267,WS:XTKS:7267,XTKS,7267,JP_N225,2026-09-24,197,196,-0.0080137378362906998,0.22560113154172559,-0.010572645773814549,0.056702504210927651,0.0025589079375238494,0.16889862733079794,LEAVE_ONE_OUT_PRIMARY_UNIVERSE_COHORT_MEDIAN_SAME_ASOF
1357,WSSEC:WS:XTKS:7269,WS:XTKS:7269,XTKS,7269,JP_N225,2026-09-24,197,196,-0.063719727251351901,0.028143557965401401,-0.010192681855268899,0.05871579400991165,-0.053527045396083002,-0.030572236044510249,LEAVE_ONE_OUT_PRIMARY_UNIVERSE_COHORT_MEDIAN_SAME_ASOF
1358,WSSEC:WS:XTKS:7270,WS:XTKS:7270,XTKS,7270,JP_N225,2026-09-24,197,196,-0.010355865185464099,0.094316052467207895,-0.010409462443619351,0.056702504210927651,5.3597258155251362e-05,0.037613548256280244,LEAVE_ONE_OUT_PRIMARY_UNIVERSE_COHORT_MEDIAN_SAME_ASOF
1359,WSSEC:WS:XTKS:7272,WS:XTKS:7272,XTKS,7272,JP_N225,2026-09-24,197,196,-0.075012671059300498,0.46881287726358151,-0.010192681855268899,0.056702504210927651,-0.064819989204031592,0.41211037305265386,LEAVE_ONE_OUT_PRIMARY_UNIVERSE_COHORT_MEDIAN_SAME_ASOF
1360,WSSEC:WS:XTKS:7453,WS:XTKS:7453,XTKS,7453,JP_N225,2026-09-24,197,196,-0.070266446592784595,0.1179472639637084,-0.010192681855268899,0.056702504210927651,-0.060073764737515696,0.06124475975278075,LEAVE_ONE_OUT_PRIMARY_UNIVERSE_COHORT_MEDIAN_SAME_ASOF
1361,WSSEC:WS:XTKS:7532,WS:XTKS:7532,XTKS,7532,JP_N225,2026-09-24,197,196,-0.1168126443580802,-0.12757403515259039,-0.010192681855268899,0.05871579400991165,-0.10661996250281131,-0.18628982916250203,LEAVE_ONE_OUT_PRIMARY_UNIVERSE_COHORT_MEDIAN_SAME_ASOF
1362,WSSEC:WS:XTKS:7731,WS:XTKS:7731,XTKS,7731,JP_N225,2026-09-24,197,196,-0.061600605907598999,-0.18109715796430931,-0.010192681855268899,0.05871579400991165,-0.051407924052330099,-0.23981295197422095,LEAVE_ONE_OUT_PRIMARY_UNIVERSE_COHORT_MEDIAN_SAME_ASOF
1363,WSSEC:WS:XTKS:7733,WS:XTKS:7733,XTKS,7733,JP_N225,2026-09-24,197,196,-0.076388888888888798,0.21981045551819009,-0.010192681855268899,0.056702504210927651,-0.066196207033619892,0.16310795130726244,LEAVE_ONE_OUT_PRIMARY_UNIVERSE_COHORT_MEDIAN_SAME_ASOF
1364,WSSEC:WS:XTKS:7735,WS:XTKS:7735,XTKS,7735,JP_N225,2026-09-24,197,196,0.011406844106463801,-0.24539007092198581,-0.010572645773814549,0.05871579400991165,0.021979489880278348,-0.30410586493189745,LEAVE_ONE_OUT_PRIMARY_UNIVERSE_COHORT_MEDIAN_SAME_ASOF
1365,WSSEC:WS:XTKS:7741,WS:XTKS:7741,XTKS,7741,JP_N225,2026-09-24,197,196,-0.070496083550913802,-0.1140888208269524,-0.010192681855268899,0.05871579400991165,-0.060303401695644902,-0.17280461483686405,LEAVE_ONE_OUT_PRIMARY_UNIVERSE_COHORT_MEDIAN_SAME_ASOF
1366,WSSEC:WS:XTKS:7751,WS:XTKS:7751,XTKS,7751,JP_N225,2026-09-24,197,196,-0.0123349924258818,0.071864725223109396,-0.010192681855268899,0.056702504210927651,-0.0021423105706129004,0.015162221012181745,LEAVE_ONE_OUT_PRIMARY_UNIVERSE_COHORT_MEDIAN_SAME_ASOF
1367,WSSEC:WS:XTKS:7752,WS:XTKS:7752,XTKS,7752,JP_N225,2026-09-24,197,196,-0.00030129557095510002,0.1312649164677803,-0.010572645773814549,0.056702504210927651,0.01027135020285945,0.074562412256852645,LEAVE_ONE_OUT_PRIMARY_UNIVERSE_COHORT_MEDIAN_SAME_ASOF
1368,WSSEC:WS:XTKS:7832,WS:XTKS:7832,XTKS,7832,JP_N225,2026-09-24,197,196,-0.0113677372789606,0.4685071026534442,-0.010192681855268899,0.056702504210927651,-0.001175055423691701,0.41180459844251655,LEAVE_ONE_OUT_PRIMARY_UNIVERSE_COHORT_MEDIAN_SAME_ASOF
1369,WSSEC:WS:XTKS:7911,WS:XTKS:7911,XTKS,7911,JP_N225,2026-09-24,197,196,-0.016193522590963599,-0.0560138116247842,-0.010192681855268899,0.05871579400991165,-0.0060008407356946999,-0.11472960563469585,LEAVE_ONE_OUT_PRIMARY_UNIVERSE_COHORT_MEDIAN_SAME_ASOF
1370,WSSEC:WS:XTKS:7912,WS:XTKS:7912,XTKS,7912,JP_N225,2026-09-24,197,196,-0.059158494147421602,0.054796949813796701,-0.010192681855268899,0.05871579400991165,-0.048965812292152702,-0.0039188441961149484,LEAVE_ONE_OUT_PRIMARY_UNIVERSE_COHORT_MEDIAN_SAME_ASOF
1371,WSSEC:WS:XTKS:7951,WS:XTKS:7951,XTKS,7951,JP_N225,2026-09-24,197,196,-0.050608828006088201,0.087145969498910694,-0.010192681855268899,0.056702504210927651,-0.040416146150819302,0.030443465287983043,LEAVE_ONE_OUT_PRIMARY_UNIVERSE_COHORT_MEDIAN_SAME_ASOF
1372,WSSEC:WS:XTKS:7974,WS:XTKS:7974,XTKS,7974,JP_N225,2026-09-24,197,196,-0.0678949164107812,0.19492637410701261,-0.010192681855268899,0.056702504210927651,-0.057702234555512301,0.13822386989608496,LEAVE_ONE_OUT_PRIMARY_UNIVERSE_COHORT_MEDIAN_SAME_ASOF
1373,WSSEC:WS:XTKS:8001,WS:XTKS:8001,XTKS,8001,JP_N225,2026-09-24,197,196,0.048642266824084901,0.22409040793825791,-0.010572645773814549,0.056702504210927651,0.059214912597899447,0.16738790372733026,LEAVE_ONE_OUT_PRIMARY_UNIVERSE_COHORT_MEDIAN_SAME_ASOF
1374,WSSEC:WS:XTKS:8002,WS:XTKS:8002,XTKS,8002,JP_N225,2026-09-24,197,196,-0.020875150541950899,0.058823529411764698,-0.010192681855268899,0.056702504210927651,-0.010682468686682,0.002121025200837047,LEAVE_ONE_OUT_PRIMARY_UNIVERSE_COHORT_MEDIAN_SAME_ASOF
1375,WSSEC:WS:XTKS:8015,WS:XTKS:8015,XTKS,8015,JP_N225,2026-09-24,197,196,-0.00027162841233190001,0.22683333333333339,-0.010572645773814549,0.056702504210927651,0.010301017361482648,0.17013082912240574,LEAVE_ONE_OUT_PRIMARY_UNIVERSE_COHORT_MEDIAN_SAME_ASOF
1376,WSSEC:WS:XTKS:8031,WS:XTKS:8031,XTKS,8031,JP_N225,2026-09-24,197,196,0.015946709729511298,0.13202878992352679,-0.010572645773814549,0.056702504210927651,0.026519355503325848,0.075326285712599139,LEAVE_ONE_OUT_PRIMARY_UNIVERSE_COHORT_MEDIAN_SAME_ASOF
1377,WSSEC:WS:XTKS:8035,WS:XTKS:8035,XTKS,8035,JP_N225,2026-09-24,197,196,-0.022302810516772398,-0.28431112290947702,-0.010192681855268899,0.05871579400991165,-0.012110128661503499,-0.34302691691938869,LEAVE_ONE_OUT_PRIMARY_UNIVERSE_COHORT_MEDIAN_SAME_ASOF
1378,WSSEC:WS:XTKS:8053,WS:XTKS:8053,XTKS,8053,JP_N225,2026-09-24,197,196,-0.0014116318464143999,3.6159869494290366,-0.010572645773814549,0.056702504210927651,0.0091610139274001488,3.5592844452181089,LEAVE_ONE_OUT_PRIMARY_UNIVERSE_COHORT_MEDIAN_SAME_ASOF
1379,WSSEC:WS:XTKS:8058,WS:XTKS:8058,XTKS,8058,JP_N225,2026-09-24,197,196,0.0037554767369078999,0.0934090909090909,-0.010572645773814549,0.056702504210927651,0.014328122510722449,0.036706586698163249,LEAVE_ONE_OUT_PRIMARY_UNIVERSE_COHORT_MEDIAN_SAME_ASOF
1380,WSSEC:WS:XTKS:8233,WS:XTKS:8233,XTKS,8233,JP_N225,2026-09-24,197,196,-0.110155266470835,-0.1850499615680245,-0.010192681855268899,0.05871579400991165,-0.099962584615566091,-0.24376575557793614,LEAVE_ONE_OUT_PRIMARY_UNIVERSE_COHORT_MEDIAN_SAME_ASOF
1381,WSSEC:WS:XTKS:8267,WS:XTKS:8267,XTKS,8267,JP_N225,2026-09-24,197,196,-0.049707602339181201,0,-0.010192681855268899,0.05871579400991165,-0.039514920483912301,-0.05871579400991165,LEAVE_ONE_OUT_PRIMARY_UNIVERSE_COHORT_MEDIAN_SAME_ASOF
1382,WSSEC:WS:XTKS:8304,WS:XTKS:8304,XTKS,8304,JP_N225,2026-09-24,197,196,0.038766788766788803,0.2476626947754354,-0.010572645773814549,0.056702504210927651,0.049339434540603355,0.19096019056450775,LEAVE_ONE_OUT_PRIMARY_UNIVERSE_COHORT_MEDIAN_SAME_ASOF
1383,WSSEC:WS:XTKS:8306,WS:XTKS:8306,XTKS,8306,JP_N225,2026-09-24,197,196,0.026429187015225501,0.10516548097742021,-0.010572645773814549,0.056702504210927651,0.037001832789040054,0.048462976766492555,LEAVE_ONE_OUT_PRIMARY_UNIVERSE_COHORT_MEDIAN_SAME_ASOF
1384,WSSEC:WS:XTKS:8308,WS:XTKS:8308,XTKS,8308,JP_N225,2026-09-24,197,196,0.0202446225221426,0.14807783578547701,-0.010572645773814549,0.056702504210927651,0.03081726829595715,0.091375331574549357,LEAVE_ONE_OUT_PRIMARY_UNIVERSE_COHORT_MEDIAN_SAME_ASOF
1385,WSSEC:WS:XTKS:8309,WS:XTKS:8309,XTKS,8309,JP_N225,2026-09-24,197,196,0.034077555816686103,3.709817695266767,-0.010572645773814549,0.056702504210927651,0.044650201590500649,3.6531151910558393,LEAVE_ONE_OUT_PRIMARY_UNIVERSE_COHORT_MEDIAN_SAME_ASOF
1386,WSSEC:WS:XTKS:8316,WS:XTKS:8316,XTKS,8316,JP_N225,2026-09-24,197,196,0.0130441377218262,0.053470031545741203,-0.010572645773814549,0.05871579400991165,0.023616783495640749,-0.0052457624641704462,LEAVE_ONE_OUT_PRIMARY_UNIVERSE_COHORT_MEDIAN_SAME_ASOF
1387,WSSEC:WS:XTKS:8331,WS:XTKS:8331,XTKS,8331,JP_N225,2026-09-24,197,196,0.00073260073260069997,0.12105047189166999,-0.010572645773814549,0.056702504210927651,0.01130524650641525,0.064347967680742343,LEAVE_ONE_OUT_PRIMARY_UNIVERSE_COHORT_MEDIAN_SAME_ASOF
1388,WSSEC:WS:XTKS:8354,WS:XTKS:8354,XTKS,8354,JP_N225,2026-09-24,197,196,0.016321656050955299,0.1291463954002654,-0.010572645773814549,0.056702504210927651,0.026894301824769849,0.07244389118933775,LEAVE_ONE_OUT_PRIMARY_UNIVERSE_COHORT_MEDIAN_SAME_ASOF
1389,WSSEC:WS:XTKS:8411,WS:XTKS:8411,XTKS,8411,JP_N225,2026-09-24,197,196,0.021213616181548999,0.071844660194174598,-0.010572645773814549,0.056702504210927651,0.031786261955363548,0.015142155983246947,LEAVE_ONE_OUT_PRIMARY_UNIVERSE_COHORT_MEDIAN_SAME_ASOF
1390,WSSEC:WS:XTKS:8591,WS:XTKS:8591,XTKS,8591,JP_N225,2026-09-24,197,196,-0.0256079884039297,-0.019289998378991698,-0.010192681855268899,0.05871579400991165,-0.015415306548660801,-0.078005792388903344,LEAVE_ONE_OUT_PRIMARY_UNIVERSE_COHORT_MEDIAN_SAME_ASOF
1391,WSSEC:WS:XTKS:8601,WS:XTKS:8601,XTKS,8601,JP_N225,2026-09-24,197,196,0.0078365519171562995,0.132746146586977,-0.010572645773814549,0.056702504210927651,0.018409197690970849,0.076043642376049353,LEAVE_ONE_OUT_PRIMARY_UNIVERSE_COHORT_MEDIAN_SAME_ASOF
1392,WSSEC:WS:XTKS:8604,WS:XTKS:8604,XTKS,8604,JP_N225,2026-09-24,197,196,0.0068226120857699003,0.096215068977714799,-0.010572645773814549,0.056702504210927651,0.01739525785958445,0.039512564766787148,LEAVE_ONE_OUT_PRIMARY_UNIVERSE_COHORT_MEDIAN_SAME_ASOF
1393,WSSEC:WS:XTKS:8630,WS:XTKS:8630,XTKS,8630,JP_N225,2026-09-24,197,196,0.0089445438282647009,0.10859950859950861,-0.010572645773814549,0.056702504210927651,0.019517189602079252,0.051897004388580956,LEAVE_ONE_OUT_PRIMARY_UNIVERSE_COHORT_MEDIAN_SAME_ASOF
1394,WSSEC:WS:XTKS:8697,WS:XTKS:8697,XTKS,8697,JP_N225,2026-09-24,197,196,0.015858834040652199,0.121301775147929,-0.010572645773814549,0.056702504210927651,0.026431479814466748,0.064599270937001352,LEAVE_ONE_OUT_PRIMARY_UNIVERSE_COHORT_MEDIAN_SAME_ASOF
1395,WSSEC:WS:XTKS:8725,WS:XTKS:8725,XTKS,8725,JP_N225,2026-09-24,197,196,0.0087274203369189004,0.16886171213546561,-0.010572645773814549,0.056702504210927651,0.019300066110733448,0.11215920792453796,LEAVE_ONE_OUT_PRIMARY_UNIVERSE_COHORT_MEDIAN_SAME_ASOF
1396,WSSEC:WS:XTKS:8750,WS:XTKS:8750,XTKS,8750,JP_N225,2026-09-24,197,196,0.052616769836803599,0.096745822339489904,-0.010572645773814549,0.056702504210927651,0.063189415610618152,0.040043318128562252,LEAVE_ONE_OUT_PRIMARY_UNIVERSE_COHORT_MEDIAN_SAME_ASOF
1397,WSSEC:WS:XTKS:8766,WS:XTKS:8766,XTKS,8766,JP_N225,2026-09-24,197,196,0.092411513565624395,0.15795620437956209,-0.010572645773814549,0.056702504210927651,0.10298415933943894,0.10125370016863444,LEAVE_ONE_OUT_PRIMARY_UNIVERSE_COHORT_MEDIAN_SAME_ASOF
1398,WSSEC:WS:XTKS:8795,WS:XTKS:8795,XTKS,8795,JP_N225,2026-09-24,197,196,0.032387806943268302,0.0398720682302771,-0.010572645773814549,0.05871579400991165,0.042960452717082848,-0.01884372577963455,LEAVE_ONE_OUT_PRIMARY_UNIVERSE_COHORT_MEDIAN_SAME_ASOF
1399,WSSEC:WS:XTKS:8801,WS:XTKS:8801,XTKS,8801,JP_N225,2026-09-24,197,196,-0.0079312623925974005,0.017627118644067699,-0.010572645773814549,0.05871579400991165,0.0026413833812171487,-0.04108867536584395,LEAVE_ONE_OUT_PRIMARY_UNIVERSE_COHORT_MEDIAN_SAME_ASOF
1400,WSSEC:WS:XTKS:8802,WS:XTKS:8802,XTKS,8802,JP_N225,2026-09-24,197,196,-0.021797631862217299,-0.087600401606425599,-0.010192681855268899,0.05871579400991165,-0.011604950006948399,-0.14631619561633724,LEAVE_ONE_OUT_PRIMARY_UNIVERSE_COHORT_MEDIAN_SAME_ASOF
1401,WSSEC:WS:XTKS:8830,WS:XTKS:8830,XTKS,8830,JP_N225,2026-09-24,197,196,-0.050782403306761002,-0.0795877469224162,-0.010192681855268899,0.05871579400991165,-0.040589721451492103,-0.13830354093232786,LEAVE_ONE_OUT_PRIMARY_UNIVERSE_COHORT_MEDIAN_SAME_ASOF
1402,WSSEC:WS:XTKS:9005,WS:XTKS:9005,XTKS,9005,JP_N225,2026-09-24,197,196,-0.024658348187759901,-0.0054528930627082001,-0.010192681855268899,0.05871579400991165,-0.014465666332491002,-0.064168687072619857,LEAVE_ONE_OUT_PRIMARY_UNIVERSE_COHORT_MEDIAN_SAME_ASOF
1403,WSSEC:WS:XTKS:9020,WS:XTKS:9020,XTKS,9020,JP_N225,2026-09-24,197,196,-0.020921685043822399,0.0358959018845348,-0.010192681855268899,0.05871579400991165,-0.0107290031885535,-0.022819892125376849,LEAVE_ONE_OUT_PRIMARY_UNIVERSE_COHORT_MEDIAN_SAME_ASOF
1404,WSSEC:WS:XTKS:9021,WS:XTKS:9021,XTKS,9021,JP_N225,2026-09-24,197,196,0.017947849644429401,0.1397156398104264,-0.010572645773814549,0.056702504210927651,0.02852049541824395,0.083013135599498744,LEAVE_ONE_OUT_PRIMARY_UNIVERSE_COHORT_MEDIAN_SAME_ASOF
1405,WSSEC:WS:XTKS:9022,WS:XTKS:9022,XTKS,9022,JP_N225,2026-09-24,197,196,-0.042824369105276497,0.1239149955103262,-0.010192681855268899,0.056702504210927651,-0.032631687250007597,0.067212491299398547,LEAVE_ONE_OUT_PRIMARY_UNIVERSE_COHORT_MEDIAN_SAME_ASOF
1406,WSSEC:WS:XTKS:9101,WS:XTKS:9101,XTKS,9101,JP_N225,2026-09-24,197,196,0.0076388888888888999,0.3763991652437868,-0.010572645773814549,0.056702504210927651,0.018211534662703449,0.31969666103285915,LEAVE_ONE_OUT_PRIMARY_UNIVERSE_COHORT_MEDIAN_SAME_ASOF
1407,WSSEC:WS:XTKS:9104,WS:XTKS:9104,XTKS,9104,JP_N225,2026-09-24,197,196,-0.023505154639175199,0.3518553758325404,-0.010192681855268899,0.056702504210927651,-0.0133124727839063,0.29515287162161274,LEAVE_ONE_OUT_PRIMARY_UNIVERSE_COHORT_MEDIAN_SAME_ASOF
1408,WSSEC:WS:XTKS:9107,WS:XTKS:9107,XTKS,9107,JP_N225,2026-09-24,197,196,-0.017027417027416999,0.39190845933796492,-0.010192681855268899,0.056702504210927651,-0.0068347351721480994,0.33520595512703727,LEAVE_ONE_OUT_PRIMARY_UNIVERSE_COHORT_MEDIAN_SAME_ASOF
1409,WSSEC:WS:XTKS:9147,WS:XTKS:9147,XTKS,9147,JP_N225,2026-09-24,197,196,-0.0099772448800979005,0.13871552244815771,-0.010572645773814549,0.056702504210927651,0.0005954008937166487,0.082013018237230062,LEAVE_ONE_OUT_PRIMARY_UNIVERSE_COHORT_MEDIAN_SAME_ASOF
1410,WSSEC:WS:XTKS:9201,WS:XTKS:9201,XTKS,9201,JP_N225,2026-09-24,197,196,0.028342780926975598,0.095170454545454503,-0.010572645773814549,0.056702504210927651,0.038915426700790151,0.038467950334526851,LEAVE_ONE_OUT_PRIMARY_UNIVERSE_COHORT_MEDIAN_SAME_ASOF
1411,WSSEC:WS:XTKS:9202,WS:XTKS:9202,XTKS,9202,JP_N225,2026-09-24,197,196,-0.0092105263157894,0.0066844919786094997,-0.010572645773814549,0.05871579400991165,0.0013621194580251492,-0.05203130203130215,LEAVE_ONE_OUT_PRIMARY_UNIVERSE_COHORT_MEDIAN_SAME_ASOF
1412,WSSEC:WS:XTKS:9432,WS:XTKS:9432,XTKS,9432,JP_N225,2026-09-24,197,196,0.050450413792698802,0.21627253257799151,-0.010572645773814549,0.056702504210927651,0.061023059566513355,0.15957002836706385,LEAVE_ONE_OUT_PRIMARY_UNIVERSE_COHORT_MEDIAN_SAME_ASOF
1413,WSSEC:WS:XTKS:9433,WS:XTKS:9433,XTKS,9433,JP_N225,2026-09-24,197,196,0.053527980535279698,0.13584410717631629,-0.010572645773814549,0.056702504210927651,0.064100626309094244,0.079141602965388635,LEAVE_ONE_OUT_PRIMARY_UNIVERSE_COHORT_MEDIAN_SAME_ASOF
1414,WSSEC:WS:XTKS:9434,WS:XTKS:9434,XTKS,9434,JP_N225,2026-09-24,197,196,0.048085119369182201,0.2115100804452654,-0.010572645773814549,0.056702504210927651,0.058657765142996754,0.15480757623433775,LEAVE_ONE_OUT_PRIMARY_UNIVERSE_COHORT_MEDIAN_SAME_ASOF
1415,WSSEC:WS:XTKS:9501,WS:XTKS:9501,XTKS,9501,JP_N225,2026-09-24,197,196,-0.0197760738543609,0.091853722123379,-0.010192681855268899,0.056702504210927651,-0.0095833919990920002,0.035151217912451349,LEAVE_ONE_OUT_PRIMARY_UNIVERSE_COHORT_MEDIAN_SAME_ASOF
1416,WSSEC:WS:XTKS:9502,WS:XTKS:9502,XTKS,9502,JP_N225,2026-09-24,197,196,-0.0096651708664134001,-0.055317747777411899,-0.010572645773814549,0.05871579400991165,0.00090747490740114914,-0.11403354178732356,LEAVE_ONE_OUT_PRIMARY_UNIVERSE_COHORT_MEDIAN_SAME_ASOF
1417,WSSEC:WS:XTKS:9503,WS:XTKS:9503,XTKS,9503,JP_N225,2026-09-24,197,196,0.0710689388071261,0.1982235701906411,-0.010572645773814549,0.056702504210927651,0.081641584580940646,0.14152106597971345,LEAVE_ONE_OUT_PRIMARY_UNIVERSE_COHORT_MEDIAN_SAME_ASOF
1418,WSSEC:WS:XTKS:9531,WS:XTKS:9531,XTKS,9531,JP_N225,2026-09-24,197,196,0.0093289689034370005,0.0163150955833881,-0.010572645773814549,0.05871579400991165,0.019901614677251551,-0.042400698426523553,LEAVE_ONE_OUT_PRIMARY_UNIVERSE_COHORT_MEDIAN_SAME_ASOF
1419,WSSEC:WS:XTKS:9532,WS:XTKS:9532,XTKS,9532,JP_N225,2026-09-24,197,196,0.034956304619225997,0.082851278223548999,-0.010572645773814549,0.056702504210927651,0.045528950393040543,0.026148774012621348,LEAVE_ONE_OUT_PRIMARY_UNIVERSE_COHORT_MEDIAN_SAME_ASOF
1420,WSSEC:WS:XTKS:9602,WS:XTKS:9602,XTKS,9602,JP_N225,2026-09-24,197,196,0.0089399744572157998,0.2363067292644758,-0.010572645773814549,0.056702504210927651,0.019512620231030349,0.17960422505354814,LEAVE_ONE_OUT_PRIMARY_UNIVERSE_COHORT_MEDIAN_SAME_ASOF
1421,WSSEC:WS:XTKS:9735,WS:XTKS:9735,XTKS,9735,JP_N225,2026-09-24,197,196,-0.012898212898212901,-0.0034515218073423001,-0.010192681855268899,0.05871579400991165,-0.0027055310429440014,-0.062167315817253953,LEAVE_ONE_OUT_PRIMARY_UNIVERSE_COHORT_MEDIAN_SAME_ASOF
1422,WSSEC:WS:XTKS:9766,WS:XTKS:9766,XTKS,9766,JP_N225,2026-09-24,197,196,-0.034747292418772599,0.2307249712313004,-0.010192681855268899,0.056702504210927651,-0.0245546105635037,0.17402246702037275,LEAVE_ONE_OUT_PRIMARY_UNIVERSE_COHORT_MEDIAN_SAME_ASOF
1423,WSSEC:WS:XTKS:9843,WS:XTKS:9843,XTKS,9843,JP_N225,2026-09-24,197,196,-0.011404366243075901,0.26574885273258242,-0.010192681855268899,0.056702504210927651,-0.0012116843878070011,0.20904634852165477,LEAVE_ONE_OUT_PRIMARY_UNIVERSE_COHORT_MEDIAN_SAME_ASOF
1424,WSSEC:WS:XTKS:9983,WS:XTKS:9983,XTKS,9983,JP_N225,2026-09-24,197,196,-0.0675453047775946,-0.19430604982206401,-0.010192681855268899,0.05871579400991165,-0.057352622922325701,-0.25302184383197568,LEAVE_ONE_OUT_PRIMARY_UNIVERSE_COHORT_MEDIAN_SAME_ASOF
1425,WSSEC:WS:XTKS:9984,WS:XTKS:9984,XTKS,9984,JP_N225,2026-09-24,197,196,0.27678391959798992,-0.10761449845462211,-0.010572645773814549,0.05871579400991165,0.28735656537180448,-0.16633029246453376,LEAVE_ONE_OUT_PRIMARY_UNIVERSE_COHORT_MEDIAN_SAME_ASOF
