Security_Key,Source_WS_ID,Primary_MIC,Primary_Universe_Index,security_asof,benchmark_peer_asof,future_peer_count,Result
WSSEC:WS:BVMF:ABEV3,WS:BVMF:ABEV3,BVMF,BR_IBRX100,2026-09-24,2026-09-24,0,PASS
WSSEC:WS:BVMF:ALOS3,WS:BVMF:ALOS3,BVMF,BR_IBRX100,2026-09-24,2026-09-24,0,PASS
WSSEC:WS:BVMF:AXIA3,WS:BVMF:AXIA3,BVMF,BR_IBRX100,2026-09-24,2026-09-24,0,PASS
WSSEC:WS:BVMF:B3SA3,WS:BVMF:B3SA3,BVMF,BR_IBRX100,2026-09-24,2026-09-24,0,PASS
WSSEC:WS:BVMF:BBAS3,WS:BVMF:BBAS3,BVMF,BR_IBRX100,2026-09-24,2026-09-24,0,PASS
WSSEC:WS:BVMF:BBSE3,WS:BVMF:BBSE3,BVMF,BR_IBRX100,2026-09-24,2026-09-24,0,PASS
WSSEC:WS:BVMF:CPLE3,WS:BVMF:CPLE3,BVMF,BR_IBRX100,2026-09-24,2026-09-24,0,PASS
WSSEC:WS:BVMF:CSAN3,WS:BVMF:CSAN3,BVMF,BR_IBRX100,2026-09-24,2026-09-24,0,PASS
WSSEC:WS:BVMF:CSMG3,WS:BVMF:CSMG3,BVMF,BR_IBRX100,2026-09-24,2026-09-24,0,PASS
WSSEC:WS:BVMF:CURY3,WS:BVMF:CURY3,BVMF,BR_IBRX100,2026-09-24,2026-09-24,0,PASS
WSSEC:WS:BVMF:CXSE3,WS:BVMF:CXSE3,BVMF,BR_IBRX100,2026-09-24,2026-09-24,0,PASS
WSSEC:WS:BVMF:CYRE3,WS:BVMF:CYRE3,BVMF,BR_IBRX100,2026-09-24,2026-09-24,0,PASS
WSSEC:WS:BVMF:EGIE3,WS:BVMF:EGIE3,BVMF,BR_IBRX100,2026-09-24,2026-09-24,0,PASS
WSSEC:WS:BVMF:EMBJ3,WS:BVMF:EMBJ3,BVMF,BR_IBRX100,2026-09-24,2026-09-24,0,PASS
WSSEC:WS:BVMF:ENEV3,WS:BVMF:ENEV3,BVMF,BR_IBRX100,2026-09-24,2026-09-24,0,PASS
WSSEC:WS:BVMF:EQTL3,WS:BVMF:EQTL3,BVMF,BR_IBRX100,2026-09-24,2026-09-24,0,PASS
WSSEC:WS:BVMF:LREN3,WS:BVMF:LREN3,BVMF,BR_IBRX100,2026-09-24,2026-09-24,0,PASS
WSSEC:WS:BVMF:MBRF3,WS:BVMF:MBRF3,BVMF,BR_IBRX100,2026-09-24,2026-09-24,0,PASS
WSSEC:WS:BVMF:MGLU3,WS:BVMF:MGLU3,BVMF,BR_IBRX100,2026-09-24,2026-09-24,0,PASS
WSSEC:WS:BVMF:MOTV3,WS:BVMF:MOTV3,BVMF,BR_IBRX100,2026-09-24,2026-09-24,0,PASS
WSSEC:WS:BVMF:MULT3,WS:BVMF:MULT3,BVMF,BR_IBRX100,2026-09-24,2026-09-24,0,PASS
WSSEC:WS:BVMF:PETR3,WS:BVMF:PETR3,BVMF,BR_IBRX100,2026-09-24,2026-09-24,0,PASS
WSSEC:WS:BVMF:PRIO3,WS:BVMF:PRIO3,BVMF,BR_IBRX100,2026-09-24,2026-09-24,0,PASS
WSSEC:WS:BVMF:RADL3,WS:BVMF:RADL3,BVMF,BR_IBRX100,2026-09-24,2026-09-24,0,PASS
WSSEC:WS:BVMF:RAIL3,WS:BVMF:RAIL3,BVMF,BR_IBRX100,2026-09-24,2026-09-24,0,PASS
WSSEC:WS:BVMF:RDOR3,WS:BVMF:RDOR3,BVMF,BR_IBRX100,2026-09-24,2026-09-24,0,PASS
WSSEC:WS:BVMF:RENT3,WS:BVMF:RENT3,BVMF,BR_IBRX100,2026-09-24,2026-09-24,0,PASS
WSSEC:WS:BVMF:SBSP3,WS:BVMF:SBSP3,BVMF,BR_IBRX100,2026-09-24,2026-09-24,0,PASS
WSSEC:WS:BVMF:SMFT3,WS:BVMF:SMFT3,BVMF,BR_IBRX100,2026-09-24,2026-09-24,0,PASS
WSSEC:WS:BVMF:SUZB3,WS:BVMF:SUZB3,BVMF,BR_IBRX100,2026-09-24,2026-09-24,0,PASS
WSSEC:WS:BVMF:TIMS3,WS:BVMF:TIMS3,BVMF,BR_IBRX100,2026-09-24,2026-09-24,0,PASS
WSSEC:WS:BVMF:TOTS3,WS:BVMF:TOTS3,BVMF,BR_IBRX100,2026-09-24,2026-09-24,0,PASS
WSSEC:WS:BVMF:UGPA3,WS:BVMF:UGPA3,BVMF,BR_IBRX100,2026-09-24,2026-09-24,0,PASS
WSSEC:WS:BVMF:VALE3,WS:BVMF:VALE3,BVMF,BR_IBRX100,2026-09-24,2026-09-24,0,PASS
WSSEC:WS:BVMF:VBBR3,WS:BVMF:VBBR3,BVMF,BR_IBRX100,2026-09-24,2026-09-24,0,PASS
WSSEC:WS:BVMF:VIVT3,WS:BVMF:VIVT3,BVMF,BR_IBRX100,2026-09-24,2026-09-24,0,PASS
WSSEC:WS:BVMF:WEGE3,WS:BVMF:WEGE3,BVMF,BR_IBRX100,2026-09-24,2026-09-24,0,PASS
WSSEC:WS:ISIN:INE002A01018,WS:ISIN:INE002A01018,XNSE,IN_NIFTY50,2026-09-24,2026-09-24,0,PASS
WSSEC:WS:ISIN:INE009A01021,WS:ISIN:INE009A01021,XNSE,IN_NIFTY50,2026-09-24,2026-09-24,0,PASS
WSSEC:WS:ISIN:INE018A01030,WS:ISIN:INE018A01030,XNSE,IN_NIFTY50,2026-09-24,2026-09-24,0,PASS
WSSEC:WS:ISIN:INE019A01038,WS:ISIN:INE019A01038,XNSE,IN_NIFTY50,2026-09-24,2026-09-24,0,PASS
WSSEC:WS:ISIN:INE021A01026,WS:ISIN:INE021A01026,XNSE,IN_NIFTY50,2026-09-24,2026-09-24,0,PASS
WSSEC:WS:ISIN:INE027H01010,WS:ISIN:INE027H01010,XNSE,IN_NIFTY50,2026-09-24,2026-09-24,0,PASS
WSSEC:WS:ISIN:INE030A01027,WS:ISIN:INE030A01027,XNSE,IN_NIFTY50,2026-09-24,2026-09-24,0,PASS
WSSEC:WS:ISIN:INE038A01020,WS:ISIN:INE038A01020,XNSE,IN_NIFTY50,2026-09-24,2026-09-24,0,PASS
WSSEC:WS:ISIN:INE040A01034,WS:ISIN:INE040A01034,XNSE,IN_NIFTY50,2026-09-24,2026-09-24,0,PASS
WSSEC:WS:ISIN:INE044A01036,WS:ISIN:INE044A01036,XNSE,IN_NIFTY50,2026-09-24,2026-09-24,0,PASS
WSSEC:WS:ISIN:INE047A01021,WS:ISIN:INE047A01021,XNSE,IN_NIFTY50,2026-09-24,2026-09-24,0,PASS
WSSEC:WS:ISIN:INE062A01020,WS:ISIN:INE062A01020,XNSE,IN_NIFTY50,2026-09-24,2026-09-24,0,PASS
WSSEC:WS:ISIN:INE066A01021,WS:ISIN:INE066A01021,XNSE,IN_NIFTY50,2026-09-24,2026-09-24,0,PASS
WSSEC:WS:ISIN:INE081A01020,WS:ISIN:INE081A01020,XNSE,IN_NIFTY50,2026-09-24,2026-09-24,0,PASS
WSSEC:WS:ISIN:INE089A01031,WS:ISIN:INE089A01031,XNSE,IN_NIFTY50,2026-09-24,2026-09-24,0,PASS
WSSEC:WS:ISIN:INE090A01021,WS:ISIN:INE090A01021,XNSE,IN_NIFTY50,2026-09-24,2026-09-24,0,PASS
WSSEC:WS:ISIN:INE101A01026,WS:ISIN:INE101A01026,XNSE,IN_NIFTY50,2026-09-24,2026-09-24,0,PASS
WSSEC:WS:ISIN:INE154A01025,WS:ISIN:INE154A01025,XNSE,IN_NIFTY50,2026-09-24,2026-09-24,0,PASS
WSSEC:WS:ISIN:INE155A01022,WS:ISIN:INE155A01022,XNSE,IN_NIFTY50,2026-09-24,2026-09-24,0,PASS
WSSEC:WS:ISIN:INE213A01029,WS:ISIN:INE213A01029,XNSE,IN_NIFTY50,2026-09-24,2026-09-24,0,PASS
WSSEC:WS:ISIN:INE237A01036,WS:ISIN:INE237A01036,XNSE,IN_NIFTY50,2026-09-24,2026-09-24,0,PASS
WSSEC:WS:ISIN:INE238A01034,WS:ISIN:INE238A01034,XNSE,IN_NIFTY50,2026-09-24,2026-09-24,0,PASS
WSSEC:WS:ISIN:INE239A01024,WS:ISIN:INE239A01024,XNSE,IN_NIFTY50,2026-09-24,2026-09-24,0,PASS
WSSEC:WS:ISIN:INE263A01024,WS:ISIN:INE263A01024,XNSE,IN_NIFTY50,2026-09-24,2026-09-24,0,PASS
WSSEC:WS:ISIN:INE280A01028,WS:ISIN:INE280A01028,XNSE,IN_NIFTY50,2026-09-24,2026-09-24,0,PASS
WSSEC:WS:ISIN:INE296A01032,WS:ISIN:INE296A01032,XNSE,IN_NIFTY50,2026-09-24,2026-09-24,0,PASS
WSSEC:WS:ISIN:INE397D01024,WS:ISIN:INE397D01024,XNSE,IN_NIFTY50,2026-09-24,2026-09-24,0,PASS
WSSEC:WS:ISIN:INE423A01024,WS:ISIN:INE423A01024,XNSE,IN_NIFTY50,2026-09-24,2026-09-24,0,PASS
WSSEC:WS:ISIN:INE437A01024,WS:ISIN:INE437A01024,XNSE,IN_NIFTY50,2026-09-24,2026-09-24,0,PASS
WSSEC:WS:ISIN:INE467B01029,WS:ISIN:INE467B01029,XNSE,IN_NIFTY50,2026-09-24,2026-09-24,0,PASS
WSSEC:WS:ISIN:INE481G01011,WS:ISIN:INE481G01011,XNSE,IN_NIFTY50,2026-09-24,2026-09-24,0,PASS
WSSEC:WS:ISIN:INE522F01014,WS:ISIN:INE522F01014,XNSE,IN_NIFTY50,2026-09-24,2026-09-24,0,PASS
WSSEC:WS:ISIN:INE585B01010,WS:ISIN:INE585B01010,XNSE,IN_NIFTY50,2026-09-24,2026-09-24,0,PASS
WSSEC:WS:ISIN:INE646L01027,WS:ISIN:INE646L01027,XNSE,IN_NIFTY50,2026-09-24,2026-09-24,0,PASS
WSSEC:WS:ISIN:INE669C01036,WS:ISIN:INE669C01036,XNSE,IN_NIFTY50,2026-09-24,2026-09-24,0,PASS
WSSEC:WS:ISIN:INE721A01047,WS:ISIN:INE721A01047,XNSE,IN_NIFTY50,2026-09-24,2026-09-24,0,PASS
WSSEC:WS:ISIN:INE733E01010,WS:ISIN:INE733E01010,XNSE,IN_NIFTY50,2026-09-24,2026-09-24,0,PASS
WSSEC:WS:ISIN:INE742F01042,WS:ISIN:INE742F01042,XNSE,IN_NIFTY50,2026-09-24,2026-09-24,0,PASS
WSSEC:WS:ISIN:INE752E01010,WS:ISIN:INE752E01010,XNSE,IN_NIFTY50,2026-09-24,2026-09-24,0,PASS
WSSEC:WS:ISIN:INE758E01017,WS:ISIN:INE758E01017,XNSE,IN_NIFTY50,2026-09-24,2026-09-24,0,PASS
WSSEC:WS:ISIN:INE758T01015,WS:ISIN:INE758T01015,XNSE,IN_NIFTY50,2026-09-24,2026-09-24,0,PASS
WSSEC:WS:ISIN:INE849A01020,WS:ISIN:INE849A01020,XNSE,IN_NIFTY50,2026-09-24,2026-09-24,0,PASS
WSSEC:WS:ISIN:INE860A01027,WS:ISIN:INE860A01027,XNSE,IN_NIFTY50,2026-09-24,2026-09-24,0,PASS
WSSEC:WS:ISIN:INE917I01010,WS:ISIN:INE917I01010,XNSE,IN_NIFTY50,2026-09-24,2026-09-24,0,PASS
WSSEC:WS:ISIN:INE918I01026,WS:ISIN:INE918I01026,XNSE,IN_NIFTY50,2026-09-24,2026-09-24,0,PASS
WSSEC:WS:ISIN:KYG022421088,WS:ISIN:KYG022421088,XTAI,TW_TW50,2026-09-24,2026-09-24,0,PASS
WSSEC:WS:ISIN:KYG114741062,WS:ISIN:KYG114741062,XTAI,TW_TW50,2026-09-24,2026-09-24,0,PASS
WSSEC:WS:ISIN:KYG989221000,WS:ISIN:KYG989221000,XTAI,TW_TW50,2026-09-24,2026-09-24,0,PASS
WSSEC:WS:ISIN:TW0001216000,WS:ISIN:TW0001216000,XTAI,TW_TW50,2026-09-24,2026-09-24,0,PASS
WSSEC:WS:ISIN:TW0001303006,WS:ISIN:TW0001303006,XTAI,TW_TW50,2026-09-24,2026-09-24,0,PASS
WSSEC:WS:ISIN:TW0002059003,WS:ISIN:TW0002059003,XTAI,TW_TW50,2026-09-24,2026-09-24,0,PASS
WSSEC:WS:ISIN:TW0002301009,WS:ISIN:TW0002301009,XTAI,TW_TW50,2026-09-24,2026-09-24,0,PASS
WSSEC:WS:ISIN:TW0002303005,WS:ISIN:TW0002303005,XTAI,TW_TW50,2026-09-24,2026-09-24,0,PASS
WSSEC:WS:ISIN:TW0002308004,WS:ISIN:TW0002308004,XTAI,TW_TW50,2026-09-24,2026-09-24,0,PASS
WSSEC:WS:ISIN:TW0002317005,WS:ISIN:TW0002317005,XTAI,TW_TW50,2026-09-24,2026-09-24,0,PASS
WSSEC:WS:ISIN:TW0002327004,WS:ISIN:TW0002327004,XTAI,TW_TW50,2026-09-24,2026-09-24,0,PASS
WSSEC:WS:ISIN:TW0002330008,WS:ISIN:TW0002330008,XTAI,TW_TW50,2026-09-24,2026-09-24,0,PASS
WSSEC:WS:ISIN:TW0002344009,WS:ISIN:TW0002344009,XTAI,TW_TW50,2026-09-24,2026-09-24,0,PASS
WSSEC:WS:ISIN:TW0002345006,WS:ISIN:TW0002345006,XTAI,TW_TW50,2026-09-24,2026-09-24,0,PASS
WSSEC:WS:ISIN:TW0002357001,WS:ISIN:TW0002357001,XTAI,TW_TW50,2026-09-24,2026-09-24,0,PASS
WSSEC:WS:ISIN:TW0002360005,WS:ISIN:TW0002360005,XTAI,TW_TW50,2026-09-24,2026-09-24,0,PASS
WSSEC:WS:ISIN:TW0002368008,WS:ISIN:TW0002368008,XTAI,TW_TW50,2026-09-24,2026-09-24,0,PASS
WSSEC:WS:ISIN:TW0002382009,WS:ISIN:TW0002382009,XTAI,TW_TW50,2026-09-24,2026-09-24,0,PASS
WSSEC:WS:ISIN:TW0002383007,WS:ISIN:TW0002383007,XTAI,TW_TW50,2026-09-24,2026-09-24,0,PASS
WSSEC:WS:ISIN:TW0002395001,WS:ISIN:TW0002395001,XTAI,TW_TW50,2026-09-24,2026-09-24,0,PASS
WSSEC:WS:ISIN:TW0002408002,WS:ISIN:TW0002408002,XTAI,TW_TW50,2026-09-24,2026-09-24,0,PASS
WSSEC:WS:ISIN:TW0002412004,WS:ISIN:TW0002412004,XTAI,TW_TW50,2026-09-24,2026-09-24,0,PASS
WSSEC:WS:ISIN:TW0002449006,WS:ISIN:TW0002449006,XTAI,TW_TW50,2026-09-24,2026-09-24,0,PASS
WSSEC:WS:ISIN:TW0002454006,WS:ISIN:TW0002454006,XTAI,TW_TW50,2026-09-24,2026-09-24,0,PASS
WSSEC:WS:ISIN:TW0002603008,WS:ISIN:TW0002603008,XTAI,TW_TW50,2026-09-24,2026-09-24,0,PASS
WSSEC:WS:ISIN:TW0002880002,WS:ISIN:TW0002880002,XTAI,TW_TW50,2026-09-24,2026-09-24,0,PASS
WSSEC:WS:ISIN:TW0002881000,WS:ISIN:TW0002881000,XTAI,TW_TW50,2026-09-24,2026-09-24,0,PASS
WSSEC:WS:ISIN:TW0002882008,WS:ISIN:TW0002882008,XTAI,TW_TW50,2026-09-24,2026-09-24,0,PASS
WSSEC:WS:ISIN:TW0002883006,WS:ISIN:TW0002883006,XTAI,TW_TW50,2026-09-24,2026-09-24,0,PASS
WSSEC:WS:ISIN:TW0002884004,WS:ISIN:TW0002884004,XTAI,TW_TW50,2026-09-24,2026-09-24,0,PASS
WSSEC:WS:ISIN:TW0002885001,WS:ISIN:TW0002885001,XTAI,TW_TW50,2026-09-24,2026-09-24,0,PASS
WSSEC:WS:ISIN:TW0002886009,WS:ISIN:TW0002886009,XTAI,TW_TW50,2026-09-24,2026-09-24,0,PASS
WSSEC:WS:ISIN:TW0002887007,WS:ISIN:TW0002887007,XTAI,TW_TW50,2026-09-24,2026-09-24,0,PASS
WSSEC:WS:ISIN:TW0002890001,WS:ISIN:TW0002890001,XTAI,TW_TW50,2026-09-24,2026-09-24,0,PASS
WSSEC:WS:ISIN:TW0002891009,WS:ISIN:TW0002891009,XTAI,TW_TW50,2026-09-24,2026-09-24,0,PASS
WSSEC:WS:ISIN:TW0002892007,WS:ISIN:TW0002892007,XTAI,TW_TW50,2026-09-24,2026-09-24,0,PASS
WSSEC:WS:ISIN:TW0003008009,WS:ISIN:TW0003008009,XTAI,TW_TW50,2026-09-24,2026-09-24,0,PASS
WSSEC:WS:ISIN:TW0003017000,WS:ISIN:TW0003017000,XTAI,TW_TW50,2026-09-24,2026-09-24,0,PASS
WSSEC:WS:ISIN:TW0003037008,WS:ISIN:TW0003037008,XTAI,TW_TW50,2026-09-24,2026-09-24,0,PASS
WSSEC:WS:ISIN:TW0003045001,WS:ISIN:TW0003045001,XTAI,TW_TW50,2026-09-24,2026-09-24,0,PASS
WSSEC:WS:ISIN:TW0003231007,WS:ISIN:TW0003231007,XTAI,TW_TW50,2026-09-24,2026-09-24,0,PASS
WSSEC:WS:ISIN:TW0003443008,WS:ISIN:TW0003443008,XTAI,TW_TW50,2026-09-24,2026-09-24,0,PASS
WSSEC:WS:ISIN:TW0003653002,WS:ISIN:TW0003653002,XTAI,TW_TW50,2026-09-24,2026-09-24,0,PASS
WSSEC:WS:ISIN:TW0004904008,WS:ISIN:TW0004904008,XTAI,TW_TW50,2026-09-24,2026-09-24,0,PASS
WSSEC:WS:ISIN:TW0006505001,WS:ISIN:TW0006505001,XTAI,TW_TW50,2026-09-24,2026-09-24,0,PASS
WSSEC:WS:ISIN:TW0008046004,WS:ISIN:TW0008046004,XTAI,TW_TW50,2026-09-24,2026-09-24,0,PASS
WSSEC:WS:XASX:ALD,WS:XASX:ALD,XASX,AU_SP_ASX200,2026-09-22,2026-09-22,0,PASS
WSSEC:WS:XASX:ALL,WS:XASX:ALL,XASX,AU_SP_ASX200,2026-09-22,2026-09-22,0,PASS
WSSEC:WS:XASX:ALQ,WS:XASX:ALQ,XASX,AU_SP_ASX200,2026-09-22,2026-09-22,0,PASS
WSSEC:WS:XASX:ANZ,WS:XASX:ANZ,XASX,AU_SP_ASX200,2026-09-22,2026-09-22,0,PASS
WSSEC:WS:XASX:ASX,WS:XASX:ASX,XASX,AU_SP_ASX200,2026-09-22,2026-09-22,0,PASS
WSSEC:WS:XASX:AZJ,WS:XASX:AZJ,XASX,AU_SP_ASX200,2026-09-22,2026-09-22,0,PASS
WSSEC:WS:XASX:BHP,WS:XASX:BHP,XASX,AU_SP_ASX200,2026-09-22,2026-09-22,0,PASS
WSSEC:WS:XASX:BSL,WS:XASX:BSL,XASX,AU_SP_ASX200,2026-09-22,2026-09-22,0,PASS
WSSEC:WS:XASX:BXB,WS:XASX:BXB,XASX,AU_SP_ASX200,2026-09-22,2026-09-22,0,PASS
WSSEC:WS:XASX:CAR,WS:XASX:CAR,XASX,AU_SP_ASX200,2026-09-22,2026-09-22,0,PASS
WSSEC:WS:XASX:CBA,WS:XASX:CBA,XASX,AU_SP_ASX200,2026-09-22,2026-09-22,0,PASS
WSSEC:WS:XASX:CMM,WS:XASX:CMM,XASX,AU_SP_ASX200,2026-09-22,2026-09-22,0,PASS
WSSEC:WS:XASX:COH,WS:XASX:COH,XASX,AU_SP_ASX200,2026-09-22,2026-09-22,0,PASS
WSSEC:WS:XASX:COL,WS:XASX:COL,XASX,AU_SP_ASX200,2026-09-22,2026-09-22,0,PASS
WSSEC:WS:XASX:CPU,WS:XASX:CPU,XASX,AU_SP_ASX200,2026-09-22,2026-09-22,0,PASS
WSSEC:WS:XASX:CSL,WS:XASX:CSL,XASX,AU_SP_ASX200,2026-09-22,2026-09-22,0,PASS
WSSEC:WS:XASX:CWY,WS:XASX:CWY,XASX,AU_SP_ASX200,2026-09-22,2026-09-22,0,PASS
WSSEC:WS:XASX:EVN,WS:XASX:EVN,XASX,AU_SP_ASX200,2026-09-22,2026-09-22,0,PASS
WSSEC:WS:XASX:FMG,WS:XASX:FMG,XASX,AU_SP_ASX200,2026-09-22,2026-09-22,0,PASS
WSSEC:WS:XASX:GMD,WS:XASX:GMD,XASX,AU_SP_ASX200,2026-09-22,2026-09-22,0,PASS
WSSEC:WS:XASX:IAG,WS:XASX:IAG,XASX,AU_SP_ASX200,2026-09-22,2026-09-22,0,PASS
WSSEC:WS:XASX:IGO,WS:XASX:IGO,XASX,AU_SP_ASX200,2026-09-22,2026-09-22,0,PASS
WSSEC:WS:XASX:JBH,WS:XASX:JBH,XASX,AU_SP_ASX200,2026-09-22,2026-09-22,0,PASS
WSSEC:WS:XASX:LTR,WS:XASX:LTR,XASX,AU_SP_ASX200,2026-09-22,2026-09-22,0,PASS
WSSEC:WS:XASX:LYC,WS:XASX:LYC,XASX,AU_SP_ASX200,2026-09-22,2026-09-22,0,PASS
WSSEC:WS:XASX:MIN,WS:XASX:MIN,XASX,AU_SP_ASX200,2026-09-22,2026-09-22,0,PASS
WSSEC:WS:XASX:MP1,WS:XASX:MP1,XASX,AU_SP_ASX200,2026-09-22,2026-09-22,0,PASS
WSSEC:WS:XASX:MPL,WS:XASX:MPL,XASX,AU_SP_ASX200,2026-09-22,2026-09-22,0,PASS
WSSEC:WS:XASX:MQG,WS:XASX:MQG,XASX,AU_SP_ASX200,2026-09-22,2026-09-22,0,PASS
WSSEC:WS:XASX:NAB,WS:XASX:NAB,XASX,AU_SP_ASX200,2026-09-22,2026-09-22,0,PASS
WSSEC:WS:XASX:NST,WS:XASX:NST,XASX,AU_SP_ASX200,2026-09-22,2026-09-22,0,PASS
WSSEC:WS:XASX:NXT,WS:XASX:NXT,XASX,AU_SP_ASX200,2026-09-22,2026-09-22,0,PASS
WSSEC:WS:XASX:ORG,WS:XASX:ORG,XASX,AU_SP_ASX200,2026-09-22,2026-09-22,0,PASS
WSSEC:WS:XASX:ORI,WS:XASX:ORI,XASX,AU_SP_ASX200,2026-09-22,2026-09-22,0,PASS
WSSEC:WS:XASX:PDN,WS:XASX:PDN,XASX,AU_SP_ASX200,2026-09-22,2026-09-22,0,PASS
WSSEC:WS:XASX:PLS,WS:XASX:PLS,XASX,AU_SP_ASX200,2026-09-22,2026-09-22,0,PASS
WSSEC:WS:XASX:PME,WS:XASX:PME,XASX,AU_SP_ASX200,2026-09-22,2026-09-22,0,PASS
WSSEC:WS:XASX:PRU,WS:XASX:PRU,XASX,AU_SP_ASX200,2026-09-22,2026-09-22,0,PASS
WSSEC:WS:XASX:QAN,WS:XASX:QAN,XASX,AU_SP_ASX200,2026-09-22,2026-09-22,0,PASS
WSSEC:WS:XASX:QBE,WS:XASX:QBE,XASX,AU_SP_ASX200,2026-09-22,2026-09-22,0,PASS
WSSEC:WS:XASX:REA,WS:XASX:REA,XASX,AU_SP_ASX200,2026-09-22,2026-09-22,0,PASS
WSSEC:WS:XASX:RHC,WS:XASX:RHC,XASX,AU_SP_ASX200,2026-09-22,2026-09-22,0,PASS
WSSEC:WS:XASX:RIO,WS:XASX:RIO,XASX,AU_SP_ASX200,2026-09-22,2026-09-22,0,PASS
WSSEC:WS:XASX:RMS,WS:XASX:RMS,XASX,AU_SP_ASX200,2026-09-22,2026-09-22,0,PASS
WSSEC:WS:XASX:RRL,WS:XASX:RRL,XASX,AU_SP_ASX200,2026-09-22,2026-09-22,0,PASS
WSSEC:WS:XASX:S32,WS:XASX:S32,XASX,AU_SP_ASX200,2026-09-22,2026-09-22,0,PASS
WSSEC:WS:XASX:SDF,WS:XASX:SDF,XASX,AU_SP_ASX200,2026-09-22,2026-09-22,0,PASS
WSSEC:WS:XASX:SFR,WS:XASX:SFR,XASX,AU_SP_ASX200,2026-09-22,2026-09-22,0,PASS
WSSEC:WS:XASX:SHL,WS:XASX:SHL,XASX,AU_SP_ASX200,2026-09-22,2026-09-22,0,PASS
WSSEC:WS:XASX:SIG,WS:XASX:SIG,XASX,AU_SP_ASX200,2026-09-22,2026-09-22,0,PASS
WSSEC:WS:XASX:STO,WS:XASX:STO,XASX,AU_SP_ASX200,2026-09-22,2026-09-22,0,PASS
WSSEC:WS:XASX:SUN,WS:XASX:SUN,XASX,AU_SP_ASX200,2026-09-22,2026-09-22,0,PASS
WSSEC:WS:XASX:TLC,WS:XASX:TLC,XASX,AU_SP_ASX200,2026-09-22,2026-09-22,0,PASS
WSSEC:WS:XASX:TLS,WS:XASX:TLS,XASX,AU_SP_ASX200,2026-09-22,2026-09-22,0,PASS
WSSEC:WS:XASX:TLX,WS:XASX:TLX,XASX,AU_SP_ASX200,2026-09-22,2026-09-22,0,PASS
WSSEC:WS:XASX:WBC,WS:XASX:WBC,XASX,AU_SP_ASX200,2026-09-22,2026-09-22,0,PASS
WSSEC:WS:XASX:WDS,WS:XASX:WDS,XASX,AU_SP_ASX200,2026-09-22,2026-09-22,0,PASS
WSSEC:WS:XASX:WES,WS:XASX:WES,XASX,AU_SP_ASX200,2026-09-22,2026-09-22,0,PASS
WSSEC:WS:XASX:WGX,WS:XASX:WGX,XASX,AU_SP_ASX200,2026-09-22,2026-09-22,0,PASS
WSSEC:WS:XASX:WHC,WS:XASX:WHC,XASX,AU_SP_ASX200,2026-09-22,2026-09-22,0,PASS
WSSEC:WS:XASX:WOW,WS:XASX:WOW,XASX,AU_SP_ASX200,2026-09-22,2026-09-22,0,PASS
WSSEC:WS:XASX:WTC,WS:XASX:WTC,XASX,AU_SP_ASX200,2026-09-22,2026-09-22,0,PASS
WSSEC:WS:XASX:ZIP,WS:XASX:ZIP,XASX,AU_SP_ASX200,2026-09-22,2026-09-22,0,PASS
WSSEC:WS:XNAS:AAL,WS:XNAS:AAL,XNAS,US_SP400,2026-09-21,2026-09-21,0,PASS
WSSEC:WS:XNAS:AAON,WS:XNAS:AAON,XNAS,US_SP400,2026-09-21,2026-09-21,0,PASS
WSSEC:WS:XNAS:AAPL,WS:XNAS:AAPL,XNAS,US_SP500,2026-09-24,2026-09-24,0,PASS
WSSEC:WS:XNAS:ABNB,WS:XNAS:ABNB,XNAS,US_SP500,2026-09-24,2026-09-24,0,PASS
WSSEC:WS:XNAS:ADBE,WS:XNAS:ADBE,XNAS,US_SP500,2026-09-24,2026-09-24,0,PASS
WSSEC:WS:XNAS:ADI,WS:XNAS:ADI,XNAS,US_SP500,2026-09-24,2026-09-24,0,PASS
WSSEC:WS:XNAS:ADP,WS:XNAS:ADP,XNAS,US_SP500,2026-09-24,2026-09-24,0,PASS
WSSEC:WS:XNAS:ADSK,WS:XNAS:ADSK,XNAS,US_SP500,2026-09-24,2026-09-24,0,PASS
WSSEC:WS:XNAS:AEIS,WS:XNAS:AEIS,XNAS,US_SP400,2026-09-21,2026-09-21,0,PASS
WSSEC:WS:XNAS:AKAM,WS:XNAS:AKAM,XNAS,US_SP500,2026-09-24,2026-09-24,0,PASS
WSSEC:WS:XNAS:ALGM,WS:XNAS:ALGM,XNAS,US_SP400,2026-09-21,2026-09-21,0,PASS
WSSEC:WS:XNAS:ALGN,WS:XNAS:ALGN,XNAS,US_SP500,2026-09-24,2026-09-24,0,PASS
WSSEC:WS:XNAS:AMAT,WS:XNAS:AMAT,XNAS,US_SP500,2026-09-24,2026-09-24,0,PASS
WSSEC:WS:XNAS:AMGN,WS:XNAS:AMGN,XNAS,US_SP500,2026-09-24,2026-09-24,0,PASS
WSSEC:WS:XNAS:AMKR,WS:XNAS:AMKR,XNAS,US_SP400,2026-09-21,2026-09-21,0,PASS
WSSEC:WS:XNAS:AMZN,WS:XNAS:AMZN,XNAS,US_SP500,2026-09-24,2026-09-24,0,PASS
WSSEC:WS:XNAS:APP,WS:XNAS:APP,XNAS,US_SP500,2026-09-24,2026-09-24,0,PASS
WSSEC:WS:XNAS:APPF,WS:XNAS:APPF,XNAS,US_SP400,2026-09-21,2026-09-21,0,PASS
WSSEC:WS:XNAS:ARWR,WS:XNAS:ARWR,XNAS,US_SP400,2026-09-21,2026-09-21,0,PASS
WSSEC:WS:XNAS:AVAV,WS:XNAS:AVAV,XNAS,US_SP400,2026-09-21,2026-09-21,0,PASS
WSSEC:WS:XNAS:AVGO,WS:XNAS:AVGO,XNAS,US_SP500,2026-09-24,2026-09-24,0,PASS
WSSEC:WS:XNAS:AVT,WS:XNAS:AVT,XNAS,US_SP400,2026-09-21,2026-09-21,0,PASS
WSSEC:WS:XNAS:BHF,WS:XNAS:BHF,XNAS,US_SP400,2026-09-21,2026-09-21,0,PASS
WSSEC:WS:XNAS:BIIB,WS:XNAS:BIIB,XNAS,US_SP500,2026-09-24,2026-09-24,0,PASS
WSSEC:WS:XNAS:BKNG,WS:XNAS:BKNG,XNAS,US_SP500,2026-09-24,2026-09-24,0,PASS
WSSEC:WS:XNAS:BMRN,WS:XNAS:BMRN,XNAS,US_SP400,2026-09-21,2026-09-21,0,PASS
WSSEC:WS:XNAS:BRKR,WS:XNAS:BRKR,XNAS,US_SP400,2026-09-21,2026-09-21,0,PASS
WSSEC:WS:XNAS:BSY,WS:XNAS:BSY,XNAS,US_SP400,2026-09-21,2026-09-21,0,PASS
WSSEC:WS:XNAS:BTSG,WS:XNAS:BTSG,XNAS,US_SP400,2026-09-21,2026-09-21,0,PASS
WSSEC:WS:XNAS:CAR,WS:XNAS:CAR,XNAS,US_SP400,2026-09-21,2026-09-21,0,PASS
WSSEC:WS:XNAS:CART,WS:XNAS:CART,XNAS,US_SP400,2026-09-21,2026-09-21,0,PASS
WSSEC:WS:XNAS:CASY,WS:XNAS:CASY,XNAS,US_SP500,2026-09-24,2026-09-24,0,PASS
WSSEC:WS:XNAS:CBOE,WS:XNAS:CBOE,XNAS,US_SP500,2026-09-24,2026-09-24,0,PASS
WSSEC:WS:XNAS:CBSH,WS:XNAS:CBSH,XNAS,US_SP400,2026-09-21,2026-09-21,0,PASS
WSSEC:WS:XNAS:CDNS,WS:XNAS:CDNS,XNAS,US_SP500,2026-09-24,2026-09-24,0,PASS
WSSEC:WS:XNAS:CDW,WS:XNAS:CDW,XNAS,US_SP500,2026-09-24,2026-09-24,0,PASS
WSSEC:WS:XNAS:CELH,WS:XNAS:CELH,XNAS,US_SP400,2026-09-21,2026-09-21,0,PASS
WSSEC:WS:XNAS:CG,WS:XNAS:CG,XNAS,US_SP400,2026-09-21,2026-09-21,0,PASS
WSSEC:WS:XNAS:CGNX,WS:XNAS:CGNX,XNAS,US_SP400,2026-09-21,2026-09-21,0,PASS
WSSEC:WS:XNAS:CHDN,WS:XNAS:CHDN,XNAS,US_SP400,2026-09-21,2026-09-21,0,PASS
WSSEC:WS:XNAS:CHRD,WS:XNAS:CHRD,XNAS,US_SP400,2026-09-21,2026-09-21,0,PASS
WSSEC:WS:XNAS:CHRW,WS:XNAS:CHRW,XNAS,US_SP500,2026-09-24,2026-09-24,0,PASS
WSSEC:WS:XNAS:CINF,WS:XNAS:CINF,XNAS,US_SP500,2026-09-24,2026-09-24,0,PASS
WSSEC:WS:XNAS:CME,WS:XNAS:CME,XNAS,US_SP500,2026-09-24,2026-09-24,0,PASS
WSSEC:WS:XNAS:COIN,WS:XNAS:COIN,XNAS,US_SP500,2026-09-24,2026-09-24,0,PASS
WSSEC:WS:XNAS:COKE,WS:XNAS:COKE,XNAS,US_SP400,2026-09-21,2026-09-21,0,PASS
WSSEC:WS:XNAS:COLB,WS:XNAS:COLB,XNAS,US_SP400,2026-09-21,2026-09-21,0,PASS
WSSEC:WS:XNAS:COLM,WS:XNAS:COLM,XNAS,US_SP400,2026-09-21,2026-09-21,0,PASS
WSSEC:WS:XNAS:COST,WS:XNAS:COST,XNAS,US_SP500,2026-09-24,2026-09-24,0,PASS
WSSEC:WS:XNAS:CPRT,WS:XNAS:CPRT,XNAS,US_SP500,2026-09-24,2026-09-24,0,PASS
WSSEC:WS:XNAS:CROX,WS:XNAS:CROX,XNAS,US_SP400,2026-09-21,2026-09-21,0,PASS
WSSEC:WS:XNAS:CRUS,WS:XNAS:CRUS,XNAS,US_SP400,2026-09-21,2026-09-21,0,PASS
WSSEC:WS:XNAS:CRWD,WS:XNAS:CRWD,XNAS,US_SP500,2026-09-24,2026-09-24,0,PASS
WSSEC:WS:XNAS:CSCO,WS:XNAS:CSCO,XNAS,US_SP500,2026-09-24,2026-09-24,0,PASS
WSSEC:WS:XNAS:CTAS,WS:XNAS:CTAS,XNAS,US_SP500,2026-09-24,2026-09-24,0,PASS
WSSEC:WS:XNAS:CTSH,WS:XNAS:CTSH,XNAS,US_SP500,2026-09-24,2026-09-24,0,PASS
WSSEC:WS:XNAS:CVLT,WS:XNAS:CVLT,XNAS,US_SP400,2026-09-21,2026-09-21,0,PASS
WSSEC:WS:XNAS:CYTK,WS:XNAS:CYTK,XNAS,US_SP400,2026-09-21,2026-09-21,0,PASS
WSSEC:WS:XNAS:DBX,WS:XNAS:DBX,XNAS,US_SP400,2026-09-21,2026-09-21,0,PASS
WSSEC:WS:XNAS:DDOG,WS:XNAS:DDOG,XNAS,US_SP500,2026-09-24,2026-09-24,0,PASS
WSSEC:WS:XNAS:DLTR,WS:XNAS:DLTR,XNAS,US_SP500,2026-09-24,2026-09-24,0,PASS
WSSEC:WS:XNAS:DOCU,WS:XNAS:DOCU,XNAS,US_SP400,2026-09-21,2026-09-21,0,PASS
WSSEC:WS:XNAS:DUOL,WS:XNAS:DUOL,XNAS,US_SP400,2026-09-21,2026-09-21,0,PASS
WSSEC:WS:XNAS:DXCM,WS:XNAS:DXCM,XNAS,US_SP500,2026-09-24,2026-09-24,0,PASS
WSSEC:WS:XNAS:EBAY,WS:XNAS:EBAY,XNAS,US_SP500,2026-09-24,2026-09-24,0,PASS
WSSEC:WS:XNAS:ECHO,WS:XNAS:ECHO,XNAS,US_SP500,2026-09-24,2026-09-24,0,PASS
WSSEC:WS:XNAS:EEFT,WS:XNAS:EEFT,XNAS,US_SP400,2026-09-21,2026-09-21,0,PASS
WSSEC:WS:XNAS:ENSG,WS:XNAS:ENSG,XNAS,US_SP400,2026-09-21,2026-09-21,0,PASS
WSSEC:WS:XNAS:ENTG,WS:XNAS:ENTG,XNAS,US_SP400,2026-09-21,2026-09-21,0,PASS
WSSEC:WS:XNAS:EWBC,WS:XNAS:EWBC,XNAS,US_SP400,2026-09-21,2026-09-21,0,PASS
WSSEC:WS:XNAS:EXEL,WS:XNAS:EXEL,XNAS,US_SP400,2026-09-21,2026-09-21,0,PASS
WSSEC:WS:XNAS:EXLS,WS:XNAS:EXLS,XNAS,US_SP400,2026-09-21,2026-09-21,0,PASS
WSSEC:WS:XNAS:EXPD,WS:XNAS:EXPD,XNAS,US_SP500,2026-09-24,2026-09-24,0,PASS
WSSEC:WS:XNAS:EXPE,WS:XNAS:EXPE,XNAS,US_SP500,2026-09-24,2026-09-24,0,PASS
WSSEC:WS:XNAS:EXPO,WS:XNAS:EXPO,XNAS,US_SP400,2026-09-21,2026-09-21,0,PASS
WSSEC:WS:XNAS:FANG,WS:XNAS:FANG,XNAS,US_SP500,2026-09-24,2026-09-24,0,PASS
WSSEC:WS:XNAS:FAST,WS:XNAS:FAST,XNAS,US_SP500,2026-09-24,2026-09-24,0,PASS
WSSEC:WS:XNAS:FCFS,WS:XNAS:FCFS,XNAS,US_SP400,2026-09-21,2026-09-21,0,PASS
WSSEC:WS:XNAS:FFIN,WS:XNAS:FFIN,XNAS,US_SP400,2026-09-21,2026-09-21,0,PASS
WSSEC:WS:XNAS:FFIV,WS:XNAS:FFIV,XNAS,US_SP500,2026-09-24,2026-09-24,0,PASS
WSSEC:WS:XNAS:FISV,WS:XNAS:FISV,XNAS,US_SP500,2026-09-24,2026-09-24,0,PASS
WSSEC:WS:XNAS:FIVE,WS:XNAS:FIVE,XNAS,US_SP400,2026-09-21,2026-09-21,0,PASS
WSSEC:WS:XNAS:FSLR,WS:XNAS:FSLR,XNAS,US_SP500,2026-09-24,2026-09-24,0,PASS
WSSEC:WS:XNAS:FTNT,WS:XNAS:FTNT,XNAS,US_SP500,2026-09-24,2026-09-24,0,PASS
WSSEC:WS:XNAS:GEHC,WS:XNAS:GEHC,XNAS,US_SP500,2026-09-24,2026-09-24,0,PASS
WSSEC:WS:XNAS:GILD,WS:XNAS:GILD,XNAS,US_SP500,2026-09-24,2026-09-24,0,PASS
WSSEC:WS:XNAS:GNTX,WS:XNAS:GNTX,XNAS,US_SP400,2026-09-21,2026-09-21,0,PASS
WSSEC:WS:XNAS:HALO,WS:XNAS:HALO,XNAS,US_SP400,2026-09-21,2026-09-21,0,PASS
WSSEC:WS:XNAS:HAS,WS:XNAS:HAS,XNAS,US_SP500,2026-09-24,2026-09-24,0,PASS
WSSEC:WS:XNAS:HLNE,WS:XNAS:HLNE,XNAS,US_SP400,2026-09-21,2026-09-21,0,PASS
WSSEC:WS:XNAS:HOOD,WS:XNAS:HOOD,XNAS,US_SP500,2026-09-24,2026-09-24,0,PASS
WSSEC:WS:XNAS:HQY,WS:XNAS:HQY,XNAS,US_SP400,2026-09-21,2026-09-21,0,PASS
WSSEC:WS:XNAS:HSIC,WS:XNAS:HSIC,XNAS,US_SP500,2026-09-24,2026-09-24,0,PASS
WSSEC:WS:XNAS:HWC,WS:XNAS:HWC,XNAS,US_SP400,2026-09-21,2026-09-21,0,PASS
WSSEC:WS:XNAS:IBKR,WS:XNAS:IBKR,XNAS,US_SP500,2026-09-24,2026-09-24,0,PASS
WSSEC:WS:XNAS:IBOC,WS:XNAS:IBOC,XNAS,US_SP400,2026-09-21,2026-09-21,0,PASS
WSSEC:WS:XNAS:IDCC,WS:XNAS:IDCC,XNAS,US_SP400,2026-09-21,2026-09-21,0,PASS
WSSEC:WS:XNAS:IDXX,WS:XNAS:IDXX,XNAS,US_SP500,2026-09-24,2026-09-24,0,PASS
WSSEC:WS:XNAS:IESC,WS:XNAS:IESC,XNAS,US_SP400,2026-09-21,2026-09-21,0,PASS
WSSEC:WS:XNAS:ILMN,WS:XNAS:ILMN,XNAS,US_SP400,2026-09-21,2026-09-21,0,PASS
WSSEC:WS:XNAS:INCY,WS:XNAS:INCY,XNAS,US_SP500,2026-09-24,2026-09-24,0,PASS
WSSEC:WS:XNAS:INTC,WS:XNAS:INTC,XNAS,US_SP500,2026-09-24,2026-09-24,0,PASS
WSSEC:WS:XNAS:INTU,WS:XNAS:INTU,XNAS,US_SP500,2026-09-24,2026-09-24,0,PASS
WSSEC:WS:XNAS:IPGP,WS:XNAS:IPGP,XNAS,US_SP400,2026-09-21,2026-09-21,0,PASS
WSSEC:WS:XNAS:ISRG,WS:XNAS:ISRG,XNAS,US_SP500,2026-09-24,2026-09-24,0,PASS
WSSEC:WS:XNAS:JAZZ,WS:XNAS:JAZZ,XNAS,US_SP400,2026-09-21,2026-09-21,0,PASS
WSSEC:WS:XNAS:JBHT,WS:XNAS:JBHT,XNAS,US_SP500,2026-09-24,2026-09-24,0,PASS
WSSEC:WS:XNAS:JKHY,WS:XNAS:JKHY,XNAS,US_SP500,2026-09-24,2026-09-24,0,PASS
WSSEC:WS:XNAS:KHC,WS:XNAS:KHC,XNAS,US_SP500,2026-09-24,2026-09-24,0,PASS
WSSEC:WS:XNAS:KLAC,WS:XNAS:KLAC,XNAS,US_SP500,2026-09-24,2026-09-24,0,PASS
WSSEC:WS:XNAS:KRYS,WS:XNAS:KRYS,XNAS,US_SP400,2026-09-21,2026-09-21,0,PASS
WSSEC:WS:XNAS:KTOS,WS:XNAS:KTOS,XNAS,US_SP400,2026-09-21,2026-09-21,0,PASS
WSSEC:WS:XNAS:LECO,WS:XNAS:LECO,XNAS,US_SP400,2026-09-21,2026-09-21,0,PASS
WSSEC:WS:XNAS:LFUS,WS:XNAS:LFUS,XNAS,US_SP400,2026-09-21,2026-09-21,0,PASS
WSSEC:WS:XNAS:LITE,WS:XNAS:LITE,XNAS,US_SP500,2026-09-24,2026-09-24,0,PASS
WSSEC:WS:XNAS:LIVN,WS:XNAS:LIVN,XNAS,US_SP400,2026-09-21,2026-09-21,0,PASS
WSSEC:WS:XNAS:LNT,WS:XNAS:LNT,XNAS,US_SP500,2026-09-24,2026-09-24,0,PASS
WSSEC:WS:XNAS:LNTH,WS:XNAS:LNTH,XNAS,US_SP400,2026-09-21,2026-09-21,0,PASS
WSSEC:WS:XNAS:LOPE,WS:XNAS:LOPE,XNAS,US_SP400,2026-09-21,2026-09-21,0,PASS
WSSEC:WS:XNAS:LSCC,WS:XNAS:LSCC,XNAS,US_SP400,2026-09-21,2026-09-21,0,PASS
WSSEC:WS:XNAS:LSTR,WS:XNAS:LSTR,XNAS,US_SP400,2026-09-21,2026-09-21,0,PASS
WSSEC:WS:XNAS:LULU,WS:XNAS:LULU,XNAS,US_SP500,2026-09-24,2026-09-24,0,PASS
WSSEC:WS:XNAS:MANH,WS:XNAS:MANH,XNAS,US_SP400,2026-09-21,2026-09-21,0,PASS
WSSEC:WS:XNAS:MAR,WS:XNAS:MAR,XNAS,US_SP500,2026-09-24,2026-09-24,0,PASS
WSSEC:WS:XNAS:MAT,WS:XNAS:MAT,XNAS,US_SP400,2026-09-21,2026-09-21,0,PASS
WSSEC:WS:XNAS:MCHP,WS:XNAS:MCHP,XNAS,US_SP500,2026-09-24,2026-09-24,0,PASS
WSSEC:WS:XNAS:MDLZ,WS:XNAS:MDLZ,XNAS,US_SP500,2026-09-24,2026-09-24,0,PASS
WSSEC:WS:XNAS:MEDP,WS:XNAS:MEDP,XNAS,US_SP400,2026-09-21,2026-09-21,0,PASS
WSSEC:WS:XNAS:META,WS:XNAS:META,XNAS,US_SP500,2026-09-24,2026-09-24,0,PASS
WSSEC:WS:XNAS:MIDD,WS:XNAS:MIDD,XNAS,US_SP400,2026-09-21,2026-09-21,0,PASS
WSSEC:WS:XNAS:MKSI,WS:XNAS:MKSI,XNAS,US_SP400,2026-09-21,2026-09-21,0,PASS
WSSEC:WS:XNAS:MORN,WS:XNAS:MORN,XNAS,US_SP400,2026-09-21,2026-09-21,0,PASS
WSSEC:WS:XNAS:MPWR,WS:XNAS:MPWR,XNAS,US_SP500,2026-09-24,2026-09-24,0,PASS
WSSEC:WS:XNAS:MRNA,WS:XNAS:MRNA,XNAS,US_SP500,2026-09-24,2026-09-24,0,PASS
WSSEC:WS:XNAS:MRVL,WS:XNAS:MRVL,XNAS,US_SP500,2026-09-24,2026-09-24,0,PASS
WSSEC:WS:XNAS:MSFT,WS:XNAS:MSFT,XNAS,US_SP500,2026-09-24,2026-09-24,0,PASS
WSSEC:WS:XNAS:MTSI,WS:XNAS:MTSI,XNAS,US_SP400,2026-09-21,2026-09-21,0,PASS
WSSEC:WS:XNAS:MU,WS:XNAS:MU,XNAS,US_SP500,2026-09-24,2026-09-24,0,PASS
WSSEC:WS:XNAS:MZTI,WS:XNAS:MZTI,XNAS,US_SP400,2026-09-21,2026-09-21,0,PASS
WSSEC:WS:XNAS:NBIX,WS:XNAS:NBIX,XNAS,US_SP400,2026-09-21,2026-09-21,0,PASS
WSSEC:WS:XNAS:NDAQ,WS:XNAS:NDAQ,XNAS,US_SP500,2026-09-24,2026-09-24,0,PASS
WSSEC:WS:XNAS:NDSN,WS:XNAS:NDSN,XNAS,US_SP500,2026-09-24,2026-09-24,0,PASS
WSSEC:WS:XNAS:NFLX,WS:XNAS:NFLX,XNAS,US_SP500,2026-09-24,2026-09-24,0,PASS
WSSEC:WS:XNAS:NOVT,WS:XNAS:NOVT,XNAS,US_SP400,2026-09-21,2026-09-21,0,PASS
WSSEC:WS:XNAS:NTNX,WS:XNAS:NTNX,XNAS,US_SP400,2026-09-21,2026-09-21,0,PASS
WSSEC:WS:XNAS:NTRS,WS:XNAS:NTRS,XNAS,US_SP500,2026-09-24,2026-09-24,0,PASS
WSSEC:WS:XNAS:NVDA,WS:XNAS:NVDA,XNAS,US_SP500,2026-09-24,2026-09-24,0,PASS
WSSEC:WS:XNAS:NWE,WS:XNAS:NWE,XNAS,US_SP400,2026-09-21,2026-09-21,0,PASS
WSSEC:WS:XNAS:NXST,WS:XNAS:NXST,XNAS,US_SP400,2026-09-21,2026-09-21,0,PASS
WSSEC:WS:XNAS:NXT,WS:XNAS:NXT,XNAS,US_SP400,2026-09-21,2026-09-21,0,PASS
WSSEC:WS:XNAS:ODFL,WS:XNAS:ODFL,XNAS,US_SP500,2026-09-24,2026-09-24,0,PASS
WSSEC:WS:XNAS:OKTA,WS:XNAS:OKTA,XNAS,US_SP400,2026-09-21,2026-09-21,0,PASS
WSSEC:WS:XNAS:OLED,WS:XNAS:OLED,XNAS,US_SP400,2026-09-21,2026-09-21,0,PASS
WSSEC:WS:XNAS:OLLI,WS:XNAS:OLLI,XNAS,US_SP400,2026-09-21,2026-09-21,0,PASS
WSSEC:WS:XNAS:ON,WS:XNAS:ON,XNAS,US_SP500,2026-09-24,2026-09-24,0,PASS
WSSEC:WS:XNAS:ONB,WS:XNAS:ONB,XNAS,US_SP400,2026-09-21,2026-09-21,0,PASS
WSSEC:WS:XNAS:OPCH,WS:XNAS:OPCH,XNAS,US_SP400,2026-09-21,2026-09-21,0,PASS
WSSEC:WS:XNAS:ORLY,WS:XNAS:ORLY,XNAS,US_SP500,2026-09-24,2026-09-24,0,PASS
WSSEC:WS:XNAS:OZK,WS:XNAS:OZK,XNAS,US_SP400,2026-09-21,2026-09-21,0,PASS
WSSEC:WS:XNAS:PANW,WS:XNAS:PANW,XNAS,US_SP500,2026-09-24,2026-09-24,0,PASS
WSSEC:WS:XNAS:PAYX,WS:XNAS:PAYX,XNAS,US_SP500,2026-09-24,2026-09-24,0,PASS
WSSEC:WS:XNAS:PCAR,WS:XNAS:PCAR,XNAS,US_SP500,2026-09-24,2026-09-24,0,PASS
WSSEC:WS:XNAS:PCTY,WS:XNAS:PCTY,XNAS,US_SP400,2026-09-21,2026-09-21,0,PASS
WSSEC:WS:XNAS:PEGA,WS:XNAS:PEGA,XNAS,US_SP400,2026-09-21,2026-09-21,0,PASS
WSSEC:WS:XNAS:PPC,WS:XNAS:PPC,XNAS,US_SP400,2026-09-21,2026-09-21,0,PASS
WSSEC:WS:XNAS:PTC,WS:XNAS:PTC,XNAS,US_SP500,2026-09-24,2026-09-24,0,PASS
WSSEC:WS:XNAS:PYPL,WS:XNAS:PYPL,XNAS,US_SP500,2026-09-24,2026-09-24,0,PASS
WSSEC:WS:XNAS:QCOM,WS:XNAS:QCOM,XNAS,US_SP500,2026-09-24,2026-09-24,0,PASS
WSSEC:WS:XNAS:QLYS,WS:XNAS:QLYS,XNAS,US_SP400,2026-09-21,2026-09-21,0,PASS
WSSEC:WS:XNAS:REGN,WS:XNAS:REGN,XNAS,US_SP500,2026-09-24,2026-09-24,0,PASS
WSSEC:WS:XNAS:RGEN,WS:XNAS:RGEN,XNAS,US_SP400,2026-09-21,2026-09-21,0,PASS
WSSEC:WS:XNAS:RGLD,WS:XNAS:RGLD,XNAS,US_SP400,2026-09-21,2026-09-21,0,PASS
WSSEC:WS:XNAS:RMBS,WS:XNAS:RMBS,XNAS,US_SP400,2026-09-21,2026-09-21,0,PASS
WSSEC:WS:XNAS:ROIV,WS:XNAS:ROIV,XNAS,US_SP400,2026-09-21,2026-09-21,0,PASS
WSSEC:WS:XNAS:ROKU,WS:XNAS:ROKU,XNAS,US_SP400,2026-09-21,2026-09-21,0,PASS
WSSEC:WS:XNAS:ROST,WS:XNAS:ROST,XNAS,US_SP500,2026-09-24,2026-09-24,0,PASS
WSSEC:WS:XNAS:SAIA,WS:XNAS:SAIA,XNAS,US_SP400,2026-09-21,2026-09-21,0,PASS
WSSEC:WS:XNAS:SAIC,WS:XNAS:SAIC,XNAS,US_SP400,2026-09-21,2026-09-21,0,PASS
WSSEC:WS:XNAS:SANM,WS:XNAS:SANM,XNAS,US_SP400,2026-09-21,2026-09-21,0,PASS
WSSEC:WS:XNAS:SBUX,WS:XNAS:SBUX,XNAS,US_SP500,2026-09-24,2026-09-24,0,PASS
WSSEC:WS:XNAS:SEIC,WS:XNAS:SEIC,XNAS,US_SP400,2026-09-21,2026-09-21,0,PASS
WSSEC:WS:XNAS:SFM,WS:XNAS:SFM,XNAS,US_SP400,2026-09-21,2026-09-21,0,PASS
WSSEC:WS:XNAS:SHC,WS:XNAS:SHC,XNAS,US_SP400,2026-09-21,2026-09-21,0,PASS
WSSEC:WS:XNAS:SIGI,WS:XNAS:SIGI,XNAS,US_SP400,2026-09-21,2026-09-21,0,PASS
WSSEC:WS:XNAS:SIRI,WS:XNAS:SIRI,XNAS,US_SP400,2026-09-21,2026-09-21,0,PASS
WSSEC:WS:XNAS:SITM,WS:XNAS:SITM,XNAS,US_SP400,2026-09-21,2026-09-21,0,PASS
WSSEC:WS:XNAS:SLAB,WS:XNAS:SLAB,XNAS,US_SP400,2026-09-21,2026-09-21,0,PASS
WSSEC:WS:XNAS:SLM,WS:XNAS:SLM,XNAS,US_SP400,2026-09-21,2026-09-21,0,PASS
WSSEC:WS:XNAS:SMTC,WS:XNAS:SMTC,XNAS,US_SP400,2026-09-21,2026-09-21,0,PASS
WSSEC:WS:XNAS:SNDK,WS:XNAS:SNDK,XNAS,US_SP500,2026-09-24,2026-09-24,0,PASS
WSSEC:WS:XNAS:SNPS,WS:XNAS:SNPS,XNAS,US_SP500,2026-09-24,2026-09-24,0,PASS
WSSEC:WS:XNAS:STLD,WS:XNAS:STLD,XNAS,US_SP500,2026-09-24,2026-09-24,0,PASS
WSSEC:WS:XNAS:STRL,WS:XNAS:STRL,XNAS,US_SP400,2026-09-21,2026-09-21,0,PASS
WSSEC:WS:XNAS:SWKS,WS:XNAS:SWKS,XNAS,US_SP500,2026-09-24,2026-09-24,0,PASS
WSSEC:WS:XNAS:SYNA,WS:XNAS:SYNA,XNAS,US_SP400,2026-09-21,2026-09-21,0,PASS
WSSEC:WS:XNAS:TCBI,WS:XNAS:TCBI,XNAS,US_SP400,2026-09-21,2026-09-21,0,PASS
WSSEC:WS:XNAS:TECH,WS:XNAS:TECH,XNAS,US_SP500,2026-09-24,2026-09-24,0,PASS
WSSEC:WS:XNAS:TLN,WS:XNAS:TLN,XNAS,US_SP400,2026-09-21,2026-09-21,0,PASS
WSSEC:WS:XNAS:TMUS,WS:XNAS:TMUS,XNAS,US_SP500,2026-09-24,2026-09-24,0,PASS
WSSEC:WS:XNAS:TROW,WS:XNAS:TROW,XNAS,US_SP500,2026-09-24,2026-09-24,0,PASS
WSSEC:WS:XNAS:TSCO,WS:XNAS:TSCO,XNAS,US_SP500,2026-09-24,2026-09-24,0,PASS
WSSEC:WS:XNAS:TSLA,WS:XNAS:TSLA,XNAS,US_SP500,2026-09-24,2026-09-24,0,PASS
WSSEC:WS:XNAS:TTD,WS:XNAS:TTD,XNAS,US_SP500,2026-09-24,2026-09-24,0,PASS
WSSEC:WS:XNAS:TTEK,WS:XNAS:TTEK,XNAS,US_SP400,2026-09-21,2026-09-21,0,PASS
WSSEC:WS:XNAS:TTMI,WS:XNAS:TTMI,XNAS,US_SP400,2026-09-21,2026-09-21,0,PASS
WSSEC:WS:XNAS:TTWO,WS:XNAS:TTWO,XNAS,US_SP500,2026-09-24,2026-09-24,0,PASS
WSSEC:WS:XNAS:TXN,WS:XNAS:TXN,XNAS,US_SP500,2026-09-24,2026-09-24,0,PASS
WSSEC:WS:XNAS:TXRH,WS:XNAS:TXRH,XNAS,US_SP400,2026-09-21,2026-09-21,0,PASS
WSSEC:WS:XNAS:UBSI,WS:XNAS:UBSI,XNAS,US_SP400,2026-09-21,2026-09-21,0,PASS
WSSEC:WS:XNAS:UFPI,WS:XNAS:UFPI,XNAS,US_SP400,2026-09-21,2026-09-21,0,PASS
WSSEC:WS:XNAS:ULTA,WS:XNAS:ULTA,XNAS,US_SP500,2026-09-24,2026-09-24,0,PASS
WSSEC:WS:XNAS:UMBF,WS:XNAS:UMBF,XNAS,US_SP400,2026-09-21,2026-09-21,0,PASS
WSSEC:WS:XNAS:UTHR,WS:XNAS:UTHR,XNAS,US_SP400,2026-09-21,2026-09-21,0,PASS
WSSEC:WS:XNAS:VC,WS:XNAS:VC,XNAS,US_SP400,2026-09-21,2026-09-21,0,PASS
WSSEC:WS:XNAS:VIAV,WS:XNAS:VIAV,XNAS,US_SP400,2026-09-21,2026-09-21,0,PASS
WSSEC:WS:XNAS:VICR,WS:XNAS:VICR,XNAS,US_SP400,2026-09-21,2026-09-21,0,PASS
WSSEC:WS:XNAS:VLY,WS:XNAS:VLY,XNAS,US_SP400,2026-09-21,2026-09-21,0,PASS
WSSEC:WS:XNAS:VNOM,WS:XNAS:VNOM,XNAS,US_SP400,2026-09-21,2026-09-21,0,PASS
WSSEC:WS:XNAS:VRSK,WS:XNAS:VRSK,XNAS,US_SP500,2026-09-24,2026-09-24,0,PASS
WSSEC:WS:XNAS:VRSN,WS:XNAS:VRSN,XNAS,US_SP500,2026-09-24,2026-09-24,0,PASS
WSSEC:WS:XNAS:VRTX,WS:XNAS:VRTX,XNAS,US_SP500,2026-09-24,2026-09-24,0,PASS
WSSEC:WS:XNAS:VTRS,WS:XNAS:VTRS,XNAS,US_SP500,2026-09-24,2026-09-24,0,PASS
WSSEC:WS:XNAS:WBD,WS:XNAS:WBD,XNAS,US_SP500,2026-09-24,2026-09-24,0,PASS
WSSEC:WS:XNAS:WDC,WS:XNAS:WDC,XNAS,US_SP500,2026-09-24,2026-09-24,0,PASS
WSSEC:WS:XNAS:WFRD,WS:XNAS:WFRD,XNAS,US_SP400,2026-09-21,2026-09-21,0,PASS
WSSEC:WS:XNAS:WING,WS:XNAS:WING,XNAS,US_SP400,2026-09-21,2026-09-21,0,PASS
WSSEC:WS:XNAS:WMG,WS:XNAS:WMG,XNAS,US_SP400,2026-09-21,2026-09-21,0,PASS
WSSEC:WS:XNAS:WMT,WS:XNAS:WMT,XNAS,US_SP500,2026-09-24,2026-09-24,0,PASS
WSSEC:WS:XNAS:WTFC,WS:XNAS:WTFC,XNAS,US_SP400,2026-09-21,2026-09-21,0,PASS
WSSEC:WS:XNAS:WWD,WS:XNAS:WWD,XNAS,US_SP400,2026-09-21,2026-09-21,0,PASS
WSSEC:WS:XNAS:WYNN,WS:XNAS:WYNN,XNAS,US_SP500,2026-09-24,2026-09-24,0,PASS
WSSEC:WS:XNAS:XRAY,WS:XNAS:XRAY,XNAS,US_SP400,2026-09-21,2026-09-21,0,PASS
WSSEC:WS:XNAS:ZBRA,WS:XNAS:ZBRA,XNAS,US_SP500,2026-09-24,2026-09-24,0,PASS
WSSEC:WS:XNAS:ZION,WS:XNAS:ZION,XNAS,US_SP400,2026-09-21,2026-09-21,0,PASS
WSSEC:WS:XNYS:A,WS:XNYS:A,XNYS,US_SP500,2026-09-24,2026-09-24,0,PASS
WSSEC:WS:XNYS:AA,WS:XNYS:AA,XNYS,US_SP400,2026-09-21,2026-09-21,0,PASS
WSSEC:WS:XNYS:ABBV,WS:XNYS:ABBV,XNYS,US_SP500,2026-09-24,2026-09-24,0,PASS
WSSEC:WS:XNYS:ABT,WS:XNYS:ABT,XNYS,US_SP500,2026-09-24,2026-09-24,0,PASS
WSSEC:WS:XNYS:ACI,WS:XNYS:ACI,XNYS,US_SP400,2026-09-21,2026-09-21,0,PASS
WSSEC:WS:XNYS:ACM,WS:XNYS:ACM,XNYS,US_SP400,2026-09-21,2026-09-21,0,PASS
WSSEC:WS:XNYS:ADM,WS:XNYS:ADM,XNYS,US_SP500,2026-09-24,2026-09-24,0,PASS
WSSEC:WS:XNYS:AEE,WS:XNYS:AEE,XNYS,US_SP500,2026-09-24,2026-09-24,0,PASS
WSSEC:WS:XNYS:AEP,WS:XNYS:AEP,XNYS,US_SP500,2026-09-24,2026-09-24,0,PASS
WSSEC:WS:XNYS:AES,WS:XNYS:AES,XNYS,US_SP500,2026-09-24,2026-09-24,0,PASS
WSSEC:WS:XNYS:AFG,WS:XNYS:AFG,XNYS,US_SP400,2026-09-21,2026-09-21,0,PASS
WSSEC:WS:XNYS:AFL,WS:XNYS:AFL,XNYS,US_SP500,2026-09-24,2026-09-24,0,PASS
WSSEC:WS:XNYS:AGCO,WS:XNYS:AGCO,XNYS,US_SP400,2026-09-21,2026-09-21,0,PASS
WSSEC:WS:XNYS:AIG,WS:XNYS:AIG,XNYS,US_SP500,2026-09-24,2026-09-24,0,PASS
WSSEC:WS:XNYS:AIT,WS:XNYS:AIT,XNYS,US_SP400,2026-09-21,2026-09-21,0,PASS
WSSEC:WS:XNYS:AIZ,WS:XNYS:AIZ,XNYS,US_SP500,2026-09-24,2026-09-24,0,PASS
WSSEC:WS:XNYS:AJG,WS:XNYS:AJG,XNYS,US_SP500,2026-09-24,2026-09-24,0,PASS
WSSEC:WS:XNYS:ALB,WS:XNYS:ALB,XNYS,US_SP500,2026-09-24,2026-09-24,0,PASS
WSSEC:WS:XNYS:ALK,WS:XNYS:ALK,XNYS,US_SP400,2026-09-21,2026-09-21,0,PASS
WSSEC:WS:XNYS:ALL,WS:XNYS:ALL,XNYS,US_SP500,2026-09-24,2026-09-24,0,PASS
WSSEC:WS:XNYS:ALLY,WS:XNYS:ALLY,XNYS,US_SP400,2026-09-21,2026-09-21,0,PASS
WSSEC:WS:XNYS:ALSN,WS:XNYS:ALSN,XNYS,US_SP400,2026-09-21,2026-09-21,0,PASS
WSSEC:WS:XNYS:ALV,WS:XNYS:ALV,XNYS,US_SP400,2026-09-21,2026-09-21,0,PASS
WSSEC:WS:XNYS:AM,WS:XNYS:AM,XNYS,US_SP400,2026-09-21,2026-09-21,0,PASS
WSSEC:WS:XNYS:AME,WS:XNYS:AME,XNYS,US_SP500,2026-09-24,2026-09-24,0,PASS
WSSEC:WS:XNYS:AMG,WS:XNYS:AMG,XNYS,US_SP400,2026-09-21,2026-09-21,0,PASS
WSSEC:WS:XNYS:AMP,WS:XNYS:AMP,XNYS,US_SP500,2026-09-24,2026-09-24,0,PASS
WSSEC:WS:XNYS:AN,WS:XNYS:AN,XNYS,US_SP400,2026-09-21,2026-09-21,0,PASS
WSSEC:WS:XNYS:ANF,WS:XNYS:ANF,XNYS,US_SP400,2026-09-21,2026-09-21,0,PASS
WSSEC:WS:XNYS:AOS,WS:XNYS:AOS,XNYS,US_SP500,2026-09-24,2026-09-24,0,PASS
WSSEC:WS:XNYS:APD,WS:XNYS:APD,XNYS,US_SP500,2026-09-24,2026-09-24,0,PASS
WSSEC:WS:XNYS:APG,WS:XNYS:APG,XNYS,US_SP400,2026-09-21,2026-09-21,0,PASS
WSSEC:WS:XNYS:APH,WS:XNYS:APH,XNYS,US_SP500,2026-09-24,2026-09-24,0,PASS
WSSEC:WS:XNYS:AR,WS:XNYS:AR,XNYS,US_SP400,2026-09-21,2026-09-21,0,PASS
WSSEC:WS:XNYS:ARES,WS:XNYS:ARES,XNYS,US_SP500,2026-09-24,2026-09-24,0,PASS
WSSEC:WS:XNYS:ARMK,WS:XNYS:ARMK,XNYS,US_SP400,2026-09-21,2026-09-21,0,PASS
WSSEC:WS:XNYS:ARW,WS:XNYS:ARW,XNYS,US_SP400,2026-09-21,2026-09-21,0,PASS
WSSEC:WS:XNYS:ASB,WS:XNYS:ASB,XNYS,US_SP400,2026-09-21,2026-09-21,0,PASS
WSSEC:WS:XNYS:ASH,WS:XNYS:ASH,XNYS,US_SP400,2026-09-21,2026-09-21,0,PASS
WSSEC:WS:XNYS:ATI,WS:XNYS:ATI,XNYS,US_SP400,2026-09-21,2026-09-21,0,PASS
WSSEC:WS:XNYS:ATO,WS:XNYS:ATO,XNYS,US_SP500,2026-09-24,2026-09-24,0,PASS
WSSEC:WS:XNYS:ATR,WS:XNYS:ATR,XNYS,US_SP400,2026-09-21,2026-09-21,0,PASS
WSSEC:WS:XNYS:AVNT,WS:XNYS:AVNT,XNYS,US_SP400,2026-09-21,2026-09-21,0,PASS
WSSEC:WS:XNYS:AVTR,WS:XNYS:AVTR,XNYS,US_SP400,2026-09-21,2026-09-21,0,PASS
WSSEC:WS:XNYS:AVY,WS:XNYS:AVY,XNYS,US_SP500,2026-09-24,2026-09-24,0,PASS
WSSEC:WS:XNYS:AWK,WS:XNYS:AWK,XNYS,US_SP500,2026-09-24,2026-09-24,0,PASS
WSSEC:WS:XNYS:AXP,WS:XNYS:AXP,XNYS,US_SP500,2026-09-24,2026-09-24,0,PASS
WSSEC:WS:XNYS:AXTA,WS:XNYS:AXTA,XNYS,US_SP400,2026-09-21,2026-09-21,0,PASS
WSSEC:WS:XNYS:AYI,WS:XNYS:AYI,XNYS,US_SP400,2026-09-21,2026-09-21,0,PASS
WSSEC:WS:XNYS:AZO,WS:XNYS:AZO,XNYS,US_SP500,2026-09-24,2026-09-24,0,PASS
WSSEC:WS:XNYS:BA,WS:XNYS:BA,XNYS,US_SP500,2026-09-24,2026-09-24,0,PASS
WSSEC:WS:XNYS:BAC,WS:XNYS:BAC,XNYS,US_SP500,2026-09-24,2026-09-24,0,PASS
WSSEC:WS:XNYS:BAH,WS:XNYS:BAH,XNYS,US_SP400,2026-09-21,2026-09-21,0,PASS
WSSEC:WS:XNYS:BALL,WS:XNYS:BALL,XNYS,US_SP500,2026-09-24,2026-09-24,0,PASS
WSSEC:WS:XNYS:BAX,WS:XNYS:BAX,XNYS,US_SP500,2026-09-24,2026-09-24,0,PASS
WSSEC:WS:XNYS:BBWI,WS:XNYS:BBWI,XNYS,US_SP400,2026-09-21,2026-09-21,0,PASS
WSSEC:WS:XNYS:BBY,WS:XNYS:BBY,XNYS,US_SP500,2026-09-24,2026-09-24,0,PASS
WSSEC:WS:XNYS:BC,WS:XNYS:BC,XNYS,US_SP400,2026-09-21,2026-09-21,0,PASS
WSSEC:WS:XNYS:BCO,WS:XNYS:BCO,XNYS,US_SP400,2026-09-21,2026-09-21,0,PASS
WSSEC:WS:XNYS:BDC,WS:XNYS:BDC,XNYS,US_SP400,2026-09-21,2026-09-21,0,PASS
WSSEC:WS:XNYS:BDX,WS:XNYS:BDX,XNYS,US_SP500,2026-09-24,2026-09-24,0,PASS
WSSEC:WS:XNYS:BEN,WS:XNYS:BEN,XNYS,US_SP500,2026-09-24,2026-09-24,0,PASS
WSSEC:WS:XNYS:BILL,WS:XNYS:BILL,XNYS,US_SP400,2026-09-21,2026-09-21,0,PASS
WSSEC:WS:XNYS:BIO,WS:XNYS:BIO,XNYS,US_SP400,2026-09-21,2026-09-21,0,PASS
WSSEC:WS:XNYS:BJ,WS:XNYS:BJ,XNYS,US_SP400,2026-09-21,2026-09-21,0,PASS
WSSEC:WS:XNYS:BKH,WS:XNYS:BKH,XNYS,US_SP400,2026-09-21,2026-09-21,0,PASS
WSSEC:WS:XNYS:BKR,WS:XNYS:BKR,XNYS,US_SP500,2026-09-24,2026-09-24,0,PASS
WSSEC:WS:XNYS:BLDR,WS:XNYS:BLDR,XNYS,US_SP500,2026-09-24,2026-09-24,0,PASS
WSSEC:WS:XNYS:BMY,WS:XNYS:BMY,XNYS,US_SP500,2026-09-24,2026-09-24,0,PASS
WSSEC:WS:XNYS:BNY,WS:XNYS:BNY,XNYS,US_SP500,2026-09-24,2026-09-24,0,PASS
WSSEC:WS:XNYS:BR,WS:XNYS:BR,XNYS,US_SP500,2026-09-24,2026-09-24,0,PASS
WSSEC:WS:XNYS:BRO,WS:XNYS:BRO,XNYS,US_SP500,2026-09-24,2026-09-24,0,PASS
WSSEC:WS:XNYS:BROS,WS:XNYS:BROS,XNYS,US_SP400,2026-09-21,2026-09-21,0,PASS
WSSEC:WS:XNYS:BSX,WS:XNYS:BSX,XNYS,US_SP500,2026-09-24,2026-09-24,0,PASS
WSSEC:WS:XNYS:BURL,WS:XNYS:BURL,XNYS,US_SP400,2026-09-21,2026-09-21,0,PASS
WSSEC:WS:XNYS:BWA,WS:XNYS:BWA,XNYS,US_SP400,2026-09-21,2026-09-21,0,PASS
WSSEC:WS:XNYS:BWXT,WS:XNYS:BWXT,XNYS,US_SP400,2026-09-21,2026-09-21,0,PASS
WSSEC:WS:XNYS:BYD,WS:XNYS:BYD,XNYS,US_SP400,2026-09-21,2026-09-21,0,PASS
WSSEC:WS:XNYS:C,WS:XNYS:C,XNYS,US_SP500,2026-09-24,2026-09-24,0,PASS
WSSEC:WS:XNYS:CACI,WS:XNYS:CACI,XNYS,US_SP400,2026-09-21,2026-09-21,0,PASS
WSSEC:WS:XNYS:CAH,WS:XNYS:CAH,XNYS,US_SP500,2026-09-24,2026-09-24,0,PASS
WSSEC:WS:XNYS:CARR,WS:XNYS:CARR,XNYS,US_SP500,2026-09-24,2026-09-24,0,PASS
WSSEC:WS:XNYS:CAT,WS:XNYS:CAT,XNYS,US_SP500,2026-09-24,2026-09-24,0,PASS
WSSEC:WS:XNYS:CAVA,WS:XNYS:CAVA,XNYS,US_SP400,2026-09-21,2026-09-21,0,PASS
WSSEC:WS:XNYS:CBT,WS:XNYS:CBT,XNYS,US_SP400,2026-09-21,2026-09-21,0,PASS
WSSEC:WS:XNYS:CCK,WS:XNYS:CCK,XNYS,US_SP400,2026-09-21,2026-09-21,0,PASS
WSSEC:WS:XNYS:CDE,WS:XNYS:CDE,XNYS,US_SP400,2026-09-21,2026-09-21,0,PASS
WSSEC:WS:XNYS:CF,WS:XNYS:CF,XNYS,US_SP500,2026-09-24,2026-09-24,0,PASS
WSSEC:WS:XNYS:CFG,WS:XNYS:CFG,XNYS,US_SP500,2026-09-24,2026-09-24,0,PASS
WSSEC:WS:XNYS:CFR,WS:XNYS:CFR,XNYS,US_SP400,2026-09-21,2026-09-21,0,PASS
WSSEC:WS:XNYS:CHD,WS:XNYS:CHD,XNYS,US_SP500,2026-09-24,2026-09-24,0,PASS
WSSEC:WS:XNYS:CHE,WS:XNYS:CHE,XNYS,US_SP400,2026-09-21,2026-09-21,0,PASS
WSSEC:WS:XNYS:CHH,WS:XNYS:CHH,XNYS,US_SP400,2026-09-21,2026-09-21,0,PASS
WSSEC:WS:XNYS:CHWY,WS:XNYS:CHWY,XNYS,US_SP400,2026-09-21,2026-09-21,0,PASS
WSSEC:WS:XNYS:CL,WS:XNYS:CL,XNYS,US_SP500,2026-09-24,2026-09-24,0,PASS
WSSEC:WS:XNYS:CLF,WS:XNYS:CLF,XNYS,US_SP400,2026-09-21,2026-09-21,0,PASS
WSSEC:WS:XNYS:CLH,WS:XNYS:CLH,XNYS,US_SP400,2026-09-21,2026-09-21,0,PASS
WSSEC:WS:XNYS:CLX,WS:XNYS:CLX,XNYS,US_SP500,2026-09-24,2026-09-24,0,PASS
WSSEC:WS:XNYS:CMC,WS:XNYS:CMC,XNYS,US_SP400,2026-09-21,2026-09-21,0,PASS
WSSEC:WS:XNYS:CMG,WS:XNYS:CMG,XNYS,US_SP500,2026-09-24,2026-09-24,0,PASS
WSSEC:WS:XNYS:CMI,WS:XNYS:CMI,XNYS,US_SP500,2026-09-24,2026-09-24,0,PASS
WSSEC:WS:XNYS:CMS,WS:XNYS:CMS,XNYS,US_SP500,2026-09-24,2026-09-24,0,PASS
WSSEC:WS:XNYS:CNC,WS:XNYS:CNC,XNYS,US_SP500,2026-09-24,2026-09-24,0,PASS
WSSEC:WS:XNYS:CNH,WS:XNYS:CNH,XNYS,US_SP400,2026-09-21,2026-09-21,0,PASS
WSSEC:WS:XNYS:CNM,WS:XNYS:CNM,XNYS,US_SP400,2026-09-21,2026-09-21,0,PASS
WSSEC:WS:XNYS:CNO,WS:XNYS:CNO,XNYS,US_SP400,2026-09-21,2026-09-21,0,PASS
WSSEC:WS:XNYS:CNP,WS:XNYS:CNP,XNYS,US_SP500,2026-09-24,2026-09-24,0,PASS
WSSEC:WS:XNYS:CNX,WS:XNYS:CNX,XNYS,US_SP400,2026-09-21,2026-09-21,0,PASS
WSSEC:WS:XNYS:COF,WS:XNYS:COF,XNYS,US_SP500,2026-09-24,2026-09-24,0,PASS
WSSEC:WS:XNYS:COP,WS:XNYS:COP,XNYS,US_SP500,2026-09-24,2026-09-24,0,PASS
WSSEC:WS:XNYS:COR,WS:XNYS:COR,XNYS,US_SP500,2026-09-24,2026-09-24,0,PASS
WSSEC:WS:XNYS:CPRI,WS:XNYS:CPRI,XNYS,US_SP400,2026-09-21,2026-09-21,0,PASS
WSSEC:WS:XNYS:CR,WS:XNYS:CR,XNYS,US_SP400,2026-09-21,2026-09-21,0,PASS
WSSEC:WS:XNYS:CRBG,WS:XNYS:CRBG,XNYS,US_SP400,2026-09-21,2026-09-21,0,PASS
WSSEC:WS:XNYS:CRL,WS:XNYS:CRL,XNYS,US_SP500,2026-09-24,2026-09-24,0,PASS
WSSEC:WS:XNYS:CRM,WS:XNYS:CRM,XNYS,US_SP500,2026-09-24,2026-09-24,0,PASS
WSSEC:WS:XNYS:CRS,WS:XNYS:CRS,XNYS,US_SP400,2026-09-21,2026-09-21,0,PASS
WSSEC:WS:XNYS:CSL,WS:XNYS:CSL,XNYS,US_SP400,2026-09-21,2026-09-21,0,PASS
WSSEC:WS:XNYS:CTVA,WS:XNYS:CTVA,XNYS,US_SP500,2026-09-24,2026-09-24,0,PASS
WSSEC:WS:XNYS:CVNA,WS:XNYS:CVNA,XNYS,US_SP500,2026-09-24,2026-09-24,0,PASS
WSSEC:WS:XNYS:CVS,WS:XNYS:CVS,XNYS,US_SP500,2026-09-24,2026-09-24,0,PASS
WSSEC:WS:XNYS:CVX,WS:XNYS:CVX,XNYS,US_SP500,2026-09-24,2026-09-24,0,PASS
WSSEC:WS:XNYS:CW,WS:XNYS:CW,XNYS,US_SP400,2026-09-21,2026-09-21,0,PASS
WSSEC:WS:XNYS:CXT,WS:XNYS:CXT,XNYS,US_SP400,2026-09-21,2026-09-21,0,PASS
WSSEC:WS:XNYS:D,WS:XNYS:D,XNYS,US_SP500,2026-09-24,2026-09-24,0,PASS
WSSEC:WS:XNYS:DAL,WS:XNYS:DAL,XNYS,US_SP500,2026-09-24,2026-09-24,0,PASS
WSSEC:WS:XNYS:DAR,WS:XNYS:DAR,XNYS,US_SP400,2026-09-21,2026-09-21,0,PASS
WSSEC:WS:XNYS:DCI,WS:XNYS:DCI,XNYS,US_SP400,2026-09-21,2026-09-21,0,PASS
WSSEC:WS:XNYS:DE,WS:XNYS:DE,XNYS,US_SP500,2026-09-24,2026-09-24,0,PASS
WSSEC:WS:XNYS:DG,WS:XNYS:DG,XNYS,US_SP500,2026-09-24,2026-09-24,0,PASS
WSSEC:WS:XNYS:DHI,WS:XNYS:DHI,XNYS,US_SP500,2026-09-24,2026-09-24,0,PASS
WSSEC:WS:XNYS:DHR,WS:XNYS:DHR,XNYS,US_SP500,2026-09-24,2026-09-24,0,PASS
WSSEC:WS:XNYS:DINO,WS:XNYS:DINO,XNYS,US_SP400,2026-09-21,2026-09-21,0,PASS
WSSEC:WS:XNYS:DIS,WS:XNYS:DIS,XNYS,US_SP500,2026-09-24,2026-09-24,0,PASS
WSSEC:WS:XNYS:DKS,WS:XNYS:DKS,XNYS,US_SP400,2026-09-21,2026-09-21,0,PASS
WSSEC:WS:XNYS:DLB,WS:XNYS:DLB,XNYS,US_SP400,2026-09-21,2026-09-21,0,PASS
WSSEC:WS:XNYS:DOCN,WS:XNYS:DOCN,XNYS,US_SP400,2026-09-21,2026-09-21,0,PASS
WSSEC:WS:XNYS:DOCS,WS:XNYS:DOCS,XNYS,US_SP400,2026-09-21,2026-09-21,0,PASS
WSSEC:WS:XNYS:DOV,WS:XNYS:DOV,XNYS,US_SP500,2026-09-24,2026-09-24,0,PASS
WSSEC:WS:XNYS:DPZ,WS:XNYS:DPZ,XNYS,US_SP500,2026-09-24,2026-09-24,0,PASS
WSSEC:WS:XNYS:DRI,WS:XNYS:DRI,XNYS,US_SP500,2026-09-24,2026-09-24,0,PASS
WSSEC:WS:XNYS:DT,WS:XNYS:DT,XNYS,US_SP400,2026-09-21,2026-09-21,0,PASS
WSSEC:WS:XNYS:DTM,WS:XNYS:DTM,XNYS,US_SP400,2026-09-21,2026-09-21,0,PASS
WSSEC:WS:XNYS:DUK,WS:XNYS:DUK,XNYS,US_SP500,2026-09-24,2026-09-24,0,PASS
WSSEC:WS:XNYS:DVA,WS:XNYS:DVA,XNYS,US_SP500,2026-09-24,2026-09-24,0,PASS
WSSEC:WS:XNYS:DVN,WS:XNYS:DVN,XNYS,US_SP500,2026-09-24,2026-09-24,0,PASS
WSSEC:WS:XNYS:DY,WS:XNYS:DY,XNYS,US_SP400,2026-09-21,2026-09-21,0,PASS
WSSEC:WS:XNYS:ECL,WS:XNYS:ECL,XNYS,US_SP500,2026-09-24,2026-09-24,0,PASS
WSSEC:WS:XNYS:ED,WS:XNYS:ED,XNYS,US_SP500,2026-09-24,2026-09-24,0,PASS
WSSEC:WS:XNYS:EFX,WS:XNYS:EFX,XNYS,US_SP500,2026-09-24,2026-09-24,0,PASS
WSSEC:WS:XNYS:EHC,WS:XNYS:EHC,XNYS,US_SP400,2026-09-21,2026-09-21,0,PASS
WSSEC:WS:XNYS:EIX,WS:XNYS:EIX,XNYS,US_SP500,2026-09-24,2026-09-24,0,PASS
WSSEC:WS:XNYS:EL,WS:XNYS:EL,XNYS,US_SP500,2026-09-24,2026-09-24,0,PASS
WSSEC:WS:XNYS:ELAN,WS:XNYS:ELAN,XNYS,US_SP400,2026-09-21,2026-09-21,0,PASS
WSSEC:WS:XNYS:ELF,WS:XNYS:ELF,XNYS,US_SP400,2026-09-21,2026-09-21,0,PASS
WSSEC:WS:XNYS:ELV,WS:XNYS:ELV,XNYS,US_SP500,2026-09-24,2026-09-24,0,PASS
WSSEC:WS:XNYS:EME,WS:XNYS:EME,XNYS,US_SP500,2026-09-24,2026-09-24,0,PASS
WSSEC:WS:XNYS:EMR,WS:XNYS:EMR,XNYS,US_SP500,2026-09-24,2026-09-24,0,PASS
WSSEC:WS:XNYS:ENS,WS:XNYS:ENS,XNYS,US_SP400,2026-09-21,2026-09-21,0,PASS
WSSEC:WS:XNYS:EOG,WS:XNYS:EOG,XNYS,US_SP500,2026-09-24,2026-09-24,0,PASS
WSSEC:WS:XNYS:EQH,WS:XNYS:EQH,XNYS,US_SP400,2026-09-21,2026-09-21,0,PASS
WSSEC:WS:XNYS:EQT,WS:XNYS:EQT,XNYS,US_SP500,2026-09-24,2026-09-24,0,PASS
WSSEC:WS:XNYS:ES,WS:XNYS:ES,XNYS,US_SP500,2026-09-24,2026-09-24,0,PASS
WSSEC:WS:XNYS:ESAB,WS:XNYS:ESAB,XNYS,US_SP400,2026-09-21,2026-09-21,0,PASS
WSSEC:WS:XNYS:ESNT,WS:XNYS:ESNT,XNYS,US_SP400,2026-09-21,2026-09-21,0,PASS
WSSEC:WS:XNYS:ETR,WS:XNYS:ETR,XNYS,US_SP500,2026-09-24,2026-09-24,0,PASS
WSSEC:WS:XNYS:EVR,WS:XNYS:EVR,XNYS,US_SP400,2026-09-21,2026-09-21,0,PASS
WSSEC:WS:XNYS:EVRG,WS:XNYS:EVRG,XNYS,US_SP500,2026-09-24,2026-09-24,0,PASS
WSSEC:WS:XNYS:EW,WS:XNYS:EW,XNYS,US_SP500,2026-09-24,2026-09-24,0,PASS
WSSEC:WS:XNYS:EXC,WS:XNYS:EXC,XNYS,US_SP500,2026-09-24,2026-09-24,0,PASS
WSSEC:WS:XNYS:EXP,WS:XNYS:EXP,XNYS,US_SP400,2026-09-21,2026-09-21,0,PASS
WSSEC:WS:XNYS:F,WS:XNYS:F,XNYS,US_SP500,2026-09-24,2026-09-24,0,PASS
WSSEC:WS:XNYS:FAF,WS:XNYS:FAF,XNYS,US_SP400,2026-09-21,2026-09-21,0,PASS
WSSEC:WS:XNYS:FBIN,WS:XNYS:FBIN,XNYS,US_SP400,2026-09-21,2026-09-21,0,PASS
WSSEC:WS:XNYS:FCN,WS:XNYS:FCN,XNYS,US_SP400,2026-09-21,2026-09-21,0,PASS
WSSEC:WS:XNYS:FCX,WS:XNYS:FCX,XNYS,US_SP500,2026-09-24,2026-09-24,0,PASS
WSSEC:WS:XNYS:FDS,WS:XNYS:FDS,XNYS,US_SP500,2026-09-24,2026-09-24,0,PASS
WSSEC:WS:XNYS:FDX,WS:XNYS:FDX,XNYS,US_SP500,2026-09-24,2026-09-24,0,PASS
WSSEC:WS:XNYS:FE,WS:XNYS:FE,XNYS,US_SP500,2026-09-24,2026-09-24,0,PASS
WSSEC:WS:XNYS:FERG,WS:XNYS:FERG,XNYS,US_SP500,2026-09-24,2026-09-24,0,PASS
WSSEC:WS:XNYS:FHI,WS:XNYS:FHI,XNYS,US_SP400,2026-09-21,2026-09-21,0,PASS
WSSEC:WS:XNYS:FHN,WS:XNYS:FHN,XNYS,US_SP400,2026-09-21,2026-09-21,0,PASS
WSSEC:WS:XNYS:FICO,WS:XNYS:FICO,XNYS,US_SP500,2026-09-24,2026-09-24,0,PASS
WSSEC:WS:XNYS:FIS,WS:XNYS:FIS,XNYS,US_SP500,2026-09-24,2026-09-24,0,PASS
WSSEC:WS:XNYS:FIX,WS:XNYS:FIX,XNYS,US_SP500,2026-09-24,2026-09-24,0,PASS
WSSEC:WS:XNYS:FLG,WS:XNYS:FLG,XNYS,US_SP400,2026-09-21,2026-09-21,0,PASS
WSSEC:WS:XNYS:FLR,WS:XNYS:FLR,XNYS,US_SP400,2026-09-21,2026-09-21,0,PASS
WSSEC:WS:XNYS:FLS,WS:XNYS:FLS,XNYS,US_SP400,2026-09-21,2026-09-21,0,PASS
WSSEC:WS:XNYS:FN,WS:XNYS:FN,XNYS,US_SP400,2026-09-21,2026-09-21,0,PASS
WSSEC:WS:XNYS:FNB,WS:XNYS:FNB,XNYS,US_SP400,2026-09-21,2026-09-21,0,PASS
WSSEC:WS:XNYS:FND,WS:XNYS:FND,XNYS,US_SP400,2026-09-21,2026-09-21,0,PASS
WSSEC:WS:XNYS:FNF,WS:XNYS:FNF,XNYS,US_SP400,2026-09-21,2026-09-21,0,PASS
WSSEC:WS:XNYS:FOUR,WS:XNYS:FOUR,XNYS,US_SP400,2026-09-21,2026-09-21,0,PASS
WSSEC:WS:XNYS:FTI,WS:XNYS:FTI,XNYS,US_SP400,2026-09-21,2026-09-21,0,PASS
WSSEC:WS:XNYS:FTV,WS:XNYS:FTV,XNYS,US_SP500,2026-09-24,2026-09-24,0,PASS
WSSEC:WS:XNYS:G,WS:XNYS:G,XNYS,US_SP400,2026-09-21,2026-09-21,0,PASS
WSSEC:WS:XNYS:GAP,WS:XNYS:GAP,XNYS,US_SP400,2026-09-21,2026-09-21,0,PASS
WSSEC:WS:XNYS:GATX,WS:XNYS:GATX,XNYS,US_SP400,2026-09-21,2026-09-21,0,PASS
WSSEC:WS:XNYS:GBCI,WS:XNYS:GBCI,XNYS,US_SP400,2026-09-21,2026-09-21,0,PASS
WSSEC:WS:XNYS:GD,WS:XNYS:GD,XNYS,US_SP500,2026-09-24,2026-09-24,0,PASS
WSSEC:WS:XNYS:GEF,WS:XNYS:GEF,XNYS,US_SP400,2026-09-21,2026-09-21,0,PASS
WSSEC:WS:XNYS:GEV,WS:XNYS:GEV,XNYS,US_SP500,2026-09-24,2026-09-24,0,PASS
WSSEC:WS:XNYS:GGG,WS:XNYS:GGG,XNYS,US_SP400,2026-09-21,2026-09-21,0,PASS
WSSEC:WS:XNYS:GHC,WS:XNYS:GHC,XNYS,US_SP400,2026-09-21,2026-09-21,0,PASS
WSSEC:WS:XNYS:GL,WS:XNYS:GL,XNYS,US_SP500,2026-09-24,2026-09-24,0,PASS
WSSEC:WS:XNYS:GLW,WS:XNYS:GLW,XNYS,US_SP500,2026-09-24,2026-09-24,0,PASS
WSSEC:WS:XNYS:GM,WS:XNYS:GM,XNYS,US_SP500,2026-09-24,2026-09-24,0,PASS
WSSEC:WS:XNYS:GME,WS:XNYS:GME,XNYS,US_SP400,2026-09-21,2026-09-21,0,PASS
WSSEC:WS:XNYS:GMED,WS:XNYS:GMED,XNYS,US_SP400,2026-09-21,2026-09-21,0,PASS
WSSEC:WS:XNYS:GNRC,WS:XNYS:GNRC,XNYS,US_SP500,2026-09-24,2026-09-24,0,PASS
WSSEC:WS:XNYS:GPC,WS:XNYS:GPC,XNYS,US_SP500,2026-09-24,2026-09-24,0,PASS
WSSEC:WS:XNYS:GPK,WS:XNYS:GPK,XNYS,US_SP400,2026-09-21,2026-09-21,0,PASS
WSSEC:WS:XNYS:GPN,WS:XNYS:GPN,XNYS,US_SP500,2026-09-24,2026-09-24,0,PASS
WSSEC:WS:XNYS:GS,WS:XNYS:GS,XNYS,US_SP500,2026-09-24,2026-09-24,0,PASS
WSSEC:WS:XNYS:GWRE,WS:XNYS:GWRE,XNYS,US_SP400,2026-09-21,2026-09-21,0,PASS
WSSEC:WS:XNYS:GWW,WS:XNYS:GWW,XNYS,US_SP500,2026-09-24,2026-09-24,0,PASS
WSSEC:WS:XNYS:GXO,WS:XNYS:GXO,XNYS,US_SP400,2026-09-21,2026-09-21,0,PASS
WSSEC:WS:XNYS:H,WS:XNYS:H,XNYS,US_SP400,2026-09-21,2026-09-21,0,PASS
WSSEC:WS:XNYS:HAE,WS:XNYS:HAE,XNYS,US_SP400,2026-09-21,2026-09-21,0,PASS
WSSEC:WS:XNYS:HAL,WS:XNYS:HAL,XNYS,US_SP500,2026-09-24,2026-09-24,0,PASS
WSSEC:WS:XNYS:HCA,WS:XNYS:HCA,XNYS,US_SP500,2026-09-24,2026-09-24,0,PASS
WSSEC:WS:XNYS:HD,WS:XNYS:HD,XNYS,US_SP500,2026-09-24,2026-09-24,0,PASS
WSSEC:WS:XNYS:HGV,WS:XNYS:HGV,XNYS,US_SP400,2026-09-21,2026-09-21,0,PASS
WSSEC:WS:XNYS:HIG,WS:XNYS:HIG,XNYS,US_SP500,2026-09-24,2026-09-24,0,PASS
WSSEC:WS:XNYS:HII,WS:XNYS:HII,XNYS,US_SP500,2026-09-24,2026-09-24,0,PASS
WSSEC:WS:XNYS:HIMS,WS:XNYS:HIMS,XNYS,US_SP400,2026-09-21,2026-09-21,0,PASS
WSSEC:WS:XNYS:HL,WS:XNYS:HL,XNYS,US_SP400,2026-09-21,2026-09-21,0,PASS
WSSEC:WS:XNYS:HLI,WS:XNYS:HLI,XNYS,US_SP400,2026-09-21,2026-09-21,0,PASS
WSSEC:WS:XNYS:HLT,WS:XNYS:HLT,XNYS,US_SP500,2026-09-24,2026-09-24,0,PASS
WSSEC:WS:XNYS:HOG,WS:XNYS:HOG,XNYS,US_SP400,2026-09-21,2026-09-21,0,PASS
WSSEC:WS:XNYS:HOMB,WS:XNYS:HOMB,XNYS,US_SP400,2026-09-21,2026-09-21,0,PASS
WSSEC:WS:XNYS:HPE,WS:XNYS:HPE,XNYS,US_SP500,2026-09-24,2026-09-24,0,PASS
WSSEC:WS:XNYS:HRB,WS:XNYS:HRB,XNYS,US_SP400,2026-09-21,2026-09-21,0,PASS
WSSEC:WS:XNYS:HRL,WS:XNYS:HRL,XNYS,US_SP500,2026-09-24,2026-09-24,0,PASS
WSSEC:WS:XNYS:HSY,WS:XNYS:HSY,XNYS,US_SP500,2026-09-24,2026-09-24,0,PASS
WSSEC:WS:XNYS:HUBB,WS:XNYS:HUBB,XNYS,US_SP500,2026-09-24,2026-09-24,0,PASS
WSSEC:WS:XNYS:HUM,WS:XNYS:HUM,XNYS,US_SP500,2026-09-24,2026-09-24,0,PASS
WSSEC:WS:XNYS:HXL,WS:XNYS:HXL,XNYS,US_SP400,2026-09-21,2026-09-21,0,PASS
WSSEC:WS:XNYS:IBM,WS:XNYS:IBM,XNYS,US_SP500,2026-09-24,2026-09-24,0,PASS
WSSEC:WS:XNYS:ICE,WS:XNYS:ICE,XNYS,US_SP500,2026-09-24,2026-09-24,0,PASS
WSSEC:WS:XNYS:IDA,WS:XNYS:IDA,XNYS,US_SP400,2026-09-21,2026-09-21,0,PASS
WSSEC:WS:XNYS:IEX,WS:XNYS:IEX,XNYS,US_SP500,2026-09-24,2026-09-24,0,PASS
WSSEC:WS:XNYS:IFF,WS:XNYS:IFF,XNYS,US_SP500,2026-09-24,2026-09-24,0,PASS
WSSEC:WS:XNYS:INGR,WS:XNYS:INGR,XNYS,US_SP400,2026-09-21,2026-09-21,0,PASS
WSSEC:WS:XNYS:IP,WS:XNYS:IP,XNYS,US_SP500,2026-09-24,2026-09-24,0,PASS
WSSEC:WS:XNYS:IQV,WS:XNYS:IQV,XNYS,US_SP500,2026-09-24,2026-09-24,0,PASS
WSSEC:WS:XNYS:IT,WS:XNYS:IT,XNYS,US_SP500,2026-09-24,2026-09-24,0,PASS
WSSEC:WS:XNYS:ITT,WS:XNYS:ITT,XNYS,US_SP400,2026-09-21,2026-09-21,0,PASS
WSSEC:WS:XNYS:ITW,WS:XNYS:ITW,XNYS,US_SP500,2026-09-24,2026-09-24,0,PASS
WSSEC:WS:XNYS:JBL,WS:XNYS:JBL,XNYS,US_SP500,2026-09-24,2026-09-24,0,PASS
WSSEC:WS:XNYS:JEF,WS:XNYS:JEF,XNYS,US_SP400,2026-09-21,2026-09-21,0,PASS
WSSEC:WS:XNYS:JNJ,WS:XNYS:JNJ,XNYS,US_SP500,2026-09-24,2026-09-24,0,PASS
WSSEC:WS:XNYS:JPM,WS:XNYS:JPM,XNYS,US_SP500,2026-09-24,2026-09-24,0,PASS
WSSEC:WS:XNYS:KBH,WS:XNYS:KBH,XNYS,US_SP400,2026-09-21,2026-09-21,0,PASS
WSSEC:WS:XNYS:KBR,WS:XNYS:KBR,XNYS,US_SP400,2026-09-21,2026-09-21,0,PASS
WSSEC:WS:XNYS:KD,WS:XNYS:KD,XNYS,US_SP400,2026-09-21,2026-09-21,0,PASS
WSSEC:WS:XNYS:KEX,WS:XNYS:KEX,XNYS,US_SP400,2026-09-21,2026-09-21,0,PASS
WSSEC:WS:XNYS:KEY,WS:XNYS:KEY,XNYS,US_SP500,2026-09-24,2026-09-24,0,PASS
WSSEC:WS:XNYS:KEYS,WS:XNYS:KEYS,XNYS,US_SP500,2026-09-24,2026-09-24,0,PASS
WSSEC:WS:XNYS:KMB,WS:XNYS:KMB,XNYS,US_SP500,2026-09-24,2026-09-24,0,PASS
WSSEC:WS:XNYS:KMI,WS:XNYS:KMI,XNYS,US_SP500,2026-09-24,2026-09-24,0,PASS
WSSEC:WS:XNYS:KNF,WS:XNYS:KNF,XNYS,US_SP400,2026-09-21,2026-09-21,0,PASS
WSSEC:WS:XNYS:KNSL,WS:XNYS:KNSL,XNYS,US_SP400,2026-09-21,2026-09-21,0,PASS
WSSEC:WS:XNYS:KNX,WS:XNYS:KNX,XNYS,US_SP400,2026-09-21,2026-09-21,0,PASS
WSSEC:WS:XNYS:KO,WS:XNYS:KO,XNYS,US_SP500,2026-09-24,2026-09-24,0,PASS
WSSEC:WS:XNYS:KR,WS:XNYS:KR,XNYS,US_SP500,2026-09-24,2026-09-24,0,PASS
WSSEC:WS:XNYS:KVUE,WS:XNYS:KVUE,XNYS,US_SP500,2026-09-24,2026-09-24,0,PASS
WSSEC:WS:XNYS:L,WS:XNYS:L,XNYS,US_SP500,2026-09-24,2026-09-24,0,PASS
WSSEC:WS:XNYS:LAD,WS:XNYS:LAD,XNYS,US_SP400,2026-09-21,2026-09-21,0,PASS
WSSEC:WS:XNYS:LDOS,WS:XNYS:LDOS,XNYS,US_SP500,2026-09-24,2026-09-24,0,PASS
WSSEC:WS:XNYS:LEA,WS:XNYS:LEA,XNYS,US_SP400,2026-09-21,2026-09-21,0,PASS
WSSEC:WS:XNYS:LEN,WS:XNYS:LEN,XNYS,US_SP500,2026-09-24,2026-09-24,0,PASS
WSSEC:WS:XNYS:LHX,WS:XNYS:LHX,XNYS,US_SP500,2026-09-24,2026-09-24,0,PASS
WSSEC:WS:XNYS:LII,WS:XNYS:LII,XNYS,US_SP500,2026-09-24,2026-09-24,0,PASS
WSSEC:WS:XNYS:LLY,WS:XNYS:LLY,XNYS,US_SP500,2026-09-24,2026-09-24,0,PASS
WSSEC:WS:XNYS:LMT,WS:XNYS:LMT,XNYS,US_SP500,2026-09-24,2026-09-24,0,PASS
WSSEC:WS:XNYS:LOW,WS:XNYS:LOW,XNYS,US_SP500,2026-09-24,2026-09-24,0,PASS
WSSEC:WS:XNYS:LPX,WS:XNYS:LPX,XNYS,US_SP400,2026-09-21,2026-09-21,0,PASS
WSSEC:WS:XNYS:LUV,WS:XNYS:LUV,XNYS,US_SP500,2026-09-24,2026-09-24,0,PASS
WSSEC:WS:XNYS:LVS,WS:XNYS:LVS,XNYS,US_SP500,2026-09-24,2026-09-24,0,PASS
WSSEC:WS:XNYS:LYV,WS:XNYS:LYV,XNYS,US_SP500,2026-09-24,2026-09-24,0,PASS
WSSEC:WS:XNYS:M,WS:XNYS:M,XNYS,US_SP400,2026-09-21,2026-09-21,0,PASS
WSSEC:WS:XNYS:MA,WS:XNYS:MA,XNYS,US_SP500,2026-09-24,2026-09-24,0,PASS
WSSEC:WS:XNYS:MAS,WS:XNYS:MAS,XNYS,US_SP500,2026-09-24,2026-09-24,0,PASS
WSSEC:WS:XNYS:MCD,WS:XNYS:MCD,XNYS,US_SP500,2026-09-24,2026-09-24,0,PASS
WSSEC:WS:XNYS:MCK,WS:XNYS:MCK,XNYS,US_SP500,2026-09-24,2026-09-24,0,PASS
WSSEC:WS:XNYS:MCO,WS:XNYS:MCO,XNYS,US_SP500,2026-09-24,2026-09-24,0,PASS
WSSEC:WS:XNYS:MET,WS:XNYS:MET,XNYS,US_SP500,2026-09-24,2026-09-24,0,PASS
WSSEC:WS:XNYS:MGM,WS:XNYS:MGM,XNYS,US_SP500,2026-09-24,2026-09-24,0,PASS
WSSEC:WS:XNYS:MKC,WS:XNYS:MKC,XNYS,US_SP500,2026-09-24,2026-09-24,0,PASS
WSSEC:WS:XNYS:MLI,WS:XNYS:MLI,XNYS,US_SP400,2026-09-21,2026-09-21,0,PASS
WSSEC:WS:XNYS:MLM,WS:XNYS:MLM,XNYS,US_SP500,2026-09-24,2026-09-24,0,PASS
WSSEC:WS:XNYS:MMM,WS:XNYS:MMM,XNYS,US_SP500,2026-09-24,2026-09-24,0,PASS
WSSEC:WS:XNYS:MMS,WS:XNYS:MMS,XNYS,US_SP400,2026-09-21,2026-09-21,0,PASS
WSSEC:WS:XNYS:MO,WS:XNYS:MO,XNYS,US_SP500,2026-09-24,2026-09-24,0,PASS
WSSEC:WS:XNYS:MOGA,WS:XNYS:MOGA,XNYS,US_SP400,2026-09-21,2026-09-21,0,PASS
WSSEC:WS:XNYS:MOH,WS:XNYS:MOH,XNYS,US_SP400,2026-09-21,2026-09-21,0,PASS
WSSEC:WS:XNYS:MOS,WS:XNYS:MOS,XNYS,US_SP500,2026-09-24,2026-09-24,0,PASS
WSSEC:WS:XNYS:MP,WS:XNYS:MP,XNYS,US_SP400,2026-09-21,2026-09-21,0,PASS
WSSEC:WS:XNYS:MPC,WS:XNYS:MPC,XNYS,US_SP500,2026-09-24,2026-09-24,0,PASS
WSSEC:WS:XNYS:MRK,WS:XNYS:MRK,XNYS,US_SP500,2026-09-24,2026-09-24,0,PASS
WSSEC:WS:XNYS:MS,WS:XNYS:MS,XNYS,US_SP500,2026-09-24,2026-09-24,0,PASS
WSSEC:WS:XNYS:MSA,WS:XNYS:MSA,XNYS,US_SP400,2026-09-21,2026-09-21,0,PASS
WSSEC:WS:XNYS:MSCI,WS:XNYS:MSCI,XNYS,US_SP500,2026-09-24,2026-09-24,0,PASS
WSSEC:WS:XNYS:MSI,WS:XNYS:MSI,XNYS,US_SP500,2026-09-24,2026-09-24,0,PASS
WSSEC:WS:XNYS:MSM,WS:XNYS:MSM,XNYS,US_SP400,2026-09-21,2026-09-21,0,PASS
WSSEC:WS:XNYS:MTB,WS:XNYS:MTB,XNYS,US_SP500,2026-09-24,2026-09-24,0,PASS
WSSEC:WS:XNYS:MTD,WS:XNYS:MTD,XNYS,US_SP500,2026-09-24,2026-09-24,0,PASS
WSSEC:WS:XNYS:MTDR,WS:XNYS:MTDR,XNYS,US_SP400,2026-09-21,2026-09-21,0,PASS
WSSEC:WS:XNYS:MTG,WS:XNYS:MTG,XNYS,US_SP400,2026-09-21,2026-09-21,0,PASS
WSSEC:WS:XNYS:MTN,WS:XNYS:MTN,XNYS,US_SP400,2026-09-21,2026-09-21,0,PASS
WSSEC:WS:XNYS:MTZ,WS:XNYS:MTZ,XNYS,US_SP400,2026-09-21,2026-09-21,0,PASS
WSSEC:WS:XNYS:MUR,WS:XNYS:MUR,XNYS,US_SP400,2026-09-21,2026-09-21,0,PASS
WSSEC:WS:XNYS:MUSA,WS:XNYS:MUSA,XNYS,US_SP400,2026-09-21,2026-09-21,0,PASS
WSSEC:WS:XNYS:NEM,WS:XNYS:NEM,XNYS,US_SP500,2026-09-24,2026-09-24,0,PASS
WSSEC:WS:XNYS:NEU,WS:XNYS:NEU,XNYS,US_SP400,2026-09-21,2026-09-21,0,PASS
WSSEC:WS:XNYS:NFG,WS:XNYS:NFG,XNYS,US_SP400,2026-09-21,2026-09-21,0,PASS
WSSEC:WS:XNYS:NI,WS:XNYS:NI,XNYS,US_SP500,2026-09-24,2026-09-24,0,PASS
WSSEC:WS:XNYS:NJR,WS:XNYS:NJR,XNYS,US_SP400,2026-09-21,2026-09-21,0,PASS
WSSEC:WS:XNYS:NKE,WS:XNYS:NKE,XNYS,US_SP500,2026-09-24,2026-09-24,0,PASS
WSSEC:WS:XNYS:NOC,WS:XNYS:NOC,XNYS,US_SP500,2026-09-24,2026-09-24,0,PASS
WSSEC:WS:XNYS:NOV,WS:XNYS:NOV,XNYS,US_SP400,2026-09-21,2026-09-21,0,PASS
WSSEC:WS:XNYS:NOW,WS:XNYS:NOW,XNYS,US_SP500,2026-09-24,2026-09-24,0,PASS
WSSEC:WS:XNYS:NRG,WS:XNYS:NRG,XNYS,US_SP500,2026-09-24,2026-09-24,0,PASS
WSSEC:WS:XNYS:NSC,WS:XNYS:NSC,XNYS,US_SP500,2026-09-24,2026-09-24,0,PASS
WSSEC:WS:XNYS:NUE,WS:XNYS:NUE,XNYS,US_SP500,2026-09-24,2026-09-24,0,PASS
WSSEC:WS:XNYS:NVR,WS:XNYS:NVR,XNYS,US_SP500,2026-09-24,2026-09-24,0,PASS
WSSEC:WS:XNYS:NVST,WS:XNYS:NVST,XNYS,US_SP400,2026-09-21,2026-09-21,0,PASS
WSSEC:WS:XNYS:NVT,WS:XNYS:NVT,XNYS,US_SP400,2026-09-21,2026-09-21,0,PASS
WSSEC:WS:XNYS:NYT,WS:XNYS:NYT,XNYS,US_SP400,2026-09-21,2026-09-21,0,PASS
WSSEC:WS:XNYS:OC,WS:XNYS:OC,XNYS,US_SP400,2026-09-21,2026-09-21,0,PASS
WSSEC:WS:XNYS:OGE,WS:XNYS:OGE,XNYS,US_SP400,2026-09-21,2026-09-21,0,PASS
WSSEC:WS:XNYS:OGS,WS:XNYS:OGS,XNYS,US_SP400,2026-09-21,2026-09-21,0,PASS
WSSEC:WS:XNYS:OKE,WS:XNYS:OKE,XNYS,US_SP500,2026-09-24,2026-09-24,0,PASS
WSSEC:WS:XNYS:OLN,WS:XNYS:OLN,XNYS,US_SP400,2026-09-21,2026-09-21,0,PASS
WSSEC:WS:XNYS:OMC,WS:XNYS:OMC,XNYS,US_SP500,2026-09-24,2026-09-24,0,PASS
WSSEC:WS:XNYS:ONTO,WS:XNYS:ONTO,XNYS,US_SP400,2026-09-21,2026-09-21,0,PASS
WSSEC:WS:XNYS:ORA,WS:XNYS:ORA,XNYS,US_SP400,2026-09-21,2026-09-21,0,PASS
WSSEC:WS:XNYS:ORI,WS:XNYS:ORI,XNYS,US_SP400,2026-09-21,2026-09-21,0,PASS
WSSEC:WS:XNYS:OSK,WS:XNYS:OSK,XNYS,US_SP400,2026-09-21,2026-09-21,0,PASS
WSSEC:WS:XNYS:OTIS,WS:XNYS:OTIS,XNYS,US_SP500,2026-09-24,2026-09-24,0,PASS
WSSEC:WS:XNYS:OVV,WS:XNYS:OVV,XNYS,US_SP400,2026-09-21,2026-09-21,0,PASS
WSSEC:WS:XNYS:OXY,WS:XNYS:OXY,XNYS,US_SP500,2026-09-24,2026-09-24,0,PASS
WSSEC:WS:XNYS:P,WS:XNYS:P,XNYS,US_SP400,2026-09-21,2026-09-21,0,PASS
WSSEC:WS:XNYS:PAG,WS:XNYS:PAG,XNYS,US_SP400,2026-09-21,2026-09-21,0,PASS
WSSEC:WS:XNYS:PATH,WS:XNYS:PATH,XNYS,US_SP400,2026-09-21,2026-09-21,0,PASS
WSSEC:WS:XNYS:PB,WS:XNYS:PB,XNYS,US_SP400,2026-09-21,2026-09-21,0,PASS
WSSEC:WS:XNYS:PBF,WS:XNYS:PBF,XNYS,US_SP400,2026-09-21,2026-09-21,0,PASS
WSSEC:WS:XNYS:PCG,WS:XNYS:PCG,XNYS,US_SP500,2026-09-24,2026-09-24,0,PASS
WSSEC:WS:XNYS:PEG,WS:XNYS:PEG,XNYS,US_SP500,2026-09-24,2026-09-24,0,PASS
WSSEC:WS:XNYS:PEN,WS:XNYS:PEN,XNYS,US_SP400,2026-09-21,2026-09-21,0,PASS
WSSEC:WS:XNYS:PEP,WS:XNYS:PEP,XNYS,US_SP500,2026-09-24,2026-09-24,0,PASS
WSSEC:WS:XNYS:PFE,WS:XNYS:PFE,XNYS,US_SP500,2026-09-24,2026-09-24,0,PASS
WSSEC:WS:XNYS:PFGC,WS:XNYS:PFGC,XNYS,US_SP400,2026-09-21,2026-09-21,0,PASS
WSSEC:WS:XNYS:PG,WS:XNYS:PG,XNYS,US_SP500,2026-09-24,2026-09-24,0,PASS
WSSEC:WS:XNYS:PGR,WS:XNYS:PGR,XNYS,US_SP500,2026-09-24,2026-09-24,0,PASS
WSSEC:WS:XNYS:PH,WS:XNYS:PH,XNYS,US_SP500,2026-09-24,2026-09-24,0,PASS
WSSEC:WS:XNYS:PHM,WS:XNYS:PHM,XNYS,US_SP500,2026-09-24,2026-09-24,0,PASS
WSSEC:WS:XNYS:PII,WS:XNYS:PII,XNYS,US_SP400,2026-09-21,2026-09-21,0,PASS
WSSEC:WS:XNYS:PINS,WS:XNYS:PINS,XNYS,US_SP400,2026-09-21,2026-09-21,0,PASS
WSSEC:WS:XNYS:PKG,WS:XNYS:PKG,XNYS,US_SP500,2026-09-24,2026-09-24,0,PASS
WSSEC:WS:XNYS:PLNT,WS:XNYS:PLNT,XNYS,US_SP400,2026-09-21,2026-09-21,0,PASS
WSSEC:WS:XNYS:PLTR,WS:XNYS:PLTR,XNYS,US_SP500,2026-09-24,2026-09-24,0,PASS
WSSEC:WS:XNYS:PM,WS:XNYS:PM,XNYS,US_SP500,2026-09-24,2026-09-24,0,PASS
WSSEC:WS:XNYS:PNC,WS:XNYS:PNC,XNYS,US_SP500,2026-09-24,2026-09-24,0,PASS
WSSEC:WS:XNYS:PNFP,WS:XNYS:PNFP,XNYS,US_SP400,2026-09-21,2026-09-21,0,PASS
WSSEC:WS:XNYS:PNW,WS:XNYS:PNW,XNYS,US_SP500,2026-09-24,2026-09-24,0,PASS
WSSEC:WS:XNYS:POR,WS:XNYS:POR,XNYS,US_SP400,2026-09-21,2026-09-21,0,PASS
WSSEC:WS:XNYS:POST,WS:XNYS:POST,XNYS,US_SP400,2026-09-21,2026-09-21,0,PASS
WSSEC:WS:XNYS:PPG,WS:XNYS:PPG,XNYS,US_SP500,2026-09-24,2026-09-24,0,PASS
WSSEC:WS:XNYS:PPL,WS:XNYS:PPL,XNYS,US_SP500,2026-09-24,2026-09-24,0,PASS
WSSEC:WS:XNYS:PR,WS:XNYS:PR,XNYS,US_SP400,2026-09-21,2026-09-21,0,PASS
WSSEC:WS:XNYS:PRI,WS:XNYS:PRI,XNYS,US_SP400,2026-09-21,2026-09-21,0,PASS
WSSEC:WS:XNYS:PSN,WS:XNYS:PSN,XNYS,US_SP400,2026-09-21,2026-09-21,0,PASS
WSSEC:WS:XNYS:PSX,WS:XNYS:PSX,XNYS,US_SP500,2026-09-24,2026-09-24,0,PASS
WSSEC:WS:XNYS:PVH,WS:XNYS:PVH,XNYS,US_SP400,2026-09-21,2026-09-21,0,PASS
WSSEC:WS:XNYS:PWR,WS:XNYS:PWR,XNYS,US_SP500,2026-09-24,2026-09-24,0,PASS
WSSEC:WS:XNYS:R,WS:XNYS:R,XNYS,US_SP400,2026-09-21,2026-09-21,0,PASS
WSSEC:WS:XNYS:RBA,WS:XNYS:RBA,XNYS,US_SP400,2026-09-21,2026-09-21,0,PASS
WSSEC:WS:XNYS:RBC,WS:XNYS:RBC,XNYS,US_SP400,2026-09-21,2026-09-21,0,PASS
WSSEC:WS:XNYS:RF,WS:XNYS:RF,XNYS,US_SP500,2026-09-24,2026-09-24,0,PASS
WSSEC:WS:XNYS:RGA,WS:XNYS:RGA,XNYS,US_SP400,2026-09-21,2026-09-21,0,PASS
WSSEC:WS:XNYS:RH,WS:XNYS:RH,XNYS,US_SP400,2026-09-21,2026-09-21,0,PASS
WSSEC:WS:XNYS:RJF,WS:XNYS:RJF,XNYS,US_SP500,2026-09-24,2026-09-24,0,PASS
WSSEC:WS:XNYS:RL,WS:XNYS:RL,XNYS,US_SP500,2026-09-24,2026-09-24,0,PASS
WSSEC:WS:XNYS:RLI,WS:XNYS:RLI,XNYS,US_SP400,2026-09-21,2026-09-21,0,PASS
WSSEC:WS:XNYS:RMD,WS:XNYS:RMD,XNYS,US_SP500,2026-09-24,2026-09-24,0,PASS
WSSEC:WS:XNYS:RNR,WS:XNYS:RNR,XNYS,US_SP400,2026-09-21,2026-09-21,0,PASS
WSSEC:WS:XNYS:ROK,WS:XNYS:ROK,XNYS,US_SP500,2026-09-24,2026-09-24,0,PASS
WSSEC:WS:XNYS:ROL,WS:XNYS:ROL,XNYS,US_SP500,2026-09-24,2026-09-24,0,PASS
WSSEC:WS:XNYS:ROP,WS:XNYS:ROP,XNYS,US_SP500,2026-09-24,2026-09-24,0,PASS
WSSEC:WS:XNYS:RPM,WS:XNYS:RPM,XNYS,US_SP400,2026-09-21,2026-09-21,0,PASS
WSSEC:WS:XNYS:RRC,WS:XNYS:RRC,XNYS,US_SP400,2026-09-21,2026-09-21,0,PASS
WSSEC:WS:XNYS:RRX,WS:XNYS:RRX,XNYS,US_SP400,2026-09-21,2026-09-21,0,PASS
WSSEC:WS:XNYS:RS,WS:XNYS:RS,XNYS,US_SP400,2026-09-21,2026-09-21,0,PASS
WSSEC:WS:XNYS:RSG,WS:XNYS:RSG,XNYS,US_SP500,2026-09-24,2026-09-24,0,PASS
WSSEC:WS:XNYS:RTX,WS:XNYS:RTX,XNYS,US_SP500,2026-09-24,2026-09-24,0,PASS
WSSEC:WS:XNYS:RYAN,WS:XNYS:RYAN,XNYS,US_SP400,2026-09-21,2026-09-21,0,PASS
WSSEC:WS:XNYS:SAM,WS:XNYS:SAM,XNYS,US_SP400,2026-09-21,2026-09-21,0,PASS
WSSEC:WS:XNYS:SARO,WS:XNYS:SARO,XNYS,US_SP400,2026-09-21,2026-09-21,0,PASS
WSSEC:WS:XNYS:SCHW,WS:XNYS:SCHW,XNYS,US_SP500,2026-09-24,2026-09-24,0,PASS
WSSEC:WS:XNYS:SCI,WS:XNYS:SCI,XNYS,US_SP400,2026-09-21,2026-09-21,0,PASS
WSSEC:WS:XNYS:SF,WS:XNYS:SF,XNYS,US_SP400,2026-09-21,2026-09-21,0,PASS
WSSEC:WS:XNYS:SGI,WS:XNYS:SGI,XNYS,US_SP400,2026-09-21,2026-09-21,0,PASS
WSSEC:WS:XNYS:SHW,WS:XNYS:SHW,XNYS,US_SP500,2026-09-24,2026-09-24,0,PASS
WSSEC:WS:XNYS:SJM,WS:XNYS:SJM,XNYS,US_SP500,2026-09-24,2026-09-24,0,PASS
WSSEC:WS:XNYS:SLGN,WS:XNYS:SLGN,XNYS,US_SP400,2026-09-21,2026-09-21,0,PASS
WSSEC:WS:XNYS:SMG,WS:XNYS:SMG,XNYS,US_SP400,2026-09-21,2026-09-21,0,PASS
WSSEC:WS:XNYS:SN,WS:XNYS:SN,XNYS,US_SP400,2026-09-21,2026-09-21,0,PASS
WSSEC:WS:XNYS:SNA,WS:XNYS:SNA,XNYS,US_SP500,2026-09-24,2026-09-24,0,PASS
WSSEC:WS:XNYS:SNX,WS:XNYS:SNX,XNYS,US_SP400,2026-09-21,2026-09-21,0,PASS
WSSEC:WS:XNYS:SO,WS:XNYS:SO,XNYS,US_SP500,2026-09-24,2026-09-24,0,PASS
WSSEC:WS:XNYS:SOLV,WS:XNYS:SOLV,XNYS,US_SP500,2026-09-24,2026-09-24,0,PASS
WSSEC:WS:XNYS:SON,WS:XNYS:SON,XNYS,US_SP400,2026-09-21,2026-09-21,0,PASS
WSSEC:WS:XNYS:SPGI,WS:XNYS:SPGI,XNYS,US_SP500,2026-09-24,2026-09-24,0,PASS
WSSEC:WS:XNYS:SPXC,WS:XNYS:SPXC,XNYS,US_SP400,2026-09-21,2026-09-21,0,PASS
WSSEC:WS:XNYS:SR,WS:XNYS:SR,XNYS,US_SP400,2026-09-21,2026-09-21,0,PASS
WSSEC:WS:XNYS:SSB,WS:XNYS:SSB,XNYS,US_SP400,2026-09-21,2026-09-21,0,PASS
WSSEC:WS:XNYS:SSD,WS:XNYS:SSD,XNYS,US_SP400,2026-09-21,2026-09-21,0,PASS
WSSEC:WS:XNYS:ST,WS:XNYS:ST,XNYS,US_SP400,2026-09-21,2026-09-21,0,PASS
WSSEC:WS:XNYS:STT,WS:XNYS:STT,XNYS,US_SP500,2026-09-24,2026-09-24,0,PASS
WSSEC:WS:XNYS:STZ,WS:XNYS:STZ,XNYS,US_SP500,2026-09-24,2026-09-24,0,PASS
WSSEC:WS:XNYS:SWK,WS:XNYS:SWK,XNYS,US_SP500,2026-09-24,2026-09-24,0,PASS
WSSEC:WS:XNYS:SWX,WS:XNYS:SWX,XNYS,US_SP400,2026-09-21,2026-09-21,0,PASS
WSSEC:WS:XNYS:SYF,WS:XNYS:SYF,XNYS,US_SP500,2026-09-24,2026-09-24,0,PASS
WSSEC:WS:XNYS:SYK,WS:XNYS:SYK,XNYS,US_SP500,2026-09-24,2026-09-24,0,PASS
WSSEC:WS:XNYS:SYY,WS:XNYS:SYY,XNYS,US_SP500,2026-09-24,2026-09-24,0,PASS
WSSEC:WS:XNYS:T,WS:XNYS:T,XNYS,US_SP500,2026-09-24,2026-09-24,0,PASS
WSSEC:WS:XNYS:TAP,WS:XNYS:TAP,XNYS,US_SP500,2026-09-24,2026-09-24,0,PASS
WSSEC:WS:XNYS:TDG,WS:XNYS:TDG,XNYS,US_SP500,2026-09-24,2026-09-24,0,PASS
WSSEC:WS:XNYS:TDY,WS:XNYS:TDY,XNYS,US_SP500,2026-09-24,2026-09-24,0,PASS
WSSEC:WS:XNYS:TEX,WS:XNYS:TEX,XNYS,US_SP400,2026-09-21,2026-09-21,0,PASS
WSSEC:WS:XNYS:TFC,WS:XNYS:TFC,XNYS,US_SP500,2026-09-24,2026-09-24,0,PASS
WSSEC:WS:XNYS:TGT,WS:XNYS:TGT,XNYS,US_SP500,2026-09-24,2026-09-24,0,PASS
WSSEC:WS:XNYS:THC,WS:XNYS:THC,XNYS,US_SP400,2026-09-21,2026-09-21,0,PASS
WSSEC:WS:XNYS:THG,WS:XNYS:THG,XNYS,US_SP400,2026-09-21,2026-09-21,0,PASS
WSSEC:WS:XNYS:THO,WS:XNYS:THO,XNYS,US_SP400,2026-09-21,2026-09-21,0,PASS
WSSEC:WS:XNYS:TJX,WS:XNYS:TJX,XNYS,US_SP500,2026-09-24,2026-09-24,0,PASS
WSSEC:WS:XNYS:TKO,WS:XNYS:TKO,XNYS,US_SP500,2026-09-24,2026-09-24,0,PASS
WSSEC:WS:XNYS:TKR,WS:XNYS:TKR,XNYS,US_SP400,2026-09-21,2026-09-21,0,PASS
WSSEC:WS:XNYS:TMO,WS:XNYS:TMO,XNYS,US_SP500,2026-09-24,2026-09-24,0,PASS
WSSEC:WS:XNYS:TNL,WS:XNYS:TNL,XNYS,US_SP400,2026-09-21,2026-09-21,0,PASS
WSSEC:WS:XNYS:TOL,WS:XNYS:TOL,XNYS,US_SP400,2026-09-21,2026-09-21,0,PASS
WSSEC:WS:XNYS:TOST,WS:XNYS:TOST,XNYS,US_SP400,2026-09-21,2026-09-21,0,PASS
WSSEC:WS:XNYS:TPL,WS:XNYS:TPL,XNYS,US_SP500,2026-09-24,2026-09-24,0,PASS
WSSEC:WS:XNYS:TPR,WS:XNYS:TPR,XNYS,US_SP500,2026-09-24,2026-09-24,0,PASS
WSSEC:WS:XNYS:TREX,WS:XNYS:TREX,XNYS,US_SP400,2026-09-21,2026-09-21,0,PASS
WSSEC:WS:XNYS:TRGP,WS:XNYS:TRGP,XNYS,US_SP500,2026-09-24,2026-09-24,0,PASS
WSSEC:WS:XNYS:TRU,WS:XNYS:TRU,XNYS,US_SP400,2026-09-21,2026-09-21,0,PASS
WSSEC:WS:XNYS:TRV,WS:XNYS:TRV,XNYS,US_SP500,2026-09-24,2026-09-24,0,PASS
WSSEC:WS:XNYS:TSN,WS:XNYS:TSN,XNYS,US_SP500,2026-09-24,2026-09-24,0,PASS
WSSEC:WS:XNYS:TTC,WS:XNYS:TTC,XNYS,US_SP400,2026-09-21,2026-09-21,0,PASS
WSSEC:WS:XNYS:TWLO,WS:XNYS:TWLO,XNYS,US_SP400,2026-09-21,2026-09-21,0,PASS
WSSEC:WS:XNYS:TXNM,WS:XNYS:TXNM,XNYS,US_SP400,2026-09-21,2026-09-21,0,PASS
WSSEC:WS:XNYS:TXT,WS:XNYS:TXT,XNYS,US_SP500,2026-09-24,2026-09-24,0,PASS
WSSEC:WS:XNYS:TYL,WS:XNYS:TYL,XNYS,US_SP500,2026-09-24,2026-09-24,0,PASS
WSSEC:WS:XNYS:UBER,WS:XNYS:UBER,XNYS,US_SP500,2026-09-24,2026-09-24,0,PASS
WSSEC:WS:XNYS:UGI,WS:XNYS:UGI,XNYS,US_SP400,2026-09-21,2026-09-21,0,PASS
WSSEC:WS:XNYS:UHS,WS:XNYS:UHS,XNYS,US_SP500,2026-09-24,2026-09-24,0,PASS
WSSEC:WS:XNYS:ULS,WS:XNYS:ULS,XNYS,US_SP400,2026-09-21,2026-09-21,0,PASS
WSSEC:WS:XNYS:UNH,WS:XNYS:UNH,XNYS,US_SP500,2026-09-24,2026-09-24,0,PASS
WSSEC:WS:XNYS:UNM,WS:XNYS:UNM,XNYS,US_SP400,2026-09-21,2026-09-21,0,PASS
WSSEC:WS:XNYS:UNP,WS:XNYS:UNP,XNYS,US_SP500,2026-09-24,2026-09-24,0,PASS
WSSEC:WS:XNYS:UPS,WS:XNYS:UPS,XNYS,US_SP500,2026-09-24,2026-09-24,0,PASS
WSSEC:WS:XNYS:URI,WS:XNYS:URI,XNYS,US_SP500,2026-09-24,2026-09-24,0,PASS
WSSEC:WS:XNYS:USB,WS:XNYS:USB,XNYS,US_SP500,2026-09-24,2026-09-24,0,PASS
WSSEC:WS:XNYS:USFD,WS:XNYS:USFD,XNYS,US_SP400,2026-09-21,2026-09-21,0,PASS
WSSEC:WS:XNYS:V,WS:XNYS:V,XNYS,US_SP500,2026-09-24,2026-09-24,0,PASS
WSSEC:WS:XNYS:VAL,WS:XNYS:VAL,XNYS,US_SP400,2026-09-21,2026-09-21,0,PASS
WSSEC:WS:XNYS:VEEV,WS:XNYS:VEEV,XNYS,US_SP500,2026-09-24,2026-09-24,0,PASS
WSSEC:WS:XNYS:VFC,WS:XNYS:VFC,XNYS,US_SP400,2026-09-21,2026-09-21,0,PASS
WSSEC:WS:XNYS:VLO,WS:XNYS:VLO,XNYS,US_SP500,2026-09-24,2026-09-24,0,PASS
WSSEC:WS:XNYS:VLTO,WS:XNYS:VLTO,XNYS,US_SP500,2026-09-24,2026-09-24,0,PASS
WSSEC:WS:XNYS:VMC,WS:XNYS:VMC,XNYS,US_SP500,2026-09-24,2026-09-24,0,PASS
WSSEC:WS:XNYS:VMI,WS:XNYS:VMI,XNYS,US_SP400,2026-09-21,2026-09-21,0,PASS
WSSEC:WS:XNYS:VNT,WS:XNYS:VNT,XNYS,US_SP400,2026-09-21,2026-09-21,0,PASS
WSSEC:WS:XNYS:VOYA,WS:XNYS:VOYA,XNYS,US_SP400,2026-09-21,2026-09-21,0,PASS
WSSEC:WS:XNYS:VRT,WS:XNYS:VRT,XNYS,US_SP500,2026-09-24,2026-09-24,0,PASS
WSSEC:WS:XNYS:VST,WS:XNYS:VST,XNYS,US_SP500,2026-09-24,2026-09-24,0,PASS
WSSEC:WS:XNYS:VVV,WS:XNYS:VVV,XNYS,US_SP400,2026-09-21,2026-09-21,0,PASS
WSSEC:WS:XNYS:WAB,WS:XNYS:WAB,XNYS,US_SP500,2026-09-24,2026-09-24,0,PASS
WSSEC:WS:XNYS:WAL,WS:XNYS:WAL,XNYS,US_SP400,2026-09-21,2026-09-21,0,PASS
WSSEC:WS:XNYS:WAT,WS:XNYS:WAT,XNYS,US_SP500,2026-09-24,2026-09-24,0,PASS
WSSEC:WS:XNYS:WCC,WS:XNYS:WCC,XNYS,US_SP400,2026-09-21,2026-09-21,0,PASS
WSSEC:WS:XNYS:WEC,WS:XNYS:WEC,XNYS,US_SP500,2026-09-24,2026-09-24,0,PASS
WSSEC:WS:XNYS:WEX,WS:XNYS:WEX,XNYS,US_SP400,2026-09-21,2026-09-21,0,PASS
WSSEC:WS:XNYS:WFC,WS:XNYS:WFC,XNYS,US_SP500,2026-09-24,2026-09-24,0,PASS
WSSEC:WS:XNYS:WH,WS:XNYS:WH,XNYS,US_SP400,2026-09-21,2026-09-21,0,PASS
WSSEC:WS:XNYS:WHR,WS:XNYS:WHR,XNYS,US_SP400,2026-09-21,2026-09-21,0,PASS
WSSEC:WS:XNYS:WLK,WS:XNYS:WLK,XNYS,US_SP400,2026-09-21,2026-09-21,0,PASS
WSSEC:WS:XNYS:WM,WS:XNYS:WM,XNYS,US_SP500,2026-09-24,2026-09-24,0,PASS
WSSEC:WS:XNYS:WMB,WS:XNYS:WMB,XNYS,US_SP500,2026-09-24,2026-09-24,0,PASS
WSSEC:WS:XNYS:WMS,WS:XNYS:WMS,XNYS,US_SP400,2026-09-21,2026-09-21,0,PASS
WSSEC:WS:XNYS:WRB,WS:XNYS:WRB,XNYS,US_SP500,2026-09-24,2026-09-24,0,PASS
WSSEC:WS:XNYS:WSM,WS:XNYS:WSM,XNYS,US_SP500,2026-09-24,2026-09-24,0,PASS
WSSEC:WS:XNYS:WSO,WS:XNYS:WSO,XNYS,US_SP400,2026-09-21,2026-09-21,0,PASS
WSSEC:WS:XNYS:WST,WS:XNYS:WST,XNYS,US_SP500,2026-09-24,2026-09-24,0,PASS
WSSEC:WS:XNYS:WTRG,WS:XNYS:WTRG,XNYS,US_SP400,2026-09-21,2026-09-21,0,PASS
WSSEC:WS:XNYS:WTS,WS:XNYS:WTS,XNYS,US_SP400,2026-09-21,2026-09-21,0,PASS
WSSEC:WS:XNYS:XPO,WS:XNYS:XPO,XNYS,US_SP400,2026-09-21,2026-09-21,0,PASS
WSSEC:WS:XNYS:XYL,WS:XNYS:XYL,XNYS,US_SP500,2026-09-24,2026-09-24,0,PASS
WSSEC:WS:XNYS:XYZ,WS:XNYS:XYZ,XNYS,US_SP500,2026-09-24,2026-09-24,0,PASS
WSSEC:WS:XNYS:YETI,WS:XNYS:YETI,XNYS,US_SP400,2026-09-21,2026-09-21,0,PASS
WSSEC:WS:XNYS:YUM,WS:XNYS:YUM,XNYS,US_SP500,2026-09-24,2026-09-24,0,PASS
WSSEC:WS:XNYS:ZBH,WS:XNYS:ZBH,XNYS,US_SP500,2026-09-24,2026-09-24,0,PASS
WSSEC:WS:XNYS:ZTS,WS:XNYS:ZTS,XNYS,US_SP500,2026-09-24,2026-09-24,0,PASS
WSSEC:WS:XSHE:000001,WS:XSHE:000001,XSHE,CN_CSI300,2026-09-24,2026-09-24,0,PASS
WSSEC:WS:XSHE:000002,WS:XSHE:000002,XSHE,CN_CSI300,2026-09-24,2026-09-24,0,PASS
WSSEC:WS:XSHE:000063,WS:XSHE:000063,XSHE,CN_CSI300,2026-09-24,2026-09-24,0,PASS
WSSEC:WS:XSHE:000100,WS:XSHE:000100,XSHE,CN_CSI300,2026-09-24,2026-09-24,0,PASS
WSSEC:WS:XSHE:000157,WS:XSHE:000157,XSHE,CN_CSI300,2026-09-24,2026-09-24,0,PASS
WSSEC:WS:XSHE:000166,WS:XSHE:000166,XSHE,CN_CSI300,2026-09-24,2026-09-24,0,PASS
WSSEC:WS:XSHE:000301,WS:XSHE:000301,XSHE,CN_CSI300,2026-09-24,2026-09-24,0,PASS
WSSEC:WS:XSHE:000333,WS:XSHE:000333,XSHE,CN_CSI300,2026-09-24,2026-09-24,0,PASS
WSSEC:WS:XSHE:000338,WS:XSHE:000338,XSHE,CN_CSI300,2026-09-24,2026-09-24,0,PASS
WSSEC:WS:XSHE:000408,WS:XSHE:000408,XSHE,CN_CSI300,2026-09-24,2026-09-24,0,PASS
WSSEC:WS:XSHE:000425,WS:XSHE:000425,XSHE,CN_CSI300,2026-09-24,2026-09-24,0,PASS
WSSEC:WS:XSHE:000538,WS:XSHE:000538,XSHE,CN_CSI300,2026-09-24,2026-09-24,0,PASS
WSSEC:WS:XSHE:000568,WS:XSHE:000568,XSHE,CN_CSI300,2026-09-24,2026-09-24,0,PASS
WSSEC:WS:XSHE:000596,WS:XSHE:000596,XSHE,CN_CSI300,2026-09-24,2026-09-24,0,PASS
WSSEC:WS:XSHE:000617,WS:XSHE:000617,XSHE,CN_CSI300,2026-09-24,2026-09-24,0,PASS
WSSEC:WS:XSHE:000625,WS:XSHE:000625,XSHE,CN_CSI300,2026-09-24,2026-09-24,0,PASS
WSSEC:WS:XSHE:000630,WS:XSHE:000630,XSHE,CN_CSI300,2026-09-24,2026-09-24,0,PASS
WSSEC:WS:XSHE:000651,WS:XSHE:000651,XSHE,CN_CSI300,2026-09-24,2026-09-24,0,PASS
WSSEC:WS:XSHE:000657,WS:XSHE:000657,XSHE,CN_CSI300,2026-09-24,2026-09-24,0,PASS
WSSEC:WS:XSHE:000708,WS:XSHE:000708,XSHE,CN_CSI300,2026-09-24,2026-09-24,0,PASS
WSSEC:WS:XSHE:000725,WS:XSHE:000725,XSHE,CN_CSI300,2026-09-24,2026-09-24,0,PASS
WSSEC:WS:XSHE:000768,WS:XSHE:000768,XSHE,CN_CSI300,2026-09-24,2026-09-24,0,PASS
WSSEC:WS:XSHE:000776,WS:XSHE:000776,XSHE,CN_CSI300,2026-09-24,2026-09-24,0,PASS
WSSEC:WS:XSHE:000792,WS:XSHE:000792,XSHE,CN_CSI300,2026-09-24,2026-09-24,0,PASS
WSSEC:WS:XSHE:000807,WS:XSHE:000807,XSHE,CN_CSI300,2026-09-24,2026-09-24,0,PASS
WSSEC:WS:XSHE:000858,WS:XSHE:000858,XSHE,CN_CSI300,2026-09-24,2026-09-24,0,PASS
WSSEC:WS:XSHE:000895,WS:XSHE:000895,XSHE,CN_CSI300,2026-09-24,2026-09-24,0,PASS
WSSEC:WS:XSHE:000938,WS:XSHE:000938,XSHE,CN_CSI300,2026-09-24,2026-09-24,0,PASS
WSSEC:WS:XSHE:000963,WS:XSHE:000963,XSHE,CN_CSI300,2026-09-24,2026-09-24,0,PASS
WSSEC:WS:XSHE:000975,WS:XSHE:000975,XSHE,CN_CSI300,2026-09-24,2026-09-24,0,PASS
WSSEC:WS:XSHE:000977,WS:XSHE:000977,XSHE,CN_CSI300,2026-09-24,2026-09-24,0,PASS
WSSEC:WS:XSHE:000988,WS:XSHE:000988,XSHE,CN_CSI300,2026-09-24,2026-09-24,0,PASS
WSSEC:WS:XSHE:000999,WS:XSHE:000999,XSHE,CN_CSI300,2026-09-24,2026-09-24,0,PASS
WSSEC:WS:XSHE:001965,WS:XSHE:001965,XSHE,CN_CSI300,2026-09-24,2026-09-24,0,PASS
WSSEC:WS:XSHE:001979,WS:XSHE:001979,XSHE,CN_CSI300,2026-09-24,2026-09-24,0,PASS
WSSEC:WS:XSHE:002001,WS:XSHE:002001,XSHE,CN_CSI300,2026-09-24,2026-09-24,0,PASS
WSSEC:WS:XSHE:002027,WS:XSHE:002027,XSHE,CN_CSI300,2026-09-24,2026-09-24,0,PASS
WSSEC:WS:XSHE:002028,WS:XSHE:002028,XSHE,CN_CSI300,2026-09-24,2026-09-24,0,PASS
WSSEC:WS:XSHE:002049,WS:XSHE:002049,XSHE,CN_CSI300,2026-09-24,2026-09-24,0,PASS
WSSEC:WS:XSHE:002050,WS:XSHE:002050,XSHE,CN_CSI300,2026-09-24,2026-09-24,0,PASS
WSSEC:WS:XSHE:002074,WS:XSHE:002074,XSHE,CN_CSI300,2026-09-24,2026-09-24,0,PASS
WSSEC:WS:XSHE:002142,WS:XSHE:002142,XSHE,CN_CSI300,2026-09-24,2026-09-24,0,PASS
WSSEC:WS:XSHE:002179,WS:XSHE:002179,XSHE,CN_CSI300,2026-09-24,2026-09-24,0,PASS
WSSEC:WS:XSHE:002202,WS:XSHE:002202,XSHE,CN_CSI300,2026-09-24,2026-09-24,0,PASS
WSSEC:WS:XSHE:002230,WS:XSHE:002230,XSHE,CN_CSI300,2026-09-24,2026-09-24,0,PASS
WSSEC:WS:XSHE:002236,WS:XSHE:002236,XSHE,CN_CSI300,2026-09-24,2026-09-24,0,PASS
WSSEC:WS:XSHE:002241,WS:XSHE:002241,XSHE,CN_CSI300,2026-09-24,2026-09-24,0,PASS
WSSEC:WS:XSHE:002304,WS:XSHE:002304,XSHE,CN_CSI300,2026-09-24,2026-09-24,0,PASS
WSSEC:WS:XSHE:002311,WS:XSHE:002311,XSHE,CN_CSI300,2026-09-24,2026-09-24,0,PASS
WSSEC:WS:XSHE:002352,WS:XSHE:002352,XSHE,CN_CSI300,2026-09-24,2026-09-24,0,PASS
WSSEC:WS:XSHE:002353,WS:XSHE:002353,XSHE,CN_CSI300,2026-09-24,2026-09-24,0,PASS
WSSEC:WS:XSHE:002371,WS:XSHE:002371,XSHE,CN_CSI300,2026-09-24,2026-09-24,0,PASS
WSSEC:WS:XSHE:002384,WS:XSHE:002384,XSHE,CN_CSI300,2026-09-24,2026-09-24,0,PASS
WSSEC:WS:XSHE:002415,WS:XSHE:002415,XSHE,CN_CSI300,2026-09-24,2026-09-24,0,PASS
WSSEC:WS:XSHE:002422,WS:XSHE:002422,XSHE,CN_CSI300,2026-09-24,2026-09-24,0,PASS
WSSEC:WS:XSHE:002460,WS:XSHE:002460,XSHE,CN_CSI300,2026-09-24,2026-09-24,0,PASS
WSSEC:WS:XSHE:002463,WS:XSHE:002463,XSHE,CN_CSI300,2026-09-24,2026-09-24,0,PASS
WSSEC:WS:XSHE:002466,WS:XSHE:002466,XSHE,CN_CSI300,2026-09-24,2026-09-24,0,PASS
WSSEC:WS:XSHE:002475,WS:XSHE:002475,XSHE,CN_CSI300,2026-09-24,2026-09-24,0,PASS
WSSEC:WS:XSHE:002493,WS:XSHE:002493,XSHE,CN_CSI300,2026-09-24,2026-09-24,0,PASS
WSSEC:WS:XSHE:002532,WS:XSHE:002532,XSHE,CN_CSI300,2026-09-24,2026-09-24,0,PASS
WSSEC:WS:XSHE:002558,WS:XSHE:002558,XSHE,CN_CSI300,2026-09-24,2026-09-24,0,PASS
WSSEC:WS:XSHE:002594,WS:XSHE:002594,XSHE,CN_CSI300,2026-09-24,2026-09-24,0,PASS
WSSEC:WS:XSHE:002600,WS:XSHE:002600,XSHE,CN_CSI300,2026-09-24,2026-09-24,0,PASS
WSSEC:WS:XSHE:002602,WS:XSHE:002602,XSHE,CN_CSI300,2026-09-24,2026-09-24,0,PASS
WSSEC:WS:XSHE:002625,WS:XSHE:002625,XSHE,CN_CSI300,2026-09-24,2026-09-24,0,PASS
WSSEC:WS:XSHE:002648,WS:XSHE:002648,XSHE,CN_CSI300,2026-09-24,2026-09-24,0,PASS
WSSEC:WS:XSHE:002709,WS:XSHE:002709,XSHE,CN_CSI300,2026-09-24,2026-09-24,0,PASS
WSSEC:WS:XSHE:002714,WS:XSHE:002714,XSHE,CN_CSI300,2026-09-24,2026-09-24,0,PASS
WSSEC:WS:XSHE:002736,WS:XSHE:002736,XSHE,CN_CSI300,2026-09-24,2026-09-24,0,PASS
WSSEC:WS:XSHE:002837,WS:XSHE:002837,XSHE,CN_CSI300,2026-09-24,2026-09-24,0,PASS
WSSEC:WS:XSHE:002916,WS:XSHE:002916,XSHE,CN_CSI300,2026-09-24,2026-09-24,0,PASS
WSSEC:WS:XSHE:002920,WS:XSHE:002920,XSHE,CN_CSI300,2026-09-24,2026-09-24,0,PASS
WSSEC:WS:XSHE:002938,WS:XSHE:002938,XSHE,CN_CSI300,2026-09-24,2026-09-24,0,PASS
WSSEC:WS:XSHE:003816,WS:XSHE:003816,XSHE,CN_CSI300,2026-09-24,2026-09-24,0,PASS
WSSEC:WS:XSHE:300014,WS:XSHE:300014,XSHE,CN_CSI300,2026-09-24,2026-09-24,0,PASS
WSSEC:WS:XSHE:300015,WS:XSHE:300015,XSHE,CN_CSI300,2026-09-24,2026-09-24,0,PASS
WSSEC:WS:XSHE:300033,WS:XSHE:300033,XSHE,CN_CSI300,2026-09-24,2026-09-24,0,PASS
WSSEC:WS:XSHE:300059,WS:XSHE:300059,XSHE,CN_CSI300,2026-09-24,2026-09-24,0,PASS
WSSEC:WS:XSHE:300122,WS:XSHE:300122,XSHE,CN_CSI300,2026-09-24,2026-09-24,0,PASS
WSSEC:WS:XSHE:300124,WS:XSHE:300124,XSHE,CN_CSI300,2026-09-24,2026-09-24,0,PASS
WSSEC:WS:XSHE:300251,WS:XSHE:300251,XSHE,CN_CSI300,2026-09-24,2026-09-24,0,PASS
WSSEC:WS:XSHE:300274,WS:XSHE:300274,XSHE,CN_CSI300,2026-09-24,2026-09-24,0,PASS
WSSEC:WS:XSHE:300308,WS:XSHE:300308,XSHE,CN_CSI300,2026-09-24,2026-09-24,0,PASS
WSSEC:WS:XSHE:300316,WS:XSHE:300316,XSHE,CN_CSI300,2026-09-24,2026-09-24,0,PASS
WSSEC:WS:XSHE:300394,WS:XSHE:300394,XSHE,CN_CSI300,2026-09-24,2026-09-24,0,PASS
WSSEC:WS:XSHE:300408,WS:XSHE:300408,XSHE,CN_CSI300,2026-09-24,2026-09-24,0,PASS
WSSEC:WS:XSHE:300413,WS:XSHE:300413,XSHE,CN_CSI300,2026-09-24,2026-09-24,0,PASS
WSSEC:WS:XSHE:300418,WS:XSHE:300418,XSHE,CN_CSI300,2026-09-24,2026-09-24,0,PASS
WSSEC:WS:XSHE:300433,WS:XSHE:300433,XSHE,CN_CSI300,2026-09-24,2026-09-24,0,PASS
WSSEC:WS:XSHE:300442,WS:XSHE:300442,XSHE,CN_CSI300,2026-09-24,2026-09-24,0,PASS
WSSEC:WS:XSHE:300450,WS:XSHE:300450,XSHE,CN_CSI300,2026-09-24,2026-09-24,0,PASS
WSSEC:WS:XSHE:300476,WS:XSHE:300476,XSHE,CN_CSI300,2026-09-24,2026-09-24,0,PASS
WSSEC:WS:XSHE:300498,WS:XSHE:300498,XSHE,CN_CSI300,2026-09-24,2026-09-24,0,PASS
WSSEC:WS:XSHE:300502,WS:XSHE:300502,XSHE,CN_CSI300,2026-09-24,2026-09-24,0,PASS
WSSEC:WS:XSHE:300628,WS:XSHE:300628,XSHE,CN_CSI300,2026-09-24,2026-09-24,0,PASS
WSSEC:WS:XSHE:300661,WS:XSHE:300661,XSHE,CN_CSI300,2026-09-24,2026-09-24,0,PASS
WSSEC:WS:XSHE:300750,WS:XSHE:300750,XSHE,CN_CSI300,2026-09-24,2026-09-24,0,PASS
WSSEC:WS:XSHE:300760,WS:XSHE:300760,XSHE,CN_CSI300,2026-09-24,2026-09-24,0,PASS
WSSEC:WS:XSHE:300803,WS:XSHE:300803,XSHE,CN_CSI300,2026-09-24,2026-09-24,0,PASS
WSSEC:WS:XSHE:300832,WS:XSHE:300832,XSHE,CN_CSI300,2026-09-24,2026-09-24,0,PASS
WSSEC:WS:XSHE:300866,WS:XSHE:300866,XSHE,CN_CSI300,2026-09-24,2026-09-24,0,PASS
WSSEC:WS:XSHE:300896,WS:XSHE:300896,XSHE,CN_CSI300,2026-09-24,2026-09-24,0,PASS
WSSEC:WS:XSHE:300999,WS:XSHE:300999,XSHE,CN_CSI300,2026-09-24,2026-09-24,0,PASS
WSSEC:WS:XSHE:301165,WS:XSHE:301165,XSHE,CN_CSI300,2026-09-24,2026-09-24,0,PASS
WSSEC:WS:XSHE:301236,WS:XSHE:301236,XSHE,CN_CSI300,2026-09-24,2026-09-24,0,PASS
WSSEC:WS:XSHE:301269,WS:XSHE:301269,XSHE,CN_CSI300,2026-09-24,2026-09-24,0,PASS
WSSEC:WS:XSHE:301308,WS:XSHE:301308,XSHE,CN_CSI300,2026-09-24,2026-09-24,0,PASS
WSSEC:WS:XSHG:600000,WS:XSHG:600000,XSHG,CN_CSI300,2026-09-24,2026-09-24,0,PASS
WSSEC:WS:XSHG:600009,WS:XSHG:600009,XSHG,CN_CSI300,2026-09-24,2026-09-24,0,PASS
WSSEC:WS:XSHG:600010,WS:XSHG:600010,XSHG,CN_CSI300,2026-09-24,2026-09-24,0,PASS
WSSEC:WS:XSHG:600011,WS:XSHG:600011,XSHG,CN_CSI300,2026-09-24,2026-09-24,0,PASS
WSSEC:WS:XSHG:600015,WS:XSHG:600015,XSHG,CN_CSI300,2026-09-24,2026-09-24,0,PASS
WSSEC:WS:XSHG:600016,WS:XSHG:600016,XSHG,CN_CSI300,2026-09-24,2026-09-24,0,PASS
WSSEC:WS:XSHG:600018,WS:XSHG:600018,XSHG,CN_CSI300,2026-09-24,2026-09-24,0,PASS
WSSEC:WS:XSHG:600019,WS:XSHG:600019,XSHG,CN_CSI300,2026-09-24,2026-09-24,0,PASS
WSSEC:WS:XSHG:600023,WS:XSHG:600023,XSHG,CN_CSI300,2026-09-24,2026-09-24,0,PASS
WSSEC:WS:XSHG:600025,WS:XSHG:600025,XSHG,CN_CSI300,2026-09-24,2026-09-24,0,PASS
WSSEC:WS:XSHG:600026,WS:XSHG:600026,XSHG,CN_CSI300,2026-09-24,2026-09-24,0,PASS
WSSEC:WS:XSHG:600027,WS:XSHG:600027,XSHG,CN_CSI300,2026-09-24,2026-09-24,0,PASS
WSSEC:WS:XSHG:600028,WS:XSHG:600028,XSHG,CN_CSI300,2026-09-24,2026-09-24,0,PASS
WSSEC:WS:XSHG:600029,WS:XSHG:600029,XSHG,CN_CSI300,2026-09-24,2026-09-24,0,PASS
WSSEC:WS:XSHG:600030,WS:XSHG:600030,XSHG,CN_CSI300,2026-09-24,2026-09-24,0,PASS
WSSEC:WS:XSHG:600031,WS:XSHG:600031,XSHG,CN_CSI300,2026-09-24,2026-09-24,0,PASS
WSSEC:WS:XSHG:600036,WS:XSHG:600036,XSHG,CN_CSI300,2026-09-24,2026-09-24,0,PASS
WSSEC:WS:XSHG:600039,WS:XSHG:600039,XSHG,CN_CSI300,2026-09-24,2026-09-24,0,PASS
WSSEC:WS:XSHG:600048,WS:XSHG:600048,XSHG,CN_CSI300,2026-09-24,2026-09-24,0,PASS
WSSEC:WS:XSHG:600050,WS:XSHG:600050,XSHG,CN_CSI300,2026-09-24,2026-09-24,0,PASS
WSSEC:WS:XSHG:600061,WS:XSHG:600061,XSHG,CN_CSI300,2026-09-24,2026-09-24,0,PASS
WSSEC:WS:XSHG:600066,WS:XSHG:600066,XSHG,CN_CSI300,2026-09-24,2026-09-24,0,PASS
WSSEC:WS:XSHG:600085,WS:XSHG:600085,XSHG,CN_CSI300,2026-09-24,2026-09-24,0,PASS
WSSEC:WS:XSHG:600089,WS:XSHG:600089,XSHG,CN_CSI300,2026-09-24,2026-09-24,0,PASS
WSSEC:WS:XSHG:600104,WS:XSHG:600104,XSHG,CN_CSI300,2026-09-24,2026-09-24,0,PASS
WSSEC:WS:XSHG:600111,WS:XSHG:600111,XSHG,CN_CSI300,2026-09-24,2026-09-24,0,PASS
WSSEC:WS:XSHG:600115,WS:XSHG:600115,XSHG,CN_CSI300,2026-09-24,2026-09-24,0,PASS
WSSEC:WS:XSHG:600118,WS:XSHG:600118,XSHG,CN_CSI300,2026-09-24,2026-09-24,0,PASS
WSSEC:WS:XSHG:600150,WS:XSHG:600150,XSHG,CN_CSI300,2026-09-24,2026-09-24,0,PASS
WSSEC:WS:XSHG:600160,WS:XSHG:600160,XSHG,CN_CSI300,2026-09-24,2026-09-24,0,PASS
WSSEC:WS:XSHG:600176,WS:XSHG:600176,XSHG,CN_CSI300,2026-09-24,2026-09-24,0,PASS
WSSEC:WS:XSHG:600183,WS:XSHG:600183,XSHG,CN_CSI300,2026-09-24,2026-09-24,0,PASS
WSSEC:WS:XSHG:600188,WS:XSHG:600188,XSHG,CN_CSI300,2026-09-24,2026-09-24,0,PASS
WSSEC:WS:XSHG:600196,WS:XSHG:600196,XSHG,CN_CSI300,2026-09-24,2026-09-24,0,PASS
WSSEC:WS:XSHG:600219,WS:XSHG:600219,XSHG,CN_CSI300,2026-09-24,2026-09-24,0,PASS
WSSEC:WS:XSHG:600221,WS:XSHG:600221,XSHG,CN_CSI300,2026-09-24,2026-09-24,0,PASS
WSSEC:WS:XSHG:600233,WS:XSHG:600233,XSHG,CN_CSI300,2026-09-24,2026-09-24,0,PASS
WSSEC:WS:XSHG:600276,WS:XSHG:600276,XSHG,CN_CSI300,2026-09-24,2026-09-24,0,PASS
WSSEC:WS:XSHG:600309,WS:XSHG:600309,XSHG,CN_CSI300,2026-09-24,2026-09-24,0,PASS
WSSEC:WS:XSHG:600346,WS:XSHG:600346,XSHG,CN_CSI300,2026-09-24,2026-09-24,0,PASS
WSSEC:WS:XSHG:600362,WS:XSHG:600362,XSHG,CN_CSI300,2026-09-24,2026-09-24,0,PASS
WSSEC:WS:XSHG:600372,WS:XSHG:600372,XSHG,CN_CSI300,2026-09-24,2026-09-24,0,PASS
WSSEC:WS:XSHG:600406,WS:XSHG:600406,XSHG,CN_CSI300,2026-09-24,2026-09-24,0,PASS
WSSEC:WS:XSHG:600415,WS:XSHG:600415,XSHG,CN_CSI300,2026-09-24,2026-09-24,0,PASS
WSSEC:WS:XSHG:600426,WS:XSHG:600426,XSHG,CN_CSI300,2026-09-24,2026-09-24,0,PASS
WSSEC:WS:XSHG:600436,WS:XSHG:600436,XSHG,CN_CSI300,2026-09-24,2026-09-24,0,PASS
WSSEC:WS:XSHG:600438,WS:XSHG:600438,XSHG,CN_CSI300,2026-09-24,2026-09-24,0,PASS
WSSEC:WS:XSHG:600460,WS:XSHG:600460,XSHG,CN_CSI300,2026-09-24,2026-09-24,0,PASS
WSSEC:WS:XSHG:600482,WS:XSHG:600482,XSHG,CN_CSI300,2026-09-24,2026-09-24,0,PASS
WSSEC:WS:XSHG:600489,WS:XSHG:600489,XSHG,CN_CSI300,2026-09-24,2026-09-24,0,PASS
WSSEC:WS:XSHG:600515,WS:XSHG:600515,XSHG,CN_CSI300,2026-09-24,2026-09-24,0,PASS
WSSEC:WS:XSHG:600519,WS:XSHG:600519,XSHG,CN_CSI300,2026-09-24,2026-09-24,0,PASS
WSSEC:WS:XSHG:600522,WS:XSHG:600522,XSHG,CN_CSI300,2026-09-24,2026-09-24,0,PASS
WSSEC:WS:XSHG:600547,WS:XSHG:600547,XSHG,CN_CSI300,2026-09-24,2026-09-24,0,PASS
WSSEC:WS:XSHG:600549,WS:XSHG:600549,XSHG,CN_CSI300,2026-09-24,2026-09-24,0,PASS
WSSEC:WS:XSHG:600570,WS:XSHG:600570,XSHG,CN_CSI300,2026-09-24,2026-09-24,0,PASS
WSSEC:WS:XSHG:600584,WS:XSHG:600584,XSHG,CN_CSI300,2026-09-24,2026-09-24,0,PASS
WSSEC:WS:XSHG:600585,WS:XSHG:600585,XSHG,CN_CSI300,2026-09-24,2026-09-24,0,PASS
WSSEC:WS:XSHG:600588,WS:XSHG:600588,XSHG,CN_CSI300,2026-09-24,2026-09-24,0,PASS
WSSEC:WS:XSHG:600600,WS:XSHG:600600,XSHG,CN_CSI300,2026-09-24,2026-09-24,0,PASS
WSSEC:WS:XSHG:600660,WS:XSHG:600660,XSHG,CN_CSI300,2026-09-24,2026-09-24,0,PASS
WSSEC:WS:XSHG:600674,WS:XSHG:600674,XSHG,CN_CSI300,2026-09-24,2026-09-24,0,PASS
WSSEC:WS:XSHG:600690,WS:XSHG:600690,XSHG,CN_CSI300,2026-09-24,2026-09-24,0,PASS
WSSEC:WS:XSHG:600741,WS:XSHG:600741,XSHG,CN_CSI300,2026-09-24,2026-09-24,0,PASS
WSSEC:WS:XSHG:600760,WS:XSHG:600760,XSHG,CN_CSI300,2026-09-24,2026-09-24,0,PASS
WSSEC:WS:XSHG:600795,WS:XSHG:600795,XSHG,CN_CSI300,2026-09-24,2026-09-24,0,PASS
WSSEC:WS:XSHG:600809,WS:XSHG:600809,XSHG,CN_CSI300,2026-09-24,2026-09-24,0,PASS
WSSEC:WS:XSHG:600845,WS:XSHG:600845,XSHG,CN_CSI300,2026-09-24,2026-09-24,0,PASS
WSSEC:WS:XSHG:600875,WS:XSHG:600875,XSHG,CN_CSI300,2026-09-24,2026-09-24,0,PASS
WSSEC:WS:XSHG:600886,WS:XSHG:600886,XSHG,CN_CSI300,2026-09-24,2026-09-24,0,PASS
WSSEC:WS:XSHG:600887,WS:XSHG:600887,XSHG,CN_CSI300,2026-09-24,2026-09-24,0,PASS
WSSEC:WS:XSHG:600893,WS:XSHG:600893,XSHG,CN_CSI300,2026-09-24,2026-09-24,0,PASS
WSSEC:WS:XSHG:600900,WS:XSHG:600900,XSHG,CN_CSI300,2026-09-24,2026-09-24,0,PASS
WSSEC:WS:XSHG:600905,WS:XSHG:600905,XSHG,CN_CSI300,2026-09-24,2026-09-24,0,PASS
WSSEC:WS:XSHG:600918,WS:XSHG:600918,XSHG,CN_CSI300,2026-09-24,2026-09-24,0,PASS
WSSEC:WS:XSHG:600919,WS:XSHG:600919,XSHG,CN_CSI300,2026-09-24,2026-09-24,0,PASS
WSSEC:WS:XSHG:600926,WS:XSHG:600926,XSHG,CN_CSI300,2026-09-24,2026-09-24,0,PASS
WSSEC:WS:XSHG:600930,WS:XSHG:600930,XSHG,CN_CSI300,2026-09-24,2026-09-24,0,PASS
WSSEC:WS:XSHG:600938,WS:XSHG:600938,XSHG,CN_CSI300,2026-09-24,2026-09-24,0,PASS
WSSEC:WS:XSHG:600941,WS:XSHG:600941,XSHG,CN_CSI300,2026-09-24,2026-09-24,0,PASS
WSSEC:WS:XSHG:600958,WS:XSHG:600958,XSHG,CN_CSI300,2026-09-24,2026-09-24,0,PASS
WSSEC:WS:XSHG:600989,WS:XSHG:600989,XSHG,CN_CSI300,2026-09-24,2026-09-24,0,PASS
WSSEC:WS:XSHG:600999,WS:XSHG:600999,XSHG,CN_CSI300,2026-09-24,2026-09-24,0,PASS
WSSEC:WS:XSHG:601006,WS:XSHG:601006,XSHG,CN_CSI300,2026-09-24,2026-09-24,0,PASS
WSSEC:WS:XSHG:601009,WS:XSHG:601009,XSHG,CN_CSI300,2026-09-24,2026-09-24,0,PASS
WSSEC:WS:XSHG:601012,WS:XSHG:601012,XSHG,CN_CSI300,2026-09-24,2026-09-24,0,PASS
WSSEC:WS:XSHG:601018,WS:XSHG:601018,XSHG,CN_CSI300,2026-09-24,2026-09-24,0,PASS
WSSEC:WS:XSHG:601021,WS:XSHG:601021,XSHG,CN_CSI300,2026-09-24,2026-09-24,0,PASS
WSSEC:WS:XSHG:601058,WS:XSHG:601058,XSHG,CN_CSI300,2026-09-24,2026-09-24,0,PASS
WSSEC:WS:XSHG:601066,WS:XSHG:601066,XSHG,CN_CSI300,2026-09-24,2026-09-24,0,PASS
WSSEC:WS:XSHG:601077,WS:XSHG:601077,XSHG,CN_CSI300,2026-09-24,2026-09-24,0,PASS
WSSEC:WS:XSHG:601088,WS:XSHG:601088,XSHG,CN_CSI300,2026-09-24,2026-09-24,0,PASS
WSSEC:WS:XSHG:601100,WS:XSHG:601100,XSHG,CN_CSI300,2026-09-24,2026-09-24,0,PASS
WSSEC:WS:XSHG:601111,WS:XSHG:601111,XSHG,CN_CSI300,2026-09-24,2026-09-24,0,PASS
WSSEC:WS:XSHG:601117,WS:XSHG:601117,XSHG,CN_CSI300,2026-09-24,2026-09-24,0,PASS
WSSEC:WS:XSHG:601127,WS:XSHG:601127,XSHG,CN_CSI300,2026-09-24,2026-09-24,0,PASS
WSSEC:WS:XSHG:601136,WS:XSHG:601136,XSHG,CN_CSI300,2026-09-24,2026-09-24,0,PASS
WSSEC:WS:XSHG:601138,WS:XSHG:601138,XSHG,CN_CSI300,2026-09-24,2026-09-24,0,PASS
WSSEC:WS:XSHG:601166,WS:XSHG:601166,XSHG,CN_CSI300,2026-09-24,2026-09-24,0,PASS
WSSEC:WS:XSHG:601169,WS:XSHG:601169,XSHG,CN_CSI300,2026-09-24,2026-09-24,0,PASS
WSSEC:WS:XSHG:601186,WS:XSHG:601186,XSHG,CN_CSI300,2026-09-24,2026-09-24,0,PASS
WSSEC:WS:XSHG:601211,WS:XSHG:601211,XSHG,CN_CSI300,2026-09-24,2026-09-24,0,PASS
WSSEC:WS:XSHG:601225,WS:XSHG:601225,XSHG,CN_CSI300,2026-09-24,2026-09-24,0,PASS
WSSEC:WS:XSHG:601229,WS:XSHG:601229,XSHG,CN_CSI300,2026-09-24,2026-09-24,0,PASS
WSSEC:WS:XSHG:601238,WS:XSHG:601238,XSHG,CN_CSI300,2026-09-24,2026-09-24,0,PASS
WSSEC:WS:XSHG:601288,WS:XSHG:601288,XSHG,CN_CSI300,2026-09-24,2026-09-24,0,PASS
WSSEC:WS:XSHG:601318,WS:XSHG:601318,XSHG,CN_CSI300,2026-09-24,2026-09-24,0,PASS
WSSEC:WS:XSHG:601319,WS:XSHG:601319,XSHG,CN_CSI300,2026-09-24,2026-09-24,0,PASS
WSSEC:WS:XSHG:601328,WS:XSHG:601328,XSHG,CN_CSI300,2026-09-24,2026-09-24,0,PASS
WSSEC:WS:XSHG:601336,WS:XSHG:601336,XSHG,CN_CSI300,2026-09-24,2026-09-24,0,PASS
WSSEC:WS:XSHG:601360,WS:XSHG:601360,XSHG,CN_CSI300,2026-09-24,2026-09-24,0,PASS
WSSEC:WS:XSHG:601377,WS:XSHG:601377,XSHG,CN_CSI300,2026-09-24,2026-09-24,0,PASS
WSSEC:WS:XSHG:601390,WS:XSHG:601390,XSHG,CN_CSI300,2026-09-24,2026-09-24,0,PASS
WSSEC:WS:XSHG:601398,WS:XSHG:601398,XSHG,CN_CSI300,2026-09-24,2026-09-24,0,PASS
WSSEC:WS:XSHG:601456,WS:XSHG:601456,XSHG,CN_CSI300,2026-09-24,2026-09-24,0,PASS
WSSEC:WS:XSHG:601600,WS:XSHG:601600,XSHG,CN_CSI300,2026-09-24,2026-09-24,0,PASS
WSSEC:WS:XSHG:601601,WS:XSHG:601601,XSHG,CN_CSI300,2026-09-24,2026-09-24,0,PASS
WSSEC:WS:XSHG:601607,WS:XSHG:601607,XSHG,CN_CSI300,2026-09-24,2026-09-24,0,PASS
WSSEC:WS:XSHG:601618,WS:XSHG:601618,XSHG,CN_CSI300,2026-09-24,2026-09-24,0,PASS
WSSEC:WS:XSHG:601628,WS:XSHG:601628,XSHG,CN_CSI300,2026-09-24,2026-09-24,0,PASS
WSSEC:WS:XSHG:601633,WS:XSHG:601633,XSHG,CN_CSI300,2026-09-24,2026-09-24,0,PASS
WSSEC:WS:XSHG:601658,WS:XSHG:601658,XSHG,CN_CSI300,2026-09-24,2026-09-24,0,PASS
WSSEC:WS:XSHG:601668,WS:XSHG:601668,XSHG,CN_CSI300,2026-09-24,2026-09-24,0,PASS
WSSEC:WS:XSHG:601669,WS:XSHG:601669,XSHG,CN_CSI300,2026-09-24,2026-09-24,0,PASS
WSSEC:WS:XSHG:601688,WS:XSHG:601688,XSHG,CN_CSI300,2026-09-24,2026-09-24,0,PASS
WSSEC:WS:XSHG:601689,WS:XSHG:601689,XSHG,CN_CSI300,2026-09-24,2026-09-24,0,PASS
WSSEC:WS:XSHG:601698,WS:XSHG:601698,XSHG,CN_CSI300,2026-09-24,2026-09-24,0,PASS
WSSEC:WS:XSHG:601727,WS:XSHG:601727,XSHG,CN_CSI300,2026-09-24,2026-09-24,0,PASS
WSSEC:WS:XSHG:601728,WS:XSHG:601728,XSHG,CN_CSI300,2026-09-24,2026-09-24,0,PASS
WSSEC:WS:XSHG:601766,WS:XSHG:601766,XSHG,CN_CSI300,2026-09-24,2026-09-24,0,PASS
WSSEC:WS:XSHG:601788,WS:XSHG:601788,XSHG,CN_CSI300,2026-09-24,2026-09-24,0,PASS
WSSEC:WS:XSHG:601800,WS:XSHG:601800,XSHG,CN_CSI300,2026-09-24,2026-09-24,0,PASS
WSSEC:WS:XSHG:601816,WS:XSHG:601816,XSHG,CN_CSI300,2026-09-24,2026-09-24,0,PASS
WSSEC:WS:XSHG:601818,WS:XSHG:601818,XSHG,CN_CSI300,2026-09-24,2026-09-24,0,PASS
WSSEC:WS:XSHG:601825,WS:XSHG:601825,XSHG,CN_CSI300,2026-09-24,2026-09-24,0,PASS
WSSEC:WS:XSHG:601838,WS:XSHG:601838,XSHG,CN_CSI300,2026-09-24,2026-09-24,0,PASS
WSSEC:WS:XSHG:601857,WS:XSHG:601857,XSHG,CN_CSI300,2026-09-24,2026-09-24,0,PASS
WSSEC:WS:XSHG:601868,WS:XSHG:601868,XSHG,CN_CSI300,2026-09-24,2026-09-24,0,PASS
WSSEC:WS:XSHG:601872,WS:XSHG:601872,XSHG,CN_CSI300,2026-09-24,2026-09-24,0,PASS
WSSEC:WS:XSHG:601877,WS:XSHG:601877,XSHG,CN_CSI300,2026-09-24,2026-09-24,0,PASS
WSSEC:WS:XSHG:601878,WS:XSHG:601878,XSHG,CN_CSI300,2026-09-24,2026-09-24,0,PASS
WSSEC:WS:XSHG:601881,WS:XSHG:601881,XSHG,CN_CSI300,2026-09-24,2026-09-24,0,PASS
WSSEC:WS:XSHG:601888,WS:XSHG:601888,XSHG,CN_CSI300,2026-09-24,2026-09-24,0,PASS
WSSEC:WS:XSHG:601898,WS:XSHG:601898,XSHG,CN_CSI300,2026-09-24,2026-09-24,0,PASS
WSSEC:WS:XSHG:601899,WS:XSHG:601899,XSHG,CN_CSI300,2026-09-24,2026-09-24,0,PASS
WSSEC:WS:XSHG:601901,WS:XSHG:601901,XSHG,CN_CSI300,2026-09-24,2026-09-24,0,PASS
WSSEC:WS:XSHG:601916,WS:XSHG:601916,XSHG,CN_CSI300,2026-09-24,2026-09-24,0,PASS
WSSEC:WS:XSHG:601919,WS:XSHG:601919,XSHG,CN_CSI300,2026-09-24,2026-09-24,0,PASS
WSSEC:WS:XSHG:601939,WS:XSHG:601939,XSHG,CN_CSI300,2026-09-24,2026-09-24,0,PASS
WSSEC:WS:XSHG:601985,WS:XSHG:601985,XSHG,CN_CSI300,2026-09-24,2026-09-24,0,PASS
WSSEC:WS:XSHG:601988,WS:XSHG:601988,XSHG,CN_CSI300,2026-09-24,2026-09-24,0,PASS
WSSEC:WS:XSHG:601995,WS:XSHG:601995,XSHG,CN_CSI300,2026-09-24,2026-09-24,0,PASS
WSSEC:WS:XSHG:601998,WS:XSHG:601998,XSHG,CN_CSI300,2026-09-24,2026-09-24,0,PASS
WSSEC:WS:XSHG:603019,WS:XSHG:603019,XSHG,CN_CSI300,2026-09-24,2026-09-24,0,PASS
WSSEC:WS:XSHG:603259,WS:XSHG:603259,XSHG,CN_CSI300,2026-09-24,2026-09-24,0,PASS
WSSEC:WS:XSHG:603260,WS:XSHG:603260,XSHG,CN_CSI300,2026-09-24,2026-09-24,0,PASS
WSSEC:WS:XSHG:603288,WS:XSHG:603288,XSHG,CN_CSI300,2026-09-24,2026-09-24,0,PASS
WSSEC:WS:XSHG:603296,WS:XSHG:603296,XSHG,CN_CSI300,2026-09-24,2026-09-24,0,PASS
WSSEC:WS:XSHG:603369,WS:XSHG:603369,XSHG,CN_CSI300,2026-09-24,2026-09-24,0,PASS
WSSEC:WS:XSHG:603392,WS:XSHG:603392,XSHG,CN_CSI300,2026-09-24,2026-09-24,0,PASS
WSSEC:WS:XSHG:603501,WS:XSHG:603501,XSHG,CN_CSI300,2026-09-24,2026-09-24,0,PASS
WSSEC:WS:XSHG:603799,WS:XSHG:603799,XSHG,CN_CSI300,2026-09-24,2026-09-24,0,PASS
WSSEC:WS:XSHG:603893,WS:XSHG:603893,XSHG,CN_CSI300,2026-09-24,2026-09-24,0,PASS
WSSEC:WS:XSHG:603986,WS:XSHG:603986,XSHG,CN_CSI300,2026-09-24,2026-09-24,0,PASS
WSSEC:WS:XSHG:603993,WS:XSHG:603993,XSHG,CN_CSI300,2026-09-24,2026-09-24,0,PASS
WSSEC:WS:XSHG:605117,WS:XSHG:605117,XSHG,CN_CSI300,2026-09-24,2026-09-24,0,PASS
WSSEC:WS:XSHG:605499,WS:XSHG:605499,XSHG,CN_CSI300,2026-09-24,2026-09-24,0,PASS
WSSEC:WS:XSHG:688008,WS:XSHG:688008,XSHG,CN_CSI300,2026-09-24,2026-09-24,0,PASS
WSSEC:WS:XSHG:688012,WS:XSHG:688012,XSHG,CN_CSI300,2026-09-24,2026-09-24,0,PASS
WSSEC:WS:XSHG:688036,WS:XSHG:688036,XSHG,CN_CSI300,2026-09-24,2026-09-24,0,PASS
WSSEC:WS:XSHG:688041,WS:XSHG:688041,XSHG,CN_CSI300,2026-09-24,2026-09-24,0,PASS
WSSEC:WS:XSHG:688047,WS:XSHG:688047,XSHG,CN_CSI300,2026-09-24,2026-09-24,0,PASS
WSSEC:WS:XSHG:688072,WS:XSHG:688072,XSHG,CN_CSI300,2026-09-24,2026-09-24,0,PASS
WSSEC:WS:XSHG:688082,WS:XSHG:688082,XSHG,CN_CSI300,2026-09-24,2026-09-24,0,PASS
WSSEC:WS:XSHG:688111,WS:XSHG:688111,XSHG,CN_CSI300,2026-09-24,2026-09-24,0,PASS
WSSEC:WS:XSHG:688126,WS:XSHG:688126,XSHG,CN_CSI300,2026-09-24,2026-09-24,0,PASS
WSSEC:WS:XSHG:688183,WS:XSHG:688183,XSHG,CN_CSI300,2026-09-24,2026-09-24,0,PASS
WSSEC:WS:XSHG:688223,WS:XSHG:688223,XSHG,CN_CSI300,2026-09-24,2026-09-24,0,PASS
WSSEC:WS:XSHG:688256,WS:XSHG:688256,XSHG,CN_CSI300,2026-09-24,2026-09-24,0,PASS
WSSEC:WS:XSHG:688271,WS:XSHG:688271,XSHG,CN_CSI300,2026-09-24,2026-09-24,0,PASS
WSSEC:WS:XSHG:688303,WS:XSHG:688303,XSHG,CN_CSI300,2026-09-24,2026-09-24,0,PASS
WSSEC:WS:XSHG:688396,WS:XSHG:688396,XSHG,CN_CSI300,2026-09-24,2026-09-24,0,PASS
WSSEC:WS:XSHG:688472,WS:XSHG:688472,XSHG,CN_CSI300,2026-09-24,2026-09-24,0,PASS
WSSEC:WS:XSHG:688506,WS:XSHG:688506,XSHG,CN_CSI300,2026-09-24,2026-09-24,0,PASS
WSSEC:WS:XSHG:688521,WS:XSHG:688521,XSHG,CN_CSI300,2026-09-24,2026-09-24,0,PASS
WSSEC:WS:XSHG:688981,WS:XSHG:688981,XSHG,CN_CSI300,2026-09-24,2026-09-24,0,PASS
WSSEC:WS:XTAI:3711,WS:XTAI:3711,XTAI,TW_TW50,2026-09-24,2026-09-24,0,PASS
WSSEC:WS:XTAI:6669,WS:XTAI:6669,XTAI,TW_TW50,2026-09-24,2026-09-24,0,PASS
WSSEC:WS:XTAI:7769,WS:XTAI:7769,XTAI,TW_TW50,2026-09-24,2026-09-24,0,PASS
WSSEC:WS:XTKS:1605,WS:XTKS:1605,XTKS,JP_N225,2026-09-24,2026-09-24,0,PASS
WSSEC:WS:XTKS:1801,WS:XTKS:1801,XTKS,JP_N225,2026-09-24,2026-09-24,0,PASS
WSSEC:WS:XTKS:1802,WS:XTKS:1802,XTKS,JP_N225,2026-09-24,2026-09-24,0,PASS
WSSEC:WS:XTKS:1803,WS:XTKS:1803,XTKS,JP_N225,2026-09-24,2026-09-24,0,PASS
WSSEC:WS:XTKS:1812,WS:XTKS:1812,XTKS,JP_N225,2026-09-24,2026-09-24,0,PASS
WSSEC:WS:XTKS:1925,WS:XTKS:1925,XTKS,JP_N225,2026-09-24,2026-09-24,0,PASS
WSSEC:WS:XTKS:1928,WS:XTKS:1928,XTKS,JP_N225,2026-09-24,2026-09-24,0,PASS
WSSEC:WS:XTKS:1963,WS:XTKS:1963,XTKS,JP_N225,2026-09-24,2026-09-24,0,PASS
WSSEC:WS:XTKS:2269,WS:XTKS:2269,XTKS,JP_N225,2026-09-24,2026-09-24,0,PASS
WSSEC:WS:XTKS:2282,WS:XTKS:2282,XTKS,JP_N225,2026-09-24,2026-09-24,0,PASS
WSSEC:WS:XTKS:2413,WS:XTKS:2413,XTKS,JP_N225,2026-09-24,2026-09-24,0,PASS
WSSEC:WS:XTKS:2502,WS:XTKS:2502,XTKS,JP_N225,2026-09-24,2026-09-24,0,PASS
WSSEC:WS:XTKS:2503,WS:XTKS:2503,XTKS,JP_N225,2026-09-24,2026-09-24,0,PASS
WSSEC:WS:XTKS:2768,WS:XTKS:2768,XTKS,JP_N225,2026-09-24,2026-09-24,0,PASS
WSSEC:WS:XTKS:2801,WS:XTKS:2801,XTKS,JP_N225,2026-09-24,2026-09-24,0,PASS
WSSEC:WS:XTKS:2802,WS:XTKS:2802,XTKS,JP_N225,2026-09-24,2026-09-24,0,PASS
WSSEC:WS:XTKS:285A,WS:XTKS:285A,XTKS,JP_N225,2026-09-24,2026-09-24,0,PASS
WSSEC:WS:XTKS:2914,WS:XTKS:2914,XTKS,JP_N225,2026-09-24,2026-09-24,0,PASS
WSSEC:WS:XTKS:3086,WS:XTKS:3086,XTKS,JP_N225,2026-09-24,2026-09-24,0,PASS
WSSEC:WS:XTKS:3099,WS:XTKS:3099,XTKS,JP_N225,2026-09-24,2026-09-24,0,PASS
WSSEC:WS:XTKS:3289,WS:XTKS:3289,XTKS,JP_N225,2026-09-24,2026-09-24,0,PASS
WSSEC:WS:XTKS:3382,WS:XTKS:3382,XTKS,JP_N225,2026-09-24,2026-09-24,0,PASS
WSSEC:WS:XTKS:3402,WS:XTKS:3402,XTKS,JP_N225,2026-09-24,2026-09-24,0,PASS
WSSEC:WS:XTKS:3405,WS:XTKS:3405,XTKS,JP_N225,2026-09-24,2026-09-24,0,PASS
WSSEC:WS:XTKS:3407,WS:XTKS:3407,XTKS,JP_N225,2026-09-24,2026-09-24,0,PASS
WSSEC:WS:XTKS:3436,WS:XTKS:3436,XTKS,JP_N225,2026-09-24,2026-09-24,0,PASS
WSSEC:WS:XTKS:3659,WS:XTKS:3659,XTKS,JP_N225,2026-09-24,2026-09-24,0,PASS
WSSEC:WS:XTKS:3697,WS:XTKS:3697,XTKS,JP_N225,2026-09-24,2026-09-24,0,PASS
WSSEC:WS:XTKS:4004,WS:XTKS:4004,XTKS,JP_N225,2026-09-24,2026-09-24,0,PASS
WSSEC:WS:XTKS:4005,WS:XTKS:4005,XTKS,JP_N225,2026-09-24,2026-09-24,0,PASS
WSSEC:WS:XTKS:4021,WS:XTKS:4021,XTKS,JP_N225,2026-09-24,2026-09-24,0,PASS
WSSEC:WS:XTKS:4042,WS:XTKS:4042,XTKS,JP_N225,2026-09-24,2026-09-24,0,PASS
WSSEC:WS:XTKS:4043,WS:XTKS:4043,XTKS,JP_N225,2026-09-24,2026-09-24,0,PASS
WSSEC:WS:XTKS:4062,WS:XTKS:4062,XTKS,JP_N225,2026-09-24,2026-09-24,0,PASS
WSSEC:WS:XTKS:4063,WS:XTKS:4063,XTKS,JP_N225,2026-09-24,2026-09-24,0,PASS
WSSEC:WS:XTKS:4151,WS:XTKS:4151,XTKS,JP_N225,2026-09-24,2026-09-24,0,PASS
WSSEC:WS:XTKS:4183,WS:XTKS:4183,XTKS,JP_N225,2026-09-24,2026-09-24,0,PASS
WSSEC:WS:XTKS:4188,WS:XTKS:4188,XTKS,JP_N225,2026-09-24,2026-09-24,0,PASS
WSSEC:WS:XTKS:4208,WS:XTKS:4208,XTKS,JP_N225,2026-09-24,2026-09-24,0,PASS
WSSEC:WS:XTKS:4307,WS:XTKS:4307,XTKS,JP_N225,2026-09-24,2026-09-24,0,PASS
WSSEC:WS:XTKS:4324,WS:XTKS:4324,XTKS,JP_N225,2026-09-24,2026-09-24,0,PASS
WSSEC:WS:XTKS:4385,WS:XTKS:4385,XTKS,JP_N225,2026-09-24,2026-09-24,0,PASS
WSSEC:WS:XTKS:4452,WS:XTKS:4452,XTKS,JP_N225,2026-09-24,2026-09-24,0,PASS
WSSEC:WS:XTKS:4502,WS:XTKS:4502,XTKS,JP_N225,2026-09-24,2026-09-24,0,PASS
WSSEC:WS:XTKS:4503,WS:XTKS:4503,XTKS,JP_N225,2026-09-24,2026-09-24,0,PASS
WSSEC:WS:XTKS:4506,WS:XTKS:4506,XTKS,JP_N225,2026-09-24,2026-09-24,0,PASS
WSSEC:WS:XTKS:4507,WS:XTKS:4507,XTKS,JP_N225,2026-09-24,2026-09-24,0,PASS
WSSEC:WS:XTKS:4519,WS:XTKS:4519,XTKS,JP_N225,2026-09-24,2026-09-24,0,PASS
WSSEC:WS:XTKS:4523,WS:XTKS:4523,XTKS,JP_N225,2026-09-24,2026-09-24,0,PASS
WSSEC:WS:XTKS:4543,WS:XTKS:4543,XTKS,JP_N225,2026-09-24,2026-09-24,0,PASS
WSSEC:WS:XTKS:4568,WS:XTKS:4568,XTKS,JP_N225,2026-09-24,2026-09-24,0,PASS
WSSEC:WS:XTKS:4578,WS:XTKS:4578,XTKS,JP_N225,2026-09-24,2026-09-24,0,PASS
WSSEC:WS:XTKS:4661,WS:XTKS:4661,XTKS,JP_N225,2026-09-24,2026-09-24,0,PASS
WSSEC:WS:XTKS:4689,WS:XTKS:4689,XTKS,JP_N225,2026-09-24,2026-09-24,0,PASS
WSSEC:WS:XTKS:4704,WS:XTKS:4704,XTKS,JP_N225,2026-09-24,2026-09-24,0,PASS
WSSEC:WS:XTKS:4751,WS:XTKS:4751,XTKS,JP_N225,2026-09-24,2026-09-24,0,PASS
WSSEC:WS:XTKS:4755,WS:XTKS:4755,XTKS,JP_N225,2026-09-24,2026-09-24,0,PASS
WSSEC:WS:XTKS:4901,WS:XTKS:4901,XTKS,JP_N225,2026-09-24,2026-09-24,0,PASS
WSSEC:WS:XTKS:4911,WS:XTKS:4911,XTKS,JP_N225,2026-09-24,2026-09-24,0,PASS
WSSEC:WS:XTKS:5019,WS:XTKS:5019,XTKS,JP_N225,2026-09-24,2026-09-24,0,PASS
WSSEC:WS:XTKS:5020,WS:XTKS:5020,XTKS,JP_N225,2026-09-24,2026-09-24,0,PASS
WSSEC:WS:XTKS:5101,WS:XTKS:5101,XTKS,JP_N225,2026-09-24,2026-09-24,0,PASS
WSSEC:WS:XTKS:5108,WS:XTKS:5108,XTKS,JP_N225,2026-09-24,2026-09-24,0,PASS
WSSEC:WS:XTKS:5201,WS:XTKS:5201,XTKS,JP_N225,2026-09-24,2026-09-24,0,PASS
WSSEC:WS:XTKS:5214,WS:XTKS:5214,XTKS,JP_N225,2026-09-24,2026-09-24,0,PASS
WSSEC:WS:XTKS:5332,WS:XTKS:5332,XTKS,JP_N225,2026-09-24,2026-09-24,0,PASS
WSSEC:WS:XTKS:5333,WS:XTKS:5333,XTKS,JP_N225,2026-09-24,2026-09-24,0,PASS
WSSEC:WS:XTKS:5401,WS:XTKS:5401,XTKS,JP_N225,2026-09-24,2026-09-24,0,PASS
WSSEC:WS:XTKS:5406,WS:XTKS:5406,XTKS,JP_N225,2026-09-24,2026-09-24,0,PASS
WSSEC:WS:XTKS:5411,WS:XTKS:5411,XTKS,JP_N225,2026-09-24,2026-09-24,0,PASS
WSSEC:WS:XTKS:543A,WS:XTKS:543A,XTKS,JP_N225,2026-09-24,2026-09-24,0,PASS
WSSEC:WS:XTKS:5631,WS:XTKS:5631,XTKS,JP_N225,2026-09-24,2026-09-24,0,PASS
WSSEC:WS:XTKS:5706,WS:XTKS:5706,XTKS,JP_N225,2026-09-24,2026-09-24,0,PASS
WSSEC:WS:XTKS:5711,WS:XTKS:5711,XTKS,JP_N225,2026-09-24,2026-09-24,0,PASS
WSSEC:WS:XTKS:5713,WS:XTKS:5713,XTKS,JP_N225,2026-09-24,2026-09-24,0,PASS
WSSEC:WS:XTKS:5714,WS:XTKS:5714,XTKS,JP_N225,2026-09-24,2026-09-24,0,PASS
WSSEC:WS:XTKS:5801,WS:XTKS:5801,XTKS,JP_N225,2026-09-24,2026-09-24,0,PASS
WSSEC:WS:XTKS:5802,WS:XTKS:5802,XTKS,JP_N225,2026-09-24,2026-09-24,0,PASS
WSSEC:WS:XTKS:5803,WS:XTKS:5803,XTKS,JP_N225,2026-09-24,2026-09-24,0,PASS
WSSEC:WS:XTKS:5831,WS:XTKS:5831,XTKS,JP_N225,2026-09-24,2026-09-24,0,PASS
WSSEC:WS:XTKS:6098,WS:XTKS:6098,XTKS,JP_N225,2026-09-24,2026-09-24,0,PASS
WSSEC:WS:XTKS:6113,WS:XTKS:6113,XTKS,JP_N225,2026-09-24,2026-09-24,0,PASS
WSSEC:WS:XTKS:6146,WS:XTKS:6146,XTKS,JP_N225,2026-09-24,2026-09-24,0,PASS
WSSEC:WS:XTKS:6178,WS:XTKS:6178,XTKS,JP_N225,2026-09-24,2026-09-24,0,PASS
WSSEC:WS:XTKS:6273,WS:XTKS:6273,XTKS,JP_N225,2026-09-24,2026-09-24,0,PASS
WSSEC:WS:XTKS:6301,WS:XTKS:6301,XTKS,JP_N225,2026-09-24,2026-09-24,0,PASS
WSSEC:WS:XTKS:6302,WS:XTKS:6302,XTKS,JP_N225,2026-09-24,2026-09-24,0,PASS
WSSEC:WS:XTKS:6305,WS:XTKS:6305,XTKS,JP_N225,2026-09-24,2026-09-24,0,PASS
WSSEC:WS:XTKS:6326,WS:XTKS:6326,XTKS,JP_N225,2026-09-24,2026-09-24,0,PASS
WSSEC:WS:XTKS:6361,WS:XTKS:6361,XTKS,JP_N225,2026-09-24,2026-09-24,0,PASS
WSSEC:WS:XTKS:6367,WS:XTKS:6367,XTKS,JP_N225,2026-09-24,2026-09-24,0,PASS
WSSEC:WS:XTKS:6479,WS:XTKS:6479,XTKS,JP_N225,2026-09-24,2026-09-24,0,PASS
WSSEC:WS:XTKS:6501,WS:XTKS:6501,XTKS,JP_N225,2026-09-24,2026-09-24,0,PASS
WSSEC:WS:XTKS:6503,WS:XTKS:6503,XTKS,JP_N225,2026-09-24,2026-09-24,0,PASS
WSSEC:WS:XTKS:6504,WS:XTKS:6504,XTKS,JP_N225,2026-09-24,2026-09-24,0,PASS
WSSEC:WS:XTKS:6506,WS:XTKS:6506,XTKS,JP_N225,2026-09-24,2026-09-24,0,PASS
WSSEC:WS:XTKS:6526,WS:XTKS:6526,XTKS,JP_N225,2026-09-24,2026-09-24,0,PASS
WSSEC:WS:XTKS:6532,WS:XTKS:6532,XTKS,JP_N225,2026-09-24,2026-09-24,0,PASS
WSSEC:WS:XTKS:6645,WS:XTKS:6645,XTKS,JP_N225,2026-09-24,2026-09-24,0,PASS
WSSEC:WS:XTKS:6701,WS:XTKS:6701,XTKS,JP_N225,2026-09-24,2026-09-24,0,PASS
WSSEC:WS:XTKS:6702,WS:XTKS:6702,XTKS,JP_N225,2026-09-24,2026-09-24,0,PASS
WSSEC:WS:XTKS:6723,WS:XTKS:6723,XTKS,JP_N225,2026-09-24,2026-09-24,0,PASS
WSSEC:WS:XTKS:6724,WS:XTKS:6724,XTKS,JP_N225,2026-09-24,2026-09-24,0,PASS
WSSEC:WS:XTKS:6752,WS:XTKS:6752,XTKS,JP_N225,2026-09-24,2026-09-24,0,PASS
WSSEC:WS:XTKS:6758,WS:XTKS:6758,XTKS,JP_N225,2026-09-24,2026-09-24,0,PASS
WSSEC:WS:XTKS:6762,WS:XTKS:6762,XTKS,JP_N225,2026-09-24,2026-09-24,0,PASS
WSSEC:WS:XTKS:6770,WS:XTKS:6770,XTKS,JP_N225,2026-09-24,2026-09-24,0,PASS
WSSEC:WS:XTKS:6841,WS:XTKS:6841,XTKS,JP_N225,2026-09-24,2026-09-24,0,PASS
WSSEC:WS:XTKS:6857,WS:XTKS:6857,XTKS,JP_N225,2026-09-24,2026-09-24,0,PASS
WSSEC:WS:XTKS:6861,WS:XTKS:6861,XTKS,JP_N225,2026-09-24,2026-09-24,0,PASS
WSSEC:WS:XTKS:6902,WS:XTKS:6902,XTKS,JP_N225,2026-09-24,2026-09-24,0,PASS
WSSEC:WS:XTKS:6920,WS:XTKS:6920,XTKS,JP_N225,2026-09-24,2026-09-24,0,PASS
WSSEC:WS:XTKS:6954,WS:XTKS:6954,XTKS,JP_N225,2026-09-24,2026-09-24,0,PASS
WSSEC:WS:XTKS:6963,WS:XTKS:6963,XTKS,JP_N225,2026-09-24,2026-09-24,0,PASS
WSSEC:WS:XTKS:6971,WS:XTKS:6971,XTKS,JP_N225,2026-09-24,2026-09-24,0,PASS
WSSEC:WS:XTKS:6976,WS:XTKS:6976,XTKS,JP_N225,2026-09-24,2026-09-24,0,PASS
WSSEC:WS:XTKS:6981,WS:XTKS:6981,XTKS,JP_N225,2026-09-24,2026-09-24,0,PASS
WSSEC:WS:XTKS:6988,WS:XTKS:6988,XTKS,JP_N225,2026-09-24,2026-09-24,0,PASS
WSSEC:WS:XTKS:7011,WS:XTKS:7011,XTKS,JP_N225,2026-09-24,2026-09-24,0,PASS
WSSEC:WS:XTKS:7012,WS:XTKS:7012,XTKS,JP_N225,2026-09-24,2026-09-24,0,PASS
WSSEC:WS:XTKS:7013,WS:XTKS:7013,XTKS,JP_N225,2026-09-24,2026-09-24,0,PASS
WSSEC:WS:XTKS:7186,WS:XTKS:7186,XTKS,JP_N225,2026-09-24,2026-09-24,0,PASS
WSSEC:WS:XTKS:7201,WS:XTKS:7201,XTKS,JP_N225,2026-09-24,2026-09-24,0,PASS
WSSEC:WS:XTKS:7202,WS:XTKS:7202,XTKS,JP_N225,2026-09-24,2026-09-24,0,PASS
WSSEC:WS:XTKS:7203,WS:XTKS:7203,XTKS,JP_N225,2026-09-24,2026-09-24,0,PASS
WSSEC:WS:XTKS:7211,WS:XTKS:7211,XTKS,JP_N225,2026-09-24,2026-09-24,0,PASS
WSSEC:WS:XTKS:7261,WS:XTKS:7261,XTKS,JP_N225,2026-09-24,2026-09-24,0,PASS
WSSEC:WS:XTKS:7267,WS:XTKS:7267,XTKS,JP_N225,2026-09-24,2026-09-24,0,PASS
WSSEC:WS:XTKS:7269,WS:XTKS:7269,XTKS,JP_N225,2026-09-24,2026-09-24,0,PASS
WSSEC:WS:XTKS:7270,WS:XTKS:7270,XTKS,JP_N225,2026-09-24,2026-09-24,0,PASS
WSSEC:WS:XTKS:7272,WS:XTKS:7272,XTKS,JP_N225,2026-09-24,2026-09-24,0,PASS
WSSEC:WS:XTKS:7453,WS:XTKS:7453,XTKS,JP_N225,2026-09-24,2026-09-24,0,PASS
WSSEC:WS:XTKS:7532,WS:XTKS:7532,XTKS,JP_N225,2026-09-24,2026-09-24,0,PASS
WSSEC:WS:XTKS:7731,WS:XTKS:7731,XTKS,JP_N225,2026-09-24,2026-09-24,0,PASS
WSSEC:WS:XTKS:7733,WS:XTKS:7733,XTKS,JP_N225,2026-09-24,2026-09-24,0,PASS
WSSEC:WS:XTKS:7735,WS:XTKS:7735,XTKS,JP_N225,2026-09-24,2026-09-24,0,PASS
WSSEC:WS:XTKS:7741,WS:XTKS:7741,XTKS,JP_N225,2026-09-24,2026-09-24,0,PASS
WSSEC:WS:XTKS:7751,WS:XTKS:7751,XTKS,JP_N225,2026-09-24,2026-09-24,0,PASS
WSSEC:WS:XTKS:7752,WS:XTKS:7752,XTKS,JP_N225,2026-09-24,2026-09-24,0,PASS
WSSEC:WS:XTKS:7832,WS:XTKS:7832,XTKS,JP_N225,2026-09-24,2026-09-24,0,PASS
WSSEC:WS:XTKS:7911,WS:XTKS:7911,XTKS,JP_N225,2026-09-24,2026-09-24,0,PASS
WSSEC:WS:XTKS:7912,WS:XTKS:7912,XTKS,JP_N225,2026-09-24,2026-09-24,0,PASS
WSSEC:WS:XTKS:7951,WS:XTKS:7951,XTKS,JP_N225,2026-09-24,2026-09-24,0,PASS
WSSEC:WS:XTKS:7974,WS:XTKS:7974,XTKS,JP_N225,2026-09-24,2026-09-24,0,PASS
WSSEC:WS:XTKS:8001,WS:XTKS:8001,XTKS,JP_N225,2026-09-24,2026-09-24,0,PASS
WSSEC:WS:XTKS:8002,WS:XTKS:8002,XTKS,JP_N225,2026-09-24,2026-09-24,0,PASS
WSSEC:WS:XTKS:8015,WS:XTKS:8015,XTKS,JP_N225,2026-09-24,2026-09-24,0,PASS
WSSEC:WS:XTKS:8031,WS:XTKS:8031,XTKS,JP_N225,2026-09-24,2026-09-24,0,PASS
WSSEC:WS:XTKS:8035,WS:XTKS:8035,XTKS,JP_N225,2026-09-24,2026-09-24,0,PASS
WSSEC:WS:XTKS:8053,WS:XTKS:8053,XTKS,JP_N225,2026-09-24,2026-09-24,0,PASS
WSSEC:WS:XTKS:8058,WS:XTKS:8058,XTKS,JP_N225,2026-09-24,2026-09-24,0,PASS
WSSEC:WS:XTKS:8233,WS:XTKS:8233,XTKS,JP_N225,2026-09-24,2026-09-24,0,PASS
WSSEC:WS:XTKS:8267,WS:XTKS:8267,XTKS,JP_N225,2026-09-24,2026-09-24,0,PASS
WSSEC:WS:XTKS:8304,WS:XTKS:8304,XTKS,JP_N225,2026-09-24,2026-09-24,0,PASS
WSSEC:WS:XTKS:8306,WS:XTKS:8306,XTKS,JP_N225,2026-09-24,2026-09-24,0,PASS
WSSEC:WS:XTKS:8308,WS:XTKS:8308,XTKS,JP_N225,2026-09-24,2026-09-24,0,PASS
WSSEC:WS:XTKS:8309,WS:XTKS:8309,XTKS,JP_N225,2026-09-24,2026-09-24,0,PASS
WSSEC:WS:XTKS:8316,WS:XTKS:8316,XTKS,JP_N225,2026-09-24,2026-09-24,0,PASS
WSSEC:WS:XTKS:8331,WS:XTKS:8331,XTKS,JP_N225,2026-09-24,2026-09-24,0,PASS
WSSEC:WS:XTKS:8354,WS:XTKS:8354,XTKS,JP_N225,2026-09-24,2026-09-24,0,PASS
WSSEC:WS:XTKS:8411,WS:XTKS:8411,XTKS,JP_N225,2026-09-24,2026-09-24,0,PASS
WSSEC:WS:XTKS:8591,WS:XTKS:8591,XTKS,JP_N225,2026-09-24,2026-09-24,0,PASS
WSSEC:WS:XTKS:8601,WS:XTKS:8601,XTKS,JP_N225,2026-09-24,2026-09-24,0,PASS
WSSEC:WS:XTKS:8604,WS:XTKS:8604,XTKS,JP_N225,2026-09-24,2026-09-24,0,PASS
WSSEC:WS:XTKS:8630,WS:XTKS:8630,XTKS,JP_N225,2026-09-24,2026-09-24,0,PASS
WSSEC:WS:XTKS:8697,WS:XTKS:8697,XTKS,JP_N225,2026-09-24,2026-09-24,0,PASS
WSSEC:WS:XTKS:8725,WS:XTKS:8725,XTKS,JP_N225,2026-09-24,2026-09-24,0,PASS
WSSEC:WS:XTKS:8750,WS:XTKS:8750,XTKS,JP_N225,2026-09-24,2026-09-24,0,PASS
WSSEC:WS:XTKS:8766,WS:XTKS:8766,XTKS,JP_N225,2026-09-24,2026-09-24,0,PASS
WSSEC:WS:XTKS:8795,WS:XTKS:8795,XTKS,JP_N225,2026-09-24,2026-09-24,0,PASS
WSSEC:WS:XTKS:8801,WS:XTKS:8801,XTKS,JP_N225,2026-09-24,2026-09-24,0,PASS
WSSEC:WS:XTKS:8802,WS:XTKS:8802,XTKS,JP_N225,2026-09-24,2026-09-24,0,PASS
WSSEC:WS:XTKS:8830,WS:XTKS:8830,XTKS,JP_N225,2026-09-24,2026-09-24,0,PASS
WSSEC:WS:XTKS:9005,WS:XTKS:9005,XTKS,JP_N225,2026-09-24,2026-09-24,0,PASS
WSSEC:WS:XTKS:9020,WS:XTKS:9020,XTKS,JP_N225,2026-09-24,2026-09-24,0,PASS
WSSEC:WS:XTKS:9021,WS:XTKS:9021,XTKS,JP_N225,2026-09-24,2026-09-24,0,PASS
WSSEC:WS:XTKS:9022,WS:XTKS:9022,XTKS,JP_N225,2026-09-24,2026-09-24,0,PASS
WSSEC:WS:XTKS:9101,WS:XTKS:9101,XTKS,JP_N225,2026-09-24,2026-09-24,0,PASS
WSSEC:WS:XTKS:9104,WS:XTKS:9104,XTKS,JP_N225,2026-09-24,2026-09-24,0,PASS
WSSEC:WS:XTKS:9107,WS:XTKS:9107,XTKS,JP_N225,2026-09-24,2026-09-24,0,PASS
WSSEC:WS:XTKS:9147,WS:XTKS:9147,XTKS,JP_N225,2026-09-24,2026-09-24,0,PASS
WSSEC:WS:XTKS:9201,WS:XTKS:9201,XTKS,JP_N225,2026-09-24,2026-09-24,0,PASS
WSSEC:WS:XTKS:9202,WS:XTKS:9202,XTKS,JP_N225,2026-09-24,2026-09-24,0,PASS
WSSEC:WS:XTKS:9432,WS:XTKS:9432,XTKS,JP_N225,2026-09-24,2026-09-24,0,PASS
WSSEC:WS:XTKS:9433,WS:XTKS:9433,XTKS,JP_N225,2026-09-24,2026-09-24,0,PASS
WSSEC:WS:XTKS:9434,WS:XTKS:9434,XTKS,JP_N225,2026-09-24,2026-09-24,0,PASS
WSSEC:WS:XTKS:9501,WS:XTKS:9501,XTKS,JP_N225,2026-09-24,2026-09-24,0,PASS
WSSEC:WS:XTKS:9502,WS:XTKS:9502,XTKS,JP_N225,2026-09-24,2026-09-24,0,PASS
WSSEC:WS:XTKS:9503,WS:XTKS:9503,XTKS,JP_N225,2026-09-24,2026-09-24,0,PASS
WSSEC:WS:XTKS:9531,WS:XTKS:9531,XTKS,JP_N225,2026-09-24,2026-09-24,0,PASS
WSSEC:WS:XTKS:9532,WS:XTKS:9532,XTKS,JP_N225,2026-09-24,2026-09-24,0,PASS
WSSEC:WS:XTKS:9602,WS:XTKS:9602,XTKS,JP_N225,2026-09-24,2026-09-24,0,PASS
WSSEC:WS:XTKS:9735,WS:XTKS:9735,XTKS,JP_N225,2026-09-24,2026-09-24,0,PASS
WSSEC:WS:XTKS:9766,WS:XTKS:9766,XTKS,JP_N225,2026-09-24,2026-09-24,0,PASS
WSSEC:WS:XTKS:9843,WS:XTKS:9843,XTKS,JP_N225,2026-09-24,2026-09-24,0,PASS
WSSEC:WS:XTKS:9983,WS:XTKS:9983,XTKS,JP_N225,2026-09-24,2026-09-24,0,PASS
WSSEC:WS:XTKS:9984,WS:XTKS:9984,XTKS,JP_N225,2026-09-24,2026-09-24,0,PASS
